Symbol,Price~,"Exp Date",DTE,Type,Strike,Moneyness,Bid,Ask,Volume,"Imp Vol",IV,Vega,Delta,Time
HYG,79.61,2026-12-18,123,Call,80.00,-0.49%,0.16,0.48,22006,4.01%,1.41%,0.180099,0.56884,2026-08-17
HYG,79.61,2026-10-16,60,Call,80.00,-0.49%,0.08,0.17,22515,4.01%,1.52%,0.121727,0.371234,2026-08-17
MUB,105.56,2026-09-18,32,Call,106.00,-0.42%,0.1,0.35,5003,3.12%,2.49%,0.121053,0.405002,2026-08-17
HYG,79.61,2026-08-21,4,Call,79.50,+0.14%,0.09,0.27,3697,4.01%,3.20%,0.029784,0.68013,2026-08-17
LQD,105.7,2026-12-18,123,Call,106.00,-0.28%,0.96,1.45,4683,6.91%,3.71%,0.235788,0.59776,2026-08-17
IEF,92.84,2026-10-16,60,Call,93.00,-0.17%,0.77,0.8,10100,5.59%,4.49%,0.148459,0.553202,2026-08-17
LQD,105.7,2026-08-21,4,Put,106.00,+0.28%,0.21,0.53,2128,6.91%,4.51%,0.037045,-0.719054,2026-08-17
LQD,105.7,2026-12-18,123,Call,109.00,-3.12%,0.2,0.41,5000,6.91%,4.55%,0.170584,0.198327,2026-08-17
IEF,92.84,2026-09-04,18,Call,93.50,-0.71%,0.17,0.19,1570,5.59%,4.80%,0.070687,0.291234,2026-08-17
IEF,92.84,2026-09-18,32,Call,93.00,-0.17%,0.54,0.56,4191,5.59%,4.84%,0.109464,0.514399,2026-08-17
IEF,92.84,2026-08-21,4,Call,93.00,-0.17%,0.13,0.14,823,5.59%,5.04%,0.037333,0.391803,2026-08-17
IEF,92.84,2026-10-16,60,Call,95.00,-2.33%,0.17,0.2,758,5.59%,5.07%,0.09881,0.180336,2026-08-17
IEF,92.84,2026-08-28,11,Call,93.50,-0.71%,0.11,0.12,1132,5.59%,5.12%,0.049884,0.238163,2026-08-17
HYG,79.61,2026-09-18,32,Put,79.00,-0.77%,0.1,0.31,46264,4.01%,5.14%,0.078462,-0.275405,2026-08-17
LQD,105.7,2026-10-16,60,Put,105.00,-0.66%,0,1,2504,6.91%,5.45%,0.153876,-0.330278,2026-08-17
MUB,105.56,2026-09-18,32,Put,105.00,-0.53%,0.35,0.45,5001,3.12%,5.81%,0.113272,-0.336314,2026-08-17
HYG,79.61,2026-08-28,11,Call,79.50,+0.14%,0.3,0.52,2008,4.01%,5.99%,0.05415,0.573617,2026-08-17
TLT,81.35,2028-01-21,522,Call,80.00,+1.66%,4.85,5,1254,11.58%,6.24%,0.286792,0.756597,2026-08-17
HYG,79.61,2026-10-16,60,Put,79.00,-0.77%,0.26,0.71,43042,4.01%,6.46%,0.118519,-0.347192,2026-08-17
LQD,105.7,2026-08-21,4,Call,106.00,-0.28%,0.01,0.33,1167,6.91%,6.49%,0.041078,0.352344,2026-08-17
HYG,79.61,2026-09-18,32,Put,80.00,+0.49%,0.45,1.14,20555,4.01%,6.79%,0.091637,-0.574489,2026-08-17
IEF,92.84,2026-10-02,46,Put,93.00,+0.17%,0.84,0.87,720,5.59%,6.79%,0.129983,-0.491452,2026-08-17
LQD,105.7,2026-09-18,32,Call,106.00,-0.28%,0.2,1.42,9700,6.91%,6.85%,0.12463,0.486705,2026-08-17
LQD,105.7,2026-09-18,32,Put,106.00,+0.28%,0.61,1.25,9725,6.91%,6.92%,0.123464,-0.527224,2026-08-17
HYG,79.61,2026-10-16,60,Put,78.00,-2.02%,0.19,0.33,548,4.01%,6.97%,0.091326,-0.204488,2026-08-17
IEF,92.84,2026-10-02,46,Put,93.50,+0.71%,1.14,1.18,975,5.59%,7.03%,0.126245,-0.584112,2026-08-17
SPY,772.67,2026-08-19,2,Put,780.00,+0.95%,6.96,7.67,5543,12.78%,7.03%,0.027308,-0.97862,2026-08-17
HYG,79.61,2026-09-18,32,Put,78.00,-2.02%,0.08,0.18,20734,4.01%,7.14%,0.054562,-0.148598,2026-08-17
HYG,79.61,2026-11-20,95,Put,80.00,+0.49%,1.02,1.37,20032,4.01%,7.15%,0.158979,-0.514977,2026-08-17
HYG,79.61,2026-09-04,18,Put,79.00,-0.77%,0.14,0.36,862,4.01%,7.36%,0.061486,-0.301043,2026-08-17
IEF,92.84,2026-10-02,46,Put,94.00,+1.25%,1.49,1.55,720,5.59%,7.39%,0.116371,-0.667433,2026-08-17
HYG,79.61,2026-11-20,95,Put,77.00,-3.28%,0.06,0.44,20001,4.01%,7.46%,0.097018,-0.156517,2026-08-17
UUP,28.1,2026-12-18,123,Put,28.00,-0.36%,0.15,0.5,852,5.66%,7.63%,0.060522,-0.392004,2026-08-17
HYG,79.61,2026-11-20,95,Put,78.00,-2.02%,0.36,0.61,20001,4.01%,7.63%,0.130512,-0.257869,2026-08-17
SPY,772.67,2026-08-24,7,Call,785.00,-1.60%,0.27,0.28,1930,12.78%,7.66%,0.151747,0.07518,2026-08-17
TLT,81.35,2028-01-21,522,Call,84.00,-3.26%,2.96,3.2,927,11.58%,7.67%,0.378128,0.525435,2026-08-17
SPY,772.67,2026-08-24,7,Call,786.00,-1.73%,0.21,0.22,858,12.78%,7.70%,0.128593,0.060677,2026-08-17
SPY,772.67,2026-08-24,7,Call,784.00,-1.47%,0.36,0.37,599,12.78%,7.70%,0.180767,0.094939,2026-08-17
SPY,772.67,2026-08-24,7,Call,787.00,-1.85%,0.16,0.17,920,12.78%,7.73%,0.107164,0.048192,2026-08-17
SPY,772.67,2026-08-24,7,Call,788.00,-1.98%,0.12,0.13,1202,12.78%,7.75%,0.088049,0.037792,2026-08-17
SPY,772.67,2026-08-24,7,Call,783.00,-1.34%,0.47,0.49,708,12.78%,7.75%,0.212058,0.118427,2026-08-17
SPY,772.67,2026-08-24,7,Call,789.00,-2.11%,0.09,0.1,981,12.78%,7.78%,0.072016,0.029604,2026-08-17
SPY,772.67,2026-08-24,7,Call,782.00,-1.21%,0.61,0.63,926,12.78%,7.80%,0.244073,0.145178,2026-08-17
SPY,772.67,2026-08-24,7,Call,781.00,-1.08%,0.79,0.8,860,12.78%,7.87%,0.276777,0.175971,2026-08-17
SPY,772.67,2026-08-25,8,Call,790.00,-2.24%,0.11,0.12,581,12.78%,7.88%,0.083484,0.03265,2026-08-17
SPY,772.67,2026-08-18,1,Put,778.00,+0.69%,5.28,5.45,2855,12.78%,7.93%,0.036133,-0.956878,2026-08-17
SPY,772.67,2026-08-24,7,Call,780.00,-0.95%,1,1.01,2367,12.78%,7.94%,0.30845,0.210108,2026-08-17
TLT,81.35,2028-01-21,522,Call,86.00,-5.72%,2.29,2.39,2493,11.58%,7.96%,0.375257,0.429208,2026-08-17
SPY,772.67,2026-08-24,7,Call,779.00,-0.82%,1.25,1.27,764,12.78%,8.03%,0.338418,0.247827,2026-08-17
SPY,772.67,2026-08-24,7,Call,778.00,-0.69%,1.55,1.57,838,12.78%,8.13%,0.365174,0.288225,2026-08-17
SPY,772.67,2026-08-24,7,Put,777.00,+0.56%,5.74,5.95,540,12.78%,8.13%,0.380433,-0.680483,2026-08-17
SPY,772.67,2026-08-25,8,Call,780.00,-0.95%,1.28,1.3,1888,12.78%,8.22%,0.351953,0.235566,2026-08-17
SPY,772.67,2026-08-24,7,Call,777.00,-0.56%,1.9,1.91,2999,12.78%,8.24%,0.387694,0.33051,2026-08-17
SPY,772.67,2026-08-18,1,Call,775.00,-0.30%,0.49,0.5,77021,12.78%,8.26%,0.128285,0.249177,2026-08-17
SPY,772.67,2026-08-19,2,Put,778.00,+0.69%,5.44,5.7,13743,12.78%,8.26%,0.119483,-0.870901,2026-08-17
SPY,772.67,2026-08-24,7,Put,776.00,+0.43%,5.13,5.35,1996,12.78%,8.28%,0.400834,-0.634542,2026-08-17
SPY,772.67,2026-08-19,2,Put,779.00,+0.82%,6.21,6.72,6880,12.78%,8.28%,0.088615,-0.913645,2026-08-17
TLT,81.35,2028-01-21,522,Call,87.00,-6.95%,2.1,2.11,3623,11.58%,8.29%,0.367047,0.388533,2026-08-17
SPY,772.67,2026-08-18,1,Call,776.00,-0.43%,0.29,0.3,105910,12.78%,8.30%,0.100718,0.165845,2026-08-17
LQD,105.7,2026-09-18,32,Put,105.00,-0.66%,0.56,0.75,1000,6.91%,8.34%,0.117291,-0.364963,2026-08-17
SPY,772.67,2026-08-24,7,Call,776.00,-0.43%,2.29,2.31,1945,12.78%,8.36%,0.405402,0.374175,2026-08-17
SPY,772.67,2026-08-21,4,Put,785.00,+1.60%,11.25,12.73,2202,12.78%,8.36%,0.027009,-0.985086,2026-08-17
SPY,772.67,2026-08-19,2,Put,777.00,+0.56%,4.63,4.85,11614,12.78%,8.37%,0.152159,-0.814744,2026-08-17
SPY,772.67,2026-08-26,9,Call,790.00,-2.24%,0.21,0.23,1188,12.78%,8.38%,0.128581,0.051733,2026-08-17
TLT,81.35,2028-12-15,851,Call,85.00,-4.49%,4.6,4.9,813,11.58%,8.39%,0.467721,0.563447,2026-08-17
SPY,772.67,2026-08-19,2,Call,779.00,-0.82%,0.22,0.23,5569,12.78%,8.40%,0.099872,0.099315,2026-08-17
SPY,772.67,2026-08-24,7,Put,775.00,+0.30%,4.59,4.76,2136,12.78%,8.40%,0.41517,-0.588704,2026-08-17
SPY,772.67,2026-08-20,3,Call,783.00,-1.34%,0.1,0.11,971,12.78%,8.41%,0.064834,0.043687,2026-08-17
SPY,772.67,2026-08-18,1,Put,775.00,+0.30%,2.76,2.83,105878,12.78%,8.41%,0.128386,-0.749823,2026-08-17
SPY,772.67,2026-08-19,2,Call,780.00,-0.95%,0.14,0.15,10787,12.78%,8.42%,0.075492,0.068463,2026-08-17
SPY,772.67,2026-08-19,2,Call,778.00,-0.69%,0.34,0.36,6761,12.78%,8.45%,0.128506,0.141962,2026-08-17
SPY,772.67,2026-08-18,1,Call,777.00,-0.56%,0.17,0.18,71295,12.78%,8.46%,0.074453,0.106821,2026-08-17
SPY,772.67,2026-08-26,9,Call,792.00,-2.50%,0.14,0.15,701,12.78%,8.46%,0.095354,0.035727,2026-08-17
SPY,772.67,2026-08-18,1,Call,774.00,-0.17%,0.82,0.83,76369,12.78%,8.47%,0.150728,0.35614,2026-08-17
SPY,772.67,2026-08-26,9,Call,793.00,-2.63%,0.11,0.12,602,12.78%,8.48%,0.080523,0.029109,2026-08-17
SPY,772.67,2026-08-24,7,Call,775.00,-0.30%,2.74,2.76,3236,12.78%,8.50%,0.417868,0.418511,2026-08-17
SPY,772.67,2026-08-20,3,Call,782.00,-1.21%,0.16,0.17,1911,12.78%,8.51%,0.087545,0.063802,2026-08-17
SPY,772.67,2026-08-18,1,Put,776.00,+0.43%,3.56,3.64,32780,12.78%,8.51%,0.101215,-0.832107,2026-08-17
SPY,772.67,2026-08-21,4,Put,779.00,+0.82%,6.78,6.95,816,12.78%,8.51%,0.210652,-0.819694,2026-08-17
SPY,772.67,2026-08-19,2,Call,777.00,-0.56%,0.52,0.53,12068,12.78%,8.52%,0.157684,0.194997,2026-08-17
SPY,772.67,2026-08-20,3,Call,780.00,-0.95%,0.34,0.35,3505,12.78%,8.55%,0.138389,0.1179,2026-08-17
SPY,772.67,2026-08-19,2,Put,782.00,+1.21%,8.25,9.66,7318,12.78%,8.55%,0.023297,-0.982325,2026-08-17
SPY,772.67,2026-08-20,3,Call,781.00,-1.08%,0.24,0.25,2851,12.78%,8.56%,0.112483,0.088651,2026-08-17
SPY,772.67,2026-08-24,7,Put,774.00,+0.17%,4.16,4.18,1893,12.78%,8.56%,0.423397,-0.543414,2026-08-17
LQD,105.7,2026-11-20,95,Put,105.00,-0.66%,1,1.54,2041,6.91%,8.56%,0.204833,-0.39113,2026-08-17
LQD,105.7,2026-11-20,95,Put,104.00,-1.61%,0.74,1.08,826,6.91%,8.57%,0.187927,-0.306739,2026-08-17
SPY,772.67,2026-08-19,2,Call,776.00,-0.43%,0.75,0.77,13358,12.78%,8.58%,0.184681,0.257758,2026-08-17
SPY,772.67,2026-08-20,3,Call,779.00,-0.82%,0.48,0.49,1695,12.78%,8.59%,0.166876,0.154947,2026-08-17
SPY,772.67,2026-08-19,2,Put,775.00,+0.30%,3.25,3.32,14008,12.78%,8.62%,0.205446,-0.67548,2026-08-17
SPY,772.67,2026-08-18,1,Put,774.00,+0.17%,2.1,2.15,75909,12.78%,8.62%,0.150655,-0.64363,2026-08-17
SPY,772.67,2026-08-19,2,Put,776.00,+0.43%,3.92,4.08,7524,12.78%,8.63%,0.182972,-0.745584,2026-08-17
SPY,772.67,2026-08-21,4,Put,780.00,+0.95%,7.59,7.87,3273,12.78%,8.64%,0.185053,-0.852284,2026-08-17
SPY,772.67,2026-08-24,7,Call,774.00,-0.17%,3.24,3.26,2695,12.78%,8.65%,0.424909,0.46252,2026-08-17
SPY,772.67,2026-08-20,3,Call,778.00,-0.69%,0.67,0.68,2909,12.78%,8.67%,0.196011,0.199845,2026-08-17
SPY,772.67,2026-08-25,8,Call,776.00,-0.43%,2.67,2.73,501,12.78%,8.68%,0.438509,0.389053,2026-08-17
SPY,772.67,2026-08-18,1,Put,777.00,+0.56%,4.39,4.57,8062,12.78%,8.68%,0.074355,-0.892301,2026-08-17
SPY,772.67,2026-08-25,8,Put,775.00,+0.30%,4.94,5.09,529,12.78%,8.68%,0.446312,-0.578314,2026-08-17
TLT,81.35,2027-02-19,186,Call,80.00,+1.66%,3.3,3.4,517,11.58%,8.68%,0.202437,0.687618,2026-08-17
LQD,105.7,2026-10-16,60,Put,104.00,-1.61%,0.44,0.9,2500,6.91%,8.69%,0.14525,-0.286068,2026-08-17
SPY,772.67,2026-08-18,1,Call,778.00,-0.69%,0.1,0.11,46676,12.78%,8.70%,0.053066,0.067948,2026-08-17
SPY,772.67,2026-08-19,2,Call,775.00,-0.30%,1.07,1.08,14505,12.78%,8.71%,0.207026,0.329637,2026-08-17
SPY,772.67,2026-08-24,7,Put,773.00,+0.04%,3.7,3.72,2718,12.78%,8.71%,0.426228,-0.498964,2026-08-17
SPY,772.67,2026-08-18,1,Call,773.00,-0.04%,1.27,1.28,50168,12.78%,8.72%,0.160882,0.470136,2026-08-17
SPY,772.67,2026-08-20,3,Call,777.00,-0.56%,0.91,0.92,4827,12.78%,8.75%,0.222962,0.250796,2026-08-17
SPY,772.67,2026-08-20,3,Put,776.00,+0.43%,4.3,4.45,2476,12.78%,8.78%,0.243291,-0.699241,2026-08-17
SPY,772.67,2026-08-24,7,Call,773.00,-0.04%,3.78,3.8,2002,12.78%,8.79%,0.426744,0.505507,2026-08-17
SPY,772.67,2026-08-20,3,Put,777.00,+0.56%,4.99,5.23,826,12.78%,8.80%,0.219968,-0.75385,2026-08-17
VOO,710.27,2026-08-21,4,Call,720.00,-1.37%,0.15,0.3,928,12.83%,8.81%,0.107019,0.076653,2026-08-17
SPY,772.67,2026-08-20,3,Call,776.00,-0.43%,1.21,1.23,4366,12.78%,8.88%,0.246285,0.307636,2026-08-17
SPY,772.67,2026-08-24,7,Put,772.00,-0.09%,3.29,3.31,2406,12.78%,8.88%,0.423853,-0.456371,2026-08-17
SPY,772.67,2026-08-19,2,Put,774.00,+0.17%,2.66,2.75,11828,12.78%,8.89%,0.221358,-0.595792,2026-08-17
SPY,772.67,2026-08-19,2,Call,774.00,-0.17%,1.47,1.49,20709,12.78%,8.89%,0.221921,0.406931,2026-08-17
SPY,772.67,2026-08-21,4,Put,778.00,+0.69%,6.01,6.31,977,12.78%,8.90%,0.247138,-0.765505,2026-08-17
SPY,772.67,2026-08-21,4,Call,783.00,-1.34%,0.27,0.28,3561,12.78%,8.94%,0.124178,0.083483,2026-08-17
SPY,772.67,2026-08-21,4,Put,777.00,+0.56%,5.31,5.54,3356,12.78%,8.94%,0.272004,-0.718589,2026-08-17
SPY,772.67,2026-08-18,1,Put,773.00,+0.04%,1.58,1.6,103985,12.78%,8.96%,0.160824,-0.530458,2026-08-17
TLT,81.35,2027-01-15,151,Call,80.00,+1.66%,3.05,3.1,3915,11.58%,8.96%,0.184251,0.682502,2026-08-17
SPY,772.67,2026-08-21,4,Call,784.00,-1.47%,0.2,0.21,5554,12.78%,8.97%,0.102512,0.064959,2026-08-17
TLT,81.35,2027-03-19,214,Call,82.00,-0.80%,2.46,2.49,1454,11.58%,8.97%,0.24423,0.546638,2026-08-17
SPY,772.67,2026-08-24,7,Call,772.00,+0.09%,4.31,4.48,2417,12.78%,8.99%,0.423826,0.546863,2026-08-17
SPY,772.67,2026-08-21,4,Call,782.00,-1.21%,0.37,0.38,3377,12.78%,8.99%,0.149769,0.107668,2026-08-17
SPY,772.67,2026-08-21,4,Call,781.00,-1.08%,0.49,0.5,5385,12.78%,9.00%,0.175744,0.135144,2026-08-17
SPY,772.67,2026-08-20,3,Call,775.00,-0.30%,1.59,1.6,16140,12.78%,9.03%,0.264075,0.368349,2026-08-17
SPY,772.67,2026-08-25,8,Put,773.00,+0.04%,4.05,4.12,551,12.78%,9.03%,0.455334,-0.497196,2026-08-17
SPY,772.67,2026-08-21,4,Call,785.00,-1.60%,0.15,0.16,22457,12.78%,9.04%,0.084461,0.050779,2026-08-17
SPY,772.67,2026-08-21,4,Call,780.00,-0.95%,0.65,0.66,106059,12.78%,9.05%,0.203499,0.168478,2026-08-17
SPY,772.67,2026-08-24,7,Put,771.00,-0.22%,2.92,2.94,3117,12.78%,9.05%,0.416982,-0.415968,2026-08-17
SPY,772.67,2026-08-20,3,Put,775.00,+0.30%,3.7,3.85,4643,12.78%,9.05%,0.262942,-0.635106,2026-08-17
TLT,81.35,2028-01-21,522,Call,90.00,-10.63%,1.48,1.55,13989,11.58%,9.08%,0.327967,0.287749,2026-08-17
SPY,772.67,2026-08-21,4,Call,786.00,-1.73%,0.11,0.12,2728,12.78%,9.09%,0.068317,0.039021,2026-08-17
SPY,772.67,2026-08-18,1,Call,772.00,+0.09%,1.85,1.88,13405,12.78%,9.13%,0.158153,0.579068,2026-08-17
SPY,772.67,2026-08-19,2,Call,773.00,-0.04%,1.97,1.99,7079,12.78%,9.14%,0.227993,0.484968,2026-08-17
SPY,772.67,2026-08-31,14,Call,790.00,-2.24%,0.81,0.83,855,12.78%,9.15%,0.304419,0.120975,2026-08-17
TLT,81.35,2027-02-19,186,Call,82.00,-0.80%,2.27,2.31,3141,11.58%,9.15%,0.228645,0.537134,2026-08-17
SPY,772.67,2026-08-31,14,Call,800.00,-3.54%,0.16,0.17,1140,12.78%,9.16%,0.105195,0.030782,2026-08-17
SPY,772.67,2026-08-19,2,Put,773.00,+0.04%,2.2,2.22,13528,12.78%,9.17%,0.227822,-0.517073,2026-08-17
SPY,772.67,2026-08-21,4,Call,779.00,-0.82%,0.86,0.87,5871,12.78%,9.17%,0.231593,0.207698,2026-08-17
SPY,772.67,2026-08-25,8,Put,772.00,-0.09%,3.64,3.7,1552,12.78%,9.17%,0.453245,-0.458428,2026-08-17
SPY,772.67,2026-08-20,3,Put,774.00,+0.17%,3.16,3.25,2571,12.78%,9.19%,0.274539,-0.572684,2026-08-17
TLT,81.35,2027-05-21,277,Call,85.00,-4.49%,1.67,1.75,7057,11.58%,9.21%,0.269246,0.387912,2026-08-17
SPY,772.67,2026-08-24,7,Put,770.00,-0.35%,2.59,2.61,3469,12.78%,9.22%,0.406388,-0.377992,2026-08-17
SPY,772.67,2026-08-21,4,Put,776.00,+0.43%,4.73,4.89,7017,12.78%,9.22%,0.294272,-0.664073,2026-08-17
SPY,772.67,2026-08-20,3,Call,774.00,-0.17%,2.04,2.05,5598,12.78%,9.23%,0.275203,0.430712,2026-08-17
SPY,772.67,2026-08-31,14,Call,788.00,-1.98%,1.11,1.13,538,12.78%,9.26%,0.359767,0.15449,2026-08-17
SPY,772.67,2026-08-21,4,Call,778.00,-0.69%,1.11,1.12,4692,12.78%,9.27%,0.257243,0.250411,2026-08-17
LQD,105.7,2026-09-18,32,Put,103.00,-2.55%,0.02,0.45,2006,6.91%,9.28%,0.074147,-0.153856,2026-08-17
SPY,772.67,2026-08-18,1,Put,772.00,-0.09%,1.16,1.17,70720,12.78%,9.29%,0.158318,-0.423263,2026-08-17
SPY,772.67,2026-08-21,4,Put,775.00,+0.30%,4.15,4.26,14926,12.78%,9.34%,0.309539,-0.611475,2026-08-17
SPY,772.67,2026-08-24,7,Call,770.00,+0.35%,5.63,5.8,1350,12.78%,9.37%,0.406312,0.62297,2026-08-17
SPY,772.67,2026-08-19,2,Call,772.00,+0.09%,2.52,2.59,1246,12.78%,9.38%,0.225604,0.55957,2026-08-17
SPY,772.67,2026-09-18,32,Put,800.00,+3.54%,26.77,28.37,1247,12.78%,9.39%,0.28354,-0.927812,2026-08-17
TLT,81.35,2027-01-15,151,Call,82.00,-0.80%,2,2.03,769,11.58%,9.39%,0.207074,0.519928,2026-08-17
SPY,772.67,2026-08-21,4,Call,777.00,-0.56%,1.41,1.43,11347,12.78%,9.40%,0.279935,0.297014,2026-08-17
SPY,772.67,2026-08-20,3,Call,773.00,-0.04%,2.54,2.56,2086,12.78%,9.40%,0.279371,0.492181,2026-08-17
SPY,772.67,2026-08-24,7,Put,769.00,-0.47%,2.3,2.32,527,12.78%,9.41%,0.392924,-0.34261,2026-08-17
LQD,105.7,2026-11-20,95,Put,102.00,-3.50%,0.46,0.62,3000,6.91%,9.43%,0.145982,-0.190376,2026-08-17
SPY,772.67,2026-08-31,14,Call,785.00,-1.60%,1.71,1.75,1628,12.78%,9.44%,0.441515,0.214521,2026-08-17
SPY,772.67,2026-08-20,3,Put,773.00,+0.04%,2.72,2.74,7058,12.78%,9.44%,0.279128,-0.510336,2026-08-17
SPY,772.67,2026-08-19,2,Put,772.00,-0.09%,1.78,1.8,12509,12.78%,9.45%,0.225716,-0.442395,2026-08-17
SPY,772.67,2026-08-28,11,Call,792.00,-2.50%,0.41,0.42,928,12.78%,9.45%,0.187496,0.073771,2026-08-17
TLT,81.35,2026-12-18,123,Call,81.00,+0.43%,2.28,2.31,1421,11.58%,9.46%,0.181701,0.595309,2026-08-17
HYG,79.61,2026-10-16,60,Put,75.00,-5.79%,0,0.13,20091,4.01%,9.47%,0.033371,-0.050196,2026-08-17
SPY,772.67,2026-08-28,11,Call,790.00,-2.24%,0.58,0.6,1301,12.78%,9.49%,0.233299,0.098782,2026-08-17
SPY,772.67,2026-08-25,8,Put,770.00,-0.35%,2.94,3,677,12.78%,9.52%,0.43752,-0.387069,2026-08-17
TLT,81.35,2027-01-15,151,Call,83.00,-2.03%,1.58,1.6,3518,11.58%,9.52%,0.20541,0.441657,2026-08-17
SPY,772.67,2026-08-21,4,Call,776.00,-0.43%,1.77,1.79,10558,12.78%,9.54%,0.298352,0.346138,2026-08-17
SPY,772.67,2026-08-18,1,Call,771.00,+0.22%,2.54,2.57,6747,12.78%,9.55%,0.145783,0.673713,2026-08-17
SPY,772.67,2026-08-21,4,Put,774.00,+0.17%,3.67,3.7,6905,12.78%,9.56%,0.318965,-0.557852,2026-08-17
SPY,772.67,2026-08-24,7,Put,768.00,-0.60%,2.04,2.06,1546,12.78%,9.59%,0.377175,-0.309804,2026-08-17
TLT,81.35,2026-12-18,123,Call,82.00,-0.80%,1.78,1.81,13199,11.58%,9.60%,0.187363,0.507804,2026-08-17
TLT,81.35,2028-01-21,522,Call,93.00,-14.32%,0.97,1.15,31189,11.58%,9.61%,0.277887,0.21004,2026-08-17
HYG,79.61,2026-12-18,123,Put,77.00,-3.28%,0.35,0.9,15010,4.01%,9.64%,0.141434,-0.235339,2026-08-17
SPY,772.67,2026-08-18,1,Put,771.00,-0.22%,0.84,0.85,37195,12.78%,9.66%,0.146233,-0.328807,2026-08-17
SPY,772.67,2026-08-20,3,Put,772.00,-0.09%,2.3,2.32,2680,12.78%,9.67%,0.277171,-0.450781,2026-08-17
SPY,772.67,2026-08-19,2,Call,771.00,+0.22%,3.15,3.28,969,12.78%,9.69%,0.216341,0.627794,2026-08-17
SPY,772.67,2026-08-21,4,Call,775.00,-0.30%,2.19,2.21,24728,12.78%,9.71%,0.311786,0.396752,2026-08-17
DIA,534.19,2026-08-21,4,Call,537.00,-0.53%,1.04,1.19,574,12.37%,9.73%,0.199435,0.317964,2026-08-17
TLT,81.35,2026-12-18,123,Call,83.00,-2.03%,1.37,1.39,570,11.58%,9.73%,0.184139,0.42322,2026-08-17
SPY,772.67,2026-08-19,2,Put,771.00,-0.22%,1.44,1.45,5109,12.78%,9.74%,0.216654,-0.374034,2026-08-17
SPY,772.67,2026-08-21,4,Put,773.00,+0.04%,3.2,3.22,9402,12.78%,9.74%,0.322378,-0.505833,2026-08-17
SPY,772.67,2026-08-18,1,Call,770.00,+0.35%,3.26,3.34,2848,12.78%,9.78%,0.126834,0.75604,2026-08-17
VOO,710.27,2026-08-21,4,Put,710.00,-0.04%,2.3,3,1027,12.83%,9.78%,0.295574,-0.471352,2026-08-17
SPY,772.67,2026-08-28,11,Call,785.00,-1.60%,1.36,1.38,1635,12.78%,9.79%,0.364911,0.190812,2026-08-17
SPY,772.67,2026-08-24,7,Put,767.00,-0.73%,1.82,1.83,730,12.78%,9.79%,0.360002,-0.279915,2026-08-17
SPY,772.67,2026-08-28,11,Call,800.00,-3.54%,0.11,0.12,1046,12.78%,9.80%,0.074354,0.023469,2026-08-17
DIA,534.19,2026-08-21,4,Call,536.00,-0.34%,1.4,1.56,578,12.37%,9.81%,0.214031,0.38675,2026-08-17
SPY,772.67,2026-08-28,11,Put,780.00,+0.95%,9.28,9.49,612,12.78%,9.83%,0.463182,-0.700317,2026-08-17
SPY,772.67,2026-09-04,18,Call,800.00,-3.54%,0.47,0.48,1373,12.78%,9.86%,0.217156,0.064845,2026-08-17
SPY,772.67,2026-08-31,14,Call,780.00,-0.95%,3.25,3.31,754,12.78%,9.87%,0.551413,0.335392,2026-08-17
TLT,81.35,2027-01-15,151,Call,85.00,-4.49%,0.96,0.98,2859,11.58%,9.87%,0.182335,0.303878,2026-08-17
DIA,534.19,2026-08-21,4,Call,535.00,-0.15%,1.82,2.01,3121,12.37%,9.88%,0.221854,0.4582,2026-08-17
SPY,772.67,2026-08-20,3,Call,771.00,+0.22%,3.7,3.85,603,12.78%,9.88%,0.269332,0.606858,2026-08-17
TLT,81.35,2026-12-18,123,Call,84.00,-3.26%,1.04,1.06,1758,11.58%,9.89%,0.173527,0.34554,2026-08-17
SPY,772.67,2026-08-21,4,Call,774.00,-0.17%,2.67,2.69,4606,12.78%,9.91%,0.319854,0.44753,2026-08-17
SPY,772.67,2026-08-20,3,Put,771.00,-0.22%,1.94,1.96,1353,12.78%,9.91%,0.269655,-0.395147,2026-08-17
TLT,81.35,2026-11-20,95,Call,81.00,+0.43%,2.07,2.09,1239,11.58%,9.92%,0.160588,0.588806,2026-08-17
HYG,79.61,2026-12-18,123,Put,78.00,-2.02%,0.65,1.28,25040,4.01%,9.94%,0.163771,-0.318209,2026-08-17
SPY,772.67,2026-08-21,4,Put,772.00,-0.09%,2.78,2.8,6962,12.78%,9.95%,0.320441,-0.455819,2026-08-17
DIA,534.19,2026-08-21,4,Call,540.00,-1.09%,0.42,0.51,1698,12.37%,9.96%,0.135788,0.159508,2026-08-17
TLT,81.35,2026-11-20,95,Call,82.00,-0.80%,1.56,1.58,912,11.58%,9.97%,0.164898,0.493382,2026-08-17
SPY,772.67,2026-08-27,10,Put,775.00,+0.30%,5.99,6.15,521,12.78%,9.98%,0.503565,-0.557236,2026-08-17
TLT,81.35,2026-08-24,7,Put,81.50,+0.18%,0.51,0.52,1079,11.58%,10.04%,0.044647,-0.54151,2026-08-17
SPY,772.67,2026-08-28,11,Call,782.00,-1.21%,2.12,2.15,553,12.78%,10.04%,0.437954,0.26343,2026-08-17
SPY,772.67,2026-08-19,2,Put,770.00,-0.35%,1.16,1.17,13939,12.78%,10.05%,0.202695,-0.313401,2026-08-17
SPY,772.67,2026-08-20,3,Call,770.00,+0.35%,4.4,4.5,767,12.78%,10.05%,0.256978,0.658776,2026-08-17
TLT,81.35,2027-01-15,151,Call,86.00,-5.72%,0.74,0.76,799,11.58%,10.05%,0.164786,0.247186,2026-08-17
TLT,81.35,2026-12-18,123,Call,85.00,-4.49%,0.78,0.8,2482,11.58%,10.06%,0.157712,0.276982,2026-08-17
SPY,772.67,2026-08-19,2,Call,770.00,+0.35%,3.9,4,909,12.78%,10.07%,0.202523,0.687267,2026-08-17
TLT,81.35,2026-09-11,25,Call,83.50,-2.64%,0.2,0.21,1233,11.58%,10.09%,0.055549,0.178489,2026-08-17
TLT,81.35,2027-06-17,304,Call,90.00,-10.63%,0.79,0.83,536,11.58%,10.09%,0.207558,0.201234,2026-08-17
SPY,772.67,2026-08-18,1,Put,770.00,-0.35%,0.61,0.62,53637,12.78%,10.10%,0.128893,-0.251425,2026-08-17
TLT,81.35,2026-10-16,60,Call,81.00,+0.43%,1.66,1.68,10314,11.58%,10.14%,0.128301,0.582924,2026-08-17
SPY,772.67,2026-08-21,4,Call,773.00,-0.04%,3.22,3.23,3766,12.78%,10.15%,0.322636,0.497269,2026-08-17
SPY,772.67,2026-08-20,3,Put,770.00,-0.35%,1.63,1.65,4325,12.78%,10.15%,0.257741,-0.344049,2026-08-17
TLT,81.35,2026-10-16,60,Call,82.00,-0.80%,1.16,1.17,1143,11.58%,10.15%,0.130771,0.464853,2026-08-17
TLT,81.35,2026-10-16,60,Call,83.00,-2.03%,0.77,0.78,11602,11.58%,10.15%,0.122108,0.351107,2026-08-17
SPY,772.67,2026-08-31,14,Put,775.00,+0.30%,6.97,7.05,623,12.78%,10.18%,0.598649,-0.541982,2026-08-17
SPY,772.67,2026-08-21,4,Put,771.00,-0.22%,2.42,2.44,4113,12.78%,10.18%,0.314052,-0.408562,2026-08-17
SPY,772.67,2026-08-18,1,Call,769.00,+0.47%,4.09,4.18,831,12.78%,10.19%,0.106672,0.818473,2026-08-17
TLT,81.35,2026-08-28,11,Put,82.50,+1.41%,1.28,1.31,687,11.58%,10.19%,0.041347,-0.781626,2026-08-17
TLT,81.35,2026-10-16,60,Call,84.00,-3.26%,0.49,0.5,4952,11.58%,10.19%,0.104988,0.251365,2026-08-17
SPY,772.67,2026-08-24,7,Put,765.00,-0.99%,1.44,1.46,864,12.78%,10.20%,0.323171,-0.22791,2026-08-17
DIA,534.19,2026-08-28,11,Call,545.00,-2.02%,0.65,0.74,767,12.37%,10.22%,0.210435,0.144055,2026-08-17
SPY,772.67,2026-09-04,18,Call,810.00,-4.83%,0.14,0.15,707,12.78%,10.22%,0.091273,0.022349,2026-08-17
TLT,81.35,2027-01-15,151,Call,87.00,-6.95%,0.57,0.58,5824,11.58%,10.22%,0.14553,0.198659,2026-08-17
TLT,81.35,2026-12-18,123,Call,86.00,-5.72%,0.58,0.6,1062,11.58%,10.25%,0.139052,0.218711,2026-08-17
SPY,772.67,2026-08-28,11,Call,780.00,-0.95%,2.78,2.82,3497,12.78%,10.26%,0.477821,0.317203,2026-08-17
TLT,81.35,2026-11-20,95,Call,85.00,-4.49%,0.59,0.6,570,11.58%,10.27%,0.129439,0.24225,2026-08-17
DIA,534.19,2026-08-28,11,Call,546.00,-2.21%,0.53,0.63,1109,12.37%,10.29%,0.189408,0.123605,2026-08-17
TLT,81.35,2026-09-18,32,Call,83.00,-2.03%,0.42,0.43,12679,11.58%,10.30%,0.081101,0.280546,2026-08-17
SPY,772.67,2026-08-31,14,Call,776.00,-0.43%,5.02,5.09,833,12.78%,10.31%,0.59662,0.439827,2026-08-17
TLT,81.35,2026-09-18,32,Call,84.00,-3.26%,0.21,0.22,2827,11.58%,10.31%,0.059843,0.165332,2026-08-17
TLT,81.35,2026-10-16,60,Call,85.00,-4.49%,0.3,0.32,1407,11.58%,10.32%,0.084254,0.172769,2026-08-17
TLT,81.35,2026-09-30,44,Call,83.00,-2.03%,0.59,0.6,696,11.58%,10.34%,0.10082,0.319428,2026-08-17
TLT,81.35,2026-09-30,44,Call,84.00,-3.26%,0.34,0.35,897,11.58%,10.36%,0.081665,0.211437,2026-08-17
SPY,772.67,2026-08-21,4,Call,772.00,+0.09%,3.79,3.83,895,12.78%,10.36%,0.320589,0.544941,2026-08-17
TLT,81.35,2026-09-18,32,Call,82.00,-0.80%,0.76,0.78,21088,11.58%,10.36%,0.094393,0.42739,2026-08-17
TLT,81.35,2026-11-20,95,Call,86.00,-5.72%,0.41,0.42,642,11.58%,10.39%,0.109221,0.181267,2026-08-17
SPY,772.67,2026-09-18,32,Call,810.00,-4.83%,0.79,0.8,647,12.78%,10.40%,0.325065,0.075379,2026-08-17
SPY,772.67,2026-08-20,3,Put,769.00,-0.47%,1.37,1.39,2969,12.78%,10.40%,0.24278,-0.298045,2026-08-17
SPY,772.67,2026-08-19,2,Put,769.00,-0.47%,0.94,0.95,5640,12.78%,10.41%,0.186033,-0.261449,2026-08-17
SPY,772.67,2026-09-18,32,Call,817.00,-5.74%,0.41,0.42,543,12.78%,10.41%,0.209589,0.043139,2026-08-17
SPY,772.67,2026-08-21,4,Put,770.00,-0.35%,2.1,2.12,28034,12.78%,10.41%,0.303828,-0.36466,2026-08-17
SPY,772.67,2026-08-31,14,Call,775.00,-0.30%,5.54,5.6,560,12.78%,10.43%,0.601237,0.465595,2026-08-17
SPY,772.67,2026-09-04,18,Put,780.00,+0.95%,10.79,10.97,545,12.78%,10.43%,0.63615,-0.64298,2026-08-17
TLT,81.35,2026-09-30,44,Call,82.00,-0.80%,0.97,0.98,6412,11.58%,10.45%,0.111546,0.448122,2026-08-17
TLT,81.35,2026-12-18,123,Call,87.00,-6.95%,0.43,0.45,1340,11.58%,10.45%,0.119716,0.170967,2026-08-17
SPY,772.67,2026-08-28,11,Put,775.00,+0.30%,6.51,6.59,1042,12.78%,10.47%,0.529472,-0.550172,2026-08-17
SPY,772.67,2026-09-18,32,Call,820.00,-6.13%,0.31,0.33,536,12.78%,10.47%,0.173448,0.034198,2026-08-17
TLT,81.35,2026-10-30,74,Call,85.00,-4.49%,0.43,0.45,2891,11.58%,10.48%,0.104721,0.207603,2026-08-17
TLT,81.35,2026-08-28,11,Put,82.00,+0.80%,0.94,0.95,936,11.58%,10.48%,0.051655,-0.658672,2026-08-17
TLT,81.35,2026-09-18,32,Call,81.00,+0.43%,1.27,1.28,1631,11.58%,10.48%,0.09374,0.584907,2026-08-17
SPY,772.67,2026-09-18,32,Call,805.00,-4.18%,1.25,1.27,757,12.78%,10.49%,0.430437,0.110115,2026-08-17
TLT,81.35,2027-02-19,186,Call,89.00,-9.40%,0.49,0.5,635,11.58%,10.51%,0.140471,0.159222,2026-08-17
SPY,772.67,2026-08-18,1,Put,769.00,-0.47%,0.44,0.45,23968,12.78%,10.53%,0.109615,-0.189644,2026-08-17
TLT,81.35,2026-08-26,9,Call,81.50,-0.18%,0.48,0.49,595,11.58%,10.54%,0.050809,0.471281,2026-08-17
SPY,772.67,2026-09-30,44,Call,824.00,-6.64%,0.58,0.59,1573,12.78%,10.56%,0.276907,0.050057,2026-08-17
SPY,772.67,2026-09-18,32,Call,822.00,-6.38%,0.27,0.28,1455,12.78%,10.56%,0.154481,0.029723,2026-08-17
SPY,772.67,2026-09-11,25,Call,792.00,-2.50%,2.46,2.5,621,12.78%,10.57%,0.579734,0.208225,2026-08-17
TLT,81.35,2026-09-18,32,Call,80.00,+1.66%,1.92,1.94,1241,11.58%,10.58%,0.079611,0.728516,2026-08-17
SPY,772.67,2026-08-28,11,Call,777.00,-0.56%,4,4.06,572,12.78%,10.60%,0.518528,0.401284,2026-08-17
TLT,81.35,2027-03-19,214,Call,90.00,-10.63%,0.48,0.52,1013,11.58%,10.60%,0.145445,0.150998,2026-08-17
SPY,772.67,2026-08-24,7,Put,763.00,-1.25%,1.15,1.16,688,12.78%,10.61%,0.285671,-0.185122,2026-08-17
SPY,772.67,2026-08-21,4,Call,771.00,+0.22%,4.39,4.52,623,12.78%,10.62%,0.314424,0.589807,2026-08-17
TLT,81.35,2026-08-28,11,Put,83.00,+2.03%,1.69,1.76,582,11.58%,10.62%,0.030469,-0.863394,2026-08-17
SPY,772.67,2026-08-19,2,Put,784.00,+1.47%,10.25,12.46,5466,12.78%,10.62%,0.03144,-0.975679,2026-08-17
SPY,772.67,2026-08-21,4,Put,769.00,-0.47%,1.82,1.84,2549,12.78%,10.64%,0.290743,-0.324251,2026-08-17
SPY,772.67,2026-09-30,44,Call,810.00,-4.83%,1.68,1.7,1055,12.78%,10.65%,0.541798,0.121689,2026-08-17
SPY,772.67,2026-09-04,18,Call,785.00,-1.60%,3.02,3.06,1196,12.78%,10.65%,0.571225,0.273865,2026-08-17
SPY,772.67,2026-09-18,32,Call,800.00,-3.54%,1.96,1.98,3767,12.78%,10.65%,0.548627,0.156558,2026-08-17
LQD,105.7,2026-12-18,123,Put,106.00,+0.28%,2.15,2.66,2666,6.91%,10.66%,0.240934,-0.472249,2026-08-17
SPY,772.67,2026-08-20,3,Call,768.00,+0.60%,5.87,6.13,667,12.78%,10.67%,0.225521,0.743624,2026-08-17
LQD,105.7,2026-09-18,32,Put,102.00,-3.50%,0.01,0.37,955,6.91%,10.68%,0.060787,-0.115179,2026-08-17
SPY,772.67,2026-08-20,3,Put,768.00,-0.60%,1.16,1.17,1961,12.78%,10.68%,0.226044,-0.257485,2026-08-17
TLT,81.35,2026-12-18,123,Call,88.00,-8.17%,0.33,0.34,3023,11.58%,10.74%,0.101998,0.134285,2026-08-17
TLT,81.35,2026-09-18,32,Call,85.00,-4.49%,0.11,0.12,10535,11.58%,10.74%,0.040986,0.09591,2026-08-17
SPY,772.67,2026-08-28,11,Call,776.00,-0.43%,4.48,4.54,5421,12.78%,10.74%,0.526617,0.429551,2026-08-17
SPY,772.67,2026-08-19,2,Put,768.00,-0.60%,0.76,0.77,4296,12.78%,10.75%,0.168006,-0.217009,2026-08-17
SPY,772.67,2026-09-30,44,Call,805.00,-4.18%,2.41,2.43,563,12.78%,10.76%,0.656483,0.1615,2026-08-17
SPY,772.67,2026-09-18,32,Put,790.00,+2.24%,19.1,20.61,799,12.78%,10.76%,0.706586,-0.752135,2026-08-17
TLT,81.35,2026-12-31,136,Call,89.00,-9.40%,0.28,0.3,533,11.58%,10.78%,0.095776,0.114235,2026-08-17
TLT,81.35,2026-08-28,11,Call,82.50,-1.41%,0.21,0.22,1223,11.58%,10.83%,0.043962,0.240694,2026-08-17
SPY,772.67,2026-09-18,32,Call,796.00,-3.02%,2.74,2.77,504,12.78%,10.83%,0.643565,0.201704,2026-08-17
TLT,81.35,2027-03-31,226,Call,91.00,-11.86%,0.44,0.48,510,11.58%,10.83%,0.139127,0.135787,2026-08-17
SPY,772.67,2026-08-24,7,Put,762.00,-1.38%,1.03,1.04,742,12.78%,10.83%,0.267633,-0.166999,2026-08-17
SPY,772.67,2026-08-31,14,Put,770.00,-0.35%,4.95,5,2559,12.78%,10.83%,0.589447,-0.415713,2026-08-17
SPY,772.67,2026-08-21,4,Call,770.00,+0.35%,5.08,5.18,12751,12.78%,10.84%,0.304812,0.631961,2026-08-17
TLT,81.35,2026-08-28,11,Put,81.50,+0.18%,0.66,0.67,5950,11.58%,10.84%,0.056152,-0.525263,2026-08-17
TLT,81.35,2028-12-15,851,Call,97.00,-19.24%,1.81,2.22,1029,11.58%,10.84%,0.39922,0.264322,2026-08-17
SPY,772.67,2026-08-28,11,Put,790.00,+2.24%,16.91,18.77,535,12.78%,10.87%,0.253604,-0.885751,2026-08-17
SPY,772.67,2026-08-28,11,Call,775.00,-0.30%,5,5.04,1292,12.78%,10.88%,0.531931,0.457501,2026-08-17
SPY,772.67,2026-08-21,4,Put,768.00,-0.60%,1.58,1.6,8280,12.78%,10.89%,0.275727,-0.28759,2026-08-17
TLT,81.35,2026-10-16,60,Call,87.00,-6.95%,0.12,0.13,14212,11.58%,10.90%,0.048211,0.078285,2026-08-17
SPY,772.67,2026-09-30,44,Call,800.00,-3.54%,3.39,3.41,1575,12.78%,10.92%,0.770758,0.209054,2026-08-17
TLT,81.35,2026-08-28,11,Call,82.00,-0.80%,0.36,0.37,1926,11.58%,10.94%,0.052468,0.353283,2026-08-17
SPY,772.67,2026-09-18,32,Call,794.00,-2.76%,3.22,3.25,780,12.78%,10.94%,0.68901,0.226807,2026-08-17
SPY,772.67,2026-09-11,25,Call,825.00,-6.77%,0.1,0.11,756,12.78%,10.95%,0.070549,0.013635,2026-08-17
TLT,81.35,2027-02-19,186,Call,91.00,-11.86%,0.31,0.33,2127,11.58%,10.95%,0.107433,0.107855,2026-08-17
HYG,79.61,2026-12-18,123,Put,75.00,-5.79%,0.15,0.62,1477,4.01%,10.96%,0.10482,-0.144544,2026-08-17
DIA,534.19,2026-08-21,4,Call,545.00,-2.02%,0.1,0.12,538,12.37%,10.97%,0.052021,0.043959,2026-08-17
TLT,81.35,2026-08-28,11,Call,83.00,-2.03%,0.12,0.13,635,11.58%,10.97%,0.033747,0.1557,2026-08-17
SPY,772.67,2026-08-20,3,Put,767.00,-0.73%,0.98,0.99,4929,12.78%,10.97%,0.208447,-0.22196,2026-08-17
SPY,772.67,2026-08-20,3,Call,767.00,+0.73%,6.69,6.96,1856,12.78%,10.98%,0.208134,0.778569,2026-08-17
SPY,772.67,2026-08-18,1,Put,768.00,-0.60%,0.32,0.33,18193,12.78%,10.99%,0.091138,-0.142587,2026-08-17
SPY,772.67,2026-08-28,11,Call,774.00,-0.17%,5.52,5.57,3187,12.78%,11.00%,0.534576,0.48493,2026-08-17
SPY,772.67,2026-08-28,11,Put,771.00,-0.22%,4.81,4.89,1233,12.78%,11.03%,0.528014,-0.437972,2026-08-17
SPY,772.67,2026-08-24,7,Put,761.00,-1.51%,0.92,0.93,2905,12.78%,11.03%,0.249851,-0.150357,2026-08-17
SPY,772.67,2026-09-04,18,Put,775.00,+0.30%,8.26,8.36,732,12.78%,11.04%,0.680715,-0.529012,2026-08-17
TLT,81.35,2027-01-15,151,Call,90.00,-10.63%,0.28,0.29,2911,11.58%,11.08%,0.095356,0.105572,2026-08-17
SPY,772.67,2026-08-26,9,Put,765.00,-0.99%,2.2,2.25,860,12.78%,11.08%,0.400326,-0.269086,2026-08-17
SPY,772.67,2026-08-31,14,Call,770.00,+0.35%,8.49,8.62,8136,12.78%,11.09%,0.589219,0.586306,2026-08-17
TLT,81.35,2026-09-25,39,Call,86.00,-5.72%,0.09,0.1,605,11.58%,11.09%,0.036955,0.073243,2026-08-17
SPY,772.67,2026-08-19,2,Put,767.00,-0.73%,0.62,0.63,3759,12.78%,11.13%,0.150225,-0.18029,2026-08-17
SPY,772.67,2026-10-16,60,Call,835.00,-8.07%,0.8,0.82,674,12.78%,11.14%,0.350947,0.055506,2026-08-17
SPY,772.67,2026-08-28,11,Call,773.00,-0.04%,6.08,6.15,553,12.78%,11.15%,0.534708,0.511881,2026-08-17
SPY,772.67,2026-08-21,4,Put,767.00,-0.73%,1.38,1.39,2462,12.78%,11.15%,0.259559,-0.254784,2026-08-17
SPY,772.67,2026-10-16,60,Call,840.00,-8.71%,0.59,0.6,962,12.78%,11.16%,0.283249,0.04245,2026-08-17
SPY,772.67,2026-10-16,60,Call,830.00,-7.42%,1.1,1.12,2000,12.78%,11.16%,0.432069,0.072516,2026-08-17
SPY,772.67,2026-09-04,18,Call,780.00,-0.95%,4.9,4.98,612,12.78%,11.17%,0.651288,0.376596,2026-08-17
SPY,772.67,2026-09-18,32,Call,790.00,-2.24%,4.36,4.4,2435,12.78%,11.17%,0.771021,0.28092,2026-08-17
SPY,772.67,2026-08-28,11,Put,770.00,-0.35%,4.49,4.52,5543,12.78%,11.20%,0.521622,-0.412317,2026-08-17
TLT,81.35,2026-08-19,2,Call,81.50,-0.18%,0.2,0.21,2333,11.58%,11.21%,0.023526,0.419156,2026-08-17
SPY,772.67,2026-08-31,14,Put,767.00,-0.73%,4,4.07,698,12.78%,11.23%,0.559994,-0.350082,2026-08-17
SPY,772.67,2026-08-24,7,Put,760.00,-1.64%,0.83,0.84,862,12.78%,11.26%,0.233557,-0.136064,2026-08-17
TLT,81.35,2026-08-28,11,Put,81.00,-0.43%,0.45,0.46,532,11.58%,11.27%,0.054463,-0.398668,2026-08-17
SPY,772.67,2026-08-20,3,Put,766.00,-0.86%,0.83,0.84,1293,12.78%,11.27%,0.190783,-0.191157,2026-08-17
TLT,81.35,2027-03-19,214,Call,92.00,-13.09%,0.35,0.38,2005,11.58%,11.27%,0.117721,0.111164,2026-08-17
SPY,772.67,2026-09-11,25,Put,775.00,+0.30%,9.61,9.73,711,12.78%,11.28%,0.802633,-0.517753,2026-08-17
SPY,772.67,2026-09-04,18,Call,779.00,-0.82%,5.36,5.43,557,12.78%,11.29%,0.661586,0.397545,2026-08-17
SPY,772.67,2026-09-04,18,Put,773.00,+0.04%,7.4,7.51,501,12.78%,11.30%,0.682153,-0.486442,2026-08-17
SPY,772.67,2026-10-16,60,Call,820.00,-6.13%,2.05,2.06,997,12.78%,11.31%,0.626938,0.120141,2026-08-17
LQD,105.7,2026-12-18,123,Put,109.00,+3.12%,4,4.65,15050,6.91%,11.33%,0.218696,-0.656489,2026-08-17
TLT,81.35,2027-06-17,304,Call,95.00,-16.78%,0.37,0.44,1330,11.58%,11.34%,0.134259,0.104705,2026-08-17
TLT,81.35,2026-08-24,7,Put,80.50,-1.04%,0.18,0.19,953,11.58%,11.37%,0.035227,-0.242722,2026-08-17
SPY,772.67,2026-08-21,4,Call,768.00,+0.60%,6.52,6.72,623,12.78%,11.38%,0.278883,0.705313,2026-08-17
SPY,772.67,2026-08-21,4,Put,766.00,-0.86%,1.2,1.21,3274,12.78%,11.40%,0.242666,-0.22518,2026-08-17
TLT,81.35,2026-08-28,11,Call,81.50,-0.18%,0.59,0.6,1009,11.58%,11.41%,0.056238,0.479453,2026-08-17
SPY,772.67,2026-08-19,2,Put,766.00,-0.86%,0.5,0.51,3262,12.78%,11.46%,0.13252,-0.148601,2026-08-17
GPIQ,57.59,2026-12-18,123,Call,58.00,-0.71%,1.5,1.9,885,16.20%,11.47%,0.132382,0.548393,2026-08-17
TLT,81.35,2028-01-21,522,Call,100.00,-22.93%,0.6,0.63,32664,11.58%,11.48%,0.191476,0.118333,2026-08-17
SPY,772.67,2026-08-24,7,Put,759.00,-1.77%,0.74,0.76,670,12.78%,11.48%,0.217504,-0.122777,2026-08-17
TLT,81.35,2026-08-21,4,Call,82.00,-0.80%,0.15,0.16,20107,11.58%,11.51%,0.027757,0.26251,2026-08-17
SPY,772.67,2026-08-20,3,Call,765.00,+0.99%,8.38,8.7,1319,12.78%,11.52%,0.172522,0.836911,2026-08-17
SPY,772.67,2026-08-31,14,Put,765.00,-0.99%,3.49,3.55,1464,12.78%,11.53%,0.534313,-0.311321,2026-08-17
SPY,772.67,2026-08-18,1,Put,767.00,-0.73%,0.24,0.25,9099,12.78%,11.54%,0.075397,-0.108697,2026-08-17
TLT,81.35,2026-08-21,4,Put,82.00,+0.80%,0.78,0.8,4212,11.58%,11.55%,0.027558,-0.740073,2026-08-17
SPY,772.67,2026-09-18,32,Call,785.00,-1.60%,6.17,6.25,5182,12.78%,11.55%,0.850421,0.354005,2026-08-17
TLT,81.35,2027-03-19,214,Call,93.00,-14.32%,0.29,0.33,1327,11.58%,11.55%,0.105108,0.095084,2026-08-17
EFA,108.45,2026-10-16,60,Call,113.00,-4.20%,0,1,4051,17.69%,11.56%,0.11676,0.184313,2026-08-17
SPY,772.67,2026-09-11,25,Call,780.00,-0.95%,6.69,6.77,1217,12.78%,11.58%,0.784301,0.406988,2026-08-17
IWM,304.06,2026-08-24,7,Call,308.00,-1.30%,0.6,0.64,655,16.73%,11.58%,0.1255,0.22258,2026-08-17
TLT,81.35,2027-02-19,186,Call,93.00,-14.32%,0.22,0.23,6010,11.58%,11.59%,0.083427,0.076647,2026-08-17
LQD,105.7,2026-09-18,32,Put,109.00,+3.12%,3.4,3.7,15050,6.91%,11.59%,0.081824,-0.814441,2026-08-17
SPY,772.67,2026-08-20,3,Put,765.00,-0.99%,0.71,0.72,1503,12.78%,11.60%,0.174011,-0.165202,2026-08-17
SPY,772.67,2026-08-28,11,Call,770.00,+0.35%,7.92,8.06,1097,12.78%,11.61%,0.52186,0.587924,2026-08-17
SPY,772.67,2026-10-30,74,Call,855.00,-10.66%,0.56,0.57,754,12.78%,11.62%,0.273971,0.035826,2026-08-17
SPY,772.67,2026-09-11,25,Put,772.00,-0.09%,8.39,8.52,775,12.78%,11.64%,0.801137,-0.464722,2026-08-17
SPY,772.67,2026-09-04,18,Call,776.00,-0.43%,6.86,6.94,920,12.78%,11.66%,0.680704,0.459515,2026-08-17
SPY,772.67,2026-08-21,4,Call,767.00,+0.73%,7.31,7.52,3360,12.78%,11.67%,0.263968,0.736764,2026-08-17
TLT,81.35,2026-08-21,4,Call,81.50,-0.18%,0.33,0.34,2498,11.58%,11.68%,0.0337,0.449943,2026-08-17
SPY,772.67,2026-08-21,4,Put,765.00,-0.99%,1.05,1.06,11950,12.78%,11.68%,0.225957,-0.199307,2026-08-17
DIA,534.19,2026-08-21,4,Put,535.00,+0.15%,2.83,3.05,1174,12.37%,11.69%,0.221869,-0.538018,2026-08-17
SPY,772.67,2026-09-04,18,Put,770.00,-0.35%,6.29,6.37,583,12.78%,11.70%,0.671452,-0.426058,2026-08-17
DIA,534.19,2026-08-21,4,Put,534.00,-0.04%,2.36,2.52,2974,12.37%,11.74%,0.222529,-0.47666,2026-08-17
TLT,81.35,2026-08-21,4,Put,81.50,+0.18%,0.46,0.48,6171,11.58%,11.75%,0.033665,-0.551562,2026-08-17
SPY,772.67,2026-09-11,25,Put,771.00,-0.22%,8.03,8.13,596,12.78%,11.76%,0.797422,-0.447962,2026-08-17
SPY,772.67,2026-09-04,18,Call,775.00,-0.30%,7.41,7.49,804,12.78%,11.80%,0.683323,0.479665,2026-08-17
SPY,772.67,2026-10-02,46,Put,800.00,+3.54%,27.85,31.33,500,12.78%,11.82%,0.766721,-0.792196,2026-08-17
IWM,304.06,2026-08-24,7,Call,306.00,-0.64%,1.2,1.25,612,16.73%,11.82%,0.158004,0.363345,2026-08-17
SPY,772.67,2026-08-19,2,Put,765.00,-0.99%,0.41,0.42,4235,12.78%,11.84%,0.116658,-0.123367,2026-08-17
SPY,772.67,2026-08-20,3,Put,764.00,-1.12%,0.6,0.61,679,12.78%,11.87%,0.157213,-0.141728,2026-08-17
SPY,772.67,2026-09-11,25,Put,770.00,-0.35%,7.68,7.77,1704,12.78%,11.88%,0.792779,-0.431481,2026-08-17
IWM,304.06,2026-08-18,1,Call,306.00,-0.64%,0.15,0.16,5248,16.73%,11.89%,0.038222,0.156861,2026-08-17
SPY,772.67,2026-09-04,18,Call,774.00,-0.17%,7.98,8.06,556,12.78%,11.93%,0.684193,0.499438,2026-08-17
SPY,772.67,2026-08-21,4,Call,766.00,+0.86%,8.1,8.36,1084,12.78%,11.93%,0.24821,0.765481,2026-08-17
TLT,81.35,2026-08-28,11,Call,81.00,+0.43%,0.88,0.9,986,11.58%,11.93%,0.054589,0.598149,2026-08-17
SPY,772.67,2026-10-16,60,Call,800.00,-3.54%,6.15,6.18,639,12.78%,11.94%,1.043358,0.274395,2026-08-17
SPY,772.67,2026-08-24,7,Put,757.00,-2.03%,0.61,0.62,1532,12.78%,11.94%,0.18898,-0.100878,2026-08-17
SPY,772.67,2026-08-28,11,Put,765.00,-0.99%,3.06,3.09,4455,12.78%,11.96%,0.465976,-0.299837,2026-08-17
TLT,81.35,2026-08-28,11,Put,80.50,-1.04%,0.31,0.32,881,11.58%,11.96%,0.048595,-0.293603,2026-08-17
SPY,772.67,2026-08-21,4,Put,764.00,-1.12%,0.92,0.93,5476,12.78%,11.96%,0.209525,-0.176377,2026-08-17
TLT,81.35,2026-08-24,7,Put,80.00,-1.66%,0.1,0.11,797,11.58%,11.98%,0.026188,-0.14935,2026-08-17
SPY,772.67,2026-08-31,14,Put,762.00,-1.38%,2.86,2.89,601,12.78%,11.98%,0.490644,-0.260117,2026-08-17
IWM,304.06,2026-08-18,1,Call,305.00,-0.31%,0.38,0.4,11127,16.73%,11.99%,0.056661,0.316667,2026-08-17
SPY,772.67,2026-09-18,32,Call,780.00,-0.95%,8.45,8.52,2584,12.78%,12.00%,0.897493,0.428732,2026-08-17
TLT,81.35,2026-08-19,2,Put,81.50,+0.18%,0.36,0.37,3345,11.58%,12.00%,0.023571,-0.576592,2026-08-17
SPY,772.67,2026-09-11,25,Put,769.00,-0.47%,7.35,7.44,1295,12.78%,12.01%,0.786641,-0.415741,2026-08-17
SPY,772.67,2026-08-26,9,Put,760.00,-1.64%,1.41,1.44,527,12.78%,12.01%,0.31744,-0.179235,2026-08-17
XLF,57.58,2026-08-28,11,Put,57.00,-1.01%,0.01,0.45,1163,13.42%,12.02%,0.034701,-0.299288,2026-08-17
TLT,81.35,2026-12-18,123,Call,92.00,-13.09%,0.12,0.13,506,11.58%,12.05%,0.051206,0.053315,2026-08-17
SPY,772.67,2026-08-18,1,Put,766.00,-0.86%,0.18,0.19,10132,12.78%,12.07%,0.061729,-0.082842,2026-08-17
SPY,772.67,2026-09-25,39,Call,778.00,-0.69%,10.72,10.81,668,12.78%,12.10%,1.003518,0.468416,2026-08-17
HYG,79.61,2027-07-16,333,Put,75.00,-5.79%,0.9,1.8,2561,4.01%,12.12%,0.233033,-0.239247,2026-08-17
DIA,534.19,2026-10-16,60,Call,550.00,-2.96%,5.35,5.6,803,12.37%,12.15%,0.780479,0.326169,2026-08-17
SPY,772.67,2026-08-24,7,Put,756.00,-2.16%,0.55,0.56,1683,12.78%,12.15%,0.17554,-0.091246,2026-08-17
SPY,772.67,2026-09-11,25,Call,775.00,-0.30%,9.34,9.42,591,12.78%,12.17%,0.806031,0.491752,2026-08-17
SPY,772.67,2026-09-18,32,Call,778.00,-0.69%,9.48,9.56,736,12.78%,12.19%,0.907012,0.458167,2026-08-17
SPY,772.67,2026-09-18,32,Put,780.00,+0.95%,14.22,14.36,2018,12.78%,12.20%,0.888037,-0.5808,2026-08-17
TLT,81.35,2026-09-30,44,Put,81.00,-0.43%,1.11,1.13,1524,11.58%,12.22%,0.110637,-0.43242,2026-08-17
SPY,772.67,2026-08-21,4,Put,763.00,-1.25%,0.8,0.82,4790,12.78%,12.23%,0.193438,-0.155866,2026-08-17
SPY,772.67,2026-08-21,4,Call,765.00,+0.99%,9.02,9.13,864,12.78%,12.23%,0.232558,0.790736,2026-08-17
SPY,772.67,2026-08-19,2,Put,764.00,-1.12%,0.34,0.35,2369,12.78%,12.25%,0.102581,-0.103026,2026-08-17
IWM,304.06,2026-08-18,1,Call,304.00,+0.02%,0.8,0.84,11409,16.73%,12.26%,0.063423,0.518036,2026-08-17
SPY,772.67,2026-08-28,11,Put,763.00,-1.25%,2.63,2.66,1111,12.78%,12.28%,0.43721,-0.262694,2026-08-17
SPY,772.67,2026-09-18,32,Call,777.00,-0.56%,10.02,10.1,1764,12.78%,12.29%,0.909858,0.472653,2026-08-17
SPY,772.67,2026-08-31,14,Put,760.00,-1.64%,2.51,2.54,6055,12.78%,12.31%,0.460195,-0.230811,2026-08-17
DIA,534.19,2026-08-21,4,Put,530.00,-0.78%,1.03,1.15,637,12.37%,12.32%,0.181483,-0.260361,2026-08-17
XLF,57.58,2026-09-18,32,Put,58.00,+0.73%,0.96,1.05,30488,13.42%,12.32%,0.06702,-0.556223,2026-08-17
TLT,81.35,2026-08-28,11,Put,80.00,-1.66%,0.2,0.21,902,11.58%,12.35%,0.040314,-0.206743,2026-08-17
IWM,304.06,2026-08-19,2,Call,306.00,-0.64%,0.4,0.43,758,16.73%,12.39%,0.071583,0.250415,2026-08-17
SPY,772.67,2026-08-24,7,Put,755.00,-2.29%,0.5,0.51,2330,12.78%,12.39%,0.163488,-0.082953,2026-08-17
SPY,772.67,2026-09-18,32,Call,776.00,-0.43%,10.58,10.66,944,12.78%,12.40%,0.911486,0.486974,2026-08-17
SPY,772.67,2026-09-04,18,Put,765.00,-0.99%,4.79,4.87,1511,12.78%,12.40%,0.626938,-0.338433,2026-08-17
SPY,772.67,2026-08-27,10,Put,760.00,-1.64%,1.76,1.78,985,12.78%,12.42%,0.356312,-0.198476,2026-08-17
SPY,772.67,2026-08-19,2,Put,783.00,+1.34%,9.25,10.66,4332,12.78%,12.44%,0.077688,-0.927878,2026-08-17
SPY,772.67,2026-09-18,32,Put,777.00,+0.56%,12.78,12.83,557,12.78%,12.45%,0.904869,-0.53563,2026-08-17
QQQ,729.87,2026-08-19,2,Call,742.00,-1.66%,0.1,0.11,787,18.76%,12.46%,0.045531,0.038915,2026-08-17
TLT,81.35,2026-09-30,44,Put,80.00,-1.66%,0.75,0.76,988,11.58%,12.47%,0.101197,-0.322942,2026-08-17
SPY,772.67,2026-10-16,60,Call,790.00,-2.24%,9.79,9.82,3187,12.78%,12.47%,1.184831,0.373172,2026-08-17
SPY,772.67,2026-08-18,1,Put,765.00,-0.99%,0.13,0.14,14208,12.78%,12.48%,0.049216,-0.061659,2026-08-17
TLT,81.35,2028-01-21,522,Call,105.00,-29.07%,0.35,0.49,63356,11.58%,12.49%,0.144444,0.080422,2026-08-17
TLT,81.35,2026-08-21,4,Put,81.00,-0.43%,0.26,0.27,8034,11.58%,12.49%,0.031931,-0.362658,2026-08-17
SPY,772.67,2026-08-25,8,Put,755.00,-2.29%,0.66,0.68,635,12.78%,12.49%,0.198687,-0.098602,2026-08-17
SPY,772.67,2026-09-18,32,Call,775.00,-0.30%,11.15,11.24,2764,12.78%,12.50%,0.911937,0.501091,2026-08-17
TLT,81.35,2026-09-30,44,Put,83.00,+2.03%,2.27,2.29,583,11.58%,12.51%,0.102551,-0.659973,2026-08-17
SPY,772.67,2026-08-20,3,Put,762.00,-1.38%,0.44,0.45,832,12.78%,12.51%,0.127911,-0.105612,2026-08-17
SPY,772.67,2026-08-21,4,Put,762.00,-1.38%,0.71,0.72,2634,12.78%,12.52%,0.178484,-0.138238,2026-08-17
EFA,108.45,2026-08-21,4,Call,109.00,-0.51%,0,0.66,6710,17.69%,12.52%,0.041963,0.348343,2026-08-17
SPY,772.67,2026-09-11,25,Put,765.00,-0.99%,6.16,6.25,1245,12.78%,12.53%,0.753094,-0.356703,2026-08-17
SPY,772.67,2026-09-18,32,Put,776.00,+0.43%,12.31,12.37,834,12.78%,12.54%,0.907633,-0.52095,2026-08-17
QQQ,729.87,2026-08-19,2,Call,741.00,-1.52%,0.15,0.16,1101,18.76%,12.55%,0.059392,0.054177,2026-08-17
SPY,772.67,2026-09-11,25,Call,772.00,+0.09%,11.08,11.34,1293,12.78%,12.57%,0.802196,0.539367,2026-08-17
IWM,304.06,2026-08-19,2,Call,305.00,-0.31%,0.72,0.76,1888,16.73%,12.59%,0.085542,0.377853,2026-08-17
QQQ,729.87,2026-08-19,2,Call,740.00,-1.39%,0.21,0.23,6471,18.76%,12.59%,0.074783,0.072828,2026-08-17
QQQ,729.87,2026-08-18,1,Call,737.00,-0.98%,0.15,0.16,10092,18.76%,12.60%,0.0527,0.072508,2026-08-17
QQQ,729.87,2026-08-24,7,Call,742.00,-1.66%,1.23,1.31,803,18.76%,12.61%,0.268986,0.184111,2026-08-17
SPY,772.67,2026-08-19,2,Put,763.00,-1.25%,0.28,0.29,2356,12.78%,12.62%,0.089536,-0.085681,2026-08-17
SPY,772.67,2026-08-31,14,Put,758.00,-1.90%,2.2,2.23,3713,12.78%,12.62%,0.429194,-0.204522,2026-08-17
SPY,772.67,2026-09-18,32,Put,775.00,+0.30%,11.87,11.92,2687,12.78%,12.63%,0.908713,-0.506727,2026-08-17
VNQ,97.98,2026-08-21,4,Put,98.00,+0.02%,0.3,0.75,801,12.57%,12.63%,0.040904,-0.502395,2026-08-17
QQQ,729.87,2026-08-18,1,Call,736.00,-0.84%,0.24,0.25,13514,18.76%,12.64%,0.070004,0.106127,2026-08-17
SPY,772.67,2026-08-24,7,Put,754.00,-2.42%,0.46,0.47,706,12.78%,12.65%,0.153012,-0.076003,2026-08-17
XLF,57.58,2026-09-18,32,Call,56.00,+2.74%,1.7,2.22,18019,13.42%,12.69%,0.048571,0.792929,2026-08-17
TLT,81.35,2026-09-18,32,Put,82.00,+0.80%,1.49,1.51,2482,11.58%,12.70%,0.094438,-0.563371,2026-08-17
TLT,81.35,2026-09-18,32,Put,81.00,-0.43%,0.98,1,8218,11.58%,12.71%,0.094414,-0.431336,2026-08-17
SPY,772.67,2026-09-18,32,Put,774.00,+0.17%,11.44,11.49,511,12.78%,12.72%,0.908644,-0.49268,2026-08-17
SPY,772.67,2026-09-11,25,Call,771.00,+0.22%,11.74,12,1282,12.78%,12.73%,0.798578,0.554443,2026-08-17
SPY,772.67,2026-08-21,4,Put,761.00,-1.51%,0.62,0.63,845,12.78%,12.77%,0.163599,-0.121897,2026-08-17
QQQ,729.87,2026-08-19,2,Call,739.00,-1.25%,0.31,0.33,1299,18.76%,12.78%,0.093783,0.098508,2026-08-17
QQQ,729.87,2026-08-24,7,Call,740.00,-1.39%,1.69,1.76,751,18.76%,12.78%,0.307836,0.231257,2026-08-17
SPY,772.67,2026-08-28,11,Put,760.00,-1.64%,2.11,2.14,2328,12.78%,12.79%,0.392101,-0.215265,2026-08-17
TLT,81.35,2026-08-19,2,Put,81.00,-0.43%,0.15,0.17,4861,11.58%,12.79%,0.021499,-0.318828,2026-08-17
SPY,772.67,2026-09-18,32,Put,773.00,+0.04%,11.02,11.07,1669,12.78%,12.81%,0.908395,-0.47826,2026-08-17
QQQ,729.87,2026-08-18,1,Call,735.00,-0.70%,0.38,0.39,52593,18.76%,12.81%,0.08982,0.151898,2026-08-17
TLT,81.35,2026-09-30,44,Put,79.00,-2.89%,0.49,0.51,918,11.58%,12.84%,0.086094,-0.232238,2026-08-17
SPY,772.67,2026-09-04,18,Put,762.00,-1.38%,4.11,4.15,958,12.78%,12.85%,0.59063,-0.293996,2026-08-17
IWM,304.06,2026-08-24,7,Put,303.00,-0.35%,1.58,1.64,770,16.73%,12.86%,0.163561,-0.409735,2026-08-17
IWM,304.06,2026-08-18,1,Put,305.00,+0.31%,1.32,1.4,1982,16.73%,12.87%,0.057406,-0.672909,2026-08-17
TLT,81.35,2026-08-28,11,Put,79.50,-2.27%,0.13,0.14,1535,11.58%,12.89%,0.031943,-0.143402,2026-08-17
SPY,772.67,2026-09-18,32,Put,772.00,-0.09%,10.62,10.67,749,12.78%,12.90%,0.906259,-0.464589,2026-08-17
TLT,81.35,2026-10-30,74,Put,80.00,-1.66%,1.14,1.16,1631,11.58%,12.90%,0.135478,-0.352313,2026-08-17
QQQ,729.87,2026-08-18,1,Call,734.00,-0.57%,0.56,0.59,25302,18.76%,12.94%,0.109179,0.207036,2026-08-17
SPY,772.67,2026-08-25,8,Put,753.00,-2.55%,0.56,0.57,513,12.78%,12.94%,0.174913,-0.083041,2026-08-17
IWM,304.06,2026-08-19,2,Call,304.00,+0.02%,1.19,1.24,1684,16.73%,12.95%,0.089709,0.516131,2026-08-17
QQQ,729.87,2026-08-19,2,Call,738.00,-1.11%,0.44,0.46,1688,18.76%,12.96%,0.113685,0.129004,2026-08-17
TLT,81.35,2026-09-18,32,Put,80.00,-1.66%,0.62,0.64,7734,11.58%,12.96%,0.084778,-0.309357,2026-08-17
SPY,772.67,2026-08-19,2,Put,762.00,-1.38%,0.23,0.24,1301,12.78%,12.97%,0.07775,-0.071132,2026-08-17
QQQ,729.87,2026-08-20,3,Call,745.00,-2.07%,0.14,0.16,3695,18.76%,12.97%,0.060469,0.043001,2026-08-17
IWM,304.06,2026-08-18,1,Call,303.00,+0.35%,1.43,1.52,3062,16.73%,12.99%,0.055238,0.701102,2026-08-17
SPY,772.67,2026-09-04,18,Put,761.00,-1.51%,3.9,3.94,1386,12.78%,13.00%,0.577565,-0.280368,2026-08-17
TLT,81.35,2026-10-16,60,Put,81.00,-0.43%,1.41,1.43,10449,11.58%,13.01%,0.129361,-0.436391,2026-08-17
SPY,772.67,2026-08-18,1,Put,764.00,-1.12%,0.1,0.11,4666,12.78%,13.04%,0.040262,-0.047834,2026-08-17
SPY,772.67,2026-08-21,4,Put,760.00,-1.64%,0.55,0.56,16288,12.78%,13.07%,0.150526,-0.108424,2026-08-17
SPY,772.67,2026-09-30,44,Put,775.00,+0.30%,14.02,14.07,600,12.78%,13.07%,1.064948,-0.49713,2026-08-17
IWM,304.06,2026-08-20,3,Call,305.00,-0.31%,1.03,1.06,852,16.73%,13.08%,0.106934,0.406623,2026-08-17
SPY,772.67,2026-09-18,32,Put,770.00,-0.35%,9.87,9.92,5654,12.78%,13.10%,0.898816,-0.438065,2026-08-17
QQQ,729.87,2026-08-19,2,Call,737.00,-0.98%,0.6,0.62,1716,18.76%,13.10%,0.133379,0.163612,2026-08-17
TLT,81.35,2026-09-11,25,Put,80.00,-1.66%,0.52,0.53,957,11.58%,13.11%,0.073285,-0.294109,2026-08-17
SPY,772.67,2026-10-16,60,Call,780.00,-0.95%,14.61,14.65,822,12.78%,13.13%,1.24532,0.473804,2026-08-17
SPY,772.67,2026-08-31,14,Put,755.00,-2.29%,1.83,1.85,605,12.78%,13.13%,0.384631,-0.171254,2026-08-17
QQQ,729.87,2026-08-18,1,Call,733.00,-0.43%,0.82,0.85,36915,18.76%,13.13%,0.126826,0.27221,2026-08-17
TLT,81.35,2026-10-16,60,Put,82.00,+0.80%,1.93,1.95,976,11.58%,13.14%,0.130414,-0.530774,2026-08-17
IWM,304.06,2026-08-18,1,Put,304.00,-0.02%,0.78,0.81,7594,16.73%,13.14%,0.063431,-0.483771,2026-08-17
SPY,772.67,2026-09-04,18,Put,760.00,-1.64%,3.71,3.75,9426,12.78%,13.16%,0.564426,-0.267606,2026-08-17
TLT,81.35,2026-10-16,60,Put,80.00,-1.66%,1.02,1.04,651,11.58%,13.17%,0.121291,-0.346348,2026-08-17
SPY,772.67,2026-08-20,3,Put,760.00,-1.64%,0.33,0.34,1485,12.78%,13.18%,0.103871,-0.079723,2026-08-17
TLT,81.35,2026-09-04,18,Put,81.00,-0.43%,0.74,0.76,1118,11.58%,13.18%,0.070682,-0.424437,2026-08-17
IWM,304.06,2026-08-21,4,Call,308.00,-1.30%,0.4,0.43,593,16.73%,13.18%,0.084306,0.182714,2026-08-17
XLF,57.58,2026-09-04,18,Put,56.50,-1.88%,0.2,0.29,1197,13.42%,13.19%,0.039972,-0.242709,2026-08-17
IWM,304.06,2026-08-21,4,Call,309.00,-1.62%,0.25,0.28,657,16.73%,13.19%,0.066364,0.127307,2026-08-17
IWM,304.06,2026-08-21,4,Call,307.50,-1.13%,0.5,0.53,687,16.73%,13.21%,0.093254,0.216016,2026-08-17
QQQ,729.87,2026-08-24,7,Call,735.00,-0.70%,3.29,3.38,991,18.76%,13.22%,0.380647,0.367199,2026-08-17
IWM,304.06,2026-08-21,4,Call,307.00,-0.97%,0.62,0.65,874,16.73%,13.26%,0.10176,0.252898,2026-08-17
TLT,81.35,2026-09-30,44,Put,78.00,-4.12%,0.32,0.33,1204,11.58%,13.26%,0.06908,-0.161488,2026-08-17
QQQ,729.87,2026-08-19,2,Call,736.00,-0.84%,0.8,0.83,4059,18.76%,13.27%,0.152885,0.20362,2026-08-17
QQQ,729.87,2026-08-24,7,Put,740.00,+1.39%,11.39,11.88,1985,18.76%,13.29%,0.307511,-0.767337,2026-08-17
TLT,81.35,2026-09-04,18,Put,80.50,-1.04%,0.55,0.57,1591,11.58%,13.29%,0.066453,-0.34433,2026-08-17
XLF,57.58,2026-08-21,4,Put,57.50,-0.14%,0.2,0.35,1189,13.42%,13.31%,0.023858,-0.451205,2026-08-17
XLF,57.58,2026-09-18,32,Put,57.00,-1.01%,0.55,0.64,12693,13.42%,13.31%,0.064442,-0.373435,2026-08-17
QQQ,729.87,2026-08-18,1,Call,732.00,-0.29%,1.15,1.18,29642,18.76%,13.32%,0.140584,0.343927,2026-08-17
SPY,772.67,2026-08-19,2,Put,761.00,-1.51%,0.19,0.2,938,12.78%,13.33%,0.067487,-0.059271,2026-08-17
TLT,81.35,2026-11-20,95,Put,81.00,-0.43%,1.82,1.84,559,11.58%,13.33%,0.16218,-0.435524,2026-08-17
IWM,304.06,2026-08-21,4,Call,310.00,-1.95%,0.16,0.18,1593,16.73%,13.34%,0.050536,0.08731,2026-08-17
IWM,304.06,2026-08-28,11,Call,312.00,-2.61%,0.49,0.53,751,16.73%,13.34%,0.11911,0.142881,2026-08-17
SPY,772.67,2027-01-15,151,Call,835.00,-8.07%,8.74,8.78,589,12.78%,13.34%,1.525039,0.235111,2026-08-17
TLT,81.35,2026-09-18,32,Put,79.00,-2.89%,0.38,0.4,7688,11.58%,13.35%,0.069472,-0.210547,2026-08-17
QQQ,729.87,2026-08-24,7,Call,734.00,-0.57%,3.72,3.8,1313,18.76%,13.36%,0.389575,0.396599,2026-08-17
IWM,304.06,2026-08-19,2,Call,303.00,+0.35%,1.78,1.88,530,16.73%,13.37%,0.083763,0.64523,2026-08-17
XLF,57.58,2026-08-21,4,Call,58.00,-0.73%,0.12,0.2,655,13.42%,13.37%,0.021294,0.311029,2026-08-17
SPY,772.67,2026-08-21,4,Put,759.00,-1.77%,0.49,0.5,969,12.78%,13.38%,0.138504,-0.096696,2026-08-17
TLT,81.35,2026-08-21,4,Put,80.50,-1.04%,0.14,0.15,678,11.58%,13.39%,0.025229,-0.220254,2026-08-17
IWM,304.06,2026-08-21,4,Call,306.00,-0.64%,0.92,0.96,950,16.73%,13.41%,0.115988,0.335275,2026-08-17
QQQ,729.87,2026-08-19,2,Call,735.00,-0.70%,1.05,1.07,18149,18.76%,13.41%,0.1707,0.247327,2026-08-17
TLT,81.35,2026-11-20,95,Put,80.00,-1.66%,1.41,1.43,1344,11.58%,13.41%,0.155008,-0.363335,2026-08-17
TLT,81.35,2026-10-16,60,Put,79.00,-2.89%,0.73,0.74,1207,11.58%,13.42%,0.108134,-0.266503,2026-08-17
TLT,81.35,2026-09-04,18,Put,80.00,-1.66%,0.4,0.42,1226,11.58%,13.43%,0.059916,-0.27201,2026-08-17
IWM,304.06,2026-08-21,4,Call,311.00,-2.28%,0.1,0.11,2271,16.73%,13.45%,0.036733,0.057618,2026-08-17
SPY,772.67,2026-10-16,60,Put,778.00,+0.69%,18.01,18.06,507,12.78%,13.45%,1.238471,-0.51821,2026-08-17
HYG,79.61,2026-12-18,123,Put,70.00,-12.07%,0.05,0.15,25000,4.01%,13.46%,0.038894,-0.038909,2026-08-17
SPY,772.67,2026-08-19,2,Put,785.00,+1.60%,11.12,13.78,3116,12.78%,13.47%,0.060349,-0.947607,2026-08-17
SPY,772.67,2026-08-31,14,Put,753.00,-2.55%,1.62,1.64,963,12.78%,13.47%,0.356287,-0.152276,2026-08-17
TLT,81.35,2026-09-04,18,Put,82.00,+0.80%,1.28,1.3,1079,11.58%,13.47%,0.070025,-0.590222,2026-08-17
SPY,772.67,2027-06-17,304,Call,"1,010.00",-30.72%,0.99,1.01,540,12.78%,13.51%,0.458265,0.028424,2026-08-17
SPY,772.67,2026-08-20,3,Put,759.00,-1.77%,0.29,0.3,649,12.78%,13.55%,0.093998,-0.069941,2026-08-17
QQQ,729.87,2026-08-19,2,Call,734.00,-0.57%,1.34,1.37,5910,18.76%,13.56%,0.186346,0.294802,2026-08-17
SPY,772.67,2026-08-19,2,Put,760.00,-1.64%,0.15,0.16,9836,12.78%,13.57%,0.057039,-0.047936,2026-08-17
SPY,772.67,2026-10-30,74,Call,785.00,-1.60%,15.22,15.26,603,12.78%,13.58%,1.372753,0.445428,2026-08-17
SPY,772.67,2026-08-24,7,Put,750.00,-2.93%,0.32,0.33,694,12.78%,13.58%,0.115102,-0.052713,2026-08-17
QQQ,729.87,2026-08-24,7,Call,732.00,-0.29%,4.64,4.74,1892,18.76%,13.59%,0.400655,0.455289,2026-08-17
TLT,81.35,2026-10-02,46,Put,79.00,-2.89%,0.58,0.6,907,11.58%,13.59%,0.091179,-0.247725,2026-08-17
SPY,772.67,2026-09-18,32,Put,765.00,-0.99%,8.23,8.27,11532,12.78%,13.62%,0.866358,-0.375962,2026-08-17
SPY,772.67,2026-08-25,8,Put,750.00,-2.93%,0.44,0.45,657,12.78%,13.62%,0.144947,-0.064943,2026-08-17
IWM,304.06,2026-08-19,2,Put,304.00,-0.02%,1.15,1.2,737,16.73%,13.63%,0.089704,-0.485648,2026-08-17
QQQ,729.87,2026-08-18,1,Call,731.00,-0.15%,1.57,1.61,30671,18.76%,13.63%,0.149359,0.420444,2026-08-17
SPY,772.67,2026-08-21,4,Put,758.00,-1.90%,0.43,0.44,3462,12.78%,13.64%,0.12637,-0.085452,2026-08-17
SPY,772.67,2026-08-31,14,Put,752.00,-2.68%,1.52,1.55,687,12.78%,13.64%,0.342601,-0.143619,2026-08-17
IWM,304.06,2026-08-21,4,Call,305.00,-0.31%,1.33,1.36,3769,16.73%,13.67%,0.124733,0.425252,2026-08-17
SPY,772.67,2026-10-16,60,Put,775.00,+0.30%,16.71,16.76,2411,12.78%,13.67%,1.240971,-0.488383,2026-08-17
QQQ,729.87,2026-08-20,3,Call,740.00,-1.39%,0.62,0.66,1640,18.76%,13.69%,0.146905,0.139477,2026-08-17
SPY,772.67,2026-08-28,11,Put,755.00,-2.29%,1.49,1.51,1032,12.78%,13.70%,0.319391,-0.154862,2026-08-17
TLT,81.35,2026-10-16,60,Put,78.00,-4.12%,0.51,0.52,560,11.58%,13.70%,0.092112,-0.199697,2026-08-17
TLT,81.35,2027-04-16,242,Call,100.00,-22.93%,0.16,0.2,520,11.58%,13.71%,0.067527,0.049395,2026-08-17
XLF,57.58,2026-09-18,32,Call,59.00,-2.47%,0.39,0.48,10380,13.42%,13.71%,0.059211,0.299636,2026-08-17
QQQ,729.87,2026-08-24,7,Call,731.00,-0.15%,5.16,5.26,946,18.76%,13.73%,0.40288,0.484424,2026-08-17
QQQ,729.87,2026-08-19,2,Call,733.00,-0.43%,1.69,1.73,6769,18.76%,13.76%,0.19915,0.34548,2026-08-17
QQQ,729.87,2026-08-25,8,Call,735.00,-0.70%,3.89,3.98,543,18.76%,13.78%,0.412271,0.382726,2026-08-17
SPY,772.67,2026-11-20,95,Call,795.00,-2.89%,14.67,14.71,1545,12.78%,13.78%,1.516369,0.396169,2026-08-17
SPY,772.67,2026-08-24,7,Put,749.00,-3.06%,0.29,0.3,531,12.78%,13.78%,0.106609,-0.047878,2026-08-17
IWM,304.06,2026-08-21,4,Put,305.00,+0.31%,2.17,2.27,1484,16.73%,13.79%,0.124553,-0.576234,2026-08-17
TLT,81.35,2027-01-15,151,Put,80.00,-1.66%,1.94,1.97,15179,11.58%,13.85%,0.196816,-0.376572,2026-08-17
QQQ,729.87,2026-08-18,1,Call,730.00,-0.02%,2.05,2.11,29872,18.76%,13.86%,0.152394,0.496558,2026-08-17
QQQ,729.87,2026-08-24,7,Call,730.00,-0.02%,5.7,5.81,2788,18.76%,13.87%,0.402968,0.513079,2026-08-17
SPY,772.67,2026-08-21,4,Call,760.00,+1.64%,13.52,13.63,736,12.78%,13.88%,0.163464,0.878149,2026-08-17
IWM,304.06,2026-08-28,11,Call,307.00,-0.97%,1.76,1.81,1595,16.73%,13.89%,0.197732,0.361605,2026-08-17
SPY,772.67,2026-08-21,4,Put,757.00,-2.03%,0.38,0.39,3545,12.78%,13.91%,0.11547,-0.075831,2026-08-17
SPY,772.67,2027-09-17,396,Call,"1,000.00",-29.42%,3.29,3.33,653,12.78%,13.93%,1.082244,0.070337,2026-08-17
QQQ,729.87,2026-08-21,4,Call,749.00,-2.62%,0.16,0.19,1664,18.76%,13.94%,0.066898,0.040786,2026-08-17
QQQ,729.87,2026-08-21,4,Call,751.00,-2.90%,0.1,0.12,1226,18.76%,13.94%,0.047863,0.027157,2026-08-17
QQQ,729.87,2026-08-19,2,Call,732.00,-0.29%,2.09,2.14,7590,18.76%,13.94%,0.208367,0.397469,2026-08-17
QQQ,729.87,2026-08-21,4,Call,747.00,-2.35%,0.26,0.29,650,18.76%,13.98%,0.091137,0.060095,2026-08-17
TLT,81.35,2026-09-18,32,Put,78.00,-4.12%,0.24,0.25,1310,11.58%,13.98%,0.053668,-0.140323,2026-08-17
SPY,772.67,2026-08-31,14,Put,750.00,-2.93%,1.36,1.38,1731,12.78%,13.99%,0.316959,-0.128179,2026-08-17
IWM,304.06,2026-08-18,1,Put,303.00,-0.35%,0.44,0.46,16231,16.73%,14.00%,0.056337,-0.312472,2026-08-17
IWM,304.06,2026-08-21,4,Call,304.00,+0.02%,1.83,1.88,797,16.73%,14.02%,0.126861,0.516112,2026-08-17
QQQ,729.87,2026-08-21,4,Call,748.00,-2.48%,0.21,0.24,1650,18.76%,14.02%,0.079375,0.050451,2026-08-17
QQQ,729.87,2026-08-21,4,Call,752.00,-3.03%,0.08,0.1,2327,18.76%,14.03%,0.041051,0.022614,2026-08-17
IWM,304.06,2026-08-21,4,Put,304.00,-0.02%,1.69,1.74,1038,16.73%,14.04%,0.126852,-0.485473,2026-08-17
QQQ,729.87,2026-08-21,4,Call,750.00,-2.76%,0.14,0.15,9399,18.76%,14.04%,0.058212,0.034398,2026-08-17
QQQ,729.87,2026-08-20,3,Call,737.00,-0.98%,1.22,1.26,750,18.76%,14.04%,0.20128,0.230745,2026-08-17
SPY,772.67,2026-08-19,2,Put,759.00,-1.77%,0.13,0.14,1182,12.78%,14.04%,0.050567,-0.041279,2026-08-17
SPY,772.67,2026-10-16,60,Put,770.00,-0.35%,14.76,14.81,760,12.78%,14.05%,1.230244,-0.44119,2026-08-17
TLT,81.35,2026-12-18,123,Put,80.00,-1.66%,1.76,1.79,904,11.58%,14.06%,0.177757,-0.374187,2026-08-17
QQQ,729.87,2026-08-24,7,Put,733.00,+0.43%,7.1,7.22,1018,18.76%,14.07%,0.395629,-0.57456,2026-08-17
SPY,772.67,2026-08-26,9,Put,750.00,-2.93%,0.64,0.66,543,12.78%,14.07%,0.185036,-0.082751,2026-08-17
DIA,534.19,2026-08-21,4,Put,522.00,-2.28%,0.14,0.23,510,12.37%,14.08%,0.062271,-0.055064,2026-08-17
QQQ,729.87,2026-08-21,4,Call,746.00,-2.21%,0.33,0.37,5307,18.76%,14.08%,0.106317,0.073329,2026-08-17
QQQ,729.87,2026-08-21,4,Call,745.00,-2.07%,0.41,0.45,5711,18.76%,14.10%,0.121123,0.087131,2026-08-17
SPY,772.67,2026-08-25,8,Put,748.00,-3.19%,0.38,0.39,591,12.78%,14.10%,0.12854,-0.055704,2026-08-17
TLT,81.35,2026-12-18,123,Put,81.00,-0.43%,2.2,2.23,868,11.58%,14.10%,0.184154,-0.435526,2026-08-17
TLT,81.35,2026-12-18,123,Put,79.00,-2.89%,1.4,1.42,1678,11.58%,14.11%,0.167213,-0.316492,2026-08-17
SPY,772.67,2026-10-30,74,Put,775.00,+0.30%,18.87,18.93,626,12.78%,14.12%,1.375541,-0.482608,2026-08-17
SPY,772.67,2026-08-31,14,Put,749.00,-3.06%,1.28,1.3,678,12.78%,14.15%,0.304223,-0.120871,2026-08-17
QQQ,729.87,2026-08-21,4,Call,744.00,-1.94%,0.51,0.55,1092,18.76%,14.16%,0.137392,0.103392,2026-08-17
IWM,304.06,2026-08-19,2,Put,303.00,-0.35%,0.77,0.82,2286,16.73%,14.17%,0.084442,-0.363144,2026-08-17
SPY,772.67,2026-12-18,123,Call,800.00,-3.54%,17.04,17.08,1311,12.78%,14.17%,1.724306,0.395958,2026-08-17
IWM,304.06,2026-08-24,7,Put,300.00,-1.34%,0.81,0.86,5772,16.73%,14.18%,0.12984,-0.236547,2026-08-17
QQQ,729.87,2026-08-19,2,Call,731.00,-0.15%,2.56,2.61,3743,18.76%,14.18%,0.213843,0.450207,2026-08-17
QQQ,729.87,2026-08-20,3,Call,736.00,-0.84%,1.49,1.54,668,18.76%,14.19%,0.21739,0.266606,2026-08-17
SPY,772.67,2026-09-18,32,Put,760.00,-1.64%,6.9,6.93,3337,12.78%,14.19%,0.818748,-0.321531,2026-08-17
SPY,772.67,2026-08-21,4,Put,756.00,-2.16%,0.34,0.35,1218,12.78%,14.21%,0.106013,-0.067836,2026-08-17
IWM,304.06,2026-08-20,3,Put,303.00,-0.35%,1.04,1.09,618,16.73%,14.22%,0.105372,-0.385339,2026-08-17
QQQ,729.87,2026-08-18,1,Call,729.00,+0.12%,2.64,2.69,9140,18.76%,14.22%,0.150057,0.569852,2026-08-17
TLT,81.35,2026-12-18,123,Put,82.00,+0.80%,2.72,2.75,3235,11.58%,14.23%,0.186208,-0.497405,2026-08-17
QQQ,729.87,2026-08-21,4,Call,743.00,-1.80%,0.63,0.68,843,18.76%,14.26%,0.154986,0.122396,2026-08-17
TLT,81.35,2026-12-18,123,Put,78.00,-4.12%,1.11,1.13,2599,11.58%,14.27%,0.153855,-0.264548,2026-08-17
QQQ,729.87,2026-08-24,7,Call,727.00,+0.39%,7.5,7.62,1812,18.76%,14.28%,0.391673,0.595072,2026-08-17
TLT,81.35,2026-12-18,123,Put,86.00,+5.72%,5.05,5.6,635,11.58%,14.28%,0.150793,-0.732586,2026-08-17
IWM,304.06,2026-09-04,18,Call,311.00,-2.28%,1.44,1.49,2151,16.73%,14.29%,0.217375,0.256375,2026-08-17
SPY,772.67,2026-09-18,32,Put,759.00,-1.77%,6.65,6.7,1011,12.78%,14.30%,0.807879,-0.311567,2026-08-17
TLT,81.35,2026-09-18,32,Put,84.00,+3.26%,2.97,3.05,956,11.58%,14.32%,0.072788,-0.76703,2026-08-17
QQQ,729.87,2026-08-21,4,Call,742.00,-1.66%,0.77,0.82,1478,18.76%,14.33%,0.172352,0.14279,2026-08-17
SPY,772.67,2026-08-31,14,Put,748.00,-3.19%,1.21,1.23,593,12.78%,14.33%,0.292368,-0.114271,2026-08-17
IWM,304.06,2026-09-18,32,Call,325.00,-6.89%,0.37,0.39,966,16.73%,14.34%,0.118131,0.06795,2026-08-17
QQQ,729.87,2026-08-20,3,Call,735.00,-0.70%,1.8,1.86,1818,18.76%,14.34%,0.231564,0.304402,2026-08-17
SPY,772.67,2026-09-18,32,Call,760.00,+1.64%,21.24,21.75,1191,12.78%,14.34%,0.817113,0.679802,2026-08-17
IWM,304.06,2026-08-28,11,Call,305.00,-0.31%,2.66,2.72,694,16.73%,14.36%,0.209845,0.468213,2026-08-17
SPY,772.67,2026-11-20,95,Call,785.00,-1.60%,19.58,19.62,530,12.78%,14.36%,1.564477,0.469134,2026-08-17
SPY,772.67,2026-08-27,10,Put,750.00,-2.93%,0.85,0.86,658,12.78%,14.36%,0.220927,-0.097869,2026-08-17
QQQ,729.87,2026-08-25,8,Call,730.00,-0.02%,6.33,6.45,917,18.76%,14.37%,0.430742,0.514258,2026-08-17
QQQ,729.87,2026-08-19,2,Call,730.00,-0.02%,3.06,3.14,5422,18.76%,14.38%,0.21552,0.502133,2026-08-17
IWM,304.06,2026-09-18,32,Call,320.00,-5.24%,0.82,0.85,616,16.73%,14.39%,0.191242,0.130823,2026-08-17
XLF,57.58,2026-09-18,32,Call,60.00,-4.20%,0.21,0.28,1147,13.42%,14.39%,0.045647,0.186019,2026-08-17
QQQ,729.87,2026-08-18,1,Call,728.00,+0.26%,3.26,3.33,2667,18.76%,14.41%,0.143052,0.639,2026-08-17
QQQ,729.87,2026-08-21,4,Call,741.00,-1.52%,0.93,0.99,825,18.76%,14.41%,0.189984,0.165432,2026-08-17
QQQ,729.87,2026-08-21,4,Call,740.00,-1.39%,1.12,1.15,12507,18.76%,14.42%,0.206549,0.188831,2026-08-17
RSP,220.79,2026-09-18,32,Put,215.00,-2.62%,1.1,1.7,2236,14.46%,14.42%,0.205635,-0.245692,2026-08-17
SPY,772.67,2026-09-18,32,Put,758.00,-1.90%,6.43,6.47,1022,12.78%,14.42%,0.796805,-0.301956,2026-08-17
IWM,304.06,2026-08-21,4,Call,303.00,+0.35%,2.41,2.51,554,16.73%,14.43%,0.122812,0.601694,2026-08-17
SPY,772.67,2026-08-19,2,Put,758.00,-1.90%,0.11,0.12,939,12.78%,14.44%,0.044227,-0.035027,2026-08-17
QQQ,729.87,2026-08-18,1,Call,727.00,+0.39%,3.92,4.02,1707,18.76%,14.45%,0.131969,0.704205,2026-08-17
XLP,84.68,2026-08-21,4,Put,85.00,+0.38%,0.5,0.85,879,16.83%,14.46%,0.03443,-0.590122,2026-08-17
QQQ,729.87,2026-08-20,3,Call,734.00,-0.57%,2.14,2.22,1366,18.76%,14.47%,0.24335,0.34338,2026-08-17
QQQ,729.87,2026-08-24,7,Put,730.00,+0.02%,5.65,5.75,871,18.76%,14.47%,0.402768,-0.490088,2026-08-17
TLT,81.35,2027-06-17,304,Put,75.00,-7.81%,1.28,1.36,4010,11.58%,14.47%,0.210546,-0.207816,2026-08-17
IWM,304.06,2026-08-21,4,Put,303.00,-0.35%,1.3,1.35,4635,16.73%,14.50%,0.12293,-0.399964,2026-08-17
SPY,772.67,2026-08-31,14,Put,747.00,-3.32%,1.15,1.17,794,12.78%,14.53%,0.281492,-0.108377,2026-08-17
QQQ,729.87,2026-08-21,4,Call,739.00,-1.25%,1.32,1.4,931,18.76%,14.54%,0.223869,0.216039,2026-08-17
SPY,772.67,2026-09-18,32,Put,757.00,-2.03%,6.22,6.25,912,12.78%,14.54%,0.785516,-0.292646,2026-08-17
TLT,81.35,2027-03-19,214,Put,75.00,-7.81%,0.93,0.97,803,11.58%,14.54%,0.164913,-0.184174,2026-08-17
SPY,772.67,2026-08-21,4,Put,755.00,-2.29%,0.31,0.32,5980,12.78%,14.57%,0.098185,-0.061456,2026-08-17
XLF,57.58,2026-09-18,32,Call,58.00,-0.73%,0.65,1.06,1076,13.42%,14.58%,0.067641,0.461851,2026-08-17
IWM,304.06,2026-09-18,32,Call,316.00,-3.93%,1.48,1.53,560,16.73%,14.59%,0.257444,0.207356,2026-08-17
QQQ,729.87,2026-08-31,14,Call,765.00,-4.81%,0.48,0.51,2226,18.76%,14.59%,0.161928,0.056276,2026-08-17
QQQ,729.87,2026-08-24,7,Call,725.00,+0.67%,8.85,8.96,525,18.76%,14.60%,0.376192,0.645121,2026-08-17
QQQ,729.87,2026-08-31,14,Call,762.00,-4.40%,0.66,0.7,551,18.76%,14.60%,0.199769,0.073749,2026-08-17
TLT,81.35,2027-01-15,151,Put,75.00,-7.81%,0.65,0.66,650,11.58%,14.60%,0.125632,-0.15756,2026-08-17
IWM,304.06,2026-08-28,11,Call,304.00,+0.02%,3.2,3.26,714,16.73%,14.62%,0.210225,0.520534,2026-08-17
QQQ,729.87,2026-08-18,1,Call,725.00,+0.67%,5.44,5.58,717,18.76%,14.64%,0.102649,0.813006,2026-08-17
SPY,772.67,2026-08-28,11,Put,750.00,-2.93%,1.07,1.09,17180,12.78%,14.64%,0.255957,-0.112295,2026-08-17
QQQ,729.87,2026-08-21,4,Call,738.00,-1.11%,1.59,1.63,1452,18.76%,14.65%,0.239977,0.244607,2026-08-17
SPY,772.67,2026-09-11,25,Put,750.00,-2.93%,3.36,3.39,960,12.78%,14.65%,0.567036,-0.200709,2026-08-17
IWM,304.06,2026-09-18,32,Call,315.00,-3.60%,1.7,1.76,7388,16.73%,14.66%,0.273365,0.230148,2026-08-17
SPY,772.67,2026-09-18,32,Put,756.00,-2.16%,6.01,6.04,906,12.78%,14.66%,0.773943,-0.283585,2026-08-17
QQQ,729.87,2026-08-20,3,Call,733.00,-0.43%,2.55,2.63,1232,18.76%,14.68%,0.252729,0.384032,2026-08-17
SPY,772.67,2026-11-20,95,Call,780.00,-0.95%,22.35,22.39,2276,12.78%,14.68%,1.568694,0.504359,2026-08-17
QQQ,729.87,2026-08-18,1,Call,726.00,+0.53%,4.67,4.79,568,18.76%,14.69%,0.118692,0.760238,2026-08-17
TLT,81.35,2026-09-18,32,Put,77.00,-5.35%,0.15,0.16,6120,11.58%,14.69%,0.039875,-0.092402,2026-08-17
QQQ,729.87,2026-08-31,14,Call,757.00,-3.72%,1.11,1.17,1740,18.76%,14.70%,0.274106,0.113056,2026-08-17
SPY,772.67,2026-08-31,14,Put,746.00,-3.45%,1.09,1.11,1401,12.78%,14.71%,0.270625,-0.102633,2026-08-17
IWM,304.06,2026-09-18,32,Call,314.00,-3.27%,1.95,2.01,1578,16.73%,14.74%,0.288483,0.25418,2026-08-17
QQQ,729.87,2026-08-20,3,Call,732.00,-0.29%,2.99,3.02,2036,18.76%,14.74%,0.259169,0.424104,2026-08-17
SPY,772.67,2026-09-04,18,Put,750.00,-2.93%,2.28,2.31,1298,12.78%,14.75%,0.430686,-0.16794,2026-08-17
TLT,81.35,2028-01-21,522,Put,80.00,-1.66%,3.8,4,10655,11.58%,14.75%,0.357478,-0.374832,2026-08-17
TLT,81.35,2027-01-15,151,Put,85.00,+4.49%,4.85,4.9,10100,11.58%,14.77%,0.189426,-0.647832,2026-08-17
IWM,304.06,2026-08-28,11,Put,303.00,-0.35%,2.47,2.55,1042,16.73%,14.78%,0.207227,-0.43107,2026-08-17
SPY,772.67,2026-09-18,32,Put,755.00,-2.29%,5.81,5.84,1288,12.78%,14.78%,0.762233,-0.274824,2026-08-17
XLF,57.58,2026-09-18,32,Put,56.00,-2.74%,0.21,0.52,8273,13.42%,14.78%,0.053084,-0.241085,2026-08-17
IWM,304.06,2026-08-19,2,Put,302.00,-0.68%,0.51,0.55,898,16.73%,14.79%,0.07324,-0.26167,2026-08-17
SPY,772.67,2028-12-15,851,Call,"1,170.00",-51.42%,5.93,6.02,500,12.78%,14.80%,1.773826,0.081754,2026-08-17
QQQ,729.87,2026-08-21,4,Call,737.00,-0.98%,1.87,1.94,848,18.76%,14.81%,0.255146,0.275467,2026-08-17
QQQ,729.87,2026-08-31,14,Call,752.00,-3.03%,1.82,1.89,593,18.76%,14.87%,0.356736,0.166383,2026-08-17
SPY,772.67,2026-08-20,3,Put,755.00,-2.29%,0.17,0.18,835,12.78%,14.88%,0.061827,-0.041192,2026-08-17
SPY,772.67,2026-08-31,14,Put,745.00,-3.58%,1.03,1.05,2181,12.78%,14.88%,0.259747,-0.097027,2026-08-17
TLT,81.35,2026-12-18,123,Put,84.00,+3.26%,4,4.05,920,11.58%,14.88%,0.177486,-0.613139,2026-08-17
SPY,772.67,2028-12-15,851,Call,"1,250.00",-61.78%,3.14,3.22,800,12.78%,14.89%,1.158099,0.04724,2026-08-17
SPY,772.67,2026-08-21,4,Put,754.00,-2.42%,0.28,0.29,1261,12.78%,14.89%,0.09046,-0.055367,2026-08-17
TLT,81.35,2027-01-15,151,Put,74.00,-9.04%,0.52,0.53,648,11.58%,14.89%,0.110187,-0.129633,2026-08-17
SPY,772.67,2026-10-16,60,Put,760.00,-1.64%,11.59,11.63,1331,12.78%,14.90%,1.165819,-0.357671,2026-08-17
VWO,60.39,2026-09-18,32,Call,62.00,-2.67%,0.45,0.55,604,16.76%,14.90%,0.062318,0.301884,2026-08-17
SPY,772.67,2026-09-18,32,Put,754.00,-2.42%,5.62,5.65,589,12.78%,14.91%,0.750439,-0.266378,2026-08-17
QQQ,729.87,2026-08-25,8,Put,730.00,+0.02%,6.24,6.33,999,18.76%,14.95%,0.430544,-0.489,2026-08-17
QQQ,729.87,2026-08-21,4,Call,736.00,-0.84%,2.19,2.27,1348,18.76%,14.96%,0.268506,0.307292,2026-08-17
XLF,57.58,2026-10-16,60,Call,60.00,-4.20%,0.46,0.72,612,13.42%,14.96%,0.078619,0.280823,2026-08-17
QQQ,729.87,2026-08-20,3,Call,731.00,-0.15%,3.45,3.56,1147,18.76%,14.97%,0.26295,0.465138,2026-08-17
QQQ,729.87,2026-08-31,14,Call,750.00,-2.76%,2.21,2.27,639,18.76%,14.98%,0.39048,0.192085,2026-08-17
TLT,81.35,2028-06-16,669,Put,75.00,-7.81%,2.39,2.79,606,11.58%,14.98%,0.339571,-0.248328,2026-08-17
XLF,57.58,2027-01-15,151,Call,65.00,-12.89%,0.32,0.42,1025,13.42%,15.00%,0.081027,0.13681,2026-08-17
QQQ,729.87,2026-08-19,2,Put,735.00,+0.70%,6.13,6.59,800,18.76%,15.02%,0.178068,-0.731121,2026-08-17
IWM,304.06,2026-08-21,4,Call,302.00,+0.68%,3.11,3.22,1792,16.73%,15.03%,0.114303,0.676598,2026-08-17
IWM,304.06,2026-08-21,4,Put,302.00,-0.68%,1,1.04,1094,16.73%,15.03%,0.114425,-0.324192,2026-08-17
SPY,772.67,2026-08-28,11,Put,748.00,-3.19%,0.95,0.96,1031,12.78%,15.03%,0.234051,-0.099223,2026-08-17
SPY,772.67,2026-09-18,32,Put,753.00,-2.55%,5.44,5.46,602,12.78%,15.03%,0.738481,-0.258156,2026-08-17
IWM,304.06,2026-09-18,32,Call,311.00,-2.28%,2.87,2.94,1722,16.73%,15.04%,0.327019,0.332956,2026-08-17
SPY,772.67,2026-08-20,3,Put,754.00,-2.42%,0.14,0.15,938,12.78%,15.04%,0.053689,-0.03465,2026-08-17
TLT,81.35,2028-06-16,669,Put,80.00,-1.66%,4.2,4.7,708,11.58%,15.04%,0.399252,-0.371692,2026-08-17
QQQ,729.87,2026-08-21,4,Call,735.00,-0.70%,2.55,2.6,16712,18.76%,15.06%,0.279782,0.339494,2026-08-17
SPY,772.67,2027-09-17,396,Put,850.00,+10.01%,83,87.84,2997,12.78%,15.06%,2.346941,-0.73063,2026-08-17
XLU,44.18,2026-09-18,32,Put,43.00,-2.67%,0.3,0.37,1094,18.44%,15.09%,0.043205,-0.270541,2026-08-17
IWM,304.06,2026-09-18,32,Call,310.00,-1.95%,3.23,3.31,1210,16.73%,15.14%,0.336833,0.360683,2026-08-17
IWM,304.06,2026-09-30,44,Call,315.00,-3.60%,2.66,2.73,745,16.73%,15.15%,0.354835,0.279497,2026-08-17
SPY,772.67,2026-09-18,32,Put,752.00,-2.68%,5.26,5.28,698,12.78%,15.15%,0.726393,-0.250102,2026-08-17
QQQ,729.87,2026-08-20,3,Call,730.00,-0.02%,3.98,4.09,1320,18.76%,15.16%,0.263934,0.505333,2026-08-17
SPY,772.67,2026-08-21,4,Put,753.00,-2.55%,0.25,0.26,942,12.78%,15.17%,0.082787,-0.049517,2026-08-17
TLT,81.35,2027-01-15,151,Put,86.00,+5.72%,5.6,5.7,935,11.58%,15.18%,0.177867,-0.693431,2026-08-17
QQQ,729.87,2026-08-28,11,Call,760.00,-4.13%,0.56,0.6,1609,18.76%,15.19%,0.168206,0.068972,2026-08-17
QQQ,729.87,2026-08-28,11,Call,765.00,-4.81%,0.32,0.33,14989,18.76%,15.21%,0.113291,0.041856,2026-08-17
SPY,772.67,2026-08-28,11,Put,747.00,-3.32%,0.89,0.91,815,12.78%,15.23%,0.223872,-0.093397,2026-08-17
QQQ,729.87,2026-08-21,4,Call,734.00,-0.57%,2.94,3.02,4950,18.76%,15.25%,0.289289,0.37329,2026-08-17
QQQ,729.87,2026-08-31,14,Call,745.00,-2.07%,3.4,3.5,1385,18.76%,15.26%,0.467545,0.264321,2026-08-17
SPY,772.67,2026-08-31,14,Put,743.00,-3.84%,0.93,0.95,1210,12.78%,15.26%,0.240245,-0.087318,2026-08-17
QQQ,729.87,2026-08-28,11,Call,755.00,-3.44%,1,1.04,543,18.76%,15.29%,0.23856,0.110198,2026-08-17
QQQ,729.87,2026-08-19,2,Put,733.00,+0.43%,4.96,5.1,3096,18.76%,15.29%,0.201718,-0.641341,2026-08-17
QQQ,729.87,2026-08-19,2,Put,734.00,+0.57%,5.5,5.9,2092,18.76%,15.31%,0.191638,-0.685467,2026-08-17
IWM,304.06,2026-08-18,1,Put,302.00,-0.68%,0.26,0.27,7075,16.73%,15.34%,0.043897,-0.195142,2026-08-17
QQQ,729.87,2026-08-19,2,Put,732.00,+0.29%,4.36,4.48,4827,18.76%,15.35%,0.209353,-0.594631,2026-08-17
QQQ,729.87,2026-08-20,3,Put,735.00,+0.70%,6.78,7.27,607,18.76%,15.36%,0.234387,-0.686215,2026-08-17
INDA,49.58,2027-01-15,151,Call,55.00,-10.93%,0.35,0.7,5000,12.39%,15.37%,0.089472,0.200722,2026-08-17
XLF,57.58,2026-10-16,60,Call,62.00,-7.68%,0.05,0.44,1002,13.42%,15.37%,0.051437,0.138046,2026-08-17
SPY,772.67,2026-09-11,25,Put,745.00,-3.58%,2.79,2.82,976,12.78%,15.39%,0.505137,-0.166706,2026-08-17
IWM,304.06,2026-09-04,18,Put,304.00,-0.02%,3.91,3.99,517,16.73%,15.41%,0.268655,-0.479258,2026-08-17
QQQ,729.87,2026-08-31,14,Call,780.00,-6.87%,0.11,0.14,6348,18.76%,15.41%,0.057283,0.016018,2026-08-17
SPY,772.67,2026-09-18,32,Put,750.00,-2.93%,4.93,4.95,5463,12.78%,15.41%,0.702379,-0.234938,2026-08-17
SPY,772.67,2026-08-28,11,Put,746.00,-3.45%,0.84,0.86,538,12.78%,15.43%,0.214268,-0.088034,2026-08-17
QQQ,729.87,2026-08-21,4,Call,733.00,-0.43%,3.38,3.46,2751,18.76%,15.44%,0.296519,0.407255,2026-08-17
QQQ,729.87,2026-08-28,11,Call,770.00,-5.50%,0.18,0.2,591,18.76%,15.44%,0.076061,0.025807,2026-08-17
IWM,304.06,2026-08-28,11,Put,301.00,-1.01%,1.83,1.9,787,16.73%,15.48%,0.193125,-0.339111,2026-08-17
QQQ,729.87,2026-08-28,11,Call,750.00,-2.76%,1.72,1.75,14540,18.76%,15.49%,0.318162,0.167974,2026-08-17
QQQ,729.87,2026-08-18,1,Put,735.00,+0.70%,5.58,5.87,7974,18.76%,15.49%,0.105501,-0.80412,2026-08-17
QQQ,729.87,2026-08-21,4,Put,737.00,+0.98%,8.72,9.25,987,18.76%,15.50%,0.256992,-0.719303,2026-08-17
SPY,772.67,2026-08-20,3,Put,753.00,-2.55%,0.13,0.14,839,12.78%,15.50%,0.049875,-0.031685,2026-08-17
QQQ,729.87,2026-08-21,4,Call,732.50,-0.36%,3.61,3.69,1553,18.76%,15.53%,0.299269,0.424164,2026-08-17
QQQ,729.87,2026-08-18,1,Put,733.00,+0.43%,4.16,4.28,28097,18.76%,15.53%,0.133383,-0.696919,2026-08-17
SPY,772.67,2026-08-21,4,Put,752.00,-2.68%,0.23,0.24,3171,12.78%,15.53%,0.076962,-0.045208,2026-08-17
SPY,772.67,2026-09-18,32,Put,749.00,-3.06%,4.77,4.8,510,12.78%,15.54%,0.69037,-0.227777,2026-08-17
IWM,304.06,2026-10-16,60,Call,330.00,-8.53%,1.03,1.09,5047,16.73%,15.57%,0.240685,0.116017,2026-08-17
QQQ,729.87,2026-08-19,2,Put,731.00,+0.15%,3.83,3.95,6208,18.76%,15.57%,0.214008,-0.546478,2026-08-17
QQQ,729.87,2026-08-31,14,Call,740.00,-1.39%,5.06,5.1,632,18.76%,15.58%,0.527245,0.346157,2026-08-17
HYG,79.61,2028-01-21,522,Put,75.00,-5.79%,1.9,4,585,4.01%,15.60%,0.320606,-0.293668,2026-08-17
SPY,772.67,2026-09-04,18,Put,745.00,-3.58%,1.83,1.86,1819,12.78%,15.60%,0.371672,-0.134575,2026-08-17
IWM,304.06,2026-08-19,2,Put,301.00,-1.01%,0.35,0.37,1327,16.73%,15.62%,0.060312,-0.186171,2026-08-17
QQQ,729.87,2026-08-21,4,Call,732.00,-0.29%,3.85,3.93,3256,18.76%,15.62%,0.301459,0.441058,2026-08-17
QQQ,729.87,2026-08-28,11,Call,748.00,-2.48%,2.1,2.16,962,18.76%,15.62%,0.350671,0.196243,2026-08-17
QQQ,729.87,2026-08-18,1,Put,732.00,+0.29%,3.53,3.6,40919,18.76%,15.63%,0.143581,-0.634761,2026-08-17
IWM,304.06,2026-08-21,4,Put,301.00,-1.01%,0.77,0.81,9618,16.73%,15.64%,0.103342,-0.26053,2026-08-17
QQQ,729.87,2026-08-25,8,Put,725.00,-0.67%,4.34,4.43,744,18.76%,15.64%,0.40856,-0.372081,2026-08-17
SPY,772.67,2026-08-28,11,Put,745.00,-3.58%,0.8,0.81,4759,12.78%,15.64%,0.205276,-0.083134,2026-08-17
TLT,81.35,2026-12-18,123,Put,73.00,-10.26%,0.33,0.34,570,11.58%,15.64%,0.07889,-0.093719,2026-08-17
QQQ,729.87,2026-08-28,11,Call,747.00,-2.35%,2.31,2.38,812,18.76%,15.68%,0.366169,0.211004,2026-08-17
XLF,57.58,2026-10-16,60,Put,56.00,-2.74%,0.5,0.93,10047,13.42%,15.68%,0.080963,-0.299564,2026-08-17
QQQ,729.87,2026-08-21,4,Put,735.00,+0.70%,7.57,7.73,3110,18.76%,15.69%,0.280463,-0.657261,2026-08-17
QQQ,729.87,2026-08-20,3,Put,733.00,+0.43%,5.74,5.86,1242,18.76%,15.69%,0.253581,-0.610584,2026-08-17
QQQ,729.87,2026-08-18,1,Put,734.00,+0.57%,4.9,5.04,20288,18.76%,15.71%,0.12112,-0.750713,2026-08-17
SCHD,34.29,2026-10-16,60,Put,32.00,-6.68%,0.1,0.15,773,11.58%,15.72%,0.026923,-0.11471,2026-08-17
SPY,772.67,2026-08-21,4,Put,751.00,-2.80%,0.2,0.21,10698,12.78%,15.72%,0.069331,-0.039732,2026-08-17
QQQ,729.87,2026-08-21,4,Call,731.00,-0.15%,4.34,4.44,2903,18.76%,15.78%,0.30417,0.474551,2026-08-17
SPY,772.67,2026-09-18,32,Put,747.00,-3.32%,4.48,4.5,1120,12.78%,15.79%,0.666354,-0.214115,2026-08-17
QQQ,729.87,2026-08-28,11,Call,745.00,-2.07%,2.8,2.88,2176,18.76%,15.83%,0.396343,0.242787,2026-08-17
SPY,772.67,2026-10-16,60,Put,750.00,-2.93%,9.21,9.24,4226,12.78%,15.83%,1.06842,-0.289055,2026-08-17
QQQ,729.87,2026-08-18,1,Put,731.00,+0.15%,2.95,3.03,25896,18.76%,15.84%,0.150063,-0.569242,2026-08-17
QQQ,729.87,2026-08-21,4,Put,734.00,+0.57%,6.96,7.13,4530,18.76%,15.84%,0.289537,-0.624684,2026-08-17
SPY,772.67,2026-08-31,14,Put,740.00,-4.23%,0.81,0.82,1477,12.78%,15.84%,0.21424,-0.075015,2026-08-17
QQQ,729.87,2026-08-24,7,Put,721.00,-1.22%,2.72,2.81,512,18.76%,15.86%,0.338283,-0.276822,2026-08-17
QQQ,729.87,2026-08-20,3,Put,732.00,+0.29%,5.18,5.31,1196,18.76%,15.86%,0.259424,-0.57234,2026-08-17
IWM,304.06,2026-08-28,11,Put,300.00,-1.34%,1.58,1.64,714,16.73%,15.87%,0.183247,-0.299264,2026-08-17
QQQ,729.87,2026-08-19,2,Put,730.00,+0.02%,3.41,3.45,9254,18.76%,15.88%,0.21547,-0.498947,2026-08-17
IWM,304.06,2026-08-24,7,Put,297.00,-2.32%,0.45,0.48,1562,16.73%,15.90%,0.091859,-0.135949,2026-08-17
TLT,81.35,2027-06-17,304,Call,110.00,-35.22%,0.12,0.15,102887,11.58%,15.91%,0.051564,0.030828,2026-08-17
SPY,772.67,2026-09-18,32,Put,746.00,-3.45%,4.34,4.36,1072,12.78%,15.92%,0.65439,-0.2076,2026-08-17
QQQ,729.87,2026-08-21,4,Put,733.00,+0.43%,6.38,6.54,5970,18.76%,15.94%,0.296345,-0.592257,2026-08-17
QQQ,729.87,2026-09-04,18,Call,770.00,-5.50%,0.82,0.86,2147,18.76%,15.95%,0.226545,0.073761,2026-08-17
IWM,304.06,2026-09-04,18,Put,302.00,-0.68%,3.15,3.22,564,16.73%,15.96%,0.261494,-0.405469,2026-08-17
QQQ,729.87,2026-08-28,11,Call,743.00,-1.80%,3.35,3.44,2066,18.76%,15.96%,0.423613,0.27615,2026-08-17
QQQ,729.87,2026-08-21,4,Call,730.00,-0.02%,4.9,4.98,10203,18.76%,15.99%,0.304734,0.507587,2026-08-17
QQQ,729.87,2026-08-24,7,Put,720.00,-1.35%,2.5,2.58,1500,18.76%,16.01%,0.326429,-0.257929,2026-08-17
QQQ,729.87,2026-08-21,4,Put,732.50,+0.36%,6.11,6.26,1573,18.76%,16.01%,0.299063,-0.575799,2026-08-17
QQQ,729.87,2026-09-11,25,Call,770.00,-5.50%,1.65,1.71,763,18.76%,16.03%,0.369904,0.11463,2026-08-17
SPY,772.67,2026-08-28,11,Put,743.00,-3.84%,0.71,0.72,530,12.78%,16.03%,0.18737,-0.073706,2026-08-17
SPY,772.67,2027-01-15,151,Put,765.00,-0.99%,24.24,24.31,1338,12.78%,16.03%,1.912121,-0.408218,2026-08-17
SPY,772.67,2026-09-18,32,Put,745.00,-3.58%,4.21,4.23,2908,12.78%,16.05%,0.642695,-0.201404,2026-08-17
TLT,81.35,2028-12-15,851,Put,80.00,-1.66%,5.1,5.45,852,11.58%,16.06%,0.442722,-0.366542,2026-08-17
QQQ,729.87,2026-08-18,1,Put,730.00,+0.02%,2.47,2.5,72809,18.76%,16.07%,0.152372,-0.503391,2026-08-17
XLV,167.05,2028-01-21,522,Call,170.00,-1.77%,13.7,17.5,758,19.19%,16.07%,0.762293,0.607237,2026-08-17
QQQ,729.87,2026-08-20,3,Put,731.00,+0.15%,4.67,4.82,1021,18.76%,16.08%,0.262934,-0.533799,2026-08-17
XLF,57.58,2026-09-18,32,Put,55.00,-4.48%,0.14,0.3,3874,13.42%,16.08%,0.040008,-0.15156,2026-08-17
QQQ,729.87,2026-09-11,25,Call,780.00,-6.87%,0.86,0.9,7419,18.76%,16.09%,0.246158,0.066372,2026-08-17
QQQ,729.87,2026-08-31,14,Call,735.00,-0.70%,7.2,7.3,7084,18.76%,16.09%,0.562274,0.433699,2026-08-17
QQQ,729.87,2026-08-19,2,Put,729.00,-0.12%,2.97,3.02,3139,18.76%,16.09%,0.213987,-0.452914,2026-08-17
SPY,772.67,2027-06-17,304,Put,800.00,+3.54%,51.59,51.73,5986,12.78%,16.09%,2.691778,-0.538099,2026-08-17
QQQ,729.87,2026-08-21,4,Put,732.00,+0.29%,5.85,6,4438,18.76%,16.10%,0.3012,-0.559329,2026-08-17
SPY,772.67,2026-09-04,18,Put,742.00,-3.97%,1.61,1.64,742,12.78%,16.11%,0.339453,-0.11815,2026-08-17
SPY,772.67,2026-12-18,123,Put,760.00,-1.64%,19.88,19.93,1477,12.78%,16.11%,1.697506,-0.381218,2026-08-17
QQQ,729.87,2026-08-21,4,Call,729.00,+0.12%,5.44,5.56,596,18.76%,16.14%,0.303263,0.539892,2026-08-17
SPY,772.67,2026-10-30,74,Put,750.00,-2.93%,11.26,11.3,2562,12.78%,16.15%,1.215068,-0.305046,2026-08-17
SPY,772.67,2026-09-11,25,Put,740.00,-4.23%,2.34,2.37,1121,12.78%,16.15%,0.448411,-0.139302,2026-08-17
SPY,772.67,2026-08-21,4,Put,750.00,-2.93%,0.19,0.2,19029,12.78%,16.16%,0.065602,-0.037127,2026-08-17
IWM,304.06,2026-08-20,3,Put,300.00,-1.34%,0.4,0.44,3749,16.73%,16.17%,0.070833,-0.174138,2026-08-17
SPY,772.67,2026-09-18,32,Put,744.00,-3.71%,4.08,4.1,627,12.78%,16.18%,0.630903,-0.195252,2026-08-17
SPY,772.67,2026-08-18,1,Put,779.00,+0.82%,6.17,7.59,907,12.78%,16.19%,0.102002,-0.8306,2026-08-17
IWM,304.06,2026-08-21,4,Put,300.00,-1.34%,0.6,0.62,4466,16.73%,16.24%,0.091117,-0.207639,2026-08-17
QQQ,729.87,2026-08-20,3,Put,730.00,+0.02%,4.21,4.32,4263,18.76%,16.24%,0.263881,-0.496192,2026-08-17
QQQ,729.87,2026-08-28,11,Call,740.00,-1.39%,4.36,4.44,3063,18.76%,16.25%,0.458812,0.329996,2026-08-17
QQQ,729.87,2026-08-21,4,Put,731.00,+0.15%,5.36,5.48,7036,18.76%,16.25%,0.303947,-0.526597,2026-08-17
TLT,81.35,2028-01-21,522,Call,120.00,-47.51%,0.23,0.28,63166,11.58%,16.26%,0.087325,0.042273,2026-08-17
SPY,772.67,2026-09-04,18,Put,741.00,-4.10%,1.55,1.57,1152,12.78%,16.28%,0.329382,-0.113245,2026-08-17
SPY,772.67,2028-12-15,851,Call,"1,480.00",-91.54%,0.9,0.91,561,12.78%,16.29%,0.429697,0.014379,2026-08-17
XLU,44.18,2026-09-18,32,Call,45.00,-1.86%,0.45,0.54,1312,18.44%,16.29%,0.048496,0.353192,2026-08-17
SPY,772.67,2027-12-17,487,Put,830.00,+7.42%,77.21,77.46,556,12.78%,16.30%,3.1955,-0.600739,2026-08-17
SPY,772.67,2027-09-17,396,Put,815.00,+5.48%,64.74,64.93,3023,12.78%,16.31%,3.026982,-0.563422,2026-08-17
QQQ,729.87,2026-08-21,4,Call,728.00,+0.26%,6.03,6.18,573,18.76%,16.32%,0.299913,0.571249,2026-08-17
SPY,772.67,2026-09-18,32,Put,743.00,-3.84%,3.96,3.98,987,12.78%,16.32%,0.619419,-0.189473,2026-08-17
QQQ,729.87,2026-08-19,2,Put,728.00,-0.26%,2.6,2.64,1848,18.76%,16.37%,0.209869,-0.409059,2026-08-17
XLF,57.58,2027-01-15,151,Put,58.00,+0.73%,2.11,2.6,3333,13.42%,16.37%,0.145879,-0.478882,2026-08-17
XLF,57.58,2027-01-15,151,Call,60.00,-4.20%,1.52,1.83,3172,13.42%,16.41%,0.143172,0.406693,2026-08-17
QQQ,729.87,2026-08-21,4,Call,727.50,+0.32%,6.34,6.5,576,18.76%,16.42%,0.297592,0.586508,2026-08-17
SPY,772.67,2026-08-21,4,Put,749.00,-3.06%,0.17,0.18,935,12.78%,16.42%,0.060005,-0.033302,2026-08-17
SPY,772.67,2026-09-18,32,Put,742.00,-3.97%,3.84,3.86,545,12.78%,16.45%,0.607844,-0.183787,2026-08-17
QQQ,729.87,2026-08-18,1,Put,729.00,-0.12%,2.05,2.09,23299,18.76%,16.46%,0.150652,-0.439857,2026-08-17
SPY,772.67,2026-09-04,18,Put,740.00,-4.23%,1.49,1.51,929,12.78%,16.46%,0.319756,-0.108651,2026-08-17
QQQ,729.87,2026-08-21,4,Put,730.00,+0.02%,4.9,5.04,20331,18.76%,16.47%,0.304669,-0.494218,2026-08-17
QQQ,729.87,2026-08-20,3,Put,729.00,-0.12%,3.78,3.91,958,18.76%,16.48%,0.262533,-0.459501,2026-08-17
SPY,772.67,2026-08-20,3,Put,750.00,-2.93%,0.09,0.1,722,12.78%,16.49%,0.036789,-0.022012,2026-08-17
QQQ,729.87,2026-08-31,14,Call,731.00,-0.15%,9.24,9.36,3541,18.76%,16.50%,0.570136,0.502709,2026-08-17
QQQ,729.87,2026-09-18,32,Call,780.00,-6.87%,1.66,1.7,4939,18.76%,16.51%,0.382548,0.101193,2026-08-17
QQQ,729.87,2026-09-18,32,Call,775.00,-6.18%,2.17,2.25,605,18.76%,16.53%,0.449266,0.126788,2026-08-17
IWM,304.06,2026-08-19,2,Put,300.00,-1.34%,0.24,0.26,1239,16.73%,16.55%,0.04828,-0.132644,2026-08-17
QQQ,729.87,2026-09-18,32,Call,785.00,-7.55%,1.26,1.3,609,18.76%,16.55%,0.322527,0.080411,2026-08-17
IWM,304.06,2026-08-18,1,Put,301.00,-1.01%,0.15,0.16,5790,16.73%,16.56%,0.031693,-0.119234,2026-08-17
IWM,304.06,2026-09-04,18,Put,300.00,-1.34%,2.54,2.6,957,16.73%,16.57%,0.247107,-0.339573,2026-08-17
XLP,84.68,2026-12-18,123,Put,84.00,-0.80%,0.2,4.95,610,16.83%,16.57%,0.190423,-0.418837,2026-08-17
QQQ,729.87,2026-09-04,18,Call,750.00,-2.76%,3.87,3.97,2444,18.76%,16.58%,0.514122,0.249195,2026-08-17
QQQ,729.87,2026-08-21,4,Call,727.00,+0.39%,6.71,6.82,1219,18.76%,16.59%,0.294957,0.601041,2026-08-17
SPY,772.67,2026-08-31,14,Put,736.00,-4.75%,0.67,0.68,1808,12.78%,16.59%,0.183631,-0.061436,2026-08-17
QQQ,729.87,2026-08-21,4,Put,729.00,-0.12%,4.47,4.58,1462,18.76%,16.60%,0.303377,-0.462647,2026-08-17
QQQ,729.87,2026-09-18,32,Call,770.00,-5.50%,2.86,2.94,3586,18.76%,16.61%,0.520419,0.157524,2026-08-17
QQQ,729.87,2026-08-20,3,Put,728.00,-0.26%,3.39,3.48,988,18.76%,16.62%,0.259058,-0.423755,2026-08-17
QQQ,729.87,2026-08-19,2,Put,727.00,-0.39%,2.26,2.3,1891,18.76%,16.63%,0.203502,-0.367462,2026-08-17
SPY,772.67,2026-09-04,18,Put,739.00,-4.36%,1.43,1.45,682,12.78%,16.63%,0.31014,-0.104151,2026-08-17
SPY,772.67,2026-09-30,44,Put,740.00,-4.23%,5.21,5.24,742,12.78%,16.63%,0.758581,-0.203655,2026-08-17
SPY,772.67,2026-08-28,11,Put,740.00,-4.23%,0.61,0.62,571,12.78%,16.68%,0.165308,-0.062665,2026-08-17
SPY,772.67,2027-01-15,151,Put,755.00,-2.29%,21.26,21.33,1301,12.78%,16.68%,1.847058,-0.36162,2026-08-17
IWM,304.06,2026-08-28,11,Put,298.00,-1.99%,1.18,1.23,1303,16.73%,16.70%,0.160877,-0.23166,2026-08-17
RSP,220.79,2026-09-18,32,Put,210.00,-4.89%,0.6,1,1880,14.46%,16.71%,0.145898,-0.140648,2026-08-17
QQQ,729.87,2026-09-18,32,Call,765.00,-4.81%,3.73,3.82,9070,18.76%,16.72%,0.592557,0.193284,2026-08-17
QQQ,729.87,2026-08-21,4,Call,726.00,+0.53%,7.33,7.49,861,18.76%,16.72%,0.288351,0.63041,2026-08-17
QQQ,729.87,2026-08-28,11,Call,735.00,-0.70%,6.42,6.49,1284,18.76%,16.72%,0.496081,0.423457,2026-08-17
SPY,772.67,2026-09-18,32,Put,740.00,-4.23%,3.62,3.64,6020,12.78%,16.72%,0.585404,-0.173114,2026-08-17
SPY,772.67,2026-09-25,39,Put,740.00,-4.23%,4.6,4.63,1101,12.78%,16.72%,0.691798,-0.193173,2026-08-17
QQQ,729.87,2026-09-11,25,Call,750.00,-2.76%,5.68,5.78,1249,18.76%,16.74%,0.655535,0.291701,2026-08-17
XLV,167.05,2028-01-21,522,Call,220.00,-31.70%,0,5,750,19.19%,16.77%,0.47644,0.155612,2026-08-17
QQQ,729.87,2026-08-18,1,Put,728.00,-0.26%,1.69,1.72,17038,18.76%,16.78%,0.145462,-0.380139,2026-08-17
QQQ,729.87,2026-09-11,25,Call,800.00,-9.61%,0.24,0.28,7074,18.76%,16.81%,0.100591,0.022083,2026-08-17
QQQ,729.87,2026-08-21,4,Put,728.00,-0.26%,4.08,4.19,1997,18.76%,16.81%,0.30029,-0.432085,2026-08-17
SPY,772.67,2026-09-04,18,Put,738.00,-4.49%,1.38,1.39,649,12.78%,16.81%,0.301002,-0.099956,2026-08-17
QQQ,729.87,2026-08-24,7,Put,715.00,-2.04%,1.64,1.7,2254,18.76%,16.84%,0.264513,-0.179255,2026-08-17
SPY,772.67,2026-10-16,60,Put,740.00,-4.23%,7.42,7.45,1172,12.78%,16.84%,0.959372,-0.23414,2026-08-17
SPY,772.67,2026-12-18,123,Put,750.00,-2.93%,17.2,17.24,912,12.78%,16.84%,1.620591,-0.332358,2026-08-17
QQQ,729.87,2026-08-31,14,Put,730.00,+0.02%,9.22,9.34,560,18.76%,16.85%,0.569197,-0.484168,2026-08-17
SPY,772.67,2026-09-18,32,Put,739.00,-4.36%,3.51,3.53,22249,12.78%,16.85%,0.574085,-0.167914,2026-08-17
QQQ,729.87,2026-08-28,11,Call,734.00,-0.57%,6.89,7,2740,18.76%,16.86%,0.500144,0.442465,2026-08-17
QQQ,729.87,2026-08-20,3,Put,727.00,-0.39%,3.03,3.15,577,18.76%,16.88%,0.253796,-0.389843,2026-08-17
QQQ,729.87,2026-08-31,14,Call,727.00,+0.39%,11.51,11.71,1632,18.76%,16.89%,0.561635,0.568787,2026-08-17
QQQ,729.87,2026-08-19,2,Put,726.00,-0.53%,1.96,2,1217,18.76%,16.89%,0.195301,-0.328582,2026-08-17
QQQ,729.87,2026-09-18,32,Call,800.00,-9.61%,0.57,0.59,1281,18.76%,16.90%,0.186362,0.040031,2026-08-17
QQQ,729.87,2026-09-18,32,Call,760.00,-4.13%,4.84,4.94,2526,18.76%,16.92%,0.663031,0.23438,2026-08-17
QQQ,729.87,2026-08-21,4,Call,725.00,+0.67%,8.03,8.18,3158,18.76%,16.92%,0.280556,0.657997,2026-08-17
SPY,772.67,2026-09-11,25,Put,735.00,-4.88%,1.98,2.01,523,12.78%,16.92%,0.397423,-0.117068,2026-08-17
QQQ,729.87,2026-08-28,11,Call,733.00,-0.43%,7.38,7.5,2001,18.76%,16.97%,0.503019,0.461236,2026-08-17
SPY,772.67,2026-09-18,32,Put,738.00,-4.49%,3.41,3.43,1571,12.78%,16.98%,0.563228,-0.163029,2026-08-17
IWM,304.06,2026-08-21,4,Put,299.00,-1.66%,0.47,0.5,630,16.73%,17.01%,0.079639,-0.167039,2026-08-17
SPY,772.67,2026-11-20,95,Call,750.00,+2.93%,41.16,44.36,1931,12.78%,17.01%,1.401451,0.681035,2026-08-17
QQQ,729.87,2026-08-18,1,Put,727.00,-0.39%,1.37,1.4,12535,18.76%,17.03%,0.137399,-0.324481,2026-08-17
SPY,772.67,2026-10-16,60,Put,738.00,-4.49%,7.12,7.15,695,12.78%,17.05%,0.937419,-0.224666,2026-08-17
IWM,304.06,2026-11-20,95,Call,330.00,-8.53%,2.94,3.04,631,16.73%,17.07%,0.444315,0.208186,2026-08-17
TLT,81.35,2028-12-15,851,Call,130.00,-59.80%,0.56,0.72,1221,11.58%,17.07%,0.172753,0.074088,2026-08-17
QQQ,729.87,2026-08-28,11,Call,732.00,-0.29%,7.89,8.02,811,18.76%,17.08%,0.50476,0.479881,2026-08-17
QQQ,729.87,2026-08-21,4,Put,727.00,-0.39%,3.75,3.83,991,18.76%,17.08%,0.295648,-0.402922,2026-08-17
XLI,186.32,2026-11-20,95,Put,180.00,-3.39%,1.8,4.6,4143,19.33%,17.08%,0.329498,-0.300251,2026-08-17
QQQ,729.87,2026-08-21,4,Call,724.00,+0.80%,8.74,8.9,692,18.76%,17.10%,0.271624,0.684369,2026-08-17
SPY,772.67,2026-09-18,32,Put,737.00,-4.62%,3.31,3.33,833,12.78%,17.11%,0.552316,-0.158197,2026-08-17
IWM,304.06,2026-08-28,11,Put,297.00,-2.32%,1.02,1.07,822,16.73%,17.12%,0.149274,-0.20346,2026-08-17
QQQ,729.87,2026-09-18,32,Call,755.00,-3.44%,6.2,6.26,633,18.76%,17.12%,0.726361,0.27923,2026-08-17
QQQ,729.87,2026-08-19,2,Put,725.00,-0.67%,1.7,1.73,2929,18.76%,17.15%,0.185675,-0.292544,2026-08-17
SPY,772.67,2026-09-04,18,Put,736.00,-4.75%,1.27,1.29,714,12.78%,17.15%,0.283266,-0.092032,2026-08-17
XLF,57.58,2027-03-19,214,Put,58.00,+0.73%,2.76,2.88,2153,13.42%,17.16%,0.172417,-0.464066,2026-08-17
SPY,772.67,2026-12-18,123,Put,745.00,-3.58%,16.03,16.07,590,12.78%,17.22%,1.576281,-0.310327,2026-08-17
QQQ,729.87,2026-08-21,4,Put,726.00,-0.53%,3.39,3.49,6383,18.76%,17.23%,0.2895,-0.374323,2026-08-17
SPY,772.67,2026-09-11,25,Put,733.00,-5.13%,1.86,1.89,687,12.78%,17.23%,0.378963,-0.109512,2026-08-17
SPY,772.67,2026-09-18,32,Put,736.00,-4.75%,3.22,3.24,21256,12.78%,17.26%,0.541936,-0.153708,2026-08-17
QQQ,729.87,2026-08-20,3,Put,725.00,-0.67%,2.42,2.5,1210,18.76%,17.27%,0.238517,-0.326327,2026-08-17
IWM,304.06,2026-09-18,32,Put,305.00,+0.31%,6.34,6.43,1094,16.73%,17.33%,0.358143,-0.500436,2026-08-17
QQQ,729.87,2026-08-21,4,Call,723.00,+0.94%,9.48,9.66,1259,18.76%,17.33%,0.261973,0.708903,2026-08-17
QQQ,729.87,2026-08-28,11,Call,730.00,-0.02%,8.99,9.11,1795,18.76%,17.33%,0.504959,0.516606,2026-08-17
SPY,772.67,2026-09-04,18,Put,735.00,-4.88%,1.23,1.24,8796,12.78%,17.33%,0.275184,-0.088514,2026-08-17
QQQ,729.87,2026-08-18,1,Put,726.00,-0.53%,1.11,1.14,9085,18.76%,17.35%,0.127392,-0.274676,2026-08-17
SPY,772.67,2026-11-20,95,Put,740.00,-4.23%,11.86,11.9,561,12.78%,17.35%,1.305781,-0.272748,2026-08-17
SPY,772.67,2026-09-25,39,Put,735.00,-4.88%,4.04,4.07,555,12.78%,17.35%,0.637004,-0.169275,2026-08-17
QQQ,729.87,2026-08-21,4,Call,722.00,+1.08%,10.09,10.5,864,18.76%,17.36%,0.250679,0.734066,2026-08-17
SPY,772.67,2026-09-11,25,Put,732.00,-5.26%,1.8,1.83,555,12.78%,17.38%,0.369766,-0.105839,2026-08-17
SPY,772.67,2026-09-18,32,Put,735.00,-4.88%,3.13,3.15,3132,12.78%,17.39%,0.531532,-0.14929,2026-08-17
QQQ,729.87,2026-09-18,32,Call,750.00,-2.76%,7.83,7.93,8674,18.76%,17.42%,0.780558,0.328015,2026-08-17
QQQ,729.87,2026-09-11,25,Call,740.00,-1.39%,9.49,9.6,750,18.76%,17.43%,0.741862,0.408793,2026-08-17
QQQ,729.87,2026-08-19,2,Put,724.00,-0.80%,1.47,1.5,1202,18.76%,17.43%,0.175091,-0.259598,2026-08-17
XLU,44.18,2027-01-15,151,Put,44.00,-0.41%,1.5,2.36,910,18.44%,17.43%,0.111009,-0.467367,2026-08-17
QQQ,729.87,2026-08-21,4,Put,725.00,-0.67%,3.09,3.18,9422,18.76%,17.45%,0.282184,-0.347432,2026-08-17
QQQ,729.87,2026-08-28,11,Put,730.00,+0.02%,8.53,8.64,1526,18.76%,17.47%,0.504746,-0.486477,2026-08-17
SPY,772.67,2026-09-18,32,Put,734.00,-5.00%,3.04,3.06,1207,12.78%,17.52%,0.521098,-0.144939,2026-08-17
SPY,772.67,2026-09-11,25,Put,731.00,-5.39%,1.75,1.77,970,12.78%,17.54%,0.361015,-0.102399,2026-08-17
SPY,772.67,2026-10-30,74,Put,735.00,-4.88%,8.51,8.55,529,12.78%,17.57%,1.058673,-0.231523,2026-08-17
XLP,84.68,2026-08-28,11,Put,85.50,+0.97%,0.09,2.83,2269,16.83%,17.58%,0.056259,-0.611372,2026-08-17
QQQ,729.87,2026-08-18,1,Put,725.00,-0.67%,0.89,0.92,21989,18.76%,17.63%,0.116018,-0.230074,2026-08-17
QQQ,729.87,2026-08-21,4,Put,724.00,-0.80%,2.8,2.9,945,18.76%,17.65%,0.273797,-0.321738,2026-08-17
SPY,772.67,2026-09-18,32,Put,733.00,-5.13%,2.96,2.98,1549,12.78%,17.67%,0.511253,-0.140905,2026-08-17
QQQ,729.87,2026-08-19,2,Put,723.00,-0.94%,1.26,1.3,3072,18.76%,17.68%,0.16376,-0.229286,2026-08-17
SPY,772.67,2026-08-28,11,Put,735.00,-4.88%,0.47,0.48,520,12.78%,17.69%,0.133251,-0.047705,2026-08-17
SPY,772.67,2026-08-21,4,Put,745.00,-3.58%,0.12,0.13,941,12.78%,17.70%,0.044366,-0.023176,2026-08-17
QQQ,729.87,2026-08-28,11,Put,728.00,-0.26%,7.68,7.81,832,18.76%,17.71%,0.501181,-0.450796,2026-08-17
SPY,772.67,2026-09-11,25,Put,730.00,-5.52%,1.7,1.72,1624,12.78%,17.71%,0.352739,-0.099193,2026-08-17
QQQ,729.87,2026-09-18,32,Call,745.00,-2.07%,9.74,9.86,519,18.76%,17.73%,0.821705,0.378611,2026-08-17
EFA,108.45,2026-09-18,32,Put,102.00,-5.95%,0.19,0.5,3974,17.69%,17.74%,0.064199,-0.120117,2026-08-17
SPY,772.67,2026-08-31,14,Put,730.00,-5.52%,0.52,0.53,688,12.78%,17.76%,0.147652,-0.046649,2026-08-17
SPY,772.67,2026-11-20,95,Put,735.00,-4.88%,10.96,11.01,894,12.78%,17.78%,1.254806,-0.252128,2026-08-17
QQQ,729.87,2026-09-04,18,Call,735.00,-0.70%,9.6,9.74,630,18.76%,17.80%,0.64207,0.453431,2026-08-17
SPY,772.67,2026-09-18,32,Put,732.00,-5.26%,2.88,2.9,958,12.78%,17.81%,0.501402,-0.136935,2026-08-17
IWM,304.06,2026-08-21,4,Put,298.00,-1.99%,0.38,0.4,778,16.73%,17.82%,0.069118,-0.13503,2026-08-17
QQQ,729.87,2026-10-16,60,Call,800.00,-9.61%,3.09,3.16,2752,18.76%,17.82%,0.603569,0.123389,2026-08-17
XLI,186.32,2026-11-20,95,Put,185.00,-0.71%,4.05,6.8,640,19.33%,17.83%,0.369507,-0.423295,2026-08-17
IWM,304.06,2026-09-18,32,Put,302.00,-0.68%,5.08,5.16,772,16.73%,17.84%,0.352132,-0.42428,2026-08-17
QQQ,729.87,2026-08-21,4,Put,723.00,-0.94%,2.55,2.64,1094,18.76%,17.88%,0.26466,-0.297617,2026-08-17
SPY,772.67,2026-10-16,60,Put,730.00,-5.52%,6.06,6.09,824,12.78%,17.90%,0.851076,-0.190656,2026-08-17
QQQ,729.87,2026-08-18,1,Put,724.00,-0.80%,0.71,0.74,5242,18.76%,17.93%,0.104057,-0.191163,2026-08-17
QQQ,729.87,2026-08-19,2,Put,722.00,-1.08%,1.09,1.11,2078,18.76%,17.93%,0.152029,-0.201718,2026-08-17
SPY,772.67,2027-09-17,396,Put,775.00,+0.30%,47.75,47.9,793,12.78%,17.93%,3.077146,-0.426152,2026-08-17
QQQ,729.87,2026-08-20,3,Put,722.00,-1.08%,1.71,1.77,1909,18.76%,17.94%,0.208143,-0.245324,2026-08-17
SPY,772.67,2026-09-18,32,Put,731.00,-5.39%,2.8,2.82,998,12.78%,17.94%,0.491541,-0.133025,2026-08-17
QQQ,729.87,2026-08-21,4,Put,722.50,-1.01%,2.43,2.52,553,18.76%,17.99%,0.259826,-0.286061,2026-08-17
SPY,772.67,2026-09-25,39,Put,730.00,-5.52%,3.57,3.59,979,12.78%,17.99%,0.585352,-0.148753,2026-08-17
QQQ,729.87,2026-09-04,18,Call,733.00,-0.43%,10.63,10.77,634,18.76%,18.00%,0.645754,0.481219,2026-08-17
IWM,304.06,2026-09-18,32,Put,301.00,-1.01%,4.71,4.79,725,16.73%,18.01%,0.347395,-0.400409,2026-08-17
QQQ,729.87,2026-10-16,60,Call,830.00,-13.72%,1.06,1.1,1663,18.76%,18.03%,0.304063,0.049767,2026-08-17
XLF,57.58,2027-03-19,214,Call,75.00,-30.25%,0.1,0.16,3600,13.42%,18.04%,0.039588,0.042139,2026-08-17
SPY,772.67,2026-09-04,18,Put,731.00,-5.39%,1.06,1.08,923,12.78%,18.05%,0.244818,-0.075785,2026-08-17
IWM,304.06,2026-08-28,11,Put,295.00,-2.98%,0.78,0.82,1357,16.73%,18.06%,0.127272,-0.157834,2026-08-17
QQQ,729.87,2026-10-16,60,Call,780.00,-6.87%,6.19,6.31,534,18.76%,18.06%,0.859707,0.21299,2026-08-17
QQQ,729.87,2026-09-18,32,Call,740.00,-1.39%,11.96,12.07,1617,18.76%,18.09%,0.848602,0.43005,2026-08-17
SPY,772.67,2026-09-18,32,Put,730.00,-5.52%,2.73,2.75,3471,12.78%,18.09%,0.482335,-0.129432,2026-08-17
QQQ,729.87,2026-08-21,4,Put,722.00,-1.08%,2.32,2.4,988,18.76%,18.10%,0.254848,-0.274856,2026-08-17
QQQ,729.87,2026-08-31,14,Put,720.00,-1.35%,5.75,5.81,715,18.76%,18.10%,0.519287,-0.333081,2026-08-17
QQQ,729.87,2026-08-21,4,Call,720.00,+1.35%,11.69,12.29,1425,18.76%,18.20%,0.231267,0.771249,2026-08-17
IWM,304.06,2026-09-18,32,Put,300.00,-1.34%,4.37,4.45,1651,16.73%,18.21%,0.341601,-0.377348,2026-08-17
QQQ,729.87,2026-09-04,18,Call,731.00,-0.15%,11.73,11.87,1176,18.76%,18.22%,0.646311,0.508574,2026-08-17
SPY,772.67,2026-09-18,32,Put,729.00,-5.65%,2.66,2.67,646,12.78%,18.22%,0.472796,-0.125766,2026-08-17
SPY,772.67,2026-11-20,95,Put,730.00,-5.52%,10.15,10.19,506,12.78%,18.22%,1.203247,-0.233188,2026-08-17
QQQ,729.87,2026-08-19,2,Put,721.00,-1.22%,0.93,0.97,1375,18.76%,18.23%,0.140507,-0.177471,2026-08-17
QQQ,729.87,2026-09-18,32,Put,735.00,+0.70%,17.37,17.59,794,18.76%,18.24%,0.857838,-0.526227,2026-08-17
SPY,772.67,2026-09-04,18,Put,730.00,-5.52%,1.03,1.04,2131,12.78%,18.24%,0.238013,-0.073038,2026-08-17
QQQ,729.87,2026-08-18,1,Put,723.00,-0.94%,0.57,0.59,7523,18.76%,18.25%,0.09215,-0.1579,2026-08-17
QQQ,729.87,2026-10-16,60,Call,770.00,-5.50%,8.52,8.71,1212,18.76%,18.27%,0.978545,0.270233,2026-08-17
QQQ,729.87,2026-09-11,25,Call,730.00,-0.02%,14.62,14.77,868,18.76%,18.31%,0.760111,0.526512,2026-08-17
QQQ,729.87,2026-09-18,32,Put,734.00,+0.57%,16.9,17.1,581,18.76%,18.31%,0.858989,-0.515908,2026-08-17
QQQ,729.87,2026-09-04,18,Call,730.00,-0.02%,12.29,12.44,571,18.76%,18.32%,0.645469,0.522026,2026-08-17
QQQ,729.87,2026-08-21,4,Put,721.00,-1.22%,2.11,2.18,947,18.76%,18.32%,0.244552,-0.25347,2026-08-17
XLI,186.32,2026-09-18,32,Call,190.00,-1.98%,1.75,3.65,631,19.33%,18.34%,0.211666,0.390321,2026-08-17
SPY,772.67,2026-09-18,32,Put,728.00,-5.78%,2.59,2.6,992,12.78%,18.36%,0.463596,-0.12228,2026-08-17
QQQ,729.87,2026-09-18,32,Put,733.00,+0.43%,16.44,16.65,578,18.76%,18.40%,0.859562,-0.505622,2026-08-17
SPY,772.67,2027-01-15,151,Put,730.00,-5.52%,15.61,15.66,762,12.78%,18.43%,1.625536,-0.266327,2026-08-17
SPY,772.67,2026-09-30,44,Put,725.00,-6.17%,3.65,3.67,1164,12.78%,18.43%,0.600236,-0.141187,2026-08-17
XLF,57.58,2026-11-20,95,Put,55.00,-4.48%,0.83,1.08,5307,13.42%,18.43%,0.097708,-0.27493,2026-08-17
QQQ,729.87,2026-09-18,32,Call,735.00,-0.70%,14.41,14.58,2570,18.76%,18.46%,0.860867,0.481,2026-08-17
QQQ,729.87,2026-08-19,2,Put,720.00,-1.35%,0.8,0.83,3454,18.76%,18.48%,0.128912,-0.155316,2026-08-17
QQQ,729.87,2026-08-20,3,Put,720.00,-1.35%,1.38,1.4,1016,18.76%,18.48%,0.186181,-0.201692,2026-08-17
QQQ,729.87,2026-09-18,32,Put,732.00,+0.29%,16,16.2,616,18.76%,18.49%,0.859687,-0.495327,2026-08-17
SPY,772.67,2026-09-18,32,Put,727.00,-5.91%,2.52,2.54,819,12.78%,18.51%,0.45476,-0.118982,2026-08-17
QQQ,729.87,2026-09-04,18,Call,728.00,+0.26%,13.45,13.61,2526,18.76%,18.52%,0.641669,0.548461,2026-08-17
QQQ,729.87,2026-09-18,32,Call,734.00,-0.57%,14.94,15.12,603,18.76%,18.54%,0.86162,0.491067,2026-08-17
QQQ,729.87,2026-08-18,1,Put,722.00,-1.08%,0.45,0.47,8013,18.76%,18.55%,0.080488,-0.129237,2026-08-17
XLU,44.18,2027-01-15,151,Call,50.00,-13.17%,0.33,0.48,1981,18.44%,18.56%,0.067234,0.154722,2026-08-17
QQQ,729.87,2026-08-21,4,Put,720.00,-1.35%,1.93,1.98,15937,18.76%,18.57%,0.234099,-0.233776,2026-08-17
SPY,772.67,2028-06-16,669,Put,780.00,+0.95%,62.89,63.21,527,12.78%,18.59%,3.895717,-0.420186,2026-08-17
IWM,304.06,2026-08-28,11,Put,294.00,-3.31%,0.69,0.73,3344,16.73%,18.60%,0.117459,-0.139976,2026-08-17
QQQ,729.87,2026-09-11,25,Put,725.00,-0.67%,11.12,11.26,717,18.76%,18.60%,0.746394,-0.421593,2026-08-17
QQQ,729.87,2026-09-04,18,Call,727.00,+0.39%,14.02,14.23,2027,18.76%,18.61%,0.638755,0.561447,2026-08-17
SPY,772.67,2026-09-25,39,Put,725.00,-6.17%,3.16,3.18,517,12.78%,18.62%,0.536964,-0.131018,2026-08-17
QQQ,729.87,2026-08-28,11,Put,721.00,-1.22%,5.31,5.42,2057,18.76%,18.64%,0.462693,-0.33735,2026-08-17
SPY,772.67,2026-09-18,32,Put,726.00,-6.04%,2.45,2.47,1446,12.78%,18.64%,0.445568,-0.1156,2026-08-17
QQQ,729.87,2026-09-18,32,Put,730.00,+0.02%,15.14,15.33,6052,18.76%,18.66%,0.858318,-0.474998,2026-08-17
SPY,772.67,2026-11-20,95,Put,725.00,-6.17%,9.42,9.46,844,12.78%,18.67%,1.152284,-0.215816,2026-08-17
QQQ,729.87,2026-08-31,14,Put,715.00,-2.04%,4.45,4.55,746,18.76%,18.68%,0.473107,-0.270747,2026-08-17
QQQ,729.87,2026-08-24,7,Put,705.00,-3.41%,0.72,0.76,2387,18.76%,18.69%,0.156777,-0.084632,2026-08-17
HYG,79.61,2027-01-15,151,Put,65.00,-18.35%,0.08,0.2,506,4.01%,18.71%,0.03979,-0.035294,2026-08-17
QQQ,729.87,2026-08-21,4,Put,719.00,-1.49%,1.73,1.8,1132,18.76%,18.74%,0.222948,-0.214528,2026-08-17
QQQ,729.87,2026-09-04,18,Call,726.00,+0.53%,14.68,14.85,1599,18.76%,18.75%,0.635247,0.574107,2026-08-17
IWM,304.06,2026-09-11,25,Put,293.00,-3.64%,1.77,1.83,787,16.73%,18.78%,0.22833,-0.208579,2026-08-17
SPY,772.67,2027-06-30,317,Put,745.00,-3.58%,32.96,33.07,751,12.78%,18.78%,2.608286,-0.342344,2026-08-17
SPY,772.67,2026-09-18,32,Put,725.00,-6.17%,2.39,2.41,1584,12.78%,18.79%,0.43712,-0.112534,2026-08-17
QQQ,729.87,2026-08-19,2,Put,719.00,-1.49%,0.69,0.72,754,18.76%,18.80%,0.11807,-0.136289,2026-08-17
QQQ,729.87,2026-08-28,11,Put,720.00,-1.35%,5.06,5.14,3979,18.76%,18.81%,0.454793,-0.323151,2026-08-17
QQQ,729.87,2026-10-16,60,Call,755.00,-3.44%,13.48,13.64,2045,18.76%,18.82%,1.115907,0.369097,2026-08-17
QQQ,729.87,2026-09-18,32,Call,835.00,-14.40%,0.12,0.15,2009,18.76%,18.86%,0.057302,0.009938,2026-08-17
FXI,35.1,2026-09-18,32,Call,36.00,-2.56%,0.39,0.51,8572,19.31%,18.88%,0.038509,0.350912,2026-08-17
QQQ,729.87,2026-09-18,32,Call,730.00,-0.02%,17.19,17.34,1713,18.76%,18.88%,0.859268,0.530577,2026-08-17
SPY,772.67,2026-09-18,32,Put,724.00,-6.30%,2.33,2.35,925,12.78%,18.93%,0.428688,-0.109515,2026-08-17
QQQ,729.87,2026-08-18,1,Put,721.00,-1.22%,0.36,0.38,5267,18.76%,18.94%,0.070058,-0.106234,2026-08-17
QQQ,729.87,2026-08-26,9,Put,710.00,-2.72%,1.91,1.99,2847,18.76%,18.94%,0.286426,-0.166753,2026-08-17
QQQ,729.87,2026-08-21,4,Put,718.00,-1.63%,1.57,1.63,27430,18.76%,18.96%,0.211954,-0.197005,2026-08-17
QQQ,729.87,2026-09-30,44,Put,735.00,+0.70%,20.44,20.66,1356,18.76%,18.96%,1.006391,-0.513098,2026-08-17
SPY,772.67,2026-10-16,60,Put,720.00,-6.82%,5.02,5.04,787,12.78%,18.99%,0.750371,-0.156449,2026-08-17
SPY,772.67,2026-09-30,44,Put,720.00,-6.82%,3.27,3.29,526,12.78%,19.05%,0.554037,-0.12566,2026-08-17
QQQ,729.87,2026-08-19,2,Put,718.00,-1.63%,0.59,0.62,920,18.76%,19.07%,0.107378,-0.1189,2026-08-17
SPY,772.67,2026-09-18,32,Put,723.00,-6.43%,2.27,2.29,1790,12.78%,19.07%,0.42026,-0.106522,2026-08-17
IWM,304.06,2026-10-16,60,Put,300.00,-1.34%,6.88,6.98,10047,16.73%,19.12%,0.474314,-0.398517,2026-08-17
QQQ,729.87,2026-09-18,32,Put,725.00,-0.67%,13.19,13.34,4440,18.76%,19.12%,0.845633,-0.426265,2026-08-17
QQQ,729.87,2026-08-21,4,Put,717.00,-1.76%,1.42,1.49,31917,18.76%,19.19%,0.201194,-0.181018,2026-08-17
SPY,772.67,2026-09-18,32,Put,722.00,-6.56%,2.22,2.23,907,12.78%,19.21%,0.412248,-0.103726,2026-08-17
QQQ,729.87,2026-09-25,39,Call,725.00,+0.67%,22.08,22.33,521,18.76%,19.27%,0.933553,0.576855,2026-08-17
SPY,772.67,2026-09-25,39,Put,720.00,-6.82%,2.81,2.84,865,12.78%,19.27%,0.492686,-0.115869,2026-08-17
XLF,57.58,2027-01-15,151,Put,54.00,-6.22%,1.01,1.31,2328,13.42%,19.28%,0.118642,-0.255841,2026-08-17
QQQ,729.87,2026-08-18,1,Put,720.00,-1.35%,0.29,0.3,15495,18.76%,19.29%,0.0603,-0.08663,2026-08-17
QQQ,729.87,2026-09-04,18,Put,720.00,-1.35%,7.63,7.74,521,18.76%,19.29%,0.603335,-0.355626,2026-08-17
QQQ,729.87,2026-09-18,32,Put,723.00,-0.94%,12.46,12.62,700,18.76%,19.30%,0.837577,-0.407439,2026-08-17
QQQ,729.87,2026-08-19,2,Put,717.00,-1.76%,0.5,0.53,777,18.76%,19.30%,0.096938,-0.10308,2026-08-17
IWM,304.06,2026-09-18,32,Put,295.00,-2.98%,3.01,3.08,9203,16.73%,19.32%,0.3009,-0.276406,2026-08-17
QQQ,729.87,2026-09-04,18,Call,721.00,+1.22%,17.95,18.16,3140,18.76%,19.32%,0.609333,0.634451,2026-08-17
QQQ,729.87,2026-09-30,44,Put,730.00,+0.02%,18.23,18.44,816,18.76%,19.32%,1.005277,-0.47054,2026-08-17
QQQ,729.87,2026-08-31,14,Put,710.00,-2.72%,3.47,3.56,1094,18.76%,19.33%,0.421492,-0.218507,2026-08-17
QQQ,729.87,2026-08-18,1,Put,740.00,+1.39%,9.97,10.8,889,18.76%,19.35%,0.060179,-0.913347,2026-08-17
SPY,772.67,2026-09-18,32,Put,721.00,-6.69%,2.16,2.18,1741,12.78%,19.35%,0.40425,-0.100964,2026-08-17
QQQ,729.87,2026-09-18,32,Call,725.00,+0.67%,20.25,20.41,1458,18.76%,19.36%,0.845343,0.577724,2026-08-17
QQQ,729.87,2026-08-21,4,Put,716.00,-1.90%,1.28,1.35,1001,18.76%,19.39%,0.190185,-0.165704,2026-08-17
QQQ,729.87,2026-08-28,11,Put,715.00,-2.04%,3.83,3.92,1079,18.76%,19.45%,0.408586,-0.25719,2026-08-17
XLP,84.68,2026-09-18,32,Put,83.00,-1.98%,0.44,1.83,991,16.83%,19.46%,0.091771,-0.340132,2026-08-17
SPY,772.67,2026-09-18,32,Put,720.00,-6.82%,2.11,2.13,3751,12.78%,19.50%,0.396685,-0.098386,2026-08-17
IWM,304.06,2026-09-04,18,Put,292.00,-3.97%,1.13,1.18,1422,16.73%,19.51%,0.166113,-0.162778,2026-08-17
DBA,28.14,2026-09-18,32,Call,28.00,+0.50%,0.55,0.7,516,13.98%,19.54%,0.032531,0.510162,2026-08-17
QQQ,729.87,2026-12-18,123,Call,850.00,-16.46%,4.53,4.67,500,18.76%,19.57%,0.839955,0.118533,2026-08-17
QQQ,729.87,2026-09-18,32,Put,720.00,-1.35%,11.48,11.63,1116,18.76%,19.61%,0.822257,-0.380593,2026-08-17
QQQ,729.87,2026-08-19,2,Put,716.00,-1.90%,0.43,0.46,579,18.76%,19.61%,0.087778,-0.090054,2026-08-17
QQQ,729.87,2026-08-18,1,Put,719.00,-1.49%,0.23,0.24,2650,18.76%,19.64%,0.051535,-0.070423,2026-08-17
SPY,772.67,2026-09-18,32,Put,719.00,-6.95%,2.06,2.08,1164,12.78%,19.65%,0.389147,-0.095847,2026-08-17
IWM,304.06,2026-08-21,4,Put,296.00,-2.65%,0.26,0.28,956,16.73%,19.66%,0.052508,-0.091924,2026-08-17
FXI,35.1,2026-09-18,32,Call,37.00,-5.41%,0.16,0.29,11441,19.31%,19.68%,0.029252,0.20191,2026-08-17
QQQ,729.87,2026-08-21,4,Put,715.00,-2.04%,1.19,1.22,4820,18.76%,19.68%,0.180246,-0.152668,2026-08-17
IWM,304.06,2026-09-11,25,Put,290.00,-4.62%,1.38,1.43,1416,16.73%,19.73%,0.197443,-0.164974,2026-08-17
SPY,772.67,2026-09-18,32,Put,718.00,-7.08%,2.01,2.03,829,12.78%,19.79%,0.381632,-0.093344,2026-08-17
IWM,304.06,2026-09-18,32,Put,293.00,-3.64%,2.6,2.66,739,16.73%,19.80%,0.281511,-0.242873,2026-08-17
QQQ,729.87,2026-08-19,2,Put,715.00,-2.04%,0.37,0.39,1891,18.76%,19.86%,0.078813,-0.078018,2026-08-17
SPY,772.67,2027-03-19,214,Put,715.00,-7.46%,18.39,18.44,822,12.78%,19.88%,1.857929,-0.24688,2026-08-17
QQQ,729.87,2026-09-04,18,Put,715.00,-2.04%,6.27,6.37,1041,18.76%,19.89%,0.564878,-0.30184,2026-08-17
QQQ,729.87,2026-08-21,4,Put,714.00,-2.17%,1.08,1.11,2048,18.76%,19.92%,0.170041,-0.139976,2026-08-17
SPY,772.67,2026-09-25,39,Put,715.00,-7.46%,2.52,2.54,1261,12.78%,19.93%,0.452218,-0.102837,2026-08-17
QQQ,729.87,2026-12-31,136,Put,830.00,+13.72%,100.81,103.64,547,18.76%,19.94%,0.867908,-0.870783,2026-08-17
QQQ,729.87,2026-12-18,123,Call,800.00,-9.61%,12.76,12.94,3186,18.76%,20.03%,1.384236,0.264003,2026-08-17
SPY,772.67,2026-12-18,123,Put,710.00,-8.11%,10.18,10.21,996,12.78%,20.03%,1.233212,-0.194709,2026-08-17
QQQ,729.87,2026-09-18,32,Put,715.00,-2.04%,9.99,10.13,754,18.76%,20.11%,0.789938,-0.338794,2026-08-17
SPY,772.67,2027-09-17,396,Put,725.00,-6.17%,33.16,33.26,638,12.78%,20.14%,2.74905,-0.298318,2026-08-17
QQQ,729.87,2026-08-18,1,Put,718.00,-1.63%,0.19,0.2,4113,18.76%,20.18%,0.044742,-0.058709,2026-08-17
QQQ,729.87,2026-08-28,11,Put,710.00,-2.72%,2.92,3,1051,18.76%,20.18%,0.358081,-0.20321,2026-08-17
QQQ,729.87,2026-10-16,60,Put,730.00,+0.02%,22.07,22.27,644,18.76%,20.18%,1.171942,-0.465692,2026-08-17
QQQ,729.87,2026-08-19,2,Put,714.00,-2.17%,0.32,0.34,756,18.76%,20.20%,0.071153,-0.06826,2026-08-17
SPY,772.67,2026-09-18,32,Put,715.00,-7.46%,1.88,1.89,945,12.78%,20.23%,0.360515,-0.086461,2026-08-17
GLD,405.49,2026-08-19,2,Call,405.00,+0.12%,2.65,2.79,2593,22.80%,20.26%,0.119125,0.540386,2026-08-17
SPY,772.67,2026-09-18,32,Put,714.00,-7.59%,1.83,1.85,594,12.78%,20.37%,0.353529,-0.084231,2026-08-17
GLD,405.49,2026-08-19,2,Call,406.00,-0.13%,2.17,2.3,1318,22.80%,20.40%,0.119505,0.475067,2026-08-17
QQQ,729.87,2027-02-19,186,Call,860.00,-17.83%,9.25,9.79,1515,18.76%,20.42%,1.351111,0.176852,2026-08-17
IWM,304.06,2026-09-30,44,Put,290.00,-4.62%,2.94,3.01,17899,16.73%,20.50%,0.319632,-0.229198,2026-08-17
QQQ,729.87,2026-08-21,4,Put,711.00,-2.59%,0.78,0.83,2769,18.76%,20.50%,0.140141,-0.10626,2026-08-17
QQQ,729.87,2026-09-04,18,Put,710.00,-2.72%,5.14,5.23,541,18.76%,20.50%,0.519925,-0.25469,2026-08-17
SPY,772.67,2026-11-20,95,Put,705.00,-8.76%,7.1,7.13,5779,12.78%,20.50%,0.958034,-0.160068,2026-08-17
SPY,772.67,2027-03-19,214,Put,705.00,-8.76%,16.72,16.77,808,12.78%,20.51%,1.760791,-0.223703,2026-08-17
QQQ,729.87,2026-08-21,4,Call,710.00,+2.72%,20.58,21.07,820,18.76%,20.52%,0.128885,0.90522,2026-08-17
QQQ,729.87,2026-08-18,1,Put,717.00,-1.76%,0.15,0.16,1887,18.76%,20.52%,0.037822,-0.047501,2026-08-17
SPY,772.67,2026-09-18,32,Put,713.00,-7.72%,1.79,1.81,733,12.78%,20.52%,0.347013,-0.082172,2026-08-17
IWM,304.06,2026-09-18,32,Put,290.00,-4.62%,2.09,2.14,43610,16.73%,20.55%,0.251493,-0.199421,2026-08-17
SPY,772.67,2026-09-25,39,Put,710.00,-8.11%,2.26,2.28,673,12.78%,20.58%,0.414831,-0.091414,2026-08-17
IWM,304.06,2026-08-21,4,Put,295.00,-2.98%,0.22,0.24,791,16.73%,20.62%,0.04604,-0.077152,2026-08-17
GLD,405.49,2026-08-21,4,Call,394.00,+2.83%,11.8,12.2,766,22.80%,20.63%,0.067125,0.913161,2026-08-17
QQQ,729.87,2026-09-18,32,Put,710.00,-2.72%,8.7,8.81,4126,18.76%,20.63%,0.751389,-0.300658,2026-08-17
QQQ,729.87,2026-12-18,123,Put,760.00,+4.13%,48,48.54,1023,18.76%,20.66%,1.619122,-0.593148,2026-08-17
QQQ,729.87,2026-08-31,14,Put,700.00,-4.09%,2.13,2.19,7239,18.76%,20.72%,0.318989,-0.140554,2026-08-17
SPY,772.67,2026-08-31,14,Put,715.00,-7.46%,0.3,0.31,640,12.78%,20.73%,0.089392,-0.025317,2026-08-17
GLD,405.49,2026-08-19,2,Call,408.00,-0.62%,1.4,1.53,621,22.80%,20.76%,0.111359,0.351617,2026-08-17
QQQ,729.87,2026-08-21,4,Put,710.00,-2.72%,0.71,0.76,6789,18.76%,20.76%,0.13163,-0.097495,2026-08-17
KRE,77.39,2026-10-16,60,Call,80.00,-3.37%,1.37,2,592,24.67%,20.78%,0.119969,0.386123,2026-08-17
QQQ,729.87,2026-08-19,2,Put,712.00,-2.45%,0.24,0.25,688,18.76%,20.79%,0.05716,-0.051621,2026-08-17
IWM,304.06,2026-09-18,32,Put,289.00,-4.95%,1.94,2,42522,16.73%,20.81%,0.241603,-0.186736,2026-08-17
SPY,772.67,2026-09-18,32,Put,711.00,-7.98%,1.71,1.73,622,12.78%,20.81%,0.33407,-0.078141,2026-08-17
IWM,304.06,2026-10-16,60,Put,290.00,-4.62%,4.13,4.21,1099,16.73%,20.86%,0.398126,-0.258565,2026-08-17
KRE,77.39,2026-08-21,4,Put,76.50,-1.15%,0.04,0.58,513,24.67%,20.86%,0.027712,-0.289625,2026-08-17
QQQ,729.87,2026-10-16,60,Put,720.00,-1.35%,18.26,18.42,1958,18.76%,20.87%,1.140507,-0.400232,2026-08-17
SPY,772.67,2026-12-18,123,Put,700.00,-9.41%,9.04,9.06,6249,12.78%,20.87%,1.139023,-0.171425,2026-08-17
QQQ,729.87,2026-08-18,1,Put,716.00,-1.90%,0.12,0.13,3890,18.76%,20.92%,0.032091,-0.038759,2026-08-17
QQQ,729.87,2026-08-28,11,Put,705.00,-3.41%,2.23,2.29,2004,18.76%,20.93%,0.307639,-0.159504,2026-08-17
SPY,772.67,2026-11-20,95,Put,700.00,-9.41%,6.63,6.66,2305,12.78%,20.96%,0.912869,-0.148741,2026-08-17
SPY,772.67,2026-09-18,32,Put,710.00,-8.11%,1.68,1.69,664,12.78%,20.97%,0.328104,-0.07631,2026-08-17
GLD,405.49,2026-08-21,4,Call,400.00,+1.35%,6.9,7.2,798,22.80%,20.99%,0.137131,0.742021,2026-08-17
QQQ,729.87,2026-12-31,136,Put,750.00,+2.76%,43.78,44.62,1795,18.76%,21.03%,1.748445,-0.537296,2026-08-17
QQQ,729.87,2027-03-19,214,Call,870.00,-19.20%,11.09,11.7,4000,18.76%,21.04%,1.512945,0.189522,2026-08-17
IWM,304.06,2026-09-18,32,Put,288.00,-5.28%,1.81,1.86,16252,16.73%,21.07%,0.231807,-0.174804,2026-08-17
QQQ,729.87,2026-08-21,4,Put,709.00,-2.86%,0.66,0.7,3917,18.76%,21.09%,0.124248,-0.090162,2026-08-17
SPY,772.67,2026-09-18,32,Put,709.00,-8.24%,1.64,1.65,2065,12.78%,21.10%,0.3217,-0.074361,2026-08-17
IWM,304.06,2026-08-28,11,Put,289.00,-4.95%,0.38,0.41,1850,16.73%,21.14%,0.076554,-0.077429,2026-08-17
QQQ,729.87,2026-09-18,32,Put,705.00,-3.41%,7.57,7.69,1361,18.76%,21.17%,0.708931,-0.266136,2026-08-17
QQQ,729.87,2027-03-19,214,Call,850.00,-16.46%,14.56,15.23,4084,18.76%,21.18%,1.707015,0.232855,2026-08-17
QQQ,729.87,2026-10-16,60,Put,716.00,-1.90%,16.92,17.09,11017,18.76%,21.18%,1.120152,-0.376033,2026-08-17
IWM,304.06,2026-12-18,123,Put,295.00,-2.98%,9.51,9.63,984,16.73%,21.20%,0.654789,-0.355983,2026-08-17
SPY,772.67,2026-10-16,60,Put,700.00,-9.41%,3.53,3.55,5039,12.78%,21.20%,0.577912,-0.10719,2026-08-17
QQQ,729.87,2026-08-19,2,Put,710.00,-2.72%,0.17,0.18,673,18.76%,21.22%,0.044554,-0.037891,2026-08-17
SPY,772.67,2026-09-25,39,Put,705.00,-8.76%,2.04,2.06,729,12.78%,21.25%,0.381277,-0.08166,2026-08-17
IWM,304.06,2027-06-17,304,Put,310.00,+1.95%,22.62,23.96,3194,16.73%,21.26%,1.082922,-0.471051,2026-08-17
IWM,304.06,2027-01-15,151,Put,295.00,-2.98%,10.81,10.98,7006,16.73%,21.26%,0.727921,-0.360596,2026-08-17
KRE,77.39,2026-09-18,32,Call,80.00,-3.37%,0.63,1.39,10254,24.67%,21.32%,0.082605,0.326506,2026-08-17
KRE,77.39,2026-09-18,32,Put,77.00,-0.50%,1.5,1.83,717,24.67%,21.32%,0.090307,-0.441967,2026-08-17
QQQ,729.87,2026-08-21,4,Put,708.00,-3.00%,0.6,0.64,1282,18.76%,21.34%,0.116398,-0.082626,2026-08-17
GLD,405.49,2026-08-21,4,Call,405.00,+0.12%,3.85,4.05,3391,22.80%,21.37%,0.168754,0.53309,2026-08-17
GLD,405.49,2026-08-21,4,Call,406.00,-0.13%,3.35,3.55,557,22.80%,21.38%,0.169274,0.489147,2026-08-17
SPY,772.67,2026-11-20,95,Put,695.00,-10.05%,6.2,6.24,1177,12.78%,21.42%,0.869759,-0.138451,2026-08-17
EWJ,98.17,2026-09-18,32,Call,100.00,-1.86%,1.65,1.85,10016,20.63%,21.43%,0.112557,0.4058,2026-08-17
QQQ,729.87,2026-12-18,123,Put,740.00,+1.39%,37.69,38.04,1254,18.76%,21.46%,1.674891,-0.49655,2026-08-17
QQQ,729.87,2026-08-18,1,Put,715.00,-2.04%,0.1,0.11,3022,18.76%,21.47%,0.027803,-0.032537,2026-08-17
XLB,52.24,2026-12-18,123,Call,60.00,-14.85%,0.21,0.75,560,20.00%,21.47%,0.070432,0.14991,2026-08-17
GLD,405.49,2026-08-19,2,Call,410.00,-1.11%,0.91,1,1580,22.80%,21.50%,0.095375,0.249974,2026-08-17
IWM,304.06,2026-08-21,4,Put,294.00,-3.31%,0.19,0.2,667,16.73%,21.52%,0.040206,-0.064677,2026-08-17
KRE,77.39,2026-08-21,4,Call,78.00,-0.79%,0.2,0.69,614,24.67%,21.52%,0.030685,0.373727,2026-08-17
XRT,87.54,2026-09-18,32,Put,85.00,-2.90%,0.88,1.29,13084,21.60%,21.52%,0.089785,-0.298068,2026-08-17
XLF,57.58,2027-01-15,151,Put,51.00,-11.43%,0.55,0.81,751,13.42%,21.53%,0.087745,-0.154192,2026-08-17
QQQ,729.87,2026-12-18,123,Call,750.00,-2.76%,31.1,31.38,790,18.76%,21.55%,1.684942,0.475014,2026-08-17
XLP,84.68,2027-01-15,151,Put,82.00,-3.16%,1.55,4.5,2096,16.83%,21.57%,0.201848,-0.355965,2026-08-17
QQQ,729.87,2026-08-21,4,Put,707.00,-3.13%,0.55,0.59,1012,18.76%,21.63%,0.109373,-0.076102,2026-08-17
QQQ,729.87,2026-08-31,14,Put,694.00,-4.91%,1.61,1.66,2036,18.76%,21.64%,0.265247,-0.107999,2026-08-17
SPY,772.67,2026-09-18,32,Put,705.00,-8.76%,1.5,1.52,1293,12.78%,21.70%,0.298729,-0.067524,2026-08-17
SPY,772.67,2026-12-18,123,Put,690.00,-10.70%,8.04,8.06,1023,12.78%,21.70%,1.049164,-0.151102,2026-08-17
QQQ,729.87,2026-09-18,32,Put,700.00,-4.09%,6.62,6.7,5764,18.76%,21.72%,0.664267,-0.235372,2026-08-17
QQQ,729.87,2026-08-28,11,Put,700.00,-4.09%,1.71,1.76,10445,18.76%,21.73%,0.26077,-0.124971,2026-08-17
QQQ,729.87,2026-09-04,18,Put,700.00,-4.09%,3.47,3.55,633,18.76%,21.79%,0.424457,-0.179497,2026-08-17
SPY,772.67,2026-08-31,14,Put,710.00,-8.11%,0.26,0.27,531,12.78%,21.79%,0.07754,-0.02138,2026-08-17
GLD,405.49,2026-08-21,4,Call,410.00,-1.11%,1.88,1.99,1544,22.80%,21.80%,0.152616,0.324189,2026-08-17
SPY,772.67,2026-09-11,25,Put,705.00,-8.76%,0.89,0.9,514,12.78%,21.80%,0.201503,-0.047892,2026-08-17
IWM,304.06,2026-12-18,123,Put,290.00,-4.62%,8.04,8.15,3184,16.73%,21.83%,0.619208,-0.308755,2026-08-17
IWM,304.06,2026-10-16,60,Put,285.00,-6.27%,3.21,3.29,4197,16.73%,21.84%,0.350941,-0.206034,2026-08-17
IWM,304.06,2026-09-18,32,Put,285.00,-6.27%,1.46,1.51,4826,16.73%,21.86%,0.203434,-0.143238,2026-08-17
QQQ,729.87,2026-08-21,4,Put,706.00,-3.27%,0.5,0.54,1536,18.76%,21.88%,0.1023,-0.069738,2026-08-17
QQQ,729.87,2026-09-30,44,Put,700.00,-4.09%,9.12,9.24,3101,18.76%,21.89%,0.826683,-0.263453,2026-08-17
QQQ,729.87,2026-11-20,95,Call,"1,000.00",-37.01%,0.06,0.12,5832,18.76%,21.92%,0.041105,0.003696,2026-08-17
IWM,304.06,2027-04-16,242,Put,295.00,-2.98%,14.54,15.13,3902,16.73%,21.96%,0.922552,-0.366723,2026-08-17
QQQ,729.87,2027-06-17,304,Call,915.00,-25.36%,13.48,14.44,2000,18.76%,21.97%,1.803595,0.189692,2026-08-17
FXI,35.1,2027-03-19,214,Call,38.00,-8.26%,1.15,1.78,5000,19.31%,21.98%,0.102449,0.386699,2026-08-17
QQQ,729.87,2026-12-18,123,Call,740.00,-1.39%,36.24,36.52,1070,18.76%,21.99%,1.68618,0.518368,2026-08-17
XLU,44.18,2028-01-21,522,Call,65.00,-47.13%,0.37,0.4,847,18.44%,21.99%,0.077525,0.080176,2026-08-17
GLD,405.49,2026-08-19,2,Call,412.00,-1.61%,0.56,0.63,1821,22.80%,22.05%,0.07584,0.169594,2026-08-17
ASHR,35.2,2026-09-04,18,Call,35.00,+0.57%,0.61,1.04,650,19.73%,22.07%,0.030697,0.57036,2026-08-17
QQQ,729.87,2026-08-21,4,Put,705.00,-3.41%,0.46,0.48,5192,18.76%,22.08%,0.095146,-0.063502,2026-08-17
GLD,405.49,2026-08-19,2,Put,405.00,-0.12%,2.31,2.44,757,22.80%,22.11%,0.119218,-0.463396,2026-08-17
GLD,405.49,2026-08-21,4,Call,412.00,-1.61%,1.37,1.47,1146,22.80%,22.12%,0.136266,0.254868,2026-08-17
EEM,67.32,2026-09-18,32,Call,72.00,-6.95%,0.3,0.46,5159,25.68%,22.13%,0.049791,0.166743,2026-08-17
XLU,44.18,2028-01-21,522,Call,62.50,-41.47%,0.47,0.61,622,18.44%,22.13%,0.095264,0.106206,2026-08-17
GLD,405.49,2026-08-19,2,Put,400.00,-1.35%,0.71,0.76,703,22.80%,22.14%,0.08337,-0.197399,2026-08-17
QQQ,729.87,2026-08-20,3,Put,706.00,-3.27%,0.27,0.3,567,18.76%,22.15%,0.064595,-0.046673,2026-08-17
GLD,405.49,2026-08-28,11,Call,403.00,+0.61%,7.65,7.9,2268,22.80%,22.16%,0.274815,0.582317,2026-08-17
GLD,405.49,2026-08-21,4,Put,400.00,-1.35%,1.52,1.62,1192,22.80%,22.18%,0.14026,-0.26968,2026-08-17
GLD,405.49,2026-08-28,11,Call,405.00,+0.12%,6.6,6.85,625,22.80%,22.27%,0.279941,0.531445,2026-08-17
GLD,405.49,2026-08-28,11,Call,406.00,-0.13%,6.1,6.35,5270,22.80%,22.28%,0.280781,0.506035,2026-08-17
QQQ,729.87,2026-09-18,32,Put,695.00,-4.78%,5.77,5.86,567,18.76%,22.28%,0.618724,-0.207808,2026-08-17
XLE,62.58,2026-09-18,32,Put,62.50,-0.13%,1.39,1.72,3850,23.50%,22.29%,0.073583,-0.470181,2026-08-17
SPY,772.67,2026-10-16,60,Put,690.00,-10.70%,3,3.02,3888,12.78%,22.32%,0.50701,-0.089646,2026-08-17
KRE,77.39,2026-09-18,32,Put,75.00,-3.09%,0.86,1.09,1280,24.67%,22.33%,0.078791,-0.293271,2026-08-17
QQQ,729.87,2027-06-17,304,Call,870.00,-19.20%,21.35,23.09,1002,18.76%,22.34%,2.197272,0.269586,2026-08-17
QQQ,729.87,2027-12-17,487,Call,"1,000.00",-37.01%,15.06,18.5,1047,18.76%,22.35%,2.231793,0.183096,2026-08-17
GLD,405.49,2026-09-30,44,Call,390.00,+3.82%,22.55,23,514,22.80%,22.36%,0.469611,0.725166,2026-08-17
GLD,405.49,2026-08-19,2,Call,413.00,-1.85%,0.44,0.5,616,22.80%,22.39%,0.066335,0.138541,2026-08-17
IWM,304.06,2027-01-15,151,Put,285.00,-6.27%,7.96,8.11,2501,16.73%,22.41%,0.65301,-0.277707,2026-08-17
QQQ,729.87,2026-10-16,60,Put,700.00,-4.09%,12.48,12.62,1227,18.76%,22.43%,1.01055,-0.289266,2026-08-17
QQQ,729.87,2026-08-21,4,Put,704.00,-3.54%,0.42,0.46,781,18.76%,22.44%,0.090042,-0.059174,2026-08-17
SPY,772.67,2026-09-18,32,Put,700.00,-9.41%,1.36,1.37,4560,12.78%,22.45%,0.273012,-0.06014,2026-08-17
XLE,62.58,2028-01-21,522,Call,60.00,+4.12%,8.05,9.6,2612,23.50%,22.46%,0.266932,0.648551,2026-08-17
IWM,304.06,2026-08-21,4,Put,293.00,-3.64%,0.16,0.18,1690,16.73%,22.51%,0.035577,-0.055326,2026-08-17
QQQ,729.87,2026-09-18,32,Put,693.00,-5.05%,5.46,5.56,874,18.76%,22.51%,0.600528,-0.197661,2026-08-17
GLD,405.49,2027-06-17,304,Put,430.00,+6.04%,39,43.65,1000,22.80%,22.55%,1.414093,-0.552453,2026-08-17
QQQ,729.87,2026-08-21,4,Call,700.00,+4.09%,30.01,30.73,1042,18.76%,22.57%,0.060811,0.96368,2026-08-17
GLD,405.49,2026-08-28,11,Call,410.00,-1.11%,4.45,4.65,2165,22.80%,22.59%,0.273196,0.407282,2026-08-17
KRE,77.39,2027-01-15,151,Call,80.00,-3.37%,3.55,4.1,2011,24.67%,22.69%,0.197834,0.475599,2026-08-17
QQQ,729.87,2026-08-21,4,Put,703.00,-3.68%,0.39,0.42,571,18.76%,22.73%,0.084428,-0.054529,2026-08-17
GLD,405.49,2026-09-18,32,Call,405.00,+0.12%,11.65,11.95,700,22.80%,22.76%,0.476573,0.539794,2026-08-17
GLD,405.49,2026-08-21,4,Call,415.00,-2.35%,0.85,0.92,2100,22.80%,22.77%,0.108443,0.172543,2026-08-17
QQQ,729.87,2026-08-28,11,Put,694.00,-4.91%,1.26,1.31,547,18.76%,22.77%,0.212158,-0.093799,2026-08-17
GLD,405.49,2026-09-18,32,Call,400.00,+1.35%,14.4,14.7,1149,22.80%,22.78%,0.46002,0.611819,2026-08-17
GLD,405.49,2026-09-18,32,Put,401.00,-1.11%,8.15,8.4,522,22.80%,22.83%,0.465322,-0.406644,2026-08-17
GLD,405.49,2027-01-15,151,Put,400.00,-1.35%,18.25,18.6,614,22.80%,22.83%,1.00354,-0.405298,2026-08-17
GLD,405.49,2027-06-17,304,Call,430.00,-6.04%,27.2,31.05,1003,22.80%,22.85%,1.476009,0.49287,2026-08-17
GLD,405.49,2026-09-18,32,Call,410.00,-1.11%,9.35,9.6,671,22.80%,22.86%,0.477369,0.467515,2026-08-17
QQQ,729.87,2026-09-18,32,Put,690.00,-5.46%,5.05,5.13,734,18.76%,22.86%,0.573666,-0.183463,2026-08-17
FXI,35.1,2026-10-16,60,Call,38.00,-8.26%,0.24,0.56,10002,19.31%,22.87%,0.042427,0.22293,2026-08-17
SPY,772.67,2026-09-04,18,Put,705.00,-8.76%,0.5,0.51,641,12.78%,22.94%,0.123814,-0.032204,2026-08-17
FXI,35.1,2027-03-19,214,Put,34.00,-3.13%,1.41,1.95,5160,19.31%,22.99%,0.10021,-0.365317,2026-08-17
GLD,405.49,2026-09-30,44,Put,380.00,-6.29%,3.25,3.45,562,22.80%,22.99%,0.373632,-0.183441,2026-08-17
QQQ,729.87,2026-09-25,39,Put,690.00,-5.46%,6.45,6.55,552,18.76%,22.99%,0.675838,-0.204129,2026-08-17
QQQ,729.87,2027-12-17,487,Put,800.00,+9.61%,100.86,104,505,18.76%,23.00%,3.179021,-0.564216,2026-08-17
QQQ,729.87,2026-08-31,14,Put,686.00,-6.01%,1.15,1.18,2065,18.76%,23.01%,0.206989,-0.077267,2026-08-17
GLD,405.49,2026-08-28,11,Call,415.00,-2.35%,2.92,3.05,623,22.80%,23.03%,0.243699,0.297193,2026-08-17
QQQ,729.87,2026-08-21,4,Put,702.00,-3.82%,0.36,0.39,919,18.76%,23.03%,0.079375,-0.05045,2026-08-17
GLD,405.49,2026-08-21,4,Put,395.00,-2.59%,0.62,0.7,725,22.80%,23.04%,0.091086,-0.132708,2026-08-17
QQQ,729.87,2026-12-18,123,Call,"1,050.00",-43.86%,0.12,0.19,800,18.76%,23.05%,0.063371,0.005192,2026-08-17
GLD,405.49,2026-10-16,60,Call,410.00,-1.11%,14.05,14.3,2960,22.80%,23.07%,0.655826,0.497488,2026-08-17
GLD,405.49,2026-09-18,32,Call,415.00,-2.35%,7.45,7.65,1026,22.80%,23.07%,0.463326,0.398349,2026-08-17
XLE,62.58,2026-08-28,11,Call,62.00,+0.93%,1.17,1.5,20138,23.50%,23.11%,0.041795,0.60517,2026-08-17
GLD,405.49,2026-08-19,2,Put,397.00,-2.09%,0.3,0.4,721,22.80%,23.13%,0.054476,-0.104721,2026-08-17
GLD,405.49,2027-01-15,151,Put,375.00,-7.52%,9.25,9.6,1009,22.80%,23.16%,0.820134,-0.246309,2026-08-17
IWM,304.06,2026-12-18,123,Put,280.00,-7.91%,5.74,5.83,766,16.73%,23.18%,0.53335,-0.228878,2026-08-17
EEM,67.32,2026-08-21,4,Put,67.50,+0.27%,0.61,0.87,5103,25.68%,23.20%,0.027991,-0.536195,2026-08-17
IWM,304.06,2026-09-18,32,Put,280.00,-7.91%,1.03,1.07,8832,16.73%,23.20%,0.161026,-0.102667,2026-08-17
QQQ,729.87,2027-03-19,214,Call,750.00,-2.76%,48.94,50.12,2027,18.76%,23.20%,2.221221,0.520837,2026-08-17
EEM,67.32,2026-09-18,32,Call,71.00,-5.47%,0.56,0.69,9344,25.68%,23.25%,0.061563,0.237452,2026-08-17
KIE,63.22,2026-12-18,123,Put,57.00,-9.84%,0.75,1.05,2502,18.50%,23.26%,0.097006,-0.182561,2026-08-17
XRT,87.54,2026-08-21,4,Put,87.00,-0.62%,0,1.19,1448,21.60%,23.27%,0.035172,-0.390672,2026-08-17
SPY,772.67,2026-11-20,95,Put,675.00,-12.64%,4.8,4.82,999,12.78%,23.28%,0.713745,-0.1045,2026-08-17
QQQ,729.87,2026-09-04,18,Put,689.00,-5.60%,2.29,2.35,509,18.76%,23.33%,0.327388,-0.121677,2026-08-17
SPY,772.67,2026-12-18,123,Put,670.00,-13.29%,6.41,6.43,649,12.78%,23.38%,0.885743,-0.118039,2026-08-17
EFA,108.45,2026-09-18,32,Call,113.00,-4.20%,0.1,2.45,3974,17.69%,23.43%,0.108348,0.282545,2026-08-17
QQQ,729.87,2026-09-18,32,Put,685.00,-6.15%,4.43,4.5,902,18.76%,23.45%,0.529907,-0.161976,2026-08-17
SPY,772.67,2026-10-16,60,Put,680.00,-11.99%,2.57,2.59,972,12.78%,23.45%,0.445336,-0.075446,2026-08-17
GLD,405.49,2026-09-18,32,Call,420.00,-3.58%,5.95,6.1,4890,22.80%,23.46%,0.437653,0.335519,2026-08-17
XLP,84.68,2026-09-18,32,Call,90.00,-6.28%,0.1,1.25,820,16.83%,23.46%,0.072157,0.209602,2026-08-17
GLD,405.49,2027-06-17,304,Call,450.00,-10.98%,22,23.8,3065,22.80%,23.48%,1.439691,0.411399,2026-08-17
KRE,77.39,2026-11-20,95,Put,73.00,-5.67%,0.76,2.5,2862,24.67%,23.48%,0.130624,-0.271429,2026-08-17
XLE,62.58,2026-10-16,60,Call,65.00,-3.87%,1.32,1.63,2807,23.50%,23.50%,0.096092,0.375719,2026-08-17
IWM,304.06,2026-08-21,4,Put,292.00,-3.97%,0.14,0.16,1231,16.73%,23.53%,0.03168,-0.047815,2026-08-17
QQQ,729.87,2026-08-28,11,Put,690.00,-5.46%,1.05,1.09,1041,18.76%,23.54%,0.185165,-0.078205,2026-08-17
GLD,405.49,2026-10-16,60,Call,425.00,-4.81%,8.6,8.85,3119,22.80%,23.56%,0.610046,0.351787,2026-08-17
QQQ,729.87,2027-01-15,151,Put,700.00,-4.09%,26.09,26.62,2488,18.76%,23.56%,1.704048,-0.335581,2026-08-17
GLD,405.49,2026-11-20,95,Call,425.00,-4.81%,12.95,13.25,6250,22.80%,23.57%,0.800388,0.402321,2026-08-17
GLD,405.49,2026-09-04,18,Call,420.00,-3.58%,3.35,3.5,1578,22.80%,23.58%,0.298026,0.270539,2026-08-17
GLD,405.49,2026-08-21,4,Put,393.00,-3.08%,0.42,0.52,1491,22.80%,23.64%,0.073558,-0.098274,2026-08-17
GLD,405.49,2026-09-18,32,Call,425.00,-4.81%,4.6,4.8,1655,22.80%,23.65%,0.402517,0.277683,2026-08-17
GLD,405.49,2026-09-18,32,Put,380.00,-6.29%,2.35,2.5,772,22.80%,23.66%,0.289575,-0.157912,2026-08-17
GLD,405.49,2026-08-28,11,Call,420.00,-3.58%,1.87,2,679,22.80%,23.67%,0.202523,0.209386,2026-08-17
XRT,87.54,2026-12-18,123,Put,85.00,-2.90%,2.85,3.6,5028,21.60%,23.69%,0.190356,-0.365572,2026-08-17
XLE,62.58,2026-09-18,32,Put,61.00,-2.52%,0.94,1.09,6928,23.50%,23.70%,0.06754,-0.336304,2026-08-17
GLD,405.49,2027-01-15,151,Call,440.00,-8.51%,13.85,14.25,538,22.80%,23.73%,0.977051,0.361464,2026-08-17
GLD,405.49,2026-11-20,95,Call,430.00,-6.04%,11.4,11.7,1483,22.80%,23.74%,0.778527,0.366392,2026-08-17
SPY,772.67,2026-08-31,14,Put,700.00,-9.41%,0.19,0.2,745,12.78%,23.74%,0.057512,-0.015059,2026-08-17
QQQ,729.87,2026-08-21,4,Put,700.00,-4.09%,0.32,0.34,3826,18.76%,23.75%,0.071107,-0.043981,2026-08-17
XLK,190.32,2026-08-21,4,Put,190.00,-0.17%,1.39,2.01,1701,26.39%,23.75%,0.079121,-0.463231,2026-08-17
EEM,67.32,2026-09-18,32,Call,70.00,-3.98%,0.88,0.94,20276,25.68%,23.78%,0.070262,0.31002,2026-08-17
IWM,304.06,2027-09-17,396,Put,280.00,-7.91%,14.69,15.56,4002,16.73%,23.79%,1.066818,-0.287466,2026-08-17
XLE,62.58,2026-09-18,32,Put,60.00,-4.12%,0.65,0.76,1764,23.50%,23.85%,0.059601,-0.256196,2026-08-17
IWM,304.06,2026-12-18,123,Put,275.00,-9.56%,4.85,4.94,3925,16.73%,23.90%,0.487631,-0.196293,2026-08-17
IWM,304.06,2026-10-16,60,Put,275.00,-9.56%,1.96,2.03,2148,16.73%,23.90%,0.260318,-0.129771,2026-08-17
XLE,62.58,2026-08-21,4,Put,62.00,-0.93%,0.23,0.51,3633,23.50%,23.91%,0.024195,-0.347398,2026-08-17
EEM,67.32,2026-08-21,4,Call,68.00,-1.01%,0.33,0.46,1633,25.68%,23.94%,0.02615,0.35187,2026-08-17
QQQ,729.87,2028-12-15,851,Put,800.00,+9.61%,116,121,516,18.76%,23.94%,4.086635,-0.512704,2026-08-17
QQQ,729.87,2026-11-20,95,Put,690.00,-5.46%,16.25,16.51,548,18.76%,23.94%,1.251265,-0.28032,2026-08-17
XLU,44.18,2027-12-17,487,Call,45.00,-1.86%,3.8,4.5,801,18.44%,23.94%,0.193723,0.497575,2026-08-17
SPY,772.67,2026-09-25,39,Put,685.00,-11.35%,1.4,1.42,599,12.78%,23.97%,0.274887,-0.053507,2026-08-17
EEM,67.32,2026-08-28,11,Put,66.00,-1.96%,0.46,0.66,1241,25.68%,24.02%,0.040961,-0.305639,2026-08-17
QQQ,729.87,2026-08-21,4,Put,699.00,-4.23%,0.29,0.32,1888,18.76%,24.04%,0.06672,-0.040651,2026-08-17
QQQ,729.87,2026-09-18,32,Put,680.00,-6.83%,3.89,3.96,2233,18.76%,24.05%,0.488013,-0.143073,2026-08-17
QQQ,729.87,2026-09-25,39,Put,680.00,-6.83%,5.09,5.19,744,18.76%,24.05%,0.588669,-0.163545,2026-08-17
XLI,186.32,2026-09-18,32,Put,181.00,-2.86%,0.93,4.7,784,19.33%,24.05%,0.196238,-0.316606,2026-08-17
GLD,405.49,2026-08-21,4,Call,420.00,-3.58%,0.37,0.44,2187,22.80%,24.16%,0.067016,0.086651,2026-08-17
GLD,405.49,2027-01-15,151,Put,350.00,-13.68%,4.35,4.6,1049,22.80%,24.16%,0.558561,-0.132522,2026-08-17
QQQ,729.87,2026-10-16,60,Put,680.00,-6.83%,8.61,8.71,679,18.76%,24.16%,0.842484,-0.205947,2026-08-17
QQQ,729.87,2027-12-17,487,Put,750.00,+2.76%,74.93,78.34,503,18.76%,24.18%,3.245252,-0.448231,2026-08-17
KRE,77.39,2026-09-18,32,Put,73.00,-5.67%,0.53,0.65,1032,24.67%,24.20%,0.061718,-0.187797,2026-08-17
XLE,62.58,2026-08-21,4,Call,62.50,+0.13%,0.63,0.73,4760,23.50%,24.20%,0.026062,0.528588,2026-08-17
IWM,304.06,2026-09-25,39,Put,275.00,-9.56%,1.02,1.07,1931,16.73%,24.29%,0.161809,-0.090335,2026-08-17
QQQ,729.87,2026-08-20,3,Put,700.00,-4.09%,0.16,0.18,2339,18.76%,24.29%,0.041793,-0.027426,2026-08-17
XLE,62.58,2027-01-15,151,Call,65.00,-3.87%,3,3.2,1894,23.50%,24.35%,0.158645,0.455387,2026-08-17
IWM,304.06,2027-01-15,151,Put,270.00,-11.20%,5.04,5.16,8811,16.73%,24.37%,0.517545,-0.183096,2026-08-17
QQQ,729.87,2027-12-17,487,Call,800.00,-9.61%,66.58,69.87,514,18.76%,24.37%,3.346436,0.493444,2026-08-17
XLE,62.58,2026-09-18,32,Put,59.00,-5.72%,0.44,0.54,1819,23.50%,24.37%,0.050337,-0.190505,2026-08-17
QQQ,729.87,2026-09-30,44,Put,675.00,-7.52%,5.22,5.31,1168,18.76%,24.39%,0.608259,-0.156792,2026-08-17
EEM,67.32,2026-08-21,4,Call,68.50,-1.75%,0.17,0.35,3557,25.68%,24.41%,0.022623,0.254911,2026-08-17
QQQ,729.87,2027-01-15,151,Call,700.00,+4.09%,66.45,67.67,933,18.76%,24.41%,1.700045,0.667704,2026-08-17
GLD,405.49,2026-08-28,11,Call,425.00,-4.81%,1.2,1.3,1848,22.80%,24.43%,0.159914,0.144289,2026-08-17
GLD,405.49,2026-08-21,4,Call,421.00,-3.83%,0.29,0.4,580,22.80%,24.43%,0.060094,0.075002,2026-08-17
GLD,405.49,2026-08-21,4,Put,390.00,-3.82%,0.22,0.33,822,22.80%,24.46%,0.051075,-0.060765,2026-08-17
GLD,405.49,2027-01-15,151,Call,465.00,-14.68%,8.45,8.75,1024,22.80%,24.48%,0.8201,0.245126,2026-08-17
GLD,405.49,2026-11-20,95,Call,450.00,-10.98%,6.8,7.05,601,22.80%,24.50%,0.650177,0.244907,2026-08-17
QQQ,729.87,2026-08-28,11,Put,685.00,-6.15%,0.84,0.88,1069,18.76%,24.53%,0.15626,-0.062717,2026-08-17
GLD,405.49,2026-10-16,60,Call,445.00,-9.74%,4.35,4.55,5560,22.80%,24.56%,0.467536,0.205317,2026-08-17
XLE,62.58,2026-09-18,32,Call,62.50,+0.13%,1.82,2,1144,23.50%,24.57%,0.073582,0.530905,2026-08-17
IWM,304.06,2026-09-18,32,Put,275.00,-9.56%,0.74,0.77,617,16.73%,24.60%,0.126264,-0.074108,2026-08-17
QQQ,729.87,2026-11-20,95,Put,680.00,-6.83%,14.06,14.3,3402,18.76%,24.62%,1.171323,-0.245894,2026-08-17
XLE,62.58,2026-12-18,123,Call,65.00,-3.87%,2.6,2.85,15832,23.50%,24.64%,0.142722,0.441663,2026-08-17
IWM,304.06,2026-12-18,123,Put,270.00,-11.20%,4.11,4.19,620,16.73%,24.66%,0.442523,-0.168007,2026-08-17
QQQ,729.87,2026-09-18,32,Put,675.00,-7.52%,3.43,3.5,618,18.76%,24.67%,0.448711,-0.126592,2026-08-17
QQQ,729.87,2028-06-16,669,Put,730.00,+0.02%,74.5,79,551,18.76%,24.69%,3.67577,-0.392633,2026-08-17
QQQ,729.87,2026-12-18,123,Put,680.00,-6.83%,17.8,18.01,1249,18.76%,24.72%,1.380511,-0.263727,2026-08-17
XLE,62.58,2027-12-17,487,Put,60.00,-4.12%,4.15,5.65,1259,23.50%,24.73%,0.263384,-0.352626,2026-08-17
SPY,772.67,2026-09-18,32,Put,685.00,-11.35%,1.03,1.04,910,12.78%,24.75%,0.211035,-0.043508,2026-08-17
XLK,190.32,2026-08-21,4,Call,190.00,+0.17%,1.74,2.6,1698,26.39%,24.78%,0.079139,0.53683,2026-08-17
EEM,67.32,2026-09-18,32,Call,68.00,-1.01%,1.61,1.81,7912,25.68%,24.81%,0.079168,0.468913,2026-08-17
QQQ,729.87,2027-12-17,487,Put,725.00,-0.67%,64.17,67.5,512,18.76%,24.81%,3.173684,-0.395513,2026-08-17
GLD,405.49,2026-10-16,60,Call,450.00,-10.98%,3.65,3.85,641,22.80%,24.83%,0.428094,0.177817,2026-08-17
EEM,67.32,2026-08-21,4,Call,67.50,-0.27%,0.42,0.82,1055,25.68%,24.87%,0.028015,0.467437,2026-08-17
XLE,62.58,2026-11-20,95,Call,65.00,-3.87%,2.13,2.45,731,23.50%,24.87%,0.124579,0.423128,2026-08-17
QQQ,729.87,2026-09-30,44,Put,670.00,-8.20%,4.68,4.78,607,18.76%,24.92%,0.567536,-0.141343,2026-08-17
XLE,62.58,2026-09-18,32,Call,65.00,-3.87%,0.89,1,14091,23.50%,24.93%,0.066647,0.325168,2026-08-17
GLD,405.49,2026-11-20,95,Call,460.00,-13.44%,5.3,5.5,9351,22.80%,25.01%,0.57687,0.198694,2026-08-17
KRE,77.39,2026-10-16,60,Put,75.00,-3.09%,1.3,2.49,2094,24.67%,25.01%,0.11526,-0.34357,2026-08-17
QQQ,729.87,2026-08-31,14,Put,675.00,-7.52%,0.75,0.78,882,18.76%,25.02%,0.147928,-0.050208,2026-08-17
XOVR,20.51,2026-09-18,32,Call,21.00,-2.39%,0.35,0.5,572,26.52%,25.05%,0.023553,0.406164,2026-08-17
QQQ,729.87,2027-03-19,214,Put,680.00,-6.83%,27.48,28.32,1012,18.76%,25.06%,1.906009,-0.290735,2026-08-17
XLE,62.58,2026-10-16,60,Call,70.00,-11.86%,0.46,0.52,2531,23.50%,25.09%,0.060214,0.15425,2026-08-17
XLE,62.58,2026-08-21,4,Call,63.00,-0.67%,0.4,0.55,3660,23.50%,25.11%,0.02543,0.407836,2026-08-17
EWZ,33.97,2026-09-18,32,Call,35.00,-3.03%,0.41,0.65,13416,25.26%,25.14%,0.036313,0.3327,2026-08-17
IWM,304.06,2026-09-30,44,Put,270.00,-11.20%,0.91,0.96,2409,16.73%,25.22%,0.150331,-0.07561,2026-08-17
XLE,62.58,2026-10-16,60,Put,60.00,-4.12%,1.3,1.4,3245,23.50%,25.23%,0.08949,-0.311049,2026-08-17
XLE,62.58,2026-11-20,95,Call,70.00,-11.86%,0.76,1.19,528,23.50%,25.27%,0.09506,0.222855,2026-08-17
XLE,62.58,2027-01-15,151,Put,60.00,-4.12%,2.38,2.81,509,23.50%,25.27%,0.148074,-0.348793,2026-08-17
QQQ,729.87,2026-09-18,32,Put,670.00,-8.20%,3.04,3.11,1402,18.76%,25.33%,0.412353,-0.112286,2026-08-17
EEM,67.32,2026-09-18,32,Put,67.00,-0.48%,1.53,2.08,1578,25.68%,25.38%,0.078818,-0.452128,2026-08-17
QQQ,729.87,2026-08-21,4,Put,695.00,-4.78%,0.22,0.25,563,18.76%,25.38%,0.053231,-0.030862,2026-08-17
GLD,405.49,2026-08-19,2,Put,393.00,-3.08%,0.11,0.19,827,22.80%,25.53%,0.02945,-0.046969,2026-08-17
QQQ,729.87,2026-08-28,11,Put,680.00,-6.83%,0.69,0.71,6253,18.76%,25.56%,0.132233,-0.050742,2026-08-17
XLE,62.58,2027-06-17,304,Put,60.00,-4.12%,3.85,4.15,682,23.50%,25.60%,0.210766,-0.356929,2026-08-17
GLD,405.49,2027-01-15,151,Call,490.00,-20.84%,5.3,5.65,23041,22.80%,25.61%,0.649873,0.165968,2026-08-17
EEM,67.32,2027-03-19,214,Call,78.00,-15.86%,1.84,2.29,7002,25.68%,25.70%,0.171857,0.277447,2026-08-17
QQQ,729.87,2026-08-21,4,Put,694.00,-4.91%,0.21,0.23,728,18.76%,25.70%,0.050267,-0.028802,2026-08-17
EEM,67.32,2026-10-16,60,Put,65.00,-3.45%,1.5,1.84,860,25.68%,25.73%,0.099659,-0.338624,2026-08-17
EEM,67.32,2027-01-15,151,Call,73.00,-8.44%,2.23,2.79,3500,25.68%,25.80%,0.161219,0.359901,2026-08-17
IWM,304.06,2027-01-15,151,Put,260.00,-14.49%,3.72,3.85,8012,16.73%,25.80%,0.42944,-0.13757,2026-08-17
XLE,62.58,2026-08-21,4,Put,61.50,-1.73%,0.2,0.32,750,23.50%,25.83%,0.020952,-0.253096,2026-08-17
XLE,62.58,2026-11-20,95,Put,60.00,-4.12%,1.81,2.12,2021,23.50%,25.83%,0.116075,-0.335743,2026-08-17
GLD,405.49,2026-08-21,4,Call,424.00,-4.56%,0.18,0.3,876,22.80%,25.85%,0.045482,0.052449,2026-08-17
XLE,62.58,2027-06-17,304,Put,57.50,-8.12%,2.93,3.15,1259,23.50%,25.85%,0.194203,-0.291207,2026-08-17
XRT,87.54,2027-01-15,151,Put,85.00,-2.90%,3.55,4.65,5076,21.60%,25.87%,0.212409,-0.374053,2026-08-17
EEM,67.32,2026-09-18,32,Call,67.00,+0.48%,2.19,2.36,2577,25.68%,25.90%,0.078796,0.548272,2026-08-17
GLD,405.49,2027-01-15,151,Call,495.00,-22.07%,4.9,5.2,23160,22.80%,25.90%,0.619285,0.154171,2026-08-17
XLE,62.58,2028-01-21,522,Call,90.00,-43.82%,1.42,1.88,2505,23.50%,25.92%,0.193983,0.178936,2026-08-17
QQQ,729.87,2027-09-17,396,Put,680.00,-6.83%,42.08,45.36,1002,18.76%,25.93%,2.642777,-0.307401,2026-08-17
QQQ,729.87,2026-09-18,32,Put,665.00,-8.89%,2.69,2.74,685,18.76%,25.93%,0.377318,-0.099308,2026-08-17
XLE,62.58,2027-12-17,487,Call,75.00,-19.85%,2.89,4.95,1386,23.50%,25.94%,0.265986,0.35739,2026-08-17
GLD,405.49,2026-09-18,32,Call,450.00,-10.98%,1.39,1.51,1152,22.80%,25.95%,0.212525,0.101177,2026-08-17
QQQ,729.87,2026-10-16,60,Put,660.00,-9.57%,5.99,6.09,718,18.76%,25.99%,0.676894,-0.145867,2026-08-17
GLD,405.49,2026-08-21,4,Put,386.00,-4.81%,0.11,0.18,743,22.80%,26.00%,0.031347,-0.033117,2026-08-17
QQQ,729.87,2027-03-19,214,Put,660.00,-9.57%,22.65,23.43,1012,18.76%,26.00%,1.748473,-0.244569,2026-08-17
XLE,62.58,2026-08-21,4,Call,62.00,+0.93%,0.93,1.1,1991,23.50%,26.04%,0.02446,0.641751,2026-08-17
XLI,186.32,2026-09-18,32,Put,165.00,-11.44%,0.13,0.48,10208,19.33%,26.04%,0.056399,-0.049447,2026-08-17
QQQ,729.87,2026-11-20,95,Put,660.00,-9.57%,10.58,10.75,4197,18.76%,26.05%,1.004938,-0.188699,2026-08-17
IWM,304.06,2026-09-18,32,Put,270.00,-11.20%,0.54,0.57,2100,16.73%,26.09%,0.098981,-0.054193,2026-08-17
IWM,304.06,2026-10-16,60,Put,265.00,-12.85%,1.24,1.28,2520,16.73%,26.13%,0.187096,-0.082256,2026-08-17
EWZ,33.97,2026-09-18,32,Put,31.00,-8.74%,0.15,0.19,3270,25.26%,26.22%,0.020671,-0.125179,2026-08-17
GLD,405.49,2026-08-21,4,Call,425.00,-4.81%,0.15,0.27,769,22.80%,26.23%,0.041068,0.046153,2026-08-17
QQQ,729.87,2026-08-20,3,Put,695.00,-4.78%,0.11,0.13,2240,18.76%,26.25%,0.0304,-0.018798,2026-08-17
XLK,190.32,2026-09-18,32,Call,190.00,+0.17%,5.9,6.85,1825,26.39%,26.36%,0.22364,0.53991,2026-08-17
EEM,67.32,2027-06-17,304,Call,70.00,-3.98%,5,6.55,4080,25.68%,26.39%,0.241459,0.507555,2026-08-17
QQQ,729.87,2027-06-17,304,Put,660.00,-9.57%,30.8,31.58,1078,18.76%,26.41%,2.157127,-0.262611,2026-08-17
SPY,772.67,2027-06-17,304,Put,600.00,-22.35%,10.02,10.06,1395,12.78%,26.41%,1.257086,-0.102558,2026-08-17
XLK,190.32,2026-08-21,4,Call,195.00,-2.46%,0.4,0.74,1908,26.39%,26.41%,0.055326,0.197319,2026-08-17
QQQ,729.87,2026-10-30,74,Put,655.00,-10.26%,7.26,7.4,2845,18.76%,26.42%,0.778774,-0.153831,2026-08-17
EWZ,33.97,2027-06-17,304,Put,30.00,-11.69%,1.59,2.28,3700,25.26%,26.48%,0.103977,-0.309601,2026-08-17
XLK,190.32,2026-09-18,32,Put,190.00,-0.17%,4.85,6.25,1678,26.39%,26.55%,0.223649,-0.46391,2026-08-17
QQQ,729.87,2027-03-19,214,Put,650.00,-10.94%,20.86,21.28,1243,18.76%,26.57%,1.667734,-0.224348,2026-08-17
QQQ,729.87,2026-09-18,32,Put,660.00,-9.57%,2.4,2.45,817,18.76%,26.61%,0.346326,-0.088421,2026-08-17
XLE,62.58,2027-06-17,304,Call,90.00,-43.82%,0.53,0.74,3020,23.50%,26.66%,0.097881,0.097276,2026-08-17
XLE,62.58,2026-10-16,60,Put,55.00,-12.11%,0.32,0.36,610,23.50%,26.73%,0.044817,-0.100978,2026-08-17
EWZ,33.97,2026-09-18,32,Call,34.00,-0.09%,0.85,1.1,561,25.26%,26.75%,0.039714,0.488041,2026-08-17
SPY,772.67,2026-12-18,123,Put,630.00,-18.46%,4.18,4.19,2530,12.78%,26.77%,0.624416,-0.073449,2026-08-17
EEM,67.32,2027-03-19,214,Put,65.00,-3.45%,3.15,4.75,1003,25.68%,26.78%,0.19331,-0.371379,2026-08-17
XLP,84.68,2026-09-04,18,Put,85.50,+0.97%,0,4.8,549,16.83%,26.81%,0.074435,-0.545989,2026-08-17
QQQ,729.87,2026-10-30,74,Put,650.00,-10.94%,6.69,6.84,2915,18.76%,26.83%,0.739425,-0.142348,2026-08-17
TLT,81.35,2026-09-18,32,Put,90.00,+10.63%,8.8,8.95,909,11.58%,26.90%,0.042449,-0.896478,2026-08-17
EEM,67.32,2027-06-17,304,Put,65.00,-3.45%,3.65,6,4896,25.68%,26.91%,0.229543,-0.370937,2026-08-17
EWZ,33.97,2026-09-18,32,Call,36.00,-5.98%,0.3,0.38,11360,25.26%,27.00%,0.030095,0.22569,2026-08-17
XLE,62.58,2027-12-17,487,Put,62.50,-0.13%,5.9,7.55,682,23.50%,27.02%,0.274355,-0.407385,2026-08-17
WEAT,25,2027-01-15,151,Call,25.00,0.00%,1.85,2,653,26.69%,27.07%,0.063132,0.570853,2026-08-17
GLD,405.49,2026-09-18,32,Call,460.00,-13.44%,0.89,1.01,648,22.80%,27.14%,0.158118,0.068257,2026-08-17
QQQ,729.87,2026-09-30,44,Put,650.00,-10.94%,3.11,3.18,796,18.76%,27.14%,0.425233,-0.094088,2026-08-17
QQQ,729.87,2026-08-21,4,Put,690.00,-5.46%,0.17,0.19,2523,18.76%,27.23%,0.041525,-0.022924,2026-08-17
EEM,67.32,2026-11-20,95,Put,62.50,-7.16%,1.4,1.78,572,25.68%,27.30%,0.11141,-0.261197,2026-08-17
XLE,62.58,2026-09-18,32,Call,60.00,+4.12%,3.5,3.7,590,23.50%,27.31%,0.062243,0.719383,2026-08-17
QQQ,729.87,2026-09-11,25,Put,657.00,-9.98%,1.45,1.5,557,18.76%,27.43%,0.236512,-0.063042,2026-08-17
EEM,67.32,2028-01-21,522,Put,65.00,-3.45%,4.75,8.3,7500,25.68%,27.53%,0.295853,-0.363047,2026-08-17
XLE,62.58,2026-12-18,123,Put,50.00,-20.10%,0.26,0.33,602,23.50%,27.61%,0.045182,-0.063491,2026-08-17
SPY,772.67,2026-09-04,18,Put,680.00,-11.99%,0.28,0.29,1072,12.78%,27.62%,0.070264,-0.016428,2026-08-17
XLK,190.32,2026-09-18,32,Put,185.00,-2.80%,3.3,4,763,26.39%,27.70%,0.205859,-0.337998,2026-08-17
EEM,67.32,2026-12-18,123,Call,67.00,+0.48%,4.3,5.05,3500,25.68%,27.71%,0.153153,0.558335,2026-08-17
EEM,67.32,2026-09-18,32,Put,62.00,-7.90%,0.36,0.49,2770,25.68%,27.79%,0.045235,-0.144169,2026-08-17
XLE,62.58,2027-06-17,304,Call,75.00,-19.85%,1.9,3.5,1549,23.50%,27.84%,0.197682,0.301942,2026-08-17
IYR,104.15,2026-09-18,32,Put,102.00,-2.06%,0,4.8,620,20.56%,27.98%,0.117296,-0.380569,2026-08-17
QQQ,729.87,2026-09-18,32,Put,650.00,-10.94%,1.93,1.97,1140,18.76%,27.99%,0.29164,-0.070466,2026-08-17
SPY,772.67,2026-12-18,123,Put,615.00,-20.41%,3.58,3.6,1988,12.78%,28.06%,0.546817,-0.061856,2026-08-17
XLE,62.58,2026-09-18,32,Put,55.00,-12.11%,0.09,0.15,762,23.50%,28.06%,0.02001,-0.052989,2026-08-17
QQQ,729.87,2026-08-31,14,Put,660.00,-9.57%,0.47,0.49,5064,18.76%,28.09%,0.097884,-0.030227,2026-08-17
SPY,772.67,2026-09-30,44,Put,650.00,-15.88%,0.98,0.99,1208,12.78%,28.16%,0.193468,-0.032186,2026-08-17
EEM,67.32,2027-01-15,151,Put,60.00,-10.87%,1.37,2,3500,25.68%,28.18%,0.127881,-0.2203,2026-08-17
GLD,405.49,2026-09-18,32,Put,352.00,-13.19%,0.48,0.61,1705,22.80%,28.31%,0.100778,-0.038722,2026-08-17
EEM,67.32,2026-12-18,123,Put,60.00,-10.87%,1.21,1.57,3603,25.68%,28.40%,0.110965,-0.205634,2026-08-17
EEM,67.32,2027-06-17,304,Put,60.00,-10.87%,2.2,4.1,4000,25.68%,28.45%,0.198204,-0.261298,2026-08-17
EEM,67.32,2027-06-17,304,Call,65.00,+3.45%,7.9,9.25,4906,25.68%,28.50%,0.228216,0.623381,2026-08-17
XOP,183.35,2026-10-16,60,Call,165.00,+10.01%,20.1,22.15,862,30.63%,28.62%,0.176671,0.845409,2026-08-17
QQQ,729.87,2026-11-20,95,Put,625.00,-14.37%,6.48,6.63,857,18.76%,28.73%,0.733889,-0.117584,2026-08-17
EWT,107.8,2026-08-21,4,Call,110.00,-2.04%,0.15,0.85,2924,34.23%,28.75%,0.036542,0.259167,2026-08-17
KWEB,26.95,2026-09-18,32,Call,29.00,-7.61%,0.25,0.3,2448,29.02%,28.79%,0.023496,0.21789,2026-08-17
IWM,304.06,2026-12-18,123,Put,245.00,-19.42%,1.85,1.9,3776,16.73%,28.83%,0.253785,-0.076634,2026-08-17
SPY,772.67,2026-11-20,95,Put,615.00,-20.41%,2.39,2.41,1010,12.78%,28.99%,0.392506,-0.047868,2026-08-17
QQQ,729.87,2026-08-21,4,Put,685.00,-6.15%,0.13,0.15,1342,18.76%,29.04%,0.032712,-0.017304,2026-08-17
XBI,159.53,2026-09-18,32,Put,160.00,+0.29%,5.3,5.7,666,27.23%,29.12%,0.188078,-0.485551,2026-08-17
XBI,159.53,2026-08-21,4,Call,155.00,+2.84%,4.75,5.3,1567,27.23%,29.16%,0.041544,0.834457,2026-08-17
MTUM,322.07,2026-08-21,4,Call,317.50,+1.42%,5.5,7.9,2918,27.07%,29.30%,0.119031,0.689471,2026-08-17
IWM,304.06,2027-09-17,396,Put,220.00,-27.65%,4.43,4.98,8000,16.73%,29.39%,0.533412,-0.095048,2026-08-17
XLI,186.32,2026-09-18,32,Put,160.00,-14.13%,0,0.45,732,19.33%,29.41%,0.041709,-0.034079,2026-08-17
EWZ,33.97,2027-01-15,151,Put,30.00,-11.69%,1.08,1.18,2501,25.26%,29.47%,0.069308,-0.25925,2026-08-17
QQQ,729.87,2026-10-16,60,Put,625.00,-14.37%,3.35,3.4,5112,18.76%,29.52%,0.444233,-0.08105,2026-08-17
KWEB,26.95,2026-09-18,32,Call,28.00,-3.90%,0.48,0.63,3493,29.02%,29.62%,0.02989,0.361312,2026-08-17
GLD,405.49,2028-12-15,851,Call,850.00,-109.62%,7.25,10.25,800,22.80%,29.64%,1.213741,0.116607,2026-08-17
IGV,101.99,2026-09-18,32,Call,100.00,+1.95%,4.4,5.2,1202,31.61%,29.66%,0.115018,0.619318,2026-08-17
KRE,77.39,2028-01-21,522,Put,65.00,-16.01%,1.5,6.5,2000,24.67%,29.70%,0.269433,-0.216957,2026-08-17
XLP,84.68,2026-08-21,4,Call,86.00,-1.56%,0.17,0.9,776,16.83%,29.71%,0.03163,0.318361,2026-08-17
IBIT,36.42,2026-08-31,14,Call,37.00,-1.59%,0.6,0.63,665,34.88%,29.78%,0.027787,0.413745,2026-08-17
XOP,183.35,2026-10-16,60,Call,170.00,+7.28%,16.55,18.55,751,30.63%,29.95%,0.226829,0.767741,2026-08-17
MTUM,322.07,2026-08-21,4,Put,310.00,-3.75%,0.1,0.95,4000,27.07%,29.99%,0.062054,-0.106767,2026-08-17
"Downloaded from Barchart.com as of 08-17-2026 08:07pm CDT"
