Symbol,Price~,"Exp Date",DTE,Type,Strike,Moneyness,Bid,Ask,Volume,"Open Int","OI %Chg",Vol/OI,IV,Delta,Time
CGON,72.42,2027-01-15,163,Call,95.00,-31.18%,5.6,8.3,46,4002,"+400,100.00%",0.01,69.70%,0.377156,2026-08-05
PLTR,158.43,2026-08-07,2,Put,149.00,-5.95%,0.35,0.37,4837,3523,"+352,200.00%",1.37,65.41%,-0.097593,2026-08-05
EYPT,12.25,2026-09-18,44,Put,5.00,-59.18%,0.5,1.8,8,4132,"+206,500.00%",0,351.64%,-0.088897,2026-08-05
LKQ,24.11,2026-11-20,107,Call,32.50,-34.80%,0.3,0.75,1,4002,"+200,000.00%",0,50.84%,0.167196,2026-08-05
UMAC,25.73,2026-08-14,9,Put,24.00,-6.72%,1.35,2.2,11,1702,"+170,100.00%",0.01,164.62%,-0.344036,2026-08-05
U,35.47,2027-02-19,198,Put,21.00,-40.80%,0.69,1.71,1000,5000,"+166,566.67%",0.2,73.92%,-0.102053,2026-08-05
NVO,44.53,2026-08-14,9,Call,45.50,-2.18%,0.5,0.64,62,2765,"+138,150.00%",0.02,35.29%,0.352881,2026-08-05
NVCT,19.26,2026-09-18,44,Call,30.00,-55.76%,0,0.35,106,2384,"+119,100.00%",0.04,81.40%,0.079141,2026-08-05
PDD,90.94,2026-08-21,16,Put,91.00,+0.07%,2.33,2.52,1055,1055,"+105,400.00%",1,32.37%,-0.483243,2026-08-05
TOST,34.8,2026-08-14,9,Call,38.50,-10.63%,0.06,0.24,37,2039,"+101,850.00%",0.02,51.19%,0.113951,2026-08-05
ITT,204.08,2026-09-18,44,Put,185.00,-9.35%,4.8,5.6,4015,4004,"+100,000.00%",1,47.25%,-0.242062,2026-08-05
PLTR,158.43,2026-08-07,2,Put,148.00,-6.58%,0.27,0.29,1833,2313,"+77,000.00%",0.79,66.25%,-0.078249,2026-08-05
AEHR,98.78,2026-08-14,9,Put,100.00,+1.24%,8.4,9.7,1031,2309,"+76,866.67%",0.45,136.31%,-0.478878,2026-08-05
MBGL,21.26,2026-11-20,107,Call,22.50,-5.83%,1.4,2.1,51,3005,"+75,025.00%",0.02,47.14%,0.479949,2026-08-05
PLTR,158.43,2026-09-04,30,Put,155.00,-2.16%,6.9,7.2,325,2240,"+74,566.67%",0.15,49.43%,-0.404168,2026-08-05
SN,182.11,2026-08-21,16,Call,195.00,-7.08%,1.55,3.1,7,2097,"+69,800.00%",0,43.60%,0.246288,2026-08-05
NRG,120.73,2026-08-07,2,Call,125.00,-3.54%,0.15,1.9,7631,7545,"+62,775.00%",1.01,72.28%,0.267321,2026-08-05
PLTR,158.43,2026-08-07,2,Put,170.00,+7.30%,11.55,12.1,400,1219,"+60,850.00%",0.33,66.58%,-0.920433,2026-08-05
PLTR,158.43,2026-09-11,37,Put,145.00,-8.48%,3.85,4.3,66,1826,"+60,766.67%",0.04,49.20%,-0.253176,2026-08-05
PLTR,158.43,2026-08-14,9,Put,143.00,-9.74%,0.7,0.82,188,1175,"+58,650.00%",0.16,55.55%,-0.109761,2026-08-05
PLTR,158.43,2026-08-14,9,Put,148.00,-6.58%,1.39,1.48,436,1129,"+56,350.00%",0.39,52.69%,-0.191001,2026-08-05
PLTR,158.43,2026-08-07,2,Put,147.00,-7.21%,0.21,0.22,1216,1092,"+54,500.00%",1.11,67.00%,-0.061967,2026-08-05
GNRC,217.41,2026-08-28,23,Put,180.00,-17.21%,0.5,2.65,100,1002,"+50,000.00%",0.1,60.21%,-0.095675,2026-08-05
SKHY,151.03,2026-08-14,9,Put,124.00,-17.90%,1.6,2.1,17,6038,"+46,346.15%",0,118.11%,-0.122933,2026-08-05
GLW,156.7,2026-09-11,37,Call,140.00,+10.66%,23.45,26.6,192,1138,"+37,833.33%",0.17,79.74%,0.719489,2026-08-05
SHAK,74.33,2026-08-21,16,Call,69.00,+7.17%,5.4,8.1,5,1116,"+37,100.00%",0,56.09%,0.759913,2026-08-05
VEEV,213.51,2027-06-17,316,Call,270.00,-26.46%,22.1,24.8,1,1004,"+33,366.67%",0,49.48%,0.418902,2026-08-05
AMD,482.05,2026-08-10,5,Put,515.00,+6.84%,36.3,39.8,83,2258,"+28,125.00%",0.04,72.48%,-0.768643,2026-08-05
CPNG,16,2026-08-07,2,Put,17.50,+9.38%,0.83,1.66,3,5018,"+27,777.78%",0,67.47%,-0.962569,2026-08-05
SKHY,151.03,2026-11-20,107,Call,155.00,-2.63%,31.8,33.6,51,2182,"+27,175.00%",0.02,104.23%,0.601096,2026-08-05
BW,9.52,2026-09-18,44,Call,15.00,-57.56%,0.2,0.55,27,4029,"+25,081.25%",0.01,122.82%,0.199719,2026-08-05
WMB,71.81,2026-08-28,23,Call,77.00,-7.23%,0.1,0.85,633,1205,"+24,000.00%",0.53,28.63%,0.176213,2026-08-05
WSC,26.56,2026-09-18,44,Call,27.50,-3.54%,1.9,2.25,708,7555,"+23,509.38%",0.09,66.51%,0.490891,2026-08-05
CG,49.84,2026-09-18,44,Call,52.50,-5.34%,1.55,1.85,960,140494,"+21,614.68%",0.01,39.81%,0.381225,2026-08-05
BSX,47.74,2026-08-14,9,Put,46.00,-3.64%,0.45,0.65,10809,4143,"+20,615.00%",2.61,42.31%,-0.272985,2026-08-05
SKHY,151.03,2026-11-20,107,Call,250.00,-65.53%,10.5,12.1,2,4001,"+19,905.00%",0,104.49%,0.278231,2026-08-05
ALAB,318.43,2026-08-07,2,Call,407.50,-27.97%,0,3.8,17,1357,"+19,285.71%",0.01,226.75%,0.083124,2026-08-05
NEE,85.91,2026-08-28,23,Call,86.00,-0.10%,1.72,2.13,26,1708,"+18,877.78%",0.02,22.69%,0.506515,2026-08-05
NB,5.02,2026-08-07,2,Call,5.50,-9.56%,0.05,0.15,59,2752,"+18,246.67%",0.02,177.83%,0.265494,2026-08-05
BIDU,111.11,2026-08-21,16,Put,111.00,-0.10%,4.5,5.15,3,2134,"+16,315.38%",0,53.50%,-0.469752,2026-08-05
WFC,89.17,2026-09-04,30,Call,88.00,+1.31%,2.62,3.15,20,1202,"+14,925.00%",0.02,21.56%,0.604429,2026-08-05
ELAN,26.22,2026-08-21,16,Put,20.00,-23.72%,0,0.2,500,2401,"+14,906.25%",0.21,83.06%,-0.049206,2026-08-05
IE,10.65,2026-10-16,72,Call,10.00,+6.10%,1.9,2,647,11704,"+14,905.13%",0.06,86.25%,0.646191,2026-08-05
DJT,9.96,2026-10-16,72,Call,17.00,-70.68%,0.35,0.43,1613,11384,"+14,878.95%",0.14,105.56%,0.186618,2026-08-05
SPCX,108.27,2027-03-19,226,Call,230.00,-112.43%,4.65,5.15,125,3527,"+14,595.83%",0.04,76.07%,0.179249,2026-08-05
NVO,44.53,2026-08-14,9,Call,44.00,+1.19%,1.02,1.31,127,1307,"+14,422.22%",0.1,32.39%,0.596941,2026-08-05
FBIN,52.29,2026-08-21,16,Put,50.00,-4.38%,0,2,30,1839,"+14,046.15%",0.02,45.58%,-0.300062,2026-08-05
NN,14.82,2026-08-14,9,Call,15.00,-1.21%,1.95,2.35,339,3600,"+13,746.15%",0.09,240.23%,0.563506,2026-08-05
PLTR,158.43,2026-08-07,2,Put,160.00,+0.99%,3.7,3.85,25141,6354,"+13,419.15%",3.96,62.54%,-0.574013,2026-08-05
SKHY,151.03,2026-10-16,72,Call,315.00,-108.57%,2.5,3.1,63,3508,"+12,892.59%",0.02,107.34%,0.098836,2026-08-05
IREN,38.89,2026-08-14,9,Put,39.50,+1.57%,3.05,3.2,94,4276,"+12,857.58%",0.02,115.31%,-0.49664,2026-08-05
PDD,90.94,2026-08-28,23,Put,90.00,-1.03%,3,3.4,6,1011,"+12,537.50%",0.01,41.27%,-0.432629,2026-08-05
PDD,90.94,2026-09-04,30,Put,90.00,-1.03%,3.55,3.95,7,1009,"+12,512.50%",0.01,41.77%,-0.433933,2026-08-05
TNDM,19.59,2026-08-21,16,Put,19.00,-3.01%,1.4,2.05,6,2015,"+12,493.75%",0,125.70%,-0.400253,2026-08-05
WMT,112.34,2026-09-04,30,Put,98.00,-12.76%,0.23,0.75,61,6138,"+12,426.53%",0.01,36.86%,-0.08601,2026-08-05
ROK,450.05,2026-09-18,44,Put,390.00,-13.34%,0.7,4.8,53,1867,"+12,346.67%",0.03,34.69%,-0.101539,2026-08-05
PLTR,158.43,2026-08-07,2,Put,152.50,-3.74%,0.83,0.86,11632,6062,"+12,271.43%",1.92,63.22%,-0.199741,2026-08-05
MARA,11.24,2026-09-04,30,Call,10.00,+11.03%,1.73,2.24,2001,1104,"+12,166.67%",1.81,103.42%,0.709814,2026-08-05
ELAN,26.22,2026-08-21,16,Put,23.00,-12.28%,0.05,0.5,3,1209,"+11,990.00%",0,63.64%,-0.144385,2026-08-05
PLTR,158.43,2026-08-07,2,Put,143.00,-9.74%,0.09,0.11,797,1516,"+10,728.57%",0.53,74.32%,-0.029152,2026-08-05
RBLX,36.19,2026-08-21,16,Put,32.00,-11.58%,0.48,0.62,33,1015,"+10,050.00%",0.03,70.12%,-0.178439,2026-08-05
FHN,26.17,2026-11-20,107,Call,28.00,-6.99%,0.85,0.9,4116,125995,"+10,003.85%",0.03,27.40%,0.358206,2026-08-05
SKHY,151.03,2026-11-20,107,Call,160.00,-5.94%,29.7,32.1,106,4030,"+9,495.24%",0.03,104.30%,0.579316,2026-08-05
NVO,44.53,2026-09-18,44,Put,37.50,-15.79%,0.2,0.25,83,13336,"+9,425.71%",0.01,36.52%,-0.082736,2026-08-05
MRVL,211.02,2026-08-07,2,Call,257.50,-22.03%,0.07,0.17,4580,4445,"+9,357.45%",1.03,124.75%,0.017549,2026-08-05
FCX,69.39,2026-08-07,2,Put,66.00,-4.89%,0.16,0.3,109,1665,"+9,150.00%",0.07,63.31%,-0.136695,2026-08-05
DELL,462.7,2026-08-14,9,Call,600.00,-29.67%,0.09,1.15,971,1451,"+8,968.75%",0.67,83.40%,0.027883,2026-08-05
ZETA,27.07,2026-08-21,16,Call,26.50,+2.11%,1.33,2.7,53,2489,"+8,789.29%",0.02,75.74%,0.588443,2026-08-05
AMZN,272.65,2026-09-18,44,Call,335.00,-22.87%,0.55,0.6,169,19956,"+8,730.09%",0.01,33.31%,0.046076,2026-08-05
PLTR,158.43,2026-08-14,9,Put,155.00,-2.16%,3.45,3.65,2475,4859,"+8,576.79%",0.51,52.32%,-0.375746,2026-08-05
CORZ,21.77,2026-08-14,9,Call,23.50,-7.95%,0.51,0.8,110,3013,"+8,508.57%",0.04,94.66%,0.332069,2026-08-05
NVDA,219.22,2026-08-14,9,Put,212.50,-3.07%,2.5,2.56,1819,13303,"+8,427.56%",0.14,38.98%,-0.291003,2026-08-05
MSFT,487.46,2026-08-14,9,Put,495.00,+1.55%,12.75,13.9,1030,1830,"+8,218.18%",0.56,30.10%,-0.614461,2026-08-05
SGI,69.58,2026-09-18,44,Call,70.00,-0.60%,5,6.1,3522,1142,"+8,057.14%",3.08,58.66%,0.534622,2026-08-05
SHOP,144.24,2026-08-21,16,Call,131.00,+9.18%,14.1,16.4,10,4022,"+7,944.00%",0,55.80%,0.814959,2026-08-05
OLED,85.93,2026-09-18,44,Call,90.00,-4.74%,3.8,4.5,181,1982,"+7,828.00%",0.09,48.66%,0.4276,2026-08-05
EIX,68.32,2026-09-18,44,Call,70.00,-2.46%,3,5.2,446,1030,"+7,823.08%",0.43,51.80%,0.47691,2026-08-05
PACS,45.64,2026-08-21,16,Call,35.00,+23.31%,10.1,12.6,1019,1013,"+7,692.31%",1.01,115.52%,0.889735,2026-08-05
CAKE,105.31,2026-08-21,16,Put,105.00,-0.29%,2.95,3.5,94,2816,"+7,510.81%",0.03,39.06%,-0.464988,2026-08-05
SU,62.82,2026-08-07,2,Put,63.00,+0.29%,0.25,0.95,53,2549,"+7,397.06%",0.02,27.27%,-0.551554,2026-08-05
HST,25.13,2026-09-18,44,Put,24.00,-4.50%,0.45,0.65,732,6084,"+7,230.12%",0.12,26.86%,-0.334838,2026-08-05
BHP,89.38,2026-11-20,107,Call,95.00,-6.29%,4.7,5.1,10,6906,"+6,540.38%",0,38.56%,0.408959,2026-08-05
AAL,16.58,2026-08-07,2,Put,17.50,+5.55%,0.7,1.1,77,1242,"+6,436.84%",0.06,43.71%,-0.951121,2026-08-05
TOST,34.8,2026-08-07,2,Call,35.50,-2.01%,0.29,0.36,2645,2563,"+6,307.50%",1.03,58.77%,0.333033,2026-08-05
PCG,17.2,2026-12-18,135,Call,24.00,-39.53%,0.25,0.34,7767,30630,"+6,254.77%",0.25,43.97%,0.140597,2026-08-05
IIIN,32.82,2026-08-21,16,Call,35.00,-6.64%,0.1,0.4,166,1001,"+6,156.25%",0.17,34.03%,0.198436,2026-08-05
FLY,22.84,2026-08-07,2,Call,25.00,-9.46%,0.2,0.3,3658,11161,"+6,066.30%",0.33,137.41%,0.201662,2026-08-05
DEI,11.8,2026-08-21,16,Call,12.00,-1.69%,0,0.45,11,1818,"+5,581.25%",0.01,32.24%,0.40838,2026-08-05
MRCY,107.44,2026-08-21,16,Call,140.00,-30.31%,0.65,4.1,2,1021,"+5,572.22%",0,120.75%,0.18024,2026-08-05
AUR,6.69,2027-02-19,198,Call,9.00,-34.53%,0.5,1.1,2517,11964,"+5,490.65%",0.21,73.67%,0.406904,2026-08-05
SHOP,144.24,2026-08-21,16,Call,138.00,+4.33%,9.25,11.5,5,2845,"+5,478.43%",0,56.53%,0.672334,2026-08-05
MRVL,211.02,2026-08-21,16,Call,265.00,-25.58%,2.58,3.15,117,3199,"+5,322.03%",0.04,93.84%,0.146067,2026-08-05
AMPG,5.38,2026-08-07,2,Call,6.00,-11.52%,0.05,0.3,221,1073,"+5,265.00%",0.21,246.22%,0.306319,2026-08-05
U,35.47,2026-08-14,9,Put,32.00,-9.78%,1.37,1.61,1536,5074,"+5,241.05%",0.3,138.15%,-0.278706,2026-08-05
CC,14.59,2026-08-21,16,Call,17.50,-19.95%,0.1,0.2,273,1023,"+5,015.00%",0.27,74.43%,0.138668,2026-08-05
CLF,12.65,2026-08-14,9,Put,13.00,+2.77%,0.66,0.78,11,1324,"+4,992.31%",0.01,66.00%,-0.58237,2026-08-05
SHOP,144.24,2026-08-21,16,Call,134.00,+7.10%,11.9,14.15,2,2859,"+4,745.76%",0,56.09%,0.757852,2026-08-05
NOW,117.22,2027-02-19,198,Put,95.00,-18.96%,8.8,9.5,10,2033,"+4,740.48%",0,61.48%,-0.232976,2026-08-05
PLTR,158.43,2026-08-07,2,Put,150.00,-5.32%,0.44,0.47,35554,15395,"+4,651.54%",2.31,64.38%,-0.119973,2026-08-05
MRVL,211.02,2026-08-21,16,Call,212.50,-0.70%,14.5,16.5,90,1842,"+4,505.00%",0.05,91.07%,0.526586,2026-08-05
SYM,46.52,2026-08-21,16,Put,47.50,+2.11%,4,4.7,5,5110,"+4,503.60%",0,98.96%,-0.496469,2026-08-05
MU,893.19,2026-08-14,9,Put,505.00,-43.46%,0.02,0.24,2,3292,"+4,472.22%",0,132.73%,-0.002232,2026-08-05
RTX,222.31,2026-08-07,2,Call,232.50,-4.58%,0.02,0.29,1330,1399,"+4,412.90%",0.95,38.12%,0.058253,2026-08-05
PLTR,158.43,2026-08-07,2,Put,145.00,-8.48%,0.13,0.14,2009,5075,"+4,351.75%",0.4,69.59%,-0.040163,2026-08-05
BWA,66.78,2026-08-21,16,Call,80.00,-19.80%,0,0.35,5,2823,"+4,310.94%",0,52.66%,0.05785,2026-08-05
FLUT,92.91,2026-08-21,16,Call,115.00,-23.78%,0,0.3,34,6081,"+4,212.77%",0.01,54.75%,0.036764,2026-08-05
CRM,192.98,2026-08-28,23,Put,190.00,-1.54%,8.55,8.95,5,1072,"+4,188.00%",0,53.82%,-0.423302,2026-08-05
PCG,17.2,2026-12-18,135,Call,25.00,-45.35%,0.2,0.28,3,6082,"+4,153.15%",0,45.07%,0.116328,2026-08-05
CSCO,121.5,2026-08-07,2,Put,121.00,-0.41%,1.13,1.31,2729,2171,"+3,996.23%",1.26,40.85%,-0.438408,2026-08-05
ALAB,318.43,2026-08-07,2,Call,395.00,-24.05%,0.3,2.88,130,1343,"+3,969.70%",0.1,196.81%,0.080014,2026-08-05
ELAN,26.22,2026-08-21,16,Call,25.00,+4.65%,1.5,2.4,1063,1016,"+3,964.00%",1.05,57.03%,0.681594,2026-08-05
SHAK,74.33,2026-08-07,2,Call,81.00,-8.97%,0,0.4,1250,1345,"+3,855.88%",0.93,85.63%,0.093259,2026-08-05
GPN,87.48,2026-08-21,16,Call,105.00,-20.03%,0,0.45,2,2372,"+3,788.52%",0,52.91%,0.056704,2026-08-05
NRG,120.73,2027-01-15,163,Call,155.00,-28.39%,5.4,8.3,6,1879,"+3,734.69%",0,52.28%,0.302445,2026-08-05
SKHY,151.03,2026-11-20,107,Call,200.00,-32.42%,18.2,20.1,135,2572,"+3,682.35%",0.05,102.90%,0.418648,2026-08-05
U,35.47,2026-08-07,2,Call,36.50,-2.90%,2,2.51,2269,2077,"+3,608.93%",1.09,257.91%,0.47868,2026-08-05
PTRN,23.63,2026-08-21,16,Put,22.50,-4.78%,0.95,1.6,1023,1112,"+3,606.67%",0.92,93.49%,-0.361286,2026-08-05
MP,47.91,2026-09-04,30,Call,60.00,-25.23%,1.06,1.3,235,1571,"+3,553.49%",0.15,82.52%,0.206078,2026-08-05
MRVL,211.02,2026-08-07,2,Put,202.50,-4.04%,3.3,4.05,235,1492,"+3,539.02%",0.16,117.23%,-0.301412,2026-08-05
HPE,53.22,2026-08-28,23,Put,42.00,-21.08%,0.35,0.53,4,2034,"+3,532.14%",0,75.28%,-0.087614,2026-08-05
ZETA,27.07,2026-08-07,2,Call,27.00,+0.26%,0.7,1,14301,13155,"+3,494.26%",1.09,101.72%,0.529766,2026-08-05
EIX,68.32,2026-09-18,44,Call,75.00,-9.78%,1.45,1.8,59,1098,"+3,441.94%",0.05,42.14%,0.281614,2026-08-05
INTC,101.06,2026-08-07,2,Put,97.00,-4.02%,1.17,1.3,1739,9969,"+3,435.11%",0.17,96.33%,-0.269973,2026-08-05
RIOT,21.5,2026-08-21,16,Put,15.50,-27.91%,0.13,0.23,5,5158,"+3,385.14%",0,116.17%,-0.07037,2026-08-05
ON,76.91,2026-08-14,9,Call,100.00,-30.02%,0,0.23,33,2309,"+3,246.38%",0.01,85.57%,0.030061,2026-08-05
PLTR,158.43,2027-02-19,198,Call,210.00,-32.55%,11.9,12.15,140,1929,"+3,169.49%",0.07,56.53%,0.338437,2026-08-05
MSFT,487.46,2026-08-17,12,Call,500.00,-2.57%,5.3,6.9,50,1385,"+3,120.93%",0.04,31.12%,0.342601,2026-08-05
ELF,86.37,2026-10-16,72,Call,105.00,-21.57%,3.8,7.4,18,2065,"+3,076.92%",0.01,74.97%,0.345216,2026-08-05
PLTR,158.43,2026-08-14,9,Put,145.00,-8.48%,0.93,0.98,1771,2548,"+3,045.68%",0.7,53.84%,-0.135744,2026-08-05
APP,417.8,2026-08-14,9,Call,530.00,-26.85%,2.65,3.1,979,1659,"+3,030.19%",0.59,107.45%,0.093384,2026-08-05
RVLV,25.3,2026-09-18,44,Call,25.00,+1.19%,1.5,2.25,47,2001,"+3,026.56%",0.02,47.85%,0.572131,2026-08-05
INFY,12.48,2026-10-16,72,Call,15.00,-20.19%,0.05,0.55,40,4132,"+2,983.58%",0.01,48.35%,0.216339,2026-08-05
SPCX,108.27,2026-08-28,23,Call,124.00,-14.53%,5.15,5.3,77,4492,"+2,976.71%",0.02,97.76%,0.336923,2026-08-05
PLTR,158.43,2026-08-07,2,Put,155.00,-2.16%,1.47,1.5,13671,13673,"+2,918.32%",1,62.48%,-0.308473,2026-08-05
ELAN,26.22,2026-08-21,16,Put,25.00,-4.65%,0.35,0.65,1018,2022,"+2,917.91%",0.5,47.07%,-0.292306,2026-08-05
INTC,101.06,2026-08-07,2,Call,108.00,-6.87%,0.73,0.83,2159,19741,"+2,895.60%",0.11,99.83%,0.194997,2026-08-05
DVA,188.69,2026-10-16,72,Call,250.00,-32.49%,0.1,2.15,8,1256,"+2,890.48%",0.01,40.89%,0.078043,2026-08-05
CMG,34.5,2026-08-21,16,Call,39.00,-13.04%,0.1,0.18,5225,41738,"+2,864.35%",0.13,43.27%,0.098444,2026-08-05
STX,837.66,2026-10-16,72,Call,900.00,-7.44%,108,118.5,21,1208,"+2,846.34%",0.02,91.74%,0.517094,2026-08-05
KLIC,93.84,2026-08-21,16,Put,85.00,-9.42%,2.75,4,7,1023,"+2,822.86%",0.01,93.30%,-0.270984,2026-08-05
NVO,44.53,2026-08-07,2,Call,45.00,-1.06%,0.29,0.39,3571,4645,"+2,821.38%",0.77,41.34%,0.369089,2026-08-05
NVO,44.53,2026-08-21,16,Call,46.00,-3.30%,0.42,0.7,189,2743,"+2,757.29%",0.07,31.06%,0.311342,2026-08-05
CHWY,24.03,2026-08-14,9,Put,23.00,-4.29%,0.33,0.45,30,1025,"+2,747.22%",0.03,54.93%,-0.287695,2026-08-05
XYZ,84.2,2026-08-07,2,Put,78.00,-7.36%,1.65,2.02,488,10339,"+2,657.07%",0.05,177.14%,-0.257749,2026-08-05
PLTR,158.43,2027-02-19,198,Put,155.00,-2.16%,21.7,22.1,12,1866,"+2,644.12%",0.01,54.92%,-0.384883,2026-08-05
CIFR,18.71,2026-08-28,23,Call,18.00,+3.79%,2.3,2.81,5,1205,"+2,638.64%",0,118.02%,0.612733,2026-08-05
CCL,29.67,2026-08-07,2,Put,28.50,-3.94%,0.06,0.1,263,1998,"+2,636.99%",0.13,50.95%,-0.138334,2026-08-05
ORCL,144.39,2026-09-04,30,Call,145.00,-0.42%,9.9,10.85,75,3597,"+2,584.33%",0.02,63.91%,0.530913,2026-08-05
MRVL,211.02,2026-08-14,9,Call,270.00,-27.95%,0.77,1,867,3954,"+2,571.62%",0.22,98.60%,0.065651,2026-08-05
AMD,482.05,2026-08-07,2,Call,567.50,-17.73%,0.1,0.54,227,1760,"+2,566.67%",0.13,108.00%,0.022824,2026-08-05
CLS,362.76,2026-08-14,9,Call,385.00,-6.13%,5.6,13.4,1,1522,"+2,524.14%",0,78.73%,0.340053,2026-08-05
SHOP,144.24,2026-08-21,16,Call,141.00,+2.25%,7.55,9,5,1254,"+2,512.50%",0,53.75%,0.607311,2026-08-05
CCL,29.67,2026-08-07,2,Put,29.00,-2.26%,0.13,0.23,198,3448,"+2,473.13%",0.06,50.36%,-0.263181,2026-08-05
ENPH,38.95,2026-12-18,135,Call,80.00,-105.39%,1.34,1.93,37,8294,"+2,459.88%",0,94.39%,0.173058,2026-08-05
PLTR,158.43,2026-08-07,2,Put,144.00,-9.11%,0.11,0.12,721,1395,"+2,436.36%",0.52,71.85%,-0.033955,2026-08-05
NOW,117.22,2027-02-19,198,Call,140.00,-19.43%,13.05,14.55,6,2072,"+2,426.83%",0,60.35%,0.44881,2026-08-05
HSBC,102.68,2026-12-18,135,Put,105.00,+2.26%,6.6,8.6,49,1525,"+2,400.00%",0.03,26.94%,-0.508138,2026-08-05
PRMB,25.32,2026-08-21,16,Call,28.00,-10.58%,0.05,0.35,19,1042,"+2,380.95%",0.02,46.10%,0.161838,2026-08-05
MTCH,38.15,2026-08-21,16,Put,40.00,+4.85%,2,2.35,565,1209,"+2,367.35%",0.47,30.96%,-0.755629,2026-08-05
LKQ,24.11,2026-09-18,44,Put,22.50,-6.68%,0.35,0.7,35,1565,"+2,345.31%",0.02,35.61%,-0.269451,2026-08-05
JCI,153.65,2026-08-21,16,Call,160.00,-4.13%,2.15,2.95,156,10161,"+2,342.55%",0.02,38.57%,0.327244,2026-08-05
S,21,2026-08-07,2,Call,21.50,-2.38%,0.1,0.3,259,4270,"+2,340.00%",0.06,63.75%,0.318852,2026-08-05
CGON,72.42,2027-01-15,163,Call,70.00,+3.34%,14.3,17.2,48,4174,"+2,312.72%",0.01,74.45%,0.637445,2026-08-05
CIFR,18.71,2026-08-28,23,Put,21.00,+12.24%,3.45,3.8,10,1784,"+2,278.67%",0.01,117.83%,-0.593933,2026-08-05
GOOGL,362.43,2026-08-10,5,Put,365.00,+0.71%,6.55,7.2,247,1064,"+2,264.44%",0.23,32.87%,-0.56178,2026-08-05
PLTR,158.43,2026-08-07,2,Put,165.00,+4.15%,7.25,7.6,4053,1819,"+2,262.34%",2.23,65.38%,-0.79207,2026-08-05
VERA,30.35,2026-08-21,16,Put,25.00,-17.63%,0.7,1,778,4744,"+2,260.20%",0.16,119.37%,-0.182303,2026-08-05
PLTR,158.43,2026-08-07,2,Put,157.50,-0.59%,2.45,2.49,17114,3895,"+2,246.39%",4.39,62.70%,-0.438939,2026-08-05
CIFR,18.71,2026-08-07,2,Call,21.50,-14.91%,0.07,0.18,4400,2103,"+2,236.67%",2.09,154.50%,0.123731,2026-08-05
PCG,17.2,2026-09-18,44,Call,25.00,-45.35%,0.09,0.15,56959,101367,"+2,224.40%",0.56,67.89%,0.072648,2026-08-05
ASPI,4.05,2026-08-21,16,Call,4.50,-11.11%,0.2,0.4,16,2463,"+2,201.87%",0.01,137.92%,0.414869,2026-08-05
PLTR,158.43,2026-08-14,9,Call,152.50,+3.74%,8.5,8.9,201,4460,"+2,187.18%",0.05,52.45%,0.696836,2026-08-05
UEC,10.72,2026-08-07,2,Put,10.50,-2.05%,0.13,0.18,371,2790,"+2,168.29%",0.13,79.96%,-0.350906,2026-08-05
GOOGL,362.43,2026-10-16,72,Call,410.00,-13.13%,7.05,7.6,871,54688,"+2,154.25%",0.02,34.02%,0.243238,2026-08-05
GRPN,27.29,2026-10-16,72,Call,35.00,-28.25%,2.25,3.3,5,3121,"+2,145.32%",0,106.11%,0.390922,2026-08-05
BKNG,207.02,2026-08-07,2,Call,197.50,+4.60%,6.6,13.3,1135,1200,"+2,122.22%",0.95,51.53%,0.895647,2026-08-05
FLYW,18.65,2026-08-21,16,Call,17.50,+6.17%,1.3,2,371,2759,"+2,055.47%",0.13,62.83%,0.712857,2026-08-05
SKHY,151.03,2026-08-21,16,Call,162.50,-7.59%,8.1,9.9,48,1792,"+2,033.33%",0.03,106.45%,0.416868,2026-08-05
ARM,274.58,2026-08-14,9,Call,350.00,-27.47%,1.24,1.5,1566,1279,"+2,031.67%",1.22,101.18%,0.074591,2026-08-05
PLTR,158.43,2026-08-07,2,Put,146.00,-7.85%,0.17,0.18,1275,1154,"+1,998.18%",1.1,68.66%,-0.050855,2026-08-05
WMT,112.34,2026-08-21,16,Put,97.00,-13.65%,0.06,0.37,64,1529,"+1,994.52%",0.04,43.78%,-0.048482,2026-08-05
B,41.05,2026-08-14,9,Call,42.00,-2.31%,0.88,1.05,219,1210,"+1,986.21%",0.18,53.11%,0.41007,2026-08-05
TMUS,173.46,2026-08-07,2,Call,177.50,-2.33%,0.35,0.7,365,1623,"+1,980.77%",0.22,36.59%,0.202128,2026-08-05
LRCX,307.42,2026-08-28,23,Call,400.00,-30.12%,2.45,5.25,21,2133,"+1,970.87%",0.01,84.24%,0.129313,2026-08-05
NTRA,274.62,2026-08-21,16,Put,260.00,-5.32%,7.5,10.9,240,1154,"+1,924.56%",0.21,69.82%,-0.323971,2026-08-05
ORCL,144.39,2027-03-19,226,Call,105.00,+27.28%,50.9,53.65,2,2064,"+1,903.88%",0,72.14%,0.80232,2026-08-05
TDC,26.23,2026-08-21,16,Put,32.50,+23.90%,6.1,7.2,4067,5102,"+1,900.78%",0.8,94.91%,-0.83645,2026-08-05
TXN,277.72,2026-08-07,2,Call,287.50,-3.52%,1.11,2.11,1055,1078,"+1,896.30%",0.98,60.66%,0.227649,2026-08-05
SPCX,108.27,2026-08-07,2,Put,89.00,-17.80%,0.22,0.25,15164,13339,"+1,887.93%",1.14,159.85%,-0.042981,2026-08-05
SMMT,13.53,2026-09-18,44,Call,15.00,-10.86%,0,3.3,33,1050,"+1,881.13%",0.03,116.72%,0.48369,2026-08-05
FIS,42.84,2026-08-21,16,Call,45.00,-5.04%,0.55,0.9,20,3695,"+1,875.94%",0.01,43.05%,0.307241,2026-08-05
CRML,6.68,2027-01-15,163,Put,2.50,-62.57%,0.05,0.2,1,1571,"+1,863.75%",0,112.64%,-0.044322,2026-08-05
COHR,328.22,2026-08-07,2,Call,345.00,-5.11%,4,7.5,89,1075,"+1,854.55%",0.08,124.31%,0.310736,2026-08-05
HUT,92.76,2026-08-21,16,Call,150.00,-61.71%,0.01,0.67,31,18620,"+1,839.58%",0,121.23%,0.039181,2026-08-05
NOK,9.58,2026-09-11,37,Call,11.00,-14.82%,0.36,0.42,12,1084,"+1,768.97%",0.01,71.13%,0.312886,2026-08-05
COHR,328.22,2026-10-16,72,Put,240.00,-26.88%,15.6,17.3,18,2291,"+1,747.58%",0.01,98.72%,-0.171622,2026-08-05
RGTI,16.78,2026-09-18,44,Call,27.00,-60.91%,0.33,0.4,274,9095,"+1,733.67%",0.03,105.86%,0.136034,2026-08-05
CIFR,18.71,2027-03-19,226,Call,30.00,-60.34%,3.2,4.85,12,1588,"+1,725.29%",0.01,115.22%,0.483945,2026-08-05
TRMB,58.58,2026-08-21,16,Call,65.00,-10.96%,0.7,1.15,148,8282,"+1,708.30%",0.02,60.53%,0.22821,2026-08-05
ZETA,27.07,2026-08-07,2,Call,30.00,-10.82%,0.1,0.16,6421,6509,"+1,703.05%",0.99,113.85%,0.11998,2026-08-05
RKT,13.86,2026-11-20,107,Call,17.00,-22.66%,0.83,0.93,4,11438,"+1,701.26%",0,61.51%,0.339841,2026-08-05
PLTR,158.43,2026-08-14,9,Call,146.00,+7.85%,13.4,14.05,58,3818,"+1,684.11%",0.02,54.62%,0.842799,2026-08-05
ARM,274.58,2026-08-14,9,Call,400.00,-45.68%,0.1,0.35,321,1388,"+1,679.49%",0.23,105.69%,0.014696,2026-08-05
RKT,13.86,2026-10-16,72,Call,17.00,-22.66%,0.53,0.59,5092,5170,"+1,670.55%",0.98,60.87%,0.276515,2026-08-05
ZETA,27.07,2026-08-21,16,Call,24.50,+9.49%,2.85,3.75,7591,1133,"+1,670.31%",6.7,78.39%,0.75792,2026-08-05
LPG,43.05,2026-08-21,16,Call,46.50,-8.01%,0.1,1.5,4,1082,"+1,645.16%",0,57.96%,0.267142,2026-08-05
AAOI,128.56,2026-08-14,9,Call,170.00,-32.23%,2.75,4.5,437,1601,"+1,621.51%",0.27,181.23%,0.201436,2026-08-05
HPE,53.22,2026-08-07,2,Call,56.00,-5.22%,0.23,0.46,2338,2175,"+1,599.22%",1.07,79.49%,0.202238,2026-08-05
WEN,7.99,2026-11-20,107,Put,10.00,+25.16%,2.4,2.65,38,1026,"+1,581.97%",0.04,65.09%,-0.673508,2026-08-05
AMZN,272.65,2026-09-11,37,Put,235.00,-13.81%,0.94,1.28,70,1155,"+1,573.91%",0.06,34.97%,-0.077603,2026-08-05
MT,75.35,2026-09-18,44,Put,75.00,-0.46%,4.3,4.6,21,1069,"+1,570.31%",0.02,45.65%,-0.449538,2026-08-05
LITE,826.26,2026-08-07,2,Put,800.00,-3.18%,16.2,19.2,128,1707,"+1,557.28%",0.07,120.88%,-0.341757,2026-08-05
DIS,101.76,2026-08-14,9,Call,102.00,-0.24%,1.65,2,1408,1572,"+1,554.74%",0.9,30.33%,0.490908,2026-08-05
ALM,13.31,2026-09-18,44,Call,15.00,-12.70%,0.9,2,24,2643,"+1,521.47%",0.01,111.53%,0.458744,2026-08-05
GOOGL,362.43,2026-09-04,30,Call,375.00,-3.47%,8.75,9.5,3247,3064,"+1,521.16%",1.06,33.60%,0.391083,2026-08-05
U,35.47,2026-08-07,2,Call,35.50,-0.08%,2.65,2.94,270,2161,"+1,512.69%",0.12,268.30%,0.538255,2026-08-05
TTD,18.96,2026-09-04,30,Put,15.50,-18.25%,0.17,0.48,7,1932,"+1,483.61%",0,74.13%,-0.142915,2026-08-05
DVA,188.69,2026-10-16,72,Put,210.00,+11.29%,24.9,27.4,3446,3482,"+1,420.52%",0.99,39.28%,-0.696226,2026-08-05
NAVI,9.06,2027-01-15,163,Call,10.00,-10.38%,0.65,0.75,712,1320,"+1,400.00%",0.54,46.04%,0.410414,2026-08-05
CSCO,121.5,2026-08-21,16,Put,117.00,-3.70%,3.45,4.1,9,3961,"+1,394.72%",0,58.20%,-0.352714,2026-08-05
TENX,13.05,2026-10-16,72,Put,2.50,-80.84%,0.55,0.65,14,1654,"+1,390.09%",0.01,365.56%,-0.03336,2026-08-05
MDLN,36.67,2026-08-21,16,Put,37.50,+2.26%,1.75,3,422,2303,"+1,385.81%",0.18,63.32%,-0.53775,2026-08-05
AG,17.61,2026-09-18,44,Call,17.00,+3.46%,1.98,2.04,1356,5568,"+1,369.13%",0.24,69.14%,0.611357,2026-08-05
IREN,38.89,2026-08-14,9,Put,41.00,+5.43%,3.55,4.35,654,4624,"+1,367.94%",0.14,111.65%,-0.583193,2026-08-05
MAS,77.32,2026-10-16,72,Call,80.00,-3.47%,3,3.6,10,2138,"+1,364.38%",0,31.58%,0.4414,2026-08-05
MSFT,487.46,2026-08-14,9,Put,447.50,-8.20%,0.76,0.8,628,2322,"+1,360.38%",0.27,36.53%,-0.062837,2026-08-05
HUM,363.82,2026-09-18,44,Call,450.00,-23.69%,2.5,4.2,1,1750,"+1,358.33%",0,47.99%,0.120274,2026-08-05
PLTR,158.43,2026-09-04,30,Call,190.00,-19.93%,1.38,1.56,502,1062,"+1,335.14%",0.47,52.20%,0.131527,2026-08-05
DELL,462.7,2026-09-18,44,Put,460.00,-0.58%,53.35,55.95,43,3239,"+1,333.19%",0.01,89.34%,-0.427077,2026-08-05
TWLO,193.22,2026-08-07,2,Call,240.00,-24.21%,0,2.6,1,1172,"+1,329.27%",0,212.35%,0.09689,2026-08-05
MRCY,107.44,2026-08-21,16,Call,110.00,-2.38%,7.4,11.1,5,1106,"+1,317.95%",0,114.89%,0.511559,2026-08-05
INTC,101.06,2026-08-14,9,Call,125.00,-23.69%,0.43,0.52,223,7426,"+1,314.48%",0.03,90.40%,0.077605,2026-08-05
BG,106.62,2026-10-16,72,Put,105.00,-1.52%,4.4,5.7,33,1076,"+1,297.40%",0.03,31.70%,-0.422705,2026-08-05
PLTR,158.43,2026-08-07,2,Call,167.50,-5.72%,0.49,0.52,26126,11077,"+1,282.90%",2.36,65.85%,0.132685,2026-08-05
PDD,90.94,2026-08-14,9,Put,90.00,-1.03%,1.24,1.5,147,1242,"+1,264.84%",0.12,32.33%,-0.403389,2026-08-05
NB,5.02,2027-02-19,198,Call,7.50,-49.40%,0.85,0.95,95,1828,"+1,264.18%",0.05,104.56%,0.456895,2026-08-05
KLAC,192.8,2026-08-21,16,Put,108.00,-43.98%,0.1,0.4,15,1663,"+1,241.13%",0.01,131.61%,-0.01237,2026-08-05
QXO,15.9,2026-08-14,9,Call,14.00,+11.95%,2,2.25,1604,1187,"+1,233.71%",1.35,90.61%,0.834475,2026-08-05
WFC,89.17,2026-08-07,2,Put,89.00,-0.19%,0.8,0.93,256,2185,"+1,232.32%",0.12,36.15%,-0.46511,2026-08-05
HPE,53.22,2026-09-18,44,Call,80.00,-50.32%,0.75,0.96,775,3461,"+1,231.15%",0.22,88.03%,0.120771,2026-08-05
PLTR,158.43,2027-03-19,226,Call,165.00,-4.15%,26.25,26.7,426,12326,"+1,208.49%",0.03,55.76%,0.57262,2026-08-05
ALGM,41.8,2026-09-18,44,Call,50.00,-19.62%,1.95,2.25,4,1184,"+1,201.10%",0,81.40%,0.316761,2026-08-05
MCD,274,2026-10-16,72,Put,245.00,-10.58%,1.89,2.5,13,1668,"+1,193.02%",0.01,24.71%,-0.137022,2026-08-05
CLX,105.84,2026-09-18,44,Put,95.00,-10.24%,1.05,1.35,60,7320,"+1,191.01%",0.01,34.35%,-0.168374,2026-08-05
FLEX,121.88,2026-08-21,16,Put,120.00,-1.54%,6.6,7.9,15,4729,"+1,178.11%",0,81.67%,-0.427039,2026-08-05
PTON,6.52,2026-08-07,2,Put,7.00,+7.36%,0.67,0.71,10043,10319,"+1,175.53%",0.97,203.94%,-0.653284,2026-08-05
ADI,377.69,2026-08-07,2,Put,365.00,-3.36%,1.5,3.8,288,1737,"+1,167.88%",0.17,66.79%,-0.236217,2026-08-05
CPNG,16,2026-08-07,2,Put,17.00,+6.25%,0.67,1.31,1062,1208,"+1,158.33%",0.88,49.30%,-0.950927,2026-08-05
AMZN,272.65,2027-02-19,198,Call,325.00,-19.20%,13.35,13.95,3,1247,"+1,147.00%",0,36.18%,0.328228,2026-08-05
UEC,10.72,2026-08-14,9,Call,11.00,-2.61%,0.37,0.47,4949,5930,"+1,145.80%",0.83,80.12%,0.446327,2026-08-05
SHAK,74.33,2026-08-07,2,Call,70.00,+5.83%,3.8,5.5,4899,4943,"+1,141.96%",0.99,76.91%,0.861325,2026-08-05
VRT,277.94,2026-08-14,9,Put,225.00,-19.05%,0.62,0.85,63,1325,"+1,138.32%",0.05,83.63%,-0.046386,2026-08-05
RZLT,4.68,2026-10-16,72,Call,5.00,-6.84%,1.3,1.45,2,1952,"+1,127.67%",0,181.93%,0.629746,2026-08-05
MSFT,487.46,2026-08-07,2,Put,500.00,+2.57%,12.75,14.3,237,1507,"+1,125.20%",0.16,34.23%,-0.83853,2026-08-05
LUNR,13.99,2026-08-07,2,Put,13.50,-3.50%,0.24,0.31,232,1552,"+1,112.50%",0.15,118.74%,-0.325776,2026-08-05
CENX,46.9,2027-01-15,163,Put,40.00,-14.71%,4.6,6,1,1052,"+1,095.45%",0,74.90%,-0.276557,2026-08-05
CRWV,89.89,2026-08-07,2,Put,95.00,+5.68%,5.95,6.55,90,1525,"+1,091.41%",0.06,111.79%,-0.734158,2026-08-05
MARA,11.24,2026-08-28,23,Put,9.00,-19.93%,0.18,0.23,73,5472,"+1,086.98%",0.01,92.29%,-0.139142,2026-08-05
BMY,63.63,2026-08-14,9,Put,63.00,-0.99%,0.74,1.31,2600,3118,"+1,081.06%",0.83,33.17%,-0.414141,2026-08-05
AVGO,418.28,2026-08-07,2,Put,410.00,-1.98%,3.15,4.25,547,2397,"+1,075.00%",0.23,58.11%,-0.312155,2026-08-05
MSTR,98.37,2026-10-16,72,Call,130.00,-32.15%,4.5,4.85,2205,13242,"+1,072.90%",0.17,77.23%,0.267598,2026-08-05
AVGO,418.28,2026-08-07,2,Put,377.50,-9.75%,0.05,0.2,171,3424,"+1,072.60%",0.05,66.02%,-0.016734,2026-08-05
NVDA,219.22,2026-08-21,16,Put,217.50,-0.78%,5.9,6,1566,1555,"+1,069.17%",1.01,37.86%,-0.439125,2026-08-05
RDW,10.72,2026-09-04,30,Call,10.00,+6.72%,1.65,1.9,31,1099,"+1,069.15%",0.03,116.14%,0.649689,2026-08-05
MAS,77.32,2026-10-16,72,Put,70.00,-9.47%,1.2,1.6,6,2155,"+1,064.86%",0,31.79%,-0.211202,2026-08-05
WOLF,25.19,2026-08-14,9,Call,30.00,-19.09%,0.4,0.85,19,1671,"+1,052.41%",0.01,131.00%,0.228912,2026-08-05
IREN,38.89,2026-08-14,9,Put,29.00,-25.43%,0.17,0.24,322,31508,"+1,049.09%",0.01,126.76%,-0.057287,2026-08-05
EZPW,29.78,2027-03-19,226,Call,50.00,-67.90%,0.75,1.45,5,1068,"+1,048.39%",0,56.25%,0.18489,2026-08-05
SPCX,108.27,2026-08-07,2,Put,123.00,+13.60%,15.3,16.8,3548,4129,"+1,031.23%",0.86,177.67%,-0.816906,2026-08-05
MSFT,487.46,2026-08-07,2,Put,467.50,-4.09%,0.5,0.62,762,2094,"+1,025.81%",0.36,41.14%,-0.08183,2026-08-05
NB,5.02,2026-08-07,2,Call,5.00,+0.40%,0.15,0.35,123,2584,"+1,023.48%",0.05,161.90%,0.537801,2026-08-05
BWA,66.78,2026-08-21,16,Call,70.00,-4.82%,1.05,2.2,56,4246,"+1,023.28%",0.01,51.39%,0.354323,2026-08-05
KDP,30.75,2026-08-21,16,Put,29.00,-5.69%,0.25,0.5,64,1587,"+1,017.61%",0.04,41.03%,-0.232969,2026-08-05
DKNG,21.76,2026-08-21,16,Call,24.50,-12.59%,0.21,0.51,119,1282,+995.73%,0.09,66.58%,0.220727,2026-08-05
KO,86.83,2026-09-18,44,Call,95.00,-9.41%,0.27,0.39,1788,20727,+984.05%,0.09,20.47%,0.11326,2026-08-05
PLTR,158.43,2026-08-14,9,Call,162.50,-2.57%,3.45,3.7,9542,1477,+978.10%,6.46,52.85%,0.399969,2026-08-05
PATH,13.82,2026-09-11,37,Call,15.00,-8.54%,0.81,1.22,21,1724,+970.81%,0.01,82.99%,0.434951,2026-08-05
MRNA,56.26,2027-01-15,163,Put,37.00,-34.23%,2.46,3.4,3020,5404,+963.78%,0.56,81.72%,-0.142909,2026-08-05
CMG,34.5,2026-08-21,16,Put,36.00,+4.35%,1.87,2.16,80,1651,+958.33%,0.05,38.92%,-0.681245,2026-08-05
MSFT,487.46,2027-01-15,163,Call,615.00,-26.16%,8.95,9.9,10,5423,+957.12%,0,32.23%,0.18161,2026-08-05
NVDA,219.22,2026-08-10,5,Put,210.00,-4.21%,0.77,0.8,3526,1520,+955.56%,2.32,37.22%,-0.1545,2026-08-05
TE,5.47,2026-09-04,30,Call,7.00,-27.97%,0.45,0.7,36,1632,+952.90%,0.02,168.04%,0.395576,2026-08-05
CIFR,18.71,2026-08-28,23,Call,28.00,-49.65%,0.3,0.7,4,2118,+948.51%,0,139.72%,0.166598,2026-08-05
GSL,42.69,2026-08-21,16,Call,46.00,-7.75%,0,0.75,6,1013,+944.33%,0.01,40.17%,0.195698,2026-08-05
RDDT,155.26,2026-08-14,9,Put,160.00,+3.05%,8.65,9.35,7,1751,+930.00%,0,65.17%,-0.593514,2026-08-05
SPCX,108.27,2026-08-07,2,Put,124.00,+14.53%,16.15,17.05,2943,3126,+928.29%,0.94,161.56%,-0.858652,2026-08-05
HOOD,92.8,2026-08-21,16,Put,93.00,+0.22%,4.2,6.65,76,1131,+900.88%,0.07,69.57%,-0.473461,2026-08-05
DKNG,21.76,2026-08-28,23,Call,28.00,-28.68%,0.15,1.41,5,1076,+887.16%,0,116.40%,0.239134,2026-08-05
TWLO,193.22,2026-08-07,2,Call,215.00,-11.27%,3.3,5.7,140,1214,+886.99%,0.12,207.29%,0.268234,2026-08-05
META,588.77,2026-08-07,2,Call,632.50,-7.43%,0.49,0.54,642,1783,+885.08%,0.36,57.84%,0.049695,2026-08-05
RKLB,74.82,2026-08-07,2,Put,52.00,-30.50%,0.01,0.09,41,2140,+881.65%,0.02,223.30%,-0.011165,2026-08-05
RKT,13.86,2026-08-21,16,Call,15.50,-11.83%,0.07,0.31,5,5628,+877.08%,0,59.73%,0.206348,2026-08-05
SOFI,18.25,2026-08-28,23,Put,19.00,+4.11%,1.3,1.35,155,2000,+875.61%,0.08,49.67%,-0.598298,2026-08-05
PINS,23.36,2026-08-07,2,Put,23.50,+0.60%,0.37,0.66,531,2232,+874.67%,0.24,64.15%,-0.539347,2026-08-05
FLNC,14.23,2026-11-20,107,Put,13.00,-8.64%,2.55,3.2,15,1198,+873.98%,0.01,122.25%,-0.315538,2026-08-05
RIOT,21.5,2026-08-21,16,Call,22.50,-4.65%,1.5,1.97,270,1089,+872.32%,0.25,119.25%,0.479692,2026-08-05
SPCX,108.27,2027-03-19,226,Call,175.00,-61.63%,9.55,10.15,34,2940,+870.30%,0.01,74.90%,0.316243,2026-08-05
TSLA,321.55,2026-08-10,5,Call,360.00,-11.96%,0.21,0.22,975,2307,+869.33%,0.42,50.27%,0.029936,2026-08-05
NEE,85.91,2026-08-14,9,Call,86.00,-0.10%,1.12,2.22,563,1369,+864.08%,0.41,31.72%,0.502716,2026-08-05
NYT,65.48,2026-08-21,16,Put,70.00,+6.90%,3.7,6.1,53,1526,+859.75%,0.03,33.28%,-0.82144,2026-08-05
ZS,161.65,2026-08-14,9,Call,170.00,-5.17%,2.51,2.82,915,1241,+847.33%,0.74,56.63%,0.304345,2026-08-05
HNGE,80.79,2026-08-21,16,Put,70.00,-13.36%,0.3,1.25,13,1105,+844.44%,0.01,65.65%,-0.130869,2026-08-05
BBAI,3.03,2026-09-04,30,Call,3.00,+0.99%,0.07,0.3,91,4000,+843.40%,0.02,47.87%,0.56488,2026-08-05
WPM,122.82,2026-08-21,16,Put,95.00,-22.65%,0,0.35,6,1436,+838.56%,0,65.74%,-0.025957,2026-08-05
POET,8.09,2026-08-21,16,Call,7.50,+7.29%,1,1.27,46,4969,+830.52%,0.01,123.09%,0.666006,2026-08-05
VLO,302.39,2026-09-18,44,Call,380.00,-25.67%,1.65,2.4,282,3045,+828.35%,0.09,46.64%,0.094246,2026-08-05
CVNA,69.48,2026-08-07,2,Call,73.00,-5.07%,0.29,0.42,414,3077,+815.77%,0.13,71.27%,0.182287,2026-08-05
ZETA,27.07,2026-08-21,16,Call,24.00,+11.34%,3.2,4.35,8116,1509,+814.55%,5.38,85.27%,0.7801,2026-08-05
AMD,482.05,2026-08-10,5,Call,585.00,-21.36%,0.3,0.5,287,2913,+796.31%,0.1,81.40%,0.023922,2026-08-05
TSM,414,2026-08-14,9,Call,422.50,-2.05%,7.35,8.45,241,3594,+796.26%,0.07,44.07%,0.401695,2026-08-05
V,368.54,2026-08-21,16,Call,382.50,-3.79%,1.54,2.12,110,1932,+794.44%,0.06,20.58%,0.208309,2026-08-05
BTDR,11.06,2026-08-21,16,Put,9.00,-18.63%,0.3,0.6,44,7728,+793.41%,0.01,146.28%,-0.203052,2026-08-05
GS,1060.38,2026-08-28,23,Put,945.00,-10.88%,3.2,4.5,55,1050,+789.83%,0.05,35.13%,-0.086327,2026-08-05
C,137.64,2026-08-14,9,Call,138.00,-0.26%,2.25,2.69,334,1542,+786.21%,0.22,30.31%,0.491318,2026-08-05
MRK,128.33,2026-09-18,44,Call,145.00,-12.99%,0.6,0.72,1285,12569,+781.42%,0.1,27.79%,0.113949,2026-08-05
IOT,38.73,2026-08-07,2,Call,41.50,-7.15%,0,0.35,10,1588,+777.35%,0.01,85.02%,0.143877,2026-08-05
PLTR,158.43,2026-08-14,9,Put,150.00,-5.32%,1.88,1.98,3418,2195,+771.03%,1.56,52.91%,-0.239103,2026-08-05
BAX,27.33,2026-11-20,107,Call,32.50,-18.92%,1.1,1.5,183,1013,+751.26%,0.18,49.12%,0.316279,2026-08-05
VZ,46.47,2026-08-07,2,Put,48.00,+3.29%,1.49,2.3,1020,1062,+749.60%,0.96,66.93%,-0.735983,2026-08-05
YETI,52.51,2026-08-21,16,Call,55.00,-4.74%,1.3,1.85,476,2846,+744.51%,0.17,58.04%,0.379243,2026-08-05
PINS,23.36,2026-08-07,2,Put,24.00,+2.74%,0.79,0.98,5785,6148,+744.51%,0.94,72.17%,-0.683231,2026-08-05
WFC,89.17,2026-08-14,9,Put,88.00,-1.31%,0.98,1.16,15,1662,+743.65%,0.01,28.84%,-0.373641,2026-08-05
INTC,101.06,2026-08-07,2,Call,117.00,-15.77%,0.08,0.14,438,2525,+738.87%,0.17,107.14%,0.035554,2026-08-05
CPNG,16,2026-08-07,2,Put,16.50,+3.13%,0.21,0.94,2216,2624,+738.34%,0.84,52.54%,-0.779166,2026-08-05
HBM,25.9,2026-09-18,44,Call,30.00,-15.83%,0.9,1.1,829,1492,+738.20%,0.56,64.96%,0.301624,2026-08-05
ADTN,7.91,2027-01-15,163,Call,16.00,-102.28%,0.2,0.45,4,1101,+734.09%,0,85.91%,0.169558,2026-08-05
CMG,34.5,2026-08-21,16,Call,37.00,-7.25%,0.33,0.42,5707,42976,+730.61%,0.13,41.21%,0.226811,2026-08-05
BX,136.03,2026-08-21,16,Put,127.00,-6.64%,0.81,1.01,24,1340,+727.16%,0.02,35.16%,-0.165441,2026-08-05
CG,49.84,2026-08-21,16,Put,42.50,-14.73%,0.1,0.15,5,2195,+722.10%,0,49.32%,-0.054971,2026-08-05
AG,17.61,2026-12-18,135,Call,19.00,-7.89%,2.32,2.81,23,2268,+721.74%,0.01,71.05%,0.527082,2026-08-05
ASTS,68.38,2026-10-16,72,Put,65.00,-4.94%,9.55,10.4,8,7585,+720.00%,0,100.81%,-0.363315,2026-08-05
LVS,45.85,2026-08-07,2,Call,47.00,-2.51%,0.01,0.23,172,3002,+715.76%,0.06,36.21%,0.181736,2026-08-05
BE,234.33,2026-08-07,2,Put,220.00,-6.12%,3.9,4.4,1333,4352,+714.98%,0.31,144.52%,-0.259443,2026-08-05
NTRA,274.62,2026-08-21,16,Call,310.00,-12.88%,2.6,6.3,241,1282,+711.39%,0.19,66.88%,0.216469,2026-08-05
ECO,60.62,2026-08-21,16,Put,55.00,-9.27%,0,2.15,3,1711,+710.90%,0,63.20%,-0.218718,2026-08-05
SNAP,5.33,2026-08-07,2,Put,6.00,+12.57%,0.64,0.74,1199,1548,+710.47%,0.77,119.30%,-0.902725,2026-08-05
WULF,18.07,2028-01-21,534,Put,20.00,+10.68%,7.8,8.3,14,5873,+704.52%,0,65.12%,-0.383423,2026-08-05
RIVN,15.56,2026-10-16,72,Call,18.00,-15.68%,0.85,0.91,107,5422,+704.45%,0.02,61.21%,0.35455,2026-08-05
VZ,46.47,2026-09-04,30,Call,51.00,-9.75%,0.09,0.23,18,1062,+692.54%,0.02,25.37%,0.102462,2026-08-05
RTX,222.31,2026-08-07,2,Call,230.00,-3.46%,0.15,0.25,1426,1557,+690.36%,0.92,32.66%,0.082391,2026-08-05
MSFT,487.46,2026-08-17,12,Call,495.00,-1.55%,6.95,8.45,494,1556,+689.85%,0.32,30.62%,0.408302,2026-08-05
UBER,68.18,2026-08-21,16,Put,61.00,-10.53%,0.11,0.17,84,1990,+689.68%,0.04,35.79%,-0.061536,2026-08-05
PLTR,158.43,2027-02-19,198,Put,115.00,-27.41%,6.3,6.6,7,1857,+683.54%,0,56.65%,-0.153627,2026-08-05
HPE,53.22,2026-11-20,107,Put,47.00,-11.69%,5.05,5.4,493,1362,+673.86%,0.36,75.71%,-0.299358,2026-08-05
NMR,9.93,2026-10-16,72,Call,10.00,-0.70%,0.5,0.65,1003,1080,+671.43%,0.93,35.24%,0.505754,2026-08-05
LPG,43.05,2026-08-21,16,Call,49.00,-13.82%,0.1,0.7,21,2311,+665.23%,0.01,59.30%,0.152101,2026-08-05
EOSE,3.82,2026-09-18,44,Call,4.50,-17.80%,0.16,0.64,1353,3531,+662.63%,0.38,119.33%,0.429542,2026-08-05
QCOM,157.53,2026-08-07,2,Put,144.00,-8.59%,0.04,0.33,19,3669,+659.63%,0.01,74.92%,-0.049653,2026-08-05
SOUN,6.43,2026-08-07,2,Put,8.00,+24.42%,1.58,1.91,43,3439,+647.61%,0.01,329.38%,-0.780485,2026-08-05
WSM,248.24,2026-09-18,44,Put,240.00,-3.32%,10.7,12.1,4,1802,+644.63%,0,45.85%,-0.3787,2026-08-05
INTC,101.06,2026-08-10,5,Call,110.00,-8.85%,0.92,1.04,1201,1527,+641.26%,0.79,79.72%,0.195609,2026-08-05
SKHY,151.03,2027-06-17,316,Call,180.00,-19.18%,43,47.2,3,1165,+637.34%,0,95.74%,0.612993,2026-08-05
ENPH,38.95,2026-12-18,135,Call,60.00,-54.04%,3.05,3.75,165,9282,+632.60%,0.02,91.25%,0.317205,2026-08-05
WULF,18.07,2026-08-07,2,Put,17.50,-3.15%,0.32,0.39,1570,2410,+632.52%,0.65,112.65%,-0.338567,2026-08-05
ANET,197.31,2026-08-07,2,Call,185.00,+6.24%,12.55,13.8,262,3141,+632.17%,0.08,81.23%,0.865397,2026-08-05
ON,76.91,2026-09-18,44,Put,70.00,-8.98%,4.15,4.6,820,8492,+632.07%,0.1,73.34%,-0.304433,2026-08-05
KO,86.83,2026-08-07,2,Call,86.00,+0.96%,1.07,1.28,231,3540,+629.90%,0.07,26.52%,0.692254,2026-08-05
DDOG,283.17,2026-09-18,44,Put,240.00,-15.25%,9.25,10.6,127,1116,+620.00%,0.11,73.13%,-0.213646,2026-08-05
EIX,68.32,2026-09-18,44,Call,80.00,-17.10%,0.65,1.05,13,2958,+612.77%,0,43.80%,0.164883,2026-08-05
SMR,9.38,2026-08-07,2,Put,9.00,-4.05%,0.28,0.34,3477,5650,+612.48%,0.62,175.82%,-0.35042,2026-08-05
NTRA,274.62,2026-08-21,16,Put,230.00,-16.25%,1.5,4.3,3,1139,+607.45%,0,78.54%,-0.12113,2026-08-05
MRK,128.33,2026-08-07,2,Put,127.00,-1.04%,0.54,1.28,39,1764,+605.60%,0.02,39.35%,-0.354198,2026-08-05
CRM,192.98,2026-08-28,23,Call,190.00,+1.54%,11.8,12.8,36,2357,+603.58%,0.02,55.23%,0.576569,2026-08-05
SNDK,1350.5,2026-08-07,2,Put,800.00,-40.76%,0.15,0.25,1492,8425,+597.43%,0.18,260.32%,-0.002447,2026-08-05
TSLA,321.55,2026-08-12,7,Call,360.00,-11.96%,0.51,0.54,795,1909,+596.72%,0.42,50.09%,0.056627,2026-08-05
POET,8.09,2026-08-21,16,Call,8.50,-5.07%,0.67,0.73,94,1863,+592.57%,0.05,128.13%,0.482344,2026-08-05
NXT,99.81,2026-08-21,16,Put,80.00,-19.85%,0.4,0.95,13,2238,+590.74%,0.01,81.20%,-0.081509,2026-08-05
U,35.47,2026-08-07,2,Call,36.00,-1.49%,2.29,2.57,4689,3770,+584.21%,1.24,254.69%,0.506635,2026-08-05
AAL,16.58,2026-08-14,9,Call,16.00,+3.50%,0.82,0.97,274,4996,+582.51%,0.05,54.39%,0.678027,2026-08-05
CRCL,63.28,2026-10-16,72,Put,45.00,-28.89%,1.81,2.2,74,4289,+578.64%,0.02,86.39%,-0.136268,2026-08-05
MSTR,98.37,2027-03-19,226,Put,80.00,-18.67%,12.8,14.1,57,2450,+574.93%,0.02,81.19%,-0.25061,2026-08-05
IE,10.65,2026-08-21,16,Call,12.50,-17.37%,0.2,0.25,113,2116,+573.89%,0.05,87.46%,0.219309,2026-08-05
CMG,34.5,2026-08-07,2,Call,35.00,-1.45%,0.25,0.38,1602,2213,+568.58%,0.72,51.18%,0.361047,2026-08-05
CMCSA,24.75,2026-08-28,23,Call,25.00,-1.01%,0.7,0.83,13,3312,+562.40%,0,35.98%,0.468911,2026-08-05
ECHO,87.73,2026-12-18,135,Call,120.00,-36.78%,3.9,4.6,20,23115,+559.86%,0,59.85%,0.261252,2026-08-05
VST,140.58,2026-08-07,2,Call,155.00,-10.26%,0.69,0.89,2349,4179,+549.92%,0.56,115.11%,0.135316,2026-08-05
ONDS,8.87,2026-08-14,9,Call,11.50,-29.65%,0.08,0.15,203,2563,+548.86%,0.08,135.12%,0.132725,2026-08-05
AME,254.76,2026-09-18,44,Put,230.00,-9.72%,1.1,3.2,1,1025,+548.73%,0,30.58%,-0.147142,2026-08-05
ECHO,87.73,2026-12-18,135,Call,100.00,-13.99%,8,9.4,8,11468,+546.45%,0,59.84%,0.444866,2026-08-05
AZN,161.5,2026-08-21,16,Call,155.00,+4.02%,6.7,8.5,1448,1477,+542.17%,0.98,26.58%,0.775557,2026-08-05
CMG,34.5,2026-08-07,2,Put,34.50,0.00%,0.46,0.56,482,6672,+533.02%,0.07,50.36%,-0.490841,2026-08-05
HL,16.54,2026-08-21,16,Put,15.50,-6.29%,0.45,0.54,41,1049,+531.93%,0.04,69.72%,-0.299082,2026-08-05
PLTR,158.43,2026-08-14,9,Call,165.00,-4.15%,2.63,2.91,7280,5161,+529.39%,1.41,53.18%,0.332082,2026-08-05
PLTR,158.43,2026-08-07,2,Call,157.50,+0.59%,3.35,3.5,3761,8643,+527.67%,0.44,62.59%,0.561411,2026-08-05
INTC,101.06,2026-08-07,2,Put,99.00,-2.04%,1.86,2.01,9155,1065,+522.81%,8.6,96.63%,-0.372286,2026-08-05
ETSY,85.86,2026-08-07,2,Put,73.00,-14.98%,1.28,1.64,102,1041,+519.64%,0.1,245.67%,-0.162488,2026-08-05
CRDO,224.63,2026-08-14,9,Put,200.00,-10.96%,4.4,5.1,89,1439,+517.60%,0.06,103.50%,-0.211626,2026-08-05
QBTS,21.39,2026-08-28,23,Put,19.00,-11.17%,0.86,1.39,3,2172,+517.05%,0,105.46%,-0.278477,2026-08-05
GLNG,50.21,2026-08-21,16,Put,50.00,-0.42%,1.55,2.25,60,1222,+511.00%,0.05,48.31%,-0.46075,2026-08-05
NFLX,74.2,2026-08-28,23,Put,70.00,-5.66%,0.87,0.92,183,4454,+510.97%,0.04,34.50%,-0.229862,2026-08-05
BAC,63.25,2026-08-28,23,Call,60.00,+5.14%,3.65,3.85,2,1926,+507.57%,0,25.37%,0.809388,2026-08-05
BAC,63.25,2027-06-17,316,Put,62.50,-1.19%,5,5.25,14,4711,+505.53%,0,26.05%,-0.408025,2026-08-05
MRVL,211.02,2026-08-28,23,Put,135.00,-36.03%,0.8,1.12,17,1220,+503.96%,0.01,108.80%,-0.037569,2026-08-05
SN,182.11,2026-08-21,16,Call,175.00,+3.90%,9.9,12.1,74,2114,+500.57%,0.04,44.75%,0.687579,2026-08-05
IBRX,7.25,2026-08-07,2,Put,6.50,-10.34%,0,0.1,3,1487,+499.60%,0,137.19%,-0.129669,2026-08-05
MRVL,211.02,2026-08-28,23,Put,165.00,-21.81%,3.85,4.8,437,1217,+499.51%,0.36,103.10%,-0.138346,2026-08-05
INTC,101.06,2026-08-21,16,Put,98.00,-3.03%,5,5.55,172,1855,+492.65%,0.09,81.31%,-0.392584,2026-08-05
POET,8.09,2026-08-14,9,Call,8.00,+1.11%,0.66,0.83,53,4683,+491.29%,0.01,138.31%,0.565224,2026-08-05
MCHP,77.79,2026-12-18,135,Call,65.00,+16.44%,18.7,20.1,103,66239,+489.58%,0,69.18%,0.736906,2026-08-05
COGT,42.27,2028-01-21,534,Call,60.00,-41.94%,6.7,10.5,1,2032,+482.23%,0,63.37%,0.501467,2026-08-05
RXO,21,2026-08-21,16,Call,25.00,-19.05%,0.05,0.55,16,2324,+479.55%,0.01,79.99%,0.171564,2026-08-05
W,107.57,2026-09-18,44,Put,110.00,+2.26%,10,10.6,479,1040,+477.78%,0.46,61.70%,-0.49298,2026-08-05
SRPT,15.93,2026-08-07,2,Call,17.00,-6.72%,0.1,0.8,1116,1212,+474.41%,0.92,181.76%,0.339254,2026-08-05
INTC,101.06,2026-08-14,9,Put,95.00,-6.00%,2.45,2.74,401,2123,+473.78%,0.19,82.87%,-0.292676,2026-08-05
MOS,23.41,2026-08-21,16,Call,24.50,-4.66%,0.45,0.6,1366,1242,+469.72%,1.1,48.79%,0.34605,2026-08-05
CLMT,40.26,2026-08-21,16,Call,50.00,-24.19%,0.4,0.5,288,2255,+469.44%,0.13,86.44%,0.132463,2026-08-05
CRWV,89.89,2026-12-18,135,Put,82.50,-8.22%,14.6,15.95,26,1436,+467.59%,0.02,93.58%,-0.325075,2026-08-05
CMG,34.5,2026-08-14,9,Call,35.00,-1.45%,0.68,0.85,787,2485,+464.77%,0.32,45.12%,0.438394,2026-08-05
TEM,46.7,2026-08-07,2,Put,43.00,-7.92%,0.05,0.45,33,1009,+463.69%,0.03,104.17%,-0.133184,2026-08-05
GME,19.01,2026-09-04,30,Call,20.00,-5.21%,0.27,0.59,7,1308,+461.37%,0.01,38.36%,0.331188,2026-08-05
VZ,46.47,2026-08-07,2,Call,46.50,-0.06%,0.35,0.5,549,6709,+458.62%,0.08,32.23%,0.492126,2026-08-05
ALAB,318.43,2026-08-07,2,Put,300.00,-5.79%,3.4,5,1216,2776,+457.43%,0.44,121.36%,-0.238655,2026-08-05
AMZN,272.65,2026-08-28,23,Call,285.00,-4.53%,4.15,4.5,605,3847,+456.73%,0.16,32.25%,0.316098,2026-08-05
BABA,128.53,2026-08-07,2,Put,126.00,-1.97%,0.68,0.77,642,1133,+455.39%,0.57,45.23%,-0.270472,2026-08-05
AAPL,311,2026-08-10,5,Call,317.50,-2.09%,1.21,1.52,1738,3076,+453.24%,0.57,25.28%,0.251709,2026-08-05
GPN,87.48,2026-08-21,16,Put,72.50,-17.12%,0.15,0.8,1,1293,+452.56%,0,67.57%,-0.0799,2026-08-05
CVNA,69.48,2026-08-07,2,Call,71.00,-2.19%,0.72,0.91,328,2720,+447.28%,0.12,69.67%,0.348259,2026-08-05
PLTR,158.43,2027-03-19,226,Call,200.00,-26.24%,15.6,15.95,358,14049,+446.65%,0.03,55.96%,0.400164,2026-08-05
DDOG,283.17,2026-09-18,44,Call,380.00,-34.20%,4.95,6.75,86,1281,+445.11%,0.07,75.71%,0.165899,2026-08-05
CPNG,16,2026-08-07,2,Put,16.00,0.00%,0.16,0.34,2118,2330,+444.39%,0.91,53.22%,-0.490502,2026-08-05
ELF,86.37,2026-10-16,72,Put,55.00,-36.32%,0.58,1.58,6,2454,+444.12%,0,79.13%,-0.069594,2026-08-05
NBIS,218.99,2026-08-07,2,Put,215.00,-1.82%,7.25,8,1505,3088,+441.75%,0.49,148.40%,-0.411432,2026-08-05
INOD,69.37,2026-08-07,2,Call,70.00,-0.91%,5.4,6.5,1605,1652,+441.64%,0.97,304.56%,0.529292,2026-08-05
WMT,112.34,2027-03-19,226,Put,105.00,-6.53%,5.45,6.55,13,5419,+441.36%,0,29.35%,-0.317459,2026-08-05
PCG,17.2,2026-08-21,16,Call,17.50,-1.74%,0.42,0.56,357,1437,+440.23%,0.25,42.87%,0.445794,2026-08-05
AMD,482.05,2026-08-14,9,Put,330.00,-31.54%,0.07,0.26,289,1653,+440.20%,0.17,100.30%,-0.006391,2026-08-05
ORCL,144.39,2026-08-14,9,Call,170.00,-17.74%,0.47,0.52,787,2922,+438.12%,0.27,69.01%,0.073846,2026-08-05
RIOT,21.5,2026-08-07,2,Call,23.50,-9.30%,0.22,0.34,7390,4093,+437.14%,1.81,145.79%,0.22109,2026-08-05
VST,140.58,2026-09-18,44,Put,115.00,-18.20%,1.61,1.93,21,11766,+434.82%,0,55.10%,-0.122353,2026-08-05
ORCL,144.39,2026-08-07,2,Put,139.00,-3.73%,0.92,1.09,314,1692,+432.08%,0.19,70.61%,-0.224761,2026-08-05
CIFR,18.71,2026-08-14,9,Call,22.00,-17.58%,0.45,0.52,1161,1466,+431.16%,0.79,127.76%,0.24109,2026-08-05
PLTR,158.43,2026-09-04,30,Call,200.00,-26.24%,0.77,0.85,338,1166,+430.00%,0.29,53.67%,0.078142,2026-08-05
SKHY,151.03,2026-11-20,107,Call,180.00,-19.18%,23.5,24.5,78,5328,+428.57%,0.01,102.50%,0.492635,2026-08-05
AVGO,418.28,2026-08-17,12,Put,400.00,-4.37%,4.9,8.2,7,1139,+427.31%,0.01,47.12%,-0.282301,2026-08-05
OKLO,42.99,2026-08-07,2,Put,44.00,+2.35%,2.57,2.85,65,1544,+426.96%,0.04,169.25%,-0.548351,2026-08-05
PLTR,158.43,2026-08-14,9,Call,170.00,-7.30%,1.56,1.64,6717,6163,+426.30%,1.09,53.85%,0.217454,2026-08-05
BWA,66.78,2026-08-21,16,Call,67.50,-1.08%,2.1,2.95,5,1471,+425.36%,0,50.62%,0.484877,2026-08-05
SKHY,151.03,2026-08-14,9,Put,123.00,-18.56%,1.65,1.85,91,6844,+424.85%,0.01,119.40%,-0.116404,2026-08-05
ETSY,85.86,2026-08-07,2,Call,100.00,-16.47%,1.41,1.78,278,1613,+423.70%,0.17,229.87%,0.209024,2026-08-05
ARM,274.58,2026-10-16,72,Put,270.00,-1.67%,35.5,38,4,1425,+421.98%,0,83.26%,-0.403096,2026-08-05
CAKE,105.31,2026-08-21,16,Put,100.00,-5.04%,1.4,1.9,41,2483,+419.46%,0.02,43.80%,-0.267339,2026-08-05
PLTR,158.43,2026-08-07,2,Call,170.00,-7.30%,0.3,0.31,43493,20349,+415.16%,2.14,67.98%,0.085087,2026-08-05
PCG,17.2,2027-01-15,163,Call,25.00,-45.35%,0.21,0.33,12,31043,+414.98%,0,42.16%,0.125709,2026-08-05
BBAI,3.03,2027-03-19,226,Call,6.00,-98.02%,0.22,0.5,15,2641,+412.82%,0.01,100.43%,0.330603,2026-08-05
OPEN,3.76,2027-02-19,198,Call,10.00,-165.96%,0.16,0.67,4,1050,+412.20%,0,126.23%,0.286339,2026-08-05
INTC,101.06,2026-08-07,2,Call,104.00,-2.91%,1.62,1.89,2075,6694,+409.82%,0.31,98.85%,0.362025,2026-08-05
VFC,15.22,2026-11-20,107,Call,20.00,-31.41%,0.44,0.6,157,2941,+408.82%,0.05,55.35%,0.226015,2026-08-05
INTC,101.06,2026-08-07,2,Call,106.00,-4.89%,1.1,1.29,4232,6823,+407.66%,0.62,99.61%,0.271526,2026-08-05
CSX,51.12,2026-08-21,16,Call,55.00,-7.59%,0.05,0.2,35,7250,+403.47%,0,26.01%,0.097453,2026-08-05
GFS,49.46,2026-08-21,16,Call,55.00,-11.20%,1.1,1.5,926,2117,+402.85%,0.44,77.00%,0.283957,2026-08-05
MMM,182.08,2026-09-18,44,Call,190.00,-4.35%,3.15,3.45,499,8354,+399.64%,0.06,24.69%,0.334523,2026-08-05
INTC,101.06,2026-08-14,9,Call,112.00,-10.83%,1.69,2.03,243,1603,+399.38%,0.15,85.93%,0.24549,2026-08-05
SMR,9.38,2026-08-21,16,Call,12.50,-33.26%,0.13,0.19,111,1391,+396.79%,0.08,117.29%,0.149135,2026-08-05
BA,240.19,2027-01-15,163,Put,235.00,-2.16%,15,18.65,111,2389,+395.64%,0.05,31.22%,-0.409585,2026-08-05
APPS,13.17,2026-08-21,16,Put,9.00,-31.66%,0.05,0.15,2128,2478,+394.61%,0.86,127.91%,-0.059257,2026-08-05
JPM,359.24,2026-08-14,9,Put,335.00,-6.75%,0.08,0.23,45,2024,+392.46%,0.02,23.92%,-0.029341,2026-08-05
GOOGL,362.43,2026-08-07,2,Put,362.50,+0.02%,4.5,4.75,2758,1304,+390.23%,2.12,43.17%,-0.49416,2026-08-05
RIOT,21.5,2026-08-07,2,Put,20.00,-6.98%,0.2,0.3,556,2316,+388.61%,0.24,127.82%,-0.207926,2026-08-05
AVGO,418.28,2026-08-07,2,Put,375.00,-10.35%,0.07,0.25,684,3759,+388.18%,0.18,72.29%,-0.019202,2026-08-05
QBTS,21.39,2026-09-18,44,Call,27.00,-26.23%,1.22,1.31,271,6945,+387.03%,0.04,99.97%,0.313936,2026-08-05
WMT,112.34,2027-03-19,226,Call,130.00,-15.72%,4.6,4.95,111,5641,+386.71%,0.02,28.59%,0.324208,2026-08-05
PG,146.8,2026-10-16,72,Call,160.00,-8.99%,1.37,1.72,753,12673,+386.30%,0.06,21.75%,0.202972,2026-08-05
PDD,90.94,2026-08-07,2,Put,90.00,-1.03%,0.44,0.6,346,1269,+386.21%,0.27,34.45%,-0.33467,2026-08-05
PANW,362.66,2026-10-16,72,Put,300.00,-17.28%,12.1,13.45,63,1267,+385.44%,0.05,62.42%,-0.19885,2026-08-05
COHR,328.22,2026-08-07,2,Put,300.00,-8.60%,1.5,3.8,137,1292,+383.90%,0.11,126.87%,-0.157149,2026-08-05
GLW,156.7,2026-11-20,107,Call,220.00,-40.40%,9,11.55,32,1959,+383.70%,0.02,80.52%,0.29424,2026-08-05
UPST,30.2,2026-08-07,2,Call,30.50,-0.99%,0.6,0.72,717,1397,+381.72%,0.51,89.11%,0.454662,2026-08-05
PLTR,158.43,2026-08-07,2,Call,175.00,-10.46%,0.12,0.13,13879,9760,+381.50%,1.42,73.86%,0.036869,2026-08-05
SPCX,108.27,2026-08-07,2,Put,122.00,+12.68%,14.2,15.25,654,1037,+377.88%,0.63,154.82%,-0.837452,2026-08-05
INTC,101.06,2026-08-21,16,Put,97.00,-4.02%,4.55,5.05,43,1901,+375.25%,0.02,80.96%,-0.369336,2026-08-05
SGHC,13.11,2026-08-21,16,Call,15.00,-14.42%,0,0.1,37,3765,+371.21%,0.01,45.85%,0.089181,2026-08-05
USAR,17.16,2026-08-07,2,Call,19.00,-10.72%,0.1,0.17,386,3889,+370.82%,0.1,131.70%,0.160084,2026-08-05
PLTR,158.43,2026-08-07,2,Call,162.50,-2.57%,1.41,1.45,14221,6583,+369.54%,2.16,63.97%,0.305775,2026-08-05
RDW,10.72,2026-08-07,2,Call,12.50,-16.60%,0.15,0.25,801,1034,+367.87%,0.77,231.29%,0.208796,2026-08-05
QXO,15.9,2026-08-07,2,Put,15.00,-5.66%,0.05,0.15,1112,1195,+364.98%,0.93,87.51%,-0.174951,2026-08-05
FIG,28.15,2026-08-07,2,Put,22.00,-21.85%,0.18,0.26,6938,6324,+361.27%,1.1,258.14%,-0.082777,2026-08-05
EYPT,12.25,2026-08-21,16,Put,7.50,-38.78%,1.05,1.3,1205,2743,+361.01%,0.44,376.73%,-0.154291,2026-08-05
NOK,9.58,2026-08-14,9,Put,10.00,+4.38%,0.63,0.7,232,1602,+360.34%,0.14,69.49%,-0.631064,2026-08-05
COHR,328.22,2026-09-18,44,Call,350.00,-6.64%,38,42.9,1103,1139,+359.27%,0.97,107.15%,0.510092,2026-08-05
WFC,89.17,2026-08-07,2,Put,87.00,-2.43%,0.15,0.25,141,2204,+358.21%,0.06,34.56%,-0.163721,2026-08-05
NKE,42.45,2026-08-28,23,Call,43.00,-1.30%,1.28,1.35,85,1020,+357.40%,0.08,36.92%,0.461877,2026-08-05
PLTR,158.43,2026-09-04,30,Call,175.00,-10.46%,3.5,3.75,223,1148,+357.37%,0.19,50.43%,0.275995,2026-08-05
QUBT,8.88,2026-10-16,72,Put,9.00,+1.35%,1.22,2,44,9151,+356.86%,0,100.77%,-0.418518,2026-08-05
DC,5.36,2027-01-15,163,Call,7.50,-39.93%,0.2,0.45,934,1433,+354.92%,0.65,61.90%,0.286416,2026-08-05
FIG,28.15,2026-08-07,2,Call,29.00,-3.02%,1.38,1.82,1093,1973,+354.61%,0.55,236.62%,0.467657,2026-08-05
VZ,46.47,2026-08-07,2,Put,46.50,+0.06%,0.36,0.59,4645,3779,+352.57%,1.23,33.29%,-0.507389,2026-08-05
CSIQ,15.4,2026-08-07,2,Put,15.50,+0.65%,0.3,0.95,63,1212,+352.24%,0.05,126.10%,-0.50836,2026-08-05
INTC,101.06,2026-08-14,9,Put,98.00,-3.03%,3.55,3.95,1399,1240,+350.91%,1.13,82.92%,-0.379665,2026-08-05
ZETA,27.07,2026-08-07,2,Call,28.00,-3.44%,0.2,0.5,4321,1583,+347.18%,2.73,88.55%,0.315758,2026-08-05
CVS,99.12,2026-11-20,107,Put,95.00,-4.16%,4.65,4.95,119,1161,+346.54%,0.1,32.59%,-0.362919,2026-08-05
UPST,30.2,2026-08-07,2,Call,31.00,-2.65%,0.43,0.51,1100,3581,+345.40%,0.31,89.17%,0.359361,2026-08-05
BE,234.33,2026-08-07,2,Put,177.50,-24.25%,0.16,0.25,101,1294,+344.67%,0.08,183.16%,-0.017102,2026-08-05
SPCX,108.27,2026-08-14,9,Put,92.00,-15.03%,1.48,1.54,838,1075,+344.21%,0.78,108.19%,-0.147248,2026-08-05
ALM,13.31,2026-09-18,44,Call,17.50,-31.48%,0.05,1,2,2029,+343.01%,0,91.13%,0.244212,2026-08-05
NB,5.02,2026-09-18,44,Call,7.50,-49.40%,0.2,0.25,955,1291,+342.12%,0.74,119.21%,0.225912,2026-08-05
UBER,68.18,2026-08-07,2,Put,66.00,-3.20%,0.21,0.23,9406,6581,+341.38%,1.43,47.16%,-0.170155,2026-08-05
DELL,462.7,2026-08-07,2,Put,355.00,-23.28%,0.03,2.16,151,1090,+341.30%,0.14,208.56%,-0.036366,2026-08-05
BABA,128.53,2026-09-18,44,Call,185.00,-43.94%,0.2,0.59,1,3374,+340.47%,0,57.02%,0.041036,2026-08-05
SPCX,108.27,2026-10-16,72,Call,210.00,-93.96%,1.36,1.46,55,7901,+339.43%,0.01,92.21%,0.081525,2026-08-05
FWONK,96.05,2026-08-21,16,Call,100.00,-4.11%,1.25,2.4,108,5034,+336.98%,0.02,41.44%,0.343522,2026-08-05
SOFI,18.25,2026-09-04,30,Call,23.00,-26.03%,0.09,0.12,286,1000,+336.68%,0.29,54.86%,0.084879,2026-08-05
RKT,13.86,2026-10-16,72,Call,16.00,-15.44%,0.76,0.83,27,17549,+336.11%,0,61.32%,0.357832,2026-08-05
BMNR,18.43,2026-08-14,9,Call,18.00,+2.33%,1.14,1.2,3578,5149,+333.78%,0.69,81.65%,0.60054,2026-08-05
PLTR,158.43,2026-08-14,9,Put,140.00,-11.63%,0.47,0.49,794,2235,+333.14%,0.36,56.48%,-0.073803,2026-08-05
DVN,42.09,2026-08-07,2,Put,42.50,+0.97%,0.63,0.85,1464,1681,+332.13%,0.87,40.83%,-0.619669,2026-08-05
AMD,482.05,2026-08-07,2,Put,480.00,-0.43%,11.15,11.8,5125,2945,+331.82%,1.74,88.12%,-0.459983,2026-08-05
ARM,274.58,2026-08-14,9,Call,310.00,-12.90%,5,5.6,614,1705,+330.56%,0.36,96.11%,0.234944,2026-08-05
KTOS,55.34,2026-08-07,2,Call,52.00,+6.04%,2.95,4.5,857,1423,+329.91%,0.6,93.83%,0.824833,2026-08-05
BTDR,11.06,2026-09-18,44,Call,14.00,-26.58%,0.9,1.2,676,5742,+328.83%,0.12,128.43%,0.38371,2026-08-05
CRWV,89.89,2026-08-07,2,Put,90.00,+0.12%,3.05,3.25,2273,3097,+326.58%,0.73,116.86%,-0.487638,2026-08-05
RGTI,16.78,2026-09-18,44,Call,23.00,-37.07%,0.45,0.74,20,2192,+326.46%,0.01,94.98%,0.218337,2026-08-05
TTMI,131.25,2026-08-21,16,Put,130.00,-0.95%,12.9,15.8,283,1087,+326.27%,0.26,138.57%,-0.427635,2026-08-05
EIX,68.32,2026-09-18,44,Put,70.00,+2.46%,4.2,5.9,21,1157,+325.37%,0.02,43.06%,-0.535907,2026-08-05
BBY,84.5,2026-08-21,16,Call,85.00,-0.59%,2.1,2.55,7,1862,+322.22%,0,36.50%,0.482179,2026-08-05
PLTR,158.43,2026-08-28,23,Call,200.00,-26.24%,0.44,0.51,748,1089,+322.09%,0.69,54.86%,0.054095,2026-08-05
UBER,68.18,2026-08-07,2,Put,71.00,+4.14%,2.65,3.3,1805,2318,+320.69%,0.78,48.74%,-0.865476,2026-08-05
SHAZ,57.02,2026-09-18,44,Put,45.00,-21.08%,3,4.7,9,1593,+320.32%,0.01,123.61%,-0.219119,2026-08-05
U,35.47,2027-02-19,198,Call,45.00,-26.87%,4.5,4.9,16,1971,+320.26%,0.01,72.08%,0.443473,2026-08-05
INSM,99.02,2026-08-21,16,Put,90.00,-9.11%,3,4.9,1135,3276,+320.00%,0.35,97.51%,-0.282064,2026-08-05
CRWV,89.89,2026-08-21,16,Call,95.00,-5.68%,6.6,7,481,10126,+319.82%,0.05,117.82%,0.462398,2026-08-05
JNJ,257.59,2026-08-21,16,Call,265.00,-2.88%,2.54,2.93,499,3064,+319.15%,0.16,25.80%,0.313456,2026-08-05
SPCX,108.27,2026-08-07,2,Put,120.00,+10.83%,13,13.45,14360,25722,+317.29%,0.56,163.31%,-0.785169,2026-08-05
RKT,13.86,2026-12-18,135,Call,18.00,-29.87%,0.77,0.96,44,11868,+315.55%,0,60.78%,0.314254,2026-08-05
UBER,68.18,2026-08-14,9,Call,74.00,-8.54%,0.15,0.2,3041,2815,+315.19%,1.08,38.26%,0.093658,2026-08-05
VZ,46.47,2026-08-21,16,Put,47.00,+1.14%,1.15,1.9,35,1407,+312.61%,0.02,31.21%,-0.560594,2026-08-05
SO,93.1,2026-11-20,107,Call,97.50,-4.73%,1.9,2.35,87,2326,+310.95%,0.04,18.96%,0.348532,2026-08-05
BA,240.19,2026-08-07,2,Call,242.50,-0.96%,1.67,1.88,1116,1072,+309.16%,1.04,38.97%,0.375595,2026-08-05
LUNR,13.99,2026-09-18,44,Call,15.00,-7.22%,1.89,2,227,3114,+308.66%,0.07,120.07%,0.520709,2026-08-05
DELL,462.7,2026-08-07,2,Call,500.00,-8.06%,2.27,2.58,3334,2130,+307.27%,1.57,96.35%,0.147054,2026-08-05
AMD,482.05,2026-09-18,44,Put,560.00,+16.17%,93.7,98.75,10,1144,+307.12%,0.01,68.57%,-0.692709,2026-08-05
ET,20.34,2026-08-21,16,Call,20.50,-0.79%,0.14,0.15,131,2555,+306.85%,0.05,13.17%,0.378794,2026-08-05
BMY,63.63,2026-10-16,72,Call,75.00,-17.87%,0.37,0.87,4,1672,+306.81%,0,32.42%,0.140892,2026-08-05
TMUS,173.46,2026-08-07,2,Put,175.00,+0.89%,2.05,3.2,13,2016,+306.45%,0.01,34.13%,-0.631197,2026-08-05
NEE,85.91,2026-08-21,16,Call,88.00,-2.43%,0.75,0.9,142,1909,+306.17%,0.07,22.81%,0.317932,2026-08-05
ALAB,318.43,2026-08-07,2,Call,400.00,-25.62%,0.2,0.42,1363,3001,+303.36%,0.45,151.36%,0.023989,2026-08-05
MSFT,487.46,2026-08-14,9,Call,525.00,-7.70%,0.8,0.96,165,1286,+303.13%,0.13,32.62%,0.079419,2026-08-05
PATH,13.82,2026-08-14,9,Call,15.50,-12.16%,0.1,0.26,236,1560,+303.10%,0.15,79.62%,0.198214,2026-08-05
MSTR,98.37,2027-03-19,226,Call,180.00,-82.98%,6.95,9.05,3,2270,+301.77%,0,80.93%,0.277021,2026-08-05
SOFI,18.25,2026-08-28,23,Put,17.50,-4.11%,0.54,0.6,619,3306,+301.21%,0.19,50.89%,-0.341873,2026-08-05
RKT,13.86,2026-11-20,107,Call,18.00,-29.87%,0.51,0.72,554,9390,+300.26%,0.06,58.92%,0.266158,2026-08-05
TOST,34.8,2026-08-21,16,Put,30.00,-13.79%,0.1,0.2,37,1145,+298.95%,0.03,53.35%,-0.081115,2026-08-05
VSAT,81.03,2026-08-21,16,Call,100.00,-23.41%,1.45,2.15,105,1240,+298.71%,0.08,104.90%,0.200218,2026-08-05
LRCX,307.42,2026-10-16,72,Call,330.00,-7.35%,33.65,36.85,13,1163,+298.29%,0.01,79.93%,0.498296,2026-08-05
VZ,46.47,2026-08-07,2,Put,46.00,-1.01%,0.2,0.31,5657,7207,+298.18%,0.78,32.93%,-0.335608,2026-08-05
GOOGL,362.43,2026-08-07,2,Put,365.00,+0.71%,5.65,6.15,2464,1742,+297.72%,1.41,42.22%,-0.581592,2026-08-05
BAC,63.25,2026-08-28,23,Put,61.00,-3.56%,0.43,0.51,1898,1940,+295.92%,0.98,21.18%,-0.233288,2026-08-05
NFLX,74.2,2026-08-14,9,Call,81.00,-9.16%,0.15,0.17,415,1332,+295.25%,0.31,38.57%,0.080353,2026-08-05
RKLB,74.82,2026-12-18,135,Put,40.00,-46.54%,2.14,2.36,7,5530,+294.44%,0,97.57%,-0.084823,2026-08-05
HOOD,92.8,2026-08-07,2,Put,90.00,-3.02%,0.86,0.99,2239,4604,+293.50%,0.49,75.23%,-0.280547,2026-08-05
CSCO,121.5,2026-08-07,2,Call,122.00,-0.41%,1.22,1.47,3600,3675,+292.21%,0.98,43.83%,0.457534,2026-08-05
HPE,53.22,2026-08-28,23,Call,60.00,-12.74%,1.67,1.94,682,1501,+291.91%,0.45,77.12%,0.303308,2026-08-05
DELL,462.7,2026-08-07,2,Call,510.00,-10.22%,1.3,1.62,1084,1097,+291.79%,0.99,97.76%,0.09567,2026-08-05
AMD,482.05,2026-10-16,72,Put,540.00,+12.02%,90.75,93.7,21,1366,+289.17%,0.02,67.89%,-0.583995,2026-08-05
UEC,10.72,2028-01-21,534,Put,15.00,+39.93%,6.2,6.7,7,2823,+288.84%,0,75.46%,-0.463018,2026-08-05
HOOD,92.8,2026-08-21,16,Call,96.00,-3.45%,3.45,4.35,80,1047,+287.78%,0.08,67.14%,0.436592,2026-08-05
AMD,482.05,2026-08-07,2,Put,500.00,+3.72%,22.85,24.85,2963,2667,+287.08%,1.11,89.78%,-0.696735,2026-08-05
GLXY,19.07,2026-08-07,2,Put,18.00,-5.61%,0.02,0.24,424,1807,+286.94%,0.23,89.49%,-0.183088,2026-08-05
NVDA,219.22,2026-10-16,72,Call,290.00,-32.29%,1.39,1.48,737,7119,+286.90%,0.1,41.70%,0.083172,2026-08-05
PFE,25.81,2026-08-14,9,Put,25.00,-3.14%,0.08,0.11,1053,3802,+282.11%,0.28,22.70%,-0.185602,2026-08-05
NVO,44.53,2026-11-20,107,Put,40.00,-10.17%,1.64,1.91,106,1742,+282.02%,0.06,38.08%,-0.277855,2026-08-05
CRWD,209.86,2026-08-07,2,Put,205.00,-2.32%,1.85,2.08,489,1744,+281.62%,0.28,64.32%,-0.301642,2026-08-05
LAC,3.09,2026-09-18,44,Call,3.50,-13.27%,0.2,0.22,1170,12132,+281.39%,0.1,82.66%,0.391622,2026-08-05
GME,19.01,2026-10-16,72,Put,19.00,-0.05%,1.08,1.38,45,1867,+281.02%,0.02,34.87%,-0.480647,2026-08-05
IONQ,39.93,2026-08-14,9,Put,35.00,-12.35%,0.83,1.01,255,1761,+280.35%,0.14,115.71%,-0.205948,2026-08-05
CRCL,63.28,2026-09-18,44,Put,45.00,-28.89%,0.87,0.99,105,5690,+280.09%,0.02,84.94%,-0.093874,2026-08-05
NLY,22.67,2026-08-21,16,Put,22.00,-2.96%,0.12,0.17,10,13517,+279.90%,0,19.60%,-0.254025,2026-08-05
WHR,45.19,2026-09-18,44,Call,52.50,-16.18%,1.05,1.5,233,1035,+279.12%,0.23,58.70%,0.254423,2026-08-05
SOFI,18.25,2026-08-07,2,Put,18.50,+1.37%,0.43,0.45,8676,3807,+278.81%,2.28,55.41%,-0.620851,2026-08-05
SRPT,15.93,2026-08-07,2,Call,16.50,-3.58%,0.35,0.6,42,1457,+278.44%,0.03,151.17%,0.398781,2026-08-05
QUBT,8.88,2026-11-20,107,Call,16.00,-80.18%,0.32,0.65,49,1617,+275.17%,0.03,101.83%,0.220083,2026-08-05
PSKY,8.76,2026-08-07,2,Call,8.50,+2.97%,0.25,0.35,2966,8511,+274.77%,0.35,51.14%,0.792937,2026-08-05
VZ,46.47,2026-08-07,2,Call,47.00,-1.14%,0.17,0.25,607,7052,+271.35%,0.09,30.81%,0.311716,2026-08-05
SOFI,18.25,2026-08-21,16,Put,18.50,+1.37%,0.86,0.89,1070,1165,+271.02%,0.92,49.41%,-0.527253,2026-08-05
ORCL,144.39,2027-03-19,226,Call,100.00,+30.74%,54.2,56.95,3,2668,+270.56%,0,72.82%,0.82384,2026-08-05
NVO,44.53,2026-11-20,107,Put,45.00,+1.06%,3.85,4.15,1446,2747,+270.22%,0.53,36.97%,-0.491653,2026-08-05
XE,19.05,2026-09-18,44,Call,20.00,-4.99%,1.95,2.5,2573,3455,+268.34%,0.74,98.07%,0.516129,2026-08-05
WMB,71.81,2026-08-07,2,Call,71.00,+1.13%,0,2.65,121,1480,+265.43%,0.08,40.70%,0.652731,2026-08-05
PLTR,158.43,2026-08-07,2,Call,165.00,-4.15%,0.85,0.87,29392,20952,+264.76%,1.4,64.70%,0.205973,2026-08-05
MSFT,487.46,2026-08-07,2,Call,515.00,-5.65%,0.19,0.33,1001,3541,+264.68%,0.28,42.49%,0.042132,2026-08-05
OKLO,42.99,2026-08-14,9,Call,50.00,-16.31%,0.99,1.13,248,2116,+264.20%,0.12,120.35%,0.241899,2026-08-05
BA,240.19,2026-12-18,135,Put,230.00,-4.24%,13.3,15.25,124,3153,+262.83%,0.04,33.82%,-0.370764,2026-08-05
NVDA,219.22,2026-08-10,5,Call,220.00,-0.36%,3.2,3.35,12729,8576,+261.70%,1.48,35.19%,0.477999,2026-08-05
CCL,29.67,2027-03-19,226,Call,35.00,-17.96%,2.29,2.61,2080,4148,+261.64%,0.5,45.09%,0.395012,2026-08-05
STM,52.77,2028-01-21,534,Call,110.00,-108.45%,5.4,6.4,5001,7085,+260.38%,0.71,65.14%,0.315204,2026-08-05
INTC,101.06,2026-08-07,2,Put,98.00,-3.03%,1.5,1.61,2437,1077,+259.00%,2.26,96.35%,-0.319558,2026-08-05
SOFI,18.25,2026-12-18,135,Call,42.00,-130.14%,0.1,0.15,135,6751,+258.71%,0.02,70.54%,0.045033,2026-08-05
BBAI,3.03,2026-09-11,37,Call,3.50,-15.51%,0.15,0.18,156,1073,+257.67%,0.15,84.13%,0.3481,2026-08-05
NN,14.82,2026-08-07,2,Call,14.50,+2.16%,1.4,2.25,374,1500,+257.14%,0.25,383.78%,0.587367,2026-08-05
PANW,362.66,2026-08-14,9,Put,310.00,-14.52%,0.5,0.95,14,1241,+256.61%,0.01,62.04%,-0.047679,2026-08-05
FLEX,121.88,2026-08-21,16,Call,150.00,-23.07%,0.2,2,22,5352,+255.85%,0,78.25%,0.119869,2026-08-05
GME,19.01,2026-09-18,44,Put,19.00,-0.05%,0.95,1.08,1375,3837,+255.61%,0.36,37.29%,-0.482854,2026-08-05
AMD,482.05,2026-08-07,2,Call,487.50,-1.13%,9.6,10.55,1611,1123,+255.38%,1.43,87.84%,0.44537,2026-08-05
CCL,29.67,2026-08-14,9,Call,30.00,-1.11%,0.57,0.74,855,2496,+253.54%,0.34,43.05%,0.450477,2026-08-05
RIOT,21.5,2026-08-07,2,Put,21.00,-2.33%,0.48,0.74,199,1845,+252.77%,0.11,133.60%,-0.386241,2026-08-05
SBUX,106,2026-10-16,72,Put,85.00,-19.81%,0.25,0.69,3,1269,+252.50%,0,34.57%,-0.062609,2026-08-05
CPB,23.05,2026-08-07,2,Call,23.00,+0.22%,0.15,0.3,1139,3677,+252.20%,0.31,29.53%,0.541469,2026-08-05
UEC,10.72,2026-09-04,30,Call,11.00,-2.61%,0.81,0.93,18,1422,+251.98%,0.01,79.88%,0.506063,2026-08-05
LKQ,24.11,2026-11-20,107,Call,27.50,-14.06%,0.9,1.95,2,5592,+251.26%,0,51.21%,0.360842,2026-08-05
HOOD,92.8,2026-08-07,2,Put,92.00,-0.86%,1.58,1.76,1020,1244,+250.42%,0.82,75.24%,-0.426095,2026-08-05
UEC,10.72,2026-08-21,16,Call,12.00,-11.94%,0.28,0.32,123,9510,+248.86%,0.01,81.63%,0.285936,2026-08-05
NVDA,219.22,2026-08-10,5,Put,207.50,-5.35%,0.5,0.53,872,1073,+248.38%,0.81,38.64%,-0.106293,2026-08-05
RKLB,74.82,2026-08-07,2,Call,85.00,-13.61%,0.17,0.21,3442,5224,+247.57%,0.66,113.60%,0.070423,2026-08-05
ZETA,27.07,2026-08-07,2,Call,24.50,+9.49%,2.43,3.05,1265,1530,+246.15%,0.83,123.87%,0.872027,2026-08-05
T,23.06,2026-08-07,2,Put,23.50,+1.91%,0.45,0.66,331,4727,+245.79%,0.07,40.88%,-0.729392,2026-08-05
TOST,34.8,2026-08-21,16,Call,40.00,-14.94%,0.12,0.21,210,1333,+243.56%,0.16,49.47%,0.100698,2026-08-05
INTC,101.06,2026-08-07,2,Call,111.00,-9.84%,0.37,0.48,1427,1249,+242.19%,1.14,102.85%,0.116613,2026-08-05
C,137.64,2026-08-07,2,Call,138.00,-0.26%,1.14,1.24,894,1379,+241.34%,0.65,33.32%,0.464351,2026-08-05
GFS,49.46,2026-08-21,16,Put,40.00,-19.13%,0.3,0.4,262,1588,+240.04%,0.16,79.55%,-0.086198,2026-08-05
JPM,359.24,2026-08-07,2,Put,345.00,-3.96%,0.09,0.13,161,2506,+240.03%,0.06,30.27%,-0.034324,2026-08-05
NVDA,219.22,2026-08-14,9,Call,232.50,-6.06%,1.24,1.27,26322,1600,+239.70%,16.45,38.83%,0.178391,2026-08-05
MSFT,487.46,2026-09-18,44,Call,505.00,-3.60%,12.95,13.75,206,2039,+239.27%,0.1,29.55%,0.397693,2026-08-05
AAL,16.58,2026-08-21,16,Call,18.00,-8.56%,0.19,0.25,663,18190,+239.11%,0.04,49.55%,0.230902,2026-08-05
SPCX,108.27,2026-08-07,2,Call,124.00,-14.53%,1,1.04,6321,3697,+238.86%,1.71,168.60%,0.153137,2026-08-05
SPCX,108.27,2026-08-07,2,Call,147.00,-35.77%,0.17,0.21,749,1328,+238.78%,0.56,211.45%,0.03046,2026-08-05
ARM,274.58,2026-09-18,44,Call,330.00,-20.18%,14.55,15.75,154,1567,+238.44%,0.1,86.39%,0.32701,2026-08-05
MNST,94.46,2027-01-15,163,Call,110.00,-16.45%,2.85,3.2,289,2880,+238.43%,0.1,30.04%,0.283413,2026-08-05
DJT,9.96,2026-11-20,107,Call,15.00,-50.60%,0.75,1.05,242,2202,+237.73%,0.11,101.72%,0.327169,2026-08-05
DIS,101.76,2026-08-07,2,Call,100.00,+1.73%,2.02,2.33,6273,6906,+235.57%,0.91,35.92%,0.748797,2026-08-05
WMT,112.34,2026-08-21,16,Call,122.00,-8.60%,0.67,0.83,40,1626,+235.26%,0.02,38.11%,0.163763,2026-08-05
AVGO,418.28,2026-08-28,23,Put,360.00,-13.93%,2.63,3.25,141,1647,+234.76%,0.09,51.40%,-0.107295,2026-08-05
SPCX,108.27,2026-08-21,16,Call,126.00,-16.38%,3.7,3.85,1061,1608,+231.55%,0.66,105.17%,0.283825,2026-08-05
NVDA,219.22,2026-08-14,9,Call,222.50,-1.50%,3.9,4,8896,2826,+231.30%,3.15,38.77%,0.420424,2026-08-05
IMAX,50.63,2026-09-18,44,Call,50.00,+1.24%,3.2,4,17,1265,+230.29%,0.01,45.42%,0.574022,2026-08-05
GPN,87.48,2026-08-21,16,Put,65.00,-25.70%,0,0.3,8,1367,+230.19%,0.01,76.74%,-0.026464,2026-08-05
ANET,197.31,2026-08-07,2,Put,175.00,-11.31%,0.1,0.35,963,1187,+229.72%,0.81,94.30%,-0.039499,2026-08-05
AMAT,534.24,2026-09-18,44,Call,630.00,-17.92%,27.8,32.9,3,1037,+228.16%,0,83.63%,0.341119,2026-08-05
SMR,9.38,2026-08-21,16,Call,11.50,-22.60%,0.21,0.3,292,1089,+228.01%,0.27,111.03%,0.225554,2026-08-05
AG,17.61,2026-08-21,16,Call,16.50,+6.30%,1.47,1.7,51,1151,+226.99%,0.04,63.87%,0.713644,2026-08-05
VELO,12.73,2026-08-21,16,Call,17.50,-37.47%,0.05,0.75,710,2063,+226.94%,0.34,152.53%,0.202707,2026-08-05
GEHC,70.24,2026-08-21,16,Call,75.00,-6.78%,0.45,1.6,3,1628,+226.25%,0,45.33%,0.265088,2026-08-05
POET,8.09,2026-08-14,9,Put,8.50,+5.07%,0.79,0.98,2167,1362,+225.84%,1.59,128.05%,-0.556502,2026-08-05
DDOG,283.17,2026-08-14,9,Put,220.00,-22.31%,1.55,1.89,192,1284,+225.06%,0.15,116.38%,-0.069806,2026-08-05
AAOI,128.56,2026-08-07,2,Call,170.00,-32.23%,1.5,1.7,1969,1166,+224.79%,1.69,298.53%,0.124437,2026-08-05
SPCX,108.27,2026-08-07,2,Put,114.00,+5.29%,8.5,8.7,8106,2534,+224.46%,3.2,160.39%,-0.645755,2026-08-05
NVDA,219.22,2026-08-14,9,Put,205.00,-6.49%,0.98,1.02,5561,9003,+223.04%,0.62,40.65%,-0.137026,2026-08-05
AMD,482.05,2026-08-07,2,Call,505.00,-4.76%,4.35,4.9,1328,1964,+223.03%,0.68,89.05%,0.251529,2026-08-05
SPCX,108.27,2026-08-14,9,Put,70.00,-35.35%,0.09,0.12,2363,3715,+220.81%,0.64,130.47%,-0.012707,2026-08-05
BKNG,207.02,2026-08-07,2,Put,190.00,-8.22%,0,0.2,853,3028,+220.08%,0.28,61.18%,-0.027424,2026-08-05
CIFR,18.71,2026-08-07,2,Put,17.00,-9.14%,0.14,0.2,264,1261,+219.24%,0.21,138.07%,-0.1609,2026-08-05
GLW,156.7,2027-01-15,163,Call,240.00,-53.16%,11.6,12.65,82,1084,+218.82%,0.08,78.40%,0.298823,2026-08-05
CVNA,69.48,2026-11-20,107,Put,58.00,-16.52%,4.4,4.7,19,5102,+218.68%,0,68.98%,-0.243376,2026-08-05
PLTR,158.43,2026-08-28,23,Call,190.00,-19.93%,0.9,0.95,288,1067,+218.51%,0.27,52.72%,0.098572,2026-08-05
FCX,69.39,2026-09-18,44,Put,70.00,+0.88%,5.1,5.35,1330,4932,+217.58%,0.27,52.21%,-0.477195,2026-08-05
CRCL,63.28,2026-08-07,2,Put,61.00,-3.60%,0.87,1.11,660,1265,+217.04%,0.52,104.80%,-0.303583,2026-08-05
EOSE,3.82,2026-08-21,16,Call,3.50,+8.38%,0.5,0.78,371,1565,+216.16%,0.24,150.98%,0.669994,2026-08-05
BULL,7.38,2026-08-21,16,Call,8.00,-8.40%,0.17,0.26,481,7065,+215.82%,0.07,71.11%,0.323923,2026-08-05
AMZN,272.65,2026-08-14,9,Put,270.00,-0.97%,4.1,4.45,1177,1196,+215.57%,0.98,32.91%,-0.409399,2026-08-05
CVX,186.41,2026-08-21,16,Call,197.50,-5.95%,0.75,0.93,70,2463,+215.36%,0.03,26.75%,0.157317,2026-08-05
TSM,414,2026-08-28,23,Call,440.00,-6.28%,8,9.4,57,1053,+215.27%,0.05,43.71%,0.314166,2026-08-05
SKHY,151.03,2026-08-07,2,Put,150.00,-0.68%,5.3,5.6,991,3675,+215.18%,0.27,134.24%,-0.452154,2026-08-05
ONDS,8.87,2026-08-28,23,Put,6.50,-26.72%,0.13,0.16,61,1840,+215.07%,0.03,112.83%,-0.106265,2026-08-05
AAPL,311,2026-08-10,5,Call,305.00,+1.93%,6.7,7.75,1061,4390,+214.92%,0.24,22.84%,0.77602,2026-08-05
JNJ,257.59,2026-10-16,72,Call,230.00,+10.71%,30.3,33.05,10,1292,+214.36%,0.01,30.22%,0.821881,2026-08-05
QBTS,21.39,2026-08-21,16,Call,21.00,+1.82%,1.94,2.15,106,2677,+213.83%,0.04,103.41%,0.579496,2026-08-05
BMY,63.63,2026-08-21,16,Put,63.00,-0.99%,1.04,1.21,55,1650,+213.09%,0.03,26.79%,-0.418694,2026-08-05
SPCX,108.27,2026-08-07,2,Call,143.00,-32.08%,0.22,0.25,688,1995,+212.21%,0.34,203.04%,0.037988,2026-08-05
MDT,85.99,2026-08-21,16,Call,88.00,-2.34%,0.15,1.3,1,1887,+211.39%,0,20.93%,0.307357,2026-08-05
PLTR,158.43,2026-10-16,72,Call,195.00,-23.08%,4,4.2,309,2086,+210.88%,0.15,51.09%,0.220732,2026-08-05
SNAP,5.33,2026-08-14,9,Put,5.50,+3.19%,0.26,0.33,1332,1392,+210.02%,0.96,59.40%,-0.611544,2026-08-05
PLTR,158.43,2026-10-16,72,Call,240.00,-51.49%,0.9,0.99,147,1147,+210.00%,0.13,55.20%,0.061572,2026-08-05
COGT,42.27,2026-08-21,16,Call,50.00,-18.29%,0.2,1,47,2208,+209.68%,0.02,77.92%,0.174053,2026-08-05
TGB,8.18,2026-08-21,16,Call,8.00,+2.20%,0.5,0.75,7203,10343,+209.67%,0.7,77.55%,0.590194,2026-08-05
MSFT,487.46,2027-01-15,163,Call,780.00,-60.01%,0.76,1.18,1573,1985,+209.67%,0.79,33.13%,0.025511,2026-08-05
CVNA,69.48,2026-09-04,30,Call,90.00,-29.53%,0.31,0.45,4,1856,+207.79%,0,58.99%,0.076729,2026-08-05
SMCI,30.32,2026-12-18,135,Call,49.00,-61.61%,2.43,2.83,1019,1438,+206.61%,0.71,96.01%,0.30646,2026-08-05
MSFT,487.46,2026-08-21,16,Put,500.00,+2.57%,19.2,20,147,1719,+206.42%,0.09,30.83%,-0.636285,2026-08-05
NKLR,5.76,2026-09-18,44,Call,7.50,-30.21%,0.25,0.6,3,1593,+206.35%,0,118.11%,0.33439,2026-08-05
SNDK,1350.5,2026-08-07,2,Put,"1,300.00",-3.74%,57.1,61.3,1831,1395,+205.92%,1.31,210.00%,-0.372964,2026-08-05
RIVN,15.56,2026-10-16,72,Put,15.00,-3.60%,1.25,1.33,58,1803,+205.59%,0.03,59.32%,-0.385108,2026-08-05
HIMS,31.65,2026-10-16,72,Call,50.00,-57.98%,1.11,1.5,38,3330,+203.56%,0.01,97.45%,0.205168,2026-08-05
NVO,44.53,2026-11-20,107,Call,55.00,-23.51%,0.96,1.05,274,2337,+203.51%,0.12,42.53%,0.195678,2026-08-05
NVDA,219.22,2026-08-14,9,Put,202.50,-7.63%,0.72,0.74,2398,1584,+203.45%,1.51,41.57%,-0.103986,2026-08-05
SPCX,108.27,2026-08-21,16,Put,65.00,-39.96%,0.16,0.19,3003,3215,+203.30%,0.93,121.54%,-0.016259,2026-08-05
SPCX,108.27,2026-08-07,2,Put,119.00,+9.91%,12.1,12.65,2208,2389,+203.17%,0.92,161.65%,-0.767028,2026-08-05
ARE,50.1,2026-08-21,16,Put,50.00,-0.20%,1.25,1.7,331,1546,+203.14%,0.21,36.04%,-0.477763,2026-08-05
QBTS,21.39,2026-08-14,9,Call,22.00,-2.85%,1.16,1.31,1580,1600,+202.46%,0.99,111.45%,0.472855,2026-08-05
V,368.54,2026-09-18,44,Put,365.00,-0.96%,8.5,9,38,1106,+201.36%,0.03,21.56%,-0.419211,2026-08-05
BHP,89.38,2026-09-18,44,Put,85.00,-4.90%,3.1,3.4,32,1612,+200.19%,0.02,41.96%,-0.34322,2026-08-05
Z,36.1,2026-08-21,16,Call,42.50,-17.73%,0.7,1,133,1500,+198.80%,0.09,92.30%,0.229705,2026-08-05
AAPL,311,2026-08-10,5,Call,320.00,-2.89%,0.85,0.96,4665,3108,+198.56%,1.5,25.80%,0.180104,2026-08-05
ON,76.91,2026-08-07,2,Put,72.00,-6.38%,0.26,0.44,160,1070,+198.05%,0.15,84.74%,-0.138734,2026-08-05
SNAP,5.33,2026-08-07,2,Put,5.50,+3.19%,0.21,0.23,8992,3215,+197.41%,2.8,72.85%,-0.709857,2026-08-05
FLY,22.84,2026-09-18,44,Call,40.00,-75.13%,0.35,0.65,5066,7452,+197.25%,0.68,118.57%,0.126185,2026-08-05
RDW,10.72,2026-08-07,2,Call,13.00,-21.27%,0.1,0.15,412,1038,+196.57%,0.4,227.67%,0.144824,2026-08-05
SPCX,108.27,2026-12-18,135,Call,100.00,+7.64%,24.25,25.2,183,2832,+196.54%,0.06,78.51%,0.668218,2026-08-05
NFLX,74.2,2026-11-20,107,Call,80.00,-7.82%,4.6,4.7,2314,14301,+196.52%,0.16,41.31%,0.430833,2026-08-05
PINS,23.36,2026-09-18,44,Put,24.00,+2.74%,1.76,2.04,521,3230,+195.79%,0.16,49.26%,-0.521696,2026-08-05
SYF,79.25,2026-08-21,16,Call,82.50,-4.10%,0.7,0.95,1,1319,+195.74%,0,30.07%,0.276678,2026-08-05
INTC,101.06,2026-08-14,9,Call,119.00,-17.75%,0.8,1.02,77,5887,+195.09%,0.01,88.60%,0.135751,2026-08-05
UBER,68.18,2026-08-07,2,Put,67.00,-1.73%,0.43,0.47,10570,4347,+194.51%,2.43,46.43%,-0.297961,2026-08-05
FCX,69.39,2026-09-18,44,Call,75.00,-8.08%,3.05,3.1,2659,21415,+194.49%,0.12,53.53%,0.379024,2026-08-05
CRWV,89.89,2026-08-14,9,Call,120.00,-33.50%,0.79,0.99,357,2369,+193.92%,0.15,135.38%,0.105914,2026-08-05
SHOP,144.24,2026-10-16,72,Put,100.00,-30.67%,0.44,1.29,63,1386,+193.64%,0.05,55.96%,-0.052066,2026-08-05
BAC,63.25,2026-10-16,72,Call,75.00,-18.58%,0.09,0.17,114,2629,+193.09%,0.04,22.31%,0.051236,2026-08-05
MU,893.19,2026-08-07,2,Put,755.00,-15.47%,1.4,1.58,313,1240,+192.45%,0.25,133.78%,-0.040181,2026-08-05
SHOP,144.24,2026-08-07,2,Call,125.00,+13.34%,18.75,20.2,2307,2505,+192.30%,0.92,114.25%,0.958843,2026-08-05
NVDA,219.22,2026-08-10,5,Call,215.00,+1.93%,5.9,6.45,1771,5305,+192.13%,0.33,35.69%,0.690255,2026-08-05
ZBH,98.16,2026-08-21,16,Call,105.00,-6.97%,0.25,0.5,41,1142,+192.07%,0.04,27.78%,0.133601,2026-08-05
INTC,101.06,2026-08-14,9,Call,101.00,+0.06%,5.15,5.7,636,1850,+190.88%,0.34,84.73%,0.530544,2026-08-05
IREN,38.89,2026-08-28,23,Call,65.00,-67.14%,0.26,0.53,747,1158,+189.50%,0.65,129.12%,0.078434,2026-08-05
TGT,147.7,2026-10-16,72,Put,120.00,-18.75%,1.04,1.38,1,1097,+189.45%,0,38.49%,-0.095018,2026-08-05
UEC,10.72,2026-08-07,2,Call,11.00,-2.61%,0.12,0.17,296,1863,+189.29%,0.16,81.32%,0.346411,2026-08-05
SPCX,108.27,2026-08-07,2,Put,106.00,-2.10%,3.75,3.9,7139,1808,+189.28%,3.95,154.49%,-0.40363,2026-08-05
NB,5.02,2026-11-20,107,Call,7.50,-49.40%,0.5,0.6,275,3823,+188.53%,0.07,110.37%,0.361571,2026-08-05
V,368.54,2026-09-18,44,Call,365.00,+0.96%,12.85,13.5,499,2767,+188.23%,0.18,20.88%,0.586192,2026-08-05
ORCL,144.39,2026-08-14,9,Call,155.00,-7.35%,2.13,2.3,972,4699,+188.11%,0.21,64.95%,0.261363,2026-08-05
WFC,89.17,2026-11-20,107,Put,85.00,-4.68%,3.1,3.35,46,2946,+187.98%,0.02,27.80%,-0.334868,2026-08-05
TMC,4.02,2026-08-14,9,Call,4.50,-11.94%,0.09,0.12,272,2255,+187.26%,0.12,105.66%,0.277054,2026-08-05
BKNG,207.02,2026-08-07,2,Call,200.00,+3.39%,7.2,10,2985,5695,+187.05%,0.52,69.21%,0.758659,2026-08-05
AAPL,311,2026-08-07,2,Call,297.50,+4.34%,13.3,14.25,268,1070,+186.86%,0.25,38.58%,0.94229,2026-08-05
EIX,68.32,2026-09-18,44,Put,67.50,-1.20%,3.1,3.4,197,3342,+186.38%,0.06,38.44%,-0.439504,2026-08-05
DKNG,21.76,2026-08-07,2,Put,24.00,+10.29%,2.14,2.76,308,1534,+186.19%,0.2,138.78%,-0.816402,2026-08-05
POET,8.09,2026-08-14,9,Call,8.50,-5.07%,0.47,0.55,824,4915,+186.09%,0.17,133.64%,0.449691,2026-08-05
TOST,34.8,2026-08-07,2,Call,36.00,-3.45%,0.19,0.3,329,1190,+186.06%,0.28,65.24%,0.250195,2026-08-05
NVTS,12.35,2027-01-15,163,Call,44.00,-256.28%,0.38,0.59,60,2460,+186.05%,0.02,122.44%,0.130771,2026-08-05
SPCX,108.27,2026-08-07,2,Put,97.00,-10.41%,0.99,1.04,6708,3180,+185.97%,2.11,152.82%,-0.151528,2026-08-05
SPCX,108.27,2026-10-16,72,Call,145.00,-33.92%,5.85,6,3280,2903,+185.45%,1.13,84.10%,0.282369,2026-08-05
HOOD,92.8,2026-11-20,107,Put,70.00,-24.57%,3.7,4.6,12,7896,+185.36%,0,72.70%,-0.174143,2026-08-05
MSFT,487.46,2027-01-15,163,Call,530.00,-8.73%,27.45,28,64,7065,+185.22%,0.01,32.13%,0.412452,2026-08-05
INTC,101.06,2026-08-07,2,Call,110.00,-8.85%,0.48,0.52,20571,13897,+184.77%,1.48,100.52%,0.13571,2026-08-05
MSFT,487.46,2026-08-21,16,Call,545.00,-11.80%,0.34,0.9,13,1315,+184.63%,0.01,31.08%,0.048167,2026-08-05
AMZN,272.65,2027-02-19,198,Call,370.00,-35.71%,5.95,6.5,32,1057,+184.14%,0.03,36.37%,0.177467,2026-08-05
CRWD,209.86,2026-08-07,2,Put,200.00,-4.70%,0.81,0.92,583,1088,+184.07%,0.54,66.36%,-0.156719,2026-08-05
ADBE,259.32,2026-08-07,2,Put,240.00,-7.45%,0.26,0.35,77,1506,+183.62%,0.05,66.66%,-0.055078,2026-08-05
GME,19.01,2026-08-14,9,Put,18.00,-5.31%,0.07,0.13,550,1696,+182.20%,0.32,36.55%,-0.167545,2026-08-05
OPEN,3.76,2026-08-28,23,Call,4.50,-19.68%,0.1,0.12,1117,1373,+181.93%,0.81,88.62%,0.246308,2026-08-05
AAPL,311,2026-08-07,2,Put,307.50,-1.13%,1.39,1.52,9344,1742,+181.42%,5.36,31.65%,-0.307973,2026-08-05
GOOGL,362.43,2026-08-14,9,Call,395.00,-8.99%,0.63,0.81,1257,1595,+180.81%,0.79,37.31%,0.07705,2026-08-05
SPCX,108.27,2026-08-07,2,Put,94.00,-13.18%,0.57,0.61,3894,2765,+180.71%,1.41,153.88%,-0.0969,2026-08-05
SYY,84.21,2026-08-21,16,Call,85.00,-0.94%,0.9,1.45,87,5059,+180.28%,0.02,21.55%,0.430364,2026-08-05
TE,5.47,2026-10-16,72,Put,7.00,+27.97%,2.35,2.65,23,1460,+179.69%,0.02,153.52%,-0.506166,2026-08-05
ARM,274.58,2026-08-14,9,Call,290.00,-5.62%,9.3,10.6,82,1002,+178.33%,0.08,93.06%,0.384077,2026-08-05
GPN,87.48,2026-08-21,16,Put,85.00,-2.83%,1.7,2.2,388,2189,+178.14%,0.18,42.56%,-0.35271,2026-08-05
BA,240.19,2026-12-18,135,Put,190.00,-20.90%,2.84,3.8,129,3768,+178.08%,0.03,36.07%,-0.116648,2026-08-05
APLD,29.87,2026-08-07,2,Call,31.00,-3.78%,0.49,0.58,997,4449,+178.06%,0.22,111.08%,0.341591,2026-08-05
SPCX,108.27,2026-08-14,9,Call,100.00,+7.64%,11.45,12.45,1564,1016,+177.60%,1.54,107.38%,0.712581,2026-08-05
AMZN,272.65,2027-12-17,499,Call,360.00,-32.04%,25.7,26.55,11,2720,+177.55%,0,37.76%,0.388544,2026-08-05
BAC,63.25,2026-08-07,2,Put,63.00,-0.40%,0.25,0.3,4164,1656,+176.92%,2.51,20.90%,-0.393797,2026-08-05
SKHY,151.03,2026-12-18,135,Call,250.00,-65.53%,13.1,15,23,1143,+176.09%,0.02,101.39%,0.313487,2026-08-05
CIFR,18.71,2026-08-21,16,Call,30.00,-60.34%,0.1,0.19,2331,50573,+174.96%,0.05,137.52%,0.068066,2026-08-05
ABT,105.71,2026-09-18,44,Put,97.50,-7.77%,1.1,1.2,39,1435,+174.90%,0.03,28.64%,-0.18967,2026-08-05
TDOC,6.93,2026-10-16,72,Call,7.00,-1.01%,0.68,0.8,22,1405,+173.88%,0.02,61.14%,0.550018,2026-08-05
SHOP,144.24,2026-08-07,2,Put,120.00,-16.81%,0.01,0.22,574,2500,+173.82%,0.23,126.62%,-0.02213,2026-08-05
GOOGL,362.43,2026-09-18,44,Call,425.00,-17.26%,1.83,2.17,533,4871,+172.43%,0.11,33.82%,0.103408,2026-08-05
EOSE,3.82,2026-08-14,9,Call,4.50,-17.80%,0.09,0.14,1202,1536,+171.86%,0.78,136.97%,0.257802,2026-08-05
PFE,25.81,2026-09-04,30,Call,26.00,-0.74%,0.47,0.57,859,2416,+171.77%,0.36,21.43%,0.451544,2026-08-05
QXO,15.9,2026-10-16,72,Call,17.00,-6.92%,1.45,1.65,14,1352,+170.94%,0.01,69.18%,0.483923,2026-08-05
HPE,53.22,2026-08-14,9,Call,55.00,-3.34%,1.61,1.93,1127,1392,+170.82%,0.81,75.26%,0.415175,2026-08-05
NVDA,219.22,2026-08-07,2,Call,222.50,-1.50%,1.5,1.54,117604,16351,+169.95%,7.19,43.74%,0.330989,2026-08-05
CPNG,16,2026-08-21,16,Put,14.00,-12.50%,0.04,0.33,5122,7872,+169.68%,0.65,66.69%,-0.149994,2026-08-05
MSFT,487.46,2026-08-10,5,Put,460.00,-5.63%,0.46,0.72,462,1721,+169.33%,0.27,33.92%,-0.068162,2026-08-05
RDW,10.72,2026-08-07,2,Call,12.00,-11.94%,0.25,0.35,1387,2603,+169.18%,0.53,232.31%,0.284721,2026-08-05
GPN,87.48,2026-09-18,44,Call,90.00,-2.88%,3.3,4.6,24,6352,+169.04%,0,40.75%,0.456334,2026-08-05
LCID,6.7,2026-08-07,2,Put,7.50,+11.94%,0.76,0.99,1932,1912,+168.54%,1.01,159.68%,-0.814489,2026-08-05
UBER,68.18,2026-08-21,16,Put,63.00,-7.60%,0.3,0.38,573,1117,+168.51%,0.51,35.32%,-0.130298,2026-08-05
AMD,482.05,2026-08-14,9,Call,530.00,-9.95%,7,7.8,590,1040,+168.04%,0.57,75.97%,0.233357,2026-08-05
UEC,10.72,2026-09-18,44,Call,14.00,-30.60%,0.28,0.34,113,1055,+167.77%,0.11,79.82%,0.209369,2026-08-05
NVDA,219.22,2026-08-14,9,Call,207.50,+5.35%,13.05,13.65,3080,12346,+166.94%,0.25,41.02%,0.815169,2026-08-05
AMD,482.05,2026-08-07,2,Call,555.00,-15.13%,0.31,0.43,955,2274,+166.90%,0.42,97.83%,0.028268,2026-08-05
AEO,17.82,2026-08-21,16,Call,17.50,+1.80%,0.55,1.18,31,1028,+165.63%,0.03,46.84%,0.593221,2026-08-05
QCOM,157.53,2026-11-20,107,Put,160.00,+1.57%,19.4,21.15,15,1365,+165.56%,0.01,57.04%,-0.452388,2026-08-05
AAPL,311,2026-08-10,5,Call,315.00,-1.29%,1.91,2.1,7879,2190,+165.45%,3.6,24.72%,0.340215,2026-08-05
LUNR,13.99,2027-01-15,163,Call,27.00,-92.99%,1.61,1.91,20,2159,+164.26%,0.01,119.52%,0.34368,2026-08-05
JOBY,7.8,2026-11-20,107,Call,9.00,-15.38%,0.84,1.12,46,2991,+164.22%,0.02,81.98%,0.47008,2026-08-05
SOFI,18.25,2026-08-07,2,Put,18.00,-1.37%,0.17,0.18,9823,8436,+163.95%,1.16,53.04%,-0.353692,2026-08-05
TE,5.47,2027-01-15,163,Call,8.00,-46.25%,1.35,1.5,1561,4809,+163.80%,0.32,143.99%,0.541336,2026-08-05
AMD,482.05,2027-03-19,226,Put,290.00,-39.84%,15.9,17.6,11,1448,+163.27%,0.01,68.54%,-0.105319,2026-08-05
AMLX,21.85,2026-09-18,44,Call,25.00,-14.42%,3.8,5.5,620,1750,+163.16%,0.35,190.54%,0.553263,2026-08-05
V,368.54,2026-08-14,9,Call,380.00,-3.11%,1.07,1.43,43,2326,+163.12%,0.02,21.17%,0.188594,2026-08-05
ALAB,318.43,2026-08-21,16,Put,200.00,-37.19%,0.41,1.06,105,1006,+161.98%,0.1,118.81%,-0.022758,2026-08-05
MOS,23.41,2026-08-07,2,Call,22.00,+6.02%,1.25,2,249,1317,+161.83%,0.19,105.63%,0.797641,2026-08-05
NVO,44.53,2026-08-07,2,Put,46.00,+3.30%,1.22,1.94,72,6739,+161.40%,0.01,41.29%,-0.853827,2026-08-05
CIFR,18.71,2026-08-21,16,Call,22.00,-17.58%,0.75,0.95,1903,3139,+160.93%,0.61,123.40%,0.311455,2026-08-05
ADBE,259.32,2026-09-18,44,Put,205.00,-20.95%,2.19,2.88,12,1108,+160.71%,0.01,57.21%,-0.096275,2026-08-05
PLTR,158.43,2026-08-21,16,Put,160.00,+0.99%,7.3,7.55,1658,6037,+160.66%,0.27,50.66%,-0.511403,2026-08-05
XYZ,84.2,2026-08-21,16,Put,77.50,-7.96%,1.79,2.37,10,1245,+160.46%,0.01,70.13%,-0.258598,2026-08-05
SHAK,74.33,2026-09-18,44,Call,70.00,+5.83%,5.9,8.6,264,2488,+158.90%,0.11,45.76%,0.686311,2026-08-05
GLW,156.7,2026-09-18,44,Call,380.00,-142.50%,0.06,0.44,349,1051,+158.87%,0.33,106.37%,0.013763,2026-08-05
CSCO,121.5,2026-09-18,44,Put,95.00,-21.81%,0.42,0.73,6,6024,+158.43%,0,48.87%,-0.060472,2026-08-05
GLW,156.7,2026-08-14,9,Call,170.00,-8.49%,3,3.75,186,1097,+158.12%,0.17,81.88%,0.286376,2026-08-05
NVO,44.53,2026-08-07,2,Put,44.00,-1.19%,0.31,0.35,669,1799,+158.11%,0.37,42.21%,-0.347385,2026-08-05
AAOI,128.56,2026-08-21,16,Call,200.00,-55.57%,2,3.2,121,1241,+156.94%,0.1,164.44%,0.134175,2026-08-05
MRVL,211.02,2026-08-21,16,Call,255.00,-20.84%,3.65,4.85,45,1426,+156.47%,0.03,94.96%,0.199005,2026-08-05
MSFT,487.46,2026-08-14,9,Call,495.00,-1.55%,6.25,7,766,2298,+155.90%,0.33,31.88%,0.394479,2026-08-05
MSFT,487.46,2026-09-18,44,Put,455.00,-6.66%,7.4,7.8,99,1404,+155.27%,0.07,31.02%,-0.234831,2026-08-05
BABA,128.53,2026-08-21,16,Put,121.00,-5.86%,1.67,1.82,10,1312,+155.25%,0.01,43.82%,-0.239829,2026-08-05
HPE,53.22,2026-08-28,23,Put,46.00,-13.57%,0.8,1.4,5,1304,+155.19%,0,73.59%,-0.186784,2026-08-05
MARA,11.24,2026-08-21,16,Put,10.50,-6.58%,0.53,0.57,166,1866,+154.57%,0.09,96.78%,-0.328481,2026-08-05
LITE,826.26,2026-08-07,2,Call,900.00,-8.92%,6.8,8.8,281,1163,+153.93%,0.24,125.64%,0.191971,2026-08-05
JOBY,7.8,2026-08-14,9,Call,7.50,+3.85%,0.64,0.73,185,1162,+153.71%,0.16,108.13%,0.62597,2026-08-05
XPEV,11.75,2027-01-15,163,Call,11.00,+6.38%,2.29,2.61,177,4657,+152.82%,0.04,65.24%,0.658632,2026-08-05
NVDA,219.22,2026-08-14,9,Put,210.00,-4.21%,1.85,1.9,4444,3850,+152.79%,1.15,39.39%,-0.230578,2026-08-05
ORCL,144.39,2026-11-20,107,Call,175.00,-21.20%,10.7,12,41,2145,+152.65%,0.02,68.02%,0.373621,2026-08-05
WMT,112.34,2026-08-07,2,Call,116.00,-3.26%,0.1,0.12,511,3913,+152.29%,0.13,31.90%,0.090217,2026-08-05
HPE,53.22,2026-08-21,16,Call,48.00,+9.81%,6.2,6.85,147,3742,+151.99%,0.04,76.57%,0.767313,2026-08-05
CCL,29.67,2026-08-07,2,Call,29.50,+0.57%,0.36,0.58,183,1834,+151.92%,0.1,43.21%,0.578593,2026-08-05
CSCO,121.5,2026-12-18,135,Put,80.00,-34.16%,0.52,0.91,30,3974,+151.84%,0.01,45.48%,-0.046305,2026-08-05
SNAP,5.33,2026-08-28,23,Call,6.00,-12.57%,0.1,0.12,332,2707,+151.11%,0.12,60.61%,0.245976,2026-08-05
PLTR,158.43,2026-08-28,23,Call,175.00,-10.46%,2.58,2.84,798,1740,+151.08%,0.46,50.71%,0.241999,2026-08-05
PLTR,158.43,2026-08-14,9,Call,157.50,+0.59%,5.6,5.9,564,1534,+151.06%,0.37,52.56%,0.549128,2026-08-05
ZETA,27.07,2026-08-07,2,Call,25.00,+7.65%,2.08,2.5,6648,10143,+151.06%,0.66,116.48%,0.833512,2026-08-05
RBLX,36.19,2026-10-16,72,Call,40.00,-10.53%,2.87,3.05,178,2905,+150.43%,0.06,67.26%,0.435927,2026-08-05
TE,5.47,2026-08-07,2,Put,5.00,-8.59%,0.1,0.2,2483,1903,+150.07%,1.3,216.43%,-0.260418,2026-08-05
MU,893.19,2026-10-16,72,Call,780.00,+12.67%,193.45,199,7,1208,+149.59%,0.01,87.48%,0.712706,2026-08-05
AMD,482.05,2026-11-20,107,Call,600.00,-24.47%,36.5,38.7,579,1687,+149.19%,0.34,70.78%,0.36311,2026-08-05
BKNG,207.02,2026-08-07,2,Call,195.00,+5.81%,9.3,15.3,457,1731,+149.06%,0.26,54.77%,0.933076,2026-08-05
GOOG,360.13,2027-01-15,163,Call,405.00,-12.46%,19,20.55,362,2156,+148.96%,0.17,35.48%,0.378308,2026-08-05
POET,8.09,2026-08-28,23,Call,9.00,-11.25%,0.5,0.76,23,1458,+148.38%,0.02,119.10%,0.420947,2026-08-05
NVO,44.53,2026-08-14,9,Put,43.50,-2.31%,0.47,0.64,55,1546,+148.15%,0.04,35.21%,-0.331716,2026-08-05
SPCX,108.27,2027-01-15,163,Call,150.00,-38.54%,10.65,10.8,3247,8251,+148.08%,0.39,76.84%,0.365126,2026-08-05
UBER,68.18,2026-08-07,2,Put,72.00,+5.60%,3.45,4.05,535,2058,+147.95%,0.26,37.17%,-0.978477,2026-08-05
QCOM,157.53,2026-08-21,16,Call,152.50,+3.19%,9.7,10.75,15,2780,+147.33%,0.01,57.18%,0.630851,2026-08-05
NVTS,12.35,2026-09-18,44,Put,8.00,-35.22%,0.2,0.35,47,2859,+147.32%,0.02,115.75%,-0.098263,2026-08-05
SHOP,144.24,2026-08-07,2,Call,150.00,-3.99%,1.2,1.25,10950,3851,+147.18%,2.84,76.82%,0.255658,2026-08-05
FISV,54.11,2026-08-07,2,Put,52.00,-3.90%,0.95,1.7,363,1020,+146.97%,0.36,142.18%,-0.332781,2026-08-05
PLTR,158.43,2026-08-14,9,Call,190.00,-19.93%,0.2,0.22,1905,1437,+146.91%,1.33,62.08%,0.035461,2026-08-05
KMB,112.37,2026-08-07,2,Call,109.00,+3.00%,2.05,4.9,17,1282,+146.54%,0.01,30.99%,0.909662,2026-08-05
DDOG,283.17,2026-08-07,2,Put,220.00,-22.31%,1.1,1.28,2181,1046,+146.12%,2.09,225.85%,-0.0554,2026-08-05
SPCX,108.27,2026-08-07,2,Put,85.00,-21.49%,0.12,0.14,10233,12494,+145.56%,0.82,171.08%,-0.024107,2026-08-05
CRWV,89.89,2026-11-20,107,Call,200.00,-122.49%,2,2.49,117,3589,+144.82%,0.03,99.67%,0.116791,2026-08-05
RUN,10.49,2027-01-15,163,Call,14.00,-33.46%,1.34,1.89,21,1293,+144.42%,0.02,93.91%,0.452691,2026-08-05
NOK,9.58,2026-11-20,107,Call,12.00,-25.26%,0.77,0.8,53,4658,+143.75%,0.01,74.31%,0.365373,2026-08-05
OPEN,3.76,2027-02-19,198,Call,7.00,-86.17%,0.12,0.55,44,1388,+142.23%,0.03,91.20%,0.288649,2026-08-05
ADBE,259.32,2026-08-07,2,Put,250.00,-3.59%,1.02,1.93,299,2030,+141.95%,0.15,63.35%,-0.209603,2026-08-05
NVDA,219.22,2026-08-07,2,Call,232.50,-6.06%,0.16,0.17,15897,3288,+141.94%,4.83,47.97%,0.051177,2026-08-05
MSFT,487.46,2026-12-18,135,Call,585.00,-20.01%,10.65,11.85,26,1698,+141.88%,0.02,32.59%,0.22198,2026-08-05
PLTR,158.43,2026-08-14,9,Call,160.00,-0.99%,4.4,4.65,2990,4266,+141.70%,0.7,52.25%,0.472784,2026-08-05
AMZN,272.65,2026-08-14,9,Put,250.00,-8.31%,0.41,0.45,465,1903,+141.50%,0.24,36.86%,-0.061585,2026-08-05
TSM,414,2026-09-18,44,Call,480.00,-15.94%,5.95,7.15,116,5386,+141.20%,0.02,44.71%,0.19688,2026-08-05
NU,14.48,2026-08-21,16,Call,16.50,-13.95%,0.09,0.12,6,2564,+140.98%,0,53.20%,0.13511,2026-08-05
T,23.06,2026-08-14,9,Put,23.00,-0.26%,0.33,0.42,319,1082,+139.91%,0.29,27.85%,-0.469418,2026-08-05
INTC,101.06,2028-01-21,534,Call,155.00,-53.37%,25.55,28.5,9,2370,+139.88%,0,82.13%,0.543266,2026-08-05
TSM,414,2026-08-07,2,Put,410.00,-0.97%,3.85,4.65,463,1461,+139.51%,0.32,49.85%,-0.387716,2026-08-05
AMZN,272.65,2027-12-17,499,Call,410.00,-50.38%,16.7,17.3,2,3379,+138.97%,0,37.70%,0.281208,2026-08-05
BABA,128.53,2028-06-16,681,Call,200.00,-55.61%,14.7,17.45,40,1290,+138.89%,0.03,49.76%,0.368587,2026-08-05
FISV,54.11,2026-08-07,2,Put,50.00,-7.60%,0.8,0.9,3203,4431,+138.48%,0.72,153.66%,-0.225713,2026-08-05
SPCX,108.27,2026-08-07,2,Call,131.00,-20.99%,0.52,0.55,2820,1754,+138.32%,1.61,179.19%,0.085502,2026-08-05
CLSK,13.5,2026-08-21,16,Call,17.00,-25.93%,0.3,0.37,278,9063,+137.75%,0.03,115.41%,0.204206,2026-08-05
MSFT,487.46,2026-09-18,44,Call,510.00,-4.62%,11.25,12,1371,15760,+137.46%,0.09,29.51%,0.360947,2026-08-05
LOW,219.94,2026-09-18,44,Call,210.00,+4.52%,16.6,17.3,101,1018,+137.30%,0.1,37.24%,0.66714,2026-08-05
RDDT,155.26,2026-08-07,2,Put,145.00,-6.61%,0.37,0.44,415,1104,+136.91%,0.38,73.53%,-0.0991,2026-08-05
WMT,112.34,2026-08-21,16,Call,118.00,-5.04%,1.4,1.5,366,1650,+136.73%,0.22,36.92%,0.280252,2026-08-05
CLOV,4.14,2026-08-14,9,Put,4.00,-3.38%,0.13,0.26,592,11054,+136.55%,0.05,102.28%,-0.382397,2026-08-05
KTOS,55.34,2026-08-07,2,Call,60.00,-8.42%,0.15,0.35,2060,1807,+136.21%,1.14,94.64%,0.132152,2026-08-05
QXO,15.9,2026-08-21,16,Put,14.00,-11.95%,0.25,0.4,43,3144,+136.04%,0.01,80.91%,-0.199233,2026-08-05
PRCT,19.34,2026-08-21,16,Call,22.50,-16.34%,0.05,0.4,42,1225,+135.58%,0.03,68.16%,0.163995,2026-08-05
NOW,117.22,2026-10-16,72,Put,120.00,+2.37%,13,13.55,28,2167,+135.54%,0.01,58.54%,-0.47625,2026-08-05
TOST,34.8,2026-08-07,2,Call,35.00,-0.57%,0.48,0.56,4879,10459,+135.51%,0.47,59.36%,0.45861,2026-08-05
AMZN,272.65,2028-06-16,681,Put,140.00,-48.65%,3.5,5.6,1,2804,+135.43%,0,40.98%,-0.056019,2026-08-05
SPCX,108.27,2026-08-07,2,Put,139.00,+28.38%,30.15,32,37,1224,+135.38%,0.03,202.47%,-0.94459,2026-08-05
GOOGL,362.43,2027-01-15,163,Call,525.00,-44.86%,2.94,4.5,103,1503,+134.84%,0.07,37.24%,0.096732,2026-08-05
SPCX,108.27,2026-08-14,9,Call,135.00,-24.69%,1.34,1.41,3686,7651,+134.84%,0.48,120.27%,0.142472,2026-08-05
BTDR,11.06,2026-09-18,44,Call,19.00,-71.79%,0.3,0.4,5,1571,+134.83%,0,128.07%,0.162422,2026-08-05
PANW,362.66,2026-08-21,16,Put,220.00,-39.34%,0,0.31,672,1107,+134.53%,0.61,99.38%,-0.005985,2026-08-05
AMZN,272.65,2026-08-14,9,Put,257.50,-5.56%,0.94,1.06,333,1677,+134.22%,0.2,34.03%,-0.133136,2026-08-05
NFLX,74.2,2026-08-14,9,Call,72.00,+2.96%,2.86,3.2,1688,3862,+134.20%,0.44,36.22%,0.716827,2026-08-05
SHAK,74.33,2026-09-18,44,Put,60.00,-19.28%,0.4,1.15,175,2261,+133.09%,0.08,54.49%,-0.106019,2026-08-05
SHEL,87.76,2026-09-18,44,Put,87.50,-0.30%,2.8,2.95,33,2151,+132.79%,0.02,24.92%,-0.466657,2026-08-05
VVX,77.94,2026-08-21,16,Call,90.00,-15.47%,0.15,0.65,2,1728,+132.57%,0,51.71%,0.103828,2026-08-05
BAC,63.25,2026-08-14,9,Call,65.00,-2.77%,0.2,0.25,331,1728,+132.57%,0.19,20.19%,0.203082,2026-08-05
CMG,34.5,2026-08-07,2,Put,34.00,-1.45%,0.26,0.4,970,1415,+132.35%,0.69,54.01%,-0.348457,2026-08-05
CRWV,89.89,2026-08-07,2,Put,84.00,-6.55%,0.84,1,752,1380,+132.32%,0.54,116.53%,-0.203001,2026-08-05
PLTR,158.43,2026-08-28,23,Call,170.00,-7.30%,3.75,4,550,1414,+132.18%,0.39,50.55%,0.317724,2026-08-05
CRCL,63.28,2026-08-07,2,Call,75.00,-18.52%,0.07,0.17,2988,2664,+131.85%,1.12,133.66%,0.047863,2026-08-05
CVNA,69.48,2026-08-07,2,Call,72.00,-3.63%,0.47,0.62,361,1999,+131.10%,0.18,70.42%,0.256658,2026-08-05
TSEM,211.14,2026-09-18,44,Call,300.00,-42.09%,5.1,6.5,31,4278,+130.87%,0.01,93.41%,0.1799,2026-08-05
INTC,101.06,2027-12-17,499,Call,140.00,-38.53%,26.1,30,43,2335,+130.73%,0.02,81.06%,0.568149,2026-08-05
TSSI,11.16,2026-08-21,16,Call,15.00,-34.41%,0.5,0.6,18,2275,+130.50%,0.01,173.56%,0.265059,2026-08-05
SPCX,108.27,2026-08-07,2,Call,139.00,-28.38%,0.28,0.31,949,1111,+130.50%,0.85,194.27%,0.048051,2026-08-05
FCX,69.39,2026-11-20,107,Call,85.00,-22.50%,3.2,3.6,1059,8309,+130.29%,0.13,54.27%,0.302895,2026-08-05
BN,44.54,2026-10-16,72,Call,45.00,-1.03%,1.5,2.7,2,1668,+129.75%,0,27.77%,0.510408,2026-08-05
CIFR,18.71,2026-08-07,2,Put,21.00,+12.24%,2.13,2.58,843,1791,+129.62%,0.47,114.93%,-0.90582,2026-08-05
MSTR,98.37,2026-08-14,9,Call,100.00,-1.66%,3.7,3.9,4304,2684,+129.60%,1.6,72.96%,0.468766,2026-08-05
PYPL,57.93,2026-08-07,2,Call,57.00,+1.61%,0.91,1.65,561,1366,+129.58%,0.41,42.15%,0.705061,2026-08-05
PLTR,158.43,2028-01-21,534,Put,160.00,+0.99%,38.2,39.15,16,1037,+129.42%,0.02,56.40%,-0.354943,2026-08-05
TSLA,321.55,2026-08-10,5,Call,340.00,-5.74%,1.02,1.06,2518,1193,+128.98%,2.11,41.74%,0.13403,2026-08-05
UPS,107.7,2026-08-07,2,Put,105.00,-2.51%,0.1,0.22,865,1009,+128.28%,0.86,30.58%,-0.12974,2026-08-05
MSFT,487.46,2026-08-07,2,Put,490.00,+0.52%,6.6,6.85,4054,2298,+127.98%,1.76,37.41%,-0.567264,2026-08-05
APP,417.8,2026-08-07,2,Call,500.00,-19.67%,3.5,3.9,4455,1193,+127.67%,3.73,200.03%,0.127615,2026-08-05
SPCX,108.27,2026-08-07,2,Put,104.00,-3.94%,2.93,3,8501,1079,+127.64%,7.88,153.53%,-0.340006,2026-08-05
IREN,38.89,2026-08-07,2,Put,39.50,+1.57%,1.68,2.04,661,1170,+127.63%,0.56,133.10%,-0.542664,2026-08-05
AAPL,311,2026-08-07,2,Put,315.00,+1.29%,5,5.5,979,4895,+127.25%,0.2,30.82%,-0.706773,2026-08-05
SMCI,30.32,2026-08-21,16,Call,28.50,+6.00%,3.65,4.05,31,1246,+126.96%,0.02,115.20%,0.649471,2026-08-05
QBTS,21.39,2026-08-07,2,Call,24.00,-12.20%,0.25,0.36,666,3676,+126.91%,0.18,175.82%,0.206636,2026-08-05
OXY,53.81,2026-10-16,72,Put,50.00,-7.08%,1.52,1.66,43,1012,+126.91%,0.04,34.84%,-0.283072,2026-08-05
SPCX,108.27,2026-11-20,107,Put,70.00,-35.35%,3.1,3.25,510,2470,+126.81%,0.21,82.49%,-0.110792,2026-08-05
JPM,359.24,2026-08-07,2,Put,347.50,-3.27%,0.1,0.29,88,1204,+126.74%,0.07,28.93%,-0.058585,2026-08-05
AMD,482.05,2026-08-07,2,Put,470.00,-2.50%,6.85,7.5,2305,1961,+126.44%,1.18,87.54%,-0.335136,2026-08-05
CRWV,89.89,2026-08-14,9,Call,110.00,-22.37%,1.85,2,1214,3013,+126.37%,0.4,134.90%,0.199595,2026-08-05
MU,893.19,2026-08-07,2,Call,885.00,+0.92%,33.55,36.8,353,2107,+125.83%,0.17,117.41%,0.560289,2026-08-05
NVDA,219.22,2026-08-17,12,Call,215.00,+1.93%,8,8.55,968,1540,+125.81%,0.63,36.86%,0.632944,2026-08-05
NYT,65.48,2026-08-21,16,Put,75.00,+14.54%,9.4,10.7,1515,4516,+125.69%,0.34,58.61%,-0.851937,2026-08-05
ADI,377.69,2026-08-07,2,Put,360.00,-4.68%,0.75,2.5,33,2005,+125.53%,0.02,67.18%,-0.160559,2026-08-05
FCX,69.39,2027-03-19,226,Put,60.00,-13.53%,5.85,6.1,89,1357,+125.42%,0.07,51.99%,-0.2741,2026-08-05
QXO,15.9,2026-11-20,107,Call,18.00,-13.21%,1.55,1.7,1,1327,+125.30%,0,68.00%,0.451358,2026-08-05
TSLA,321.55,2026-08-14,9,Call,340.00,-5.74%,2.91,2.96,2257,5990,+124.60%,0.38,45.08%,0.229597,2026-08-05
TSM,414,2026-08-14,9,Put,420.00,+1.45%,13.9,15.25,275,1443,+124.07%,0.19,43.97%,-0.565979,2026-08-05
AVGO,418.28,2026-09-18,44,Call,530.00,-26.71%,4.5,5.45,51,1742,+123.91%,0.03,55.52%,0.132899,2026-08-05
MSFT,487.46,2026-08-21,16,Put,480.00,-1.53%,8.5,9.1,639,3454,+123.42%,0.19,30.70%,-0.386479,2026-08-05
VALE,14.94,2026-12-18,135,Call,13.00,+12.99%,2.12,2.3,164,1450,+123.42%,0.11,34.55%,0.764215,2026-08-05
DT,50.86,2026-08-21,16,Put,45.00,-11.52%,0.1,0.45,384,1219,+123.26%,0.32,49.22%,-0.105011,2026-08-05
SPCX,108.27,2026-08-07,2,Call,145.00,-33.92%,0.21,0.22,5674,12374,+123.12%,0.46,207.96%,0.034441,2026-08-05
MRK,128.33,2026-08-07,2,Call,132.00,-2.86%,0.32,0.56,680,1575,+123.09%,0.43,43.45%,0.195157,2026-08-05
DIS,101.76,2026-08-07,2,Call,105.00,-3.18%,0.14,0.18,4419,2860,+122.92%,1.55,35.82%,0.121512,2026-08-05
CRSP,52.45,2027-01-15,163,Call,80.00,-52.53%,2,2.8,12,4437,+122.85%,0,63.12%,0.226828,2026-08-05
FLNC,14.23,2028-01-21,534,Call,17.00,-19.47%,6.5,8.4,9,1640,+122.83%,0.01,125.01%,0.750995,2026-08-05
GPN,87.48,2026-08-21,16,Call,90.00,-2.88%,1.7,2.1,519,4064,+122.56%,0.13,39.91%,0.387598,2026-08-05
INTC,101.06,2026-08-21,16,Put,88.00,-12.92%,1.77,2.05,204,1802,+122.19%,0.11,82.26%,-0.18489,2026-08-05
PLOW,45.63,2026-08-21,16,Call,50.00,-9.58%,0.2,0.35,151,1302,+122.18%,0.12,39.71%,0.146016,2026-08-05
KOPN,3.95,2026-10-16,72,Call,5.00,-26.58%,0.15,0.55,40,8401,+122.07%,0,96.17%,0.373994,2026-08-05
GOOGL,362.43,2026-08-14,9,Put,340.00,-6.19%,1.26,1.49,691,1610,+122.07%,0.43,37.10%,-0.127362,2026-08-05
CLBK,10.77,2026-10-16,72,Put,10.00,-7.15%,0.2,0.3,40,2240,+121.78%,0.02,31.30%,-0.258767,2026-08-05
MU,893.19,2026-08-14,9,Call,950.00,-6.36%,30.05,30.85,886,1350,+121.67%,0.66,93.48%,0.366626,2026-08-05
CRWD,209.86,2026-08-07,2,Call,217.50,-3.64%,1.32,1.57,486,1578,+121.63%,0.31,66.48%,0.242553,2026-08-05
CVNA,69.48,2026-09-18,44,Call,70.00,-0.75%,5.45,5.9,2098,4266,+121.50%,0.49,60.06%,0.535837,2026-08-05
ORCL,144.39,2026-11-20,107,Call,145.00,-0.42%,20.55,22,120,6196,+121.13%,0.02,68.28%,0.574222,2026-08-05
HL,16.54,2026-08-07,2,Call,15.50,+6.29%,0.78,1.39,1643,9105,+120.89%,0.18,70.30%,0.899321,2026-08-05
NVDA,219.22,2026-08-10,5,Call,210.00,+4.21%,9.5,10.25,1471,7096,+120.72%,0.21,33.41%,0.870631,2026-08-05
HAS,91.16,2026-08-21,16,Call,90.00,+1.27%,1.7,4.4,130,1408,+120.34%,0.09,31.95%,0.589747,2026-08-05
DIS,101.76,2027-01-15,163,Put,75.00,-26.30%,0.62,0.7,15,2668,+120.13%,0.01,32.62%,-0.062732,2026-08-05
PCG,17.2,2027-06-17,316,Call,20.00,-16.28%,0.53,2.04,237,1241,+120.04%,0.19,33.50%,0.39751,2026-08-05
APLD,29.87,2026-08-07,2,Call,33.50,-12.15%,0.08,0.11,356,1386,+120.00%,0.26,110.53%,0.08715,2026-08-05
NVDA,219.22,2026-08-14,9,Call,215.00,+1.93%,7.75,7.9,14959,15797,+119.98%,0.95,39.34%,0.639847,2026-08-05
ORCL,144.39,2026-08-14,9,Put,125.00,-13.43%,0.5,0.57,141,1612,+119.92%,0.09,66.66%,-0.075623,2026-08-05
WBD,25.97,2028-12-15,863,Call,30.00,-15.52%,0.06,2,290,2684,+119.82%,0.11,9.54%,0.408377,2026-08-05
PINS,23.36,2026-08-07,2,Put,22.50,-3.68%,0.15,0.19,772,1453,+119.49%,0.53,71.54%,-0.230194,2026-08-05
AAPL,311,2026-08-07,2,Put,305.00,-1.93%,0.8,0.88,13865,7959,+119.08%,1.74,32.12%,-0.200973,2026-08-05
XYZ,84.2,2028-12-15,863,Put,115.00,+36.58%,40.8,42.3,75,3700,+117.65%,0.02,49.52%,-0.510889,2026-08-05
STLA,5.63,2026-09-18,44,Call,6.00,-6.57%,0.2,0.3,65,6454,+117.38%,0.01,49.64%,0.398506,2026-08-05
XYZ,84.2,2028-12-15,863,Call,115.00,-36.58%,18,19.85,287,3715,+117.12%,0.08,49.39%,0.539915,2026-08-05
MSFT,487.46,2026-11-20,107,Put,500.00,+2.57%,37.75,39.75,159,1113,+116.96%,0.14,32.27%,-0.509473,2026-08-05
CLW,22.76,2026-08-21,16,Call,25.00,-9.84%,0.35,0.4,414,1807,+116.41%,0.23,58.15%,0.242841,2026-08-05
CRWV,89.89,2027-01-15,163,Call,240.00,-166.99%,2.34,2.77,3,5991,+116.20%,0,95.49%,0.116447,2026-08-05
OXY,53.81,2026-10-16,72,Put,55.00,+2.21%,3.85,3.95,66,1649,+116.12%,0.04,35.10%,-0.517254,2026-08-05
RDDT,155.26,2026-08-21,16,Put,150.00,-3.39%,5.3,5.85,831,1909,+115.95%,0.44,62.97%,-0.367902,2026-08-05
QCOM,157.53,2026-10-16,72,Call,190.00,-20.61%,5.45,6.75,41,1054,+115.54%,0.04,57.90%,0.276501,2026-08-05
RDDT,155.26,2026-08-07,2,Call,165.00,-6.27%,0.61,0.67,600,2202,+115.46%,0.27,75.81%,0.146224,2026-08-05
PLTR,158.43,2026-08-14,9,Call,175.00,-10.46%,0.9,0.96,3756,2445,+115.04%,1.54,55.41%,0.137941,2026-08-05
SN,182.11,2026-08-21,16,Put,155.00,-14.89%,0.35,0.75,31,3370,+114.79%,0.01,52.16%,-0.061298,2026-08-05
XOM,151.63,2026-09-18,44,Call,175.00,-15.41%,0.46,0.64,243,15413,+114.73%,0.02,28.58%,0.083173,2026-08-05
PLTR,158.43,2026-08-14,9,Call,180.00,-13.61%,0.5,0.55,4406,2641,+114.54%,1.67,56.76%,0.084148,2026-08-05
ASTS,68.38,2026-08-14,9,Call,85.00,-24.31%,1.3,1.38,195,1049,+114.52%,0.19,136.92%,0.183951,2026-08-05
UPS,107.7,2026-08-07,2,Call,110.00,-2.14%,0.2,0.27,333,1129,+113.83%,0.29,30.80%,0.178635,2026-08-05
MARA,11.24,2026-08-21,16,Put,10.00,-11.03%,0.32,0.38,313,10490,+113.43%,0.03,94.00%,-0.242116,2026-08-05
BB,8.73,2026-09-18,44,Put,10.00,+14.55%,1.44,1.75,4,2902,+113.38%,0,64.87%,-0.685279,2026-08-05
SPCX,108.27,2026-08-07,2,Call,148.00,-36.70%,0.17,0.2,1089,1105,+112.91%,0.99,214.33%,0.029415,2026-08-05
BIDU,111.11,2026-08-21,16,Put,101.00,-9.10%,1.29,1.58,567,4281,+112.77%,0.13,56.19%,-0.188918,2026-08-05
DIS,101.76,2026-08-07,2,Call,103.00,-1.22%,0.49,0.64,1862,1428,+112.18%,1.3,35.45%,0.327367,2026-08-05
NVO,44.53,2026-10-16,72,Call,42.50,+4.56%,3.65,3.85,107,1701,+112.09%,0.06,36.53%,0.627657,2026-08-05
SPCX,108.27,2026-08-07,2,Call,144.00,-33.00%,0.2,0.24,674,1242,+111.95%,0.54,204.77%,0.035599,2026-08-05
HPQ,28.52,2026-08-07,2,Call,28.00,+1.82%,0.63,0.96,85,2501,+111.95%,0.03,59.02%,0.67086,2026-08-05
UBER,68.18,2026-08-14,9,Call,75.00,-10.00%,0.12,0.14,1496,1695,+111.61%,0.88,39.96%,0.070298,2026-08-05
ANET,197.31,2026-08-07,2,Call,210.00,-6.43%,0.94,1.35,2398,1724,+111.53%,1.39,86.42%,0.173755,2026-08-05
ORCL,144.39,2026-08-07,2,Call,162.50,-12.54%,0.08,0.1,383,2221,+111.52%,0.17,81.78%,0.027456,2026-08-05
AVGO,418.28,2026-08-07,2,Call,450.00,-7.58%,0.31,0.4,2258,2004,+111.39%,1.13,58.43%,0.047998,2026-08-05
SMCI,30.32,2027-06-17,316,Call,50.00,-64.91%,5.45,6.3,35,4381,+111.34%,0.01,92.99%,0.4579,2026-08-05
PLTR,158.43,2026-08-28,23,Call,180.00,-13.61%,1.79,1.99,873,1615,+111.11%,0.54,51.20%,0.181085,2026-08-05
NVDA,219.22,2026-08-10,5,Put,195.00,-11.05%,0.09,0.11,6090,2685,+110.92%,2.27,49.94%,-0.020728,2026-08-05
HD,353.14,2026-08-21,16,Put,295.00,-16.46%,0.1,0.47,10,1214,+110.76%,0.01,44.06%,-0.022695,2026-08-05
HIMS,31.65,2026-08-14,9,Call,33.00,-4.27%,1.95,2.16,759,1392,+110.59%,0.55,131.84%,0.46257,2026-08-05
FCX,69.39,2026-08-07,2,Call,70.00,-0.88%,0.9,1.12,823,2322,+110.52%,0.35,62.57%,0.435413,2026-08-05
WBD,25.97,2026-08-07,2,Put,26.00,+0.12%,0.1,0.43,124,3457,+110.41%,0.04,32.85%,-0.511495,2026-08-05
META,588.77,2026-08-07,2,Call,620.00,-5.30%,1.04,1.16,3848,2438,+110.35%,1.58,53.66%,0.100799,2026-08-05
CRWV,89.89,2026-08-07,2,Put,93.00,+3.46%,4.75,5.2,290,1825,+110.25%,0.16,118.28%,-0.634242,2026-08-05
ORCL,144.39,2026-08-07,2,Put,145.00,+0.42%,3.25,3.5,720,1086,+110.06%,0.66,71.84%,-0.520241,2026-08-05
CLSK,13.5,2026-08-28,23,Call,18.00,-33.33%,0.12,0.66,817,5654,+109.87%,0.14,116.03%,0.202057,2026-08-05
NBIS,218.99,2026-08-07,2,Put,210.00,-4.11%,5.25,6.05,1048,1234,+109.86%,0.85,149.91%,-0.33184,2026-08-05
CDE,17.43,2026-08-28,23,Call,17.50,-0.40%,1.2,1.4,41,2314,+109.22%,0.02,75.54%,0.533401,2026-08-05
BETA,22.2,2026-08-21,16,Call,22.50,-1.35%,1.3,1.65,25,9452,+109.07%,0,86.09%,0.509762,2026-08-05
ARM,274.58,2026-08-07,2,Call,300.00,-9.26%,1.51,1.8,2216,2084,+109.03%,1.06,110.08%,0.148366,2026-08-05
DDOG,283.17,2026-09-18,44,Call,280.00,+1.12%,30,33.3,66,1075,+108.74%,0.06,75.74%,0.575856,2026-08-05
WMT,112.34,2026-08-14,9,Call,112.00,+0.30%,2.1,2.2,756,1319,+108.70%,0.57,27.56%,0.542637,2026-08-05
IBM,235.92,2026-10-16,72,Put,220.00,-6.75%,9.05,9.8,1014,3845,+108.29%,0.26,40.53%,-0.311974,2026-08-05
CRWV,89.89,2026-08-14,9,Call,100.00,-11.25%,3.75,4,1481,5119,+108.00%,0.29,133.16%,0.344209,2026-08-05
SPCX,108.27,2026-08-28,23,Put,110.00,+1.60%,11.2,11.4,1505,2921,+107.90%,0.52,96.66%,-0.474828,2026-08-05
BX,136.03,2026-11-20,107,Put,115.00,-15.46%,3.05,3.35,22,1138,+107.66%,0.02,39.38%,-0.182462,2026-08-05
CIFR,18.71,2026-08-07,2,Call,22.00,-17.58%,0.09,0.12,1628,1644,+107.58%,0.99,164.23%,0.102015,2026-08-05
OWL,11.55,2026-08-14,9,Call,11.50,+0.43%,0.3,0.4,142,2225,+107.56%,0.06,45.72%,0.533338,2026-08-05
BIDU,111.11,2026-08-14,9,Put,101.00,-9.10%,0.27,0.47,268,2150,+107.33%,0.12,47.60%,-0.092632,2026-08-05
TMDX,76.49,2026-08-21,16,Call,90.00,-17.66%,0.4,0.9,616,1291,+106.56%,0.48,64.89%,0.131854,2026-08-05
SPCX,108.27,2026-08-07,2,Call,138.00,-27.46%,0.3,0.32,1177,1686,+106.36%,0.7,191.66%,0.050728,2026-08-05
CORZ,21.77,2026-08-21,16,Put,23.00,+5.65%,2.21,2.39,1,1240,+106.32%,0,87.44%,-0.58033,2026-08-05
RXT,4.75,2026-09-18,44,Call,7.00,-47.37%,0.15,0.65,514,1202,+106.17%,0.43,150.87%,0.319206,2026-08-05
NVDA,219.22,2026-08-12,7,Call,212.50,+3.07%,8.35,9.2,2332,1047,+106.10%,2.23,38.22%,0.734383,2026-08-05
FLUT,92.91,2026-08-21,16,Put,95.00,+2.25%,4.4,6.6,2875,3520,+106.09%,0.82,56.80%,-0.546919,2026-08-05
SNDK,1350.5,2026-08-07,2,Call,"1,450.00",-7.37%,44.6,47.7,2197,1215,+105.93%,1.81,210.47%,0.353015,2026-08-05
HPE,53.22,2026-08-07,2,Call,57.00,-7.10%,0.13,0.39,637,1365,+105.88%,0.47,86.84%,0.15074,2026-08-05
ORCL,144.39,2026-08-07,2,Call,152.50,-5.62%,0.62,0.73,1739,3147,+105.42%,0.55,73.70%,0.165451,2026-08-05
MU,893.19,2026-08-14,9,Call,"1,100.00",-23.15%,5.9,6.15,1361,1763,+105.00%,0.77,97.07%,0.099487,2026-08-05
ECHO,87.73,2026-08-21,16,Call,95.00,-8.29%,0.55,3,5,1311,+104.84%,0,58.55%,0.282564,2026-08-05
NFLX,74.2,2026-08-14,9,Call,69.00,+7.01%,4.35,5.75,100,1138,+104.68%,0.09,20.33%,0.98983,2026-08-05
FCX,69.39,2026-08-07,2,Call,68.00,+2.00%,1.97,2.31,89,1782,+104.12%,0.05,65.27%,0.672233,2026-08-05
NEE,85.91,2026-08-21,16,Put,85.00,-1.06%,1.06,1.22,140,3901,+103.71%,0.04,21.93%,-0.39661,2026-08-05
BULL,7.38,2026-08-07,2,Call,7.50,-1.63%,0.11,0.16,4377,7059,+103.66%,0.62,85.76%,0.413224,2026-08-05
MU,893.19,2026-08-07,2,Call,890.00,+0.36%,31.1,33,1343,1412,+103.17%,0.95,115.28%,0.534618,2026-08-05
B,41.05,2026-08-14,9,Call,40.00,+2.56%,1.86,2.35,1893,2895,+103.02%,0.65,59.58%,0.628617,2026-08-05
NVTS,12.35,2026-08-14,9,Call,15.00,-21.46%,0.17,0.28,204,1686,+102.89%,0.12,124.45%,0.18604,2026-08-05
F,14.13,2026-08-14,9,Call,14.50,-2.62%,0.12,0.14,1671,3057,+102.72%,0.55,30.92%,0.304567,2026-08-05
CRWV,89.89,2026-08-07,2,Call,105.00,-16.81%,0.16,0.18,825,4355,+102.65%,0.19,124.46%,0.050685,2026-08-05
TE,5.47,2026-10-16,72,Call,7.00,-27.97%,0.9,1.1,291,3476,+102.33%,0.08,152.08%,0.493354,2026-08-05
ANET,197.31,2026-08-07,2,Call,200.00,-1.36%,3.5,4.15,8071,5920,+102.32%,1.36,85.93%,0.429369,2026-08-05
AAPL,311,2026-09-18,44,Put,340.00,+9.32%,29.9,31.65,4,4066,+102.29%,0,26.24%,-0.830798,2026-08-05
OKLO,42.99,2026-09-18,44,Put,35.00,-18.59%,1.81,2,3169,5710,+102.12%,0.55,92.41%,-0.207978,2026-08-05
LITE,826.26,2026-08-07,2,Put,680.00,-17.70%,0.4,2.35,24,1433,+101.83%,0.02,151.05%,-0.035938,2026-08-05
DOW,29.67,2026-08-14,9,Put,28.50,-3.94%,0.31,0.38,19,7540,+101.71%,0,43.66%,-0.268087,2026-08-05
TSLA,321.55,2026-08-07,2,Put,330.00,+2.63%,9.9,10.25,19484,2789,+101.66%,6.99,49.29%,-0.754865,2026-08-05
TSCO,33.41,2026-12-18,135,Put,30.00,-10.21%,1.5,2,4,1502,+101.61%,0,42.10%,-0.285151,2026-08-05
TSM,414,2026-08-07,2,Put,382.50,-7.61%,0.08,0.39,291,1281,+101.42%,0.23,58.83%,-0.032716,2026-08-05
MRVL,211.02,2026-08-14,9,Call,200.00,+5.22%,17.75,19.7,171,1065,+101.32%,0.16,95.92%,0.669002,2026-08-05
TCOM,45.96,2026-08-21,16,Put,45.00,-2.09%,0.85,1,43,4138,+101.17%,0.01,35.84%,-0.372314,2026-08-05
MSFT,487.46,2026-08-07,2,Call,510.00,-4.62%,0.36,0.4,3734,2994,+100.94%,1.25,39.29%,0.062478,2026-08-05
LUMN,6.08,2026-10-16,72,Call,11.00,-80.92%,0.07,0.13,500,4985,+100.68%,0.1,93.23%,0.098495,2026-08-05
NVDA,219.22,2026-08-10,5,Call,225.00,-2.64%,1.47,1.53,9438,1749,+100.57%,5.4,35.31%,0.274714,2026-08-05
NU,14.48,2026-11-20,107,Call,15.00,-3.59%,1.3,1.36,225,5740,+100.56%,0.04,47.50%,0.514058,2026-08-05
VRT,277.94,2026-08-07,2,Call,275.00,+1.06%,8.65,10.25,75,1157,+100.52%,0.06,96.34%,0.574369,2026-08-05
CORZ,21.77,2026-09-11,37,Call,31.00,-42.40%,0.08,0.61,7,2400,+100.00%,0,86.54%,0.128926,2026-08-05
HL,16.54,2028-01-21,534,Put,27.00,+63.24%,10,13.8,2001,2001,+99.90%,1,60.97%,-0.626488,2026-08-05
SPCX,108.27,2026-08-07,2,Call,126.00,-16.38%,0.82,0.86,4240,1659,+99.88%,2.56,171.34%,0.129062,2026-08-05
AMD,482.05,2028-01-21,534,Put,440.00,-8.72%,110.25,118,2,1822,+99.56%,0,67.89%,-0.286233,2026-08-05
RKLB,74.82,2028-01-21,534,Call,135.00,-80.43%,19.25,20.7,3,1149,+99.48%,0,90.25%,0.523732,2026-08-05
MDT,85.99,2026-08-14,9,Call,88.00,-2.34%,0,1.46,4,1773,+99.44%,0,28.04%,0.307931,2026-08-05
SOFI,18.25,2026-08-21,16,Call,20.50,-12.33%,0.13,0.16,675,2297,+99.22%,0.29,50.56%,0.151418,2026-08-05
META,588.77,2026-08-07,2,Call,610.00,-3.61%,2.06,2.29,9554,2721,+99.19%,3.51,51.35%,0.181833,2026-08-05
BABA,128.53,2026-08-07,2,Put,125.00,-2.75%,0.39,0.54,2579,1527,+99.09%,1.69,44.61%,-0.194661,2026-08-05
APLD,29.87,2026-08-14,9,Call,40.00,-33.91%,0.1,0.12,122,1329,+98.95%,0.09,109.45%,0.053927,2026-08-05
FCX,69.39,2026-11-20,107,Put,45.00,-35.15%,0.34,0.72,5,4311,+98.85%,0,55.71%,-0.053233,2026-08-05
PLTR,158.43,2026-08-28,23,Call,140.00,+11.63%,20.1,20.8,139,2005,+98.71%,0.07,51.72%,0.849725,2026-08-05
PLTR,158.43,2026-08-07,2,Call,147.00,+7.21%,11.45,11.95,286,3347,+98.52%,0.09,68.75%,0.933293,2026-08-05
UNH,412.75,2026-08-14,9,Call,440.00,-6.60%,0.72,0.87,240,1520,+98.43%,0.16,29.76%,0.090476,2026-08-05
FCX,69.39,2027-03-19,226,Call,80.00,-15.29%,6.7,9.45,42,1427,+97.92%,0.03,52.66%,0.461886,2026-08-05
SPCX,108.27,2026-08-07,2,Put,112.00,+3.45%,7.1,7.3,13768,4801,+97.65%,2.87,157.94%,-0.590961,2026-08-05
NOK,9.58,2026-09-04,30,Call,12.00,-25.26%,0.16,0.18,155,1124,+97.54%,0.14,73.95%,0.171557,2026-08-05
DKNG,21.76,2026-08-07,2,Call,24.50,-12.59%,0.16,0.27,514,1764,+97.09%,0.29,156.89%,0.168142,2026-08-05
GLW,156.7,2026-08-21,16,Call,170.00,-8.49%,4.95,5.85,127,2554,+97.07%,0.05,78.56%,0.342515,2026-08-05
RIVN,15.56,2026-08-21,16,Call,18.00,-15.68%,0.11,0.14,5641,10967,+97.00%,0.51,59.15%,0.135301,2026-08-05
NKE,42.45,2026-08-07,2,Call,42.00,+1.06%,0.73,0.78,2432,2629,+96.93%,0.93,39.97%,0.646007,2026-08-05
KO,86.83,2026-11-20,107,Call,82.50,+4.99%,6.6,7.25,27,3154,+96.88%,0.01,23.20%,0.687848,2026-08-05
RBLX,36.19,2026-11-20,107,Call,50.00,-38.16%,1.96,2.06,15,1370,+96.84%,0.01,72.78%,0.275999,2026-08-05
RDDT,155.26,2026-08-07,2,Put,150.00,-3.39%,1.15,1.4,460,1110,+96.81%,0.41,72.33%,-0.250181,2026-08-05
KTOS,55.34,2026-11-20,107,Call,50.00,+9.65%,11.6,13.1,74,1104,+96.44%,0.07,81.12%,0.683095,2026-08-05
WFC,89.17,2026-08-07,2,Call,89.00,+0.19%,0.64,0.86,635,1269,+96.44%,0.5,24.99%,0.546618,2026-08-05
TSLA,321.55,2028-01-21,534,Put,270.00,-16.03%,40.1,41.1,10,2429,+95.89%,0,49.75%,-0.254655,2026-08-05
SMCI,30.32,2026-08-07,2,Put,30.00,-1.06%,0.67,0.71,1974,1696,+95.62%,1.16,94.65%,-0.425093,2026-08-05
UBER,68.18,2026-08-07,2,Put,65.00,-4.66%,0.09,0.11,4065,6636,+95.58%,0.61,48.40%,-0.087489,2026-08-05
SPCX,108.27,2026-08-07,2,Put,125.00,+15.45%,17.45,18.15,10164,11237,+94.71%,0.9,178.90%,-0.845785,2026-08-05
NVDA,219.22,2027-02-19,198,Call,250.00,-14.04%,16.4,16.95,2261,2862,+94.56%,0.79,40.96%,0.41147,2026-08-05
F,14.13,2026-08-14,9,Put,13.50,-4.46%,0.1,0.11,80,1383,+94.51%,0.06,37.89%,-0.213306,2026-08-05
ORCL,144.39,2026-09-18,44,Put,105.00,-27.28%,1.68,1.92,101,8381,+94.14%,0.01,76.68%,-0.090102,2026-08-05
U,35.47,2026-08-07,2,Call,40.00,-12.77%,1.03,1.18,4390,2841,+94.06%,1.55,252.43%,0.291556,2026-08-05
UBER,68.18,2026-08-07,2,Put,68.00,-0.26%,0.74,0.9,5062,2553,+93.85%,1.98,45.40%,-0.460028,2026-08-05
SPCX,108.27,2026-08-21,16,Call,135.00,-24.69%,2.37,2.47,3747,17590,+93.79%,0.21,108.24%,0.196719,2026-08-05
WMB,71.81,2026-09-11,37,Put,64.00,-10.88%,0.3,0.5,3,34879,+93.68%,0,31.14%,-0.111183,2026-08-05
FLUT,92.91,2026-08-21,16,Call,120.00,-29.16%,0,0.3,221,1279,+93.49%,0.17,63.50%,0.032453,2026-08-05
OPEN,3.76,2026-08-14,9,Call,4.00,-6.38%,0.09,0.11,6321,3639,+93.46%,1.74,80.73%,0.338075,2026-08-05
QCOM,157.53,2026-08-07,2,Call,165.00,-4.74%,0.61,0.85,1043,1803,+93.25%,0.58,66.16%,0.178715,2026-08-05
AAPL,311,2026-08-07,2,Call,300.00,+3.54%,11.05,11.65,2921,5061,+93.24%,0.58,35.12%,0.920009,2026-08-05
SOFI,18.25,2026-08-07,2,Put,19.00,+4.11%,0.8,0.87,2390,1165,+93.20%,2.05,61.49%,-0.805208,2026-08-05
WYNN,101.15,2026-08-21,16,Call,115.00,-13.69%,0.05,0.64,36,1215,+93.16%,0.03,42.97%,0.085551,2026-08-05
ICE,149.84,2026-08-21,16,Put,152.50,+1.78%,5,5.6,35,1016,+93.16%,0.03,30.96%,-0.590172,2026-08-05
FLUT,92.91,2026-08-21,16,Put,100.00,+7.63%,7.8,10.3,2236,4343,+93.02%,0.51,59.51%,-0.698918,2026-08-05
NFLX,74.2,2026-09-18,44,Call,74.00,+0.27%,3.85,4,430,3861,+92.95%,0.11,35.70%,0.547695,2026-08-05
HL,16.54,2026-09-18,44,Call,18.00,-8.83%,1,1.07,562,5205,+92.92%,0.11,68.66%,0.413885,2026-08-05
TSM,414,2026-08-07,2,Put,380.00,-8.21%,0.13,0.25,446,2987,+92.71%,0.15,60.60%,-0.026439,2026-08-05
TSLA,321.55,2026-08-14,9,Call,350.00,-8.85%,1.55,1.58,4689,5341,+92.68%,0.88,46.88%,0.135049,2026-08-05
CAT,871.08,2026-09-18,44,Call,"1,100.00",-26.28%,3.65,5.85,91,3113,+92.52%,0.03,44.95%,0.081601,2026-08-05
XOM,151.63,2026-11-20,107,Call,155.00,-2.22%,7.9,8.2,73,3721,+92.50%,0.02,28.66%,0.47948,2026-08-05
BKNG,207.02,2026-08-07,2,Call,215.00,-3.85%,0.3,1.25,581,4106,+92.41%,0.14,53.80%,0.177197,2026-08-05
MU,893.19,2026-08-07,2,Put,890.00,-0.36%,28.25,30,1034,1294,+92.27%,0.8,116.91%,-0.465541,2026-08-05
FRO,37.97,2027-01-15,163,Put,32.00,-15.72%,2.8,3.4,1,1038,+92.22%,0,54.76%,-0.284159,2026-08-05
TSLA,321.55,2026-08-10,5,Call,335.00,-4.18%,1.68,1.73,2596,1047,+92.11%,2.48,40.57%,0.203564,2026-08-05
SPCX,108.27,2026-09-18,44,Put,80.00,-26.11%,2.37,2.47,5002,4847,+91.96%,1.03,89.16%,-0.126049,2026-08-05
AAPL,311,2026-08-10,5,Call,307.50,+1.13%,5.4,5.8,2317,6213,+91.88%,0.37,24.13%,0.666692,2026-08-05
UPST,30.2,2026-09-18,44,Call,42.50,-40.73%,0.3,0.46,44,2728,+91.71%,0.02,72.78%,0.113492,2026-08-05
ARM,274.58,2026-08-21,16,Call,400.00,-45.68%,0.88,1.25,830,9545,+91.63%,0.09,100.92%,0.047724,2026-08-05
SOFI,18.25,2026-08-14,9,Put,17.00,-6.85%,0.13,0.14,1369,4811,+91.37%,0.28,49.97%,-0.170101,2026-08-05
CRWV,89.89,2026-09-18,44,Put,90.00,+0.12%,12.25,12.55,84,9997,+91.11%,0.01,101.20%,-0.427891,2026-08-05
JBLU,6.36,2026-08-21,16,Call,6.50,-2.20%,0.2,0.33,73,16161,+91.07%,0,60.74%,0.462105,2026-08-05
PEP,138.78,2026-08-07,2,Call,140.00,-0.88%,0.53,1,134,2119,+91.07%,0.06,31.23%,0.356277,2026-08-05
SPCX,108.27,2028-06-16,681,Call,150.00,-38.54%,29.9,32.9,51,1234,+91.02%,0.04,69.89%,0.585164,2026-08-05
HPE,53.22,2026-09-18,44,Put,35.00,-34.24%,0.33,0.72,495,1076,+90.78%,0.46,89.15%,-0.064416,2026-08-05
NVDA,219.22,2026-08-10,5,Call,212.50,+3.07%,7.45,8.45,2173,2819,+90.73%,0.77,35.26%,0.783921,2026-08-05
GME,19.01,2028-01-21,534,Put,13.00,-31.61%,0.82,2.62,8,1147,+90.53%,0.01,52.34%,-0.181665,2026-08-05
CMG,34.5,2026-08-07,2,Call,36.00,-4.35%,0.08,0.14,453,2745,+90.49%,0.17,54.90%,0.153365,2026-08-05
RKLB,74.82,2026-08-07,2,Put,70.00,-6.44%,0.53,0.64,1635,1969,+90.43%,0.83,103.42%,-0.181265,2026-08-05
AMZN,272.65,2026-08-07,2,Call,277.50,-1.78%,1.34,1.45,11137,5243,+90.24%,2.12,39.95%,0.282688,2026-08-05
RKLB,74.82,2026-12-18,135,Call,150.00,-100.48%,3.6,4,108,3771,+90.07%,0.03,97.74%,0.197905,2026-08-05
ON,76.91,2026-08-21,16,Call,100.00,-30.02%,0.11,0.5,43,3727,+89.86%,0.01,76.56%,0.060836,2026-08-05
PGY,21.8,2026-08-21,16,Put,21.00,-3.67%,0.65,1.15,594,3462,+89.80%,0.17,71.29%,-0.369185,2026-08-05
ONDS,8.87,2026-08-07,2,Put,8.50,-4.17%,0.12,0.14,2004,4439,+89.78%,0.45,108.07%,-0.28269,2026-08-05
C,137.64,2026-10-16,72,Put,115.00,-16.45%,0.82,1.31,10,4169,+89.50%,0,34.34%,-0.100351,2026-08-05
AG,17.61,2026-08-07,2,Call,16.50,+6.30%,1.14,1.29,3331,4427,+89.27%,0.75,91.23%,0.841477,2026-08-05
JNJ,257.59,2026-08-07,2,Call,260.00,-0.94%,1.05,1.58,900,3761,+89.09%,0.24,30.30%,0.344486,2026-08-05
NVDA,219.22,2026-08-21,16,Call,232.50,-6.06%,2.43,2.48,3528,1478,+89.00%,2.39,37.90%,0.246902,2026-08-05
BIDU,111.11,2026-09-18,44,Put,85.00,-23.50%,0.45,0.84,610,1451,+88.93%,0.42,55.07%,-0.064514,2026-08-05
VST,140.58,2026-08-14,9,Call,170.00,-20.93%,0.33,0.5,269,1564,+88.89%,0.17,74.98%,0.060711,2026-08-05
NVO,44.53,2027-03-19,226,Call,55.00,-23.51%,2.42,2.71,116,2934,+88.80%,0.04,44.60%,0.304548,2026-08-05
CMG,34.5,2026-08-07,2,Put,33.00,-4.35%,0.08,0.11,547,1091,+88.75%,0.5,55.01%,-0.132105,2026-08-05
TSLA,321.55,2026-09-18,44,Call,335.00,-4.18%,14.25,14.4,1267,1418,+88.56%,0.89,43.54%,0.434089,2026-08-05
AMZN,272.65,2026-08-21,16,Put,275.00,+0.86%,8.15,8.5,975,4338,+88.53%,0.22,31.92%,-0.530995,2026-08-05
DT,50.86,2026-08-21,16,Put,42.50,-16.44%,0,0.5,419,4669,+88.49%,0.09,63.77%,-0.077397,2026-08-05
ASPI,4.05,2026-08-21,16,Call,4.00,+1.23%,0.35,0.55,3,5997,+88.47%,0,125.76%,0.573337,2026-08-05
B,41.05,2026-08-07,2,Call,39.00,+4.99%,2,2.27,239,1285,+88.42%,0.19,55.10%,0.899506,2026-08-05
CSGP,30.21,2026-12-18,135,Put,25.00,-17.25%,1.35,1.95,24,5608,+88.38%,0,57.38%,-0.226302,2026-08-05
AAPL,311,2026-08-28,23,Call,335.00,-7.72%,1.37,1.55,588,2219,+88.37%,0.26,26.21%,0.143287,2026-08-05
NVDA,219.22,2026-08-12,7,Call,220.00,-0.36%,4.15,4.3,3122,1335,+88.03%,2.34,37.45%,0.487659,2026-08-05
AMZN,272.65,2026-08-07,2,Put,262.50,-3.72%,0.4,0.46,3303,4096,+87.98%,0.81,41.67%,-0.105424,2026-08-05
PLTR,158.43,2027-01-15,163,Put,155.00,-2.16%,19.15,19.45,177,3342,+87.96%,0.05,53.37%,-0.392247,2026-08-05
HOOD,92.8,2026-08-14,9,Put,80.00,-13.79%,0.31,0.57,293,1505,+87.89%,0.19,72.69%,-0.086182,2026-08-05
SKHY,151.03,2026-08-14,9,Put,100.00,-33.79%,0.15,0.35,405,1018,+87.82%,0.4,134.79%,-0.019809,2026-08-05
SANM,199.17,2026-08-21,16,Call,220.00,-10.46%,4.8,8.1,6,1538,+87.79%,0,82.72%,0.316087,2026-08-05
CDE,17.43,2026-08-14,9,Call,16.00,+8.20%,1.65,2,27,1254,+87.72%,0.02,89.14%,0.753952,2026-08-05
OKTA,147.04,2026-08-07,2,Call,150.00,-2.01%,1.34,1.94,62,1003,+87.48%,0.06,65.46%,0.350841,2026-08-05
KHC,25.73,2028-01-21,534,Put,25.00,-2.84%,1.9,4.55,8,4293,+87.39%,0,28.43%,-0.397527,2026-08-05
AAPL,311,2026-08-07,2,Call,312.50,-0.48%,2.17,2.31,30175,7965,+87.28%,3.79,31.56%,0.425974,2026-08-05
SPCX,108.27,2026-11-20,107,Call,450.00,-315.63%,0.34,0.44,637,1366,+87.12%,0.47,110.63%,0.019717,2026-08-05
PATH,13.82,2027-01-15,163,Call,35.00,-153.26%,0.12,0.36,48,3078,+87.11%,0.02,82.58%,0.084301,2026-08-05
META,588.77,2026-08-28,23,Call,700.00,-18.89%,1.59,1.79,672,1246,+87.09%,0.54,43.11%,0.06352,2026-08-05
COIN,149.89,2026-11-20,107,Put,130.00,-13.27%,11.75,13.85,4,1513,+87.02%,0,72.96%,-0.280618,2026-08-05
BA,240.19,2027-01-15,163,Put,195.00,-18.81%,4.45,6.05,2,4588,+86.66%,0,35.67%,-0.156258,2026-08-05
SPCX,108.27,2027-03-19,226,Put,100.00,-7.64%,18.6,19.25,95,7600,+86.05%,0.01,74.46%,-0.3236,2026-08-05
JPM,359.24,2026-08-21,16,Call,365.00,-1.60%,3.7,4.3,167,5279,+85.95%,0.03,21.03%,0.374352,2026-08-05
FLUT,92.91,2026-08-21,16,Put,105.00,+13.01%,12.1,14.6,2093,1865,+85.94%,1.12,65.30%,-0.795103,2026-08-05
XOM,151.63,2026-08-07,2,Put,152.50,+0.57%,1.86,2.2,1062,1426,+85.92%,0.74,34.76%,-0.582292,2026-08-05
IBM,235.92,2026-08-14,9,Call,235.00,+0.39%,5.45,5.95,478,1615,+85.85%,0.3,35.31%,0.540161,2026-08-05
SPCX,108.27,2026-08-07,2,Put,90.00,-16.87%,0.29,0.3,44499,43238,+85.76%,1.03,159.80%,-0.052275,2026-08-05
GPN,87.48,2026-08-21,16,Call,95.00,-8.60%,0.7,0.85,41,1979,+85.65%,0.02,42.16%,0.189917,2026-08-05
ALAB,318.43,2026-08-07,2,Put,320.00,+0.49%,10.15,13.9,646,1162,+85.62%,0.56,119.42%,-0.50384,2026-08-05
DASH,207.27,2026-08-07,2,Call,210.00,-1.32%,8.1,10.9,204,1239,+85.48%,0.16,175.29%,0.486258,2026-08-05
SKHY,151.03,2026-08-21,16,Put,135.00,-10.61%,5.9,6.6,92,4425,+85.30%,0.02,107.18%,-0.268155,2026-08-05
SMCI,30.32,2026-08-14,9,Call,45.00,-48.42%,0.15,0.21,233,2010,+85.25%,0.12,151.87%,0.062671,2026-08-05
ANET,197.31,2026-09-18,44,Call,240.00,-21.64%,4.35,4.85,251,1502,+84.98%,0.17,61.14%,0.213152,2026-08-05
MRVL,211.02,2026-11-20,107,Call,440.00,-108.51%,4.3,5.95,1,2132,+84.91%,0,93.41%,0.119256,2026-08-05
BA,240.19,2026-08-07,2,Put,230.00,-4.24%,0.25,0.3,2659,1068,+84.78%,2.49,42.15%,-0.079925,2026-08-05
NVDA,219.22,2026-08-07,2,Put,207.50,-5.35%,0.23,0.24,11382,13111,+84.69%,0.87,49.89%,-0.065434,2026-08-05
TXG,47.46,2026-08-21,16,Call,50.00,-5.35%,1.6,4.9,18,1431,+84.41%,0.01,107.72%,0.455654,2026-08-05
SNDK,1350.5,2026-08-07,2,Put,"1,100.00",-18.55%,7.8,9,2583,1874,+84.09%,1.38,211.12%,-0.081927,2026-08-05
SHOP,144.24,2026-08-07,2,Call,140.00,+2.94%,5.45,5.95,1374,3607,+84.03%,0.38,74.16%,0.717235,2026-08-05
COMP,12.83,2026-08-21,16,Put,11.00,-14.26%,0.1,0.3,84,10595,+84.00%,0.01,81.63%,-0.160036,2026-08-05
UNH,412.75,2026-08-21,16,Put,390.00,-5.51%,2.03,2.41,553,3889,+83.96%,0.14,28.83%,-0.163727,2026-08-05
AG,17.61,2026-08-07,2,Call,17.00,+3.46%,0.72,0.86,1243,2412,+83.56%,0.52,80.88%,0.732959,2026-08-05
DKNG,21.76,2026-08-07,2,Call,24.00,-10.29%,0.28,0.31,6904,4364,+83.44%,1.58,156.73%,0.216243,2026-08-05
ON,76.91,2026-08-07,2,Call,95.00,-23.52%,0.02,0.08,177,3537,+83.26%,0.05,133.68%,0.018629,2026-08-05
COST,941.99,2026-09-11,37,Put,630.00,-33.12%,0.01,1.41,3,1106,+83.11%,0,58.07%,-0.011185,2026-08-05
SOFI,18.25,2026-09-04,30,Call,21.00,-15.07%,0.26,0.28,1370,2781,+83.08%,0.49,51.24%,0.194501,2026-08-05
AMD,482.05,2026-12-18,135,Call,700.00,-45.21%,26.8,28.8,244,2123,+83.02%,0.11,70.85%,0.268486,2026-08-05
CMG,34.5,2026-08-14,9,Call,36.00,-4.35%,0.35,0.52,155,1888,+82.95%,0.08,45.44%,0.291736,2026-08-05
KD,13.9,2026-09-18,44,Put,12.00,-13.67%,0.3,0.45,38,2636,+82.80%,0.01,60.62%,-0.205479,2026-08-05
AMZN,272.65,2026-09-18,44,Call,320.00,-17.37%,1.26,1.39,1088,16697,+82.58%,0.07,32.82%,0.095229,2026-08-05
SHEL,87.76,2026-10-16,72,Put,87.50,-0.30%,3.5,3.7,3,1232,+82.52%,0,24.26%,-0.463946,2026-08-05
UPST,30.2,2026-08-21,16,Put,25.00,-17.22%,0.1,0.42,210,1228,+82.47%,0.17,77.22%,-0.10407,2026-08-05
DIS,101.76,2026-08-07,2,Call,99.00,+2.71%,2.81,3.3,504,1487,+82.45%,0.34,40.47%,0.824768,2026-08-05
TE,5.47,2026-08-07,2,Call,6.00,-9.69%,0.15,0.25,1659,3396,+82.38%,0.49,243.49%,0.336531,2026-08-05
MSFT,487.46,2026-11-20,107,Call,550.00,-12.83%,14.45,15.2,171,4297,+82.23%,0.04,32.97%,0.295296,2026-08-05
ORCL,144.39,2026-08-14,9,Call,162.50,-12.54%,0.82,1.28,157,1210,+82.23%,0.13,66.69%,0.142086,2026-08-05
CIFR,18.71,2026-11-20,107,Put,14.00,-25.17%,1.88,2.19,7,1117,+82.22%,0.01,116.49%,-0.214795,2026-08-05
TOST,34.8,2026-12-18,135,Put,30.00,-13.79%,1.76,2.1,12,1040,+82.14%,0.01,51.45%,-0.252057,2026-08-05
ONDS,8.87,2026-08-14,9,Put,7.00,-21.08%,0.09,0.12,374,2345,+82.07%,0.16,133.25%,-0.107455,2026-08-05
NVDA,219.22,2026-09-04,30,Call,270.00,-23.16%,0.7,0.79,466,1757,+82.07%,0.27,45.10%,0.063458,2026-08-05
CLF,12.65,2026-08-14,9,Call,12.00,+5.14%,0.88,1.05,199,1358,+82.04%,0.15,75.19%,0.694489,2026-08-05
KTOS,55.34,2026-11-20,107,Call,70.00,-26.49%,3.5,4.9,94,1007,+81.77%,0.09,71.98%,0.352243,2026-08-05
PURR,6.82,2026-09-18,44,Call,7.00,-2.64%,0.55,1.05,30,15234,+81.62%,0,91.75%,0.536456,2026-08-05
MSTR,98.37,2026-08-14,9,Call,110.00,-11.82%,1.13,1.2,2018,1895,+81.51%,1.06,75.63%,0.191042,2026-08-05
TENX,13.05,2026-08-21,16,Put,15.00,+14.94%,6.6,7.5,52,5011,+81.49%,0.01,544.58%,-0.326783,2026-08-05
TSM,414,2028-01-21,534,Call,660.00,-59.42%,39.65,42.5,2,1461,+81.49%,0,48.84%,0.336687,2026-08-05
HOOD,92.8,2026-08-07,2,Put,91.00,-1.94%,1.13,1.38,1760,1127,+81.48%,1.56,75.03%,-0.350637,2026-08-05
C,137.64,2026-12-18,135,Call,145.00,-5.35%,7.3,8.15,16,1722,+81.45%,0.01,31.09%,0.441676,2026-08-05
GOOGL,362.43,2026-08-07,2,Call,385.00,-6.23%,0.18,0.23,14696,4979,+81.25%,2.95,46.36%,0.041138,2026-08-05
NFLX,74.2,2026-08-07,2,Call,75.00,-1.08%,0.55,0.57,24506,27311,+81.23%,0.9,40.79%,0.369372,2026-08-05
SPCX,108.27,2026-09-18,44,Put,70.00,-35.35%,1.03,1.1,34362,5805,+81.12%,5.92,92.16%,-0.062283,2026-08-05
COST,941.99,2026-08-21,16,Put,890.00,-5.52%,2.62,3.3,77,1135,+81.02%,0.07,24.32%,-0.122237,2026-08-05
TSM,414,2026-09-18,44,Call,530.00,-28.02%,1.8,2.33,641,2727,+80.84%,0.24,46.00%,0.074255,2026-08-05
ASTI,3.24,2026-08-21,16,Call,5.00,-54.32%,0,0.2,16,1470,+80.81%,0.01,183.70%,0.175741,2026-08-05
SMC,30.19,2026-09-18,44,Call,35.00,-15.93%,0.2,0.4,100,1123,+80.55%,0.09,38.33%,0.152182,2026-08-05
IREN,38.89,2026-08-21,16,Put,41.00,+5.43%,4.6,5,44,2820,+80.54%,0.02,110.72%,-0.542615,2026-08-05
POET,8.09,2026-08-07,2,Call,8.50,-5.07%,0.15,0.17,3407,5100,+80.15%,0.67,132.39%,0.325083,2026-08-05
VSH,33.18,2026-08-21,16,Call,40.00,-20.55%,0.8,1.2,1515,8962,+80.03%,0.17,110.41%,0.245407,2026-08-05
NVDA,219.22,2026-08-10,5,Put,200.00,-8.77%,0.16,0.19,1585,1404,+80.00%,1.13,44.84%,-0.037335,2026-08-05
SPCX,108.27,2027-06-17,316,Call,300.00,-177.09%,4.05,4.75,55,6975,+79.91%,0.01,75.70%,0.147821,2026-08-05
MRVL,211.02,2026-09-18,44,Put,175.00,-17.07%,9.85,10.85,96,2436,+79.78%,0.04,92.27%,-0.224749,2026-08-05
METC,9.24,2026-08-21,16,Put,8.00,-13.42%,0.15,0.2,408,1686,+79.74%,0.24,84.09%,-0.181708,2026-08-05
AVGO,418.28,2026-08-07,2,Call,425.00,-1.61%,3.45,4.75,3021,1772,+79.72%,1.7,55.61%,0.358421,2026-08-05
MRVL,211.02,2026-08-07,2,Put,200.00,-5.22%,2.71,2.95,740,1421,+79.65%,0.52,115.67%,-0.251005,2026-08-05
RBLX,36.19,2026-09-18,44,Put,42.50,+17.44%,7.2,7.9,125,1677,+79.55%,0.07,67.89%,-0.711576,2026-08-05
NFLX,74.2,2026-08-28,23,Call,73.00,+1.62%,3.25,3.4,431,1448,+79.43%,0.3,35.12%,0.600648,2026-08-05
AMZN,272.65,2026-09-18,44,Call,305.00,-11.87%,2.85,3,591,13013,+79.39%,0.05,32.41%,0.183932,2026-08-05
EXPE,319.66,2026-09-18,44,Put,300.00,-6.15%,13.5,15.8,2132,2371,+79.35%,0.9,55.10%,-0.328443,2026-08-05
HL,16.54,2028-01-21,534,Put,30.00,+81.38%,14.7,16.35,2001,2262,+79.24%,0.88,76.06%,-0.587792,2026-08-05
F,14.13,2026-08-07,2,Call,14.00,+0.92%,0.23,0.26,1257,3738,+78.94%,0.34,41.54%,0.623615,2026-08-05
QUBT,8.88,2026-09-18,44,Call,10.00,-12.61%,0.72,0.85,45,2689,+78.91%,0.02,96.36%,0.430758,2026-08-05
SPCX,108.27,2026-08-07,2,Call,150.00,-38.54%,0.15,0.18,20043,32959,+78.45%,0.61,217.86%,0.02622,2026-08-05
DIS,101.76,2026-08-07,2,Call,104.00,-2.20%,0.25,0.35,1020,1033,+78.41%,0.99,35.05%,0.204702,2026-08-05
UPST,30.2,2026-08-07,2,Call,32.00,-5.96%,0.21,0.24,2240,1769,+77.97%,1.27,90.61%,0.204172,2026-08-05
WBD,25.97,2026-11-20,107,Call,28.00,-7.82%,0.45,0.55,1243,44943,+77.96%,0.03,20.07%,0.296473,2026-08-05
INDI,3.39,2028-01-21,534,Call,4.50,-32.74%,1.15,3.1,41,1136,+77.78%,0.04,159.48%,0.801902,2026-08-05
UBS,53.57,2026-08-21,16,Call,55.00,-2.67%,0.6,0.7,100,2480,+77.78%,0.04,27.09%,0.333773,2026-08-05
AAPL,311,2026-08-07,2,Put,297.50,-4.34%,0.14,0.17,5252,5085,+77.55%,1.03,35.83%,-0.045225,2026-08-05
MUR,36.04,2026-08-21,16,Call,42.50,-17.92%,0,0.9,12,1155,+77.42%,0.01,74.30%,0.162636,2026-08-05
UBER,68.18,2026-08-14,9,Put,66.00,-3.20%,0.62,0.7,1559,2411,+77.28%,0.65,36.27%,-0.26999,2026-08-05
MSFT,487.46,2026-09-18,44,Call,515.00,-5.65%,9.75,10.6,584,1448,+77.23%,0.4,29.64%,0.326809,2026-08-05
PLTR,158.43,2026-12-18,135,Call,185.00,-16.77%,12.5,12.75,89,4257,+77.23%,0.02,55.04%,0.400001,2026-08-05
ADEA,29.91,2026-08-21,16,Put,25.00,-16.42%,0.1,0.4,6,2357,+77.08%,0,73.61%,-0.105926,2026-08-05
IREN,38.89,2026-09-18,44,Put,25.00,-35.72%,0.86,0.95,333,6381,+77.05%,0.05,118.95%,-0.099182,2026-08-05
JOBY,7.8,2026-08-21,16,Call,8.00,-2.56%,0.51,0.59,254,5574,+77.01%,0.05,97.14%,0.494014,2026-08-05
MSFT,487.46,2026-09-18,44,Put,500.00,+2.57%,25.3,26.9,192,1928,+76.88%,0.1,29.46%,-0.569329,2026-08-05
SIRI,30.7,2026-09-18,44,Put,25.00,-18.57%,0.07,0.15,16,1282,+76.83%,0.01,39.43%,-0.057903,2026-08-05
DIS,101.76,2026-08-07,2,Call,98.00,+3.69%,3.4,4.2,1203,1339,+76.65%,0.9,29.39%,0.959209,2026-08-05
SOFI,18.25,2026-08-28,23,Put,17.00,-6.85%,0.38,0.4,448,2619,+76.60%,0.17,50.45%,-0.26133,2026-08-05
VKTX,33.51,2026-11-20,107,Call,50.00,-49.21%,2.5,2.98,261,2359,+76.57%,0.11,96.16%,0.313211,2026-08-05
SOFI,18.25,2026-08-14,9,Put,18.00,-1.37%,0.42,0.44,1145,1648,+76.45%,0.69,48.66%,-0.409658,2026-08-05
PNC,255.37,2026-08-21,16,Call,270.00,-5.73%,0.45,0.85,1,2592,+76.45%,0,21.74%,0.116548,2026-08-05
SKHY,151.03,2026-08-07,2,Put,130.00,-13.92%,0.5,0.55,2978,3721,+76.35%,0.8,143.20%,-0.070872,2026-08-05
BIDU,111.11,2026-08-14,9,Call,130.00,-17.00%,0.09,0.25,391,2574,+76.18%,0.15,56.61%,0.043458,2026-08-05
PFE,25.81,2026-09-04,30,Call,27.00,-4.61%,0.19,0.22,232,1097,+76.08%,0.21,21.40%,0.22971,2026-08-05
EPD,37.72,2026-09-18,44,Put,36.00,-4.56%,0.12,0.35,116,2146,+76.05%,0.05,15.71%,-0.19916,2026-08-05
APLD,29.87,2026-08-07,2,Put,30.00,+0.44%,0.99,1.17,954,1454,+75.82%,0.66,115.03%,-0.502612,2026-08-05
V,368.54,2027-06-17,316,Put,380.00,+3.11%,34.7,36.05,4,1163,+75.68%,0,24.76%,-0.480693,2026-08-05
UPST,30.2,2026-08-07,2,Call,33.00,-9.27%,0.03,0.14,1504,1014,+75.43%,1.48,88.64%,0.094154,2026-08-05
NXDR,2.45,2026-12-18,135,Call,5.00,-104.08%,0.05,0.15,216,2908,+75.39%,0.07,93.10%,0.170609,2026-08-05
SMCI,30.32,2026-08-14,9,Call,33.00,-8.84%,1.42,1.51,1183,1911,+75.32%,0.62,130.26%,0.379229,2026-08-05
SPCX,108.27,2026-10-16,72,Call,135.00,-24.69%,7.65,7.9,750,3503,+75.24%,0.21,83.52%,0.348376,2026-08-05
JNJ,257.59,2026-09-18,44,Call,270.00,-4.82%,3.9,4.4,1031,15400,+75.16%,0.07,24.29%,0.310458,2026-08-05
CDE,17.43,2026-08-07,2,Call,18.00,-3.27%,0.35,0.5,889,1266,+75.10%,0.7,128.28%,0.386038,2026-08-05
AMD,482.05,2026-11-20,107,Call,700.00,-45.21%,20,22.05,1259,1762,+74.80%,0.71,71.74%,0.230514,2026-08-05
GLXY,19.07,2026-08-21,16,Put,17.50,-8.23%,0.52,1.07,468,9269,+74.69%,0.05,95.49%,-0.296229,2026-08-05
PLTR,158.43,2026-10-16,72,Call,180.00,-13.61%,6.85,7.1,626,2430,+74.69%,0.26,50.30%,0.334715,2026-08-05
MSFT,487.46,2026-08-14,9,Call,500.00,-2.57%,4.65,5.3,1978,2653,+74.65%,0.75,32.02%,0.32056,2026-08-05
WMT,112.34,2026-08-07,2,Call,112.00,+0.30%,1.19,1.25,3346,3715,+74.58%,0.9,31.15%,0.559405,2026-08-05
QXO,15.9,2026-08-14,9,Call,16.00,-0.63%,0.7,0.9,178,1016,+74.57%,0.18,84.39%,0.510246,2026-08-05
SPCX,108.27,2026-08-07,2,Call,140.00,-29.31%,0.26,0.29,12655,14775,+74.25%,0.86,196.07%,0.044862,2026-08-05
SOFI,18.25,2026-09-04,30,Call,22.00,-20.55%,0.1,0.17,610,1892,+74.22%,0.32,49.97%,0.112817,2026-08-05
EXC,45.76,2026-08-21,16,Call,47.00,-2.71%,0.2,0.4,1,3601,+74.21%,0,19.77%,0.265622,2026-08-05
CRM,192.98,2026-10-16,72,Put,145.00,-24.86%,1.65,2,38,1195,+74.20%,0.03,51.44%,-0.082525,2026-08-05
MRVL,211.02,2026-08-14,9,Call,300.00,-42.17%,0.25,0.53,137,1036,+74.12%,0.13,112.49%,0.028824,2026-08-05
UNH,412.75,2027-06-17,316,Put,380.00,-7.93%,30.2,31.65,1,1058,+74.01%,0,32.93%,-0.318246,2026-08-05
MSFT,487.46,2026-11-20,107,Call,535.00,-9.75%,18.35,19.6,9,1425,+73.99%,0.01,33.24%,0.352447,2026-08-05
ECHO,87.73,2026-08-07,2,Call,95.00,-8.29%,0.2,0.75,123,2409,+73.94%,0.05,99.07%,0.147714,2026-08-05
AVGO,418.28,2026-08-14,9,Call,410.00,+1.98%,16.25,18.9,134,1664,+73.88%,0.08,49.49%,0.619996,2026-08-05
UUUU,12.44,2026-10-16,72,Call,15.00,-20.58%,1,1.12,120,2500,+73.85%,0.05,85.71%,0.388938,2026-08-05
MSFT,487.46,2026-09-18,44,Put,490.00,+0.52%,20.1,21.3,833,2060,+73.84%,0.4,29.88%,-0.488923,2026-08-05
CIFR,18.71,2026-08-07,2,Put,19.00,+1.55%,0.81,1,1439,1045,+73.59%,1.38,135.31%,-0.540599,2026-08-05
NEXT,6.42,2026-08-21,16,Call,6.00,+6.54%,0.5,0.75,897,1155,+73.42%,0.78,71.75%,0.704073,2026-08-05
SPCX,108.27,2027-03-19,226,Put,105.00,-3.02%,21.3,22,100,1097,+73.30%,0.09,74.29%,-0.354779,2026-08-05
MU,893.19,2026-08-14,9,Put,640.00,-28.35%,1.29,1.58,86,2105,+73.25%,0.04,111.59%,-0.023052,2026-08-05
WRBY,29.27,2026-08-07,2,Call,27.00,+7.76%,2.25,3.5,1008,6799,+72.96%,0.15,176.53%,0.753239,2026-08-05
RXT,4.75,2027-01-15,163,Call,12.00,-152.63%,0.65,0.9,447,3335,+72.89%,0.13,157.33%,0.367093,2026-08-05
QUBT,8.88,2027-01-15,163,Call,13.00,-46.40%,0.9,1.31,40,1672,+72.37%,0.02,92.61%,0.390217,2026-08-05
MDLN,36.67,2026-08-21,16,Put,40.00,+9.08%,3.6,5,1029,1429,+72.17%,0.72,71.83%,-0.690804,2026-08-05
MTCH,38.15,2026-08-21,16,Put,35.00,-8.26%,0.1,0.2,825,3612,+72.00%,0.23,34.68%,-0.108922,2026-08-05
TSLA,321.55,2026-08-28,23,Call,385.00,-19.73%,1.39,1.44,532,1608,+71.98%,0.33,48.87%,0.082544,2026-08-05
AAOI,128.56,2026-09-18,44,Call,200.00,-55.57%,7.1,7.7,380,2135,+71.90%,0.18,138.10%,0.25057,2026-08-05
OXY,53.81,2026-08-07,2,Put,54.00,+0.35%,1.08,1.38,1533,1038,+71.85%,1.48,71.31%,-0.515491,2026-08-05
SKHY,151.03,2027-12-17,499,Call,200.00,-32.42%,50.6,56.4,307,1065,+71.77%,0.29,94.38%,0.635894,2026-08-05
NOK,9.58,2026-08-07,2,Put,9.50,-0.84%,0.17,0.19,1857,1674,+71.69%,1.11,77.45%,-0.429806,2026-08-05
EGO,36,2026-08-21,16,Call,35.00,+2.78%,2.05,2.65,194,1248,+71.66%,0.16,60.15%,0.616333,2026-08-05
SPCX,108.27,2026-12-18,135,Put,70.00,-35.35%,3.85,4,572,4855,+71.55%,0.12,79.60%,-0.12125,2026-08-05
ORCL,144.39,2026-08-07,2,Call,157.50,-9.08%,0.23,0.24,814,1640,+71.55%,0.5,76.70%,0.066769,2026-08-05
FIG,28.15,2026-08-07,2,Call,27.00,+4.09%,2.35,2.81,2598,2810,+71.45%,0.92,239.61%,0.627413,2026-08-05
IREN,38.89,2026-08-28,23,Put,28.00,-28.00%,0.61,0.83,13,3616,+71.37%,0,122.24%,-0.109176,2026-08-05
MSTR,98.37,2026-08-07,2,Call,104.00,-5.72%,0.59,0.74,6316,2919,+71.30%,2.16,85.20%,0.198244,2026-08-05
MOS,23.41,2026-08-07,2,Call,24.00,-2.52%,0.1,0.25,1223,2187,+71.13%,0.56,57.61%,0.286844,2026-08-05
NFLX,74.2,2026-08-07,2,Put,74.00,-0.27%,0.78,0.79,4118,1947,+71.09%,2.12,40.56%,-0.45606,2026-08-05
BMNR,18.43,2026-08-14,9,Call,20.00,-8.52%,0.38,0.42,3344,5574,+70.98%,0.6,82.26%,0.287086,2026-08-05
SPCX,108.27,2026-08-14,9,Call,160.00,-47.78%,0.46,0.51,2632,10575,+70.70%,0.25,142.53%,0.051651,2026-08-05
SPCX,108.27,2026-08-07,2,Call,125.00,-15.45%,0.91,0.94,27208,10100,+70.64%,2.69,169.95%,0.14056,2026-08-05
DELL,462.7,2026-09-18,44,Put,400.00,-13.55%,26.7,28,324,1265,+70.49%,0.26,90.04%,-0.263381,2026-08-05
GLW,156.7,2026-08-07,2,Call,165.00,-5.30%,1.16,1.74,296,1299,+70.47%,0.23,92.78%,0.237323,2026-08-05
MRVL,211.02,2026-08-28,23,Call,250.00,-18.47%,8.8,10.15,299,1132,+70.23%,0.26,104.38%,0.305868,2026-08-05
NIO,4.65,2026-08-14,9,Put,5.00,+7.53%,0.34,0.43,157,2377,+70.15%,0.07,50.77%,-0.807239,2026-08-05
STM,52.77,2026-09-18,44,Call,60.00,-13.70%,2.25,2.45,222,5953,+69.94%,0.04,65.76%,0.332732,2026-08-05
SPCX,108.27,2026-08-07,2,Call,157.50,-45.47%,0.11,0.14,2266,1755,+69.89%,1.29,234.62%,0.019234,2026-08-05
AMKR,53.86,2026-08-21,16,Call,60.00,-11.40%,2,2.35,111,2554,+69.81%,0.04,96.70%,0.335112,2026-08-05
PZZA,29.75,2026-08-21,16,Put,27.50,-7.56%,1.4,1.45,988,2834,+69.70%,0.35,99.56%,-0.316003,2026-08-05
INTC,101.06,2026-08-07,2,Put,100.00,-1.05%,2.27,2.49,5145,2284,+69.69%,2.25,97.24%,-0.4268,2026-08-05
QXO,15.9,2026-09-18,44,Call,20.00,-25.79%,0.35,0.45,6,2764,+69.67%,0,69.21%,0.207252,2026-08-05
AMD,482.05,2026-08-07,2,Put,510.00,+5.80%,30.55,32.85,470,1004,+69.59%,0.47,91.55%,-0.787105,2026-08-05
PINS,23.36,2026-09-18,44,Call,27.00,-15.58%,0.44,0.5,129,1507,+69.52%,0.09,48.21%,0.225186,2026-08-05
AMZN,272.65,2026-08-07,2,Put,277.50,+1.78%,5.95,6.3,1798,1234,+69.51%,1.46,38.89%,-0.723755,2026-08-05
RGTI,16.78,2026-10-16,72,Put,16.00,-4.65%,2.26,2.42,17,16152,+69.20%,0,96.02%,-0.36767,2026-08-05
INTC,101.06,2026-08-28,23,Call,110.00,-8.85%,4.65,5.35,381,2048,+68.98%,0.19,82.36%,0.383056,2026-08-05
HIMS,31.65,2026-08-28,23,Call,46.00,-45.34%,0.4,0.45,607,1483,+68.91%,0.41,109.57%,0.112443,2026-08-05
AMD,482.05,2026-08-07,2,Call,525.00,-8.91%,1.61,1.82,3770,1601,+68.88%,2.35,91.76%,0.111279,2026-08-05
GLW,156.7,2026-08-21,16,Call,190.00,-21.25%,1.22,2.04,420,3117,+68.76%,0.13,77.47%,0.135801,2026-08-05
YSS,13.15,2026-08-21,16,Put,15.00,+14.07%,2.15,3.1,64,2764,+68.64%,0.02,131.70%,-0.631591,2026-08-05
AAOI,128.56,2026-08-07,2,Call,120.00,+6.66%,14.5,17.1,204,4972,+68.43%,0.04,299.90%,0.663606,2026-08-05
QUBT,8.88,2026-09-18,44,Put,7.00,-21.17%,0.09,0.62,8,1276,+68.34%,0.01,95.91%,-0.186016,2026-08-05
POET,8.09,2026-08-21,16,Call,11.00,-35.97%,0.16,0.2,71,4465,+68.30%,0.02,133.05%,0.168994,2026-08-05
RIOT,21.5,2026-08-14,9,Call,30.00,-39.53%,0.05,0.24,2675,1178,+68.29%,2.27,137.21%,0.075738,2026-08-05
BWA,66.78,2026-08-21,16,Call,65.00,+2.67%,3.4,5.1,767,2042,+68.20%,0.38,58.96%,0.613785,2026-08-05
TSLA,321.55,2026-08-07,2,Call,325.00,-1.07%,3.1,3.15,36653,10042,+68.15%,3.65,48.42%,0.39192,2026-08-05
ORCL,144.39,2026-08-21,16,Call,175.00,-21.20%,0.8,0.89,565,8560,+67.97%,0.07,66.26%,0.095124,2026-08-05
NKE,42.45,2026-11-20,107,Call,42.50,-0.12%,3.95,4.1,178,1617,+67.91%,0.11,44.62%,0.541868,2026-08-05
MU,893.19,2026-08-07,2,Call,"1,100.00",-23.15%,0.55,0.58,4776,3191,+67.86%,1.5,131.58%,0.01843,2026-08-05
QURE,44.24,2026-08-21,16,Call,60.00,-35.62%,0.45,1.25,370,1400,+67.66%,0.26,126.44%,0.155585,2026-08-05
SPCX,108.27,2026-08-07,2,Put,107.00,-1.17%,4.25,4.35,17920,2208,+67.65%,8.12,154.82%,-0.435763,2026-08-05
PATH,13.82,2027-01-15,163,Call,37.00,-167.73%,0.08,0.24,8,4758,+67.59%,0,79.77%,0.060764,2026-08-05
GOOGL,362.43,2026-08-07,2,Call,380.00,-4.85%,0.4,0.41,15026,9382,+67.51%,1.6,44.16%,0.076919,2026-08-05
CSCO,121.5,2026-08-07,2,Call,123.00,-1.23%,0.9,1.05,715,1193,+67.32%,0.6,44.60%,0.362575,2026-08-05
BABA,128.53,2026-08-14,9,Call,135.00,-5.03%,1.26,1.58,1835,3701,+67.31%,0.5,46.18%,0.261033,2026-08-05
CRWV,89.89,2026-08-28,23,Call,130.00,-44.62%,1.26,1.44,32,1182,+67.19%,0.03,111.76%,0.121656,2026-08-05
CRWV,89.89,2026-10-16,72,Put,92.50,+2.90%,16.35,16.9,61,1155,+67.15%,0.05,97.53%,-0.435521,2026-08-05
LRCX,307.42,2026-08-07,2,Call,357.50,-16.29%,0,1.44,8,1203,+67.08%,0.01,127.07%,0.059901,2026-08-05
BABA,128.53,2026-08-14,9,Call,130.00,-1.14%,2.72,3.1,857,2330,+66.91%,0.37,44.38%,0.44925,2026-08-05
BWXT,168.28,2026-08-21,16,Call,210.00,-24.79%,0,0.5,151,1004,+66.78%,0.15,55.71%,0.033677,2026-08-05
AEP,126.47,2026-08-21,16,Call,135.00,-6.74%,0.1,0.35,45,2274,+66.59%,0.02,22.24%,0.084876,2026-08-05
BLZE,18.62,2026-12-18,135,Call,20.00,-7.41%,4.3,4.8,1,1106,+66.57%,0,111.35%,0.60026,2026-08-05
CIFR,18.71,2026-08-07,2,Put,20.00,+6.89%,1.27,1.81,439,3099,+66.52%,0.14,126.31%,-0.747038,2026-08-05
NEXT,6.42,2026-08-21,16,Call,7.00,-9.03%,0.1,0.25,1002,2451,+66.51%,0.41,70.85%,0.309151,2026-08-05
POET,8.09,2026-08-14,9,Call,9.00,-11.25%,0.28,0.4,145,2236,+66.49%,0.06,131.29%,0.341007,2026-08-05
SPCX,108.27,2026-08-07,2,Call,160.00,-47.78%,0.1,0.12,7043,13822,+66.49%,0.51,238.53%,0.016913,2026-08-05
HOOD,92.8,2026-08-07,2,Call,99.00,-6.68%,0.4,0.45,5514,1656,+66.43%,3.33,81.70%,0.150104,2026-08-05
CDE,17.43,2026-11-20,107,Call,22.50,-29.09%,1.3,1.45,198,7503,+66.40%,0.03,76.47%,0.349397,2026-08-05
SPCX,108.27,2026-08-07,2,Call,127.00,-17.30%,0.75,0.78,10950,1426,+66.39%,7.68,172.84%,0.118666,2026-08-05
ZETA,27.07,2026-08-21,16,Call,25.00,+7.65%,2.59,3.15,3419,7053,+66.31%,0.48,73.68%,0.726813,2026-08-05
SBLK,27.96,2026-08-21,16,Call,29.00,-3.72%,0.25,0.7,118,2447,+66.12%,0.05,38.49%,0.333438,2026-08-05
GOOG,360.13,2026-08-07,2,Call,380.00,-5.52%,0.26,0.3,7467,4723,+66.01%,1.58,44.93%,0.055638,2026-08-05
CAT,871.08,2026-08-21,16,Call,"1,540.00",-76.79%,0,1.2,4,1450,+65.90%,0,110.28%,0.00948,2026-08-05
SPCX,108.27,2026-08-21,16,Put,60.00,-44.58%,0.1,0.11,560,3428,+65.76%,0.16,128.43%,-0.009771,2026-08-05
IREN,38.89,2026-12-18,135,Call,60.00,-54.28%,4.9,5.1,11563,12899,+65.75%,0.9,109.74%,0.384073,2026-08-05
RIOT,21.5,2026-08-07,2,Call,24.00,-11.63%,0.15,0.22,3215,2343,+65.70%,1.37,142.66%,0.161801,2026-08-05
VZ,46.47,2026-08-07,2,Put,47.00,+1.14%,0.7,1.1,336,2175,+65.65%,0.15,43.06%,-0.634295,2026-08-05
OXY,53.81,2026-08-14,9,Put,50.00,-7.08%,0.21,0.28,222,1050,+65.62%,0.21,43.10%,-0.13029,2026-08-05
MO,68.44,2026-09-18,44,Call,67.50,+1.37%,2.74,2.9,179,2923,+65.52%,0.06,25.74%,0.567635,2026-08-05
AAPL,311,2026-08-07,2,Call,317.50,-2.09%,0.83,0.91,16316,3724,+65.51%,4.38,33.15%,0.205123,2026-08-05
CELH,29.15,2026-08-07,2,Call,34.00,-16.64%,0.11,0.47,6956,1361,+65.37%,5.11,186.51%,0.148145,2026-08-05
MCD,274,2026-08-21,16,Call,270.00,+1.46%,7.35,8.2,947,4928,+65.31%,0.19,24.15%,0.626462,2026-08-05
CSCO,121.5,2026-08-21,16,Call,160.00,-31.69%,0.07,0.19,454,1008,+65.25%,0.45,63.31%,0.0226,2026-08-05
SPCX,108.27,2026-08-14,9,Call,155.00,-43.16%,0.54,0.6,577,2009,+65.21%,0.29,137.77%,0.061034,2026-08-05
GOOG,360.13,2026-09-18,44,Call,440.00,-22.18%,0.97,1.41,37,3158,+65.17%,0.01,35.69%,0.064135,2026-08-05
IREN,38.89,2026-08-07,2,Call,44.50,-14.43%,0.17,0.21,1634,1042,+65.13%,1.57,138.70%,0.103967,2026-08-05
NBIS,218.99,2026-08-14,9,Put,160.00,-26.94%,2.56,3.05,523,1091,+65.05%,0.48,168.19%,-0.092818,2026-08-05
DIS,101.76,2026-08-07,2,Call,102.00,-0.24%,0.93,0.99,3106,2926,+65.03%,1.06,35.70%,0.470255,2026-08-05
SPCX,108.27,2026-08-28,23,Put,90.00,-16.87%,2.92,3.05,1283,2991,+64.98%,0.43,96.22%,-0.185555,2026-08-05
GOOGL,362.43,2026-08-07,2,Put,355.00,-2.05%,1.8,2,4873,1318,+64.96%,3.7,44.68%,-0.258511,2026-08-05
NVDA,219.22,2026-08-07,2,Call,217.50,+0.78%,3.8,3.85,23043,29729,+64.90%,0.78,44.37%,0.603165,2026-08-05
LAES,2.46,2026-08-21,16,Call,2.00,+18.70%,0.4,0.6,10,17531,+64.83%,0,98.22%,0.868076,2026-08-05
CORZ,21.77,2026-08-21,16,Call,23.00,-5.65%,1.04,1.12,784,7954,+64.82%,0.1,86.14%,0.418476,2026-08-05
GOOGL,362.43,2026-09-18,44,Call,450.00,-24.16%,0.8,0.96,311,12336,+64.74%,0.03,35.66%,0.049207,2026-08-05
CE,43.14,2026-08-21,16,Call,50.00,-15.90%,0.2,1.2,42,2805,+64.61%,0.01,75.38%,0.198473,2026-08-05
SPCX,108.27,2026-08-07,2,Put,99.00,-8.56%,1.39,1.44,7045,1995,+64.60%,3.53,152.41%,-0.197254,2026-08-05
MU,893.19,2026-09-18,44,Put,760.00,-14.91%,43.9,44.9,109,1316,+64.50%,0.08,86.07%,-0.241192,2026-08-05
BAC,63.25,2026-08-14,9,Put,62.00,-1.98%,0.27,0.34,2384,3070,+64.26%,0.78,19.97%,-0.252882,2026-08-05
AAL,16.58,2026-08-28,23,Put,14.00,-15.56%,0.07,0.15,935,1799,+64.14%,0.52,54.93%,-0.096523,2026-08-05
RKLB,74.82,2026-09-18,44,Put,50.00,-33.17%,1,1.14,272,2991,+64.07%,0.09,95.71%,-0.082049,2026-08-05
NBIS,218.99,2026-08-07,2,Put,200.00,-8.67%,2.87,3.1,4956,2840,+64.07%,1.75,156.37%,-0.19956,2026-08-05
SPCX,108.27,2026-08-07,2,Put,83.00,-23.34%,0.08,0.1,1275,1442,+64.05%,0.88,174.92%,-0.017057,2026-08-05
WULF,18.07,2026-08-14,9,Call,22.00,-21.75%,0.09,0.22,240,2888,+64.00%,0.08,101.09%,0.117755,2026-08-05
SPCX,108.27,2026-08-28,23,Put,80.00,-26.11%,1.19,1.28,1705,3479,+63.87%,0.49,99.30%,-0.088981,2026-08-05
DELL,462.7,2026-08-21,16,Call,500.00,-8.06%,18.4,19.6,8916,3847,+63.77%,2.32,85.40%,0.368071,2026-08-05
RIOT,21.5,2026-09-18,44,Put,18.00,-16.28%,1.25,1.46,617,1749,+63.76%,0.35,102.78%,-0.24602,2026-08-05
SPCX,108.27,2026-08-07,2,Put,121.00,+11.76%,13.8,14.4,1012,1590,+63.75%,0.64,165.44%,-0.801182,2026-08-05
VOYG,34.73,2026-08-21,16,Call,40.00,-15.17%,0.65,0.95,308,1000,+63.67%,0.31,84.29%,0.240896,2026-08-05
OPEN,3.76,2026-11-20,107,Put,3.00,-20.21%,0.3,0.35,199,1459,+63.57%,0.14,89.95%,-0.23384,2026-08-05
PLTR,158.43,2026-11-20,107,Call,175.00,-10.46%,13.3,13.65,126,2144,+63.54%,0.06,55.93%,0.444388,2026-08-05
MOS,23.41,2026-08-21,16,Call,27.00,-15.34%,0.05,0.2,14,1231,+63.48%,0.01,52.39%,0.10619,2026-08-05
LRCX,307.42,2026-08-07,2,Call,350.00,-13.85%,0.34,0.82,378,1033,+63.45%,0.37,107.97%,0.056957,2026-08-05
VELO,12.73,2026-08-21,16,Call,15.00,-17.83%,0.85,1.4,236,2693,+63.41%,0.09,179.11%,0.402881,2026-08-05
SPCX,108.27,2026-09-18,44,Call,125.00,-15.45%,7.55,7.7,4618,5422,+63.36%,0.85,89.09%,0.383811,2026-08-05
PLTR,158.43,2026-11-20,107,Call,180.00,-13.61%,11.8,12.1,483,4654,+63.30%,0.1,55.99%,0.408136,2026-08-05
AAPL,311,2026-10-16,72,Put,305.00,-1.93%,10.55,10.9,210,4051,+63.28%,0.05,26.24%,-0.394048,2026-08-05
HOOD,92.8,2026-08-07,2,Call,103.00,-10.99%,0.11,0.18,380,1141,+63.23%,0.33,87.53%,0.057733,2026-08-05
VG,12.43,2026-08-07,2,Call,13.00,-4.59%,0.1,0.15,126,1361,+63.19%,0.09,89.30%,0.260161,2026-08-05
DIS,101.76,2026-10-16,72,Put,95.00,-6.64%,1.7,1.94,371,2130,+63.09%,0.17,25.59%,-0.249033,2026-08-05
WFC,89.17,2026-09-18,44,Put,85.00,-4.68%,1.31,1.46,79,8541,+63.06%,0.01,25.57%,-0.272441,2026-08-05
TSM,414,2026-09-18,44,Put,410.00,-0.97%,22.3,23.5,171,12479,+62.87%,0.01,44.75%,-0.43699,2026-08-05
WULF,18.07,2026-08-07,2,Call,20.00,-10.68%,0.1,0.11,3354,15697,+62.85%,0.21,120.21%,0.13441,2026-08-05
CRWD,209.86,2026-09-18,44,Put,150.00,-28.52%,1,1.41,152,2646,+62.73%,0.06,65.70%,-0.054339,2026-08-05
BMNR,18.43,2026-09-18,44,Put,14.00,-24.04%,0.27,0.44,42,4872,+62.62%,0.01,79.16%,-0.124728,2026-08-05
SPCX,108.27,2026-08-07,2,Put,110.00,+1.60%,5.85,6.05,117508,26159,+62.58%,4.49,156.76%,-0.530789,2026-08-05
GME,19.01,2027-06-17,316,Call,32.00,-68.33%,1,2,1387,1562,+62.54%,0.89,67.25%,0.271176,2026-08-05
NRG,120.73,2026-12-18,135,Call,200.00,-65.66%,0.6,1.45,7686,13016,+62.38%,0.59,50.26%,0.070258,2026-08-05
TSLA,321.55,2026-08-07,2,Call,352.50,-9.63%,0.12,0.14,3074,1672,+62.33%,1.84,61.85%,0.023862,2026-08-05
NRG,120.73,2026-12-18,135,Call,165.00,-36.67%,3.5,4.4,7670,13099,+62.30%,0.59,52.08%,0.210282,2026-08-05
ASTS,68.38,2026-08-07,2,Put,65.00,-4.94%,0.88,1.01,2452,2887,+62.19%,0.85,114.06%,-0.259539,2026-08-05
NBIS,218.99,2026-08-07,2,Put,220.00,+0.46%,9.95,10.55,1027,5363,+62.12%,0.19,150.62%,-0.493651,2026-08-05
XYZ,84.2,2026-08-21,16,Put,70.00,-16.86%,0.55,0.64,6918,2093,+62.12%,3.31,71.75%,-0.094355,2026-08-05
VG,12.43,2027-06-17,316,Call,20.00,-60.90%,1.35,1.8,466,1974,+62.07%,0.24,73.28%,0.375123,2026-08-05
SPCX,108.27,2026-08-07,2,Call,119.00,-9.91%,1.67,1.72,4456,1899,+61.89%,2.35,162.85%,0.235131,2026-08-05
AMD,482.05,2026-08-07,2,Call,550.00,-14.10%,0.45,0.54,7881,6760,+61.88%,1.17,97.36%,0.036657,2026-08-05
ENLT,82.39,2026-08-21,16,Call,80.00,+2.90%,4.4,7.5,11,1345,+61.85%,0.01,67.68%,0.61404,2026-08-05
V,368.54,2026-08-21,16,Put,352.50,-4.35%,1.34,1.87,8,1243,+61.85%,0.01,23.07%,-0.166153,2026-08-05
NVDA,219.22,2026-09-04,30,Call,250.00,-14.04%,2.08,2.33,1836,1653,+61.74%,1.11,43.01%,0.162937,2026-08-05
FIG,28.15,2026-10-16,72,Put,22.50,-20.07%,1.63,2.01,10,1213,+61.73%,0.01,92.24%,-0.221557,2026-08-05
AAPL,311,2026-08-12,7,Call,317.50,-2.09%,1.95,2.22,669,1166,+61.72%,0.57,26.27%,0.296966,2026-08-05
SPCX,108.27,2026-08-07,2,Call,133.00,-22.84%,0.44,0.47,2633,2956,+61.71%,0.89,182.78%,0.073337,2026-08-05
FWONK,96.05,2026-11-20,107,Call,105.00,-9.32%,3.6,4.8,160,5619,+61.65%,0.03,34.58%,0.373724,2026-08-05
INTC,101.06,2027-01-15,163,Call,165.00,-63.27%,7.15,7.7,271,6040,+61.32%,0.04,82.54%,0.278361,2026-08-05
JOBY,7.8,2026-09-18,44,Call,9.00,-15.38%,0.48,0.56,198,1927,+61.26%,0.1,86.11%,0.376651,2026-08-05
CLX,105.84,2026-08-21,16,Call,105.00,+0.79%,2.75,3.3,89,12405,+61.21%,0.01,29.64%,0.560436,2026-08-05
CLSK,13.5,2026-08-07,2,Put,12.00,-11.11%,0.12,0.15,1034,2542,+61.19%,0.41,163.72%,-0.150555,2026-08-05
MRVL,211.02,2026-08-07,2,Call,240.00,-13.73%,0.52,0.67,1450,3944,+61.11%,0.37,117.11%,0.075078,2026-08-05
PLTR,158.43,2026-08-21,16,Put,150.00,-5.32%,3.05,3.2,2833,8200,+61.07%,0.35,51.01%,-0.281537,2026-08-05
VICI,26.4,2028-01-21,534,Call,27.50,-4.17%,1.6,2.15,362,1187,+61.06%,0.3,21.90%,0.427501,2026-08-05
RIVN,15.56,2026-08-14,9,Call,16.50,-6.04%,0.21,0.24,456,2361,+61.05%,0.19,57.08%,0.27436,2026-08-05
IONQ,39.93,2026-08-21,16,Call,41.00,-2.68%,2.9,3.85,583,2683,+60.95%,0.22,114.48%,0.506435,2026-08-05
INTC,101.06,2026-08-07,2,Call,115.00,-13.79%,0.13,0.17,8335,3890,+60.94%,2.14,102.59%,0.048329,2026-08-05
ASTS,68.38,2027-12-17,499,Put,13.00,-80.99%,1.2,1.46,1,1012,+60.89%,0,108.79%,-0.023888,2026-08-05
POET,8.09,2026-08-21,16,Call,8.00,+1.11%,0.84,0.94,605,7890,+60.76%,0.08,125.12%,0.57133,2026-08-05
AMZN,272.65,2026-08-07,2,Put,270.00,-0.97%,1.9,2.04,14030,6958,+60.69%,2.02,39.15%,-0.36037,2026-08-05
SHOP,144.24,2026-08-07,2,Call,135.00,+6.41%,9.5,10.35,1390,2157,+60.61%,0.64,85.03%,0.861377,2026-08-05
NOK,9.58,2026-08-14,9,Call,10.50,-9.60%,0.13,0.15,1260,6908,+60.54%,0.18,73.18%,0.230867,2026-08-05
SNDK,1350.5,2026-08-07,2,Put,"1,250.00",-7.44%,38.1,39.9,1024,1033,+60.40%,0.99,207.13%,-0.280205,2026-08-05
LUNR,13.99,2026-08-21,16,Put,10.00,-28.52%,0.1,0.29,24,1169,+60.14%,0.02,136.27%,-0.09265,2026-08-05
SKHY,151.03,2026-08-07,2,Put,140.00,-7.30%,1.85,2,1429,2853,+60.01%,0.5,136.72%,-0.211344,2026-08-05
MRVL,211.02,2026-08-21,16,Put,185.00,-12.33%,4.9,5.75,114,2580,+59.95%,0.04,90.59%,-0.213024,2026-08-05
STX,837.66,2026-08-07,2,Put,650.00,-22.40%,0.2,3.4,115,1070,+59.94%,0.11,197.43%,-0.035168,2026-08-05
BMNR,18.43,2026-08-14,9,Call,21.00,-13.94%,0.2,0.24,314,2622,+59.88%,0.12,83.64%,0.178246,2026-08-05
SKHY,151.03,2026-08-28,23,Put,130.00,-13.92%,6,7,164,1261,+59.82%,0.13,105.58%,-0.240141,2026-08-05
TRI,98.61,2026-09-18,44,Put,95.00,-3.66%,2.75,6.5,6,3206,+59.82%,0,47.25%,-0.375082,2026-08-05
SMCI,30.32,2026-08-14,9,Call,31.00,-2.24%,2.11,2.22,1047,2079,+59.55%,0.5,129.28%,0.498656,2026-08-05
SNDK,1350.5,2026-08-21,16,Put,"1,000.00",-25.95%,20.1,22.5,1161,1907,+59.45%,0.61,130.26%,-0.106845,2026-08-05
RIOT,21.5,2026-09-18,44,Call,24.00,-11.63%,2.09,2.34,3503,12047,+59.44%,0.29,104.79%,0.456931,2026-08-05
DVN,42.09,2026-08-07,2,Put,43.00,+2.16%,0.98,1.41,589,1178,+59.40%,0.5,51.02%,-0.70771,2026-08-05
BIDU,111.11,2026-08-21,16,Call,130.00,-17.00%,0.79,0.9,639,6164,+59.36%,0.1,61.31%,0.125769,2026-08-05
GFS,49.46,2026-08-21,16,Call,60.00,-21.31%,0.4,0.65,514,1976,+59.35%,0.26,78.10%,0.137216,2026-08-05
SPCX,108.27,2026-08-07,2,Call,136.00,-25.61%,0.35,0.37,1816,1539,+59.32%,1.18,188.11%,0.058616,2026-08-05
FLNC,14.23,2026-11-20,107,Call,17.00,-19.47%,2.9,3.3,11,1112,+59.31%,0.01,130.21%,0.546236,2026-08-05
ONDS,8.87,2026-08-28,23,Call,12.00,-35.29%,0.25,0.29,23,1121,+59.23%,0.02,121.78%,0.203701,2026-08-05
ENTX,2.81,2027-02-19,198,Put,1.00,-64.41%,0.05,0.95,738,1378,+59.12%,0.54,274.88%,-0.06305,2026-08-05
RDDT,155.26,2026-09-18,44,Call,180.00,-15.93%,5.45,5.65,150,2097,+58.86%,0.07,62.74%,0.291359,2026-08-05
CRML,6.68,2026-11-20,107,Call,10.00,-49.70%,0.65,0.75,54,5696,+58.84%,0.01,108.25%,0.353405,2026-08-05
OKLO,42.99,2026-09-18,44,Put,30.00,-30.22%,0.7,0.97,152,1337,+58.79%,0.11,96.34%,-0.104754,2026-08-05
LUNR,13.99,2026-08-21,16,Put,15.00,+7.22%,2.01,2.22,9,1070,+58.75%,0.01,130.30%,-0.545762,2026-08-05
CSX,51.12,2026-11-20,107,Call,55.00,-7.59%,1.5,1.65,1,1673,+58.73%,0,26.22%,0.348146,2026-08-05
SOFI,18.25,2026-09-04,30,Call,20.50,-12.33%,0.26,0.37,322,1552,+58.53%,0.21,48.54%,0.22843,2026-08-05
NVDA,219.22,2026-08-14,9,Call,227.50,-3.78%,2.25,2.31,21738,1062,+58.51%,20.47,38.55%,0.284521,2026-08-05
NTLA,10.97,2026-08-21,16,Call,12.00,-9.39%,0.3,0.9,26,1550,+58.49%,0.02,107.48%,0.390008,2026-08-05
HPE,53.22,2026-09-18,44,Put,50.00,-6.05%,4.15,4.5,222,2809,+58.34%,0.08,82.36%,-0.355198,2026-08-05
SPCX,108.27,2026-08-14,9,Call,125.00,-15.45%,2.47,2.56,4724,2014,+58.33%,2.35,114.16%,0.239776,2026-08-05
NFLX,74.2,2026-08-07,2,Call,74.00,+0.27%,0.98,1.02,12111,11309,+58.30%,1.07,40.61%,0.544369,2026-08-05
MSFT,487.46,2026-08-21,16,Put,460.00,-5.63%,3.25,3.45,3046,6413,+58.27%,0.47,32.24%,-0.181513,2026-08-05
TSLA,321.55,2026-08-07,2,Put,312.50,-2.81%,1.33,1.37,4857,1353,+58.25%,3.59,48.25%,-0.205457,2026-08-05
AMD,482.05,2026-08-21,16,Call,575.00,-19.28%,4.8,5.65,216,1275,+58.19%,0.17,73.75%,0.145833,2026-08-05
ANET,197.31,2026-08-07,2,Call,205.00,-3.90%,1.92,2.4,1839,2227,+58.17%,0.83,85.85%,0.28541,2026-08-05
BTDR,11.06,2026-09-18,44,Put,11.00,-0.54%,1.55,1.95,51,1287,+58.11%,0.04,118.94%,-0.40993,2026-08-05
MARA,11.24,2026-08-21,16,Put,11.00,-2.14%,0.75,0.79,439,5575,+57.98%,0.08,96.26%,-0.415175,2026-08-05
CRML,6.68,2027-01-15,163,Call,10.00,-49.70%,0.95,1.05,77,10619,+57.90%,0.01,104.68%,0.419747,2026-08-05
BABA,128.53,2026-08-07,2,Call,131.00,-1.92%,0.75,0.88,714,1068,+57.75%,0.67,46.55%,0.296448,2026-08-05
IONQ,39.93,2026-08-07,2,Call,44.00,-10.19%,0.9,0.99,1066,1186,+57.71%,0.9,198.92%,0.279509,2026-08-05
CIFR,18.71,2026-08-07,2,Call,21.00,-12.24%,0.16,0.38,2663,4516,+57.52%,0.59,176.93%,0.207618,2026-08-05
GOOGL,362.43,2026-08-14,9,Put,360.00,-0.67%,6.3,6.95,1553,1293,+57.49%,1.2,34.93%,-0.435455,2026-08-05
RKLB,74.82,2026-08-14,9,Call,90.00,-20.29%,1.29,1.5,623,1140,+57.46%,0.55,121.56%,0.192781,2026-08-05
HUN,10.14,2027-01-15,163,Call,15.00,-47.93%,0.25,0.35,1593,1782,+57.28%,0.89,53.43%,0.178334,2026-08-05
MSTR,98.37,2026-08-14,9,Put,75.00,-23.76%,0.09,0.2,235,2467,+57.23%,0.1,92.22%,-0.025516,2026-08-05
SPCX,108.27,2026-08-07,2,Put,86.00,-20.57%,0.13,0.16,3093,1896,+57.21%,1.63,167.10%,-0.027115,2026-08-05
MSFT,487.46,2026-08-07,2,Put,475.00,-2.56%,1.42,1.47,3832,1259,+57.18%,3.04,39.58%,-0.183147,2026-08-05
POET,8.09,2026-09-18,44,Call,9.00,-11.25%,0.88,1,101,1413,+57.17%,0.07,113.46%,0.475148,2026-08-05
SPCX,108.27,2026-08-07,2,Put,100.00,-7.64%,1.64,1.68,137687,50158,+57.15%,2.75,152.46%,-0.22298,2026-08-05
AMD,482.05,2026-08-07,2,Call,565.00,-17.21%,0.16,0.29,677,1617,+57.14%,0.42,100.17%,0.017803,2026-08-05
EIX,68.32,2026-09-18,44,Call,77.50,-13.44%,1.05,1.55,68,2596,+57.14%,0.03,44.72%,0.227456,2026-08-05
AMD,482.05,2026-08-21,16,Call,670.00,-38.99%,0.75,1.13,110,1208,+57.09%,0.09,80.48%,0.031436,2026-08-05
MSFT,487.46,2026-08-07,2,Put,480.00,-1.53%,2.5,2.6,5962,1786,+57.08%,3.34,38.62%,-0.28819,2026-08-05
UBER,68.18,2026-08-07,2,Put,70.00,+2.67%,2.02,2.24,3313,4128,+57.08%,0.8,47.49%,-0.766968,2026-08-05
IREN,38.89,2026-08-21,16,Put,37.00,-4.86%,2.53,2.78,104,4896,+57.02%,0.02,112.11%,-0.368726,2026-08-05
RIOT,21.5,2026-09-18,44,Call,33.00,-53.49%,0.54,0.69,2,1925,+57.01%,0,106.89%,0.169299,2026-08-05
AMD,482.05,2026-08-07,2,Call,585.00,-21.36%,0.06,0.13,1051,1201,+56.99%,0.88,106.21%,0.007768,2026-08-05
SPCX,108.27,2026-08-07,2,Call,122.00,-12.68%,1.23,1.27,4913,1667,+56.97%,2.95,166.29%,0.182238,2026-08-05
SMCI,30.32,2026-08-07,2,Call,32.50,-7.19%,0.21,0.24,875,2542,+56.91%,0.34,101.07%,0.187256,2026-08-05
HIMS,31.65,2026-08-14,9,Put,25.00,-21.01%,0.3,0.36,456,1208,+56.88%,0.38,127.90%,-0.100461,2026-08-05
ELF,86.37,2026-08-07,2,Put,80.00,-7.38%,1.88,3,394,1451,+56.86%,0.27,203.72%,-0.279385,2026-08-05
C,137.64,2026-08-07,2,Call,137.00,+0.46%,1.68,1.82,205,2138,+56.86%,0.1,34.50%,0.578967,2026-08-05
IRDM,48.37,2026-08-21,16,Call,55.00,-13.71%,0.4,0.7,9,5411,+56.84%,0,61.00%,0.175088,2026-08-05
NVO,44.53,2026-08-14,9,Call,47.00,-5.55%,0.2,0.31,116,1090,+56.83%,0.11,37.51%,0.183273,2026-08-05
ACHR,5.2,2026-08-28,23,Call,6.00,-15.38%,0.2,0.25,171,1827,+56.82%,0.09,94.56%,0.31753,2026-08-05
MSFT,487.46,2026-08-07,2,Put,485.00,-0.50%,4.2,4.3,4845,2454,+56.81%,1.97,37.76%,-0.420816,2026-08-05
CIFR,18.71,2026-08-14,9,Call,25.00,-33.62%,0.15,0.4,480,1113,+56.76%,0.43,150.91%,0.135489,2026-08-05
PCG,17.2,2027-03-19,226,Put,13.00,-24.42%,0.39,0.54,1,5072,+56.64%,0,41.19%,-0.140825,2026-08-05
KTOS,55.34,2026-08-07,2,Call,55.00,+0.61%,1.5,1.8,1139,1477,+56.63%,0.77,90.13%,0.551214,2026-08-05
BMY,63.63,2027-06-17,316,Put,60.00,-5.70%,4.5,5.7,4,2606,+56.61%,0,30.30%,-0.353839,2026-08-05
MSFT,487.46,2026-08-07,2,Put,470.00,-3.58%,0.76,0.9,2920,3412,+56.59%,0.86,41.38%,-0.112959,2026-08-05
QS,5.52,2026-08-21,16,Call,6.50,-17.75%,0.05,0.16,343,1785,+56.58%,0.19,85.03%,0.206073,2026-08-05
ASTS,68.38,2026-08-07,2,Call,80.00,-16.99%,0.16,0.17,2758,5038,+56.51%,0.55,131.79%,0.059624,2026-08-05
BTU,22.8,2026-09-18,44,Call,30.00,-31.58%,0.04,0.31,39,2133,+56.49%,0.02,55.12%,0.092735,2026-08-05
BTDR,11.06,2026-08-21,16,Put,11.00,-0.54%,1.15,1.3,1262,8217,+56.45%,0.15,137.59%,-0.433571,2026-08-05
LUV,48.79,2026-08-14,9,Call,46.00,+5.72%,3.1,3.4,160,2223,+56.44%,0.07,47.94%,0.795588,2026-08-05
RKLB,74.82,2026-09-18,44,Call,140.00,-87.12%,0.6,1.11,47,4442,+56.41%,0.01,110.52%,0.076459,2026-08-05
BKR,61.67,2026-10-16,72,Call,65.00,-5.40%,2.35,2.7,48,1245,+56.41%,0.04,34.57%,0.405059,2026-08-05
ASTS,68.38,2026-08-14,9,Call,80.00,-16.99%,1.97,2.11,971,1592,+56.39%,0.61,133.33%,0.260831,2026-08-05
NU,14.48,2027-06-17,316,Call,13.00,+10.22%,3.3,3.6,1,1934,+56.09%,0,47.62%,0.706396,2026-08-05
AAPL,311,2026-08-07,2,Call,315.00,-1.29%,1.36,1.45,49603,10358,+56.04%,4.79,32.13%,0.302244,2026-08-05
CMCSA,24.75,2027-06-17,316,Put,13.00,-47.47%,0.17,0.18,1654,1678,+55.95%,0.99,43.57%,-0.037114,2026-08-05
QURE,44.24,2026-10-16,72,Call,60.00,-35.62%,2.95,4.4,3,1397,+55.92%,0,104.11%,0.340128,2026-08-05
HOOD,92.8,2026-08-14,9,Call,100.00,-7.76%,1.5,1.63,2158,2602,+55.81%,0.83,69.59%,0.267268,2026-08-05
SPCX,108.27,2026-09-04,30,Put,90.00,-16.87%,3.6,3.8,1189,1056,+55.75%,1.13,92.84%,-0.201133,2026-08-05
UBER,68.18,2026-11-20,107,Put,67.50,-1.00%,4.65,4.9,100,3185,+55.75%,0.03,37.17%,-0.424667,2026-08-05
SPCX,108.27,2026-08-07,2,Put,113.00,+4.37%,7.8,8,7639,2521,+55.71%,3.03,159.58%,-0.618567,2026-08-05
WDC,519.17,2026-08-21,16,Call,500.00,+3.69%,51.9,57.95,187,1029,+55.67%,0.18,104.25%,0.613521,2026-08-05
SPCX,108.27,2026-08-07,2,Call,118.00,-8.99%,1.85,1.91,7067,2278,+55.60%,3.1,161.90%,0.255719,2026-08-05
RDW,10.72,2026-09-18,44,Call,12.00,-11.94%,1.1,1.35,139,1419,+55.59%,0.1,113.67%,0.469234,2026-08-05
CRDO,224.63,2026-08-07,2,Call,260.00,-15.75%,0.3,1.05,1075,1562,+55.58%,0.69,130.90%,0.072334,2026-08-05
SBET,6.36,2026-08-14,9,Call,6.50,-2.20%,0.3,0.37,141,1297,+55.52%,0.11,99.08%,0.477502,2026-08-05
AVGO,418.28,2026-08-07,2,Call,420.00,-0.41%,5.25,7.7,1311,3211,+55.50%,0.41,58.75%,0.472545,2026-08-05
RKLB,74.82,2028-01-21,534,Put,55.00,-26.49%,16.05,17.65,3,1359,+55.49%,0,92.11%,-0.192901,2026-08-05
HIMS,31.65,2026-08-07,2,Call,32.50,-2.69%,0.49,0.55,3618,1385,+55.44%,2.61,92.74%,0.363579,2026-08-05
ABT,105.71,2026-08-21,16,Call,110.00,-4.06%,0.8,1.05,14,2986,+55.44%,0,27.65%,0.258017,2026-08-05
SPCX,108.27,2027-03-19,226,Put,110.00,+1.60%,24.25,25,53,2106,+55.42%,0.03,74.40%,-0.385234,2026-08-05
APLD,29.87,2026-08-07,2,Call,31.50,-5.46%,0.36,0.45,551,1539,+55.30%,0.36,112.34%,0.275902,2026-08-05
IMSR,5.35,2027-01-15,163,Call,10.00,-86.92%,0.6,0.9,34,2585,+55.26%,0.01,122.42%,0.368964,2026-08-05
STM,52.77,2026-10-16,72,Call,60.00,-13.70%,3.4,3.9,3,1195,+55.19%,0,65.77%,0.392215,2026-08-05
MSFT,487.46,2026-10-16,72,Call,550.00,-12.83%,7.35,8.05,320,2161,+55.13%,0.15,30.50%,0.217322,2026-08-05
GE,381.22,2026-09-18,44,Call,380.00,+0.32%,17.7,18.1,42,1224,+55.13%,0.03,31.43%,0.547233,2026-08-05
GTM,3.66,2026-08-07,2,Call,4.00,-9.29%,0.25,0.3,1357,7103,+54.99%,0.19,375.63%,0.428657,2026-08-05
AMZN,272.65,2026-08-21,16,Put,285.00,+4.53%,14.55,15.6,135,1694,+54.99%,0.08,32.78%,-0.726374,2026-08-05
ENPH,38.95,2026-11-20,107,Call,60.00,-54.04%,2.45,3.3,94,1013,+54.89%,0.09,95.73%,0.290189,2026-08-05
SOFI,18.25,2026-08-21,16,Put,17.00,-6.85%,0.27,0.28,1649,13858,+54.84%,0.12,50.70%,-0.231274,2026-08-05
SMCI,30.32,2026-08-07,2,Call,33.50,-10.49%,0.11,0.13,864,1359,+54.61%,0.64,105.61%,0.108561,2026-08-05
AESI,10.67,2026-10-16,72,Call,12.50,-17.15%,0.7,0.95,1,1198,+54.58%,0,79.56%,0.378184,2026-08-05
MSFT,487.46,2026-08-07,2,Call,505.00,-3.60%,0.6,0.82,4636,2705,+54.57%,1.71,38.08%,0.108533,2026-08-05
HPQ,28.52,2026-09-18,44,Put,28.00,-1.82%,1.58,2.09,35,29108,+54.50%,0,53.38%,-0.423098,2026-08-05
COIN,149.89,2026-08-07,2,Call,170.00,-13.42%,0.18,0.2,1994,2490,+54.28%,0.8,97.47%,0.044006,2026-08-05
BMNR,18.43,2026-11-20,107,Call,24.00,-30.22%,1.73,1.92,20,1413,+54.26%,0.01,87.43%,0.382331,2026-08-05
NFLX,74.2,2026-08-07,2,Put,75.00,+1.08%,1.3,1.37,818,1596,+54.20%,0.51,40.24%,-0.63325,2026-08-05
AMD,482.05,2026-08-21,16,Put,530.00,+9.95%,57.2,61.25,68,1719,+54.17%,0.04,70.72%,-0.71271,2026-08-05
SKHY,151.03,2026-08-07,2,Call,165.00,-9.25%,1.4,1.6,1148,1382,+54.07%,0.83,130.76%,0.193886,2026-08-05
GLW,156.7,2026-08-07,2,Call,180.00,-14.87%,0.01,0.3,221,1536,+54.06%,0.14,100.76%,0.034451,2026-08-05
AMRZ,52.88,2026-10-16,72,Put,49.56,-6.28%,1.55,1.95,10,1440,+54.01%,0.01,35.71%,-0.301903,2026-08-05
QBTS,21.39,2026-08-21,16,Put,18.00,-15.85%,0.47,0.57,51,3346,+53.91%,0.02,104.66%,-0.183108,2026-08-05
GRAB,3.74,2026-09-18,44,Call,4.00,-6.95%,0.15,0.19,4260,2063,+53.84%,2.06,51.36%,0.396398,2026-08-05
NOW,117.22,2026-08-07,2,Call,117.00,+0.19%,2.46,2.61,1306,1146,+53.83%,1.14,69.74%,0.526335,2026-08-05
AMPX,11.72,2026-08-07,2,Call,11.00,+6.14%,0.75,1,1200,1318,+53.79%,0.91,124.84%,0.768691,2026-08-05
Q,135.64,2026-08-21,16,Call,150.00,-10.59%,3.2,3.9,26,1077,+53.64%,0.02,74.69%,0.289125,2026-08-05
AVGO,418.28,2028-01-21,534,Call,710.00,-69.74%,43.35,46.6,15,1362,+53.55%,0.01,53.95%,0.338758,2026-08-05
SPCX,108.27,2026-08-07,2,Put,95.00,-12.26%,0.69,0.73,32994,33800,+53.46%,0.98,153.40%,-0.113149,2026-08-05
SPCX,108.27,2026-08-07,2,Call,123.00,-13.60%,1.11,1.15,6637,1275,+53.43%,5.21,167.49%,0.167181,2026-08-05
TSLA,321.55,2026-08-10,5,Call,330.00,-2.63%,2.75,2.8,3379,1296,+53.37%,2.61,39.69%,0.29994,2026-08-05
FCX,69.39,2026-08-21,16,Call,75.00,-8.08%,1.15,1.31,3973,16063,+53.36%,0.25,54.43%,0.269293,2026-08-05
WPM,122.82,2026-09-18,44,Put,100.00,-18.58%,0.25,1.15,558,1271,+53.32%,0.44,44.61%,-0.076805,2026-08-05
META,588.77,2026-08-07,2,Call,595.00,-1.06%,5.5,6.1,4900,1729,+53.28%,2.83,48.72%,0.393988,2026-08-05
SOFI,18.25,2027-12-17,499,Put,10.00,-45.21%,0.88,1.08,17,6580,+53.17%,0,63.40%,-0.106644,2026-08-05
HOOD,92.8,2026-08-07,2,Call,101.00,-8.84%,0.22,0.26,407,1508,+53.10%,0.27,83.86%,0.091771,2026-08-05
MSTR,98.37,2026-08-07,2,Put,93.00,-5.46%,0.5,0.72,1045,1728,+53.06%,0.6,85.02%,-0.17712,2026-08-05
RIVN,15.56,2026-08-07,2,Call,16.00,-2.83%,0.11,0.14,4764,10151,+52.88%,0.47,62.91%,0.283881,2026-08-05
DJT,9.96,2026-08-21,16,Call,12.00,-20.48%,0.12,0.4,154,1651,+52.87%,0.09,103.78%,0.229141,2026-08-05
RUN,10.49,2026-09-18,44,Call,15.00,-42.99%,0.32,0.37,72,34998,+52.86%,0,99.80%,0.198761,2026-08-05
CRWV,89.89,2026-08-07,2,Call,101.00,-12.36%,0.34,0.43,530,1177,+52.86%,0.45,120.65%,0.104178,2026-08-05
AMD,482.05,2026-08-07,2,Put,450.00,-6.65%,2.26,2.48,7164,2552,+52.81%,2.81,89.45%,-0.141181,2026-08-05
AA,47.69,2026-08-07,2,Call,48.00,-0.65%,0.62,0.75,606,2319,+52.77%,0.26,58.58%,0.450549,2026-08-05
MSFT,487.46,2026-11-20,107,Call,560.00,-14.88%,12.1,13.4,50,4569,+52.76%,0.01,33.11%,0.262606,2026-08-05
CRCL,63.28,2026-08-07,2,Call,62.00,+2.02%,2.61,3,1385,1164,+52.76%,1.19,113.35%,0.613294,2026-08-05
AMKR,53.86,2026-12-18,135,Put,40.00,-25.73%,4.2,5.3,5,3402,+52.56%,0,93.49%,-0.204346,2026-08-05
DLTR,128.76,2026-09-18,44,Call,145.00,-12.61%,2.96,3.45,10,6273,+52.52%,0,47.24%,0.269254,2026-08-05
BAC,63.25,2026-08-14,9,Put,61.00,-3.56%,0.13,0.16,565,1153,+52.51%,0.49,21.36%,-0.133623,2026-08-05
MU,893.19,2026-09-18,44,Put,300.00,-66.41%,0.4,0.75,21,6761,+52.38%,0,130.00%,-0.004005,2026-08-05
FIG,28.15,2026-08-07,2,Call,28.00,+0.53%,1.93,2.3,5544,2899,+52.26%,1.91,245.98%,0.548344,2026-08-05
RKT,13.86,2026-09-18,44,Call,15.00,-8.23%,0.76,0.84,231,28449,+52.23%,0.01,63.59%,0.410037,2026-08-05
MSFT,487.46,2026-08-21,16,Put,475.00,-2.56%,6.7,7.25,915,1765,+52.16%,0.52,30.89%,-0.326532,2026-08-05
IOVA,4.34,2026-12-18,135,Call,7.50,-72.81%,0.4,0.55,33,1372,+52.11%,0.02,113.29%,0.33401,2026-08-05
MSFT,487.46,2026-10-16,72,Call,530.00,-8.73%,11.6,12.55,229,1388,+52.03%,0.16,30.55%,0.306079,2026-08-05
MU,893.19,2026-09-18,44,Put,680.00,-23.87%,23.05,23.9,62,3628,+51.99%,0.02,88.04%,-0.145044,2026-08-05
MOS,23.41,2026-08-07,2,Call,23.00,+1.75%,0.5,0.75,838,1914,+51.90%,0.44,56.34%,0.671578,2026-08-05
NVDA,219.22,2026-08-07,2,Put,212.50,-3.07%,0.66,0.68,14923,2861,+51.62%,5.22,44.97%,-0.16935,2026-08-05
SPCX,108.27,2026-08-07,2,Put,116.00,+7.14%,9.8,10.3,7334,1952,+51.55%,3.76,161.17%,-0.697545,2026-08-05
NFLX,74.2,2026-08-07,2,Put,72.00,-2.96%,0.19,0.2,2646,3418,+51.51%,0.77,41.71%,-0.159585,2026-08-05
ASX,36.78,2026-09-18,44,Call,47.50,-29.15%,1.1,1.5,136,1039,+51.46%,0.13,84.84%,0.235051,2026-08-05
TSLA,321.55,2026-08-14,9,Call,365.00,-13.51%,0.67,0.7,332,1057,+51.43%,0.31,51.06%,0.063051,2026-08-05
TENX,13.05,2027-01-15,163,Put,2.50,-80.84%,0,0.7,557,2968,+51.43%,0.19,203.43%,-0.028295,2026-08-05
TTD,18.96,2026-08-07,2,Call,22.50,-18.67%,0.19,0.33,89,1188,+51.34%,0.07,221.70%,0.168537,2026-08-05
GOOGL,362.43,2026-11-20,107,Put,220.00,-39.30%,0.26,0.93,493,1020,+51.34%,0.48,46.91%,-0.016526,2026-08-05
LLY,1169.86,2026-09-18,44,Call,"1,300.00",-11.12%,15,17.9,718,1757,+51.20%,0.41,34.70%,0.21634,2026-08-05
CMG,34.5,2026-08-14,9,Call,34.00,+1.45%,1.13,1.35,592,1610,+51.17%,0.37,44.37%,0.601505,2026-08-05
NVO,44.53,2026-08-07,2,Put,43.00,-3.44%,0.08,0.1,612,2715,+50.92%,0.23,41.98%,-0.128399,2026-08-05
MRNA,56.26,2026-09-18,44,Put,35.00,-37.79%,0.16,0.3,502,5110,+50.74%,0.1,81.35%,-0.03318,2026-08-05
AMD,482.05,2026-08-07,2,Put,420.00,-12.87%,0.31,0.38,3781,2116,+50.60%,1.79,97.35%,-0.025544,2026-08-05
INTC,101.06,2026-08-21,16,Call,101.00,+0.06%,6.75,7.4,296,1414,+50.59%,0.21,82.84%,0.538945,2026-08-05
ORCL,144.39,2026-11-20,107,Call,150.00,-3.89%,19.1,19.8,89,8606,+50.48%,0.01,68.96%,0.539243,2026-08-05
AMD,482.05,2026-08-07,2,Put,430.00,-10.80%,0.56,0.71,3453,1548,+50.44%,2.23,93.21%,-0.045214,2026-08-05
AAOI,128.56,2026-08-07,2,Call,140.00,-8.90%,6.5,7.8,1627,1146,+50.39%,1.42,303.55%,0.395036,2026-08-05
COHR,328.22,2026-08-07,2,Call,350.00,-6.64%,3.5,5.1,125,1108,+50.34%,0.11,121.97%,0.253228,2026-08-05
CGNX,70.71,2026-08-21,16,Call,75.00,-6.07%,3.5,4.1,185,1246,+50.30%,0.15,93.07%,0.421511,2026-08-05
KO,86.83,2026-11-20,107,Call,95.00,-9.41%,1.2,1.39,148,1354,+50.28%,0.11,20.75%,0.238092,2026-08-05
INTC,101.06,2026-08-07,2,Call,112.00,-10.83%,0.29,0.32,1440,1145,+50.26%,1.26,100.62%,0.090028,2026-08-05
NBIS,218.99,2026-08-07,2,Put,160.00,-26.94%,0.14,0.21,588,5421,+50.25%,0.11,201.04%,-0.014464,2026-08-05
CRWV,89.89,2027-01-15,163,Call,125.00,-39.06%,12.35,13,74,4253,+50.18%,0.02,93.54%,0.425625,2026-08-05
"Downloaded from Barchart.com as of 08-05-2026 09:24pm CDT"
