Symbol,Price~,"Exp Date",DTE,Type,Strike,Moneyness,Bid,Latest,Ask,Volume,"Open Int",Vol/OI,"Imp Vol",IV,Delta,Time
INTC,96.68,2026-08-19,1,Call,98.00,-1.37%,0.78,0.78,0.83,16549,122,135.65,63.58%,66.90%,0.357207,2026-08-18
BNY,163.93,2027-01-15,150,Put,150.00,-8.50%,4.3,5.02,5.3,15096,121,124.76,21.62%,27.07%,-0.257154,2026-08-18
MU,940.76,2026-08-19,1,Call,950.00,-0.98%,9.85,10.2,10.65,27487,233,117.97,65.12%,72.77%,0.407084,2026-08-18
MU,940.76,2026-08-19,1,Call,960.00,-2.05%,6.85,6.85,7.3,17089,158,108.16,65.12%,74.13%,0.308554,2026-08-18
CVX,205.74,2026-09-11,24,Call,215.00,-4.50%,1.56,1.65,1.89,23579,225,104.8,25.09%,23.52%,0.242237,2026-08-18
AMZN,259.45,2026-08-19,1,Call,242.50,+6.53%,16.5,17.15,17.25,9618,104,92.48,28.50%,75.49%,0.958384,2026-08-18
META,543.67,2026-08-19,1,Call,555.00,-2.08%,1.26,1.26,1.34,11967,133,89.98,35.77%,44.13%,0.190076,2026-08-18
UBER,74.66,2026-09-11,24,Put,75.00,+0.46%,2.5,2.55,2.7,11079,133,83.3,33.10%,32.78%,-0.496406,2026-08-18
TSLA,336.87,2026-08-19,1,Call,337.50,-0.19%,2.77,2.84,2.83,63920,863,74.07,40.16%,43.88%,0.473867,2026-08-18
META,543.67,2026-08-19,1,Put,537.50,-1.13%,2.07,2.23,2.26,10534,143,73.66,35.77%,40.95%,-0.292229,2026-08-18
TJX,150.85,2026-08-21,3,Call,152.50,-1.09%,2.35,2.6,2.7,30130,439,68.63,27.72%,59.66%,0.43225,2026-08-18
META,543.67,2026-08-19,1,Call,560.00,-3.00%,0.68,0.71,0.72,12555,193,65.05,35.77%,45.87%,0.111776,2026-08-18
AAPL,310.03,2026-08-19,1,Put,310.00,-0.01%,1.49,1.53,1.58,37706,589,64.02,24.19%,24.13%,-0.492115,2026-08-18
INTC,96.68,2026-08-19,1,Call,99.00,-2.40%,0.49,0.5,0.54,6378,100,63.78,63.58%,67.09%,0.256575,2026-08-18
TSLA,336.87,2026-08-19,1,Put,332.50,-1.30%,1.35,1.43,1.39,54311,931,58.34,40.16%,44.12%,-0.280699,2026-08-18
NVDA,219.74,2026-08-31,13,Call,220.00,-0.12%,7.3,7.4,7.45,7719,140,55.14,39.13%,44.63%,0.51647,2026-08-18
META,543.67,2026-08-19,1,Put,542.50,-0.22%,3.9,4.05,4.25,9720,181,53.7,35.77%,41.06%,-0.454441,2026-08-18
META,543.67,2026-08-19,1,Put,547.50,+0.70%,6.5,7,7.15,17333,335,51.74,35.77%,41.17%,-0.622484,2026-08-18
META,543.67,2026-08-19,1,Put,545.00,+0.24%,5.15,5.37,5.55,23962,479,50.03,35.77%,41.16%,-0.539569,2026-08-18
INTC,96.68,2026-08-19,1,Call,97.00,-0.33%,1.2,1.2,1.27,11116,223,49.85,63.58%,68.40%,0.471857,2026-08-18
NVDA,219.74,2026-08-19,1,Call,222.50,-1.26%,0.54,0.54,0.57,114489,2302,49.73,39.13%,33.71%,0.243907,2026-08-18
BILI,16.99,2026-10-16,59,Call,22.00,-29.49%,0.28,0.3,0.52,5493,113,48.61,49.72%,62.60%,0.190205,2026-08-18
NVDA,219.74,2026-08-19,1,Call,220.00,-0.12%,1.47,1.47,1.5,85356,1782,47.9,39.13%,34.91%,0.479725,2026-08-18
OXY,59.8,2026-10-16,59,Call,75.00,-25.42%,0.22,0.26,0.3,12901,279,46.24,31.51%,36.12%,0.071274,2026-08-18
TSLA,336.87,2026-08-19,1,Call,335.00,+0.56%,4.05,4.15,4.2,39906,872,45.76,40.16%,43.92%,0.601808,2026-08-18
FCEL,21.7,2026-08-28,10,Call,27.00,-24.42%,0.35,0.45,0.5,5526,122,45.3,125.25%,130.19%,0.183566,2026-08-18
TSLA,336.87,2026-08-19,1,Put,335.00,-0.56%,2.2,2.21,2.24,118834,2676,44.41,40.16%,43.87%,-0.398352,2026-08-18
INTC,96.68,2026-08-19,1,Call,96.00,+0.70%,1.73,1.75,1.83,8251,188,43.89,63.58%,69.92%,0.585089,2026-08-18
MU,940.76,2026-08-19,1,Put,945.00,+0.45%,15.35,15.8,16.9,7477,179,41.77,65.12%,70.85%,-0.540079,2026-08-18
META,543.67,2026-08-19,1,Put,540.00,-0.68%,2.9,2.85,3.15,26794,652,41.1,35.77%,41.08%,-0.370941,2026-08-18
TSLA,336.87,2026-08-19,1,Put,337.50,+0.19%,3.35,3.47,3.5,60933,1505,40.49,40.16%,44.25%,-0.526169,2026-08-18
BTDR,9,2026-09-11,24,Call,9.50,-5.56%,0.55,0.71,0.75,4061,103,39.43,95.98%,92.07%,0.459809,2026-08-18
DAL,85.7,2026-08-28,10,Call,89.00,-3.85%,0.64,0.82,1.02,6645,169,39.32,33.49%,35.66%,0.274689,2026-08-18
NVDA,219.74,2026-08-19,1,Put,232.50,+5.81%,12.25,13.37,12.95,12100,308,39.29,39.13%,91.06%,-0.87703,2026-08-18
ET,21.42,2028-12-15,850,Put,25.00,+16.71%,4.8,4.95,6.05,4897,130,37.67,18.38%,23.08%,-0.579112,2026-08-18
AAOI,131.41,2026-08-21,3,Put,133.00,+1.21%,6,6.6,7.3,4142,110,37.65,107.55%,122.21%,-0.520349,2026-08-18
MU,940.76,2026-08-19,1,Call,955.00,-1.51%,8.05,8.4,8.9,5281,141,37.45,65.12%,73.07%,0.355252,2026-08-18
MU,940.76,2026-08-19,1,Call,930.00,+1.14%,19.55,20.08,21.5,3706,100,37.06,65.12%,74.02%,0.625074,2026-08-18
AMD,484.39,2026-08-19,1,Put,477.50,-1.42%,2.92,2.95,3.25,5047,142,35.54,53.93%,58.92%,-0.314608,2026-08-18
AMD,484.39,2026-08-19,1,Call,490.00,-1.16%,3.45,3.57,3.75,5341,157,34.02,53.93%,58.72%,0.360887,2026-08-18
UMC,18.48,2027-01-15,150,Put,13.00,-29.65%,0.5,0.75,0.9,7108,209,34.01,59.98%,63.96%,-0.146281,2026-08-18
AAPL,310.03,2026-08-19,1,Call,312.50,-0.80%,0.76,0.78,0.81,106433,3271,32.54,24.19%,26.78%,0.290175,2026-08-18
MU,940.76,2026-08-19,1,Put,940.00,-0.08%,12.45,13.42,13.9,14368,449,32,65.12%,69.23%,-0.482989,2026-08-18
BTDR,9,2026-09-11,24,Call,9.00,0.00%,0.75,0.8,1,4129,130,31.76,95.98%,94.21%,0.551981,2026-08-18
KC,10.84,2026-08-21,3,Put,10.00,-7.75%,0.1,0.17,0.2,11434,367,31.16,71.28%,120.00%,-0.212344,2026-08-18
META,543.67,2026-08-19,1,Put,520.00,-4.35%,0.13,0.21,0.24,4118,136,30.28,35.77%,47.19%,-0.034543,2026-08-18
DVN,47.83,2026-09-04,17,Call,49.00,-2.45%,0.94,1,1.07,4280,143,29.93,35.17%,36.27%,0.395502,2026-08-18
META,543.67,2026-08-19,1,Put,535.00,-1.59%,1.46,1.49,1.62,8689,292,29.76,35.77%,41.35%,-0.224413,2026-08-18
ET,21.42,2028-12-15,850,Put,27.00,+26.05%,6.25,6.4,7.6,2908,100,29.08,18.38%,23.18%,-0.653246,2026-08-18
KOPN,5.04,2026-10-16,59,Put,5.00,-0.79%,0.7,0.7,0.85,4101,148,27.71,91.79%,101.25%,-0.407437,2026-08-18
GRAB,3.45,2026-10-02,45,Put,3.50,+1.45%,0.13,0.25,0.26,5029,187,26.89,64.45%,36.29%,-0.509654,2026-08-18
MU,940.76,2026-10-02,45,Put,305.00,-67.58%,0.08,0.25,0.5,3464,135,25.66,65.12%,121.96%,-0.002161,2026-08-18
TSLA,336.87,2026-08-19,1,Call,342.50,-1.67%,1.15,1.21,1.2,50968,2004,25.43,40.16%,45.56%,0.248538,2026-08-18
CVNA,65,2026-09-04,17,Put,60.00,-7.69%,1.34,1.38,1.6,5253,208,25.25,58.52%,63.91%,-0.254611,2026-08-18
CCJ,96.03,2026-10-16,59,Put,85.00,-11.49%,2.05,2.14,2.26,2544,101,25.19,42.56%,43.45%,-0.208785,2026-08-18
DOCU,60.01,2026-08-21,3,Call,65.00,-8.32%,0.1,0.12,0.13,17080,693,24.65,61.05%,60.86%,0.078555,2026-08-18
TSLA,336.87,2026-08-19,1,Put,330.00,-2.04%,0.79,0.81,0.82,77118,3128,24.65,40.16%,44.68%,-0.184963,2026-08-18
TSLA,336.87,2026-08-19,1,Call,340.00,-0.93%,1.83,1.83,1.87,119793,4862,24.64,40.16%,44.72%,0.352247,2026-08-18
META,543.67,2026-08-19,1,Put,530.00,-2.51%,0.7,0.72,0.77,11897,484,24.58,35.77%,42.35%,-0.12226,2026-08-18
GOOGL,344.2,2026-08-24,6,Call,347.50,-0.96%,2.72,3.2,3.2,4772,196,24.35,27.86%,24.53%,0.393537,2026-08-18
AAPL,310.03,2026-08-19,1,Put,305.00,-1.62%,0.24,0.27,0.28,43314,1805,24,24.19%,26.92%,-0.120196,2026-08-18
WOLF,31.46,2026-09-18,31,Put,27.50,-12.59%,2.28,2.52,2.48,20021,835,23.98,120.58%,120.15%,-0.285394,2026-08-18
PLNT,53.36,2026-09-18,31,Call,57.50,-7.76%,0.35,0.9,0.95,5028,213,23.61,35.81%,31.88%,0.234505,2026-08-18
MU,940.76,2026-08-19,1,Call,975.00,-3.64%,3.75,3.75,3.95,7987,340,23.49,65.12%,75.98%,0.190341,2026-08-18
AMZN,259.45,2026-08-19,1,Call,247.50,+4.61%,11.6,12.4,13,3446,147,23.44,28.50%,65.07%,0.919917,2026-08-18
MU,940.76,2026-08-19,1,Call,970.00,-3.11%,4.5,4.75,4.85,10122,436,23.22,65.12%,74.89%,0.223977,2026-08-18
TSLA,336.87,2026-08-19,1,Put,322.50,-4.27%,0.14,0.14,0.15,17958,777,23.11,40.16%,48.47%,-0.041403,2026-08-18
NU,14.35,2027-01-15,150,Put,14.00,-2.44%,1.15,1.14,1.2,20015,866,23.11,35.24%,39.75%,-0.39414,2026-08-18
ASTL,4.09,2026-09-18,31,Call,5.00,-22.25%,0.1,0.15,0.15,6007,260,23.1,68.15%,83.58%,0.239128,2026-08-18
LSCC,124.21,2026-09-18,31,Call,150.00,-20.76%,1.95,2.26,2.7,2398,104,23.06,61.94%,65.96%,0.192404,2026-08-18
EYPT,5.47,2027-01-15,150,Put,2.50,-54.30%,0.5,0.5,0.55,4909,216,22.73,103.22%,174.32%,-0.101831,2026-08-18
NVDA,219.74,2026-08-21,3,Put,242.50,+10.36%,22.25,23.19,23.6,6292,282,22.31,39.13%,61.75%,-0.95979,2026-08-18
LAES,2.74,2026-10-02,45,Call,3.00,-9.49%,0.16,0.25,0.31,2205,103,21.41,82.24%,86.21%,0.447072,2026-08-18
MU,940.76,2026-08-19,1,Put,885.00,-5.93%,1.16,1.2,1.28,2307,108,21.36,65.12%,79.96%,-0.069041,2026-08-18
MU,940.76,2026-08-19,1,Put,930.00,-1.14%,9,9.2,9.45,10630,498,21.35,65.12%,71.60%,-0.37146,2026-08-18
NVDA,219.74,2026-08-19,1,Put,217.50,-1.02%,0.75,0.77,0.78,94156,4412,21.34,39.13%,36.24%,-0.28989,2026-08-18
TTE,89.29,2026-09-18,31,Call,92.50,-3.60%,1.1,1.2,1.25,2478,117,21.18,22.02%,23.14%,0.313269,2026-08-18
NVTS,13.17,2026-09-25,38,Call,18.00,-36.67%,0.32,0.37,0.51,2606,124,21.02,94.48%,97.55%,0.205217,2026-08-18
GOOGL,344.2,2026-08-19,1,Call,342.50,+0.49%,2.83,2.89,3.05,8199,394,20.81,27.86%,27.25%,0.640889,2026-08-18
GOOGL,344.2,2026-08-19,1,Call,345.00,-0.23%,1.49,1.54,1.64,20817,1003,20.75,27.86%,26.75%,0.439502,2026-08-18
MU,940.76,2026-08-19,1,Call,990.00,-5.23%,1.99,2.04,2.13,4182,209,20.01,65.12%,78.59%,0.111742,2026-08-18
MU,940.76,2026-08-28,10,Call,"1,270.00",-35.00%,0.61,0.74,0.79,2017,101,19.97,65.12%,81.73%,0.016054,2026-08-18
NVDA,219.74,2026-08-19,1,Call,202.50,+7.85%,16.3,16.97,18.65,2188,110,19.89,39.13%,94.86%,0.952743,2026-08-18
PAA,24.19,2026-11-20,94,Call,27.00,-11.62%,0.15,0.15,0.2,2500,126,19.84,19.54%,20.57%,0.141897,2026-08-18
OXY,59.8,2026-10-16,59,Call,65.00,-8.70%,1.28,1.35,1.45,13109,673,19.48,31.51%,32.85%,0.293373,2026-08-18
MU,940.76,2026-08-19,1,Put,890.00,-5.40%,1.48,1.5,1.63,4633,239,19.38,65.12%,78.82%,-0.085753,2026-08-18
TSLA,336.87,2026-08-19,1,Call,345.00,-2.41%,0.72,0.76,0.75,57289,2999,19.1,40.16%,46.75%,0.16895,2026-08-18
MU,940.76,2026-08-19,1,Call,985.00,-4.70%,2.47,2.49,2.59,2690,142,18.94,65.12%,77.57%,0.133686,2026-08-18
SNDK,1625.78,2026-08-21,3,Call,"1,640.00",-0.87%,49.8,51,51.5,3581,192,18.65,85.49%,97.00%,0.479387,2026-08-18
AMZN,259.45,2026-08-21,3,Put,277.50,+6.96%,17.85,18.21,18.5,6499,351,18.52,28.50%,42.66%,-0.959311,2026-08-18
INTC,96.68,2026-08-19,1,Put,94.00,-2.77%,0.45,0.48,0.51,9541,519,18.38,63.58%,72.55%,-0.222817,2026-08-18
APA,42.37,2026-10-16,59,Call,45.00,-6.21%,1.85,1.88,1.88,11477,626,18.33,41.14%,42.49%,0.397917,2026-08-18
MU,940.76,2026-08-19,1,Put,910.00,-3.27%,3.75,4,4.05,4971,275,18.08,65.12%,74.25%,-0.190207,2026-08-18
MU,940.76,2026-08-19,1,Call,995.00,-5.77%,1.6,1.6,1.73,2881,160,18.01,65.12%,79.49%,0.092734,2026-08-18
TMDX,90.69,2026-09-18,31,Call,100.00,-10.27%,1.2,2.15,2.95,2504,140,17.89,49.82%,49.12%,0.277896,2026-08-18
MSFT,481.63,2026-08-19,1,Call,482.50,-0.18%,2.21,2.4,2.43,13807,776,17.79,26.18%,26.98%,0.454147,2026-08-18
AMZN,259.45,2026-08-19,1,Call,262.50,-1.18%,0.61,0.62,0.64,37675,2145,17.56,28.50%,31.81%,0.245808,2026-08-18
INTC,96.68,2026-09-04,17,Put,86.00,-11.05%,1.36,1.62,1.63,4864,279,17.43,63.58%,66.40%,-0.18455,2026-08-18
AMZN,259.45,2026-08-19,1,Call,260.00,-0.21%,1.43,1.44,1.48,34839,2001,17.41,28.50%,31.43%,0.454427,2026-08-18
AAP,56.96,2026-08-21,3,Call,55.00,+3.44%,4.2,6.2,6.6,11804,690,17.11,74.96%,215.03%,0.609375,2026-08-18
MU,940.76,2026-08-19,1,Put,970.00,+3.11%,31.05,33.13,35.55,7637,448,17.05,65.12%,71.21%,-0.7885,2026-08-18
AMD,484.39,2026-08-19,1,Call,482.50,+0.39%,6.7,7,7.25,2652,156,17,53.93%,59.01%,0.557749,2026-08-18
AMZN,259.45,2026-08-19,1,Put,260.00,+0.21%,1.9,2.02,1.98,27918,1650,16.92,28.50%,30.67%,-0.547399,2026-08-18
MU,940.76,2026-08-19,1,Call,"1,000.00",-6.30%,1.29,1.35,1.4,26854,1604,16.74,65.12%,80.43%,0.076741,2026-08-18
RGTI,17.71,2026-09-04,17,Call,18.00,-1.64%,1.01,1.07,1.16,1671,100,16.71,74.87%,78.90%,0.499867,2026-08-18
MU,940.76,2026-08-19,1,Put,860.00,-8.58%,0.35,0.37,0.39,1801,109,16.52,65.12%,86.85%,-0.0228,2026-08-18
NVDA,219.74,2026-08-19,1,Put,237.50,+8.08%,16.4,17.91,18.7,4611,281,16.41,39.13%,84.80%,-0.958406,2026-08-18
MU,940.76,2026-08-19,1,Put,935.00,-0.61%,10.4,10.4,11.65,14477,893,16.21,65.12%,70.21%,-0.425532,2026-08-18
MARA,8.96,2027-01-15,150,Put,6.00,-33.04%,0.48,0.51,0.55,5181,321,16.14,80.06%,86.21%,-0.152318,2026-08-18
TSLA,336.87,2026-08-19,1,Call,347.50,-3.16%,0.46,0.45,0.47,24158,1512,15.98,40.16%,48.42%,0.113261,2026-08-18
AAPL,310.03,2026-08-19,1,Call,315.00,-1.60%,0.3,0.31,0.33,72878,4574,15.93,24.19%,27.65%,0.138872,2026-08-18
SNDK,1625.78,2026-08-21,3,Put,"1,640.00",+0.87%,62.2,65.82,65.3,3127,203,15.4,85.49%,95.86%,-0.521547,2026-08-18
MU,940.76,2026-08-19,1,Put,920.00,-2.21%,5.4,6.16,6.4,10130,666,15.21,65.12%,71.59%,-0.268752,2026-08-18
MSFT,481.63,2026-08-19,1,Put,480.00,-0.34%,1.83,2,2.01,15195,1004,15.13,26.18%,26.59%,-0.399221,2026-08-18
RKT,13.99,2026-11-20,94,Put,11.00,-21.37%,0.35,0.4,0.45,1762,117,15.06,52.90%,58.06%,-0.160379,2026-08-18
MSFT,481.63,2026-08-19,1,Call,485.00,-0.70%,1.28,1.35,1.41,18541,1238,14.98,26.18%,26.65%,0.312982,2026-08-18
AVGO,380,2026-08-19,1,Call,380.00,0.00%,3.1,3.3,3.45,3261,218,14.96,49.32%,41.08%,0.505778,2026-08-18
AMLX,35.11,2026-08-21,3,Call,35.00,+0.31%,1.45,1.6,1.75,1508,101,14.93,69.90%,121.47%,0.534374,2026-08-18
AMZN,259.45,2026-08-19,1,Call,250.00,+3.64%,9.15,9.1,10.55,2680,180,14.89,28.50%,56.52%,0.898399,2026-08-18
CMPX,2.39,2026-11-20,94,Call,5.00,-109.21%,0.05,0.2,0.35,3501,236,14.83,113.58%,143.47%,0.262288,2026-08-18
META,543.67,2026-08-21,3,Call,577.50,-6.22%,0.72,0.82,0.93,5943,405,14.67,35.77%,46.59%,0.08048,2026-08-18
FRSH,12.73,2026-09-18,31,Call,15.00,-17.83%,0.15,0.21,0.25,1574,108,14.57,52.55%,56.79%,0.186782,2026-08-18
NVDA,219.74,2026-08-31,13,Call,235.00,-6.94%,2.32,2.33,2.39,1880,129,14.57,39.13%,44.55%,0.228671,2026-08-18
TRIP,10.23,2028-01-21,521,Put,13.00,+27.08%,2.4,4.01,6.1,5001,345,14.5,40.05%,56.75%,-0.498664,2026-08-18
META,543.67,2026-08-19,1,Call,565.00,-3.92%,0.35,0.37,0.4,6371,440,14.48,35.77%,47.78%,0.06393,2026-08-18
AMZN,259.45,2026-08-26,8,Call,260.00,-0.21%,3.95,4.03,4.2,1688,117,14.43,28.50%,27.68%,0.495304,2026-08-18
BIDU,90.87,2026-08-21,3,Call,94.00,-3.44%,0.7,0.69,0.85,2395,166,14.43,45.28%,58.20%,0.270982,2026-08-18
SPCX,143.34,2026-10-16,59,Call,290.00,-102.32%,0.27,0.32,0.36,2741,191,14.35,64.16%,79.06%,0.020742,2026-08-18
SNDK,1625.78,2026-08-21,3,Call,"1,670.00",-2.72%,37.9,39.35,41.2,2752,192,14.33,85.49%,98.79%,0.400685,2026-08-18
AVGO,380,2026-08-19,1,Call,392.50,-3.29%,0.27,0.28,0.35,2069,145,14.27,49.32%,43.50%,0.079774,2026-08-18
INTC,96.68,2026-08-19,1,Call,101.00,-4.47%,0.17,0.2,0.2,6386,457,13.97,63.58%,67.72%,0.112816,2026-08-18
AMZN,259.45,2026-09-04,17,Call,277.50,-6.96%,1.3,1.34,1.49,1480,106,13.96,28.50%,29.88%,0.162429,2026-08-18
WULF,15.62,2026-10-16,59,Call,17.00,-8.83%,1.7,1.75,1.79,7092,508,13.96,89.25%,99.28%,0.459227,2026-08-18
BTDR,9,2026-12-18,122,Call,14.00,-55.56%,0.8,0.85,1.15,3056,220,13.89,95.98%,107.24%,0.351247,2026-08-18
CRWV,93.17,2026-08-21,3,Call,97.00,-4.11%,1.45,1.51,1.57,3272,238,13.75,77.97%,88.45%,0.32324,2026-08-18
APP,307.26,2026-08-21,3,Call,315.00,-2.52%,3.5,3.7,3.9,3482,254,13.71,53.60%,60.94%,0.338219,2026-08-18
SNDK,1625.78,2026-08-21,3,Call,"1,660.00",-2.10%,41.8,43,43.2,2038,150,13.59,85.49%,97.33%,0.425206,2026-08-18
SEDG,29.82,2026-11-20,94,Call,37.50,-25.75%,2.77,2.95,3.15,1937,143,13.55,78.93%,88.29%,0.395338,2026-08-18
MU,940.76,2026-08-19,1,Put,870.00,-7.52%,0.55,0.58,0.63,4097,304,13.48,65.12%,83.83%,-0.035455,2026-08-18
AAPL,310.03,2026-08-19,1,Call,310.00,+0.01%,1.74,1.78,1.8,103418,7761,13.33,24.19%,26.90%,0.508094,2026-08-18
DELL,468.65,2026-10-16,59,Put,150.00,-67.99%,0.03,0.16,0.36,2803,211,13.28,81.56%,111.29%,-0.002716,2026-08-18
BTDR,9,2026-08-21,3,Call,8.50,+5.56%,0.55,0.7,0.75,3280,247,13.28,95.98%,108.01%,0.737555,2026-08-18
W,101.69,2026-09-18,31,Put,92.50,-9.04%,2.28,2.3,2.57,2199,167,13.17,53.19%,53.36%,-0.240557,2026-08-18
AMD,484.39,2026-08-19,1,Put,475.00,-1.94%,2.25,2.3,2.49,4832,367,13.17,53.93%,59.22%,-0.257861,2026-08-18
PSKY,10.43,2026-10-16,59,Put,9.00,-13.71%,0.22,0.27,0.33,5019,381,13.17,47.63%,51.69%,-0.203913,2026-08-18
ASX,36.41,2026-09-18,31,Call,42.50,-16.73%,0.75,0.85,0.9,12816,977,13.12,63.68%,63.68%,0.22933,2026-08-18
MU,940.76,2026-08-19,1,Put,925.00,-1.68%,7.05,7.67,8,5805,446,13.02,65.12%,72.13%,-0.319638,2026-08-18
AMD,484.39,2026-08-19,1,Put,470.00,-2.97%,1.32,1.4,1.48,5641,434,13,53.93%,60.98%,-0.167582,2026-08-18
AVGO,380,2026-08-19,1,Put,370.00,-2.63%,0.52,0.62,0.65,5003,388,12.89,49.32%,45.49%,-0.128148,2026-08-18
MU,940.76,2026-08-19,1,Put,900.00,-4.33%,2.39,2.48,2.57,16996,1328,12.8,65.12%,76.44%,-0.129371,2026-08-18
ENVX,3.13,2026-08-21,3,Call,3.00,+4.15%,0.18,0.2,0.24,4524,354,12.78,85.17%,118.17%,0.679855,2026-08-18
TSLA,336.87,2026-08-19,1,Put,345.00,+2.41%,8.55,9,9.05,8030,629,12.77,40.16%,45.92%,-0.836204,2026-08-18
MU,940.76,2026-08-19,1,Put,880.00,-6.46%,0.92,1,1,3533,278,12.71,65.12%,81.24%,-0.05552,2026-08-18
CAVA,68.24,2026-12-18,122,Put,75.00,+9.91%,11.65,11.17,12.25,2001,159,12.58,49.42%,52.75%,-0.553916,2026-08-18
IVA,4.64,2027-01-15,150,Call,5.00,-7.76%,2.3,2.37,2.8,1281,103,12.44,269.76%,242.24%,0.769891,2026-08-18
AMZN,259.45,2026-08-19,1,Call,230.00,+11.35%,28.35,29.3,29.8,1860,150,12.4,28.50%,81.33%,0.997833,2026-08-18
WULF,15.62,2026-08-21,3,Call,16.50,-5.63%,0.24,0.25,0.28,4001,327,12.24,89.25%,104.74%,0.292657,2026-08-18
PCG,17.82,2027-03-19,213,Call,21.00,-17.85%,0.84,0.93,1.06,2001,166,12.05,54.65%,35.50%,0.339396,2026-08-18
CLSK,11.73,2026-09-04,17,Put,11.00,-6.22%,0.35,0.52,0.75,3715,312,11.91,82.73%,89.46%,-0.331137,2026-08-18
TSLA,336.87,2026-08-19,1,Put,325.00,-3.52%,0.25,0.26,0.26,24053,2026,11.87,40.16%,46.78%,-0.069311,2026-08-18
FN,482.59,2026-08-21,3,Call,500.00,-3.61%,4.4,7.9,10.5,1410,119,11.85,68.05%,81.50%,0.330375,2026-08-18
AAPL,310.03,2026-08-19,1,Call,317.50,-2.41%,0.13,0.13,0.14,16686,1409,11.84,24.19%,29.71%,0.064568,2026-08-18
AMLX,35.11,2026-08-21,3,Call,40.00,-13.93%,0.3,0.37,0.45,1229,104,11.82,69.90%,139.72%,0.167562,2026-08-18
ASML,1802.98,2026-12-18,122,Put,450.00,-75.04%,0.05,0.2,3.6,1193,101,11.81,44.03%,104.45%,-0.004427,2026-08-18
RDDT,158.25,2026-10-16,59,Call,175.00,-10.58%,8.9,9.3,9.5,3058,259,11.81,56.59%,59.60%,0.391616,2026-08-18
DELL,468.65,2026-08-21,3,Put,467.50,-0.25%,11.85,12.02,12,1298,111,11.69,81.56%,74.12%,-0.470777,2026-08-18
RITM,10.2,2026-11-20,94,Put,10.00,-1.96%,0.3,0.42,0.55,3000,261,11.49,20.78%,22.52%,-0.446732,2026-08-18
AVGO,380,2026-08-19,1,Put,360.00,-5.26%,0.09,0.16,0.12,1492,130,11.48,49.32%,53.50%,-0.025744,2026-08-18
SNDK,1625.78,2026-08-21,3,Call,"1,720.00",-5.80%,23.5,24.5,24.7,1883,164,11.48,85.49%,98.58%,0.280135,2026-08-18
NVDA,219.74,2026-08-19,1,Call,217.50,+1.02%,3,3.05,3.1,9878,863,11.45,39.13%,36.92%,0.706935,2026-08-18
AMD,484.39,2026-08-19,1,Call,487.50,-0.64%,4.3,4.56,4.8,1990,174,11.44,53.93%,58.70%,0.424764,2026-08-18
INTC,96.68,2026-08-19,1,Call,100.00,-3.43%,0.3,0.31,0.33,22965,2009,11.43,63.58%,67.35%,0.174533,2026-08-18
META,543.67,2026-08-19,1,Call,567.50,-4.38%,0.02,0.28,0.29,3423,301,11.37,35.77%,43.88%,0.031998,2026-08-18
AMD,484.39,2026-08-19,1,Put,482.50,-0.39%,4.75,4.7,5.1,2120,190,11.16,53.93%,57.86%,-0.441566,2026-08-18
INTC,96.68,2026-08-28,10,Call,96.00,+0.70%,4.5,4.7,4.7,1461,131,11.15,63.58%,66.18%,0.550641,2026-08-18
TSLA,336.87,2026-08-19,1,Put,340.00,+0.93%,4.85,4.99,5.05,29038,2609,11.13,40.16%,44.73%,-0.648164,2026-08-18
PYPL,60.43,2028-12-15,850,Call,67.50,-11.70%,5.15,7.31,10,2002,180,11.12,28.84%,23.50%,0.522228,2026-08-18
AMD,484.39,2026-08-19,1,Put,480.00,-0.91%,3.7,3.9,4,9803,886,11.06,53.93%,57.60%,-0.374509,2026-08-18
TSLA,336.87,2026-08-19,1,Put,327.50,-2.78%,0.44,0.45,0.46,24518,2230,10.99,40.16%,45.37%,-0.114347,2026-08-18
MU,940.76,2026-08-19,1,Call,965.00,-2.58%,5.5,5.5,5.9,5566,512,10.87,65.12%,74.05%,0.262854,2026-08-18
SPCX,143.34,2026-08-21,3,Call,142.00,+0.93%,4.4,4.6,4.6,10235,945,10.83,64.16%,73.06%,0.571207,2026-08-18
META,543.67,2026-08-21,3,Call,572.50,-5.30%,1.1,1.17,1.28,2563,240,10.68,35.77%,45.68%,0.111101,2026-08-18
INTC,96.68,2026-08-19,1,Put,96.00,-0.70%,1.03,1.06,1.11,9635,903,10.67,63.58%,69.04%,-0.414159,2026-08-18
NVTS,13.17,2026-08-28,10,Call,13.50,-2.51%,0.57,0.67,0.74,1717,161,10.66,94.48%,91.38%,0.46754,2026-08-18
NVDA,219.74,2026-08-19,1,Call,207.50,+5.57%,12.1,12.29,13.7,3835,361,10.62,39.13%,94.50%,0.882045,2026-08-18
SKHY,155.62,2026-08-28,10,Put,142.00,-8.75%,2.3,3,2.75,1078,102,10.57,75.61%,76.18%,-0.212866,2026-08-18
APLD,28.51,2026-09-04,17,Call,29.00,-1.72%,1.6,1.9,2.11,1128,107,10.54,82.15%,83.72%,0.502141,2026-08-18
SNDK,1625.78,2026-08-21,3,Call,"1,680.00",-3.34%,34.6,36,37.5,1798,171,10.51,85.49%,98.86%,0.37526,2026-08-18
IREN,42,2026-08-21,3,Call,41.50,+1.19%,1.56,1.71,1.77,1489,142,10.49,97.13%,92.35%,0.574753,2026-08-18
CVNA,65,2027-01-15,150,Put,45.00,-30.77%,2.29,2.44,2.53,3305,315,10.49,58.52%,67.90%,-0.136933,2026-08-18
INTC,96.68,2026-08-19,1,Put,91.00,-5.88%,0.11,0.14,0.15,1620,155,10.45,63.58%,80.12%,-0.071066,2026-08-18
SMR,8.64,2026-08-28,10,Put,9.50,+9.95%,0.93,0.98,1.07,2067,198,10.44,76.44%,75.52%,-0.75603,2026-08-18
EOSE,3.67,2026-09-25,38,Call,0.50,+86.38%,1.18,3.2,5.3,1398,134,10.43,101.29%,459.26%,0.981638,2026-08-18
MU,940.76,2026-08-19,1,Call,980.00,-4.17%,3.05,3.1,3.2,15829,1517,10.43,65.12%,76.76%,0.159946,2026-08-18
NVDA,219.74,2026-08-19,1,Put,220.00,+0.12%,1.65,1.7,1.71,77827,7463,10.43,39.13%,33.88%,-0.521488,2026-08-18
WULF,15.62,2026-10-16,59,Call,13.00,+16.77%,3.55,3.6,3.75,1655,159,10.41,89.25%,105.04%,0.71646,2026-08-18
BIDU,90.87,2026-09-11,24,Call,105.00,-15.55%,0.16,0.72,1.35,1077,104,10.36,45.28%,48.34%,0.138979,2026-08-18
TSLA,336.87,2026-08-24,6,Call,340.00,-0.93%,5,5,5.15,5818,564,10.32,40.16%,37.18%,0.437345,2026-08-18
TSLA,336.87,2026-08-19,1,Put,347.50,+3.16%,10.15,12.3,11.3,1227,119,10.31,40.16%,35.02%,-0.955343,2026-08-18
AMD,484.39,2027-09-17,395,Put,290.00,-40.13%,22.6,24.04,23.8,3658,356,10.28,53.93%,60.20%,-0.116752,2026-08-18
AMZN,259.45,2026-08-19,1,Put,257.50,-0.75%,0.87,0.9,0.91,34064,3327,10.24,28.50%,31.45%,-0.318513,2026-08-18
XP,15.84,2026-09-18,31,Call,18.00,-13.64%,0.05,0.1,0.2,4594,449,10.23,39.39%,39.22%,0.141854,2026-08-18
AMD,484.39,2026-08-19,1,Put,472.50,-2.45%,1.71,1.89,1.95,1649,162,10.18,53.93%,60.08%,-0.209271,2026-08-18
NKE,40.06,2027-01-15,150,Call,67.50,-68.50%,0.25,0.29,0.3,17055,1687,10.11,32.97%,47.58%,0.058513,2026-08-18
AMZN,259.45,2026-08-19,1,Put,272.50,+5.03%,12.8,12.98,13.5,1565,156,10.03,28.50%,53.25%,-0.960358,2026-08-18
RUM,8.1,2026-09-11,24,Call,10.00,-23.46%,0.1,0.15,0.25,1010,101,10,80.68%,84.69%,0.197427,2026-08-18
PINS,23.06,2027-12-17,486,Call,30.00,-30.10%,3.7,4.01,4.15,1500,150,10,39.54%,53.73%,0.489115,2026-08-18
MU,940.76,2026-08-19,1,Put,875.00,-6.99%,0.72,0.78,0.81,2370,237,10,65.12%,82.78%,-0.044923,2026-08-18
SBUX,106.01,2027-06-17,303,Call,115.00,-8.48%,7.2,9.27,10.4,2551,255,10,24.97%,31.00%,0.452395,2026-08-18
QUBT,8.52,2026-11-20,94,Call,15.00,-76.06%,0.31,0.35,0.59,7471,750,9.96,62.96%,105.03%,0.218828,2026-08-18
AS,33.62,2026-09-18,31,Call,40.00,-18.98%,0.25,0.3,0.3,52796,5299,9.96,44.91%,47.97%,0.124967,2026-08-18
MU,940.76,2026-08-19,1,Put,950.00,+0.98%,17,19.02,19.85,9814,996,9.85,65.12%,67.63%,-0.601159,2026-08-18
TSLA,336.87,2026-08-19,1,Put,342.50,+1.67%,6.65,6.9,6.85,8589,876,9.8,40.16%,45.10%,-0.75429,2026-08-18
CVX,205.74,2026-08-21,3,Put,202.50,-1.57%,1.32,1.5,1.6,1023,105,9.74,25.09%,37.75%,-0.315038,2026-08-18
NVDA,219.74,2026-08-24,6,Put,205.00,-6.71%,0.34,0.36,0.36,4745,489,9.7,39.13%,37.98%,-0.072124,2026-08-18
BIDU,90.87,2026-08-28,10,Put,90.00,-0.96%,1.93,2.35,2.53,3154,327,9.65,45.28%,44.87%,-0.429536,2026-08-18
PPL,35.62,2026-08-21,3,Put,36.00,+1.07%,0.4,0.4,0.6,2936,305,9.63,18.76%,20.80%,-0.709379,2026-08-18
NFLX,77.77,2026-10-02,45,Call,85.00,-9.30%,1.26,1.31,1.33,1000,104,9.62,32.39%,33.17%,0.252786,2026-08-18
CVX,205.74,2028-01-21,521,Call,95.00,+53.83%,108.5,111.75,111.75,2240,233,9.61,25.09%,46.41%,0.951848,2026-08-18
WEC,111.05,2026-10-16,59,Call,110.00,+0.95%,3.9,3.8,4.3,1292,135,9.57,17.49%,19.97%,0.562782,2026-08-18
AUR,6.15,2026-08-21,3,Call,6.00,+2.44%,0.25,0.25,0.35,2680,280,9.57,59.18%,98.21%,0.627504,2026-08-18
CVNA,65,2026-09-18,31,Call,66.00,-1.54%,3.85,3.9,4.25,6275,657,9.55,58.52%,58.40%,0.505545,2026-08-18
TSLA,336.87,2026-08-19,1,Call,350.00,-3.90%,0.29,0.29,0.3,59566,6235,9.55,40.16%,50.19%,0.07514,2026-08-18
RKT,13.99,2026-11-20,94,Put,13.00,-7.08%,0.88,1.04,1.07,1855,195,9.51,52.90%,53.88%,-0.332227,2026-08-18
BMY,66.05,2026-11-20,94,Call,65.00,+1.59%,4.3,4.44,4.55,979,103,9.5,25.94%,29.46%,0.568701,2026-08-18
AMD,484.39,2026-08-19,1,Put,465.00,-4.00%,0.73,0.82,0.86,3249,344,9.44,53.93%,62.77%,-0.103342,2026-08-18
CVX,205.74,2027-01-15,150,Call,125.00,+39.24%,79.45,80.7,81.95,1120,119,9.41,25.09%,36.22%,0.994411,2026-08-18
AMZN,259.45,2026-08-19,1,Call,252.50,+2.68%,6.8,6.92,7.4,3571,381,9.37,28.50%,34.04%,0.938054,2026-08-18
AAPL,310.03,2026-08-19,1,Put,307.50,-0.82%,0.64,0.64,0.69,39937,4264,9.37,24.19%,25.36%,-0.26431,2026-08-18
TGT,152.48,2026-08-21,3,Call,172.50,-13.13%,0.33,0.43,0.39,1804,195,9.25,40.37%,89.04%,0.068453,2026-08-18
MU,940.76,2026-08-19,1,Put,955.00,+1.51%,21.05,21.86,23.6,4659,506,9.21,65.12%,71.40%,-0.648551,2026-08-18
INTC,96.68,2026-09-04,17,Call,113.00,-16.88%,1.03,1.04,1.27,1583,172,9.2,63.58%,67.96%,0.163508,2026-08-18
APLD,28.51,2026-08-21,3,Call,28.50,+0.04%,0.99,1.07,1.1,1064,116,9.17,82.15%,100.52%,0.521009,2026-08-18
ORCL,142.79,2026-08-21,3,Call,144.00,-0.85%,2.4,2.45,2.5,1097,120,9.14,68.34%,57.96%,0.447895,2026-08-18
TSLA,336.87,2026-08-24,6,Put,332.50,-1.30%,4.25,4.7,4.35,1910,209,9.14,40.16%,36.90%,-0.378185,2026-08-18
HIMS,27.39,2026-09-11,24,Call,35.00,-27.78%,0.28,0.35,0.44,2001,221,9.05,66.54%,79.56%,0.13826,2026-08-18
WULF,15.62,2026-12-18,122,Put,15.00,-3.97%,2.72,2.78,2.87,7259,802,9.05,89.25%,78.39%,-0.398513,2026-08-18
SPCX,143.34,2026-08-21,3,Put,141.00,-1.63%,2.65,2.63,2.7,14369,1593,9.02,64.16%,72.85%,-0.387395,2026-08-18
CMPX,2.39,2026-11-20,94,Call,3.00,-25.52%,0.5,0.53,0.65,20548,2278,9.02,113.58%,158.32%,0.552146,2026-08-18
BABA,128.15,2026-09-11,24,Put,110.00,-14.16%,0.63,0.75,0.96,1236,137,9.02,46.81%,48.84%,-0.099306,2026-08-18
DJT,8.06,2027-03-19,213,Call,10.00,-24.07%,1.32,1.48,1.68,991,110,9.01,64.54%,84.61%,0.510163,2026-08-18
SPCX,143.34,2026-08-21,3,Call,146.00,-1.86%,2.69,2.72,2.74,8274,926,8.94,64.16%,74.26%,0.407071,2026-08-18
SLB,53.21,2027-06-17,303,Put,57.50,+8.06%,8.45,8.35,9.45,1541,175,8.81,30.85%,35.77%,-0.515823,2026-08-18
NVDA,219.74,2026-08-19,1,Put,212.50,-3.29%,0.14,0.15,0.16,18348,2082,8.81,39.13%,43.32%,-0.067807,2026-08-18
AAPL,310.03,2026-08-19,1,Put,312.50,+0.80%,2.89,3,3.2,4059,462,8.79,24.19%,23.36%,-0.738478,2026-08-18
INTC,96.68,2026-08-28,10,Call,111.00,-14.81%,0.63,0.6,0.72,3212,366,8.78,63.58%,69.43%,0.12781,2026-08-18
CRCL,71.73,2026-09-25,38,Call,74.00,-3.16%,6.15,6.5,7.2,1351,155,8.72,76.78%,81.71%,0.511283,2026-08-18
INTC,96.68,2026-08-19,1,Put,97.00,+0.33%,1.45,1.51,1.58,8056,925,8.71,63.58%,67.04%,-0.529172,2026-08-18
BIDU,90.87,2026-09-18,31,Call,95.00,-4.54%,3.25,3.25,3.35,1823,210,8.68,45.28%,46.24%,0.40549,2026-08-18
SNDK,1625.78,2026-08-21,3,Put,"1,630.00",+0.26%,58.1,59.05,59.8,3139,362,8.67,85.49%,96.92%,-0.493148,2026-08-18
INTC,96.68,2026-08-24,6,Call,100.00,-3.43%,1.5,1.47,1.63,1444,168,8.6,63.58%,57.90%,0.3408,2026-08-18
EQIX,1085.09,2026-08-21,3,Call,"1,030.00",+5.08%,53,57.7,59.5,1098,128,8.58,25.53%,37.94%,0.937603,2026-08-18
ESI,37.29,2026-09-18,31,Call,40.00,-7.27%,0.05,1.05,1.35,1226,143,8.57,42.17%,37.84%,0.287829,2026-08-18
NVTS,13.17,2026-08-28,10,Put,13.00,-1.29%,0.68,0.71,0.81,1557,182,8.55,94.48%,96.51%,-0.433973,2026-08-18
LOW,215.64,2026-08-21,3,Put,202.50,-6.09%,0.25,0.5,0.55,1296,152,8.53,34.54%,51.50%,-0.084984,2026-08-18
SNDK,1625.78,2026-08-21,3,Put,"1,660.00",+2.10%,70.3,77.2,77.3,2321,275,8.44,85.49%,93.06%,-0.580067,2026-08-18
REI,1.44,2026-12-18,122,Call,1.5000,-4.17%,0.15,0.22,0.25,10088,1197,8.43,83.62%,65.66%,0.546224,2026-08-18
BABA,128.15,2026-08-21,3,Put,128.00,-0.12%,4.05,4.09,4.4,1192,142,8.39,46.81%,92.92%,-0.477414,2026-08-18
CIFR,16.09,2026-09-25,38,Call,18.00,-11.87%,1.12,1.5,1.75,835,101,8.27,106.61%,102.57%,0.436087,2026-08-18
SEIC,106.92,2026-08-21,3,Call,110.00,-2.88%,0.15,0.12,0.25,1404,170,8.26,21.65%,28.75%,0.141977,2026-08-18
BTDR,9,2026-12-18,122,Call,9.00,0.00%,1.95,1.95,2.3,1243,151,8.23,95.98%,101.67%,0.62391,2026-08-18
ET,21.42,2026-09-18,31,Put,22.00,+2.71%,0.71,0.75,0.87,928,113,8.21,18.38%,16.13%,-0.718111,2026-08-18
META,543.67,2026-08-19,1,Put,550.00,+1.16%,8.2,8.4,8.9,20080,2447,8.21,35.77%,41.69%,-0.697403,2026-08-18
META,543.67,2026-08-19,1,Call,570.00,-4.84%,0.21,0.22,0.27,7435,910,8.17,35.77%,51.41%,0.040875,2026-08-18
META,543.67,2026-08-24,6,Put,545.00,+0.24%,9.55,10.14,10.65,1125,138,8.15,35.77%,34.32%,-0.509625,2026-08-18
CRWV,93.17,2026-08-21,3,Call,98.00,-5.18%,1.18,1.25,1.29,1606,197,8.15,77.97%,88.39%,0.278594,2026-08-18
VIST,69.74,2026-12-18,122,Call,85.00,-21.88%,2.9,3,3.4,1388,172,8.07,47.64%,47.71%,0.297035,2026-08-18
SEDG,29.82,2026-12-18,122,Put,35.00,+17.37%,8.85,8.85,9.4,4032,500,8.06,78.93%,87.62%,-0.520083,2026-08-18
SNDK,1625.78,2026-08-21,3,Put,"1,525.00",-6.20%,18.7,18.6,19.4,1109,138,8.04,85.49%,97.67%,-0.220621,2026-08-18
HAS,93.99,2026-08-21,3,Call,85.00,+9.56%,7.8,11,11.1,1081,135,8.01,33.24%,94.79%,0.887342,2026-08-18
MSFT,481.63,2026-08-21,3,Call,485.00,-0.70%,3,3.05,3.7,22836,2862,7.98,26.18%,27.48%,0.398203,2026-08-18
INTC,96.68,2026-08-24,6,Call,95.00,+1.74%,3.65,3.82,3.95,802,101,7.94,63.58%,58.17%,0.610184,2026-08-18
NVDA,219.74,2026-08-28,10,Call,232.50,-5.81%,2.61,2.61,2.64,27353,3456,7.91,39.13%,48.51%,0.257137,2026-08-18
NAVN,29.2,2027-01-15,150,Call,40.00,-36.99%,2.35,3,3.2,1760,223,7.89,87.79%,77.33%,0.36122,2026-08-18
RZLV,2.45,2026-09-04,17,Call,2.50,-2.04%,0.15,0.18,0.25,1066,136,7.84,87.26%,104.56%,0.512277,2026-08-18
SNDK,1625.78,2026-08-21,3,Put,"1,620.00",-0.36%,53,53.42,54.6,3639,464,7.84,85.49%,96.90%,-0.465233,2026-08-18
MSFT,481.63,2026-08-19,1,Call,487.50,-1.22%,0.69,0.76,0.79,6933,889,7.8,26.18%,26.85%,0.197775,2026-08-18
BP,43.41,2026-12-18,122,Call,45.00,-3.66%,2.31,2.35,2.38,17013,2183,7.79,29.33%,30.80%,0.446229,2026-08-18
MU,940.76,2026-08-19,1,Call,"1,010.00",-7.36%,0.82,0.87,0.93,3353,433,7.74,65.12%,82.31%,0.052122,2026-08-18
GME,17.95,2026-12-18,122,Call,29.00,-61.56%,0.28,0.38,0.6,2573,333,7.73,46.42%,68.14%,0.142633,2026-08-18
META,543.67,2026-08-21,3,Call,555.00,-2.08%,3.8,3.95,4.3,3121,405,7.71,35.77%,42.77%,0.306524,2026-08-18
PINS,23.06,2027-12-17,486,Put,30.00,+30.10%,9,8.95,9.9,1501,195,7.7,39.54%,52.11%,-0.551797,2026-08-18
BMNR,18.28,2026-09-25,38,Call,19.50,-6.67%,1.09,1.33,1.39,769,100,7.69,72.46%,72.52%,0.442791,2026-08-18
CVX,205.74,2026-09-04,17,Call,190.00,+7.65%,14.35,16.35,16.35,796,104,7.65,25.09%,29.21%,0.901465,2026-08-18
AMTX,1.86,2028-01-21,521,Call,7.5000,-303.23%,0.4,0.42,0.65,3457,452,7.65,118.34%,131.90%,0.475993,2026-08-18
CVNA,65,2026-11-20,94,Call,74.00,-13.85%,5.05,5.7,5.65,1110,146,7.6,58.52%,63.79%,0.417556,2026-08-18
DHT,19.31,2026-09-18,31,Call,20.00,-3.57%,0.6,0.65,0.7,4572,604,7.57,39.93%,44.24%,0.396681,2026-08-18
GDS,33.65,2028-01-21,521,Call,20.00,+40.56%,16.5,17.1,18.3,789,105,7.51,57.67%,66.68%,0.869546,2026-08-18
ABT,112.68,2026-11-20,94,Call,130.00,-15.37%,1.1,1.3,1.5,956,128,7.47,24.68%,26.75%,0.168973,2026-08-18
AVGO,380,2026-08-19,1,Call,390.00,-2.63%,0.47,0.47,0.54,2914,391,7.45,49.32%,42.21%,0.122772,2026-08-18
CVNA,65,2026-08-28,10,Put,60.00,-7.69%,0.9,1.08,1.1,3392,455,7.45,58.52%,68.92%,-0.22169,2026-08-18
GOOG,341.28,2026-08-21,3,Call,205.00,+39.93%,135.25,136.34,137.9,804,108,7.44,28.31%,248.40%,0.991248,2026-08-18
ASX,36.41,2026-09-18,31,Call,37.50,-2.99%,2.1,2.3,2.4,12018,1617,7.43,63.68%,64.39%,0.474198,2026-08-18
MSFT,481.63,2026-08-19,1,Put,482.50,+0.18%,2.85,3.11,3.25,2838,382,7.43,26.18%,25.93%,-0.548407,2026-08-18
JOBY,7.65,2026-08-28,10,Call,7.50,+1.96%,0.36,0.38,0.46,2885,389,7.42,64.89%,65.09%,0.597523,2026-08-18
BIDU,90.87,2026-10-16,59,Put,80.00,-11.96%,1.86,2,2.05,1254,170,7.38,45.28%,43.90%,-0.200503,2026-08-18
MU,940.76,2026-08-21,3,Call,935.00,+0.61%,26.95,28.25,28.55,3054,414,7.38,65.12%,72.59%,0.551988,2026-08-18
GME,17.95,2026-10-02,45,Call,29.00,-61.56%,0,0.18,0.47,2770,376,7.37,46.42%,94.17%,0.095842,2026-08-18
CMCSA,26.2,2026-08-28,10,Put,25.00,-4.58%,0.1,0.14,0.24,1047,143,7.32,31.89%,34.43%,-0.198739,2026-08-18
AAPL,310.03,2026-08-19,1,Call,307.50,+0.82%,3.2,3.4,3.55,35544,4859,7.32,24.19%,28.18%,0.715313,2026-08-18
TRLV,9.69,2026-09-18,31,Call,10.00,-3.20%,0.75,0.8,1,1014,140,7.24,93.83%,88.47%,0.507572,2026-08-18
TTWO,242.4,2026-08-21,3,Call,245.00,-1.07%,3.5,4.1,4.1,2550,352,7.24,41.37%,56.31%,0.429492,2026-08-18
SNDK,1625.78,2026-08-21,3,Put,"1,610.00",-0.97%,48.3,48.74,49.7,2046,284,7.2,85.49%,97.01%,-0.437343,2026-08-18
TSLA,336.87,2026-08-19,1,Call,320.00,+5.01%,16.75,16.97,17.35,899,125,7.19,40.16%,55.64%,0.962627,2026-08-18
GOOG,341.28,2026-08-21,3,Call,210.00,+38.47%,129.75,131.54,133.7,1138,159,7.16,28.31%,254.30%,0.986855,2026-08-18
MPC,366.21,2026-08-21,3,Call,270.00,+26.27%,95.1,95,98.2,1100,154,7.14,41.53%,167.25%,0.981473,2026-08-18
WULF,15.62,2026-10-16,59,Call,16.00,-2.43%,2.05,2.14,2.18,1802,253,7.12,89.25%,100.22%,0.52125,2026-08-18
SPCX,143.34,2026-09-04,17,Call,147.00,-2.55%,6.5,6.69,6.7,873,123,7.1,64.16%,65.67%,0.462098,2026-08-18
NOW,119.49,2028-01-21,521,Call,155.00,-29.72%,23.4,24.35,25.25,2632,371,7.09,51.63%,58.44%,0.523662,2026-08-18
CVX,205.74,2026-08-21,3,Call,150.00,+27.09%,54.4,55.68,56.95,2260,319,7.08,25.09%,124.21%,0.997986,2026-08-18
MU,940.76,2026-08-19,1,Call,"1,005.00",-6.83%,1.04,1.08,1.14,1556,221,7.04,65.12%,81.44%,0.063507,2026-08-18
TSLA,336.87,2026-08-24,6,Put,330.00,-2.04%,3.35,3.5,3.45,2080,296,7.03,40.16%,37.00%,-0.319546,2026-08-18
CIFR,16.09,2026-08-28,10,Call,17.50,-8.76%,0.66,0.72,0.72,3177,453,7.01,106.61%,114.30%,0.365958,2026-08-18
NMAD,4.22,2026-10-16,59,Call,5.00,-18.48%,0,0.6,1.75,700,100,7,283.51%,168.15%,0.538223,2026-08-18
SLB,53.21,2027-06-17,303,Call,57.50,-8.06%,4.6,5.2,5.4,1546,221,7,30.85%,33.55%,0.470653,2026-08-18
CVX,205.74,2026-08-28,10,Call,192.50,+6.44%,11.9,13.95,14.45,741,106,6.99,25.09%,34.89%,0.880732,2026-08-18
AAPL,310.03,2026-08-26,8,Call,312.50,-0.80%,3.2,3.22,3.55,956,137,6.98,24.19%,23.98%,0.426384,2026-08-18
SE,116.26,2026-08-28,10,Call,130.00,-11.82%,0.22,0.35,0.47,1032,148,6.97,43.21%,47.40%,0.085062,2026-08-18
AMD,484.39,2026-08-19,1,Call,500.00,-3.22%,1.29,1.29,1.35,5942,855,6.95,53.93%,60.79%,0.164046,2026-08-18
ONON,31.03,2027-06-17,303,Put,35.00,+12.79%,6.1,6.88,7.75,902,130,6.94,39.12%,44.54%,-0.524851,2026-08-18
NVDA,219.74,2026-08-19,1,Call,225.00,-2.39%,0.17,0.18,0.19,69998,10143,6.9,39.13%,34.46%,0.097174,2026-08-18
GS,1040.47,2026-08-28,10,Call,"1,120.00",-7.64%,0.88,1.88,2.77,998,145,6.88,29.49%,30.63%,0.078172,2026-08-18
NVDA,219.74,2026-08-19,1,Call,205.00,+6.71%,14,14.49,16.1,1286,187,6.88,39.13%,88.83%,0.935558,2026-08-18
BE,209.01,2026-08-28,10,Call,220.00,-5.26%,7.5,8.11,8.7,1078,157,6.87,90.16%,90.30%,0.396848,2026-08-18
AVGO,380,2026-08-19,1,Put,380.00,0.00%,2.95,3.85,3.7,3848,560,6.87,49.32%,42.08%,-0.4944,2026-08-18
CLS,310.59,2026-09-11,24,Put,300.00,-3.41%,13.8,14.3,15.8,1040,152,6.84,63.69%,63.90%,-0.379957,2026-08-18
Q,133.58,2026-09-18,31,Put,130.00,-2.68%,6.2,6.54,6.8,1053,154,6.84,56.48%,54.39%,-0.395215,2026-08-18
INTC,96.68,2026-08-21,3,Call,98.00,-1.37%,1.79,1.85,1.88,4076,598,6.82,63.58%,68.92%,0.428204,2026-08-18
CIEN,405.54,2026-08-21,3,Put,370.00,-8.76%,1.65,2.55,3.3,715,105,6.81,88.47%,95.49%,-0.134382,2026-08-18
MU,940.76,2026-08-24,6,Call,"1,000.00",-6.30%,9.25,9.45,9.9,3930,577,6.81,65.12%,61.07%,0.231674,2026-08-18
BIDU,90.87,2026-08-21,3,Call,99.00,-8.95%,0.11,0.21,0.21,965,142,6.8,45.28%,62.95%,0.071087,2026-08-18
DELL,468.65,2026-08-21,3,Put,432.50,-7.71%,1.85,1.9,1.93,1238,182,6.8,81.56%,76.42%,-0.115708,2026-08-18
META,543.67,2026-08-19,1,Put,552.50,+1.62%,9.85,9.95,11,5023,739,6.8,35.77%,41.99%,-0.764238,2026-08-18
AMD,484.39,2026-08-21,3,Call,467.50,+3.49%,20.45,18.71,22.2,930,137,6.79,53.93%,62.35%,0.745859,2026-08-18
AMZN,259.45,2026-08-19,1,Put,267.50,+3.10%,7.85,8.34,8.55,2647,390,6.79,28.50%,39.47%,-0.929766,2026-08-18
CBRS,220.01,2026-09-18,31,Put,160.00,-27.28%,2.3,2.55,2.55,1576,233,6.76,95.57%,88.24%,-0.084055,2026-08-18
JD,28.82,2026-08-28,10,Call,30.00,-4.09%,0.16,0.23,0.28,4057,601,6.75,29.37%,34.32%,0.236145,2026-08-18
INTC,96.68,2026-08-19,1,Call,102.00,-5.50%,0.11,0.12,0.12,4870,722,6.75,63.58%,69.69%,0.074004,2026-08-18
FTI,78.29,2026-09-18,31,Call,80.00,-2.18%,2.35,2.55,2.8,860,128,6.72,34.64%,35.50%,0.448673,2026-08-18
M,23.23,2026-11-20,94,Call,24.00,-3.31%,1.44,1.95,2.64,859,128,6.71,53.10%,50.47%,0.499087,2026-08-18
STUB,7.13,2026-09-04,17,Call,7.00,+1.82%,0.4,0.44,0.55,5080,758,6.7,62.90%,65.89%,0.584107,2026-08-18
MPC,366.21,2026-08-21,3,Call,240.00,+34.46%,125.1,124.1,128.1,1081,162,6.67,41.53%,219.09%,0.986957,2026-08-18
CVX,205.74,2026-08-28,10,Call,185.00,+10.08%,19.4,20.65,21.85,2241,336,6.67,25.09%,24.92%,0.995158,2026-08-18
CRML,6.15,2026-09-18,31,Put,7.50,+21.95%,1.55,1.53,1.95,3511,526,6.67,104.61%,119.40%,-0.652528,2026-08-18
LCID,5.77,2027-02-19,185,Call,8.00,-38.65%,0.58,0.67,1.11,897,135,6.64,80.42%,89.14%,0.434133,2026-08-18
CVX,205.74,2026-08-28,10,Call,220.00,-6.93%,0.16,0.21,0.26,1573,237,6.64,25.09%,25.36%,0.057706,2026-08-18
AMZN,259.45,2026-08-21,3,Put,300.00,+15.63%,39.15,40.38,41.7,769,116,6.63,28.50%,65.82%,-0.994694,2026-08-18
AA,50.02,2027-03-19,213,Put,55.00,+9.96%,9.3,10.92,11.15,1000,151,6.62,49.01%,50.76%,-0.509034,2026-08-18
MU,940.76,2026-08-28,10,Call,935.00,+0.61%,43.4,45,46.35,1574,238,6.61,65.12%,67.01%,0.547609,2026-08-18
MSFT,481.63,2026-08-19,1,Call,480.00,+0.34%,3.35,3.8,4.05,6348,962,6.6,26.18%,27.76%,0.597155,2026-08-18
APO,133.85,2026-08-21,3,Call,126.00,+5.86%,7.2,8.1,9.6,2340,356,6.57,36.49%,62.30%,0.864474,2026-08-18
CVX,205.74,2026-08-28,10,Call,180.00,+12.51%,24.35,25.55,26.95,1121,171,6.56,25.09%,31.06%,0.995708,2026-08-18
META,543.67,2026-08-28,10,Call,550.00,-1.16%,10.9,10.98,11.4,1626,248,6.56,35.77%,38.46%,0.445823,2026-08-18
BYND,12.74,2026-08-21,3,Call,14.00,-9.89%,0.24,0.25,0.29,831,127,6.54,121.70%,150.54%,0.267404,2026-08-18
SPCX,143.34,2026-08-28,10,Call,142.00,+0.93%,6.85,7.15,7.25,2766,423,6.54,64.16%,66.75%,0.559329,2026-08-18
RBLX,37.67,2026-09-11,24,Call,39.00,-3.53%,1.38,1.67,1.87,1156,177,6.53,55.48%,55.92%,0.43893,2026-08-18
TSLA,336.87,2026-08-31,13,Call,340.00,-0.93%,8.5,8.73,8.75,1554,239,6.5,40.16%,38.94%,0.471483,2026-08-18
APP,307.26,2026-10-16,59,Call,360.00,-17.16%,11.2,11.8,12.1,1759,271,6.49,53.60%,57.42%,0.29292,2026-08-18
CVX,205.74,2026-08-21,3,Call,165.00,+19.80%,39.4,40.6,41.95,3366,519,6.49,25.09%,88.49%,0.997412,2026-08-18
MU,940.76,2026-08-19,1,Put,850.00,-9.65%,0.2,0.23,0.25,2892,453,6.38,65.12%,89.52%,-0.014248,2026-08-18
AMD,484.39,2026-08-21,3,Call,502.50,-3.74%,3.8,3.8,4.25,2669,419,6.37,53.93%,59.92%,0.260077,2026-08-18
LRCX,327.92,2026-08-21,3,Call,332.50,-1.40%,5.7,6.31,6.9,1282,202,6.35,62.03%,69.97%,0.427515,2026-08-18
NVDA,219.74,2026-10-02,45,Call,240.00,-9.22%,4.6,4.65,5,1186,187,6.34,39.13%,37.64%,0.283848,2026-08-18
ORCL,142.79,2026-08-28,10,Put,136.00,-4.76%,2.06,2.42,2.44,1425,225,6.33,68.34%,53.75%,-0.274773,2026-08-18
KEYS,341,2026-08-21,3,Call,390.00,-14.37%,2.2,2.35,2.5,1672,264,6.33,54.21%,124.20%,0.12849,2026-08-18
ENR,22.33,2026-08-21,3,Call,17.50,+21.63%,4.5,5.13,5.2,1440,228,6.32,38.12%,136.58%,0.978987,2026-08-18
NVDA,219.74,2026-08-28,10,Call,255.00,-16.05%,0.34,0.35,0.35,27951,4440,6.3,39.13%,51.70%,0.045888,2026-08-18
TXN,272.24,2026-08-21,3,Call,277.50,-1.93%,2.3,2.38,2.9,1093,174,6.28,39.54%,47.93%,0.33872,2026-08-18
CLSK,11.73,2026-09-18,31,Call,12.00,-2.30%,1.02,1.04,1.05,16876,2696,6.26,82.73%,83.52%,0.516405,2026-08-18
CVE,32.52,2028-01-21,521,Put,35.00,+7.63%,6.1,6.5,7,701,112,6.26,31.41%,36.86%,-0.459365,2026-08-18
ET,21.42,2027-03-19,213,Call,24.00,-12.04%,0.4,0.41,0.45,1796,287,6.26,18.38%,20.65%,0.23234,2026-08-18
FIGR,35.52,2026-08-28,10,Call,37.00,-4.17%,1.2,1.2,1.65,1033,166,6.22,82.07%,86.46%,0.418081,2026-08-18
ASTS,67.07,2027-03-19,213,Put,42.00,-37.38%,3.8,4.5,5.4,732,118,6.2,78.04%,87.45%,-0.14365,2026-08-18
ARM,253.32,2028-01-21,521,Put,290.00,+14.48%,100.5,102,103.75,1003,162,6.19,69.38%,73.15%,-0.378997,2026-08-18
PLNT,53.36,2026-09-18,31,Call,50.00,+6.30%,4.2,4,5,5002,810,6.18,35.81%,40.88%,0.736305,2026-08-18
AMZN,259.45,2026-08-28,10,Call,262.50,-1.18%,3.65,3.72,3.85,4016,651,6.17,28.50%,29.16%,0.42174,2026-08-18
GOOG,341.28,2026-08-21,3,Call,245.00,+28.21%,95.3,96.19,98.55,628,102,6.16,28.31%,193.86%,0.975859,2026-08-18
META,543.67,2026-08-19,1,Call,575.00,-5.76%,0.1,0.14,0.17,5005,816,6.13,35.77%,53.57%,0.023798,2026-08-18
GOOGL,344.2,2026-08-19,1,Put,340.00,-1.22%,0.58,0.61,0.63,7000,1141,6.13,27.86%,28.93%,-0.205013,2026-08-18
AAPL,310.03,2026-08-21,3,Put,307.50,-0.82%,1.77,1.82,1.87,12084,1972,6.13,24.19%,26.34%,-0.357623,2026-08-18
ORCL,142.79,2026-09-04,17,Put,111.00,-22.26%,0.12,0.18,0.3,673,110,6.12,68.34%,63.02%,-0.026982,2026-08-18
TSLA,336.87,2026-08-19,1,Call,352.50,-4.64%,0.18,0.19,0.2,10627,1743,6.1,40.16%,52.12%,0.04996,2026-08-18
MU,940.76,2026-08-19,1,Put,915.00,-2.74%,4.1,4.85,5.2,2356,387,6.09,65.12%,71.85%,-0.223776,2026-08-18
VST,140.52,2026-08-21,3,Put,137.00,-2.50%,1.19,1.41,1.51,782,129,6.06,44.08%,55.23%,-0.295948,2026-08-18
WIX,77.16,2026-09-18,31,Call,75.00,+2.80%,6.7,7.42,8,781,129,6.05,73.05%,68.93%,0.601599,2026-08-18
KEYS,341,2026-08-21,3,Call,340.00,+0.29%,15.9,16.33,16.9,1137,188,6.05,54.21%,128.75%,0.534299,2026-08-18
NBIS,248.43,2026-09-04,17,Put,255.00,+2.64%,22.85,23.5,24.45,629,105,5.99,93.21%,94.38%,-0.508018,2026-08-18
CVX,205.74,2026-08-28,10,Call,195.00,+5.22%,9.45,10.75,11,4291,717,5.98,25.09%,12.79%,0.993741,2026-08-18
NVDA,219.74,2026-08-19,1,Put,230.00,+4.67%,9.75,10.55,11.2,2258,378,5.97,39.13%,59.91%,-0.925287,2026-08-18
TSLA,336.87,2026-08-21,3,Call,337.50,-0.19%,5.1,5.2,5.35,10677,1794,5.95,40.16%,44.99%,0.492778,2026-08-18
PLTR,171.54,2026-08-21,3,Call,172.50,-0.56%,2.7,2.75,2.77,16383,2763,5.93,44.34%,50.94%,0.463626,2026-08-18
GIS,38.08,2027-01-15,150,Put,37.50,-1.52%,2.7,2.75,2.9,3066,517,5.93,30.07%,30.72%,-0.438103,2026-08-18
MU,940.76,2026-08-19,1,Put,960.00,+2.05%,23.85,26.23,26.85,5392,909,5.93,65.12%,68.99%,-0.7057,2026-08-18
MXL,72.63,2026-12-18,122,Put,75.00,+3.26%,17.3,17.9,18.6,687,116,5.92,92.80%,102.84%,-0.398425,2026-08-18
STX,903.68,2026-09-18,31,Put,460.00,-49.10%,0.15,0.68,0.9,845,143,5.91,75.01%,97.71%,-0.005819,2026-08-18
XOM,165.56,2027-03-19,213,Call,200.00,-20.80%,4.25,4.55,4.7,1792,303,5.91,28.15%,28.59%,0.233863,2026-08-18
AMZN,259.45,2026-08-19,1,Call,237.50,+8.46%,21.55,21.9,22.35,2062,349,5.91,28.50%,60.75%,0.997431,2026-08-18
XPEV,11.74,2026-08-28,10,Call,11.50,+2.04%,0.62,0.75,0.8,894,152,5.88,60.17%,75.10%,0.593414,2026-08-18
CRCL,71.73,2026-09-25,38,Call,73.00,-1.77%,6.6,7.1,7.45,980,167,5.87,76.78%,81.00%,0.531204,2026-08-18
SPCX,143.34,2026-09-11,24,Put,145.00,+1.16%,9.95,10.1,10.2,1132,193,5.87,64.16%,63.73%,-0.491107,2026-08-18
SNDK,1625.78,2026-08-21,3,Call,"1,620.00",+0.36%,59.2,61,61,2717,463,5.87,85.49%,97.01%,0.535009,2026-08-18
AVGO,380,2026-08-19,1,Put,377.50,-0.66%,2.02,2.32,2.42,2379,406,5.86,49.32%,42.14%,-0.37695,2026-08-18
ICE,156.18,2026-08-21,3,Put,155.00,-0.76%,0.6,1,2.1,725,124,5.85,25.70%,33.63%,-0.393827,2026-08-18
BIDU,90.87,2026-08-21,3,Call,95.00,-4.54%,0.52,0.57,0.57,1422,243,5.85,45.28%,57.91%,0.207592,2026-08-18
CIFR,16.09,2026-08-21,3,Call,17.00,-5.66%,0.4,0.42,0.46,11277,1929,5.85,106.61%,133.95%,0.349235,2026-08-18
BIDU,90.87,2026-09-25,38,Put,95.00,+4.54%,6.85,8.1,8.55,1724,295,5.84,45.28%,46.78%,-0.580394,2026-08-18
SPCX,143.34,2026-08-28,10,Call,146.00,-1.86%,5.15,5.26,5.3,2313,397,5.83,64.16%,67.11%,0.459748,2026-08-18
QS,5.76,2026-09-04,17,Put,5.50,-4.51%,0.03,0.23,0.29,1146,197,5.82,72.54%,56.51%,-0.325801,2026-08-18
CVNA,65,2026-08-21,3,Put,65.50,+0.77%,1.89,1.64,2.15,1181,203,5.82,58.52%,74.95%,-0.530039,2026-08-18
QBTS,19.53,2028-01-21,521,Put,5.00,-74.40%,0.45,0.49,0.5,9084,1561,5.82,80.21%,93.65%,-0.034203,2026-08-18
GLXY,20.43,2026-08-21,3,Call,21.50,-5.24%,0.01,0.36,0.8,1531,264,5.8,85.98%,109.65%,0.322427,2026-08-18
META,543.67,2026-08-19,1,Call,572.50,-5.30%,0.17,0.17,0.22,1698,293,5.8,35.77%,53.23%,0.033086,2026-08-18
SNDK,1625.78,2026-08-21,3,Call,"1,630.00",-0.26%,54.3,55,58.6,3389,584,5.8,85.49%,99.07%,0.507723,2026-08-18
AMD,484.39,2026-08-19,1,Put,447.50,-7.62%,0.13,0.14,0.2,814,141,5.77,53.93%,76.36%,-0.022535,2026-08-18
CVX,205.74,2026-09-18,31,Call,145.00,+29.52%,59.95,59.95,62.7,1120,194,5.77,25.09%,70.95%,0.963037,2026-08-18
COIN,146.23,2026-08-21,3,Call,148.00,-1.21%,2.74,2.84,2.93,1031,179,5.76,62.00%,68.30%,0.437009,2026-08-18
NBIS,248.43,2026-08-28,10,Put,255.00,+2.64%,18.65,19.89,20.15,610,106,5.75,93.21%,96.57%,-0.531361,2026-08-18
AMZN,259.45,2026-08-21,3,Put,272.50,+5.03%,12.9,12.75,13.55,7661,1334,5.74,28.50%,35.06%,-0.938837,2026-08-18
DJT,8.06,2026-11-20,94,Call,9.00,-11.66%,0.89,1.03,1.09,2211,386,5.73,64.54%,80.60%,0.483651,2026-08-18
FUBO,9.99,2026-08-21,3,Put,10.50,+5.11%,0.35,0.41,0.75,612,107,5.72,69.47%,54.74%,-0.835772,2026-08-18
TGT,152.48,2026-08-21,3,Call,162.50,-6.57%,1.63,1.86,1.91,1390,243,5.72,40.37%,94.01%,0.240778,2026-08-18
NVDA,219.74,2026-08-24,6,Call,222.50,-1.26%,2.18,2.17,2.22,6272,1098,5.71,39.13%,29.70%,0.383929,2026-08-18
NVS,154.55,2026-09-18,31,Put,150.00,-2.94%,2.8,2.85,2.95,5673,996,5.7,27.91%,26.16%,-0.347494,2026-08-18
TSLA,336.87,2026-08-24,6,Call,335.00,+0.56%,7.2,7.43,7.6,1876,331,5.67,40.16%,36.75%,0.561352,2026-08-18
CRWV,93.17,2026-08-21,3,Call,94.00,-0.89%,2.6,2.63,2.71,1007,178,5.66,77.97%,89.83%,0.474272,2026-08-18
FAST,51.27,2026-11-20,94,Call,52.50,-2.40%,2.15,2.44,2.45,3642,643,5.66,24.23%,26.41%,0.469232,2026-08-18
MU,940.76,2026-08-19,1,Put,845.00,-10.18%,0.15,0.15,0.2,616,109,5.65,65.12%,90.85%,-0.011218,2026-08-18
MU,940.76,2027-02-19,185,Call,"1,950.00",-107.28%,30,30.4,31.5,676,120,5.63,65.12%,75.51%,0.146799,2026-08-18
BKR,64.44,2028-01-21,521,Call,80.00,-24.15%,6,6.67,7.3,701,125,5.61,31.54%,36.12%,0.413042,2026-08-18
APP,307.26,2026-09-04,17,Call,375.00,-22.05%,0.05,1.35,1.5,880,157,5.61,53.60%,54.62%,0.052962,2026-08-18
CVX,205.74,2026-08-21,3,Call,160.00,+22.23%,44.35,45.66,46.95,560,100,5.6,25.09%,100.07%,0.997674,2026-08-18
GOOGL,344.2,2026-08-19,1,Call,347.50,-0.96%,0.76,0.83,0.81,8466,1513,5.6,27.86%,27.84%,0.260682,2026-08-18
SNDK,1625.78,2026-08-21,3,Call,"1,690.00",-3.95%,31.6,32.35,32.7,805,144,5.59,85.49%,97.75%,0.348439,2026-08-18
MU,940.76,2026-08-19,1,Call,"1,020.00",-8.42%,0.54,0.58,0.6,4567,818,5.58,65.12%,84.26%,0.035202,2026-08-18
ED,109.16,2026-08-21,3,Call,105.00,+3.81%,3.7,3.85,4.4,780,140,5.57,14.56%,18.91%,0.988349,2026-08-18
AFRM,73.56,2026-12-18,122,Put,65.00,-11.64%,5.45,5.8,6.25,1003,180,5.57,67.86%,62.10%,-0.290274,2026-08-18
MSFT,481.63,2026-08-19,1,Put,475.00,-1.38%,0.63,0.7,0.71,6015,1082,5.56,26.18%,28.45%,-0.172839,2026-08-18
FCEL,21.7,2026-08-28,10,Call,26.00,-19.82%,0.55,0.55,0.75,3176,572,5.55,125.25%,136.75%,0.247859,2026-08-18
GOOGL,344.2,2026-08-19,1,Put,342.50,-0.49%,1.22,1.33,1.34,5972,1076,5.55,27.86%,28.29%,-0.364226,2026-08-18
TRI,100.89,2026-08-21,3,Call,80.00,+20.71%,19.4,21.4,23.1,720,130,5.54,45.56%,165.83%,0.947095,2026-08-18
MU,940.76,2026-08-19,1,Put,840.00,-10.71%,0.1,0.14,0.16,1247,225,5.54,65.12%,91.67%,-0.008507,2026-08-18
PCG,17.82,2026-08-21,3,Put,17.50,-1.80%,0.15,0.22,0.27,25164,4544,5.54,54.65%,54.50%,-0.346357,2026-08-18
SNDK,1625.78,2026-09-25,38,Put,620.00,-61.86%,0.15,0.73,1.25,860,156,5.51,85.49%,118.71%,-0.00329,2026-08-18
DELL,468.65,2026-10-16,59,Put,135.00,-71.19%,0.01,0.12,0.23,1366,248,5.51,81.56%,115.03%,-0.001682,2026-08-18
MU,940.76,2026-08-19,1,Call,"1,070.00",-13.74%,0.09,0.13,0.13,1922,349,5.51,65.12%,98.96%,0.00701,2026-08-18
MKTX,162.57,2026-08-21,3,Call,140.00,+13.88%,20.5,22.4,24.7,940,172,5.47,6.87%,63.94%,0.995309,2026-08-18
GOOGL,344.2,2026-08-21,3,Put,342.50,-0.49%,2.67,2.9,2.99,4123,755,5.46,27.86%,29.42%,-0.417759,2026-08-18
DECK,89.51,2026-08-21,3,Put,88.00,-1.69%,0.3,0.3,0.55,910,167,5.45,35.37%,31.55%,-0.268142,2026-08-18
ANET,193.18,2026-08-21,3,Call,202.50,-4.82%,0.71,0.85,1.07,2492,457,5.45,48.36%,54.31%,0.17714,2026-08-18
NOW,119.49,2026-08-21,3,Call,121.00,-1.26%,1.86,1.89,1.95,2549,468,5.45,51.63%,59.23%,0.420156,2026-08-18
META,543.67,2026-08-21,3,Call,560.00,-3.00%,2.67,2.86,3,6544,1200,5.45,35.77%,43.17%,0.232727,2026-08-18
CORZ,18.85,2026-12-18,122,Call,23.00,-22.02%,1.99,2.07,2.13,1034,190,5.44,72.59%,77.45%,0.42394,2026-08-18
BIDU,90.87,2026-08-28,10,Call,91.00,-0.14%,1.93,2.92,2.96,623,115,5.42,45.28%,41.08%,0.511007,2026-08-18
AAPL,310.03,2026-08-24,6,Call,312.50,-0.80%,2.49,2.56,2.69,1825,337,5.42,24.19%,22.78%,0.405652,2026-08-18
TRI,100.89,2026-08-21,3,Call,85.00,+15.75%,15.3,16.4,18.1,720,133,5.41,45.56%,161.53%,0.893106,2026-08-18
SPCX,143.34,2026-11-20,94,Call,305.00,-112.78%,0.83,0.89,0.99,1364,252,5.41,64.16%,77.58%,0.044969,2026-08-18
INTC,96.68,2026-08-19,1,Put,95.00,-1.74%,0.7,0.75,0.76,11783,2178,5.41,63.58%,70.89%,-0.310481,2026-08-18
RKLB,79.16,2026-09-25,38,Put,82.00,+3.59%,7.65,8.95,10.5,621,115,5.4,76.62%,74.77%,-0.505613,2026-08-18
CRWV,93.17,2026-10-16,59,Put,60.00,-35.60%,0.95,1.03,1.05,19999,3719,5.38,77.97%,82.16%,-0.065008,2026-08-18
SNDK,1625.78,2026-08-21,3,Call,"1,650.00",-1.49%,46,46.39,50,6948,1301,5.34,85.49%,99.83%,0.454277,2026-08-18
AMD,484.39,2026-08-19,1,Put,460.00,-5.04%,0.43,0.45,0.5,3240,608,5.33,53.93%,65.53%,-0.063488,2026-08-18
RIVN,14.78,2026-08-21,3,Call,14.50,+1.89%,0.41,0.41,0.5,1898,357,5.32,52.31%,54.98%,0.660823,2026-08-18
W,101.69,2026-09-18,31,Call,105.00,-3.25%,4.7,5.4,5.1,2396,451,5.31,53.19%,52.39%,0.455069,2026-08-18
CEG,266.83,2026-08-28,10,Put,265.00,-0.69%,5.6,7.32,8.6,599,113,5.3,42.84%,46.00%,-0.445365,2026-08-18
CVX,205.74,2026-08-21,3,Call,187.50,+8.87%,16.85,18.25,19.45,1140,215,5.3,25.09%,39.52%,0.995359,2026-08-18
XOM,165.56,2026-10-16,59,Put,165.00,-0.34%,6.65,6.87,6.95,773,146,5.29,28.15%,27.35%,-0.458862,2026-08-18
AMZN,259.45,2026-08-21,3,Call,242.50,+6.53%,16.8,17.61,17.5,2780,526,5.29,28.50%,41.16%,0.966892,2026-08-18
GOOG,341.28,2026-08-21,3,Call,165.00,+51.65%,174.8,176.67,178.55,802,152,5.28,28.31%,360.89%,0.99145,2026-08-18
MU,940.76,2026-08-19,1,Put,895.00,-4.86%,1.89,1.9,2.04,4491,850,5.28,65.12%,77.59%,-0.105573,2026-08-18
U,46.74,2026-09-18,31,Put,47.00,+0.56%,2.8,2.95,3.05,796,151,5.27,53.62%,52.58%,-0.477782,2026-08-18
COHR,306.43,2026-08-21,3,Put,315.00,+2.80%,13.3,14.09,17.6,2176,413,5.27,78.37%,95.02%,-0.60819,2026-08-18
TSLA,336.87,2026-08-19,1,Call,330.00,+2.04%,7.5,7.5,7.9,12691,2408,5.27,40.16%,44.53%,0.815965,2026-08-18
TXN,272.24,2026-08-21,3,Put,255.00,-6.33%,0.2,0.4,0.6,1041,198,5.26,39.54%,50.13%,-0.07148,2026-08-18
SBET,6.29,2026-09-04,17,Call,7.00,-11.29%,0.01,0.16,0.25,908,173,5.25,71.72%,66.91%,0.255634,2026-08-18
AMZN,259.45,2026-08-26,8,Call,270.00,-4.07%,0.97,1.03,1.11,1178,225,5.24,28.50%,28.21%,0.180254,2026-08-18
AMZN,259.45,2026-08-19,1,Call,240.00,+7.50%,19,19.55,19.75,1698,324,5.24,28.50%,73.57%,0.979585,2026-08-18
CVX,205.74,2026-09-18,31,Call,160.00,+22.23%,43.95,46.05,46.05,5604,1070,5.24,25.09%,47.86%,0.968827,2026-08-18
META,543.67,2026-08-19,1,Put,555.00,+2.08%,11.4,12.6,13.25,4193,803,5.22,35.77%,40.60%,-0.83115,2026-08-18
CVX,205.74,2026-08-21,3,Call,180.00,+12.51%,25,25.95,26.95,9543,1833,5.21,25.09%,84.23%,0.963028,2026-08-18
CVX,205.74,2026-08-21,3,Call,192.50,+6.44%,12.4,13.27,13.6,4504,866,5.2,25.09%,33.41%,0.986308,2026-08-18
AMZN,259.45,2026-08-19,1,Put,262.50,+1.18%,3.4,3.85,3.8,4639,892,5.2,28.50%,30.57%,-0.763983,2026-08-18
SNDK,1625.78,2026-08-21,3,Call,"1,970.00",-21.17%,1.6,1.79,2.25,1132,218,5.19,85.49%,110.64%,0.031345,2026-08-18
BE,209.01,2026-08-21,3,Call,222.50,-6.45%,2.4,2.51,2.79,739,143,5.17,90.16%,95.73%,0.250173,2026-08-18
NVTS,13.17,2026-08-21,3,Put,12.50,-5.09%,0.19,0.2,0.21,2340,453,5.17,94.48%,99.27%,-0.264945,2026-08-18
NMAX,11.43,2026-08-21,3,Call,4.00,+65.00%,7,7.35,7.7,531,103,5.16,67.16%,489.11%,0.995199,2026-08-18
CVX,205.74,2026-09-18,31,Call,150.00,+27.09%,54.4,56,56.95,2241,434,5.16,25.09%,57.04%,0.976206,2026-08-18
AAPL,310.03,2026-08-24,6,Call,320.00,-3.22%,0.65,0.72,0.75,1778,345,5.15,24.19%,23.05%,0.149551,2026-08-18
AMZN,259.45,2026-08-19,1,Call,257.50,+0.75%,2.85,2.72,2.96,4754,924,5.15,28.50%,32.28%,0.67759,2026-08-18
BE,209.01,2026-08-21,3,Call,217.50,-4.06%,3.9,3.95,4.1,591,115,5.14,90.16%,96.90%,0.342366,2026-08-18
BTDR,9,2026-12-18,122,Call,12.50,-38.89%,1.1,1.12,1.35,3121,607,5.14,95.98%,106.35%,0.418378,2026-08-18
RIOT,18.91,2026-08-28,10,Call,20.00,-5.76%,0.63,0.64,0.7,6187,1204,5.14,87.09%,87.30%,0.378749,2026-08-18
META,543.67,2026-08-24,6,Call,575.00,-5.76%,1.28,1.53,1.8,770,150,5.13,35.77%,36.71%,0.123894,2026-08-18
CRCL,71.73,2026-09-25,38,Call,80.00,-11.53%,4.15,4.7,5,861,168,5.13,76.78%,81.66%,0.39443,2026-08-18
IBRX,7.72,2026-08-21,3,Call,7.00,+9.33%,0.75,0.75,0.8,1189,232,5.13,69.31%,103.76%,0.86238,2026-08-18
CVX,205.74,2026-09-18,31,Call,165.00,+19.80%,39.4,40.65,42.75,5620,1097,5.12,25.09%,43.28%,0.964347,2026-08-18
NVDA,219.74,2026-08-19,1,Put,215.00,-2.16%,0.32,0.33,0.33,56310,11028,5.11,39.13%,39.13%,-0.140335,2026-08-18
TSLA,336.87,2026-08-21,3,Put,337.50,+0.19%,5.55,5.58,5.7,7983,1566,5.1,40.16%,43.88%,-0.508431,2026-08-18
HAS,93.99,2026-08-21,3,Call,82.50,+12.22%,10.1,12,13.6,7563,1487,5.09,33.24%,107.38%,0.917333,2026-08-18
CVX,205.74,2026-09-18,31,Call,180.00,+12.51%,25.5,26.3,26.3,13211,2603,5.08,25.09%,24.75%,0.969608,2026-08-18
CRWV,93.17,2026-08-21,3,Call,62.00,+33.45%,31.05,32.43,31.7,681,134,5.08,77.97%,238.14%,0.97702,2026-08-18
SKT,38.32,2026-09-18,31,Call,40.00,-4.38%,0,0.31,0.4,750,148,5.07,18.04%,16.69%,0.197276,2026-08-18
LOW,215.64,2026-08-21,3,Call,232.50,-7.82%,0.35,0.55,0.85,722,143,5.05,34.54%,64.08%,0.102958,2026-08-18
GOOGL,344.2,2026-08-24,6,Put,335.00,-2.67%,1.05,1.28,1.56,705,140,5.04,27.86%,26.09%,-0.19998,2026-08-18
SMR,8.64,2026-09-18,31,Put,11.00,+27.31%,2.41,2.45,2.58,2981,591,5.04,76.44%,77.04%,-0.833314,2026-08-18
IREN,42,2026-08-21,3,Call,42.50,-1.19%,1.17,1.2,1.4,2247,447,5.03,97.13%,99.28%,0.466848,2026-08-18
INTC,96.68,2026-08-21,3,Call,97.00,-0.33%,2.22,2.31,2.34,4212,838,5.03,63.58%,69.18%,0.493426,2026-08-18
BP,43.41,2026-10-16,59,Call,44.00,-1.36%,1.88,1.92,1.94,5419,1079,5.02,29.33%,31.75%,0.477646,2026-08-18
CVX,205.74,2026-09-18,31,Call,155.00,+24.66%,49.5,50.4,52.7,6726,1340,5.02,25.09%,54.40%,0.968366,2026-08-18
AFRM,73.56,2026-09-04,17,Put,72.00,-2.12%,3.05,3.72,4.65,800,160,5,67.86%,74.13%,-0.411926,2026-08-18
RZLV,2.45,2026-08-28,10,Call,2.00,+18.37%,0.35,0.48,0.55,800,160,5,87.26%,111.93%,0.883657,2026-08-18
AA,50.02,2027-03-19,213,Call,55.00,-9.96%,5.5,6.83,6.95,1018,204,4.99,49.01%,51.35%,0.498339,2026-08-18
QUBT,8.52,2026-12-18,122,Call,12.00,-40.85%,0.75,0.77,0.82,1523,305,4.99,62.96%,88.12%,0.347385,2026-08-18
NVDA,219.74,2026-09-11,24,Call,215.00,+2.16%,11.75,11.63,11.95,3431,688,4.99,39.13%,40.64%,0.61063,2026-08-18
ENPH,37.58,2027-06-17,303,Call,55.00,-46.35%,5.5,6,6.9,622,125,4.98,63.86%,78.07%,0.446978,2026-08-18
SPCX,143.34,2026-08-21,3,Call,144.00,-0.46%,3.45,3.58,3.55,7949,1597,4.98,64.16%,73.17%,0.487395,2026-08-18
BIDU,90.87,2026-08-21,3,Call,96.00,-5.65%,0.38,0.42,0.45,611,123,4.97,45.28%,59.76%,0.163264,2026-08-18
NVDA,219.74,2027-02-19,185,Call,380.00,-72.93%,1.06,1.17,1.27,539,109,4.94,39.13%,41.17%,0.04827,2026-08-18
RDDT,158.25,2026-08-21,3,Call,162.50,-2.69%,2.05,2.16,2.23,1056,214,4.93,56.59%,67.00%,0.344172,2026-08-18
MU,940.76,2026-08-19,1,Put,975.00,+3.64%,35.45,39,39.5,2719,551,4.93,65.12%,71.89%,-0.823875,2026-08-18
MPC,366.21,2026-08-21,3,Call,310.00,+15.35%,55.5,57.16,58.2,4509,914,4.93,41.53%,107.40%,0.960898,2026-08-18
EL,84.27,2026-08-21,3,Put,77.00,-8.63%,1.05,1.05,1.3,502,102,4.92,53.07%,128.47%,-0.202054,2026-08-18
SNDK,1625.78,2026-08-28,10,Call,"1,750.00",-7.64%,50.2,51.1,53.6,1018,207,4.92,85.49%,91.35%,0.342784,2026-08-18
MRK,135.17,2026-11-20,94,Put,125.00,-7.52%,3.4,3.55,3.7,1077,219,4.92,26.21%,29.44%,-0.26684,2026-08-18
SPCE,3.19,2026-09-04,17,Call,3.00,+5.96%,0.24,0.28,0.34,958,195,4.91,80.43%,65.99%,0.696492,2026-08-18
SPCX,143.34,2026-08-21,3,Put,143.00,-0.24%,3.55,3.55,3.65,9149,1865,4.91,64.16%,73.14%,-0.471041,2026-08-18
GOOG,341.28,2026-08-21,3,Call,235.00,+31.14%,104.9,106.29,108.5,510,104,4.9,28.31%,198.88%,0.984627,2026-08-18
U,46.74,2027-01-15,150,Put,45.00,-3.72%,5.45,5.93,6.25,2008,410,4.9,53.62%,60.10%,-0.374129,2026-08-18
SPCX,143.34,2026-08-21,3,Call,143.00,+0.24%,3.9,4,4.05,14888,3045,4.89,64.16%,73.04%,0.529289,2026-08-18
INTC,96.68,2026-08-19,1,Put,93.00,-3.81%,0.29,0.32,0.34,3349,689,4.86,63.58%,75.01%,-0.155888,2026-08-18
NFLX,77.77,2026-08-21,3,Put,78.00,+0.30%,1.09,1.1,1.13,17434,3585,4.86,32.39%,35.57%,-0.527183,2026-08-18
BKNG,208.25,2027-06-17,303,Put,208.00,-0.12%,15.7,23.01,29.2,1271,262,4.85,35.56%,33.33%,-0.415162,2026-08-18
U,46.74,2027-05-21,276,Put,40.00,-14.42%,5.75,6.05,6.35,1500,309,4.85,53.62%,64.41%,-0.275155,2026-08-18
TTWO,242.4,2026-12-18,122,Put,230.00,-5.12%,16.4,17.57,17.8,1002,208,4.82,41.37%,44.12%,-0.354932,2026-08-18
INTC,96.68,2026-09-04,17,Call,112.00,-15.85%,1.14,1.2,1.4,1811,376,4.82,63.58%,67.66%,0.177678,2026-08-18
CVX,205.74,2026-09-18,31,Call,140.00,+31.95%,64.5,66.75,66.75,4480,930,4.82,25.09%,85.38%,0.951975,2026-08-18
MPC,366.21,2026-08-21,3,Call,300.00,+18.08%,65.5,63.6,68.2,4874,1012,4.82,41.53%,124.74%,0.965676,2026-08-18
HAS,93.99,2026-08-21,3,Call,87.50,+6.90%,5.1,8,8.6,5302,1100,4.82,33.24%,69.04%,0.879882,2026-08-18
META,543.67,2026-09-18,31,Put,555.00,+2.08%,27.45,27.95,28.4,6623,1373,4.82,35.77%,35.41%,-0.551352,2026-08-18
XOM,165.56,2026-08-28,10,Call,172.50,-4.19%,0.74,0.96,0.95,505,105,4.81,28.15%,28.38%,0.199181,2026-08-18
META,543.67,2026-08-21,3,Call,550.00,-1.16%,5.45,5.57,5.75,9057,1886,4.8,35.77%,42.12%,0.390844,2026-08-18
TOL,142.86,2026-08-21,3,Put,135.00,-5.50%,1.2,1.2,1.25,1244,259,4.8,40.11%,79.43%,-0.204685,2026-08-18
MSFT,481.63,2026-08-21,3,Call,482.50,-0.18%,4,4.3,4.85,2303,484,4.76,26.18%,27.50%,0.479852,2026-08-18
MSFT,481.63,2026-08-19,1,Call,490.00,-1.74%,0.36,0.4,0.41,10931,2296,4.76,26.18%,27.21%,0.115644,2026-08-18
CVX,205.74,2026-08-21,3,Call,190.00,+7.65%,15.5,15.55,16,18332,3853,4.76,25.09%,34.30%,0.994856,2026-08-18
CVX,205.74,2026-09-18,31,Call,175.00,+14.94%,30.35,30.76,32.75,20285,4271,4.75,25.09%,40.10%,0.924457,2026-08-18
INTU,350.41,2026-09-18,31,Call,410.00,-17.01%,6.4,7.5,9,1141,240,4.75,61.83%,63.03%,0.225622,2026-08-18
ORCL,142.79,2026-08-28,10,Call,157.50,-10.30%,1.09,1.19,1.2,1683,354,4.75,68.34%,57.68%,0.165203,2026-08-18
CVX,205.74,2026-09-18,31,Call,170.00,+17.37%,34.5,35.75,36.5,7958,1678,4.74,25.09%,25.96%,0.995745,2026-08-18
AAPL,310.03,2026-08-19,1,Put,302.50,-2.43%,0.1,0.12,0.12,13366,2832,4.72,24.19%,29.47%,-0.054019,2026-08-18
NXT,91.15,2027-01-15,150,Call,100.00,-9.71%,12.5,13.49,15.2,1113,236,4.72,61.71%,71.81%,0.525197,2026-08-18
TSLA,336.87,2026-08-24,6,Call,337.50,-0.19%,6.1,6.1,6.3,1440,305,4.72,40.16%,37.19%,0.498872,2026-08-18
AMD,484.39,2026-08-21,3,Call,477.50,+1.42%,14.15,14.35,15,517,110,4.7,53.93%,61.49%,0.614187,2026-08-18
SFM,78.84,2026-12-18,122,Call,90.00,-14.16%,3.2,4.6,6.6,658,140,4.7,39.75%,46.93%,0.380206,2026-08-18
TOL,142.86,2026-08-21,3,Call,150.00,-5.00%,1.15,1.35,1.4,1066,227,4.7,40.11%,72.20%,0.239218,2026-08-18
NBIS,248.43,2026-08-21,3,Call,247.50,+0.37%,9.85,10.55,10.35,1081,230,4.7,93.21%,106.99%,0.535954,2026-08-18
CBRS,220.01,2026-08-21,3,Call,245.00,-11.36%,2.85,2.98,3.3,1325,282,4.7,95.57%,136.75%,0.210851,2026-08-18
HIMS,27.39,2026-08-21,3,Call,28.50,-4.05%,0.33,0.35,0.36,4127,882,4.68,66.54%,76.65%,0.297107,2026-08-18
TSLA,336.87,2026-08-24,6,Call,342.50,-1.67%,4.1,4.1,4.2,1425,305,4.67,40.16%,37.46%,0.378779,2026-08-18
BULL,7.93,2026-09-04,17,Put,8.00,+0.88%,0.47,0.55,0.59,834,179,4.66,69.37%,73.10%,-0.487491,2026-08-18
INTC,96.68,2026-08-26,8,Put,90.00,-6.91%,0.94,0.89,1.25,711,153,4.65,63.58%,63.08%,-0.205937,2026-08-18
AVGO,380,2026-08-19,1,Put,365.00,-3.95%,0.19,0.27,0.3,874,188,4.65,49.32%,49.37%,-0.057715,2026-08-18
PYPL,60.43,2026-10-02,45,Call,66.00,-9.22%,0.7,0.8,1.9,897,193,4.65,28.84%,37.49%,0.281332,2026-08-18
AAPL,310.03,2026-09-04,17,Put,330.00,+6.44%,19.25,20.35,21.5,1004,216,4.65,24.19%,22.13%,-0.907834,2026-08-18
ADI,376.63,2026-08-21,3,Put,365.00,-3.09%,5.5,6.57,7.5,1129,243,4.65,47.10%,85.10%,-0.327239,2026-08-18
MU,940.76,2026-09-04,17,Call,"1,060.00",-12.67%,16.55,17.45,17.45,561,121,4.64,65.12%,67.17%,0.229816,2026-08-18
CVX,205.74,2026-08-21,3,Call,195.00,+5.22%,9.55,10.5,11.9,18036,3888,4.64,25.09%,23.86%,0.993365,2026-08-18
CVNA,65,2026-08-28,10,Call,64.00,+1.54%,3.2,3.3,3.6,685,148,4.63,58.52%,66.67%,0.5811,2026-08-18
CVX,205.74,2026-08-21,3,Call,155.00,+24.66%,49.35,50.66,51.95,1120,242,4.63,25.09%,111.96%,0.997845,2026-08-18
XOM,165.56,2026-12-18,122,Put,155.00,-6.38%,5.85,6.18,6.2,2051,444,4.62,28.15%,29.19%,-0.307401,2026-08-18
AMZN,259.45,2026-08-19,1,Put,255.00,-1.72%,0.35,0.36,0.38,14059,3043,4.62,28.50%,32.99%,-0.154854,2026-08-18
BE,209.01,2026-08-21,3,Call,212.50,-1.67%,5.7,5.7,5.9,812,176,4.61,90.16%,96.96%,0.443909,2026-08-18
GOOGL,344.2,2026-08-19,1,Put,337.50,-1.95%,0.27,0.28,0.31,2525,548,4.61,27.86%,30.71%,-0.108173,2026-08-18
MPC,366.21,2026-08-21,3,Call,290.00,+20.81%,75.4,74,77.8,5461,1185,4.61,41.53%,129.61%,0.979535,2026-08-18
TSLA,336.87,2026-08-21,3,Put,335.00,-0.56%,4.35,4.35,4.45,17162,3729,4.6,40.16%,43.81%,-0.433983,2026-08-18
CVX,205.74,2026-08-21,3,Call,170.00,+17.37%,35.5,36.4,36.4,10084,2198,4.59,25.09%,111.37%,0.973721,2026-08-18
CVX,205.74,2026-08-21,3,Call,175.00,+14.94%,29.35,31,31.95,19052,4153,4.59,25.09%,100.60%,0.965502,2026-08-18
NXH,4.26,2028-01-21,521,Call,5.00,-17.37%,1.55,1.6,1.7,3138,684,4.59,0.00%,90.54%,0.672319,2026-08-18
BE,209.01,2026-08-21,3,Call,207.50,+0.72%,8.05,8.06,8.35,681,149,4.57,90.16%,98.13%,0.55146,2026-08-18
UUUU,14.09,2027-01-15,150,Put,14.00,-0.64%,2.31,2.54,2.65,2009,440,4.57,71.70%,74.00%,-0.392157,2026-08-18
CRDO,245.97,2026-08-21,3,Put,235.00,-4.46%,3.6,4.09,4.9,511,112,4.56,99.58%,99.78%,-0.290295,2026-08-18
RXT,3.52,2026-09-25,38,Call,1.00,+71.59%,2.35,2.51,2.95,816,179,4.56,119.46%,349.94%,0.953779,2026-08-18
META,543.67,2026-10-16,59,Call,735.00,-35.19%,1.49,1.55,1.67,1486,326,4.56,35.77%,41.43%,0.045037,2026-08-18
BILI,16.99,2026-09-18,31,Call,17.00,-0.06%,0.9,1.08,1.18,1664,365,4.56,49.72%,51.66%,0.536768,2026-08-18
APTV,48.6,2026-09-18,31,Put,47.50,-2.26%,1.35,1.5,1.65,1123,247,4.55,40.60%,36.44%,-0.388783,2026-08-18
CVX,205.74,2026-08-21,3,Call,185.00,+10.08%,20.5,21.45,21.45,13541,2984,4.54,25.09%,69.74%,0.956428,2026-08-18
PYPL,60.43,2026-09-11,24,Put,59.00,-2.37%,0.68,1.09,1.88,603,133,4.53,28.84%,31.93%,-0.362466,2026-08-18
CVX,205.74,2026-08-28,10,Call,190.00,+7.65%,15.25,16.45,16.1,1141,252,4.53,25.09%,39.71%,0.892795,2026-08-18
AXTI,82.31,2026-08-28,10,Call,80.00,+2.81%,7.9,8.3,8.8,1685,372,4.53,123.28%,132.67%,0.596374,2026-08-18
IONQ,44.12,2026-08-28,10,Put,43.00,-2.54%,1.64,1.76,1.84,524,116,4.52,77.35%,79.09%,-0.394273,2026-08-18
ASTS,67.07,2026-08-21,3,Call,67.00,+0.10%,2,2.21,2.19,594,132,4.5,78.04%,84.58%,0.522269,2026-08-18
BJ,92.69,2027-01-15,150,Call,110.00,-18.68%,2.25,2.7,3.5,752,167,4.5,35.83%,33.15%,0.26597,2026-08-18
KEYS,341,2026-08-21,3,Call,360.00,-5.57%,7.1,8.1,8.7,1566,348,4.5,54.21%,122.82%,0.334081,2026-08-18
AEO,16.35,2026-08-21,3,Call,16.50,-0.92%,0.07,0.31,0.39,2080,462,4.5,72.76%,50.29%,0.429879,2026-08-18
CVX,205.74,2026-08-21,3,Call,200.00,+2.79%,5.6,5.84,6.5,23196,5152,4.5,25.09%,27.10%,0.87773,2026-08-18
FRMI,5.74,2026-09-04,17,Call,6.00,-4.53%,0.35,0.4,0.45,566,126,4.49,104.37%,102.28%,0.467043,2026-08-18
ADM,82.45,2026-09-18,31,Call,65.00,+21.16%,17.1,17.8,17.9,905,202,4.48,28.87%,34.14%,0.990771,2026-08-18
DELL,468.65,2028-01-21,521,Put,400.00,-14.65%,103.5,105.85,108,519,116,4.47,81.56%,73.89%,-0.254729,2026-08-18
TJX,150.85,2026-08-21,3,Call,157.50,-4.41%,0.35,1,1.65,1649,369,4.47,27.72%,59.36%,0.220249,2026-08-18
LOW,215.64,2026-08-28,10,Put,200.00,-7.25%,0.9,0.95,1.2,597,134,4.46,34.54%,42.49%,-0.133224,2026-08-18
CVX,205.74,2026-08-21,3,Call,197.50,+4.01%,7.55,8.25,8.5,11308,2543,4.45,25.09%,18.60%,0.992232,2026-08-18
AVGO,380,2026-08-19,1,Put,372.50,-1.97%,0.85,1.09,1.01,1357,306,4.43,49.32%,44.17%,-0.19021,2026-08-18
ENVX,3.13,2026-11-20,94,Call,4.00,-27.80%,0.37,0.37,0.38,2434,549,4.43,85.17%,100.82%,0.420286,2026-08-18
CIFR,16.09,2026-08-28,10,Call,16.50,-2.55%,0.94,1.08,1.16,690,156,4.42,106.61%,114.96%,0.487929,2026-08-18
MU,940.76,2027-02-19,185,Put,670.00,-28.78%,51.7,53.58,53.8,991,224,4.42,65.12%,69.56%,-0.166745,2026-08-18
MSTR,92.52,2026-11-20,94,Call,160.00,-72.94%,2.19,2.42,2.56,1934,438,4.42,68.37%,82.75%,0.142107,2026-08-18
MPC,366.21,2026-08-21,3,Call,220.00,+39.93%,145.5,144.1,148.2,1080,245,4.41,41.53%,280.87%,0.983295,2026-08-18
BIDU,90.87,2026-08-21,3,Call,100.00,-10.05%,0.14,0.16,0.18,1787,405,4.41,45.28%,68.55%,0.066215,2026-08-18
MU,940.76,2026-08-19,1,Put,965.00,+2.58%,27.65,31.33,31.15,2699,612,4.41,65.12%,71.18%,-0.746242,2026-08-18
SPCX,143.34,2026-08-21,3,Put,142.00,-0.93%,3.05,2.97,3.15,8621,1956,4.41,64.16%,72.67%,-0.42885,2026-08-18
SHEL,92.01,2027-01-15,150,Put,82.50,-10.34%,1.7,1.8,2.05,810,185,4.38,22.13%,24.32%,-0.212541,2026-08-18
NCLH,17.61,2026-09-11,24,Call,19.00,-7.89%,0.12,0.35,0.45,682,156,4.37,42.93%,41.73%,0.262966,2026-08-18
TSLA,336.87,2026-08-19,1,Call,332.50,+1.30%,5.65,5.55,5.9,11172,2558,4.37,40.16%,44.17%,0.719275,2026-08-18
MU,940.76,2026-08-28,10,Call,940.00,+0.08%,40.95,42,43.7,832,191,4.36,65.12%,66.87%,0.52848,2026-08-18
MPC,366.21,2026-08-21,3,Call,260.00,+29.00%,105.5,104.2,107.7,2292,527,4.35,41.53%,181.61%,0.984673,2026-08-18
MOD,200.66,2026-09-18,31,Call,220.00,-9.64%,8.4,9.4,10,555,128,4.34,69.19%,69.50%,0.367486,2026-08-18
SEDG,29.82,2026-11-20,94,Call,40.00,-34.14%,2.26,2.58,2.57,555,128,4.34,78.93%,88.10%,0.340433,2026-08-18
WULF,15.62,2027-06-17,303,Call,12.00,+23.18%,6.5,6.65,6.65,724,167,4.34,89.25%,124.64%,0.702345,2026-08-18
AMD,484.39,2026-09-04,17,Call,580.00,-19.74%,1.8,2.23,2.65,941,217,4.34,53.93%,57.58%,0.084713,2026-08-18
BE,209.01,2027-01-15,150,Put,175.00,-16.27%,28.85,29.24,30.3,1202,277,4.34,90.16%,94.93%,-0.268922,2026-08-18
TOL,142.86,2026-08-21,3,Put,140.00,-2.00%,2.6,2.85,3.1,961,222,4.33,40.11%,80.88%,-0.376255,2026-08-18
ZION,70.93,2026-09-18,31,Put,67.50,-4.84%,0.55,0.8,0.95,652,151,4.32,24.47%,25.37%,-0.235446,2026-08-18
IONQ,44.12,2026-08-28,10,Call,46.00,-4.26%,1.54,1.85,1.73,1110,257,4.32,77.35%,82.24%,0.408564,2026-08-18
XP,15.84,2026-09-18,31,Call,17.00,-7.32%,0.25,0.3,0.35,9122,2113,4.32,39.39%,39.11%,0.282965,2026-08-18
ET,21.42,2028-12-15,850,Call,32.00,-49.39%,0.24,0.29,0.33,9262,2144,4.32,18.38%,20.94%,0.098964,2026-08-18
ADM,82.45,2026-09-18,31,Call,62.50,+24.20%,19.6,20.3,20.4,785,182,4.31,28.87%,40.70%,0.989866,2026-08-18
ZIM,28.49,2026-08-21,3,Call,32.00,-12.32%,0.18,0.19,0.2,1056,245,4.31,51.89%,111.41%,0.136185,2026-08-18
SNDK,1625.78,2026-08-21,3,Call,"1,750.00",-7.64%,17.3,17.59,18.1,4929,1144,4.31,85.49%,99.13%,0.220306,2026-08-18
BX,140.59,2026-08-28,10,Put,133.00,-5.40%,0.62,0.93,0.98,685,160,4.28,35.11%,36.52%,-0.170953,2026-08-18
BYND,12.74,2026-08-21,3,Call,15.00,-17.74%,0.13,0.15,0.15,1289,301,4.28,121.70%,163.34%,0.152252,2026-08-18
MPC,366.21,2026-08-21,3,Call,280.00,+23.54%,85.5,84.72,88.2,1096,258,4.25,41.53%,160.41%,0.97247,2026-08-18
CBRL,58.18,2026-09-18,31,Put,55.00,-5.47%,1.9,2.79,2.55,521,123,4.24,60.74%,55.27%,-0.330141,2026-08-18
RR,1.61,2026-08-28,10,Put,2.0000,+24.22%,0.4,0.4,0.46,520,123,4.23,117.15%,143.16%,-0.786937,2026-08-18
SHOP,146.58,2027-06-17,303,Call,150.00,-2.33%,28,30.44,32.5,1610,381,4.23,43.73%,56.28%,0.608726,2026-08-18
TSM,413.41,2026-08-28,10,Put,410.00,-0.82%,7.25,8.2,8.95,3018,713,4.23,34.68%,36.21%,-0.428914,2026-08-18
MU,940.76,2026-08-19,1,Call,"1,015.00",-7.89%,0.66,0.7,0.76,3152,746,4.23,65.12%,83.37%,0.043027,2026-08-18
SNDK,1625.78,2026-08-21,3,Put,"1,670.00",+2.72%,81.3,82.12,83.9,1977,469,4.22,85.49%,97.53%,-0.601341,2026-08-18
MPC,366.21,2026-08-21,3,Call,320.00,+12.62%,45.5,43.6,47.8,4355,1032,4.22,41.53%,83.21%,0.96618,2026-08-18
BIDU,90.87,2026-08-28,10,Call,100.00,-10.05%,0.55,0.62,0.62,572,136,4.21,45.28%,52.68%,0.148445,2026-08-18
CRWV,93.17,2026-08-28,10,Put,85.00,-8.77%,1.69,1.74,1.85,1173,279,4.2,77.97%,81.93%,-0.226286,2026-08-18
SYM,40.46,2026-08-21,3,Call,40.00,+1.14%,0.05,1.09,2.95,2191,522,4.2,53.74%,85.94%,0.575176,2026-08-18
ROST,236.38,2026-08-21,3,Put,230.00,-2.70%,3.1,4.7,5.7,695,166,4.19,38.73%,84.94%,-0.345838,2026-08-18
HD,337.49,2026-08-21,3,Call,347.50,-2.97%,0.94,1.17,1.39,1694,404,4.19,25.84%,36.35%,0.192552,2026-08-18
AMD,484.39,2026-08-19,1,Call,495.00,-2.19%,2.11,2.25,2.27,3977,951,4.18,53.93%,59.30%,0.248419,2026-08-18
NVDA,219.74,2026-08-19,1,Call,212.50,+3.29%,6.65,7.15,7.7,1964,471,4.17,39.13%,22.46%,0.997883,2026-08-18
UBER,74.66,2026-09-04,17,Put,74.00,-0.88%,1.77,1.78,1.8,832,200,4.16,33.10%,33.60%,-0.429584,2026-08-18
NXH,4.26,2028-01-21,521,Call,7.50,-76.06%,1.1,1.11,1.2,3060,738,4.15,0.00%,90.75%,0.529386,2026-08-18
COHR,306.43,2026-08-28,10,Call,330.00,-7.69%,7.6,8.37,9.5,637,154,4.14,78.37%,84.91%,0.326367,2026-08-18
ADM,82.45,2026-09-18,31,Call,60.00,+27.23%,22.1,23.03,22.9,780,189,4.13,28.87%,47.34%,0.989528,2026-08-18
ADI,376.63,2026-08-21,3,Put,340.00,-9.73%,1.1,1.16,1.25,818,198,4.13,47.10%,84.97%,-0.085462,2026-08-18
HOOD,91.53,2026-08-21,3,Call,94.00,-2.70%,1.15,1.13,1.18,3443,835,4.12,55.81%,64.73%,0.337468,2026-08-18
MSFT,481.63,2026-08-19,1,Call,492.50,-2.26%,0.18,0.19,0.22,3312,805,4.11,26.18%,27.97%,0.065268,2026-08-18
GCO,34.82,2026-12-18,122,Put,30.00,-13.84%,2.3,2.58,3.2,664,162,4.1,67.57%,64.69%,-0.276941,2026-08-18
AMD,484.39,2026-08-19,1,Call,507.50,-4.77%,0.51,0.58,0.63,747,182,4.1,53.93%,62.58%,0.080225,2026-08-18
AMD,484.39,2026-08-19,1,Call,505.00,-4.25%,0.68,0.75,0.79,1464,357,4.1,53.93%,61.42%,0.100815,2026-08-18
KURA,12.33,2027-01-15,150,Put,14.00,+13.54%,1.95,3.05,4,540,132,4.09,118.46%,64.71%,-0.531772,2026-08-18
MRVL,216,2026-09-04,17,Call,215.00,+0.46%,17.05,17.39,17.55,647,158,4.09,79.96%,89.77%,0.551405,2026-08-18
SBUX,106.01,2027-06-17,303,Put,115.00,+8.48%,13.55,13.85,17.55,1501,367,4.09,24.97%,28.83%,-0.555528,2026-08-18
NU,14.35,2027-01-15,150,Call,16.00,-11.50%,0.93,1,1,20866,5101,4.09,35.24%,40.84%,0.411186,2026-08-18
IONQ,44.12,2026-08-21,3,Put,41.00,-7.07%,0.22,0.29,0.34,1290,316,4.08,77.35%,83.24%,-0.155475,2026-08-18
BABA,128.15,2026-09-04,17,Call,128.00,+0.12%,5.1,6.1,6.8,549,135,4.07,46.81%,53.26%,0.526993,2026-08-18
ENPH,37.58,2026-09-04,17,Put,35.00,-6.87%,0.77,0.81,0.98,692,170,4.07,63.86%,61.24%,-0.26916,2026-08-18
TSM,413.41,2026-08-28,10,Call,410.00,+0.82%,11.3,12.66,12.1,613,151,4.06,34.68%,35.78%,0.57246,2026-08-18
AMD,484.39,2026-08-19,1,Put,457.50,-5.55%,0.33,0.36,0.4,1344,331,4.06,53.93%,67.33%,-0.050405,2026-08-18
TSLA,336.87,2026-08-24,6,Put,327.50,-2.78%,2.61,2.55,2.67,721,178,4.05,40.16%,37.07%,-0.26488,2026-08-18
KLAR,15.06,2026-08-21,3,Call,15.00,+0.40%,0.4,0.45,0.5,745,184,4.05,54.59%,76.74%,0.538424,2026-08-18
SPCX,143.34,2026-09-25,38,Put,120.00,-16.28%,2.94,3.04,3.15,3537,875,4.04,64.16%,65.96%,-0.169123,2026-08-18
PDD,87.27,2026-08-28,10,Put,81.00,-7.18%,0.65,1.18,1.2,502,125,4.02,41.93%,56.31%,-0.195964,2026-08-18
ENTG,150.26,2026-09-18,31,Put,115.00,-23.47%,1.15,1.15,1.35,1045,260,4.02,67.72%,71.50%,-0.080649,2026-08-18
HD,337.49,2026-08-21,3,Call,342.50,-1.48%,1.96,2.3,2.6,1360,338,4.02,25.84%,35.16%,0.32843,2026-08-18
EQT,53.14,2028-01-21,521,Put,47.50,-10.61%,3.1,4.65,4.8,855,214,4,28.70%,30.02%,-0.280086,2026-08-18
TSLA,336.87,2026-08-21,3,Put,450.00,+33.58%,111.85,112.65,114.2,864,216,4,40.16%,119.97%,-0.997266,2026-08-18
SPCX,143.34,2026-08-21,3,Put,144.00,+0.46%,4.05,4.05,4.2,6817,1703,4,64.16%,73.27%,-0.512906,2026-08-18
AMZN,259.45,2026-08-19,1,Call,265.00,-2.14%,0.23,0.22,0.25,30295,7577,4,28.50%,32.84%,0.111817,2026-08-18
GCO,34.82,2026-12-18,122,Put,25.00,-28.20%,0.85,1.18,1.35,1533,384,3.99,67.57%,64.28%,-0.139638,2026-08-18
CSX,50.24,2026-09-18,31,Call,55.00,-9.47%,0.1,0.15,0.2,10371,2603,3.98,22.47%,22.84%,0.097769,2026-08-18
BE,209.01,2026-08-21,3,Call,215.00,-2.87%,4.75,4.75,4.95,1091,275,3.97,90.16%,97.09%,0.392173,2026-08-18
TSLA,336.87,2026-08-19,1,Call,327.50,+2.78%,9.65,9.85,10.05,1519,383,3.97,40.16%,45.30%,0.886061,2026-08-18
TTWO,242.4,2026-08-21,3,Put,235.00,-3.05%,1.05,2.07,2.75,654,165,3.96,41.37%,54.73%,-0.256209,2026-08-18
COST,961.35,2026-09-04,17,Put,925.00,-3.78%,3.4,4.6,5.3,781,197,3.96,20.74%,20.81%,-0.181679,2026-08-18
TSLA,336.87,2026-08-26,8,Put,332.50,-1.30%,5.6,5.71,5.75,573,145,3.95,40.16%,39.28%,-0.3955,2026-08-18
KEEL,3.16,2026-08-28,10,Put,3.00,-5.06%,0.05,0.16,0.17,3229,818,3.95,104.33%,88.52%,-0.332245,2026-08-18
CAKE,106.36,2026-09-18,31,Call,110.00,-3.42%,3.2,3.83,3.9,654,166,3.94,40.29%,40.40%,0.417103,2026-08-18
SNDK,1625.78,2026-08-21,3,Put,"1,680.00",+3.34%,86.1,89,90.5,970,246,3.94,85.49%,96.14%,-0.629446,2026-08-18
NVDA,219.74,2026-08-19,1,Call,210.00,+4.43%,9,9.85,11.15,2300,587,3.92,39.13%,65.44%,0.910406,2026-08-18
TSLA,336.87,2026-08-24,6,Put,335.00,-0.56%,5.3,5.42,5.45,1996,510,3.91,40.16%,36.95%,-0.43981,2026-08-18
ADM,82.45,2026-08-21,3,Call,75.00,+9.04%,7.2,7.89,7.8,782,202,3.87,28.87%,55.27%,0.972172,2026-08-18
NEM,115.98,2026-12-18,122,Call,160.00,-37.95%,2.12,2.28,2.4,1670,431,3.87,42.53%,46.89%,0.154604,2026-08-18
AMD,484.39,2026-11-20,94,Call,980.00,-102.32%,1.42,1.49,1.81,590,153,3.86,53.93%,66.23%,0.028785,2026-08-18
BBWI,20.04,2026-08-21,3,Call,20.50,-2.30%,0.15,0.25,0.3,594,154,3.86,65.26%,56.66%,0.338395,2026-08-18
CIFR,16.09,2026-08-21,3,Call,16.00,+0.56%,0.69,0.85,0.85,3298,854,3.86,106.61%,123.97%,0.544402,2026-08-18
BB,8.58,2026-08-21,3,Call,8.50,+0.93%,0.18,0.24,0.26,3589,929,3.86,61.36%,56.89%,0.58443,2026-08-18
GME,17.95,2026-08-28,10,Call,18.50,-3.06%,0.2,0.24,0.24,2100,545,3.85,46.42%,37.32%,0.316836,2026-08-18
CC,15.42,2028-01-21,521,Call,25.00,-62.13%,2.35,2.35,2.8,1026,267,3.84,53.39%,67.34%,0.421729,2026-08-18
META,543.67,2026-08-21,3,Put,650.00,+19.56%,104.95,104.8,108.2,3284,855,3.84,35.77%,94.32%,-0.98086,2026-08-18
FCEL,21.7,2026-08-28,10,Call,24.00,-10.60%,0.75,1.01,1.1,516,135,3.82,125.25%,122.58%,0.348182,2026-08-18
CART,48.93,2026-08-21,3,Call,52.00,-6.27%,0.05,0.1,0.25,569,149,3.82,34.05%,56.47%,0.12356,2026-08-18
OKLO,41.36,2026-08-21,3,Call,41.50,-0.34%,1.1,1.27,1.3,730,191,3.82,74.97%,84.31%,0.499163,2026-08-18
COHR,306.43,2026-08-21,3,Call,330.00,-7.69%,2.1,2.5,3.1,1241,325,3.82,78.37%,90.23%,0.194492,2026-08-18
MU,940.76,2026-08-21,3,Put,935.00,-0.61%,20.4,21.55,22.15,1575,414,3.8,65.12%,71.24%,-0.447827,2026-08-18
AMZN,259.45,2026-08-24,6,Call,262.50,-1.18%,2.1,2.25,2.35,667,176,3.79,28.50%,26.10%,0.37646,2026-08-18
MU,940.76,2026-08-21,3,Call,955.00,-1.51%,17.45,18.62,19.65,1174,310,3.79,65.12%,72.69%,0.424412,2026-08-18
AMD,484.39,2026-08-19,1,Put,445.00,-8.13%,0.08,0.11,0.14,525,139,3.78,53.93%,76.13%,-0.015756,2026-08-18
TSLA,336.87,2026-08-26,8,Call,340.00,-0.93%,6.5,6.79,6.65,590,156,3.78,40.16%,39.66%,0.454368,2026-08-18
NVDA,219.74,2026-08-28,10,Call,207.50,+5.57%,14.55,14.27,15.25,738,195,3.78,39.13%,49.74%,0.772654,2026-08-18
AMZN,259.45,2026-08-21,3,Put,285.00,+9.85%,25.3,25.35,26,944,250,3.78,28.50%,54.37%,-0.972021,2026-08-18
APLD,28.51,2026-08-21,3,Put,29.50,+3.47%,1.52,1.77,1.87,2546,675,3.77,82.15%,108.45%,-0.616337,2026-08-18
AMZN,259.45,2026-08-19,1,Call,235.00,+9.42%,24,25.59,24.75,755,201,3.76,28.50%,156.67%,0.894216,2026-08-18
ORCL,142.79,2026-08-21,3,Put,143.00,+0.15%,3.1,3.2,3.3,4166,1109,3.76,68.34%,60.11%,-0.498749,2026-08-18
T,24.9,2026-08-21,3,Put,24.50,-1.61%,0.08,0.1,0.1,7280,1936,3.76,24.17%,26.65%,-0.248204,2026-08-18
MU,940.76,2026-08-19,1,Call,"1,050.00",-11.61%,0.16,0.19,0.19,7421,1981,3.75,65.12%,91.24%,0.011482,2026-08-18
INTC,96.68,2026-09-11,24,Put,95.00,-1.74%,5.15,5.45,5.5,1002,267,3.75,63.58%,63.47%,-0.420832,2026-08-18
NBIS,248.43,2026-10-16,59,Put,250.00,+0.63%,37.05,37.71,38.7,721,193,3.74,93.21%,95.22%,-0.426009,2026-08-18
TSLA,336.87,2026-08-21,3,Put,430.00,+27.65%,91.95,93.1,95.15,815,218,3.74,40.16%,139.73%,-0.9695,2026-08-18
AMPX,10.71,2028-06-16,668,Call,13.00,-21.38%,4.6,5.1,6.3,994,266,3.74,84.43%,108.43%,0.742785,2026-08-18
META,543.67,2026-08-21,3,Put,690.00,+26.92%,143.05,147.2,148.1,544,146,3.73,35.77%,141.99%,-0.963644,2026-08-18
META,543.67,2026-08-21,3,Put,680.00,+25.08%,133.05,136.75,137.65,795,213,3.73,35.77%,121.60%,-0.976765,2026-08-18
XOM,165.56,2026-08-28,10,Put,160.00,-3.36%,1.04,1.08,1.13,948,254,3.73,28.15%,29.04%,-0.229266,2026-08-18
ENVX,3.13,2026-09-04,17,Call,3.00,+4.15%,0.3,0.33,0.38,1598,428,3.73,85.17%,100.29%,0.6253,2026-08-18
HYLN,3.86,2026-09-18,31,Put,3.00,-22.28%,0.1,0.12,0.15,510,137,3.72,100.99%,107.86%,-0.166521,2026-08-18
MU,940.76,2026-08-19,1,Call,"1,045.00",-11.08%,0.19,0.24,0.24,673,181,3.72,65.12%,90.25%,0.013954,2026-08-18
AMZN,259.45,2026-08-19,1,Call,245.00,+5.57%,14.05,14.67,15.05,840,226,3.72,28.50%,56.69%,0.97437,2026-08-18
SNDK,1625.78,2026-08-21,3,Call,"1,610.00",+0.97%,64.1,64.1,66.3,1687,453,3.72,85.49%,96.95%,0.562902,2026-08-18
AMZN,259.45,2026-08-21,3,Call,262.50,-1.18%,1.65,1.66,1.8,8567,2301,3.72,28.50%,31.56%,0.350549,2026-08-18
QCOM,160.19,2026-08-28,10,Call,162.50,-1.44%,3.45,3.72,3.85,516,139,3.71,42.92%,44.05%,0.438211,2026-08-18
SPCE,3.19,2026-09-04,17,Put,3.50,+9.72%,0.4,0.49,0.53,723,195,3.71,80.43%,100.02%,-0.624317,2026-08-18
MRK,135.17,2026-08-21,3,Call,138.00,-2.09%,0.4,0.46,0.58,1076,290,3.71,26.21%,30.27%,0.230194,2026-08-18
MSTR,92.52,2026-08-28,10,Put,110.00,+18.89%,17.55,16.8,18.15,1156,312,3.71,68.37%,73.96%,-0.913076,2026-08-18
AXSM,215.69,2026-08-21,3,Call,250.00,-15.91%,0,0.1,1.25,648,175,3.7,40.40%,106.73%,0.070212,2026-08-18
META,543.67,2026-09-18,31,Put,790.00,+45.31%,242.55,248.7,249.35,1094,296,3.7,35.77%,80.60%,-0.934957,2026-08-18
META,543.67,2026-08-24,6,Call,580.00,-6.68%,1.09,1.12,1.22,1397,378,3.7,35.77%,37.61%,0.095713,2026-08-18
CLF,11.88,2026-08-28,10,Put,11.50,-3.20%,0.25,0.27,0.3,2449,662,3.7,54.14%,57.17%,-0.346288,2026-08-18
AME,249.99,2026-09-18,31,Put,240.00,-4.00%,1.15,3.1,3.4,1037,281,3.69,22.57%,21.71%,-0.237837,2026-08-18
NVDA,219.74,2026-08-24,6,Call,220.00,-0.12%,3.3,3.3,3.4,25410,6897,3.68,39.13%,30.44%,0.500996,2026-08-18
INTC,96.68,2027-02-19,185,Put,50.00,-48.28%,1.3,1.48,1.48,3139,854,3.68,63.58%,70.45%,-0.054976,2026-08-18
AAPL,310.03,2026-08-24,6,Put,310.00,-0.01%,3.2,3.4,3.45,653,178,3.67,24.19%,21.53%,-0.486951,2026-08-18
META,543.67,2026-08-21,3,Put,640.00,+17.72%,94.8,93.8,98.1,3388,922,3.67,35.77%,81.19%,-0.987101,2026-08-18
AMD,484.39,2028-06-16,668,Put,300.00,-38.07%,43.25,45.4,45.5,890,243,3.66,53.93%,60.88%,-0.143896,2026-08-18
PVH,78.73,2026-08-21,3,Put,75.00,-4.74%,0.1,0.22,0.35,900,246,3.66,60.46%,48.34%,-0.128121,2026-08-18
MSFT,481.63,2026-08-19,1,Put,472.50,-1.90%,0.33,0.33,0.45,2259,618,3.66,26.18%,29.78%,-0.107403,2026-08-18
W,101.69,2026-08-21,3,Put,100.00,-1.66%,1.25,1.15,1.71,763,209,3.65,53.19%,61.28%,-0.36916,2026-08-18
NFLX,77.77,2026-10-02,45,Put,70.00,-9.99%,0.73,0.73,0.81,549,151,3.64,32.39%,32.72%,-0.156471,2026-08-18
AAP,56.96,2026-08-21,3,Put,52.00,-8.71%,0.8,1.2,3.2,1016,279,3.64,74.96%,203.61%,-0.278687,2026-08-18
NIO,4.53,2027-03-19,213,Call,8.00,-76.60%,0,0.18,0.26,1500,412,3.64,53.28%,57.21%,0.151613,2026-08-18
RUM,8.1,2026-08-21,3,Put,14.00,+72.84%,5.7,6.14,6.2,730,201,3.63,80.68%,344.11%,-0.945274,2026-08-18
SPCE,3.19,2026-09-04,17,Put,3.00,-5.96%,0.11,0.15,0.2,901,248,3.63,80.43%,90.24%,-0.337228,2026-08-18
BE,209.01,2028-01-21,521,Put,175.00,-16.27%,59.5,62.25,63.25,597,165,3.62,90.16%,95.33%,-0.22537,2026-08-18
BSX,50.47,2026-08-28,10,Put,50.00,-0.93%,0.75,0.9,1,710,196,3.62,35.68%,33.58%,-0.416583,2026-08-18
MSFT,481.63,2026-08-28,10,Call,502.50,-4.33%,1.74,1.95,2.11,1409,389,3.62,26.18%,26.25%,0.174416,2026-08-18
META,543.67,2026-08-21,3,Put,660.00,+21.40%,113.05,112.69,118.1,1512,418,3.62,35.77%,82.03%,-0.996967,2026-08-18
MSFT,481.63,2026-08-19,1,Put,467.50,-2.93%,0.1,0.14,0.17,2978,823,3.62,26.18%,32.77%,-0.040178,2026-08-18
MSFT,481.63,2026-08-19,1,Call,477.50,+0.86%,5.1,5.25,5.75,788,218,3.61,26.18%,28.69%,0.721128,2026-08-18
MU,940.76,2026-08-21,3,Call,985.00,-4.70%,8.75,9.04,9.35,1239,344,3.6,65.12%,72.25%,0.253214,2026-08-18
CCC,7.14,2026-12-18,122,Call,7.50,-5.04%,0.8,0.8,1.9,1599,445,3.59,68.55%,89.13%,0.57422,2026-08-18
HAL,34.66,2028-01-21,521,Call,42.00,-21.18%,1.6,3.62,5,2904,809,3.59,32.66%,33.39%,0.406893,2026-08-18
AAPL,310.03,2026-08-28,10,Put,307.50,-0.82%,3.4,3.61,3.7,598,167,3.58,24.19%,23.61%,-0.402004,2026-08-18
CRWV,93.17,2026-09-11,24,Put,78.00,-16.28%,1.69,1.77,1.83,1064,297,3.58,77.97%,78.91%,-0.161071,2026-08-18
ADI,376.63,2026-09-18,31,Call,380.00,-0.89%,17.1,17.42,20.6,1435,401,3.58,47.10%,45.82%,0.505988,2026-08-18
YOU,44.61,2026-10-16,59,Put,40.00,-10.33%,1.3,1.6,1.55,555,156,3.56,46.11%,48.36%,-0.249339,2026-08-18
AMD,484.39,2026-08-21,3,Put,462.50,-4.52%,2.73,2.88,3.1,695,195,3.56,53.93%,60.93%,-0.19222,2026-08-18
TSLA,336.87,2026-08-21,3,Put,342.50,+1.67%,8.5,8.65,9.7,3207,900,3.56,40.16%,48.20%,-0.63785,2026-08-18
META,543.67,2026-09-18,31,Call,570.00,-4.84%,12.75,12.9,13.4,4301,1209,3.56,35.77%,36.21%,0.356043,2026-08-18
SNDK,1625.78,2026-09-18,31,Put,620.00,-61.86%,0,0.6,0.55,865,244,3.55,85.49%,119.09%,-0.001543,2026-08-18
TSLA,336.87,2026-08-19,1,Call,325.00,+3.52%,11.95,12.16,12.4,2235,629,3.55,40.16%,47.53%,0.927632,2026-08-18
TSLA,336.87,2026-08-21,3,Put,440.00,+30.61%,101.75,104.7,104.8,1041,294,3.54,40.16%,132.47%,-0.985858,2026-08-18
CVX,205.74,2026-12-18,122,Call,130.00,+36.81%,74.8,75.59,76.15,600,170,3.53,25.09%,35.88%,0.99467,2026-08-18
ASML,1802.98,2026-09-18,31,Call,"2,040.00",-13.15%,16.1,21.75,30.7,604,171,3.53,44.03%,44.45%,0.192486,2026-08-18
GOOGL,344.2,2026-08-19,1,Put,335.00,-2.67%,0.13,0.14,0.15,3483,987,3.53,27.86%,32.75%,-0.055452,2026-08-18
WBD,28.48,2026-08-21,3,Put,28.00,-1.69%,0,0.11,0.22,11477,3251,3.53,26.16%,28.51%,-0.247984,2026-08-18
AMD,484.39,2026-09-04,17,Call,555.00,-14.58%,3.85,3.67,4.9,503,143,3.52,53.93%,56.76%,0.15012,2026-08-18
BHF,53.64,2026-12-18,122,Put,50.00,-6.79%,3.6,5.4,6,1569,446,3.52,52.87%,56.55%,-0.341317,2026-08-18
AMZN,259.45,2026-08-19,1,Call,255.00,+1.72%,4.45,4.72,5.05,1730,492,3.52,28.50%,30.06%,0.867289,2026-08-18
BMRN,66.99,2026-08-21,3,Put,67.50,+0.76%,0.4,1.75,2.55,1036,295,3.51,39.79%,49.88%,-0.555685,2026-08-18
EYPT,5.47,2026-12-18,122,Call,7.50,-37.11%,1.2,1.45,1.7,697,200,3.49,103.22%,160.92%,0.555535,2026-08-18
GOOGL,344.2,2026-08-19,1,Call,340.00,+1.22%,4.4,4.86,5,1187,340,3.49,27.86%,26.18%,0.818462,2026-08-18
U,46.74,2026-08-21,3,Call,48.00,-2.70%,0.48,0.59,0.66,2774,794,3.49,53.62%,63.09%,0.333121,2026-08-18
ET,21.42,2026-08-28,10,Call,21.50,-0.37%,0.17,0.2,0.23,3463,991,3.49,18.38%,17.21%,0.445354,2026-08-18
BIDU,90.87,2026-08-21,3,Put,85.00,-6.46%,0.16,0.16,0.2,4620,1325,3.49,45.28%,54.90%,-0.085024,2026-08-18
MU,940.76,2026-08-24,6,Put,800.00,-14.96%,1,1.1,1.44,560,161,3.48,65.12%,71.59%,-0.03457,2026-08-18
CMPS,13.9,2026-09-18,31,Put,14.00,+0.72%,0.8,1.18,1.5,720,207,3.48,71.24%,69.20%,-0.469251,2026-08-18
CRWV,93.17,2026-08-28,10,Put,95.00,+1.96%,5.7,5.85,6,1748,502,3.48,77.97%,79.40%,-0.530498,2026-08-18
INTC,96.68,2026-08-26,8,Call,106.00,-9.64%,0.69,0.74,0.91,610,176,3.47,63.58%,62.51%,0.173504,2026-08-18
ADM,82.45,2026-08-21,3,Call,77.50,+6.00%,4.7,5.46,5.3,1561,450,3.47,28.87%,38.75%,0.962481,2026-08-18
AMZN,259.45,2026-08-19,1,Put,252.50,-2.68%,0.16,0.17,0.17,7888,2281,3.46,28.50%,36.28%,-0.074318,2026-08-18
AXTI,82.31,2026-08-28,10,Call,90.00,-9.34%,4,4.9,5.2,2009,582,3.45,123.28%,137.91%,0.392489,2026-08-18
SKHY,155.62,2026-11-20,94,Put,140.00,-10.04%,15.4,15.98,16.8,771,224,3.44,75.61%,79.70%,-0.314425,2026-08-18
AVGO,380,2026-08-24,6,Put,370.00,-2.63%,2.83,3.2,4.35,774,225,3.44,49.32%,39.73%,-0.288605,2026-08-18
SPCX,143.34,2026-08-21,3,Call,141.00,+1.63%,4.95,5.05,5.15,10650,3094,3.44,64.16%,72.74%,0.612993,2026-08-18
XEL,79.17,2027-01-15,150,Put,65.00,-17.90%,0.6,1.05,2.2,21012,6121,3.43,20.22%,33.24%,-0.145927,2026-08-18
META,543.67,2026-08-28,10,Call,545.00,-0.24%,13,13.35,13.75,532,155,3.43,35.77%,38.40%,0.502869,2026-08-18
TSM,413.41,2027-02-19,185,Put,330.00,-20.18%,11.45,11.45,12.55,645,188,3.43,34.68%,40.68%,-0.164992,2026-08-18
RBLX,37.67,2028-01-21,521,Call,60.00,-59.28%,7.55,8.16,8.35,1518,443,3.43,55.48%,72.75%,0.486301,2026-08-18
ENPH,37.58,2028-12-15,850,Call,110.00,-192.71%,5.6,8.4,8.15,671,196,3.42,63.86%,74.65%,0.386938,2026-08-18
MU,940.76,2026-08-19,1,Put,905.00,-3.80%,3,3,3.25,4218,1234,3.42,65.12%,75.39%,-0.157663,2026-08-18
CAKE,106.36,2026-09-18,31,Put,110.00,+3.42%,6.5,6.6,7.6,652,191,3.41,40.29%,41.06%,-0.582555,2026-08-18
COHR,306.43,2026-08-21,3,Put,285.00,-6.99%,2.25,2.49,2.9,801,235,3.41,78.37%,91.64%,-0.179445,2026-08-18
AMD,484.39,2026-08-19,1,Put,487.50,+0.64%,6.95,7.7,7.75,896,263,3.41,53.93%,56.03%,-0.579631,2026-08-18
MSFT,481.63,2026-08-19,1,Put,477.50,-0.86%,1.08,1.2,1.22,6058,1774,3.41,26.18%,27.40%,-0.270101,2026-08-18
GOOGL,344.2,2026-08-19,1,Call,352.50,-2.41%,0.14,0.18,0.18,1760,518,3.4,27.86%,30.16%,0.067393,2026-08-18
TSLA,336.87,2026-08-19,1,Call,355.00,-5.38%,0.12,0.13,0.13,9162,2698,3.4,40.16%,54.18%,0.033568,2026-08-18
AXTI,82.31,2026-09-18,31,Call,155.00,-88.31%,0.65,0.97,1.35,756,223,3.39,123.28%,134.57%,0.0793,2026-08-18
CVNA,65,2026-08-21,3,Put,61.00,-6.15%,0.48,0.55,0.6,879,259,3.39,58.52%,84.07%,-0.190775,2026-08-18
MU,940.76,2026-08-19,1,Call,"1,030.00",-9.49%,0.35,0.4,0.4,3595,1061,3.39,65.12%,86.34%,0.023833,2026-08-18
AFL,121.73,2026-08-21,3,Call,100.00,+17.85%,21.4,22,22.6,845,250,3.38,17.47%,130.43%,0.957421,2026-08-18
MU,940.76,2026-08-24,6,Put,900.00,-4.33%,11.9,12.44,13.35,1162,344,3.38,65.12%,60.89%,-0.269925,2026-08-18
INTC,96.68,2026-08-28,10,Call,98.00,-1.37%,3.55,3.55,3.7,660,196,3.37,63.58%,65.60%,0.4751,2026-08-18
RXT,3.52,2026-10-02,45,Call,0.50,+85.80%,2.8,3.15,3.5,1478,439,3.37,119.46%,510.22%,0.976583,2026-08-18
MU,940.76,2026-08-19,1,Put,990.00,+5.23%,48.5,49.23,53.85,1901,566,3.36,65.12%,78.08%,-0.890305,2026-08-18
GOOG,341.28,2026-08-21,3,Call,230.00,+32.61%,110.25,112,112.9,624,186,3.35,28.31%,196.66%,0.989362,2026-08-18
FSLR,220.01,2026-08-21,3,Put,205.00,-6.82%,0.29,0.61,0.57,1133,339,3.34,51.02%,57.10%,-0.081303,2026-08-18
ATAI,7.29,2026-11-20,94,Put,8.00,+9.74%,1.15,1.2,1.35,1193,357,3.34,21.28%,58.00%,-0.559658,2026-08-18
HAS,93.99,2026-08-21,3,Call,90.00,+4.25%,2.9,5.1,4.2,4321,1295,3.34,33.24%,79.26%,0.738904,2026-08-18
TMUS,182.75,2026-11-20,94,Call,185.00,-1.23%,11.4,11.9,12.3,513,154,3.33,29.33%,34.07%,0.513072,2026-08-18
SKHY,155.62,2026-09-11,24,Put,148.00,-4.90%,6.9,7.4,8.6,656,197,3.33,75.61%,72.81%,-0.354605,2026-08-18
HIMS,27.39,2027-01-15,150,Call,41.00,-49.69%,1.87,2.3,2.48,501,151,3.32,66.54%,80.04%,0.308913,2026-08-18
BCRX,9.7,2026-09-18,31,Put,9.00,-7.22%,0,0.54,1.1,1743,525,3.32,82.44%,79.87%,-0.326534,2026-08-18
PBF,75.2,2026-08-21,3,Put,70.00,-6.91%,0.6,0.6,0.85,1056,319,3.31,70.05%,95.98%,-0.19242,2026-08-18
MPC,366.21,2026-08-21,3,Call,330.00,+9.89%,35.2,37,38.4,4349,1322,3.29,41.53%,71.85%,0.948808,2026-08-18
RKLB,79.16,2026-09-04,17,Call,81.00,-2.32%,3.2,4.58,5,531,162,3.28,76.62%,71.27%,0.475475,2026-08-18
RKT,13.99,2026-11-20,94,Call,15.00,-7.22%,1.17,1.28,1.34,2560,780,3.28,52.90%,56.74%,0.474595,2026-08-18
SMCI,37.41,2026-11-20,94,Call,24.00,+35.85%,14.15,13.94,14.9,500,153,3.27,73.69%,82.70%,0.901695,2026-08-18
AMD,484.39,2027-12-17,486,Put,340.00,-29.81%,45.6,47.95,48.95,1101,338,3.26,53.93%,60.59%,-0.180093,2026-08-18
GOOG,341.28,2026-08-21,3,Call,250.00,+26.75%,90.25,91.21,93.75,637,196,3.25,28.31%,187.57%,0.972357,2026-08-18
EOSE,3.67,2026-09-11,24,Call,1.00,+72.75%,2.41,2.7,3.05,3791,1167,3.25,101.29%,358.42%,0.969735,2026-08-18
SPCX,143.34,2026-08-21,3,Call,148.00,-3.25%,2.04,2.1,2.1,8441,2594,3.25,64.16%,75.14%,0.333135,2026-08-18
RF,31.7,2026-09-18,31,Put,30.00,-5.36%,0.05,0.3,0.35,505,156,3.24,19.99%,21.55%,-0.179816,2026-08-18
RSI,24.55,2026-10-16,59,Put,22.50,-8.35%,0.7,0.8,0.9,528,163,3.24,42.61%,44.33%,-0.271983,2026-08-18
MCD,266.99,2027-03-19,213,Call,440.00,-64.80%,0,0.23,0.26,580,179,3.24,20.18%,25.72%,0.007922,2026-08-18
AMD,484.39,2026-08-28,10,Call,485.00,-0.13%,17.5,17.98,18.4,758,234,3.24,53.93%,56.33%,0.517463,2026-08-18
NBIS,248.43,2026-08-21,3,Put,257.50,+3.65%,14.2,14.5,15.15,819,254,3.22,93.21%,103.92%,-0.629776,2026-08-18
CRWV,93.17,2026-08-21,3,Call,103.00,-10.55%,0.39,0.41,0.43,960,298,3.22,77.97%,89.09%,0.115478,2026-08-18
HOOD,91.53,2026-08-21,3,Call,93.00,-1.61%,1.44,1.47,1.5,2680,833,3.22,55.81%,63.35%,0.40379,2026-08-18
INTC,96.68,2026-08-19,1,Put,98.00,+1.37%,2.03,2.07,2.16,3886,1205,3.22,63.58%,65.98%,-0.645105,2026-08-18
AAPL,310.03,2026-08-19,1,Call,305.00,+1.62%,5.2,5.65,5.8,9679,3009,3.22,24.19%,31.96%,0.839279,2026-08-18
AMD,484.39,2026-08-19,1,Call,502.50,-3.74%,0.89,1,1.03,741,231,3.21,53.93%,60.53%,0.127198,2026-08-18
MSFT,481.63,2026-08-19,1,Put,470.00,-2.41%,0.21,0.25,0.25,5550,1730,3.21,26.18%,31.29%,-0.066138,2026-08-18
GE,375.09,2026-09-04,17,Put,350.00,-6.69%,1.55,1.97,2.35,640,200,3.2,28.59%,31.75%,-0.143631,2026-08-18
SPOT,516.28,2026-09-18,31,Call,540.00,-4.59%,14.35,15.4,15.15,1093,342,3.2,39.96%,39.47%,0.379947,2026-08-18
ARM,253.32,2027-06-17,303,Put,175.00,-30.92%,21,22.2,24.7,501,157,3.19,69.38%,73.41%,-0.176919,2026-08-18
NFLX,77.77,2026-09-25,38,Put,74.00,-4.85%,1.49,1.37,1.54,1155,362,3.19,32.39%,32.05%,-0.286493,2026-08-18
STM,52.27,2026-11-20,94,Put,49.00,-6.26%,4.6,4.63,4.9,878,276,3.18,56.07%,63.02%,-0.350699,2026-08-18
TSLA,336.87,2026-08-21,3,Put,332.50,-1.30%,3.3,3.45,3.4,6049,1900,3.18,40.16%,43.65%,-0.36084,2026-08-18
TSLA,336.87,2026-08-21,3,Call,335.00,+0.56%,6.35,6.35,6.5,15281,4806,3.18,40.16%,44.31%,0.565959,2026-08-18
PLUG,2.16,2027-03-19,213,Put,1.50,-30.56%,0.13,0.21,0.21,514,162,3.17,77.22%,79.93%,-0.175137,2026-08-18
META,543.67,2026-08-28,10,Call,555.00,-2.08%,8.8,9.06,9.45,590,186,3.17,35.77%,38.28%,0.389749,2026-08-18
MU,940.76,2026-10-16,59,Call,"1,220.00",-29.68%,32,31.35,33.3,1008,318,3.17,65.12%,72.44%,0.23367,2026-08-18
META,543.67,2026-08-28,10,Put,510.00,-6.19%,2.55,2.72,2.84,1172,370,3.17,35.77%,38.43%,-0.146956,2026-08-18
SNDK,1625.78,2026-08-28,10,Call,"1,700.00",-4.57%,66.3,66.3,68.9,1223,386,3.17,85.49%,90.94%,0.414985,2026-08-18
AVGO,380,2026-08-19,1,Put,375.00,-1.32%,1.35,1.54,1.58,2697,850,3.17,49.32%,43.19%,-0.274116,2026-08-18
SHLS,7.68,2026-09-18,31,Put,7.00,-8.85%,0.3,0.3,0.4,787,249,3.16,77.86%,75.30%,-0.293081,2026-08-18
AMZN,259.45,2026-08-28,10,Call,270.00,-4.07%,1.49,1.6,1.6,16207,5148,3.15,28.50%,29.35%,0.218961,2026-08-18
CBRS,220.01,2026-08-21,3,Call,225.00,-2.27%,7.5,7.7,8.2,789,251,3.14,95.57%,125.87%,0.445554,2026-08-18
SPOT,516.28,2026-09-18,31,Call,580.00,-12.34%,4.9,5.3,5.3,1106,352,3.14,39.96%,38.72%,0.171824,2026-08-18
SNDK,1625.78,2026-08-21,3,Put,"1,650.00",+1.49%,69.1,70.05,71.1,4488,1436,3.13,85.49%,96.98%,-0.54839,2026-08-18
MU,940.76,2026-08-21,3,Call,945.00,-0.45%,22.2,22.2,23.5,1301,419,3.11,65.12%,72.70%,0.487694,2026-08-18
LLY,1225.73,2026-08-21,3,Call,"1,250.00",-1.98%,5.45,6.2,6.5,5447,1753,3.11,31.19%,33.53%,0.267096,2026-08-18
TSLA,336.87,2026-11-20,94,Put,65.00,-80.70%,0.01,0.17,0.17,576,186,3.1,40.16%,120.45%,-0.001298,2026-08-18
LOW,215.64,2026-08-21,3,Put,217.50,+0.86%,5,5.29,5.9,652,211,3.09,34.54%,57.11%,-0.554899,2026-08-18
BIDU,90.87,2026-09-18,31,Call,90.00,+0.96%,4.9,5.6,5.4,828,268,3.09,45.28%,43.38%,0.565233,2026-08-18
IREN,42,2026-09-04,17,Call,40.00,+4.76%,4.5,4.68,5.15,1146,371,3.09,97.13%,105.15%,0.631548,2026-08-18
MSFT,481.63,2026-08-28,10,Call,482.50,-0.18%,7.8,8,8.5,752,244,3.08,26.18%,26.38%,0.49932,2026-08-18
INTC,96.68,2026-08-19,1,Put,92.00,-4.84%,0.18,0.21,0.22,1853,601,3.08,63.58%,77.15%,-0.105234,2026-08-18
RDDT,158.25,2026-08-21,3,Put,155.00,-2.05%,2.23,2.22,2.45,3664,1191,3.08,56.59%,66.38%,-0.352259,2026-08-18
MU,940.76,2026-08-19,1,Call,"1,025.00",-8.95%,0.43,0.46,0.49,2951,963,3.06,65.12%,85.24%,0.028871,2026-08-18
META,543.67,2026-08-24,6,Call,570.00,-4.84%,1.82,2.07,2.37,587,193,3.04,35.77%,36.05%,0.161379,2026-08-18
SNDK,1625.78,2026-08-21,3,Call,"1,880.00",-15.64%,4.3,4.6,4.6,965,317,3.04,85.49%,104.11%,0.068257,2026-08-18
FSLR,220.01,2026-08-21,3,Call,235.00,-6.81%,0.37,0.81,1,1089,358,3.04,51.02%,60.00%,0.119181,2026-08-18
AAPL,310.03,2026-08-24,6,Call,315.00,-1.60%,1.62,1.72,1.84,2149,708,3.04,24.19%,22.76%,0.304337,2026-08-18
META,543.67,2026-08-21,3,Call,575.00,-5.76%,0.92,0.99,1.05,6618,2180,3.04,35.77%,46.05%,0.094301,2026-08-18
ALAB,303.44,2026-09-18,31,Call,330.00,-8.75%,18.9,19.77,20.3,783,258,3.03,85.45%,83.73%,0.41722,2026-08-18
BIDU,90.87,2026-09-18,31,Call,100.00,-10.05%,1.85,2.04,2.1,1374,454,3.03,45.28%,47.43%,0.273987,2026-08-18
NVDA,219.74,2026-08-24,6,Call,210.00,+4.43%,10.25,10.52,10.85,1079,357,3.02,39.13%,33.93%,0.85899,2026-08-18
AMZN,259.45,2026-08-21,3,Call,247.50,+4.61%,11.95,12.4,12.6,1772,587,3.02,28.50%,35.43%,0.932341,2026-08-18
IONQ,44.12,2026-08-21,3,Call,47.00,-6.53%,0.45,0.47,0.48,1954,647,3.02,77.35%,89.64%,0.231517,2026-08-18
MU,940.76,2026-08-19,1,Call,"1,040.00",-10.55%,0.26,0.27,0.29,1971,655,3.01,65.12%,89.76%,0.01748,2026-08-18
AAPL,310.03,2026-08-24,6,Call,310.00,+0.01%,3.6,3.7,3.9,3501,1162,3.01,24.19%,23.03%,0.514456,2026-08-18
NBIS,248.43,2026-08-21,3,Call,262.50,-5.66%,4.2,4.43,5,764,255,3,93.21%,109.30%,0.307305,2026-08-18
AMD,484.39,2028-12-15,850,Call,"1,100.00",-127.09%,80,81.82,85,1415,471,3,53.93%,63.23%,0.395077,2026-08-18
ETSY,79.96,2028-01-21,521,Call,100.00,-25.06%,13.8,15.12,15.9,500,167,2.99,43.46%,52.18%,0.518294,2026-08-18
SHAZ,68.78,2026-11-20,94,Put,60.00,-12.77%,8.5,10.7,10.9,500,167,2.99,103.33%,108.25%,-0.295484,2026-08-18
RDDT,158.25,2026-09-04,17,Put,135.00,-14.69%,0.94,1.11,1.22,547,183,2.99,56.59%,61.73%,-0.101856,2026-08-18
NFLX,77.77,2026-08-28,10,Put,79.00,+1.58%,2.26,2.31,2.35,735,246,2.99,32.39%,32.06%,-0.601236,2026-08-18
HAL,34.66,2028-01-21,521,Put,37.00,+6.75%,4,6.25,6.7,2901,970,2.99,32.66%,27.81%,-0.490347,2026-08-18
NKE,40.06,2026-08-21,3,Call,40.50,-1.10%,0.32,0.34,0.36,7206,2410,2.99,32.97%,36.51%,0.376517,2026-08-18
SNDK,1625.78,2026-08-21,3,Put,"1,500.00",-7.74%,13.3,13.68,14,7535,2516,2.99,85.49%,97.90%,-0.169861,2026-08-18
LOW,215.64,2026-08-21,3,Put,207.50,-3.77%,1.25,1.43,1.5,557,187,2.98,34.54%,55.85%,-0.215464,2026-08-18
UNH,393.93,2026-08-21,3,Call,397.50,-0.91%,2.51,2.62,2.76,643,216,2.98,27.09%,29.10%,0.372584,2026-08-18
META,543.67,2026-08-21,3,Put,535.00,-1.59%,4.1,4.33,4.45,3745,1258,2.98,35.77%,40.55%,-0.322024,2026-08-18
MU,940.76,2026-08-28,10,Call,960.00,-2.05%,33,33.8,34.75,534,180,2.97,65.12%,67.64%,0.453752,2026-08-18
BG,114.36,2026-10-16,59,Put,115.00,+0.56%,5,5.1,5.5,1098,370,2.97,29.89%,27.45%,-0.491525,2026-08-18
LUV,42.49,2027-01-15,150,Put,50.00,+17.67%,8.7,8.45,9.1,3001,1009,2.97,36.44%,38.03%,-0.704034,2026-08-18
BIDU,90.87,2026-08-21,3,Call,98.00,-7.85%,0.15,0.3,0.5,526,178,2.96,45.28%,68.75%,0.119767,2026-08-18
JD,28.82,2026-09-11,24,Call,29.00,-0.62%,0.43,0.67,1.23,557,188,2.96,29.37%,33.44%,0.464795,2026-08-18
TGT,152.48,2027-06-17,303,Put,100.00,-34.42%,2.26,2.57,3.15,604,204,2.96,40.37%,40.76%,-0.087879,2026-08-18
INTC,96.68,2026-11-20,94,Call,190.00,-96.52%,0.87,0.96,1.01,2134,722,2.96,63.58%,77.09%,0.065538,2026-08-18
PLTR,171.54,2026-08-28,10,Put,167.50,-2.36%,3.25,3.4,3.4,4445,1505,2.95,44.34%,46.05%,-0.35874,2026-08-18
CRWV,93.17,2026-08-21,3,Call,99.00,-6.26%,0.95,1.01,1.04,1894,644,2.94,77.97%,88.11%,0.236908,2026-08-18
TSLA,336.87,2026-08-24,6,Call,350.00,-3.90%,2.13,2.12,2.18,2162,738,2.93,40.16%,38.35%,0.229352,2026-08-18
SLB,53.21,2028-01-21,521,Call,67.50,-26.86%,3.9,4.68,4.8,503,172,2.92,30.85%,33.72%,0.361963,2026-08-18
SNDK,1625.78,2026-08-21,3,Call,"1,860.00",-14.41%,5.3,5.7,5.7,831,286,2.91,85.49%,103.14%,0.082346,2026-08-18
WULF,15.62,2027-01-15,150,Put,16.00,+2.43%,3.55,3.6,3.8,2019,697,2.9,89.25%,75.08%,-0.444804,2026-08-18
CIFR,16.09,2026-08-28,10,Call,18.00,-11.87%,0.53,0.57,0.61,10475,3609,2.9,106.61%,116.00%,0.315068,2026-08-18
AAOI,131.41,2026-08-28,10,Call,140.00,-6.54%,6.2,6.82,7.3,667,231,2.89,107.55%,116.74%,0.410601,2026-08-18
HPE,55.69,2026-08-21,3,Put,51.00,-8.42%,0.09,0.1,0.13,808,280,2.89,73.89%,67.62%,-0.070902,2026-08-18
CRWV,93.17,2026-08-21,3,Call,102.00,-9.48%,0.48,0.53,0.55,878,304,2.89,77.97%,88.74%,0.139687,2026-08-18
TOL,142.86,2026-09-18,31,Call,160.00,-12.00%,1.35,1.54,1.6,1101,381,2.89,40.11%,38.79%,0.177762,2026-08-18
SOLS,60.09,2026-09-18,31,Call,65.00,-8.17%,1.15,1.7,1.75,1192,412,2.89,47.76%,45.36%,0.305758,2026-08-18
NVDA,219.74,2026-08-24,6,Put,217.50,-1.02%,2.29,2.47,2.36,3199,1108,2.89,39.13%,30.12%,-0.383592,2026-08-18
ADM,82.45,2026-09-18,31,Call,67.50,+18.13%,14.6,15.3,15.4,626,217,2.88,28.87%,27.58%,0.992386,2026-08-18
TER,404.29,2026-08-21,3,Call,400.00,+1.06%,12.6,13.5,16.1,1191,413,2.88,72.45%,82.67%,0.572858,2026-08-18
AMD,484.39,2026-08-19,1,Put,450.00,-7.10%,0.15,0.21,0.21,2188,761,2.88,53.93%,72.83%,-0.025391,2026-08-18
WMT,115.2,2026-08-21,3,Put,113.00,-1.91%,1.94,1.98,2.05,2246,779,2.88,29.75%,72.13%,-0.370452,2026-08-18
MU,940.76,2026-08-21,3,Put,945.00,+0.45%,25.25,25.95,27.4,999,348,2.87,65.12%,71.21%,-0.51346,2026-08-18
SPCX,143.34,2026-08-28,10,Put,180.00,+25.58%,35.6,37.21,37.8,1279,446,2.87,64.16%,65.66%,-0.984257,2026-08-18
SPCX,143.34,2026-08-21,3,Call,147.00,-2.55%,2.35,2.43,2.4,7094,2474,2.87,64.16%,74.70%,0.369161,2026-08-18
CVNA,65,2026-08-28,10,Put,65.00,0.00%,2.65,2.34,2.96,848,296,2.86,58.52%,66.07%,-0.475312,2026-08-18
AMZN,259.45,2026-08-28,10,Put,257.50,-0.75%,3.8,3.92,4.05,922,322,2.86,28.50%,28.94%,-0.421417,2026-08-18
ESTC,85.01,2026-08-21,3,Call,95.00,-11.75%,0.05,0.3,0.6,585,205,2.85,85.15%,92.30%,0.099852,2026-08-18
CNR,92.03,2026-09-18,31,Put,90.00,-2.21%,2,2.7,4.5,750,263,2.85,40.18%,40.55%,-0.394658,2026-08-18
APLD,28.51,2026-08-21,3,Put,26.50,-7.05%,0.26,0.31,0.41,932,327,2.85,82.15%,105.58%,-0.207667,2026-08-18
APTV,48.6,2026-09-18,31,Call,52.50,-8.02%,0.6,1.14,1.2,1697,595,2.85,40.60%,39.69%,0.275337,2026-08-18
MU,940.76,2026-08-21,3,Call,970.00,-3.11%,12.65,13.07,13.65,3596,1267,2.84,65.12%,72.40%,0.33392,2026-08-18
META,543.67,2026-08-21,3,Call,585.00,-7.60%,0.51,0.51,0.55,7430,2614,2.84,35.77%,49.09%,0.052806,2026-08-18
META,543.67,2026-08-21,3,Call,580.00,-6.68%,0.69,0.7,0.8,13950,4916,2.84,35.77%,47.94%,0.072083,2026-08-18
AAPL,310.03,2026-08-21,3,Call,312.50,-0.80%,1.99,1.99,2.14,21876,7738,2.83,24.19%,27.66%,0.384685,2026-08-18
QBTS,19.53,2028-01-21,521,Put,10.00,-48.80%,2.05,2.12,2.12,4499,1592,2.83,80.21%,91.09%,-0.11499,2026-08-18
MSFT,481.63,2026-08-19,1,Call,475.00,+1.38%,6.95,7.3,7.85,555,197,2.82,26.18%,29.42%,0.819362,2026-08-18
LITE,873.31,2026-08-28,10,Call,"1,000.00",-14.51%,11.3,12.75,12.9,699,248,2.82,81.58%,85.55%,0.189724,2026-08-18
TSM,413.41,2026-08-21,3,Put,387.50,-6.27%,0.32,0.43,0.47,949,337,2.82,34.68%,45.20%,-0.054199,2026-08-18
ERAS,18.1,2027-12-17,486,Call,22.50,-24.31%,4.8,5.1,6.2,675,240,2.81,100.31%,79.98%,0.611858,2026-08-18
VNET,6.58,2026-08-21,3,Call,7.00,-6.38%,0.05,0.15,0.15,708,252,2.81,73.80%,104.59%,0.273553,2026-08-18
CVNA,65,2026-08-21,3,Put,65.00,0.00%,1.64,1.82,1.82,7763,2762,2.81,58.52%,73.98%,-0.485184,2026-08-18
MU,940.76,2026-10-02,45,Put,290.00,-69.17%,0.01,0.28,0.58,544,194,2.8,65.12%,127.41%,-0.002097,2026-08-18
RDDT,158.25,2026-08-21,3,Call,167.50,-5.85%,0.94,1.02,1.1,1208,432,2.8,56.59%,69.10%,0.191919,2026-08-18
SPCX,143.34,2028-01-21,521,Put,110.00,-23.26%,20.8,21.3,22.15,2020,722,2.8,64.16%,65.89%,-0.217083,2026-08-18
CIFR,16.09,2026-09-18,31,Call,17.00,-5.66%,1.6,1.61,1.69,3960,1414,2.8,106.61%,106.80%,0.495991,2026-08-18
INTC,96.68,2026-09-11,24,Call,97.00,-0.33%,5.85,6.05,6.35,633,227,2.79,63.58%,62.31%,0.528658,2026-08-18
RMBS,93.71,2026-09-18,31,Call,115.00,-22.72%,1.25,1.7,2.5,1279,459,2.79,71.43%,71.07%,0.192191,2026-08-18
NVDA,219.74,2026-08-24,6,Call,215.00,+2.16%,6.25,6.5,6.75,2285,820,2.79,39.13%,32.04%,0.713637,2026-08-18
IONQ,44.12,2026-08-21,3,Put,44.50,+0.86%,1.52,1.48,1.64,506,182,2.78,77.35%,86.65%,-0.526667,2026-08-18
MU,940.76,2026-08-21,3,Put,955.00,+1.51%,30.85,31.84,33.1,887,319,2.78,65.12%,71.02%,-0.578365,2026-08-18
GXO,46.63,2027-02-19,185,Call,50.00,-7.23%,4.5,4.64,4.8,2035,732,2.78,34.99%,42.57%,0.495196,2026-08-18
VIK,98.29,2026-09-18,31,Call,105.00,-6.83%,2.35,2.75,3.1,552,199,2.77,44.74%,45.11%,0.339932,2026-08-18
AMD,484.39,2026-08-28,10,Call,480.00,+0.91%,20.05,20.45,21.15,1221,441,2.77,53.93%,56.78%,0.561378,2026-08-18
XOM,165.56,2026-08-21,3,Put,162.50,-1.85%,0.7,0.76,0.77,568,206,2.76,28.15%,31.81%,-0.253214,2026-08-18
OPEN,3.36,2026-08-28,10,Call,3.00,+10.71%,0.18,0.42,0.65,748,271,2.76,74.52%,84.74%,0.812009,2026-08-18
SPCX,143.34,2026-08-28,10,Put,146.00,+1.86%,7.45,8.27,7.85,1097,397,2.76,64.16%,66.03%,-0.542533,2026-08-18
UAL,118.72,2026-12-18,122,Put,95.00,-19.98%,2.6,3.05,4.05,1691,613,2.76,41.67%,46.00%,-0.171695,2026-08-18
JPM,363.25,2027-12-17,486,Call,360.00,+0.89%,48.5,49,53,559,203,2.75,19.68%,27.06%,0.60017,2026-08-18
AMD,484.39,2026-08-19,1,Call,517.50,-6.84%,0.15,0.18,0.19,605,220,2.75,53.93%,65.03%,0.027271,2026-08-18
NBIS,248.43,2026-08-21,3,Call,282.50,-13.71%,1.2,1.35,1.3,741,269,2.75,93.21%,110.27%,0.108842,2026-08-18
AVGO,380,2026-08-19,1,Call,395.00,-3.95%,0.16,0.2,0.25,1414,514,2.75,49.32%,45.57%,0.053924,2026-08-18
UBER,74.66,2026-12-18,122,Call,67.50,+9.59%,10.75,11.35,11.5,1570,570,2.75,33.10%,38.91%,0.731689,2026-08-18
CVNA,65,2026-09-18,31,Put,66.00,+1.54%,4.7,4.9,5,10621,3865,2.75,58.52%,58.29%,-0.49658,2026-08-18
GME,17.95,2026-10-02,45,Call,28.00,-55.99%,0.01,0.14,0.37,516,188,2.74,46.42%,84.96%,0.086441,2026-08-18
META,543.67,2026-08-21,3,Call,592.50,-8.98%,0.32,0.37,0.38,1022,373,2.74,35.77%,51.63%,0.035268,2026-08-18
AMD,484.39,2026-08-19,1,Put,485.00,+0.13%,5.7,6.35,6.35,2140,780,2.74,53.93%,56.69%,-0.509917,2026-08-18
RZLV,2.45,2026-09-25,38,Put,2.50,+2.04%,0.25,0.3,0.35,2177,795,2.74,87.26%,87.91%,-0.467839,2026-08-18
INTC,96.68,2026-09-25,38,Put,95.00,-1.74%,6.6,6.69,7,1256,460,2.73,63.58%,62.97%,-0.420193,2026-08-18
META,543.67,2026-10-16,59,Call,675.00,-24.16%,3.85,4,4.1,1804,660,2.73,35.77%,39.19%,0.103685,2026-08-18
PRGO,12.97,2026-09-18,31,Call,12.50,+3.62%,0.6,0.88,0.95,501,184,2.72,48.55%,36.33%,0.644658,2026-08-18
GENI,7.49,2026-09-18,31,Call,7.50,-0.13%,0.55,0.7,0.7,527,194,2.72,65.00%,71.18%,0.544778,2026-08-18
BE,209.01,2026-08-28,10,Call,240.00,-14.83%,3,3.3,3.6,1212,446,2.72,90.16%,90.89%,0.201203,2026-08-18
OKLO,41.36,2026-08-21,3,Call,44.00,-6.38%,0.39,0.46,0.51,532,197,2.7,74.97%,89.78%,0.237008,2026-08-18
NVDA,219.74,2026-08-24,6,Put,230.00,+4.67%,10.45,10.45,11.25,658,244,2.7,39.13%,32.79%,-0.856853,2026-08-18
GOOG,341.28,2026-09-18,31,Put,430.00,+26.00%,87.2,89.43,89.9,675,250,2.7,28.31%,50.21%,-0.942061,2026-08-18
BABA,128.15,2026-08-21,3,Put,127.00,-0.90%,3.4,3.6,3.75,852,315,2.7,46.81%,89.48%,-0.439465,2026-08-18
ONDS,9.06,2026-09-11,24,Call,10.50,-15.89%,0.28,0.28,0.33,1460,541,2.7,78.18%,83.07%,0.28268,2026-08-18
ASTS,67.07,2026-08-21,3,Call,71.00,-5.86%,0.75,0.81,0.86,723,269,2.69,78.04%,89.65%,0.255784,2026-08-18
LRCX,327.92,2026-08-28,10,Put,320.00,-2.42%,9.5,11.2,11.45,828,308,2.69,62.03%,66.41%,-0.38806,2026-08-18
CHWY,23.04,2028-01-21,521,Put,15.00,-34.90%,1.4,1.64,1.73,1066,396,2.69,60.80%,54.97%,-0.146329,2026-08-18
DUOT,11.59,2026-08-21,3,Call,12.50,-7.85%,0.2,0.2,0.25,1615,601,2.69,93.09%,130.20%,0.281337,2026-08-18
NU,14.35,2026-12-18,122,Call,19.00,-32.40%,0.23,0.25,0.29,1719,638,2.69,35.24%,41.48%,0.159412,2026-08-18
SNDK,1625.78,2026-08-28,10,Call,"2,000.00",-23.02%,13.2,13.52,13.6,2961,1102,2.69,85.49%,96.62%,0.113271,2026-08-18
SNDK,1625.78,2026-08-21,3,Call,"1,710.00",-5.18%,25.9,27.24,26.8,930,347,2.68,85.49%,97.87%,0.300986,2026-08-18
LULU,119.01,2026-12-18,122,Put,350.00,+194.09%,229.15,228.15,231.5,1706,637,2.68,56.65%,97.74%,-0.982004,2026-08-18
ASTS,67.07,2026-09-04,17,Call,70.00,-4.37%,3.1,3.46,3.7,715,268,2.67,78.04%,79.36%,0.43872,2026-08-18
CABA,2.91,2027-01-15,150,Put,4.50,+54.64%,1.7,2.03,2.45,936,350,2.67,123.56%,127.19%,-0.549385,2026-08-18
KR,56.34,2027-06-17,303,Put,50.00,-11.25%,3,3.06,4.05,1051,393,2.67,35.03%,33.75%,-0.278411,2026-08-18
CRCL,71.73,2026-08-21,3,Call,72.00,-0.38%,2.06,2.2,2.36,1586,593,2.67,76.78%,89.77%,0.499275,2026-08-18
MPLX,59.36,2026-12-18,122,Call,65.00,-9.50%,0.5,0.55,0.6,2011,757,2.66,16.90%,17.80%,0.175442,2026-08-18
MRVL,216,2027-02-19,185,Put,210.00,-2.78%,39.2,40.64,41.55,1022,385,2.65,79.96%,75.86%,-0.36411,2026-08-18
TSM,413.41,2026-08-21,3,Call,432.50,-4.62%,0.64,0.79,0.75,1916,724,2.65,34.68%,38.55%,0.102514,2026-08-18
SNDK,1625.78,2026-08-21,3,Call,"1,800.00",-10.72%,10.2,10.59,10.8,8294,3132,2.65,85.49%,100.82%,0.143456,2026-08-18
TEAM,163,2026-08-21,3,Put,160.00,-1.84%,2,2.29,3.2,566,214,2.64,59.39%,67.40%,-0.367394,2026-08-18
IOT,39.58,2028-01-21,521,Call,50.00,-26.33%,9.4,10.2,10.1,761,288,2.64,78.57%,65.68%,0.566828,2026-08-18
SNDK,1625.78,2026-08-21,3,Call,"1,900.00",-16.87%,3.5,3.69,3.7,6848,2599,2.63,85.49%,105.10%,0.056472,2026-08-18
MSTR,92.52,2026-08-28,10,Put,86.00,-7.05%,1.5,1.49,1.57,527,201,2.62,68.37%,67.92%,-0.237566,2026-08-18
ASTS,67.07,2026-08-21,3,Call,69.00,-2.88%,1.25,1.33,1.38,999,381,2.62,78.04%,86.82%,0.37549,2026-08-18
GFS,49.9,2026-10-16,59,Put,45.00,-9.82%,2.35,2.55,2.75,1028,393,2.62,58.69%,61.55%,-0.28856,2026-08-18
AMD,484.39,2026-11-20,94,Put,230.00,-52.52%,0.94,1.04,1.15,2361,902,2.62,53.93%,74.24%,-0.014275,2026-08-18
MU,940.76,2026-08-19,1,Call,"1,035.00",-10.02%,0.29,0.33,0.36,2642,1007,2.62,65.12%,88.24%,0.020594,2026-08-18
TRIP,10.23,2026-09-18,31,Put,11.00,+7.53%,0.95,0.95,1.25,3647,1390,2.62,40.05%,53.98%,-0.644863,2026-08-18
BIDU,90.87,2026-09-18,31,Call,105.00,-15.55%,1.2,1.22,1.36,5092,1943,2.62,45.28%,50.42%,0.187027,2026-08-18
IREN,42,2026-08-21,3,Call,44.00,-4.76%,0.67,0.7,0.75,8473,3228,2.62,97.13%,96.42%,0.313792,2026-08-18
FSLR,220.01,2026-12-18,122,Call,240.00,-9.09%,22,22.5,24,570,218,2.61,51.02%,58.61%,0.48034,2026-08-18
AMD,484.39,2026-08-21,3,Put,452.50,-6.58%,1.47,1.57,1.62,910,349,2.61,53.93%,63.44%,-0.111674,2026-08-18
CIFR,16.09,2026-08-28,10,Call,17.00,-5.66%,0.81,0.89,0.92,1069,410,2.61,106.61%,115.54%,0.426503,2026-08-18
REAX,2.65,2026-09-18,31,Call,2.00,+24.53%,0.1,0.7,1,770,296,2.6,86.23%,90.90%,0.886244,2026-08-18
LAES,2.74,2026-09-18,31,Call,2.50,+8.76%,0.24,0.4,0.43,1014,390,2.6,82.24%,61.05%,0.733024,2026-08-18
META,543.67,2026-08-21,3,Call,570.00,-4.84%,1.35,1.41,1.52,6235,2394,2.6,35.77%,45.31%,0.130434,2026-08-18
STLA,5.05,2026-08-21,3,Call,5.00,+0.99%,0.1,0.15,0.15,562,217,2.59,46.96%,53.44%,0.593209,2026-08-18
TSM,413.41,2027-02-19,185,Put,360.00,-12.92%,19.55,19.9,20.9,1446,559,2.59,34.68%,40.04%,-0.249016,2026-08-18
RBLX,37.67,2028-01-21,521,Put,55.00,+46.00%,22.9,22.75,24.15,1502,580,2.59,55.48%,71.09%,-0.507619,2026-08-18
P,117.06,2026-09-18,31,Put,100.00,-14.57%,3.7,3.9,4.4,514,199,2.58,83.60%,83.92%,-0.2184,2026-08-18
BAC,64.23,2027-12-17,486,Call,67.50,-5.09%,6.75,6.68,7.05,703,273,2.58,19.81%,25.72%,0.521992,2026-08-18
PYPL,60.43,2026-08-21,3,Call,64.00,-5.91%,0.1,0.11,0.13,1916,744,2.58,28.84%,47.51%,0.095775,2026-08-18
APO,133.85,2026-08-21,3,Call,125.00,+6.61%,8.1,9.1,10.3,2340,908,2.58,36.49%,59.19%,0.903894,2026-08-18
TSLA,336.87,2026-08-24,6,Put,337.50,+0.19%,6.55,6.65,6.65,2132,831,2.57,40.16%,36.95%,-0.502398,2026-08-18
GOOGL,344.2,2026-08-24,6,Put,340.00,-1.22%,2.39,2.56,2.74,550,215,2.56,27.86%,25.21%,-0.340639,2026-08-18
APP,307.26,2026-08-21,3,Put,400.00,+30.18%,88,88.28,95.3,667,261,2.56,53.60%,110.75%,-0.996955,2026-08-18
XP,15.84,2026-08-28,10,Call,17.00,-7.32%,0,0.1,0.55,897,351,2.56,39.39%,65.65%,0.274259,2026-08-18
CSX,50.24,2026-09-18,31,Call,52.50,-4.50%,0.55,0.57,0.6,12830,5020,2.56,22.47%,23.36%,0.280687,2026-08-18
TSLA,336.87,2026-08-21,3,Call,340.00,-0.93%,4,4.06,4.1,22216,8674,2.56,40.16%,44.38%,0.419806,2026-08-18
TGT,152.48,2026-08-28,10,Put,145.00,-4.91%,2.63,2.8,3.05,611,240,2.55,40.37%,59.54%,-0.28707,2026-08-18
SNDK,1625.78,2026-08-21,3,Put,"1,580.00",-2.82%,35.5,36.6,36.8,740,290,2.55,85.49%,97.10%,-0.355153,2026-08-18
AMZN,259.45,2026-08-24,6,Call,275.00,-5.99%,0.21,0.22,0.33,893,350,2.55,28.50%,29.25%,0.064543,2026-08-18
TSM,413.41,2026-08-21,3,Put,407.50,-1.43%,2.83,2.5,3.15,986,386,2.55,34.68%,36.88%,-0.325051,2026-08-18
WSC,22.85,2026-11-20,94,Call,25.00,-9.41%,0.55,1.75,1.9,1279,502,2.55,51.63%,43.01%,0.391612,2026-08-18
XEL,79.17,2026-09-18,31,Put,80.00,+1.05%,0.45,2.18,4.1,1506,590,2.55,20.22%,20.12%,-0.554878,2026-08-18
CBRS,220.01,2026-08-28,10,Call,300.00,-36.36%,1.25,1.55,1.85,1772,696,2.55,95.57%,124.58%,0.081365,2026-08-18
APLD,28.51,2026-08-21,3,Put,28.00,-1.79%,0.78,0.8,0.95,2527,992,2.55,82.15%,108.15%,-0.406825,2026-08-18
MU,940.76,2026-09-25,38,Put,265.00,-71.83%,0.07,0.13,0.2,645,254,2.54,65.12%,137.65%,-0.001029,2026-08-18
ANET,193.18,2026-10-16,59,Call,190.00,+1.65%,17.2,17.5,18,982,386,2.54,48.36%,50.17%,0.584293,2026-08-18
XOM,165.56,2026-08-21,3,Put,165.00,-0.34%,1.49,1.6,1.71,745,294,2.53,28.15%,31.34%,-0.445723,2026-08-18
GOOGL,344.2,2026-08-21,3,Put,390.00,+13.31%,44.85,45.61,47,1476,583,2.53,27.86%,68.24%,-0.978244,2026-08-18
CIFR,16.09,2026-08-28,10,Call,19.00,-18.09%,0.35,0.37,0.4,4120,1630,2.53,106.61%,117.62%,0.226629,2026-08-18
APP,307.26,2026-09-18,31,Put,500.00,+62.73%,185,193.9,198.1,510,202,2.52,53.60%,97.66%,-0.948337,2026-08-18
AAL,14.05,2026-08-28,10,Call,14.50,-3.20%,0.2,0.22,0.25,519,206,2.52,44.46%,43.56%,0.345004,2026-08-18
NOC,589.14,2027-01-15,150,Put,530.00,-10.04%,16.3,17.4,18.1,561,223,2.52,24.60%,29.19%,-0.240993,2026-08-18
AMD,484.39,2026-08-19,1,Call,512.50,-5.80%,0.29,0.33,0.38,987,391,2.52,53.93%,64.59%,0.049606,2026-08-18
TSLA,336.87,2026-08-19,1,Put,350.00,+3.90%,13.05,13.2,14.45,1056,419,2.52,40.16%,61.73%,-0.878427,2026-08-18
GOOGL,344.2,2026-08-21,3,Put,395.00,+14.76%,49.5,50.85,52.15,559,223,2.51,27.86%,64.63%,-0.992225,2026-08-18
GOOG,341.28,2026-08-21,3,Put,385.00,+12.81%,42.25,45.2,44.85,699,279,2.51,28.31%,102.71%,-0.894109,2026-08-18
META,543.67,2026-09-18,31,Call,"1,020.00",-87.61%,0.01,0.14,0.5,750,299,2.51,35.77%,82.44%,0.006453,2026-08-18
MU,940.76,2026-08-19,1,Call,"1,055.00",-12.14%,0.13,0.15,0.19,812,324,2.51,65.12%,93.57%,0.010355,2026-08-18
MU,940.76,2026-08-28,10,Call,970.00,-3.11%,28.3,30.9,31,825,329,2.51,65.12%,67.13%,0.416365,2026-08-18
GME,17.95,2026-10-02,45,Call,30.00,-67.13%,0,0.13,0.2,879,350,2.51,46.42%,82.98%,0.050621,2026-08-18
TSLA,336.87,2026-09-11,24,Call,350.00,-3.90%,8.75,8.85,8.9,1912,762,2.51,40.16%,40.29%,0.383849,2026-08-18
MU,940.76,2026-08-21,3,Put,"1,170.00",+24.37%,221.2,229.95,236.7,500,201,2.49,65.12%,118.93%,-0.976544,2026-08-18
MU,940.76,2026-08-24,6,Call,"1,050.00",-11.61%,2.95,3.15,3.2,547,220,2.49,65.12%,62.07%,0.091211,2026-08-18
PEP,140.13,2026-08-28,10,Put,135.00,-3.66%,0.29,0.38,0.39,1287,516,2.49,22.24%,20.84%,-0.136673,2026-08-18
GOOGL,344.2,2026-08-21,3,Put,400.00,+16.21%,54.55,55.55,57.1,504,203,2.48,27.86%,69.74%,-0.992721,2026-08-18
MU,940.76,2026-08-19,1,Call,925.00,+1.68%,21.35,22.55,24.85,588,237,2.48,65.12%,70.57%,0.683864,2026-08-18
SNDK,1625.78,2026-08-21,3,Call,"1,870.00",-15.02%,4.8,5,5.1,595,240,2.48,85.49%,103.64%,0.075018,2026-08-18
CRWV,93.17,2026-08-28,10,Put,120.00,+28.80%,26.35,25.89,27.3,797,322,2.48,77.97%,68.13%,-0.991372,2026-08-18
AMD,484.39,2026-08-21,3,Call,492.50,-1.67%,6.85,7,7.45,1110,447,2.48,53.93%,60.37%,0.39335,2026-08-18
COHR,306.43,2026-08-21,3,Put,290.00,-5.36%,3.5,3.7,4.1,1431,577,2.48,78.37%,92.33%,-0.240877,2026-08-18
MSFT,481.63,2026-08-21,3,Call,487.50,-1.22%,2.14,2.29,2.55,3159,1275,2.48,26.18%,26.65%,0.315715,2026-08-18
AAPL,310.03,2026-08-28,10,Put,310.00,-0.01%,4.5,4.7,4.85,3595,1457,2.47,24.19%,23.51%,-0.484159,2026-08-18
SPCX,143.34,2026-08-21,3,Call,152.50,-6.39%,1.07,1.1,1.1,9172,3718,2.47,64.16%,77.45%,0.19964,2026-08-18
META,543.67,2026-08-28,10,Call,560.00,-3.00%,7.2,7.5,7.7,552,224,2.46,35.77%,38.34%,0.336978,2026-08-18
CRWV,93.17,2026-08-21,3,Call,101.00,-8.40%,0.61,0.66,0.68,797,324,2.46,77.97%,88.47%,0.167942,2026-08-18
TSLA,336.87,2026-08-28,10,Put,337.50,+0.19%,9.2,9.27,9.35,835,339,2.46,40.16%,40.92%,-0.492954,2026-08-18
CRWV,93.17,2026-08-21,3,Call,96.00,-3.04%,1.77,1.84,1.89,2365,964,2.45,77.97%,88.52%,0.371052,2026-08-18
MU,940.76,2026-08-21,3,Call,960.00,-2.05%,15.65,16.2,17.1,3802,1550,2.45,65.12%,71.90%,0.39222,2026-08-18
WMT,115.2,2026-08-21,3,Put,108.00,-6.25%,0.48,0.51,0.52,6270,2558,2.45,29.75%,67.14%,-0.136909,2026-08-18
AMD,484.39,2026-11-20,94,Call,890.00,-83.74%,2.61,2.61,3.1,716,293,2.44,53.93%,64.66%,0.048496,2026-08-18
NU,14.35,2026-11-20,94,Put,14.00,-2.44%,0.95,0.97,0.99,3926,1609,2.44,35.24%,41.72%,-0.398331,2026-08-18
VITL,11.01,2026-09-18,31,Put,12.50,+13.53%,1.55,1.69,2.3,500,206,2.43,72.15%,76.23%,-0.67484,2026-08-18
ZVRA,11.57,2027-01-15,150,Call,4.00,+65.43%,5.6,7.7,8.5,506,209,2.42,62.91%,96.72%,0.979745,2026-08-18
VIAV,41.37,2026-08-21,3,Put,38.00,-8.15%,0.05,0.36,0.4,558,231,2.42,79.59%,87.28%,-0.132017,2026-08-18
NVDA,219.74,2026-08-31,13,Call,240.00,-9.22%,1.5,1.51,1.57,985,407,2.42,39.13%,44.89%,0.16216,2026-08-18
DIS,103.95,2026-08-28,10,Put,100.00,-3.80%,0.25,0.32,0.36,1021,422,2.42,23.21%,22.89%,-0.14754,2026-08-18
ZETA,28.23,2026-08-21,3,Call,29.00,-2.73%,0.35,0.45,0.45,1526,631,2.42,56.76%,69.34%,0.347534,2026-08-18
TGT,152.48,2026-08-21,3,Put,150.00,-1.63%,4,4.3,4.25,3089,1278,2.42,40.37%,96.50%,-0.408287,2026-08-18
SNDK,1625.78,2026-08-28,10,Put,"1,600.00",-1.59%,79.5,84.02,85,885,367,2.41,85.49%,89.54%,-0.425655,2026-08-18
FANG,210.02,2026-09-18,31,Put,190.00,-9.53%,0.9,1.64,2.4,1197,497,2.41,33.55%,34.57%,-0.145002,2026-08-18
RDDT,158.25,2026-09-18,31,Put,100.00,-36.81%,0.05,0.1,0.15,1345,558,2.41,56.59%,69.66%,-0.00873,2026-08-18
META,543.67,2026-08-21,3,Put,525.00,-3.43%,1.84,1.9,2.02,3989,1657,2.41,35.77%,41.81%,-0.171752,2026-08-18
WBD,28.48,2026-08-21,3,Call,28.50,-0.07%,0.35,0.37,0.62,1016,423,2.4,26.16%,47.64%,0.504885,2026-08-18
MU,940.76,2026-08-21,3,Call,940.00,+0.08%,24.4,25.35,26.5,2619,1093,2.4,65.12%,73.32%,0.519859,2026-08-18
INTC,96.68,2026-08-21,3,Call,99.00,-2.40%,1.28,1.45,1.5,3237,1351,2.4,63.58%,66.72%,0.360626,2026-08-18
BAC,64.23,2026-08-21,3,Put,64.00,-0.36%,0.34,0.37,0.37,17490,7317,2.39,19.81%,20.04%,-0.415338,2026-08-18
RRGB,10.21,2026-08-21,3,Put,10.00,-2.06%,0.1,0.2,0.4,537,225,2.39,76.65%,94.72%,-0.386693,2026-08-18
ANET,193.18,2026-08-21,3,Put,180.00,-6.82%,0.3,0.39,0.5,1839,768,2.39,48.36%,57.94%,-0.084273,2026-08-18
BBWI,20.04,2026-08-21,3,Call,20.00,+0.20%,0.25,0.4,0.5,2114,883,2.39,65.26%,49.03%,0.526475,2026-08-18
META,543.67,2026-08-21,3,Put,515.00,-5.27%,0.69,0.8,0.85,2324,973,2.39,35.77%,43.10%,-0.078907,2026-08-18
AMD,484.39,2026-10-16,59,Call,740.00,-52.77%,2.34,2.29,2.66,595,250,2.38,53.93%,60.35%,0.054765,2026-08-18
SNDK,1625.78,2026-08-21,3,Call,"1,740.00",-7.03%,19.2,19.6,20,683,287,2.38,85.49%,98.83%,0.238925,2026-08-18
ADM,82.45,2026-09-18,31,Call,70.00,+15.10%,12.1,12.6,12.9,988,416,2.38,28.87%,20.54%,0.995187,2026-08-18
NFLX,77.77,2026-08-28,10,Put,78.00,+0.30%,1.71,1.7,1.76,1127,474,2.38,32.39%,32.15%,-0.505804,2026-08-18
CRWV,93.17,2026-08-21,3,Put,94.00,+0.89%,3.25,3.45,3.45,2109,885,2.38,77.97%,86.59%,-0.528192,2026-08-18
PRQR,2.15,2026-09-18,31,Call,7.5000,-248.84%,0.1,0.13,0.15,2389,1005,2.38,180.29%,307.30%,0.172617,2026-08-18
META,543.67,2026-08-21,3,Call,565.00,-3.92%,1.85,2,2.12,3864,1625,2.38,35.77%,43.93%,0.173684,2026-08-18
INTC,96.68,2026-08-28,10,Put,95.00,-1.74%,3.2,3.36,3.45,5898,2483,2.38,63.58%,65.55%,-0.411794,2026-08-18
NFLX,77.77,2026-08-21,3,Call,79.00,-1.58%,0.55,0.55,0.57,28270,11891,2.38,32.39%,37.23%,0.330251,2026-08-18
TSLA,336.87,2026-09-11,24,Call,430.00,-27.65%,0.62,0.63,0.65,508,214,2.37,40.16%,51.11%,0.037637,2026-08-18
SNDK,1625.78,2026-08-21,3,Put,"1,520.00",-6.51%,17.4,18.02,18.2,1006,425,2.37,85.49%,97.57%,-0.209573,2026-08-18
DELL,468.65,2028-01-21,521,Put,200.00,-57.32%,20.65,21.5,22,2155,908,2.37,81.56%,75.65%,-0.074339,2026-08-18
NKE,40.06,2028-12-15,850,Call,30.00,+25.11%,15,15.2,15.45,574,243,2.36,32.97%,50.00%,0.743152,2026-08-18
INTC,96.68,2027-02-19,185,Put,100.00,+3.43%,19.1,19.7,19.75,1541,653,2.36,63.58%,67.44%,-0.423008,2026-08-18
CZR,29.63,2026-09-25,38,Put,30.00,+1.25%,0.53,0.53,0.6,1718,729,2.36,19.49%,10.67%,-0.616015,2026-08-18
NKE,40.06,2026-08-28,10,Call,41.00,-2.35%,0.48,0.55,0.58,2874,1217,2.36,32.97%,34.64%,0.352593,2026-08-18
RDW,12.94,2026-09-18,31,Call,16.00,-23.65%,0.4,0.45,0.55,3797,1610,2.36,90.51%,91.83%,0.258593,2026-08-18
BTU,25.18,2026-08-21,3,Put,25.50,+1.27%,0.39,0.67,0.9,633,269,2.35,48.92%,51.35%,-0.596654,2026-08-18
BE,209.01,2026-08-28,10,Put,175.00,-16.27%,1.71,1.9,2,712,303,2.35,90.16%,94.02%,-0.110309,2026-08-18
MU,940.76,2026-08-28,10,Call,"1,000.00",-6.30%,19.5,20,20.5,4116,1751,2.35,65.12%,67.19%,0.31392,2026-08-18
WULF,15.62,2026-08-28,10,Call,17.50,-12.04%,0.3,0.33,0.38,651,279,2.33,89.25%,95.30%,0.249803,2026-08-18
META,543.67,2026-08-28,10,Call,600.00,-10.36%,1.3,1.35,1.42,4788,2057,2.33,35.77%,41.44%,0.082227,2026-08-18
PFE,27.25,2026-12-18,122,Put,24.00,-11.93%,0.35,0.37,0.43,7174,3082,2.33,20.08%,24.35%,-0.175488,2026-08-18
SMR,8.64,2026-09-25,38,Put,11.50,+33.10%,2.92,2.95,3.1,547,236,2.32,76.44%,80.72%,-0.834758,2026-08-18
EQIX,1085.09,2026-08-21,3,Call,"1,050.00",+3.23%,31.9,38.67,38.9,595,256,2.32,25.53%,18.49%,0.975886,2026-08-18
MU,940.76,2027-02-19,185,Call,"1,620.00",-72.20%,49.4,49.95,52.9,700,302,2.32,65.12%,73.05%,0.227487,2026-08-18
TGT,152.48,2026-08-21,3,Call,175.00,-14.77%,0.19,0.2,0.25,1171,504,2.32,40.37%,87.73%,0.045355,2026-08-18
CIFR,16.09,2026-10-16,59,Put,15.00,-6.77%,1.57,2.03,2.1,5487,2363,2.32,106.61%,96.16%,-0.349104,2026-08-18
UPST,29.11,2028-01-21,521,Put,25.00,-14.12%,6.45,6.5,6.65,547,237,2.31,58.13%,73.37%,-0.256906,2026-08-18
TTD,13.42,2026-09-25,38,Call,13.50,-0.60%,0.86,0.89,0.97,593,257,2.31,54.20%,53.79%,0.529804,2026-08-18
AMD,484.39,2026-09-04,17,Call,560.00,-15.61%,3.35,3.55,4.2,545,237,2.3,53.93%,56.67%,0.13326,2026-08-18
APLD,28.51,2026-08-28,10,Call,31.50,-10.49%,0.61,0.75,0.9,870,379,2.3,82.15%,94.84%,0.290946,2026-08-18
CVX,205.74,2027-01-15,150,Call,130.00,+36.81%,73.75,76,77,1450,630,2.3,25.09%,39.58%,0.97541,2026-08-18
MSTR,92.52,2026-08-28,10,Call,95.00,-2.68%,3.15,3.16,3.25,1379,601,2.29,68.37%,69.33%,0.43467,2026-08-18
BE,209.01,2026-08-28,10,Call,250.00,-19.61%,1.85,2.06,2.27,1470,643,2.29,90.16%,91.82%,0.136571,2026-08-18
INTC,96.68,2026-08-21,3,Put,96.00,-0.70%,1.95,2.08,2.13,5813,2541,2.29,63.58%,68.23%,-0.440632,2026-08-18
V,364.25,2026-09-25,38,Put,260.00,-28.62%,0,0.24,0.24,553,243,2.28,20.11%,43.99%,-0.006815,2026-08-18
NVDA,219.74,2026-08-24,6,Call,200.00,+8.98%,19.35,20.1,21,597,262,2.28,39.13%,47.56%,0.943198,2026-08-18
QBTS,19.53,2026-10-16,59,Put,15.00,-23.20%,0.18,0.58,0.85,1580,694,2.28,80.21%,74.74%,-0.147735,2026-08-18
INTC,96.68,2026-08-19,1,Put,100.00,+3.43%,3.45,3.69,3.85,9683,4252,2.28,63.58%,69.41%,-0.818256,2026-08-18
HUT,80.79,2026-08-21,3,Put,78.00,-3.45%,1.63,1.96,2.54,577,254,2.27,94.88%,115.07%,-0.347693,2026-08-18
AMD,484.39,2026-08-21,3,Call,482.50,+0.39%,11.25,11.7,11.95,579,255,2.27,53.93%,60.37%,0.541519,2026-08-18
BULL,7.93,2026-08-28,10,Put,7.50,-5.42%,0.19,0.21,0.25,1110,489,2.27,69.37%,78.85%,-0.308869,2026-08-18
TEVA,36.58,2026-09-18,31,Call,38.00,-3.88%,0.71,0.99,1.05,1348,593,2.27,33.86%,33.46%,0.375592,2026-08-18
AMD,484.39,2026-08-19,1,Put,490.00,+1.16%,8.6,8.6,9.5,1513,666,2.27,53.93%,57.50%,-0.642509,2026-08-18
AAPL,310.03,2026-08-21,3,Put,335.00,+8.05%,23.75,26.25,26.25,3295,1453,2.27,24.19%,40.13%,-0.985985,2026-08-18
NKE,40.06,2026-08-28,10,Call,42.50,-6.09%,0.16,0.19,0.22,765,339,2.26,32.97%,34.96%,0.159821,2026-08-18
NVDA,219.74,2026-08-24,6,Put,195.00,-11.26%,0.15,0.16,0.17,1047,464,2.26,39.13%,50.10%,-0.028765,2026-08-18
XPEV,11.74,2026-08-21,3,Put,12.00,+2.21%,0.36,0.43,0.5,3304,1461,2.26,60.17%,65.99%,-0.630323,2026-08-18
SNDK,1625.78,2026-08-21,3,Call,"1,850.00",-13.79%,6,6.2,6.3,3891,1725,2.26,85.49%,102.81%,0.090711,2026-08-18
NVDA,219.74,2026-08-24,6,Call,232.50,-5.81%,0.27,0.28,0.3,4129,1827,2.26,39.13%,30.06%,0.076066,2026-08-18
MDLN,34.12,2026-09-18,31,Call,37.50,-9.91%,0.4,1.15,0.8,581,258,2.25,38.56%,42.74%,0.251136,2026-08-18
QNT,59.5,2026-09-18,31,Call,80.00,-34.45%,0.95,1.2,1.5,1114,496,2.25,86.72%,90.76%,0.16471,2026-08-18
APLD,28.51,2026-08-21,3,Call,29.50,-3.47%,0.63,0.65,0.67,1169,520,2.25,82.15%,102.04%,0.374646,2026-08-18
SKHY,155.62,2026-08-21,3,Put,157.50,+1.21%,5.5,5.6,5.8,1290,574,2.25,75.61%,82.56%,-0.547719,2026-08-18
ARM,253.32,2026-08-21,3,Put,235.00,-7.23%,1.31,1.37,1.49,1824,812,2.25,69.38%,80.62%,-0.1429,2026-08-18
SPCX,143.34,2026-08-21,3,Put,146.00,+1.86%,5.25,5.1,5.45,2986,1329,2.25,64.16%,74.55%,-0.592902,2026-08-18
CIFR,16.09,2026-08-21,3,Call,18.00,-11.87%,0.17,0.21,0.27,11255,4992,2.25,106.61%,138.77%,0.204963,2026-08-18
B,42.09,2026-10-16,59,Put,38.00,-9.72%,1.06,1.17,1.22,628,280,2.24,43.46%,42.94%,-0.242941,2026-08-18
AVGO,380,2026-08-19,1,Put,382.50,+0.66%,4.4,5.3,5.3,648,289,2.24,49.32%,43.65%,-0.60756,2026-08-18
NBIS,248.43,2026-08-21,3,Call,302.50,-21.76%,0.3,0.42,0.57,667,298,2.24,93.21%,120.88%,0.040989,2026-08-18
NBIS,248.43,2026-08-21,3,Call,252.50,-1.64%,7.5,8.06,8.25,790,353,2.24,93.21%,107.61%,0.454318,2026-08-18
SNDK,1625.78,2026-08-21,3,Call,"1,820.00",-11.95%,8.2,8.32,8.7,997,445,2.24,85.49%,101.46%,0.119461,2026-08-18
ORCL,142.79,2026-08-21,3,Call,146.00,-2.25%,1.67,1.71,1.84,1077,481,2.24,68.34%,59.17%,0.350365,2026-08-18
UBER,74.66,2026-08-21,3,Put,76.00,+1.79%,1.75,1.75,1.95,3278,1463,2.24,33.10%,38.96%,-0.684597,2026-08-18
TSLA,336.87,2026-08-28,10,Call,340.00,-0.93%,7.9,7.8,8,6484,2889,2.24,40.16%,41.55%,0.465876,2026-08-18
LRCX,327.92,2026-08-21,3,Put,297.50,-9.28%,0.63,0.83,1.01,1135,508,2.23,62.03%,77.41%,-0.076945,2026-08-18
MSFT,481.63,2026-08-19,1,Put,465.00,-3.45%,0.08,0.11,0.12,2410,1082,2.23,26.18%,35.59%,-0.028744,2026-08-18
SNDK,1625.78,2026-08-21,3,Put,"1,450.00",-10.81%,6.2,6.55,6.9,2716,1216,2.23,85.49%,98.92%,-0.092771,2026-08-18
OKLO,41.36,2026-08-21,3,Call,47.00,-13.64%,0.1,0.12,0.12,3082,1382,2.23,74.97%,93.82%,0.072564,2026-08-18
PLTR,171.54,2026-09-25,38,Put,165.00,-3.81%,6.45,6.65,6.7,519,234,2.22,44.34%,44.98%,-0.358596,2026-08-18
OKLO,41.36,2026-08-21,3,Call,42.00,-1.55%,0.94,0.99,1.03,575,259,2.22,74.97%,84.57%,0.43719,2026-08-18
MU,940.76,2026-09-18,31,Put,"1,500.00",+59.45%,552.25,560.25,566.95,1020,460,2.22,65.12%,78.19%,-0.984143,2026-08-18
MU,940.76,2026-08-21,3,Call,975.00,-3.64%,11.2,11.9,12.1,1384,623,2.22,65.12%,72.34%,0.305763,2026-08-18
SNDK,1625.78,2026-08-21,3,Put,"1,600.00",-1.59%,42.8,44.05,45,8470,3816,2.22,85.49%,96.10%,-0.409069,2026-08-18
ADBE,263.14,2026-08-21,3,Put,262.50,-0.24%,3.95,4.1,4.3,577,261,2.21,53.14%,47.04%,-0.466481,2026-08-18
TJX,150.85,2026-08-21,3,Put,144.00,-4.54%,0.2,0.65,0.75,577,261,2.21,27.72%,48.34%,-0.13861,2026-08-18
AAPL,310.03,2026-08-24,6,Put,305.00,-1.62%,1.27,1.54,1.58,797,360,2.21,24.19%,21.66%,-0.267685,2026-08-18
DNUT,3.24,2026-08-21,3,Call,1.00,+69.14%,2.1,2.25,2.4,1100,497,2.21,73.51%,668.54%,0.987427,2026-08-18
BE,209.01,2026-08-28,10,Put,170.00,-18.66%,1.2,1.35,1.45,609,277,2.2,90.16%,95.65%,-0.08229,2026-08-18
MRVL,216,2026-08-21,3,Call,222.50,-3.01%,3.2,3.65,3.75,629,286,2.2,79.96%,77.79%,0.351562,2026-08-18
HIMS,27.39,2027-12-17,486,Call,85.00,-210.33%,1.11,3.1,3.4,676,307,2.2,66.54%,78.32%,0.229209,2026-08-18
MU,940.76,2026-08-21,3,Call,"1,000.00",-6.30%,6.05,6.1,6.35,21559,9821,2.2,65.12%,72.87%,0.187526,2026-08-18
AMD,484.39,2026-08-28,10,Call,490.00,-1.16%,15.15,15.6,16,738,337,2.19,53.93%,56.07%,0.473296,2026-08-18
WEN,8.44,2026-09-04,17,Call,8.50,-0.71%,0.3,0.35,0.45,1016,464,2.19,49.59%,56.21%,0.496288,2026-08-18
ORCL,142.79,2028-12-15,850,Put,145.00,+1.55%,46.45,46.45,47.8,1053,483,2.18,68.34%,61.50%,-0.309975,2026-08-18
CRWV,93.17,2026-08-21,3,Put,97.00,+4.11%,5.2,4.85,5.35,1271,584,2.18,77.97%,87.15%,-0.680062,2026-08-18
PLTR,171.54,2026-08-28,10,Call,187.50,-9.30%,0.83,0.87,0.9,1359,623,2.18,44.34%,46.44%,0.134341,2026-08-18
INTC,96.68,2027-02-19,185,Put,82.50,-14.67%,9.95,10.5,10.45,1411,648,2.18,63.58%,67.41%,-0.273998,2026-08-18
APH,159.57,2026-09-18,31,Call,175.00,-9.67%,2.35,2.63,2.8,2026,931,2.18,41.33%,40.77%,0.243228,2026-08-18
NVDA,219.74,2026-08-19,1,Put,227.50,+3.53%,6.6,7.83,7.95,5013,2296,2.18,39.13%,38.90%,-0.955661,2026-08-18
AVGO,380,2026-08-21,3,Put,355.00,-6.58%,0.42,0.52,0.62,992,457,2.17,49.32%,50.89%,-0.066433,2026-08-18
MRVL,216,2026-12-18,122,Call,380.00,-75.93%,7.1,7.85,8.85,1075,496,2.17,79.96%,82.00%,0.176555,2026-08-18
SPCX,143.34,2026-08-28,10,Call,143.00,+0.24%,6.35,6.71,6.75,1147,531,2.16,64.16%,66.77%,0.534167,2026-08-18
NVDA,219.74,2026-08-21,3,Call,197.50,+10.12%,21.75,22.12,23.3,5541,2563,2.16,39.13%,69.09%,0.958941,2026-08-18
AAPL,310.03,2026-09-04,17,Put,297.50,-4.04%,1.76,1.91,2.02,528,246,2.15,24.19%,24.42%,-0.201849,2026-08-18
AMC,2.38,2026-09-11,24,Call,2.50,-5.04%,0.14,0.14,0.17,715,333,2.15,81.39%,84.60%,0.45042,2026-08-18
ONDS,9.06,2026-12-18,122,Put,11.00,+21.41%,3.05,3.2,3.3,943,439,2.15,78.18%,94.40%,-0.528622,2026-08-18
SNDK,1625.78,2026-08-21,3,Call,"1,770.00",-8.87%,14,14.6,14.6,1253,584,2.15,85.49%,99.52%,0.18574,2026-08-18
NVDA,219.74,2026-09-25,38,Call,220.00,-0.12%,10.9,10.99,11.35,1324,617,2.15,39.13%,38.56%,0.531608,2026-08-18
TSM,413.41,2026-08-21,3,Call,422.50,-2.20%,2.16,2.47,2.44,1776,827,2.15,34.68%,37.74%,0.270328,2026-08-18
SNDK,1625.78,2026-08-21,3,Call,"1,700.00",-4.57%,28.6,29.32,30,7837,3645,2.15,85.49%,98.12%,0.324886,2026-08-18
GME,17.95,2026-08-28,10,Put,17.50,-2.51%,0.11,0.2,0.23,507,237,2.14,46.42%,29.28%,-0.299903,2026-08-18
EL,84.27,2026-08-21,3,Put,84.00,-0.32%,3.7,3.7,3.9,563,263,2.14,53.07%,129.56%,-0.465209,2026-08-18
TGT,152.48,2026-08-21,3,Put,152.50,+0.01%,5.2,5.48,5.7,1054,492,2.14,40.37%,98.76%,-0.482432,2026-08-18
MRK,135.17,2026-08-21,3,Put,137.00,+1.35%,2.12,2.32,2.64,1115,521,2.14,26.21%,25.78%,-0.712542,2026-08-18
PDD,87.27,2026-08-28,10,Call,91.00,-4.27%,1.69,2.06,3.55,504,237,2.13,41.93%,71.29%,0.386935,2026-08-18
PFE,27.25,2026-08-21,3,Put,27.50,+0.92%,0.29,0.38,0.37,799,375,2.13,20.08%,17.49%,-0.719046,2026-08-18
BYND,12.74,2026-08-21,3,Put,11.00,-13.66%,0.03,0.17,0.22,563,265,2.12,121.70%,154.42%,-0.131149,2026-08-18
COIN,146.23,2026-08-21,3,Call,149.00,-1.89%,2.37,2.47,2.57,751,354,2.12,62.00%,68.82%,0.395571,2026-08-18
INTC,96.68,2027-02-19,185,Call,140.00,-44.81%,7.95,8.05,8.45,923,435,2.12,63.58%,71.03%,0.32748,2026-08-18
NIO,4.53,2027-04-16,241,Call,8.00,-76.60%,0.21,0.21,0.38,1140,539,2.12,53.28%,69.60%,0.249397,2026-08-18
MU,940.76,2026-08-21,3,Put,895.00,-4.86%,7.9,8.8,8.7,1190,562,2.12,65.12%,74.76%,-0.219597,2026-08-18
TSLA,336.87,2026-08-28,10,Put,340.00,+0.93%,10.45,10.7,10.9,1948,920,2.12,40.16%,41.13%,-0.536182,2026-08-18
AMD,484.39,2026-08-19,1,Call,510.00,-5.29%,0.38,0.42,0.45,2167,1020,2.12,53.93%,62.87%,0.061022,2026-08-18
HD,337.49,2026-08-21,3,Call,340.00,-0.74%,3.05,3.28,3.4,2499,1180,2.12,25.84%,35.56%,0.416166,2026-08-18
SNDK,1625.78,2026-08-21,3,Put,"1,400.00",-13.89%,3,3.1,3.3,4538,2143,2.12,85.49%,102.39%,-0.048447,2026-08-18
LOW,215.64,2026-08-21,3,Call,215.00,+0.30%,3.8,5.03,5.9,647,306,2.11,34.54%,57.93%,0.533812,2026-08-18
CCC,7.14,2026-09-18,31,Call,5.00,+29.97%,1.65,2.58,2.9,917,434,2.11,68.55%,108.48%,0.902355,2026-08-18
RIOT,18.91,2026-08-28,10,Call,23.00,-21.63%,0.14,0.15,0.2,1494,708,2.11,87.09%,95.10%,0.123232,2026-08-18
HOOD,91.53,2026-11-20,94,Put,90.00,-1.67%,9.9,9.92,10.25,4170,1977,2.11,55.81%,61.37%,-0.407834,2026-08-18
NFLX,77.77,2026-08-21,3,Put,79.00,+1.58%,1.7,1.71,1.77,4960,2354,2.11,32.39%,35.90%,-0.677245,2026-08-18
OWL,11.59,2026-11-20,94,Put,12.00,+3.54%,1.2,1.35,1.45,500,238,2.1,44.54%,44.56%,-0.523034,2026-08-18
AAPL,310.03,2026-08-21,3,Put,332.50,+7.25%,20.5,22.5,23.8,803,382,2.1,24.19%,36.81%,-0.984853,2026-08-18
PLTR,171.54,2026-08-28,10,Call,172.50,-0.56%,4.75,4.9,4.95,1090,519,2.1,44.34%,46.12%,0.491257,2026-08-18
ONDS,9.06,2026-09-04,17,Put,9.00,-0.66%,0.54,0.59,0.62,1826,870,2.1,78.18%,79.39%,-0.447365,2026-08-18
PUMP,12.38,2026-09-18,31,Call,15.00,-21.16%,0.1,0.25,0.3,2003,952,2.1,64.64%,63.37%,0.176126,2026-08-18
META,543.67,2026-09-18,31,Call,625.00,-14.96%,3.1,3.17,3.3,3764,1795,2.1,35.77%,37.45%,0.115612,2026-08-18
GOOG,341.28,2026-08-21,3,Call,345.00,-1.09%,2.14,2.18,2.31,7227,3449,2.1,28.31%,30.33%,0.355477,2026-08-18
PLTR,171.54,2026-08-21,3,Call,175.00,-2.02%,1.71,1.73,1.76,27308,13030,2.1,44.34%,50.28%,0.341337,2026-08-18
SPCX,143.34,2026-08-21,3,Call,145.00,-1.16%,3.05,3.15,3.15,38446,18359,2.09,64.16%,73.95%,0.44678,2026-08-18
SBSW,10.56,2026-10-16,59,Put,13.00,+23.11%,2.8,3,3.1,502,240,2.09,63.79%,71.68%,-0.717562,2026-08-18
KEYS,341,2026-08-21,3,Put,300.00,-12.02%,2.85,2.95,3.1,511,244,2.09,54.21%,135.15%,-0.133699,2026-08-18
GOOGL,344.2,2026-08-24,6,Call,345.00,-0.23%,3.95,4.2,4.3,679,325,2.09,27.86%,25.10%,0.484498,2026-08-18
MU,940.76,2026-08-21,3,Put,"1,200.00",+27.56%,251.9,259,266.85,801,383,2.09,65.12%,111.34%,-0.992568,2026-08-18
ORCL,142.79,2026-08-21,3,Put,141.00,-1.25%,2.14,2.3,2.32,1340,642,2.09,68.34%,59.48%,-0.395908,2026-08-18
BHF,53.64,2026-12-18,122,Put,35.00,-34.75%,0.55,1.15,1.75,1558,744,2.09,52.87%,68.73%,-0.096431,2026-08-18
CVNA,65,2026-09-18,31,Put,64.00,-1.54%,3.65,3.83,4.1,3234,1550,2.09,58.52%,59.34%,-0.424469,2026-08-18
INTC,96.68,2026-08-28,10,Put,89.00,-7.94%,1.29,1.34,1.43,558,268,2.08,63.58%,67.47%,-0.210564,2026-08-18
TGT,152.48,2026-08-21,3,Call,167.50,-9.85%,0.75,0.81,0.88,744,357,2.08,40.37%,90.23%,0.134122,2026-08-18
MARA,8.96,2026-08-28,10,Call,9.50,-6.03%,0.27,0.28,0.28,2337,1124,2.08,80.06%,81.47%,0.359707,2026-08-18
IREN,42,2026-08-21,3,Call,43.50,-3.57%,0.81,0.84,0.86,849,410,2.07,97.13%,94.46%,0.358096,2026-08-18
MSTR,92.52,2026-08-21,3,Put,94.00,+1.60%,3.1,3.22,3.35,2458,1189,2.07,68.37%,72.01%,-0.582018,2026-08-18
AS,33.62,2026-09-18,31,Put,32.50,-3.33%,1.1,1.2,1.35,10435,5050,2.07,44.91%,46.01%,-0.367322,2026-08-18
TSLA,336.87,2026-08-21,3,Call,325.00,+3.52%,12.85,13.15,13.85,12422,6040,2.06,40.16%,44.93%,0.818197,2026-08-18
CVNA,65,2026-08-21,3,Put,63.00,-3.08%,0.93,1.02,1.1,515,250,2.06,58.52%,80.02%,-0.31892,2026-08-18
OKLO,41.36,2027-03-19,213,Call,65.00,-57.16%,4.65,4.85,5,524,254,2.06,74.97%,84.07%,0.364413,2026-08-18
TSLA,336.87,2026-09-18,31,Put,500.00,+48.43%,161.4,164.55,165.1,750,364,2.06,40.16%,67.76%,-0.98289,2026-08-18
CSCO,111.61,2026-11-20,94,Put,95.00,-14.88%,1.82,1.95,2.02,1142,555,2.06,29.22%,36.65%,-0.160993,2026-08-18
SOLS,60.09,2026-09-18,31,Call,70.00,-16.49%,0.5,0.8,1,1211,588,2.06,47.76%,50.17%,0.170377,2026-08-18
MU,940.76,2026-08-21,3,Put,940.00,-0.08%,22.65,23.8,24.75,3857,1875,2.06,65.12%,71.17%,-0.480661,2026-08-18
CRM,196.14,2026-08-28,10,Put,195.00,-0.58%,7.6,7.75,8.1,547,267,2.05,49.42%,65.65%,-0.4547,2026-08-18
PANW,374.14,2028-12-15,850,Put,300.00,-19.82%,62,66,69.35,674,329,2.05,59.39%,56.23%,-0.224275,2026-08-18
SNDK,1625.78,2026-08-21,3,Put,"1,590.00",-2.20%,39.4,40.1,40.8,706,345,2.05,85.49%,96.97%,-0.382083,2026-08-18
INTU,350.41,2026-09-18,31,Put,290.00,-17.24%,3.9,4.3,5.6,1163,568,2.05,61.83%,64.20%,-0.132382,2026-08-18
AMD,484.39,2026-08-21,3,Call,485.00,-0.13%,10.1,10.55,10.55,1231,600,2.05,53.93%,60.23%,0.503877,2026-08-18
MU,940.76,2026-08-19,1,Call,"1,060.00",-12.67%,0.1,0.13,0.16,1388,678,2.05,65.12%,94.46%,0.008507,2026-08-18
AXTI,82.31,2026-10-02,45,Call,100.00,-21.49%,8.2,8.7,9.2,2174,1061,2.05,123.28%,125.83%,0.417041,2026-08-18
META,543.67,2026-08-21,3,Put,545.00,+0.24%,8.5,8.75,9,6187,3023,2.05,35.77%,41.33%,-0.516285,2026-08-18
AAPL,310.03,2026-08-21,3,Put,305.00,-1.62%,1,1.08,1.18,11477,5585,2.05,24.19%,26.71%,-0.242745,2026-08-18
GOOGL,344.2,2026-08-21,3,Call,345.00,-0.23%,3.3,3.45,3.5,12053,5922,2.04,27.86%,30.03%,0.475474,2026-08-18
ANVS,1.8,2026-09-04,17,Call,2.0000,-11.11%,0.05,0.1,0.15,1120,550,2.04,192.03%,111.50%,0.378065,2026-08-18
ORCL,142.79,2026-08-21,3,Put,200.00,+40.07%,55.5,56.5,57.9,1826,895,2.04,68.34%,139.45%,-0.996384,2026-08-18
GME,17.95,2026-08-21,3,Call,18.00,-0.28%,0.2,0.21,0.23,2726,1336,2.04,46.42%,37.23%,0.470049,2026-08-18
GLXY,20.43,2026-08-28,10,Call,24.50,-19.92%,0.18,0.25,0.42,580,286,2.03,85.98%,105.07%,0.170537,2026-08-18
AMD,484.39,2026-08-21,3,Put,477.50,-1.42%,6.85,7.13,7.35,1239,610,2.03,53.93%,58.82%,-0.382041,2026-08-18
SMCI,37.41,2026-08-28,10,Put,37.00,-1.10%,1.54,1.71,1.75,1316,649,2.03,73.69%,75.71%,-0.437606,2026-08-18
NVDA,219.74,2026-08-19,1,Call,215.00,+2.16%,4.45,5.05,5.25,2341,1151,2.03,39.13%,27.77%,0.934899,2026-08-18
PLTR,171.54,2026-08-21,3,Put,172.50,+0.56%,3.5,3.57,3.65,11620,5716,2.03,44.34%,49.77%,-0.538232,2026-08-18
UGI,38.39,2026-08-21,3,Call,40.00,-4.19%,0.2,0.3,0.5,521,258,2.02,29.61%,66.68%,0.257879,2026-08-18
META,543.67,2026-10-16,59,Call,615.00,-13.12%,10.55,11,11,868,429,2.02,35.77%,37.52%,0.23985,2026-08-18
SNDK,1625.78,2026-08-21,3,Put,"1,570.00",-3.43%,31.7,31.97,33,1001,495,2.02,85.49%,97.00%,-0.32853,2026-08-18
ARM,253.32,2026-12-18,122,Call,420.00,-65.80%,9.2,10,11.3,1009,499,2.02,69.38%,78.60%,0.195663,2026-08-18
DKNG,24.04,2026-08-21,3,Put,24.50,+1.91%,0.61,0.61,0.81,2678,1326,2.02,49.95%,50.93%,-0.649147,2026-08-18
IOT,39.58,2026-08-21,3,Call,42.50,-7.38%,0.05,0.15,0.3,1023,508,2.01,78.57%,70.30%,0.139969,2026-08-18
AAPL,310.03,2026-08-21,3,Put,330.00,+6.44%,18.75,19.85,20.5,3703,1840,2.01,24.19%,31.16%,-0.990938,2026-08-18
TER,404.29,2026-08-21,3,Put,395.00,-2.30%,5.1,9.38,12,779,390,2,72.45%,87.89%,-0.368911,2026-08-18
CSCO,111.61,2026-12-18,122,Put,85.00,-23.84%,0.74,0.82,0.9,2008,1002,2,29.22%,35.88%,-0.073023,2026-08-18
SMCI,37.41,2026-08-21,3,Put,36.00,-3.77%,0.51,0.52,0.55,7054,3537,1.99,73.69%,82.66%,-0.289895,2026-08-18
SMCI,37.41,2026-08-28,10,Put,42.00,+12.27%,4.95,6.1,5.35,596,300,1.99,73.69%,81.96%,-0.783195,2026-08-18
AMD,484.39,2026-08-24,6,Call,550.00,-13.54%,0.45,0.5,0.56,982,494,1.99,53.93%,54.54%,0.038115,2026-08-18
AMKR,54.84,2026-09-18,31,Put,48.00,-12.47%,1.6,1.84,1.95,1194,599,1.99,71.58%,74.06%,-0.23083,2026-08-18
SLN,14.1,2027-01-15,150,Call,15.00,-6.38%,3,3.05,3.1,2356,1185,1.99,105.29%,92.72%,0.586944,2026-08-18
GOOG,341.28,2026-08-21,3,Call,342.50,-0.36%,3.1,3.26,3.3,2769,1391,1.99,28.31%,30.22%,0.457597,2026-08-18
UBER,74.66,2026-08-21,3,Call,77.00,-3.13%,0.27,0.31,0.3,4680,2347,1.99,33.10%,38.88%,0.197812,2026-08-18
FRMI,5.74,2026-08-21,3,Put,11.00,+91.64%,5,5.16,5.4,690,349,1.98,104.37%,327.79%,-0.979877,2026-08-18
NVDA,219.74,2026-08-21,3,Put,245.00,+11.50%,24.1,25.81,25.45,704,356,1.98,39.13%,83.52%,-0.919484,2026-08-18
OVV,65.02,2026-09-18,31,Call,70.00,-7.66%,0.9,1.08,1.3,1067,540,1.98,36.62%,37.15%,0.269582,2026-08-18
QCOM,160.19,2026-10-16,59,Call,160.00,+0.12%,11.05,11.39,11.7,1238,626,1.98,42.92%,43.47%,0.540806,2026-08-18
SNDK,1625.78,2026-08-21,3,Put,"1,480.00",-8.97%,10,10.2,10.6,600,305,1.97,85.49%,98.27%,-0.135203,2026-08-18
ASND,248.85,2026-08-21,3,Put,240.00,-3.56%,0.5,1.06,1.85,670,340,1.97,41.07%,47.70%,-0.193437,2026-08-18
AAPL,310.03,2026-08-28,10,Put,302.50,-2.43%,1.93,2.05,2.1,700,355,1.97,24.19%,24.56%,-0.259602,2026-08-18
INTC,96.68,2026-08-24,6,Call,108.00,-11.71%,0.24,0.29,0.31,1061,538,1.97,63.58%,60.35%,0.083013,2026-08-18
JBLU,5.04,2026-08-21,3,Call,5.00,+0.79%,0.11,0.13,0.15,1417,719,1.97,52.98%,59.50%,0.571523,2026-08-18
AMD,484.39,2026-08-19,1,Call,520.00,-7.35%,0.13,0.14,0.14,2139,1084,1.97,53.93%,66.49%,0.021808,2026-08-18
BIDU,90.87,2026-08-21,3,Put,90.00,-0.96%,1.29,1.36,1.46,5906,3002,1.97,45.28%,54.63%,-0.411347,2026-08-18
ARM,253.32,2026-08-28,10,Put,225.00,-11.18%,2.38,2.49,2.65,503,256,1.96,69.38%,73.65%,-0.148973,2026-08-18
DB,38.09,2026-09-18,31,Call,39.00,-2.39%,0.8,0.85,0.95,627,320,1.96,27.98%,28.51%,0.404359,2026-08-18
RGTI,17.71,2027-03-19,213,Call,27.00,-52.46%,2.01,2.5,2.91,1000,509,1.96,74.87%,89.03%,0.402889,2026-08-18
LITE,873.31,2026-08-21,3,Call,970.00,-11.07%,3.5,3.86,4.9,1104,562,1.96,81.58%,94.35%,0.118711,2026-08-18
AAPL,310.03,2026-08-28,10,Call,312.50,-0.80%,3.95,4.05,4.25,1439,733,1.96,24.19%,24.93%,0.440368,2026-08-18
AMZN,259.45,2026-08-28,10,Call,272.50,-5.03%,1.06,1.12,1.17,3014,1536,1.96,28.50%,29.52%,0.1686,2026-08-18
AAPL,310.03,2026-08-21,3,Call,307.50,+0.82%,4.5,4.72,4.9,15547,7930,1.96,24.19%,28.90%,0.631617,2026-08-18
AMTM,20.95,2026-10-16,59,Call,27.50,-31.26%,0.15,0.2,0.25,586,301,1.95,41.63%,49.52%,0.108054,2026-08-18
TWLO,232.1,2026-08-21,3,Call,250.00,-7.71%,0.4,0.8,1.05,934,480,1.95,48.32%,65.39%,0.111498,2026-08-18
UNH,393.93,2026-08-21,3,Call,405.00,-2.81%,0.8,0.86,0.95,973,498,1.95,27.09%,29.95%,0.157842,2026-08-18
APLD,28.51,2026-08-21,3,Call,29.00,-1.72%,0.78,0.81,0.9,993,509,1.95,82.15%,102.31%,0.446634,2026-08-18
NFLX,77.77,2026-08-28,10,Call,86.00,-10.58%,0.11,0.12,0.14,1039,532,1.95,32.39%,38.05%,0.060574,2026-08-18
ACVA,7.63,2026-09-18,31,Put,7.50,-1.70%,0.5,0.6,0.7,1100,563,1.95,74.69%,76.75%,-0.420874,2026-08-18
TRIP,10.23,2027-01-15,150,Call,13.00,-27.08%,0.4,0.51,0.7,1453,746,1.95,40.05%,51.24%,0.302521,2026-08-18
NOW,119.49,2026-08-21,3,Call,122.00,-2.10%,1.47,1.57,1.58,1660,850,1.95,51.63%,58.98%,0.360733,2026-08-18
SPCX,143.34,2026-08-28,10,Call,147.00,-2.55%,4.75,4.94,4.9,2154,1103,1.95,64.16%,67.15%,0.435507,2026-08-18
META,543.67,2026-08-21,3,Call,545.00,-0.24%,7.5,7.8,8,2348,1205,1.95,35.77%,42.32%,0.485002,2026-08-18
RIVN,14.78,2026-08-28,10,Put,14.00,-5.28%,0.15,0.17,0.19,3105,1595,1.95,52.31%,48.69%,-0.23452,2026-08-18
NTNX,65.83,2028-12-15,850,Put,65.00,-1.26%,15,17.25,19.5,1019,526,1.94,63.55%,53.35%,-0.316665,2026-08-18
MU,940.76,2026-08-21,3,Put,925.00,-1.68%,16.7,17.07,17.75,1083,559,1.94,65.12%,72.33%,-0.384282,2026-08-18
MBLY,8.87,2026-09-25,38,Call,3.00,+66.18%,4.8,5.9,7.25,508,263,1.93,53.13%,242.69%,0.962539,2026-08-18
MSFT,481.63,2027-12-17,486,Put,310.00,-35.64%,8,9.78,10.6,800,415,1.93,26.18%,35.86%,-0.085522,2026-08-18
MRVL,216,2026-08-21,3,Call,217.50,-0.69%,5.35,5.55,5.85,905,470,1.93,79.96%,80.30%,0.478183,2026-08-18
AMZN,259.45,2026-08-24,6,Call,265.00,-2.14%,1.38,1.46,1.61,1456,753,1.93,28.50%,26.55%,0.278528,2026-08-18
CLS,310.59,2026-11-20,94,Call,400.00,-28.79%,16.1,18.7,21.3,1742,904,1.93,63.69%,71.05%,0.310651,2026-08-18
MU,940.76,2026-09-25,38,Put,260.00,-72.36%,0.07,0.18,0.18,528,275,1.92,65.12%,138.66%,-0.000951,2026-08-18
WDC,496.16,2026-08-21,3,Call,525.00,-5.81%,5.1,6.6,6.7,564,293,1.92,75.24%,88.91%,0.255529,2026-08-18
CRWV,93.17,2026-08-28,10,Call,97.00,-4.11%,3.35,3.45,3.5,687,358,1.92,77.97%,80.94%,0.410468,2026-08-18
SNDK,1625.78,2026-08-21,3,Call,"1,910.00",-17.48%,3.2,3.3,3.3,756,394,1.92,85.49%,105.67%,0.051468,2026-08-18
NRG,115.56,2027-01-15,150,Put,110.00,-4.81%,9.8,10.26,11,760,396,1.92,44.27%,46.91%,-0.366098,2026-08-18
AAPL,310.03,2026-08-24,6,Call,307.50,+0.82%,4.95,5.12,5.4,887,461,1.92,24.19%,23.25%,0.620888,2026-08-18
ABNB,183.25,2026-08-21,3,Call,190.00,-3.68%,0.3,0.35,0.39,1302,677,1.92,29.83%,33.93%,0.124891,2026-08-18
TSLA,336.87,2026-08-28,10,Call,337.50,-0.19%,9,9,9.2,1322,690,1.92,40.16%,41.56%,0.508651,2026-08-18
NBIS,248.43,2026-08-28,10,Put,220.00,-11.44%,4.65,4.94,5.25,1733,901,1.92,93.21%,98.25%,-0.202095,2026-08-18
LOW,215.64,2026-08-21,3,Put,200.00,-7.25%,0.15,0.3,0.3,1744,906,1.92,34.54%,51.86%,-0.051839,2026-08-18
AXTI,82.31,2026-08-21,3,Call,90.00,-9.34%,1.8,2,2,2360,1231,1.92,123.28%,153.89%,0.28488,2026-08-18
AMZN,259.45,2026-08-28,10,Call,265.00,-2.14%,2.75,2.8,3,3558,1854,1.92,28.50%,29.40%,0.348175,2026-08-18
CVNA,65,2026-08-21,3,Put,62.00,-4.62%,0.69,0.74,0.77,11812,6163,1.92,58.52%,81.14%,-0.247371,2026-08-18
MSTR,92.52,2026-08-28,10,Call,106.00,-14.57%,0.76,0.88,0.94,640,335,1.91,68.37%,74.64%,0.151219,2026-08-18
AAPL,310.03,2026-08-28,10,Call,322.50,-4.02%,1.15,1.19,1.33,719,377,1.91,24.19%,25.00%,0.181241,2026-08-18
RKLB,79.16,2026-08-21,3,Call,81.00,-2.32%,1.57,1.65,1.74,860,450,1.91,76.62%,84.87%,0.398842,2026-08-18
RUN,9.26,2026-08-21,3,Call,9.50,-2.59%,0.13,0.16,0.16,1044,548,1.91,66.35%,72.42%,0.362258,2026-08-18
NVDA,219.74,2026-08-24,6,Put,220.00,+0.12%,3.35,3.54,3.45,6475,3382,1.91,39.13%,29.53%,-0.500609,2026-08-18
INTC,96.68,2026-08-28,10,Put,84.00,-13.12%,0.54,0.57,0.6,506,267,1.9,63.58%,70.33%,-0.101483,2026-08-18
SNDK,1625.78,2026-08-21,3,Call,"2,050.00",-26.09%,0.8,0.87,0.95,794,418,1.9,85.49%,114.97%,0.015036,2026-08-18
SKHY,155.62,2026-08-28,10,Put,150.00,-3.61%,5,5.1,5.4,1338,706,1.9,75.61%,76.79%,-0.359589,2026-08-18
BAC,64.23,2026-08-28,10,Put,64.00,-0.36%,0.67,0.7,0.76,1831,963,1.9,19.81%,19.81%,-0.444752,2026-08-18
UNH,393.93,2026-08-28,10,Call,415.00,-5.35%,1.09,1.15,1.26,1922,1011,1.9,27.09%,27.52%,0.132671,2026-08-18
PURR,7.2,2026-09-04,17,Call,8.00,-11.11%,0.25,0.3,0.3,505,267,1.89,90.74%,89.89%,0.33089,2026-08-18
NOW,119.49,2026-08-21,3,Put,121.00,+1.26%,3.2,3.1,3.45,572,302,1.89,51.63%,57.89%,-0.582695,2026-08-18
ASAN,9.16,2028-01-21,521,Put,10.00,+9.17%,3.3,3.73,3.9,774,410,1.89,94.02%,79.00%,-0.342807,2026-08-18
CRWV,93.17,2026-08-21,3,Put,84.00,-9.84%,0.35,0.35,0.41,858,455,1.89,77.97%,92.23%,-0.099531,2026-08-18
BAC,64.23,2028-01-21,521,Put,57.50,-10.48%,4.2,4.36,4.35,2053,1087,1.89,19.81%,27.52%,-0.277812,2026-08-18
INTC,96.68,2026-08-21,3,Put,93.00,-3.81%,0.94,1.04,1.05,4749,2516,1.89,63.58%,70.23%,-0.259206,2026-08-18
TSLA,336.87,2026-08-21,3,Call,342.50,-1.67%,3.15,3.15,3.2,7418,3917,1.89,40.16%,44.80%,0.351799,2026-08-18
AVGO,380,2026-08-19,1,Call,397.50,-4.61%,0.1,0.14,0.16,563,300,1.88,49.32%,47.15%,0.035264,2026-08-18
DHT,19.31,2026-09-18,31,Put,18.00,-6.78%,0.3,0.39,0.5,566,301,1.88,39.93%,39.94%,-0.271995,2026-08-18
PLTR,171.54,2026-08-28,10,Put,172.50,+0.56%,5.5,5.4,5.7,664,353,1.88,44.34%,45.67%,-0.510358,2026-08-18
META,543.67,2028-01-21,521,Call,890.00,-63.70%,37.7,38.5,39.85,1451,770,1.88,35.77%,43.90%,0.280185,2026-08-18
MSTR,92.52,2026-11-20,94,Call,130.00,-40.51%,4.65,5,5.15,2055,1096,1.88,68.37%,78.46%,0.264229,2026-08-18
IREN,42,2026-08-21,3,Call,43.00,-2.38%,0.98,1,1.09,4087,2172,1.88,97.13%,96.10%,0.411713,2026-08-18
MU,940.76,2026-08-21,3,Put,950.00,+0.98%,28,28.35,30,6735,3587,1.88,65.12%,70.91%,-0.546317,2026-08-18
TSLA,336.87,2026-08-26,8,Call,360.00,-6.87%,1.61,1.61,1.67,568,304,1.87,40.16%,42.16%,0.153836,2026-08-18
MSFT,481.63,2026-08-28,10,Call,485.00,-0.70%,6.55,6.75,7.1,2416,1292,1.87,26.18%,25.81%,0.450801,2026-08-18
MGM,43.32,2026-09-18,31,Put,43.00,-0.74%,1.35,1.45,1.5,2473,1322,1.87,31.79%,32.62%,-0.440041,2026-08-18
ETN,431.33,2026-09-18,31,Put,390.00,-9.58%,3,3.8,4.2,3948,2111,1.87,36.52%,35.61%,-0.148535,2026-08-18
AMZN,259.45,2026-08-21,3,Call,265.00,-2.14%,1.03,1.03,1.1,23442,12519,1.87,28.50%,32.18%,0.241744,2026-08-18
RIOT,18.91,2026-08-28,10,Call,19.50,-3.12%,0.78,0.81,0.87,574,309,1.86,87.09%,85.80%,0.444981,2026-08-18
CRWV,93.17,2026-08-28,10,Put,96.00,+3.04%,6.25,6.2,6.75,598,322,1.86,77.97%,80.26%,-0.560933,2026-08-18
SOFI,17.66,2026-09-25,38,Call,18.00,-1.93%,0.87,1.05,1.05,1173,629,1.86,46.00%,47.63%,0.491176,2026-08-18
TRIP,10.23,2027-01-15,150,Call,11.00,-7.53%,1,1.1,1.3,1457,784,1.86,40.05%,53.34%,0.501983,2026-08-18
SPCX,143.34,2026-08-28,10,Call,145.00,-1.16%,5.6,5.65,5.7,3057,1647,1.86,64.16%,67.08%,0.484347,2026-08-18
TSLA,336.87,2026-08-21,3,Put,327.50,-2.78%,1.84,1.88,1.9,4273,2300,1.86,40.16%,44.23%,-0.232644,2026-08-18
INDI,4.34,2026-09-18,31,Put,4.00,-7.83%,0.35,0.4,0.45,534,288,1.85,114.98%,115.89%,-0.337951,2026-08-18
MSTR,92.52,2026-08-28,10,Put,93.00,+0.52%,4.2,4.1,4.4,527,286,1.84,68.37%,66.96%,-0.493702,2026-08-18
NBIS,248.43,2026-09-04,17,Put,250.00,+0.63%,20.8,20.75,21.5,559,304,1.84,93.21%,95.99%,-0.4683,2026-08-18
AFL,121.73,2026-08-21,3,Call,115.00,+5.53%,6.4,7,7.8,601,327,1.84,17.47%,54.29%,0.881451,2026-08-18
MU,940.76,2026-08-28,10,Call,950.00,-0.98%,36.4,37.05,38.8,960,522,1.84,65.12%,66.75%,0.490259,2026-08-18
APLD,28.51,2026-08-21,3,Put,27.00,-5.30%,0.41,0.45,0.52,1167,634,1.84,82.15%,105.13%,-0.267158,2026-08-18
AMZN,259.45,2026-08-19,1,Put,265.00,+2.14%,4.9,5.74,6.15,1234,671,1.84,28.50%,31.65%,-0.898139,2026-08-18
CRWV,93.17,2026-08-28,10,Call,100.00,-7.33%,2.42,2.47,2.54,3055,1663,1.84,77.97%,81.08%,0.325377,2026-08-18
APP,307.26,2026-08-21,3,Put,305.00,-0.74%,4.7,5.6,5.6,761,415,1.83,53.60%,56.47%,-0.430668,2026-08-18
VIRT,61.05,2026-09-18,31,Call,60.00,+1.72%,3.9,4.1,4.4,2296,1254,1.83,51.31%,50.48%,0.58002,2026-08-18
MARA,8.96,2026-08-28,10,Call,9.00,-0.45%,0.44,0.46,0.48,2358,1291,1.83,80.06%,80.27%,0.516106,2026-08-18
DECK,89.51,2026-08-21,3,Put,87.00,-2.80%,0.1,0.15,0.35,810,445,1.82,35.37%,32.39%,-0.160437,2026-08-18
APLD,28.51,2026-08-21,3,Call,28.00,+1.79%,1.27,1.29,1.4,1430,786,1.82,82.15%,103.36%,0.59588,2026-08-18
NCLH,17.61,2027-03-19,213,Put,16.00,-9.14%,1.6,1.62,1.71,2011,1102,1.82,42.93%,49.66%,-0.312723,2026-08-18
SNDK,1625.78,2026-08-21,3,Put,"1,550.00",-4.66%,24.4,25.56,26.3,2954,1627,1.82,85.49%,96.35%,-0.276526,2026-08-18
TGT,152.48,2026-08-21,3,Put,145.00,-4.91%,2.25,2.33,2.4,3249,1784,1.82,40.37%,97.47%,-0.269528,2026-08-18
SPCX,143.34,2026-08-21,3,Put,138.00,-3.73%,1.59,1.6,1.63,5003,2747,1.82,64.16%,72.61%,-0.269697,2026-08-18
PURR,7.2,2026-12-18,122,Put,7.00,-2.78%,1.25,1.29,1.45,7025,3855,1.82,90.74%,92.22%,-0.36823,2026-08-18
TSLA,336.87,2026-08-21,3,Put,330.00,-2.04%,2.5,2.59,2.57,14691,8073,1.82,40.16%,43.99%,-0.293516,2026-08-18
NVDA,219.74,2026-08-21,3,Call,222.50,-1.26%,1.68,1.7,1.73,18795,10343,1.82,39.13%,35.71%,0.358884,2026-08-18
SNDK,1625.78,2026-08-21,3,Put,"1,070.00",-34.19%,0,0.12,0.6,525,290,1.81,85.49%,176.90%,-0.003576,2026-08-18
ADBE,263.14,2026-09-18,31,Call,590.00,-124.22%,0,0.12,4.3,594,329,1.81,53.14%,149.62%,0.051934,2026-08-18
AMZN,259.45,2026-08-24,6,Call,267.50,-3.10%,0.85,0.89,1.03,655,362,1.81,28.50%,26.62%,0.194665,2026-08-18
TSM,413.41,2026-08-21,3,Put,402.50,-2.64%,1.66,1.49,1.87,705,389,1.81,34.68%,38.22%,-0.213175,2026-08-18
CLSK,11.73,2026-08-28,10,Put,10.00,-14.75%,0.09,0.1,0.12,760,421,1.81,82.73%,87.32%,-0.118472,2026-08-18
TSLA,336.87,2026-08-26,8,Call,350.00,-3.90%,3.3,3.35,3.4,969,536,1.81,40.16%,40.59%,0.276576,2026-08-18
NBIS,248.43,2026-08-21,3,Call,265.00,-6.67%,3.6,3.9,4,1785,988,1.81,93.21%,107.21%,0.27003,2026-08-18
NKE,40.06,2026-08-28,10,Call,39.00,+2.65%,1.41,1.48,1.61,560,311,1.8,32.97%,33.89%,0.69264,2026-08-18
NBIS,248.43,2026-08-21,3,Put,252.50,+1.64%,11.25,11.25,12.45,736,410,1.8,93.21%,107.33%,-0.546168,2026-08-18
NBIS,248.43,2026-08-28,10,Call,320.00,-28.81%,1.4,1.5,1.63,1025,570,1.8,93.21%,103.67%,0.083207,2026-08-18
CRCL,71.73,2026-08-21,3,Call,74.00,-3.16%,1.33,1.46,1.58,1868,1037,1.8,76.78%,91.66%,0.37076,2026-08-18
BP,43.41,2026-09-18,31,Call,44.00,-1.36%,1.22,1.24,1.45,2031,1126,1.8,29.33%,32.05%,0.457449,2026-08-18
AMZN,259.45,2026-08-24,6,Call,260.00,-0.21%,3.05,3.2,3.55,538,300,1.79,28.50%,26.31%,0.48874,2026-08-18
AAPL,310.03,2026-08-26,8,Call,310.00,+0.01%,4.35,4.45,4.85,703,392,1.79,24.19%,24.44%,0.516174,2026-08-18
AMD,484.39,2026-08-19,1,Call,515.00,-6.32%,0.21,0.24,0.28,1055,591,1.79,53.93%,65.05%,0.037573,2026-08-18
SERV,4.55,2026-08-21,3,Put,4.50,-1.10%,0.07,0.12,0.15,1459,813,1.79,79.31%,81.94%,-0.424941,2026-08-18
MU,940.76,2026-08-28,10,Call,"1,050.00",-11.61%,9.7,9.9,10.25,1955,1092,1.79,65.12%,68.18%,0.181823,2026-08-18
MU,940.76,2026-08-21,3,Call,930.00,+1.14%,29.25,31.39,31.75,2059,1148,1.79,65.12%,72.72%,0.583917,2026-08-18
AMD,484.39,2026-08-24,6,Put,490.00,+1.16%,14.7,15.85,15.4,2805,1565,1.79,53.93%,48.92%,-0.557701,2026-08-18
META,543.67,2026-08-21,3,Put,530.00,-2.51%,2.8,2.99,3.05,10309,5744,1.79,35.77%,41.22%,-0.239942,2026-08-18
MU,940.76,2026-08-21,3,Call,950.00,-0.98%,20,20.45,21,8821,4949,1.78,65.12%,72.33%,0.455483,2026-08-18
META,543.67,2026-10-02,45,Put,545.00,+0.24%,24.95,27.62,27.9,654,367,1.78,35.77%,35.13%,-0.473391,2026-08-18
NFLX,77.77,2026-08-28,10,Call,83.00,-6.72%,0.28,0.3,0.31,1027,578,1.78,32.39%,34.29%,0.135448,2026-08-18
AVGO,380,2026-08-21,3,Put,377.50,-0.66%,4.45,5.05,5.35,1306,735,1.78,49.32%,44.57%,-0.425187,2026-08-18
META,543.67,2026-08-21,3,Put,635.00,+16.80%,87.55,90.97,94.15,503,284,1.77,35.77%,67.35%,-0.996439,2026-08-18
NKE,40.06,2026-08-28,10,Call,40.50,-1.10%,0.66,0.68,0.75,953,537,1.77,32.97%,34.23%,0.433672,2026-08-18
APLD,28.51,2026-08-21,3,Put,27.50,-3.54%,0.57,0.6,0.77,1133,639,1.77,82.15%,109.17%,-0.338494,2026-08-18
BIDU,90.87,2026-09-04,17,Call,104.00,-14.45%,0.17,0.63,1.32,1808,1024,1.77,45.28%,54.77%,0.142632,2026-08-18
SNDK,1625.78,2026-08-28,10,Put,"1,500.00",-7.74%,42.7,43,44.6,743,422,1.76,85.49%,91.10%,-0.269204,2026-08-18
TSM,413.41,2026-08-28,10,Call,450.00,-8.85%,0.78,1.02,1.1,1647,935,1.76,34.68%,36.18%,0.084826,2026-08-18
KEEL,3.16,2027-01-15,150,Put,4.50,+42.41%,1.52,1.77,1.95,3754,2135,1.76,104.33%,101.18%,-0.585566,2026-08-18
NBIS,248.43,2026-09-04,17,Call,260.00,-4.66%,15.15,16.35,17.3,635,363,1.75,93.21%,97.74%,0.459234,2026-08-18
META,543.67,2026-08-21,3,Call,587.50,-8.06%,0.45,0.46,0.48,641,366,1.75,35.77%,50.03%,0.046402,2026-08-18
SPCX,143.34,2027-02-19,185,Call,195.00,-36.04%,11.9,13.44,13,667,382,1.75,64.16%,65.41%,0.350222,2026-08-18
MU,940.76,2026-08-21,3,Put,965.00,+2.58%,36.6,38.2,39.9,890,508,1.75,65.12%,70.82%,-0.640932,2026-08-18
META,543.67,2026-08-28,10,Call,570.00,-4.84%,4.85,4.85,5.05,928,531,1.75,35.77%,38.94%,0.245727,2026-08-18
TGT,152.48,2026-08-21,3,Call,152.50,-0.01%,5.2,5.28,5.5,1114,638,1.75,40.37%,97.17%,0.517101,2026-08-18
STX,903.68,2027-06-17,303,Put,500.00,-44.67%,49.5,50.85,57.6,654,375,1.74,75.01%,81.60%,-0.114371,2026-08-18
NFLX,77.77,2026-08-28,10,Call,84.00,-8.01%,0.2,0.21,0.22,985,566,1.74,32.39%,35.12%,0.100369,2026-08-18
DASH,216.35,2026-08-21,3,Call,215.00,+0.62%,3.25,4.72,6.1,1098,630,1.74,38.57%,50.36%,0.56611,2026-08-18
AMZN,259.45,2026-08-19,1,Put,270.00,+4.07%,10.3,10.53,11,1203,692,1.74,28.50%,45.04%,-0.954177,2026-08-18
SEDG,29.82,2026-11-20,94,Call,75.00,-151.51%,0.17,0.33,0.42,586,338,1.73,78.93%,97.76%,0.055801,2026-08-18
BMBL,2.72,2027-01-15,150,Call,2.50,+8.09%,0.4,0.55,0.65,600,347,1.73,66.89%,57.96%,0.675586,2026-08-18
TOL,142.86,2026-09-18,31,Call,150.00,-5.00%,3.6,3.85,5.8,607,351,1.73,40.11%,44.80%,0.386089,2026-08-18
SNDK,1625.78,2026-08-28,10,Call,"1,900.00",-16.87%,22.2,23.4,24.5,723,418,1.73,85.49%,94.59%,0.181161,2026-08-18
NOW,119.49,2026-08-21,3,Call,124.00,-3.77%,0.94,0.99,1.05,896,518,1.73,51.63%,60.28%,0.259367,2026-08-18
NKE,40.06,2026-09-04,17,Call,40.50,-1.10%,0.83,0.88,0.96,1064,616,1.73,32.97%,31.88%,0.448962,2026-08-18
META,543.67,2026-08-19,1,Put,560.00,+3.00%,15.85,17,18.15,1669,964,1.73,35.77%,46.04%,-0.88806,2026-08-18
MSFT,481.63,2026-10-16,59,Put,420.00,-12.80%,3.2,3.45,3.65,5199,3005,1.73,26.18%,30.59%,-0.11301,2026-08-18
SPCX,143.34,2026-08-21,3,Put,140.00,-2.33%,2.25,2.25,2.3,32892,19090,1.72,64.16%,72.68%,-0.346525,2026-08-18
HD,337.49,2026-08-21,3,Put,327.50,-2.96%,0.66,0.8,0.84,580,338,1.72,25.84%,32.05%,-0.146555,2026-08-18
ORCL,142.79,2026-08-21,3,Call,147.00,-2.95%,1.4,1.45,1.51,714,416,1.72,68.34%,59.35%,0.30506,2026-08-18
AMD,484.39,2026-08-19,1,Put,455.00,-6.07%,0.25,0.26,0.33,2202,1283,1.72,53.93%,69.26%,-0.040302,2026-08-18
AMD,484.39,2027-02-19,185,Put,410.00,-15.36%,39,42.05,41,502,294,1.71,53.93%,59.11%,-0.25948,2026-08-18
AMAT,514.33,2026-11-20,94,Put,300.00,-41.67%,2.16,3.7,4.7,728,426,1.71,57.35%,68.99%,-0.041069,2026-08-18
SNDK,1625.78,2026-08-21,3,Call,"1,760.00",-8.26%,15.5,16.32,17,860,504,1.71,85.49%,100.11%,0.204549,2026-08-18
SBUX,106.01,2026-08-21,3,Put,108.00,+1.88%,1.79,2.37,2.57,973,570,1.71,24.97%,21.85%,-0.82304,2026-08-18
TSLA,336.87,2026-08-24,6,Call,345.00,-2.41%,3.3,3.3,3.4,1746,1021,1.71,40.16%,37.67%,0.3237,2026-08-18
XYZ,79.43,2028-01-21,521,Put,75.00,-5.58%,12.35,12.45,13.55,523,308,1.7,36.02%,46.76%,-0.3279,2026-08-18
ABBV,258.92,2026-08-21,3,Call,252.50,+2.48%,6.4,7,7.5,1379,812,1.7,24.69%,27.32%,0.848168,2026-08-18
HOOD,91.53,2026-08-21,3,Put,87.00,-4.95%,0.45,0.49,0.5,2802,1647,1.7,55.81%,61.00%,-0.170925,2026-08-18
ONON,31.03,2027-06-17,303,Put,25.00,-19.43%,1.95,2.05,2.2,3172,1869,1.7,39.12%,47.32%,-0.218407,2026-08-18
BABA,128.15,2026-08-21,3,Put,119.00,-7.14%,0.83,0.9,0.98,811,481,1.69,46.81%,86.88%,-0.163395,2026-08-18
SPCX,143.34,2027-03-19,213,Put,165.00,+15.11%,39.5,39.95,40.8,1002,594,1.69,64.16%,65.03%,-0.505074,2026-08-18
AMZN,259.45,2026-08-21,3,Call,252.50,+2.68%,7.35,8.07,8.05,1857,1097,1.69,28.50%,31.83%,0.832908,2026-08-18
PLTR,171.54,2026-08-21,3,Put,167.50,-2.36%,1.52,1.55,1.55,8931,5286,1.69,44.34%,51.68%,-0.295364,2026-08-18
NKE,40.06,2026-08-21,3,Call,40.00,+0.15%,0.53,0.55,0.58,13165,7834,1.68,32.97%,36.28%,0.52428,2026-08-18
MRVL,216,2026-08-28,10,Call,215.00,+0.46%,14.55,14.9,15,1686,1003,1.68,79.96%,99.70%,0.546345,2026-08-18
NBIS,248.43,2026-08-21,3,Call,285.00,-14.72%,0.95,1.05,1.1,1866,1110,1.68,93.21%,109.89%,0.092465,2026-08-18
MU,940.76,2026-08-24,6,Call,"1,100.00",-16.93%,0.95,1.05,1.18,1952,1162,1.68,65.12%,65.55%,0.035026,2026-08-18
MSTR,92.52,2026-09-18,31,Put,45.00,-51.36%,0.18,0.24,0.27,2447,1456,1.68,68.37%,126.98%,-0.016154,2026-08-18
NVDA,219.74,2026-08-21,3,Put,240.00,+9.22%,19.4,20.69,20.6,2635,1565,1.68,39.13%,67.56%,-0.921082,2026-08-18
WES,49.8,2027-02-19,185,Put,50.00,+0.40%,3.1,3.3,3.6,500,300,1.67,19.04%,20.57%,-0.507233,2026-08-18
OKTA,143.92,2026-09-18,31,Call,170.00,-18.12%,3.45,4.4,4.5,818,490,1.67,72.88%,71.24%,0.247212,2026-08-18
SPCX,143.34,2026-09-11,24,Call,140.00,+2.33%,10.95,10.85,11.5,1168,701,1.67,64.16%,64.14%,0.594884,2026-08-18
NOW,119.49,2026-08-21,3,Call,126.00,-5.45%,0.6,0.63,0.69,1203,719,1.67,51.63%,62.00%,0.181295,2026-08-18
EOSE,3.67,2026-09-11,24,Call,1.50,+59.13%,1.87,2.19,2.54,2340,1403,1.67,101.29%,221.33%,0.968874,2026-08-18
META,543.67,2026-09-11,24,Put,495.00,-8.95%,3.1,3.51,4.05,601,362,1.66,35.77%,35.57%,-0.13671,2026-08-18
TSM,413.41,2026-08-21,3,Put,412.50,-0.22%,4.65,5,5.2,722,436,1.66,34.68%,36.22%,-0.464328,2026-08-18
NTLA,11.6,2026-08-21,3,Call,10.00,+13.79%,1.1,1.5,2.2,1842,1109,1.66,72.32%,120.57%,0.921506,2026-08-18
SKHY,155.62,2026-08-21,3,Call,165.00,-6.03%,1.55,1.65,1.7,2002,1209,1.66,75.61%,85.50%,0.238071,2026-08-18
AMZN,259.45,2026-08-28,10,Call,260.00,-0.21%,4.75,4.88,4.95,3290,1986,1.66,28.50%,29.14%,0.50033,2026-08-18
MSTR,92.52,2026-08-21,3,Call,97.00,-4.84%,0.95,0.96,1,4299,2587,1.66,68.37%,76.52%,0.26019,2026-08-18
MSTR,92.52,2026-08-28,10,Call,100.00,-8.08%,1.7,1.72,1.73,6147,3702,1.66,68.37%,70.42%,0.274153,2026-08-18
CVNA,65,2026-08-21,3,Put,60.00,-7.69%,0.38,0.43,0.45,24222,14609,1.66,58.52%,88.40%,-0.148636,2026-08-18
CVX,205.74,2026-09-18,31,Call,185.00,+10.08%,20.55,20.75,21.35,8265,5007,1.65,25.09%,21.30%,0.958023,2026-08-18
SNDK,1625.78,2026-08-28,10,Put,"1,400.00",-13.89%,19.3,20.1,20.5,515,312,1.65,85.49%,92.58%,-0.144973,2026-08-18
NVDA,219.74,2026-08-19,1,Put,235.00,+6.94%,14.45,14.9,16.2,678,412,1.65,39.13%,65.98%,-0.973609,2026-08-18
NBIS,248.43,2026-08-28,10,Put,230.00,-7.42%,7.5,7.75,8.2,1149,697,1.65,93.21%,97.75%,-0.286818,2026-08-18
CRM,196.14,2026-09-18,31,Put,100.00,-49.02%,0.04,0.1,0.16,1324,804,1.65,49.42%,95.90%,-0.005265,2026-08-18
NBIS,248.43,2026-08-28,10,Call,280.00,-12.71%,5.85,6.07,6.15,1468,888,1.65,93.21%,99.65%,0.262089,2026-08-18
APP,307.26,2026-08-21,3,Put,292.50,-4.80%,1.25,1.2,1.6,1708,1036,1.65,53.60%,57.41%,-0.16424,2026-08-18
APLD,28.51,2026-09-18,31,Call,31.00,-8.73%,1.8,1.81,1.95,2004,1213,1.65,82.15%,84.71%,0.419545,2026-08-18
META,543.67,2026-08-24,6,Put,535.00,-1.59%,5.1,5.74,6,534,326,1.64,35.77%,33.88%,-0.343698,2026-08-18
FN,482.59,2026-08-21,3,Call,600.00,-24.33%,0.1,0.15,0.2,569,346,1.64,68.05%,101.45%,0.010224,2026-08-18
TSLA,336.87,2026-09-25,38,Call,335.00,+0.56%,18.95,19.16,19.6,596,364,1.64,40.16%,40.93%,0.554658,2026-08-18
NBIS,248.43,2026-08-28,10,Put,250.00,+0.63%,16,16.22,17.3,783,478,1.64,93.21%,97.16%,-0.481625,2026-08-18
IREN,42,2026-08-21,3,Put,40.50,-3.57%,0.69,0.77,0.92,1053,641,1.64,97.13%,96.29%,-0.321587,2026-08-18
NU,14.35,2026-08-28,10,Put,14.00,-2.44%,0.16,0.16,0.2,1197,732,1.64,35.24%,35.29%,-0.320398,2026-08-18
MU,940.76,2026-08-21,3,Put,960.00,+2.05%,33.6,35,36.2,1361,831,1.64,65.12%,70.50%,-0.61082,2026-08-18
AAL,14.05,2026-09-04,17,Put,13.50,-3.91%,0,0.26,0.28,1550,946,1.64,44.46%,29.50%,-0.252956,2026-08-18
NOW,119.49,2026-08-28,10,Call,125.00,-4.61%,2.09,2.28,2.59,1808,1105,1.64,51.63%,56.22%,0.334559,2026-08-18
CRWV,93.17,2026-08-21,3,Call,107.00,-14.84%,0.16,0.18,0.19,1818,1106,1.64,77.97%,92.60%,0.054457,2026-08-18
CRWV,93.17,2026-08-21,3,Call,108.00,-15.92%,0.1,0.17,0.23,2026,1233,1.64,77.97%,96.33%,0.050074,2026-08-18
BULL,7.93,2026-08-21,3,Put,8.00,+0.88%,0.36,0.38,0.39,3007,1828,1.64,69.37%,118.09%,-0.510508,2026-08-18
COIN,146.23,2026-08-21,3,Call,150.00,-2.58%,2.09,2.13,2.23,20574,12540,1.64,62.00%,69.67%,0.356887,2026-08-18
SNDK,1625.78,2026-08-21,3,Call,"2,000.00",-23.02%,1.3,1.35,1.35,8152,5013,1.63,85.49%,110.99%,0.022462,2026-08-18
NVDA,219.74,2026-08-21,3,Put,217.50,-1.02%,1.8,1.84,1.84,19048,11667,1.63,39.13%,35.65%,-0.366886,2026-08-18
PLTR,171.54,2026-08-21,3,Put,170.00,-0.90%,2.38,2.41,2.43,23072,14122,1.63,44.34%,50.76%,-0.411198,2026-08-18
SPCX,143.34,2026-08-28,10,Call,141.00,+1.63%,7.2,7.5,7.7,1003,615,1.63,64.16%,65.37%,0.585288,2026-08-18
META,543.67,2026-08-28,10,Put,500.00,-8.03%,1.48,1.56,1.63,1202,738,1.63,35.77%,39.38%,-0.091781,2026-08-18
NFLX,77.77,2028-12-15,850,Put,50.00,-35.71%,4,4.2,4.75,4010,2456,1.63,32.39%,42.31%,-0.130215,2026-08-18
TGT,152.48,2026-08-21,3,Put,135.00,-11.46%,0.44,0.46,0.46,4727,2894,1.63,40.37%,95.59%,-0.073648,2026-08-18
O,62.21,2028-01-21,521,Put,52.50,-15.61%,1.9,2.31,2.6,567,349,1.62,15.36%,23.88%,-0.199215,2026-08-18
EL,84.27,2026-08-21,3,Call,85.00,-0.87%,3.3,3.57,3.9,678,418,1.62,53.07%,129.07%,0.494418,2026-08-18
BIDU,90.87,2026-08-21,3,Put,94.00,+3.44%,3.7,3.81,4.15,1295,800,1.62,45.28%,59.83%,-0.723772,2026-08-18
AVGO,380,2026-11-20,94,Call,390.00,-2.63%,32.1,32.38,33.45,1333,823,1.62,49.32%,46.68%,0.516323,2026-08-18
CRWV,93.17,2026-08-21,3,Put,96.00,+3.04%,4.4,4.55,4.65,1675,1033,1.62,77.97%,85.10%,-0.635553,2026-08-18
ONDS,9.06,2026-12-18,122,Put,5.00,-44.81%,0.17,0.19,0.2,3551,2198,1.62,78.18%,87.30%,-0.073097,2026-08-18
COTY,2.74,2027-01-15,150,Put,2.00,-27.01%,0.1,0.13,0.2,3906,2404,1.62,90.63%,65.25%,-0.188431,2026-08-18
AS,33.62,2026-09-18,31,Call,37.50,-11.54%,0.55,0.55,0.65,6453,3985,1.62,44.91%,46.68%,0.238312,2026-08-18
ZTS,73.96,2026-12-18,122,Call,75.00,-1.41%,6.2,6.28,6.6,521,323,1.61,34.30%,40.00%,0.523186,2026-08-18
NBIS,248.43,2026-08-21,3,Put,255.00,+2.64%,12.6,12.8,13.5,1439,896,1.61,93.21%,103.79%,-0.590169,2026-08-18
TGT,152.48,2026-08-21,3,Put,130.00,-14.74%,0.15,0.18,0.19,2730,1700,1.61,40.37%,96.95%,-0.0315,2026-08-18
MARA,8.96,2026-08-21,3,Call,9.00,-0.45%,0.25,0.26,0.28,3786,2346,1.61,80.06%,87.26%,0.494816,2026-08-18
KLAR,15.06,2026-08-21,3,Put,15.50,+2.92%,0.65,0.7,0.8,4238,2633,1.61,54.59%,86.09%,-0.628274,2026-08-18
TSLA,336.87,2026-08-21,3,Put,340.00,+0.93%,6.9,7.1,7.1,13831,8595,1.61,40.16%,43.65%,-0.58249,2026-08-18
SNDK,1625.78,2026-08-21,3,Put,"1,530.00",-5.89%,19,19.8,20.7,675,422,1.6,85.49%,96.62%,-0.229623,2026-08-18
AMAT,514.33,2027-06-17,303,Put,500.00,-2.79%,94,97.05,102,818,510,1.6,57.35%,61.77%,-0.356415,2026-08-18
SPCX,143.34,2026-08-28,10,Put,136.00,-5.12%,3,3,3.15,841,527,1.6,64.16%,66.14%,-0.293633,2026-08-18
SPCX,143.34,2027-01-15,150,Call,215.00,-49.99%,7.1,7.65,7.35,1012,633,1.6,64.16%,66.70%,0.242747,2026-08-18
C,137.65,2026-08-21,3,Put,134.00,-2.65%,0.29,0.38,0.47,1092,682,1.6,26.58%,32.21%,-0.173601,2026-08-18
BIDU,90.87,2026-08-21,3,Put,95.00,+4.54%,4.45,4.75,4.95,2352,1468,1.6,45.28%,59.96%,-0.784681,2026-08-18
META,543.67,2026-08-21,3,Put,540.00,-0.68%,6.05,6.25,6.5,6260,3921,1.6,35.77%,40.99%,-0.418056,2026-08-18
ADI,376.63,2026-08-21,3,Put,330.00,-12.38%,0.45,0.55,0.55,502,316,1.59,47.10%,85.82%,-0.040913,2026-08-18
HUBS,226.24,2026-09-18,31,Call,400.00,-76.80%,0,0.1,1.7,552,347,1.59,65.26%,99.91%,0.035874,2026-08-18
MSTR,92.52,2028-01-21,521,Put,45.00,-51.36%,7.35,8.25,8.65,625,394,1.59,68.37%,86.76%,-0.104159,2026-08-18
AMPX,10.71,2028-06-16,668,Call,15.00,-40.06%,2.7,4.7,6.2,648,408,1.59,84.43%,95.87%,0.672181,2026-08-18
HIMS,27.39,2027-12-17,486,Call,75.00,-173.82%,2.35,3.55,4.2,682,428,1.59,66.54%,82.74%,0.301104,2026-08-18
CVNA,65,2026-08-28,10,Put,62.00,-4.62%,1.48,1.61,1.68,872,549,1.59,58.52%,68.07%,-0.314423,2026-08-18
QCOM,160.19,2027-02-19,185,Put,120.00,-25.09%,4.7,5.6,6,1010,636,1.59,42.92%,49.59%,-0.153286,2026-08-18
AMD,484.39,2026-11-20,94,Put,260.00,-46.32%,1.48,1.77,1.83,2157,1360,1.59,53.93%,68.44%,-0.023209,2026-08-18
ADM,82.45,2026-08-21,3,Call,80.00,+2.97%,2.35,2.65,2.8,3384,2126,1.59,28.87%,28.03%,0.885416,2026-08-18
AAL,14.05,2027-03-19,213,Put,14.00,-0.36%,1.77,1.85,1.92,4002,2510,1.59,44.46%,45.61%,-0.416635,2026-08-18
WMT,115.2,2026-08-21,3,Put,107.00,-7.12%,0.33,0.35,0.36,5421,3399,1.59,29.75%,66.01%,-0.102515,2026-08-18
INTC,96.68,2026-08-28,10,Call,100.00,-3.43%,2.78,2.9,2.95,7215,4560,1.58,63.58%,66.10%,0.402917,2026-08-18
WULF,15.62,2027-01-15,150,Call,21.00,-34.44%,1.95,1.96,2.16,579,366,1.58,89.25%,103.48%,0.38988,2026-08-18
CTSH,57.78,2026-09-18,31,Put,55.00,-4.81%,1.2,1.76,1.95,698,441,1.58,39.78%,42.30%,-0.318605,2026-08-18
NBIS,248.43,2026-08-28,10,Put,260.00,+4.66%,21.6,22.15,23.25,830,525,1.58,93.21%,96.19%,-0.579966,2026-08-18
TSM,413.41,2026-08-28,10,Call,445.00,-7.64%,1.08,1.38,1.48,1559,987,1.58,34.68%,35.33%,0.111905,2026-08-18
WHR,39.27,2026-08-21,3,Call,37.50,+4.51%,1.8,2.6,2.5,843,537,1.57,53.88%,75.39%,0.759397,2026-08-18
BULL,7.93,2026-08-28,10,Put,8.00,+0.88%,0.39,0.5,0.5,1085,692,1.57,69.37%,78.56%,-0.498643,2026-08-18
CRWV,93.17,2026-08-21,3,Put,87.00,-6.62%,0.77,0.82,0.87,1104,703,1.57,77.97%,90.11%,-0.188643,2026-08-18
SPCX,143.34,2026-08-21,3,Call,149.00,-3.95%,1.78,1.8,1.82,3799,2425,1.57,64.16%,75.62%,0.29932,2026-08-18
MRNA,62.96,2026-08-28,10,Call,80.00,-27.06%,0,0.15,0.2,501,322,1.56,65.68%,76.05%,0.033493,2026-08-18
AMD,484.39,2026-08-21,3,Call,545.00,-12.51%,0.24,0.31,0.36,876,562,1.56,53.93%,66.49%,0.0274,2026-08-18
ORCL,142.79,2026-08-21,3,Put,142.00,-0.55%,2.59,2.77,2.77,1363,875,1.56,68.34%,59.62%,-0.447249,2026-08-18
SKHY,155.62,2026-08-28,10,Call,190.00,-22.09%,0.8,0.85,0.9,1364,876,1.56,75.61%,84.69%,0.089024,2026-08-18
ACVA,7.63,2026-08-21,3,Put,7.50,-1.70%,0.05,0.35,0.35,2489,1598,1.56,74.69%,95.33%,-0.403229,2026-08-18
BIDU,90.87,2026-09-18,31,Call,125.00,-37.56%,0.05,0.22,0.28,3686,2366,1.56,45.28%,55.46%,0.030562,2026-08-18
MU,940.76,2026-08-28,10,Call,"1,100.00",-16.93%,4.8,4.91,5.1,4043,2597,1.56,65.12%,70.16%,0.100247,2026-08-18
ROST,236.38,2026-09-18,31,Put,230.00,-2.70%,6.1,6.1,8.8,622,401,1.55,38.73%,38.96%,-0.375859,2026-08-18
RIOT,18.91,2026-08-28,10,Call,19.00,-0.48%,0.99,1.02,1.05,746,481,1.55,87.09%,84.42%,0.517146,2026-08-18
HIMS,27.39,2026-08-28,10,Put,27.00,-1.42%,0.87,0.96,0.97,862,555,1.55,66.54%,62.13%,-0.421209,2026-08-18
BA,223.06,2026-08-21,3,Call,227.50,-1.99%,0.85,0.95,1.01,869,562,1.55,29.17%,31.43%,0.248998,2026-08-18
ACHR,6.32,2026-09-04,17,Call,6.00,+5.06%,0.51,0.53,0.59,998,645,1.55,68.70%,68.24%,0.669306,2026-08-18
GSM,4.16,2026-12-18,122,Call,4.00,+3.85%,0.35,0.8,0.95,1600,1033,1.55,52.23%,59.16%,0.618499,2026-08-18
XE,18.86,2026-10-16,59,Call,35.00,-85.58%,0.25,0.27,0.4,10191,6575,1.55,87.73%,103.26%,0.102517,2026-08-18
XYL,113.94,2026-09-18,31,Call,120.00,-5.32%,1.15,1.5,1.6,654,424,1.54,26.60%,26.21%,0.268673,2026-08-18
MU,940.76,2026-09-18,31,Call,"1,170.00",-24.37%,14.1,14.2,14.65,773,501,1.54,65.12%,67.62%,0.160467,2026-08-18
TSM,413.41,2026-08-28,10,Call,425.00,-2.80%,4.8,5.3,6.1,897,581,1.54,34.68%,36.49%,0.339205,2026-08-18
MU,940.76,2026-08-21,3,Put,920.00,-2.21%,14.8,15.2,15.85,2051,1331,1.54,65.12%,72.55%,-0.353438,2026-08-18
SPCX,143.34,2026-08-28,10,Put,144.00,+0.46%,6.5,6.53,6.7,549,358,1.53,64.16%,66.78%,-0.491704,2026-08-18
INTC,96.68,2026-08-28,10,Call,104.00,-7.57%,1.67,1.69,1.8,649,424,1.53,63.58%,67.18%,0.276644,2026-08-18
REAX,2.65,2026-10-16,59,Call,2.00,+24.53%,0.75,0.78,0.95,688,449,1.53,86.23%,120.96%,0.797926,2026-08-18
ASTS,67.07,2026-08-21,3,Call,72.00,-7.35%,0.55,0.64,0.64,970,634,1.53,78.04%,89.37%,0.202896,2026-08-18
KZIA,14.38,2026-09-18,31,Call,15.00,-4.31%,0.85,1.2,5,1002,654,1.53,183.96%,190.30%,0.581931,2026-08-18
SHEL,92.01,2026-10-16,59,Put,82.50,-10.34%,0.4,0.5,0.55,1118,729,1.53,22.13%,23.18%,-0.110093,2026-08-18
MSTR,92.52,2026-08-28,10,Call,110.00,-18.89%,0.5,0.53,0.64,2331,1521,1.53,68.37%,78.65%,0.104448,2026-08-18
MU,940.76,2026-08-21,3,Put,900.00,-4.33%,8.85,9.2,9.5,6898,4495,1.53,65.12%,73.30%,-0.240778,2026-08-18
WULF,15.62,2026-10-16,59,Call,22.00,-40.85%,0.56,0.61,0.69,8596,5602,1.53,89.25%,96.03%,0.215655,2026-08-18
NFLX,77.77,2026-08-21,3,Call,78.00,-0.30%,0.92,0.92,0.96,26098,17075,1.53,32.39%,36.93%,0.475058,2026-08-18
NVDA,219.74,2026-08-19,1,Put,222.50,+1.26%,3.2,3.46,3.35,8287,5445,1.52,39.13%,33.06%,-0.761142,2026-08-18
GOOGL,344.2,2026-08-19,1,Call,350.00,-1.69%,0.32,0.35,0.37,11417,7504,1.52,27.86%,28.48%,0.1341,2026-08-18
META,543.67,2028-12-15,850,Call,300.00,+44.82%,289.35,294,298,564,370,1.52,35.77%,49.01%,0.893113,2026-08-18
ARBE,0.814,2026-09-18,31,Call,1.0000,-22.85%,0.05,0.1,0.1,708,466,1.52,148.06%,142.97%,0.390465,2026-08-18
LOW,215.64,2026-08-21,3,Call,217.50,-0.86%,3.2,4,4.4,732,483,1.52,34.54%,59.51%,0.448181,2026-08-18
GM,83.71,2026-08-21,3,Put,82.00,-2.04%,0.31,0.39,0.47,878,578,1.52,30.04%,34.43%,-0.24719,2026-08-18
AXTI,82.31,2026-09-18,31,Call,85.00,-3.27%,10.1,11,11.1,1398,920,1.52,123.28%,121.88%,0.538201,2026-08-18
BMNR,18.28,2026-08-28,10,Call,19.00,-3.94%,0.57,0.62,0.62,2955,1939,1.52,72.46%,73.46%,0.401544,2026-08-18
TXN,272.24,2026-10-16,59,Call,320.00,-17.54%,3.65,4.18,4.7,553,367,1.51,39.54%,40.55%,0.185129,2026-08-18
SMTC,135.23,2026-10-16,59,Call,180.00,-33.11%,7.1,7.6,7.9,608,402,1.51,99.13%,92.63%,0.285816,2026-08-18
AAPL,310.03,2026-08-24,6,Call,317.50,-2.41%,1.02,1.1,1.19,639,424,1.51,24.19%,22.76%,0.216814,2026-08-18
META,543.67,2027-02-19,185,Put,500.00,-8.03%,37.65,37.5,38.45,776,513,1.51,35.77%,41.24%,-0.315453,2026-08-18
JNJ,271.11,2026-08-21,3,Call,275.00,-1.43%,1,0.92,1.19,1036,688,1.51,22.23%,26.09%,0.279288,2026-08-18
SMR,8.64,2026-08-21,3,Put,8.50,-1.62%,0.18,0.19,0.21,3624,2404,1.51,76.44%,83.91%,-0.398925,2026-08-18
BSX,50.47,2026-08-28,10,Put,49.00,-2.91%,0.2,0.4,0.75,803,534,1.5,35.68%,32.46%,-0.276519,2026-08-18
ENR,22.33,2026-08-21,3,Call,20.00,+10.43%,2.25,2.55,2.6,1448,965,1.5,38.12%,98.20%,0.899947,2026-08-18
SHOP,146.58,2026-09-18,31,Call,165.00,-12.57%,2,2.15,2.22,2123,1414,1.5,43.73%,44.89%,0.207392,2026-08-18
CPRT,31.51,2026-09-18,31,Call,35.00,-11.08%,0.25,0.65,0.65,3127,2087,1.5,45.28%,41.63%,0.217901,2026-08-18
TSLA,336.87,2026-08-21,3,Call,347.50,-3.16%,1.84,1.84,1.89,3732,2487,1.5,40.16%,45.51%,0.234174,2026-08-18
RKLB,79.16,2026-08-21,3,Call,89.00,-12.43%,0.18,0.24,0.36,705,474,1.49,76.62%,93.22%,0.090024,2026-08-18
EOSE,3.67,2026-08-28,10,Call,4.00,-8.99%,0.11,0.13,0.14,1096,738,1.49,101.29%,101.17%,0.335577,2026-08-18
HUT,80.79,2026-08-21,3,Put,70.00,-13.36%,0.13,0.29,0.44,1106,740,1.49,94.88%,113.39%,-0.073717,2026-08-18
CHKP,130.31,2026-08-21,3,Call,140.00,-7.44%,0.1,0.1,0.15,1271,851,1.49,35.78%,48.09%,0.05299,2026-08-18
BIDU,90.87,2027-06-17,303,Put,110.00,+21.05%,23.95,26.3,27.15,505,341,1.48,45.28%,44.70%,-0.597676,2026-08-18
LCID,5.77,2027-02-19,185,Call,9.00,-55.98%,0.22,0.49,0.71,556,375,1.48,80.42%,75.87%,0.303051,2026-08-18
SNOW,325.33,2026-08-21,3,Put,320.00,-1.64%,3.2,3.6,4.4,558,377,1.48,69.64%,52.55%,-0.35347,2026-08-18
B,42.09,2027-03-19,213,Put,37.00,-12.09%,3,3.1,3.25,614,414,1.48,43.46%,46.00%,-0.281152,2026-08-18
AAPL,310.03,2026-08-28,10,Call,327.50,-5.63%,0.55,0.65,0.63,775,522,1.48,24.19%,24.93%,0.099199,2026-08-18
SPOT,516.28,2026-08-21,3,Call,540.00,-4.59%,1.41,2.02,2,871,588,1.48,39.96%,46.94%,0.152126,2026-08-18
TSLA,336.87,2026-08-24,6,Put,340.00,+0.93%,7.85,8.01,8.25,902,609,1.48,40.16%,37.36%,-0.563524,2026-08-18
JBLU,5.04,2026-12-18,122,Put,3.00,-40.48%,0.1,0.11,0.15,1203,813,1.48,52.98%,83.31%,-0.089827,2026-08-18
RKLB,79.16,2026-10-16,59,Call,120.00,-51.59%,1.59,1.6,2,2114,1424,1.48,76.62%,84.32%,0.149141,2026-08-18
RGTI,17.71,2026-09-25,38,Call,24.00,-35.52%,0.09,0.4,0.7,3004,2033,1.48,74.87%,85.38%,0.170676,2026-08-18
PLTR,171.54,2026-08-28,10,Call,175.00,-2.02%,3.65,3.73,3.85,6760,4574,1.48,44.34%,45.74%,0.415744,2026-08-18
CLMT,50.81,2026-11-20,94,Call,40.00,+21.28%,11.6,11.8,14.1,519,352,1.47,58.62%,68.18%,0.7995,2026-08-18
AVGO,380,2027-09-17,395,Put,330.00,-13.16%,40.7,42.45,43.3,616,418,1.47,49.32%,47.50%,-0.277315,2026-08-18
TEM,49.36,2026-08-21,3,Call,52.00,-5.35%,0.27,0.4,0.49,668,454,1.47,59.82%,70.36%,0.217578,2026-08-18
SNDK,1625.78,2026-08-21,3,Call,"1,950.00",-19.94%,2.1,2.4,2.4,905,615,1.47,85.49%,108.70%,0.036493,2026-08-18
ASTS,67.07,2026-10-16,59,Put,30.00,-55.27%,0.09,0.1,0.16,924,628,1.47,78.04%,97.79%,-0.012006,2026-08-18
SPCX,143.34,2026-08-28,10,Call,144.00,-0.46%,5.95,6.13,6.15,1003,682,1.47,64.16%,66.53%,0.508922,2026-08-18
XE,18.86,2026-08-21,3,Put,20.00,+6.04%,1.25,1.42,1.55,2112,1437,1.47,87.73%,98.09%,-0.73024,2026-08-18
SKHY,155.62,2026-08-21,3,Call,162.50,-4.42%,2.1,2.19,2.25,3007,2043,1.47,75.61%,84.24%,0.299992,2026-08-18
INTC,96.68,2027-01-15,150,Put,62.50,-35.35%,2.56,2.66,2.74,3241,2206,1.47,63.58%,68.38%,-0.106902,2026-08-18
QCOM,160.19,2026-08-21,3,Call,167.50,-4.56%,0.55,0.53,0.61,4019,2739,1.47,42.92%,48.33%,0.160077,2026-08-18
SMCI,37.41,2026-08-21,3,Put,37.00,-1.10%,0.9,0.92,0.95,4892,3336,1.47,73.69%,83.45%,-0.425906,2026-08-18
SMCI,37.41,2026-09-04,17,Call,38.00,-1.58%,2.2,2.25,2.4,512,351,1.46,73.69%,78.85%,0.501215,2026-08-18
RKLB,79.16,2026-08-21,3,Call,79.00,+0.20%,2.4,2.55,2.61,716,490,1.46,76.62%,84.37%,0.527346,2026-08-18
CVX,205.74,2026-12-18,122,Call,135.00,+34.38%,68.75,70.1,72.1,725,496,1.46,25.09%,32.79%,0.994651,2026-08-18
EOSE,3.67,2026-08-28,10,Put,4.00,+8.99%,0.41,0.44,0.47,839,576,1.46,101.29%,95.94%,-0.676936,2026-08-18
IREN,42,2026-09-04,17,Call,55.00,-30.95%,0.57,0.76,0.82,1582,1083,1.46,97.13%,108.12%,0.151065,2026-08-18
CSCO,111.61,2026-08-21,3,Call,114.00,-2.14%,0.44,0.48,0.52,2439,1666,1.46,29.22%,33.00%,0.245836,2026-08-18
TSLA,336.87,2026-08-21,3,Put,322.50,-4.27%,0.97,0.98,1,3827,2617,1.46,40.16%,45.25%,-0.137867,2026-08-18
INTC,96.68,2026-09-11,24,Call,103.00,-6.54%,3.65,3.9,4.15,536,370,1.45,63.58%,63.83%,0.384899,2026-08-18
SKHY,155.62,2026-08-28,10,Call,160.00,-2.81%,5.9,6.19,6.2,695,478,1.45,75.61%,76.71%,0.441438,2026-08-18
NBIS,248.43,2027-01-15,150,Call,270.00,-8.68%,55.65,55.68,58.2,931,644,1.45,93.21%,100.98%,0.586849,2026-08-18
EL,84.27,2027-03-19,213,Put,75.00,-11.00%,5,6.22,7.6,1503,1036,1.45,53.07%,44.48%,-0.290954,2026-08-18
COIN,146.23,2026-08-28,10,Call,160.00,-9.42%,1.95,2.07,2.07,1792,1235,1.45,62.00%,66.76%,0.226567,2026-08-18
AMZN,259.45,2026-08-21,3,Call,237.50,+8.46%,21.75,22.38,22.45,1823,1259,1.45,28.50%,47.67%,0.980952,2026-08-18
INTC,96.68,2026-12-18,122,Put,82.50,-14.67%,7.3,7.4,7.5,2113,1461,1.45,63.58%,66.75%,-0.264698,2026-08-18
NVTS,13.17,2027-01-15,150,Put,13.00,-1.29%,2.99,3.05,3.3,2559,1768,1.45,94.48%,101.44%,-0.358873,2026-08-18
FIGR,35.52,2026-08-21,3,Call,33.50,+5.69%,2,2.19,3.2,637,441,1.44,82.07%,108.17%,0.741902,2026-08-18
NBIS,248.43,2026-08-21,3,Call,272.50,-9.69%,2.23,2.52,2.54,932,645,1.44,93.21%,108.28%,0.186731,2026-08-18
RDDT,158.25,2026-08-21,3,Put,157.50,-0.47%,3.15,3.32,3.6,973,674,1.44,56.59%,65.83%,-0.454788,2026-08-18
IONQ,44.12,2027-03-19,213,Call,45.00,-1.99%,9.75,11.45,12.5,1051,729,1.44,77.35%,83.71%,0.627508,2026-08-18
BMNR,18.28,2026-08-28,10,Call,18.50,-1.20%,0.79,0.79,0.82,1518,1051,1.44,72.46%,74.43%,0.488826,2026-08-18
EL,84.27,2026-08-21,3,Put,85.00,+0.87%,4,4.3,4.6,573,402,1.43,53.07%,128.51%,-0.505795,2026-08-18
MU,940.76,2026-08-21,3,Call,995.00,-5.77%,6.9,7.2,7.2,605,424,1.43,65.12%,72.66%,0.207922,2026-08-18
CENX,45.66,2026-08-21,3,Put,45.00,-1.45%,0.85,1,1.1,1033,720,1.43,59.68%,78.26%,-0.403663,2026-08-18
FCEL,21.7,2026-09-18,31,Call,25.00,-15.21%,1.85,2.01,2.1,1719,1201,1.43,125.25%,124.17%,0.420106,2026-08-18
FRMI,5.74,2026-09-18,31,Call,6.00,-4.53%,0.55,0.61,0.75,1959,1372,1.43,104.37%,112.73%,0.515546,2026-08-18
IREN,42,2026-08-21,3,Put,39.50,-5.95%,0.47,0.51,0.57,654,462,1.42,97.13%,97.82%,-0.229817,2026-08-18
HL,17.95,2026-08-21,3,Put,18.00,+0.28%,0.36,0.45,0.48,1428,1004,1.42,62.63%,61.07%,-0.507325,2026-08-18
BA,223.06,2026-11-20,94,Call,260.00,-16.56%,3.65,4.1,4.2,2237,1577,1.42,29.17%,33.01%,0.202242,2026-08-18
SPCX,143.34,2026-08-21,3,Put,134.00,-6.52%,0.73,0.75,0.76,3191,2247,1.42,64.16%,73.44%,-0.146971,2026-08-18
INTC,96.68,2026-08-28,10,Call,115.00,-18.95%,0.37,0.39,0.43,8213,5789,1.42,63.58%,71.46%,0.080682,2026-08-18
AAPL,310.03,2026-08-21,3,Call,315.00,-1.60%,1.21,1.25,1.32,35242,24902,1.42,24.19%,27.59%,0.270034,2026-08-18
SMCI,37.41,2026-08-21,3,Call,38.00,-1.58%,0.87,0.89,0.9,8917,6311,1.41,73.69%,84.46%,0.435569,2026-08-18
INTC,96.68,2026-08-28,10,Put,97.00,+0.33%,4.15,4.33,4.5,542,384,1.41,63.58%,65.79%,-0.487677,2026-08-18
NBIS,248.43,2026-09-04,17,Put,200.00,-19.49%,3.55,3.8,3.8,754,533,1.41,93.21%,98.01%,-0.12751,2026-08-18
AMZN,259.45,2026-08-28,10,Call,255.00,+1.72%,7.45,8,7.9,861,612,1.41,28.50%,29.30%,0.655991,2026-08-18
CRWV,93.17,2026-08-21,3,Put,88.00,-5.55%,1,1.05,1.07,1013,718,1.41,77.97%,89.43%,-0.227216,2026-08-18
XYZ,79.43,2026-12-18,122,Call,90.00,-13.31%,4.2,4.95,4.75,1138,807,1.41,36.02%,43.20%,0.373025,2026-08-18
NVDA,219.74,2026-08-21,3,Put,232.50,+5.81%,12.6,13.21,13,1160,823,1.41,39.13%,32.51%,-0.974825,2026-08-18
ORCL,142.79,2026-08-21,3,Put,132.00,-7.56%,0.23,0.28,0.34,1210,857,1.41,68.34%,62.14%,-0.076939,2026-08-18
TSLA,336.87,2026-08-28,10,Put,335.00,-0.56%,7.95,8,8.15,1342,952,1.41,40.16%,41.01%,-0.449199,2026-08-18
HD,337.49,2026-08-21,3,Call,345.00,-2.23%,1.41,1.68,1.7,1772,1256,1.41,25.84%,34.85%,0.248668,2026-08-18
GLW,159.9,2026-10-16,59,Put,135.00,-15.57%,5.7,6.1,6.45,2039,1442,1.41,65.92%,66.59%,-0.216919,2026-08-18
TSLA,336.87,2026-08-28,10,Call,335.00,+0.56%,10.2,10.16,10.7,2219,1571,1.41,40.16%,41.99%,0.551389,2026-08-18
TGT,152.48,2026-08-21,3,Put,140.00,-8.18%,1.07,1.14,1.26,2386,1690,1.41,40.37%,98.10%,-0.157341,2026-08-18
SPCX,143.34,2026-08-21,3,Put,137.00,-4.42%,1.32,1.3,1.36,3488,2479,1.41,64.16%,72.69%,-0.23468,2026-08-18
CVX,205.74,2026-08-28,10,Call,205.00,+0.36%,3,3.2,3.25,650,465,1.4,25.09%,20.17%,0.549827,2026-08-18
META,543.67,2026-09-04,17,Call,570.00,-4.84%,8,8.24,8.4,942,674,1.4,35.77%,37.94%,0.302073,2026-08-18
NTLA,11.6,2028-01-21,521,Put,10.00,-13.79%,2.7,3.5,5.2,1002,718,1.4,72.32%,104.07%,-0.221986,2026-08-18
GOOG,341.28,2026-08-21,3,Put,327.50,-4.04%,0.34,0.33,0.37,1254,896,1.4,28.31%,32.49%,-0.077439,2026-08-18
CRWV,93.17,2026-08-21,3,Put,98.00,+5.18%,5.65,5.55,6.1,1356,970,1.4,77.97%,82.51%,-0.737641,2026-08-18
CRWV,93.17,2026-08-21,3,Put,93.00,-0.18%,2.77,2.85,2.89,1651,1182,1.4,77.97%,86.96%,-0.473814,2026-08-18
TSLA,336.87,2026-08-21,3,Call,332.50,+1.30%,7.8,7.85,8.3,2481,1774,1.4,40.16%,45.70%,0.634245,2026-08-18
SNDK,1625.78,2026-08-21,3,Put,"1,690.00",+3.95%,91.8,98.2,97.1,507,365,1.39,85.49%,95.06%,-0.656946,2026-08-18
SNDK,1625.78,2026-08-21,3,Call,"1,730.00",-6.41%,21.2,22.4,22.1,604,434,1.39,85.49%,98.49%,0.258491,2026-08-18
RDDT,158.25,2026-08-21,3,Put,162.50,+2.69%,5.55,6.25,6.7,625,451,1.39,56.59%,62.78%,-0.667725,2026-08-18
AAOI,131.41,2026-12-18,122,Call,140.00,-6.54%,30,31.3,32.2,1012,727,1.39,107.55%,112.60%,0.597916,2026-08-18
SPCX,143.34,2026-08-28,10,Put,141.00,-1.63%,5,5.05,5.15,1157,830,1.39,64.16%,66.43%,-0.416006,2026-08-18
SPCX,143.34,2026-09-04,17,Call,175.00,-22.09%,1.06,1.13,1.17,1491,1070,1.39,64.16%,70.88%,0.111756,2026-08-18
ON,79.42,2027-01-15,150,Call,110.00,-38.50%,3.75,4.19,5.35,533,386,1.38,57.99%,62.07%,0.280952,2026-08-18
NBIS,248.43,2026-08-21,3,Put,237.50,-4.40%,4.9,4.87,5.5,634,461,1.38,93.21%,110.74%,-0.308189,2026-08-18
NBIS,248.43,2026-08-21,3,Put,247.50,-0.37%,9,8.9,9.25,968,704,1.38,93.21%,107.27%,-0.464259,2026-08-18
MBLY,8.87,2028-01-21,521,Put,10.00,+12.74%,1,3.24,4.55,1236,896,1.38,53.13%,55.92%,-0.425697,2026-08-18
GOOGL,344.2,2026-08-19,1,Put,345.00,+0.23%,2.34,2.48,2.53,1506,1092,1.38,27.86%,28.15%,-0.557777,2026-08-18
KODK,9.82,2026-08-21,3,Call,10.00,-1.83%,0.15,0.18,0.4,2607,1896,1.38,61.65%,99.53%,0.439233,2026-08-18
SMR,8.64,2026-08-21,3,Call,9.00,-4.17%,0.12,0.13,0.13,5856,4235,1.38,76.44%,83.56%,0.309544,2026-08-18
PLTR,171.54,2026-08-21,3,Call,177.50,-3.47%,1.02,1.04,1.06,7912,5792,1.37,44.34%,49.94%,0.234162,2026-08-18
BHC,6.93,2026-08-21,3,Call,7.00,-1.01%,0.05,0.1,0.15,598,438,1.37,43.92%,55.95%,0.409711,2026-08-18
SKHY,155.62,2026-08-28,10,Call,170.00,-9.24%,3.1,3.2,3.3,718,525,1.37,75.61%,79.00%,0.273257,2026-08-18
AMD,484.39,2027-06-17,303,Put,470.00,-2.97%,86.45,90.21,88.9,738,538,1.37,53.93%,59.55%,-0.357353,2026-08-18
INTC,96.68,2026-08-19,1,Put,99.00,+2.40%,2.63,2.77,2.94,800,586,1.37,63.58%,64.76%,-0.751618,2026-08-18
CMCSA,26.2,2028-12-15,850,Call,27.00,-3.05%,3.75,5,7.05,1256,914,1.37,31.89%,40.13%,0.553289,2026-08-18
APLD,28.51,2026-08-21,3,Put,28.50,-0.04%,0.96,1.05,1.15,1400,1024,1.37,82.15%,103.23%,-0.47881,2026-08-18
AAPL,310.03,2026-08-28,10,Call,307.50,+0.82%,6.5,6.6,6.95,1490,1091,1.37,24.19%,25.53%,0.59336,2026-08-18
TGT,152.48,2026-08-21,3,Call,170.00,-11.49%,0.52,0.55,0.62,2523,1848,1.37,40.37%,90.51%,0.099561,2026-08-18
NBIS,248.43,2026-10-16,59,Call,340.00,-36.86%,12.5,15.25,15.8,512,376,1.36,93.21%,98.37%,0.280766,2026-08-18
ONDS,9.06,2026-09-11,24,Call,11.50,-26.93%,0.13,0.16,0.2,539,397,1.36,78.18%,86.37%,0.169697,2026-08-18
CVNA,65,2026-08-21,3,Put,63.50,-2.31%,1.07,0.95,1.27,599,440,1.36,58.52%,78.75%,-0.357057,2026-08-18
SNDK,1625.78,2026-08-21,3,Call,"2,150.00",-32.24%,0.3,0.45,0.6,696,510,1.36,85.49%,124.19%,0.007702,2026-08-18
ARM,253.32,2026-08-21,3,Call,260.00,-2.64%,4.5,4.83,5.1,697,512,1.36,69.38%,82.47%,0.379503,2026-08-18
NOW,119.49,2026-08-21,3,Call,123.00,-2.94%,1.19,1.25,1.28,811,595,1.36,51.63%,59.60%,0.307354,2026-08-18
AMD,484.39,2026-09-04,17,Put,420.00,-13.29%,3,3.85,3.8,847,623,1.36,53.93%,57.57%,-0.110738,2026-08-18
GOOGL,344.2,2026-08-21,3,Call,342.50,+0.49%,4.6,4.75,5,1323,976,1.36,27.86%,30.90%,0.579522,2026-08-18
NBIS,248.43,2026-08-28,10,Put,200.00,-19.49%,1.76,1.75,1.85,2342,1727,1.36,93.21%,102.92%,-0.086359,2026-08-18
SMCI,37.41,2026-08-28,10,Put,35.00,-6.44%,0.84,0.86,0.9,2413,1778,1.36,73.69%,77.02%,-0.276616,2026-08-18
NFLX,77.77,2026-11-20,94,Call,115.00,-47.87%,0.18,0.38,0.44,3545,2603,1.36,32.39%,42.42%,0.04814,2026-08-18
HIMS,27.39,2027-12-17,486,Call,90.00,-228.59%,2.31,2.85,3.15,3916,2882,1.36,66.54%,85.53%,0.25554,2026-08-18
NBIS,248.43,2026-08-21,3,Call,280.00,-12.71%,1.35,1.52,1.52,4815,3553,1.36,93.21%,108.92%,0.123203,2026-08-18
BAC,64.23,2026-08-21,3,Put,63.00,-1.91%,0.11,0.13,0.13,7909,5834,1.36,19.81%,22.66%,-0.168884,2026-08-18
TRIP,10.23,2026-09-25,38,Call,2.00,+80.45%,7.9,8.2,9.1,601,446,1.35,40.05%,407.37%,0.971416,2026-08-18
VRT,272.54,2026-08-21,3,Put,255.00,-6.44%,1.16,1.2,1.38,694,513,1.35,58.49%,70.19%,-0.139746,2026-08-18
AAPL,310.03,2026-08-24,6,Call,325.00,-4.83%,0.21,0.27,0.32,928,689,1.35,24.19%,23.77%,0.064969,2026-08-18
QBTS,19.53,2027-03-19,213,Call,25.00,-28.01%,3.05,3.73,4.45,1011,747,1.35,80.21%,89.83%,0.506833,2026-08-18
STM,52.27,2026-09-18,31,Call,55.00,-5.22%,2.25,2.3,2.45,1523,1128,1.35,56.07%,56.15%,0.415425,2026-08-18
INTC,96.68,2026-09-04,17,Call,110.00,-13.78%,1.41,1.56,1.69,2580,1916,1.35,63.58%,67.12%,0.209377,2026-08-18
CRML,6.15,2026-09-18,31,Call,7.50,-21.95%,0.2,0.2,0.35,3656,2707,1.35,104.61%,96.74%,0.290534,2026-08-18
TSLA,336.87,2026-08-28,10,Call,360.00,-6.87%,2.4,2.43,2.46,4246,3146,1.35,40.16%,43.19%,0.189596,2026-08-18
HAL,34.66,2026-08-28,10,Call,35.00,-0.98%,0.55,0.57,0.74,558,416,1.34,32.66%,34.66%,0.446682,2026-08-18
NBIS,248.43,2026-08-28,10,Put,240.00,-3.39%,11.1,11.3,12.25,728,545,1.34,93.21%,97.00%,-0.381899,2026-08-18
PLUG,2.16,2026-10-02,45,Call,2.50,-15.74%,0.14,0.14,0.18,738,551,1.34,77.22%,91.37%,0.389329,2026-08-18
MU,940.76,2026-08-21,3,Put,970.00,+3.11%,39.8,42.95,42.8,998,747,1.34,65.12%,69.70%,-0.673541,2026-08-18
NTLA,11.6,2028-01-21,521,Call,10.00,+13.79%,5.3,5.4,8,1011,753,1.34,72.32%,119.54%,0.804718,2026-08-18
NVDA,219.74,2026-08-31,13,Call,230.00,-4.67%,3.5,3.5,3.6,1638,1220,1.34,39.13%,44.44%,0.312452,2026-08-18
INTC,96.68,2026-08-28,10,Put,85.00,-12.08%,0.63,0.67,0.7,2438,1820,1.34,63.58%,69.09%,-0.116941,2026-08-18
TSLA,336.87,2026-08-21,3,Call,345.00,-2.41%,2.43,2.42,2.47,19888,14881,1.34,40.16%,45.16%,0.28952,2026-08-18
AAPL,310.03,2026-08-21,3,Call,317.50,-2.41%,0.7,0.7,0.78,10665,8036,1.33,24.19%,27.72%,0.177697,2026-08-18
CRWV,93.17,2026-08-28,10,Call,98.00,-5.18%,3,3.05,3.2,583,440,1.33,77.97%,81.28%,0.381668,2026-08-18
XOM,165.56,2026-08-28,10,Call,167.50,-1.17%,2.25,2.35,2.44,598,449,1.33,28.15%,29.12%,0.416188,2026-08-18
DNUT,3.24,2026-08-21,3,Call,1.50,+53.70%,1.6,1.7,1.9,600,452,1.33,73.51%,452.39%,0.981274,2026-08-18
CRWV,93.17,2026-08-21,3,Put,89.00,-4.48%,1.25,1.3,1.36,1301,980,1.33,77.97%,89.24%,-0.271016,2026-08-18
BIDU,90.87,2028-01-21,521,Put,90.00,-0.96%,15,16.59,16.8,1442,1085,1.33,45.28%,43.86%,-0.36635,2026-08-18
SPCX,143.34,2026-08-28,10,Put,145.00,+1.16%,6.9,7.08,7.25,3052,2297,1.33,64.16%,66.01%,-0.51747,2026-08-18
SNDK,1625.78,2026-08-28,10,Call,"1,850.00",-13.79%,29.3,29.93,31.4,504,382,1.32,85.49%,93.18%,0.225352,2026-08-18
NVDA,219.74,2026-08-24,6,Put,222.50,+1.26%,4.7,4.95,4.85,780,592,1.32,39.13%,28.96%,-0.620959,2026-08-18
MSFT,481.63,2027-01-15,150,Put,435.00,-9.68%,15.65,16.1,16.65,1180,896,1.32,26.18%,31.20%,-0.253411,2026-08-18
CSCO,111.61,2026-11-20,94,Call,125.00,-12.00%,3.45,3.74,3.85,2433,1845,1.32,29.22%,35.83%,0.307735,2026-08-18
NBIS,248.43,2026-08-28,10,Call,300.00,-20.76%,2.8,3,3.2,2788,2118,1.32,93.21%,101.13%,0.149791,2026-08-18
CVNA,65,2026-08-21,3,Call,68.00,-4.62%,0.54,0.7,0.78,3056,2309,1.32,58.52%,73.37%,0.260867,2026-08-18
NKE,40.06,2026-08-21,3,Call,39.50,+1.40%,0.85,0.85,0.89,5609,4246,1.32,32.97%,37.94%,0.664725,2026-08-18
NVDA,219.74,2026-08-24,6,Call,225.00,-2.39%,1.37,1.4,1.4,11809,8965,1.32,39.13%,29.43%,0.27616,2026-08-18
TSLA,336.87,2026-08-21,3,Call,350.00,-3.90%,1.4,1.4,1.45,27869,21184,1.32,40.16%,46.15%,0.187846,2026-08-18
BAC,64.23,2026-10-16,59,Put,62.50,-2.69%,1.57,1.61,1.64,7483,5724,1.31,19.81%,24.10%,-0.35985,2026-08-18
VLO,350.05,2026-08-28,10,Put,325.00,-7.16%,1.15,2.1,2.55,543,413,1.31,43.01%,43.31%,-0.140109,2026-08-18
DFTX,46.18,2026-08-21,3,Call,44.00,+4.72%,2.2,2.47,4,550,419,1.31,83.46%,110.11%,0.704505,2026-08-18
BE,209.01,2026-08-21,3,Put,177.50,-15.08%,0.38,0.45,0.49,585,447,1.31,90.16%,111.66%,-0.04769,2026-08-18
META,543.67,2026-08-21,3,Call,582.50,-7.14%,0.56,0.6,0.63,686,525,1.31,35.77%,47.95%,0.059491,2026-08-18
SPCX,143.34,2026-08-28,10,Put,142.00,-0.93%,5.5,5.45,5.65,710,541,1.31,64.16%,66.73%,-0.441344,2026-08-18
CSX,50.24,2026-09-18,31,Put,50.00,-0.48%,1.15,1.1,1.3,1559,1192,1.31,22.47%,23.84%,-0.448729,2026-08-18
META,543.67,2026-08-28,10,Put,540.00,-0.68%,10.95,11.41,11.6,1566,1195,1.31,35.77%,36.98%,-0.439148,2026-08-18
AMD,484.39,2026-08-21,3,Put,475.00,-1.94%,6,6.18,6.4,2329,1784,1.31,53.93%,59.18%,-0.345864,2026-08-18
CRWV,93.17,2026-08-28,10,Call,120.00,-28.80%,0.23,0.25,0.26,2503,1916,1.31,77.97%,86.96%,0.046555,2026-08-18
AAPL,310.03,2026-08-21,3,Put,302.50,-2.43%,0.6,0.66,0.7,4266,3260,1.31,24.19%,27.64%,-0.157772,2026-08-18
NBIS,248.43,2026-08-21,3,Put,240.00,-3.39%,5.75,5.8,6.2,4916,3759,1.31,93.21%,109.12%,-0.344187,2026-08-18
SPCX,143.34,2026-08-28,10,Call,192.50,-34.30%,0.14,0.14,0.17,522,402,1.3,64.16%,84.94%,0.021702,2026-08-18
YSS,10.42,2026-09-18,31,Put,7.50,-28.02%,0.05,0.15,0.25,551,423,1.3,100.96%,97.62%,-0.095405,2026-08-18
AVGO,380,2026-08-28,10,Call,385.00,-1.32%,7.8,8.1,8.7,597,459,1.3,49.32%,41.32%,0.442204,2026-08-18
LOW,215.64,2026-08-21,3,Call,225.00,-4.34%,1.2,1.6,2.1,615,473,1.3,34.54%,62.63%,0.236325,2026-08-18
META,543.67,2026-08-28,10,Put,525.00,-3.43%,5.6,5.86,6,671,517,1.3,35.77%,37.46%,-0.271875,2026-08-18
META,543.67,2026-09-18,31,Put,485.00,-10.79%,3.85,3.94,4.1,767,590,1.3,35.77%,37.17%,-0.128803,2026-08-18
BA,223.06,2026-08-28,10,Call,230.00,-3.11%,1.71,1.96,2.15,964,743,1.3,29.17%,30.70%,0.281532,2026-08-18
TRLV,9.69,2026-10-16,59,Call,10.00,-3.20%,1.2,1.3,1.4,1038,796,1.3,93.83%,90.81%,0.54487,2026-08-18
RDDT,158.25,2026-08-21,3,Put,152.50,-3.63%,1.53,1.57,1.68,1046,804,1.3,56.59%,68.06%,-0.262704,2026-08-18
BABA,128.15,2026-08-21,3,Call,133.00,-3.78%,2.42,2.46,2.48,1080,831,1.3,46.81%,94.50%,0.348037,2026-08-18
SPCX,143.34,2026-08-28,10,Call,152.50,-6.39%,3.05,3.16,3.2,1090,836,1.3,64.16%,68.54%,0.315409,2026-08-18
KSS,18.7,2026-08-21,3,Call,19.00,-1.60%,0.23,0.46,0.59,1615,1246,1.3,73.19%,80.17%,0.427875,2026-08-18
CRWV,93.17,2026-08-28,10,Put,90.00,-3.40%,3.15,3.35,3.55,1639,1262,1.3,77.97%,79.49%,-0.368716,2026-08-18
META,543.67,2026-08-21,3,Put,630.00,+15.88%,84.75,85.59,88.1,2198,1697,1.3,35.77%,72.90%,-0.987793,2026-08-18
NBIS,248.43,2026-08-21,3,Put,230.00,-7.42%,2.91,2.9,3.1,4324,3330,1.3,93.21%,110.27%,-0.205027,2026-08-18
MRVL,216,2026-12-18,122,Put,110.00,-49.07%,2.28,2.5,2.58,1119,869,1.29,79.96%,82.67%,-0.046984,2026-08-18
EOSE,3.67,2026-08-28,10,Put,3.50,-4.63%,0.13,0.14,0.15,1122,869,1.29,101.29%,91.22%,-0.346328,2026-08-18
MSFT,481.63,2026-08-21,3,Put,477.50,-0.86%,3.2,3.55,3.65,1908,1475,1.29,26.18%,30.41%,-0.369349,2026-08-18
CRWV,93.17,2026-08-21,3,Call,106.00,-13.77%,0.19,0.21,0.24,2137,1659,1.29,77.97%,91.55%,0.065604,2026-08-18
NFLX,77.77,2026-08-28,10,Call,77.00,+0.99%,2.11,2.13,2.19,2358,1834,1.29,32.39%,33.16%,0.589749,2026-08-18
NVDA,219.74,2026-08-24,6,Put,215.00,-2.16%,1.53,1.61,1.58,3012,2337,1.29,39.13%,31.03%,-0.281101,2026-08-18
CVNA,65,2026-09-18,31,Put,60.00,-7.69%,2.26,2.34,2.38,6866,5314,1.29,58.52%,61.21%,-0.290139,2026-08-18
NFLX,77.77,2026-08-21,3,Put,77.00,-0.99%,0.63,0.65,0.65,7209,5586,1.29,32.39%,35.21%,-0.368563,2026-08-18
SOFI,17.66,2026-12-18,122,Call,23.00,-30.24%,0.79,0.79,0.81,9438,7289,1.29,46.00%,55.81%,0.268417,2026-08-18
NXE,10.26,2026-09-18,31,Call,11.00,-7.21%,0.45,0.48,0.5,9948,7770,1.28,61.10%,63.11%,0.39373,2026-08-18
NVDA,219.74,2026-08-21,3,Call,225.00,-2.39%,0.94,0.94,0.97,57495,44804,1.28,39.13%,35.15%,0.236288,2026-08-18
MSFT,481.63,2026-08-21,3,Call,492.50,-2.26%,1.08,1.17,1.25,930,724,1.28,26.18%,26.77%,0.184583,2026-08-18
NKE,40.06,2026-08-28,10,Call,39.50,+1.40%,1.14,1.45,1.22,1071,838,1.28,32.97%,33.31%,0.610321,2026-08-18
BE,209.01,2026-08-28,10,Call,270.00,-29.18%,0.75,0.84,1.13,1075,838,1.28,90.16%,97.70%,0.067294,2026-08-18
DIS,103.95,2026-08-21,3,Put,103.00,-0.91%,0.5,0.52,0.58,1122,875,1.28,23.21%,25.17%,-0.33855,2026-08-18
CRWD,212.92,2026-08-21,3,Call,235.00,-10.37%,0.1,0.14,0.18,3181,2483,1.28,59.94%,57.98%,0.03251,2026-08-18
INTC,96.68,2026-09-25,38,Put,85.00,-12.08%,2.77,2.95,3.1,541,426,1.27,63.58%,63.83%,-0.228792,2026-08-18
DVN,47.83,2027-06-17,303,Call,60.00,-25.44%,2.43,2.75,2.91,546,429,1.27,35.17%,36.42%,0.30769,2026-08-18
CRWV,93.17,2026-09-11,24,Put,70.00,-24.87%,0.51,0.64,0.69,629,497,1.27,77.97%,80.05%,-0.065984,2026-08-18
META,543.67,2027-06-17,303,Put,470.00,-13.55%,39.05,39.27,40,632,498,1.27,35.77%,41.43%,-0.261852,2026-08-18
XYZ,79.43,2028-01-21,521,Put,65.00,-18.17%,7.95,7.95,9.05,657,517,1.27,36.02%,47.62%,-0.238678,2026-08-18
CRWV,93.17,2026-08-21,3,Put,86.00,-7.70%,0.58,0.56,0.67,665,524,1.27,77.97%,89.95%,-0.152414,2026-08-18
META,543.67,2026-08-28,10,Call,590.00,-8.52%,2,2.08,2.1,831,652,1.27,35.77%,40.23%,0.118642,2026-08-18
GME,17.95,2026-08-28,10,Put,18.00,+0.28%,0.3,0.39,0.47,989,780,1.27,46.42%,29.35%,-0.522098,2026-08-18
NOW,119.49,2026-08-21,3,Call,127.00,-6.29%,0.48,0.5,0.56,1062,839,1.27,51.63%,63.00%,0.150671,2026-08-18
INTC,96.68,2026-08-24,6,Put,90.00,-6.91%,0.65,0.66,0.75,1385,1091,1.27,63.58%,60.91%,-0.16787,2026-08-18
COHR,306.43,2026-08-21,3,Call,360.00,-17.48%,0.3,0.4,0.55,2096,1654,1.27,78.37%,98.61%,0.039702,2026-08-18
BE,209.01,2026-08-21,3,Call,225.00,-7.65%,2.14,2.15,2.29,2253,1781,1.27,90.16%,98.11%,0.217388,2026-08-18
QCOM,160.19,2026-10-16,59,Put,160.00,-0.12%,10.8,11.53,11.75,4064,3191,1.27,42.92%,45.14%,-0.456116,2026-08-18
F,13.93,2026-08-21,3,Call,13.00,+6.68%,0.89,0.97,1.03,571,452,1.26,29.80%,57.71%,0.910842,2026-08-18
LZB,40.83,2026-08-21,3,Put,35.00,-14.28%,0.35,0.39,0.5,618,491,1.26,51.67%,162.68%,-0.131519,2026-08-18
CBRS,220.01,2026-08-21,3,Put,225.00,+2.27%,11.9,12.78,13.3,641,509,1.26,95.57%,123.61%,-0.556489,2026-08-18
BYND,12.74,2026-08-21,3,Call,12.00,+5.81%,0.9,0.9,1.1,655,518,1.26,121.70%,123.08%,0.72402,2026-08-18
IBM,232.67,2026-08-21,3,Call,242.50,-4.22%,0.44,0.54,0.52,771,612,1.26,33.44%,38.48%,0.121588,2026-08-18
AMAT,514.33,2026-08-21,3,Call,510.00,+0.84%,13.1,13.79,15.2,800,635,1.26,57.35%,63.63%,0.571406,2026-08-18
META,543.67,2026-09-18,31,Call,550.00,-1.16%,20.4,20.45,20.95,1680,1333,1.26,35.77%,36.23%,0.487834,2026-08-18
AMZN,259.45,2026-08-21,3,Put,267.50,+3.10%,8.05,8.45,8.9,1975,1562,1.26,28.50%,30.14%,-0.865575,2026-08-18
SHOP,146.58,2026-09-18,31,Call,155.00,-5.74%,4.35,4.55,4.6,2060,1640,1.26,43.73%,44.66%,0.366942,2026-08-18
TSLA,336.87,2026-09-18,31,Put,450.00,+33.58%,111.95,113.85,114.25,2147,1704,1.26,40.16%,60.43%,-0.94837,2026-08-18
META,543.67,2026-10-16,59,Put,410.00,-24.59%,1.2,1.23,1.44,581,465,1.25,35.77%,41.26%,-0.034824,2026-08-18
MCHP,78.19,2026-12-18,122,Put,67.50,-13.67%,4.4,5.14,5,586,469,1.25,47.59%,55.24%,-0.261617,2026-08-18
DHT,19.31,2026-09-18,31,Put,17.00,-11.96%,0.15,0.18,0.25,608,487,1.25,39.93%,42.75%,-0.150944,2026-08-18
AVGO,380,2026-09-04,17,Call,400.00,-5.26%,10.35,10.6,11.2,1284,1028,1.25,49.32%,56.48%,0.363561,2026-08-18
NEM,115.98,2026-10-16,59,Call,135.00,-16.40%,2.35,2.75,2.75,1936,1545,1.25,42.53%,44.38%,0.230421,2026-08-18
BABA,128.15,2026-08-21,3,Call,128.00,+0.12%,4.25,4.35,4.4,2325,1853,1.25,46.81%,91.74%,0.522247,2026-08-18
RKLB,79.16,2026-08-21,3,Put,85.00,+7.38%,5.75,6.75,6.75,2928,2345,1.25,76.62%,75.15%,-0.843701,2026-08-18
META,543.67,2026-08-21,3,Put,520.00,-4.35%,1.1,1.22,1.3,4688,3736,1.25,35.77%,42.06%,-0.116468,2026-08-18
RBLX,37.67,2028-01-21,521,Call,70.00,-85.82%,5.25,6.19,6.35,504,406,1.24,55.48%,69.10%,0.39447,2026-08-18
HUT,80.79,2026-09-18,31,Call,85.00,-5.21%,6.25,7.5,7.9,516,415,1.24,94.88%,92.88%,0.483759,2026-08-18
LITE,873.31,2026-08-21,3,Call,980.00,-12.22%,2.75,3.24,3.6,637,515,1.24,81.58%,93.59%,0.094671,2026-08-18
CRWV,93.17,2026-08-21,3,Call,104.00,-11.62%,0.31,0.36,0.34,668,540,1.24,77.97%,89.47%,0.094843,2026-08-18
TOST,34.95,2026-12-18,122,Put,29.00,-17.02%,1.09,1.1,1.22,675,546,1.24,39.34%,46.86%,-0.19352,2026-08-18
AAOI,131.41,2026-08-28,10,Put,110.00,-16.29%,1.55,2,2.3,720,581,1.24,107.55%,110.87%,-0.143253,2026-08-18
TMCI,4.45,2026-09-18,31,Call,5.00,-12.36%,0.15,0.25,0.35,1002,811,1.24,93.29%,85.94%,0.371624,2026-08-18
NBIS,248.43,2026-09-18,31,Call,420.00,-69.06%,1.35,1.42,1.62,1065,861,1.24,93.21%,101.60%,0.05319,2026-08-18
SNDK,1625.78,2026-08-21,3,Put,"1,350.00",-16.96%,1.3,1.55,1.6,1561,1263,1.24,85.49%,106.27%,-0.023829,2026-08-18
MSTR,92.52,2026-08-21,3,Call,107.00,-15.65%,0.12,0.13,0.14,2463,1990,1.24,68.37%,91.02%,0.042967,2026-08-18
SMR,8.64,2026-09-18,31,Call,11.00,-27.31%,0.16,0.19,0.22,5243,4239,1.24,76.44%,81.43%,0.187854,2026-08-18
CVX,205.74,2026-08-21,3,Call,205.00,+0.36%,1.66,1.73,1.76,36527,29377,1.24,25.09%,17.57%,0.592881,2026-08-18
"Downloaded from Barchart.com as of 08-18-2026 08:27pm CDT"
