Symbol,Price~,"Exp Date",DTE,Type,Strike,Moneyness,Bid,Latest,Ask,Volume,"Open Int",Vol/OI,"Imp Vol",IV,Delta,Time
TSLA,362.86,2026-08-24,2,Put,355.00,-2.17%,1.22,1.26,1.29,25351,138,183.7,41.47%,38.12%,-0.212838,2026-08-21
MU,966.78,2026-08-28,6,Put,585.00,-39.49%,0.05,0.1,0.1,22748,130,174.98,63.67%,135.98%,-0.001485,2026-08-21
TSLA,362.86,2026-08-24,2,Put,350.00,-3.54%,0.51,0.51,0.54,25408,214,118.73,41.47%,39.24%,-0.103249,2026-08-21
MRNA,145.13,2026-11-20,90,Call,200.00,-37.81%,13,13.05,13.3,12056,108,111.63,96.93%,99.18%,0.349855,2026-08-21
SIRI,28.69,2026-08-28,6,Call,29.50,-2.82%,0.01,0.19,0.21,17629,207,85.16,29.44%,26.06%,0.206848,2026-08-21
SIRI,28.69,2026-08-28,6,Call,29.00,-1.08%,0.3,0.36,0.38,17670,233,75.84,29.44%,32.50%,0.405987,2026-08-21
BIRK,35.64,2026-09-18,27,Call,40.00,-12.23%,0.35,0.45,0.65,8266,110,75.15,50.34%,47.01%,0.206714,2026-08-21
QUBT,8.92,2026-12-18,118,Call,18.00,-101.79%,0.36,0.5,0.66,7131,100,71.31,74.00%,109.27%,0.212019,2026-08-21
IREN,41.88,2027-02-19,181,Call,65.00,-55.21%,5.4,5.9,6.1,11486,202,56.86,102.37%,98.04%,0.396302,2026-08-21
TSLA,362.86,2026-08-28,6,Call,367.50,-1.28%,6.25,6.3,6.45,6424,130,49.42,41.47%,44.86%,0.427865,2026-08-21
OXY,61.3,2026-08-28,6,Call,64.00,-4.40%,0.2,0.21,0.24,8526,178,47.9,31.69%,33.21%,0.162584,2026-08-21
BABA,119.34,2026-11-20,90,Call,160.00,-34.07%,2.01,2.03,2.1,76392,1612,47.39,41.03%,50.46%,0.147895,2026-08-21
AI,10.3,2026-08-28,6,Call,10.50,-1.94%,0.23,0.31,0.28,27811,601,46.27,83.22%,64.56%,0.427093,2026-08-21
SYM,41.83,2026-11-20,90,Put,42.50,+1.60%,4.9,5.83,6.3,5085,112,45.4,55.53%,65.61%,-0.446457,2026-08-21
BABA,119.34,2026-08-28,6,Call,122.00,-2.23%,1.73,1.8,1.89,8548,193,44.29,41.03%,47.82%,0.37112,2026-08-21
PRMB,23.12,2026-09-18,27,Call,25.00,-8.13%,0.2,0.2,0.3,10013,240,41.72,32.76%,33.92%,0.214812,2026-08-21
AMZN,258.63,2026-08-24,2,Call,255.00,+1.40%,4.05,4.35,4.3,7505,181,41.46,29.19%,23.12%,0.801261,2026-08-21
TSLA,362.86,2026-08-28,6,Call,377.50,-4.03%,3.25,3.28,3.35,9696,235,41.26,41.47%,45.80%,0.262982,2026-08-21
KVUE,19.06,2026-09-18,27,Call,19.00,+0.31%,0.3,0.4,0.56,5196,126,41.24,17.91%,19.58%,0.53028,2026-08-21
TMC,4.79,2027-02-19,181,Call,6.00,-25.26%,1.06,1.16,1.14,8465,208,40.7,101.43%,108.83%,0.545789,2026-08-21
BP,44.76,2026-10-16,55,Put,45.00,+0.54%,2,2.04,2.05,8218,202,40.68,29.75%,27.25%,-0.49939,2026-08-21
TSLA,362.86,2026-08-24,2,Call,365.00,-0.59%,3.05,3.15,3.2,41489,1062,39.07,41.47%,37.93%,0.425299,2026-08-21
TSLA,362.86,2026-08-28,6,Call,362.50,+0.10%,8.3,8.55,8.95,6163,161,38.28,41.47%,44.95%,0.522487,2026-08-21
META,549.9,2026-08-24,2,Call,552.50,-0.47%,3.3,3.38,3.65,4806,128,37.55,34.97%,28.38%,0.418539,2026-08-21
AMZN,258.63,2026-08-24,2,Call,260.00,-0.53%,1.15,1.19,1.25,22331,601,37.16,29.19%,23.28%,0.387236,2026-08-21
WDAY,200.01,2026-08-28,6,Put,180.00,-10.00%,1.05,1.6,2.25,11437,323,35.41,50.68%,82.25%,-0.145132,2026-08-21
AMZN,258.63,2026-08-24,2,Put,265.00,+2.46%,6.25,6.62,6.75,5184,148,35.03,29.19%,23.33%,-0.92157,2026-08-21
SHEL,93.33,2026-08-28,6,Call,97.00,-3.93%,0.15,0.2,0.2,11095,326,34.03,22.61%,25.19%,0.119651,2026-08-21
MSFT,483.24,2026-08-26,4,Call,485.00,-0.36%,4.3,4.45,4.55,4945,146,33.87,26.16%,25.67%,0.456122,2026-08-21
NIO,4.63,2026-10-16,55,Put,4.00,-13.61%,0.12,0.13,0.16,5089,156,32.62,61.09%,57.20%,-0.214289,2026-08-21
TEM,72.69,2026-12-18,118,Call,90.00,-23.81%,7.4,7.8,8.25,6943,213,32.6,79.54%,80.12%,0.415335,2026-08-21
TSLA,362.86,2026-08-24,2,Call,362.50,+0.10%,4.15,4.19,4.45,26111,830,31.46,41.47%,38.10%,0.52247,2026-08-21
EYPT,5.32,2026-12-18,118,Call,12.50,-134.96%,0.65,0.77,1.1,10005,321,31.17,105.37%,178.99%,0.375073,2026-08-21
AAPL,309.35,2026-08-24,2,Put,307.50,-0.60%,0.89,1.04,1.09,17806,578,30.81,24.73%,19.56%,-0.332752,2026-08-21
NVDA,214.72,2026-08-24,2,Call,195.00,+9.18%,18.05,19.76,22.35,4205,137,30.69,40.60%,89.91%,0.930998,2026-08-21
HIMS,33.78,2028-12-15,846,Put,18.00,-46.71%,4.3,4.4,4.4,3619,121,29.91,75.84%,78.30%,-0.118604,2026-08-21
BABA,119.34,2026-08-28,6,Call,123.00,-3.07%,1.37,1.52,1.59,3447,116,29.72,41.03%,47.71%,0.321603,2026-08-21
TSLA,362.86,2026-08-24,2,Put,347.50,-4.23%,0.33,0.33,0.36,9656,335,28.82,41.47%,40.36%,-0.07092,2026-08-21
GOOGL,344.82,2026-08-28,6,Put,337.50,-2.12%,1.66,2,2.6,7338,265,27.69,28.86%,28.72%,-0.269461,2026-08-21
MSFT,483.24,2026-08-24,2,Call,485.00,-0.36%,2.04,2.18,2.39,12461,457,27.27,26.16%,20.86%,0.413868,2026-08-21
META,549.9,2026-08-24,2,Put,550.00,+0.02%,4.4,4.75,4.9,5278,197,26.79,34.97%,28.59%,-0.496508,2026-08-21
DINO,97.32,2026-09-18,27,Put,92.50,-4.95%,2.7,2.95,3.1,3004,113,26.58,48.61%,48.44%,-0.322694,2026-08-21
BABA,119.34,2026-08-28,6,Call,126.00,-5.58%,0.83,0.87,0.91,6105,235,25.98,41.03%,50.02%,0.207645,2026-08-21
JNJ,270.24,2026-12-18,118,Call,310.00,-14.71%,3.3,3.64,4.55,5127,200,25.64,22.64%,25.01%,0.196064,2026-08-21
NVDA,214.72,2026-08-28,6,Call,252.50,-17.60%,0.2,0.21,0.22,3290,129,25.5,40.60%,65.86%,0.030677,2026-08-21
UCTT,76.43,2026-09-18,27,Call,70.00,+8.41%,9.5,10.83,12.3,3751,149,25.17,88.31%,89.86%,0.688933,2026-08-21
KR,57.9,2026-08-28,6,Call,60.00,-3.63%,0.17,0.18,0.23,7487,301,24.87,35.11%,29.03%,0.175243,2026-08-21
MU,966.78,2026-08-24,2,Call,970.00,-0.33%,11.15,11.1,12,8677,363,23.9,63.67%,45.59%,0.469753,2026-08-21
NOW,128.48,2026-12-18,118,Call,268.00,-108.59%,0.16,0.55,0.77,4802,202,23.77,53.09%,61.77%,0.029904,2026-08-21
CVNA,69.91,2026-09-04,13,Put,65.00,-7.02%,1.12,1.24,1.29,2871,121,23.73,57.21%,60.67%,-0.240962,2026-08-21
OXY,61.3,2026-08-28,6,Call,63.00,-2.77%,0.38,0.44,0.45,8688,376,23.11,31.69%,32.97%,0.268039,2026-08-21
CMG,36.9,2026-09-04,13,Call,38.00,-2.98%,0.5,0.57,0.62,4465,197,22.66,35.64%,35.45%,0.349635,2026-08-21
CLSK,11.98,2026-11-20,90,Call,20.00,-66.94%,0.35,0.47,0.51,3408,151,22.57,86.18%,89.25%,0.180491,2026-08-21
AAPL,309.35,2026-08-24,2,Call,312.50,-1.02%,0.61,0.69,0.7,21170,941,22.5,24.73%,19.53%,0.24788,2026-08-21
TSLA,362.86,2026-08-26,4,Put,350.00,-3.54%,1.97,2.01,2.06,4075,191,21.34,41.47%,44.11%,-0.20831,2026-08-21
META,549.9,2026-08-24,2,Call,562.50,-2.29%,1.02,1.02,1.07,3341,157,21.28,34.97%,30.40%,0.161655,2026-08-21
TSLA,362.86,2026-08-24,2,Put,370.00,+1.97%,7.95,8.77,9.05,3578,170,21.05,41.47%,37.00%,-0.756173,2026-08-21
ONDS,8.71,2026-12-18,118,Call,26.00,-198.51%,0.07,0.13,0.29,2617,125,20.94,78.18%,113.46%,0.087962,2026-08-21
BABA,119.34,2026-08-28,6,Call,124.00,-3.90%,1.12,1.27,1.31,10120,493,20.53,41.03%,47.95%,0.276846,2026-08-21
META,549.9,2026-08-24,2,Call,557.50,-1.38%,1.8,1.96,2,2857,141,20.26,34.97%,28.96%,0.267198,2026-08-21
AMZN,258.63,2026-08-24,2,Put,270.00,+4.40%,11,11.95,11.65,2117,106,19.97,29.19%,50.59%,-0.870821,2026-08-21
META,549.9,2026-09-04,13,Put,465.00,-15.44%,0.2,0.25,0.31,3680,185,19.89,34.97%,42.40%,-0.015807,2026-08-21
TSLA,362.86,2026-08-24,2,Call,370.00,-1.97%,1.54,1.59,1.6,41098,2083,19.73,41.47%,38.72%,0.255034,2026-08-21
GEO,32.71,2026-09-18,27,Call,31.00,+5.23%,2.65,2.77,2.8,22053,1130,19.52,46.91%,50.24%,0.677535,2026-08-21
TSLA,362.86,2026-08-26,4,Put,300.00,-17.32%,0.09,0.1,0.16,4096,211,19.41,41.47%,81.51%,-0.011416,2026-08-21
ETOR,30.31,2026-09-18,27,Call,35.00,-15.47%,0.15,0.35,0.4,3234,167,19.37,45.76%,46.61%,0.146752,2026-08-21
AAPL,309.35,2026-08-26,4,Put,305.00,-1.41%,1.3,1.35,1.52,5926,307,19.3,24.73%,24.54%,-0.282149,2026-08-21
MSTR,119.25,2026-08-28,6,Put,108.00,-9.43%,1.16,1.23,1.26,8020,416,19.28,78.64%,85.04%,-0.166428,2026-08-21
XOM,165.11,2026-08-28,6,Call,175.00,-5.99%,0.23,0.26,0.27,16348,856,19.1,28.09%,32.05%,0.082172,2026-08-21
TSLA,362.86,2026-08-28,6,Put,365.00,+0.59%,9.2,9.41,9.45,4088,215,19.01,41.47%,44.68%,-0.526302,2026-08-21
ASST,18.22,2026-10-16,55,Call,30.00,-64.65%,0.44,0.54,0.58,2412,127,18.99,105.64%,104.69%,0.156175,2026-08-21
TSLA,362.86,2026-08-24,2,Call,385.00,-6.10%,0.21,0.21,0.22,8295,443,18.72,41.47%,46.02%,0.043108,2026-08-21
MSTR,119.25,2026-08-28,6,Call,170.00,-42.56%,0.16,0.19,0.19,3495,187,18.69,78.64%,133.87%,0.024061,2026-08-21
MARA,11.26,2026-09-04,13,Put,11.50,+2.13%,0.81,1.01,1.07,4333,232,18.68,92.06%,96.07%,-0.508067,2026-08-21
XYZ,82.16,2026-08-28,6,Call,83.00,-1.02%,1.25,1.3,1.38,3737,201,18.59,38.67%,39.81%,0.435608,2026-08-21
NVDA,214.72,2026-08-24,2,Call,212.50,+1.03%,3.05,3.06,3.3,4940,267,18.5,40.60%,29.01%,0.692473,2026-08-21
TSLA,362.86,2026-08-26,4,Call,372.50,-2.66%,3.05,3.1,3.2,3635,198,18.36,41.47%,44.63%,0.298247,2026-08-21
MSTR,119.25,2026-08-28,6,Put,125.00,+4.82%,8.95,9,9.15,3189,174,18.33,78.64%,92.41%,-0.631097,2026-08-21
NVDA,214.72,2026-08-24,2,Put,227.50,+5.95%,11.8,12.74,12.95,13720,749,18.32,40.60%,35.16%,-0.989547,2026-08-21
TECK,69.2,2026-09-18,27,Call,75.00,-8.38%,1.4,1.65,1.7,3265,179,18.24,47.95%,47.46%,0.294059,2026-08-21
CVX,205.27,2026-08-28,6,Call,220.00,-7.18%,0.12,0.12,0.15,12689,701,18.1,24.56%,30.83%,0.041549,2026-08-21
NVDA,214.72,2026-08-24,2,Call,205.00,+4.53%,9.7,9.9,10.15,6116,339,18.04,40.60%,40.80%,0.939952,2026-08-21
AMZN,258.63,2026-08-24,2,Call,257.50,+0.44%,2.34,2.36,2.55,4274,237,18.03,29.19%,23.53%,0.607029,2026-08-21
NVDA,214.72,2026-08-24,2,Call,190.00,+11.51%,24.05,24.93,26.75,2062,117,17.62,40.60%,118.19%,0.92558,2026-08-21
GS,1039.28,2026-08-28,6,Call,"1,080.00",-3.92%,4.75,4.95,5.15,3564,203,17.56,32.30%,34.25%,0.198675,2026-08-21
NVDA,214.72,2026-08-24,2,Call,202.50,+5.69%,11.9,12.58,14.25,4179,238,17.56,40.60%,73.82%,0.864955,2026-08-21
SU,68.42,2026-10-16,55,Call,75.00,-9.62%,0.8,1.07,1.15,2869,166,17.28,26.38%,29.13%,0.228899,2026-08-21
DJT,9.1,2026-08-28,6,Call,9.50,-4.40%,0.2,0.2,0.21,3591,211,17.02,67.97%,77.67%,0.353365,2026-08-21
HOOD,108.13,2026-08-28,6,Put,97.00,-10.29%,0.6,0.67,0.7,3396,200,16.98,65.70%,75.75%,-0.120463,2026-08-21
QBTS,20.39,2026-11-20,90,Call,60.00,-194.26%,0.16,0.2,0.3,6872,405,16.97,80.07%,115.15%,0.05648,2026-08-21
MU,966.78,2026-08-24,2,Put,965.00,-0.18%,12.25,12.75,13.1,2471,146,16.92,63.67%,47.78%,-0.470368,2026-08-21
RUM,9.05,2026-09-18,27,Call,12.00,-32.60%,0.15,0.19,0.2,1995,118,16.91,81.08%,92.51%,0.162304,2026-08-21
GTE,9.91,2026-11-20,90,Put,10.00,+0.91%,1.25,1.45,1.85,3001,182,16.49,60.55%,79.19%,-0.42437,2026-08-21
FLY,24.45,2026-11-20,90,Call,36.00,-47.24%,1.55,2,2.15,1867,115,16.23,87.31%,99.84%,0.303828,2026-08-21
AAPL,309.35,2026-08-24,2,Call,310.00,-0.21%,1.43,1.5,1.52,27823,1743,15.96,24.73%,19.21%,0.449105,2026-08-21
TSLA,362.86,2026-08-28,6,Call,372.50,-2.66%,4.55,4.62,4.7,1991,126,15.8,41.47%,45.32%,0.34017,2026-08-21
ALDX,1.52,2026-10-02,41,Call,1.5000,+1.32%,0,0.29,0.4,2934,186,15.77,154.40%,92.99%,0.58383,2026-08-21
COIN,186.49,2026-08-28,6,Put,172.50,-7.50%,2,2.1,2.16,2136,137,15.59,70.19%,76.04%,-0.196516,2026-08-21
HOOD,108.13,2026-08-28,6,Call,114.00,-5.43%,2.09,2.33,2.44,4783,308,15.53,65.70%,80.97%,0.325756,2026-08-21
AMC,2.55,2026-10-02,41,Call,2.50,+1.96%,0.28,0.34,0.33,10438,674,15.49,82.78%,83.69%,0.580118,2026-08-21
NVDA,214.72,2026-09-02,11,Call,225.00,-4.79%,3.45,3.55,3.65,5034,330,15.25,40.60%,49.56%,0.312175,2026-08-21
MU,966.78,2026-08-24,2,Call,965.00,+0.18%,13.5,14.35,14.6,2687,177,15.18,63.67%,45.73%,0.530746,2026-08-21
AMD,473.25,2026-08-24,2,Put,465.00,-1.74%,2.39,2.52,2.62,2573,172,14.96,52.97%,41.40%,-0.275925,2026-08-21
META,549.9,2026-08-24,2,Call,560.00,-1.84%,1.2,1.38,1.52,4240,284,14.93,34.97%,29.22%,0.205386,2026-08-21
CRK,14.22,2026-09-18,27,Call,14.00,+1.55%,1,1.05,1.05,17658,1192,14.81,57.44%,59.65%,0.56948,2026-08-21
MU,966.78,2026-08-24,2,Put,910.00,-5.87%,0.83,0.85,1,2023,139,14.55,63.67%,52.37%,-0.056422,2026-08-21
BR,182.18,2026-12-18,118,Call,190.00,-4.29%,10.8,11.15,11.5,2059,143,14.4,31.40%,34.16%,0.460787,2026-08-21
TSLA,362.86,2026-08-24,2,Call,377.50,-4.03%,0.51,0.52,0.54,5251,365,14.39,41.47%,41.21%,0.101173,2026-08-21
AMZN,258.63,2026-08-24,2,Call,262.50,-1.50%,0.5,0.51,0.55,13920,968,14.38,29.19%,23.86%,0.205881,2026-08-21
MSTR,119.25,2026-09-04,13,Call,170.00,-42.56%,0.52,0.59,0.63,2141,149,14.37,78.64%,111.53%,0.057829,2026-08-21
TE,4.42,2026-10-02,41,Put,4.00,-9.50%,0.4,0.4,0.45,1870,131,14.27,107.78%,110.75%,-0.321395,2026-08-21
SMR,9.4,2026-09-04,13,Call,9.00,+4.26%,0.76,0.81,0.86,3560,250,14.24,82.30%,84.06%,0.641186,2026-08-21
MRK,152.55,2026-09-18,27,Call,165.00,-8.16%,1,1.05,1.09,27731,1979,14.01,29.08%,28.69%,0.170044,2026-08-21
AAPL,309.35,2026-08-24,2,Call,307.50,+0.60%,2.63,2.8,3.35,6983,499,13.99,24.73%,20.71%,0.659328,2026-08-21
CLSK,11.98,2026-11-20,90,Call,15.00,-25.21%,0.93,1.18,1.38,3437,247,13.91,86.18%,88.12%,0.392295,2026-08-21
SHOP,149.25,2026-08-28,6,Put,140.00,-6.20%,0.49,0.68,0.76,4085,294,13.89,45.20%,46.82%,-0.134573,2026-08-21
NVDA,214.72,2026-09-02,11,Call,217.50,-1.29%,6.1,6.13,6.3,1662,120,13.85,40.60%,49.59%,0.461966,2026-08-21
COHR,289.52,2026-08-28,6,Call,320.00,-10.53%,2.8,3.1,3.5,3797,277,13.71,76.75%,84.03%,0.192209,2026-08-21
PFE,28.07,2026-08-28,6,Put,28.00,-0.25%,0.26,0.31,0.35,13285,972,13.67,22.70%,23.30%,-0.465364,2026-08-21
TSLA,362.86,2026-08-26,4,Call,365.00,-0.59%,5.6,5.6,5.8,5697,418,13.63,41.47%,43.77%,0.461454,2026-08-21
META,549.9,2026-08-24,2,Call,550.00,-0.02%,4.25,4.43,4.65,4058,302,13.44,34.97%,27.41%,0.503962,2026-08-21
FRMI,5.92,2026-09-04,13,Put,5.50,-7.09%,0.2,0.21,0.3,2011,150,13.41,104.15%,100.27%,-0.312284,2026-08-21
CVNA,69.91,2026-08-28,6,Put,71.00,+1.56%,2.59,2.72,2.86,2586,193,13.4,57.21%,59.90%,-0.562447,2026-08-21
PRTA,9.45,2026-09-18,27,Call,10.00,-5.82%,0.2,0.4,0.4,1524,114,13.37,134.27%,49.43%,0.3693,2026-08-21
MU,966.78,2026-10-16,55,Put,980.00,+1.37%,104.9,106,108,5537,414,13.37,63.67%,68.09%,-0.461877,2026-08-21
SBET,7.91,2026-09-04,13,Call,7.00,+11.50%,0.85,1.02,1.2,15704,1184,13.26,84.12%,73.68%,0.830933,2026-08-21
RAL,63.61,2026-09-18,27,Call,75.00,-17.91%,0.2,0.35,0.7,1378,104,13.25,46.42%,47.66%,0.117572,2026-08-21
AMZN,258.63,2026-08-28,6,Call,220.00,+14.94%,38.6,38.77,39.25,2277,172,13.24,29.19%,63.28%,0.979414,2026-08-21
TSLA,362.86,2026-08-26,4,Call,357.50,+1.48%,9.4,9.75,10.1,4130,312,13.24,41.47%,44.15%,0.638232,2026-08-21
HPQ,29.71,2026-08-28,6,Put,29.00,-2.39%,0.83,1.08,1.14,2627,199,13.2,58.33%,87.26%,-0.392697,2026-08-21
RGTI,17.91,2026-12-18,118,Call,27.00,-50.75%,1.33,1.48,1.59,5042,383,13.16,81.31%,92.49%,0.310629,2026-08-21
TSLA,362.86,2026-08-24,2,Call,372.50,-2.66%,1.06,1.07,1.13,10569,805,13.13,41.47%,39.44%,0.190288,2026-08-21
GOOGL,344.82,2026-08-24,2,Put,345.00,+0.05%,2.06,2.27,3.65,1321,101,13.08,28.86%,27.42%,-0.503299,2026-08-21
ROST,239.04,2026-09-18,27,Call,260.00,-8.77%,0.55,0.95,1.35,3123,239,13.07,24.35%,25.08%,0.121523,2026-08-21
CRML,7.11,2026-09-18,27,Put,10.00,+40.65%,2.9,3,3.3,5033,388,12.97,102.63%,123.61%,-0.801588,2026-08-21
COIN,186.49,2026-08-28,6,Call,202.50,-8.58%,2.79,2.9,3,1583,123,12.87,70.19%,86.62%,0.247985,2026-08-21
OLLI,76.07,2026-09-18,27,Call,85.00,-11.74%,0.85,1.75,2.75,3266,255,12.81,55.56%,57.30%,0.268549,2026-08-21
ORCL,146.47,2026-09-04,13,Put,136.00,-7.15%,2.02,2.18,2.36,2657,208,12.77,69.89%,57.13%,-0.226979,2026-08-21
AAPL,309.35,2026-08-26,4,Call,307.50,+0.60%,4.05,4.15,4.55,3035,241,12.59,24.73%,25.05%,0.600856,2026-08-21
MNKD,4.15,2026-09-25,34,Call,1.00,+75.90%,3,3.23,5.3,3167,252,12.57,73.87%,342.49%,0.970454,2026-08-21
HOOD,108.13,2026-08-28,6,Put,105.00,-2.89%,2.71,2.75,2.8,3368,268,12.57,65.70%,76.29%,-0.361501,2026-08-21
S,21.19,2026-08-28,6,Call,24.00,-13.26%,0.4,0.45,0.5,3457,276,12.53,68.01%,124.50%,0.242995,2026-08-21
ENPH,38.61,2026-08-28,6,Put,40.00,+3.60%,1.82,2.32,2.32,3190,258,12.36,65.29%,63.18%,-0.652227,2026-08-21
SLS,15.46,2026-10-16,55,Call,20.00,-29.37%,3.5,3.7,3.9,10950,886,12.36,175.42%,213.07%,0.543368,2026-08-21
AMZN,258.63,2026-08-24,2,Put,257.50,-0.44%,1.22,1.26,1.3,8648,707,12.23,29.19%,23.45%,-0.39334,2026-08-21
MU,966.78,2026-10-16,55,Call,980.00,-1.37%,96.95,100.48,99.5,5591,459,12.18,63.67%,68.13%,0.540431,2026-08-21
MU,966.78,2026-08-24,2,Put,970.00,+0.33%,14.6,15.54,16.05,2915,240,12.15,63.67%,48.07%,-0.528423,2026-08-21
SPCX,136.97,2026-09-11,20,Call,138.00,-0.75%,6.7,7.05,7.25,2109,174,12.12,59.18%,57.32%,0.510401,2026-08-21
ARCT,13.45,2026-09-18,27,Call,15.00,-11.52%,0.9,1.02,1.1,1378,114,12.09,100.12%,107.27%,0.413391,2026-08-21
AMZN,258.63,2026-08-24,2,Call,250.00,+3.34%,8.25,8.95,9.15,1923,160,12.02,29.19%,21.10%,0.985836,2026-08-21
UCTT,76.43,2026-09-18,27,Call,90.00,-17.75%,2.8,3.25,4.5,3946,330,11.96,88.31%,97.50%,0.317858,2026-08-21
NVDA,214.72,2026-08-24,2,Call,215.00,-0.13%,1.6,1.64,1.64,43542,3666,11.88,40.60%,27.41%,0.481821,2026-08-21
CLF,11.27,2026-08-28,6,Put,12.00,+6.48%,0.75,0.92,0.96,7072,596,11.87,65.01%,65.18%,-0.760271,2026-08-21
TGTX,54.27,2026-09-18,27,Call,65.00,-19.77%,0.75,1.07,1.25,1965,166,11.84,68.56%,68.46%,0.194478,2026-08-21
HOOD,108.13,2026-08-28,6,Call,109.00,-0.80%,3.95,3.95,4.1,5505,466,11.81,65.70%,79.58%,0.491349,2026-08-21
PURR,10.58,2026-08-28,6,Call,11.00,-3.97%,0.6,0.67,0.7,4863,415,11.72,116.70%,152.62%,0.460929,2026-08-21
WMT,103.7,2026-09-25,34,Put,100.00,-3.57%,1.17,1.44,1.46,3070,262,11.72,22.58%,23.11%,-0.280283,2026-08-21
PLTR,179.94,2026-12-18,118,Call,380.00,-111.18%,0.51,0.55,0.6,2837,244,11.63,47.34%,61.13%,0.026146,2026-08-21
QSI,0.835,2026-09-18,27,Call,1.0000,-19.76%,0.05,0.1,0.15,5060,435,11.63,150.48%,171.91%,0.441872,2026-08-21
PLTR,179.94,2026-08-28,6,Call,182.50,-1.42%,3.45,3.5,3.55,18422,1590,11.59,47.34%,49.90%,0.428754,2026-08-21
COIN,186.49,2027-12-17,482,Call,240.00,-28.69%,46,50.86,52.1,1840,159,11.57,70.19%,73.58%,0.574486,2026-08-21
MRNA,145.13,2026-10-16,55,Call,165.00,-13.69%,12.2,13.35,14.9,1698,148,11.47,96.93%,91.32%,0.432893,2026-08-21
HOOD,108.13,2026-08-28,6,Call,112.00,-3.58%,2.86,2.88,3.35,5092,445,11.44,65.70%,84.76%,0.395958,2026-08-21
INTC,90.07,2026-08-26,4,Call,91.00,-1.03%,1.72,1.77,1.79,1841,161,11.43,60.87%,57.55%,0.446354,2026-08-21
TSLA,362.86,2026-08-24,2,Call,355.00,+2.17%,8.8,9.1,10.25,25143,2204,11.41,41.47%,42.36%,0.76442,2026-08-21
SPCX,136.97,2026-08-28,6,Put,200.00,+46.02%,62.25,63,63.95,2200,194,11.34,59.18%,132.25%,-0.98612,2026-08-21
META,549.9,2026-08-24,2,Call,555.00,-0.93%,2.43,2.6,2.73,3811,338,11.28,34.97%,28.57%,0.338102,2026-08-21
IONQ,44.86,2027-03-19,209,Call,75.00,-67.19%,4.1,4.6,5.2,1785,159,11.23,80.28%,85.52%,0.331617,2026-08-21
HOOD,108.13,2026-08-28,6,Call,115.00,-6.35%,2.04,2.06,2.2,20169,1798,11.22,65.70%,83.67%,0.303232,2026-08-21
BMNR,22.83,2026-09-04,13,Put,21.00,-8.02%,0.55,0.63,0.85,1888,169,11.17,80.20%,87.54%,-0.275949,2026-08-21
OPEN,3.53,2026-09-11,20,Call,3.00,+15.01%,0.54,0.55,0.61,1466,132,11.11,73.81%,67.30%,0.869532,2026-08-21
IE,11.27,2027-01-15,146,Call,15.00,-33.10%,1,1.1,1.2,6029,544,11.08,74.81%,76.22%,0.374417,2026-08-21
DXCM,92.34,2028-01-21,517,Call,125.00,-35.37%,10.1,10.55,11.3,1496,135,11.08,33.61%,42.93%,0.41104,2026-08-21
TSLA,362.86,2026-08-24,2,Call,367.50,-1.28%,2.13,2.27,2.28,16828,1520,11.07,41.47%,37.93%,0.333032,2026-08-21
SPCX,136.97,2027-02-19,181,Call,400.00,-192.03%,0.72,1,1.02,1201,109,11.02,59.18%,72.99%,0.036773,2026-08-21
AMD,473.25,2026-08-24,2,Call,475.00,-0.37%,4.6,4.7,5.05,2469,224,11.02,52.97%,40.10%,0.459055,2026-08-21
CORZ,17.81,2026-12-18,118,Call,20.00,-12.30%,2.39,2.46,2.54,2480,226,10.97,76.90%,79.30%,0.49833,2026-08-21
MDT,93.35,2026-08-28,6,Call,93.00,+0.37%,1.17,1.38,1.54,1138,104,10.94,29.57%,24.50%,0.554766,2026-08-21
TSLA,362.86,2026-08-24,2,Call,352.50,+2.86%,10.75,11.2,11.45,9849,902,10.92,41.47%,36.15%,0.865069,2026-08-21
NVDA,214.72,2026-08-31,9,Put,190.00,-11.51%,0.52,0.55,0.55,1511,139,10.87,40.60%,53.42%,-0.065685,2026-08-21
TSLA,362.86,2026-08-24,2,Call,357.50,+1.48%,7.1,7.4,7.95,13256,1222,10.85,41.47%,40.17%,0.699222,2026-08-21
NVDA,214.72,2026-08-28,6,Put,192.50,-10.35%,0.54,0.55,0.56,1615,149,10.84,40.60%,60.24%,-0.072259,2026-08-21
BTDR,11.37,2026-09-25,34,Put,8.00,-29.64%,0.15,0.24,0.3,8445,780,10.83,105.58%,108.19%,-0.10763,2026-08-21
MARA,11.26,2026-10-16,55,Call,13.00,-15.45%,0.9,1,1.06,4814,445,10.82,92.06%,90.53%,0.413966,2026-08-21
CDW,137.25,2026-10-16,55,Call,145.00,-5.65%,4.4,5,5.3,1132,105,10.78,39.05%,36.71%,0.383222,2026-08-21
DHT,19.82,2026-09-18,27,Call,21.00,-5.95%,0.5,0.55,0.55,15589,1465,10.64,42.56%,47.47%,0.333332,2026-08-21
HIMS,33.78,2026-08-28,6,Call,36.50,-8.05%,0.27,0.49,0.54,2294,217,10.57,75.84%,74.92%,0.225989,2026-08-21
BIDU,93.21,2026-08-28,6,Put,94.00,+0.85%,2.1,2.1,2.64,3505,332,10.56,39.66%,41.31%,-0.549519,2026-08-21
MSTR,119.25,2026-08-28,6,Call,133.00,-11.53%,1.68,1.74,1.73,2095,199,10.53,78.64%,98.23%,0.212169,2026-08-21
GNRC,205.98,2026-09-18,27,Put,150.00,-27.18%,0,0.2,0.2,1161,111,10.46,48.31%,50.94%,-0.009889,2026-08-21
NVDA,214.72,2026-08-24,2,Call,210.00,+2.20%,5.05,5.19,5.8,7322,708,10.34,40.60%,36.81%,0.798357,2026-08-21
AMZN,258.63,2026-08-24,2,Put,252.50,-2.37%,0.22,0.22,0.25,2215,215,10.3,29.19%,25.68%,-0.10012,2026-08-21
TSLA,362.86,2026-08-24,2,Put,345.00,-4.92%,0.22,0.23,0.24,7653,744,10.29,41.47%,41.69%,-0.048762,2026-08-21
RIOT,19.83,2026-09-11,20,Call,25.00,-26.07%,0.28,0.4,0.53,4439,432,10.28,90.87%,96.60%,0.183314,2026-08-21
NFLX,79.59,2026-12-18,118,Call,132.00,-65.85%,0.22,0.22,0.3,6741,657,10.26,32.12%,44.83%,0.035282,2026-08-21
PLTR,179.94,2026-08-28,6,Put,177.50,-1.36%,3.4,3.4,3.45,4386,430,10.2,47.34%,50.14%,-0.400397,2026-08-21
JNJ,270.24,2026-12-18,118,Put,250.00,-7.49%,5.65,6.5,7.3,5121,503,10.18,22.64%,25.32%,-0.257073,2026-08-21
CG,49.37,2026-09-18,27,Put,42.50,-13.92%,0.25,0.3,0.45,13039,1298,10.05,40.39%,47.26%,-0.108344,2026-08-21
SHOP,149.25,2026-08-28,6,Put,145.00,-2.85%,1.6,1.65,1.86,2027,203,9.99,45.20%,46.18%,-0.29933,2026-08-21
TSLA,362.86,2026-08-28,6,Put,347.50,-4.23%,2.59,2.56,2.67,2740,276,9.93,41.47%,44.90%,-0.214925,2026-08-21
MRVL,237.04,2026-09-25,34,Call,250.00,-5.47%,17.7,18.1,18.45,4526,456,9.93,80.14%,80.10%,0.467359,2026-08-21
AMZN,258.63,2026-08-26,4,Put,252.50,-2.37%,0.88,0.94,0.97,1089,110,9.9,29.19%,28.95%,-0.206553,2026-08-21
TMC,4.79,2027-02-19,181,Call,5.00,-4.38%,1.28,1.5,1.5,1588,161,9.86,101.43%,108.78%,0.637876,2026-08-21
UPXI,1.08,2026-09-18,27,Call,1.0000,+7.41%,0.03,0.2,0.27,3138,320,9.81,135.57%,92.08%,0.671223,2026-08-21
COIN,186.49,2026-08-28,6,Put,170.00,-8.84%,1.52,1.57,1.61,4501,459,9.81,70.19%,75.91%,-0.157333,2026-08-21
FCX,76.66,2026-10-16,55,Call,90.00,-17.40%,2.18,2.27,2.37,2795,286,9.77,52.80%,53.83%,0.260052,2026-08-21
HOOD,108.13,2026-08-28,6,Call,118.00,-9.13%,1.42,1.44,1.5,2851,292,9.76,65.70%,84.32%,0.227085,2026-08-21
BABA,119.34,2026-08-28,6,Put,110.00,-7.83%,0.15,0.23,0.23,8315,854,9.74,41.03%,42.79%,-0.065021,2026-08-21
MDLN,34.26,2026-09-18,27,Call,35.00,-2.16%,1.25,1.3,1.4,2375,244,9.73,43.82%,43.41%,0.460462,2026-08-21
MCD,270.95,2026-09-25,34,Call,285.00,-5.19%,1.96,2.14,2.54,1039,107,9.71,20.58%,21.07%,0.22919,2026-08-21
TSLA,362.86,2026-08-28,6,Put,345.00,-4.92%,2.08,2.05,2.15,6604,682,9.68,41.47%,45.05%,-0.18087,2026-08-21
TSLA,362.86,2026-09-25,34,Call,405.00,-11.61%,5.65,5.75,5.8,2328,241,9.66,41.47%,42.43%,0.224493,2026-08-21
TSLA,362.86,2026-08-24,2,Call,375.00,-3.35%,0.73,0.75,0.78,15739,1633,9.64,41.47%,40.21%,0.139153,2026-08-21
NVDA,214.72,2026-08-24,2,Call,200.00,+6.86%,14.3,15.01,16.35,2899,301,9.63,40.60%,75.99%,0.902105,2026-08-21
HOOD,108.13,2026-08-28,6,Put,104.00,-3.82%,2.28,2.36,2.46,1029,107,9.62,65.70%,76.19%,-0.325334,2026-08-21
BE,201.45,2026-09-11,20,Call,250.00,-24.10%,3.25,3.77,4.45,1288,134,9.61,85.76%,90.34%,0.182474,2026-08-21
SCCO,216,2026-09-18,27,Call,250.00,-15.74%,2.8,2.94,2.95,1585,165,9.61,52.43%,53.79%,0.179287,2026-08-21
PLTR,179.94,2026-08-28,6,Call,197.50,-9.76%,0.49,0.49,0.51,2055,215,9.56,47.34%,52.72%,0.090919,2026-08-21
NVDA,214.72,2026-08-24,2,Call,217.50,-1.29%,0.7,0.7,0.73,80637,8447,9.55,40.60%,27.52%,0.269964,2026-08-21
NFLX,79.59,2026-09-25,34,Put,78.00,-2.00%,2.12,2.15,2.19,1917,202,9.49,32.12%,31.12%,-0.386328,2026-08-21
COIN,186.49,2026-08-28,6,Call,250.00,-34.06%,0.21,0.23,0.24,1412,149,9.48,70.19%,111.03%,0.023672,2026-08-21
KRYS,346.58,2026-09-18,27,Call,340.00,+1.90%,17.3,18.5,20.3,1526,161,9.48,39.35%,39.68%,0.601211,2026-08-21
AVGO,368.45,2026-08-24,2,Call,372.50,-1.10%,1.65,1.82,2.03,1354,143,9.47,51.15%,31.79%,0.327746,2026-08-21
CRCL,87.98,2027-12-17,482,Call,130.00,-47.76%,22.3,24.72,25.65,2373,251,9.45,83.19%,84.75%,0.556064,2026-08-21
TSLA,362.86,2026-08-26,4,Call,352.50,+2.86%,12.6,13.11,13.3,2816,299,9.42,41.47%,42.66%,0.751732,2026-08-21
MARA,11.26,2026-09-04,13,Put,10.50,-6.75%,0.39,0.49,0.51,4344,462,9.4,92.06%,94.92%,-0.313522,2026-08-21
GOOGL,344.82,2026-08-24,2,Put,342.50,-0.67%,0.84,1.31,1.7,2343,251,9.33,28.86%,22.30%,-0.33471,2026-08-21
BEEM,1.57,2026-09-18,27,Call,1.5000,+4.46%,0.2,0.2,0.35,2839,305,9.31,158.76%,142.90%,0.624986,2026-08-21
TSLA,362.86,2026-08-28,6,Put,355.00,-2.17%,4.7,4.84,4.85,3191,343,9.3,41.47%,44.56%,-0.336937,2026-08-21
PBR,19.15,2027-01-15,146,Put,22.00,+14.88%,2.79,3.93,4.25,2574,277,9.29,32.50%,35.92%,-0.684858,2026-08-21
MRNA,145.13,2026-09-18,27,Put,135.00,-6.98%,9.45,9.65,10.55,1148,124,9.26,96.93%,96.74%,-0.339059,2026-08-21
TSLA,362.86,2026-08-26,4,Call,385.00,-6.10%,1.04,1.05,1.08,3112,338,9.21,41.47%,47.25%,0.122082,2026-08-21
BE,201.45,2026-11-20,90,Put,115.00,-42.91%,3.35,3.9,4,1000,109,9.17,85.76%,93.52%,-0.07243,2026-08-21
CRCL,87.98,2026-08-28,6,Call,110.00,-25.03%,0.31,0.34,0.35,1273,139,9.16,83.19%,109.46%,0.064601,2026-08-21
TSLA,362.86,2026-08-26,4,Call,367.50,-1.28%,4.65,4.67,4.75,2390,261,9.16,41.47%,44.00%,0.403535,2026-08-21
META,549.9,2028-06-16,664,Call,"1,010.00",-83.67%,39.45,42.5,45.15,1094,120,9.12,34.97%,44.68%,0.273473,2026-08-21
AMD,473.25,2026-08-24,2,Call,485.00,-2.48%,1.52,1.72,1.76,1899,209,9.09,52.97%,39.99%,0.209808,2026-08-21
HOOD,108.13,2026-08-28,6,Call,121.00,-11.90%,0.93,0.97,1,1404,155,9.06,65.70%,84.38%,0.163558,2026-08-21
MRVL,237.04,2026-08-28,6,Put,245.00,+3.36%,17.5,17.8,18.15,1928,213,9.05,80.14%,110.03%,-0.563765,2026-08-21
SPCX,136.97,2026-09-04,13,Call,157.50,-14.99%,1.18,1.21,1.24,1645,182,9.04,59.18%,65.73%,0.146027,2026-08-21
PZZA,23.94,2026-09-18,27,Put,25.00,+4.43%,1.6,1.9,1.95,8111,898,9.03,48.94%,42.58%,-0.629776,2026-08-21
ASTS,68.65,2026-08-28,6,Call,69.00,-0.51%,2.68,2.9,2.84,1505,167,9.01,80.52%,82.78%,0.504295,2026-08-21
USAR,19.26,2026-08-28,6,Call,18.50,+3.95%,1.22,1.35,1.42,2415,268,9.01,88.89%,91.36%,0.658151,2026-08-21
ORCL,146.47,2026-09-11,20,Put,80.00,-45.38%,0,0.1,0.25,1007,112,8.99,69.89%,115.35%,-0.008675,2026-08-21
GEO,32.71,2026-09-18,27,Call,35.00,-7.00%,0.8,0.85,0.95,21246,2370,8.96,46.91%,48.76%,0.329041,2026-08-21
AMZN,258.63,2026-08-24,2,Call,205.00,+20.74%,52.7,54,54.75,1955,220,8.89,29.19%,129.13%,0.993442,2026-08-21
AMD,473.25,2026-08-24,2,Put,460.00,-2.80%,1.38,1.42,1.53,5861,659,8.89,52.97%,42.54%,-0.177924,2026-08-21
SEV,2.47,2026-11-20,90,Call,3.00,-21.46%,0.15,0.2,0.25,6013,677,8.88,95.14%,75.24%,0.378961,2026-08-21
TSLA,362.86,2026-08-24,2,Call,382.50,-5.41%,0.26,0.28,0.28,2907,328,8.86,41.47%,43.86%,0.054684,2026-08-21
MRNA,145.13,2026-08-28,6,Put,140.00,-3.53%,7,7.41,7.6,5890,666,8.84,96.93%,132.97%,-0.382358,2026-08-21
HTZ,2.25,2026-10-16,55,Call,3.00,-33.33%,0.17,0.17,0.18,1832,208,8.81,108.81%,112.61%,0.334732,2026-08-21
AMZN,258.63,2026-09-25,34,Call,275.00,-6.33%,3.55,3.65,3.8,2754,314,8.77,29.19%,29.16%,0.272152,2026-08-21
SWK,100.02,2026-09-18,27,Call,100.00,+0.02%,2.95,3.1,3.2,1205,138,8.73,31.02%,28.20%,0.516537,2026-08-21
SMCI,37.24,2027-06-17,299,Put,35.00,-6.02%,8.5,8.7,8.9,2015,231,8.72,76.18%,81.17%,-0.315669,2026-08-21
IOVA,8.29,2027-01-15,146,Call,17.00,-105.07%,0.05,0.6,0.65,15069,1733,8.7,95.94%,90.69%,0.173973,2026-08-21
IREN,41.88,2026-08-28,6,Call,41.50,+0.91%,3.05,3.05,3.15,1562,180,8.68,102.37%,135.89%,0.5568,2026-08-21
CIFR,15.77,2026-10-16,55,Call,22.00,-39.51%,0.93,0.96,1.21,21376,2464,8.68,106.51%,113.50%,0.300323,2026-08-21
MSFT,483.24,2026-08-24,2,Call,482.50,+0.15%,3.2,3.54,3.7,3051,352,8.67,26.16%,21.21%,0.545957,2026-08-21
MRNA,145.13,2026-09-18,27,Call,260.00,-79.15%,0.94,1.23,1.5,1075,125,8.6,96.93%,125.95%,0.063897,2026-08-21
TSLA,362.86,2026-08-28,6,Call,357.50,+1.48%,10.95,11.3,11.6,3179,370,8.59,41.47%,44.47%,0.617925,2026-08-21
WMT,103.7,2026-08-28,6,Call,102.00,+1.64%,2.12,2.33,2.35,3395,396,8.57,22.58%,22.06%,0.730356,2026-08-21
HUT,80.86,2026-09-04,13,Call,90.00,-11.30%,2.9,3.25,4,976,114,8.56,99.62%,110.20%,0.342817,2026-08-21
MRNA,145.13,2026-08-28,6,Put,145.00,-0.09%,9.7,9.9,10.35,1988,234,8.5,96.93%,136.71%,-0.461957,2026-08-21
NEXT,7.12,2026-09-18,27,Call,8.00,-12.36%,0.1,0.15,0.2,3365,396,8.5,54.22%,55.84%,0.250231,2026-08-21
MSFT,483.24,2026-08-24,2,Call,487.50,-0.88%,1.11,1.29,1.43,2007,237,8.47,26.16%,20.19%,0.284534,2026-08-21
HOOD,108.13,2026-08-28,6,Call,108.00,+0.12%,4.35,4.42,4.55,3580,423,8.46,65.70%,78.80%,0.527238,2026-08-21
TSLA,362.86,2026-08-31,9,Call,400.00,-10.24%,1.12,1.15,1.18,10221,1208,8.46,41.47%,45.92%,0.096295,2026-08-21
AMZN,258.63,2026-08-24,2,Put,260.00,+0.53%,2.32,2.54,2.59,5204,616,8.45,29.19%,22.35%,-0.618934,2026-08-21
CXW,34.01,2026-09-18,27,Call,32.00,+5.91%,2.7,2.75,2.9,5042,599,8.42,42.81%,45.51%,0.706735,2026-08-21
NVTS,12.97,2026-08-28,6,Call,13.00,-0.23%,0.6,0.61,0.64,5472,651,8.41,89.26%,95.11%,0.518708,2026-08-21
AVGO,368.45,2026-08-24,2,Call,367.50,+0.26%,3.75,4,4.25,1419,169,8.4,51.15%,31.96%,0.550808,2026-08-21
PNR,64.4,2026-09-18,27,Call,65.00,-0.93%,1.75,1.81,2.35,1566,187,8.37,32.21%,32.75%,0.482151,2026-08-21
DELL,442.08,2026-08-28,6,Call,455.00,-2.92%,10.45,10.63,10.8,978,117,8.36,79.98%,70.60%,0.394515,2026-08-21
MSFT,483.24,2026-08-24,2,Call,492.50,-1.92%,0.41,0.44,0.49,892,107,8.34,26.16%,21.48%,0.119827,2026-08-21
WMT,103.7,2026-09-04,13,Call,104.00,-0.29%,1.65,1.68,1.73,8342,1000,8.34,22.58%,22.90%,0.490586,2026-08-21
FCX,76.66,2026-08-28,6,Call,85.00,-10.88%,0.28,0.29,0.32,933,112,8.33,52.80%,62.21%,0.105821,2026-08-21
WULF,15.64,2026-09-11,20,Call,17.00,-8.70%,0.67,0.72,0.8,1055,127,8.31,90.17%,89.71%,0.365725,2026-08-21
AAL,13.82,2027-03-19,209,Put,12.00,-13.17%,0.83,1.07,1.15,1554,187,8.31,44.97%,46.42%,-0.273199,2026-08-21
UAMY,5.49,2027-02-19,181,Call,12.50,-127.69%,0.2,0.45,0.45,2731,329,8.3,95.93%,97.66%,0.204991,2026-08-21
CCL,25.73,2026-08-28,6,Call,27.00,-4.94%,0.12,0.13,0.16,1475,179,8.24,42.27%,41.46%,0.190478,2026-08-21
CRCL,87.98,2026-10-16,55,Put,100.00,+13.66%,18.2,18.9,19.65,3061,373,8.21,83.19%,85.13%,-0.584175,2026-08-21
AMZN,258.63,2026-08-28,6,Call,215.00,+16.87%,43.5,44.53,44.25,942,115,8.19,29.19%,67.43%,0.985629,2026-08-21
MO,66.09,2026-08-28,6,Put,67.00,+1.38%,1.27,1.46,1.5,1413,173,8.17,25.13%,24.52%,-0.666795,2026-08-21
AMZN,258.63,2026-08-24,2,Put,255.00,-1.40%,0.5,0.57,0.56,5442,666,8.17,29.19%,23.77%,-0.205426,2026-08-21
WEN,9.01,2026-09-11,20,Call,9.50,-5.44%,0.2,0.3,0.35,1290,159,8.11,47.93%,56.23%,0.364004,2026-08-21
RBLX,38.37,2026-08-28,6,Call,39.00,-1.64%,0.75,0.94,1.02,5819,719,8.09,56.68%,58.83%,0.432369,2026-08-21
ERO,39.42,2027-01-15,146,Call,50.00,-26.84%,2.25,2.85,2.85,3280,406,8.08,59.17%,56.63%,0.329302,2026-08-21
LUNR,18.32,2027-03-19,209,Put,22.00,+20.09%,7.3,7.83,8.4,831,103,8.07,96.96%,103.52%,-0.431945,2026-08-21
DT,49.3,2026-09-18,27,Put,45.00,-8.72%,0.5,0.7,0.85,2789,346,8.06,41.25%,43.43%,-0.197126,2026-08-21
PURR,10.58,2026-08-28,6,Call,10.50,+0.76%,0.8,0.95,1.05,1394,174,8.01,116.70%,163.81%,0.557248,2026-08-21
COP,134.87,2027-01-15,146,Call,165.00,-22.34%,2.59,2.68,3.05,1000,125,8,30.67%,32.83%,0.198293,2026-08-21
RIOT,19.83,2026-08-28,6,Call,23.50,-18.51%,0.13,0.11,0.2,2479,310,8,90.87%,108.95%,0.126821,2026-08-21
TSLA,362.86,2026-08-28,6,Put,360.00,-0.79%,6.7,6.75,6.9,7426,928,8,41.47%,44.57%,-0.430285,2026-08-21
AAPL,309.35,2026-08-28,6,Call,312.50,-1.02%,2.59,2.59,2.75,6459,813,7.94,24.73%,25.06%,0.388773,2026-08-21
TSLA,362.86,2026-08-24,2,Call,380.00,-4.72%,0.37,0.37,0.39,12952,1631,7.94,41.47%,42.65%,0.074959,2026-08-21
AMD,473.25,2027-09-17,391,Put,230.00,-51.40%,9.3,10.86,12.05,1621,206,7.87,52.97%,60.54%,-0.063519,2026-08-21
MU,966.78,2026-08-26,4,Call,970.00,-0.33%,21.55,22.9,22.95,1440,184,7.83,63.67%,58.48%,0.493087,2026-08-21
ORCL,146.47,2026-08-28,6,Put,148.00,+1.04%,4.9,4.9,5.25,2193,280,7.83,69.89%,57.05%,-0.540368,2026-08-21
JPM,351.58,2026-08-28,6,Put,337.50,-4.00%,0.22,0.42,0.46,1009,129,7.82,21.17%,22.45%,-0.074274,2026-08-21
PLTR,179.94,2026-08-28,6,Call,190.00,-5.59%,1.32,1.33,1.34,31582,4054,7.79,47.34%,50.03%,0.209885,2026-08-21
SMCI,37.24,2027-06-17,299,Call,40.00,-7.41%,10,10.4,10.6,6506,837,7.77,76.18%,82.25%,0.62553,2026-08-21
NVDA,214.72,2026-09-04,13,Call,217.50,-1.29%,6.6,6.6,6.7,5106,658,7.76,40.60%,48.31%,0.466788,2026-08-21
VRT,261.95,2026-08-28,6,Call,295.00,-12.62%,0.61,0.7,0.79,1582,205,7.72,56.44%,62.71%,0.076304,2026-08-21
AAPL,309.35,2026-08-28,6,Call,285.00,+7.87%,24,23.85,26,1637,212,7.72,24.73%,43.29%,0.935002,2026-08-21
LYB,67.53,2026-09-18,27,Call,57.50,+14.85%,9.6,10.8,11.6,4277,554,7.72,38.39%,53.15%,0.880737,2026-08-21
MU,966.78,2026-08-24,2,Put,950.00,-1.74%,6.45,7,7.4,2661,346,7.69,63.67%,48.67%,-0.305439,2026-08-21
UROY,4.38,2026-09-18,27,Call,4.00,+8.68%,0.55,0.6,0.6,1760,230,7.65,76.11%,76.18%,0.710432,2026-08-21
NOK,10.21,2026-09-04,13,Put,9.50,-6.95%,0.15,0.19,0.19,3166,414,7.65,60.27%,59.18%,-0.239407,2026-08-21
BABA,119.34,2026-10-16,55,Call,160.00,-34.07%,0.85,0.88,0.89,61990,8105,7.65,41.03%,51.49%,0.085777,2026-08-21
HUT,80.86,2026-10-16,55,Call,90.00,-11.30%,8.2,9,10.1,1075,141,7.62,99.62%,99.37%,0.471973,2026-08-21
COP,134.87,2026-10-16,55,Call,120.00,+11.03%,16.55,17.05,18.3,3639,479,7.6,30.67%,39.13%,0.801439,2026-08-21
PLTR,179.94,2026-08-28,6,Call,187.50,-4.20%,1.77,1.86,1.89,11337,1496,7.58,47.34%,49.33%,0.271006,2026-08-21
TSLA,362.86,2026-08-28,6,Put,350.00,-3.54%,3.15,3.3,3.3,12129,1601,7.58,41.47%,44.67%,-0.252087,2026-08-21
NVDA,214.72,2026-10-02,41,Put,205.00,-4.53%,6.45,6.7,6.85,2119,281,7.54,40.60%,39.58%,-0.330424,2026-08-21
IBRX,7.79,2026-09-04,13,Put,7.00,-10.14%,0.05,0.13,0.15,1037,139,7.46,73.32%,66.59%,-0.178004,2026-08-21
RIVN,16.97,2026-08-28,6,Call,17.50,-3.12%,0.3,0.33,0.33,9168,1229,7.46,57.79%,60.74%,0.363791,2026-08-21
ONON,30.02,2026-09-04,13,Put,29.00,-3.40%,0.35,0.4,0.64,833,112,7.44,37.81%,41.82%,-0.311529,2026-08-21
NVDA,214.72,2026-08-24,2,Call,207.50,+3.36%,7.3,7.56,7.75,1738,234,7.43,40.60%,36.28%,0.902077,2026-08-21
ORCL,146.47,2026-08-28,6,Call,146.00,+0.32%,4.6,4.78,4.9,2379,320,7.43,69.89%,59.98%,0.533795,2026-08-21
TSLA,362.86,2026-08-24,2,Put,340.00,-6.30%,0.12,0.13,0.13,10057,1355,7.42,41.47%,45.89%,-0.026324,2026-08-21
MSFT,483.24,2026-08-24,2,Call,490.00,-1.40%,0.71,0.74,0.79,6533,882,7.41,26.16%,20.66%,0.186593,2026-08-21
INTC,90.07,2026-08-24,2,Call,92.00,-2.14%,0.49,0.49,0.5,7962,1075,7.41,60.87%,45.42%,0.271305,2026-08-21
META,549.9,2026-08-24,2,Call,565.00,-2.75%,0.7,0.76,0.88,2223,300,7.41,34.97%,31.38%,0.125652,2026-08-21
RGTI,17.91,2026-08-28,6,Call,18.00,-0.50%,0.7,0.75,0.75,5128,693,7.4,81.31%,83.26%,0.504785,2026-08-21
BABA,119.34,2026-08-28,6,Put,118.00,-1.12%,1.95,2.05,2.21,3593,487,7.38,41.03%,44.49%,-0.409993,2026-08-21
AAPL,309.35,2026-08-24,2,Call,315.00,-1.83%,0.25,0.26,0.3,19060,2581,7.38,24.73%,20.47%,0.119977,2026-08-21
DE,647.47,2026-08-28,6,Call,700.00,-8.11%,0.7,0.77,0.85,1070,145,7.38,30.08%,37.99%,0.058375,2026-08-21
BMNR,22.83,2027-02-19,181,Call,20.00,+12.40%,6.5,6.65,6.85,10112,1372,7.37,80.20%,83.74%,0.7087,2026-08-21
TSLA,362.86,2026-08-26,4,Call,375.00,-3.35%,2.49,2.5,2.58,2597,353,7.36,41.47%,45.09%,0.252963,2026-08-21
STNG,78.49,2026-09-18,27,Call,80.00,-1.92%,2.2,2.48,2.7,1051,143,7.35,35.65%,36.28%,0.446123,2026-08-21
EQPT,18.51,2026-09-18,27,Put,17.50,-5.46%,0.95,1.25,1.2,2672,364,7.34,79.08%,79.31%,-0.352603,2026-08-21
MSTR,119.25,2026-09-04,13,Call,160.00,-34.17%,0.75,0.79,0.9,1270,174,7.3,78.64%,104.50%,0.082972,2026-08-21
BABA,119.34,2026-08-28,6,Put,114.00,-4.47%,0.7,0.7,0.79,1603,220,7.29,41.03%,43.33%,-0.196857,2026-08-21
AMD,473.25,2026-08-24,2,Call,477.50,-0.90%,3.55,3.68,4,1369,190,7.21,52.97%,39.97%,0.389454,2026-08-21
HOOD,108.13,2026-08-28,6,Call,110.00,-1.73%,3.55,3.55,3.65,28626,3983,7.19,65.70%,79.73%,0.455878,2026-08-21
SLS,15.46,2026-08-28,6,Call,16.00,-3.49%,1,1.15,1.4,1557,217,7.18,175.42%,180.68%,0.488099,2026-08-21
MU,966.78,2026-08-24,2,Call,980.00,-1.37%,7.3,7.5,7.95,3451,481,7.17,63.67%,45.66%,0.352272,2026-08-21
AMZN,258.63,2026-08-28,6,Call,257.50,+0.44%,4.55,4.59,4.7,2417,339,7.13,29.19%,29.94%,0.55916,2026-08-21
TMC,4.79,2026-08-28,6,Put,4.50,-6.05%,0.12,0.1,0.22,1542,217,7.11,101.43%,123.66%,-0.316866,2026-08-21
BORR,4.5,2028-01-21,517,Put,5.00,+11.11%,1.3,1.55,1.85,1162,164,7.09,59.12%,57.61%,-0.413714,2026-08-21
MRK,152.55,2027-01-15,146,Put,140.00,-8.23%,6.1,6.38,6.7,4001,567,7.06,29.08%,32.58%,-0.290595,2026-08-21
MSTR,119.25,2026-08-28,6,Put,104.00,-12.79%,0.58,0.67,0.72,1260,179,7.04,78.64%,86.92%,-0.098784,2026-08-21
AAPL,309.35,2026-08-24,2,Put,305.00,-1.41%,0.42,0.48,0.5,10000,1423,7.03,24.73%,20.99%,-0.176224,2026-08-21
SG,6.99,2026-08-28,6,Call,7.00,-0.14%,0.2,0.3,0.3,2210,315,7.02,75.57%,70.73%,0.514421,2026-08-21
TRIP,10,2027-12-17,482,Put,3.00,-70.00%,0.05,0.21,2.6,701,100,7.01,54.35%,173.44%,-0.052794,2026-08-21
INTC,90.07,2026-08-24,2,Call,91.00,-1.03%,0.77,0.78,0.8,6724,960,7,60.87%,44.39%,0.385481,2026-08-21
AMD,473.25,2026-08-24,2,Put,470.00,-0.69%,4,4.15,4.3,1335,191,6.99,52.97%,40.66%,-0.401428,2026-08-21
HL,20.72,2026-12-18,118,Put,19.00,-8.30%,1.89,2.13,2.32,2023,290,6.98,62.92%,66.65%,-0.328817,2026-08-21
NVDA,214.72,2026-08-31,9,Call,232.50,-8.28%,1.59,1.63,1.66,1010,145,6.97,40.60%,52.02%,0.177817,2026-08-21
MSFT,483.24,2026-08-24,2,Put,480.00,-0.67%,1.35,1.46,1.64,3334,481,6.93,26.16%,20.03%,-0.319049,2026-08-21
DAR,65.74,2026-09-18,27,Call,67.50,-2.68%,1.85,2.23,2.95,1033,150,6.89,42.22%,43.34%,0.443353,2026-08-21
MSTR,119.25,2026-09-04,13,Call,150.00,-25.79%,1.28,1.33,1.42,3074,448,6.86,78.64%,99.25%,0.130438,2026-08-21
BABA,119.34,2026-09-04,13,Put,112.00,-6.15%,0.93,1.02,1.1,934,137,6.82,41.03%,40.70%,-0.193049,2026-08-21
AMD,473.25,2026-08-24,2,Put,467.50,-1.22%,3.1,3.02,3.45,935,137,6.82,52.97%,41.22%,-0.336678,2026-08-21
TSLA,362.86,2026-08-28,6,Call,365.00,-0.59%,7.3,7.42,7.5,23105,3400,6.8,41.47%,44.75%,0.474716,2026-08-21
NVDA,214.72,2026-08-24,2,Put,230.00,+7.12%,15.05,15.4,15.4,2726,403,6.76,40.60%,53.31%,-0.958528,2026-08-21
TSLA,362.86,2026-08-26,4,Put,345.00,-4.92%,1.15,1.18,1.2,2350,348,6.75,41.47%,44.80%,-0.134067,2026-08-21
PSNL,18.38,2026-09-18,27,Call,20.00,-8.81%,0.6,0.64,0.8,2726,404,6.75,68.97%,64.57%,0.352728,2026-08-21
MRNA,145.13,2026-08-28,6,Put,130.00,-10.43%,3.65,3.85,3.8,3506,520,6.74,96.93%,134.53%,-0.23341,2026-08-21
TTWO,239.62,2026-08-28,6,Put,230.00,-4.01%,1.85,2.9,3,740,110,6.73,41.91%,50.81%,-0.251518,2026-08-21
AVGO,368.45,2026-08-24,2,Call,375.00,-1.78%,1,1.1,1.18,2855,426,6.7,51.15%,30.91%,0.226055,2026-08-21
BIDU,93.21,2026-08-28,6,Put,97.00,+4.07%,3.95,3.82,4.8,836,125,6.69,39.66%,40.31%,-0.770583,2026-08-21
MARA,11.26,2026-08-28,6,Put,11.50,+2.13%,0.7,0.72,0.75,3395,508,6.68,92.06%,103.32%,-0.535671,2026-08-21
MU,966.78,2026-08-24,2,Put,925.00,-4.32%,1.88,2.11,2.17,1054,158,6.67,63.67%,50.40%,-0.11361,2026-08-21
AVGO,368.45,2026-08-24,2,Call,377.50,-2.46%,0.64,0.64,0.73,1187,178,6.67,51.15%,31.59%,0.154055,2026-08-21
CHYM,32.78,2027-01-15,146,Put,20.00,-38.99%,0.25,0.45,0.8,6317,951,6.64,47.95%,64.61%,-0.073884,2026-08-21
MARA,11.26,2026-08-28,6,Put,11.00,-2.31%,0.43,0.45,0.48,8517,1287,6.62,92.06%,101.68%,-0.401975,2026-08-21
BMNR,22.83,2026-09-04,13,Call,20.00,+12.40%,3.15,3.28,3.4,10616,1609,6.6,80.20%,87.86%,0.812838,2026-08-21
KMX,62.13,2026-09-18,27,Call,67.50,-8.64%,1,1.08,1.15,3049,463,6.59,44.87%,42.44%,0.261988,2026-08-21
LQDA,68.62,2026-08-28,6,Put,60.00,-12.56%,0.75,0.9,1.5,3621,551,6.57,111.83%,124.05%,-0.176963,2026-08-21
SHOP,149.25,2026-08-28,6,Call,155.00,-3.85%,1.31,1.4,1.48,2687,409,6.57,45.20%,45.33%,0.270518,2026-08-21
TSLA,362.86,2026-08-26,4,Put,340.00,-6.30%,0.67,0.68,0.72,2669,407,6.56,41.47%,46.28%,-0.084593,2026-08-21
COIN,186.49,2026-08-28,6,Call,195.00,-4.56%,4.45,4.56,4.65,4902,747,6.56,70.19%,82.70%,0.358587,2026-08-21
TSLA,362.86,2026-08-26,4,Call,370.00,-1.97%,3.75,3.85,3.9,7304,1115,6.55,41.47%,44.15%,0.348267,2026-08-21
BE,201.45,2026-08-28,6,Call,215.00,-6.73%,4,4.11,4.25,2451,375,6.54,85.76%,87.82%,0.302706,2026-08-21
ED,106.35,2026-09-18,27,Call,105.00,+1.27%,2.7,2.76,3.1,882,135,6.53,16.86%,18.74%,0.609251,2026-08-21
XYZ,82.16,2026-08-28,6,Call,86.00,-4.67%,0.45,0.48,0.48,4135,633,6.53,38.67%,40.52%,0.199951,2026-08-21
WMT,103.7,2026-08-28,6,Call,104.00,-0.29%,1.13,1.15,1.16,12565,1928,6.52,22.58%,23.88%,0.474145,2026-08-21
TSLA,362.86,2026-09-04,13,Put,365.00,+0.59%,12.35,13,12.7,756,116,6.52,41.47%,42.52%,-0.508317,2026-08-21
TSLA,362.86,2026-08-31,9,Call,365.00,-0.59%,8.25,8.64,8.65,1727,265,6.52,41.47%,40.95%,0.481893,2026-08-21
ENVX,3.38,2027-04-16,237,Call,5.00,-47.93%,0.6,0.72,0.81,2607,400,6.52,93.85%,103.47%,0.491304,2026-08-21
GOOGL,344.82,2026-08-24,2,Put,332.50,-3.57%,0.08,0.12,0.12,675,104,6.49,28.86%,27.52%,-0.035594,2026-08-21
AMD,473.25,2026-08-24,2,Call,480.00,-1.43%,2.75,3,3.05,3053,472,6.47,52.97%,39.87%,0.323314,2026-08-21
CBRS,196.13,2026-08-28,6,Call,240.00,-22.37%,1.1,1.37,1.5,2501,388,6.45,90.25%,115.82%,0.100072,2026-08-21
HOOD,108.13,2026-08-28,6,Call,102.00,+5.67%,7.55,7.9,8.1,3771,585,6.45,65.70%,74.29%,0.747521,2026-08-21
TMC,4.79,2027-02-19,181,Call,4.00,+16.49%,1.71,1.71,1.98,4421,685,6.45,101.43%,115.18%,0.742857,2026-08-21
GOOGL,344.82,2026-08-28,6,Call,355.00,-2.95%,1.61,1.65,1.68,20089,3124,6.43,28.86%,28.93%,0.226314,2026-08-21
COIN,186.49,2026-08-28,6,Call,235.00,-26.01%,0.43,0.49,0.49,705,110,6.41,70.19%,103.40%,0.047137,2026-08-21
CLSK,11.98,2026-08-28,6,Call,13.50,-12.69%,0.13,0.15,0.16,3495,546,6.4,86.18%,97.47%,0.187083,2026-08-21
GLXY,23.64,2026-08-28,6,Call,26.00,-9.98%,0.33,0.33,0.5,2546,399,6.38,85.14%,98.92%,0.247543,2026-08-21
XPEV,12.19,2026-08-28,6,Put,12.50,+2.54%,0.72,0.71,0.89,2298,361,6.37,58.83%,101.76%,-0.549257,2026-08-21
LYB,67.53,2026-09-18,27,Call,55.00,+18.55%,11.4,13.4,14.1,3410,535,6.37,38.39%,50.70%,0.939779,2026-08-21
AI,10.3,2026-08-28,6,Call,11.00,-6.80%,0.08,0.11,0.13,4922,775,6.35,83.22%,63.74%,0.224686,2026-08-21
ASTS,68.65,2026-08-28,6,Call,73.00,-6.34%,1.32,1.31,1.42,2042,322,6.34,80.52%,84.35%,0.305504,2026-08-21
AMD,473.25,2026-08-24,2,Call,492.50,-4.07%,0.62,0.72,0.73,690,109,6.33,52.97%,41.29%,0.09981,2026-08-21
PPG,113.63,2026-09-18,27,Call,115.00,-1.21%,1.55,2.76,3.2,840,133,6.32,25.07%,23.98%,0.444291,2026-08-21
BRK.B,495.82,2026-08-28,6,Put,490.00,-1.17%,1.14,1.39,1.48,2350,372,6.32,13.86%,14.10%,-0.244788,2026-08-21
AAPL,309.35,2026-08-26,4,Call,312.50,-1.02%,1.7,1.93,1.93,3109,492,6.32,24.73%,23.88%,0.352532,2026-08-21
TSLA,362.86,2026-08-26,4,Put,312.50,-13.88%,0.13,0.15,0.15,637,101,6.31,41.47%,67.10%,-0.015109,2026-08-21
NVDA,214.72,2026-08-24,2,Call,197.50,+8.02%,14.7,17.28,18.9,1932,306,6.31,40.60%,48.89%,0.990136,2026-08-21
TSLA,362.86,2026-08-26,4,Call,410.00,-12.99%,0.21,0.22,0.23,958,152,6.3,41.47%,59.06%,0.026308,2026-08-21
AAL,13.82,2026-10-16,55,Put,12.00,-13.17%,0.22,0.29,0.3,4922,782,6.29,44.97%,44.89%,-0.182299,2026-08-21
HMY,23.54,2026-09-18,27,Call,23.00,+2.29%,1.75,1.75,2,1621,258,6.28,61.24%,63.46%,0.585189,2026-08-21
MSTR,119.25,2026-08-28,6,Call,160.00,-34.17%,0.28,0.28,0.29,2776,442,6.28,78.64%,124.46%,0.03933,2026-08-21
CLF,11.27,2026-10-16,55,Put,9.00,-20.14%,0.21,0.26,0.33,4875,778,6.27,65.01%,66.65%,-0.15651,2026-08-21
LQDA,68.62,2026-09-04,13,Put,55.00,-19.85%,0.45,1.35,1.7,3882,621,6.25,111.83%,115.75%,-0.129764,2026-08-21
TSLA,362.86,2026-08-28,6,Call,410.00,-12.99%,0.43,0.44,0.44,11024,1765,6.25,41.47%,54.21%,0.043273,2026-08-21
AMZN,258.63,2026-08-28,6,Call,225.00,+13.00%,33.55,34.07,34.3,729,117,6.23,29.19%,55.56%,0.977208,2026-08-21
SKHY,163.41,2026-12-18,118,Put,160.00,-2.09%,24.2,24.88,25.5,4417,710,6.22,71.90%,75.47%,-0.388046,2026-08-21
AMD,473.25,2026-09-11,20,Call,475.00,-0.37%,22.5,23.3,23.8,835,135,6.19,52.97%,53.28%,0.519424,2026-08-21
UEC,12.76,2026-08-28,6,Call,13.00,-1.88%,0.33,0.38,0.37,2551,412,6.19,69.82%,69.38%,0.437098,2026-08-21
APP,305.77,2026-08-28,6,Call,315.00,-3.02%,4.8,5.1,5.4,1827,296,6.17,55.81%,56.09%,0.355943,2026-08-21
YUMC,49.52,2026-09-18,27,Call,52.50,-6.02%,0.15,0.3,0.35,1017,165,6.16,23.50%,21.32%,0.167718,2026-08-21
RXRX,3.5,2026-10-02,41,Call,1.00,+71.43%,1.8,2.61,3.85,1023,166,6.16,85.81%,488.40%,0.943678,2026-08-21
MU,966.78,2026-08-24,2,Put,960.00,-0.70%,9.9,10.54,11,2480,403,6.15,63.67%,47.96%,-0.412684,2026-08-21
MRNA,145.13,2026-08-28,6,Put,150.00,+3.36%,12.4,13.01,13.6,2910,473,6.15,96.93%,138.41%,-0.537724,2026-08-21
HRL,23.88,2026-09-18,27,Call,24.00,-0.50%,0.75,0.8,1.05,3927,640,6.14,32.34%,37.35%,0.496504,2026-08-21
CNH,11.87,2026-12-18,118,Call,12.50,-5.31%,0.7,0.84,0.9,2085,342,6.1,41.72%,39.39%,0.451405,2026-08-21
LYB,67.53,2026-09-18,27,Call,50.00,+25.96%,17.4,18.3,18,2135,350,6.1,38.39%,66.34%,0.960601,2026-08-21
SNOW,332.78,2026-08-28,6,Call,360.00,-8.18%,1.19,1.38,1.43,757,125,6.06,71.21%,51.27%,0.124194,2026-08-21
RIOT,19.83,2026-08-28,6,Call,22.50,-13.46%,0.22,0.28,0.27,2939,485,6.06,90.87%,101.68%,0.184235,2026-08-21
TSLA,362.86,2026-08-26,4,Call,400.00,-10.24%,0.35,0.36,0.37,5588,925,6.04,41.47%,53.50%,0.044104,2026-08-21
ASST,18.22,2026-09-04,13,Call,18.00,+1.21%,1.47,1.61,1.8,1183,196,6.04,105.64%,111.04%,0.567073,2026-08-21
TSLA,362.86,2026-08-26,4,Call,360.00,+0.79%,7.9,8.2,8.9,5478,909,6.03,41.47%,45.02%,0.579236,2026-08-21
HOOD,108.13,2026-09-04,13,Call,113.00,-4.50%,3.9,3.29,4.3,841,140,6.01,65.70%,74.32%,0.407193,2026-08-21
AAPL,309.35,2026-08-28,6,Call,290.00,+6.26%,18.55,19.05,21.1,1251,208,6.01,24.73%,32.58%,0.942932,2026-08-21
HOOD,108.13,2026-09-25,34,Call,130.00,-20.23%,2.3,2.6,2.7,1638,273,6,65.70%,67.05%,0.217387,2026-08-21
MSTR,119.25,2026-08-28,6,Call,145.00,-21.59%,0.68,0.7,0.72,3562,594,6,78.64%,109.76%,0.094298,2026-08-21
SLB,53.87,2026-08-28,6,Put,52.00,-3.47%,0.16,0.29,0.29,1035,173,5.98,33.29%,31.64%,-0.184899,2026-08-21
CORZ,17.81,2026-10-16,55,Call,20.00,-12.30%,1.24,1.35,1.5,2322,389,5.97,76.90%,77.76%,0.414939,2026-08-21
MU,966.78,2026-08-26,4,Call,"1,030.00",-6.54%,5,5.14,5.55,594,100,5.94,63.67%,60.31%,0.167101,2026-08-21
FLEX,110.45,2026-09-18,27,Call,115.00,-4.12%,5.7,5.7,8,1080,182,5.93,67.95%,72.25%,0.462725,2026-08-21
HIMS,33.78,2026-08-28,6,Put,33.50,-0.83%,1.16,1.16,1.25,633,107,5.92,75.84%,78.44%,-0.445158,2026-08-21
RLAY,19.44,2026-09-18,27,Call,20.00,-2.88%,1,0.95,1.35,1001,170,5.89,86.19%,66.26%,0.479021,2026-08-21
APPS,10.87,2026-09-18,27,Call,7.00,+35.60%,3.7,3.75,4.1,752,128,5.88,77.29%,76.92%,0.986823,2026-08-21
APLD,27.21,2026-10-02,41,Put,23.00,-15.47%,0.97,1.26,1.39,811,138,5.88,88.21%,84.75%,-0.227662,2026-08-21
AMZN,258.63,2026-08-26,4,Call,215.00,+16.87%,42.25,44.42,44.85,646,110,5.87,29.19%,113.06%,0.947768,2026-08-21
BA,214.2,2026-08-28,6,Call,215.00,-0.37%,2.9,2.94,2.95,1531,261,5.87,30.32%,30.19%,0.468892,2026-08-21
BULL,8.78,2026-09-11,20,Put,9.00,+2.51%,0.24,0.55,0.75,784,134,5.85,55.70%,46.31%,-0.564147,2026-08-21
BTDR,11.37,2026-12-18,118,Call,16.00,-40.72%,1.35,1.4,1.75,1406,241,5.83,105.58%,109.94%,0.415228,2026-08-21
LCID,5.51,2027-06-17,299,Call,5.00,+9.26%,1.49,1.8,2.16,634,109,5.82,78.89%,80.26%,0.706069,2026-08-21
IOVA,8.29,2026-08-28,6,Put,8.00,-3.50%,0.25,0.25,0.35,820,141,5.82,95.94%,103.63%,-0.367581,2026-08-21
MSTR,119.25,2026-08-28,6,Put,115.00,-3.56%,3.2,3.28,3.35,3257,560,5.82,78.64%,85.98%,-0.348638,2026-08-21
TGT,165.44,2026-09-04,13,Put,162.50,-1.78%,2.07,2.28,2.46,933,161,5.8,28.92%,28.87%,-0.358599,2026-08-21
BMNR,22.83,2026-08-28,6,Put,21.50,-5.83%,0.4,0.43,0.45,921,159,5.79,80.20%,83.75%,-0.268492,2026-08-21
NFLX,79.59,2026-09-04,13,Put,80.00,+0.52%,2.01,2.05,2.09,1267,219,5.79,32.12%,31.40%,-0.51636,2026-08-21
HOOD,108.13,2026-08-28,6,Call,106.00,+1.97%,5.35,5.42,5.6,3542,613,5.78,65.70%,78.39%,0.600319,2026-08-21
BABA,119.34,2026-08-28,6,Call,125.00,-4.74%,1,1.03,1.1,10453,1811,5.77,41.03%,49.45%,0.242265,2026-08-21
BXP,67.67,2026-10-16,55,Put,65.00,-3.95%,1.25,1.72,2.15,2321,404,5.75,26.05%,27.61%,-0.333736,2026-08-21
PLTR,179.94,2026-08-28,6,Call,177.50,+1.36%,5.85,5.92,6,10692,1860,5.75,47.34%,49.68%,0.600872,2026-08-21
QCOM,160.75,2026-08-28,6,Put,157.50,-2.02%,1.95,2.08,2.2,3528,616,5.73,42.85%,42.68%,-0.34292,2026-08-21
NVDA,214.72,2026-09-02,11,Call,250.00,-16.43%,0.42,0.49,0.48,728,127,5.73,40.60%,53.07%,0.055381,2026-08-21
PLOW,42.18,2026-09-18,27,Call,45.00,-6.69%,0.7,0.7,0.75,1031,180,5.73,37.90%,37.80%,0.283098,2026-08-21
HL,20.72,2026-08-28,6,Put,19.00,-8.30%,0.12,0.14,0.15,594,104,5.71,62.92%,66.53%,-0.143446,2026-08-21
MU,966.78,2026-08-24,2,Call,"1,080.00",-11.71%,0.06,0.1,0.21,889,156,5.7,63.67%,62.61%,0.009099,2026-08-21
OPEN,3.53,2026-09-11,20,Put,3.50,-0.85%,0.2,0.2,0.22,2563,450,5.7,73.81%,69.48%,-0.442955,2026-08-21
BMNR,22.83,2026-08-28,6,Put,22.00,-3.64%,0.57,0.6,0.64,8491,1489,5.7,80.20%,84.51%,-0.344387,2026-08-21
SPCX,136.97,2026-09-04,13,Call,135.00,+1.44%,7.15,7.3,7.4,4946,870,5.69,59.18%,60.08%,0.577651,2026-08-21
COIN,186.49,2026-08-28,6,Put,165.00,-11.52%,0.87,0.89,0.93,4952,870,5.69,70.19%,77.41%,-0.098735,2026-08-21
CLSK,11.98,2026-08-28,6,Call,12.50,-4.34%,0.35,0.35,0.4,7550,1326,5.69,86.18%,95.39%,0.38919,2026-08-21
HPQ,29.71,2026-09-04,13,Put,28.00,-5.76%,0.74,0.84,0.97,569,100,5.69,58.33%,72.05%,-0.307025,2026-08-21
HPQ,29.71,2026-12-18,118,Call,38.00,-27.90%,1.15,1.17,1.45,814,143,5.69,58.33%,55.60%,0.264307,2026-08-21
MSTR,119.25,2026-09-18,27,Call,5.00,+95.81%,113.15,116,115.7,1131,199,5.68,78.64%,542.02%,0.998076,2026-08-21
NTRA,332.03,2026-09-18,27,Call,350.00,-5.41%,6.6,7.77,9.5,1159,204,5.68,41.49%,40.78%,0.346207,2026-08-21
RIVN,16.97,2026-08-28,6,Put,17.00,+0.18%,0.53,0.54,0.57,1439,254,5.67,57.79%,62.12%,-0.490589,2026-08-21
ZIM,28.25,2026-08-28,6,Call,28.00,+0.88%,0.7,0.7,0.8,824,146,5.64,42.14%,42.40%,0.578844,2026-08-21
AAPL,309.35,2026-09-02,11,Call,320.00,-3.44%,1.5,1.65,1.72,1019,181,5.63,24.73%,24.02%,0.221473,2026-08-21
RIOT,19.83,2026-08-28,6,Call,21.50,-8.42%,0.37,0.4,0.43,1335,237,5.63,90.87%,96.82%,0.279424,2026-08-21
LQDA,68.62,2026-09-04,13,Put,45.00,-34.42%,0.1,0.2,0.25,1960,348,5.63,111.83%,123.26%,-0.026479,2026-08-21
AAPL,309.35,2026-08-26,4,Call,322.50,-4.25%,0.22,0.23,0.25,3385,604,5.6,24.73%,25.81%,0.065031,2026-08-21
AMZN,258.63,2026-08-24,2,Call,267.50,-3.43%,0.11,0.11,0.13,7173,1284,5.59,29.19%,27.92%,0.053521,2026-08-21
AAPL,309.35,2026-08-26,4,Call,310.00,-0.21%,2.65,2.8,2.94,3018,540,5.59,24.73%,23.64%,0.476889,2026-08-21
PFE,28.07,2026-08-28,6,Call,28.50,-1.53%,0.15,0.16,0.17,6538,1172,5.58,22.70%,23.16%,0.305376,2026-08-21
TSLA,362.86,2026-09-04,13,Put,360.00,-0.79%,9.9,9.93,10.1,862,155,5.56,41.47%,42.52%,-0.439761,2026-08-21
MSTR,119.25,2026-08-28,6,Call,118.00,+1.05%,5.85,5.95,6.05,1423,258,5.52,78.64%,86.82%,0.561863,2026-08-21
QCOM,160.75,2026-08-28,6,Call,170.00,-5.75%,0.92,0.94,0.99,9107,1651,5.52,42.85%,47.00%,0.185384,2026-08-21
TSLA,362.86,2026-09-02,11,Call,365.00,-0.59%,9.55,10.02,10,606,110,5.51,41.47%,42.18%,0.488527,2026-08-21
EXC,43.78,2026-09-18,27,Call,47.00,-7.35%,0.1,0.15,0.2,2428,441,5.51,20.66%,21.76%,0.120463,2026-08-21
MRNA,145.13,2026-08-28,6,Call,175.00,-20.58%,2.6,2.55,2.99,1748,319,5.48,96.93%,151.98%,0.194871,2026-08-21
TSLA,362.86,2026-08-26,4,Call,362.50,+0.10%,6.65,6.73,6.9,2685,490,5.48,41.47%,43.06%,0.521289,2026-08-21
CB,340.99,2027-01-15,146,Call,390.00,-14.37%,2.55,4.58,5.8,602,110,5.47,18.49%,20.37%,0.18437,2026-08-21
HL,20.72,2026-08-28,6,Put,21.00,+1.35%,0.64,0.83,1.05,902,165,5.47,62.92%,65.85%,-0.544384,2026-08-21
CFG,69.86,2026-09-18,27,Call,75.00,-7.36%,0.05,0.35,0.4,1768,323,5.47,24.38%,21.20%,0.116911,2026-08-21
MARA,11.26,2026-08-28,6,Call,12.50,-11.01%,0.2,0.21,0.22,19182,3514,5.46,92.06%,106.89%,0.245246,2026-08-21
PLTR,179.94,2026-08-28,6,Put,190.00,+5.59%,11.15,11.37,11.5,631,116,5.44,47.34%,50.47%,-0.789627,2026-08-21
PCG,17.6,2026-10-16,55,Call,22.00,-25.00%,0.27,0.28,0.31,2534,466,5.44,56.62%,52.70%,0.165853,2026-08-21
JD,29.37,2026-08-28,6,Call,30.50,-3.85%,0.09,0.16,0.17,728,134,5.43,30.96%,33.84%,0.189492,2026-08-21
QUBT,8.92,2026-08-28,6,Call,9.00,-0.90%,0.3,0.35,0.35,5777,1064,5.43,74.00%,78.85%,0.487282,2026-08-21
AAPL,309.35,2026-08-24,2,Put,310.00,+0.21%,1.97,2.05,2.23,12278,2270,5.41,24.73%,19.50%,-0.551238,2026-08-21
BRO,72.92,2026-09-18,27,Call,75.00,-2.85%,1.2,1.26,1.55,1668,310,5.38,30.66%,27.55%,0.377624,2026-08-21
AMZN,258.63,2026-08-24,2,Put,262.50,+1.50%,4.25,4.25,4.5,2620,487,5.38,29.19%,24.30%,-0.791932,2026-08-21
CYTK,76.84,2026-09-18,27,Call,95.00,-23.63%,0.5,0.7,0.9,581,109,5.33,52.45%,61.10%,0.119482,2026-08-21
AMD,473.25,2026-08-24,2,Call,500.00,-5.65%,0.27,0.29,0.31,5353,1006,5.32,52.97%,43.63%,0.04646,2026-08-21
PDD,88.38,2026-12-18,118,Call,110.00,-24.46%,2,2.11,2.23,11586,2180,5.31,43.17%,39.42%,0.209317,2026-08-21
META,549.9,2026-08-24,2,Put,542.50,-1.35%,1.7,1.77,1.89,780,147,5.31,34.97%,28.54%,-0.254788,2026-08-21
TSLA,362.86,2026-08-28,6,Call,380.00,-4.72%,2.76,2.78,2.83,24481,4615,5.3,41.47%,46.24%,0.22998,2026-08-21
TSLA,362.86,2026-09-04,13,Put,322.50,-11.12%,1.13,1.17,1.18,603,114,5.29,41.47%,45.99%,-0.078414,2026-08-21
HOOD,108.13,2026-08-28,6,Call,113.00,-4.50%,2.37,2.6,2.66,2836,537,5.28,65.70%,79.93%,0.354609,2026-08-21
ASTS,68.65,2026-08-28,6,Call,67.00,+2.40%,3.55,3.51,4.75,861,164,5.25,80.52%,93.34%,0.605706,2026-08-21
NBIS,219.13,2026-08-28,6,Call,222.50,-1.54%,8.75,9,9.25,529,101,5.24,91.90%,93.41%,0.475042,2026-08-21
APP,305.77,2026-11-20,90,Call,390.00,-27.55%,12.3,15.39,20.1,613,117,5.24,55.81%,67.13%,0.29636,2026-08-21
CDE,20.97,2026-09-04,13,Call,21.50,-2.53%,0.75,1.07,0.95,673,129,5.22,65.57%,67.89%,0.451493,2026-08-21
META,549.9,2026-08-24,2,Put,547.50,-0.44%,3.35,3.58,3.7,814,156,5.22,34.97%,28.78%,-0.411774,2026-08-21
CHD,98.8,2026-09-18,27,Call,100.00,-1.21%,1.5,1.8,1.95,1033,198,5.22,20.16%,20.42%,0.436927,2026-08-21
AMD,473.25,2026-08-24,2,Call,470.00,+0.69%,7.05,7.35,7.9,1843,353,5.22,52.97%,40.55%,0.599192,2026-08-21
BAC,61.69,2026-09-04,13,Call,62.00,-0.50%,0.81,0.83,0.86,787,151,5.21,21.45%,20.72%,0.463059,2026-08-21
MRNA,145.13,2026-08-28,6,Call,160.00,-10.25%,5,5.11,5.55,4283,822,5.21,96.93%,143.09%,0.331132,2026-08-21
TRVI,17.96,2026-09-18,27,Call,17.00,+5.35%,1.4,1.5,1.6,3028,583,5.19,46.40%,48.10%,0.693537,2026-08-21
TSLA,362.86,2026-08-24,2,Call,395.00,-8.86%,0.1,0.11,0.12,762,147,5.18,41.47%,55.34%,0.020368,2026-08-21
VRT,261.95,2027-06-17,299,Put,195.00,-25.56%,21.45,22.69,22.65,803,155,5.18,56.44%,62.89%,-0.19801,2026-08-21
HOOD,108.13,2026-08-28,6,Call,130.00,-20.23%,0.3,0.33,0.35,1784,345,5.17,65.70%,90.04%,0.062667,2026-08-21
HOOD,108.13,2026-08-28,6,Call,116.00,-7.28%,1.81,1.83,2,1708,331,5.16,65.70%,84.50%,0.277958,2026-08-21
NVO,46.74,2027-03-19,209,Call,47.50,-1.63%,5.3,5.37,5.5,3712,719,5.16,32.13%,44.14%,0.51679,2026-08-21
OMC,87.54,2026-09-18,27,Call,90.00,-2.81%,1.45,1.75,2,819,159,5.15,30.27%,28.95%,0.376553,2026-08-21
NBIS,219.13,2026-09-11,20,Call,230.00,-4.96%,13.4,14.7,15.15,786,153,5.14,91.90%,91.03%,0.455659,2026-08-21
BABA,119.34,2026-08-28,6,Call,127.00,-6.42%,0.68,0.75,0.77,2378,464,5.13,41.03%,50.74%,0.177853,2026-08-21
PLTR,179.94,2026-08-28,6,Call,185.00,-2.81%,2.56,2.57,2.6,21351,4162,5.13,47.34%,49.75%,0.346952,2026-08-21
AMD,473.25,2026-08-26,4,Call,490.00,-3.54%,4.1,4.3,4.45,634,124,5.11,52.97%,52.48%,0.27474,2026-08-21
ZS,181.74,2026-08-28,6,Put,160.00,-11.96%,0.05,0.21,0.48,1042,204,5.11,73.84%,60.14%,-0.044727,2026-08-21
DVN,49.1,2026-08-28,6,Call,51.00,-3.87%,0.07,0.29,0.3,735,144,5.1,33.49%,31.20%,0.177461,2026-08-21
CLSK,11.98,2026-10-16,55,Call,12.00,-0.17%,1.57,1.6,1.74,944,185,5.1,86.18%,88.55%,0.572706,2026-08-21
SPCE,3.08,2026-08-28,6,Put,3.50,+13.64%,0.42,0.44,0.49,508,100,5.08,82.63%,101.15%,-0.821152,2026-08-21
DK,71.47,2026-09-18,27,Call,75.00,-4.94%,2.95,3.5,4,2864,564,5.08,67.13%,63.05%,0.425813,2026-08-21
NVAX,8.94,2026-08-28,6,Call,9.50,-6.26%,0.15,0.2,0.25,2908,572,5.08,75.97%,89.23%,0.319622,2026-08-21
TSLA,362.86,2026-08-31,9,Call,370.00,-1.97%,6.3,6.53,6.6,3056,601,5.08,41.47%,41.27%,0.399554,2026-08-21
BSX,50.37,2026-11-20,90,Call,70.00,-38.97%,0.35,0.4,0.65,4009,789,5.08,37.85%,46.14%,0.100209,2026-08-21
PSNL,18.38,2027-01-15,146,Call,20.00,-8.81%,1.75,2.25,2.5,4142,817,5.07,68.97%,57.21%,0.496013,2026-08-21
MRNA,145.13,2026-08-28,6,Call,170.00,-17.14%,3.1,3.34,3.55,4398,867,5.07,96.93%,146.94%,0.22896,2026-08-21
META,549.9,2026-08-24,2,Put,552.50,+0.47%,5.8,6.22,6.4,532,105,5.07,34.97%,29.10%,-0.580034,2026-08-21
ASTS,68.65,2026-09-04,13,Call,73.00,-6.34%,2.48,2.56,2.74,689,136,5.07,80.52%,82.97%,0.379849,2026-08-21
SNDK,1596.08,2026-08-28,6,Call,"1,650.00",-3.38%,43.6,44,44.8,1866,368,5.07,77.80%,81.24%,0.396964,2026-08-21
TSCO,34.98,2026-08-28,6,Call,32.00,+8.52%,2.75,2.85,3.2,2100,414,5.07,32.82%,31.51%,0.986599,2026-08-21
CIFR,15.77,2026-11-20,90,Call,16.00,-1.46%,3.2,3.39,3.55,2898,572,5.07,106.51%,110.49%,0.604359,2026-08-21
FSLR,214.28,2026-08-28,6,Call,220.00,-2.67%,2.65,3.3,3.9,729,144,5.06,49.11%,50.75%,0.358231,2026-08-21
MU,966.78,2026-08-24,2,Put,"1,000.00",+3.44%,35.2,36.55,37.5,1256,248,5.06,63.67%,48.36%,-0.822284,2026-08-21
NVDA,214.72,2026-08-28,6,Put,197.50,-8.02%,1.03,1.05,1.06,2245,444,5.06,40.60%,59.01%,-0.125264,2026-08-21
APP,305.77,2026-08-28,6,Put,297.50,-2.70%,4.6,5.2,5.6,509,101,5.04,55.81%,56.23%,-0.335959,2026-08-21
MSFT,483.24,2026-08-24,2,Call,480.00,+0.67%,4.8,4.97,5.4,681,135,5.04,26.16%,22.29%,0.66475,2026-08-21
AVGO,368.45,2026-08-28,6,Call,392.50,-6.53%,1.45,1.59,1.71,583,116,5.03,51.15%,45.35%,0.146795,2026-08-21
EQNR,42.86,2026-09-18,27,Call,44.00,-2.66%,1.1,1.29,1.45,572,114,5.02,33.69%,37.83%,0.420269,2026-08-21
FRSH,12.98,2026-11-20,90,Put,10.00,-22.96%,0.25,0.3,0.4,551,110,5.01,53.66%,59.36%,-0.144421,2026-08-21
AMD,473.25,2026-09-11,20,Call,490.00,-3.54%,16.2,16.82,17.4,656,131,5.01,52.97%,53.15%,0.42019,2026-08-21
SKHY,163.41,2027-06-17,299,Call,300.00,-83.59%,17.7,19.1,20.1,1002,200,5.01,71.90%,80.85%,0.337337,2026-08-21
OR,36.09,2026-09-18,27,Call,40.00,-10.83%,0.35,0.65,0.65,695,139,5,44.12%,43.77%,0.215747,2026-08-21
MU,966.78,2026-08-24,2,Call,995.00,-2.92%,3.55,4,4,775,155,5,63.67%,46.15%,0.206264,2026-08-21
COIN,186.49,2026-08-28,6,Call,192.50,-3.22%,5.2,5.5,5.5,3395,679,5,70.19%,82.12%,0.404002,2026-08-21
MRNA,145.13,2026-08-28,6,Call,180.00,-24.03%,2.2,2.2,2.3,4326,866,5,96.93%,154.29%,0.1619,2026-08-21
LITE,866.71,2026-08-28,6,Call,910.00,-4.99%,19.3,20,20.4,602,121,4.98,78.08%,82.39%,0.343479,2026-08-21
ARM,243.32,2026-08-28,6,Call,280.00,-15.07%,0.91,1,1.07,1702,342,4.98,67.87%,78.59%,0.090557,2026-08-21
PCG,17.6,2026-08-28,6,Call,20.00,-13.64%,0.05,0.14,0.45,1128,227,4.97,56.62%,107.85%,0.196949,2026-08-21
TEM,72.69,2026-08-28,6,Put,65.00,-10.58%,0.61,0.69,0.8,700,141,4.96,79.54%,90.52%,-0.152394,2026-08-21
GE,348.37,2026-12-18,118,Put,310.00,-11.01%,9,9.9,10.25,1452,293,4.96,30.81%,33.82%,-0.226348,2026-08-21
AMD,473.25,2026-08-24,2,Put,462.50,-2.27%,1.81,1.8,2.01,981,198,4.95,52.97%,41.86%,-0.222795,2026-08-21
AVGO,368.45,2026-08-24,2,Put,367.50,-0.26%,2.61,2.86,3.3,1014,205,4.95,51.15%,31.60%,-0.449159,2026-08-21
TSLA,362.86,2026-09-11,20,Put,360.00,-0.79%,11.9,12.25,12.2,859,174,4.94,41.47%,40.71%,-0.441464,2026-08-21
TSLA,362.86,2026-08-28,6,Put,352.50,-2.86%,3.9,3.9,4,2080,421,4.94,41.47%,44.64%,-0.293281,2026-08-21
IOVA,8.29,2028-01-21,517,Call,12.50,-50.78%,2.65,2.7,3.1,2190,443,4.94,95.94%,98.83%,0.613245,2026-08-21
AMZN,258.63,2026-08-26,4,Call,260.00,-0.53%,2.36,2.48,2.56,4050,820,4.94,29.19%,28.19%,0.440048,2026-08-21
U,46.93,2026-08-28,6,Call,51.00,-8.67%,0.16,0.2,0.24,660,134,4.93,52.57%,54.58%,0.126096,2026-08-21
MSFT,483.24,2026-08-24,2,Put,482.50,-0.15%,2.22,2.41,2.6,1079,219,4.93,26.16%,19.60%,-0.45152,2026-08-21
NBIS,219.13,2026-08-28,6,Put,155.00,-29.27%,0.1,0.14,0.17,1515,308,4.92,91.90%,122.12%,-0.010925,2026-08-21
BABA,119.34,2026-08-28,6,Call,120.00,-0.55%,2.5,2.5,2.66,3053,621,4.92,41.03%,47.34%,0.475873,2026-08-21
TSLA,362.86,2026-08-28,6,Call,382.50,-5.41%,2.32,2.33,2.38,4636,942,4.92,41.47%,46.60%,0.199752,2026-08-21
AMZN,258.63,2026-08-28,6,Put,242.50,-6.24%,0.29,0.29,0.31,988,202,4.89,29.19%,33.34%,-0.061679,2026-08-21
BABA,119.34,2026-08-28,6,Put,113.00,-5.31%,0.37,0.47,0.71,1334,273,4.89,41.03%,42.93%,-0.153798,2026-08-21
AVGO,368.45,2026-08-24,2,Call,370.00,-0.42%,2.47,2.61,2.76,1731,354,4.89,51.15%,30.34%,0.433034,2026-08-21
FCX,76.66,2026-08-28,6,Call,80.00,-4.36%,0.99,1.06,1.13,1928,394,4.89,52.80%,58.74%,0.300613,2026-08-21
FIGR,39.1,2026-09-18,27,Call,45.00,-15.09%,1.3,1.5,1.65,1220,250,4.88,80.44%,80.67%,0.301967,2026-08-21
AVGO,368.45,2026-08-24,2,Put,355.00,-3.65%,0.27,0.28,0.34,828,170,4.87,51.15%,34.77%,-0.071654,2026-08-21
SPCX,136.97,2026-08-28,6,Call,132.00,+3.63%,7,7,7.3,5248,1079,4.86,59.18%,60.31%,0.700013,2026-08-21
PLTR,179.94,2026-08-28,6,Call,192.50,-6.98%,0.94,0.96,0.97,4838,997,4.85,47.34%,50.73%,0.159678,2026-08-21
NU,14.58,2026-08-28,6,Put,14.50,-0.55%,0.24,0.25,0.27,3063,631,4.85,36.37%,39.92%,-0.443287,2026-08-21
TSLA,362.86,2026-09-11,20,Call,360.00,+0.79%,15.5,15.8,15.95,7243,1496,4.84,41.47%,41.13%,0.560011,2026-08-21
IMXI,14.12,2026-09-18,27,Put,13.00,-7.93%,0.55,0.55,0.6,1607,333,4.83,58.35%,71.74%,-0.297061,2026-08-21
COIN,186.49,2026-08-28,6,Put,175.00,-6.16%,2.61,2.69,2.81,2888,599,4.82,70.19%,76.20%,-0.240321,2026-08-21
META,549.9,2026-08-24,2,Call,572.50,-4.11%,0.3,0.33,0.35,1115,232,4.81,34.97%,33.81%,0.055973,2026-08-21
INTC,90.07,2028-12-15,846,Call,80.00,+11.18%,42.2,42.2,42.85,7745,1609,4.81,60.87%,72.49%,0.759675,2026-08-21
PLTR,179.94,2026-08-28,6,Put,175.00,-2.75%,2.46,2.47,2.49,10033,2086,4.81,47.34%,50.22%,-0.318258,2026-08-21
BABA,119.34,2026-09-25,34,Call,130.00,-8.93%,2.88,3,3.1,5613,1169,4.8,41.03%,46.70%,0.298235,2026-08-21
AVGO,368.45,2026-08-24,2,Call,382.50,-3.81%,0.13,0.26,0.42,509,106,4.8,51.15%,33.61%,0.06869,2026-08-21
RXT,3.32,2026-09-18,27,Call,3.00,+9.64%,0.5,0.55,0.6,657,137,4.8,116.12%,106.36%,0.692987,2026-08-21
TSLA,362.86,2026-08-24,2,Call,392.50,-8.17%,0.11,0.12,0.14,811,169,4.8,41.47%,52.86%,0.02375,2026-08-21
TSLA,362.86,2026-09-11,20,Put,350.00,-3.54%,7.85,7.87,8,1095,228,4.8,41.47%,40.97%,-0.329333,2026-08-21
AMZN,258.63,2026-10-16,55,Call,200.00,+22.67%,59.05,61.4,61.45,1979,412,4.8,29.19%,38.06%,0.967965,2026-08-21
MU,966.78,2026-08-24,2,Put,915.00,-5.36%,1.08,1.22,1.26,1294,270,4.79,63.67%,51.40%,-0.07069,2026-08-21
WMT,103.7,2026-08-28,6,Call,105.00,-1.25%,0.75,0.76,0.78,18281,3820,4.79,22.58%,24.30%,0.355566,2026-08-21
CLSK,11.98,2026-08-28,6,Put,12.00,+0.17%,0.55,0.55,0.6,4161,870,4.78,86.18%,92.72%,-0.480293,2026-08-21
DOCU,62,2026-08-28,6,Call,67.00,-8.06%,0.25,0.25,0.35,543,114,4.76,63.76%,54.05%,0.14097,2026-08-21
KLAR,14.33,2026-08-28,6,Call,14.50,-1.19%,0.3,0.35,0.4,2053,431,4.76,53.92%,57.79%,0.454576,2026-08-21
USAR,19.26,2026-09-04,13,Call,20.00,-3.84%,0.91,1.1,1.1,2081,437,4.76,88.89%,90.29%,0.448871,2026-08-21
BF.B,28.44,2026-09-18,27,Call,27.50,+3.31%,1.6,1.7,1.7,3991,839,4.76,39.80%,36.79%,0.650014,2026-08-21
NVDA,214.72,2026-08-24,2,Call,220.00,-2.46%,0.28,0.28,0.3,75706,15902,4.76,40.60%,28.54%,0.12899,2026-08-21
AAPL,309.35,2026-08-24,2,Put,300.00,-3.02%,0.12,0.13,0.13,5414,1140,4.75,24.73%,25.58%,-0.050593,2026-08-21
WFC,83.84,2026-08-28,6,Put,83.00,-1.00%,0.6,0.7,0.68,878,185,4.75,23.54%,23.72%,-0.361835,2026-08-21
V,371.04,2026-08-28,6,Put,352.50,-5.00%,0.2,0.23,0.4,607,128,4.74,20.08%,25.74%,-0.056701,2026-08-21
MU,966.78,2026-08-28,6,Put,580.00,-40.01%,0.01,0.1,0.11,820,174,4.71,63.67%,135.39%,-0.001213,2026-08-21
PLTR,179.94,2026-08-28,6,Put,185.00,+2.81%,7.45,7.56,7.6,521,111,4.69,47.34%,49.56%,-0.654873,2026-08-21
TMC,4.79,2027-02-19,181,Call,7.00,-46.14%,0.82,0.94,0.95,4654,999,4.66,101.43%,109.29%,0.467122,2026-08-21
GOOGL,344.82,2026-08-24,2,Call,345.00,-0.05%,1.61,2.1,2.25,4713,1016,4.64,28.86%,19.52%,0.493569,2026-08-21
MU,966.78,2026-08-24,2,Call,975.00,-0.85%,9,9.5,9.85,1970,425,4.64,63.67%,45.52%,0.409565,2026-08-21
BABA,119.34,2026-09-25,34,Put,120.00,+0.55%,5.5,6.3,6.6,876,189,4.63,41.03%,39.46%,-0.492321,2026-08-21
SCHW,112.3,2026-09-04,13,Call,112.00,+0.27%,2.04,2.04,2.35,507,110,4.61,23.05%,23.58%,0.540546,2026-08-21
IREN,41.88,2026-09-11,20,Call,42.00,-0.29%,3.75,4.1,4.2,590,128,4.61,102.37%,102.31%,0.546211,2026-08-21
INTC,90.07,2026-08-28,6,Call,92.00,-2.14%,2.11,2.14,2.18,4595,996,4.61,60.87%,64.32%,0.416885,2026-08-21
AVGO,368.45,2026-08-24,2,Call,380.00,-3.13%,0.22,0.33,0.43,5327,1156,4.61,51.15%,30.20%,0.086513,2026-08-21
KLAR,14.33,2026-09-04,13,Call,15.00,-4.68%,0.3,0.35,0.45,634,138,4.59,53.92%,58.87%,0.365357,2026-08-21
MU,966.78,2026-08-24,2,Call,960.00,+0.70%,16.05,16.57,17.35,3515,767,4.58,63.67%,45.42%,0.591729,2026-08-21
DPZ,341.85,2026-12-18,118,Call,540.00,-57.96%,0,0.68,1.35,682,149,4.58,32.20%,38.63%,0.025487,2026-08-21
HOWL,0.8735,2027-01-15,146,Call,2.5000,-186.20%,0.05,0.1,0.1,2001,438,4.57,239.16%,141.45%,0.238556,2026-08-21
MSFT,483.24,2026-08-24,2,Put,467.50,-3.26%,0.11,0.13,0.15,595,131,4.54,26.16%,25.12%,-0.036117,2026-08-21
AAPL,309.35,2026-08-31,9,Call,310.00,-0.21%,4.05,4.43,4.4,1177,259,4.54,24.73%,22.81%,0.49273,2026-08-21
MRNA,145.13,2026-08-28,6,Put,120.00,-17.32%,1.7,1.75,1.75,4830,1066,4.53,96.93%,139.47%,-0.123871,2026-08-21
TSLA,362.86,2026-08-31,9,Call,385.00,-6.10%,2.66,2.8,2.76,530,117,4.53,41.47%,43.03%,0.203399,2026-08-21
META,549.9,2026-11-20,90,Put,250.00,-54.54%,0.16,0.16,0.21,1982,438,4.53,34.97%,62.48%,-0.00325,2026-08-21
TMC,4.79,2026-08-28,6,Call,5.00,-4.38%,0.18,0.2,0.2,2220,490,4.53,101.43%,112.58%,0.412537,2026-08-21
HOOD,108.13,2026-08-28,6,Call,111.00,-2.65%,3.2,3.25,3.6,2365,522,4.53,65.70%,83.38%,0.426198,2026-08-21
ASTS,68.65,2026-09-04,13,Call,69.00,-0.51%,3.85,3.55,4.4,705,156,4.52,80.52%,82.24%,0.521196,2026-08-21
WMT,103.7,2026-09-11,20,Call,103.00,+0.68%,2.44,2.49,2.7,746,165,4.52,22.58%,21.97%,0.573464,2026-08-21
MRNA,145.13,2026-08-28,6,Put,115.00,-20.76%,0.98,1.13,1.15,1173,260,4.51,96.93%,140.39%,-0.082888,2026-08-21
AAL,13.82,2026-10-16,55,Put,11.00,-20.41%,0,0.13,0.14,824,183,4.5,44.97%,41.70%,-0.066795,2026-08-21
WMT,103.7,2026-09-04,13,Call,102.00,+1.64%,2.64,2.85,3,1165,259,4.5,22.58%,23.00%,0.664197,2026-08-21
META,549.9,2026-08-24,2,Call,567.50,-3.20%,0.53,0.57,0.6,1544,343,4.5,34.97%,31.86%,0.094022,2026-08-21
CPB,23.95,2026-08-28,6,Call,23.00,+3.97%,1,1.05,1.15,705,157,4.49,37.80%,38.24%,0.800901,2026-08-21
KVYO,18.33,2026-09-18,27,Call,17.50,+4.53%,1.55,1.65,1.7,3047,678,4.49,59.71%,58.44%,0.65098,2026-08-21
BULL,8.78,2026-08-28,6,Call,9.50,-8.20%,0.11,0.12,0.14,9609,2138,4.49,55.70%,81.40%,0.242781,2026-08-21
ROL,36.91,2026-09-18,27,Put,32.50,-11.95%,0,0.11,0.25,505,113,4.47,27.00%,34.33%,-0.077484,2026-08-21
MU,966.78,2026-08-24,2,Put,920.00,-4.84%,1.5,1.48,1.6,1711,383,4.47,63.67%,50.93%,-0.090248,2026-08-21
TSCO,34.98,2026-08-28,6,Call,31.00,+11.38%,3.7,3.9,4.2,2525,566,4.46,32.82%,41.60%,0.988668,2026-08-21
RBRK,100.09,2026-08-28,6,Call,110.00,-9.90%,3,3.2,3.4,917,206,4.45,79.54%,131.63%,0.318617,2026-08-21
BULL,8.78,2026-11-20,90,Call,15.00,-70.84%,0.1,0.12,0.13,3403,765,4.45,55.70%,70.47%,0.092014,2026-08-21
MRNA,145.13,2026-12-18,118,Call,260.00,-79.15%,8,8.28,9.3,688,155,4.44,96.93%,99.20%,0.232758,2026-08-21
CDE,20.97,2026-09-11,20,Put,19.00,-9.39%,0.35,0.37,0.45,541,122,4.43,65.57%,60.68%,-0.21862,2026-08-21
MRNA,145.13,2026-08-28,6,Put,90.00,-37.99%,0.1,0.12,0.12,10340,2333,4.43,96.93%,167.39%,-0.009745,2026-08-21
SOFI,18.91,2026-11-20,90,Put,17.00,-10.10%,1.13,1.16,1.27,5681,1285,4.42,50.58%,58.58%,-0.295272,2026-08-21
TSLA,362.86,2026-08-24,2,Call,360.00,+0.79%,5.35,5.51,5.75,39551,8956,4.42,41.47%,36.65%,0.62273,2026-08-21
HUT,80.86,2026-09-04,13,Call,110.00,-36.04%,0.25,2.54,1.16,500,113,4.42,99.62%,114.13%,0.094217,2026-08-21
FIG,27.1,2026-08-28,6,Put,27.00,-0.37%,0.86,0.97,1.04,570,129,4.42,71.31%,72.76%,-0.463562,2026-08-21
NBIS,219.13,2026-10-02,41,Call,225.00,-2.68%,23.45,24.63,26.8,736,167,4.41,91.90%,93.27%,0.533891,2026-08-21
HOOD,108.13,2026-08-28,6,Call,117.00,-8.20%,1.42,1.71,1.77,926,210,4.41,65.70%,82.69%,0.246641,2026-08-21
EYPT,5.32,2027-01-15,146,Call,7.50,-40.98%,1.55,1.68,1.9,524,119,4.4,105.37%,173.91%,0.59934,2026-08-21
GM,87.93,2026-08-28,6,Call,88.00,-0.08%,1.39,1.39,1.54,1070,243,4.4,31.25%,32.90%,0.505195,2026-08-21
PG,144.68,2026-08-28,6,Put,141.00,-2.54%,0.24,0.32,0.44,707,161,4.39,19.32%,20.89%,-0.163712,2026-08-21
TSLA,362.86,2026-08-24,2,Call,340.00,+6.30%,22.6,23.13,23.95,5652,1288,4.39,41.47%,55.60%,0.945921,2026-08-21
ZTS,77.73,2026-09-18,27,Call,85.00,-9.35%,0.85,0.99,1.05,7894,1802,4.38,37.06%,38.70%,0.21424,2026-08-21
TSLA,362.86,2026-08-26,4,Call,345.00,+4.92%,18.6,18.76,19.6,2410,552,4.37,41.47%,43.93%,0.8706,2026-08-21
JEF,52.33,2026-09-18,27,Put,45.00,-14.01%,0.1,0.25,0.35,1015,233,4.36,37.23%,41.37%,-0.080399,2026-08-21
GOOGL,344.82,2026-08-24,2,Call,355.00,-2.95%,0.12,0.12,0.2,1294,297,4.36,28.86%,24.85%,0.059105,2026-08-21
SBSW,12.58,2026-09-18,27,Call,14.00,-11.29%,0.3,0.35,0.4,1324,304,4.36,67.16%,62.37%,0.286049,2026-08-21
MU,966.78,2026-08-24,2,Put,880.00,-8.98%,0.09,0.17,0.25,861,198,4.35,63.67%,56.86%,-0.011921,2026-08-21
CRML,7.11,2026-08-28,6,Call,7.00,+1.55%,0.4,0.43,0.5,2482,570,4.35,102.63%,108.27%,0.573795,2026-08-21
CBRS,196.13,2026-09-18,27,Call,240.00,-22.37%,7.1,7.4,8.2,1134,261,4.34,90.25%,98.44%,0.270888,2026-08-21
PYPL,61.55,2026-08-28,6,Put,62.00,+0.73%,1.58,1.68,1.75,520,120,4.33,32.06%,45.66%,-0.535486,2026-08-21
PATH,16.39,2026-08-28,6,Call,16.50,-0.67%,0.52,0.55,0.59,3303,762,4.33,88.29%,71.83%,0.491973,2026-08-21
META,549.9,2026-08-31,9,Put,535.00,-2.71%,4.85,5.1,5.45,915,212,4.32,34.97%,32.89%,-0.283876,2026-08-21
SPCX,136.97,2026-08-28,6,Call,136.00,+0.71%,4.8,4.92,4.95,7007,1622,4.32,59.18%,62.05%,0.554337,2026-08-21
NVDA,214.72,2026-08-24,2,Put,215.00,+0.13%,1.81,1.84,1.88,45974,10632,4.32,40.60%,27.09%,-0.519178,2026-08-21
TMC,4.79,2026-11-20,90,Call,11.00,-129.65%,0.1,0.16,0.33,1320,307,4.3,101.43%,129.69%,0.16996,2026-08-21
MU,966.78,2026-08-24,2,Put,905.00,-6.39%,0.59,0.7,0.79,811,189,4.29,63.67%,52.98%,-0.043805,2026-08-21
TSLA,362.86,2026-08-26,4,Call,380.00,-4.72%,1.61,1.63,1.67,2929,683,4.29,41.47%,46.04%,0.177389,2026-08-21
VUZI,2.94,2028-01-21,517,Call,10.00,-240.14%,0.25,0.45,0.55,505,118,4.28,123.13%,93.25%,0.309819,2026-08-21
RDW,12.02,2026-08-28,6,Put,11.00,-8.49%,0.15,0.16,0.2,1014,237,4.28,88.02%,91.84%,-0.207081,2026-08-21
CLSK,11.98,2026-08-28,6,Call,11.50,+4.01%,0.85,0.85,0.96,1701,397,4.28,86.18%,105.37%,0.646057,2026-08-21
AAPL,309.35,2026-08-26,4,Call,315.00,-1.83%,1,1.21,1.21,5344,1248,4.28,24.73%,23.96%,0.243605,2026-08-21
DK,71.47,2026-09-18,27,Call,70.00,+2.06%,5.2,5.76,6.1,754,177,4.26,67.13%,62.96%,0.585111,2026-08-21
ORCL,146.47,2026-08-28,6,Put,142.00,-3.05%,2.3,2.33,2.61,1128,265,4.26,69.89%,58.94%,-0.325481,2026-08-21
SPCX,136.97,2026-09-04,13,Put,132.00,-3.63%,3.85,3.95,3.95,1817,427,4.26,59.18%,60.55%,-0.348202,2026-08-21
CSCO,111.04,2026-09-04,13,Call,117.00,-5.37%,0.6,0.74,0.8,1911,450,4.25,29.46%,31.12%,0.198112,2026-08-21
TSLA,362.86,2026-08-26,4,Put,347.50,-4.23%,1.51,1.54,1.57,1001,236,4.24,41.47%,44.36%,-0.167929,2026-08-21
MRNA,145.13,2026-08-28,6,Call,185.00,-27.47%,1.75,2.04,2.04,575,136,4.23,96.93%,158.52%,0.137902,2026-08-21
MU,966.78,2026-08-24,2,Put,955.00,-1.22%,8.05,8.48,9.05,817,193,4.23,63.67%,48.30%,-0.357364,2026-08-21
CPB,23.95,2026-09-04,13,Call,24.00,-0.21%,0.75,0.97,1,1121,265,4.23,37.80%,50.49%,0.506191,2026-08-21
RUM,9.05,2026-09-04,13,Call,10.00,-10.50%,0.25,0.2,0.45,1170,277,4.22,81.08%,101.28%,0.337252,2026-08-21
ASTS,68.65,2026-08-28,6,Put,57.00,-16.97%,0.11,0.17,0.17,1564,371,4.22,80.52%,87.45%,-0.042756,2026-08-21
SPOT,533.72,2026-08-28,6,Call,575.00,-7.73%,0.62,1,1.27,509,121,4.21,36.93%,39.94%,0.07815,2026-08-21
NBIS,219.13,2026-09-11,20,Put,220.00,+0.40%,17.75,18.75,19.55,716,170,4.21,91.90%,90.01%,-0.462578,2026-08-21
BLZE,15.8,2027-01-15,146,Call,30.00,-89.87%,1.3,1.35,1.5,1712,407,4.21,94.99%,108.36%,0.284128,2026-08-21
AMZN,258.63,2026-08-26,4,Put,265.00,+2.46%,6.95,5.9,7.75,752,179,4.2,29.19%,30.16%,-0.773399,2026-08-21
KYIV,13.25,2026-12-18,118,Call,12.50,+5.66%,1.4,1.58,2.3,1500,357,4.2,47.09%,46.65%,0.655148,2026-08-21
MSTR,119.25,2026-08-28,6,Put,120.00,+0.63%,5.7,5.7,5.8,1839,438,4.2,78.64%,88.32%,-0.497837,2026-08-21
COIN,186.49,2026-10-16,55,Put,200.00,+7.24%,26.9,29,29.65,4009,955,4.2,70.19%,71.95%,-0.539008,2026-08-21
NOW,128.48,2026-08-28,6,Put,127.00,-1.15%,2.93,2.98,3.15,871,208,4.19,53.09%,57.63%,-0.420556,2026-08-21
APP,305.77,2026-08-28,6,Put,260.00,-14.97%,0,0.1,0.45,1038,248,4.19,55.81%,64.93%,-0.022969,2026-08-21
MU,966.78,2026-08-24,2,Put,930.00,-3.80%,2.45,2.52,2.78,1040,248,4.19,63.67%,49.84%,-0.141249,2026-08-21
TSLA,362.86,2026-08-28,6,Call,390.00,-7.48%,1.38,1.39,1.43,12237,2928,4.18,41.47%,48.03%,0.129062,2026-08-21
MTA,11.14,2027-02-19,181,Call,12.50,-12.21%,0.95,1.25,1.5,525,126,4.17,53.92%,53.54%,0.468035,2026-08-21
F,14.41,2026-09-25,34,Put,15.00,+4.09%,0.81,0.86,0.89,651,156,4.17,32.46%,27.94%,-0.664898,2026-08-21
CRCL,87.98,2026-08-28,6,Put,85.00,-3.39%,2.47,2.45,2.64,768,184,4.17,83.19%,87.82%,-0.356854,2026-08-21
SNOW,332.78,2027-12-17,482,Call,360.00,-8.18%,85.25,86.9,93.5,1009,242,4.17,71.21%,61.82%,0.625508,2026-08-21
HOOD,108.13,2026-08-28,6,Put,102.00,-5.67%,1.43,1.68,1.79,734,177,4.15,65.70%,73.71%,-0.251281,2026-08-21
SOFI,18.91,2026-09-11,20,Put,19.00,+0.48%,0.87,0.88,0.92,914,220,4.15,50.58%,49.00%,-0.488357,2026-08-21
PATH,16.39,2026-08-28,6,Put,16.00,-2.38%,0.41,0.52,0.68,1013,244,4.15,88.29%,87.83%,-0.391794,2026-08-21
CIFR,15.77,2026-08-28,6,Put,13.50,-14.39%,0.12,0.12,0.16,555,134,4.14,106.51%,110.02%,-0.120196,2026-08-21
WMT,103.7,2026-09-04,13,Call,103.00,+0.68%,2.13,2.08,2.3,3267,791,4.13,22.58%,23.00%,0.578971,2026-08-21
MU,966.78,2026-08-26,4,Call,"1,050.00",-8.61%,2.95,3.05,3.3,1533,373,4.11,63.67%,61.62%,0.107142,2026-08-21
XE,18.67,2026-10-16,55,Call,40.00,-114.25%,0.2,0.25,0.35,4325,1055,4.1,95.48%,120.13%,0.082455,2026-08-21
SOFI,18.91,2026-11-20,90,Put,11.00,-41.83%,0.07,0.1,0.12,3514,860,4.09,50.58%,66.80%,-0.033948,2026-08-21
META,549.9,2026-08-24,2,Put,555.00,+0.93%,7.15,7.45,8.6,985,241,4.09,34.97%,30.47%,-0.652742,2026-08-21
NBIS,219.13,2026-09-11,20,Put,215.00,-1.88%,15.35,15.97,16.65,718,176,4.08,91.90%,89.86%,-0.419477,2026-08-21
AAPL,309.35,2026-08-26,4,Put,300.00,-3.02%,0.51,0.57,0.6,1066,261,4.08,24.73%,26.44%,-0.128264,2026-08-21
APP,305.77,2027-03-19,209,Call,500.00,-63.52%,17.6,18.8,20.6,1129,277,4.08,55.81%,67.90%,0.255974,2026-08-21
SOUN,7.32,2026-09-11,20,Put,6.50,-11.20%,0.12,0.14,0.18,1135,278,4.08,69.23%,69.71%,-0.205961,2026-08-21
TSLA,362.86,2026-08-24,2,Call,350.00,+3.54%,13,13.34,13.7,27973,6848,4.08,41.47%,36.97%,0.909787,2026-08-21
RBLX,38.37,2026-08-28,6,Call,40.00,-4.25%,0.55,0.64,0.6,9698,2382,4.07,56.68%,60.55%,0.312232,2026-08-21
DAL,82.41,2026-10-16,55,Put,80.00,-2.92%,3.5,3.81,3.85,500,123,4.07,36.82%,39.15%,-0.384526,2026-08-21
SKHY,163.41,2026-08-28,6,Put,141.00,-13.71%,0.35,0.4,0.5,607,149,4.07,71.90%,76.43%,-0.059403,2026-08-21
CL,91.08,2026-11-20,90,Call,95.00,-4.30%,2.35,2.45,2.8,650,160,4.06,21.84%,22.45%,0.384462,2026-08-21
SPCX,136.97,2026-08-28,6,Call,137.00,-0.02%,4.3,4.33,4.4,6495,1600,4.06,59.18%,61.75%,0.51769,2026-08-21
UMC,18.34,2027-01-15,146,Put,15.00,-18.21%,0.95,1.15,1.4,1404,347,4.05,57.29%,59.07%,-0.237247,2026-08-21
BDX,192,2026-09-18,27,Call,190.00,+1.04%,5.2,5.58,7.2,679,168,4.04,26.74%,24.29%,0.581444,2026-08-21
ASTS,68.65,2026-08-28,6,Put,68.00,-0.95%,2.37,2.49,2.61,1682,416,4.04,80.52%,80.75%,-0.441007,2026-08-21
NVDA,214.72,2026-08-28,6,Put,185.00,-13.84%,0.24,0.24,0.26,13522,3347,4.04,40.60%,65.44%,-0.034121,2026-08-21
HOOD,108.13,2026-08-28,6,Put,101.00,-6.59%,1.34,1.4,1.45,653,162,4.03,65.70%,74.92%,-0.222506,2026-08-21
NVDA,214.72,2026-08-24,2,Call,192.50,+10.35%,20.35,22.56,24.1,1208,300,4.03,40.60%,91.41%,0.950587,2026-08-21
BSX,50.37,2026-08-28,6,Call,51.00,-1.25%,0.45,0.64,0.95,502,125,4.02,37.85%,37.45%,0.411971,2026-08-21
CART,49.83,2026-09-18,27,Put,48.00,-3.67%,0.25,1.15,2.15,1030,256,4.02,36.00%,38.23%,-0.33237,2026-08-21
RGTI,17.91,2026-08-28,6,Call,18.50,-3.29%,0.51,0.35,0.58,1869,465,4.02,81.31%,86.15%,0.407932,2026-08-21
EIX,71.59,2026-10-16,55,Put,60.00,-16.19%,0.6,0.67,0.8,2587,643,4.02,40.40%,40.81%,-0.117363,2026-08-21
TSLA,362.86,2026-09-25,34,Put,345.00,-4.92%,9.8,9.9,10,682,171,3.99,41.47%,41.36%,-0.313529,2026-08-21
BULL,8.78,2026-09-04,13,Put,9.00,+2.51%,0.45,0.45,0.64,529,133,3.98,55.70%,64.61%,-0.553422,2026-08-21
SPOT,533.72,2026-08-28,6,Call,570.00,-6.80%,1,1.29,1.66,530,133,3.98,36.93%,39.68%,0.104643,2026-08-21
GOOGL,344.82,2026-08-24,2,Call,357.50,-3.68%,0,0.15,0.15,1209,304,3.98,28.86%,25.64%,0.029799,2026-08-21
NBIS,219.13,2026-08-28,6,Put,192.50,-12.15%,1.91,2.03,2.07,604,152,3.97,91.90%,97.75%,-0.135466,2026-08-21
GE,348.37,2026-08-28,6,Call,380.00,-9.08%,0.06,0.2,0.8,829,209,3.97,30.81%,41.59%,0.055525,2026-08-21
TTD,13.18,2026-09-04,13,Put,13.00,-1.37%,0.37,0.39,0.42,1096,276,3.97,55.59%,49.38%,-0.418608,2026-08-21
MNKD,4.15,2026-10-02,41,Call,1.00,+75.90%,2.75,3.2,5.3,1419,358,3.96,73.87%,"1,101.54%",0.987213,2026-08-21
MU,966.78,2026-08-24,2,Put,935.00,-3.29%,3.2,3.2,3.6,517,131,3.95,63.67%,49.56%,-0.175041,2026-08-21
MRK,152.55,2026-08-28,6,Put,150.00,-1.67%,1.23,1.36,1.47,786,199,3.95,29.08%,31.36%,-0.328252,2026-08-21
RGTI,17.91,2026-08-28,6,Call,17.50,+2.29%,0.94,0.97,1.02,1704,431,3.95,81.31%,83.01%,0.608896,2026-08-21
SPCX,136.97,2026-08-28,6,Put,133.00,-2.90%,2.54,2.56,2.6,4260,1078,3.95,59.18%,62.19%,-0.338998,2026-08-21
CRM,209.17,2027-12-17,482,Call,220.00,-5.18%,42.45,43.45,44.15,760,193,3.94,49.16%,46.90%,0.593933,2026-08-21
QBTS,20.39,2026-08-28,6,Call,20.50,-0.54%,0.71,0.83,0.89,1059,269,3.94,80.07%,81.15%,0.50241,2026-08-21
NFLX,79.59,2026-09-25,34,Put,80.00,+0.52%,3.05,3.1,3.15,1999,508,3.94,32.12%,31.06%,-0.492202,2026-08-21
NNVC,1.33,2027-03-19,209,Call,2.5000,-87.97%,0.15,0.32,0.4,869,221,3.93,162.10%,130.77%,0.452217,2026-08-21
HOOD,108.13,2026-08-28,6,Put,100.00,-7.52%,1.16,1.18,1.23,3966,1008,3.93,65.70%,75.86%,-0.195497,2026-08-21
MRNA,145.13,2026-08-28,6,Call,190.00,-30.92%,1.2,1.5,1.71,820,209,3.92,96.93%,158.41%,0.110848,2026-08-21
HOOD,108.13,2026-08-28,6,Call,135.00,-24.85%,0.16,0.19,0.2,2769,707,3.92,65.70%,93.17%,0.036476,2026-08-21
ARM,243.32,2026-10-16,55,Put,145.00,-40.41%,0.64,0.72,0.8,505,129,3.91,67.87%,73.91%,-0.024668,2026-08-21
INTU,367,2026-09-18,27,Call,390.00,-6.27%,14.1,14.96,16,3183,815,3.91,58.33%,60.13%,0.389572,2026-08-21
TSLA,362.86,2026-08-24,2,Call,390.00,-7.48%,0.13,0.15,0.15,4565,1168,3.91,41.47%,50.15%,0.027489,2026-08-21
MRNA,145.13,2026-09-04,13,Call,200.00,-37.81%,1.76,2.07,2.3,865,222,3.9,96.93%,132.62%,0.124847,2026-08-21
MSFT,483.24,2026-08-24,2,Put,477.50,-1.19%,0.83,0.92,1,1048,269,3.9,26.16%,20.83%,-0.2142,2026-08-21
MSTR,119.25,2026-08-28,6,Call,119.00,+0.21%,5.4,5.52,5.7,1369,352,3.89,78.64%,88.51%,0.532077,2026-08-21
TSLA,362.86,2026-08-28,6,Put,340.00,-6.30%,1.34,1.36,1.39,6732,1737,3.88,41.47%,45.79%,-0.125658,2026-08-21
MRNA,145.13,2026-09-18,27,Put,140.00,-3.53%,12.1,12.6,13,1388,358,3.88,96.93%,98.19%,-0.391121,2026-08-21
NOW,128.48,2026-08-28,6,Put,123.00,-4.27%,1.56,1.61,1.81,1571,405,3.88,53.09%,59.71%,-0.269416,2026-08-21
HOOD,108.13,2027-06-17,299,Call,220.00,-103.46%,5.2,6.96,8.2,608,157,3.87,65.70%,69.73%,0.224139,2026-08-21
SNY,45.85,2026-09-18,27,Call,50.00,-9.05%,0.1,0.1,0.25,2251,583,3.86,23.09%,27.37%,0.109863,2026-08-21
PLTR,179.94,2026-08-28,6,Call,172.50,+4.13%,9.15,9.55,9.45,3088,801,3.86,47.34%,50.76%,0.755089,2026-08-21
ABUS,5.21,2026-09-18,27,Call,5.00,+4.03%,0.3,0.34,0.4,2531,662,3.82,42.84%,39.89%,0.676615,2026-08-21
GOOGL,344.82,2026-09-04,13,Call,335.00,+2.85%,11.45,14,15.55,621,163,3.81,28.86%,28.45%,0.721446,2026-08-21
TSLA,362.86,2026-08-26,4,Put,342.50,-5.61%,0.86,0.92,0.92,2616,687,3.81,41.47%,45.30%,-0.10582,2026-08-21
DKNG,26.17,2026-12-18,118,Put,23.00,-12.11%,1.57,1.7,1.62,4077,1076,3.79,47.72%,54.39%,-0.272661,2026-08-21
AAPL,309.35,2026-08-28,6,Call,310.00,-0.21%,3.65,3.65,3.85,19278,5084,3.79,24.73%,25.18%,0.487138,2026-08-21
MU,966.78,2026-08-26,4,Put,850.00,-12.08%,0.75,0.83,1.07,641,169,3.79,63.67%,68.27%,-0.032728,2026-08-21
ZIM,28.25,2027-04-16,237,Put,35.00,+23.89%,7,8.73,10.35,589,156,3.78,42.14%,49.98%,-0.625723,2026-08-21
MRNA,145.13,2026-08-28,6,Call,260.00,-79.15%,0.15,0.22,0.22,4913,1304,3.77,96.93%,198.32%,0.015266,2026-08-21
SPCX,136.97,2026-08-28,6,Call,135.00,+1.44%,5.3,5.3,5.4,11772,3123,3.77,59.18%,61.09%,0.591648,2026-08-21
CG,49.37,2026-09-18,27,Put,40.00,-18.98%,0.1,0.18,0.4,100014,26587,3.76,40.39%,55.72%,-0.070866,2026-08-21
OPEN,3.53,2026-08-28,6,Call,3.00,+15.01%,0.52,0.55,0.56,1849,492,3.76,73.81%,80.65%,0.948527,2026-08-21
BMNR,22.83,2026-08-28,6,Call,24.50,-7.31%,0.47,0.5,0.5,1506,402,3.75,80.20%,93.01%,0.298838,2026-08-21
ANET,188.65,2026-08-28,6,Call,195.00,-3.37%,2.45,2.72,3,1693,452,3.75,49.98%,53.70%,0.330742,2026-08-21
GS,1039.28,2026-08-28,6,Call,"1,050.00",-1.03%,12.35,13.36,15.15,506,136,3.72,32.30%,34.61%,0.419822,2026-08-21
USAR,19.26,2026-08-28,6,Put,18.00,-6.54%,0.36,0.4,0.43,1043,281,3.71,88.89%,93.45%,-0.264664,2026-08-21
CBOE,300.74,2026-08-28,6,Call,295.00,+1.91%,8.6,9.1,10.3,766,207,3.7,34.88%,39.86%,0.659475,2026-08-21
META,549.9,2026-08-24,2,Call,575.00,-4.56%,0.24,0.24,0.26,4070,1101,3.7,34.97%,34.83%,0.04351,2026-08-21
MU,966.78,2026-08-24,2,Call,"1,000.00",-3.44%,2.91,2.95,3.1,11220,3039,3.69,63.67%,46.80%,0.170435,2026-08-21
CORZ,17.81,2027-01-15,146,Put,13.00,-27.01%,0.94,1.17,1.4,897,243,3.69,76.90%,80.05%,-0.18391,2026-08-21
PURR,10.58,2026-08-28,6,Put,10.00,-5.48%,0.45,0.49,0.6,504,137,3.68,116.70%,149.10%,-0.347082,2026-08-21
SOFI,18.91,2026-09-25,34,Put,18.50,-2.17%,0.81,0.91,0.96,873,237,3.68,50.58%,48.52%,-0.404873,2026-08-21
GM,87.93,2026-08-28,6,Put,88.00,+0.08%,1.34,1.43,1.59,1031,280,3.68,31.25%,32.19%,-0.495882,2026-08-21
NTNX,67.64,2027-01-15,146,Call,55.00,+18.69%,15.6,16,17.6,1419,386,3.68,61.87%,53.49%,0.795672,2026-08-21
AAPL,309.35,2026-08-24,2,Put,312.50,+1.02%,3.35,3.3,4,2012,547,3.68,24.73%,18.38%,-0.768078,2026-08-21
ALM,18.51,2026-09-18,27,Call,20.00,-8.05%,0.95,1.21,1.25,2900,788,3.68,89.02%,82.84%,0.413282,2026-08-21
CBRS,196.13,2026-08-28,6,Call,200.00,-1.97%,7,7.6,8,584,159,3.67,90.25%,91.44%,0.458983,2026-08-21
RIOT,19.83,2026-08-28,6,Call,20.50,-3.38%,0.68,0.7,0.71,1944,529,3.67,90.87%,96.02%,0.419345,2026-08-21
HOOD,108.13,2026-08-28,6,Call,124.00,-14.68%,0.6,0.65,0.84,535,146,3.66,65.70%,88.02%,0.124686,2026-08-21
NAT,6.97,2026-09-18,27,Put,7.00,+0.43%,0.4,0.45,0.6,1370,374,3.66,53.41%,61.51%,-0.487143,2026-08-21
DE,647.47,2026-08-28,6,Call,650.00,-0.39%,8.6,13,12.7,565,155,3.65,30.08%,35.40%,0.478504,2026-08-21
COIN,186.49,2026-10-16,55,Call,310.00,-66.23%,1.91,2.05,2.14,2705,742,3.65,70.19%,83.65%,0.082934,2026-08-21
MU,966.78,2026-08-24,2,Put,900.00,-6.91%,0.48,0.59,0.59,3294,902,3.65,63.67%,53.93%,-0.034567,2026-08-21
BRZE,31.06,2027-01-15,146,Call,25.00,+19.51%,8.6,9,9.3,652,179,3.64,84.26%,73.51%,0.768071,2026-08-21
SOFI,18.91,2026-10-02,41,Put,18.00,-4.81%,0.8,0.83,0.96,691,190,3.64,50.58%,53.30%,-0.350296,2026-08-21
ASST,18.22,2026-09-04,13,Call,19.00,-4.28%,1.04,1.31,1.33,943,259,3.64,105.64%,109.71%,0.463062,2026-08-21
BNY,158.49,2027-03-19,209,Put,140.00,-11.67%,5.7,5.7,5.9,5712,1571,3.64,23.26%,30.66%,-0.239019,2026-08-21
XE,18.67,2026-09-18,27,Call,30.00,-60.69%,0.15,0.25,0.3,10825,2984,3.63,95.48%,116.69%,0.092203,2026-08-21
MRNA,145.13,2026-08-28,6,Put,134.00,-7.67%,4.75,5,5.6,864,238,3.63,96.93%,137.17%,-0.293007,2026-08-21
UBER,78.8,2026-09-04,13,Put,78.00,-1.02%,1.57,1.71,1.9,867,239,3.63,34.71%,36.46%,-0.421572,2026-08-21
NOW,128.48,2026-08-28,6,Call,132.00,-2.74%,2.4,2.58,2.62,992,274,3.62,53.09%,60.04%,0.38021,2026-08-21
AAPL,309.35,2026-08-24,2,Call,317.50,-2.63%,0.12,0.12,0.14,8628,2385,3.62,24.73%,22.27%,0.059602,2026-08-21
MSFT,483.24,2026-08-26,4,Call,495.00,-2.43%,1.3,1.37,1.64,612,170,3.6,26.16%,26.45%,0.199516,2026-08-21
MRNA,145.13,2026-09-18,27,Call,200.00,-37.81%,3.05,3.75,3.95,2659,738,3.6,96.93%,107.76%,0.173972,2026-08-21
HIMS,33.78,2026-08-28,6,Put,32.00,-5.27%,0.54,0.59,0.61,668,186,3.59,75.84%,76.01%,-0.271055,2026-08-21
TSLA,362.86,2026-08-31,9,Put,320.00,-11.81%,0.42,0.44,0.47,798,222,3.59,41.47%,47.02%,-0.040023,2026-08-21
COST,947.74,2026-08-28,6,Call,"1,000.00",-5.51%,0.39,0.47,0.5,1719,479,3.59,20.76%,23.38%,0.039299,2026-08-21
EIX,71.59,2026-10-16,55,Call,85.00,-18.73%,0.3,0.55,0.85,2738,762,3.59,40.40%,36.27%,0.122336,2026-08-21
SPCX,136.97,2026-08-28,6,Put,132.00,-3.63%,2.18,2.19,2.22,7285,2030,3.59,59.18%,61.88%,-0.304288,2026-08-21
BABA,119.34,2026-08-28,6,Call,128.00,-7.26%,0.56,0.68,0.67,3910,1091,3.58,41.03%,51.78%,0.153431,2026-08-21
META,549.9,2026-08-28,6,Call,550.00,-0.02%,10.05,10.21,10.5,4235,1182,3.58,34.97%,36.20%,0.512251,2026-08-21
EQPT,18.51,2026-09-18,27,Put,20.00,+8.05%,2.2,2.48,2.65,1010,282,3.58,79.08%,76.84%,-0.601845,2026-08-21
TSLA,362.86,2026-09-04,13,Put,280.00,-22.84%,0.18,0.18,0.2,2294,641,3.58,41.47%,62.99%,-0.012225,2026-08-21
GOOGL,344.82,2026-08-26,4,Call,350.00,-1.50%,1.17,1.15,2.41,1132,317,3.57,28.86%,26.14%,0.302336,2026-08-21
CRML,7.11,2026-08-28,6,Put,7.00,-1.55%,0.3,0.36,0.4,505,142,3.56,102.63%,112.18%,-0.427098,2026-08-21
TSLA,362.86,2026-08-26,4,Call,395.00,-8.86%,0.48,0.49,0.51,537,151,3.56,41.47%,51.11%,0.060335,2026-08-21
CMG,36.9,2026-08-28,6,Put,35.50,-3.79%,0.13,0.3,0.46,651,183,3.56,35.64%,44.07%,-0.2351,2026-08-21
QCOM,160.75,2026-08-28,6,Call,165.00,-2.64%,1.96,2.05,2.14,2997,841,3.56,42.85%,45.52%,0.339236,2026-08-21
PLTR,179.94,2026-08-28,6,Put,172.50,-4.13%,1.75,1.73,1.76,5928,1663,3.56,47.34%,50.70%,-0.245011,2026-08-21
TSLA,362.86,2026-08-31,9,Call,367.50,-1.28%,7.15,7.3,7.5,533,150,3.55,41.47%,40.78%,0.439408,2026-08-21
PLTR,179.94,2026-09-04,13,Call,187.50,-4.20%,3.55,3.66,3.7,709,200,3.55,47.34%,48.16%,0.347074,2026-08-21
MRVL,237.04,2026-08-28,6,Call,237.50,-0.19%,13.05,13.3,13.5,691,195,3.54,80.14%,110.84%,0.524506,2026-08-21
EVGO,1.51,2027-02-19,181,Call,2.0000,-32.45%,0.15,0.17,0.25,701,198,3.54,92.41%,80.28%,0.428755,2026-08-21
COHR,289.52,2026-08-28,6,Call,300.00,-3.62%,7.5,8.2,8.6,815,230,3.54,76.75%,83.20%,0.391868,2026-08-21
NBIS,219.13,2026-08-28,6,Call,230.00,-4.96%,6.3,6.25,6.5,2654,750,3.54,91.90%,95.35%,0.370658,2026-08-21
CRCL,87.98,2026-08-28,6,Call,95.00,-7.98%,1.59,1.78,1.91,3617,1021,3.54,83.19%,93.71%,0.282975,2026-08-21
TMC,4.79,2026-11-20,90,Call,5.00,-4.38%,0.86,0.95,1.17,5306,1501,3.53,101.43%,114.97%,0.589749,2026-08-21
SPCX,136.97,2026-08-28,6,Call,138.00,-0.75%,3.85,3.85,3.95,3818,1084,3.52,59.18%,62.00%,0.481254,2026-08-21
MSTR,119.25,2026-08-28,6,Put,103.00,-13.63%,0.49,0.55,0.6,2145,610,3.52,78.64%,87.18%,-0.085118,2026-08-21
USAR,19.26,2026-08-28,6,Call,19.50,-1.25%,0.78,0.84,0.89,1226,349,3.51,88.89%,95.41%,0.485951,2026-08-21
AMZN,258.63,2026-09-25,34,Put,220.00,-14.94%,0.6,0.63,0.67,1452,414,3.51,29.19%,34.56%,-0.053002,2026-08-21
MU,966.78,2026-08-24,2,Call,"1,020.00",-5.50%,1.09,1.05,1.15,1863,531,3.51,63.67%,48.95%,0.072772,2026-08-21
PLTR,179.94,2026-08-28,6,Call,195.00,-8.37%,0.68,0.69,0.69,6790,1941,3.5,47.34%,51.57%,0.120255,2026-08-21
WDAY,200.01,2026-08-28,6,Put,175.00,-12.50%,0.65,1.05,1.8,14263,4077,3.5,50.68%,88.31%,-0.107257,2026-08-21
TSLA,362.86,2026-08-28,6,Call,370.00,-1.97%,5.35,5.45,5.5,21571,6186,3.49,41.47%,45.04%,0.382737,2026-08-21
NBIS,219.13,2026-09-11,20,Call,235.00,-7.24%,11.6,12.75,13.45,702,201,3.49,91.90%,91.11%,0.416071,2026-08-21
ADI,373.09,2026-12-18,118,Call,380.00,-1.85%,31.3,34.5,33.8,1001,287,3.49,36.72%,40.61%,0.52728,2026-08-21
SKHY,163.41,2026-09-04,13,Call,200.00,-22.39%,0.9,1.1,1.2,1692,485,3.49,71.90%,77.93%,0.098247,2026-08-21
TSLA,362.86,2026-10-02,41,Call,450.00,-24.01%,2.43,2.97,2.57,752,216,3.48,41.47%,46.31%,0.09984,2026-08-21
RDW,12.02,2026-08-28,6,Call,12.00,+0.17%,0.45,0.59,0.65,1471,423,3.48,88.02%,87.38%,0.530373,2026-08-21
BMNR,22.83,2027-02-19,181,Call,30.00,-31.41%,3.25,3.45,3.5,15438,4434,3.48,80.20%,85.11%,0.450034,2026-08-21
PLTR,179.94,2026-08-28,6,Call,180.00,-0.03%,4.55,4.6,4.65,31612,9120,3.47,47.34%,49.74%,0.514364,2026-08-21
DKNG,26.17,2026-10-02,41,Put,20.00,-23.58%,0,0.15,0.3,583,168,3.47,47.72%,57.00%,-0.063877,2026-08-21
CLS,296.55,2026-08-28,6,Call,320.00,-7.91%,1.6,2.1,2.75,669,193,3.47,63.06%,61.34%,0.178557,2026-08-21
BMNR,22.83,2028-06-16,664,Put,22.00,-3.64%,8.05,8.15,8.6,501,145,3.46,80.20%,83.65%,-0.265676,2026-08-21
F,14.41,2026-09-11,20,Put,15.00,+4.09%,0.71,0.77,0.8,561,162,3.46,32.46%,28.41%,-0.715476,2026-08-21
SPCX,136.97,2026-08-28,6,Put,131.00,-4.36%,1.86,1.89,1.92,3583,1035,3.46,59.18%,61.97%,-0.271842,2026-08-21
CRCL,87.98,2026-08-28,6,Call,90.00,-2.30%,3,3.15,3.25,6748,1950,3.46,83.19%,88.67%,0.445265,2026-08-21
NET,293.14,2026-08-28,6,Call,320.00,-9.16%,1,1.25,1.24,798,231,3.45,51.91%,54.90%,0.114705,2026-08-21
RDW,12.02,2026-08-28,6,Put,12.00,-0.17%,0.5,0.57,0.6,1312,380,3.45,88.02%,91.74%,-0.469278,2026-08-21
HIMS,33.78,2026-08-28,6,Call,34.50,-2.13%,0.92,1.02,1.1,2288,663,3.45,75.84%,76.26%,0.436138,2026-08-21
MU,966.78,2027-01-15,146,Call,"1,780.00",-84.12%,27.15,29.5,29.65,513,149,3.44,63.67%,73.65%,0.147966,2026-08-21
RF,30.41,2026-09-18,27,Call,32.00,-5.23%,0.05,0.2,0.35,2783,810,3.44,20.68%,21.79%,0.203344,2026-08-21
SPCX,136.97,2026-08-28,6,Call,139.00,-1.48%,3.45,3.45,3.55,3152,916,3.44,59.18%,62.46%,0.445804,2026-08-21
GOOG,341.75,2026-10-16,55,Call,405.00,-18.51%,1.6,1.88,1.94,3179,925,3.44,28.59%,31.07%,0.095983,2026-08-21
ABVX,114.95,2026-08-28,6,Call,160.00,-39.19%,0.15,0.2,0.2,525,153,3.43,61.19%,127.11%,0.025965,2026-08-21
DELL,442.08,2026-08-28,6,Call,440.00,+0.47%,17.05,16.71,17.25,819,239,3.43,79.98%,70.86%,0.540922,2026-08-21
MSTR,119.25,2028-06-16,664,Call,180.00,-50.94%,36.25,41.35,45,1129,329,3.43,78.64%,85.23%,0.610553,2026-08-21
HUT,80.86,2026-08-28,6,Call,85.00,-5.12%,2.6,2.79,2.9,2032,592,3.43,99.62%,106.28%,0.384385,2026-08-21
AVGO,368.45,2026-08-28,6,Call,375.00,-1.78%,5.5,5.68,5.8,3276,954,3.43,51.15%,44.50%,0.392779,2026-08-21
META,549.9,2026-08-28,6,Call,560.00,-1.84%,6.1,6.29,6.4,4707,1374,3.43,34.97%,36.75%,0.362593,2026-08-21
AMZN,258.63,2026-08-28,6,Call,260.00,-0.53%,3.3,3.47,3.45,7784,2279,3.42,29.19%,29.81%,0.458778,2026-08-21
CRCL,87.98,2026-08-28,6,Put,90.00,+2.30%,4.8,5.1,5.25,673,197,3.42,83.19%,87.08%,-0.55705,2026-08-21
GLXY,23.64,2026-08-28,6,Call,24.50,-3.64%,0.71,0.7,0.84,2458,718,3.42,85.14%,93.39%,0.407631,2026-08-21
IONQ,44.86,2026-09-04,13,Call,50.00,-11.46%,1.19,1.19,1.21,3310,972,3.41,80.28%,87.02%,0.284115,2026-08-21
XPEV,12.19,2026-08-28,6,Put,11.00,-9.76%,0.12,0.13,0.17,3705,1088,3.41,58.83%,92.43%,-0.176015,2026-08-21
SPCX,136.97,2026-08-28,6,Call,143.00,-4.40%,2.16,2.19,2.22,4655,1373,3.39,59.18%,63.72%,0.315874,2026-08-21
BMRN,66.7,2026-09-18,27,Call,75.00,-12.44%,0.4,0.5,1,627,185,3.39,41.93%,42.70%,0.176479,2026-08-21
BA,214.2,2026-08-28,6,Call,217.50,-1.54%,1.82,1.88,1.95,741,219,3.38,30.32%,29.68%,0.350565,2026-08-21
APLD,27.21,2026-08-28,6,Call,27.50,-1.07%,1.1,1.12,1.14,900,266,3.38,88.21%,89.56%,0.488143,2026-08-21
NVDA,214.72,2026-09-04,13,Call,212.50,+1.03%,9,9.19,9.15,1044,309,3.38,40.60%,48.45%,0.568079,2026-08-21
PLX,2.38,2027-02-19,181,Call,2.50,-5.04%,0.35,0.4,0.5,2006,593,3.38,87.46%,68.40%,0.571327,2026-08-21
LULU,121.07,2026-08-28,6,Call,124.00,-2.42%,1.41,1.57,1.95,752,223,3.37,58.60%,46.07%,0.357458,2026-08-21
MU,966.78,2026-08-28,6,Call,"1,060.00",-9.64%,5.95,6.35,6.35,853,253,3.37,63.67%,66.18%,0.150175,2026-08-21
NVDA,214.72,2026-10-02,41,Call,220.00,-2.46%,9.1,9.25,9.35,1081,321,3.37,40.60%,39.08%,0.463045,2026-08-21
HIMS,33.78,2026-09-04,13,Put,29.00,-14.15%,0.27,0.32,0.45,1037,309,3.36,75.84%,78.62%,-0.133391,2026-08-21
SKHY,163.41,2026-08-28,6,Call,165.00,-0.97%,5.4,5.6,5.6,3550,1056,3.36,71.90%,74.08%,0.480779,2026-08-21
MMM,178.96,2026-08-28,6,Call,170.00,+5.01%,7.85,9,10.05,509,152,3.35,23.55%,16.63%,0.992256,2026-08-21
AVGO,368.45,2026-09-04,13,Call,382.50,-3.81%,11.65,11.74,12.3,570,170,3.35,51.15%,63.70%,0.404073,2026-08-21
PLTR,179.94,2026-12-18,118,Call,65.00,+63.88%,115.5,115.32,117.1,2511,749,3.35,47.34%,93.50%,0.986254,2026-08-21
UROY,4.38,2026-09-18,27,Call,4.50,-2.74%,0.25,0.28,0.3,1238,371,3.34,76.11%,67.89%,0.48423,2026-08-21
USAR,19.26,2026-08-28,6,Call,20.00,-3.84%,0.6,0.62,0.7,4024,1203,3.34,88.89%,96.81%,0.406347,2026-08-21
META,549.9,2026-08-26,4,Call,592.50,-7.75%,0.4,0.41,0.48,602,181,3.33,34.97%,41.44%,0.045496,2026-08-21
RXT,3.32,2026-09-18,27,Call,4.00,-20.48%,0.15,0.15,0.25,1662,499,3.33,116.12%,116.59%,0.337005,2026-08-21
CMG,36.9,2026-08-28,6,Call,36.00,+2.44%,1.1,1.19,1.29,2401,720,3.33,35.64%,33.80%,0.727499,2026-08-21
RUN,9.16,2026-08-28,6,Put,9.50,+3.71%,0.43,0.47,0.55,1020,307,3.32,65.75%,61.30%,-0.6626,2026-08-21
CORZ,17.81,2026-08-28,6,Call,19.50,-9.49%,0.18,0.2,0.23,1028,310,3.32,76.90%,80.83%,0.206879,2026-08-21
BABA,119.34,2026-11-20,90,Call,140.00,-17.31%,4.5,4.55,4.7,11399,3433,3.32,41.03%,47.95%,0.290014,2026-08-21
SPCX,136.97,2026-08-28,6,Call,140.00,-2.21%,3.1,3.05,3.2,24981,7550,3.31,59.18%,63.14%,0.411969,2026-08-21
JD,29.37,2026-08-28,6,Put,29.50,+0.44%,0.47,0.55,0.64,569,172,3.31,30.96%,30.83%,-0.550192,2026-08-21
APLD,27.21,2026-08-28,6,Call,28.00,-2.90%,0.9,0.92,0.98,1236,373,3.31,88.21%,91.45%,0.428406,2026-08-21
BABA,119.34,2026-11-20,90,Call,150.00,-25.69%,3,3.07,3.45,3849,1167,3.3,41.03%,50.18%,0.21349,2026-08-21
MSTR,119.25,2026-08-28,6,Call,125.00,-4.82%,3.3,3.35,3.4,8118,2458,3.3,78.64%,92.11%,0.368918,2026-08-21
LLY,1255.4,2026-08-28,6,Call,"1,320.00",-5.15%,2.52,3.3,3.6,597,182,3.28,31.99%,32.51%,0.12078,2026-08-21
SCHW,112.3,2026-08-28,6,Call,114.00,-1.51%,0.5,0.58,0.82,760,232,3.28,23.05%,22.92%,0.314582,2026-08-21
ERO,39.42,2026-09-18,27,Put,30.00,-23.90%,0.1,0.15,0.25,1013,309,3.28,59.17%,66.75%,-0.053863,2026-08-21
CBRS,196.13,2026-09-18,27,Put,165.00,-15.87%,4.4,4.9,5,1080,329,3.28,90.25%,80.45%,-0.181342,2026-08-21
BULL,8.78,2026-08-28,6,Put,9.00,+2.51%,0.43,0.45,0.49,2309,705,3.28,55.70%,75.17%,-0.580828,2026-08-21
VG,14.21,2026-09-18,27,Call,17.50,-23.15%,0.1,0.2,0.2,3437,1049,3.28,63.86%,62.95%,0.13187,2026-08-21
XYZ,82.16,2026-08-28,6,Call,85.00,-3.46%,0.65,0.73,0.74,3817,1166,3.27,38.67%,40.88%,0.270645,2026-08-21
NVDA,214.72,2026-08-28,6,Call,227.50,-5.95%,2.27,2.28,2.32,30472,9318,3.27,40.60%,60.54%,0.242128,2026-08-21
MAR,356.39,2026-08-28,6,Put,345.00,-3.20%,0.05,1.15,1.5,513,157,3.27,22.68%,23.89%,-0.137959,2026-08-21
MU,966.78,2026-08-24,2,Call,"1,005.00",-3.95%,2.14,2.25,2.42,676,207,3.27,63.67%,46.79%,0.136438,2026-08-21
NVDA,214.72,2026-08-28,6,Call,202.50,+5.69%,14.1,14.75,14.65,1059,324,3.27,40.60%,60.18%,0.789477,2026-08-21
MRNA,145.13,2026-09-11,20,Put,100.00,-31.10%,0.93,1.07,1.1,1238,379,3.27,96.93%,110.31%,-0.057205,2026-08-21
SPCX,136.97,2026-08-28,6,Call,133.00,+2.90%,6.45,6.52,6.65,2318,709,3.27,59.18%,61.16%,0.66348,2026-08-21
SKHY,163.41,2026-08-28,6,Call,180.00,-10.15%,1.25,1.5,1.6,3564,1096,3.25,71.90%,75.95%,0.17404,2026-08-21
SLS,15.46,2026-08-28,6,Put,13.00,-15.91%,0.3,0.4,0.45,1110,342,3.25,175.42%,170.65%,-0.182992,2026-08-21
BMNR,22.83,2026-10-02,41,Call,27.00,-18.27%,1.15,1.22,1.45,541,167,3.24,80.20%,87.40%,0.339826,2026-08-21
INTU,367,2026-08-28,6,Call,420.00,-14.44%,1.3,2.65,2.9,541,167,3.24,58.33%,83.55%,0.114621,2026-08-21
HOOD,108.13,2026-08-28,6,Call,120.00,-10.98%,1.12,1.13,1.15,7490,2312,3.24,65.70%,85.01%,0.185187,2026-08-21
TSLA,362.86,2026-09-25,34,Call,365.00,-0.59%,17.65,18,18.2,975,302,3.23,41.47%,41.54%,0.517652,2026-08-21
INTC,90.07,2026-08-26,4,Call,97.00,-7.69%,0.36,0.39,0.4,1052,326,3.23,60.87%,61.67%,0.13334,2026-08-21
XYZ,82.16,2026-08-28,6,Call,84.00,-2.24%,0.92,0.96,0.99,1364,422,3.23,38.67%,40.08%,0.346875,2026-08-21
CRWD,191.95,2026-08-28,6,Call,190.00,+1.02%,9.2,9.86,10.05,808,251,3.22,61.99%,87.64%,0.560555,2026-08-21
UPS,102.01,2026-08-28,6,Put,102.00,-0.01%,1.07,1.06,1.33,555,173,3.21,24.37%,22.70%,-0.498207,2026-08-21
INTC,90.07,2026-08-26,4,Call,92.00,-2.14%,1.34,1.41,1.44,704,219,3.21,60.87%,58.18%,0.377431,2026-08-21
PONY,8.23,2026-09-18,27,Call,10.00,-21.51%,0.1,0.15,0.31,2495,778,3.21,71.56%,80.23%,0.220213,2026-08-21
INTC,90.07,2026-08-24,2,Call,93.00,-3.25%,0.3,0.3,0.31,4538,1414,3.21,60.87%,46.67%,0.182828,2026-08-21
MU,966.78,2026-08-24,2,Put,945.00,-2.25%,5.2,5.64,5.75,509,159,3.2,63.67%,48.73%,-0.256349,2026-08-21
AMZN,258.63,2026-08-24,2,Call,210.00,+18.80%,47.2,49.65,50.45,880,275,3.2,29.19%,134.58%,0.983921,2026-08-21
ROST,239.04,2026-09-18,27,Put,240.00,+0.40%,5.1,6.6,7.9,733,230,3.19,24.35%,24.03%,-0.501665,2026-08-21
SOFI,18.91,2026-10-02,41,Call,22.00,-16.34%,0.19,0.38,0.43,884,277,3.19,50.58%,47.47%,0.198892,2026-08-21
COIN,186.49,2026-08-28,6,Call,210.00,-12.61%,1.8,1.83,1.87,1788,560,3.19,70.19%,90.32%,0.167949,2026-08-21
CBRS,196.13,2026-09-18,27,Put,185.00,-5.67%,11.5,12.3,12.9,1057,332,3.18,90.25%,84.34%,-0.352318,2026-08-21
RBLX,38.37,2026-08-28,6,Call,40.50,-5.55%,0.43,0.46,0.53,1078,339,3.18,56.68%,62.69%,0.266104,2026-08-21
TSLA,362.86,2026-08-31,9,Call,380.00,-4.72%,3.55,3.7,3.7,1503,473,3.18,41.47%,42.25%,0.258149,2026-08-21
TIGR,5.33,2026-08-28,6,Call,5.50,-3.19%,0.14,0.16,0.18,3292,1035,3.18,54.97%,84.55%,0.409057,2026-08-21
BE,201.45,2026-08-28,6,Put,197.50,-1.96%,6.6,7.1,6.95,549,173,3.17,85.76%,84.87%,-0.404775,2026-08-21
AAPL,309.35,2026-08-26,4,Put,310.00,+0.21%,3.25,3.15,3.55,1363,430,3.17,24.73%,24.10%,-0.523774,2026-08-21
TSLA,362.86,2026-08-24,2,Call,387.50,-6.79%,0.16,0.16,0.18,1885,595,3.17,41.47%,47.98%,0.033884,2026-08-21
META,549.9,2026-08-24,2,Call,570.00,-3.66%,0.4,0.42,0.46,3415,1078,3.17,34.97%,32.88%,0.072778,2026-08-21
CLSK,11.98,2026-10-16,55,Call,15.00,-25.21%,0.67,0.71,0.75,5667,1789,3.17,86.18%,87.79%,0.318109,2026-08-21
USAR,19.26,2026-08-28,6,Put,18.50,-3.95%,0.5,0.56,0.6,837,265,3.16,88.89%,91.43%,-0.3422,2026-08-21
UPWK,8.61,2026-10-16,55,Put,10.00,+16.14%,1.5,1.6,1.85,2012,637,3.16,50.77%,58.27%,-0.705831,2026-08-21
PDD,88.38,2026-08-28,6,Call,105.00,-18.81%,0.18,0.21,0.21,2547,807,3.16,43.17%,80.22%,0.052828,2026-08-21
PCG,17.6,2026-08-28,6,Call,19.00,-7.95%,0.2,0.26,0.39,2873,909,3.16,56.62%,86.35%,0.263525,2026-08-21
AMZN,258.63,2026-08-26,4,Call,255.00,+1.40%,5.05,5.42,5.55,813,258,3.15,29.19%,28.74%,0.690813,2026-08-21
GPC,133.96,2026-09-18,27,Call,135.00,-0.78%,2.9,3.02,3.5,842,267,3.15,26.07%,25.24%,0.469852,2026-08-21
MSTR,119.25,2026-08-28,6,Call,165.00,-38.36%,0.2,0.22,0.25,865,275,3.15,78.64%,129.58%,0.030896,2026-08-21
META,549.9,2026-08-26,4,Put,500.00,-9.07%,0.1,0.13,0.14,537,171,3.14,34.97%,41.88%,-0.013942,2026-08-21
ABT,116.64,2026-10-16,55,Put,105.00,-9.98%,1.05,1.1,1.25,783,249,3.14,25.01%,29.20%,-0.157511,2026-08-21
COIN,186.49,2026-08-28,6,Call,220.00,-17.97%,0.99,1.04,1.08,1855,590,3.14,70.19%,95.75%,0.100285,2026-08-21
AAPL,309.35,2026-08-24,2,Call,305.00,+1.41%,4.65,4.7,5.3,3350,1068,3.14,24.73%,22.80%,0.804624,2026-08-21
AAPL,309.35,2026-09-04,13,Call,310.00,-0.21%,5.5,5.82,5.75,6010,1916,3.14,24.73%,24.76%,0.501314,2026-08-21
TRGP,299.1,2026-10-16,55,Call,310.00,-3.64%,9.7,11.1,11.8,604,193,3.13,30.97%,32.38%,0.420711,2026-08-21
DPZ,341.85,2027-01-15,146,Call,540.00,-57.96%,0.1,1.5,1.65,680,217,3.13,32.20%,36.10%,0.031076,2026-08-21
NKE,40.76,2026-10-02,41,Call,45.00,-10.40%,0.9,0.95,0.99,767,245,3.13,34.86%,44.11%,0.274198,2026-08-21
AMD,473.25,2026-08-24,2,Put,455.00,-3.86%,0.76,0.77,0.89,783,250,3.13,52.97%,43.99%,-0.109434,2026-08-21
SPCE,3.08,2026-09-04,13,Put,3.50,+13.64%,0.47,0.47,0.53,568,182,3.12,82.63%,95.43%,-0.73121,2026-08-21
CRGY,14.06,2026-09-18,27,Call,15.00,-6.69%,0.35,0.35,0.4,1073,344,3.12,45.88%,47.85%,0.332582,2026-08-21
UAA,5.39,2026-09-18,27,Call,6.00,-11.32%,0.05,0.1,0.15,1220,391,3.12,50.29%,50.45%,0.244055,2026-08-21
COIN,186.49,2026-08-28,6,Call,190.00,-1.88%,6.1,6.16,6.25,6010,1925,3.12,70.19%,80.61%,0.451053,2026-08-21
RIOT,19.83,2026-08-28,6,Put,19.50,-1.66%,0.71,0.76,0.86,516,166,3.11,90.87%,94.08%,-0.41935,2026-08-21
MSTR,119.25,2026-09-04,13,Call,180.00,-50.94%,0.31,0.37,0.44,554,178,3.11,78.64%,115.91%,0.038623,2026-08-21
RGTI,17.91,2026-12-18,118,Put,16.00,-10.66%,2.06,2.42,2.46,774,249,3.11,81.31%,84.38%,-0.310337,2026-08-21
AAL,13.82,2027-01-15,146,Put,13.00,-5.93%,1.15,1.2,1.2,2245,723,3.11,44.97%,47.00%,-0.354514,2026-08-21
UAN,125.9,2026-09-18,27,Call,175.00,-39.00%,0.05,0.1,0.15,780,252,3.1,45.83%,55.29%,0.015543,2026-08-21
HOOD,108.13,2026-08-28,6,Call,140.00,-29.47%,0.12,0.11,0.14,879,284,3.1,65.70%,99.96%,0.025797,2026-08-21
GOOGL,344.82,2026-09-04,13,Put,280.00,-18.80%,0.01,0.1,0.15,1053,340,3.1,28.86%,46.68%,-0.007758,2026-08-21
PLTR,179.94,2026-08-28,6,Put,180.00,+0.03%,4.5,4.56,4.6,7051,2272,3.1,47.34%,49.64%,-0.486409,2026-08-21
IOVA,8.29,2026-08-28,6,Call,8.00,+3.50%,0.4,0.58,0.9,1076,348,3.09,95.94%,117.43%,0.623921,2026-08-21
SOFI,18.91,2026-09-11,20,Put,18.50,-2.17%,0.62,0.62,0.73,1867,604,3.09,50.58%,50.37%,-0.398012,2026-08-21
KSS,17.6,2026-08-28,6,Call,19.00,-7.95%,0.61,0.72,0.91,1298,422,3.08,79.26%,144.00%,0.373711,2026-08-21
BMNR,22.83,2026-08-28,6,Call,22.50,+1.45%,1.15,1.2,1.26,1960,637,3.08,80.20%,88.45%,0.575376,2026-08-21
MSTR,119.25,2026-08-28,6,Call,130.00,-9.01%,2.19,2.25,2.25,29772,9671,3.08,78.64%,96.40%,0.263761,2026-08-21
TSLA,362.86,2026-08-24,2,Put,342.50,-5.61%,0.15,0.17,0.17,3557,1160,3.07,41.47%,43.38%,-0.034368,2026-08-21
HOOD,108.13,2026-09-04,13,Call,107.00,+1.05%,6.05,5.9,6.7,534,174,3.07,65.70%,70.71%,0.561647,2026-08-21
WFC,83.84,2026-08-28,6,Put,82.00,-2.19%,0.3,0.4,0.45,837,273,3.07,23.54%,24.85%,-0.235887,2026-08-21
PCG,17.6,2028-01-21,517,Call,30.00,-70.45%,0.43,0.54,0.58,2228,725,3.07,56.62%,34.49%,0.157836,2026-08-21
MU,966.78,2026-08-24,2,Call,"1,010.00",-4.47%,1.64,1.76,1.85,2318,756,3.07,63.67%,47.08%,0.108995,2026-08-21
AMZN,258.63,2026-10-02,41,Call,270.00,-4.40%,5.8,6.27,6.2,579,189,3.06,29.19%,29.29%,0.364389,2026-08-21
MARA,11.26,2026-08-28,6,Put,10.00,-11.19%,0.13,0.13,0.14,7270,2384,3.05,92.06%,101.66%,-0.163579,2026-08-21
LITE,866.71,2026-08-28,6,Put,860.00,-0.77%,32.3,32.3,33.2,576,189,3.05,78.08%,82.08%,-0.447834,2026-08-21
ECO,64.71,2026-09-18,27,Call,65.00,-0.45%,1.9,2.94,3.4,662,217,3.05,37.03%,42.10%,0.488988,2026-08-21
CFG,69.86,2026-10-16,55,Call,72.50,-3.78%,1.75,2,2.15,726,239,3.04,24.38%,27.74%,0.390064,2026-08-21
IREN,41.88,2026-08-28,6,Call,44.50,-6.26%,1.87,1.9,1.96,1024,337,3.04,102.37%,137.75%,0.400538,2026-08-21
LRCX,314,2026-10-16,55,Put,220.00,-29.94%,2.12,2.5,2.79,3127,1028,3.04,61.09%,66.29%,-0.063068,2026-08-21
WULF,15.64,2026-10-16,55,Call,16.00,-2.30%,1.93,1.97,2.18,5695,1874,3.04,90.17%,100.19%,0.520387,2026-08-21
WMT,103.7,2026-08-28,6,Call,103.00,+0.68%,1.57,1.7,1.7,7350,2425,3.03,22.58%,23.21%,0.601428,2026-08-21
PLTR,179.94,2026-08-28,6,Put,165.00,-8.30%,0.52,0.52,0.54,7738,2558,3.03,47.34%,52.44%,-0.091582,2026-08-21
BA,214.2,2026-08-28,6,Call,222.50,-3.87%,0.68,0.73,0.73,737,243,3.03,30.32%,29.87%,0.164876,2026-08-21
GOOGL,344.82,2026-08-28,6,Call,357.50,-3.68%,1,1.25,1.4,1074,355,3.03,28.86%,29.17%,0.175615,2026-08-21
CRGY,14.06,2028-12-15,846,Call,17.50,-24.47%,2.65,2.97,4.4,529,175,3.02,45.88%,56.28%,0.544792,2026-08-21
COIN,186.49,2026-08-28,6,Call,230.00,-23.33%,0.58,0.62,0.6,750,248,3.02,70.19%,100.61%,0.059788,2026-08-21
BABA,119.34,2026-08-28,6,Put,117.00,-1.96%,1.56,1.66,1.74,1010,334,3.02,41.03%,44.02%,-0.35191,2026-08-21
CDE,20.97,2026-08-28,6,Call,21.00,-0.14%,0.6,0.76,0.8,2169,719,3.02,65.57%,66.13%,0.512664,2026-08-21
NIO,4.63,2026-09-18,27,Call,4.00,+13.61%,0.68,0.73,0.73,20259,6723,3.01,61.09%,58.55%,0.844959,2026-08-21
MSTR,119.25,2026-08-28,6,Put,109.00,-8.60%,1.35,1.41,1.46,581,193,3.01,78.64%,84.75%,-0.187686,2026-08-21
MU,966.78,2026-08-24,2,Put,940.00,-2.77%,4.15,4.35,4.6,782,260,3.01,63.67%,49.32%,-0.214008,2026-08-21
BIRK,35.64,2026-10-16,55,Put,32.50,-8.81%,0.85,1.35,1.5,2018,670,3.01,50.34%,47.31%,-0.267701,2026-08-21
META,549.9,2026-09-18,27,Put,720.00,+30.93%,166.5,169.55,174.15,522,174,3,34.97%,51.61%,-0.978978,2026-08-21
PFE,28.07,2026-09-04,13,Put,28.00,-0.25%,0.41,0.47,0.49,561,187,3,22.70%,22.45%,-0.474815,2026-08-21
NFLX,79.59,2026-09-18,27,Put,105.00,+31.93%,23.25,25.45,27.45,744,248,3,32.12%,54.04%,-0.97705,2026-08-21
M,22.82,2026-09-11,20,Put,22.50,-1.40%,0.79,1.05,1.15,774,258,3,53.91%,53.25%,-0.429199,2026-08-21
ECHO,86.81,2026-09-18,27,Put,125.00,+43.99%,36.1,38,40.1,846,282,3,48.75%,63.66%,-0.991223,2026-08-21
META,549.9,2026-09-18,27,Put,790.00,+43.66%,236.45,239.55,244.05,888,296,3,34.97%,64.80%,-0.985328,2026-08-21
ECHO,86.81,2026-10-16,55,Put,145.00,+67.03%,56.1,57.9,60.1,944,315,3,48.75%,66.23%,-0.989092,2026-08-21
RBLX,38.37,2026-12-18,118,Put,115.00,+199.71%,75.25,76.48,77.7,948,316,3,56.68%,101.17%,-0.981376,2026-08-21
LULU,121.07,2026-12-18,118,Put,350.00,+189.09%,228.1,229.45,230.05,1912,637,3,58.60%,101.90%,-0.97445,2026-08-21
ECHO,86.81,2027-01-15,146,Put,160.00,+84.31%,71.1,72.9,75.1,1926,642,3,48.75%,56.44%,-0.977893,2026-08-21
WMT,103.7,2026-08-28,6,Call,109.00,-5.11%,0.12,0.12,0.13,2082,695,3,22.58%,26.90%,0.078436,2026-08-21
ECHO,86.81,2026-10-16,55,Put,140.00,+61.27%,51.1,53,55.1,2120,707,3,48.75%,62.33%,-0.988747,2026-08-21
NFLX,79.59,2026-09-18,27,Put,116.00,+45.75%,34.7,36.4,38.45,2190,730,3,32.12%,78.48%,-0.957831,2026-08-21
NFLX,79.59,2026-09-18,27,Put,110.00,+38.21%,29.1,30.5,31.65,2971,991,3,32.12%,65.32%,-0.967574,2026-08-21
IBRX,7.79,2026-08-28,6,Call,6.00,+22.98%,1.7,2.2,2.15,4307,1438,3,73.32%,195.95%,0.878459,2026-08-21
CPNG,16.45,2026-09-18,27,Put,23.00,+39.82%,4.75,6.7,8.65,5716,1905,3,44.98%,90.23%,-0.896206,2026-08-21
CPNG,16.45,2026-09-18,27,Put,22.00,+33.74%,4.2,5.65,7.65,7536,2512,3,44.98%,103.26%,-0.814919,2026-08-21
TSLA,362.86,2026-08-24,2,Call,345.00,+4.92%,17.45,18.2,19.1,5858,1962,2.99,41.47%,45.52%,0.93584,2026-08-21
XP,16.81,2026-11-20,90,Call,21.00,-24.93%,0.4,0.49,0.55,25002,8367,2.99,32.88%,50.65%,0.219648,2026-08-21
HOOD,108.13,2026-09-11,20,Call,130.00,-20.23%,1.22,1.33,1.4,512,171,2.99,65.70%,70.21%,0.152288,2026-08-21
META,549.9,2026-10-16,55,Put,760.00,+38.21%,206.5,209.5,213.65,512,171,2.99,34.97%,43.37%,-0.988581,2026-08-21
CRWD,191.95,2026-08-28,6,Call,205.00,-6.80%,3.7,3.95,4.1,866,290,2.99,61.99%,87.89%,0.300787,2026-08-21
TSLA,362.86,2026-08-31,9,Call,357.50,+1.48%,11.95,13.53,12.55,831,279,2.98,41.47%,40.49%,0.610244,2026-08-21
TSLA,362.86,2026-08-26,4,Call,347.50,+4.23%,16.2,17.4,17.35,1072,360,2.98,41.47%,41.54%,0.847475,2026-08-21
MSTR,119.25,2026-08-28,6,Put,112.00,-6.08%,2.14,2.18,2.23,1597,536,2.98,78.64%,84.90%,-0.262535,2026-08-21
META,549.9,2026-09-18,27,Put,730.00,+32.75%,176.45,179.7,184.05,2358,793,2.97,34.97%,52.62%,-0.983046,2026-08-21
MRNA,145.13,2027-01-15,146,Call,155.00,-6.80%,28.35,34.74,31.9,521,176,2.96,96.93%,91.09%,0.57948,2026-08-21
TSLA,362.86,2026-08-31,9,Call,375.00,-3.35%,4.75,4.85,4.95,1108,374,2.96,41.47%,41.67%,0.323951,2026-08-21
MSTR,119.25,2026-08-28,6,Call,150.00,-25.79%,0.49,0.49,0.51,8012,2708,2.96,78.64%,114.41%,0.068565,2026-08-21
NVDA,214.72,2026-08-24,2,Put,212.50,-1.03%,0.84,0.86,0.89,22696,7662,2.96,40.60%,28.03%,-0.302006,2026-08-21
GOOGL,344.82,2026-08-24,2,Call,350.00,-1.50%,0.5,0.5,0.61,3809,1291,2.95,28.86%,21.87%,0.183646,2026-08-21
ECHO,86.81,2026-09-18,27,Put,130.00,+49.75%,41.1,43.1,45.1,5960,2019,2.95,48.75%,69.49%,-0.991716,2026-08-21
MSTR,119.25,2026-08-28,6,Call,131.00,-9.85%,2,2.06,2.12,528,179,2.95,78.64%,97.56%,0.246961,2026-08-21
CMS,68.27,2026-09-18,27,Call,70.00,-2.53%,0.65,0.8,0.95,548,186,2.95,20.34%,20.08%,0.334121,2026-08-21
MCHP,76.08,2026-09-18,27,Call,55.00,+27.71%,20.7,21.3,21.4,670,227,2.95,44.99%,69.04%,0.964689,2026-08-21
AAPL,309.35,2026-08-26,4,Put,302.50,-2.21%,0.8,0.87,0.96,943,320,2.95,24.73%,25.32%,-0.192073,2026-08-21
MARA,11.26,2026-08-28,6,Put,12.00,+6.57%,1.01,1.07,1.1,1500,509,2.95,92.06%,104.40%,-0.65751,2026-08-21
RIVN,16.97,2026-10-02,41,Call,18.00,-6.07%,0.84,0.98,1.07,517,176,2.94,57.79%,59.28%,0.430029,2026-08-21
RCAT,9.62,2026-09-04,13,Put,8.00,-16.84%,0.01,0.14,0.16,523,178,2.94,99.79%,84.72%,-0.107348,2026-08-21
JMKE,23.86,2026-09-18,27,Call,25.00,-4.78%,0.7,0.83,0.9,1599,544,2.94,50.06%,47.82%,0.39234,2026-08-21
BABA,119.34,2026-11-20,90,Call,165.00,-38.26%,1.64,1.84,2,2096,713,2.94,41.03%,52.11%,0.130675,2026-08-21
MSFT,483.24,2026-08-26,4,Put,480.00,-0.67%,3.4,3.85,3.8,680,233,2.92,26.16%,25.42%,-0.391211,2026-08-21
INTC,90.07,2026-08-28,6,Call,91.00,-1.03%,2.5,2.54,2.61,3194,1092,2.92,60.87%,64.31%,0.469172,2026-08-21
HOOD,108.13,2026-08-28,6,Call,119.00,-10.05%,1.25,1.29,1.3,614,211,2.91,65.70%,84.33%,0.204263,2026-08-21
ALAB,284.97,2026-10-16,55,Call,500.00,-75.46%,2.16,2.83,3.5,892,307,2.91,82.17%,88.47%,0.073642,2026-08-21
CIFR,15.77,2026-08-28,6,Put,14.50,-8.05%,0.35,0.37,0.4,2264,778,2.91,106.51%,112.18%,-0.255533,2026-08-21
HUT,80.86,2026-08-28,6,Call,80.00,+1.06%,4.4,4.91,5.1,675,233,2.9,99.62%,104.17%,0.560137,2026-08-21
QUBT,8.92,2026-09-18,27,Put,10.00,+12.11%,1.37,1.52,1.62,5129,1767,2.9,74.00%,84.66%,-0.646119,2026-08-21
AMZN,258.63,2026-08-24,2,Call,265.00,-2.46%,0.23,0.23,0.25,7213,2489,2.9,29.19%,25.63%,0.103382,2026-08-21
MSTR,119.25,2026-09-04,13,Call,130.00,-9.01%,3.95,4.03,4.05,5667,1963,2.89,78.64%,87.94%,0.333835,2026-08-21
MU,966.78,2026-08-28,6,Call,"1,025.00",-6.02%,11.65,12.25,12.3,917,317,2.89,63.67%,65.06%,0.257068,2026-08-21
AMZN,258.63,2026-08-28,6,Put,257.50,-0.44%,3.25,3.3,3.4,2325,805,2.89,29.19%,29.75%,-0.441735,2026-08-21
OXY,61.3,2026-08-28,6,Put,61.00,-0.49%,0.77,0.77,0.92,568,197,2.88,31.69%,31.85%,-0.441446,2026-08-21
BAC,61.69,2026-09-04,13,Put,61.00,-1.12%,0.73,0.77,0.8,1449,504,2.88,21.45%,23.61%,-0.386889,2026-08-21
GOOGL,344.82,2026-09-11,20,Call,380.00,-10.20%,0.9,0.99,1,1499,521,2.88,28.86%,29.45%,0.08882,2026-08-21
MARA,11.26,2026-11-20,90,Call,11.00,+2.31%,2.01,2.17,2.34,2674,929,2.88,92.06%,91.37%,0.61763,2026-08-21
NFLX,79.59,2027-01-15,146,Put,140.00,+75.90%,58.3,60.4,62.45,574,200,2.87,32.12%,52.83%,-0.9773,2026-08-21
META,549.9,2026-08-24,2,Put,540.00,-1.80%,1.12,1.25,1.4,936,326,2.87,34.97%,28.85%,-0.192396,2026-08-21
INTC,90.07,2026-08-28,6,Put,78.00,-13.40%,0.14,0.18,0.19,1126,393,2.87,60.87%,69.46%,-0.047906,2026-08-21
COIN,186.49,2026-08-28,6,Call,200.00,-7.24%,3.3,3.32,3.35,13563,4747,2.86,70.19%,84.80%,0.279764,2026-08-21
TEM,72.69,2026-08-28,6,Call,66.00,+9.20%,6.9,7.5,8.4,690,241,2.86,79.54%,91.20%,0.813096,2026-08-21
LUNR,18.32,2026-08-28,6,Call,19.00,-3.71%,0.4,0.7,0.82,837,293,2.86,96.96%,94.95%,0.40763,2026-08-21
SPCX,136.97,2027-02-19,181,Put,80.00,-41.59%,2.32,2.71,3.05,3056,1070,2.86,59.18%,66.05%,-0.076827,2026-08-21
TMC,4.79,2026-09-18,27,Call,5.00,-4.38%,0.43,0.44,0.46,3171,1110,2.86,101.43%,101.70%,0.497145,2026-08-21
NEM,131.58,2026-08-28,6,Call,135.00,-2.60%,1.93,2.25,2.16,515,181,2.85,46.14%,50.90%,0.361818,2026-08-21
BMNR,22.83,2026-10-16,55,Call,20.00,+12.40%,4.25,4.35,4.6,606,213,2.85,80.20%,82.36%,0.722393,2026-08-21
HOOD,108.13,2026-08-28,6,Call,107.00,+1.05%,4.8,4.93,5.05,3825,1346,2.84,65.70%,78.25%,0.563891,2026-08-21
SMCI,37.24,2026-08-28,6,Call,38.50,-3.38%,1.04,1.09,1.12,14370,5065,2.84,76.18%,83.92%,0.401311,2026-08-21
ALMS,24.17,2026-09-18,27,Call,35.00,-44.81%,3,3.4,3.5,2751,967,2.84,217.91%,238.03%,0.403554,2026-08-21
META,549.9,2026-08-24,2,Call,547.50,+0.44%,5.65,6,6.2,662,234,2.83,34.97%,28.20%,0.590383,2026-08-21
MDT,93.35,2026-10-16,55,Call,97.50,-4.45%,2.03,2.04,2.35,974,344,2.83,29.57%,26.39%,0.356448,2026-08-21
ONDS,8.71,2026-09-25,34,Call,12.50,-43.51%,0.1,0.15,0.2,1013,358,2.83,78.18%,93.82%,0.134263,2026-08-21
ORCL,146.47,2026-08-28,6,Put,143.00,-2.37%,2.65,2.75,2.89,1283,453,2.83,69.89%,58.15%,-0.358161,2026-08-21
BIDU,93.21,2026-09-18,27,Call,100.00,-7.28%,2,2.1,2.25,4859,1719,2.83,39.66%,44.76%,0.310407,2026-08-21
TSLA,362.86,2026-09-04,13,Call,365.00,-0.59%,10.8,10.88,11,5324,1882,2.83,41.47%,42.80%,0.493448,2026-08-21
ASTS,68.65,2026-09-04,13,Put,55.00,-19.88%,0.19,0.32,0.37,2081,739,2.82,80.52%,79.59%,-0.059509,2026-08-21
AMD,473.25,2027-12-17,482,Call,630.00,-33.12%,89.15,92.09,96.55,501,178,2.81,52.97%,61.23%,0.508522,2026-08-21
PLTR,179.94,2026-09-04,13,Call,192.50,-6.98%,2.26,2.4,2.39,519,185,2.81,47.34%,48.38%,0.248503,2026-08-21
MU,966.78,2026-10-02,41,Put,350.00,-63.80%,0.08,0.27,0.52,553,197,2.81,63.67%,115.88%,-0.002404,2026-08-21
SNOW,332.78,2026-08-28,6,Put,310.00,-6.85%,1.6,1.79,1.89,579,206,2.81,71.21%,54.04%,-0.143223,2026-08-21
MU,966.78,2026-09-18,27,Put,570.00,-41.04%,0.8,0.87,0.93,1029,366,2.81,63.67%,88.63%,-0.010111,2026-08-21
AA,51.85,2026-09-18,27,Call,65.00,-25.36%,0.11,0.2,0.22,1763,628,2.81,49.87%,50.07%,0.057472,2026-08-21
CIFR,15.77,2026-08-28,6,Call,17.50,-10.97%,0.34,0.37,0.38,4613,1640,2.81,106.51%,116.98%,0.26853,2026-08-21
ASTS,68.65,2026-08-28,6,Call,78.00,-13.62%,0.51,0.56,0.61,572,204,2.8,80.52%,89.16%,0.145769,2026-08-21
QBTS,20.39,2026-09-04,13,Call,22.00,-7.90%,0.68,0.73,0.75,830,297,2.79,80.07%,85.56%,0.351228,2026-08-21
C,131.65,2026-09-04,13,Put,123.00,-6.57%,0.33,0.57,0.6,1027,369,2.78,28.76%,31.48%,-0.118173,2026-08-21
ZTS,77.73,2027-01-15,146,Call,150.00,-92.98%,0.05,0.2,0.25,1050,378,2.78,37.06%,46.77%,0.01955,2026-08-21
AMD,473.25,2026-08-24,2,Call,490.00,-3.54%,0.84,0.91,0.98,1704,613,2.78,52.97%,40.77%,0.129049,2026-08-21
CLF,11.27,2026-08-28,6,Call,11.50,-2.04%,0.29,0.31,0.33,3230,1160,2.78,65.01%,71.10%,0.431039,2026-08-21
CIFR,15.77,2026-08-28,6,Put,15.00,-4.88%,0.53,0.55,0.58,3496,1257,2.78,106.51%,113.09%,-0.337555,2026-08-21
ONDS,8.71,2026-09-11,20,Call,10.00,-14.81%,0.25,0.25,0.27,4680,1685,2.78,78.18%,83.32%,0.274072,2026-08-21
PATH,16.39,2027-01-15,146,Call,32.00,-95.24%,0.23,0.49,0.69,3590,1294,2.77,88.29%,77.40%,0.137711,2026-08-21
CHYM,32.78,2027-01-15,146,Call,37.50,-14.40%,2.8,2.95,3,7398,2673,2.77,47.95%,53.59%,0.427759,2026-08-21
OSCR,32.04,2026-08-28,6,Call,33.00,-3.00%,0.5,0.65,0.85,617,223,2.77,66.60%,65.02%,0.380036,2026-08-21
META,549.9,2026-09-18,27,Put,465.00,-15.44%,1.03,1.1,1.16,1529,551,2.77,34.97%,38.03%,-0.045054,2026-08-21
IBM,235.68,2026-08-28,6,Call,237.50,-0.77%,3.4,3.73,3.7,597,216,2.76,33.69%,36.27%,0.444371,2026-08-21
KO,91.1,2027-01-15,146,Put,87.50,-3.95%,2.91,2.95,3.15,1629,590,2.76,17.94%,21.46%,-0.341771,2026-08-21
NFLX,79.59,2026-09-18,27,Put,111.00,+39.46%,29.3,31.4,33.45,646,235,2.75,32.12%,59.04%,-0.990573,2026-08-21
NKE,40.76,2026-10-02,41,Call,44.00,-7.95%,1,1.23,1.42,721,262,2.75,34.86%,44.40%,0.328307,2026-08-21
NBIS,219.13,2026-08-28,6,Call,235.00,-7.24%,4.8,4.9,5.1,783,285,2.75,91.90%,95.57%,0.306927,2026-08-21
CORT,122.25,2027-01-15,146,Call,155.00,-26.79%,8.8,9,11.1,500,183,2.73,43.49%,63.74%,0.363501,2026-08-21
APP,305.77,2026-09-18,27,Put,500.00,+63.52%,190.9,195.02,199.4,549,201,2.73,55.81%,101.44%,-0.955914,2026-08-21
AMPX,10.34,2026-10-16,55,Call,11.00,-6.38%,1.05,1.15,1.15,729,267,2.73,84.29%,84.08%,0.496284,2026-08-21
APLD,27.21,2026-08-28,6,Call,27.00,+0.77%,1.32,1.65,1.42,1113,408,2.73,88.21%,90.51%,0.551692,2026-08-21
HOOD,108.13,2026-10-02,41,Call,110.00,-1.73%,8.3,8.5,9,1713,628,2.73,65.70%,64.31%,0.518953,2026-08-21
TSLA,362.86,2026-08-24,2,Call,347.50,+4.23%,15.05,15.85,16.1,3932,1442,2.73,41.47%,33.68%,0.960383,2026-08-21
FIGR,39.1,2026-08-28,6,Put,35.50,-9.21%,0.2,0.45,0.75,8170,2997,2.73,80.44%,89.69%,-0.183468,2026-08-21
MSFT,483.24,2026-08-26,4,Call,490.00,-1.40%,2.4,2.57,2.71,576,212,2.72,26.16%,25.62%,0.311,2026-08-21
LQDA,68.62,2026-09-18,27,Put,55.00,-19.85%,2.1,2.95,3.2,1165,428,2.72,111.83%,114.93%,-0.191675,2026-08-21
YUMC,49.52,2026-10-16,55,Call,50.00,-0.97%,1.5,1.6,1.75,615,227,2.71,23.50%,23.55%,0.483613,2026-08-21
NOW,128.48,2026-08-28,6,Put,130.00,+1.18%,4.4,4.47,4.7,670,247,2.71,53.09%,57.20%,-0.54675,2026-08-21
AAPL,309.35,2026-08-26,4,Put,307.50,-0.60%,2.11,2.1,2.39,1093,404,2.71,24.73%,24.29%,-0.397247,2026-08-21
GFI,47.81,2026-10-16,55,Call,50.00,-4.58%,2.7,3.06,3.9,1435,529,2.71,63.78%,59.16%,0.452965,2026-08-21
JPM,351.58,2027-03-19,209,Put,310.00,-11.83%,9.7,10.15,11.15,1742,643,2.71,21.17%,27.66%,-0.222306,2026-08-21
TTD,13.18,2026-08-28,6,Call,13.50,-2.43%,0.21,0.25,0.25,1851,683,2.71,55.59%,53.52%,0.37955,2026-08-21
SERV,4.98,2026-09-18,27,Call,6.00,-20.48%,0.15,0.17,0.17,3796,1400,2.71,83.67%,86.71%,0.254346,2026-08-21
TSLA,362.86,2026-09-25,34,Call,400.00,-10.24%,6.55,6.69,6.75,4048,1491,2.71,41.47%,42.22%,0.252966,2026-08-21
TSLA,362.86,2026-08-31,9,Put,330.00,-9.06%,0.86,1.01,0.93,556,206,2.7,41.47%,43.89%,-0.077276,2026-08-21
PLNT,54.2,2026-09-18,27,Call,55.00,-1.48%,1.55,1.87,2,514,191,2.69,37.49%,35.26%,0.469362,2026-08-21
TSLA,362.86,2026-08-28,6,Put,302.50,-16.63%,0.12,0.13,0.15,552,205,2.69,41.47%,64.74%,-0.012549,2026-08-21
B,47.6,2027-03-19,209,Put,38.00,-20.17%,2.04,2.35,2.5,2508,934,2.69,46.07%,47.46%,-0.198933,2026-08-21
RIVN,16.97,2026-08-28,6,Call,18.50,-9.02%,0.11,0.13,0.13,2968,1105,2.69,57.79%,65.68%,0.164521,2026-08-21
ABBV,264.96,2027-01-15,146,Call,300.00,-13.22%,6.85,7.2,7.7,3548,1318,2.69,24.91%,27.85%,0.275322,2026-08-21
CMG,36.9,2026-08-28,6,Call,36.50,+1.08%,0.79,0.89,1,621,232,2.68,35.64%,35.33%,0.608917,2026-08-21
MU,966.78,2026-08-24,2,Put,875.00,-9.49%,0.06,0.21,0.2,807,301,2.68,63.67%,57.80%,-0.009221,2026-08-21
INTC,90.07,2026-08-24,2,Put,91.00,+1.03%,1.65,1.76,1.8,1146,428,2.68,60.87%,45.34%,-0.612413,2026-08-21
RDW,12.02,2026-08-28,6,Call,13.50,-12.31%,0.15,0.15,0.2,1379,514,2.68,88.02%,102.64%,0.208339,2026-08-21
HTGC,17.13,2026-10-16,55,Call,18.00,-5.08%,0,0.13,0.25,1185,444,2.67,14.80%,17.38%,0.201424,2026-08-21
MARA,11.26,2026-10-16,55,Call,15.00,-33.21%,0.5,0.54,0.71,1385,518,2.67,92.06%,94.84%,0.281003,2026-08-21
KLAC,183.99,2026-09-18,27,Put,100.00,-45.65%,0,0.2,0.25,1615,606,2.67,57.93%,97.20%,-0.007212,2026-08-21
TMC,4.79,2027-02-19,181,Call,10.00,-108.77%,0.45,0.53,0.6,2850,1069,2.67,101.43%,113.28%,0.308832,2026-08-21
NVDA,214.72,2026-08-24,2,Call,222.50,-3.62%,0.12,0.12,0.13,31824,11913,2.67,40.60%,30.58%,0.060176,2026-08-21
VYX,7.91,2026-12-18,118,Call,7.50,+5.18%,1.4,1.5,1.6,4197,1578,2.66,67.41%,187.70%,0.544142,2026-08-21
PL,22.29,2026-10-16,55,Call,30.00,-34.59%,1.15,1.3,1.45,5057,1899,2.66,101.42%,100.11%,0.289154,2026-08-21
PANW,357.87,2026-08-28,6,Put,330.00,-7.79%,1.4,1.4,1.75,654,246,2.66,61.39%,56.03%,-0.12056,2026-08-21
WFC,83.84,2026-09-04,13,Call,85.00,-1.38%,0.91,1.01,1.05,751,282,2.66,23.54%,23.16%,0.389313,2026-08-21
BULL,8.78,2026-09-11,20,Call,10.00,-13.90%,0.03,0.2,0.22,1022,384,2.66,55.70%,59.32%,0.196714,2026-08-21
LMND,53.37,2026-08-28,6,Put,50.00,-6.31%,0.3,0.4,0.45,1065,402,2.65,55.77%,56.78%,-0.173647,2026-08-21
HOOD,108.13,2026-08-28,6,Call,125.00,-15.60%,0.55,0.6,0.62,3051,1151,2.65,65.70%,86.54%,0.106401,2026-08-21
INFY,11.94,2026-10-16,55,Call,15.00,-25.63%,0.1,0.15,0.3,11052,4175,2.65,34.79%,55.26%,0.162195,2026-08-21
AAPL,309.35,2026-08-28,6,Call,317.50,-2.63%,1.2,1.25,1.29,4503,1703,2.64,24.73%,25.22%,0.220232,2026-08-21
PLTR,179.94,2026-08-28,6,Put,170.00,-5.52%,1.18,1.2,1.21,12736,4817,2.64,47.34%,50.98%,-0.181321,2026-08-21
SMCI,37.24,2026-08-28,6,Call,41.50,-11.44%,0.39,0.43,0.43,13209,5002,2.64,76.18%,88.62%,0.186394,2026-08-21
AZN,165.98,2027-01-15,146,Call,195.00,-17.48%,2.7,3.4,4.9,513,194,2.64,28.03%,30.86%,0.222612,2026-08-21
MU,966.78,2026-08-28,6,Call,995.00,-2.92%,19.75,20.26,23.05,815,309,2.64,63.67%,66.65%,0.386991,2026-08-21
AAPL,309.35,2026-08-24,2,Call,302.50,+2.21%,6.45,7.1,7.75,839,318,2.64,24.73%,22.21%,0.916369,2026-08-21
ASTS,68.65,2026-08-28,6,Call,68.00,+0.95%,3.05,3.24,3.7,882,334,2.64,80.52%,86.41%,0.558302,2026-08-21
TLN,314.46,2026-09-18,27,Call,400.00,-27.20%,1.05,1.3,1.7,1111,421,2.64,54.32%,56.06%,0.068883,2026-08-21
BMNR,22.83,2026-11-20,90,Call,37.00,-62.07%,0.96,1.06,1.06,2126,805,2.64,80.20%,92.05%,0.209449,2026-08-21
NEM,131.58,2027-01-15,146,Call,165.00,-25.40%,6.2,6.5,7.25,504,192,2.63,46.14%,49.71%,0.29925,2026-08-21
WFC,83.84,2026-08-28,6,Call,84.00,-0.19%,0.9,0.96,1.02,919,349,2.63,23.54%,23.96%,0.484418,2026-08-21
KEY,21.87,2026-09-18,27,Call,23.00,-5.17%,0.1,0.1,0.15,7334,2802,2.62,21.98%,20.54%,0.190496,2026-08-21
BMNR,22.83,2026-10-16,55,Call,25.00,-9.51%,2.08,2.14,2.25,749,286,2.62,80.20%,83.75%,0.459884,2026-08-21
HSAI,19.1,2026-09-18,27,Put,17.50,-8.38%,0.55,0.65,0.65,1417,541,2.62,64.27%,63.34%,-0.271772,2026-08-21
XOM,165.11,2026-08-28,6,Call,167.50,-1.45%,1.36,1.48,1.59,1969,751,2.62,28.09%,29.14%,0.358928,2026-08-21
CIFR,15.77,2026-09-04,13,Call,17.50,-10.97%,0.71,0.75,0.82,542,208,2.61,106.51%,117.39%,0.361393,2026-08-21
FLEX,110.45,2026-11-20,90,Call,120.00,-8.65%,11,12.2,13,546,209,2.61,67.95%,70.19%,0.485446,2026-08-21
HIMS,33.78,2026-09-11,20,Call,34.00,-0.65%,2.16,2.2,2.39,654,251,2.61,75.84%,74.44%,0.52443,2026-08-21
MSFT,483.24,2026-09-11,20,Put,430.00,-11.02%,0.71,0.8,0.85,668,256,2.61,26.16%,31.54%,-0.050742,2026-08-21
CLMT,49.01,2026-09-18,27,Call,60.00,-22.42%,0.45,0.69,0.7,1083,415,2.61,60.59%,64.48%,0.141155,2026-08-21
APLD,27.21,2026-08-28,6,Call,29.00,-6.58%,0.56,0.58,0.63,1153,441,2.61,88.21%,90.03%,0.312355,2026-08-21
AAPL,309.35,2026-09-25,34,Call,335.00,-8.29%,1.83,2,2,3268,1254,2.61,24.73%,24.51%,0.162058,2026-08-21
ASTS,68.65,2026-08-28,6,Call,75.00,-9.25%,0.99,1.02,1.02,5005,1917,2.61,80.52%,87.86%,0.234584,2026-08-21
NFLX,79.59,2026-08-28,6,Call,84.00,-5.54%,0.18,0.2,0.2,5336,2053,2.6,32.12%,33.98%,0.114559,2026-08-21
WFC,83.84,2026-09-04,13,Put,84.00,+0.19%,1.34,1.53,1.64,876,337,2.6,23.54%,22.64%,-0.505133,2026-08-21
GOOGL,344.82,2026-08-24,2,Put,337.50,-2.12%,0.04,0.3,0.68,879,338,2.6,28.86%,24.65%,-0.116185,2026-08-21
PURR,10.58,2026-10-16,55,Call,12.00,-13.42%,1.25,1.4,1.5,1064,410,2.6,116.70%,114.57%,0.480737,2026-08-21
CIFR,15.77,2026-10-02,41,Call,16.00,-1.46%,2.12,2.2,2.37,1448,557,2.6,106.51%,110.50%,0.562166,2026-08-21
LLY,1255.4,2026-09-18,27,Call,"1,250.00",+0.43%,44.45,48.65,51.25,537,207,2.59,31.99%,32.14%,0.547178,2026-08-21
MU,966.78,2026-08-24,2,Put,895.00,-7.42%,0.34,0.42,0.48,668,258,2.59,63.67%,54.79%,-0.026991,2026-08-21
NOW,128.48,2028-01-21,517,Put,115.00,-10.49%,21.75,21.75,23.9,701,271,2.59,53.09%,56.59%,-0.289148,2026-08-21
AVGO,368.45,2026-08-24,2,Put,365.00,-0.94%,1.75,1.85,2.24,1714,663,2.59,51.15%,32.03%,-0.339246,2026-08-21
SLS,15.46,2026-08-28,6,Call,17.00,-9.96%,0.65,0.77,1.1,572,222,2.58,175.42%,183.59%,0.388494,2026-08-21
BMNR,22.83,2026-08-28,6,Put,21.00,-8.02%,0.27,0.3,0.31,2949,1143,2.58,80.20%,83.64%,-0.201136,2026-08-21
FCEL,19.54,2026-09-18,27,Put,19.00,-2.76%,1.9,2.19,2.5,535,208,2.57,117.83%,119.35%,-0.399284,2026-08-21
META,549.9,2026-08-26,4,Call,550.00,-0.02%,7.5,7.8,8.1,539,210,2.57,34.97%,33.76%,0.508994,2026-08-21
SNDK,1596.08,2026-08-28,6,Call,"1,600.00",-0.25%,63.4,64.02,65.1,2315,902,2.57,77.80%,80.47%,0.513397,2026-08-21
MSTR,119.25,2026-08-28,6,Call,135.00,-13.21%,1.43,1.45,1.53,2647,1028,2.57,78.64%,100.70%,0.186248,2026-08-21
BKKT,8.59,2026-09-18,27,Call,10.00,-16.41%,0.35,0.4,0.5,594,232,2.56,104.81%,96.04%,0.329576,2026-08-21
CRWD,191.95,2026-09-04,13,Call,200.00,-4.19%,7.25,7.85,8.4,719,281,2.56,61.99%,76.69%,0.419718,2026-08-21
AA,51.85,2026-08-28,6,Call,54.00,-4.15%,0.44,0.6,0.66,733,286,2.56,49.87%,50.11%,0.27654,2026-08-21
MSFT,483.24,2026-08-24,2,Put,485.00,+0.36%,3.4,3.72,3.9,786,307,2.56,26.16%,19.02%,-0.595978,2026-08-21
ZS,181.74,2026-09-18,27,Put,175.00,-3.71%,10.9,11.49,11.95,946,370,2.56,73.84%,76.34%,-0.383438,2026-08-21
MU,966.78,2026-08-24,2,Call,"1,030.00",-6.54%,0.61,0.7,0.73,1213,473,2.56,63.67%,50.06%,0.045949,2026-08-21
CMG,36.9,2026-08-28,6,Call,35.50,+3.79%,1.19,1.5,1.77,2153,842,2.56,35.64%,24.66%,0.895826,2026-08-21
NOK,10.21,2026-09-04,13,Call,10.50,-2.84%,0.35,0.35,0.39,4249,1660,2.56,60.27%,63.97%,0.434418,2026-08-21
MRNA,145.13,2026-09-18,27,Call,160.00,-10.25%,9.6,10.58,12,874,343,2.55,96.93%,103.61%,0.422382,2026-08-21
GOOGL,344.82,2026-08-24,2,Put,340.00,-1.40%,0.53,0.67,0.92,1472,577,2.55,28.86%,23.95%,-0.208309,2026-08-21
RGTI,17.91,2026-08-28,6,Call,20.00,-11.67%,0.19,0.2,0.22,2764,1086,2.55,81.31%,90.94%,0.188537,2026-08-21
GLW,149.84,2026-08-28,6,Put,152.50,+1.78%,6.1,6.35,6.6,500,197,2.54,61.74%,63.97%,-0.567125,2026-08-21
CBRS,196.13,2026-09-18,27,Call,210.00,-7.07%,12.4,13.9,14.1,520,205,2.54,90.25%,87.38%,0.437448,2026-08-21
MRNA,145.13,2026-09-11,20,Put,135.00,-6.98%,8.2,9.05,9.7,529,208,2.54,96.93%,103.65%,-0.334901,2026-08-21
MRVL,237.04,2026-11-20,90,Call,330.00,-39.22%,11.85,12.83,14.05,790,311,2.54,80.14%,80.09%,0.270873,2026-08-21
MP,60.05,2026-08-28,6,Call,60.00,+0.08%,2.17,2.32,2.48,2699,1062,2.54,70.46%,74.38%,0.524986,2026-08-21
FCX,76.66,2026-10-16,55,Call,85.00,-10.88%,3.25,3.38,3.5,3770,1482,2.54,52.80%,53.09%,0.352766,2026-08-21
ORCL,146.47,2028-01-21,517,Call,240.00,-63.86%,21.4,22.05,23.3,6754,2663,2.54,69.89%,63.96%,0.40606,2026-08-21
MSTR,119.25,2026-09-18,27,Call,125.00,-4.82%,7.95,8.07,8.15,11125,4379,2.54,78.64%,79.80%,0.46171,2026-08-21
BMNR,22.83,2026-08-28,6,Call,23.50,-2.93%,0.74,0.74,0.81,821,325,2.53,80.20%,90.52%,0.426069,2026-08-21
NVDA,214.72,2026-08-28,6,Put,232.50,+8.28%,18.7,18.7,19.4,985,391,2.52,40.60%,60.15%,-0.839409,2026-08-21
LQDA,68.62,2026-08-28,6,Put,50.00,-27.13%,0.1,0.15,0.15,1067,424,2.52,111.83%,133.51%,-0.026309,2026-08-21
TMC,4.79,2026-11-20,90,Call,7.00,-46.14%,0.47,0.5,0.52,7547,2994,2.52,101.43%,114.23%,0.356211,2026-08-21
SPCX,136.97,2026-08-28,6,Put,128.00,-6.55%,1.13,1.13,1.18,2943,1172,2.51,59.18%,62.36%,-0.185685,2026-08-21
POWL,197.67,2026-09-18,27,Put,180.00,-8.94%,3.7,6.35,7.1,588,235,2.5,60.88%,60.71%,-0.25359,2026-08-21
COIN,186.49,2026-09-11,20,Put,125.00,-32.97%,0.11,0.24,0.62,814,326,2.5,70.19%,90.77%,-0.022877,2026-08-21
HIMS,33.78,2026-08-28,6,Put,33.00,-2.31%,0.91,0.98,1.03,581,233,2.49,75.84%,77.99%,-0.38641,2026-08-21
TSLA,362.86,2026-08-28,6,Put,342.50,-5.61%,1.69,1.7,1.74,1423,572,2.49,41.47%,45.50%,-0.151891,2026-08-21
BAC,61.69,2026-09-04,13,Call,64.00,-3.74%,0.16,0.21,0.22,754,304,2.48,21.45%,19.17%,0.163462,2026-08-21
WBD,28.55,2026-11-20,90,Put,23.00,-19.44%,0.2,0.24,0.25,6060,2457,2.47,21.34%,35.95%,-0.088772,2026-08-21
UBER,78.8,2026-08-28,6,Call,84.00,-6.60%,0.16,0.18,0.18,540,219,2.47,34.71%,37.40%,0.097406,2026-08-21
NFLX,79.59,2026-09-18,27,Put,102.00,+28.16%,20.3,22.5,24.45,571,231,2.47,32.12%,52.69%,-0.961048,2026-08-21
CAPR,6.29,2026-09-18,27,Put,6.00,-4.61%,1.9,2.05,2.2,831,336,2.47,337.31%,342.15%,-0.302181,2026-08-21
CRCL,87.98,2026-08-28,6,Put,80.00,-9.07%,0.87,0.95,1,1482,600,2.47,83.19%,84.29%,-0.173888,2026-08-21
TGTX,54.27,2026-09-18,27,Call,60.00,-10.56%,1.7,2.2,2.35,1902,770,2.47,68.56%,68.65%,0.33364,2026-08-21
ASTS,68.65,2026-11-20,90,Call,140.00,-103.93%,1.29,1.54,1.84,1778,724,2.46,80.52%,98.32%,0.115839,2026-08-21
WIX,82.07,2026-09-18,27,Call,85.00,-3.57%,4.5,5.2,5.7,540,220,2.45,73.61%,70.38%,0.470683,2026-08-21
AMZN,258.63,2026-08-26,4,Call,257.50,+0.44%,3.55,3.68,3.75,545,222,2.45,29.19%,27.78%,0.570952,2026-08-21
AMZN,258.63,2026-08-28,6,Call,235.00,+9.14%,23.6,23.96,24.35,719,294,2.45,29.19%,42.41%,0.964082,2026-08-21
BILL,47.82,2026-08-28,6,Call,52.00,-8.74%,0.2,0.5,0.5,798,326,2.45,51.56%,65.19%,0.170102,2026-08-21
IOVA,8.29,2028-01-21,517,Call,15.00,-80.94%,1.9,2.3,2.4,1240,507,2.45,95.94%,90.37%,0.515879,2026-08-21
MSTR,119.25,2026-09-04,13,Call,140.00,-17.40%,2.24,2.35,2.36,1294,529,2.45,78.64%,93.88%,0.209069,2026-08-21
CBRS,196.13,2026-08-28,6,Put,200.00,+1.97%,10.9,11.6,11.8,1300,531,2.45,90.25%,92.34%,-0.540635,2026-08-21
DLO,15.17,2026-09-18,27,Call,15.00,+1.12%,0.65,0.77,0.9,1792,730,2.45,40.82%,42.56%,0.557369,2026-08-21
MU,966.78,2026-08-26,4,Call,"1,000.00",-3.44%,10.6,11.65,11.65,2714,1108,2.45,63.67%,58.61%,0.303752,2026-08-21
PATH,16.39,2026-09-18,27,Call,26.00,-58.63%,0.04,0.12,0.12,500,205,2.44,88.29%,94.91%,0.049672,2026-08-21
AVGO,368.45,2026-08-26,4,Call,380.00,-3.13%,2.14,2.25,2.68,919,376,2.44,51.15%,42.32%,0.25223,2026-08-21
KNTK,54.5,2026-12-18,118,Call,55.00,-0.92%,3.4,3.6,3.7,1528,627,2.44,29.05%,32.07%,0.499427,2026-08-21
XPEV,12.19,2026-08-28,6,Call,12.50,-2.54%,0.4,0.43,0.45,4009,1645,2.44,58.83%,89.31%,0.437664,2026-08-21
SPCX,136.97,2026-08-28,6,Call,142.00,-3.67%,2.44,2.46,2.5,4286,1756,2.44,59.18%,63.38%,0.346085,2026-08-21
INTC,90.07,2026-08-28,6,Call,93.00,-3.25%,1.77,1.78,1.86,4199,1731,2.43,60.87%,65.01%,0.368259,2026-08-21
DOW,32.35,2026-09-11,20,Call,34.00,-5.10%,0.42,0.47,0.53,606,249,2.43,37.74%,36.00%,0.290005,2026-08-21
SHOP,149.25,2026-08-28,6,Call,170.00,-13.90%,0.05,0.16,0.16,1383,568,2.43,45.20%,52.02%,0.0281,2026-08-21
COIN,186.49,2026-09-18,27,Call,290.00,-55.50%,0.78,0.85,0.96,1643,676,2.43,70.19%,90.93%,0.049406,2026-08-21
SPCX,136.97,2026-08-28,6,Put,122.00,-10.93%,0.39,0.4,0.42,2242,923,2.43,59.18%,65.25%,-0.076079,2026-08-21
MSTR,119.25,2026-08-28,6,Call,180.00,-50.94%,0.1,0.13,0.14,726,300,2.42,78.64%,143.65%,0.01618,2026-08-21
IBM,235.68,2026-08-28,6,Call,247.50,-5.02%,0.87,0.95,0.9,886,366,2.42,33.69%,36.75%,0.155648,2026-08-21
NVDA,214.72,2026-09-02,11,Call,215.00,-0.13%,7.1,7.28,7.45,1706,704,2.42,40.60%,49.19%,0.515325,2026-08-21
NVDA,214.72,2026-08-31,9,Call,215.00,-0.13%,6.75,6.8,6.9,1723,711,2.42,40.60%,51.16%,0.513368,2026-08-21
RKLB,72.57,2026-08-28,6,Call,78.00,-7.48%,0.96,1.04,1.09,636,264,2.41,74.07%,77.30%,0.250591,2026-08-21
MU,966.78,2026-08-24,2,Call,"1,025.00",-6.02%,0.77,0.85,0.92,1021,424,2.41,63.67%,49.23%,0.056938,2026-08-21
INTC,90.07,2026-08-28,6,Put,84.00,-6.74%,0.75,0.77,0.81,1330,551,2.41,60.87%,64.13%,-0.18531,2026-08-21
MSTR,119.25,2026-08-28,6,Put,110.00,-7.76%,1.6,1.64,1.67,5906,2448,2.41,78.64%,84.73%,-0.211119,2026-08-21
ORCL,146.47,2026-08-28,6,Put,140.00,-4.42%,1.75,1.8,1.8,3447,1437,2.4,69.89%,58.25%,-0.258852,2026-08-21
NVDA,214.72,2026-08-24,2,Put,217.50,+1.29%,3,3.4,3.5,12079,5039,2.4,40.60%,23.33%,-0.76787,2026-08-21
MU,966.78,2026-08-26,4,Put,900.00,-6.91%,3.95,4.07,4.35,506,211,2.4,63.67%,62.31%,-0.12809,2026-08-21
CRCL,87.98,2027-06-17,299,Put,95.00,+7.98%,28.7,29.35,30.1,512,213,2.4,83.19%,85.13%,-0.378967,2026-08-21
LRCX,314,2026-08-28,6,Put,285.00,-9.24%,1.55,1.65,1.79,573,239,2.4,61.09%,67.29%,-0.120545,2026-08-21
META,549.9,2026-08-24,2,Put,535.00,-2.71%,0.53,0.58,0.62,599,250,2.4,34.97%,29.43%,-0.100375,2026-08-21
AMD,473.25,2026-09-04,13,Put,385.00,-18.65%,0.84,0.89,0.97,830,346,2.4,52.97%,64.07%,-0.037778,2026-08-21
BOX,32.91,2026-09-18,27,Call,36.00,-9.39%,0.7,0.78,0.85,1515,630,2.4,50.29%,51.24%,0.289413,2026-08-21
ORCL,146.47,2026-08-28,6,Put,145.00,-1.00%,3.45,3.52,3.7,1863,777,2.4,69.89%,57.61%,-0.429393,2026-08-21
UBER,78.8,2026-08-28,6,Put,78.00,-1.02%,1.02,1.1,1.13,1025,428,2.39,34.71%,36.35%,-0.400163,2026-08-21
AAPL,309.35,2026-08-28,6,Call,307.50,+0.60%,4.95,5.38,5.25,2052,858,2.39,24.73%,25.44%,0.585773,2026-08-21
WMT,103.7,2026-08-28,6,Call,106.00,-2.22%,0.47,0.48,0.49,4484,1878,2.39,22.58%,24.43%,0.251163,2026-08-21
RIVN,16.97,2026-08-28,6,Call,18.00,-6.07%,0.18,0.2,0.21,5125,2145,2.39,57.79%,63.13%,0.248171,2026-08-21
INTC,90.07,2026-08-24,2,Call,95.00,-5.47%,0.12,0.12,0.14,5599,2351,2.38,60.87%,51.38%,0.084157,2026-08-21
NVDA,214.72,2026-09-25,34,Call,290.00,-35.06%,0.23,0.24,0.26,622,261,2.38,40.60%,46.91%,0.022414,2026-08-21
TSLA,362.86,2026-08-26,4,Put,332.50,-8.37%,0.3,0.35,0.37,1068,449,2.38,41.47%,49.51%,-0.042824,2026-08-21
AAPL,309.35,2026-08-26,4,Call,317.50,-2.63%,0.6,0.63,0.69,2260,950,2.38,24.73%,24.19%,0.158584,2026-08-21
CPB,23.95,2026-08-28,6,Call,24.00,-0.21%,0.4,0.45,0.5,1269,536,2.37,37.80%,39.10%,0.490154,2026-08-21
TSLA,362.86,2026-09-04,13,Put,345.00,-4.92%,4.5,4.52,4.65,1358,572,2.37,41.47%,43.08%,-0.249696,2026-08-21
SKHY,163.41,2026-08-28,6,Call,170.00,-4.03%,3.5,3.67,3.8,3572,1505,2.37,71.90%,74.84%,0.360204,2026-08-21
BULL,8.78,2026-08-28,6,Call,9.00,-2.51%,0.23,0.25,0.25,9496,4009,2.37,55.70%,74.05%,0.418029,2026-08-21
TSLA,362.86,2026-08-26,4,Put,337.50,-6.99%,0.52,0.57,0.58,559,237,2.36,41.47%,47.45%,-0.067986,2026-08-21
DE,647.47,2026-09-18,27,Put,580.00,-10.42%,2.05,2.82,3.6,579,246,2.35,30.08%,33.09%,-0.09886,2026-08-21
TGT,165.44,2026-08-28,6,Put,160.00,-3.29%,0.65,0.75,0.82,654,278,2.35,28.92%,31.30%,-0.195731,2026-08-21
WFC,83.84,2026-08-28,6,Call,83.00,+1.00%,1.4,1.57,1.66,742,316,2.35,23.54%,24.48%,0.634525,2026-08-21
AMD,473.25,2026-08-24,2,Put,440.00,-7.03%,0.13,0.13,0.18,870,370,2.35,52.97%,50.04%,-0.023301,2026-08-21
BAC,61.69,2026-08-28,6,Call,62.00,-0.50%,0.51,0.57,0.59,3994,1697,2.35,21.45%,21.69%,0.438069,2026-08-21
AMZN,258.63,2026-08-26,4,Call,262.50,-1.50%,1.46,1.55,1.63,1160,495,2.34,29.19%,28.19%,0.317363,2026-08-21
AVGO,368.45,2026-08-24,2,Put,360.00,-2.29%,0.74,0.81,0.82,1228,524,2.34,51.15%,32.62%,-0.163794,2026-08-21
ENPH,38.61,2026-12-18,118,Call,75.00,-94.25%,0.56,0.75,1.09,1898,811,2.34,65.29%,80.23%,0.115012,2026-08-21
CVNA,69.91,2026-08-28,6,Call,72.00,-2.99%,1.18,1.27,1.35,501,215,2.33,57.21%,58.84%,0.365086,2026-08-21
IONQ,44.86,2027-03-19,209,Call,70.00,-56.04%,4.75,5.25,6.5,675,290,2.33,80.28%,87.33%,0.378895,2026-08-21
CMG,36.9,2026-08-28,6,Call,37.50,-1.63%,0.42,0.68,0.67,781,335,2.33,35.64%,42.11%,0.397148,2026-08-21
CAT,827.9,2026-08-28,6,Put,790.00,-4.58%,3.25,4.05,4.85,1051,451,2.33,37.54%,40.20%,-0.172723,2026-08-21
RGTI,17.91,2026-08-28,6,Call,19.00,-6.09%,0.36,0.4,0.41,2964,1274,2.33,81.31%,86.23%,0.31782,2026-08-21
TSLA,362.86,2026-08-26,4,Call,355.00,+2.17%,10.9,11.54,12.05,3008,1290,2.33,41.47%,44.92%,0.69066,2026-08-21
NAMS,27.87,2026-09-18,27,Call,35.00,-25.58%,0,0.87,1.3,530,228,2.32,80.97%,86.01%,0.198925,2026-08-21
AMD,473.25,2027-09-17,391,Put,270.00,-42.95%,16.5,18.4,20.1,517,224,2.31,52.97%,59.48%,-0.10034,2026-08-21
HOOD,108.13,2026-09-04,13,Call,135.00,-24.85%,0.22,0.53,0.55,534,231,2.31,65.70%,73.01%,0.062706,2026-08-21
ACN,185.28,2026-08-28,6,Put,175.00,-5.55%,0.85,1.1,1.35,943,408,2.31,46.48%,48.73%,-0.172132,2026-08-21
MSTR,119.25,2026-09-04,13,Put,110.00,-7.76%,3.05,3.23,3.45,837,364,2.3,78.64%,80.78%,-0.26984,2026-08-21
MU,966.78,2026-08-24,2,Call,"1,050.00",-8.61%,0.27,0.29,0.32,2687,1170,2.3,63.67%,54.13%,0.020888,2026-08-21
ORCL,146.47,2026-09-04,13,Call,170.00,-16.06%,0.8,0.86,0.87,4766,2076,2.3,69.89%,60.74%,0.108291,2026-08-21
TSLA,362.86,2026-08-28,6,Call,360.00,+0.79%,9.75,9.85,9.95,15302,6675,2.29,41.47%,44.49%,0.57053,2026-08-21
OKLO,42.09,2026-08-28,6,Put,42.00,-0.21%,1.5,1.75,1.84,580,253,2.29,78.78%,80.29%,-0.469334,2026-08-21
RIVN,16.97,2026-09-04,13,Put,16.00,-5.72%,0.21,0.29,0.38,743,324,2.29,57.79%,54.68%,-0.263375,2026-08-21
EZPW,32.22,2026-09-18,27,Put,30.00,-6.89%,0.7,0.75,0.85,1005,438,2.29,52.07%,49.80%,-0.270504,2026-08-21
HIMS,33.78,2026-08-28,6,Call,38.00,-12.49%,0.27,0.29,0.3,2754,1201,2.29,75.84%,85.36%,0.154929,2026-08-21
MSTR,119.25,2026-08-28,6,Call,155.00,-29.98%,0.36,0.37,0.39,2828,1237,2.29,78.64%,119.60%,0.05162,2026-08-21
WDAY,200.01,2026-09-04,13,Call,200.00,+0.01%,8.2,9.19,11.2,522,229,2.28,50.68%,63.60%,0.528382,2026-08-21
TSLA,362.86,2026-08-26,4,Put,310.00,-14.57%,0.12,0.13,0.15,619,272,2.28,41.47%,69.85%,-0.014098,2026-08-21
XE,18.67,2026-10-16,55,Put,12.50,-33.05%,0.3,0.33,0.4,1062,465,2.28,95.48%,92.59%,-0.095098,2026-08-21
AAL,13.82,2026-08-28,6,Call,14.00,-1.30%,0.22,0.24,0.24,2251,988,2.28,44.97%,43.74%,0.420358,2026-08-21
WMT,103.7,2026-09-04,13,Call,105.00,-1.25%,1.17,1.25,1.3,4068,1785,2.28,22.58%,22.56%,0.401539,2026-08-21
WMT,103.7,2026-08-28,6,Put,102.00,-1.64%,0.55,0.58,0.59,3789,1671,2.27,22.58%,23.82%,-0.284597,2026-08-21
EXPD,187.81,2026-09-18,27,Call,190.00,-1.17%,3,2.89,3.9,584,257,2.27,20.72%,21.23%,0.440864,2026-08-21
HOOD,108.13,2026-09-04,13,Call,130.00,-20.23%,0.75,0.84,0.9,788,347,2.27,65.70%,76.28%,0.115316,2026-08-21
AAL,13.82,2026-08-28,6,Call,13.50,+2.32%,0.47,0.54,0.54,1037,456,2.27,44.97%,45.65%,0.666725,2026-08-21
TEM,72.69,2026-08-28,6,Call,90.00,-23.81%,0.27,0.29,0.33,1464,644,2.27,79.54%,107.99%,0.07088,2026-08-21
IREN,41.88,2026-08-28,6,Put,41.00,-2.10%,2.39,2.42,2.47,1909,842,2.27,102.37%,135.06%,-0.416022,2026-08-21
TEM,72.69,2028-01-21,517,Call,125.00,-71.96%,15.45,16.05,17.6,666,295,2.26,79.54%,80.84%,0.490931,2026-08-21
MU,966.78,2026-08-28,6,Call,"1,040.00",-7.57%,8.75,9.05,9.25,1076,476,2.26,63.67%,65.36%,0.205425,2026-08-21
NVDA,214.72,2026-08-31,9,Call,227.50,-5.95%,2.51,2.56,2.6,1534,678,2.26,40.60%,51.75%,0.25415,2026-08-21
CXW,34.01,2026-09-18,27,Call,35.00,-2.91%,1.1,1.15,1.3,5222,2307,2.26,42.81%,44.49%,0.425784,2026-08-21
SPCX,136.97,2026-08-28,6,Put,136.00,-0.71%,3.8,3.86,3.9,2230,991,2.25,59.18%,62.36%,-0.44631,2026-08-21
ALT,3.11,2027-03-19,209,Call,3.50,-12.54%,0.45,0.65,0.75,702,314,2.24,58.48%,169.98%,0.43903,2026-08-21
XOM,165.11,2026-08-28,6,Put,162.50,-1.58%,1.17,1.28,1.38,1194,532,2.24,28.09%,28.22%,-0.321532,2026-08-21
IONQ,44.86,2026-09-11,20,Call,55.00,-22.60%,0.75,0.88,0.9,1379,617,2.24,80.28%,85.97%,0.183461,2026-08-21
UNH,390.11,2026-08-28,6,Call,400.00,-2.54%,1.99,2.15,2.3,1878,839,2.24,28.57%,28.57%,0.254675,2026-08-21
SPCX,136.97,2026-08-28,6,Call,141.00,-2.94%,2.76,2.74,2.8,2803,1253,2.24,59.18%,63.05%,0.377908,2026-08-21
QCOM,160.75,2026-08-28,6,Put,152.50,-5.13%,0.73,0.79,0.89,679,305,2.23,42.85%,43.67%,-0.165287,2026-08-21
CRK,14.22,2026-09-18,27,Call,16.00,-12.52%,0.3,0.35,0.4,781,351,2.23,57.44%,61.00%,0.264669,2026-08-21
AMZN,258.63,2026-09-04,13,Put,270.00,+4.40%,12.6,12.51,13.25,1628,731,2.23,29.19%,28.90%,-0.775277,2026-08-21
ORCL,146.47,2026-09-04,13,Call,160.00,-9.24%,2.05,2.07,2.12,4521,2034,2.22,69.89%,58.88%,0.231844,2026-08-21
PEP,143.48,2026-09-11,20,Call,144.00,-0.36%,2.15,2.18,2.47,518,233,2.22,22.22%,19.22%,0.474429,2026-08-21
TSLA,362.86,2026-09-04,13,Call,357.50,+1.48%,14.5,14.95,15.25,560,252,2.22,41.47%,43.32%,0.594356,2026-08-21
WULF,15.64,2026-08-28,6,Call,18.50,-18.29%,0.07,0.11,0.15,697,314,2.22,90.17%,104.76%,0.113792,2026-08-21
SKHY,163.41,2027-03-19,209,Put,110.00,-32.68%,9.6,9.91,10.4,715,322,2.22,71.90%,75.22%,-0.155356,2026-08-21
APP,305.77,2026-08-28,6,Call,320.00,-4.65%,3.5,3.8,4,853,384,2.22,55.81%,56.89%,0.28127,2026-08-21
FISV,52.58,2026-08-28,6,Call,53.00,-0.80%,0.85,0.93,1,983,443,2.22,39.56%,41.07%,0.45483,2026-08-21
RDW,12.02,2026-09-18,27,Call,10.00,+16.81%,2.15,2.45,2.5,1142,514,2.22,88.02%,82.52%,0.827428,2026-08-21
AMZN,258.63,2026-08-24,2,Put,250.00,-3.34%,0.11,0.13,0.13,1488,670,2.22,29.19%,28.52%,-0.051861,2026-08-21
MP,60.05,2026-08-28,6,Call,63.00,-4.91%,1.16,1.26,1.3,1739,785,2.22,70.46%,76.70%,0.332694,2026-08-21
META,549.9,2026-08-24,2,Call,580.00,-5.47%,0.15,0.16,0.18,2297,1035,2.22,34.97%,37.41%,0.028438,2026-08-21
SPCX,136.97,2026-08-28,6,Call,134.00,+2.17%,5.85,5.98,6,2435,1099,2.22,59.18%,61.02%,0.628164,2026-08-21
MIST,1.055,2027-03-19,209,Call,1.5000,-42.86%,0.2,0.25,0.35,600,271,2.21,341.34%,124.00%,0.547124,2026-08-21
MRNA,145.13,2026-08-28,6,Put,135.00,-6.98%,5.2,4.9,5.6,843,382,2.21,96.93%,135.05%,-0.305905,2026-08-21
MTDR,58.38,2026-11-20,90,Call,65.00,-11.34%,2.35,2.62,2.75,1200,542,2.21,39.64%,42.32%,0.345826,2026-08-21
ORCL,146.47,2026-08-28,6,Put,138.00,-5.78%,1.23,1.26,1.32,1860,843,2.21,69.89%,58.34%,-0.200873,2026-08-21
IQ,1.055,2028-01-21,517,Call,1.5000,-42.86%,0.17,0.25,0.29,3001,1360,2.21,133.88%,67.69%,0.514872,2026-08-21
SOFI,18.91,2026-08-28,6,Put,18.50,-2.17%,0.31,0.32,0.32,9633,4352,2.21,50.58%,51.97%,-0.355719,2026-08-21
COIN,186.49,2026-08-28,6,Call,205.00,-9.93%,2.29,2.45,2.55,3676,1671,2.2,70.19%,86.92%,0.215289,2026-08-21
GME,18.21,2026-08-28,6,Call,18.50,-1.59%,0.19,0.19,0.21,5074,2304,2.2,47.44%,35.08%,0.365604,2026-08-21
RKLB,72.57,2026-08-28,6,Call,77.00,-6.10%,1.17,1.22,1.34,576,262,2.2,74.07%,76.99%,0.292882,2026-08-21
AMC,2.55,2026-08-28,6,Call,2.00,+21.57%,0.52,0.56,0.6,605,275,2.2,82.78%,125.78%,0.943586,2026-08-21
TTMI,110.54,2026-09-18,27,Put,100.00,-9.54%,4.5,4.9,5,639,291,2.2,80.05%,80.41%,-0.281598,2026-08-21
ASTS,68.65,2026-08-28,6,Call,74.00,-7.79%,1.09,1.15,1.2,682,310,2.2,80.52%,85.15%,0.2652,2026-08-21
WMT,103.7,2026-08-28,6,Call,108.00,-4.15%,0.17,0.17,0.2,1735,787,2.2,22.58%,25.59%,0.113392,2026-08-21
RGTI,17.91,2026-10-16,55,Put,15.00,-16.25%,0.85,0.89,0.94,2290,1040,2.2,81.31%,81.24%,-0.231123,2026-08-21
CRWD,191.95,2026-08-28,6,Call,195.00,-1.59%,7.1,7.4,7.6,523,239,2.19,61.99%,88.38%,0.469224,2026-08-21
COIN,186.49,2026-08-28,6,Call,215.00,-15.29%,1.31,1.36,1.42,849,387,2.19,70.19%,92.89%,0.129221,2026-08-21
INTC,90.07,2026-09-25,34,Call,104.00,-15.47%,2.51,2.6,2.75,2981,1363,2.19,60.87%,64.41%,0.268006,2026-08-21
CLF,11.27,2026-08-28,6,Call,12.00,-6.48%,0.14,0.16,0.18,3384,1543,2.19,65.01%,72.16%,0.264428,2026-08-21
AAPL,309.35,2026-08-28,6,Call,315.00,-1.83%,1.77,1.85,1.9,14786,6765,2.19,24.73%,25.00%,0.297405,2026-08-21
NVDA,214.72,2026-08-24,2,Put,210.00,-2.20%,0.36,0.38,0.39,18804,8573,2.19,40.60%,29.69%,-0.151558,2026-08-21
TSLA,362.86,2026-08-28,6,Call,400.00,-10.24%,0.73,0.74,0.75,16294,7480,2.18,41.47%,50.66%,0.072338,2026-08-21
MMM,178.96,2026-08-28,6,Call,180.00,-0.58%,1.21,1.35,1.52,581,267,2.18,23.55%,19.78%,0.419224,2026-08-21
VRT,261.95,2026-10-16,55,Put,200.00,-23.65%,2.72,2.95,3.2,591,271,2.18,56.44%,59.23%,-0.095076,2026-08-21
MU,966.78,2026-08-28,6,Put,965.00,-0.18%,30,31.25,31.8,607,279,2.18,63.67%,64.86%,-0.472314,2026-08-21
MSTR,119.25,2026-09-04,13,Call,185.00,-55.14%,0.32,0.35,0.38,632,290,2.18,78.64%,120.62%,0.035188,2026-08-21
AMD,473.25,2026-08-24,2,Call,467.50,+1.22%,8.55,9,9.35,812,373,2.18,52.97%,39.93%,0.66827,2026-08-21
ARM,243.32,2028-01-21,517,Put,260.00,+6.86%,83.35,84.18,85.55,1001,460,2.18,67.87%,72.24%,-0.350701,2026-08-21
NOW,128.48,2026-09-04,13,Put,120.00,-6.60%,1.64,2.06,2.07,1376,631,2.18,53.09%,53.90%,-0.231646,2026-08-21
BULL,8.78,2026-09-11,20,Put,9.50,+8.20%,0.62,0.83,1.26,1725,790,2.18,55.70%,60.18%,-0.684948,2026-08-21
CSCO,111.04,2026-08-28,6,Put,111.00,-0.04%,1.53,1.66,1.77,784,362,2.17,29.46%,29.72%,-0.485596,2026-08-21
NKE,40.76,2026-09-04,13,Call,42.50,-4.27%,0.21,0.4,0.49,790,364,2.17,34.86%,31.50%,0.249441,2026-08-21
NBIS,219.13,2026-09-18,27,Call,175.00,+20.14%,48.55,52.3,51.45,900,415,2.17,91.90%,96.19%,0.841525,2026-08-21
MSFT,483.24,2026-08-28,6,Call,482.50,+0.15%,7.2,7.35,7.6,1174,540,2.17,26.16%,27.97%,0.529379,2026-08-21
AMZN,258.63,2026-09-04,13,Call,260.00,-0.53%,5.1,5.3,5.35,1863,858,2.17,29.19%,29.36%,0.482321,2026-08-21
GOOG,341.75,2026-08-28,6,Call,345.00,-0.95%,3.6,3.7,4,2751,1265,2.17,28.59%,29.54%,0.41434,2026-08-21
TSLA,362.86,2026-08-28,6,Call,395.00,-8.86%,0.99,1.01,1.03,3671,1688,2.17,41.47%,49.25%,0.09625,2026-08-21
CAPR,6.29,2026-09-18,27,Put,4.00,-36.41%,0.8,0.85,0.9,4064,1885,2.16,337.31%,333.29%,-0.169755,2026-08-21
CCL,25.73,2026-12-18,118,Put,23.00,-10.61%,1.12,1.35,1.58,647,300,2.16,42.27%,45.98%,-0.280794,2026-08-21
TSLA,362.86,2026-10-16,55,Call,415.00,-14.37%,8.4,8.57,8.6,1608,746,2.16,41.47%,43.77%,0.250677,2026-08-21
AAPL,309.35,2026-08-28,6,Put,307.50,-0.60%,2.95,3.11,3.15,2472,1144,2.16,24.73%,25.17%,-0.414553,2026-08-21
MRVL,237.04,2026-09-04,13,Call,170.00,+28.28%,66.4,68.5,69.55,600,279,2.15,80.14%,104.17%,0.963686,2026-08-21
DELL,442.08,2026-08-28,6,Call,475.00,-7.45%,5.2,5,5.4,691,322,2.15,79.98%,71.83%,0.233129,2026-08-21
AMZN,258.63,2026-08-28,6,Put,262.50,+1.50%,5.75,6.18,6.15,813,379,2.15,29.19%,28.45%,-0.647553,2026-08-21
CRWV,87.85,2026-08-28,6,Call,90.00,-2.45%,2.7,2.7,2.84,2606,1210,2.15,76.96%,81.96%,0.43175,2026-08-21
MARA,11.26,2026-08-28,6,Call,13.00,-15.45%,0.13,0.13,0.14,4820,2256,2.14,92.06%,109.19%,0.170469,2026-08-21
ORCL,146.47,2026-09-04,13,Call,130.00,+11.24%,16.85,17.65,17.85,521,244,2.14,69.89%,53.21%,0.893223,2026-08-21
LITE,866.71,2026-08-28,6,Call,920.00,-6.15%,16.6,17.18,17.5,548,256,2.14,78.08%,82.59%,0.306769,2026-08-21
MRK,152.55,2026-09-18,27,Call,180.00,-17.99%,0.1,0.19,0.23,551,258,2.14,29.08%,32.04%,0.032622,2026-08-21
PYPL,61.55,2026-08-28,6,Call,67.00,-8.85%,0.02,0.18,0.3,558,261,2.14,32.06%,48.45%,0.092117,2026-08-21
MRVL,237.04,2026-08-28,6,Call,335.00,-41.33%,0.15,0.25,0.63,564,264,2.14,80.14%,133.50%,0.026696,2026-08-21
KVUE,19.06,2026-09-18,27,Put,19.00,-0.31%,0.23,0.31,0.37,577,270,2.14,17.91%,15.78%,-0.464986,2026-08-21
PAAS,53.07,2026-08-28,6,Call,44.00,+17.09%,8.8,9,9.3,750,350,2.14,51.04%,56.78%,0.995323,2026-08-21
RGTI,17.91,2026-08-28,6,Call,19.50,-8.88%,0.26,0.29,0.31,789,368,2.14,81.31%,89.12%,0.247574,2026-08-21
MU,966.78,2026-08-28,6,Put,910.00,-5.87%,10.55,10.65,11.2,1267,592,2.14,63.67%,65.87%,-0.222088,2026-08-21
GFI,47.81,2026-09-18,27,Call,50.00,-4.58%,1.65,2.03,2.4,2383,1113,2.14,63.78%,57.87%,0.408543,2026-08-21
TMC,4.79,2026-08-28,6,Call,4.50,+6.05%,0.29,0.4,0.43,2536,1185,2.14,101.43%,74.30%,0.761011,2026-08-21
MSTR,119.25,2026-09-25,34,Put,55.00,-53.88%,0.12,0.24,0.4,721,339,2.13,78.64%,127.07%,-0.013991,2026-08-21
GOOGL,344.82,2026-08-24,2,Call,342.50,+0.67%,2.59,3.76,4.9,737,346,2.13,28.86%,23.30%,0.65936,2026-08-21
CRCL,87.98,2026-11-20,90,Call,100.00,-13.66%,10.85,11.3,11.4,1097,516,2.13,83.19%,87.47%,0.477725,2026-08-21
SNDK,1596.08,2026-08-28,6,Call,"1,700.00",-6.51%,28.9,29.25,29.6,1650,775,2.13,77.80%,81.72%,0.293196,2026-08-21
COIN,186.49,2026-09-18,27,Put,180.00,-3.48%,10.2,10.46,10.75,2258,1061,2.13,70.19%,68.87%,-0.384212,2026-08-21
EQPT,18.51,2026-10-16,55,Put,15.00,-18.96%,0.85,0.9,1,2340,1098,2.13,79.08%,89.00%,-0.21321,2026-08-21
TSLA,362.86,2026-08-26,4,Call,350.00,+3.54%,14.4,14.9,15.9,4408,2070,2.13,41.47%,45.37%,0.785803,2026-08-21
TSLA,362.86,2026-08-28,6,Put,335.00,-7.68%,0.86,0.88,0.9,5166,2425,2.13,41.47%,46.90%,-0.085686,2026-08-21
SLB,53.87,2026-09-18,27,Call,55.00,-2.10%,1.35,1.35,1.4,12106,5679,2.13,33.29%,31.58%,0.425479,2026-08-21
BABA,119.34,2026-09-18,27,Call,135.00,-13.12%,1.35,1.39,1.47,25305,11942,2.12,41.03%,46.61%,0.181496,2026-08-21
COIN,186.49,2026-08-28,6,Call,225.00,-20.65%,0.75,0.78,0.81,1151,544,2.12,70.19%,98.24%,0.077397,2026-08-21
TEM,72.69,2026-08-28,6,Call,85.00,-16.93%,0.55,0.58,0.59,582,276,2.11,79.54%,101.20%,0.127908,2026-08-21
IBM,235.68,2028-01-21,517,Call,310.00,-31.53%,22.4,23.4,24.3,2000,950,2.11,33.69%,40.81%,0.373739,2026-08-21
SPCX,136.97,2026-08-28,6,Put,137.00,+0.02%,4.3,4.35,4.45,2488,1179,2.11,59.18%,62.78%,-0.482679,2026-08-21
MRNA,145.13,2026-08-28,6,Call,200.00,-37.81%,1.02,1.02,1.08,7524,3562,2.11,96.93%,166.04%,0.081175,2026-08-21
GOOGL,344.82,2026-08-28,6,Put,335.00,-2.85%,1.44,1.64,1.7,3821,1819,2.1,28.86%,29.21%,-0.210831,2026-08-21
SPCX,136.97,2026-09-04,13,Call,137.00,-0.02%,5.85,6.41,6.45,602,286,2.1,59.18%,58.99%,0.526035,2026-08-21
ANGX,4.31,2027-04-16,237,Call,2.50,+42.00%,2.15,2.28,2.4,644,306,2.1,123.63%,106.57%,0.862996,2026-08-21
NVDA,214.72,2026-08-31,9,Call,222.50,-3.62%,3.8,3.93,3.95,652,310,2.1,40.60%,51.40%,0.347866,2026-08-21
SKHY,163.41,2026-09-11,20,Call,200.00,-22.39%,1.75,2,2.35,783,372,2.1,71.90%,75.50%,0.148299,2026-08-21
INTC,90.07,2026-08-26,4,Put,91.00,+1.03%,2.61,2.73,2.78,504,241,2.09,60.87%,58.58%,-0.552738,2026-08-21
RIOT,19.83,2026-09-04,13,Put,21.00,+5.90%,1.87,2.12,2.3,615,294,2.09,90.87%,93.86%,-0.591009,2026-08-21
CRWV,87.85,2026-08-28,6,Call,96.00,-9.28%,1.04,1.05,1.12,989,473,2.09,76.96%,81.90%,0.215699,2026-08-21
EIX,71.59,2026-10-16,55,Call,75.00,-4.76%,2.1,2.59,2.4,2741,1313,2.09,40.40%,33.17%,0.37698,2026-08-21
GME,18.21,2026-08-28,6,Call,18.00,+1.15%,0.41,0.42,0.42,3856,1841,2.09,47.44%,33.01%,0.611043,2026-08-21
PLTR,179.94,2026-09-04,13,Call,190.00,-5.59%,2.84,2.91,2.98,5275,2520,2.09,47.34%,48.21%,0.295189,2026-08-21
NVDA,214.72,2026-08-28,6,Call,217.50,-1.29%,5.35,5.4,5.45,9116,4354,2.09,40.60%,60.18%,0.451647,2026-08-21
AAPL,309.35,2026-08-28,6,Put,305.00,-1.41%,2.04,2.05,2.21,4701,2264,2.08,24.73%,25.31%,-0.32028,2026-08-21
TSLA,362.86,2026-08-28,6,Call,385.00,-6.10%,1.95,1.96,2.01,5807,2787,2.08,41.47%,47.05%,0.173129,2026-08-21
SPCX,136.97,2026-08-28,6,Call,145.00,-5.86%,1.69,1.72,1.75,12419,5974,2.08,59.18%,64.57%,0.261196,2026-08-21
HOOD,108.13,2026-09-04,13,Call,108.00,+0.12%,5.9,6.03,6.15,546,263,2.08,65.70%,72.49%,0.534524,2026-08-21
AMZN,258.63,2026-08-28,6,Put,267.50,+3.43%,9.5,9.65,9.95,677,326,2.08,29.19%,28.84%,-0.81349,2026-08-21
TSLA,362.86,2028-12-15,846,Put,170.00,-53.15%,13.35,13.65,13.85,736,354,2.08,41.47%,52.65%,-0.07385,2026-08-21
IQV,259.82,2026-09-18,27,Call,280.00,-7.77%,1.75,2.46,3.2,793,381,2.08,34.55%,31.01%,0.208138,2026-08-21
APLD,27.21,2026-08-28,6,Call,33.00,-21.28%,0.08,0.1,0.15,853,411,2.08,88.21%,100.52%,0.07665,2026-08-21
CRWD,191.95,2026-08-28,6,Call,200.00,-4.19%,5.2,5.5,5.5,1824,879,2.08,61.99%,87.37%,0.380009,2026-08-21
XPEV,12.19,2026-08-28,6,Call,13.50,-10.75%,0.17,0.17,0.19,2375,1142,2.08,58.83%,95.68%,0.221839,2026-08-21
TSLA,362.86,2026-09-04,13,Put,342.50,-5.61%,3.85,3.91,4,511,247,2.07,41.47%,43.09%,-0.222202,2026-08-21
HPE,53.45,2026-08-28,6,Put,53.00,-0.84%,1.36,1.5,1.62,568,275,2.07,75.97%,63.02%,-0.440569,2026-08-21
SPCE,3.08,2026-09-04,13,Call,3.00,+2.60%,0.2,0.21,0.24,694,335,2.07,82.63%,76.53%,0.603886,2026-08-21
T,25.29,2026-11-20,90,Call,28.00,-10.72%,0.45,0.44,0.48,1314,636,2.07,24.32%,27.38%,0.243574,2026-08-21
KEEL,3.32,2026-08-28,6,Call,3.50,-5.42%,0.13,0.13,0.14,6914,3345,2.07,108.92%,121.85%,0.398945,2026-08-21
WMT,103.7,2026-08-28,6,Put,100.00,-3.57%,0.18,0.2,0.2,6205,3011,2.06,22.58%,24.47%,-0.117641,2026-08-21
KTOS,57.17,2026-09-18,27,Put,57.50,+0.58%,3.9,3.79,4.7,574,279,2.06,62.45%,67.71%,-0.47133,2026-08-21
NOW,128.48,2026-08-28,6,Call,134.00,-4.30%,1.68,1.93,1.95,602,292,2.06,53.09%,58.94%,0.304661,2026-08-21
MSFT,483.24,2026-08-24,2,Put,470.00,-2.74%,0.18,0.19,0.24,739,358,2.06,26.16%,24.00%,-0.056917,2026-08-21
TTD,13.18,2026-09-11,20,Call,14.00,-6.22%,0.3,0.35,0.35,1602,777,2.06,55.59%,50.94%,0.333606,2026-08-21
INTC,90.07,2026-08-24,2,Put,89.00,-1.19%,0.7,0.73,0.74,2467,1197,2.06,60.87%,44.78%,-0.351385,2026-08-21
PWR,639.34,2026-09-18,27,Put,590.00,-7.72%,9.5,8.6,13,620,303,2.05,43.58%,45.16%,-0.231451,2026-08-21
MARA,11.26,2026-09-25,34,Call,12.00,-6.57%,0.87,0.88,1,679,332,2.05,92.06%,88.98%,0.465765,2026-08-21
NUAI,4.86,2026-08-28,6,Put,5.00,+2.88%,0.35,0.43,0.5,2391,1169,2.05,161.03%,138.78%,-0.529438,2026-08-21
PDD,88.38,2026-08-28,6,Put,88.00,-0.43%,3,3.2,3.5,837,410,2.04,43.17%,76.74%,-0.461001,2026-08-21
ABVX,114.95,2026-10-16,55,Call,165.00,-43.54%,1.45,2.31,2.8,1009,495,2.04,61.19%,74.98%,0.140678,2026-08-21
AMD,473.25,2026-08-28,6,Call,490.00,-3.54%,6.9,7.4,7.55,1456,714,2.04,52.97%,56.60%,0.331843,2026-08-21
CIFR,15.77,2026-08-28,6,Call,16.00,-1.46%,0.8,0.81,0.99,3731,1838,2.03,106.51%,123.73%,0.495924,2026-08-21
HOOD,108.13,2026-08-28,6,Call,105.00,+2.89%,5.95,6,6.15,7179,3535,2.03,65.70%,78.31%,0.636363,2026-08-21
WMB,70.49,2026-09-04,13,Put,70.00,-0.70%,0.95,1.1,1.6,630,311,2.03,28.63%,28.66%,-0.436152,2026-08-21
CVNA,69.91,2026-08-28,6,Put,67.00,-4.16%,0.92,1,1,657,323,2.03,57.21%,60.44%,-0.276173,2026-08-21
SKHY,163.41,2028-06-16,664,Call,170.00,-4.03%,64.4,65.2,67.3,715,352,2.03,71.90%,76.17%,0.707845,2026-08-21
AMZN,258.63,2026-08-28,6,Put,235.00,-9.14%,0.11,0.12,0.12,1890,930,2.03,29.19%,38.37%,-0.023672,2026-08-21
ORCL,146.47,2026-08-28,6,Call,148.00,-1.04%,3.55,3.9,3.9,547,271,2.02,69.89%,58.77%,0.46194,2026-08-21
CMG,36.9,2026-08-28,6,Put,35.00,-5.15%,0.14,0.14,0.18,565,280,2.02,35.64%,41.67%,-0.152374,2026-08-21
MRVL,237.04,2026-08-28,6,Call,235.00,+0.86%,14.15,14.49,15,2434,1204,2.02,80.14%,111.62%,0.554085,2026-08-21
OKLO,42.09,2027-06-17,299,Call,75.00,-78.19%,5.9,6.15,7,3290,1628,2.02,78.78%,89.85%,0.396013,2026-08-21
BMNR,22.83,2026-08-28,6,Call,24.00,-5.12%,0.59,0.64,0.65,5296,2618,2.02,80.20%,92.21%,0.359825,2026-08-21
SOFI,18.91,2026-08-28,6,Put,19.00,+0.48%,0.53,0.54,0.56,9430,4672,2.02,50.58%,52.00%,-0.512301,2026-08-21
PLTR,179.94,2026-12-18,118,Call,35.00,+80.55%,144.85,144.95,146.7,15678,7799,2.01,47.34%,139.48%,0.993367,2026-08-21
PDD,88.38,2026-09-04,13,Put,80.00,-9.48%,0.7,0.83,0.95,548,272,2.01,43.17%,56.46%,-0.158836,2026-08-21
BWIN,31.9,2026-09-18,27,Call,35.00,-9.72%,0.5,0.56,0.75,1029,513,2.01,56.68%,47.74%,0.264744,2026-08-21
D,66.6,2026-09-18,27,Call,67.50,-1.35%,0.4,0.89,1.1,1288,641,2.01,20.34%,15.83%,0.383174,2026-08-21
VIAV,38.9,2027-03-19,209,Call,90.00,-131.36%,1.55,1.92,2.35,500,250,2,80.31%,87.39%,0.18316,2026-08-21
GOOGL,344.82,2026-08-26,4,Call,355.00,-2.95%,0.75,0.82,0.94,619,310,2,28.86%,27.53%,0.162926,2026-08-21
PATH,16.39,2026-08-28,6,Put,15.00,-8.48%,0.09,0.15,0.18,834,418,2,88.29%,73.28%,-0.159625,2026-08-21
IREN,41.88,2026-08-28,6,Call,41.00,+2.10%,3.25,3.15,3.4,938,468,2,102.37%,134.67%,0.584257,2026-08-21
ORCL,146.47,2026-09-04,13,Put,145.00,-1.00%,5,5.2,5.8,2252,1125,2,69.89%,56.16%,-0.438491,2026-08-21
INTC,90.07,2026-09-04,13,Call,95.00,-5.47%,2.26,2.41,2.53,3439,1716,2,60.87%,63.15%,0.352478,2026-08-21
SLS,15.46,2026-10-16,55,Call,30.00,-94.05%,1.9,2.14,2.25,12665,6327,2,175.42%,214.21%,0.353875,2026-08-21
AAPL,309.35,2026-08-26,4,Call,320.00,-3.44%,0.36,0.36,0.41,17814,8903,2,24.73%,24.89%,0.101618,2026-08-21
IBM,235.68,2026-08-28,6,Put,225.00,-4.53%,0.58,0.86,1.07,740,372,1.99,33.69%,35.32%,-0.146928,2026-08-21
TGTX,54.27,2026-09-18,27,Call,55.00,-1.35%,3.3,3.5,4.6,974,489,1.99,68.56%,71.65%,0.517005,2026-08-21
AMZN,258.63,2026-08-26,4,Call,265.00,-2.46%,0.9,0.94,1,1299,654,1.99,29.19%,28.69%,0.217107,2026-08-21
NVDA,214.72,2026-08-31,9,Call,217.50,-1.29%,5.65,5.78,5.8,1434,721,1.99,40.60%,51.40%,0.45639,2026-08-21
CIFR,15.77,2026-09-04,13,Call,21.00,-33.16%,0.13,0.2,0.26,2021,1014,1.99,106.51%,118.69%,0.12254,2026-08-21
BAC,61.69,2026-08-28,6,Put,60.00,-2.74%,0.16,0.16,0.17,2899,1459,1.99,21.45%,23.06%,-0.167609,2026-08-21
COTY,2.74,2026-09-18,27,Put,3.00,+9.49%,0.3,0.39,0.45,696,352,1.98,70.14%,65.03%,-0.675643,2026-08-21
TSLA,362.86,2026-08-28,6,Put,337.50,-6.99%,1.07,1.09,1.12,1261,636,1.98,41.47%,46.29%,-0.103906,2026-08-21
MRNA,145.13,2026-08-28,6,Call,157.50,-8.52%,5.5,5.78,6.05,1699,856,1.98,96.93%,140.16%,0.358646,2026-08-21
CRCL,87.98,2026-08-28,6,Put,70.00,-20.44%,0.02,0.17,0.33,2200,1110,1.98,83.19%,103.16%,-0.036027,2026-08-21
NOK,10.21,2026-08-28,6,Put,10.00,-2.06%,0.23,0.24,0.26,4377,2215,1.98,60.27%,66.05%,-0.385197,2026-08-21
NFLX,79.59,2026-08-28,6,Call,81.00,-1.77%,0.74,0.74,0.77,6954,3507,1.98,32.12%,32.30%,0.348653,2026-08-21
M,22.82,2026-09-11,20,Call,23.00,-0.79%,0.9,1.21,1.25,533,270,1.97,53.91%,54.38%,0.500537,2026-08-21
MRNA,145.13,2026-08-28,6,Call,220.00,-51.59%,0.6,0.6,0.62,578,293,1.97,96.93%,181.32%,0.0474,2026-08-21
TSLA,362.86,2026-08-26,4,Put,325.00,-10.43%,0.21,0.24,0.23,866,440,1.97,41.47%,55.54%,-0.026777,2026-08-21
TSLA,362.86,2026-09-02,11,Call,370.00,-1.97%,7.45,7.9,8,1153,585,1.97,41.47%,42.43%,0.415703,2026-08-21
PDD,88.38,2026-08-28,6,Call,91.00,-2.96%,2.08,2.25,3.1,1637,832,1.97,43.17%,81.45%,0.412211,2026-08-21
SKHY,163.41,2026-08-28,6,Put,160.00,-2.09%,4.3,4.5,4.6,1868,946,1.97,71.90%,73.04%,-0.390738,2026-08-21
WMT,103.7,2026-09-04,13,Put,102.00,-1.64%,0.88,1.04,1.1,712,363,1.96,22.58%,22.48%,-0.333531,2026-08-21
INTC,90.07,2026-09-04,13,Call,90.00,+0.08%,4.2,4.3,4.4,1003,513,1.96,60.87%,62.27%,0.529668,2026-08-21
TSLA,362.86,2026-09-11,20,Call,365.00,-0.59%,12.9,13.53,13.4,1371,701,1.96,41.47%,40.80%,0.502791,2026-08-21
CPNG,16.45,2026-09-18,27,Put,35.00,+112.77%,16.65,18.45,20.6,1820,930,1.96,44.98%,150.28%,-0.954851,2026-08-21
LULU,121.07,2026-12-18,118,Put,300.00,+147.79%,178.1,179.5,180.05,3330,1700,1.96,58.60%,89.11%,-0.974012,2026-08-21
CIFR,15.77,2026-09-04,13,Call,20.00,-26.82%,0.26,0.28,0.37,8110,4137,1.96,106.51%,121.18%,0.178645,2026-08-21
SMR,9.4,2026-08-28,6,Call,10.00,-6.38%,0.15,0.19,0.19,6427,3302,1.95,82.30%,80.42%,0.293616,2026-08-21
VIAV,38.9,2027-03-19,209,Call,45.00,-15.68%,7.7,8.26,8.5,500,257,1.95,80.31%,85.05%,0.552067,2026-08-21
AVGO,368.45,2027-09-17,391,Put,320.00,-13.15%,39.85,40.92,41.9,502,258,1.95,51.15%,47.80%,-0.277699,2026-08-21
PBR,19.15,2026-09-25,34,Call,21.00,-9.66%,0.04,0.13,0.18,683,350,1.95,32.50%,26.83%,0.142074,2026-08-21
U,46.93,2026-08-28,6,Call,50.00,-6.54%,0.29,0.35,0.37,769,395,1.95,52.57%,53.85%,0.190837,2026-08-21
TEM,72.69,2026-08-28,6,Call,68.00,+6.45%,5.7,6.19,6.5,1223,628,1.95,79.54%,88.84%,0.741451,2026-08-21
MARA,11.26,2026-10-16,55,Call,12.00,-6.57%,1.27,1.3,1.35,1760,901,1.95,92.06%,90.95%,0.504806,2026-08-21
TSLA,362.86,2026-08-28,6,Put,325.00,-10.43%,0.39,0.4,0.41,2735,1405,1.95,41.47%,50.59%,-0.040946,2026-08-21
META,549.9,2026-08-24,2,Put,520.00,-5.44%,0.07,0.1,0.1,830,427,1.94,34.97%,35.63%,-0.01622,2026-08-21
RKLB,72.57,2026-08-28,6,Call,75.00,-3.35%,1.76,1.82,1.87,1102,568,1.94,74.07%,75.58%,0.3877,2026-08-21
TSLA,362.86,2026-08-31,9,Call,360.00,+0.79%,10.6,10.88,11.3,1670,860,1.94,41.47%,40.98%,0.567132,2026-08-21
TSLA,362.86,2026-08-28,6,Call,430.00,-18.50%,0.2,0.2,0.22,1704,880,1.94,41.47%,63.01%,0.020019,2026-08-21
NVDA,214.72,2026-08-28,6,Put,200.00,-6.86%,1.41,1.44,1.44,20744,10697,1.94,40.60%,58.67%,-0.161558,2026-08-21
RIVN,16.97,2026-08-28,6,Call,17.00,-0.18%,0.47,0.5,0.51,5929,3076,1.93,57.79%,57.57%,0.5084,2026-08-21
PURR,10.58,2026-09-18,27,Put,12.00,+13.42%,1.85,2.35,2.45,537,278,1.93,116.70%,110.05%,-0.604713,2026-08-21
MRNA,145.13,2026-09-25,34,Call,200.00,-37.81%,4.1,4.5,4.9,613,318,1.93,96.93%,104.27%,0.20105,2026-08-21
INTC,90.07,2027-09-17,391,Put,60.00,-33.39%,6.55,7.68,8.05,1001,520,1.93,60.87%,65.20%,-0.161699,2026-08-21
NVTS,12.97,2026-08-28,6,Put,12.00,-7.48%,0.22,0.23,0.25,1189,616,1.93,89.26%,94.29%,-0.239509,2026-08-21
INTC,90.07,2026-08-24,2,Put,88.00,-2.30%,0.41,0.43,0.44,1580,820,1.93,60.87%,45.16%,-0.236731,2026-08-21
TEM,72.69,2026-08-28,6,Call,70.00,+3.70%,4.7,4.85,5,1923,998,1.93,79.54%,90.69%,0.650854,2026-08-21
SPCX,136.97,2026-08-28,6,Put,134.00,-2.17%,2.93,2.95,3,1968,1018,1.93,59.18%,62.32%,-0.374232,2026-08-21
HAS,93.54,2026-09-18,27,Call,105.00,-12.25%,0.2,0.31,0.45,521,271,1.92,28.95%,30.88%,0.091866,2026-08-21
META,549.9,2026-09-25,34,Call,590.00,-7.29%,10.05,10.65,10.7,607,316,1.92,34.97%,36.10%,0.28912,2026-08-21
AEM,216.06,2026-08-28,6,Call,220.00,-1.82%,4.1,4.5,5,614,319,1.92,49.60%,56.38%,0.417742,2026-08-21
FUTU,123.64,2026-08-28,6,Call,125.00,-1.10%,2.5,2.95,3,632,329,1.92,49.59%,53.85%,0.446853,2026-08-21
APLD,27.21,2026-08-28,6,Call,28.50,-4.74%,0.7,0.74,0.96,734,383,1.92,88.21%,96.53%,0.379179,2026-08-21
META,549.9,2026-08-26,4,Call,590.00,-7.29%,0.46,0.51,0.53,843,439,1.92,34.97%,40.48%,0.05139,2026-08-21
ROST,239.04,2026-08-28,6,Call,245.00,-2.49%,1,1.4,1.5,997,519,1.92,24.35%,27.50%,0.252221,2026-08-21
MSTR,119.25,2026-08-28,6,Call,140.00,-17.40%,0.96,1.01,1.03,4625,2413,1.92,78.64%,104.84%,0.130962,2026-08-21
QBTS,20.39,2026-08-28,6,Call,21.50,-5.44%,0.45,0.47,0.52,737,386,1.91,80.07%,87.16%,0.339722,2026-08-21
HIMS,33.78,2026-08-28,6,Call,33.50,+0.83%,1.36,1.45,1.53,846,444,1.91,75.84%,75.00%,0.55601,2026-08-21
MRVL,237.04,2026-10-16,55,Call,310.00,-30.78%,8.95,10,10.8,1057,553,1.91,80.14%,82.24%,0.253311,2026-08-21
AMZN,258.63,2026-08-28,6,Call,250.00,+3.34%,9.7,10.38,10.2,1108,580,1.91,29.19%,32.08%,0.805216,2026-08-21
LLY,1255.4,2026-10-16,55,Put,"1,200.00",-4.41%,32.5,36.54,41.55,566,298,1.9,31.99%,33.07%,-0.327552,2026-08-21
BMNR,22.83,2026-09-18,27,Call,29.00,-27.03%,0.34,0.51,0.72,603,318,1.9,80.20%,88.53%,0.194139,2026-08-21
TSLA,362.86,2026-08-31,9,Call,362.50,+0.10%,9.4,9.83,9.9,611,322,1.9,41.47%,40.98%,0.524525,2026-08-21
HOOD,108.13,2026-09-25,34,Call,140.00,-29.47%,1.22,1.36,1.5,654,345,1.9,65.70%,68.21%,0.131316,2026-08-21
BE,201.45,2026-08-28,6,Call,210.00,-4.24%,5.4,5.56,5.6,739,389,1.9,85.76%,86.55%,0.376848,2026-08-21
AMZN,258.63,2026-08-26,4,Put,260.00,+0.53%,3.65,3.72,3.9,793,417,1.9,29.19%,28.56%,-0.560336,2026-08-21
RIG,5.92,2027-02-19,181,Call,9.00,-52.03%,0.12,0.17,0.21,1900,1000,1.9,45.55%,54.58%,0.161093,2026-08-21
MSFT,483.24,2026-08-24,2,Call,495.00,-2.43%,0.26,0.26,0.28,1945,1026,1.9,26.16%,22.36%,0.07569,2026-08-21
BABA,119.34,2026-08-28,6,Put,119.00,-0.28%,2.38,2.48,2.76,718,379,1.89,41.03%,44.96%,-0.468357,2026-08-21
MU,966.78,2026-08-28,6,Put,870.00,-10.01%,4.05,4.11,4.4,730,387,1.89,63.67%,67.50%,-0.10233,2026-08-21
BABA,119.34,2026-08-28,6,Put,124.00,+3.90%,5.3,5.5,6.05,1001,531,1.89,41.03%,44.10%,-0.741495,2026-08-21
NOW,128.48,2026-12-18,118,Call,172.00,-33.87%,4.6,5.35,5.55,1201,636,1.89,53.09%,56.83%,0.241055,2026-08-21
ABVX,114.95,2026-10-16,55,Call,125.00,-8.74%,7.5,8.52,10.1,1217,643,1.89,61.19%,70.12%,0.439842,2026-08-21
GLW,149.84,2026-08-28,6,Call,175.00,-16.79%,0.25,0.28,0.31,1344,711,1.89,61.74%,71.53%,0.050351,2026-08-21
KOPN,5.04,2027-01-15,146,Put,4.00,-20.63%,0.35,0.62,0.9,1500,795,1.89,97.00%,97.74%,-0.241061,2026-08-21
MU,966.78,2026-08-24,2,Call,"1,015.00",-4.99%,1.28,1.36,1.47,1505,797,1.89,63.67%,47.82%,0.08822,2026-08-21
NVDA,214.72,2026-08-24,2,Put,222.50,+3.62%,7.65,7.93,7.95,1922,1019,1.89,40.60%,24.67%,-0.977436,2026-08-21
AMZN,258.63,2026-08-28,6,Put,252.50,-2.37%,1.55,1.6,1.62,2924,1548,1.89,29.19%,30.25%,-0.257409,2026-08-21
SPCX,136.97,2026-12-18,118,Call,350.00,-155.53%,0.5,0.52,0.61,5999,3176,1.89,59.18%,76.47%,0.027982,2026-08-21
SOUN,7.32,2026-08-28,6,Put,7.50,+2.46%,0.32,0.36,0.45,1171,623,1.88,69.23%,76.15%,-0.577484,2026-08-21
RIVN,16.97,2026-09-11,20,Call,17.00,-0.18%,0.87,0.93,0.96,1219,649,1.88,57.79%,57.67%,0.527564,2026-08-21
GEMI,4.28,2026-08-28,6,Call,4.50,-5.14%,0,0.2,0.35,1221,651,1.88,118.74%,120.36%,0.403676,2026-08-21
NFLX,79.59,2026-08-28,6,Put,79.00,-0.74%,0.96,0.97,1,2400,1278,1.88,32.12%,31.35%,-0.413925,2026-08-21
DOCU,62,2026-08-28,6,Call,65.00,-4.84%,0.38,0.66,1.16,784,419,1.87,63.76%,58.34%,0.278805,2026-08-21
MU,966.78,2026-08-28,6,Call,980.00,-1.37%,25.45,26,29.1,1451,774,1.87,63.67%,66.76%,0.456573,2026-08-21
AMD,473.25,2026-08-24,2,Put,450.00,-4.91%,0.43,0.44,0.48,1517,811,1.87,52.97%,45.51%,-0.064563,2026-08-21
AMZN,258.63,2026-08-24,2,Call,230.00,+11.07%,28.35,28.35,29.1,504,271,1.86,29.19%,69.70%,0.989366,2026-08-21
SMCI,37.24,2026-12-18,118,Put,17.00,-54.35%,0.08,0.29,0.49,715,384,1.86,76.18%,87.61%,-0.032433,2026-08-21
UUUU,15.14,2026-08-28,6,Call,16.50,-8.98%,0.17,0.18,0.2,732,394,1.86,75.29%,80.24%,0.217976,2026-08-21
CCL,25.73,2026-08-28,6,Put,27.50,+6.88%,1.63,1.76,1.95,780,420,1.86,42.27%,32.00%,-0.946367,2026-08-21
BE,201.45,2026-08-28,6,Call,225.00,-11.69%,2.06,2,2.19,839,452,1.86,85.76%,88.41%,0.18048,2026-08-21
TSLA,362.86,2026-08-28,6,Put,332.50,-8.37%,0.69,0.71,0.74,997,535,1.86,41.47%,47.68%,-0.070935,2026-08-21
APA,43.39,2026-09-18,27,Call,50.00,-15.23%,0.3,0.34,0.35,1032,556,1.86,42.45%,43.92%,0.131341,2026-08-21
PDD,88.38,2026-08-28,6,Put,83.00,-6.09%,1,1.19,1.25,1111,596,1.86,43.17%,71.12%,-0.229587,2026-08-21
TSLA,362.86,2026-08-28,6,Put,370.00,+1.97%,11.85,12.43,12.65,2372,1275,1.86,41.47%,44.39%,-0.620476,2026-08-21
MSFT,483.24,2026-10-16,55,Put,455.00,-5.84%,8.5,8.7,8.8,2930,1573,1.86,26.16%,27.93%,-0.25935,2026-08-21
SMR,9.4,2026-11-20,90,Call,11.00,-17.02%,1.1,1.15,1.17,3511,1884,1.86,82.30%,89.65%,0.456497,2026-08-21
WMT,103.7,2026-10-16,55,Call,105.00,-1.25%,3.3,3.35,3.4,4131,2216,1.86,22.58%,23.40%,0.480954,2026-08-21
NVDA,214.72,2026-08-28,6,Put,175.00,-18.50%,0.12,0.13,0.13,6797,3658,1.86,40.60%,76.38%,-0.01608,2026-08-21
CIFR,15.77,2026-08-28,6,Call,16.50,-4.63%,0.61,0.63,0.65,4911,2653,1.85,106.51%,115.15%,0.408716,2026-08-21
NVDA,214.72,2026-08-28,6,Call,220.00,-2.46%,4.4,4.4,4.45,47082,25446,1.85,40.60%,60.24%,0.393848,2026-08-21
FWDI,5.14,2026-11-20,90,Call,7.50,-45.91%,0.25,0.55,0.65,505,273,1.85,117.23%,105.37%,0.329052,2026-08-21
META,549.9,2026-08-31,9,Call,550.00,-0.02%,11.15,11.35,11.95,587,317,1.85,34.97%,33.05%,0.515061,2026-08-21
INTC,90.07,2027-02-19,181,Put,92.50,+2.70%,17.1,17.2,17.65,845,457,1.85,60.87%,66.76%,-0.419426,2026-08-21
RIOT,19.83,2026-08-28,6,Put,18.50,-6.71%,0.3,0.4,0.43,1070,582,1.84,90.87%,89.57%,-0.252506,2026-08-21
D,66.6,2026-09-18,27,Call,72.50,-8.86%,0.05,0.18,0.25,1278,695,1.84,20.34%,22.19%,0.083591,2026-08-21
INTC,90.07,2026-08-26,4,Put,90.00,-0.08%,2.08,2.23,2.22,1527,831,1.84,60.87%,58.48%,-0.48093,2026-08-21
HUT,80.86,2026-08-28,6,Put,80.00,-1.06%,3.7,4.06,4.25,2404,1310,1.84,99.62%,107.35%,-0.440355,2026-08-21
SPCX,136.97,2026-09-04,13,Call,143.00,-4.40%,3.85,3.92,3.95,511,280,1.83,59.18%,60.83%,0.379552,2026-08-21
HL,20.72,2026-08-28,6,Put,20.00,-3.47%,0.34,0.41,0.45,588,321,1.83,62.92%,67.31%,-0.323169,2026-08-21
FUTU,123.64,2026-08-28,6,Call,135.00,-9.19%,0.35,0.56,0.67,718,393,1.83,49.59%,56.79%,0.118928,2026-08-21
MSFT,483.24,2026-08-24,2,Put,475.00,-1.71%,0.5,0.53,0.61,746,408,1.83,26.16%,21.77%,-0.139104,2026-08-21
MRVL,237.04,2026-08-28,6,Put,190.00,-19.84%,0.75,0.8,0.8,1363,743,1.83,80.14%,111.06%,-0.051714,2026-08-21
INTC,90.07,2026-08-24,2,Put,87.00,-3.41%,0.23,0.24,0.25,1479,806,1.83,60.87%,45.98%,-0.149058,2026-08-21
F,14.41,2026-09-04,13,Call,14.00,+2.85%,0.58,0.61,0.63,2075,1131,1.83,32.46%,34.23%,0.682772,2026-08-21
SLS,15.46,2026-08-28,6,Call,20.00,-29.37%,0.4,0.48,0.5,2212,1207,1.83,175.42%,213.93%,0.21199,2026-08-21
INTC,90.07,2026-08-24,2,Put,90.00,-0.08%,1.1,1.14,1.2,4637,2540,1.83,60.87%,44.81%,-0.482366,2026-08-21
AAPL,309.35,2026-08-28,6,Call,320.00,-3.44%,0.8,0.8,0.85,13096,7142,1.83,24.73%,25.48%,0.157876,2026-08-21
MSTR,119.25,2026-12-18,118,Call,500.00,-319.29%,0.26,0.48,0.56,5452,2991,1.82,78.64%,105.18%,0.018925,2026-08-21
PLTR,179.94,2026-08-28,6,Call,200.00,-11.15%,0.35,0.36,0.36,8157,4483,1.82,47.34%,53.53%,0.067186,2026-08-21
SPCX,136.97,2026-09-18,27,Call,135.00,+1.44%,9.8,9.88,9.9,11139,6110,1.82,59.18%,58.66%,0.574335,2026-08-21
TSLA,362.86,2026-08-26,4,Put,305.00,-15.95%,0.11,0.11,0.13,531,292,1.82,41.47%,74.86%,-0.011903,2026-08-21
USAR,19.26,2026-09-04,13,Call,21.00,-9.03%,0.65,0.56,0.8,688,377,1.82,88.89%,93.95%,0.347544,2026-08-21
JPM,351.58,2026-08-28,6,Call,352.50,-0.26%,3.35,3.5,3.85,787,433,1.82,21.17%,22.17%,0.473352,2026-08-21
AMD,473.25,2026-08-24,2,Call,465.00,+1.74%,9.9,11.25,11.25,505,279,1.81,52.97%,39.07%,0.735504,2026-08-21
XOM,165.11,2026-09-04,13,Put,155.00,-6.12%,0.52,0.67,0.69,540,299,1.81,28.09%,30.18%,-0.126108,2026-08-21
FCX,76.66,2026-09-11,20,Call,80.00,-4.36%,2.33,2.52,3,667,368,1.81,52.80%,55.78%,0.401348,2026-08-21
AGI,37.86,2026-09-18,27,Call,38.00,-0.37%,2.05,2.05,2.45,831,458,1.81,52.80%,55.41%,0.526388,2026-08-21
SNDK,1596.08,2026-08-28,6,Put,900.00,-43.61%,0,0.1,0.1,873,483,1.81,77.80%,142.28%,-0.000611,2026-08-21
TSLA,362.86,2026-09-04,13,Put,350.00,-3.54%,5.95,6,6.1,1020,565,1.81,41.47%,42.74%,-0.308,2026-08-21
BULL,8.78,2026-08-28,6,Put,9.50,+8.20%,0.72,0.82,0.87,1206,668,1.81,55.70%,67.80%,-0.805461,2026-08-21
RDW,12.02,2026-08-28,6,Call,13.00,-8.15%,0.2,0.25,0.3,1455,804,1.81,88.02%,96.77%,0.286052,2026-08-21
NKE,40.76,2026-08-28,6,Call,40.50,+0.64%,0.81,0.92,0.88,2047,1134,1.81,34.86%,34.12%,0.56613,2026-08-21
D,66.6,2026-09-18,27,Call,70.00,-5.11%,0.2,0.33,0.45,5485,3032,1.81,20.34%,19.28%,0.1765,2026-08-21
ORCL,146.47,2026-08-28,6,Call,160.00,-9.24%,0.79,0.81,0.83,10087,5565,1.81,69.89%,61.69%,0.141616,2026-08-21
RIVN,16.97,2026-09-18,27,Call,19.00,-11.96%,0.43,0.47,0.47,11397,6292,1.81,57.79%,61.00%,0.280261,2026-08-21
SPCX,136.97,2026-08-28,6,Put,135.00,-1.44%,3.35,3.35,3.4,7652,4246,1.8,59.18%,62.14%,-0.409848,2026-08-21
CTSH,61.87,2027-01-15,146,Put,67.50,+9.10%,9.7,10.18,10.6,726,403,1.8,44.60%,44.99%,-0.557132,2026-08-21
MU,966.78,2026-08-28,6,Call,990.00,-2.40%,21.4,22.8,23.75,751,417,1.8,63.67%,65.29%,0.40722,2026-08-21
BAC,61.69,2026-09-11,20,Put,58.00,-5.98%,0.22,0.22,0.24,803,445,1.8,21.45%,24.21%,-0.128499,2026-08-21
NFLX,79.59,2026-08-28,6,Put,77.00,-3.25%,0.36,0.38,0.38,1550,859,1.8,32.12%,31.90%,-0.1998,2026-08-21
EXEL,54.08,2026-09-18,27,Call,60.00,-10.95%,0.2,0.54,0.6,2068,1149,1.8,40.49%,35.02%,0.155073,2026-08-21
SAN,14.59,2028-01-21,517,Call,15.00,-2.81%,2,2.3,2.9,3033,1685,1.8,33.40%,37.94%,0.560347,2026-08-21
WMT,103.7,2026-08-28,6,Put,103.00,-0.68%,0.76,0.9,0.98,3229,1797,1.8,22.58%,22.79%,-0.397779,2026-08-21
MU,966.78,2026-08-28,6,Call,960.00,+0.70%,34.75,36.68,37.6,840,468,1.79,63.67%,65.74%,0.552746,2026-08-21
NBIS,219.13,2026-09-18,27,Call,170.00,+22.42%,53,53.75,55.05,1008,564,1.79,91.90%,97.00%,0.865311,2026-08-21
ZVRA,11.87,2027-01-15,146,Call,2.00,+83.15%,9,10,12,504,283,1.78,80.26%,291.46%,0.971037,2026-08-21
SPCX,136.97,2026-09-04,13,Call,147.00,-7.32%,2.78,2.83,2.86,616,347,1.78,59.18%,61.91%,0.296156,2026-08-21
AVGO,368.45,2026-08-24,2,Put,350.00,-5.01%,0.11,0.11,0.33,712,399,1.78,51.15%,41.75%,-0.046248,2026-08-21
RDDT,153.29,2026-08-28,6,Call,157.50,-2.75%,2.56,2.69,2.86,1026,578,1.78,56.71%,56.27%,0.370221,2026-08-21
RGTI,17.91,2026-10-16,55,Call,22.00,-22.84%,1.06,1.12,1.17,1159,651,1.78,81.31%,86.30%,0.333647,2026-08-21
PDD,88.38,2026-08-28,6,Put,84.00,-4.96%,1.25,1.5,1.5,1304,734,1.78,43.17%,70.33%,-0.26939,2026-08-21
BMNR,22.83,2026-08-28,6,Call,23.00,-0.74%,0.93,0.99,0.99,7841,4435,1.77,80.20%,88.52%,0.498537,2026-08-21
AAPL,309.35,2026-08-28,6,Put,310.00,+0.21%,4.1,4.26,4.3,8019,4530,1.77,24.73%,24.90%,-0.514639,2026-08-21
CVNA,69.91,2026-12-18,118,Call,74.00,-5.85%,8.5,8.71,9,577,326,1.77,57.21%,63.62%,0.523147,2026-08-21
BB,8.04,2026-08-28,6,Call,8.00,+0.50%,0.23,0.26,0.31,609,344,1.77,61.76%,60.24%,0.544164,2026-08-21
PEP,143.48,2026-08-28,6,Call,147.00,-2.45%,0.25,0.43,0.53,628,355,1.77,22.22%,20.99%,0.186709,2026-08-21
RIVN,16.97,2026-09-04,13,Call,19.00,-11.96%,0.18,0.2,0.22,656,370,1.77,57.79%,63.12%,0.189889,2026-08-21
WMT,103.7,2026-08-28,6,Call,101.00,+2.60%,2.8,3.05,3.2,675,382,1.77,22.58%,21.77%,0.835139,2026-08-21
MP,60.05,2026-08-28,6,Call,70.00,-16.57%,0.22,0.27,0.31,740,419,1.77,70.46%,85.56%,0.090538,2026-08-21
HOOD,108.13,2026-09-04,13,Call,125.00,-15.60%,1.25,1.31,1.4,845,478,1.77,65.70%,74.92%,0.172177,2026-08-21
QBTS,20.39,2026-08-28,6,Call,21.00,-2.99%,0.6,0.66,0.63,1650,931,1.77,80.07%,83.37%,0.414184,2026-08-21
NVS,158.86,2026-09-18,27,Call,165.00,-3.87%,3,3.1,3.3,2077,1174,1.77,30.94%,33.39%,0.343505,2026-08-21
RIOT,19.83,2026-08-28,6,Call,24.00,-21.03%,0.1,0.1,0.12,2782,1571,1.77,90.87%,106.35%,0.092206,2026-08-21
ZS,181.74,2026-08-28,6,Call,190.00,-4.54%,1.92,2.25,2.39,510,289,1.76,73.84%,55.28%,0.279978,2026-08-21
AMD,473.25,2026-08-24,2,Call,482.50,-1.95%,2.06,2.26,2.3,536,305,1.76,52.97%,39.75%,0.262222,2026-08-21
APP,305.77,2026-11-20,90,Call,340.00,-11.19%,25.1,27.3,32.1,609,346,1.76,55.81%,66.84%,0.450181,2026-08-21
AMD,473.25,2026-08-28,6,Put,445.00,-5.97%,3.65,3.7,3.85,1020,579,1.76,52.97%,57.38%,-0.18922,2026-08-21
EMR,157.26,2027-01-15,146,Call,165.00,-4.92%,7.5,9.1,11.7,1650,937,1.76,26.53%,30.91%,0.458396,2026-08-21
CRWV,87.85,2026-08-28,6,Put,85.00,-3.24%,2.22,2.21,2.34,2297,1305,1.76,76.96%,80.17%,-0.352995,2026-08-21
NBIS,219.13,2026-08-28,6,Call,260.00,-18.65%,1.3,1.31,1.35,4688,2663,1.76,91.90%,100.36%,0.103791,2026-08-21
TSLA,362.86,2026-08-28,6,Put,330.00,-9.06%,0.57,0.59,0.6,5486,3132,1.75,41.47%,48.57%,-0.058865,2026-08-21
WULF,15.64,2026-11-20,90,Call,20.00,-27.88%,1.45,1.48,1.69,15122,8662,1.75,90.17%,103.46%,0.367534,2026-08-21
KHC,25.58,2026-09-04,13,Call,25.00,+2.27%,0.47,0.88,0.99,536,306,1.75,28.28%,20.29%,0.727277,2026-08-21
AG,21.09,2026-08-28,6,Call,21.50,-1.94%,0.55,0.57,0.62,627,358,1.75,66.39%,70.54%,0.43575,2026-08-21
DOCS,25.33,2026-09-18,27,Put,25.00,-1.30%,1.1,1.22,1.3,933,532,1.75,50.21%,50.85%,-0.428833,2026-08-21
MARA,11.26,2026-09-04,13,Call,13.50,-19.89%,0.15,0.19,0.27,973,555,1.75,92.06%,99.91%,0.194563,2026-08-21
RIOT,19.83,2026-08-28,6,Call,19.50,+1.66%,1.08,1.1,1.14,1049,600,1.75,90.87%,92.47%,0.581559,2026-08-21
NBIS,219.13,2026-10-16,55,Put,170.00,-22.42%,8.5,9.72,10,1168,667,1.75,91.90%,91.65%,-0.182676,2026-08-21
COIN,186.49,2026-08-28,6,Call,187.50,-0.54%,7.05,7.28,7.4,1417,808,1.75,70.19%,80.21%,0.501871,2026-08-21
SPCX,136.97,2026-08-28,6,Put,129.00,-5.82%,1.34,1.34,1.4,1446,827,1.75,59.18%,62.22%,-0.2124,2026-08-21
BMNR,22.83,2026-09-18,27,Put,20.00,-12.40%,0.7,0.7,0.77,1707,975,1.75,80.20%,78.84%,-0.231191,2026-08-21
SPCX,136.97,2026-12-18,118,Call,245.00,-78.87%,2.22,2.39,2.39,2005,1145,1.75,59.18%,68.96%,0.104705,2026-08-21
SPCX,136.97,2026-09-04,13,Put,120.00,-12.39%,0.95,0.98,1,3256,1860,1.75,59.18%,62.54%,-0.117072,2026-08-21
MSFT,483.24,2026-08-24,2,Put,472.50,-2.22%,0.31,0.31,0.36,562,323,1.74,26.16%,22.77%,-0.088408,2026-08-21
ONDS,8.71,2026-10-02,41,Call,9.00,-3.33%,0.8,0.84,0.85,592,340,1.74,78.18%,80.31%,0.511315,2026-08-21
CSCO,111.04,2026-08-28,6,Put,112.00,+0.86%,2.05,1.96,2.35,784,451,1.74,29.46%,29.76%,-0.579091,2026-08-21
SMR,9.4,2026-08-28,6,Put,9.00,-4.26%,0.16,0.21,0.26,1338,767,1.74,82.30%,80.50%,-0.316335,2026-08-21
UBER,78.8,2026-10-16,55,Call,90.00,-14.21%,1.08,1.1,1.15,2557,1470,1.74,34.71%,35.55%,0.196655,2026-08-21
COIN,186.49,2026-09-04,13,Call,185.00,+0.80%,10.9,11.24,11.55,612,354,1.73,70.19%,74.03%,0.554301,2026-08-21
USAR,19.26,2026-08-28,6,Call,21.00,-9.03%,0.32,0.32,0.45,941,545,1.73,88.89%,99.76%,0.271695,2026-08-21
RIVN,16.97,2026-09-25,34,Put,14.00,-17.50%,0.04,0.2,0.31,1084,625,1.73,57.79%,57.03%,-0.113076,2026-08-21
DK,71.47,2026-09-18,27,Call,67.50,+5.55%,6.5,7.36,8.2,1327,765,1.73,67.13%,67.25%,0.659467,2026-08-21
SOFI,18.91,2026-09-25,34,Call,22.00,-16.34%,0.28,0.3,0.31,2480,1436,1.73,50.58%,51.35%,0.193378,2026-08-21
SPCX,136.97,2026-08-28,6,Put,126.00,-8.01%,0.79,0.79,0.82,2695,1555,1.73,59.18%,62.67%,-0.138767,2026-08-21
HIMS,33.78,2026-09-18,27,Call,34.00,-0.65%,2.6,2.7,2.82,2718,1568,1.73,75.84%,75.68%,0.533634,2026-08-21
META,549.9,2026-08-24,2,Call,545.00,+0.89%,7,7.5,7.75,565,329,1.72,34.97%,27.44%,0.67708,2026-08-21
PANW,357.87,2026-08-28,6,Put,340.00,-4.99%,3,3.19,3.95,608,354,1.72,61.39%,56.18%,-0.22524,2026-08-21
MU,966.78,2026-08-28,6,Call,965.00,+0.18%,32.1,32.75,33.9,626,365,1.72,63.67%,64.43%,0.528183,2026-08-21
SNDK,1596.08,2026-08-28,6,Put,"1,350.00",-15.42%,4,3.9,4.1,699,407,1.72,77.80%,84.08%,-0.053444,2026-08-21
MARA,11.26,2026-10-16,55,Call,20.00,-77.62%,0.15,0.18,0.21,1158,673,1.72,92.06%,99.78%,0.101143,2026-08-21
RKLB,72.57,2026-08-28,6,Call,80.00,-10.24%,0.64,0.65,0.73,2702,1572,1.72,74.07%,78.50%,0.180784,2026-08-21
PDD,88.38,2026-08-28,6,Put,80.00,-9.48%,0.59,0.6,0.62,3022,1753,1.72,43.17%,74.35%,-0.135988,2026-08-21
ASTS,68.65,2026-08-28,6,Call,80.00,-16.53%,0.4,0.42,0.43,3509,2043,1.72,80.52%,92.65%,0.110541,2026-08-21
MSTR,119.25,2026-08-28,6,Call,122.00,-2.31%,4.2,4.3,4.4,17069,9941,1.72,78.64%,89.81%,0.446195,2026-08-21
TTD,13.18,2026-08-28,6,Call,14.00,-6.22%,0.1,0.1,0.11,4798,2809,1.71,55.59%,54.85%,0.207592,2026-08-21
MRNA,145.13,2026-08-28,6,Call,150.00,-3.36%,8,8.25,8.25,6410,3759,1.71,96.93%,137.23%,0.461655,2026-08-21
TSLA,362.86,2026-08-28,6,Call,375.00,-3.35%,3.85,3.9,4,9672,5646,1.71,41.47%,45.61%,0.300345,2026-08-21
SNOW,332.78,2026-08-28,6,Call,327.50,+1.59%,10.9,11.25,12.65,510,298,1.71,71.21%,51.94%,0.611201,2026-08-21
AAOI,124.82,2026-08-28,6,Call,135.00,-8.16%,3.1,3.27,3.6,577,337,1.71,103.07%,110.31%,0.315795,2026-08-21
AVGO,368.45,2026-08-28,6,Call,397.50,-7.88%,1.02,1.1,1.15,578,338,1.71,51.15%,46.12%,0.106399,2026-08-21
TSLA,362.86,2026-08-31,9,Call,390.00,-7.48%,1.97,2,2.06,602,352,1.71,41.47%,43.83%,0.158461,2026-08-21
CBRS,196.13,2026-08-28,6,Call,210.00,-7.07%,4.4,4.7,5,654,382,1.71,90.25%,97.59%,0.316021,2026-08-21
TSLA,362.86,2026-10-02,41,Put,300.00,-17.32%,2.3,2.35,2.39,673,393,1.71,41.47%,45.13%,-0.087134,2026-08-21
APTV,48.28,2026-09-18,27,Call,57.50,-19.10%,0.15,0.31,0.35,702,411,1.71,42.83%,46.07%,0.093065,2026-08-21
UPST,30.3,2026-08-28,6,Call,30.00,+0.99%,1.07,1.11,1.21,1001,587,1.71,62.70%,63.12%,0.567814,2026-08-21
COIN,186.49,2026-11-20,90,Put,190.00,+1.88%,26.9,28.8,29.5,1027,601,1.71,70.19%,73.64%,-0.440438,2026-08-21
SPCX,136.97,2026-08-28,6,Call,149.00,-8.78%,1.05,1.03,1.09,1568,915,1.71,59.18%,66.89%,0.175691,2026-08-21
RPD,11.85,2026-11-20,90,Call,12.00,-1.27%,1.55,2,2.15,500,294,1.7,82.58%,79.99%,0.575666,2026-08-21
MRVL,237.04,2026-08-28,6,Put,235.00,-0.86%,11.85,12.2,12.6,536,315,1.7,80.14%,110.11%,-0.44623,2026-08-21
AVGO,368.45,2026-08-24,2,Put,370.00,+0.42%,3.85,5.14,4.6,793,467,1.7,51.15%,31.41%,-0.564988,2026-08-21
V,371.04,2026-08-28,6,Call,370.00,+0.28%,4.4,4.65,4.9,888,521,1.7,20.08%,21.18%,0.553462,2026-08-21
TMC,4.79,2027-02-19,181,Call,8.00,-67.01%,0.6,0.72,0.81,894,526,1.7,101.43%,108.55%,0.396257,2026-08-21
SMR,9.4,2026-09-04,13,Call,10.50,-11.70%,0.2,0.23,0.26,524,310,1.69,82.30%,84.28%,0.271538,2026-08-21
CLSK,11.98,2026-09-04,13,Call,13.00,-8.51%,0.39,0.45,0.55,605,359,1.69,86.18%,94.07%,0.357826,2026-08-21
SOUN,7.32,2026-08-28,6,Put,7.00,-4.37%,0.11,0.11,0.12,2725,1613,1.69,69.23%,66.51%,-0.283324,2026-08-21
NVDA,214.72,2026-12-18,118,Put,230.00,+7.12%,26.45,26.5,26.95,5015,2989,1.68,40.60%,38.68%,-0.569479,2026-08-21
RGTI,17.91,2026-08-28,6,Call,17.00,+5.08%,1.21,1.27,1.33,875,521,1.68,81.31%,80.51%,0.713159,2026-08-21
NBIS,219.13,2026-08-28,6,Put,195.00,-11.01%,2.34,2.38,2.45,956,570,1.68,91.90%,97.17%,-0.157895,2026-08-21
PBF,73.53,2026-09-18,27,Call,75.00,-2.00%,4.7,4.94,5.3,1213,721,1.68,71.62%,70.35%,0.499647,2026-08-21
MSTR,119.25,2026-08-28,6,Call,185.00,-55.14%,0.09,0.1,0.12,1704,1012,1.68,78.64%,148.99%,0.013909,2026-08-21
CRWV,87.85,2026-08-28,6,Put,80.00,-8.94%,0.85,0.86,0.88,2686,1595,1.68,76.96%,81.07%,-0.169096,2026-08-21
F,14.41,2026-09-25,34,Call,15.50,-7.56%,0.17,0.22,0.23,778,466,1.67,32.46%,32.67%,0.246011,2026-08-21
FCX,76.66,2026-08-28,6,Call,81.00,-5.66%,0.78,0.78,0.94,1003,599,1.67,52.80%,60.28%,0.252063,2026-08-21
NFLX,79.59,2027-01-15,146,Put,49.00,-38.43%,0.16,0.23,0.29,1011,604,1.67,32.12%,43.24%,-0.024849,2026-08-21
SPCX,136.97,2026-08-28,6,Call,180.00,-31.42%,0.07,0.11,0.08,3067,1832,1.67,59.18%,93.60%,0.013513,2026-08-21
ANET,188.65,2026-11-20,90,Put,170.00,-9.89%,10.8,11.2,11.5,866,522,1.66,49.98%,55.54%,-0.293409,2026-08-21
TSLA,362.86,2026-09-04,13,Put,340.00,-6.30%,3.35,3.4,3.45,1268,765,1.66,41.47%,43.40%,-0.197771,2026-08-21
SPCX,136.97,2026-09-25,34,Put,135.00,-1.44%,8.6,8.75,8.8,1477,888,1.66,59.18%,59.62%,-0.426412,2026-08-21
FCX,76.66,2026-08-28,6,Call,75.00,+2.17%,3.1,3.3,3.25,1786,1074,1.66,52.80%,57.42%,0.633213,2026-08-21
CVNA,69.91,2026-08-28,6,Put,68.00,-2.73%,1.23,1.28,1.29,1995,1202,1.66,57.21%,59.31%,-0.341244,2026-08-21
MRNA,145.13,2026-09-18,27,Call,150.00,-3.36%,12.8,13.63,14.1,2784,1681,1.66,96.93%,97.75%,0.507523,2026-08-21
RIVN,16.97,2026-09-04,13,Call,17.00,-0.18%,0.7,0.74,0.78,3843,2313,1.66,57.79%,58.25%,0.5202,2026-08-21
AMZN,258.63,2026-08-28,6,Call,262.50,-1.50%,2.33,2.35,2.41,8772,5283,1.66,29.19%,29.67%,0.360981,2026-08-21
TSLA,362.86,2026-09-18,27,Call,365.00,-0.59%,15.6,15.81,16,4182,2535,1.65,41.47%,41.55%,0.511255,2026-08-21
META,549.9,2026-08-24,2,Put,525.00,-4.53%,0.12,0.12,0.15,587,356,1.65,34.97%,32.65%,-0.02644,2026-08-21
CGC,1.05,2026-09-25,34,Call,1.0000,+4.76%,0.11,0.11,0.15,697,423,1.65,83.18%,81.32%,0.631049,2026-08-21
BX,143.38,2026-08-28,6,Call,145.00,-1.13%,1.92,2.1,2.15,940,568,1.65,36.56%,37.52%,0.417384,2026-08-21
BMNR,22.83,2026-09-18,27,Put,22.00,-3.64%,1.45,1.49,1.53,588,359,1.64,80.20%,78.27%,-0.385786,2026-08-21
SHEL,93.33,2026-12-18,118,Put,92.50,-0.89%,4.4,4.55,4.6,737,450,1.64,22.61%,23.81%,-0.439356,2026-08-21
SNDK,1596.08,2026-08-28,6,Put,"1,600.00",+0.25%,66.1,66.4,70,761,463,1.64,77.80%,81.42%,-0.486734,2026-08-21
COIN,186.49,2026-10-16,55,Put,175.00,-6.16%,13.45,13.75,14.05,1035,633,1.64,70.19%,69.35%,-0.349171,2026-08-21
TSLA,362.86,2027-03-19,209,Call,520.00,-43.31%,15.35,15.76,15.85,1098,671,1.64,41.47%,49.03%,0.234923,2026-08-21
PATH,16.39,2026-08-28,6,Call,16.00,+2.38%,0.75,0.83,0.85,1477,899,1.64,88.29%,69.88%,0.625634,2026-08-21
TEM,72.69,2026-08-28,6,Call,75.00,-3.18%,2.41,2.52,2.5,2016,1231,1.64,79.54%,91.98%,0.420229,2026-08-21
AMTX,2.07,2028-01-21,517,Call,2.5000,-20.77%,0.85,0.92,1.4,2880,1751,1.64,91.57%,133.15%,0.760982,2026-08-21
TMC,4.79,2026-11-20,90,Call,6.00,-25.26%,0.65,0.67,0.71,5324,3246,1.64,101.43%,111.62%,0.45535,2026-08-21
GGAL,41.45,2027-01-15,146,Put,35.00,-15.56%,1.55,2.17,2.85,7276,4427,1.64,45.29%,49.86%,-0.240785,2026-08-21
ASTS,68.65,2026-08-28,6,Call,70.00,-1.97%,2.25,2.36,2.4,3561,2181,1.63,80.52%,82.78%,0.450328,2026-08-21
TSLA,362.86,2026-08-28,6,Call,355.00,+2.17%,12.65,12.8,12.95,6051,3701,1.63,41.47%,44.33%,0.664311,2026-08-21
CORZ,17.81,2026-09-04,13,Call,21.00,-17.91%,0.11,0.19,0.28,6251,3828,1.63,76.90%,78.52%,0.151716,2026-08-21
BABA,119.34,2026-08-28,6,Call,130.00,-8.93%,0.38,0.4,0.41,10665,6523,1.63,41.03%,52.11%,0.106203,2026-08-21
TSLA,362.86,2026-08-28,6,Call,350.00,+3.54%,16,16.5,16.85,12784,7863,1.63,41.47%,45.59%,0.744382,2026-08-21
HUT,80.86,2026-08-28,6,Call,92.00,-13.78%,0.76,1.02,1.45,511,314,1.63,99.62%,106.86%,0.192332,2026-08-21
LLY,1255.4,2026-12-18,118,Put,"1,200.00",-4.41%,66.2,70.3,75.85,528,323,1.63,31.99%,36.47%,-0.358559,2026-08-21
AMZN,258.63,2026-08-26,4,Call,267.50,-3.43%,0.52,0.6,0.6,586,361,1.62,29.19%,29.16%,0.140854,2026-08-21
SLS,15.46,2026-08-28,6,Call,25.00,-61.71%,0.15,0.29,0.45,596,369,1.62,175.42%,281.61%,0.125274,2026-08-21
ASTS,68.65,2026-09-04,13,Call,80.00,-16.53%,1.1,1.17,1.23,1087,672,1.62,80.52%,86.97%,0.199797,2026-08-21
ABNB,187.3,2026-08-28,6,Put,185.00,-1.23%,1.72,1.88,2.16,1376,851,1.62,29.74%,31.39%,-0.367039,2026-08-21
QBTS,20.39,2026-08-28,6,Call,22.00,-7.90%,0.33,0.35,0.38,1550,958,1.62,80.07%,87.46%,0.268787,2026-08-21
AAPL,309.35,2026-08-28,6,Call,322.50,-4.25%,0.51,0.56,0.56,6069,3736,1.62,24.73%,25.77%,0.109885,2026-08-21
TSLA,362.86,2026-09-04,13,Call,400.00,-10.24%,2.11,2.15,2.18,4509,2803,1.61,41.47%,45.43%,0.140343,2026-08-21
WM,224.06,2026-09-18,27,Put,230.00,+2.65%,7.8,7.55,8.9,557,345,1.61,19.03%,20.40%,-0.665963,2026-08-21
LYFT,17.47,2026-08-28,6,Put,17.50,+0.17%,0.36,0.42,0.52,565,351,1.61,42.22%,48.05%,-0.495751,2026-08-21
TSM,418.95,2026-08-28,6,Put,420.00,+0.25%,7.55,7.83,8.1,648,402,1.61,34.56%,34.41%,-0.510407,2026-08-21
NBIS,219.13,2026-08-28,6,Put,190.00,-13.29%,1.58,1.62,1.66,1527,947,1.61,91.90%,97.94%,-0.114456,2026-08-21
INSW,99.52,2026-09-18,27,Call,105.00,-5.51%,0.75,1.5,2.45,2425,1508,1.61,54.28%,36.20%,0.279172,2026-08-21
TSLA,362.86,2026-09-11,20,Call,430.00,-18.50%,1.16,1.23,1.21,578,362,1.6,41.47%,46.86%,0.070151,2026-08-21
USAR,19.26,2026-08-28,6,Put,19.00,-1.35%,0.73,0.82,0.83,585,365,1.6,88.89%,92.95%,-0.429447,2026-08-21
MSTR,119.25,2026-09-25,34,Call,125.00,-4.82%,8.8,9.4,9.6,711,445,1.6,78.64%,78.80%,0.475599,2026-08-21
AMZN,258.63,2026-09-11,20,Call,260.00,-0.53%,6.4,6.72,6.7,852,534,1.6,29.19%,28.81%,0.493963,2026-08-21
RZLT,5.09,2026-09-18,27,Call,5.00,+1.77%,0.55,0.68,0.9,898,561,1.6,131.01%,123.52%,0.590594,2026-08-21
HOOD,108.13,2026-08-28,6,Put,93.00,-13.99%,0.1,0.24,0.49,998,624,1.6,65.70%,78.60%,-0.060363,2026-08-21
ARM,243.32,2028-01-21,517,Call,260.00,-6.86%,81.8,83.47,84.05,1006,630,1.6,67.87%,74.79%,0.668265,2026-08-21
MRNA,145.13,2026-11-20,90,Put,160.00,+10.25%,34.7,34.5,37.5,1617,1013,1.6,96.93%,96.62%,-0.480518,2026-08-21
PDD,88.38,2026-08-28,6,Call,95.00,-7.49%,1.09,1.14,1.2,1919,1199,1.6,43.17%,74.44%,0.241059,2026-08-21
NFLX,79.59,2026-08-28,6,Put,78.00,-2.00%,0.61,0.62,0.63,3472,2168,1.6,32.12%,31.60%,-0.297652,2026-08-21
MU,966.78,2026-08-28,6,Call,"1,050.00",-8.61%,7.25,7.45,7.6,3588,2246,1.6,63.67%,65.68%,0.175764,2026-08-21
CRCL,87.98,2026-08-28,6,Call,100.00,-13.66%,0.93,1,1.04,4494,2802,1.6,83.19%,99.09%,0.173629,2026-08-21
GOOG,341.75,2026-09-18,27,Put,400.00,+17.04%,56.25,57.52,59.9,654,412,1.59,28.59%,30.10%,-0.989358,2026-08-21
MU,966.78,2026-08-24,2,Call,"1,040.00",-7.57%,0.4,0.42,0.48,747,469,1.59,63.67%,52.07%,0.03077,2026-08-21
PG,144.68,2026-08-28,6,Put,142.00,-1.85%,0.43,0.48,0.8,765,481,1.59,19.32%,22.07%,-0.248649,2026-08-21
TROW,111.51,2026-09-18,27,Call,110.00,+1.35%,3.1,3.58,3.8,868,545,1.59,23.76%,22.26%,0.59619,2026-08-21
GME,18.21,2026-08-28,6,Put,18.50,+1.59%,0.39,0.48,0.5,975,615,1.59,47.44%,28.43%,-0.667395,2026-08-21
APLD,27.21,2026-09-18,27,Call,28.00,-2.90%,2.15,2.18,2.7,1083,681,1.59,88.21%,92.79%,0.509329,2026-08-21
IONQ,44.86,2026-08-28,6,Call,45.00,-0.31%,1.84,1.96,2.08,1238,781,1.59,80.28%,87.80%,0.513522,2026-08-21
F,14.41,2026-08-28,6,Put,14.50,+0.62%,0.27,0.28,0.29,1357,853,1.59,32.46%,31.36%,-0.553971,2026-08-21
DVN,49.1,2026-08-28,6,Call,50.00,-1.83%,0.46,0.49,0.59,1966,1239,1.59,33.49%,35.58%,0.354957,2026-08-21
KO,91.1,2027-06-17,299,Put,90.00,-1.21%,5.55,6,6.25,532,336,1.58,17.94%,21.57%,-0.412588,2026-08-21
UBER,78.8,2026-09-25,34,Call,80.00,-1.52%,2.8,2.88,4.05,622,393,1.58,34.71%,40.12%,0.486441,2026-08-21
PRGO,14.25,2026-09-18,27,Call,15.00,-5.26%,0.25,0.25,0.3,672,425,1.58,48.68%,37.13%,0.312792,2026-08-21
KULR,2.56,2026-09-18,27,Call,3.00,-17.19%,0.1,0.15,0.25,1041,657,1.58,112.55%,116.70%,0.369706,2026-08-21
MSFT,483.24,2026-10-16,55,Call,515.00,-6.57%,8.75,9.45,9.7,1150,727,1.58,26.16%,26.89%,0.302945,2026-08-21
JPM,351.58,2026-08-28,6,Put,345.00,-1.87%,1.25,1.37,1.53,1163,734,1.58,21.17%,21.57%,-0.239621,2026-08-21
NEM,131.58,2026-09-18,27,Put,125.00,-5.00%,3.1,3.41,3.65,1190,751,1.58,46.14%,44.60%,-0.308965,2026-08-21
BMNR,22.83,2026-09-04,13,Call,25.00,-9.51%,0.7,0.75,0.77,1470,928,1.58,80.20%,87.95%,0.3239,2026-08-21
WMT,103.7,2026-08-28,6,Call,107.00,-3.18%,0.29,0.31,0.31,1876,1189,1.58,22.58%,24.96%,0.171258,2026-08-21
AMZN,258.63,2026-08-28,6,Call,267.50,-3.43%,1.05,1.1,1.1,2678,1696,1.58,29.19%,29.84%,0.198548,2026-08-21
NVDA,214.72,2026-08-31,9,Call,235.00,-9.44%,1.25,1.26,1.31,3968,2511,1.58,40.60%,52.15%,0.146466,2026-08-21
TSLA,362.86,2026-08-28,6,Call,352.50,+2.86%,14.25,14.37,15.05,4198,2660,1.58,41.47%,45.49%,0.704055,2026-08-21
MRNA,145.13,2026-08-28,6,Put,100.00,-31.10%,0.28,0.3,0.35,8275,5237,1.58,96.93%,158.21%,-0.02617,2026-08-21
SPCX,136.97,2026-08-28,6,Call,150.00,-9.51%,0.94,0.94,0.95,17140,10881,1.58,59.18%,67.37%,0.15815,2026-08-21
NOW,128.48,2026-08-28,6,Call,129.00,-0.40%,3.6,3.8,3.9,507,322,1.57,53.09%,60.29%,0.497648,2026-08-21
MET,94.34,2026-11-20,90,Call,100.00,-6.00%,2.35,2.55,2.7,783,500,1.57,22.55%,24.65%,0.347186,2026-08-21
RYN,21.2,2027-02-19,181,Put,32.50,+53.30%,10.4,11.8,12.9,822,523,1.57,25.41%,48.04%,-0.85879,2026-08-21
NUAI,4.86,2026-09-18,27,Put,5.00,+2.88%,0.8,0.89,0.95,929,592,1.57,161.03%,152.13%,-0.44409,2026-08-21
INTC,90.07,2026-08-28,6,Put,82.00,-8.96%,0.45,0.47,0.49,937,598,1.57,60.87%,65.39%,-0.121584,2026-08-21
RGTI,17.91,2026-08-28,6,Put,18.00,+0.50%,0.78,0.8,0.85,951,604,1.57,81.31%,84.35%,-0.495171,2026-08-21
MSTR,119.25,2026-11-20,90,Put,120.00,+0.63%,18.35,19.09,19.15,1210,772,1.57,78.64%,80.44%,-0.420397,2026-08-21
RDDT,153.29,2026-08-28,6,Call,160.00,-4.38%,1.9,2,2.05,1321,840,1.57,56.71%,56.65%,0.292727,2026-08-21
MRVL,237.04,2026-08-28,6,Call,270.00,-13.90%,3.7,3.85,3.95,1691,1075,1.57,80.14%,114.32%,0.208645,2026-08-21
MRK,152.55,2026-10-16,55,Put,140.00,-8.23%,2.02,2.24,2.41,602,385,1.56,29.08%,30.07%,-0.208126,2026-08-21
META,549.9,2026-11-20,90,Call,540.00,+1.80%,52.2,53.1,53.9,603,387,1.56,34.97%,42.39%,0.591255,2026-08-21
INTC,90.07,2027-02-19,181,Put,97.50,+8.25%,20.2,20.32,20.8,624,399,1.56,60.87%,66.90%,-0.464073,2026-08-21
SNDK,1596.08,2026-08-28,6,Put,"1,550.00",-2.89%,41.1,43.56,43.4,632,406,1.56,77.80%,78.29%,-0.364243,2026-08-21
TGT,165.44,2026-08-28,6,Call,165.00,+0.27%,2.7,2.7,2.93,803,516,1.56,28.92%,30.50%,0.536209,2026-08-21
CBRS,196.13,2026-09-18,27,Call,250.00,-27.47%,5.6,6,6,1243,796,1.56,90.25%,97.48%,0.219816,2026-08-21
GSM,4.08,2026-12-18,118,Put,4.00,-1.96%,0.35,0.5,0.8,1500,964,1.56,64.03%,69.31%,-0.395558,2026-08-21
AVGO,368.45,2026-08-31,9,Call,400.00,-8.56%,1.27,1.29,1.29,2300,1474,1.56,51.15%,41.63%,0.112519,2026-08-21
BMNR,22.83,2026-08-28,6,Call,25.00,-9.51%,0.38,0.4,0.41,7568,4861,1.56,80.20%,95.84%,0.250462,2026-08-21
SPCX,136.97,2026-10-16,55,Call,135.00,+1.44%,13.8,13.98,14.15,6275,4040,1.55,59.18%,59.98%,0.580299,2026-08-21
PCG,17.6,2026-10-16,55,Call,20.00,-13.64%,0.53,0.56,0.62,39084,25264,1.55,56.62%,50.09%,0.29397,2026-08-21
NIO,4.63,2028-01-21,517,Put,12.00,+159.18%,7.15,7.41,7.45,500,323,1.55,61.09%,65.40%,-0.878184,2026-08-21
IONQ,44.86,2026-08-28,6,Put,42.00,-6.38%,0.71,0.81,0.94,521,336,1.55,80.28%,87.17%,-0.257822,2026-08-21
AAOI,124.82,2026-09-18,27,Call,165.00,-32.19%,3.4,3.9,4,634,409,1.55,103.07%,106.02%,0.207701,2026-08-21
MRNA,145.13,2026-09-18,27,Call,180.00,-24.03%,4.55,6.5,6.8,685,442,1.55,96.93%,101.99%,0.265017,2026-08-21
IMXI,14.12,2026-12-18,118,Put,13.00,-7.93%,0.95,1.07,1.15,700,452,1.55,58.35%,52.59%,-0.323234,2026-08-21
C,131.65,2026-11-20,90,Put,140.00,+6.34%,12.05,12.75,13,828,535,1.55,28.76%,30.15%,-0.623791,2026-08-21
BABA,119.34,2026-08-28,6,Put,116.00,-2.80%,1.25,1.29,1.43,943,607,1.55,41.03%,44.68%,-0.299696,2026-08-21
AVGO,368.45,2026-08-24,2,Call,385.00,-4.49%,0.1,0.16,0.18,1082,697,1.55,51.15%,33.26%,0.03873,2026-08-21
TSLA,362.86,2026-08-28,6,Call,405.00,-11.61%,0.55,0.56,0.57,1229,795,1.55,41.47%,52.36%,0.055446,2026-08-21
BABA,119.34,2026-10-16,55,Call,125.00,-4.74%,5.9,6,6.2,2931,1895,1.55,41.03%,45.48%,0.429981,2026-08-21
GM,87.93,2026-08-28,6,Call,87.00,+1.06%,1.8,1.99,2.2,578,376,1.54,31.25%,32.74%,0.612227,2026-08-21
GOOG,341.75,2026-08-28,6,Put,332.50,-2.71%,1.53,1.6,1.86,868,563,1.54,28.59%,29.43%,-0.223867,2026-08-21
EXK,10.62,2027-02-19,181,Call,10.00,+5.84%,2.5,2.6,2.7,1043,679,1.54,72.76%,76.52%,0.661948,2026-08-21
AVGO,368.45,2026-08-28,6,Call,365.00,+0.94%,10,9.85,10.95,1246,810,1.54,51.15%,45.55%,0.578622,2026-08-21
BABA,119.34,2026-09-04,13,Call,130.00,-8.93%,1,1.05,1.14,1465,950,1.54,41.03%,48.44%,0.186673,2026-08-21
CRML,7.11,2026-08-28,6,Call,7.50,-5.49%,0.2,0.25,0.3,1576,1021,1.54,102.63%,111.11%,0.382273,2026-08-21
AMZN,258.63,2026-09-11,20,Call,275.00,-6.33%,1.8,1.85,1.93,1685,1093,1.54,29.19%,28.79%,0.198301,2026-08-21
GLXY,23.64,2026-09-18,27,Put,25.00,+5.75%,2.92,2.99,3.1,1688,1099,1.54,85.14%,87.50%,-0.543094,2026-08-21
BTG,5.52,2026-09-18,27,Call,5.00,+9.42%,0.55,0.75,0.7,2590,1681,1.54,46.78%,50.54%,0.787416,2026-08-21
GME,18.21,2026-08-28,6,Call,19.00,-4.34%,0.1,0.11,0.11,6707,4346,1.54,47.44%,39.77%,0.205857,2026-08-21
OPEN,3.53,2026-08-28,6,Call,3.50,+0.85%,0.13,0.13,0.14,9237,5985,1.54,73.81%,65.82%,0.559783,2026-08-21
VG,14.21,2026-10-16,55,Call,17.50,-23.15%,0.4,0.45,0.5,9518,6174,1.54,63.86%,63.89%,0.242901,2026-08-21
UEC,12.76,2026-09-18,27,Call,14.00,-9.72%,0.46,0.51,0.51,3847,2510,1.53,69.82%,67.05%,0.343559,2026-08-21
CSCO,111.04,2026-09-04,13,Call,116.00,-4.47%,0.79,1.03,1.09,508,333,1.53,29.46%,31.70%,0.245593,2026-08-21
WFC,83.84,2026-08-28,6,Call,85.00,-1.38%,0.47,0.54,0.59,940,614,1.53,23.54%,23.12%,0.329665,2026-08-21
GOOGL,344.82,2026-09-04,13,Call,340.00,+1.40%,9.95,10,10.85,1098,718,1.53,28.86%,29.11%,0.620003,2026-08-21
OXY,61.3,2026-11-20,90,Call,72.50,-18.27%,0.95,1.08,1.2,1124,733,1.53,31.69%,34.92%,0.19679,2026-08-21
AMD,473.25,2027-12-17,482,Call,510.00,-7.77%,122,124.66,129.8,1265,828,1.53,52.97%,60.92%,0.625432,2026-08-21
IVVD,0.9965,2026-10-16,55,Call,1.5000,-50.53%,0.1,0.15,0.2,1900,1243,1.53,215.40%,183.78%,0.417282,2026-08-21
OPEN,3.53,2026-09-11,20,Call,3.50,+0.85%,0.23,0.24,0.26,1904,1243,1.53,73.81%,69.01%,0.55801,2026-08-21
TE,4.42,2026-09-04,13,Call,4.50,-1.81%,0.3,0.36,0.35,660,433,1.52,107.78%,107.73%,0.507889,2026-08-21
FCEL,19.54,2026-08-28,6,Call,20.00,-2.35%,0.9,0.95,1.1,840,551,1.52,117.83%,119.91%,0.471845,2026-08-21
B,47.6,2026-12-18,118,Put,42.00,-11.76%,2.13,2.34,2.77,917,603,1.52,46.07%,48.05%,-0.267173,2026-08-21
BABA,119.34,2026-08-28,6,Put,121.00,+1.39%,3.5,3.67,3.85,1022,674,1.52,41.03%,45.08%,-0.58277,2026-08-21
QBTS,20.39,2026-10-16,55,Call,29.00,-42.23%,0.45,0.7,0.7,1209,798,1.52,80.07%,83.84%,0.183388,2026-08-21
LYFT,17.47,2026-08-28,6,Put,17.00,-2.69%,0.15,0.2,0.23,1505,991,1.52,42.22%,43.45%,-0.299164,2026-08-21
GOOG,341.75,2026-08-28,6,Call,355.00,-3.88%,1.07,1.11,1.18,2063,1361,1.52,28.59%,29.58%,0.166159,2026-08-21
KMI,30.98,2026-09-18,27,Put,31.00,+0.06%,0.69,0.72,0.8,3933,2587,1.52,23.69%,21.87%,-0.491984,2026-08-21
NVDA,214.72,2026-08-28,6,Put,202.50,-5.69%,1.91,1.91,1.95,6400,4213,1.52,40.60%,58.63%,-0.205127,2026-08-21
VRT,261.95,2026-08-28,6,Call,290.00,-10.71%,0.87,1.1,1.4,715,473,1.51,56.44%,63.23%,0.113668,2026-08-21
NFLX,79.59,2026-09-18,27,Put,100.00,+25.64%,19.85,20.41,21.65,755,500,1.51,32.12%,58.89%,-0.915971,2026-08-21
AAOI,124.82,2026-08-28,6,Put,110.00,-11.87%,1.35,1.54,1.7,766,508,1.51,103.07%,106.66%,-0.159463,2026-08-21
QBTS,20.39,2026-08-28,6,Call,20.00,+1.91%,1.03,1.11,1.14,775,513,1.51,80.07%,84.23%,0.594208,2026-08-21
BE,201.45,2026-09-18,27,Put,165.00,-18.09%,4.5,4.75,4.6,1606,1061,1.51,85.76%,86.00%,-0.1634,2026-08-21
MBLY,9.03,2026-11-20,90,Call,12.00,-32.89%,0.21,0.39,0.43,2502,1662,1.51,54.93%,61.83%,0.229115,2026-08-21
TFPM,33.79,2026-09-18,27,Call,35.00,-3.58%,1.1,1.2,1.35,510,339,1.5,47.32%,46.55%,0.421528,2026-08-21
META,549.9,2026-08-28,6,Put,480.00,-12.71%,0.1,0.12,0.15,641,426,1.5,34.97%,46.95%,-0.010828,2026-08-21
UEC,12.76,2026-09-04,13,Call,12.00,+5.96%,1.04,1.1,1.15,952,633,1.5,69.82%,68.04%,0.709726,2026-08-21
HOOD,108.13,2026-09-04,13,Call,115.00,-6.35%,3.3,3.37,3.5,999,664,1.5,65.70%,73.81%,0.358176,2026-08-21
MRVL,237.04,2026-08-28,6,Put,230.00,-2.97%,9.55,9.77,9.95,1008,674,1.5,80.14%,109.12%,-0.386296,2026-08-21
GOOG,341.75,2026-08-28,6,Call,352.50,-3.15%,1.4,1.44,1.69,1160,772,1.5,28.59%,29.34%,0.214778,2026-08-21
MSTR,119.25,2026-09-11,20,Call,120.00,-0.63%,8.2,8.58,8.9,1442,963,1.5,78.64%,79.00%,0.527627,2026-08-21
INTC,90.07,2026-08-26,4,Call,100.00,-11.02%,0.17,0.17,0.19,2147,1432,1.5,60.87%,65.34%,0.068118,2026-08-21
COIN,186.49,2026-10-16,55,Call,230.00,-23.33%,7.85,7.85,8.75,3376,2251,1.5,70.19%,74.09%,0.285711,2026-08-21
WULF,15.64,2026-11-20,90,Call,25.00,-59.85%,0.67,0.71,0.89,15076,10141,1.49,90.17%,101.95%,0.215055,2026-08-21
CLSK,11.98,2026-10-16,55,Call,20.00,-66.94%,0.16,0.2,0.25,532,357,1.49,86.18%,93.54%,0.112278,2026-08-21
NOW,128.48,2026-08-28,6,Put,122.00,-5.04%,1.13,1.34,1.48,542,363,1.49,53.09%,57.66%,-0.228364,2026-08-21
TSLA,362.86,2026-08-28,6,Put,380.00,+4.72%,19.3,19.66,20.45,633,425,1.49,41.47%,47.17%,-0.766934,2026-08-21
NEM,131.58,2026-09-18,27,Put,130.00,-1.20%,5.1,5.45,5.85,651,436,1.49,46.14%,44.79%,-0.430826,2026-08-21
TSLA,362.86,2026-09-04,13,Call,430.00,-18.50%,0.64,0.72,0.68,681,458,1.49,41.47%,51.71%,0.0467,2026-08-21
MRK,152.55,2026-09-18,27,Put,140.00,-8.23%,0.85,0.93,1.05,728,490,1.49,29.08%,30.81%,-0.140371,2026-08-21
NBIS,219.13,2026-08-28,6,Call,237.50,-8.38%,4.25,4.32,4.5,774,518,1.49,91.90%,96.13%,0.278679,2026-08-21
CSCO,111.04,2026-08-28,6,Call,111.00,+0.04%,1.67,1.8,1.95,853,574,1.49,29.46%,31.19%,0.514932,2026-08-21
ASST,18.22,2026-08-28,6,Call,16.50,+9.44%,1.96,2.05,2.29,1137,764,1.49,105.64%,117.25%,0.770002,2026-08-21
JNJ,270.24,2027-03-19,209,Call,185.00,+31.54%,86.7,88.3,89.1,1250,837,1.49,22.64%,33.58%,0.941635,2026-08-21
RIOT,19.83,2026-08-28,6,Call,21.00,-5.90%,0.51,0.53,0.53,2746,1839,1.49,90.87%,95.24%,0.343254,2026-08-21
TMC,4.79,2026-09-18,27,Call,6.00,-25.26%,0.17,0.25,0.23,2804,1888,1.49,101.43%,107.47%,0.269163,2026-08-21
HOOD,108.13,2026-08-28,6,Put,94.00,-13.07%,0.29,0.36,0.42,507,343,1.48,65.70%,77.49%,-0.071498,2026-08-21
HOOD,108.13,2026-09-25,34,Call,125.00,-15.60%,3.35,3.2,3.65,583,395,1.48,65.70%,67.66%,0.280238,2026-08-21
MU,966.78,2026-08-24,2,Put,890.00,-7.94%,0.25,0.3,0.35,622,419,1.48,63.67%,55.27%,-0.020317,2026-08-21
MANU,23.75,2026-09-18,27,Call,34.00,-43.16%,0,0.2,0.25,689,467,1.48,38.98%,79.44%,0.061074,2026-08-21
AZN,165.98,2026-10-16,55,Call,165.00,+0.59%,8.1,8.6,8.9,726,490,1.48,28.03%,32.02%,0.535758,2026-08-21
TSLA,362.86,2026-08-26,4,Put,330.00,-9.06%,0.28,0.29,0.31,872,591,1.48,41.47%,51.70%,-0.036908,2026-08-21
RXT,3.32,2026-08-28,6,Call,3.50,-5.42%,0.05,0.12,0.15,972,658,1.48,116.12%,100.31%,0.366302,2026-08-21
FCX,76.66,2026-10-16,55,Put,70.00,-8.69%,3,3.16,3.35,1297,878,1.48,52.80%,53.26%,-0.287109,2026-08-21
BMNR,22.83,2026-08-28,6,Call,27.00,-18.27%,0.17,0.17,0.2,1947,1320,1.48,80.20%,107.24%,0.12562,2026-08-21
IREN,41.88,2026-08-28,6,Call,42.00,-0.29%,2.74,2.85,2.9,2363,1600,1.48,102.37%,133.87%,0.528945,2026-08-21
NBIS,219.13,2026-08-28,6,Call,250.00,-14.09%,2.2,2.25,2.25,4121,2792,1.48,91.90%,97.67%,0.162274,2026-08-21
NVDA,214.72,2026-08-28,6,Put,207.50,-3.36%,3.3,3.4,3.4,3453,2344,1.47,40.60%,58.84%,-0.309515,2026-08-21
AMZN,258.63,2026-08-28,6,Put,255.00,-1.40%,2.24,2.27,2.38,3774,2574,1.47,29.19%,29.76%,-0.343521,2026-08-21
SOUN,7.32,2026-08-28,6,Call,7.50,-2.46%,0.17,0.17,0.19,5023,3411,1.47,69.23%,68.21%,0.410098,2026-08-21
CAPR,6.29,2026-09-18,27,Call,10.00,-58.98%,1.6,1.6,1.75,6471,4393,1.47,337.31%,383.90%,0.532083,2026-08-21
GOOGL,344.82,2026-08-28,6,Call,345.00,-0.05%,5,5.09,5.7,6520,4448,1.47,28.86%,30.31%,0.508067,2026-08-21
NBIS,219.13,2026-08-28,6,Call,227.50,-3.82%,6.85,7.2,7.6,550,373,1.47,91.90%,95.08%,0.404503,2026-08-21
ASST,18.22,2026-08-28,6,Call,17.00,+6.70%,1.57,1.59,2.02,725,493,1.47,105.64%,118.91%,0.70361,2026-08-21
RBRK,100.09,2026-08-28,6,Call,145.00,-44.87%,0.05,0.15,1.25,798,543,1.47,79.54%,180.72%,0.069258,2026-08-21
NVDA,214.72,2026-08-31,9,Call,240.00,-11.77%,0.77,0.79,0.82,1126,766,1.47,40.60%,52.75%,0.098013,2026-08-21
AEP,120.94,2026-09-18,27,Call,130.00,-7.49%,0.3,0.35,0.45,1282,871,1.47,18.97%,21.31%,0.112798,2026-08-21
MU,966.78,2026-08-28,6,Call,985.00,-1.88%,23.3,24.95,25.35,579,396,1.46,63.67%,64.92%,0.430267,2026-08-21
TSLA,362.86,2026-12-18,118,Put,365.00,+0.59%,35.6,36.5,36.1,858,588,1.46,41.47%,44.78%,-0.445412,2026-08-21
CMG,36.9,2026-08-28,6,Call,38.00,-2.98%,0.27,0.31,0.34,1152,789,1.46,35.64%,37.55%,0.283048,2026-08-21
AAPL,309.35,2026-08-28,6,Put,297.50,-3.83%,0.59,0.63,0.68,1441,990,1.46,24.73%,26.67%,-0.120209,2026-08-21
META,549.9,2026-08-28,6,Call,570.00,-3.66%,3.5,3.64,3.9,1892,1293,1.46,34.97%,37.88%,0.240674,2026-08-21
ONDS,8.71,2026-09-04,13,Call,10.00,-14.81%,0.16,0.18,0.18,5091,3499,1.45,78.18%,86.36%,0.224189,2026-08-21
LW,53.68,2027-01-15,146,Put,40.00,-25.48%,0.7,0.8,0.9,502,346,1.45,32.70%,42.09%,-0.104198,2026-08-21
RXRX,3.5,2027-01-15,146,Put,2.50,-28.57%,0.18,0.26,0.45,502,346,1.45,85.81%,97.68%,-0.191025,2026-08-21
ASTS,68.65,2026-08-28,6,Call,72.00,-4.88%,1.6,1.68,1.7,893,614,1.45,80.52%,84.04%,0.350912,2026-08-21
CRWV,87.85,2026-08-28,6,Put,87.00,-0.97%,3.05,3.18,3.2,1398,964,1.45,76.96%,79.56%,-0.439928,2026-08-21
NVDA,214.72,2026-08-28,6,Put,187.50,-12.68%,0.3,0.3,0.32,1753,1205,1.45,40.60%,63.09%,-0.0425,2026-08-21
RIOT,19.83,2026-08-28,6,Put,20.00,+0.86%,0.93,1.05,1.09,2045,1407,1.45,90.87%,91.19%,-0.504204,2026-08-21
CVNA,69.91,2026-08-28,6,Put,66.00,-5.59%,0.67,0.72,0.8,511,354,1.44,57.21%,62.14%,-0.220938,2026-08-21
POET,8.25,2026-09-18,27,Call,11.00,-33.33%,0.15,0.17,0.21,1072,742,1.44,88.57%,97.34%,0.172527,2026-08-21
BMNR,22.83,2026-08-28,6,Call,28.00,-22.65%,0.12,0.12,0.13,2054,1424,1.44,80.20%,111.40%,0.087885,2026-08-21
SMCI,37.24,2026-08-28,6,Put,33.00,-11.39%,0.23,0.23,0.27,2358,1639,1.44,76.18%,84.52%,-0.120056,2026-08-21
SOFI,18.91,2026-09-18,27,Call,19.00,-0.48%,1.01,1.02,1.03,18939,13269,1.43,50.58%,50.65%,0.521491,2026-08-21
PEP,143.48,2027-03-19,209,Put,135.00,-5.91%,6.7,6.91,7.35,574,401,1.43,22.22%,25.89%,-0.335783,2026-08-21
SSRM,37.77,2026-09-18,27,Call,40.00,-5.90%,1.5,1.7,1.7,677,475,1.43,59.82%,60.11%,0.398717,2026-08-21
SAP,218.68,2026-09-18,27,Put,200.00,-8.54%,1.6,2,2,797,558,1.43,35.10%,34.57%,-0.159359,2026-08-21
CRWV,87.85,2026-08-28,6,Call,99.00,-12.69%,0.63,0.68,0.7,812,568,1.43,76.96%,83.30%,0.144587,2026-08-21
KEEL,3.32,2028-12-15,846,Put,3.00,-9.64%,1.31,1.43,1.43,1015,712,1.43,108.92%,95.64%,-0.206084,2026-08-21
META,549.9,2026-08-24,2,Put,545.00,-0.89%,2.5,2.56,2.72,1042,729,1.43,34.97%,29.00%,-0.331809,2026-08-21
INTC,90.07,2026-09-04,13,Call,105.00,-16.58%,0.63,0.72,0.82,3200,2230,1.43,60.87%,68.19%,0.131527,2026-08-21
SPCX,136.97,2026-09-25,34,Put,132.00,-3.63%,7.15,7.25,7.35,604,424,1.42,59.18%,59.42%,-0.378331,2026-08-21
GOOG,341.75,2026-08-28,6,Call,357.50,-4.61%,0.67,0.83,0.9,1265,891,1.42,28.59%,29.58%,0.124139,2026-08-21
MARA,11.26,2026-09-11,20,Call,14.00,-24.33%,0.21,0.25,0.28,1536,1082,1.42,92.06%,95.03%,0.195144,2026-08-21
APLD,27.21,2026-08-28,6,Call,30.00,-10.25%,0.35,0.38,0.4,2243,1583,1.42,88.21%,90.67%,0.218713,2026-08-21
NBIS,219.13,2026-08-28,6,Put,220.00,+0.40%,10.7,10.99,11.6,3309,2337,1.42,91.90%,95.98%,-0.486766,2026-08-21
CRCL,87.98,2026-08-28,6,Call,91.00,-3.43%,2.56,2.93,3.05,506,359,1.41,83.19%,90.08%,0.409291,2026-08-21
GS,1039.28,2026-08-28,6,Put,955.00,-8.11%,0.37,0.72,1,524,371,1.41,32.30%,36.91%,-0.034624,2026-08-21
MRVL,237.04,2026-08-28,6,Put,205.00,-13.52%,2.28,2.31,2.42,620,443,1.4,80.14%,108.86%,-0.132608,2026-08-21
MSTR,119.25,2026-09-25,34,Call,120.00,-0.63%,11.2,11.25,11.8,698,498,1.4,78.64%,80.45%,0.544309,2026-08-21
NVDA,214.72,2026-09-04,13,Put,217.50,+1.29%,9,9.01,9.15,778,554,1.4,40.60%,47.51%,-0.535495,2026-08-21
PLTR,179.94,2026-08-28,6,Call,210.00,-16.71%,0.12,0.12,0.14,1656,1180,1.4,47.34%,60.23%,0.025351,2026-08-21
TLRY,4.84,2026-08-28,6,Call,5.00,-3.31%,0.09,0.1,0.11,2196,1572,1.4,71.70%,66.37%,0.369667,2026-08-21
MSFT,483.24,2026-08-28,6,Call,490.00,-1.40%,3.85,4.02,4.15,2807,2005,1.4,26.16%,27.21%,0.356656,2026-08-21
MARA,11.26,2026-08-28,6,Call,11.50,-2.13%,0.48,0.5,0.5,23994,17278,1.39,92.06%,103.09%,0.464539,2026-08-21
RKLB,72.57,2026-08-28,6,Call,79.00,-8.86%,0.78,0.83,0.84,604,433,1.39,74.07%,76.80%,0.209824,2026-08-21
VZ,49.45,2026-08-28,6,Call,49.50,-0.10%,0.42,0.5,0.57,787,568,1.39,22.24%,20.81%,0.48606,2026-08-21
RIG,5.92,2027-02-19,181,Put,6.00,+1.35%,0.73,0.74,0.8,1001,722,1.39,45.55%,39.56%,-0.480334,2026-08-21
TSLA,362.86,2026-08-28,6,Call,415.00,-14.37%,0.34,0.35,0.36,1034,742,1.39,41.47%,56.28%,0.034666,2026-08-21
MU,966.78,2026-08-24,2,Call,990.00,-2.40%,4.55,4.77,5.05,2041,1466,1.39,63.67%,45.87%,0.249411,2026-08-21
BMNR,22.83,2026-08-28,6,Call,26.00,-13.89%,0.24,0.26,0.28,2090,1507,1.39,80.20%,100.66%,0.173941,2026-08-21
CRWV,87.85,2026-08-28,6,Call,101.00,-14.97%,0.45,0.5,0.51,509,369,1.38,76.96%,84.40%,0.109436,2026-08-21
MRNA,145.13,2027-01-15,146,Call,150.00,-3.36%,29.9,32.34,33.6,608,439,1.38,96.93%,90.62%,0.600957,2026-08-21
AMD,473.25,2026-08-26,4,Call,500.00,-5.65%,2.19,2.38,2.42,802,582,1.38,52.97%,52.90%,0.168992,2026-08-21
SLS,15.46,2026-08-28,6,Call,14.00,+9.44%,1.9,2,2.35,831,601,1.38,175.42%,167.31%,0.716523,2026-08-21
AMZN,258.63,2026-08-28,6,Call,255.00,+1.40%,6.05,6.19,6.25,1066,772,1.38,29.19%,30.28%,0.655024,2026-08-21
META,549.9,2026-09-18,27,Call,555.00,-0.93%,18.8,19.2,19.35,1090,789,1.38,34.97%,34.94%,0.490147,2026-08-21
MARA,11.26,2026-09-04,13,Call,12.50,-11.01%,0.37,0.37,0.39,1346,973,1.38,92.06%,96.03%,0.316043,2026-08-21
TEM,72.69,2026-08-28,6,Call,80.00,-10.06%,1.08,1.14,1.25,1444,1050,1.38,79.54%,95.48%,0.236763,2026-08-21
ONDS,8.71,2026-10-16,55,Call,15.00,-72.22%,0.14,0.14,0.23,1613,1165,1.38,78.18%,102.91%,0.125681,2026-08-21
MRNA,145.13,2026-08-28,6,Call,155.00,-6.80%,6.25,6.4,6.75,2401,1735,1.38,96.93%,139.48%,0.391573,2026-08-21
HOOD,108.13,2026-10-16,55,Call,115.00,-6.35%,8.1,8.28,8.45,3050,2208,1.38,65.70%,64.70%,0.461167,2026-08-21
PLTR,179.94,2026-08-28,6,Put,160.00,-11.08%,0.25,0.25,0.26,5018,3627,1.38,47.34%,55.99%,-0.046502,2026-08-21
SOFI,18.91,2026-08-28,6,Call,20.50,-8.41%,0.09,0.1,0.1,10184,7454,1.37,50.58%,56.21%,0.140934,2026-08-21
IBM,235.68,2026-08-28,6,Put,230.00,-2.41%,1.61,1.95,2.02,543,395,1.37,33.69%,33.97%,-0.279294,2026-08-21
WMT,103.7,2026-09-11,20,Call,105.00,-1.25%,1.49,1.59,1.81,548,401,1.37,22.58%,22.35%,0.426802,2026-08-21
CSCO,111.04,2026-08-28,6,Call,114.00,-2.67%,0.64,0.75,0.82,557,407,1.37,29.46%,31.84%,0.269016,2026-08-21
RIVN,16.97,2026-10-02,41,Call,16.50,+2.77%,1.11,1.55,2.32,692,505,1.37,57.79%,64.15%,0.601618,2026-08-21
TGT,165.44,2026-09-18,27,Put,160.00,-3.29%,2.7,2.76,2.8,731,532,1.37,28.92%,28.61%,-0.316483,2026-08-21
COIN,186.49,2026-09-18,27,Call,550.00,-194.92%,0.03,0.11,0.65,733,536,1.37,70.19%,162.86%,0.013429,2026-08-21
NBIS,219.13,2026-09-04,13,Call,300.00,-36.91%,1,1.03,1.17,745,544,1.37,91.90%,102.15%,0.063471,2026-08-21
NOW,128.48,2026-08-28,6,Put,120.00,-6.60%,0.92,0.96,1,1453,1062,1.37,53.09%,59.81%,-0.174686,2026-08-21
CRWV,87.85,2026-08-28,6,Put,75.00,-14.63%,0.26,0.26,0.3,1467,1069,1.37,76.96%,84.58%,-0.064554,2026-08-21
CRML,7.11,2026-11-20,90,Put,10.00,+40.65%,3.6,3.7,3.7,2409,1760,1.37,102.63%,116.59%,-0.61613,2026-08-21
MRVI,8.64,2026-09-18,27,Call,10.00,-15.74%,0.5,0.6,0.7,2479,1808,1.37,108.94%,114.07%,0.379236,2026-08-21
NVTS,12.97,2026-08-28,6,Put,13.00,+0.23%,0.61,0.6,0.66,2537,1850,1.37,89.26%,93.94%,-0.482058,2026-08-21
F,14.41,2026-10-16,55,Call,13.00,+9.78%,1.64,1.74,1.8,2935,2141,1.37,32.46%,39.98%,0.76737,2026-08-21
BA,214.2,2026-09-11,20,Put,215.00,+0.37%,5.65,5.97,6.45,542,399,1.36,30.32%,28.17%,-0.508955,2026-08-21
USAR,19.26,2026-08-28,6,Call,19.00,+1.35%,0.99,1.09,1.15,759,557,1.36,88.89%,94.94%,0.570419,2026-08-21
HIMS,33.78,2026-08-28,6,Call,37.00,-9.53%,0.37,0.41,0.56,1002,735,1.36,75.84%,87.05%,0.225186,2026-08-21
SMR,9.4,2026-09-04,13,Put,8.50,-9.57%,0.18,0.19,0.22,1040,763,1.36,82.30%,79.84%,-0.22634,2026-08-21
SOFI,18.91,2026-09-04,13,Put,19.00,+0.48%,0.72,0.76,0.79,1046,768,1.36,50.58%,50.51%,-0.496703,2026-08-21
CIFR,15.77,2026-08-28,6,Put,18.00,+14.14%,2.32,2.53,2.71,1173,861,1.36,106.51%,121.44%,-0.779993,2026-08-21
CRWV,87.85,2027-03-19,209,Call,125.00,-42.29%,11.5,11.75,12.1,1322,974,1.36,76.96%,81.99%,0.412356,2026-08-21
TSLA,362.86,2026-09-04,13,Call,375.00,-3.35%,6.95,7.11,7.1,1479,1091,1.36,41.47%,43.10%,0.363901,2026-08-21
CRM,209.17,2026-09-18,27,Put,210.00,+0.40%,11.45,11.8,11.9,2474,1814,1.36,49.16%,50.45%,-0.47933,2026-08-21
PTLO,4.97,2028-01-21,517,Put,4.00,-19.52%,0.75,0.85,0.9,3002,2212,1.36,52.51%,65.52%,-0.236214,2026-08-21
QBTS,20.39,2026-08-28,6,Call,22.50,-10.35%,0.23,0.26,0.3,502,371,1.35,80.07%,89.04%,0.211736,2026-08-21
WMT,103.7,2026-08-28,6,Call,100.00,+3.57%,3.7,3.95,4,579,430,1.35,22.58%,20.91%,0.916815,2026-08-21
BMNR,22.83,2026-09-04,13,Call,22.50,+1.45%,1.53,1.48,1.73,660,489,1.35,80.20%,84.78%,0.57088,2026-08-21
TSLA,362.86,2026-08-26,4,Put,335.00,-7.68%,0.42,0.44,0.45,689,512,1.35,41.47%,48.61%,-0.054506,2026-08-21
NBIS,219.13,2026-08-28,6,Put,202.50,-7.59%,3.65,3.93,4.3,764,564,1.35,91.90%,95.11%,-0.238052,2026-08-21
NKE,40.76,2026-08-28,6,Call,41.50,-1.82%,0.37,0.39,0.42,1743,1295,1.35,34.86%,33.51%,0.344992,2026-08-21
CORZ,17.81,2026-10-16,55,Call,25.00,-40.37%,0.44,0.42,0.46,2480,1833,1.35,76.90%,78.98%,0.174982,2026-08-21
TSLA,362.86,2026-08-28,6,Put,320.00,-11.81%,0.27,0.28,0.3,2634,1946,1.35,41.47%,52.99%,-0.029231,2026-08-21
SBSW,12.58,2026-09-18,27,Call,13.00,-3.34%,0.6,0.64,0.7,3134,2330,1.35,67.16%,62.05%,0.448437,2026-08-21
SVM,12.53,2026-09-18,27,Call,12.50,+0.24%,0.85,0.93,0.95,565,422,1.34,64.49%,64.24%,0.545488,2026-08-21
MU,966.78,2026-08-28,6,Call,"1,110.00",-14.81%,2.29,2.4,2.53,588,438,1.34,63.67%,69.28%,0.066255,2026-08-21
NOW,128.48,2026-08-28,6,Call,136.00,-5.85%,1.28,1.42,1.44,612,458,1.34,53.09%,59.70%,0.242843,2026-08-21
NRG,113.11,2026-09-18,27,Call,120.00,-6.09%,2.9,3.2,3.3,661,495,1.34,44.54%,46.41%,0.346412,2026-08-21
BABA,119.34,2026-09-04,13,Call,125.00,-4.74%,2,2,2.3,689,513,1.34,41.03%,48.02%,0.320538,2026-08-21
ORCL,146.47,2026-08-28,6,Put,137.00,-6.47%,1.06,1.07,1.12,757,567,1.34,69.89%,58.82%,-0.176513,2026-08-21
TSCO,34.98,2026-09-04,13,Call,32.00,+8.52%,2.75,2.8,3.3,825,614,1.34,32.82%,28.70%,0.952317,2026-08-21
HOOD,108.13,2026-08-28,6,Call,104.00,+3.82%,5.9,6.6,6.8,1089,814,1.34,65.70%,71.96%,0.682518,2026-08-21
CLSK,11.98,2026-08-28,6,Call,12.00,-0.17%,0.55,0.58,0.62,1383,1029,1.34,86.18%,96.53%,0.521221,2026-08-21
FIG,27.1,2026-08-28,6,Call,28.00,-3.32%,0.57,0.62,0.73,1441,1078,1.34,71.31%,73.30%,0.384239,2026-08-21
PLTR,179.94,2026-09-04,13,Call,185.00,-2.81%,4.35,4.5,4.55,1644,1229,1.34,47.34%,47.96%,0.402488,2026-08-21
SNDK,1596.08,2026-08-28,6,Call,"1,800.00",-12.78%,12.2,12.42,12.9,2221,1662,1.34,77.80%,84.65%,0.147277,2026-08-21
CIFR,15.77,2026-08-28,6,Call,17.00,-7.80%,0.45,0.54,0.52,3442,2563,1.34,106.51%,116.89%,0.335638,2026-08-21
TSLA,362.86,2026-09-04,13,Call,360.00,+0.79%,13.1,13.4,13.5,4009,3025,1.33,41.47%,42.53%,0.56153,2026-08-21
SBET,7.91,2027-01-15,146,Call,7.00,+11.50%,1.94,2.05,2.21,8437,6352,1.33,84.12%,82.03%,0.700102,2026-08-21
TSLA,362.86,2026-09-18,27,Put,200.00,-44.88%,0.09,0.11,0.11,9927,7490,1.33,41.47%,85.53%,-0.003601,2026-08-21
KO,91.1,2026-10-02,41,Put,89.00,-2.31%,1.27,1.5,1.63,525,396,1.33,17.94%,19.98%,-0.343356,2026-08-21
MKSI,279.11,2026-09-18,27,Put,230.00,-17.60%,2,3.22,4.6,555,416,1.33,62.97%,66.87%,-0.121558,2026-08-21
SLS,15.46,2026-10-16,55,Call,4.00,+74.13%,11.3,11.66,12.8,581,438,1.33,175.42%,314.43%,0.957524,2026-08-21
RDDT,153.29,2026-08-28,6,Call,175.00,-14.16%,0.29,0.31,0.34,900,677,1.33,56.71%,64.34%,0.059703,2026-08-21
QUBT,8.92,2026-08-28,6,Call,9.50,-6.50%,0.15,0.17,0.18,1032,776,1.33,74.00%,82.05%,0.294384,2026-08-21
CRWV,87.85,2026-08-28,6,Call,92.00,-4.72%,1.98,2.01,2.08,1053,789,1.33,76.96%,81.06%,0.349569,2026-08-21
BULL,8.78,2026-09-11,20,Call,9.50,-8.20%,0.25,0.29,0.38,1083,812,1.33,55.70%,70.68%,0.351354,2026-08-21
AMZN,258.63,2026-08-26,4,Call,270.00,-4.40%,0.31,0.35,0.35,1323,993,1.33,29.19%,29.91%,0.089161,2026-08-21
TEM,72.69,2026-09-18,27,Put,55.00,-24.34%,0.7,0.76,0.93,1834,1382,1.33,79.54%,85.84%,-0.093131,2026-08-21
ABVX,114.95,2028-01-21,517,Call,140.00,-21.79%,20.5,25.5,25.5,500,378,1.32,61.19%,53.57%,0.539699,2026-08-21
UBER,78.8,2026-09-11,20,Call,85.00,-7.87%,0.46,0.65,0.7,564,427,1.32,34.71%,33.15%,0.180932,2026-08-21
TMC,4.79,2026-09-04,13,Call,5.00,-4.38%,0.25,0.3,0.37,584,442,1.32,101.43%,109.81%,0.461272,2026-08-21
BA,214.2,2026-11-20,90,Call,210.00,+1.96%,17.25,16.9,17.85,661,500,1.32,30.32%,36.88%,0.575545,2026-08-21
MPT,4.12,2026-09-25,34,Call,1.00,+75.73%,2.85,3.17,5.2,706,536,1.32,37.23%,"1,348.35%",0.987997,2026-08-21
CRWV,87.85,2026-08-28,6,Call,93.00,-5.86%,1.7,1.8,1.78,747,568,1.32,76.96%,81.15%,0.312121,2026-08-21
AAPL,309.35,2026-09-25,34,Call,320.00,-3.44%,5.25,5.5,5.6,1056,798,1.32,24.73%,24.79%,0.356255,2026-08-21
NVDA,214.72,2026-08-28,6,Call,212.50,+1.03%,7.7,7.75,7.85,2321,1765,1.32,40.60%,59.93%,0.571564,2026-08-21
COIN,186.49,2026-08-28,6,Put,160.00,-14.20%,0.51,0.5,0.55,3048,2311,1.32,70.19%,80.35%,-0.061288,2026-08-21
TSLA,362.86,2026-09-11,20,Call,390.00,-7.48%,5.05,5.18,5.2,6415,4846,1.32,41.47%,41.88%,0.252554,2026-08-21
SPCX,136.97,2026-08-28,6,Put,125.00,-8.74%,0.66,0.66,0.69,10258,7790,1.32,59.18%,63.13%,-0.119563,2026-08-21
GOOGL,344.82,2026-08-28,6,Call,347.50,-0.78%,3.45,4.1,4.75,5084,3871,1.31,28.86%,29.66%,0.432491,2026-08-21
BA,214.2,2026-08-28,6,Put,215.00,+0.37%,3.35,3.4,3.95,889,679,1.31,30.32%,29.46%,-0.53174,2026-08-21
SJM,124.32,2026-09-18,27,Call,125.00,-0.55%,4,3.9,4.4,912,697,1.31,33.05%,33.54%,0.493746,2026-08-21
AAL,13.82,2026-10-16,55,Call,15.00,-8.54%,0.49,0.54,0.58,939,718,1.31,44.97%,45.54%,0.35498,2026-08-21
NEM,131.58,2027-06-17,299,Call,125.00,+5.00%,25.4,26.29,28.25,1029,787,1.31,46.14%,47.93%,0.649618,2026-08-21
NFLX,79.59,2026-08-28,6,Put,76.00,-4.51%,0.21,0.22,0.22,1038,795,1.31,32.12%,32.58%,-0.127379,2026-08-21
MSTR,119.25,2026-09-04,13,Call,125.00,-4.82%,5.2,5.4,5.65,1227,940,1.31,78.64%,86.17%,0.42059,2026-08-21
WMT,103.7,2027-03-19,209,Put,90.00,-13.21%,2.31,2.7,2.9,1435,1097,1.31,22.58%,27.65%,-0.196392,2026-08-21
PFE,28.07,2026-08-28,6,Put,27.50,-2.03%,0.11,0.13,0.14,1719,1312,1.31,22.70%,23.41%,-0.246111,2026-08-21
UEC,12.76,2026-08-28,6,Call,12.00,+5.96%,0.89,0.93,0.99,1954,1494,1.31,69.82%,72.36%,0.762641,2026-08-21
HIMS,33.78,2026-08-28,6,Call,36.00,-6.57%,0.54,0.62,0.64,2105,1613,1.31,75.84%,80.11%,0.286846,2026-08-21
EOSE,3.81,2026-08-28,6,Call,4.00,-4.99%,0.12,0.12,0.13,2377,1815,1.31,105.71%,102.92%,0.382716,2026-08-21
CIFR,15.77,2026-08-28,6,Put,16.00,+1.46%,1.02,1.06,1.1,3007,2298,1.31,106.51%,116.14%,-0.508682,2026-08-21
HOOD,108.13,2026-09-04,13,Call,110.00,-1.73%,5,5.07,5.25,3090,2365,1.31,65.70%,72.56%,0.481124,2026-08-21
AG,21.09,2026-08-28,6,Call,23.00,-9.06%,0.05,0.27,0.3,502,386,1.3,66.39%,69.65%,0.178723,2026-08-21
AAL,13.82,2026-09-25,34,Put,12.50,-9.55%,0.18,0.24,0.25,519,399,1.3,44.97%,42.79%,-0.200143,2026-08-21
MSFT,483.24,2026-09-11,20,Call,545.00,-12.78%,0.3,0.34,0.4,587,452,1.3,26.16%,26.63%,0.030553,2026-08-21
DAVE,354.72,2026-12-18,118,Put,390.00,+9.95%,70.9,73,75.8,651,500,1.3,67.84%,67.47%,-0.514849,2026-08-21
AESI,12.58,2026-10-16,55,Put,12.50,-0.64%,1.2,1.25,1.4,704,542,1.3,68.47%,67.86%,-0.441822,2026-08-21
CRWV,87.85,2026-08-28,6,Call,94.00,-7.00%,1.48,1.56,1.49,751,579,1.3,76.96%,81.27%,0.277033,2026-08-21
NEE,83.65,2026-08-28,6,Call,85.00,-1.61%,0.27,0.34,0.37,842,648,1.3,20.71%,19.07%,0.261592,2026-08-21
EOSE,3.81,2026-08-28,6,Call,3.50,+8.14%,0.37,0.39,0.4,975,749,1.3,105.71%,101.51%,0.764809,2026-08-21
BMNR,22.83,2026-09-04,13,Call,24.00,-5.12%,0.93,0.95,1.06,1786,1378,1.3,80.20%,85.06%,0.411568,2026-08-21
TSLA,362.86,2026-10-16,55,Call,465.00,-28.15%,3.1,3.47,3.25,1908,1471,1.3,41.47%,46.94%,0.107582,2026-08-21
TSLA,362.86,2026-09-04,13,Call,390.00,-7.48%,3.4,3.45,3.5,1944,1498,1.3,41.47%,44.19%,0.209607,2026-08-21
CORZ,17.81,2026-12-18,118,Call,25.00,-40.37%,1.27,1.3,1.52,2764,2131,1.3,76.90%,82.58%,0.32236,2026-08-21
GOOG,341.75,2026-08-28,6,Call,350.00,-2.41%,2.01,2.05,2.25,3269,2519,1.3,28.59%,29.37%,0.274264,2026-08-21
ORCL,146.47,2026-08-28,6,Call,150.00,-2.41%,2.9,2.95,3.05,5841,4509,1.3,69.89%,59.39%,0.393567,2026-08-21
AMZN,258.63,2026-08-28,6,Call,265.00,-2.46%,1.59,1.61,1.64,7694,5907,1.3,29.19%,29.67%,0.272611,2026-08-21
GOOGL,344.82,2026-08-28,6,Call,380.00,-10.20%,0.08,0.11,0.11,3352,2608,1.29,28.86%,35.22%,0.017166,2026-08-21
ORCL,146.47,2026-08-28,6,Call,155.00,-5.82%,1.53,1.61,1.61,3959,3078,1.29,69.89%,60.01%,0.244251,2026-08-21
NFLX,79.59,2026-08-28,6,Call,83.00,-4.28%,0.29,0.3,0.31,4638,3594,1.29,32.12%,33.04%,0.16976,2026-08-21
BAC,61.69,2026-08-28,6,Put,61.00,-1.12%,0.38,0.39,0.4,8242,6380,1.29,21.45%,21.88%,-0.335589,2026-08-21
NVDA,214.72,2026-08-28,6,Call,215.00,-0.13%,6.5,6.55,6.55,18658,14499,1.29,40.60%,60.17%,0.511299,2026-08-21
USAR,19.26,2026-08-28,6,Call,23.00,-19.42%,0.08,0.14,0.15,551,427,1.29,88.89%,102.74%,0.100811,2026-08-21
CRWV,87.85,2026-09-04,13,Call,90.00,-2.45%,4.25,4.6,4.6,559,434,1.29,76.96%,80.51%,0.470229,2026-08-21
AMD,473.25,2026-08-24,2,Call,495.00,-4.60%,0.45,0.5,0.56,587,456,1.29,52.97%,41.98%,0.077185,2026-08-21
SNDK,1596.08,2026-08-28,6,Put,"1,250.00",-21.68%,0.85,1,1.05,598,462,1.29,77.80%,89.47%,-0.014171,2026-08-21
CHWY,24.02,2028-01-21,517,Call,22.50,+6.33%,7.25,7.57,7.75,651,505,1.29,61.89%,57.08%,0.698662,2026-08-21
NBIS,219.13,2026-09-11,20,Call,300.00,-36.91%,2,2.15,2.41,651,506,1.29,91.90%,96.57%,0.102422,2026-08-21
BTG,5.52,2026-08-28,6,Call,5.00,+9.42%,0.5,0.55,0.65,1027,794,1.29,46.78%,83.33%,0.836994,2026-08-21
CRWV,87.85,2026-08-28,6,Put,82.00,-6.66%,1.24,1.23,1.36,1096,851,1.29,76.96%,80.25%,-0.233792,2026-08-21
CRWV,87.85,2026-08-28,6,Call,89.00,-1.31%,3.05,3.15,3.2,1117,869,1.29,76.96%,80.71%,0.472809,2026-08-21
RIVN,16.97,2026-08-28,6,Put,16.50,-2.77%,0.28,0.29,0.31,1558,1204,1.29,57.79%,58.24%,-0.337107,2026-08-21
TSLA,362.86,2026-08-24,2,Put,337.50,-6.99%,0.1,0.11,0.11,2431,1882,1.29,41.47%,48.85%,-0.02134,2026-08-21
PLTR,179.94,2026-08-28,6,Call,205.00,-13.93%,0.2,0.2,0.21,3021,2341,1.29,47.34%,56.61%,0.0399,2026-08-21
DKNG,26.17,2026-08-28,6,Call,27.50,-5.08%,0.2,0.2,0.25,552,430,1.28,47.72%,50.48%,0.234407,2026-08-21
TJX,140.53,2026-09-18,27,Call,150.00,-6.74%,0.45,0.55,0.7,873,681,1.28,21.09%,21.24%,0.141996,2026-08-21
COIN,186.49,2026-09-04,13,Call,190.00,-1.88%,8.7,8.97,9.1,913,715,1.28,70.19%,73.85%,0.478133,2026-08-21
UBER,78.8,2026-08-28,6,Call,83.00,-5.33%,0.25,0.26,0.3,1398,1092,1.28,34.71%,37.10%,0.145629,2026-08-21
RILY,7.12,2026-08-28,6,Call,7.00,+1.69%,0.34,0.33,0.38,2655,2073,1.28,69.24%,85.49%,0.57272,2026-08-21
GDS,32.85,2028-01-21,517,Call,15.00,+54.34%,19.4,19.9,20.5,2966,2312,1.28,56.19%,67.69%,0.926106,2026-08-21
AMC,2.55,2026-08-28,6,Call,2.50,+1.96%,0.12,0.12,0.13,4804,3761,1.28,82.78%,76.11%,0.598542,2026-08-21
GOOGL,344.82,2026-08-24,2,Call,347.50,-0.78%,0.86,1.01,1.2,5910,4619,1.28,28.86%,20.37%,0.310716,2026-08-21
PCG,17.6,2026-10-16,55,Call,18.00,-2.27%,1.12,1.17,1.21,12835,10058,1.28,56.62%,48.26%,0.496927,2026-08-21
MSTR,119.25,2026-08-28,6,Put,92.00,-22.85%,0.14,0.16,0.22,3416,2697,1.27,78.64%,109.10%,-0.026898,2026-08-21
CLSK,11.98,2026-08-28,6,Call,13.00,-8.51%,0.22,0.24,0.25,3510,2766,1.27,86.18%,96.04%,0.275171,2026-08-21
PFE,28.07,2026-10-16,55,Put,26.00,-7.37%,0.24,0.27,0.31,3778,2976,1.27,22.70%,22.91%,-0.191006,2026-08-21
AAPL,309.35,2026-08-24,2,Put,302.50,-2.21%,0.2,0.23,0.25,4048,3180,1.27,24.73%,23.01%,-0.091235,2026-08-21
RUM,9.05,2026-08-28,6,Call,9.00,+0.55%,0.4,0.4,0.5,502,394,1.27,81.08%,91.44%,0.54418,2026-08-21
PD,12.32,2026-12-18,118,Put,7.50,-39.12%,0.15,0.3,0.5,598,472,1.27,83.78%,83.52%,-0.095776,2026-08-21
QUBT,8.92,2026-12-18,118,Call,10.00,-12.11%,1.3,1.31,1.55,746,587,1.27,74.00%,88.45%,0.519507,2026-08-21
SPCX,136.97,2026-08-28,6,Put,123.00,-10.20%,0.46,0.49,0.49,926,727,1.27,59.18%,64.30%,-0.088059,2026-08-21
MSTR,119.25,2026-10-16,55,Call,115.00,+3.56%,16.5,16.85,17.3,968,761,1.27,78.64%,79.51%,0.614103,2026-08-21
AAL,13.82,2026-10-16,55,Call,16.00,-15.77%,0.29,0.31,0.39,1058,835,1.27,44.97%,47.83%,0.244295,2026-08-21
RVMD,209.46,2026-09-18,27,Call,230.00,-9.81%,3.1,4.8,6.7,1319,1037,1.27,51.40%,52.15%,0.28443,2026-08-21
HOOD,108.13,2026-09-04,13,Call,120.00,-10.98%,2.05,2.15,2.2,1752,1375,1.27,65.70%,73.91%,0.252113,2026-08-21
SPCX,136.97,2026-09-04,13,Call,140.00,-2.21%,4.9,4.96,5.05,2462,1939,1.27,59.18%,60.47%,0.450911,2026-08-21
PPTA,25.7,2026-09-18,27,Call,35.00,-36.19%,0.15,0.15,0.4,932,742,1.26,69.70%,83.26%,0.107693,2026-08-21
SMCI,37.24,2026-08-28,6,Put,34.00,-8.70%,0.39,0.4,0.42,1039,823,1.26,76.18%,82.75%,-0.179795,2026-08-21
WULF,15.64,2026-08-28,6,Call,15.00,+4.09%,1.03,1.1,1.16,1363,1086,1.26,90.17%,97.01%,0.646982,2026-08-21
RKT,13.93,2026-08-28,6,Put,13.50,-3.09%,0.2,0.22,0.23,2080,1646,1.26,50.29%,56.46%,-0.316838,2026-08-21
INTC,90.07,2026-08-28,6,Call,90.00,+0.08%,2.95,2.96,3.05,4042,3198,1.26,60.87%,63.92%,0.522535,2026-08-21
CRML,7.11,2026-09-18,27,Call,10.00,-40.65%,0.1,0.2,0.2,5755,4553,1.26,102.63%,107.59%,0.156193,2026-08-21
MSTR,119.25,2026-09-18,27,Call,150.00,-25.79%,2.95,2.96,2.97,12849,10232,1.26,78.64%,88.34%,0.20508,2026-08-21
MSTR,119.25,2026-09-18,27,Call,145.00,-21.59%,3.45,3.65,3.65,3511,2815,1.25,78.64%,86.28%,0.240563,2026-08-21
AMD,473.25,2026-08-28,6,Call,500.00,-5.65%,4.5,4.85,4.95,4334,3477,1.25,52.97%,57.10%,0.239963,2026-08-21
SOFI,18.91,2026-08-28,6,Call,19.00,-0.48%,0.46,0.46,0.48,19387,15510,1.25,50.58%,52.46%,0.488791,2026-08-21
MSTR,119.25,2026-08-28,6,Call,120.00,-0.63%,5.05,5.07,5.1,21378,17092,1.25,78.64%,88.45%,0.502661,2026-08-21
RIVN,16.97,2026-08-28,6,Call,14.00,+17.50%,2.9,2.97,3.25,518,416,1.25,57.79%,113.58%,0.918963,2026-08-21
SBUX,107.08,2026-08-28,6,Put,101.00,-5.68%,0,0.13,0.34,546,438,1.25,25.70%,33.19%,-0.080745,2026-08-21
INTC,90.07,2026-08-26,4,Call,94.00,-4.36%,0.82,0.86,0.87,551,442,1.25,60.87%,59.46%,0.25794,2026-08-21
SMR,9.4,2026-09-11,20,Call,11.00,-17.02%,0.21,0.23,0.26,576,460,1.25,82.30%,82.70%,0.240387,2026-08-21
NCLH,17.24,2026-08-28,6,Put,17.00,-1.39%,0.2,0.28,0.33,757,608,1.25,44.20%,43.01%,-0.385566,2026-08-21
DIS,107.78,2026-08-28,6,Call,108.00,-0.20%,1.1,1.09,1.28,824,657,1.25,22.35%,23.38%,0.480565,2026-08-21
NVDA,214.72,2026-09-11,20,Call,270.00,-25.75%,0.25,0.27,0.28,1059,845,1.25,40.60%,49.60%,0.028712,2026-08-21
RDDT,153.29,2026-08-28,6,Call,165.00,-7.64%,0.93,1,1.18,1232,983,1.25,56.71%,58.71%,0.175549,2026-08-21
NVDA,214.72,2026-08-28,6,Call,207.50,+3.36%,10.7,10.75,10.8,1300,1042,1.25,40.60%,59.62%,0.688781,2026-08-21
MRNA,145.13,2026-08-28,6,Put,125.00,-13.87%,2.45,2.45,2.75,1404,1123,1.25,96.93%,137.42%,-0.173935,2026-08-21
B,47.6,2026-08-28,6,Call,48.00,-0.84%,0.8,1.05,1.15,1444,1156,1.25,46.07%,47.32%,0.459377,2026-08-21
ORCL,146.47,2027-03-19,209,Call,210.00,-43.37%,10.75,11.75,12.55,1719,1370,1.25,69.89%,64.38%,0.318439,2026-08-21
WMT,103.7,2026-11-20,90,Call,105.00,-1.25%,5.15,5.28,5.35,2339,1869,1.25,22.58%,26.89%,0.509557,2026-08-21
CVNA,69.91,2026-08-28,6,Put,69.00,-1.30%,1.58,1.65,1.75,605,489,1.24,57.21%,59.27%,-0.414123,2026-08-21
UNH,390.11,2026-08-28,6,Put,370.00,-5.15%,0.26,0.57,0.75,779,630,1.24,28.57%,29.27%,-0.075714,2026-08-21
COIN,186.49,2026-09-04,13,Call,200.00,-7.24%,5.65,5.75,5.85,1117,898,1.24,70.19%,76.75%,0.343998,2026-08-21
CRWV,87.85,2026-08-28,6,Put,88.00,+0.17%,3.6,3.64,3.7,1617,1308,1.24,76.96%,80.06%,-0.484303,2026-08-21
UEC,12.76,2026-08-28,6,Call,11.50,+9.87%,1.24,1.29,1.59,1656,1339,1.24,69.82%,92.30%,0.827133,2026-08-21
"Downloaded from Barchart.com as of 08-21-2026 08:39pm CDT"
