Symbol,Price~,"Exp Date",DTE,Type,Strike,Moneyness,Bid,Latest,Ask,Volume,"Open Int",Vol/OI,"Imp Vol",IV,Delta,Time
KHC,25.73,2026-08-14,9,Call,26.50,-2.99%,0.15,0.25,0.29,18243,129,141.42,32.25%,31.86%,0.282341,2026-08-05
HPQ,28.52,2026-10-16,72,Put,24.00,-15.85%,0.73,0.83,0.87,24672,182,135.56,54.22%,52.22%,-0.194392,2026-08-05
NVDA,219.22,2026-08-07,2,Put,217.50,-0.78%,1.97,2,2.02,44280,473,93.62,40.72%,43.19%,-0.394716,2026-08-05
KHC,25.73,2026-08-14,9,Call,26.00,-1.05%,0.33,0.36,0.53,18537,230,80.6,32.25%,34.62%,0.430447,2026-08-05
AMD,482.05,2026-09-04,30,Put,400.00,-17.02%,7.15,7.9,8,17246,228,75.64,68.36%,68.25%,-0.143339,2026-08-05
CC,14.59,2026-09-18,44,Call,17.00,-16.52%,0.5,0.58,0.7,16695,255,65.47,67.55%,69.00%,0.30359,2026-08-05
SNOW,316.84,2027-12-17,499,Put,160.00,-49.50%,15.65,16.1,16.75,9052,141,64.2,68.01%,68.22%,-0.09449,2026-08-05
NVDA,219.22,2026-08-07,2,Put,222.50,+1.50%,4.65,4.77,4.85,14675,232,63.25,40.72%,43.49%,-0.6706,2026-08-05
NVDA,219.22,2026-08-07,2,Put,220.00,+0.36%,3.1,3.15,3.2,49175,857,57.38,40.72%,42.58%,-0.536876,2026-08-05
EYE,23.03,2026-10-16,72,Call,25.00,-8.55%,1.4,1.8,2,10058,194,51.85,76.86%,59.00%,0.43867,2026-08-05
GLXY,19.07,2026-08-21,16,Put,18.00,-5.61%,0.69,1.15,1.15,7572,167,45.34,97.35%,90.55%,-0.342707,2026-08-05
BSX,47.74,2026-08-07,2,Put,46.00,-3.64%,0.1,0.12,0.25,4846,112,43.27,40.15%,53.79%,-0.169302,2026-08-05
GOOG,360.13,2026-08-07,2,Call,372.50,-3.43%,0.8,0.8,0.88,5644,131,43.08,33.39%,42.46%,0.146159,2026-08-05
SPCX,108.27,2026-09-04,30,Call,180.00,-66.25%,0.81,0.9,0.96,6330,169,37.46,92.27%,107.09%,0.067822,2026-08-05
NVDA,219.22,2026-08-07,2,Put,225.00,+2.64%,6.5,6.6,6.7,12741,361,35.29,40.72%,43.46%,-0.785335,2026-08-05
TEAM,113.32,2026-08-07,2,Put,105.00,-7.34%,3.6,4.15,4.3,3597,106,33.93,89.49%,229.42%,-0.296318,2026-08-05
GOOGL,362.43,2026-08-07,2,Call,372.50,-2.78%,1.18,1.24,1.35,4590,140,32.79,33.79%,42.88%,0.199948,2026-08-05
NVDA,219.22,2026-08-14,9,Put,230.00,+4.92%,12.15,12,12.45,3901,122,31.98,40.72%,38.36%,-0.777036,2026-08-05
META,588.77,2028-01-21,534,Put,150.00,-74.52%,0.08,0.99,1.55,4145,132,31.4,38.26%,52.79%,-0.005528,2026-08-05
SPCX,108.27,2026-08-28,23,Call,110.00,-1.60%,9.7,9.74,9.8,9117,295,30.91,92.27%,96.17%,0.525716,2026-08-05
MSTR,98.37,2026-08-14,9,Put,89.00,-9.53%,1.02,1.11,1.2,3790,125,30.32,72.64%,72.88%,-0.173855,2026-08-05
FIG,28.15,2026-08-07,2,Call,32.50,-15.45%,0.55,0.65,0.7,4445,148,30.03,99.59%,238.34%,0.234153,2026-08-05
BTG,4.1,2026-08-07,2,Put,4.00,-2.44%,0.1,0.15,0.2,11210,376,29.81,65.82%,164.09%,-0.395586,2026-08-05
SGHC,13.11,2026-09-18,44,Put,13.00,-0.84%,0.7,0.76,0.8,3516,120,29.3,45.31%,45.40%,-0.441601,2026-08-05
AMD,482.05,2026-08-14,9,Put,300.00,-37.77%,0.07,0.1,0.12,7547,263,28.7,68.36%,115.53%,-0.003373,2026-08-05
AMZN,272.65,2026-08-14,9,Call,180.00,+33.98%,91.7,91.58,94.3,2864,100,28.64,32.01%,119.17%,0.989747,2026-08-05
WYNN,101.15,2026-12-18,135,Call,90.00,+11.02%,15.85,16.1,16.5,18034,630,28.63,32.88%,38.75%,0.742189,2026-08-05
CPNG,16,2027-06-17,316,Call,17.00,-6.25%,3,3.17,3.8,18227,650,28.04,51.57%,60.75%,0.593471,2026-08-05
CMG,34.5,2026-08-21,16,Put,33.00,-4.35%,0.53,0.55,0.64,9513,348,27.34,40.92%,42.75%,-0.288865,2026-08-05
META,588.77,2026-11-20,107,Call,585.00,+0.64%,58.1,59.29,60.1,4558,168,27.13,38.26%,43.04%,0.573979,2026-08-05
OXY,53.81,2026-08-14,9,Call,59.00,-9.65%,0.19,0.28,0.28,7563,280,27.01,37.25%,48.28%,0.120699,2026-08-05
NVDA,219.22,2026-08-07,2,Put,215.00,-1.93%,1.16,1.18,1.19,37871,1422,26.63,40.72%,43.73%,-0.26715,2026-08-05
FCX,69.39,2026-08-21,16,Call,71.00,-2.32%,2.31,2.51,2.9,4143,161,25.73,52.79%,56.57%,0.450392,2026-08-05
WDC,519.17,2026-08-21,16,Call,690.00,-32.90%,5.75,6.36,8.15,4278,174,24.59,96.06%,108.68%,0.129296,2026-08-05
CVX,186.41,2026-08-14,9,Call,192.50,-3.27%,1.09,1.19,1.29,2459,100,24.59,27.18%,28.70%,0.244433,2026-08-05
OSCR,30.11,2026-08-07,2,Call,35.00,-16.24%,0.48,0.52,0.58,11552,483,23.92,88.06%,223.51%,0.204465,2026-08-05
OPEN,3.76,2026-09-04,30,Put,3.50,-6.91%,0.19,0.21,0.23,3130,132,23.71,84.60%,79.13%,-0.329775,2026-08-05
NVDA,219.22,2026-08-12,7,Call,222.50,-1.50%,3.1,3.35,3.25,9564,409,23.38,40.72%,37.53%,0.401983,2026-08-05
CIFR,18.71,2026-08-07,2,Call,20.50,-9.57%,0.22,0.28,0.34,3128,134,23.34,118.19%,156.80%,0.233445,2026-08-05
CPNG,16,2027-06-17,316,Call,25.00,-56.25%,0.85,1.17,1.39,18294,793,23.07,51.57%,53.89%,0.284128,2026-08-05
TSLA,321.55,2026-08-07,2,Put,327.50,+1.85%,8,8,8.35,15522,675,23,43.16%,48.47%,-0.687759,2026-08-05
XYZ,84.2,2026-08-21,16,Put,80.00,-4.99%,2.8,2.95,2.99,5568,245,22.73,57.69%,69.29%,-0.331936,2026-08-05
RKT,13.86,2026-10-16,72,Put,13.00,-6.20%,0.97,1.03,1.09,2937,132,22.25,66.55%,61.48%,-0.34737,2026-08-05
YELP,25.69,2026-08-21,16,Put,29.00,+12.88%,3.5,4,4.1,2290,107,21.4,72.50%,73.75%,-0.759252,2026-08-05
GOOGL,362.43,2026-08-07,2,Call,377.50,-4.16%,0.55,0.6,0.63,7998,377,21.21,33.79%,43.49%,0.106775,2026-08-05
CPNG,16,2026-11-20,107,Put,13.00,-18.75%,0.33,0.58,0.68,3906,185,21.11,51.57%,51.97%,-0.180545,2026-08-05
HPQ,28.52,2026-08-21,16,Put,31.00,+8.70%,2.54,2.45,3.05,2501,119,21.02,54.22%,46.49%,-0.789877,2026-08-05
BSX,47.74,2026-08-14,9,Put,44.50,-6.79%,0.1,0.32,0.35,3406,166,20.52,40.15%,42.46%,-0.135712,2026-08-05
META,588.77,2027-12-17,499,Put,150.00,-74.52%,0.01,0.89,1.47,4145,202,20.52,38.26%,53.78%,-0.005155,2026-08-05
NVDA,219.22,2026-08-14,9,Call,227.50,-3.78%,2.25,2.24,2.31,21738,1062,20.47,40.72%,38.55%,0.284521,2026-08-05
UNH,412.75,2026-08-07,2,Call,410.00,+0.67%,5.05,6,6,5413,265,20.43,28.64%,32.78%,0.614357,2026-08-05
EXEL,56.7,2026-08-21,16,Put,50.00,-11.82%,0.2,0.68,0.9,6028,302,19.96,48.98%,60.27%,-0.142054,2026-08-05
VST,140.58,2026-11-20,107,Call,220.00,-56.49%,1.77,1.92,2.16,3004,151,19.89,56.27%,57.67%,0.105773,2026-08-05
UBER,68.18,2026-08-07,2,Call,67.00,+1.73%,1.58,1.63,1.73,4765,240,19.85,34.72%,47.12%,0.699774,2026-08-05
SYM,46.52,2026-08-07,2,Put,40.00,-14.02%,0.7,0.72,0.8,1974,100,19.74,86.50%,229.74%,-0.164998,2026-08-05
TSLA,321.55,2026-08-12,7,Call,327.50,-1.85%,5.05,5.1,5.2,5270,273,19.3,43.16%,42.68%,0.393992,2026-08-05
AVGO,418.28,2026-09-04,30,Put,340.00,-18.71%,3.1,3.45,3.7,3717,194,19.16,53.54%,59.55%,-0.094604,2026-08-05
NVDA,219.22,2026-09-04,30,Put,190.00,-13.33%,1.67,1.8,1.84,65150,3404,19.14,40.72%,45.41%,-0.118444,2026-08-05
DOX,55.29,2026-08-21,16,Call,60.00,-8.52%,0.75,0.85,4.8,3439,180,19.11,41.67%,99.35%,0.385405,2026-08-05
U,35.47,2026-08-07,2,Call,38.50,-8.54%,1.5,1.55,1.8,2292,121,18.94,90.44%,267.54%,0.376781,2026-08-05
UAL,132.76,2027-12-17,499,Put,55.00,-58.57%,1.43,2.39,3.35,4266,226,18.88,44.68%,56.62%,-0.048804,2026-08-05
CRML,6.68,2027-02-19,198,Call,10.00,-49.70%,0.85,1.08,1.3,3000,160,18.75,111.41%,98.44%,0.434793,2026-08-05
MSTR,98.37,2026-08-14,9,Put,92.00,-6.48%,1.7,1.68,1.93,2229,119,18.73,72.64%,72.02%,-0.256072,2026-08-05
MP,47.91,2026-08-07,2,Call,62.00,-29.41%,0,0.11,0.5,1862,100,18.62,77.60%,227.36%,0.074008,2026-08-05
EBAY,111.15,2026-08-07,2,Put,95.00,-14.53%,0.25,0.32,0.31,2458,132,18.62,45.78%,137.82%,-0.055776,2026-08-05
DDOG,283.17,2026-11-20,107,Put,230.00,-18.78%,16.05,16,18.25,2607,141,18.49,79.81%,70.91%,-0.224121,2026-08-05
NVDA,219.22,2026-08-10,5,Put,215.00,-1.93%,1.82,1.9,1.88,2070,112,18.48,40.72%,35.53%,-0.309447,2026-08-05
HUBS,250.21,2026-08-21,16,Put,240.00,-4.08%,16.6,17.91,18.7,3153,171,18.44,99.87%,110.40%,-0.381522,2026-08-05
DASH,207.27,2026-08-07,2,Put,200.00,-3.51%,6.5,7.5,8.3,3905,212,18.42,63.40%,177.38%,-0.367338,2026-08-05
MSTR,98.37,2026-08-14,9,Put,94.00,-4.44%,2.31,2.46,2.65,3961,216,18.34,72.64%,72.21%,-0.321218,2026-08-05
BAC,63.25,2026-08-07,2,Put,65.00,+2.77%,1.72,1.75,1.84,2066,115,17.97,20.80%,24.61%,-0.932585,2026-08-05
BKNG,207.02,2026-08-21,16,Call,230.00,-11.10%,0.3,0.95,0.95,3152,177,17.81,39.51%,35.94%,0.089298,2026-08-05
TDC,26.23,2026-08-21,16,Call,32.50,-23.90%,0.05,0.15,0.15,4037,227,17.78,53.05%,64.94%,0.067219,2026-08-05
DDOG,283.17,2026-08-07,2,Call,320.00,-13.01%,6,7.15,7.35,1815,104,17.45,79.81%,223.78%,0.256478,2026-08-05
UPST,30.2,2026-08-21,16,Call,33.00,-9.27%,0.83,0.87,0.97,2282,131,17.42,71.05%,75.11%,0.31734,2026-08-05
DHT,17.87,2026-09-18,44,Call,19.00,-6.32%,0.6,0.65,0.85,5200,307,16.94,61.38%,50.37%,0.371092,2026-08-05
BA,240.19,2028-12-15,863,Put,260.00,+8.25%,52.2,53.48,59,2655,157,16.91,32.48%,33.52%,-0.436363,2026-08-05
UNH,412.75,2026-08-14,9,Call,420.00,-1.76%,4.4,4.5,4.75,2738,162,16.9,28.64%,29.18%,0.363101,2026-08-05
U,35.47,2026-08-07,2,Put,33.00,-6.96%,1.6,1.65,1.7,27743,1654,16.77,90.44%,268.64%,-0.321567,2026-08-05
EOSE,3.82,2026-09-18,44,Put,3.50,-8.38%,0.01,0.42,0.48,1926,115,16.75,120.23%,77.24%,-0.317697,2026-08-05
CIFR,18.71,2026-08-07,2,Call,19.50,-4.22%,0.44,0.54,0.53,1950,117,16.67,118.19%,145.22%,0.371012,2026-08-05
NVDA,219.22,2026-08-14,9,Call,232.50,-6.06%,1.24,1.25,1.27,26322,1600,16.45,40.72%,38.83%,0.178391,2026-08-05
TSLA,321.55,2026-08-07,2,Put,322.50,+0.30%,4.95,5.05,5.1,20413,1253,16.29,43.16%,48.00%,-0.524246,2026-08-05
NEOV,2.87,2027-02-19,198,Call,5.00,-74.22%,0.6,0.65,0.75,2016,124,16.26,178.74%,137.63%,0.492213,2026-08-05
STM,52.77,2026-08-21,16,Call,59.00,-11.81%,0.9,1.08,1.15,10440,650,16.06,67.45%,68.83%,0.244054,2026-08-05
AEO,17.82,2026-08-14,9,Call,18.00,-1.01%,0.07,0.54,0.78,2440,152,16.05,60.99%,45.34%,0.458828,2026-08-05
DASH,207.27,2026-08-07,2,Put,185.00,-10.74%,1.85,2.72,3.5,1840,115,16,63.40%,175.79%,-0.173588,2026-08-05
EBAY,111.15,2026-08-07,2,Put,105.00,-5.53%,1.81,2.15,2.46,1847,117,15.79,45.78%,143.34%,-0.277334,2026-08-05
NVO,44.53,2026-08-21,16,Put,44.50,-0.07%,1.44,1.48,1.58,1775,118,15.04,35.58%,40.09%,-0.486624,2026-08-05
NOW,117.22,2026-12-18,135,Call,300.00,-155.93%,0.35,0.48,0.66,5625,381,14.76,57.99%,72.12%,0.029356,2026-08-05
UAL,132.76,2028-01-21,534,Put,55.00,-58.57%,1.56,2.54,3.5,4266,290,14.71,44.68%,55.57%,-0.050279,2026-08-05
ENPH,38.95,2026-08-14,9,Call,46.00,-18.10%,0.15,0.49,0.63,2484,171,14.53,81.58%,92.54%,0.14319,2026-08-05
ON,76.91,2028-01-21,534,Call,110.00,-43.02%,15,17.75,19.2,1500,104,14.42,71.97%,67.75%,0.518136,2026-08-05
CVS,99.12,2026-08-07,2,Call,100.00,-0.89%,0.85,0.97,0.95,3002,214,14.03,29.62%,43.90%,0.399636,2026-08-05
SHOP,144.24,2026-10-16,72,Put,110.00,-23.74%,1.8,1.84,2.7,16758,1199,13.98,55.16%,57.55%,-0.112426,2026-08-05
TSLA,321.55,2026-08-10,5,Put,312.50,-2.81%,2.3,2.36,2.36,1585,114,13.9,43.16%,39.23%,-0.256435,2026-08-05
PTON,6.52,2026-09-18,44,Put,5.00,-23.31%,0.08,0.1,0.15,2135,155,13.77,79.98%,75.01%,-0.122022,2026-08-05
SNDK,1350.5,2026-08-07,2,Call,"1,410.00",-4.41%,54.5,59,64.3,2264,166,13.64,117.69%,210.72%,0.421837,2026-08-05
NVDA,219.22,2026-08-10,5,Call,240.00,-9.48%,0.13,0.17,0.16,2020,149,13.56,40.72%,41.85%,0.034727,2026-08-05
TGT,147.7,2026-12-18,135,Call,210.00,-42.18%,0.89,0.99,1.12,5392,399,13.51,42.30%,36.91%,0.073785,2026-08-05
CMG,34.5,2026-08-14,9,Put,34.00,-1.45%,0.63,0.64,1.04,8887,659,13.49,40.92%,50.28%,-0.407583,2026-08-05
CP,91.45,2027-01-15,163,Call,95.00,-3.88%,4.1,4.22,4.5,2170,161,13.48,21.34%,21.82%,0.459916,2026-08-05
MMM,182.08,2026-08-07,2,Call,185.00,-1.60%,0.38,0.36,0.55,2042,157,13.01,24.96%,27.42%,0.221089,2026-08-05
TSLA,321.55,2026-08-07,2,Put,320.00,-0.48%,3.7,3.72,3.8,39384,3034,12.98,43.16%,47.60%,-0.436641,2026-08-05
MSFT,487.46,2026-09-18,44,Call,535.00,-9.75%,5.35,5.81,6,7942,616,12.89,29.87%,29.88%,0.208539,2026-08-05
TSLA,321.55,2026-08-07,2,Put,332.50,+3.41%,11.65,11.15,12.35,6603,516,12.8,43.16%,48.24%,-0.820687,2026-08-05
GS,1060.38,2026-08-07,2,Call,"1,090.00",-2.79%,2.9,3.2,3.75,2387,187,12.76,33.84%,41.35%,0.189037,2026-08-05
MU,893.19,2026-08-07,2,Put,915.00,+2.44%,40.5,42.51,43.9,1500,119,12.61,85.96%,112.95%,-0.596773,2026-08-05
SNOW,316.84,2028-01-21,534,Put,160.00,-49.50%,16.5,17,17.65,9112,723,12.6,68.01%,67.54%,-0.09588,2026-08-05
AKAM,122.27,2026-08-07,2,Call,135.00,-10.41%,4,4.09,5.3,2090,166,12.59,81.45%,256.19%,0.334875,2026-08-05
OXY,53.81,2026-08-14,9,Call,57.00,-5.93%,0.5,0.54,0.62,7599,611,12.44,37.25%,48.81%,0.239443,2026-08-05
HESM,40.12,2026-08-21,16,Call,37.00,+7.78%,3.1,3.17,3.5,9615,778,12.36,21.32%,36.81%,0.862433,2026-08-05
UBER,68.18,2026-08-07,2,Call,69.00,-1.20%,0.55,0.58,0.62,8004,659,12.15,34.72%,46.08%,0.371594,2026-08-05
NVDA,219.22,2026-08-12,7,Call,227.50,-3.78%,1.6,1.72,1.71,1521,126,12.07,40.72%,37.55%,0.249724,2026-08-05
HAL,31.82,2026-08-07,2,Call,32.00,-0.57%,0.21,0.33,0.36,1517,127,11.94,35.90%,38.94%,0.429141,2026-08-05
PLTR,158.43,2026-08-14,9,Call,167.50,-5.72%,2.02,2.1,2.15,8762,742,11.81,49.55%,53.11%,0.269208,2026-08-05
NVDA,219.22,2026-08-12,7,Call,235.00,-7.20%,0.52,0.58,0.59,2213,188,11.77,40.72%,38.41%,0.102254,2026-08-05
MD,25.99,2026-08-21,16,Call,30.00,-15.43%,0.15,0.18,0.2,8436,721,11.7,62.76%,55.59%,0.122824,2026-08-05
WULF,18.07,2026-09-18,44,Put,18.00,-0.39%,2.31,2.33,2.4,15670,1345,11.65,97.67%,90.20%,-0.446782,2026-08-05
TSLA,321.55,2026-08-10,5,Call,322.50,-0.30%,5.4,5.45,5.55,2986,257,11.62,43.16%,39.00%,0.487663,2026-08-05
NVDA,219.22,2026-08-07,2,Call,225.00,-2.64%,0.86,0.86,0.89,153260,13271,11.55,40.72%,43.92%,0.217963,2026-08-05
CELH,29.15,2026-08-07,2,Call,30.50,-4.63%,0.89,1.21,1.25,3546,310,11.44,74.99%,188.22%,0.399787,2026-08-05
SPCX,108.27,2026-08-07,2,Call,117.00,-8.06%,2.05,2.11,2.11,18287,1598,11.44,92.27%,160.81%,0.277474,2026-08-05
UNH,412.75,2026-08-07,2,Call,415.00,-0.55%,3,3.3,3.4,4801,420,11.43,28.64%,34.51%,0.421829,2026-08-05
ARM,274.58,2026-10-16,72,Put,85.00,-69.04%,0.01,0.1,0.4,3026,265,11.42,85.88%,111.05%,-0.004176,2026-08-05
HELE,29.56,2026-08-21,16,Call,35.00,-18.40%,0.2,0.2,0.3,2594,228,11.38,55.40%,66.52%,0.128832,2026-08-05
NVDA,219.22,2026-08-10,5,Call,230.00,-4.92%,0.61,0.61,0.65,13442,1210,11.11,40.72%,36.31%,0.136058,2026-08-05
SPCX,108.27,2026-08-14,9,Call,115.00,-6.22%,4.75,4.8,4.9,11180,1009,11.08,92.27%,110.16%,0.39859,2026-08-05
DDOG,283.17,2026-08-07,2,Put,265.00,-6.42%,9.9,10.5,11.35,1734,157,11.04,79.81%,226.59%,-0.315496,2026-08-05
ALAB,318.43,2026-08-21,16,Call,400.00,-25.62%,7.05,7.5,8.6,5890,541,10.89,106.69%,114.26%,0.204077,2026-08-05
CAVA,66.17,2026-12-18,135,Put,65.00,-1.77%,8.95,9.07,9.25,3168,296,10.7,76.25%,63.92%,-0.394999,2026-08-05
ANET,197.31,2026-12-18,135,Call,200.00,-1.36%,28.95,30.55,30.4,3131,293,10.69,61.54%,62.24%,0.575774,2026-08-05
UBER,68.18,2026-08-07,2,Call,66.00,+3.20%,2.12,2.51,2.58,1619,153,10.58,34.72%,41.96%,0.857296,2026-08-05
SPCX,108.27,2026-08-21,16,Call,108.00,+0.25%,9.05,9.15,9.7,1449,138,10.5,92.27%,101.61%,0.549969,2026-08-05
AVBC,21.74,2026-08-21,16,Call,22.50,-3.50%,0.3,0.35,0.35,3540,338,10.47,33.42%,33.83%,0.33238,2026-08-05
HESM,40.12,2026-08-21,16,Call,38.00,+5.28%,1.8,2.4,2.6,1203,116,10.37,21.32%,22.90%,0.88086,2026-08-05
TTMI,131.25,2026-09-18,44,Call,135.00,-2.86%,18.5,20,21.1,4036,400,10.09,120.77%,116.78%,0.557354,2026-08-05
RKLB,74.82,2026-09-04,30,Put,60.00,-19.81%,1.97,2.37,2.38,1285,128,10.04,99.09%,96.38%,-0.171839,2026-08-05
ASTS,68.38,2026-08-21,16,Call,68.00,+0.56%,6.75,6.9,7,1477,148,9.98,109.04%,116.76%,0.560223,2026-08-05
AMD,482.05,2026-09-04,30,Call,515.00,-6.84%,25.2,26.29,27.65,1052,106,9.92,68.36%,70.73%,0.41695,2026-08-05
PANW,362.66,2026-08-14,9,Put,277.50,-23.48%,0,0.15,4.4,1138,115,9.9,61.52%,121.81%,-0.066902,2026-08-05
TSLA,321.55,2026-08-07,2,Put,337.50,+4.96%,15.9,15.68,16.7,1939,196,9.89,43.16%,46.05%,-0.920559,2026-08-05
SEI,55.57,2026-08-21,16,Put,55.00,-1.03%,3,5.17,5.6,5615,569,9.87,107.13%,100.05%,-0.43686,2026-08-05
DASH,207.27,2026-08-07,2,Call,225.00,-8.55%,4,4.25,4.5,3268,334,9.78,63.40%,170.73%,0.279343,2026-08-05
LCID,6.7,2027-12-17,499,Put,13.00,+94.03%,6.85,9.05,11.1,1037,106,9.78,108.88%,144.06%,-0.3343,2026-08-05
CRWD,209.86,2026-08-21,16,Call,265.00,-26.27%,0.05,0.45,1.18,1078,111,9.71,61.91%,65.70%,0.053091,2026-08-05
CLF,12.65,2026-12-18,135,Put,11.00,-13.04%,0.95,1.14,1.34,5107,531,9.62,66.24%,66.59%,-0.285472,2026-08-05
AMD,482.05,2026-08-07,2,Put,442.50,-8.20%,1.37,1.29,1.56,1777,185,9.61,68.36%,90.46%,-0.094306,2026-08-05
MSTR,98.37,2028-12-15,863,Call,110.00,-11.82%,43.1,48.95,51,2057,214,9.61,72.64%,83.98%,0.73766,2026-08-05
CPNG,16,2026-12-18,135,Put,13.00,-18.75%,0.65,0.76,1.08,5907,621,9.51,51.57%,59.87%,-0.21619,2026-08-05
TE,5.47,2026-09-04,30,Call,5.00,+8.59%,1,1.3,1.4,1055,111,9.5,164.36%,158.27%,0.66699,2026-08-05
LGN,65.55,2026-08-21,16,Call,75.00,-14.42%,1.8,3.1,4.3,1125,119,9.45,102.90%,114.83%,0.332351,2026-08-05
NFLX,74.2,2026-09-04,30,Put,69.00,-7.01%,0.9,0.96,0.97,1083,115,9.42,35.21%,34.97%,-0.211394,2026-08-05
EXEL,56.7,2026-08-21,16,Put,55.00,-3.00%,0.75,2.1,2.25,1552,165,9.41,48.98%,48.93%,-0.35891,2026-08-05
QBTS,21.39,2026-08-07,2,Put,21.50,+0.51%,1.07,1.16,1.19,993,106,9.37,97.29%,170.05%,-0.49064,2026-08-05
UBER,68.18,2026-08-07,2,Call,68.00,+0.26%,0.97,1.06,1.1,4182,447,9.36,34.72%,46.51%,0.539743,2026-08-05
NVDA,219.22,2026-08-17,12,Call,220.00,-0.36%,5.4,5.45,5.55,6454,690,9.35,40.72%,36.20%,0.497775,2026-08-05
RKLB,74.82,2026-08-07,2,Put,71.00,-5.11%,0.67,0.79,0.92,2576,276,9.33,99.09%,102.26%,-0.231911,2026-08-05
CLX,105.84,2026-08-21,16,Put,100.00,-5.52%,1,1.25,1.2,2240,241,9.29,33.02%,37.24%,-0.222644,2026-08-05
SNDK,1350.5,2026-08-07,2,Put,"1,410.00",+4.41%,109.4,112.9,123.7,1056,114,9.26,117.69%,205.36%,-0.581863,2026-08-05
GOOG,360.13,2026-08-07,2,Put,357.50,-0.73%,3.15,3.2,3.35,4312,466,9.25,33.39%,42.16%,-0.399149,2026-08-05
SHOP,144.24,2026-08-07,2,Call,152.50,-5.73%,0.65,0.75,0.89,1481,161,9.2,55.16%,78.08%,0.175868,2026-08-05
TSLA,321.55,2026-08-07,2,Put,325.00,+1.07%,6.4,6.4,6.6,23732,2589,9.17,43.16%,48.25%,-0.609059,2026-08-05
SPCX,108.27,2026-08-14,9,Put,87.00,-19.65%,0.77,0.78,0.82,2445,267,9.16,92.27%,109.47%,-0.086417,2026-08-05
HIMX,13.35,2026-08-21,16,Put,10.00,-25.09%,0.15,0.2,0.2,3474,380,9.14,117.08%,118.77%,-0.099891,2026-08-05
RMBS,97.3,2026-08-21,16,Put,100.00,+2.77%,6.7,7.9,10.2,5036,556,9.06,90.71%,86.29%,-0.521776,2026-08-05
GLNG,50.21,2026-11-20,107,Put,45.00,-10.38%,1.45,1.8,2.1,1571,174,9.03,42.53%,38.27%,-0.255108,2026-08-05
TSLA,321.55,2026-08-12,7,Put,322.50,+0.30%,7.8,7.65,8.15,2004,223,8.99,43.16%,42.69%,-0.504464,2026-08-05
DDOG,283.17,2026-08-07,2,Put,280.00,-1.12%,16.25,17.04,18.15,915,102,8.97,79.81%,225.97%,-0.439621,2026-08-05
MP,47.91,2026-12-18,135,Call,85.00,-77.42%,1.5,1.75,1.75,1534,171,8.97,77.60%,76.59%,0.166644,2026-08-05
AMZN,272.65,2026-08-10,5,Put,300.00,+10.03%,26.75,28.65,28.15,1246,139,8.96,32.01%,43.73%,-0.971234,2026-08-05
LUV,48.79,2026-08-07,2,Call,49.50,-1.46%,0.31,0.52,0.92,1009,113,8.93,40.63%,63.73%,0.389639,2026-08-05
INTC,101.06,2026-08-07,2,Put,101.00,-0.06%,2.77,2.75,2.91,1778,199,8.93,80.64%,96.48%,-0.481644,2026-08-05
SPCX,108.27,2026-08-07,2,Call,110.00,-1.60%,4.15,4.24,4.25,28928,3245,8.91,92.27%,155.49%,0.468727,2026-08-05
MAT,14.46,2026-10-16,72,Call,18.00,-24.48%,0,0.16,0.25,5617,633,8.87,36.26%,38.21%,0.112437,2026-08-05
DIS,101.76,2026-08-07,2,Put,100.00,-1.73%,0.32,0.35,0.47,1115,126,8.85,25.95%,35.23%,-0.247118,2026-08-05
APPS,13.17,2026-08-21,16,Call,15.00,-13.90%,0.45,0.45,0.5,3925,451,8.7,96.40%,99.13%,0.303075,2026-08-05
UBER,68.18,2026-08-14,9,Put,67.00,-1.73%,0.91,0.97,1.07,2160,249,8.67,34.72%,36.11%,-0.363333,2026-08-05
AAPL,311,2026-08-10,5,Put,320.00,+2.89%,9.45,9.68,10.35,2608,302,8.64,26.23%,26.95%,-0.812143,2026-08-05
QCOM,157.53,2026-08-14,9,Call,172.50,-9.50%,1.25,1.41,1.59,1243,144,8.63,55.57%,60.41%,0.182288,2026-08-05
INTC,101.06,2026-08-07,2,Put,99.00,-2.04%,1.86,1.73,2.01,9155,1065,8.6,80.64%,96.63%,-0.372286,2026-08-05
SHOP,144.24,2027-12-17,499,Put,95.00,-34.14%,11.85,12.25,13.85,2897,338,8.57,55.16%,62.69%,-0.15984,2026-08-05
TSLA,321.55,2026-08-07,2,Put,317.50,-1.26%,2.72,2.77,2.78,6276,734,8.55,43.16%,47.79%,-0.351659,2026-08-05
HOOD,92.8,2026-09-04,30,Put,88.00,-5.17%,4.2,4.22,5.9,1058,124,8.53,66.81%,70.78%,-0.353613,2026-08-05
BMY,63.63,2027-01-15,163,Put,30.00,-52.85%,0.03,0.1,0.47,1881,222,8.47,28.20%,62.38%,-0.021792,2026-08-05
HPE,53.22,2026-08-28,23,Call,56.00,-5.22%,2.69,2.95,3.3,888,105,8.46,79.00%,77.10%,0.436942,2026-08-05
ETSY,85.86,2026-08-07,2,Call,97.00,-12.97%,1.7,2,2.5,948,112,8.46,80.67%,227.20%,0.261022,2026-08-05
GOOGL,362.43,2026-08-07,2,Call,370.00,-2.09%,1.76,1.79,1.85,17864,2116,8.44,33.79%,42.72%,0.263635,2026-08-05
RBLX,36.19,2026-08-21,16,Call,42.00,-16.05%,0.41,0.44,0.51,850,101,8.42,67.55%,69.47%,0.173585,2026-08-05
MSFT,487.46,2026-08-07,2,Call,487.50,-0.01%,5.25,5.41,5.85,1513,180,8.41,29.87%,38.43%,0.506721,2026-08-05
NVDA,219.22,2026-08-14,9,Put,220.00,+0.36%,5.5,5.5,5.65,5936,707,8.4,40.72%,38.21%,-0.507602,2026-08-05
GXO,47.62,2026-08-21,16,Call,52.50,-10.25%,0.15,0.2,0.4,2870,343,8.37,41.69%,40.60%,0.138619,2026-08-05
NN,14.82,2026-12-18,135,Call,30.00,-102.43%,1.45,1.54,1.6,5133,615,8.35,152.71%,125.61%,0.300765,2026-08-05
SPCX,108.27,2027-01-15,163,Call,330.00,-204.79%,1.2,1.31,1.34,2066,248,8.33,92.27%,87.78%,0.05739,2026-08-05
DDOG,283.17,2026-08-07,2,Call,340.00,-20.07%,3.15,3.3,3.5,1877,226,8.31,79.81%,220.25%,0.14936,2026-08-05
DELL,462.7,2026-08-21,16,Call,650.00,-40.48%,0.8,1.15,1.5,2617,315,8.31,88.76%,86.06%,0.036819,2026-08-05
AXP,348.99,2026-08-14,9,Put,330.00,-5.44%,0.34,0.48,0.58,1085,131,8.28,24.80%,25.17%,-0.073541,2026-08-05
EIX,68.32,2026-08-21,16,Call,70.00,-2.46%,1.2,1.5,1.65,1204,146,8.25,43.58%,37.74%,0.391152,2026-08-05
MSFT,487.46,2026-08-07,2,Call,492.50,-1.03%,3.15,3.2,3.45,2639,322,8.2,29.87%,37.49%,0.362729,2026-08-05
LLY,1169.86,2026-08-07,2,Call,"1,200.00",-2.58%,5.5,5.9,6.5,4577,558,8.2,35.66%,48.37%,0.24571,2026-08-05
AAL,16.58,2026-08-07,2,Put,17.00,+2.53%,0.51,0.57,0.57,1089,133,8.19,50.30%,56.98%,-0.715926,2026-08-05
EOSE,3.82,2026-08-28,23,Put,3.00,-21.47%,0.11,0.11,0.15,2182,267,8.17,120.23%,124.22%,-0.174277,2026-08-05
SPCX,108.27,2026-08-07,2,Put,107.00,-1.17%,4.25,4.25,4.35,17920,2208,8.12,92.27%,154.82%,-0.435763,2026-08-05
GTM,3.66,2026-08-07,2,Put,3.50,-4.37%,0.15,0.23,0.25,1136,140,8.11,108.42%,258.53%,-0.370632,2026-08-05
DDOG,283.17,2026-08-07,2,Put,200.00,-29.37%,0.15,0.26,0.26,1707,211,8.09,79.81%,216.92%,-0.012327,2026-08-05
MU,893.19,2026-08-07,2,Put,920.00,+3.00%,43,44.02,47.35,3086,382,8.08,85.96%,112.04%,-0.623025,2026-08-05
FIG,28.15,2026-08-07,2,Put,25.00,-11.19%,0.66,0.8,0.95,4090,508,8.05,99.59%,255.38%,-0.23475,2026-08-05
PBF,61.17,2026-09-18,44,Call,95.00,-55.30%,0.25,0.46,0.75,1456,181,8.04,70.30%,79.50%,0.073591,2026-08-05
NVDA,219.22,2026-08-10,5,Call,222.50,-1.50%,2.23,2.28,2.28,11480,1446,7.94,40.72%,35.18%,0.370829,2026-08-05
CRM,192.98,2026-08-07,2,Put,195.00,+1.05%,3.95,4.47,5.1,1143,144,7.94,49.80%,59.99%,-0.583034,2026-08-05
MSFT,487.46,2026-08-14,9,Put,452.50,-7.17%,0.89,1.05,1.09,996,126,7.9,29.87%,34.75%,-0.080266,2026-08-05
SPCX,108.27,2026-08-14,9,Call,114.00,-5.29%,5.1,5.2,5.25,1823,231,7.89,92.27%,110.28%,0.41835,2026-08-05
SPCX,108.27,2026-08-07,2,Put,104.00,-3.94%,2.93,2.95,3,8501,1079,7.88,92.27%,153.53%,-0.340006,2026-08-05
WULF,18.07,2026-08-28,23,Put,15.00,-16.99%,0.49,0.5,0.6,5595,711,7.87,97.67%,97.00%,-0.196785,2026-08-05
DASH,207.27,2026-08-21,16,Put,200.00,-3.51%,8.6,9,10,2306,293,7.87,63.40%,74.93%,-0.376585,2026-08-05
VTRS,17.65,2026-08-21,16,Put,18.00,+1.98%,0.65,0.87,1.35,2005,256,7.83,39.76%,54.97%,-0.543471,2026-08-05
FSLR,236.8,2026-08-21,16,Put,235.00,-0.76%,15.15,14.68,18.75,891,114,7.82,80.33%,91.53%,-0.443443,2026-08-05
TE,5.47,2026-09-04,30,Call,6.00,-9.69%,0.7,0.8,0.95,2173,278,7.82,164.36%,163.66%,0.51753,2026-08-05
SPCX,108.27,2026-08-07,2,Put,109.00,+0.67%,5.3,5.3,5.45,15665,2016,7.77,92.27%,156.32%,-0.499535,2026-08-05
SNDK,1350.5,2026-08-07,2,Call,"1,420.00",-5.15%,55,55.2,57.9,1899,245,7.75,117.69%,212.23%,0.405292,2026-08-05
AMD,482.05,2026-08-07,2,Put,445.00,-7.69%,1.63,1.71,1.83,5009,647,7.74,68.36%,90.16%,-0.108517,2026-08-05
AMPX,11.72,2026-09-18,44,Call,13.00,-10.92%,0.8,1.2,1.3,3401,440,7.73,97.80%,93.38%,0.442815,2026-08-05
FNGR,0.2909,2028-01-21,534,Call,0.5000,-71.88%,0.15,0.17,0.2,3569,464,7.69,298.72%,165.16%,0.775598,2026-08-05
SPCX,108.27,2026-08-07,2,Call,127.00,-17.30%,0.75,0.77,0.78,10950,1426,7.68,92.27%,172.84%,0.118666,2026-08-05
MS,218.27,2026-08-07,2,Put,217.50,-0.35%,1.58,1.61,2.14,813,106,7.67,31.57%,34.70%,-0.438897,2026-08-05
MRVL,211.02,2026-09-04,30,Put,170.00,-19.44%,6.1,6.48,7.05,1126,147,7.66,92.95%,97.90%,-0.178817,2026-08-05
CAPR,3.93,2026-09-18,44,Call,5.00,-27.23%,1.2,1.29,1.55,2373,310,7.65,283.17%,316.86%,0.631264,2026-08-05
META,588.77,2026-08-07,2,Put,582.50,-1.06%,5,5.15,5.4,1184,155,7.64,38.26%,46.16%,-0.368821,2026-08-05
NVDA,219.22,2026-08-14,9,Put,225.00,+2.64%,8.5,8.4,8.7,2547,334,7.63,40.72%,38.23%,-0.653689,2026-08-05
ALAB,318.43,2026-08-21,16,Call,290.00,+8.93%,40.4,47.75,48.85,1005,132,7.61,106.69%,109.92%,0.701395,2026-08-05
FIG,28.15,2026-08-07,2,Call,30.50,-8.35%,0.97,1.23,1.33,1278,168,7.61,99.59%,245.18%,0.363163,2026-08-05
EBAY,111.15,2026-08-07,2,Call,115.00,-3.46%,2.4,3.01,3.35,1116,147,7.59,45.78%,135.95%,0.387133,2026-08-05
PRGO,13.27,2026-11-20,107,Put,10.00,-24.64%,0.2,0.25,0.3,5102,673,7.58,55.00%,49.61%,-0.124425,2026-08-05
TSLA,321.55,2026-08-07,2,Call,322.50,-0.30%,4.1,4.1,4.15,24257,3205,7.57,43.16%,47.90%,0.476127,2026-08-05
QCOM,157.53,2026-08-14,9,Put,140.00,-11.13%,0.48,0.57,0.62,1782,236,7.55,55.57%,56.28%,-0.083373,2026-08-05
GILD,131.76,2026-08-07,2,Call,134.00,-1.70%,0.57,0.74,1.06,2107,280,7.53,30.30%,43.41%,0.306179,2026-08-05
MU,893.19,2026-08-14,9,Put,550.00,-38.42%,0.29,0.32,0.41,5732,764,7.5,85.96%,127.40%,-0.005745,2026-08-05
LLY,1169.86,2026-10-16,72,Put,490.00,-58.11%,0,2.32,3.8,1356,181,7.49,35.66%,93.20%,-0.010078,2026-08-05
XYZ,84.2,2026-08-21,16,Put,68.00,-19.24%,0.33,0.4,0.47,1607,215,7.47,57.69%,72.32%,-0.067232,2026-08-05
U,35.47,2027-12-17,499,Call,45.00,-26.87%,9,9.2,9.95,2244,301,7.46,90.44%,72.11%,0.581255,2026-08-05
ZETA,27.07,2026-08-07,2,Call,27.50,-1.59%,0.45,0.71,0.75,1487,200,7.44,67.17%,98.61%,0.429867,2026-08-05
TSLA,321.55,2026-08-10,5,Put,322.50,+0.30%,6.15,6.15,6.5,2633,355,7.42,43.16%,39.33%,-0.513025,2026-08-05
NVDA,219.22,2026-08-12,7,Put,215.00,-1.93%,2.65,2.65,2.77,878,120,7.32,40.72%,37.98%,-0.342437,2026-08-05
CMG,34.5,2026-08-21,16,Put,31.50,-8.70%,0.13,0.26,0.31,7343,1005,7.31,40.92%,42.09%,-0.137238,2026-08-05
WBD,25.97,2026-11-20,107,Call,27.00,-3.97%,0.41,1.05,1.78,4000,548,7.3,20.05%,25.15%,0.446415,2026-08-05
NVDA,219.22,2026-08-12,7,Put,197.50,-9.91%,0.23,0.24,0.26,3526,484,7.29,40.72%,44.93%,-0.04299,2026-08-05
GOOGL,362.43,2026-08-07,2,Put,357.50,-1.36%,2.44,2.68,2.85,2837,390,7.27,33.79%,44.47%,-0.330901,2026-08-05
GOOG,360.13,2026-08-07,2,Call,365.00,-1.35%,2.4,2.5,2.57,14873,2048,7.26,33.39%,41.88%,0.340202,2026-08-05
SPCX,108.27,2026-08-07,2,Call,109.00,-0.67%,4.55,4.6,4.7,6064,838,7.24,92.27%,155.06%,0.500227,2026-08-05
EPAM,109.87,2026-10-16,72,Call,120.00,-9.22%,8.5,8.5,10.1,1755,243,7.22,74.80%,66.44%,0.449642,2026-08-05
INTC,101.06,2026-08-07,2,Put,102.00,+0.93%,3.25,3.4,3.55,1456,202,7.21,80.64%,97.24%,-0.536148,2026-08-05
GLXY,19.07,2026-12-18,135,Call,17.50,+8.23%,5,5.17,5.2,6033,837,7.21,97.35%,95.15%,0.677951,2026-08-05
BAX,27.33,2026-11-20,107,Put,27.50,+0.62%,2.4,2.65,3.3,778,108,7.2,45.39%,49.20%,-0.445043,2026-08-05
AMZN,272.65,2026-08-07,2,Put,272.50,-0.06%,3,3.05,3.15,11590,1611,7.19,32.01%,39.43%,-0.48445,2026-08-05
NVDA,219.22,2026-08-07,2,Call,222.50,-1.50%,1.5,1.51,1.54,117604,16351,7.19,40.72%,43.74%,0.330989,2026-08-05
RKLB,74.82,2026-08-07,2,Call,80.00,-6.92%,0.69,0.7,0.71,34819,4858,7.17,99.09%,108.09%,0.213531,2026-08-05
APH,172.24,2026-09-18,44,Call,195.00,-13.21%,4,4.5,5,1375,195,7.05,49.99%,49.61%,0.269893,2026-08-05
WMB,71.81,2026-09-18,44,Put,65.00,-9.48%,0.5,0.62,0.65,16276,2316,7.03,28.72%,29.05%,-0.147047,2026-08-05
TSLA,321.55,2026-08-07,2,Put,335.00,+4.18%,14.15,13.88,14.45,6097,868,7.02,43.16%,51.37%,-0.854975,2026-08-05
AMZN,272.65,2026-08-07,2,Call,215.00,+21.14%,56.65,56.55,59.2,1143,163,7.01,32.01%,159.32%,0.980996,2026-08-05
SGML,10.55,2026-08-21,16,Call,13.00,-23.22%,0.2,0.3,0.35,1843,263,7.01,100.06%,110.82%,0.218511,2026-08-05
FLNC,14.23,2027-01-15,163,Call,21.00,-47.58%,2.9,3.11,3.3,1000,143,6.99,153.96%,128.91%,0.499532,2026-08-05
TSLA,321.55,2026-08-07,2,Put,330.00,+2.63%,9.9,9.97,10.25,19484,2789,6.99,43.16%,49.29%,-0.754865,2026-08-05
KTOS,55.34,2026-08-07,2,Call,57.00,-3.00%,0.55,0.85,1.1,3113,447,6.96,71.79%,90.96%,0.343686,2026-08-05
EXE,90.82,2028-01-21,534,Call,120.00,-32.13%,5,5.66,7.2,3113,448,6.95,29.31%,32.74%,0.315603,2026-08-05
BKNG,207.02,2026-08-07,2,Put,200.00,-3.39%,0.15,0.7,1.2,868,125,6.94,39.51%,49.15%,-0.165934,2026-08-05
APH,172.24,2026-11-20,107,Call,220.00,-27.73%,5.4,6.94,8.3,902,130,6.94,49.99%,54.49%,0.257517,2026-08-05
SPCX,108.27,2026-08-28,23,Call,115.00,-6.22%,7.75,7.91,7.95,2006,289,6.94,92.27%,96.77%,0.453269,2026-08-05
AVGO,418.28,2026-08-07,2,Put,402.50,-3.77%,1.51,1.42,2.19,740,107,6.92,53.54%,58.97%,-0.182372,2026-08-05
MU,893.19,2027-06-17,316,Call,"1,660.00",-85.85%,109.3,123,120.8,753,109,6.91,85.96%,83.22%,0.355655,2026-08-05
XYZ,84.2,2026-08-07,2,Call,100.00,-18.76%,0.31,0.33,0.35,6300,914,6.89,57.69%,157.20%,0.078087,2026-08-05
ANET,197.31,2026-11-20,107,Call,270.00,-36.84%,7.85,8.38,8.6,1225,178,6.88,61.54%,63.71%,0.240675,2026-08-05
SPCX,108.27,2026-08-14,9,Call,116.00,-7.14%,4.45,4.48,4.6,1561,227,6.88,92.27%,110.54%,0.380021,2026-08-05
NVDA,219.22,2026-08-14,9,Put,222.50,+1.50%,6.9,6.65,7.05,2183,318,6.86,40.72%,38.06%,-0.582822,2026-08-05
MRVL,211.02,2026-08-14,9,Put,177.50,-15.88%,1.67,1.7,2.02,719,105,6.85,92.95%,96.76%,-0.111273,2026-08-05
INTC,101.06,2026-08-07,2,Call,113.00,-11.81%,0.23,0.28,0.31,5339,781,6.84,80.64%,103.92%,0.079114,2026-08-05
WDC,519.17,2026-09-18,44,Put,240.00,-53.77%,0.83,0.83,1.27,1224,179,6.84,96.06%,110.21%,-0.013268,2026-08-05
GOOGL,362.43,2026-08-14,9,Call,362.50,-0.02%,7.95,8.6,8.7,1018,149,6.83,33.79%,36.17%,0.515806,2026-08-05
DDOG,283.17,2026-08-07,2,Put,275.00,-2.89%,13.7,14.05,15.65,2714,399,6.8,79.81%,224.71%,-0.397352,2026-08-05
MU,893.19,2026-08-07,2,Call,920.00,-3.00%,19,19.2,19.55,8808,1296,6.8,85.96%,115.01%,0.381097,2026-08-05
CNQ,44.75,2026-08-07,2,Call,47.00,-5.03%,0.05,0.3,0.25,713,105,6.79,33.32%,61.56%,0.145846,2026-08-05
FIG,28.15,2026-08-07,2,Put,26.00,-7.64%,0.95,1,1.09,1758,259,6.79,99.59%,238.95%,-0.295058,2026-08-05
DELL,462.7,2026-08-07,2,Put,440.00,-4.91%,4,4.2,5.2,1232,182,6.77,88.76%,96.95%,-0.229939,2026-08-05
TSLA,321.55,2026-08-12,7,Put,325.00,+1.07%,9.15,9,9.55,810,120,6.75,43.16%,42.64%,-0.556649,2026-08-05
PANW,362.66,2026-08-07,2,Put,350.00,-3.49%,1.72,2.3,2.7,924,137,6.74,61.52%,64.15%,-0.218901,2026-08-05
AMD,482.05,2026-08-07,2,Put,437.50,-9.24%,0.95,1.13,1.14,1098,163,6.74,68.36%,91.26%,-0.070508,2026-08-05
U,35.47,2026-08-07,2,Put,35.00,-1.33%,2.37,2.58,2.78,727,108,6.73,90.44%,270.23%,-0.433477,2026-08-05
PG,146.8,2026-10-16,72,Put,140.00,-4.63%,2.12,2.47,2.76,10328,1538,6.72,21.25%,20.57%,-0.279885,2026-08-05
ZETA,27.07,2026-08-21,16,Call,24.50,+9.49%,2.85,3.25,3.75,7591,1133,6.7,67.17%,78.39%,0.75792,2026-08-05
SMCI,30.32,2026-08-28,23,Call,36.00,-18.73%,1.36,1.45,1.5,5198,781,6.66,99.98%,107.57%,0.311185,2026-08-05
RIOT,21.5,2026-08-07,2,Put,22.50,+4.65%,1.31,1.47,1.67,1257,189,6.65,107.82%,139.58%,-0.650638,2026-08-05
GOOGL,362.43,2026-08-14,9,Put,325.00,-10.33%,0.18,0.38,0.45,2688,405,6.64,33.79%,39.22%,-0.034877,2026-08-05
MDT,85.99,2026-08-14,9,Put,84.00,-2.31%,0.55,0.9,0.84,1568,237,6.62,25.79%,27.90%,-0.288177,2026-08-05
HPE,53.22,2026-08-28,23,Call,54.00,-1.47%,3.2,4.33,4.45,787,119,6.61,79.00%,77.76%,0.51216,2026-08-05
EL,86.96,2026-12-18,135,Put,75.00,-13.75%,4,4.3,4.8,1203,182,6.61,52.04%,48.18%,-0.248563,2026-08-05
HPE,53.22,2026-08-21,16,Put,44.00,-17.32%,0.27,0.37,0.5,2570,389,6.61,79.00%,73.71%,-0.09393,2026-08-05
TSLA,321.55,2026-08-12,7,Call,322.50,-0.30%,7.1,7.6,7.25,989,150,6.59,43.16%,42.36%,0.49637,2026-08-05
FSLY,26.03,2026-08-07,2,Call,35.00,-34.46%,0.2,0.25,0.3,1954,297,6.58,111.90%,290.54%,0.102329,2026-08-05
APP,417.8,2026-08-07,2,Call,440.00,-5.31%,14.1,15.8,16.5,1189,181,6.57,81.90%,196.08%,0.388658,2026-08-05
GOOG,360.13,2026-08-07,2,Put,347.50,-3.51%,0.85,0.85,0.94,1181,180,6.56,33.39%,45.83%,-0.141311,2026-08-05
DFTX,44.39,2026-08-21,16,Call,45.00,-1.37%,4.8,5.2,5.8,5644,864,6.53,129.75%,149.81%,0.547114,2026-08-05
TSLA,321.55,2026-08-10,5,Call,325.00,-1.07%,4.35,4.36,4.45,3496,537,6.51,43.16%,39.10%,0.420926,2026-08-05
JOBY,7.8,2026-09-18,44,Put,7.00,-10.26%,0.46,0.47,0.55,3593,552,6.51,87.49%,84.06%,-0.298201,2026-08-05
LLY,1169.86,2026-08-14,9,Call,"1,400.00",-19.67%,0,0.2,0.4,870,134,6.49,35.66%,46.00%,0.00736,2026-08-05
AMZN,272.65,2026-08-07,2,Call,210.00,+22.98%,61.75,61.57,64.15,1492,230,6.49,32.01%,175.74%,0.980931,2026-08-05
ADMA,9.26,2026-08-21,16,Call,9.00,+2.81%,0.7,0.75,0.85,3082,477,6.46,64.71%,82.57%,0.602724,2026-08-05
PLTR,158.43,2026-08-14,9,Call,162.50,-2.57%,3.45,3.6,3.7,9542,1477,6.46,49.55%,52.85%,0.399969,2026-08-05
SNOW,316.84,2026-08-07,2,Put,312.50,-1.37%,5.65,6.17,6.45,646,101,6.4,68.01%,86.74%,-0.401459,2026-08-05
ETSY,85.86,2026-08-07,2,Call,115.00,-33.94%,0.11,0.28,0.53,883,138,6.4,80.67%,233.28%,0.054282,2026-08-05
PTON,6.52,2026-08-07,2,Put,6.50,-0.31%,0.35,0.39,0.42,995,156,6.38,79.98%,205.94%,-0.461186,2026-08-05
AAPL,311,2026-08-12,7,Call,312.50,-0.48%,3.65,3.86,3.95,891,140,6.36,26.23%,25.68%,0.460212,2026-08-05
CORZ,21.77,2026-08-28,23,Call,24.00,-10.24%,0.8,1.12,1.42,1215,191,6.36,84.66%,88.21%,0.37469,2026-08-05
META,588.77,2026-08-07,2,Call,585.00,+0.64%,10.1,10.45,11,2510,396,6.34,38.26%,48.89%,0.579473,2026-08-05
AVGO,418.28,2026-08-07,2,Put,415.00,-0.78%,4.95,5.8,6.5,1178,186,6.33,53.54%,59.13%,-0.418798,2026-08-05
GEO,31.42,2026-08-21,16,Call,29.00,+7.70%,2.8,3,3.6,2500,396,6.31,60.09%,68.52%,0.735434,2026-08-05
APP,417.8,2026-08-07,2,Call,460.00,-10.10%,9.3,10.02,10.5,2295,364,6.3,81.90%,198.17%,0.280507,2026-08-05
NVO,44.53,2026-08-14,9,Put,44.00,-1.19%,0.66,0.7,0.94,2616,415,6.3,35.58%,37.02%,-0.412784,2026-08-05
WDC,519.17,2026-08-07,2,Call,940.00,-81.06%,0,0.1,4.3,660,105,6.29,96.06%,414.51%,0.037493,2026-08-05
MU,893.19,2026-08-07,2,Put,885.00,-0.92%,25.55,26.07,27.65,785,125,6.28,85.96%,116.56%,-0.439668,2026-08-05
LRN,82.58,2026-08-21,16,Call,85.00,-2.93%,1.45,2.55,2.35,763,122,6.25,40.76%,41.49%,0.393278,2026-08-05
DOCN,124.46,2026-08-21,16,Call,140.00,-12.49%,4.1,5,5.2,1204,193,6.24,94.01%,96.27%,0.317337,2026-08-05
SPCX,108.27,2026-09-18,44,Call,115.00,-6.22%,10.65,10.74,10.85,18920,3034,6.24,92.27%,88.75%,0.489165,2026-08-05
GOOGL,362.43,2026-08-07,2,Call,382.50,-5.54%,0.28,0.28,0.32,4720,758,6.23,33.79%,45.66%,0.057925,2026-08-05
MU,893.19,2026-08-07,2,Call,930.00,-4.12%,15.75,15.85,16.25,5915,950,6.23,85.96%,114.94%,0.333633,2026-08-05
SPCX,108.27,2026-12-18,135,Call,110.00,-1.60%,20.1,20.3,20.75,6271,1007,6.23,92.27%,78.77%,0.593345,2026-08-05
AMD,482.05,2026-08-21,16,Call,507.50,-5.28%,17.65,19.9,19.5,771,124,6.22,68.36%,70.94%,0.396869,2026-08-05
MCHP,77.79,2026-10-16,72,Put,60.00,-22.87%,1.7,2.15,2.7,10026,1615,6.21,69.00%,68.37%,-0.154434,2026-08-05
AMZN,272.65,2026-08-10,5,Call,287.50,-5.45%,0.39,0.45,0.47,1103,178,6.2,32.01%,32.95%,0.089633,2026-08-05
MTDR,47.03,2026-08-21,16,Call,52.50,-11.63%,0.2,0.49,0.6,1021,165,6.19,44.88%,50.27%,0.160663,2026-08-05
SNDK,1350.5,2026-08-07,2,Put,955.00,-29.29%,1.2,1.4,1.5,623,101,6.17,117.69%,226.67%,-0.015775,2026-08-05
NVDA,219.22,2026-08-17,12,Call,240.00,-9.48%,0.63,0.65,0.68,2994,485,6.17,40.72%,37.07%,0.097058,2026-08-05
BTBT,1.38,2026-08-14,9,Put,1.5000,+8.70%,0.16,0.19,0.25,5349,868,6.16,118.44%,152.92%,-0.588867,2026-08-05
UUUU,12.44,2026-08-14,9,Put,10.50,-15.59%,0.01,0.11,0.15,1468,239,6.14,86.52%,87.21%,-0.094658,2026-08-05
CLSK,13.5,2026-12-18,135,Put,9.00,-33.33%,0.93,0.95,1.01,2882,469,6.14,106.32%,101.15%,-0.161979,2026-08-05
CSX,51.12,2027-01-15,163,Put,50.00,-2.19%,2.65,2.8,2.8,917,150,6.11,24.17%,26.10%,-0.393958,2026-08-05
B,41.05,2026-08-28,23,Call,41.00,+0.12%,1.82,2,2.29,656,108,6.07,46.43%,48.91%,0.531818,2026-08-05
AAPL,311,2026-08-07,2,Put,312.50,+0.48%,3.4,3.5,3.8,4087,673,6.07,26.23%,30.58%,-0.577374,2026-08-05
MDT,85.99,2026-08-21,16,Put,86.00,+0.01%,0.93,2.11,2.19,636,105,6.06,25.79%,21.76%,-0.490339,2026-08-05
WPM,122.82,2026-08-07,2,Call,121.00,+1.48%,2.8,3.6,5,981,162,6.06,44.81%,80.23%,0.611733,2026-08-05
META,588.77,2026-08-07,2,Call,607.50,-3.18%,2.28,2.54,2.65,908,150,6.05,38.26%,49.94%,0.205004,2026-08-05
TGB,8.18,2026-11-20,107,Call,10.00,-22.25%,0.8,0.8,0.85,3398,565,6.01,79.45%,79.23%,0.409981,2026-08-05
META,588.77,2026-11-20,107,Put,585.00,-0.64%,47.6,47.67,48.45,4541,755,6.01,38.26%,41.58%,-0.430918,2026-08-05
VZ,46.47,2026-09-04,30,Put,45.00,-3.16%,0.7,0.83,0.85,689,115,5.99,26.08%,26.02%,-0.326924,2026-08-05
MSTR,98.37,2026-08-14,9,Put,87.00,-11.56%,0.71,0.79,0.92,604,101,5.98,72.64%,74.75%,-0.133035,2026-08-05
HUT,92.76,2026-09-18,44,Call,110.00,-18.59%,7.6,7.9,8.15,2273,380,5.98,108.32%,106.23%,0.395226,2026-08-05
DKNG,21.76,2026-08-14,9,Call,22.00,-1.10%,1.1,1.14,1.18,2717,454,5.98,66.55%,91.11%,0.500438,2026-08-05
NFLX,74.2,2028-06-16,681,Call,15.00,+79.78%,58.5,60.98,63.5,932,156,5.97,35.21%,76.59%,0.983154,2026-08-05
HOOD,92.8,2026-09-11,37,Put,92.00,-0.86%,4.75,6.27,8,602,101,5.96,66.81%,59.07%,-0.438187,2026-08-05
STM,52.77,2026-09-18,44,Call,70.00,-32.65%,0.65,0.8,0.9,1102,185,5.96,67.45%,66.62%,0.137848,2026-08-05
XYZ,84.2,2026-08-07,2,Call,95.00,-12.83%,0.8,0.83,0.9,4248,713,5.96,57.69%,159.82%,0.168678,2026-08-05
SOUN,6.43,2026-08-14,9,Put,5.50,-14.46%,0.15,0.16,0.18,1873,315,5.95,95.57%,134.15%,-0.197436,2026-08-05
ALAB,318.43,2026-08-07,2,Call,355.00,-11.48%,1.45,3.8,3.25,612,103,5.94,106.69%,134.66%,0.149427,2026-08-05
GOOG,360.13,2026-08-07,2,Call,377.50,-4.82%,0.37,0.44,0.41,4724,795,5.94,33.39%,43.67%,0.075607,2026-08-05
AAPL,311,2026-08-07,2,Put,310.00,-0.32%,2.25,2.37,2.46,12158,2048,5.94,26.23%,31.08%,-0.437217,2026-08-05
CLSK,13.5,2026-08-14,9,Put,13.50,0.00%,0.92,1.02,1.06,1204,203,5.93,106.32%,117.91%,-0.461579,2026-08-05
ANET,197.31,2026-08-14,9,Call,210.00,-6.43%,3.45,3.8,4.1,1316,222,5.93,61.54%,67.67%,0.299751,2026-08-05
DIS,101.76,2026-08-07,2,Put,99.00,-2.71%,0.18,0.21,0.26,1678,283,5.93,25.95%,36.62%,-0.151655,2026-08-05
UBER,68.18,2026-08-21,16,Call,68.00,+0.26%,2.13,2.18,2.27,911,154,5.92,34.72%,36.13%,0.537371,2026-08-05
SPCX,108.27,2026-09-18,44,Put,70.00,-35.35%,1.03,1.06,1.1,34362,5805,5.92,92.27%,92.16%,-0.062283,2026-08-05
UPST,30.2,2026-08-07,2,Put,28.50,-5.63%,0.1,0.2,0.23,3374,571,5.91,71.05%,82.78%,-0.163747,2026-08-05
GLXY,19.07,2026-08-07,2,Put,19.00,-0.37%,0.09,0.5,0.75,1126,191,5.9,97.35%,80.68%,-0.464223,2026-08-05
EYPT,12.25,2026-09-18,44,Call,25.00,-104.08%,1.25,2,2.35,1409,239,5.9,316.68%,257.99%,0.365563,2026-08-05
MU,893.19,2026-08-07,2,Put,850.00,-4.84%,13.25,13.3,13.7,8249,1401,5.89,85.96%,117.99%,-0.269868,2026-08-05
APPS,13.17,2026-08-21,16,Put,13.00,-1.29%,0.9,1,1.05,711,121,5.88,96.40%,97.82%,-0.4317,2026-08-05
INTC,101.06,2026-08-10,5,Call,102.00,-0.93%,3,3.15,3.3,952,162,5.88,80.64%,75.57%,0.477793,2026-08-05
CDW,140.1,2026-08-21,16,Call,150.00,-7.07%,0.3,2.4,3.2,1045,178,5.87,43.00%,43.43%,0.242835,2026-08-05
NEM,104.29,2026-10-16,72,Call,120.00,-15.06%,2.7,3.08,3.65,765,131,5.84,42.32%,44.16%,0.277006,2026-08-05
SNDK,1350.5,2026-08-07,2,Put,"1,400.00",+3.67%,104.9,111.29,117,3378,578,5.84,117.69%,207.17%,-0.562415,2026-08-05
FISV,54.11,2026-08-21,16,Put,48.00,-11.29%,0.35,0.79,1.2,582,100,5.82,55.26%,67.37%,-0.176148,2026-08-05
NVDA,219.22,2026-08-19,14,Call,220.00,-0.36%,6.05,6.49,6.2,784,135,5.81,40.72%,37.21%,0.501668,2026-08-05
LLY,1169.86,2026-09-18,44,Put,490.00,-58.11%,0,2.32,3.75,1356,234,5.79,35.66%,118.70%,-0.010003,2026-08-05
UNH,412.75,2026-08-07,2,Call,420.00,-1.76%,1.41,1.5,1.55,4548,786,5.79,28.64%,33.53%,0.24628,2026-08-05
BABA,128.53,2026-08-14,9,Put,128.00,-0.41%,2.9,3.11,3.25,582,101,5.76,46.58%,41.60%,-0.460916,2026-08-05
NVDA,219.22,2026-08-12,7,Put,200.00,-8.77%,0.33,0.32,0.38,2050,356,5.76,40.72%,43.83%,-0.06042,2026-08-05
PG,146.8,2026-10-16,72,Call,150.00,-2.18%,4.4,4.65,4.8,7989,1386,5.76,21.25%,22.82%,0.439118,2026-08-05
APP,417.8,2026-08-07,2,Put,370.00,-11.44%,5.6,5.94,6.3,1195,208,5.75,81.90%,190.53%,-0.175316,2026-08-05
JOBY,7.8,2027-01-15,163,Call,14.00,-79.49%,0.43,0.52,0.54,3031,528,5.74,87.49%,85.41%,0.239022,2026-08-05
UNH,412.75,2026-08-28,23,Call,450.00,-9.02%,1.8,1.97,1.99,843,147,5.73,28.64%,29.21%,0.129118,2026-08-05
SNDK,1350.5,2026-08-14,9,Call,"2,300.00",-70.31%,0.9,1.6,2,876,153,5.73,117.69%,146.71%,0.014201,2026-08-05
AMD,482.05,2026-08-10,5,Call,490.00,-1.65%,11.6,13,12.9,668,117,5.71,68.36%,69.69%,0.438919,2026-08-05
CSCO,121.5,2026-08-14,9,Call,140.00,-15.23%,0.59,0.75,0.76,2262,397,5.7,50.10%,70.03%,0.109538,2026-08-05
NVDA,219.22,2026-08-10,5,Call,245.00,-11.76%,0.08,0.1,0.1,1035,182,5.69,40.72%,45.93%,0.021025,2026-08-05
SPCX,108.27,2026-08-14,9,Put,96.00,-11.33%,2.36,2.42,2.44,1720,303,5.68,92.27%,107.88%,-0.211993,2026-08-05
NVDA,219.22,2026-09-04,30,Call,265.00,-20.88%,0.87,1.07,1.07,646,114,5.67,40.72%,44.48%,0.080366,2026-08-05
DAL,93.14,2026-09-18,44,Put,95.00,+2.00%,5.35,5.35,5.65,1146,202,5.67,36.75%,35.89%,-0.53049,2026-08-05
AMZN,272.65,2026-08-14,9,Put,247.50,-9.22%,0.27,0.33,0.35,1235,218,5.67,32.01%,37.50%,-0.045815,2026-08-05
MU,893.19,2026-08-07,2,Put,910.00,+1.88%,38.8,40,40.9,2235,394,5.67,85.96%,115.77%,-0.56867,2026-08-05
ORCL,144.39,2026-08-21,16,Put,139.00,-3.73%,4.6,4.7,5,651,115,5.66,70.94%,61.14%,-0.35636,2026-08-05
ASTS,68.38,2026-08-07,2,Call,75.00,-9.68%,0.53,0.55,0.57,27048,4776,5.66,109.04%,124.59%,0.17008,2026-08-05
HL,16.54,2026-08-21,16,Call,17.50,-5.80%,0.52,0.66,0.69,1203,213,5.65,68.70%,70.71%,0.383343,2026-08-05
PG,146.8,2026-10-16,72,Call,145.00,+1.23%,6.65,7.25,7.35,7771,1380,5.63,21.25%,23.14%,0.570703,2026-08-05
ORCL,144.39,2026-08-07,2,Put,142.00,-1.66%,1.89,1.96,2.03,1934,344,5.62,70.94%,71.23%,-0.365031,2026-08-05
DASH,207.27,2026-08-07,2,Put,195.00,-5.92%,5,5.2,6.35,612,109,5.61,63.40%,180.75%,-0.300015,2026-08-05
SHOP,144.24,2026-08-14,9,Call,170.00,-17.86%,0.26,0.36,0.4,1463,261,5.61,55.16%,63.48%,0.055948,2026-08-05
BAX,27.33,2027-03-19,226,Call,25.00,+8.53%,5.1,5.6,6.9,1317,235,5.6,45.39%,54.57%,0.682943,2026-08-05
RIOT,21.5,2026-08-14,9,Put,19.00,-11.63%,0.56,0.58,0.72,2078,372,5.59,107.82%,125.87%,-0.233208,2026-08-05
GOOGL,362.43,2026-08-07,2,Call,392.50,-8.30%,0.05,0.1,0.38,781,140,5.58,33.79%,58.61%,0.035051,2026-08-05
NVDA,219.22,2026-08-21,16,Put,222.50,+1.50%,8.45,8.5,8.6,1076,193,5.58,40.72%,37.52%,-0.554475,2026-08-05
FLNC,14.23,2026-08-21,16,Call,17.00,-19.47%,1.2,1.35,1.35,5820,1045,5.57,153.96%,185.93%,0.398105,2026-08-05
NVDA,219.22,2026-08-19,14,Call,225.00,-2.64%,3.95,4.45,4.15,659,119,5.54,40.72%,37.10%,0.380063,2026-08-05
RKLB,74.82,2026-08-14,9,Put,67.00,-10.45%,1.92,2.2,2.38,1142,206,5.54,99.09%,116.47%,-0.242148,2026-08-05
SPCX,108.27,2026-08-14,9,Call,109.00,-0.67%,6.8,7.05,7.25,945,171,5.53,92.27%,107.99%,0.520111,2026-08-05
NVDA,219.22,2027-02-19,198,Call,340.00,-55.10%,3.1,3.37,3.45,832,151,5.51,40.72%,41.80%,0.11301,2026-08-05
APP,417.8,2026-08-07,2,Call,480.00,-14.89%,5.7,6.08,6.6,1721,313,5.5,81.90%,199.20%,0.193176,2026-08-05
AMD,482.05,2026-08-10,5,Put,400.00,-17.02%,0.23,0.32,0.33,873,159,5.49,68.36%,77.25%,-0.01727,2026-08-05
DIS,101.76,2026-08-21,16,Call,107.00,-5.15%,0.46,0.6,0.75,1119,204,5.49,25.95%,26.91%,0.1953,2026-08-05
SPCX,108.27,2028-06-16,681,Call,350.00,-223.27%,8.7,10.15,11.3,2968,541,5.49,92.27%,69.22%,0.245691,2026-08-05
AVGO,418.28,2026-08-07,2,Call,445.00,-6.39%,0.54,0.65,0.7,2497,456,5.48,53.54%,57.92%,0.077928,2026-08-05
MU,893.19,2026-08-07,2,Call,925.00,-3.56%,17.25,17.4,17.85,3212,587,5.47,85.96%,114.85%,0.356852,2026-08-05
PTON,6.52,2026-08-07,2,Call,7.50,-15.03%,0.07,0.1,0.1,4332,792,5.47,79.98%,191.81%,0.180374,2026-08-05
GOOGL,362.43,2026-08-28,23,Call,450.00,-24.16%,0.18,0.32,0.37,1697,310,5.47,33.79%,40.84%,0.02074,2026-08-05
KLAR,20.37,2026-08-07,2,Call,13.00,+36.18%,7,7.26,7.7,544,100,5.44,88.08%,249.57%,0.994199,2026-08-05
APTV,47.01,2026-08-21,16,Call,52.50,-11.68%,0.35,0.4,0.45,988,182,5.43,45.36%,50.23%,0.160841,2026-08-05
TSLA,321.55,2026-08-10,5,Put,325.00,+1.07%,7.65,7.5,7.95,5303,977,5.43,43.16%,39.76%,-0.578587,2026-08-05
APP,417.8,2026-08-07,2,Put,410.00,-1.87%,18.8,19.6,21,791,146,5.42,81.90%,193.51%,-0.419032,2026-08-05
APP,417.8,2026-11-20,107,Put,280.00,-32.98%,10.4,12.9,15,1066,197,5.41,81.90%,78.56%,-0.11957,2026-08-05
GOOG,360.13,2026-08-07,2,Put,355.00,-1.42%,2.36,2.43,2.5,6573,1215,5.41,33.39%,43.22%,-0.319339,2026-08-05
NVDA,219.22,2026-08-10,5,Call,225.00,-2.64%,1.47,1.48,1.53,9438,1749,5.4,40.72%,35.31%,0.274714,2026-08-05
UBER,68.18,2026-08-28,23,Call,71.00,-4.14%,1.28,1.48,1.52,675,125,5.4,34.72%,36.05%,0.352929,2026-08-05
BMY,63.63,2026-08-21,16,Call,69.00,-8.44%,0.2,0.43,0.55,1019,189,5.39,28.20%,36.53%,0.153051,2026-08-05
SPCX,108.27,2026-08-28,23,Call,155.00,-43.16%,1.39,1.41,1.5,1931,358,5.39,92.27%,106.27%,0.114462,2026-08-05
ZETA,27.07,2026-08-21,16,Call,24.00,+11.34%,3.2,3.65,4.35,8116,1509,5.38,67.17%,85.27%,0.7801,2026-08-05
TGT,147.7,2027-01-15,163,Call,210.00,-42.18%,1.14,1.23,1.34,5370,1000,5.37,42.30%,35.18%,0.085106,2026-08-05
COIN,149.89,2026-08-14,9,Put,150.00,+0.07%,6.4,5.55,7,1168,218,5.36,69.39%,71.44%,-0.477717,2026-08-05
AAPL,311,2026-08-07,2,Put,307.50,-1.13%,1.39,1.46,1.52,9344,1742,5.36,26.23%,31.65%,-0.307973,2026-08-05
TROX,5.85,2026-08-21,16,Put,5.00,-14.53%,0.1,0.19,0.25,5748,1075,5.35,86.24%,107.89%,-0.209124,2026-08-05
SNDK,1350.5,2026-08-07,2,Call,"1,995.00",-47.72%,0,0.75,0.95,674,126,5.35,117.69%,208.88%,0.007257,2026-08-05
DK,59.75,2026-08-21,16,Put,60.00,+0.42%,2.15,3,4.2,979,183,5.35,64.11%,61.52%,-0.484906,2026-08-05
TROW,114.98,2026-09-18,44,Put,105.00,-8.68%,1,1.2,1.5,1419,265,5.35,27.04%,30.27%,-0.180889,2026-08-05
B,41.05,2026-08-07,2,Call,42.00,-2.31%,0.18,0.29,0.29,652,122,5.34,46.43%,48.24%,0.267599,2026-08-05
M,25.51,2026-08-14,9,Put,24.00,-5.92%,0.15,0.16,0.24,1010,190,5.32,51.21%,45.77%,-0.187412,2026-08-05
DELL,462.7,2026-08-07,2,Put,450.00,-2.74%,6.75,7.06,7.8,1165,219,5.32,88.76%,93.88%,-0.330903,2026-08-05
SPCX,108.27,2026-08-07,2,Call,114.00,-5.29%,2.8,2.82,2.86,7650,1442,5.31,92.27%,158.36%,0.35208,2026-08-05
NVDA,219.22,2026-08-17,12,Call,250.00,-14.04%,0.22,0.25,0.24,643,121,5.31,40.72%,39.57%,0.037492,2026-08-05
MSFT,487.46,2026-08-17,12,Put,490.00,+0.52%,11.15,9.39,11.8,1397,263,5.31,29.87%,29.36%,-0.522837,2026-08-05
AA,47.69,2027-03-19,226,Put,35.00,-26.61%,2.03,2.5,2.68,1401,265,5.29,51.92%,56.25%,-0.168417,2026-08-05
TSLA,321.55,2026-08-12,7,Call,330.00,-2.63%,4.25,4.35,4.35,4026,761,5.29,43.16%,42.94%,0.346488,2026-08-05
XYZ,84.2,2026-08-07,2,Put,65.00,-22.80%,0.1,0.16,0.31,3266,619,5.28,57.69%,205.66%,-0.037753,2026-08-05
AAPL,311,2026-08-10,5,Call,312.50,-0.48%,2.73,2.91,3.05,3873,733,5.28,26.23%,24.25%,0.44449,2026-08-05
SEDG,33.9,2026-08-07,2,Put,35.00,+3.24%,1.63,1.27,2.05,702,133,5.28,95.93%,119.54%,-0.623629,2026-08-05
AVGO,418.28,2026-08-07,2,Put,412.50,-1.38%,3.95,4.38,5.25,808,153,5.28,53.54%,58.25%,-0.364057,2026-08-05
META,588.77,2026-08-10,5,Call,610.00,-3.61%,3.1,3.45,3.8,986,187,5.27,38.26%,38.82%,0.227486,2026-08-05
INTC,101.06,2026-08-07,2,Call,102.00,-0.93%,2.37,2.44,2.5,9367,1778,5.27,80.64%,95.85%,0.46309,2026-08-05
SPCX,108.27,2026-10-16,72,Call,225.00,-107.81%,1.06,1.15,1.15,3100,589,5.26,92.27%,94.51%,0.064866,2026-08-05
LLY,1169.86,2026-08-07,2,Put,"1,070.00",-8.54%,0.09,0.24,0.38,642,122,5.26,35.66%,55.30%,-0.013777,2026-08-05
META,588.77,2026-08-07,2,Put,592.50,+0.63%,9.45,9.8,10.75,620,118,5.25,38.26%,46.75%,-0.564041,2026-08-05
META,588.77,2026-08-07,2,Call,597.50,-1.48%,4.45,4.97,5.25,1968,375,5.25,38.26%,48.38%,0.34895,2026-08-05
SPCX,108.27,2026-09-11,37,Put,90.00,-16.87%,4.15,4.3,4.45,570,109,5.23,92.27%,89.87%,-0.211717,2026-08-05
DOCN,124.46,2026-10-16,72,Put,110.00,-11.62%,11.5,11.5,13.6,1350,258,5.23,94.01%,93.45%,-0.30179,2026-08-05
NVDA,219.22,2026-08-07,2,Put,212.50,-3.07%,0.66,0.67,0.68,14923,2861,5.22,40.72%,44.97%,-0.16935,2026-08-05
SPCX,108.27,2026-08-07,2,Call,123.00,-13.60%,1.11,1.11,1.15,6637,1275,5.21,92.27%,167.49%,0.167181,2026-08-05
GOOGL,362.43,2026-08-07,2,Call,365.00,-0.71%,3.4,3.5,3.65,14202,2725,5.21,33.79%,43.49%,0.421639,2026-08-05
FCX,69.39,2026-08-14,9,Call,68.00,+2.00%,3,3.18,3.35,1974,379,5.21,52.79%,55.56%,0.611448,2026-08-05
DASH,207.27,2026-08-21,16,Call,225.00,-8.55%,5.45,5.85,6.5,847,163,5.2,63.40%,71.26%,0.32097,2026-08-05
UBER,68.18,2026-08-21,16,Call,69.00,-1.20%,1.64,1.73,1.78,1851,356,5.2,34.72%,35.74%,0.459737,2026-08-05
DDD,3.57,2026-09-18,44,Call,3.50,+1.96%,0.4,0.55,0.6,597,115,5.19,96.60%,93.74%,0.593796,2026-08-05
BSX,47.74,2026-08-21,16,Put,43.00,-9.93%,0.15,0.25,0.35,877,169,5.19,40.15%,43.57%,-0.113553,2026-08-05
SOFI,18.25,2026-12-18,135,Call,24.00,-31.51%,0.9,1.04,1.03,14691,2833,5.19,50.31%,57.71%,0.286236,2026-08-05
HPQ,28.52,2026-11-20,107,Put,23.00,-19.35%,0.7,0.8,0.98,672,130,5.17,54.22%,50.19%,-0.17571,2026-08-05
TSLA,321.55,2026-08-12,7,Call,355.00,-10.40%,0.68,0.7,0.72,635,123,5.16,43.16%,48.14%,0.074833,2026-08-05
PENN,19.62,2026-09-18,44,Put,17.00,-13.35%,0.2,0.4,0.65,1002,194,5.16,60.25%,54.28%,-0.190597,2026-08-05
PAA,23.17,2027-01-15,163,Put,22.00,-5.05%,0.7,0.7,0.75,2203,427,5.16,21.26%,18.61%,-0.345723,2026-08-05
FIG,28.15,2026-08-07,2,Put,24.00,-14.74%,0.37,0.61,0.61,2937,569,5.16,99.59%,245.12%,-0.16582,2026-08-05
GOOG,360.13,2026-08-14,9,Put,335.00,-6.98%,0.94,1.05,1.11,1035,201,5.15,33.39%,37.23%,-0.100298,2026-08-05
VRTX,484.83,2026-08-07,2,Call,500.00,-3.13%,0.25,1.35,2.85,514,100,5.14,33.74%,44.57%,0.181056,2026-08-05
MU,893.19,2026-08-14,9,Call,915.00,-2.44%,42.65,46,43.5,790,154,5.13,85.96%,93.57%,0.466207,2026-08-05
TEAM,113.32,2026-09-18,44,Call,160.00,-41.19%,1.95,2,3.1,701,137,5.12,89.49%,86.03%,0.160931,2026-08-05
WULF,18.07,2026-10-16,72,Call,28.00,-54.95%,0.62,0.78,0.96,2002,391,5.12,97.67%,102.84%,0.206953,2026-08-05
CELH,29.15,2026-08-07,2,Call,34.00,-16.64%,0.11,0.4,0.47,6956,1361,5.11,74.99%,186.51%,0.148145,2026-08-05
IMPP,4.63,2026-09-18,44,Call,5.00,-7.99%,0.25,0.33,0.35,515,101,5.1,71.42%,68.24%,0.42574,2026-08-05
META,588.77,2026-08-07,2,Call,592.50,-0.63%,6.5,6.95,7.1,1745,342,5.1,38.26%,48.68%,0.439471,2026-08-05
PLTR,158.43,2026-08-28,23,Put,155.00,-2.16%,5.95,5.97,6.2,1457,286,5.09,49.55%,49.81%,-0.400393,2026-08-05
SPCX,108.27,2026-08-07,2,Put,111.00,+2.52%,6.45,6.55,6.65,12824,2528,5.07,92.27%,157.02%,-0.561524,2026-08-05
CVS,99.12,2026-12-18,135,Put,100.00,+0.89%,6.9,7.59,7.9,2514,497,5.06,29.62%,29.92%,-0.472923,2026-08-05
SPCX,108.27,2026-08-14,9,Call,120.00,-10.83%,3.4,3.45,3.55,14055,2790,5.04,92.27%,111.84%,0.311033,2026-08-05
EBAY,111.15,2026-08-07,2,Put,99.00,-10.93%,0.55,0.6,0.94,578,115,5.03,45.78%,141.57%,-0.123361,2026-08-05
GOOG,360.13,2026-08-07,2,Put,342.50,-4.90%,0.33,0.43,0.49,1375,274,5.02,33.39%,47.19%,-0.072235,2026-08-05
AG,17.61,2027-03-19,226,Call,32.00,-81.71%,1.09,1.2,1.43,771,154,5.01,68.23%,76.89%,0.257895,2026-08-05
META,588.77,2026-08-07,2,Put,557.50,-5.31%,0.55,0.58,0.67,1001,200,5.01,38.26%,49.25%,-0.064278,2026-08-05
AMZN,272.65,2026-08-07,2,Call,287.50,-5.45%,0.16,0.17,0.25,7093,1416,5.01,32.01%,44.17%,0.05485,2026-08-05
OWL,11.55,2026-08-07,2,Call,11.50,+0.43%,0.15,0.2,0.25,2355,472,4.99,45.10%,51.46%,0.550904,2026-08-05
STX,837.66,2026-08-07,2,Put,830.00,-0.91%,24.8,26.85,30.6,747,150,4.98,94.96%,127.76%,-0.441945,2026-08-05
GLXY,19.07,2026-08-07,2,Call,20.00,-4.88%,0.2,0.48,0.66,837,168,4.98,97.35%,140.89%,0.342695,2026-08-05
ETSY,85.86,2026-08-21,16,Put,70.00,-18.47%,1.04,1.59,2.1,1001,201,4.98,80.67%,104.38%,-0.14677,2026-08-05
XYZ,84.2,2026-08-07,2,Put,80.00,-4.99%,2.26,2.25,2.47,1091,219,4.98,57.69%,170.72%,-0.319354,2026-08-05
GOOGL,362.43,2026-08-10,5,Call,400.00,-10.37%,0.05,0.13,0.21,920,185,4.97,33.79%,40.66%,0.020742,2026-08-05
SCHW,108.02,2027-06-17,316,Put,110.00,+1.83%,10.75,10.75,11.2,950,191,4.97,23.73%,27.87%,-0.45166,2026-08-05
QBTS,21.39,2026-08-21,16,Put,21.50,+0.51%,1.86,1.87,2.01,536,108,4.96,97.29%,106.07%,-0.462739,2026-08-05
SPCX,108.27,2026-12-18,135,Call,330.00,-204.79%,1,1.07,1.09,1007,203,4.96,92.27%,93.50%,0.049438,2026-08-05
GLXY,19.07,2027-01-15,163,Call,17.50,+8.23%,5.4,5.69,6.05,2027,409,4.96,97.35%,99.86%,0.687152,2026-08-05
RTX,222.31,2026-11-20,107,Put,195.00,-12.28%,3.25,3.55,3.6,618,125,4.94,24.83%,29.12%,-0.170078,2026-08-05
IONQ,39.93,2026-08-14,9,Call,41.00,-2.68%,2.48,2.6,2.73,623,126,4.94,100.88%,122.32%,0.48524,2026-08-05
SHOP,144.24,2026-08-14,9,Call,150.00,-3.99%,3,3.14,3.5,1546,313,4.94,55.16%,61.05%,0.362691,2026-08-05
TECK,66.05,2028-01-21,534,Call,65.00,+1.59%,16.4,16.8,18.4,526,107,4.92,52.71%,50.39%,0.655743,2026-08-05
FUBO,10.66,2026-08-28,23,Call,1.00,+90.62%,8.8,9.26,11.5,633,129,4.91,86.21%,"1,016.37%",0.986247,2026-08-05
IONQ,39.93,2026-08-07,2,Call,40.50,-1.43%,1.88,2,2.09,564,115,4.9,100.88%,190.05%,0.488426,2026-08-05
FCX,69.39,2026-08-07,2,Call,72.00,-3.76%,0.36,0.41,0.65,1353,276,4.9,52.79%,69.41%,0.24504,2026-08-05
LUV,48.79,2026-08-14,9,Call,50.00,-2.48%,0.78,0.85,0.94,2427,495,4.9,40.63%,44.35%,0.37839,2026-08-05
AMZN,272.65,2026-08-10,5,Call,272.50,+0.06%,3.95,4.2,4.3,592,121,4.89,32.01%,31.29%,0.518712,2026-08-05
CRWV,89.89,2026-08-21,16,Put,92.00,+2.35%,9.55,9.69,10.15,537,110,4.88,106.35%,116.53%,-0.487292,2026-08-05
AMD,482.05,2026-09-18,44,Call,870.00,-80.48%,0.67,0.85,0.94,756,155,4.88,68.36%,76.31%,0.018814,2026-08-05
DDOG,283.17,2026-08-07,2,Put,272.50,-3.77%,12.35,12.5,14.55,502,103,4.87,79.81%,223.50%,-0.376027,2026-08-05
GLW,156.7,2027-06-17,316,Put,110.00,-29.80%,15,16.5,19,671,138,4.86,77.35%,77.22%,-0.187794,2026-08-05
FPS,38.49,2026-08-21,16,Put,30.00,-22.06%,0.3,0.35,0.45,2014,414,4.86,93.25%,98.19%,-0.093056,2026-08-05
JPM,359.24,2026-08-14,9,Call,362.50,-0.91%,3.2,3.69,3.85,568,117,4.85,21.26%,21.75%,0.407624,2026-08-05
HPE,53.22,2026-08-28,23,Put,52.00,-2.29%,3.15,3.21,3.5,572,118,4.85,79.00%,74.96%,-0.411049,2026-08-05
CIFR,18.71,2026-08-14,9,Call,19.50,-4.22%,0.96,1.23,1.49,582,120,4.85,118.19%,132.45%,0.46391,2026-08-05
PLTR,158.43,2026-10-16,72,Put,175.00,+10.46%,23.4,22.93,23.85,1621,334,4.85,49.55%,49.53%,-0.62773,2026-08-05
MO,68.44,2026-08-14,9,Put,69.00,+0.82%,1.23,1.31,1.49,638,132,4.83,26.27%,24.02%,-0.583403,2026-08-05
HOOD,92.8,2026-09-11,37,Put,94.00,+1.29%,7.05,7.25,9.1,787,163,4.83,66.81%,64.44%,-0.478585,2026-08-05
SNDK,1350.5,2026-08-07,2,Call,"1,405.00",-4.04%,59.1,61.58,65.4,1232,255,4.83,117.69%,213.31%,0.432352,2026-08-05
OWL,11.55,2026-12-18,135,Call,12.00,-3.90%,1,1.02,1.1,2475,512,4.83,45.10%,47.18%,0.479565,2026-08-05
NVDA,219.22,2026-08-07,2,Call,232.50,-6.06%,0.16,0.16,0.17,15897,3288,4.83,40.72%,47.97%,0.051177,2026-08-05
XYZ,84.2,2026-08-07,2,Put,75.00,-10.93%,1.05,1.08,1.15,1080,224,4.82,57.69%,178.62%,-0.172928,2026-08-05
OPEN,3.76,2026-10-16,72,Put,3.00,-20.21%,0.2,0.21,0.25,1183,246,4.81,84.60%,88.95%,-0.216232,2026-08-05
DKNG,21.76,2026-08-07,2,Call,22.00,-1.10%,0.86,0.9,0.93,1985,413,4.81,66.55%,156.18%,0.485892,2026-08-05
SPCX,108.27,2026-08-07,2,Call,113.00,-4.37%,3.1,3.15,3.2,7726,1607,4.81,92.27%,158.26%,0.380261,2026-08-05
INTC,101.06,2026-08-07,2,Put,95.00,-6.00%,0.73,0.75,0.78,11112,2312,4.81,80.64%,97.01%,-0.18424,2026-08-05
OSCR,30.11,2026-08-07,2,Call,35.50,-17.90%,0.07,0.41,0.52,523,109,4.8,88.06%,194.23%,0.141822,2026-08-05
MU,893.19,2026-08-10,5,Call,930.00,-4.12%,22.05,25.01,22.7,546,114,4.79,85.96%,88.89%,0.370125,2026-08-05
SKHY,151.03,2026-09-04,30,Put,130.00,-13.92%,7.4,8,8.2,646,135,4.79,103.41%,102.19%,-0.252296,2026-08-05
KOPN,3.95,2026-09-11,37,Call,0.50,+87.34%,3.1,3.55,4.1,863,180,4.79,122.21%,610.20%,0.979191,2026-08-05
REPL,11.83,2026-08-14,9,Put,11.00,-7.02%,1.65,1.71,1.8,1093,228,4.79,209.87%,299.17%,-0.347785,2026-08-05
SPCX,108.27,2026-08-07,2,Put,108.00,-0.25%,4.75,4.87,4.9,14320,2990,4.79,92.27%,155.69%,-0.467837,2026-08-05
AAPL,311,2026-08-07,2,Call,315.00,-1.29%,1.36,1.43,1.45,49603,10358,4.79,26.23%,32.13%,0.302244,2026-08-05
GCT,46.24,2026-08-21,16,Put,40.00,-13.49%,0.3,1.33,2,5167,1082,4.78,87.61%,95.18%,-0.202077,2026-08-05
ACN,170.73,2026-11-20,107,Put,105.00,-38.50%,0.75,1.2,1.45,572,120,4.77,50.89%,58.22%,-0.044075,2026-08-05
GOOGL,362.43,2026-08-10,5,Call,385.00,-6.23%,0.44,0.49,0.62,604,127,4.76,33.79%,35.70%,0.078704,2026-08-05
KLAC,192.8,2026-08-21,16,Call,400.00,-107.47%,0,0.1,0.85,985,207,4.76,75.91%,157.15%,0.020227,2026-08-05
IREN,38.89,2026-08-07,2,Put,34.50,-11.29%,0.21,0.25,0.26,5201,1093,4.76,114.90%,140.55%,-0.11407,2026-08-05
NVDA,219.22,2026-08-07,2,Call,220.00,-0.36%,2.46,2.49,2.5,159215,33476,4.76,40.72%,43.73%,0.464854,2026-08-05
SPCX,108.27,2026-08-07,2,Put,102.00,-5.79%,2.22,2.24,2.28,7319,1540,4.75,92.27%,153.01%,-0.279297,2026-08-05
AMD,482.05,2026-09-04,30,Put,415.00,-13.91%,10.1,11,12.1,527,111,4.75,68.36%,68.89%,-0.191955,2026-08-05
FIS,42.84,2026-10-16,72,Call,50.00,-16.71%,0.65,0.95,1,874,184,4.75,41.32%,39.38%,0.21055,2026-08-05
AMD,482.05,2026-09-04,30,Call,535.00,-10.98%,19.1,21.8,21.1,1068,225,4.75,68.36%,70.30%,0.344116,2026-08-05
VZ,46.47,2026-08-07,2,Call,45.50,+2.09%,0.93,0.88,1.76,1976,416,4.75,26.08%,56.58%,0.699228,2026-08-05
INTC,101.06,2026-08-07,2,Call,109.00,-7.86%,0.57,0.67,0.67,1717,362,4.74,80.64%,99.82%,0.162438,2026-08-05
EQX,10.32,2026-08-21,16,Put,10.00,-3.10%,0.3,0.44,0.5,12184,2569,4.74,63.96%,64.93%,-0.379012,2026-08-05
RYAM,9.67,2026-09-18,44,Call,10.00,-3.41%,0.45,0.55,0.55,15169,3198,4.74,78.33%,47.73%,0.453309,2026-08-05
NVDA,219.22,2026-08-14,9,Call,235.00,-7.20%,0.91,1,0.94,24550,5181,4.74,40.72%,39.17%,0.138576,2026-08-05
SHOP,144.24,2026-08-07,2,Call,155.00,-7.46%,0.38,0.45,0.56,3232,684,4.73,55.16%,79.29%,0.116397,2026-08-05
META,588.77,2026-08-07,2,Put,577.50,-1.91%,3.4,3.62,3.7,846,179,4.73,38.26%,46.33%,-0.279155,2026-08-05
HESM,40.12,2026-08-21,16,Call,39.00,+2.79%,1,1.21,1.6,12023,2546,4.72,21.32%,18.99%,0.763511,2026-08-05
APP,417.8,2026-08-07,2,Call,520.00,-24.46%,1.9,2.08,2.3,1115,237,4.7,81.90%,199.38%,0.079629,2026-08-05
AMD,482.05,2026-08-07,2,Put,482.50,+0.09%,12.35,13.05,13.05,1573,335,4.7,68.36%,87.91%,-0.491749,2026-08-05
CMPS,13.58,2026-11-20,107,Call,16.00,-17.82%,1.6,1.7,2.15,2002,426,4.7,76.20%,91.05%,0.474759,2026-08-05
CRM,192.98,2026-08-14,9,Call,205.00,-6.23%,1.7,1.69,1.99,1045,223,4.69,49.80%,48.24%,0.226249,2026-08-05
MSFT,487.46,2026-08-10,5,Call,490.00,-0.52%,5.45,5.65,5.9,1591,339,4.69,29.87%,29.74%,0.451965,2026-08-05
TXN,277.72,2026-08-07,2,Call,292.50,-5.32%,0.39,1,1.12,1409,302,4.67,49.80%,59.84%,0.125772,2026-08-05
CHYM,25.92,2026-08-21,16,Put,22.50,-13.19%,0.5,0.53,0.55,5991,1283,4.67,71.56%,85.89%,-0.188144,2026-08-05
META,588.77,2026-08-07,2,Call,602.50,-2.33%,3.2,3.2,3.75,1242,267,4.65,38.26%,49.07%,0.270382,2026-08-05
AFRM,78.47,2026-08-07,2,Call,83.00,-5.77%,0.19,0.42,0.6,1290,279,4.62,68.36%,76.86%,0.169884,2026-08-05
MU,893.19,2026-08-07,2,Call,915.00,-2.44%,20.8,21,21.4,2829,614,4.61,85.96%,115.09%,0.405803,2026-08-05
QUBT,8.88,2026-09-18,44,Call,14.00,-57.66%,0.15,0.27,0.28,3690,800,4.61,99.83%,105.89%,0.148618,2026-08-05
VAC,101.74,2026-08-21,16,Call,110.00,-8.12%,1.6,2.5,3.3,612,133,4.6,54.98%,63.87%,0.302792,2026-08-05
UBER,68.18,2026-10-16,72,Call,100.00,-46.67%,0.08,0.1,0.2,1051,229,4.59,34.72%,42.75%,0.029798,2026-08-05
STNE,11.17,2027-01-15,163,Call,11.00,+1.52%,1.6,1.78,2.1,1397,306,4.57,58.23%,57.18%,0.6088,2026-08-05
ORCL,144.39,2026-08-07,2,Put,141.00,-2.35%,1.52,1.57,1.64,1569,344,4.56,70.94%,70.70%,-0.314781,2026-08-05
SPCX,108.27,2026-08-28,23,Call,113.00,-4.37%,8.45,8.4,8.65,583,128,4.55,92.27%,96.37%,0.481501,2026-08-05
SOFI,18.25,2026-08-28,23,Put,18.00,-1.37%,0.76,0.75,0.79,2662,586,4.54,50.31%,50.27%,-0.425896,2026-08-05
SNDK,1350.5,2026-08-07,2,Call,"1,520.00",-12.55%,28.1,30,30.4,815,180,4.53,117.69%,211.76%,0.249922,2026-08-05
PG,146.8,2027-06-17,316,Call,150.00,-2.18%,10.2,11.75,12.8,1411,312,4.52,21.25%,23.17%,0.507621,2026-08-05
VNOM,41.43,2026-08-21,16,Put,40.00,-3.45%,0.3,0.5,0.9,1537,340,4.52,30.70%,34.24%,-0.304437,2026-08-05
TSLA,321.55,2026-08-10,5,Call,332.50,-3.41%,2.15,2.18,2.2,2327,515,4.52,43.16%,40.05%,0.248113,2026-08-05
NVDA,219.22,2026-08-07,2,Call,235.00,-7.20%,0.1,0.11,0.11,27994,6196,4.52,40.72%,50.46%,0.03307,2026-08-05
SNDK,1350.5,2026-08-07,2,Call,"1,435.00",-6.26%,46.5,51.93,56.2,573,127,4.51,117.69%,211.97%,0.37937,2026-08-05
ABVX,125.39,2026-09-18,44,Call,130.00,-3.68%,8.2,9.03,9.5,531,118,4.5,58.74%,61.01%,0.482669,2026-08-05
MSTR,98.37,2028-12-15,863,Call,95.00,+3.43%,49.9,51.91,52.4,2289,510,4.49,72.64%,84.80%,0.774876,2026-08-05
CIFR,18.71,2026-10-16,72,Call,20.00,-6.89%,3.2,3.36,3.5,7639,1703,4.49,118.19%,115.30%,0.555715,2026-08-05
SPCX,108.27,2026-08-07,2,Put,110.00,+1.60%,5.85,5.96,6.05,117508,26159,4.49,92.27%,156.76%,-0.530789,2026-08-05
RKLB,74.82,2026-08-07,2,Put,74.00,-1.10%,1.79,1.77,1.98,961,215,4.47,99.09%,103.68%,-0.426942,2026-08-05
AAPL,311,2026-08-14,9,Call,315.00,-1.29%,3.5,3.51,3.65,11781,2643,4.46,26.23%,26.72%,0.395711,2026-08-05
NVDA,219.22,2026-08-14,9,Call,225.00,-2.64%,2.98,3,3.05,50100,11229,4.46,40.72%,38.53%,0.349327,2026-08-05
IBM,235.92,2026-10-16,72,Call,275.00,-16.56%,5,5.65,6.05,2020,453,4.46,39.27%,41.96%,0.234445,2026-08-05
BE,234.33,2026-08-07,2,Put,167.50,-28.52%,0.05,0.1,0.27,2065,463,4.46,117.71%,208.58%,-0.012138,2026-08-05
DASH,207.27,2026-08-07,2,Put,170.00,-17.98%,0.53,0.65,0.81,609,137,4.45,63.40%,175.47%,-0.05563,2026-08-05
OSCR,30.11,2026-08-07,2,Call,33.50,-11.26%,0.41,0.75,1.13,1095,246,4.45,88.06%,216.43%,0.279382,2026-08-05
MSTR,98.37,2026-11-20,107,Call,155.00,-57.57%,3.9,4.25,4.4,1224,275,4.45,72.64%,79.86%,0.209129,2026-08-05
GOOGL,362.43,2026-08-07,2,Put,380.00,+4.85%,16.8,17.81,18.65,1528,343,4.45,33.79%,37.93%,-0.954465,2026-08-05
NVDA,219.22,2026-08-10,5,Call,235.00,-7.20%,0.26,0.33,0.29,1870,421,4.44,40.72%,38.41%,0.064999,2026-08-05
TSLA,321.55,2026-08-10,5,Call,327.50,-1.85%,3.45,3.61,3.55,2111,479,4.41,43.16%,39.29%,0.35757,2026-08-05
GOOG,360.13,2026-08-07,2,Put,360.00,-0.04%,4.2,4.2,4.6,7118,1615,4.41,33.39%,42.27%,-0.487234,2026-08-05
XYZ,84.2,2026-08-07,2,Put,69.00,-18.05%,0.24,0.32,0.39,910,207,4.4,57.69%,181.98%,-0.060971,2026-08-05
FIP,3.41,2026-12-18,135,Put,4.00,+17.30%,0.65,0.85,1.35,500,114,4.39,91.42%,76.23%,-0.539955,2026-08-05
AMZN,272.65,2026-08-12,7,Call,200.00,+26.65%,71.05,71.54,74.25,566,129,4.39,32.01%,62.39%,0.999861,2026-08-05
ELF,86.37,2026-08-07,2,Put,64.00,-25.90%,0.01,0.1,0.1,883,201,4.39,85.20%,186.89%,-0.012642,2026-08-05
T,23.06,2026-08-14,9,Put,22.50,-2.43%,0.17,0.18,0.22,3824,872,4.39,27.52%,29.06%,-0.288835,2026-08-05
PLTR,158.43,2026-08-07,2,Put,157.50,-0.59%,2.45,2.45,2.49,17114,3895,4.39,49.55%,62.70%,-0.438939,2026-08-05
AAPL,311,2026-08-07,2,Call,317.50,-2.09%,0.83,0.89,0.91,16316,3724,4.38,26.23%,33.15%,0.205123,2026-08-05
ANET,197.31,2026-09-18,44,Put,190.00,-3.70%,12,11.45,13.15,690,158,4.37,61.54%,60.96%,-0.381665,2026-08-05
FIGR,28.73,2026-09-18,44,Call,35.00,-21.82%,1.5,1.61,1.8,716,164,4.37,97.81%,91.11%,0.325704,2026-08-05
WYNN,101.15,2026-08-07,2,Call,105.00,-3.81%,0.1,0.24,1.18,812,186,4.37,32.88%,65.69%,0.229329,2026-08-05
KLAR,20.37,2026-10-16,72,Call,22.50,-10.46%,1.8,1.85,2,1516,347,4.37,88.08%,73.67%,0.453016,2026-08-05
WTRG,39.59,2026-12-18,135,Call,35.00,+11.59%,4.9,4.85,5.5,850,195,4.36,23.06%,24.29%,0.813818,2026-08-05
AMD,482.05,2026-09-11,37,Put,340.00,-29.47%,1.81,2.32,2.75,3522,807,4.36,68.36%,70.71%,-0.046618,2026-08-05
AMD,482.05,2026-09-04,30,Put,450.00,-6.65%,20.6,22.5,23.45,591,136,4.35,68.36%,68.26%,-0.321837,2026-08-05
UPST,30.2,2026-08-14,9,Call,35.00,-15.89%,0.2,0.22,0.24,778,179,4.35,71.05%,77.55%,0.126493,2026-08-05
AMZN,272.65,2026-08-07,2,Call,195.00,+28.48%,76.6,76.39,79.1,896,206,4.35,32.01%,204.18%,0.989115,2026-08-05
NOW,117.22,2027-01-15,163,Call,256.00,-118.39%,0.88,1.18,1.27,1136,261,4.35,57.99%,64.08%,0.058234,2026-08-05
RZLV,2.71,2026-11-20,107,Put,2.00,-26.20%,0.2,0.25,0.3,3003,690,4.35,101.46%,108.64%,-0.204234,2026-08-05
NVDA,219.22,2026-08-10,5,Put,212.50,-3.07%,1.19,1.19,1.23,2148,496,4.33,40.72%,36.19%,-0.221977,2026-08-05
ERO,30.43,2027-01-15,163,Call,35.00,-15.02%,3.6,3.73,4,2518,582,4.33,64.74%,64.95%,0.473778,2026-08-05
HL,16.54,2026-08-28,23,Call,17.00,-2.78%,0.93,1.07,0.98,678,157,4.32,68.70%,68.88%,0.476304,2026-08-05
C,137.64,2026-08-07,2,Call,139.00,-0.99%,0.73,0.8,0.85,1795,416,4.31,29.27%,33.25%,0.350836,2026-08-05
DDD,3.57,2026-09-18,44,Call,5.00,-40.06%,0.1,0.15,0.2,546,127,4.3,96.60%,105.13%,0.233231,2026-08-05
NBIS,218.99,2026-08-14,9,Call,222.50,-1.60%,19.85,23.75,22.4,787,183,4.3,133.20%,165.00%,0.528547,2026-08-05
CSX,51.12,2026-08-14,9,Call,51.00,+0.23%,0.8,0.9,1.15,511,119,4.29,24.17%,28.06%,0.53555,2026-08-05
MU,893.19,2026-08-10,5,Call,800.00,+10.43%,98.85,104.2,105.35,716,167,4.29,85.96%,97.59%,0.84759,2026-08-05
UBS,53.57,2028-01-21,534,Put,45.00,-16.00%,3.1,3.2,3.4,962,225,4.28,27.18%,30.26%,-0.234088,2026-08-05
SNDK,1350.5,2026-08-07,2,Call,"1,600.00",-18.47%,16.1,16.4,16.5,5335,1247,4.28,117.69%,211.32%,0.157599,2026-08-05
UUUU,12.44,2026-09-18,44,Put,9.00,-27.65%,0.18,0.21,0.26,2085,488,4.27,86.52%,86.54%,-0.107294,2026-08-05
APH,172.24,2026-10-16,72,Call,190.00,-10.31%,8.8,9.84,9.9,644,151,4.26,49.99%,51.21%,0.385202,2026-08-05
KEEL,3.93,2026-08-21,16,Put,4.00,+1.78%,0.43,0.45,0.47,10021,2350,4.26,116.28%,126.37%,-0.472031,2026-08-05
HPQ,28.52,2026-08-07,2,Call,29.50,-3.44%,0.11,0.16,0.16,961,226,4.25,54.22%,55.09%,0.20928,2026-08-05
GILD,131.76,2026-08-14,9,Call,138.00,-4.74%,0.31,0.7,1.07,538,127,4.24,30.30%,32.51%,0.190616,2026-08-05
GME,19.01,2027-03-19,226,Call,42.00,-120.94%,0,0.35,0.83,543,128,4.24,39.47%,68.63%,0.103652,2026-08-05
STUB,9.12,2026-08-07,2,Call,5.50,+39.69%,3.5,3.7,3.9,585,138,4.24,85.61%,469.51%,0.948401,2026-08-05
RKT,13.86,2026-10-16,72,Call,14.00,-1.01%,1.43,1.49,1.56,2594,612,4.24,66.55%,61.76%,0.550599,2026-08-05
LLY,1169.86,2026-09-18,44,Call,"1,230.00",-5.14%,30,31.4,37.7,669,158,4.23,35.66%,34.64%,0.372145,2026-08-05
AVGO,418.28,2026-08-07,2,Put,405.00,-3.17%,1.95,2.18,2.73,918,217,4.23,53.54%,58.47%,-0.220458,2026-08-05
RKT,13.86,2026-08-14,9,Put,11.50,-17.03%,0.01,0.1,0.15,1570,371,4.23,66.55%,91.03%,-0.083319,2026-08-05
RIVN,15.56,2026-09-11,37,Call,17.50,-12.47%,0.11,0.5,0.55,536,127,4.22,55.45%,47.82%,0.25109,2026-08-05
ETSY,85.86,2026-08-07,2,Put,77.00,-10.32%,2.2,2.44,2.63,566,134,4.22,80.67%,241.98%,-0.242378,2026-08-05
CRSP,52.45,2027-01-15,163,Call,75.00,-42.99%,1.8,3,3.4,2125,504,4.22,54.18%,58.99%,0.252526,2026-08-05
MSI,438.14,2026-08-21,16,Call,450.00,-2.71%,10.1,11.57,12.4,927,220,4.21,36.49%,44.02%,0.408172,2026-08-05
BB,8.73,2026-08-14,9,Call,9.00,-3.09%,0.25,0.32,0.31,1120,266,4.21,75.55%,71.62%,0.418126,2026-08-05
MSFT,487.46,2026-08-07,2,Put,487.50,+0.01%,5.3,5.4,5.5,2307,549,4.2,29.87%,37.62%,-0.493774,2026-08-05
CRWD,209.86,2026-08-14,9,Call,217.50,-3.64%,4.5,4.85,4.85,503,120,4.19,61.91%,58.64%,0.369698,2026-08-05
IREN,38.89,2028-09-15,772,Call,10.00,+74.29%,30.25,32.75,34.15,1296,309,4.19,114.90%,109.66%,0.955899,2026-08-05
AMD,482.05,2026-08-07,2,Put,487.50,+1.13%,15.05,15.7,16.05,1196,286,4.18,68.36%,88.65%,-0.554153,2026-08-05
GOOG,360.13,2026-08-07,2,Call,392.50,-8.99%,0.06,0.1,0.09,1816,436,4.17,33.39%,53.05%,0.015117,2026-08-05
GOOGL,362.43,2026-08-10,5,Call,370.00,-2.09%,2.61,2.9,2.8,828,199,4.16,33.79%,33.06%,0.307459,2026-08-05
GOOG,360.13,2026-08-14,9,Call,362.50,-0.66%,6.75,7.11,7.3,627,151,4.15,33.39%,35.44%,0.470055,2026-08-05
FCX,69.39,2026-12-18,135,Call,95.00,-36.91%,2.3,2.4,2.76,2325,560,4.15,52.79%,54.05%,0.22356,2026-08-05
VIAV,38.9,2026-08-21,16,Call,45.00,-15.68%,1.75,2,2.25,2456,592,4.15,112.58%,125.36%,0.338043,2026-08-05
VZ,46.47,2026-08-14,9,Put,45.00,-3.16%,0.27,0.38,0.4,2620,631,4.15,26.08%,30.52%,-0.246928,2026-08-05
GOOG,360.13,2026-09-04,30,Put,300.00,-16.70%,0.46,0.7,0.9,666,161,4.14,33.39%,38.32%,-0.040762,2026-08-05
QNT,56.91,2026-08-21,16,Call,60.00,-5.43%,3.6,4.05,4.6,1267,306,4.14,107.00%,112.36%,0.460004,2026-08-05
SPCX,108.27,2028-06-16,681,Put,25.00,-76.91%,1.16,1.35,1.49,520,126,4.13,92.27%,74.31%,-0.021804,2026-08-05
AG,17.61,2026-08-28,23,Call,18.50,-5.05%,0.65,0.89,1.02,802,194,4.13,68.23%,67.31%,0.422486,2026-08-05
UBER,68.18,2026-08-21,16,Call,74.00,-8.54%,0.28,0.42,0.47,1193,289,4.13,34.72%,35.47%,0.148135,2026-08-05
SPCX,108.27,2026-08-14,9,Put,114.00,+5.29%,10.8,11,10.95,1666,403,4.13,92.27%,111.22%,-0.580939,2026-08-05
MDLN,36.67,2026-08-21,16,Put,35.00,-4.55%,0.6,0.9,1.05,3259,790,4.13,47.56%,51.27%,-0.308756,2026-08-05
AMD,482.05,2026-08-07,2,Call,500.00,-3.72%,5.6,5.8,6.1,14223,3447,4.13,68.36%,88.66%,0.30108,2026-08-05
IBM,235.92,2026-08-07,2,Call,245.00,-3.85%,0.55,0.57,0.59,3634,885,4.11,39.27%,46.44%,0.139995,2026-08-05
MU,893.19,2026-08-10,5,Call,990.00,-10.84%,8.25,9.08,8.75,584,142,4.11,85.96%,89.31%,0.176793,2026-08-05
APP,417.8,2026-08-07,2,Call,425.00,-1.72%,20.1,20.94,22,822,200,4.11,81.90%,196.63%,0.482741,2026-08-05
ORCL,144.39,2026-08-07,2,Put,144.00,-0.27%,2.75,2.88,2.9,1877,457,4.11,70.94%,71.03%,-0.468215,2026-08-05
AAPL,311,2026-08-17,12,Call,310.00,+0.32%,6,6.25,6.55,1725,421,4.1,26.23%,24.87%,0.546867,2026-08-05
SPCX,108.27,2026-08-07,2,Call,115.00,-6.22%,2.53,2.56,2.58,41741,10180,4.1,92.27%,159.10%,0.3258,2026-08-05
DUOL,135.32,2026-08-21,16,Call,150.00,-10.85%,4.4,5.32,6.8,1916,469,4.09,81.76%,95.95%,0.342961,2026-08-05
MA,570.48,2026-10-16,72,Call,615.00,-7.80%,8.7,9.5,9.5,535,131,4.08,23.12%,23.17%,0.267474,2026-08-05
W,107.57,2026-08-07,2,Put,110.00,+2.26%,2.99,4,4.1,535,131,4.08,63.58%,66.17%,-0.665964,2026-08-05
AMZN,272.65,2026-08-07,2,Put,287.50,+5.45%,14.45,14.7,15.45,868,213,4.08,32.01%,40.71%,-0.961164,2026-08-05
META,588.77,2026-08-07,2,Put,562.50,-4.46%,0.88,1.01,1.01,826,203,4.07,38.26%,47.90%,-0.095143,2026-08-05
NVDA,219.22,2026-08-10,5,Call,232.50,-6.06%,0.4,0.41,0.43,1363,335,4.07,40.72%,37.32%,0.094271,2026-08-05
DAL,93.14,2026-08-07,2,Call,95.00,-2.00%,0.42,0.51,0.54,2689,661,4.07,36.75%,42.50%,0.271527,2026-08-05
RUN,10.49,2026-08-21,16,Call,10.50,-0.10%,0.92,1,1.15,565,139,4.06,100.90%,118.09%,0.550211,2026-08-05
RUN,10.49,2026-08-14,9,Call,12.50,-19.16%,0.24,0.33,0.42,538,133,4.05,100.90%,144.77%,0.256664,2026-08-05
MCHP,77.79,2026-08-07,2,Call,84.00,-7.98%,0.8,1.4,1.6,732,181,4.04,69.00%,144.59%,0.253479,2026-08-05
CRWD,209.86,2026-08-07,2,Call,227.50,-8.41%,0.21,0.29,0.36,929,230,4.04,61.91%,69.57%,0.062066,2026-08-05
TSLA,321.55,2026-08-10,5,Put,320.00,-0.48%,5,5.05,5.1,2354,583,4.04,43.16%,39.12%,-0.445384,2026-08-05
NBIS,218.99,2026-08-21,16,Call,190.00,+13.24%,41.65,47.27,44.3,2821,700,4.03,133.20%,151.58%,0.729468,2026-08-05
NTAP,186.6,2026-09-18,44,Call,220.00,-17.90%,5.2,6.7,7.8,4688,1166,4.02,59.14%,65.84%,0.276408,2026-08-05
CLF,12.65,2026-08-07,2,Put,12.00,-5.14%,0.04,0.1,0.15,3219,804,4,66.24%,88.17%,-0.199799,2026-08-05
HOOD,92.8,2026-08-14,9,Put,87.00,-6.25%,1.44,1.52,1.62,574,144,3.99,66.81%,66.82%,-0.249789,2026-08-05
SPCX,108.27,2026-08-14,9,Put,101.00,-6.71%,3.95,4,4.05,1491,374,3.99,92.27%,108.18%,-0.308996,2026-08-05
QS,5.52,2027-01-15,163,Call,11.00,-99.28%,0.35,0.42,0.42,1566,392,3.99,74.63%,97.81%,0.241393,2026-08-05
MSFT,487.46,2026-09-04,30,Put,395.00,-18.97%,0.22,0.42,0.79,533,134,3.98,29.87%,38.58%,-0.023978,2026-08-05
NOW,117.22,2027-01-15,163,Call,300.00,-155.93%,0.39,0.66,0.7,5640,1417,3.98,57.99%,66.22%,0.031209,2026-08-05
TGT,147.7,2026-08-07,2,Call,143.00,+3.18%,4.6,4.81,5.45,554,140,3.96,42.30%,40.92%,0.860666,2026-08-05
DJT,9.96,2026-08-14,9,Call,10.50,-5.42%,0.25,0.44,0.47,732,185,3.96,87.45%,91.83%,0.386714,2026-08-05
UBER,68.18,2026-08-07,2,Call,65.00,+4.66%,2.72,3.25,3.65,736,186,3.96,34.72%,42.34%,0.938941,2026-08-05
PLTR,158.43,2026-08-07,2,Put,160.00,+0.99%,3.7,3.86,3.85,25141,6354,3.96,49.55%,62.54%,-0.574013,2026-08-05
SPCX,108.27,2026-08-07,2,Put,106.00,-2.10%,3.75,3.82,3.9,7139,1808,3.95,92.27%,154.49%,-0.40363,2026-08-05
AMD,482.05,2026-08-07,2,Put,447.50,-7.17%,1.88,1.91,2.1,1141,289,3.95,68.36%,89.27%,-0.122738,2026-08-05
CVX,186.41,2026-08-14,9,Put,180.00,-3.44%,0.86,0.93,1,1166,295,3.95,27.18%,27.45%,-0.202338,2026-08-05
LLY,1169.86,2026-08-21,16,Call,"1,280.00",-9.41%,3.95,6,8.7,1087,276,3.94,35.66%,37.70%,0.139243,2026-08-05
SPCX,108.27,2026-08-14,9,Put,89.00,-17.80%,1.01,1.08,1.06,598,152,3.93,92.27%,108.82%,-0.107987,2026-08-05
DUOL,135.32,2026-08-07,2,Put,115.00,-15.02%,1.9,2.02,2.15,1219,310,3.93,81.76%,234.67%,-0.152759,2026-08-05
AAPL,311,2026-08-12,7,Put,297.50,-4.34%,0.52,0.85,0.82,568,145,3.92,26.23%,27.43%,-0.114579,2026-08-05
AMD,482.05,2026-11-20,107,Call,490.00,-1.65%,69.7,71.23,72.75,658,168,3.92,68.36%,69.82%,0.569686,2026-08-05
BAM,52.63,2027-01-15,163,Call,55.00,-4.50%,3.4,3.55,3.6,839,214,3.92,31.00%,32.33%,0.45665,2026-08-05
SHAK,74.33,2026-08-07,2,Call,75.00,-0.90%,1,1.5,1.5,897,229,3.92,52.28%,70.57%,0.443588,2026-08-05
CVNA,69.48,2026-08-21,16,Put,69.50,+0.03%,3.35,3.75,3.6,552,141,3.91,60.36%,60.61%,-0.471748,2026-08-05
BULL,7.38,2026-08-21,16,Call,7.00,+5.15%,0.6,0.68,0.69,1032,264,3.91,72.69%,70.21%,0.671477,2026-08-05
AMD,482.05,2026-08-07,2,Put,485.00,+0.61%,13.65,14.42,14.4,3337,853,3.91,68.36%,87.85%,-0.52347,2026-08-05
AG,17.61,2026-08-07,2,Call,17.50,+0.62%,0.41,0.48,0.54,3210,824,3.9,68.23%,80.27%,0.554937,2026-08-05
FSLY,26.03,2026-08-14,9,Call,30.00,-15.25%,1.15,1.28,1.4,807,207,3.9,111.90%,161.39%,0.333607,2026-08-05
GOOG,360.13,2026-09-04,30,Put,305.00,-15.31%,0.55,0.99,1.18,1023,262,3.9,33.39%,37.31%,-0.051374,2026-08-05
XPEV,11.75,2026-10-16,72,Put,12.00,+2.13%,1.25,1.37,1.48,1226,314,3.9,62.80%,60.99%,-0.469448,2026-08-05
SNDK,1350.5,2026-08-07,2,Call,"1,950.00",-44.39%,0.95,1,1.15,1377,353,3.9,117.69%,218.55%,0.014326,2026-08-05
DKNG,21.76,2026-08-07,2,Call,23.50,-8.00%,0.35,0.41,0.43,1749,448,3.9,66.55%,154.94%,0.270352,2026-08-05
APP,417.8,2026-08-07,2,Call,455.00,-8.90%,10.2,10.9,11.7,681,175,3.89,81.90%,196.57%,0.304267,2026-08-05
DELL,462.7,2026-08-14,9,Put,257.50,-44.35%,0.01,0.15,0.35,771,198,3.89,88.76%,151.32%,-0.004829,2026-08-05
TSLA,321.55,2026-08-14,9,Put,312.50,-2.81%,4.7,4.62,4.85,1569,403,3.89,43.16%,43.54%,-0.321669,2026-08-05
INTC,101.06,2026-08-07,2,Call,103.00,-1.92%,1.96,2.09,2.22,4663,1198,3.89,80.64%,98.02%,0.411573,2026-08-05
TSLA,321.55,2026-08-10,5,Put,315.00,-2.04%,3,3.15,3.1,2112,545,3.88,43.16%,38.98%,-0.314427,2026-08-05
INTC,101.06,2026-08-10,5,Put,95.00,-6.00%,1.09,1.14,1.31,530,137,3.87,80.64%,74.73%,-0.225067,2026-08-05
SNDK,1350.5,2026-08-07,2,Put,945.00,-30.03%,1,1.15,1.15,585,151,3.87,117.69%,225.06%,-0.012961,2026-08-05
SNDK,1350.5,2026-08-07,2,Call,"1,750.00",-29.58%,4,5.23,6,2046,529,3.87,117.69%,212.27%,0.058274,2026-08-05
PLNT,56.59,2026-08-21,16,Put,50.00,-11.65%,1.2,1.23,1.25,2204,570,3.87,61.19%,81.64%,-0.206651,2026-08-05
DDOG,283.17,2026-09-18,44,Put,210.00,-25.84%,3.25,3.46,4.1,1692,438,3.86,79.81%,74.22%,-0.096004,2026-08-05
TSLA,321.55,2026-08-14,9,Call,322.50,-0.30%,8.4,8.7,8.55,2718,705,3.86,43.16%,43.66%,0.501715,2026-08-05
NVDA,219.22,2026-08-07,2,Call,230.00,-4.92%,0.27,0.27,0.28,64915,16819,3.86,40.72%,45.90%,0.082131,2026-08-05
INTC,101.06,2026-08-07,2,Put,93.00,-7.98%,0.42,0.46,0.48,3715,965,3.85,80.64%,98.78%,-0.119895,2026-08-05
SNDK,1350.5,2026-08-07,2,Call,"1,400.00",-3.67%,60.1,62,65,6477,1684,3.85,117.69%,209.31%,0.438954,2026-08-05
MSTR,98.37,2026-08-07,2,Call,103.00,-4.71%,0.79,0.91,0.95,14377,3737,3.85,72.64%,85.32%,0.243965,2026-08-05
BAC,63.25,2026-08-14,9,Put,64.00,+1.19%,1.07,1.19,1.21,543,141,3.85,20.80%,18.08%,-0.651892,2026-08-05
LCID,6.7,2026-08-14,9,Call,6.50,+2.99%,0.49,0.49,0.54,728,189,3.85,108.88%,97.81%,0.610249,2026-08-05
DASH,207.27,2026-08-07,2,Call,240.00,-15.79%,1,1.74,2.07,715,186,3.84,63.40%,165.15%,0.127835,2026-08-05
SPCX,108.27,2026-08-21,16,Call,109.00,-0.67%,8.75,8.83,9,772,201,3.84,92.27%,101.12%,0.532527,2026-08-05
RBLX,36.19,2026-08-07,2,Put,36.00,-0.53%,0.56,0.74,0.81,1264,329,3.84,67.55%,73.12%,-0.449321,2026-08-05
MSTR,98.37,2026-09-04,30,Call,115.00,-16.91%,3.05,3.3,3.3,1355,353,3.84,72.64%,74.90%,0.272259,2026-08-05
APP,417.8,2026-08-07,2,Call,600.00,-43.61%,0.15,0.25,0.25,601,157,3.83,81.90%,202.96%,0.009849,2026-08-05
BABA,128.53,2026-08-07,2,Call,95.00,+26.09%,32.6,34.02,35.1,862,225,3.83,46.58%,235.34%,0.965712,2026-08-05
MSFT,487.46,2026-08-07,2,Put,492.50,+1.03%,7.45,8.15,8.7,965,252,3.83,29.87%,36.05%,-0.643509,2026-08-05
SOUN,6.43,2026-08-14,9,Call,8.50,-32.19%,0.09,0.1,0.12,2522,658,3.83,95.57%,151.72%,0.147157,2026-08-05
SABR,2.12,2026-12-18,135,Call,4.00,-88.68%,0.05,0.15,0.2,1000,262,3.82,109.59%,106.65%,0.210499,2026-08-05
HOOD,92.8,2026-09-11,37,Call,105.00,-13.15%,2.45,4,4.15,545,143,3.81,66.81%,62.61%,0.308136,2026-08-05
NVDA,219.22,2026-08-17,12,Put,200.00,-8.77%,0.68,0.69,0.72,703,185,3.8,40.72%,39.65%,-0.092487,2026-08-05
PBR,18.36,2026-08-07,2,Call,18.50,-0.76%,0.25,0.24,0.28,1344,354,3.8,36.75%,60.61%,0.442114,2026-08-05
AMD,482.05,2026-08-14,9,Call,490.00,-1.65%,18.4,19.85,19.65,1462,385,3.8,68.36%,74.25%,0.470366,2026-08-05
UBER,68.18,2026-08-14,9,Call,70.00,-2.67%,0.84,0.9,0.92,3645,960,3.8,34.72%,37.18%,0.342102,2026-08-05
AAPL,311,2026-08-07,2,Call,312.50,-0.48%,2.17,2.26,2.31,30175,7965,3.79,26.23%,31.56%,0.425974,2026-08-05
NKE,42.45,2026-08-14,9,Call,43.50,-2.47%,0.5,0.5,0.56,580,153,3.79,36.32%,35.91%,0.34218,2026-08-05
TSLA,321.55,2026-08-12,7,Put,320.00,-0.48%,6.6,6.75,6.75,709,188,3.77,43.16%,42.43%,-0.451742,2026-08-05
EQT,51.23,2028-01-21,534,Call,65.00,-26.88%,4.15,4.62,4.65,749,199,3.76,29.11%,33.11%,0.377734,2026-08-05
KO,86.83,2026-08-14,9,Put,87.00,+0.20%,1.04,1.14,1.18,1178,313,3.76,20.33%,19.02%,-0.516808,2026-08-05
SPCX,108.27,2026-08-07,2,Put,116.00,+7.14%,9.8,9.6,10.3,7334,1952,3.76,92.27%,161.17%,-0.697545,2026-08-05
GOOG,360.13,2026-08-07,2,Call,360.00,+0.04%,4.5,4.53,4.8,8394,2230,3.76,33.39%,42.81%,0.513194,2026-08-05
AMZN,272.65,2026-08-07,2,Call,205.00,+24.81%,66.05,66.52,69.2,856,228,3.75,32.01%,129.25%,0.998775,2026-08-05
TSEM,211.14,2026-08-28,23,Put,180.00,-14.75%,4.1,6.7,7.6,688,184,3.74,94.07%,88.01%,-0.201038,2026-08-05
AMD,482.05,2027-03-19,226,Call,620.00,-28.62%,63,65.35,67.1,1005,269,3.74,68.36%,69.31%,0.442918,2026-08-05
EBAY,111.15,2026-08-07,2,Put,100.00,-10.03%,0.85,0.9,1,720,193,3.73,45.78%,142.78%,-0.145858,2026-08-05
SPCX,108.27,2027-01-15,163,Call,110.00,-1.60%,21.45,21.75,22.1,1674,449,3.73,92.27%,76.05%,0.60131,2026-08-05
APP,417.8,2026-08-07,2,Call,500.00,-19.67%,3.5,3.58,3.9,4455,1193,3.73,81.90%,200.03%,0.127615,2026-08-05
GOOG,360.13,2026-08-07,2,Call,370.00,-2.74%,1.2,1.23,1.27,11517,3096,3.72,33.39%,42.24%,0.199519,2026-08-05
AMZN,272.65,2026-08-10,5,Put,267.50,-1.89%,1.7,1.88,1.96,803,216,3.72,32.01%,31.04%,-0.289465,2026-08-05
META,588.77,2026-08-07,2,Call,582.50,+1.06%,11.35,11.8,12.3,1078,290,3.72,38.26%,47.71%,0.627761,2026-08-05
AMZN,272.65,2026-08-21,16,Put,242.50,-11.06%,0.41,0.53,0.54,1473,397,3.71,32.01%,35.95%,-0.053266,2026-08-05
TSLA,321.55,2026-08-07,2,Put,315.00,-2.04%,1.92,1.97,1.98,11358,3059,3.71,43.16%,47.92%,-0.273287,2026-08-05
GOOGL,362.43,2026-08-07,2,Put,355.00,-2.05%,1.8,1.85,2,4873,1318,3.7,33.79%,44.68%,-0.258511,2026-08-05
AAPL,311,2026-08-07,2,Call,310.00,+0.32%,3.3,3.4,3.55,63094,17051,3.7,26.23%,31.26%,0.56297,2026-08-05
CRWD,209.86,2026-08-21,16,Call,232.50,-10.79%,2.6,3.82,3.25,784,212,3.7,61.91%,57.05%,0.216278,2026-08-05
AMD,482.05,2026-09-11,37,Put,440.00,-8.72%,19.8,20.8,22.3,2001,541,3.7,68.36%,66.91%,-0.29119,2026-08-05
TSLA,321.55,2026-08-10,5,Put,317.50,-1.26%,3.9,4.05,4,502,136,3.69,43.16%,38.93%,-0.378202,2026-08-05
SNDK,1350.5,2026-08-07,2,Call,"1,395.00",-3.30%,61,66.95,73.4,628,170,3.69,117.69%,216.22%,0.451718,2026-08-05
MU,893.19,2026-08-07,2,Call,"1,070.00",-19.80%,0.83,1.01,0.98,951,258,3.69,85.96%,125.63%,0.029144,2026-08-05
NOW,117.22,2026-08-07,2,Put,116.00,-1.04%,1.82,2.02,1.98,1112,301,3.69,57.99%,71.77%,-0.410338,2026-08-05
SNDK,1350.5,2026-08-07,2,Call,"1,425.00",-5.52%,49.9,53.82,59.1,1263,342,3.69,117.69%,211.60%,0.396162,2026-08-05
ZS,161.65,2028-01-21,534,Call,450.00,-178.38%,8,10.5,11.7,548,149,3.68,68.21%,64.04%,0.195471,2026-08-05
AMZN,272.65,2026-08-10,5,Put,265.00,-2.81%,1.1,1.23,1.34,1953,530,3.68,32.01%,31.45%,-0.21082,2026-08-05
MSTR,98.37,2026-08-07,2,Put,98.00,-0.38%,2.11,1.94,2.4,896,244,3.67,72.64%,84.31%,-0.462465,2026-08-05
NBIS,218.99,2026-08-14,9,Put,215.00,-1.82%,18.4,19.25,20.3,1098,299,3.67,133.20%,157.65%,-0.420346,2026-08-05
META,588.77,2026-08-07,2,Put,585.00,-0.64%,5.8,6.25,6.5,1332,363,3.67,38.26%,45.78%,-0.416438,2026-08-05
GOOGL,362.43,2026-08-21,16,Put,365.00,+0.71%,10.85,11.3,11.9,3913,1065,3.67,33.79%,33.90%,-0.519413,2026-08-05
IBM,235.92,2026-08-07,2,Put,235.00,-0.39%,2.14,2.3,2.8,546,149,3.66,39.27%,41.87%,-0.44318,2026-08-05
AMBA,81.85,2026-08-07,2,Call,95.00,-16.07%,0.15,0.2,0.4,607,166,3.66,81.32%,136.19%,0.076999,2026-08-05
MSFT,487.46,2026-08-28,23,Put,415.00,-14.86%,0.62,0.68,0.79,1424,389,3.66,29.87%,37.32%,-0.037324,2026-08-05
SPCX,108.27,2026-08-21,16,Put,107.00,-1.17%,8.35,8.5,8.5,1685,460,3.66,92.27%,101.68%,-0.433362,2026-08-05
UUUU,12.44,2026-08-07,2,Put,12.50,+0.48%,0.48,0.53,0.54,678,186,3.65,86.52%,130.56%,-0.499921,2026-08-05
GOOGL,362.43,2026-08-07,2,Put,350.00,-3.43%,0.96,1.07,1.13,8598,2355,3.65,33.79%,47.45%,-0.154793,2026-08-05
TSLA,321.55,2026-08-07,2,Call,325.00,-1.07%,3.1,3.1,3.15,36653,10042,3.65,43.16%,48.42%,0.39192,2026-08-05
COIN,149.89,2026-08-14,9,Put,145.00,-3.26%,3.9,4.2,4.4,2253,619,3.64,69.39%,68.72%,-0.3563,2026-08-05
USFD,100.49,2026-08-21,16,Put,100.00,-0.49%,2.1,2.7,3.8,838,231,3.63,32.98%,38.91%,-0.453755,2026-08-05
GOOG,360.13,2026-08-14,9,Call,365.00,-1.35%,5.4,5.9,6.15,1935,533,3.63,33.39%,34.57%,0.418783,2026-08-05
INTC,101.06,2026-08-07,2,Put,103.00,+1.92%,3.8,3.75,4.2,655,181,3.62,80.64%,97.55%,-0.589177,2026-08-05
PLTR,158.43,2026-08-07,2,Put,162.50,+2.57%,5.35,5.46,5.65,5770,1595,3.62,49.55%,64.67%,-0.692596,2026-08-05
IE,10.65,2027-01-15,163,Call,22.50,-111.27%,0.2,0.35,0.5,549,152,3.61,84.60%,82.17%,0.145408,2026-08-05
FLNC,14.23,2027-01-15,163,Call,16.00,-12.44%,4,4.33,4.6,1024,284,3.61,153.96%,129.59%,0.624537,2026-08-05
GOOGL,362.43,2026-09-04,30,Put,330.00,-8.95%,3,3.14,3.25,1113,309,3.6,33.79%,35.06%,-0.156631,2026-08-05
TSLA,321.55,2026-08-14,9,Call,327.50,-1.85%,6.3,6.5,6.4,2201,611,3.6,43.16%,43.78%,0.413183,2026-08-05
AAPL,311,2026-08-10,5,Call,315.00,-1.29%,1.91,2,2.1,7879,2190,3.6,26.23%,24.72%,0.340215,2026-08-05
ETSY,85.86,2026-08-21,16,Call,90.00,-4.82%,5.3,5.5,5.6,8667,2409,3.6,80.67%,99.33%,0.454279,2026-08-05
HLF,12.6,2026-08-21,16,Call,12.50,+0.79%,1,1.05,1.25,3229,899,3.59,88.27%,104.22%,0.552805,2026-08-05
TSLA,321.55,2026-08-07,2,Put,312.50,-2.81%,1.33,1.37,1.37,4857,1353,3.59,43.16%,48.25%,-0.205457,2026-08-05
DOW,29.67,2026-08-07,2,Put,29.00,-2.26%,0.1,0.12,0.39,789,220,3.59,43.49%,59.03%,-0.293336,2026-08-05
BSX,47.74,2026-08-14,9,Put,44.00,-7.83%,0.1,0.2,0.25,1612,449,3.59,40.15%,43.63%,-0.108035,2026-08-05
NVDA,219.22,2026-08-12,7,Put,210.00,-4.21%,1.34,1.4,1.43,2047,570,3.59,40.72%,39.08%,-0.202959,2026-08-05
DELL,462.7,2026-10-16,72,Put,370.00,-20.03%,25.85,25.41,28,885,248,3.57,88.76%,87.05%,-0.215903,2026-08-05
NVDA,219.22,2026-08-28,23,Put,215.00,-1.93%,7.35,7.35,7.55,2875,805,3.57,40.72%,44.11%,-0.402941,2026-08-05
COST,941.99,2026-08-07,2,Call,945.00,-0.32%,6.4,7.9,8.4,563,158,3.56,22.79%,31.42%,0.452833,2026-08-05
HL,16.54,2026-08-07,2,Call,17.50,-5.80%,0.09,0.12,0.13,1239,349,3.55,68.70%,85.38%,0.195396,2026-08-05
SPCX,108.27,2026-08-07,2,Put,103.00,-4.87%,2.56,2.58,2.62,6807,1917,3.55,92.27%,153.22%,-0.309154,2026-08-05
HUBS,250.21,2026-08-21,16,Call,260.00,-3.91%,19.1,21,21.5,666,188,3.54,99.87%,116.35%,0.488326,2026-08-05
NVDA,219.22,2026-09-18,44,Call,370.00,-68.78%,0.08,0.1,0.1,2680,757,3.54,40.72%,58.06%,0.006642,2026-08-05
INTC,101.06,2026-08-14,9,Call,103.00,-1.92%,4.3,4.8,4.8,1044,296,3.53,80.64%,85.06%,0.472113,2026-08-05
SPCX,108.27,2026-08-07,2,Put,99.00,-8.56%,1.39,1.42,1.44,7045,1995,3.53,92.27%,152.41%,-0.197254,2026-08-05
U,35.47,2026-08-07,2,Call,41.00,-15.59%,0.83,0.92,0.95,14583,4131,3.53,90.44%,251.99%,0.247461,2026-08-05
WBD,25.97,2027-01-15,163,Call,29.00,-11.67%,0.6,0.59,0.65,8277,2354,3.52,20.05%,21.79%,0.285308,2026-08-05
INTC,101.06,2026-08-07,2,Call,100.00,+1.05%,3.3,3.3,3.65,29095,8265,3.52,80.64%,97.88%,0.573038,2026-08-05
SPCX,108.27,2026-08-14,9,Call,108.00,+0.25%,7.4,7.61,7.95,824,234,3.52,92.27%,110.77%,0.542394,2026-08-05
WDC,519.17,2026-08-07,2,Call,600.00,-15.57%,4.8,4.97,5.35,2016,572,3.52,96.06%,178.04%,0.151338,2026-08-05
BTU,22.8,2026-08-07,2,Call,24.00,-5.26%,0.01,0.12,0.13,1036,295,3.51,56.00%,61.59%,0.135745,2026-08-05
NVDA,219.22,2026-08-14,9,Put,215.00,-1.93%,3.3,3.25,3.4,3596,1024,3.51,40.72%,38.61%,-0.358699,2026-08-05
META,588.77,2026-08-07,2,Call,610.00,-3.61%,2.06,2.3,2.29,9554,2721,3.51,38.26%,51.35%,0.181833,2026-08-05
PRMB,25.32,2026-08-21,16,Call,26.00,-2.69%,0.4,0.85,0.8,1002,286,3.5,37.87%,41.65%,0.400357,2026-08-05
DUOL,135.32,2026-09-18,44,Put,110.00,-18.71%,2.9,4.2,5.2,1033,296,3.49,81.76%,77.73%,-0.179514,2026-08-05
ZETA,27.07,2026-08-07,2,Call,29.00,-7.13%,0.19,0.28,0.25,1590,455,3.49,67.17%,104.05%,0.196791,2026-08-05
LLY,1169.86,2026-08-07,2,Call,"1,250.00",-6.85%,0.85,0.91,0.95,1915,548,3.49,35.66%,52.99%,0.047917,2026-08-05
NVDA,219.22,2026-08-07,2,Call,227.50,-3.78%,0.47,0.48,0.49,40177,11519,3.49,40.72%,44.36%,0.134054,2026-08-05
VIAV,38.9,2026-08-21,16,Call,50.00,-28.53%,0.9,1.1,1.2,3776,1084,3.48,112.58%,125.25%,0.206051,2026-08-05
SCHW,108.02,2026-08-21,16,Put,103.00,-4.65%,0.46,0.51,0.56,839,242,3.47,23.73%,24.72%,-0.167433,2026-08-05
SPCX,108.27,2026-08-07,2,Call,107.00,+1.17%,5.5,5.6,5.65,843,243,3.47,92.27%,154.34%,0.56441,2026-08-05
NVO,44.53,2026-11-20,107,Put,35.00,-21.40%,0.53,0.58,0.6,1991,573,3.47,35.58%,38.83%,-0.112738,2026-08-05
GOOGL,362.43,2026-08-07,2,Call,387.50,-6.92%,0.14,0.15,0.17,2868,827,3.47,33.79%,47.93%,0.031303,2026-08-05
NVDA,219.22,2026-08-12,7,Call,225.00,-2.64%,2.26,2.5,2.38,3010,868,3.47,40.72%,37.52%,0.321568,2026-08-05
WBD,25.97,2026-11-20,107,Call,29.00,-11.67%,0.22,0.3,0.5,4000,1152,3.47,20.05%,21.78%,0.217372,2026-08-05
LRCX,307.42,2026-09-18,44,Call,400.00,-30.12%,7.75,9.31,9.55,4113,1184,3.47,78.69%,78.46%,0.207338,2026-08-05
CRWV,89.89,2026-08-07,2,Put,89.00,-0.99%,2.51,2.62,2.76,598,173,3.46,106.35%,116.15%,-0.436176,2026-08-05
BTG,4.1,2026-08-14,9,Call,4.50,-9.76%,0.05,0.1,0.1,1620,470,3.45,65.82%,81.38%,0.254067,2026-08-05
VFC,15.22,2026-11-20,107,Call,16.00,-5.12%,1.28,1.42,1.68,1771,514,3.45,47.26%,54.39%,0.49369,2026-08-05
SPCX,108.27,2026-08-07,2,Call,120.00,-10.83%,1.51,1.52,1.55,48618,14072,3.45,92.27%,163.93%,0.216081,2026-08-05
KHC,25.73,2026-08-14,9,Call,25.50,+0.89%,0.49,0.62,1.01,716,208,3.44,32.25%,39.67%,0.566126,2026-08-05
GME,19.01,2026-08-14,9,Call,19.50,-2.58%,0.23,0.23,0.3,2425,705,3.44,39.47%,39.52%,0.34666,2026-08-05
CRCL,63.28,2026-09-11,37,Put,64.00,+1.14%,5.15,7.7,7.35,745,217,3.43,86.26%,74.40%,-0.467099,2026-08-05
NBIS,218.99,2026-08-07,2,Put,225.00,+2.74%,12.3,12.55,13.5,968,282,3.43,133.20%,146.86%,-0.57665,2026-08-05
AMZN,272.65,2026-08-10,5,Call,285.00,-4.53%,0.61,0.67,0.7,2778,811,3.43,32.01%,32.48%,0.128539,2026-08-05
LLY,1169.86,2026-08-07,2,Put,"1,075.00",-8.11%,0.16,0.29,0.45,509,149,3.42,35.66%,54.82%,-0.01753,2026-08-05
AVGO,418.28,2026-08-14,9,Put,370.00,-11.54%,1.04,1.16,1.3,1201,351,3.42,53.54%,55.00%,-0.070611,2026-08-05
MSFT,487.46,2026-08-07,2,Call,495.00,-1.55%,2.35,2.45,2.5,6452,1889,3.42,29.87%,36.87%,0.293555,2026-08-05
META,588.77,2026-08-10,5,Call,600.00,-1.91%,5.4,5.95,6,1278,375,3.41,38.26%,36.99%,0.342927,2026-08-05
CAI,16.45,2026-08-21,16,Put,15.00,-8.81%,0.1,0.97,1.85,2501,733,3.41,95.49%,122.67%,-0.311004,2026-08-05
AMD,482.05,2026-08-07,2,Put,477.50,-0.94%,10.2,10.04,10.55,731,215,3.4,68.36%,88.65%,-0.428617,2026-08-05
CVS,99.12,2026-08-07,2,Put,99.00,-0.12%,0.9,0.75,1.29,987,291,3.39,29.62%,39.54%,-0.476995,2026-08-05
SPCX,108.27,2026-08-21,16,Put,106.00,-2.10%,7.8,7.83,7.95,1239,365,3.39,92.27%,101.21%,-0.416051,2026-08-05
CRWV,89.89,2026-08-21,16,Call,92.00,-2.35%,7.75,9.1,8.05,666,197,3.38,106.35%,116.86%,0.513558,2026-08-05
MSTR,98.37,2026-08-07,2,Put,97.50,-0.88%,1.79,1.8,2,666,197,3.38,72.64%,79.95%,-0.427583,2026-08-05
DELL,462.7,2026-08-21,16,Put,345.00,-25.44%,1.21,1.5,1.94,533,158,3.37,88.76%,86.56%,-0.042966,2026-08-05
SNDK,1350.5,2026-08-07,2,Put,"1,120.00",-17.07%,10.2,10,12.2,574,171,3.36,117.69%,213.42%,-0.102966,2026-08-05
DASH,207.27,2026-09-18,44,Put,195.00,-5.92%,9,11.35,12.45,764,228,3.35,63.40%,59.21%,-0.338169,2026-08-05
INTC,101.06,2026-09-04,30,Put,90.00,-10.94%,3.85,4.2,4.5,898,268,3.35,80.64%,79.73%,-0.263822,2026-08-05
SPCX,108.27,2026-10-16,72,Call,205.00,-89.34%,1.47,1.6,1.58,1730,517,3.35,92.27%,91.27%,0.087849,2026-08-05
SUNB,79.9,2026-09-18,44,Call,85.00,-6.38%,3,3.2,3.7,688,206,3.34,46.97%,48.61%,0.38751,2026-08-05
UWMC,1.84,2027-07-16,345,Call,5.0000,-171.74%,0.05,0.1,0.2,1000,299,3.34,107.14%,94.72%,0.190483,2026-08-05
HPE,53.22,2026-09-18,44,Call,75.00,-40.92%,1.15,1.14,1.24,5684,1702,3.34,79.00%,86.17%,0.161726,2026-08-05
MSFT,487.46,2026-08-07,2,Put,480.00,-1.53%,2.5,2.59,2.6,5962,1786,3.34,29.87%,38.62%,-0.28819,2026-08-05
TSLA,321.55,2026-08-07,2,Call,320.00,+0.48%,5.25,5.37,5.45,23533,7049,3.34,43.16%,47.48%,0.563847,2026-08-05
HOOD,92.8,2026-08-07,2,Call,99.00,-6.68%,0.4,0.44,0.45,5514,1656,3.33,66.81%,81.70%,0.150104,2026-08-05
SNDK,1350.5,2026-08-07,2,Put,"1,405.00",+4.04%,106.1,110,122,516,155,3.33,117.69%,207.09%,-0.571612,2026-08-05
AMD,482.05,2026-08-21,16,Call,515.00,-6.84%,15.6,16.11,16.9,976,294,3.32,68.36%,71.19%,0.359997,2026-08-05
CELH,29.15,2026-08-07,2,Call,31.50,-8.06%,0.81,0.88,1,996,300,3.32,74.99%,206.34%,0.33359,2026-08-05
SPCX,108.27,2026-08-21,16,Put,109.00,+0.67%,9.45,9.55,9.6,1858,559,3.32,92.27%,102.02%,-0.467662,2026-08-05
XYZ,84.2,2026-08-21,16,Put,70.00,-16.86%,0.55,0.56,0.64,6918,2093,3.31,57.69%,71.75%,-0.094355,2026-08-05
GLNG,50.21,2026-08-21,16,Put,48.00,-4.40%,0.8,0.87,1.1,781,237,3.3,42.53%,45.40%,-0.298633,2026-08-05
DASH,207.27,2028-01-21,534,Call,300.00,-44.74%,28,31,32.4,854,259,3.3,63.40%,52.54%,0.432215,2026-08-05
EZPW,29.78,2026-08-21,16,Call,32.50,-9.13%,0.65,1.04,1.25,566,172,3.29,74.67%,77.45%,0.326818,2026-08-05
SNDK,1350.5,2026-08-07,2,Put,"1,380.00",+2.18%,93.1,98.81,107.1,1007,306,3.29,117.69%,210.25%,-0.523936,2026-08-05
HIMS,31.65,2026-08-07,2,Put,31.00,-2.05%,0.48,0.48,0.6,3163,961,3.29,101.96%,89.40%,-0.363442,2026-08-05
SLB,49.91,2026-08-14,9,Put,51.00,+2.18%,1.47,1.22,1.68,571,174,3.28,32.37%,29.79%,-0.667607,2026-08-05
MSFT,487.46,2026-08-10,5,Call,505.00,-3.60%,1.37,1.59,1.71,764,233,3.28,29.87%,30.54%,0.168461,2026-08-05
MSFT,487.46,2026-08-07,2,Call,497.50,-2.06%,1.71,1.9,1.91,1304,397,3.28,29.87%,37.06%,0.23456,2026-08-05
NVDA,219.22,2026-08-17,12,Call,230.00,-4.92%,2.02,2.08,2.08,1328,405,3.28,40.72%,36.21%,0.247393,2026-08-05
CIFR,18.71,2026-08-14,9,Put,18.50,-1.12%,1.19,1.29,1.39,533,163,3.27,118.19%,120.30%,-0.437204,2026-08-05
GOOGL,362.43,2026-10-16,72,Put,150.00,-58.61%,0.01,0.15,0.35,578,177,3.27,33.79%,80.91%,-0.003999,2026-08-05
TSM,414,2026-08-21,16,Put,415.00,+0.24%,14.35,14.55,15.9,625,191,3.27,44.24%,42.95%,-0.488288,2026-08-05
QXO,15.9,2026-09-18,44,Put,13.00,-18.24%,0.35,0.45,0.45,3598,1099,3.27,71.92%,71.08%,-0.169678,2026-08-05
U,35.47,2026-08-14,9,Call,40.00,-12.77%,1.25,1.39,1.5,1364,419,3.26,90.44%,132.48%,0.319342,2026-08-05
SNDK,1350.5,2026-08-07,2,Call,"1,550.00",-14.77%,23,23.45,24.1,1749,537,3.26,117.69%,211.32%,0.211448,2026-08-05
GOOG,360.13,2026-08-28,23,Put,305.00,-15.31%,0.45,0.57,0.63,886,273,3.25,33.39%,38.63%,-0.037344,2026-08-05
SHOP,144.24,2026-08-07,2,Put,130.00,-9.87%,0.05,0.16,0.14,986,303,3.25,55.16%,75.77%,-0.029743,2026-08-05
TSLA,321.55,2027-09-17,408,Call,790.00,-145.68%,8.4,9.12,8.9,1005,309,3.25,43.16%,54.83%,0.11849,2026-08-05
BX,136.03,2026-08-21,16,Put,135.00,-0.76%,3.3,3.44,3.7,1019,314,3.25,36.03%,35.39%,-0.443427,2026-08-05
AMZN,272.65,2026-08-14,9,Call,275.00,-0.86%,4.65,4.74,4.8,7343,2261,3.25,32.01%,33.34%,0.45197,2026-08-05
SPCX,108.27,2026-08-07,2,Put,93.00,-14.10%,0.47,0.49,0.51,7345,2267,3.24,92.27%,154.62%,-0.082689,2026-08-05
MU,893.19,2026-08-07,2,Call,945.00,-5.80%,11.65,12.35,12.1,946,292,3.24,85.96%,114.69%,0.267796,2026-08-05
CSIQ,15.4,2026-08-21,16,Put,14.00,-9.09%,0.5,0.6,0.8,511,158,3.23,101.26%,100.68%,-0.286337,2026-08-05
CRCL,63.28,2026-09-04,30,Put,50.00,-20.99%,1.06,1.1,1.28,536,166,3.23,86.26%,84.66%,-0.134976,2026-08-05
NRGV,3.01,2026-08-21,16,Put,3.00,-0.33%,0.25,0.39,0.4,2127,658,3.23,132.76%,132.81%,-0.438204,2026-08-05
TSLA,321.55,2026-08-19,14,Call,330.00,-2.63%,7,7.25,7.5,997,310,3.22,43.16%,42.39%,0.399655,2026-08-05
T,23.06,2026-08-07,2,Call,22.50,+2.43%,0.58,0.6,0.78,1036,322,3.22,27.52%,48.71%,0.757571,2026-08-05
NVDA,219.22,2026-08-12,7,Call,250.00,-14.04%,0.09,0.12,0.12,758,236,3.21,40.72%,45.69%,0.02092,2026-08-05
IONQ,39.93,2026-08-07,2,Put,34.00,-14.85%,0.26,0.25,0.28,770,240,3.21,100.88%,179.89%,-0.101091,2026-08-05
GOOGL,362.43,2027-01-15,163,Call,405.00,-11.75%,20.45,20.65,21,3261,1018,3.2,33.79%,35.55%,0.388971,2026-08-05
SPCX,108.27,2026-08-07,2,Put,114.00,+5.29%,8.5,8.61,8.7,8106,2534,3.2,92.27%,160.39%,-0.645755,2026-08-05
INTC,101.06,2026-08-07,2,Call,80.00,+20.84%,20.35,21.42,21.95,1653,516,3.2,80.64%,154.33%,0.982283,2026-08-05
LQDA,89.12,2027-01-15,163,Call,110.00,-23.43%,10.4,12.5,14.5,501,157,3.19,107.71%,79.41%,0.460557,2026-08-05
MU,893.19,2027-06-17,316,Put,580.00,-35.06%,81.1,80.8,90.95,600,188,3.19,85.96%,81.52%,-0.162406,2026-08-05
ADBE,259.32,2026-09-18,44,Call,305.00,-17.62%,5.95,5.95,6.6,618,194,3.19,53.57%,55.52%,0.235055,2026-08-05
TSLA,321.55,2026-08-12,7,Call,332.50,-3.41%,3.5,3.9,3.65,737,231,3.19,43.16%,43.14%,0.301846,2026-08-05
DASH,207.27,2026-08-21,16,Put,175.00,-15.57%,1.8,2.36,2.49,837,262,3.19,63.40%,75.52%,-0.123302,2026-08-05
AMZN,272.65,2026-08-12,7,Call,280.00,-2.70%,2.16,2.32,2.48,911,286,3.19,32.01%,33.57%,0.296651,2026-08-05
RUM,6.19,2026-08-07,2,Put,12.00,+93.86%,5.6,5.75,5.9,635,200,3.18,90.46%,400.85%,-0.981693,2026-08-05
AMD,482.05,2026-08-10,5,Put,450.00,-6.65%,3.4,3.85,4.35,882,277,3.18,68.36%,67.64%,-0.180273,2026-08-05
XPEV,11.75,2026-08-07,2,Call,12.00,-2.13%,0.09,0.12,0.14,619,195,3.17,62.80%,61.80%,0.332486,2026-08-05
APP,417.8,2026-08-07,2,Call,430.00,-2.92%,17.6,20,20,771,243,3.17,81.90%,194.97%,0.449892,2026-08-05
GOOG,360.13,2026-08-14,9,Put,320.00,-11.14%,0.24,0.26,0.31,1823,575,3.17,33.39%,40.95%,-0.029961,2026-08-05
SPCX,108.27,2026-08-21,16,Put,108.00,-0.25%,8.9,8.9,9.05,1854,584,3.17,92.27%,101.95%,-0.45054,2026-08-05
GOOGL,362.43,2026-08-07,2,Put,372.50,+2.78%,10.7,10.8,11.75,1914,604,3.17,33.79%,42.19%,-0.805009,2026-08-05
WULF,18.07,2027-12-17,499,Call,35.00,-93.69%,3.8,4.32,4.85,1368,433,3.16,97.67%,115.32%,0.434265,2026-08-05
NVDA,219.22,2026-08-10,5,Put,205.00,-6.49%,0.33,0.29,0.36,3017,955,3.16,40.72%,40.36%,-0.073282,2026-08-05
ZVRA,10.53,2027-12-17,499,Put,17.00,+61.44%,5,7.65,10,697,221,3.15,90.00%,64.29%,-0.613097,2026-08-05
NVDA,219.22,2026-08-14,9,Call,222.50,-1.50%,3.9,3.9,4,8896,2826,3.15,40.72%,38.77%,0.420424,2026-08-05
SNDK,1350.5,2026-08-07,2,Call,"1,500.00",-11.07%,30.9,30.3,33.9,6479,2063,3.14,117.69%,208.32%,0.273401,2026-08-05
GOOGL,362.43,2026-08-07,2,Put,360.00,-0.67%,3.4,3.58,3.65,8462,2699,3.14,33.79%,43.74%,-0.40949,2026-08-05
AMZN,272.65,2026-08-07,2,Call,200.00,+26.65%,71.6,71.55,74.2,1171,373,3.14,32.01%,197.77%,0.985775,2026-08-05
UBER,68.18,2026-08-28,23,Put,65.00,-4.66%,0.91,0.98,1.06,1271,405,3.14,34.72%,34.05%,-0.266077,2026-08-05
GOOGL,362.43,2026-10-16,72,Call,445.00,-22.78%,2.43,3,4.1,943,301,3.13,33.79%,35.92%,0.122161,2026-08-05
KVYO,19.3,2026-09-18,44,Put,15.00,-22.28%,0,0.65,1.3,609,195,3.12,101.49%,92.30%,-0.168735,2026-08-05
SNDK,1350.5,2026-08-07,2,Put,"1,225.00",-9.29%,29.5,31.35,34.2,652,209,3.12,117.69%,209.11%,-0.239248,2026-08-05
META,588.77,2026-08-07,2,Call,600.00,-1.91%,4.1,4.3,4.35,15018,4817,3.12,38.26%,49.44%,0.310933,2026-08-05
SPCX,108.27,2026-08-07,2,Call,116.00,-7.14%,2.28,2.32,2.34,16638,5349,3.11,92.27%,160.08%,0.301133,2026-08-05
JPM,359.24,2026-08-07,2,Put,360.00,+0.21%,2.68,2.79,3,1093,352,3.11,21.26%,23.17%,-0.543658,2026-08-05
AAPL,311,2026-08-10,5,Put,302.50,-2.73%,0.86,0.89,1.01,1244,400,3.11,26.23%,26.41%,-0.177464,2026-08-05
NVDA,219.22,2026-08-10,5,Call,227.50,-3.78%,0.95,0.96,1,2843,917,3.1,40.72%,35.67%,0.195752,2026-08-05
SPCX,108.27,2026-08-07,2,Call,118.00,-8.99%,1.85,1.91,1.91,7067,2278,3.1,92.27%,161.90%,0.255719,2026-08-05
SPCX,108.27,2026-08-14,9,Call,110.00,-1.60%,6.55,6.64,6.7,7071,2278,3.1,92.27%,108.61%,0.499021,2026-08-05
TSLA,321.55,2026-08-07,2,Put,310.00,-3.59%,0.91,0.94,0.94,11447,3690,3.1,43.16%,48.92%,-0.15071,2026-08-05
HUT,92.76,2026-08-14,9,Call,110.00,-18.59%,1.46,1.64,1.87,520,169,3.08,108.32%,114.14%,0.195846,2026-08-05
SNDK,1350.5,2026-08-07,2,Put,"1,390.00",+2.92%,96,102.95,110.2,760,247,3.08,117.69%,202.83%,-0.546151,2026-08-05
SGI,69.58,2026-09-18,44,Call,70.00,-0.60%,5,5.55,6.1,3522,1142,3.08,61.21%,58.66%,0.534622,2026-08-05
WEN,7.99,2026-08-07,2,Put,7.50,-6.13%,0.15,0.18,0.2,4424,1440,3.07,63.49%,161.51%,-0.278242,2026-08-05
FCX,69.39,2026-08-07,2,Call,71.00,-2.32%,0.58,0.75,0.82,583,190,3.07,52.79%,65.23%,0.327125,2026-08-05
RUN,10.49,2026-08-07,2,Call,9.50,+9.44%,1.09,1.29,2.06,593,193,3.07,100.90%,340.67%,0.698482,2026-08-05
MSFT,487.46,2026-08-07,2,Call,507.50,-4.11%,0.49,0.54,0.58,992,323,3.07,29.87%,38.94%,0.084134,2026-08-05
AMD,482.05,2026-08-28,23,Call,500.00,-3.72%,26,28,27.7,1864,608,3.07,68.36%,70.56%,0.458199,2026-08-05
OKTA,147.04,2026-08-21,16,Call,160.00,-8.81%,2.31,2.72,2.82,746,244,3.06,68.63%,56.30%,0.259699,2026-08-05
MU,893.19,2026-08-14,9,Call,900.00,-0.76%,49.25,52.95,50.1,2765,904,3.06,85.96%,93.84%,0.511191,2026-08-05
SNDK,1350.5,2026-08-07,2,Put,"1,200.00",-11.14%,23.8,24.2,24.9,3208,1049,3.06,117.69%,206.21%,-0.197205,2026-08-05
CCJ,94.27,2026-09-18,44,Call,110.00,-16.69%,1.95,2.06,2.05,8732,2867,3.05,50.13%,51.32%,0.224356,2026-08-05
NET,292.96,2026-08-07,2,Put,275.00,-6.13%,7.55,8.4,8.8,512,168,3.05,74.00%,185.64%,-0.297907,2026-08-05
ZETA,27.07,2027-03-19,226,Call,30.00,-10.82%,5.05,5.4,5.8,802,263,3.05,67.17%,74.19%,0.562815,2026-08-05
BMY,63.63,2026-08-21,16,Put,65.00,+2.15%,2.09,2.31,2.36,909,298,3.05,28.20%,26.74%,-0.637556,2026-08-05
SPCX,108.27,2026-08-14,9,Call,111.00,-2.52%,6.15,6.2,6.3,1016,333,3.05,92.27%,108.91%,0.478109,2026-08-05
AMZN,272.65,2026-08-07,2,Call,225.00,+17.48%,46.65,46.82,48.8,1267,416,3.05,32.01%,101.20%,0.995389,2026-08-05
FSLR,236.8,2026-08-14,9,Call,220.00,+7.09%,24,17.1,27.35,624,205,3.04,80.33%,110.23%,0.697392,2026-08-05
GOOGL,362.43,2026-08-10,5,Put,360.00,-0.67%,4.15,4.57,4.7,818,269,3.04,33.79%,33.33%,-0.420025,2026-08-05
SPCX,108.27,2026-09-04,30,Put,110.00,+1.60%,12.15,12.22,12.45,1125,370,3.04,92.27%,93.06%,-0.467124,2026-08-05
MSFT,487.46,2026-08-07,2,Put,475.00,-2.56%,1.42,1.46,1.47,3832,1259,3.04,29.87%,39.58%,-0.183147,2026-08-05
SPCX,108.27,2026-08-07,2,Put,113.00,+4.37%,7.8,7.86,8,7639,2521,3.03,92.27%,159.58%,-0.618567,2026-08-05
FUTU,110.22,2026-08-07,2,Put,105.00,-4.74%,0.03,0.23,0.5,745,246,3.03,53.26%,55.73%,-0.116976,2026-08-05
LITE,826.26,2028-01-21,534,Put,250.00,-69.74%,28,36.73,38.6,924,305,3.03,106.02%,96.09%,-0.049171,2026-08-05
RL,380.78,2026-08-21,16,Put,370.00,-2.83%,11.2,13.42,14,1150,380,3.03,46.95%,56.27%,-0.377858,2026-08-05
HOOD,92.8,2026-08-07,2,Put,93.00,+0.22%,2.09,2.12,2.28,1059,352,3.01,66.81%,76.27%,-0.502817,2026-08-05
DDOG,283.17,2026-08-07,2,Call,330.00,-16.54%,4.15,4.98,5.35,555,185,3,79.81%,221.79%,0.197935,2026-08-05
UBER,68.18,2026-08-14,9,Call,71.00,-4.14%,0.59,0.64,0.68,916,305,3,34.72%,38.16%,0.263821,2026-08-05
SPCX,108.27,2026-08-14,9,Call,126.00,-16.38%,2.31,2.38,2.4,1161,387,3,92.27%,114.58%,0.227218,2026-08-05
TWLO,193.22,2026-08-21,16,Put,185.00,-4.25%,10.1,11.6,11.5,566,189,2.99,77.68%,92.99%,-0.371663,2026-08-05
APP,417.8,2026-08-07,2,Put,330.00,-21.01%,0.9,1.09,1.15,633,212,2.99,81.90%,190.76%,-0.040705,2026-08-05
BABA,128.53,2026-08-21,16,Call,129.00,-0.37%,4.9,4.9,5.1,1393,466,2.99,46.58%,48.61%,0.506133,2026-08-05
BNTX,92.18,2026-08-21,16,Put,82.50,-10.50%,0,0.25,1.15,569,191,2.98,40.11%,46.35%,-0.124077,2026-08-05
FSLY,26.03,2026-08-07,2,Put,20.00,-23.17%,0.2,0.27,0.3,695,233,2.98,111.90%,287.39%,-0.089148,2026-08-05
SNDK,1350.5,2026-08-07,2,Call,"1,505.00",-11.44%,28.7,32.37,35.5,733,246,2.98,117.69%,210.77%,0.269251,2026-08-05
XPEV,11.75,2027-01-15,163,Call,18.00,-53.19%,0.52,0.61,0.66,1009,339,2.98,62.80%,65.69%,0.237927,2026-08-05
FCX,69.39,2026-08-14,9,Put,59.00,-14.97%,0,0.12,0.19,1337,448,2.98,52.79%,59.12%,-0.035876,2026-08-05
GOOG,360.13,2026-08-07,2,Put,375.00,+4.13%,14.1,14.92,16.85,2449,821,2.98,33.39%,44.71%,-0.886285,2026-08-05
FSLR,236.8,2026-08-14,9,Put,200.00,-15.54%,0.58,2.13,4.3,505,170,2.97,80.33%,100.14%,-0.123437,2026-08-05
SNDK,1350.5,2026-08-07,2,Call,"2,050.00",-51.80%,0.5,0.53,0.55,531,179,2.97,117.69%,223.93%,0.007484,2026-08-05
EOG,134.23,2026-10-16,72,Put,130.00,-3.15%,5.4,5.5,6.4,1285,433,2.97,33.26%,33.94%,-0.382092,2026-08-05
KVYO,19.3,2026-08-21,16,Put,17.50,-9.33%,1,1.2,1.4,1444,487,2.97,101.49%,129.43%,-0.3079,2026-08-05
NVDA,219.22,2026-08-12,7,Call,230.00,-4.92%,1.11,1.11,1.21,2365,797,2.97,40.72%,37.70%,0.188929,2026-08-05
NEM,104.29,2028-12-15,863,Call,100.00,+4.11%,30,32.09,34.05,589,199,2.96,42.32%,44.91%,0.681215,2026-08-05
AMZN,272.65,2026-08-10,5,Call,277.50,-1.78%,1.96,2.2,2.2,1066,360,2.96,32.01%,31.17%,0.325832,2026-08-05
SNDK,1350.5,2026-08-07,2,Put,"1,430.00",+5.89%,122.8,128.18,138,528,179,2.95,117.69%,207.22%,-0.616127,2026-08-05
ANET,197.31,2026-08-07,2,Call,197.50,-0.10%,4.35,5.25,5.4,711,241,2.95,61.54%,84.94%,0.507695,2026-08-05
SPCX,108.27,2026-08-07,2,Call,122.00,-12.68%,1.23,1.28,1.27,4913,1667,2.95,92.27%,166.29%,0.182238,2026-08-05
SHOP,144.24,2026-08-07,2,Call,160.00,-10.93%,0.15,0.16,0.18,5982,2025,2.95,55.16%,81.85%,0.046678,2026-08-05
SPCX,108.27,2026-08-07,2,Call,111.00,-2.52%,3.75,3.88,3.9,6389,2168,2.95,92.27%,156.53%,0.438293,2026-08-05
GOOGL,362.43,2026-08-07,2,Call,385.00,-6.23%,0.18,0.2,0.23,14696,4979,2.95,33.79%,46.36%,0.041138,2026-08-05
CHYM,25.92,2026-08-21,16,Call,27.50,-6.10%,1.1,1.11,1.2,4412,1500,2.94,71.56%,81.58%,0.400601,2026-08-05
NVDA,219.22,2026-08-14,9,Call,230.00,-4.92%,1.67,1.67,1.73,21538,7317,2.94,40.72%,38.64%,0.227193,2026-08-05
WDC,519.17,2026-08-07,2,Put,470.00,-9.47%,7.45,8.09,8.8,553,188,2.94,96.06%,175.19%,-0.202278,2026-08-05
MSTR,98.37,2028-12-15,863,Call,105.00,-6.74%,45,47.95,55,2028,689,2.94,72.64%,87.67%,0.757878,2026-08-05
NXE,10.04,2026-11-20,107,Call,11.00,-9.56%,1,1.05,1.1,513,175,2.93,62.94%,63.63%,0.47604,2026-08-05
UAL,132.76,2026-08-07,2,Call,134.00,-0.93%,1.28,1.24,1.6,704,240,2.93,44.68%,50.95%,0.40856,2026-08-05
U,35.47,2026-09-18,44,Call,45.00,-26.87%,1.14,1.3,1.35,3242,1105,2.93,90.44%,80.36%,0.242754,2026-08-05
AAPL,311,2026-08-07,2,Call,307.50,+1.13%,4.75,4.7,5.15,18215,6247,2.92,26.23%,30.92%,0.696305,2026-08-05
HD,353.14,2026-08-07,2,Call,362.50,-2.65%,0.64,0.79,0.94,1446,496,2.92,33.63%,35.45%,0.163097,2026-08-05
MRK,128.33,2026-08-07,2,Put,123.00,-4.15%,0.01,0.16,0.2,587,202,2.91,29.27%,38.31%,-0.065277,2026-08-05
CMG,34.5,2026-08-21,16,Call,35.50,-2.90%,0.72,0.76,0.83,2051,706,2.91,40.92%,40.67%,0.391918,2026-08-05
KO,86.83,2027-02-19,198,Call,95.00,-9.41%,2.42,2.75,2.75,2960,1017,2.91,20.33%,20.86%,0.321082,2026-08-05
EOSE,3.82,2026-08-07,2,Put,4.00,+4.71%,0.22,0.27,0.29,4257,1469,2.9,120.23%,128.63%,-0.668058,2026-08-05
ANET,197.31,2026-08-14,9,Call,200.00,-1.36%,6.65,7.5,7.8,714,246,2.9,61.54%,67.73%,0.473792,2026-08-05
LRCX,307.42,2026-08-07,2,Put,305.00,-0.79%,7.15,7.25,8.5,760,262,2.9,78.69%,99.63%,-0.441916,2026-08-05
MU,893.19,2026-08-10,5,Call,"1,000.00",-11.96%,7,7.15,7.35,2384,821,2.9,85.96%,89.61%,0.15387,2026-08-05
PRU,120.16,2026-12-18,135,Call,135.00,-12.35%,1.75,1.85,2.2,535,185,2.89,24.23%,23.20%,0.217246,2026-08-05
GOOG,360.13,2026-08-07,2,Put,362.50,+0.66%,5.45,5.5,5.9,2362,816,2.89,33.39%,41.46%,-0.576824,2026-08-05
SPCX,108.27,2026-11-20,107,Put,85.00,-21.49%,7.15,7.23,7.35,4224,1461,2.89,92.27%,80.93%,-0.213914,2026-08-05
CVX,186.41,2026-08-21,16,Put,182.50,-2.10%,2.92,3.05,3.45,845,293,2.88,27.18%,31.78%,-0.362211,2026-08-05
RKLB,74.82,2026-08-14,9,Put,75.00,+0.24%,5.35,5.55,5.85,1139,395,2.88,99.09%,118.26%,-0.466634,2026-08-05
WDC,519.17,2026-08-07,2,Call,650.00,-25.20%,1.3,1.4,1.47,1727,599,2.88,96.06%,178.02%,0.050704,2026-08-05
SNDK,1350.5,2026-08-07,2,Call,"1,850.00",-36.99%,2.25,2.3,2.3,935,326,2.87,117.69%,215.03%,0.028969,2026-08-05
LZ,8.1,2026-09-18,44,Put,8.00,-1.23%,0.55,0.8,0.95,2900,1012,2.87,84.22%,73.33%,-0.424785,2026-08-05
SPCX,108.27,2026-08-07,2,Put,112.00,+3.45%,7.1,7.15,7.3,13768,4801,2.87,92.27%,157.94%,-0.590961,2026-08-05
UBER,68.18,2026-08-07,2,Call,70.00,-2.67%,0.3,0.32,0.35,10728,3745,2.86,34.72%,47.69%,0.234808,2026-08-05
LMND,52.06,2028-01-21,534,Call,30.00,+42.37%,27.5,30.1,30.2,989,346,2.86,67.47%,76.09%,0.869429,2026-08-05
TSLA,321.55,2026-08-14,9,Call,332.50,-3.41%,4.65,4.65,4.75,1164,407,2.86,43.16%,44.19%,0.331758,2026-08-05
FSLY,26.03,2026-08-07,2,Call,25.00,+3.96%,2.55,2.8,2.9,1795,628,2.86,111.90%,288.40%,0.616698,2026-08-05
MU,893.19,2026-08-07,2,Put,875.00,-2.04%,21.55,22.13,23.1,927,325,2.85,85.96%,117.36%,-0.388885,2026-08-05
AAPL,311,2026-08-10,5,Put,307.50,-1.13%,2.05,2.12,2.34,1397,491,2.85,26.23%,25.84%,-0.343819,2026-08-05
TE,5.47,2026-09-18,44,Call,6.00,-9.69%,0.95,1.05,1.1,7623,2672,2.85,164.36%,161.26%,0.548838,2026-08-05
SHOP,144.24,2026-08-07,2,Call,150.00,-3.99%,1.2,1.2,1.25,10950,3851,2.84,55.16%,76.82%,0.255658,2026-08-05
MSFT,487.46,2026-08-14,9,Put,487.50,+0.01%,8.9,9.4,9.65,808,285,2.84,29.87%,30.82%,-0.486374,2026-08-05
NVDA,219.22,2026-12-18,135,Put,214.00,-2.38%,18,17.75,18.85,1526,538,2.84,40.72%,42.20%,-0.397957,2026-08-05
AAPL,311,2026-08-12,7,Call,310.00,+0.32%,4.8,5.06,5.25,2049,722,2.84,26.23%,25.67%,0.550135,2026-08-05
ADBE,259.32,2026-11-20,107,Put,190.00,-26.73%,3.05,3.75,4.45,758,268,2.83,53.57%,51.37%,-0.097904,2026-08-05
CSCO,121.5,2026-08-07,2,Call,127.00,-4.53%,0.18,0.18,0.23,1231,435,2.83,50.10%,46.69%,0.103778,2026-08-05
META,588.77,2026-08-07,2,Call,595.00,-1.06%,5.5,5.5,6.1,4900,1729,2.83,38.26%,48.72%,0.393988,2026-08-05
ORCL,144.39,2026-08-07,2,Call,148.00,-2.50%,1.58,1.57,1.68,7318,2584,2.83,70.94%,71.84%,0.331561,2026-08-05
WBD,25.97,2027-01-15,163,Put,25.00,-3.74%,0.86,1.14,1.49,17495,6180,2.83,20.05%,26.16%,-0.352861,2026-08-05
AMD,482.05,2026-08-14,9,Put,420.00,-12.87%,2.7,3.1,3.4,3640,1289,2.82,68.36%,74.56%,-0.107032,2026-08-05
RKT,13.86,2026-10-16,72,Call,18.00,-29.87%,0.36,0.38,0.42,10032,3558,2.82,66.55%,60.60%,0.209121,2026-08-05
BE,234.33,2026-08-21,16,Call,460.00,-96.30%,0.01,0.15,0.82,516,183,2.82,117.71%,142.96%,0.017944,2026-08-05
OBDC,10.97,2028-01-21,534,Put,10.00,-8.84%,1.2,1.35,1.4,951,337,2.82,60.83%,28.31%,-0.374019,2026-08-05
AG,17.61,2026-12-18,135,Call,28.00,-59.00%,0.63,0.83,1.11,1037,368,2.82,68.23%,75.88%,0.227363,2026-08-05
SNDK,1350.5,2026-08-14,9,Call,"1,900.00",-40.69%,6.9,11.5,12.3,550,196,2.81,117.69%,141.37%,0.077386,2026-08-05
CAMT,147.6,2026-08-21,16,Call,250.00,-69.38%,0,0.26,0.3,615,219,2.81,90.33%,108.75%,0.013646,2026-08-05
INTC,101.06,2026-08-07,2,Put,94.00,-6.99%,0.53,0.54,0.64,1117,398,2.81,80.64%,97.81%,-0.149476,2026-08-05
MU,893.19,2026-08-21,16,Call,"1,080.00",-20.91%,15.1,15.1,15.8,2079,739,2.81,85.96%,90.15%,0.183079,2026-08-05
TSLA,321.55,2026-08-07,2,Put,307.50,-4.37%,0.62,0.63,0.64,2934,1045,2.81,43.16%,49.85%,-0.10854,2026-08-05
AMD,482.05,2026-08-07,2,Put,450.00,-6.65%,2.26,2.5,2.48,7164,2552,2.81,68.36%,89.45%,-0.141181,2026-08-05
SNAP,5.33,2026-08-07,2,Put,5.50,+3.19%,0.21,0.22,0.23,8992,3215,2.8,56.71%,72.85%,-0.709857,2026-08-05
MSFT,487.46,2026-08-10,5,Call,500.00,-2.57%,2.24,2.54,2.54,1240,443,2.8,29.87%,29.80%,0.242093,2026-08-05
INTC,101.06,2026-08-10,5,Call,105.00,-3.90%,1.91,2.11,2.15,1396,498,2.8,80.64%,75.97%,0.351598,2026-08-05
UBER,68.18,2026-09-18,44,Call,67.50,+1.00%,3.7,3.89,3.85,1532,547,2.8,34.72%,34.80%,0.57158,2026-08-05
UNH,412.75,2026-08-07,2,Put,405.00,-1.88%,1.07,1.08,1.2,1545,551,2.8,28.64%,31.74%,-0.205666,2026-08-05
RKLB,74.82,2026-09-18,44,Call,135.00,-80.43%,0.68,0.8,0.83,2000,715,2.8,99.09%,103.05%,0.072391,2026-08-05
NBIS,218.99,2026-08-07,2,Put,212.50,-2.96%,6,6.15,7.4,872,312,2.79,133.20%,151.00%,-0.371985,2026-08-05
LUV,48.79,2026-08-07,2,Call,49.00,-0.43%,0.51,0.7,1.12,1020,365,2.79,40.63%,63.28%,0.473749,2026-08-05
HOOD,92.8,2026-08-07,2,Call,96.00,-3.45%,0.94,0.98,1.01,5996,2150,2.79,66.81%,79.34%,0.29302,2026-08-05
NVDA,219.22,2026-11-20,107,Put,215.00,-1.93%,16.6,16.63,16.95,6312,2261,2.79,40.72%,42.21%,-0.408149,2026-08-05
CEG,265.12,2026-08-07,2,Put,260.00,-1.93%,5.4,5.82,6.5,662,238,2.78,52.72%,106.76%,-0.386635,2026-08-05
AXTI,68.61,2028-01-21,534,Put,40.00,-41.70%,17,17.5,17.5,841,303,2.78,151.63%,133.26%,-0.122649,2026-08-05
NVDA,219.22,2026-08-10,5,Call,217.50,+0.78%,4.25,5,4.85,2908,1047,2.78,40.72%,35.02%,0.588309,2026-08-05
FISV,54.11,2026-08-28,23,Call,57.00,-5.34%,1.5,2.05,2.9,534,193,2.77,55.26%,61.32%,0.402739,2026-08-05
AMD,482.05,2026-08-14,9,Call,500.00,-3.72%,14.6,15,15.85,1633,590,2.77,68.36%,74.60%,0.402868,2026-08-05
HPE,53.22,2026-08-07,2,Call,53.50,-0.53%,1.06,1.15,1.23,711,258,2.76,79.00%,81.04%,0.477983,2026-08-05
HOOD,92.8,2026-08-14,9,Put,86.00,-7.33%,1.17,1.24,1.34,721,261,2.76,66.81%,66.60%,-0.215459,2026-08-05
UBER,68.18,2026-08-14,9,Put,64.00,-6.13%,0.22,0.23,0.28,1017,369,2.76,34.72%,36.48%,-0.125626,2026-08-05
MU,893.19,2026-08-10,5,Call,"1,100.00",-23.15%,1.25,1.39,1.5,1159,420,2.76,85.96%,95.67%,0.035965,2026-08-05
GOOG,360.13,2026-08-14,9,Call,370.00,-2.74%,4,4.2,4.2,1559,564,2.76,33.39%,34.95%,0.326286,2026-08-05
SPCX,108.27,2026-08-14,9,Put,105.00,-3.02%,5.65,5.65,5.75,12642,4588,2.76,92.27%,108.78%,-0.393837,2026-08-05
SPCX,108.27,2026-08-14,9,Call,130.00,-20.07%,1.8,1.91,1.88,15145,5517,2.75,92.27%,116.94%,0.184194,2026-08-05
SPCX,108.27,2026-08-07,2,Put,100.00,-7.64%,1.64,1.63,1.68,137687,50158,2.75,92.27%,152.46%,-0.22298,2026-08-05
DAL,93.14,2026-08-07,2,Call,96.00,-3.07%,0.23,0.27,0.51,910,331,2.75,36.75%,47.93%,0.203077,2026-08-05
FIG,28.15,2026-08-07,2,Call,28.50,-1.24%,1.66,1.85,2.08,2165,788,2.75,99.59%,243.96%,0.509156,2026-08-05
SOFI,18.25,2026-08-28,23,Put,18.50,+1.37%,1,0.99,1.05,2372,862,2.75,50.31%,49.77%,-0.513128,2026-08-05
VST,140.58,2026-10-16,72,Call,165.00,-17.37%,5.65,6,6.35,1530,559,2.74,56.27%,55.39%,0.306861,2026-08-05
GLXY,19.07,2026-08-21,16,Call,22.00,-15.36%,0.42,0.74,0.74,1539,562,2.74,97.35%,95.88%,0.272569,2026-08-05
MU,893.19,2026-08-07,2,Call,910.00,-1.88%,22.75,22.79,23.35,2970,1084,2.74,85.96%,115.18%,0.431003,2026-08-05
TSLA,321.55,2026-08-07,2,Call,327.50,-1.85%,2.28,2.27,2.33,16791,6128,2.74,43.16%,48.73%,0.313912,2026-08-05
ZETA,27.07,2026-08-07,2,Call,28.00,-3.44%,0.2,0.41,0.5,4321,1583,2.73,67.17%,88.55%,0.315758,2026-08-05
SPCX,108.27,2026-10-16,72,Call,200.00,-84.72%,1.64,1.65,1.75,7752,2836,2.73,92.27%,90.81%,0.096489,2026-08-05
DVN,42.09,2026-08-28,23,Call,50.00,-18.79%,0.08,0.12,0.15,893,327,2.73,37.03%,42.84%,0.061192,2026-08-05
FCX,69.39,2026-08-14,9,Put,62.00,-10.65%,0.2,0.24,0.35,1010,370,2.73,52.79%,56.32%,-0.092625,2026-08-05
AMD,482.05,2026-12-18,135,Call,490.00,-1.65%,78,78.8,81.2,1075,394,2.73,68.36%,68.93%,0.581032,2026-08-05
VRT,277.94,2026-08-14,9,Put,205.00,-26.24%,0,0.21,2.15,613,225,2.72,69.31%,121.96%,-0.045571,2026-08-05
SPCX,108.27,2026-08-14,9,Call,113.00,-4.37%,5.45,5.5,5.55,1308,481,2.72,92.27%,109.73%,0.437681,2026-08-05
IREN,38.89,2026-08-07,2,Put,37.50,-3.57%,0.8,0.9,1,1352,497,2.72,114.90%,132.69%,-0.33671,2026-08-05
RKLB,74.82,2026-08-07,2,Call,76.00,-1.58%,1.71,1.88,1.91,3981,1470,2.71,99.09%,105.42%,0.436833,2026-08-05
PG,146.8,2026-08-28,23,Call,157.50,-7.29%,0.01,0.48,0.82,534,197,2.71,21.25%,22.07%,0.108384,2026-08-05
U,35.47,2026-08-21,16,Put,35.00,-1.33%,2.75,2.79,3.4,827,305,2.71,90.44%,113.43%,-0.428463,2026-08-05
AMD,482.05,2026-08-14,9,Call,550.00,-14.10%,4,4.5,4.5,2335,861,2.71,68.36%,76.11%,0.150032,2026-08-05
JNJ,257.59,2026-08-21,16,Put,252.50,-1.98%,2.86,2.97,3.15,518,192,2.7,24.97%,24.50%,-0.334711,2026-08-05
SOC,4.63,2026-08-28,23,Call,0.50,+89.20%,3.95,4.2,4.65,562,208,2.7,134.31%,840.77%,0.982616,2026-08-05
BA,240.19,2026-08-14,9,Call,260.00,-8.25%,0.36,0.4,0.46,718,266,2.7,32.48%,34.08%,0.073038,2026-08-05
BE,234.33,2026-08-14,9,Put,130.00,-44.52%,0.15,0.21,0.25,1280,474,2.7,117.71%,167.83%,-0.008885,2026-08-05
NVO,44.53,2026-08-07,2,Call,45.50,-2.18%,0.01,0.22,0.32,1368,506,2.7,35.58%,38.56%,0.227271,2026-08-05
TSLA,321.55,2026-08-10,5,Call,320.00,+0.48%,6.5,7,6.9,3060,1134,2.7,43.16%,38.78%,0.555725,2026-08-05
XYZ,84.2,2026-08-07,2,Call,92.00,-9.26%,1.29,1.38,1.45,625,232,2.69,57.69%,159.78%,0.245615,2026-08-05
GOOGL,362.43,2026-08-28,23,Put,360.00,-0.67%,10.25,10.7,10.95,627,233,2.69,33.79%,33.46%,-0.443555,2026-08-05
AZN,161.5,2026-09-18,44,Call,165.00,-2.17%,4.4,4.54,4.9,651,242,2.69,28.78%,28.22%,0.42441,2026-08-05
OSCR,30.11,2026-09-18,44,Call,40.00,-32.85%,0.47,0.95,1.29,939,349,2.69,88.06%,83.20%,0.205125,2026-08-05
CIFR,18.71,2026-08-14,9,Call,23.00,-22.93%,0.3,0.35,0.43,1839,684,2.69,118.19%,132.30%,0.187918,2026-08-05
TSLA,321.55,2026-08-14,9,Call,325.00,-1.07%,7.3,7.4,7.45,4429,1646,2.69,43.16%,43.81%,0.457091,2026-08-05
SPCX,108.27,2026-08-07,2,Call,125.00,-15.45%,0.91,0.93,0.94,27208,10100,2.69,92.27%,169.95%,0.14056,2026-08-05
MU,893.19,2026-08-10,5,Put,860.00,-3.72%,22.25,19.4,22.9,688,257,2.68,85.96%,90.37%,-0.339108,2026-08-05
WDC,519.17,2026-08-07,2,Put,410.00,-21.03%,0.52,1,1.53,704,263,2.68,96.06%,183.01%,-0.035019,2026-08-05
SO,93.1,2026-11-20,107,Put,90.00,-3.33%,2.75,2.9,3,780,291,2.68,18.48%,21.93%,-0.357757,2026-08-05
GOOG,360.13,2026-08-07,2,Call,362.50,-0.66%,3.35,3.35,3.55,5888,2205,2.67,33.39%,42.26%,0.425371,2026-08-05
NFLX,74.2,2026-08-07,2,Put,73.00,-1.62%,0.4,0.41,0.42,6564,2462,2.67,35.21%,40.86%,-0.287714,2026-08-05
HUT,92.76,2026-09-18,44,Call,145.00,-56.32%,2.27,2.88,3.4,3554,1335,2.66,108.32%,112.04%,0.172982,2026-08-05
MSFT,487.46,2026-08-07,2,Call,490.00,-0.52%,4.1,4.4,4.35,6678,2514,2.66,29.87%,37.19%,0.432761,2026-08-05
GTE,9.44,2026-08-21,16,Call,12.50,-32.42%,0,0.1,0.15,1273,478,2.66,81.59%,94.02%,0.093424,2026-08-05
GME,19.01,2026-09-18,44,Put,17.00,-10.57%,0.22,0.3,0.38,2187,821,2.66,39.47%,39.25%,-0.195007,2026-08-05
CVX,186.41,2026-08-14,9,Call,197.50,-5.95%,0.36,0.4,0.48,2340,881,2.66,27.18%,28.93%,0.105534,2026-08-05
SPCX,108.27,2026-08-07,2,Put,91.00,-15.95%,0.33,0.36,0.36,2601,979,2.66,92.27%,157.50%,-0.060522,2026-08-05
FIG,28.15,2026-08-14,9,Call,31.00,-10.12%,1.25,1.53,1.62,1000,378,2.65,99.59%,141.16%,0.374378,2026-08-05
TTMI,131.25,2026-08-21,16,Call,175.00,-33.33%,2.45,2.98,3.5,1261,476,2.65,120.77%,128.33%,0.176053,2026-08-05
GME,19.01,2026-10-16,72,Call,19.00,+0.05%,1.28,1.55,1.57,2598,979,2.65,39.47%,44.48%,0.523207,2026-08-05
AMZN,272.65,2026-08-07,2,Call,190.00,+30.31%,81,81.46,84.15,874,331,2.64,32.01%,144.04%,0.99971,2026-08-05
SMCI,30.32,2026-08-14,9,Call,32.50,-7.19%,1.52,1.75,1.78,940,356,2.64,99.98%,131.69%,0.409783,2026-08-05
SNDK,1350.5,2026-08-07,2,Call,"2,100.00",-55.50%,0.25,0.3,0.3,1156,438,2.64,117.69%,219.44%,0.004213,2026-08-05
NKE,42.45,2026-08-21,16,Call,42.00,+1.06%,1.47,1.53,1.6,3719,1411,2.64,36.32%,36.90%,0.569079,2026-08-05
AAPL,311,2026-08-07,2,Put,302.50,-2.73%,0.44,0.48,0.48,6727,2544,2.64,26.23%,32.71%,-0.122329,2026-08-05
APP,417.8,2026-08-07,2,Put,400.00,-4.26%,14.5,15.44,16,833,317,2.63,81.90%,191.47%,-0.352229,2026-08-05
SPCX,108.27,2026-08-21,16,Call,116.00,-7.14%,6.2,6.17,6.35,954,363,2.63,92.27%,102.59%,0.418275,2026-08-05
AMD,482.05,2026-08-07,2,Call,470.00,+2.50%,18.4,20.17,20.05,969,369,2.63,68.36%,86.85%,0.666068,2026-08-05
CBRS,214.3,2026-08-21,16,Call,240.00,-11.99%,13.7,16.5,16.4,1087,413,2.63,119.03%,136.46%,0.402038,2026-08-05
IONQ,39.93,2026-08-07,2,Call,41.00,-2.68%,1.65,1.73,1.85,1497,569,2.63,100.88%,187.73%,0.45247,2026-08-05
TSLA,321.55,2026-08-10,5,Call,347.50,-8.07%,0.5,0.55,0.53,544,208,2.62,43.16%,44.15%,0.071242,2026-08-05
AMZN,272.65,2026-08-07,2,Call,202.50,+25.73%,68.55,69.01,71.7,592,226,2.62,32.01%,135.00%,0.998766,2026-08-05
GOOGL,362.43,2026-08-07,2,Put,375.00,+3.47%,12.55,13.16,14,3898,1488,2.62,33.79%,41.32%,-0.864161,2026-08-05
TSLA,321.55,2026-08-10,5,Call,330.00,-2.63%,2.75,2.79,2.8,3379,1296,2.61,43.16%,39.69%,0.29994,2026-08-05
HIMS,31.65,2026-08-07,2,Call,32.50,-2.69%,0.49,0.52,0.55,3618,1385,2.61,101.96%,92.74%,0.363579,2026-08-05
BSX,47.74,2026-08-14,9,Put,46.00,-3.64%,0.45,0.56,0.65,10809,4143,2.61,40.15%,42.31%,-0.272985,2026-08-05
HIVE,2.84,2026-08-14,9,Call,3.00,-5.63%,0.1,0.14,0.15,1496,573,2.61,115.03%,106.02%,0.404914,2026-08-05
DIS,101.76,2026-08-21,16,Call,108.00,-6.13%,0.37,0.4,0.53,925,356,2.6,25.95%,27.00%,0.153858,2026-08-05
DDOG,283.17,2026-08-07,2,Call,300.00,-5.94%,11.1,12.18,13.7,1033,398,2.6,79.81%,228.66%,0.399223,2026-08-05
TSLA,321.55,2026-08-07,2,Put,340.00,+5.74%,18.8,18.44,19.05,1489,573,2.6,43.16%,54.82%,-0.912649,2026-08-05
ASTS,68.38,2026-08-07,2,Call,69.00,-0.91%,2,2.11,2.22,3925,1509,2.6,109.04%,118.42%,0.477316,2026-08-05
SHOP,144.24,2026-08-07,2,Call,145.00,-0.53%,2.69,2.98,3.05,3538,1366,2.59,55.16%,75.47%,0.475048,2026-08-05
META,588.77,2026-08-07,2,Call,615.00,-4.46%,1.52,1.57,1.62,2056,794,2.59,38.26%,52.70%,0.137101,2026-08-05
LRCX,307.42,2026-08-14,9,Put,300.00,-2.41%,11.35,11.21,13.85,541,210,2.58,78.69%,84.89%,-0.399322,2026-08-05
WDC,519.17,2026-08-07,2,Call,590.00,-13.64%,5.6,6.22,7,948,367,2.58,96.06%,176.70%,0.181151,2026-08-05
MDLN,36.67,2026-11-20,107,Put,30.00,-18.19%,0.75,1.37,1.5,1096,424,2.58,47.56%,50.31%,-0.181792,2026-08-05
NVDA,219.22,2026-09-11,37,Call,220.00,-0.36%,11.4,12.06,11.95,1757,680,2.58,40.72%,42.08%,0.525708,2026-08-05
MU,893.19,2026-08-14,9,Call,925.00,-3.56%,38.7,39.92,39.55,604,235,2.57,85.96%,93.54%,0.436883,2026-08-05
AAPL,311,2026-08-10,5,Put,297.50,-4.34%,0.29,0.41,0.41,781,304,2.57,26.23%,27.21%,-0.077438,2026-08-05
GOOG,360.13,2026-10-16,72,Call,420.00,-16.62%,4.75,5,5.15,5346,2082,2.57,33.39%,33.60%,0.181269,2026-08-05
SPCX,108.27,2026-08-07,2,Call,126.00,-16.38%,0.82,0.83,0.86,4240,1659,2.56,92.27%,171.34%,0.129062,2026-08-05
MU,893.19,2026-08-07,2,Put,895.00,+0.20%,30.6,32.7,32.65,930,363,2.56,85.96%,116.67%,-0.491391,2026-08-05
SPCX,108.27,2026-08-14,9,Call,118.00,-8.99%,3.9,4.12,4.05,1214,474,2.56,92.27%,111.29%,0.344566,2026-08-05
LRCX,307.42,2026-08-14,9,Call,320.00,-4.09%,10.6,12.55,13.25,596,235,2.54,78.69%,88.64%,0.415727,2026-08-05
DOCN,124.46,2026-08-21,16,Call,120.00,+3.58%,10.7,13.58,13.6,1203,473,2.54,94.01%,94.73%,0.614555,2026-08-05
DJT,9.96,2026-08-14,9,Call,10.00,-0.40%,0.31,0.63,0.95,1260,497,2.54,87.45%,103.40%,0.524719,2026-08-05
GOOG,360.13,2026-08-07,2,Put,350.00,-2.81%,1.22,1.28,1.29,5005,1971,2.54,33.39%,44.75%,-0.188591,2026-08-05
AAPL,311,2026-08-10,5,Call,310.00,+0.32%,4,4,4.2,7853,3103,2.53,26.23%,24.16%,0.557216,2026-08-05
DELL,462.7,2026-08-07,2,Call,550.00,-18.87%,0.12,0.18,0.2,610,241,2.53,88.76%,103.32%,0.013239,2026-08-05
AMD,482.05,2026-08-10,5,Call,530.00,-9.95%,2.5,2.95,3.1,783,309,2.53,68.36%,71.92%,0.14036,2026-08-05
DELL,462.7,2026-08-07,2,Call,520.00,-12.38%,0.72,0.79,0.92,786,311,2.53,88.76%,98.17%,0.058439,2026-08-05
AMZN,272.65,2026-08-10,5,Call,282.50,-3.61%,0.85,1.09,1.02,1032,408,2.53,32.01%,31.46%,0.175687,2026-08-05
AMD,482.05,2026-08-07,2,Call,492.50,-2.17%,7.75,8.69,8.5,1221,482,2.53,68.36%,87.82%,0.384217,2026-08-05
TSLA,321.55,2026-08-12,7,Call,325.00,-1.07%,6,6.1,6.15,1264,500,2.53,43.16%,42.45%,0.444204,2026-08-05
GOOGL,362.43,2026-08-10,5,Call,390.00,-7.61%,0.25,0.34,0.35,1387,548,2.53,33.79%,36.74%,0.047201,2026-08-05
BOX,32,2026-09-18,44,Put,30.00,-6.25%,1.15,1.25,1.4,1503,595,2.53,46.47%,50.77%,-0.317266,2026-08-05
INTC,101.06,2026-08-10,5,Call,104.00,-2.91%,2.3,2.47,2.5,1518,599,2.53,80.64%,76.66%,0.393542,2026-08-05
MCD,274,2026-08-07,2,Put,275.00,+0.36%,2.53,3.6,3.55,603,239,2.52,23.12%,31.04%,-0.557697,2026-08-05
MRVL,211.02,2026-08-07,2,Call,227.50,-7.81%,1.67,2.22,2.01,644,256,2.52,92.95%,112.75%,0.195713,2026-08-05
AMZN,272.65,2026-08-14,9,Put,240.00,-11.98%,0.13,0.17,0.19,1351,537,2.52,32.01%,41.79%,-0.023337,2026-08-05
RGTI,16.78,2026-08-14,9,Call,17.00,-1.31%,1.1,1.14,1.15,3809,1513,2.52,99.90%,115.97%,0.50974,2026-08-05
UBER,68.18,2026-08-21,16,Call,70.00,-2.67%,1.29,1.34,1.4,13100,5208,2.52,34.72%,36.24%,0.38655,2026-08-05
UBER,68.18,2026-08-07,2,Call,71.00,-4.14%,0.14,0.16,0.18,3242,1290,2.51,34.72%,48.17%,0.132772,2026-08-05
BAC,63.25,2026-08-07,2,Put,63.00,-0.40%,0.25,0.3,0.3,4164,1656,2.51,20.80%,20.90%,-0.393797,2026-08-05
SPCX,108.27,2026-08-14,9,Call,117.00,-8.06%,4.15,4.4,4.3,912,363,2.51,92.27%,110.65%,0.361533,2026-08-05
EYPT,12.25,2026-09-18,44,Call,12.50,-2.04%,4.2,4.8,4.8,1116,445,2.51,316.68%,279.35%,0.680363,2026-08-05
BMNR,18.43,2026-09-18,44,Put,15.00,-18.61%,0.58,0.61,0.63,2817,1122,2.51,80.41%,80.54%,-0.186821,2026-08-05
AMZN,272.65,2026-08-10,5,Put,262.50,-3.72%,0.69,0.7,0.92,731,292,2.5,32.01%,32.13%,-0.149249,2026-08-05
NOW,117.22,2026-12-18,135,Call,256.00,-118.39%,0.77,0.85,1.13,1135,454,2.5,57.99%,69.05%,0.053044,2026-08-05
QCOM,157.53,2026-08-07,2,Put,160.00,+1.57%,4.1,4.55,4.75,1426,570,2.5,55.57%,64.82%,-0.61754,2026-08-05
UBER,68.18,2026-08-14,9,Put,65.00,-4.66%,0.39,0.43,0.46,1553,620,2.5,34.72%,36.63%,-0.191314,2026-08-05
SNDK,1350.5,2026-08-07,2,Put,950.00,-29.66%,1.2,1.25,1.5,2263,907,2.5,117.69%,229.67%,-0.015581,2026-08-05
DAVE,430.16,2026-08-07,2,Put,380.00,-11.66%,6.2,9.55,14.3,507,204,2.49,89.19%,239.92%,-0.215345,2026-08-05
NEM,104.29,2026-08-21,16,Call,107.00,-2.60%,2.3,2.82,3.25,581,233,2.49,42.32%,44.64%,0.414536,2026-08-05
TSLA,321.55,2026-08-14,9,Put,322.50,+0.30%,9,8.9,9.2,844,339,2.49,43.16%,43.38%,-0.499646,2026-08-05
BA,240.19,2026-08-07,2,Put,230.00,-4.24%,0.25,0.26,0.3,2659,1068,2.49,32.48%,42.15%,-0.079925,2026-08-05
CPRT,28.91,2026-11-20,107,Call,30.00,-3.77%,1.85,2.2,2.2,530,214,2.48,39.46%,37.74%,0.490517,2026-08-05
SNDK,1350.5,2026-08-07,2,Call,"1,440.00",-6.63%,48.6,50,54.2,659,266,2.48,117.69%,216.30%,0.374654,2026-08-05
MSFT,487.46,2027-03-19,226,Put,490.00,+0.52%,45,45.45,47,854,344,2.48,29.87%,32.20%,-0.436938,2026-08-05
APP,417.8,2026-08-07,2,Call,450.00,-7.71%,12.5,12.49,13.7,1991,804,2.48,81.90%,203.77%,0.338864,2026-08-05
TSLA,321.55,2026-08-10,5,Call,335.00,-4.18%,1.68,1.65,1.73,2596,1047,2.48,43.16%,40.57%,0.203564,2026-08-05
GOOGL,362.43,2026-08-14,9,Call,380.00,-4.85%,2.35,2.44,2.51,4984,2011,2.48,33.79%,36.06%,0.213818,2026-08-05
MU,893.19,2026-08-07,2,Put,900.00,+0.76%,32.5,34.46,35.05,5129,2076,2.47,85.96%,114.61%,-0.51806,2026-08-05
SPCX,108.27,2026-08-21,16,Call,117.00,-8.06%,5.85,6.05,6.05,595,241,2.47,92.27%,102.64%,0.402814,2026-08-05
NOW,117.22,2026-08-07,2,Put,117.00,-0.19%,2.23,2.3,2.44,740,300,2.47,57.99%,70.96%,-0.474028,2026-08-05
SPCX,108.27,2026-08-14,9,Call,80.00,+26.11%,26.1,29,29.95,1012,410,2.47,92.27%,134.36%,0.938712,2026-08-05
ORCL,144.39,2026-08-07,2,Put,143.00,-0.96%,2.29,2.34,2.46,1353,547,2.47,70.94%,71.33%,-0.41618,2026-08-05
AMD,482.05,2026-08-07,2,Put,455.00,-5.61%,3.05,3.1,3.35,1536,622,2.47,68.36%,88.83%,-0.180357,2026-08-05
UNH,412.75,2026-08-07,2,Call,417.50,-1.15%,1.99,2.2,2.43,679,276,2.46,28.64%,33.85%,0.329531,2026-08-05
MU,893.19,2026-08-07,2,Put,880.00,-1.48%,23.25,23.1,24.95,2285,927,2.46,85.96%,115.80%,-0.413571,2026-08-05
XPEV,11.75,2028-01-21,534,Call,20.00,-70.21%,1.89,1.97,2.21,7171,2923,2.45,62.80%,67.87%,0.434381,2026-08-05
CAT,871.08,2026-08-07,2,Call,940.00,-7.91%,0.2,0.6,1,502,205,2.45,44.08%,58.03%,0.040278,2026-08-05
AMD,482.05,2026-08-10,5,Call,540.00,-12.02%,1.72,2,2.07,531,217,2.45,68.36%,73.06%,0.100437,2026-08-05
NVO,44.53,2026-08-07,2,Put,45.50,+2.18%,1,1.2,1.43,650,265,2.45,35.58%,45.38%,-0.735758,2026-08-05
SPCX,108.27,2026-08-28,23,Call,172.50,-59.32%,0.82,0.85,0.9,991,404,2.45,92.27%,113.98%,0.069862,2026-08-05
MDT,85.99,2026-08-07,2,Put,85.00,-1.15%,0.01,0.49,1,2744,1120,2.45,25.79%,36.31%,-0.328153,2026-08-05
NVDA,219.22,2026-08-28,23,Put,220.00,+0.36%,9.65,9.5,9.9,2784,1137,2.45,40.72%,43.61%,-0.485425,2026-08-05
AAPL,311,2026-08-12,7,Call,320.00,-2.89%,1.41,1.47,1.65,1095,448,2.44,26.23%,26.80%,0.23166,2026-08-05
SPCX,108.27,2027-01-15,163,Call,115.00,-6.22%,19.8,19.8,20.15,1577,645,2.44,92.27%,76.36%,0.567735,2026-08-05
AMZN,272.65,2026-08-10,5,Put,272.50,-0.06%,3.55,3.9,3.9,580,239,2.43,32.01%,30.32%,-0.482349,2026-08-05
UBER,68.18,2026-08-07,2,Put,67.00,-1.73%,0.43,0.45,0.47,10570,4347,2.43,34.72%,46.43%,-0.297961,2026-08-05
AMD,482.05,2026-08-07,2,Call,485.00,-0.61%,10.8,11.45,11.45,3481,1440,2.42,68.36%,87.57%,0.476612,2026-08-05
SPCX,108.27,2026-08-07,2,Call,121.00,-11.76%,1.36,1.36,1.4,6405,2647,2.42,92.27%,164.98%,0.198305,2026-08-05
TGT,147.7,2026-08-07,2,Call,142.00,+3.86%,5.35,5.69,6.4,554,229,2.42,42.30%,39.33%,0.914117,2026-08-05
NVDA,219.22,2026-09-11,37,Call,215.00,+1.93%,13.85,14.65,14.6,561,232,2.42,40.72%,42.17%,0.593203,2026-08-05
PLTR,158.43,2026-08-07,2,Put,167.50,+5.72%,8.95,9.2,9.8,698,289,2.42,49.55%,58.32%,-0.897892,2026-08-05
AMZN,272.65,2026-08-14,9,Call,200.00,+26.65%,71.8,71.59,74.2,780,322,2.42,32.01%,90.71%,0.987862,2026-08-05
SNDK,1350.5,2026-08-07,2,Call,"1,470.00",-8.85%,36.9,41.6,43.4,937,387,2.42,117.69%,209.46%,0.319849,2026-08-05
LCID,6.7,2026-08-14,9,Put,6.00,-10.45%,0.2,0.21,0.22,2291,946,2.42,108.88%,121.72%,-0.249181,2026-08-05
GOOG,360.13,2026-08-14,9,Call,390.00,-8.29%,0.79,0.86,0.93,2303,951,2.42,33.39%,36.82%,0.090968,2026-08-05
MU,893.19,2026-08-14,9,Call,910.00,-1.88%,44.8,45.29,45.65,566,235,2.41,85.96%,93.70%,0.481163,2026-08-05
COST,941.99,2026-08-07,2,Call,950.00,-0.85%,5.15,6,6.45,614,255,2.41,22.79%,32.93%,0.371272,2026-08-05
MSTR,98.37,2026-08-14,9,Call,95.00,+3.43%,6.2,6.58,6.6,1040,431,2.41,72.64%,73.74%,0.643086,2026-08-05
SPCX,108.27,2026-10-16,72,Put,65.00,-39.96%,1.32,1.32,1.38,1545,640,2.41,92.27%,87.19%,-0.063194,2026-08-05
PLTR,158.43,2026-08-14,9,Put,160.00,+0.99%,5.9,6.01,6.1,2355,977,2.41,49.55%,52.63%,-0.527849,2026-08-05
SPCX,108.27,2026-08-07,2,Put,117.00,+8.06%,10.55,11,11.15,3083,1282,2.4,92.27%,163.05%,-0.719433,2026-08-05
GILT,11.62,2028-01-21,534,Call,20.00,-72.12%,1.75,2.4,2.45,5206,2168,2.4,83.24%,86.97%,0.391109,2026-08-05
BTDR,11.06,2026-08-07,2,Call,5.00,+54.79%,5.8,6.45,6.6,523,218,2.4,127.30%,751.65%,0.955949,2026-08-05
META,588.77,2026-08-07,2,Call,627.50,-6.58%,0.68,0.71,0.79,577,240,2.4,38.26%,56.88%,0.068387,2026-08-05
SIRI,30.7,2026-08-21,16,Call,29.00,+5.54%,1.78,1.64,2.82,854,356,2.4,34.09%,51.19%,0.720188,2026-08-05
EQNR,38.13,2026-08-21,16,Put,36.00,-5.59%,0.4,0.4,0.65,1053,438,2.4,36.88%,42.96%,-0.246214,2026-08-05
NVDA,219.22,2026-08-21,16,Call,145.00,+33.86%,73.85,77.5,75.05,1204,501,2.4,40.72%,76.49%,0.995999,2026-08-05
MCD,274,2027-06-17,316,Put,270.00,-1.46%,19.75,20.45,20.65,1230,513,2.4,23.12%,23.63%,-0.409694,2026-08-05
GOOG,360.13,2026-08-07,2,Call,387.50,-7.60%,0.1,0.12,0.13,1529,637,2.4,33.39%,49.29%,0.02361,2026-08-05
GOOGL,362.43,2026-08-07,2,Call,362.50,-0.02%,4.5,4.74,4.9,2872,1195,2.4,33.79%,43.93%,0.506387,2026-08-05
SHOP,144.24,2026-08-14,9,Call,155.00,-7.46%,1.7,2.02,2.66,1041,435,2.39,55.16%,64.83%,0.25878,2026-08-05
APO,129.74,2026-08-21,16,Put,125.00,-3.65%,2,2.3,2.4,1658,694,2.39,35.76%,39.34%,-0.307683,2026-08-05
NVDA,219.22,2026-08-21,16,Call,232.50,-6.06%,2.43,2.7,2.48,3528,1478,2.39,40.72%,37.90%,0.246902,2026-08-05
SNAP,5.33,2026-09-11,37,Call,5.50,-3.19%,0.3,0.33,0.37,691,290,2.38,56.71%,59.13%,0.478994,2026-08-05
RKLB,74.82,2026-08-14,9,Call,110.00,-47.02%,0.08,0.23,0.35,955,401,2.38,99.09%,130.22%,0.037699,2026-08-05
SPCX,108.27,2026-08-21,16,Call,112.00,-3.45%,7.55,7.5,7.75,720,304,2.37,92.27%,101.58%,0.48187,2026-08-05
CRCL,63.28,2026-08-07,2,Call,74.00,-16.94%,0.14,0.17,0.19,1119,472,2.37,86.26%,133.67%,0.062985,2026-08-05
LLY,1169.86,2026-08-07,2,Call,"1,300.00",-11.12%,0.13,0.22,0.3,2190,926,2.37,35.66%,62.16%,0.011739,2026-08-05
DKNG,21.76,2026-08-07,2,Put,20.00,-8.09%,0.27,0.31,0.39,927,393,2.36,66.55%,156.93%,-0.21601,2026-08-05
GFS,49.46,2026-09-18,44,Call,60.00,-21.31%,1.7,1.89,2.15,1004,425,2.36,74.76%,75.20%,0.274992,2026-08-05
META,588.77,2026-08-07,2,Put,590.00,+0.21%,8.05,8.37,9.2,1680,712,2.36,38.26%,46.22%,-0.515828,2026-08-05
SMR,9.38,2026-08-14,9,Call,11.00,-17.27%,0.22,0.24,0.27,2114,897,2.36,105.16%,126.98%,0.243553,2026-08-05
PLTR,158.43,2026-08-07,2,Call,167.50,-5.72%,0.49,0.49,0.52,26126,11077,2.36,49.55%,65.85%,0.132685,2026-08-05
AMD,482.05,2026-08-07,2,Call,525.00,-8.91%,1.61,1.76,1.82,3770,1601,2.35,68.36%,91.76%,0.111279,2026-08-05
SPCX,108.27,2026-08-07,2,Call,119.00,-9.91%,1.67,1.75,1.72,4456,1899,2.35,92.27%,162.85%,0.235131,2026-08-05
SPCX,108.27,2026-08-14,9,Call,125.00,-15.45%,2.47,2.5,2.56,4724,2014,2.35,92.27%,114.16%,0.239776,2026-08-05
GOOGL,362.43,2026-08-07,2,Put,367.50,+1.40%,7.05,7.36,7.7,769,329,2.34,33.79%,41.06%,-0.669224,2026-08-05
ORCL,144.39,2028-09-15,772,Put,135.00,-6.50%,40,42.86,43.85,801,342,2.34,70.94%,65.95%,-0.276314,2026-08-05
AAPL,311,2026-08-10,5,Call,325.00,-4.50%,0.35,0.41,0.39,1022,437,2.34,26.23%,26.72%,0.084133,2026-08-05
NVDA,219.22,2026-08-12,7,Call,220.00,-0.36%,4.15,4.25,4.3,3122,1335,2.34,40.72%,37.45%,0.487659,2026-08-05
WMT,112.34,2026-08-14,9,Call,115.00,-2.37%,0.9,0.93,0.94,4966,2125,2.34,32.35%,27.32%,0.30556,2026-08-05
SNDK,1350.5,2026-08-07,2,Call,"2,000.00",-48.09%,0.75,0.8,0.85,6425,2744,2.34,117.69%,223.38%,0.010998,2026-08-05
SPCX,108.27,2026-08-07,2,Put,105.00,-3.02%,3.3,3.43,3.45,48792,20812,2.34,92.27%,153.90%,-0.371571,2026-08-05
META,588.77,2026-11-20,107,Call,590.00,-0.21%,56.5,56.85,57.4,520,223,2.33,38.26%,43.20%,0.559748,2026-08-05
WDC,519.17,2026-08-07,2,Call,750.00,-44.46%,0.05,0.12,0.15,760,326,2.33,96.06%,185.90%,0.004632,2026-08-05
RDDT,155.26,2026-10-16,72,Put,120.00,-22.71%,3.75,4.1,4.25,2263,971,2.33,62.35%,66.21%,-0.147968,2026-08-05
GOOGL,362.43,2026-08-14,9,Put,345.00,-4.81%,1.98,2.31,2.29,1341,579,2.32,33.79%,36.50%,-0.183568,2026-08-05
NVDA,219.22,2026-08-10,5,Put,210.00,-4.21%,0.77,0.83,0.8,3526,1520,2.32,40.72%,37.22%,-0.1545,2026-08-05
AMZN,272.65,2026-08-07,2,Put,267.50,-1.89%,1.17,1.22,1.26,8499,3666,2.32,32.01%,39.58%,-0.25093,2026-08-05
DELL,462.7,2026-08-21,16,Call,500.00,-8.06%,18.4,18.88,19.6,8916,3847,2.32,88.76%,85.40%,0.368071,2026-08-05
INTC,101.06,2026-08-07,2,Call,107.00,-5.88%,0.9,0.97,1.06,3667,1586,2.31,80.64%,100.18%,0.232406,2026-08-05
AMZN,272.65,2026-08-28,23,Call,300.00,-10.03%,1.49,1.55,1.62,5362,2318,2.31,32.01%,33.10%,0.13971,2026-08-05
PLTR,158.43,2026-08-07,2,Put,150.00,-5.32%,0.44,0.46,0.47,35554,15395,2.31,49.55%,64.38%,-0.119973,2026-08-05
AMZN,272.65,2026-08-14,9,Call,272.50,+0.06%,5.8,5.9,6.1,710,307,2.31,32.01%,33.70%,0.521443,2026-08-05
GOOG,360.13,2026-08-14,9,Put,340.00,-5.59%,1.54,1.6,1.73,777,336,2.31,33.39%,36.64%,-0.148775,2026-08-05
AMD,482.05,2026-08-07,2,Call,482.50,-0.09%,11.65,12.32,12.6,824,357,2.31,68.36%,86.40%,0.508176,2026-08-05
AMD,482.05,2026-08-07,2,Call,480.00,+0.43%,13,13.45,14.1,1394,604,2.31,68.36%,87.66%,0.540304,2026-08-05
HPQ,28.52,2027-01-15,163,Put,16.00,-43.90%,0.11,0.16,0.21,787,342,2.3,54.22%,53.01%,-0.034909,2026-08-05
OSCR,30.11,2026-08-07,2,Call,32.00,-6.28%,0.95,1.1,1.2,1348,586,2.3,88.06%,203.94%,0.372004,2026-08-05
AMZN,272.65,2026-08-28,23,Put,265.00,-2.81%,4.9,5.12,5.35,1437,626,2.3,32.01%,32.01%,-0.337938,2026-08-05
RKLB,74.82,2026-08-07,2,Call,82.00,-9.60%,0.38,0.41,0.48,1676,729,2.3,99.09%,110.98%,0.141838,2026-08-05
GOOG,360.13,2026-08-14,9,Call,360.00,+0.04%,7.85,8.05,8.3,1866,813,2.3,33.39%,34.86%,0.519597,2026-08-05
TGB,8.18,2026-09-18,44,Call,12.00,-46.70%,0.05,0.1,0.2,502,219,2.29,79.45%,83.01%,0.120987,2026-08-05
MSTR,98.37,2026-09-04,30,Call,120.00,-21.99%,2.14,2.35,2.43,670,292,2.29,72.64%,74.93%,0.210756,2026-08-05
MU,893.19,2026-08-07,2,Put,925.00,+3.56%,45.9,49.31,52.1,722,315,2.29,85.96%,114.05%,-0.644555,2026-08-05
HOOD,92.8,2026-08-28,23,Call,92.00,+0.86%,6.35,7.35,7.1,777,340,2.29,66.81%,67.24%,0.559321,2026-08-05
SPCX,108.27,2026-08-14,9,Call,112.00,-3.45%,5.8,5.85,5.95,1360,594,2.29,92.27%,109.65%,0.458005,2026-08-05
AMZN,272.65,2026-08-07,2,Call,280.00,-2.70%,0.8,0.85,0.87,27412,11977,2.29,32.01%,40.02%,0.19035,2026-08-05
RKLB,74.82,2026-09-18,44,Put,55.00,-26.49%,1.85,1.96,2.08,3545,1558,2.28,99.09%,95.56%,-0.134462,2026-08-05
SOFI,18.25,2026-08-07,2,Put,18.50,+1.37%,0.43,0.43,0.45,8676,3807,2.28,50.31%,55.41%,-0.620851,2026-08-05
WDC,519.17,2026-08-07,2,Call,930.00,-79.13%,0,0.1,4.3,584,256,2.28,96.06%,408.61%,0.037922,2026-08-05
UPST,30.2,2026-08-07,2,Call,32.50,-7.62%,0.11,0.14,0.16,965,423,2.28,71.05%,88.29%,0.138432,2026-08-05
ONON,38.19,2026-12-18,135,Call,45.00,-17.83%,2.39,2.42,2.6,1366,600,2.28,61.62%,50.07%,0.366955,2026-08-05
AMD,482.05,2026-08-07,2,Call,582.50,-20.84%,0.04,0.11,0.14,509,224,2.27,68.36%,103.50%,0.007567,2026-08-05
SNDK,1350.5,2026-12-18,135,Call,"2,500.00",-85.12%,111.3,119.25,124,510,225,2.27,117.69%,109.65%,0.284756,2026-08-05
CRWD,209.86,2026-08-14,9,Put,200.00,-4.70%,3.2,3.5,3.6,784,346,2.27,61.91%,57.30%,-0.278086,2026-08-05
GOOG,360.13,2026-08-14,9,Put,360.00,-0.04%,7.4,7.68,7.85,789,348,2.27,33.39%,34.69%,-0.481687,2026-08-05
ARHS,8.23,2026-08-21,16,Call,7.15,+13.12%,1.4,1.6,1.6,1001,441,2.27,91.57%,132.22%,0.742927,2026-08-05
TSLA,321.55,2026-08-14,9,Put,325.00,+1.07%,10.4,10.1,10.6,1044,460,2.27,43.16%,43.52%,-0.544677,2026-08-05
SMCI,30.32,2026-08-07,2,Put,31.00,+2.24%,1.18,1.22,1.32,1383,610,2.27,99.98%,96.28%,-0.607768,2026-08-05
AAPL,311,2026-08-10,5,Put,305.00,-1.93%,1.39,1.39,1.52,1972,870,2.27,26.23%,26.07%,-0.252454,2026-08-05
RIOT,21.5,2026-08-14,9,Call,30.00,-39.53%,0.05,0.14,0.24,2675,1178,2.27,107.82%,137.21%,0.075738,2026-08-05
NVDA,219.22,2026-08-10,5,Put,195.00,-11.05%,0.09,0.11,0.11,6090,2685,2.27,40.72%,49.94%,-0.020728,2026-08-05
INTC,101.06,2026-08-07,2,Call,105.00,-3.90%,1.36,1.4,1.45,19935,8815,2.26,80.64%,97.40%,0.311311,2026-08-05
FUBO,10.66,2026-08-07,2,Call,10.50,+1.50%,0.32,0.39,0.45,687,304,2.26,86.21%,95.08%,0.599841,2026-08-05
CVNA,69.48,2026-08-07,2,Call,75.00,-7.94%,0.1,0.13,0.18,794,351,2.26,60.36%,73.05%,0.083323,2026-08-05
INTC,101.06,2026-08-07,2,Put,98.00,-3.03%,1.5,1.5,1.61,2437,1077,2.26,80.64%,96.35%,-0.319558,2026-08-05
MMM,182.08,2026-09-18,44,Call,195.00,-7.10%,1.79,1.95,2.13,800,356,2.25,24.96%,24.31%,0.228728,2026-08-05
ECHO,87.73,2026-08-07,2,Put,84.00,-4.25%,0.05,0.9,1,876,389,2.25,55.57%,71.61%,-0.197784,2026-08-05
GOOGL,362.43,2026-08-14,9,Call,390.00,-7.61%,1.07,1.1,1.2,1728,767,2.25,33.79%,37.23%,0.113001,2026-08-05
INTC,101.06,2026-08-07,2,Put,100.00,-1.05%,2.27,2.23,2.49,5145,2284,2.25,80.64%,97.24%,-0.4268,2026-08-05
BSX,47.74,2026-08-14,9,Put,45.00,-5.74%,0.25,0.28,0.4,5249,2340,2.24,40.15%,43.19%,-0.179469,2026-08-05
AAPL,311,2026-08-17,12,Put,300.00,-3.54%,1.65,2,1.99,563,251,2.24,26.23%,26.27%,-0.211813,2026-08-05
AMD,482.05,2026-08-14,9,Put,480.00,-0.43%,19.75,20.7,21.5,841,375,2.24,68.36%,72.47%,-0.459912,2026-08-05
SPCX,108.27,2026-09-18,44,Call,110.00,-1.60%,12.6,12.7,12.75,1985,885,2.24,92.27%,88.44%,0.546351,2026-08-05
ORCL,144.39,2026-08-07,2,Call,146.00,-1.12%,2.25,2.35,2.39,2435,1087,2.24,70.94%,71.16%,0.427807,2026-08-05
VFC,15.22,2026-11-20,107,Call,19.00,-24.84%,0.4,0.67,0.88,597,268,2.23,47.26%,53.65%,0.271323,2026-08-05
AAPL,311,2026-08-12,7,Call,307.50,+1.13%,6.05,6.5,7,627,281,2.23,26.23%,25.98%,0.636852,2026-08-05
NBIS,218.99,2026-08-14,9,Call,275.00,-25.58%,5.95,6.75,7.05,735,329,2.23,133.20%,163.65%,0.225303,2026-08-05
SPCX,108.27,2027-06-17,316,Call,170.00,-57.01%,14.2,14.2,15.05,1651,739,2.23,92.27%,73.35%,0.393862,2026-08-05
NVDA,219.22,2026-08-12,7,Call,212.50,+3.07%,8.35,9.1,9.2,2332,1047,2.23,40.72%,38.22%,0.734383,2026-08-05
AMD,482.05,2026-08-07,2,Put,430.00,-10.80%,0.56,0.6,0.71,3453,1548,2.23,68.36%,93.21%,-0.045214,2026-08-05
PLTR,158.43,2026-08-07,2,Put,165.00,+4.15%,7.25,7.3,7.6,4053,1819,2.23,49.55%,65.38%,-0.79207,2026-08-05
WDC,519.17,2026-08-07,2,Put,420.00,-19.10%,1.17,1.4,1.53,556,250,2.22,96.06%,176.81%,-0.045853,2026-08-05
MU,893.19,2026-08-07,2,Put,905.00,+1.32%,34.65,35,38.7,897,404,2.22,85.96%,114.90%,-0.543845,2026-08-05
PTON,6.52,2026-09-18,44,Call,9.00,-38.04%,0.09,0.11,0.15,1008,454,2.22,79.98%,77.66%,0.148203,2026-08-05
AMD,482.05,2026-08-14,9,Put,400.00,-17.02%,1.31,1.42,1.6,1460,659,2.22,68.36%,77.84%,-0.055414,2026-08-05
PLTR,158.43,2026-10-16,72,Put,160.00,+0.99%,14,13.89,14.3,1474,665,2.22,49.55%,49.38%,-0.464658,2026-08-05
HOOD,92.8,2026-08-14,9,Put,88.00,-5.17%,1.69,1.77,1.94,565,256,2.21,66.81%,66.45%,-0.284795,2026-08-05
MRK,128.33,2026-08-07,2,Call,135.00,-5.20%,0.05,0.15,0.25,636,288,2.21,29.27%,47.10%,0.075722,2026-08-05
AMD,482.05,2026-08-14,9,Call,560.00,-16.17%,3.1,3.5,3.7,825,373,2.21,68.36%,77.70%,0.122983,2026-08-05
MU,893.19,2026-08-07,2,Put,870.00,-2.60%,19.8,20.25,20.35,1021,463,2.21,85.96%,116.55%,-0.363154,2026-08-05
NVDA,219.22,2026-08-17,12,Call,235.00,-7.20%,1.14,1.22,1.19,1054,478,2.21,40.72%,36.45%,0.157872,2026-08-05
BMNR,18.43,2026-08-14,9,Call,18.50,-0.38%,0.86,0.93,0.92,4418,1996,2.21,80.41%,79.36%,0.515383,2026-08-05
U,35.47,2026-08-07,2,Call,38.00,-7.13%,1.61,1.75,1.8,5582,2522,2.21,90.44%,257.39%,0.395357,2026-08-05
LZ,8.1,2026-09-18,44,Call,10.00,-23.46%,0.1,0.32,0.5,3600,1637,2.2,84.22%,76.80%,0.261015,2026-08-05
ACDC,4.51,2026-08-21,16,Call,6.00,-33.04%,0.05,0.1,0.1,631,287,2.2,105.87%,116.29%,0.147124,2026-08-05
TTMI,131.25,2026-08-21,16,Put,120.00,-8.57%,7.6,8.4,9.4,657,299,2.2,120.77%,128.71%,-0.318349,2026-08-05
CVX,186.41,2026-10-16,72,Call,230.00,-23.38%,0.35,0.51,0.56,732,333,2.2,27.18%,27.73%,0.049614,2026-08-05
BULL,7.38,2026-08-14,9,Call,7.00,+5.15%,0.45,0.58,0.64,771,350,2.2,72.69%,70.00%,0.706821,2026-08-05
PLTR,158.43,2026-08-14,9,Put,152.50,-3.74%,2.58,2.6,2.75,852,388,2.2,49.55%,52.76%,-0.304581,2026-08-05
NBIS,218.99,2026-08-07,2,Put,197.50,-9.81%,2.33,2.5,2.6,1266,575,2.2,133.20%,156.93%,-0.17134,2026-08-05
IONQ,39.93,2026-12-18,135,Call,65.00,-62.78%,3.2,4.2,4.2,1563,712,2.2,100.88%,99.51%,0.315913,2026-08-05
GOOGL,362.43,2026-08-07,2,Put,352.50,-2.74%,1.33,1.41,1.49,1689,767,2.2,33.79%,46.00%,-0.201068,2026-08-05
ZETA,27.07,2026-08-14,9,Call,28.00,-3.44%,0.75,1.05,1.11,608,277,2.19,67.17%,77.43%,0.416939,2026-08-05
MSTR,98.37,2026-08-14,9,Call,102.00,-3.69%,2.85,3.2,3.2,1150,526,2.19,72.64%,73.03%,0.400954,2026-08-05
SPCX,108.27,2026-08-07,2,Call,128.00,-18.22%,0.68,0.7,0.71,2692,1229,2.19,92.27%,174.19%,0.108912,2026-08-05
TSLA,321.55,2026-08-07,2,Call,335.00,-4.18%,0.86,0.88,0.89,11245,5135,2.19,43.16%,50.83%,0.143439,2026-08-05
KTOS,55.34,2026-09-18,44,Call,65.00,-17.46%,2.2,2.44,2.7,569,261,2.18,71.79%,72.61%,0.310459,2026-08-05
AAL,16.58,2026-08-07,2,Put,16.50,-0.48%,0.22,0.24,0.24,1552,712,2.18,50.30%,55.00%,-0.44405,2026-08-05
ABBV,246.2,2027-06-17,316,Call,260.00,-5.61%,21,21.8,23.05,1782,816,2.18,27.44%,29.78%,0.480755,2026-08-05
SPCX,108.27,2026-08-14,9,Put,112.00,+3.45%,9.5,9.55,9.65,1792,821,2.18,92.27%,110.57%,-0.541588,2026-08-05
MBLY,8.45,2026-09-04,30,Call,3.00,+64.50%,4.7,5.45,7.6,528,243,2.17,62.73%,451.99%,0.926403,2026-08-05
AMD,482.05,2026-08-07,2,Call,532.50,-10.47%,1.05,1.18,1.31,543,250,2.17,68.36%,93.33%,0.080256,2026-08-05
AGI,31.27,2026-09-18,44,Call,32.00,-2.33%,1.9,2,2.1,841,387,2.17,53.24%,52.48%,0.493956,2026-08-05
AAPL,311,2026-08-10,5,Call,322.50,-3.70%,0.54,0.6,0.61,1166,537,2.17,26.23%,26.14%,0.123611,2026-08-05
MRVL,211.02,2026-08-07,2,Put,190.00,-9.96%,0.9,1.01,1.05,3358,1547,2.17,92.95%,118.04%,-0.10625,2026-08-05
META,588.77,2026-08-14,9,Call,600.00,-1.91%,9.85,10.3,10.85,3969,1827,2.17,38.26%,40.63%,0.400635,2026-08-05
MSTR,98.37,2026-08-07,2,Call,104.00,-5.72%,0.59,0.71,0.74,6316,2919,2.16,72.64%,85.20%,0.198244,2026-08-05
PLTR,158.43,2026-08-07,2,Call,162.50,-2.57%,1.41,1.39,1.45,14221,6583,2.16,49.55%,63.97%,0.305775,2026-08-05
SHOP,144.24,2027-12-17,499,Put,110.00,-23.74%,16.95,17.91,18.45,751,347,2.16,55.16%,59.82%,-0.213251,2026-08-05
OSCR,30.11,2026-08-07,2,Call,34.00,-12.92%,0.6,0.62,0.75,1037,481,2.16,88.06%,218.16%,0.251259,2026-08-05
FSLY,26.03,2026-08-07,2,Call,30.00,-15.25%,0.85,0.9,1.1,2005,929,2.16,111.90%,299.32%,0.298375,2026-08-05
SPCX,108.27,2026-08-14,9,Put,83.00,-23.34%,0.44,0.47,0.49,537,250,2.15,92.27%,111.75%,-0.054008,2026-08-05
PLTR,158.43,2026-08-14,9,Put,165.00,+4.15%,9.05,9.21,9.4,584,271,2.15,49.55%,53.35%,-0.668771,2026-08-05
SNDK,1350.5,2026-08-07,2,Call,"1,490.00",-10.33%,29.4,36,38.4,621,289,2.15,117.69%,205.94%,0.285213,2026-08-05
SMCI,30.32,2026-08-07,2,Put,30.50,+0.59%,0.9,0.95,0.99,721,335,2.15,99.98%,95.22%,-0.518536,2026-08-05
AMZN,272.65,2026-08-10,5,Put,260.00,-4.64%,0.44,0.53,0.53,988,459,2.15,32.01%,32.22%,-0.098399,2026-08-05
PENN,19.62,2026-08-21,16,Call,23.00,-17.23%,0.15,0.23,0.2,1009,469,2.15,60.25%,64.79%,0.137358,2026-08-05
FIG,28.15,2026-08-07,2,Call,31.00,-10.12%,0.6,1.24,1.22,1365,635,2.15,99.59%,231.97%,0.317498,2026-08-05
DIS,101.76,2026-08-07,2,Put,98.00,-3.69%,0.08,0.1,0.14,1628,758,2.15,25.95%,37.37%,-0.084363,2026-08-05
ET,20.34,2028-12-15,863,Call,22.00,-8.16%,1.2,1.47,1.52,1643,763,2.15,19.37%,19.88%,0.374957,2026-08-05
SPCX,108.27,2026-08-07,2,Call,108.00,+0.25%,5,5.12,5.15,2154,1004,2.15,92.27%,154.42%,0.532175,2026-08-05
COIN,149.89,2026-08-07,2,Put,145.00,-3.26%,1.38,1.46,1.72,2185,1018,2.15,69.39%,79.67%,-0.27594,2026-08-05
SPCX,108.27,2026-08-21,16,Call,110.00,-1.60%,8.4,8.5,8.55,2724,1269,2.15,92.27%,101.55%,0.515642,2026-08-05
PONY,7.81,2026-08-21,16,Call,9.00,-15.24%,0.22,0.25,0.4,501,234,2.14,86.09%,108.33%,0.306807,2026-08-05
KOPN,3.95,2026-09-04,30,Call,0.50,+87.34%,3.2,3.64,4.2,512,239,2.14,122.21%,857.19%,0.980827,2026-08-05
QBTS,21.39,2026-08-07,2,Put,18.50,-13.51%,0.12,0.13,0.15,531,248,2.14,97.29%,163.61%,-0.103717,2026-08-05
M,25.51,2026-08-14,9,Call,26.00,-1.92%,0.31,0.65,0.65,589,275,2.14,51.21%,43.18%,0.403208,2026-08-05
CRCL,63.28,2026-08-07,2,Put,54.00,-14.66%,0.05,0.1,0.16,1440,674,2.14,86.26%,127.43%,-0.041781,2026-08-05
INTC,101.06,2026-08-07,2,Call,115.00,-13.79%,0.13,0.16,0.17,8335,3890,2.14,80.64%,102.59%,0.048329,2026-08-05
PLTR,158.43,2026-08-07,2,Call,170.00,-7.30%,0.3,0.3,0.31,43493,20349,2.14,49.55%,67.98%,0.085087,2026-08-05
SPCX,108.27,2026-08-14,9,Put,110.00,+1.60%,8.3,8.4,8.45,13011,6122,2.13,92.27%,110.25%,-0.500395,2026-08-05
MSFT,487.46,2026-08-10,5,Put,475.00,-2.56%,2.1,2.15,2.45,550,258,2.13,29.87%,30.30%,-0.224243,2026-08-05
MSFT,487.46,2026-08-10,5,Put,480.00,-1.53%,3.25,3.45,3.8,640,300,2.13,29.87%,29.48%,-0.317664,2026-08-05
LUMN,6.08,2026-08-07,2,Call,6.00,+1.32%,0.15,0.23,0.22,721,338,2.13,67.34%,80.46%,0.596131,2026-08-05
MU,893.19,2026-08-14,9,Call,"1,120.00",-25.39%,4.55,4.8,4.95,749,352,2.13,85.96%,97.41%,0.081179,2026-08-05
TSLA,321.55,2026-08-10,5,Call,345.00,-7.29%,0.63,0.73,0.65,1037,488,2.13,43.16%,43.17%,0.087213,2026-08-05
AMD,482.05,2026-08-07,2,Put,465.00,-3.54%,5.4,5.65,5.85,1941,913,2.13,68.36%,88.33%,-0.278872,2026-08-05
META,588.77,2026-08-07,2,Put,560.00,-4.89%,0.71,0.79,0.8,3039,1424,2.13,38.26%,48.49%,-0.078032,2026-08-05
COST,941.99,2026-08-14,9,Put,670.00,-28.87%,0.01,0.14,0.14,572,270,2.12,22.79%,77.76%,-0.002143,2026-08-05
FCX,69.39,2026-08-07,2,Call,75.00,-8.08%,0.06,0.1,0.11,577,272,2.12,52.79%,66.13%,0.059292,2026-08-05
TSLA,321.55,2026-08-21,16,Call,327.50,-1.85%,9.15,9.6,9.3,662,312,2.12,43.16%,43.37%,0.444704,2026-08-05
DASH,207.27,2026-09-18,44,Call,250.00,-20.62%,3.75,4.38,4.8,2488,1173,2.12,63.40%,56.87%,0.203818,2026-08-05
GOOGL,362.43,2026-08-07,2,Put,362.50,+0.02%,4.5,4.5,4.75,2758,1304,2.12,33.79%,43.17%,-0.49416,2026-08-05
GOOG,360.13,2026-08-07,2,Put,370.00,+2.74%,10.6,11.1,11.3,3482,1645,2.12,33.39%,40.91%,-0.809284,2026-08-05
NFLX,74.2,2026-08-07,2,Put,74.00,-0.27%,0.78,0.78,0.79,4118,1947,2.12,35.21%,40.56%,-0.45606,2026-08-05
GOOGL,362.43,2026-08-07,2,Call,390.00,-7.61%,0.1,0.13,0.13,8421,3973,2.12,33.79%,49.27%,0.023483,2026-08-05
AMZN,272.65,2026-08-07,2,Call,277.50,-1.78%,1.34,1.37,1.45,11137,5243,2.12,32.01%,39.95%,0.282688,2026-08-05
NVDA,219.22,2026-08-07,2,Put,210.00,-4.21%,0.38,0.39,0.39,22971,10814,2.12,40.72%,46.97%,-0.104225,2026-08-05
UBER,68.18,2026-10-16,72,Call,70.00,-2.67%,3.6,3.75,3.75,3142,1486,2.11,34.72%,35.28%,0.482809,2026-08-05
SPCX,108.27,2026-08-07,2,Put,97.00,-10.41%,0.99,1.03,1.04,6708,3180,2.11,92.27%,152.82%,-0.151528,2026-08-05
KEEL,3.93,2026-08-21,16,Call,4.50,-14.50%,0.21,0.25,0.24,21292,10095,2.11,116.28%,129.01%,0.359209,2026-08-05
BTDR,11.06,2026-08-07,2,Call,6.00,+45.75%,4.8,5.4,5.6,523,248,2.11,127.30%,601.95%,0.944739,2026-08-05
AMD,482.05,2026-08-07,2,Call,547.50,-13.58%,0.5,0.6,0.75,526,249,2.11,68.36%,98.77%,0.044379,2026-08-05
STUB,9.12,2026-08-07,2,Call,5.00,+45.18%,4,4.15,4.3,589,279,2.11,85.61%,443.64%,0.976977,2026-08-05
APLD,29.87,2026-08-28,23,Call,50.00,-67.39%,0.02,0.13,0.19,594,282,2.11,99.74%,105.99%,0.036362,2026-08-05
INTC,101.06,2026-08-10,5,Call,108.00,-6.87%,1.17,1.56,1.45,702,333,2.11,80.64%,78.01%,0.24913,2026-08-05
MU,893.19,2026-08-21,16,Put,470.00,-47.38%,0.41,0.45,0.5,1127,534,2.11,85.96%,127.57%,-0.005502,2026-08-05
TSLA,321.55,2026-08-10,5,Call,340.00,-5.74%,1.02,1.08,1.06,2518,1193,2.11,43.16%,41.74%,0.13403,2026-08-05
META,588.77,2026-11-20,107,Call,570.00,+3.19%,65.5,67,68.7,505,241,2.1,38.26%,43.47%,0.616841,2026-08-05
UPST,30.2,2026-08-14,9,Call,34.00,-12.58%,0.32,0.35,0.5,536,255,2.1,71.05%,82.49%,0.199494,2026-08-05
BA,240.19,2026-08-14,9,Put,230.00,-4.24%,1.38,1.45,1.55,663,315,2.1,32.48%,33.93%,-0.199889,2026-08-05
MSFT,487.46,2026-08-14,9,Call,487.50,-0.01%,9.65,11.48,10.4,863,410,2.1,29.87%,32.35%,0.514979,2026-08-05
MU,893.19,2026-08-07,2,Put,845.00,-5.40%,11.9,12.2,12.4,1064,506,2.1,85.96%,118.53%,-0.24887,2026-08-05
SPCX,108.27,2026-09-11,37,Put,80.00,-26.11%,1.88,2,2.05,531,254,2.09,92.27%,90.49%,-0.113878,2026-08-05
KURA,9.2,2027-01-15,163,Put,11.00,+19.57%,2.1,2.9,3.5,563,270,2.09,130.22%,70.33%,-0.551515,2026-08-05
SNDK,1350.5,2026-08-07,2,Put,"1,395.00",+3.30%,100,103.75,117.8,659,315,2.09,117.69%,209.79%,-0.551778,2026-08-05
GME,19.01,2026-08-14,9,Put,18.50,-2.68%,0.13,0.2,0.25,716,343,2.09,39.47%,32.97%,-0.296857,2026-08-05
U,35.47,2026-08-07,2,Put,27.00,-23.88%,0.16,0.23,0.35,851,407,2.09,90.44%,273.19%,-0.073345,2026-08-05
GOOGL,362.43,2026-08-10,5,Call,375.00,-3.47%,1.45,1.6,1.77,1014,486,2.09,33.79%,33.86%,0.203568,2026-08-05
WEN,7.99,2026-09-18,44,Call,10.00,-25.16%,0.2,0.22,0.25,1353,648,2.09,63.49%,72.91%,0.218236,2026-08-05
SPCX,108.27,2026-08-28,23,Put,85.00,-21.49%,1.88,2,1.99,1607,769,2.09,92.27%,97.15%,-0.130784,2026-08-05
DDOG,283.17,2026-08-07,2,Put,220.00,-22.31%,1.1,1.11,1.28,2181,1046,2.09,79.81%,225.85%,-0.0554,2026-08-05
SPCX,108.27,2026-08-07,2,Call,132.00,-21.92%,0.48,0.51,0.5,2583,1237,2.09,92.27%,180.73%,0.078825,2026-08-05
CIFR,18.71,2026-08-07,2,Call,21.50,-14.91%,0.07,0.14,0.18,4400,2103,2.09,118.19%,154.50%,0.123731,2026-08-05
CMG,34.5,2026-08-21,16,Call,35.00,-1.45%,0.98,0.98,1.04,11395,5445,2.09,40.92%,42.06%,0.459644,2026-08-05
TSLA,321.55,2026-08-07,2,Call,317.50,+1.26%,6.7,6.85,6.95,17341,8290,2.09,43.16%,47.39%,0.649736,2026-08-05
PTON,6.52,2026-08-28,23,Call,7.00,-7.36%,0.35,0.39,0.42,500,240,2.08,79.98%,87.19%,0.418886,2026-08-05
CRWD,209.86,2026-08-07,2,Put,210.00,+0.07%,3.9,4,4.25,669,321,2.08,61.91%,64.91%,-0.494613,2026-08-05
LLY,1169.86,2026-09-18,44,Call,"1,320.00",-12.83%,12.35,12.45,15.55,1377,662,2.08,35.66%,35.46%,0.186937,2026-08-05
SOFI,18.25,2026-08-14,9,Put,18.50,+1.37%,0.67,0.69,0.7,1611,775,2.08,50.31%,48.62%,-0.552268,2026-08-05
NOW,117.22,2026-08-07,2,Call,118.00,-0.67%,2.02,2.08,2.13,2024,971,2.08,57.99%,70.12%,0.460958,2026-08-05
AFRM,78.47,2026-08-07,2,Call,82.00,-4.50%,0.36,0.62,0.84,748,361,2.07,68.36%,78.10%,0.233032,2026-08-05
GOOGL,362.43,2026-08-07,2,Put,370.00,+2.09%,8.8,9.26,9.5,1517,732,2.07,33.79%,40.81%,-0.747224,2026-08-05
INTC,101.06,2026-08-07,2,Call,114.00,-12.80%,0.18,0.22,0.23,2257,1091,2.07,80.64%,103.52%,0.062779,2026-08-05
RKLB,74.82,2026-08-07,2,Call,78.00,-4.25%,1.09,1.17,1.23,3054,1475,2.07,99.09%,107.32%,0.314964,2026-08-05
MU,893.19,2026-08-07,2,Call,"1,000.00",-11.96%,3.55,3.75,3.8,17918,8636,2.07,85.96%,116.72%,0.103467,2026-08-05
NVDA,219.22,2026-08-14,9,Call,220.00,-0.36%,4.95,5,5.1,19594,9466,2.07,40.72%,38.72%,0.493903,2026-08-05
GRAB,3.74,2026-09-18,44,Call,4.00,-6.95%,0.15,0.18,0.19,4260,2063,2.06,47.72%,51.36%,0.396398,2026-08-05
SPCX,108.27,2027-01-15,163,Call,305.00,-181.70%,1.42,1.52,1.6,1066,518,2.06,92.27%,85.72%,0.067905,2026-08-05
GOOGL,362.43,2026-08-14,9,Call,360.00,+0.67%,9.3,9.8,9.9,1716,831,2.06,33.79%,36.09%,0.564231,2026-08-05
EBAY,111.15,2026-08-07,2,Call,110.00,+1.03%,4.55,5,5.5,1778,865,2.06,45.78%,135.38%,0.561667,2026-08-05
QXO,15.9,2026-10-16,72,Call,18.00,-13.21%,1.1,1.15,1.25,2052,998,2.06,71.92%,67.44%,0.405148,2026-08-05
FUTU,110.22,2026-08-07,2,Call,116.00,-5.24%,0,0.27,0.35,544,265,2.05,53.26%,51.34%,0.091247,2026-08-05
DVN,42.09,2026-08-07,2,Call,43.00,-2.16%,0.15,0.32,0.31,762,372,2.05,37.03%,45.65%,0.269156,2026-08-05
BULL,7.38,2026-08-14,9,Put,7.50,+1.63%,0.31,0.34,0.4,1223,598,2.05,72.69%,63.22%,-0.542234,2026-08-05
SOFI,18.25,2026-08-07,2,Put,19.00,+4.11%,0.8,0.88,0.87,2390,1165,2.05,50.31%,61.49%,-0.805208,2026-08-05
META,588.77,2026-08-07,2,Call,590.00,-0.21%,7.6,7.6,8.05,5679,2764,2.05,38.26%,48.13%,0.485736,2026-08-05
LLY,1169.86,2026-09-18,44,Put,520.00,-55.55%,0,2.86,2.73,3177,1560,2.04,35.66%,106.34%,-0.008419,2026-08-05
UBER,68.18,2026-09-18,44,Put,60.00,-12.00%,0.5,0.53,0.56,19788,9706,2.04,34.72%,34.65%,-0.12384,2026-08-05
JNJ,257.59,2026-08-14,9,Put,250.00,-2.95%,0.96,1.12,1.52,508,249,2.04,24.97%,24.84%,-0.213126,2026-08-05
QBTS,21.39,2026-08-07,2,Put,21.00,-1.82%,0.83,0.89,0.92,658,323,2.04,97.29%,169.53%,-0.416549,2026-08-05
ONON,38.19,2027-03-19,226,Call,45.00,-17.83%,3.65,3.7,4.4,916,449,2.04,61.62%,50.75%,0.440587,2026-08-05
AMD,482.05,2026-08-10,5,Call,600.00,-24.47%,0.16,0.23,0.23,1220,598,2.04,68.36%,81.56%,0.012556,2026-08-05
ASTS,68.38,2026-08-07,2,Call,71.00,-3.83%,1.36,1.4,1.42,2022,990,2.04,109.04%,120.48%,0.353885,2026-08-05
SPCX,108.27,2026-08-14,9,Put,91.00,-15.95%,1.3,1.4,1.37,508,250,2.03,92.27%,108.36%,-0.133243,2026-08-05
NVTS,12.35,2026-08-07,2,Put,11.50,-6.88%,0.1,0.15,0.17,682,336,2.03,111.78%,123.47%,-0.203853,2026-08-05
DDOG,283.17,2026-08-07,2,Put,260.00,-8.18%,8.15,8.58,8.95,1169,575,2.03,79.81%,222.38%,-0.273575,2026-08-05
TSLA,321.55,2026-08-14,9,Call,335.00,-4.18%,4,4.02,4.1,4177,2066,2.02,43.16%,44.59%,0.295467,2026-08-05
MSFT,487.46,2026-08-07,2,Call,500.00,-2.57%,1.26,1.34,1.34,12201,6046,2.02,29.87%,36.95%,0.181587,2026-08-05
FLNC,14.23,2026-08-21,16,Call,20.00,-40.55%,0.7,0.72,0.8,12769,6316,2.02,153.96%,192.43%,0.261233,2026-08-05
AMZN,272.65,2026-08-07,2,Put,270.00,-0.97%,1.9,1.99,2.04,14030,6958,2.02,32.01%,39.15%,-0.36037,2026-08-05
MSTR,98.37,2026-08-07,2,Call,98.00,+0.38%,2.45,2.76,2.75,23170,11536,2.01,72.64%,82.81%,0.537994,2026-08-05
ANET,197.31,2026-08-07,2,Call,212.50,-7.70%,0.67,0.75,1.18,545,271,2.01,61.54%,90.25%,0.14143,2026-08-05
WDC,519.17,2026-09-18,44,Put,500.00,-3.69%,53.75,53.19,56.75,793,395,2.01,96.06%,93.03%,-0.386472,2026-08-05
SNDK,1350.5,2026-08-07,2,Call,"1,430.00",-5.89%,48.6,53,54.8,810,402,2.01,117.69%,208.63%,0.38517,2026-08-05
MU,893.19,2026-08-07,2,Call,955.00,-6.92%,9.45,9.55,9.9,822,408,2.01,85.96%,114.78%,0.228789,2026-08-05
KRMN,55.12,2026-08-21,16,Call,50.00,+9.29%,6.9,7.2,8.7,1176,585,2.01,89.49%,108.72%,0.708556,2026-08-05
LKQ,24.11,2026-11-20,107,Put,22.50,-6.68%,1.55,1.65,1.65,1348,669,2.01,44.43%,46.01%,-0.343599,2026-08-05
NVDA,219.22,2026-08-12,7,Put,212.50,-3.07%,1.9,1.97,2,528,264,2,40.72%,38.42%,-0.267,2026-08-05
AMZN,272.65,2026-08-12,7,Call,285.00,-4.53%,1.15,1.14,1.31,547,273,2,32.01%,33.74%,0.181441,2026-08-05
AVGO,418.28,2026-08-07,2,Call,432.50,-3.40%,1.71,2.45,2.56,636,318,2,53.54%,56.28%,0.218338,2026-08-05
OSCR,30.11,2026-08-07,2,Put,25.00,-16.97%,0.15,0.2,0.23,690,345,2,88.06%,196.70%,-0.088277,2026-08-05
ARM,274.58,2026-08-07,2,Call,292.50,-6.53%,2.43,3.25,3.2,1101,550,2,85.88%,108.60%,0.228469,2026-08-05
GOOG,360.13,2026-08-07,2,Put,345.00,-4.20%,0.59,0.59,0.66,1814,909,2,33.39%,46.79%,-0.103548,2026-08-05
AMD,482.05,2026-08-28,23,Call,600.00,-24.47%,5.75,6.3,6.4,1922,960,2,68.36%,74.34%,0.142867,2026-08-05
APP,417.8,2027-02-19,198,Put,300.00,-28.20%,30.4,30,34,2015,1009,2,81.90%,77.40%,-0.184728,2026-08-05
GLXY,19.07,2026-08-14,9,Call,19.00,+0.37%,1.09,1.2,1.92,14786,7394,2,97.35%,123.01%,0.54732,2026-08-05
WULF,18.07,2028-01-21,534,Call,12.00,+33.59%,9.6,10.5,10.95,970,488,1.99,97.67%,145.35%,0.763959,2026-08-05
WDC,519.17,2026-08-07,2,Put,450.00,-13.32%,4.05,4,4.5,1284,645,1.99,96.06%,175.36%,-0.12143,2026-08-05
CVS,99.12,2026-08-07,2,Put,98.00,-1.13%,0.59,0.65,0.8,510,257,1.98,29.62%,40.29%,-0.345447,2026-08-05
SPCX,108.27,2026-09-04,30,Put,75.00,-30.73%,1,1.08,1.08,545,275,1.98,92.27%,96.50%,-0.070042,2026-08-05
SPCX,108.27,2026-08-14,9,Call,131.00,-20.99%,1.69,1.81,1.77,623,314,1.98,92.27%,117.51%,0.174685,2026-08-05
PLTR,158.43,2026-10-16,72,Put,165.00,+4.15%,16.9,17.05,17.2,808,409,1.98,49.55%,49.45%,-0.521356,2026-08-05
QCOM,157.53,2026-08-07,2,Call,172.50,-9.50%,0.11,0.2,0.21,850,429,1.98,55.57%,72.00%,0.046943,2026-08-05
SPCX,108.27,2026-09-04,30,Put,80.00,-26.11%,1.55,1.68,1.7,1291,651,1.98,92.27%,94.47%,-0.103293,2026-08-05
ZETA,27.07,2026-08-14,9,Call,30.00,-10.82%,0.32,0.38,0.49,1575,794,1.98,67.17%,78.72%,0.222876,2026-08-05
HOOD,92.8,2026-08-14,9,Put,85.00,-8.41%,1,1.01,1.08,1744,881,1.98,66.81%,66.98%,-0.185397,2026-08-05
AAPL,311,2026-08-14,9,Call,312.50,-0.48%,4.5,4.7,4.7,3281,1661,1.98,26.23%,26.64%,0.470161,2026-08-05
UBER,68.18,2026-08-07,2,Put,68.00,-0.26%,0.74,0.84,0.9,5062,2553,1.98,34.72%,45.40%,-0.460028,2026-08-05
MSFT,487.46,2026-08-07,2,Put,485.00,-0.50%,4.2,4.23,4.3,4845,2454,1.97,29.87%,37.76%,-0.420816,2026-08-05
PURR,6.82,2026-08-21,16,Call,7.50,-9.97%,0.3,0.32,0.4,5039,2564,1.97,94.97%,105.45%,0.377149,2026-08-05
SPCX,108.27,2026-09-04,30,Put,105.00,-3.02%,9.45,9.4,9.7,647,328,1.97,92.27%,92.74%,-0.398429,2026-08-05
HOOD,92.8,2026-08-07,2,Put,94.00,+1.29%,2.65,2.7,2.86,857,434,1.97,66.81%,76.54%,-0.577601,2026-08-05
B,41.05,2026-12-18,135,Put,38.00,-7.43%,2.53,2.92,3.15,902,457,1.97,46.43%,45.27%,-0.328103,2026-08-05
HOOD,92.8,2026-08-14,9,Call,90.00,+3.02%,5.3,5.5,5.9,1489,755,1.97,66.81%,69.86%,0.633954,2026-08-05
GOOGL,362.43,2026-08-14,9,Call,375.00,-3.47%,3.4,3.6,3.75,1497,758,1.97,33.79%,35.98%,0.287524,2026-08-05
AVGO,418.28,2026-08-14,9,Call,435.00,-4.00%,5.85,7.4,7.55,636,325,1.96,53.54%,49.90%,0.325705,2026-08-05
NKE,42.45,2026-08-21,16,Put,38.00,-10.48%,0.1,0.13,0.17,994,506,1.96,36.32%,39.20%,-0.082198,2026-08-05
META,588.77,2026-08-14,9,Call,585.00,+0.64%,16.35,17.4,18,1094,558,1.96,38.26%,40.72%,0.55763,2026-08-05
AMD,482.05,2026-11-20,107,Put,420.00,-12.87%,36.75,38.8,38.8,1292,660,1.96,68.36%,68.20%,-0.280083,2026-08-05
DK,59.75,2026-08-21,16,Call,65.00,-8.79%,1.1,1.7,2.5,1321,675,1.96,64.11%,74.14%,0.322677,2026-08-05
SPCX,108.27,2026-08-07,2,Put,98.00,-9.49%,1.18,1.2,1.23,6491,3313,1.96,92.27%,152.74%,-0.173684,2026-08-05
SNDK,1350.5,2026-08-07,2,Call,"1,800.00",-33.28%,3.3,3.49,3.5,3717,1902,1.95,117.69%,213.87%,0.041432,2026-08-05
AMZN,272.65,2026-08-07,2,Put,275.00,+0.86%,4.25,4.35,4.55,6532,3355,1.95,32.01%,38.52%,-0.610889,2026-08-05
MU,893.19,2026-08-07,2,Call,"1,035.00",-15.88%,1.67,1.9,1.86,547,280,1.95,85.96%,120.43%,0.054111,2026-08-05
VZ,46.47,2026-08-21,16,Put,43.50,-6.39%,0.02,0.27,0.34,623,320,1.95,26.08%,28.14%,-0.128182,2026-08-05
CAKE,105.31,2026-10-16,72,Put,105.00,-0.29%,6.7,6.77,7.5,646,331,1.95,42.34%,40.35%,-0.44868,2026-08-05
MSTR,98.37,2026-08-07,2,Put,96.00,-2.41%,1.23,1.24,1.42,787,403,1.95,72.64%,81.08%,-0.330237,2026-08-05
ZETA,27.07,2026-08-21,16,Call,35.00,-29.29%,0.01,0.13,0.24,823,421,1.95,67.17%,77.74%,0.068473,2026-08-05
APPS,13.17,2026-09-18,44,Call,14.00,-6.30%,1.2,1.25,1.55,853,437,1.95,96.40%,92.67%,0.493934,2026-08-05
AG,17.61,2026-08-07,2,Call,18.50,-5.05%,0.12,0.15,0.15,1155,591,1.95,68.23%,83.43%,0.222212,2026-08-05
FIG,28.15,2026-08-07,2,Call,27.50,+2.31%,2.19,2.38,2.53,2000,1027,1.95,99.59%,245.65%,0.587261,2026-08-05
AMZN,272.65,2026-08-14,9,Call,282.50,-3.61%,2.2,2.42,2.44,552,285,1.94,32.01%,34.08%,0.267717,2026-08-05
PM,188.93,2026-08-07,2,Put,185.00,-2.08%,0.3,0.6,2.6,585,302,1.94,29.97%,54.68%,-0.294441,2026-08-05
NVDA,219.22,2026-08-28,23,Call,280.00,-27.73%,0.29,0.3,0.34,648,334,1.94,40.72%,50.02%,0.03073,2026-08-05
SOUN,6.43,2026-08-21,16,Put,5.50,-14.46%,0.18,0.21,0.26,704,363,1.94,95.57%,115.09%,-0.219263,2026-08-05
MU,893.19,2026-08-07,2,Call,"1,020.00",-14.20%,2.31,2.41,2.51,1342,692,1.94,85.96%,118.72%,0.071513,2026-08-05
BULL,7.38,2026-08-14,9,Put,7.00,-5.15%,0.1,0.15,0.15,1418,732,1.94,72.69%,61.35%,-0.272552,2026-08-05
AMD,482.05,2026-08-07,2,Put,475.00,-1.46%,8.8,9.3,9.3,1606,829,1.94,68.36%,86.99%,-0.396024,2026-08-05
SPCX,108.27,2026-08-07,2,Call,129.00,-19.15%,0.62,0.64,0.65,2280,1174,1.94,92.27%,175.77%,0.100287,2026-08-05
GME,19.01,2026-09-18,44,Put,18.00,-5.31%,0.5,0.55,0.67,7151,3683,1.94,39.47%,38.34%,-0.326674,2026-08-05
SPCX,108.27,2026-08-07,2,Call,112.00,-3.45%,3.4,3.45,3.5,7941,4091,1.94,92.27%,156.64%,0.408083,2026-08-05
NBIS,218.99,2026-08-14,9,Call,225.00,-2.74%,19.05,19.05,20.95,3751,1940,1.93,133.20%,164.40%,0.511026,2026-08-05
BROS,65.67,2026-08-07,2,Call,67.00,-2.03%,2.35,2.92,3.4,523,271,1.93,67.00%,178.52%,0.466457,2026-08-05
MSFT,487.46,2026-08-07,2,Put,477.50,-2.04%,1.78,1.95,1.96,1459,757,1.93,29.87%,38.52%,-0.228635,2026-08-05
AMD,482.05,2026-08-07,2,Put,490.00,+1.65%,16.45,16.35,17.85,2013,1044,1.93,68.36%,89.46%,-0.583803,2026-08-05
UNH,412.75,2026-08-07,2,Call,430.00,-4.18%,0.22,0.24,0.28,2046,1060,1.93,28.64%,34.50%,0.056196,2026-08-05
RIO,101.51,2026-09-18,44,Put,90.00,-11.34%,0.9,1.12,1.2,3025,1568,1.93,32.21%,34.56%,-0.155598,2026-08-05
TSLA,321.55,2026-08-10,5,Put,307.50,-4.37%,1.27,1.19,1.32,510,265,1.92,43.16%,39.81%,-0.16064,2026-08-05
DKNG,21.76,2026-08-07,2,Put,21.50,-1.19%,0.78,0.88,0.91,670,349,1.92,66.55%,152.15%,-0.434657,2026-08-05
META,588.77,2026-08-07,2,Call,612.50,-4.03%,1.67,1.8,1.95,803,418,1.92,38.26%,51.65%,0.156297,2026-08-05
NBIS,218.99,2026-08-07,2,Put,202.50,-7.53%,3.3,3.27,3.85,864,449,1.92,133.20%,155.64%,-0.230031,2026-08-05
RUN,10.49,2026-08-07,2,Put,9.00,-14.20%,0.14,0.17,0.23,1653,863,1.92,100.90%,240.07%,-0.170539,2026-08-05
MSFT,487.46,2026-08-14,9,Put,490.00,+0.52%,10.6,10.26,11.25,1880,980,1.92,29.87%,31.92%,-0.526979,2026-08-05
IONQ,39.93,2026-08-07,2,Put,35.00,-12.35%,0.39,0.41,0.43,1922,1003,1.92,100.88%,178.21%,-0.14312,2026-08-05
NBIS,218.99,2026-08-21,16,Put,210.00,-4.11%,21.05,21.15,22.3,3773,1964,1.92,133.20%,146.12%,-0.384286,2026-08-05
PLTR,158.43,2026-08-07,2,Put,152.50,-3.74%,0.83,0.86,0.86,11632,6062,1.92,49.55%,63.22%,-0.199741,2026-08-05
FIG,28.15,2026-08-07,2,Call,28.00,+0.53%,1.93,2.06,2.3,5544,2899,1.91,99.59%,245.98%,0.548344,2026-08-05
AMD,482.05,2026-08-07,2,Put,472.50,-1.98%,7.8,7.65,8.4,614,322,1.91,68.36%,87.46%,-0.365371,2026-08-05
RIOT,21.5,2026-08-07,2,Put,23.00,+6.98%,1.69,1.9,2.11,816,427,1.91,107.82%,148.49%,-0.711413,2026-08-05
EOSE,3.82,2026-09-04,30,Call,1.00,+73.82%,2.68,2.94,4.95,921,483,1.91,120.23%,397.49%,0.959827,2026-08-05
CIFR,18.71,2026-10-16,72,Call,24.00,-28.27%,1.95,2.33,2.5,1107,581,1.91,118.19%,116.16%,0.416605,2026-08-05
SNDK,1350.5,2026-08-07,2,Put,"1,050.00",-22.25%,4.3,4.8,5.2,1181,618,1.91,117.69%,216.68%,-0.049416,2026-08-05
FSLY,26.03,2026-08-07,2,Call,26.00,+0.12%,2.15,2.3,2.3,1247,653,1.91,111.90%,287.91%,0.544945,2026-08-05
APP,417.8,2026-08-14,9,Call,500.00,-19.67%,5.5,5.7,6,579,305,1.9,81.90%,107.65%,0.165323,2026-08-05
TSLA,321.55,2026-08-10,5,Put,310.00,-3.59%,1.72,1.64,1.77,956,502,1.9,43.16%,39.45%,-0.204667,2026-08-05
GOOGL,362.43,2026-08-14,9,Put,350.00,-3.43%,3.1,3.2,3.4,972,512,1.9,33.79%,36.13%,-0.255729,2026-08-05
CVX,186.41,2026-08-07,2,Put,187.50,+0.58%,2.13,2.11,2.42,2003,1056,1.9,27.18%,30.31%,-0.598176,2026-08-05
SNDK,1350.5,2026-08-07,2,Put,"1,150.00",-14.85%,14,14.8,14.8,2247,1183,1.9,117.69%,206.89%,-0.129818,2026-08-05
SHOP,144.24,2028-01-21,534,Put,95.00,-34.14%,12.4,12.45,14.35,2899,1525,1.9,55.16%,62.12%,-0.160527,2026-08-05
SPCX,108.27,2026-08-14,9,Put,80.00,-26.11%,0.29,0.32,0.33,8920,4687,1.9,92.27%,114.18%,-0.037374,2026-08-05
CRWV,89.89,2026-08-07,2,Put,88.00,-2.10%,2.06,2.25,2.31,596,315,1.89,106.35%,115.92%,-0.38493,2026-08-05
GEMI,4.03,2026-08-07,2,Call,1.50,+62.78%,2.3,2.65,2.75,611,324,1.89,128.61%,"1,150.14%",0.943729,2026-08-05
ENPH,38.95,2026-10-16,72,Call,60.00,-54.04%,1.25,1.25,1.88,1399,739,1.89,81.58%,93.33%,0.206801,2026-08-05
NEOV,2.87,2026-11-20,107,Call,5.00,-74.22%,0.35,0.45,0.5,2044,1083,1.89,178.74%,147.58%,0.389286,2026-08-05
NVDA,219.22,2026-08-17,12,Call,225.00,-2.64%,3.4,3.39,3.5,2110,1115,1.89,40.72%,36.17%,0.363804,2026-08-05
PSKY,8.76,2026-08-07,2,Put,9.00,+2.74%,0.11,0.34,0.57,505,269,1.88,53.25%,75.41%,-0.675546,2026-08-05
HOOD,92.8,2026-08-14,9,Call,97.00,-4.53%,2.22,2.36,2.65,608,324,1.88,66.81%,70.28%,0.367721,2026-08-05
WDC,519.17,2026-08-07,2,Put,500.00,-3.69%,17.6,17.8,18.4,648,344,1.88,96.06%,176.42%,-0.361406,2026-08-05
AMAT,534.24,2026-08-21,16,Call,730.00,-36.64%,1.46,3.45,3.45,662,352,1.88,84.03%,90.23%,0.060492,2026-08-05
JOBY,7.8,2026-08-21,16,Put,6.50,-16.67%,0.11,0.14,0.15,716,381,1.88,87.49%,93.54%,-0.150049,2026-08-05
AG,17.61,2026-08-07,2,Call,18.00,-2.21%,0.24,0.25,0.3,906,481,1.88,68.23%,83.03%,0.373394,2026-08-05
PROF,7.99,2026-08-21,16,Call,7.50,+6.13%,0.75,0.95,1.1,1004,533,1.88,103.11%,99.71%,0.661006,2026-08-05
WDC,519.17,2026-08-21,16,Call,700.00,-34.83%,4.85,5.38,6.05,1353,721,1.88,96.06%,105.42%,0.10808,2026-08-05
RZLV,2.71,2027-01-15,163,Put,2.00,-26.20%,0.35,0.4,0.45,1501,799,1.88,101.46%,117.63%,-0.212796,2026-08-05
AMD,482.05,2026-08-07,2,Put,460.00,-4.57%,4.1,4.39,4.5,3435,1823,1.88,68.36%,88.72%,-0.22705,2026-08-05
AMZN,272.65,2026-08-07,2,Call,285.00,-4.53%,0.28,0.28,0.3,13833,7360,1.88,32.01%,41.49%,0.077721,2026-08-05
SPCX,108.27,2026-08-07,2,Put,96.00,-11.33%,0.83,0.83,0.87,4515,2409,1.87,92.27%,153.00%,-0.131278,2026-08-05
AVGO,418.28,2026-08-07,2,Put,395.00,-5.57%,0.71,0.9,1.05,620,332,1.87,53.54%,60.86%,-0.097309,2026-08-05
PLTR,158.43,2026-08-14,9,Put,157.50,-0.59%,4.55,4.7,4.75,898,480,1.87,49.55%,52.18%,-0.451576,2026-08-05
ASTS,68.38,2026-08-07,2,Call,78.00,-14.07%,0.25,0.29,0.29,1147,615,1.87,109.04%,129.10%,0.092159,2026-08-05
TPR,159.16,2026-08-21,16,Put,125.00,-21.46%,0.1,0.55,0.7,1147,613,1.87,53.93%,69.33%,-0.040534,2026-08-05
META,588.77,2028-01-21,534,Call,950.00,-61.35%,41.25,43.3,48.1,1322,708,1.87,38.26%,43.62%,0.29296,2026-08-05
LSCC,128.31,2026-08-21,16,Call,190.00,-48.08%,0,0.13,0.25,582,313,1.86,83.23%,83.97%,0.016348,2026-08-05
RKLB,74.82,2026-08-07,2,Put,73.00,-2.43%,1.33,1.46,1.55,715,384,1.86,99.09%,102.58%,-0.357719,2026-08-05
XYZ,84.2,2026-08-07,2,Call,84.00,+0.24%,4,4.2,4.4,755,405,1.86,57.69%,164.84%,0.532728,2026-08-05
MNST,94.46,2026-09-18,44,Call,97.50,-3.22%,1.8,3.17,5,767,413,1.86,39.15%,34.59%,0.433887,2026-08-05
VST,140.58,2026-08-07,2,Call,150.00,-6.70%,1.34,1.5,1.69,1157,621,1.86,56.27%,112.57%,0.231207,2026-08-05
DIS,101.76,2026-08-21,16,Call,103.00,-1.22%,1.67,1.83,1.97,1251,673,1.86,25.95%,27.81%,0.430588,2026-08-05
SNAP,5.33,2026-09-04,30,Call,6.00,-12.57%,0.13,0.14,0.15,1307,704,1.86,56.71%,58.93%,0.274752,2026-08-05
OWL,11.55,2027-02-19,198,Call,13.00,-12.55%,0.95,0.95,1,1459,785,1.86,45.10%,47.53%,0.404768,2026-08-05
MU,893.19,2026-08-07,2,Call,960.00,-7.48%,8.5,8.72,8.95,1463,788,1.86,85.96%,114.92%,0.210921,2026-08-05
NFLX,74.2,2026-08-14,9,Call,78.00,-5.12%,0.49,0.5,0.5,2403,1292,1.86,35.21%,37.13%,0.208304,2026-08-05
GOOGL,362.43,2026-10-16,72,Call,400.00,-10.37%,9.05,9.42,9.7,6197,3333,1.86,33.79%,33.74%,0.295212,2026-08-05
GOOG,360.13,2026-08-07,2,Call,385.00,-6.91%,0.15,0.15,0.17,3755,2031,1.85,33.39%,48.18%,0.032222,2026-08-05
NVDA,219.22,2026-08-21,16,Call,222.50,-1.50%,5.6,5.55,5.7,8215,4430,1.85,40.72%,38.18%,0.448821,2026-08-05
SPCX,108.27,2026-08-07,2,Call,130.00,-20.07%,0.57,0.59,0.6,29752,16093,1.85,92.27%,177.67%,0.092822,2026-08-05
FSLY,26.03,2026-08-07,2,Call,28.00,-7.57%,1.4,1.5,1.6,534,289,1.85,111.90%,295.69%,0.41176,2026-08-05
SPCX,108.27,2026-09-04,30,Call,115.00,-6.22%,8.75,8.9,9,574,310,1.85,92.27%,92.80%,0.467232,2026-08-05
ZETA,27.07,2026-08-14,9,Call,24.00,+11.34%,3.15,3.6,3.75,617,333,1.85,67.17%,87.14%,0.830152,2026-08-05
PRU,120.16,2026-08-21,16,Put,115.00,-4.29%,0.4,1.1,1.1,652,352,1.85,24.23%,25.73%,-0.201654,2026-08-05
APP,417.8,2026-08-21,16,Call,480.00,-14.89%,11.4,13.35,13.8,731,395,1.85,81.90%,93.97%,0.274563,2026-08-05
HDB,23.85,2026-08-21,16,Put,27.50,+15.30%,3.5,3.7,4,898,486,1.85,29.70%,47.32%,-0.916507,2026-08-05
IBM,235.92,2026-08-07,2,Call,242.50,-2.79%,0.89,0.95,1.01,1366,737,1.85,39.27%,45.66%,0.213026,2026-08-05
NFLX,74.2,2027-06-17,316,Call,92.00,-23.99%,5.9,6.59,6.95,1963,1063,1.85,35.21%,41.36%,0.39101,2026-08-05
NVDA,219.22,2026-08-14,9,Put,207.50,-5.35%,1.35,1.24,1.4,2592,1399,1.85,40.72%,39.96%,-0.179209,2026-08-05
KO,86.83,2027-06-17,316,Call,100.00,-15.17%,2.55,2.53,2.83,2964,1598,1.85,20.33%,20.85%,0.281548,2026-08-05
CHGG,1.03,2026-08-21,16,Call,1.0000,+2.91%,0.15,0.18,0.2,3058,1652,1.85,141.39%,188.59%,0.608848,2026-08-05
INTC,101.06,2026-08-07,2,Call,116.00,-14.78%,0.09,0.15,0.15,694,378,1.84,80.64%,103.62%,0.03947,2026-08-05
AMD,482.05,2026-08-14,9,Call,510.00,-5.80%,11.35,12.41,12.85,698,379,1.84,68.36%,75.13%,0.340432,2026-08-05
SPCX,108.27,2026-08-21,16,Put,103.00,-4.87%,6.35,6.55,6.5,727,395,1.84,92.27%,100.82%,-0.363838,2026-08-05
CCL,29.67,2026-10-16,72,Call,34.00,-14.59%,0.91,0.95,1.01,912,495,1.84,42.35%,45.13%,0.285678,2026-08-05
TSLA,321.55,2026-08-07,2,Call,352.50,-9.63%,0.12,0.13,0.14,3074,1672,1.84,43.16%,61.85%,0.023862,2026-08-05
FIG,28.15,2026-08-07,2,Call,35.00,-24.33%,0.28,0.29,0.3,7405,4014,1.84,99.59%,238.51%,0.126248,2026-08-05
TSLA,321.55,2026-08-07,2,Call,332.50,-3.41%,1.2,1.23,1.24,14553,7920,1.84,43.16%,50.05%,0.189427,2026-08-05
CRM,192.98,2026-08-07,2,Put,187.50,-2.84%,1.16,1.26,1.54,545,298,1.83,49.80%,60.91%,-0.253172,2026-08-05
TSLA,321.55,2026-08-21,16,Call,322.50,-0.30%,11.35,11.5,11.5,747,409,1.83,43.16%,43.34%,0.51212,2026-08-05
SBUX,106,2026-08-14,9,Put,105.00,-0.94%,1.49,1.51,1.83,926,505,1.83,26.88%,32.34%,-0.413758,2026-08-05
FPS,38.49,2026-08-21,16,Put,35.00,-9.07%,1.2,1.39,1.45,2016,1100,1.83,93.25%,89.50%,-0.271473,2026-08-05
MU,893.19,2026-08-07,2,Call,970.00,-8.60%,6.9,7.05,7.25,2398,1308,1.83,85.96%,115.29%,0.178311,2026-08-05
NVDA,219.22,2026-08-17,12,Put,205.00,-6.49%,1.21,1.15,1.27,640,352,1.82,40.72%,37.94%,-0.153129,2026-08-05
MU,893.19,2026-08-07,2,Put,815.00,-8.75%,6.05,6.3,6.45,694,381,1.82,85.96%,122.22%,-0.144594,2026-08-05
CMPS,13.58,2026-09-18,44,Call,13.00,+4.27%,1.7,1.8,1.9,781,428,1.82,76.20%,79.70%,0.622588,2026-08-05
UBER,68.18,2026-08-21,16,Put,68.00,-0.26%,1.77,1.8,1.94,913,503,1.82,34.72%,35.01%,-0.464249,2026-08-05
NVDA,219.22,2026-08-12,7,Put,205.00,-6.49%,0.65,0.64,0.72,980,537,1.82,40.72%,40.96%,-0.111111,2026-08-05
CVS,99.12,2026-08-07,2,Put,95.00,-4.16%,0.1,0.13,0.31,1004,553,1.82,29.62%,48.71%,-0.115669,2026-08-05
NKE,42.45,2026-08-21,16,Put,41.00,-3.42%,0.59,0.67,0.71,1193,654,1.82,36.32%,35.67%,-0.307438,2026-08-05
COHR,328.22,2026-09-18,44,Put,270.00,-17.74%,17.7,17.8,21.6,1547,848,1.82,108.24%,104.76%,-0.232917,2026-08-05
SPCX,108.27,2026-08-28,23,Put,95.00,-12.26%,4.35,4.41,4.5,1906,1047,1.82,92.27%,95.85%,-0.250784,2026-08-05
META,588.77,2026-08-07,2,Call,625.00,-6.15%,0.79,0.82,0.85,1961,1075,1.82,38.26%,55.51%,0.076585,2026-08-05
RGTI,16.78,2026-09-18,44,Put,13.00,-22.53%,0.53,0.59,0.63,2976,1634,1.82,99.90%,94.05%,-0.169262,2026-08-05
TSLA,321.55,2026-08-10,5,Call,350.00,-8.85%,0.41,0.45,0.43,3674,2024,1.82,43.16%,45.22%,0.058666,2026-08-05
RIOT,21.5,2026-08-07,2,Call,23.50,-9.30%,0.22,0.26,0.34,7390,4093,1.81,107.82%,145.79%,0.22109,2026-08-05
SNDK,1350.5,2026-08-14,9,Call,"1,450.00",-7.37%,76.8,81.4,86.7,509,281,1.81,117.69%,142.64%,0.420177,2026-08-05
WDC,519.17,2026-08-07,2,Put,430.00,-17.18%,1.83,2.16,2.25,531,294,1.81,96.06%,176.26%,-0.065399,2026-08-05
MBLY,8.45,2026-09-04,30,Call,1.00,+88.17%,6.8,7.51,9.6,537,297,1.81,62.73%,"1,149.27%",0.989168,2026-08-05
OPK,1.35,2027-03-19,226,Call,1.0000,+25.93%,0.25,0.45,0.9,650,360,1.81,98.27%,101.28%,0.789905,2026-08-05
TSM,414,2026-11-20,107,Call,560.00,-35.27%,6.95,8.7,8.35,1000,552,1.81,44.24%,47.28%,0.154386,2026-08-05
AMD,482.05,2026-08-07,2,Call,545.00,-13.06%,0.52,0.67,0.71,1309,724,1.81,68.36%,95.63%,0.044976,2026-08-05
MSTR,98.37,2026-08-07,2,Call,97.50,+0.88%,2.74,3.08,3.05,1439,794,1.81,72.64%,83.85%,0.570396,2026-08-05
MARA,11.24,2026-09-04,30,Call,10.00,+11.03%,1.73,2.03,2.24,2001,1104,1.81,96.53%,103.42%,0.709814,2026-08-05
SNDK,1350.5,2026-08-07,2,Call,"1,450.00",-7.37%,44.6,45.87,47.7,2197,1215,1.81,117.69%,210.47%,0.353015,2026-08-05
ON,76.91,2026-08-07,2,Call,80.00,-4.02%,0.53,0.81,1,577,321,1.8,71.97%,83.07%,0.27203,2026-08-05
SPCX,108.27,2026-08-14,9,Put,104.00,-3.94%,5.15,5.35,5.3,767,426,1.8,92.27%,108.38%,-0.372218,2026-08-05
ZETA,27.07,2026-08-07,2,Call,21.00,+22.42%,5.95,6.18,6.6,1198,664,1.8,67.17%,260.47%,0.921379,2026-08-05
META,588.77,2026-08-07,2,Call,605.00,-2.76%,2.96,3.03,3.1,1908,1061,1.8,38.26%,50.23%,0.23946,2026-08-05
SPCX,108.27,2026-12-18,135,Call,115.00,-6.22%,18.3,18.35,18.6,716,399,1.79,92.27%,78.50%,0.55653,2026-08-05
AMD,482.05,2026-08-07,2,Put,435.00,-9.76%,0.88,0.9,0.94,1565,873,1.79,68.36%,92.42%,-0.062013,2026-08-05
CSX,51.12,2026-09-18,44,Call,55.00,-7.59%,0.4,0.45,0.5,1769,988,1.79,24.17%,23.15%,0.202814,2026-08-05
PCG,17.2,2026-09-18,44,Call,30.00,-74.42%,0,0.1,0.13,1949,1088,1.79,48.90%,82.37%,0.036573,2026-08-05
AMD,482.05,2026-08-07,2,Put,420.00,-12.87%,0.31,0.34,0.38,3781,2116,1.79,68.36%,97.35%,-0.025544,2026-08-05
BSX,47.74,2026-08-14,9,Put,45.50,-4.69%,0.3,0.54,0.6,5730,3211,1.78,40.15%,43.82%,-0.228327,2026-08-05
SNDK,1350.5,2026-08-14,9,Call,"2,000.00",-48.09%,6.8,7,8,884,498,1.78,117.69%,148.82%,0.059426,2026-08-05
NFLX,74.2,2026-09-04,30,Put,70.00,-5.66%,1.16,1.19,1.23,907,509,1.78,35.21%,34.91%,-0.255094,2026-08-05
SNDK,1350.5,2026-08-14,9,Call,"1,400.00",-3.67%,92.7,98,100,940,527,1.78,117.69%,138.39%,0.478902,2026-08-05
AMD,482.05,2026-10-16,72,Call,560.00,-16.17%,31.4,32.9,33.85,965,543,1.78,68.36%,68.64%,0.376253,2026-08-05
DELL,462.7,2026-08-07,2,Call,480.00,-3.74%,6.05,6.54,7.2,1082,607,1.78,88.76%,97.22%,0.318527,2026-08-05
SPCX,108.27,2026-08-21,16,Call,123.00,-13.60%,4.3,4.54,4.45,1500,842,1.78,92.27%,104.05%,0.319396,2026-08-05
ANVS,1.87,2026-09-04,30,Call,2.0000,-6.95%,0,0.24,0.35,1590,895,1.78,270.32%,105.30%,0.475427,2026-08-05
KDP,30.75,2026-09-18,44,Call,33.00,-7.32%,0.35,0.43,0.55,1594,896,1.78,40.47%,28.65%,0.256576,2026-08-05
MU,893.19,2026-08-07,2,Put,840.00,-5.96%,10.7,10.9,11.15,1600,901,1.78,85.96%,119.06%,-0.228811,2026-08-05
TGT,147.7,2026-12-18,135,Call,155.00,-4.94%,9.85,10.17,10.5,918,519,1.77,42.30%,36.71%,0.458849,2026-08-05
FRO,37.97,2026-11-20,107,Call,40.00,-5.35%,2.5,2.7,2.95,1017,576,1.77,56.08%,49.49%,0.426963,2026-08-05
EQPT,19.99,2027-01-15,163,Call,20.00,-0.05%,4,4.8,4.9,1276,722,1.77,112.99%,82.05%,0.619662,2026-08-05
MU,893.19,2026-08-07,2,Call,965.00,-8.04%,7.65,7.85,8.05,1431,810,1.77,85.96%,115.03%,0.193967,2026-08-05
SPCX,108.27,2026-09-04,30,Put,100.00,-7.64%,7.1,7.2,7.3,1923,1086,1.77,92.27%,92.33%,-0.329203,2026-08-05
AMZN,272.65,2026-08-07,2,Put,265.00,-2.81%,0.71,0.74,0.74,10308,5830,1.77,32.01%,40.39%,-0.165321,2026-08-05
MSFT,487.46,2026-08-07,2,Put,490.00,+0.52%,6.6,6.69,6.85,4054,2298,1.76,29.87%,37.41%,-0.567264,2026-08-05
HOOD,92.8,2026-08-28,23,Put,90.00,-3.02%,4.5,4.1,4.85,1011,575,1.76,66.81%,66.24%,-0.390272,2026-08-05
VIAV,38.9,2026-08-21,16,Call,55.00,-41.39%,0.3,0.6,0.7,1244,707,1.76,112.58%,123.25%,0.113715,2026-08-05
UUUU,12.44,2026-10-16,72,Put,11.00,-11.58%,1.03,1.07,1.17,1340,761,1.76,86.52%,85.29%,-0.298114,2026-08-05
AGNC,10.67,2027-03-19,226,Call,11.00,-3.09%,0.34,0.38,0.46,1375,783,1.76,23.01%,16.71%,0.419501,2026-08-05
GME,19.01,2026-10-16,72,Put,18.00,-5.31%,0.73,0.91,0.92,1781,1011,1.76,39.47%,37.21%,-0.351985,2026-08-05
NVO,44.53,2026-09-04,30,Call,50.00,-12.28%,0.25,0.34,0.37,576,330,1.75,35.58%,36.34%,0.137663,2026-08-05
NVDA,219.22,2026-09-11,37,Call,250.00,-14.04%,2.48,2.7,2.86,655,374,1.75,40.72%,41.22%,0.181211,2026-08-05
CVX,186.41,2026-08-07,2,Put,182.50,-2.10%,0.4,0.47,0.49,657,375,1.75,27.18%,32.05%,-0.182672,2026-08-05
SPCX,108.27,2026-08-14,9,Call,119.00,-9.91%,3.65,3.77,3.8,785,449,1.75,92.27%,111.68%,0.327758,2026-08-05
MU,893.19,2026-08-07,2,Call,"1,090.00",-22.03%,0.57,0.65,0.73,847,483,1.75,85.96%,129.35%,0.021196,2026-08-05
KHC,25.73,2026-08-07,2,Call,26.00,-1.05%,0.05,0.17,0.2,1281,733,1.75,32.25%,31.02%,0.326943,2026-08-05
MU,893.19,2026-08-07,2,Put,820.00,-8.19%,6.85,7,7.2,1448,829,1.75,85.96%,121.61%,-0.159419,2026-08-05
INTC,101.06,2026-08-07,2,Call,101.00,+0.06%,2.74,3.1,3.2,3392,1943,1.75,80.64%,98.28%,0.51869,2026-08-05
NBIS,218.99,2026-08-07,2,Put,200.00,-8.67%,2.87,2.87,3.1,4956,2840,1.75,133.20%,156.37%,-0.19956,2026-08-05
IBM,235.92,2026-08-07,2,Call,240.00,-1.73%,1.48,1.5,1.61,3484,2007,1.74,39.27%,45.17%,0.310292,2026-08-05
AMD,482.05,2026-08-07,2,Put,480.00,-0.43%,11.15,11.67,11.8,5125,2945,1.74,68.36%,88.12%,-0.459983,2026-08-05
OPEN,3.76,2026-08-14,9,Call,4.00,-6.38%,0.09,0.11,0.11,6321,3639,1.74,84.60%,80.73%,0.338075,2026-08-05
AAPL,311,2026-08-07,2,Put,305.00,-1.93%,0.8,0.83,0.88,13865,7959,1.74,26.23%,32.12%,-0.200973,2026-08-05
SPCX,108.27,2026-08-14,9,Put,98.00,-9.49%,2.93,2.9,3.05,591,340,1.74,92.27%,108.26%,-0.249544,2026-08-05
GTM,3.66,2026-09-18,44,Put,3.00,-18.03%,0.1,0.15,0.25,614,353,1.74,108.42%,94.15%,-0.216621,2026-08-05
MU,893.19,2026-08-07,2,Put,775.00,-13.23%,2.3,2.38,2.5,910,524,1.74,85.96%,129.12%,-0.062429,2026-08-05
APP,417.8,2026-08-07,2,Call,550.00,-31.64%,0.75,0.8,0.9,989,570,1.74,81.90%,197.84%,0.035727,2026-08-05
VIK,108.26,2026-08-21,16,Call,110.00,-1.61%,3.2,3.9,4.2,1009,580,1.74,44.04%,48.76%,0.464309,2026-08-05
SNDK,1350.5,2026-08-07,2,Call,"1,650.00",-22.18%,11,11,11.3,1729,993,1.74,117.69%,211.64%,0.11526,2026-08-05
FSLR,236.8,2026-08-07,2,Call,270.00,-14.02%,2.84,2.9,3.15,500,289,1.73,80.33%,182.20%,0.182983,2026-08-05
ETSY,85.86,2026-10-16,72,Call,100.00,-16.47%,3.8,5.15,6.6,616,357,1.73,80.67%,64.85%,0.359441,2026-08-05
NBIS,218.99,2026-08-07,2,Put,187.50,-14.38%,1.1,1.2,1.33,687,396,1.73,133.20%,165.84%,-0.092152,2026-08-05
INTC,101.06,2026-08-07,2,Put,92.50,-8.47%,0.34,0.31,0.43,859,496,1.73,80.64%,98.68%,-0.105578,2026-08-05
RGTI,16.78,2026-08-07,2,Put,17.00,+1.31%,0.98,1.03,1.07,2096,1213,1.73,99.90%,183.09%,-0.510843,2026-08-05
AMD,482.05,2026-08-07,2,Call,490.00,-1.65%,8.75,9,9.45,3512,2025,1.73,68.36%,88.10%,0.414797,2026-08-05
SPCX,108.27,2026-08-07,2,Put,101.00,-6.71%,1.92,1.95,1.97,6264,3618,1.73,92.27%,152.95%,-0.250732,2026-08-05
GOOG,360.13,2026-08-07,2,Call,375.00,-4.13%,0.56,0.57,0.6,5080,2956,1.72,33.39%,43.14%,0.106515,2026-08-05
WMT,112.34,2026-08-28,23,Call,115.00,-2.37%,2.7,2.7,2.8,527,307,1.72,32.35%,33.93%,0.41588,2026-08-05
TRLV,8.44,2026-08-21,16,Call,5.00,+40.76%,3,3.5,3.7,569,331,1.72,108.94%,158.75%,0.959614,2026-08-05
AMD,482.05,2026-08-07,2,Put,467.50,-3.02%,6.05,6.65,6.65,570,331,1.72,68.36%,87.82%,-0.306176,2026-08-05
BA,240.19,2026-08-07,2,Put,232.50,-3.20%,0.42,0.47,0.58,1017,591,1.72,32.48%,40.51%,-0.135467,2026-08-05
AMD,482.05,2026-10-16,72,Call,580.00,-20.32%,26.45,28.18,29.05,1097,636,1.72,68.36%,68.73%,0.333772,2026-08-05
MU,893.19,2026-08-07,2,Call,"1,030.00",-15.32%,1.86,1.97,2.06,1228,714,1.72,85.96%,119.88%,0.059445,2026-08-05
TSLA,321.55,2026-08-07,2,Call,357.50,-11.18%,0.09,0.1,0.1,1393,810,1.72,43.16%,66.57%,0.016922,2026-08-05
JNJ,257.59,2026-08-07,2,Call,265.00,-2.88%,0.26,0.33,0.43,1418,823,1.72,24.97%,31.82%,0.117272,2026-08-05
AVGO,418.28,2026-08-07,2,Call,435.00,-4.00%,1.41,1.63,1.85,1424,829,1.72,53.54%,55.82%,0.177744,2026-08-05
SPCX,108.27,2026-08-21,16,Put,99.00,-8.56%,4.7,4.85,4.85,1455,846,1.72,92.27%,100.62%,-0.295718,2026-08-05
HON,248.12,2026-09-18,44,Put,230.00,-7.30%,3.2,3.49,3.7,538,315,1.71,30.06%,30.29%,-0.218861,2026-08-05
OWL,11.55,2026-11-20,107,Call,13.00,-12.55%,0.55,0.55,0.65,783,459,1.71,45.10%,46.90%,0.347424,2026-08-05
LRCX,307.42,2026-08-14,9,Put,255.00,-17.05%,0.98,1.54,2,814,475,1.71,78.69%,87.11%,-0.074846,2026-08-05
MU,893.19,2026-08-07,2,Put,830.00,-7.07%,8.6,8.71,8.95,1364,800,1.71,85.96%,120.18%,-0.19179,2026-08-05
UBER,68.18,2026-10-16,72,Put,67.50,-1.00%,3.45,3.5,3.65,2524,1478,1.71,34.72%,34.06%,-0.429755,2026-08-05
AMD,482.05,2026-08-07,2,Put,440.00,-8.72%,1.17,1.31,1.3,3103,1811,1.71,68.36%,90.77%,-0.081537,2026-08-05
MSFT,487.46,2026-08-07,2,Call,505.00,-3.60%,0.6,0.7,0.82,4636,2705,1.71,29.87%,38.08%,0.108533,2026-08-05
SPCX,108.27,2026-08-07,2,Call,124.00,-14.53%,1,1.02,1.04,6321,3697,1.71,92.27%,168.60%,0.153137,2026-08-05
TSLA,321.55,2026-08-07,2,Call,337.50,-4.96%,0.63,0.63,0.64,5353,3153,1.7,43.16%,51.93%,0.108403,2026-08-05
AMZN,272.65,2026-08-07,2,Call,282.50,-3.61%,0.49,0.53,0.53,13490,7916,1.7,32.01%,41.01%,0.12558,2026-08-05
VZ,46.47,2027-12-17,499,Put,42.00,-9.62%,2.99,3.8,4.05,500,294,1.7,26.08%,25.67%,-0.317718,2026-08-05
AMD,482.05,2026-10-16,72,Call,620.00,-28.62%,19.05,20.6,21.95,633,372,1.7,68.36%,69.69%,0.262775,2026-08-05
SKHY,151.03,2026-08-07,2,Call,157.50,-4.28%,3.2,3.29,3.5,702,413,1.7,103.41%,132.46%,0.353158,2026-08-05
SNDK,1350.5,2026-09-18,44,Put,650.00,-51.87%,6.4,7.6,8.7,794,468,1.7,117.69%,125.52%,-0.028366,2026-08-05
AMD,482.05,2026-08-07,2,Put,415.00,-13.91%,0.23,0.22,0.28,855,502,1.7,68.36%,99.56%,-0.019157,2026-08-05
MU,893.19,2026-08-07,2,Put,825.00,-7.63%,7.65,7.9,8,975,573,1.7,85.96%,120.69%,-0.174716,2026-08-05
INTC,101.06,2026-08-14,9,Call,102.00,-0.93%,4.7,5.15,5.25,1006,591,1.7,80.64%,84.93%,0.501151,2026-08-05
UBER,68.18,2027-12-17,499,Call,140.00,-105.34%,1.5,1.64,2.04,1085,640,1.7,34.72%,41.47%,0.129857,2026-08-05
MU,893.19,2026-08-07,2,Call,905.00,-1.32%,24.45,25,25.9,1163,684,1.7,85.96%,115.46%,0.456716,2026-08-05
SNDK,1350.5,2026-08-07,2,Call,"1,700.00",-25.88%,7.1,7.5,8.3,2672,1576,1.7,117.69%,213.15%,0.084012,2026-08-05
AVGO,418.28,2026-08-07,2,Call,425.00,-1.61%,3.45,4,4.75,3021,1772,1.7,53.54%,55.61%,0.358421,2026-08-05
OSCR,30.11,2026-08-07,2,Call,34.50,-14.58%,0.17,0.54,0.65,531,315,1.69,88.06%,191.36%,0.187077,2026-08-05
INTC,101.06,2027-12-17,499,Put,210.00,+107.80%,115.5,117.38,120.45,534,316,1.69,80.64%,77.77%,-0.660023,2026-08-05
XOM,151.63,2026-08-07,2,Put,148.00,-2.39%,0.29,0.37,0.41,552,326,1.69,29.39%,34.51%,-0.167679,2026-08-05
AMD,482.05,2026-08-07,2,Call,522.50,-8.39%,1.8,2,2.12,571,337,1.69,68.36%,91.52%,0.124506,2026-08-05
KO,86.83,2026-08-14,9,Call,86.00,+0.96%,1.57,1.8,1.77,585,347,1.69,20.33%,22.07%,0.618744,2026-08-05
AMD,482.05,2026-10-16,72,Call,"1,080.00",-124.04%,0.37,0.66,1.13,711,420,1.69,68.36%,76.39%,0.014413,2026-08-05
XYZ,84.2,2026-09-18,44,Call,105.00,-24.70%,0.83,0.94,1.15,1039,615,1.69,57.69%,52.60%,0.13718,2026-08-05
CLF,12.65,2027-06-17,316,Call,17.00,-34.39%,1.78,1.85,2.11,1379,815,1.69,66.24%,68.53%,0.446776,2026-08-05
AAOI,128.56,2026-08-07,2,Call,170.00,-32.23%,1.5,1.56,1.7,1969,1166,1.69,143.52%,298.53%,0.124437,2026-08-05
OPEN,3.76,2026-10-16,72,Put,4.00,+6.38%,0.67,0.76,0.73,2041,1208,1.69,84.60%,86.06%,-0.483255,2026-08-05
BABA,128.53,2026-08-07,2,Put,125.00,-2.75%,0.39,0.46,0.54,2579,1527,1.69,46.58%,44.61%,-0.194661,2026-08-05
AVGO,418.28,2026-08-07,2,Put,420.00,+0.41%,7.3,8,8.5,532,316,1.68,53.54%,56.88%,-0.529198,2026-08-05
NVDA,219.22,2026-09-11,37,Call,245.00,-11.76%,3.25,3.62,3.75,556,331,1.68,40.72%,41.20%,0.224433,2026-08-05
SOUN,6.43,2026-09-18,44,Put,6.00,-6.69%,0.5,0.6,0.62,565,337,1.68,95.57%,89.50%,-0.348346,2026-08-05
MU,893.19,2026-08-07,2,Call,"1,005.00",-12.52%,3.2,3.58,3.45,759,451,1.68,85.96%,117.36%,0.094746,2026-08-05
FUTU,110.22,2026-08-07,2,Call,115.00,-4.34%,0.1,0.39,0.81,764,454,1.68,53.26%,60.35%,0.175118,2026-08-05
SPCX,108.27,2026-08-14,9,Put,93.00,-14.10%,1.67,1.69,1.74,1252,746,1.68,92.27%,108.11%,-0.162241,2026-08-05
TSLA,321.55,2026-08-14,9,Put,315.00,-2.04%,5.6,5.58,5.75,1476,876,1.68,43.16%,43.43%,-0.364317,2026-08-05
LCID,6.7,2026-08-07,2,Call,6.50,+2.99%,0.34,0.34,0.4,4800,2858,1.68,108.88%,131.89%,0.641067,2026-08-05
PLTR,158.43,2026-08-14,9,Call,180.00,-13.61%,0.5,0.52,0.55,4406,2641,1.67,49.55%,56.76%,0.084148,2026-08-05
PAAS,48.24,2026-08-21,16,Call,51.00,-5.72%,1.2,1.35,1.55,540,323,1.67,58.06%,60.44%,0.35583,2026-08-05
MU,893.19,2026-08-21,16,Call,810.00,+9.31%,113.6,128.9,119.95,579,347,1.67,85.96%,93.30%,0.727799,2026-08-05
GILD,131.76,2026-08-07,2,Call,131.00,+0.58%,1.2,2.05,2.75,584,350,1.67,30.30%,40.24%,0.583588,2026-08-05
ARM,274.58,2026-08-07,2,Call,310.00,-12.90%,0.72,0.9,0.96,622,373,1.67,85.88%,114.19%,0.08213,2026-08-05
AMZN,272.65,2026-08-21,16,Put,272.50,-0.06%,6.8,7.05,7.15,668,401,1.67,32.01%,31.81%,-0.476147,2026-08-05
QCOM,157.53,2026-08-14,9,Call,185.00,-17.44%,0.32,0.42,0.49,744,446,1.67,55.57%,64.10%,0.061346,2026-08-05
ORCL,144.39,2026-08-07,2,Call,149.00,-3.19%,1.29,1.33,1.4,960,575,1.67,70.94%,71.99%,0.287413,2026-08-05
IONQ,39.93,2026-08-07,2,Put,40.00,+0.18%,2.14,2.24,2.3,1070,640,1.67,100.88%,185.59%,-0.477225,2026-08-05
ZVRA,10.53,2027-12-17,499,Put,12.00,+13.96%,1.3,3.95,6,1427,856,1.67,90.00%,62.56%,-0.414152,2026-08-05
AMD,482.05,2026-08-21,16,Call,495.00,-2.69%,22.45,24.7,23.75,643,387,1.66,68.36%,70.64%,0.462333,2026-08-05
UEC,10.72,2026-11-20,107,Call,14.00,-30.60%,0.86,0.9,0.97,747,450,1.66,79.39%,81.02%,0.358098,2026-08-05
ALAB,318.43,2026-08-21,16,Call,300.00,+5.79%,34,38.75,43,1025,616,1.66,106.69%,108.92%,0.64895,2026-08-05
NG,6.89,2026-12-18,135,Put,7.00,+1.60%,1.15,1.15,1.45,1100,662,1.66,76.66%,77.54%,-0.41194,2026-08-05
CLMT,40.26,2026-08-21,16,Put,40.00,-0.65%,2.15,2.27,2.95,1210,731,1.66,67.59%,79.41%,-0.453186,2026-08-05
SNDK,1350.5,2026-08-07,2,Call,"1,900.00",-40.69%,1.5,1.65,1.65,1646,990,1.66,117.69%,217.39%,0.020702,2026-08-05
FLR,50.42,2026-08-21,16,Call,52.50,-4.13%,2.05,2.58,2.75,2022,1220,1.66,67.01%,77.18%,0.435613,2026-08-05
HNGE,80.79,2026-09-18,44,Call,95.00,-17.59%,1.6,2.45,2.5,3302,1992,1.66,56.55%,56.57%,0.240695,2026-08-05
TSLA,321.55,2026-08-07,2,Call,342.50,-6.52%,0.33,0.33,0.35,3925,2367,1.66,43.16%,54.43%,0.061586,2026-08-05
UBER,68.18,2026-09-18,44,Call,70.00,-2.67%,2.62,2.61,2.71,5215,3139,1.66,34.72%,35.27%,0.453266,2026-08-05
NVDA,219.22,2026-08-14,9,Call,217.50,+0.78%,6.25,6.35,6.4,3780,2293,1.65,40.72%,38.97%,0.568272,2026-08-05
NVDA,219.22,2026-08-21,16,Call,227.50,-3.78%,3.75,3.75,3.85,5251,3179,1.65,40.72%,38.00%,0.34128,2026-08-05
FLNC,14.23,2026-08-21,16,Call,21.00,-47.58%,0.4,0.6,0.7,5687,3447,1.65,153.96%,184.98%,0.209773,2026-08-05
NVDA,219.22,2026-08-14,9,Call,240.00,-9.48%,0.48,0.5,0.51,6978,4228,1.65,40.72%,40.00%,0.081067,2026-08-05
CCOI,12.87,2026-09-18,44,Call,20.00,-55.40%,0.4,0.35,0.65,512,311,1.65,130.75%,122.10%,0.206189,2026-08-05
STTK,7.37,2026-08-21,16,Put,7.50,+1.76%,0.25,0.65,0.8,750,454,1.65,130.34%,74.64%,-0.510407,2026-08-05
CDE,17.43,2026-08-14,9,Call,14.50,+16.81%,3,3.1,3.2,786,476,1.65,75.44%,102.49%,0.890364,2026-08-05
AAPL,311,2026-08-14,9,Put,332.50,+6.91%,20.9,22.56,22.85,1002,606,1.65,26.23%,30.01%,-0.922061,2026-08-05
ASTS,68.38,2026-08-07,2,Call,77.00,-12.61%,0.3,0.34,0.41,1020,617,1.65,109.04%,128.83%,0.115979,2026-08-05
NBIS,218.99,2026-08-07,2,Put,205.00,-6.39%,3.9,4.5,4.5,1280,777,1.65,133.20%,154.02%,-0.261843,2026-08-05
SPCX,108.27,2026-09-18,44,Put,55.00,-49.20%,0.25,0.3,0.3,1612,977,1.65,92.27%,101.71%,-0.017591,2026-08-05
KO,86.83,2028-01-21,534,Put,80.00,-7.87%,4.55,5.3,5.45,501,305,1.64,20.33%,21.96%,-0.298638,2026-08-05
SPCX,108.27,2026-08-14,9,Call,121.00,-11.76%,3.2,3.29,3.3,569,348,1.64,92.27%,112.16%,0.295256,2026-08-05
LLY,1169.86,2026-08-07,2,Call,"1,280.00",-9.41%,0.25,0.36,0.36,615,375,1.64,35.66%,56.89%,0.017377,2026-08-05
MSFT,487.46,2026-08-10,5,Put,445.00,-8.71%,0.12,0.17,0.23,643,392,1.64,29.87%,38.88%,-0.021011,2026-08-05
MU,893.19,2026-08-07,2,Put,785.00,-12.11%,2.96,3,3.2,684,416,1.64,85.96%,127.36%,-0.078005,2026-08-05
AMD,482.05,2026-08-14,9,Call,650.00,-34.84%,0.22,0.4,0.55,937,572,1.64,68.36%,86.73%,0.017008,2026-08-05
RKLB,74.82,2026-08-07,2,Put,72.00,-3.77%,1.02,1.02,1.24,1029,629,1.64,99.09%,104.81%,-0.295867,2026-08-05
GLNG,50.21,2026-11-20,107,Call,55.00,-9.54%,2.1,2.44,2.8,1264,769,1.64,42.53%,38.44%,0.377088,2026-08-05
AMD,482.05,2026-08-07,2,Call,510.00,-5.80%,3.4,3.8,3.8,2351,1437,1.64,68.36%,89.25%,0.206907,2026-08-05
GIS,35.93,2026-09-18,44,Put,35.00,-2.59%,1,1.12,1.2,5056,3088,1.64,32.69%,30.06%,-0.390296,2026-08-05
SPCX,108.27,2026-08-07,2,Put,86.00,-20.57%,0.13,0.17,0.16,3093,1896,1.63,92.27%,167.10%,-0.027115,2026-08-05
CVX,186.41,2026-08-07,2,Put,185.00,-0.76%,1.05,1.07,1.15,3431,2103,1.63,27.18%,31.24%,-0.366989,2026-08-05
MSTR,98.37,2026-08-07,2,Call,99.00,-0.64%,1.97,2.21,2.24,20186,12351,1.63,72.64%,82.30%,0.471667,2026-08-05
AVT,97.22,2026-08-21,16,Call,95.00,+2.28%,4.7,5.9,6.1,523,321,1.63,49.79%,51.69%,0.608533,2026-08-05
CVNA,69.48,2026-09-18,44,Call,75.00,-7.94%,3.55,3.65,3.9,537,329,1.63,60.36%,59.86%,0.404213,2026-08-05
DIS,101.76,2026-08-21,16,Put,99.00,-2.71%,0.99,1.1,1.15,578,355,1.63,25.95%,26.11%,-0.295873,2026-08-05
KTOS,55.34,2026-08-14,9,Call,60.00,-8.42%,1.05,1.27,1.25,687,421,1.63,71.79%,80.06%,0.283234,2026-08-05
SPCX,108.27,2026-08-21,16,Put,101.00,-6.71%,5.5,5.68,5.65,747,457,1.63,92.27%,100.86%,-0.329552,2026-08-05
SMCI,30.32,2026-08-07,2,Put,29.50,-2.70%,0.44,0.47,0.51,839,514,1.63,99.98%,93.17%,-0.331933,2026-08-05
DDOG,283.17,2026-08-07,2,Call,360.00,-27.13%,1.25,1.45,1.63,951,584,1.63,79.81%,214.26%,0.075919,2026-08-05
CRCL,63.28,2026-08-07,2,Put,56.00,-11.50%,0.1,0.12,0.18,1575,968,1.63,86.26%,109.83%,-0.061021,2026-08-05
FISV,54.11,2026-08-07,2,Call,60.00,-10.89%,0.55,0.61,0.85,1670,1027,1.63,55.26%,158.77%,0.206451,2026-08-05
CRBP,9.57,2026-12-18,135,Call,12.50,-30.62%,1.75,1.9,2.1,2018,1241,1.63,112.51%,120.34%,0.508132,2026-08-05
TSLA,321.55,2026-08-10,5,Call,337.50,-4.96%,1.3,1.36,1.35,707,436,1.62,43.16%,41.05%,0.165185,2026-08-05
XPEV,11.75,2026-08-07,2,Put,11.50,-2.13%,0,0.11,0.18,748,463,1.62,62.80%,55.37%,-0.291312,2026-08-05
SPCX,108.27,2026-08-14,9,Call,210.00,-93.96%,0.15,0.16,0.18,1269,781,1.62,92.27%,184.26%,0.016116,2026-08-05
NEE,85.91,2026-08-07,2,Call,86.00,-0.10%,0.44,0.58,0.66,1393,861,1.62,23.27%,23.33%,0.480167,2026-08-05
KTOS,55.34,2026-08-21,16,Call,50.00,+9.65%,6,6.7,7.5,1471,907,1.62,71.79%,76.80%,0.764685,2026-08-05
TSLA,321.55,2026-08-14,9,Call,370.00,-15.07%,0.54,0.57,0.57,1583,979,1.62,43.16%,52.97%,0.051019,2026-08-05
GOOG,360.13,2026-08-07,2,Call,367.50,-2.05%,1.7,1.84,1.83,1929,1192,1.62,33.39%,41.95%,0.264006,2026-08-05
INSM,99.02,2026-08-21,16,Put,95.00,-4.06%,4.4,5.7,5.7,2000,1237,1.62,75.17%,85.72%,-0.371427,2026-08-05
AMZN,272.65,2026-08-10,5,Put,270.00,-0.97%,2.55,2.62,2.81,2003,1233,1.62,32.01%,30.87%,-0.3821,2026-08-05
META,588.77,2026-08-07,2,Call,650.00,-10.40%,0.18,0.2,0.21,3185,1964,1.62,38.26%,63.85%,0.019437,2026-08-05
SPCX,108.27,2026-09-18,44,Put,115.00,+6.22%,16.95,17.2,17.15,17647,10873,1.62,92.27%,88.98%,-0.51227,2026-08-05
TSLA,321.55,2026-08-07,2,Call,310.00,+3.59%,12.2,12.8,12.65,4806,2991,1.61,43.16%,46.88%,0.859329,2026-08-05
MRVL,211.02,2026-09-18,44,Call,280.00,-32.69%,8.4,8.95,9.65,9200,5697,1.61,92.95%,95.91%,0.251397,2026-08-05
MU,893.19,2026-12-18,135,Put,930.00,+4.12%,190.9,185.4,200,500,311,1.61,85.96%,83.78%,-0.423248,2026-08-05
TTWO,234.91,2026-11-20,107,Call,220.00,+6.35%,35,35,36.3,557,345,1.61,56.05%,53.51%,0.659165,2026-08-05
TSLA,321.55,2026-08-12,7,Call,335.00,-4.18%,2.93,2.92,3,779,484,1.61,43.16%,43.42%,0.261131,2026-08-05
SPCX,108.27,2026-08-14,9,Put,107.00,-1.17%,6.6,6.6,6.75,854,530,1.61,92.27%,108.93%,-0.436921,2026-08-05
BULL,7.38,2026-08-21,16,Put,7.00,-5.15%,0.2,0.25,0.29,972,602,1.61,72.69%,68.54%,-0.326503,2026-08-05
WDC,519.17,2026-08-07,2,Put,400.00,-22.95%,0.58,0.63,0.65,1285,798,1.61,96.06%,181.96%,-0.022504,2026-08-05
FLUT,92.91,2026-09-18,44,Call,115.00,-23.78%,0.1,0.95,1.6,1379,857,1.61,48.11%,47.81%,0.119992,2026-08-05
CRWV,89.89,2026-08-07,2,Put,82.00,-8.78%,0.52,0.57,0.59,1442,893,1.61,106.35%,117.45%,-0.135163,2026-08-05
SPCX,108.27,2026-08-07,2,Call,131.00,-20.99%,0.52,0.55,0.55,2820,1754,1.61,92.27%,179.19%,0.085502,2026-08-05
MU,893.19,2026-08-07,2,Call,"1,010.00",-13.08%,2.88,3.03,3.1,923,578,1.6,85.96%,117.83%,0.086377,2026-08-05
SNDK,1350.5,2026-08-07,2,Put,"1,350.00",-0.04%,80,82.12,88.4,963,602,1.6,117.69%,212.33%,-0.467333,2026-08-05
GOOG,360.13,2026-08-07,2,Call,382.50,-6.21%,0.19,0.22,0.23,1171,731,1.6,33.39%,46.54%,0.042107,2026-08-05
AMD,482.05,2026-11-20,107,Call,630.00,-30.69%,29.1,31.34,32.7,1217,761,1.6,68.36%,70.36%,0.314684,2026-08-05
CRM,192.98,2026-08-07,2,Put,190.00,-1.54%,1.92,1.95,2.36,1226,767,1.6,49.80%,60.77%,-0.355169,2026-08-05
MCD,274,2026-08-07,2,Call,282.50,-3.10%,0.25,0.24,0.44,1361,853,1.6,23.12%,33.00%,0.108169,2026-08-05
SPCX,108.27,2026-08-07,2,Call,80.00,+26.11%,26.85,28.1,29.4,1525,951,1.6,92.27%,137.85%,0.998725,2026-08-05
META,588.77,2026-08-07,2,Call,587.50,+0.22%,8.35,9.2,9.5,1860,1159,1.6,38.26%,47.33%,0.533573,2026-08-05
LCID,6.7,2026-08-07,2,Call,7.00,-4.48%,0.14,0.15,0.16,3897,2440,1.6,108.88%,135.44%,0.350174,2026-08-05
MSTR,98.37,2026-08-14,9,Call,100.00,-1.66%,3.7,3.75,3.9,4304,2684,1.6,72.64%,72.96%,0.468766,2026-08-05
DHT,17.87,2026-08-21,16,Call,18.00,-0.73%,0.9,0.99,1.15,5806,3633,1.6,61.38%,75.09%,0.502345,2026-08-05
GOOGL,362.43,2026-08-07,2,Call,380.00,-4.85%,0.4,0.41,0.41,15026,9382,1.6,33.79%,44.16%,0.076919,2026-08-05
ERII,8.86,2026-08-21,16,Put,7.50,-15.35%,0.1,0.2,0.2,585,369,1.59,92.12%,88.68%,-0.159103,2026-08-05
SPCX,108.27,2026-09-04,30,Put,85.00,-21.49%,2.42,2.54,2.57,756,474,1.59,92.27%,93.38%,-0.14732,2026-08-05
INSW,90.71,2026-08-21,16,Call,90.00,+0.78%,5.2,6.48,6.1,788,495,1.59,60.23%,73.78%,0.536016,2026-08-05
TSLA,321.55,2026-08-12,7,Put,300.00,-6.70%,1.17,1.18,1.22,996,625,1.59,43.16%,44.20%,-0.120137,2026-08-05
RIOT,21.5,2026-08-14,9,Put,17.00,-20.93%,0.11,0.19,0.3,1147,722,1.59,107.82%,124.22%,-0.095816,2026-08-05
GME,19.01,2026-09-18,44,Put,15.00,-21.09%,0.07,0.11,0.22,1470,927,1.59,39.47%,52.32%,-0.084756,2026-08-05
POET,8.09,2026-08-14,9,Put,8.50,+5.07%,0.79,0.95,0.98,2167,1362,1.59,115.58%,128.05%,-0.556502,2026-08-05
NEM,104.29,2026-08-07,2,Call,107.00,-2.60%,0.39,0.6,0.77,2330,1461,1.59,42.32%,50.46%,0.253203,2026-08-05
SCHW,108.02,2026-08-14,9,Call,110.00,-1.83%,0.77,0.9,1.03,523,331,1.58,23.73%,24.72%,0.332384,2026-08-05
BG,106.62,2026-10-16,72,Put,110.00,+3.17%,7.5,7.5,9.1,594,375,1.58,32.10%,34.56%,-0.544832,2026-08-05
AMZN,272.65,2026-08-14,9,Put,245.00,-10.14%,0.25,0.25,0.29,595,377,1.58,32.01%,39.57%,-0.038761,2026-08-05
GDDY,91.77,2026-08-21,16,Call,110.00,-19.86%,0,0.2,0.5,595,377,1.58,48.68%,53.10%,0.059401,2026-08-05
BE,234.33,2026-08-21,16,Put,235.00,+0.29%,22.15,23.37,25.3,839,530,1.58,117.71%,120.57%,-0.452312,2026-08-05
MSTR,98.37,2026-08-14,9,Call,111.00,-12.84%,0.96,1.03,1.15,861,545,1.58,72.64%,76.68%,0.174711,2026-08-05
CRWD,209.86,2026-08-07,2,Call,212.50,-1.26%,2.7,3.1,3.15,871,550,1.58,61.91%,65.65%,0.409479,2026-08-05
GOOGL,362.43,2026-08-10,5,Call,380.00,-4.85%,0.72,0.9,1.07,1224,775,1.58,33.79%,34.33%,0.125744,2026-08-05
META,588.77,2026-08-07,2,Call,620.00,-5.30%,1.04,1.16,1.16,3848,2438,1.58,38.26%,53.66%,0.100799,2026-08-05
DKNG,21.76,2026-08-07,2,Put,22.00,+1.10%,0.99,1.1,1.15,4719,2983,1.58,66.55%,146.69%,-0.518054,2026-08-05
DKNG,21.76,2026-08-07,2,Call,24.00,-10.29%,0.28,0.31,0.31,6904,4364,1.58,66.55%,156.73%,0.216243,2026-08-05
GOOG,360.13,2026-10-16,72,Call,400.00,-11.07%,8.4,8.65,8.85,7243,4584,1.58,33.39%,33.57%,0.279523,2026-08-05
GOOG,360.13,2026-08-07,2,Call,380.00,-5.52%,0.26,0.28,0.3,7467,4723,1.58,33.39%,44.93%,0.055638,2026-08-05
DELL,462.7,2026-08-07,2,Call,500.00,-8.06%,2.27,2.58,2.58,3334,2130,1.57,88.76%,96.35%,0.147054,2026-08-05
NVDA,219.22,2026-08-14,9,Call,212.50,+3.07%,9.4,9.35,9.55,13365,8497,1.57,40.72%,39.53%,0.707154,2026-08-05
SPCX,108.27,2028-12-15,863,Call,50.00,+53.82%,71.25,71.9,73.05,596,379,1.57,92.27%,73.61%,0.909318,2026-08-05
CRCL,63.28,2026-08-14,9,Put,58.00,-8.34%,0.8,1.27,1.39,715,454,1.57,86.26%,80.32%,-0.223551,2026-08-05
SMCI,30.32,2026-08-07,2,Put,32.00,+5.54%,1.82,1.92,2.04,805,512,1.57,99.98%,91.35%,-0.777061,2026-08-05
SPCX,108.27,2026-08-14,9,Put,106.00,-2.10%,6.1,6.2,6.25,1067,679,1.57,92.27%,108.83%,-0.415366,2026-08-05
ANET,197.31,2026-08-07,2,Put,180.00,-8.77%,0.26,0.45,0.52,1218,774,1.57,61.54%,85.60%,-0.068938,2026-08-05
KD,13.9,2026-08-21,16,Call,15.00,-7.91%,0.25,0.28,0.4,1282,815,1.57,58.79%,61.62%,0.303781,2026-08-05
KNX,70.81,2026-08-21,16,Call,75.00,-5.92%,0.7,0.65,0.9,1530,975,1.57,33.82%,37.68%,0.249597,2026-08-05
IREN,38.89,2026-08-07,2,Call,44.50,-14.43%,0.17,0.22,0.21,1634,1042,1.57,114.90%,138.70%,0.103967,2026-08-05
GME,19.01,2026-08-21,16,Put,18.00,-5.31%,0.14,0.19,0.19,1674,1064,1.57,39.47%,33.17%,-0.212501,2026-08-05
ZTS,74.39,2026-08-21,16,Call,90.00,-20.98%,0.45,0.55,0.8,1714,1093,1.57,56.29%,72.57%,0.119741,2026-08-05
CMPS,13.58,2026-11-20,107,Call,14.00,-3.09%,2.4,2.55,2.7,2080,1321,1.57,76.20%,91.40%,0.582648,2026-08-05
U,35.47,2026-08-14,9,Put,27.00,-23.88%,0.11,0.23,0.46,501,321,1.56,90.44%,132.80%,-0.078282,2026-08-05
APP,417.8,2026-08-07,2,Call,470.00,-12.49%,7.6,7.95,8.3,534,342,1.56,81.90%,199.92%,0.235666,2026-08-05
BA,240.19,2028-12-15,863,Put,230.00,-4.24%,35.3,37.89,38.3,824,528,1.56,32.48%,32.24%,-0.343526,2026-08-05
META,588.77,2026-09-18,44,Call,"1,320.00",-124.20%,0.01,0.13,0.26,836,536,1.56,38.26%,79.97%,0.002949,2026-08-05
LLY,1169.86,2026-08-07,2,Put,"1,050.00",-10.25%,0.05,0.1,0.19,1407,903,1.56,35.66%,60.01%,-0.006971,2026-08-05
META,588.77,2026-08-07,2,Put,540.00,-8.28%,0.13,0.15,0.18,1415,906,1.56,38.26%,55.97%,-0.017356,2026-08-05
HOOD,92.8,2026-08-07,2,Put,91.00,-1.94%,1.13,1.06,1.38,1760,1127,1.56,66.81%,75.03%,-0.350637,2026-08-05
PLTR,158.43,2026-08-14,9,Put,150.00,-5.32%,1.88,1.94,1.98,3418,2195,1.56,49.55%,52.91%,-0.239103,2026-08-05
AMD,482.05,2026-08-07,2,Call,520.00,-7.87%,2.05,2.32,2.32,4251,2722,1.56,68.36%,90.63%,0.137147,2026-08-05
SNAP,5.33,2026-08-14,9,Call,5.50,-3.19%,0.13,0.14,0.16,6364,4069,1.56,56.71%,64.23%,0.400495,2026-08-05
PLTR,158.43,2026-08-07,2,Call,160.00,-0.99%,2.24,2.24,2.3,23615,15099,1.56,49.55%,63.31%,0.427489,2026-08-05
U,35.47,2026-08-07,2,Call,40.00,-12.77%,1.03,1.11,1.18,4390,2841,1.55,90.44%,252.43%,0.291556,2026-08-05
DIS,101.76,2026-08-07,2,Call,105.00,-3.18%,0.14,0.18,0.18,4419,2860,1.55,25.95%,35.82%,0.121512,2026-08-05
AAL,16.58,2026-09-18,44,Put,14.00,-15.56%,0.23,0.25,0.3,7200,4657,1.55,50.30%,52.91%,-0.153366,2026-08-05
MKSI,313.1,2026-08-21,16,Call,350.00,-11.79%,12,13.28,14.9,517,334,1.55,92.39%,101.34%,0.340033,2026-08-05
FRMI,6.19,2026-08-07,2,Call,2.00,+67.69%,3.9,4.3,4.5,585,377,1.55,137.04%,704.52%,0.992395,2026-08-05
CLF,12.65,2028-01-21,534,Call,5.00,+60.47%,8.1,8.27,8.65,967,622,1.55,66.24%,86.68%,0.91063,2026-08-05
SNAP,5.33,2026-08-28,23,Call,5.50,-3.19%,0.22,0.25,0.26,1179,761,1.55,56.71%,57.74%,0.44891,2026-08-05
COST,941.99,2026-08-21,16,Put,870.00,-7.64%,0.8,1.27,1.68,512,333,1.54,22.79%,24.92%,-0.057801,2026-08-05
MRVL,211.02,2026-12-18,135,Put,155.00,-26.55%,14.7,16.3,17.5,601,391,1.54,92.95%,88.50%,-0.193792,2026-08-05
AMD,482.05,2026-10-16,72,Call,490.00,-1.65%,55,56.8,57.55,637,414,1.54,68.36%,68.37%,0.548574,2026-08-05
TXN,277.72,2026-08-21,16,Call,315.00,-13.42%,1.19,2.09,2.25,706,458,1.54,49.80%,49.78%,0.125022,2026-08-05
JPM,359.24,2026-08-07,2,Put,355.00,-1.18%,0.79,0.9,1.17,747,486,1.54,21.26%,24.39%,-0.25076,2026-08-05
SPCX,108.27,2026-08-14,9,Call,122.00,-12.68%,3,3.1,3.1,862,559,1.54,92.27%,112.69%,0.280531,2026-08-05
AMD,482.05,2026-09-11,37,Call,590.00,-22.39%,11.05,12.3,13,863,562,1.54,68.36%,69.85%,0.217508,2026-08-05
GLW,156.7,2026-08-07,2,Call,175.00,-11.68%,0.12,0.35,0.51,910,591,1.54,77.35%,96.61%,0.065972,2026-08-05
AMZN,272.65,2026-08-07,2,Put,290.00,+6.36%,17.05,17.99,18.05,1364,886,1.54,32.01%,51.39%,-0.946387,2026-08-05
JOBY,7.8,2026-08-07,2,Put,7.50,-3.85%,0.22,0.22,0.26,1406,911,1.54,87.49%,164.54%,-0.350351,2026-08-05
NVO,44.53,2026-08-07,2,Call,46.00,-3.30%,0.09,0.12,0.18,1504,979,1.54,35.58%,45.58%,0.170584,2026-08-05
SPCX,108.27,2026-08-14,9,Call,100.00,+7.64%,11.45,12.01,12.45,1564,1016,1.54,92.27%,107.38%,0.712581,2026-08-05
CLF,12.65,2026-08-07,2,Put,12.50,-1.19%,0.21,0.25,0.28,2002,1299,1.54,66.24%,84.80%,-0.41183,2026-08-05
RKLB,74.82,2026-08-07,2,Call,77.00,-2.91%,1.38,1.45,1.53,2065,1345,1.54,99.09%,106.33%,0.373323,2026-08-05
VZ,46.47,2026-08-07,2,Call,45.00,+3.16%,0.81,1.44,1.8,2114,1372,1.54,26.08%,24.78%,0.962603,2026-08-05
CDW,140.1,2026-08-21,16,Put,130.00,-7.21%,0.8,1.41,2.55,2657,1722,1.54,43.00%,46.87%,-0.206277,2026-08-05
NVDA,219.22,2026-10-16,72,Put,215.00,-1.93%,12.85,12.77,13.6,3027,1961,1.54,40.72%,41.23%,-0.410984,2026-08-05
PLTR,158.43,2026-08-14,9,Call,175.00,-10.46%,0.9,0.91,0.96,3756,2445,1.54,49.55%,55.41%,0.137941,2026-08-05
DJT,9.96,2026-11-20,107,Call,20.00,-100.80%,0.34,0.5,0.54,11541,7482,1.54,87.45%,105.71%,0.180827,2026-08-05
SPCX,108.27,2026-08-14,9,Put,100.00,-7.64%,3.55,3.6,3.7,17676,11528,1.53,92.27%,107.92%,-0.288337,2026-08-05
AMD,482.05,2026-08-07,2,Call,552.50,-14.61%,0.34,0.48,0.56,530,347,1.53,68.36%,98.43%,0.033408,2026-08-05
ETSY,85.86,2026-08-07,2,Call,85.00,+1.00%,6.3,6.18,6.9,656,429,1.53,80.67%,244.21%,0.558505,2026-08-05
PLTR,158.43,2026-08-14,9,Put,162.50,+2.57%,7.35,7.51,7.65,663,432,1.53,49.55%,52.71%,-0.601623,2026-08-05
SHOP,144.24,2026-08-21,16,Call,175.00,-21.33%,0.21,0.38,0.57,673,441,1.53,55.16%,55.78%,0.056675,2026-08-05
WULF,18.07,2027-12-17,499,Call,12.00,+33.59%,9.55,10,10.7,871,571,1.53,97.67%,144.34%,0.76504,2026-08-05
CRCL,63.28,2026-08-07,2,Put,63.00,-0.44%,1.74,1.9,2.08,1030,675,1.53,86.26%,110.11%,-0.461288,2026-08-05
USB,64.21,2026-08-07,2,Call,64.00,+0.33%,0.52,0.85,0.77,1119,731,1.53,22.57%,28.14%,0.566952,2026-08-05
APH,172.24,2026-08-21,16,Put,140.00,-18.72%,0.35,0.25,0.5,1188,776,1.53,49.99%,60.97%,-0.044835,2026-08-05
STM,52.77,2027-01-15,163,Call,55.00,-4.23%,8.4,8.85,9,1326,869,1.53,67.45%,66.62%,0.563085,2026-08-05
EXPE,319.66,2026-08-07,2,Put,280.00,-12.41%,1.2,2.75,2.9,1396,911,1.53,59.79%,153.79%,-0.110856,2026-08-05
MSTR,98.37,2026-08-07,2,Call,108.00,-9.79%,0.14,0.25,0.29,1911,1246,1.53,72.64%,86.61%,0.077553,2026-08-05
FRVO,22.05,2026-09-18,44,Call,25.00,-13.38%,2.15,2.74,2.65,2000,1308,1.53,110.39%,112.98%,0.455164,2026-08-05
IBM,235.92,2026-08-07,2,Put,222.50,-5.69%,0.07,0.11,0.55,569,375,1.52,39.27%,54.86%,-0.07165,2026-08-05
VISN,12.35,2026-08-21,16,Put,12.00,-2.83%,0.35,0.35,1.25,803,528,1.52,57.33%,95.86%,-0.401255,2026-08-05
CRCL,63.28,2026-08-07,2,Call,73.00,-15.36%,0.16,0.22,0.27,831,545,1.52,86.26%,132.32%,0.079581,2026-08-05
SPCX,108.27,2026-08-21,16,Call,114.00,-5.29%,6.85,7.1,7,840,551,1.52,92.27%,102.01%,0.449363,2026-08-05
HOOD,92.8,2026-08-14,9,Put,90.00,-3.02%,2.41,2.45,2.71,920,604,1.52,66.81%,66.88%,-0.362623,2026-08-05
FISV,54.11,2026-08-07,2,Put,54.00,-0.20%,2,2.25,2.4,1023,674,1.52,55.26%,141.61%,-0.470748,2026-08-05
GOOGL,362.43,2026-12-18,135,Put,365.00,+0.71%,28.7,30.21,31,1049,690,1.52,33.79%,34.94%,-0.45422,2026-08-05
SPCX,108.27,2026-08-14,9,Call,105.00,+3.02%,8.55,9,9.45,1484,975,1.52,92.27%,107.87%,0.606827,2026-08-05
TSLA,321.55,2026-08-07,2,Call,347.50,-8.07%,0.19,0.2,0.21,2013,1321,1.52,43.16%,57.82%,0.036959,2026-08-05
GOOGL,362.43,2026-08-14,9,Call,400.00,-10.37%,0.45,0.48,0.53,3245,2137,1.52,33.79%,38.14%,0.054459,2026-08-05
BTG,4.1,2026-08-07,2,Call,4.00,+2.44%,0.2,0.25,0.3,3710,2437,1.52,65.82%,163.80%,0.60446,2026-08-05
CIFR,18.71,2026-08-14,9,Call,19.00,-1.55%,1.1,1.44,1.44,16108,10615,1.52,118.19%,118.95%,0.506313,2026-08-05
AAPL,311,2026-08-07,2,Call,320.00,-2.89%,0.54,0.55,0.58,27836,18314,1.52,26.23%,34.86%,0.138769,2026-08-05
SBUX,106,2026-08-07,2,Call,109.00,-2.83%,0.19,0.28,0.24,3893,2574,1.51,26.88%,35.78%,0.149646,2026-08-05
AMD,482.05,2026-08-14,9,Put,440.00,-8.72%,5.8,6.42,6.75,528,349,1.51,68.36%,72.88%,-0.194393,2026-08-05
MNKD,4.1,2026-09-11,37,Call,1.00,+75.61%,2.65,3.17,5.2,558,369,1.51,83.55%,"1,058.26%",0.982339,2026-08-05
FRMI,6.19,2026-08-07,2,Call,1.50,+75.77%,4.4,4.78,5.1,584,388,1.51,137.04%,"1,202.67%",0.979207,2026-08-05
DDOG,283.17,2026-10-16,72,Call,360.00,-27.13%,11.55,13.5,14.15,911,602,1.51,79.81%,69.85%,0.275854,2026-08-05
NBIS,218.99,2026-08-21,16,Call,290.00,-32.43%,5.95,8.61,9.4,1727,1140,1.51,133.20%,147.38%,0.226361,2026-08-05
NVDA,219.22,2026-08-14,9,Put,202.50,-7.63%,0.72,0.67,0.74,2398,1584,1.51,40.72%,41.57%,-0.103986,2026-08-05
APP,417.8,2026-08-07,2,Put,420.00,+0.53%,23.7,25.22,27.1,530,354,1.5,81.90%,196.81%,-0.484886,2026-08-05
GOOGL,362.43,2026-08-21,16,Put,352.50,-2.74%,5.65,6.15,6.35,579,385,1.5,33.79%,34.80%,-0.331775,2026-08-05
AMD,482.05,2026-11-20,107,Call,480.00,+0.43%,74.5,77,76.9,621,413,1.5,68.36%,70.03%,0.591183,2026-08-05
XE,19.05,2026-09-18,44,Put,15.00,-21.26%,0.75,0.9,0.95,752,503,1.5,109.81%,101.13%,-0.192847,2026-08-05
RFL,2.03,2026-09-18,44,Call,5.0000,-146.31%,0.05,0.25,0.3,765,510,1.5,233.68%,237.78%,0.250229,2026-08-05
TSLA,321.55,2026-09-04,30,Call,320.00,+0.48%,17.05,17.25,17.3,832,555,1.5,43.16%,43.38%,0.549961,2026-08-05
OSCR,30.11,2026-08-07,2,Call,31.00,-2.96%,1.4,1.45,1.59,860,573,1.5,88.06%,211.31%,0.457482,2026-08-05
ASTS,68.38,2026-08-07,2,Put,66.00,-3.48%,1.1,1.25,1.29,874,581,1.5,109.04%,110.22%,-0.316619,2026-08-05
INTC,101.06,2026-08-07,2,Call,71.00,+29.74%,29.25,31.26,31.25,905,602,1.5,80.64%,252.33%,0.976361,2026-08-05
MU,893.19,2026-08-14,9,Call,920.00,-3.00%,40.65,41.75,41.5,1060,708,1.5,85.96%,93.57%,0.451496,2026-08-05
AMZN,272.65,2026-08-14,9,Call,277.50,-1.78%,3.7,3.85,3.95,1209,805,1.5,32.01%,33.91%,0.386768,2026-08-05
ANET,197.31,2026-08-07,2,Call,220.00,-11.50%,0.2,0.29,0.37,1330,885,1.5,61.54%,89.08%,0.053169,2026-08-05
NVDA,219.22,2026-10-16,72,Put,225.00,+2.64%,18.15,18,18.8,2366,1581,1.5,40.72%,41.08%,-0.510804,2026-08-05
AAPL,311,2026-08-10,5,Call,320.00,-2.89%,0.85,0.9,0.96,4665,3108,1.5,26.23%,25.80%,0.180104,2026-08-05
MU,893.19,2026-08-07,2,Call,"1,100.00",-23.15%,0.55,0.56,0.58,4776,3191,1.5,85.96%,131.58%,0.01843,2026-08-05
AMD,482.05,2026-09-18,44,Put,340.00,-29.47%,2.92,3.2,3.4,7581,5058,1.5,68.36%,69.89%,-0.057406,2026-08-05
LRCX,307.42,2026-08-21,16,Call,355.00,-15.48%,5.75,7.34,7.35,5216,3498,1.49,78.69%,82.53%,0.230163,2026-08-05
TSLA,321.55,2026-08-07,2,Call,340.00,-5.74%,0.45,0.46,0.47,15129,10122,1.49,43.16%,53.05%,0.081347,2026-08-05
RIOT,21.5,2026-08-21,16,Call,25.00,-16.28%,0.85,1,0.95,34706,23274,1.49,107.82%,114.54%,0.30767,2026-08-05
ALAB,318.43,2026-08-07,2,Call,360.00,-13.05%,0.69,2.5,2.86,516,347,1.49,106.69%,134.50%,0.118863,2026-08-05
TSLA,321.55,2026-09-04,30,Call,355.00,-10.40%,5.55,6,5.7,700,471,1.49,43.16%,44.52%,0.24577,2026-08-05
DDOG,283.17,2026-08-07,2,Call,290.00,-2.41%,15,17.85,17.6,1320,883,1.49,79.81%,230.73%,0.47886,2026-08-05
MU,893.19,2026-08-07,2,Put,930.00,+4.12%,49,48.85,54.75,582,394,1.48,85.96%,111.72%,-0.671995,2026-08-05
UBER,68.18,2027-06-17,316,Call,77.50,-13.67%,6.55,7.7,8.25,641,434,1.48,34.72%,39.44%,0.471456,2026-08-05
KHC,25.73,2026-08-07,2,Call,25.50,+0.89%,0.37,0.43,0.98,729,494,1.48,32.25%,73.28%,0.575492,2026-08-05
AMD,482.05,2026-08-14,9,Put,430.00,-10.80%,4.15,4.5,4.95,779,527,1.48,68.36%,74.39%,-0.148331,2026-08-05
GOOGL,362.43,2026-08-28,23,Call,380.00,-4.85%,5.8,6.13,6.4,824,555,1.48,33.79%,34.40%,0.315446,2026-08-05
AMZN,272.65,2026-08-07,2,Call,220.00,+19.31%,52.05,51.64,53.05,941,637,1.48,32.01%,96.08%,0.998871,2026-08-05
APTV,47.01,2026-08-21,16,Call,50.00,-6.36%,0.75,0.85,0.9,1224,829,1.48,45.36%,48.37%,0.290707,2026-08-05
UPST,30.2,2026-08-07,2,Call,33.00,-9.27%,0.03,0.1,0.14,1504,1014,1.48,71.05%,88.64%,0.094154,2026-08-05
OXY,53.81,2026-08-07,2,Put,54.00,+0.35%,1.08,1.25,1.38,1533,1038,1.48,37.25%,71.31%,-0.515491,2026-08-05
AMD,482.05,2026-08-14,9,Call,600.00,-24.47%,1.13,1.25,1.33,1770,1194,1.48,68.36%,81.28%,0.050089,2026-08-05
BE,234.33,2026-09-18,44,Put,100.00,-57.33%,0.78,0.92,1,2210,1498,1.48,117.71%,133.73%,-0.018988,2026-08-05
AMZN,272.65,2026-12-18,135,Call,410.00,-50.38%,1,0.97,1.16,2285,1544,1.48,32.01%,36.26%,0.04696,2026-08-05
AMAT,534.24,2026-09-18,44,Call,700.00,-31.03%,15.95,18.16,20.2,2609,1762,1.48,84.03%,85.33%,0.226338,2026-08-05
WFC,89.17,2026-08-07,2,Call,90.00,-0.93%,0.27,0.33,0.33,3014,2038,1.48,23.97%,23.71%,0.303554,2026-08-05
CPRI,16.02,2027-01-15,163,Call,20.00,-24.84%,1.1,1.2,1.25,9077,6115,1.48,54.12%,55.16%,0.355261,2026-08-05
NVDA,219.22,2026-08-10,5,Call,220.00,-0.36%,3.2,3.25,3.35,12729,8576,1.48,40.72%,35.19%,0.477999,2026-08-05
INTC,101.06,2026-08-07,2,Call,110.00,-8.85%,0.48,0.49,0.52,20571,13897,1.48,80.64%,100.52%,0.13571,2026-08-05
SPCX,108.27,2026-08-14,9,Put,85.00,-21.49%,0.58,0.6,0.63,3744,2553,1.47,92.27%,110.30%,-0.068305,2026-08-05
BABA,128.53,2026-08-14,9,Put,125.00,-2.75%,1.66,1.81,1.96,667,455,1.47,46.58%,41.36%,-0.321503,2026-08-05
ANET,197.31,2026-08-07,2,Call,215.00,-8.97%,0.36,0.59,1,917,622,1.47,61.54%,91.35%,0.108774,2026-08-05
HOOD,92.8,2026-08-07,2,Put,89.00,-4.09%,0.6,0.55,0.73,999,680,1.47,66.81%,75.53%,-0.217976,2026-08-05
PCT,6.87,2026-08-14,9,Put,6.50,-5.39%,0.35,0.4,0.55,1040,708,1.47,111.84%,148.39%,-0.360417,2026-08-05
MU,893.19,2026-08-07,2,Call,980.00,-9.72%,5.55,5.69,5.9,1197,815,1.47,85.96%,115.81%,0.149888,2026-08-05
SPCX,108.27,2026-08-14,9,Put,118.00,+8.99%,13.15,13.7,14,505,347,1.46,92.27%,110.71%,-0.657242,2026-08-05
CIFR,18.71,2026-10-16,72,Call,15.00,+19.83%,5.6,5.72,6.5,661,454,1.46,118.19%,131.48%,0.752707,2026-08-05
SPCX,108.27,2026-08-14,9,Put,121.00,+11.76%,15.3,16,16.35,670,458,1.46,92.27%,111.12%,-0.707859,2026-08-05
FLUT,92.91,2026-09-18,44,Call,110.00,-18.39%,1.3,1.31,1.9,732,502,1.46,48.11%,49.90%,0.194276,2026-08-05
ETSY,85.86,2026-08-07,2,Call,93.00,-8.32%,2.99,3.26,3.55,824,566,1.46,80.67%,234.84%,0.355115,2026-08-05
MU,893.19,2026-08-14,9,Call,"1,200.00",-34.35%,1.96,2.05,2.24,1279,878,1.46,85.96%,101.62%,0.038771,2026-08-05
UEC,10.72,2026-08-21,16,Call,10.00,+6.72%,1.03,1.05,1.25,1330,913,1.46,79.39%,82.53%,0.69077,2026-08-05
DIS,101.76,2026-08-07,2,Call,101.00,+0.75%,1.3,1.5,1.55,1376,942,1.46,25.95%,33.30%,0.624685,2026-08-05
SPOT,482.23,2026-08-07,2,Call,500.00,-3.68%,1.53,2.28,2.08,1449,990,1.46,39.86%,52.27%,0.181195,2026-08-05
AMZN,272.65,2026-08-07,2,Put,277.50,+1.78%,5.95,6.04,6.3,1798,1234,1.46,32.01%,38.89%,-0.723755,2026-08-05
DASH,207.27,2026-08-07,2,Put,190.00,-8.33%,3,4.22,4.9,3816,2606,1.46,63.40%,177.37%,-0.232792,2026-08-05
NVDA,219.22,2026-09-04,30,Call,220.00,-0.36%,10.4,10.75,11.05,3824,2628,1.46,40.72%,43.18%,0.521663,2026-08-05
OXY,53.81,2026-08-07,2,Call,55.00,-2.21%,0.66,0.71,0.78,3243,2230,1.45,37.25%,76.09%,0.359918,2026-08-05
RIOT,21.5,2026-08-14,9,Call,24.00,-11.63%,0.74,0.93,0.9,524,361,1.45,107.82%,126.23%,0.325844,2026-08-05
MS,218.27,2026-08-07,2,Call,215.00,+1.50%,4.15,4.36,5.25,600,413,1.45,31.57%,42.94%,0.689268,2026-08-05
ANET,197.31,2026-10-16,72,Call,185.00,+6.24%,27.65,31.5,29.5,639,442,1.45,61.54%,62.58%,0.654357,2026-08-05
CVNA,69.48,2026-09-18,44,Put,68.00,-2.13%,4.65,4.85,5.1,735,508,1.45,60.36%,60.15%,-0.411259,2026-08-05
RELY,24.07,2026-08-21,16,Put,21.00,-12.75%,0.45,0.49,0.65,740,509,1.45,72.57%,88.49%,-0.201359,2026-08-05
TSLA,321.55,2026-08-10,5,Put,305.00,-5.15%,0.95,0.86,0.98,823,567,1.45,43.16%,40.43%,-0.125101,2026-08-05
SPCX,108.27,2026-08-28,23,Call,130.00,-20.07%,3.9,4.1,4.05,1292,889,1.45,92.27%,98.70%,0.272509,2026-08-05
MRNA,56.26,2026-09-18,44,Call,75.00,-33.31%,1.26,1.34,1.48,1518,1047,1.45,78.86%,78.73%,0.184273,2026-08-05
DDOG,283.17,2026-08-14,9,Put,260.00,-8.18%,9.6,10.07,10.75,517,359,1.44,79.81%,116.05%,-0.28642,2026-08-05
MU,893.19,2026-08-07,2,Put,865.00,-3.16%,18,18.5,18.5,569,396,1.44,85.96%,116.92%,-0.338772,2026-08-05
DELL,462.7,2026-09-18,44,Put,370.00,-20.03%,17.5,17.65,18.7,605,421,1.44,88.76%,91.39%,-0.191006,2026-08-05
JD,32.54,2026-10-16,72,Put,32.00,-1.66%,1.66,1.68,1.82,802,557,1.44,36.24%,31.37%,-0.457245,2026-08-05
TTMI,131.25,2026-08-21,16,Put,100.00,-23.81%,2,2.6,3.2,863,600,1.44,120.77%,130.71%,-0.128017,2026-08-05
DKNG,21.76,2026-09-18,44,Call,25.00,-14.89%,0.85,0.86,0.88,8288,5761,1.44,66.55%,64.08%,0.311133,2026-08-05
FCX,69.39,2026-09-18,44,Call,80.00,-15.29%,1.83,1.94,2,19209,13379,1.44,52.79%,54.80%,0.262529,2026-08-05
SMCI,30.32,2026-08-14,9,Call,40.00,-31.93%,0.38,0.39,0.42,7019,4913,1.43,99.98%,141.95%,0.129738,2026-08-05
UBER,68.18,2026-08-07,2,Put,66.00,-3.20%,0.21,0.23,0.23,9406,6581,1.43,34.72%,47.16%,-0.170155,2026-08-05
IONQ,39.93,2026-08-07,2,Call,41.50,-3.93%,1.49,1.6,1.71,635,444,1.43,100.88%,191.24%,0.420628,2026-08-05
SPCX,108.27,2026-08-14,9,Call,127.00,-17.30%,2.17,2.18,2.25,915,638,1.43,92.27%,115.11%,0.215476,2026-08-05
APP,417.8,2026-08-07,2,Put,360.00,-13.83%,4.1,4.2,4.6,926,647,1.43,81.90%,194.67%,-0.134207,2026-08-05
APPS,13.17,2026-08-21,16,Call,14.00,-6.30%,0.7,0.75,0.8,954,666,1.43,96.40%,97.87%,0.425403,2026-08-05
META,588.77,2026-08-07,2,Put,575.00,-2.34%,2.7,2.83,3,1027,719,1.43,38.26%,46.14%,-0.237388,2026-08-05
WFC,89.17,2026-08-07,2,Put,88.00,-1.31%,0.35,0.4,0.47,1049,734,1.43,23.97%,33.47%,-0.291595,2026-08-05
SNOW,316.84,2026-08-07,2,Put,300.00,-5.31%,2.15,2.15,2.35,1192,836,1.43,68.01%,88.11%,-0.191391,2026-08-05
AMD,482.05,2026-08-07,2,Call,487.50,-1.13%,9.6,10,10.55,1611,1123,1.43,68.36%,87.84%,0.44537,2026-08-05
QCOM,157.53,2026-08-07,2,Put,157.50,-0.02%,2.7,2.3,3.2,527,372,1.42,55.57%,63.87%,-0.488412,2026-08-05
SNDK,1350.5,2026-08-14,9,Put,"1,000.00",-25.95%,11,11.4,11.7,697,491,1.42,117.69%,144.81%,-0.075102,2026-08-05
SPCX,108.27,2026-09-04,30,Put,95.00,-12.26%,5.15,5.23,5.35,703,495,1.42,92.27%,92.40%,-0.2624,2026-08-05
UBER,68.18,2028-01-21,534,Call,140.00,-105.34%,1.71,1.92,2.18,1028,725,1.42,34.72%,40.91%,0.138581,2026-08-05
MRVL,211.02,2026-08-21,16,Put,162.50,-22.99%,1.33,1.42,1.7,1249,878,1.42,92.95%,93.70%,-0.075323,2026-08-05
AMD,482.05,2026-08-21,16,Call,565.00,-17.21%,5.85,7.35,7,1279,902,1.42,68.36%,73.58%,0.172719,2026-08-05
FISV,54.11,2026-08-07,2,Call,54.00,+0.20%,2.15,2.39,2.85,1295,914,1.42,55.26%,152.91%,0.530422,2026-08-05
B,41.05,2026-08-21,16,Call,41.00,+0.12%,1.62,1.72,1.86,1300,914,1.42,46.43%,49.61%,0.52825,2026-08-05
AAOI,128.56,2026-08-07,2,Call,140.00,-8.90%,6.5,6.8,7.8,1627,1146,1.42,143.52%,303.55%,0.395036,2026-08-05
AAPL,311,2026-08-14,9,Call,320.00,-2.89%,2.01,2.09,2.2,7815,5493,1.42,26.23%,27.26%,0.265543,2026-08-05
PLTR,158.43,2026-08-07,2,Call,175.00,-10.46%,0.12,0.12,0.13,13879,9760,1.42,49.55%,73.86%,0.036869,2026-08-05
SPCX,108.27,2026-08-07,2,Put,94.00,-13.18%,0.57,0.58,0.61,3894,2765,1.41,92.27%,153.88%,-0.0969,2026-08-05
PLTR,158.43,2026-08-14,9,Call,165.00,-4.15%,2.63,2.77,2.91,7280,5161,1.41,49.55%,53.18%,0.332082,2026-08-05
TSLA,321.55,2026-08-07,2,Call,315.00,+2.04%,8.35,8.6,8.65,14338,10185,1.41,43.16%,47.15%,0.730028,2026-08-05
NBIS,218.99,2026-08-21,16,Call,370.00,-68.96%,0.57,2.14,4.4,529,375,1.41,133.20%,161.17%,0.083659,2026-08-05
TSM,414,2026-08-14,9,Call,440.00,-6.28%,2.84,3.25,3.6,669,473,1.41,44.24%,44.55%,0.204507,2026-08-05
MCHP,77.79,2026-08-07,2,Put,78.00,+0.27%,2.9,2.95,3.9,671,476,1.41,69.00%,143.40%,-0.488691,2026-08-05
CRCL,63.28,2028-01-21,534,Call,90.00,-42.23%,20,20.6,23.05,750,533,1.41,86.26%,92.27%,0.61622,2026-08-05
FSLR,236.8,2026-08-07,2,Put,230.00,-2.87%,6.65,7.5,9,755,537,1.41,80.33%,158.35%,-0.378788,2026-08-05
APP,417.8,2026-08-07,2,Put,350.00,-16.23%,2.65,2.8,2.8,969,686,1.41,81.90%,191.30%,-0.092982,2026-08-05
CSCO,121.5,2026-08-07,2,Call,126.00,-3.70%,0.18,0.33,0.39,1054,748,1.41,50.10%,44.78%,0.140721,2026-08-05
MU,893.19,2026-08-07,2,Call,880.00,+1.48%,35.9,37.58,38.85,1647,1170,1.41,85.96%,115.50%,0.586702,2026-08-05
GOOGL,362.43,2026-08-07,2,Put,365.00,+0.71%,5.65,5.81,6.15,2464,1742,1.41,33.79%,42.22%,-0.581592,2026-08-05
MSTR,98.37,2026-08-07,2,Call,106.00,-7.76%,0.32,0.39,0.44,3069,2182,1.41,72.64%,85.52%,0.126019,2026-08-05
ABNB,152.49,2027-06-17,316,Put,105.00,-31.14%,3.4,3.68,3.95,508,363,1.4,44.76%,41.72%,-0.10888,2026-08-05
CDE,17.43,2026-08-21,16,Call,14.00,+19.68%,3.4,3.63,3.7,541,387,1.4,75.44%,77.48%,0.92497,2026-08-05
NET,292.96,2026-08-21,16,Put,185.00,-36.85%,0,0.28,0.5,566,404,1.4,74.00%,100.83%,-0.011013,2026-08-05
ASTS,68.38,2026-08-14,9,Put,70.00,+2.37%,6.2,6.32,6.5,719,512,1.4,109.04%,127.91%,-0.505077,2026-08-05
BA,240.19,2026-08-07,2,Put,235.00,-2.16%,0.75,0.89,0.98,801,574,1.4,32.48%,38.56%,-0.217589,2026-08-05
GOOG,360.13,2026-08-14,9,Call,375.00,-4.13%,2.63,2.88,2.95,1215,870,1.4,33.39%,35.04%,0.244229,2026-08-05
MSFT,487.46,2027-01-15,163,Put,365.00,-25.12%,5.35,5.4,5.75,1731,1237,1.4,29.87%,37.06%,-0.089494,2026-08-05
PLTR,158.43,2026-08-07,2,Call,165.00,-4.15%,0.85,0.86,0.87,29392,20952,1.4,49.55%,64.70%,0.205973,2026-08-05
AMZN,272.65,2026-08-07,2,Call,275.00,-0.86%,2.15,2.2,2.21,17886,12895,1.39,32.01%,39.55%,0.392898,2026-08-05
PLTR,158.43,2026-09-04,30,Call,210.00,-32.55%,0.39,0.46,0.53,523,375,1.39,49.55%,55.37%,0.046816,2026-08-05
WPM,122.82,2026-09-18,44,Put,120.00,-2.30%,5.8,6.1,6.4,556,399,1.39,44.81%,45.32%,-0.402972,2026-08-05
WDC,519.17,2026-08-07,2,Call,560.00,-7.86%,11,12.75,13,760,546,1.39,96.06%,174.28%,0.301208,2026-08-05
BIDU,111.11,2026-10-16,72,Call,105.00,+5.50%,11.75,13.65,15.5,1209,871,1.39,52.43%,51.53%,0.653054,2026-08-05
IONQ,39.93,2026-09-18,44,Call,30.00,+24.87%,11.05,11.4,13.1,1295,930,1.39,100.88%,119.19%,0.818266,2026-08-05
ANET,197.31,2026-08-07,2,Call,210.00,-6.43%,0.94,0.94,1.35,2398,1724,1.39,61.54%,86.42%,0.173755,2026-08-05
HIMS,31.65,2026-08-14,9,Put,28.00,-11.53%,0.93,1.01,1.1,516,373,1.38,101.96%,130.02%,-0.240043,2026-08-05
BB,8.73,2026-08-28,23,Call,8.00,+8.36%,0.97,1.14,1.22,518,376,1.38,75.55%,78.32%,0.710266,2026-08-05
PDD,90.94,2026-10-16,72,Put,95.00,+4.46%,7.85,8.13,8.15,519,376,1.38,38.21%,37.16%,-0.561901,2026-08-05
AMD,482.05,2026-08-10,5,Call,550.00,-14.10%,1.15,1.3,1.41,568,412,1.38,68.36%,74.30%,0.071155,2026-08-05
SPCX,108.27,2026-08-28,23,Call,162.50,-50.09%,1.09,1.22,1.18,569,411,1.38,92.27%,109.43%,0.091351,2026-08-05
AMZN,272.65,2026-08-28,23,Put,270.00,-0.97%,6.9,7.13,7.35,578,418,1.38,32.01%,31.79%,-0.426762,2026-08-05
CBRS,214.3,2026-08-14,9,Call,330.00,-53.99%,1.05,1.9,2,630,455,1.38,119.03%,168.62%,0.067494,2026-08-05
ANET,197.31,2026-08-07,2,Call,202.50,-2.63%,2.5,3.1,4,1003,725,1.38,61.54%,92.21%,0.365652,2026-08-05
NOK,9.58,2027-12-17,499,Call,27.00,-181.84%,0.83,0.96,0.94,1010,734,1.38,68.05%,77.14%,0.251245,2026-08-05
RBLX,36.19,2028-01-21,534,Put,22.50,-37.83%,4.15,4.25,4.55,1072,779,1.38,67.55%,76.84%,-0.153048,2026-08-05
MU,893.19,2026-08-07,2,Put,860.00,-3.72%,16.3,16.58,16.8,1083,786,1.38,85.96%,117.31%,-0.315081,2026-08-05
NVO,44.53,2026-08-21,16,Call,48.50,-8.92%,0.2,0.23,0.26,1297,937,1.38,35.58%,36.73%,0.136947,2026-08-05
U,35.47,2026-09-18,44,Call,40.00,-12.77%,1.88,2.45,2.72,1348,975,1.38,90.44%,79.25%,0.388578,2026-08-05
CIFR,18.71,2026-08-07,2,Put,19.00,+1.55%,0.81,0.86,1,1439,1045,1.38,118.19%,135.31%,-0.540599,2026-08-05
SNDK,1350.5,2026-08-07,2,Put,"1,100.00",-18.55%,7.8,8.5,9,2583,1874,1.38,117.69%,211.12%,-0.081927,2026-08-05
INTC,101.06,2026-08-14,9,Call,105.00,-3.90%,3.6,3.85,3.85,4621,3359,1.38,80.64%,84.37%,0.414187,2026-08-05
SPCX,108.27,2026-08-14,9,Call,150.00,-38.54%,0.66,0.66,0.71,6869,4993,1.38,92.27%,133.13%,0.073439,2026-08-05
BYND,0.6101,2026-08-14,9,Call,0.5000,+18.03%,0.13,0.14,0.15,6976,5072,1.38,167.53%,207.46%,0.781312,2026-08-05
NVDA,219.22,2026-08-07,2,Put,205.00,-6.49%,0.14,0.15,0.15,14287,10346,1.38,40.72%,52.85%,-0.041099,2026-08-05
SPCX,108.27,2026-08-21,16,Put,105.00,-3.02%,7.3,7.3,7.45,22599,16389,1.38,92.27%,101.10%,-0.398633,2026-08-05
RIOT,21.5,2026-08-07,2,Call,24.00,-11.63%,0.15,0.21,0.22,3215,2343,1.37,107.82%,142.66%,0.161801,2026-08-05
PLTR,158.43,2026-08-07,2,Put,149.00,-5.95%,0.35,0.37,0.37,4837,3523,1.37,49.55%,65.41%,-0.097593,2026-08-05
ANET,197.31,2026-08-07,2,Call,192.50,+2.44%,7.05,8.08,8.9,549,402,1.37,61.54%,90.29%,0.657525,2026-08-05
GRND,17.78,2026-08-21,16,Call,20.00,-12.49%,0.3,0.32,0.35,574,419,1.37,53.08%,69.02%,0.232388,2026-08-05
VRT,277.94,2026-08-07,2,Call,290.00,-4.34%,2.84,2.9,3.5,750,549,1.37,69.31%,92.28%,0.279305,2026-08-05
SNDK,1350.5,2026-08-07,2,Call,"1,350.00",+0.04%,77.4,83.5,84.9,770,562,1.37,117.69%,202.77%,0.531419,2026-08-05
MU,893.19,2026-08-07,2,Call,940.00,-5.24%,12.95,13,13.4,1573,1149,1.37,85.96%,114.91%,0.289169,2026-08-05
PLTR,158.43,2027-03-19,226,Call,180.00,-13.61%,21.05,21.35,21.4,2205,1608,1.37,49.55%,55.82%,0.494111,2026-08-05
NFLX,74.2,2026-08-28,23,Call,85.00,-14.56%,0.26,0.26,0.3,2270,1658,1.37,35.21%,38.10%,0.088654,2026-08-05
BRK.B,518.85,2026-08-28,23,Call,555.00,-6.97%,0.27,0.31,0.6,500,369,1.36,16.25%,15.70%,0.051406,2026-08-05
FISV,54.11,2026-08-14,9,Call,65.00,-20.13%,0.2,0.3,0.35,643,472,1.36,55.26%,82.43%,0.089289,2026-08-05
PANW,362.66,2026-08-21,16,Put,290.00,-20.04%,0.28,0.74,1.3,717,527,1.36,61.52%,63.33%,-0.038899,2026-08-05
MSFT,487.46,2026-08-07,2,Put,472.50,-3.07%,1.03,1.1,1.16,896,659,1.36,29.87%,40.44%,-0.14429,2026-08-05
QCOM,157.53,2026-08-07,2,Put,145.00,-7.95%,0.13,0.17,0.27,1060,778,1.36,55.57%,71.44%,-0.055349,2026-08-05
NOW,117.22,2026-08-07,2,Put,115.00,-1.89%,1.43,1.5,1.56,1111,817,1.36,57.99%,71.60%,-0.34806,2026-08-05
FCX,69.39,2026-08-14,9,Put,65.00,-6.33%,0.63,0.65,0.81,1631,1197,1.36,52.79%,54.30%,-0.207119,2026-08-05
ANET,197.31,2026-08-07,2,Call,200.00,-1.36%,3.5,4.25,4.15,8071,5920,1.36,61.54%,85.93%,0.429369,2026-08-05
MU,893.19,2026-08-07,2,Call,900.00,-0.76%,26.8,27.69,28,8441,6250,1.35,85.96%,115.63%,0.48258,2026-08-05
SPCX,108.27,2026-09-18,44,Put,110.00,+1.60%,13.9,14.01,14.15,18989,14075,1.35,92.27%,88.92%,-0.454702,2026-08-05
GRAB,3.74,2026-09-04,30,Put,3.50,-6.42%,0.1,0.12,0.14,522,388,1.35,47.72%,53.99%,-0.300618,2026-08-05
ADBE,259.32,2026-12-18,135,Call,540.00,-108.24%,0.32,0.65,1.13,550,407,1.35,53.57%,55.37%,0.024563,2026-08-05
ASX,36.78,2027-01-15,163,Call,45.00,-22.35%,5.2,5.7,5.8,736,545,1.35,84.33%,84.56%,0.466271,2026-08-05
CELH,29.15,2026-08-07,2,Call,33.00,-13.21%,0.49,0.6,0.71,1125,833,1.35,74.99%,212.73%,0.239506,2026-08-05
MSFT,487.46,2026-08-19,14,Call,495.00,-1.55%,7.95,9.1,8.95,1411,1047,1.35,29.87%,30.29%,0.416519,2026-08-05
QXO,15.9,2026-08-14,9,Call,14.00,+11.95%,2,2.1,2.25,1604,1187,1.35,71.92%,90.61%,0.834475,2026-08-05
WOLF,25.19,2026-08-28,23,Call,30.00,-19.09%,1.65,2,2.07,504,377,1.34,129.76%,137.44%,0.371667,2026-08-05
AAPL,311,2026-08-10,5,Put,295.00,-5.14%,0.17,0.22,0.28,524,392,1.34,26.23%,28.19%,-0.051556,2026-08-05
REPL,11.83,2026-09-04,30,Put,3.00,-74.64%,0.15,0.2,0.25,543,404,1.34,209.87%,343.94%,-0.029556,2026-08-05
EQT,51.23,2026-08-14,9,Call,52.00,-1.50%,0.63,0.62,0.78,545,407,1.34,29.11%,31.97%,0.397089,2026-08-05
CIFR,18.71,2026-08-14,9,Put,19.00,+1.55%,1.49,1.5,1.67,594,444,1.34,118.19%,122.01%,-0.492363,2026-08-05
AMZN,272.65,2026-08-10,5,Put,275.00,+0.86%,4.95,4.9,5.35,655,487,1.34,32.01%,30.77%,-0.583276,2026-08-05
COST,941.99,2026-08-07,2,Put,930.00,-1.27%,3.35,4.3,3.9,657,489,1.34,22.79%,30.11%,-0.276755,2026-08-05
CRWV,89.89,2026-08-07,2,Put,83.00,-7.66%,0.62,0.74,0.78,767,573,1.34,106.35%,115.80%,-0.164692,2026-08-05
RKLB,74.82,2026-08-07,2,Put,75.00,+0.24%,2.26,2.35,2.53,1234,922,1.34,99.09%,104.49%,-0.496136,2026-08-05
HPE,53.22,2026-08-07,2,Call,54.00,-1.47%,0.84,1.02,1.17,1370,1023,1.34,79.00%,85.70%,0.422497,2026-08-05
WMT,112.34,2026-08-07,2,Put,111.00,-1.19%,0.42,0.44,0.5,1399,1042,1.34,32.35%,30.15%,-0.289495,2026-08-05
QBTS,21.39,2026-08-07,2,Call,21.50,-0.51%,0.93,1,1.04,1542,1150,1.34,97.29%,163.87%,0.507977,2026-08-05
ERO,30.43,2027-01-15,163,Call,30.00,+1.41%,5.3,5.7,5.7,1857,1383,1.34,64.74%,63.27%,0.612456,2026-08-05
SPCX,108.27,2026-08-07,2,Put,88.00,-18.72%,0.19,0.2,0.21,2573,1917,1.34,92.27%,162.21%,-0.036889,2026-08-05
WMT,112.34,2026-08-07,2,Call,113.00,-0.59%,0.72,0.75,0.77,4075,3055,1.33,32.35%,31.11%,0.406553,2026-08-05
NVDA,219.22,2026-08-28,23,Call,220.00,-0.36%,9.25,9.7,9.65,15319,11530,1.33,40.72%,43.82%,0.51616,2026-08-05
ATOM,5.24,2026-08-21,16,Put,5.00,-4.58%,0.35,0.4,0.5,622,467,1.33,113.08%,126.65%,-0.376624,2026-08-05
SPCX,108.27,2026-08-28,23,Call,125.00,-15.45%,4.9,5.05,5.1,845,636,1.33,92.27%,97.98%,0.325628,2026-08-05
GOOG,360.13,2026-08-07,2,Put,340.00,-5.59%,0.28,0.29,0.35,1313,990,1.33,33.39%,49.45%,-0.055427,2026-08-05
WULF,18.07,2026-08-14,9,Call,20.00,-10.68%,0.49,0.57,0.61,1339,1004,1.33,97.67%,110.64%,0.301166,2026-08-05
QXO,15.9,2026-08-07,2,Call,14.00,+11.95%,1.65,1.99,2,1521,1143,1.33,71.92%,142.74%,0.896036,2026-08-05
PLTR,158.43,2026-08-14,9,Call,190.00,-19.93%,0.2,0.2,0.22,1905,1437,1.33,49.55%,62.08%,0.035461,2026-08-05
CRCL,63.28,2026-10-16,72,Call,100.00,-58.03%,1.95,2.18,2.4,2429,1822,1.33,86.26%,91.88%,0.18421,2026-08-05
META,588.77,2026-09-18,44,Call,730.00,-23.99%,2.83,2.49,3.05,2583,1936,1.33,38.26%,41.33%,0.080979,2026-08-05
GLUE,15.61,2026-08-21,16,Call,17.50,-12.11%,0.7,0.6,1.1,507,385,1.32,138.85%,121.21%,0.375521,2026-08-05
CNC,66.99,2026-12-18,135,Put,60.00,-10.43%,3.55,3.75,3.9,509,387,1.32,41.64%,45.36%,-0.281229,2026-08-05
AMD,482.05,2026-10-16,72,Call,480.00,+0.43%,59.1,60.59,62.15,516,390,1.32,68.36%,68.34%,0.57531,2026-08-05
AMC,2.67,2027-03-19,226,Call,3.00,-12.36%,0.73,0.76,0.77,588,444,1.32,100.55%,107.04%,0.598303,2026-08-05
TSLA,321.55,2026-08-14,9,Call,312.50,+2.81%,13.9,14.51,14.2,601,457,1.32,43.16%,43.29%,0.679815,2026-08-05
EOSE,3.82,2026-08-14,9,Call,3.50,+8.38%,0.43,0.5,0.54,718,545,1.32,120.23%,129.37%,0.704266,2026-08-05
SNDK,1350.5,2026-08-14,9,Put,530.00,-60.76%,0.1,0.12,0.4,983,743,1.32,117.69%,216.23%,-0.001715,2026-08-05
INTC,101.06,2026-08-14,9,Put,100.00,-1.05%,4.45,4.65,4.85,1130,853,1.32,80.64%,82.58%,-0.439941,2026-08-05
MSFT,487.46,2026-08-07,2,Put,465.00,-4.61%,0.4,0.43,0.47,1279,966,1.32,29.87%,42.50%,-0.064279,2026-08-05
ANET,197.31,2026-08-07,2,Call,195.00,+1.17%,5.8,6.56,7.2,1294,983,1.32,61.54%,90.53%,0.584042,2026-08-05
WMT,112.34,2026-08-07,2,Put,112.00,-0.30%,0.74,0.76,0.84,1609,1217,1.32,32.35%,28.90%,-0.437107,2026-08-05
SOUN,6.43,2026-08-07,2,Put,6.50,+1.09%,0.48,0.48,0.51,1642,1240,1.32,95.57%,241.16%,-0.488237,2026-08-05
WDC,519.17,2026-08-07,2,Call,700.00,-34.83%,0.3,0.35,0.35,1993,1514,1.32,96.06%,178.32%,0.014038,2026-08-05
META,588.77,2026-08-07,2,Put,580.00,-1.49%,4.2,4.4,4.5,2583,1959,1.32,38.26%,46.45%,-0.323371,2026-08-05
KO,86.83,2026-11-20,107,Call,90.00,-3.65%,2.72,2.78,2.83,2965,2251,1.32,20.33%,21.20%,0.410689,2026-08-05
WULF,18.07,2026-08-21,16,Call,23.50,-30.05%,0.12,0.25,0.31,3557,2694,1.32,97.67%,101.93%,0.123042,2026-08-05
LCID,6.7,2027-12-17,499,Put,3.00,-55.22%,1.21,1.27,1.35,10022,7668,1.31,108.88%,149.30%,-0.087936,2026-08-05
SPCX,108.27,2026-08-21,16,Call,125.00,-15.45%,3.9,3.85,4,10155,7771,1.31,92.27%,104.60%,0.294804,2026-08-05
MU,893.19,2026-08-07,2,Call,"1,110.00",-24.27%,0.4,0.47,0.55,522,398,1.31,85.96%,133.11%,0.01562,2026-08-05
MP,47.91,2026-08-07,2,Call,55.00,-14.80%,0.26,0.3,0.35,663,508,1.31,77.60%,151.64%,0.12066,2026-08-05
EOSE,3.82,2026-08-14,9,Put,3.50,-8.38%,0.13,0.14,0.16,717,547,1.31,120.23%,121.12%,-0.288007,2026-08-05
SPCX,108.27,2026-10-16,72,Call,110.00,-1.60%,15.3,15.5,15.55,917,699,1.31,92.27%,82.92%,0.563935,2026-08-05
GOOGL,362.43,2026-08-14,9,Call,370.00,-2.09%,4.9,5.35,5.35,1076,824,1.31,33.79%,36.00%,0.373421,2026-08-05
SNDK,1350.5,2026-08-07,2,Put,"1,300.00",-3.74%,57.1,58.25,61.3,1831,1395,1.31,117.69%,210.00%,-0.372964,2026-08-05
BE,234.33,2026-08-21,16,Put,150.00,-35.99%,1.11,1.25,1.34,1976,1511,1.31,117.71%,133.96%,-0.041278,2026-08-05
HNGE,80.79,2026-08-21,16,Put,90.00,+11.40%,8.8,10.29,11.4,2007,1533,1.31,56.55%,56.34%,-0.803564,2026-08-05
MP,47.91,2027-01-15,163,Put,45.00,-6.07%,6.4,6.86,7.8,2023,1550,1.31,77.60%,72.03%,-0.345696,2026-08-05
MU,893.19,2026-08-07,2,Call,"1,050.00",-17.56%,1.3,1.36,1.4,2898,2211,1.31,85.96%,123.13%,0.042099,2026-08-05
SMCI,30.32,2026-08-14,9,Call,31.50,-3.89%,1.95,1.97,2.01,538,415,1.3,99.98%,130.14%,0.467995,2026-08-05
GEHC,70.24,2026-09-18,44,Put,70.00,-0.34%,2.85,3,3,551,423,1.3,36.97%,32.68%,-0.454194,2026-08-05
NVTS,12.35,2026-08-07,2,Put,12.50,+1.21%,0.47,0.55,0.68,574,443,1.3,111.78%,135.69%,-0.527269,2026-08-05
SPCX,108.27,2026-08-21,16,Put,117.00,+8.06%,14.3,14.59,15,802,616,1.3,92.27%,104.20%,-0.595449,2026-08-05
AAPL,311,2026-09-04,30,Call,310.00,+0.32%,10,10,10.4,943,724,1.3,26.23%,26.08%,0.546592,2026-08-05
COMP,12.83,2026-11-20,107,Call,16.00,-24.71%,0.85,1.05,1.1,1062,820,1.3,67.85%,70.06%,0.358396,2026-08-05
AA,47.69,2026-09-18,44,Call,60.00,-25.81%,0.51,0.56,0.59,1275,978,1.3,51.92%,53.93%,0.132456,2026-08-05
DIS,101.76,2026-08-07,2,Call,103.00,-1.22%,0.49,0.56,0.64,1862,1428,1.3,25.95%,35.45%,0.327367,2026-08-05
TE,5.47,2026-08-07,2,Put,5.00,-8.59%,0.1,0.18,0.2,2483,1903,1.3,164.36%,216.43%,-0.260418,2026-08-05
SPCX,108.27,2026-08-07,2,Put,118.00,+8.99%,11.1,11.57,12,2945,2267,1.3,92.27%,160.36%,-0.746892,2026-08-05
NVDA,219.22,2026-08-14,9,Call,250.00,-14.04%,0.17,0.18,0.18,4064,3129,1.3,40.72%,43.65%,0.030677,2026-08-05
AMD,482.05,2026-08-07,2,Call,530.00,-9.95%,1.23,1.3,1.39,6206,4770,1.3,68.36%,92.33%,0.088428,2026-08-05
TSLA,321.55,2026-08-07,2,Call,312.50,+2.81%,10.25,10.68,10.55,6840,5277,1.3,43.16%,47.34%,0.798976,2026-08-05
STM,52.77,2026-08-21,16,Call,67.00,-26.97%,0.1,0.22,0.3,10395,8001,1.3,67.45%,70.54%,0.062531,2026-08-05
GOOGL,362.43,2026-08-07,2,Call,375.00,-3.47%,0.8,0.84,0.96,7444,5780,1.29,33.79%,43.29%,0.148656,2026-08-05
SMR,9.38,2026-08-07,2,Put,11.00,+17.27%,1.59,1.73,1.81,519,403,1.29,105.16%,183.39%,-0.865536,2026-08-05
MCHP,77.79,2026-10-16,72,Call,95.00,-22.12%,3.1,3.63,4.2,529,410,1.29,69.00%,65.36%,0.295326,2026-08-05
HPE,53.22,2026-08-14,9,Call,53.00,+0.41%,2.55,2.65,2.8,543,420,1.29,79.00%,76.63%,0.539629,2026-08-05
UBER,68.18,2026-08-21,16,Put,66.00,-3.20%,0.95,1.01,1.07,715,555,1.29,34.72%,34.63%,-0.307411,2026-08-05
EXPE,319.66,2026-09-18,44,Put,250.00,-21.79%,2.45,2,4.9,782,608,1.29,59.79%,61.89%,-0.102478,2026-08-05
IONQ,39.93,2026-08-14,9,Call,44.00,-10.19%,1.36,1.55,1.78,870,672,1.29,100.88%,121.61%,0.341573,2026-08-05
UPS,107.7,2026-08-14,9,Call,106.00,+1.58%,2.63,2.77,3.2,911,707,1.29,27.25%,29.66%,0.638627,2026-08-05
FIG,28.15,2026-08-07,2,Put,24.50,-12.97%,0.53,0.71,0.89,932,724,1.29,99.59%,262.83%,-0.208374,2026-08-05
DDOG,283.17,2026-08-07,2,Put,240.00,-15.25%,3.35,3.57,3.95,1544,1195,1.29,79.81%,225.02%,-0.140623,2026-08-05
CIFR,18.71,2026-08-14,9,Call,24.00,-28.27%,0.2,0.22,0.27,1829,1417,1.29,118.19%,130.12%,0.133032,2026-08-05
RUN,10.49,2026-08-07,2,Call,12.00,-14.39%,0.25,0.28,0.31,1957,1518,1.29,100.90%,248.71%,0.261918,2026-08-05
PLTR,158.43,2026-08-21,16,Put,155.00,-2.16%,4.85,4.95,5.1,2021,1570,1.29,49.55%,50.79%,-0.393077,2026-08-05
SPCX,108.27,2026-08-07,2,Call,157.50,-45.47%,0.11,0.11,0.14,2266,1755,1.29,92.27%,234.62%,0.019234,2026-08-05
RIVN,15.56,2026-08-07,2,Call,15.50,+0.39%,0.29,0.3,0.33,3073,2388,1.29,55.45%,60.48%,0.545039,2026-08-05
MU,893.19,2026-08-07,2,Call,"1,040.00",-16.44%,1.51,1.67,1.69,500,392,1.28,85.96%,121.14%,0.049467,2026-08-05
GOOGL,362.43,2026-08-14,9,Put,355.00,-2.05%,4.3,4.65,5,505,396,1.28,33.79%,35.22%,-0.339023,2026-08-05
RCAT,8.66,2026-10-16,72,Call,7.00,+19.17%,2.41,2.42,2.5,542,423,1.28,115.07%,105.57%,0.759276,2026-08-05
YSS,13.15,2026-08-21,16,Put,10.00,-23.95%,0.3,0.3,0.4,549,429,1.28,132.98%,146.17%,-0.146278,2026-08-05
COIN,149.89,2026-08-28,23,Put,140.00,-6.60%,5.5,5.4,6.2,613,479,1.28,69.39%,70.02%,-0.313019,2026-08-05
UEC,10.72,2026-08-14,9,Put,10.00,-6.72%,0.08,0.22,0.25,760,594,1.28,79.39%,67.21%,-0.23605,2026-08-05
SHAK,74.33,2026-08-07,2,Call,80.00,-7.63%,0,0.34,0.5,807,632,1.28,52.28%,81.23%,0.117174,2026-08-05
APTV,47.01,2026-08-21,16,Call,47.50,-1.04%,1.6,1.65,1.8,851,667,1.28,45.36%,48.67%,0.482384,2026-08-05
OXY,53.81,2027-03-19,226,Put,60.00,+11.50%,8.45,9.13,10.5,896,701,1.28,37.25%,36.01%,-0.585207,2026-08-05
EQNR,38.13,2026-08-21,16,Put,35.00,-8.21%,0.3,0.3,0.4,1151,901,1.28,36.88%,45.57%,-0.171657,2026-08-05
GOOG,360.13,2026-08-28,23,Put,310.00,-13.92%,0.6,0.74,0.8,1456,1138,1.28,33.39%,37.42%,-0.048086,2026-08-05
ZTS,74.39,2026-08-21,16,Put,65.00,-12.62%,0.9,1,1.1,4059,3174,1.28,56.29%,70.57%,-0.161062,2026-08-05
NBIS,218.99,2026-08-07,2,Put,165.00,-24.65%,0.15,0.2,0.33,3904,3063,1.27,133.20%,192.84%,-0.019909,2026-08-05
AMD,482.05,2026-09-18,44,Call,700.00,-45.21%,4.25,4.6,4.65,4980,3908,1.27,68.36%,71.90%,0.088242,2026-08-05
VTRS,17.65,2026-08-21,16,Put,17.00,-3.68%,0,0.45,0.65,7724,6102,1.27,39.76%,41.28%,-0.314755,2026-08-05
CRWV,89.89,2026-08-07,2,Put,85.00,-5.44%,1.11,1.15,1.24,11175,8787,1.27,106.35%,116.79%,-0.244346,2026-08-05
TSLA,321.55,2026-08-07,2,Call,350.00,-8.85%,0.16,0.17,0.17,19904,15651,1.27,43.16%,60.13%,0.030187,2026-08-05
SPCX,108.27,2027-01-15,163,Put,20.00,-81.53%,0.1,0.12,0.15,526,413,1.27,92.27%,111.69%,-0.003939,2026-08-05
APP,417.8,2026-08-07,2,Call,420.00,-0.53%,22.2,23.32,25,539,425,1.27,81.90%,199.42%,0.515783,2026-08-05
TMC,4.02,2026-08-21,16,Call,4.50,-11.94%,0.12,0.17,0.23,686,542,1.27,99.24%,102.56%,0.34069,2026-08-05
CHTR,153.17,2026-08-21,16,Call,160.00,-4.46%,4.8,5,5.1,776,610,1.27,58.45%,59.74%,0.392209,2026-08-05
ADM,77.58,2026-08-21,16,Call,87.50,-12.79%,0.05,0.14,0.2,949,746,1.27,30.87%,34.80%,0.053716,2026-08-05
CRCL,63.28,2026-08-07,2,Call,68.00,-7.46%,0.63,0.77,0.9,1065,836,1.27,86.26%,125.26%,0.233467,2026-08-05
RIOT,21.5,2026-08-07,2,Call,21.00,+2.33%,1.03,1.22,1.32,1072,844,1.27,107.82%,143.60%,0.608887,2026-08-05
PENN,19.62,2026-08-21,16,Call,21.00,-7.03%,0.4,0.51,1.2,1153,907,1.27,60.25%,80.91%,0.379334,2026-08-05
UPST,30.2,2026-08-07,2,Call,32.00,-5.96%,0.21,0.22,0.24,2240,1769,1.27,71.05%,90.61%,0.204172,2026-08-05
TSLA,321.55,2026-08-14,9,Call,320.00,+0.48%,9.55,9.65,9.8,2421,1908,1.27,43.16%,43.45%,0.546991,2026-08-05
INTC,101.06,2026-08-07,2,Put,89.00,-11.93%,0.13,0.14,0.18,2511,1978,1.27,80.64%,104.74%,-0.046491,2026-08-05
NVDA,219.22,2026-09-04,30,Put,205.00,-6.49%,4.65,4.65,4.95,539,428,1.26,40.72%,43.66%,-0.268619,2026-08-05
SPCX,108.27,2026-10-16,72,Call,250.00,-130.90%,0.76,0.8,0.84,580,460,1.26,92.27%,98.78%,0.047332,2026-08-05
BKNG,207.02,2026-08-21,16,Call,220.00,-6.27%,1.5,2.5,2.7,624,496,1.26,39.51%,37.04%,0.232737,2026-08-05
KHC,25.73,2026-08-07,2,Put,26.00,+1.05%,0.23,0.37,0.55,727,575,1.26,32.25%,29.82%,-0.679839,2026-08-05
PRME,3.08,2027-01-15,163,Put,5.00,+62.34%,2.2,2.47,3.1,779,619,1.26,97.78%,154.22%,-0.481109,2026-08-05
RDDT,155.26,2026-08-07,2,Call,175.00,-12.71%,0.09,0.1,0.14,845,669,1.26,62.35%,85.00%,0.030918,2026-08-05
RZLV,2.71,2026-09-18,44,Call,3.00,-10.70%,0.25,0.27,0.3,1139,901,1.26,101.46%,101.51%,0.46034,2026-08-05
INTC,101.06,2026-08-07,2,Call,112.00,-10.83%,0.29,0.32,0.32,1440,1145,1.26,80.64%,100.62%,0.090028,2026-08-05
DIS,101.76,2027-03-19,226,Call,120.00,-17.92%,3.35,3.78,4.1,1549,1230,1.26,25.95%,29.64%,0.282109,2026-08-05
XOM,151.63,2026-08-07,2,Put,150.00,-1.07%,0.79,0.84,0.91,1963,1553,1.26,29.39%,34.39%,-0.330236,2026-08-05
CSCO,121.5,2026-08-07,2,Put,121.00,-0.41%,1.13,1.09,1.31,2729,2171,1.26,50.10%,40.85%,-0.438408,2026-08-05
SPCX,108.27,2026-08-07,2,Call,105.00,+3.02%,6.55,6.65,6.75,2745,2181,1.26,92.27%,153.41%,0.628787,2026-08-05
MU,893.19,2026-08-07,2,Call,950.00,-6.36%,10.55,10.6,10.95,7937,6305,1.26,85.96%,114.84%,0.248032,2026-08-05
ASTS,68.38,2026-09-18,44,Call,120.00,-75.49%,1.32,1.41,1.49,3677,2938,1.25,109.04%,116.96%,0.120816,2026-08-05
MSFT,487.46,2026-08-07,2,Call,510.00,-4.62%,0.36,0.38,0.4,3734,2994,1.25,29.87%,39.29%,0.062478,2026-08-05
SNDK,1350.5,2026-08-07,2,Put,"1,000.00",-25.95%,2.25,2.3,2.5,3984,3183,1.25,117.69%,219.62%,-0.026762,2026-08-05
VZ,46.47,2026-09-18,44,Call,49.00,-5.44%,0.66,0.65,0.77,4078,3275,1.25,26.08%,26.15%,0.284853,2026-08-05
OKTA,147.04,2026-08-07,2,Call,155.00,-5.41%,0.39,0.81,0.7,502,402,1.25,68.63%,66.54%,0.148747,2026-08-05
ANET,197.31,2026-08-07,2,Put,185.00,-6.24%,0.69,1,1.2,538,429,1.25,61.54%,84.81%,-0.144466,2026-08-05
BAX,27.33,2026-11-20,107,Call,30.00,-9.77%,1.9,2,2.55,558,448,1.25,45.39%,53.26%,0.443565,2026-08-05
HIMS,31.65,2026-08-14,9,Call,44.00,-39.02%,0.13,0.22,0.45,638,510,1.25,101.96%,145.99%,0.093634,2026-08-05
AMD,482.05,2026-11-20,107,Put,460.00,-4.57%,55.3,55.88,58.95,662,528,1.25,68.36%,69.13%,-0.368881,2026-08-05
MP,47.91,2026-12-18,135,Call,65.00,-35.67%,3.75,3.8,4.4,782,627,1.25,77.60%,76.15%,0.345882,2026-08-05
MSFT,487.46,2026-08-07,2,Put,482.50,-1.02%,3.15,3.3,3.4,812,649,1.25,29.87%,37.87%,-0.350557,2026-08-05
XEL,77.2,2027-03-19,226,Put,65.00,-15.80%,1.8,2.15,2.7,850,681,1.25,23.45%,30.68%,-0.193417,2026-08-05
SPCX,108.27,2026-08-21,16,Put,116.00,+7.14%,13.3,13.4,14.2,876,700,1.25,92.27%,101.59%,-0.584289,2026-08-05
CIFR,18.71,2026-08-21,16,Call,22.50,-20.26%,0.57,0.85,1.12,917,734,1.25,118.19%,130.99%,0.298134,2026-08-05
MSFT,487.46,2026-08-17,12,Put,495.00,+1.55%,12.45,12.57,14.8,954,765,1.25,29.87%,27.14%,-0.608125,2026-08-05
NVDA,219.22,2026-08-12,7,Call,217.50,+0.78%,5.35,6.08,5.8,995,799,1.25,40.72%,38.07%,0.574261,2026-08-05
AAPL,311,2026-08-12,7,Call,315.00,-1.29%,2.69,2.77,2.99,999,797,1.25,26.23%,25.96%,0.37444,2026-08-05
GOOG,360.13,2026-08-14,9,Put,350.00,-2.81%,3.55,3.55,4.05,1003,801,1.25,33.39%,35.71%,-0.291202,2026-08-05
TSLA,321.55,2026-08-12,7,Call,350.00,-8.85%,0.95,0.99,0.99,1243,995,1.25,43.16%,46.49%,0.101325,2026-08-05
HAL,31.82,2026-08-07,2,Put,32.00,+0.57%,0.26,0.47,0.56,1534,1231,1.25,35.90%,33.24%,-0.584815,2026-08-05
HPE,53.22,2026-09-04,30,Call,65.00,-22.13%,1.78,1.93,2.09,520,418,1.24,79.00%,90.28%,0.262533,2026-08-05
META,588.77,2026-08-07,2,Call,622.50,-5.73%,0.89,0.92,0.98,550,445,1.24,38.26%,54.38%,0.087018,2026-08-05
BA,240.19,2026-08-07,2,Call,247.50,-3.04%,0.45,0.5,0.55,565,454,1.24,32.48%,37.91%,0.145928,2026-08-05
W,107.57,2026-08-21,16,Call,120.00,-11.56%,1.86,2.1,2.33,578,466,1.24,63.58%,68.05%,0.246593,2026-08-05
RKT,13.86,2026-10-16,72,Put,12.00,-13.42%,0.65,0.65,0.73,634,512,1.24,66.55%,64.21%,-0.251574,2026-08-05
MU,893.19,2026-08-07,2,Call,895.00,-0.20%,28.2,32,31.9,638,514,1.24,85.96%,116.94%,0.508831,2026-08-05
QBTS,21.39,2026-08-07,2,Call,23.50,-9.86%,0.36,0.38,0.4,662,532,1.24,97.29%,171.57%,0.24958,2026-08-05
HONA,203.64,2026-09-18,44,Call,230.00,-12.94%,4,6.38,8,859,694,1.24,53.80%,51.80%,0.286999,2026-08-05
HPQ,28.52,2026-08-07,2,Call,30.00,-5.19%,0.06,0.1,0.17,874,705,1.24,54.22%,66.77%,0.158758,2026-08-05
AVGO,418.28,2026-08-07,2,Call,422.50,-1.01%,4.25,4.25,5.65,1011,817,1.24,53.54%,54.99%,0.412048,2026-08-05
INTC,101.06,2026-08-07,2,Put,91.00,-9.95%,0.23,0.26,0.32,1146,923,1.24,80.64%,102.39%,-0.07729,2026-08-05
T,23.06,2026-08-21,16,Put,21.50,-6.76%,0.06,0.12,0.11,1222,988,1.24,27.52%,29.05%,-0.11989,2026-08-05
MSFT,487.46,2028-01-21,534,Put,500.00,+2.57%,72.15,72.22,74.75,1441,1159,1.24,29.87%,33.18%,-0.418682,2026-08-05
EOG,134.23,2026-09-18,44,Put,130.00,-3.15%,3.5,3.7,4,3589,2893,1.24,33.26%,30.99%,-0.35909,2026-08-05
U,35.47,2026-08-07,2,Call,36.00,-1.49%,2.29,2.5,2.57,4689,3770,1.24,90.44%,254.69%,0.506635,2026-08-05
BX,136.03,2026-08-21,16,Put,123.00,-9.58%,0.35,0.51,0.6,5530,4463,1.24,36.03%,37.44%,-0.092455,2026-08-05
ONDS,8.87,2028-01-21,534,Call,4.00,+54.90%,5.65,5.95,6.15,5555,4465,1.24,110.56%,94.95%,0.906496,2026-08-05
"Downloaded from Barchart.com as of 08-05-2026 09:24pm CDT"
