Symbol,Price~,"Exp Date",DTE,Type,Strike,Moneyness,Bid,Latest,Ask,Volume,"Open Int",Vol/OI,"Imp Vol",IV,Delta,Time
TSLA,342.27,2026-08-17,2,Put,345.00,+0.80%,4.7,4.77,4.85,19657,132,148.92,39.20%,32.20%,-0.623835,2026-08-14
TSLA,342.27,2026-08-17,2,Put,340.00,-0.66%,2.12,2.15,2.17,33992,317,107.23,39.20%,31.52%,-0.380527,2026-08-14
NU,15.23,2026-11-20,97,Call,20.00,-31.32%,0.19,0.22,0.25,10374,114,91,36.55%,42.85%,0.140768,2026-08-14
NEM,117.76,2026-10-16,62,Call,140.00,-18.89%,1.64,2.31,2.31,21074,286,73.69,41.57%,42.25%,0.189458,2026-08-14
NVDA,225.16,2026-08-28,13,Call,247.50,-9.92%,1.35,1.38,1.39,12889,194,66.44,37.99%,44.97%,0.144812,2026-08-14
MRNA,63.32,2026-08-21,6,Call,64.00,-1.07%,1.7,1.83,2.03,7033,115,61.16,68.08%,66.71%,0.470042,2026-08-14
FIGR,31.43,2026-08-21,6,Put,28.50,-9.32%,0.15,0.3,0.3,8138,143,56.91,76.09%,74.55%,-0.140658,2026-08-14
CIFR,17.85,2026-08-28,13,Put,15.50,-13.17%,0.35,0.42,0.63,10876,197,55.21,100.58%,108.72%,-0.21255,2026-08-14
TSLA,342.27,2026-08-17,2,Call,352.50,-2.99%,0.62,0.65,0.65,13656,279,48.95,39.20%,35.95%,0.13871,2026-08-14
INO,1.09,2028-01-21,524,Call,1.5000,-37.61%,0.15,0.3,0.55,5005,108,46.34,178.46%,87.05%,0.606878,2026-08-14
SHEL,90.47,2026-08-21,6,Call,94.00,-3.90%,0.1,0.19,0.25,10643,236,45.1,22.01%,25.29%,0.122347,2026-08-14
IR,83.34,2026-08-21,6,Call,85.00,-1.99%,0.4,0.67,0.95,5201,121,42.98,28.24%,30.86%,0.321261,2026-08-14
PSKY,10.14,2026-10-16,62,Call,13.00,-28.21%,0,0.2,0.24,6668,161,41.42,49.53%,48.44%,0.128829,2026-08-14
MSFT,495.4,2026-08-17,2,Call,497.50,-0.42%,1.75,1.84,1.99,10090,275,36.69,24.92%,18.85%,0.387892,2026-08-14
WULF,17.38,2026-09-04,20,Call,21.00,-20.83%,0.34,0.41,0.54,3506,102,34.37,87.01%,95.75%,0.218777,2026-08-14
MRNA,63.32,2026-08-21,6,Call,68.00,-7.39%,0.65,0.67,0.81,7140,209,34.16,68.08%,70.30%,0.229802,2026-08-14
TSLA,342.27,2026-08-17,2,Put,335.00,-2.12%,0.78,0.78,0.8,25605,770,33.25,39.20%,32.08%,-0.177827,2026-08-14
TSLA,342.27,2026-08-17,2,Put,337.50,-1.39%,1.3,1.33,1.34,18051,561,32.18,39.20%,31.55%,-0.267581,2026-08-14
FDXF,150.29,2026-09-18,34,Put,120.00,-20.15%,0,0.83,0.8,4450,139,32.01,50.19%,45.75%,-0.044137,2026-08-14
HUT,85.44,2026-11-20,97,Call,100.00,-17.04%,12.05,12.43,12.75,4038,127,31.8,96.11%,98.15%,0.484907,2026-08-14
WULF,17.38,2026-09-25,41,Put,13.00,-25.20%,0.24,0.4,0.54,12151,385,31.56,87.01%,85.58%,-0.134847,2026-08-14
AMD,514.39,2026-08-17,2,Call,530.00,-3.03%,2.5,2.51,2.6,9112,291,31.31,57.46%,52.10%,0.226354,2026-08-14
TSLA,342.27,2026-08-19,4,Call,372.50,-8.83%,0.36,0.36,0.39,3077,105,29.3,39.20%,48.74%,0.052016,2026-08-14
NVTS,14.45,2026-08-28,13,Call,14.50,-0.35%,1.02,1.03,1.11,6389,219,29.17,93.98%,99.37%,0.532768,2026-08-14
CAT,856.57,2026-10-16,62,Call,"1,050.00",-22.58%,7,7.97,10.25,3313,116,28.56,37.77%,39.97%,0.130628,2026-08-14
AMD,514.39,2026-08-17,2,Call,505.00,+1.83%,12.9,13.21,13.5,4029,146,27.6,57.46%,49.98%,0.699133,2026-08-14
BIDU,103.67,2026-09-04,20,Call,115.00,-10.93%,1.6,1.7,1.9,4542,168,27.04,49.38%,55.46%,0.236145,2026-08-14
NVDA,225.16,2026-08-17,2,Put,237.50,+5.48%,12,12.45,13.05,5941,220,27,37.99%,46.68%,-0.937433,2026-08-14
BW,10.29,2026-09-18,34,Put,8.00,-22.25%,0.15,0.2,0.35,5001,187,26.74,93.37%,91.96%,-0.147241,2026-08-14
AAOI,150.28,2026-08-21,6,Put,70.00,-53.42%,0,0.12,0.15,10000,380,26.32,112.71%,243.69%,-0.004623,2026-08-14
AMD,514.39,2026-08-17,2,Call,515.00,-0.12%,6.8,7.41,7.6,3506,134,26.16,57.46%,49.03%,0.496397,2026-08-14
APLD,31.2,2026-09-25,41,Put,25.00,-19.87%,0.77,1,1.2,3415,132,25.87,87.35%,85.77%,-0.176905,2026-08-14
SKHY,166.33,2026-10-16,62,Put,165.00,-0.80%,19.8,20,20.5,3613,145,24.92,75.28%,78.55%,-0.420195,2026-08-14
CORZ,20.18,2026-09-04,20,Call,23.00,-13.97%,0.4,0.5,0.55,4268,172,24.81,73.11%,72.79%,0.251131,2026-08-14
AMZN,262.65,2026-08-19,4,Call,265.00,-0.89%,1.9,1.88,1.96,3149,130,24.22,27.56%,26.47%,0.384657,2026-08-14
TSLA,342.27,2026-08-17,2,Call,342.50,-0.07%,3.1,3.2,3.2,33763,1396,24.19,39.20%,31.95%,0.496741,2026-08-14
SPCX,140,2026-09-04,20,Put,121.00,-13.57%,1.79,1.9,1.92,2539,106,23.95,64.22%,66.51%,-0.152389,2026-08-14
NVDA,225.16,2026-08-17,2,Put,232.50,+3.26%,7.25,7.53,7.5,5888,246,23.93,37.99%,23.96%,-0.967596,2026-08-14
NVDA,225.16,2026-08-17,2,Call,207.50,+7.84%,17.25,17.97,18.1,6966,293,23.77,37.99%,70.06%,0.94565,2026-08-14
AMZN,262.65,2026-08-17,2,Call,220.00,+16.24%,41.15,43.38,44.6,2604,112,23.25,27.56%,119.84%,0.979521,2026-08-14
PLTR,174.04,2026-11-20,97,Put,185.00,+6.30%,24.4,24.15,24.7,4897,212,23.1,44.36%,53.19%,-0.525268,2026-08-14
NU,15.23,2026-08-21,6,Put,16.00,+5.06%,0.78,0.9,0.95,11608,527,22.03,36.55%,45.53%,-0.7918,2026-08-14
MU,971.66,2026-08-17,2,Put,950.00,-2.23%,6.15,6.5,7.5,3651,167,21.86,64.81%,54.04%,-0.278287,2026-08-14
COIN,148.47,2026-08-21,6,Call,152.50,-2.71%,3,3.08,3.15,8080,372,21.72,61.96%,62.26%,0.386604,2026-08-14
AMD,514.39,2026-08-19,4,Call,510.00,+0.85%,14.7,14.45,15.45,3977,185,21.5,57.46%,59.14%,0.56979,2026-08-14
LEN,86.83,2026-08-21,6,Call,93.00,-7.11%,0.1,0.2,0.3,3858,180,21.43,41.28%,40.27%,0.096832,2026-08-14
RCL,305,2026-12-18,125,Call,330.00,-8.20%,18.9,19.95,20.6,3072,144,21.33,37.18%,40.63%,0.423748,2026-08-14
AVGO,392.99,2026-08-17,2,Put,385.00,-2.03%,1.13,1.24,1.3,2235,105,21.29,48.55%,35.01%,-0.208593,2026-08-14
IMXI,14.59,2027-03-19,216,Call,16.00,-9.66%,0.1,0.11,0.15,2781,132,21.07,70.06%,10.21%,0.202049,2026-08-14
TSLA,342.27,2026-08-17,2,Call,337.50,+1.39%,6.05,6.2,6.25,16860,816,20.66,39.20%,31.49%,0.733167,2026-08-14
ESTC,86.68,2026-09-18,34,Call,95.00,-9.60%,4,5.41,6,2249,110,20.45,79.73%,76.29%,0.396489,2026-08-14
SPCX,140,2028-01-21,524,Put,125.00,-10.71%,29.6,30.35,30.75,10014,493,20.31,64.22%,65.95%,-0.279586,2026-08-14
MTA,9.75,2027-02-19,188,Call,10.00,-2.56%,1.35,1.43,1.6,4074,204,19.97,52.97%,54.86%,0.565709,2026-08-14
DINO,93.67,2026-08-21,6,Call,105.00,-12.10%,0.1,0.12,0.4,2323,121,19.2,44.29%,60.97%,0.078006,2026-08-14
SPCX,140,2026-09-25,41,Put,95.00,-32.14%,0.7,0.74,0.83,11532,602,19.16,64.22%,75.59%,-0.047222,2026-08-14
WULF,17.38,2026-08-21,6,Put,17.50,+0.69%,0.81,0.92,0.92,6049,316,19.14,87.01%,87.42%,-0.510397,2026-08-14
MU,971.66,2026-08-17,2,Put,970.00,-0.17%,13.35,14,14.1,2159,113,19.11,64.81%,51.01%,-0.472723,2026-08-14
TSLA,342.27,2026-08-17,2,Call,350.00,-2.26%,0.94,0.95,0.97,87884,4638,18.95,39.20%,34.67%,0.197734,2026-08-14
CSCO,111.68,2026-09-11,27,Call,123.00,-10.14%,0.39,0.71,0.82,3551,189,18.79,29.83%,30.44%,0.134296,2026-08-14
GLXY,21.66,2026-10-16,62,Call,32.50,-50.05%,0.49,0.69,0.9,5207,282,18.46,81.10%,89.93%,0.186044,2026-08-14
TSLA,342.27,2026-08-17,2,Call,355.00,-3.72%,0.42,0.43,0.45,15627,852,18.34,39.20%,37.55%,0.098042,2026-08-14
MSTR,93.04,2026-08-21,6,Call,94.00,-1.03%,2.62,2.7,2.71,6024,335,17.98,66.03%,64.76%,0.47013,2026-08-14
QCOM,165.79,2026-08-21,6,Call,157.50,+5.00%,8.4,9.1,9.8,5778,323,17.89,43.09%,41.81%,0.838184,2026-08-14
AVGO,392.99,2026-08-17,2,Put,390.00,-0.76%,2.35,2.67,3.05,2197,123,17.86,48.55%,34.97%,-0.376972,2026-08-14
INTC,102.5,2026-08-17,2,Call,103.00,-0.49%,1.3,1.33,1.35,4350,244,17.83,65.55%,51.23%,0.458243,2026-08-14
AMD,514.39,2026-08-17,2,Put,495.00,-3.77%,1.46,1.55,1.63,4378,246,17.8,57.46%,51.29%,-0.150115,2026-08-14
CAPR,6.65,2026-09-18,34,Put,5.00,-24.81%,1,1.04,1.05,8553,481,17.78,241.28%,252.28%,-0.223905,2026-08-14
DKNG,26.14,2026-09-04,20,Call,28.00,-7.12%,0.44,0.5,0.56,3359,190,17.68,47.89%,47.21%,0.291539,2026-08-14
NBIS,277.68,2026-08-21,6,Call,182.50,+34.28%,93.3,86.26,96.1,1823,104,17.53,100.09%,91.57%,0.999862,2026-08-14
LTH,45.26,2026-09-18,34,Put,40.00,-11.62%,0.5,0.6,0.75,2303,132,17.45,45.29%,46.86%,-0.169288,2026-08-14
ONDS,9.24,2026-09-25,41,Put,7.50,-18.83%,0.19,0.28,0.35,4554,261,17.45,82.55%,80.00%,-0.177224,2026-08-14
DOCN,129.92,2026-08-21,6,Call,125.00,+3.79%,7.2,8.46,9.4,2500,144,17.36,79.77%,83.55%,0.662602,2026-08-14
RGTI,18.82,2026-10-16,62,Call,35.00,-85.97%,0.25,0.28,0.37,8335,481,17.33,83.08%,99.90%,0.099258,2026-08-14
CIFR,17.85,2026-08-28,13,Put,17.00,-4.76%,0.92,0.93,1.23,10796,623,17.33,100.58%,112.42%,-0.365993,2026-08-14
NXPI,234.71,2026-12-18,125,Call,360.00,-53.38%,1.15,2.56,3.9,4002,232,17.25,43.11%,48.69%,0.090735,2026-08-14
NRGV,3.79,2028-01-21,524,Call,2.00,+47.23%,2.15,2.45,2.75,1898,111,17.1,112.20%,104.52%,0.881635,2026-08-14
NU,15.23,2026-11-20,97,Call,17.00,-11.62%,0.68,0.72,0.76,10343,610,16.96,36.55%,41.78%,0.361145,2026-08-14
AXTI,81.64,2026-08-28,13,Call,80.00,+2.01%,7.5,8.25,10.3,1860,110,16.91,121.48%,131.88%,0.583627,2026-08-14
SEI,63.3,2026-09-18,34,Call,85.00,-34.28%,0.6,0.82,1.4,1753,105,16.7,75.39%,79.86%,0.140794,2026-08-14
COIN,148.47,2026-12-18,125,Put,110.00,-25.91%,6,6.35,6.35,5027,302,16.65,61.96%,67.96%,-0.163126,2026-08-14
NVDA,225.16,2026-08-17,2,Put,225.00,-0.07%,1.56,1.55,1.58,37842,2309,16.39,37.99%,25.06%,-0.477973,2026-08-14
CRWD,216.95,2026-12-18,125,Call,285.00,-31.37%,9.8,11.25,12.4,2223,136,16.35,59.59%,59.11%,0.281721,2026-08-14
OWL,12.22,2026-10-16,62,Put,11.00,-9.98%,0.3,0.39,0.4,9723,600,16.21,43.49%,42.02%,-0.251747,2026-08-14
ADEA,29.83,2026-09-18,34,Put,25.00,-16.19%,0.4,0.5,0.8,2027,126,16.09,64.22%,67.77%,-0.166023,2026-08-14
AVGO,392.99,2026-08-21,6,Call,407.50,-3.69%,2.94,3,3.35,2050,128,16.02,48.55%,41.25%,0.257819,2026-08-14
HPQ,30.11,2026-09-18,34,Put,30.00,-0.37%,2.03,2.1,2.18,21530,1351,15.94,57.43%,59.20%,-0.45502,2026-08-14
VST,148.13,2027-06-17,306,Put,160.00,+8.01%,30.15,31.02,31.85,2002,127,15.76,42.97%,48.51%,-0.466394,2026-08-14
CRWD,216.95,2026-08-28,13,Put,197.50,-8.97%,3.55,3.75,3.85,2188,139,15.74,59.59%,69.42%,-0.214381,2026-08-14
IVZ,32.55,2026-09-18,34,Call,36.00,-10.60%,0.15,0.3,0.4,1630,104,15.67,33.07%,32.34%,0.167853,2026-08-14
MSTR,93.04,2026-08-21,6,Call,96.50,-3.72%,1.74,1.76,1.83,7598,489,15.54,66.03%,66.12%,0.351473,2026-08-14
MSTR,93.04,2026-08-21,6,Call,93.00,+0.04%,3.05,3.14,3.15,2500,162,15.43,66.03%,64.19%,0.521383,2026-08-14
LRCX,332.36,2026-10-16,62,Put,230.00,-30.80%,2.21,3.02,3.55,12575,816,15.41,59.91%,65.89%,-0.065391,2026-08-14
MPC,355.42,2026-08-21,6,Call,380.00,-6.92%,0.35,0.9,2.2,2554,170,15.02,40.18%,44.62%,0.128571,2026-08-14
TXN,279.58,2026-11-20,97,Call,290.00,-3.73%,21,22.07,22.7,1516,101,15.01,39.66%,44.99%,0.4891,2026-08-14
CVX,200,2026-08-21,6,Call,207.50,-3.75%,0.39,0.44,0.46,2869,192,14.94,25.52%,25.33%,0.131976,2026-08-14
TSLA,342.27,2026-08-19,4,Call,357.50,-4.45%,1.28,1.3,1.33,1862,125,14.9,39.20%,41.75%,0.167195,2026-08-14
MU,971.66,2026-08-17,2,Call,"1,020.00",-4.97%,2.2,2.3,2.35,4346,292,14.88,64.81%,54.61%,0.119772,2026-08-14
WDAY,198.68,2026-08-21,6,Call,200.00,-0.66%,4.8,4.9,5.8,8820,594,14.85,51.64%,57.71%,0.482273,2026-08-14
CNA,51,2026-08-21,6,Call,48.00,+5.88%,2.8,3.14,3.3,1682,114,14.75,33.71%,30.64%,0.940759,2026-08-14
PSKY,10.14,2027-12-17,489,Put,10.00,-1.38%,0.98,2.3,3.7,4003,274,14.61,49.53%,56.83%,-0.348487,2026-08-14
TSLA,342.27,2026-09-18,34,Put,190.00,-44.49%,0.1,0.13,0.14,8474,582,14.56,39.20%,77.53%,-0.004412,2026-08-14
GLXY,21.66,2026-08-21,6,Call,23.50,-8.49%,0.28,0.34,0.4,2714,189,14.36,81.10%,86.57%,0.250212,2026-08-14
AMD,514.39,2026-08-17,2,Call,512.50,+0.37%,8.4,8.6,8.9,1607,113,14.22,57.46%,50.22%,0.548939,2026-08-14
TSLA,342.27,2026-08-17,2,Call,347.50,-1.53%,1.41,1.42,1.45,24275,1708,14.21,39.20%,33.45%,0.2769,2026-08-14
TSLA,342.27,2026-08-17,2,Call,345.00,-0.80%,2.11,2.15,2.17,34620,2458,14.08,39.20%,32.54%,0.378437,2026-08-14
NVDA,225.16,2026-08-17,2,Put,227.50,+1.04%,2.89,3.15,3.15,7862,562,13.99,37.99%,24.10%,-0.713921,2026-08-14
MU,971.66,2026-08-17,2,Call,965.00,+0.69%,17.3,19,20.75,2437,175,13.93,64.81%,53.72%,0.578393,2026-08-14
CLOV,4.6,2026-09-04,20,Put,4.50,-2.17%,0.17,0.19,0.26,1420,102,13.92,57.41%,62.59%,-0.407381,2026-08-14
CIFR,17.85,2026-11-20,97,Call,21.00,-17.65%,2.59,2.94,3.15,5036,362,13.91,100.58%,106.55%,0.499134,2026-08-14
AMAT,507.18,2026-10-16,62,Put,370.00,-27.05%,3.85,4.6,4.95,6397,465,13.76,55.43%,58.40%,-0.073228,2026-08-14
MU,971.66,2026-08-17,2,Call,"1,050.00",-8.06%,0.72,0.75,0.79,12020,874,13.75,64.81%,60.21%,0.043341,2026-08-14
NBIS,277.68,2026-08-28,13,Call,272.50,+1.87%,23.35,23.11,25,1375,100,13.75,100.09%,103.05%,0.579544,2026-08-14
TSLA,342.27,2026-08-17,2,Call,365.00,-6.64%,0.13,0.14,0.14,5854,427,13.71,39.20%,45.75%,0.030357,2026-08-14
AMZN,262.65,2026-08-17,2,Put,262.50,-0.06%,1.44,1.59,1.66,8944,661,13.53,27.56%,21.23%,-0.478326,2026-08-14
RGTI,18.82,2026-09-04,20,Call,24.00,-27.52%,0.26,0.3,0.32,1897,141,13.45,83.08%,90.99%,0.152493,2026-08-14
KR,56.69,2027-06-17,306,Put,55.00,-2.98%,5.05,5.2,6,3014,226,13.34,33.54%,33.14%,-0.38398,2026-08-14
TSLA,342.27,2026-08-19,4,Put,340.00,-0.66%,4.2,4.32,4.3,3677,277,13.27,39.20%,37.64%,-0.42193,2026-08-14
GOOGL,345.9,2026-08-17,2,Put,347.50,+0.46%,2.8,3.18,3.55,1331,101,13.18,27.71%,22.68%,-0.602027,2026-08-14
PL,24.69,2028-01-21,524,Put,20.00,-19.00%,6.6,6.85,8.2,2773,211,13.14,96.45%,101.67%,-0.209115,2026-08-14
TSLA,342.27,2026-09-25,41,Put,320.00,-6.51%,8.05,8.15,8.25,2236,171,13.08,39.20%,39.48%,-0.273773,2026-08-14
AMZN,262.65,2026-08-19,4,Call,270.00,-2.80%,0.67,0.67,0.72,6815,522,13.06,27.56%,27.31%,0.174311,2026-08-14
INTC,102.5,2026-08-17,2,Put,103.00,+0.49%,1.72,1.8,1.84,2964,227,13.06,65.55%,50.29%,-0.543188,2026-08-14
GDS,34.41,2027-01-15,153,Call,55.00,-59.84%,0.75,1.12,1.4,1553,119,13.05,56.04%,61.40%,0.173501,2026-08-14
QXO,14.51,2026-09-04,20,Put,12.00,-17.30%,0.05,0.1,0.2,1294,100,12.94,61.76%,69.43%,-0.103646,2026-08-14
AAPL,305.93,2026-08-17,2,Call,307.50,-0.51%,0.9,0.95,0.95,29560,2296,12.87,22.68%,17.31%,0.352262,2026-08-14
VG,13.99,2026-09-11,27,Call,16.00,-14.37%,0.3,0.34,0.4,1693,132,12.83,61.21%,65.18%,0.255898,2026-08-14
AMD,514.39,2026-08-17,2,Put,490.00,-4.74%,0.92,1,1.02,1423,111,12.82,57.46%,52.39%,-0.100852,2026-08-14
MSFT,495.4,2026-08-19,4,Call,500.00,-0.93%,2.73,2.85,3.3,3409,266,12.82,24.92%,23.68%,0.363986,2026-08-14
TSLA,342.27,2026-08-17,2,Call,357.50,-4.45%,0.29,0.31,0.31,5065,397,12.76,39.20%,39.14%,0.069266,2026-08-14
TSLA,342.27,2026-08-21,6,Put,342.50,+0.07%,6.75,6.85,6.9,2711,213,12.73,39.20%,38.84%,-0.491674,2026-08-14
TSLA,342.27,2026-08-21,6,Call,347.50,-1.53%,4.75,4.85,4.85,11252,884,12.73,39.20%,39.86%,0.397593,2026-08-14
TSLA,342.27,2026-08-17,2,Call,340.00,+0.66%,4.45,4.45,4.55,61538,4853,12.68,39.20%,31.73%,0.619268,2026-08-14
MU,971.66,2026-08-17,2,Put,960.00,-1.20%,9.2,9.7,10.05,3215,254,12.66,64.81%,51.88%,-0.367682,2026-08-14
INTC,102.5,2026-08-17,2,Put,102.00,-0.49%,1.24,1.28,1.32,3048,241,12.65,65.55%,50.48%,-0.439024,2026-08-14
DHT,19.52,2027-01-15,153,Call,15.00,+23.16%,4.3,4.7,4.7,23516,1863,12.62,42.49%,46.24%,0.857586,2026-08-14
UPS,104.5,2027-01-15,153,Call,65.00,+37.80%,38.9,39.45,40.3,1260,100,12.6,23.48%,47.80%,0.968122,2026-08-14
AAOI,150.28,2026-09-18,34,Put,155.00,+3.14%,22.4,22.95,23.4,3023,242,12.49,112.71%,112.11%,-0.464922,2026-08-14
FLEX,126.16,2026-09-18,34,Put,115.00,-8.85%,2.9,5.19,6.9,2688,217,12.39,68.27%,65.49%,-0.281589,2026-08-14
DHT,19.52,2027-01-15,153,Call,12.00,+38.52%,7.3,7.6,8.2,2525,204,12.38,42.49%,75.24%,0.89606,2026-08-14
DHT,19.52,2027-01-15,153,Call,10.00,+48.77%,9.3,9.5,10,1720,139,12.37,42.49%,89.75%,0.935577,2026-08-14
SCCO,184.61,2026-08-21,6,Put,172.50,-6.56%,0.05,0.72,1,1911,155,12.33,47.05%,43.27%,-0.104735,2026-08-14
ANET,198.82,2026-11-20,97,Call,210.00,-5.62%,18.2,18.75,19.15,1623,132,12.3,49.48%,54.99%,0.493932,2026-08-14
NVDA,225.16,2026-08-17,2,Put,235.00,+4.37%,9.15,10.01,10.7,2025,165,12.27,37.99%,34.21%,-0.954904,2026-08-14
POET,9.58,2026-08-28,13,Call,12.00,-25.26%,0.15,0.15,0.17,3298,269,12.26,95.21%,110.31%,0.165589,2026-08-14
VIRT,60.02,2026-08-21,6,Call,60.00,+0.03%,1,1.4,1.6,2104,172,12.23,38.55%,41.72%,0.515522,2026-08-14
AMPX,12.51,2026-09-18,34,Call,17.00,-35.89%,0.2,0.3,0.4,3259,268,12.16,84.05%,93.02%,0.177154,2026-08-14
AMD,514.39,2026-08-17,2,Call,525.00,-2.06%,3.45,3.7,3.75,3438,284,12.11,57.46%,50.48%,0.300684,2026-08-14
META,589.85,2026-08-17,2,Call,602.50,-2.14%,0.9,0.97,0.97,1824,151,12.08,32.86%,27.37%,0.151899,2026-08-14
LRCX,332.36,2026-08-28,13,Call,340.00,-2.30%,11.15,12.1,13.4,1552,131,11.85,59.91%,61.83%,0.449681,2026-08-14
GDS,34.41,2026-08-21,6,Call,36.00,-4.62%,0.05,0.45,0.45,2009,170,11.82,56.04%,44.55%,0.226051,2026-08-14
NBIS,277.68,2026-08-28,13,Put,260.00,-6.37%,13,13.35,13.95,1873,159,11.78,100.09%,105.34%,-0.331466,2026-08-14
HUT,85.44,2026-11-20,97,Call,150.00,-75.56%,3.8,4.05,4.3,8126,690,11.78,96.11%,99.44%,0.205593,2026-08-14
CRWV,105.26,2026-08-21,6,Call,111.00,-5.45%,2.19,2.44,2.39,1416,121,11.7,76.89%,82.87%,0.329575,2026-08-14
DHT,19.52,2026-12-18,125,Call,14.00,+28.28%,4.9,5.7,5.9,1175,101,11.63,42.49%,57.97%,0.882681,2026-08-14
TSLA,342.27,2026-08-19,4,Call,345.00,-0.80%,4.3,4.3,4.4,5882,507,11.6,39.20%,38.69%,0.434029,2026-08-14
WMT,115.27,2026-08-28,13,Put,115.00,-0.23%,3.05,3.1,3.3,3581,313,11.44,29.19%,38.76%,-0.468317,2026-08-14
TSLA,342.27,2026-08-17,2,Put,332.50,-2.85%,0.45,0.46,0.47,8077,710,11.38,39.20%,32.82%,-0.112781,2026-08-14
AMZN,262.65,2026-08-17,2,Call,265.00,-0.89%,0.8,0.82,0.82,11391,1001,11.38,27.56%,22.08%,0.299898,2026-08-14
PKE,38.2,2026-08-21,6,Call,40.00,-4.71%,0.2,0.35,0.5,1771,156,11.35,57.93%,49.97%,0.247976,2026-08-14
MU,971.66,2026-08-17,2,Put,930.00,-4.29%,2.47,2.51,2.61,3443,305,11.29,64.81%,53.59%,-0.129417,2026-08-14
AME,254.79,2026-11-20,97,Call,270.00,-5.97%,6.7,8.2,9.5,1263,112,11.28,22.81%,25.30%,0.377032,2026-08-14
XOM,160.1,2028-01-21,524,Call,60.00,+62.52%,97.5,100.2,102.5,1200,107,11.21,27.35%,44.75%,0.988633,2026-08-14
NBIS,277.68,2027-01-15,153,Put,350.00,+26.04%,117.55,120.17,120.1,2027,181,11.2,100.09%,102.10%,-0.503767,2026-08-14
META,589.85,2028-06-16,671,Call,"1,160.00",-96.66%,33,36.9,36.6,1566,140,11.19,32.86%,43.10%,0.225559,2026-08-14
TSLA,342.27,2026-08-24,9,Put,340.00,-0.66%,6.35,6.5,6.5,1419,127,11.17,39.20%,35.71%,-0.436631,2026-08-14
S,23.11,2026-08-21,6,Call,25.00,-8.18%,0.1,0.15,0.15,5402,484,11.16,62.84%,56.51%,0.149012,2026-08-14
DHT,19.52,2026-12-18,125,Call,15.00,+23.16%,4.2,4.5,5.1,2000,181,11.05,42.49%,46.66%,0.877261,2026-08-14
STM,54.29,2027-01-15,153,Call,85.00,-56.57%,1.6,1.7,1.75,5267,477,11.04,53.78%,59.64%,0.175146,2026-08-14
INTC,102.5,2026-08-17,2,Put,104.00,+1.46%,2.34,2.49,2.48,1995,182,10.96,65.55%,51.05%,-0.641428,2026-08-14
AVGO,392.99,2026-09-11,27,Put,385.00,-2.03%,16.6,17.38,17.65,1388,127,10.93,48.55%,50.35%,-0.408382,2026-08-14
XOM,160.1,2026-08-21,6,Call,120.00,+25.05%,38.45,40.18,41.95,1201,110,10.92,27.35%,103.20%,0.987303,2026-08-14
COF,227.34,2026-08-21,6,Call,145.00,+36.22%,81,82.3,83.8,1200,110,10.91,24.96%,127.17%,0.997524,2026-08-14
NVDA,225.16,2026-08-19,4,Put,227.50,+1.04%,4.05,4.05,4.15,3045,280,10.88,37.99%,29.84%,-0.620794,2026-08-14
TSLA,342.27,2026-08-19,4,Call,370.00,-8.10%,0.43,0.44,0.46,3473,322,10.79,39.20%,47.32%,0.061779,2026-08-14
UPS,104.5,2027-01-15,153,Call,60.00,+42.58%,43.95,44.5,45.95,1260,117,10.77,23.48%,62.19%,0.948795,2026-08-14
DHT,19.52,2026-09-18,34,Call,16.00,+18.03%,3.3,3.7,3.9,1416,132,10.73,42.49%,54.55%,0.907168,2026-08-14
TSLA,342.27,2026-08-19,4,Put,337.50,-1.39%,3.2,3.25,3.3,1820,170,10.71,39.20%,37.65%,-0.35033,2026-08-14
AMZN,262.65,2026-08-17,2,Put,257.50,-1.96%,0.28,0.3,0.3,4932,463,10.65,27.56%,23.71%,-0.125611,2026-08-14
BRK.B,504.03,2026-08-21,6,Put,502.50,-0.30%,2.31,2.24,2.93,2185,206,10.61,13.55%,13.38%,-0.415473,2026-08-14
BIRK,39.35,2026-09-18,34,Call,45.00,-14.36%,0.35,0.5,0.5,1396,132,10.58,45.13%,41.78%,0.168202,2026-08-14
DHT,19.52,2026-09-18,34,Call,17.00,+12.91%,1.9,2.65,2.8,2610,248,10.52,42.49%,46.05%,0.856213,2026-08-14
INTC,102.5,2026-08-21,6,Call,108.00,-5.37%,1.46,1.48,1.54,8449,811,10.42,65.55%,66.62%,0.286598,2026-08-14
AMZN,262.65,2026-08-17,2,Put,260.00,-1.01%,0.7,0.71,0.73,9222,887,10.4,27.56%,22.57%,-0.265669,2026-08-14
MU,971.66,2026-08-17,2,Call,980.00,-0.86%,10.9,11.35,12,5980,576,10.38,64.81%,52.68%,0.422813,2026-08-14
DHT,19.52,2026-12-18,125,Call,13.00,+33.40%,5.8,6.7,7.2,1875,181,10.36,42.49%,67.32%,0.896997,2026-08-14
PL,24.69,2028-01-21,524,Put,30.00,+21.51%,13.1,13.5,13.7,4106,397,10.34,96.45%,93.18%,-0.345202,2026-08-14
PGR,209.6,2026-08-21,6,Put,202.50,-3.39%,0.55,0.75,0.85,1394,135,10.33,26.08%,28.80%,-0.167154,2026-08-14
FIGR,31.43,2027-01-15,153,Put,15.00,-52.27%,0.35,0.47,0.65,1040,101,10.3,76.09%,87.27%,-0.052886,2026-08-14
MU,971.66,2026-08-17,2,Call,"1,025.00",-5.49%,1.78,1.89,1.94,2419,235,10.29,64.81%,55.33%,0.10031,2026-08-14
AVGO,392.99,2026-08-21,6,Call,395.00,-0.51%,6.95,7.32,7.5,4807,467,10.29,48.55%,40.22%,0.474554,2026-08-14
DHT,19.52,2026-09-18,34,Call,14.00,+28.28%,5.2,5.6,5.8,1428,139,10.27,42.49%,81.03%,0.934227,2026-08-14
TSM,426.35,2026-08-21,6,Call,437.50,-2.62%,3.05,3.25,3.35,2316,226,10.25,34.81%,33.61%,0.285518,2026-08-14
WDAY,198.68,2026-08-21,6,Put,190.00,-4.37%,1.65,2.05,2.3,4681,461,10.15,51.64%,52.71%,-0.241122,2026-08-14
UPS,104.5,2027-03-19,216,Call,70.00,+33.01%,33.9,34.7,35.25,2520,249,10.12,23.48%,36.22%,0.971289,2026-08-14
COP,126.78,2026-08-21,6,Call,95.00,+25.07%,31,31.65,32.7,1210,120,10.08,28.61%,101.71%,0.988334,2026-08-14
AVGO,392.99,2026-08-17,2,Call,390.00,+0.76%,5.6,5.8,6.15,1453,145,10.02,48.55%,36.09%,0.619938,2026-08-14
COP,126.78,2026-09-18,34,Call,87.50,+30.98%,37.25,39.65,40.05,1200,120,10,28.61%,69.79%,0.966526,2026-08-14
AFRM,78.35,2026-10-16,62,Call,80.00,-2.11%,6.25,7.75,8,1420,142,10,69.24%,59.37%,0.525086,2026-08-14
TSSI,9.68,2026-09-18,34,Put,7.50,-22.52%,0.25,0.31,0.4,996,100,9.96,103.40%,105.43%,-0.167671,2026-08-14
LAES,3.01,2026-08-21,6,Put,3.00,-0.33%,0.07,0.12,0.19,3565,360,9.9,84.99%,88.37%,-0.46402,2026-08-14
VERA,31.63,2026-09-18,34,Call,35.00,-10.65%,1.7,1.75,2.85,2273,230,9.88,85.94%,91.09%,0.415738,2026-08-14
TSLA,342.27,2026-08-17,2,Call,367.50,-7.37%,0.1,0.11,0.12,1033,105,9.84,39.20%,48.12%,0.024246,2026-08-14
DHT,19.52,2026-09-18,34,Call,15.00,+23.16%,4.3,4.6,4.8,2775,282,9.84,42.49%,60.11%,0.953516,2026-08-14
AAPL,305.93,2026-08-19,4,Call,307.50,-0.51%,2.01,2.09,2.11,9354,953,9.82,22.68%,21.30%,0.419816,2026-08-14
AMD,514.39,2026-08-17,2,Call,520.00,-1.09%,5.1,5.28,5.45,3248,331,9.81,57.46%,50.54%,0.395136,2026-08-14
META,589.85,2026-08-17,2,Call,610.00,-3.42%,0.31,0.35,0.36,6308,644,9.8,32.86%,29.07%,0.061515,2026-08-14
TSLA,342.27,2026-08-21,6,Call,352.50,-2.99%,3.25,3.25,3.35,8622,883,9.76,39.20%,40.73%,0.299242,2026-08-14
TTD,14.14,2028-12-15,853,Call,10.00,+29.28%,7.55,7.7,8.75,2006,206,9.74,52.73%,79.70%,0.835053,2026-08-14
METC,12.25,2028-01-21,524,Call,20.00,-63.27%,2.7,2.75,3.6,2569,264,9.73,77.85%,86.96%,0.515741,2026-08-14
BNTX,93.09,2026-12-18,125,Call,120.00,-28.91%,2.5,2.8,2.85,1347,139,9.69,35.10%,49.81%,0.200831,2026-08-14
SHOP,154.32,2026-08-21,6,Put,145.00,-6.04%,0.45,0.65,0.69,4101,426,9.63,43.45%,44.17%,-0.12757,2026-08-14
XOM,160.1,2026-08-21,6,Call,149.00,+6.93%,9.85,11.1,12.05,1211,126,9.61,27.35%,22.18%,0.994142,2026-08-14
AMD,514.39,2026-08-17,2,Call,517.50,-0.60%,6.05,6.4,6.4,1016,106,9.58,57.46%,50.12%,0.444884,2026-08-14
MU,971.66,2026-08-17,2,Call,970.00,+0.17%,14.8,16.45,16.9,5529,577,9.58,64.81%,52.01%,0.527404,2026-08-14
AVGO,392.99,2026-08-17,2,Put,395.00,+0.51%,4.9,5.3,5.3,1216,127,9.57,48.55%,34.80%,-0.57155,2026-08-14
HOOD,95.56,2026-08-21,6,Put,91.00,-4.77%,1.02,1.03,1.05,5614,588,9.55,57.43%,57.60%,-0.240008,2026-08-14
MSTR,93.04,2026-09-04,20,Call,94.00,-1.03%,5.1,4.7,5.65,1277,134,9.53,66.03%,66.01%,0.50945,2026-08-14
APLD,31.2,2026-09-11,27,Call,37.00,-18.59%,0.58,0.96,1.13,1441,152,9.48,87.35%,77.21%,0.243761,2026-08-14
MU,971.66,2026-08-17,2,Put,940.00,-3.26%,4,4.04,4.2,1152,122,9.44,64.81%,52.85%,-0.191884,2026-08-14
DHT,19.52,2026-08-21,6,Call,17.00,+12.91%,2.25,2.65,2.7,21732,2308,9.42,42.49%,96.41%,0.880545,2026-08-14
SGML,11.99,2026-09-18,34,Call,12.00,-0.08%,1.3,1.4,1.55,3182,338,9.41,94.60%,97.02%,0.562337,2026-08-14
TSLA,342.27,2026-08-19,4,Call,350.00,-2.26%,2.67,2.7,2.75,12395,1318,9.4,39.20%,39.60%,0.305547,2026-08-14
META,589.85,2026-08-17,2,Call,592.50,-0.45%,3.3,3.5,3.5,1048,112,9.36,32.86%,26.12%,0.415685,2026-08-14
AMD,514.39,2026-08-17,2,Call,502.50,+2.31%,14.45,14.92,15.5,1735,186,9.33,57.46%,50.00%,0.744044,2026-08-14
HIVE,2.69,2026-10-02,48,Call,0.50,+81.41%,1.95,2.31,4.1,941,101,9.32,102.52%,447.48%,0.967947,2026-08-14
IREN,44.06,2026-08-21,6,Call,44.50,-1.00%,1.6,1.76,1.83,3689,397,9.29,97.88%,84.61%,0.487283,2026-08-14
BIDU,103.67,2026-08-28,13,Call,115.00,-10.93%,0.48,1.22,1.98,1012,109,9.28,49.38%,60.01%,0.198256,2026-08-14
MARA,9.2,2026-08-28,13,Call,9.00,+2.17%,0.62,0.62,0.66,1484,161,9.22,79.19%,77.11%,0.592005,2026-08-14
AS,32.87,2026-08-21,6,Call,32.50,+1.13%,1.85,1.96,2,27935,3043,9.18,57.79%,103.19%,0.562077,2026-08-14
DHT,19.52,2026-08-21,6,Call,18.00,+7.79%,1.4,1.5,1.6,59509,6500,9.16,42.49%,40.23%,0.954243,2026-08-14
EXK,10.66,2026-11-20,97,Call,17.50,-64.17%,0.2,0.3,0.3,1887,207,9.12,70.79%,74.24%,0.140702,2026-08-14
MSFT,495.4,2026-08-19,4,Put,477.50,-3.61%,0.52,0.58,0.6,1324,146,9.07,24.92%,26.41%,-0.087638,2026-08-14
NVDA,225.16,2026-08-17,2,Call,227.50,-1.04%,0.76,0.78,0.8,53504,5899,9.07,37.99%,25.24%,0.296366,2026-08-14
COP,126.78,2026-09-18,34,Call,95.00,+25.07%,31.4,31.9,32.2,2400,265,9.06,28.61%,25.84%,0.997631,2026-08-14
ZIM,28.14,2028-12-15,853,Call,15.00,+46.70%,13.2,14,15.5,2114,234,9.03,50.72%,33.20%,0.931835,2026-08-14
COP,126.78,2026-09-18,34,Call,82.50,+34.93%,42.15,43.95,45.6,1200,133,9.02,28.61%,50.78%,0.99732,2026-08-14
NBIS,277.68,2027-06-17,306,Put,170.00,-38.78%,33.75,35.75,38,1044,116,9,100.09%,104.83%,-0.154337,2026-08-14
IREN,44.06,2026-09-04,20,Call,52.00,-18.02%,1.68,1.85,2.13,3971,441,9,97.88%,108.76%,0.302997,2026-08-14
TSLA,342.27,2026-08-17,2,Put,330.00,-3.58%,0.27,0.29,0.29,11691,1299,9,39.20%,34.21%,-0.071931,2026-08-14
NVDA,225.16,2026-08-17,2,Put,230.00,+2.15%,4.95,5.28,5.2,1573,175,8.99,37.99%,24.98%,-0.873281,2026-08-14
LW,53.07,2026-10-16,62,Call,60.00,-13.06%,1.15,1.25,1.6,1500,167,8.98,29.94%,41.87%,0.267579,2026-08-14
NVO,45.89,2026-08-21,6,Call,30.00,+34.63%,15.8,15.95,16,2401,269,8.93,30.92%,143.79%,0.993295,2026-08-14
AMZN,262.65,2026-08-28,13,Call,277.50,-5.65%,1.12,1.16,1.19,3736,420,8.9,27.56%,28.03%,0.161372,2026-08-14
PGEN,6.1,2026-09-18,34,Call,6.00,+1.64%,0,0.6,0.65,1893,213,8.89,53.24%,39.43%,0.561475,2026-08-14
NVDA,225.16,2026-08-21,6,Call,237.50,-5.48%,0.47,0.48,0.48,20153,2281,8.84,37.99%,32.61%,0.106933,2026-08-14
META,589.85,2026-08-17,2,Put,592.50,+0.45%,5.85,5.99,6.45,1083,123,8.8,32.86%,27.28%,-0.581321,2026-08-14
CRWV,105.26,2026-08-21,6,Call,108.00,-2.60%,3.15,3.21,3.35,1340,153,8.76,76.89%,81.86%,0.425933,2026-08-14
RDDT,178.09,2026-08-21,6,Put,175.00,-1.74%,3.9,4.13,4.3,2094,239,8.76,58.66%,61.46%,-0.394396,2026-08-14
NVDA,225.16,2026-08-17,2,Call,192.50,+14.51%,29.9,32.8,35.45,1076,124,8.68,37.99%,101.86%,0.982896,2026-08-14
NKE,40.73,2026-08-28,13,Put,40.00,-1.79%,0.55,0.6,0.64,10407,1213,8.58,33.26%,30.05%,-0.364421,2026-08-14
DHT,19.52,2026-08-21,6,Call,15.00,+23.16%,4,4.7,4.8,12576,1468,8.57,42.49%,168.85%,0.906911,2026-08-14
AAPL,305.93,2026-08-17,2,Put,305.00,-0.30%,1.1,1.17,1.25,13398,1567,8.55,22.68%,17.93%,-0.402323,2026-08-14
DHT,19.52,2026-09-18,34,Call,18.00,+7.79%,0.85,1.52,1.65,1477,173,8.54,42.49%,20.29%,0.982753,2026-08-14
TSLA,342.27,2026-08-19,4,Call,355.00,-3.72%,1.63,1.64,1.67,3994,469,8.52,39.20%,40.81%,0.204879,2026-08-14
AMD,514.39,2026-08-17,2,Put,485.00,-5.71%,0.57,0.6,0.69,2580,306,8.43,57.46%,54.25%,-0.068161,2026-08-14
KLAR,20.79,2026-08-21,6,Put,16.50,-20.63%,0.2,0.25,0.3,1710,203,8.42,88.30%,160.99%,-0.110167,2026-08-14
COIN,148.47,2026-12-18,125,Put,80.00,-46.12%,1.22,1.47,1.76,5003,596,8.39,61.96%,73.96%,-0.047171,2026-08-14
COIN,148.47,2026-08-21,6,Put,143.00,-3.68%,2.04,2.16,2.26,1768,211,8.38,61.96%,58.74%,-0.293538,2026-08-14
AAPL,305.93,2026-08-17,2,Call,305.00,+0.30%,2.03,2.11,2.14,23771,2848,8.35,22.68%,17.11%,0.602937,2026-08-14
UPS,104.5,2026-10-16,62,Call,80.00,+23.44%,23.85,25,25.35,2890,347,8.33,23.48%,40.27%,0.967227,2026-08-14
SNOW,328.92,2026-08-21,6,Call,332.50,-1.09%,5.6,6.31,6.9,2545,307,8.29,66.51%,46.28%,0.443248,2026-08-14
GOOGL,345.9,2026-08-19,4,Call,355.00,-2.63%,0.94,1,1.1,2597,314,8.27,27.71%,27.37%,0.189614,2026-08-14
AMZN,262.65,2026-08-19,4,Put,257.50,-1.96%,0.94,1.01,1.02,2784,337,8.26,27.56%,26.45%,-0.229071,2026-08-14
PL,24.69,2026-08-28,13,Call,29.00,-17.46%,0.2,0.25,0.3,1374,167,8.23,96.45%,75.42%,0.146812,2026-08-14
WDAY,198.68,2026-08-21,6,Call,210.00,-5.70%,1.45,1.9,1.95,1513,185,8.18,51.64%,53.69%,0.223025,2026-08-14
AVGO,392.99,2026-09-04,20,Call,410.00,-4.33%,13,13.2,13.75,817,100,8.17,48.55%,54.83%,0.399868,2026-08-14
AVGO,392.99,2026-08-21,6,Call,392.50,+0.12%,8.5,8.45,8.7,2621,321,8.17,48.55%,41.11%,0.523584,2026-08-14
XOM,160.1,2026-08-21,6,Call,146.00,+8.81%,13.05,13.97,15.25,1200,147,8.16,27.35%,32.51%,0.98694,2026-08-14
MU,971.66,2026-08-17,2,Call,985.00,-1.37%,9.3,9.81,9.75,1436,176,8.16,64.81%,52.63%,0.372382,2026-08-14
AMD,514.39,2026-08-21,6,Call,505.00,+1.83%,20.7,21,21.35,3832,473,8.1,57.46%,60.28%,0.612093,2026-08-14
ALOY,14.72,2026-09-18,34,Put,8.00,-45.65%,0.1,0.1,0.2,1003,124,8.09,119.96%,138.96%,-0.048728,2026-08-14
META,589.85,2026-08-17,2,Put,575.00,-2.52%,0.54,0.54,0.61,1132,140,8.09,32.86%,27.35%,-0.100685,2026-08-14
MU,971.66,2026-09-25,41,Put,260.00,-73.24%,0.01,0.19,0.59,1181,146,8.09,64.81%,148.60%,-0.001847,2026-08-14
MU,971.66,2026-08-17,2,Call,975.00,-0.34%,12.35,13.5,14,3722,460,8.09,64.81%,51.14%,0.473459,2026-08-14
META,589.85,2026-08-17,2,Put,585.00,-0.82%,2.15,2.7,2.69,1018,126,8.08,32.86%,25.73%,-0.325926,2026-08-14
GOOGL,345.9,2026-08-17,2,Call,347.50,-0.46%,1.45,1.52,1.6,6643,823,8.07,27.71%,21.57%,0.393781,2026-08-14
CRWV,105.26,2026-08-21,6,Call,112.00,-6.40%,1.96,2,2.08,1750,218,8.03,76.89%,83.03%,0.300044,2026-08-14
AVGO,392.99,2026-08-21,6,Put,362.50,-7.76%,0.63,0.71,0.79,1458,182,8.01,48.55%,43.93%,-0.070761,2026-08-14
NVTS,14.45,2026-08-21,6,Put,14.50,+0.35%,0.65,0.73,0.79,959,120,7.99,93.98%,94.44%,-0.485666,2026-08-14
CAT,856.57,2026-08-21,6,Put,815.00,-4.85%,2.34,3.15,3.95,940,118,7.97,37.77%,37.78%,-0.144493,2026-08-14
MU,971.66,2026-08-17,2,Call,960.00,+1.20%,21.45,23,23.45,5083,639,7.95,64.81%,55.50%,0.625218,2026-08-14
PL,24.69,2027-01-15,153,Call,70.00,-183.52%,0.4,0.7,0.7,3979,502,7.93,96.45%,97.52%,0.095215,2026-08-14
META,589.85,2026-08-17,2,Call,597.50,-1.30%,1.73,1.79,1.92,1205,153,7.88,32.86%,26.56%,0.26224,2026-08-14
AMZN,262.65,2026-08-19,4,Put,250.00,-4.82%,0.16,0.19,0.2,1126,143,7.87,27.56%,29.52%,-0.052099,2026-08-14
AMZN,262.65,2026-08-17,2,Call,215.00,+18.14%,46.3,48.36,49.6,1342,171,7.85,27.56%,140.72%,0.975903,2026-08-14
AMZN,262.65,2026-08-17,2,Put,272.50,+3.75%,9.55,9.2,10.35,2316,295,7.85,27.56%,30.57%,-0.948877,2026-08-14
AMTX,1.77,2028-01-21,524,Call,7.5000,-323.73%,0,0.37,0.45,3019,385,7.84,128.46%,99.19%,0.283741,2026-08-14
CRCL,71.6,2026-08-21,6,Call,73.00,-1.96%,2.13,2.27,2.32,2814,360,7.82,76.73%,77.18%,0.444247,2026-08-14
SPCX,140,2026-09-04,20,Call,131.00,+6.43%,12.85,13.43,14.15,804,103,7.81,64.22%,63.65%,0.703291,2026-08-14
AMD,514.39,2026-08-28,13,Call,540.00,-4.98%,13.15,13.3,14.9,3644,467,7.8,57.46%,61.79%,0.364182,2026-08-14
AMD,514.39,2026-08-17,2,Call,550.00,-6.92%,0.51,0.55,0.55,2110,271,7.79,57.46%,56.67%,0.058217,2026-08-14
AVGO,392.99,2026-08-19,4,Call,410.00,-4.33%,1.38,1.5,1.7,1250,161,7.76,48.55%,41.47%,0.171797,2026-08-14
TSLA,342.27,2026-08-28,13,Put,327.50,-4.32%,3.9,3.8,4,2236,288,7.76,39.20%,38.52%,-0.255011,2026-08-14
CSCO,111.68,2026-11-20,97,Put,115.00,+2.97%,9,9.37,9.9,788,102,7.73,29.83%,34.66%,-0.519385,2026-08-14
ELF,91.44,2026-09-18,34,Call,95.00,-3.89%,4.1,4.52,4.85,1100,143,7.69,52.09%,52.60%,0.445838,2026-08-14
INTC,102.5,2026-08-17,2,Put,101.00,-1.46%,0.84,0.92,0.9,2405,313,7.68,65.55%,50.20%,-0.337474,2026-08-14
MSTR,93.04,2026-08-21,6,Call,112.00,-20.38%,0.16,0.16,0.24,1366,179,7.63,66.03%,84.59%,0.049424,2026-08-14
PLTR,174.04,2026-09-11,27,Put,100.00,-42.54%,0.08,0.13,0.15,1449,190,7.63,44.36%,88.85%,-0.007679,2026-08-14
QBTS,21.17,2026-10-16,62,Call,22.00,-3.92%,2.5,2.66,2.66,2847,373,7.63,77.39%,82.75%,0.530373,2026-08-14
HOOD,95.56,2026-08-21,6,Put,98.00,+2.55%,4.05,4.01,4.4,1693,223,7.59,57.43%,58.08%,-0.616337,2026-08-14
AFRM,78.35,2026-08-21,6,Put,77.00,-1.72%,1.27,1.19,1.39,894,118,7.58,69.24%,49.03%,-0.376013,2026-08-14
ALOY,14.72,2026-08-21,6,Call,16.00,-8.70%,0.4,0.45,0.5,1615,213,7.58,119.96%,121.61%,0.325254,2026-08-14
TSLA,342.27,2026-08-21,6,Put,337.50,-1.39%,4.45,4.55,4.55,3609,477,7.57,39.20%,38.47%,-0.374706,2026-08-14
AS,32.87,2026-08-21,6,Call,30.00,+8.73%,3.5,3.8,3.8,2122,281,7.55,57.79%,115.92%,0.755889,2026-08-14
WEN,8.64,2026-09-11,27,Call,8.50,+1.62%,0.45,0.48,0.8,780,104,7.5,54.64%,60.50%,0.566501,2026-08-14
MRK,135.84,2026-08-28,13,Call,140.00,-3.06%,0.96,1.03,1.29,1636,218,7.5,26.15%,25.96%,0.27977,2026-08-14
UPS,104.5,2026-09-18,34,Call,80.00,+23.44%,23.9,24.75,25.35,2520,336,7.5,23.48%,51.92%,0.966581,2026-08-14
HOOD,95.56,2026-08-21,6,Put,94.00,-1.63%,2.04,2.06,2.09,5140,685,7.5,57.43%,57.72%,-0.395042,2026-08-14
DNUT,3.33,2026-11-20,97,Call,4.00,-20.12%,0.3,0.35,0.4,5673,756,7.5,68.79%,84.94%,0.416579,2026-08-14
INTC,102.5,2026-08-17,2,Call,107.00,-4.39%,0.27,0.3,0.3,3384,452,7.49,65.55%,52.88%,0.141449,2026-08-14
NVDA,225.16,2026-08-17,2,Call,225.00,+0.07%,1.76,1.77,1.81,46805,6260,7.48,37.99%,25.33%,0.522557,2026-08-14
MU,971.66,2026-09-25,41,Put,315.00,-67.58%,0,0.26,2.67,792,106,7.47,64.81%,153.02%,-0.006944,2026-08-14
TSLA,342.27,2026-08-19,4,Put,330.00,-3.58%,1.26,1.31,1.33,4053,544,7.45,39.20%,38.19%,-0.17306,2026-08-14
TSLA,342.27,2026-09-11,27,Put,335.00,-2.12%,10.3,10.3,10.45,1421,191,7.44,39.20%,38.27%,-0.390015,2026-08-14
UPS,104.5,2026-08-21,6,Call,100.00,+4.31%,4.15,4.35,5,5564,748,7.44,23.48%,23.66%,0.930604,2026-08-14
COIN,148.47,2027-03-19,216,Call,220.00,-48.18%,13.8,14.8,14.35,1350,184,7.34,61.96%,70.71%,0.341768,2026-08-14
COP,126.78,2026-08-21,6,Call,100.00,+21.12%,25.7,26.6,27.45,4808,656,7.33,28.61%,63.62%,0.997999,2026-08-14
SNDK,1641.11,2026-08-21,6,Call,"1,620.00",+1.29%,83.8,81.35,87.3,2343,320,7.32,84.72%,88.79%,0.569816,2026-08-14
TSLA,342.27,2026-08-21,6,Call,367.50,-7.37%,1.05,1.06,1.07,5537,758,7.3,39.20%,44.58%,0.114021,2026-08-14
AVGO,392.99,2026-09-04,20,Put,385.00,-2.03%,14.55,15.88,16.15,823,113,7.28,48.55%,53.28%,-0.405944,2026-08-14
XOM,160.1,2026-09-18,34,Call,100.00,+37.54%,58,59.95,62.05,4800,661,7.26,27.35%,54.52%,0.997714,2026-08-14
TPG,53.03,2027-01-15,153,Put,72.50,+36.72%,18.6,19.94,21.4,1371,189,7.25,38.30%,36.76%,-0.880823,2026-08-14
EOSE,4.02,2026-09-11,27,Call,1.50,+62.69%,2.21,2.54,2.87,4080,563,7.25,101.09%,196.31%,0.982926,2026-08-14
MSTR,93.04,2026-08-21,6,Put,87.00,-6.49%,0.86,0.89,0.93,11668,1612,7.24,66.03%,65.40%,-0.197979,2026-08-14
NN,19.9,2026-10-16,62,Call,20.00,-0.50%,3.1,3.4,3.5,1556,216,7.2,102.06%,101.35%,0.583689,2026-08-14
MSFT,495.4,2026-08-17,2,Call,502.50,-1.43%,0.55,0.61,0.7,2413,336,7.18,24.92%,19.45%,0.165997,2026-08-14
AAPL,305.93,2026-08-17,2,Put,302.50,-1.12%,0.3,0.44,0.45,6551,916,7.15,22.68%,16.95%,-0.179324,2026-08-14
NU,15.23,2026-08-28,13,Call,16.00,-5.06%,0.13,0.16,0.19,2582,362,7.13,36.55%,37.13%,0.257679,2026-08-14
HIW,31.51,2026-08-21,6,Call,22.50,+28.59%,8.5,9.18,9.4,1201,169,7.11,35.18%,176.87%,0.944792,2026-08-14
AMZN,262.65,2026-08-17,2,Put,277.50,+5.65%,14.5,14.24,15.15,1607,226,7.11,27.56%,33.62%,-0.989651,2026-08-14
NOK,10.76,2026-08-21,6,Put,11.50,+6.88%,0.75,0.83,1.02,1353,191,7.08,66.97%,73.47%,-0.744249,2026-08-14
TIGR,4.6,2026-09-18,34,Call,5.00,-8.70%,0.17,0.19,0.2,6283,887,7.08,59.07%,58.89%,0.36135,2026-08-14
TSLA,342.27,2026-08-19,4,Call,352.50,-2.99%,2.1,2.13,2.17,2985,423,7.06,39.20%,40.31%,0.25225,2026-08-14
COF,227.34,2026-08-21,6,Call,190.00,+16.42%,36.3,37.5,38.4,1801,256,7.04,24.96%,65.32%,0.985456,2026-08-14
COST,961.1,2026-08-21,6,Call,"1,220.00",-26.94%,0.01,0.1,0.1,949,135,7.03,20.49%,64.78%,0.002377,2026-08-14
LCID,6.22,2026-11-20,97,Call,5.50,+11.58%,1.08,1.33,1.47,742,106,7,75.78%,69.67%,0.70906,2026-08-14
HIMS,28.15,2026-12-18,125,Put,22.00,-21.85%,1.73,1.9,1.95,923,132,6.99,65.82%,74.95%,-0.209963,2026-08-14
UPS,104.5,2027-01-15,153,Call,75.00,+28.23%,28.9,29.65,31.6,2070,297,6.97,23.48%,43.85%,0.907707,2026-08-14
COP,126.78,2026-08-21,6,Call,105.00,+17.18%,21.1,21.85,22.1,2406,345,6.97,28.61%,69.25%,0.984543,2026-08-14
COF,227.34,2026-08-21,6,Call,227.50,-0.07%,2.05,2.55,2.9,2564,368,6.97,24.96%,21.61%,0.500566,2026-08-14
PLTR,174.04,2028-12-15,853,Put,180.00,+3.42%,54.25,54.5,55.05,3018,433,6.97,44.36%,57.68%,-0.327926,2026-08-14
XOM,160.1,2026-08-21,6,Call,125.00,+21.92%,33.9,35.31,36.2,9289,1335,6.96,27.35%,101.53%,0.97506,2026-08-14
MSTR,93.04,2026-09-04,20,Put,75.00,-19.39%,0.62,0.72,0.83,2159,311,6.94,66.03%,74.08%,-0.090094,2026-08-14
INV,1.615,2026-09-18,34,Call,2.5000,-54.80%,0.05,0.15,0.15,711,103,6.9,165.09%,160.75%,0.261615,2026-08-14
SNDK,1641.11,2026-08-21,6,Call,"1,610.00",+1.90%,88.2,93.6,92.8,952,138,6.9,84.72%,88.30%,0.591325,2026-08-14
OXY,58.36,2026-08-21,6,Call,61.00,-4.52%,0.18,0.18,0.22,8589,1247,6.89,31.11%,33.27%,0.156451,2026-08-14
XOM,160.1,2026-08-21,6,Call,150.00,+6.31%,9.7,10.25,10.4,45698,6630,6.89,27.35%,30.92%,0.951935,2026-08-14
COF,227.34,2026-08-21,6,Call,195.00,+14.23%,31,32.6,33.8,1800,262,6.87,24.96%,63.56%,0.972859,2026-08-14
COIN,148.47,2026-08-21,6,Put,142.00,-4.36%,1.8,1.79,1.9,734,107,6.86,61.96%,58.79%,-0.262452,2026-08-14
COF,227.34,2026-08-21,6,Call,185.00,+18.62%,41.1,42.6,43.5,2400,350,6.86,24.96%,82.02%,0.977862,2026-08-14
CRWV,105.26,2027-12-17,489,Put,60.00,-43.00%,11.1,11.4,11.5,1554,227,6.85,76.89%,83.50%,-0.133784,2026-08-14
MU,971.66,2026-08-17,2,Put,895.00,-7.89%,0.41,0.44,0.47,814,119,6.84,64.81%,58.40%,-0.027008,2026-08-14
UPS,104.5,2026-09-18,34,Call,85.00,+18.66%,18.9,19.75,20.35,6901,1010,6.83,23.48%,41.88%,0.959988,2026-08-14
AVGO,392.99,2026-08-28,13,Call,395.00,-0.51%,11.25,11.1,12.2,742,109,6.81,48.55%,42.20%,0.495511,2026-08-14
XOM,160.1,2026-08-21,6,Call,145.00,+9.43%,14,14.95,15.65,33608,4950,6.79,27.35%,22.63%,0.999284,2026-08-14
INTC,102.5,2026-08-17,2,Call,104.00,-1.46%,0.93,0.94,0.96,5414,799,6.78,65.55%,51.71%,0.360932,2026-08-14
VALE,13.63,2026-08-21,6,Call,13.00,+4.62%,0.62,0.71,0.78,1063,157,6.77,29.53%,42.99%,0.810621,2026-08-14
SNDK,1641.11,2027-01-15,153,Put,175.00,-89.34%,0.05,0.15,0.75,1096,162,6.77,84.72%,127.70%,-0.000849,2026-08-14
MTA,9.75,2027-01-15,153,Call,12.50,-28.21%,0.35,0.55,0.7,1292,191,6.76,52.97%,52.23%,0.296996,2026-08-14
NVDA,225.16,2026-08-21,6,Put,227.50,+1.04%,4.75,4.94,4.9,8178,1209,6.76,37.99%,31.07%,-0.590987,2026-08-14
XOM,160.1,2026-09-18,34,Call,125.00,+21.92%,33,35.15,37.05,13216,1956,6.76,27.35%,28.31%,0.995906,2026-08-14
AMZN,262.65,2026-08-19,4,Put,255.00,-2.91%,0.44,0.56,0.56,1511,224,6.75,27.56%,26.27%,-0.135305,2026-08-14
CSCO,111.68,2026-08-28,13,Call,110.00,+1.50%,3.4,3.5,3.7,1218,181,6.73,29.83%,30.87%,0.618506,2026-08-14
NBIS,277.68,2026-08-21,6,Put,275.00,-0.97%,14.2,14.34,14.6,1798,268,6.71,100.09%,111.72%,-0.443247,2026-08-14
CIFR,17.85,2026-08-21,6,Call,16.00,+10.36%,1.84,2.17,2.89,1138,172,6.62,100.58%,140.27%,0.759062,2026-08-14
PYPL,61.66,2026-09-04,20,Put,58.00,-5.94%,0.12,0.69,0.92,1311,198,6.62,35.38%,32.38%,-0.194014,2026-08-14
COP,126.78,2026-09-18,34,Call,97.50,+23.10%,28.9,29.05,29.65,1202,182,6.6,28.61%,27.21%,0.996993,2026-08-14
CSCO,111.68,2026-08-21,6,Call,112.00,-0.29%,1.58,1.62,1.79,3570,541,6.6,29.83%,31.87%,0.483521,2026-08-14
XOM,160.1,2026-09-18,34,Call,130.00,+18.80%,28.15,29.85,31.3,51893,7870,6.59,27.35%,24.97%,0.994963,2026-08-14
COF,227.34,2026-08-21,6,Call,180.00,+20.82%,45.9,47,48.5,2400,365,6.58,24.96%,59.67%,0.998783,2026-08-14
APPS,12.44,2026-12-18,125,Call,11.00,+11.58%,3.2,3.41,3.6,4402,669,6.58,85.03%,94.35%,0.699439,2026-08-14
MU,971.66,2026-09-11,27,Put,680.00,-30.02%,1.83,2.12,2.68,1016,155,6.55,64.81%,73.11%,-0.028278,2026-08-14
SPCX,140,2026-08-21,6,Call,146.00,-4.29%,2.56,2.66,2.64,1278,195,6.55,64.22%,68.57%,0.33481,2026-08-14
RIOT,19.01,2026-08-21,6,Call,19.00,+0.05%,0.79,0.81,0.85,4003,611,6.55,83.14%,83.05%,0.526413,2026-08-14
MSTR,93.04,2026-08-21,6,Put,86.00,-7.57%,0.62,0.67,0.79,3180,487,6.53,66.03%,65.82%,-0.163283,2026-08-14
XOM,160.1,2026-08-21,6,Call,140.00,+12.55%,18.9,20.4,21,15903,2437,6.53,27.35%,65.08%,0.950315,2026-08-14
MU,971.66,2026-08-17,2,Call,"1,000.00",-2.92%,5,5.2,5.4,16316,2509,6.5,64.81%,52.69%,0.238027,2026-08-14
UPS,104.5,2026-09-18,34,Call,95.00,+9.09%,8.85,9.4,11,8280,1276,6.49,23.48%,28.23%,0.874636,2026-08-14
AMZN,262.65,2026-08-19,4,Put,262.50,-0.06%,2.6,2.6,2.91,961,148,6.49,27.56%,26.22%,-0.481674,2026-08-14
RIOT,19.01,2026-08-21,6,Call,18.50,+2.68%,0.96,1.14,1.12,1185,183,6.48,83.14%,78.00%,0.629519,2026-08-14
CIFR,17.85,2026-12-18,125,Call,32.00,-79.27%,0.7,1.01,1.78,1549,239,6.48,100.58%,101.71%,0.254454,2026-08-14
HPE,58.71,2026-11-20,97,Call,70.00,-19.23%,4.3,4.62,4.9,4011,619,6.48,73.01%,68.68%,0.381815,2026-08-14
XOM,160.1,2026-09-18,34,Call,115.00,+28.17%,43,45.15,47.05,18480,2851,6.48,27.35%,42.23%,0.99397,2026-08-14
UPS,104.5,2026-09-18,34,Call,90.00,+13.88%,13.9,14.4,15.35,6907,1070,6.46,23.48%,32.15%,0.948112,2026-08-14
AMD,514.39,2026-08-17,2,Call,527.50,-2.55%,2.94,3.08,3.2,672,104,6.46,57.46%,51.59%,0.262758,2026-08-14
XOM,160.1,2026-09-18,34,Call,120.00,+25.05%,38.15,40.19,42.05,39602,6146,6.44,27.35%,40.26%,0.990025,2026-08-14
KHC,25.51,2026-08-21,6,Call,26.00,-1.92%,0.13,0.16,0.18,19484,3032,6.43,27.65%,26.53%,0.290006,2026-08-14
PBR,17.88,2028-01-21,524,Put,25.00,+39.82%,7.45,8.5,9.05,751,117,6.42,30.72%,42.38%,-0.65852,2026-08-14
MSFT,495.4,2026-08-17,2,Put,485.00,-2.10%,0.31,0.33,0.36,2509,391,6.42,24.92%,21.68%,-0.09024,2026-08-14
FIG,25.42,2026-08-21,6,Call,25.50,-0.31%,0.83,0.9,0.96,1660,259,6.41,70.82%,71.24%,0.507097,2026-08-14
COF,227.34,2026-08-21,6,Call,175.00,+23.02%,51,52.5,53.8,1800,281,6.41,24.96%,69.07%,0.998429,2026-08-14
AAPL,305.93,2026-08-19,4,Put,302.50,-1.12%,1.23,1.38,1.45,1832,286,6.41,22.68%,21.66%,-0.300722,2026-08-14
HIW,31.51,2026-08-21,6,Call,30.00,+4.79%,1.4,1.5,1.75,7201,1124,6.41,35.18%,32.36%,0.885959,2026-08-14
VWAV,1.78,2026-08-21,6,Call,2.5000,-40.45%,0.05,0.11,0.15,998,156,6.4,187.63%,322.65%,0.269956,2026-08-14
TSLA,342.27,2026-08-19,4,Call,347.50,-1.53%,3.4,3.5,3.5,2958,463,6.39,39.20%,39.13%,0.366884,2026-08-14
CIFR,17.85,2026-08-28,13,Call,23.00,-28.85%,0.01,0.25,0.26,2074,325,6.38,100.58%,95.65%,0.095876,2026-08-14
HIW,31.51,2026-08-21,6,Call,25.00,+20.66%,5.6,6.68,7.8,6001,941,6.38,35.18%,134.60%,0.922961,2026-08-14
NU,15.23,2026-08-28,13,Put,15.00,-1.51%,0.2,0.33,0.39,795,125,6.36,36.55%,35.77%,-0.391708,2026-08-14
UPS,104.5,2026-08-21,6,Call,95.00,+9.09%,9.25,9.5,9.95,1940,305,6.36,23.48%,45.77%,0.952221,2026-08-14
XOM,160.1,2026-09-18,34,Call,110.00,+31.29%,48,50.4,52.05,31681,4994,6.34,27.35%,64.82%,0.975786,2026-08-14
XOM,160.1,2026-08-21,6,Call,135.00,+15.68%,23.65,25,26.2,13233,2092,6.33,27.35%,47.19%,0.997403,2026-08-14
COIN,148.47,2026-08-21,6,Put,148.00,-0.32%,4.05,4.17,4.4,1931,305,6.33,61.96%,59.30%,-0.465717,2026-08-14
NU,15.23,2026-09-04,20,Call,15.00,+1.51%,0.52,0.68,0.78,702,111,6.32,36.55%,36.15%,0.59703,2026-08-14
HOOD,95.56,2026-08-21,6,Call,97.00,-1.51%,2.21,2.24,2.28,3211,508,6.32,57.43%,58.59%,0.438945,2026-08-14
CAPR,6.65,2026-08-21,6,Put,7.00,+5.26%,1.2,1.34,1.4,1141,181,6.3,241.28%,322.80%,-0.466496,2026-08-14
COP,126.78,2026-09-18,34,Call,105.00,+17.18%,21.3,21.68,22.2,4810,764,6.3,28.61%,22.30%,0.995157,2026-08-14
SEI,63.3,2026-09-18,34,Call,65.00,-2.69%,5,5.18,5.3,1075,171,6.29,75.39%,75.60%,0.504595,2026-08-14
AVGO,392.99,2026-08-28,13,Put,370.00,-5.85%,3.55,3.78,3.85,2603,414,6.29,48.55%,41.50%,-0.205777,2026-08-14
MSTR,93.04,2026-08-21,6,Call,111.00,-19.30%,0.18,0.22,0.27,1231,196,6.28,66.03%,83.27%,0.055439,2026-08-14
HPE,58.71,2026-12-18,125,Call,80.00,-36.26%,3.7,4,4.15,2261,360,6.28,73.01%,71.65%,0.305853,2026-08-14
CSCO,111.68,2026-08-21,6,Put,109.00,-2.40%,0.64,0.75,0.78,2894,461,6.28,29.83%,30.86%,-0.26052,2026-08-14
UPS,104.5,2026-08-21,6,Call,80.00,+23.44%,24.05,24.6,25.5,1260,201,6.27,23.48%,126.76%,0.957861,2026-08-14
CIFR,17.85,2026-08-28,13,Call,19.00,-6.44%,0.8,0.94,1.32,1492,238,6.27,100.58%,112.51%,0.428373,2026-08-14
SYM,42.7,2026-11-20,97,Call,55.00,-28.81%,2.2,2.3,2.5,1965,314,6.26,56.09%,67.05%,0.298046,2026-08-14
MSFT,495.4,2026-12-18,125,Call,720.00,-45.34%,0.63,0.7,0.77,2003,320,6.26,24.92%,29.80%,0.022949,2026-08-14
UPS,104.5,2027-01-15,153,Call,70.00,+33.01%,33.9,34.6,35.35,2760,441,6.26,23.48%,41.84%,0.963046,2026-08-14
ANET,198.82,2026-10-16,62,Put,185.00,-6.95%,9.2,9.55,10.9,918,147,6.24,49.48%,52.30%,-0.320566,2026-08-14
TJX,152.11,2026-08-21,6,Put,149.00,-2.04%,1.55,2.04,2.15,1207,194,6.22,26.62%,41.37%,-0.336324,2026-08-14
NVDA,225.16,2026-08-17,2,Call,232.50,-3.26%,0.12,0.13,0.13,15056,2420,6.22,37.99%,27.90%,0.062458,2026-08-14
BE,229.94,2026-12-18,125,Call,240.00,-4.38%,48.75,48.75,52.5,1016,164,6.2,93.42%,100.57%,0.596342,2026-08-14
XOM,160.1,2026-08-21,6,Call,130.00,+18.80%,29.45,31,30.7,2412,389,6.2,27.35%,119.75%,0.923915,2026-08-14
GOOGL,345.9,2026-08-17,2,Call,352.50,-1.91%,0.43,0.43,0.49,3507,566,6.2,27.71%,23.89%,0.146987,2026-08-14
AMD,514.39,2026-08-17,2,Call,497.50,+3.28%,18,18.75,20.1,1501,243,6.18,57.46%,52.05%,0.813536,2026-08-14
BORR,4.43,2027-02-19,188,Call,4.00,+9.71%,0.8,1.05,1.25,820,133,6.17,61.54%,72.46%,0.64778,2026-08-14
EYPT,14.75,2026-08-21,6,Put,5.00,-66.10%,0.25,0.3,0.3,13030,2111,6.17,375.77%,630.68%,-0.040672,2026-08-14
COP,126.78,2026-08-21,6,Call,120.00,+5.35%,6.45,6.45,7.05,17132,2776,6.17,28.61%,16.07%,0.995956,2026-08-14
NU,15.23,2027-06-17,306,Call,15.00,+1.51%,2.54,2.65,2.95,2188,355,6.16,36.55%,43.86%,0.626273,2026-08-14
UPS,104.5,2026-08-21,6,Call,101.00,+3.35%,3.3,3.3,4.35,3262,530,6.15,23.48%,28.45%,0.828414,2026-08-14
FIG,25.42,2026-08-21,6,Put,23.00,-9.52%,0.11,0.13,0.15,913,149,6.13,70.82%,68.03%,-0.115667,2026-08-14
AMD,514.39,2026-09-11,27,Call,570.00,-10.81%,12.95,13.25,14.2,1059,173,6.12,57.46%,57.97%,0.28932,2026-08-14
OSCR,32.76,2026-10-16,62,Call,34.00,-3.79%,2.8,3.17,3.15,1076,176,6.11,62.96%,63.51%,0.505177,2026-08-14
MSTR,93.04,2026-08-21,6,Call,92.00,+1.12%,3.55,3.61,3.75,1068,175,6.1,66.03%,64.95%,0.572921,2026-08-14
ABNB,184.06,2026-10-16,62,Put,185.00,+0.51%,8.5,8.85,9.45,737,121,6.09,28.92%,29.75%,-0.477973,2026-08-14
SNDK,1641.11,2026-08-21,6,Call,"1,640.00",+0.07%,73.6,76,76,877,144,6.09,84.72%,87.97%,0.52698,2026-08-14
COST,961.1,2026-09-11,27,Put,570.00,-40.69%,0,0.14,0.53,728,120,6.07,20.49%,75.78%,-0.004053,2026-08-14
ALKT,20.67,2026-09-18,34,Call,22.50,-8.85%,0.6,0.69,0.8,2046,337,6.07,52.89%,53.68%,0.33912,2026-08-14
AMD,514.39,2026-08-17,2,Call,522.50,-1.58%,4.25,4.44,4.6,915,151,6.06,57.46%,50.84%,0.347654,2026-08-14
NVDA,225.16,2026-08-28,13,Put,212.50,-5.62%,2.62,2.66,2.67,3572,589,6.06,37.99%,44.73%,-0.229711,2026-08-14
RXT,4.21,2026-09-11,27,Call,0.50,+88.12%,3.4,3.8,4.1,1722,285,6.04,123.56%,491.63%,0.988215,2026-08-14
NXPI,234.71,2026-12-18,125,Call,290.00,-23.56%,8.8,9.5,10.1,2004,332,6.04,43.11%,47.12%,0.271748,2026-08-14
ZIM,28.14,2026-08-21,6,Call,29.00,-3.06%,0.4,0.45,0.56,2273,377,6.03,50.72%,57.25%,0.356657,2026-08-14
COF,227.34,2026-08-21,6,Call,200.00,+12.03%,26.1,27.1,28.6,3602,597,6.03,24.96%,32.89%,0.998689,2026-08-14
OSS,13.61,2026-09-18,34,Call,15.00,-10.21%,0.65,1,1,3126,520,6.01,89.27%,80.39%,0.39756,2026-08-14
CVX,200,2026-08-28,13,Put,187.50,-6.25%,0.64,0.72,0.86,702,117,6,25.52%,30.74%,-0.126526,2026-08-14
PAGP,25.84,2026-09-18,34,Put,26.00,+0.62%,0.5,0.6,0.6,2015,336,6,16.07%,13.72%,-0.569348,2026-08-14
NVDA,225.16,2026-08-17,2,Put,222.50,-1.18%,0.66,0.69,0.7,16884,2820,5.99,37.99%,25.69%,-0.260267,2026-08-14
COP,126.78,2026-08-21,6,Call,116.00,+8.50%,10.45,10.7,10.95,1350,226,5.97,28.61%,26.31%,0.995607,2026-08-14
CVNA,75.59,2026-11-20,97,Call,78.00,-3.19%,8.45,8.75,8.95,1492,250,5.97,52.39%,60.63%,0.535286,2026-08-14
ALAB,321.61,2026-08-21,6,Put,285.00,-11.38%,2.1,2.45,2.86,1205,203,5.94,85.30%,88.30%,-0.129446,2026-08-14
SMCI,39.84,2026-08-21,6,Put,35.50,-10.89%,0.23,0.27,0.27,2209,372,5.94,77.10%,80.08%,-0.118986,2026-08-14
IEP,7.42,2026-08-21,6,Call,7.00,+5.66%,0.2,0.38,0.45,1055,178,5.93,37.35%,39.49%,0.893032,2026-08-14
COP,126.78,2026-08-21,6,Call,110.00,+13.24%,16.45,16.6,16.95,4941,833,5.93,28.61%,42.34%,0.995482,2026-08-14
NVO,45.89,2027-01-15,153,Call,20.00,+56.42%,24.4,25.79,27.95,781,132,5.92,30.92%,95.98%,0.952945,2026-08-14
INTC,102.5,2026-08-19,4,Put,89.00,-13.17%,0,0.1,0.12,1777,301,5.9,65.55%,68.08%,-0.021605,2026-08-14
TGT,154.48,2026-08-21,6,Call,157.50,-1.95%,3.9,4.06,4.2,1096,186,5.89,40.51%,67.97%,0.429445,2026-08-14
META,589.85,2026-08-17,2,Call,600.00,-1.72%,1.3,1.34,1.45,5901,1003,5.88,32.86%,27.45%,0.205844,2026-08-14
PLTR,174.04,2026-08-21,6,Put,172.50,-0.88%,3.2,3.2,3.3,7738,1317,5.88,44.36%,45.30%,-0.424441,2026-08-14
VALE,13.63,2026-09-18,34,Put,17.00,+24.72%,3.1,3.3,3.6,636,109,5.83,29.53%,34.64%,-0.97256,2026-08-14
COP,126.78,2026-08-21,6,Call,115.00,+9.29%,11.45,11.8,12.1,23410,4027,5.81,28.61%,28.93%,0.995568,2026-08-14
XOM,160.1,2026-09-18,34,Call,105.00,+34.42%,53,54.84,57.1,6000,1035,5.8,27.35%,46.99%,0.997805,2026-08-14
COF,227.34,2026-08-21,6,Call,210.00,+7.63%,16.9,16.7,18.7,4847,837,5.79,24.96%,42.69%,0.930824,2026-08-14
VLO,341.67,2026-09-18,34,Put,330.00,-3.42%,10.3,11.4,11.9,601,104,5.78,40.68%,40.52%,-0.360055,2026-08-14
TSLA,342.27,2026-08-28,13,Put,317.50,-7.24%,1.88,1.84,1.94,675,117,5.77,39.20%,39.19%,-0.142657,2026-08-14
AVGO,392.99,2026-08-28,13,Call,400.00,-1.78%,9.3,9.45,10,1764,308,5.73,48.55%,42.49%,0.433501,2026-08-14
MSTR,93.04,2026-08-28,13,Call,111.00,-19.30%,0.57,0.65,0.78,841,147,5.72,66.03%,72.99%,0.114469,2026-08-14
NVDA,225.16,2026-08-19,4,Call,232.50,-3.26%,0.63,0.63,0.66,6713,1173,5.72,37.99%,31.00%,0.168096,2026-08-14
NVDA,225.16,2026-08-19,4,Call,207.50,+7.84%,16.25,17.91,18.8,719,126,5.71,37.99%,45.50%,0.959543,2026-08-14
VALE,13.63,2026-08-21,6,Put,16.00,+17.39%,2.2,2.33,2.58,4607,807,5.71,29.53%,59.01%,-0.980275,2026-08-14
IEP,7.42,2027-01-15,153,Call,5.00,+32.61%,2,2.33,2.9,1680,295,5.69,37.35%,68.53%,0.919474,2026-08-14
RDW,13.58,2026-08-21,6,Put,13.50,-0.59%,0.5,0.56,0.65,1208,213,5.67,89.81%,89.25%,-0.45497,2026-08-14
META,589.85,2026-08-17,2,Put,580.00,-1.67%,1.19,1.28,1.28,1560,276,5.65,32.86%,26.59%,-0.191177,2026-08-14
COF,227.34,2026-08-21,6,Call,160.00,+29.62%,66,67.2,68.5,1800,319,5.64,24.96%,89.62%,0.998856,2026-08-14
NVDA,225.16,2026-08-17,2,Call,230.00,-2.15%,0.29,0.31,0.31,36822,6525,5.64,37.99%,25.92%,0.137888,2026-08-14
MU,971.66,2026-08-17,2,Call,"1,010.00",-3.95%,3.2,3.55,3.5,2192,389,5.63,64.81%,52.98%,0.167948,2026-08-14
TSLA,342.27,2026-08-19,4,Call,360.00,-5.18%,1.01,1.03,1.03,3747,666,5.63,39.20%,42.54%,0.135007,2026-08-14
MU,971.66,2026-08-17,2,Put,905.00,-6.86%,0.67,0.71,0.79,1200,215,5.58,64.81%,56.79%,-0.043082,2026-08-14
GOOGL,345.9,2026-08-17,2,Call,345.00,+0.26%,2.61,2.61,2.86,2238,402,5.57,27.71%,21.76%,0.571918,2026-08-14
AMZN,262.65,2026-08-17,2,Call,200.00,+23.85%,61.3,63.63,64.6,710,128,5.55,27.56%,183.66%,0.980949,2026-08-14
JD,29.06,2026-08-21,6,Call,29.50,-1.51%,0.28,0.3,0.36,1321,238,5.55,28.93%,35.08%,0.366674,2026-08-14
AMD,514.39,2026-08-21,6,Put,505.00,-1.83%,11.05,11.3,11.55,809,146,5.54,57.46%,60.09%,-0.388142,2026-08-14
IREN,44.06,2026-09-04,20,Put,36.00,-18.29%,0.7,1.04,1.15,2073,374,5.54,97.88%,97.71%,-0.157314,2026-08-14
AVGO,392.99,2027-12-17,489,Put,110.00,-72.01%,0.87,1.18,1.46,1387,251,5.53,48.55%,57.51%,-0.010401,2026-08-14
COP,126.78,2026-09-18,34,Call,100.00,+21.12%,26.4,26.32,27.15,2426,441,5.5,28.61%,26.05%,0.996394,2026-08-14
AMD,514.39,2026-08-17,2,Call,510.00,+0.85%,9.7,10,10.25,6443,1172,5.5,57.46%,49.71%,0.60133,2026-08-14
NU,15.23,2026-08-21,6,Put,15.50,+1.77%,0.43,0.48,0.53,3130,570,5.49,36.55%,42.34%,-0.613674,2026-08-14
MS,217.36,2028-12-15,853,Put,170.00,-21.79%,17,18.11,18.9,1000,183,5.46,27.62%,35.50%,-0.206026,2026-08-14
META,589.85,2026-08-17,2,Call,590.00,-0.03%,4.2,4.57,4.6,3962,725,5.46,32.86%,25.39%,0.50215,2026-08-14
RKT,14.76,2026-09-25,41,Call,16.00,-8.40%,0.45,0.61,0.64,698,128,5.45,52.20%,50.13%,0.355156,2026-08-14
VWAV,1.78,2026-09-18,34,Call,2.5000,-40.45%,0.15,0.25,0.3,872,160,5.45,187.63%,198.09%,0.399769,2026-08-14
EBAY,103.14,2026-09-18,34,Put,97.50,-5.47%,1.2,1.5,1.63,1009,185,5.45,30.79%,29.62%,-0.244912,2026-08-14
KOPN,5.5,2026-09-18,34,Call,5.00,+9.09%,0.8,0.75,1.15,1508,278,5.42,115.29%,108.00%,0.678851,2026-08-14
RIOT,19.01,2026-08-21,6,Call,19.50,-2.58%,0.6,0.6,0.63,2887,533,5.42,83.14%,84.37%,0.431216,2026-08-14
NVTS,14.45,2026-08-21,6,Call,14.50,-0.35%,0.67,0.68,0.75,4025,742,5.42,93.98%,98.76%,0.516248,2026-08-14
POET,9.58,2026-09-04,20,Put,7.50,-21.71%,0.11,0.15,0.21,552,102,5.41,95.21%,102.55%,-0.125627,2026-08-14
BE,229.94,2026-08-21,6,Put,192.50,-16.28%,0.9,1,1.05,1655,306,5.41,93.42%,99.17%,-0.071365,2026-08-14
MSTR,93.04,2026-08-21,6,Call,97.00,-4.26%,1.56,1.68,1.67,4067,752,5.41,66.03%,65.77%,0.328109,2026-08-14
MU,971.66,2026-08-17,2,Put,920.00,-5.32%,1.52,1.58,1.61,1171,217,5.4,64.81%,54.81%,-0.085122,2026-08-14
RMBS,100.85,2026-11-20,97,Put,100.00,-0.84%,14,14.7,17.1,689,128,5.38,66.32%,80.31%,-0.403162,2026-08-14
TSLA,342.27,2026-08-17,2,Put,327.50,-4.32%,0.17,0.17,0.18,6702,1245,5.38,39.20%,35.84%,-0.046214,2026-08-14
SNDK,1641.11,2026-08-21,6,Call,"1,630.00",+0.68%,78.8,79.8,81.3,1541,288,5.35,84.72%,88.36%,0.548503,2026-08-14
AMAT,507.18,2027-01-15,153,Call,510.00,-0.56%,78.9,79.6,80.2,534,100,5.34,55.43%,59.75%,0.584589,2026-08-14
NBIS,277.68,2026-09-25,41,Call,380.00,-36.85%,10.45,10.45,11.7,705,132,5.34,100.09%,102.54%,0.233027,2026-08-14
XOM,160.1,2026-08-28,13,Call,150.00,+6.31%,8.8,10.27,11.25,691,130,5.32,27.35%,20.85%,0.953207,2026-08-14
SNDK,1641.11,2026-08-21,6,Put,"1,620.00",-1.29%,59.8,61.64,66.8,887,167,5.31,84.72%,88.52%,-0.43047,2026-08-14
MSTR,93.04,2026-08-21,6,Put,92.00,-1.12%,2.44,2.5,2.55,9629,1813,5.31,66.03%,63.60%,-0.426739,2026-08-14
NBIS,277.68,2026-08-21,6,Call,272.50,+1.87%,18,18.28,18.65,973,184,5.29,100.09%,110.34%,0.582416,2026-08-14
AMD,514.39,2026-08-21,6,Call,502.50,+2.31%,21.8,21.45,23.05,766,145,5.28,57.46%,59.93%,0.637045,2026-08-14
CRWV,105.26,2026-08-21,6,Put,103.00,-2.15%,3.1,3.2,3.3,752,143,5.26,76.89%,80.00%,-0.394425,2026-08-14
AMAT,507.18,2026-09-18,34,Call,530.00,-4.50%,23.65,25.3,26.8,863,164,5.26,55.43%,55.29%,0.436945,2026-08-14
MU,971.66,2026-08-17,2,Call,"1,030.00",-6.00%,1.42,1.5,1.61,1860,355,5.24,64.81%,56.01%,0.083626,2026-08-14
DK,65.47,2026-08-21,6,Call,70.00,-6.92%,0.25,1.45,1.4,2302,439,5.24,57.62%,70.66%,0.245181,2026-08-14
INTC,102.5,2026-08-17,2,Call,102.00,+0.49%,1.77,1.83,1.86,2640,505,5.23,65.55%,51.09%,0.5607,2026-08-14
PANW,384.27,2028-12-15,853,Call,310.00,+19.33%,169.4,173.12,176.1,579,111,5.22,57.81%,58.39%,0.787329,2026-08-14
NVO,45.89,2026-09-18,34,Call,25.00,+45.52%,18.9,21,21.35,13200,2533,5.21,30.92%,116.90%,0.971996,2026-08-14
AMD,514.39,2026-08-21,6,Put,472.50,-8.14%,2.6,2.68,2.84,1758,338,5.2,57.46%,61.29%,-0.129811,2026-08-14
AMZN,262.65,2026-08-17,2,Put,265.00,+0.89%,3.05,3.26,3.3,4483,868,5.16,27.56%,22.99%,-0.694317,2026-08-14
QCOM,165.79,2026-08-21,6,Call,172.50,-4.05%,1.25,1.3,1.35,2443,474,5.15,43.09%,43.05%,0.245924,2026-08-14
IONQ,46.26,2026-08-21,6,Call,53.00,-14.57%,0.32,0.37,0.41,555,108,5.14,80.72%,92.10%,0.138335,2026-08-14
NOK,10.76,2026-09-11,27,Put,9.50,-11.71%,0.21,0.21,0.27,998,195,5.12,66.97%,63.99%,-0.208273,2026-08-14
MU,971.66,2026-09-04,20,Put,370.00,-61.92%,0.01,0.13,0.35,582,114,5.11,64.81%,149.64%,-0.001663,2026-08-14
NVDA,225.16,2026-08-24,9,Call,242.50,-7.70%,0.36,0.42,0.39,654,128,5.11,37.99%,31.98%,0.07541,2026-08-14
CRCL,71.6,2026-08-21,6,Put,69.00,-3.63%,1.46,1.55,1.6,811,159,5.1,76.73%,73.53%,-0.328157,2026-08-14
MSFT,495.4,2026-08-17,2,Call,487.50,+1.59%,7.95,8.24,9,529,104,5.09,24.92%,19.94%,0.865882,2026-08-14
AVGO,392.99,2026-09-04,20,Put,395.00,+0.51%,19.8,20.6,21,590,116,5.09,48.55%,53.54%,-0.487145,2026-08-14
GOOGL,345.9,2026-08-17,2,Call,350.00,-1.19%,0.8,0.82,1,6708,1318,5.09,27.71%,23.32%,0.253591,2026-08-14
COP,126.78,2026-08-21,6,Call,118.00,+6.93%,8.45,8.65,8.95,554,109,5.08,28.61%,21.15%,0.995731,2026-08-14
AMZN,262.65,2026-08-17,2,Call,210.00,+20.05%,50.85,53.91,54.6,630,124,5.08,27.56%,117.78%,0.995489,2026-08-14
MU,971.66,2026-08-17,2,Put,975.00,+0.34%,15.7,16.15,16.75,975,192,5.08,64.81%,50.75%,-0.527285,2026-08-14
XOM,160.1,2026-08-28,13,Call,137.00,+14.43%,21.05,23.96,24.5,1200,236,5.08,27.35%,64.07%,0.911059,2026-08-14
GOOGL,345.9,2026-08-19,4,Call,352.50,-1.91%,1.29,1.63,1.63,532,105,5.07,27.71%,26.50%,0.256467,2026-08-14
IEP,7.42,2026-09-18,34,Call,6.00,+19.14%,1.1,1.34,1.65,841,166,5.07,37.35%,58.41%,0.932762,2026-08-14
GNRC,219.3,2026-09-18,34,Put,240.00,+9.44%,23.9,26.48,27.5,670,133,5.04,52.28%,42.74%,-0.740049,2026-08-14
NVO,45.89,2026-09-18,34,Call,30.00,+34.63%,13.85,16.05,16.55,3600,715,5.03,30.92%,90.23%,0.956169,2026-08-14
CRDO,259.9,2026-08-28,13,Put,215.00,-17.28%,2.15,3,2.75,611,122,5.01,96.88%,88.16%,-0.109298,2026-08-14
SEDG,32.42,2026-08-21,6,Call,34.00,-4.87%,0.61,0.7,0.83,504,101,4.99,81.83%,80.14%,0.342359,2026-08-14
NVO,45.89,2026-09-18,34,Call,35.00,+23.73%,9.75,11,11.45,9605,1925,4.99,30.92%,58.96%,0.948927,2026-08-14
AVGO,392.99,2026-08-21,6,Call,412.50,-4.96%,1.98,2.03,2.35,583,117,4.98,48.55%,41.65%,0.191681,2026-08-14
OUST,48.71,2026-09-18,34,Call,60.00,-23.18%,2.8,2.86,2.9,1903,382,4.98,105.91%,107.56%,0.322602,2026-08-14
C,139.33,2026-08-28,13,Call,150.00,-7.66%,0.14,0.22,0.27,636,128,4.97,26.42%,25.79%,0.069673,2026-08-14
HIMS,28.15,2026-08-21,6,Call,28.50,-1.24%,0.75,0.75,0.83,656,132,4.97,65.82%,65.42%,0.46085,2026-08-14
HOOD,95.56,2026-08-21,6,Call,102.00,-6.74%,0.86,0.87,0.89,6935,1397,4.96,57.43%,60.71%,0.214365,2026-08-14
SO,92.8,2026-08-21,6,Call,87.00,+6.25%,4.3,5.7,7.8,515,104,4.95,17.14%,40.90%,0.895433,2026-08-14
CRWV,105.26,2026-08-21,6,Put,102.00,-3.10%,2.73,2.92,2.8,906,183,4.95,76.89%,79.62%,-0.357828,2026-08-14
ELF,91.44,2026-09-18,34,Call,105.00,-14.83%,1.61,1.73,2,970,196,4.95,52.09%,53.19%,0.226812,2026-08-14
CBRS,218.98,2026-08-21,6,Put,230.00,+5.03%,16.8,17.6,18.8,1484,300,4.95,95.98%,100.61%,-0.622834,2026-08-14
MSFT,495.4,2026-08-17,2,Put,482.50,-2.60%,0.19,0.19,0.23,1012,205,4.94,24.92%,22.92%,-0.057959,2026-08-14
PBR,17.88,2028-02-18,552,Put,22.00,+23.04%,3.5,6.05,8.5,1755,356,4.93,30.72%,41.93%,-0.545564,2026-08-14
AMD,514.39,2026-08-17,2,Put,487.50,-5.23%,0.72,0.78,0.84,584,119,4.91,57.46%,53.28%,-0.082899,2026-08-14
AVGO,392.99,2026-09-11,27,Put,390.00,-0.76%,18.95,18.97,20.15,624,127,4.91,48.55%,50.41%,-0.445417,2026-08-14
TSLA,342.27,2026-08-19,4,Put,325.00,-5.05%,0.65,0.68,0.68,1414,288,4.91,39.20%,39.23%,-0.098511,2026-08-14
INTC,102.5,2027-02-19,188,Put,77.50,-24.39%,7.3,7.49,7.8,607,124,4.9,65.55%,70.29%,-0.201156,2026-08-14
SPCE,3.32,2026-09-18,34,Call,3.00,+9.64%,0.51,0.53,0.53,10727,2187,4.9,90.42%,85.91%,0.702249,2026-08-14
TSLA,342.27,2026-08-17,2,Call,335.00,+2.12%,8,8.2,8.25,9262,1896,4.89,39.20%,32.07%,0.822463,2026-08-14
NVO,45.89,2026-08-21,6,Call,40.00,+12.84%,5.8,5.85,6,9625,1970,4.89,30.92%,53.19%,0.983412,2026-08-14
MSFT,495.4,2026-08-17,2,Put,492.50,-0.59%,1.4,1.6,1.75,996,205,4.86,24.92%,19.30%,-0.334394,2026-08-14
PYPL,61.66,2026-08-21,6,Put,60.00,-2.69%,0.9,1,1,1760,362,4.86,35.38%,53.31%,-0.330233,2026-08-14
APLD,31.2,2026-08-28,13,Put,29.00,-7.05%,0.88,1.07,1.14,1060,219,4.84,87.35%,85.09%,-0.293681,2026-08-14
MU,971.66,2026-08-17,2,Call,990.00,-1.89%,7.15,8.05,8.1,1906,394,4.84,64.81%,51.74%,0.321297,2026-08-14
BABA,123.81,2026-09-25,41,Call,125.00,-0.96%,5.6,7.1,8.2,1038,215,4.83,45.81%,44.99%,0.504392,2026-08-14
KKR,114.01,2026-10-16,62,Call,120.00,-5.25%,4.3,4.5,4.9,2666,552,4.83,35.18%,36.34%,0.407528,2026-08-14
MRVL,222.02,2026-08-21,6,Call,227.50,-2.47%,5.45,5.9,5.9,3092,642,4.82,79.43%,70.24%,0.413179,2026-08-14
IREN,44.06,2026-08-28,13,Put,36.00,-18.29%,0.65,0.65,0.72,2198,457,4.81,97.88%,108.41%,-0.136637,2026-08-14
INTC,102.5,2026-08-17,2,Call,106.00,-3.41%,0.41,0.44,0.45,3350,696,4.81,65.55%,52.13%,0.198657,2026-08-14
BIDU,103.67,2026-09-18,34,Call,160.00,-54.34%,0.08,0.1,0.12,8177,1709,4.78,49.38%,62.36%,0.015147,2026-08-14
INTC,102.5,2026-08-19,4,Put,92.00,-10.24%,0.16,0.17,0.21,502,105,4.78,65.55%,67.42%,-0.058081,2026-08-14
NVTS,14.45,2026-12-18,125,Call,35.00,-142.21%,0.41,0.5,0.55,1821,382,4.77,93.98%,105.67%,0.135648,2026-08-14
SPCX,140,2026-08-21,6,Call,142.00,-1.43%,3.85,3.99,4,2076,435,4.77,64.22%,66.91%,0.454012,2026-08-14
NVDA,225.16,2026-08-28,13,Call,232.50,-3.26%,4.6,4.65,4.7,3711,779,4.76,37.99%,44.60%,0.372284,2026-08-14
INTC,102.5,2026-08-17,2,Put,97.00,-5.37%,0.13,0.14,0.14,3917,823,4.76,65.55%,52.50%,-0.074556,2026-08-14
NET,315.78,2027-06-17,306,Call,430.00,-36.17%,35.85,40,38.95,670,141,4.75,49.41%,58.97%,0.405159,2026-08-14
MU,971.66,2026-08-17,2,Call,"1,040.00",-7.03%,0.96,1.05,1.1,840,177,4.75,64.81%,57.70%,0.058751,2026-08-14
META,589.85,2026-08-17,2,Call,605.00,-2.57%,0.65,0.65,0.84,1408,298,4.72,32.86%,28.83%,0.121113,2026-08-14
COP,126.78,2026-08-21,6,Call,119.00,+6.14%,7.45,7.4,7.95,578,123,4.7,28.61%,18.60%,0.995825,2026-08-14
COST,961.1,2026-09-04,20,Put,670.00,-30.29%,0.03,0.18,0.76,701,149,4.7,20.49%,65.97%,-0.007686,2026-08-14
SPCX,140,2026-08-21,6,Call,152.50,-8.93%,1.28,1.3,1.31,2928,623,4.7,64.22%,71.80%,0.190363,2026-08-14
NVO,45.89,2026-08-21,6,Call,35.00,+23.73%,10.65,11,11,19200,4089,4.7,30.92%,127.19%,0.959527,2026-08-14
MU,971.66,2026-09-25,41,Put,265.00,-72.73%,0,0.2,0.59,1107,236,4.69,64.81%,146.27%,-0.00185,2026-08-14
NBIS,277.68,2026-10-16,62,Call,380.00,-36.85%,16.95,18,19.9,515,110,4.68,100.09%,102.54%,0.302866,2026-08-14
CG,49.28,2026-08-21,6,Call,40.00,+18.83%,8.1,9.45,9.7,2520,540,4.67,38.84%,106.87%,0.943971,2026-08-14
NN,19.9,2026-09-18,34,Call,19.00,+4.52%,2.45,2.81,3.1,4084,874,4.67,102.06%,96.07%,0.62377,2026-08-14
TE,5.11,2026-09-04,20,Call,5.50,-7.63%,0.35,0.45,0.5,1426,306,4.66,114.84%,120.77%,0.455483,2026-08-14
COP,126.78,2026-08-21,6,Call,117.00,+7.71%,9.45,9.79,9.95,2416,518,4.66,28.61%,23.72%,0.99566,2026-08-14
MU,971.66,2026-08-17,2,Put,900.00,-7.38%,0.54,0.58,0.6,3819,819,4.66,64.81%,57.64%,-0.03429,2026-08-14
CAPR,6.65,2026-08-21,6,Call,7.00,-5.26%,0.85,0.95,1.1,782,168,4.65,241.28%,329.05%,0.53615,2026-08-14
NEE,86.19,2026-09-04,20,Call,90.00,-4.42%,0.08,0.29,0.55,1415,304,4.65,20.52%,18.32%,0.163974,2026-08-14
TSLA,342.27,2026-08-19,4,Call,342.50,-0.07%,5.3,5.55,5.45,3496,754,4.64,39.20%,37.93%,0.505167,2026-08-14
NVDA,225.16,2026-08-21,6,Call,227.50,-1.04%,2.66,2.69,2.71,73756,15884,4.64,37.99%,31.88%,0.413024,2026-08-14
XOM,160.1,2026-09-18,34,Call,135.00,+15.68%,23,25.2,27,7957,1723,4.62,27.35%,21.38%,0.993767,2026-08-14
META,589.85,2026-08-17,2,Call,612.50,-3.84%,0.24,0.27,0.27,986,214,4.61,32.86%,30.09%,0.047227,2026-08-14
CVNA,75.59,2026-08-21,6,Call,78.00,-3.19%,1.07,1.06,1.19,2800,607,4.61,52.39%,53.60%,0.339521,2026-08-14
TSLA,342.27,2026-08-17,2,Call,330.00,+3.58%,12.25,12.57,12.9,4462,967,4.61,39.20%,33.00%,0.935074,2026-08-14
NN,19.9,2026-12-18,125,Call,36.00,-80.90%,1.2,1.6,1.85,602,131,4.6,102.06%,106.45%,0.267805,2026-08-14
LUNR,19.01,2026-09-18,34,Put,11.00,-42.14%,0.07,0.13,0.2,1026,223,4.6,92.30%,116.81%,-0.042563,2026-08-14
AEO,16.17,2027-02-19,188,Put,10.00,-38.16%,0.13,0.33,0.57,500,109,4.59,68.82%,60.23%,-0.089255,2026-08-14
SPCE,3.32,2026-09-04,20,Call,3.00,+9.64%,0.37,0.47,0.51,839,183,4.58,90.42%,82.64%,0.735985,2026-08-14
NVO,45.89,2026-10-16,62,Call,30.00,+34.63%,14.2,16,17.9,990,216,4.58,30.92%,70.72%,0.950905,2026-08-14
TSLA,342.27,2026-08-19,4,Put,320.00,-6.51%,0.34,0.37,0.37,3092,677,4.57,39.20%,41.14%,-0.055681,2026-08-14
CELH,29.09,2026-08-21,6,Call,30.50,-4.85%,0.35,0.43,0.49,568,125,4.54,53.81%,63.02%,0.295238,2026-08-14
MU,971.66,2026-08-21,6,Put,650.00,-33.10%,0.08,0.1,0.12,16224,3589,4.52,64.81%,113.66%,-0.002293,2026-08-14
SPCX,140,2026-09-04,20,Put,126.00,-10.00%,2.85,3.01,2.97,822,182,4.52,64.22%,65.53%,-0.219153,2026-08-14
LCID,6.22,2028-01-21,524,Put,25.00,+301.93%,18.8,20.4,20.65,2084,463,4.5,75.78%,130.24%,-0.592521,2026-08-14
XOM,160.1,2026-08-28,13,Call,145.00,+9.43%,13.15,14.85,17.1,516,115,4.49,27.35%,19.98%,0.995144,2026-08-14
ANVS,1.85,2026-09-04,20,Put,2.0000,+8.11%,0,0.25,0.5,1050,234,4.49,200.63%,92.94%,-0.596238,2026-08-14
AVGO,392.99,2026-09-11,27,Call,450.00,-14.51%,5.25,5.28,5.6,717,160,4.48,48.55%,51.72%,0.190096,2026-08-14
SNDK,1641.11,2026-08-21,6,Put,"1,650.00",+0.54%,77,79.22,83.1,721,161,4.48,84.72%,90.34%,-0.493876,2026-08-14
KEEL,3.51,2026-08-21,6,Put,3.50,-0.28%,0.18,0.17,0.25,9447,2107,4.48,104.23%,123.37%,-0.460102,2026-08-14
KSS,19.21,2026-12-18,125,Put,10.00,-47.94%,0.1,0.14,0.19,510,114,4.47,77.88%,71.94%,-0.037995,2026-08-14
TSLA,342.27,2026-08-19,4,Put,317.50,-7.24%,0.25,0.27,0.28,1085,243,4.47,39.20%,42.33%,-0.042214,2026-08-14
AMZN,262.65,2026-08-17,2,Call,260.00,+1.01%,3.35,3.35,3.45,1547,346,4.47,27.56%,22.32%,0.736978,2026-08-14
BETA,24.86,2026-10-16,62,Call,30.00,-20.68%,1.3,1.44,1.7,2933,656,4.47,71.50%,76.64%,0.338255,2026-08-14
SPCX,140,2026-08-21,6,Call,139.00,+0.71%,4.95,5.35,5.4,4685,1052,4.45,64.22%,64.70%,0.553735,2026-08-14
SPCX,140,2026-08-21,6,Call,147.00,-5.00%,2.3,2.38,2.38,2031,457,4.44,64.22%,69.04%,0.308444,2026-08-14
MSFT,495.4,2026-08-17,2,Call,512.50,-3.45%,0.09,0.1,0.12,1510,341,4.43,24.92%,24.25%,0.030575,2026-08-14
FSLR,225.56,2027-06-17,306,Call,300.00,-33.00%,25.7,27.4,29.5,1104,250,4.42,52.17%,58.14%,0.418095,2026-08-14
AXP,342.48,2026-08-21,6,Call,345.00,-0.74%,2.7,3,3.25,2210,500,4.42,22.67%,23.06%,0.41319,2026-08-14
SHOP,154.32,2026-08-21,6,Put,150.00,-2.80%,1.37,1.84,1.91,2627,595,4.42,43.45%,43.66%,-0.293039,2026-08-14
ADI,389.39,2026-08-21,6,Call,410.00,-5.29%,4.1,5,6,1036,235,4.41,45.96%,62.40%,0.274349,2026-08-14
NFLX,78.16,2026-08-28,13,Put,77.00,-1.48%,1.21,1.26,1.26,817,186,4.39,31.53%,30.67%,-0.379936,2026-08-14
NBIS,277.68,2026-09-18,34,Call,380.00,-36.85%,7.95,8.46,8.85,1213,277,4.38,100.09%,102.00%,0.200148,2026-08-14
CIFR,17.85,2026-12-18,125,Put,13.00,-27.17%,1.32,1.65,1.85,1513,346,4.37,100.58%,101.09%,-0.197469,2026-08-14
GOOGL,345.9,2026-08-17,2,Put,340.00,-1.71%,0.36,0.41,0.47,1669,382,4.37,27.71%,22.11%,-0.142325,2026-08-14
CRWD,216.95,2026-12-18,125,Put,190.00,-12.42%,14.65,15.2,16.35,1763,403,4.37,59.59%,58.94%,-0.278373,2026-08-14
PANW,384.27,2026-08-28,13,Put,355.00,-7.62%,3.55,4.56,5.05,746,171,4.36,57.81%,52.48%,-0.194565,2026-08-14
AMZN,262.65,2026-08-17,2,Put,267.50,+1.85%,5,5.25,5.45,1200,276,4.35,27.56%,24.83%,-0.837637,2026-08-14
SPCX,140,2026-08-21,6,Put,142.00,+1.43%,5.9,5.95,6.5,1285,296,4.34,64.22%,71.87%,-0.540982,2026-08-14
INTC,102.5,2026-09-11,27,Put,96.00,-6.34%,3.65,4,4.65,507,117,4.33,65.55%,65.15%,-0.319283,2026-08-14
NVO,45.89,2026-08-21,6,Call,43.00,+6.30%,2.74,2.97,3.15,2405,555,4.33,30.92%,35.89%,0.926293,2026-08-14
MU,971.66,2026-08-17,2,Put,910.00,-6.35%,0.89,0.97,0.97,1567,363,4.32,64.81%,55.92%,-0.053805,2026-08-14
TSLA,342.27,2026-08-24,9,Call,370.00,-8.10%,1.27,1.31,1.32,966,224,4.31,39.20%,41.00%,0.122219,2026-08-14
SNDK,1641.11,2026-08-21,6,Put,"1,630.00",-0.68%,66.4,67.8,69,753,175,4.3,84.72%,87.97%,-0.451862,2026-08-14
HOOD,95.56,2026-08-21,6,Call,99.00,-3.60%,1.53,1.55,1.6,3832,891,4.3,57.43%,59.38%,0.33772,2026-08-14
ARM,279.44,2026-08-21,6,Put,410.00,+46.72%,128.7,131.15,132.3,1830,427,4.29,69.20%,156.63%,-0.966057,2026-08-14
RCAT,11.13,2026-08-28,13,Put,10.00,-10.15%,0.37,0.51,0.63,2124,495,4.29,94.16%,121.82%,-0.279091,2026-08-14
DKNG,26.14,2026-09-04,20,Call,30.00,-14.77%,0.09,0.2,0.2,1056,247,4.28,47.89%,45.67%,0.111899,2026-08-14
IREN,44.06,2027-06-17,306,Call,95.00,-115.62%,6.2,6.4,6.5,1945,456,4.27,97.88%,98.65%,0.358646,2026-08-14
WULF,17.38,2026-09-04,20,Call,19.00,-9.32%,0.71,0.74,0.98,533,125,4.26,87.01%,93.25%,0.365541,2026-08-14
FRMI,6.4,2027-02-19,188,Call,10.00,-56.25%,1.1,1.29,1.35,600,141,4.26,102.14%,115.98%,0.461998,2026-08-14
COIN,148.47,2026-08-28,13,Call,155.00,-4.40%,4.25,4.3,4.45,1232,290,4.25,61.96%,61.96%,0.382615,2026-08-14
ZVRA,11.32,2027-01-15,153,Call,3.00,+73.50%,7.7,8.28,9.4,526,124,4.24,86.07%,147.14%,0.970443,2026-08-14
MSFT,495.4,2026-08-17,2,Call,500.00,-0.93%,1.02,1.05,1.12,9593,2262,4.24,24.92%,18.79%,0.25907,2026-08-14
FANG,202.47,2027-06-17,306,Call,230.00,-13.60%,15.1,17.5,18.9,800,189,4.23,31.58%,35.52%,0.420165,2026-08-14
TSLA,342.27,2026-08-21,6,Put,450.00,+31.48%,106.25,108,109.05,914,216,4.23,39.20%,104.93%,-0.977308,2026-08-14
AVGO,392.99,2026-08-28,13,Put,375.00,-4.58%,4.7,4.85,5.15,1298,307,4.23,48.55%,41.27%,-0.257001,2026-08-14
TSLA,342.27,2026-08-19,4,Call,365.00,-6.64%,0.64,0.66,0.67,1503,355,4.23,39.20%,44.72%,0.089856,2026-08-14
INO,1.09,2027-01-15,153,Call,1.0000,+8.26%,0.3,0.3,0.4,3510,830,4.23,178.46%,112.27%,0.692944,2026-08-14
AMD,514.39,2026-08-17,2,Call,500.00,+2.80%,16.3,16.95,17.3,3796,897,4.23,57.46%,49.47%,0.787762,2026-08-14
ORCL,150.52,2026-08-21,6,Put,210.00,+39.52%,58.95,60,61.5,624,148,4.22,69.09%,160.26%,-0.935837,2026-08-14
NVO,45.89,2026-08-21,6,Call,39.00,+15.01%,6.75,6.65,7.2,680,161,4.22,30.92%,80.06%,0.950233,2026-08-14
SCCO,184.61,2026-08-21,6,Put,182.50,-1.14%,2.6,2.8,3.7,968,230,4.21,47.05%,44.08%,-0.40686,2026-08-14
SPCX,140,2026-08-21,6,Call,148.00,-5.71%,2.06,2.14,2.14,1092,260,4.2,64.22%,69.46%,0.28336,2026-08-14
APAM,42.18,2026-08-21,6,Call,40.00,+5.17%,1.85,2.21,2.65,2520,600,4.2,28.51%,32.84%,0.901312,2026-08-14
META,589.85,2026-08-17,2,Put,590.00,+0.03%,4.5,4.56,4.7,1578,377,4.19,32.86%,26.25%,-0.498387,2026-08-14
GME,18.66,2026-08-28,13,Call,18.50,+0.86%,0.47,0.54,0.59,824,197,4.18,43.32%,32.86%,0.559492,2026-08-14
AAPL,305.93,2026-08-17,2,Call,310.00,-1.33%,0.35,0.35,0.36,21694,5190,4.18,22.68%,17.98%,0.165289,2026-08-14
RGTI,18.82,2026-08-21,6,Put,18.50,-1.70%,0.23,0.58,0.64,580,139,4.17,83.08%,61.35%,-0.395994,2026-08-14
TSLA,342.27,2026-09-04,20,Put,345.00,+0.80%,13.55,13.55,13.7,672,161,4.17,39.20%,39.08%,-0.510062,2026-08-14
FIGR,31.43,2027-01-15,153,Call,60.00,-90.90%,1.05,1.23,1.55,885,212,4.17,76.09%,82.27%,0.179468,2026-08-14
TSLA,342.27,2026-09-25,41,Call,420.00,-22.71%,2.44,2.5,2.5,553,133,4.16,39.20%,45.16%,0.105846,2026-08-14
AVGO,392.99,2026-08-19,4,Call,420.00,-6.87%,0.49,0.57,0.65,744,179,4.16,48.55%,42.92%,0.073574,2026-08-14
FTAI,217.13,2026-11-20,97,Call,220.00,-1.32%,25.3,30.28,34.1,506,122,4.15,60.92%,68.00%,0.563022,2026-08-14
FIGR,31.43,2026-08-21,6,Call,34.00,-8.18%,0.3,0.46,0.65,1242,299,4.15,76.09%,83.44%,0.249619,2026-08-14
ORCL,150.52,2026-08-21,6,Put,148.00,-1.67%,3.1,3.2,3.25,1715,413,4.15,69.09%,56.87%,-0.392576,2026-08-14
PDD,84.79,2027-01-15,153,Put,55.00,-35.13%,0.17,0.44,0.82,1750,422,4.15,39.99%,44.38%,-0.044405,2026-08-14
IBRX,7.57,2026-11-20,97,Put,6.00,-20.74%,0.35,0.5,0.6,1862,449,4.15,63.37%,80.25%,-0.214857,2026-08-14
TEM,52.1,2026-08-21,6,Call,54.00,-3.65%,0.78,0.9,0.94,571,138,4.14,62.87%,59.97%,0.337337,2026-08-14
SKHY,166.33,2026-08-21,6,Call,167.50,-0.70%,6,6.4,6.5,1489,360,4.14,75.28%,79.38%,0.495157,2026-08-14
AMAT,507.18,2026-08-28,13,Call,900.00,-77.45%,0.03,0.11,0.22,1531,371,4.13,55.43%,110.17%,0.004048,2026-08-14
NFLX,78.16,2026-08-21,6,Put,93.00,+18.99%,13.6,15.45,16.75,1544,375,4.12,31.53%,95.84%,-0.91263,2026-08-14
PDD,84.79,2026-09-18,34,Put,130.00,+53.32%,44.05,45.85,47.25,1002,244,4.11,39.99%,88.56%,-0.931878,2026-08-14
SNDK,1641.11,2026-08-21,6,Call,"1,800.00",-9.68%,23.6,24.5,25.2,5029,1224,4.11,84.72%,90.64%,0.232058,2026-08-14
TSLA,342.27,2026-08-19,4,Call,362.50,-5.91%,0.8,0.82,0.83,1018,248,4.1,39.20%,43.61%,0.110042,2026-08-14
AMD,514.39,2026-08-19,4,Call,500.00,+2.80%,20.65,20.25,21.8,1311,320,4.1,57.46%,59.56%,0.688879,2026-08-14
NVDA,225.16,2026-08-19,4,Call,217.50,+3.40%,8.1,8,8.45,1827,446,4.1,37.99%,31.47%,0.859437,2026-08-14
NFLX,78.16,2026-09-18,34,Put,116.00,+48.41%,36.6,37.9,39.15,2990,730,4.1,31.53%,66.14%,-0.980875,2026-08-14
AAPL,305.93,2026-08-17,2,Call,312.50,-2.15%,0.15,0.15,0.17,9058,2208,4.1,22.68%,20.01%,0.078573,2026-08-14
IREN,44.06,2026-08-21,6,Call,46.00,-4.40%,1.2,1.23,1.23,12783,3117,4.1,97.88%,88.21%,0.374766,2026-08-14
TSLA,342.27,2026-08-21,6,Call,345.00,-0.80%,5.7,5.75,5.85,26726,6541,4.09,39.20%,39.64%,0.452565,2026-08-14
KVYO,18.49,2027-01-15,153,Call,30.00,-62.25%,0.55,0.79,0.9,1287,315,4.09,63.55%,67.32%,0.196107,2026-08-14
AMD,514.39,2026-08-17,2,Put,470.00,-8.63%,0.15,0.17,0.2,1423,350,4.07,57.46%,60.36%,-0.020365,2026-08-14
STM,54.29,2026-08-21,6,Call,57.00,-4.99%,0.5,0.65,0.65,6788,1666,4.07,53.78%,54.97%,0.258176,2026-08-14
NVO,45.89,2026-08-21,6,Call,42.50,+7.39%,3.3,3.5,3.5,2406,596,4.04,30.92%,32.56%,0.974162,2026-08-14
RDDT,178.09,2026-08-21,6,Call,185.00,-3.88%,2.93,3,3.25,5031,1245,4.04,58.66%,63.31%,0.336832,2026-08-14
NOW,124,2026-12-18,125,Call,135.00,-8.87%,12.3,12.95,13.35,2350,583,4.03,50.37%,57.05%,0.480791,2026-08-14
TSLA,342.27,2026-08-21,6,Put,335.00,-2.12%,3.55,3.55,3.65,8748,2176,4.02,39.20%,38.55%,-0.319336,2026-08-14
NBIS,277.68,2026-08-21,6,Call,332.50,-19.74%,2.37,2.56,2.73,501,125,4.01,100.09%,116.77%,0.130365,2026-08-14
CRWV,105.26,2026-08-21,6,Put,106.00,+0.70%,4.6,4.78,4.9,509,127,4.01,76.89%,81.49%,-0.504112,2026-08-14
SNDK,1641.11,2026-08-21,6,Put,880.00,-46.38%,0,0.13,1,967,242,4,84.72%,190.69%,-0.003758,2026-08-14
NBIS,277.68,2026-08-28,13,Call,270.00,+2.77%,24.6,23.5,26.25,1858,465,4,100.09%,102.91%,0.59801,2026-08-14
TSLA,342.27,2026-08-19,4,Call,337.50,+1.39%,8.05,8.3,8.3,1462,367,3.98,39.20%,37.85%,0.649564,2026-08-14
CRCL,71.6,2026-08-21,6,Call,77.00,-7.54%,1.09,1.15,1.18,2700,679,3.98,76.73%,81.80%,0.262636,2026-08-14
TSLA,342.27,2026-08-19,4,Put,332.50,-2.85%,1.76,1.78,1.83,1438,362,3.97,39.20%,37.96%,-0.224349,2026-08-14
MU,971.66,2026-08-17,2,Call,950.00,+2.23%,28,29.14,30,3535,892,3.96,64.81%,55.42%,0.717313,2026-08-14
RDDT,178.09,2026-08-21,6,Call,190.00,-6.69%,1.78,1.9,2,4111,1037,3.96,58.66%,64.26%,0.230422,2026-08-14
TSLA,342.27,2026-08-21,6,Call,355.00,-3.72%,2.68,2.68,2.72,14977,3784,3.96,39.20%,41.06%,0.255883,2026-08-14
NVDA,225.16,2026-08-17,2,Call,195.00,+13.39%,27.2,29.51,30.75,522,132,3.95,37.99%,68.11%,0.997989,2026-08-14
AG,19.26,2026-08-21,6,Put,19.50,+1.25%,0.7,0.72,0.82,951,241,3.95,60.77%,64.40%,-0.541278,2026-08-14
RIOT,19.01,2026-09-25,41,Call,19.00,+0.05%,1.86,2.3,2.6,500,127,3.94,83.14%,86.37%,0.564288,2026-08-14
USAR,20,2028-01-21,524,Call,3.00,+85.00%,16.85,17.02,19.5,875,222,3.94,87.12%,170.21%,0.976072,2026-08-14
TSN,58.17,2026-08-21,6,Call,60.00,-3.15%,0.05,0.2,0.3,3116,791,3.94,24.03%,25.35%,0.174551,2026-08-14
AMD,514.39,2026-08-21,6,Call,515.00,-0.12%,15.45,15.8,16.1,3277,835,3.92,57.46%,60.53%,0.512452,2026-08-14
AADX,17.92,2026-09-18,34,Call,20.00,-11.61%,0.65,0.9,0.9,516,132,3.91,64.99%,68.81%,0.344026,2026-08-14
BMY,63.83,2026-08-28,13,Call,68.00,-6.53%,0.07,0.16,0.16,515,132,3.9,25.45%,24.29%,0.0869,2026-08-14
NFLX,78.16,2026-09-18,34,Put,105.00,+34.34%,25.4,27.25,28.35,962,248,3.88,31.53%,51.92%,-0.977367,2026-08-14
KKR,114.01,2027-01-15,153,Call,160.00,-40.34%,1.15,1.5,1.85,1186,306,3.88,35.18%,38.57%,0.118802,2026-08-14
MRCY,111.12,2026-08-21,6,Put,100.00,-10.01%,3.7,4,4.9,1613,416,3.88,81.49%,163.09%,-0.270478,2026-08-14
NFLX,78.16,2026-09-18,34,Put,110.00,+40.74%,30,31.8,33.8,3842,991,3.88,31.53%,60.62%,-0.97384,2026-08-14
MP,58.74,2026-08-28,13,Call,65.00,-10.66%,0.99,1.26,1.18,725,188,3.86,67.01%,70.82%,0.247861,2026-08-14
OSCR,32.76,2028-01-21,524,Put,30.00,-8.42%,6.85,6.85,8.55,2687,697,3.86,62.96%,67.58%,-0.288775,2026-08-14
RDDT,178.09,2026-08-21,6,Call,180.00,-1.07%,4.6,4.87,4.9,9587,2484,3.86,58.66%,61.24%,0.464532,2026-08-14
KKR,114.01,2026-08-21,6,Call,125.00,-9.64%,0,0.19,0.45,940,244,3.85,35.18%,48.17%,0.073346,2026-08-14
NFLX,78.16,2026-08-21,6,Put,96.00,+22.82%,15.8,18.2,19.9,2077,539,3.85,31.53%,70.87%,-0.991137,2026-08-14
HGV,45.93,2026-09-18,34,Call,50.00,-8.86%,0.35,0.8,1.1,511,133,3.84,44.50%,36.58%,0.250215,2026-08-14
HPE,58.71,2026-08-28,13,Put,58.00,-1.21%,2.09,2.28,2.3,602,157,3.83,73.01%,58.26%,-0.431339,2026-08-14
META,589.85,2026-08-17,2,Put,577.50,-2.09%,0.81,0.91,0.91,609,159,3.83,32.86%,27.06%,-0.141285,2026-08-14
ORCL,150.52,2026-08-21,6,Put,149.00,-1.01%,3.55,3.7,3.8,616,161,3.83,69.09%,57.68%,-0.42909,2026-08-14
GOOG,343.54,2026-09-11,27,Call,380.00,-10.61%,1.15,1.32,1.4,750,196,3.83,27.18%,28.01%,0.105065,2026-08-14
BF.B,28.42,2026-09-18,34,Put,27.50,-3.24%,0.85,0.92,0.95,951,248,3.83,36.79%,38.69%,-0.365623,2026-08-14
TSLA,342.27,2026-08-24,9,Put,330.00,-3.58%,2.78,2.92,2.88,584,153,3.82,39.20%,35.58%,-0.243387,2026-08-14
NFLX,78.16,2026-09-18,34,Put,102.00,+30.50%,22.6,24,25.15,882,231,3.82,31.53%,47.69%,-0.975888,2026-08-14
NFLX,78.16,2026-09-18,34,Put,111.00,+42.02%,31.6,33.5,34.15,898,235,3.82,31.53%,59.91%,-0.979559,2026-08-14
NVDA,225.16,2026-08-19,4,Put,225.00,-0.07%,2.67,2.7,2.72,7052,1848,3.82,37.99%,29.88%,-0.481124,2026-08-14
PANW,384.27,2026-08-21,6,Put,362.50,-5.67%,2.25,2.64,2.65,530,139,3.81,57.81%,51.01%,-0.175495,2026-08-14
HOOD,95.56,2028-12-15,853,Call,80.00,+16.28%,43.5,45.6,47.75,1044,274,3.81,57.43%,67.29%,0.783125,2026-08-14
NBIS,277.68,2026-08-21,6,Put,270.00,-2.77%,11.65,11.91,12.25,2813,739,3.81,100.09%,111.15%,-0.392964,2026-08-14
AAPL,305.93,2026-08-19,4,Call,310.00,-1.33%,1.19,1.25,1.25,6065,1590,3.81,22.68%,21.46%,0.287335,2026-08-14
TSLA,342.27,2026-09-04,20,Put,340.00,-0.66%,10.9,11.02,11.1,765,202,3.79,39.20%,38.90%,-0.445975,2026-08-14
NFLX,78.16,2026-08-21,6,Put,94.00,+20.27%,14.2,16.2,17.5,982,260,3.78,31.53%,64.58%,-0.989384,2026-08-14
META,589.85,2026-09-18,34,Put,820.00,+39.02%,226.25,228.6,233.3,532,141,3.77,32.86%,51.72%,-0.992254,2026-08-14
ENPH,40.48,2028-12-15,853,Call,30.00,+25.89%,21.45,23.47,25.5,600,159,3.77,66.50%,83.72%,0.829181,2026-08-14
NVDA,225.16,2026-09-04,20,Put,230.00,+2.15%,10.95,10.91,11.05,684,182,3.76,37.99%,40.35%,-0.565516,2026-08-14
MSTR,93.04,2026-08-28,13,Call,96.00,-3.18%,3.25,3.4,3.55,947,252,3.76,66.03%,65.88%,0.428829,2026-08-14
TSLA,342.27,2026-08-19,4,Put,335.00,-2.12%,2.39,2.47,2.48,1482,394,3.76,39.20%,37.74%,-0.283647,2026-08-14
MSFT,495.4,2026-08-17,2,Call,507.50,-2.44%,0.2,0.22,0.24,1954,520,3.76,24.92%,21.27%,0.064961,2026-08-14
ECHO,91.89,2026-08-21,6,Put,135.00,+46.91%,41.3,43.4,45.2,9410,2500,3.76,47.73%,150.40%,-0.97263,2026-08-14
SPCX,140,2028-01-21,524,Call,185.00,-32.14%,32,32.3,33,10017,2664,3.76,64.22%,65.48%,0.544282,2026-08-14
META,589.85,2026-09-18,34,Put,790.00,+33.93%,196.25,199.1,203.3,1110,296,3.75,32.86%,46.66%,-0.991706,2026-08-14
AVGO,392.99,2026-09-04,20,Put,390.00,-0.76%,17.45,18.05,18.1,1240,331,3.75,48.55%,53.42%,-0.446594,2026-08-14
CRWD,216.95,2026-09-04,20,Put,190.00,-12.42%,2.8,3,3.2,1464,391,3.74,59.59%,63.52%,-0.163917,2026-08-14
ZS,183.6,2027-01-15,153,Put,145.00,-21.02%,9.55,10.6,11.6,1516,405,3.74,71.03%,62.42%,-0.206226,2026-08-14
CAPR,6.65,2026-08-21,6,Call,8.00,-20.30%,0.65,0.65,0.75,4080,1090,3.74,241.28%,340.05%,0.418927,2026-08-14
MU,971.66,2026-08-19,4,Call,975.00,-0.34%,23.5,23.5,24.5,667,179,3.73,64.81%,62.64%,0.494576,2026-08-14
ORCL,150.52,2026-08-21,6,Put,250.00,+66.09%,98.95,99.9,101.5,724,194,3.73,69.09%,222.03%,-0.950034,2026-08-14
TSLA,342.27,2026-09-04,20,Call,365.00,-6.64%,5.25,5.35,5.35,2137,573,3.73,39.20%,41.12%,0.274475,2026-08-14
SKHY,166.33,2026-09-04,20,Call,165.00,+0.80%,12.3,11.9,13.9,539,145,3.72,75.28%,79.40%,0.558368,2026-08-14
NVDA,225.16,2026-08-17,2,Call,202.50,+10.06%,19.75,22.78,23.35,2011,540,3.72,37.99%,70.40%,0.980498,2026-08-14
AAPL,305.93,2026-08-17,2,Put,307.50,+0.51%,2.28,2.46,2.75,2325,625,3.72,22.68%,18.13%,-0.64269,2026-08-14
PANW,384.27,2026-08-21,6,Call,425.00,-10.60%,0.53,0.6,0.79,579,156,3.71,57.81%,50.04%,0.063132,2026-08-14
ACN,176.89,2027-06-17,306,Put,150.00,-15.20%,16.4,17.1,17,631,170,3.71,43.13%,48.70%,-0.268692,2026-08-14
META,589.85,2026-08-19,4,Call,610.00,-3.42%,1.76,1.84,2.1,697,188,3.71,32.86%,33.47%,0.175944,2026-08-14
SPCX,140,2026-12-18,125,Call,275.00,-96.43%,2.21,2.31,2.43,503,136,3.7,64.22%,74.29%,0.095925,2026-08-14
SPCX,140,2026-08-21,6,Put,143.00,+2.14%,6.5,6.55,6.95,1020,276,3.7,64.22%,70.92%,-0.572524,2026-08-14
HL,18.37,2026-08-21,6,Call,18.50,-0.71%,0.46,0.56,0.58,1380,373,3.7,62.01%,61.30%,0.48283,2026-08-14
TSLA,342.27,2026-08-17,2,Put,325.00,-5.05%,0.11,0.13,0.13,4983,1347,3.7,39.20%,38.06%,-0.031569,2026-08-14
NFLX,78.16,2026-08-21,6,Put,95.00,+21.55%,15.1,16.7,18.6,646,175,3.69,31.53%,67.75%,-0.990174,2026-08-14
HPE,58.71,2026-08-21,6,Call,66.00,-12.42%,0.15,0.18,0.26,968,262,3.69,73.01%,66.20%,0.091497,2026-08-14
NBIS,277.68,2026-09-18,34,Put,300.00,+8.04%,45.5,48.95,48,1059,287,3.69,100.09%,100.07%,-0.536939,2026-08-14
KEEL,3.51,2026-09-04,20,Call,3.50,+0.28%,0.2,0.34,0.45,5648,1539,3.67,104.23%,96.99%,0.553632,2026-08-14
GLW,165.99,2026-09-04,20,Put,155.00,-6.62%,4.65,5.38,5.6,938,256,3.66,64.80%,65.01%,-0.296085,2026-08-14
AMD,514.39,2026-12-18,125,Call,610.00,-18.59%,42.8,41.67,44.55,1029,281,3.66,57.46%,61.82%,0.399777,2026-08-14
ARM,279.44,2026-08-21,6,Put,500.00,+78.93%,219.05,221.15,222.7,1830,500,3.66,69.20%,205.17%,-0.982603,2026-08-14
AVGO,392.99,2026-08-21,6,Call,415.00,-5.60%,1.73,1.8,1.9,2308,630,3.66,48.55%,42.11%,0.165178,2026-08-14
XOM,160.1,2026-08-21,6,Call,152.50,+4.75%,6.55,7.3,8.4,2451,669,3.66,27.35%,15.16%,0.993731,2026-08-14
SO,92.8,2026-08-21,6,Call,86.00,+7.33%,5.7,6.5,8,525,144,3.65,17.14%,32.30%,0.96806,2026-08-14
NFLX,78.16,2026-08-21,6,Put,99.00,+26.66%,19,20.9,22.9,668,183,3.65,31.53%,99.97%,-0.964052,2026-08-14
CLSK,12.09,2026-08-21,6,Call,12.50,-3.39%,0.32,0.39,0.44,3518,964,3.65,82.90%,88.87%,0.408837,2026-08-14
BAC,64.49,2026-08-21,6,Call,66.00,-2.34%,0.1,0.12,0.12,11232,3080,3.65,18.93%,17.10%,0.151323,2026-08-14
JD,29.06,2026-09-04,20,Put,27.00,-7.09%,0.09,0.17,0.16,702,193,3.64,28.93%,27.03%,-0.131402,2026-08-14
AVGO,392.99,2026-08-17,2,Put,397.50,+1.15%,5.95,7.33,7.4,736,202,3.64,48.55%,34.83%,-0.66471,2026-08-14
ARM,279.44,2026-10-16,62,Call,290.00,-3.78%,27.75,28.75,29.5,515,142,3.63,69.20%,70.57%,0.515761,2026-08-14
CRCL,71.6,2026-08-21,6,Put,72.00,+0.56%,2.81,3,3.3,1132,312,3.63,76.73%,78.21%,-0.500281,2026-08-14
RDW,13.58,2026-08-21,6,Call,13.50,+0.59%,0.65,0.67,0.75,1591,438,3.63,89.81%,94.67%,0.545496,2026-08-14
ADI,389.39,2026-08-21,6,Call,397.50,-2.08%,7.8,7.88,9.9,843,233,3.62,45.96%,61.76%,0.414587,2026-08-14
LLY,1180.16,2026-08-28,13,Call,"1,250.00",-5.92%,5.25,6,7.2,549,152,3.61,29.38%,30.82%,0.173344,2026-08-14
AMZN,262.65,2026-08-21,6,Call,262.50,+0.06%,3.8,3.83,3.9,2131,591,3.61,27.56%,27.52%,0.520237,2026-08-14
AAPL,305.93,2026-08-21,6,Put,297.50,-2.76%,0.68,0.76,0.76,2905,805,3.61,22.68%,22.24%,-0.155907,2026-08-14
LULU,119.55,2026-08-28,13,Put,108.00,-9.66%,0.27,0.63,0.91,522,145,3.6,55.24%,46.44%,-0.111896,2026-08-14
NVDA,225.16,2026-08-19,4,Call,212.50,+5.62%,12.4,13.15,13.3,778,216,3.6,37.99%,31.71%,0.961614,2026-08-14
EOSE,4.02,2026-09-11,27,Call,0.50,+87.56%,3.35,3.55,3.85,4119,1144,3.6,101.09%,581.09%,0.982611,2026-08-14
NOW,124,2026-08-21,6,Call,124.00,0.00%,3.2,3.35,3.35,596,166,3.59,50.37%,51.08%,0.516693,2026-08-14
AVGO,392.99,2026-08-21,6,Call,387.50,+1.40%,10.9,12.05,11.7,1572,438,3.59,48.55%,40.84%,0.619454,2026-08-14
TSLA,342.27,2026-08-21,6,Call,365.00,-6.64%,1.24,1.25,1.28,8801,2450,3.59,39.20%,43.68%,0.133588,2026-08-14
ORCL,150.52,2026-09-04,20,Call,152.50,-1.32%,6.75,7.15,7.25,567,159,3.57,69.09%,55.68%,0.489506,2026-08-14
NBIS,277.68,2026-09-11,27,Put,140.00,-49.58%,0.27,0.45,0.55,537,152,3.53,100.09%,120.21%,-0.011738,2026-08-14
NVO,45.89,2026-10-16,62,Call,32.50,+29.18%,11.45,13.8,15.4,650,184,3.53,30.92%,51.39%,0.971797,2026-08-14
HOOD,95.56,2026-09-11,27,Put,98.00,+2.55%,6.55,6.7,7.6,1118,317,3.53,57.43%,56.32%,-0.530103,2026-08-14
SPCX,140,2026-08-21,6,Call,157.50,-12.50%,0.71,0.77,0.76,1553,440,3.53,64.22%,74.02%,0.117511,2026-08-14
PDD,84.79,2026-09-18,34,Put,115.00,+35.63%,28.6,30.9,31.45,3215,913,3.52,39.99%,74.34%,-0.894026,2026-08-14
INTC,102.5,2026-08-19,4,Call,106.00,-3.41%,1.28,1.31,1.37,1007,287,3.51,65.55%,62.33%,0.31674,2026-08-14
CVNA,75.59,2026-08-21,6,Call,77.00,-1.87%,1.38,1.58,1.52,1647,470,3.5,52.39%,52.83%,0.408966,2026-08-14
AAOI,150.28,2026-08-28,13,Call,130.00,+13.49%,23.7,24.98,26.1,1045,300,3.48,112.71%,114.29%,0.784076,2026-08-14
PYPL,61.66,2026-08-21,6,Call,62.00,-0.55%,1.65,1.75,1.8,6434,1849,3.48,35.38%,59.39%,0.488649,2026-08-14
NFLX,78.16,2026-09-18,34,Put,108.00,+38.18%,28.4,29.45,31.35,510,147,3.47,31.53%,55.99%,-0.978567,2026-08-14
MSTR,93.04,2026-09-11,27,Put,80.00,-14.02%,1.66,1.7,1.98,1064,307,3.47,66.03%,68.11%,-0.178596,2026-08-14
META,589.85,2026-08-17,2,Call,595.00,-0.87%,2.4,2.5,2.69,2244,646,3.47,32.86%,26.51%,0.335726,2026-08-14
MSTR,93.04,2026-08-21,6,Put,91.00,-2.19%,2.01,2.02,2.11,4613,1329,3.47,66.03%,63.54%,-0.374824,2026-08-14
GOOGL,345.9,2026-08-19,4,Put,340.00,-1.71%,1.2,1.53,1.57,532,154,3.45,27.71%,25.32%,-0.249968,2026-08-14
MU,971.66,2026-08-17,2,Call,"1,060.00",-9.09%,0.52,0.57,0.59,547,159,3.44,64.81%,62.56%,0.032048,2026-08-14
SPCX,140,2026-08-21,6,Call,172.50,-23.21%,0.16,0.15,0.19,901,262,3.44,64.22%,84.42%,0.030819,2026-08-14
TSLA,342.27,2026-08-24,9,Call,340.00,+0.66%,8.9,9.12,9.35,998,290,3.44,39.20%,36.38%,0.563846,2026-08-14
AMAT,507.18,2026-09-18,34,Put,500.00,-1.42%,28.55,29.5,30.4,1886,549,3.44,55.43%,54.89%,-0.427163,2026-08-14
META,589.85,2026-08-17,2,Call,607.50,-2.99%,0.43,0.46,0.5,954,278,3.43,32.86%,28.36%,0.082947,2026-08-14
FIGR,31.43,2026-08-21,6,Call,32.50,-3.40%,0.7,0.9,0.95,9364,2729,3.43,76.09%,78.50%,0.391116,2026-08-14
AVGO,392.99,2026-08-17,2,Put,380.00,-3.31%,0.49,0.52,0.57,4291,1260,3.41,48.55%,36.53%,-0.103426,2026-08-14
COP,126.78,2026-08-21,6,Call,122.00,+3.77%,4.45,4.7,4.95,560,165,3.39,28.61%,11.05%,0.99642,2026-08-14
NBIS,277.68,2026-08-28,13,Call,280.00,-0.84%,19.7,20.8,21.2,1810,534,3.39,100.09%,102.24%,0.523937,2026-08-14
CAPR,6.65,2026-08-21,6,Put,5.00,-24.81%,0.3,0.35,0.4,3130,926,3.38,241.28%,326.17%,-0.186094,2026-08-14
APP,315.44,2026-09-18,34,Call,320.00,-1.45%,19.6,19.85,20.6,1475,438,3.37,55.34%,56.48%,0.509163,2026-08-14
UNH,401.73,2026-08-21,6,Put,395.00,-1.68%,2.23,2.45,2.55,2060,612,3.37,26.95%,24.97%,-0.291123,2026-08-14
SPCX,140,2026-08-21,6,Call,143.00,-2.14%,3.5,3.55,3.6,2386,708,3.37,64.22%,67.32%,0.422458,2026-08-14
INTC,102.5,2026-08-28,13,Call,101.00,+1.46%,5.65,5.8,6,568,169,3.36,65.55%,65.06%,0.575479,2026-08-14
COIN,148.47,2026-08-21,6,Call,149.00,-0.36%,4.3,4.4,4.45,941,281,3.35,61.96%,60.40%,0.50016,2026-08-14
CSCO,111.68,2026-11-20,97,Put,105.00,-5.98%,4.15,4.57,4.7,705,211,3.34,29.83%,33.89%,-0.318433,2026-08-14
NVDA,225.16,2026-08-19,4,Call,227.50,-1.04%,1.85,1.86,1.89,9206,2755,3.34,37.99%,30.26%,0.382226,2026-08-14
INTC,102.5,2026-08-17,2,Call,105.00,-2.44%,0.62,0.65,0.67,9521,2857,3.33,65.55%,51.80%,0.272616,2026-08-14
EOSE,4.02,2026-09-25,41,Call,0.50,+87.56%,3,3.55,5.6,516,155,3.33,101.09%,367.38%,0.989611,2026-08-14
AVGO,392.99,2026-08-21,6,Put,397.50,+1.15%,9.6,10.01,11.25,546,164,3.33,48.55%,39.93%,-0.575437,2026-08-14
XP,15.82,2026-09-18,34,Call,16.00,-1.14%,0.55,0.78,0.8,631,190,3.32,44.58%,39.84%,0.482387,2026-08-14
SPCX,140,2026-08-21,6,Put,137.00,-2.14%,3.35,3.4,3.5,4010,1209,3.32,64.22%,67.89%,-0.382771,2026-08-14
RKT,14.76,2026-08-28,13,Put,14.50,-1.76%,0.41,0.47,0.49,510,154,3.31,52.20%,52.51%,-0.405295,2026-08-14
TPG,53.03,2026-11-20,97,Call,60.00,-13.14%,1.55,1.8,2.55,530,160,3.31,38.30%,41.32%,0.313085,2026-08-14
MSFT,495.4,2026-08-19,4,Call,510.00,-2.95%,0.69,0.73,0.78,722,219,3.3,24.92%,23.45%,0.123364,2026-08-14
META,589.85,2026-08-17,2,Call,615.00,-4.26%,0.18,0.19,0.2,1000,303,3.3,32.86%,30.95%,0.035687,2026-08-14
VST,148.13,2028-12-15,853,Call,75.00,+49.37%,86,87.83,88.95,1352,410,3.3,42.97%,59.18%,0.890595,2026-08-14
COIN,148.47,2026-08-21,6,Put,147.00,-0.99%,3.6,3.72,3.9,1440,436,3.3,61.96%,59.34%,-0.430415,2026-08-14
GOOGL,345.9,2026-12-18,125,Call,415.00,-19.98%,7.25,7.7,8.2,5276,1602,3.29,27.71%,33.28%,0.21911,2026-08-14
NU,15.23,2026-08-21,6,Call,15.50,-1.77%,0.17,0.2,0.22,6176,1875,3.29,36.55%,39.21%,0.377274,2026-08-14
AVGO,392.99,2026-09-04,20,Put,410.00,+4.33%,28.85,29.17,29.9,701,214,3.28,48.55%,53.69%,-0.604627,2026-08-14
CRWD,216.95,2026-11-20,97,Put,200.00,-7.81%,15.45,15.1,16.6,567,174,3.26,59.59%,57.05%,-0.325956,2026-08-14
AMD,514.39,2028-01-21,524,Put,410.00,-20.29%,77.2,79.15,80,583,179,3.26,57.46%,62.58%,-0.232323,2026-08-14
AVGO,392.99,2026-08-17,2,Put,382.50,-2.67%,0.76,0.8,0.83,786,241,3.26,48.55%,35.53%,-0.14739,2026-08-14
SGML,11.99,2026-09-18,34,Call,16.00,-33.44%,0.3,0.35,0.45,627,193,3.25,94.60%,98.11%,0.211157,2026-08-14
AMAT,507.18,2026-08-21,6,Put,440.00,-13.25%,0.4,0.42,0.48,1652,508,3.25,55.43%,59.70%,-0.02865,2026-08-14
CVNA,75.59,2026-08-21,6,Call,81.00,-7.16%,0.4,0.51,0.49,567,175,3.24,52.39%,53.39%,0.166766,2026-08-14
AMAT,507.18,2026-08-21,6,Put,465.00,-8.32%,1.88,2.1,2.17,599,185,3.24,55.43%,57.11%,-0.109522,2026-08-14
MSTR,93.04,2026-08-21,6,Call,60.00,+35.51%,32.85,32.75,33.5,600,185,3.24,66.03%,162.78%,0.986413,2026-08-14
FCX,66.49,2026-08-28,13,Call,71.00,-6.78%,0.76,0.9,0.9,612,189,3.24,45.52%,47.06%,0.246991,2026-08-14
OKLO,44.38,2026-12-18,125,Call,75.00,-69.00%,2.42,2.65,2.69,2069,639,3.24,79.14%,89.45%,0.237155,2026-08-14
CIFR,17.85,2026-08-21,6,Put,17.50,-1.96%,0.73,0.8,0.88,3037,937,3.24,100.58%,108.10%,-0.413794,2026-08-14
MSTR,93.04,2026-08-21,6,Call,101.00,-8.56%,0.8,0.85,0.88,14416,4463,3.23,66.03%,69.38%,0.191672,2026-08-14
GOOGL,345.9,2026-08-21,6,Put,395.00,+14.19%,48.1,49.55,50.75,718,223,3.22,27.71%,59.09%,-0.959109,2026-08-14
MU,971.66,2026-08-19,4,Call,"1,050.00",-8.06%,4.1,4.3,4.45,1050,327,3.21,64.81%,64.40%,0.133332,2026-08-14
NBIS,277.68,2026-08-21,6,Call,325.00,-17.04%,3.1,3.3,3.45,1244,387,3.21,100.09%,115.16%,0.161587,2026-08-14
CF,118.3,2026-09-18,34,Call,125.00,-5.66%,2.8,2.95,3.1,1310,408,3.21,36.44%,37.90%,0.343249,2026-08-14
AMZN,262.65,2026-08-17,2,Call,205.00,+21.95%,56.2,58.89,59.6,630,197,3.2,27.56%,163.56%,0.982522,2026-08-14
RKLB,80.25,2026-08-21,6,Put,77.00,-4.05%,1.66,1.73,1.83,983,307,3.2,76.38%,77.60%,-0.319006,2026-08-14
NBIS,277.68,2026-08-21,6,Call,420.00,-51.25%,0.05,0.12,0.27,2069,647,3.2,100.09%,134.30%,0.010358,2026-08-14
SNAP,5.41,2026-08-21,6,Call,4.50,+16.82%,0.83,0.75,1.03,3747,1171,3.2,52.92%,95.49%,0.941843,2026-08-14
ECHO,91.89,2026-08-21,6,Put,140.00,+52.36%,46.3,48.4,50.2,8630,2700,3.2,47.73%,162.02%,-0.974152,2026-08-14
IEP,7.42,2028-01-21,524,Call,5.00,+32.61%,1.65,2.6,4.5,1072,336,3.19,37.35%,93.90%,0.733607,2026-08-14
MU,971.66,2026-08-17,2,Call,995.00,-2.40%,6.3,6.7,7.3,1428,448,3.19,64.81%,54.21%,0.28548,2026-08-14
INDI,4.71,2026-09-18,34,Call,5.00,-6.16%,0.55,0.6,0.65,2433,762,3.19,129.13%,124.19%,0.51634,2026-08-14
PDD,84.79,2026-09-18,34,Put,135.00,+59.22%,49.65,50.85,51.45,975,307,3.18,39.99%,91.25%,-0.944246,2026-08-14
SNAP,5.41,2026-08-21,6,Call,4.00,+26.06%,1.34,1.42,1.45,9548,3001,3.18,52.92%,122.73%,0.977321,2026-08-14
NBIS,277.68,2026-08-21,6,Call,320.00,-15.24%,3.85,3.95,4,7386,2331,3.17,100.09%,114.67%,0.187448,2026-08-14
WULF,17.38,2026-11-20,97,Call,18.00,-3.57%,2.95,3.1,3.3,17345,5464,3.17,87.01%,105.92%,0.539711,2026-08-14
POET,9.58,2026-09-11,27,Put,9.00,-6.05%,0.58,0.66,0.76,533,168,3.17,95.21%,93.68%,-0.351522,2026-08-14
ICE,154.73,2026-08-21,6,Put,145.00,-6.29%,0.1,0.21,0.4,596,188,3.17,25.54%,36.17%,-0.076138,2026-08-14
CSCO,111.68,2026-08-21,6,Call,119.00,-6.55%,0.13,0.19,0.27,1227,387,3.17,29.83%,35.59%,0.086787,2026-08-14
CLSK,12.09,2026-08-21,6,Call,13.50,-11.66%,0.11,0.15,0.16,2959,932,3.17,82.90%,90.10%,0.186165,2026-08-14
NBIS,277.68,2026-09-04,20,Put,220.00,-20.77%,5,5.88,6.3,557,176,3.16,100.09%,106.15%,-0.142633,2026-08-14
AMD,514.39,2026-08-19,4,Call,530.00,-3.03%,6.6,6.71,7,604,191,3.16,57.46%,60.02%,0.330646,2026-08-14
APP,315.44,2026-09-18,34,Put,500.00,+58.51%,179.5,184.3,188.8,1271,402,3.16,55.34%,70.22%,-0.992907,2026-08-14
CSCO,111.68,2026-09-04,20,Put,105.00,-5.98%,0.65,0.78,0.84,529,168,3.15,29.83%,29.61%,-0.17353,2026-08-14
HOOD,95.56,2026-08-28,13,Put,83.00,-13.14%,0.32,0.44,0.5,644,205,3.14,57.43%,56.77%,-0.083803,2026-08-14
BA,231.67,2028-12-15,853,Call,110.00,+52.52%,134.2,136.55,138.4,695,221,3.14,28.71%,66.28%,0.869162,2026-08-14
CRWV,105.26,2026-08-21,6,Put,89.00,-15.45%,0.24,0.26,0.33,1337,426,3.14,76.89%,85.42%,-0.0557,2026-08-14
KO,87.71,2026-08-21,6,Call,88.00,-0.33%,0.55,0.56,0.62,6414,2041,3.14,17.47%,15.87%,0.443344,2026-08-14
GOOGL,345.9,2026-08-21,6,Put,400.00,+15.64%,53.1,54.4,55.75,636,203,3.13,27.71%,63.57%,-0.961532,2026-08-14
MBLY,8.92,2026-09-25,41,Call,2.00,+77.58%,6.8,6.95,7.85,661,211,3.13,55.21%,429.85%,0.960895,2026-08-14
MRK,135.84,2026-08-28,13,Call,135.00,+0.62%,2.96,3.08,3.3,672,215,3.13,26.15%,26.11%,0.562638,2026-08-14
CVS,97.16,2026-08-21,6,Call,96.00,+1.19%,1.74,2.06,2.24,1075,344,3.13,25.71%,26.75%,0.644707,2026-08-14
SMCI,39.84,2026-08-21,6,Put,34.00,-14.66%,0.11,0.11,0.12,8527,2731,3.12,77.10%,82.83%,-0.060456,2026-08-14
PTC,149.75,2026-08-21,6,Call,160.00,-6.84%,0.4,0.85,2.65,2236,719,3.11,40.99%,63.97%,0.223913,2026-08-14
GOOGL,345.9,2026-08-19,4,Put,345.00,-0.26%,2.98,3.5,3.75,545,176,3.1,27.71%,26.69%,-0.453045,2026-08-14
APP,315.44,2026-08-28,13,Call,350.00,-10.96%,3.2,3.4,3.8,859,277,3.1,55.34%,58.62%,0.191365,2026-08-14
MRVL,222.02,2026-08-28,13,Call,240.00,-8.10%,8.5,8.5,8.85,3387,1091,3.1,79.43%,92.12%,0.361716,2026-08-14
XYZ,82.88,2026-08-21,6,Call,88.00,-6.18%,0.11,0.1,0.32,816,265,3.08,35.24%,37.52%,0.113212,2026-08-14
BKSY,30.92,2026-09-18,34,Call,40.00,-29.37%,0.7,0.82,0.95,1453,472,3.08,85.82%,86.50%,0.203194,2026-08-14
FRMI,6.4,2026-08-21,6,Put,6.50,+1.56%,0.35,0.37,0.45,2509,814,3.08,102.14%,106.08%,-0.516988,2026-08-14
AS,32.87,2026-09-18,34,Call,35.00,-6.48%,1.4,1.44,1.5,25326,8211,3.08,57.79%,56.27%,0.397567,2026-08-14
ASTS,70.98,2026-08-21,6,Call,72.00,-1.44%,2.53,2.59,2.71,658,214,3.07,78.77%,84.41%,0.471206,2026-08-14
LKQ,25.42,2026-09-18,34,Call,27.50,-8.18%,0.35,0.5,0.8,2331,759,3.07,39.88%,42.89%,0.293192,2026-08-14
INTC,102.5,2026-08-19,4,Call,103.00,-0.49%,2.35,2.4,2.46,770,252,3.06,65.55%,61.33%,0.484684,2026-08-14
SNDK,1641.11,2026-08-21,6,Call,"1,650.00",-0.54%,69.4,69.4,71.7,3081,1006,3.06,84.72%,88.52%,0.505739,2026-08-14
PYPL,61.66,2026-08-21,6,Call,66.00,-7.04%,0.56,0.69,0.87,672,220,3.05,35.38%,68.71%,0.234778,2026-08-14
SPCX,140,2026-08-21,6,Call,162.50,-16.07%,0.43,0.44,0.45,1548,508,3.05,64.22%,77.30%,0.073774,2026-08-14
CNA,51,2026-08-21,6,Call,45.00,+11.76%,5.6,6.14,8.4,1680,550,3.05,33.71%,127.82%,0.800816,2026-08-14
NVDA,225.16,2027-12-17,489,Put,260.00,+15.47%,56.3,57.35,57.85,2502,820,3.05,37.99%,39.72%,-0.519072,2026-08-14
NBIS,277.68,2026-08-21,6,Put,280.00,+0.84%,16.8,17,17.65,724,238,3.04,100.09%,113.12%,-0.492651,2026-08-14
COP,126.78,2026-08-28,13,Call,119.00,+6.14%,7.35,7.42,8.05,736,242,3.04,28.61%,12.95%,0.994659,2026-08-14
NBIS,277.68,2026-08-21,6,Put,250.00,-9.97%,4.9,5.05,5.2,6788,2233,3.04,100.09%,111.68%,-0.209325,2026-08-14
HL,18.37,2027-03-19,216,Call,24.00,-30.65%,2.2,2.3,2.3,7865,2586,3.04,62.01%,68.52%,0.420585,2026-08-14
AVGO,392.99,2026-08-21,6,Call,417.50,-6.24%,1.4,1.49,1.75,616,203,3.03,48.55%,43.07%,0.144744,2026-08-14
ZETA,29.05,2026-08-21,6,Put,29.00,-0.17%,0.75,0.87,0.99,775,256,3.03,58.55%,60.81%,-0.473205,2026-08-14
AAOI,150.28,2026-08-21,6,Call,185.00,-23.10%,1.1,1.35,1.3,821,271,3.03,112.71%,124.14%,0.110729,2026-08-14
ZIM,28.14,2026-09-18,34,Put,24.00,-14.71%,0,0.31,0.45,1030,340,3.03,50.72%,45.98%,-0.110874,2026-08-14
LITE,926.14,2026-09-18,34,Put,890.00,-3.90%,71.3,75.31,75.3,617,204,3.02,82.76%,83.04%,-0.384102,2026-08-14
MBLY,8.92,2026-09-25,41,Call,1.00,+88.79%,7.2,7.95,10.05,1405,466,3.02,55.21%,936.69%,0.988341,2026-08-14
BBWI,19.41,2027-06-17,306,Call,25.00,-28.80%,1.85,2,2.25,500,166,3.01,64.12%,54.42%,0.387105,2026-08-14
OMF,65.68,2026-09-18,34,Call,70.00,-6.58%,0.35,0.48,0.6,535,178,3.01,23.80%,23.58%,0.189072,2026-08-14
CAPR,6.65,2028-01-21,524,Put,7.00,+5.26%,2.5,4.3,6,1000,332,3.01,241.28%,150.58%,-0.1899,2026-08-14
T,24.89,2026-09-18,34,Put,29.00,+16.51%,3.8,4.06,5.3,1034,344,3.01,23.17%,54.92%,-0.794713,2026-08-14
AMZN,262.65,2026-08-17,2,Call,267.50,-1.85%,0.32,0.34,0.35,7084,2351,3.01,27.56%,23.05%,0.146288,2026-08-14
DELL,490.81,2026-08-28,13,Put,300.00,-38.88%,0,0.12,0.2,543,181,3,79.03%,99.86%,-0.003352,2026-08-14
Z,34.78,2027-01-15,153,Put,80.00,+130.02%,43.2,45.35,46.8,600,200,3,50.77%,80.56%,-0.94344,2026-08-14
RBLX,38.23,2026-12-18,125,Put,115.00,+200.81%,74.85,76.47,78.05,948,316,3,59.41%,99.58%,-0.980496,2026-08-14
CRWV,105.26,2026-08-21,6,Put,93.00,-11.65%,0.56,0.6,0.63,998,333,3,76.89%,81.66%,-0.107419,2026-08-14
AAPL,305.93,2026-08-21,6,Put,332.50,+8.68%,24.85,26.3,27.45,1242,414,3,22.68%,30.37%,-0.989989,2026-08-14
LULU,119.55,2026-12-18,125,Put,350.00,+192.76%,228.35,230.75,232.4,1912,637,3,55.24%,104.41%,-0.957093,2026-08-14
CBRS,218.98,2026-08-21,6,Call,230.00,-5.03%,6.3,6.8,7.2,1988,663,3,95.98%,99.16%,0.375248,2026-08-14
BSX,51.83,2026-08-21,6,Call,54.00,-4.19%,0.25,0.35,0.35,593,198,2.99,36.48%,38.32%,0.212373,2026-08-14
MSTR,93.04,2026-08-21,6,Call,96.00,-3.18%,1.89,1.95,2,3356,1122,2.99,66.03%,66.00%,0.374167,2026-08-14
RKT,14.76,2026-09-04,20,Call,15.00,-1.63%,0.58,0.59,0.79,6043,2020,2.99,52.20%,56.64%,0.483893,2026-08-14
BIRK,39.35,2028-01-21,524,Call,40.00,-1.65%,7.4,8.65,11.4,588,197,2.98,45.13%,47.14%,0.639297,2026-08-14
PYPL,61.66,2026-08-21,6,Call,61.00,+1.07%,2,2.2,2.24,6253,2100,2.98,35.38%,55.98%,0.576078,2026-08-14
ADBE,264.02,2026-08-21,6,Put,340.00,+28.78%,72.2,76.15,77,617,208,2.97,51.57%,96.11%,-0.979061,2026-08-14
BIDU,103.67,2026-08-21,6,Call,104.00,-0.32%,3.4,3.75,3.75,725,244,2.97,49.38%,69.85%,0.506363,2026-08-14
IP,40.74,2026-09-18,34,Put,40.00,-1.82%,1.25,1.35,1.45,503,170,2.96,37.81%,34.35%,-0.41095,2026-08-14
NOW,124,2026-08-21,6,Put,123.00,-0.81%,2.58,2.63,2.8,547,185,2.96,50.37%,50.59%,-0.434546,2026-08-14
PDD,84.79,2026-09-18,34,Put,120.00,+41.53%,33.9,35.9,37.25,622,210,2.96,39.99%,73.47%,-0.930651,2026-08-14
SNDK,1641.11,2026-08-21,6,Put,"1,440.00",-12.25%,10.6,11,12,1566,529,2.96,84.72%,90.05%,-0.116088,2026-08-14
IBKR,92.06,2026-09-18,34,Call,95.00,-3.19%,2.85,2.9,3,4290,1449,2.96,36.77%,36.21%,0.420129,2026-08-14
APLD,31.2,2026-08-21,6,Call,33.50,-7.37%,0.54,0.54,0.61,688,233,2.95,87.35%,86.91%,0.281848,2026-08-14
GFS,54.58,2026-10-16,62,Call,55.00,-0.77%,5.5,5.56,5.7,2619,887,2.95,60.87%,63.45%,0.546884,2026-08-14
GLW,165.99,2026-08-28,13,Call,230.00,-38.56%,0.01,0.14,0.14,692,235,2.94,64.80%,72.14%,0.010181,2026-08-14
GOOG,343.54,2026-09-18,34,Put,430.00,+25.17%,84.85,87.15,88.6,736,250,2.94,27.18%,42.80%,-0.963061,2026-08-14
BTDR,9.13,2026-08-21,6,Call,9.50,-4.05%,0.2,0.29,0.4,775,264,2.94,96.90%,96.52%,0.399602,2026-08-14
SABS,3.7,2027-01-15,153,Put,3.00,-18.92%,0.3,0.33,0.6,779,266,2.93,202.71%,90.56%,-0.250606,2026-08-14
SPCX,140,2026-08-28,13,Put,124.00,-11.43%,1.43,1.46,1.5,792,270,2.93,64.22%,66.94%,-0.150769,2026-08-14
AMGN,415.21,2026-08-21,6,Put,400.00,-3.66%,0.61,1.25,1.57,674,231,2.92,25.94%,27.77%,-0.14196,2026-08-14
AMD,514.39,2027-03-19,216,Call,640.00,-24.42%,61,58.6,62.75,680,233,2.92,57.46%,62.76%,0.435545,2026-08-14
POET,9.58,2026-08-28,13,Put,9.00,-6.05%,0.4,0.49,0.45,694,238,2.92,95.21%,97.42%,-0.330827,2026-08-14
UUUU,15.1,2026-11-20,97,Call,18.00,-19.21%,1.34,1.52,1.64,1459,500,2.92,69.98%,78.35%,0.417716,2026-08-14
C,139.33,2026-10-16,62,Put,145.00,+4.07%,9.1,9.42,9.5,1012,348,2.91,26.42%,27.19%,-0.61024,2026-08-14
MSFT,495.4,2026-08-17,2,Put,487.50,-1.59%,0.5,0.5,0.69,1193,410,2.91,24.92%,21.11%,-0.147856,2026-08-14
IREN,44.06,2026-08-28,13,Put,44.00,-0.14%,3.45,3.52,3.65,501,173,2.9,97.88%,109.00%,-0.45443,2026-08-14
NVDA,225.16,2026-08-19,4,Put,217.50,-3.40%,0.56,0.59,0.59,2164,745,2.9,37.99%,32.12%,-0.145524,2026-08-14
NVDA,225.16,2026-08-17,2,Call,217.50,+3.40%,7.7,7.8,8,5616,1936,2.9,37.99%,31.41%,0.934163,2026-08-14
MU,971.66,2026-08-17,2,Put,890.00,-8.40%,0.32,0.36,0.4,622,215,2.89,64.81%,59.75%,-0.022166,2026-08-14
BMRN,67.36,2026-08-21,6,Put,65.00,-3.50%,0.45,0.65,1.9,857,297,2.89,43.72%,64.00%,-0.314904,2026-08-14
SNDK,1641.11,2026-08-21,6,Call,"2,600.00",-58.43%,0.05,0.2,0.3,953,330,2.89,84.72%,123.42%,0.002372,2026-08-14
ABNB,184.06,2026-09-18,34,Put,170.00,-7.64%,1.31,1.55,2.01,1222,423,2.89,28.92%,30.31%,-0.173989,2026-08-14
FRMI,6.4,2026-08-28,13,Call,8.00,-25.00%,0.1,0.15,0.15,7307,2528,2.89,102.14%,115.48%,0.181655,2026-08-14
NVDA,225.16,2026-08-17,2,Put,217.50,-3.40%,0.11,0.11,0.12,8500,2956,2.88,37.99%,29.54%,-0.054632,2026-08-14
MSFT,495.4,2026-08-21,6,Call,497.50,-0.42%,4.65,4.95,5.1,941,327,2.88,24.92%,22.69%,0.454357,2026-08-14
MS,217.36,2028-12-15,853,Call,250.00,-15.02%,32.5,34.66,37.35,1001,348,2.88,27.62%,33.13%,0.512828,2026-08-14
M,23.41,2026-08-28,13,Put,23.00,-1.75%,0.39,0.53,0.67,1007,350,2.88,53.15%,41.13%,-0.39394,2026-08-14
QCOM,165.79,2026-08-21,6,Call,167.50,-1.03%,2.62,2.84,2.86,2375,824,2.88,43.09%,41.23%,0.434997,2026-08-14
NFLX,78.16,2026-08-21,6,Put,78.00,-0.20%,1.13,1.13,1.16,4374,1519,2.88,31.53%,31.13%,-0.46687,2026-08-14
NVDA,225.16,2026-08-17,2,Call,215.00,+4.51%,10.15,10.26,10.5,4973,1728,2.88,37.99%,37.95%,0.951897,2026-08-14
AS,32.87,2026-08-21,6,Call,40.00,-21.69%,0.1,0.17,0.25,5029,1747,2.88,57.79%,107.50%,0.088309,2026-08-14
NFLX,78.16,2027-01-15,153,Put,140.00,+79.12%,59.95,61.3,63.9,574,200,2.87,31.53%,56.28%,-0.967307,2026-08-14
BE,229.94,2026-08-21,6,Call,232.50,-1.11%,9.65,9.89,10.35,707,247,2.86,93.42%,94.53%,0.489689,2026-08-14
ETN,451.51,2026-09-18,34,Put,350.00,-22.48%,0.45,0.61,0.75,1200,420,2.86,34.90%,44.42%,-0.02476,2026-08-14
SBSW,10.77,2026-08-21,6,Put,10.00,-7.15%,0,0.1,0.25,1467,513,2.86,66.88%,74.27%,-0.206468,2026-08-14
SMCI,39.84,2026-08-21,6,Put,39.00,-2.11%,1.17,1.2,1.27,4469,1563,2.86,77.10%,80.11%,-0.395993,2026-08-14
TSLA,342.27,2026-08-21,6,Call,370.00,-8.10%,0.89,0.9,0.91,18990,6632,2.86,39.20%,45.56%,0.097787,2026-08-14
TSLA,342.27,2026-08-17,2,Call,360.00,-5.18%,0.21,0.21,0.23,19654,6870,2.86,39.20%,41.15%,0.050899,2026-08-14
NBIS,277.68,2026-08-21,6,Call,232.50,+16.27%,45.45,47.15,47.95,793,278,2.85,100.09%,103.17%,0.921206,2026-08-14
GOOGL,345.9,2026-08-17,2,Put,342.50,-0.98%,0.7,0.88,0.98,1221,428,2.85,27.71%,21.04%,-0.257052,2026-08-14
ONON,32.22,2026-08-21,6,Call,32.00,+0.68%,0.78,0.81,0.92,1725,605,2.85,37.84%,44.11%,0.563555,2026-08-14
SM,33.75,2026-09-18,34,Put,25.00,-25.93%,0.05,0.12,0.1,502,177,2.84,48.90%,55.64%,-0.031528,2026-08-14
CHRW,148.57,2026-09-18,34,Put,145.00,-2.40%,3.6,4.63,5.1,505,178,2.84,34.43%,34.02%,-0.381244,2026-08-14
WDAY,198.68,2027-01-15,153,Call,270.00,-35.90%,0.25,2.3,4.4,559,197,2.84,51.64%,34.51%,0.117242,2026-08-14
COST,961.1,2026-09-04,20,Put,735.00,-23.53%,0.01,0.2,0.2,563,198,2.84,20.49%,43.41%,-0.003415,2026-08-14
AMD,514.39,2026-08-17,2,Call,537.50,-4.49%,1.34,1.45,1.48,501,177,2.83,57.46%,53.43%,0.138658,2026-08-14
CVNA,75.59,2026-08-28,13,Call,73.00,+3.43%,4.35,4.75,4.75,552,195,2.83,52.39%,54.05%,0.657446,2026-08-14
KO,87.71,2026-08-21,6,Call,89.00,-1.47%,0.27,0.29,0.29,8714,3080,2.83,17.47%,16.62%,0.252865,2026-08-14
HPE,58.71,2026-08-21,6,Put,56.00,-4.62%,0.67,0.74,0.85,1059,375,2.82,73.01%,61.64%,-0.260254,2026-08-14
RDDT,178.09,2026-08-28,13,Call,200.00,-12.30%,1.9,2.15,2.15,1465,519,2.82,58.66%,63.35%,0.184047,2026-08-14
AMZN,262.65,2026-08-19,4,Call,267.50,-1.85%,1.1,1.14,1.2,1694,600,2.82,27.56%,26.49%,0.263763,2026-08-14
CSCO,111.68,2026-08-28,13,Call,115.00,-2.97%,1.31,1.4,1.4,1786,633,2.82,29.83%,31.26%,0.324669,2026-08-14
CG,49.28,2026-08-21,6,Call,45.00,+8.69%,3.8,4.45,4.5,2521,894,2.82,38.84%,56.10%,0.902993,2026-08-14
CVX,200,2026-08-21,6,Call,212.50,-6.25%,0.02,0.11,0.2,649,232,2.8,25.52%,26.77%,0.040146,2026-08-14
NIO,4.52,2026-09-11,27,Put,5.00,+10.62%,0.53,0.59,0.65,806,288,2.8,54.83%,57.97%,-0.710179,2026-08-14
RDDT,178.09,2026-08-21,6,Put,165.00,-7.35%,1.04,1.2,1.37,1212,433,2.8,58.66%,61.97%,-0.156841,2026-08-14
GOOGL,345.9,2026-08-19,4,Call,347.50,-0.46%,2.86,2.95,3.3,1287,460,2.8,27.71%,26.05%,0.443495,2026-08-14
SNDK,1641.11,2026-08-21,6,Call,"1,850.00",-12.73%,16.1,17.3,17.9,1918,685,2.8,84.72%,92.46%,0.17194,2026-08-14
CMG,33.5,2027-03-19,216,Call,45.00,-34.33%,1.2,1.21,1.22,3182,1135,2.8,34.98%,39.93%,0.232533,2026-08-14
AMD,514.39,2026-08-21,6,Call,525.00,-2.06%,11.35,11.9,11.85,5255,1876,2.8,57.46%,61.10%,0.41532,2026-08-14
CORZ,20.18,2026-08-21,6,Put,18.50,-8.33%,0.09,0.21,0.28,793,284,2.79,73.11%,75.28%,-0.169928,2026-08-14
CSCO,111.68,2026-11-20,97,Call,125.00,-11.93%,3.65,3.84,3.9,866,310,2.79,29.83%,35.76%,0.312507,2026-08-14
CRWV,105.26,2026-08-21,6,Call,117.00,-11.15%,1.03,1.02,1.13,933,335,2.79,76.89%,85.12%,0.181682,2026-08-14
META,589.85,2026-08-17,2,Call,617.50,-4.69%,0.13,0.13,0.16,562,202,2.78,32.86%,31.90%,0.027413,2026-08-14
QBTS,21.17,2026-08-21,6,Call,23.50,-11.01%,0.21,0.22,0.24,581,209,2.78,77.39%,85.53%,0.186178,2026-08-14
AMZN,262.65,2026-08-19,4,Call,272.50,-3.75%,0.36,0.41,0.43,629,226,2.78,27.56%,27.85%,0.10844,2026-08-14
GOOGL,345.9,2026-08-17,2,Put,335.00,-3.15%,0.02,0.11,0.12,1703,613,2.78,27.71%,23.25%,-0.03014,2026-08-14
MP,58.74,2027-03-19,216,Put,50.00,-14.88%,6.4,6.42,7,1889,679,2.78,67.01%,66.78%,-0.272332,2026-08-14
INTC,102.5,2026-08-17,2,Put,98.00,-4.39%,0.21,0.26,0.26,2370,852,2.78,65.55%,52.34%,-0.11856,2026-08-14
ENVX,4.39,2026-09-18,34,Put,4.00,-8.88%,0.27,0.32,0.29,2968,1073,2.77,90.50%,89.17%,-0.312573,2026-08-14
IREN,44.06,2026-08-21,6,Call,47.00,-6.67%,0.9,0.93,0.99,6573,2378,2.76,97.88%,89.66%,0.30878,2026-08-14
TSLA,342.27,2026-08-26,11,Call,360.00,-5.18%,3.35,3.44,3.5,511,186,2.75,39.20%,40.07%,0.249635,2026-08-14
NBIS,277.68,2026-08-21,6,Put,265.00,-4.57%,9.6,9.8,10,1390,505,2.75,100.09%,110.87%,-0.343285,2026-08-14
CSCO,111.68,2026-08-21,6,Put,111.00,-0.61%,1.29,1.5,1.5,1549,564,2.75,29.83%,30.37%,-0.427005,2026-08-14
ARR,16.74,2028-01-21,524,Call,13.00,+22.34%,1.65,3.8,6.1,510,186,2.74,20.31%,23.19%,0.859254,2026-08-14
AMD,514.39,2026-08-21,6,Put,495.00,-3.77%,7.35,7.65,7.75,733,268,2.74,57.46%,59.80%,-0.292421,2026-08-14
PYPL,61.66,2026-08-28,13,Call,70.00,-13.53%,0.35,0.38,0.4,1256,459,2.74,35.38%,55.13%,0.12336,2026-08-14
APLD,31.2,2026-08-21,6,Call,31.50,-0.96%,1.17,1.23,1.31,579,212,2.73,87.35%,85.89%,0.489452,2026-08-14
MP,58.74,2026-08-21,6,Put,60.00,+2.15%,2.4,2.56,2.99,584,214,2.73,67.01%,66.60%,-0.579521,2026-08-14
INTU,345.66,2026-08-21,6,Call,365.00,-5.60%,1.65,2.45,2.6,791,290,2.73,58.29%,46.72%,0.191335,2026-08-14
LUNR,19.01,2026-08-21,6,Put,20.00,+5.21%,1.43,1.6,1.83,588,216,2.72,92.30%,107.34%,-0.616796,2026-08-14
F,14.37,2026-11-20,97,Put,13.00,-9.53%,0.46,0.48,0.52,1818,669,2.72,31.48%,36.90%,-0.265607,2026-08-14
XYZ,82.88,2026-08-21,6,Call,84.00,-1.35%,0.85,1.13,1.5,2914,1072,2.72,35.24%,38.80%,0.407881,2026-08-14
MU,971.66,2026-08-17,2,Put,885.00,-8.92%,0.25,0.31,0.35,612,226,2.71,64.81%,61.24%,-0.018439,2026-08-14
SKHY,166.33,2026-08-21,6,Call,172.50,-3.71%,4,4.5,4.5,1643,607,2.71,75.28%,79.25%,0.381374,2026-08-14
AVGO,392.99,2026-08-21,6,Put,382.50,-2.67%,3.7,3.95,4.25,627,232,2.7,48.55%,41.52%,-0.293545,2026-08-14
XYZ,82.88,2026-08-21,6,Put,81.00,-2.27%,0.58,0.7,1.16,764,283,2.7,35.24%,39.56%,-0.312793,2026-08-14
PDD,84.79,2027-01-15,153,Put,130.00,+53.32%,43.95,45.9,47.25,2740,1015,2.7,39.99%,48.71%,-0.911254,2026-08-14
LUNR,19.01,2026-08-28,13,Call,19.50,-2.58%,0.88,1.31,1.5,658,245,2.69,92.30%,97.49%,0.484312,2026-08-14
SNOW,328.92,2026-10-16,62,Put,250.00,-23.99%,4.3,5.3,5.2,522,195,2.68,66.51%,60.92%,-0.107318,2026-08-14
CRCL,71.6,2026-08-21,6,Call,78.00,-8.94%,0.91,1,1.05,525,196,2.68,76.73%,83.84%,0.230473,2026-08-14
AVGO,392.99,2026-08-28,13,Call,420.00,-6.87%,3.55,3.5,3.8,1977,738,2.68,48.55%,41.90%,0.21535,2026-08-14
JD,29.06,2027-03-19,216,Call,25.00,+13.97%,5.7,5.63,6.8,2002,746,2.68,28.93%,58.13%,0.673763,2026-08-14
VTRS,16.23,2026-10-16,62,Call,17.00,-4.74%,0.35,0.45,0.7,2034,758,2.68,25.45%,31.14%,0.385339,2026-08-14
WULF,17.38,2026-08-21,6,Put,16.50,-5.06%,0.38,0.38,0.44,5384,2006,2.68,87.01%,87.22%,-0.309071,2026-08-14
CIFR,17.85,2026-11-20,97,Put,22.00,+23.25%,6.4,6.57,6.65,512,192,2.67,100.58%,105.88%,-0.540028,2026-08-14
APLD,31.2,2026-08-21,6,Call,30.50,+2.24%,1.55,1.8,1.8,638,239,2.67,87.35%,81.44%,0.608445,2026-08-14
VZ,48.48,2026-09-11,27,Call,50.00,-3.14%,0.52,0.57,0.6,846,317,2.67,21.65%,22.29%,0.307341,2026-08-14
SPCX,140,2026-08-21,6,Put,139.00,-0.71%,4.3,4.35,4.4,3655,1369,2.67,64.22%,68.27%,-0.447789,2026-08-14
LAC,3.38,2026-11-20,97,Call,4.00,-18.34%,0.25,0.28,0.36,4881,1831,2.67,67.64%,72.99%,0.408148,2026-08-14
TSLA,342.27,2026-08-26,11,Call,370.00,-8.10%,1.87,1.9,1.97,508,192,2.65,39.20%,41.80%,0.15329,2026-08-14
AVGO,392.99,2026-08-28,13,Put,355.00,-9.67%,1.3,1.45,1.5,780,294,2.65,48.55%,42.32%,-0.092558,2026-08-14
AMD,514.39,2026-08-28,13,Call,520.00,-1.09%,19.45,20.58,21.2,1364,514,2.65,57.46%,58.39%,0.487385,2026-08-14
TSLA,342.27,2026-08-19,4,Put,315.00,-7.97%,0.19,0.2,0.22,1653,623,2.65,39.20%,43.80%,-0.032758,2026-08-14
AMD,514.39,2026-08-21,6,Put,485.00,-5.71%,4.75,4.86,5,1884,710,2.65,57.46%,60.14%,-0.209384,2026-08-14
NVDA,225.16,2026-08-19,4,Put,222.50,-1.18%,1.65,1.65,1.7,2683,1012,2.65,37.99%,30.32%,-0.344639,2026-08-14
HOOD,95.56,2026-08-21,6,Call,98.00,-2.55%,1.83,1.87,1.9,3346,1263,2.65,57.43%,58.65%,0.385983,2026-08-14
HOOD,95.56,2026-08-21,6,Put,96.00,+0.46%,3,3.08,3.1,604,229,2.64,57.43%,58.22%,-0.507151,2026-08-14
AMD,514.39,2026-08-19,4,Call,520.00,-1.09%,10.05,10.15,10.55,655,248,2.64,57.46%,59.38%,0.445498,2026-08-14
RKLB,80.25,2026-08-21,6,Call,84.00,-4.67%,1.7,1.9,1.8,885,335,2.64,76.38%,77.98%,0.344243,2026-08-14
CRGY,12.2,2026-10-16,62,Put,12.50,+2.46%,1.05,1.15,1.2,1500,568,2.64,42.77%,47.95%,-0.507572,2026-08-14
WDAY,198.68,2026-12-18,125,Call,220.00,-10.73%,9,10.72,12.4,4235,1604,2.64,51.64%,38.17%,0.387543,2026-08-14
DNUT,3.33,2026-08-21,6,Call,3.50,-5.11%,0.1,0.1,0.15,5558,2106,2.64,68.79%,113.88%,0.393921,2026-08-14
TSLA,342.27,2026-08-24,9,Call,355.00,-3.72%,3.4,3.47,3.55,1529,582,2.63,39.20%,37.74%,0.283792,2026-08-14
GTLB,42.62,2026-08-21,6,Call,47.50,-11.45%,0.1,0.2,0.2,501,191,2.62,75.04%,62.62%,0.096347,2026-08-14
ANVS,1.85,2026-09-11,27,Put,2.0000,+8.11%,0,0.35,0.85,2520,963,2.62,200.63%,168.09%,-0.475184,2026-08-14
MU,971.66,2026-08-17,2,Call,"1,100.00",-13.21%,0.16,0.18,0.21,2937,1122,2.62,64.81%,71.84%,0.010657,2026-08-14
ABCL,11.38,2027-01-15,153,Put,9.00,-20.91%,1.1,1.26,1.35,3068,1170,2.62,87.80%,88.06%,-0.235964,2026-08-14
INTC,102.5,2026-08-19,4,Call,107.00,-4.39%,1,1.08,1.1,527,202,2.61,65.55%,62.17%,0.266829,2026-08-14
RKLB,80.25,2026-08-21,6,Put,76.00,-5.30%,1.34,1.41,1.49,628,241,2.61,76.38%,77.64%,-0.273673,2026-08-14
MSTR,93.04,2026-08-28,13,Call,106.00,-13.93%,0.97,1.1,1.2,651,249,2.61,66.03%,68.83%,0.176404,2026-08-14
TSLA,342.27,2026-08-24,9,Call,350.00,-2.26%,4.8,4.8,4.9,1596,612,2.61,39.20%,37.01%,0.366949,2026-08-14
AMPX,12.51,2026-08-21,6,Call,13.50,-7.91%,0.2,0.25,0.3,605,233,2.6,84.05%,93.55%,0.284301,2026-08-14
HIVE,2.69,2026-12-18,125,Call,4.00,-48.70%,0.25,0.31,0.35,5061,1946,2.6,102.52%,102.24%,0.366179,2026-08-14
MSTR,93.04,2026-08-21,6,Put,155.00,+66.60%,58.1,62.3,65.8,570,220,2.59,66.03%,213.49%,-0.958763,2026-08-14
ORCL,150.52,2026-08-21,6,Put,142.00,-5.66%,1.25,1.32,1.37,570,220,2.59,69.09%,57.58%,-0.202969,2026-08-14
AMD,514.39,2026-08-17,2,Call,495.00,+3.77%,19.75,20.79,21.45,1280,495,2.59,57.46%,46.13%,0.874559,2026-08-14
TSLA,342.27,2026-08-21,6,Call,337.50,+1.39%,9.5,9.6,9.65,3656,1409,2.59,39.20%,39.15%,0.624249,2026-08-14
RCAT,11.13,2026-08-28,13,Call,14.00,-25.79%,0.13,0.18,0.32,670,260,2.58,94.16%,118.89%,0.182841,2026-08-14
AAPL,305.93,2026-08-28,13,Call,312.50,-2.15%,2.49,2.56,2.72,731,283,2.58,22.68%,22.01%,0.32176,2026-08-14
MU,971.66,2026-08-21,6,Call,975.00,-0.34%,31,31.25,32.15,1172,455,2.58,64.81%,66.21%,0.503554,2026-08-14
PYPL,61.66,2026-08-21,6,Put,59.00,-4.31%,0.56,0.65,0.7,2386,926,2.58,35.38%,52.95%,-0.245259,2026-08-14
KMI,32.82,2026-09-11,27,Call,34.00,-3.60%,0.25,0.28,0.38,2642,1025,2.58,21.35%,21.11%,0.278313,2026-08-14
LITE,926.14,2026-08-21,6,Call,"1,000.00",-7.98%,15,15,15.2,3117,1208,2.58,82.76%,85.25%,0.260443,2026-08-14
MSTR,93.04,2026-09-18,34,Put,200.00,+114.96%,105.05,108.2,108.85,983,382,2.57,66.03%,159.99%,-0.910732,2026-08-14
STNE,9.55,2028-01-21,524,Call,7.47,+21.78%,3.4,3.49,3.8,1504,585,2.57,42.17%,54.76%,0.785633,2026-08-14
APP,315.44,2026-08-21,6,Call,325.00,-3.03%,4.9,5.2,5.6,617,241,2.56,55.34%,56.10%,0.35536,2026-08-14
RKLB,80.25,2026-08-21,6,Call,86.00,-7.17%,1.22,1.37,1.35,636,248,2.56,76.38%,80.10%,0.268693,2026-08-14
GRAL,67.87,2026-10-16,62,Put,75.00,+10.51%,12.5,14.25,16.1,702,274,2.56,74.29%,91.04%,-0.527254,2026-08-14
IREN,44.06,2026-09-04,20,Put,40.00,-9.21%,2.12,2.28,2.39,740,289,2.56,97.88%,101.93%,-0.297493,2026-08-14
META,589.85,2026-08-17,2,Put,570.00,-3.37%,0.25,0.27,0.28,992,388,2.56,32.86%,28.51%,-0.05045,2026-08-14
TSLA,342.27,2026-08-28,13,Call,395.00,-15.41%,0.8,0.81,0.83,1444,564,2.56,39.20%,47.75%,0.062947,2026-08-14
FTI,78.61,2026-10-16,62,Call,85.00,-8.13%,1.55,2.06,2.35,3871,1511,2.56,32.15%,31.84%,0.31363,2026-08-14
AVGO,392.99,2027-02-19,188,Put,340.00,-13.48%,24.45,25.4,25.65,611,240,2.55,48.55%,47.11%,-0.260914,2026-08-14
TSM,426.35,2026-08-21,6,Call,432.50,-1.44%,4.5,4.95,4.9,696,273,2.55,34.81%,33.20%,0.380544,2026-08-14
HL,18.37,2027-03-19,216,Call,18.00,+2.01%,3.9,4.1,4.15,1660,652,2.55,62.01%,66.39%,0.632908,2026-08-14
AVGO,392.99,2026-08-21,6,Call,405.00,-3.06%,3.55,3.73,3.9,1711,671,2.55,48.55%,40.85%,0.294811,2026-08-14
ORCL,150.52,2026-09-04,20,Put,145.00,-3.67%,5.05,5.24,5.5,715,281,2.54,69.09%,56.55%,-0.36053,2026-08-14
BSX,51.83,2027-02-19,188,Put,45.00,-13.18%,2.85,2.9,3.1,1516,598,2.54,36.48%,44.22%,-0.255935,2026-08-14
NVDA,225.16,2026-08-17,2,Call,222.50,+1.18%,3.3,3.4,3.5,6448,2535,2.54,37.99%,26.10%,0.736886,2026-08-14
AAPL,305.93,2026-08-24,9,Call,325.00,-6.23%,0.18,0.22,0.25,547,216,2.53,22.68%,22.62%,0.048231,2026-08-14
APP,315.44,2026-08-21,6,Put,400.00,+26.81%,79.9,82.7,86.8,658,260,2.53,55.34%,75.77%,-0.99653,2026-08-14
NVDA,225.16,2026-08-24,9,Put,217.50,-3.40%,1.36,1.46,1.4,825,326,2.53,37.99%,30.13%,-0.220613,2026-08-14
AVGO,392.99,2026-09-04,20,Call,400.00,-1.78%,16.85,16.95,17.4,945,373,2.53,48.55%,54.51%,0.475096,2026-08-14
MSTR,93.04,2026-08-21,6,Put,150.00,+61.22%,56.65,58.3,57.25,1002,396,2.53,66.03%,263.29%,-0.893884,2026-08-14
COP,126.78,2026-10-16,62,Call,125.00,+1.40%,6.55,6.98,7.25,1549,613,2.53,28.61%,28.40%,0.57483,2026-08-14
SPCX,140,2027-06-17,306,Call,180.00,-28.57%,21.85,22.24,23.1,2183,864,2.53,64.22%,65.82%,0.475996,2026-08-14
NVDA,225.16,2026-08-24,9,Put,225.00,-0.07%,3.9,3.9,4,1510,599,2.52,37.99%,29.13%,-0.479266,2026-08-14
AXP,342.48,2026-08-21,6,Call,350.00,-2.20%,1.19,1.52,1.5,1912,760,2.52,22.67%,22.57%,0.235145,2026-08-14
WDAY,198.68,2026-08-21,6,Put,195.00,-1.85%,3.6,3.79,4,2828,1124,2.52,51.64%,54.51%,-0.378407,2026-08-14
GME,18.66,2026-08-21,6,Call,18.50,+0.86%,0.37,0.37,0.41,4857,1930,2.52,43.32%,32.64%,0.584507,2026-08-14
Z,34.78,2026-08-21,6,Put,45.00,+29.38%,9.5,10.35,10.6,600,239,2.51,50.77%,125.47%,-0.936767,2026-08-14
AMAT,507.18,2026-09-18,34,Put,460.00,-9.30%,13.25,13.69,14,709,283,2.51,55.43%,54.91%,-0.24745,2026-08-14
NVDA,225.16,2026-09-11,27,Call,225.00,+0.07%,9.7,9.7,9.9,11213,4474,2.51,37.99%,38.78%,0.532434,2026-08-14
SKHY,166.33,2026-08-21,6,Put,137.00,-17.63%,0.3,0.41,0.5,600,240,2.5,75.28%,93.60%,-0.046363,2026-08-14
MSFT,495.4,2026-08-17,2,Put,490.00,-1.09%,0.9,0.93,1.02,2355,941,2.5,24.92%,20.03%,-0.224778,2026-08-14
HOOD,95.56,2026-09-11,27,Put,93.00,-2.68%,4.25,4.35,4.5,735,295,2.49,57.43%,55.42%,-0.393628,2026-08-14
NBIS,277.68,2026-08-21,6,Call,315.00,-13.44%,4.5,4.7,4.8,556,224,2.48,100.09%,113.80%,0.215533,2026-08-14
NVDA,225.16,2026-09-25,41,Call,245.00,-8.81%,4.35,4.65,4.75,930,375,2.48,37.99%,37.20%,0.278917,2026-08-14
AAPL,305.93,2026-08-17,2,Put,310.00,+1.33%,4.25,4.62,4.75,1383,557,2.48,22.68%,20.02%,-0.810785,2026-08-14
COF,227.34,2026-08-21,6,Call,230.00,-1.17%,0.85,1.5,1.8,2676,1078,2.48,24.96%,20.49%,0.338725,2026-08-14
RDDT,178.09,2026-08-28,13,Call,190.00,-6.69%,3.8,4,4.45,541,219,2.47,58.66%,63.23%,0.318451,2026-08-14
ORCL,150.52,2026-08-28,13,Call,165.00,-9.62%,1.89,1.93,2.03,1736,703,2.47,69.09%,58.04%,0.21864,2026-08-14
SPCX,140,2026-08-21,6,Call,144.00,-2.86%,3.15,3.25,3.25,2100,850,2.47,64.22%,67.66%,0.391837,2026-08-14
AAOI,150.28,2026-08-21,6,Call,150.00,+0.19%,8.8,9.17,9.6,3853,1560,2.47,112.71%,117.53%,0.536523,2026-08-14
WDAY,198.68,2026-08-21,6,Put,200.00,+0.66%,5.9,6.6,8,739,300,2.46,51.64%,62.06%,-0.51499,2026-08-14
RDDT,178.09,2026-08-21,6,Call,187.50,-5.28%,2.33,2.5,2.63,769,313,2.46,58.66%,64.45%,0.282769,2026-08-14
HON,233.96,2026-10-16,62,Call,260.00,-11.13%,1.4,3.4,5.7,1205,490,2.46,28.52%,30.93%,0.220088,2026-08-14
VIAV,43.54,2026-08-21,6,Call,46.00,-5.65%,0.6,0.65,1.05,504,206,2.45,74.60%,77.97%,0.310667,2026-08-14
MU,971.66,2026-08-17,2,Put,915.00,-5.83%,1.13,1.2,1.3,892,364,2.45,64.81%,55.41%,-0.068127,2026-08-14
INTC,102.5,2026-08-17,2,Put,100.00,-2.44%,0.55,0.57,0.59,4474,1828,2.45,65.55%,50.35%,-0.246554,2026-08-14
CRCL,71.6,2026-08-21,6,Call,74.00,-3.35%,1.84,1.96,1.97,1347,552,2.44,76.73%,78.85%,0.393686,2026-08-14
AMZN,262.65,2026-08-17,2,Call,270.00,-2.80%,0.14,0.14,0.16,6015,2470,2.44,27.56%,24.96%,0.070293,2026-08-14
LUNR,19.01,2026-08-21,6,Call,19.50,-2.58%,0.65,0.65,0.8,598,246,2.43,92.30%,96.05%,0.444219,2026-08-14
HIVE,2.69,2026-08-21,6,Call,2.50,+7.06%,0.25,0.29,0.3,912,375,2.43,102.52%,121.91%,0.709081,2026-08-14
CRWD,216.95,2028-12-15,853,Call,320.00,-47.50%,51,56.65,57.3,876,362,2.42,59.59%,57.69%,0.544506,2026-08-14
TSSI,9.68,2027-01-15,153,Call,17.50,-80.79%,0.9,0.97,1.25,1006,415,2.42,103.40%,111.18%,0.329826,2026-08-14
AAOI,150.28,2026-08-21,6,Put,150.00,-0.19%,7.8,8.9,9,1195,494,2.42,112.71%,111.83%,-0.464913,2026-08-14
SBUX,107.69,2026-08-21,6,Put,107.00,-0.64%,0.85,0.85,1.13,1309,541,2.42,24.86%,23.96%,-0.408663,2026-08-14
HOOD,95.56,2026-08-21,6,Call,103.00,-7.79%,0.69,0.74,0.74,3508,1447,2.42,57.43%,61.20%,0.181735,2026-08-14
HOOD,95.56,2026-12-18,125,Call,120.00,-25.58%,6.7,6.86,7.05,6448,2668,2.42,57.43%,63.61%,0.348124,2026-08-14
XOM,160.1,2026-08-21,6,Call,155.00,+3.19%,4.25,4.85,5.25,8486,3502,2.42,27.35%,10.23%,0.993157,2026-08-14
SPCX,140,2026-08-28,13,Call,137.00,+2.14%,8,8.35,8.65,524,217,2.41,64.22%,63.53%,0.599263,2026-08-14
AAPL,305.93,2026-08-21,6,Put,302.50,-1.12%,1.81,1.88,1.97,2044,852,2.4,22.68%,21.74%,-0.331788,2026-08-14
BRK.B,504.03,2026-08-21,6,Put,500.00,-0.80%,1.5,1.82,1.94,2545,1059,2.4,13.55%,13.45%,-0.307209,2026-08-14
NVDA,225.16,2026-08-24,9,Put,207.50,-7.84%,0.32,0.34,0.34,593,248,2.39,37.99%,34.58%,-0.061169,2026-08-14
CAPR,6.65,2026-08-21,6,Put,6.00,-9.77%,0.6,0.71,0.8,1508,630,2.39,241.28%,309.18%,-0.323127,2026-08-14
CHWY,22.42,2026-08-21,6,Put,23.00,+2.59%,0.68,0.85,0.97,1022,429,2.38,57.99%,42.12%,-0.669665,2026-08-14
NVDA,225.16,2027-03-19,216,Put,240.00,+6.59%,33.2,33.45,33.7,2501,1051,2.38,37.99%,39.37%,-0.508209,2026-08-14
WDAY,198.68,2028-01-21,524,Call,200.00,-0.66%,35,36.54,39,509,215,2.37,51.64%,34.55%,0.629976,2026-08-14
HOOD,95.56,2026-09-11,27,Put,65.00,-31.98%,0,0.14,0.2,527,222,2.37,57.43%,68.55%,-0.014877,2026-08-14
ARR,16.74,2026-08-21,6,Call,16.00,+4.42%,0.3,0.85,0.85,699,295,2.37,20.31%,44.52%,0.792904,2026-08-14
MU,971.66,2026-09-25,41,Put,270.00,-72.21%,0,0.2,0.92,726,308,2.36,64.81%,151.38%,-0.002678,2026-08-14
PVH,82.47,2026-08-21,6,Call,85.00,-3.07%,0.5,0.7,1,756,320,2.36,57.86%,40.00%,0.290273,2026-08-14
MSFT,495.4,2026-08-17,2,Put,497.50,+0.42%,3.3,4.11,4.25,1181,501,2.36,24.92%,17.98%,-0.618982,2026-08-14
TSLA,342.27,2026-08-19,4,Call,335.00,+2.12%,9.75,9.9,10.6,1435,608,2.36,39.20%,40.52%,0.704301,2026-08-14
MSTR,93.04,2026-08-21,6,Put,89.00,-4.34%,1.34,1.36,1.42,2127,902,2.36,66.03%,64.27%,-0.278826,2026-08-14
NVDA,225.16,2027-02-19,188,Put,230.00,+2.15%,25.2,25.5,26,602,256,2.35,37.99%,38.68%,-0.458127,2026-08-14
BABA,123.81,2026-08-21,6,Put,123.00,-0.65%,3.5,3.95,3.85,621,264,2.35,45.81%,64.53%,-0.451534,2026-08-14
JPM,362.84,2026-11-20,97,Call,400.00,-10.24%,3.95,4.75,5.35,1051,448,2.35,19.03%,21.22%,0.215914,2026-08-14
MSTR,93.04,2026-08-21,6,Put,160.00,+71.97%,63.2,67.45,69.5,1272,542,2.35,66.03%,237.25%,-0.949282,2026-08-14
PLTR,174.04,2026-08-21,6,Put,175.00,+0.55%,4.45,4.48,4.5,8408,3576,2.35,44.36%,45.12%,-0.523208,2026-08-14
NIO,4.52,2027-03-19,216,Put,5.00,+10.62%,1.03,1.04,1.08,10000,4258,2.35,54.83%,59.16%,-0.486998,2026-08-14
TSLA,342.27,2026-08-21,6,Put,340.00,-0.66%,5.5,5.58,5.65,13869,5910,2.35,39.20%,38.58%,-0.432823,2026-08-14
LRCX,332.36,2026-08-21,6,Call,335.00,-0.79%,8.5,9.12,9.7,581,248,2.34,59.91%,60.28%,0.477372,2026-08-14
LULU,119.55,2026-11-20,97,Call,125.00,-4.56%,9.55,9.95,10.95,619,264,2.34,55.24%,49.01%,0.496144,2026-08-14
RKLB,80.25,2026-08-21,6,Put,74.00,-7.79%,0.79,0.87,0.96,640,273,2.34,76.38%,77.14%,-0.190845,2026-08-14
SLS,12.78,2026-08-21,6,Call,13.50,-5.63%,0.35,0.45,0.8,813,347,2.34,137.83%,132.04%,0.406851,2026-08-14
RDDT,178.09,2026-08-21,6,Put,170.00,-4.54%,2.15,2.31,2.5,2947,1261,2.34,58.66%,61.49%,-0.262441,2026-08-14
ORCL,150.52,2026-08-21,6,Call,157.50,-4.64%,1.67,1.85,1.91,3048,1300,2.34,69.09%,56.07%,0.277729,2026-08-14
BULL,8.04,2026-12-18,125,Put,7.50,-6.72%,0.81,0.9,0.95,2360,1014,2.33,70.50%,65.06%,-0.344817,2026-08-14
OWL,12.22,2026-12-18,125,Call,12.00,+1.80%,1.35,1.43,1.5,3938,1692,2.33,43.49%,49.50%,0.561512,2026-08-14
SHOP,154.32,2026-08-28,13,Call,165.00,-6.92%,1.22,1.66,1.83,623,269,2.32,43.45%,42.93%,0.220764,2026-08-14
WDAY,198.68,2026-08-21,6,Call,215.00,-8.21%,0.65,0.95,1,667,287,2.32,51.64%,52.23%,0.12785,2026-08-14
COIN,148.47,2026-08-21,6,Put,157.50,+6.08%,9.95,9.83,10.95,718,309,2.32,61.96%,59.72%,-0.767152,2026-08-14
CSCO,111.68,2026-11-20,97,Call,115.00,-2.97%,6.7,7.05,7.2,721,311,2.32,29.83%,35.40%,0.48412,2026-08-14
BABA,123.81,2026-08-21,6,Call,133.00,-7.42%,1.24,1.34,1.42,784,338,2.32,45.81%,68.74%,0.221187,2026-08-14
XOM,160.1,2026-08-21,6,Call,167.50,-4.62%,0.28,0.29,0.3,2304,995,2.32,27.35%,27.87%,0.107111,2026-08-14
PYPL,61.66,2026-08-28,13,Call,65.00,-5.42%,1.08,1.09,1.15,648,280,2.31,35.38%,50.55%,0.310123,2026-08-14
HOOD,95.56,2026-08-28,13,Put,87.00,-8.96%,0.86,1.01,1.03,1314,568,2.31,57.43%,55.50%,-0.168649,2026-08-14
AAOI,150.28,2026-08-21,6,Call,160.00,-6.47%,4.8,5.49,5.6,2779,1204,2.31,112.71%,116.43%,0.366449,2026-08-14
TSLA,342.27,2026-08-28,13,Call,355.00,-3.72%,5.45,5.5,5.55,4272,1850,2.31,39.20%,40.11%,0.334463,2026-08-14
LESL,0.645,2027-02-19,188,Put,0.5000,-22.48%,0.25,0.3,0.35,4962,2146,2.31,363.71%,264.67%,-0.13819,2026-08-14
AVGO,392.99,2026-08-21,6,Put,372.50,-5.21%,1.42,1.7,2.01,641,279,2.3,48.55%,42.07%,-0.151962,2026-08-14
HOOD,95.56,2026-08-28,13,Put,86.00,-10.00%,0.72,0.83,0.94,668,291,2.3,57.43%,57.11%,-0.148527,2026-08-14
EROC,16.72,2026-08-21,6,Call,17.50,-4.67%,0.5,0.6,0.75,676,294,2.3,86.82%,109.97%,0.401799,2026-08-14
TSLA,342.27,2026-08-28,13,Call,347.50,-1.53%,8,8.1,8.1,717,312,2.3,39.20%,39.56%,0.440982,2026-08-14
GOOGL,345.9,2026-08-19,4,Call,360.00,-4.08%,0.35,0.43,0.5,1000,434,2.3,27.71%,28.04%,0.091115,2026-08-14
AAOI,150.28,2026-08-21,6,Call,145.00,+3.51%,11.1,11.7,12.3,1136,493,2.3,112.71%,116.11%,0.625037,2026-08-14
UNH,401.73,2026-08-21,6,Put,397.50,-1.05%,3.1,3.1,3.5,1168,508,2.3,26.95%,25.31%,-0.363699,2026-08-14
SPCX,140,2027-06-17,306,Put,140.00,0.00%,30.35,30.85,31.65,1618,703,2.3,64.22%,66.15%,-0.368431,2026-08-14
GOOGL,345.9,2026-08-17,2,Call,355.00,-2.63%,0.22,0.22,0.24,2922,1272,2.3,27.71%,24.71%,0.080646,2026-08-14
TSLA,342.27,2026-09-04,20,Call,350.00,-2.26%,9.6,9.68,9.75,3536,1536,2.3,39.20%,39.93%,0.432124,2026-08-14
AAPL,305.93,2026-08-17,2,Put,300.00,-1.94%,0.16,0.16,0.17,9969,4337,2.3,22.68%,19.29%,-0.082374,2026-08-14
STM,54.29,2026-08-21,6,Call,55.00,-1.31%,1.1,1.19,1.25,6531,2852,2.29,53.78%,53.39%,0.441032,2026-08-14
AAOI,150.28,2026-08-28,13,Call,160.00,-6.47%,8.9,9.25,9.7,695,303,2.29,112.71%,116.17%,0.432341,2026-08-14
RYN,21.57,2027-02-19,188,Put,30.00,+39.08%,7.1,8.46,10.4,751,328,2.29,25.25%,38.00%,-0.853908,2026-08-14
FLY,26.67,2026-11-20,97,Call,19.00,+28.76%,9.2,9.87,10,889,389,2.29,92.89%,101.55%,0.823588,2026-08-14
AMZN,262.65,2026-08-17,2,Put,255.00,-2.91%,0.12,0.14,0.14,1003,439,2.28,27.56%,25.93%,-0.059502,2026-08-14
ONON,32.22,2026-08-21,6,Call,32.50,-0.87%,0.37,0.49,0.63,1448,635,2.28,37.84%,37.57%,0.443077,2026-08-14
TSLA,342.27,2026-08-21,6,Call,340.00,+0.66%,8.1,8.2,8.2,20893,9176,2.28,39.20%,39.23%,0.567229,2026-08-14
CLF,11.9,2026-08-28,13,Call,12.50,-5.04%,0.25,0.28,0.3,1145,505,2.27,55.81%,56.51%,0.343407,2026-08-14
NVDA,225.16,2026-08-19,4,Put,220.00,-2.29%,0.97,0.97,1.01,4602,2029,2.27,37.99%,31.00%,-0.229562,2026-08-14
MU,971.66,2026-08-28,13,Call,970.00,+0.17%,48.25,49,50,558,247,2.26,64.81%,65.30%,0.534178,2026-08-14
UPS,104.5,2027-01-15,153,Call,80.00,+23.44%,23.75,24.55,25.35,1275,563,2.26,23.48%,28.22%,0.971279,2026-08-14
APLD,31.2,2026-08-21,6,Call,30.00,+3.85%,2,1.84,2.15,4788,2121,2.26,87.35%,88.35%,0.658435,2026-08-14
TSLA,342.27,2026-08-21,6,Call,357.50,-4.45%,2.2,2.2,2.25,7334,3239,2.26,39.20%,41.63%,0.218292,2026-08-14
LRCX,332.36,2026-11-20,97,Put,280.00,-15.75%,18.85,19.5,19.65,525,233,2.25,59.91%,65.74%,-0.242254,2026-08-14
NBIS,277.68,2026-08-21,6,Put,255.00,-8.17%,6.2,6.55,6.7,535,238,2.25,100.09%,111.88%,-0.251594,2026-08-14
FRMI,6.4,2026-08-28,13,Put,7.00,+9.38%,0.85,0.88,0.9,633,281,2.25,102.14%,104.70%,-0.637065,2026-08-14
CAR,137.85,2026-09-18,34,Put,330.00,+139.39%,182.9,191.9,196.8,640,285,2.25,50.49%,124.86%,-0.993816,2026-08-14
UAL,125.34,2026-09-18,34,Put,130.00,+3.72%,7.3,9,10.7,691,307,2.25,42.14%,40.05%,-0.598799,2026-08-14
RDDT,178.09,2026-09-18,34,Call,220.00,-23.53%,2.34,2.63,2.71,3035,1351,2.25,58.66%,61.69%,0.156226,2026-08-14
HAL,34.42,2026-10-16,62,Call,39.00,-13.31%,0.52,0.59,0.63,519,232,2.24,33.12%,34.82%,0.217566,2026-08-14
GM,86.77,2026-08-21,6,Call,88.00,-1.42%,0.73,0.77,0.82,596,266,2.24,28.92%,28.72%,0.362576,2026-08-14
NVDA,225.16,2026-08-19,4,Call,215.00,+4.51%,10.35,10.54,10.75,1121,500,2.24,37.99%,33.06%,0.913276,2026-08-14
TWLO,238.2,2026-08-21,6,Call,260.00,-9.15%,0.5,0.75,1,2315,1033,2.24,47.78%,52.04%,0.102,2026-08-14
NBIS,277.68,2026-08-21,6,Put,260.00,-6.37%,7.85,8,8.15,3102,1383,2.24,100.09%,111.33%,-0.295994,2026-08-14
WULF,17.38,2026-11-20,97,Call,30.00,-72.61%,0.6,0.7,0.81,30607,13648,2.24,87.01%,99.68%,0.180073,2026-08-14
CSCO,111.68,2026-08-21,6,Put,107.00,-4.19%,0.29,0.32,0.36,638,286,2.23,29.83%,31.58%,-0.138821,2026-08-14
COIN,148.47,2026-09-18,34,Put,85.00,-42.75%,0.02,0.12,0.12,1209,543,2.23,61.96%,76.44%,-0.005856,2026-08-14
VZ,48.48,2026-08-21,6,Call,48.50,-0.04%,0.47,0.52,0.64,1734,778,2.23,21.65%,23.08%,0.496374,2026-08-14
PLTR,174.04,2026-08-21,6,Put,177.50,+1.99%,5.85,6,6,2408,1080,2.23,44.36%,44.70%,-0.620827,2026-08-14
VG,13.99,2027-09-17,398,Call,22.50,-60.83%,1.35,1.8,2.1,500,225,2.22,61.21%,63.85%,0.371859,2026-08-14
KLAC,203.72,2026-09-18,34,Call,205.00,-0.63%,12.5,13.6,14.8,577,260,2.22,57.52%,56.35%,0.526576,2026-08-14
NU,15.23,2026-08-28,13,Call,15.50,-1.77%,0.3,0.31,0.36,809,364,2.22,36.55%,38.40%,0.425268,2026-08-14
MSTR,93.04,2026-08-28,13,Call,95.00,-2.11%,3.65,3.81,3.95,842,379,2.22,66.03%,65.94%,0.462177,2026-08-14
NVO,45.89,2026-09-18,34,Call,37.50,+18.28%,6.85,8.4,10.4,1000,451,2.22,30.92%,53.05%,0.910631,2026-08-14
OSCR,32.76,2026-08-21,6,Put,31.00,-5.37%,0.28,0.34,0.62,1563,703,2.22,62.96%,68.84%,-0.249578,2026-08-14
MU,971.66,2026-08-21,6,Put,680.00,-30.02%,0.05,0.13,0.16,3590,1615,2.22,64.81%,102.38%,-0.00265,2026-08-14
AVGO,392.99,2026-09-04,20,Call,460.00,-17.05%,2.8,3,3.2,1271,575,2.21,48.55%,55.00%,0.125864,2026-08-14
MU,971.66,2026-08-17,2,Put,865.00,-10.98%,0.09,0.12,0.16,566,257,2.2,64.81%,65.80%,-0.007865,2026-08-14
MARA,9.2,2026-09-04,20,Put,8.50,-7.61%,0.33,0.36,0.37,1027,466,2.2,79.19%,78.33%,-0.297157,2026-08-14
APLD,31.2,2026-08-21,6,Call,31.00,+0.64%,1.45,1.5,1.52,6283,2857,2.2,87.35%,86.39%,0.547298,2026-08-14
META,589.85,2026-08-21,6,Call,670.00,-13.59%,0.15,0.2,0.22,12440,5678,2.19,32.86%,45.24%,0.015466,2026-08-14
NEM,117.76,2026-09-11,27,Call,120.00,-1.90%,4,4.3,4.45,728,332,2.19,41.57%,40.10%,0.460031,2026-08-14
EOSE,4.02,2026-09-11,27,Call,2.00,+50.25%,1.88,2.02,2.34,1181,540,2.19,101.09%,210.82%,0.934358,2026-08-14
GOOGL,345.9,2026-08-21,6,Put,390.00,+12.75%,43.15,44.5,45.75,1278,583,2.19,27.71%,55.10%,-0.954089,2026-08-14
AMD,514.39,2026-12-18,125,Call,630.00,-22.48%,38,37.45,39.4,1447,662,2.19,57.46%,61.87%,0.365945,2026-08-14
PYPL,61.66,2026-08-28,13,Call,60.00,+2.69%,2.91,3.22,3.3,3503,1597,2.19,35.38%,46.72%,0.642106,2026-08-14
CRCL,71.6,2026-08-21,6,Call,72.00,-0.56%,2.55,2.58,2.98,977,448,2.18,76.73%,80.12%,0.501167,2026-08-14
APLD,31.2,2026-08-21,6,Put,31.00,-0.64%,1.18,1.25,1.31,1469,673,2.18,87.35%,84.96%,-0.453037,2026-08-14
AMD,514.39,2026-08-19,4,Call,550.00,-6.92%,2.62,2.79,2.79,635,293,2.17,57.46%,61.74%,0.159293,2026-08-14
HIMS,28.15,2026-08-21,6,Call,31.00,-10.12%,0.21,0.23,0.25,2389,1102,2.17,65.82%,74.13%,0.168287,2026-08-14
SPCX,140,2026-08-21,6,Call,140.00,0.00%,4.75,4.8,4.9,27893,12863,2.17,64.22%,66.84%,0.519863,2026-08-14
IONQ,46.26,2026-08-21,6,Call,46.50,-0.52%,1.8,1.91,1.95,681,315,2.16,80.72%,83.50%,0.504293,2026-08-14
SNDK,1641.11,2026-08-21,6,Call,"2,350.00",-43.20%,0.5,0.55,0.7,737,341,2.16,84.72%,112.61%,0.00798,2026-08-14
AVGO,392.99,2026-08-17,2,Put,392.50,-0.12%,3.35,3.7,4.05,1281,594,2.16,48.55%,34.21%,-0.473204,2026-08-14
KLAR,20.79,2026-08-21,6,Call,22.50,-8.23%,0.9,1.05,1.1,2049,947,2.16,88.30%,155.44%,0.384357,2026-08-14
AAPL,305.93,2026-08-19,4,Call,305.00,+0.30%,3.15,3.21,3.35,2324,1075,2.16,22.68%,21.16%,0.565415,2026-08-14
SPCX,140,2026-08-21,6,Call,137.00,+2.14%,6,6.4,6.5,3750,1738,2.16,64.22%,64.18%,0.622355,2026-08-14
RRC,40.32,2026-09-18,34,Call,43.00,-6.65%,0.35,0.63,0.7,823,383,2.15,31.35%,28.96%,0.255921,2026-08-14
MU,971.66,2026-08-21,6,Put,910.00,-6.35%,9.55,9.6,10.1,1133,527,2.15,64.81%,65.85%,-0.20466,2026-08-14
SHW,359.1,2026-08-21,6,Call,370.00,-3.04%,0.85,0.95,1.2,596,279,2.14,24.37%,24.10%,0.174172,2026-08-14
NOW,124,2026-08-21,6,Call,133.00,-7.26%,0.69,0.78,0.8,938,439,2.14,50.37%,54.24%,0.16744,2026-08-14
NVDA,225.16,2026-08-21,6,Call,242.50,-7.70%,0.2,0.21,0.22,2574,1205,2.14,37.99%,34.65%,0.050905,2026-08-14
BSX,51.83,2027-01-15,153,Put,50.00,-3.53%,4,4.16,4.3,5062,2361,2.14,36.48%,40.80%,-0.377481,2026-08-14
NBIS,277.68,2026-09-04,20,Put,150.00,-45.98%,0.35,0.39,0.45,517,243,2.13,100.09%,126.36%,-0.012676,2026-08-14
TSLA,342.27,2026-09-11,27,Put,310.00,-9.43%,3.05,3.16,3.15,670,315,2.13,39.20%,38.92%,-0.155979,2026-08-14
SPCE,3.32,2026-08-28,13,Call,3.50,-5.42%,0.11,0.14,0.19,1198,563,2.13,90.42%,88.61%,0.411216,2026-08-14
SPCX,140,2027-06-17,306,Call,185.00,-32.14%,20.25,21.25,22,2004,941,2.13,64.22%,65.51%,0.45659,2026-08-14
ORCL,150.52,2026-09-11,27,Call,200.00,-32.87%,1.28,1.4,1.51,797,376,2.12,69.09%,75.84%,0.102547,2026-08-14
WULF,17.38,2026-12-18,125,Put,14.00,-19.45%,1.74,1.89,1.88,1500,708,2.12,87.01%,82.04%,-0.264787,2026-08-14
AMZN,262.65,2026-09-25,41,Call,285.00,-8.51%,2.91,3.02,3.15,621,295,2.11,27.56%,28.35%,0.221128,2026-08-14
AMD,514.39,2026-08-17,2,Put,475.00,-7.66%,0.22,0.25,0.26,842,400,2.11,57.46%,57.20%,-0.02825,2026-08-14
ARM,279.44,2026-11-20,97,Put,240.00,-14.11%,20.95,21.7,22.2,999,473,2.11,69.20%,73.71%,-0.270085,2026-08-14
SPCX,140,2026-08-21,6,Call,136.00,+2.86%,6.55,6.98,7.25,2749,1303,2.11,64.22%,64.83%,0.654523,2026-08-14
SPCX,140,2026-08-21,6,Call,138.00,+1.43%,5.45,5.86,5.9,4290,2034,2.11,64.22%,64.16%,0.588364,2026-08-14
SG,6.28,2026-09-18,34,Call,6.00,+4.46%,0.65,0.7,0.8,7481,3539,2.11,76.05%,75.47%,0.628626,2026-08-14
NVDA,225.16,2026-08-19,4,Call,230.00,-2.15%,1.1,1.12,1.13,11524,5467,2.11,37.99%,30.45%,0.260937,2026-08-14
AAOI,150.28,2026-08-21,6,Call,175.00,-16.45%,2.1,2.15,2.5,1195,570,2.1,112.71%,123.29%,0.189243,2026-08-14
AAOI,150.28,2026-08-21,6,Call,140.00,+6.84%,14.2,14.75,15.6,2502,1192,2.1,112.71%,118.20%,0.707925,2026-08-14
AEHR,134.06,2026-08-21,6,Call,145.00,-8.16%,4.3,4.76,5.4,569,272,2.09,120.57%,130.36%,0.351127,2026-08-14
NVDA,225.16,2026-08-28,13,Put,230.00,+2.15%,9.95,10.1,10.05,615,294,2.09,37.99%,43.61%,-0.58209,2026-08-14
LITE,926.14,2027-03-19,216,Call,"1,450.00",-56.56%,117.8,118,119.5,661,317,2.09,82.76%,87.06%,0.382337,2026-08-14
FSLR,225.56,2026-08-21,6,Call,220.00,+2.46%,7.9,8.5,10.7,703,336,2.09,52.17%,52.97%,0.659218,2026-08-14
INTC,102.5,2026-08-19,4,Call,110.00,-7.32%,0.49,0.52,0.58,1876,898,2.09,65.55%,63.83%,0.154251,2026-08-14
MO,65.7,2026-08-21,6,Call,68.00,-3.50%,0.1,0.14,0.17,2257,1082,2.09,24.89%,24.14%,0.133541,2026-08-14
NOK,10.76,2026-09-04,20,Call,11.50,-6.88%,0.37,0.39,0.43,4151,1987,2.09,66.97%,67.88%,0.37017,2026-08-14
GOOG,343.54,2027-06-17,306,Call,380.00,-10.61%,32.65,34.9,34.4,1345,648,2.08,27.18%,34.69%,0.474961,2026-08-14
FIG,25.42,2026-08-21,6,Call,27.00,-6.22%,0.35,0.39,0.43,2913,1398,2.08,70.82%,73.15%,0.277678,2026-08-14
AVGO,392.99,2026-08-21,6,Call,425.00,-8.15%,0.8,0.86,0.9,3083,1483,2.08,48.55%,43.57%,0.086106,2026-08-14
NVDA,225.16,2026-08-28,13,Call,270.00,-19.91%,0.26,0.29,0.28,5773,2774,2.08,37.99%,50.70%,0.032996,2026-08-14
TSLA,342.27,2026-08-21,6,Call,342.50,-0.07%,6.85,6.85,6.95,6597,3173,2.08,39.20%,39.49%,0.509507,2026-08-14
NVDA,225.16,2026-08-21,6,Call,235.00,-4.37%,0.73,0.75,0.76,70269,33707,2.08,37.99%,32.04%,0.156681,2026-08-14
DHT,19.52,2026-08-21,6,Call,19.00,+2.66%,0.45,0.54,0.55,28734,13882,2.07,42.49%,19.66%,0.868862,2026-08-14
CAR,137.85,2026-09-18,34,Put,650.00,+371.53%,506.2,512.2,516.8,500,241,2.07,50.49%,217.57%,-0.990829,2026-08-14
DJT,8.27,2026-08-21,6,Call,8.50,-2.78%,0.17,0.23,0.29,529,256,2.07,68.83%,77.09%,0.412103,2026-08-14
CIFR,17.85,2026-08-28,13,Put,16.00,-10.36%,0.5,0.58,0.87,1058,512,2.07,100.58%,112.67%,-0.26515,2026-08-14
SPCE,3.32,2026-09-04,20,Call,3.50,-5.42%,0.2,0.21,0.25,1115,539,2.07,90.42%,95.70%,0.454277,2026-08-14
AAPL,305.93,2026-08-19,4,Put,300.00,-1.94%,0.65,0.8,0.8,1292,624,2.07,22.68%,21.74%,-0.187866,2026-08-14
GOOG,343.54,2027-06-17,306,Call,470.00,-36.81%,12.45,13.2,13.75,1326,642,2.07,27.18%,35.04%,0.235507,2026-08-14
UBER,75.95,2026-10-16,62,Call,77.50,-2.04%,3.5,3.7,3.8,2054,993,2.07,32.16%,33.11%,0.486572,2026-08-14
CVX,200,2026-08-21,6,Call,202.50,-1.25%,1.16,1.33,1.35,3571,1722,2.07,25.52%,22.25%,0.336892,2026-08-14
AMZN,262.65,2026-08-21,6,Call,267.50,-1.85%,1.82,1.84,1.91,4218,2041,2.07,27.56%,27.69%,0.315312,2026-08-14
NBIS,277.68,2026-08-28,13,Put,220.00,-20.77%,2.93,3.1,3.3,545,265,2.06,100.09%,107.87%,-0.105392,2026-08-14
NVO,45.89,2026-10-16,62,Call,35.00,+23.73%,10,10.9,11.75,1100,533,2.06,30.92%,39.36%,0.982067,2026-08-14
BMNR,18.08,2026-08-21,6,Call,17.00,+5.97%,1.25,1.38,1.38,6486,3147,2.06,70.11%,69.72%,0.770343,2026-08-14
AAPL,305.93,2026-08-24,9,Put,300.00,-1.94%,1.48,1.7,1.9,510,249,2.05,22.68%,21.31%,-0.26672,2026-08-14
MSFT,495.4,2026-09-11,27,Put,490.00,-1.09%,10.4,10.75,10.85,524,255,2.05,24.92%,25.39%,-0.413672,2026-08-14
CIFR,17.85,2026-08-21,6,Call,16.50,+7.56%,1.55,1.9,1.9,906,441,2.05,100.58%,100.21%,0.752769,2026-08-14
AMAT,507.18,2026-08-21,6,Put,480.00,-5.36%,4.4,4.46,5.05,938,457,2.05,55.43%,57.43%,-0.214376,2026-08-14
AMD,514.39,2027-01-15,153,Call,670.00,-30.25%,36.7,35.58,38.05,1039,506,2.05,57.46%,61.60%,0.336201,2026-08-14
PYPL,61.66,2026-08-21,6,Call,70.00,-13.53%,0.27,0.27,0.3,1054,515,2.05,35.38%,75.45%,0.104108,2026-08-14
NVDA,225.16,2026-08-17,2,Call,210.00,+6.73%,14.9,15.2,15.8,1307,638,2.05,37.99%,54.87%,0.959113,2026-08-14
OTLK,0.7564,2027-02-19,188,Call,1.0000,-32.21%,0.2,0.25,0.25,2527,1233,2.05,141.47%,136.56%,0.589439,2026-08-14
JPM,362.84,2026-08-21,6,Put,357.50,-1.47%,1.36,1.45,1.73,501,245,2.04,19.03%,19.75%,-0.271054,2026-08-14
MP,58.74,2026-08-21,6,Call,62.00,-5.55%,0.92,1.03,1.16,517,254,2.04,67.01%,74.60%,0.304765,2026-08-14
AMD,514.39,2026-08-21,6,Call,520.00,-1.09%,13.5,13.55,13.85,7330,3611,2.03,57.46%,61.23%,0.463606,2026-08-14
TSLA,342.27,2026-08-21,6,Call,350.00,-2.26%,3.95,3.95,4,36101,17753,2.03,39.20%,40.19%,0.345998,2026-08-14
AMZN,262.65,2026-08-17,2,Put,275.00,+4.70%,12,11.77,12.75,778,384,2.03,27.56%,30.89%,-0.980433,2026-08-14
NVDA,225.16,2026-09-04,20,Put,150.00,-33.38%,0.1,0.11,0.12,850,419,2.03,37.99%,74.98%,-0.007955,2026-08-14
FCEL,22.37,2026-08-21,6,Put,21.00,-6.12%,0.6,0.75,0.9,1144,564,2.03,124.25%,119.92%,-0.311593,2026-08-14
MSFT,495.4,2026-08-21,6,Call,502.50,-1.43%,2.75,3,3.15,2292,1128,2.03,24.92%,22.50%,0.321848,2026-08-14
ABNB,184.06,2026-08-21,6,Put,177.50,-3.56%,0.6,0.73,0.75,513,254,2.02,28.92%,30.81%,-0.170515,2026-08-14
NOK,10.76,2026-08-28,13,Put,10.50,-2.42%,0.31,0.37,0.51,1075,531,2.02,66.97%,66.74%,-0.396164,2026-08-14
WMT,115.27,2026-08-21,6,Put,111.00,-3.70%,1.09,1.14,1.18,4968,2458,2.02,29.19%,47.99%,-0.257534,2026-08-14
RKT,14.76,2026-10-16,62,Call,15.00,-1.63%,1.16,1.14,1.27,3385,1683,2.01,52.20%,52.86%,0.525439,2026-08-14
CBOE,296.14,2026-08-21,6,Call,290.00,+2.07%,6.9,8.83,10.7,528,264,2,33.89%,33.79%,0.696785,2026-08-14
NBIS,277.68,2026-08-21,6,Call,305.00,-9.84%,6.45,6.7,6.8,615,308,2,100.09%,113.13%,0.284197,2026-08-14
AMAT,507.18,2026-08-21,6,Call,500.00,+1.42%,17.7,18.3,19,1305,652,2,55.43%,55.63%,0.595953,2026-08-14
CLOV,4.6,2026-11-20,97,Call,6.00,-30.43%,0.23,0.26,0.28,1462,732,2,57.41%,68.97%,0.294315,2026-08-14
CIFR,17.85,2026-08-21,6,Call,17.00,+4.76%,1.39,1.45,1.5,2885,1439,2,100.58%,106.76%,0.666889,2026-08-14
SHOP,154.32,2026-08-21,6,Call,160.00,-3.68%,1.29,1.28,1.44,3163,1578,2,43.45%,43.12%,0.269147,2026-08-14
FRMI,6.4,2026-09-18,34,Call,8.00,-25.00%,0.3,0.3,0.4,7824,3909,2,102.14%,107.53%,0.306637,2026-08-14
MRK,135.84,2026-08-21,6,Call,141.00,-3.80%,0.25,0.25,0.47,501,252,1.99,26.15%,27.31%,0.148672,2026-08-14
PEP,140.79,2026-08-21,6,Call,141.00,-0.15%,1.28,1.38,1.46,765,384,1.99,20.91%,20.51%,0.481372,2026-08-14
AVGO,392.99,2026-09-04,20,Put,400.00,+1.78%,22.6,23.12,23.75,1045,525,1.99,48.55%,53.52%,-0.527297,2026-08-14
BABA,123.81,2026-08-21,6,Put,102.00,-17.62%,0,0.12,0.53,501,253,1.98,45.81%,91.14%,-0.042947,2026-08-14
AMAT,507.18,2026-08-21,6,Call,510.00,-0.56%,12.85,13.44,13.9,747,377,1.98,55.43%,56.21%,0.486572,2026-08-14
TSLA,342.27,2026-08-19,4,Call,400.00,-16.87%,0.11,0.12,0.13,798,403,1.98,39.20%,66.92%,0.01448,2026-08-14
AMZN,262.65,2026-09-04,20,Call,295.00,-12.32%,0.34,0.44,0.46,1403,710,1.98,27.56%,29.60%,0.053378,2026-08-14
FIGR,31.43,2027-01-15,153,Call,37.50,-19.31%,4.5,4.7,5.1,646,328,1.97,76.09%,82.83%,0.487598,2026-08-14
ALT,2.94,2026-09-18,34,Call,0.50,+82.99%,2.4,2.5,3.5,686,349,1.97,86.57%,699.44%,0.950607,2026-08-14
TSLA,342.27,2026-08-19,4,Call,380.00,-11.02%,0.24,0.25,0.26,829,421,1.97,39.20%,53.59%,0.03371,2026-08-14
MUR,34.57,2026-10-16,62,Call,35.00,-1.24%,1.95,2.26,2.3,1152,586,1.97,43.56%,41.17%,0.501316,2026-08-14
XOM,160.1,2026-08-21,6,Call,162.50,-1.50%,1.01,1.04,1.15,4507,2292,1.97,27.35%,24.87%,0.327982,2026-08-14
PONY,8.14,2026-11-20,97,Call,10.00,-22.85%,0.7,0.76,0.95,4571,2322,1.97,73.31%,84.38%,0.408193,2026-08-14
TSM,426.35,2026-08-21,6,Call,427.50,-0.27%,6.6,6.73,7.05,784,401,1.96,34.81%,33.39%,0.487857,2026-08-14
TSLA,342.27,2026-08-19,4,Put,322.50,-5.78%,0.46,0.48,0.5,876,447,1.96,39.20%,40.05%,-0.073676,2026-08-14
SPCX,140,2026-08-28,13,Put,128.00,-8.57%,2.24,2.35,2.32,941,479,1.96,64.22%,66.21%,-0.215084,2026-08-14
AXTI,81.64,2026-09-18,34,Call,100.00,-22.49%,6.6,6.7,6.7,3330,1699,1.96,121.48%,126.51%,0.37319,2026-08-14
AMD,514.39,2026-08-17,2,Call,490.00,+4.74%,24.1,25.03,26.3,843,433,1.95,57.46%,48.31%,0.916489,2026-08-14
USAS,5.24,2026-09-18,34,Put,5.00,-4.58%,0.35,0.45,0.5,1012,518,1.95,85.37%,87.53%,-0.374671,2026-08-14
NVDA,225.16,2026-08-24,9,Call,222.50,+1.18%,5.65,5.88,5.85,1317,677,1.95,37.99%,29.84%,0.615518,2026-08-14
CCL,28.12,2026-08-28,13,Call,29.00,-3.13%,0.39,0.45,0.48,3517,1800,1.95,38.68%,36.94%,0.344494,2026-08-14
QXO,14.51,2027-06-17,306,Call,20.00,-37.84%,1.65,2.07,2.55,600,309,1.94,61.76%,67.29%,0.437021,2026-08-14
HL,18.37,2027-03-19,216,Call,15.00,+18.35%,5.35,5.8,6.1,665,342,1.94,62.01%,71.61%,0.753041,2026-08-14
MO,65.7,2028-01-21,524,Put,45.00,-31.51%,1.33,1.55,1.55,801,412,1.94,24.89%,28.91%,-0.109815,2026-08-14
SPCX,140,2026-08-21,6,Call,149.00,-6.43%,1.85,1.92,1.92,915,472,1.94,64.22%,69.92%,0.259909,2026-08-14
GGAL,43.37,2027-01-15,153,Put,38.00,-12.38%,1.55,2.85,3.6,1000,516,1.94,50.95%,46.27%,-0.273153,2026-08-14
AAPL,305.93,2026-08-19,4,Call,312.50,-2.15%,0.65,0.71,0.72,1701,876,1.94,22.68%,21.76%,0.182477,2026-08-14
IONQ,46.26,2026-08-21,6,Call,49.00,-5.92%,0.96,1.13,1.12,2438,1254,1.94,80.72%,87.37%,0.325479,2026-08-14
NVDA,225.16,2026-08-24,9,Call,240.00,-6.59%,0.51,0.54,0.54,3731,1922,1.94,37.99%,31.07%,0.102444,2026-08-14
AMD,514.39,2026-08-21,6,Call,510.00,+0.85%,18,18.6,18.5,6051,3117,1.94,57.46%,60.31%,0.562471,2026-08-14
PEP,140.79,2026-08-21,6,Put,138.00,-1.98%,0.38,0.45,0.54,665,345,1.93,20.91%,20.25%,-0.217298,2026-08-14
CELH,29.09,2026-08-21,6,Put,29.00,-0.31%,0.7,0.98,0.98,851,440,1.93,53.81%,60.05%,-0.466138,2026-08-14
BHF,58.68,2026-12-18,125,Call,65.00,-10.77%,2.5,2.7,2.75,1063,551,1.93,55.75%,34.11%,0.364444,2026-08-14
NVDA,225.16,2026-08-24,9,Call,232.50,-3.26%,1.54,1.58,1.61,1064,550,1.93,37.99%,29.48%,0.256887,2026-08-14
TSLA,342.27,2026-08-21,6,Put,332.50,-2.85%,2.77,2.85,2.82,2105,1090,1.93,39.20%,38.34%,-0.266168,2026-08-14
LRCX,332.36,2026-11-20,97,Put,330.00,-0.71%,40.7,42.9,43.9,546,284,1.92,59.91%,66.34%,-0.415867,2026-08-14
ACI,12.42,2026-08-21,6,Call,12.50,-0.64%,0.1,0.23,0.25,569,296,1.92,30.41%,33.60%,0.446809,2026-08-14
MU,971.66,2026-08-21,6,Call,"1,780.00",-83.19%,0.01,0.13,0.12,1490,777,1.92,64.81%,151.47%,0.001282,2026-08-14
NU,15.23,2026-09-18,34,Put,16.00,+5.06%,1.03,1.13,1.24,1612,841,1.92,36.55%,37.67%,-0.638864,2026-08-14
AVGO,392.99,2027-03-19,216,Call,420.00,-6.87%,50.1,51.13,51,1814,945,1.92,48.55%,48.62%,0.522662,2026-08-14
SPCX,140,2026-08-21,6,Put,134.00,-4.29%,2.26,2.25,2.27,2362,1233,1.92,64.22%,66.96%,-0.288001,2026-08-14
MSFT,495.4,2026-08-28,13,Put,485.00,-2.10%,4.65,5.18,5.35,786,412,1.91,24.92%,25.63%,-0.315144,2026-08-14
ONDS,9.24,2026-11-20,97,Put,9.00,-2.60%,1.41,1.63,1.64,886,465,1.91,82.55%,90.77%,-0.379814,2026-08-14
NOW,124,2026-08-21,6,Call,126.00,-1.61%,2.38,2.48,2.48,923,482,1.91,50.37%,51.70%,0.421017,2026-08-14
DDD,3.71,2026-09-18,34,Call,3.00,+19.14%,0.75,0.81,0.85,605,319,1.9,88.62%,78.51%,0.846344,2026-08-14
HIVE,2.69,2026-08-21,6,Put,2.50,-7.06%,0.05,0.1,0.1,846,445,1.9,102.52%,114.62%,-0.282462,2026-08-14
PYPL,61.66,2026-08-21,6,Call,63.00,-2.17%,1.35,1.43,1.5,1976,1042,1.9,35.38%,63.19%,0.413122,2026-08-14
MSFT,495.4,2026-08-17,2,Call,510.00,-2.95%,0.14,0.16,0.16,2330,1225,1.9,24.92%,22.77%,0.044087,2026-08-14
PLTR,174.04,2026-08-21,6,Put,165.00,-5.19%,1.03,1.04,1.06,12993,6840,1.9,44.36%,47.16%,-0.17842,2026-08-14
LCID,6.22,2027-02-19,188,Put,6.00,-3.54%,1.8,1.95,2.03,547,289,1.89,75.78%,123.40%,-0.309133,2026-08-14
MU,971.66,2026-08-17,2,Put,875.00,-9.95%,0.14,0.2,0.25,602,319,1.89,64.81%,63.59%,-0.012123,2026-08-14
BIDU,103.67,2026-08-21,6,Put,102.00,-1.61%,1.92,2.89,3.55,577,307,1.88,49.38%,67.16%,-0.406155,2026-08-14
BAC,64.49,2026-08-28,13,Put,64.00,-0.76%,0.61,0.65,0.67,765,406,1.88,18.93%,18.19%,-0.398942,2026-08-14
AAPL,305.93,2026-08-28,13,Call,307.50,-0.51%,4.4,4.5,4.55,1241,661,1.88,22.68%,21.92%,0.470106,2026-08-14
PCG,17.84,2026-10-16,62,Put,18.00,+0.90%,1.24,1.32,1.32,1378,734,1.88,52.50%,42.06%,-0.477947,2026-08-14
AMZN,262.65,2026-08-28,13,Call,265.00,-0.89%,4.35,4.4,4.6,1593,848,1.88,27.56%,27.31%,0.451444,2026-08-14
MSTR,93.04,2026-08-21,6,Put,81.00,-12.94%,0.22,0.27,0.27,1845,984,1.88,66.03%,72.98%,-0.062537,2026-08-14
MP,58.74,2026-08-21,6,Put,55.00,-6.37%,0.48,0.61,0.79,2059,1094,1.88,67.01%,67.89%,-0.210261,2026-08-14
SPCX,140,2026-08-21,6,Put,133.00,-5.00%,1.95,1.94,2.02,3604,1920,1.88,64.22%,67.35%,-0.260009,2026-08-14
MRVL,222.02,2026-08-21,6,Call,235.00,-5.85%,3.3,3.4,3.5,4308,2296,1.88,79.43%,70.96%,0.283407,2026-08-14
SPCX,140,2026-08-21,6,Put,119.00,-15.00%,0.23,0.25,0.26,2216,1185,1.87,64.22%,75.99%,-0.042499,2026-08-14
BKR,64.82,2026-09-18,34,Put,60.00,-7.44%,0.6,0.85,0.85,3024,1614,1.87,31.78%,32.17%,-0.195914,2026-08-14
IBRX,7.57,2026-08-28,13,Put,7.00,-7.53%,0.15,0.2,0.2,502,270,1.86,63.37%,72.93%,-0.259186,2026-08-14
ZIM,28.14,2026-09-18,34,Call,32.00,-13.72%,0.28,0.3,0.33,506,272,1.86,50.72%,40.85%,0.171574,2026-08-14
KKR,114.01,2026-08-21,6,Put,110.00,-3.52%,0.55,0.71,0.85,949,509,1.86,35.18%,37.47%,-0.218174,2026-08-14
AEP,125.6,2026-09-18,34,Put,115.00,-8.44%,0.3,0.35,0.4,1112,597,1.86,18.97%,22.01%,-0.087465,2026-08-14
QMCO,26.11,2026-08-21,6,Call,30.00,-14.90%,0.5,0.8,0.75,1223,659,1.86,116.22%,139.12%,0.246292,2026-08-14
AG,19.26,2027-03-19,216,Call,20.00,-3.84%,3.65,3.75,3.85,1527,821,1.86,60.77%,66.38%,0.587253,2026-08-14
AMZN,262.65,2026-08-21,6,Put,277.50,+5.65%,14.7,14.47,15.6,533,288,1.85,27.56%,30.84%,-0.917423,2026-08-14
MU,971.66,2026-12-18,125,Put,660.00,-32.08%,27.65,29.7,29.9,602,325,1.85,64.81%,70.49%,-0.120658,2026-08-14
LITE,926.14,2026-08-21,6,Put,840.00,-9.30%,9.4,10.5,11.7,609,330,1.85,82.76%,88.03%,-0.17716,2026-08-14
CSIQ,15.14,2026-08-28,13,Call,18.00,-18.89%,0.2,0.3,0.4,1036,561,1.85,89.41%,99.24%,0.205141,2026-08-14
UNH,401.73,2026-10-16,62,Call,400.00,+0.43%,20.15,20.97,21,1271,687,1.85,26.95%,29.30%,0.544133,2026-08-14
TSLA,342.27,2026-09-04,20,Put,315.00,-7.97%,2.88,3,2.96,1285,696,1.85,39.20%,39.36%,-0.166902,2026-08-14
AMD,514.39,2026-08-17,2,Call,540.00,-4.98%,1.13,1.19,1.21,2015,1092,1.85,57.46%,54.18%,0.117701,2026-08-14
TSLA,342.27,2026-08-28,13,Call,345.00,-0.80%,9,9.03,9.15,2294,1242,1.85,39.20%,39.37%,0.479108,2026-08-14
AAPL,305.93,2026-08-21,6,Call,317.50,-3.78%,0.43,0.46,0.47,6660,3595,1.85,22.68%,22.67%,0.106717,2026-08-14
RKLB,80.25,2026-08-21,6,Call,83.00,-3.43%,2.02,2.08,2.18,553,301,1.84,76.38%,78.50%,0.390284,2026-08-14
UBER,75.95,2026-08-21,6,Put,77.00,+1.38%,1.82,1.89,1.94,583,317,1.84,32.16%,33.58%,-0.61325,2026-08-14
FCX,66.49,2026-08-21,6,Put,69.00,+3.78%,2.98,3.02,3.3,814,443,1.84,45.52%,46.22%,-0.722857,2026-08-14
AAOI,150.28,2026-09-18,34,Call,230.00,-53.05%,3.7,3.8,4.1,1261,685,1.84,112.71%,117.76%,0.159885,2026-08-14
INTC,102.5,2026-08-21,6,Put,103.00,+0.49%,3.55,3.69,3.85,1263,685,1.84,65.55%,66.04%,-0.504077,2026-08-14
AMC,2.5,2026-08-28,13,Call,2.50,0.00%,0.15,0.15,0.16,2134,1161,1.84,82.55%,82.76%,0.529641,2026-08-14
F,14.37,2026-10-16,62,Call,13.00,+9.53%,1.66,1.73,1.73,3180,1732,1.84,31.48%,38.05%,0.759684,2026-08-14
HNRG,16.16,2026-08-21,6,Call,16.00,+0.99%,0.4,0.57,0.65,752,410,1.83,68.86%,53.10%,0.573922,2026-08-14
BE,229.94,2026-08-21,6,Put,195.00,-15.20%,1.1,1.18,1.4,2190,1197,1.83,93.42%,99.76%,-0.087409,2026-08-14
CSCO,111.68,2026-08-21,6,Call,113.00,-1.18%,1.17,1.24,1.36,2217,1209,1.83,29.83%,31.94%,0.398139,2026-08-14
BAC,64.49,2026-08-21,6,Put,65.00,+0.79%,0.83,0.9,0.91,2925,1600,1.83,18.93%,17.86%,-0.626592,2026-08-14
AMZN,262.65,2026-08-28,13,Call,280.00,-6.61%,0.8,0.82,0.92,6555,3581,1.83,27.56%,28.33%,0.125963,2026-08-14
F,14.37,2026-08-28,13,Put,14.00,-2.57%,0.16,0.16,0.18,1916,1050,1.82,31.48%,30.08%,-0.31334,2026-08-14
APLD,31.2,2026-09-18,34,Put,24.00,-23.08%,0.56,0.59,0.63,3057,1679,1.82,87.35%,86.70%,-0.128053,2026-08-14
ARRY,5.05,2027-01-15,153,Call,6.00,-18.81%,0.6,0.8,0.85,501,277,1.81,73.86%,78.74%,0.479401,2026-08-14
NVDA,225.16,2026-08-19,4,Call,210.00,+6.73%,15,15.14,15.65,533,295,1.81,37.99%,35.47%,0.971581,2026-08-14
AAOI,150.28,2026-08-21,6,Put,140.00,-6.84%,4,4.3,4.5,577,319,1.81,112.71%,113.82%,-0.287002,2026-08-14
CSCO,111.68,2026-11-20,97,Call,120.00,-7.45%,4.95,5.1,5.5,660,365,1.81,29.83%,35.86%,0.394924,2026-08-14
COIN,148.47,2026-08-21,6,Call,162.50,-9.45%,0.93,0.96,1,941,521,1.81,61.96%,65.78%,0.153525,2026-08-14
NRG,126.24,2026-09-18,34,Call,135.00,-6.94%,3.6,3.45,4.2,1326,734,1.81,45.34%,46.54%,0.348935,2026-08-14
RDDT,178.09,2026-09-18,34,Call,230.00,-29.15%,1.54,1.67,1.8,1329,734,1.81,58.66%,62.54%,0.109967,2026-08-14
APLD,31.2,2026-08-21,6,Call,32.50,-4.17%,0.81,0.76,0.94,1391,767,1.81,87.35%,87.54%,0.381195,2026-08-14
AMAT,507.18,2026-08-21,6,Put,450.00,-11.27%,0.76,0.81,0.87,1410,778,1.81,55.43%,58.28%,-0.050007,2026-08-14
ENVX,4.39,2026-10-16,62,Call,4.00,+8.88%,0.81,0.84,0.94,1420,785,1.81,90.50%,94.67%,0.673544,2026-08-14
TSLA,342.27,2026-08-28,13,Call,365.00,-6.64%,3.2,3.27,3.3,2760,1522,1.81,39.20%,41.25%,0.220501,2026-08-14
CSCO,111.68,2026-11-20,97,Put,110.00,-1.50%,6.5,6.65,6.9,734,408,1.8,29.83%,34.38%,-0.419255,2026-08-14
IHS,8.33,2026-10-16,62,Call,10.00,-20.05%,0,0.25,0.15,986,549,1.8,107.44%,35.68%,0.130046,2026-08-14
SNDK,1641.11,2026-08-21,6,Put,"1,450.00",-11.65%,11.9,12.35,13.4,1683,935,1.8,84.72%,89.78%,-0.127578,2026-08-14
MSFT,495.4,2026-08-21,6,Call,512.50,-3.45%,0.89,0.94,1.02,1720,955,1.8,24.92%,23.03%,0.131627,2026-08-14
TSLA,342.27,2026-08-21,6,Put,345.00,+0.80%,8.15,8.25,8.4,4023,2234,1.8,39.20%,39.41%,-0.549006,2026-08-14
META,589.85,2026-08-28,13,Call,635.00,-7.65%,2.52,2.76,2.94,516,289,1.79,32.86%,34.81%,0.141814,2026-08-14
TSLA,342.27,2026-10-16,62,Call,355.00,-3.72%,18.65,18.87,19,1279,715,1.79,39.20%,41.54%,0.463785,2026-08-14
ABCL,11.38,2027-01-15,153,Call,20.00,-75.75%,0.7,0.85,1,1357,757,1.79,87.80%,92.40%,0.268754,2026-08-14
AAOI,150.28,2026-08-21,6,Call,155.00,-3.14%,6.7,7.15,7.6,1875,1048,1.79,112.71%,119.04%,0.451273,2026-08-14
SNDK,1641.11,2026-08-21,6,Put,"1,500.00",-8.60%,21.2,22,22.1,2282,1272,1.79,84.72%,88.79%,-0.197256,2026-08-14
TSLA,342.27,2026-08-17,2,Call,362.50,-5.91%,0.17,0.17,0.18,3843,2149,1.79,39.20%,43.66%,0.039674,2026-08-14
SMCI,39.84,2026-08-21,6,Put,38.00,-4.62%,0.78,0.8,0.83,4378,2450,1.79,77.10%,78.54%,-0.299752,2026-08-14
VG,13.99,2027-09-17,398,Call,25.00,-78.70%,1.25,1.4,1.55,501,281,1.78,61.21%,64.17%,0.316096,2026-08-14
MPT,4.18,2026-10-02,48,Call,1.50,+64.11%,2.64,2.7,4.8,506,285,1.78,35.62%,738.98%,0.951133,2026-08-14
APO,140.76,2026-11-20,97,Call,150.00,-6.56%,6.2,6.85,7,568,320,1.78,33.00%,34.49%,0.405422,2026-08-14
POET,9.58,2026-09-18,34,Put,9.00,-6.05%,0.76,0.83,0.87,638,358,1.78,95.21%,97.07%,-0.356262,2026-08-14
NVDA,225.16,2027-12-17,489,Call,455.00,-102.08%,5.75,6.07,6.35,680,382,1.78,37.99%,41.94%,0.133417,2026-08-14
VIK,97.99,2026-08-21,6,Call,115.00,-17.36%,0,0.3,0.85,779,437,1.78,46.03%,87.96%,0.087262,2026-08-14
ECHO,91.89,2026-08-21,6,Call,92.00,-0.12%,1.25,2.4,3.4,924,519,1.78,47.73%,50.05%,0.509069,2026-08-14
AMAT,507.18,2026-10-16,62,Put,300.00,-40.85%,0.86,1.03,1.2,988,555,1.78,55.43%,66.10%,-0.018631,2026-08-14
F,14.37,2026-08-28,13,Call,13.50,+6.05%,0.91,0.99,1.02,1046,587,1.78,31.48%,36.83%,0.823704,2026-08-14
TSSI,9.68,2026-08-21,6,Call,10.00,-3.31%,0.35,0.4,0.45,1535,864,1.78,103.40%,107.94%,0.435837,2026-08-14
TSLA,342.27,2026-08-28,13,Call,350.00,-2.26%,7.05,7.1,7.2,5738,3220,1.78,39.20%,39.79%,0.404125,2026-08-14
VG,13.99,2026-09-18,34,Call,15.00,-7.22%,0.65,0.68,0.7,33377,18703,1.78,61.21%,62.01%,0.398017,2026-08-14
AMAT,507.18,2026-08-21,6,Put,475.00,-6.34%,3.4,3.77,3.75,516,292,1.77,55.43%,56.99%,-0.173543,2026-08-14
TSM,426.35,2028-12-15,853,Call,420.00,+1.49%,130.5,133.1,135,619,349,1.77,34.81%,47.08%,0.678278,2026-08-14
PESI,17.37,2026-12-18,125,Call,20.00,-15.14%,1.9,2.72,3.2,623,351,1.77,90.84%,84.33%,0.495106,2026-08-14
ACN,176.89,2026-09-18,34,Call,180.00,-1.76%,7.8,8.02,8.5,1155,653,1.77,43.13%,44.42%,0.474696,2026-08-14
TSLA,342.27,2026-09-11,27,Call,350.00,-2.26%,11.5,11.65,11.65,1319,747,1.77,39.20%,39.27%,0.44806,2026-08-14
SNDK,1641.11,2026-08-21,6,Call,"1,900.00",-15.78%,11.7,11.9,12.3,2161,1224,1.77,84.72%,94.76%,0.127117,2026-08-14
SGML,11.99,2026-10-16,62,Call,12.00,-0.08%,1.45,1.85,2.15,525,298,1.76,94.60%,90.41%,0.57964,2026-08-14
VIK,97.99,2026-08-21,6,Put,95.00,-3.05%,1.9,3,3.1,562,319,1.76,46.03%,77.66%,-0.357119,2026-08-14
SNPS,421.5,2026-08-21,6,Call,440.00,-4.39%,1.55,3.4,4,580,330,1.76,51.29%,41.52%,0.220881,2026-08-14
TPL,358.52,2027-01-15,153,Call,300.00,+16.32%,73.6,78.3,80.7,599,340,1.76,45.71%,45.58%,0.784993,2026-08-14
CVX,200,2027-06-17,306,Call,190.00,+5.00%,22.8,24.82,25.4,679,385,1.76,25.52%,26.57%,0.622358,2026-08-14
NBIS,277.68,2026-08-21,6,Call,285.00,-2.64%,12.1,12.58,12.9,766,435,1.76,100.09%,110.06%,0.456346,2026-08-14
LULU,119.55,2026-12-18,125,Put,300.00,+150.94%,178.4,180.75,182.35,2995,1700,1.76,55.24%,91.59%,-0.954905,2026-08-14
NVDA,225.16,2026-08-17,2,Put,220.00,-2.29%,0.26,0.27,0.28,16482,9391,1.76,37.99%,27.11%,-0.120327,2026-08-14
NVDA,225.16,2026-08-21,6,Put,202.50,-10.06%,0.15,0.17,0.17,14370,8196,1.75,37.99%,45.19%,-0.030881,2026-08-14
NVDA,225.16,2026-08-17,2,Call,205.00,+8.95%,19.65,20.03,20.45,524,299,1.75,37.99%,44.65%,0.997848,2026-08-14
AMD,514.39,2026-08-28,13,Call,530.00,-3.03%,16.55,17,17,849,485,1.75,57.46%,59.82%,0.421925,2026-08-14
NVDA,225.16,2026-08-19,4,Put,212.50,-5.62%,0.21,0.23,0.24,1189,679,1.75,37.99%,36.24%,-0.060222,2026-08-14
POET,9.58,2028-06-16,671,Call,10.00,-4.38%,4.6,4.7,4.8,5288,3027,1.75,95.21%,95.45%,0.749071,2026-08-14
UBER,75.95,2027-06-17,306,Put,80.00,+5.33%,11.45,11.6,11.9,502,288,1.74,32.16%,38.15%,-0.469909,2026-08-14
BA,231.67,2026-08-21,6,Call,242.50,-4.67%,0.44,0.46,0.52,522,300,1.74,28.71%,29.24%,0.115109,2026-08-14
COF,227.34,2026-08-28,13,Call,200.00,+12.03%,26.1,27.3,28.5,750,432,1.74,24.96%,23.38%,0.997878,2026-08-14
PATH,16.01,2026-12-18,125,Call,18.00,-12.43%,1.99,2.18,2.43,1002,577,1.74,79.02%,76.96%,0.497726,2026-08-14
AMD,514.39,2026-08-21,6,Call,535.00,-4.01%,8.05,8.25,8.5,2855,1639,1.74,57.46%,61.41%,0.325617,2026-08-14
AAL,14.83,2027-09-17,398,Put,15.00,+1.15%,2.79,2.85,3,4236,2439,1.74,44.59%,48.59%,-0.394519,2026-08-14
LYFT,17.48,2026-08-21,6,Put,17.50,+0.11%,0.3,0.36,0.39,506,293,1.73,44.65%,37.97%,-0.495831,2026-08-14
SNDK,1641.11,2026-08-21,6,Put,890.00,-45.77%,0.05,0.2,0.2,527,304,1.73,84.72%,163.23%,-0.001222,2026-08-14
RCAT,11.13,2026-09-18,34,Put,10.00,-10.15%,0.7,0.75,0.76,529,305,1.73,94.16%,95.71%,-0.300658,2026-08-14
NU,15.23,2026-09-04,20,Call,14.00,+8.08%,1.26,1.37,1.45,591,341,1.73,36.55%,35.90%,0.857206,2026-08-14
GNRC,219.3,2026-09-18,34,Put,230.00,+4.88%,17.1,19.43,20.6,670,388,1.73,52.28%,44.63%,-0.618968,2026-08-14
NBIS,277.68,2026-08-21,6,Call,295.00,-6.24%,8.75,8.76,9.4,711,412,1.73,100.09%,110.96%,0.363143,2026-08-14
JPM,362.84,2026-08-21,6,Put,365.00,+0.60%,4.25,4.65,4.95,785,455,1.73,19.03%,18.68%,-0.5893,2026-08-14
TTD,14.14,2026-08-28,13,Put,13.00,-8.06%,0.12,0.13,0.15,928,537,1.73,52.73%,51.09%,-0.17565,2026-08-14
CAVA,74.42,2026-08-21,6,Call,75.00,-0.78%,1.7,1.89,2.04,2826,1630,1.73,48.41%,55.69%,0.47421,2026-08-14
KEEL,3.51,2028-01-21,524,Call,7.00,-99.43%,1.07,1.1,1.1,21064,12175,1.73,104.23%,105.28%,0.551552,2026-08-14
UBER,75.95,2026-12-18,125,Call,67.50,+11.13%,11.45,12.3,12.55,532,309,1.72,32.16%,37.73%,0.759425,2026-08-14
CRWV,105.26,2026-08-21,6,Put,104.00,-1.20%,3.55,3.71,3.75,589,343,1.72,76.89%,79.95%,-0.431103,2026-08-14
AMPX,12.51,2026-08-21,6,Call,14.00,-11.91%,0.15,0.17,0.2,780,454,1.72,84.05%,99.19%,0.207059,2026-08-14
SPCX,140,2028-12-15,853,Put,120.00,-14.29%,33.9,35.7,35.9,1270,737,1.72,64.22%,65.69%,-0.239705,2026-08-14
NVDA,225.16,2026-08-21,6,Put,235.00,+4.37%,10.3,10.65,10.5,2441,1417,1.72,37.99%,30.72%,-0.857321,2026-08-14
ALAB,321.61,2026-08-21,6,Call,330.00,-2.61%,10.85,10.43,11.1,1242,725,1.71,85.30%,88.35%,0.434285,2026-08-14
ORCL,150.52,2026-08-21,6,Put,152.50,+1.32%,5.35,5.51,5.65,1386,809,1.71,69.09%,57.71%,-0.553901,2026-08-14
LQDA,74.44,2026-08-21,6,Call,95.00,-27.62%,0.3,0.4,0.5,1489,871,1.71,107.52%,126.59%,0.078112,2026-08-14
AMD,514.39,2026-09-18,34,Put,550.00,+6.92%,55.85,56.56,57.3,1531,893,1.71,57.46%,57.43%,-0.611194,2026-08-14
NFLX,78.16,2026-09-04,20,Call,82.00,-4.91%,0.97,0.99,1.01,675,396,1.7,31.53%,32.04%,0.28244,2026-08-14
MU,971.66,2026-08-19,4,Call,"1,100.00",-13.21%,1.23,1.32,1.42,944,555,1.7,64.81%,68.99%,0.04685,2026-08-14
T,24.89,2026-09-18,34,Put,30.00,+20.53%,4.25,5.06,6,1036,611,1.7,23.17%,29.00%,-0.978753,2026-08-14
SKHY,166.33,2026-12-18,125,Call,170.00,-2.21%,28.7,29.5,31.6,2095,1231,1.7,75.28%,79.87%,0.585194,2026-08-14
NVDA,225.16,2026-08-19,4,Call,235.00,-4.37%,0.36,0.38,0.39,3937,2313,1.7,37.99%,31.96%,0.105418,2026-08-14
MNTN,12.52,2026-08-21,6,Call,10.00,+20.13%,2.4,2.5,3.2,503,298,1.69,68.29%,193.72%,0.84886,2026-08-14
META,589.85,2026-08-21,6,Call,597.50,-1.30%,6.95,6.88,7.15,526,311,1.69,32.86%,33.94%,0.396625,2026-08-14
AMD,514.39,2026-08-17,2,Call,492.50,+4.26%,22.5,22.5,24.05,539,319,1.69,57.46%,52.60%,0.873189,2026-08-14
AMAT,507.18,2026-08-21,6,Put,470.00,-7.33%,2.5,2.75,2.9,684,405,1.69,55.43%,56.95%,-0.138777,2026-08-14
CSIQ,15.14,2028-01-21,524,Call,25.00,-65.13%,3.8,4,5.3,508,302,1.68,89.41%,93.37%,0.564775,2026-08-14
AMZN,262.65,2026-08-19,4,Put,265.00,+0.89%,4.05,4.3,4.4,626,373,1.68,27.56%,26.86%,-0.615217,2026-08-14
GOOGL,345.9,2026-09-18,34,Call,690.00,-99.48%,0,0.12,0.59,663,395,1.68,27.71%,91.11%,0.009844,2026-08-14
HUT,85.44,2026-08-28,13,Put,80.00,-6.37%,2.84,3.35,4.6,1016,605,1.68,96.11%,98.03%,-0.324881,2026-08-14
CIFR,17.85,2026-08-21,6,Call,18.00,-0.84%,0.92,0.93,1,6424,3852,1.67,100.58%,112.00%,0.507823,2026-08-14
CIFR,17.85,2026-09-18,34,Put,15.00,-15.97%,0.69,0.86,0.92,8477,5085,1.67,100.58%,96.55%,-0.22699,2026-08-14
AAOI,150.28,2028-01-21,524,Put,135.00,-10.17%,59,64.5,64,562,337,1.67,112.71%,116.42%,-0.21396,2026-08-14
NBIS,277.68,2027-01-15,153,Put,55.00,-80.19%,0.77,0.83,0.85,1020,610,1.67,100.09%,126.51%,-0.008098,2026-08-14
NVO,45.89,2026-08-21,6,Put,45.50,-0.85%,0.68,0.7,0.78,1285,769,1.67,30.92%,38.52%,-0.426028,2026-08-14
CAR,137.85,2026-08-21,6,Put,200.00,+45.09%,54,62.6,69.7,1310,786,1.67,50.49%,163.29%,-0.953684,2026-08-14
AMAT,507.18,2026-10-16,62,Call,600.00,-18.30%,18.75,19.42,20.55,1382,826,1.67,55.43%,58.42%,0.289407,2026-08-14
BMNR,18.08,2026-08-28,13,Call,19.00,-5.09%,0.6,0.64,0.65,1383,826,1.67,70.11%,72.54%,0.38767,2026-08-14
MU,971.66,2026-08-21,6,Call,965.00,+0.69%,35.95,36.73,37.5,1808,1086,1.66,64.81%,66.64%,0.551749,2026-08-14
TSLA,342.27,2026-08-28,13,Call,380.00,-11.02%,1.5,1.52,1.54,4245,2554,1.66,39.20%,43.89%,0.114022,2026-08-14
ONDS,9.24,2026-08-21,6,Call,9.50,-2.81%,0.29,0.3,0.31,11925,7196,1.66,82.55%,86.63%,0.425058,2026-08-14
AAPL,305.93,2026-08-21,6,Call,307.50,-0.51%,2.73,2.75,2.79,7660,4655,1.65,22.68%,21.79%,0.440342,2026-08-14
CRM,196.21,2026-08-21,6,Put,192.50,-1.89%,2.22,2.45,2.52,775,469,1.65,47.32%,40.06%,-0.342726,2026-08-14
AMD,514.39,2026-08-17,2,Put,465.00,-9.60%,0.1,0.15,0.16,1036,629,1.65,57.46%,63.57%,-0.014911,2026-08-14
USAR,20,2026-08-21,6,Put,20.00,0.00%,0.85,0.92,0.97,1268,768,1.65,87.12%,89.55%,-0.475452,2026-08-14
ASTS,70.98,2026-08-21,6,Put,68.00,-4.20%,1.63,1.71,1.75,848,516,1.64,78.77%,83.26%,-0.322751,2026-08-14
AMAT,507.18,2026-08-21,6,Call,540.00,-6.47%,4.4,4.48,4.8,1160,707,1.64,55.43%,59.14%,0.217024,2026-08-14
BABA,123.81,2026-10-16,62,Call,155.00,-25.19%,1.59,1.7,1.72,3013,1836,1.64,45.81%,47.20%,0.145168,2026-08-14
SPCX,140,2026-08-21,6,Put,138.00,-1.43%,3.8,3.83,3.9,3611,2205,1.64,64.22%,67.78%,-0.414984,2026-08-14
AMD,514.39,2026-08-21,6,Call,550.00,-6.92%,4.8,4.85,4.9,10962,6690,1.64,57.46%,62.38%,0.214894,2026-08-14
MAT,15.03,2026-09-18,34,Call,15.00,+0.20%,0.6,0.65,0.7,17029,10444,1.63,33.04%,34.92%,0.526672,2026-08-14
CRWV,105.26,2026-08-21,6,Put,96.00,-8.80%,1,1.05,1.08,600,368,1.63,76.89%,80.34%,-0.170845,2026-08-14
PM,190.39,2026-08-21,6,Call,192.50,-1.11%,1.25,1.35,1.75,893,547,1.63,25.44%,24.54%,0.369949,2026-08-14
FSLR,225.56,2027-01-15,153,Call,310.00,-37.44%,9.95,12,13.1,1255,768,1.63,52.17%,57.76%,0.267553,2026-08-14
INTC,102.5,2026-08-21,6,Call,103.00,-0.49%,3.15,3.23,3.3,1720,1058,1.63,65.55%,65.57%,0.496086,2026-08-14
BABA,123.81,2026-10-16,62,Call,135.00,-9.04%,4.95,4.95,5.15,5261,3237,1.63,45.81%,45.33%,0.355458,2026-08-14
SPCX,140,2026-08-28,13,Call,138.00,+1.43%,7.7,8,8.2,564,349,1.62,64.22%,65.12%,0.574982,2026-08-14
CSX,50.16,2026-12-18,125,Call,52.50,-4.67%,1.75,2.05,2.05,1209,747,1.62,20.14%,22.94%,0.418085,2026-08-14
SPCX,140,2026-09-25,41,Put,100.00,-28.57%,1,1.04,1.12,1632,1005,1.62,64.22%,72.74%,-0.064547,2026-08-14
MSTR,93.04,2028-01-21,524,Put,75.00,-19.39%,17.75,21,22.3,1872,1155,1.62,66.03%,78.44%,-0.229752,2026-08-14
NVDA,225.16,2026-08-21,6,Put,222.50,-1.18%,2.36,2.38,2.42,6494,3997,1.62,37.99%,31.50%,-0.372406,2026-08-14
SMCI,39.84,2026-08-21,6,Call,38.00,+4.62%,2.54,2.63,2.72,8828,5475,1.61,77.10%,76.46%,0.704558,2026-08-14
XOM,160.1,2026-08-21,6,Call,170.00,-6.18%,0.15,0.15,0.16,12511,7795,1.61,27.35%,29.65%,0.059978,2026-08-14
GE,368.38,2026-08-21,6,Put,345.00,-6.35%,0.2,0.4,0.55,563,350,1.61,27.97%,32.83%,-0.055907,2026-08-14
GOOG,343.54,2026-08-21,6,Call,342.50,+0.30%,5.2,5.3,5.5,941,583,1.61,27.18%,26.85%,0.548291,2026-08-14
SMCI,39.84,2026-08-21,6,Put,36.00,-9.64%,0.3,0.33,0.37,1761,1094,1.61,77.10%,80.65%,-0.149819,2026-08-14
CRWV,105.26,2027-12-17,489,Put,70.00,-33.50%,14.85,15.83,15.95,2301,1426,1.61,76.89%,82.05%,-0.172188,2026-08-14
BE,229.94,2026-08-21,6,Put,187.50,-18.46%,0.55,0.6,0.79,558,348,1.6,93.42%,101.52%,-0.050816,2026-08-14
TSLA,342.27,2026-08-28,13,Put,340.00,-0.66%,8.55,8.8,8.7,937,587,1.6,39.20%,38.56%,-0.443545,2026-08-14
INTC,102.5,2026-08-17,2,Call,108.00,-5.37%,0.18,0.19,0.2,1934,1209,1.6,65.55%,53.99%,0.099632,2026-08-14
WDC,508.8,2026-08-21,6,Put,500.00,-1.73%,13.3,16.85,17.5,2307,1446,1.6,72.93%,76.01%,-0.407982,2026-08-14
QBTS,21.17,2026-08-21,6,Call,22.50,-6.28%,0.38,0.43,0.47,960,604,1.59,77.39%,84.29%,0.307005,2026-08-14
F,14.37,2028-12-15,853,Call,32.00,-122.69%,0.48,0.62,0.69,1813,1142,1.59,31.48%,41.18%,0.157058,2026-08-14
NVDA,225.16,2026-08-17,2,Call,212.50,+5.62%,12,13.06,13.1,2535,1596,1.59,37.99%,57.25%,0.917863,2026-08-14
COIN,148.47,2026-08-21,6,Call,157.50,-6.08%,1.68,1.75,1.81,7019,4411,1.59,61.96%,63.84%,0.250416,2026-08-14
GOOGL,345.9,2026-08-17,2,Put,337.50,-2.43%,0.16,0.14,0.23,583,368,1.58,27.71%,23.16%,-0.073214,2026-08-14
ACHR,6.62,2026-09-11,27,Call,7.00,-5.74%,0.38,0.4,0.42,1354,855,1.58,72.71%,76.35%,0.439573,2026-08-14
AMZN,262.65,2026-08-21,6,Put,262.50,-0.06%,3.45,3.49,3.55,2751,1742,1.58,27.56%,27.12%,-0.481135,2026-08-14
INTC,102.5,2026-08-21,6,Call,106.00,-3.41%,2.07,2.07,2.17,3897,2465,1.58,65.55%,67.23%,0.366706,2026-08-14
V,364.15,2026-08-21,6,Call,367.50,-0.92%,1.85,2.15,2.36,572,364,1.57,19.29%,18.52%,0.361678,2026-08-14
SNOW,328.92,2026-08-21,6,Put,315.00,-4.23%,2.61,2.93,2.9,851,542,1.57,66.51%,47.85%,-0.228371,2026-08-14
TSLA,342.27,2026-11-20,97,Call,455.00,-32.94%,6.4,6.7,6.65,973,620,1.57,39.20%,48.03%,0.162331,2026-08-14
XYZ,82.88,2026-08-21,6,Call,86.00,-3.76%,0.27,0.43,0.68,1170,743,1.57,35.24%,35.89%,0.221489,2026-08-14
XE,20.98,2026-09-18,34,Put,20.00,-4.67%,1.7,1.73,1.8,2410,1534,1.57,87.05%,89.82%,-0.374159,2026-08-14
AMAT,507.18,2026-08-21,6,Call,600.00,-18.30%,0.41,0.49,0.53,4933,3139,1.57,55.43%,67.25%,0.028734,2026-08-14
RKT,14.76,2026-08-21,6,Put,14.50,-1.76%,0.24,0.25,0.28,504,323,1.56,52.20%,50.66%,-0.376808,2026-08-14
BKR,64.82,2026-09-18,34,Put,65.00,+0.28%,2.35,2.5,2.55,554,356,1.56,31.78%,30.69%,-0.485912,2026-08-14
RZLV,2.67,2026-09-11,27,Put,3.00,+12.36%,0.4,0.48,0.55,600,384,1.56,86.49%,92.98%,-0.628579,2026-08-14
APP,315.44,2026-08-21,6,Call,340.00,-7.79%,1.85,2.03,2.15,623,399,1.56,55.34%,57.74%,0.166548,2026-08-14
CRWV,105.26,2026-08-21,6,Put,98.00,-6.90%,1.41,1.52,1.55,760,486,1.56,76.89%,79.96%,-0.225535,2026-08-14
UPST,30.43,2026-10-16,62,Put,30.00,-1.41%,2.6,2.56,2.75,821,526,1.56,57.79%,59.94%,-0.420649,2026-08-14
EYPT,14.75,2026-09-18,34,Put,10.00,-32.20%,3,3,3.5,1056,676,1.56,375.77%,376.41%,-0.180065,2026-08-14
PLTR,174.04,2026-09-25,41,Call,180.00,-3.42%,8.05,8.2,8.45,1069,687,1.56,44.36%,45.15%,0.452508,2026-08-14
CLSK,12.09,2026-08-21,6,Call,12.00,+0.74%,0.56,0.57,0.64,1698,1087,1.56,82.90%,89.36%,0.550815,2026-08-14
CSCO,111.68,2027-01-15,153,Put,82.50,-26.13%,0.85,0.9,0.95,2762,1774,1.56,29.83%,35.75%,-0.071369,2026-08-14
CRM,196.21,2026-08-21,6,Put,187.50,-4.44%,0.76,1.03,1.1,604,390,1.55,47.32%,38.93%,-0.172876,2026-08-14
MSTR,93.04,2026-08-21,6,Put,94.00,+1.03%,3.4,3.42,3.7,889,573,1.55,66.03%,64.28%,-0.530988,2026-08-14
NFLX,78.16,2026-08-21,6,Put,90.00,+15.15%,11.25,11.95,12.45,1125,724,1.55,31.53%,51.32%,-0.98709,2026-08-14
GLXY,21.66,2026-08-21,6,Call,24.50,-13.11%,0.01,0.2,0.24,1432,921,1.55,81.10%,78.47%,0.12131,2026-08-14
AMD,514.39,2026-08-21,6,Call,507.50,+1.34%,19.05,19.05,19.95,1493,965,1.55,57.46%,59.89%,0.587774,2026-08-14
NFLX,78.16,2026-09-18,34,Call,83.00,-6.19%,1.37,1.4,1.41,5340,3445,1.55,31.53%,32.27%,0.299516,2026-08-14
AAPL,305.93,2026-08-19,4,Put,305.00,-0.30%,2.17,2.32,2.36,760,493,1.54,22.68%,21.55%,-0.436714,2026-08-14
NFLX,78.16,2026-09-18,34,Put,100.00,+27.94%,20.45,21.82,21.95,853,553,1.54,31.53%,42.34%,-0.986932,2026-08-14
DIS,106.85,2026-08-21,6,Put,105.00,-1.73%,0.36,0.43,0.48,2245,1459,1.54,22.32%,20.53%,-0.247701,2026-08-14
BAC,64.49,2026-11-20,97,Put,62.50,-3.09%,1.96,2.04,2.08,2379,1546,1.54,18.93%,23.35%,-0.358999,2026-08-14
FIG,25.42,2026-09-18,34,Put,22.50,-11.49%,0.8,0.84,0.88,2414,1571,1.54,70.82%,68.44%,-0.241022,2026-08-14
SMCI,39.84,2026-08-21,6,Call,47.00,-17.97%,0.16,0.18,0.18,2992,1940,1.54,77.10%,89.72%,0.084701,2026-08-14
UEC,11.21,2026-08-21,6,Put,11.00,-1.87%,0.23,0.25,0.28,4887,3180,1.54,63.73%,62.09%,-0.388329,2026-08-14
AMAT,507.18,2026-08-21,6,Put,460.00,-9.30%,1.4,1.5,1.64,505,330,1.53,55.43%,57.54%,-0.085794,2026-08-14
CVI,35.26,2027-01-15,153,Call,37.50,-6.35%,3.9,4.6,5.1,505,331,1.53,53.21%,57.94%,0.518985,2026-08-14
QUBT,9.01,2026-11-20,97,Put,11.00,+22.09%,2.66,2.99,3.2,540,353,1.53,71.17%,90.16%,-0.574301,2026-08-14
LITE,926.14,2026-08-21,6,Call,950.00,-2.58%,26.2,28.9,31.8,617,403,1.53,82.76%,82.52%,0.427822,2026-08-14
BABA,123.81,2026-08-28,13,Call,135.00,-9.04%,1.6,1.62,1.75,1488,971,1.53,45.81%,57.23%,0.227551,2026-08-14
CMCSA,26.18,2026-09-18,34,Put,26.00,-0.69%,0.72,0.74,0.81,1890,1239,1.53,28.63%,26.49%,-0.453393,2026-08-14
QMCO,26.11,2026-08-21,6,Put,22.50,-13.83%,0.4,0.56,0.7,582,384,1.52,116.22%,146.46%,-0.186928,2026-08-14
MU,971.66,2026-08-21,6,Put,875.00,-9.95%,4.1,4.25,4.4,879,580,1.52,64.81%,67.19%,-0.102805,2026-08-14
QMCO,26.11,2026-08-21,6,Put,20.00,-23.40%,0.2,0.23,0.25,1829,1201,1.52,116.22%,162.65%,-0.082973,2026-08-14
CAT,856.57,2026-09-18,34,Call,920.00,-7.41%,15.8,17.5,19,2473,1630,1.52,37.77%,37.84%,0.295554,2026-08-14
CAT,856.57,2026-09-18,34,Call,"1,020.00",-19.08%,3.15,3.6,4.05,3327,2187,1.52,37.77%,38.77%,0.081735,2026-08-14
SPCX,140,2026-08-21,6,Put,120.00,-14.29%,0.26,0.27,0.29,20795,13707,1.52,64.22%,74.53%,-0.047776,2026-08-14
NVDA,225.16,2026-08-21,6,Put,217.50,-3.40%,1.02,1.05,1.06,7499,4968,1.51,37.99%,32.65%,-0.195155,2026-08-14
DKNG,26.14,2027-01-15,153,Put,17.50,-33.05%,0.49,0.5,0.76,521,345,1.51,47.89%,61.07%,-0.105888,2026-08-14
AVGO,392.99,2026-08-24,9,Put,415.00,+5.60%,23,23.64,25.45,530,351,1.51,48.55%,38.30%,-0.808695,2026-08-14
CLNE,1.83,2026-12-18,125,Put,1.5000,-18.03%,0.1,0.13,0.15,605,400,1.51,58.84%,68.74%,-0.234899,2026-08-14
CAT,856.57,2026-08-21,6,Call,880.00,-2.74%,6.6,7.6,8.6,634,420,1.51,37.77%,37.47%,0.298798,2026-08-14
PM,190.39,2026-08-21,6,Put,190.00,-0.20%,1.95,2.25,2.35,728,482,1.51,25.44%,24.14%,-0.46622,2026-08-14
MU,971.66,2026-08-21,6,Put,960.00,-1.20%,25.5,25.85,26.75,731,483,1.51,64.81%,64.48%,-0.423379,2026-08-14
BE,229.94,2026-08-21,6,Put,215.00,-6.50%,4.55,4.75,5.15,883,583,1.51,93.42%,94.51%,-0.267835,2026-08-14
GTLB,42.62,2028-01-21,524,Call,40.00,+6.15%,13,15.5,17.5,1353,898,1.51,75.04%,67.81%,0.710924,2026-08-14
MSTR,93.04,2026-08-28,13,Call,100.00,-7.48%,2.07,2.15,2.29,1729,1143,1.51,66.03%,66.85%,0.309036,2026-08-14
ECHO,91.89,2026-08-21,6,Put,110.00,+19.71%,16.3,18.3,20.2,1900,1261,1.51,47.73%,81.20%,-0.954916,2026-08-14
AMC,2.5,2026-09-04,20,Call,3.00,-20.00%,0.06,0.1,0.09,2447,1621,1.51,82.55%,97.75%,0.246202,2026-08-14
MARA,9.2,2026-09-18,34,Call,9.00,+2.17%,0.97,0.98,1.01,3720,2471,1.51,79.19%,78.81%,0.589408,2026-08-14
CVX,200,2026-12-18,125,Put,200.00,0.00%,11.9,11.95,13.05,516,345,1.5,25.52%,27.24%,-0.461925,2026-08-14
VZ,48.48,2026-12-18,125,Put,48.00,-0.99%,2.26,2.46,2.74,516,343,1.5,21.65%,23.37%,-0.453048,2026-08-14
BABA,123.81,2026-08-28,13,Put,122.00,-1.46%,3.9,4.07,4.8,615,409,1.5,45.81%,56.40%,-0.423242,2026-08-14
APO,140.76,2026-11-20,97,Call,160.00,-13.67%,3.4,3.85,4.1,790,527,1.5,33.00%,34.02%,0.270269,2026-08-14
BABA,123.81,2026-08-21,6,Put,122.00,-1.46%,3.2,3.38,3.5,866,577,1.5,45.81%,66.79%,-0.414551,2026-08-14
ZS,183.6,2026-08-21,6,Put,165.00,-10.13%,0.19,0.31,0.67,948,634,1.5,71.03%,57.99%,-0.069261,2026-08-14
SPCX,140,2027-06-17,306,Call,175.00,-25.00%,22.7,23.3,24.45,1003,668,1.5,64.22%,65.51%,0.493437,2026-08-14
TGT,154.48,2026-08-21,6,Call,170.00,-10.05%,0.86,0.92,0.98,1029,685,1.5,40.51%,66.78%,0.141331,2026-08-14
QCOM,165.79,2027-06-17,306,Call,240.00,-44.76%,11.45,11.65,12.85,1080,722,1.5,43.09%,52.21%,0.301841,2026-08-14
CRGY,12.2,2026-10-16,62,Put,10.00,-18.03%,0.2,0.23,0.3,1400,934,1.5,42.77%,54.17%,-0.157429,2026-08-14
BULL,8.04,2027-01-15,153,Put,25.00,+210.95%,15.5,17.08,19.05,2582,1721,1.5,70.50%,134.50%,-0.826641,2026-08-14
NVDA,225.16,2028-12-15,853,Call,420.00,-86.53%,19.3,20.48,21.5,5467,3636,1.5,37.99%,41.89%,0.29985,2026-08-14
TTD,14.14,2026-08-21,6,Call,14.50,-2.55%,0.23,0.23,0.24,7149,4751,1.5,52.73%,52.66%,0.370755,2026-08-14
AAPL,305.93,2026-08-19,4,Call,302.50,+1.12%,4.55,4.9,5.6,948,636,1.49,22.68%,23.44%,0.686656,2026-08-14
BULL,8.04,2026-09-04,20,Call,8.00,+0.50%,0.5,0.48,0.63,1278,860,1.49,70.50%,71.80%,0.549956,2026-08-14
AVGO,392.99,2026-08-28,13,Call,430.00,-9.42%,2.2,2.32,2.48,1431,959,1.49,48.55%,43.21%,0.146817,2026-08-14
GOOGL,345.9,2026-10-16,62,Call,425.00,-22.87%,1.23,1.4,1.48,1534,1031,1.49,27.71%,31.67%,0.071102,2026-08-14
SNAP,5.41,2026-08-28,13,Put,5.00,-7.58%,0.05,0.1,0.06,1581,1062,1.49,52.92%,50.32%,-0.18684,2026-08-14
TSLA,342.27,2026-08-21,6,Put,322.50,-5.78%,0.94,0.97,0.97,1832,1228,1.49,39.20%,39.30%,-0.111837,2026-08-14
MU,971.66,2026-08-19,4,Call,"1,000.00",-2.92%,13.8,14.25,14.5,2186,1468,1.49,64.81%,62.57%,0.344471,2026-08-14
SPCX,140,2026-08-21,6,Call,141.00,-0.71%,4.25,4.4,4.45,4174,2798,1.49,64.22%,66.75%,0.486673,2026-08-14
PLTR,174.04,2026-08-21,6,Call,177.50,-1.99%,2.54,2.58,2.59,5079,3414,1.49,44.36%,44.75%,0.380546,2026-08-14
ASTS,70.98,2026-08-21,6,Put,67.00,-5.61%,1.29,1.37,1.41,578,390,1.48,78.77%,83.14%,-0.274377,2026-08-14
CRWV,105.26,2026-08-28,13,Put,90.00,-14.50%,1.04,1.14,1.22,669,451,1.48,76.89%,80.24%,-0.131831,2026-08-14
RCAT,11.13,2026-09-18,34,Call,12.00,-7.82%,0.86,1.04,1.1,996,673,1.48,94.16%,96.73%,0.461901,2026-08-14
IREN,44.06,2026-08-28,13,Call,47.00,-6.67%,2.34,2.51,2.6,1832,1239,1.48,97.88%,109.25%,0.419174,2026-08-14
BULL,8.04,2026-08-28,13,Call,8.00,+0.50%,0.44,0.49,0.51,2107,1424,1.48,70.50%,74.54%,0.545772,2026-08-14
AVGO,392.99,2026-10-16,62,Call,540.00,-37.41%,2.12,2.52,2.72,2234,1507,1.48,48.55%,48.98%,0.073762,2026-08-14
FLEX,126.16,2026-09-18,34,Put,100.00,-20.74%,0.8,1.25,1.7,2721,1842,1.48,68.27%,64.60%,-0.097981,2026-08-14
SM,33.75,2026-09-18,34,Put,32.50,-3.70%,1.3,1.4,1.4,514,349,1.47,48.90%,47.82%,-0.367109,2026-08-14
CRCL,71.6,2026-08-21,6,Call,79.00,-10.34%,0.76,0.85,0.91,590,402,1.47,76.73%,85.32%,0.200728,2026-08-14
ONDS,9.24,2027-03-19,216,Call,20.00,-116.45%,0.79,0.85,0.96,1217,829,1.47,82.55%,100.42%,0.279975,2026-08-14
HOOD,95.56,2026-08-21,6,Call,108.00,-13.02%,0.27,0.29,0.33,1523,1037,1.47,57.43%,66.60%,0.083249,2026-08-14
CSCO,111.68,2026-08-21,6,Put,112.00,+0.29%,1.82,1.98,2.07,1532,1039,1.47,29.83%,31.46%,-0.517417,2026-08-14
CMCSA,26.18,2026-09-04,20,Call,27.00,-3.13%,0.29,0.37,0.41,2677,1825,1.47,28.63%,27.79%,0.325273,2026-08-14
AVGO,392.99,2026-09-18,34,Put,400.00,+1.78%,26,26.52,26.8,6209,4218,1.47,48.55%,48.31%,-0.512751,2026-08-14
RCAT,11.13,2026-11-20,97,Call,20.00,-79.69%,0.57,0.66,0.82,526,360,1.46,94.16%,111.78%,0.238432,2026-08-14
SNDK,1641.11,2026-08-21,6,Put,"1,300.00",-20.79%,2,2.25,2.25,2258,1547,1.46,84.72%,97.01%,-0.026193,2026-08-14
PBR,17.88,2028-01-21,524,Put,22.00,+23.04%,3.5,5.98,8.5,673,464,1.45,30.72%,42.80%,-0.547845,2026-08-14
HIMS,28.15,2026-08-28,13,Call,31.00,-10.12%,0.45,0.55,0.59,718,494,1.45,65.82%,68.96%,0.252672,2026-08-14
PAAS,47.42,2026-09-18,34,Call,50.00,-5.44%,1.7,1.8,1.9,1170,808,1.45,47.52%,48.55%,0.393151,2026-08-14
ONDS,9.24,2026-10-16,62,Put,9.00,-2.60%,1.06,1.17,1.21,1511,1045,1.45,82.55%,85.66%,-0.395587,2026-08-14
UBER,75.95,2026-08-21,6,Put,74.00,-2.57%,0.51,0.54,0.56,1558,1077,1.45,32.16%,33.75%,-0.26277,2026-08-14
POET,9.58,2026-08-21,6,Call,9.50,+0.84%,0.52,0.5,0.55,2293,1584,1.45,95.21%,100.72%,0.553352,2026-08-14
HOOD,95.56,2026-10-16,62,Call,105.00,-9.88%,5.9,5.95,6,3036,2100,1.45,57.43%,59.31%,0.40614,2026-08-14
SPCX,140,2026-08-21,6,Put,136.00,-2.86%,2.96,2.95,2.98,3159,2178,1.45,64.22%,67.06%,-0.349703,2026-08-14
AMTX,1.77,2028-01-21,524,Call,5.0000,-182.49%,0,0.6,0.65,3313,2277,1.45,128.46%,95.41%,0.387442,2026-08-14
PINS,24.06,2026-09-18,34,Put,23.00,-4.41%,0.64,0.7,0.76,3401,2348,1.45,41.51%,41.29%,-0.328738,2026-08-14
SPCX,140,2026-09-18,34,Call,110.00,+21.43%,30.45,31.54,33.15,3928,2714,1.45,64.22%,66.91%,0.903221,2026-08-14
AVGO,392.99,2026-08-28,13,Put,365.00,-7.12%,2.7,2.81,2.87,778,540,1.44,48.55%,42.06%,-0.162871,2026-08-14
RGTI,18.82,2026-08-28,13,Call,19.00,-0.96%,0.93,1.11,1.11,848,589,1.44,83.08%,77.10%,0.506466,2026-08-14
MU,971.66,2026-08-17,2,Put,935.00,-3.77%,3.2,3.22,3.35,953,662,1.44,64.81%,53.40%,-0.159305,2026-08-14
AMZN,262.65,2027-02-19,188,Put,230.00,-12.43%,10.2,10.36,10.75,1007,700,1.44,27.56%,35.36%,-0.237189,2026-08-14
MSFT,495.4,2026-08-17,2,Put,495.00,-0.08%,2.4,2.6,2.79,2611,1814,1.44,24.92%,19.31%,-0.47101,2026-08-14
MU,971.66,2026-12-18,125,Put,490.00,-49.57%,7.15,7.3,7.6,505,352,1.43,64.81%,75.65%,-0.036343,2026-08-14
CDE,18.81,2026-08-28,13,Call,21.00,-11.64%,0.15,0.22,0.3,515,360,1.43,61.35%,62.52%,0.193512,2026-08-14
AVGO,392.99,2026-09-04,20,Call,470.00,-19.60%,2,2.24,2.35,605,423,1.43,48.55%,55.31%,0.095904,2026-08-14
JPM,362.84,2026-09-18,34,Call,405.00,-11.62%,0.04,0.21,0.45,684,480,1.43,19.03%,18.68%,0.031017,2026-08-14
TSLA,342.27,2026-09-25,41,Call,400.00,-16.87%,3.95,4.05,4.05,793,556,1.43,39.20%,43.00%,0.163372,2026-08-14
ZM,105.96,2027-01-15,153,Call,165.00,-55.72%,1.5,1.8,2,1095,766,1.43,52.09%,49.33%,0.11969,2026-08-14
CDE,18.81,2026-09-11,27,Call,20.00,-6.33%,0.7,0.75,0.85,1114,779,1.43,61.35%,60.26%,0.390398,2026-08-14
CBRS,218.98,2026-10-16,62,Put,160.00,-26.93%,5.7,7.4,8,1406,986,1.43,95.98%,87.42%,-0.14307,2026-08-14
TTD,14.14,2026-09-11,27,Put,12.00,-15.13%,0.1,0.12,0.13,1681,1173,1.43,52.73%,53.00%,-0.109838,2026-08-14
TSLA,342.27,2028-01-21,524,Put,290.00,-15.27%,41.6,41.75,42.4,2006,1407,1.43,39.20%,48.31%,-0.259134,2026-08-14
CRWV,105.26,2027-01-15,153,Call,145.00,-37.75%,10.4,10.85,11,2036,1427,1.43,76.89%,79.86%,0.370763,2026-08-14
NAK,1.62,2026-09-04,20,Call,2.0000,-23.46%,0,0.1,0.1,534,376,1.42,115.96%,106.33%,0.237522,2026-08-14
SOFI,18.29,2026-08-21,6,Call,1.00,+94.53%,17.05,17.5,18.6,557,393,1.42,45.53%,0.00%,0,2026-08-14
NVO,45.89,2026-08-21,6,Call,44.00,+4.12%,1.54,1.79,2.14,712,501,1.42,30.92%,19.95%,0.959875,2026-08-14
TSLA,342.27,2026-08-28,13,Call,342.50,-0.07%,10.05,10.25,10.3,833,587,1.42,39.20%,39.09%,0.518069,2026-08-14
APP,315.44,2026-08-21,6,Put,295.00,-6.48%,1.65,2,2.05,903,635,1.42,55.34%,54.08%,-0.156566,2026-08-14
JD,29.06,2026-08-28,13,Put,27.00,-7.09%,0.02,0.1,0.11,913,642,1.42,28.93%,28.24%,-0.088716,2026-08-14
INTC,102.5,2027-06-17,306,Call,130.00,-26.83%,19.25,19.5,20.15,3102,2188,1.42,65.55%,73.88%,0.509971,2026-08-14
TSLA,342.27,2026-08-28,13,Call,340.00,+0.66%,11.3,11.55,11.55,3694,2593,1.42,39.20%,39.02%,0.55755,2026-08-14
NFLX,78.16,2026-08-21,6,Put,77.00,-1.48%,0.7,0.74,0.73,4247,2993,1.42,31.53%,30.83%,-0.340555,2026-08-14
PINS,24.06,2026-09-18,34,Call,25.00,-3.91%,0.8,0.82,0.85,4413,3102,1.42,41.51%,40.41%,0.412519,2026-08-14
TSLA,342.27,2026-09-18,34,Put,290.00,-15.27%,1.61,1.64,1.66,8622,6092,1.42,39.20%,41.17%,-0.079747,2026-08-14
NOK,10.76,2028-01-21,524,Call,27.00,-150.93%,1.12,1.16,1.28,10107,7156,1.41,66.97%,74.92%,0.293087,2026-08-14
MP,58.74,2026-08-28,13,Call,60.00,-2.15%,2.5,2.65,2.82,515,366,1.41,67.01%,72.07%,0.468694,2026-08-14
META,589.85,2026-11-20,97,Put,570.00,-3.37%,35.1,34.65,35.8,738,523,1.41,32.86%,39.36%,-0.379908,2026-08-14
W,101.63,2026-09-18,34,Call,110.00,-8.24%,3.45,3.8,4.2,929,661,1.41,55.08%,55.44%,0.358394,2026-08-14
NKE,40.73,2028-12-15,853,Put,40.00,-1.79%,8.3,8.6,8.7,1014,718,1.41,33.26%,39.51%,-0.348858,2026-08-14
NVDA,225.16,2026-08-24,9,Put,215.00,-4.51%,0.92,0.98,0.96,1187,842,1.41,37.99%,30.82%,-0.160327,2026-08-14
JPM,362.84,2026-08-21,6,Call,367.50,-1.28%,1.34,1.5,1.76,1207,857,1.41,19.03%,17.89%,0.297749,2026-08-14
SMR,9.39,2026-08-21,6,Put,9.50,+1.17%,0.44,0.45,0.48,1906,1353,1.41,79.78%,83.96%,-0.519951,2026-08-14
RDDT,178.09,2026-08-21,6,Call,205.00,-15.11%,0.36,0.52,0.59,630,449,1.4,58.66%,71.32%,0.068535,2026-08-14
NKE,40.73,2026-09-04,20,Call,41.00,-0.66%,1,1.05,1.1,646,463,1.4,33.26%,31.06%,0.476645,2026-08-14
TSLA,342.27,2026-09-04,20,Call,340.00,+0.66%,14,14.09,14.3,953,683,1.4,39.20%,39.68%,0.555478,2026-08-14
BSX,51.83,2026-08-21,6,Call,53.00,-2.26%,0.45,0.55,0.65,1092,781,1.4,36.48%,38.05%,0.33688,2026-08-14
TSLA,342.27,2026-09-18,34,Call,365.00,-6.64%,8.6,8.6,8.75,2455,1748,1.4,39.20%,40.37%,0.33279,2026-08-14
HIMS,28.15,2026-12-18,125,Call,30.00,-6.57%,4.35,4.5,4.7,2994,2136,1.4,65.82%,78.14%,0.547061,2026-08-14
NVDA,225.16,2026-08-28,13,Call,227.50,-1.04%,6.55,6.55,6.65,3246,2318,1.4,37.99%,44.62%,0.473132,2026-08-14
GLXY,21.66,2026-08-21,6,Call,22.00,-1.57%,0.74,0.77,0.84,3783,2707,1.4,81.10%,84.66%,0.466625,2026-08-14
NBIS,277.68,2026-08-21,6,Call,280.00,-0.84%,14.5,14.5,14.95,4537,3234,1.4,100.09%,110.76%,0.506623,2026-08-14
NBIS,277.68,2026-08-21,6,Call,270.00,+2.77%,19.35,19.53,20,6184,4421,1.4,100.09%,110.36%,0.607657,2026-08-14
AFRM,78.35,2026-11-20,97,Call,80.00,-2.11%,9.8,10.4,10.75,573,412,1.39,69.24%,66.30%,0.555607,2026-08-14
ASTS,70.98,2026-08-21,6,Put,64.00,-9.83%,0.53,0.63,0.72,935,671,1.39,78.77%,83.12%,-0.151556,2026-08-14
ZS,183.6,2026-08-21,6,Call,195.00,-6.21%,0.93,1.49,1.82,1023,738,1.39,71.03%,53.47%,0.201621,2026-08-14
MSFT,495.4,2028-01-21,524,Put,510.00,+2.95%,70.75,72.5,73.75,1508,1088,1.39,24.92%,31.92%,-0.427209,2026-08-14
DIS,106.85,2026-08-21,6,Call,108.00,-1.08%,0.69,0.8,0.91,2205,1585,1.39,22.32%,23.46%,0.368204,2026-08-14
TSLA,342.27,2026-08-28,13,Call,370.00,-8.10%,2.48,2.49,2.53,3767,2714,1.39,39.20%,42.02%,0.177111,2026-08-14
RKT,14.76,2028-01-21,524,Call,20.00,-35.50%,2.65,2.75,2.94,6008,4334,1.39,52.20%,58.15%,0.498342,2026-08-14
NBIS,277.68,2026-08-21,6,Call,300.00,-8.04%,7.8,7.84,7.95,10267,7408,1.39,100.09%,112.94%,0.323657,2026-08-14
TSLA,342.27,2026-08-21,6,Call,360.00,-5.18%,1.8,1.84,1.85,17798,12844,1.39,39.20%,42.16%,0.185043,2026-08-14
KEEL,3.51,2026-08-21,6,Call,3.50,+0.28%,0.18,0.19,0.22,7756,5634,1.38,104.23%,108.28%,0.53755,2026-08-14
AMD,514.39,2027-06-17,306,Call,470.00,+8.63%,141.2,138.16,143.6,501,363,1.38,57.46%,63.04%,0.692496,2026-08-14
CAT,856.57,2026-08-21,6,Put,850.00,-0.77%,11.8,12.4,13.3,651,472,1.38,37.77%,36.16%,-0.42154,2026-08-14
MU,971.66,2026-08-28,13,Put,900.00,-7.38%,17.4,17.7,19,718,521,1.38,64.81%,64.87%,-0.243159,2026-08-14
AMAT,507.18,2026-09-18,34,Put,470.00,-7.33%,16.1,16.79,17.35,722,525,1.38,55.43%,54.62%,-0.289122,2026-08-14
SMCI,39.84,2026-09-25,41,Call,55.00,-38.05%,0.71,0.89,0.95,788,572,1.38,77.10%,83.58%,0.159544,2026-08-14
STZ,139.18,2026-09-18,34,Call,140.00,-0.59%,4.1,4.02,4.7,995,723,1.38,27.06%,28.04%,0.491781,2026-08-14
TSLA,342.27,2026-09-11,27,Call,360.00,-5.18%,8.1,8.18,8.2,1008,730,1.38,39.20%,39.64%,0.348391,2026-08-14
ORCL,150.52,2026-08-21,6,Call,167.50,-11.28%,0.43,0.47,0.48,1373,995,1.38,69.09%,59.74%,0.088113,2026-08-14
MSTR,93.04,2026-08-28,13,Put,80.00,-14.02%,0.61,0.7,0.77,2624,1898,1.38,66.03%,69.59%,-0.110397,2026-08-14
TSLA,342.27,2026-08-17,2,Call,332.50,+2.85%,10.15,10.2,10.55,2938,2132,1.38,39.20%,33.91%,0.879833,2026-08-14
TER,418.79,2026-08-21,6,Put,340.00,-18.81%,0.15,0.5,0.9,542,396,1.37,71.53%,87.79%,-0.027895,2026-08-14
DIS,106.85,2026-10-16,62,Call,125.00,-16.99%,0.24,0.28,0.29,610,446,1.37,22.32%,23.66%,0.06103,2026-08-14
QBTS,21.17,2026-08-21,6,Call,21.50,-1.56%,0.66,0.71,0.78,767,559,1.37,77.39%,79.73%,0.462401,2026-08-14
TSLA,342.27,2026-09-25,41,Call,350.00,-2.26%,15.45,15.6,15.7,807,589,1.37,39.20%,40.19%,0.473066,2026-08-14
NBIS,277.68,2026-08-28,13,Call,330.00,-18.84%,5.95,6.51,6.75,996,726,1.37,100.09%,104.67%,0.221032,2026-08-14
TSLA,342.27,2026-08-28,13,Put,350.00,+2.26%,14.15,14.34,14.55,1321,966,1.37,39.20%,39.41%,-0.599289,2026-08-14
SPCX,140,2026-08-28,13,Call,145.00,-3.57%,4.9,4.95,5,2039,1483,1.37,64.22%,66.26%,0.417683,2026-08-14
AMZN,262.65,2026-08-28,13,Call,275.00,-4.70%,1.47,1.54,1.66,7887,5746,1.37,27.56%,27.93%,0.205877,2026-08-14
TSLA,342.27,2026-08-21,6,Put,330.00,-3.58%,2.14,2.2,2.2,9723,7094,1.37,39.20%,38.48%,-0.21903,2026-08-14
NFLX,78.16,2026-08-21,6,Call,79.00,-1.07%,0.9,0.92,0.93,11144,8181,1.36,31.53%,31.67%,0.409698,2026-08-14
MSTR,93.04,2026-08-21,6,Put,145.00,+55.85%,51.65,53.3,52.25,559,412,1.36,66.03%,249.94%,-0.889837,2026-08-14
RKLB,80.25,2026-08-21,6,Put,78.00,-2.80%,2.05,2.1,2.24,724,532,1.36,76.38%,78.13%,-0.367273,2026-08-14
AMZN,262.65,2026-08-28,13,Call,272.50,-3.75%,1.96,1.99,2.12,735,539,1.36,27.56%,27.53%,0.255345,2026-08-14
TSLA,342.27,2026-08-21,6,Put,327.50,-4.32%,1.64,1.69,1.68,2146,1580,1.36,39.20%,38.63%,-0.177172,2026-08-14
TSLA,342.27,2026-08-28,13,Put,345.00,+0.80%,11.15,11.25,11.45,509,377,1.35,39.20%,39.01%,-0.523075,2026-08-14
APLD,31.2,2026-08-21,6,Put,28.50,-8.65%,0.39,0.39,0.41,610,453,1.35,87.35%,88.10%,-0.194169,2026-08-14
UNH,401.73,2026-08-21,6,Put,387.50,-3.54%,0.86,0.89,1.01,844,623,1.35,26.95%,26.10%,-0.135506,2026-08-14
AMKR,58.99,2027-01-15,153,Call,80.00,-35.62%,5.1,5.67,6.7,1024,760,1.35,71.69%,77.82%,0.371514,2026-08-14
SPCX,140,2026-08-21,6,Put,141.00,+0.71%,5.35,5.34,5.5,1198,887,1.35,64.22%,68.90%,-0.512419,2026-08-14
NBIS,277.68,2026-09-18,34,Call,370.00,-33.25%,9.1,9.46,10.15,1320,978,1.35,100.09%,101.57%,0.223676,2026-08-14
AMAT,507.18,2026-08-21,6,Call,550.00,-8.44%,2.82,3,3.5,1345,994,1.35,55.43%,60.43%,0.1585,2026-08-14
MU,971.66,2026-08-21,6,Call,970.00,+0.17%,33.2,33.8,34.45,1572,1168,1.35,64.81%,65.89%,0.527669,2026-08-14
INTC,102.5,2026-08-19,4,Call,108.00,-5.37%,0.84,0.82,0.9,3038,2256,1.35,65.55%,63.54%,0.227392,2026-08-14
INO,1.09,2026-11-20,97,Call,2.0000,-83.49%,0.1,0.15,0.25,523,389,1.34,178.46%,167.67%,0.398097,2026-08-14
AVGO,392.99,2026-09-04,20,Put,360.00,-8.39%,6.3,6.73,6.8,710,528,1.34,48.55%,53.39%,-0.218907,2026-08-14
TSLA,342.27,2026-08-24,9,Call,345.00,-0.80%,6.65,6.75,6.75,811,606,1.34,39.20%,36.50%,0.462404,2026-08-14
MRVL,222.02,2026-08-21,6,Put,212.50,-4.29%,3.8,4,4.05,830,621,1.34,79.43%,70.38%,-0.295818,2026-08-14
INTC,102.5,2026-08-21,6,Call,116.00,-13.17%,0.39,0.4,0.41,842,628,1.34,65.55%,70.89%,0.095033,2026-08-14
MSFT,495.4,2026-08-21,6,Put,492.50,-0.59%,5,5.19,5.35,891,667,1.34,24.92%,26.19%,-0.419391,2026-08-14
XYZ,82.88,2027-01-15,153,Call,82.50,+0.46%,9.1,9.7,11.5,963,717,1.34,35.24%,44.64%,0.585607,2026-08-14
SPCE,3.32,2026-08-21,6,Put,3.50,+5.42%,0.26,0.28,0.32,1075,804,1.34,90.42%,107.69%,-0.621867,2026-08-14
GOOG,343.54,2026-08-21,6,Call,357.50,-4.06%,0.71,0.77,0.9,1109,828,1.34,27.18%,27.30%,0.134605,2026-08-14
MSTR,93.04,2026-08-21,6,Call,90.00,+3.27%,4.65,4.7,5.05,1188,885,1.34,66.03%,65.36%,0.672025,2026-08-14
CBRS,218.98,2026-08-21,6,Put,200.00,-8.67%,2.85,3.1,3.3,2287,1703,1.34,95.98%,91.61%,-0.201793,2026-08-14
PBF,71.85,2026-09-18,34,Call,80.00,-11.34%,3.2,3.3,3.5,3788,2834,1.34,68.42%,71.60%,0.354024,2026-08-14
MRK,135.84,2027-06-17,306,Call,120.00,+11.66%,22.85,23.6,24.95,533,400,1.33,26.15%,30.37%,0.721559,2026-08-14
CSCO,111.68,2026-11-20,97,Call,110.00,+1.50%,9.1,9.32,9.6,610,458,1.33,29.83%,35.91%,0.58019,2026-08-14
COIN,148.47,2026-08-21,6,Put,144.00,-3.01%,2.31,2.5,2.58,613,462,1.33,61.96%,58.13%,-0.324777,2026-08-14
QXO,14.51,2026-09-18,34,Call,14.00,+3.51%,1.3,1.48,1.85,708,534,1.33,61.76%,73.84%,0.612872,2026-08-14
INTC,102.5,2027-02-19,188,Put,90.00,-12.20%,12.5,12.67,13,907,680,1.33,65.55%,70.00%,-0.294911,2026-08-14
SPCX,140,2026-08-28,13,Call,150.00,-7.14%,3.4,3.49,3.5,7452,5591,1.33,64.22%,67.30%,0.319302,2026-08-14
SOUN,7.43,2026-09-25,41,Call,7.50,-0.94%,0.53,0.67,0.68,751,569,1.32,71.07%,62.79%,0.532061,2026-08-14
MU,971.66,2026-08-17,2,Put,925.00,-4.80%,1.93,1.96,2.06,969,732,1.32,64.81%,54.15%,-0.105238,2026-08-14
AEP,125.6,2026-09-18,34,Put,120.00,-4.46%,0.7,0.9,1,1062,802,1.32,18.97%,18.93%,-0.203132,2026-08-14
QRHC,1.6,2026-11-20,97,Call,2.5000,-56.25%,0,0.13,0.2,1454,1099,1.32,223.20%,95.82%,0.262428,2026-08-14
MRVL,222.02,2026-10-16,62,Call,270.00,-21.61%,12.35,13.55,14.65,1597,1206,1.32,79.43%,78.41%,0.335334,2026-08-14
SPCX,140,2026-08-21,6,Put,128.00,-8.57%,0.89,0.9,0.93,2014,1530,1.32,64.22%,68.00%,-0.140575,2026-08-14
AVGO,392.99,2026-08-21,6,Put,390.00,-0.76%,6,6.75,7.2,2288,1735,1.32,48.55%,40.38%,-0.428068,2026-08-14
CIFR,17.85,2026-12-18,125,Call,30.00,-68.07%,1.55,1.59,1.72,5794,4375,1.32,100.58%,106.36%,0.308031,2026-08-14
SKHY,166.33,2026-08-21,6,Call,182.50,-9.72%,1.7,1.85,1.95,503,385,1.31,75.28%,80.47%,0.199898,2026-08-14
ASST,12.31,2026-10-16,62,Call,12.00,+2.52%,1.81,1.85,2.06,637,486,1.31,86.48%,87.44%,0.606259,2026-08-14
F,14.37,2026-08-21,6,Call,13.50,+6.05%,0.83,0.92,0.96,1399,1071,1.31,31.48%,36.00%,0.915417,2026-08-14
YSS,10.93,2026-08-21,6,Put,10.00,-8.51%,0.2,0.28,0.45,1514,1157,1.31,116.00%,130.08%,-0.267702,2026-08-14
TSLA,342.27,2026-08-28,13,Call,360.00,-5.18%,4.2,4.3,4.3,3407,2593,1.31,39.20%,40.70%,0.273471,2026-08-14
WEN,8.64,2026-09-18,34,Call,11.00,-27.31%,0,0.1,0.15,558,428,1.3,54.64%,59.88%,0.106562,2026-08-14
GOOGL,345.9,2026-08-17,2,Call,357.50,-3.35%,0.11,0.14,0.14,605,464,1.3,27.71%,26.10%,0.0457,2026-08-14
SPCX,140,2026-11-20,97,Call,195.00,-39.29%,5.9,5.93,6.15,751,578,1.3,64.22%,70.07%,0.23933,2026-08-14
LULU,119.55,2026-08-28,13,Call,130.00,-8.74%,0.7,0.87,1,1050,805,1.3,55.24%,43.61%,0.168183,2026-08-14
ON,82.66,2026-09-04,20,Call,87.00,-5.25%,2.32,2.5,2.79,1092,841,1.3,55.25%,54.67%,0.374342,2026-08-14
PATH,16.01,2026-08-21,6,Call,16.50,-3.06%,0.34,0.35,0.39,1322,1018,1.3,79.02%,69.01%,0.385994,2026-08-14
NVDA,225.16,2026-08-19,4,Call,222.50,+1.18%,4.3,4.3,4.55,1369,1052,1.3,37.99%,30.49%,0.65512,2026-08-14
INTC,102.5,2026-08-17,2,Put,105.00,+2.44%,3,3.09,3.3,3159,2422,1.3,65.55%,52.63%,-0.724565,2026-08-14
CMG,33.5,2026-12-18,125,Put,32.40,-3.28%,2.1,2.21,2.47,533,413,1.29,34.98%,38.78%,-0.380755,2026-08-14
AUR,6.99,2026-08-21,6,Put,7.00,+0.14%,0.2,0.2,0.3,558,431,1.29,57.59%,69.03%,-0.486651,2026-08-14
STM,54.29,2026-09-18,34,Call,55.00,-1.31%,3.2,3.35,3.5,678,527,1.29,53.78%,54.55%,0.508835,2026-08-14
BRK.B,504.03,2026-08-21,6,Put,505.00,+0.19%,3.6,3.9,4.3,689,533,1.29,13.55%,13.89%,-0.529757,2026-08-14
TMUS,182.61,2026-12-18,125,Call,210.00,-15.00%,4.5,5.1,5,886,687,1.29,26.26%,31.19%,0.257896,2026-08-14
NVDA,225.16,2026-08-19,4,Call,220.00,+2.29%,6.05,6.1,6.4,1216,943,1.29,37.99%,31.00%,0.770758,2026-08-14
EROC,16.72,2026-09-18,34,Call,20.00,-19.62%,0.65,0.75,0.75,1217,945,1.29,86.82%,85.01%,0.292024,2026-08-14
NOW,124,2026-08-21,6,Call,132.00,-6.45%,0.84,0.93,0.93,592,463,1.28,50.37%,53.70%,0.193492,2026-08-14
CSCO,111.68,2026-08-28,13,Call,112.00,-0.29%,2.36,2.42,2.59,745,581,1.28,29.83%,30.80%,0.496913,2026-08-14
NVDA,225.16,2026-12-18,125,Put,221.00,-1.85%,16.95,17.12,17.25,920,716,1.28,37.99%,38.94%,-0.407562,2026-08-14
RDDT,178.09,2026-08-21,6,Call,230.00,-29.15%,0,0.15,0.15,971,756,1.28,58.66%,85.52%,0.011535,2026-08-14
TSLA,342.27,2026-09-04,20,Put,325.00,-5.05%,5.15,5.22,5.3,1014,791,1.28,39.20%,38.95%,-0.263541,2026-08-14
PATH,16.01,2026-08-21,6,Put,15.00,-6.31%,0.13,0.16,0.19,1907,1488,1.28,79.02%,65.29%,-0.204198,2026-08-14
DKNG,26.14,2026-11-20,97,Call,32.50,-24.33%,0.9,0.91,1.05,2710,2115,1.28,47.89%,52.06%,0.261315,2026-08-14
NOK,10.76,2026-08-21,6,Put,10.50,-2.42%,0.21,0.23,0.26,5089,3987,1.28,66.97%,64.64%,-0.366592,2026-08-14
CIFR,17.85,2026-08-21,6,Call,17.50,+1.96%,1.13,1.19,1.2,12000,9355,1.28,100.58%,107.55%,0.586649,2026-08-14
DDOG,255.46,2026-09-18,34,Put,230.00,-9.97%,5.55,6.15,6.35,567,447,1.27,53.38%,53.26%,-0.22792,2026-08-14
ORCL,150.52,2026-08-21,6,Put,143.00,-5.00%,1.45,1.54,1.62,608,480,1.27,69.09%,57.34%,-0.230039,2026-08-14
USAR,20,2028-01-21,524,Call,5.00,+75.00%,15.25,15.44,16.5,756,594,1.27,87.12%,101.04%,0.963965,2026-08-14
JPM,362.84,2026-08-21,6,Call,372.50,-2.66%,0.5,0.56,0.76,837,658,1.27,19.03%,18.74%,0.142676,2026-08-14
NVDA,225.16,2026-08-28,13,Call,237.50,-5.48%,3.1,3.1,3.2,1116,877,1.27,37.99%,44.45%,0.280691,2026-08-14
AVGO,392.99,2026-08-21,6,Put,375.00,-4.58%,1.9,2.1,2.2,2218,1749,1.27,48.55%,41.18%,-0.178188,2026-08-14
COIN,148.47,2026-08-21,6,Put,145.00,-2.34%,2.81,2.93,3,2453,1924,1.27,61.96%,59.40%,-0.361183,2026-08-14
BMNR,18.08,2026-08-21,6,Put,17.50,-3.21%,0.38,0.38,0.4,3600,2842,1.27,70.11%,70.59%,-0.340579,2026-08-14
TSLA,342.27,2026-09-04,20,Put,335.00,-2.12%,8.65,8.84,8.8,541,430,1.26,39.20%,38.81%,-0.3822,2026-08-14
CVNA,75.59,2026-08-21,6,Put,75.00,-0.78%,1.69,1.85,1.82,546,435,1.26,52.39%,53.37%,-0.438064,2026-08-14
NVDA,225.16,2026-08-24,9,Call,237.50,-5.48%,0.74,0.76,0.77,702,557,1.26,37.99%,30.40%,0.140598,2026-08-14
HOOD,95.56,2026-08-21,6,Put,92.00,-3.73%,1.3,1.3,1.33,874,692,1.26,57.43%,57.40%,-0.287788,2026-08-14
PLTR,174.04,2026-08-21,6,Call,192.50,-10.61%,0.26,0.28,0.28,1107,878,1.26,44.36%,48.99%,0.058893,2026-08-14
CIFR,17.85,2026-08-21,6,Put,16.50,-7.56%,0.23,0.4,0.47,1624,1288,1.26,100.58%,98.77%,-0.24485,2026-08-14
BZAI,0.5931,2028-01-21,524,Call,3.0000,-405.82%,0.1,0.15,0.2,1761,1398,1.26,140.22%,134.27%,0.433646,2026-08-14
SNDK,1641.11,2026-08-21,6,Put,"1,400.00",-14.69%,6.8,7,7.3,2020,1597,1.26,84.72%,91.27%,-0.077638,2026-08-14
POET,9.58,2026-09-18,34,Call,10.00,-4.38%,0.88,0.95,1.05,2821,2244,1.26,95.21%,96.80%,0.505645,2026-08-14
TSLA,342.27,2026-08-19,4,Call,340.00,+0.66%,6.6,6.74,6.8,4955,3936,1.26,39.20%,38.00%,0.578158,2026-08-14
PLTR,174.04,2026-08-21,6,Put,170.00,-2.32%,2.29,2.29,2.4,8866,7100,1.25,44.36%,46.42%,-0.3325,2026-08-14
HOOD,95.56,2026-12-18,125,Put,100.00,+4.65%,15.4,15.75,16.1,9523,7625,1.25,57.43%,62.08%,-0.468309,2026-08-14
NBIS,277.68,2026-08-21,6,Put,205.00,-26.17%,0.43,0.48,0.53,515,411,1.25,100.09%,127.62%,-0.026205,2026-08-14
BE,229.94,2026-08-21,6,Call,255.00,-10.90%,3.1,3.58,3.75,575,460,1.25,93.42%,96.76%,0.22151,2026-08-14
CRM,196.21,2026-12-18,125,Put,195.00,-0.62%,17.95,18.85,19.5,614,492,1.25,47.32%,44.51%,-0.426979,2026-08-14
ASST,12.31,2026-08-21,6,Put,11.50,-6.58%,0.15,0.22,0.24,640,514,1.25,86.48%,82.59%,-0.240514,2026-08-14
U,46.25,2026-08-28,13,Call,47.00,-1.62%,1.43,1.59,1.65,961,768,1.25,54.69%,53.17%,0.461254,2026-08-14
BMNR,18.08,2026-08-28,13,Put,17.00,-5.97%,0.44,0.47,0.5,970,773,1.25,70.11%,69.51%,-0.293489,2026-08-14
QBTS,21.17,2026-08-21,6,Put,21.00,-0.80%,0.73,0.77,0.8,1194,953,1.25,77.39%,79.10%,-0.446299,2026-08-14
NVDA,225.16,2026-08-24,9,Call,227.50,-1.04%,3.15,3.14,3.25,2229,1778,1.25,37.99%,29.59%,0.427575,2026-08-14
INFQ,12.86,2026-10-16,62,Call,17.50,-36.08%,0.8,0.82,0.9,3382,2715,1.25,94.71%,101.44%,0.304003,2026-08-14
WFC,88.82,2026-11-20,97,Put,87.50,-1.49%,3.75,3.95,4,834,671,1.24,21.87%,25.93%,-0.416484,2026-08-14
TSLA,342.27,2026-09-04,20,Call,345.00,-0.80%,11.6,11.71,11.85,1130,913,1.24,39.20%,39.70%,0.492963,2026-08-14
GFS,54.58,2027-01-15,153,Call,55.00,-0.77%,9.3,9.5,9.6,1193,959,1.24,60.87%,67.03%,0.588036,2026-08-14
SNDK,1641.11,2026-09-18,34,Call,"1,600.00",+2.51%,189.1,191,192.1,1389,1118,1.24,84.72%,84.64%,0.59513,2026-08-14
SNOW,328.92,2026-09-18,34,Put,200.00,-39.19%,0.28,0.39,0.41,1438,1157,1.24,66.51%,76.65%,-0.012001,2026-08-14
NVDA,225.16,2026-08-19,4,Put,210.00,-6.73%,0.15,0.16,0.17,1550,1246,1.24,37.99%,39.17%,-0.041965,2026-08-14
AAOI,150.28,2026-08-21,6,Put,130.00,-13.49%,1.6,1.8,2,2082,1684,1.24,112.71%,115.98%,-0.146184,2026-08-14
NEM,117.76,2027-06-17,306,Put,100.00,-15.08%,8.15,8.9,9.15,4360,3503,1.24,41.57%,43.21%,-0.252625,2026-08-14
"Downloaded from Barchart.com as of 08-17-2026 01:00am CDT"
