Symbol,Price~,"Exp Date",DTE,Type,Strike,Moneyness,Bid,Latest,Ask,Volume,"Open Int",Vol/OI,"Imp Vol",IV,Delta,Time
AMZN,262.07,2026-08-26,2,Call,252.50,+3.65%,9.65,9.5,10.35,13800,134,102.99,29.69%,40.14%,0.89859,2026-08-24
RKT,14.09,2026-09-04,11,Call,14.00,+0.64%,0.59,0.63,0.64,21365,226,94.54,55.03%,57.71%,0.549732,2026-08-24
AMZN,262.07,2026-08-26,2,Call,250.00,+4.61%,12.05,12.39,12.8,8182,112,73.05,29.69%,45.26%,0.923676,2026-08-24
AMZN,262.07,2026-08-28,4,Put,272.50,+3.98%,10.45,11,11.1,7792,107,72.82,29.69%,29.65%,-0.893936,2026-08-24
XEL,77.33,2027-01-15,144,Put,70.00,-9.48%,1.85,2,2.75,10047,140,71.76,22.97%,28.57%,-0.252123,2026-08-24
XEL,77.33,2027-01-15,144,Put,75.00,-3.01%,3.3,3.6,3.7,10007,152,65.84,22.97%,24.67%,-0.381998,2026-08-24
INTC,87.26,2026-10-02,39,Put,65.00,-25.51%,0.42,0.51,0.61,11997,189,63.48,60.36%,63.10%,-0.06103,2026-08-24
INTC,87.26,2026-09-25,32,Call,103.00,-18.04%,1.83,1.88,2.02,14144,235,60.19,60.36%,63.94%,0.221482,2026-08-24
CART,51.78,2026-11-20,88,Call,60.00,-15.87%,0.9,1.65,2.1,8014,136,58.93,32.88%,39.52%,0.268829,2026-08-24
AAPL,310.34,2026-08-26,2,Put,312.50,+0.70%,3.35,3.43,3.55,6865,120,57.21,24.72%,24.33%,-0.644062,2026-08-24
TSLA,348.95,2026-08-26,2,Put,352.50,+1.02%,6.35,6.35,6.75,21121,409,51.64,40.84%,44.38%,-0.613032,2026-08-24
TSLA,348.95,2026-08-26,2,Call,352.50,-1.02%,3.05,3.1,3.15,18859,368,51.25,40.84%,44.75%,0.388558,2026-08-24
OMDA,24.08,2026-09-18,25,Call,30.00,-24.58%,0.2,0.25,0.25,5438,121,44.94,66.23%,65.60%,0.11898,2026-08-24
GDDY,100.52,2027-02-19,179,Call,90.00,+10.47%,18.8,19.35,20.7,5143,119,43.22,43.80%,48.56%,0.709082,2026-08-24
INTC,87.26,2026-08-28,4,Call,87.00,+0.30%,2.6,2.62,2.69,8096,190,42.61,60.36%,68.68%,0.532692,2026-08-24
NIO,4.36,2027-02-19,179,Put,3.00,-31.19%,0.08,0.13,0.15,5156,124,41.58,59.77%,55.77%,-0.116016,2026-08-24
NVDA,208.48,2026-08-31,7,Call,212.50,-1.93%,4.95,5,5,6722,163,41.24,41.48%,58.02%,0.424607,2026-08-24
HPQ,28.58,2026-08-28,4,Put,26.00,-9.03%,0.32,0.41,0.45,6447,173,37.27,57.90%,112.70%,-0.194646,2026-08-24
TSLA,348.95,2026-08-26,2,Put,347.50,-0.42%,3.7,3.8,3.85,12673,342,37.06,40.84%,43.67%,-0.440339,2026-08-24
TSLA,348.95,2026-08-26,2,Put,355.00,+1.73%,7.9,8.17,8.5,19880,555,35.82,40.84%,44.24%,-0.693141,2026-08-24
TSLA,348.95,2026-08-26,2,Put,357.50,+2.45%,9.75,10.05,10.55,14941,427,34.99,40.84%,45.48%,-0.757733,2026-08-24
BYND,14.15,2026-08-28,4,Call,15.00,-6.01%,0.35,0.35,0.44,6743,201,33.55,105.19%,122.03%,0.348361,2026-08-24
BMNR,24.14,2026-08-28,4,Put,24.00,-0.58%,0.89,0.91,0.92,5230,157,33.31,84.42%,97.28%,-0.45576,2026-08-24
OTIS,72.19,2027-03-19,207,Call,70.00,+3.03%,6,7.11,8.4,4573,142,32.2,20.33%,27.25%,0.608222,2026-08-24
TSLA,348.95,2026-08-26,2,Call,360.00,-3.17%,1.18,1.18,1.22,36242,1127,32.16,40.84%,46.14%,0.186727,2026-08-24
XIFR,11.29,2026-11-20,88,Put,11.00,-2.57%,0.65,0.82,0.95,13000,405,32.1,40.69%,28.93%,-0.52687,2026-08-24
BEKE,17.71,2026-10-16,53,Call,19.00,-7.28%,0.4,0.5,0.55,14435,464,31.11,33.11%,35.97%,0.322242,2026-08-24
LQDA,70.27,2026-09-04,11,Call,95.00,-35.19%,0.4,0.59,0.7,7427,241,30.82,112.46%,119.19%,0.08873,2026-08-24
INTC,87.26,2026-08-26,2,Call,90.00,-3.14%,0.67,0.69,0.7,15306,537,28.5,60.36%,65.50%,0.270896,2026-08-24
SPCX,135,2027-01-15,144,Call,375.00,-177.78%,0.4,0.47,0.54,3689,133,27.74,57.50%,72.42%,0.023588,2026-08-24
AMD,456.74,2027-09-17,389,Put,240.00,-47.45%,11.05,12.45,12.25,3100,112,27.68,53.05%,57.54%,-0.074361,2026-08-24
AMZN,262.07,2026-08-26,2,Put,262.50,+0.16%,2.48,2.52,2.65,3609,135,26.73,29.69%,30.58%,-0.521603,2026-08-24
MU,910.43,2026-09-25,32,Call,800.00,+12.13%,136.05,138.43,141.15,3110,118,26.36,64.44%,67.26%,0.777827,2026-08-24
LWAY,26.33,2026-09-18,25,Call,30.00,-13.94%,0.25,0.25,0.45,2603,100,26.03,55.10%,51.88%,0.189362,2026-08-24
TSLA,348.95,2026-08-26,2,Call,355.00,-1.73%,2.28,2.28,2.32,33536,1297,25.86,40.84%,45.19%,0.311636,2026-08-24
ALMS,23.03,2026-09-18,25,Call,25.00,-8.55%,4.1,5,6,2537,104,24.39,208.41%,241.94%,0.575682,2026-08-24
BKNG,213.36,2026-09-18,25,Call,234.00,-9.67%,0.1,1.15,2.5,4343,179,24.26,31.68%,31.73%,0.14746,2026-08-24
AAPL,310.34,2026-08-26,2,Put,310.00,-0.11%,2.03,2.12,2.15,13460,569,23.66,24.72%,24.89%,-0.469442,2026-08-24
NRG,111.78,2026-09-18,25,Call,130.00,-16.30%,0.85,0.95,0.95,9032,390,23.16,45.07%,48.61%,0.132711,2026-08-24
WAL,78.39,2027-01-15,144,Put,30.00,-61.73%,0,0.1,0.3,3630,157,23.12,32.24%,74.05%,-0.010337,2026-08-24
AMD,456.74,2026-08-31,7,Put,440.00,-3.67%,5.5,5.8,6.15,2319,104,22.3,53.05%,50.66%,-0.282247,2026-08-24
MU,910.43,2026-08-26,2,Put,910.00,-0.05%,17.4,17.6,18.05,3407,162,21.03,64.44%,67.04%,-0.485024,2026-08-24
AAPL,310.34,2026-08-26,2,Call,315.00,-1.50%,0.72,0.76,0.77,39823,1947,20.45,24.72%,25.65%,0.221826,2026-08-24
AMD,456.74,2026-08-31,7,Call,505.00,-10.57%,1.17,1.3,1.37,2146,107,20.06,53.05%,51.60%,0.086919,2026-08-24
AMZN,262.07,2026-08-26,2,Call,257.50,+1.74%,5.3,5.7,5.75,6789,349,19.45,29.69%,33.68%,0.766161,2026-08-24
INTC,87.26,2026-08-26,2,Call,89.00,-1.99%,0.94,1.01,1,2291,120,19.09,60.36%,65.13%,0.351222,2026-08-24
MRNA,138.89,2026-10-16,53,Call,130.00,+6.40%,21.45,22.85,24.35,2377,127,18.72,89.74%,87.24%,0.648559,2026-08-24
META,559.02,2026-08-26,2,Call,560.00,-0.18%,5.6,5.75,5.9,5906,320,18.46,35.49%,37.41%,0.482851,2026-08-24
MSFT,487.31,2026-08-26,2,Call,487.50,-0.04%,3.9,4.1,4.15,2742,151,18.16,25.98%,28.36%,0.499763,2026-08-24
SKM,40,2026-10-16,53,Call,40.00,0.00%,4,4.3,4.4,5538,310,17.86,65.46%,68.92%,0.553347,2026-08-24
TXO,14.09,2026-11-20,88,Call,15.00,-6.46%,0.35,0.45,0.6,2434,137,17.77,58.74%,32.59%,0.344576,2026-08-24
META,559.02,2026-08-26,2,Call,565.00,-1.07%,3.7,4,3.9,7495,423,17.72,35.49%,38.02%,0.360258,2026-08-24
NBIS,210.91,2026-09-04,11,Call,215.00,-1.94%,11.9,12.2,12.8,4013,227,17.68,90.97%,96.41%,0.490207,2026-08-24
AMZN,262.07,2026-08-26,2,Call,265.00,-1.12%,1.2,1.22,1.25,13234,751,17.62,29.69%,30.76%,0.31981,2026-08-24
AMZN,262.07,2026-08-26,2,Call,255.00,+2.70%,7.35,7.68,8.05,6313,361,17.49,29.69%,36.91%,0.846602,2026-08-24
TSLA,348.95,2026-08-26,2,Put,350.00,+0.30%,4.85,5.05,5.1,28512,1656,17.22,40.84%,43.25%,-0.529085,2026-08-24
MU,910.43,2026-08-26,2,Put,915.00,+0.50%,19.9,20.1,21.05,2409,142,16.96,64.44%,67.48%,-0.528763,2026-08-24
TSLA,348.95,2026-08-26,2,Call,357.50,-2.45%,1.62,1.69,1.69,15200,903,16.83,40.84%,45.40%,0.24271,2026-08-24
TSLA,348.95,2026-08-26,2,Put,337.50,-3.28%,0.94,0.95,0.99,4509,269,16.76,40.84%,45.42%,-0.15513,2026-08-24
TE,4.32,2026-08-28,4,Call,4.00,+7.41%,0.4,0.43,0.45,4849,293,16.55,109.40%,132.13%,0.735169,2026-08-24
MSTR,122.63,2026-08-28,4,Put,126.00,+2.75%,6.55,6.74,6.8,2337,142,16.46,77.08%,93.10%,-0.589564,2026-08-24
DINO,95.18,2026-09-18,25,Put,87.50,-8.07%,1.6,1.75,1.85,1793,109,16.45,48.17%,48.37%,-0.2308,2026-08-24
META,559.02,2026-08-26,2,Call,580.00,-3.75%,0.9,0.93,0.94,4689,285,16.45,35.49%,40.58%,0.11399,2026-08-24
AAPL,310.34,2026-08-26,2,Call,312.50,-0.70%,1.4,1.41,1.46,19723,1203,16.39,24.72%,25.37%,0.362986,2026-08-24
TSLA,348.95,2026-08-26,2,Call,362.50,-3.88%,0.82,0.85,0.87,13928,860,16.2,40.84%,46.62%,0.139829,2026-08-24
TSEM,211.1,2026-09-18,25,Put,170.00,-19.47%,1.1,2.49,4.6,4170,263,15.86,76.52%,78.25%,-0.121851,2026-08-24
TSLA,348.95,2026-08-26,2,Call,365.00,-4.60%,0.6,0.61,0.61,14748,934,15.79,40.84%,47.51%,0.104646,2026-08-24
TSLA,348.95,2026-08-26,2,Put,360.00,+3.17%,11.6,11.9,12.5,15926,1012,15.74,40.84%,44.07%,-0.825808,2026-08-24
AMZN,262.07,2026-08-26,2,Put,270.00,+3.03%,7.75,8.17,8.4,5626,359,15.67,29.69%,27.73%,-0.927395,2026-08-24
BR,185.45,2026-09-18,25,Call,190.00,-2.45%,4,4.3,4.7,1857,119,15.61,33.07%,32.14%,0.407073,2026-08-24
MU,910.43,2026-08-26,2,Put,890.00,-2.24%,9.2,9.15,9.75,1694,109,15.54,64.44%,67.42%,-0.314482,2026-08-24
NVDA,208.48,2026-08-31,7,Put,185.00,-11.26%,0.56,0.58,0.59,1728,114,15.16,41.48%,60.87%,-0.071273,2026-08-24
PSX,241.96,2026-11-20,88,Put,210.00,-13.21%,5.3,5.72,6,2181,144,15.15,37.00%,39.36%,-0.197535,2026-08-24
HD,337.43,2026-08-28,4,Call,360.00,-6.69%,0.09,0.1,0.12,6181,408,15.15,25.26%,31.33%,0.025326,2026-08-24
ASTS,62.35,2026-08-28,4,Call,64.00,-2.65%,1.56,1.62,1.64,1742,116,15.02,78.19%,88.08%,0.407921,2026-08-24
COIN,179.48,2026-09-04,11,Call,230.00,-28.15%,0.15,0.5,0.85,1692,113,14.97,66.38%,82.47%,0.049165,2026-08-24
W,103.19,2026-12-18,116,Call,115.00,-11.44%,9,10.08,10.6,2001,134,14.93,52.42%,59.44%,0.45249,2026-08-24
GOOGL,348.06,2026-08-26,2,Call,350.00,-0.56%,2,2.21,2.44,12221,821,14.89,28.66%,29.76%,0.407897,2026-08-24
CPB,24.16,2026-08-28,4,Put,23.50,-2.73%,0.1,0.14,0.15,2134,145,14.72,35.78%,36.34%,-0.229611,2026-08-24
CLF,11.3,2026-09-04,11,Put,12.00,+6.19%,0.77,0.96,1.03,3789,260,14.57,67.25%,58.78%,-0.70355,2026-08-24
SNDK,1493.12,2026-08-28,4,Call,"1,500.00",-0.46%,52.9,53.5,53.6,10714,738,14.52,77.82%,90.19%,0.501086,2026-08-24
HOOD,103.62,2026-08-28,4,Put,107.00,+3.26%,5.1,5.2,5.3,5278,366,14.42,62.18%,74.14%,-0.644768,2026-08-24
MU,910.43,2026-08-26,2,Call,930.00,-2.15%,9.65,10.18,10.55,1743,121,14.4,64.44%,66.89%,0.34425,2026-08-24
PSX,241.96,2026-10-16,53,Put,200.00,-17.34%,1.4,1.68,1.9,2018,141,14.31,37.00%,40.08%,-0.090266,2026-08-24
RCAT,8.93,2026-09-04,11,Call,9.00,-0.78%,0.46,0.58,0.64,1601,112,14.29,99.45%,93.51%,0.51587,2026-08-24
BE,204.02,2026-11-20,88,Put,90.00,-55.89%,0.95,1.06,1.2,2178,153,14.24,89.63%,97.36%,-0.024518,2026-08-24
TSLA,348.95,2026-08-26,2,Put,342.50,-1.85%,1.96,1.98,1.99,10845,763,14.21,40.84%,44.10%,-0.276487,2026-08-24
SNDK,1493.12,2026-08-28,4,Put,"1,460.00",-2.22%,40.2,40.61,41,1860,131,14.2,77.82%,90.57%,-0.386836,2026-08-24
QBTS,18.68,2028-01-21,515,Call,3.00,+83.94%,15.85,15.97,17.1,3036,214,14.19,77.77%,140.71%,0.975252,2026-08-24
SMCI,35.17,2026-08-28,4,Call,35.50,-0.94%,1,1.01,1.03,1932,137,14.1,71.05%,79.07%,0.473424,2026-08-24
META,559.02,2026-08-26,2,Call,570.00,-1.96%,2.31,2.45,2.5,4866,345,14.1,35.49%,38.60%,0.254514,2026-08-24
VNET,6.47,2026-12-18,116,Put,7.00,+8.19%,1.3,1.45,1.6,3501,253,13.84,77.37%,80.80%,-0.471478,2026-08-24
PEW,2.43,2026-09-18,25,Call,2.50,-2.88%,0.1,0.11,0.15,2265,164,13.81,61.70%,60.30%,0.465994,2026-08-24
MU,910.43,2026-08-26,2,Call,950.00,-4.35%,5.05,5.36,5.4,4192,305,13.74,64.44%,67.99%,0.207129,2026-08-24
CYPH,1.68,2026-09-18,25,Call,2.5000,-48.81%,0.05,0.1,0.1,1523,111,13.72,168.26%,157.46%,0.225841,2026-08-24
TMC,4.74,2026-10-16,53,Put,5.00,+5.49%,0.84,0.9,0.95,3701,270,13.71,101.43%,104.73%,-0.471063,2026-08-24
MRNA,138.89,2026-10-16,53,Call,155.00,-11.60%,12.2,12.6,13.2,2493,182,13.7,89.74%,87.53%,0.44189,2026-08-24
NVDA,208.48,2026-08-31,7,Call,200.00,+4.07%,11.5,11.6,11.75,3442,253,13.6,41.48%,57.04%,0.716588,2026-08-24
MSTR,122.63,2026-08-28,4,Put,117.00,-4.59%,2.23,2.29,2.33,3514,259,13.57,77.08%,91.33%,-0.293545,2026-08-24
DIS,110.61,2026-08-28,4,Call,113.00,-2.16%,0.4,0.46,0.49,2479,184,13.47,23.85%,27.92%,0.23774,2026-08-24
NVDA,208.48,2026-09-11,18,Call,210.00,-0.73%,7.65,7.75,7.9,10737,797,13.47,41.48%,45.16%,0.497163,2026-08-24
TSLA,348.95,2026-08-26,2,Put,340.00,-2.56%,1.37,1.39,1.4,11621,881,13.19,40.84%,44.60%,-0.209271,2026-08-24
AMZN,262.07,2026-08-26,2,Put,260.00,-0.79%,1.49,1.49,1.6,6376,489,13.04,29.69%,31.91%,-0.361388,2026-08-24
MSFT,487.31,2026-08-26,2,Call,495.00,-1.58%,1.15,1.31,1.44,3483,267,13.04,25.98%,27.59%,0.226956,2026-08-24
TSLA,348.95,2026-08-26,2,Call,347.50,+0.42%,5.3,5.55,5.55,5557,432,12.86,40.84%,44.99%,0.5587,2026-08-24
ASST,19.73,2026-08-28,4,Put,19.00,-3.70%,0.67,0.67,0.75,1500,117,12.82,104.37%,128.36%,-0.363051,2026-08-24
AMD,456.74,2026-08-26,2,Call,465.00,-1.81%,3.75,3.8,3.9,1747,138,12.66,53.05%,52.77%,0.332139,2026-08-24
TSLA,348.95,2026-08-26,2,Put,345.00,-1.13%,2.73,2.76,2.8,15222,1208,12.6,40.84%,43.81%,-0.354739,2026-08-24
ASST,19.73,2026-08-28,4,Put,18.00,-8.77%,0.35,0.4,0.4,1527,122,12.52,104.37%,129.14%,-0.226898,2026-08-24
PBR,18.6,2028-02-18,543,Call,10.00,+46.24%,6,8.88,11,1340,108,12.41,34.39%,40.05%,0.925068,2026-08-24
AMZN,262.07,2026-08-28,4,Call,242.50,+7.47%,19.3,20.22,20.4,1406,114,12.33,29.69%,42.66%,0.961569,2026-08-24
AMD,456.74,2026-08-26,2,Put,450.00,-1.48%,4,4.1,4.2,3892,317,12.28,53.05%,52.21%,-0.341357,2026-08-24
TSLA,348.95,2026-08-26,2,Call,367.50,-5.32%,0.43,0.44,0.44,7230,591,12.23,40.84%,48.52%,0.078003,2026-08-24
GOOGL,348.06,2026-08-26,2,Call,357.50,-2.71%,0.45,0.51,0.51,1893,155,12.21,28.66%,30.73%,0.123597,2026-08-24
MSFT,487.31,2026-08-26,2,Put,480.00,-1.50%,1.33,1.4,1.55,3330,274,12.15,25.98%,28.85%,-0.234218,2026-08-24
MU,910.43,2026-08-28,4,Call,900.00,+1.15%,32,32.5,33.25,8580,706,12.15,64.44%,71.17%,0.578152,2026-08-24
HELP,13.02,2026-12-18,116,Call,20.00,-53.61%,2.9,3,4,2026,168,12.06,102.28%,179.35%,0.537053,2026-08-24
MSFT,487.31,2026-08-26,2,Call,490.00,-0.55%,2.78,2.82,3.1,5479,456,12.02,25.98%,28.52%,0.404085,2026-08-24
MSFT,487.31,2026-08-26,2,Put,485.00,-0.47%,2.8,2.9,2.95,1843,155,11.89,25.98%,27.52%,-0.401294,2026-08-24
B,48.16,2026-08-28,4,Call,52.00,-7.97%,0.01,0.15,0.15,2163,182,11.88,48.15%,49.46%,0.073358,2026-08-24
GOOGL,348.06,2026-08-26,2,Call,352.50,-1.28%,1.33,1.37,1.41,3195,269,11.88,28.66%,29.73%,0.288888,2026-08-24
VYGR,3.44,2026-09-18,25,Put,3.00,-12.79%,0.05,0.3,0.4,1441,122,11.81,271.73%,122.88%,-0.276589,2026-08-24
TSLA,348.95,2026-08-28,4,Call,357.50,-2.45%,3.4,3.45,3.5,8188,703,11.65,40.84%,46.44%,0.320795,2026-08-24
BEKE,17.71,2026-08-28,4,Call,18.00,-1.64%,0,0.2,0.4,2034,175,11.62,33.11%,43.67%,0.368542,2026-08-24
TSLA,348.95,2026-09-02,9,Put,350.00,+0.30%,8.95,9,9.3,1173,101,11.61,40.84%,39.90%,-0.502234,2026-08-24
ORCL,142.45,2026-09-11,18,Put,123.00,-13.65%,2.21,2.33,2.52,1541,133,11.59,69.81%,76.35%,-0.169297,2026-08-24
PBR,18.6,2026-10-16,53,Call,15.00,+19.35%,3.4,3.68,4.4,1340,116,11.55,34.39%,55.91%,0.866922,2026-08-24
MU,910.43,2026-08-28,4,Call,910.00,+0.05%,26.75,27.3,27.95,3733,325,11.49,64.44%,70.94%,0.519439,2026-08-24
BX,143.64,2026-08-28,4,Put,140.00,-2.53%,1.09,1.24,1.39,2801,244,11.48,35.77%,45.22%,-0.285318,2026-08-24
HIMS,31.08,2026-09-11,18,Put,32.00,+2.96%,2.35,2.73,2.55,2291,200,11.46,71.83%,71.15%,-0.538794,2026-08-24
CCL,25.71,2026-09-04,11,Call,27.50,-6.96%,0.15,0.2,0.19,1149,101,11.38,41.93%,40.46%,0.179322,2026-08-24
MU,910.43,2026-08-26,2,Put,860.00,-5.54%,3,3.1,3.2,1776,156,11.38,64.44%,69.82%,-0.128827,2026-08-24
TSLA,348.95,2026-09-25,32,Call,355.00,-1.73%,14.55,15.3,14.7,3413,302,11.3,40.84%,40.89%,0.478229,2026-08-24
INTC,87.26,2026-08-26,2,Put,82.00,-6.03%,0.2,0.21,0.22,4225,377,11.21,60.36%,67.07%,-0.100211,2026-08-24
TSLA,348.95,2026-08-26,2,Put,365.00,+4.60%,16.2,16.45,16.7,4233,378,11.2,40.84%,44.07%,-0.91421,2026-08-24
BA,210.46,2026-08-28,4,Call,210.00,+0.22%,2.88,3.14,3.4,1512,135,11.2,29.70%,33.12%,0.531681,2026-08-24
SNDK,1493.12,2026-08-28,4,Put,"1,430.00",-4.23%,28.6,29.6,30,1115,100,11.15,77.82%,90.83%,-0.3066,2026-08-24
FCX,77.8,2026-08-28,4,Put,76.00,-2.31%,1.08,1.16,1.24,1206,109,11.06,52.60%,60.31%,-0.342099,2026-08-24
NVDA,208.48,2026-08-31,7,Put,195.00,-6.47%,1.78,1.77,1.82,3518,319,11.03,41.48%,57.81%,-0.188932,2026-08-24
MU,910.43,2026-08-26,2,Put,880.00,-3.34%,6.45,6.7,6.8,1881,171,11,64.44%,67.79%,-0.240071,2026-08-24
SOLS,55.36,2026-11-20,88,Call,60.00,-8.38%,3.8,4.2,4.6,3741,340,11,47.19%,54.11%,0.443214,2026-08-24
SRE,84.57,2026-11-20,88,Call,90.00,-6.42%,1.9,2,2.35,1634,150,10.89,30.06%,25.05%,0.33048,2026-08-24
WULF,15.48,2026-09-04,11,Call,16.00,-3.36%,0.7,0.79,0.81,3364,312,10.78,88.69%,94.60%,0.438992,2026-08-24
CRWV,86.25,2027-02-19,179,Put,75.00,-13.04%,11.85,12,12.45,1475,137,10.77,77.31%,80.33%,-0.289415,2026-08-24
WYNN,99.41,2027-06-17,297,Call,130.00,-30.77%,3.05,4.6,5.75,3210,299,10.74,32.68%,34.99%,0.26703,2026-08-24
AMZN,262.07,2026-08-26,2,Call,262.50,-0.16%,2.16,2.26,2.24,9511,888,10.71,29.69%,30.79%,0.479332,2026-08-24
RHI,45.12,2026-09-18,25,Call,25.00,+44.59%,19.5,20.27,20.9,1260,118,10.68,46.91%,120.80%,0.979383,2026-08-24
GOOGL,348.06,2026-08-26,2,Call,360.00,-3.43%,0.27,0.29,0.3,3978,375,10.61,28.66%,31.69%,0.078054,2026-08-24
MRNA,138.89,2026-11-20,88,Call,180.00,-29.60%,12.65,14,15.55,1134,107,10.6,89.74%,97.24%,0.387567,2026-08-24
MSFT,487.31,2026-08-26,2,Put,482.50,-0.99%,1.97,2.07,2.07,1564,148,10.57,25.98%,27.90%,-0.309447,2026-08-24
LEN,88.16,2026-08-28,4,Call,90.00,-2.09%,0.55,1,1.1,3097,293,10.57,40.28%,42.28%,0.329446,2026-08-24
PLAY,10.42,2026-09-18,25,Call,12.00,-15.16%,0.35,0.4,0.45,2500,237,10.55,86.33%,86.09%,0.300383,2026-08-24
MSFT,487.31,2026-08-26,2,Put,477.50,-2.01%,0.92,0.94,1,1085,103,10.53,25.98%,29.21%,-0.169041,2026-08-24
COIN,179.48,2026-08-28,4,Put,187.50,+4.47%,10.7,10.97,11.1,2489,238,10.46,66.38%,79.86%,-0.6837,2026-08-24
MU,910.43,2026-08-26,2,Put,900.00,-1.15%,12.8,12.9,13.5,4859,468,10.38,64.44%,67.16%,-0.397436,2026-08-24
TSLA,348.95,2027-02-19,179,Call,475.00,-36.12%,14.35,14.75,14.9,1266,123,10.29,40.84%,48.18%,0.245287,2026-08-24
PBR,18.6,2028-01-21,515,Call,10.00,+46.24%,7,7.8,11,2920,285,10.25,34.39%,45.41%,0.912619,2026-08-24
MSTR,122.63,2026-08-28,4,Put,118.00,-3.78%,2.51,2.59,2.7,3323,327,10.16,77.08%,90.93%,-0.324347,2026-08-24
SNDK,1493.12,2026-08-28,4,Put,"1,440.00",-3.56%,32.4,33,33.3,1278,126,10.14,77.82%,90.84%,-0.332823,2026-08-24
PR,23.69,2026-09-18,25,Call,26.00,-9.75%,0.2,0.21,0.25,1377,136,10.13,38.78%,37.44%,0.185339,2026-08-24
TSLA,348.95,2026-08-26,2,Put,335.00,-4.00%,0.65,0.67,0.68,5624,556,10.12,40.84%,46.34%,-0.112767,2026-08-24
CRCL,87.72,2026-08-28,4,Put,90.00,+2.60%,4.8,5,5.1,4786,474,10.1,83.68%,100.25%,-0.57503,2026-08-24
AMD,456.74,2026-08-26,2,Call,477.50,-4.55%,1.19,1.23,1.23,1141,113,10.1,53.05%,53.27%,0.135184,2026-08-24
MNRO,12.86,2026-10-16,53,Call,17.50,-36.08%,0.15,0.15,0.4,2892,287,10.08,68.97%,73.74%,0.162416,2026-08-24
WMT,106.49,2026-08-28,4,Call,110.00,-3.30%,0.21,0.21,0.22,59411,5893,10.08,22.44%,27.83%,0.138154,2026-08-24
AMZN,262.07,2026-08-28,4,Put,277.50,+5.89%,15.3,15.55,15.7,1312,131,10.02,29.69%,30.55%,-0.966428,2026-08-24
GOOGL,348.06,2026-08-26,2,Call,365.00,-4.87%,0.09,0.12,0.13,3116,311,10.02,28.66%,34.31%,0.03209,2026-08-24
B,48.16,2026-08-28,4,Put,47.50,-1.37%,0.62,0.75,0.83,1150,115,10,48.15%,51.35%,-0.386862,2026-08-24
Q,126.24,2026-09-18,25,Put,110.00,-12.86%,1.15,1.5,1.85,2477,248,9.99,54.22%,55.16%,-0.149025,2026-08-24
BEKE,17.71,2027-01-15,144,Call,20.00,-12.93%,1,1.05,1.3,13507,1355,9.97,33.11%,45.61%,0.378285,2026-08-24
MU,910.43,2026-08-28,4,Call,905.00,+0.60%,29.2,30.51,30.55,1462,147,9.95,64.44%,70.95%,0.548922,2026-08-24
TSLA,348.95,2026-08-26,2,Call,350.00,-0.30%,4.05,4.1,4.2,24062,2424,9.93,40.84%,44.57%,0.472668,2026-08-24
VKTX,33.23,2026-08-28,4,Call,34.50,-3.82%,0.05,0.7,1.54,1079,109,9.9,83.76%,94.10%,0.371633,2026-08-24
CRWV,86.25,2026-08-28,4,Call,87.00,-0.87%,2.72,2.76,2.81,1764,179,9.85,77.31%,86.01%,0.481358,2026-08-24
FRMI,5.62,2026-09-11,18,Call,7.00,-24.56%,0.1,0.15,0.2,1003,102,9.83,101.53%,108.53%,0.216738,2026-08-24
NBIS,210.91,2026-10-02,39,Call,225.00,-6.68%,18.05,19.5,21.5,1042,107,9.74,90.97%,91.47%,0.478641,2026-08-24
PBR,18.6,2027-06-17,297,Call,25.00,-34.41%,0.47,0.52,0.64,2000,206,9.71,34.39%,32.71%,0.204669,2026-08-24
DIS,110.61,2026-08-28,4,Put,110.00,-0.55%,0.84,1,1.09,1054,110,9.58,23.85%,27.16%,-0.416014,2026-08-24
PCG,18.11,2026-09-04,11,Call,19.00,-4.91%,0.44,0.53,0.6,2932,306,9.58,53.03%,69.36%,0.369848,2026-08-24
MSTR,122.63,2026-08-28,4,Call,134.00,-9.27%,1.52,1.54,1.58,3019,318,9.49,77.08%,101.53%,0.218447,2026-08-24
TGT,169.89,2026-09-18,25,Put,165.00,-2.88%,2.89,3.02,3.2,1583,168,9.42,30.12%,29.57%,-0.335445,2026-08-24
META,559.02,2026-08-26,2,Put,560.00,+0.18%,6.2,6.38,6.8,1325,141,9.4,35.49%,36.58%,-0.518315,2026-08-24
PLTR,175.89,2026-10-02,39,Call,185.00,-5.18%,7.25,7.8,7.5,938,100,9.38,46.86%,47.17%,0.411077,2026-08-24
TSLA,348.95,2026-09-02,9,Call,360.00,-3.17%,4.7,4.75,4.85,1689,180,9.38,40.84%,41.27%,0.331788,2026-08-24
HUM,386.61,2027-02-19,179,Put,420.00,+8.64%,68,71.4,74.7,1404,150,9.36,52.30%,50.45%,-0.512787,2026-08-24
GOOGL,348.06,2026-08-26,2,Call,345.00,+0.88%,4.35,5,5.1,3030,324,9.35,28.66%,28.34%,0.670153,2026-08-24
EMBJ,76.26,2026-09-18,25,Put,75.00,-1.65%,1.95,2,2.1,2093,224,9.34,35.52%,33.76%,-0.4009,2026-08-24
NVDA,208.48,2026-09-04,11,Call,207.50,+0.47%,8,8.09,8.15,1233,133,9.27,41.48%,51.92%,0.542879,2026-08-24
JNJ,273.04,2027-03-19,207,Call,200.00,+26.75%,74.5,74.06,77.45,1341,145,9.25,22.89%,28.63%,0.935519,2026-08-24
DOW,31.44,2026-08-28,4,Put,31.00,-1.40%,0.19,0.35,0.4,1626,176,9.24,39.45%,37.02%,-0.351425,2026-08-24
MNDY,94.25,2026-09-18,25,Call,110.00,-16.71%,1.85,1.9,2.05,4243,462,9.18,63.23%,67.73%,0.220863,2026-08-24
AMZN,262.07,2026-08-26,2,Call,267.50,-2.07%,0.62,0.65,0.65,5461,597,9.15,29.69%,31.15%,0.192333,2026-08-24
MRNA,138.89,2026-09-04,11,Put,105.00,-24.40%,0.6,0.6,0.89,1098,120,9.15,89.74%,110.85%,-0.059966,2026-08-24
BMNR,24.14,2026-08-28,4,Put,23.00,-4.72%,0.48,0.48,0.49,5227,572,9.14,84.42%,96.67%,-0.297363,2026-08-24
CRDO,222.61,2026-09-04,11,Call,230.00,-3.32%,14.5,15.01,16.2,1223,134,9.13,97.63%,119.63%,0.480785,2026-08-24
HON,214.77,2026-10-16,53,Call,250.00,-16.40%,0.45,1.25,2.1,2567,282,9.1,26.90%,31.12%,0.108973,2026-08-24
IONQ,41.06,2026-09-25,32,Call,40.00,+2.58%,3.95,4.65,4.9,998,110,9.07,79.86%,79.70%,0.595852,2026-08-24
META,559.02,2026-08-26,2,Call,582.50,-4.20%,0.67,0.76,0.76,1148,127,9.04,35.49%,41.09%,0.091496,2026-08-24
WMT,106.49,2026-08-28,4,Call,107.00,-0.48%,0.92,0.94,0.94,16748,1852,9.04,22.44%,25.88%,0.43959,2026-08-24
TSLA,348.95,2026-08-31,7,Put,340.00,-2.56%,3.65,3.63,3.8,3456,385,8.98,40.84%,39.03%,-0.301912,2026-08-24
NBIS,210.91,2026-10-16,53,Put,110.00,-47.85%,0.91,1.13,1.28,1417,158,8.97,90.97%,101.95%,-0.029872,2026-08-24
BAC,62.33,2028-01-21,515,Put,62.50,+0.27%,6.45,6.72,6.85,1952,218,8.95,21.57%,25.65%,-0.412964,2026-08-24
MU,910.43,2026-08-26,2,Put,920.00,+1.05%,22.6,22.92,23.95,1286,144,8.93,64.44%,67.29%,-0.572225,2026-08-24
PBR,18.6,2026-12-18,116,Call,8.00,+56.99%,8.5,11.85,12.7,1340,150,8.93,34.39%,179.44%,0.906411,2026-08-24
DKS,179.33,2026-09-18,25,Put,150.00,-16.36%,1.25,1.35,1.5,1300,146,8.9,55.60%,57.12%,-0.101312,2026-08-24
CYPH,1.68,2026-09-18,25,Put,1.5000,-10.71%,0.15,0.23,0.25,2179,246,8.86,168.26%,171.82%,-0.315103,2026-08-24
MU,910.43,2026-08-26,2,Put,825.00,-9.38%,0.71,0.82,0.88,925,105,8.81,64.44%,76.28%,-0.037824,2026-08-24
SNDK,1493.12,2026-08-28,4,Put,"1,455.00",-2.55%,38.2,39,39.1,903,103,8.77,77.82%,90.79%,-0.373265,2026-08-24
HAL,34.63,2026-08-28,4,Call,35.50,-2.51%,0.22,0.23,0.25,2858,326,8.77,32.98%,38.58%,0.277658,2026-08-24
SKHY,155.37,2026-09-04,11,Call,155.00,+0.24%,8,8.4,8.5,1367,156,8.76,72.27%,74.32%,0.536441,2026-08-24
GOOGL,348.06,2026-08-26,2,Call,355.00,-1.99%,0.76,0.83,0.83,5547,635,8.74,28.66%,29.76%,0.190254,2026-08-24
SPCX,135,2026-09-04,11,Call,145.00,-7.41%,2.1,2.19,2.17,17309,1982,8.73,57.50%,59.59%,0.264797,2026-08-24
ABVX,116.15,2026-09-18,25,Put,115.00,-0.99%,5.1,7,8,1205,138,8.73,60.65%,60.03%,-0.438684,2026-08-24
NVDA,208.48,2026-08-28,4,Call,212.50,-1.93%,4.65,4.65,4.7,19606,2254,8.7,41.48%,73.50%,0.418638,2026-08-24
BABA,118.47,2026-08-28,4,Call,119.00,-0.45%,2.1,2.24,2.31,3024,349,8.66,42.50%,49.63%,0.476102,2026-08-24
AMZN,262.07,2026-08-26,2,Put,265.00,+1.12%,4,4.15,4.2,2105,244,8.63,29.69%,30.64%,-0.681954,2026-08-24
C,131.72,2027-09-17,389,Put,120.00,-8.90%,9,10.2,10.35,1000,116,8.62,28.49%,31.16%,-0.302312,2026-08-24
CRWV,86.25,2026-09-25,32,Call,102.00,-18.26%,3,3.1,3.15,1016,118,8.61,77.31%,78.70%,0.277787,2026-08-24
NKTR,73.69,2026-09-18,25,Put,70.00,-5.01%,3.2,3.3,3.4,996,116,8.59,70.50%,66.68%,-0.346948,2026-08-24
CAPR,6.8,2026-12-18,116,Call,30.00,-341.18%,0.55,0.8,1.55,935,109,8.58,117.54%,231.78%,0.318001,2026-08-24
PBR,18.6,2027-12-17,480,Call,10.00,+46.24%,6,10.1,11,1340,157,8.54,34.39%,76.74%,0.862754,2026-08-24
TNL,73.12,2026-09-18,25,Call,80.00,-9.41%,0.2,0.3,0.45,1084,128,8.47,32.49%,28.68%,0.12339,2026-08-24
MA,599.86,2027-06-17,297,Call,620.00,-3.36%,51.1,50.3,54.5,1030,122,8.44,21.09%,25.29%,0.53373,2026-08-24
INTC,87.26,2026-09-11,18,Put,78.00,-10.61%,1.09,1.16,1.3,1961,233,8.42,60.36%,59.88%,-0.178652,2026-08-24
AMD,456.74,2026-08-26,2,Call,470.00,-2.90%,2.44,2.53,2.55,1898,226,8.4,53.05%,53.03%,0.240649,2026-08-24
CRWV,86.25,2026-09-25,32,Call,99.00,-14.78%,3.6,3.75,3.8,1032,123,8.39,77.31%,78.20%,0.320717,2026-08-24
F,13.93,2026-09-04,11,Call,13.50,+3.09%,0.56,0.59,0.63,2482,296,8.39,32.81%,35.76%,0.702801,2026-08-24
MSTR,122.63,2026-08-28,4,Call,132.00,-7.64%,1.77,1.88,1.93,3072,366,8.39,77.08%,98.73%,0.255603,2026-08-24
HPE,52.43,2028-01-21,515,Put,60.00,+14.44%,18.3,19.57,20,1100,134,8.21,73.34%,64.12%,-0.407497,2026-08-24
NVDA,208.48,2026-08-28,4,Put,192.50,-7.67%,1.19,1.2,1.22,7052,866,8.14,41.48%,73.86%,-0.14137,2026-08-24
META,559.02,2026-08-26,2,Call,577.50,-3.31%,1.11,1.19,1.28,1355,167,8.11,35.49%,40.25%,0.142126,2026-08-24
CCL,25.71,2026-08-28,4,Call,26.50,-3.07%,0.13,0.18,0.19,1442,178,8.1,41.93%,41.06%,0.248382,2026-08-24
MSFT,487.31,2026-08-26,2,Put,470.00,-3.55%,0.25,0.29,0.3,1753,217,8.08,25.98%,31.22%,-0.05672,2026-08-24
PCT,6.61,2028-01-21,515,Call,30.00,-353.86%,0.5,0.8,0.85,10038,1249,8.04,90.21%,96.26%,0.24161,2026-08-24
MU,910.43,2026-09-04,11,Put,560.00,-38.49%,0.08,0.15,0.18,1348,168,8.02,64.44%,103.38%,-0.002536,2026-08-24
PURR,10.64,2026-08-28,4,Call,11.50,-8.08%,0.3,0.43,0.5,1459,182,8.02,114.72%,162.88%,0.356306,2026-08-24
DOX,62.1,2026-10-16,53,Put,60.00,-3.38%,0.55,2,2.15,1693,211,8.02,26.76%,24.31%,-0.336128,2026-08-24
BE,204.02,2026-08-28,4,Call,225.00,-10.28%,2.2,2.43,2.34,7457,931,8.01,89.63%,102.49%,0.196255,2026-08-24
LPLA,364.18,2026-09-18,25,Call,420.00,-15.33%,0,0.5,1.9,1298,163,7.96,31.65%,34.81%,0.067447,2026-08-24
APLD,26.89,2026-08-28,4,Put,24.50,-8.89%,0.22,0.23,0.26,3607,454,7.94,88.44%,95.28%,-0.161884,2026-08-24
IONQ,41.06,2026-09-25,32,Call,43.00,-4.72%,2.64,3.16,3.5,975,123,7.93,79.86%,78.97%,0.473424,2026-08-24
HD,337.43,2026-11-20,88,Call,370.00,-9.65%,5.9,6.8,7,824,104,7.92,25.26%,26.18%,0.261267,2026-08-24
PCG,18.11,2026-12-18,116,Put,18.00,-0.61%,1.31,1.35,1.49,4001,505,7.92,53.03%,37.71%,-0.433853,2026-08-24
GTM,3.9,2026-10-16,53,Call,5.00,-28.21%,0.05,0.1,0.2,10009,1267,7.9,73.75%,72.27%,0.228113,2026-08-24
WMT,106.49,2026-09-25,32,Call,105.00,+1.40%,3.75,3.86,3.9,4047,513,7.89,22.44%,23.02%,0.60848,2026-08-24
EYPT,4.87,2026-11-20,88,Put,5.00,+2.67%,2,2.15,2.2,1510,195,7.74,111.98%,224.03%,-0.297661,2026-08-24
CYH,3.01,2026-12-18,116,Put,3.00,-0.33%,0.35,0.37,0.65,1004,130,7.72,64.64%,59.87%,-0.476567,2026-08-24
HIMS,31.08,2026-08-28,4,Call,31.50,-1.35%,0.81,0.83,0.85,3596,467,7.7,71.83%,78.16%,0.452911,2026-08-24
FRMI,5.62,2028-12-15,844,Call,5.00,+11.03%,3.4,3.6,3.6,791,103,7.68,101.53%,105.71%,0.825619,2026-08-24
AMZN,262.07,2026-08-26,2,Put,267.50,+2.07%,5.75,5.94,6.25,1513,197,7.68,29.69%,30.75%,-0.812394,2026-08-24
IREN,39.81,2026-08-28,4,Put,33.50,-15.85%,0.37,0.39,0.4,1624,213,7.62,100.02%,149.20%,-0.117926,2026-08-24
META,559.02,2026-08-26,2,Call,552.50,+1.17%,9.65,10.25,10.65,995,131,7.6,35.49%,38.36%,0.667722,2026-08-24
SNDK,1493.12,2026-09-04,11,Call,"1,500.00",-0.46%,81.6,82.83,84.8,882,117,7.54,77.82%,82.90%,0.518984,2026-08-24
META,559.02,2026-08-26,2,Call,555.00,+0.72%,7.9,8.65,8.8,2620,349,7.51,35.49%,36.91%,0.611942,2026-08-24
CHGG,0.8003,2028-01-21,515,Call,1.5000,-87.43%,0.1,0.35,0.4,3250,433,7.51,171.46%,103.70%,0.560515,2026-08-24
META,559.02,2026-08-26,2,Call,575.00,-2.86%,1.35,1.49,1.53,2466,330,7.47,35.49%,38.97%,0.169412,2026-08-24
AG,20.83,2026-08-28,4,Call,21.50,-3.22%,0.4,0.42,0.44,5117,686,7.46,66.93%,79.47%,0.368918,2026-08-24
JNJ,273.04,2026-09-18,25,Call,175.00,+35.91%,96.1,97.15,99.6,1080,145,7.45,22.89%,55.00%,0.997931,2026-08-24
KO,91.99,2026-08-28,4,Put,92.00,+0.01%,0.65,0.76,0.77,1246,169,7.37,18.14%,18.51%,-0.495834,2026-08-24
NKE,40.75,2027-06-17,297,Put,22.50,-44.79%,0.35,0.39,0.55,1900,258,7.36,36.50%,47.03%,-0.051917,2026-08-24
BE,204.02,2026-08-28,4,Call,210.00,-2.93%,5.75,5.8,6.05,4913,668,7.35,89.63%,98.69%,0.411313,2026-08-24
SNDK,1493.12,2026-08-28,4,Call,"1,700.00",-13.86%,6.9,6.92,7.1,10432,1423,7.33,77.82%,94.31%,0.10365,2026-08-24
TSLA,348.95,2026-08-26,2,Call,375.00,-7.47%,0.16,0.17,0.18,6858,938,7.31,40.84%,52.08%,0.032661,2026-08-24
AMZN,262.07,2026-08-26,2,Call,230.00,+12.24%,31.55,31.67,32.7,746,102,7.31,29.69%,63.41%,0.997506,2026-08-24
INTC,87.26,2026-08-28,4,Call,88.00,-0.85%,2.05,2.17,2.16,3557,487,7.3,60.36%,66.81%,0.46769,2026-08-24
RKLB,68.28,2026-08-28,4,Call,73.00,-6.91%,0.69,0.7,0.74,2451,336,7.29,70.95%,79.84%,0.225622,2026-08-24
AAPL,310.34,2026-08-26,2,Call,317.50,-2.31%,0.36,0.38,0.39,10346,1422,7.28,24.72%,26.40%,0.125443,2026-08-24
VLN,1.77,2026-09-18,25,Call,2.0000,-12.99%,0.1,0.1,0.15,1316,181,7.27,130.37%,112.17%,0.397046,2026-08-24
JNJ,273.04,2026-09-18,25,Call,155.00,+43.23%,116.1,117.82,119.2,741,102,7.26,22.89%,64.42%,0.99866,2026-08-24
INTC,87.26,2026-09-04,11,Call,96.00,-10.02%,1.12,1.18,1.27,2582,357,7.23,60.36%,65.80%,0.220453,2026-08-24
NVDA,208.48,2026-08-31,7,Put,200.00,-4.07%,3,3.05,3.1,3089,429,7.2,41.48%,57.26%,-0.284298,2026-08-24
PBR,18.6,2026-09-18,25,Call,12.00,+35.48%,5.95,6.65,7.25,4380,608,7.2,34.39%,92.45%,0.972528,2026-08-24
JNJ,273.04,2026-08-28,4,Call,260.00,+4.78%,11.6,13,13.65,1092,152,7.18,22.89%,17.24%,0.996626,2026-08-24
FRO,44.05,2026-10-16,53,Call,49.00,-11.24%,0.9,1.15,2.05,1666,233,7.15,61.39%,50.96%,0.300196,2026-08-24
INTC,87.26,2026-08-28,4,Call,85.00,+2.59%,3.7,3.75,3.85,1782,250,7.13,60.36%,68.53%,0.657733,2026-08-24
WULF,15.48,2026-09-11,18,Call,20.00,-29.20%,0.15,0.21,0.24,5858,822,7.13,88.69%,96.60%,0.128506,2026-08-24
TSLA,348.95,2026-08-31,7,Put,352.50,+1.02%,9.1,8.9,9.55,890,125,7.12,40.84%,38.92%,-0.560123,2026-08-24
JNJ,273.04,2026-09-18,25,Call,170.00,+37.74%,101.85,103.03,104.25,1081,152,7.11,22.89%,49.73%,0.998594,2026-08-24
MA,599.86,2026-08-28,4,Call,610.00,-1.69%,1.65,2.1,2.2,1115,157,7.1,21.09%,21.90%,0.240278,2026-08-24
PBR,18.6,2026-08-28,4,Call,17.00,+8.60%,1.29,1.68,1.68,2680,378,7.09,34.39%,72.61%,0.889135,2026-08-24
META,559.02,2026-08-26,2,Put,520.00,-6.98%,0.09,0.12,0.16,911,129,7.06,35.49%,46.90%,-0.0176,2026-08-24
TSLA,348.95,2026-08-26,2,Put,330.00,-5.43%,0.34,0.34,0.35,4588,650,7.06,40.84%,49.62%,-0.061361,2026-08-24
META,559.02,2026-08-28,4,Call,585.00,-4.65%,1.85,1.94,1.98,7182,1018,7.06,35.49%,41.42%,0.154376,2026-08-24
CIFR,15.36,2026-09-04,11,Put,16.50,+7.42%,1.81,1.87,1.94,2658,378,7.03,104.59%,111.94%,-0.605411,2026-08-24
PONY,7.55,2026-09-11,18,Put,7.00,-7.28%,0.12,0.21,0.21,1211,173,7,70.17%,59.60%,-0.256393,2026-08-24
SOC,4.87,2026-09-04,11,Put,4.50,-7.60%,0.12,0.16,0.31,840,121,6.94,104.30%,115.17%,-0.308564,2026-08-24
CIM,11.62,2026-12-18,116,Call,12.00,-3.27%,0.2,0.26,0.3,836,121,6.91,27.66%,20.14%,0.324365,2026-08-24
AMD,456.74,2026-08-26,2,Call,480.00,-5.09%,0.91,0.94,0.98,1304,189,6.9,53.05%,53.58%,0.109837,2026-08-24
CRWV,86.25,2026-10-16,53,Put,55.00,-36.23%,0.7,0.73,0.77,17820,2581,6.9,77.31%,83.26%,-0.055648,2026-08-24
Q,126.24,2026-09-18,25,Put,120.00,-4.94%,3.2,4.56,4.6,2438,354,6.89,54.22%,51.81%,-0.324141,2026-08-24
TSLA,348.95,2026-09-04,11,Call,455.00,-30.39%,0.14,0.2,0.16,1129,164,6.88,40.84%,65.25%,0.011422,2026-08-24
ASST,19.73,2026-08-28,4,Call,18.50,+6.23%,1.58,1.81,1.99,1021,149,6.85,104.37%,132.04%,0.704622,2026-08-24
SBET,8.27,2026-10-16,53,Put,8.00,-3.26%,0.92,0.94,0.95,8563,1256,6.82,88.06%,88.10%,-0.390066,2026-08-24
BTDR,10.91,2026-08-28,4,Call,12.50,-14.57%,0.1,0.13,0.2,1644,241,6.82,102.87%,135.62%,0.188196,2026-08-24
PBR,18.6,2027-01-15,144,Call,10.00,+46.24%,7.1,8.55,9.7,2920,428,6.82,34.39%,43.53%,0.990183,2026-08-24
BBWI,19.17,2026-08-28,4,Call,19.00,+0.89%,1,1.18,1.25,763,112,6.81,66.39%,130.42%,0.552791,2026-08-24
TSLA,348.95,2026-08-28,4,Put,355.00,+1.73%,9.85,10.05,10.05,7867,1155,6.81,40.84%,44.66%,-0.632477,2026-08-24
UCTT,72.78,2026-09-18,25,Call,100.00,-37.40%,0.6,0.86,1,1006,148,6.8,89.30%,88.94%,0.107859,2026-08-24
HTZ,2.19,2026-10-16,53,Put,2.00,-8.68%,0.18,0.23,0.24,1687,248,6.8,98.18%,94.75%,-0.328531,2026-08-24
BE,204.02,2026-09-11,18,Put,195.00,-4.42%,11.05,11.95,12.7,2129,314,6.78,89.63%,91.40%,-0.370094,2026-08-24
CRWV,86.25,2026-09-04,11,Call,97.00,-12.46%,1.46,1.52,1.52,1158,171,6.77,77.31%,81.46%,0.225936,2026-08-24
NVDA,208.48,2026-08-31,7,Call,215.00,-3.13%,4,4.1,4.1,11917,1763,6.76,41.48%,57.92%,0.368276,2026-08-24
WBD,28.7,2027-05-21,270,Put,25.00,-12.89%,1.1,1.16,1.25,2964,439,6.75,19.49%,31.25%,-0.230991,2026-08-24
SKHY,155.37,2027-03-19,207,Call,160.00,-2.98%,32.1,34.1,34.9,1025,152,6.74,72.27%,73.58%,0.604444,2026-08-24
ZURA,6.3,2026-09-18,25,Call,7.50,-19.05%,0.3,0.4,0.5,3307,493,6.71,196.33%,121.10%,0.350518,2026-08-24
DNN,3.54,2026-10-02,39,Call,1.00,+71.75%,2.25,2.6,2.85,704,105,6.7,61.90%,180.50%,0.99274,2026-08-24
RXT,3.12,2027-01-15,144,Call,6.00,-92.31%,0.3,0.32,0.4,2096,313,6.7,112.50%,121.05%,0.32273,2026-08-24
AAPL,310.34,2026-08-26,2,Put,307.50,-0.92%,1.12,1.18,1.19,5178,776,6.67,24.72%,25.43%,-0.306332,2026-08-24
NVDA,208.48,2026-09-25,32,Call,210.00,-0.73%,9.5,9.58,9.65,2075,312,6.65,41.48%,40.69%,0.509137,2026-08-24
AG,20.83,2026-12-18,116,Put,19.00,-8.79%,2.09,2.11,2.13,1588,239,6.64,66.93%,68.05%,-0.324641,2026-08-24
GOOGL,348.06,2026-08-26,2,Call,347.50,+0.16%,3.2,3.52,3.7,2404,362,6.64,28.66%,30.46%,0.536209,2026-08-24
MSTR,122.63,2026-09-04,11,Call,126.00,-2.75%,5.55,5.75,5.9,749,113,6.63,77.08%,84.06%,0.458053,2026-08-24
LAZ,44.07,2026-09-18,25,Call,45.00,-2.11%,1.1,1.25,1.5,1227,185,6.63,40.59%,37.39%,0.431741,2026-08-24
VKTX,33.23,2026-08-28,4,Call,40.00,-20.37%,0.08,0.1,0.1,2132,323,6.6,83.76%,108.56%,0.058048,2026-08-24
SMCI,35.17,2026-08-28,4,Call,36.50,-3.78%,0.57,0.63,0.7,1253,190,6.59,71.05%,78.74%,0.342986,2026-08-24
CMG,38.02,2026-09-04,11,Call,36.00,+5.31%,2.28,2.4,2.5,3657,556,6.58,35.33%,41.24%,0.792119,2026-08-24
GOOGL,348.06,2026-08-26,2,Put,340.00,-2.32%,0.55,0.55,0.65,1543,235,6.57,28.66%,30.62%,-0.146258,2026-08-24
LMND,53.85,2026-08-28,4,Call,58.00,-7.71%,0.1,0.2,0.2,969,148,6.55,55.10%,54.81%,0.104112,2026-08-24
TCOM,46.02,2026-10-16,53,Put,40.00,-13.08%,0,0.45,0.5,1094,167,6.55,33.75%,29.96%,-0.096457,2026-08-24
MU,910.43,2026-08-26,2,Call,960.00,-5.44%,3.55,3.75,3.85,2142,327,6.55,64.44%,68.84%,0.155974,2026-08-24
TSEM,211.1,2026-09-18,25,Put,200.00,-5.26%,10.6,10.8,14.5,4020,614,6.55,76.52%,82.45%,-0.357976,2026-08-24
DOW,31.44,2026-09-04,11,Call,32.00,-1.78%,0.33,0.48,0.65,783,120,6.53,39.45%,33.66%,0.390804,2026-08-24
NOW,128.05,2027-01-15,144,Call,296.00,-131.16%,0.35,0.35,0.66,3617,555,6.52,52.93%,62.79%,0.029467,2026-08-24
MSTR,122.63,2026-08-28,4,Put,120.00,-2.14%,3.35,3.44,3.5,6204,952,6.52,77.08%,91.63%,-0.390694,2026-08-24
NB,4.25,2026-09-18,25,Call,5.00,-17.65%,0.1,0.15,0.2,7072,1089,6.49,92.72%,87.40%,0.279149,2026-08-24
BABA,118.47,2026-08-28,4,Put,111.00,-6.31%,0.25,0.25,0.32,797,123,6.48,42.50%,48.99%,-0.097447,2026-08-24
SNAP,5.53,2026-09-04,11,Put,5.50,-0.54%,0.14,0.18,0.24,7108,1098,6.47,57.07%,54.29%,-0.454567,2026-08-24
QXO,13.41,2027-03-19,207,Put,10.00,-25.43%,0.85,0.9,1.05,1000,155,6.45,61.09%,67.86%,-0.193271,2026-08-24
SNDK,1493.12,2026-09-04,11,Call,"1,900.00",-27.25%,6.9,7.2,7.4,1464,227,6.45,77.82%,90.16%,0.072898,2026-08-24
BABA,118.47,2026-09-04,11,Put,110.00,-7.15%,0.57,0.62,0.75,2954,458,6.45,42.50%,41.81%,-0.144627,2026-08-24
BMNR,24.14,2026-09-04,11,Call,24.50,-1.49%,1.13,1.29,1.43,844,131,6.44,84.42%,85.69%,0.492742,2026-08-24
TSLA,348.95,2026-08-31,7,Call,352.50,-1.02%,6.05,6.28,6.2,1028,160,6.43,40.84%,39.57%,0.442507,2026-08-24
INTC,87.26,2026-08-26,2,Put,85.00,-2.59%,0.72,0.76,0.76,2444,380,6.43,60.36%,64.13%,-0.281047,2026-08-24
SPCX,135,2026-09-04,11,Call,148.00,-9.63%,1.53,1.54,1.59,2279,355,6.42,57.50%,60.10%,0.206481,2026-08-24
TSLA,348.95,2026-08-26,2,Call,370.00,-6.03%,0.3,0.3,0.32,17559,2739,6.41,40.84%,49.46%,0.05751,2026-08-24
GLW,145.55,2026-12-18,116,Put,80.00,-45.04%,0.73,1.06,1.22,1455,228,6.38,59.97%,67.98%,-0.037715,2026-08-24
SNDK,1493.12,2026-08-28,4,Call,"1,485.00",+0.54%,60.2,60.32,61.2,955,150,6.37,77.82%,90.49%,0.543454,2026-08-24
CBRS,185.43,2026-09-04,11,Call,260.00,-40.21%,0.7,0.93,1.3,730,115,6.35,87.19%,119.59%,0.064388,2026-08-24
PBR,18.6,2026-08-28,4,Call,16.50,+11.29%,1.91,2.12,2.18,4022,633,6.35,34.39%,64.77%,0.964033,2026-08-24
FCX,77.8,2026-09-11,18,Call,85.00,-9.25%,1.11,1.24,1.39,982,155,6.34,52.60%,52.55%,0.245598,2026-08-24
MU,910.43,2026-08-26,2,Put,865.00,-4.99%,3.6,3.6,3.9,681,108,6.31,64.44%,69.10%,-0.151528,2026-08-24
META,559.02,2026-08-26,2,Call,567.50,-1.52%,2.89,3.05,3.3,858,136,6.31,35.49%,38.70%,0.306722,2026-08-24
MRNA,138.89,2026-08-28,4,Call,120.00,+13.60%,19.05,21,21.1,1067,169,6.31,89.74%,125.88%,0.880682,2026-08-24
CRCL,87.72,2026-08-28,4,Call,93.00,-6.02%,1.67,1.75,1.92,1127,179,6.3,83.68%,102.49%,0.312946,2026-08-24
BMNR,24.14,2026-09-18,25,Put,24.00,-0.58%,1.95,2.01,2.04,919,146,6.29,84.42%,83.37%,-0.442615,2026-08-24
PBR,18.6,2027-01-15,144,Call,12.00,+35.48%,4.5,6.75,6.8,35040,5569,6.29,34.39%,47.93%,0.941805,2026-08-24
AVGO,358.76,2026-08-26,2,Call,370.00,-3.13%,1.05,1.1,1.15,2121,339,6.26,50.16%,43.97%,0.177024,2026-08-24
MU,910.43,2026-08-26,2,Call,"1,070.00",-17.53%,0.06,0.14,0.16,1094,175,6.25,64.44%,85.69%,0.006024,2026-08-24
CVNA,72.33,2026-09-04,11,Call,73.00,-0.93%,2.49,2.42,2.84,630,101,6.24,56.46%,58.69%,0.488502,2026-08-24
JNJ,273.04,2026-09-18,25,Call,160.00,+41.40%,111.65,112.7,114.2,1080,173,6.24,22.89%,60.90%,0.998545,2026-08-24
RKLB,68.28,2026-08-28,4,Call,69.00,-1.05%,1.84,1.9,1.94,1224,196,6.24,70.95%,77.45%,0.466549,2026-08-24
MU,910.43,2026-08-26,2,Put,850.00,-6.64%,2.03,2.1,2.19,2711,435,6.23,64.44%,71.46%,-0.092034,2026-08-24
TDOC,6.2,2026-09-11,18,Call,6.50,-4.84%,0.1,0.19,0.23,641,103,6.22,53.97%,50.99%,0.365073,2026-08-24
BE,204.02,2026-08-28,4,Put,182.50,-10.55%,1.31,1.28,1.41,745,120,6.21,89.63%,97.46%,-0.125651,2026-08-24
ALAB,277.53,2026-12-18,116,Put,200.00,-27.94%,15.4,15.75,17.6,801,129,6.21,83.97%,87.23%,-0.175305,2026-08-24
NVDA,208.48,2026-09-02,9,Call,212.50,-1.93%,5.3,5.44,5.5,1471,237,6.21,41.48%,54.37%,0.431685,2026-08-24
PBR,18.6,2026-09-18,25,Call,15.00,+19.35%,3.5,3.6,3.7,14630,2354,6.21,34.39%,33.53%,0.99223,2026-08-24
PBR,18.6,2026-09-18,25,Call,13.00,+30.11%,5.35,5.7,5.7,51117,8244,6.2,34.39%,89.34%,0.949624,2026-08-24
PRU,122.67,2026-09-18,25,Call,90.00,+26.63%,31.2,31,33.6,2400,387,6.2,21.98%,52.09%,0.993667,2026-08-24
NVDA,208.48,2026-09-04,11,Put,207.50,-0.47%,6.8,6.83,6.9,1466,237,6.19,41.48%,51.51%,-0.45775,2026-08-24
SNAP,5.53,2026-08-28,4,Put,5.50,-0.54%,0.12,0.12,0.14,6925,1122,6.17,57.07%,63.16%,-0.452135,2026-08-24
TSLA,348.95,2026-09-04,11,Call,352.50,-1.02%,8.6,9.1,9,943,153,6.16,40.84%,42.46%,0.465874,2026-08-24
AMD,456.74,2026-08-28,4,Call,460.00,-0.71%,9.3,10,9.95,1805,294,6.14,53.05%,57.97%,0.468067,2026-08-24
SNDK,1493.12,2026-08-28,4,Call,"1,550.00",-3.81%,33.4,33.8,34.1,2167,353,6.14,77.82%,90.65%,0.36602,2026-08-24
AMD,456.74,2026-08-26,2,Call,472.50,-3.45%,1.93,2,2.05,975,159,6.13,53.05%,53.21%,0.201458,2026-08-24
AVGO,358.76,2026-08-26,2,Put,355.00,-1.05%,2.62,2.75,2.88,1104,180,6.13,50.16%,41.71%,-0.35898,2026-08-24
NEM,131.84,2026-08-28,4,Put,125.00,-5.19%,0.13,0.59,0.74,615,101,6.09,47.47%,46.73%,-0.131456,2026-08-24
META,559.02,2026-08-26,2,Put,530.00,-5.19%,0.24,0.26,0.28,1231,203,6.06,35.49%,41.01%,-0.037827,2026-08-24
JNJ,273.04,2026-08-28,4,Call,257.50,+5.69%,13.6,15.7,16.9,1080,179,6.03,22.89%,30.83%,0.966733,2026-08-24
FIG,27.44,2026-08-28,4,Call,27.50,-0.22%,0.82,0.9,0.93,1445,240,6.02,72.90%,78.43%,0.507695,2026-08-24
MU,910.43,2026-08-31,7,Put,850.00,-6.64%,8.25,8.75,8.9,606,101,6,64.44%,60.90%,-0.193842,2026-08-24
ETSY,87.03,2026-10-16,53,Put,85.00,-2.33%,4.4,4.8,5,660,110,6,44.39%,44.78%,-0.402065,2026-08-24
BE,204.02,2026-08-28,4,Call,230.00,-12.73%,1.55,1.64,1.62,3759,628,5.99,89.63%,103.18%,0.146381,2026-08-24
HBAN,17.04,2026-09-18,25,Call,18.00,-5.63%,0.05,0.1,0.15,6058,1011,5.99,23.22%,22.69%,0.185601,2026-08-24
MCHP,74.21,2026-10-16,53,Call,75.00,-1.06%,5.2,5.3,5.4,2928,490,5.98,47.70%,49.83%,0.517726,2026-08-24
SPCX,135,2026-08-28,4,Put,136.00,+0.74%,4.1,4.15,4.2,10422,1747,5.97,57.50%,64.60%,-0.528207,2026-08-24
AAOI,107.63,2026-09-04,11,Put,90.00,-16.38%,1.2,1.45,1.95,697,117,5.96,100.81%,106.13%,-0.142645,2026-08-24
META,559.02,2026-08-26,2,Put,525.00,-6.09%,0.15,0.18,0.19,1275,214,5.96,35.49%,43.62%,-0.024674,2026-08-24
ASST,19.73,2026-08-28,4,Call,23.00,-16.57%,0.21,0.28,0.28,2445,410,5.96,104.37%,141.21%,0.168296,2026-08-24
GOOGL,348.06,2026-08-28,4,Put,342.50,-1.60%,2.2,2.22,2.46,2837,476,5.96,28.66%,32.07%,-0.306431,2026-08-24
PBR,18.6,2026-09-18,25,Call,16.00,+13.98%,1.64,2.64,3.2,21903,3686,5.94,34.39%,34.67%,0.955154,2026-08-24
RXRX,3.25,2026-09-25,32,Call,1.00,+69.23%,1.73,2.34,2.97,1561,264,5.91,78.15%,338.10%,0.953645,2026-08-24
META,559.02,2026-08-26,2,Put,550.00,-1.61%,2.47,2.62,2.74,2001,339,5.9,35.49%,37.32%,-0.27143,2026-08-24
AMD,456.74,2026-09-04,11,Call,460.00,-0.71%,15,16.2,16.85,606,103,5.88,53.05%,54.44%,0.49349,2026-08-24
ELF,105.95,2028-01-21,515,Call,180.00,-69.89%,15.05,15.05,16.65,806,137,5.88,50.36%,63.76%,0.403005,2026-08-24
PBR,18.6,2026-08-28,4,Call,17.50,+5.91%,1.01,1.15,1.16,73016,12412,5.88,34.39%,47.64%,0.894115,2026-08-24
AMD,456.74,2027-09-17,389,Put,220.00,-51.83%,8.9,8.99,9.15,785,134,5.86,53.05%,59.03%,-0.058655,2026-08-24
TSLA,348.95,2026-08-31,7,Call,340.00,+2.56%,12.85,13.21,13.25,2749,469,5.86,40.84%,39.90%,0.695178,2026-08-24
LEN,88.16,2026-08-28,4,Call,91.00,-3.22%,0.2,0.7,0.7,3143,537,5.85,40.28%,38.61%,0.223403,2026-08-24
MU,910.43,2026-08-26,2,Put,800.00,-12.13%,0.28,0.33,0.34,1966,337,5.83,64.44%,82.16%,-0.015413,2026-08-24
MU,910.43,2026-08-26,2,Put,875.00,-3.89%,5.35,5.51,5.65,692,119,5.82,64.44%,68.13%,-0.207306,2026-08-24
SPCX,135,2026-08-28,4,Call,138.00,-2.22%,2.42,2.45,2.46,9593,1651,5.81,57.50%,65.44%,0.38943,2026-08-24
BE,204.02,2026-10-16,53,Call,380.00,-86.26%,1.83,2.18,2.54,767,132,5.81,89.63%,98.71%,0.073388,2026-08-24
NIO,4.36,2026-09-04,11,Call,4.00,+8.26%,0.42,0.43,0.47,1334,230,5.8,59.77%,74.61%,0.769945,2026-08-24
PBR,18.6,2026-09-18,25,Call,17.00,+8.60%,1.4,1.62,1.83,93473,16125,5.8,34.39%,15.62%,0.985856,2026-08-24
GLW,145.55,2026-08-28,4,Put,138.00,-5.19%,1.09,1.35,1.55,787,136,5.79,59.97%,68.06%,-0.215555,2026-08-24
CYPH,1.68,2026-09-18,25,Call,2.0000,-19.05%,0.15,0.15,0.25,4754,823,5.78,168.26%,176.16%,0.443401,2026-08-24
RKLB,68.28,2026-08-28,4,Call,72.00,-5.45%,0.9,0.9,0.95,1217,211,5.77,70.95%,79.19%,0.27634,2026-08-24
INTC,87.26,2026-09-04,11,Call,101.00,-15.75%,0.46,0.56,0.64,1997,347,5.76,60.36%,66.92%,0.116466,2026-08-24
SRE,84.57,2026-10-16,53,Call,90.00,-6.42%,1.3,1.4,1.45,817,142,5.75,30.06%,25.71%,0.280826,2026-08-24
HPQ,28.58,2026-11-20,88,Put,30.00,+4.97%,3.55,3.56,3.75,3001,522,5.75,57.90%,50.66%,-0.525571,2026-08-24
MSFT,487.31,2026-08-28,4,Put,480.00,-1.50%,2.87,2.93,3,7899,1373,5.75,25.98%,29.36%,-0.302876,2026-08-24
SNDK,1493.12,2026-09-04,11,Call,"2,100.00",-40.65%,1.3,1.9,2.4,579,101,5.73,77.82%,93.25%,0.021741,2026-08-24
EIX,73.97,2027-01-15,144,Call,77.50,-4.77%,2.5,3.8,5.6,1755,307,5.72,42.69%,30.53%,0.430302,2026-08-24
ONON,29.51,2026-08-28,4,Call,30.00,-1.66%,0.32,0.37,0.43,3653,639,5.72,40.68%,46.94%,0.381132,2026-08-24
HPQ,28.58,2026-08-28,4,Call,31.00,-8.47%,0.52,0.56,0.6,4332,758,5.72,57.90%,117.74%,0.274726,2026-08-24
SMTC,120.91,2026-09-18,25,Call,125.00,-3.38%,11.1,11.66,13,975,171,5.7,105.26%,108.46%,0.513348,2026-08-24
TSLA,348.95,2027-02-19,179,Call,700.00,-100.60%,2.92,3.06,3.1,1516,266,5.7,40.84%,55.22%,0.059605,2026-08-24
PBR,18.6,2026-08-28,4,Call,16.00,+13.98%,2.51,2.66,2.77,2680,471,5.69,34.39%,90.37%,0.94929,2026-08-24
META,559.02,2026-08-28,4,Call,595.00,-6.44%,0.96,1,1.07,6579,1157,5.69,35.49%,43.17%,0.088516,2026-08-24
TSLA,348.95,2026-08-28,4,Put,352.50,+1.02%,8.3,8.25,8.5,4819,849,5.68,40.84%,44.69%,-0.574035,2026-08-24
META,559.02,2026-08-26,2,Put,545.00,-2.51%,1.41,1.5,1.54,1045,184,5.68,35.49%,37.45%,-0.174628,2026-08-24
QFIN,10.99,2026-09-18,25,Call,12.50,-13.74%,0,0.25,0.35,2370,417,5.68,82.22%,59.13%,0.198735,2026-08-24
TSLA,348.95,2026-09-25,32,Call,360.00,-3.17%,12.5,12.58,12.65,2466,434,5.68,40.84%,40.85%,0.432326,2026-08-24
NIO,4.36,2026-10-02,39,Call,4.50,-3.21%,0.26,0.27,0.49,1304,230,5.67,59.77%,75.36%,0.504367,2026-08-24
AMD,456.74,2026-08-26,2,Call,475.00,-4.00%,1.52,1.56,1.61,1911,337,5.67,53.05%,53.30%,0.166343,2026-08-24
AMZN,262.07,2026-08-26,2,Call,270.00,-3.03%,0.31,0.32,0.33,8106,1433,5.66,29.69%,32.04%,0.10806,2026-08-24
TGT,169.89,2026-08-28,4,Put,165.00,-2.88%,0.6,0.62,0.65,1192,211,5.65,30.12%,32.74%,-0.191484,2026-08-24
TXT,82.13,2026-09-18,25,Put,80.00,-2.59%,0.75,0.85,1,2157,382,5.65,22.53%,21.25%,-0.295658,2026-08-24
INTC,87.26,2026-08-26,2,Put,87.00,-0.30%,1.47,1.51,1.54,2253,399,5.65,60.36%,63.67%,-0.4642,2026-08-24
AMD,456.74,2027-12-17,480,Put,260.00,-43.07%,20.65,21.15,21.15,1207,214,5.64,53.05%,57.90%,-0.105941,2026-08-24
MSTR,122.63,2026-09-04,11,Put,110.00,-10.30%,1.93,1.96,2.07,3815,678,5.63,77.08%,80.51%,-0.196376,2026-08-24
AAOI,107.63,2026-08-28,4,Put,95.00,-11.73%,0.75,0.8,0.95,1143,204,5.6,100.81%,111.34%,-0.128729,2026-08-24
INTC,87.26,2026-08-26,2,Call,92.00,-5.43%,0.3,0.34,0.38,3604,643,5.6,60.36%,67.81%,0.152571,2026-08-24
ABX,9.61,2026-09-18,25,Call,10.00,-4.06%,0.3,0.4,0.4,692,124,5.58,55.36%,50.12%,0.413409,2026-08-24
DIS,110.61,2026-08-28,4,Put,111.00,+0.35%,1.26,1.68,1.58,753,135,5.58,23.85%,26.39%,-0.543914,2026-08-24
SPCX,135,2026-08-28,4,Call,143.00,-5.93%,1.13,1.16,1.17,9347,1678,5.57,57.50%,67.24%,0.218553,2026-08-24
AAOI,107.63,2026-08-28,4,Put,80.00,-25.67%,0,0.11,0.15,662,119,5.56,100.81%,132.72%,-0.013649,2026-08-24
ONDS,8.24,2026-10-02,39,Put,7.50,-8.98%,0.43,0.45,0.49,1027,185,5.55,78.39%,76.82%,-0.303774,2026-08-24
NVDA,208.48,2026-08-28,4,Call,207.50,+0.47%,6.8,6.86,6.9,8174,1472,5.55,41.48%,72.68%,0.541592,2026-08-24
MU,910.43,2026-08-28,4,Put,750.00,-17.62%,0.36,0.42,0.45,8746,1580,5.54,64.44%,85.83%,-0.013689,2026-08-24
PBR,18.6,2026-12-18,116,Call,13.00,+30.11%,3.65,5.7,7.7,18980,3429,5.54,34.39%,37.42%,0.959838,2026-08-24
NVDA,208.48,2026-08-28,4,Call,210.00,-0.73%,5.65,5.65,5.7,52381,9479,5.53,41.48%,72.96%,0.479075,2026-08-24
AVGO,358.76,2026-08-26,2,Call,365.00,-1.74%,1.89,2.2,2.27,902,163,5.53,50.16%,42.24%,0.297762,2026-08-24
CRWV,86.25,2026-08-28,4,Call,84.00,+2.61%,4.25,4,4.45,1032,187,5.52,77.31%,86.53%,0.63365,2026-08-24
IOVA,8.06,2026-08-28,4,Put,8.00,-0.74%,0.25,0.3,0.35,4362,792,5.51,99.83%,98.61%,-0.449397,2026-08-24
MSFT,487.31,2026-08-31,7,Call,505.00,-3.63%,1.26,1.34,1.59,665,121,5.5,25.98%,25.20%,0.161381,2026-08-24
RKLB,68.28,2026-08-28,4,Call,71.00,-3.98%,1.14,1.16,1.2,746,136,5.49,70.95%,77.97%,0.332508,2026-08-24
MSFT,487.31,2026-08-26,2,Call,492.50,-1.07%,1.95,2.05,2.08,1868,340,5.49,25.98%,28.14%,0.311826,2026-08-24
CBRS,185.43,2027-01-15,144,Call,190.00,-2.46%,39.6,40.45,41.8,705,129,5.47,87.19%,90.20%,0.605308,2026-08-24
BF.B,28.75,2026-09-18,25,Call,32.50,-13.04%,0.1,0.1,0.15,798,146,5.47,39.09%,35.53%,0.102082,2026-08-24
META,559.02,2026-08-28,4,Call,552.50,+1.17%,12.65,14,13.6,858,157,5.46,35.49%,40.46%,0.620422,2026-08-24
SPCX,135,2026-09-04,11,Put,139.00,+2.96%,7.6,7.77,7.9,599,110,5.45,57.50%,59.12%,-0.58927,2026-08-24
CCL,25.71,2027-06-17,297,Put,20.00,-22.21%,1.35,1.52,1.6,1657,304,5.45,41.93%,46.39%,-0.198562,2026-08-24
SPCX,135,2026-09-04,11,Put,135.00,0.00%,5.4,5.44,5.5,9182,1688,5.44,57.50%,59.04%,-0.476211,2026-08-24
NBIS,210.91,2026-09-11,18,Call,240.00,-13.79%,6.65,6.97,8.05,879,162,5.43,90.97%,91.50%,0.299603,2026-08-24
HIMS,31.08,2026-08-28,4,Put,30.50,-1.87%,0.69,0.8,0.78,1075,198,5.43,71.83%,78.03%,-0.391426,2026-08-24
PBR,18.6,2026-08-28,4,Call,15.50,+16.67%,3.05,3.05,3.2,1341,247,5.43,34.39%,96.23%,0.968409,2026-08-24
QURE,47.46,2026-10-16,53,Put,40.00,-15.72%,4.1,4.41,4.8,2283,421,5.42,104.60%,116.99%,-0.268765,2026-08-24
AAPL,310.34,2026-08-26,2,Call,310.00,+0.11%,2.5,2.59,2.65,4605,851,5.41,24.72%,25.90%,0.530342,2026-08-24
AMZN,262.07,2028-06-16,662,Call,190.00,+27.50%,99.85,101.95,103.75,550,102,5.39,29.69%,41.09%,0.839157,2026-08-24
AMD,456.74,2026-08-26,2,Call,487.50,-6.73%,0.39,0.4,0.44,818,152,5.38,53.05%,54.05%,0.054389,2026-08-24
JNJ,273.04,2026-09-18,25,Call,210.00,+23.09%,61.4,63,64.95,1663,309,5.38,22.89%,29.91%,0.99834,2026-08-24
CRWV,86.25,2026-08-28,4,Call,85.00,+1.45%,3.7,3.75,3.85,2025,377,5.37,77.31%,86.48%,0.583532,2026-08-24
MSFT,487.31,2026-08-26,2,Call,497.50,-2.09%,0.83,0.88,0.93,984,184,5.35,25.98%,28.17%,0.16486,2026-08-24
BABA,118.47,2026-09-04,11,Call,120.00,-1.29%,2.8,3.33,3.45,2665,500,5.33,42.50%,46.53%,0.452734,2026-08-24
SMCI,35.17,2026-08-28,4,Call,34.50,+1.91%,1.45,1.55,1.59,1027,193,5.32,71.05%,78.80%,0.609977,2026-08-24
NVO,46.92,2028-06-16,662,Call,75.00,-59.85%,3.45,3.75,3.95,2201,414,5.32,32.95%,46.04%,0.27129,2026-08-24
PPL,35.04,2026-10-16,53,Call,36.00,-2.74%,0.5,0.58,0.7,2412,453,5.32,18.24%,18.55%,0.366496,2026-08-24
BE,204.02,2026-09-25,32,Call,240.00,-17.64%,10.35,10.47,10.95,733,138,5.31,89.63%,93.33%,0.33072,2026-08-24
MU,910.43,2026-08-28,4,Put,915.00,+0.50%,28.55,28.37,30.2,1557,293,5.31,64.44%,71.37%,-0.510173,2026-08-24
BE,204.02,2026-08-28,4,Call,200.00,+1.97%,10.1,10.95,10.65,6577,1238,5.31,89.63%,96.81%,0.599089,2026-08-24
OLED,84.71,2026-09-18,25,Put,70.00,-17.37%,0.1,0.26,0.45,603,114,5.29,44.79%,48.32%,-0.057186,2026-08-24
JNJ,273.04,2026-09-18,25,Call,200.00,+26.75%,71.65,72.65,74.2,3790,720,5.26,22.89%,38.69%,0.997812,2026-08-24
CRCL,87.72,2026-08-28,4,Put,87.00,-0.82%,3,3.2,3.2,583,111,5.25,83.68%,94.96%,-0.445939,2026-08-24
AAL,13.63,2026-10-16,53,Call,17.00,-24.72%,0.12,0.2,0.2,614,117,5.25,47.86%,48.48%,0.135708,2026-08-24
MU,910.43,2026-08-26,2,Call,"1,000.00",-9.84%,0.9,0.9,0.96,7125,1356,5.25,64.44%,73.94%,0.046128,2026-08-24
MARA,11.18,2026-09-25,32,Put,9.50,-15.03%,0.35,0.4,0.45,8330,1591,5.24,88.44%,85.53%,-0.217437,2026-08-24
TSLA,348.95,2026-08-26,2,Call,382.50,-9.61%,0.08,0.1,0.1,906,173,5.24,40.84%,57.77%,0.016981,2026-08-24
TUYA,1.76,2026-09-18,25,Call,2.0000,-13.64%,0.05,0.1,0.1,1195,228,5.24,88.64%,85.40%,0.326661,2026-08-24
PL,21.57,2026-08-28,4,Call,24.00,-11.27%,0.05,0.12,0.2,837,160,5.23,105.00%,87.19%,0.131443,2026-08-24
IOT,40.33,2026-11-20,88,Call,50.00,-23.98%,1.25,1.85,2.85,966,185,5.22,78.02%,62.59%,0.302674,2026-08-24
SPCX,135,2026-08-28,4,Call,135.00,0.00%,3.65,3.75,3.75,22924,4401,5.21,57.50%,65.18%,0.515932,2026-08-24
COHR,275.49,2026-08-28,4,Call,305.00,-10.71%,1.7,2.04,2.5,593,114,5.2,77.26%,91.99%,0.157554,2026-08-24
MU,910.43,2026-08-26,2,Put,870.00,-4.44%,4.4,4.5,4.7,1445,278,5.2,64.44%,68.58%,-0.177808,2026-08-24
CYPH,1.68,2027-03-19,207,Call,2.0000,-19.05%,0.6,0.7,0.8,678,131,5.18,168.26%,161.84%,0.68611,2026-08-24
NEM,131.84,2026-08-28,4,Put,124.00,-5.95%,0.34,0.58,0.55,522,101,5.17,47.47%,51.88%,-0.122741,2026-08-24
AMD,456.74,2026-08-28,4,Put,457.50,+0.17%,11.05,11.96,11.5,672,130,5.17,53.05%,57.51%,-0.496823,2026-08-24
CVNA,72.33,2027-06-17,297,Call,90.00,-24.43%,11.05,10.99,11.7,2260,437,5.17,56.46%,63.07%,0.482969,2026-08-24
BABA,118.47,2026-10-16,53,Call,145.00,-22.39%,1.67,1.85,1.84,22872,4431,5.16,42.50%,49.19%,0.162285,2026-08-24
SNDK,1493.12,2026-08-28,4,Put,"1,470.00",-1.55%,44.6,45.65,45.3,979,190,5.15,77.82%,90.53%,-0.414653,2026-08-24
TEAM,171.33,2026-08-28,4,Call,180.00,-5.06%,1.25,2,2.5,1323,257,5.15,59.85%,68.91%,0.26018,2026-08-24
APH,155.55,2026-10-16,53,Call,170.00,-9.29%,4.6,5,5.3,2031,394,5.15,42.45%,42.19%,0.328042,2026-08-24
SKHY,155.37,2026-08-28,4,Put,152.50,-1.85%,3.8,3.9,4,3027,588,5.15,72.27%,81.44%,-0.395392,2026-08-24
AQST,4.8,2026-10-16,53,Call,5.00,-4.17%,0.35,0.37,0.4,3089,600,5.15,55.23%,61.58%,0.486557,2026-08-24
TSLA,348.95,2026-08-26,2,Put,362.50,+3.88%,13.5,13.45,14.85,4024,781,5.15,40.84%,43.65%,-0.87771,2026-08-24
QBTS,18.68,2028-01-21,515,Call,8.00,+57.17%,11.6,12.41,12.55,4737,922,5.14,77.77%,79.71%,0.92359,2026-08-24
PRU,122.67,2026-09-18,25,Call,100.00,+18.48%,21.2,22.31,24.5,4854,947,5.13,21.98%,46.14%,0.961075,2026-08-24
NBIS,210.91,2026-08-28,4,Call,210.00,+0.43%,9.2,9.36,9.65,2520,491,5.13,90.97%,101.55%,0.538865,2026-08-24
COSM,0.2066,2027-04-16,235,Call,0.5000,-142.01%,0.05,0.1,0.1,516,101,5.11,271.96%,190.74%,0.581013,2026-08-24
VALE,15.04,2026-10-16,53,Call,15.00,+0.27%,0.85,0.84,0.9,787,154,5.11,33.91%,40.02%,0.51719,2026-08-24
JNJ,273.04,2026-08-28,4,Call,255.00,+6.61%,16.65,18,19.2,2331,456,5.11,22.89%,24.11%,0.996592,2026-08-24
SNDK,1493.12,2026-08-28,4,Put,"1,480.00",-0.88%,49.1,49.8,49.9,1581,310,5.1,77.82%,90.35%,-0.442711,2026-08-24
BE,204.02,2026-08-28,4,Call,205.00,-0.48%,7.75,8,8.15,2136,419,5.1,89.63%,98.32%,0.503494,2026-08-24
SPCX,135,2027-12-17,480,Put,85.00,-37.04%,10.05,10.45,10.8,661,130,5.08,57.50%,63.29%,-0.144854,2026-08-24
RKLB,68.28,2026-08-28,4,Call,70.00,-2.52%,1.5,1.52,1.53,2199,434,5.07,70.95%,78.35%,0.398392,2026-08-24
BMNR,24.14,2026-08-28,4,Call,24.50,-1.49%,0.84,0.89,0.88,3685,727,5.07,84.42%,101.07%,0.466744,2026-08-24
INTC,87.26,2026-09-11,18,Put,76.00,-12.90%,0.77,0.77,0.93,547,108,5.06,60.36%,60.63%,-0.134847,2026-08-24
MRVL,229.29,2026-08-28,4,Put,172.50,-24.77%,0.09,0.18,0.25,572,113,5.06,79.63%,129.13%,-0.0148,2026-08-24
AVGO,358.76,2026-08-26,2,Call,360.00,-0.35%,3.9,3.95,4.15,638,126,5.06,50.16%,43.28%,0.465424,2026-08-24
AMC,2.67,2026-10-16,53,Call,3.00,-12.36%,0.2,0.24,0.27,2392,474,5.05,84.90%,88.57%,0.426723,2026-08-24
GOOG,344.59,2026-10-02,39,Call,380.00,-10.28%,2.76,3.01,3.3,618,123,5.02,28.90%,29.49%,0.176553,2026-08-24
IONQ,41.06,2026-08-28,4,Call,44.50,-8.38%,0.41,0.46,0.47,531,106,5.01,79.86%,89.78%,0.210435,2026-08-24
TSLA,348.95,2026-08-31,7,Call,370.00,-6.03%,1.64,1.66,1.7,5526,1102,5.01,40.84%,41.28%,0.16255,2026-08-24
SNDK,1493.12,2026-08-28,4,Put,"1,300.00",-12.93%,5,5.11,5.1,5033,1008,4.99,77.82%,94.69%,-0.073456,2026-08-24
SPCX,135,2026-08-28,4,Call,148.00,-9.63%,0.52,0.53,0.54,10925,2190,4.99,57.50%,70.20%,0.113331,2026-08-24
MSTR,122.63,2026-09-04,11,Call,127.00,-3.56%,5.15,5.4,5.6,787,158,4.98,77.08%,84.54%,0.437309,2026-08-24
STZ,137.6,2026-12-18,116,Put,125.00,-9.16%,3.6,3.36,4.2,502,101,4.97,29.06%,30.40%,-0.252557,2026-08-24
PRU,122.67,2026-09-18,25,Call,105.00,+14.40%,16.9,16.8,18.9,3601,728,4.95,21.98%,38.31%,0.945972,2026-08-24
FOXA,69.21,2026-10-16,53,Call,65.00,+6.08%,5.8,5.8,6.1,741,150,4.94,33.11%,32.45%,0.722105,2026-08-24
ARES,140.01,2026-11-20,88,Call,155.00,-10.71%,4.7,5.05,5.8,562,114,4.93,37.91%,38.99%,0.328772,2026-08-24
LITE,830.17,2026-08-28,4,Put,770.00,-7.25%,8.9,9.4,9.3,535,109,4.91,78.12%,90.38%,-0.198665,2026-08-24
BRK.B,504.32,2026-09-04,11,Call,505.00,-0.13%,4.35,4.75,4.9,687,140,4.91,13.78%,13.42%,0.500308,2026-08-24
TSLA,348.95,2026-08-28,4,Put,357.50,+2.45%,11.6,11.69,11.75,3665,746,4.91,40.84%,44.91%,-0.686523,2026-08-24
AAPL,310.34,2026-08-31,7,Call,312.50,-0.70%,3,3.1,3.15,1252,257,4.87,24.72%,23.14%,0.428239,2026-08-24
TSM,410.12,2026-08-28,4,Call,412.50,-0.58%,5.4,5.1,5.8,776,160,4.85,34.96%,38.81%,0.454454,2026-08-24
MU,910.43,2026-10-16,53,Put,850.00,-6.64%,59.3,60.7,61.05,1432,295,4.85,64.44%,66.63%,-0.339275,2026-08-24
DNN,3.54,2026-10-16,53,Call,4.00,-12.99%,0.2,0.22,0.25,12674,2612,4.85,61.90%,71.57%,0.385165,2026-08-24
DIS,110.61,2026-08-28,4,Put,108.00,-2.36%,0.29,0.38,0.38,528,109,4.84,23.85%,26.82%,-0.192659,2026-08-24
INTC,87.26,2026-08-26,2,Put,86.00,-1.44%,1.05,1.06,1.17,3602,744,4.84,60.36%,65.29%,-0.371392,2026-08-24
ZM,104.83,2026-08-28,4,Put,90.00,-14.15%,0.29,0.33,0.4,749,155,4.83,54.55%,101.37%,-0.067606,2026-08-24
JNJ,273.04,2026-08-28,4,Call,250.00,+8.44%,21.45,22.82,24.75,540,112,4.82,22.89%,33.79%,0.993826,2026-08-24
INTC,87.26,2026-09-11,18,Put,80.00,-8.32%,1.55,1.62,1.77,5232,1086,4.82,60.36%,59.47%,-0.23146,2026-08-24
DRTS,14.7,2027-01-15,144,Call,17.50,-19.05%,1.2,1.75,2,515,107,4.81,74.93%,67.61%,0.435439,2026-08-24
BA,210.46,2026-08-28,4,Put,197.50,-6.16%,0.08,0.12,0.15,716,149,4.81,29.70%,34.42%,-0.037421,2026-08-24
BULL,8.53,2026-09-04,11,Put,8.50,-0.35%,0.37,0.39,0.4,813,169,4.81,61.19%,68.55%,-0.461575,2026-08-24
ASTS,62.35,2026-08-28,4,Put,56.00,-10.18%,0.21,0.28,0.33,1149,239,4.81,78.19%,83.46%,-0.100732,2026-08-24
BABA,118.47,2026-11-20,88,Call,155.00,-30.83%,2.31,2.6,2.8,2269,472,4.81,42.50%,51.80%,0.175691,2026-08-24
NVDA,208.48,2027-03-19,207,Call,335.00,-60.69%,2.38,2.52,2.57,1753,365,4.8,41.48%,40.91%,0.093043,2026-08-24
CAVA,71.93,2026-08-28,4,Call,75.00,-4.27%,0.6,0.67,0.74,1469,307,4.79,49.77%,58.55%,0.259494,2026-08-24
INTC,87.26,2026-08-26,2,Put,84.00,-3.74%,0.48,0.51,0.58,2418,505,4.79,60.36%,66.62%,-0.211897,2026-08-24
MU,910.43,2026-09-04,11,Call,970.00,-6.54%,18.2,20,20.75,788,165,4.78,64.44%,65.33%,0.311093,2026-08-24
MU,910.43,2026-08-28,4,Call,925.00,-1.60%,20.25,20.7,21,871,183,4.76,64.44%,70.85%,0.43181,2026-08-24
COF,216.27,2027-03-19,207,Put,200.00,-7.52%,11.4,11.7,12.1,1156,243,4.76,27.74%,31.96%,-0.309856,2026-08-24
SNDK,1493.12,2026-09-25,32,Put,"1,200.00",-19.63%,26.3,28.89,31.9,965,203,4.75,77.82%,79.44%,-0.144749,2026-08-24
WMB,70.97,2028-01-21,515,Call,85.00,-19.77%,4.7,4.95,5.1,1012,213,4.75,27.59%,28.06%,0.357915,2026-08-24
SNAP,5.53,2026-10-02,39,Call,6.00,-8.50%,0.24,0.25,0.26,1197,252,4.75,57.07%,58.42%,0.377904,2026-08-24
SKHY,155.37,2026-11-20,88,Put,150.00,-3.46%,18.3,19,19.7,1573,332,4.74,72.27%,74.63%,-0.383094,2026-08-24
NET,280.35,2026-09-25,32,Put,210.00,-25.09%,0.38,0.83,1.54,530,112,4.73,53.62%,60.80%,-0.043468,2026-08-24
COIN,179.48,2026-08-28,4,Put,182.50,+1.68%,7.35,7.55,7.7,967,205,4.72,66.38%,78.49%,-0.562917,2026-08-24
ZM,104.83,2026-08-28,4,Put,95.00,-9.38%,0.72,0.98,1.15,1010,214,4.72,54.55%,98.82%,-0.156954,2026-08-24
BABA,118.47,2026-11-20,88,Call,145.00,-22.39%,3.5,3.5,4.45,1605,341,4.71,42.50%,51.58%,0.250068,2026-08-24
CELH,35.03,2026-08-28,4,Call,34.50,+1.51%,1.09,1.22,1.5,600,128,4.69,56.73%,68.89%,0.599872,2026-08-24
NVDA,208.48,2027-06-17,297,Put,140.00,-32.85%,4.55,4.6,4.75,120422,25745,4.68,41.48%,43.53%,-0.100937,2026-08-24
RDDT,152.7,2026-11-20,88,Put,170.00,+11.33%,27.8,29.4,31.45,500,107,4.67,58.36%,65.79%,-0.561937,2026-08-24
BROS,51.95,2026-08-28,4,Call,52.00,-0.10%,0.75,0.95,1.1,542,116,4.67,41.41%,43.30%,0.504075,2026-08-24
NVDA,208.48,2026-08-31,7,Call,205.00,+1.67%,8.4,8.45,8.6,822,176,4.67,41.48%,57.31%,0.602295,2026-08-24
JNJ,273.04,2026-08-28,4,Call,265.00,+2.94%,6.65,6.85,8.9,1812,388,4.67,22.89%,10.49%,0.996748,2026-08-24
AMD,456.74,2026-08-26,2,Put,447.50,-2.02%,3.25,3.32,3.4,825,177,4.66,53.05%,52.63%,-0.291523,2026-08-24
CAPR,6.8,2026-09-18,25,Put,8.00,+17.65%,1.3,1.8,1.8,511,110,4.65,117.54%,107.72%,-0.666823,2026-08-24
SPCX,135,2026-08-28,4,Call,134.00,+0.74%,4.1,4.15,4.25,4948,1063,4.65,57.50%,64.55%,0.559509,2026-08-24
AA,49.39,2026-08-28,4,Call,51.00,-3.26%,0.53,0.46,0.65,1077,232,4.64,51.55%,58.50%,0.312668,2026-08-24
MPC,362.52,2026-09-18,25,Call,370.00,-2.06%,11.7,11.62,13.1,1638,353,4.64,41.52%,40.83%,0.451305,2026-08-24
MELI,1947.9,2026-08-28,4,Call,"1,960.00",-0.62%,20,30.5,37,555,120,4.63,34.56%,41.51%,0.455519,2026-08-24
NBIS,210.91,2026-09-04,11,Call,260.00,-23.28%,2.15,2.22,2.36,2053,443,4.63,90.97%,99.70%,0.132169,2026-08-24
JNJ,273.04,2026-09-18,25,Call,220.00,+19.43%,51.1,53,54.2,3313,715,4.63,22.89%,27.73%,0.997436,2026-08-24
SNOW,322.78,2026-08-28,4,Put,305.00,-5.51%,1.78,2,2.25,943,204,4.62,71.18%,60.75%,-0.176575,2026-08-24
TEAM,171.33,2026-09-04,11,Put,160.00,-6.61%,2.4,2.63,2.95,563,122,4.61,59.85%,60.77%,-0.238709,2026-08-24
BLSH,30.61,2026-12-18,116,Put,25.00,-18.33%,1.87,2.33,2.69,945,205,4.61,78.89%,75.40%,-0.238011,2026-08-24
MU,910.43,2026-08-28,4,Call,920.00,-1.05%,22.35,22.65,23,2437,529,4.61,64.44%,70.76%,0.460609,2026-08-24
BA,210.46,2026-08-28,4,Call,212.50,-0.97%,1.86,2.03,2,801,174,4.6,29.70%,32.12%,0.393172,2026-08-24
F,13.93,2026-09-11,18,Put,15.00,+7.68%,1.06,1.11,1.19,805,175,4.6,32.81%,28.32%,-0.873171,2026-08-24
KSS,18.3,2026-08-28,4,Put,16.00,-12.57%,0.3,0.35,0.4,1453,316,4.6,79.12%,161.50%,-0.18949,2026-08-24
WULF,15.48,2027-05-21,270,Put,10.00,-35.40%,1.44,1.57,1.77,595,130,4.58,88.69%,78.47%,-0.184463,2026-08-24
CGAU,23.48,2027-01-15,144,Call,25.00,-6.47%,2.6,3,3.1,1021,223,4.58,57.30%,57.29%,0.513415,2026-08-24
AAPL,310.34,2026-08-26,2,Put,300.00,-3.33%,0.13,0.15,0.15,2924,639,4.58,24.72%,28.30%,-0.050947,2026-08-24
LCID,5.09,2026-10-16,53,Put,5.00,-1.77%,0.56,0.65,0.67,4114,898,4.58,81.08%,88.00%,-0.407822,2026-08-24
CRCL,87.72,2026-08-28,4,Put,89.00,+1.46%,4.2,4.4,4.45,507,111,4.57,83.68%,99.43%,-0.53353,2026-08-24
NBIS,210.91,2026-12-18,116,Put,155.00,-26.51%,15,16.8,17.3,617,135,4.57,90.97%,95.30%,-0.194583,2026-08-24
EYPT,4.87,2026-12-18,116,Put,5.00,+2.67%,1.6,2.1,2.55,2037,446,4.57,111.98%,193.50%,-0.298717,2026-08-24
SNDK,1493.12,2026-08-28,4,Call,"1,450.00",+2.89%,79.1,80,80.6,2447,536,4.57,77.82%,90.00%,0.641476,2026-08-24
VICR,189.99,2026-09-18,25,Put,165.00,-13.15%,3.2,6.5,9.4,1080,237,4.56,85.90%,85.93%,-0.227068,2026-08-24
PDD,87.07,2026-08-28,4,Call,89.00,-2.22%,0.75,0.88,1.02,3011,661,4.56,34.31%,45.26%,0.333345,2026-08-24
JNJ,273.04,2026-09-18,25,Call,180.00,+34.08%,91.65,93.2,94.2,5400,1184,4.56,22.89%,64.03%,0.993719,2026-08-24
SPCX,135,2026-09-04,11,Call,139.00,-2.96%,3.85,3.85,3.95,4099,900,4.55,57.50%,59.25%,0.41221,2026-08-24
GOOGL,348.06,2026-08-26,2,Put,342.50,-1.60%,0.99,1.03,1.1,599,132,4.54,28.66%,30.12%,-0.229362,2026-08-24
NVDA,208.48,2026-08-31,7,Call,210.00,-0.73%,5.95,6.05,6.05,6519,1438,4.53,41.48%,57.77%,0.482701,2026-08-24
PRU,122.67,2026-09-18,25,Call,110.00,+10.33%,12,12.5,13.8,5495,1218,4.51,21.98%,28.83%,0.931777,2026-08-24
JNJ,273.04,2026-09-18,25,Call,185.00,+32.24%,87.5,88,89,7562,1677,4.51,22.89%,63.20%,0.991406,2026-08-24
OKLO,39.69,2026-08-28,4,Put,37.00,-6.78%,0.38,0.46,0.5,1766,392,4.51,77.18%,87.14%,-0.206414,2026-08-24
CRWV,86.25,2028-12-15,844,Call,35.00,+59.42%,61,63.41,64.55,702,156,4.5,77.31%,88.77%,0.921508,2026-08-24
HIVE,2.86,2026-09-25,32,Call,3.50,-22.38%,0.1,0.16,0.2,543,121,4.49,95.29%,103.55%,0.310374,2026-08-24
BA,210.46,2026-09-04,11,Call,210.00,+0.22%,3.95,4.7,4.8,645,144,4.48,29.70%,28.51%,0.526619,2026-08-24
CSCO,110.23,2026-09-11,18,Call,111.00,-0.70%,2.62,2.76,2.79,1197,268,4.47,30.01%,30.87%,0.478886,2026-08-24
AA,49.39,2026-08-28,4,Put,48.00,-2.81%,0.5,0.72,0.58,517,116,4.46,51.55%,54.24%,-0.295956,2026-08-24
AAOI,107.63,2026-08-28,4,Put,100.00,-7.09%,1.7,1.85,2,2525,567,4.45,100.81%,109.15%,-0.240781,2026-08-24
AVGO,358.76,2026-08-26,2,Call,372.50,-3.83%,0.68,0.79,0.79,506,114,4.44,50.16%,43.90%,0.128053,2026-08-24
OKLO,39.69,2026-08-28,4,Call,40.00,-0.78%,1.41,1.45,1.5,674,152,4.43,77.18%,96.08%,0.490776,2026-08-24
TSLA,348.95,2026-08-31,7,Put,355.00,+1.73%,10.5,10.5,10.95,1121,253,4.43,40.84%,38.30%,-0.613553,2026-08-24
KSS,18.3,2026-08-28,4,Call,21.00,-14.75%,0.31,0.39,0.4,1435,324,4.43,79.12%,155.78%,0.22301,2026-08-24
MU,910.43,2026-08-26,2,Call,"1,010.00",-10.94%,0.6,0.65,0.69,715,163,4.39,64.44%,75.04%,0.033098,2026-08-24
BE,204.02,2026-08-28,4,Call,197.50,+3.20%,11.8,12,12.1,838,191,4.39,89.63%,98.28%,0.644704,2026-08-24
MRNA,138.89,2026-09-04,11,Put,130.00,-6.40%,5.3,5.88,6.45,847,193,4.39,89.74%,104.69%,-0.32275,2026-08-24
TSLA,348.95,2026-08-31,7,Put,350.00,+0.30%,7.8,7.73,8,1773,404,4.39,40.84%,38.73%,-0.507665,2026-08-24
BSX,49.01,2026-08-28,4,Put,49.00,-0.02%,0.65,0.75,0.95,2090,476,4.39,37.30%,39.76%,-0.486683,2026-08-24
MSFT,487.31,2026-08-26,2,Call,500.00,-2.60%,0.5,0.55,0.56,3736,852,4.38,25.98%,27.90%,0.109962,2026-08-24
SPCX,135,2026-09-04,11,Put,137.00,+1.48%,6.45,6.65,6.75,529,121,4.37,57.50%,59.68%,-0.532797,2026-08-24
MU,910.43,2026-08-26,2,Put,830.00,-8.83%,0.91,0.96,1.02,559,128,4.37,64.44%,75.22%,-0.045298,2026-08-24
MSTR,122.63,2026-08-28,4,Call,131.00,-6.83%,2.03,2.08,2.14,1727,395,4.37,77.08%,98.74%,0.279839,2026-08-24
PCT,6.61,2026-11-20,88,Put,5.00,-24.36%,0.35,0.5,0.55,3300,755,4.37,90.21%,96.91%,-0.200304,2026-08-24
BE,204.02,2026-10-16,53,Call,400.00,-96.06%,1.6,2,2.13,2109,484,4.36,89.63%,101.53%,0.062663,2026-08-24
SLG,58.57,2026-10-16,53,Call,65.00,-10.98%,0.4,1.1,1.45,613,141,4.35,36.60%,33.76%,0.225559,2026-08-24
NFLX,80.01,2026-08-28,4,Put,77.00,-3.76%,0.21,0.21,0.23,4790,1101,4.35,33.09%,35.27%,-0.143042,2026-08-24
SNDK,1493.12,2026-08-28,4,Call,"1,600.00",-7.16%,20.1,20.37,20.7,6848,1573,4.35,77.82%,91.28%,0.250888,2026-08-24
MDB,402.69,2026-09-18,25,Call,480.00,-19.20%,12.05,13.59,15.4,1014,234,4.33,84.44%,89.60%,0.267234,2026-08-24
ORCL,142.45,2026-09-11,18,Call,170.00,-19.34%,2.28,2.39,2.51,2777,641,4.33,69.81%,80.61%,0.186042,2026-08-24
PRU,122.67,2026-12-18,116,Call,85.00,+30.71%,36.1,36.4,38.9,600,139,4.32,21.98%,33.82%,0.990896,2026-08-24
SKHY,155.37,2026-10-16,53,Call,270.00,-73.78%,0.95,1.1,1.45,1123,260,4.32,72.27%,84.59%,0.06221,2026-08-24
QUBT,8.24,2026-08-28,4,Call,8.50,-3.16%,0.16,0.18,0.19,1424,330,4.32,72.15%,81.62%,0.375897,2026-08-24
INTC,87.26,2026-08-26,2,Call,95.00,-8.87%,0.11,0.11,0.12,4975,1154,4.31,60.36%,71.99%,0.058779,2026-08-24
PFE,27.97,2026-10-16,53,Put,27.00,-3.47%,0.37,0.45,0.48,7183,1666,4.31,21.42%,18.95%,-0.313017,2026-08-24
COST,971.4,2026-08-28,4,Call,990.00,-1.91%,2.67,2.93,3.2,761,178,4.28,21.49%,22.88%,0.221827,2026-08-24
KEEL,3.25,2026-10-16,53,Call,4.00,-23.08%,0.28,0.31,0.34,1542,360,4.28,106.48%,111.48%,0.395968,2026-08-24
AQST,4.8,2026-11-20,88,Call,5.00,-4.17%,0.6,0.65,0.7,4228,988,4.28,55.23%,76.34%,0.540764,2026-08-24
SPCX,135,2026-08-28,4,Call,137.00,-1.48%,2.81,2.81,2.85,11109,2596,4.28,57.50%,65.56%,0.430857,2026-08-24
JNJ,273.04,2026-09-18,25,Call,230.00,+15.76%,41.15,42.85,44.75,13443,3151,4.27,22.89%,20.40%,0.998114,2026-08-24
AMZN,262.07,2026-08-28,4,Put,267.50,+2.07%,6.55,6.85,6.95,1855,434,4.27,29.69%,31.10%,-0.728189,2026-08-24
ARVN,9.34,2026-09-18,25,Call,11.00,-17.77%,0.05,0.1,0.1,570,134,4.25,68.86%,51.07%,0.127453,2026-08-24
KSS,18.3,2026-08-28,4,Put,18.00,-1.64%,1.03,1.1,1.17,1052,250,4.21,79.12%,164.51%,-0.427457,2026-08-24
NVDA,208.48,2026-09-04,11,Call,212.50,-1.93%,5.75,5.8,5.85,1977,470,4.21,41.48%,51.89%,0.437759,2026-08-24
AMZN,262.07,2026-08-26,2,Put,257.50,-1.74%,0.79,0.78,0.83,4638,1108,4.19,29.69%,32.06%,-0.223418,2026-08-24
AMZN,262.07,2026-08-26,2,Call,260.00,+0.79%,3.55,3.67,3.7,5966,1424,4.19,29.69%,31.37%,0.641242,2026-08-24
JBLU,4.95,2026-09-04,11,Call,5.00,-1.01%,0.13,0.16,0.17,985,235,4.19,55.98%,49.78%,0.475894,2026-08-24
ABBV,264.52,2026-12-18,116,Put,230.00,-13.05%,4.4,4.7,4.8,5033,1205,4.18,25.11%,30.13%,-0.175239,2026-08-24
DVN,48.23,2026-09-18,25,Call,55.00,-14.04%,0.12,0.14,0.15,20537,4913,4.18,34.10%,33.50%,0.073899,2026-08-24
F,13.93,2026-09-25,32,Put,15.00,+7.68%,1.13,1.21,1.37,817,196,4.17,32.81%,32.71%,-0.761875,2026-08-24
CRK,14.28,2026-09-18,25,Call,17.00,-19.05%,0.1,0.15,0.2,1097,263,4.17,55.75%,58.36%,0.143277,2026-08-24
CCJ,102.27,2027-01-15,144,Put,115.00,+12.45%,19,19.6,20.2,2875,690,4.17,46.87%,48.34%,-0.584425,2026-08-24
AMD,456.74,2026-08-26,2,Call,462.50,-1.26%,4.5,4.71,4.8,707,170,4.16,53.05%,52.52%,0.383002,2026-08-24
BA,210.46,2026-11-20,88,Call,200.00,+4.97%,20.15,20.9,21.35,1255,302,4.16,29.70%,37.69%,0.639023,2026-08-24
CRCL,87.72,2026-08-28,4,Put,86.00,-1.96%,2.6,2.74,2.77,1360,327,4.16,83.68%,96.29%,-0.401218,2026-08-24
VST,135.66,2026-08-28,4,Call,145.00,-6.88%,0.26,0.32,0.32,2001,481,4.16,42.76%,47.24%,0.094238,2026-08-24
BMNR,24.14,2026-09-18,25,Call,32.00,-32.56%,0.4,0.44,0.5,942,227,4.15,84.42%,95.06%,0.158832,2026-08-24
HIMS,31.08,2026-08-28,4,Put,29.50,-5.08%,0.39,0.42,0.41,1140,275,4.15,71.83%,79.15%,-0.249709,2026-08-24
AZN,166.71,2027-01-15,144,Call,175.00,-4.97%,8.8,9.3,9.6,1279,308,4.15,27.66%,31.26%,0.426484,2026-08-24
MSTR,122.63,2026-08-28,4,Call,126.00,-2.75%,3.4,3.48,3.5,5148,1239,4.15,77.08%,95.09%,0.41347,2026-08-24
BABA,118.47,2026-08-28,4,Call,117.00,+1.24%,2.96,3.13,3.65,943,228,4.14,42.50%,50.88%,0.602952,2026-08-24
AGNC,10.98,2027-03-19,207,Call,9.00,+18.03%,1.89,1.99,2.06,590,143,4.13,20.97%,17.24%,0.957741,2026-08-24
DIS,110.61,2026-08-28,4,Call,116.00,-4.87%,0.11,0.12,0.13,689,167,4.13,23.85%,31.17%,0.075125,2026-08-24
TSLA,348.95,2026-09-04,11,Call,357.50,-2.45%,6.85,7.01,7,1276,309,4.13,40.84%,42.98%,0.392603,2026-08-24
AMD,456.74,2026-08-26,2,Put,435.00,-4.76%,1.02,1.05,1.09,601,146,4.12,53.05%,55.66%,-0.113327,2026-08-24
BMNR,24.14,2027-02-19,179,Call,24.00,+0.58%,5.65,5.98,6.15,626,152,4.12,84.42%,85.53%,0.632309,2026-08-24
META,559.02,2026-08-26,2,Put,535.00,-4.30%,0.44,0.46,0.49,522,127,4.11,35.49%,39.59%,-0.064368,2026-08-24
AMZN,262.07,2026-08-28,4,Call,252.50,+3.65%,10.3,10.59,10.85,961,234,4.11,29.69%,37.41%,0.836423,2026-08-24
RUM,9.36,2026-09-04,11,Put,8.00,-14.53%,0.1,0.15,0.2,545,133,4.1,85.19%,100.59%,-0.160572,2026-08-24
SNAP,5.53,2026-09-11,18,Put,5.50,-0.54%,0.21,0.25,0.28,598,146,4.1,57.07%,54.08%,-0.453418,2026-08-24
NBIS,210.91,2026-09-04,11,Call,220.00,-4.31%,9.75,10.09,10.3,1054,257,4.1,90.97%,94.05%,0.432439,2026-08-24
TSLA,348.95,2026-08-26,2,Call,335.00,+4.00%,14.4,14.81,15.15,560,137,4.09,40.84%,48.19%,0.878447,2026-08-24
MU,910.43,2026-08-26,2,Put,820.00,-9.93%,0.63,0.64,0.73,618,151,4.09,64.44%,77.88%,-0.032401,2026-08-24
IREN,39.81,2026-08-28,4,Put,39.00,-2.03%,2.07,2.12,2.15,4897,1200,4.08,100.02%,152.13%,-0.416521,2026-08-24
ABBV,264.52,2026-12-18,116,Call,300.00,-13.41%,5.05,5.28,5.45,5053,1243,4.07,25.11%,27.35%,0.235943,2026-08-24
RIOT,20,2026-08-28,4,Call,21.00,-5.00%,0.45,0.45,0.46,11208,2756,4.07,90.08%,100.72%,0.342259,2026-08-24
MU,910.43,2026-08-26,2,Call,985.00,-8.19%,1.43,1.49,1.6,561,138,4.07,64.44%,71.40%,0.072223,2026-08-24
VALE,15.04,2026-11-20,88,Call,15.00,+0.27%,1.01,1.15,1.21,2360,581,4.06,33.91%,40.42%,0.518043,2026-08-24
SPCX,135,2026-08-28,4,Put,137.00,+1.48%,4.65,4.75,4.8,7497,1847,4.06,57.50%,64.58%,-0.571159,2026-08-24
IREN,39.81,2026-08-28,4,Call,44.00,-10.52%,1.18,1.19,1.19,5871,1450,4.05,100.02%,159.70%,0.304081,2026-08-24
MRNA,138.89,2026-08-28,4,Put,132.00,-4.96%,3.6,3.6,4.55,643,159,4.04,89.74%,123.96%,-0.322872,2026-08-24
NOK,9.96,2026-09-25,32,Call,10.00,-0.40%,0.66,0.72,0.75,755,187,4.04,59.68%,60.81%,0.53113,2026-08-24
ASST,19.73,2026-12-18,116,Call,20.00,-1.37%,4.35,4.6,4.85,2717,672,4.04,104.37%,105.43%,0.615962,2026-08-24
JNJ,273.04,2026-09-18,25,Call,195.00,+28.58%,76.65,77.15,79.2,1081,268,4.03,22.89%,42.69%,0.997629,2026-08-24
IONQ,41.06,2026-08-28,4,Call,42.00,-2.29%,1.03,1.08,1.11,647,161,4.02,79.86%,85.74%,0.419605,2026-08-24
NVDA,208.48,2026-08-31,7,Put,190.00,-8.86%,1,1.02,1.03,5348,1332,4.02,41.48%,58.85%,-0.117693,2026-08-24
HPQ,28.58,2026-08-28,4,Call,29.50,-3.22%,0.88,1.01,1.08,626,156,4.01,57.90%,114.93%,0.419174,2026-08-24
AVGO,358.76,2027-09-17,389,Put,195.00,-45.65%,5.85,6.5,7.15,500,125,4,50.16%,49.61%,-0.065366,2026-08-24
OMER,19.32,2026-09-18,25,Call,23.00,-19.05%,0,0.3,0.35,1011,253,4,60.16%,55.29%,0.132333,2026-08-24
NVDA,208.48,2026-09-04,11,Call,210.00,-0.73%,6.8,6.9,6.95,10594,2647,4,41.48%,51.92%,0.489957,2026-08-24
ASST,19.73,2026-09-04,11,Call,21.00,-6.44%,0.88,1.1,1.26,538,135,3.99,104.37%,114.99%,0.417898,2026-08-24
SNDK,1493.12,2027-01-15,144,Put,440.00,-70.53%,1.7,2.7,3.4,559,140,3.99,77.82%,91.67%,-0.00746,2026-08-24
INTC,87.26,2026-08-31,7,Put,86.00,-1.44%,1.98,1.99,2.24,603,151,3.99,60.36%,56.71%,-0.40874,2026-08-24
MSTR,122.63,2027-01-15,144,Call,215.00,-75.32%,6.35,6.95,7.4,890,223,3.99,77.08%,85.74%,0.228084,2026-08-24
TTMI,107.12,2026-10-16,53,Call,160.00,-49.37%,1.45,2.02,3,506,127,3.98,80.31%,84.76%,0.143626,2026-08-24
MCD,272.54,2026-11-20,88,Call,335.00,-22.92%,0.49,0.6,0.88,681,171,3.98,20.28%,24.63%,0.051658,2026-08-24
MSFT,487.31,2026-08-31,7,Call,490.00,-0.55%,5.6,5.63,5.9,827,208,3.98,25.98%,25.54%,0.451256,2026-08-24
HIMS,31.08,2026-08-28,4,Put,28.00,-9.91%,0.11,0.13,0.13,2787,700,3.98,71.83%,79.15%,-0.095867,2026-08-24
WBD,28.7,2027-07-16,326,Put,25.00,-12.89%,1.21,1.29,1.3,3603,905,3.98,19.49%,29.90%,-0.233035,2026-08-24
MSFT,487.31,2026-08-26,2,Put,475.00,-2.53%,0.6,0.65,0.67,948,239,3.97,25.98%,29.77%,-0.119222,2026-08-24
NVDA,208.48,2026-09-25,32,Call,230.00,-10.32%,3.1,3.19,3.25,7020,1767,3.97,41.48%,40.52%,0.230957,2026-08-24
NVDA,208.48,2026-09-11,18,Put,215.00,+3.13%,11.85,12.7,12.15,4601,1163,3.96,41.48%,45.49%,-0.596371,2026-08-24
XYL,114.18,2026-09-18,25,Call,120.00,-5.10%,0.95,0.95,1.15,7091,1791,3.96,26.17%,25.28%,0.242817,2026-08-24
IREN,39.81,2026-08-28,4,Call,46.50,-16.80%,0.65,0.76,0.79,514,130,3.95,100.02%,162.59%,0.204607,2026-08-24
WMT,106.49,2026-09-11,18,Call,109.00,-2.36%,1.08,1.13,1.23,514,130,3.95,22.44%,22.36%,0.337978,2026-08-24
WMT,106.49,2026-09-11,18,Call,108.00,-1.42%,1.54,1.6,1.6,1244,315,3.95,22.44%,23.03%,0.411295,2026-08-24
DIS,110.61,2026-08-28,4,Call,111.00,-0.35%,0.97,1.06,1.15,1777,450,3.95,23.85%,26.81%,0.456987,2026-08-24
INTC,87.26,2026-08-31,7,Call,93.00,-6.58%,0.89,0.95,1.02,1988,503,3.95,60.36%,59.74%,0.235217,2026-08-24
PBR,18.6,2026-08-28,4,Call,18.00,+3.23%,0.57,0.59,0.69,3531,894,3.95,34.39%,26.10%,0.888346,2026-08-24
DHR,215.11,2026-09-18,25,Call,240.00,-11.57%,0.5,0.75,1.25,4291,1090,3.94,31.16%,31.81%,0.105591,2026-08-24
AMTX,1.89,2028-01-21,515,Call,2.50,-32.28%,0.8,0.8,1.05,6788,1726,3.93,124.34%,124.67%,0.722459,2026-08-24
CVE,32.17,2026-09-18,25,Put,32.00,-0.53%,0.95,1.15,1.5,1273,324,3.93,38.81%,39.59%,-0.455054,2026-08-24
RDDT,152.7,2028-01-21,515,Call,280.00,-83.37%,19.5,21.2,23.35,1500,382,3.93,58.36%,65.83%,0.377799,2026-08-24
WMT,106.49,2026-08-28,4,Call,106.00,+0.46%,1.43,1.43,1.47,18982,4842,3.92,22.44%,26.40%,0.575858,2026-08-24
BE,204.02,2026-10-16,53,Put,130.00,-36.28%,2,2.25,2.6,786,201,3.91,89.63%,89.38%,-0.065772,2026-08-24
NSSC,37.59,2026-09-18,25,Call,40.00,-6.41%,0.5,0.85,1.05,593,152,3.9,44.74%,42.03%,0.309167,2026-08-24
APLD,26.89,2026-08-28,4,Put,24.00,-10.75%,0.13,0.16,0.18,1945,499,3.9,88.44%,94.50%,-0.114581,2026-08-24
TEM,66.17,2026-08-28,4,Call,72.00,-8.81%,0.79,0.85,0.94,2189,562,3.9,77.48%,100.08%,0.226652,2026-08-24
USAR,18.29,2028-01-21,515,Call,22.00,-20.28%,6.8,6.9,7.35,3028,779,3.89,89.78%,94.01%,0.671544,2026-08-24
V,382.41,2026-08-28,4,Call,382.50,-0.02%,3.45,4,4.15,524,135,3.88,20.08%,23.70%,0.506291,2026-08-24
AMD,456.74,2026-08-31,7,Put,435.00,-4.76%,4.25,5,4.85,527,136,3.88,53.05%,51.27%,-0.232311,2026-08-24
RDDT,152.7,2026-09-04,11,Call,155.00,-1.51%,4.85,5.1,5.35,620,160,3.88,58.36%,57.37%,0.464396,2026-08-24
EOSE,3.46,2026-08-28,4,Call,3.50,-1.16%,0.14,0.14,0.15,5975,1539,3.88,101.32%,112.65%,0.485978,2026-08-24
PCAR,129.94,2026-09-18,25,Call,140.00,-7.74%,0.6,0.55,0.9,700,181,3.87,25.24%,27.03%,0.15997,2026-08-24
HTT,2.53,2027-02-19,179,Put,2.50,-1.19%,0.1,0.26,0.7,994,257,3.87,344.63%,62.74%,-0.391294,2026-08-24
V,382.41,2026-08-28,4,Call,400.00,-4.60%,0.1,0.13,0.12,1022,264,3.87,20.08%,22.75%,0.031247,2026-08-24
MU,910.43,2026-08-28,4,Call,930.00,-2.15%,18.25,18.7,19.8,1372,355,3.86,64.44%,71.78%,0.405038,2026-08-24
OTIS,72.19,2026-09-18,25,Call,80.00,-10.82%,0,0.1,1.35,1204,313,3.85,20.33%,39.59%,0.175447,2026-08-24
UIS,2.63,2026-12-18,116,Call,3.00,-14.07%,0.25,0.35,0.4,1908,496,3.85,92.57%,93.27%,0.42496,2026-08-24
JNJ,273.04,2026-10-16,53,Call,185.00,+32.24%,86.4,87.6,89.25,3637,944,3.85,22.89%,32.42%,0.996569,2026-08-24
NVDA,208.48,2026-09-25,32,Put,160.00,-23.25%,0.47,0.52,0.51,802,209,3.84,41.48%,52.43%,-0.035974,2026-08-24
WMT,106.49,2026-08-28,4,Call,108.00,-1.42%,0.57,0.57,0.59,6705,1746,3.84,22.44%,26.22%,0.312545,2026-08-24
SNOW,322.78,2026-09-04,11,Call,325.00,-0.69%,21.2,21.89,23,613,160,3.83,71.18%,102.82%,0.522716,2026-08-24
MSTR,122.63,2026-08-28,4,Call,136.00,-10.90%,1.24,1.26,1.3,1095,287,3.82,77.08%,103.32%,0.184287,2026-08-24
COST,971.4,2026-08-28,4,Call,995.00,-2.43%,1.96,2.33,2.35,591,155,3.81,21.49%,23.47%,0.170678,2026-08-24
DKS,179.33,2026-09-18,25,Call,180.00,-0.37%,10.1,10.75,11.5,806,212,3.8,55.60%,59.25%,0.5219,2026-08-24
COIN,179.48,2026-08-28,4,Put,162.50,-9.46%,0.76,0.8,0.81,2562,674,3.8,66.38%,79.09%,-0.106337,2026-08-24
B,48.16,2026-08-28,4,Call,49.00,-1.74%,0.65,0.73,0.85,1156,305,3.79,48.15%,55.01%,0.394528,2026-08-24
BABA,118.47,2026-09-04,11,Call,125.00,-5.51%,1.43,1.6,1.6,1683,444,3.79,42.50%,46.88%,0.268072,2026-08-24
RKLB,68.28,2026-08-28,4,Call,75.00,-9.84%,0.39,0.4,0.43,3473,918,3.78,70.95%,80.74%,0.143734,2026-08-24
SKHY,155.37,2026-10-16,53,Call,230.00,-48.03%,2.45,2.58,2.95,645,171,3.77,72.27%,79.43%,0.129884,2026-08-24
NVDA,208.48,2026-09-02,9,Put,200.00,-4.07%,3.25,3.42,3.5,834,221,3.77,41.48%,53.49%,-0.293033,2026-08-24
SKHY,155.37,2026-08-28,4,Call,155.00,+0.24%,5.3,5.5,5.7,1536,407,3.77,72.27%,81.53%,0.530002,2026-08-24
CRCL,87.72,2026-09-04,11,Put,80.00,-8.80%,1.86,2.1,2.08,2156,572,3.77,83.68%,84.84%,-0.240172,2026-08-24
AXP,337.33,2026-08-28,4,Call,355.00,-5.24%,0.17,0.2,0.27,1011,269,3.76,24.05%,29.40%,0.051084,2026-08-24
JNJ,273.04,2026-09-18,25,Call,190.00,+30.41%,81.65,82.8,84.85,1088,289,3.76,22.89%,58.47%,0.991603,2026-08-24
CLF,11.3,2026-09-04,11,Put,12.50,+10.62%,1.26,1.22,1.44,4521,1202,3.76,67.25%,68.29%,-0.785141,2026-08-24
SHOP,149.8,2026-08-28,4,Call,152.50,-1.80%,2.08,2.2,2.29,1302,348,3.74,45.64%,52.93%,0.386849,2026-08-24
WMT,106.49,2026-08-28,4,Call,109.00,-2.36%,0.34,0.36,0.36,6120,1638,3.74,22.44%,26.78%,0.209931,2026-08-24
NBIS,210.91,2026-08-28,4,Put,182.50,-13.47%,1,1.1,1.1,530,142,3.73,90.97%,108.11%,-0.09041,2026-08-24
AMD,456.74,2028-12-15,844,Put,360.00,-21.18%,80.95,82.98,84.75,1005,270,3.72,53.05%,59.23%,-0.217321,2026-08-24
ZETA,28.47,2027-01-15,144,Put,25.00,-12.19%,2.58,2.53,2.7,2311,621,3.72,61.78%,64.75%,-0.290356,2026-08-24
WMT,106.49,2026-09-04,11,Call,108.00,-1.42%,1.07,1.18,1.19,2315,623,3.72,22.44%,23.58%,0.380572,2026-08-24
CIFR,15.36,2026-08-28,4,Call,16.00,-4.17%,0.52,0.52,0.54,14352,3858,3.72,104.59%,123.46%,0.401982,2026-08-24
SYM,40.03,2026-11-20,88,Call,42.50,-6.17%,3.1,4.6,4.7,501,135,3.71,54.63%,60.82%,0.491525,2026-08-24
CAPR,6.8,2026-12-18,116,Put,5.00,-26.47%,1.85,1.85,2.1,533,144,3.7,117.54%,229.00%,-0.186681,2026-08-24
CCJ,102.27,2027-01-15,144,Put,110.00,+7.56%,15.65,16,16.85,2860,773,3.7,46.87%,48.22%,-0.525257,2026-08-24
CVNA,72.33,2026-09-18,25,Put,72.00,-0.46%,3.75,4.33,4.15,5020,1357,3.7,56.46%,55.70%,-0.453214,2026-08-24
SPCX,135,2026-09-04,11,Call,136.00,-0.74%,5,5.25,5.25,694,188,3.69,57.50%,59.10%,0.496016,2026-08-24
TEM,66.17,2026-08-28,4,Put,65.00,-1.77%,1.92,1.99,2.01,1555,421,3.69,77.48%,91.94%,-0.406338,2026-08-24
ZM,104.83,2026-08-28,4,Call,110.00,-4.93%,2.3,2.5,2.61,1868,506,3.69,54.55%,101.92%,0.346711,2026-08-24
RIVN,16.6,2026-08-28,4,Put,17.00,+2.41%,0.67,0.69,0.7,1815,493,3.68,59.23%,65.79%,-0.62065,2026-08-24
SPCE,3,2026-08-28,4,Put,3.50,+16.67%,0.45,0.48,0.57,514,140,3.67,81.23%,100.76%,-0.921033,2026-08-24
AVBP,28.26,2026-09-18,25,Call,35.00,-23.85%,0,1,3.2,653,178,3.67,113.51%,125.20%,0.315093,2026-08-24
AMZN,262.07,2026-08-28,4,Call,215.00,+17.96%,47,47.2,47.75,671,183,3.67,29.69%,96.16%,0.978347,2026-08-24
APP,298.59,2026-08-28,4,Call,305.00,-2.15%,4.2,4.68,5,698,190,3.67,52.92%,58.09%,0.377371,2026-08-24
TSLA,348.95,2026-09-02,9,Call,380.00,-8.90%,1.27,1.37,1.33,1452,397,3.66,40.84%,43.52%,0.115038,2026-08-24
CRCL,87.72,2026-08-28,4,Put,85.00,-3.10%,2.17,2.26,2.35,1644,449,3.66,83.68%,96.08%,-0.356851,2026-08-24
SNDK,1493.12,2028-12-15,844,Put,"2,300.00",+54.04%,1196,1220.17,1216,558,153,3.65,77.82%,81.16%,-0.40622,2026-08-24
GALT,3.88,2026-10-16,53,Put,2.50,-35.57%,0.1,0.1,0.35,1000,274,3.65,125.17%,152.43%,-0.145638,2026-08-24
NVTS,12.23,2026-08-28,4,Call,12.50,-2.21%,0.37,0.39,0.41,1168,321,3.64,90.06%,99.15%,0.438531,2026-08-24
ZENA,1.79,2026-09-18,25,Put,2.00,+11.73%,0.3,0.35,0.4,1176,323,3.64,120.20%,118.36%,-0.578499,2026-08-24
BA,210.46,2026-08-28,4,Call,215.00,-2.16%,1.09,1.15,1.19,2874,789,3.64,29.70%,32.15%,0.268176,2026-08-24
NVDA,208.48,2026-08-28,4,Put,197.50,-5.27%,2.13,2.14,2.17,6617,1817,3.64,41.48%,72.71%,-0.225714,2026-08-24
HOOD,103.62,2026-08-28,4,Call,108.00,-4.23%,1.6,1.6,1.65,7165,1967,3.64,62.18%,76.02%,0.317214,2026-08-24
TMC,4.74,2026-10-16,53,Call,8.00,-68.78%,0.13,0.14,0.15,671,185,3.63,101.43%,112.00%,0.157953,2026-08-24
RTX,209.22,2026-08-28,4,Call,210.00,-0.37%,1.65,1.79,2.21,558,154,3.62,23.80%,26.00%,0.454521,2026-08-24
NBIS,210.91,2026-08-28,4,Call,215.00,-1.94%,7,7.25,7.4,1556,430,3.62,90.97%,101.97%,0.451107,2026-08-24
USAR,18.29,2026-08-28,4,Put,17.50,-4.32%,0.36,0.42,0.4,1833,506,3.62,89.78%,94.82%,-0.309238,2026-08-24
RIOT,20,2026-08-28,4,Put,18.50,-7.50%,0.24,0.24,0.27,5192,1433,3.62,90.08%,98.40%,-0.208421,2026-08-24
NTSK,14.04,2026-09-18,25,Call,15.00,-6.84%,1.25,1.3,1.6,5218,1447,3.61,107.60%,122.75%,0.485022,2026-08-24
IONQ,41.06,2026-09-25,32,Call,41.00,+0.15%,3.6,3.92,4.25,563,156,3.61,79.86%,79.29%,0.554669,2026-08-24
FCX,77.8,2026-08-28,4,Put,71.00,-8.74%,0.08,0.27,0.28,815,226,3.61,52.60%,62.73%,-0.07634,2026-08-24
TEM,66.17,2026-10-16,53,Put,65.00,-1.77%,6.65,6.55,7.3,1073,297,3.61,77.48%,77.59%,-0.412071,2026-08-24
MU,910.43,2026-08-26,2,Call,980.00,-7.64%,1.74,1.78,1.91,1233,342,3.61,64.44%,70.94%,0.084989,2026-08-24
B,48.16,2026-10-16,53,Put,45.00,-6.56%,1.77,1.89,1.95,1649,457,3.61,48.15%,46.00%,-0.311334,2026-08-24
VIK,91.47,2026-09-18,25,Call,95.00,-3.86%,1.05,1.96,2.2,863,240,3.6,33.94%,30.74%,0.344733,2026-08-24
AVGO,358.76,2026-08-26,2,Put,360.00,+0.35%,4.85,5.1,5.25,871,242,3.6,50.16%,41.75%,-0.536691,2026-08-24
HSBC,104.09,2026-09-18,25,Put,100.00,-3.93%,1.15,1.15,1.2,1687,469,3.6,23.60%,26.18%,-0.262571,2026-08-24
AMD,456.74,2026-08-26,2,Put,430.00,-5.85%,0.64,0.67,0.7,624,174,3.59,53.05%,57.73%,-0.075267,2026-08-24
PBR,18.6,2026-09-04,11,Call,18.50,+0.54%,0.25,0.28,0.28,661,184,3.59,34.39%,16.15%,0.58647,2026-08-24
BE,204.02,2026-08-28,4,Call,235.00,-15.18%,1.1,1.23,1.16,1319,367,3.59,89.63%,104.85%,0.109435,2026-08-24
MSTR,122.63,2028-12-15,844,Call,160.00,-30.47%,53.5,54.15,55,1381,385,3.59,77.08%,85.80%,0.699519,2026-08-24
XE,18.11,2026-09-18,25,Put,17.50,-3.37%,1.25,1.3,1.4,6863,1913,3.59,91.66%,87.91%,-0.392527,2026-08-24
NIO,4.36,2026-10-16,53,Call,5.00,-14.68%,0.16,0.17,0.17,574,161,3.57,59.77%,56.41%,0.306869,2026-08-24
TSLA,348.95,2026-08-31,7,Call,355.00,-1.73%,5.05,5.5,5.2,1883,528,3.57,40.84%,39.52%,0.392016,2026-08-24
TEAM,171.33,2026-08-28,4,Call,177.50,-3.60%,2.2,2.5,2.7,506,142,3.56,59.85%,67.43%,0.322619,2026-08-24
NVDA,208.48,2026-09-25,32,Call,285.00,-36.70%,0.18,0.19,0.19,513,144,3.56,41.48%,48.23%,0.017948,2026-08-24
ARM,238.78,2026-08-28,4,Call,260.00,-8.89%,1.53,1.65,1.82,523,147,3.56,66.61%,79.62%,0.16476,2026-08-24
AXP,337.33,2026-08-28,4,Call,345.00,-2.27%,1.09,1.33,1.36,670,188,3.56,24.05%,27.35%,0.223178,2026-08-24
COIN,179.48,2026-08-28,4,Call,210.00,-17.00%,0.37,0.4,0.4,3619,1017,3.56,66.38%,90.92%,0.054996,2026-08-24
SPCX,135,2026-09-04,11,Put,133.00,-1.48%,4.4,4.45,4.5,771,217,3.55,57.50%,58.77%,-0.418348,2026-08-24
QBTS,18.68,2026-08-28,4,Put,18.50,-0.96%,0.53,0.54,0.56,2642,745,3.55,77.77%,81.69%,-0.4365,2026-08-24
T,25.69,2026-11-20,88,Call,29.00,-12.88%,0.29,0.33,0.37,3232,912,3.54,23.16%,26.56%,0.189711,2026-08-24
TSLA,348.95,2026-08-28,4,Call,360.00,-3.17%,2.75,2.77,2.83,21824,6171,3.54,40.84%,46.75%,0.272768,2026-08-24
MU,910.43,2026-08-28,4,Call,950.00,-4.35%,12.25,12.55,12.7,5468,1549,3.53,64.44%,71.57%,0.299695,2026-08-24
NKE,40.75,2028-01-21,515,Put,32.50,-20.25%,3.5,3.57,3.85,10395,2942,3.53,36.50%,42.43%,-0.231178,2026-08-24
CAT,811.02,2026-08-28,4,Put,810.00,-0.13%,12.05,13.27,15.7,565,161,3.51,37.06%,42.82%,-0.47755,2026-08-24
INTC,87.26,2026-08-31,7,Call,90.00,-3.14%,1.66,1.69,1.89,1374,392,3.51,60.36%,59.77%,0.372499,2026-08-24
BABA,118.47,2026-08-28,4,Put,116.00,-2.08%,1.23,1.2,1.3,3165,902,3.51,42.50%,46.83%,-0.324551,2026-08-24
VIVO,4.35,2027-01-15,144,Call,7.50,-72.41%,0.75,0.85,1.1,4522,1289,3.51,154.72%,151.97%,0.469086,2026-08-24
WMT,106.49,2026-08-28,4,Put,104.00,-2.34%,0.28,0.3,0.31,5835,1663,3.51,22.44%,25.88%,-0.184876,2026-08-24
ORCL,142.45,2026-09-04,11,Put,135.00,-5.23%,2.34,2.4,2.51,2215,632,3.5,69.81%,55.98%,-0.271672,2026-08-24
MU,910.43,2028-06-16,662,Call,"2,500.00",-174.60%,106.25,110.75,115.15,945,271,3.49,64.44%,70.75%,0.305398,2026-08-24
LMND,53.85,2026-08-28,4,Call,56.00,-3.99%,0.4,0.45,0.6,1261,361,3.49,55.10%,56.50%,0.265738,2026-08-24
TGT,169.89,2026-08-28,4,Call,172.50,-1.54%,1.09,1.3,1.38,1630,467,3.49,30.12%,32.21%,0.332732,2026-08-24
NVDA,208.48,2026-08-31,7,Put,205.00,-1.67%,4.85,4.9,5,2189,627,3.49,41.48%,57.51%,-0.398352,2026-08-24
JNJ,273.04,2026-09-18,25,Call,240.00,+12.10%,31.25,32.5,34,6881,1973,3.49,22.89%,17.41%,0.996673,2026-08-24
INTC,87.26,2026-08-31,7,Call,95.00,-8.87%,0.59,0.63,0.74,2577,741,3.48,60.36%,61.77%,0.17258,2026-08-24
VERA,33.72,2026-09-18,25,Put,35.00,+3.80%,2.35,2.9,3.5,1004,289,3.47,71.67%,63.46%,-0.552023,2026-08-24
SLS,14.32,2026-08-28,4,Put,14.00,-2.23%,0.4,0.7,0.9,519,150,3.46,181.41%,136.12%,-0.407238,2026-08-24
COP,133.35,2026-08-28,4,Put,131.00,-1.76%,0.72,0.83,0.97,736,213,3.46,29.65%,32.32%,-0.292557,2026-08-24
SMTC,120.91,2026-10-16,53,Call,150.00,-24.06%,7.7,8.25,8.9,835,241,3.46,105.26%,94.48%,0.343133,2026-08-24
AMD,456.74,2026-08-26,2,Put,445.00,-2.57%,2.6,2.65,2.7,1045,302,3.46,53.05%,52.87%,-0.245169,2026-08-24
ASST,19.73,2026-08-28,4,Call,22.00,-11.51%,0.36,0.42,0.49,2979,860,3.46,104.37%,142.79%,0.257442,2026-08-24
STAG,37.05,2026-12-18,116,Call,40.00,-7.96%,0.45,0.54,0.6,541,157,3.45,20.53%,18.45%,0.242055,2026-08-24
MU,910.43,2026-08-28,4,Call,890.00,+2.24%,37.35,38.9,39.25,596,173,3.45,64.44%,70.87%,0.636191,2026-08-24
CRM,209.06,2026-08-28,4,Call,240.00,-14.80%,0.79,0.81,0.88,1511,438,3.45,49.99%,94.75%,0.090295,2026-08-24
BMNR,24.14,2026-08-28,4,Put,22.50,-6.79%,0.34,0.31,0.4,1980,574,3.45,84.42%,100.90%,-0.235101,2026-08-24
AMZN,262.07,2026-08-26,2,Call,225.00,+14.15%,36.55,38,37.65,550,160,3.44,29.69%,144.12%,0.931213,2026-08-24
SM,36.46,2026-11-20,88,Call,50.00,-37.14%,0.5,0.5,0.75,1061,309,3.43,49.73%,53.28%,0.142785,2026-08-24
MARA,11.18,2026-09-04,11,Call,14.00,-25.22%,0.07,0.12,0.13,2125,620,3.43,88.44%,99.78%,0.113957,2026-08-24
AUR,5.69,2026-11-20,88,Call,7.00,-23.02%,0.4,0.45,0.45,3869,1127,3.43,75.42%,74.80%,0.36084,2026-08-24
TIGR,5.2,2026-08-28,4,Call,5.50,-5.77%,0.11,0.12,0.12,11560,3373,3.43,62.15%,105.03%,0.325762,2026-08-24
SNDK,1493.12,2026-08-28,4,Put,"1,400.00",-6.24%,20,20.3,20.9,4134,1210,3.42,77.82%,91.22%,-0.23396,2026-08-24
MU,910.43,2026-08-26,2,Call,990.00,-8.74%,1.21,1.3,1.35,749,219,3.42,64.44%,72.16%,0.062,2026-08-24
AVGO,358.76,2026-08-26,2,Call,375.00,-4.53%,0.45,0.5,0.54,1301,381,3.41,50.16%,44.25%,0.0917,2026-08-24
AMD,456.74,2027-12-17,480,Put,250.00,-45.26%,18.4,18.65,18.75,6395,1876,3.41,53.05%,58.18%,-0.095971,2026-08-24
CSCO,110.23,2026-09-04,11,Call,114.00,-3.42%,1.03,1.05,1.21,806,237,3.4,30.01%,32.92%,0.291451,2026-08-24
AMZN,262.07,2026-08-28,4,Call,245.00,+6.51%,17.3,17.68,17.95,1707,504,3.39,29.69%,46.43%,0.921956,2026-08-24
HIMS,31.08,2026-08-28,4,Put,29.00,-6.69%,0.27,0.27,0.29,2355,694,3.39,71.83%,79.36%,-0.189517,2026-08-24
TSLA,348.95,2026-08-28,4,Put,350.00,+0.30%,6.95,6.95,7.05,12188,3593,3.39,40.84%,44.72%,-0.513584,2026-08-24
NVDA,208.48,2026-08-28,4,Call,197.50,+5.27%,13.05,13.19,13.35,900,266,3.38,41.48%,72.77%,0.774224,2026-08-24
SNDK,1493.12,2026-08-28,4,Call,"1,650.00",-10.51%,11.8,11.98,12.1,3705,1095,3.38,77.82%,92.37%,0.163337,2026-08-24
CRM,209.06,2026-08-28,4,Put,190.00,-9.12%,1.61,1.66,1.74,3940,1165,3.38,49.99%,93.25%,-0.151242,2026-08-24
SERV,4.67,2026-08-28,4,Put,5.50,+17.77%,0.8,0.89,0.97,523,155,3.37,81.75%,146.22%,-0.839357,2026-08-24
CAPR,6.8,2026-09-18,25,Put,6.00,-11.76%,0.35,0.41,0.55,3375,1001,3.37,117.54%,119.15%,-0.286338,2026-08-24
SPCX,135,2026-08-28,4,Put,134.00,-0.74%,3.05,3.1,3.15,5758,1711,3.37,57.50%,64.11%,-0.44067,2026-08-24
NVDA,208.48,2026-08-31,7,Call,190.00,+8.86%,19.5,19,20.05,564,168,3.36,41.48%,61.71%,0.871944,2026-08-24
CRWV,86.25,2026-09-25,32,Call,105.00,-21.74%,2.5,2.49,2.62,1112,331,3.36,77.31%,79.30%,0.239906,2026-08-24
BMNR,24.14,2026-11-20,88,Call,26.00,-7.71%,3.35,3.42,3.5,2968,884,3.36,84.42%,86.48%,0.522757,2026-08-24
LUNR,16.66,2026-08-28,4,Call,17.50,-5.04%,0.38,0.4,0.49,593,177,3.35,91.70%,109.73%,0.356661,2026-08-24
IOT,40.33,2026-09-04,11,Call,45.00,-11.58%,1,1.26,1.5,746,223,3.35,78.02%,102.28%,0.300759,2026-08-24
MRNA,138.89,2028-12-15,844,Call,25.00,+82.00%,116.3,119.1,119.9,1288,384,3.35,89.74%,81.02%,0.981555,2026-08-24
NBIS,210.91,2026-08-28,4,Call,235.00,-11.42%,2,2.08,2.22,1895,565,3.35,90.97%,104.93%,0.17718,2026-08-24
TSLA,348.95,2026-08-28,4,Put,342.50,-1.85%,3.7,3.77,3.8,2237,668,3.35,40.84%,45.14%,-0.335153,2026-08-24
UBER,79.29,2026-08-28,4,Call,80.00,-0.90%,1,1.01,1.03,9299,2778,3.35,36.60%,39.90%,0.427369,2026-08-24
MSTR,122.63,2026-08-28,4,Call,125.00,-1.93%,3.8,3.83,3.9,13975,4181,3.34,77.08%,95.28%,0.445085,2026-08-24
SNDK,1493.12,2026-08-28,4,Put,"1,490.00",-0.21%,54.2,55.24,54.9,1474,441,3.34,77.82%,90.52%,-0.470954,2026-08-24
AMZN,262.07,2026-08-28,4,Put,275.00,+4.93%,12.75,13,13.4,1768,529,3.34,29.69%,29.39%,-0.942882,2026-08-24
META,559.02,2026-08-28,4,Call,582.50,-4.20%,2.19,2.29,2.35,523,157,3.33,35.49%,41.19%,0.177645,2026-08-24
MRNA,138.89,2026-09-04,11,Call,150.00,-8.00%,5.6,6.25,6.75,649,195,3.33,89.74%,107.99%,0.377899,2026-08-24
TSLA,348.95,2026-08-28,4,Put,365.00,+4.60%,17,16.88,17.7,3915,1174,3.33,40.84%,43.59%,-0.831797,2026-08-24
BMNR,24.14,2026-09-25,32,Call,26.00,-7.71%,1.55,1.71,1.77,650,196,3.32,84.42%,83.03%,0.433861,2026-08-24
MU,910.43,2026-08-31,7,Call,970.00,-6.54%,10.15,11,11.15,1070,322,3.32,64.44%,61.27%,0.243017,2026-08-24
AMD,456.74,2026-08-28,4,Put,442.50,-3.12%,5.1,5.65,5.3,553,167,3.31,53.05%,58.21%,-0.289024,2026-08-24
PURR,10.64,2026-08-28,4,Call,13.00,-22.18%,0.15,0.17,0.35,1005,305,3.3,114.72%,208.69%,0.210117,2026-08-24
TSLA,348.95,2026-08-28,4,Put,332.50,-4.71%,1.36,1.37,1.41,2322,704,3.3,40.84%,46.53%,-0.153117,2026-08-24
BE,204.02,2026-08-28,4,Call,215.00,-5.38%,4.25,4.75,4.45,6542,1991,3.29,89.63%,99.96%,0.328192,2026-08-24
TSLA,348.95,2026-08-28,4,Call,355.00,-1.73%,4.2,4.25,4.25,13412,4090,3.28,40.84%,46.09%,0.373004,2026-08-24
ZVRA,11.65,2026-11-20,88,Call,13.00,-11.59%,0.25,1.1,1.7,515,157,3.28,56.10%,63.26%,0.43292,2026-08-24
BE,204.02,2026-08-28,4,Call,212.50,-4.16%,4.95,5.35,5.55,583,178,3.28,89.63%,101.49%,0.372014,2026-08-24
SLQT,0.776,2026-10-16,53,Put,1.0000,+28.87%,0.05,0.25,0.5,1000,305,3.28,424.93%,103.83%,-0.669499,2026-08-24
ASTS,62.35,2026-08-28,4,Call,65.00,-4.25%,1.21,1.29,1.31,2335,711,3.28,78.19%,88.13%,0.344287,2026-08-24
WDC,435.38,2026-09-04,11,Call,550.00,-26.33%,0.85,1.04,1.3,635,194,3.27,70.16%,76.91%,0.0469,2026-08-24
SGML,12.21,2026-09-18,25,Put,11.00,-9.91%,0.45,0.55,0.6,1059,324,3.27,87.09%,85.05%,-0.277677,2026-08-24
MSTR,122.63,2026-08-28,4,Put,115.00,-6.22%,1.64,1.68,1.68,5781,1766,3.27,77.08%,90.60%,-0.233147,2026-08-24
ADP,283.01,2026-08-28,4,Call,282.50,+0.18%,2.95,4.14,5.3,783,240,3.26,27.30%,32.57%,0.529355,2026-08-24
PAYX,126.01,2027-01-15,144,Call,150.00,-19.04%,2.3,3.2,3.7,500,154,3.25,28.79%,32.37%,0.222923,2026-08-24
AFRM,76.88,2026-08-28,4,Call,78.00,-1.46%,3.25,3.55,4.05,643,198,3.25,70.49%,129.13%,0.485448,2026-08-24
OSCR,31.81,2026-08-28,4,Call,35.00,-10.03%,0.1,0.15,0.17,1003,309,3.25,66.50%,73.75%,0.11619,2026-08-24
SPCX,135,2026-08-28,4,Call,136.00,-0.74%,3.2,3.24,3.3,9353,2875,3.25,57.50%,65.48%,0.473049,2026-08-24
GOOG,344.59,2026-08-28,4,Call,350.00,-1.57%,2.28,2.42,2.42,10109,3108,3.25,28.90%,31.08%,0.32591,2026-08-24
BABA,118.47,2026-08-28,4,Call,120.00,-1.29%,1.76,1.78,1.85,7612,2353,3.24,42.50%,50.12%,0.413589,2026-08-24
ADBE,276.27,2026-09-04,11,Call,277.50,-0.45%,8.75,9.53,10.3,936,289,3.24,55.69%,52.10%,0.503245,2026-08-24
LRCX,310.17,2026-09-11,18,Put,245.00,-21.01%,0.3,1.01,1.66,1073,331,3.24,60.98%,67.27%,-0.048093,2026-08-24
AMZN,262.07,2026-08-31,7,Call,270.00,-3.03%,1.26,1.35,1.47,1524,471,3.24,29.69%,28.13%,0.23333,2026-08-24
CAPR,6.8,2026-09-18,25,Call,8.00,-17.65%,0.3,0.4,0.65,2431,751,3.24,117.54%,124.04%,0.370421,2026-08-24
SHOP,149.8,2026-08-28,4,Put,150.00,+0.13%,3.05,3.2,3.5,787,244,3.23,45.64%,51.14%,-0.496905,2026-08-24
MU,910.43,2026-08-26,2,Put,840.00,-7.74%,1.37,1.39,1.49,883,273,3.23,64.44%,73.28%,-0.064916,2026-08-24
IONS,62.04,2027-01-15,144,Call,90.00,-45.07%,1,1.1,1.5,1426,441,3.23,50.66%,47.59%,0.148123,2026-08-24
DKS,179.33,2026-09-18,25,Call,190.00,-5.95%,6.3,7.1,7.6,3035,941,3.23,55.60%,59.62%,0.385732,2026-08-24
SNDK,1493.12,2026-08-28,4,Put,"1,270.00",-14.94%,3.2,4.04,3.7,519,161,3.22,77.82%,98.13%,-0.05149,2026-08-24
VRT,254.97,2026-11-20,88,Put,180.00,-29.40%,3.75,4.17,4.3,669,208,3.22,55.81%,62.86%,-0.095443,2026-08-24
LZB,32.12,2026-10-16,53,Call,35.00,-8.97%,0.4,0.45,0.5,701,218,3.22,31.82%,28.50%,0.232702,2026-08-24
JPM,356.39,2026-09-04,11,Put,352.50,-1.09%,3.05,3.5,3.8,588,183,3.21,21.41%,21.24%,-0.370746,2026-08-24
AAOI,107.63,2026-08-28,4,Put,90.00,-16.38%,0.3,0.4,0.4,1054,328,3.21,100.81%,114.58%,-0.060038,2026-08-24
CRWV,86.25,2026-08-28,4,Call,88.00,-2.03%,2.32,2.38,2.4,1056,329,3.21,77.31%,86.44%,0.431572,2026-08-24
KO,91.99,2026-08-28,4,Put,91.00,-1.08%,0.33,0.35,0.37,1559,486,3.21,18.14%,19.54%,-0.292622,2026-08-24
NKE,40.75,2026-08-28,4,Call,42.50,-4.29%,0.15,0.17,0.18,4421,1379,3.21,36.50%,41.98%,0.17465,2026-08-24
DKS,179.33,2026-09-18,25,Put,230.00,+28.26%,49.8,52.87,53.1,506,158,3.2,55.60%,62.48%,-0.925692,2026-08-24
MRNA,138.89,2026-09-04,11,Call,140.00,-0.80%,9.1,10.55,10.95,576,180,3.2,89.74%,108.92%,0.523211,2026-08-24
INTC,87.26,2026-09-04,11,Call,91.00,-4.29%,2.25,2.38,2.43,1355,425,3.19,60.36%,63.23%,0.374764,2026-08-24
SWK,98.51,2026-09-18,25,Put,97.50,-1.03%,2.55,3.4,4,1082,341,3.17,33.72%,36.89%,-0.436899,2026-08-24
TGT,169.89,2026-08-28,4,Call,180.00,-5.95%,0.08,0.13,0.13,1089,344,3.17,30.12%,32.21%,0.045105,2026-08-24
META,559.02,2026-11-20,88,Call,670.00,-19.85%,14.9,15.49,15.35,1329,419,3.17,35.49%,43.29%,0.239263,2026-08-24
SKHY,155.37,2026-08-28,4,Call,172.50,-11.03%,0.8,0.85,0.9,1340,423,3.17,72.27%,84.52%,0.128506,2026-08-24
CF,129.24,2026-10-16,53,Put,115.00,-11.02%,2.2,2.42,2.6,1878,592,3.17,40.68%,40.86%,-0.19854,2026-08-24
NVDA,208.48,2026-09-02,9,Call,230.00,-10.32%,1.25,1.32,1.32,786,249,3.16,41.48%,55.82%,0.142702,2026-08-24
TSLA,348.95,2026-08-26,2,Call,340.00,+2.56%,10.1,10.61,10.8,1477,467,3.16,40.84%,45.26%,0.787686,2026-08-24
BABA,118.47,2026-08-28,4,Put,117.00,-1.24%,1.6,1.55,1.72,2292,725,3.16,42.50%,47.25%,-0.390541,2026-08-24
DKS,179.33,2026-09-18,25,Call,200.00,-11.53%,2,4,4.4,4069,1290,3.15,55.60%,52.68%,0.235908,2026-08-24
HOOD,103.62,2026-08-28,4,Call,107.00,-3.26%,1.89,1.91,1.93,7044,2236,3.15,62.18%,75.41%,0.358626,2026-08-24
ORCL,142.45,2026-08-28,4,Put,128.00,-10.14%,0.14,0.2,0.21,653,207,3.15,69.81%,61.64%,-0.045174,2026-08-24
BE,204.02,2026-08-28,4,Call,192.50,+5.65%,15,15.6,15.35,699,222,3.15,89.63%,97.78%,0.733345,2026-08-24
TJX,140.71,2026-12-18,116,Call,170.00,-20.82%,0.7,0.8,0.9,923,293,3.15,22.07%,23.51%,0.096227,2026-08-24
TSLA,348.95,2026-09-04,11,Put,355.00,+1.73%,13.1,12.9,13.45,849,270,3.14,40.84%,41.71%,-0.57551,2026-08-24
WMT,106.49,2026-08-28,4,Call,111.00,-4.24%,0.12,0.13,0.13,1800,573,3.14,22.44%,28.55%,0.086399,2026-08-24
SPCX,135,2026-08-28,4,Call,147.00,-8.89%,0.6,0.61,0.63,4851,1544,3.14,57.50%,69.43%,0.129238,2026-08-24
HPQ,28.58,2026-08-28,4,Call,29.00,-1.47%,1.16,1,1.29,807,258,3.13,57.90%,118.70%,0.477635,2026-08-24
TSLA,348.95,2026-08-31,7,Put,347.50,-0.42%,6.5,6.33,6.8,817,261,3.13,40.84%,38.75%,-0.454265,2026-08-24
AMZN,262.07,2026-09-02,9,Call,270.00,-3.03%,1.8,2,2.3,848,271,3.13,29.69%,29.89%,0.276689,2026-08-24
ADM,78.16,2026-10-16,53,Put,75.00,-4.04%,2,2.1,2.2,1281,409,3.13,30.38%,30.10%,-0.333081,2026-08-24
CRCL,87.72,2026-10-02,39,Put,70.00,-20.20%,1.95,2.3,2.6,553,177,3.12,83.68%,82.05%,-0.161425,2026-08-24
AMD,456.74,2026-08-26,2,Put,460.00,+0.71%,8.45,8.65,9.2,832,267,3.12,53.05%,52.65%,-0.563093,2026-08-24
CRM,209.06,2026-09-04,11,Put,190.00,-9.12%,2.18,2.24,2.47,1088,349,3.12,49.99%,63.67%,-0.176897,2026-08-24
MRNA,138.89,2026-08-28,4,Call,139.00,-0.08%,6.7,7.2,7.6,500,161,3.11,89.74%,123.81%,0.524623,2026-08-24
INTU,369.92,2026-08-28,4,Call,380.00,-2.72%,10.2,10.59,11,781,251,3.11,57.31%,96.30%,0.415296,2026-08-24
F,13.93,2027-06-17,297,Call,30.00,-115.36%,0.07,0.12,0.33,1000,322,3.11,32.81%,52.37%,0.079614,2026-08-24
MRNA,138.89,2026-08-28,4,Put,130.00,-6.40%,3.1,3.4,3.5,7210,2320,3.11,89.74%,122.38%,-0.279885,2026-08-24
TSLA,348.95,2026-08-28,4,Put,340.00,-2.56%,2.94,2.97,3.05,9714,3136,3.1,40.84%,45.59%,-0.28244,2026-08-24
CROX,125.84,2026-09-18,25,Put,115.00,-8.61%,1.15,1.39,1.55,862,278,3.1,40.79%,40.54%,-0.177998,2026-08-24
IONS,62.04,2026-10-16,53,Call,70.00,-12.83%,1.85,2.11,2.4,1165,376,3.1,50.66%,50.44%,0.307111,2026-08-24
RDDT,152.7,2026-09-11,18,Call,180.00,-17.88%,0.89,1.02,1.31,569,184,3.09,58.36%,58.77%,0.118718,2026-08-24
BE,204.02,2026-09-11,18,Call,225.00,-10.28%,8.15,9.4,10.15,3626,1172,3.09,89.63%,92.69%,0.357932,2026-08-24
PLTR,175.89,2026-09-04,11,Put,172.50,-1.93%,4.2,4.2,4.4,755,245,3.08,46.86%,49.02%,-0.388991,2026-08-24
ABBV,264.52,2026-09-04,11,Put,250.00,-5.49%,0.58,0.72,1,805,261,3.08,25.11%,28.45%,-0.120209,2026-08-24
TRMD,31.64,2026-09-18,25,Put,30.00,-5.18%,1.2,1.6,1.8,1385,449,3.08,52.69%,68.71%,-0.351977,2026-08-24
LUNR,16.66,2026-09-11,18,Put,15.00,-9.96%,0.53,0.6,0.66,504,164,3.07,91.70%,90.32%,-0.2639,2026-08-24
WBD,28.7,2026-09-25,32,Call,29.00,-1.05%,0.29,0.57,0.69,546,178,3.07,19.49%,17.26%,0.454503,2026-08-24
AMZN,262.07,2026-08-31,7,Put,260.00,-0.79%,2.93,3.1,3.2,627,204,3.07,29.69%,28.33%,-0.406558,2026-08-24
BE,204.02,2026-08-28,4,Call,222.50,-9.06%,2.55,2.86,2.77,667,217,3.07,89.63%,101.50%,0.223841,2026-08-24
CVX,203.09,2026-08-28,4,Put,197.50,-2.75%,0.52,0.59,0.64,697,227,3.07,25.40%,28.85%,-0.173539,2026-08-24
CCL,25.71,2026-08-28,4,Put,25.50,-0.82%,0.3,0.33,0.38,930,303,3.07,41.93%,41.01%,-0.414658,2026-08-24
CRWV,86.25,2026-09-25,32,Call,100.00,-15.94%,3.4,3.4,3.6,1239,404,3.07,77.31%,78.60%,0.306644,2026-08-24
PLTR,175.89,2026-08-28,4,Put,170.00,-3.35%,1.66,1.66,1.68,16774,5456,3.07,46.86%,54.76%,-0.264676,2026-08-24
MARA,11.18,2026-08-28,4,Put,10.50,-6.08%,0.19,0.21,0.21,5853,1911,3.06,88.44%,102.58%,-0.260638,2026-08-24
TSLA,348.95,2026-08-31,7,Call,362.50,-3.88%,2.9,3.3,3.05,1042,340,3.06,40.84%,40.27%,0.260135,2026-08-24
SPCX,135,2027-01-15,144,Call,280.00,-107.41%,1.42,1.52,1.57,1149,375,3.06,57.50%,67.22%,0.069325,2026-08-24
FVRR,9.37,2026-09-18,25,Put,9.00,-3.95%,0.15,0.3,0.35,1379,452,3.05,47.07%,43.48%,-0.333887,2026-08-24
NFLX,80.01,2026-09-04,11,Call,82.00,-2.49%,1.07,1.09,1.1,2756,903,3.05,33.09%,33.62%,0.354552,2026-08-24
OSCR,31.81,2026-10-16,53,Call,40.00,-25.75%,0.81,0.91,1,2918,958,3.05,66.50%,65.82%,0.221638,2026-08-24
GOOG,344.59,2026-08-28,4,Call,360.00,-4.47%,0.57,0.59,0.61,10975,3607,3.04,28.90%,32.73%,0.105804,2026-08-24
DKS,179.33,2026-09-18,25,Put,155.00,-13.57%,2.05,2.1,2.35,828,273,3.03,55.60%,57.56%,-0.147326,2026-08-24
META,559.02,2026-09-04,11,Put,560.00,+0.18%,13.65,14,14.35,1379,455,3.03,35.49%,35.50%,-0.494081,2026-08-24
MRNA,138.89,2026-08-28,4,Put,135.00,-2.80%,5.1,5.23,5.5,1850,610,3.03,89.74%,124.19%,-0.387391,2026-08-24
TSLA,348.95,2026-09-04,11,Call,370.00,-6.03%,3.45,3.55,3.55,5783,1908,3.03,40.84%,43.57%,0.23506,2026-08-24
PLTR,175.89,2026-08-28,4,Put,167.50,-4.77%,1.09,1.09,1.12,10367,3422,3.03,46.86%,55.58%,-0.190685,2026-08-24
ALAB,277.53,2026-10-16,53,Put,60.00,-78.38%,0.01,0.11,0.41,579,192,3.02,83.97%,167.50%,-0.003202,2026-08-24
AAPL,310.34,2026-08-26,2,Put,302.50,-2.53%,0.27,0.28,0.3,1645,545,3.02,24.72%,26.98%,-0.096912,2026-08-24
AMD,456.74,2026-08-28,4,Call,472.50,-3.45%,5.15,5.01,5.35,560,186,3.01,53.05%,58.67%,0.303273,2026-08-24
META,559.02,2026-08-31,7,Put,520.00,-6.98%,0.62,0.7,0.88,586,195,3.01,35.49%,34.92%,-0.062728,2026-08-24
PDD,87.07,2026-08-28,4,Call,88.00,-1.07%,1.15,1.33,1.45,764,254,3.01,34.31%,46.80%,0.426902,2026-08-24
LVS,46.97,2026-10-16,53,Call,50.00,-6.45%,1,1.11,1.23,1172,389,3.01,29.00%,31.22%,0.324615,2026-08-24
ZETA,28.47,2026-08-28,4,Call,29.00,-1.86%,0.5,0.59,0.73,1438,478,3.01,61.78%,70.80%,0.418201,2026-08-24
NBIS,210.91,2026-09-11,18,Call,250.00,-18.53%,4.85,5.25,6,613,204,3,90.97%,92.26%,0.236114,2026-08-24
TSLA,348.95,2026-08-31,7,Put,357.50,+2.45%,12,11.51,12.65,623,208,3,40.84%,38.04%,-0.66463,2026-08-24
RKLB,68.28,2026-08-28,4,Call,74.00,-8.38%,0.51,0.57,0.57,1212,405,2.99,70.95%,80.07%,0.18056,2026-08-24
SPCX,135,2026-09-04,11,Call,137.00,-1.48%,4.65,4.71,4.75,1660,556,2.99,57.50%,59.27%,0.467767,2026-08-24
BABA,118.47,2026-09-04,11,Call,121.00,-2.14%,2.49,2.77,3.05,644,216,2.98,42.50%,47.11%,0.413809,2026-08-24
GOOG,344.59,2026-08-28,4,Call,365.00,-5.92%,0.3,0.3,0.34,6875,2314,2.97,28.90%,34.74%,0.060085,2026-08-24
WDC,435.38,2026-09-04,11,Put,280.00,-35.69%,0.01,0.12,0.24,984,331,2.97,70.16%,102.06%,-0.004867,2026-08-24
AVGO,358.76,2026-08-28,4,Call,387.50,-8.01%,0.3,0.55,0.63,1219,410,2.97,50.16%,46.92%,0.062047,2026-08-24
CIFR,15.36,2026-08-28,4,Put,13.50,-12.11%,0.09,0.14,0.16,1551,522,2.97,104.59%,115.08%,-0.12823,2026-08-24
BTDR,10.91,2026-08-28,4,Call,12.00,-9.99%,0.1,0.2,0.25,2250,759,2.96,102.87%,116.71%,0.237255,2026-08-24
MPT,4.12,2027-03-19,207,Call,4.50,-9.22%,0.19,0.28,0.32,1322,448,2.95,37.12%,35.67%,0.381742,2026-08-24
TSLA,348.95,2026-08-26,2,Call,377.50,-8.18%,0.13,0.13,0.14,2057,697,2.95,40.84%,53.92%,0.025869,2026-08-24
INTC,87.26,2028-01-21,515,Call,135.00,-54.71%,16.75,17,18.05,2925,990,2.95,60.36%,69.87%,0.475556,2026-08-24
INTC,87.26,2026-08-26,2,Call,91.00,-4.29%,0.48,0.51,0.51,4596,1560,2.95,60.36%,67.15%,0.207202,2026-08-24
LITE,830.17,2026-08-28,4,Call,850.00,-2.39%,21.7,21.07,22.9,594,202,2.94,78.12%,88.64%,0.41927,2026-08-24
MSFT,487.31,2026-08-26,2,Call,505.00,-3.63%,0.19,0.21,0.21,902,307,2.94,25.98%,28.51%,0.047295,2026-08-24
CRM,209.06,2026-08-28,4,Put,200.00,-4.33%,3.95,4.15,4.25,1554,529,2.94,49.99%,91.71%,-0.304196,2026-08-24
VZ,50.15,2027-03-19,207,Call,60.00,-19.64%,0.41,0.7,0.91,1008,344,2.93,22.75%,22.99%,0.156202,2026-08-24
FITB,54.9,2026-10-16,53,Call,60.00,-9.29%,0.3,0.35,0.45,1555,531,2.93,24.40%,22.19%,0.159388,2026-08-24
VRRM,4.47,2026-09-18,25,Call,5.00,-11.86%,0.1,0.13,0.15,2246,766,2.93,81.92%,64.81%,0.287299,2026-08-24
B,48.16,2026-08-28,4,Put,46.00,-4.49%,0.21,0.29,0.34,1088,373,2.92,48.15%,51.40%,-0.18839,2026-08-24
IOT,40.33,2026-10-16,53,Call,47.00,-16.54%,1.3,1.6,2.6,746,256,2.91,78.02%,67.40%,0.327566,2026-08-24
ORCL,142.45,2026-08-28,4,Put,141.00,-1.02%,2.72,2.91,3.05,1106,380,2.91,69.81%,60.46%,-0.42203,2026-08-24
PATH,16.57,2026-09-04,11,Put,14.50,-12.49%,0.4,0.44,0.67,1294,444,2.91,86.82%,123.58%,-0.231518,2026-08-24
AMZN,262.07,2026-08-26,2,Put,255.00,-2.70%,0.39,0.41,0.42,3520,1211,2.91,29.69%,32.86%,-0.126315,2026-08-24
CRM,209.06,2026-08-28,4,Call,235.00,-12.41%,1.2,1.24,1.33,979,338,2.9,49.99%,94.12%,0.128222,2026-08-24
HOOD,103.62,2026-09-04,11,Put,95.00,-8.32%,1.34,1.4,1.46,895,310,2.89,62.18%,65.09%,-0.202192,2026-08-24
DKNG,25.97,2026-09-04,11,Call,26.00,-0.12%,0.87,0.9,0.95,541,188,2.88,50.26%,50.66%,0.51726,2026-08-24
META,559.02,2026-08-28,4,Call,592.50,-5.99%,1.13,1.19,1.27,593,206,2.88,35.49%,42.82%,0.102496,2026-08-24
PLTR,175.89,2026-09-04,11,Put,177.50,+0.92%,6.55,6.63,6.8,604,210,2.88,46.86%,48.47%,-0.522495,2026-08-24
INTC,87.26,2027-02-19,179,Call,95.00,-8.87%,13.6,13.85,14.15,643,223,2.88,60.36%,67.36%,0.534261,2026-08-24
KGC,32.98,2026-09-18,25,Call,35.00,-6.12%,0.9,1.15,1.15,670,233,2.88,52.90%,51.85%,0.361403,2026-08-24
NBIS,210.91,2026-08-28,4,Call,220.00,-4.31%,5.3,5.4,5.55,4412,1533,2.88,90.97%,102.74%,0.368845,2026-08-24
ADBE,276.27,2026-09-11,18,Put,270.00,-2.27%,11,11.42,12.75,588,205,2.87,55.69%,62.03%,-0.402812,2026-08-24
MET,96.21,2027-01-15,144,Put,90.00,-6.45%,3.1,3.2,3.4,606,211,2.87,21.84%,25.94%,-0.29967,2026-08-24
META,559.02,2026-08-28,4,Call,597.50,-6.88%,0.8,0.86,0.89,770,268,2.87,35.49%,43.37%,0.075541,2026-08-24
SNDK,1493.12,2026-09-04,11,Put,"1,300.00",-12.93%,17.5,18.6,19.6,900,314,2.87,77.82%,84.36%,-0.152496,2026-08-24
INTC,87.26,2026-09-04,11,Call,88.00,-0.85%,3.3,3.3,3.55,653,228,2.86,60.36%,61.78%,0.493322,2026-08-24
CCL,25.71,2026-12-18,116,Put,25.00,-2.76%,2.02,2.07,2.3,20128,7034,2.86,41.93%,45.12%,-0.398483,2026-08-24
NVDA,208.48,2026-08-31,7,Put,207.50,-0.47%,6.05,6,6.15,945,332,2.85,41.48%,57.74%,-0.458144,2026-08-24
TSLA,348.95,2026-08-31,7,Call,357.50,-2.45%,4.25,4.4,4.4,1067,374,2.85,40.84%,39.90%,0.345326,2026-08-24
INTC,87.26,2026-08-31,7,Call,101.00,-15.75%,0.17,0.22,0.25,1753,615,2.85,60.36%,66.52%,0.062382,2026-08-24
TSM,410.12,2026-09-11,18,Put,410.00,-0.03%,11.05,12.28,12,889,313,2.84,34.96%,32.62%,-0.477708,2026-08-24
CIFR,15.36,2026-08-28,4,Call,15.00,+2.34%,0.87,0.93,1.13,1538,541,2.84,104.59%,126.92%,0.597916,2026-08-24
BABA,118.47,2028-12-15,844,Put,120.00,+1.29%,26.75,27.29,28,2017,709,2.84,42.50%,41.17%,-0.364,2026-08-24
TSLA,348.95,2026-09-04,11,Call,355.00,-1.73%,7.8,8.1,7.95,4070,1432,2.84,40.84%,42.96%,0.429138,2026-08-24
TMC,4.74,2026-08-28,4,Put,4.50,-5.06%,0.1,0.13,0.12,4554,1610,2.83,101.43%,107.53%,-0.304456,2026-08-24
COIN,179.48,2026-10-02,39,Put,100.00,-44.28%,0.08,0.15,0.31,549,194,2.83,66.38%,83.17%,-0.010704,2026-08-24
BJ,98.49,2026-09-18,25,Call,105.00,-6.61%,0.55,0.8,0.85,597,211,2.83,28.34%,26.16%,0.193679,2026-08-24
MRNA,138.89,2026-08-28,4,Put,133.00,-4.24%,4.1,4.2,4.8,1062,375,2.83,89.74%,123.83%,-0.343926,2026-08-24
RHI,45.12,2026-09-18,25,Call,35.00,+22.43%,9.4,9.69,11.5,1265,449,2.82,46.91%,75.93%,0.914975,2026-08-24
QGEN,41.78,2026-12-18,116,Call,45.00,-7.71%,2.4,2.45,2.55,2099,745,2.82,42.71%,39.78%,0.412501,2026-08-24
MARA,11.18,2026-08-28,4,Put,11.50,+2.86%,0.66,0.67,0.7,4180,1480,2.82,88.44%,107.01%,-0.57663,2026-08-24
MSTR,122.63,2027-09-17,389,Call,210.00,-71.25%,21.7,23.65,23.5,620,221,2.81,77.08%,83.34%,0.442422,2026-08-24
JOBY,7.19,2026-09-04,11,Put,7.00,-2.64%,0.22,0.23,0.25,784,279,2.81,68.10%,66.00%,-0.382454,2026-08-24
DKS,179.33,2026-09-18,25,Put,165.00,-7.99%,4.5,4.72,4.9,789,281,2.81,55.60%,57.74%,-0.263864,2026-08-24
AAPL,310.34,2026-08-31,7,Call,315.00,-1.50%,2.08,2.17,2.27,979,349,2.81,24.72%,23.27%,0.334698,2026-08-24
OUST,35.75,2026-11-20,88,Call,37.00,-3.50%,6.5,7.1,8,527,188,2.8,96.09%,109.91%,0.588116,2026-08-24
TMC,4.74,2026-09-25,32,Call,5.50,-16.03%,0.29,0.31,0.36,611,218,2.8,101.43%,104.89%,0.375791,2026-08-24
AXP,337.33,2026-10-16,53,Put,340.00,+0.79%,12.55,13.1,13.75,895,321,2.79,24.05%,24.05%,-0.504153,2026-08-24
ORCL,142.45,2026-08-28,4,Call,148.00,-3.90%,1.57,1.7,1.7,1215,436,2.79,69.81%,62.15%,0.290679,2026-08-24
DOCN,111.54,2026-08-28,4,Put,110.00,-1.38%,2.85,3.26,5,1624,582,2.79,76.08%,101.06%,-0.425652,2026-08-24
DIS,110.61,2026-08-28,4,Call,112.00,-1.26%,0.64,0.67,0.77,2182,781,2.79,23.85%,27.49%,0.338624,2026-08-24
BE,204.02,2026-08-28,4,Call,220.00,-7.83%,3.1,3.2,3.2,3699,1324,2.79,89.63%,101.05%,0.255819,2026-08-24
AMZN,262.07,2026-08-28,4,Call,225.00,+14.15%,36.75,37.23,37.75,667,240,2.78,29.69%,67.25%,0.986344,2026-08-24
NEM,131.84,2026-10-16,53,Put,115.00,-12.77%,2.47,2.56,2.65,2049,738,2.78,47.47%,45.90%,-0.186491,2026-08-24
TSLA,348.95,2026-08-28,4,Call,372.50,-6.75%,0.88,0.9,0.9,2176,783,2.78,40.84%,48.77%,0.106383,2026-08-24
NKE,40.75,2026-08-28,4,Put,41.00,+0.61%,0.77,0.84,0.84,4473,1615,2.77,36.50%,39.38%,-0.550934,2026-08-24
NOW,128.05,2027-01-15,144,Call,176.00,-37.45%,5.3,5.65,6,871,314,2.77,52.93%,56.21%,0.247797,2026-08-24
RIOT,20,2026-12-18,116,Put,16.00,-20.00%,1.65,1.79,2.2,1502,542,2.77,90.08%,91.69%,-0.239007,2026-08-24
ORCL,142.45,2027-10-15,417,Put,145.00,+1.79%,34.5,34.8,36.25,525,190,2.76,69.81%,61.02%,-0.369067,2026-08-24
ONON,29.51,2026-08-28,4,Put,29.00,-1.73%,0.31,0.3,0.39,790,286,2.76,40.68%,46.91%,-0.349553,2026-08-24
SNDK,1493.12,2026-08-28,4,Put,"1,475.00",-1.21%,46.9,47.4,48.1,923,334,2.76,77.82%,90.94%,-0.428832,2026-08-24
SNDK,1493.12,2026-08-28,4,Put,"1,250.00",-16.28%,2.2,2.5,2.8,1337,485,2.76,77.82%,99.20%,-0.038625,2026-08-24
TSLA,348.95,2026-08-28,4,Put,347.50,-0.42%,5.7,5.76,5.85,4237,1535,2.76,40.84%,44.92%,-0.452647,2026-08-24
TSLA,348.95,2026-08-28,4,Put,345.00,-1.13%,4.6,4.65,4.75,7451,2707,2.75,40.84%,44.94%,-0.392555,2026-08-24
FDX,334.05,2026-08-28,4,Call,350.00,-4.77%,0.02,0.28,0.47,523,190,2.75,25.46%,28.06%,0.058796,2026-08-24
IONQ,41.06,2026-08-28,4,Call,41.50,-1.07%,1.22,1.29,1.3,530,193,2.75,79.86%,84.85%,0.471649,2026-08-24
CRWV,86.25,2026-09-04,11,Call,85.00,+1.45%,5.3,5.65,5.5,542,198,2.74,77.31%,79.33%,0.572531,2026-08-24
AMZN,262.07,2026-08-26,2,Call,205.00,+21.78%,55.4,57.78,59.2,550,201,2.74,29.69%,159.90%,0.983646,2026-08-24
ASST,19.73,2026-12-18,116,Call,35.00,-77.39%,1.4,1.51,1.6,592,216,2.74,104.37%,108.21%,0.269391,2026-08-24
HIMS,31.08,2026-08-28,4,Put,28.50,-8.30%,0.18,0.21,0.2,616,225,2.74,71.83%,79.65%,-0.138872,2026-08-24
MSFT,487.31,2026-08-28,4,Put,482.50,-0.99%,3.65,3.72,3.85,1300,475,2.74,25.98%,29.12%,-0.363342,2026-08-24
TSM,410.12,2026-08-28,4,Call,410.00,+0.03%,6.6,6.45,7.05,1551,566,2.74,34.96%,39.13%,0.514069,2026-08-24
HOOD,103.62,2026-08-28,4,Put,104.00,+0.37%,3.25,3.35,3.4,1702,621,2.74,62.18%,72.70%,-0.502349,2026-08-24
MRNA,138.89,2026-10-16,53,Call,165.00,-18.80%,9.8,10.1,10.7,2847,1040,2.74,89.74%,89.36%,0.374511,2026-08-24
XNDU,10.45,2027-03-19,207,Put,12.50,+19.62%,4.3,4.6,5.5,500,183,2.73,104.15%,118.94%,-0.39772,2026-08-24
BB,7.65,2026-10-02,39,Call,8.00,-4.58%,0.55,0.64,0.87,540,198,2.73,62.11%,84.72%,0.496487,2026-08-24
ACN,186.53,2026-10-16,53,Call,190.00,-1.86%,12.3,12.8,14.3,723,265,2.73,49.44%,52.49%,0.501834,2026-08-24
V,382.41,2026-08-28,4,Call,385.00,-0.68%,2.52,2.7,2.76,1477,541,2.73,20.08%,23.37%,0.401058,2026-08-24
SPCX,135,2026-08-28,4,Put,119.00,-11.85%,0.16,0.17,0.18,2697,989,2.73,57.50%,70.89%,-0.040763,2026-08-24
LUNR,16.66,2026-08-28,4,Call,18.00,-8.04%,0.25,0.27,0.3,1103,406,2.72,91.70%,105.60%,0.260759,2026-08-24
HL,20.4,2026-08-28,4,Put,20.00,-1.96%,0.23,0.43,0.43,1977,728,2.72,64.17%,60.21%,-0.362792,2026-08-24
MSTR,122.63,2026-09-04,11,Call,125.00,-1.93%,6,6.1,6.25,3125,1147,2.72,77.08%,83.93%,0.47965,2026-08-24
NUAI,4.82,2026-08-28,4,Call,5.00,-3.73%,0.15,0.17,0.25,3163,1163,2.72,151.10%,137.82%,0.426035,2026-08-24
PATH,16.57,2026-09-04,11,Call,17.00,-2.60%,1.16,1.16,1.2,3972,1458,2.72,86.82%,118.65%,0.493574,2026-08-24
CRWV,86.25,2026-08-28,4,Call,90.00,-4.35%,1.64,1.67,1.68,4518,1663,2.72,77.31%,86.41%,0.336892,2026-08-24
MELI,1947.9,2026-08-28,4,Put,"1,885.00",-3.23%,0,8.9,17.8,646,238,2.71,34.56%,38.49%,-0.199457,2026-08-24
INTC,87.26,2026-08-28,4,Call,89.00,-1.99%,1.73,1.73,1.83,663,245,2.71,60.36%,69.16%,0.408269,2026-08-24
GRRR,15.83,2026-08-28,4,Call,20.00,-26.34%,0.2,0.2,0.25,2029,748,2.71,108.28%,194.29%,0.147757,2026-08-24
MU,910.43,2026-08-26,2,Call,965.00,-5.99%,2.98,3.1,3.25,814,302,2.7,64.44%,69.39%,0.134818,2026-08-24
INTC,87.26,2027-09-17,389,Put,80.00,-8.32%,16.35,16.12,17.3,1831,677,2.7,60.36%,64.30%,-0.307401,2026-08-24
MU,910.43,2026-09-02,9,Call,"1,100.00",-20.82%,1.28,1.85,2.44,671,249,2.69,64.44%,69.38%,0.047109,2026-08-24
MSFT,487.31,2026-09-25,32,Call,550.00,-12.86%,1,1.09,1.23,1338,498,2.69,25.98%,26.25%,0.06876,2026-08-24
TSLA,348.95,2026-08-31,7,Call,360.00,-3.17%,3.5,3.55,3.65,2449,911,2.69,40.84%,39.94%,0.300303,2026-08-24
MSTR,122.63,2026-08-28,4,Call,135.00,-10.09%,1.37,1.4,1.43,5318,1975,2.69,77.08%,102.34%,0.200498,2026-08-24
WMT,106.49,2026-08-28,4,Call,105.00,+1.40%,2.06,2.1,2.12,18078,6718,2.69,22.44%,26.65%,0.701791,2026-08-24
BROS,51.95,2026-08-28,4,Call,53.00,-2.02%,0.5,0.5,0.65,570,213,2.68,41.41%,45.96%,0.350635,2026-08-24
AMD,456.74,2026-08-26,2,Put,457.50,+0.17%,7.2,7.3,7.6,762,284,2.68,53.05%,52.29%,-0.507661,2026-08-24
MSTR,122.63,2026-08-28,4,Call,80.00,+34.76%,42.3,43.45,43.15,843,314,2.68,77.08%,176.13%,0.992038,2026-08-24
META,559.02,2026-08-26,2,Call,585.00,-4.65%,0.55,0.59,0.6,873,326,2.68,35.49%,41.98%,0.074821,2026-08-24
RKLB,68.28,2026-09-04,11,Call,75.00,-9.84%,1.25,1.32,1.42,939,350,2.68,70.95%,75.89%,0.261589,2026-08-24
DUK,121.97,2026-10-16,53,Call,125.00,-2.48%,1.95,2.25,2.45,1817,677,2.68,17.10%,18.66%,0.378758,2026-08-24
WMT,106.49,2026-09-04,11,Call,107.00,-0.48%,1.57,1.58,1.61,1967,734,2.68,22.44%,24.28%,0.470783,2026-08-24
TSLA,348.95,2026-08-26,2,Put,327.50,-6.15%,0.24,0.26,0.26,532,199,2.67,40.84%,51.33%,-0.045184,2026-08-24
SNDK,1493.12,2026-08-28,4,Put,"1,420.00",-4.90%,25.7,26.19,26.6,785,294,2.67,77.82%,91.06%,-0.281594,2026-08-24
TSLA,348.95,2026-09-02,9,Call,355.00,-1.73%,6.35,6.4,6.55,941,353,2.67,40.84%,40.97%,0.412496,2026-08-24
TRIN,18.61,2026-09-18,25,Put,17.50,-5.96%,0.1,0.1,0.15,1002,375,2.67,20.80%,26.23%,-0.175671,2026-08-24
BMNR,24.14,2026-08-28,4,Call,24.00,+0.58%,1.05,1.11,1.12,9017,3372,2.67,84.42%,100.42%,0.544384,2026-08-24
AAPL,310.34,2026-08-28,4,Call,312.50,-0.70%,2.42,2.53,2.57,9200,3445,2.67,24.72%,26.32%,0.410985,2026-08-24
AMZN,262.07,2026-08-28,4,Call,235.00,+10.33%,26.95,27.51,27.8,714,268,2.66,29.69%,57.88%,0.966835,2026-08-24
BMNR,24.14,2026-10-16,53,Call,26.00,-7.71%,2.43,2.48,2.6,887,333,2.66,84.42%,87.46%,0.483651,2026-08-24
CELH,35.03,2026-08-28,4,Call,36.00,-2.77%,0.49,0.55,0.6,896,337,2.66,56.73%,63.89%,0.356033,2026-08-24
NCLH,17.22,2026-08-28,4,Call,18.00,-4.53%,0.08,0.1,0.13,1785,671,2.66,43.71%,50.32%,0.209759,2026-08-24
MSTR,122.63,2026-08-28,4,Put,112.00,-8.67%,0.98,0.98,1.07,2934,1102,2.66,77.08%,91.47%,-0.158973,2026-08-24
OXY,60.11,2026-08-28,4,Call,62.00,-3.14%,0.21,0.25,0.29,2445,922,2.65,30.99%,34.96%,0.205518,2026-08-24
BABA,118.47,2026-08-28,4,Call,123.00,-3.82%,0.92,0.99,1,6885,2603,2.65,42.50%,52.10%,0.254399,2026-08-24
F,13.93,2026-08-28,4,Call,14.00,-0.50%,0.17,0.18,0.18,12704,4813,2.64,32.81%,35.76%,0.453403,2026-08-24
TMUS,182.62,2026-12-18,116,Call,195.00,-6.78%,7.2,8.4,8.7,558,211,2.64,31.67%,30.51%,0.392694,2026-08-24
MRNA,138.89,2026-08-28,4,Call,190.00,-36.80%,0.25,0.29,0.38,1417,536,2.64,89.74%,159.08%,0.03626,2026-08-24
SNDK,1493.12,2026-08-28,4,Put,"1,450.00",-2.89%,36.3,37,37.1,2287,865,2.64,77.82%,90.90%,-0.359738,2026-08-24
TSLA,348.95,2026-09-04,11,Put,357.50,+2.45%,14.35,14.35,15,524,199,2.63,40.84%,41.05%,-0.615641,2026-08-24
RBLX,38.76,2026-09-11,18,Call,50.00,-29.00%,0.1,0.1,0.38,759,289,2.63,57.65%,77.70%,0.083921,2026-08-24
MU,910.43,2026-08-28,4,Put,795.00,-12.68%,1.25,1.35,1.43,843,321,2.63,64.44%,77.51%,-0.043091,2026-08-24
IREN,39.81,2026-12-18,116,Put,41.00,+2.99%,8.75,8.85,9.1,872,331,2.63,100.02%,95.56%,-0.409127,2026-08-24
FORM,107.9,2026-09-18,25,Call,170.00,-57.55%,0.1,0.15,0.75,923,351,2.63,77.76%,93.82%,0.042861,2026-08-24
MU,910.43,2026-08-28,4,Put,830.00,-8.83%,3.55,3.5,3.75,1287,489,2.63,64.44%,73.22%,-0.105701,2026-08-24
COIN,179.48,2026-08-28,4,Call,187.50,-4.47%,2.89,3.1,3.1,2826,1075,2.63,66.38%,80.59%,0.318684,2026-08-24
NVDA,208.48,2026-09-04,11,Put,150.00,-28.05%,0.08,0.1,0.1,3092,1177,2.63,41.48%,82.34%,-0.008644,2026-08-24
INTC,87.26,2026-08-28,4,Call,90.00,-3.14%,1.4,1.42,1.44,12430,4726,2.63,60.36%,68.90%,0.348991,2026-08-24
PLTR,175.89,2026-08-28,4,Put,175.00,-0.51%,3.4,3.49,3.5,13112,5005,2.62,46.86%,53.35%,-0.450412,2026-08-24
TSLA,348.95,2026-09-25,32,Put,345.00,-1.13%,14,14,14.15,719,274,2.62,40.84%,40.15%,-0.430039,2026-08-24
SNDK,1493.12,2026-08-28,4,Call,"1,400.00",+6.24%,113.3,102.6,114.3,855,326,2.62,77.82%,90.56%,0.767587,2026-08-24
MSTR,122.63,2026-09-11,18,Put,110.00,-10.30%,2.86,3,3.25,908,346,2.62,77.08%,76.44%,-0.231313,2026-08-24
MSFT,487.31,2026-08-26,2,Call,485.00,+0.47%,5.25,5.43,5.6,1370,522,2.62,25.98%,28.72%,0.595439,2026-08-24
AAPL,310.34,2026-09-02,9,Call,320.00,-3.11%,1.22,1.59,1.59,1651,630,2.62,24.72%,23.71%,0.216736,2026-08-24
TSLA,348.95,2026-08-28,4,Put,337.50,-3.28%,2.3,2.32,2.37,1900,727,2.61,40.84%,45.79%,-0.233474,2026-08-24
HPE,52.43,2026-09-04,11,Call,57.00,-8.72%,1.55,1.75,1.95,650,250,2.6,73.34%,94.31%,0.335673,2026-08-24
GOOG,344.59,2026-08-28,4,Call,367.50,-6.65%,0.22,0.26,0.26,929,357,2.6,28.90%,35.82%,0.04569,2026-08-24
ASTS,62.35,2026-08-28,4,Call,66.00,-5.85%,0.94,1.02,1.05,1395,536,2.6,78.19%,88.91%,0.287573,2026-08-24
COST,971.4,2026-08-28,4,Call,"1,000.00",-2.94%,1.41,1.5,1.71,2751,1057,2.6,21.49%,23.98%,0.129225,2026-08-24
NVO,46.92,2026-12-18,116,Call,52.50,-11.89%,2.01,2.08,2.13,3220,1239,2.6,32.95%,40.30%,0.331152,2026-08-24
SPCX,135,2026-08-28,4,Put,135.00,0.00%,3.55,3.6,3.65,17699,6808,2.6,57.50%,64.30%,-0.484676,2026-08-24
AMZN,262.07,2026-09-25,32,Call,265.00,-1.12%,8.05,8.33,8.3,698,269,2.59,29.69%,29.52%,0.481543,2026-08-24
NVDA,208.48,2026-08-28,4,Call,202.50,+2.87%,9.65,9.71,9.8,1123,433,2.59,41.48%,72.74%,0.664493,2026-08-24
F,13.93,2026-09-11,18,Call,14.00,-0.50%,0.36,0.37,0.41,1524,588,2.59,32.81%,34.07%,0.486614,2026-08-24
ZS,176.06,2027-01-15,144,Put,175.00,-0.60%,23.85,24.3,25.1,752,292,2.58,73.18%,60.05%,-0.408258,2026-08-24
UBER,79.29,2026-08-28,4,Put,79.00,-0.37%,1.11,1.15,1.23,833,323,2.58,36.60%,40.03%,-0.453772,2026-08-24
RKLB,68.28,2026-08-28,4,Call,77.00,-12.77%,0.24,0.25,0.26,1005,389,2.58,70.95%,83.68%,0.092804,2026-08-24
PBR,18.6,2026-09-04,11,Call,18.00,+3.23%,0.54,0.48,0.7,1017,394,2.58,34.39%,13.19%,0.927215,2026-08-24
TSLA,348.95,2026-08-26,2,Call,345.00,+1.13%,6.7,6.88,7,1777,688,2.58,40.84%,44.53%,0.643542,2026-08-24
WFC,84.72,2026-08-28,4,Put,84.00,-0.85%,0.59,0.59,0.66,5243,2036,2.58,24.38%,26.87%,-0.37344,2026-08-24
PLTR,175.89,2026-08-28,4,Call,172.50,+1.93%,5.85,5.95,6,4274,1664,2.57,46.86%,54.42%,0.64696,2026-08-24
RKLB,68.28,2026-08-28,4,Put,66.00,-3.34%,1.15,1.19,1.2,989,385,2.57,70.95%,76.07%,-0.31893,2026-08-24
NVDA,208.48,2026-09-04,11,Put,212.50,+1.93%,9.5,9.61,9.65,1022,397,2.57,41.48%,51.47%,-0.564045,2026-08-24
TSLA,348.95,2026-08-31,7,Put,345.00,-1.13%,5.3,5.55,5.7,1140,444,2.57,40.84%,38.60%,-0.40108,2026-08-24
DIS,110.61,2026-11-20,88,Put,110.00,-0.55%,5.1,5.5,5.55,1247,485,2.57,23.85%,26.74%,-0.449349,2026-08-24
CVNA,72.33,2026-12-18,116,Put,70.00,-3.22%,8.6,8.75,9,1538,601,2.56,56.46%,64.79%,-0.383287,2026-08-24
WMB,70.97,2026-11-20,88,Put,65.00,-8.41%,1.55,1.65,1.75,1803,703,2.56,27.59%,29.99%,-0.246311,2026-08-24
SU,67.37,2026-10-16,53,Call,80.00,-18.75%,0.05,0.32,0.4,2236,872,2.56,29.75%,29.26%,0.070514,2026-08-24
UMAC,24.57,2026-09-18,25,Call,35.00,-42.45%,0.5,0.7,0.65,3565,1395,2.56,111.43%,118.23%,0.163336,2026-08-24
FRO,44.05,2026-09-18,25,Put,34.00,-22.81%,0.15,0.23,0.5,521,204,2.55,61.39%,73.36%,-0.078439,2026-08-24
ORLY,90.68,2026-09-18,25,Put,85.33,-5.90%,0.45,0.85,2.7,541,212,2.55,27.31%,40.40%,-0.258375,2026-08-24
GRRR,15.83,2026-08-28,4,Call,18.00,-13.71%,0.5,0.54,0.6,545,214,2.55,108.28%,194.29%,0.298733,2026-08-24
NVDA,208.48,2026-08-31,7,Put,202.50,-2.87%,3.85,3.85,3.95,1770,695,2.55,41.48%,57.26%,-0.339681,2026-08-24
KGC,32.98,2028-01-21,515,Call,50.00,-51.61%,3.8,4,4.55,2003,785,2.55,52.90%,52.86%,0.391485,2026-08-24
HNGE,89.98,2026-09-18,25,Call,100.00,-11.14%,1.75,1.8,1.9,3630,1421,2.55,53.97%,54.11%,0.255494,2026-08-24
PRME,3.25,2026-09-18,25,Call,4.00,-23.08%,0.1,0.13,0.15,691,272,2.54,104.94%,103.27%,0.266296,2026-08-24
MSFT,487.31,2026-08-28,4,Call,507.50,-4.14%,0.64,0.82,0.81,699,275,2.54,25.98%,29.86%,0.101492,2026-08-24
LAES,2.48,2026-09-25,32,Call,2.50,-0.81%,0.19,0.23,0.28,800,315,2.54,83.41%,82.24%,0.540669,2026-08-24
KSS,18.3,2026-08-28,4,Call,18.00,+1.64%,1.3,1.42,1.45,1130,445,2.54,79.12%,160.97%,0.572422,2026-08-24
MO,68.47,2026-08-28,4,Call,70.00,-2.23%,0.2,0.22,0.29,1331,524,2.54,25.45%,27.28%,0.221148,2026-08-24
TGT,169.89,2026-08-28,4,Put,160.00,-5.82%,0.13,0.14,0.15,1489,586,2.54,30.12%,35.66%,-0.051764,2026-08-24
TSLA,348.95,2026-08-31,7,Call,400.00,-14.63%,0.2,0.21,0.21,19187,7557,2.54,40.84%,48.66%,0.023744,2026-08-24
NVDA,208.48,2026-08-28,4,Call,215.00,-3.13%,3.75,3.8,3.85,40692,16095,2.53,41.48%,73.80%,0.361065,2026-08-24
GME,18.04,2026-09-04,11,Call,18.00,+0.22%,0.45,0.47,0.55,937,370,2.53,47.52%,39.37%,0.519514,2026-08-24
HIMS,31.08,2026-08-28,4,Call,31.00,+0.26%,1.03,1.03,1.07,3531,1395,2.53,71.83%,77.43%,0.530782,2026-08-24
CMG,38.02,2026-10-16,53,Put,35.00,-7.94%,0.78,0.84,0.88,620,246,2.52,35.33%,36.90%,-0.244532,2026-08-24
TEM,66.17,2026-08-28,4,Call,74.00,-11.83%,0.52,0.55,0.67,706,280,2.52,77.48%,103.36%,0.164542,2026-08-24
RGTI,16.37,2026-08-28,4,Call,17.00,-3.85%,0.34,0.35,0.37,1465,582,2.52,73.87%,88.64%,0.360788,2026-08-24
PLTR,175.89,2026-08-28,4,Put,177.50,+0.92%,4.65,4.7,4.8,4369,1736,2.52,46.86%,52.89%,-0.552255,2026-08-24
MRVL,229.29,2027-09-17,389,Put,120.00,-47.66%,12.35,13.2,13.9,550,219,2.51,79.63%,76.66%,-0.104065,2026-08-24
FLNC,10.86,2026-11-20,88,Put,8.00,-26.34%,0.45,0.6,0.65,609,243,2.51,90.43%,88.66%,-0.174225,2026-08-24
CMG,38.02,2026-09-25,32,Call,37.00,+2.68%,2.16,2.15,2.47,677,270,2.51,35.33%,38.09%,0.62794,2026-08-24
TSLA,348.95,2026-08-26,2,Put,320.00,-8.30%,0.13,0.14,0.14,1249,497,2.51,40.84%,59.48%,-0.023124,2026-08-24
SNDK,1493.12,2026-08-28,4,Call,"1,680.00",-12.52%,8.5,8.42,8.8,577,231,2.5,77.82%,93.42%,0.124455,2026-08-24
TSLA,348.95,2026-08-26,2,Call,380.00,-8.90%,0.1,0.11,0.12,3670,1469,2.5,40.84%,55.88%,0.020911,2026-08-24
AVGO,358.76,2027-06-17,297,Put,200.00,-44.25%,4.35,4.55,4.9,5006,2003,2.5,50.16%,49.60%,-0.056386,2026-08-24
FLEX,106.65,2026-09-18,25,Put,105.00,-1.55%,5.7,6.23,6.6,5312,2135,2.49,64.48%,63.95%,-0.425219,2026-08-24
NVDA,208.48,2026-08-28,4,Put,232.50,+11.52%,24.25,25.35,25.2,1074,432,2.49,41.48%,78.03%,-0.902513,2026-08-24
ACB,3.94,2026-12-18,116,Call,5.00,-26.90%,0.2,0.2,0.35,3609,1447,2.49,49.67%,66.50%,0.338866,2026-08-24
SYK,327.81,2026-09-18,25,Call,330.00,-0.67%,7.9,8.9,10.4,513,207,2.48,27.61%,28.98%,0.488979,2026-08-24
MU,910.43,2026-08-26,2,Put,925.00,+1.60%,25.65,26.1,27.25,549,221,2.48,64.44%,67.72%,-0.61363,2026-08-24
ANGX,4.54,2026-09-18,25,Put,5.00,+10.13%,0.5,0.8,0.85,700,282,2.48,89.82%,82.98%,-0.628945,2026-08-24
TMC,4.74,2026-09-04,11,Call,5.00,-5.49%,0.22,0.26,0.29,1675,676,2.48,101.43%,110.13%,0.42718,2026-08-24
HOOD,103.62,2026-12-18,116,Call,170.00,-64.06%,2.39,3,3.15,1879,757,2.48,62.18%,70.17%,0.153196,2026-08-24
TSLA,348.95,2026-08-26,2,Call,372.50,-6.75%,0.22,0.23,0.24,5449,2195,2.48,40.84%,50.81%,0.043435,2026-08-24
GOOGL,348.06,2026-08-28,4,Put,347.50,-0.16%,4.05,4.12,4.25,629,255,2.47,28.66%,30.84%,-0.469973,2026-08-24
AEP,121.98,2026-11-20,88,Call,130.00,-6.57%,2.1,2,2.3,1195,483,2.47,20.66%,21.19%,0.290632,2026-08-24
COIN,179.48,2026-08-28,4,Put,185.00,+3.08%,8.8,9.05,9.3,1814,733,2.47,66.38%,77.91%,-0.628243,2026-08-24
RKLB,68.28,2026-08-28,4,Put,62.00,-9.20%,0.26,0.3,0.3,607,247,2.46,70.95%,75.99%,-0.104333,2026-08-24
CBRS,185.43,2026-08-28,4,Put,180.00,-2.93%,4.3,4.77,5.1,2144,870,2.46,87.19%,93.27%,-0.360639,2026-08-24
TSLA,348.95,2026-08-28,4,Put,325.00,-6.86%,0.62,0.6,0.65,4792,1946,2.46,40.84%,48.86%,-0.077363,2026-08-24
LCID,5.09,2026-09-04,11,Put,5.00,-1.77%,0.21,0.22,0.23,807,329,2.45,81.08%,75.86%,-0.417553,2026-08-24
NU,14.76,2026-12-18,116,Put,14.00,-5.15%,0.92,0.94,1.03,1065,435,2.45,38.83%,43.06%,-0.352755,2026-08-24
BROS,51.95,2026-10-16,53,Call,50.00,+3.75%,4.3,4.49,4.7,1312,536,2.45,41.41%,42.39%,0.637217,2026-08-24
AMD,456.74,2028-06-16,662,Put,300.00,-34.32%,42.35,44.65,47.15,2314,943,2.45,53.05%,58.54%,-0.159201,2026-08-24
EPD,38.36,2026-08-28,4,Call,39.00,-1.67%,0.05,0.11,0.18,697,286,2.44,17.26%,21.47%,0.231524,2026-08-24
CCJ,102.27,2026-12-18,116,Call,130.00,-27.11%,3.65,3.8,3.95,1335,548,2.44,46.87%,50.26%,0.25102,2026-08-24
IONS,62.04,2027-01-15,144,Call,75.00,-20.89%,3.7,4,4.2,1435,587,2.44,50.66%,50.86%,0.3495,2026-08-24
PBR,18.6,2028-01-21,515,Call,12.00,+35.48%,5,6.55,8,3074,1258,2.44,34.39%,8.66%,0.969027,2026-08-24
NVDA,208.48,2026-09-04,11,Call,220.00,-5.53%,3.35,3.4,3.4,18530,7589,2.44,41.48%,52.32%,0.295787,2026-08-24
SPCX,135,2026-08-28,4,Call,133.00,+1.48%,4.65,4.8,4.8,1861,766,2.43,57.50%,64.46%,0.602895,2026-08-24
MU,910.43,2026-08-31,7,Call,"1,000.00",-9.84%,5.55,5.9,6.2,660,273,2.42,64.44%,62.30%,0.149954,2026-08-24
CRWV,86.25,2026-08-28,4,Put,72.00,-16.52%,0.09,0.1,0.11,554,230,2.41,77.31%,93.95%,-0.02945,2026-08-24
HOOD,103.62,2026-08-28,4,Put,102.00,-1.56%,2.29,2.39,2.43,903,374,2.41,62.18%,72.66%,-0.401438,2026-08-24
MRNA,138.89,2026-09-18,25,Call,160.00,-15.20%,6.05,7,7.7,1472,612,2.41,89.74%,96.76%,0.336371,2026-08-24
ABNB,190.21,2026-09-04,11,Put,180.00,-5.37%,0.82,0.86,1.24,520,217,2.4,31.99%,34.42%,-0.166064,2026-08-24
TSLA,348.95,2026-09-02,9,Call,400.00,-14.63%,0.38,0.42,0.41,833,347,2.4,40.84%,47.84%,0.038533,2026-08-24
SNDK,1493.12,2026-08-28,4,Put,"1,200.00",-19.63%,1.05,1.25,1.45,2738,1141,2.4,77.82%,104.64%,-0.020033,2026-08-24
NVDA,208.48,2026-08-28,4,Put,195.00,-6.47%,1.61,1.61,1.62,21510,8949,2.4,41.48%,73.13%,-0.179948,2026-08-24
SPCX,135,2026-08-28,4,Call,150.00,-11.11%,0.38,0.38,0.4,31530,13142,2.4,57.50%,71.57%,0.086358,2026-08-24
GOOG,344.59,2026-08-28,4,Call,345.00,-0.12%,4.3,4.39,4.5,4595,1923,2.39,28.90%,31.54%,0.49667,2026-08-24
TSLA,348.95,2026-08-28,4,Call,352.50,-1.02%,5.15,5.2,5.25,5506,2307,2.39,40.84%,46.23%,0.42984,2026-08-24
TSLA,348.95,2026-09-04,11,Put,360.00,+3.17%,15.95,16.4,16.8,1133,474,2.39,40.84%,41.27%,-0.651774,2026-08-24
MSFT,487.31,2026-08-28,4,Put,485.00,-0.47%,4.5,4.69,4.8,2869,1200,2.39,25.98%,28.53%,-0.427454,2026-08-24
WMT,106.49,2026-09-04,11,Call,109.00,-2.36%,0.81,0.82,0.86,794,334,2.38,22.44%,24.02%,0.302031,2026-08-24
NFLX,80.01,2026-08-28,4,Call,81.00,-1.24%,0.78,0.79,0.79,16228,6806,2.38,33.09%,35.81%,0.382585,2026-08-24
SKM,40,2026-10-16,53,Call,50.00,-25.00%,1.25,1.35,1.7,502,212,2.37,65.46%,72.63%,0.253472,2026-08-24
AAPL,310.34,2026-08-26,2,Call,305.00,+1.72%,5.9,6.05,6.2,807,340,2.37,24.72%,27.19%,0.810945,2026-08-24
MOD,188.37,2026-09-18,25,Call,210.00,-11.48%,6,7.4,7.9,862,364,2.37,73.17%,73.58%,0.324119,2026-08-24
NKE,40.75,2026-08-28,4,Put,42.00,+3.07%,1.43,1.5,1.56,2716,1144,2.37,36.50%,40.45%,-0.755636,2026-08-24
HOOD,103.62,2026-08-28,4,Put,101.00,-2.53%,1.93,1.96,2,967,410,2.36,62.18%,72.93%,-0.352668,2026-08-24
TGT,169.89,2026-08-28,4,Call,175.00,-3.01%,0.6,0.68,0.73,1233,523,2.36,30.12%,33.31%,0.203403,2026-08-24
AAOI,107.63,2026-08-28,4,Put,105.00,-2.44%,3.6,3.8,4,1318,558,2.36,100.81%,113.19%,-0.393236,2026-08-24
RIOT,20,2026-12-18,116,Put,20.00,0.00%,3.65,3.83,4.3,1504,638,2.36,90.08%,92.15%,-0.391202,2026-08-24
DKS,179.33,2026-09-18,25,Put,170.00,-5.20%,5.9,6.4,6.8,1546,654,2.36,55.60%,57.11%,-0.331019,2026-08-24
MU,910.43,2026-08-28,4,Call,970.00,-6.54%,7.75,8.05,8.15,3720,1576,2.36,64.44%,71.87%,0.211933,2026-08-24
AFL,118.2,2028-01-21,515,Call,130.00,-9.98%,8.1,9.42,9.9,524,223,2.35,18.00%,22.39%,0.440248,2026-08-24
COIN,179.48,2026-09-04,11,Put,167.50,-6.67%,2.99,3.69,4.15,547,233,2.35,66.38%,68.86%,-0.259227,2026-08-24
CPNG,16.44,2026-08-28,4,Put,16.00,-2.68%,0.06,0.16,0.2,658,280,2.35,44.58%,44.60%,-0.270271,2026-08-24
META,559.02,2026-08-26,2,Call,595.00,-6.44%,0.22,0.24,0.25,747,318,2.35,35.49%,45.12%,0.032493,2026-08-24
LULU,122.78,2026-12-18,116,Put,350.00,+185.06%,226.2,227.65,228.65,1500,637,2.35,59.12%,102.93%,-0.97272,2026-08-24
AVGO,358.76,2026-08-28,4,Put,345.00,-3.84%,1.9,2.02,2.2,3536,1504,2.35,50.16%,46.75%,-0.203377,2026-08-24
AME,242.33,2026-11-20,88,Call,250.00,-3.17%,9.4,9.4,10.9,600,256,2.34,23.64%,26.77%,0.454154,2026-08-24
RKLB,68.28,2026-12-18,116,Call,170.00,-148.97%,0.65,0.9,1.09,658,281,2.34,70.95%,91.24%,0.067784,2026-08-24
NVDA,208.48,2026-08-31,7,Put,212.50,+1.93%,8.8,8.95,8.95,987,422,2.34,41.48%,58.01%,-0.576118,2026-08-24
APLD,26.89,2026-08-28,4,Call,29.00,-7.85%,0.33,0.36,0.36,2129,908,2.34,88.44%,93.23%,0.235375,2026-08-24
ASTS,62.35,2026-08-28,4,Call,72.00,-15.48%,0.23,0.25,0.26,2164,925,2.34,78.19%,97.28%,0.087185,2026-08-24
ASST,19.73,2026-08-28,4,Call,20.00,-1.37%,0.79,0.99,1.08,4572,1955,2.34,104.37%,128.00%,0.487442,2026-08-24
BTDR,10.91,2026-09-18,25,Put,9.00,-17.51%,0.3,0.3,0.4,4130,1772,2.33,102.87%,101.08%,-0.192652,2026-08-24
TSLA,348.95,2026-09-11,18,Call,370.00,-6.03%,5.3,5.5,5.45,4909,2103,2.33,40.84%,41.28%,0.283102,2026-08-24
MSTR,122.63,2026-08-28,4,Call,150.00,-22.32%,0.33,0.35,0.38,12960,5552,2.33,77.08%,117.38%,0.057642,2026-08-24
TSLA,348.95,2026-11-20,88,Put,75.00,-78.51%,0.02,0.17,0.35,522,224,2.33,40.84%,125.36%,-0.002412,2026-08-24
JNJ,273.04,2026-09-04,11,Call,260.00,+4.78%,11.6,12.75,14.25,531,228,2.33,22.89%,10.64%,0.995793,2026-08-24
SKHY,155.37,2026-09-04,11,Put,129.00,-16.97%,0.3,0.55,0.8,611,262,2.33,72.27%,72.86%,-0.061557,2026-08-24
SPCX,135,2026-09-04,11,Put,122.00,-9.63%,1.18,1.24,1.24,724,311,2.33,57.50%,61.06%,-0.15443,2026-08-24
AXTI,65.4,2026-08-28,4,Call,70.00,-7.03%,1.85,2,2.3,926,398,2.33,116.76%,139.81%,0.348784,2026-08-24
NBIS,210.91,2026-09-04,11,Put,190.00,-9.91%,5,5.25,5.4,1036,445,2.33,90.97%,94.91%,-0.235149,2026-08-24
BMNR,24.14,2026-09-25,32,Call,25.00,-3.56%,2,2.06,2.13,1689,724,2.33,84.42%,84.31%,0.498741,2026-08-24
PDD,87.07,2026-08-28,4,Put,88.00,+1.07%,1.81,2.06,2.15,2392,1027,2.33,34.31%,40.69%,-0.58761,2026-08-24
CMG,38.02,2026-10-16,53,Call,40.00,-5.21%,1.34,1.4,1.42,539,233,2.31,35.33%,36.36%,0.398085,2026-08-24
META,559.02,2026-08-26,2,Put,555.00,-0.72%,4,4.11,4.5,1050,454,2.31,35.49%,37.00%,-0.388666,2026-08-24
VKTX,33.23,2026-08-28,4,Call,35.00,-5.33%,0.45,0.54,0.55,1250,541,2.31,83.76%,82.55%,0.290194,2026-08-24
MRVL,229.29,2026-08-28,4,Put,170.00,-25.86%,0.15,0.17,0.17,2147,931,2.31,79.63%,133.73%,-0.013569,2026-08-24
SPCX,135,2026-09-04,11,Call,135.00,0.00%,5.55,5.6,5.7,3214,1391,2.31,57.50%,59.43%,0.524794,2026-08-24
SPCX,135,2026-08-28,4,Put,128.00,-5.19%,1.05,1.05,1.08,4325,1873,2.31,57.50%,64.18%,-0.202854,2026-08-24
SPCX,135,2026-08-28,4,Call,140.00,-3.70%,1.8,1.83,1.84,27878,12091,2.31,57.50%,66.04%,0.313547,2026-08-24
NVDA,208.48,2026-09-02,9,Put,210.00,+0.73%,7.7,7.85,7.9,644,280,2.3,41.48%,54.13%,-0.514238,2026-08-24
RTX,209.22,2026-12-18,116,Put,160.00,-23.53%,0.71,0.99,1.12,741,322,2.3,23.80%,32.12%,-0.053328,2026-08-24
GOOGL,348.06,2026-08-28,4,Call,367.50,-5.59%,0.19,0.39,0.4,914,398,2.3,28.66%,32.57%,0.058668,2026-08-24
LI,12.48,2026-08-28,4,Put,11.50,-7.85%,0.01,0.1,0.11,938,410,2.29,51.07%,70.84%,-0.126134,2026-08-24
VET,12.54,2026-09-18,25,Put,12.50,-0.32%,0.4,0.54,0.7,1585,692,2.29,41.48%,43.85%,-0.464237,2026-08-24
AMC,2.67,2026-08-28,4,Put,3.00,+12.36%,0.33,0.35,0.39,567,249,2.28,84.90%,114.77%,-0.818422,2026-08-24
DIS,110.61,2026-10-16,53,Call,130.00,-17.53%,0.04,0.18,0.25,859,376,2.28,23.85%,23.15%,0.038207,2026-08-24
MU,910.43,2026-08-28,4,Put,855.00,-6.09%,7.2,7.1,7.5,958,421,2.28,64.44%,71.55%,-0.189203,2026-08-24
GOOG,344.59,2026-08-28,4,Call,362.50,-5.20%,0.41,0.44,0.45,1306,572,2.28,28.90%,33.67%,0.079313,2026-08-24
RZLV,2.43,2026-09-04,11,Call,2.50,-2.88%,0.1,0.11,0.15,2986,1308,2.28,82.12%,91.73%,0.4634,2026-08-24
SNAP,5.53,2026-08-28,4,Call,5.50,+0.54%,0.16,0.16,0.17,19693,8623,2.28,57.07%,64.44%,0.547869,2026-08-24
TMC,4.74,2026-10-16,53,Call,6.00,-26.58%,0.34,0.38,0.41,853,375,2.27,101.43%,106.10%,0.355596,2026-08-24
CAPR,6.8,2026-09-18,25,Put,7.00,+2.94%,0.8,0.9,1,1667,734,2.27,117.54%,112.16%,-0.478343,2026-08-24
CRCL,87.72,2026-08-28,4,Call,91.00,-3.74%,2.18,2.3,2.37,1340,593,2.26,83.68%,98.45%,0.38176,2026-08-24
TSLA,348.95,2026-09-11,18,Call,355.00,-1.73%,10.05,10.35,10.25,1387,615,2.26,40.84%,40.70%,0.450171,2026-08-24
NVDA,208.48,2026-08-28,4,Call,217.50,-4.33%,3,3.05,3.1,16067,7125,2.26,41.48%,73.99%,0.307213,2026-08-24
MRNA,138.89,2027-03-19,207,Put,135.00,-2.80%,29.45,32,32,1002,445,2.25,89.74%,84.45%,-0.349587,2026-08-24
C,131.72,2026-08-28,4,Put,130.00,-1.31%,0.91,0.96,1.01,1124,499,2.25,28.49%,30.94%,-0.334508,2026-08-24
SOFI,18.24,2026-10-02,39,Call,19.00,-4.17%,0.81,0.91,1.26,1224,543,2.25,49.99%,55.79%,0.455823,2026-08-24
COIN,179.48,2026-09-04,11,Call,200.00,-11.43%,2.6,2.73,2.98,2318,1028,2.25,66.38%,74.45%,0.222238,2026-08-24
NVDA,208.48,2026-08-31,7,Call,222.50,-6.72%,2.12,2.16,2.17,1073,478,2.24,41.48%,58.90%,0.226639,2026-08-24
TSLA,348.95,2026-08-28,4,Call,370.00,-6.03%,1.11,1.13,1.13,14768,6612,2.23,40.84%,48.21%,0.129765,2026-08-24
MRNA,138.89,2026-11-20,88,Put,115.00,-17.20%,11.95,12.4,13,730,328,2.23,89.74%,92.94%,-0.255305,2026-08-24
TSLA,348.95,2026-08-26,2,Put,325.00,-6.86%,0.19,0.19,0.2,1206,542,2.23,40.84%,53.73%,-0.034976,2026-08-24
NN,15.79,2026-09-11,18,Call,21.00,-33.00%,0.4,0.55,0.6,1265,568,2.23,105.20%,134.96%,0.213106,2026-08-24
DE,648.64,2026-08-28,4,Call,700.00,-7.92%,0.05,0.16,0.25,1269,570,2.23,30.74%,34.28%,0.017979,2026-08-24
WULF,15.48,2026-08-28,4,Call,16.50,-6.59%,0.27,0.28,0.29,1660,746,2.23,88.69%,101.99%,0.286549,2026-08-24
AMZN,262.07,2026-08-28,4,Call,255.00,+2.70%,8.25,8.39,8.7,2942,1318,2.23,29.69%,35.94%,0.775258,2026-08-24
WMB,70.97,2026-10-16,53,Call,80.00,-12.72%,0.1,0.47,0.6,3783,1699,2.23,27.59%,24.71%,0.112179,2026-08-24
MNDY,94.25,2026-09-18,25,Call,105.00,-11.41%,2.25,2.97,3.1,769,347,2.22,63.23%,64.09%,0.292759,2026-08-24
AAL,13.63,2026-09-04,11,Put,13.00,-4.62%,0.14,0.15,0.16,2687,1210,2.22,47.86%,41.98%,-0.245362,2026-08-24
NFLX,80.01,2026-08-28,4,Put,79.00,-1.26%,0.7,0.72,0.72,3623,1632,2.22,33.09%,34.82%,-0.353406,2026-08-24
ONON,29.51,2026-08-28,4,Put,29.50,-0.03%,0.53,0.53,0.66,547,248,2.21,40.68%,49.12%,-0.484644,2026-08-24
TSLA,348.95,2026-08-31,7,Put,320.00,-8.30%,0.59,0.56,0.62,782,354,2.21,40.84%,42.59%,-0.065664,2026-08-24
SNDK,1493.12,2026-08-28,4,Call,"1,800.00",-20.55%,2.55,2.8,2.8,4820,2177,2.21,77.82%,100.79%,0.043168,2026-08-24
ONDS,8.24,2026-09-04,11,Call,8.00,+2.91%,0.56,0.57,0.58,832,378,2.2,78.39%,77.34%,0.61618,2026-08-24
TSLA,348.95,2026-09-04,11,Put,350.00,+0.30%,10.4,10.45,10.6,1439,653,2.2,40.84%,41.92%,-0.497334,2026-08-24
AMC,2.67,2026-09-11,18,Call,2.50,+6.37%,0.27,0.3,0.32,1784,812,2.2,84.90%,87.32%,0.667103,2026-08-24
SPCX,135,2026-08-28,4,Put,131.00,-2.96%,1.87,1.88,1.9,2600,1183,2.2,57.50%,63.89%,-0.312656,2026-08-24
MSTR,122.63,2026-08-28,4,Call,165.00,-34.55%,0.07,0.12,0.15,1793,817,2.19,77.08%,131.63%,0.018684,2026-08-24
NRG,111.78,2026-09-18,25,Call,120.00,-7.35%,2.45,2.5,2.65,2157,985,2.19,45.07%,47.19%,0.307416,2026-08-24
INTC,87.26,2026-08-28,4,Put,78.00,-10.61%,0.17,0.17,0.2,2997,1370,2.19,60.36%,71.97%,-0.06291,2026-08-24
SPCX,135,2026-08-28,4,Call,139.00,-2.96%,2.09,2.12,2.14,4591,2101,2.19,57.50%,65.80%,0.350587,2026-08-24
UBS,53.71,2026-09-18,25,Put,55.00,+2.40%,1.85,1.95,2.05,792,364,2.18,24.48%,21.54%,-0.649238,2026-08-24
MSTR,122.63,2026-08-28,4,Put,109.00,-11.11%,0.54,0.54,0.62,970,445,2.18,77.08%,91.55%,-0.100065,2026-08-24
ADBE,276.27,2026-09-18,25,Put,270.00,-2.27%,12.5,12.89,14,1498,688,2.18,55.69%,57.81%,-0.40498,2026-08-24
HAFN,8.13,2026-09-18,25,Put,7.50,-7.75%,0.1,0.21,0.25,607,280,2.17,39.30%,49.16%,-0.258675,2026-08-24
TSLA,348.95,2026-09-11,18,Put,345.00,-1.13%,10.05,9.92,10.45,828,381,2.17,40.84%,40.28%,-0.425414,2026-08-24
P,100.44,2026-11-20,88,Put,80.00,-20.35%,4.6,4.9,5,1035,478,2.17,83.15%,72.50%,-0.200803,2026-08-24
BMNR,24.14,2026-10-02,39,Call,24.00,+0.58%,2.66,2.82,2.94,1128,520,2.17,84.42%,85.94%,0.569221,2026-08-24
PBR,18.6,2026-10-16,53,Put,17.00,-8.60%,0.5,0.51,0.52,20593,9473,2.17,34.39%,42.49%,-0.258161,2026-08-24
UMC,19.05,2027-01-15,144,Call,17.00,+10.76%,3.8,4.2,4.4,500,232,2.16,57.77%,69.73%,0.667912,2026-08-24
CRM,209.06,2026-11-20,88,Put,200.00,-4.33%,12.2,12.45,13.3,551,255,2.16,49.99%,43.71%,-0.366767,2026-08-24
MSTR,122.63,2026-09-04,11,Put,115.00,-6.22%,3.3,3.45,3.55,1313,608,2.16,77.08%,80.16%,-0.295264,2026-08-24
AAL,13.63,2026-08-28,4,Call,14.00,-2.71%,0.11,0.13,0.14,3611,1675,2.16,47.86%,46.88%,0.301534,2026-08-24
NEE,84.1,2026-10-16,53,Call,90.00,-7.02%,0.67,0.73,0.75,532,248,2.15,21.12%,20.18%,0.20284,2026-08-24
IREN,39.81,2026-08-28,4,Put,40.50,+1.73%,2.88,2.94,2.98,573,267,2.15,100.02%,153.93%,-0.509627,2026-08-24
OPEN,3.43,2026-08-28,4,Call,3.00,+12.54%,0.27,0.46,0.53,1205,560,2.15,75.47%,119.32%,0.872471,2026-08-24
RIVN,16.6,2026-09-04,11,Call,17.00,-2.41%,0.52,0.53,0.54,6998,3252,2.15,59.23%,60.60%,0.435116,2026-08-24
SPCX,135,2026-08-28,4,Call,129.00,+4.44%,7.3,8,7.55,608,284,2.14,57.50%,65.77%,0.75822,2026-08-24
NVT,153.35,2026-09-18,25,Call,160.00,-4.34%,5,6.9,7,727,340,2.14,53.26%,53.91%,0.414571,2026-08-24
AMZN,262.07,2026-08-26,2,Put,250.00,-4.61%,0.11,0.11,0.13,937,437,2.14,29.69%,37.02%,-0.040835,2026-08-24
CRCL,87.72,2026-09-04,11,Call,95.00,-8.30%,2.72,2.85,3,1046,488,2.14,83.68%,91.07%,0.337822,2026-08-24
MRK,150.66,2026-08-28,4,Call,150.00,+0.44%,2.4,2.9,2.9,1564,730,2.14,29.05%,36.53%,0.554726,2026-08-24
MCD,272.54,2027-03-19,207,Call,460.00,-68.78%,0.03,0.19,0.36,718,337,2.13,20.28%,28.42%,0.010452,2026-08-24
BA,210.46,2026-08-28,4,Put,207.50,-1.41%,1.4,1.47,1.57,807,378,2.13,29.70%,31.06%,-0.32578,2026-08-24
ORCL,142.45,2026-09-11,18,Put,125.00,-12.25%,2.65,2.77,2.91,1026,482,2.13,69.81%,75.84%,-0.193126,2026-08-24
GOOG,344.59,2026-08-28,4,Call,355.00,-3.02%,1.13,1.23,1.23,4273,2011,2.12,28.90%,31.54%,0.191074,2026-08-24
NVDA,208.48,2027-01-15,144,Put,180.00,-13.66%,7.7,7.81,7.9,101992,48127,2.12,41.48%,40.25%,-0.225889,2026-08-24
APP,298.59,2026-08-28,4,Call,300.00,-0.47%,6.1,6.5,7,523,247,2.12,52.92%,57.44%,0.483377,2026-08-24
CORZ,17.27,2026-08-28,4,Put,16.00,-7.35%,0.13,0.15,0.15,535,252,2.12,72.78%,80.97%,-0.171606,2026-08-24
FCEL,18.75,2026-08-28,4,Put,21.00,+12.00%,2.2,2.67,2.9,538,254,2.12,118.69%,129.95%,-0.777517,2026-08-24
USAR,18.29,2026-08-28,4,Put,17.00,-7.05%,0.2,0.25,0.26,872,412,2.12,89.78%,94.25%,-0.213513,2026-08-24
MU,910.43,2026-08-28,4,Call,940.00,-3.25%,14.9,15.35,15.95,1121,529,2.12,64.44%,71.48%,0.350267,2026-08-24
CRM,209.06,2026-09-04,11,Put,170.00,-18.68%,0.37,0.42,0.47,1394,659,2.12,49.99%,70.33%,-0.03908,2026-08-24
PBR,18.6,2026-08-28,4,Call,18.50,+0.54%,0.11,0.11,0.17,1838,866,2.12,34.39%,10.12%,0.700773,2026-08-24
KGC,32.98,2026-09-18,25,Put,30.00,-9.04%,0.47,0.7,0.79,509,241,2.11,52.90%,53.19%,-0.22251,2026-08-24
MRNA,138.89,2026-08-28,4,Put,134.00,-3.52%,4.55,4.45,5.05,778,368,2.11,89.74%,122.85%,-0.36479,2026-08-24
RGTI,16.37,2026-08-28,4,Put,16.00,-2.26%,0.39,0.41,0.43,1971,936,2.11,73.87%,85.64%,-0.380708,2026-08-24
SPCX,135,2026-08-28,4,Put,129.00,-4.44%,1.28,1.29,1.32,2210,1049,2.11,57.50%,64.06%,-0.23676,2026-08-24
SPCX,135,2026-08-28,4,Call,141.00,-4.44%,1.55,1.55,1.58,4914,2331,2.11,57.50%,66.40%,0.2792,2026-08-24
MSTR,122.63,2026-08-28,4,Call,140.00,-14.16%,0.85,0.87,0.86,8189,3900,2.1,77.08%,106.88%,0.130375,2026-08-24
HOOD,103.62,2026-09-04,11,Call,125.00,-20.63%,0.41,0.44,0.46,2188,1044,2.1,62.18%,72.43%,0.077748,2026-08-24
DXC,10.63,2026-09-18,25,Call,11.00,-3.48%,0.3,0.45,0.4,523,250,2.09,52.07%,46.58%,0.404155,2026-08-24
AMGN,443.84,2026-09-18,25,Call,445.00,-0.26%,13.8,15.44,16.4,589,282,2.09,31.18%,33.41%,0.509072,2026-08-24
DELL,433.19,2026-08-28,4,Call,470.00,-8.50%,2.72,2.46,2.86,698,334,2.09,79.17%,75.26%,0.160689,2026-08-24
BMNR,24.14,2026-08-28,4,Put,21.50,-10.94%,0.15,0.16,0.16,1487,713,2.09,84.42%,98.94%,-0.120323,2026-08-24
IREN,39.81,2026-08-28,4,Call,41.00,-2.99%,2.04,2.1,2.11,2190,1049,2.09,100.02%,155.49%,0.461304,2026-08-24
ASTS,62.35,2026-08-28,4,Put,58.00,-6.98%,0.52,0.6,0.65,624,300,2.08,78.19%,82.82%,-0.188962,2026-08-24
ORCL,142.45,2027-01-15,144,Call,380.00,-166.76%,0.33,0.55,0.92,1716,826,2.08,69.81%,72.82%,0.028877,2026-08-24
FCX,77.8,2026-08-28,4,Call,71.00,+8.74%,6.8,6.9,7.15,2234,1075,2.08,52.60%,60.37%,0.931003,2026-08-24
BAC,62.33,2026-08-28,4,Put,62.00,-0.53%,0.35,0.4,0.43,5394,2593,2.08,21.57%,20.95%,-0.397035,2026-08-24
ONDS,8.24,2026-08-28,4,Call,8.50,-3.16%,0.18,0.18,0.19,5567,2690,2.07,78.39%,84.67%,0.38142,2026-08-24
ARM,238.78,2027-06-17,297,Put,160.00,-32.99%,16.8,18.45,19.65,502,242,2.07,66.61%,71.38%,-0.16233,2026-08-24
HOOD,103.62,2026-09-04,11,Call,107.00,-3.26%,3.2,3.25,3.6,798,385,2.07,62.18%,66.69%,0.416853,2026-08-24
WY,24.39,2026-10-16,53,Call,27.00,-10.70%,0.1,0.15,0.5,1200,580,2.07,26.99%,29.97%,0.202537,2026-08-24
AMZN,262.07,2026-09-04,11,Call,262.50,-0.16%,5.4,5.53,5.65,1370,663,2.07,29.69%,30.83%,0.506608,2026-08-24
TSLA,348.95,2026-08-31,7,Call,380.00,-8.90%,0.74,0.79,0.78,1765,852,2.07,40.84%,42.99%,0.082194,2026-08-24
INTC,87.26,2026-08-28,4,Put,81.00,-7.17%,0.43,0.45,0.49,1044,508,2.06,60.36%,68.37%,-0.139998,2026-08-24
MU,910.43,2026-08-26,2,Call,970.00,-6.54%,2.48,2.6,2.7,1684,817,2.06,64.44%,69.74%,0.115407,2026-08-24
TSLA,348.95,2026-08-28,4,Put,362.50,+3.88%,14.75,15.49,16.1,1804,876,2.06,40.84%,44.85%,-0.783664,2026-08-24
INTC,87.26,2026-08-28,4,Put,86.00,-1.44%,1.78,1.88,1.88,2216,1075,2.06,60.36%,66.88%,-0.402508,2026-08-24
CHWY,24.5,2026-08-28,4,Call,24.50,0.00%,0.4,0.54,0.65,536,261,2.05,62.32%,50.85%,0.513597,2026-08-24
U,46.16,2026-09-11,18,Call,50.00,-8.32%,0.77,0.78,1,679,332,2.05,52.45%,53.82%,0.276262,2026-08-24
LULU,122.78,2026-12-18,116,Put,80.00,-34.84%,0.8,1.16,1.35,689,336,2.05,59.12%,55.09%,-0.058148,2026-08-24
HIMS,31.08,2026-08-28,4,Put,31.50,+1.35%,1.17,1.48,1.33,919,448,2.05,71.83%,79.06%,-0.54661,2026-08-24
TSM,410.12,2026-08-28,4,Put,395.00,-3.69%,1.57,1.69,1.76,1868,911,2.05,34.96%,39.87%,-0.176736,2026-08-24
CNP,39.1,2026-09-18,25,Call,41.00,-4.86%,0,0.19,0.25,542,266,2.04,18.59%,16.56%,0.146015,2026-08-24
ABNB,190.21,2026-08-28,4,Call,200.00,-5.15%,0.21,0.29,0.3,1217,598,2.04,31.99%,33.99%,0.083578,2026-08-24
AMD,456.74,2027-12-17,480,Put,240.00,-47.45%,16.25,16.65,16.5,1631,799,2.04,53.05%,58.43%,-0.086359,2026-08-24
ORCL,142.45,2026-09-04,11,Put,134.00,-5.93%,2.07,2.1,2.23,590,291,2.03,69.81%,56.19%,-0.247583,2026-08-24
APP,298.59,2026-08-28,4,Put,282.50,-5.39%,1.4,1.52,1.7,677,334,2.03,52.92%,55.94%,-0.163181,2026-08-24
ADBE,276.27,2026-09-04,11,Call,280.00,-1.35%,7.75,8.43,9.25,1376,678,2.03,55.69%,52.59%,0.4644,2026-08-24
GOOGL,348.06,2026-08-28,4,Put,345.00,-0.88%,3,3,3.15,3141,1545,2.03,28.66%,31.00%,-0.382839,2026-08-24
NCLH,17.22,2027-03-19,207,Put,15.00,-12.89%,1.16,1.39,1.37,3174,1564,2.03,43.71%,48.47%,-0.271238,2026-08-24
MU,910.43,2026-08-28,4,Put,900.00,-1.15%,21.4,21.45,22.05,5885,2902,2.03,64.44%,70.80%,-0.421936,2026-08-24
AS,31.24,2026-09-18,25,Call,30.00,+3.97%,2.05,2.25,2.45,6907,3409,2.03,43.41%,47.08%,0.659295,2026-08-24
NVDA,208.48,2026-08-28,4,Put,207.50,-0.47%,5.75,5.77,5.8,9874,4868,2.03,41.48%,72.37%,-0.458635,2026-08-24
CMG,38.02,2026-09-18,25,Put,37.50,-1.37%,1.05,1.09,1.3,10569,5236,2.02,35.33%,36.99%,-0.416429,2026-08-24
COIN,179.48,2026-09-25,32,Put,100.00,-44.28%,0.11,0.18,0.23,544,269,2.02,66.38%,89.99%,-0.009653,2026-08-24
AUR,5.69,2026-12-18,116,Call,7.00,-23.02%,0.5,0.5,0.6,817,405,2.02,75.42%,74.93%,0.401118,2026-08-24
NOK,9.96,2026-09-11,18,Call,11.50,-15.46%,0.11,0.12,0.14,890,440,2.02,59.68%,63.90%,0.175014,2026-08-24
MU,910.43,2026-09-04,11,Call,"1,050.00",-15.33%,6.5,6.8,6.9,1623,804,2.02,64.44%,68.67%,0.12969,2026-08-24
NVDA,208.48,2026-08-31,7,Call,217.50,-4.33%,3.3,3.35,3.35,2493,1235,2.02,41.48%,58.47%,0.317279,2026-08-24
BA,210.46,2026-08-28,4,Put,205.00,-2.59%,0.81,0.81,0.91,3154,1563,2.02,29.70%,32.00%,-0.211538,2026-08-24
META,559.02,2026-08-28,4,Call,580.00,-3.75%,2.52,2.65,2.75,3437,1699,2.02,35.49%,40.69%,0.201744,2026-08-24
PURR,10.64,2026-08-28,4,Put,11.00,+3.38%,0.8,0.87,1,507,252,2.01,114.72%,156.84%,-0.547266,2026-08-24
META,559.02,2026-08-28,4,Call,555.00,+0.72%,11.05,11.85,12,1502,748,2.01,35.49%,39.84%,0.580212,2026-08-24
GOOG,344.59,2026-08-28,4,Call,347.50,-0.84%,3.2,3.3,3.35,3664,1821,2.01,28.90%,31.36%,0.409606,2026-08-24
HL,20.4,2026-08-28,4,Put,19.50,-4.41%,0.22,0.24,0.26,518,259,2,64.17%,70.26%,-0.256227,2026-08-24
PONY,7.55,2026-08-28,4,Call,7.50,+0.66%,0.03,0.28,0.51,519,260,2,70.17%,76.35%,0.554237,2026-08-24
IONQ,41.06,2026-09-04,11,Put,40.00,-2.58%,1.64,1.85,1.8,533,266,2,79.86%,79.43%,-0.395416,2026-08-24
FCX,77.8,2026-08-28,4,Call,78.00,-0.26%,1.8,1.86,2.09,640,320,2,52.60%,62.47%,0.499253,2026-08-24
AMD,456.74,2026-09-11,18,Call,490.00,-7.28%,9.6,9.8,10,914,458,2,53.05%,53.42%,0.302174,2026-08-24
META,559.02,2026-08-28,4,Call,610.00,-9.12%,0.34,0.42,0.44,2222,1112,2,35.49%,45.86%,0.037019,2026-08-24
NIO,4.36,2026-10-02,39,Put,4.00,-8.26%,0.11,0.12,0.16,619,311,1.99,59.77%,52.24%,-0.27095,2026-08-24
GRRR,15.83,2026-08-28,4,Call,16.00,-1.07%,1.15,1.2,1.25,740,372,1.99,108.28%,192.98%,0.519975,2026-08-24
SOUN,7,2026-09-11,18,Call,7.50,-7.14%,0.21,0.25,0.24,969,487,1.99,66.21%,66.27%,0.350801,2026-08-24
META,559.02,2026-08-28,4,Call,725.00,-29.69%,0.01,0.13,0.05,1475,741,1.99,35.49%,85.27%,0.002098,2026-08-24
AMZN,262.07,2026-08-28,4,Call,250.00,+4.61%,12.55,13.09,13.1,1762,887,1.99,29.69%,39.47%,0.879316,2026-08-24
BRK.B,504.32,2026-08-28,4,Call,510.00,-1.13%,1.08,1.12,1.15,2123,1067,1.99,13.78%,14.72%,0.244086,2026-08-24
W,103.19,2026-08-28,4,Call,107.00,-3.69%,1.08,1.25,1.5,553,280,1.98,52.42%,63.29%,0.305674,2026-08-24
HOOD,103.62,2026-08-28,4,Call,106.00,-2.30%,2.2,2.24,2.28,2814,1423,1.98,62.18%,74.91%,0.40309,2026-08-24
RDDT,152.7,2027-01-15,144,Call,180.00,-17.88%,14.6,15.4,17.35,3619,1826,1.98,58.36%,64.59%,0.434386,2026-08-24
SPCX,135,2026-08-28,4,Call,152.50,-12.96%,0.25,0.29,0.28,5700,2881,1.98,57.50%,73.24%,0.061009,2026-08-24
SOFI,18.24,2026-09-11,18,Call,20.50,-12.39%,0.15,0.19,0.21,4749,2416,1.97,49.99%,51.31%,0.170425,2026-08-24
CLF,11.3,2026-08-28,4,Call,12.00,-6.19%,0.11,0.13,0.15,4902,2487,1.97,67.25%,78.51%,0.245596,2026-08-24
MSFT,487.31,2026-09-04,11,Put,465.00,-4.58%,2.04,2,2.36,1256,638,1.97,25.98%,28.97%,-0.165359,2026-08-24
WMT,106.49,2026-09-04,11,Call,106.00,+0.46%,2.01,2.11,2.12,1257,639,1.97,22.44%,23.97%,0.559957,2026-08-24
IONS,62.04,2026-10-16,53,Put,60.00,-3.29%,3.5,3.5,4.3,1382,702,1.97,50.66%,53.86%,-0.387356,2026-08-24
QBTS,18.68,2026-08-28,4,Call,20.00,-7.07%,0.25,0.27,0.27,1599,813,1.97,77.77%,91.43%,0.25416,2026-08-24
BE,204.02,2026-08-28,4,Put,210.00,+2.93%,11.65,11.5,12.3,2034,1033,1.97,89.63%,100.75%,-0.586436,2026-08-24
AVGO,358.76,2026-08-28,4,Put,325.00,-9.41%,0.18,0.23,0.3,913,467,1.96,50.16%,51.56%,-0.031203,2026-08-24
KO,91.99,2026-08-28,4,Call,93.00,-1.10%,0.3,0.3,0.35,1168,596,1.96,18.14%,18.53%,0.292539,2026-08-24
ARM,238.78,2026-08-28,4,Call,270.00,-13.07%,0.62,0.8,0.88,1174,598,1.96,66.61%,81.93%,0.082986,2026-08-24
GOOG,344.59,2026-09-04,11,Call,365.00,-5.92%,1.22,1.36,1.42,1295,661,1.96,28.90%,30.12%,0.145706,2026-08-24
ONDS,8.24,2026-09-11,18,Put,9.50,+15.29%,1.36,1.43,1.48,1475,753,1.96,78.39%,76.91%,-0.771887,2026-08-24
CRCL,87.72,2026-08-28,4,Call,92.00,-4.88%,1.88,1.97,2.14,1521,775,1.96,83.68%,100.19%,0.345296,2026-08-24
UBER,79.29,2026-08-28,4,Call,81.00,-2.16%,0.62,0.68,0.69,2538,1294,1.96,36.60%,39.71%,0.314562,2026-08-24
RKT,14.09,2026-08-28,4,Call,14.00,+0.64%,0.39,0.38,0.44,2577,1314,1.96,55.03%,62.29%,0.55448,2026-08-24
TSLA,348.95,2026-08-28,4,Call,397.50,-13.91%,0.13,0.15,0.14,637,326,1.95,40.84%,58.22%,0.017867,2026-08-24
ARM,238.78,2026-08-28,4,Put,230.00,-3.68%,3.45,3.77,3.95,996,511,1.95,66.61%,74.52%,-0.300226,2026-08-24
BE,204.02,2026-08-28,4,Put,205.00,+0.48%,7.85,8.35,9.5,2072,1065,1.95,89.63%,96.22%,-0.497626,2026-08-24
ASTS,62.35,2026-08-28,4,Call,73.00,-17.08%,0.18,0.22,0.21,2214,1134,1.95,78.19%,98.82%,0.070935,2026-08-24
META,559.02,2026-08-28,4,Call,570.00,-1.96%,4.75,5,5.05,2783,1427,1.95,35.49%,39.52%,0.329608,2026-08-24
COIN,179.48,2026-08-28,4,Call,190.00,-5.86%,2.31,2.38,2.4,6073,3107,1.95,66.38%,80.87%,0.265691,2026-08-24
FRMI,5.62,2026-10-16,53,Put,5.00,-11.03%,0.5,0.5,0.6,708,365,1.94,101.53%,104.18%,-0.307126,2026-08-24
TSLA,348.95,2026-08-28,4,Call,387.50,-11.05%,0.25,0.27,0.26,903,466,1.94,40.84%,53.68%,0.033672,2026-08-24
AAOI,107.63,2026-08-28,4,Call,135.00,-25.43%,0.25,0.4,0.45,1171,604,1.94,100.81%,131.67%,0.057983,2026-08-24
OXY,60.11,2026-08-28,4,Call,61.00,-1.48%,0.46,0.5,0.52,1500,773,1.94,30.99%,33.95%,0.348211,2026-08-24
PRQR,2.43,2026-09-18,25,Call,2.50,-2.88%,0.35,0.4,0.4,3025,1559,1.94,170.07%,159.15%,0.558047,2026-08-24
EOSE,3.46,2027-01-15,144,Put,2.50,-27.75%,0.37,0.41,0.42,3590,1849,1.94,101.32%,110.23%,-0.202327,2026-08-24
MARA,11.18,2026-09-11,18,Call,13.50,-20.75%,0.16,0.25,0.31,601,311,1.93,88.44%,90.65%,0.204032,2026-08-24
BE,204.02,2026-08-28,4,Call,195.00,+4.42%,13.35,13.7,13.65,826,428,1.93,89.63%,97.98%,0.690086,2026-08-24
BA,210.46,2026-08-28,4,Call,222.50,-5.72%,0.15,0.15,0.2,1082,561,1.93,29.70%,33.23%,0.056745,2026-08-24
LCID,5.09,2026-08-28,4,Put,5.00,-1.77%,0.11,0.12,0.13,1086,564,1.93,81.08%,76.82%,-0.395017,2026-08-24
QGEN,41.78,2026-09-18,25,Put,40.00,-4.26%,0.9,1,1,1420,734,1.93,42.71%,39.81%,-0.317896,2026-08-24
AMC,2.67,2026-10-02,39,Call,3.00,-12.36%,0.18,0.18,0.22,1436,744,1.93,84.90%,92.78%,0.405643,2026-08-24
NBIS,210.91,2026-08-28,4,Call,230.00,-9.05%,2.81,2.9,2.99,2946,1529,1.93,90.97%,103.72%,0.229589,2026-08-24
FLEX,106.65,2026-09-18,25,Call,120.00,-12.52%,2,2.75,2.9,630,328,1.92,64.48%,60.75%,0.258874,2026-08-24
ASTS,62.35,2026-08-28,4,Put,61.00,-2.17%,1.49,1.55,1.67,963,502,1.92,78.19%,85.39%,-0.384616,2026-08-24
IMSR,5.19,2026-09-18,25,Put,5.00,-3.66%,0.4,0.41,0.45,1068,555,1.92,98.06%,98.01%,-0.389163,2026-08-24
TSLA,348.95,2026-08-31,7,Call,365.00,-4.60%,2.43,2.45,2.5,1898,988,1.92,40.84%,40.60%,0.223823,2026-08-24
BULL,8.53,2026-08-28,4,Put,8.50,-0.35%,0.24,0.26,0.26,3343,1743,1.92,61.19%,74.88%,-0.46482,2026-08-24
AMZN,262.07,2026-08-28,4,Call,230.00,+12.24%,32.1,32.72,32.8,688,361,1.91,29.69%,71.08%,0.963815,2026-08-24
AMD,456.74,2026-08-28,4,Put,452.50,-0.93%,8.75,8.8,9,820,430,1.91,53.05%,57.62%,-0.424468,2026-08-24
NVO,46.92,2026-08-28,4,Call,49.00,-4.43%,0.12,0.13,0.14,923,482,1.91,32.95%,37.91%,0.13951,2026-08-24
INTC,87.26,2026-08-26,2,Call,94.00,-7.72%,0.16,0.16,0.18,951,498,1.91,60.36%,71.02%,0.082897,2026-08-24
HSAI,18.15,2026-10-16,53,Put,17.50,-3.58%,1,1.35,1.95,587,309,1.9,62.97%,67.43%,-0.387062,2026-08-24
WU,7.32,2026-10-16,53,Call,8.00,-9.29%,0.1,0.16,0.2,616,324,1.9,42.85%,36.93%,0.259302,2026-08-24
CCL,25.71,2026-08-28,4,Put,26.50,+3.07%,0.83,1,1.17,635,335,1.9,41.93%,47.14%,-0.721212,2026-08-24
XOM,164.05,2026-09-04,11,Call,167.50,-2.10%,1.75,1.85,1.95,1132,597,1.9,28.31%,28.50%,0.34841,2026-08-24
BMNR,24.14,2026-08-28,4,Call,26.00,-7.71%,0.39,0.41,0.43,3486,1834,1.9,84.42%,104.75%,0.268041,2026-08-24
MRVL,229.29,2026-08-28,4,Put,222.50,-2.96%,8.35,9,8.95,504,267,1.89,79.63%,124.84%,-0.382888,2026-08-24
SKHY,155.37,2026-08-28,4,Put,144.00,-7.32%,1.15,1.25,1.35,519,275,1.89,72.27%,80.48%,-0.171434,2026-08-24
INTC,87.26,2026-08-31,7,Put,85.00,-2.59%,1.58,1.76,1.86,593,314,1.89,60.36%,57.17%,-0.352898,2026-08-24
NBIS,210.91,2026-08-28,4,Call,227.50,-7.87%,3.3,3.3,3.55,820,434,1.89,90.97%,103.64%,0.26105,2026-08-24
ANET,188.15,2026-10-16,53,Call,220.00,-16.93%,4.5,4.67,5.15,1354,716,1.89,49.58%,50.57%,0.245948,2026-08-24
NVDA,208.48,2026-08-28,4,Put,187.50,-10.06%,0.64,0.67,0.66,4613,2444,1.89,41.48%,75.67%,-0.083387,2026-08-24
RIVN,16.6,2026-08-28,4,Call,17.00,-2.41%,0.29,0.3,0.3,9191,4875,1.89,59.23%,66.37%,0.381211,2026-08-24
TSLA,348.95,2026-09-04,11,Call,400.00,-14.63%,0.66,0.67,0.68,6486,3445,1.88,40.84%,47.84%,0.055999,2026-08-24
PL,21.57,2026-10-16,53,Call,30.00,-39.08%,1,1.05,1.1,12885,6865,1.88,105.00%,100.05%,0.254431,2026-08-24
NBIS,210.91,2026-11-20,88,Put,145.00,-31.25%,8.75,10.45,11.4,850,453,1.88,90.97%,98.38%,-0.150703,2026-08-24
EIX,73.97,2026-10-16,53,Call,77.50,-4.77%,2.1,2.35,3.4,861,459,1.88,42.69%,37.70%,0.39506,2026-08-24
IREN,39.81,2026-08-28,4,Put,31.00,-22.13%,0.1,0.1,0.15,1946,1035,1.88,100.02%,148.92%,-0.046011,2026-08-24
MRK,150.66,2026-09-18,25,Call,160.00,-6.20%,1.16,1.39,1.53,2427,1292,1.88,29.05%,27.99%,0.219894,2026-08-24
GS,1036.28,2026-08-28,4,Call,"1,080.00",-4.22%,2.4,2.45,2.55,3356,1781,1.88,30.95%,34.70%,0.132679,2026-08-24
MSTR,122.63,2027-06-17,297,Put,110.00,-10.30%,24.85,25.4,25.9,504,269,1.87,77.08%,80.70%,-0.293481,2026-08-24
REKR,0.5834,2027-02-19,179,Call,0.5000,+13.79%,0.2,0.2,0.25,602,322,1.87,299.25%,120.21%,0.73454,2026-08-24
DELL,433.19,2026-08-28,4,Call,450.00,-3.88%,7.05,6.88,7.15,789,423,1.87,79.17%,75.24%,0.33001,2026-08-24
AEO,16.87,2026-09-04,11,Put,15.50,-8.12%,0.22,0.42,0.65,940,503,1.87,70.82%,86.80%,-0.261306,2026-08-24
SERV,4.67,2026-11-20,88,Call,5.00,-7.07%,0.52,0.65,0.71,1183,631,1.87,81.75%,80.00%,0.518069,2026-08-24
SNDK,1493.12,2026-08-28,4,Put,"1,350.00",-9.59%,10.2,10.4,10.6,1286,689,1.87,77.82%,92.18%,-0.136478,2026-08-24
TSLA,348.95,2026-09-04,11,Put,340.00,-2.56%,6,5.97,6.15,1563,837,1.87,40.84%,42.12%,-0.342884,2026-08-24
IREN,39.81,2026-08-28,4,Put,32.00,-19.62%,0.2,0.21,0.22,1641,878,1.87,100.02%,150.31%,-0.07093,2026-08-24
MRNA,138.89,2026-08-28,4,Put,125.00,-10.00%,1.81,1.95,1.96,2647,1419,1.87,89.74%,121.03%,-0.184622,2026-08-24
TSLA,348.95,2026-08-28,4,Put,360.00,+3.17%,13.4,13.55,13.6,3569,1909,1.87,40.84%,44.96%,-0.737053,2026-08-24
HPQ,28.58,2026-08-28,4,Put,29.50,+3.22%,1.83,2.02,2.17,585,314,1.86,57.90%,123.37%,-0.571657,2026-08-24
META,559.02,2026-08-28,4,Call,565.00,-1.07%,6.5,6.79,6.9,1519,816,1.86,35.49%,39.66%,0.410198,2026-08-24
CRCL,87.72,2026-08-28,4,Call,110.00,-25.40%,0.02,0.13,0.23,1768,950,1.86,83.68%,112.98%,0.032087,2026-08-24
AMZN,262.07,2026-09-11,18,Call,300.00,-14.47%,0.18,0.21,0.22,1961,1052,1.86,29.69%,31.17%,0.029238,2026-08-24
HOOD,103.62,2026-08-28,4,Put,106.00,+2.30%,4.45,4.5,4.65,2211,1191,1.86,62.18%,74.16%,-0.598694,2026-08-24
SPCX,135,2026-08-28,4,Call,149.00,-10.37%,0.43,0.45,0.47,2551,1373,1.86,57.50%,70.69%,0.098353,2026-08-24
FSLR,208.31,2026-10-16,53,Call,250.00,-20.01%,3.7,4.46,4.85,585,317,1.85,49.26%,50.71%,0.206195,2026-08-24
MSFT,487.31,2026-08-28,4,Call,492.50,-1.07%,3.7,3.85,3.85,670,362,1.85,25.98%,29.12%,0.373723,2026-08-24
AMZN,262.07,2026-10-02,39,Call,290.00,-10.66%,2.12,2.25,2.36,695,375,1.85,29.69%,29.82%,0.17114,2026-08-24
SKHY,155.37,2026-08-28,4,Put,138.00,-11.18%,0.45,0.46,0.55,716,388,1.85,72.27%,83.03%,-0.079014,2026-08-24
AMD,456.74,2026-10-16,53,Call,760.00,-66.40%,0.56,0.78,0.72,903,488,1.85,53.05%,59.90%,0.018186,2026-08-24
FRMM,6.03,2026-09-18,25,Call,6.00,+0.50%,0.95,1,1.15,1594,860,1.85,177.38%,165.08%,0.592239,2026-08-24
WMT,106.49,2026-10-16,53,Call,110.00,-3.30%,2.43,2.46,2.49,7456,4020,1.85,22.44%,23.16%,0.390125,2026-08-24
PLTR,175.89,2026-08-28,4,Call,190.00,-8.02%,0.42,0.43,0.44,30447,16475,1.85,46.86%,54.48%,0.093823,2026-08-24
MU,910.43,2026-08-28,4,Put,850.00,-6.64%,6.35,6.4,6.55,4623,2516,1.84,64.44%,71.95%,-0.169965,2026-08-24
INTC,87.26,2026-08-28,4,Call,95.00,-8.87%,0.43,0.46,0.46,14756,8018,1.84,60.36%,71.77%,0.138038,2026-08-24
BABA,118.47,2026-10-16,53,Call,140.00,-18.17%,2.3,2.3,2.41,20069,10897,1.84,42.50%,48.40%,0.207772,2026-08-24
VIK,91.47,2026-09-18,25,Put,90.00,-1.61%,2.05,2.4,2.55,786,427,1.84,33.94%,32.36%,-0.398507,2026-08-24
QUBT,8.24,2026-08-28,4,Put,8.00,-2.91%,0.14,0.17,0.17,944,513,1.84,72.15%,76.26%,-0.339257,2026-08-24
META,559.02,2026-09-18,25,Call,565.00,-1.07%,18.1,18.85,18.85,1918,1045,1.84,35.49%,35.43%,0.482176,2026-08-24
AAOI,107.63,2026-08-28,4,Call,120.00,-11.49%,1.45,1.55,1.6,2292,1244,1.84,100.81%,119.79%,0.211335,2026-08-24
BMNR,24.14,2026-09-04,11,Call,30.00,-24.28%,0.23,0.26,0.25,2350,1276,1.84,84.42%,100.27%,0.123928,2026-08-24
NUAI,4.82,2026-09-18,25,Put,4.00,-17.01%,0.3,0.34,0.4,2811,1527,1.84,151.10%,150.31%,-0.250295,2026-08-24
TMC,4.74,2026-08-28,4,Call,5.00,-5.49%,0.12,0.14,0.14,2912,1585,1.84,101.43%,117.61%,0.352874,2026-08-24
BNTX,112.82,2026-09-18,25,Put,110.00,-2.50%,3.4,4,4.9,532,290,1.83,48.11%,45.10%,-0.404467,2026-08-24
MU,910.43,2028-06-16,662,Call,"1,950.00",-114.18%,149.85,155.72,161.8,639,349,1.83,64.44%,70.41%,0.399707,2026-08-24
EOSE,3.46,2026-09-04,11,Call,3.00,+13.29%,0.48,0.54,0.55,767,419,1.83,101.32%,92.12%,0.836202,2026-08-24
BIOA,9.38,2026-09-18,25,Call,10.00,-6.61%,0.1,0.45,0.6,864,471,1.83,87.43%,59.59%,0.375795,2026-08-24
TSLA,348.95,2026-08-28,4,Call,392.50,-12.48%,0.18,0.19,0.19,915,501,1.83,40.84%,56.02%,0.024459,2026-08-24
WMT,106.49,2026-08-28,4,Call,100.00,+6.09%,6.1,6.65,6.75,1006,549,1.83,22.44%,40.49%,0.934586,2026-08-24
ASTS,62.35,2026-08-28,4,Put,60.00,-3.77%,1.13,1.2,1.26,2053,1122,1.83,78.19%,85.33%,-0.316075,2026-08-24
CRBP,10.69,2026-09-18,25,Call,10.00,+6.45%,0.8,1.75,2,507,278,1.82,125.48%,93.18%,0.657549,2026-08-24
CLF,11.3,2026-09-25,32,Call,13.00,-15.04%,0.17,0.31,0.37,570,314,1.82,67.25%,60.35%,0.24553,2026-08-24
INTC,87.26,2027-02-19,179,Put,55.00,-36.97%,2.38,2.45,2.58,608,334,1.82,60.36%,66.27%,-0.104085,2026-08-24
AMZN,262.07,2026-08-28,4,Call,220.00,+16.05%,42.05,42.83,42.75,645,355,1.82,29.69%,88.02%,0.974369,2026-08-24
AIFC,0.6593,2026-11-20,88,Put,1.0000,+51.68%,0.35,0.35,0.5,664,365,1.82,281.89%,139.76%,-0.60288,2026-08-24
SPCE,3,2026-09-04,11,Call,3.00,0.00%,0.09,0.17,0.19,679,373,1.82,81.23%,66.67%,0.526836,2026-08-24
PLTR,175.89,2026-09-04,11,Call,177.50,-0.92%,5.2,5.35,5.35,1142,627,1.82,46.86%,48.72%,0.47905,2026-08-24
PYPL,61.68,2026-08-28,4,Put,60.00,-2.72%,0.31,0.38,0.44,1175,645,1.82,29.86%,39.49%,-0.243482,2026-08-24
BABA,118.47,2026-08-28,4,Put,112.00,-5.46%,0.35,0.33,0.41,1230,676,1.82,42.50%,47.88%,-0.125861,2026-08-24
QBTS,18.68,2028-01-21,515,Call,10.00,+46.47%,10.1,11.2,13.2,2516,1386,1.82,77.77%,97.43%,0.878629,2026-08-24
MSTR,122.63,2026-09-04,11,Call,130.00,-6.01%,4.4,4.43,4.55,4742,2600,1.82,77.08%,86.40%,0.379461,2026-08-24
SOFI,18.24,2026-08-28,4,Put,18.50,+1.43%,0.55,0.56,0.59,12249,6738,1.82,49.99%,56.25%,-0.581554,2026-08-24
COIN,179.48,2026-08-28,4,Call,200.00,-11.43%,0.93,0.96,0.97,15648,8663,1.81,66.38%,85.74%,0.123653,2026-08-24
CLSK,11.93,2026-09-04,11,Call,14.50,-21.54%,0.08,0.18,0.19,559,308,1.81,89.62%,96.66%,0.141784,2026-08-24
META,559.02,2026-08-26,2,Put,540.00,-3.40%,0.79,0.85,0.92,603,334,1.81,35.49%,38.67%,-0.10943,2026-08-24
CRWV,86.25,2026-08-28,4,Put,78.00,-9.57%,0.49,0.54,0.53,643,356,1.81,77.31%,87.31%,-0.125127,2026-08-24
CRM,209.06,2026-09-04,11,Call,210.00,-0.45%,8.95,9.2,9.35,1268,702,1.81,49.99%,65.73%,0.509887,2026-08-24
TEM,66.17,2026-08-28,4,Call,70.00,-5.79%,1.2,1.25,1.3,2236,1235,1.81,77.48%,96.52%,0.307649,2026-08-24
MU,910.43,2026-08-28,4,Put,905.00,-0.60%,23.55,23.25,24.55,772,428,1.8,64.44%,70.79%,-0.451396,2026-08-24
SNDK,1493.12,2026-08-28,4,Call,"1,750.00",-17.20%,4.2,4.3,4.3,2103,1166,1.8,77.82%,97.29%,0.066299,2026-08-24
SMCI,35.17,2026-08-28,4,Call,36.00,-2.36%,0.75,0.8,0.83,11928,6624,1.8,71.05%,77.57%,0.404474,2026-08-24
TSLA,348.95,2026-08-28,4,Call,362.50,-3.88%,2.22,2.26,2.28,4516,2527,1.79,40.84%,47.17%,0.230013,2026-08-24
CRCL,87.72,2026-08-28,4,Call,100.00,-14.00%,0.62,0.65,0.69,7631,4257,1.79,83.68%,108.26%,0.136533,2026-08-24
MOD,188.37,2026-09-18,25,Call,195.00,-3.52%,10.6,11.62,13.3,502,280,1.79,73.17%,74.34%,0.472617,2026-08-24
CVNA,72.33,2026-09-18,25,Put,75.00,+3.69%,5.45,5.7,5.8,635,355,1.79,56.46%,55.39%,-0.565938,2026-08-24
META,559.02,2026-08-26,2,Call,550.00,+1.61%,11.35,12.25,12.45,681,381,1.79,35.49%,38.62%,0.722276,2026-08-24
ABNB,190.21,2026-08-28,4,Call,195.00,-2.52%,0.88,1.01,1.15,689,384,1.79,31.99%,34.24%,0.253034,2026-08-24
AMZN,262.07,2026-09-25,32,Call,270.00,-3.03%,6,6.2,6.3,707,394,1.79,29.69%,29.50%,0.397278,2026-08-24
NVDA,208.48,2026-09-02,9,Call,217.50,-4.33%,3.6,3.8,3.75,766,429,1.79,41.48%,54.45%,0.328617,2026-08-24
MSTR,122.63,2026-09-04,11,Call,145.00,-18.24%,1.63,1.71,1.78,985,551,1.79,77.08%,93.36%,0.17202,2026-08-24
SPCX,135,2026-12-18,116,Call,270.00,-100.00%,1.08,1.21,1.21,1141,636,1.79,57.50%,68.65%,0.058697,2026-08-24
CLSK,11.93,2026-09-11,18,Call,13.00,-8.97%,0.34,0.62,0.76,1274,710,1.79,89.62%,89.60%,0.373241,2026-08-24
GM,86.98,2026-08-28,4,Put,85.00,-2.28%,0.43,0.52,0.59,530,297,1.78,32.79%,35.32%,-0.258237,2026-08-24
ALLY,42.45,2026-11-20,88,Call,47.00,-10.72%,0.6,1,1.05,577,325,1.78,25.67%,27.87%,0.253043,2026-08-24
SKHY,155.37,2026-08-28,4,Call,162.50,-4.59%,2.55,2.7,2.8,730,411,1.78,72.27%,82.93%,0.319573,2026-08-24
SMCI,35.17,2026-08-28,4,Call,31.00,+11.86%,4,4.36,4.85,1465,821,1.78,71.05%,107.54%,0.881188,2026-08-24
SPCX,135,2026-08-28,4,Call,144.00,-6.67%,0.96,0.99,0.99,3904,2189,1.78,57.50%,67.50%,0.19147,2026-08-24
SPCX,135,2026-08-28,4,Put,132.00,-2.22%,2.22,2.22,2.26,5580,3151,1.77,57.50%,63.84%,-0.3539,2026-08-24
NVDA,208.48,2026-08-31,7,Call,230.00,-10.32%,1.07,1.07,1.09,6167,3477,1.77,41.48%,60.11%,0.128946,2026-08-24
MSTR,122.63,2026-09-04,11,Call,122.00,+0.51%,7.2,7.4,7.6,926,522,1.77,77.08%,82.89%,0.545916,2026-08-24
CCEP,110.12,2026-11-20,88,Call,115.00,-4.43%,2.65,3.22,3.6,967,545,1.77,22.99%,24.05%,0.371113,2026-08-24
MU,910.43,2026-08-28,4,Put,810.00,-11.03%,2,2.04,2.16,1309,739,1.77,64.44%,75.63%,-0.06419,2026-08-24
NVDA,208.48,2026-08-31,7,Put,220.00,+5.53%,13.85,14.63,14.25,1345,761,1.77,41.48%,58.30%,-0.732952,2026-08-24
APP,298.59,2026-08-28,4,Call,320.00,-7.17%,1.25,1.3,1.35,1464,826,1.77,52.92%,59.41%,0.140929,2026-08-24
RCAT,8.93,2026-08-28,4,Call,9.50,-6.38%,0.18,0.2,0.23,2733,1542,1.77,99.45%,111.89%,0.320472,2026-08-24
PLTR,175.89,2026-08-28,4,Call,192.50,-9.44%,0.28,0.29,0.3,3287,1853,1.77,46.86%,55.86%,0.065871,2026-08-24
TSLA,348.95,2026-09-02,9,Call,340.00,+2.56%,14.1,15.25,14.6,567,323,1.76,40.84%,41.62%,0.671496,2026-08-24
FHN,24.53,2026-09-18,25,Call,26.00,-5.99%,0.05,0.12,0.15,718,407,1.76,24.61%,20.65%,0.149227,2026-08-24
TSM,410.12,2026-08-28,4,Call,432.50,-5.46%,0.74,0.79,0.89,2029,1150,1.76,34.96%,39.28%,0.103132,2026-08-24
AXP,337.33,2026-09-18,25,Call,360.00,-6.72%,1.52,1.8,2.04,2172,1233,1.76,24.05%,23.94%,0.163599,2026-08-24
HOOD,103.62,2026-08-28,4,Put,100.00,-3.49%,1.57,1.63,1.6,4144,2358,1.76,62.18%,72.32%,-0.304254,2026-08-24
QBTS,18.68,2026-08-28,4,Call,19.50,-4.39%,0.35,0.4,0.42,543,310,1.75,77.77%,90.30%,0.343442,2026-08-24
INTC,87.26,2026-09-04,11,Put,89.00,+1.99%,4.5,4.5,4.9,562,321,1.75,60.36%,62.45%,-0.548311,2026-08-24
MU,910.43,2026-08-26,2,Call,975.00,-7.09%,2.15,2.19,2.27,868,495,1.75,64.44%,70.63%,0.100135,2026-08-24
PEP,144.67,2026-08-28,4,Call,150.00,-3.68%,0.1,0.13,0.15,910,520,1.75,21.78%,24.06%,0.076966,2026-08-24
CLMT,47.32,2026-11-20,88,Put,43.00,-9.13%,2.75,3.57,3.9,1150,658,1.75,56.53%,58.57%,-0.318259,2026-08-24
IVVD,0.9425,2026-10-16,53,Call,1.0000,-6.10%,0.2,0.25,0.35,1344,767,1.75,215.00%,209.47%,0.629915,2026-08-24
HIMS,31.08,2026-08-28,4,Put,30.00,-3.47%,0.54,0.55,0.57,2139,1219,1.75,71.83%,79.07%,-0.318145,2026-08-24
BMNR,24.14,2026-09-18,25,Call,28.00,-15.99%,0.91,0.98,1.01,2214,1268,1.75,84.42%,88.41%,0.30317,2026-08-24
MRNA,138.89,2026-08-28,4,Call,160.00,-15.20%,1.72,1.77,1.85,2508,1433,1.75,89.74%,135.72%,0.178234,2026-08-24
WT,23.84,2026-09-18,25,Call,25.00,-4.87%,0.4,0.4,0.6,592,340,1.74,39.76%,37.44%,0.339286,2026-08-24
BE,204.02,2026-09-04,11,Call,210.00,-2.93%,10.5,11.39,12,603,346,1.74,89.63%,97.39%,0.468159,2026-08-24
USAR,18.29,2026-08-28,4,Call,17.50,+4.32%,1.15,1.24,1.27,648,372,1.74,89.78%,99.72%,0.684037,2026-08-24
PUSA,3.78,2026-09-18,25,Call,5.00,-32.28%,0.3,0.3,0.4,682,391,1.74,379.13%,180.99%,0.363723,2026-08-24
MSTR,122.63,2026-08-28,4,Put,119.00,-2.96%,2.87,3,3.05,964,555,1.74,77.08%,90.50%,-0.356365,2026-08-24
SOFI,18.24,2026-09-04,11,Put,17.50,-4.06%,0.3,0.31,0.32,2547,1465,1.74,49.99%,49.82%,-0.296992,2026-08-24
NOW,128.05,2026-09-04,11,Put,121.00,-5.51%,1.8,1.98,2.18,574,331,1.73,52.93%,54.99%,-0.257492,2026-08-24
VST,135.66,2026-09-04,11,Call,140.00,-3.20%,2.28,2.43,2.52,816,473,1.73,42.76%,43.76%,0.357531,2026-08-24
CLSK,11.93,2026-09-04,11,Call,12.50,-4.78%,0.5,0.56,0.62,1092,633,1.73,89.62%,95.68%,0.424106,2026-08-24
NVDA,208.48,2026-09-02,9,Call,215.00,-3.13%,4.4,4.5,4.6,1212,700,1.73,41.48%,54.61%,0.379287,2026-08-24
AMZN,262.07,2026-08-26,2,Put,252.50,-3.65%,0.2,0.19,0.23,1627,942,1.73,29.69%,34.73%,-0.071181,2026-08-24
HON,214.77,2026-10-16,53,Call,260.00,-21.06%,0.25,0.59,1.2,2513,1450,1.73,26.90%,32.17%,0.065858,2026-08-24
QXO,13.41,2026-11-20,88,Call,18.00,-34.23%,0.4,0.45,0.55,2538,1466,1.73,61.09%,63.89%,0.225701,2026-08-24
NIO,4.36,2027-04-16,235,Put,4.00,-8.26%,0.53,0.56,0.62,3122,1808,1.73,59.77%,59.36%,-0.32357,2026-08-24
AAPL,310.34,2026-08-28,4,Call,315.00,-1.50%,1.6,1.65,1.69,21722,12589,1.73,24.72%,26.45%,0.304465,2026-08-24
CIFR,15.36,2026-09-04,11,Call,15.00,+2.34%,1.3,1.5,1.39,526,305,1.72,104.59%,109.33%,0.589258,2026-08-24
TSLA,348.95,2026-08-28,4,Put,367.50,+5.32%,19,19.1,20.5,651,378,1.72,40.84%,46.65%,-0.84985,2026-08-24
WDAY,199.15,2026-09-18,25,Put,200.00,+0.43%,10.8,11.13,13.2,672,390,1.72,54.95%,56.69%,-0.47674,2026-08-24
KEEL,3.25,2026-08-28,4,Call,3.00,+7.69%,0.3,0.31,0.33,813,472,1.72,106.48%,121.84%,0.756321,2026-08-24
CRWD,190.68,2026-08-28,4,Call,225.00,-18.00%,0.54,0.57,0.59,870,505,1.72,62.36%,101.33%,0.066359,2026-08-24
ORCL,142.45,2026-08-28,4,Call,143.00,-0.39%,3.3,3.4,3.55,891,518,1.72,69.81%,61.71%,0.490525,2026-08-24
NOK,9.96,2026-09-25,32,Call,11.00,-10.44%,0.32,0.36,0.4,1078,628,1.72,59.68%,61.88%,0.329982,2026-08-24
AXP,337.33,2026-09-18,25,Put,320.00,-5.14%,2.1,2.42,2.61,2050,1191,1.72,24.05%,24.62%,-0.190845,2026-08-24
AMZN,262.07,2026-08-28,4,Put,257.50,-1.74%,1.67,1.75,1.78,2434,1417,1.72,29.69%,33.05%,-0.296021,2026-08-24
JBLU,4.95,2026-10-16,53,Call,5.00,-1.01%,0.42,0.43,0.45,504,294,1.71,55.98%,59.32%,0.536805,2026-08-24
VZ,50.15,2026-09-04,11,Call,52.00,-3.69%,0.1,0.18,0.18,557,325,1.71,22.75%,20.40%,0.153713,2026-08-24
ACI,12.61,2026-09-04,11,Call,13.00,-3.09%,0.05,0.12,0.15,570,333,1.71,30.80%,28.16%,0.271363,2026-08-24
APLD,26.89,2026-09-25,32,Call,35.00,-30.16%,0.58,0.62,0.69,665,389,1.71,88.44%,86.73%,0.18795,2026-08-24
TMC,4.74,2026-09-11,18,Call,5.00,-5.49%,0.31,0.34,0.36,1061,619,1.71,101.43%,105.07%,0.456563,2026-08-24
BMNR,24.14,2026-09-11,18,Call,23.00,+4.72%,2.35,2.41,2.49,1189,697,1.71,84.42%,84.90%,0.640506,2026-08-24
AMD,456.74,2026-08-28,4,Put,410.00,-10.23%,0.71,0.73,0.76,1214,711,1.71,53.05%,65.74%,-0.053837,2026-08-24
MU,910.43,2026-08-28,4,Put,870.00,-4.44%,10.65,10.3,10.95,1300,762,1.71,64.44%,70.79%,-0.256312,2026-08-24
RXRX,3.25,2026-10-02,39,Call,0.50,+84.62%,2.38,2.82,4.85,1848,1079,1.71,78.15%,437.93%,0.978629,2026-08-24
APLD,26.89,2026-09-18,25,Call,41.00,-52.47%,0.11,0.13,0.36,2369,1384,1.71,88.44%,103.57%,0.07905,2026-08-24
SLS,14.32,2026-08-28,4,Put,12.50,-12.71%,0.15,0.18,0.25,565,333,1.7,181.41%,144.05%,-0.163149,2026-08-24
LPTH,13.23,2026-10-16,53,Call,15.00,-13.38%,1.35,1.49,1.65,607,357,1.7,104.74%,105.73%,0.461406,2026-08-24
UUUU,14.88,2026-08-28,4,Put,14.50,-2.55%,0.3,0.34,0.37,755,444,1.7,73.56%,82.26%,-0.364125,2026-08-24
BA,210.46,2026-08-28,4,Call,217.50,-3.35%,0.57,0.63,0.63,803,471,1.7,29.70%,31.70%,0.164534,2026-08-24
NVDA,208.48,2027-09-17,389,Put,230.00,+10.32%,41.9,41.9,42.8,1293,759,1.7,41.48%,39.12%,-0.500765,2026-08-24
CIFR,15.36,2026-09-04,11,Call,16.50,-7.42%,0.7,0.72,0.77,2549,1499,1.7,104.59%,110.36%,0.392708,2026-08-24
NVTS,12.23,2026-08-28,4,Call,13.00,-6.30%,0.22,0.24,0.24,3312,1947,1.7,90.06%,100.01%,0.299052,2026-08-24
BMNR,24.14,2026-08-28,4,Put,22.00,-8.86%,0.22,0.23,0.23,5805,3424,1.7,84.42%,96.63%,-0.165597,2026-08-24
AAPL,310.34,2026-08-26,2,Put,305.00,-1.72%,0.59,0.59,0.62,4855,2872,1.69,24.72%,26.36%,-0.182016,2026-08-24
WULF,15.48,2026-09-04,11,Call,18.50,-19.51%,0.15,0.22,0.25,554,327,1.69,88.69%,97.28%,0.157185,2026-08-24
WMT,106.49,2026-09-04,11,Put,104.00,-2.34%,0.7,0.72,0.77,602,356,1.69,22.44%,23.65%,-0.269486,2026-08-24
ASST,19.73,2026-10-16,53,Call,35.00,-77.39%,0.35,0.35,0.65,687,406,1.69,104.37%,113.86%,0.137436,2026-08-24
IMXI,14.2,2026-09-18,25,Put,12.00,-15.49%,0.2,0.25,0.3,703,417,1.69,52.82%,72.70%,-0.160696,2026-08-24
MARA,11.18,2026-08-28,4,Put,12.00,+7.33%,0.98,0.99,1.09,1339,793,1.69,88.44%,109.64%,-0.711319,2026-08-24
TSLA,348.95,2026-08-26,2,Put,332.50,-4.71%,0.46,0.47,0.48,1531,907,1.69,40.84%,47.75%,-0.082396,2026-08-24
SNDK,1493.12,2026-08-28,4,Put,"1,500.00",+0.46%,59.5,59.95,60.1,2258,1337,1.69,77.82%,90.56%,-0.499096,2026-08-24
MRK,150.66,2026-09-18,25,Call,155.00,-2.88%,2.44,2.65,2.92,2293,1360,1.69,29.05%,28.04%,0.367382,2026-08-24
DKS,179.33,2026-09-18,25,Call,195.00,-8.74%,5.2,5.38,6.1,2352,1392,1.69,55.60%,60.75%,0.328023,2026-08-24
TSLA,348.95,2026-09-11,18,Put,340.00,-2.56%,8,8,8.15,2406,1422,1.69,40.84%,40.15%,-0.36218,2026-08-24
SNDK,1493.12,2026-08-28,4,Put,"1,150.00",-22.98%,0.4,0.55,0.75,1030,613,1.68,77.82%,109.34%,-0.009607,2026-08-24
BLCO,17.32,2026-09-18,25,Call,20.00,-15.47%,0.2,0.3,0.35,1083,644,1.68,49.44%,58.64%,0.199151,2026-08-24
RKLB,68.28,2026-08-28,4,Put,69.00,+1.05%,2.48,2.58,2.67,1235,733,1.68,70.95%,77.12%,-0.53416,2026-08-24
NVDA,208.48,2026-08-31,7,Put,210.00,+0.73%,7.35,7.41,7.5,1812,1076,1.68,41.48%,57.97%,-0.517701,2026-08-24
IONQ,41.06,2026-08-28,4,Call,45.00,-9.60%,0.37,0.41,0.44,2349,1395,1.68,79.86%,94.11%,0.190272,2026-08-24
TSLA,348.95,2026-08-28,4,Call,365.00,-4.60%,1.77,1.77,1.8,22876,13587,1.68,40.84%,47.41%,0.191261,2026-08-24
WMT,106.49,2026-09-04,11,Call,105.00,+1.40%,2.66,2.72,2.75,4359,2605,1.67,22.44%,24.73%,0.64366,2026-08-24
MRVL,229.29,2026-08-28,4,Call,230.00,-0.31%,11.5,11.93,12.15,5149,3081,1.67,79.63%,126.63%,0.518286,2026-08-24
SMCI,35.17,2026-08-28,4,Call,35.00,+0.48%,1.22,1.28,1.28,8136,4883,1.67,71.05%,78.92%,0.541726,2026-08-24
CRWV,86.25,2026-08-28,4,Put,84.00,-2.61%,2.01,2.06,2.06,908,544,1.67,77.31%,85.56%,-0.365527,2026-08-24
EXC,44.34,2026-09-18,25,Call,45.00,-1.49%,0.45,0.46,0.5,921,553,1.67,19.03%,16.34%,0.371641,2026-08-24
PLTR,175.89,2026-09-04,11,Put,167.50,-4.77%,2.54,2.62,2.7,1341,805,1.67,46.86%,50.04%,-0.268582,2026-08-24
OPEN,3.43,2026-09-11,18,Put,3.50,+2.04%,0.1,0.23,0.29,783,471,1.66,75.47%,52.40%,-0.541487,2026-08-24
DIS,110.61,2026-08-28,4,Put,109.00,-1.46%,0.57,0.58,0.68,805,484,1.66,23.85%,27.80%,-0.300926,2026-08-24
MU,910.43,2026-08-28,4,Call,960.00,-5.44%,9.75,10.19,10.2,1127,680,1.66,64.44%,71.62%,0.253164,2026-08-24
TSLA,348.95,2026-09-11,18,Call,365.00,-4.60%,6.6,6.72,6.75,1451,873,1.66,40.84%,40.98%,0.333966,2026-08-24
QBTS,18.68,2026-08-28,4,Call,20.50,-9.74%,0.14,0.22,0.22,1499,901,1.66,77.77%,94.15%,0.186715,2026-08-24
MU,910.43,2026-08-28,4,Put,890.00,-2.24%,16.9,16.94,17.95,1587,955,1.66,64.44%,70.56%,-0.36364,2026-08-24
SKHY,155.37,2026-08-28,4,Call,185.00,-19.07%,0.2,0.25,0.25,1781,1075,1.66,72.27%,91.76%,0.038798,2026-08-24
MRNA,138.89,2026-08-28,4,Call,170.00,-22.40%,0.88,1.02,1.16,1987,1200,1.66,89.74%,145.89%,0.106654,2026-08-24
RIOT,20,2026-08-28,4,Call,20.50,-2.50%,0.59,0.58,0.64,2097,1264,1.66,90.08%,99.17%,0.427731,2026-08-24
AMD,456.74,2027-09-17,389,Put,250.00,-45.26%,12.85,14.45,14.1,2193,1325,1.66,53.05%,57.31%,-0.084072,2026-08-24
MSTR,122.63,2027-12-17,480,Call,155.00,-26.40%,36.9,39.5,38.95,500,303,1.65,77.08%,82.91%,0.612214,2026-08-24
AVGO,358.76,2026-09-04,11,Put,300.00,-16.38%,0.87,0.88,0.97,623,378,1.65,50.16%,65.70%,-0.051281,2026-08-24
NVDA,208.48,2026-08-31,7,Call,240.00,-15.12%,0.42,0.43,0.45,1893,1147,1.65,41.48%,62.67%,0.057984,2026-08-24
ORCL,142.45,2026-08-28,4,Call,145.00,-1.79%,2.55,2.55,2.68,5334,3229,1.65,69.81%,62.31%,0.406783,2026-08-24
BAC,62.33,2026-08-28,4,Call,63.00,-1.07%,0.28,0.3,0.3,9621,5846,1.65,21.57%,21.33%,0.323197,2026-08-24
TSLA,348.95,2026-09-04,11,Call,365.00,-4.60%,4.6,4.7,4.7,5049,3088,1.64,40.84%,43.34%,0.292667,2026-08-24
AMZN,262.07,2026-08-28,4,Call,260.00,+0.79%,4.75,4.9,4.9,8270,5055,1.64,29.69%,33.36%,0.601018,2026-08-24
GOOGL,348.06,2026-08-28,4,Call,360.00,-3.43%,0.87,1,1.06,8436,5136,1.64,28.66%,31.66%,0.161058,2026-08-24
GFS,45.95,2026-09-18,25,Call,50.00,-8.81%,1.15,1.3,1.4,750,456,1.64,58.24%,56.55%,0.313683,2026-08-24
V,382.41,2026-08-28,4,Call,380.00,+0.63%,4.85,5.5,5.3,893,545,1.64,20.08%,23.07%,0.612992,2026-08-24
TGT,169.89,2026-08-28,4,Call,170.00,-0.06%,2.19,2.17,2.54,1295,792,1.64,30.12%,33.98%,0.500895,2026-08-24
PDD,87.07,2026-08-28,4,Put,89.00,+2.22%,2.33,2.7,3,1823,1109,1.64,34.31%,41.65%,-0.682689,2026-08-24
SOUN,7,2026-08-28,4,Put,7.00,0.00%,0.19,0.2,0.21,3276,2001,1.64,66.21%,68.86%,-0.483851,2026-08-24
QCOM,158.53,2026-10-16,53,Call,230.00,-45.08%,0.4,0.48,0.51,4052,2473,1.64,42.11%,52.07%,0.038582,2026-08-24
WMT,106.49,2026-09-11,18,Call,105.00,+1.40%,3,3.1,3.15,1106,677,1.63,22.44%,23.12%,0.627529,2026-08-24
PYPL,61.68,2026-09-04,11,Call,65.00,-5.38%,0.4,0.42,0.45,1414,866,1.63,29.86%,35.06%,0.206745,2026-08-24
NVDA,208.48,2026-08-31,7,Call,227.50,-9.12%,1.33,1.37,1.37,1429,879,1.63,41.48%,59.49%,0.155895,2026-08-24
AMZN,262.07,2026-08-28,4,Call,257.50,+1.74%,6.3,6.57,6.6,2272,1398,1.63,29.69%,33.63%,0.701481,2026-08-24
LQDA,70.27,2026-09-04,11,Put,55.00,-21.73%,0.8,1.35,2.25,7025,4310,1.63,112.46%,151.34%,-0.142816,2026-08-24
JNJ,273.04,2026-10-16,53,Call,190.00,+30.41%,81.3,82.78,84.2,9902,6093,1.63,22.89%,31.46%,0.996232,2026-08-24
NKE,40.75,2026-08-28,4,Call,43.00,-5.52%,0.1,0.11,0.12,4163,2565,1.62,36.50%,43.37%,0.122589,2026-08-24
TSLA,348.95,2026-08-28,4,Put,300.00,-14.03%,0.11,0.11,0.12,6065,3753,1.62,40.84%,66.28%,-0.013271,2026-08-24
PLTR,175.89,2026-08-28,4,Call,187.50,-6.60%,0.65,0.67,0.68,11944,7392,1.62,46.86%,53.83%,0.135848,2026-08-24
DELL,433.19,2026-08-28,4,Put,395.00,-8.82%,2.11,2.34,2.2,517,320,1.62,79.17%,77.90%,-0.119713,2026-08-24
TSLA,348.95,2026-08-31,7,Call,385.00,-10.33%,0.5,0.52,0.53,545,337,1.62,40.84%,43.97%,0.057906,2026-08-24
ASTS,62.35,2026-09-04,11,Put,50.00,-19.81%,0.17,0.18,0.21,570,351,1.62,78.19%,80.80%,-0.049361,2026-08-24
UPS,102.72,2026-08-28,4,Call,104.00,-1.25%,0.47,0.55,0.64,607,375,1.62,23.45%,25.15%,0.320263,2026-08-24
SMCI,35.17,2026-08-28,4,Put,31.50,-10.44%,0.12,0.15,0.15,651,402,1.62,71.05%,82.28%,-0.092272,2026-08-24
MRNA,138.89,2026-09-04,11,Put,120.00,-13.60%,2.5,2.64,2.9,709,439,1.62,89.74%,103.70%,-0.182044,2026-08-24
FIVE,262.72,2026-09-18,25,Call,340.00,-29.42%,0.5,0.5,1.1,748,462,1.62,50.78%,57.14%,0.051244,2026-08-24
MRVL,229.29,2026-12-18,116,Call,370.00,-61.37%,9.25,10.75,11.55,917,566,1.62,79.63%,81.03%,0.213782,2026-08-24
SPCX,135,2026-08-28,4,Put,138.00,+2.22%,5.3,5.3,5.45,2143,1324,1.62,57.50%,65.17%,-0.611734,2026-08-24
INTC,87.26,2026-08-28,4,Put,84.00,-3.74%,1.02,1.09,1.13,2161,1330,1.62,60.36%,66.12%,-0.27791,2026-08-24
CAPR,6.8,2026-09-18,25,Call,7.00,-2.94%,0.65,0.7,0.85,2342,1449,1.62,117.54%,116.96%,0.526487,2026-08-24
ECHO,85.32,2026-10-16,53,Call,85.00,+0.38%,6.3,6.59,8.6,503,312,1.61,46.58%,54.74%,0.558885,2026-08-24
UBER,79.29,2026-09-04,11,Put,74.00,-6.67%,0.32,0.39,0.42,617,383,1.61,36.60%,37.89%,-0.136155,2026-08-24
HPP,14.71,2026-09-18,25,Call,15.00,-1.97%,0.8,1.05,1.8,624,388,1.61,84.01%,92.54%,0.518229,2026-08-24
TRLV,11.14,2027-06-17,297,Put,7.50,-32.68%,1.25,1.45,1.55,710,440,1.61,101.00%,92.30%,-0.178344,2026-08-24
AAPL,310.34,2026-09-04,11,Call,312.50,-0.70%,4.45,4.6,4.65,741,459,1.61,24.72%,25.17%,0.45447,2026-08-24
AEP,121.98,2026-10-16,53,Call,125.00,-2.48%,2.55,2.75,3.3,907,562,1.61,20.66%,22.56%,0.406981,2026-08-24
CRWD,190.68,2026-08-28,4,Call,215.00,-12.75%,1.35,1.4,1.42,1086,675,1.61,62.36%,101.15%,0.140734,2026-08-24
META,559.02,2026-08-28,4,Call,577.50,-3.31%,3,3.2,3.25,1341,833,1.61,35.49%,40.58%,0.230817,2026-08-24
AMD,456.74,2027-09-17,389,Put,230.00,-49.64%,10.05,10.65,10.6,2558,1585,1.61,53.05%,58.34%,-0.066371,2026-08-24
BMNR,24.14,2026-08-28,4,Call,25.00,-3.56%,0.66,0.68,0.7,11545,7190,1.61,84.42%,102.51%,0.393925,2026-08-24
ASTS,62.35,2026-08-28,4,Call,70.00,-12.27%,0.39,0.4,0.4,5028,3146,1.6,78.19%,94.66%,0.132551,2026-08-24
FRVO,15.47,2026-09-18,25,Put,15.00,-3.04%,0.85,1,1.25,616,384,1.6,86.17%,81.09%,-0.397038,2026-08-24
AMD,456.74,2026-08-26,2,Put,440.00,-3.67%,1.63,1.65,1.72,756,472,1.6,53.05%,54.01%,-0.168816,2026-08-24
JNJ,273.04,2026-08-28,4,Call,275.00,-0.72%,1.23,1.5,1.8,855,535,1.6,22.89%,20.52%,0.376771,2026-08-24
MSTR,122.63,2026-08-28,4,Put,113.00,-7.85%,1.16,1.2,1.24,927,581,1.6,77.08%,90.85%,-0.18106,2026-08-24
ALB,141.51,2026-09-18,25,Put,140.00,-1.07%,5.95,6.22,6.95,1006,630,1.6,49.96%,49.62%,-0.436975,2026-08-24
BMNR,24.14,2026-08-28,4,Call,23.50,+2.65%,1.31,1.37,1.38,1134,710,1.6,84.42%,99.27%,0.623311,2026-08-24
BMNR,24.14,2026-08-28,4,Call,28.00,-15.99%,0.14,0.15,0.16,3993,2494,1.6,84.42%,111.95%,0.114309,2026-08-24
V,382.41,2026-08-28,4,Call,390.00,-1.98%,0.92,1.23,1.1,551,347,1.59,20.08%,22.12%,0.20511,2026-08-24
PAGS,8.7,2026-09-18,25,Call,9.00,-3.45%,0.1,0.25,0.25,759,478,1.59,46.69%,34.38%,0.349937,2026-08-24
SKHY,155.37,2026-08-28,4,Put,143.00,-7.96%,1,1.09,1.1,763,480,1.59,72.27%,80.02%,-0.149944,2026-08-24
DKS,179.33,2026-09-18,25,Call,185.00,-3.16%,7.8,8.81,9.6,808,509,1.59,55.60%,59.38%,0.451897,2026-08-24
TGT,169.89,2026-09-18,25,Put,160.00,-5.82%,1.55,1.65,1.77,1369,862,1.59,30.12%,30.23%,-0.209972,2026-08-24
AAPL,310.34,2026-12-18,116,Put,320.00,+3.11%,21.35,20.94,21.65,1483,931,1.59,24.72%,25.40%,-0.539506,2026-08-24
SPCX,135,2026-08-28,4,Put,123.00,-8.89%,0.37,0.39,0.39,1625,1021,1.59,57.50%,66.83%,-0.085211,2026-08-24
ASTS,62.35,2026-09-04,11,Call,65.00,-4.25%,2.4,2.56,2.66,539,342,1.58,78.19%,83.50%,0.417942,2026-08-24
SPCX,135,2027-01-15,144,Call,195.00,-44.44%,6.15,6.3,6.35,879,558,1.58,57.50%,62.32%,0.240417,2026-08-24
BMNR,24.14,2026-08-28,4,Call,29.00,-20.13%,0.08,0.1,0.1,1439,913,1.58,84.42%,115.29%,0.072652,2026-08-24
IREN,39.81,2026-08-28,4,Put,34.00,-14.59%,0.45,0.46,0.48,1475,931,1.58,100.02%,149.03%,-0.137496,2026-08-24
AAPL,310.34,2026-08-28,4,Put,312.50,+0.70%,4.35,4.45,4.5,1605,1013,1.58,24.72%,25.31%,-0.59435,2026-08-24
IREN,39.81,2026-08-28,4,Put,35.00,-12.08%,0.66,0.66,0.69,4277,2703,1.58,100.02%,149.92%,-0.18371,2026-08-24
META,559.02,2026-08-28,4,Call,560.00,-0.18%,8.7,8.95,9.15,5974,3789,1.58,35.49%,39.86%,0.494963,2026-08-24
AAPL,310.34,2026-08-28,4,Call,325.00,-4.72%,0.23,0.24,0.26,9154,5787,1.58,24.72%,28.22%,0.062327,2026-08-24
MSTR,122.63,2026-08-28,4,Call,127.00,-3.56%,3.1,3.15,3.2,4460,2838,1.57,77.08%,96.31%,0.384766,2026-08-24
MSTR,122.63,2026-08-28,4,Put,110.00,-10.30%,0.7,0.7,0.74,6331,4034,1.57,77.08%,92.04%,-0.11897,2026-08-24
MAIN,58.92,2026-12-18,116,Call,69.70,-18.30%,0.1,0.15,0.25,506,323,1.57,19.37%,18.53%,0.067283,2026-08-24
SGML,12.21,2026-09-18,25,Call,13.00,-6.47%,0.75,0.75,0.8,792,506,1.57,87.09%,84.89%,0.436448,2026-08-24
BMNR,24.14,2026-10-16,53,Call,24.00,+0.58%,3.15,3.25,3.35,859,547,1.57,84.42%,85.80%,0.577948,2026-08-24
CBRS,185.43,2026-08-28,4,Call,225.00,-21.34%,0.45,0.55,0.7,895,571,1.57,87.19%,115.36%,0.062029,2026-08-24
MSFT,487.31,2026-08-28,4,Call,505.00,-3.63%,0.9,0.96,0.96,1693,1079,1.57,25.98%,29.20%,0.126935,2026-08-24
GOOG,344.59,2026-08-28,4,Call,352.50,-2.30%,1.65,1.73,1.76,1835,1171,1.57,28.90%,31.49%,0.254333,2026-08-24
F,13.93,2026-09-04,11,Call,14.00,-0.50%,0.27,0.3,0.3,3645,2326,1.57,32.81%,33.10%,0.475175,2026-08-24
LULU,122.78,2026-10-16,53,Put,95.00,-22.63%,0.6,1,1.22,502,321,1.56,59.12%,51.72%,-0.07707,2026-08-24
AMD,456.74,2026-08-26,2,Call,490.00,-7.28%,0.31,0.33,0.33,782,501,1.56,53.05%,54.54%,0.043109,2026-08-24
BBY,87.48,2026-08-28,4,Call,95.00,-8.60%,0.9,1.2,1.5,1181,758,1.56,47.61%,101.10%,0.233508,2026-08-24
AMD,456.74,2027-12-17,480,Put,220.00,-51.83%,11.1,12.5,13.75,1502,961,1.56,53.05%,58.90%,-0.068385,2026-08-24
MSTR,122.63,2026-09-04,11,Call,150.00,-22.32%,1.23,1.28,1.33,3460,2219,1.56,77.08%,96.47%,0.132892,2026-08-24
WMT,106.49,2026-09-04,11,Call,110.00,-3.30%,0.57,0.59,0.6,3816,2443,1.56,22.44%,24.05%,0.23069,2026-08-24
SPCX,135,2026-08-28,4,Put,133.00,-1.48%,2.63,2.65,2.67,4477,2861,1.56,57.50%,64.01%,-0.396943,2026-08-24
MSTR,122.63,2026-09-11,18,Put,115.00,-6.22%,4.35,4.55,4.95,608,391,1.55,77.08%,75.74%,-0.317351,2026-08-24
MSTR,122.63,2026-09-04,11,Put,105.00,-14.38%,0.99,1.06,1.16,934,603,1.55,77.08%,81.14%,-0.1191,2026-08-24
GOOGL,348.06,2026-09-04,11,Call,385.00,-10.61%,0.33,0.36,0.5,1088,703,1.55,28.66%,34.19%,0.049226,2026-08-24
META,559.02,2026-08-26,2,Call,600.00,-7.33%,0.15,0.16,0.18,1323,855,1.55,35.49%,47.28%,0.022834,2026-08-24
USAR,18.29,2026-08-28,4,Put,18.00,-1.59%,0.54,0.6,0.68,1572,1014,1.55,89.78%,98.89%,-0.417077,2026-08-24
KO,91.99,2026-08-28,4,Put,90.00,-2.16%,0.14,0.16,0.17,2418,1556,1.55,18.14%,20.50%,-0.150074,2026-08-24
CVX,203.09,2026-08-28,4,Put,200.00,-1.52%,1.02,1.1,1.14,2811,1809,1.55,25.40%,27.38%,-0.291085,2026-08-24
AMZN,262.07,2026-09-25,32,Call,260.00,+0.79%,10.55,10.95,10.95,565,367,1.54,29.69%,29.96%,0.567665,2026-08-24
ASTS,62.35,2026-08-28,4,Call,69.00,-10.67%,0.5,0.53,0.53,647,420,1.54,78.19%,94.23%,0.164989,2026-08-24
WMT,106.49,2026-09-11,18,Call,106.00,+0.46%,2.38,2.5,2.6,663,430,1.54,22.44%,22.98%,0.556222,2026-08-24
VST,135.66,2026-08-28,4,Call,140.00,-3.20%,0.98,1.06,1.05,687,446,1.54,42.76%,45.56%,0.264428,2026-08-24
IOVA,8.06,2026-08-28,4,Put,7.50,-6.95%,0.05,0.11,0.15,723,471,1.54,99.83%,92.86%,-0.213862,2026-08-24
INTC,87.26,2026-09-11,18,Call,95.00,-8.87%,1.95,2.04,2.16,796,517,1.54,60.36%,61.51%,0.293498,2026-08-24
USAR,18.29,2026-08-28,4,Call,18.00,+1.59%,0.86,0.94,0.96,1707,1110,1.54,89.78%,99.32%,0.582994,2026-08-24
QSI,0.7693,2026-10-16,53,Call,1.0000,-29.99%,0.05,0.1,0.1,2017,1313,1.54,199.38%,123.81%,0.378768,2026-08-24
SPCX,135,2026-08-28,4,Call,146.00,-8.15%,0.7,0.72,0.74,2424,1574,1.54,57.50%,68.85%,0.147925,2026-08-24
COIN,179.48,2026-08-28,4,Put,180.00,+0.29%,5.95,6.1,6.15,3185,2063,1.54,66.38%,77.55%,-0.496457,2026-08-24
SU,67.37,2026-10-16,53,Call,75.00,-11.33%,0.75,0.78,0.85,4548,2951,1.54,29.75%,30.33%,0.195253,2026-08-24
AMZN,262.07,2026-09-04,11,Call,270.00,-3.03%,2.56,2.6,2.65,4352,2847,1.53,29.69%,30.51%,0.302974,2026-08-24
NVDA,208.48,2026-08-31,7,Call,220.00,-5.53%,2.66,2.68,2.7,9620,6270,1.53,41.48%,58.66%,0.269545,2026-08-24
SJM,125.87,2026-09-18,25,Put,110.00,-12.61%,0.25,0.48,0.5,557,363,1.53,32.50%,35.93%,-0.069098,2026-08-24
AVGO,358.76,2026-08-31,7,Call,375.00,-4.53%,2.27,2.51,2.66,593,387,1.53,50.16%,39.85%,0.22219,2026-08-24
AMD,456.74,2026-08-26,2,Put,437.50,-4.21%,1.29,1.36,1.37,629,412,1.53,53.05%,54.79%,-0.138687,2026-08-24
WHR,40.13,2027-03-19,207,Put,40.00,-0.32%,6.1,6.6,7.4,649,425,1.53,50.29%,54.60%,-0.419624,2026-08-24
GME,18.04,2027-03-19,207,Call,45.00,-149.45%,0.33,0.38,0.4,814,531,1.53,47.52%,77.69%,0.09191,2026-08-24
JPM,356.39,2026-08-28,4,Call,365.00,-2.42%,0.63,0.68,0.75,1109,723,1.53,21.41%,22.37%,0.158974,2026-08-24
CLSK,11.93,2026-10-16,53,Call,20.00,-67.64%,0.14,0.2,0.24,1136,741,1.53,89.62%,94.20%,0.106576,2026-08-24
NVO,46.92,2026-08-28,4,Call,48.00,-2.30%,0.28,0.31,0.33,1596,1042,1.53,32.95%,36.61%,0.279514,2026-08-24
META,559.02,2026-08-28,4,Call,590.00,-5.54%,1.33,1.43,1.4,1974,1294,1.53,35.49%,42.02%,0.115798,2026-08-24
INTC,87.26,2026-08-28,4,Call,92.00,-5.43%,0.82,0.9,0.93,3467,2267,1.53,60.36%,68.77%,0.243762,2026-08-24
NKE,40.75,2026-08-28,4,Call,41.50,-1.84%,0.38,0.4,0.41,3694,2414,1.53,36.50%,41.25%,0.343881,2026-08-24
TSLA,348.95,2026-09-25,32,Call,430.00,-23.23%,1.38,1.44,1.44,526,347,1.52,40.84%,45.31%,0.071408,2026-08-24
IONQ,41.06,2026-08-28,4,Call,44.00,-7.16%,0.5,0.53,0.57,574,377,1.52,79.86%,89.38%,0.245676,2026-08-24
CPSH,3.86,2026-09-18,25,Call,5.00,-29.53%,0.1,0.1,0.15,579,380,1.52,129.59%,108.90%,0.224584,2026-08-24
RGTI,16.37,2026-08-28,4,Call,16.50,-0.79%,0.52,0.5,0.56,738,485,1.52,73.87%,87.42%,0.485506,2026-08-24
SPCX,135,2026-09-04,11,Call,142.00,-5.19%,2.87,2.94,2.94,1096,720,1.52,57.50%,59.33%,0.33404,2026-08-24
TSLA,348.95,2026-09-11,18,Call,405.00,-16.06%,1.13,1.16,1.16,1260,827,1.52,40.84%,44.78%,0.076317,2026-08-24
CVX,203.09,2026-08-28,4,Put,195.00,-3.98%,0.28,0.31,0.34,1488,979,1.52,25.40%,30.61%,-0.099354,2026-08-24
APLD,26.89,2026-08-28,4,Call,31.00,-15.28%,0.1,0.11,0.11,2060,1358,1.52,88.44%,96.29%,0.087442,2026-08-24
NVDA,208.48,2026-09-25,32,Put,210.00,+0.73%,10.5,11.18,10.75,2425,1600,1.52,41.48%,41.01%,-0.492692,2026-08-24
BABA,118.47,2026-08-28,4,Call,121.00,-2.14%,1.39,1.61,1.54,2754,1810,1.52,42.50%,50.62%,0.354871,2026-08-24
SBLK,30.7,2026-11-20,88,Call,33.00,-7.49%,1.1,1.2,1.45,2985,1961,1.52,32.79%,37.24%,0.365526,2026-08-24
NBIS,210.91,2026-08-28,4,Call,240.00,-13.79%,1.42,1.5,1.62,3996,2623,1.52,90.97%,106.10%,0.13473,2026-08-24
MARA,11.18,2026-08-28,4,Put,11.00,-1.61%,0.39,0.4,0.4,8456,5566,1.52,88.44%,104.01%,-0.418169,2026-08-24
AGI,38.32,2026-09-18,25,Put,36.00,-6.05%,0.95,1.05,1.3,500,332,1.51,54.00%,54.47%,-0.300557,2026-08-24
UMAC,24.57,2026-08-28,4,Call,25.00,-1.75%,1,1.1,1.1,507,336,1.51,111.43%,120.76%,0.471733,2026-08-24
JD,29.2,2026-12-18,116,Put,29.00,-0.68%,1.69,2.15,2.44,531,352,1.51,30.83%,27.51%,-0.502359,2026-08-24
MU,910.43,2026-08-28,4,Put,760.00,-16.52%,0.48,0.51,0.59,542,358,1.51,64.44%,84.09%,-0.017883,2026-08-24
XPEV,11.15,2026-09-11,18,Call,11.50,-3.14%,0.19,0.37,0.62,559,371,1.51,53.45%,55.33%,0.430308,2026-08-24
NVDA,208.48,2026-10-02,39,Put,190.00,-8.86%,3.65,3.74,3.8,604,400,1.51,41.48%,41.14%,-0.217632,2026-08-24
VST,135.66,2026-08-28,4,Put,130.00,-4.17%,0.57,0.65,0.72,692,458,1.51,42.76%,45.80%,-0.179031,2026-08-24
NVDA,208.48,2026-09-02,9,Call,220.00,-5.53%,2.94,3.05,3.1,1119,742,1.51,41.48%,54.75%,0.283076,2026-08-24
BA,210.46,2026-08-28,4,Call,220.00,-4.53%,0.31,0.33,0.36,2145,1418,1.51,29.70%,32.61%,0.099862,2026-08-24
ALK,41.56,2026-10-16,53,Call,47.50,-14.29%,1.15,1.25,1.4,507,337,1.5,49.55%,51.41%,0.278724,2026-08-24
DKS,179.33,2026-09-18,25,Call,230.00,-28.26%,0.5,0.77,0.95,550,367,1.5,55.60%,59.21%,0.063556,2026-08-24
MU,910.43,2026-08-28,4,Call,"1,075.00",-18.08%,0.66,0.75,0.8,550,367,1.5,64.44%,79.77%,0.025991,2026-08-24
INTC,87.26,2026-08-28,4,Put,79.00,-9.47%,0.24,0.26,0.27,554,369,1.5,60.36%,70.89%,-0.083571,2026-08-24
CBRS,185.43,2026-08-28,4,Call,200.00,-7.86%,2.7,2.85,3,814,543,1.5,87.19%,101.01%,0.255013,2026-08-24
CAKE,114.61,2026-09-18,25,Call,110.00,+4.02%,7.4,8,8.3,972,648,1.5,42.84%,43.54%,0.666978,2026-08-24
SERV,4.67,2026-11-20,88,Put,5.00,+7.07%,0.99,1.04,1.1,1193,793,1.5,81.75%,95.35%,-0.45988,2026-08-24
IOT,40.33,2026-10-16,53,Put,29.00,-28.09%,0.05,0.51,0.8,1198,801,1.5,78.02%,68.80%,-0.079581,2026-08-24
NVTS,12.23,2026-08-28,4,Call,13.50,-10.38%,0.12,0.14,0.14,1228,816,1.5,90.06%,101.34%,0.1909,2026-08-24
META,559.02,2026-08-28,4,Put,530.00,-5.19%,1.02,1.07,1.16,1820,1214,1.5,35.49%,40.10%,-0.096999,2026-08-24
GOOG,344.59,2026-08-28,4,Call,357.50,-3.75%,0.78,0.87,0.88,2518,1684,1.5,28.90%,32.03%,0.142464,2026-08-24
NVDA,208.48,2028-06-16,662,Call,460.00,-120.64%,6.95,7.39,8,3976,2655,1.5,41.48%,41.66%,0.153913,2026-08-24
QBTS,18.68,2026-08-28,4,Call,19.00,-1.71%,0.51,0.58,0.6,500,335,1.49,77.77%,89.04%,0.447737,2026-08-24
MRVL,229.29,2027-03-19,207,Put,115.00,-49.85%,4.8,5,5.55,512,343,1.49,79.63%,78.56%,-0.067377,2026-08-24
MSTR,122.63,2026-09-25,32,Put,75.00,-38.84%,0.33,0.46,0.47,631,423,1.49,77.08%,94.00%,-0.027652,2026-08-24
IREN,39.81,2026-09-04,11,Call,41.00,-2.99%,2.71,2.79,2.88,656,439,1.49,100.02%,119.52%,0.486851,2026-08-24
NBIS,210.91,2026-09-04,11,Put,180.00,-14.66%,2.81,3.18,3.05,813,546,1.49,90.97%,96.04%,-0.149191,2026-08-24
QXO,13.41,2026-09-25,32,Put,12.50,-6.79%,0.45,0.5,0.55,833,559,1.49,61.09%,58.65%,-0.305963,2026-08-24
AAL,13.63,2026-09-11,18,Call,15.00,-10.05%,0.02,0.1,0.14,1017,682,1.49,47.86%,38.34%,0.140262,2026-08-24
CF,129.24,2026-09-18,25,Call,145.00,-12.19%,1,1.4,1.5,1020,684,1.49,40.68%,42.92%,0.169499,2026-08-24
MA,599.86,2026-12-18,116,Put,540.00,-9.98%,8.9,9.9,9.8,1175,786,1.49,21.09%,24.99%,-0.189109,2026-08-24
CRCL,87.72,2026-08-28,4,Call,105.00,-19.70%,0.3,0.3,0.46,1302,873,1.49,83.68%,117.54%,0.081255,2026-08-24
AAOI,107.63,2026-08-28,4,Call,130.00,-20.78%,0.5,0.57,0.6,1577,1058,1.49,100.81%,126.77%,0.087925,2026-08-24
UUUU,14.88,2026-08-28,4,Call,15.00,-0.81%,0.41,0.47,0.5,2113,1419,1.49,73.56%,81.78%,0.481502,2026-08-24
DKS,179.33,2026-09-18,25,Call,210.00,-17.10%,1.5,2.43,2.4,2136,1435,1.49,55.60%,55.11%,0.153956,2026-08-24
WMT,106.49,2026-08-28,4,Put,105.00,-1.40%,0.5,0.5,0.53,2613,1750,1.49,22.44%,25.22%,-0.288779,2026-08-24
NVDA,208.48,2027-09-17,389,Put,190.00,-8.86%,21.05,21.25,21.45,3998,2676,1.49,41.48%,40.05%,-0.308647,2026-08-24
SMCI,35.17,2026-08-28,4,Call,37.00,-5.20%,0.48,0.5,0.51,6261,4194,1.49,71.05%,78.93%,0.285061,2026-08-24
CRCL,87.72,2026-08-28,4,Call,95.00,-8.30%,1.27,1.34,1.39,4297,2896,1.48,83.68%,103.28%,0.248328,2026-08-24
QXO,13.41,2026-09-25,32,Call,15.00,-11.86%,0.3,0.45,0.5,510,345,1.48,61.09%,58.92%,0.295797,2026-08-24
MU,910.43,2026-08-31,7,Call,950.00,-4.35%,15.05,15.81,16,515,347,1.48,64.44%,60.76%,0.324365,2026-08-24
TRIP,10.19,2026-10-02,39,Call,3.00,+70.56%,6.6,7.3,9.3,551,372,1.48,49.50%,440.98%,0.942012,2026-08-24
AAPL,310.34,2026-08-26,2,Put,315.00,+1.50%,5.1,5.2,5.4,572,387,1.48,24.72%,24.05%,-0.795204,2026-08-24
TEVA,36.93,2026-08-28,4,Call,38.50,-4.25%,0.1,0.12,0.14,674,454,1.48,34.07%,38.43%,0.156959,2026-08-24
LITE,830.17,2026-08-28,4,Put,800.00,-3.63%,17.3,18.2,17.9,706,476,1.48,78.12%,89.47%,-0.327869,2026-08-24
TMUS,182.62,2026-12-18,116,Call,220.00,-20.47%,2.5,2.9,3.6,786,530,1.48,31.67%,32.34%,0.182337,2026-08-24
CRCL,87.72,2026-08-28,4,Put,88.00,+0.32%,3.5,3.7,3.9,950,641,1.48,83.68%,97.47%,-0.490859,2026-08-24
SMCI,35.17,2026-08-28,4,Put,34.50,-1.91%,0.82,0.84,0.87,1049,708,1.48,71.05%,79.38%,-0.390854,2026-08-24
NBIS,210.91,2026-08-28,4,Put,195.00,-7.54%,2.82,3.03,3,1375,926,1.48,90.97%,102.20%,-0.214767,2026-08-24
TSLA,348.95,2026-09-04,11,Call,375.00,-7.47%,2.62,2.65,2.69,1820,1229,1.48,40.84%,44.14%,0.187531,2026-08-24
OPEN,3.43,2026-09-11,18,Call,3.50,-2.04%,0.18,0.19,0.22,2160,1460,1.48,75.47%,75.24%,0.489356,2026-08-24
DIS,110.61,2026-08-28,4,Call,110.00,+0.55%,1.46,1.7,1.67,2825,1914,1.48,23.85%,26.70%,0.58518,2026-08-24
ONDS,8.24,2026-09-04,11,Put,9.00,+9.22%,0.93,0.98,1.04,3662,2466,1.48,78.39%,88.26%,-0.689741,2026-08-24
MSFT,487.31,2026-08-28,4,Put,477.50,-2.01%,2.2,2.18,2.53,545,371,1.47,25.98%,30.23%,-0.252288,2026-08-24
TEM,66.17,2026-08-28,4,Call,68.00,-2.77%,1.75,1.82,1.99,605,411,1.47,77.48%,95.56%,0.41342,2026-08-24
SNDK,1493.12,2026-09-04,11,Call,"2,000.00",-33.95%,3.3,3.8,4.3,656,447,1.47,77.82%,92.40%,0.041375,2026-08-24
META,559.02,2026-08-31,7,Call,600.00,-7.33%,1.03,1.14,1.26,1112,754,1.47,35.49%,36.84%,0.088638,2026-08-24
APLD,26.89,2026-08-28,4,Call,28.00,-4.13%,0.59,0.64,0.64,1618,1099,1.47,88.44%,93.98%,0.360181,2026-08-24
AMD,456.74,2026-08-28,4,Put,445.00,-2.57%,5.9,5.9,6.1,1746,1185,1.47,53.05%,58.11%,-0.321185,2026-08-24
TSLA,348.95,2026-08-28,4,Put,370.00,+6.03%,21.25,21.25,22.55,2432,1656,1.47,40.84%,46.11%,-0.883333,2026-08-24
INTC,87.26,2026-08-28,4,Call,91.00,-4.29%,1.06,1.13,1.15,3946,2686,1.47,60.36%,68.29%,0.292275,2026-08-24
MU,910.43,2026-08-28,4,Put,800.00,-12.13%,1.49,1.54,1.6,7335,4976,1.47,64.44%,76.78%,-0.049127,2026-08-24
VZ,50.15,2026-09-18,25,Call,48.00,+4.29%,2.4,2.59,2.76,18223,12422,1.47,22.75%,24.76%,0.756703,2026-08-24
F,13.93,2026-08-28,4,Put,14.00,+0.50%,0.23,0.24,0.25,6745,4621,1.46,32.81%,34.76%,-0.548047,2026-08-24
NVDA,208.48,2026-08-28,4,Put,170.00,-18.46%,0.11,0.11,0.12,13113,8968,1.46,41.48%,92.55%,-0.015478,2026-08-24
LUV,40.71,2026-10-16,53,Call,42.50,-4.40%,1.45,1.61,1.73,553,380,1.46,36.98%,37.00%,0.413982,2026-08-24
NBIS,210.91,2026-08-28,4,Call,255.00,-20.90%,0.53,0.56,0.6,590,403,1.46,90.97%,110.31%,0.056746,2026-08-24
CBRS,185.43,2026-08-28,4,Put,170.00,-8.32%,1.35,1.6,1.7,629,430,1.46,87.19%,88.43%,-0.161395,2026-08-24
AMD,456.74,2026-08-28,4,Call,465.00,-1.81%,7.55,7.68,7.9,641,438,1.46,53.05%,58.76%,0.399736,2026-08-24
PR,23.69,2026-10-16,53,Call,26.00,-9.75%,0.55,0.58,0.65,1116,763,1.46,38.78%,38.92%,0.292404,2026-08-24
CELH,35.03,2026-08-28,4,Call,35.00,+0.09%,0.83,0.93,1.02,1523,1042,1.46,56.73%,61.77%,0.52063,2026-08-24
MRNA,138.89,2026-09-18,25,Call,200.00,-44.00%,1.82,1.98,2.2,2050,1405,1.46,89.74%,105.25%,0.119573,2026-08-24
BAC,62.33,2026-09-04,11,Call,63.00,-1.07%,0.57,0.6,0.63,589,407,1.45,21.57%,20.32%,0.393494,2026-08-24
LYFT,17.68,2026-08-28,4,Put,17.50,-1.02%,0.25,0.29,0.45,652,450,1.45,41.99%,59.48%,-0.420415,2026-08-24
MRNA,138.89,2026-09-18,25,Put,115.00,-17.20%,3.25,3.53,3.7,721,496,1.45,89.74%,89.83%,-0.176211,2026-08-24
CRWV,86.25,2026-09-04,11,Call,90.00,-4.35%,3.2,3.32,3.4,766,530,1.45,77.31%,80.60%,0.410423,2026-08-24
AMD,456.74,2028-01-21,515,Put,290.00,-36.51%,31.25,32.08,33.6,1045,723,1.45,53.05%,58.37%,-0.142874,2026-08-24
PLTR,175.89,2026-08-28,4,Put,157.50,-10.46%,0.2,0.22,0.22,1247,860,1.45,46.86%,62.96%,-0.043255,2026-08-24
BTBT,1.51,2027-02-19,179,Call,2.0000,-32.45%,0.01,0.32,0.34,1465,1012,1.45,107.26%,74.77%,0.405556,2026-08-24
COIN,179.48,2026-09-18,25,Put,155.00,-13.64%,2.92,3.03,3.2,1593,1096,1.45,66.38%,65.75%,-0.170766,2026-08-24
GOOGL,348.06,2026-08-28,4,Call,350.00,-0.56%,3.55,3.8,3.9,7859,5413,1.45,28.66%,31.38%,0.443719,2026-08-24
AMZN,262.07,2026-08-28,4,Call,265.00,-1.12%,2.33,2.36,2.4,12343,8543,1.44,29.69%,32.74%,0.383735,2026-08-24
PYPL,61.68,2026-09-11,18,Call,62.00,-0.52%,1.51,1.57,1.82,562,391,1.44,29.86%,32.55%,0.493055,2026-08-24
TSLA,348.95,2026-09-11,18,Put,350.00,+0.30%,12.5,12.23,12.65,811,565,1.44,40.84%,39.84%,-0.4897,2026-08-24
MSTR,122.63,2026-08-28,4,Put,127.00,+3.56%,7.1,7.38,7.6,862,600,1.44,77.08%,93.78%,-0.619717,2026-08-24
AVGO,358.76,2026-08-26,2,Call,380.00,-5.92%,0.2,0.23,0.22,1217,846,1.44,50.16%,44.87%,0.043594,2026-08-24
SLS,14.32,2026-08-28,4,Call,14.50,-1.26%,0.7,0.8,0.8,1303,904,1.44,181.41%,138.36%,0.496538,2026-08-24
APLD,26.89,2026-09-18,25,Call,33.00,-22.72%,0.59,0.63,0.9,1929,1343,1.44,88.44%,89.51%,0.227705,2026-08-24
PBR,18.6,2027-06-17,297,Put,15.00,-19.35%,0.93,1.02,1.09,3331,2311,1.44,34.39%,41.43%,-0.211276,2026-08-24
QBTS,18.68,2027-03-19,207,Call,27.00,-44.54%,2.35,2.84,3.2,512,358,1.43,77.77%,88.73%,0.42723,2026-08-24
BIDU,92.18,2026-08-28,4,Call,95.00,-3.06%,0.82,0.84,1.03,540,378,1.43,42.72%,51.66%,0.30053,2026-08-24
HOOD,103.62,2026-08-28,4,Put,99.00,-4.46%,1.26,1.25,1.33,638,446,1.43,62.18%,72.82%,-0.260721,2026-08-24
ASTS,62.35,2026-08-28,4,Call,67.00,-7.46%,0.8,0.83,0.88,686,479,1.43,78.19%,92.68%,0.245454,2026-08-24
BULL,8.53,2026-09-11,18,Call,8.50,+0.35%,0.48,0.49,0.53,983,689,1.43,61.19%,64.02%,0.543184,2026-08-24
RXRX,3.25,2026-09-25,32,Call,0.50,+84.62%,2.18,2.83,4.85,1026,720,1.43,78.15%,503.76%,0.977411,2026-08-24
USAR,18.29,2026-08-28,4,Call,19.00,-3.88%,0.48,0.49,0.52,1046,729,1.43,89.78%,103.19%,0.384021,2026-08-24
MRNA,138.89,2026-08-28,4,Put,115.00,-17.20%,0.5,0.58,0.68,1101,770,1.43,89.74%,127.24%,-0.068581,2026-08-24
WFC,84.72,2026-08-28,4,Put,85.00,+0.33%,1.03,0.96,1.17,1579,1105,1.43,24.38%,27.11%,-0.538744,2026-08-24
NU,14.76,2026-08-28,4,Call,14.00,+5.15%,0.78,0.79,0.87,2073,1449,1.43,38.83%,49.67%,0.853226,2026-08-24
AMZN,262.07,2026-09-04,11,Put,255.00,-2.70%,2.58,2.64,2.73,2248,1569,1.43,29.69%,31.11%,-0.290846,2026-08-24
TSLA,348.95,2026-08-28,4,Call,350.00,-0.30%,6.2,6.2,6.35,9514,6659,1.43,40.84%,46.06%,0.48805,2026-08-24
HOOD,103.62,2026-08-28,4,Call,110.00,-6.16%,1.12,1.12,1.16,20490,14349,1.43,62.18%,76.56%,0.241783,2026-08-24
AAPL,310.34,2026-08-28,4,Call,317.50,-2.31%,1.02,1.04,1.06,4728,3323,1.42,24.72%,26.61%,0.214157,2026-08-24
MRNA,138.89,2026-08-28,4,Call,140.00,-0.80%,6.55,6.75,7,5036,3535,1.42,89.74%,125.30%,0.503159,2026-08-24
MU,910.43,2026-08-28,4,Call,"1,000.00",-9.84%,3.85,3.98,4.1,7620,5380,1.42,64.44%,73.39%,0.119402,2026-08-24
MO,68.47,2026-08-28,4,Call,69.00,-0.77%,0.43,0.61,0.55,504,355,1.42,25.45%,25.47%,0.387911,2026-08-24
NOW,128.05,2026-08-28,4,Put,116.00,-9.41%,0.29,0.3,0.31,546,384,1.42,52.93%,66.81%,-0.073058,2026-08-24
AG,20.83,2026-08-28,4,Put,20.00,-3.98%,0.22,0.29,0.3,551,389,1.42,66.93%,68.73%,-0.272384,2026-08-24
PAAS,53.63,2026-08-28,4,Put,52.00,-3.04%,0.4,0.69,0.75,583,412,1.42,51.35%,55.55%,-0.286457,2026-08-24
PYPL,61.68,2026-08-28,4,Put,61.00,-1.10%,0.53,0.65,0.7,806,566,1.42,29.86%,35.99%,-0.374493,2026-08-24
NFLX,80.01,2027-03-19,207,Call,77.50,+3.14%,11.2,11.85,11.8,1037,729,1.42,33.09%,39.57%,0.630024,2026-08-24
VST,135.66,2027-01-15,144,Call,180.00,-32.68%,4.55,4.7,4.95,1098,773,1.42,42.76%,48.24%,0.228881,2026-08-24
AGNC,10.98,2026-09-11,18,Call,11.00,-0.18%,0.08,0.13,0.14,1222,862,1.42,20.97%,12.47%,0.474826,2026-08-24
COIN,179.48,2026-08-28,4,Put,175.00,-2.50%,3.65,3.77,3.9,2550,1799,1.42,66.38%,77.91%,-0.361324,2026-08-24
AKAM,105.66,2027-01-15,144,Put,90.00,-14.82%,6.5,6.72,7,2810,1985,1.42,50.89%,56.02%,-0.2524,2026-08-24
NOW,128.05,2026-08-28,4,Call,133.00,-3.87%,1.51,1.79,1.7,520,368,1.41,52.93%,64.71%,0.301458,2026-08-24
NVDA,208.48,2026-09-02,9,Call,235.00,-12.72%,0.81,0.83,0.85,526,373,1.41,41.48%,56.71%,0.098242,2026-08-24
IVVD,0.9425,2027-03-19,207,Call,1.0000,-6.10%,0.2,0.35,0.55,550,389,1.41,215.00%,142.60%,0.692462,2026-08-24
FCX,77.8,2026-08-28,4,Call,77.00,+1.03%,2.19,2.38,2.64,642,456,1.41,52.60%,61.15%,0.578585,2026-08-24
CRWV,86.25,2026-12-18,116,Call,195.00,-126.09%,1.06,1.27,1.4,752,533,1.41,77.31%,85.85%,0.078074,2026-08-24
NU,14.76,2026-08-28,4,Put,15.00,+1.63%,0.35,0.4,0.45,1192,845,1.41,38.83%,42.85%,-0.629684,2026-08-24
AMC,2.67,2026-09-25,32,Call,3.00,-12.36%,0.1,0.18,0.18,1605,1136,1.41,84.90%,82.41%,0.359112,2026-08-24
IREN,39.81,2026-08-28,4,Call,40.50,-1.73%,2.24,2.3,2.34,1721,1221,1.41,100.02%,156.04%,0.491579,2026-08-24
NG,9.35,2026-09-18,25,Call,9.00,+3.74%,0.9,0.9,1,1959,1393,1.41,77.81%,78.45%,0.618147,2026-08-24
NIO,4.36,2026-08-28,4,Put,4.50,+3.21%,0.16,0.19,0.21,6264,4427,1.41,59.77%,54.61%,-0.698478,2026-08-24
NVDA,208.48,2026-08-28,4,Put,190.00,-8.86%,0.87,0.88,0.9,15513,10992,1.41,41.48%,74.61%,-0.10904,2026-08-24
OXY,60.11,2026-08-28,4,Put,59.00,-1.85%,0.3,0.31,0.4,584,418,1.4,30.99%,31.64%,-0.279266,2026-08-24
HOOD,103.62,2026-09-04,11,Call,108.00,-4.23%,2.96,3,3.1,716,512,1.4,62.18%,66.50%,0.385343,2026-08-24
RILY,7.04,2026-08-28,4,Put,7.00,-0.57%,0.05,0.2,0.2,748,536,1.4,64.87%,46.62%,-0.461617,2026-08-24
ASTS,62.35,2027-03-19,207,Call,50.00,+19.81%,21.65,22.25,23.9,804,573,1.4,78.19%,92.63%,0.757321,2026-08-24
TTD,13.27,2026-09-04,11,Call,14.50,-9.27%,0.12,0.13,0.13,919,655,1.4,53.55%,54.40%,0.189434,2026-08-24
NBIS,210.91,2026-08-28,4,Call,265.00,-25.65%,0.18,0.27,0.36,1036,738,1.4,90.97%,111.79%,0.029458,2026-08-24
VERA,33.72,2026-09-18,25,Call,40.00,-18.62%,0.95,1.02,1.15,1196,853,1.4,71.67%,84.85%,0.258812,2026-08-24
INTC,87.26,2027-02-19,179,Put,70.00,-19.78%,6.55,6.65,6.85,1677,1195,1.4,60.36%,64.92%,-0.228831,2026-08-24
INTC,87.26,2026-09-04,11,Call,90.00,-3.14%,2.6,2.68,2.89,1772,1265,1.4,60.36%,64.13%,0.415271,2026-08-24
GOOGL,348.06,2026-09-04,11,Call,350.00,-0.56%,6.2,6.35,6.45,1934,1380,1.4,28.66%,29.35%,0.474583,2026-08-24
TTWO,233.5,2026-09-18,25,Call,260.00,-11.35%,2.9,3.16,4.3,3490,2499,1.4,43.70%,48.65%,0.223252,2026-08-24
MU,910.43,2026-09-04,11,Put,700.00,-23.11%,0.81,0.93,1.09,586,422,1.39,64.44%,76.74%,-0.020327,2026-08-24
ABBV,264.52,2026-11-20,88,Call,300.00,-13.41%,3.55,3.65,4.1,668,480,1.39,25.11%,27.84%,0.201226,2026-08-24
HL,20.4,2026-08-28,4,Call,20.50,-0.49%,0.5,0.56,0.61,767,550,1.39,64.17%,70.27%,0.490259,2026-08-24
TSLA,348.95,2026-08-31,7,Call,375.00,-7.47%,1.1,1.19,1.13,926,668,1.39,40.84%,41.96%,0.115454,2026-08-24
META,559.02,2026-08-26,2,Call,590.00,-5.54%,0.35,0.37,0.38,1192,855,1.39,35.49%,43.52%,0.049189,2026-08-24
PATH,16.57,2026-08-28,4,Call,17.00,-2.60%,0.32,0.34,0.34,2991,2152,1.39,86.82%,73.38%,0.385924,2026-08-24
MSTR,122.63,2026-08-28,4,Call,145.00,-18.24%,0.53,0.56,0.57,3857,2773,1.39,77.08%,112.45%,0.086714,2026-08-24
MU,910.43,2026-08-28,4,Put,790.00,-13.23%,1.08,1.11,1.41,529,382,1.38,64.44%,79.29%,-0.039619,2026-08-24
STZ,137.6,2026-10-16,53,Call,150.00,-9.01%,2.3,2.5,2.6,693,504,1.38,29.06%,31.74%,0.258699,2026-08-24
ASTS,62.35,2026-08-28,4,Put,62.00,-0.56%,2,2,2.14,747,541,1.38,78.19%,86.74%,-0.455808,2026-08-24
BABA,118.47,2026-08-28,4,Put,119.00,+0.45%,2.56,2.65,2.71,786,568,1.38,42.50%,47.65%,-0.525429,2026-08-24
CVNA,72.33,2026-09-04,11,Put,67.00,-7.37%,0.9,0.99,0.99,798,579,1.38,56.46%,59.62%,-0.211616,2026-08-24
UPST,29.89,2026-10-16,53,Call,32.50,-8.73%,1.9,1.9,2.25,964,697,1.38,61.33%,66.69%,0.428107,2026-08-24
MSTR,122.63,2026-09-04,11,Call,140.00,-14.16%,2.25,2.23,2.38,1036,753,1.38,77.08%,90.50%,0.2243,2026-08-24
SNDK,1493.12,2026-08-28,4,Call,"2,100.00",-40.65%,0.2,0.25,0.35,1043,756,1.38,77.82%,122.37%,0.004736,2026-08-24
PAYX,126.01,2026-09-18,25,Call,135.00,-7.13%,0.75,0.95,1,1094,792,1.38,28.79%,27.86%,0.181136,2026-08-24
XPEV,11.15,2026-09-11,18,Call,12.00,-7.62%,0.23,0.25,0.29,1158,839,1.38,53.45%,56.97%,0.307341,2026-08-24
INTC,87.26,2026-08-28,4,Put,82.00,-6.03%,0.59,0.67,0.67,1596,1155,1.38,60.36%,68.02%,-0.180599,2026-08-24
HIMS,31.08,2026-08-28,4,Call,32.00,-2.96%,0.63,0.65,0.67,1635,1184,1.38,71.83%,79.11%,0.379759,2026-08-24
NU,14.76,2027-06-17,297,Put,13.00,-11.92%,0.89,1.25,1.31,3700,2678,1.38,38.83%,40.49%,-0.27502,2026-08-24
INTC,87.26,2026-10-16,53,Call,90.00,-3.14%,7.1,7.23,7.45,7168,5205,1.38,60.36%,62.61%,0.503079,2026-08-24
PLTR,175.89,2026-08-28,4,Put,172.50,-1.93%,2.43,2.41,2.46,6470,4708,1.37,46.86%,54.07%,-0.352642,2026-08-24
V,382.41,2026-10-16,53,Call,400.00,-4.60%,5.6,5.75,5.8,719,525,1.37,20.08%,20.23%,0.31242,2026-08-24
CIFR,15.36,2026-09-04,11,Call,15.50,-0.91%,1.03,1.19,1.36,879,642,1.37,104.59%,117.77%,0.52519,2026-08-24
CCL,25.71,2026-08-28,4,Put,25.00,-2.76%,0.17,0.19,0.22,1016,741,1.37,41.93%,44.18%,-0.263802,2026-08-24
SG,7.01,2026-10-16,53,Call,8.00,-14.12%,0.4,0.5,0.5,1035,753,1.37,76.07%,74.18%,0.379409,2026-08-24
TSSI,8.38,2026-09-18,25,Call,10.00,-19.33%,0.3,0.35,0.5,2386,1739,1.37,100.89%,105.17%,0.310106,2026-08-24
TSM,410.12,2026-09-04,11,Put,370.00,-9.78%,0.57,0.78,0.78,608,446,1.36,34.96%,38.49%,-0.056331,2026-08-24
MSFT,487.31,2027-01-15,144,Put,495.00,+1.58%,36.9,37.1,38.4,672,493,1.36,25.98%,29.74%,-0.478571,2026-08-24
ORCL,142.45,2028-01-21,515,Call,370.00,-159.74%,8.75,8.75,9.35,700,513,1.36,69.81%,64.39%,0.203128,2026-08-24
CBRS,185.43,2026-08-28,4,Call,210.00,-13.25%,1.4,1.52,1.7,923,677,1.36,87.19%,108.26%,0.149678,2026-08-24
LCID,5.09,2027-06-17,297,Call,5.00,+1.77%,1.5,1.53,1.81,933,686,1.36,81.08%,87.71%,0.676946,2026-08-24
CLSK,11.93,2026-10-16,53,Call,12.00,-0.59%,1.53,1.7,1.7,1192,879,1.36,89.62%,89.62%,0.567253,2026-08-24
CRWV,86.25,2026-08-28,4,Call,102.00,-18.26%,0.15,0.14,0.17,1228,905,1.36,77.31%,93.06%,0.047571,2026-08-24
PLTR,175.89,2026-09-04,11,Call,190.00,-8.02%,1.45,1.52,1.57,6153,4534,1.36,46.86%,48.21%,0.19292,2026-08-24
SBSW,12.47,2027-01-15,144,Call,14.00,-12.27%,1.2,1.3,1.5,5036,3739,1.35,65.53%,64.40%,0.444175,2026-08-24
JD,29.2,2026-08-28,4,Call,29.50,-1.03%,0.26,0.29,0.35,581,430,1.35,30.83%,36.67%,0.393776,2026-08-24
MSTR,122.63,2027-09-17,389,Call,200.00,-63.09%,22.6,25,26,677,501,1.35,77.08%,83.59%,0.466027,2026-08-24
AAL,13.63,2026-09-11,18,Put,14.00,+2.71%,0.65,0.64,0.78,814,601,1.35,47.86%,41.89%,-0.593673,2026-08-24
OKLO,39.69,2026-09-18,25,Call,40.00,-0.78%,3,3.1,3.35,1150,854,1.35,77.18%,79.07%,0.531036,2026-08-24
APLD,26.89,2026-08-28,4,Put,26.00,-3.31%,0.61,0.66,0.68,1225,907,1.35,88.44%,93.60%,-0.346036,2026-08-24
META,559.02,2026-08-28,4,Put,550.00,-1.61%,4.9,5.1,5.25,2154,1601,1.35,35.49%,38.57%,-0.333329,2026-08-24
RIVN,16.6,2026-08-28,4,Put,16.00,-3.61%,0.18,0.19,0.19,3515,2607,1.35,59.23%,61.77%,-0.271869,2026-08-24
MSFT,487.31,2026-08-28,4,Call,490.00,-0.55%,4.7,4.75,4.95,3568,2649,1.35,25.98%,29.45%,0.439189,2026-08-24
BA,210.46,2026-11-20,88,Call,210.00,+0.22%,14.8,15.03,15.7,658,491,1.34,29.70%,36.86%,0.53665,2026-08-24
RIG,5.77,2027-02-19,179,Call,7.00,-21.32%,0.29,0.39,0.46,900,672,1.34,44.83%,52.00%,0.326324,2026-08-24
QCOM,158.53,2026-08-28,4,Put,155.00,-2.23%,1.53,1.64,1.72,1116,832,1.34,42.11%,47.06%,-0.314007,2026-08-24
SMCI,35.17,2026-08-28,4,Put,32.00,-9.01%,0.18,0.18,0.2,1263,942,1.34,71.05%,81.25%,-0.123555,2026-08-24
SMR,9.05,2026-08-28,4,Call,9.50,-4.97%,0.17,0.2,0.19,2387,1783,1.34,82.15%,93.01%,0.3279,2026-08-24
NVDA,208.48,2026-08-31,7,Call,225.00,-7.92%,1.68,1.71,1.73,4331,3242,1.34,41.48%,59.16%,0.188701,2026-08-24
AAPL,310.34,2026-08-28,4,Call,322.50,-3.92%,0.38,0.38,0.4,6549,4902,1.34,24.72%,27.41%,0.094621,2026-08-24
AMZN,262.07,2026-08-28,4,Call,272.50,-3.98%,0.56,0.61,0.61,8474,6346,1.34,29.69%,32.56%,0.132151,2026-08-24
PLTR,175.89,2026-08-28,4,Call,177.50,-0.92%,3.2,3.25,3.3,9579,7122,1.34,46.86%,53.85%,0.449701,2026-08-24
MRNA,138.89,2026-08-28,4,Put,110.00,-20.80%,0.27,0.28,0.3,11136,8348,1.33,89.74%,129.12%,-0.036287,2026-08-24
MU,910.43,2026-08-28,4,Put,805.00,-11.58%,1.71,1.67,1.83,501,378,1.33,64.44%,75.98%,-0.055718,2026-08-24
RIOT,20,2026-08-28,4,Put,19.50,-2.50%,0.54,0.57,0.66,536,404,1.33,90.08%,100.57%,-0.383484,2026-08-24
TSLA,348.95,2026-09-25,32,Put,305.00,-12.59%,2.84,2.95,2.92,614,462,1.33,40.84%,42.66%,-0.124637,2026-08-24
UPST,29.89,2026-12-18,116,Call,50.00,-67.28%,0.8,0.91,0.99,629,474,1.33,61.33%,74.39%,0.161544,2026-08-24
TVTX,65.22,2026-09-18,25,Call,85.00,-30.33%,0.15,0.15,0.35,630,472,1.33,45.95%,61.08%,0.059209,2026-08-24
MU,910.43,2026-10-16,53,Call,910.00,+0.05%,94.45,96,97.6,792,597,1.33,64.44%,67.87%,0.560192,2026-08-24
SMCI,35.17,2026-09-04,11,Put,32.00,-9.01%,0.51,0.54,0.6,996,748,1.33,71.05%,73.08%,-0.207333,2026-08-24
PM,191.46,2026-11-20,88,Call,210.00,-9.68%,4.2,4.3,4.8,1112,836,1.33,26.41%,29.04%,0.283873,2026-08-24
TSLA,348.95,2026-09-04,11,Put,285.00,-18.33%,0.21,0.18,0.23,1197,899,1.33,40.84%,56.71%,-0.017183,2026-08-24
APLD,26.89,2026-08-28,4,Call,29.50,-9.71%,0.25,0.26,0.3,1564,1180,1.33,88.44%,96.02%,0.192843,2026-08-24
SPCX,135,2026-09-04,11,Call,175.00,-29.63%,0.13,0.15,0.16,2203,1655,1.33,57.50%,72.72%,0.023643,2026-08-24
RIOT,20,2026-08-28,4,Put,18.00,-10.00%,0.11,0.16,0.18,2217,1670,1.33,90.08%,96.31%,-0.135853,2026-08-24
HOOD,103.62,2026-09-04,11,Call,120.00,-15.81%,0.75,0.77,0.82,2711,2042,1.33,62.18%,70.64%,0.129931,2026-08-24
UPST,29.89,2026-08-28,4,Put,30.00,+0.37%,0.8,0.92,1.07,555,422,1.32,61.33%,70.75%,-0.503309,2026-08-24
ZVRA,11.65,2027-12-17,480,Call,8.00,+31.33%,4.6,5.49,6.7,754,571,1.32,56.10%,76.62%,0.823278,2026-08-24
MRNA,138.89,2026-08-28,4,Call,152.50,-9.80%,2.82,3,3.2,842,639,1.32,89.74%,132.22%,0.273128,2026-08-24
QCOM,158.53,2026-08-28,4,Call,167.50,-5.66%,0.55,0.66,0.75,1301,988,1.32,42.11%,50.08%,0.15361,2026-08-24
SKHY,155.37,2026-08-28,4,Put,150.00,-3.46%,2.75,2.9,3,2256,1708,1.32,72.27%,80.62%,-0.321648,2026-08-24
BRK.B,504.32,2026-08-28,4,Call,505.00,-0.13%,2.75,2.75,3,2312,1752,1.32,13.78%,14.75%,0.478558,2026-08-24
TSLA,348.95,2026-08-28,4,Put,320.00,-8.30%,0.39,0.39,0.41,2934,2230,1.32,40.84%,51.35%,-0.04999,2026-08-24
WULF,15.48,2026-08-28,4,Call,16.00,-3.36%,0.41,0.43,0.43,4521,3428,1.32,88.69%,100.35%,0.389346,2026-08-24
SKHY,155.37,2026-08-28,4,Call,170.00,-9.42%,1.1,1.12,1.2,4594,3493,1.32,72.27%,84.06%,0.164964,2026-08-24
INTC,87.26,2026-08-28,4,Put,85.00,-2.59%,1.33,1.43,1.45,7007,5369,1.31,60.36%,65.61%,-0.336978,2026-08-24
CRWD,190.68,2026-08-28,4,Put,167.50,-12.16%,1.14,1.14,1.19,535,407,1.31,62.36%,105.65%,-0.10923,2026-08-24
RKLB,68.28,2026-08-28,4,Put,67.00,-1.87%,1.53,1.55,1.58,603,459,1.31,70.95%,75.94%,-0.388948,2026-08-24
BMNR,24.14,2026-09-04,11,Call,23.50,+2.65%,1.74,1.77,1.87,675,514,1.31,84.42%,87.95%,0.602225,2026-08-24
INTC,87.26,2026-09-11,18,Call,90.00,-3.14%,3.3,3.49,3.7,694,531,1.31,60.36%,59.81%,0.438262,2026-08-24
MSTR,122.63,2026-09-04,11,Put,120.00,-2.14%,5.45,5.58,5.7,926,706,1.31,77.08%,81.77%,-0.40902,2026-08-24
ORCL,142.45,2026-08-28,4,Put,142.00,-0.32%,3.2,3.37,3.45,983,753,1.31,69.81%,59.97%,-0.466074,2026-08-24
COLB,30.64,2026-11-20,88,Call,35.00,-14.23%,0.25,0.31,0.45,1022,782,1.31,30.89%,27.15%,0.169944,2026-08-24
COIN,179.48,2026-09-04,11,Call,187.50,-4.47%,5.45,5.7,5.85,1030,784,1.31,66.38%,71.11%,0.388364,2026-08-24
INFQ,13.05,2026-09-18,25,Put,12.50,-4.21%,0.8,0.84,0.95,2006,1534,1.31,90.43%,85.80%,-0.377099,2026-08-24
AMC,2.67,2026-09-11,18,Call,3.00,-12.36%,0.09,0.1,0.11,3095,2355,1.31,84.90%,91.25%,0.316654,2026-08-24
MSTR,122.63,2027-06-17,297,Call,530.00,-332.19%,3.35,3.6,3.95,501,386,1.3,77.08%,93.50%,0.101144,2026-08-24
AVGO,358.76,2026-08-26,2,Call,385.00,-7.31%,0.08,0.1,0.1,538,414,1.3,50.16%,46.05%,0.020228,2026-08-24
ACMR,77.35,2026-09-04,11,Call,90.00,-16.35%,0.7,1.15,1.2,551,424,1.3,80.56%,83.94%,0.168629,2026-08-24
LLY,1246.93,2026-09-18,25,Put,"1,100.00",-11.78%,3.55,3.9,4.35,614,471,1.3,32.07%,34.86%,-0.074776,2026-08-24
HIMS,31.08,2026-08-28,4,Call,30.50,+1.87%,1.3,1.33,1.36,715,549,1.3,71.83%,78.30%,0.608605,2026-08-24
FCX,77.8,2026-08-28,4,Call,81.00,-4.11%,0.74,0.79,0.93,773,593,1.3,52.60%,61.60%,0.27823,2026-08-24
TSLA,348.95,2026-09-02,9,Call,370.00,-6.03%,2.5,2.6,2.56,998,766,1.3,40.84%,42.25%,0.201505,2026-08-24
MU,910.43,2026-08-28,4,Call,980.00,-7.64%,6.2,6.3,6.5,1477,1134,1.3,64.44%,72.39%,0.176512,2026-08-24
QGEN,41.78,2026-12-18,116,Call,50.00,-19.67%,0.9,1.02,1.05,2104,1613,1.3,42.71%,36.23%,0.218847,2026-08-24
ELF,105.95,2026-10-16,53,Call,105.00,+0.90%,8.8,9.14,10.1,2923,2245,1.3,50.36%,54.33%,0.568693,2026-08-24
CRM,209.06,2026-08-28,4,Call,220.00,-5.23%,3.95,4.05,4.15,3198,2468,1.3,49.99%,93.72%,0.319929,2026-08-24
AMZN,262.07,2026-08-28,4,Call,267.50,-2.07%,1.5,1.56,1.56,4202,3234,1.3,29.69%,32.38%,0.282171,2026-08-24
ALT,3.11,2026-12-18,116,Put,3.00,-3.54%,0.35,0.39,0.55,500,389,1.29,59.14%,0.00%,0,2026-08-24
TSLA,348.95,2026-08-31,7,Put,360.00,+3.17%,13.7,13.99,14.55,507,393,1.29,40.84%,38.25%,-0.710585,2026-08-24
PURR,10.64,2026-08-28,4,Call,12.00,-12.78%,0.25,0.33,0.4,750,582,1.29,114.72%,176.72%,0.289227,2026-08-24
NN,15.79,2026-09-11,18,Call,22.00,-39.33%,0.4,0.36,0.5,854,660,1.29,105.20%,142.61%,0.188516,2026-08-24
CHYM,32.7,2026-12-18,116,Call,35.00,-7.03%,2.95,3.4,3.4,1518,1175,1.29,47.09%,53.67%,0.486838,2026-08-24
NVDA,208.48,2026-09-25,32,Call,240.00,-15.12%,1.7,1.75,1.76,1714,1327,1.29,41.48%,41.02%,0.141039,2026-08-24
PURR,10.64,2026-10-16,53,Call,12.00,-12.78%,1.2,1.38,1.45,1736,1347,1.29,114.72%,111.87%,0.477491,2026-08-24
SMCI,35.17,2026-09-04,11,Call,40.00,-13.73%,0.45,0.47,0.5,3211,2484,1.29,71.05%,78.25%,0.191757,2026-08-24
AXTI,65.4,2026-08-28,4,Put,55.00,-15.90%,0.2,0.52,0.65,502,392,1.28,116.76%,133.02%,-0.09408,2026-08-24
CVX,203.09,2026-08-28,4,Put,202.50,-0.29%,1.88,1.93,2.14,515,401,1.28,25.40%,27.10%,-0.453158,2026-08-24
TSLA,348.95,2026-08-28,4,Call,402.50,-15.35%,0.1,0.12,0.11,526,412,1.28,40.84%,60.79%,0.013732,2026-08-24
HUM,386.61,2026-10-16,53,Call,410.00,-6.05%,22,24.1,25.9,858,671,1.28,52.30%,55.96%,0.439857,2026-08-24
BMNR,24.14,2026-09-18,25,Call,35.00,-44.99%,0.26,0.27,0.29,887,691,1.28,84.42%,100.38%,0.101378,2026-08-24
HOOD,103.62,2026-08-28,4,Call,117.00,-12.91%,0.3,0.32,0.33,945,741,1.28,62.18%,80.58%,0.081828,2026-08-24
AZN,166.71,2026-09-18,25,Call,170.00,-1.97%,3.3,3.9,3.9,1110,868,1.28,27.66%,29.29%,0.408909,2026-08-24
TSM,410.12,2026-08-28,4,Call,415.00,-1.19%,4.4,4.25,4.7,1137,886,1.28,34.96%,38.65%,0.395722,2026-08-24
SPCX,135,2027-03-19,207,Call,185.00,-37.04%,11.1,11.8,11.9,1521,1192,1.28,57.50%,61.70%,0.345616,2026-08-24
NVDA,208.48,2026-09-04,11,Call,205.00,+1.67%,9.35,9.35,9.5,1596,1248,1.28,41.48%,52.04%,0.595536,2026-08-24
ACHR,6.07,2026-08-28,4,Put,6.00,-1.15%,0.15,0.16,0.17,2013,1574,1.28,70.17%,76.98%,-0.4253,2026-08-24
NFLX,80.01,2026-08-28,4,Put,81.00,+1.24%,1.68,1.69,1.73,2447,1911,1.28,33.09%,34.53%,-0.623417,2026-08-24
NFLX,80.01,2026-08-28,4,Call,80.00,+0.01%,1.2,1.22,1.23,10154,7934,1.28,33.09%,35.75%,0.513036,2026-08-24
PLTR,175.89,2026-08-28,4,Call,185.00,-5.18%,1.01,1.02,1.04,11347,8939,1.27,46.86%,53.51%,0.193126,2026-08-24
WMT,106.49,2026-09-04,11,Put,105.00,-1.40%,0.99,1.03,1.1,542,428,1.27,22.44%,23.44%,-0.350589,2026-08-24
APLD,26.89,2026-09-04,11,Call,30.00,-11.57%,0.56,0.6,0.7,562,441,1.27,88.44%,89.38%,0.267352,2026-08-24
ORCL,142.45,2026-08-28,4,Put,139.00,-2.42%,2.04,2.08,2.11,573,450,1.27,69.81%,60.38%,-0.336143,2026-08-24
RIG,5.77,2027-03-19,207,Call,5.50,+4.68%,1.01,1,1.1,707,557,1.27,44.83%,61.10%,0.592252,2026-08-24
MU,910.43,2026-08-28,4,Put,875.00,-3.89%,11.85,12.42,12.6,772,607,1.27,64.44%,70.65%,-0.281507,2026-08-24
TOST,36.71,2026-08-28,4,Call,36.00,+1.93%,1.04,0.96,1.3,808,635,1.27,38.47%,49.62%,0.658981,2026-08-24
UPS,102.72,2026-08-28,4,Call,105.00,-2.22%,0.27,0.3,0.38,917,722,1.27,23.45%,25.83%,0.209543,2026-08-24
APLD,26.89,2026-08-28,4,Call,28.50,-5.99%,0.46,0.49,0.49,1196,943,1.27,88.44%,94.62%,0.296814,2026-08-24
CRWV,86.25,2027-06-17,297,Call,160.00,-85.51%,9.85,10.2,10.2,1266,994,1.27,77.31%,82.01%,0.336654,2026-08-24
VALE,15.04,2027-01-15,144,Call,16.00,-6.38%,0.92,0.91,0.97,1567,1234,1.27,33.91%,38.85%,0.410028,2026-08-24
RIVN,16.6,2026-09-04,11,Call,18.00,-8.43%,0.25,0.25,0.27,1639,1287,1.27,59.23%,63.42%,0.251257,2026-08-24
MU,910.43,2026-08-26,2,Call,"1,100.00",-20.82%,0.04,0.11,0.11,504,399,1.26,64.44%,94.61%,0.00388,2026-08-24
MPC,362.52,2026-09-18,25,Put,320.00,-11.73%,2.25,2.83,3,553,439,1.26,41.52%,43.62%,-0.122161,2026-08-24
MRK,150.66,2026-10-16,53,Put,145.00,-3.76%,3.9,3.9,4.35,666,530,1.26,29.05%,29.82%,-0.340222,2026-08-24
TSLA,348.95,2026-09-04,11,Put,352.50,+1.02%,11.7,11.85,11.95,683,540,1.26,40.84%,41.76%,-0.536708,2026-08-24
AMAT,484.19,2026-09-18,25,Put,360.00,-25.65%,0.61,0.88,1.01,752,599,1.26,55.98%,61.19%,-0.02598,2026-08-24
SNOW,322.78,2026-10-16,53,Put,250.00,-22.55%,4.65,5.33,5.7,844,671,1.26,71.18%,64.61%,-0.118884,2026-08-24
BCS,26.97,2026-09-18,25,Call,28.00,-3.82%,0.35,0.4,0.45,870,691,1.26,27.89%,28.51%,0.31854,2026-08-24
JNJ,273.04,2026-09-04,11,Call,280.00,-2.55%,1.35,1.5,1.7,884,701,1.26,22.89%,21.18%,0.256939,2026-08-24
MRVL,229.29,2026-08-28,4,Put,175.00,-23.68%,0.14,0.25,0.3,995,790,1.26,79.63%,128.34%,-0.018722,2026-08-24
BULL,8.53,2026-09-04,11,Call,9.50,-11.37%,0.11,0.13,0.14,1249,993,1.26,61.19%,72.49%,0.21642,2026-08-24
MSTR,122.63,2028-06-16,662,Put,100.00,-18.45%,31.75,33.08,33.1,1509,1200,1.26,77.08%,82.07%,-0.219118,2026-08-24
DIS,110.61,2026-08-28,4,Call,115.00,-3.97%,0.16,0.18,0.21,1682,1340,1.26,23.85%,30.03%,0.11133,2026-08-24
QBTS,18.68,2026-08-28,4,Call,21.00,-12.42%,0.11,0.13,0.13,1848,1463,1.26,77.77%,95.81%,0.132809,2026-08-24
QXO,13.41,2026-11-20,88,Call,15.00,-11.86%,1.1,1.15,1.2,2510,1995,1.26,61.09%,64.76%,0.434358,2026-08-24
NBIS,210.91,2026-08-28,4,Call,205.00,+2.80%,11.85,11.9,12.3,4193,3334,1.26,90.97%,100.89%,0.627686,2026-08-24
BAC,62.33,2026-08-28,4,Call,62.00,+0.53%,0.74,0.79,0.8,5041,4002,1.26,21.57%,22.46%,0.597128,2026-08-24
PLTR,175.89,2026-08-28,4,Put,165.00,-6.19%,0.71,0.73,0.73,8633,6903,1.25,46.86%,56.77%,-0.133206,2026-08-24
SPCX,135,2026-08-28,4,Call,145.00,-7.41%,0.82,0.85,0.86,11324,9041,1.25,57.50%,68.22%,0.16868,2026-08-24
NBIS,210.91,2026-09-04,11,Put,175.00,-17.03%,2.06,2.27,2.31,516,414,1.25,90.97%,97.47%,-0.116308,2026-08-24
CRCL,87.72,2026-08-28,4,Call,97.00,-10.58%,0.94,1.02,1.07,553,443,1.25,83.68%,105.34%,0.196751,2026-08-24
SPCX,135,2026-09-11,18,Call,155.00,-14.81%,1.37,1.41,1.43,802,642,1.25,57.50%,58.23%,0.161081,2026-08-24
RGTI,16.37,2026-08-28,4,Put,15.50,-5.31%,0.22,0.22,0.24,808,644,1.25,73.87%,84.62%,-0.253094,2026-08-24
MU,910.43,2026-08-28,4,Call,990.00,-8.74%,4.9,5.2,5.15,859,689,1.25,64.44%,72.83%,0.145528,2026-08-24
SMCI,35.17,2026-08-28,4,Call,34.00,+3.33%,1.75,1.74,1.94,926,739,1.25,71.05%,80.25%,0.673484,2026-08-24
ORCL,142.45,2026-08-28,4,Put,132.00,-7.34%,0.48,0.52,0.56,944,758,1.25,69.81%,61.91%,-0.112816,2026-08-24
MU,910.43,2026-08-28,4,Put,880.00,-3.34%,13.5,13.2,14.15,996,796,1.25,64.44%,70.64%,-0.308066,2026-08-24
DKNG,25.97,2026-08-28,4,Call,27.50,-5.89%,0.09,0.11,0.15,1035,828,1.25,50.26%,53.33%,0.160983,2026-08-24
NBIS,210.91,2026-08-28,4,Call,225.00,-6.68%,3.8,3.96,4.1,1298,1042,1.25,90.97%,102.56%,0.292872,2026-08-24
ASST,19.73,2026-08-28,4,Call,21.00,-6.44%,0.61,0.64,0.73,1771,1418,1.25,104.37%,140.89%,0.364447,2026-08-24
MU,910.43,2026-08-28,4,Call,"1,050.00",-15.33%,1.15,1.28,1.33,3630,2905,1.25,64.44%,77.12%,0.042594,2026-08-24
AMD,456.74,2026-08-26,2,Put,442.50,-3.12%,2.06,2.11,2.16,500,402,1.24,53.05%,53.37%,-0.204309,2026-08-24
BMNR,24.14,2026-09-18,25,Put,22.00,-8.86%,1.03,1.07,1.11,613,496,1.24,84.42%,82.25%,-0.29171,2026-08-24
RF,30.63,2026-09-18,25,Call,31.00,-1.21%,0.3,0.39,0.5,614,497,1.24,23.07%,17.56%,0.406199,2026-08-24
AMZN,262.07,2026-09-04,11,Call,267.50,-2.07%,3.3,3.45,3.5,719,579,1.24,29.69%,30.55%,0.367065,2026-08-24
NCLH,17.22,2026-08-28,4,Put,17.00,-1.28%,0.2,0.21,0.32,1294,1042,1.24,43.71%,50.66%,-0.391519,2026-08-24
MARA,11.18,2026-08-28,4,Call,12.50,-11.81%,0.11,0.13,0.13,10416,8411,1.24,88.44%,109.72%,0.18118,2026-08-24
"Downloaded from Barchart.com as of 08-24-2026 09:46pm CDT"
