Symbol,Price~,"Exp Date",DTE,Type,Strike,Moneyness,Bid,Latest,Ask,Volume,"Open Int",Vol/OI,"Imp Vol",IV,Delta,Time
IBIT,43.68,2026-08-28,6,Put,43.00,-1.56%,0.74,0.76,0.77,17303,128,135.18,42.05%,48.29%,-0.384939,2026-08-21
IWM,299.96,2026-09-18,27,Put,315.00,+5.01%,13.86,15.58,17.74,14803,114,129.85,17.56%,17.30%,-0.851188,2026-08-21
GDX,102.83,2026-08-28,6,Call,107.00,-4.06%,1.26,1.33,1.45,20111,265,75.89,50.11%,55.33%,0.302718,2026-08-21
HYG,79.61,2027-02-19,181,Put,79.00,-0.77%,1.42,1.5,1.75,20007,308,64.96,4.10%,9.78%,-0.40159,2026-08-21
ETHA,18.24,2026-09-04,13,Call,22.00,-20.61%,0.11,0.11,0.12,6092,107,56.93,56.15%,73.43%,0.10135,2026-08-21
EWZ,35.06,2026-09-04,13,Call,36.00,-2.68%,0.29,0.43,0.44,10825,195,55.51,30.87%,28.71%,0.308909,2026-08-21
QQQ,713.44,2026-08-26,4,Call,711.00,+0.34%,6.27,6.27,6.31,13368,248,53.9,19.72%,16.22%,0.591406,2026-08-21
QQQ,713.44,2026-08-24,2,Put,713.00,-0.06%,2.6,2.6,2.64,42608,792,53.8,19.72%,13.71%,-0.46817,2026-08-21
XLF,57.48,2027-03-19,209,Put,47.00,-18.23%,0.29,0.55,0.75,6057,126,48.07,15.94%,23.85%,-0.098636,2026-08-21
IBIT,43.68,2026-08-24,2,Call,46.00,-5.31%,0.2,0.21,0.22,23312,519,44.92,42.05%,71.79%,0.172694,2026-08-21
SPY,765.72,2026-08-24,2,Put,764.00,-0.22%,1.1,1.12,1.12,58435,1344,43.48,12.93%,8.33%,-0.349022,2026-08-21
QQQ,713.44,2026-08-24,2,Call,714.00,-0.08%,2.24,2.24,2.27,35280,820,43.02,19.72%,11.70%,0.473793,2026-08-21
QQQ,713.44,2026-08-24,2,Call,713.00,+0.06%,2.76,2.76,2.78,48853,1218,40.11,19.72%,11.76%,0.538113,2026-08-21
TQQQ,71.17,2026-08-26,4,Put,66.00,-7.26%,0.22,0.24,0.27,6637,166,39.98,56.48%,60.49%,-0.109638,2026-08-21
QQQ,713.44,2026-08-24,2,Put,714.00,+0.08%,3.07,3.1,3.1,36988,971,38.09,19.72%,13.55%,-0.523763,2026-08-21
IBIT,43.68,2026-08-26,4,Call,47.00,-7.60%,0.2,0.21,0.24,8183,221,37.03,42.05%,64.63%,0.148421,2026-08-21
SPY,765.72,2026-08-24,2,Call,766.00,-0.04%,1.5,1.5,1.51,83802,2307,36.33,12.93%,7.02%,0.484387,2026-08-21
ETHA,18.24,2026-09-11,20,Call,19.50,-6.91%,0.33,0.53,0.53,4661,130,35.85,56.15%,51.96%,0.318413,2026-08-21
SPY,765.72,2026-08-24,2,Call,767.00,-0.17%,1.04,1.05,1.05,71821,2084,34.46,12.93%,6.89%,0.383697,2026-08-21
IEF,92.82,2026-12-18,118,Put,89.00,-4.12%,0.26,0.27,0.29,6001,177,33.9,5.65%,7.89%,-0.130755,2026-08-21
QQQ,713.44,2026-08-24,2,Put,710.00,-0.48%,1.53,1.53,1.56,54795,1760,31.13,19.72%,14.24%,-0.316151,2026-08-21
ETHA,18.24,2026-09-11,20,Call,15.50,+15.02%,2.55,2.88,3.3,9717,316,30.75,56.15%,61.82%,0.887067,2026-08-21
SLV,62.72,2026-08-31,9,Call,65.00,-3.64%,0.83,0.88,0.88,32472,1066,30.46,44.94%,43.67%,0.31794,2026-08-21
SMH,560.42,2026-10-16,55,Put,535.00,-4.54%,20.8,21.15,21.9,5523,187,29.53,37.10%,39.67%,-0.341772,2026-08-21
IBIT,43.68,2026-11-20,90,Call,57.00,-30.49%,0.84,0.84,0.89,30150,1053,28.63,42.05%,48.34%,0.171226,2026-08-21
IBIT,43.68,2026-08-24,2,Call,47.00,-7.60%,0.1,0.11,0.12,5644,205,27.53,42.05%,74.88%,0.098448,2026-08-21
IBIT,43.68,2026-08-28,6,Call,48.00,-9.89%,0.2,0.23,0.22,9321,344,27.1,42.05%,61.74%,0.126222,2026-08-21
EWZ,35.06,2027-03-19,209,Call,45.00,-28.35%,0.45,0.78,0.95,7502,299,25.09,30.87%,34.17%,0.163289,2026-08-21
IWM,299.96,2026-08-31,9,Put,297.00,-0.99%,1.62,1.64,1.65,24222,978,24.77,17.56%,15.73%,-0.33133,2026-08-21
QQQ,713.44,2026-11-20,90,Put,535.00,-25.01%,2.26,2.26,2.34,3027,124,24.41,19.72%,36.20%,-0.041348,2026-08-21
QQQ,713.44,2026-08-24,2,Call,715.00,-0.22%,1.76,1.79,1.81,40823,1705,23.94,19.72%,11.54%,0.40884,2026-08-21
SPYM,90.13,2026-09-18,27,Put,80.00,-11.24%,0.05,0.1,0.15,4265,186,22.93,13.10%,25.80%,-0.038413,2026-08-21
IBIT,43.68,2026-08-26,4,Call,46.00,-5.31%,0.33,0.33,0.37,8259,362,22.81,42.05%,61.64%,0.22251,2026-08-21
QQQ,713.44,2026-08-24,2,Call,712.00,+0.20%,3.34,3.35,3.36,28357,1243,22.81,19.72%,11.83%,0.600849,2026-08-21
IBIT,43.68,2026-08-28,6,Put,42.00,-3.85%,0.41,0.45,0.44,8321,370,22.49,42.05%,48.73%,-0.252237,2026-08-21
IBIT,43.68,2026-08-28,6,Call,44.00,-0.73%,1.06,1.06,1.08,76525,3402,22.49,42.05%,54.04%,0.47524,2026-08-21
IBIT,43.68,2026-11-20,90,Put,43.00,-1.56%,3.1,3.22,3.25,4277,198,21.6,42.05%,42.96%,-0.415696,2026-08-21
QQQ,713.44,2026-08-24,2,Put,712.00,-0.20%,2.19,2.22,2.22,27632,1281,21.57,19.72%,13.86%,-0.414296,2026-08-21
EFA,108.24,2026-08-28,6,Call,110.00,-1.63%,0,0.15,2.28,3263,152,21.47,16.23%,34.05%,0.362113,2026-08-21
IBIT,43.68,2026-08-26,4,Call,45.00,-3.02%,0.54,0.57,0.57,24270,1136,21.36,42.05%,58.56%,0.326865,2026-08-21
QQQ,713.44,2026-09-04,13,Call,751.00,-5.26%,0.51,0.52,0.54,3450,171,20.18,19.72%,16.56%,0.055965,2026-08-21
SPY,765.72,2026-08-24,2,Put,767.00,+0.17%,2.4,2.42,2.47,33210,1662,19.98,12.93%,7.87%,-0.605033,2026-08-21
SPY,765.72,2026-08-24,2,Call,765.00,+0.09%,2.03,2.04,2.09,39407,1978,19.92,12.93%,7.12%,0.582937,2026-08-21
ETHA,18.24,2026-09-04,13,Call,18.50,-1.43%,0.68,0.68,0.69,2736,140,19.54,56.15%,57.73%,0.474648,2026-08-21
SPY,765.72,2026-08-25,3,Call,760.00,+0.75%,6.27,7.15,6.59,6823,356,19.17,12.93%,8.81%,0.83414,2026-08-21
TQQQ,71.17,2026-08-24,2,Put,71.00,-0.24%,0.67,0.75,0.75,3281,174,18.86,56.48%,38.02%,-0.458238,2026-08-21
QQQ,713.44,2026-08-24,2,Call,716.00,-0.36%,1.37,1.41,1.4,15211,821,18.53,19.72%,11.41%,0.345032,2026-08-21
GLD,423.36,2026-08-24,2,Call,427.00,-0.86%,1.25,1.29,1.35,1901,103,18.46,25.84%,21.63%,0.303498,2026-08-21
SPY,765.72,2026-08-24,2,Put,763.00,-0.36%,0.84,0.84,0.85,40981,2247,18.24,12.93%,8.59%,-0.279822,2026-08-21
VXX,18.95,2026-08-28,6,Call,20.50,-8.18%,0.09,0.11,0.13,4853,267,18.18,53.63%,57.83%,0.154948,2026-08-21
SPY,765.72,2026-08-24,2,Call,771.00,-0.69%,0.16,0.17,0.17,27620,1539,17.95,12.93%,6.82%,0.09188,2026-08-21
GDX,102.83,2026-08-28,6,Call,110.00,-6.97%,0.63,0.75,1,1920,108,17.78,50.11%,58.52%,0.196828,2026-08-21
MSTU,2.73,2026-08-28,6,Put,2.50,-8.42%,0.13,0.15,0.14,2416,141,17.13,161.80%,174.43%,-0.305827,2026-08-21
SPY,765.72,2026-08-24,2,Call,769.00,-0.43%,0.44,0.44,0.45,39903,2339,17.06,12.93%,6.78%,0.206192,2026-08-21
GLD,423.36,2027-03-31,221,Put,305.00,-27.96%,1.69,1.99,2.74,2439,145,16.82,25.84%,29.42%,-0.050212,2026-08-21
IWM,299.96,2026-09-11,20,Call,300.00,-0.01%,4.83,4.85,4.94,5716,341,16.76,17.56%,16.75%,0.520846,2026-08-21
SLV,62.72,2026-08-28,6,Call,64.00,-2.04%,0.93,0.97,0.99,27176,1636,16.61,44.94%,46.30%,0.38185,2026-08-21
KWEB,26.66,2026-08-28,6,Put,26.00,-2.48%,0.03,0.17,0.28,16495,998,16.53,27.88%,30.17%,-0.247915,2026-08-21
IBIT,43.68,2026-10-16,55,Put,44.00,+0.73%,2.81,2.86,2.88,17983,1131,15.9,42.05%,41.23%,-0.476306,2026-08-21
NVDL,33.29,2026-08-28,6,Call,43.00,-29.17%,0.01,0.11,0.36,3503,224,15.64,79.33%,132.25%,0.077624,2026-08-21
SPY,765.72,2026-08-24,2,Put,762.00,-0.49%,0.64,0.64,0.65,20163,1292,15.61,12.93%,8.88%,-0.222263,2026-08-21
QQQ,713.44,2026-09-25,34,Call,733.00,-2.74%,8.6,8.9,8.78,3334,214,15.58,19.72%,18.04%,0.341766,2026-08-21
SLV,62.72,2026-09-11,20,Put,61.00,-2.74%,1.65,1.68,1.74,2100,135,15.56,44.94%,43.40%,-0.366663,2026-08-21
IWM,299.96,2026-09-04,13,Call,300.00,-0.01%,3.82,3.9,3.92,8476,552,15.36,17.56%,16.61%,0.5163,2026-08-21
SILJ,31.93,2026-09-18,27,Call,33.00,-3.35%,1.3,1.53,1.77,6284,415,15.14,58.67%,56.56%,0.452258,2026-08-21
SPY,765.72,2026-08-24,2,Put,766.00,+0.04%,1.89,1.88,1.9,83663,5534,15.12,12.93%,7.97%,-0.515997,2026-08-21
BITX,17.18,2026-08-28,6,Call,19.00,-10.59%,0.34,0.36,0.39,1646,109,15.1,82.96%,111.05%,0.26371,2026-08-21
SPY,765.72,2026-08-27,5,Put,747.00,-2.44%,0.44,0.45,0.45,7171,482,14.88,12.93%,14.91%,-0.074012,2026-08-21
QQQ,713.44,2026-08-27,5,Put,680.00,-4.69%,0.4,0.39,0.42,3973,269,14.77,19.72%,24.93%,-0.047062,2026-08-21
UVXY,19.4,2026-08-28,6,Call,18.00,+7.22%,1.45,1.49,1.6,3193,221,14.45,79.55%,58.33%,0.852454,2026-08-21
IWM,299.96,2026-09-03,12,Call,306.00,-2.01%,0.99,0.9,1.04,1468,102,14.39,17.56%,14.06%,0.230905,2026-08-21
SPY,765.72,2026-08-24,2,Call,770.00,-0.56%,0.27,0.28,0.28,48014,3356,14.31,12.93%,6.78%,0.140538,2026-08-21
SPY,765.72,2026-08-24,2,Put,774.00,+1.08%,8.3,8.43,8.65,3202,224,14.29,12.93%,10.91%,-0.910427,2026-08-21
XOP,189.54,2027-06-17,299,Put,150.00,-20.86%,3.5,6.03,8.5,7500,536,13.99,31.04%,35.06%,-0.163593,2026-08-21
QQQ,713.44,2026-08-24,2,Put,703.00,-1.46%,0.4,0.42,0.42,7082,508,13.94,19.72%,15.93%,-0.102033,2026-08-21
GDX,102.83,2028-01-21,517,Call,160.00,-55.60%,9.55,9.95,11.3,1508,109,13.83,50.11%,48.05%,0.349486,2026-08-21
IBIT,43.68,2026-08-26,4,Call,44.00,-0.73%,0.89,0.91,0.91,6054,440,13.76,42.05%,57.06%,0.465855,2026-08-21
EEM,67.12,2026-11-20,90,Put,52.50,-21.78%,0.32,0.42,0.49,6408,467,13.72,23.97%,36.47%,-0.070007,2026-08-21
QQQ,713.44,2026-08-26,4,Call,710.00,+0.48%,6.85,6.87,6.97,2772,204,13.59,19.72%,16.29%,0.622783,2026-08-21
SPY,765.72,2026-08-25,3,Put,766.00,+0.04%,2.52,2.52,2.55,10208,768,13.29,12.93%,8.91%,-0.508123,2026-08-21
DIA,532.22,2026-10-16,55,Put,510.00,-4.17%,3.85,3.96,4.15,1967,149,13.2,12.44%,15.77%,-0.211418,2026-08-21
QQQ,713.44,2026-08-25,3,Put,713.00,-0.06%,3.57,3.64,3.64,4188,320,13.09,19.72%,15.13%,-0.473154,2026-08-21
IBIT,43.68,2026-09-25,34,Put,42.00,-3.85%,1.31,1.37,1.36,2059,158,13.03,42.05%,40.69%,-0.344224,2026-08-21
QQQ,713.44,2026-08-24,2,Call,719.00,-0.78%,0.57,0.58,0.58,8855,685,12.93,19.72%,11.16%,0.180382,2026-08-21
QQQ,713.44,2026-08-25,3,Call,715.00,-0.22%,2.78,2.84,2.82,5349,416,12.86,19.72%,13.32%,0.439313,2026-08-21
SPY,765.72,2026-09-04,13,Put,755.00,-1.40%,3.25,3.26,3.28,18922,1472,12.85,12.93%,13.36%,-0.272597,2026-08-21
QQQ,713.44,2026-08-24,2,Call,711.00,+0.34%,3.97,4.02,4.04,14972,1178,12.71,19.72%,11.97%,0.659597,2026-08-21
QQQ,713.44,2026-08-28,6,Put,671.00,-5.95%,0.35,0.35,0.37,1683,133,12.65,19.72%,27.08%,-0.036087,2026-08-21
GDX,102.83,2026-09-18,27,Put,98.00,-4.70%,3.2,3.21,3.3,3634,289,12.57,50.11%,49.76%,-0.330017,2026-08-21
USO,134.64,2026-08-28,6,Call,143.00,-6.21%,1.05,1.19,1.19,1783,142,12.56,46.13%,55.73%,0.212132,2026-08-21
ETHA,18.24,2026-09-11,20,Call,18.00,+1.32%,1.05,1.1,1.1,4654,371,12.54,56.15%,55.09%,0.572455,2026-08-21
IBIT,43.68,2026-08-26,4,Put,42.00,-3.85%,0.28,0.3,0.31,1384,113,12.25,42.05%,50.31%,-0.218344,2026-08-21
SPY,765.72,2026-08-24,2,Call,768.00,-0.30%,0.69,0.69,0.7,52719,4337,12.16,12.93%,6.81%,0.288479,2026-08-21
QQQ,713.44,2026-08-24,2,Put,711.00,-0.34%,1.83,1.83,1.87,20545,1691,12.15,19.72%,14.04%,-0.363424,2026-08-21
QQQ,713.44,2026-08-25,3,Put,711.00,-0.34%,2.77,2.82,2.85,3332,277,12.03,19.72%,15.45%,-0.39454,2026-08-21
SNXX,15.01,2026-08-28,6,Call,16.50,-9.93%,0.65,0.72,0.8,1479,123,12.02,155.16%,166.37%,0.369071,2026-08-21
SLV,62.72,2026-08-31,9,Call,63.00,-0.45%,1.46,1.5,1.54,1208,101,11.96,44.94%,40.90%,0.490695,2026-08-21
QQQ,713.44,2026-08-27,5,Put,685.00,-3.99%,0.58,0.55,0.61,2854,240,11.89,19.72%,23.72%,-0.06759,2026-08-21
DRAM,57.68,2026-08-24,2,Call,58.00,-0.55%,0.61,0.8,1.1,2929,247,11.86,66.48%,58.69%,0.459532,2026-08-21
IBIT,43.68,2026-08-24,2,Call,45.00,-3.02%,0.35,0.37,0.38,39877,3382,11.79,42.05%,66.27%,0.281483,2026-08-21
IBIT,43.68,2026-09-11,20,Call,50.00,-14.47%,0.31,0.34,0.35,4335,368,11.78,42.05%,49.22%,0.136086,2026-08-21
DRAM,57.68,2026-08-24,2,Call,59.00,-2.29%,0.19,0.4,0.42,2002,175,11.44,66.48%,46.09%,0.26071,2026-08-21
EWZ,35.06,2026-08-28,6,Call,36.00,-2.68%,0.12,0.2,0.22,16981,1486,11.43,30.87%,28.49%,0.232059,2026-08-21
DIA,532.22,2026-08-28,6,Put,528.00,-0.79%,1.62,1.69,1.72,2366,209,11.32,12.44%,12.77%,-0.300155,2026-08-21
QQQ,713.44,2026-08-24,2,Put,709.00,-0.62%,1.27,1.27,1.3,6145,547,11.23,19.72%,14.45%,-0.272997,2026-08-21
SOXX,520.05,2026-08-28,6,Put,480.00,-7.70%,0.5,1.59,1.7,2121,189,11.22,41.23%,45.41%,-0.078549,2026-08-21
QQQ,713.44,2026-08-24,2,Call,717.00,-0.50%,1.05,1.05,1.07,11285,1017,11.1,19.72%,11.34%,0.285159,2026-08-21
SPY,765.72,2026-08-24,2,Put,760.00,-0.75%,0.38,0.39,0.39,41536,3743,11.1,12.93%,9.55%,-0.139353,2026-08-21
KBWB,95.62,2026-09-18,27,Put,96.00,+0.40%,0.75,2.16,3.3,1860,170,10.94,21.15%,18.51%,-0.509162,2026-08-21
ETHA,18.24,2026-08-28,6,Call,18.00,+1.32%,0.67,0.69,0.7,67102,6140,10.93,56.15%,59.44%,0.586973,2026-08-21
IBIT,43.68,2026-10-02,41,Call,44.00,-0.73%,2.39,2.43,2.47,2588,241,10.74,42.05%,42.74%,0.519841,2026-08-21
QQQ,713.44,2026-08-24,2,Call,718.00,-0.64%,0.79,0.8,0.8,12320,1152,10.69,19.72%,11.28%,0.230365,2026-08-21
KORU,20.36,2026-08-28,6,Put,19.00,-6.68%,0.75,0.97,1.05,1561,147,10.62,149.85%,147.91%,-0.321999,2026-08-21
IWM,299.96,2026-08-24,2,Put,299.00,-0.32%,0.62,0.64,0.65,8612,815,10.57,17.56%,11.99%,-0.352164,2026-08-21
QQQ,713.44,2026-08-24,2,Call,720.00,-0.92%,0.4,0.42,0.42,25813,2464,10.48,19.72%,11.10%,0.138187,2026-08-21
IAU,86.79,2027-06-17,299,Call,89.00,-2.55%,8.1,8.42,8.8,2114,203,10.41,25.86%,26.07%,0.559592,2026-08-21
SPY,765.72,2026-08-26,4,Call,760.00,+0.75%,7.06,8.14,7.34,1133,111,10.21,12.93%,10.80%,0.756491,2026-08-21
XBI,165.73,2026-09-18,27,Put,157.00,-5.27%,1.84,2.35,2.67,1485,147,10.1,32.09%,32.53%,-0.247623,2026-08-21
TQQQ,71.17,2026-08-24,2,Call,71.00,+0.24%,0.83,0.85,0.89,4213,418,10.08,56.48%,36.42%,0.543629,2026-08-21
BITX,17.18,2026-08-28,6,Put,16.00,-6.87%,0.35,0.36,0.37,1386,138,10.04,82.96%,96.89%,-0.261344,2026-08-21
IBIT,43.68,2026-08-28,6,Call,47.00,-7.60%,0.3,0.32,0.33,7507,777,9.66,42.05%,59.52%,0.18031,2026-08-21
KWEB,26.66,2026-11-20,90,Call,28.00,-5.03%,1.2,1.23,1.42,15481,1615,9.59,27.88%,33.39%,0.438157,2026-08-21
QQQ,713.44,2026-08-24,2,Put,702.00,-1.60%,0.33,0.34,0.34,5861,612,9.58,19.72%,16.16%,-0.085171,2026-08-21
IWM,299.96,2026-09-11,20,Put,289.00,-3.65%,1.44,1.41,1.49,1396,147,9.5,17.56%,19.36%,-0.191489,2026-08-21
FXI,35.86,2026-08-28,6,Put,36.00,+0.39%,0.15,0.43,0.55,2782,294,9.46,21.60%,15.37%,-0.56822,2026-08-21
QQQ,713.44,2026-09-02,11,Call,730.00,-2.32%,2.55,2.53,2.59,952,101,9.43,19.72%,16.33%,0.223431,2026-08-21
IWM,299.96,2026-08-24,2,Put,298.00,-0.65%,0.38,0.39,0.4,11504,1221,9.42,17.56%,12.64%,-0.236112,2026-08-21
SPY,765.72,2026-09-11,20,Call,762.00,+0.49%,11.62,12.19,11.96,1018,109,9.34,12.93%,12.86%,0.589282,2026-08-21
SOXX,520.05,2026-10-16,55,Put,420.00,-19.24%,5.7,6.2,9.2,1004,109,9.21,41.23%,53.96%,-0.125411,2026-08-21
SPY,765.72,2026-08-26,4,Call,768.00,-0.30%,2.17,2.18,2.2,2823,307,9.2,12.93%,9.69%,0.397933,2026-08-21
QQQ,713.44,2026-08-24,2,Put,707.00,-0.90%,0.88,0.9,0.91,6657,728,9.14,19.72%,14.99%,-0.201235,2026-08-21
IWM,299.96,2026-09-03,12,Put,292.00,-2.65%,1.09,1.1,1.13,1330,146,9.11,17.56%,18.30%,-0.197524,2026-08-21
SPY,765.72,2026-08-25,3,Put,763.00,-0.36%,1.43,1.43,1.45,4334,476,9.11,12.93%,9.52%,-0.330415,2026-08-21
EWZ,35.06,2026-09-04,13,Put,33.00,-5.88%,0.05,0.12,0.19,5091,562,9.06,30.87%,27.84%,-0.127504,2026-08-21
QQQ,713.44,2026-08-24,2,Put,706.00,-1.04%,0.73,0.74,0.75,4865,543,8.96,19.72%,15.23%,-0.171081,2026-08-21
SLV,62.72,2026-09-04,13,Call,75.00,-19.58%,0.19,0.22,0.23,1163,130,8.95,44.94%,61.01%,0.068879,2026-08-21
UVXY,19.4,2026-10-16,55,Call,21.00,-8.25%,2.1,2.25,2.56,1180,132,8.94,79.55%,97.24%,0.497424,2026-08-21
XLV,174.62,2026-08-28,6,Call,179.00,-2.51%,0.17,0.4,0.4,917,103,8.9,18.17%,17.54%,0.143089,2026-08-21
IWM,299.96,2026-08-31,9,Put,294.00,-1.99%,0.97,0.97,0.99,2326,262,8.88,17.56%,16.88%,-0.214062,2026-08-21
GDX,102.83,2026-09-18,27,Call,103.00,-0.17%,5.6,5.9,5.85,4197,473,8.87,50.11%,50.90%,0.530563,2026-08-21
IBIT,43.68,2026-08-28,6,Call,50.00,-14.47%,0.11,0.12,0.13,16590,1871,8.87,42.05%,69.60%,0.071712,2026-08-21
XLU,42.77,2026-08-28,6,Call,43.50,-1.71%,0.12,0.15,0.2,1087,123,8.84,16.08%,19.61%,0.251903,2026-08-21
XLU,42.77,2026-09-25,34,Put,43.00,+0.54%,0.6,0.98,1.32,1953,222,8.8,16.08%,15.65%,-0.542082,2026-08-21
SLV,62.72,2026-08-24,2,Put,62.00,-1.15%,0.34,0.39,0.4,1529,174,8.79,44.94%,36.57%,-0.327629,2026-08-21
SOXL,120.6,2026-08-24,2,Put,105.00,-12.94%,0.2,0.25,0.27,2357,268,8.79,121.65%,118.01%,-0.051385,2026-08-21
QQQ,713.44,2026-08-26,4,Call,715.00,-0.22%,4.01,4.03,4.08,2706,309,8.76,19.72%,15.66%,0.458822,2026-08-21
QQQ,713.44,2026-08-28,6,Put,714.00,+0.08%,7.07,7.07,7.14,4028,460,8.76,19.72%,19.15%,-0.501232,2026-08-21
QQQ,713.44,2026-08-24,2,Call,710.00,+0.48%,4.66,4.7,4.71,13456,1538,8.75,19.72%,11.94%,0.716182,2026-08-21
BITX,17.18,2026-10-16,55,Call,15.00,+12.69%,3.25,3.35,3.5,1078,124,8.69,82.96%,82.87%,0.725786,2026-08-21
SPY,765.72,2026-08-25,3,Put,765.00,-0.09%,2.09,2.11,2.11,14109,1648,8.56,12.93%,9.07%,-0.444271,2026-08-21
UVXY,19.4,2026-08-28,6,Call,22.50,-15.98%,0.1,0.12,0.14,1027,120,8.56,79.55%,91.16%,0.114124,2026-08-21
IBIT,43.68,2026-08-24,2,Call,44.00,-0.73%,0.65,0.66,0.68,22365,2634,8.49,42.05%,62.67%,0.448325,2026-08-21
IBIT,43.68,2026-09-04,13,Call,48.00,-9.89%,0.38,0.37,0.4,3484,413,8.44,42.05%,50.97%,0.179022,2026-08-21
QQQ,713.44,2026-08-28,6,Call,715.00,-0.22%,6.1,6.11,6.18,18400,2181,8.44,19.72%,18.38%,0.476753,2026-08-21
IWM,299.96,2026-08-26,4,Call,302.00,-0.68%,0.79,0.79,0.83,2106,250,8.42,17.56%,12.74%,0.315528,2026-08-21
QQQ,713.44,2026-08-24,2,Call,723.00,-1.34%,0.12,0.12,0.13,3310,393,8.42,19.72%,10.88%,0.05189,2026-08-21
SPY,765.72,2026-08-28,6,Put,780.00,+1.86%,14.24,14.66,15.03,1026,122,8.41,12.93%,11.39%,-0.901727,2026-08-21
IBIT,43.68,2026-08-31,9,Call,47.00,-7.60%,0.39,0.38,0.42,19743,2352,8.39,42.05%,53.26%,0.205095,2026-08-21
SMH,560.42,2026-09-25,34,Call,630.00,-12.42%,3.6,4.95,5.9,1535,184,8.34,37.10%,35.20%,0.157758,2026-08-21
DIA,532.22,2026-08-28,6,Call,534.00,-0.33%,2.43,2.75,2.55,1364,164,8.32,12.44%,11.65%,0.429193,2026-08-21
IBIT,43.68,2026-10-02,41,Call,45.00,-3.02%,1.97,2,2.04,11445,1378,8.31,42.05%,42.83%,0.457531,2026-08-21
IWM,299.96,2026-08-26,4,Call,304.00,-1.35%,0.31,0.36,0.33,2067,251,8.24,17.56%,12.38%,0.157806,2026-08-21
XLE,63.64,2026-08-28,6,Put,61.50,-3.36%,0.05,0.15,0.75,5144,627,8.2,24.77%,36.82%,-0.225195,2026-08-21
SOLZ,9.08,2026-10-16,55,Call,12.00,-32.16%,0,0.14,0.2,1057,129,8.19,41.77%,54.26%,0.116596,2026-08-21
SPY,765.72,2026-08-24,2,Put,758.00,-1.01%,0.22,0.23,0.23,12215,1501,8.14,12.93%,10.14%,-0.085093,2026-08-21
BITX,17.18,2026-08-28,6,Call,20.00,-16.41%,0.22,0.24,0.23,1206,149,8.09,82.96%,116.62%,0.174155,2026-08-21
QQQ,713.44,2026-09-04,13,Call,715.00,-0.22%,9.73,10.03,9.86,4895,612,8,19.72%,18.90%,0.495571,2026-08-21
ETHA,18.24,2026-09-04,13,Call,16.50,+9.54%,1.72,1.92,2.14,8943,1125,7.95,56.15%,56.54%,0.842593,2026-08-21
SLV,62.72,2026-08-24,2,Call,63.50,-1.24%,0.31,0.37,0.37,1619,206,7.86,44.94%,35.06%,0.324297,2026-08-21
XLF,57.48,2026-08-24,2,Put,57.50,+0.03%,0.15,0.19,0.43,5036,651,7.74,15.94%,16.70%,-0.505261,2026-08-21
IBIT,43.68,2026-10-02,41,Call,55.00,-25.92%,0.3,0.32,0.35,1615,210,7.69,42.05%,49.64%,0.100825,2026-08-21
GDX,102.83,2026-10-16,55,Put,97.00,-5.67%,4.6,4.85,4.9,1038,136,7.63,50.11%,48.58%,-0.33433,2026-08-21
TQQQ,71.17,2026-08-24,2,Call,72.00,-1.17%,0.38,0.4,0.43,3759,493,7.62,56.48%,35.14%,0.335346,2026-08-21
SPY,765.72,2026-08-24,2,Put,765.00,-0.09%,1.45,1.45,1.46,108031,14178,7.62,12.93%,8.13%,-0.428728,2026-08-21
TLT,82.05,2026-09-25,34,Put,79.00,-3.72%,0.23,0.24,0.24,3242,429,7.56,10.96%,12.49%,-0.144228,2026-08-21
SPY,765.72,2026-09-11,20,Call,759.00,+0.88%,13.7,14.22,14.08,1205,160,7.53,12.93%,13.30%,0.635305,2026-08-21
TQQQ,71.17,2026-10-16,55,Call,80.00,-12.41%,2.9,2.95,3.05,864,115,7.51,56.48%,54.13%,0.33542,2026-08-21
XLF,57.48,2026-09-04,13,Call,57.50,-0.03%,0,0.66,1.1,814,109,7.47,15.94%,12.36%,0.513651,2026-08-21
QQQ,713.44,2026-08-24,2,Put,715.00,+0.22%,3.6,3.63,3.66,14631,1994,7.34,19.72%,13.49%,-0.579618,2026-08-21
EWZ,35.06,2026-08-28,6,Call,35.50,-1.25%,0.28,0.36,0.4,39783,5438,7.32,30.87%,30.16%,0.371898,2026-08-21
GDX,102.83,2026-10-16,55,Call,97.00,+5.67%,10.95,11.06,11.5,1018,139,7.32,50.11%,49.47%,0.666076,2026-08-21
RSP,221.67,2026-09-04,13,Put,220.00,-0.75%,1.25,1.33,2.45,1571,215,7.31,14.26%,16.06%,-0.386545,2026-08-21
GLD,423.36,2026-08-28,6,Call,417.00,+1.50%,9.5,10.2,9.85,2114,289,7.31,25.84%,26.90%,0.682059,2026-08-21
GLD,423.36,2026-08-28,6,Put,410.00,-3.16%,1.24,1.27,1.29,4339,598,7.26,25.84%,26.45%,-0.163925,2026-08-21
SPY,765.72,2026-08-24,2,Put,773.00,+0.95%,7.3,7.44,7.74,1845,256,7.21,12.93%,10.37%,-0.892724,2026-08-21
IBIT,43.68,2026-08-31,9,Call,51.00,-16.76%,0.12,0.12,0.14,1289,179,7.2,42.05%,64.13%,0.069516,2026-08-21
RSP,221.67,2026-08-28,6,Put,220.00,-0.75%,0.05,0.7,0.85,1534,213,7.2,14.26%,9.85%,-0.263556,2026-08-21
URNM,58.19,2026-09-18,27,Call,60.00,-3.11%,1.8,1.96,2.15,1846,258,7.16,41.86%,42.51%,0.427036,2026-08-21
TLT,82.05,2026-09-04,13,Call,81.00,+1.28%,1.29,1.31,1.31,2248,315,7.14,10.96%,9.53%,0.77819,2026-08-21
TSLL,9.77,2026-08-28,6,Put,9.50,-2.76%,0.28,0.31,0.33,2308,325,7.1,81.68%,87.04%,-0.377715,2026-08-21
QQQ,713.44,2026-08-24,2,Call,721.00,-1.06%,0.28,0.29,0.29,4991,705,7.08,19.72%,11.03%,0.102997,2026-08-21
SPY,765.72,2026-08-27,5,Put,753.00,-1.66%,0.87,0.88,0.89,973,138,7.05,12.93%,13.64%,-0.140337,2026-08-21
IBIT,43.68,2026-08-31,9,Put,42.00,-3.85%,0.52,0.52,0.55,1964,281,6.99,42.05%,44.85%,-0.273169,2026-08-21
SPY,765.72,2026-08-24,2,Call,761.00,+0.62%,5.07,5.12,5.16,1252,181,6.92,12.93%,7.61%,0.869956,2026-08-21
IBIT,43.68,2026-08-28,6,Put,41.50,-4.99%,0.3,0.31,0.32,1575,228,6.91,42.05%,49.12%,-0.196824,2026-08-21
SPY,765.72,2026-08-25,3,Call,770.00,-0.56%,0.69,0.69,0.7,8657,1255,6.9,12.93%,7.76%,0.2244,2026-08-21
SPY,765.72,2026-08-24,2,Call,764.00,+0.22%,2.69,2.75,2.74,12332,1790,6.89,12.93%,7.25%,0.673447,2026-08-21
URA,46.07,2026-08-28,6,Call,45.00,+2.32%,1.55,1.68,1.85,1151,167,6.89,42.83%,45.65%,0.670394,2026-08-21
TMF,30.5,2026-09-18,27,Put,30.00,-1.64%,0.77,0.81,0.83,7460,1093,6.83,31.52%,31.67%,-0.404291,2026-08-21
BTCZ,3.64,2026-09-18,27,Call,5.00,-37.36%,0.05,0.15,0.2,1303,191,6.82,119.29%,120.74%,0.21346,2026-08-21
IBIT,43.68,2026-09-25,34,Call,45.00,-3.02%,1.75,1.71,1.8,12479,1836,6.8,42.05%,42.91%,0.446115,2026-08-21
SPY,765.72,2026-08-24,2,Put,761.00,-0.62%,0.49,0.5,0.5,22486,3305,6.8,12.93%,9.19%,-0.17578,2026-08-21
SPY,765.72,2026-08-24,2,Put,759.00,-0.88%,0.29,0.3,0.3,12210,1798,6.79,12.93%,9.86%,-0.109225,2026-08-21
SPY,765.72,2026-08-25,3,Call,767.00,-0.17%,1.71,1.72,1.73,6726,995,6.76,12.93%,8.05%,0.422819,2026-08-21
IBIT,43.68,2026-08-26,4,Put,41.00,-6.14%,0.12,0.14,0.15,1163,172,6.76,42.05%,51.73%,-0.114478,2026-08-21
SOXL,120.6,2026-08-24,2,Put,100.00,-17.08%,0.06,0.1,0.14,2428,360,6.74,121.65%,129.39%,-0.022463,2026-08-21
QQQ,713.44,2026-08-24,2,Put,708.00,-0.76%,1.06,1.09,1.08,6560,981,6.69,19.72%,14.69%,-0.23463,2026-08-21
SLV,62.72,2026-08-24,2,Put,61.50,-1.95%,0.18,0.22,0.24,1163,174,6.68,44.94%,35.33%,-0.220309,2026-08-21
IBIT,43.68,2026-09-18,27,Put,44.00,+0.73%,2.03,2.12,2.07,6740,1018,6.62,42.05%,40.83%,-0.497008,2026-08-21
QQQ,713.44,2026-09-18,27,Call,733.00,-2.74%,6.89,7.07,7.04,5222,790,6.61,19.72%,18.02%,0.31606,2026-08-21
QQQ,713.44,2026-08-25,3,Call,714.00,-0.08%,3.27,3.3,3.34,3687,560,6.58,19.72%,13.51%,0.485575,2026-08-21
GDX,102.83,2026-12-18,118,Call,103.00,-0.17%,11.65,11.9,11.95,998,152,6.57,50.11%,48.60%,0.570338,2026-08-21
QQQ,713.44,2026-08-25,3,Put,712.00,-0.20%,3.14,3.19,3.23,3902,598,6.53,19.72%,15.28%,-0.433098,2026-08-21
IWM,299.96,2026-09-03,12,Call,305.00,-1.68%,1.26,1.29,1.32,2131,327,6.52,17.56%,14.23%,0.274411,2026-08-21
SPY,765.72,2026-08-25,3,Put,764.00,-0.22%,1.73,1.73,1.75,13855,2130,6.5,12.93%,9.29%,-0.384591,2026-08-21
CORN,19.01,2027-03-19,209,Call,22.00,-15.73%,0.4,0.49,0.55,1210,187,6.47,20.00%,22.58%,0.262404,2026-08-21
SPY,765.72,2026-09-01,10,Put,758.00,-1.01%,2.89,2.86,2.92,723,112,6.46,12.93%,12.26%,-0.294233,2026-08-21
QQQ,713.44,2026-08-28,6,Put,712.50,-0.13%,6.36,6.35,6.47,1291,200,6.46,19.72%,19.29%,-0.466986,2026-08-21
SPY,765.72,2026-08-24,2,Call,760.00,+0.75%,5.96,5.9,6.01,1733,269,6.44,12.93%,7.37%,0.919898,2026-08-21
SPY,765.72,2026-08-27,5,Put,745.00,-2.71%,0.35,0.36,0.36,2640,410,6.44,12.93%,15.33%,-0.059665,2026-08-21
GLD,423.36,2026-08-24,2,Call,426.00,-0.62%,1.52,1.61,1.62,945,147,6.43,25.84%,21.17%,0.353357,2026-08-21
XLF,57.48,2026-09-25,34,Put,56.00,-2.57%,0.22,0.48,0.73,892,139,6.42,15.94%,15.86%,-0.272321,2026-08-21
SPY,765.72,2026-08-25,3,Call,768.00,-0.30%,1.29,1.29,1.31,5303,830,6.39,12.93%,7.92%,0.352092,2026-08-21
QQQ,713.44,2026-08-24,2,Call,708.00,+0.76%,6.16,6.32,6.31,1537,241,6.38,19.72%,12.09%,0.810389,2026-08-21
SPY,765.72,2026-08-24,2,Put,757.00,-1.14%,0.17,0.18,0.18,9412,1486,6.33,12.93%,10.47%,-0.066965,2026-08-21
MAGS,67.28,2026-12-18,118,Put,63.00,-6.36%,1.6,2,1.95,1001,159,6.3,22.82%,22.19%,-0.303668,2026-08-21
QQQ,713.44,2026-08-28,6,Put,713.00,-0.06%,6.58,6.65,6.7,2615,418,6.26,19.72%,19.25%,-0.478301,2026-08-21
SPY,765.72,2026-08-24,2,Put,768.00,+0.30%,3.04,3.09,3.11,10740,1722,6.24,12.93%,7.82%,-0.690415,2026-08-21
IBIT,43.68,2026-10-16,55,Call,49.00,-12.18%,1.24,1.28,1.3,11586,1857,6.24,42.05%,44.48%,0.292206,2026-08-21
SPY,765.72,2026-08-27,5,Call,765.00,+0.09%,4.39,4.42,4.42,1269,204,6.22,12.93%,10.87%,0.543595,2026-08-21
SLV,62.72,2026-08-24,2,Call,66.00,-5.23%,0.07,0.1,0.1,2546,411,6.19,44.94%,48.92%,0.083139,2026-08-21
IBIT,43.68,2026-08-28,6,Call,46.00,-5.31%,0.45,0.45,0.47,14679,2372,6.19,42.05%,56.57%,0.251697,2026-08-21
SPY,765.72,2026-09-01,10,Call,787.00,-2.78%,0.19,0.2,0.2,784,127,6.17,12.93%,9.24%,0.041265,2026-08-21
ARKK,86.21,2026-08-28,6,Put,85.00,-1.40%,0.95,1.1,1.14,628,103,6.1,37.06%,36.43%,-0.368149,2026-08-21
TQQQ,71.17,2026-08-26,4,Put,64.00,-10.07%,0.11,0.12,0.15,1444,237,6.09,56.48%,66.69%,-0.059241,2026-08-21
SPY,765.72,2026-09-18,27,Put,728.00,-4.93%,2.55,2.58,2.57,24435,4012,6.09,12.93%,17.78%,-0.134279,2026-08-21
TLT,82.05,2026-09-02,11,Put,82.50,+0.55%,1.01,1.05,1.02,1947,321,6.07,10.96%,13.98%,-0.577096,2026-08-21
QQQ,713.44,2026-08-28,6,Call,713.00,+0.06%,7.15,7.2,7.26,3211,530,6.06,19.72%,18.61%,0.523965,2026-08-21
IWM,299.96,2026-09-11,20,Put,282.50,-5.82%,0.77,0.79,0.81,653,108,6.05,17.56%,21.49%,-0.106834,2026-08-21
IBIT,43.68,2026-08-28,6,Call,45.00,-3.02%,0.71,0.71,0.72,28348,4689,6.05,42.05%,55.47%,0.353918,2026-08-21
SPY,765.72,2026-08-25,3,Call,761.00,+0.62%,5.6,5.51,5.78,652,108,6.04,12.93%,9.16%,0.781082,2026-08-21
QQQ,713.44,2026-08-24,2,Put,704.00,-1.32%,0.49,0.51,0.52,4277,715,5.98,19.72%,15.74%,-0.122369,2026-08-21
IWM,299.96,2026-08-24,2,Call,299.00,+0.32%,1.56,1.58,1.62,3417,579,5.9,17.56%,11.42%,0.655525,2026-08-21
UCO,45.55,2026-09-18,27,Put,40.00,-12.18%,1.15,1.15,1.2,2622,446,5.88,72.98%,70.25%,-0.215359,2026-08-21
IWM,299.96,2026-08-26,4,Call,299.00,+0.32%,2.26,2.31,2.35,587,100,5.87,17.56%,13.85%,0.597964,2026-08-21
SPY,765.72,2026-08-25,3,Call,773.00,-0.95%,0.23,0.24,0.24,5226,891,5.87,12.93%,7.72%,0.094008,2026-08-21
SPY,765.72,2026-08-25,3,Put,759.00,-0.88%,0.67,0.67,0.69,3114,531,5.86,12.93%,10.57%,-0.17219,2026-08-21
SPY,765.72,2026-08-26,4,Call,767.00,-0.17%,2.63,2.62,2.66,2924,504,5.8,12.93%,9.82%,0.448908,2026-08-21
SPY,765.72,2026-09-04,13,Call,778.00,-1.60%,2.04,2.08,2.06,4057,702,5.78,12.93%,10.64%,0.231266,2026-08-21
IBIT,43.68,2026-09-04,13,Put,38.00,-13.00%,0.11,0.12,0.13,3558,617,5.77,42.05%,50.45%,-0.063849,2026-08-21
QQQ,713.44,2026-08-28,6,Put,717.50,+0.57%,8.78,8.46,8.93,606,105,5.77,19.72%,18.66%,-0.583102,2026-08-21
MSTU,2.73,2026-10-16,55,Call,4.00,-46.52%,0.26,0.33,0.34,575,100,5.75,161.80%,151.77%,0.365256,2026-08-21
SPY,765.72,2026-08-28,6,Call,760.00,+0.75%,8.45,8.52,8.73,16082,2797,5.75,12.93%,12.78%,0.688918,2026-08-21
DRAM,57.68,2026-08-24,2,Put,58.00,+0.55%,0.76,0.76,1.23,566,100,5.66,66.48%,48.61%,-0.552476,2026-08-21
UVXY,19.4,2026-08-28,6,Put,18.50,-4.64%,0.18,0.21,0.24,843,149,5.66,79.55%,56.70%,-0.242871,2026-08-21
SPY,765.72,2026-08-25,3,Call,766.00,-0.04%,2.2,2.2,2.23,8405,1502,5.6,12.93%,8.19%,0.493824,2026-08-21
SPY,765.72,2026-08-27,5,Put,774.00,+1.08%,8.93,9.13,9.31,993,178,5.58,12.93%,10.58%,-0.804549,2026-08-21
ETHA,18.24,2026-09-18,27,Call,21.00,-15.13%,0.37,0.36,0.38,20457,3666,5.58,56.15%,61.55%,0.22901,2026-08-21
IWM,299.96,2026-08-26,4,Call,300.00,-0.01%,1.68,1.82,1.73,1281,230,5.57,17.56%,13.43%,0.507151,2026-08-21
QQQ,713.44,2026-08-28,6,Call,706.00,+1.04%,11.63,12,11.78,1437,258,5.57,19.72%,19.63%,0.673714,2026-08-21
IEF,92.82,2026-09-04,13,Call,92.50,+0.34%,0.56,0.55,0.59,860,155,5.55,5.65%,4.87%,0.681474,2026-08-21
IBIT,43.68,2026-09-25,34,Call,60.00,-37.36%,0.12,0.12,0.14,665,120,5.54,42.05%,57.40%,0.044121,2026-08-21
SPY,765.72,2026-09-04,13,Put,718.00,-6.23%,0.44,0.52,0.45,1213,220,5.51,12.93%,19.74%,-0.038357,2026-08-21
QQQ,713.44,2026-08-25,3,Call,711.00,+0.34%,4.98,5.13,5.11,2773,503,5.51,19.72%,13.89%,0.617744,2026-08-21
TSLL,9.77,2026-09-11,20,Put,9.50,-2.76%,0.58,0.57,0.63,2183,399,5.47,81.68%,82.40%,-0.401241,2026-08-21
SPY,765.72,2026-09-11,20,Put,737.00,-3.75%,2.02,2.04,2.04,754,138,5.46,12.93%,15.83%,-0.138625,2026-08-21
GLD,423.36,2026-09-11,20,Call,480.00,-13.38%,0.58,0.58,0.72,1284,235,5.46,25.84%,31.56%,0.050936,2026-08-21
GLD,423.36,2026-08-24,2,Put,415.00,-1.97%,0.22,0.27,0.29,758,139,5.45,25.84%,20.13%,-0.087197,2026-08-21
QQQ,713.44,2026-08-25,3,Call,724.00,-1.48%,0.37,0.4,0.4,1134,208,5.45,19.72%,12.43%,0.101292,2026-08-21
GLD,423.36,2026-08-24,2,Call,423.00,+0.09%,2.67,2.76,2.81,1238,227,5.45,25.84%,20.10%,0.531082,2026-08-21
SPY,765.72,2026-09-11,20,Call,751.00,+1.92%,19.45,20.92,21.4,952,175,5.44,12.93%,15.13%,0.728099,2026-08-21
IWM,299.96,2026-08-26,4,Put,299.00,-0.32%,1.27,1.3,1.32,749,138,5.43,17.56%,14.12%,-0.404996,2026-08-21
MSTU,2.73,2026-09-04,13,Call,3.50,-28.21%,0.12,0.13,0.15,1640,302,5.43,161.80%,176.07%,0.281702,2026-08-21
SPY,765.72,2026-09-01,10,Put,754.00,-1.53%,2.1,2.12,2.12,1187,219,5.42,12.93%,12.90%,-0.222375,2026-08-21
GDX,102.83,2026-08-28,6,Call,103.00,-0.17%,2.65,2.81,2.95,560,104,5.38,50.11%,54.25%,0.507819,2026-08-21
QQQ,713.44,2026-08-28,6,Call,712.50,+0.13%,7.43,7.39,7.57,1145,213,5.38,19.72%,18.71%,0.535527,2026-08-21
MTUM,305.17,2026-09-18,27,Call,320.00,-4.86%,2,3.7,4.1,750,140,5.36,27.72%,24.26%,0.259284,2026-08-21
QQQ,713.44,2026-08-25,3,Call,713.00,+0.06%,3.8,3.82,3.89,2773,518,5.35,19.72%,13.65%,0.530924,2026-08-21
SPY,765.72,2026-08-28,6,Call,759.00,+0.88%,9.19,10.03,9.48,3121,585,5.34,12.93%,12.93%,0.714603,2026-08-21
GLD,423.36,2026-09-04,13,Call,470.00,-11.02%,0.52,0.69,0.67,638,120,5.32,25.84%,33.37%,0.053975,2026-08-21
KRE,74.86,2026-09-18,27,Put,72.00,-3.82%,0.43,0.79,2.58,48393,9119,5.31,16.80%,34.60%,-0.314884,2026-08-21
SLV,62.72,2026-08-26,4,Call,63.50,-1.24%,0.71,0.83,0.83,1192,225,5.3,44.94%,42.00%,0.401252,2026-08-21
NASA,24.64,2026-09-18,27,Put,20.00,-18.83%,0.1,0.17,0.3,1202,228,5.27,52.91%,63.09%,-0.094081,2026-08-21
QQQ,713.44,2026-08-28,6,Call,714.00,-0.08%,6.6,6.55,6.72,3981,759,5.25,19.72%,18.49%,0.500488,2026-08-21
QQQ,713.44,2026-08-28,6,Put,702.00,-1.60%,3.06,2.8,3.14,1515,290,5.22,19.72%,20.94%,-0.263363,2026-08-21
SPY,765.72,2026-08-27,5,Put,775.00,+1.21%,9.69,10,10.16,2030,389,5.22,12.93%,10.50%,-0.836297,2026-08-21
QQQ,713.44,2026-08-25,3,Call,712.00,+0.20%,4.37,4.39,4.49,4067,784,5.19,19.72%,13.80%,0.575007,2026-08-21
QQQ,713.44,2026-08-27,5,Put,700.00,-1.88%,2,2.02,2.06,2896,561,5.16,19.72%,20.61%,-0.206988,2026-08-21
SPY,765.72,2026-08-25,3,Put,760.00,-0.75%,0.81,0.81,0.82,7653,1485,5.15,12.93%,10.28%,-0.203045,2026-08-21
ETHA,18.24,2026-09-25,34,Call,20.00,-9.65%,0.5,0.66,0.84,3884,759,5.12,56.15%,58.23%,0.340863,2026-08-21
QQQ,713.44,2026-08-24,2,Call,709.00,+0.62%,5.38,5.45,5.52,2252,440,5.12,19.72%,12.10%,0.764721,2026-08-21
IWM,299.96,2028-01-21,517,Put,365.00,+21.68%,64,66.6,69,516,101,5.11,17.56%,19.17%,-0.839291,2026-08-21
IBIT,43.68,2026-09-25,34,Put,43.00,-1.56%,1.73,1.81,1.78,567,111,5.11,42.05%,40.56%,-0.416638,2026-08-21
IBIT,43.68,2026-09-25,34,Call,55.00,-25.92%,0.23,0.23,0.26,2266,445,5.09,42.05%,51.01%,0.083746,2026-08-21
SPY,765.72,2026-08-28,6,Call,766.00,-0.04%,4.67,4.69,4.69,6034,1191,5.07,12.93%,11.87%,0.505106,2026-08-21
VXX,18.95,2026-09-11,20,Put,18.50,-2.37%,0.47,0.58,0.65,661,131,5.05,53.63%,44.53%,-0.382749,2026-08-21
SPY,765.72,2026-09-04,13,Call,791.00,-3.30%,0.25,0.27,0.26,4112,814,5.05,12.93%,9.76%,0.044369,2026-08-21
TQQQ,71.17,2026-08-24,2,Put,70.00,-1.64%,0.38,0.42,0.41,1231,246,5,56.48%,41.27%,-0.286487,2026-08-21
SOXL,120.6,2026-08-24,2,Call,130.00,-7.79%,0.55,0.63,0.73,3023,610,4.96,121.65%,94.64%,0.150653,2026-08-21
ETHA,18.24,2026-10-16,55,Call,26.00,-42.54%,0.21,0.25,0.25,5837,1176,4.96,56.15%,66.71%,0.111619,2026-08-21
DRAM,57.68,2026-08-24,2,Put,57.00,-1.18%,0.33,0.55,0.7,568,115,4.94,66.48%,48.05%,-0.361105,2026-08-21
BITI,19.68,2026-09-18,27,Call,26.00,-32.11%,0.05,0.1,0.1,528,107,4.93,41.88%,61.01%,0.057155,2026-08-21
QQQ,713.44,2026-08-28,6,Call,711.00,+0.34%,8.31,8.31,8.46,4299,875,4.91,19.72%,18.90%,0.569642,2026-08-21
QQQ,713.44,2026-08-24,2,Call,707.00,+0.90%,6.97,7.02,7.12,575,117,4.91,19.72%,11.94%,0.853168,2026-08-21
IBIT,43.68,2026-12-18,118,Call,66.00,-51.10%,0.61,0.66,0.66,1004,205,4.9,42.05%,52.00%,0.113871,2026-08-21
QQQ,713.44,2026-08-25,3,Put,714.00,+0.08%,4.06,4.05,4.11,2132,435,4.9,19.72%,15.05%,-0.514181,2026-08-21
GDX,102.83,2026-09-11,20,Put,100.00,-2.75%,3.05,3.3,3.45,504,103,4.89,50.11%,48.62%,-0.375782,2026-08-21
EFA,108.24,2026-09-11,20,Call,109.00,-0.70%,0,1.02,2,662,136,4.87,16.23%,13.59%,0.410626,2026-08-21
EWH,23.35,2026-09-18,27,Call,24.00,-2.78%,0.2,0.22,0.25,621,128,4.85,24.54%,19.25%,0.298748,2026-08-21
SPY,765.72,2026-09-11,20,Call,752.00,+1.79%,17.71,20.1,20.59,950,196,4.85,12.93%,14.18%,0.727442,2026-08-21
DRAM,57.68,2026-10-02,41,Put,45.00,-21.98%,0.79,0.95,0.98,1985,413,4.81,66.48%,70.66%,-0.11878,2026-08-21
QQQ,713.44,2026-08-26,4,Put,705.00,-1.18%,2.19,2.21,2.23,2662,554,4.81,19.72%,18.54%,-0.261368,2026-08-21
QQQ,713.44,2026-08-25,3,Put,710.00,-0.48%,2.43,2.46,2.5,7455,1569,4.75,19.72%,15.60%,-0.357597,2026-08-21
QQQ,713.44,2026-08-27,5,Call,711.00,+0.34%,7.31,7.25,7.43,1160,244,4.75,19.72%,17.72%,0.578097,2026-08-21
IBIT,43.68,2026-09-25,34,Call,41.00,+6.14%,3.85,3.85,4,5278,1114,4.74,42.05%,43.51%,0.715418,2026-08-21
QQQ,713.44,2026-08-27,5,Put,711.00,-0.34%,4.94,4.99,5.03,1586,338,4.69,19.72%,18.80%,-0.427337,2026-08-21
GLD,423.36,2026-08-24,2,Call,421.00,+0.56%,3.65,3.9,4.15,786,168,4.68,25.84%,19.97%,0.65506,2026-08-21
GDX,102.83,2026-09-18,27,Call,107.00,-4.06%,4.05,4.05,4.25,3026,647,4.68,50.11%,51.85%,0.423731,2026-08-21
SOXL,120.6,2026-08-24,2,Call,125.00,-3.65%,1.45,1.65,1.7,2170,466,4.66,121.65%,91.40%,0.311022,2026-08-21
TLT,82.05,2026-08-28,6,Call,82.50,-0.55%,0.28,0.28,0.32,65673,14162,4.64,10.96%,11.45%,0.366251,2026-08-21
QQQ,713.44,2026-08-28,6,Call,707.00,+0.90%,10.93,11.32,11.08,1674,361,4.64,19.72%,19.50%,0.65415,2026-08-21
VXX,18.95,2026-08-28,6,Put,19.00,+0.26%,0.4,0.45,0.49,3065,660,4.64,53.63%,43.77%,-0.504219,2026-08-21
QQQ,713.44,2026-08-25,3,Put,715.00,+0.22%,4.52,4.66,4.66,1972,426,4.63,19.72%,14.91%,-0.55586,2026-08-21
QQQ,713.44,2026-08-26,4,Put,711.00,-0.34%,3.94,3.9,4.01,1330,289,4.6,19.72%,17.48%,-0.415946,2026-08-21
QQQ,713.44,2026-08-28,6,Call,709.00,+0.62%,9.59,9.58,9.7,1418,308,4.6,19.72%,19.17%,0.613296,2026-08-21
QQQ,713.44,2026-09-25,34,Call,714.00,-0.08%,17.51,17.61,17.73,509,111,4.59,19.72%,19.35%,0.527235,2026-08-21
SPY,765.72,2026-08-26,4,Put,752.00,-1.79%,0.49,0.51,0.5,913,199,4.59,12.93%,13.54%,-0.096479,2026-08-21
GLD,423.36,2026-09-11,20,Call,500.00,-18.10%,0.24,0.38,0.42,1144,249,4.59,25.84%,35.27%,0.025598,2026-08-21
IWM,299.96,2026-08-24,2,Call,302.50,-0.85%,0.16,0.17,0.18,1354,295,4.59,17.56%,10.47%,0.143242,2026-08-21
SPY,765.72,2026-08-24,2,Call,763.00,+0.36%,3.43,3.47,3.5,4780,1041,4.59,12.93%,7.45%,0.750098,2026-08-21
SPY,765.72,2026-09-04,13,Put,740.00,-3.36%,1.31,1.33,1.32,27570,6001,4.59,12.93%,15.78%,-0.116574,2026-08-21
IGV,103.37,2026-09-18,27,Call,100.00,+3.26%,5.55,5.55,6,20050,4397,4.56,31.82%,33.42%,0.669405,2026-08-21
COPX,94.59,2026-10-16,55,Call,115.00,-21.58%,1.8,1.84,2.15,1509,332,4.55,48.69%,52.23%,0.201905,2026-08-21
QQQ,713.44,2026-08-24,2,Put,701.00,-1.74%,0.26,0.28,0.28,3482,767,4.54,19.72%,16.35%,-0.070314,2026-08-21
SOXX,520.05,2026-09-18,27,Put,430.00,-17.32%,2.35,2.65,3.5,4005,883,4.54,41.23%,53.28%,-0.080579,2026-08-21
IBIT,43.68,2026-11-20,90,Call,53.00,-21.34%,1.3,1.39,1.36,2437,538,4.53,42.05%,46.47%,0.247698,2026-08-21
SPY,765.72,2026-09-04,13,Put,753.00,-1.66%,2.87,2.71,2.89,2741,606,4.52,12.93%,13.68%,-0.243615,2026-08-21
TLT,82.05,2026-08-31,9,Call,81.50,+0.67%,0.86,0.87,0.87,536,119,4.5,10.96%,10.07%,0.679306,2026-08-21
VXX,18.95,2026-09-11,20,Put,20.00,+5.54%,1.42,1.5,1.68,657,147,4.47,53.63%,52.70%,-0.6428,2026-08-21
SPY,765.72,2026-09-11,20,Put,762.00,-0.49%,6.54,6.57,6.58,826,185,4.46,12.93%,12.23%,-0.410796,2026-08-21
IEF,92.82,2026-09-18,27,Call,93.00,-0.19%,0.46,0.47,0.49,30048,6773,4.44,5.65%,4.80%,0.496732,2026-08-21
SPY,765.72,2026-09-25,34,Call,785.00,-2.52%,3.77,3.84,3.8,1165,263,4.43,12.93%,10.78%,0.254416,2026-08-21
EFA,108.24,2026-10-16,55,Call,109.00,-0.70%,1.81,2.33,2.67,866,196,4.42,16.23%,16.05%,0.455239,2026-08-21
SMH,560.42,2026-09-04,13,Put,520.00,-7.21%,3.5,3.8,4.2,983,224,4.39,37.10%,42.02%,-0.159044,2026-08-21
XLP,85.99,2026-12-18,118,Call,86.00,-0.01%,1.71,3.36,6,2000,456,4.39,16.81%,17.76%,0.555706,2026-08-21
DIA,532.22,2026-08-28,6,Call,520.00,+2.30%,12.85,13,13.2,596,136,4.38,12.44%,14.89%,0.895353,2026-08-21
IBIT,43.68,2027-03-19,209,Call,64.00,-46.52%,1.56,1.58,1.66,2294,525,4.37,42.05%,48.11%,0.210545,2026-08-21
SMH,560.42,2026-09-25,34,Put,490.00,-12.57%,3.8,4.89,5.25,951,218,4.36,37.10%,41.07%,-0.123257,2026-08-21
ETHA,18.24,2026-10-16,55,Put,19.00,+4.17%,1.76,2.03,2.21,531,122,4.35,56.15%,56.71%,-0.523212,2026-08-21
QQQ,713.44,2026-08-24,2,Call,722.00,-1.20%,0.19,0.19,0.2,4938,1146,4.31,19.72%,11.00%,0.075126,2026-08-21
TMF,30.5,2026-08-28,6,Call,30.50,0.00%,0.48,0.49,0.52,1328,308,4.31,31.52%,31.95%,0.509167,2026-08-21
QQQ,713.44,2026-08-28,6,Put,682.00,-4.41%,0.7,0.7,0.74,710,167,4.25,19.72%,24.52%,-0.071426,2026-08-21
SLV,62.72,2026-08-28,6,Call,71.00,-13.20%,0.11,0.14,0.14,884,208,4.25,44.94%,60.72%,0.061025,2026-08-21
IBIT,43.68,2026-09-04,13,Call,46.00,-5.31%,0.73,0.75,0.77,1563,368,4.25,42.05%,48.58%,0.306933,2026-08-21
GDX,102.83,2026-09-18,27,Put,102.00,-0.81%,4.95,5.03,5.1,525,124,4.23,50.11%,49.98%,-0.443099,2026-08-21
QQQ,713.44,2026-08-26,4,Put,708.00,-0.76%,2.94,2.88,3.02,1389,330,4.21,19.72%,18.00%,-0.33296,2026-08-21
SMH,560.42,2026-08-28,6,Call,580.00,-3.49%,3.5,3.98,4.65,1455,347,4.19,37.10%,38.25%,0.253478,2026-08-21
GDX,102.83,2026-08-28,6,Put,100.00,-2.75%,1.5,1.58,1.62,3397,813,4.18,50.11%,53.35%,-0.326448,2026-08-21
SOXL,120.6,2026-08-28,6,Put,124.00,+2.82%,8.3,9.88,11.5,583,140,4.16,121.65%,130.06%,-0.532123,2026-08-21
GLD,423.36,2026-08-26,4,Call,440.00,-3.93%,0.62,0.69,0.69,735,177,4.15,25.84%,29.02%,0.10733,2026-08-21
QQQ,713.44,2026-08-24,2,Put,695.00,-2.58%,0.08,0.1,0.09,4141,999,4.15,19.72%,18.01%,-0.023693,2026-08-21
QQQ,713.44,2026-08-25,3,Put,709.00,-0.62%,2.15,2.15,2.2,1975,477,4.14,19.72%,15.83%,-0.323412,2026-08-21
QQQ,713.44,2026-08-25,3,Call,718.00,-0.64%,1.6,1.62,1.65,1947,472,4.13,19.72%,13.01%,0.304472,2026-08-21
XRT,87.71,2026-12-18,118,Call,100.00,-14.01%,0.7,1.04,2,965,234,4.12,29.16%,24.29%,0.209913,2026-08-21
QQQ,713.44,2026-08-25,3,Call,721.00,-1.06%,0.81,0.82,0.87,1494,363,4.12,19.72%,12.69%,0.187527,2026-08-21
SOXL,120.6,2026-08-26,4,Call,140.00,-16.09%,0.85,0.97,1.1,513,125,4.1,121.65%,121.13%,0.133524,2026-08-21
IWM,299.96,2026-08-25,3,Call,301.00,-0.35%,0.85,0.89,0.9,848,207,4.1,17.56%,12.01%,0.384876,2026-08-21
QQQ,713.44,2026-08-25,3,Call,720.00,-0.92%,1.04,1.08,1.08,4581,1120,4.09,19.72%,12.79%,0.22349,2026-08-21
SPY,765.72,2028-12-15,846,Put,810.00,+5.78%,82.62,82.49,83.11,1006,246,4.09,12.93%,17.76%,-0.500111,2026-08-21
SCHD,35.11,2026-08-28,6,Call,33.00,+6.01%,2.05,2.1,2.25,1494,366,4.08,11.49%,28.05%,0.960604,2026-08-21
UVXY,19.4,2026-08-28,6,Call,19.50,-0.52%,0.56,0.6,0.6,1672,410,4.08,79.55%,62.68%,0.493465,2026-08-21
NASA,24.64,2026-09-18,27,Call,30.00,-21.75%,0.15,0.2,0.35,2054,503,4.08,52.91%,59.77%,0.132826,2026-08-21
EEM,67.12,2026-08-28,6,Put,64.50,-3.90%,0.05,0.14,0.17,1404,345,4.07,23.97%,25.24%,-0.104567,2026-08-21
SPY,765.72,2026-08-27,5,Call,766.00,-0.04%,3.82,3.85,3.85,2293,565,4.06,12.93%,10.72%,0.502672,2026-08-21
SPY,765.72,2026-09-01,10,Call,765.00,+0.09%,6.27,6.29,6.3,603,149,4.05,12.93%,11.12%,0.540027,2026-08-21
IWM,299.96,2028-01-21,517,Put,305.00,+1.68%,25.81,27.79,29.55,656,162,4.05,17.56%,21.58%,-0.437215,2026-08-21
IWM,299.96,2026-08-27,5,Put,301.00,+0.35%,2.44,2.39,2.53,582,145,4.01,17.56%,14.08%,-0.573827,2026-08-21
SLV,62.72,2026-10-02,41,Call,70.00,-11.61%,1.7,1.77,1.79,618,154,4.01,44.94%,49.59%,0.290244,2026-08-21
ETHA,18.24,2026-10-16,55,Call,22.00,-20.61%,0.43,0.59,0.8,4875,1215,4.01,56.15%,61.70%,0.261219,2026-08-21
XLU,42.77,2026-09-04,13,Put,43.00,+0.54%,0.46,0.65,0.8,1012,254,3.98,16.08%,15.37%,-0.572878,2026-08-21
SPY,765.72,2026-09-11,20,Call,761.00,+0.62%,12.3,12.38,12.75,1018,256,3.98,12.93%,13.07%,0.60462,2026-08-21
IBIT,43.68,2026-08-31,9,Call,48.00,-9.89%,0.27,0.26,0.3,3217,815,3.95,42.05%,55.24%,0.150667,2026-08-21
IBIT,43.68,2026-08-28,6,Put,40.00,-8.42%,0.13,0.14,0.14,17358,4411,3.94,42.05%,53.72%,-0.093372,2026-08-21
GLD,423.36,2026-08-28,6,Call,421.00,+0.56%,7.05,7.22,7.4,929,236,3.94,25.84%,26.99%,0.577734,2026-08-21
QQQ,713.44,2026-08-24,2,Put,699.00,-2.02%,0.17,0.19,0.19,1725,438,3.94,19.72%,16.84%,-0.048449,2026-08-21
LQD,105.92,2026-08-28,6,Put,106.00,+0.08%,0,0.38,0.49,4671,1189,3.93,6.60%,4.06%,-0.538729,2026-08-21
SPY,765.72,2026-08-31,9,Put,755.00,-1.40%,1.99,2,2.01,22475,5740,3.92,12.93%,12.61%,-0.226146,2026-08-21
TLT,82.05,2026-08-26,4,Call,80.00,+2.50%,2.02,2,2.11,975,249,3.92,10.96%,9.79%,0.993562,2026-08-21
TSLL,9.77,2026-09-04,13,Call,10.50,-7.47%,0.33,0.36,0.38,3211,822,3.91,81.68%,85.57%,0.360346,2026-08-21
QQQ,713.44,2026-08-26,4,Put,700.00,-1.88%,1.31,1.35,1.36,3687,943,3.91,19.72%,19.55%,-0.169679,2026-08-21
SOXL,120.6,2026-08-24,2,Call,120.00,+0.50%,3.5,3.6,4,1370,351,3.9,121.65%,96.56%,0.543126,2026-08-21
QQQ,713.44,2026-08-24,2,Put,705.00,-1.18%,0.6,0.62,0.62,13842,3566,3.88,19.72%,15.47%,-0.144727,2026-08-21
SPY,765.72,2026-08-28,6,Call,500.00,+34.70%,264.08,266.42,267.59,501,129,3.88,12.93%,148.69%,0.990029,2026-08-21
BITX,17.18,2026-10-16,55,Call,20.00,-16.41%,1.11,1.34,1.34,1102,284,3.88,82.96%,81.79%,0.381156,2026-08-21
GDX,102.83,2026-08-28,6,Put,90.00,-12.48%,0.12,0.15,0.17,4817,1244,3.87,50.11%,61.96%,-0.042319,2026-08-21
IBIT,43.68,2026-11-20,90,Call,56.00,-28.21%,0.93,0.95,0.97,738,191,3.86,42.05%,47.69%,0.186488,2026-08-21
SOXL,120.6,2026-08-24,2,Put,115.00,-4.64%,1.3,1.35,1.55,1246,323,3.86,121.65%,102.10%,-0.251641,2026-08-21
TSLL,9.77,2026-09-11,20,Call,9.50,+2.76%,0.85,0.87,0.91,1831,475,3.85,81.68%,80.95%,0.599929,2026-08-21
QQQ,713.44,2026-08-28,6,Put,668.00,-6.37%,0.29,0.32,0.32,814,212,3.84,19.72%,27.86%,-0.030443,2026-08-21
QQQ,713.44,2026-08-25,3,Put,719.00,+0.78%,6.93,6.95,7.41,735,192,3.83,19.72%,15.00%,-0.710087,2026-08-21
GLD,423.36,2026-09-04,13,Call,460.00,-8.65%,0.88,1.04,1.03,543,142,3.82,25.84%,31.02%,0.08585,2026-08-21
DIA,532.22,2026-08-28,6,Put,532.00,-0.04%,2.94,3.07,3.1,710,187,3.8,12.44%,11.96%,-0.475055,2026-08-21
EWZ,35.06,2026-09-11,20,Call,36.00,-2.68%,0.25,0.55,0.7,3979,1047,3.8,30.87%,27.31%,0.333366,2026-08-21
SPY,765.72,2026-08-25,3,Put,762.00,-0.49%,1.19,1.19,1.2,5007,1317,3.8,12.93%,9.78%,-0.282446,2026-08-21
SPY,765.72,2026-09-11,20,Call,757.00,+1.14%,14.4,15.6,16.29,1072,287,3.74,12.93%,13.57%,0.663715,2026-08-21
QQQ,713.44,2026-08-28,6,Put,687.00,-3.71%,1.01,0.96,1.05,1475,396,3.72,19.72%,23.54%,-0.099821,2026-08-21
USO,134.64,2026-08-28,6,Put,120.00,-10.87%,0.18,0.23,0.22,3430,923,3.72,46.13%,55.62%,-0.048707,2026-08-21
IWM,299.96,2026-08-28,6,Call,303.00,-1.01%,1.15,1.28,1.19,1942,523,3.71,17.56%,15.20%,0.31357,2026-08-21
USO,134.64,2026-08-28,6,Call,136.00,-1.01%,2.75,2.85,3,2102,567,3.71,46.13%,50.26%,0.454419,2026-08-21
MSTU,2.73,2026-08-28,6,Call,3.00,-9.89%,0.16,0.16,0.17,6016,1631,3.69,161.80%,190.95%,0.39726,2026-08-21
SPY,765.72,2026-08-27,5,Put,766.00,+0.04%,4.01,4,4.04,979,266,3.68,12.93%,11.21%,-0.499909,2026-08-21
SPY,765.72,2026-09-02,11,Put,756.00,-1.27%,2.78,2.7,2.8,538,147,3.66,12.93%,12.75%,-0.267501,2026-08-21
SMH,560.42,2026-08-28,6,Call,570.00,-1.71%,6.7,7,7.4,2323,639,3.64,37.10%,38.28%,0.378767,2026-08-21
SOXL,120.6,2026-08-26,4,Put,115.00,-4.64%,3.55,3.7,3.9,861,237,3.63,121.65%,124.89%,-0.332977,2026-08-21
SPY,765.72,2026-08-24,2,Call,762.00,+0.49%,4.22,4.28,4.31,2594,715,3.63,12.93%,7.56%,0.815865,2026-08-21
XBI,165.73,2026-08-28,6,Call,170.00,-2.58%,0.97,1.23,1.5,626,173,3.62,32.09%,33.18%,0.286722,2026-08-21
SPY,765.72,2026-08-26,4,Call,770.00,-0.56%,1.41,1.43,1.44,3174,877,3.62,12.93%,9.45%,0.298541,2026-08-21
IBIT,43.68,2026-11-20,90,Put,33.00,-24.45%,0.53,0.54,0.57,10619,2953,3.6,42.05%,49.65%,-0.097603,2026-08-21
SPY,765.72,2026-08-27,5,Call,767.00,-0.17%,3.3,3.29,3.32,693,193,3.59,12.93%,10.58%,0.460693,2026-08-21
SPY,765.72,2026-08-26,4,Call,766.00,-0.04%,3.15,3.17,3.18,2843,793,3.59,12.93%,9.98%,0.499463,2026-08-21
SPY,765.72,2026-08-26,4,Put,762.00,-0.49%,1.96,2.01,1.98,2688,753,3.57,12.93%,11.28%,-0.329977,2026-08-21
EWZ,35.06,2026-09-04,13,Call,35.50,-1.25%,0.4,0.59,0.65,681,192,3.55,30.87%,28.37%,0.404131,2026-08-21
SLV,62.72,2026-10-16,55,Put,63.00,+0.45%,4.4,4.5,4.55,1560,439,3.55,44.94%,46.25%,-0.465086,2026-08-21
QQQ,713.44,2026-09-25,34,Call,770.00,-7.93%,1.35,1.37,1.4,1751,493,3.55,19.72%,17.00%,0.083039,2026-08-21
KORU,20.36,2026-08-28,6,Call,22.50,-10.51%,0.65,0.86,1,1033,292,3.54,149.85%,153.54%,0.342254,2026-08-21
TLT,82.05,2026-08-24,2,Call,82.00,+0.06%,0.23,0.23,0.24,4636,1309,3.54,10.96%,8.42%,0.547577,2026-08-21
QQQ,713.44,2026-08-25,3,Call,717.00,-0.50%,1.95,1.97,2,2127,605,3.52,19.72%,13.13%,0.348373,2026-08-21
SPY,765.72,2026-09-04,13,Call,755.00,+1.40%,14.84,15,15.18,2234,634,3.52,12.93%,14.02%,0.719742,2026-08-21
QQQ,713.44,2026-08-28,6,Call,704.00,+1.32%,12.83,12.98,13.32,712,203,3.51,19.72%,19.64%,0.713207,2026-08-21
QQQ,713.44,2026-08-28,6,Put,662.00,-7.21%,0.21,0.22,0.23,532,152,3.5,19.72%,29.38%,-0.021765,2026-08-21
QQQ,713.44,2026-08-26,4,Call,714.00,-0.08%,4.5,4.53,4.59,884,253,3.49,19.72%,15.76%,0.492911,2026-08-21
IBIT,43.68,2026-09-04,13,Call,45.00,-3.02%,1.02,1.05,1.05,3306,947,3.49,42.05%,47.58%,0.392698,2026-08-21
XLF,57.48,2026-09-25,34,Put,55.00,-4.31%,0.24,0.3,0.52,2635,757,3.48,15.94%,18.75%,-0.201374,2026-08-21
TQQQ,71.17,2026-08-26,4,Put,69.00,-3.05%,0.65,0.72,0.73,653,188,3.47,56.48%,52.84%,-0.276305,2026-08-21
SPY,765.72,2026-08-25,3,Call,772.00,-0.82%,0.34,0.35,0.35,3433,992,3.46,12.93%,7.72%,0.129026,2026-08-21
BUG,40.65,2026-09-18,27,Call,38.00,+6.52%,3,3.08,3.6,665,193,3.45,34.74%,36.43%,0.775534,2026-08-21
QQQ,713.44,2026-08-28,6,Call,722.00,-1.20%,3.06,3.1,3.15,2507,729,3.44,19.72%,17.37%,0.308391,2026-08-21
QQQ,713.44,2026-08-28,6,Call,716.00,-0.36%,5.56,5.47,5.66,1291,376,3.43,19.72%,18.18%,0.452554,2026-08-21
SPY,765.72,2026-08-26,4,Put,761.00,-0.62%,1.7,1.74,1.73,2204,647,3.41,12.93%,11.49%,-0.294084,2026-08-21
XLV,174.62,2027-01-15,146,Call,200.00,-14.53%,0.15,1.19,2.45,3484,1022,3.41,18.17%,17.07%,0.141403,2026-08-21
SPY,765.72,2026-09-11,20,Call,753.00,+1.66%,17.45,18.62,19.78,602,178,3.38,12.93%,14.47%,0.710438,2026-08-21
IWM,299.96,2026-08-24,2,Call,303.00,-1.01%,0.11,0.11,0.12,1536,456,3.37,17.56%,10.59%,0.103017,2026-08-21
GLD,423.36,2026-08-28,6,Put,415.00,-1.97%,2.25,2.31,2.37,2042,606,3.37,25.84%,26.05%,-0.264511,2026-08-21
QQQ,713.44,2026-08-28,6,Call,731.00,-2.46%,0.93,0.96,0.97,2871,854,3.36,19.72%,16.25%,0.128966,2026-08-21
QQQ,713.44,2026-08-26,4,Call,713.00,+0.06%,5.06,5.06,5.14,1193,357,3.34,19.72%,15.93%,0.526565,2026-08-21
TLT,82.05,2026-08-26,4,Call,82.50,-0.55%,0.17,0.18,0.18,3380,1011,3.34,10.96%,10.16%,0.312986,2026-08-21
QQQ,713.44,2026-09-04,13,Call,733.00,-2.74%,2.78,3.03,2.87,2165,655,3.31,19.72%,17.18%,0.217012,2026-08-21
QQQ,713.44,2026-08-27,5,Call,712.00,+0.20%,6.71,6.74,6.83,1183,360,3.29,19.72%,17.58%,0.551737,2026-08-21
QQQ,713.44,2026-08-24,2,Put,698.00,-2.16%,0.14,0.15,0.15,1824,556,3.28,19.72%,17.04%,-0.03975,2026-08-21
SLV,62.72,2026-08-28,6,Call,65.00,-3.64%,0.68,0.7,0.71,23361,7149,3.27,44.94%,48.01%,0.294702,2026-08-21
IWM,299.96,2026-08-27,5,Call,302.00,-0.68%,1.06,1.07,1.1,608,186,3.27,17.56%,13.46%,0.34468,2026-08-21
ETHA,18.24,2026-09-18,27,Call,23.00,-26.10%,0.18,0.19,0.19,20248,6210,3.26,56.15%,67.00%,0.121648,2026-08-21
SLV,62.72,2026-08-26,4,Call,62.50,+0.35%,1.09,1.24,1.24,688,212,3.25,44.94%,39.71%,0.545737,2026-08-21
SPY,765.72,2026-09-11,20,Put,759.00,-0.88%,5.63,5.53,5.65,1046,322,3.25,12.93%,12.62%,-0.361463,2026-08-21
SMH,560.42,2026-08-26,4,Put,550.00,-1.86%,3.9,4.48,5.55,1071,330,3.25,37.10%,39.09%,-0.312923,2026-08-21
QQQ,713.44,2026-08-25,3,Call,725.00,-1.62%,0.27,0.29,0.3,4771,1472,3.24,19.72%,12.32%,0.079343,2026-08-21
SLV,62.72,2026-08-24,2,Call,63.00,-0.45%,0.5,0.52,0.53,5503,1704,3.23,44.94%,34.48%,0.438797,2026-08-21
QQQ,713.44,2026-08-25,3,Put,716.00,+0.36%,5.1,5.1,5.22,965,299,3.23,19.72%,14.87%,-0.596866,2026-08-21
JEPQ,59.84,2026-09-18,27,Call,59.00,+1.40%,0.95,1.15,1.35,2843,880,3.23,12.12%,7.77%,0.79008,2026-08-21
QQQ,713.44,2026-08-26,4,Put,714.00,+0.08%,5.21,5.24,5.29,593,184,3.22,19.72%,17.04%,-0.50781,2026-08-21
USO,134.64,2026-08-26,4,Put,130.00,-3.45%,0.84,0.95,1.04,953,296,3.22,46.13%,47.97%,-0.232521,2026-08-21
TLT,82.05,2026-09-11,20,Put,82.50,+0.55%,1.18,1.28,1.2,1427,445,3.21,10.96%,12.96%,-0.555165,2026-08-21
QQQ,713.44,2026-09-04,13,Call,731.00,-2.46%,3.27,3.29,3.37,3479,1086,3.2,19.72%,17.32%,0.24431,2026-08-21
QQQ,713.44,2026-08-28,6,Put,715.00,+0.22%,7.5,7.55,7.61,7119,2232,3.19,19.72%,18.96%,-0.524485,2026-08-21
EEM,67.12,2026-12-18,118,Call,73.00,-8.76%,1.7,1.74,1.99,901,283,3.18,23.97%,25.16%,0.318416,2026-08-21
SPY,765.72,2026-09-11,20,Put,756.00,-1.27%,4.86,4.8,4.89,1097,345,3.18,12.93%,13.05%,-0.317679,2026-08-21
SOXL,120.6,2026-08-28,6,Call,120.00,+0.50%,7.55,8.05,8.4,1257,395,3.18,121.65%,124.25%,0.545661,2026-08-21
SPY,765.72,2026-08-25,3,Put,761.00,-0.62%,0.98,0.99,0.99,2486,784,3.17,12.93%,10.02%,-0.239742,2026-08-21
TSLL,9.77,2026-09-25,34,Call,10.00,-2.35%,0.75,0.85,0.9,845,269,3.14,81.68%,76.71%,0.512926,2026-08-21
QQQ,713.44,2026-08-25,3,Call,710.00,+0.48%,5.65,5.72,5.77,2399,766,3.13,19.72%,14.02%,0.658221,2026-08-21
VXX,18.95,2026-09-11,20,Call,21.00,-10.82%,0.13,0.37,0.43,661,212,3.12,53.63%,52.20%,0.222603,2026-08-21
QQQ,713.44,2026-08-28,6,Call,710.00,+0.48%,8.94,8.86,9.08,6896,2213,3.12,19.72%,19.05%,0.591684,2026-08-21
QQQ,713.44,2026-08-28,6,Put,678.00,-4.97%,0.54,0.54,0.57,933,301,3.1,19.72%,25.43%,-0.055443,2026-08-21
SLV,62.72,2026-08-28,6,Put,62.00,-1.15%,1.09,1.12,1.16,1495,482,3.1,44.94%,46.14%,-0.407814,2026-08-21
SPY,765.72,2026-08-26,4,Put,764.00,-0.22%,2.59,2.59,2.62,3041,980,3.1,12.93%,10.90%,-0.411292,2026-08-21
IBIT,43.68,2026-08-31,9,Call,46.00,-5.31%,0.56,0.55,0.6,3454,1117,3.09,42.05%,51.38%,0.27758,2026-08-21
SKUU,23.33,2026-09-18,27,Call,25.00,-7.16%,2.75,3,3.1,853,276,3.09,141.51%,141.22%,0.507355,2026-08-21
UVXY,19.4,2026-09-18,27,Put,17.00,-12.37%,0.39,0.42,0.48,834,271,3.08,79.55%,66.57%,-0.202402,2026-08-21
XLF,57.48,2026-08-28,6,Call,58.50,-1.77%,0.04,0.1,0.32,2165,704,3.08,15.94%,18.13%,0.23335,2026-08-21
IBIT,43.68,2026-09-04,13,Call,47.00,-7.60%,0.53,0.54,0.56,985,321,3.07,42.05%,49.89%,0.236552,2026-08-21
TQQQ,71.17,2026-08-28,6,Put,72.50,+1.87%,2.41,2.59,2.97,891,291,3.06,56.48%,53.83%,-0.590032,2026-08-21
QQQ,713.44,2026-08-28,6,Call,712.00,+0.20%,7.71,7.7,7.85,5602,1831,3.06,19.72%,18.75%,0.547063,2026-08-21
IBIT,43.68,2026-11-20,90,Put,39.00,-10.71%,1.61,1.64,1.66,10602,3476,3.05,42.05%,44.26%,-0.254059,2026-08-21
SPY,765.72,2026-09-11,20,Call,763.00,+0.36%,10.81,11.5,11.28,698,229,3.05,12.93%,12.61%,0.573463,2026-08-21
QQQ,713.44,2026-09-25,34,Put,670.00,-6.09%,5.25,5.13,5.35,1887,619,3.05,19.72%,24.34%,-0.17874,2026-08-21
QQQ,713.44,2026-08-25,3,Call,722.00,-1.20%,0.66,0.66,0.68,1214,399,3.04,19.72%,12.69%,0.15672,2026-08-21
SPY,765.72,2026-09-11,20,Call,760.00,+0.75%,13.03,13.2,13.27,1274,419,3.04,12.93%,13.11%,0.620765,2026-08-21
SPY,765.72,2026-08-24,2,Put,772.00,+0.82%,6.36,6.5,6.78,3294,1083,3.04,12.93%,9.78%,-0.871731,2026-08-21
QQQ,713.44,2026-08-24,2,Put,700.00,-1.88%,0.22,0.22,0.23,11179,3691,3.03,19.72%,16.66%,-0.059217,2026-08-21
MSOS,4.96,2026-10-16,55,Call,3.00,+39.52%,1.95,1.95,2.41,1219,402,3.03,60.29%,142.96%,0.883697,2026-08-21
EWJ,95.18,2026-09-18,27,Put,88.00,-7.54%,0.35,0.56,0.55,2000,661,3.03,22.55%,26.51%,-0.127402,2026-08-21
IWM,299.96,2026-08-28,6,Call,307.50,-2.51%,0.24,0.26,0.26,1215,402,3.02,17.56%,14.49%,0.096181,2026-08-21
IBIT,43.68,2026-11-20,90,Put,41.00,-6.14%,2.26,2.31,2.34,14693,4873,3.02,42.05%,43.32%,-0.331028,2026-08-21
GDX,102.83,2026-08-28,6,Call,104.00,-1.14%,2.24,2.35,2.46,41601,13766,3.02,50.11%,54.29%,0.452559,2026-08-21
SOXL,120.6,2026-08-24,2,Call,135.00,-11.94%,0.21,0.23,0.27,1789,594,3.01,121.65%,97.95%,0.064665,2026-08-21
SPY,765.72,2026-08-24,2,Put,755.00,-1.40%,0.1,0.11,0.11,12317,4119,2.99,12.93%,11.09%,-0.041083,2026-08-21
GLD,423.36,2026-08-24,2,Put,413.00,-2.45%,0.12,0.18,0.18,966,323,2.99,25.84%,21.03%,-0.053546,2026-08-21
QQQ,713.44,2026-08-26,4,Put,713.00,-0.06%,4.74,4.69,4.83,1019,342,2.98,19.72%,17.16%,-0.476447,2026-08-21
ETHA,18.24,2026-12-18,118,Call,26.00,-42.54%,0.61,0.7,0.86,2952,992,2.98,56.15%,64.25%,0.225513,2026-08-21
SPY,765.72,2026-09-01,10,Call,790.00,-3.17%,0.1,0.13,0.11,513,173,2.97,12.93%,9.27%,0.023908,2026-08-21
SPY,765.72,2026-09-11,20,Put,761.00,-0.62%,6.22,6.28,6.26,1391,469,2.97,12.93%,12.36%,-0.393782,2026-08-21
GLD,423.36,2026-08-24,2,Call,422.00,+0.32%,3.1,3.25,3.5,1465,495,2.96,25.84%,20.13%,0.593581,2026-08-21
TLT,82.05,2026-09-02,11,Call,82.50,-0.55%,0.35,0.36,0.36,1892,640,2.96,10.96%,9.31%,0.385438,2026-08-21
QQQ,713.44,2026-08-28,6,Put,711.00,-0.34%,5.75,5.71,5.86,1987,671,2.96,19.72%,19.51%,-0.433772,2026-08-21
QQQ,713.44,2026-11-20,90,Put,710.00,-0.48%,26.29,26.15,26.57,5367,1812,2.96,19.72%,21.74%,-0.438427,2026-08-21
QQQ,713.44,2026-08-24,2,Call,705.00,+1.18%,8.4,8.69,9.03,519,176,2.95,19.72%,10.61%,0.938449,2026-08-21
SPY,765.72,2026-09-18,27,Call,450.00,+41.23%,315.08,316.83,318.59,702,238,2.95,12.93%,83.56%,0.992406,2026-08-21
SPY,765.72,2026-08-25,3,Put,773.00,+0.95%,6.92,7.19,7.89,890,302,2.95,12.93%,7.72%,-0.918756,2026-08-21
DIA,532.22,2027-12-17,482,Put,400.00,-24.84%,4,7.05,9,1000,341,2.93,12.44%,23.60%,-0.088111,2026-08-21
QQQ,713.44,2027-09-17,391,Put,535.00,-25.01%,15.06,15.41,15.63,2004,685,2.93,19.72%,30.68%,-0.120458,2026-08-21
SPY,765.72,2026-09-11,20,Call,767.00,-0.17%,8.58,8.83,8.62,1003,344,2.92,12.93%,12.13%,0.502901,2026-08-21
TQQQ,71.17,2026-08-24,2,Call,70.00,+1.64%,1.42,1.54,1.67,874,300,2.91,56.48%,39.38%,0.722432,2026-08-21
SPY,765.72,2026-09-11,20,Put,758.00,-1.01%,5.36,5.19,5.39,1347,463,2.91,12.93%,12.77%,-0.346377,2026-08-21
VXX,18.95,2026-08-28,6,Put,18.50,-2.37%,0.17,0.18,0.19,2174,750,2.9,53.63%,38.10%,-0.299092,2026-08-21
QQQ,713.44,2026-08-26,4,Call,727.00,-1.90%,0.54,0.57,0.58,770,266,2.89,19.72%,14.27%,0.109541,2026-08-21
SNXX,15.01,2026-08-28,6,Call,17.00,-13.26%,0.5,0.55,0.6,3994,1394,2.87,155.16%,160.38%,0.308602,2026-08-21
SPY,765.72,2026-08-25,3,Call,771.00,-0.69%,0.48,0.5,0.49,4830,1690,2.86,12.93%,7.68%,0.170626,2026-08-21
TLT,82.05,2026-09-11,20,Put,78.50,-4.33%,0.08,0.1,0.09,3082,1078,2.86,10.96%,13.46%,-0.072929,2026-08-21
ASTX,14.03,2026-09-18,27,Put,12.00,-14.47%,1.05,1.3,1.4,1062,372,2.85,157.13%,149.90%,-0.276657,2026-08-21
IBIT,43.68,2026-09-25,34,Call,50.00,-14.47%,0.59,0.61,0.62,5472,1921,2.85,42.05%,45.80%,0.191523,2026-08-21
QQQ,713.44,2026-08-27,5,Call,730.00,-2.32%,0.62,0.61,0.65,1654,582,2.84,19.72%,15.24%,0.105098,2026-08-21
TLT,82.05,2026-09-11,20,Call,81.00,+1.28%,1.39,1.38,1.4,1948,686,2.84,10.96%,8.88%,0.753147,2026-08-21
GDX,102.83,2026-10-16,55,Put,100.00,-2.75%,6,6.1,6.2,537,190,2.83,50.11%,48.87%,-0.395594,2026-08-21
SPY,765.72,2026-08-25,3,Put,756.00,-1.27%,0.39,0.4,0.4,1816,641,2.83,12.93%,11.42%,-0.103996,2026-08-21
SPY,765.72,2026-08-25,3,Put,768.00,+0.30%,3.55,3.6,3.69,1982,700,2.83,12.93%,8.66%,-0.639579,2026-08-21
IWM,299.96,2026-08-24,2,Call,302.00,-0.68%,0.25,0.26,0.26,3956,1401,2.82,17.56%,10.49%,0.197513,2026-08-21
QQQ,713.44,2026-08-31,9,Put,704.00,-1.32%,4.31,3.87,4.4,573,204,2.81,19.72%,18.95%,-0.313648,2026-08-21
URA,46.07,2026-09-18,27,Call,35.00,+24.03%,10.7,11.3,12.5,908,323,2.81,42.83%,80.99%,0.914651,2026-08-21
SOXL,120.6,2026-09-04,13,Put,71.00,-41.13%,0.26,0.51,0.63,1199,427,2.81,121.65%,160.43%,-0.028377,2026-08-21
QQQ,713.44,2026-08-28,6,Call,722.50,-1.27%,2.88,2.86,2.98,563,201,2.8,19.72%,17.29%,0.296576,2026-08-21
QQQ,713.44,2026-08-25,3,Put,706.00,-1.04%,1.44,1.46,1.5,1098,392,2.8,19.72%,16.48%,-0.234275,2026-08-21
IWM,299.96,2026-08-24,2,Put,301.00,+0.35%,1.52,1.57,1.62,1337,477,2.8,17.56%,11.14%,-0.657151,2026-08-21
QQQ,713.44,2026-08-27,5,Call,722.00,-1.20%,2.25,2.29,2.31,500,180,2.78,19.72%,16.22%,0.2758,2026-08-21
VIXY,18.21,2026-09-18,27,Call,22.00,-20.81%,0.3,0.31,0.35,543,195,2.78,55.01%,69.70%,0.187122,2026-08-21
QQQ,713.44,2026-08-24,2,Put,716.00,+0.36%,4.18,4.23,4.27,5562,1999,2.78,19.72%,13.42%,-0.634585,2026-08-21
IWM,299.96,2026-08-24,2,Call,301.00,-0.35%,0.51,0.52,0.53,5023,1811,2.77,17.56%,10.54%,0.336736,2026-08-21
GDX,102.83,2026-08-28,6,Put,98.00,-4.70%,0.94,0.96,0.98,504,182,2.77,50.11%,53.30%,-0.22785,2026-08-21
SPY,765.72,2026-09-04,13,Call,754.00,+1.53%,15.63,16.13,17.08,903,326,2.77,12.93%,15.33%,0.719241,2026-08-21
QQQ,713.44,2026-08-27,5,Put,695.00,-2.58%,1.31,1.25,1.36,1092,394,2.77,19.72%,21.57%,-0.14317,2026-08-21
SPY,765.72,2026-08-26,4,Call,769.00,-0.43%,1.77,1.76,1.79,2211,805,2.75,12.93%,9.57%,0.347561,2026-08-21
SOXL,120.6,2026-08-28,6,Call,135.00,-11.94%,2.74,2.9,3.05,2738,994,2.75,121.65%,124.60%,0.266798,2026-08-21
GDX,102.83,2026-08-28,6,Put,94.00,-8.59%,0.32,0.39,0.42,542,198,2.74,50.11%,56.83%,-0.100945,2026-08-21
SQQQ,39.02,2026-08-28,6,Put,39.00,-0.05%,1.01,1.07,1.1,944,345,2.74,59.77%,53.91%,-0.480504,2026-08-21
URNM,58.19,2028-01-21,517,Call,120.00,-106.22%,2.35,3.1,3.8,502,184,2.73,41.86%,49.89%,0.204557,2026-08-21
ETHA,18.24,2026-10-02,41,Put,17.00,-6.80%,0.57,0.76,0.95,1117,410,2.72,56.15%,55.80%,-0.312594,2026-08-21
TQQQ,71.17,2026-08-24,2,Put,68.00,-4.45%,0.09,0.1,0.13,567,210,2.7,56.48%,47.37%,-0.093067,2026-08-21
TSLL,9.77,2026-09-25,34,Call,9.50,+2.76%,1.01,1.1,1.13,855,317,2.7,81.68%,77.95%,0.599207,2026-08-21
SMH,560.42,2026-09-04,13,Call,600.00,-7.06%,3.1,3.4,3.85,2234,828,2.7,37.10%,36.39%,0.173409,2026-08-21
SOXL,120.6,2026-08-26,4,Put,110.00,-8.79%,2.09,2.28,2.46,830,309,2.69,121.65%,128.87%,-0.225992,2026-08-21
SPY,765.72,2026-09-11,20,Call,786.00,-2.65%,1.45,1.44,1.47,1330,494,2.69,12.93%,10.23%,0.154309,2026-08-21
IBIT,43.68,2026-09-18,27,Put,43.00,-1.56%,1.53,1.56,1.57,11932,4434,2.69,42.05%,40.80%,-0.414407,2026-08-21
SLV,62.72,2026-08-24,2,Call,65.00,-3.64%,0.13,0.14,0.16,4573,1704,2.68,44.94%,43.95%,0.141151,2026-08-21
MUU,31.57,2026-08-28,6,Call,30.00,+4.97%,2.55,2.92,3.4,690,257,2.68,127.14%,132.68%,0.651165,2026-08-21
IWM,299.96,2026-09-25,34,Put,280.00,-6.65%,1.51,1.49,1.56,976,366,2.67,17.56%,22.46%,-0.141815,2026-08-21
QQQ,713.44,2026-08-27,5,Call,714.00,-0.08%,5.6,5.6,5.7,680,256,2.66,19.72%,17.32%,0.49734,2026-08-21
QQQ,713.44,2026-11-20,90,Call,940.00,-31.76%,0.11,0.12,0.16,1062,399,2.66,19.72%,20.91%,0.005847,2026-08-21
SOXL,120.6,2026-08-26,4,Put,90.00,-25.37%,0.2,0.21,0.35,1305,493,2.65,121.65%,159.25%,-0.032805,2026-08-21
RAM,13.15,2026-09-18,27,Call,14.00,-6.46%,1.35,1.48,1.6,2102,794,2.65,131.30%,126.64%,0.499252,2026-08-21
SPY,765.72,2026-08-24,2,Call,772.00,-0.82%,0.1,0.11,0.11,31351,11852,2.65,12.93%,7.00%,0.061299,2026-08-21
SPY,765.72,2026-08-28,6,Put,766.00,+0.04%,4.66,4.63,4.69,4650,1763,2.64,12.93%,11.96%,-0.497615,2026-08-21
SMH,560.42,2026-09-04,13,Call,590.00,-5.28%,5.25,5.6,5.85,1411,535,2.64,37.10%,36.98%,0.24707,2026-08-21
SPY,765.72,2026-09-04,13,Put,756.00,-1.27%,3.47,3.47,3.49,1631,619,2.63,12.93%,13.21%,-0.288298,2026-08-21
IBIT,43.68,2026-11-20,90,Call,52.00,-19.05%,1.46,1.46,1.52,2313,878,2.63,42.05%,46.05%,0.272028,2026-08-21
IWM,299.96,2026-08-24,2,Call,300.00,-0.01%,0.96,0.96,0.99,9533,3623,2.63,17.56%,10.99%,0.502129,2026-08-21
IBIT,43.68,2026-09-04,13,Put,40.00,-8.42%,0.26,0.29,0.29,885,338,2.62,42.05%,45.38%,-0.139116,2026-08-21
TQQQ,71.17,2026-10-02,41,Call,77.00,-8.19%,2.9,2.99,3.2,1010,386,2.62,56.48%,54.33%,0.375055,2026-08-21
SPY,765.72,2026-09-11,20,Call,772.00,-0.82%,5.93,6.3,5.96,1479,566,2.61,12.93%,11.51%,0.407185,2026-08-21
QQQ,713.44,2026-08-28,6,Put,712.00,-0.20%,6.17,6.2,6.26,2528,970,2.61,19.72%,19.39%,-0.455832,2026-08-21
QQQ,713.44,2026-08-25,3,Call,716.00,-0.36%,2.34,2.39,2.4,6397,2452,2.61,19.72%,13.25%,0.393592,2026-08-21
TQQQ,71.17,2026-08-24,2,Put,69.00,-3.05%,0.19,0.23,0.22,551,212,2.6,56.48%,43.89%,-0.164772,2026-08-21
USO,134.64,2026-08-26,4,Put,120.00,-10.87%,0.1,0.11,0.14,711,273,2.6,46.13%,61.62%,-0.034199,2026-08-21
QQQ,713.44,2026-08-26,4,Put,712.00,-0.20%,4.34,4.33,4.4,1391,536,2.6,19.72%,17.34%,-0.445813,2026-08-21
SQQQ,39.02,2026-08-28,6,Call,39.50,-1.23%,0.89,0.93,0.98,2130,820,2.6,59.77%,57.24%,0.451531,2026-08-21
SPY,765.72,2026-09-04,13,Call,758.00,+1.01%,12.5,13.12,12.84,1969,759,2.59,12.93%,13.47%,0.673266,2026-08-21
XLP,85.99,2026-12-18,118,Put,86.00,+0.01%,0.5,3.09,5.4,2000,771,2.59,16.81%,16.89%,-0.454473,2026-08-21
SPY,765.72,2026-08-28,6,Call,765.00,+0.09%,5.24,5.26,5.27,6850,2666,2.57,12.93%,12.02%,0.538863,2026-08-21
QQQ,713.44,2026-08-26,4,Call,712.00,+0.20%,5.62,5.66,5.75,839,327,2.57,19.72%,16.10%,0.559386,2026-08-21
SLV,62.72,2026-10-02,41,Call,100.00,-59.44%,0.13,0.19,0.19,543,212,2.56,44.94%,69.35%,0.030564,2026-08-21
SPY,765.72,2026-08-27,5,Put,755.00,-1.40%,1.1,1.13,1.12,931,363,2.56,12.93%,13.22%,-0.173373,2026-08-21
ETHA,18.24,2026-08-28,6,Call,20.00,-9.65%,0.15,0.15,0.16,16713,6525,2.56,56.15%,72.97%,0.17578,2026-08-21
QQQ,713.44,2026-08-28,6,Call,725.00,-1.62%,2.15,2.17,2.21,7346,2878,2.55,19.72%,16.96%,0.240809,2026-08-21
SPY,765.72,2026-08-27,5,Call,768.00,-0.30%,2.81,2.82,2.84,882,347,2.54,12.93%,10.44%,0.418071,2026-08-21
UNG,9.99,2026-08-26,4,Put,10.00,+0.10%,0.09,0.11,0.18,977,386,2.53,35.27%,31.56%,-0.501704,2026-08-21
SPY,765.72,2026-08-26,4,Put,774.00,+1.08%,8.67,8.34,9.01,777,308,2.52,12.93%,10.32%,-0.840315,2026-08-21
SPY,765.72,2026-09-04,13,Put,754.00,-1.53%,3.05,3.09,3.08,2838,1125,2.52,12.93%,13.52%,-0.257701,2026-08-21
QQQ,713.44,2026-08-28,6,Call,739.00,-3.58%,0.22,0.23,0.25,870,347,2.51,19.72%,15.48%,0.041205,2026-08-21
QQQ,713.44,2026-08-28,6,Put,691.00,-3.15%,1.34,1.29,1.4,956,381,2.51,19.72%,22.75%,-0.129856,2026-08-21
QQQ,713.44,2026-08-28,6,Call,708.00,+0.76%,10.25,10.24,10.4,1900,756,2.51,19.72%,19.36%,0.633894,2026-08-21
IBIT,43.68,2026-10-16,55,Call,51.00,-16.76%,0.9,0.88,0.95,1461,585,2.5,42.05%,45.61%,0.2251,2026-08-21
BITO,10.41,2026-08-28,6,Call,10.50,-0.86%,0.23,0.24,0.24,1628,651,2.5,43.31%,51.42%,0.464709,2026-08-21
SPY,765.72,2026-09-04,13,Call,766.00,-0.04%,7.22,7.25,7.25,1392,559,2.49,12.93%,12.15%,0.51491,2026-08-21
WEAT,25.41,2027-01-15,146,Put,25.00,-1.61%,1.25,1.3,1.3,1443,579,2.49,27.48%,25.58%,-0.402213,2026-08-21
SPY,765.72,2026-08-28,6,Put,762.00,-0.49%,3.15,3.14,3.17,3317,1333,2.49,12.93%,12.58%,-0.369435,2026-08-21
XLE,63.64,2026-08-24,2,Call,64.00,-0.57%,0.04,0.22,0.3,1100,444,2.48,24.77%,16.74%,0.329978,2026-08-21
EFA,108.24,2026-08-28,6,Call,108.00,+0.22%,0,0.85,3,2097,847,2.48,16.23%,25.12%,0.531312,2026-08-21
TLT,82.05,2026-08-31,9,Put,82.50,+0.55%,0.74,0.8,0.76,1924,779,2.47,10.96%,10.03%,-0.625229,2026-08-21
QQQ,713.44,2026-08-25,3,Call,719.00,-0.78%,1.29,1.28,1.35,1178,478,2.46,19.72%,12.90%,0.262585,2026-08-21
SPY,765.72,2026-09-02,11,Put,765.00,-0.09%,5.43,5.45,5.46,527,215,2.45,12.93%,11.43%,-0.464482,2026-08-21
SLV,62.72,2026-08-24,2,Call,65.50,-4.43%,0.08,0.13,0.13,827,338,2.45,44.94%,45.84%,0.104668,2026-08-21
SPY,765.72,2026-09-11,20,Put,780.00,+1.86%,14.99,15.46,17.35,1097,447,2.45,12.93%,10.61%,-0.764915,2026-08-21
SPY,765.72,2026-08-25,3,Put,775.00,+1.21%,8.74,8.94,9.78,1550,633,2.45,12.93%,7.41%,-0.979253,2026-08-21
IWM,299.96,2026-08-27,5,Call,300.00,-0.01%,1.99,1.98,2.05,705,289,2.44,17.56%,14.18%,0.508703,2026-08-21
TSLL,9.77,2026-09-04,13,Call,9.50,+2.76%,0.73,0.77,0.78,4604,1885,2.44,81.68%,83.33%,0.604529,2026-08-21
USO,134.64,2026-08-28,6,Call,160.00,-18.84%,0.06,0.12,0.23,1351,557,2.43,46.13%,70.45%,0.031529,2026-08-21
IBIT,43.68,2026-08-31,9,Call,49.00,-12.18%,0.2,0.18,0.23,1459,602,2.42,42.05%,58.23%,0.114756,2026-08-21
KORU,20.36,2026-08-28,6,Put,20.00,-1.77%,1.35,1.5,1.55,1855,765,2.42,149.85%,158.10%,-0.423956,2026-08-21
IBIT,43.68,2026-10-02,41,Call,46.00,-5.31%,1.62,1.58,1.69,796,330,2.41,42.05%,43.19%,0.398809,2026-08-21
SILJ,31.93,2026-08-28,6,Call,35.00,-9.61%,0,0.2,0.27,503,210,2.4,58.67%,58.37%,0.118739,2026-08-21
QQQ,713.44,2026-08-28,6,Put,696.00,-2.44%,1.96,1.97,2.03,683,284,2.4,19.72%,21.92%,-0.180924,2026-08-21
QQQ,713.44,2026-08-25,3,Put,703.00,-1.46%,0.96,0.98,1.01,641,268,2.39,19.72%,17.17%,-0.16591,2026-08-21
IBIT,43.68,2026-10-02,41,Put,40.00,-8.42%,0.86,0.91,0.92,3754,1569,2.39,42.05%,41.59%,-0.233613,2026-08-21
SPY,765.72,2026-08-27,5,Put,746.00,-2.58%,0.39,0.39,0.4,4156,1740,2.39,12.93%,15.10%,-0.066191,2026-08-21
EWT,104.3,2026-09-18,27,Put,90.00,-13.71%,0.3,0.39,0.5,3767,1583,2.38,34.41%,39.78%,-0.075637,2026-08-21
QQQ,713.44,2026-09-30,39,Put,600.00,-15.90%,1.42,1.4,1.45,7953,3337,2.38,19.72%,32.70%,-0.044135,2026-08-21
CBRG,3.52,2026-09-18,27,Put,3.00,-14.77%,0.35,0.35,0.4,612,257,2.38,182.06%,172.39%,-0.280898,2026-08-21
QQQ,713.44,2026-09-03,12,Call,720.00,-0.92%,6.43,6.41,6.55,1812,760,2.38,19.72%,17.55%,0.405838,2026-08-21
QQQ,713.44,2026-10-16,55,Put,705.00,-1.18%,17.81,17.42,18,6760,2864,2.36,19.72%,21.18%,-0.408163,2026-08-21
GLD,423.36,2026-11-20,90,Call,420.00,+0.79%,25.25,25.4,25.75,3169,1343,2.36,25.84%,26.05%,0.579141,2026-08-21
IWM,299.96,2026-08-31,9,Put,299.00,-0.32%,2.26,2.31,2.31,1008,429,2.35,17.56%,15.01%,-0.432503,2026-08-21
IEF,92.82,2026-08-28,6,Call,93.00,-0.19%,0.2,0.2,0.22,1135,484,2.35,5.65%,5.81%,0.419107,2026-08-21
ARKK,86.21,2026-10-16,55,Put,70.00,-18.80%,0.5,0.62,0.72,2025,861,2.35,37.06%,42.91%,-0.086253,2026-08-21
KWEB,26.66,2026-08-28,6,Put,26.50,-0.60%,0.26,0.33,0.42,5388,2307,2.34,27.88%,31.00%,-0.427149,2026-08-21
QQQ,713.44,2026-11-20,90,Call,830.00,-16.34%,1.97,2.06,2.05,504,215,2.34,19.72%,18.91%,0.070247,2026-08-21
QQQ,713.44,2026-09-04,13,Call,710.00,+0.48%,12.64,12.65,12.8,1023,437,2.34,19.72%,19.52%,0.57177,2026-08-21
QQQ,713.44,2026-08-28,6,Put,698.00,-2.16%,2.28,2.14,2.35,1396,597,2.34,19.72%,21.59%,-0.20571,2026-08-21
QQQ,713.44,2026-08-25,3,Put,708.00,-0.76%,1.89,1.9,1.94,1183,508,2.33,19.72%,16.06%,-0.291527,2026-08-21
SPY,765.72,2026-09-04,13,Call,767.00,-0.17%,6.64,6.73,6.67,1275,549,2.32,12.93%,12.00%,0.492018,2026-08-21
GLD,423.36,2026-09-25,34,Call,430.00,-1.57%,11.1,11.4,11.45,646,280,2.31,25.84%,26.42%,0.456274,2026-08-21
IWM,299.96,2026-08-24,2,Put,300.00,+0.01%,0.99,1.03,1.03,6605,2879,2.29,17.56%,11.39%,-0.499266,2026-08-21
GDX,102.83,2026-09-04,13,Put,85.00,-17.34%,0.11,0.18,0.18,619,270,2.29,50.11%,56.63%,-0.032415,2026-08-21
GLD,423.36,2026-08-26,4,Call,435.00,-2.75%,1.11,1.19,1.2,759,331,2.29,25.84%,27.31%,0.178605,2026-08-21
QQQ,713.44,2026-08-31,9,Call,713.00,+0.06%,8.09,8.14,8.23,873,382,2.29,19.72%,17.12%,0.526351,2026-08-21
QQQ,713.44,2026-09-11,20,Call,760.00,-6.53%,0.63,0.67,0.66,3153,1379,2.29,19.72%,16.34%,0.056254,2026-08-21
SPY,765.72,2026-09-04,13,Put,766.00,+0.04%,6.58,6.62,6.62,832,365,2.28,12.93%,11.76%,-0.489207,2026-08-21
GDX,102.83,2028-01-21,517,Call,220.00,-113.95%,2.9,4.68,5.65,1528,670,2.28,50.11%,47.99%,0.172236,2026-08-21
SPY,765.72,2026-08-26,4,Call,771.00,-0.69%,1.12,1.13,1.14,1679,735,2.28,12.93%,9.36%,0.252715,2026-08-21
XLF,57.48,2026-09-04,13,Call,58.00,-0.90%,0.18,0.42,0.5,719,317,2.27,15.94%,12.49%,0.369482,2026-08-21
SPY,765.72,2026-09-25,34,Call,800.00,-4.48%,1.05,1.08,1.07,1353,596,2.27,12.93%,10.21%,0.095775,2026-08-21
TLT,82.05,2026-08-26,4,Put,82.50,+0.55%,0.62,0.65,0.63,2083,917,2.27,10.96%,10.71%,-0.680837,2026-08-21
IBIT,43.68,2026-12-18,118,Call,56.00,-28.21%,1.35,1.36,1.42,756,334,2.26,42.05%,47.43%,0.229498,2026-08-21
SLV,62.72,2027-06-17,299,Call,68.00,-8.42%,8.8,8.95,9,3627,1604,2.26,44.94%,45.02%,0.534099,2026-08-21
SPY,765.72,2026-08-24,2,Put,771.00,+0.69%,5.43,5.53,5.64,4655,2063,2.26,12.93%,8.40%,-0.866741,2026-08-21
IBIT,43.68,2026-12-18,118,Call,69.00,-57.97%,0.5,0.54,0.55,1000,445,2.25,42.05%,53.48%,0.094993,2026-08-21
GLD,423.36,2026-08-28,6,Put,400.00,-5.52%,0.32,0.35,0.44,2554,1136,2.25,25.84%,28.56%,-0.056664,2026-08-21
QQQ,713.44,2026-08-26,4,Put,715.00,+0.22%,5.72,5.8,5.78,942,421,2.24,19.72%,16.94%,-0.539589,2026-08-21
QQQ,713.44,2026-08-26,4,Call,730.00,-2.32%,0.27,0.28,0.29,3249,1459,2.23,19.72%,13.98%,0.062215,2026-08-21
SPY,765.72,2026-08-25,3,Call,775.00,-1.21%,0.1,0.1,0.11,4001,1793,2.23,12.93%,7.78%,0.047099,2026-08-21
QQQ,713.44,2026-08-25,3,Put,705.00,-1.18%,1.27,1.24,1.32,5626,2522,2.23,19.72%,16.75%,-0.209839,2026-08-21
QQQ,713.44,2026-08-26,4,Call,720.00,-0.92%,2.02,2.06,2.06,4200,1894,2.22,19.72%,15.06%,0.291147,2026-08-21
QQQ,713.44,2026-08-26,4,Call,716.00,-0.36%,3.54,3.54,3.63,861,388,2.22,19.72%,15.57%,0.424735,2026-08-21
DRAM,57.68,2026-09-25,34,Call,65.00,-12.69%,1.94,2.3,2.35,2240,1012,2.21,66.48%,65.98%,0.316397,2026-08-21
GLD,423.36,2026-08-26,4,Call,420.00,+0.79%,6.05,6.22,6.4,979,448,2.19,25.84%,24.02%,0.63506,2026-08-21
DRAM,57.68,2026-08-28,6,Call,64.00,-10.96%,0.32,0.35,0.4,2398,1094,2.19,66.48%,71.45%,0.13927,2026-08-21
SPY,765.72,2026-08-25,3,Call,765.00,+0.09%,2.77,2.82,2.82,5099,2329,2.19,12.93%,8.39%,0.562293,2026-08-21
QQQ,713.44,2026-08-28,6,Put,667.00,-6.51%,0.28,0.28,0.3,1008,462,2.18,19.72%,28.14%,-0.028869,2026-08-21
FXI,35.86,2026-08-28,6,Put,35.50,-1.00%,0.23,0.25,0.32,1154,530,2.18,21.60%,23.94%,-0.360775,2026-08-21
GLD,423.36,2026-09-11,20,Put,400.00,-5.52%,2.06,2.06,2.18,1346,621,2.17,25.84%,25.51%,-0.156191,2026-08-21
SPY,765.72,2026-09-01,10,Put,750.00,-2.05%,1.53,1.55,1.55,878,407,2.16,12.93%,13.55%,-0.16702,2026-08-21
DOJE,7.86,2026-12-18,118,Call,11.00,-39.95%,0.2,0.6,0.6,526,245,2.15,66.01%,68.16%,0.260625,2026-08-21
SPY,765.72,2026-09-11,20,Call,764.00,+0.22%,10.28,10.89,10.54,818,380,2.15,12.93%,12.49%,0.556413,2026-08-21
SPY,765.72,2026-08-26,4,Put,767.00,+0.17%,3.84,3.89,3.92,1465,683,2.14,12.93%,10.34%,-0.551339,2026-08-21
SPY,765.72,2026-08-25,3,Call,763.00,+0.36%,4.07,4.18,4.23,663,311,2.13,12.93%,8.82%,0.68335,2026-08-21
ARKK,86.21,2026-09-18,27,Call,93.00,-7.88%,0.96,1.05,1.12,4057,1903,2.13,37.06%,34.43%,0.231395,2026-08-21
TSLL,9.77,2026-08-28,6,Call,10.00,-2.35%,0.32,0.34,0.36,15262,7189,2.12,81.68%,87.70%,0.442183,2026-08-21
QQQ,713.44,2026-08-31,9,Call,732.00,-2.60%,1.26,1.32,1.33,1204,571,2.11,19.72%,15.09%,0.14954,2026-08-21
IBIT,43.68,2026-08-31,9,Put,40.00,-8.42%,0.17,0.2,0.2,1895,899,2.11,42.05%,48.04%,-0.112118,2026-08-21
QQQ,713.44,2026-08-28,6,Put,722.00,+1.20%,11.5,11.44,11.65,704,336,2.1,19.72%,18.14%,-0.687342,2026-08-21
SPY,765.72,2027-12-17,482,Put,850.00,+11.01%,90,92.13,94.75,1622,771,2.1,12.93%,15.09%,-0.723026,2026-08-21
SPY,765.72,2026-09-11,20,Call,766.00,-0.04%,9.18,9.14,9.21,822,394,2.09,12.93%,12.26%,0.521108,2026-08-21
TMF,30.5,2026-08-28,6,Call,31.00,-1.64%,0.28,0.29,0.31,1044,499,2.09,31.52%,32.11%,0.354995,2026-08-21
IWM,299.96,2026-08-24,2,Put,296.00,-1.32%,0.14,0.16,0.16,2343,1121,2.09,17.56%,14.21%,-0.099999,2026-08-21
SPY,765.72,2026-09-03,12,Put,760.00,-0.75%,4.08,4.11,4.11,754,363,2.08,12.93%,12.32%,-0.352012,2026-08-21
SPY,765.72,2026-09-04,13,Call,759.00,+0.88%,11.74,12.35,12.47,1432,687,2.08,12.93%,13.64%,0.652677,2026-08-21
SPY,765.72,2026-08-25,3,Call,769.00,-0.43%,0.95,0.97,0.97,3174,1529,2.08,12.93%,7.82%,0.284946,2026-08-21
TQQQ,71.17,2026-09-11,20,Call,85.00,-19.43%,0.09,0.32,0.3,6457,3122,2.07,56.48%,46.73%,0.060503,2026-08-21
TQQQ,71.17,2026-08-24,2,Call,73.00,-2.57%,0.13,0.17,0.16,2060,1001,2.06,56.48%,33.54%,0.158114,2026-08-21
SPY,765.72,2026-09-04,13,Put,725.00,-5.32%,0.59,0.6,0.6,2132,1038,2.05,12.93%,18.36%,-0.052553,2026-08-21
QQQ,713.44,2026-08-24,2,Put,717.00,+0.50%,4.84,4.85,4.97,2892,1410,2.05,19.72%,13.50%,-0.685311,2026-08-21
SPY,765.72,2026-08-28,6,Call,775.00,-1.21%,1.17,1.17,1.19,7149,3508,2.04,12.93%,10.73%,0.201495,2026-08-21
IWM,299.96,2026-08-25,3,Put,295.00,-1.65%,0.24,0.26,0.26,710,350,2.03,17.56%,15.80%,-0.117987,2026-08-21
TQQQ,71.17,2026-08-28,6,Put,66.50,-6.56%,0.57,0.58,0.64,1142,562,2.03,56.48%,62.64%,-0.186188,2026-08-21
QQQ,713.44,2026-09-01,10,Call,711.00,+0.34%,9.92,10.54,10.08,534,264,2.02,19.72%,17.82%,0.56395,2026-08-21
QQQ,713.44,2026-08-25,3,Put,695.00,-2.58%,0.34,0.36,0.36,742,368,2.02,19.72%,19.27%,-0.064039,2026-08-21
SCHD,35.11,2026-09-04,13,Call,35.00,+0.31%,0.35,0.36,0.45,992,490,2.02,11.49%,11.99%,0.582028,2026-08-21
TLT,82.05,2026-09-11,20,Put,79.00,-3.72%,0.11,0.12,0.12,2292,1133,2.02,10.96%,12.96%,-0.096997,2026-08-21
SPY,765.72,2026-08-26,4,Put,766.00,+0.04%,3.39,3.4,3.43,2666,1319,2.02,12.93%,10.53%,-0.502874,2026-08-21
QQQ,713.44,2026-08-28,6,Call,720.00,-0.92%,3.8,3.83,3.88,12932,6440,2.01,19.72%,17.64%,0.355723,2026-08-21
BITX,17.18,2026-09-18,27,Put,15.00,-12.69%,0.59,0.6,0.66,1058,526,2.01,82.96%,84.96%,-0.237956,2026-08-21
SPY,765.72,2026-08-25,3,Put,770.00,+0.56%,4.89,5.1,5.28,1588,791,2.01,12.93%,8.93%,-0.749922,2026-08-21
SPY,765.72,2026-08-25,3,Put,767.00,+0.17%,2.99,3.07,3.08,3292,1636,2.01,12.93%,8.75%,-0.574037,2026-08-21
QQQ,713.44,2026-08-27,5,Put,704.00,-1.32%,2.8,2.75,2.89,802,402,2,19.72%,19.95%,-0.27459,2026-08-21
NVDL,33.29,2026-09-04,13,Call,43.00,-29.17%,0.2,0.31,0.43,1008,505,2,79.33%,102.03%,0.110047,2026-08-21
SPY,765.72,2026-08-25,3,Call,764.00,+0.22%,3.35,3.35,3.45,2639,1320,2,12.93%,8.44%,0.628145,2026-08-21
XOP,189.54,2027-06-17,299,Put,130.00,-31.41%,0,2.57,5,30000,15000,2,31.04%,35.82%,-0.078907,2026-08-21
IWM,299.96,2026-08-25,3,Call,305.00,-1.68%,0.09,0.1,0.1,818,412,1.99,17.56%,12.03%,0.066495,2026-08-21
SPY,765.72,2026-08-26,4,Call,764.00,+0.22%,4.29,4.39,4.4,1009,507,1.99,12.93%,10.27%,0.595677,2026-08-21
IBIT,43.68,2026-09-04,13,Put,39.50,-9.57%,0.2,0.25,0.24,1123,568,1.98,42.05%,46.39%,-0.113882,2026-08-21
SPY,765.72,2026-08-28,6,Call,758.00,+1.01%,9.99,10.54,10.29,2669,1346,1.98,12.93%,13.19%,0.736958,2026-08-21
IWM,299.96,2027-02-19,181,Put,305.00,+1.68%,17.16,17.7,17.67,3500,1771,1.98,17.56%,19.85%,-0.493976,2026-08-21
SPY,765.72,2026-09-18,27,Put,743.00,-2.97%,4.25,4.27,4.27,5725,2898,1.98,12.93%,15.75%,-0.221787,2026-08-21
QQQ,713.44,2026-08-24,2,Put,697.00,-2.30%,0.11,0.11,0.13,1496,758,1.97,19.72%,17.34%,-0.033197,2026-08-21
SPY,765.72,2026-08-26,4,Call,765.00,+0.09%,3.71,3.71,3.75,2616,1325,1.97,12.93%,10.12%,0.548602,2026-08-21
TLT,82.05,2026-09-18,27,Call,70.00,+14.69%,12,11.97,12.15,584,298,1.96,10.96%,21.22%,0.996397,2026-08-21
QQQ,713.44,2026-08-28,6,Put,716.00,+0.36%,7.99,8.05,8.12,1028,525,1.96,19.72%,18.83%,-0.547857,2026-08-21
DRAM,57.68,2026-08-28,6,Put,54.00,-6.38%,0.55,0.65,0.68,1078,550,1.96,66.48%,67.54%,-0.208905,2026-08-21
ETHA,18.24,2026-08-28,6,Put,17.50,-4.06%,0.25,0.26,0.26,1842,941,1.96,56.15%,60.27%,-0.280465,2026-08-21
TLT,82.05,2026-09-04,13,Call,82.50,-0.55%,0.41,0.41,0.43,2129,1093,1.95,10.96%,9.59%,0.400584,2026-08-21
IWM,299.96,2026-08-25,3,Put,297.00,-0.99%,0.48,0.5,0.5,592,305,1.94,17.56%,14.41%,-0.217503,2026-08-21
QQQ,713.44,2026-08-25,3,Put,692.00,-3.01%,0.23,0.24,0.25,669,345,1.94,19.72%,20.08%,-0.044692,2026-08-21
GLD,423.36,2026-09-04,13,Call,435.00,-2.75%,4.4,4.5,4.6,2541,1309,1.94,25.84%,27.79%,0.320476,2026-08-21
TSLL,9.77,2026-08-28,6,Call,9.50,+2.76%,0.56,0.59,0.61,10571,5441,1.94,81.68%,88.00%,0.621768,2026-08-21
SPY,765.72,2026-08-28,6,Call,767.00,-0.17%,4.13,4.15,4.15,6694,3468,1.93,12.93%,11.72%,0.470493,2026-08-21
SIVR,65.9,2026-09-18,27,Call,72.00,-9.26%,1.35,1.58,1.7,543,282,1.93,42.77%,50.45%,0.288746,2026-08-21
SPY,765.72,2026-09-11,20,Put,785.00,+2.52%,19.81,19.73,21.35,1727,895,1.93,12.93%,11.39%,-0.825624,2026-08-21
SPY,765.72,2026-09-11,20,Call,768.00,-0.30%,8.01,8.01,8.04,950,494,1.92,12.93%,12.00%,0.484314,2026-08-21
SPY,765.72,2026-09-04,13,Put,726.00,-5.19%,0.62,0.7,0.63,706,372,1.9,12.93%,18.18%,-0.055279,2026-08-21
IBIT,43.68,2026-09-04,13,Put,39.00,-10.71%,0.16,0.18,0.19,861,452,1.9,42.05%,47.39%,-0.092578,2026-08-21
GLD,423.36,2026-08-26,4,Call,430.00,-1.57%,2.01,2.08,2.13,519,274,1.89,25.84%,25.81%,0.291942,2026-08-21
GLD,423.36,2026-08-26,4,Call,425.00,-0.39%,3.6,3.7,3.75,693,367,1.89,25.84%,24.68%,0.451709,2026-08-21
IWD,257.29,2026-09-18,27,Call,255.00,+0.89%,4,4.9,5.1,1159,612,1.89,11.44%,10.91%,0.642524,2026-08-21
IBIT,43.68,2026-08-31,9,Call,45.00,-3.02%,0.82,0.83,0.85,10959,5793,1.89,42.05%,49.78%,0.370549,2026-08-21
GLD,423.36,2027-03-19,209,Call,510.00,-20.46%,10.4,10.89,11.55,3540,1886,1.88,25.84%,26.72%,0.239792,2026-08-21
HYG,79.61,2026-08-28,6,Call,79.50,+0.14%,0.04,0.26,0.26,9086,4825,1.88,4.10%,1.56%,0.795636,2026-08-21
XLE,63.64,2026-08-28,6,Put,64.00,+0.57%,0.56,0.97,1.25,757,403,1.88,24.77%,22.11%,-0.569732,2026-08-21
QQQ,713.44,2026-08-25,3,Call,723.00,-1.34%,0.5,0.52,0.53,940,506,1.86,19.72%,12.58%,0.127518,2026-08-21
GLD,423.36,2027-01-15,146,Call,450.00,-6.29%,19.2,19.45,19.75,22654,12187,1.86,25.84%,25.89%,0.421989,2026-08-21
QQQ,713.44,2026-08-28,6,Call,728.00,-2.04%,1.43,1.47,1.51,692,376,1.84,19.72%,16.59%,0.18027,2026-08-21
EEM,67.12,2026-09-18,27,Put,67.50,+0.57%,1.78,1.87,1.88,746,406,1.84,23.97%,23.00%,-0.516445,2026-08-21
SPY,765.72,2026-08-26,4,Call,772.00,-0.82%,0.87,0.9,0.89,1806,984,1.84,12.93%,9.27%,0.210105,2026-08-21
IBIT,43.68,2026-08-28,6,Put,41.00,-6.14%,0.22,0.25,0.24,1880,1030,1.83,42.05%,50.19%,-0.152767,2026-08-21
SPY,765.72,2026-08-31,9,Put,753.00,-1.66%,1.67,1.72,1.69,3841,2110,1.82,12.93%,12.93%,-0.193682,2026-08-21
QQQ,713.44,2026-08-28,6,Put,669.00,-6.23%,0.3,0.3,0.34,3195,1751,1.82,19.72%,27.57%,-0.03205,2026-08-21
SPY,765.72,2026-09-02,11,Call,774.00,-1.08%,2.46,2.46,2.49,513,283,1.81,12.93%,10.26%,0.291486,2026-08-21
NVDL,33.29,2026-12-18,118,Call,28.00,+15.89%,8.2,8.88,9.05,602,333,1.81,79.33%,78.12%,0.738837,2026-08-21
SLV,62.72,2026-09-04,13,Put,55.00,-12.31%,0.15,0.15,0.16,879,485,1.81,44.94%,47.03%,-0.062078,2026-08-21
XLU,42.77,2028-12-15,846,Put,35.00,-18.17%,0.07,1.41,3.25,3620,2002,1.81,16.08%,19.33%,-0.198594,2026-08-21
USO,134.64,2026-08-28,6,Call,155.00,-15.12%,0.15,0.21,0.26,1250,693,1.8,46.13%,63.58%,0.046546,2026-08-21
SPY,765.72,2026-09-04,13,Call,757.00,+1.14%,13.29,14.13,14.54,1228,687,1.79,12.93%,14.59%,0.678871,2026-08-21
SPY,765.72,2026-09-11,20,Put,757.00,-1.14%,5.1,5.16,5.14,1249,699,1.79,12.93%,12.91%,-0.331763,2026-08-21
SPY,765.72,2026-08-31,9,Put,767.00,+0.17%,5.63,5.7,5.66,1630,911,1.79,12.93%,10.86%,-0.524311,2026-08-21
SPY,765.72,2026-09-11,20,Put,751.00,-1.92%,3.81,3.79,3.84,618,348,1.78,12.93%,13.76%,-0.254959,2026-08-21
QQQ,713.44,2026-08-28,6,Put,688.00,-3.57%,1.08,1.1,1.12,735,412,1.78,19.72%,23.31%,-0.106295,2026-08-21
ETHA,18.24,2026-09-04,13,Call,18.00,+1.32%,0.87,0.92,0.93,1483,835,1.78,56.15%,55.86%,0.575597,2026-08-21
GDX,102.83,2026-08-28,6,Call,105.00,-2.11%,1.83,1.96,2.1,10315,5789,1.78,50.11%,54.55%,0.399301,2026-08-21
IBIT,43.68,2026-08-24,2,Call,43.00,+1.56%,1.15,1.11,1.18,10516,5948,1.77,42.05%,60.36%,0.647283,2026-08-21
IBIT,43.68,2026-09-02,11,Call,43.00,+1.56%,1.74,1.74,1.87,551,311,1.77,42.05%,47.08%,0.597262,2026-08-21
UVXY,19.4,2026-09-18,27,Call,15.00,+22.68%,4.35,4.48,4.7,605,342,1.77,79.55%,63.45%,0.944356,2026-08-21
XHB,106.5,2026-08-28,6,Put,105.00,-1.41%,0,1.02,1.75,2500,1413,1.77,29.74%,28.26%,-0.336061,2026-08-21
USO,134.64,2026-08-26,4,Call,145.00,-7.69%,0.28,0.37,0.43,506,287,1.76,46.13%,53.95%,0.10074,2026-08-21
QQQ,713.44,2026-08-28,6,Put,673.00,-5.67%,0.39,0.38,0.42,573,326,1.76,19.72%,26.59%,-0.040633,2026-08-21
QQQ,713.44,2026-08-28,6,Call,721.00,-1.06%,3.4,3.46,3.51,1236,704,1.76,19.72%,17.49%,0.331735,2026-08-21
GDX,102.83,2026-08-28,6,Put,99.00,-3.72%,1.2,1.27,1.33,1596,910,1.75,50.11%,54.02%,-0.277516,2026-08-21
IWM,299.96,2026-09-25,34,Put,285.00,-4.99%,2.15,2.15,2.21,1698,969,1.75,17.56%,21.26%,-0.196001,2026-08-21
QQQ,713.44,2026-08-28,6,Put,699.00,-2.02%,2.45,2.39,2.54,1699,972,1.75,19.72%,21.44%,-0.219201,2026-08-21
SPY,765.72,2026-08-24,2,Put,756.00,-1.27%,0.13,0.13,0.14,11105,6370,1.74,12.93%,10.78%,-0.052336,2026-08-21
XLF,57.48,2026-09-04,13,Call,58.50,-1.77%,0.05,0.24,0.47,605,350,1.73,15.94%,14.42%,0.274046,2026-08-21
IBIT,43.68,2026-09-11,20,Put,38.00,-13.00%,0.17,0.19,0.21,1483,857,1.73,42.05%,45.70%,-0.084903,2026-08-21
ARKG,49.45,2026-09-18,27,Call,48.00,+2.93%,3.1,3.36,4.1,1724,1005,1.72,52.89%,51.92%,0.618072,2026-08-21
QQQ,713.44,2026-08-25,3,Put,700.00,-1.88%,0.66,0.65,0.68,3456,2007,1.72,19.72%,17.97%,-0.116983,2026-08-21
QQQ,713.44,2026-09-25,34,Call,715.00,-0.22%,16.94,17,17.15,601,353,1.7,19.72%,19.26%,0.517773,2026-08-21
IBIT,43.68,2026-08-26,4,Call,43.00,+1.56%,1.34,1.27,1.43,971,572,1.7,42.05%,55.16%,0.620784,2026-08-21
SPY,765.72,2026-08-27,5,Put,767.00,+0.17%,4.49,4.51,4.52,658,390,1.69,12.93%,11.09%,-0.540372,2026-08-21
DRAM,57.68,2026-08-24,2,Put,55.00,-4.65%,0.1,0.15,0.16,760,451,1.69,66.48%,54.27%,-0.113432,2026-08-21
SPY,765.72,2026-09-11,20,Call,770.00,-0.56%,6.92,6.99,6.95,1143,675,1.69,12.93%,11.74%,0.446153,2026-08-21
SPY,765.72,2026-08-27,5,Put,750.00,-2.05%,0.62,0.64,0.63,2118,1253,1.69,12.93%,14.28%,-0.102043,2026-08-21
QQQ,713.44,2026-09-18,27,Call,734.00,-2.88%,6.55,6.73,6.71,1365,811,1.68,19.72%,17.95%,0.305565,2026-08-21
ETHA,18.24,2026-09-04,13,Call,20.00,-9.65%,0.28,0.29,0.3,2010,1197,1.68,56.15%,62.97%,0.240438,2026-08-21
SPY,765.72,2026-09-11,20,Call,807.00,-5.39%,0.1,0.12,0.11,1086,649,1.67,12.93%,10.14%,0.016253,2026-08-21
TSLL,9.77,2026-08-28,6,Put,10.00,+2.35%,0.54,0.55,0.59,1222,730,1.67,81.68%,87.80%,-0.558217,2026-08-21
USO,134.64,2026-08-28,6,Call,141.00,-4.72%,1.18,1.44,1.58,1286,769,1.67,46.13%,52.55%,0.260259,2026-08-21
SPY,765.72,2026-12-18,118,Call,590.00,+22.95%,182.52,185.03,186.04,1630,976,1.67,12.93%,31.67%,0.941391,2026-08-21
UVXY,19.4,2026-08-28,6,Call,20.00,-3.09%,0.39,0.42,0.44,1648,986,1.67,79.55%,66.37%,0.378867,2026-08-21
SOXL,120.6,2026-08-24,2,Put,120.00,-0.50%,3.05,3.15,3.3,869,523,1.66,121.65%,97.90%,-0.457258,2026-08-21
DRAM,57.68,2026-08-24,2,Call,60.00,-4.02%,0.15,0.2,0.23,1201,722,1.66,66.48%,52.81%,0.162345,2026-08-21
DIA,532.22,2026-08-28,6,Put,530.00,-0.42%,2.19,2.3,2.3,1827,1098,1.66,12.44%,12.30%,-0.381357,2026-08-21
GLD,423.36,2026-08-24,2,Call,425.00,-0.39%,1.84,1.94,1.97,3191,1925,1.66,25.84%,20.83%,0.408993,2026-08-21
TQQQ,71.17,2026-09-04,13,Put,60.00,-15.69%,0.44,0.46,0.48,9310,5599,1.66,56.48%,73.16%,-0.094382,2026-08-21
IWM,299.96,2026-08-24,2,Put,297.00,-0.99%,0.23,0.25,0.25,4159,2525,1.65,17.56%,13.39%,-0.154167,2026-08-21
SPY,765.72,2026-08-27,5,Call,774.00,-1.08%,0.87,0.89,0.89,652,395,1.65,12.93%,9.81%,0.184349,2026-08-21
TQQQ,71.17,2026-08-28,6,Call,73.50,-3.27%,0.92,1.01,1.02,500,305,1.64,56.48%,51.33%,0.327229,2026-08-21
SPY,765.72,2026-09-11,20,Put,749.00,-2.18%,3.47,3.35,3.5,1094,668,1.64,12.93%,14.06%,-0.233572,2026-08-21
QQQ,713.44,2026-08-28,6,Put,693.00,-2.86%,1.56,1.52,1.62,1260,769,1.64,19.72%,22.40%,-0.148361,2026-08-21
TLT,82.05,2026-08-24,2,Put,82.00,-0.06%,0.2,0.2,0.21,3547,2171,1.63,10.96%,9.62%,-0.459256,2026-08-21
SCHD,35.11,2026-10-16,55,Put,35.00,-0.31%,0.4,0.7,0.8,529,326,1.62,11.49%,13.45%,-0.436818,2026-08-21
QQQ,713.44,2026-08-28,6,Put,706.00,-1.04%,4.07,4.12,4.17,1009,621,1.62,19.72%,20.30%,-0.33235,2026-08-21
SPY,765.72,2026-08-25,3,Put,757.00,-1.14%,0.47,0.47,0.48,1265,782,1.62,12.93%,11.15%,-0.123431,2026-08-21
SLV,62.72,2026-08-26,4,Call,63.00,-0.45%,0.95,0.99,1,1423,880,1.62,44.94%,41.83%,0.471794,2026-08-21
IWM,299.96,2026-09-18,27,Call,302.00,-0.68%,4.57,4.73,4.65,5135,3177,1.62,17.56%,16.27%,0.464974,2026-08-21
QQQ,713.44,2026-08-28,6,Put,710.00,-0.48%,5.38,5.43,5.45,5206,3211,1.62,19.72%,19.63%,-0.412155,2026-08-21
QQQ,713.44,2026-10-16,55,Put,690.00,-3.29%,13.21,13.14,13.36,7305,4527,1.61,19.72%,22.39%,-0.3172,2026-08-21
ETHA,18.24,2026-09-11,20,Put,16.00,-12.28%,0.17,0.19,0.2,984,612,1.61,56.15%,56.37%,-0.141735,2026-08-21
SPY,765.72,2026-08-28,6,Call,754.00,+1.53%,13.2,13.72,13.56,926,580,1.6,12.93%,13.67%,0.819559,2026-08-21
VXX,18.95,2026-08-28,6,Call,19.00,-0.26%,0.37,0.4,0.44,1142,715,1.6,53.63%,43.71%,0.496667,2026-08-21
TQQQ,71.17,2026-09-25,34,Put,63.00,-11.48%,2.15,2.15,2.5,1292,805,1.6,56.48%,68.02%,-0.240194,2026-08-21
TQQQ,71.17,2026-08-26,4,Call,72.00,-1.17%,0.96,1.03,1.09,1540,960,1.6,56.48%,46.48%,0.41846,2026-08-21
SOXL,120.6,2026-08-28,6,Call,130.00,-7.79%,3.95,4.2,4.45,2973,1859,1.6,121.65%,125.27%,0.350721,2026-08-21
QQQ,713.44,2027-03-19,209,Put,640.00,-10.29%,20.31,20.25,20.9,5501,3443,1.6,19.72%,26.03%,-0.230649,2026-08-21
SPY,765.72,2026-08-28,6,Put,765.00,-0.09%,4.23,4.2,4.26,9758,6098,1.6,12.93%,12.10%,-0.463821,2026-08-21
MUU,31.57,2026-08-28,6,Call,32.00,-1.36%,1.85,1.9,2,535,337,1.59,127.14%,130.85%,0.502708,2026-08-21
UNG,9.99,2026-08-26,4,Call,10.00,-0.10%,0.12,0.15,0.2,644,406,1.59,35.27%,39.06%,0.502275,2026-08-21
SPY,765.72,2026-09-04,13,Put,758.00,-1.01%,3.94,3.98,3.97,1795,1126,1.59,12.93%,12.91%,-0.322155,2026-08-21
ETHA,18.24,2026-10-16,55,Put,15.00,-17.76%,0.36,0.39,0.4,2953,1860,1.59,56.15%,58.14%,-0.15831,2026-08-21
SPY,765.72,2026-09-02,11,Put,755.00,-1.40%,2.58,2.63,2.61,707,448,1.58,12.93%,12.92%,-0.250808,2026-08-21
SPY,765.72,2026-08-31,9,Call,766.00,-0.04%,5.27,5.26,5.3,1616,1020,1.58,12.93%,10.78%,0.510465,2026-08-21
XOP,189.54,2026-08-28,6,Call,190.00,-0.24%,1.21,2.97,4.25,525,335,1.57,31.04%,29.91%,0.488428,2026-08-21
SOXL,120.6,2028-01-21,517,Put,21.00,-82.59%,4.8,5.24,7.5,555,353,1.57,121.65%,155.71%,-0.029096,2026-08-21
QQQ,713.44,2026-08-31,9,Call,729.00,-2.18%,1.83,1.82,1.92,671,427,1.57,19.72%,15.37%,0.197912,2026-08-21
GLD,423.36,2026-08-28,6,Call,455.00,-7.47%,0.32,0.33,0.48,1348,860,1.57,25.84%,33.92%,0.052414,2026-08-21
IBIT,43.68,2026-12-18,118,Put,43.00,-1.56%,3.65,3.78,3.8,2465,1568,1.57,42.05%,43.75%,-0.411683,2026-08-21
QQQ,713.44,2026-08-28,6,Call,723.00,-1.34%,2.72,2.79,2.81,888,570,1.56,19.72%,17.21%,0.285003,2026-08-21
LQD,105.92,2026-09-04,13,Call,106.00,-0.08%,0.11,0.4,0.75,973,623,1.56,6.60%,5.38%,0.5027,2026-08-21
SMH,560.42,2026-08-28,6,Put,555.00,-0.97%,8.5,9.03,10.3,1248,801,1.56,37.10%,42.23%,-0.414612,2026-08-21
SPY,765.72,2026-08-25,3,Call,774.00,-1.08%,0.15,0.15,0.16,1415,909,1.56,12.93%,7.71%,0.066291,2026-08-21
TLT,82.05,2026-09-02,11,Put,82.00,-0.06%,0.69,0.72,0.71,1701,1092,1.56,10.96%,13.16%,-0.476118,2026-08-21
SPY,765.72,2026-09-04,13,Call,780.00,-1.86%,1.55,1.55,1.57,3529,2258,1.56,12.93%,10.44%,0.189671,2026-08-21
IBIT,43.68,2026-08-31,9,Call,44.00,-0.73%,1.19,1.12,1.22,8531,5503,1.55,42.05%,48.85%,0.481995,2026-08-21
ETHA,18.24,2026-08-28,6,Call,17.50,+4.06%,0.97,0.98,1.01,22515,14570,1.55,56.15%,58.33%,0.725487,2026-08-21
SPY,765.72,2026-09-11,20,Call,754.00,+1.53%,17.2,18.5,18.82,600,386,1.55,12.93%,14.60%,0.69532,2026-08-21
SPY,765.72,2026-09-11,20,Put,766.00,+0.04%,8.01,8.04,8.05,1161,750,1.55,12.93%,11.72%,-0.484281,2026-08-21
IWM,299.96,2026-08-28,6,Call,300.00,-0.01%,2.52,2.55,2.57,1943,1254,1.55,17.56%,16.30%,0.509799,2026-08-21
SPY,765.72,2026-08-25,3,Put,750.00,-2.05%,0.14,0.15,0.15,2284,1470,1.55,12.93%,13.18%,-0.03921,2026-08-21
SPY,765.72,2026-09-04,13,Call,762.00,+0.49%,9.45,9.76,10.17,924,601,1.54,12.93%,12.82%,0.599844,2026-08-21
NVDL,33.29,2026-08-28,6,Put,33.00,-0.87%,1.65,1.85,1.85,926,601,1.54,79.33%,112.19%,-0.445854,2026-08-21
UVXY,19.4,2026-08-28,6,Put,19.50,+0.52%,0.63,0.68,0.9,1169,760,1.54,79.55%,72.34%,-0.501599,2026-08-21
TQQQ,71.17,2026-08-26,4,Put,70.00,-1.64%,0.94,0.98,1.07,636,417,1.53,56.48%,51.88%,-0.367433,2026-08-21
SPY,765.72,2026-08-26,4,Call,774.00,-1.08%,0.51,0.52,0.53,1424,932,1.53,12.93%,9.18%,0.139357,2026-08-21
ARKK,86.21,2026-08-28,6,Call,86.00,+0.24%,1.65,1.78,1.85,2375,1553,1.53,37.06%,36.71%,0.535078,2026-08-21
SPY,765.72,2026-08-26,4,Put,756.00,-1.27%,0.85,0.88,0.87,746,491,1.52,12.93%,12.64%,-0.160394,2026-08-21
KORU,20.36,2028-01-21,517,Put,20.00,-1.77%,10.5,11.2,11.2,914,600,1.52,149.85%,135.58%,-0.203755,2026-08-21
QQQ,713.44,2026-09-30,39,Put,715.00,+0.22%,18.02,17.87,18.19,1180,776,1.52,19.72%,19.79%,-0.485036,2026-08-21
TQQQ,71.17,2026-08-28,6,Call,71.00,+0.24%,1.99,2.05,2.25,1442,948,1.52,56.48%,55.37%,0.530925,2026-08-21
SPY,765.72,2026-09-11,20,Put,755.00,-1.40%,4.63,4.68,4.66,1454,957,1.52,12.93%,13.20%,-0.30418,2026-08-21
SOXL,120.6,2026-08-24,2,Put,110.00,-8.79%,0.51,0.6,0.65,1534,1011,1.52,121.65%,108.68%,-0.117785,2026-08-21
QQQ,713.44,2026-08-28,6,Put,683.00,-4.27%,0.76,0.75,0.79,815,539,1.51,19.72%,24.33%,-0.076497,2026-08-21
ETHA,18.24,2027-12-17,482,Put,10.00,-45.18%,0.82,1.11,1.37,678,453,1.5,56.15%,67.30%,-0.111002,2026-08-21
QQQ,713.44,2026-09-25,34,Put,675.00,-5.39%,5.96,5.84,6.08,863,577,1.5,19.72%,23.78%,-0.201238,2026-08-21
UVXY,19.4,2026-08-28,6,Call,19.00,+2.06%,0.75,0.82,0.92,1227,820,1.5,79.55%,61.88%,0.621659,2026-08-21
SPY,765.72,2026-09-04,13,Put,757.00,-1.14%,3.69,3.74,3.72,1675,1120,1.5,12.93%,13.05%,-0.304736,2026-08-21
TQQQ,71.17,2026-08-26,4,Call,74.00,-3.98%,0.33,0.38,0.39,602,405,1.49,56.48%,43.27%,0.203394,2026-08-21
SLV,62.72,2026-08-26,4,Put,60.00,-4.34%,0.2,0.22,0.24,886,595,1.49,44.94%,42.16%,-0.15035,2026-08-21
EWZ,35.06,2026-08-28,6,Call,35.00,+0.17%,0.37,0.62,0.66,745,505,1.48,30.87%,27.96%,0.516926,2026-08-21
QQQ,713.44,2026-08-26,4,Call,728.00,-2.04%,0.43,0.45,0.47,1322,893,1.48,19.72%,14.18%,0.091818,2026-08-21
IBIT,43.68,2026-08-28,6,Put,40.50,-7.28%,0.16,0.17,0.18,4362,2953,1.48,42.05%,51.38%,-0.117284,2026-08-21
IBIT,43.68,2026-08-24,2,Call,42.00,+3.85%,1.9,1.82,1.96,8742,5939,1.47,42.05%,65.25%,0.799645,2026-08-21
XLF,57.48,2026-08-28,6,Call,57.00,+0.84%,0.5,0.76,0.84,705,480,1.47,15.94%,12.45%,0.711741,2026-08-21
SOXL,120.6,2026-08-28,6,Put,96.50,-19.98%,0.97,1.14,1.26,711,484,1.47,121.65%,144.93%,-0.097543,2026-08-21
SPY,765.72,2026-08-27,5,Put,765.00,-0.09%,3.58,3.57,3.61,1248,851,1.47,12.93%,11.37%,-0.460492,2026-08-21
SPY,765.72,2026-08-28,6,Call,773.00,-0.95%,1.69,1.68,1.71,1817,1237,1.47,12.93%,10.95%,0.262642,2026-08-21
SLV,62.72,2026-09-30,39,Put,50.50,-19.48%,0.26,0.28,0.3,502,345,1.46,44.94%,46.51%,-0.063582,2026-08-21
SPY,765.72,2026-08-31,9,Put,764.00,-0.22%,4.36,4.38,4.39,781,535,1.46,12.93%,11.25%,-0.43404,2026-08-21
XLF,57.48,2026-09-04,13,Put,57.50,+0.03%,0.51,0.57,0.83,785,537,1.46,15.94%,15.77%,-0.489606,2026-08-21
SPY,765.72,2026-08-27,5,Put,751.00,-1.92%,0.69,0.7,0.71,832,570,1.46,12.93%,14.06%,-0.113488,2026-08-21
SPY,765.72,2026-08-27,5,Call,772.00,-0.82%,1.35,1.33,1.37,1069,733,1.46,12.93%,10.00%,0.254451,2026-08-21
TSLL,9.77,2026-09-11,20,Call,10.00,-2.35%,0.63,0.66,0.67,1324,908,1.46,81.68%,81.50%,0.493547,2026-08-21
SLV,62.72,2026-10-16,55,Call,65.00,-3.64%,3.65,3.7,3.7,10223,7012,1.46,44.94%,46.41%,0.469262,2026-08-21
SPY,765.72,2026-08-26,4,Put,758.00,-1.01%,1.12,1.14,1.14,847,585,1.45,12.93%,12.16%,-0.205142,2026-08-21
SPY,765.72,2026-08-26,4,Put,763.00,-0.36%,2.25,2.3,2.28,1519,1045,1.45,12.93%,11.08%,-0.369135,2026-08-21
SOXL,120.6,2026-08-28,6,Call,140.00,-16.09%,2,2.02,2.2,2005,1380,1.45,121.65%,127.64%,0.204359,2026-08-21
GDXJ,132.59,2026-09-18,27,Put,115.00,-13.27%,1.45,1.8,2.1,555,386,1.44,53.05%,56.71%,-0.154899,2026-08-21
SPY,765.72,2026-08-26,4,Put,755.00,-1.40%,0.74,0.75,0.76,1046,726,1.44,12.93%,12.87%,-0.141543,2026-08-21
IBIT,43.68,2026-09-25,34,Put,40.00,-8.42%,0.71,0.71,0.75,5067,3512,1.44,42.05%,41.51%,-0.217132,2026-08-21
SLV,62.72,2026-08-24,2,Call,64.00,-2.04%,0.25,0.25,0.27,5389,3741,1.44,44.94%,38.70%,0.246958,2026-08-21
IBIT,43.68,2026-10-16,55,Call,47.00,-7.60%,1.74,1.74,1.8,11634,8114,1.43,42.05%,43.76%,0.376966,2026-08-21
SPY,765.72,2026-09-25,34,Put,760.00,-0.75%,9.38,9.02,9.42,505,353,1.43,12.93%,13.78%,-0.402322,2026-08-21
IBIT,43.68,2027-03-19,209,Call,51.00,-16.76%,3.7,3.8,3.85,1016,711,1.43,42.05%,45.56%,0.416528,2026-08-21
QQQ,713.44,2026-08-27,5,Call,715.00,-0.22%,5.08,5.12,5.17,1330,930,1.43,19.72%,17.17%,0.469491,2026-08-21
SLV,62.72,2026-08-24,2,Call,62.50,+0.35%,0.7,0.79,0.75,1867,1304,1.43,44.94%,32.55%,0.565992,2026-08-21
IBIT,43.68,2026-12-18,118,Call,68.00,-55.68%,0.53,0.59,0.58,2001,1401,1.43,42.05%,52.91%,0.100367,2026-08-21
SPY,765.72,2026-09-18,27,Call,801.00,-4.61%,0.53,0.61,0.55,3098,2167,1.43,12.93%,10.10%,0.060184,2026-08-21
IWM,299.96,2026-08-25,3,Put,299.00,-0.32%,0.96,1,1.01,958,675,1.42,17.56%,13.27%,-0.386815,2026-08-21
ETHA,18.24,2026-12-18,118,Call,35.00,-91.89%,0.24,0.27,0.27,1799,1268,1.42,56.15%,71.84%,0.086799,2026-08-21
SPY,765.72,2027-03-19,209,Put,650.00,-15.11%,9.77,9.68,9.82,4680,3293,1.42,12.93%,23.27%,-0.13381,2026-08-21
JEPQ,59.84,2026-09-18,27,Put,59.00,-1.40%,0.2,0.65,0.8,3956,2796,1.41,12.12%,14.08%,-0.328238,2026-08-21
SPY,765.72,2026-08-28,6,Put,755.00,-1.40%,1.55,1.56,1.57,7998,5692,1.41,12.93%,13.80%,-0.20371,2026-08-21
QQQ,713.44,2026-08-28,6,Call,718.00,-0.64%,4.62,4.6,4.74,1433,1013,1.41,19.72%,17.92%,0.404132,2026-08-21
IBIT,43.68,2026-11-30,100,Call,43.00,+1.56%,4.5,4.55,4.65,2015,1430,1.41,42.05%,44.35%,0.590609,2026-08-21
TLT,82.05,2026-08-31,9,Call,82.00,+0.06%,0.55,0.56,0.56,2297,1629,1.41,10.96%,9.88%,0.532024,2026-08-21
COPX,94.59,2026-10-16,55,Call,100.00,-5.72%,5.3,5.55,5.6,3144,2233,1.41,48.69%,50.89%,0.43861,2026-08-21
QQQ,713.44,2026-08-25,3,Call,727.00,-1.90%,0.14,0.14,0.17,972,694,1.4,19.72%,12.22%,0.047483,2026-08-21
JEPQ,59.84,2026-11-20,90,Call,61.00,-1.94%,0.55,0.67,0.75,1001,714,1.4,12.12%,7.66%,0.406625,2026-08-21
GDX,102.83,2026-10-16,55,Call,120.00,-16.70%,2.78,2.82,3,1109,794,1.4,50.11%,51.24%,0.258186,2026-08-21
SPY,765.72,2026-08-25,3,Put,755.00,-1.40%,0.33,0.33,0.34,1833,1309,1.4,12.93%,11.74%,-0.088587,2026-08-21
SPY,765.72,2026-09-18,27,Put,764.00,-0.22%,9.48,9.51,9.52,2621,1866,1.4,12.93%,13.22%,-0.451235,2026-08-21
SPY,765.72,2026-08-26,4,Put,760.00,-0.75%,1.48,1.49,1.5,2722,1947,1.4,12.93%,11.70%,-0.261235,2026-08-21
SPY,765.72,2026-08-25,3,Put,758.00,-1.01%,0.56,0.57,0.57,3635,2602,1.4,12.93%,10.84%,-0.145431,2026-08-21
IWM,299.96,2026-08-28,6,Put,294.00,-1.99%,0.76,0.77,0.79,4898,3509,1.4,17.56%,18.67%,-0.193118,2026-08-21
USO,134.64,2026-08-28,6,Call,150.00,-11.41%,0.32,0.41,0.46,5057,3625,1.4,46.13%,59.50%,0.085292,2026-08-21
SPY,765.72,2026-08-28,6,Call,770.00,-0.56%,2.74,2.75,2.76,13528,9649,1.4,12.93%,11.32%,0.364577,2026-08-21
ARKK,86.21,2026-08-28,6,Call,85.00,+1.40%,2.22,2.34,2.67,611,441,1.39,37.06%,39.82%,0.623298,2026-08-21
EWY,178.34,2026-08-28,6,Put,159.00,-10.84%,0,0.38,1.1,707,510,1.39,50.95%,65.29%,-0.078759,2026-08-21
SPY,765.72,2026-09-11,20,Call,771.00,-0.69%,6.41,6.81,6.45,1559,1123,1.39,12.93%,11.63%,0.426756,2026-08-21
SPY,765.72,2026-09-04,13,Call,775.00,-1.21%,2.97,2.98,3,2134,1536,1.39,12.93%,10.97%,0.299848,2026-08-21
BTC,34.08,2026-09-18,27,Call,35.00,-2.70%,1.15,1.25,1.25,612,443,1.38,41.83%,42.21%,0.439882,2026-08-21
IWM,299.96,2026-08-27,5,Call,306.00,-2.01%,0.21,0.22,0.23,954,690,1.38,17.56%,13.07%,0.101584,2026-08-21
SPY,765.72,2026-08-26,4,Call,775.00,-1.21%,0.39,0.38,0.41,1496,1083,1.38,12.93%,9.20%,0.112232,2026-08-21
SPY,765.72,2027-12-17,482,Put,830.00,+8.39%,79.43,79.62,79.71,1628,1182,1.38,12.93%,15.69%,-0.628123,2026-08-21
IWM,299.96,2026-08-24,2,Call,298.00,+0.65%,2.29,2.31,2.39,1888,1371,1.38,17.56%,11.87%,0.778415,2026-08-21
XLU,42.77,2026-08-28,6,Put,42.50,-0.63%,0.1,0.18,0.39,4327,3145,1.38,16.08%,16.54%,-0.382067,2026-08-21
QQQ,713.44,2026-11-20,90,Call,730.00,-2.32%,24.64,24.79,24.93,5059,3706,1.37,19.72%,20.87%,0.464878,2026-08-21
SPY,765.72,2026-08-27,5,Put,764.00,-0.22%,3.19,3.2,3.22,1240,907,1.37,12.93%,11.53%,-0.422401,2026-08-21
QQQ,713.44,2026-08-26,4,Put,680.00,-4.69%,0.2,0.21,0.22,2070,1513,1.37,19.72%,24.59%,-0.029337,2026-08-21
SOXL,120.6,2026-09-04,13,Put,70.00,-41.96%,0.43,0.43,0.45,3287,2402,1.37,121.65%,163.79%,-0.027539,2026-08-21
SOXL,120.6,2026-08-26,4,Put,100.00,-17.08%,0.57,0.74,0.74,650,479,1.36,121.65%,134.50%,-0.080251,2026-08-21
SPY,765.72,2026-09-04,13,Call,769.00,-0.43%,5.56,5.56,5.59,708,520,1.36,12.93%,11.72%,0.444838,2026-08-21
ARKK,86.21,2026-08-28,6,Call,88.00,-2.08%,0.77,0.92,1.15,854,630,1.36,37.06%,37.91%,0.349658,2026-08-21
QQQ,713.44,2026-08-28,6,Put,692.00,-3.01%,1.47,1.48,1.5,1141,838,1.36,19.72%,22.62%,-0.139292,2026-08-21
XLF,57.48,2027-03-19,209,Put,57.00,-0.84%,2.25,2.36,2.45,2971,2182,1.36,15.94%,17.14%,-0.414732,2026-08-21
QQQ,713.44,2026-08-31,9,Put,695.00,-2.58%,2.42,2.34,2.49,5386,3949,1.36,19.72%,20.18%,-0.193561,2026-08-21
IBIT,43.68,2026-09-18,27,Put,42.00,-3.85%,1.11,1.14,1.15,4556,3386,1.35,42.05%,40.70%,-0.333627,2026-08-21
ARKK,86.21,2026-11-20,90,Call,115.00,-33.40%,0.39,0.57,0.62,662,490,1.35,37.06%,36.88%,0.07636,2026-08-21
TQQQ,71.17,2026-08-26,4,Call,73.00,-2.57%,0.6,0.65,0.67,869,644,1.35,56.48%,44.81%,0.305246,2026-08-21
SOXL,120.6,2026-08-28,6,Put,96.00,-20.40%,1.01,1,1.51,979,726,1.35,121.65%,152.80%,-0.102884,2026-08-21
SIL,99.55,2026-09-18,27,Call,110.00,-10.50%,2.65,2.65,2.9,688,512,1.34,55.61%,58.74%,0.298687,2026-08-21
QQQ,713.44,2026-08-28,6,Call,727.00,-1.90%,1.64,1.64,1.72,718,534,1.34,19.72%,16.69%,0.199278,2026-08-21
TQQQ,71.17,2026-09-25,34,Call,85.00,-19.43%,0.73,0.81,0.86,988,738,1.34,56.48%,50.95%,0.148666,2026-08-21
SLV,62.72,2026-11-20,90,Put,63.00,+0.45%,5.65,5.65,5.75,1094,814,1.34,44.94%,46.97%,-0.449874,2026-08-21
QQQ,713.44,2026-08-25,3,Put,698.00,-2.16%,0.5,0.48,0.52,1143,854,1.34,19.72%,18.43%,-0.091373,2026-08-21
SPY,765.72,2026-08-28,6,Put,759.00,-0.88%,2.33,2.31,2.35,1240,926,1.34,12.93%,13.09%,-0.288813,2026-08-21
SPY,765.72,2026-08-28,6,Put,753.00,-1.66%,1.27,1.26,1.28,1758,1315,1.34,12.93%,14.17%,-0.170183,2026-08-21
IWM,299.96,2026-08-28,6,Call,301.00,-0.35%,1.99,2,2.04,1941,1453,1.34,17.56%,15.90%,0.444901,2026-08-21
ETHA,18.24,2026-09-18,27,Put,19.00,+4.17%,1.48,1.53,1.59,2860,2142,1.34,56.15%,56.60%,-0.570079,2026-08-21
IBIT,43.68,2026-09-18,27,Put,39.00,-10.71%,0.39,0.42,0.42,8444,6370,1.33,42.05%,42.86%,-0.14657,2026-08-21
SPY,765.72,2026-10-02,41,Put,740.00,-3.36%,5.87,5.93,5.91,711,535,1.33,12.93%,16.05%,-0.238036,2026-08-21
QQQ,713.44,2026-08-28,6,Put,719.00,+0.78%,9.63,9.08,9.78,928,696,1.33,19.72%,18.48%,-0.618255,2026-08-21
IBIT,43.68,2026-10-16,55,Put,42.00,-3.85%,1.86,1.92,1.93,1693,1269,1.33,42.05%,41.38%,-0.362365,2026-08-21
QQQ,713.44,2027-03-19,209,Put,625.00,-12.40%,17.45,17.83,18.02,5008,3784,1.32,19.72%,26.81%,-0.200583,2026-08-21
SMH,560.42,2026-09-18,27,Call,680.00,-21.34%,0.45,0.7,0.84,740,564,1.31,37.10%,36.54%,0.03081,2026-08-21
VEA,73.42,2026-09-18,27,Call,74.00,-0.79%,0.95,1.1,1.2,1104,840,1.31,17.12%,15.75%,0.459909,2026-08-21
ETHA,18.24,2028-01-21,517,Put,20.00,+9.65%,5.8,5.8,6.35,507,390,1.3,56.15%,64.96%,-0.381868,2026-08-21
SPCH,8.57,2026-08-28,6,Call,9.00,-5.02%,0.35,0.35,0.4,668,515,1.3,119.51%,125.27%,0.412602,2026-08-21
SLV,62.72,2027-06-30,312,Call,66.00,-5.23%,9.65,9.82,9.85,744,574,1.3,44.94%,44.35%,0.565084,2026-08-21
QQQ,713.44,2026-08-28,6,Put,704.00,-1.32%,3.52,3.58,3.62,1930,1486,1.3,19.72%,20.59%,-0.296224,2026-08-21
EEM,67.12,2027-09-17,391,Put,65.00,-3.16%,4.7,5.36,6,3500,2700,1.3,23.97%,26.09%,-0.371974,2026-08-21
QQQ,713.44,2027-03-19,209,Put,740.00,+3.72%,54.82,54.13,56.03,5080,3910,1.3,19.72%,21.96%,-0.529982,2026-08-21
ETHA,18.24,2026-08-28,6,Call,18.50,-1.43%,0.46,0.48,0.48,6003,4658,1.29,56.15%,62.41%,0.448507,2026-08-21
TLT,82.05,2028-01-21,517,Call,82.00,+0.06%,4.3,4.4,4.5,6615,5130,1.29,10.96%,7.23%,0.666811,2026-08-21
SPY,765.72,2026-09-11,20,Call,793.00,-3.56%,0.57,0.67,0.59,683,531,1.29,12.93%,9.83%,0.074243,2026-08-21
DIA,532.22,2026-09-11,20,Call,530.00,+0.42%,7.65,8.1,7.9,852,660,1.29,12.44%,12.18%,0.589686,2026-08-21
QQQ,713.44,2026-08-27,5,Put,710.00,-0.48%,4.57,4.63,4.65,1067,828,1.29,19.72%,18.95%,-0.403025,2026-08-21
SPY,765.72,2026-08-25,3,Put,753.00,-1.66%,0.23,0.23,0.24,2717,2112,1.29,12.93%,12.28%,-0.063175,2026-08-21
QQQ,713.44,2026-08-26,4,Call,718.00,-0.64%,2.7,2.7,2.76,672,527,1.28,19.72%,15.27%,0.356282,2026-08-21
QQQ,713.44,2026-08-28,6,Put,707.00,-0.90%,4.37,4.44,4.47,1580,1235,1.28,19.72%,20.14%,-0.351382,2026-08-21
GLD,423.36,2026-08-24,2,Call,420.00,+0.79%,4.4,4.5,4.75,2120,1654,1.28,25.84%,19.94%,0.712537,2026-08-21
SPY,765.72,2026-08-28,6,Put,767.00,+0.17%,5.13,5.14,5.14,3698,2882,1.28,12.93%,11.80%,-0.53235,2026-08-21
GLD,423.36,2026-08-28,6,Call,430.00,-1.57%,3.3,3.45,3.5,8141,6405,1.27,25.84%,27.80%,0.3438,2026-08-21
MSTU,2.73,2026-09-04,13,Call,2.00,+26.74%,0.71,0.77,0.84,867,684,1.27,161.80%,147.52%,0.896449,2026-08-21
SPY,765.72,2026-09-04,13,Call,792.00,-3.43%,0.21,0.27,0.22,906,713,1.27,12.93%,9.75%,0.038261,2026-08-21
SOXX,520.05,2026-09-18,27,Put,350.00,-32.70%,0.25,0.46,0.75,1002,791,1.27,41.23%,69.33%,-0.013648,2026-08-21
XLK,183.31,2026-09-18,27,Put,182.50,-0.44%,3.9,4.75,5,1350,1060,1.27,26.39%,25.40%,-0.44947,2026-08-21
SPY,765.72,2026-08-28,6,Call,750.00,+2.05%,16.68,16.8,17.13,2026,1596,1.27,12.93%,14.30%,0.877931,2026-08-21
QQQ,713.44,2026-08-28,6,Put,686.00,-3.85%,0.94,0.95,0.97,557,443,1.26,19.72%,23.71%,-0.093166,2026-08-21
SPY,765.72,2026-09-11,20,Call,773.00,-0.95%,5.46,5.68,5.49,709,564,1.26,12.93%,11.39%,0.387404,2026-08-21
IBIT,43.68,2026-10-16,55,Put,46.00,+5.31%,4,4.1,4.1,786,624,1.26,42.05%,41.52%,-0.587225,2026-08-21
SPY,765.72,2026-08-31,9,Put,780.00,+1.86%,13.62,14.4,15.44,1254,998,1.26,12.93%,9.16%,-0.911188,2026-08-21
GLD,423.36,2026-09-18,27,Put,405.00,-4.34%,4.1,4.1,4.3,1734,1374,1.26,25.84%,25.28%,-0.237909,2026-08-21
BITX,17.18,2026-09-18,27,Call,20.00,-16.41%,0.69,0.76,0.75,3592,2876,1.25,82.96%,88.24%,0.307776,2026-08-21
IBIT,43.68,2026-10-16,55,Call,44.00,-0.73%,2.85,2.88,2.92,6802,5447,1.25,42.05%,43.22%,0.52937,2026-08-21
SLV,62.72,2027-01-15,146,Put,70.50,+12.40%,11.9,12.05,12.2,785,626,1.25,44.94%,48.85%,-0.580301,2026-08-21
MSOS,4.96,2026-12-18,118,Call,6.00,-20.97%,0.45,0.48,0.48,2655,2118,1.25,60.29%,70.58%,0.404112,2026-08-21
CONL,6.25,2026-09-18,27,Call,7.00,-12.00%,0.65,0.67,0.7,2656,2118,1.25,141.96%,140.06%,0.460159,2026-08-21
SPY,765.72,2027-12-17,482,Put,410.00,-46.46%,4.31,4.3,4.34,3001,2407,1.25,12.93%,34.78%,-0.031306,2026-08-21
SPY,765.72,2026-08-27,5,Call,773.00,-0.95%,1.09,1.09,1.11,701,564,1.24,12.93%,9.90%,0.217956,2026-08-21
SMH,560.42,2026-08-28,6,Put,560.00,-0.07%,10.25,10.9,12.25,878,707,1.24,37.10%,40.51%,-0.48024,2026-08-21
SLV,62.72,2026-08-28,6,Put,61.00,-2.74%,0.69,0.7,0.73,1102,891,1.24,44.94%,44.82%,-0.300928,2026-08-21
TSLL,9.77,2026-08-28,6,Put,9.00,-7.88%,0.13,0.14,0.16,2015,1621,1.24,81.68%,88.58%,-0.216416,2026-08-21
"Downloaded from Barchart.com as of 08-21-2026 08:39pm CDT"
