Symbol,Price~,"Exp Date",DTE,Type,Strike,Moneyness,Bid,Latest,Ask,Volume,"Open Int",Vol/OI,"Imp Vol",IV,Delta,Time
KHC,26.26,2026-09-11,9,Call,27.00,-2.82%,0.05,0.1,0.1,20117,150,134.11,26.19%,19.20%,0.177697,2026-09-02
GRAB,3.53,2026-10-09,37,Put,3.50,-0.85%,0.17,0.2,0.22,15288,165,92.65,46.04%,48.30%,-0.439944,2026-09-02
WULF,14.82,2026-10-02,30,Call,17.00,-14.71%,0.58,0.62,0.9,8778,126,69.67,83.34%,93.08%,0.327187,2026-09-02
UAMY,5.29,2026-10-02,30,Put,4.50,-14.93%,0.1,0.15,0.2,7008,111,63.14,88.76%,78.95%,-0.200562,2026-09-02
HL,20.77,2026-09-18,16,Call,21.50,-3.51%,0.76,0.83,0.84,5394,101,53.41,64.00%,63.20%,0.427315,2026-09-02
AMZN,254.98,2026-09-04,2,Call,247.50,+2.93%,7.65,7.73,8.25,22508,469,47.99,29.09%,35.58%,0.875214,2026-09-02
INTC,90.05,2026-09-09,7,Call,94.00,-4.39%,1.01,1.05,1.1,5221,114,45.8,55.29%,50.03%,0.282082,2026-09-02
PLTR,169.46,2026-09-04,2,Call,167.50,+1.16%,4,4,4.1,12173,272,44.75,46.76%,59.24%,0.614782,2026-09-02
RKT,13.56,2026-09-25,23,Call,13.50,+0.44%,0.66,0.75,0.81,7512,212,35.43,50.30%,50.92%,0.546374,2026-09-02
KO,88.24,2026-09-11,9,Call,89.00,-0.86%,0.58,0.69,0.76,6571,187,35.14,18.29%,17.91%,0.389533,2026-09-02
PLTR,169.46,2026-09-11,9,Call,177.50,-4.74%,1.94,2,2.15,12368,360,34.36,46.76%,46.37%,0.278248,2026-09-02
PSKY,10.97,2026-09-04,2,Put,11.00,+0.27%,0.14,0.2,0.25,5366,183,29.32,51.07%,55.54%,-0.517479,2026-09-02
DINO,106.06,2026-09-18,16,Call,110.00,-3.71%,2.8,3.2,3.3,3910,135,28.96,50.53%,52.50%,0.393292,2026-09-02
CRDO,165.22,2026-09-04,2,Call,175.00,-5.92%,1.45,1.65,1.7,3016,108,27.93,74.21%,99.81%,0.229991,2026-09-02
CPB,23.78,2026-09-18,16,Put,22.50,-5.38%,0.3,0.34,0.4,5090,193,26.37,38.53%,43.03%,-0.258406,2026-09-02
TSLA,357.01,2026-09-09,7,Call,352.50,+1.26%,10.4,10.55,10.65,3297,127,25.96,40.98%,40.44%,0.605455,2026-09-02
SNOW,305.84,2026-09-11,9,Call,330.00,-7.90%,11.95,12.35,12.7,10637,431,24.68,71.75%,111.98%,0.36713,2026-09-02
NN,15.35,2026-12-18,107,Call,22.00,-43.32%,1.55,1.84,1.95,8990,376,23.91,111.56%,107.30%,0.378373,2026-09-02
DELL,492.2,2026-09-04,2,Call,482.50,+1.97%,16.75,17.6,17.4,3141,137,22.93,61.06%,80.14%,0.643593,2026-09-02
PLTR,169.46,2026-09-04,2,Call,170.00,-0.32%,2.63,2.66,2.68,28143,1230,22.88,46.76%,57.89%,0.480784,2026-09-02
INTC,90.05,2026-09-09,7,Call,88.00,+2.28%,3.45,3.6,3.75,2727,121,22.54,55.29%,48.92%,0.648907,2026-09-02
AMZN,254.98,2026-09-04,2,Call,242.50,+4.89%,12.1,12.5,12.85,7067,324,21.81,29.09%,22.88%,0.998567,2026-09-02
NVDA,224.41,2026-09-09,7,Put,222.50,-0.85%,2.68,2.71,2.75,5890,274,21.5,33.12%,29.50%,-0.404356,2026-09-02
CRK,15.54,2026-11-20,79,Call,19.00,-22.27%,0.55,0.6,0.75,2445,114,21.45,50.31%,59.64%,0.278668,2026-09-02
CRK,15.54,2026-10-16,44,Call,18.00,-15.83%,0.4,0.44,0.45,5631,266,21.17,50.31%,56.18%,0.25608,2026-09-02
MSFT,496.82,2026-09-04,2,Call,497.50,-0.14%,3.6,3.8,3.9,3682,175,21.04,24.48%,27.55%,0.480399,2026-09-02
CYPH,1.68,2026-12-18,107,Put,1.5000,-10.71%,0.35,0.4,0.4,3401,163,20.87,183.01%,139.68%,-0.294929,2026-09-02
AMZN,254.98,2026-09-04,2,Call,235.00,+7.84%,19.65,20.24,20.3,8640,414,20.87,29.09%,64.87%,0.957954,2026-09-02
ARRY,4.57,2026-10-16,44,Put,4.00,-12.47%,0.15,0.18,0.2,7551,363,20.8,71.66%,68.10%,-0.242603,2026-09-02
INOD,54.29,2026-11-20,79,Call,85.00,-56.57%,1.35,2,2.35,3743,180,20.79,68.37%,86.27%,0.185008,2026-09-02
SBLK,31.82,2027-01-15,135,Call,35.00,-9.99%,1,1,1.05,6772,335,20.21,30.79%,29.31%,0.3084,2026-09-02
S,19.68,2026-09-18,16,Call,21.50,-9.25%,0.15,0.35,0.4,2974,148,20.09,51.72%,52.42%,0.230654,2026-09-02
SNOW,305.84,2026-09-11,9,Call,360.00,-17.71%,4.8,5.18,5.35,9135,457,19.99,71.75%,107.96%,0.191661,2026-09-02
META,592.85,2026-09-09,7,Call,620.00,-4.58%,2.4,2.53,2.64,3647,185,19.71,35.48%,33.28%,0.17491,2026-09-02
ADBE,279.79,2028-12-15,835,Put,250.00,-10.65%,45.4,46.85,48.35,2183,112,19.49,51.42%,45.29%,-0.277731,2026-09-02
MSTR,123.19,2026-09-11,9,Call,123.00,+0.15%,5.05,5.08,5.2,2462,128,19.23,68.29%,64.56%,0.529791,2026-09-02
WMT,106.09,2026-09-25,23,Call,110.00,-3.69%,0.9,0.91,1,32130,1680,19.13,22.04%,21.83%,0.27339,2026-09-02
DELL,492.2,2026-09-04,2,Put,445.00,-9.59%,0.61,0.7,0.74,4808,253,19,61.06%,84.95%,-0.050804,2026-09-02
CRDO,165.22,2026-09-04,2,Call,185.00,-11.97%,0.5,0.5,0.55,3322,175,18.98,74.21%,109.35%,0.087849,2026-09-02
DELL,492.2,2026-09-04,2,Call,492.50,-0.06%,11.4,11.75,11.8,2473,131,18.88,61.06%,80.55%,0.508944,2026-09-02
AMZN,254.98,2026-09-04,2,Call,245.00,+3.91%,9.8,10,10.75,12261,663,18.49,29.09%,38.12%,0.924543,2026-09-02
MU,956.08,2026-09-04,2,Put,937.50,-1.94%,7.75,8.16,8.5,2097,117,17.92,57.39%,56.36%,-0.310164,2026-09-02
DELL,492.2,2026-09-04,2,Put,450.00,-8.57%,0.92,0.92,0.96,10336,588,17.58,61.06%,83.32%,-0.068542,2026-09-02
PLTR,169.46,2026-09-11,9,Call,182.50,-7.70%,1.01,1.03,1.05,8188,470,17.42,46.76%,46.00%,0.164081,2026-09-02
NVDA,224.41,2026-09-04,2,Put,222.50,-0.85%,1.53,1.6,1.6,57508,3322,17.31,33.12%,36.59%,-0.368907,2026-09-02
PANW,328.48,2026-09-04,2,Call,350.00,-6.55%,0.64,0.76,0.8,3617,209,17.31,45.87%,65.01%,0.098416,2026-09-02
PATH,17.99,2026-09-18,16,Call,24.00,-33.41%,0.14,0.2,0.25,2003,116,17.27,86.21%,103.59%,0.112509,2026-09-02
DELL,492.2,2026-09-04,2,Call,485.00,+1.46%,15.35,15.4,15.75,14043,834,16.84,61.06%,80.04%,0.610733,2026-09-02
CWH,6.79,2026-10-16,44,Call,7.00,-3.09%,0.45,0.55,0.6,1903,114,16.69,65.23%,67.00%,0.485264,2026-09-02
SEDG,33.98,2026-09-11,9,Call,35.00,-3.00%,1.1,1.47,1.45,2178,134,16.25,75.62%,79.91%,0.434129,2026-09-02
QCOM,169.96,2026-09-11,9,Call,177.50,-4.44%,1.3,1.38,1.45,2334,144,16.21,41.50%,37.38%,0.240584,2026-09-02
NVDA,224.41,2026-09-09,7,Put,195.00,-13.11%,0.13,0.13,0.14,7181,443,16.21,33.12%,51.53%,-0.022108,2026-09-02
KHC,26.26,2026-09-11,9,Call,26.50,-0.91%,0.17,0.19,0.22,21588,1332,16.21,26.19%,18.47%,0.375744,2026-09-02
DELL,492.2,2026-09-04,2,Put,480.00,-2.48%,6.4,6.45,6.55,4209,269,15.65,61.06%,80.79%,-0.32557,2026-09-02
DELL,492.2,2026-09-04,2,Call,487.50,+0.95%,13.9,14.37,14.35,3548,227,15.63,61.06%,80.05%,0.577076,2026-09-02
TSLA,357.01,2026-09-04,2,Call,347.50,+2.66%,9.95,11.95,13.55,14842,958,15.49,40.98%,55.11%,0.754013,2026-09-02
WDC,448.9,2027-01-15,135,Call,620.00,-38.12%,28,28.74,30.55,2882,192,15.01,63.58%,69.17%,0.299714,2026-09-02
AMD,457.06,2027-01-15,135,Call,980.00,-114.41%,1.18,1.21,1.42,2206,148,14.91,47.70%,57.32%,0.024265,2026-09-02
COIN,174.96,2026-09-11,9,Call,187.50,-7.17%,2.41,2.59,2.65,5021,338,14.86,63.37%,62.24%,0.257732,2026-09-02
META,592.85,2026-09-04,2,Put,595.00,+0.36%,8.1,8.3,8.5,2665,181,14.72,35.48%,41.20%,-0.539371,2026-09-02
PURR,11.32,2026-09-04,2,Call,12.50,-10.42%,0.1,0.14,0.15,20276,1377,14.72,104.56%,145.86%,0.19416,2026-09-02
LEN,83.58,2026-09-04,2,Call,85.00,-1.70%,0.4,0.5,1.05,1714,119,14.4,41.57%,52.75%,0.340769,2026-09-02
ASTS,62.4,2026-09-25,23,Call,65.00,-4.17%,3.6,3.8,4,11568,806,14.35,75.40%,77.49%,0.459826,2026-09-02
LXU,11.54,2027-01-15,135,Call,12.50,-8.32%,1.1,1.23,1.35,3038,212,14.33,59.86%,55.06%,0.488549,2026-09-02
DELL,492.2,2026-09-04,2,Call,480.00,+2.48%,18.5,19.25,19.05,24659,1726,14.29,61.06%,80.95%,0.67426,2026-09-02
META,592.85,2026-09-09,7,Call,610.00,-2.89%,4.3,4.4,4.7,3166,223,14.2,35.48%,32.80%,0.277096,2026-09-02
CVNA,74.16,2026-10-16,44,Call,85.00,-14.62%,2.16,2.33,2.36,2635,186,14.17,55.69%,55.82%,0.279616,2026-09-02
AAPL,324.96,2026-09-09,7,Call,350.00,-7.71%,0.15,0.16,0.18,5093,360,14.15,25.06%,28.61%,0.033072,2026-09-02
NU,15.4,2026-10-02,30,Call,16.00,-3.90%,0.4,0.44,0.45,7035,497,14.15,41.92%,37.09%,0.39064,2026-09-02
MU,956.08,2026-09-09,7,Put,950.00,-0.64%,18.5,21.85,21.8,1425,101,14.11,57.39%,44.32%,-0.44285,2026-09-02
FCEL,14.4,2026-10-02,30,Call,19.00,-31.94%,0.3,0.38,0.6,3191,227,14.06,93.81%,102.04%,0.214452,2026-09-02
NE,48.08,2026-12-18,107,Call,25.00,+48.00%,21.3,22.58,25.2,2520,182,13.85,38.76%,74.57%,0.966239,2026-09-02
CRGY,14.27,2026-10-16,44,Call,16.00,-12.12%,0.3,0.3,0.5,2524,183,13.79,45.77%,49.95%,0.283165,2026-09-02
AAPL,324.96,2026-09-04,2,Put,327.50,+0.78%,3.85,4,4.15,10944,803,13.63,25.06%,26.63%,-0.647589,2026-09-02
NVDA,224.41,2026-09-09,7,Put,227.50,+1.38%,4.2,5.25,5.5,2818,207,13.61,33.12%,25.18%,-0.641926,2026-09-02
SNOW,305.84,2026-09-04,2,Call,315.00,-3.00%,16.55,17.03,17.5,4810,354,13.59,71.75%,232.31%,0.466326,2026-09-02
PLTR,169.46,2026-09-11,9,Call,170.00,-0.32%,4.7,4.75,4.8,10734,796,13.48,46.76%,46.51%,0.502074,2026-09-02
PLTR,169.46,2027-01-15,135,Call,340.00,-100.64%,0.61,0.63,0.72,2676,200,13.38,46.76%,55.84%,0.032994,2026-09-02
CRDO,165.22,2026-09-04,2,Put,155.00,-6.19%,0.85,0.9,1.15,1980,150,13.2,74.21%,91.49%,-0.163666,2026-09-02
SNDK,1553.4,2026-09-04,2,Put,"1,540.00",-0.86%,28.1,28.68,29.4,2041,155,13.17,69.25%,77.01%,-0.427231,2026-09-02
AMZN,254.98,2026-09-04,2,Call,237.50,+6.86%,17.05,17.87,17.8,3857,294,13.12,29.09%,64.15%,0.93618,2026-09-02
RGR,37.98,2026-09-18,16,Call,40.00,-5.32%,0.4,0.45,0.65,3787,289,13.1,34.78%,39.27%,0.282177,2026-09-02
NVDA,224.41,2027-02-19,170,Put,110.00,-50.98%,0.51,0.54,0.6,5005,382,13.1,33.12%,54.67%,-0.016271,2026-09-02
HPE,51.83,2026-09-04,2,Call,52.00,-0.33%,2.95,3,3.1,13302,1018,13.07,72.27%,202.80%,0.521568,2026-09-02
PANW,328.48,2027-06-17,288,Call,260.00,+20.85%,98,96.87,102.55,3029,235,12.89,45.87%,52.83%,0.788142,2026-09-02
KOPN,4.29,2026-10-16,44,Call,4.50,-4.90%,0.3,0.44,0.5,4574,358,12.78,88.81%,80.81%,0.494357,2026-09-02
WULF,14.82,2026-09-18,16,Call,18.50,-24.83%,0.14,0.16,0.37,6045,481,12.57,83.34%,102.42%,0.165922,2026-09-02
BBY,87,2026-10-16,44,Call,90.00,-3.45%,2.65,2.78,3.3,5393,430,12.54,36.85%,35.48%,0.411751,2026-09-02
RDDT,158.1,2026-09-11,9,Call,165.00,-4.36%,2.73,2.88,3.05,2424,194,12.49,57.01%,55.73%,0.332045,2026-09-02
VSXY,84.81,2026-09-18,16,Call,85.00,-0.22%,7.6,8.28,8.4,2012,162,12.42,88.94%,113.56%,0.546233,2026-09-02
INTC,90.05,2026-09-09,7,Call,89.00,+1.17%,2.91,2.99,3.05,1477,119,12.41,55.29%,48.32%,0.586058,2026-09-02
DELL,492.2,2026-09-04,2,Call,505.00,-2.60%,6.5,6.8,6.85,4591,373,12.31,61.06%,81.35%,0.346971,2026-09-02
DELL,492.2,2026-09-04,2,Call,457.50,+7.05%,35.95,35.45,36.9,1751,145,12.08,61.06%,82.83%,0.889873,2026-09-02
LULU,120.07,2027-06-17,288,Call,130.00,-8.27%,18.25,18.8,20.2,2064,171,12.07,56.42%,51.02%,0.54805,2026-09-02
PLTR,169.46,2026-09-11,9,Call,172.50,-1.79%,3.55,3.65,3.85,5540,459,12.07,46.76%,46.82%,0.4235,2026-09-02
GGAL,45.01,2026-10-16,44,Put,40.00,-11.13%,0.25,0.9,1.65,1700,141,12.06,47.38%,47.14%,-0.209922,2026-09-02
NVDA,224.41,2027-03-19,198,Call,320.00,-42.60%,4.05,4.05,4.25,21760,1810,12.02,33.12%,38.03%,0.14464,2026-09-02
META,592.85,2026-09-04,2,Put,587.50,-0.90%,4.65,4.75,4.8,1236,103,12,35.48%,40.85%,-0.374472,2026-09-02
COIN,174.96,2026-09-11,9,Call,180.00,-2.88%,4.5,4.6,4.75,6393,535,11.95,63.37%,61.10%,0.405658,2026-09-02
BA,208.87,2026-09-11,9,Put,202.50,-3.05%,0.98,1.08,1.18,2495,211,11.82,28.94%,25.93%,-0.217591,2026-09-02
LQDA,69.68,2026-09-11,9,Put,50.00,-28.24%,0.05,0.3,0.35,3286,280,11.74,104.93%,123.41%,-0.034849,2026-09-02
BFLY,7.6,2028-01-21,506,Put,2.00,-73.68%,0.2,0.25,0.25,1270,109,11.65,86.74%,98.72%,-0.038238,2026-09-02
NVDA,224.41,2026-09-09,7,Put,220.00,-1.97%,1.75,1.82,1.9,11120,956,11.63,33.12%,29.76%,-0.30325,2026-09-02
PANW,328.48,2026-09-25,23,Put,185.00,-43.68%,0.01,0.55,0.55,1313,113,11.62,45.87%,102.75%,-0.009064,2026-09-02
TSLA,357.01,2026-09-04,2,Put,352.50,-1.26%,3.7,3.75,3.85,32930,2846,11.57,40.98%,55.14%,-0.368407,2026-09-02
DELL,492.2,2026-11-20,79,Call,580.00,-17.84%,26.65,28.1,29.6,1534,133,11.53,61.06%,62.02%,0.343924,2026-09-02
SMR,9.56,2026-09-11,9,Call,9.00,+5.86%,0.75,0.82,0.9,2747,239,11.49,77.39%,84.32%,0.70158,2026-09-02
AS,28.56,2026-09-18,16,Call,29.00,-1.54%,0.9,1.03,1.05,1583,138,11.47,44.66%,48.37%,0.466277,2026-09-02
OLLI,73.87,2027-01-15,135,Call,85.00,-15.07%,4.9,4.98,6.9,1142,101,11.31,47.39%,53.09%,0.409362,2026-09-02
CRWD,203.42,2027-02-19,170,Call,240.00,-17.98%,17.5,18.5,19.8,1687,150,11.25,50.82%,54.38%,0.416148,2026-09-02
PLTR,169.46,2026-09-04,2,Put,167.50,-1.16%,1.95,1.97,2.01,21915,1956,11.2,46.76%,57.61%,-0.3828,2026-09-02
REPX,41.22,2026-09-18,16,Call,40.00,+2.96%,1.85,2,2.15,3637,329,11.05,39.68%,38.48%,0.659248,2026-09-02
QCOM,169.96,2026-09-11,9,Call,172.50,-1.49%,2.67,2.75,2.83,1984,180,11.02,41.50%,36.04%,0.409838,2026-09-02
NVDA,224.41,2026-09-09,7,Call,237.50,-5.83%,0.33,0.35,0.36,7252,660,10.99,33.12%,29.05%,0.084719,2026-09-02
QCOM,169.96,2026-09-18,16,Call,85.00,+49.99%,82.9,84.45,86.8,1680,153,10.98,41.50%,113.71%,0.99867,2026-09-02
RXRX,3.38,2026-10-09,37,Call,0.50,+85.21%,2.51,2.88,4.9,1933,183,10.56,99.31%,0.00%,0,2026-09-02
TSLA,357.01,2026-09-04,2,Put,357.50,+0.14%,5.95,6.25,7.8,17499,1667,10.5,40.98%,63.13%,-0.501014,2026-09-02
VSXY,84.81,2026-09-18,16,Put,75.00,-11.57%,3.4,3.8,3.9,2194,210,10.45,88.94%,114.40%,-0.261477,2026-09-02
NVDA,224.41,2026-09-09,7,Put,225.00,+0.26%,3.75,3.9,3.9,5746,551,10.43,33.12%,28.89%,-0.513481,2026-09-02
HPE,51.83,2026-09-04,2,Put,44.00,-15.11%,0.3,0.3,0.34,4879,469,10.4,72.27%,177.71%,-0.094779,2026-09-02
WDC,448.9,2027-01-15,135,Call,660.00,-47.03%,20.55,22.89,24.7,2890,281,10.28,63.58%,68.50%,0.246833,2026-09-02
TSLA,357.01,2026-09-04,2,Call,355.00,+0.56%,6.6,6.9,7.1,45320,4431,10.23,40.98%,54.70%,0.565375,2026-09-02
KLAC,172.26,2026-11-20,79,Call,172.00,+0.15%,18,18.2,21,1021,100,10.21,51.00%,59.22%,0.566134,2026-09-02
SNOW,305.84,2026-09-04,2,Call,310.00,-1.36%,18.75,19.13,19.5,1216,121,10.05,71.75%,232.49%,0.503463,2026-09-02
TSLA,357.01,2026-09-09,7,Put,352.50,-1.26%,4.35,5.85,6.15,2456,247,9.94,40.98%,37.64%,-0.389305,2026-09-02
PLTR,169.46,2026-09-11,9,Put,162.50,-4.11%,2.19,2.26,2.28,3580,361,9.92,46.76%,48.14%,-0.273259,2026-09-02
DELL,492.2,2026-09-04,2,Call,515.00,-4.63%,4,4.13,4.2,5376,546,9.85,61.06%,82.41%,0.239114,2026-09-02
PANW,328.48,2026-09-04,2,Call,340.00,-3.51%,2.1,2.35,2.31,1872,191,9.8,45.87%,64.42%,0.243541,2026-09-02
HPE,51.83,2026-09-04,2,Put,48.00,-7.39%,1.27,1.29,1.35,4790,493,9.72,72.27%,191.80%,-0.270044,2026-09-02
CORZ,16.81,2026-09-18,16,Call,18.50,-10.05%,0.29,0.37,0.51,1222,126,9.7,70.56%,69.54%,0.28288,2026-09-02
TSLA,357.01,2026-09-09,7,Call,350.00,+1.96%,10.15,12.1,12.5,2801,289,9.69,40.98%,36.47%,0.667056,2026-09-02
SNDK,1553.4,2026-09-04,2,Call,"1,540.00",+0.86%,42,42.99,42.8,3472,359,9.67,69.25%,76.92%,0.573053,2026-09-02
CPNG,15.97,2026-09-11,9,Put,15.00,-6.07%,0,0.1,0.21,1718,178,9.65,43.64%,44.21%,-0.17131,2026-09-02
TSLA,357.01,2026-09-14,12,Call,355.00,+0.56%,11.25,11.4,11.5,1117,116,9.63,40.98%,39.30%,0.55236,2026-09-02
DELL,492.2,2026-09-04,2,Call,500.00,-1.58%,8.25,8.55,8.55,36919,3856,9.57,61.06%,80.98%,0.409224,2026-09-02
PLTR,169.46,2028-12-15,835,Put,220.00,+29.82%,79.65,81.14,81.45,2154,227,9.49,46.76%,55.37%,-0.456483,2026-09-02
DELL,492.2,2026-09-11,9,Put,420.00,-14.67%,1,1.13,1.24,1421,150,9.47,61.06%,64.28%,-0.051626,2026-09-02
PANW,328.48,2026-09-04,2,Call,330.00,-0.46%,5.2,5.48,6,1703,180,9.46,45.87%,64.82%,0.472852,2026-09-02
PLTR,169.46,2026-09-04,2,Call,175.00,-3.27%,0.91,0.93,0.94,28999,3071,9.44,46.76%,56.60%,0.228982,2026-09-02
DELL,492.2,2026-09-04,2,Call,467.50,+5.02%,27.3,27.88,28.4,2121,225,9.43,61.06%,80.73%,0.814413,2026-09-02
HPE,51.83,2026-09-04,2,Put,42.00,-18.97%,0.12,0.13,0.13,2676,284,9.42,72.27%,172.95%,-0.04384,2026-09-02
KTOS,47.78,2028-01-21,506,Put,35.00,-26.75%,5.4,6.27,6.8,1158,123,9.41,58.49%,64.94%,-0.19966,2026-09-02
PCG,13.33,2026-09-18,16,Call,14.50,-8.78%,0.27,0.29,0.41,9398,1006,9.34,57.92%,67.84%,0.303145,2026-09-02
REPX,41.22,2026-09-18,16,Call,45.00,-9.17%,0.35,0.35,0.4,8431,904,9.33,39.68%,44.64%,0.185686,2026-09-02
HPE,51.83,2026-09-18,16,Call,63.00,-21.55%,0.63,0.8,1.05,950,102,9.31,72.27%,89.85%,0.174158,2026-09-02
CRDO,165.22,2026-09-04,2,Put,150.00,-9.21%,0.3,0.36,0.4,2559,275,9.31,74.21%,90.52%,-0.069633,2026-09-02
DELL,492.2,2026-09-04,2,Put,475.00,-3.49%,4.75,4.85,4.95,2232,240,9.3,61.06%,80.40%,-0.26433,2026-09-02
NVDA,224.41,2026-09-04,2,Put,225.00,+0.26%,2.66,2.7,2.72,85611,9219,9.29,33.12%,36.20%,-0.531664,2026-09-02
GOOGL,337.12,2026-09-09,7,Call,335.00,+0.63%,5.55,5.7,5.85,1814,196,9.26,27.81%,23.89%,0.589662,2026-09-02
RUN,8.96,2026-10-16,44,Call,10.00,-11.61%,0.53,0.53,0.54,35102,3795,9.25,71.43%,72.86%,0.385892,2026-09-02
DELL,492.2,2026-09-04,2,Call,522.50,-6.16%,2.8,2.82,2.95,1278,139,9.19,61.06%,84.34%,0.177982,2026-09-02
NAVN,26.9,2027-01-15,135,Call,30.00,-11.52%,3.6,3.67,4.7,2001,218,9.18,85.94%,79.39%,0.517926,2026-09-02
MAGN,12.58,2026-09-18,16,Call,15.00,-19.24%,0.1,0.12,0.15,1737,190,9.14,57.82%,72.29%,0.137891,2026-09-02
MU,956.08,2026-09-09,7,Call,910.00,+4.82%,52.5,52.58,55.45,1096,120,9.13,57.39%,45.89%,0.793847,2026-09-02
CRDO,165.22,2026-10-16,44,Call,220.00,-33.16%,3.4,3.7,4,1496,164,9.12,74.21%,76.37%,0.176015,2026-09-02
ALAB,274.13,2026-09-11,9,Put,245.00,-10.63%,1.84,3.35,5.6,975,107,9.11,74.08%,84.18%,-0.178232,2026-09-02
HPE,51.83,2026-10-16,44,Put,40.00,-22.82%,0.61,0.66,0.72,1235,136,9.08,72.27%,66.39%,-0.105218,2026-09-02
DELL,492.2,2026-09-04,2,Put,470.00,-4.51%,3.5,3.5,3.7,5323,586,9.08,61.06%,80.64%,-0.210222,2026-09-02
UAMY,5.29,2026-09-25,23,Put,4.50,-14.93%,0.1,0.15,0.15,5075,561,9.05,88.76%,83.10%,-0.186877,2026-09-02
SPCX,140.71,2027-09-17,380,Call,175.00,-24.37%,21.55,21.95,22.8,2534,281,9.02,48.19%,55.01%,0.486983,2026-09-02
NVDA,224.41,2026-09-09,7,Put,217.50,-3.08%,0.88,1.22,1.32,8030,890,9.02,33.12%,29.23%,-0.209958,2026-09-02
AMZN,254.98,2026-09-04,2,Call,240.00,+5.87%,14.75,15.05,15.25,7114,796,8.94,29.09%,35.34%,0.990217,2026-09-02
AI,10.52,2026-10-16,44,Put,7.50,-28.71%,0.1,0.13,0.16,8079,904,8.94,80.38%,80.32%,-0.085737,2026-09-02
CSGP,31.26,2026-12-18,107,Call,35.00,-11.96%,1.95,2.5,2.7,1993,223,8.94,48.88%,53.15%,0.416949,2026-09-02
RKT,13.56,2028-01-21,506,Put,5.00,-63.13%,0.15,0.28,0.42,2119,237,8.94,50.30%,68.94%,-0.044951,2026-09-02
DK,71.45,2026-10-16,44,Put,72.50,+1.47%,5.7,6.6,8,1080,121,8.93,69.23%,64.52%,-0.477032,2026-09-02
AMZN,254.98,2026-09-04,2,Put,267.50,+4.91%,12.2,12.81,12.8,7397,833,8.88,29.09%,46.15%,-0.917983,2026-09-02
HPE,51.83,2026-09-04,2,Call,54.00,-4.19%,2.14,2.2,2.25,7145,806,8.86,72.27%,202.42%,0.421524,2026-09-02
DELL,492.2,2026-09-04,2,Call,520.00,-5.65%,3.2,3.2,3.35,10458,1183,8.84,61.06%,84.05%,0.197828,2026-09-02
NVDA,224.41,2026-09-09,7,Call,242.50,-8.06%,0.13,0.13,0.14,4115,466,8.83,33.12%,30.56%,0.036244,2026-09-02
HVT,27.9,2026-09-18,16,Call,30.00,-7.53%,0.25,0.29,0.3,2972,337,8.82,53.91%,41.15%,0.21036,2026-09-02
DELL,492.2,2026-09-04,2,Call,445.00,+9.59%,47.5,47,48.55,4352,494,8.81,61.06%,86.88%,0.945435,2026-09-02
AVGO,367.24,2026-09-04,2,Put,292.50,-20.35%,0.08,0.1,0.1,1134,129,8.79,49.66%,129.12%,-0.007556,2026-09-02
CRWD,203.42,2026-09-04,2,Call,215.00,-5.69%,0.87,0.9,0.91,9127,1040,8.78,50.82%,72.61%,0.158734,2026-09-02
PSKY,10.97,2026-09-25,23,Call,11.50,-4.83%,0.2,0.32,0.43,3678,420,8.76,51.07%,47.57%,0.371842,2026-09-02
SNDK,1553.4,2026-09-04,2,Call,"1,525.00",+1.83%,50.6,52,51.8,1357,155,8.75,69.25%,77.01%,0.638985,2026-09-02
VRNS,46.76,2027-01-15,135,Call,50.00,-6.93%,1.2,4,4,1055,121,8.72,42.93%,32.07%,0.43134,2026-09-02
DELL,492.2,2026-09-04,2,Call,495.00,-0.57%,10.15,10.45,10.7,3870,444,8.72,61.06%,80.52%,0.475058,2026-09-02
DELL,492.2,2026-09-04,2,Put,465.00,-5.53%,2.55,2.63,2.69,2253,261,8.63,61.06%,80.98%,-0.163295,2026-09-02
VST,143.46,2026-09-11,9,Call,147.00,-2.47%,2.04,2.21,2.38,1368,160,8.55,42.45%,40.41%,0.366541,2026-09-02
APLD,24.91,2026-09-11,9,Call,24.50,+1.65%,1.3,1.25,1.4,3249,380,8.55,80.12%,72.50%,0.583397,2026-09-02
NTAP,180.77,2026-09-18,16,Put,170.00,-5.96%,6.3,6.6,6.8,1905,223,8.54,64.63%,76.47%,-0.319187,2026-09-02
DELL,492.2,2026-09-04,2,Call,510.00,-3.62%,5.15,5.25,5.4,9167,1079,8.5,61.06%,82.00%,0.290392,2026-09-02
AMZN,254.98,2026-09-04,2,Call,232.50,+8.82%,22,23.1,22.75,1478,174,8.49,29.09%,88.66%,0.925391,2026-09-02
DELL,492.2,2026-09-04,2,Call,455.00,+7.56%,38.15,38.47,39.1,4997,591,8.46,61.06%,82.56%,0.906453,2026-09-02
AG,21.2,2026-09-04,2,Call,21.50,-1.42%,0.26,0.32,0.32,6173,730,8.46,63.51%,66.89%,0.399189,2026-09-02
VSXY,84.81,2026-09-18,16,Put,65.00,-23.36%,1,1.15,1.15,1727,205,8.42,88.94%,111.35%,-0.103118,2026-09-02
HPE,51.83,2026-09-18,16,Call,52.00,-0.33%,3.5,3.59,3.7,1050,125,8.4,72.27%,84.51%,0.530135,2026-09-02
HPQ,31.99,2026-09-18,16,Put,29.50,-7.78%,0.32,0.34,0.43,921,110,8.37,45.72%,48.47%,-0.197617,2026-09-02
DELL,492.2,2026-09-04,2,Put,460.00,-6.54%,1.86,1.87,1.93,5460,655,8.34,61.06%,81.74%,-0.124834,2026-09-02
SNDK,1553.4,2026-09-04,2,Call,"1,545.00",+0.54%,39.3,40.2,40.2,2882,346,8.33,69.25%,77.02%,0.550576,2026-09-02
PANW,328.48,2026-09-04,2,Call,325.00,+1.06%,7.45,8.31,8.6,1364,164,8.32,45.87%,63.12%,0.60087,2026-09-02
COHR,268.64,2026-09-11,9,Put,240.00,-10.66%,0.5,1.83,2,1220,147,8.3,66.79%,59.00%,-0.101663,2026-09-02
A,151.39,2026-10-16,44,Put,140.00,-7.52%,1,2.01,2.45,3827,461,8.3,26.71%,28.99%,-0.194922,2026-09-02
VALE,15.73,2026-10-16,44,Call,17.00,-8.07%,0.32,0.36,0.36,5448,656,8.3,34.64%,37.84%,0.282993,2026-09-02
AXP,329.98,2026-09-18,16,Call,340.00,-3.04%,2.65,2.7,2.83,11147,1344,8.29,23.24%,23.07%,0.283288,2026-09-02
QCOM,169.96,2026-09-04,2,Call,155.00,+8.80%,12.9,14.55,16.85,2521,305,8.27,41.50%,48.31%,0.995166,2026-09-02
CCL,23.74,2026-09-04,2,Call,23.50,+1.01%,0.35,0.41,0.5,1884,228,8.26,43.41%,41.35%,0.636502,2026-09-02
WFC,89.27,2026-09-04,2,Put,88.00,-1.42%,0.22,0.22,0.3,1536,187,8.21,26.77%,27.78%,-0.238499,2026-09-02
META,592.85,2026-09-04,2,Call,595.00,-0.36%,6.3,6.39,6.45,8697,1059,8.21,35.48%,41.92%,0.462002,2026-09-02
LNG,295.86,2026-09-18,16,Call,310.00,-4.78%,3.9,4.7,5.1,2140,262,8.17,34.55%,39.14%,0.303752,2026-09-02
FPS,29.42,2026-09-18,16,Call,30.00,-1.97%,2,2.07,2.3,2340,289,8.1,84.08%,97.24%,0.505465,2026-09-02
MDB,375.4,2026-09-04,2,Put,370.00,-1.44%,5.7,6.48,7.15,2040,254,8.03,53.66%,80.81%,-0.391664,2026-09-02
HPE,51.83,2026-09-11,9,Call,51.00,+1.60%,3.7,3.83,4.1,1108,139,7.97,72.27%,107.37%,0.572752,2026-09-02
AEO,16.66,2026-09-11,9,Call,19.50,-17.05%,0.17,0.39,0.49,1016,128,7.94,77.09%,113.21%,0.21295,2026-09-02
CNH,13.65,2026-12-18,107,Call,15.00,-9.89%,0.4,0.8,1,1059,134,7.9,44.59%,40.66%,0.376819,2026-09-02
PFE,29.02,2026-09-11,9,Put,28.50,-1.79%,0.17,0.18,0.19,1561,198,7.88,22.96%,21.13%,-0.292147,2026-09-02
CRDO,165.22,2026-11-20,79,Call,190.00,-15.00%,13.6,14.1,16.2,778,100,7.78,74.21%,76.11%,0.422691,2026-09-02
MU,956.08,2026-09-04,2,Call,947.50,+0.90%,18.25,21,20.85,1608,207,7.77,57.39%,52.51%,0.601191,2026-09-02
DELL,492.2,2026-09-04,2,Call,477.50,+2.99%,20.1,19.45,20.75,1868,241,7.75,61.06%,80.78%,0.705342,2026-09-02
SHOP,141.87,2027-12-17,471,Call,185.00,-30.40%,24.05,23.35,26.25,970,126,7.7,42.97%,56.42%,0.49518,2026-09-02
RUN,8.96,2026-10-16,44,Call,9.00,-0.45%,0.86,0.9,0.9,1742,227,7.67,71.43%,71.08%,0.549132,2026-09-02
DELL,492.2,2026-09-04,2,Call,462.50,+6.03%,31.6,32.1,32.55,2491,325,7.66,61.06%,82.14%,0.854712,2026-09-02
DELL,492.2,2026-09-04,2,Call,525.00,-6.66%,2.41,2.49,2.6,3649,480,7.6,61.06%,84.48%,0.159198,2026-09-02
DELL,492.2,2026-09-04,2,Call,512.50,-4.12%,4.6,4.69,4.85,1079,143,7.55,61.06%,82.77%,0.265546,2026-09-02
SRPT,23.21,2026-10-16,44,Call,25.00,-7.71%,2.1,2.2,2.5,6544,867,7.55,87.02%,92.49%,0.477311,2026-09-02
META,592.85,2026-10-09,37,Put,515.00,-13.13%,3.15,3.47,3.75,980,131,7.48,35.48%,36.90%,-0.09967,2026-09-02
NVDA,224.41,2026-09-16,14,Call,235.00,-4.72%,1.69,1.75,1.8,1049,141,7.44,33.12%,30.15%,0.232378,2026-09-02
HD,318.51,2026-09-18,16,Call,300.00,+5.81%,16.8,19,20.5,1685,228,7.39,25.30%,13.97%,0.979689,2026-09-02
NBIS,204.09,2026-10-02,30,Put,195.00,-4.45%,12.15,14.71,14.9,1124,153,7.35,78.73%,78.82%,-0.372367,2026-09-02
AAP,42.8,2026-10-16,44,Call,50.00,-16.82%,0.55,0.6,0.7,894,122,7.33,42.96%,45.21%,0.183148,2026-09-02
GLW,144.13,2026-09-04,2,Call,152.50,-5.81%,0.43,0.62,0.9,3462,472,7.33,55.73%,74.90%,0.161657,2026-09-02
AMD,457.06,2026-09-04,2,Call,457.50,-0.10%,6.9,7.2,7.45,2415,331,7.3,47.70%,54.43%,0.500476,2026-09-02
AMZN,254.98,2026-09-09,7,Call,252.50,+0.97%,4.9,4.9,5.05,1158,159,7.28,29.09%,24.89%,0.625915,2026-09-02
DELL,492.2,2026-09-04,2,Put,467.50,-5.02%,3,3.2,3.15,977,135,7.24,61.06%,80.76%,-0.185719,2026-09-02
ACHR,5.65,2026-10-09,37,Call,7.50,-32.74%,0.04,0.1,0.08,1035,143,7.24,63.22%,66.56%,0.112575,2026-09-02
MDB,375.4,2026-09-04,2,Call,410.00,-9.22%,0.7,0.9,1,730,101,7.23,53.66%,83.63%,0.082245,2026-09-02
DELL,492.2,2026-09-04,2,Call,450.00,+8.57%,42.7,43,43.85,11532,1596,7.23,61.06%,84.55%,0.9287,2026-09-02
BE,217.28,2026-09-04,2,Call,252.50,-16.21%,0.57,0.67,0.62,843,117,7.21,83.27%,130.90%,0.066825,2026-09-02
SEDG,33.98,2026-09-11,9,Put,30.00,-11.71%,0.26,0.34,0.48,1613,224,7.2,75.62%,82.86%,-0.151782,2026-09-02
HPE,51.83,2026-09-11,9,Call,58.00,-11.90%,1.35,1.55,1.49,724,101,7.17,72.27%,108.06%,0.282774,2026-09-02
RUN,8.96,2026-09-18,16,Call,9.00,-0.45%,0.48,0.5,0.58,1831,256,7.15,71.43%,72.49%,0.522734,2026-09-02
CPB,23.78,2026-09-18,16,Put,21.00,-11.69%,0.05,0.1,0.15,10090,1419,7.11,38.53%,45.72%,-0.090817,2026-09-02
NVDA,224.41,2026-09-09,7,Call,225.00,-0.26%,3.2,3.36,3.65,17768,2507,7.09,33.12%,29.39%,0.488327,2026-09-02
DELL,492.2,2026-09-04,2,Put,447.50,-9.08%,0.76,0.82,0.81,1002,142,7.06,61.06%,83.85%,-0.058485,2026-09-02
TSLA,357.01,2026-09-04,2,Put,327.50,-8.27%,0.23,0.25,0.27,7237,1028,7.04,40.98%,65.65%,-0.035656,2026-09-02
BTBT,1.39,2027-02-19,170,Call,3.0000,-115.83%,0.07,0.1,0.25,4002,569,7.03,119.89%,122.06%,0.313641,2026-09-02
DELL,492.2,2026-09-04,2,Put,435.00,-11.62%,0.27,0.34,0.4,4264,610,6.99,61.06%,88.03%,-0.026757,2026-09-02
HIMS,28.68,2026-09-04,2,Call,28.50,+0.63%,0.65,0.63,0.77,2029,292,6.95,68.45%,72.59%,0.558734,2026-09-02
PCG,13.33,2026-10-09,37,Call,13.00,+2.48%,1.01,1,1.2,729,105,6.94,57.92%,54.91%,0.59537,2026-09-02
CLS,277.77,2026-09-04,2,Call,292.50,-5.30%,2.2,2.61,3.4,712,103,6.91,58.48%,96.38%,0.246389,2026-09-02
EQNR,43.58,2026-09-18,16,Put,41.00,-5.92%,0,0.32,0.85,3312,479,6.91,35.44%,38.01%,-0.208644,2026-09-02
CRM,256.93,2026-09-25,23,Put,260.00,+1.19%,10.85,10.86,11.6,1527,222,6.88,37.97%,38.08%,-0.52475,2026-09-02
META,592.85,2026-09-04,2,Put,582.50,-1.75%,3.05,3.16,3.25,1756,256,6.86,35.48%,41.49%,-0.276238,2026-09-02
NVDA,224.41,2026-09-11,9,Call,237.50,-5.83%,0.67,0.68,0.71,14064,2051,6.86,33.12%,30.87%,0.129399,2026-09-02
QCOM,169.96,2026-09-04,2,Call,150.00,+11.74%,18.3,20.25,21.85,2524,371,6.8,41.50%,87.41%,0.975134,2026-09-02
DELL,492.2,2026-09-04,2,Put,500.00,+1.58%,15.8,16.07,16.2,1004,148,6.78,61.06%,80.12%,-0.592215,2026-09-02
UBER,76.45,2026-09-04,2,Put,76.00,-0.59%,0.79,0.8,0.87,7994,1185,6.75,35.11%,46.45%,-0.423182,2026-09-02
NVDA,224.41,2026-09-16,14,Call,240.00,-6.95%,0.87,0.9,0.97,735,109,6.74,33.12%,30.27%,0.139393,2026-09-02
SNOW,305.84,2026-09-04,2,Call,330.00,-7.90%,11.15,11.44,11.7,2288,341,6.71,71.75%,227.75%,0.357334,2026-09-02
NVDA,224.41,2026-09-11,9,Put,227.50,+1.38%,6,6.25,6.25,5944,892,6.66,33.12%,31.84%,-0.593897,2026-09-02
STX,808.54,2026-09-04,2,Call,"1,090.00",-34.81%,0,0.14,3,864,130,6.65,66.68%,209.37%,0.032257,2026-09-02
QCOM,169.96,2026-09-18,16,Call,130.00,+23.51%,38.85,39.5,41.85,2520,379,6.65,41.50%,72.36%,0.966876,2026-09-02
DKNG,24.21,2027-06-17,288,Call,35.00,-44.57%,1.49,2.13,2.24,2111,318,6.64,53.26%,53.24%,0.316904,2026-09-02
T,25.95,2026-09-11,9,Put,26.50,+2.12%,0.4,0.7,0.87,762,115,6.63,23.87%,16.70%,-0.784991,2026-09-02
ECHO,86.69,2026-10-16,44,Put,75.00,-13.48%,0.85,0.95,1.05,6047,912,6.63,40.94%,42.20%,-0.138004,2026-09-02
USAR,17.85,2026-09-11,9,Call,19.50,-9.24%,0.2,0.28,0.33,2305,348,6.62,78.61%,72.00%,0.236497,2026-09-02
DELL,492.2,2026-09-04,2,Put,417.50,-15.18%,0.09,0.12,0.12,2561,387,6.62,61.06%,95.23%,-0.008841,2026-09-02
COHR,268.64,2026-09-11,9,Call,285.00,-6.09%,4.1,4.3,5.7,1024,155,6.61,66.79%,64.38%,0.299634,2026-09-02
TEM,61.94,2026-09-11,9,Call,75.00,-21.08%,0.15,0.19,0.22,758,115,6.59,72.77%,75.51%,0.060971,2026-09-02
NVDA,224.41,2026-10-09,37,Put,225.00,+0.26%,9.2,9.37,10.3,1054,160,6.59,33.12%,34.33%,-0.478757,2026-09-02
MU,956.08,2026-09-04,2,Put,955.00,-0.11%,14.6,15.05,15.75,1648,250,6.59,57.39%,55.97%,-0.479318,2026-09-02
TSLA,357.01,2026-09-09,7,Call,357.50,-0.14%,6.35,8,8.05,2664,404,6.59,40.98%,37.11%,0.505005,2026-09-02
VIK,85.76,2026-10-16,44,Call,90.00,-4.94%,2.45,2.55,2.75,1196,182,6.57,34.90%,34.99%,0.382194,2026-09-02
CRDO,165.22,2026-09-04,2,Put,165.00,-0.13%,3.9,4.15,4.8,2286,348,6.57,74.21%,91.78%,-0.477679,2026-09-02
SNDK,1553.4,2026-09-04,2,Put,"1,545.00",-0.54%,30.3,31,31.7,1304,199,6.55,69.25%,76.89%,-0.449613,2026-09-02
DELL,492.2,2026-09-04,2,Call,537.50,-9.20%,1.2,1.29,1.35,909,139,6.54,61.06%,86.37%,0.089704,2026-09-02
RKLB,63.1,2026-10-02,30,Call,70.00,-10.94%,2.08,2.25,2.35,2070,317,6.53,65.46%,63.85%,0.3232,2026-09-02
DELL,492.2,2026-09-04,2,Call,460.00,+6.54%,33.6,34,34.7,10495,1610,6.52,61.06%,81.45%,0.875996,2026-09-02
RDDT,158.1,2026-09-11,9,Put,150.00,-5.12%,2.03,2.16,2.34,1806,279,6.47,57.01%,55.13%,-0.254624,2026-09-02
AMZN,254.98,2026-09-04,2,Put,272.50,+6.87%,17.35,17.42,18.15,3288,508,6.47,29.09%,56.57%,-0.942191,2026-09-02
MRNA,150.81,2027-04-16,226,Call,210.00,-39.25%,20.25,21.6,23.85,1390,216,6.44,78.16%,80.55%,0.433877,2026-09-02
MU,956.08,2026-09-04,2,Call,952.50,+0.37%,15.5,17.73,17.9,1439,224,6.42,57.39%,52.32%,0.54827,2026-09-02
RKLB,63.1,2026-10-02,30,Call,67.00,-6.18%,1.88,3.15,4.2,981,153,6.41,65.46%,62.79%,0.410498,2026-09-02
TSLA,357.01,2026-09-11,9,Call,352.50,+1.26%,11.95,12,12.2,3915,612,6.4,40.98%,42.63%,0.593591,2026-09-02
NVDA,224.41,2026-09-04,2,Put,227.50,+1.38%,3.5,4.28,4.35,19199,3001,6.4,33.12%,30.62%,-0.721524,2026-09-02
SNDK,1553.4,2026-09-04,2,Put,"1,535.00",-1.18%,26,26.06,26.8,824,129,6.39,69.25%,76.65%,-0.404632,2026-09-02
CRWD,203.42,2026-09-04,2,Call,202.50,+0.45%,4.7,4.75,4.85,1153,181,6.37,50.82%,71.39%,0.546165,2026-09-02
AS,28.56,2026-10-16,44,Call,30.00,-5.04%,1.1,1.2,1.25,1298,204,6.36,44.66%,43.33%,0.412113,2026-09-02
NEM,125.16,2026-09-18,16,Call,55.00,+56.06%,68,68.92,70.55,2520,398,6.33,40.41%,130.12%,0.998843,2026-09-02
SNDK,1553.4,2026-09-04,2,Call,"1,520.00",+2.15%,52.9,57,55.1,1450,230,6.3,69.25%,76.19%,0.661721,2026-09-02
NVDA,224.41,2026-09-11,9,Call,227.50,-1.38%,3,3.01,3.1,25709,4078,6.3,33.12%,30.76%,0.404058,2026-09-02
AMD,457.06,2026-09-04,2,Call,462.50,-1.19%,4.95,5,5.2,912,145,6.29,47.70%,54.85%,0.395013,2026-09-02
SNOW,305.84,2026-09-04,2,Put,245.00,-19.89%,1.12,1.19,1.2,982,156,6.29,71.75%,198.96%,-0.056939,2026-09-02
SSRM,37.75,2027-01-15,135,Call,43.00,-13.91%,3.7,3.6,4,1000,159,6.29,58.12%,61.43%,0.446649,2026-09-02
QCOM,169.96,2026-09-18,16,Call,120.00,+29.40%,48.6,49.45,51.85,1680,268,6.27,41.50%,84.63%,0.979261,2026-09-02
CPB,23.78,2026-10-16,44,Put,22.00,-7.49%,0.45,0.53,0.85,1742,278,6.27,38.53%,42.26%,-0.278138,2026-09-02
SPCX,140.71,2026-09-11,9,Call,141.00,-0.21%,3.8,3.8,4,2543,406,6.26,48.19%,45.15%,0.507592,2026-09-02
DELL,492.2,2026-09-18,16,Call,530.00,-7.68%,11.55,11.55,11.95,4579,732,6.26,61.06%,61.55%,0.308744,2026-09-02
NEE,83.1,2026-09-11,9,Put,82.00,-1.32%,0.19,0.68,0.64,1757,281,6.25,19.85%,16.62%,-0.298124,2026-09-02
VZLA,4.15,2026-12-18,107,Call,4.00,+3.61%,0.7,0.8,0.85,5105,819,6.23,76.16%,77.47%,0.627188,2026-09-02
CBRS,184.52,2026-10-16,44,Call,185.00,-0.26%,16.9,18,18.2,1424,229,6.22,69.98%,68.21%,0.550265,2026-09-02
NVDA,224.41,2026-09-04,2,Put,220.00,-1.97%,0.84,0.89,0.88,87617,14078,6.22,33.12%,37.69%,-0.232366,2026-09-02
DNN,3.22,2026-09-04,2,Call,1.00,+68.94%,2.1,2.22,2.35,632,102,6.2,59.57%,723.84%,0.992868,2026-09-02
AVGO,367.24,2026-09-18,16,Put,325.00,-11.50%,3.05,3.15,3.2,2234,361,6.19,49.66%,56.47%,-0.135095,2026-09-02
DELL,492.2,2026-09-04,2,Call,527.50,-7.17%,2.1,2.31,2.3,728,118,6.17,61.06%,84.91%,0.142766,2026-09-02
HPE,51.83,2026-09-11,9,Call,57.00,-9.97%,1.53,1.67,1.84,1102,179,6.16,72.27%,108.78%,0.319937,2026-09-02
AMD,457.06,2026-09-11,9,Call,465.00,-1.74%,9.55,9.75,10.05,2132,348,6.13,47.70%,45.82%,0.424257,2026-09-02
DELL,492.2,2026-09-04,2,Call,497.50,-1.08%,9.1,9.42,9.4,1664,272,6.12,61.06%,79.90%,0.4409,2026-09-02
GPRO,1.69,2027-04-16,226,Put,1.5000,-11.24%,0.4,0.45,0.45,1143,187,6.11,205.43%,110.03%,-0.27759,2026-09-02
RUN,8.96,2026-09-18,16,Call,9.50,-6.03%,0.24,0.3,0.43,1863,305,6.11,71.43%,72.62%,0.382658,2026-09-02
QFIN,8.55,2026-12-18,107,Put,7.50,-12.28%,0.55,0.6,0.7,2979,489,6.09,60.04%,49.28%,-0.339148,2026-09-02
MSFT,496.82,2026-09-04,2,Put,487.50,-1.88%,0.78,1.02,1.07,2536,418,6.07,24.48%,27.35%,-0.170389,2026-09-02
NU,15.4,2026-09-04,2,Put,15.50,+0.65%,0.26,0.31,0.32,2175,359,6.06,41.92%,52.22%,-0.557308,2026-09-02
ASST,24.32,2026-09-18,16,Call,23.00,+5.43%,2.35,2.4,2.59,2268,374,6.06,89.28%,86.57%,0.658122,2026-09-02
DELL,492.2,2026-09-04,2,Put,440.00,-10.61%,0.42,0.46,0.47,8782,1450,6.06,61.06%,85.36%,-0.035273,2026-09-02
CRWD,203.42,2026-09-11,9,Call,215.00,-5.69%,2.64,2.67,2.75,1683,278,6.05,50.82%,53.13%,0.270499,2026-09-02
PLTR,169.46,2026-09-04,2,Call,172.50,-1.79%,1.61,1.62,1.65,15064,2495,6.04,46.76%,57.20%,0.346738,2026-09-02
UNH,399.66,2026-09-18,16,Call,415.00,-3.84%,2.75,2.9,3.1,795,132,6.02,30.13%,24.72%,0.244674,2026-09-02
META,592.85,2026-09-04,2,Put,585.00,-1.32%,3.8,3.9,3.9,2439,405,6.02,35.48%,41.00%,-0.322907,2026-09-02
SNOW,305.84,2026-09-04,2,Put,275.00,-10.08%,7.05,7.25,7.4,2260,376,6.01,71.75%,219.24%,-0.230477,2026-09-02
TSM,415.5,2026-09-18,16,Put,415.00,-0.12%,10.15,10.92,10.65,1276,213,5.99,32.93%,31.38%,-0.473435,2026-09-02
MSFT,496.82,2026-09-09,7,Call,500.00,-0.64%,4.4,4.9,4.75,748,125,5.98,24.48%,21.48%,0.428158,2026-09-02
RGTI,14.87,2026-09-04,2,Call,14.50,+2.49%,0.43,0.59,0.55,877,147,5.97,67.80%,60.55%,0.722114,2026-09-02
XYZ,82.46,2026-09-11,9,Call,88.00,-6.72%,0.32,0.32,0.48,1266,212,5.97,38.88%,39.11%,0.155361,2026-09-02
DELL,492.2,2026-09-04,2,Put,482.50,-1.97%,7.2,7.35,7.4,1366,229,5.97,61.06%,80.17%,-0.356574,2026-09-02
TSLA,357.01,2026-09-04,2,Call,352.50,+1.26%,6.5,8.5,8.65,28683,4826,5.94,40.98%,47.27%,0.65045,2026-09-02
TSLA,357.01,2026-10-02,30,Call,355.00,+0.56%,18.45,18.45,18.95,2913,491,5.93,40.98%,42.11%,0.552665,2026-09-02
JXN,137.1,2026-10-16,44,Put,125.00,-8.83%,2.25,2.48,2.7,1805,306,5.9,31.25%,38.41%,-0.220539,2026-09-02
DELL,492.2,2026-09-04,2,Put,452.50,-8.07%,1.1,1.11,1.17,947,161,5.88,61.06%,83.06%,-0.080574,2026-09-02
CRDO,165.22,2026-10-16,44,Put,150.00,-9.21%,8.5,8.7,9.3,1505,257,5.86,74.21%,71.59%,-0.298685,2026-09-02
CRDO,165.22,2026-09-18,16,Call,200.00,-21.05%,1.65,1.8,1.9,631,108,5.84,74.21%,77.66%,0.139186,2026-09-02
SPCX,140.71,2026-09-18,16,Put,133.00,-5.48%,2.4,2.48,2.47,2625,450,5.83,48.19%,48.25%,-0.266934,2026-09-02
AFRM,74.09,2026-09-11,9,Put,65.00,-12.27%,0.1,0.14,0.18,610,105,5.81,52.98%,53.02%,-0.052227,2026-09-02
NCLH,15.57,2026-09-04,2,Call,15.50,+0.45%,0.1,0.33,0.38,680,117,5.81,43.87%,43.90%,0.563976,2026-09-02
CVX,211.78,2026-09-04,2,Put,210.00,-0.84%,0.75,0.84,0.94,800,138,5.8,25.32%,25.36%,-0.322738,2026-09-02
NEE,83.1,2026-09-11,9,Put,83.00,-0.12%,0.58,1.01,1.08,939,162,5.8,19.85%,17.02%,-0.474417,2026-09-02
QS,5.45,2026-09-18,16,Put,5.50,+0.92%,0.09,0.3,0.36,659,114,5.78,68.42%,44.46%,-0.515438,2026-09-02
DELL,492.2,2026-09-04,2,Call,475.00,+3.49%,21.9,21.9,22.45,9345,1620,5.77,61.06%,80.79%,0.734855,2026-09-02
IBRX,7.95,2026-09-25,23,Call,8.50,-6.92%,0.2,0.25,0.4,708,123,5.76,72.72%,63.67%,0.372813,2026-09-02
SMR,9.56,2026-10-02,30,Call,9.50,+0.63%,0.82,0.9,0.97,743,129,5.76,77.39%,78.25%,0.561127,2026-09-02
FIGR,33.19,2026-09-18,16,Put,30.00,-9.61%,0.65,0.77,1,1007,175,5.75,75.21%,77.83%,-0.238776,2026-09-02
NEM,125.16,2026-09-18,16,Call,72.50,+42.07%,50.5,51.51,53.05,2520,438,5.75,40.41%,66.19%,0.999608,2026-09-02
VSXY,84.81,2026-09-18,16,Put,60.00,-29.25%,0.4,0.47,0.55,1832,320,5.73,88.94%,110.31%,-0.052579,2026-09-02
MARA,10.47,2026-10-16,44,Put,14.00,+33.72%,3.75,3.85,3.9,704,123,5.72,82.03%,87.92%,-0.788701,2026-09-02
NOK,9.84,2026-09-25,23,Put,11.00,+11.79%,1.22,1.27,1.46,610,107,5.7,52.46%,57.73%,-0.755601,2026-09-02
SNOW,305.84,2026-09-11,9,Put,280.00,-8.45%,9.25,9.6,10.35,633,111,5.7,71.75%,110.43%,-0.274143,2026-09-02
LNG,295.86,2026-09-04,2,Call,300.00,-1.40%,3.4,5.05,6.5,2697,474,5.69,34.55%,77.33%,0.416258,2026-09-02
CRWD,203.42,2026-09-04,2,Call,205.00,-0.78%,3.5,3.6,3.65,2891,508,5.69,50.82%,71.34%,0.453677,2026-09-02
ZS,172.73,2026-09-04,2,Call,175.00,-1.31%,10,10.25,10.5,1077,190,5.67,73.17%,221.00%,0.50127,2026-09-02
DOV,188.9,2026-09-18,16,Call,200.00,-5.88%,0.35,0.62,0.7,2860,504,5.67,23.90%,22.50%,0.121893,2026-09-02
NBIS,204.09,2026-10-02,30,Put,190.00,-6.90%,10.5,11.38,13,1350,239,5.65,78.73%,80.74%,-0.331497,2026-09-02
AAPL,324.96,2026-09-09,7,Call,322.50,+0.76%,5.95,6.1,6.3,3771,667,5.65,25.06%,26.14%,0.59694,2026-09-02
PLTR,169.46,2026-09-11,9,Call,175.00,-3.27%,2.69,2.71,2.75,9054,1605,5.64,46.76%,45.95%,0.345508,2026-09-02
OKLO,39.52,2026-09-04,2,Call,38.50,+2.58%,1.4,1.41,1.61,652,116,5.62,69.67%,78.09%,0.686082,2026-09-02
NOW,136.72,2027-01-15,135,Call,198.00,-44.82%,3.95,4.55,4.35,740,132,5.61,51.07%,55.74%,0.189167,2026-09-02
MSFT,496.82,2026-09-11,9,Call,512.50,-3.16%,2.02,2.2,2.22,847,151,5.61,24.48%,23.37%,0.209235,2026-09-02
QCOM,169.96,2026-09-11,9,Call,150.00,+11.74%,18,19.4,21.85,1127,201,5.61,41.50%,28.54%,0.99705,2026-09-02
SNOW,305.84,2026-10-16,44,Call,380.00,-24.25%,6.2,6.65,6.9,1171,209,5.6,71.75%,63.13%,0.19474,2026-09-02
META,592.85,2026-09-04,2,Call,592.50,+0.06%,7.45,7.62,7.75,3493,624,5.6,35.48%,42.11%,0.51606,2026-09-02
AMBA,67.14,2026-09-04,2,Put,55.00,-18.08%,0.05,0.75,0.85,971,174,5.58,75.21%,210.79%,-0.087306,2026-09-02
FISV,51.98,2027-06-17,288,Put,50.00,-3.81%,5,5.89,7.1,1506,270,5.58,37.54%,42.73%,-0.363654,2026-09-02
QCOM,169.96,2026-09-18,16,Call,135.00,+20.57%,33.45,34.55,36.85,3360,603,5.57,41.50%,54.34%,0.980615,2026-09-02
PDD,82.25,2026-09-25,23,Put,80.00,-2.74%,1.16,1.31,1.36,2299,414,5.55,29.79%,27.92%,-0.323362,2026-09-02
MSTR,123.19,2026-09-04,2,Call,123.00,+0.15%,2.93,3,3,1813,327,5.54,68.29%,78.60%,0.523541,2026-09-02
CVNA,74.16,2026-10-16,44,Call,90.00,-21.36%,1.14,1.3,1.49,3029,548,5.53,55.69%,54.97%,0.185237,2026-09-02
GOOG,333.78,2026-09-04,2,Call,332.50,+0.38%,3.5,3.6,3.85,4500,817,5.51,27.80%,30.05%,0.576184,2026-09-02
NCLH,15.57,2027-09-17,380,Put,15.00,-3.66%,2.3,2.45,2.72,1001,182,5.5,43.87%,49.93%,-0.352094,2026-09-02
SNDK,1553.4,2026-09-04,2,Call,"1,535.00",+1.18%,44,45.7,46.1,1266,230,5.5,69.25%,76.56%,0.595663,2026-09-02
TSLA,357.01,2026-09-04,2,Put,367.50,+2.94%,11.25,12.89,14.65,3040,554,5.49,40.98%,60.17%,-0.734149,2026-09-02
VZ,50.22,2026-12-18,107,Put,49.00,-2.43%,1.88,1.96,2.55,917,168,5.46,21.66%,25.30%,-0.408969,2026-09-02
TSLA,357.01,2026-09-04,2,Put,345.00,-3.36%,1.64,1.67,1.75,18836,3452,5.46,40.98%,56.50%,-0.199486,2026-09-02
NVDA,224.41,2026-10-09,37,Call,235.00,-4.72%,5.1,5.3,5.35,3794,696,5.45,33.12%,32.03%,0.355992,2026-09-02
DELL,492.2,2026-09-04,2,Put,462.50,-6.03%,2.16,2.2,2.3,1196,220,5.44,61.06%,81.32%,-0.143042,2026-09-02
NEM,125.16,2026-09-18,16,Call,65.00,+48.07%,58.05,58.63,60.35,3368,619,5.44,40.41%,94.22%,0.99933,2026-09-02
ERO,34.76,2027-01-15,135,Put,30.00,-13.69%,2.55,2.6,2.9,1064,196,5.43,60.10%,62.83%,-0.272165,2026-09-02
INTU,342.94,2026-09-04,2,Put,345.00,+0.60%,5.4,6.1,7.1,2450,451,5.43,43.88%,50.97%,-0.554588,2026-09-02
GM,84.87,2027-06-17,288,Call,120.00,-41.39%,1.98,1.98,2.19,2000,369,5.42,30.28%,33.50%,0.174494,2026-09-02
TSLA,357.01,2026-09-11,9,Put,352.50,-1.26%,7,7.2,8.55,1797,332,5.41,40.98%,44.97%,-0.410664,2026-09-02
DELL,492.2,2026-09-04,2,Call,517.50,-5.14%,3.6,3.73,3.8,1301,241,5.4,61.06%,83.55%,0.21861,2026-09-02
DELL,492.2,2026-09-11,9,Put,450.00,-8.57%,4.2,4.4,4.5,1571,291,5.4,61.06%,61.92%,-0.164085,2026-09-02
CIFR,15.18,2026-09-18,16,Call,15.50,-2.11%,0.97,1,1.1,2733,506,5.4,93.12%,92.07%,0.498559,2026-09-02
META,592.85,2026-09-04,2,Call,597.50,-0.78%,5.25,5.35,5.4,3809,706,5.4,35.48%,41.97%,0.40895,2026-09-02
OXY,60.91,2028-12-15,835,Put,42.50,-30.22%,2.85,3.15,3.45,1596,296,5.39,31.10%,35.08%,-0.147183,2026-09-02
CRDO,165.22,2026-09-18,16,Put,165.00,-0.13%,9.2,9.64,10.3,1200,223,5.38,74.21%,72.44%,-0.463005,2026-09-02
NOW,136.72,2027-03-19,198,Put,135.00,-1.26%,19.2,19.44,19.85,757,141,5.37,51.07%,54.80%,-0.393859,2026-09-02
SRAD,12.92,2026-09-18,16,Put,12.50,-3.25%,0.2,0.35,0.35,2003,373,5.37,49.82%,43.50%,-0.336078,2026-09-02
DELL,492.2,2026-09-04,2,Call,465.00,+5.53%,29.45,29.55,30.45,5193,969,5.36,61.06%,81.56%,0.835122,2026-09-02
AA,51.05,2028-01-21,506,Put,38.00,-25.56%,4.9,5.18,5.75,701,131,5.35,49.65%,55.72%,-0.201568,2026-09-02
PANW,328.48,2026-09-04,2,Call,335.00,-1.98%,3.2,3.54,3.75,1748,327,5.35,45.87%,63.02%,0.346868,2026-09-02
DELL,492.2,2026-09-11,9,Call,530.00,-7.68%,6.4,6.85,6.95,533,100,5.33,61.06%,62.76%,0.243878,2026-09-02
RKLB,63.1,2026-10-02,30,Call,95.00,-50.55%,0.21,0.21,0.25,624,117,5.33,65.46%,77.64%,0.043343,2026-09-02
MU,956.08,2026-09-09,7,Call,970.00,-1.46%,15.45,18.45,18.25,654,123,5.32,57.39%,43.01%,0.420162,2026-09-02
PANW,328.48,2026-12-18,107,Put,330.00,+0.46%,32.25,34.15,34.85,568,107,5.31,45.87%,48.68%,-0.442837,2026-09-02
CRDO,165.22,2026-09-04,2,Call,200.00,-21.05%,0.1,0.15,0.15,1169,220,5.31,74.21%,125.67%,0.022494,2026-09-02
SNDK,1553.4,2026-09-04,2,Put,"1,550.00",-0.22%,32.9,32.89,33.5,2387,451,5.29,69.25%,76.41%,-0.47213,2026-09-02
KO,88.24,2026-09-11,9,Call,91.00,-3.13%,0.14,0.19,0.21,6420,1214,5.29,18.29%,17.80%,0.140721,2026-09-02
DELL,492.2,2026-09-11,9,Call,470.00,+4.51%,31,31.6,33.05,1136,215,5.28,61.06%,61.82%,0.702535,2026-09-02
TSLA,357.01,2026-09-04,2,Call,345.00,+3.36%,13,13.82,15.55,10887,2063,5.28,40.98%,63.07%,0.776571,2026-09-02
TLN,302.03,2026-12-18,107,Call,360.00,-19.19%,13.4,14,17.7,754,143,5.27,49.07%,51.40%,0.325866,2026-09-02
TTD,14.55,2026-09-04,2,Put,14.50,-0.34%,0.24,0.25,0.34,2001,380,5.27,55.79%,73.59%,-0.462772,2026-09-02
U,40.76,2028-01-21,506,Put,15.00,-63.20%,0.68,1.25,1.61,700,133,5.26,51.82%,75.04%,-0.051708,2026-09-02
DELL,492.2,2026-09-11,9,Call,550.00,-11.74%,3.4,3.75,3.75,1401,267,5.25,61.06%,63.84%,0.146859,2026-09-02
HPE,51.83,2026-09-11,9,Call,52.00,-0.33%,3.3,3.35,3.35,1464,279,5.25,72.27%,104.52%,0.526138,2026-09-02
NFLX,82.73,2026-09-11,9,Put,83.00,+0.33%,1.63,1.61,1.67,827,158,5.23,33.64%,29.78%,-0.512628,2026-09-02
DIS,107.98,2026-09-04,2,Put,108.00,+0.02%,0.62,0.7,0.79,2627,503,5.22,23.36%,21.87%,-0.500294,2026-09-02
MRVL,206.48,2026-09-11,9,Call,210.00,-1.70%,5.55,5.63,5.95,3513,673,5.22,57.72%,55.99%,0.444917,2026-09-02
AG,21.2,2026-09-11,9,Call,23.00,-8.49%,0.19,0.24,0.26,998,192,5.2,63.51%,59.90%,0.208725,2026-09-02
AMZN,254.98,2026-12-18,107,Call,375.00,-47.07%,0.57,0.61,0.66,6312,1214,5.2,29.09%,35.90%,0.033688,2026-09-02
CCL,23.74,2027-01-15,135,Call,28.00,-17.94%,1.07,1.1,1.43,2438,470,5.19,43.41%,45.97%,0.329595,2026-09-02
MU,956.08,2026-09-04,2,Put,945.00,-1.16%,10.45,10.6,11,3687,711,5.19,57.39%,55.98%,-0.379777,2026-09-02
T,25.95,2026-09-11,9,Put,25.50,-1.73%,0.07,0.13,0.19,5594,1079,5.18,23.87%,18.76%,-0.2727,2026-09-02
NFLX,82.73,2026-09-11,9,Call,89.00,-7.58%,0.12,0.12,0.13,1188,230,5.17,33.64%,30.87%,0.071514,2026-09-02
PCG,13.33,2026-09-18,16,Call,13.00,+2.48%,0.78,0.8,0.89,4545,880,5.16,57.92%,59.20%,0.606727,2026-09-02
CLF,12.42,2026-09-25,23,Call,14.00,-12.72%,0.19,0.22,0.36,1571,305,5.15,57.66%,63.26%,0.251783,2026-09-02
NEM,125.16,2026-09-18,16,Call,50.00,+60.05%,73,73.97,75.45,2520,490,5.14,40.41%,140.89%,0.999083,2026-09-02
TSLA,357.01,2026-09-11,9,Call,342.50,+4.06%,18.45,18.7,18.85,636,124,5.13,40.98%,43.17%,0.745132,2026-09-02
CRDO,165.22,2026-09-18,16,Put,160.00,-3.16%,6.8,7.23,7.8,1904,371,5.13,74.21%,72.15%,-0.383323,2026-09-02
AMZN,254.98,2026-09-09,7,Call,260.00,-1.97%,1.53,1.58,1.66,2536,494,5.13,29.09%,24.58%,0.29616,2026-09-02
MU,956.08,2026-09-04,2,Call,960.00,-0.41%,13.05,13.4,14.2,7765,1514,5.13,57.39%,54.51%,0.46955,2026-09-02
MRVL,206.48,2026-09-18,16,Call,205.00,+0.72%,10.3,10.52,10.75,748,146,5.12,57.72%,55.95%,0.55293,2026-09-02
IONQ,37.64,2026-09-11,9,Call,38.00,-0.96%,1.45,1.53,1.59,995,195,5.1,70.96%,70.90%,0.491297,2026-09-02
AAPL,324.96,2026-09-09,7,Call,327.50,-0.78%,3.4,3.6,3.7,3619,711,5.09,25.06%,25.66%,0.427156,2026-09-02
NEM,125.16,2026-09-18,16,Call,70.00,+44.07%,53,53.94,55.75,3360,662,5.08,40.41%,88.71%,0.999012,2026-09-02
LNG,295.86,2026-09-18,16,Call,320.00,-8.16%,2.25,2.47,2.7,4116,815,5.05,34.55%,39.95%,0.189096,2026-09-02
META,592.85,2026-10-02,30,Call,595.00,-0.36%,23.3,23.75,24.2,620,123,5.04,35.48%,35.41%,0.516711,2026-09-02
ENPH,35.52,2026-09-04,2,Call,37.00,-4.17%,0.18,0.2,0.24,1488,295,5.04,61.75%,67.15%,0.214013,2026-09-02
FDX,316.54,2026-09-04,2,Put,310.00,-2.07%,0.45,0.7,1.06,588,117,5.03,26.91%,31.85%,-0.183535,2026-09-02
AMD,457.06,2026-09-04,2,Call,472.50,-3.38%,2.06,2.19,2.35,1653,330,5.01,47.70%,54.75%,0.213405,2026-09-02
DELL,492.2,2026-09-04,2,Call,470.00,+4.51%,25.5,26.08,26.35,11815,2358,5.01,61.06%,81.09%,0.788656,2026-09-02
TSLA,357.01,2026-09-04,2,Put,350.00,-1.96%,2.89,3,3.1,33027,6589,5.01,40.98%,56.20%,-0.307928,2026-09-02
DELL,492.2,2026-09-04,2,Call,507.50,-3.11%,5.75,6.13,6.1,1940,388,5,61.06%,81.55%,0.317672,2026-09-02
SNDK,1553.4,2026-09-04,2,Call,"1,530.00",+1.51%,47.6,48,48.6,1793,359,4.99,69.25%,76.85%,0.617456,2026-09-02
QCOM,169.96,2026-09-18,16,Call,140.00,+17.63%,28,29.25,31.85,3628,729,4.98,41.50%,32.67%,0.997063,2026-09-02
SNDK,1553.4,2026-09-04,2,Call,"1,550.00",+0.22%,36.7,36.85,37.3,4895,982,4.98,69.25%,76.65%,0.528102,2026-09-02
W,94.54,2026-09-18,16,Call,95.00,-0.49%,3.95,4.25,4.35,2484,500,4.97,53.06%,54.43%,0.511306,2026-09-02
MSTR,123.19,2028-06-16,653,Put,35.00,-71.59%,3.1,5.1,8.6,555,112,4.96,68.29%,97.33%,-0.048132,2026-09-02
ANF,136.6,2026-09-11,9,Put,140.00,+2.49%,5.2,5.88,6.1,633,128,4.95,46.71%,43.49%,-0.624822,2026-09-02
IBRX,7.95,2026-11-20,79,Call,12.00,-50.94%,0.15,0.3,0.45,802,162,4.95,72.72%,84.60%,0.203559,2026-09-02
XYZ,82.46,2026-09-11,9,Call,85.00,-3.08%,0.84,1.01,1.06,1158,234,4.95,38.88%,36.97%,0.316252,2026-09-02
ALLY,42.66,2026-09-18,16,Call,44.00,-3.14%,0.4,0.44,0.5,5909,1199,4.93,26.48%,26.88%,0.302956,2026-09-02
ASTS,62.4,2026-09-18,16,Call,62.00,+0.64%,4,4.05,4.3,821,167,4.92,75.40%,75.12%,0.551579,2026-09-02
IBRX,7.95,2026-09-18,16,Call,7.00,+11.95%,0.9,1.1,1.15,1909,388,4.92,72.72%,57.12%,0.872312,2026-09-02
M,22.42,2026-09-18,16,Call,24.00,-7.05%,0.18,0.44,0.5,3647,742,4.92,46.74%,47.62%,0.263312,2026-09-02
MP,54.7,2026-09-11,9,Call,55.00,-0.55%,1.81,1.92,2.11,584,119,4.91,61.42%,60.67%,0.499846,2026-09-02
MU,956.08,2026-09-04,2,Put,960.00,+0.41%,17.35,17.45,19.4,1104,225,4.91,57.39%,58.08%,-0.527922,2026-09-02
META,592.85,2026-09-04,2,Call,622.50,-5.00%,0.64,0.71,0.71,2044,417,4.9,35.48%,45.40%,0.076362,2026-09-02
NEM,125.16,2026-09-18,16,Call,60.00,+52.06%,63,63.54,66.2,2521,515,4.9,40.41%,119.41%,0.998566,2026-09-02
DELL,492.2,2026-09-11,9,Call,460.00,+6.54%,38.3,40,39.85,1025,210,4.88,61.06%,61.77%,0.7745,2026-09-02
CIEN,354.16,2026-09-04,2,Put,320.00,-9.65%,4.6,5,10,1084,222,4.88,78.79%,200.32%,-0.223792,2026-09-02
NVTS,11.21,2026-12-18,107,Call,10.00,+10.79%,2.61,2.8,2.86,1436,294,4.88,76.57%,88.96%,0.691968,2026-09-02
AMZN,254.98,2026-09-04,2,Call,257.50,-0.99%,1.3,1.31,1.4,25073,5148,4.87,29.09%,31.51%,0.344007,2026-09-02
PLTR,169.46,2026-09-04,2,Call,165.00,+2.63%,5.6,5.8,5.85,3967,816,4.86,46.76%,59.76%,0.735544,2026-09-02
RDW,10.33,2026-09-25,23,Put,9.00,-12.88%,0.15,0.17,0.3,587,121,4.85,77.96%,72.92%,-0.196089,2026-09-02
RXT,3.01,2026-09-04,2,Call,1.00,+66.78%,1.85,2.07,2.3,523,108,4.84,102.53%,"1,154.46%",0.95702,2026-09-02
CRDO,165.22,2026-10-16,44,Put,140.00,-15.26%,5.4,5.5,5.8,690,143,4.83,74.21%,72.04%,-0.210996,2026-09-02
SNAP,5.59,2026-09-18,16,Put,5.50,-1.61%,0.21,0.25,0.25,4826,1000,4.83,56.69%,59.70%,-0.419698,2026-09-02
SPCX,140.71,2026-09-04,2,Call,141.00,-0.21%,1.97,1.99,2.02,13954,2903,4.81,48.19%,51.06%,0.487905,2026-09-02
CIEN,354.16,2026-09-04,2,Put,315.00,-11.06%,4.1,4.6,5.3,1092,228,4.79,78.79%,181.16%,-0.173023,2026-09-02
CNM,43.77,2026-09-18,16,Put,40.00,-8.61%,0.4,0.92,1.15,6238,1304,4.78,47.84%,62.26%,-0.221539,2026-09-02
BE,217.28,2027-06-17,288,Put,190.00,-12.56%,43.5,46,47.15,730,153,4.77,83.27%,86.56%,-0.27883,2026-09-02
HPE,51.83,2026-09-04,2,Put,47.50,-8.35%,1.04,1.13,1.19,1263,265,4.77,72.27%,188.31%,-0.243039,2026-09-02
DELL,492.2,2026-09-11,9,Call,500.00,-1.58%,15.15,16,15.8,5295,1109,4.77,61.06%,61.04%,0.456894,2026-09-02
TSLA,357.01,2026-09-09,7,Call,355.00,+0.56%,7.35,9.1,9.8,5006,1055,4.75,40.98%,37.60%,0.55877,2026-09-02
RKT,13.56,2026-09-25,23,Call,14.00,-3.24%,0.49,0.52,0.6,520,110,4.73,50.30%,53.08%,0.438042,2026-09-02
AVGO,367.24,2026-09-18,16,Call,377.50,-2.79%,13.8,14.01,14.5,767,162,4.73,49.66%,60.00%,0.441681,2026-09-02
CRM,256.93,2026-09-04,2,Put,252.50,-1.72%,1.57,1.69,1.74,1901,402,4.73,37.97%,45.70%,-0.296191,2026-09-02
HPQ,31.99,2026-10-16,44,Call,34.00,-6.28%,1.2,1.25,1.31,3870,819,4.73,45.72%,46.32%,0.381347,2026-09-02
MU,956.08,2026-09-25,23,Put,920.00,-3.77%,30,33.1,33.9,809,172,4.7,57.39%,51.80%,-0.353726,2026-09-02
CRDO,165.22,2027-02-19,170,Put,170.00,+2.89%,31.2,34.25,37.2,563,120,4.69,74.21%,73.77%,-0.413802,2026-09-02
ASTS,62.4,2026-09-11,9,Call,62.00,+0.64%,2.9,3.1,3.45,741,158,4.69,75.40%,75.58%,0.548185,2026-09-02
HPE,51.83,2026-09-04,2,Call,45.00,+13.18%,7.2,7.35,7.5,978,209,4.68,72.27%,184.71%,0.864929,2026-09-02
META,592.85,2026-09-04,2,Call,627.50,-5.84%,0.41,0.45,0.47,1494,319,4.68,35.48%,46.53%,0.051894,2026-09-02
AMD,457.06,2026-09-11,9,Call,480.00,-5.02%,4.85,5.35,5.5,2479,530,4.68,47.70%,46.24%,0.265702,2026-09-02
TSLA,357.01,2026-09-04,2,Call,350.00,+1.96%,8.8,10.15,10.3,31553,6748,4.68,40.98%,50.50%,0.710396,2026-09-02
ASTS,62.4,2026-09-11,9,Call,90.00,-44.23%,0.04,0.11,0.13,2827,606,4.67,75.40%,110.95%,0.022236,2026-09-02
MRVL,206.48,2026-09-11,9,Call,215.00,-4.13%,3.85,3.95,4.15,3190,684,4.66,57.72%,56.38%,0.343551,2026-09-02
TSLA,357.01,2026-09-09,7,Call,360.00,-0.84%,6.7,6.72,6.9,5971,1281,4.66,40.98%,40.90%,0.457525,2026-09-02
PANW,328.48,2027-03-19,198,Call,480.00,-46.13%,12.15,13.15,15.95,730,157,4.65,45.87%,52.02%,0.229044,2026-09-02
TSLA,357.01,2026-09-09,7,Call,370.00,-3.64%,3.35,3.57,3.6,2834,610,4.65,40.98%,41.56%,0.28088,2026-09-02
AAPL,324.96,2026-09-04,2,Call,327.50,-0.78%,1.5,1.57,1.6,41417,8913,4.65,25.06%,27.04%,0.355681,2026-09-02
CBOE,294.12,2027-01-15,135,Put,290.00,-1.40%,19.5,21.4,22.9,774,168,4.61,33.68%,34.77%,-0.416336,2026-09-02
PCG,13.33,2026-09-11,9,Call,13.00,+2.48%,0.64,0.69,0.81,2107,457,4.61,57.92%,65.55%,0.617745,2026-09-02
PCG,13.33,2026-09-25,23,Call,13.00,+2.48%,0.91,0.95,1.04,879,191,4.6,57.92%,60.03%,0.598409,2026-09-02
KSS,19.21,2026-09-11,9,Call,19.00,+1.09%,0.59,0.65,0.77,1852,404,4.58,50.64%,47.35%,0.574414,2026-09-02
KTOS,47.78,2026-10-16,44,Call,55.00,-15.11%,1.1,1.51,1.65,544,119,4.57,58.49%,55.27%,0.269539,2026-09-02
DELL,492.2,2026-09-04,2,Call,560.00,-13.77%,0.29,0.38,0.45,1370,300,4.57,61.06%,90.68%,0.029626,2026-09-02
HPE,51.83,2026-09-04,2,Call,51.00,+1.60%,3.35,3.47,3.55,3685,807,4.57,72.27%,198.66%,0.573064,2026-09-02
GOOGL,337.12,2026-09-04,2,Call,337.50,-0.11%,2.78,2.85,2.9,7450,1629,4.57,27.81%,30.08%,0.48756,2026-09-02
PARR,80.16,2026-10-16,44,Call,95.00,-18.51%,1.8,2.1,2.6,506,111,4.56,57.88%,60.04%,0.245318,2026-09-02
STX,808.54,2026-09-04,2,Call,840.00,-3.89%,6.5,6.6,7,829,183,4.53,66.68%,75.21%,0.256324,2026-09-02
MU,956.08,2026-09-04,2,Call,"1,000.00",-4.59%,3.15,3.2,3.3,38998,8673,4.5,57.39%,57.98%,0.153716,2026-09-02
SKHY,164.98,2026-09-11,9,Put,136.00,-17.57%,0.2,0.29,0.29,511,114,4.48,60.34%,69.42%,-0.033309,2026-09-02
ONON,27.8,2028-01-21,506,Call,35.00,-25.90%,4.4,4.4,5.3,8056,1804,4.47,39.46%,51.14%,0.504775,2026-09-02
STX,808.54,2026-09-04,2,Call,830.00,-2.65%,9.2,9.6,10,509,114,4.46,66.68%,75.74%,0.331369,2026-09-02
NOW,136.72,2026-09-11,9,Call,142.00,-3.86%,2.24,2.48,2.41,667,150,4.45,51.07%,50.82%,0.335876,2026-09-02
QS,5.45,2026-10-02,30,Call,6.00,-10.09%,0.02,0.23,0.3,873,196,4.45,68.42%,56.10%,0.309058,2026-09-02
VSXY,84.81,2026-09-18,16,Call,95.00,-12.02%,3,4.9,4.8,980,220,4.45,88.94%,106.01%,0.347099,2026-09-02
DELL,492.2,2026-09-04,2,Call,570.00,-15.81%,0.06,0.22,0.25,1555,350,4.44,61.06%,88.69%,0.013919,2026-09-02
RUN,8.96,2026-09-04,2,Call,9.00,-0.45%,0.15,0.21,0.21,8182,1841,4.44,71.43%,74.88%,0.480431,2026-09-02
MU,956.08,2026-09-04,2,Put,947.50,-0.90%,11.4,12,12.55,918,207,4.43,57.39%,56.82%,-0.405433,2026-09-02
ASTS,62.4,2026-09-04,2,Put,61.00,-2.24%,0.95,0.97,1,1159,262,4.42,75.40%,86.82%,-0.349028,2026-09-02
CRK,15.54,2026-12-18,107,Put,12.00,-22.78%,0.3,0.35,0.45,512,116,4.41,50.31%,52.61%,-0.144277,2026-09-02
MLYS,29.04,2026-09-18,16,Call,35.00,-20.52%,0.2,0.4,0.4,631,143,4.41,71.15%,75.56%,0.137645,2026-09-02
NU,15.4,2027-09-17,380,Put,15.00,-2.60%,2.07,2.11,2.25,3424,777,4.41,41.92%,42.92%,-0.367215,2026-09-02
AMZN,254.98,2026-09-04,2,Put,262.50,+2.95%,7.6,8.07,8.3,11000,2492,4.41,29.09%,35.58%,-0.862187,2026-09-02
EOSE,3.61,2026-09-11,9,Call,3.50,+3.05%,0.29,0.31,0.32,5345,1215,4.4,105.36%,109.89%,0.606738,2026-09-02
NVDA,224.41,2026-09-14,12,Call,240.00,-6.95%,0.6,0.63,0.66,769,175,4.39,33.12%,29.29%,0.111543,2026-09-02
NFLX,82.73,2026-09-04,2,Put,83.00,+0.33%,0.96,0.98,1,1473,336,4.38,33.64%,34.58%,-0.543179,2026-09-02
AMD,457.06,2026-09-04,2,Call,460.00,-0.64%,5.8,6.2,6.2,4339,993,4.37,47.70%,54.19%,0.446365,2026-09-02
PLTR,169.46,2026-09-04,2,Put,162.50,-4.11%,0.69,0.72,0.71,8257,1888,4.37,46.76%,60.74%,-0.168703,2026-09-02
HPE,51.83,2026-09-04,2,Call,56.00,-8.05%,1.47,1.51,1.58,4997,1146,4.36,72.27%,200.19%,0.327333,2026-09-02
ASTS,62.4,2026-09-11,9,Call,61.00,+2.24%,3.45,3.5,3.85,664,153,4.34,75.40%,74.18%,0.60286,2026-09-02
SRE,83.79,2026-11-20,79,Put,85.00,+1.44%,4,4.51,4.9,1173,270,4.34,24.06%,24.88%,-0.520541,2026-09-02
TXN,254.8,2026-09-18,16,Call,260.00,-2.04%,5.3,5.4,5.55,2941,678,4.34,36.44%,35.78%,0.411008,2026-09-02
PATH,17.99,2026-10-16,44,Call,17.00,+5.50%,2.38,2.49,2.59,1051,243,4.33,86.21%,79.05%,0.640497,2026-09-02
CVNA,74.16,2026-10-16,44,Put,65.00,-12.35%,1.99,2.05,2.23,2673,618,4.33,55.69%,58.47%,-0.220607,2026-09-02
SNDK,1553.4,2026-09-04,2,Put,"1,530.00",-1.51%,24,24.13,25.1,1431,332,4.31,69.25%,77.17%,-0.383126,2026-09-02
NVDA,224.41,2026-09-09,7,Call,227.50,-1.38%,2.25,2.29,2.44,9580,2227,4.3,33.12%,29.10%,0.380511,2026-09-02
NOW,136.72,2026-09-11,9,Call,148.00,-8.25%,0.96,1.01,1.05,578,135,4.28,51.07%,51.32%,0.175555,2026-09-02
DELL,492.2,2026-11-20,79,Put,290.00,-41.08%,1.48,2.2,3,975,228,4.28,61.06%,68.26%,-0.032507,2026-09-02
AVGO,367.24,2026-09-04,2,Put,342.50,-6.74%,4.4,4.55,4.95,1309,306,4.28,49.66%,130.20%,-0.219627,2026-09-02
DELL,492.2,2026-09-04,2,Put,455.00,-7.56%,1.3,1.33,1.38,1748,408,4.28,61.06%,82.41%,-0.093188,2026-09-02
ASTS,62.4,2026-09-25,23,Put,54.00,-13.46%,0.74,1.21,1.88,529,124,4.27,75.40%,73.87%,-0.1885,2026-09-02
DELL,492.2,2026-09-11,9,Call,600.00,-21.90%,0.49,0.67,0.86,999,234,4.27,61.06%,67.02%,0.034242,2026-09-02
DELL,492.2,2026-09-04,2,Call,540.00,-9.71%,1.06,1.17,1.17,2051,481,4.26,61.06%,86.86%,0.079747,2026-09-02
IREN,39.6,2027-02-19,170,Call,95.00,-139.90%,1.41,1.45,1.71,1903,448,4.25,79.31%,93.59%,0.153256,2026-09-02
ASTS,62.4,2026-09-04,2,Call,62.00,+0.64%,1.77,1.86,1.92,4866,1147,4.24,75.40%,88.80%,0.553197,2026-09-02
DELL,492.2,2026-09-04,2,Put,425.00,-13.65%,0.15,0.16,0.23,3653,863,4.23,61.06%,93.35%,-0.015345,2026-09-02
DELL,492.2,2026-09-11,9,Call,520.00,-5.65%,8.7,8.7,9.7,953,226,4.22,61.06%,63.10%,0.309451,2026-09-02
EIX,55.19,2027-01-15,135,Call,60.00,-8.72%,3,3.2,3.4,3267,774,4.22,45.36%,39.30%,0.390703,2026-09-02
CRM,256.93,2026-09-25,23,Call,265.00,-3.14%,5.9,6.23,6.55,1064,253,4.21,37.97%,36.56%,0.39307,2026-09-02
META,592.85,2026-09-11,9,Put,590.00,-0.48%,10.7,11,11.2,1364,325,4.2,35.48%,33.80%,-0.448464,2026-09-02
MRK,151.64,2026-11-20,79,Put,145.00,-4.38%,5.8,5.85,6,1123,268,4.19,27.93%,32.83%,-0.348138,2026-09-02
PBR,20.86,2026-09-11,9,Call,21.00,-0.67%,0.4,0.4,0.43,2449,585,4.19,41.89%,36.51%,0.467214,2026-09-02
UBER,76.45,2026-09-04,2,Call,78.00,-2.03%,0.46,0.53,0.52,26187,6245,4.19,35.11%,47.79%,0.29317,2026-09-02
SMCI,37,2026-09-11,9,Call,37.50,-1.35%,1.24,1.33,1.35,848,203,4.18,68.67%,65.06%,0.471475,2026-09-02
SNOW,305.84,2026-09-04,2,Call,335.00,-9.53%,9.6,9.85,10.2,1388,332,4.18,71.75%,226.29%,0.323187,2026-09-02
BRBR,10.72,2026-09-18,16,Put,10.00,-6.72%,0.15,0.16,0.3,943,226,4.17,65.84%,59.08%,-0.26266,2026-09-02
NVDA,224.41,2026-09-14,12,Call,225.00,-0.26%,4.5,4.55,4.65,1493,358,4.17,33.12%,29.25%,0.498629,2026-09-02
TSLA,357.01,2026-09-04,2,Put,360.00,+0.84%,7,7.52,8,18992,4566,4.16,40.98%,55.94%,-0.570255,2026-09-02
DELL,492.2,2026-09-04,2,Call,545.00,-10.73%,0.8,0.83,0.88,811,196,4.14,61.06%,87.61%,0.062226,2026-09-02
VERI,0.8041,2028-01-21,506,Put,0.5000,-37.50%,0,0.2,0.3,1000,242,4.13,216.62%,102.47%,-0.151892,2026-09-02
DELL,492.2,2026-09-04,2,Put,472.50,-4.00%,4.15,4.3,4.4,1145,277,4.13,61.06%,81.28%,-0.238339,2026-09-02
SNDK,1553.4,2026-09-04,2,Put,"1,400.00",-9.88%,1.6,2,1.9,5272,1277,4.13,69.25%,83.70%,-0.043446,2026-09-02
GOOGL,337.12,2026-12-18,107,Call,450.00,-33.48%,2.15,2.25,2.44,14079,3405,4.13,27.81%,34.97%,0.084498,2026-09-02
ZS,172.73,2026-09-11,9,Put,175.00,+1.31%,12.5,13.25,13.35,702,171,4.11,73.17%,108.78%,-0.494791,2026-09-02
SNOW,305.84,2026-09-04,2,Call,430.00,-40.60%,0.05,0.18,0.18,957,233,4.11,71.75%,187.22%,0.008485,2026-09-02
EQT,55.75,2026-10-16,44,Call,62.50,-12.11%,0.32,0.58,0.77,729,178,4.1,30.33%,32.04%,0.172226,2026-09-02
VSXY,84.81,2026-09-18,16,Call,105.00,-23.81%,2.1,2.29,2.2,1272,310,4.1,88.94%,111.12%,0.213358,2026-09-02
DELL,492.2,2026-09-04,2,Put,422.50,-14.16%,0.02,0.16,0.2,1458,356,4.1,61.06%,89.66%,-0.009748,2026-09-02
MSFT,496.82,2026-09-04,2,Call,500.00,-0.64%,2.6,2.75,2.9,7762,1895,4.1,24.48%,27.97%,0.385814,2026-09-02
AMZN,254.98,2026-09-09,7,Call,262.50,-2.95%,0.98,1.01,1.1,1914,468,4.09,29.09%,25.00%,0.211226,2026-09-02
BB,7.61,2026-09-04,2,Call,7.50,+1.45%,0.15,0.21,0.3,612,150,4.08,65.82%,73.18%,0.617749,2026-09-02
MSFT,496.82,2026-09-04,2,Call,492.50,+0.87%,6.4,6.63,7.65,653,160,4.08,24.48%,30.72%,0.656289,2026-09-02
UNH,399.66,2026-09-11,9,Put,385.00,-3.67%,1.71,1.86,1.94,1160,284,4.08,30.13%,27.72%,-0.187418,2026-09-02
TSLA,357.01,2026-09-09,7,Put,355.00,-0.56%,5.3,6.92,7.95,1956,480,4.08,40.98%,39.11%,-0.443634,2026-09-02
DELL,492.2,2026-09-04,2,Call,472.50,+4.00%,23.7,24.25,24.25,2267,556,4.08,61.06%,80.58%,0.763474,2026-09-02
DELL,492.2,2026-09-11,9,Call,450.00,+8.57%,45.85,47.4,47.95,1222,300,4.07,61.06%,62.00%,0.835719,2026-09-02
ETN,390.85,2026-09-04,2,Put,380.00,-2.78%,1,1.2,1.25,990,244,4.06,35.68%,41.24%,-0.173151,2026-09-02
RDDT,158.1,2026-09-11,9,Call,160.00,-1.20%,4.4,4.69,5,1593,392,4.06,57.01%,55.59%,0.466933,2026-09-02
TSLA,357.01,2026-09-11,9,Put,360.00,+0.84%,9.3,10.9,12.65,2223,547,4.06,40.98%,42.59%,-0.53236,2026-09-02
QCOM,169.96,2026-09-18,16,Call,145.00,+14.69%,23.6,24.65,26.85,3177,782,4.06,41.50%,42.15%,0.967028,2026-09-02
GOOGL,337.12,2026-09-09,7,Call,350.00,-3.82%,0.64,0.86,0.9,1926,476,4.05,27.81%,24.00%,0.137397,2026-09-02
SNOW,305.84,2026-09-04,2,Call,375.00,-22.61%,2.3,2.35,2.56,6641,1638,4.05,71.75%,212.09%,0.111455,2026-09-02
WMT,106.09,2026-09-04,2,Put,106.00,-0.08%,0.66,0.71,0.73,4269,1057,4.04,22.04%,23.82%,-0.474563,2026-09-02
NET,272.74,2026-09-04,2,Put,255.00,-6.50%,0.45,0.75,1.07,512,127,4.03,54.67%,74.00%,-0.104099,2026-09-02
CIEN,354.16,2026-09-18,16,Put,270.00,-23.76%,0.8,1.38,2.15,623,155,4.02,78.79%,84.80%,-0.052053,2026-09-02
TAK,18.43,2026-10-16,44,Call,20.00,-8.52%,0.1,0.15,0.15,2388,595,4.01,28.83%,23.56%,0.162661,2026-09-02
COF,216.6,2026-09-18,16,Call,225.00,-3.88%,1.95,2.35,2.4,607,152,3.99,28.46%,28.72%,0.278431,2026-09-02
SBLK,31.82,2027-01-15,135,Call,34.00,-6.85%,1.25,1.35,1.7,1000,252,3.97,30.79%,31.68%,0.382028,2026-09-02
SNDK,1553.4,2026-09-04,2,Call,"1,650.00",-6.22%,7.8,7.5,8,4469,1125,3.97,69.25%,80.82%,0.164707,2026-09-02
PLTR,169.46,2027-09-17,380,Put,170.00,+0.32%,34,34.33,34.55,950,240,3.96,46.76%,54.91%,-0.375324,2026-09-02
DFTX,38.9,2026-09-18,16,Call,40.00,-2.83%,2.3,2.25,4.1,636,161,3.95,107.29%,112.50%,0.502439,2026-09-02
GTLB,49.59,2026-09-04,2,Call,53.00,-6.88%,0,0.3,0.4,2018,511,3.95,54.42%,79.96%,0.137707,2026-09-02
TSLA,357.01,2026-09-04,2,Put,355.00,-0.56%,4.75,4.9,4.9,20580,5211,3.95,40.98%,55.21%,-0.435382,2026-09-02
NVDA,224.41,2026-09-14,12,Call,230.00,-2.49%,2.46,2.5,2.58,12336,3134,3.94,33.12%,28.74%,0.335002,2026-09-02
PBR,20.86,2026-10-16,44,Call,22.00,-5.47%,0.81,0.84,0.86,23379,5930,3.94,41.89%,44.37%,0.397865,2026-09-02
NVDA,224.41,2026-09-09,7,Put,230.00,+2.49%,6.95,6.95,7.5,787,200,3.94,33.12%,31.01%,-0.706646,2026-09-02
EIX,55.19,2026-10-16,44,Put,45.00,-18.46%,0.35,0.41,0.5,1731,439,3.94,45.36%,47.06%,-0.093905,2026-09-02
MSTR,123.19,2026-09-04,2,Call,122.00,+0.97%,3.35,3.45,3.7,1697,432,3.93,68.29%,79.50%,0.578393,2026-09-02
SPCX,140.71,2026-09-04,2,Call,125.00,+11.16%,15.35,15.7,16.15,2492,634,3.93,48.19%,65.44%,0.993279,2026-09-02
ASTS,62.4,2026-09-04,2,Call,68.00,-8.97%,0.3,0.31,0.36,2701,688,3.93,75.40%,103.55%,0.139974,2026-09-02
TSLA,357.01,2026-09-11,9,Call,355.00,+0.56%,10.6,10.65,10.8,7164,1823,3.93,40.98%,42.59%,0.552218,2026-09-02
HOOD,106.99,2026-11-20,79,Call,170.00,-58.89%,1.45,1.4,1.82,646,165,3.92,61.28%,70.39%,0.110108,2026-09-02
BX,136.82,2026-09-04,2,Call,141.00,-3.06%,0.47,0.75,0.99,733,187,3.92,36.68%,54.16%,0.232585,2026-09-02
CRWD,203.42,2026-09-11,9,Call,205.00,-0.78%,6,6.03,6.1,751,192,3.91,50.82%,52.61%,0.483438,2026-09-02
RDDT,158.1,2026-09-11,9,Put,145.00,-8.29%,1.03,1.13,1.24,3379,865,3.91,57.01%,56.21%,-0.15071,2026-09-02
SNDK,1553.4,2026-09-04,2,Put,"1,560.00",+0.42%,38,38.16,39.7,667,171,3.9,69.25%,77.46%,-0.516954,2026-09-02
PANW,328.48,2026-10-16,44,Call,520.00,-58.30%,0.2,0.35,0.61,683,175,3.9,45.87%,59.34%,0.017665,2026-09-02
PLTR,169.46,2026-09-11,9,Put,157.50,-7.06%,1.17,1.22,1.22,803,206,3.9,46.76%,50.08%,-0.163472,2026-09-02
GTLB,49.59,2026-09-04,2,Call,52.00,-4.86%,0.25,0.53,0.6,2479,635,3.9,54.42%,85.60%,0.237561,2026-09-02
TEM,61.94,2026-09-11,9,Call,70.00,-13.01%,0.49,0.55,0.66,914,235,3.89,72.77%,73.63%,0.160455,2026-09-02
META,592.85,2026-12-18,107,Call,990.00,-66.99%,1.14,1.21,1.44,1201,309,3.89,35.48%,44.82%,0.025616,2026-09-02
TSLA,357.01,2026-09-09,7,Call,372.50,-4.34%,2.89,3.01,3.1,1385,356,3.89,40.98%,42.38%,0.247423,2026-09-02
MU,956.08,2026-09-04,2,Call,955.00,+0.11%,14.55,15.75,16.6,3355,862,3.89,57.39%,52.93%,0.521304,2026-09-02
AAPL,324.96,2026-09-09,7,Put,327.50,+0.78%,5.4,5.95,6,547,141,3.88,25.06%,24.52%,-0.578965,2026-09-02
CCL,23.74,2026-09-18,16,Put,24.50,+3.20%,0.81,1.27,1.38,975,251,3.88,43.41%,32.47%,-0.664062,2026-09-02
GTLB,49.59,2026-09-04,2,Call,57.00,-14.94%,0.05,0.1,0.2,1283,331,3.88,54.42%,121.29%,0.066295,2026-09-02
SNDK,1553.4,2026-09-04,2,Call,"1,675.00",-7.83%,4.8,5.3,5.3,805,208,3.87,69.25%,81.89%,0.113188,2026-09-02
OWL,11.6,2026-09-11,9,Put,11.50,-0.86%,0.25,0.3,0.35,1145,296,3.87,41.96%,47.40%,-0.44338,2026-09-02
NVDA,224.41,2026-09-11,9,Put,222.50,-0.85%,3.5,3.55,3.65,3178,823,3.86,33.12%,32.40%,-0.418309,2026-09-02
HPQ,31.99,2026-12-18,107,Put,32.00,+0.03%,3.45,3.47,3.95,512,133,3.85,45.72%,54.24%,-0.438143,2026-09-02
MBLY,8.5,2026-10-09,37,Call,3.00,+64.71%,5.35,5.6,6.15,866,225,3.85,52.17%,276.24%,0.948267,2026-09-02
AVGO,367.24,2026-09-09,7,Put,370.00,+0.75%,16.7,17.02,17.25,545,142,3.84,49.66%,76.93%,-0.50508,2026-09-02
GOOG,333.78,2026-09-11,9,Call,332.50,+0.38%,5.85,6.2,6.3,665,173,3.84,27.80%,25.22%,0.554763,2026-09-02
SNOW,305.84,2026-09-11,9,Call,340.00,-11.17%,9.1,9.33,9.5,743,194,3.83,71.75%,110.28%,0.301611,2026-09-02
CRWD,203.42,2026-09-04,2,Put,192.50,-5.37%,0.8,0.8,0.83,1894,495,3.83,50.82%,71.98%,-0.14329,2026-09-02
FLNC,10.56,2026-09-18,16,Put,9.00,-14.77%,0.1,0.1,0.2,2116,553,3.83,78.00%,80.88%,-0.14984,2026-09-02
AMZN,254.98,2026-09-04,2,Call,252.50,+0.97%,3.8,3.82,3.95,6272,1641,3.82,29.09%,32.04%,0.667259,2026-09-02
SNOW,305.84,2026-09-11,9,Call,335.00,-9.53%,10.45,10.82,11.2,548,144,3.81,71.75%,111.64%,0.334757,2026-09-02
INTC,90.05,2026-09-11,9,Call,107.00,-18.82%,0.1,0.12,0.15,598,157,3.81,55.29%,60.03%,0.03799,2026-09-02
ASTS,62.4,2026-09-04,2,Call,61.00,+2.24%,2.29,2.4,2.54,4809,1262,3.81,75.40%,88.47%,0.648889,2026-09-02
MSFT,496.82,2026-09-04,2,Put,495.00,-0.37%,2.81,3.2,3.3,6095,1599,3.81,24.48%,26.83%,-0.420156,2026-09-02
MSTR,123.19,2026-09-04,2,Call,125.00,-1.47%,2.02,2.1,2.18,8657,2272,3.81,68.29%,79.32%,0.414599,2026-09-02
ASTS,62.4,2026-09-04,2,Call,65.00,-4.17%,0.76,0.78,0.8,9263,2434,3.81,75.40%,94.82%,0.293306,2026-09-02
NVDA,224.41,2026-09-11,9,Call,232.50,-3.61%,1.49,1.48,1.54,15231,4013,3.8,33.12%,30.62%,0.243091,2026-09-02
CRDO,165.22,2026-09-04,2,Put,167.50,+1.38%,5.2,6.02,6.8,848,223,3.8,74.21%,97.55%,-0.560242,2026-09-02
SNOW,305.84,2026-09-04,2,Put,225.00,-26.43%,0.08,0.13,0.2,1239,326,3.8,71.75%,182.47%,-0.009612,2026-09-02
META,592.85,2026-09-04,2,Put,580.00,-2.17%,2.31,2.5,2.6,3497,921,3.8,35.48%,41.22%,-0.230002,2026-09-02
PLTR,169.46,2026-09-11,9,Call,165.00,+2.63%,7.45,7.45,7.75,1204,318,3.79,46.76%,47.38%,0.658291,2026-09-02
MDB,375.4,2026-12-18,107,Put,150.00,-60.04%,0,0.36,1.54,1300,344,3.78,53.66%,83.47%,-0.011339,2026-09-02
TSLA,357.01,2026-09-09,7,Call,362.50,-1.54%,5.6,5.85,5.95,1441,381,3.78,40.98%,40.91%,0.409515,2026-09-02
DELL,492.2,2026-09-11,9,Put,400.00,-18.73%,0.4,0.43,0.45,1525,403,3.78,61.06%,67.13%,-0.021328,2026-09-02
ZS,172.73,2026-09-11,9,Call,175.00,-1.31%,10.7,11.1,11.2,577,153,3.77,73.17%,110.16%,0.50645,2026-09-02
SNOW,305.84,2027-02-19,170,Call,460.00,-50.41%,9,10.85,12.4,518,138,3.75,71.75%,55.08%,0.197588,2026-09-02
DELL,492.2,2026-09-18,16,Call,435.00,+11.62%,63,62.05,63.7,1020,272,3.75,61.06%,62.84%,0.844813,2026-09-02
NEM,125.16,2026-09-18,16,Call,77.50,+38.08%,46.15,46.95,48.45,1200,320,3.75,40.41%,70.43%,0.999205,2026-09-02
FRO,45.42,2028-01-21,506,Call,40.00,+11.93%,7.2,8.1,9,1305,350,3.73,50.62%,38.17%,0.617901,2026-09-02
CRWD,203.42,2026-09-04,2,Call,210.00,-3.23%,1.83,1.87,1.9,2480,665,3.73,50.82%,71.77%,0.284669,2026-09-02
DELL,492.2,2026-09-04,2,Put,415.00,-15.68%,0.09,0.1,0.1,4263,1149,3.71,61.06%,97.08%,-0.007933,2026-09-02
TSLA,357.01,2026-09-04,2,Put,362.50,+1.54%,7.5,9.25,10.75,5327,1434,3.71,40.98%,56.73%,-0.6327,2026-09-02
SLS,14.16,2026-09-25,23,Call,20.00,-41.24%,0.45,0.68,1.1,500,135,3.7,198.15%,164.06%,0.265282,2026-09-02
TGT,163.36,2026-09-11,9,Put,157.50,-3.59%,0.66,0.75,0.84,563,152,3.7,29.34%,27.35%,-0.190233,2026-09-02
AUR,5.85,2026-10-09,37,Call,2.00,+65.81%,3.8,3.89,6,1491,403,3.7,67.41%,652.47%,0.940291,2026-09-02
EOSE,3.61,2026-09-11,9,Call,3.00,+16.90%,0.63,0.66,0.7,6289,1706,3.69,105.36%,119.63%,0.860848,2026-09-02
AAPL,324.96,2026-09-04,2,Put,320.00,-1.53%,0.75,0.86,0.86,17976,4873,3.69,25.06%,27.00%,-0.215388,2026-09-02
SNOW,305.84,2026-09-04,2,Call,420.00,-37.33%,0.15,0.36,0.54,754,205,3.68,71.75%,203.52%,0.02125,2026-09-02
AVGO,367.24,2026-09-09,7,Call,400.00,-8.92%,5.3,5.38,5.45,1347,366,3.68,49.66%,79.79%,0.237864,2026-09-02
MSTR,123.19,2026-09-04,2,Call,124.00,-0.66%,2.39,2.51,2.53,2227,606,3.67,68.29%,77.71%,0.467428,2026-09-02
NFLX,82.73,2026-09-04,2,Call,83.00,-0.33%,0.72,0.74,0.74,34254,9335,3.67,33.64%,34.77%,0.457786,2026-09-02
TSLA,357.01,2026-09-04,2,Call,362.50,-1.54%,3.65,3.77,3.85,19342,5290,3.66,40.98%,57.23%,0.369034,2026-09-02
MU,956.08,2026-09-04,2,Call,945.00,+1.16%,19.2,22.55,22.4,4060,1110,3.66,57.39%,51.58%,0.629131,2026-09-02
HUN,9.71,2026-10-16,44,Call,11.00,-13.29%,0.15,0.2,0.25,819,225,3.64,47.48%,45.58%,0.238614,2026-09-02
ANET,186.1,2026-09-04,2,Call,192.50,-3.44%,0.8,1.07,1.42,1153,318,3.63,45.91%,60.49%,0.233183,2026-09-02
MU,956.08,2026-09-04,2,Call,935.00,+2.20%,27.25,28.7,29.5,2001,551,3.63,57.39%,55.44%,0.715211,2026-09-02
DELL,492.2,2026-09-04,2,Call,447.50,+9.08%,44.9,45.7,46.3,2371,654,3.63,61.06%,84.78%,0.939558,2026-09-02
CPB,23.78,2026-09-04,2,Call,25.00,-5.13%,0.2,0.24,0.3,4704,1296,3.63,38.53%,96.90%,0.253411,2026-09-02
AMD,457.06,2026-09-09,7,Call,460.00,-0.64%,9,9.63,9.85,1140,315,3.62,47.70%,42.20%,0.47265,2026-09-02
SNOW,305.84,2026-09-04,2,Put,290.00,-5.18%,12.6,12.65,12.95,1974,545,3.62,71.75%,224.37%,-0.342989,2026-09-02
MRVL,206.48,2026-09-04,2,Call,205.00,+0.72%,4.85,5.05,5.2,3872,1070,3.62,57.72%,69.51%,0.567219,2026-09-02
TSLA,357.01,2026-09-04,2,Put,337.50,-5.46%,0.67,0.68,0.72,5529,1529,3.62,40.98%,58.81%,-0.093921,2026-09-02
PLTR,169.46,2026-09-04,2,Call,177.50,-4.74%,0.51,0.51,0.52,12321,3407,3.62,46.76%,57.24%,0.142721,2026-09-02
AAPL,324.96,2026-09-14,12,Call,340.00,-4.63%,1.27,1.4,1.43,582,161,3.61,25.06%,25.22%,0.172822,2026-09-02
VZ,50.22,2026-09-04,2,Put,51.00,+1.55%,0.76,0.84,0.95,690,191,3.61,21.66%,21.47%,-0.833333,2026-09-02
GOOGL,337.12,2026-09-04,2,Call,335.00,+0.63%,4.05,4.21,4.35,4655,1291,3.61,27.81%,30.06%,0.619027,2026-09-02
TSM,415.5,2028-12-15,835,Put,190.00,-54.27%,8.7,9.29,9.5,832,231,3.6,32.93%,45.50%,-0.056147,2026-09-02
HPE,51.83,2026-09-11,9,Call,50.00,+3.53%,4.25,4.3,4.65,872,242,3.6,72.27%,108.05%,0.617904,2026-09-02
BBY,87,2026-10-16,44,Put,80.00,-8.05%,1.6,1.47,1.8,1156,321,3.6,36.85%,37.40%,-0.239072,2026-09-02
NIO,3.86,2026-10-16,44,Call,4.00,-3.63%,0.21,0.22,0.22,10102,2805,3.6,49.77%,50.10%,0.46328,2026-09-02
AMZN,254.98,2026-09-11,9,Call,260.00,-1.97%,2.25,2.36,2.57,7144,1988,3.59,29.09%,27.26%,0.339744,2026-09-02
ALNY,267.4,2026-09-18,16,Call,280.00,-4.71%,4.4,5,5.3,834,232,3.59,44.68%,42.69%,0.325349,2026-09-02
DELL,492.2,2026-09-11,9,Call,440.00,+10.61%,54,55.65,57.2,1035,288,3.59,61.06%,64.05%,0.879443,2026-09-02
RUN,8.96,2026-10-16,44,Put,9.00,+0.45%,0.82,0.8,0.96,2655,740,3.59,71.43%,71.67%,-0.452215,2026-09-02
AFRM,74.09,2026-09-04,2,Call,76.00,-2.58%,0.46,0.65,0.74,590,165,3.58,52.98%,60.47%,0.29393,2026-09-02
ADBE,279.79,2026-09-11,9,Call,295.00,-5.44%,5.9,6.1,6.55,638,178,3.58,51.42%,68.28%,0.332914,2026-09-02
MU,956.08,2026-09-04,2,Call,950.00,+0.64%,17.75,18.85,19.1,13180,3689,3.57,57.39%,53.61%,0.573599,2026-09-02
NVDA,224.41,2026-10-02,30,Call,250.00,-11.40%,1.25,1.3,1.33,11985,3362,3.56,33.12%,31.55%,0.131507,2026-09-02
CRWV,80.93,2026-09-04,2,Call,80.00,+1.15%,2.27,2.3,2.36,1728,486,3.56,69.07%,75.89%,0.593834,2026-09-02
QCOM,169.96,2026-09-04,2,Call,162.50,+4.39%,6.2,7.9,8.45,934,263,3.55,41.50%,53.77%,0.874795,2026-09-02
KLAR,14.55,2026-09-11,9,Call,14.50,+0.34%,0.35,0.4,0.55,517,146,3.54,47.09%,45.94%,0.53832,2026-09-02
SNDK,1553.4,2026-09-04,2,Put,"1,525.00",-1.83%,21.8,21.7,23.1,955,270,3.54,69.25%,76.87%,-0.361002,2026-09-02
NBIS,204.09,2026-10-02,30,Call,210.00,-2.90%,14.5,15.83,18,1121,317,3.54,78.73%,79.56%,0.500888,2026-09-02
GOOG,333.78,2026-09-04,2,Call,335.00,-0.37%,2.34,2.4,2.5,10161,2873,3.54,27.80%,30.01%,0.442412,2026-09-02
SNDK,1553.4,2026-09-04,2,Put,"1,425.00",-8.27%,2.75,2.5,3.1,738,209,3.53,69.25%,80.64%,-0.069675,2026-09-02
F,14.14,2026-09-11,9,Put,15.00,+6.08%,0.82,0.89,0.92,846,240,3.53,32.30%,22.01%,-0.95395,2026-09-02
ASTS,62.4,2026-10-02,30,Put,50.00,-19.87%,0.79,0.83,1.09,1100,312,3.53,75.40%,75.65%,-0.126582,2026-09-02
DELL,492.2,2026-09-04,2,Call,502.50,-2.09%,7.35,7.59,7.7,2345,664,3.53,61.06%,81.35%,0.37787,2026-09-02
DHR,209.91,2026-12-18,107,Call,200.00,+4.72%,20.1,21.85,22.5,595,169,3.52,29.84%,33.54%,0.656559,2026-09-02
MU,956.08,2026-09-09,7,Call,940.00,+1.68%,29.7,32.85,33.45,645,183,3.52,57.39%,42.45%,0.629153,2026-09-02
DELL,492.2,2026-09-04,2,Call,532.50,-8.19%,1.62,1.68,1.74,1329,378,3.52,61.06%,85.64%,0.113676,2026-09-02
DELL,492.2,2026-09-04,2,Put,457.50,-7.05%,1.56,1.79,1.65,1533,436,3.52,61.06%,82.19%,-0.108455,2026-09-02
NVDA,224.41,2026-09-16,14,Call,230.00,-2.49%,3.05,3.1,3.25,530,151,3.51,33.12%,30.41%,0.358303,2026-09-02
HPE,51.83,2026-09-04,2,Put,48.50,-6.42%,1.41,1.42,1.65,969,276,3.51,72.27%,195.87%,-0.297554,2026-09-02
MU,956.08,2026-09-04,2,Call,930.00,+2.73%,29.35,33,33,3570,1021,3.5,57.39%,51.69%,0.772535,2026-09-02
NVDA,224.41,2026-09-09,7,Call,222.50,+0.85%,4.45,4.7,5.8,6615,1892,3.5,33.12%,32.58%,0.589193,2026-09-02
RKLB,63.1,2026-09-04,2,Call,62.00,+1.74%,1.8,1.87,1.98,891,255,3.49,65.46%,68.03%,0.64744,2026-09-02
MU,956.08,2026-09-04,2,Put,942.50,-1.42%,9.55,9.5,10.6,968,277,3.49,57.39%,57.15%,-0.358184,2026-09-02
GOOGL,337.12,2026-09-09,7,Call,340.00,-0.85%,3.1,3.1,3.4,1620,464,3.49,27.81%,23.83%,0.412221,2026-09-02
AMD,457.06,2026-09-04,2,Call,467.50,-2.28%,3.3,3.46,3.55,766,220,3.48,47.70%,54.87%,0.297735,2026-09-02
PFE,29.02,2026-09-04,2,Put,29.00,-0.07%,0.19,0.19,0.21,1090,313,3.48,22.96%,24.31%,-0.483562,2026-09-02
AVGO,367.24,2026-09-04,2,Call,367.50,-0.07%,14,14.7,15,3594,1034,3.48,49.66%,134.66%,0.517665,2026-09-02
PSKY,10.97,2026-12-18,107,Call,13.00,-18.51%,0.61,0.72,0.69,4269,1227,3.48,51.07%,55.42%,0.34424,2026-09-02
GS,1004.42,2028-03-17,562,Call,"1,305.00",-29.93%,82,85.19,88.35,902,260,3.47,32.09%,34.00%,0.362107,2026-09-02
CMG,38.52,2026-09-11,9,Call,38.50,+0.05%,0.71,0.77,0.89,674,195,3.46,33.48%,32.04%,0.521243,2026-09-02
MRVL,206.48,2026-10-09,37,Put,185.00,-10.40%,5.75,5.92,6.2,1197,346,3.46,57.72%,58.18%,-0.241084,2026-09-02
MSTR,123.19,2026-09-04,2,Put,121.00,-1.78%,1.63,1.8,1.83,1916,554,3.46,68.29%,74.70%,-0.361224,2026-09-02
META,592.85,2026-09-04,2,Call,610.00,-2.89%,1.77,1.96,2,7716,2238,3.45,35.48%,42.40%,0.187443,2026-09-02
WFC,89.27,2026-09-04,2,Put,89.00,-0.30%,0.49,0.62,0.59,502,146,3.44,26.77%,25.44%,-0.430775,2026-09-02
INFQ,12.65,2027-01-15,135,Put,11.00,-13.04%,1.5,1.79,1.85,1009,293,3.44,89.56%,87.63%,-0.291405,2026-09-02
AVGO,367.24,2026-09-18,16,Call,385.00,-4.84%,11.2,11.38,11.6,1108,322,3.44,49.66%,59.90%,0.380543,2026-09-02
TSLA,357.01,2026-09-09,7,Put,342.50,-4.06%,2.25,2.56,2.7,662,193,3.43,40.98%,39.87%,-0.214663,2026-09-02
SMCI,37,2026-09-04,2,Call,35.50,+4.05%,1.77,1.77,1.86,686,200,3.43,68.67%,80.31%,0.767111,2026-09-02
DELL,492.2,2026-12-18,107,Put,430.00,-12.64%,35.2,35.7,37.25,571,167,3.42,61.06%,64.85%,-0.279541,2026-09-02
SNDK,1553.4,2026-09-04,2,Put,"1,520.00",-2.15%,20.3,20.4,20.8,948,277,3.42,69.25%,76.77%,-0.33944,2026-09-02
META,592.85,2026-09-04,2,Call,617.50,-4.16%,1,1.02,1.06,2709,791,3.42,35.48%,44.28%,0.111029,2026-09-02
HOOD,106.99,2026-09-04,2,Call,107.00,-0.01%,2.2,2.23,2.26,5955,1740,3.42,61.28%,70.42%,0.511203,2026-09-02
SEDG,33.98,2027-01-15,135,Call,77.50,-128.08%,0.5,0.7,0.83,508,149,3.41,75.62%,85.56%,0.097328,2026-09-02
IREN,39.6,2026-09-18,16,Call,38.50,+2.78%,3.05,3.16,3.25,603,177,3.41,79.31%,77.63%,0.604266,2026-09-02
NEM,125.16,2026-09-18,16,Call,62.50,+50.06%,61.25,61.4,63.7,630,185,3.41,40.41%,108.31%,0.998901,2026-09-02
NVDA,224.41,2026-09-25,23,Call,275.00,-22.54%,0.09,0.11,0.12,4757,1401,3.4,33.12%,36.17%,0.014952,2026-09-02
DELL,492.2,2026-09-04,2,Put,442.50,-10.10%,0.52,0.54,0.69,1345,397,3.39,61.06%,86.79%,-0.045369,2026-09-02
TSLA,357.01,2026-09-04,2,Put,347.50,-2.66%,2.19,2.28,2.32,9765,2883,3.39,40.98%,56.10%,-0.249757,2026-09-02
NEM,125.16,2026-09-18,16,Call,75.00,+40.08%,48.65,49.74,51.05,986,292,3.38,40.41%,81.50%,0.998646,2026-09-02
CLMT,53.07,2027-01-15,135,Call,75.00,-41.32%,2.45,2.85,2.9,1096,324,3.38,60.07%,66.66%,0.250591,2026-09-02
AEO,16.66,2026-09-11,9,Call,17.00,-2.04%,1.05,1.13,1.21,1107,328,3.38,77.09%,122.79%,0.496657,2026-09-02
ASTS,62.4,2026-09-04,2,Put,62.00,-0.64%,1.35,1.44,1.44,1453,430,3.38,75.40%,86.70%,-0.446354,2026-09-02
PLTR,169.46,2026-10-02,30,Call,180.00,-6.22%,4.9,5,5.1,2289,678,3.38,46.76%,45.86%,0.355644,2026-09-02
SPCX,140.71,2026-09-11,9,Put,142.00,+0.92%,4.45,4.65,4.75,4127,1220,3.38,48.19%,45.00%,-0.533595,2026-09-02
MU,956.08,2026-09-04,2,Call,942.50,+1.42%,20.65,23.3,24.4,1009,301,3.35,57.39%,52.18%,0.65351,2026-09-02
CIFR,15.18,2026-09-04,2,Call,14.50,+4.48%,0.83,0.77,1.09,3845,1149,3.35,93.12%,126.21%,0.705216,2026-09-02
BETR,12.3,2026-09-18,16,Call,12.50,-1.63%,0.95,1.02,1.1,839,251,3.34,105.21%,107.76%,0.519281,2026-09-02
ITUB,8.08,2026-10-16,44,Call,8.00,+0.99%,0.45,0.5,0.5,903,270,3.34,40.32%,37.41%,0.569208,2026-09-02
TSLA,357.01,2026-09-09,7,Put,350.00,-1.96%,4.7,4.85,4.85,3589,1076,3.34,40.98%,40.30%,-0.346819,2026-09-02
CRWV,80.93,2026-09-04,2,Call,82.00,-1.32%,1.33,1.33,1.38,4399,1319,3.34,69.07%,76.25%,0.42035,2026-09-02
CLS,277.77,2026-09-04,2,Call,300.00,-8.00%,1.2,1.5,1.85,1557,467,3.33,58.48%,97.32%,0.151495,2026-09-02
TSLA,357.01,2026-09-04,2,Call,360.00,-0.84%,4.5,4.5,4.75,48767,14653,3.33,40.98%,56.41%,0.430886,2026-09-02
FLYW,18.83,2026-12-18,107,Call,15.00,+20.34%,4.3,4.5,4.8,571,172,3.32,38.50%,53.40%,0.834032,2026-09-02
NIO,3.86,2026-10-16,44,Call,3.00,+22.28%,0.86,0.89,0.99,609,184,3.31,49.77%,66.19%,0.890902,2026-09-02
TSLA,357.01,2026-09-09,7,Put,357.50,+0.14%,8,8.08,8.25,655,198,3.31,40.98%,40.49%,-0.494699,2026-09-02
WMT,106.09,2026-10-02,30,Call,106.00,+0.08%,2.8,2.97,2.95,920,278,3.31,22.04%,22.36%,0.531846,2026-09-02
M,22.42,2027-06-17,288,Put,10.00,-55.40%,0,0.12,0.33,522,158,3.3,46.74%,56.91%,-0.030787,2026-09-02
ORCL,145.75,2027-12-17,471,Call,160.00,-9.78%,35.15,35.55,36.4,1421,431,3.3,66.27%,60.94%,0.593013,2026-09-02
DELL,492.2,2026-11-20,79,Put,300.00,-39.05%,1.85,2.61,3.8,1240,377,3.29,61.06%,67.69%,-0.040027,2026-09-02
ESI,34.43,2026-09-18,16,Call,36.00,-4.56%,0.35,0.55,0.95,1016,310,3.28,40.84%,43.25%,0.33194,2026-09-02
CIEN,354.16,2026-09-18,16,Call,450.00,-27.06%,1.35,2.7,5.1,520,159,3.27,78.79%,86.78%,0.111474,2026-09-02
NEM,125.16,2026-09-18,16,Call,80.00,+36.08%,43.2,44.35,45.75,1030,315,3.27,40.41%,73.75%,0.99821,2026-09-02
MU,956.08,2026-09-04,2,Put,940.00,-1.68%,8.65,9,9.25,3611,1105,3.27,57.39%,56.30%,-0.332884,2026-09-02
MSFT,496.82,2026-09-25,23,Put,500.00,+0.64%,12.15,13.06,13.15,587,180,3.26,24.48%,22.89%,-0.523491,2026-09-02
PANW,328.48,2026-09-04,2,Put,327.50,-0.30%,5.2,5.55,6.05,1011,310,3.26,45.87%,63.30%,-0.46386,2026-09-02
NVDA,224.41,2026-09-14,12,Call,250.00,-11.40%,0.13,0.16,0.16,514,158,3.25,33.12%,30.96%,0.030252,2026-09-02
MP,54.7,2026-09-04,2,Put,49.00,-10.42%,0.02,0.11,0.11,526,162,3.25,61.42%,88.58%,-0.043274,2026-09-02
DELL,492.2,2026-09-11,9,Call,475.00,+3.49%,27.2,28,30.3,896,276,3.25,61.06%,61.69%,0.664003,2026-09-02
DELL,492.2,2026-09-04,2,Call,442.50,+10.10%,49.9,49.85,50.95,1425,438,3.25,61.06%,88.09%,0.95229,2026-09-02
PLTR,169.46,2026-09-04,2,Put,170.00,+0.32%,3.05,3.15,3.15,20061,6179,3.25,46.76%,56.62%,-0.520411,2026-09-02
HPE,51.83,2026-09-18,16,Call,51.00,+1.60%,3.95,4.01,4.35,613,189,3.24,72.27%,86.13%,0.573454,2026-09-02
RCAT,8.32,2026-09-11,9,Put,8.50,+2.16%,0.41,0.73,0.73,1018,314,3.24,84.40%,90.91%,-0.529415,2026-09-02
CRWD,203.42,2026-09-04,2,Call,207.50,-2.01%,2.57,2.65,2.68,1910,589,3.24,50.82%,71.70%,0.365453,2026-09-02
CRK,15.54,2026-10-16,44,Put,14.00,-9.91%,0.3,0.43,0.5,529,164,3.23,50.31%,48.44%,-0.238672,2026-09-02
PATH,17.99,2026-09-11,9,Call,17.50,+2.72%,1.51,1.7,1.7,927,287,3.23,86.21%,120.52%,0.596886,2026-09-02
UBER,76.45,2026-09-25,23,Call,80.00,-4.64%,1.28,1.38,1.43,2846,881,3.23,35.11%,34.69%,0.325784,2026-09-02
NU,15.4,2027-04-16,226,Call,15.00,+2.60%,2.35,2.41,2.45,6277,1942,3.23,41.92%,42.50%,0.625439,2026-09-02
BE,217.28,2028-01-21,506,Put,145.00,-33.27%,34.25,36.36,36.85,503,156,3.22,83.27%,86.23%,-0.172334,2026-09-02
MGM,41.44,2026-10-16,44,Call,45.00,-8.59%,0.85,1,1.1,505,157,3.22,36.87%,38.06%,0.300139,2026-09-02
DELL,492.2,2026-09-11,9,Call,490.00,+0.45%,19.9,20.2,21.05,561,174,3.22,61.06%,62.34%,0.540781,2026-09-02
TSLA,357.01,2026-09-14,12,Call,365.00,-2.24%,6.8,7.15,7.3,790,245,3.22,40.98%,39.84%,0.39981,2026-09-02
DELL,492.2,2026-09-04,2,Put,420.00,-14.67%,0.1,0.13,0.15,6289,1956,3.22,61.06%,94.27%,-0.010444,2026-09-02
CCL,23.74,2026-09-11,9,Call,24.00,-1.10%,0.33,0.43,0.49,802,250,3.21,43.41%,35.27%,0.434613,2026-09-02
RXT,3.01,2026-11-20,79,Call,3.00,+0.33%,0.55,0.65,0.8,2059,641,3.21,102.53%,119.97%,0.617688,2026-09-02
SNOW,305.84,2026-09-04,2,Put,260.00,-14.99%,3.35,3.37,3.5,2169,675,3.21,71.75%,211.80%,-0.132347,2026-09-02
BAC,62.6,2026-09-11,9,Call,63.00,-0.64%,0.47,0.49,0.51,3601,1127,3.2,23.51%,16.76%,0.416077,2026-09-02
DELL,492.2,2026-09-18,16,Call,475.00,+3.49%,34.25,34.54,35.1,1144,359,3.19,61.06%,61.34%,0.637389,2026-09-02
CVX,211.78,2026-09-11,9,Call,217.50,-2.70%,1.17,1.21,1.31,585,184,3.18,25.32%,24.90%,0.2544,2026-09-02
VET,13.17,2026-12-18,107,Put,12.50,-5.09%,0.85,0.9,1,501,158,3.17,45.86%,45.28%,-0.36293,2026-09-02
TEVA,37.49,2026-09-25,23,Call,37.00,+1.31%,1.37,1.51,1.66,728,230,3.17,32.22%,32.67%,0.588126,2026-09-02
META,592.85,2026-09-09,7,Call,590.00,+0.48%,11.9,12.52,12.7,970,306,3.17,35.48%,32.49%,0.557041,2026-09-02
DELL,492.2,2026-09-04,2,Call,550.00,-11.74%,0.65,0.62,0.68,6170,1947,3.17,61.06%,89.30%,0.050081,2026-09-02
AMD,457.06,2026-09-04,2,Call,455.00,+0.45%,8.15,8.25,8.8,1422,450,3.16,47.70%,54.59%,0.55446,2026-09-02
AMZN,254.98,2026-09-11,9,Call,255.00,-0.01%,4.25,4.37,4.5,3840,1215,3.16,29.09%,26.75%,0.516131,2026-09-02
HPE,51.83,2026-09-04,2,Call,50.00,+3.53%,3.9,3.95,4,5142,1628,3.16,72.27%,195.81%,0.626036,2026-09-02
SNDK,1553.4,2026-09-11,9,Put,"1,375.00",-11.48%,9.1,9.3,10,601,191,3.15,69.25%,67.73%,-0.113543,2026-09-02
JNJ,275.21,2026-09-04,2,Call,277.50,-0.83%,0.89,1.5,2,850,270,3.15,25.43%,29.53%,0.357921,2026-09-02
PANW,328.48,2026-09-04,2,Put,322.50,-1.82%,3.05,3.41,3.75,1349,428,3.15,45.87%,61.78%,-0.334161,2026-09-02
ACN,187.68,2026-10-16,44,Put,175.00,-6.76%,7,7.8,7.7,748,238,3.14,48.43%,50.83%,-0.312308,2026-09-02
SMCI,37,2026-09-04,2,Call,36.50,+1.35%,1.11,1.13,1.15,2801,892,3.14,68.67%,78.57%,0.60506,2026-09-02
CRDO,165.22,2026-09-11,9,Call,197.50,-19.54%,0.75,0.95,1,630,201,3.13,74.21%,81.62%,0.093171,2026-09-02
SNDK,1553.4,2026-09-04,2,Call,"1,510.00",+2.79%,60,63.5,62,747,239,3.13,69.25%,77.14%,0.701371,2026-09-02
GPRO,1.69,2027-04-16,226,Call,2.0000,-18.34%,0.45,0.5,0.5,1742,557,3.13,205.43%,107.70%,0.600283,2026-09-02
META,592.85,2026-09-11,9,Call,587.50,+0.90%,15.65,16.04,16.2,509,163,3.12,35.48%,34.65%,0.582601,2026-09-02
AAPL,324.96,2026-09-09,7,Put,320.00,-1.53%,2.44,2.59,2.64,3257,1044,3.12,25.06%,26.21%,-0.323851,2026-09-02
TSLA,357.01,2026-09-11,9,Put,355.00,-0.56%,6.7,8.31,8.7,1900,610,3.11,40.98%,39.47%,-0.446804,2026-09-02
CLSK,11.33,2026-09-11,9,Call,11.50,-1.50%,0.43,0.46,0.54,878,283,3.1,83.12%,78.58%,0.479353,2026-09-02
WFC,89.27,2026-09-04,2,Call,90.00,-0.82%,0.38,0.4,0.44,4270,1379,3.1,26.77%,26.96%,0.346891,2026-09-02
AMD,457.06,2027-09-17,380,Call,530.00,-15.96%,84.05,83.96,86.4,531,172,3.09,47.70%,56.22%,0.540758,2026-09-02
MU,956.08,2026-09-04,2,Call,937.50,+1.94%,25.5,26.7,27.45,752,243,3.09,57.39%,54.73%,0.694831,2026-09-02
COIN,174.96,2026-09-11,9,Call,177.50,-1.45%,5.35,5.71,5.8,660,214,3.08,63.37%,60.73%,0.462512,2026-09-02
NVDA,224.41,2026-09-04,2,Call,230.00,-2.49%,0.6,0.6,0.64,174456,56685,3.08,33.12%,36.69%,0.187772,2026-09-02
META,592.85,2026-09-04,2,Call,602.50,-1.63%,3.6,3.7,3.85,2073,675,3.07,35.48%,42.82%,0.312799,2026-09-02
RKT,13.56,2026-09-11,9,Call,13.50,+0.44%,0.39,0.48,0.57,6881,2242,3.07,50.30%,52.31%,0.542195,2026-09-02
RDDT,158.1,2026-09-04,2,Put,155.00,-1.96%,1.65,1.73,1.84,1353,442,3.06,57.01%,66.16%,-0.332715,2026-09-02
COST,928.48,2026-09-04,2,Call,950.00,-2.32%,1.1,1.36,1.38,1455,475,3.06,23.21%,27.32%,0.132424,2026-09-02
NBIS,204.09,2026-09-04,2,Call,205.00,-0.45%,4.55,4.78,4.8,2150,703,3.06,78.73%,84.42%,0.485332,2026-09-02
CRWD,203.42,2026-09-04,2,Put,202.50,-0.45%,3.6,3.67,3.85,2390,782,3.06,50.82%,69.85%,-0.453539,2026-09-02
IREN,39.6,2026-11-20,79,Put,18.00,-54.55%,0.16,0.21,0.25,2594,848,3.06,79.31%,98.99%,-0.025089,2026-09-02
SNOW,305.84,2026-09-04,2,Put,270.00,-11.72%,5.55,5.75,6,3102,1013,3.06,71.75%,217.16%,-0.195738,2026-09-02
PCG,13.33,2026-10-16,44,Call,15.00,-12.53%,0.48,0.55,0.63,21480,7010,3.06,57.92%,61.37%,0.331219,2026-09-02
TSLA,357.01,2026-09-14,12,Put,350.00,-1.96%,6.6,6.74,6.9,560,184,3.04,40.98%,39.18%,-0.371194,2026-09-02
PLTR,169.46,2026-09-11,9,Call,180.00,-6.22%,1.41,1.43,1.5,4007,1320,3.04,46.76%,46.00%,0.215667,2026-09-02
DELL,492.2,2026-09-04,2,Call,440.00,+10.61%,52.1,52.65,53.2,4048,1333,3.04,61.06%,82.82%,0.968677,2026-09-02
AVGO,367.24,2026-09-09,7,Put,330.00,-10.14%,2.5,2.75,2.85,646,213,3.03,49.66%,73.73%,-0.134922,2026-09-02
APO,132.29,2027-06-17,288,Put,135.00,+2.05%,16,17,18.1,700,231,3.03,34.99%,36.03%,-0.443956,2026-09-02
SNOW,305.84,2026-09-04,2,Put,230.00,-24.80%,0.25,0.25,0.26,819,270,3.03,71.75%,185.94%,-0.016158,2026-09-02
CRDO,165.22,2026-09-04,2,Put,170.00,+2.89%,7,7.87,8,1647,544,3.03,74.21%,96.03%,-0.641963,2026-09-02
STX,808.54,2026-09-04,2,Put,730.00,-9.71%,0,0.95,1.25,2722,897,3.03,66.68%,76.84%,-0.033789,2026-09-02
BMNR,23.06,2026-10-16,44,Call,35.00,-51.78%,0.26,0.32,0.34,525,174,3.02,72.94%,84.67%,0.104174,2026-09-02
CRDO,165.22,2026-09-04,2,Put,160.00,-3.16%,1.95,2.38,2.3,2339,776,3.01,74.21%,88.39%,-0.299406,2026-09-02
BMNR,23.06,2026-09-11,9,Call,23.50,-1.91%,0.78,0.8,0.99,591,197,3,72.94%,74.28%,0.46156,2026-09-02
ADBE,279.79,2028-01-21,506,Put,120.00,-57.11%,2.76,3.2,3.45,1362,454,3,51.42%,51.12%,-0.036645,2026-09-02
AMZN,254.98,2026-09-04,2,Call,255.00,-0.01%,2.36,2.38,2.6,10674,3568,2.99,29.09%,32.74%,0.506817,2026-09-02
SNOW,305.84,2026-09-04,2,Put,295.00,-3.54%,14.75,14.85,15.45,540,181,2.98,71.75%,226.63%,-0.382079,2026-09-02
AVGO,367.24,2026-09-04,2,Put,327.50,-10.82%,1.73,1.75,1.8,1362,457,2.98,49.66%,127.21%,-0.102939,2026-09-02
SOFI,17.84,2026-10-02,30,Call,18.00,-0.90%,0.92,0.94,0.95,1495,502,2.98,48.43%,48.26%,0.510637,2026-09-02
TSLA,357.01,2026-09-04,2,Call,340.00,+4.76%,17.9,18.05,18.35,4561,1530,2.98,40.98%,59.88%,0.870361,2026-09-02
DELL,492.2,2026-09-04,2,Call,490.00,+0.45%,12.65,13.15,13.05,9130,3059,2.98,61.06%,80.51%,0.542926,2026-09-02
ASX,37.08,2026-10-16,44,Put,35.00,-5.61%,1.5,1.75,2,1032,347,2.97,54.94%,53.67%,-0.341547,2026-09-02
COIN,174.96,2026-09-04,2,Call,175.00,-0.02%,3.6,3.69,3.8,1410,474,2.97,63.37%,71.67%,0.510358,2026-09-02
HPE,51.83,2026-09-04,2,Call,69.00,-33.13%,0.12,0.13,0.14,882,298,2.96,72.27%,213.07%,0.041425,2026-09-02
CTVA,89.97,2026-09-18,16,Call,95.00,-5.59%,0.45,0.7,0.8,1146,387,2.96,29.47%,29.68%,0.204787,2026-09-02
AAPL,324.96,2026-09-09,7,Call,332.50,-2.32%,1.84,1.89,2,2055,694,2.96,25.06%,25.91%,0.273011,2026-09-02
MU,956.08,2026-09-04,2,Call,940.00,+1.68%,22.75,26,25.55,5745,1941,2.96,57.39%,52.16%,0.678582,2026-09-02
SPCX,140.71,2026-09-25,23,Put,138.00,-1.93%,5.2,5.5,5.3,1076,365,2.95,48.19%,47.64%,-0.406008,2026-09-02
HIMS,28.68,2026-09-04,2,Put,29.50,+2.86%,1.08,1.17,1.19,1578,535,2.95,68.45%,75.40%,-0.682543,2026-09-02
NVS,162.46,2026-10-16,44,Put,165.00,+1.56%,6.9,7.55,7.4,503,171,2.94,27.72%,23.90%,-0.573349,2026-09-02
MRNA,150.81,2026-09-04,2,Call,138.00,+8.49%,12.3,12.45,14.95,538,183,2.94,78.16%,108.72%,0.874075,2026-09-02
STX,808.54,2026-09-04,2,Call,780.00,+3.53%,33.9,32.7,37.1,727,247,2.94,66.68%,74.89%,0.751505,2026-09-02
PANW,328.48,2026-11-20,79,Put,300.00,-8.67%,15.15,16.35,16.35,1559,530,2.94,45.87%,49.14%,-0.294617,2026-09-02
ORCL,145.75,2026-09-04,2,Call,147.00,-0.86%,1.93,2,2.07,3849,1307,2.94,66.27%,59.45%,0.432759,2026-09-02
TSLA,357.01,2026-09-09,7,Call,367.50,-2.94%,4.05,4.15,4.3,597,204,2.93,40.98%,41.54%,0.321815,2026-09-02
GME,18.97,2028-12-15,835,Call,32.00,-68.69%,2.77,3.07,3.4,1246,425,2.93,52.94%,61.44%,0.381265,2026-09-02
JNJ,275.21,2026-11-20,79,Put,260.00,-5.53%,5.75,5.85,6.35,2737,934,2.93,25.43%,25.25%,-0.283222,2026-09-02
HOOD,106.99,2026-09-04,2,Put,105.00,-1.86%,1.3,1.31,1.35,5766,1967,2.93,61.28%,69.79%,-0.347297,2026-09-02
MU,956.08,2026-09-11,9,Call,"1,030.00",-7.73%,7.55,7.97,7.95,909,311,2.92,57.39%,51.12%,0.190309,2026-09-02
SKHY,164.98,2026-09-11,9,Put,139.00,-15.75%,0.3,0.4,0.39,821,282,2.91,60.34%,67.23%,-0.046122,2026-09-02
KRP,14.94,2027-01-15,135,Put,15.00,+0.40%,0.75,0.9,1.2,900,309,2.91,18.15%,21.24%,-0.540172,2026-09-02
NOW,136.72,2026-09-04,2,Call,142.00,-3.86%,0.72,0.71,0.76,916,315,2.91,51.07%,62.00%,0.212295,2026-09-02
EYPT,4.79,2026-10-16,44,Call,10.00,-108.77%,0.3,0.3,0.35,6253,2146,2.91,152.06%,195.76%,0.230666,2026-09-02
CCJ,96.38,2026-09-11,9,Call,100.00,-3.76%,1.07,1.14,1.39,646,223,2.9,44.32%,42.83%,0.307076,2026-09-02
AMD,457.06,2027-02-19,170,Put,320.00,-29.99%,10.7,11.1,11.3,1009,348,2.9,47.70%,53.56%,-0.114793,2026-09-02
TSLA,357.01,2026-09-18,16,Put,352.50,-1.26%,9.75,9.89,10.15,1490,513,2.9,40.98%,41.52%,-0.419002,2026-09-02
KGC,30.26,2026-09-18,16,Put,27.00,-10.77%,0.1,0.21,0.53,514,178,2.89,49.58%,57.82%,-0.155647,2026-09-02
SNOW,305.84,2026-09-04,2,Call,365.00,-19.34%,3.35,3.58,3.7,832,288,2.89,71.75%,214.14%,0.15029,2026-09-02
BABA,111.81,2026-09-04,2,Call,113.00,-1.06%,0.79,0.8,0.87,1791,620,2.89,39.45%,40.43%,0.36732,2026-09-02
NVDA,224.41,2026-09-18,16,Put,222.50,-0.85%,5.05,5.19,5.25,3662,1266,2.89,33.12%,33.15%,-0.430858,2026-09-02
LQDA,69.68,2026-09-04,2,Put,60.00,-13.89%,0.25,0.3,0.3,3951,1369,2.89,104.93%,147.46%,-0.076855,2026-09-02
AMZN,254.98,2026-12-18,107,Call,360.00,-41.19%,0.91,0.94,1.01,12603,4359,2.89,29.09%,35.45%,0.050264,2026-09-02
BA,208.87,2026-09-11,9,Put,197.50,-5.44%,0.33,0.43,0.5,504,175,2.88,28.94%,27.71%,-0.095539,2026-09-02
MRNA,150.81,2026-09-04,2,Call,192.50,-27.64%,0,0.16,0.14,598,208,2.88,78.16%,144.28%,0.012885,2026-09-02
AMZN,254.98,2026-09-04,2,Call,230.00,+9.80%,24.6,25.02,25.5,1082,376,2.88,29.09%,57.05%,0.993181,2026-09-02
NFLX,82.73,2027-06-17,288,Call,126.00,-52.30%,2.02,2.32,2.6,1348,468,2.88,33.64%,39.28%,0.173296,2026-09-02
DELL,492.2,2026-09-04,2,Call,552.50,-12.25%,0.4,0.4,0.74,562,196,2.87,61.06%,89.49%,0.043738,2026-09-02
KHC,26.26,2026-09-18,16,Call,26.50,-0.91%,0.09,0.32,0.35,705,246,2.87,26.19%,15.24%,0.383222,2026-09-02
AAPL,324.96,2026-09-09,7,Call,330.00,-1.55%,2.55,2.64,2.8,10122,3522,2.87,25.06%,26.00%,0.347501,2026-09-02
CVS,97.23,2026-09-04,2,Call,100.00,-2.85%,0.08,0.12,0.17,575,201,2.86,27.74%,31.26%,0.115028,2026-09-02
CSCO,109.46,2026-09-04,2,Call,109.00,+0.42%,1.25,1.29,1.33,719,251,2.86,28.70%,32.23%,0.575836,2026-09-02
DELL,492.2,2026-09-04,2,Put,432.50,-12.13%,0.25,0.38,0.42,990,346,2.86,61.06%,91.48%,-0.025848,2026-09-02
NVDA,224.41,2026-09-04,2,Put,217.50,-3.08%,0.45,0.47,0.47,33509,11807,2.84,33.12%,39.35%,-0.137018,2026-09-02
SNOW,305.84,2027-02-19,170,Call,370.00,-20.98%,24.65,27.4,28.45,560,198,2.83,71.75%,55.54%,0.395236,2026-09-02
TSLA,357.01,2026-09-11,9,Put,357.50,+0.14%,9,9.49,11.2,994,351,2.83,40.98%,44.69%,-0.489858,2026-09-02
HPE,51.83,2026-10-16,44,Call,55.00,-6.12%,3.6,3.64,3.75,3520,1242,2.83,72.27%,68.37%,0.452389,2026-09-02
TSLA,357.01,2026-09-09,7,Call,365.00,-2.24%,4.85,5,5.05,5986,2114,2.83,40.98%,41.37%,0.364836,2026-09-02
PURR,11.32,2026-09-04,2,Call,12.00,-6.01%,0.2,0.24,0.25,7022,2480,2.83,104.56%,142.79%,0.309505,2026-09-02
SNOW,305.84,2026-09-04,2,Put,305.00,-0.27%,19.6,20,20.4,624,221,2.82,71.75%,226.96%,-0.459638,2026-09-02
STX,808.54,2026-09-04,2,Call,770.00,+4.77%,41.8,33.13,45.8,696,247,2.82,66.68%,78.65%,0.80816,2026-09-02
QCOM,169.96,2026-09-04,2,Call,160.00,+5.86%,9.6,9.6,10.2,11789,4183,2.82,41.50%,32.73%,0.993807,2026-09-02
NVDA,224.41,2026-09-11,9,Call,235.00,-4.72%,1.01,1.01,1.06,30462,10795,2.82,33.12%,30.74%,0.180063,2026-09-02
PCG,13.33,2027-01-15,135,Call,17.00,-27.53%,0.55,0.6,0.61,58166,20639,2.82,57.92%,50.40%,0.26886,2026-09-02
NVDA,224.41,2026-09-04,2,Call,225.00,-0.26%,2.11,2.13,2.17,130734,46403,2.82,33.12%,36.26%,0.46893,2026-09-02
SNOW,305.84,2026-09-04,2,Call,385.00,-25.88%,1.5,1.64,1.64,537,191,2.81,71.75%,208.06%,0.078348,2026-09-02
DELL,492.2,2026-12-18,107,Call,450.00,+8.57%,89.95,90.71,93.1,844,300,2.81,61.06%,65.32%,0.675512,2026-09-02
DELL,492.2,2026-09-04,2,Call,452.50,+8.07%,40.5,41.25,41.3,1446,514,2.81,61.06%,82.86%,0.919908,2026-09-02
META,592.85,2026-09-04,2,Call,607.50,-2.47%,2.35,2.47,2.71,2209,787,2.81,35.48%,43.55%,0.230977,2026-09-02
MSFT,496.82,2026-12-18,107,Call,690.00,-38.88%,0.56,0.58,0.66,5359,1904,2.81,24.48%,28.36%,0.022548,2026-09-02
SNDK,1553.4,2026-09-04,2,Call,"1,620.00",-4.29%,12.6,13.2,13.1,645,230,2.8,69.25%,78.79%,0.245928,2026-09-02
PCG,13.33,2026-09-11,9,Put,12.50,-6.23%,0.12,0.17,0.22,650,232,2.8,57.92%,58.85%,-0.227462,2026-09-02
COIN,174.96,2026-09-04,2,Call,177.50,-1.45%,2.65,2.63,2.77,1571,561,2.8,63.37%,73.67%,0.407711,2026-09-02
NVO,46.77,2026-09-11,9,Call,50.00,-6.91%,0.12,0.13,0.14,1720,615,2.8,34.11%,34.29%,0.109447,2026-09-02
AGNC,10.62,2027-01-15,135,Put,9.00,-15.25%,0.13,0.16,0.21,3181,1136,2.8,20.00%,29.52%,-0.156165,2026-09-02
CRK,15.54,2026-11-20,79,Put,13.00,-16.34%,0.4,0.45,0.55,1009,362,2.79,50.31%,53.14%,-0.196608,2026-09-02
CRWV,80.93,2026-09-04,2,Call,81.00,-0.09%,1.72,1.78,1.81,1428,512,2.79,69.07%,74.96%,0.506281,2026-09-02
AMZN,254.98,2026-09-09,7,Call,257.50,-0.99%,2.35,2.41,2.46,1540,551,2.79,29.09%,24.38%,0.399811,2026-09-02
META,592.85,2026-09-09,7,Call,600.00,-1.21%,7.45,7.53,7.7,1753,628,2.79,35.48%,32.24%,0.408197,2026-09-02
SPCX,140.71,2026-09-04,2,Call,120.00,+14.72%,20.3,20.69,21.15,1965,704,2.79,48.19%,77.52%,0.997491,2026-09-02
TTD,14.55,2027-03-19,198,Call,15.00,-3.09%,2.75,2.89,3,2481,889,2.79,55.79%,69.19%,0.593854,2026-09-02
PLTR,169.46,2026-09-04,2,Put,165.00,-2.63%,1.17,1.21,1.21,21438,7693,2.79,46.76%,58.71%,-0.261211,2026-09-02
CRCL,88.64,2026-09-04,2,Call,99.00,-11.69%,0.15,0.19,0.19,933,336,2.78,75.87%,95.66%,0.063899,2026-09-02
SNOW,305.84,2026-09-04,2,Put,285.00,-6.81%,10.4,10.15,11,764,276,2.77,71.75%,222.52%,-0.304355,2026-09-02
LNG,295.86,2026-09-18,16,Call,300.00,-1.40%,7.6,8,8.6,4309,1555,2.77,34.55%,39.70%,0.455876,2026-09-02
MU,956.08,2026-09-04,2,Call,980.00,-2.50%,6.35,7.07,7.1,8473,3056,2.77,57.39%,55.43%,0.281952,2026-09-02
EOSE,3.61,2026-09-04,2,Call,3.50,+3.05%,0.2,0.2,0.22,26881,9709,2.77,105.36%,141.18%,0.636945,2026-09-02
AAPL,324.96,2026-09-04,2,Call,330.00,-1.55%,0.85,0.89,0.89,53938,19559,2.76,25.06%,27.38%,0.22955,2026-09-02
PATH,17.99,2026-09-04,2,Call,17.50,+2.72%,1.43,1.56,1.52,762,276,2.76,86.21%,231.68%,0.597916,2026-09-02
PACS,43.09,2026-09-18,16,Call,50.00,-16.04%,0.1,0.25,0.25,1008,365,2.76,48.00%,49.95%,0.087741,2026-09-02
META,592.85,2026-09-04,2,Put,547.50,-7.65%,0.09,0.18,0.23,1303,472,2.76,35.48%,52.33%,-0.018854,2026-09-02
SMPL,11.28,2026-09-18,16,Call,12.50,-10.82%,0,0.15,0.2,501,182,2.75,64.30%,48.31%,0.171289,2026-09-02
HPE,51.83,2026-09-11,9,Put,48.00,-7.39%,1.34,1.64,1.84,725,264,2.75,72.27%,100.94%,-0.285263,2026-09-02
HIMS,28.68,2026-09-04,2,Call,25.00,+12.83%,3.65,3.8,3.8,775,282,2.75,68.45%,109.51%,0.958813,2026-09-02
INTC,90.05,2026-09-09,7,Put,88.00,-2.28%,1.37,1.48,1.52,2569,933,2.75,55.29%,47.72%,-0.348554,2026-09-02
APLD,24.91,2026-09-04,2,Call,25.00,-0.36%,0.51,0.55,0.58,3084,1122,2.75,80.12%,79.61%,0.488684,2026-09-02
ADBE,279.79,2026-10-09,37,Call,290.00,-3.65%,12.55,14.6,14.45,553,202,2.74,51.42%,49.04%,0.449232,2026-09-02
ADBE,279.79,2026-09-04,2,Call,297.50,-6.33%,0.14,0.24,0.35,587,214,2.74,51.42%,51.16%,0.055199,2026-09-02
MKC,53.8,2026-10-16,44,Put,50.00,-7.06%,0.65,0.82,1.1,964,352,2.74,32.59%,32.01%,-0.235933,2026-09-02
TSLA,357.01,2026-09-04,2,Put,365.00,+2.24%,9.65,10.85,11.9,5853,2139,2.74,40.98%,56.25%,-0.694169,2026-09-02
NEE,83.1,2027-09-17,380,Put,75.00,-9.75%,4.05,4.25,4.45,536,196,2.73,19.85%,25.13%,-0.280147,2026-09-02
CIEN,354.16,2026-10-16,44,Call,400.00,-12.94%,18.5,20,24.3,921,337,2.73,78.79%,76.29%,0.378176,2026-09-02
PLTR,169.46,2026-09-11,9,Put,165.00,-2.63%,2.95,3.1,3.05,2827,1036,2.73,46.76%,47.40%,-0.34242,2026-09-02
PANW,328.48,2026-09-04,2,Call,355.00,-8.07%,0.33,0.43,0.5,614,226,2.72,45.87%,66.46%,0.060625,2026-09-02
RCAT,8.32,2026-09-11,9,Put,8.00,-3.85%,0.22,0.33,0.35,1078,397,2.72,84.40%,83.95%,-0.355975,2026-09-02
AI,10.52,2026-09-18,16,Call,11.00,-4.56%,0.65,0.68,0.75,1947,716,2.72,80.38%,101.84%,0.462077,2026-09-02
ASTS,62.4,2026-09-11,9,Call,66.00,-5.77%,1.56,1.6,1.68,793,293,2.71,75.40%,76.47%,0.344686,2026-09-02
S,19.68,2026-09-04,2,Call,20.00,-1.63%,0.25,0.3,0.3,1039,383,2.71,51.72%,70.67%,0.390351,2026-09-02
PCG,13.33,2026-09-04,2,Call,13.00,+2.48%,0.37,0.51,0.58,3153,1163,2.71,57.92%,71.64%,0.691939,2026-09-02
TSLA,357.01,2026-09-04,2,Put,342.50,-4.06%,1.22,1.25,1.5,5885,2171,2.71,40.98%,58.59%,-0.162888,2026-09-02
AAPL,324.96,2026-09-04,2,Put,322.50,-0.76%,1.46,1.47,1.55,14853,5471,2.71,25.06%,26.87%,-0.344604,2026-09-02
META,592.85,2026-09-04,2,Call,620.00,-4.58%,0.8,0.83,0.85,8747,3236,2.7,35.48%,44.71%,0.091578,2026-09-02
MRNA,150.81,2026-09-04,2,Put,148.00,-1.86%,2.23,2.5,2.97,503,186,2.7,78.16%,87.36%,-0.372267,2026-09-02
HPE,51.83,2026-09-04,2,Call,68.00,-31.20%,0.15,0.16,0.19,527,195,2.7,72.27%,214.94%,0.051948,2026-09-02
MBLY,8.5,2026-10-02,30,Call,2.00,+76.47%,5.55,6.6,8.55,940,348,2.7,52.17%,560.35%,0.955989,2026-09-02
DELL,492.2,2026-09-04,2,Call,420.00,+14.67%,71.35,76,72.85,956,354,2.7,61.06%,184.17%,0.891205,2026-09-02
BE,217.28,2026-09-04,2,Call,212.50,+2.20%,10.2,10,10.35,1078,399,2.7,83.27%,120.18%,0.616696,2026-09-02
HPE,51.83,2026-09-04,2,Put,43.50,-16.07%,0.23,0.23,0.29,672,250,2.69,72.27%,176.89%,-0.080065,2026-09-02
NVDA,224.41,2026-09-14,12,Call,220.00,+1.97%,7,7.4,8.65,1791,666,2.69,33.12%,32.24%,0.650413,2026-09-02
GOOGL,337.12,2026-12-18,107,Call,440.00,-30.52%,2.6,2.72,2.98,3075,1143,2.69,27.81%,34.48%,0.100743,2026-09-02
AMZN,254.98,2026-09-04,2,Put,260.00,+1.97%,5.4,5.65,5.8,12557,4661,2.69,29.09%,30.30%,-0.803766,2026-09-02
TSLA,357.01,2026-09-04,2,Call,365.00,-2.24%,2.93,2.95,3.1,27626,10315,2.68,40.98%,58.02%,0.312313,2026-09-02
DELL,492.2,2026-09-04,2,Put,427.50,-13.15%,0.15,0.23,0.3,1032,385,2.68,61.06%,92.40%,-0.018007,2026-09-02
BKNG,199.6,2027-06-17,288,Call,214.00,-7.21%,20.5,20.9,22.6,1500,559,2.68,34.07%,36.11%,0.504909,2026-09-02
RDDT,158.1,2026-09-11,9,Put,155.00,-1.96%,3.65,3.9,4.15,661,248,2.67,57.01%,54.68%,-0.38886,2026-09-02
NOW,136.72,2026-09-04,2,Call,141.00,-3.13%,0.9,0.94,0.97,917,343,2.67,51.07%,61.19%,0.256669,2026-09-02
AVGO,367.24,2026-09-04,2,Call,422.50,-15.05%,1.72,1.77,1.85,976,366,2.67,49.66%,142.55%,0.101284,2026-09-02
SBLK,31.82,2026-11-20,79,Call,34.00,-6.85%,0.75,1,1.05,3565,1333,2.67,30.79%,30.23%,0.329467,2026-09-02
SNOW,305.84,2026-09-04,2,Call,410.00,-34.06%,0.35,0.47,0.66,501,188,2.66,71.75%,202.25%,0.029961,2026-09-02
MDT,92.18,2027-06-17,288,Call,100.00,-8.48%,4.5,5.8,5.75,1101,414,2.66,23.14%,24.59%,0.399399,2026-09-02
SPCX,140.71,2026-09-11,9,Put,138.00,-1.93%,2.66,2.7,2.73,2116,796,2.66,48.19%,45.23%,-0.374511,2026-09-02
STX,808.54,2026-09-04,2,Call,860.00,-6.36%,3.1,3.48,3.4,768,290,2.65,66.68%,75.93%,0.143081,2026-09-02
CRWV,80.93,2026-09-11,9,Call,82.00,-1.32%,2.75,2.83,2.89,809,305,2.65,69.07%,64.61%,0.472126,2026-09-02
NKE,38.24,2028-06-16,653,Call,37.50,+1.94%,8.75,9.2,10.2,820,310,2.65,39.98%,48.73%,0.608321,2026-09-02
MO,69.56,2026-09-11,9,Put,69.00,-0.81%,0.48,0.53,0.66,841,317,2.65,23.95%,18.54%,-0.391886,2026-09-02
SPCX,140.71,2026-10-02,30,Call,175.00,-24.37%,0.67,0.67,0.73,1258,475,2.65,48.19%,50.73%,0.079873,2026-09-02
NU,15.4,2026-09-25,23,Call,15.50,-0.65%,0.47,0.52,0.58,1671,631,2.65,41.92%,36.04%,0.499582,2026-09-02
IONQ,37.64,2026-09-04,2,Call,37.00,+1.70%,1.13,1.3,1.29,536,203,2.64,70.96%,76.90%,0.630536,2026-09-02
TSLA,357.01,2026-09-18,16,Call,352.50,+1.26%,13.25,15.15,17.1,1268,480,2.64,40.98%,42.15%,0.581694,2026-09-02
PLTR,169.46,2026-09-11,9,Call,185.00,-9.17%,0.73,0.73,0.76,4392,1665,2.64,46.76%,46.58%,0.124888,2026-09-02
IBRX,7.95,2026-09-11,9,Call,8.50,-6.92%,0.05,0.1,0.15,640,243,2.63,72.72%,57.38%,0.245849,2026-09-02
EQPT,17.81,2026-10-16,44,Call,20.00,-12.30%,0.95,1.1,1.4,1723,656,2.63,80.72%,79.07%,0.393985,2026-09-02
ASTS,62.4,2026-09-04,2,Call,63.00,-0.96%,1.33,1.4,1.45,4798,1824,2.63,75.40%,90.08%,0.457307,2026-09-02
MSFT,496.82,2026-09-04,2,Put,497.50,+0.14%,3.2,4.45,4.5,1754,669,2.62,24.48%,24.09%,-0.524205,2026-09-02
POET,7.29,2026-10-02,30,Put,7.00,-3.98%,0.45,0.5,0.53,619,237,2.61,80.20%,77.67%,-0.38028,2026-09-02
GOOGL,337.12,2026-09-11,9,Call,337.50,-0.11%,5.2,5.5,5.6,1048,402,2.61,27.81%,25.81%,0.505138,2026-09-02
DELL,492.2,2026-09-11,9,Call,480.00,+2.48%,24.45,26,26.8,1280,491,2.61,61.06%,61.38%,0.624159,2026-09-02
MSFT,496.82,2026-09-04,2,Call,502.50,-1.14%,1.69,1.93,2.16,1445,554,2.61,24.48%,28.03%,0.298097,2026-09-02
IREN,39.6,2026-09-04,2,Call,42.50,-7.32%,0.22,0.24,0.25,1598,613,2.61,79.31%,94.42%,0.165145,2026-09-02
SNOW,305.84,2026-09-04,2,Call,345.00,-12.80%,7.05,7.46,7.4,3003,1152,2.61,71.75%,222.24%,0.258161,2026-09-02
TSLA,357.01,2026-09-04,2,Call,367.50,-2.94%,2.4,2.42,2.46,9802,3771,2.6,40.98%,59.09%,0.262452,2026-09-02
NVDA,224.41,2026-10-09,37,Call,270.00,-20.32%,0.41,0.43,0.46,575,221,2.6,33.12%,32.93%,0.04647,2026-09-02
CRDO,165.22,2026-09-11,9,Call,200.00,-21.05%,0.6,0.75,0.9,605,234,2.59,74.21%,82.72%,0.080924,2026-09-02
TSLA,357.01,2026-09-09,7,Put,335.00,-6.17%,1.3,1.33,1.45,692,267,2.59,40.98%,42.09%,-0.128859,2026-09-02
MU,956.08,2026-09-04,2,Call,985.00,-3.02%,5.35,5.7,5.9,1517,586,2.59,57.39%,56.07%,0.244269,2026-09-02
AMD,457.06,2027-12-17,471,Call,550.00,-20.33%,91.05,92.99,94.7,857,332,2.58,47.70%,56.29%,0.544633,2026-09-02
ARM,234.86,2026-11-20,79,Put,230.00,-2.07%,23.75,25.82,26.5,3406,1320,2.58,59.26%,65.93%,-0.404796,2026-09-02
MRNA,150.81,2026-09-04,2,Put,150.00,-0.54%,3.3,3.6,3.85,3680,1431,2.57,78.16%,89.62%,-0.453492,2026-09-02
SMCI,37,2026-09-04,2,Call,38.00,-2.70%,0.46,0.47,0.49,11873,4624,2.57,68.67%,79.85%,0.337859,2026-09-02
NVDA,224.41,2026-09-11,9,Call,225.00,-0.26%,4.1,4.15,4.2,22826,8870,2.57,33.12%,30.95%,0.494529,2026-09-02
HSBC,104.94,2026-10-16,44,Put,105.00,+0.06%,3,3.19,3.3,552,216,2.56,23.22%,22.21%,-0.478193,2026-09-02
IREN,39.6,2026-09-04,2,Put,37.50,-5.30%,0.29,0.31,0.31,1115,436,2.56,79.31%,90.32%,-0.197328,2026-09-02
BABA,111.81,2026-09-04,2,Call,112.00,-0.17%,1.17,1.17,1.28,1158,452,2.56,39.45%,39.89%,0.482879,2026-09-02
PLTR,169.46,2026-09-25,23,Call,175.00,-3.27%,5.45,5.6,5.7,1333,520,2.56,46.76%,45.77%,0.41969,2026-09-02
SPCX,140.71,2027-09-17,380,Put,125.00,-11.16%,19.6,20.3,20.6,1784,697,2.56,48.19%,55.43%,-0.293548,2026-09-02
QSR,78.87,2027-01-15,135,Call,85.00,-7.77%,1.8,2,2.35,608,239,2.54,22.44%,22.46%,0.317796,2026-09-02
VRNS,46.76,2026-09-18,16,Put,45.00,-3.76%,1.1,1.1,1.25,711,280,2.54,42.93%,51.03%,-0.335366,2026-09-02
ORCL,145.75,2026-09-04,2,Put,144.00,-1.20%,1.59,1.7,1.71,1726,679,2.54,66.27%,56.85%,-0.378007,2026-09-02
RKT,13.56,2026-09-04,2,Call,13.50,+0.44%,0.26,0.31,0.33,2114,832,2.54,50.30%,65.71%,0.5476,2026-09-02
ONON,27.8,2028-01-21,506,Put,32.50,+16.91%,7.85,7.85,8.45,8001,3149,2.54,39.46%,46.26%,-0.492548,2026-09-02
QS,5.45,2026-09-18,16,Call,6.00,-10.09%,0.12,0.13,0.14,14575,5745,2.54,68.42%,69.75%,0.282804,2026-09-02
MU,956.08,2026-09-25,23,Call,"1,600.00",-67.35%,0.16,0.29,0.41,503,199,2.53,57.39%,76.71%,0.005154,2026-09-02
TSLA,357.01,2026-09-11,9,Put,347.50,-2.66%,5.1,5.35,5.4,737,291,2.53,40.98%,42.35%,-0.326067,2026-09-02
SKHY,164.98,2026-09-11,9,Put,138.00,-16.35%,0.25,0.32,0.35,817,323,2.53,60.34%,67.61%,-0.040675,2026-09-02
DELL,492.2,2026-09-04,2,Put,437.50,-11.11%,0.34,0.43,0.69,1005,397,2.53,61.06%,91.37%,-0.0377,2026-09-02
SNOW,305.84,2026-09-18,16,Put,290.00,-5.18%,14,14.5,15.15,1425,563,2.53,71.75%,87.58%,-0.348627,2026-09-02
BSX,48.37,2026-10-16,44,Put,40.00,-17.30%,0.2,0.22,0.3,1619,641,2.53,38.87%,41.10%,-0.076142,2026-09-02
NBIS,204.09,2026-09-04,2,Call,210.00,-2.90%,2.83,2.84,2.9,4535,1790,2.53,78.73%,86.54%,0.340699,2026-09-02
UBER,76.45,2026-09-18,16,Put,72.00,-5.82%,0.59,0.61,0.73,780,309,2.52,35.11%,36.14%,-0.197879,2026-09-02
PANW,328.48,2026-09-04,2,Call,337.50,-2.75%,2.34,2.55,2.96,839,333,2.52,45.87%,62.17%,0.287251,2026-09-02
NVDA,224.41,2026-10-02,30,Put,230.00,+2.49%,11.05,11.15,11.35,916,364,2.52,33.12%,32.47%,-0.57871,2026-09-02
PLTR,169.46,2026-09-04,2,Call,180.00,-6.22%,0.29,0.29,0.3,22554,8943,2.52,46.76%,59.04%,0.087826,2026-09-02
META,592.85,2026-09-04,2,Call,600.00,-1.21%,4.35,4.45,4.6,19783,7892,2.51,35.48%,42.44%,0.359341,2026-09-02
LAES,2.36,2026-09-04,2,Call,2.00,+15.25%,0.27,0.39,0.37,510,203,2.51,66.46%,223.02%,0.861357,2026-09-02
HPE,51.83,2026-09-11,9,Call,70.00,-35.06%,0.2,0.22,0.25,529,211,2.51,72.27%,115.72%,0.059423,2026-09-02
META,592.85,2026-09-04,2,Call,632.50,-6.69%,0.24,0.34,0.33,558,222,2.51,35.48%,47.63%,0.034877,2026-09-02
SNOW,305.84,2026-09-04,2,Put,210.00,-31.34%,0.02,0.1,0.15,875,348,2.51,71.75%,205.76%,-0.00546,2026-09-02
GOOGL,337.12,2026-09-14,12,Call,340.00,-0.85%,4.8,5.07,5.3,609,244,2.5,27.81%,25.42%,0.445289,2026-09-02
ORCL,145.75,2026-09-11,9,Call,167.50,-14.92%,2.17,2.32,2.37,1234,493,2.5,66.27%,95.86%,0.19894,2026-09-02
ASTS,62.4,2026-09-04,2,Call,64.00,-2.56%,1.01,1.05,1.1,2117,846,2.5,75.40%,92.96%,0.370439,2026-09-02
BA,208.87,2026-09-11,9,Call,220.00,-5.33%,0.5,0.55,0.72,2536,1016,2.5,28.94%,28.91%,0.130765,2026-09-02
CIFR,15.18,2026-09-11,9,Call,15.50,-2.11%,0.66,0.68,0.74,5025,2010,2.5,93.12%,87.97%,0.469909,2026-09-02
AVGO,367.24,2026-09-04,2,Call,395.00,-7.56%,5.55,5.65,5.8,5191,2080,2.5,49.66%,140.64%,0.258974,2026-09-02
CMG,38.52,2026-09-11,9,Put,36.00,-6.54%,0.08,0.1,0.11,533,214,2.49,33.48%,34.11%,-0.095915,2026-09-02
PCG,13.33,2026-09-25,23,Call,13.50,-1.28%,0.66,0.66,0.75,560,225,2.49,57.92%,58.10%,0.497639,2026-09-02
AVGO,367.24,2026-09-09,7,Call,420.00,-14.37%,2.4,2.49,2.5,731,293,2.49,49.66%,80.43%,0.126174,2026-09-02
ASTS,62.4,2026-09-04,2,Put,59.00,-5.45%,0.33,0.42,0.44,1215,487,2.49,75.40%,84.75%,-0.176866,2026-09-02
SNOW,305.84,2026-09-04,2,Call,320.00,-4.63%,14.65,15.2,15.3,1367,549,2.49,71.75%,230.68%,0.429146,2026-09-02
META,592.85,2026-09-04,2,Put,600.00,+1.21%,11.05,11.6,11.6,1437,576,2.49,35.48%,41.21%,-0.645642,2026-09-02
IREN,39.6,2026-09-04,2,Call,41.50,-4.80%,0.4,0.4,0.42,2607,1045,2.49,79.31%,92.61%,0.258963,2026-09-02
HPE,51.83,2026-09-18,16,Call,53.00,-2.26%,3.1,3.1,3.3,2800,1125,2.49,72.27%,85.38%,0.488086,2026-09-02
AVGO,367.24,2026-09-11,9,Call,400.00,-8.92%,5.9,5.93,6.05,4326,1739,2.49,49.66%,73.61%,0.249706,2026-09-02
GOOGL,337.12,2026-12-18,107,Call,500.00,-48.32%,0.9,0.94,0.98,7034,2826,2.49,27.81%,37.51%,0.036915,2026-09-02
RDDT,158.1,2026-09-04,2,Put,152.50,-3.54%,0.95,1.04,1.1,598,241,2.48,57.01%,66.47%,-0.223241,2026-09-02
TCOM,43.63,2026-10-16,44,Call,45.00,-3.14%,0.6,1.65,1.7,605,244,2.48,35.62%,28.20%,0.399134,2026-09-02
CVX,211.78,2026-11-20,79,Put,200.00,-5.56%,5.3,5.3,5.6,640,258,2.48,25.32%,27.19%,-0.299264,2026-09-02
SPCX,140.71,2026-09-11,9,Call,146.00,-3.76%,1.95,1.94,2.01,2195,885,2.48,48.19%,45.10%,0.318069,2026-09-02
SNDK,1553.4,2026-09-04,2,Call,"1,625.00",-4.61%,11.2,12.15,12.3,634,257,2.47,69.25%,78.79%,0.229588,2026-09-02
"Downloaded from Barchart.com as of 09-03-2026 05:48am CDT"
