Symbol,Price~,"Exp Date",DTE,Type,Strike,Moneyness,Bid,Latest,Ask,Volume,"Open Int",Vol/OI,"Imp Vol",IV,Delta,Time
AAPL,308.91,2026-08-03,2,Call,305.00,+1.27%,5.25,5.45,6.1,33677,115,292.84,27.30%,36.67%,0.687771,2026-07-31
AAPL,308.91,2026-08-03,2,Call,302.50,+2.08%,6.85,6.76,8.25,21110,118,178.9,27.30%,37.43%,0.781452,2026-07-31
AAPL,308.91,2026-08-03,2,Call,310.00,-0.35%,2.59,2.78,3,28728,186,154.45,27.30%,35.97%,0.455302,2026-07-31
MSTR,93.28,2026-08-07,6,Call,93.00,+0.30%,3.9,4.15,4.15,25524,200,127.62,77.78%,80.98%,0.534513,2026-07-31
AAPL,308.91,2026-08-03,2,Call,307.50,+0.46%,3.75,3.65,4.6,14946,129,115.86,27.30%,37.28%,0.57382,2026-07-31
TSLA,311.21,2026-08-05,4,Put,315.00,+1.22%,8.25,8.3,8.6,12318,128,96.23,45.64%,49.09%,-0.58088,2026-07-31
MRNA,54.82,2026-08-07,6,Call,63.00,-14.92%,0.39,0.46,0.54,11386,119,95.68,84.18%,95.59%,0.142588,2026-07-31
MSTR,93.28,2026-08-07,6,Call,94.00,-0.77%,3.4,3.8,3.65,16986,178,95.43,77.78%,80.40%,0.493109,2026-07-31
MSTR,93.28,2026-08-07,6,Call,98.50,-5.60%,1.81,2.12,2.01,12956,137,94.57,77.78%,80.99%,0.320315,2026-07-31
NVDA,200.75,2026-08-03,2,Put,210.00,+4.61%,9.15,9.45,9.8,8373,104,80.51,41.38%,43.76%,-0.915857,2026-07-31
AMD,476.15,2026-08-07,6,Put,270.00,-43.30%,0.02,0.16,0.16,9793,141,69.45,78.82%,166.07%,-0.002779,2026-07-31
AAPL,308.91,2026-08-03,2,Call,320.00,-3.59%,0.5,0.54,0.72,10332,151,68.42,27.30%,41.52%,0.129965,2026-07-31
AAPL,308.91,2026-08-05,4,Call,310.00,-0.35%,3.85,4.2,4.5,8389,127,66.06,27.30%,35.98%,0.474003,2026-07-31
AI,9.18,2026-08-07,6,Call,9.50,-3.49%,0.15,0.2,0.22,33499,553,60.58,74.90%,66.56%,0.362445,2026-07-31
MU,823.03,2026-08-03,2,Put,620.00,-24.67%,0.08,0.12,0.23,10597,178,59.53,91.94%,152.34%,-0.005093,2026-07-31
AAPL,308.91,2026-08-03,2,Call,315.00,-1.97%,1.18,1.14,1.31,13551,233,58.16,27.30%,37.52%,0.2474,2026-07-31
AAPL,308.91,2026-08-03,2,Put,292.50,-5.31%,0.01,0.12,0.15,10134,177,57.25,27.30%,37.79%,-0.024339,2026-07-31
MU,823.03,2026-08-07,6,Put,490.00,-40.46%,0.07,0.24,0.36,12122,213,56.91,91.94%,158.27%,-0.003917,2026-07-31
MSTR,93.28,2026-08-07,6,Call,96.00,-2.92%,2.6,2.74,2.81,12709,224,56.74,77.78%,80.48%,0.412452,2026-07-31
AMZN,271.58,2026-08-03,2,Call,277.50,-2.18%,1.22,1.4,1.54,9752,179,54.48,32.32%,44.07%,0.26152,2026-07-31
AAPL,308.91,2026-08-03,2,Put,297.50,-3.69%,0.14,0.4,0.4,8572,161,53.24,27.30%,35.56%,-0.073605,2026-07-31
BTDR,10.52,2026-12-18,139,Call,15.00,-42.59%,1.85,1.9,2.1,6241,118,52.89,130.05%,123.67%,0.474427,2026-07-31
XYZ,81.24,2026-08-07,6,Call,87.00,-7.09%,1.69,1.88,1.97,5993,114,52.57,57.84%,94.53%,0.308626,2026-07-31
TSLA,311.21,2028-12-15,867,Put,175.00,-43.77%,19.95,20.44,20.55,7926,167,47.46,45.64%,52.74%,-0.112899,2026-07-31
AG,15.03,2026-08-21,20,Put,14.50,-3.53%,0.59,0.6,0.68,4344,107,40.6,63.91%,64.23%,-0.37306,2026-07-31
GOOG,356.65,2026-08-28,27,Call,375.00,-5.15%,5.8,6.15,6.45,9995,254,39.35,32.53%,32.87%,0.312494,2026-07-31
MSTR,93.28,2026-08-07,6,Call,97.00,-3.99%,2.28,2.4,2.47,16081,421,38.2,77.78%,81.00%,0.374887,2026-07-31
MSFT,464.72,2026-08-03,2,Put,460.00,-1.02%,2.26,2.35,2.58,4353,115,37.85,30.64%,32.27%,-0.328128,2026-07-31
AAPL,308.91,2026-09-04,34,Call,330.00,-6.83%,2.89,3.25,3.45,6051,164,36.9,27.30%,26.33%,0.2287,2026-07-31
NVDA,200.75,2026-08-03,2,Call,187.50,+6.60%,12.15,13.69,15.6,13682,376,36.39,41.38%,76.06%,0.893227,2026-07-31
AAPL,308.91,2026-08-03,2,Put,302.50,-2.08%,0.72,1,1.11,7696,212,36.3,27.30%,34.83%,-0.202571,2026-07-31
TSLA,311.21,2026-08-03,2,Put,317.50,+2.02%,7.6,7.73,7.8,4436,123,36.07,45.64%,40.86%,-0.739791,2026-07-31
MSTR,93.28,2026-08-07,6,Call,99.00,-6.13%,1.75,1.91,1.89,13236,374,35.39,77.78%,82.13%,0.306095,2026-07-31
MU,823.03,2026-08-05,4,Call,"1,050.00",-27.58%,0.68,0.79,0.91,4102,117,35.06,91.94%,112.82%,0.022772,2026-07-31
AMZN,271.58,2026-08-03,2,Put,270.00,-0.58%,2.54,2.84,2.85,16614,492,33.77,32.32%,43.13%,-0.419178,2026-07-31
AMZN,271.58,2026-08-07,6,Put,260.00,-4.26%,1.47,1.56,1.57,15907,477,33.35,32.32%,40.53%,-0.190796,2026-07-31
MSTR,93.28,2026-08-07,6,Call,98.00,-5.06%,1.95,2.25,2.21,12781,385,33.2,77.78%,81.53%,0.339323,2026-07-31
MSTR,93.28,2026-08-07,6,Put,84.00,-9.95%,0.71,0.79,0.9,7566,229,33.04,77.78%,83.21%,-0.149003,2026-07-31
LRCX,293.02,2026-08-07,6,Put,270.00,-7.86%,5.6,6.15,6.45,4649,141,32.97,84.48%,103.02%,-0.245353,2026-07-31
AMZN,271.58,2026-10-16,76,Call,305.00,-12.31%,5.25,5.5,5.6,4322,132,32.74,32.32%,31.66%,0.248957,2026-07-31
AMZN,271.58,2026-09-04,34,Call,300.00,-10.46%,2.06,2.47,2.54,3308,103,32.12,32.32%,31.58%,0.171365,2026-07-31
SKHY,143.73,2027-01-15,167,Call,250.00,-73.94%,13.8,15,16,5538,175,31.65,114.69%,99.78%,0.323968,2026-07-31
TDOC,6.71,2026-08-07,6,Call,7.00,-4.32%,0.14,0.15,0.15,7143,227,31.47,64.42%,75.25%,0.350424,2026-07-31
AMZN,271.58,2026-11-20,111,Call,360.00,-32.56%,2.25,2.22,2.44,21407,686,31.21,32.32%,35.58%,0.100465,2026-07-31
COIN,146.26,2026-08-07,6,Call,162.50,-11.10%,1.21,1.5,1.56,6749,217,31.1,71.54%,82.53%,0.174466,2026-07-31
AMZN,271.58,2026-08-07,6,Call,272.50,-0.34%,5.15,5.25,5.4,12168,393,30.96,32.32%,40.59%,0.489029,2026-07-31
COIN,146.26,2026-08-07,6,Call,155.00,-5.98%,2.56,2.8,2.9,10266,336,30.55,71.54%,79.31%,0.303567,2026-07-31
SPCX,108.37,2026-08-14,13,Put,108.00,-0.34%,10.6,10.8,10.8,7504,247,30.38,109.71%,134.81%,-0.442481,2026-07-31
SPCX,108.37,2027-09-17,412,Put,75.00,-30.79%,11.1,13.1,14.5,3052,103,29.63,109.71%,73.89%,-0.182551,2026-07-31
GOOGL,356.13,2026-08-03,2,Call,355.00,+0.32%,3.55,3.97,4.2,9396,318,29.55,32.89%,30.88%,0.562995,2026-07-31
AMZN,271.58,2026-08-03,2,Put,272.50,+0.34%,3.8,4.15,4.2,4354,148,29.42,32.32%,44.16%,-0.532826,2026-07-31
BMY,65.31,2027-06-17,320,Put,65.00,-0.47%,6.45,6.9,7.35,3530,124,28.47,29.86%,30.05%,-0.426161,2026-07-31
AMZN,271.58,2026-08-03,2,Put,260.00,-4.26%,0.29,0.4,0.44,5392,191,28.23,32.32%,44.19%,-0.087843,2026-07-31
INTC,90.2,2026-08-03,2,Put,86.00,-4.66%,0.73,0.74,0.86,8238,292,28.21,83.34%,89.12%,-0.224169,2026-07-31
TSLA,311.21,2026-08-03,2,Put,312.50,+0.41%,4.25,4.35,4.4,9156,325,28.17,45.64%,39.90%,-0.547785,2026-07-31
NVDA,200.75,2026-08-03,2,Put,197.50,-1.62%,0.86,0.89,0.93,38000,1376,27.62,41.38%,36.55%,-0.266783,2026-07-31
VZ,46.81,2026-09-04,34,Call,50.00,-6.81%,0.31,0.38,0.45,4629,168,27.55,25.61%,25.07%,0.197616,2026-07-31
MU,823.03,2026-08-07,6,Put,475.00,-42.29%,0.13,0.17,0.23,5094,185,27.54,91.94%,163.79%,-0.00322,2026-07-31
META,556.71,2026-08-03,2,Put,540.00,-3.00%,0.95,1.04,1.13,3009,112,26.87,38.93%,37.54%,-0.132097,2026-07-31
GOOGL,356.13,2026-08-03,2,Call,352.50,+1.02%,5.2,5.72,5.8,4258,159,26.78,32.89%,31.84%,0.675202,2026-07-31
MU,823.03,2026-08-03,2,Put,870.00,+5.71%,51.05,45.55,56.4,3657,137,26.69,91.94%,92.69%,-0.780318,2026-07-31
AMZN,271.58,2026-08-03,2,Call,272.50,-0.34%,2.77,3.05,3.2,19583,736,26.61,32.32%,42.33%,0.465765,2026-07-31
RIOT,20.17,2026-08-28,27,Call,22.00,-9.07%,1.43,1.75,2.11,2769,106,26.12,108.29%,112.50%,0.451401,2026-07-31
AAPL,308.91,2026-08-03,2,Call,322.50,-4.40%,0.31,0.43,0.43,4997,192,26.03,27.30%,41.81%,0.085361,2026-07-31
NVDA,200.75,2026-08-03,2,Call,185.00,+7.85%,14.55,16.85,17.8,7649,300,25.5,41.38%,78.08%,0.925827,2026-07-31
COIN,146.26,2026-08-07,6,Call,160.00,-9.39%,1.6,1.76,1.92,9510,380,25.03,71.54%,81.78%,0.212347,2026-07-31
AMZN,271.58,2026-08-03,2,Call,280.00,-3.10%,0.89,0.94,1,21557,894,24.11,32.32%,45.75%,0.189719,2026-07-31
INTC,90.2,2026-08-03,2,Call,101.00,-11.97%,0.1,0.16,0.16,5633,236,23.87,83.34%,91.78%,0.051747,2026-07-31
MSFT,464.72,2026-08-03,2,Call,467.50,-0.60%,2.81,3,3.3,4708,199,23.66,30.64%,31.05%,0.404653,2026-07-31
AMZN,271.58,2026-08-07,6,Put,262.50,-3.34%,1.95,2.14,2.14,2577,109,23.64,32.32%,40.01%,-0.242289,2026-07-31
LZM,3.39,2026-11-20,111,Call,5.00,-47.49%,0.3,0.36,0.4,22174,948,23.39,131.40%,103.67%,0.354385,2026-07-31
AMZN,271.58,2026-08-03,2,Call,180.00,+33.72%,89.9,91.39,93.35,2815,122,23.07,32.32%,181.64%,0.999115,2026-07-31
AAL,15.27,2026-09-04,34,Call,18.00,-17.88%,0.15,0.23,0.25,11377,495,22.98,49.90%,51.48%,0.167712,2026-07-31
AMD,476.15,2026-08-03,2,Put,425.00,-10.74%,0.59,0.68,0.77,7173,315,22.77,78.82%,94.34%,-0.047963,2026-07-31
BABA,122.25,2026-08-07,6,Call,128.00,-4.70%,0.93,1,1.06,3844,171,22.48,47.14%,47.57%,0.234898,2026-07-31
TSLA,311.21,2026-08-03,2,Call,312.50,-0.41%,2.96,3,3.05,23163,1032,22.44,45.64%,38.94%,0.451364,2026-07-31
NBIS,190.41,2026-08-14,13,Call,170.00,+10.72%,32.3,33.39,35.6,3296,147,22.42,137.11%,163.99%,0.700325,2026-07-31
APLD,27.39,2026-08-21,20,Call,31.00,-13.18%,1.46,1.51,1.51,5896,263,22.42,105.93%,107.74%,0.360551,2026-07-31
MSTR,93.28,2026-08-07,6,Call,95.00,-1.84%,3,3.1,3.2,17002,761,22.34,77.78%,80.54%,0.452415,2026-07-31
AMZN,271.58,2026-08-07,6,Put,255.00,-6.11%,0.74,0.76,0.84,4063,184,22.08,32.32%,41.43%,-0.110711,2026-07-31
NXE,9.15,2026-09-18,48,Call,11.00,-20.22%,0.3,0.32,0.35,6354,289,21.99,67.15%,67.06%,0.269064,2026-07-31
AAPL,308.91,2026-08-07,6,Call,317.50,-2.78%,2.11,2.32,2.55,3140,143,21.96,27.30%,34.68%,0.280089,2026-07-31
BABA,122.25,2026-08-07,6,Put,113.00,-7.57%,0.25,0.31,0.34,5413,248,21.83,47.14%,46.09%,-0.086582,2026-07-31
AAPL,308.91,2026-08-05,4,Put,290.00,-6.12%,0.22,0.25,0.38,2697,124,21.75,27.30%,38.59%,-0.055655,2026-07-31
MRNA,54.82,2026-08-07,6,Call,58.00,-5.80%,1.22,1.67,1.79,3043,142,21.43,84.18%,97.21%,0.349968,2026-07-31
AAPL,308.91,2026-08-07,6,Call,310.00,-0.35%,4.75,5.15,5.35,28423,1346,21.12,27.30%,34.76%,0.482158,2026-07-31
NVDA,200.75,2026-08-05,4,Put,197.50,-1.62%,2.03,2.1,2.15,8796,424,20.75,41.38%,42.09%,-0.344855,2026-07-31
REPL,11.2,2026-08-07,6,Call,13.00,-16.07%,1.2,1.21,1.45,2425,118,20.55,228.95%,342.89%,0.453075,2026-07-31
BRK.B,511.54,2026-08-07,6,Call,512.50,-0.19%,2.81,4.88,5.65,2516,124,20.29,16.09%,17.38%,0.481561,2026-07-31
DAL,87.44,2026-08-07,6,Call,93.00,-6.36%,0.23,0.25,0.46,6034,302,19.98,38.03%,43.44%,0.141971,2026-07-31
CVNA,62.36,2027-03-19,230,Call,80.00,-28.29%,7.95,7.99,8.45,6006,303,19.82,66.15%,67.30%,0.439541,2026-07-31
SCCO,182.71,2026-08-07,6,Put,170.00,-6.96%,1.2,1.54,2.2,2099,106,19.8,53.72%,67.20%,-0.188675,2026-07-31
AMD,476.15,2026-08-03,2,Put,465.00,-2.34%,5.6,6.16,6.2,3777,192,19.67,78.82%,76.17%,-0.325787,2026-07-31
MU,823.03,2026-08-03,2,Put,720.00,-12.52%,1.53,1.6,1.82,2611,133,19.63,91.94%,115.81%,-0.054231,2026-07-31
AAPL,308.91,2026-08-07,6,Call,305.00,+1.27%,7.35,7.55,8.1,16940,873,19.4,27.30%,34.71%,0.625727,2026-07-31
W,84.9,2026-09-18,48,Put,87.50,+3.06%,10,10.15,10.6,3043,157,19.38,82.76%,73.66%,-0.486627,2026-07-31
AMZN,271.58,2026-08-05,4,Put,270.00,-0.58%,3.8,4.1,4.2,2395,124,19.31,32.32%,42.38%,-0.436007,2026-07-31
CVX,196.83,2026-08-07,6,Call,202.50,-2.88%,1.03,1.16,1.3,3043,158,19.26,28.68%,31.74%,0.24899,2026-07-31
RKT,12.9,2026-12-18,139,Call,13.00,-0.78%,1.85,2.05,2.28,2506,131,19.13,69.14%,64.25%,0.585405,2026-07-31
SPCX,108.37,2026-08-07,6,Call,109.00,-0.58%,8.6,8.72,8.8,1966,104,18.9,109.71%,161.88%,0.531368,2026-07-31
CLF,11.52,2026-08-21,20,Put,12.50,+8.51%,1.24,1.24,1.52,3301,177,18.65,63.10%,71.86%,-0.654271,2026-07-31
PYPL,57.21,2026-08-07,6,Call,58.00,-1.38%,0.66,0.67,0.73,6467,355,18.22,31.74%,35.06%,0.392389,2026-07-31
AAPL,308.91,2026-08-03,2,Call,317.50,-2.78%,0.64,0.75,1.13,7557,421,17.95,27.30%,39.80%,0.181341,2026-07-31
SKHY,143.73,2026-08-07,6,Put,95.00,-33.90%,0.25,0.3,0.35,10186,571,17.84,114.69%,172.13%,-0.023351,2026-07-31
VALE,15.06,2026-08-14,13,Put,14.50,-3.72%,0.22,0.26,0.47,4268,240,17.78,36.75%,51.45%,-0.336855,2026-07-31
MSFT,464.72,2026-08-03,2,Call,452.50,+2.63%,12.6,14,14.15,5038,284,17.74,30.64%,36.94%,0.839825,2026-07-31
KMI,32.18,2026-08-28,27,Call,33.00,-2.55%,0.32,0.36,0.48,2409,136,17.71,22.77%,20.93%,0.338757,2026-07-31
MRNA,54.82,2026-08-07,6,Call,60.00,-9.45%,0.8,0.87,1.1,6250,354,17.66,84.18%,95.59%,0.251229,2026-07-31
MSTR,93.28,2026-08-07,6,Call,102.00,-9.35%,1.1,1.22,1.27,12278,701,17.51,77.78%,83.34%,0.218448,2026-07-31
XOM,155.44,2026-08-28,27,Call,160.00,-2.93%,2.75,3.1,3.2,5086,292,17.42,30.19%,28.55%,0.372294,2026-07-31
AMZN,271.58,2026-08-05,4,Call,280.00,-3.10%,1.64,1.83,1.83,6143,353,17.4,32.32%,41.56%,0.251113,2026-07-31
KO,87.59,2026-08-07,6,Put,91.00,+3.89%,3.3,3.6,3.7,2327,134,17.37,21.57%,22.04%,-0.910214,2026-07-31
NVDA,200.75,2026-08-07,6,Put,172.50,-14.07%,0.13,0.14,0.15,14883,860,17.31,41.38%,60.80%,-0.023254,2026-07-31
MU,823.03,2026-08-03,2,Put,830.00,+0.85%,25.95,26.3,27.4,6115,354,17.27,91.94%,94.68%,-0.533109,2026-07-31
LUMN,6.38,2026-08-21,20,Put,5.50,-13.79%,0.16,0.17,0.21,7052,409,17.24,86.93%,90.20%,-0.215889,2026-07-31
RIOT,20.17,2026-09-18,48,Put,13.00,-35.55%,0.38,0.45,0.54,9138,531,17.21,108.29%,112.72%,-0.098563,2026-07-31
MU,823.03,2026-08-03,2,Put,790.00,-4.01%,10.05,10.2,10.6,2024,118,17.15,91.94%,97.63%,-0.272466,2026-07-31
AAPL,308.91,2026-08-14,13,Call,312.50,-1.16%,5,5.5,5.5,1771,106,16.71,27.30%,28.84%,0.434946,2026-07-31
CIFR,22.32,2026-08-21,20,Put,16.00,-28.32%,0.4,0.42,0.55,7067,429,16.47,124.32%,138.47%,-0.116104,2026-07-31
JD,33.01,2026-08-14,13,Call,34.00,-3.00%,0.65,0.72,0.81,1744,106,16.45,38.94%,47.24%,0.376195,2026-07-31
RIVN,15.22,2026-08-07,6,Call,15.50,-1.84%,0.37,0.39,0.4,2686,164,16.38,62.92%,64.82%,0.432254,2026-07-31
NFLX,71.71,2026-08-21,20,Put,99.00,+38.06%,25.95,27.55,29.3,2996,183,16.37,35.34%,88.61%,-0.929358,2026-07-31
AAPL,308.91,2026-08-07,6,Call,322.50,-4.40%,1.22,1.38,1.38,3468,212,16.36,27.30%,34.98%,0.177281,2026-07-31
INTC,90.2,2026-08-03,2,Put,92.00,+2.00%,3.1,3.05,3.4,4287,262,16.36,83.34%,83.46%,-0.612908,2026-07-31
MSFT,464.72,2026-08-05,4,Put,455.00,-2.09%,3.1,3,3.5,1731,106,16.33,30.64%,37.37%,-0.285355,2026-07-31
MU,823.03,2026-08-03,2,Call,830.00,-0.85%,19.2,19.85,20,2589,159,16.28,91.94%,93.62%,0.466429,2026-07-31
AMZN,271.58,2026-09-04,34,Call,285.00,-4.94%,5.2,6.05,5.95,2876,177,16.25,32.32%,31.53%,0.338251,2026-07-31
CRCL,62.61,2026-08-07,6,Put,59.00,-5.77%,2.41,2.59,2.64,3567,221,16.14,96.05%,131.76%,-0.330295,2026-07-31
MU,823.03,2026-08-07,6,Put,480.00,-41.68%,0.14,0.15,0.33,2458,153,16.07,91.94%,165.67%,-0.004064,2026-07-31
MSFT,464.72,2026-08-03,2,Put,457.50,-1.55%,1.66,1.62,1.8,2168,135,16.06,30.64%,32.74%,-0.25332,2026-07-31
MSFT,464.72,2026-08-03,2,Put,452.50,-2.63%,0.83,0.92,1.14,2079,130,15.99,30.64%,35.72%,-0.15234,2026-07-31
RDDT,140.67,2026-08-21,20,Call,140.00,+0.48%,9.1,9.7,10.6,1772,111,15.96,69.71%,71.64%,0.549415,2026-07-31
LUV,44.97,2026-08-07,6,Put,44.00,-2.16%,0.54,0.64,0.7,1715,109,15.73,41.11%,45.66%,-0.342028,2026-07-31
AMZN,271.58,2026-08-03,2,Call,267.50,+1.50%,5.4,5.82,6,7283,470,15.5,32.32%,40.46%,0.700926,2026-07-31
AAPL,308.91,2026-08-07,6,Put,302.50,-2.08%,2.54,2.47,3,4197,271,15.49,27.30%,34.74%,-0.307285,2026-07-31
AMZN,271.58,2026-08-05,4,Put,260.00,-4.26%,0.98,0.98,1.1,2350,152,15.46,32.32%,42.97%,-0.15881,2026-07-31
RDW,8.62,2026-08-14,13,Call,9.00,-4.41%,0.6,0.67,0.75,1620,105,15.43,109.73%,128.03%,0.479102,2026-07-31
MSFT,464.72,2026-08-05,4,Call,470.00,-1.14%,4.25,4.65,5.2,5163,335,15.41,30.64%,35.84%,0.391991,2026-07-31
MSFT,464.72,2026-08-07,6,Put,460.00,-1.02%,5.75,6.05,6.45,3603,234,15.4,30.64%,35.22%,-0.398422,2026-07-31
AAPL,308.91,2026-08-03,2,Put,295.00,-4.50%,0.17,0.24,0.25,9943,646,15.39,27.30%,39.33%,-0.054478,2026-07-31
NVDA,200.75,2026-08-03,2,Put,200.00,-0.37%,1.71,1.75,1.8,21836,1428,15.29,41.38%,35.88%,-0.436572,2026-07-31
AXP,336.25,2026-08-07,6,Call,347.50,-3.35%,0.76,1.16,1.27,1694,112,15.13,25.78%,26.18%,0.170658,2026-07-31
WU,6.36,2026-11-20,111,Call,8.00,-25.79%,0.15,0.22,0.3,20858,1394,14.96,50.91%,54.25%,0.232905,2026-07-31
AMZN,271.58,2026-08-07,6,Put,265.00,-2.42%,2.62,2.9,2.87,6570,440,14.93,32.32%,39.81%,-0.302853,2026-07-31
MRNA,54.82,2026-08-07,6,Call,62.00,-13.10%,0.34,0.52,0.7,3102,208,14.91,84.18%,91.33%,0.16169,2026-07-31
S,19.06,2026-08-07,6,Call,21.00,-10.18%,0.15,0.22,0.25,3309,222,14.91,67.24%,81.29%,0.19151,2026-07-31
SIRI,29.62,2027-01-15,167,Call,33.00,-11.41%,1.4,1.5,1.61,5088,343,14.83,32.43%,34.40%,0.360826,2026-07-31
BN,42.53,2026-09-18,48,Call,47.00,-10.51%,0.15,0.35,0.6,1686,114,14.79,32.20%,26.93%,0.175151,2026-07-31
AAPL,308.91,2026-08-03,2,Put,300.00,-2.88%,0.4,0.61,0.68,24450,1654,14.78,27.30%,35.76%,-0.130257,2026-07-31
AAPL,308.91,2026-08-05,4,Call,325.00,-5.21%,0.37,0.67,0.71,3972,270,14.71,27.30%,36.70%,0.097994,2026-07-31
IREN,36.8,2026-08-07,6,Put,31.00,-15.76%,0.51,0.55,0.6,13355,914,14.61,122.62%,140.94%,-0.148577,2026-07-31
META,556.71,2026-08-03,2,Put,547.50,-1.65%,2.32,2.59,2.7,1655,114,14.52,38.93%,37.16%,-0.265649,2026-07-31
MU,823.03,2026-08-21,20,Call,990.00,-20.29%,22.4,23.05,23.3,6546,453,14.45,91.94%,94.57%,0.237298,2026-07-31
IREN,36.8,2026-08-07,6,Put,26.00,-29.35%,0.1,0.11,0.14,20488,1418,14.45,122.62%,160.88%,-0.03672,2026-07-31
INTC,90.2,2026-08-14,13,Call,109.00,-20.84%,1.07,1.44,1.24,2789,196,14.23,83.34%,90.53%,0.154692,2026-07-31
META,556.71,2026-08-03,2,Call,560.00,-0.59%,4.55,4.75,5,4949,350,14.14,38.93%,37.86%,0.42467,2026-07-31
AAL,15.27,2026-08-28,27,Call,15.50,-1.51%,0.66,0.74,0.77,3571,253,14.11,49.90%,49.23%,0.483533,2026-07-31
MU,823.03,2026-08-03,2,Call,920.00,-11.78%,1.31,1.4,1.55,2567,183,14.03,91.94%,94.22%,0.05946,2026-07-31
RBLX,35.6,2026-09-18,48,Call,40.00,-12.36%,1.98,2.1,2.15,1592,115,13.84,71.40%,69.99%,0.377122,2026-07-31
INTC,90.2,2026-08-03,2,Call,94.00,-4.21%,0.84,0.93,1,4179,302,13.84,83.34%,86.13%,0.269999,2026-07-31
Q,131.18,2026-08-21,20,Put,95.00,-27.58%,0.7,0.87,0.9,1585,115,13.78,82.99%,95.15%,-0.058451,2026-07-31
TSLA,311.21,2026-08-03,2,Put,315.00,+1.22%,5.8,5.9,6,5024,365,13.76,45.64%,40.44%,-0.649835,2026-07-31
MSFT,464.72,2026-08-07,6,Put,427.50,-8.01%,0.55,0.59,0.81,3292,243,13.55,30.64%,42.94%,-0.060343,2026-07-31
CLSK,13.76,2026-08-28,27,Call,18.00,-30.81%,0.2,0.43,0.53,2507,185,13.55,107.02%,99.58%,0.198635,2026-07-31
INTC,90.2,2026-08-03,2,Put,93.00,+3.10%,3.8,3.8,4.25,2841,211,13.46,83.34%,87.88%,-0.668439,2026-07-31
V,366.13,2026-08-14,13,Call,385.00,-5.15%,0.85,1.01,1.18,2029,151,13.44,23.16%,22.80%,0.130804,2026-07-31
AMZN,271.58,2026-08-07,6,Call,267.50,+1.50%,7.8,8,8.35,3894,291,13.38,32.32%,41.41%,0.626631,2026-07-31
RKLB,64.95,2026-08-07,6,Call,68.00,-4.70%,1.97,2.08,2.18,3517,264,13.32,102.86%,99.17%,0.384874,2026-07-31
MSFT,464.72,2026-08-05,4,Put,450.00,-3.17%,1.91,2.2,2.35,2562,193,13.27,30.64%,38.05%,-0.201789,2026-07-31
LBRT,18.71,2026-08-21,20,Put,17.00,-9.14%,0.35,0.47,0.6,2716,205,13.25,66.12%,68.25%,-0.24644,2026-07-31
AMZN,271.58,2026-08-07,6,Put,270.00,-0.58%,4.4,4.78,5,7145,541,13.21,32.32%,39.86%,-0.440658,2026-07-31
TSLA,311.21,2026-08-03,2,Call,305.00,+2.00%,7.3,7.4,7.55,20315,1542,13.17,45.64%,37.50%,0.772545,2026-07-31
GOOGL,356.13,2026-08-03,2,Call,370.00,-3.89%,0.33,0.36,0.41,1927,147,13.11,32.89%,36.90%,0.084027,2026-07-31
MSFT,464.72,2026-08-03,2,Call,462.50,+0.48%,5.35,5.8,5.9,3412,261,13.07,30.64%,32.03%,0.587218,2026-07-31
AG,15.03,2026-08-07,6,Call,15.50,-3.13%,0.3,0.31,0.39,2334,179,13.04,63.91%,69.87%,0.384664,2026-07-31
CVX,196.83,2026-08-07,6,Call,197.50,-0.34%,2.64,2.97,3.05,3095,238,13,28.68%,31.43%,0.474288,2026-07-31
LRCX,293.02,2026-08-07,6,Call,310.00,-5.79%,7.95,9,9.6,1350,104,12.98,84.48%,102.44%,0.359697,2026-07-31
AMZN,271.58,2026-08-07,6,Put,250.00,-7.95%,0.44,0.46,0.49,21492,1662,12.93,32.32%,44.26%,-0.067179,2026-07-31
AAPL,308.91,2026-08-07,6,Call,275.00,+10.98%,33.15,30.58,35.85,2439,189,12.9,27.30%,55.68%,0.95268,2026-07-31
ORCL,129.87,2026-08-28,27,Call,128.00,+1.44%,10,9.99,10.5,2282,177,12.89,69.81%,65.83%,0.570473,2026-07-31
AMZN,271.58,2026-08-03,2,Call,252.50,+7.03%,18.55,19.16,19.55,3105,245,12.67,32.32%,42.77%,0.989901,2026-07-31
AMZN,271.58,2026-08-03,2,Call,270.00,+0.58%,4,4.14,4.4,26527,2097,12.65,32.32%,41.52%,0.583841,2026-07-31
TSLA,311.21,2026-08-03,2,Call,315.00,-1.22%,2.05,2.09,2.1,27398,2169,12.63,45.64%,39.36%,0.346756,2026-07-31
AAPL,308.91,2026-08-21,20,Call,317.50,-2.78%,4.35,4.95,5.3,2723,218,12.49,27.30%,28.14%,0.360769,2026-07-31
NVDA,200.75,2026-08-03,2,Call,205.00,-2.12%,0.63,0.65,0.68,60287,4847,12.44,41.38%,35.59%,0.218947,2026-07-31
NKE,41.71,2026-08-07,6,Put,41.00,-1.70%,0.42,0.43,0.44,11325,914,12.39,37.20%,34.54%,-0.341033,2026-07-31
AAPL,308.91,2026-08-03,2,Call,327.50,-6.02%,0.14,0.21,0.21,1796,146,12.3,27.30%,45.15%,0.042142,2026-07-31
WERN,37.42,2026-08-21,20,Call,40.00,-6.89%,0.65,0.75,0.75,1985,162,12.25,45.88%,46.28%,0.290725,2026-07-31
TTD,18.04,2026-08-21,20,Put,14.50,-19.62%,0.24,0.26,0.5,1855,152,12.2,82.21%,101.99%,-0.148724,2026-07-31
PINS,24.01,2026-08-14,13,Call,27.00,-12.45%,0.6,0.68,0.7,1280,105,12.19,70.93%,91.07%,0.277763,2026-07-31
AAPL,308.91,2026-08-07,6,Call,320.00,-3.59%,1.66,1.85,2,24441,2028,12.05,27.30%,35.47%,0.229281,2026-07-31
CRCL,62.61,2026-08-07,6,Call,63.00,-0.62%,3.8,3.8,4.05,1487,124,11.99,96.05%,127.78%,0.519,2026-07-31
ADBE,250.41,2026-08-07,6,Call,275.00,-9.82%,0.89,0.99,1.15,2310,193,11.97,52.57%,58.60%,0.114788,2026-07-31
RIVN,15.22,2026-08-21,20,Put,12.50,-17.87%,0.08,0.1,0.11,1208,101,11.96,62.92%,65.17%,-0.083971,2026-07-31
COST,951.89,2026-09-04,34,Call,"1,140.00",-19.76%,0.24,0.66,1.47,1495,125,11.96,23.55%,29.48%,0.026953,2026-07-31
AMZN,271.58,2026-08-03,2,Put,285.00,+4.94%,13.45,13.8,14.3,3949,331,11.93,32.32%,50.76%,-0.897314,2026-07-31
COIN,146.26,2026-08-07,6,Put,143.00,-2.23%,3.9,3.6,4.6,1622,137,11.84,71.54%,77.99%,-0.389557,2026-07-31
AAPL,308.91,2026-08-07,6,Call,300.00,+2.88%,10.5,11,11.9,6755,572,11.81,27.30%,35.46%,0.751236,2026-07-31
PYPL,57.21,2027-03-19,230,Call,85.00,-48.58%,0.01,0.12,0.28,2253,191,11.8,31.74%,24.84%,0.034748,2026-07-31
MU,823.03,2026-08-03,2,Call,900.00,-9.35%,2.7,2.82,2.82,14575,1239,11.76,91.94%,93.36%,0.104484,2026-07-31
TXN,275.74,2026-08-07,6,Call,285.00,-3.36%,3.9,4.25,4.8,1292,111,11.64,51.97%,56.73%,0.339251,2026-07-31
MU,823.03,2026-08-03,2,Call,840.00,-2.06%,15.1,16,15.8,3340,288,11.6,91.94%,93.20%,0.397988,2026-07-31
AAPL,308.91,2026-08-28,27,Call,300.00,+2.88%,14.1,15.05,15.75,2077,179,11.6,27.30%,28.28%,0.673664,2026-07-31
MSTR,93.28,2026-08-07,6,Put,97.00,+3.99%,5.8,5.66,6.3,2617,226,11.58,77.78%,81.16%,-0.625424,2026-07-31
SOFI,16.31,2026-09-04,34,Put,15.50,-4.97%,0.6,0.6,0.66,3496,302,11.58,51.28%,51.83%,-0.337544,2026-07-31
TSLA,311.21,2026-08-07,6,Put,292.50,-6.01%,1.67,1.64,1.71,5085,440,11.56,45.64%,50.04%,-0.156965,2026-07-31
AMZN,271.58,2026-08-05,4,Call,275.00,-1.26%,3.05,3.3,3.4,3089,268,11.53,32.32%,41.16%,0.397534,2026-07-31
CMG,37.22,2026-08-07,6,Call,38.00,-2.10%,0.39,0.47,0.46,3662,318,11.52,35.46%,38.65%,0.351293,2026-07-31
PLTR,123.06,2026-08-07,6,Put,96.00,-21.99%,0.29,0.29,0.32,1220,106,11.51,67.71%,115.28%,-0.039394,2026-07-31
FCX,62.63,2026-08-07,6,Call,61.00,+2.60%,2.6,2.65,2.96,1472,128,11.5,51.74%,58.04%,0.654411,2026-07-31
PINS,24.01,2026-08-07,6,Put,21.00,-12.54%,0.32,0.3,0.57,1236,108,11.44,70.93%,130.19%,-0.186949,2026-07-31
SPCX,108.37,2026-08-07,6,Call,300.00,-176.83%,0.3,0.31,0.4,3943,345,11.43,109.71%,354.31%,0.022074,2026-07-31
WULF,17.66,2026-08-14,13,Call,22.00,-24.58%,0.29,0.45,0.46,1679,147,11.42,110.78%,120.23%,0.188578,2026-07-31
MU,823.03,2026-08-03,2,Call,960.00,-16.64%,0.31,0.5,0.5,3041,267,11.39,91.94%,98.33%,0.018967,2026-07-31
GOOG,356.65,2026-08-07,6,Put,355.00,-0.46%,5.3,5.45,5.75,1610,142,11.34,32.53%,35.16%,-0.446122,2026-07-31
MU,823.03,2026-08-03,2,Put,835.00,+1.45%,28.5,29.07,30,1921,170,11.3,91.94%,93.37%,-0.568359,2026-07-31
AMZN,271.58,2026-08-03,2,Put,277.50,+2.18%,7.15,7.4,7.8,1423,126,11.29,32.32%,47.44%,-0.723484,2026-07-31
AMZN,271.58,2026-08-07,6,Put,247.50,-8.87%,0.24,0.34,0.4,1393,124,11.23,32.32%,44.65%,-0.048437,2026-07-31
VRT,241.57,2026-11-20,111,Call,280.00,-15.91%,23.1,26.9,25.8,1579,141,11.2,69.52%,70.01%,0.436353,2026-07-31
INTC,90.2,2026-08-03,2,Put,90.00,-0.22%,2.03,2.03,2.2,9216,832,11.08,83.34%,83.46%,-0.472457,2026-07-31
MU,823.03,2026-08-07,6,Call,835.00,-1.45%,41.45,42.5,42.35,1417,128,11.07,91.94%,111.97%,0.490121,2026-07-31
BABA,122.25,2026-08-07,6,Call,127.00,-3.89%,1.09,1.25,1.37,1247,113,11.04,47.14%,47.55%,0.276089,2026-07-31
INTC,90.2,2026-08-03,2,Put,95.00,+5.32%,5.2,5.5,5.8,2540,230,11.04,83.34%,87.04%,-0.779716,2026-07-31
SMTC,117.82,2026-08-21,20,Call,110.00,+6.64%,14.6,16,16,1927,176,10.95,103.60%,101.99%,0.661079,2026-07-31
COHR,262.89,2026-08-07,6,Call,290.00,-10.31%,5.2,6.6,7.9,2047,188,10.89,108.14%,118.14%,0.284885,2026-07-31
CRCL,62.61,2026-08-07,6,Call,61.00,+2.57%,4.6,5.05,5.25,3671,337,10.89,96.05%,128.27%,0.596497,2026-07-31
NVDA,200.75,2026-09-11,41,Call,225.00,-12.08%,3.35,3.81,3.85,1763,162,10.88,41.38%,41.61%,0.23493,2026-07-31
NVDA,200.75,2026-08-03,2,Call,202.50,-0.87%,1.33,1.37,1.41,62721,5781,10.85,41.38%,35.58%,0.378297,2026-07-31
MSTR,93.28,2026-08-07,6,Put,91.00,-2.44%,2.57,2.67,2.86,2927,270,10.84,77.78%,79.96%,-0.383007,2026-07-31
GOOGL,356.13,2026-08-07,6,Call,355.00,+0.32%,6.4,7,7.6,9215,853,10.8,32.89%,34.73%,0.542239,2026-07-31
GME,21.72,2026-08-07,6,Call,20.00,+7.92%,1.07,1.8,2.48,1947,181,10.76,33.97%,50.07%,0.906372,2026-07-31
TSLA,311.21,2026-08-07,6,Call,397.50,-27.73%,0.09,0.1,0.1,1419,132,10.75,45.64%,79.09%,0.00923,2026-07-31
MSFT,464.72,2026-08-03,2,Put,445.00,-4.24%,0.36,0.38,0.43,4590,427,10.75,30.64%,39.37%,-0.065865,2026-07-31
MSFT,464.72,2026-08-05,4,Call,490.00,-5.44%,0.43,0.57,0.57,1343,126,10.66,30.64%,33.67%,0.069935,2026-07-31
AAPL,308.91,2026-08-05,4,Put,295.00,-4.50%,0.48,0.53,0.81,2265,214,10.58,27.30%,36.78%,-0.110383,2026-07-31
DELL,405.37,2026-11-20,111,Call,550.00,-35.68%,32.4,33.4,35.1,1130,107,10.56,87.21%,83.75%,0.340782,2026-07-31
SHAZ,48.25,2027-01-15,167,Call,90.00,-86.53%,4.6,6.84,7.8,3052,289,10.56,145.47%,116.11%,0.352425,2026-07-31
AMZN,271.58,2026-08-03,2,Call,275.00,-1.26%,2.04,2.04,2.2,17522,1670,10.49,32.32%,44.02%,0.35878,2026-07-31
AMZN,271.58,2026-11-20,111,Call,240.00,+11.63%,41.3,43.25,43.2,25404,2429,10.46,32.32%,37.06%,0.777681,2026-07-31
AMZN,271.58,2026-12-18,139,Call,295.00,-8.62%,15.2,15.58,15.9,26228,2519,10.41,32.32%,34.62%,0.41613,2026-07-31
MU,823.03,2026-08-03,2,Put,800.00,-2.80%,12.95,13.02,13.7,7030,678,10.37,91.94%,96.36%,-0.331429,2026-07-31
SO,94.54,2026-08-21,20,Call,99.00,-4.72%,0.3,0.35,0.55,1304,126,10.35,20.58%,20.59%,0.176589,2026-07-31
USAR,14.95,2026-12-18,139,Call,38.00,-154.18%,0.39,0.48,0.58,2504,244,10.26,105.12%,103.15%,0.13047,2026-07-31
AXP,336.25,2026-08-07,6,Call,342.50,-1.86%,1.88,2.49,2.57,1721,168,10.24,25.78%,26.83%,0.306286,2026-07-31
JPM,351.79,2026-09-18,48,Put,360.00,+2.33%,13.95,14,14.95,2032,200,10.16,21.45%,20.11%,-0.601043,2026-07-31
META,556.71,2026-08-03,2,Put,525.00,-5.70%,0.15,0.2,0.2,1609,159,10.12,38.93%,41.42%,-0.026604,2026-07-31
AA,45.26,2026-08-21,20,Put,39.00,-13.83%,0.3,0.31,0.44,1031,102,10.11,52.49%,57.27%,-0.11743,2026-07-31
MSFT,464.72,2026-08-03,2,Call,465.00,-0.06%,3.85,4.1,4.4,6484,642,10.1,30.64%,30.80%,0.496719,2026-07-31
TSLA,311.21,2026-08-03,2,Call,297.50,+4.41%,13.5,15.55,14.2,1777,176,10.1,45.64%,32.22%,0.971884,2026-07-31
MGM,44.57,2026-09-18,48,Put,42.00,-5.77%,1,1.2,2.35,1241,123,10.09,40.13%,45.53%,-0.320351,2026-07-31
AMZN,271.58,2026-08-05,4,Call,270.00,+0.58%,5.05,5.6,5.85,4517,449,10.06,32.32%,40.31%,0.567037,2026-07-31
AMD,476.15,2026-08-03,2,Call,492.50,-3.43%,4.1,4.8,5,1354,135,10.03,78.82%,75.42%,0.283209,2026-07-31
WBD,26.3,2026-08-07,6,Put,25.50,-3.04%,0.01,0.15,0.15,1634,163,10.02,34.54%,26.00%,-0.168613,2026-07-31
AMD,476.15,2026-08-03,2,Put,452.50,-4.97%,2.77,2.82,3.25,1021,102,10.01,78.82%,80.64%,-0.187688,2026-07-31
CLF,11.52,2026-08-14,13,Put,11.50,-0.17%,0.5,0.61,0.55,3319,332,10,63.10%,62.14%,-0.468935,2026-07-31
SKHY,143.73,2026-08-14,13,Put,125.00,-13.03%,5.5,6,6.2,3881,388,10,114.69%,131.06%,-0.244221,2026-07-31
COIN,146.26,2026-08-07,6,Call,140.00,+4.28%,8.95,10.3,10.15,1217,122,9.98,71.54%,79.82%,0.685987,2026-07-31
GOOGL,356.13,2026-08-07,6,Call,367.50,-3.19%,2.46,2.6,2.73,3910,392,9.97,32.89%,36.55%,0.262578,2026-07-31
AAPL,308.91,2026-08-14,13,Call,300.00,+2.88%,11.55,12.1,13.25,3068,309,9.93,27.30%,29.65%,0.716257,2026-07-31
SPCX,108.37,2026-08-14,13,Put,62.00,-42.79%,0.15,0.16,0.2,1245,126,9.88,109.71%,145.97%,-0.015042,2026-07-31
OPEN,3.77,2026-08-14,13,Call,3.50,+7.16%,0.43,0.47,0.51,4214,429,9.82,99.49%,115.02%,0.676121,2026-07-31
NLY,22.72,2026-08-21,20,Put,22.50,-0.97%,0.16,0.3,0.57,7074,721,9.81,18.77%,19.89%,-0.445624,2026-07-31
NVDA,200.75,2026-09-04,34,Put,100.00,-50.19%,0.06,0.13,0.4,2512,258,9.74,41.38%,104.99%,-0.009546,2026-07-31
AAPL,308.91,2026-08-21,20,Call,312.50,-1.16%,6.2,7.08,7,1788,184,9.72,27.30%,27.69%,0.452886,2026-07-31
MU,823.03,2026-08-03,2,Call,825.00,-0.24%,20.95,22,22.95,1360,140,9.71,91.94%,93.91%,0.501259,2026-07-31
AMZN,271.58,2026-11-20,111,Call,370.00,-36.24%,1.61,1.76,2,5079,523,9.71,32.32%,35.87%,0.079996,2026-07-31
CRCL,62.61,2026-08-14,13,Put,50.00,-20.14%,0.73,0.84,0.88,3047,314,9.7,96.05%,109.74%,-0.115992,2026-07-31
PTON,6.39,2026-08-07,6,Put,5.50,-13.93%,0.01,0.14,0.16,2549,263,9.69,81.49%,123.17%,-0.150973,2026-07-31
TSLA,311.21,2026-08-05,4,Put,312.50,+0.41%,6.8,6.75,7.15,1133,117,9.68,45.64%,48.90%,-0.519582,2026-07-31
NBIS,190.41,2026-10-16,76,Call,185.00,+2.84%,44.2,45,45.8,1336,138,9.68,137.11%,123.53%,0.635583,2026-07-31
WDC,544.84,2026-08-21,20,Call,630.00,-15.63%,23.35,27.7,25.65,1277,134,9.53,100.85%,104.26%,0.320861,2026-07-31
XYZ,81.24,2026-08-07,6,Call,83.00,-2.17%,3.15,3.4,3.4,5902,628,9.4,57.84%,97.07%,0.458102,2026-07-31
CAPR,3.85,2026-08-21,20,Put,4.00,+3.90%,0.75,1.05,1.2,1540,164,9.39,257.43%,249.75%,-0.409265,2026-07-31
TSLA,311.21,2026-08-03,2,Call,302.50,+2.80%,9.25,10.2,9.6,7436,793,9.38,45.64%,37.21%,0.853524,2026-07-31
AAPL,308.91,2026-08-07,6,Call,315.00,-1.97%,2.81,3.05,3.25,10841,1159,9.35,27.30%,34.42%,0.341558,2026-07-31
ARM,239.69,2026-08-07,6,Call,240.00,-0.13%,11.95,12.7,13.05,1289,139,9.27,86.88%,102.68%,0.524135,2026-07-31
CLMT,44.19,2028-01-21,538,Put,45.00,+1.83%,9.6,11.33,11.9,1024,111,9.23,63.49%,48.90%,-0.3845,2026-07-31
APLD,27.39,2026-08-14,13,Put,20.00,-26.98%,0,0.18,0.25,1182,128,9.23,105.93%,108.09%,-0.049539,2026-07-31
DKNG,23.48,2026-08-07,6,Call,24.00,-2.21%,0.92,1,1.05,1930,209,9.23,64.39%,100.68%,0.459949,2026-07-31
AAPL,308.91,2026-08-03,2,Call,325.00,-5.21%,0.2,0.3,0.33,3809,415,9.18,27.30%,43.91%,0.061728,2026-07-31
IREN,36.8,2026-08-07,6,Put,32.50,-11.68%,0.82,0.88,0.94,5087,556,9.15,122.62%,139.15%,-0.215131,2026-07-31
WFC,86.45,2028-12-15,867,Put,95.00,+9.89%,16.75,17.85,19.4,2002,220,9.1,24.69%,29.54%,-0.467994,2026-07-31
CCJ,86.38,2026-08-07,6,Call,90.00,-4.19%,1,1.1,1.23,1205,133,9.06,50.42%,55.65%,0.296882,2026-07-31
MSTR,93.28,2026-08-07,6,Put,88.00,-5.66%,1.54,1.6,1.81,5431,601,9.04,77.78%,81.02%,-0.268294,2026-07-31
META,556.71,2026-08-03,2,Put,545.00,-2.10%,1.84,2,2.24,3871,430,9,38.93%,38.40%,-0.22128,2026-07-31
NVDA,200.75,2026-08-03,2,Call,200.00,+0.37%,2.5,2.52,2.61,98092,10901,9,41.38%,36.17%,0.563392,2026-07-31
META,556.71,2026-08-03,2,Put,532.50,-4.35%,0.32,0.34,0.47,901,101,8.92,38.93%,38.59%,-0.057449,2026-07-31
RDDT,140.67,2026-08-07,6,Call,165.00,-17.30%,0.38,0.66,0.75,1184,133,8.9,69.71%,86.13%,0.083176,2026-07-31
GOOGL,356.13,2026-08-03,2,Call,345.00,+3.13%,11,12,13.2,2394,269,8.9,32.89%,42.72%,0.847494,2026-07-31
CLSK,13.76,2026-08-28,27,Call,15.00,-9.01%,1.02,1.09,1.59,2563,288,8.9,107.02%,118.88%,0.461385,2026-07-31
ADBE,250.41,2026-08-07,6,Call,265.00,-5.83%,2.2,2.3,2.35,4237,476,8.9,52.57%,55.75%,0.227128,2026-07-31
MSFT,464.72,2026-08-05,4,Call,462.50,+0.48%,7.8,8.65,9.25,2071,233,8.89,30.64%,37.62%,0.559264,2026-07-31
AGRO,9.97,2026-12-18,139,Call,12.50,-25.38%,0.25,0.65,0.95,5022,567,8.86,62.38%,57.23%,0.313738,2026-07-31
WU,6.36,2026-11-20,111,Call,7.00,-10.06%,0.35,0.4,0.45,1242,141,8.81,50.91%,50.94%,0.376323,2026-07-31
RIOT,20.17,2026-08-07,6,Put,17.00,-15.72%,0.21,0.25,0.3,1541,175,8.81,108.29%,132.21%,-0.136383,2026-07-31
MSTR,93.28,2026-08-07,6,Call,90.00,+3.52%,5.45,6.1,5.85,1226,140,8.76,77.78%,80.07%,0.657589,2026-07-31
CRWV,71.77,2028-06-16,685,Put,35.00,-51.23%,8.5,9.17,9.4,2007,229,8.76,111.10%,91.99%,-0.1069,2026-07-31
GOOGL,356.13,2026-08-03,2,Call,350.00,+1.72%,7,7.2,7.65,10882,1242,8.76,32.89%,32.20%,0.772822,2026-07-31
MSTR,93.28,2026-08-07,6,Call,111.00,-19.00%,0.25,0.37,0.34,1339,153,8.75,77.78%,87.09%,0.067269,2026-07-31
INTC,90.2,2026-08-05,4,Put,90.00,-0.22%,3.3,3.43,3.65,2620,301,8.7,83.34%,95.40%,-0.470116,2026-07-31
CCL,27.81,2026-12-18,139,Put,26.00,-6.51%,2.27,2.38,2.4,2887,332,8.7,45.65%,49.20%,-0.346087,2026-07-31
CVX,196.83,2026-08-07,6,Call,215.00,-9.23%,0.14,0.19,0.45,10143,1176,8.63,28.68%,44.07%,0.062468,2026-07-31
JD,33.01,2026-08-21,20,Call,36.00,-9.06%,0.35,0.38,0.7,3220,376,8.56,38.94%,50.79%,0.240495,2026-07-31
WDAY,160.34,2026-08-07,6,Call,167.50,-4.47%,2.9,3.3,3.5,1797,211,8.52,71.43%,72.70%,0.338789,2026-07-31
TVTX,55.89,2026-08-21,20,Call,57.50,-2.88%,2.7,3.4,5.2,996,117,8.51,70.63%,88.27%,0.490209,2026-07-31
MU,823.03,2026-08-03,2,Call,865.00,-5.10%,7.65,7.75,8.25,1200,141,8.51,91.94%,92.62%,0.245595,2026-07-31
AMZN,271.58,2026-09-04,34,Put,190.00,-30.04%,0.11,0.17,0.35,1376,162,8.49,32.32%,55.52%,-0.013487,2026-07-31
NVDA,200.75,2026-08-03,2,Call,197.50,+1.62%,3.95,4.45,4.3,33072,3916,8.45,41.38%,35.45%,0.739435,2026-07-31
AAPL,308.91,2028-03-17,594,Call,430.00,-39.20%,15.5,14.45,17.3,1274,151,8.44,27.30%,28.20%,0.282195,2026-07-31
MU,823.03,2026-08-03,2,Call,890.00,-8.14%,3.5,3.9,3.9,1719,204,8.43,91.94%,92.39%,0.134165,2026-07-31
MU,823.03,2026-08-03,2,Put,840.00,+2.06%,31.5,30.86,33.5,1855,220,8.43,91.94%,94.18%,-0.600952,2026-07-31
AVGO,389.28,2026-08-03,2,Put,375.00,-3.67%,0.94,1.2,1.4,892,106,8.42,52.14%,50.33%,-0.152506,2026-07-31
NVDA,200.75,2026-08-05,4,Call,200.00,+0.37%,3.85,3.9,4.05,20643,2461,8.39,41.38%,42.15%,0.545627,2026-07-31
MU,823.03,2026-08-03,2,Put,740.00,-10.09%,2.6,2.57,2.96,1513,181,8.36,91.94%,109.37%,-0.087497,2026-07-31
TSLA,311.21,2026-08-05,4,Put,310.00,-0.39%,5.65,5.7,5.75,3050,366,8.33,45.64%,48.87%,-0.456956,2026-07-31
META,556.71,2026-08-03,2,Put,550.00,-1.21%,3.15,3.3,3.45,3765,452,8.33,38.93%,37.38%,-0.323553,2026-07-31
AAPL,308.91,2026-08-07,6,Put,275.00,-10.98%,0.09,0.11,0.16,4753,571,8.32,27.30%,44.53%,-0.01904,2026-07-31
SPCX,108.37,2026-08-07,6,Call,108.00,+0.34%,9.1,9.15,9.3,1988,239,8.32,109.71%,162.65%,0.549156,2026-07-31
AMZN,271.58,2026-08-05,4,Call,285.00,-4.94%,0.64,0.82,0.91,1984,239,8.3,32.32%,40.66%,0.135107,2026-07-31
RDDT,140.67,2026-08-07,6,Call,170.00,-20.85%,0.25,0.39,0.4,953,115,8.29,69.71%,87.21%,0.05129,2026-07-31
FLNC,13.93,2026-11-20,111,Put,10.00,-28.21%,1.4,1.55,1.55,3834,463,8.28,141.77%,120.89%,-0.199043,2026-07-31
ONDS,7.49,2026-08-28,27,Put,6.00,-19.89%,0.25,0.27,0.31,4173,504,8.28,111.43%,113.43%,-0.189166,2026-07-31
TSLA,311.21,2026-08-03,2,Put,305.00,-2.00%,1.21,1.24,1.25,18134,2190,8.28,45.64%,38.56%,-0.233714,2026-07-31
MU,823.03,2026-08-03,2,Call,855.00,-3.88%,10.15,10.55,10.8,1097,134,8.19,91.94%,92.70%,0.302117,2026-07-31
COHR,262.89,2026-08-14,13,Put,280.00,+6.51%,32.6,33.6,36.1,1295,159,8.14,108.14%,123.01%,-0.56023,2026-07-31
GOOGL,356.13,2026-08-07,6,Put,340.00,-4.53%,1.29,1.29,1.44,2001,247,8.1,32.89%,36.61%,-0.153479,2026-07-31
GOOG,356.65,2026-08-07,6,Call,352.50,+1.16%,8.5,9.2,9.15,2396,296,8.09,32.53%,35.41%,0.615133,2026-07-31
MSTR,93.28,2026-08-07,6,Call,103.00,-10.42%,0.92,1.06,1.1,3469,429,8.09,77.78%,83.38%,0.192604,2026-07-31
MSFT,464.72,2026-08-03,2,Put,450.00,-3.17%,0.58,0.7,0.7,4839,600,8.07,30.64%,35.61%,-0.107504,2026-07-31
META,556.71,2026-08-03,2,Put,535.00,-3.90%,0.53,0.61,0.61,1451,181,8.02,38.93%,38.53%,-0.078551,2026-07-31
AMD,476.15,2026-08-03,2,Call,535.00,-12.36%,0.16,0.28,0.39,1484,185,8.02,78.82%,79.81%,0.026215,2026-07-31
BMY,65.31,2028-12-15,867,Put,75.00,+14.84%,14.8,16.2,17.6,800,100,8,29.86%,28.39%,-0.517666,2026-07-31
HOOD,86.56,2026-08-07,6,Call,86.00,+0.65%,3.5,3.5,3.7,1735,217,8,68.51%,74.50%,0.548538,2026-07-31
AMAT,507.67,2026-08-07,6,Call,675.00,-32.96%,0.35,0.53,0.51,854,107,7.98,86.85%,102.97%,0.018413,2026-07-31
SPOT,499.94,2026-09-18,48,Put,490.00,-1.99%,27.8,27.6,29.9,2108,264,7.98,53.22%,48.38%,-0.411552,2026-07-31
RCAT,7.53,2027-01-15,167,Call,22.00,-192.16%,0.46,0.48,0.54,5470,690,7.93,116.84%,123.85%,0.200439,2026-07-31
AAPL,308.91,2026-08-03,2,Put,305.00,-1.27%,1.4,1.64,1.73,5365,677,7.92,27.30%,34.84%,-0.303989,2026-07-31
AAPL,308.91,2026-08-07,6,Put,280.00,-9.36%,0.19,0.2,0.23,5556,705,7.88,27.30%,42.09%,-0.031653,2026-07-31
SGHC,14,2026-08-21,20,Put,14.00,0.00%,0.7,0.7,0.8,6565,835,7.86,56.73%,58.05%,-0.469825,2026-07-31
SPCX,108.37,2026-08-07,6,Call,152.50,-40.72%,1.3,1.4,1.4,8228,1047,7.86,109.71%,198.14%,0.112094,2026-07-31
T,23.25,2026-08-28,27,Call,25.00,-7.53%,0.15,0.17,0.18,9832,1251,7.86,27.78%,28.07%,0.177886,2026-07-31
CNTB,2.02,2026-09-18,48,Call,5.00,-147.52%,0.15,0.15,0.2,2699,345,7.82,136.36%,228.67%,0.250609,2026-07-31
ASTS,58.98,2026-08-07,6,Put,46.00,-22.01%,0.14,0.14,0.19,1040,133,7.82,112.13%,118.20%,-0.04275,2026-07-31
NOK,9.14,2026-08-14,13,Call,9.50,-3.94%,0.34,0.35,0.36,7981,1023,7.8,69.80%,72.35%,0.417075,2026-07-31
WU,6.36,2026-09-18,48,Put,6.00,-5.66%,0.25,0.33,0.35,1113,143,7.78,50.91%,47.98%,-0.358196,2026-07-31
SPCX,108.37,2026-08-07,6,Put,101.00,-6.80%,5.4,5.5,5.6,2619,337,7.77,109.71%,163.14%,-0.328599,2026-07-31
RKT,12.9,2027-06-17,320,Call,13.00,-0.78%,3.05,3.15,3.3,1964,253,7.76,69.14%,64.02%,0.63503,2026-07-31
TSLA,311.21,2026-08-03,2,Call,310.00,+0.39%,4.1,4.15,4.25,34180,4422,7.73,45.64%,38.19%,0.563162,2026-07-31
FRMI,5.69,2026-12-18,139,Put,2.50,-56.06%,0.15,0.2,0.25,2000,259,7.72,145.97%,126.00%,-0.071706,2026-07-31
CIEN,377.05,2026-08-07,6,Call,400.00,-6.09%,7.7,12.45,14.8,793,103,7.7,93.75%,104.05%,0.355015,2026-07-31
PEP,139.56,2026-08-07,6,Call,141.00,-1.03%,1.24,1.3,1.9,836,109,7.67,26.00%,30.96%,0.404689,2026-07-31
KO,87.59,2026-08-28,27,Call,91.00,-3.89%,0.68,0.92,0.99,766,100,7.66,21.57%,21.61%,0.272163,2026-07-31
META,556.71,2026-08-03,2,Call,552.50,+0.76%,7.9,8.23,8.65,1355,177,7.66,38.93%,35.85%,0.620207,2026-07-31
AMZN,271.58,2026-08-21,20,Put,257.50,-5.18%,2.85,2.75,3.15,1109,145,7.65,32.32%,33.76%,-0.231123,2026-07-31
AXTI,60.43,2026-08-07,6,Call,70.00,-15.84%,1.8,2.25,2.7,1805,236,7.65,144.82%,175.03%,0.294487,2026-07-31
MU,823.03,2026-08-03,2,Put,860.00,+4.49%,43.7,44.35,48.3,1590,208,7.64,91.94%,92.82%,-0.726896,2026-07-31
WDAY,160.34,2026-08-14,13,Call,160.00,+0.21%,8,8.06,8.8,1389,182,7.63,71.43%,67.46%,0.536049,2026-07-31
SOLV,85.44,2026-10-16,76,Call,85.00,+0.51%,5,6.12,6.7,1546,203,7.62,37.39%,34.23%,0.563804,2026-07-31
MU,823.03,2026-08-03,2,Put,665.00,-19.20%,0.32,0.36,0.56,1277,168,7.6,91.94%,135.28%,-0.0146,2026-07-31
FSLR,211.03,2026-08-21,20,Call,230.00,-8.99%,7.8,8.77,9.35,1937,255,7.6,74.63%,78.78%,0.357988,2026-07-31
MU,823.03,2026-08-07,6,Call,840.00,-2.06%,39.25,40,40.4,1283,169,7.59,91.94%,112.08%,0.473632,2026-07-31
MSFT,464.72,2026-08-03,2,Put,455.00,-2.09%,1.08,1.23,1.3,4700,619,7.59,30.64%,33.01%,-0.188605,2026-07-31
HUT,107.63,2026-09-18,48,Call,40.00,+62.84%,66.6,70.35,70.25,1744,230,7.58,120.64%,157.56%,0.978648,2026-07-31
ORCL,129.87,2026-08-07,6,Put,123.00,-5.29%,1.47,1.75,1.96,1158,153,7.57,69.81%,66.83%,-0.247957,2026-07-31
MSFT,464.72,2026-08-07,6,Put,422.50,-9.09%,0,0.46,0.82,1500,199,7.54,30.64%,43.01%,-0.038976,2026-07-31
NIO,4.88,2026-08-07,6,Put,5.50,+12.70%,0.59,0.64,0.7,1792,238,7.53,59.47%,76.35%,-0.879852,2026-07-31
NAT,6.53,2026-09-18,48,Call,6.00,+8.12%,0.7,0.8,0.9,1021,136,7.51,51.99%,59.46%,0.675138,2026-07-31
MRVL,187.56,2026-08-07,6,Call,197.50,-5.30%,5.75,6.05,6.25,1191,159,7.49,93.95%,103.37%,0.374823,2026-07-31
AMZN,271.58,2026-08-10,9,Call,270.00,+0.58%,6.55,7.45,7.3,973,130,7.48,32.32%,35.22%,0.55937,2026-07-31
AMZN,271.58,2026-11-20,111,Call,305.00,-12.31%,9.8,10.21,10.55,18639,2500,7.46,32.32%,34.91%,0.327878,2026-07-31
NOK,9.14,2026-08-14,13,Call,9.00,+1.53%,0.55,0.56,0.58,6767,910,7.44,69.80%,71.57%,0.574173,2026-07-31
AAPL,308.91,2026-08-28,27,Call,305.00,+1.27%,10.95,11.8,12.3,2255,303,7.44,27.30%,27.41%,0.594966,2026-07-31
MU,823.03,2026-08-03,2,Put,825.00,+0.24%,23.55,23.25,24.3,1330,179,7.43,91.94%,94.55%,-0.498767,2026-07-31
PFE,25.01,2026-08-21,20,Put,25.50,+1.96%,0.8,0.79,0.86,742,100,7.42,24.74%,22.23%,-0.645235,2026-07-31
MSFT,464.72,2026-08-07,6,Put,415.00,-10.70%,0.14,0.25,0.74,3785,511,7.41,30.64%,50.19%,-0.03613,2026-07-31
TSLA,311.21,2026-08-03,2,Put,310.00,-0.39%,2.96,2.96,3.05,26731,3605,7.41,45.64%,39.28%,-0.438722,2026-07-31
INTC,90.2,2026-08-12,11,Put,80.00,-11.31%,1.2,1.6,2.1,754,102,7.39,83.34%,89.60%,-0.19634,2026-07-31
CRCL,62.61,2026-08-07,6,Call,64.00,-2.22%,3.4,3.5,3.65,1867,254,7.35,96.05%,128.86%,0.481369,2026-07-31
BABA,122.25,2026-08-07,6,Call,126.00,-3.07%,1.33,1.42,1.6,2043,278,7.35,47.14%,46.79%,0.31798,2026-07-31
MARA,11.32,2026-08-21,20,Put,11.50,+1.59%,1.15,1.14,1.25,1607,219,7.34,103.29%,105.30%,-0.473906,2026-07-31
RC,1.43,2027-01-15,167,Put,1.5000,+4.90%,0.3,0.34,0.35,880,120,7.33,175.75%,75.69%,-0.429411,2026-07-31
TSLA,311.21,2026-08-10,9,Call,320.00,-2.82%,5.2,5.44,5.35,2156,294,7.33,45.64%,44.98%,0.364528,2026-07-31
NVDA,200.75,2026-08-03,2,Call,177.50,+11.58%,22.25,20.7,27.35,1105,151,7.32,41.38%,153.67%,0.872956,2026-07-31
GME,21.72,2026-08-07,6,Call,21.50,+1.01%,0.4,0.45,0.46,5670,777,7.3,33.97%,28.40%,0.61275,2026-07-31
HOOD,86.56,2026-08-07,6,Call,85.00,+1.80%,4,4.21,4.4,1898,260,7.3,68.51%,76.02%,0.595408,2026-07-31
GE,360.07,2026-08-07,6,Put,350.00,-2.80%,2.05,2.44,3.25,1232,169,7.29,33.28%,35.98%,-0.258524,2026-07-31
CBRS,198.71,2026-08-07,6,Call,220.00,-10.71%,5.3,6.25,6.8,1209,166,7.28,121.31%,132.83%,0.305356,2026-07-31
GOOGL,356.13,2026-08-07,6,Call,362.50,-1.79%,3.8,4.05,4.2,2710,373,7.27,32.89%,36.11%,0.363956,2026-07-31
ORCL,129.87,2026-08-07,6,Put,124.00,-4.52%,1.8,1.95,2.06,897,124,7.23,69.81%,65.45%,-0.275264,2026-07-31
AVGO,389.28,2026-08-07,6,Call,392.50,-0.83%,9.25,9.17,10.05,1863,258,7.22,52.14%,55.54%,0.470754,2026-07-31
FRVO,22.54,2026-08-21,20,Put,22.50,-0.18%,1.85,2.3,2.5,2091,290,7.21,107.14%,105.66%,-0.445454,2026-07-31
SNOW,293.28,2026-12-18,139,Call,360.00,-22.75%,25.85,27.2,28,1592,221,7.2,65.91%,65.82%,0.395278,2026-07-31
MSFT,464.72,2026-08-05,4,Call,472.50,-1.67%,3.3,3.5,3.95,1589,222,7.16,30.64%,34.59%,0.332904,2026-07-31
AMZN,271.58,2026-08-03,2,Call,285.00,-4.94%,0.31,0.35,0.45,2945,414,7.11,32.32%,47.30%,0.08781,2026-07-31
PDD,88.56,2026-08-14,13,Call,93.00,-5.01%,0.25,0.72,0.81,711,100,7.11,38.77%,29.08%,0.20033,2026-07-31
BMNR,17.28,2026-08-14,13,Put,15.00,-13.19%,0.23,0.3,0.32,1079,152,7.1,83.49%,86.35%,-0.169389,2026-07-31
NKE,41.71,2026-08-07,6,Put,42.50,+1.89%,1.09,1.16,1.31,1100,155,7.1,37.20%,34.29%,-0.657128,2026-07-31
NBIS,190.41,2026-08-28,27,Put,175.00,-8.09%,19.5,20.5,21.25,770,109,7.06,137.11%,140.16%,-0.338058,2026-07-31
ASTS,58.98,2026-08-07,6,Call,58.00,+1.66%,3.65,3.55,3.95,1858,264,7.04,112.13%,109.35%,0.576866,2026-07-31
CLSK,13.76,2026-08-21,20,Put,11.50,-16.42%,0.41,0.46,0.51,901,129,6.98,107.02%,110.30%,-0.203034,2026-07-31
ABT,105.7,2026-08-21,20,Call,116.00,-9.74%,0.05,0.37,0.45,2554,366,6.98,27.94%,27.71%,0.082095,2026-07-31
NFLX,71.71,2026-08-14,13,Call,82.00,-14.35%,0.1,0.11,0.12,1936,278,6.96,35.34%,41.43%,0.048523,2026-07-31
MU,823.03,2026-08-03,2,Put,750.00,-8.87%,3.35,3.55,3.8,2701,391,6.91,91.94%,106.19%,-0.110513,2026-07-31
MU,823.03,2026-08-05,4,Call,980.00,-19.07%,2.34,2.75,2.78,1023,148,6.91,91.94%,106.68%,0.066314,2026-07-31
MU,823.03,2026-08-03,2,Put,690.00,-16.16%,0.7,0.75,0.95,848,123,6.89,91.94%,126.85%,-0.027032,2026-07-31
VZ,46.81,2026-09-04,34,Call,49.00,-4.68%,0.54,0.6,0.7,1011,148,6.83,25.61%,25.60%,0.283577,2026-07-31
MU,823.03,2026-08-03,2,Put,850.00,+3.28%,38.05,36.99,40.1,3087,452,6.83,91.94%,94.11%,-0.664993,2026-07-31
INTC,90.2,2026-08-03,2,Call,93.00,-3.10%,1.1,1.14,1.22,3583,526,6.81,83.34%,84.60%,0.324827,2026-07-31
BX,127.75,2026-08-21,20,Call,105.00,+17.81%,22.1,23.15,23.35,885,130,6.81,39.14%,55.37%,0.942071,2026-07-31
MU,823.03,2026-09-18,48,Call,"1,130.00",-37.30%,27,28.1,28,1028,151,6.81,91.94%,89.24%,0.210956,2026-07-31
INTC,90.2,2026-08-14,13,Call,114.00,-26.39%,0.67,0.86,0.81,1697,250,6.79,83.34%,92.33%,0.105536,2026-07-31
MSFT,464.72,2026-08-05,4,Call,467.50,-0.60%,5,6,6.05,1336,197,6.78,30.64%,34.74%,0.445378,2026-07-31
UAL,121.33,2026-08-21,20,Put,117.00,-3.57%,3.05,3.16,3.4,2323,343,6.77,46.71%,45.21%,-0.350768,2026-07-31
IBM,223.65,2026-08-07,6,Call,222.50,+0.51%,5.5,5.98,5.9,1224,181,6.76,41.65%,44.66%,0.547709,2026-07-31
QXO,13.3,2026-10-16,76,Put,10.00,-24.81%,0.35,0.38,0.45,2000,296,6.76,73.19%,73.18%,-0.148836,2026-07-31
TOST,32.27,2026-10-16,76,Call,45.00,-39.45%,0.34,0.45,0.53,1273,189,6.74,63.24%,54.94%,0.120923,2026-07-31
STM,52.39,2026-08-21,20,Put,53.00,+1.16%,3.8,3.8,4.1,1217,181,6.72,73.33%,74.90%,-0.488338,2026-07-31
TSLA,311.21,2026-08-03,2,Put,300.00,-3.60%,0.44,0.45,0.46,17829,2653,6.72,45.64%,39.70%,-0.10218,2026-07-31
APP,395.9,2026-08-07,6,Call,410.00,-3.56%,20.1,21,22,666,100,6.66,87.47%,133.27%,0.453859,2026-07-31
APLD,27.39,2026-08-07,6,Call,27.50,-0.40%,1.53,1.6,1.77,739,111,6.66,105.93%,121.01%,0.522161,2026-07-31
MSFT,464.72,2026-08-07,6,Put,457.50,-1.55%,4.85,5.03,5.35,919,138,6.66,30.64%,35.14%,-0.352307,2026-07-31
ZM,96.07,2026-08-07,6,Call,98.00,-2.01%,1.35,1.63,2.12,889,134,6.63,48.25%,51.66%,0.398125,2026-07-31
SNDK,1214.83,2026-08-07,6,Put,650.00,-46.49%,0.7,1.15,1.35,1280,193,6.63,133.72%,216.55%,-0.008355,2026-07-31
MARA,11.32,2026-09-04,34,Call,13.00,-14.84%,0.75,0.8,0.87,3341,504,6.63,103.29%,101.16%,0.388691,2026-07-31
LIN,478.38,2026-08-21,20,Put,475.00,-0.71%,7.1,8.5,10.5,722,109,6.62,24.31%,23.93%,-0.431206,2026-07-31
GOOG,356.65,2026-08-07,6,Call,357.50,-0.24%,5.95,6.1,6.3,2215,335,6.61,32.53%,35.31%,0.492929,2026-07-31
JOBY,7.15,2026-08-07,6,Call,7.50,-4.90%,0.24,0.27,0.28,4799,727,6.6,87.40%,109.52%,0.395146,2026-07-31
RDDT,140.67,2026-08-07,6,Put,120.00,-14.69%,0.21,0.29,0.39,1242,189,6.57,69.71%,77.70%,-0.049403,2026-07-31
AMZN,271.58,2026-08-10,9,Call,280.00,-3.10%,2.64,2.94,3.25,6831,1039,6.57,32.32%,35.86%,0.30915,2026-07-31
C,132.45,2027-06-17,320,Call,30.00,+77.35%,101.7,102.7,104.45,1800,275,6.55,30.39%,95.09%,0.980167,2026-07-31
GOOGL,356.13,2026-08-05,4,Call,350.00,+1.72%,8.25,9.1,9.9,1248,191,6.53,32.89%,36.47%,0.685675,2026-07-31
NVDA,200.75,2026-08-03,2,Call,207.50,-3.36%,0.29,0.29,0.32,24044,3687,6.52,41.38%,36.73%,0.115749,2026-07-31
SPCX,108.37,2026-08-07,6,Call,155.00,-43.03%,1.2,1.26,1.35,11262,1739,6.48,109.71%,201.81%,0.105376,2026-07-31
TSLA,311.21,2026-08-03,2,Put,322.50,+3.63%,11.3,10.52,12.25,763,118,6.47,45.64%,40.11%,-0.882224,2026-07-31
AAPL,308.91,2026-08-28,27,Call,320.00,-3.59%,4.35,4.95,5.05,2673,413,6.47,27.30%,26.20%,0.335223,2026-07-31
AMZN,271.58,2026-11-20,111,Put,280.00,+3.10%,23.55,23.7,24.5,1275,198,6.44,32.32%,34.88%,-0.510061,2026-07-31
GOOGL,356.13,2026-08-05,4,Call,360.00,-1.09%,3.4,3.85,3.85,1841,286,6.44,32.89%,35.35%,0.396033,2026-07-31
BKNG,192.9,2026-08-07,6,Put,185.00,-4.10%,2.6,3.21,4.6,1945,302,6.44,45.30%,71.07%,-0.305389,2026-07-31
BBWI,20.12,2026-09-18,48,Call,22.50,-11.83%,0.9,0.95,1.05,1053,164,6.42,62.43%,63.24%,0.35275,2026-07-31
PLTR,123.06,2026-09-04,34,Call,140.00,-13.77%,4.1,4.32,4.45,888,139,6.39,67.71%,66.00%,0.300667,2026-07-31
LCID,7.38,2027-01-15,167,Put,30.00,+306.50%,22.9,23.35,23.7,1112,174,6.39,120.42%,178.49%,-0.730627,2026-07-31
DKNG,23.48,2026-08-07,6,Call,25.50,-8.60%,0.36,0.5,0.54,1826,286,6.38,64.39%,95.47%,0.271517,2026-07-31
CRCL,62.61,2026-08-28,27,Call,62.00,+0.97%,6.1,5.18,7.45,904,142,6.37,96.05%,94.76%,0.570352,2026-07-31
NKE,41.71,2026-08-07,6,Call,41.50,+0.50%,0.87,0.93,1.02,1106,174,6.36,37.20%,39.34%,0.549352,2026-07-31
GOOG,356.65,2026-08-07,6,Put,350.00,-1.86%,3.4,3.5,3.6,2337,368,6.35,32.53%,35.08%,-0.325735,2026-07-31
GME,21.72,2026-09-04,34,Call,22.00,-1.29%,0.6,0.74,0.87,1202,190,6.33,33.97%,33.65%,0.459887,2026-07-31
AAPL,308.91,2026-08-28,27,Put,280.00,-9.36%,1.2,1.31,1.45,2435,385,6.32,27.30%,30.44%,-0.104725,2026-07-31
TSLA,311.21,2026-08-03,2,Call,300.00,+3.60%,11.25,12,11.85,10528,1668,6.31,45.64%,35.15%,0.923757,2026-07-31
TSLA,311.21,2026-08-03,2,Put,307.50,-1.19%,1.94,1.95,2,15843,2509,6.31,45.64%,38.74%,-0.33047,2026-07-31
LQDA,84.11,2026-09-04,34,Put,45.00,-46.50%,0.65,1.61,2.5,1960,311,6.3,115.29%,166.14%,-0.06768,2026-07-31
SPCX,108.37,2026-08-07,6,Put,69.00,-36.33%,0.1,0.12,0.15,629,100,6.29,109.71%,168.90%,-0.014068,2026-07-31
AAPL,308.91,2026-08-03,2,Call,330.00,-6.83%,0.08,0.14,0.14,4882,776,6.29,27.30%,46.00%,0.027613,2026-07-31
ADI,367.41,2026-08-07,6,Call,385.00,-4.79%,3.8,4.76,5.5,829,132,6.28,58.68%,58.72%,0.281472,2026-07-31
CVNA,62.36,2026-08-14,13,Put,60.00,-3.78%,2.1,2.15,2.26,898,143,6.28,66.15%,70.69%,-0.357897,2026-07-31
DIS,96.19,2026-08-14,13,Call,104.00,-8.12%,0.61,0.9,0.94,1162,185,6.28,35.72%,43.97%,0.184635,2026-07-31
AAPL,308.91,2026-08-14,13,Call,305.00,+1.27%,8.65,9,9.5,2386,380,6.28,27.30%,29.14%,0.610349,2026-07-31
XOM,155.44,2026-08-07,6,Call,170.00,-9.37%,0.14,0.22,0.22,15271,2444,6.25,30.19%,42.17%,0.051947,2026-07-31
TSLA,311.21,2026-08-03,2,Put,320.00,+2.82%,9.5,9.57,9.95,5930,951,6.24,45.64%,41.74%,-0.811635,2026-07-31
MU,823.03,2026-08-28,27,Put,820.00,-0.37%,79.7,78,81.6,1096,176,6.23,91.94%,93.57%,-0.44046,2026-07-31
AAPL,308.91,2026-08-07,6,Put,290.00,-6.12%,0.54,0.65,0.74,11775,1897,6.21,27.30%,37.78%,-0.090355,2026-07-31
NVDA,200.75,2026-08-03,2,Put,195.00,-2.86%,0.4,0.42,0.44,40014,6467,6.19,41.38%,37.69%,-0.144301,2026-07-31
FSLR,211.03,2026-08-07,6,Call,210.00,+0.49%,7.6,9,9.85,643,104,6.18,74.63%,75.60%,0.541854,2026-07-31
SKHY,143.73,2026-08-14,13,Put,140.00,-2.60%,11.1,11.7,12,766,124,6.18,114.69%,125.89%,-0.407523,2026-07-31
INTC,90.2,2026-08-03,2,Put,87.00,-3.55%,0.95,1.05,1.11,5212,846,6.16,83.34%,87.42%,-0.276612,2026-07-31
OKE,90.81,2026-09-18,48,Call,70.00,+22.92%,19.6,20.4,21.3,850,138,6.16,31.29%,35.11%,0.992068,2026-07-31
LUMN,6.38,2026-08-28,27,Put,6.00,-5.96%,0.37,0.39,0.48,2021,328,6.16,86.93%,86.28%,-0.361285,2026-07-31
MU,823.03,2026-08-03,2,Put,717.50,-12.82%,1.44,1.34,1.73,897,146,6.14,91.94%,116.82%,-0.051325,2026-07-31
MSFT,464.72,2026-08-03,2,Call,460.00,+1.02%,6.9,7.6,7.45,6785,1109,6.12,30.64%,31.99%,0.673463,2026-07-31
SMTC,117.82,2026-08-21,20,Call,140.00,-18.83%,3.7,4.44,5,1948,320,6.09,103.60%,103.02%,0.278745,2026-07-31
NVDA,200.75,2026-08-12,11,Put,195.00,-2.86%,2.97,3.07,3.1,1130,186,6.08,41.38%,40.12%,-0.321367,2026-07-31
BABA,122.25,2026-08-07,6,Put,114.00,-6.75%,0.23,0.4,0.49,1062,175,6.07,47.14%,44.56%,-0.105143,2026-07-31
INTC,90.2,2026-08-03,2,Call,91.00,-0.89%,1.73,1.89,2.05,1092,180,6.07,83.34%,84.52%,0.45731,2026-07-31
DKL,60.31,2026-08-21,20,Call,50.00,+17.10%,9.5,10.3,10.9,4600,758,6.07,25.85%,42.24%,0.983694,2026-07-31
INTU,316.07,2026-08-21,20,Put,310.00,-1.92%,13.2,14.4,15.3,806,133,6.06,61.44%,59.15%,-0.414172,2026-07-31
AMZN,271.58,2026-08-03,2,Call,210.00,+22.67%,59.7,60.6,63.3,975,161,6.06,32.32%,116.34%,0.998778,2026-07-31
UBER,70.36,2028-06-16,685,Put,40.00,-43.15%,1.76,2.58,3.1,1600,264,6.06,44.79%,44.99%,-0.092117,2026-07-31
AA,45.26,2026-08-14,13,Call,48.00,-6.05%,0.73,0.84,0.87,1331,220,6.05,52.49%,52.53%,0.296748,2026-07-31
NFLX,71.71,2026-09-04,34,Put,66.00,-7.96%,0.89,0.9,0.96,646,107,6.04,35.34%,35.88%,-0.200367,2026-07-31
NBIS,190.41,2026-08-07,6,Put,136.00,-28.58%,0.8,1.17,1.16,1124,186,6.04,137.11%,172.39%,-0.05096,2026-07-31
MU,823.03,2026-08-03,2,Put,845.00,+2.67%,33.9,34.5,37.45,1348,223,6.04,91.94%,94.00%,-0.633754,2026-07-31
TSLA,311.21,2026-08-05,4,Call,305.00,+2.00%,9.65,10.11,10.1,4595,763,6.02,45.64%,48.22%,0.667312,2026-07-31
INTC,90.2,2026-08-03,2,Put,88.00,-2.44%,1.25,1.31,1.4,7526,1250,6.02,83.34%,85.98%,-0.336447,2026-07-31
META,556.71,2026-08-03,2,Call,572.50,-2.84%,1.35,1.47,1.86,872,145,6.01,38.93%,40.39%,0.180171,2026-07-31
SNDK,1214.83,2026-08-28,27,Put,"1,100.00",-9.45%,117.1,122,125,1033,172,6.01,133.72%,139.25%,-0.32369,2026-07-31
MU,823.03,2026-08-03,2,Call,980.00,-19.07%,0.27,0.29,0.3,1906,317,6.01,91.94%,104.21%,0.013157,2026-07-31
CMG,37.22,2026-08-21,20,Call,37.00,+0.59%,1.34,1.54,1.5,4509,751,6,35.46%,36.63%,0.55378,2026-07-31
MU,823.03,2026-08-03,2,Put,820.00,-0.37%,21.15,21.66,21.85,1862,312,5.97,91.94%,95.05%,-0.464181,2026-07-31
NVDA,200.75,2026-08-03,2,Call,180.00,+10.34%,19.9,21.2,22,944,159,5.94,41.38%,82.45%,0.96567,2026-07-31
ORCL,129.87,2026-08-07,6,Put,126.00,-2.98%,2.5,2.78,2.74,2035,343,5.93,69.81%,65.67%,-0.34268,2026-07-31
NOK,9.14,2026-08-28,27,Put,8.00,-12.47%,0.22,0.23,0.26,2053,348,5.9,69.80%,71.57%,-0.214799,2026-07-31
WULF,17.66,2026-08-07,6,Put,16.00,-9.40%,0.52,0.57,0.63,1289,220,5.86,110.78%,141.63%,-0.266962,2026-07-31
CRCL,62.61,2026-08-07,6,Call,60.00,+4.17%,5.25,5.4,5.7,1673,286,5.85,96.05%,128.22%,0.634908,2026-07-31
AAPL,308.91,2026-08-07,6,Put,297.50,-3.69%,1.46,1.42,1.72,2930,501,5.85,27.30%,35.86%,-0.197068,2026-07-31
AAPL,308.91,2026-08-28,27,Put,295.00,-4.50%,3.4,3.8,4.1,1757,301,5.84,27.30%,28.33%,-0.253352,2026-07-31
GAP,20.09,2026-08-07,6,Put,20.00,-0.45%,0.34,0.4,0.61,2030,351,5.78,50.99%,50.66%,-0.459154,2026-07-31
AMD,476.15,2026-08-03,2,Put,447.50,-6.02%,2.05,2.27,2.46,715,124,5.77,78.82%,82.40%,-0.146629,2026-07-31
GOOGL,356.13,2026-08-03,2,Call,347.50,+2.42%,8,9.6,10.9,2923,507,5.77,32.89%,33.88%,0.840865,2026-07-31
TSLA,311.21,2026-08-03,2,Put,302.50,-2.80%,0.72,0.75,0.76,10635,1844,5.77,45.64%,38.77%,-0.156302,2026-07-31
NOW,111.23,2026-08-14,13,Call,114.00,-2.49%,3.8,4,4.25,1244,216,5.76,59.95%,61.79%,0.443703,2026-07-31
NVDA,200.75,2026-08-03,2,Put,202.50,+0.87%,2.95,3.05,3.1,2796,487,5.74,41.38%,34.46%,-0.626549,2026-07-31
SKHY,143.73,2026-09-18,48,Call,220.00,-53.06%,5,5.5,5.5,6597,1149,5.74,114.69%,110.09%,0.196402,2026-07-31
PG,144.49,2026-08-07,6,Call,146.00,-1.05%,0.99,1.3,1.37,1501,262,5.73,22.62%,24.66%,0.378216,2026-07-31
ADBE,250.41,2026-08-07,6,Put,250.00,-0.16%,6.5,7,7.55,635,111,5.72,52.57%,57.01%,-0.473894,2026-07-31
AMZN,271.58,2026-08-07,6,Call,275.00,-1.26%,4.1,4.16,4.25,22168,3881,5.71,32.32%,40.47%,0.419262,2026-07-31
MDB,337.48,2026-08-21,20,Call,360.00,-6.67%,9.55,12.04,15.25,1501,263,5.71,76.30%,66.40%,0.372521,2026-07-31
AMD,476.15,2026-08-03,2,Call,462.50,+2.87%,17.8,25.13,20.3,598,105,5.7,78.82%,78.09%,0.703889,2026-07-31
SNOW,293.28,2026-08-07,6,Put,287.50,-1.97%,6.85,7,7.75,633,111,5.7,65.91%,67.28%,-0.389844,2026-07-31
DVN,45.13,2026-08-14,13,Call,47.00,-4.14%,0.79,0.89,0.88,1134,199,5.7,42.10%,46.02%,0.336643,2026-07-31
SPCX,108.37,2026-08-07,6,Call,121.00,-11.65%,4.7,4.72,4.8,1712,301,5.69,109.71%,167.13%,0.342881,2026-07-31
ET,20.36,2027-01-15,167,Call,23.00,-12.97%,0.21,0.22,0.34,14912,2634,5.66,21.37%,20.75%,0.187075,2026-07-31
BX,127.75,2026-08-21,20,Call,110.00,+13.89%,17.4,17.8,18.35,2945,522,5.64,39.14%,35.59%,0.966639,2026-07-31
MU,823.03,2026-08-05,4,Put,830.00,+0.85%,38.25,39.06,42.4,653,116,5.63,91.94%,106.94%,-0.506617,2026-07-31
NBIS,190.41,2026-08-07,6,Put,177.50,-6.78%,8.15,8.65,8.85,675,120,5.63,137.11%,149.72%,-0.321163,2026-07-31
NVDA,200.75,2026-08-03,2,Put,192.50,-4.11%,0.19,0.21,0.21,17407,3092,5.63,41.38%,39.86%,-0.074571,2026-07-31
AAPL,308.91,2026-08-07,6,Put,285.00,-7.74%,0.28,0.36,0.4,7970,1423,5.6,27.30%,39.29%,-0.051101,2026-07-31
NVDA,200.75,2026-08-10,9,Put,197.50,-1.62%,3.2,3.03,3.35,879,157,5.6,41.38%,38.33%,-0.377459,2026-07-31
C,132.45,2026-08-21,20,Call,105.00,+20.72%,26.5,27.85,29.65,1354,242,5.6,30.39%,66.74%,0.941016,2026-07-31
HOOD,86.56,2026-08-07,6,Put,77.00,-11.04%,0.41,0.45,0.48,687,123,5.59,68.51%,76.26%,-0.105372,2026-07-31
TSLA,311.21,2026-08-21,20,Call,317.50,-2.02%,10.85,11.75,11,1145,205,5.59,45.64%,46.29%,0.455344,2026-07-31
MSFT,464.72,2026-08-03,2,Put,447.50,-3.71%,0.48,0.5,0.53,2181,390,5.59,30.64%,37.58%,-0.084342,2026-07-31
C,132.45,2026-08-07,6,Put,130.00,-1.85%,1.3,1.31,1.43,2673,478,5.59,30.39%,35.87%,-0.331794,2026-07-31
WU,6.36,2026-09-18,48,Call,7.00,-10.06%,0.15,0.2,0.25,2222,398,5.58,50.91%,49.53%,0.302117,2026-07-31
RKT,12.9,2026-10-16,76,Call,13.00,-0.78%,1.45,1.5,1.52,3634,652,5.57,69.14%,63.46%,0.557561,2026-07-31
GOOG,356.65,2026-08-07,6,Call,355.00,+0.46%,7.1,7.37,7.65,3784,679,5.57,32.53%,35.23%,0.554691,2026-07-31
MSTR,93.28,2026-08-07,6,Put,86.00,-7.80%,1.06,1.1,1.27,3620,651,5.56,77.78%,81.70%,-0.20235,2026-07-31
AMD,476.15,2026-08-03,2,Put,482.50,+1.33%,13.1,13.7,14.85,734,132,5.56,78.82%,74.53%,-0.583095,2026-07-31
NEE,86.92,2026-08-07,6,Put,86.00,-1.06%,0.58,0.66,0.79,2074,374,5.55,22.90%,24.60%,-0.360483,2026-07-31
TSLA,311.21,2026-08-05,4,Call,320.00,-2.82%,3.05,3.08,3.15,5821,1052,5.53,45.64%,49.63%,0.307637,2026-07-31
HD,331.96,2026-08-28,27,Call,440.00,-32.55%,0.02,0.23,0.32,613,111,5.52,34.39%,44.91%,0.012525,2026-07-31
MU,823.03,2026-08-03,2,Put,900.00,+9.35%,76.15,79.2,82.5,1379,250,5.52,91.94%,90.86%,-0.902626,2026-07-31
C,132.45,2026-08-21,20,Call,75.00,+43.37%,57,58.35,59.05,562,102,5.51,30.39%,140.74%,0.970115,2026-07-31
META,556.71,2026-08-21,20,Call,525.00,+5.70%,39.1,40.95,42.25,670,122,5.49,38.93%,40.31%,0.754043,2026-07-31
UPS,104.22,2026-08-07,6,Put,95.00,-8.85%,0,0.11,0.22,693,127,5.46,27.69%,43.23%,-0.045308,2026-07-31
TSLA,311.21,2026-08-05,4,Put,292.50,-6.01%,0.87,0.89,0.91,1593,292,5.46,45.64%,49.82%,-0.110859,2026-07-31
TRLV,8.65,2026-08-21,20,Call,5.00,+42.20%,3.4,3.6,3.8,952,175,5.44,115.49%,67.42%,0.999816,2026-07-31
AMZN,271.58,2026-08-03,2,Call,255.00,+6.11%,16.1,17.52,17.15,4972,914,5.44,32.32%,74.02%,0.881163,2026-07-31
WU,6.36,2027-02-19,202,Call,8.00,-25.79%,0.2,0.35,0.4,543,100,5.43,50.91%,47.70%,0.260801,2026-07-31
META,556.71,2026-08-03,2,Call,570.00,-2.39%,1.81,1.81,2.16,2497,460,5.43,38.93%,39.57%,0.216263,2026-07-31
RIOT,20.17,2026-08-07,6,Put,20.50,+1.64%,1.37,1.45,1.66,770,142,5.42,108.29%,129.92%,-0.50452,2026-07-31
PLTR,123.06,2026-08-28,27,Call,121.00,+1.67%,10.35,10.5,10.6,617,114,5.41,67.71%,69.94%,0.578472,2026-07-31
SPCX,108.37,2026-08-07,6,Put,107.00,-1.26%,8.3,8.4,8.4,1499,277,5.41,109.71%,164.58%,-0.433249,2026-07-31
AXTI,60.43,2026-08-07,6,Call,80.00,-32.38%,0.85,0.92,1.05,2045,378,5.41,144.82%,184.51%,0.143388,2026-07-31
KURA,9.01,2027-01-15,167,Put,11.00,+22.09%,2.65,3,3.5,605,112,5.4,161.79%,76.62%,-0.544649,2026-07-31
BABA,122.25,2026-08-07,6,Call,122.00,+0.20%,2.81,3.1,3.1,1961,363,5.4,47.14%,45.26%,0.52571,2026-07-31
MHK,123.1,2026-08-21,20,Call,125.00,-1.54%,3.5,4.5,6.1,674,125,5.39,42.77%,48.32%,0.475435,2026-07-31
AMZN,271.58,2026-08-28,27,Put,250.00,-7.95%,2.18,2.32,2.5,1170,217,5.39,32.32%,34.11%,-0.167335,2026-07-31
MU,823.03,2026-08-03,2,Call,925.00,-12.39%,1.09,1.3,1.3,1724,320,5.39,91.94%,94.28%,0.050917,2026-07-31
VFC,14.32,2026-08-14,13,Call,15.50,-8.24%,0.07,0.15,0.35,1093,203,5.38,45.01%,56.26%,0.245219,2026-07-31
SPCX,108.37,2026-08-07,6,Call,260.00,-139.92%,0.35,0.45,0.45,2209,412,5.36,109.71%,319.79%,0.026947,2026-07-31
MRK,130.2,2026-08-07,6,Call,132.00,-1.38%,2.27,2.64,2.74,893,167,5.35,32.44%,49.51%,0.427668,2026-07-31
RTX,215.22,2026-08-07,6,Call,227.50,-5.71%,0,0.2,0.29,1518,284,5.35,24.94%,25.79%,0.049426,2026-07-31
RKT,12.9,2026-10-16,76,Call,15.00,-16.28%,0.76,0.83,0.79,1574,294,5.35,69.14%,62.48%,0.359628,2026-07-31
AAPL,308.91,2026-08-14,13,Put,280.00,-9.36%,0.47,0.49,0.79,1750,327,5.35,27.30%,35.90%,-0.066801,2026-07-31
TSLA,311.21,2026-08-03,2,Call,307.50,+1.19%,5.6,5.6,5.75,13839,2587,5.35,45.64%,37.97%,0.672884,2026-07-31
TSLA,311.21,2026-08-03,2,Put,297.50,-4.41%,0.27,0.26,0.29,3671,688,5.34,45.64%,41.12%,-0.066602,2026-07-31
GLOB,36.6,2026-10-16,76,Call,50.00,-36.61%,1.35,1.6,1.9,801,150,5.34,90.30%,77.76%,0.248192,2026-07-31
LITE,713.94,2026-08-07,6,Put,570.00,-20.16%,3,4.95,5.8,938,176,5.33,105.94%,130.78%,-0.076352,2026-07-31
DKNG,23.48,2026-08-21,20,Call,26.00,-10.73%,0.59,0.7,0.72,965,181,5.33,64.39%,69.22%,0.295976,2026-07-31
INTC,90.2,2026-08-07,6,Put,92.00,+2.00%,5.2,5,5.55,1550,291,5.33,83.34%,95.38%,-0.538706,2026-07-31
AMD,476.15,2026-08-03,2,Call,485.00,-1.86%,6.35,7.25,6.95,985,185,5.32,78.82%,73.65%,0.379434,2026-07-31
HOOD,86.56,2026-08-07,6,Put,86.00,-0.65%,2.86,2.9,3,1021,192,5.32,68.51%,73.10%,-0.451722,2026-07-31
AXTI,60.43,2026-08-07,6,Put,60.00,-0.71%,4.5,5.05,5.1,737,139,5.3,144.82%,163.58%,-0.443847,2026-07-31
ABT,105.7,2026-08-07,6,Call,108.00,-2.18%,0.2,0.8,0.95,752,142,5.3,27.94%,26.27%,0.268827,2026-07-31
DIS,96.19,2026-08-14,13,Call,105.00,-9.16%,0.49,0.73,0.8,1181,223,5.3,35.72%,44.42%,0.158165,2026-07-31
REPL,11.2,2026-08-07,6,Put,10.00,-10.71%,1.6,1.8,1.8,861,163,5.28,228.95%,420.89%,-0.315344,2026-07-31
MDB,337.48,2026-08-07,6,Call,330.00,+2.22%,13.8,16.04,19.45,1040,197,5.28,76.30%,72.76%,0.615375,2026-07-31
V,366.13,2026-09-18,48,Call,405.00,-10.62%,1.5,1.96,2,1474,279,5.28,23.16%,22.32%,0.123383,2026-07-31
AMZN,271.58,2026-09-04,34,Put,235.00,-13.47%,1.02,1.1,1.23,595,113,5.27,32.32%,35.86%,-0.079927,2026-07-31
NVDA,200.75,2026-08-05,4,Call,205.00,-2.12%,1.75,1.8,1.83,20912,3978,5.26,41.38%,41.19%,0.324037,2026-07-31
LITE,713.94,2026-08-07,6,Put,680.00,-4.75%,24.3,27,28.8,631,120,5.26,105.94%,116.48%,-0.343003,2026-07-31
META,556.71,2026-08-07,6,Call,560.00,-0.59%,10.6,11.3,11.2,1626,309,5.26,38.93%,43.22%,0.47247,2026-07-31
BE,205.81,2026-08-21,20,Put,177.50,-13.76%,10,10.85,12.7,541,103,5.25,126.85%,128.61%,-0.258552,2026-07-31
AAPL,308.91,2026-08-05,4,Put,297.50,-3.69%,0.8,0.9,1.25,1762,336,5.24,27.30%,37.12%,-0.159533,2026-07-31
TSLA,311.21,2026-08-03,2,Call,325.00,-4.43%,0.37,0.39,0.39,8428,1607,5.24,45.64%,42.22%,0.086056,2026-07-31
ANF,99.54,2026-08-07,6,Call,91.00,+8.58%,7.8,9.8,10.4,606,116,5.22,60.44%,63.32%,0.875075,2026-07-31
NVO,47.08,2026-08-07,6,Call,47.00,+0.17%,1.59,1.67,1.72,974,187,5.21,44.04%,67.69%,0.522495,2026-07-31
AG,15.03,2026-08-07,6,Call,15.00,+0.20%,0.5,0.55,0.6,1047,201,5.21,63.91%,69.17%,0.528965,2026-07-31
HOOD,86.56,2026-08-07,6,Put,78.00,-9.89%,0.54,0.55,0.6,1114,214,5.21,68.51%,75.69%,-0.129817,2026-07-31
RIVN,15.22,2026-08-14,13,Call,16.50,-8.41%,0.29,0.32,0.34,2661,511,5.21,62.92%,66.27%,0.283379,2026-07-31
LLY,1148.84,2026-08-21,20,Put,"1,130.00",-1.64%,40.85,43.4,47,585,113,5.18,43.94%,50.41%,-0.416519,2026-07-31
UPST,27.44,2026-09-18,48,Put,17.50,-36.22%,0.19,0.24,0.3,616,119,5.18,92.08%,88.38%,-0.057318,2026-07-31
MSFT,464.72,2026-08-03,2,Call,457.50,+1.55%,8.15,10.02,9.4,1769,342,5.17,30.64%,30.48%,0.761823,2026-07-31
OXY,57.07,2026-08-07,6,Call,62.00,-8.64%,0.24,0.26,0.34,7402,1433,5.17,39.03%,57.56%,0.139601,2026-07-31
SNOW,293.28,2026-08-07,6,Call,325.00,-10.82%,1.22,1.29,1.44,1253,243,5.16,65.91%,64.47%,0.116223,2026-07-31
CSCO,115.99,2026-08-07,6,Call,116.00,-0.01%,2.3,2.53,2.55,1359,265,5.13,50.96%,40.63%,0.512366,2026-07-31
NVDA,200.75,2026-08-05,4,Put,200.00,-0.37%,3,3.1,3.15,5387,1050,5.13,41.38%,41.42%,-0.454396,2026-07-31
AMD,476.15,2026-08-03,2,Put,485.00,+1.86%,14.9,14.9,16.25,1408,275,5.12,78.82%,74.86%,-0.618682,2026-07-31
SNOW,293.28,2026-11-20,111,Call,350.00,-19.34%,21.4,23.05,23.2,1517,297,5.11,65.91%,62.56%,0.379735,2026-07-31
RDDT,140.67,2026-09-18,48,Call,190.00,-35.07%,2.37,2.55,3.6,2186,428,5.11,69.71%,74.09%,0.166902,2026-07-31
HOOD,86.56,2028-12-15,867,Put,85.00,-1.80%,27,27.85,30,1021,201,5.08,68.51%,66.35%,-0.284453,2026-07-31
NBIS,190.41,2026-08-07,6,Call,175.00,+8.09%,22.5,22.45,24.25,1083,213,5.08,137.11%,153.39%,0.702134,2026-07-31
RCAT,7.53,2026-08-21,20,Put,5.00,-33.60%,0,0.1,0.22,2298,453,5.07,116.84%,143.94%,-0.082389,2026-07-31
C,132.45,2026-08-21,20,Call,90.00,+32.05%,42,42.9,44.6,1360,269,5.06,30.39%,109.73%,0.948248,2026-07-31
MU,823.03,2026-08-03,2,Call,930.00,-13.00%,1,1.08,1.15,1812,358,5.06,91.94%,95.72%,0.045866,2026-07-31
NFLX,71.71,2026-08-28,27,Put,64.00,-10.75%,0.36,0.39,0.42,954,189,5.05,35.34%,36.24%,-0.109686,2026-07-31
MSFT,464.72,2026-08-07,6,Call,477.50,-2.75%,3.4,3.85,3.85,1041,206,5.05,30.64%,35.13%,0.284504,2026-07-31
AAPL,308.91,2026-08-28,27,Put,270.00,-12.60%,0.62,0.74,0.8,1167,231,5.05,27.30%,32.94%,-0.057902,2026-07-31
RDDT,140.67,2026-08-07,6,Put,135.00,-4.03%,2.52,2.8,3.25,2522,499,5.05,69.71%,74.75%,-0.314675,2026-07-31
AMZN,271.58,2026-08-05,4,Call,265.00,+2.42%,8.05,9.36,9.1,1904,378,5.04,32.32%,39.80%,0.732113,2026-07-31
SKHY,143.73,2026-08-07,6,Put,145.00,+0.88%,10.3,10.67,10.8,2251,447,5.04,114.69%,134.84%,-0.484727,2026-07-31
SPCX,108.37,2026-08-07,6,Put,75.00,-30.79%,0.25,0.28,0.3,5131,1018,5.04,109.71%,161.07%,-0.029499,2026-07-31
BSX,46.73,2026-08-07,6,Put,45.00,-3.70%,0.35,0.44,0.5,2544,506,5.03,42.88%,46.22%,-0.249789,2026-07-31
AAPL,308.91,2026-08-07,6,Put,307.50,-0.46%,4.35,4.64,4.95,1325,264,5.02,27.30%,34.22%,-0.445797,2026-07-31
MDT,85.39,2026-08-28,27,Call,92.00,-7.74%,0.46,0.6,0.71,886,177,5.01,28.82%,27.97%,0.173412,2026-07-31
C,132.45,2026-09-18,48,Call,65.00,+50.92%,67,68.55,69.6,500,100,5,30.39%,119.77%,0.967145,2026-07-31
AMZN,271.58,2026-08-07,6,Call,280.00,-3.10%,2.42,2.48,2.6,18554,3714,5,32.32%,40.52%,0.29105,2026-07-31
TGT,144.49,2026-09-18,48,Put,140.00,-3.11%,6.1,6.25,6.4,3044,610,4.99,44.43%,40.71%,-0.383887,2026-07-31
MU,823.03,2026-08-03,2,Call,875.00,-6.31%,5.65,6,6.15,818,164,4.99,91.94%,92.35%,0.195225,2026-07-31
LYB,62.08,2026-08-21,20,Put,57.50,-7.38%,0.85,0.93,1.05,1588,318,4.99,46.73%,47.06%,-0.226896,2026-07-31
GCT,43.74,2026-11-20,111,Call,55.00,-25.74%,3,3.8,4.3,593,119,4.98,89.22%,73.46%,0.369168,2026-07-31
NFLX,71.71,2026-08-28,27,Put,71.00,-0.99%,2.24,2.24,2.31,1140,229,4.98,35.34%,34.81%,-0.430771,2026-07-31
MU,823.03,2026-08-03,2,Call,860.00,-4.49%,8.8,9.2,9.45,1525,307,4.97,91.94%,92.56%,0.272826,2026-07-31
CRM,184.02,2026-08-07,6,Put,177.50,-3.54%,1.85,1.93,2.06,788,159,4.96,49.04%,48.74%,-0.269327,2026-07-31
MU,823.03,2026-08-03,2,Call,850.00,-3.28%,11.65,12,12.2,6670,1344,4.96,91.94%,92.63%,0.332427,2026-07-31
MRVL,187.56,2026-08-07,6,Put,215.00,+14.63%,27.5,25.31,30.45,543,110,4.94,93.95%,95.20%,-0.854915,2026-07-31
NVDA,200.75,2026-08-12,11,Call,202.50,-0.87%,4.05,5.26,4.85,1224,248,4.94,41.38%,37.21%,0.465086,2026-07-31
AMZN,271.58,2026-08-05,4,Call,277.50,-2.18%,2.2,2.58,2.64,1457,295,4.94,32.32%,41.64%,0.321387,2026-07-31
SGML,9.87,2026-08-21,20,Put,9.00,-8.81%,0.5,0.6,0.65,2000,406,4.93,104.20%,108.65%,-0.309718,2026-07-31
C,132.45,2026-12-18,139,Call,40.00,+69.80%,92.05,92.9,94.6,2700,549,4.92,30.39%,117.33%,0.976199,2026-07-31
MSFT,464.72,2026-08-03,2,Call,482.50,-3.83%,0.2,0.25,0.25,569,116,4.91,30.64%,30.71%,0.051184,2026-07-31
AMD,476.15,2026-08-03,2,Call,487.50,-2.38%,5.55,6.3,6.3,673,137,4.91,78.82%,74.63%,0.346329,2026-07-31
BSX,46.73,2026-08-07,6,Call,47.00,-0.58%,0.85,0.95,1.05,830,169,4.91,42.88%,44.52%,0.475296,2026-07-31
BTDR,10.52,2026-08-07,6,Put,10.00,-4.94%,0.4,0.49,0.55,1309,267,4.9,130.05%,134.93%,-0.351041,2026-07-31
DIS,96.19,2026-08-07,6,Put,87.00,-9.55%,0.18,0.32,0.45,738,151,4.89,35.72%,59.96%,-0.089141,2026-07-31
VRT,241.57,2026-08-07,6,Put,225.00,-6.86%,3.15,4.1,4.15,1877,384,4.89,69.52%,82.39%,-0.232564,2026-07-31
NFLX,71.71,2026-09-04,34,Put,65.00,-9.36%,0.69,0.73,0.76,698,143,4.88,35.34%,36.08%,-0.164741,2026-07-31
CMCSA,23.96,2028-12-15,867,Put,15.00,-37.40%,1.15,1.4,1.88,500,103,4.85,33.74%,41.10%,-0.139196,2026-07-31
TIGR,4.9,2026-08-28,27,Call,1.50,+69.39%,3.1,3.45,3.6,810,167,4.85,63.93%,274.72%,0.975094,2026-07-31
HNGE,74.71,2026-08-21,20,Put,75.00,+0.39%,3.1,4.5,5.9,2023,417,4.85,68.17%,63.34%,-0.47676,2026-07-31
HOOD,86.56,2026-08-07,6,Call,88.00,-1.66%,2.5,2.69,2.7,2536,524,4.84,68.51%,72.78%,0.450737,2026-07-31
GOOGL,356.13,2026-08-03,2,Call,375.00,-5.30%,0.15,0.15,0.2,620,128,4.84,32.89%,39.76%,0.041539,2026-07-31
C,132.45,2026-08-21,20,Call,100.00,+24.50%,31.65,32.75,34.2,929,193,4.81,30.39%,73.10%,0.957589,2026-07-31
MU,823.03,2026-08-14,13,Put,680.00,-17.38%,13.55,13.45,14.25,874,182,4.8,91.94%,107.42%,-0.147144,2026-07-31
SLS,10.01,2026-08-14,13,Call,13.00,-29.87%,0.5,0.75,1.25,1033,215,4.8,247.36%,237.07%,0.360291,2026-07-31
TSLA,311.21,2026-08-05,4,Call,302.50,+2.80%,11.4,12.57,11.75,1685,351,4.8,45.64%,48.26%,0.724102,2026-07-31
MU,823.03,2026-08-07,6,Call,875.00,-6.31%,26.35,27,27.25,642,134,4.79,91.94%,111.22%,0.36163,2026-07-31
NVTS,10.86,2026-09-18,48,Put,7.00,-35.54%,0.24,0.28,0.33,7641,1594,4.79,114.54%,118.02%,-0.105573,2026-07-31
META,556.71,2026-08-03,2,Call,555.00,+0.31%,6.7,6.95,7.2,2712,569,4.77,38.93%,36.57%,0.553199,2026-07-31
META,556.71,2026-08-03,2,Call,577.50,-3.73%,0.71,0.82,0.93,768,161,4.77,38.93%,39.21%,0.106973,2026-07-31
LZM,3.39,2027-02-19,202,Call,5.00,-47.49%,0.5,0.55,0.55,648,136,4.76,131.40%,93.95%,0.430534,2026-07-31
MU,823.03,2026-08-05,4,Call,920.00,-11.78%,7.55,8.5,8.2,790,166,4.76,91.94%,105.28%,0.170536,2026-07-31
AAPL,308.91,2026-08-28,27,Call,315.00,-1.97%,6.2,6.44,6.85,1114,234,4.76,27.30%,26.45%,0.419951,2026-07-31
AMD,476.15,2026-08-03,2,Put,470.00,-1.29%,7.4,7.42,8.2,2114,444,4.76,78.82%,76.09%,-0.396658,2026-07-31
MU,823.03,2026-08-03,2,Call,870.00,-5.71%,6.6,6.85,7.1,1989,419,4.75,91.94%,92.40%,0.219327,2026-07-31
AGRO,9.97,2026-12-18,139,Call,15.00,-50.45%,0,0.45,0.65,2512,529,4.75,62.38%,61.81%,0.184328,2026-07-31
VFF,1.92,2026-08-21,20,Put,2.0000,+4.17%,0,0.2,0.25,1000,211,4.74,97.75%,44.28%,-0.62933,2026-07-31
AGRO,9.97,2026-12-18,139,Call,10.00,-0.30%,1.1,1.3,1.75,2517,531,4.74,62.38%,60.28%,0.560511,2026-07-31
BE,205.81,2026-11-20,111,Put,170.00,-17.40%,30.8,31.05,33.8,1231,260,4.73,126.85%,121.19%,-0.263088,2026-07-31
OKE,90.81,2026-09-18,48,Call,75.00,+17.41%,14.6,14.6,16.8,755,160,4.72,31.29%,26.63%,0.986788,2026-07-31
AMD,476.15,2026-08-03,2,Put,450.00,-5.49%,2.35,2.57,2.72,5575,1180,4.72,78.82%,80.67%,-0.163828,2026-07-31
NVDA,200.75,2026-08-05,4,Call,202.50,-0.87%,2.67,2.71,2.77,9413,1994,4.72,41.38%,41.53%,0.432474,2026-07-31
AAPL,308.91,2026-08-07,6,Put,292.50,-5.31%,0.7,0.74,1.02,2611,555,4.7,27.30%,36.93%,-0.11761,2026-07-31
ESTC,65.79,2026-08-21,20,Put,55.00,-16.40%,0.45,0.57,0.65,1513,323,4.68,70.29%,65.96%,-0.10579,2026-07-31
META,556.71,2026-09-18,48,Call,525.00,+5.70%,48.7,50.2,51.75,523,112,4.67,38.93%,38.79%,0.697577,2026-07-31
VSAT,76.93,2026-08-21,20,Call,85.00,-10.49%,4.6,4.7,5,1027,220,4.67,99.96%,108.26%,0.397761,2026-07-31
MHK,123.1,2026-08-21,20,Call,120.00,+2.52%,5.7,6.9,8.4,1092,234,4.67,42.77%,46.01%,0.621278,2026-07-31
GOOGL,356.13,2026-08-03,2,Call,357.50,-0.38%,2.62,2.97,2.99,3497,749,4.67,32.89%,32.44%,0.444243,2026-07-31
HUT,107.63,2026-09-18,48,Put,105.00,-2.44%,15.95,16.2,16.7,1862,400,4.66,120.64%,116.99%,-0.39008,2026-07-31
AAPL,308.91,2026-08-05,4,Put,305.00,-1.27%,2.38,2.98,3.3,1070,230,4.65,27.30%,35.64%,-0.356291,2026-07-31
NBIS,190.41,2026-08-07,6,Put,160.00,-15.97%,3.65,3.5,3.85,4149,892,4.65,137.11%,157.27%,-0.166888,2026-07-31
AMD,476.15,2026-08-03,2,Put,480.00,+0.81%,11.85,12.42,13,1298,280,4.64,78.82%,73.92%,-0.546556,2026-07-31
MU,823.03,2026-08-07,6,Put,835.00,+1.45%,52,53.35,54.5,583,126,4.63,91.94%,111.57%,-0.510447,2026-07-31
EOSE,3.38,2026-08-28,27,Call,1.00,+70.41%,0.65,2.42,4.4,1504,325,4.63,151.55%,424.67%,0.94891,2026-07-31
META,556.71,2026-08-03,2,Call,550.00,+1.21%,9.3,9.7,10.8,3130,676,4.63,38.93%,37.01%,0.678285,2026-07-31
MSTR,93.28,2026-08-07,6,Call,101.00,-8.28%,1.24,1.4,1.41,15062,3255,4.63,77.78%,81.72%,0.241668,2026-07-31
AAPL,308.91,2026-08-28,27,Put,285.00,-7.74%,1.68,1.81,2.1,1128,244,4.62,27.30%,29.64%,-0.14304,2026-07-31
ORCL,129.87,2026-08-07,6,Call,129.00,+0.67%,4.8,5.1,5.2,1496,324,4.62,69.81%,68.45%,0.54937,2026-07-31
MDT,85.39,2026-08-21,20,Call,88.00,-3.06%,1.09,1.36,1.32,585,127,4.61,28.82%,28.08%,0.335704,2026-07-31
BRK.B,511.54,2026-08-07,6,Call,517.50,-1.17%,0.83,2.68,3.35,724,157,4.61,16.09%,16.51%,0.305532,2026-07-31
COIN,146.26,2026-08-07,6,Put,140.00,-4.28%,3.05,3.15,3.5,5399,1172,4.61,71.54%,80.80%,-0.315949,2026-07-31
META,556.71,2026-08-03,2,Call,575.00,-3.29%,1.02,1.18,1.18,1225,267,4.59,38.93%,39.10%,0.136462,2026-07-31
INTC,90.2,2026-08-03,2,Call,92.00,-2.00%,1.41,1.57,1.57,1963,429,4.58,83.34%,84.47%,0.388915,2026-07-31
SKHY,143.73,2027-01-15,167,Call,180.00,-25.23%,27.1,28.4,28.8,5109,1116,4.58,114.69%,100.45%,0.51372,2026-07-31
VG,13.38,2026-08-07,6,Call,14.50,-8.37%,0.1,0.17,0.25,1043,228,4.57,81.19%,79.42%,0.231551,2026-07-31
CELH,29.21,2026-08-14,13,Call,32.00,-9.55%,0.92,1,1.12,1466,321,4.57,73.66%,92.09%,0.33337,2026-07-31
MSFT,464.72,2026-08-07,6,Call,462.50,+0.48%,9.5,10,10.15,2230,488,4.57,30.64%,36.08%,0.55433,2026-07-31
UBER,70.36,2027-09-17,412,Call,90.00,-27.91%,6.95,6.95,8.1,547,120,4.56,44.79%,42.65%,0.414631,2026-07-31
SNDK,1214.83,2026-08-07,6,Put,910.00,-25.09%,16.3,17.03,17.8,528,116,4.55,133.72%,198.85%,-0.103312,2026-07-31
USAR,14.95,2026-08-07,6,Call,16.00,-7.02%,0.4,0.43,0.44,2241,493,4.55,105.12%,106.24%,0.335085,2026-07-31
TEVA,35.01,2026-08-21,20,Call,36.50,-4.26%,0.55,0.63,0.83,645,142,4.54,35.83%,38.43%,0.34397,2026-07-31
META,556.71,2026-08-05,4,Call,560.00,-0.59%,7.75,8.45,8.85,781,172,4.54,38.93%,41.90%,0.45845,2026-07-31
APLD,27.39,2026-08-07,6,Call,30.50,-11.35%,0.54,0.65,1.04,876,193,4.54,105.93%,132.73%,0.293391,2026-07-31
ZM,96.07,2026-08-07,6,Call,96.00,+0.07%,2.22,2.43,2.6,1588,350,4.54,48.25%,47.78%,0.520844,2026-07-31
CBRS,198.71,2026-08-07,6,Put,210.00,+5.68%,17.5,18.3,21.6,604,134,4.51,121.31%,126.62%,-0.601289,2026-07-31
SAP,183.62,2026-08-07,6,Call,190.00,-3.47%,1.7,3.1,3.1,1352,300,4.51,45.28%,51.93%,0.31477,2026-07-31
SLS,10.01,2026-08-21,20,Call,30.00,-199.70%,0.25,0.25,0.45,7862,1744,4.51,247.36%,311.36%,0.127384,2026-07-31
TSLA,311.21,2026-08-03,2,Call,320.00,-2.82%,0.91,0.91,0.94,28422,6322,4.5,45.64%,40.72%,0.183398,2026-07-31
MU,823.03,2026-08-03,2,Put,745.00,-9.48%,2.97,3,3.25,814,181,4.5,91.94%,107.36%,-0.097589,2026-07-31
C,132.45,2026-12-18,139,Call,37.50,+71.69%,94,95.35,97.1,900,200,4.5,30.39%,116.03%,0.98135,2026-07-31
TSLA,311.21,2026-08-05,4,Put,295.00,-5.21%,1.17,1.19,1.22,2276,506,4.5,45.64%,49.26%,-0.142271,2026-07-31
MCD,270.64,2028-01-21,538,Put,250.00,-7.63%,18.85,19.35,20.8,2021,451,4.48,26.71%,25.15%,-0.314461,2026-07-31
GOOG,356.65,2026-08-07,6,Put,335.00,-6.07%,0.68,0.69,0.75,2609,582,4.48,32.53%,37.23%,-0.089029,2026-07-31
AAPL,308.91,2026-08-07,6,Put,300.00,-2.88%,2,2.11,2.28,20665,4623,4.47,27.30%,35.51%,-0.249491,2026-07-31
NEE,86.92,2027-03-19,230,Put,65.00,-25.22%,0.7,0.95,1.17,608,136,4.47,22.90%,30.45%,-0.087087,2026-07-31
MU,823.03,2026-08-03,2,Call,915.00,-11.17%,1.53,1.65,1.82,764,171,4.47,91.94%,93.79%,0.068333,2026-07-31
CRCL,62.61,2026-08-28,27,Call,67.00,-7.01%,4.45,4.4,5.4,889,199,4.47,96.05%,97.51%,0.455081,2026-07-31
AMAT,507.67,2027-06-17,320,Call,"1,020.00",-100.92%,38,39.68,45,500,112,4.46,86.85%,73.56%,0.26558,2026-07-31
ARIS,13.36,2026-08-21,20,Call,12.50,+6.44%,0.65,1.35,1.45,736,165,4.46,62.79%,40.18%,0.781025,2026-07-31
UNH,414.4,2026-08-07,6,Call,420.00,-1.35%,3.55,3.85,3.95,784,176,4.45,28.35%,28.65%,0.366505,2026-07-31
XOM,155.44,2026-08-07,6,Call,155.00,+0.28%,2.81,2.81,3.1,4080,922,4.43,30.19%,34.23%,0.535763,2026-07-31
MU,823.03,2026-08-05,4,Call,955.00,-16.03%,3.8,4.1,4.4,566,128,4.42,91.94%,105.76%,0.099488,2026-07-31
C,132.45,2026-08-07,6,Call,133.00,-0.42%,1.55,1.67,1.82,899,204,4.41,30.39%,28.43%,0.465121,2026-07-31
ASTS,58.98,2026-08-07,6,Call,68.00,-15.29%,0.74,0.85,0.94,2332,529,4.41,112.13%,115.21%,0.187919,2026-07-31
AVGO,389.28,2026-08-05,4,Put,355.00,-8.81%,0.06,0.78,1.36,2545,577,4.41,52.14%,59.65%,-0.065221,2026-07-31
GOOGL,356.13,2026-08-21,20,Put,347.50,-2.42%,6.55,6.69,7.15,999,227,4.4,32.89%,33.02%,-0.353439,2026-07-31
SPCX,108.37,2026-08-07,6,Put,109.00,+0.58%,9.4,9.46,9.5,2071,471,4.4,109.71%,165.15%,-0.467824,2026-07-31
AAPL,308.91,2026-08-21,20,Call,327.50,-6.02%,1.82,2.39,2.31,2180,496,4.4,27.30%,27.17%,0.195208,2026-07-31
C,132.45,2026-12-18,139,Call,35.00,+73.57%,97.05,97.75,99.55,900,205,4.39,30.39%,129.94%,0.978538,2026-07-31
CLMT,44.19,2028-01-21,538,Call,45.00,-1.83%,12.2,12.66,14.6,1018,233,4.37,63.49%,71.94%,0.617103,2026-07-31
TSLA,311.21,2026-08-07,6,Call,322.50,-3.63%,3.7,3.96,3.8,2752,630,4.37,45.64%,50.14%,0.303976,2026-07-31
NFLX,71.71,2026-08-07,6,Call,77.00,-7.38%,0.16,0.16,0.17,9635,2210,4.36,35.34%,41.18%,0.095003,2026-07-31
AMD,476.15,2026-08-03,2,Put,420.00,-11.79%,0.47,0.42,0.58,951,218,4.36,78.82%,97.20%,-0.037338,2026-07-31
ACVA,7.49,2026-08-21,20,Put,7.50,+0.13%,0.45,0.6,0.9,1251,287,4.36,92.06%,96.95%,-0.454434,2026-07-31
GOOGL,356.13,2026-08-05,4,Call,365.00,-2.49%,2,2.32,2.52,692,159,4.35,32.89%,37.01%,0.272232,2026-07-31
GNRC,197.11,2026-08-21,20,Put,140.00,-28.97%,0.05,0.3,0.25,1036,238,4.35,61.13%,67.54%,-0.013074,2026-07-31
MSFT,464.72,2026-08-03,2,Call,472.50,-1.67%,1.27,1.47,1.62,1134,261,4.34,30.64%,30.55%,0.23696,2026-07-31
GLW,138.25,2026-08-07,6,Put,135.00,-2.35%,4.25,4.8,5.2,829,192,4.32,80.36%,89.36%,-0.394173,2026-07-31
RZLV,2.43,2027-02-19,202,Call,2.50,-2.88%,0.6,0.7,0.75,1019,236,4.32,105.07%,96.39%,0.636723,2026-07-31
CHKP,127.13,2027-01-15,167,Put,120.00,-5.61%,8.3,8.8,9.4,1200,278,4.32,39.27%,38.87%,-0.344081,2026-07-31
CVX,196.83,2026-08-07,6,Put,192.50,-2.20%,1.15,1.34,1.45,502,117,4.29,28.68%,29.92%,-0.274331,2026-07-31
RIVN,15.22,2026-08-07,6,Put,15.50,+1.84%,0.59,0.61,0.67,4264,993,4.29,62.92%,61.36%,-0.574054,2026-07-31
NFLX,71.71,2026-08-07,6,Call,73.00,-1.80%,0.86,0.87,0.88,12631,2946,4.29,35.34%,38.01%,0.37098,2026-07-31
TSLA,311.21,2026-08-03,2,Call,317.50,-2.02%,1.38,1.4,1.42,11255,2632,4.28,45.64%,39.99%,0.256394,2026-07-31
PL,20.48,2026-08-21,20,Put,17.00,-16.99%,0.4,0.52,0.6,680,159,4.28,100.71%,98.45%,-0.175894,2026-07-31
UEC,9.6,2026-08-07,6,Put,9.00,-6.25%,0.15,0.17,0.18,1121,262,4.28,77.65%,83.37%,-0.25391,2026-07-31
AMZN,271.58,2026-08-14,13,Put,250.00,-7.95%,1,1.05,1.2,1701,398,4.27,32.32%,37.89%,-0.113111,2026-07-31
AMD,476.15,2026-08-03,2,Call,525.00,-10.26%,0.45,0.52,0.59,1677,394,4.26,78.82%,77.33%,0.047053,2026-07-31
ACN,165.92,2026-08-21,20,Call,190.00,-14.51%,1.7,1.85,1.95,3101,728,4.26,51.77%,56.17%,0.166732,2026-07-31
TSLA,311.21,2028-12-15,867,Put,250.00,-19.67%,47.3,47.05,47.95,9475,2225,4.26,45.64%,50.73%,-0.22624,2026-07-31
TSLA,311.21,2026-08-07,6,Put,302.50,-2.80%,4.05,4.05,4.15,2476,583,4.25,45.64%,49.35%,-0.312586,2026-07-31
PCOR,54.77,2027-01-15,167,Call,80.00,-46.07%,1.9,2.25,2.35,513,121,4.24,61.26%,55.00%,0.216172,2026-07-31
MU,823.03,2026-08-05,4,Call,850.00,-3.28%,24.7,25,25.6,610,144,4.24,91.94%,105.86%,0.408234,2026-07-31
AMZN,271.58,2026-08-28,27,Call,280.00,-3.10%,5.85,6.56,6.5,2767,652,4.24,32.32%,31.88%,0.390546,2026-07-31
QCOM,147.61,2026-08-07,6,Put,150.00,+1.62%,5.55,5.85,6.1,3431,812,4.23,55.85%,59.76%,-0.567087,2026-07-31
NVDA,200.75,2026-08-05,4,Put,195.00,-2.86%,1.34,1.3,1.4,9180,2171,4.23,41.38%,42.89%,-0.249333,2026-07-31
NIO,4.88,2026-09-04,34,Put,4.50,-7.79%,0.15,0.19,0.21,1050,248,4.23,59.47%,60.00%,-0.291059,2026-07-31
BE,205.81,2026-08-07,6,Call,155.00,+24.69%,50.95,57.03,54.65,1506,356,4.23,126.85%,173.69%,0.917325,2026-07-31
AAPL,308.91,2026-08-14,13,Put,275.00,-10.98%,0.27,0.4,0.55,654,155,4.22,27.30%,37.37%,-0.044641,2026-07-31
MU,823.03,2026-08-03,2,Put,810.00,-1.58%,16.75,17,17.45,945,224,4.22,91.94%,95.80%,-0.396323,2026-07-31
PCG,17.38,2026-08-28,27,Call,17.00,+2.19%,0.86,1.05,1.24,1215,288,4.22,39.51%,44.52%,0.601412,2026-07-31
SNDK,1214.83,2026-08-28,27,Call,"1,400.00",-15.24%,108.4,121.3,120.7,626,149,4.2,133.72%,136.37%,0.424704,2026-07-31
MSFT,464.72,2026-08-03,2,Call,485.00,-4.36%,0.09,0.14,0.17,949,226,4.2,30.64%,30.78%,0.031692,2026-07-31
AMZN,271.58,2026-08-03,2,Call,290.00,-6.78%,0.12,0.13,0.14,1792,427,4.2,32.32%,48.11%,0.034444,2026-07-31
BE,205.81,2026-08-07,6,Call,220.00,-6.89%,10,10.72,11,2063,491,4.2,126.85%,152.70%,0.405286,2026-07-31
COIN,146.26,2026-08-07,6,Put,157.50,+7.68%,12.55,12.26,14.15,792,189,4.19,71.54%,80.48%,-0.746349,2026-07-31
AVGO,389.28,2026-08-03,2,Call,387.50,+0.46%,6.05,7.12,7.05,989,236,4.19,52.14%,48.66%,0.559507,2026-07-31
C,132.45,2026-08-21,20,Call,110.00,+16.95%,21.65,23.1,24.6,2258,540,4.18,30.39%,56.93%,0.928019,2026-07-31
RGTI,14.95,2026-08-14,13,Call,15.50,-3.68%,0.9,1.05,1.27,605,145,4.17,98.97%,116.64%,0.480769,2026-07-31
GEHC,68.02,2026-08-07,6,Call,72.00,-5.85%,0.15,0.4,0.75,1071,257,4.17,32.38%,49.23%,0.194762,2026-07-31
AMD,476.15,2026-08-03,2,Call,530.00,-11.31%,0.36,0.36,0.45,1971,473,4.17,78.82%,79.53%,0.036957,2026-07-31
KC,11.15,2026-08-21,20,Put,10.00,-10.31%,0.4,0.4,0.5,686,165,4.16,91.23%,93.34%,-0.269155,2026-07-31
MU,823.03,2026-09-04,34,Put,300.00,-63.55%,0,0.68,1.03,1457,350,4.16,91.94%,136.81%,-0.004231,2026-07-31
MU,823.03,2026-08-03,2,Call,880.00,-6.92%,5,5.12,5.4,2146,516,4.16,91.94%,93.19%,0.175401,2026-07-31
GOOG,356.65,2026-08-07,6,Put,322.50,-9.58%,0.13,0.2,0.24,1217,293,4.15,32.53%,41.00%,-0.025552,2026-07-31
CSCO,115.99,2027-06-17,320,Put,115.00,-0.85%,15.05,15.25,15.95,779,188,4.14,50.96%,40.37%,-0.39808,2026-07-31
B,36.73,2026-08-07,6,Call,37.00,-0.74%,0.43,0.75,1.06,874,211,4.14,47.13%,46.09%,0.46417,2026-07-31
CRWV,71.77,2026-08-14,13,Call,68.00,+5.25%,8.55,9.09,9.1,537,130,4.13,111.10%,128.16%,0.636608,2026-07-31
CIFR,22.32,2026-08-07,6,Put,23.00,+3.05%,1.97,2.09,2.42,587,142,4.13,124.32%,159.24%,-0.517021,2026-07-31
C,132.45,2026-09-18,48,Call,70.00,+47.15%,62,63.05,64.45,665,161,4.13,30.39%,106.27%,0.966433,2026-07-31
EPD,38.05,2027-01-15,167,Call,39.00,-2.50%,1.43,1.59,1.94,930,225,4.13,20.04%,21.87%,0.438608,2026-07-31
MRVL,187.56,2026-08-07,6,Call,205.00,-9.30%,3.7,3.8,4.05,2030,491,4.13,93.95%,102.78%,0.272736,2026-07-31
AVGO,389.28,2026-08-07,6,Put,352.50,-9.45%,1.09,1.33,1.51,602,146,4.12,52.14%,59.91%,-0.090693,2026-07-31
AAPL,308.91,2026-09-04,34,Call,335.00,-8.45%,2.06,2.25,2.5,614,149,4.12,27.30%,26.35%,0.176379,2026-07-31
GOOG,356.65,2026-08-14,13,Put,345.00,-3.27%,3.8,4.05,4.3,948,230,4.12,32.53%,33.29%,-0.282035,2026-07-31
MSFT,464.72,2026-08-05,4,Call,480.00,-3.29%,1.53,1.7,1.7,3192,774,4.12,30.64%,33.45%,0.184672,2026-07-31
TSLA,311.21,2026-08-05,4,Call,310.00,+0.39%,6.75,7.18,7.15,5500,1337,4.11,45.64%,48.28%,0.543887,2026-07-31
IBM,223.65,2026-08-14,13,Call,255.00,-14.02%,0.23,0.44,0.5,731,178,4.11,41.65%,41.48%,0.051132,2026-07-31
MU,823.03,2026-08-05,4,Put,600.00,-27.10%,0.33,0.4,0.55,504,123,4.1,91.94%,135.25%,-0.010574,2026-07-31
SANM,185.56,2026-08-21,20,Call,240.00,-29.34%,0.4,1.64,3.1,1063,259,4.1,77.29%,82.33%,0.10967,2026-07-31
MSFT,464.72,2026-08-05,4,Call,452.50,+2.63%,14.8,15.6,15.6,752,184,4.09,30.64%,38.88%,0.752573,2026-07-31
AMZN,271.58,2026-08-28,27,Put,245.00,-9.79%,1.41,1.58,1.9,567,139,4.08,32.32%,35.00%,-0.124,2026-07-31
TSLA,311.21,2026-08-05,4,Call,315.00,-1.22%,4.65,4.8,4.8,3678,902,4.08,45.64%,48.89%,0.419497,2026-07-31
ORCL,129.87,2026-08-07,6,Call,132.00,-1.64%,3.55,3.7,3.8,3116,766,4.07,69.81%,69.38%,0.44637,2026-07-31
FCEL,21.61,2026-08-07,6,Call,23.00,-6.43%,1.15,1.2,1.25,573,141,4.06,145.82%,158.61%,0.419968,2026-07-31
SOUN,6.13,2026-09-04,34,Put,5.50,-10.28%,0.31,0.41,0.45,662,163,4.06,99.95%,92.79%,-0.296381,2026-07-31
TSLA,311.21,2026-08-05,4,Call,317.50,-2.02%,3.8,3.8,3.9,1541,380,4.06,45.64%,49.30%,0.361576,2026-07-31
GOOGL,356.13,2026-08-07,6,Put,322.50,-9.44%,0.16,0.21,0.27,1924,474,4.06,32.89%,41.56%,-0.028852,2026-07-31
NVDA,200.75,2026-08-03,2,Call,210.00,-4.61%,0.13,0.13,0.14,28382,6985,4.06,41.38%,37.96%,0.056686,2026-07-31
TMUS,172.71,2026-09-18,48,Call,175.00,-1.33%,6.9,6.8,7.4,668,165,4.05,34.73%,32.34%,0.483241,2026-07-31
AMZN,271.58,2026-08-07,6,Put,245.00,-9.79%,0.28,0.28,0.33,4737,1173,4.04,32.32%,48.07%,-0.04354,2026-07-31
MSFT,464.72,2026-08-07,6,Call,457.50,+1.55%,12.2,13.41,13.4,3391,842,4.03,30.64%,36.38%,0.643902,2026-07-31
RDDT,140.67,2026-09-18,48,Call,145.00,-3.08%,12,12.37,13,601,149,4.03,69.71%,69.27%,0.509691,2026-07-31
ASTS,58.98,2026-08-07,6,Put,58.00,-1.66%,2.65,2.77,2.9,982,244,4.02,112.13%,108.94%,-0.423341,2026-07-31
AMD,476.15,2026-08-07,6,Call,505.00,-6.06%,15.05,16.62,16.85,1652,411,4.02,78.82%,111.49%,0.368453,2026-07-31
SOFI,16.31,2026-11-20,111,Call,20.00,-22.62%,0.96,0.98,0.98,13003,3234,4.02,51.28%,58.30%,0.330927,2026-07-31
ORLY,89.35,2026-09-18,48,Call,97.33,-8.93%,1,1.35,1.45,529,132,4.01,29.50%,28.80%,0.235696,2026-07-31
META,556.71,2026-08-03,2,Call,557.50,-0.14%,5.45,5.8,6.4,582,145,4.01,38.93%,38.08%,0.488067,2026-07-31
CMG,37.22,2026-12-18,139,Put,33.20,-10.80%,1.35,1.53,1.76,753,188,4.01,35.46%,38.62%,-0.258033,2026-07-31
RDDT,140.67,2026-10-16,76,Put,130.00,-7.59%,11.1,11.68,12.05,1248,311,4.01,69.71%,68.40%,-0.334065,2026-07-31
BE,205.81,2026-08-07,6,Put,175.00,-14.97%,4.2,4.55,4.95,1845,460,4.01,126.85%,157.93%,-0.18277,2026-07-31
NVDA,200.75,2026-08-05,4,Call,197.50,+1.62%,5.4,5.9,5.6,4417,1104,4,41.38%,43.31%,0.651796,2026-07-31
KKR,101.43,2026-09-18,48,Put,92.50,-8.80%,2.05,2.6,2.3,1048,264,3.97,38.79%,40.31%,-0.233561,2026-07-31
NVT,153.83,2026-08-21,20,Call,175.00,-13.76%,2.9,4.1,4.9,1227,309,3.97,64.63%,74.72%,0.260971,2026-07-31
SOC,5.29,2026-10-16,76,Call,11.00,-107.94%,0.2,0.23,0.36,2622,660,3.97,141.75%,136.90%,0.198426,2026-07-31
MU,823.03,2026-08-03,2,Call,935.00,-13.60%,0.77,0.93,1,503,127,3.96,91.94%,95.56%,0.038777,2026-07-31
CRDO,206.99,2026-08-07,6,Call,200.00,+3.38%,16,16.83,20.7,566,143,3.96,115.96%,139.74%,0.612056,2026-07-31
SPCX,108.37,2028-12-15,867,Call,145.00,-33.80%,36.3,38.5,38.3,803,203,3.96,109.71%,68.18%,0.634359,2026-07-31
MSFT,464.72,2026-08-03,2,Call,475.00,-2.21%,0.9,0.9,1.06,4008,1015,3.95,30.64%,30.85%,0.173624,2026-07-31
AAPL,308.91,2026-12-18,139,Call,420.00,-35.96%,0.77,0.85,1.04,3366,855,3.94,27.30%,26.87%,0.045518,2026-07-31
NVTS,10.86,2026-09-18,48,Put,9.00,-17.13%,0.8,0.84,0.88,7162,1818,3.94,114.54%,113.80%,-0.250916,2026-07-31
CAT,814.81,2026-08-07,6,Put,800.00,-1.82%,19.35,21.4,24.35,516,131,3.94,51.23%,69.77%,-0.399601,2026-07-31
NA,1.79,2026-08-21,20,Call,2.5000,-39.66%,0,0.1,0.15,1280,325,3.94,336.22%,155.69%,0.232962,2026-07-31
TSLA,311.21,2026-09-18,48,Put,500.00,+60.66%,186.75,189.5,190.95,1359,345,3.94,45.64%,65.75%,-0.987776,2026-07-31
AAPL,308.91,2026-08-03,2,Put,307.50,-0.46%,2.32,2.4,2.84,1617,410,3.94,27.30%,35.80%,-0.42402,2026-07-31
TSLA,311.21,2026-08-07,6,Call,337.50,-8.45%,1.22,1.25,1.25,2159,549,3.93,45.64%,52.52%,0.122632,2026-07-31
USAR,14.95,2026-09-18,48,Put,11.00,-26.42%,0.48,0.57,0.64,7148,1819,3.93,105.12%,104.86%,-0.156639,2026-07-31
SHLS,8.74,2026-08-21,20,Put,8.00,-8.47%,0.55,0.68,0.7,2185,557,3.92,116.45%,122.80%,-0.323715,2026-07-31
APP,395.9,2026-11-20,111,Put,300.00,-24.22%,22.3,26.9,28.7,504,129,3.91,87.47%,84.02%,-0.197154,2026-07-31
DOCU,54.83,2026-09-18,48,Call,75.00,-36.79%,0.56,0.64,0.73,720,184,3.91,59.23%,64.32%,0.113983,2026-07-31
GOOG,356.65,2026-08-07,6,Call,365.00,-2.34%,3.1,3.2,3.4,2914,747,3.9,32.53%,35.40%,0.317394,2026-07-31
CRML,5.49,2026-11-20,111,Call,5.00,+8.93%,1.3,1.37,1.5,1368,351,3.9,104.27%,97.49%,0.678857,2026-07-31
C,132.45,2026-09-18,48,Call,80.00,+39.60%,52,53.1,54.4,685,176,3.89,30.39%,85.32%,0.961455,2026-07-31
CRWV,71.77,2026-08-07,6,Put,63.00,-12.22%,0.96,1,1.08,845,217,3.89,111.10%,115.15%,-0.168445,2026-07-31
PATH,12.76,2026-08-07,6,Call,14.00,-9.72%,0.1,0.14,0.17,3315,853,3.89,75.91%,79.35%,0.196292,2026-07-31
TSLA,311.21,2026-08-07,6,Call,310.00,+0.39%,8.5,8.55,8.65,7162,1848,3.88,45.64%,49.49%,0.540836,2026-07-31
ORCL,129.87,2026-08-07,6,Call,137.00,-5.49%,1.72,1.97,2.02,2073,534,3.88,69.81%,66.92%,0.282209,2026-07-31
TWLO,197.35,2026-10-16,76,Call,240.00,-21.61%,9.6,10.25,10.8,518,134,3.87,80.47%,64.99%,0.31365,2026-07-31
U,31.71,2026-08-07,6,Put,33.00,+4.07%,2.62,3.12,3.15,1509,390,3.87,84.80%,132.54%,-0.558467,2026-07-31
SPCX,108.37,2026-08-07,6,Put,92.00,-15.11%,2.45,2.53,2.5,1573,406,3.87,109.71%,160.68%,-0.183903,2026-07-31
BILL,45.13,2026-08-07,6,Call,50.00,-10.79%,0.3,0.45,0.45,1701,439,3.87,80.49%,77.55%,0.164771,2026-07-31
CRCL,62.61,2026-08-07,6,Call,62.00,+0.97%,4.25,4.45,4.55,594,154,3.86,96.05%,127.85%,0.557777,2026-07-31
MU,823.03,2026-08-03,2,Put,815.00,-0.98%,18.85,19.03,19.55,633,164,3.86,91.94%,95.36%,-0.429937,2026-07-31
BMNR,17.28,2026-08-07,6,Put,16.00,-7.41%,0.26,0.28,0.29,1698,440,3.86,83.49%,88.17%,-0.229107,2026-07-31
PLTR,123.06,2026-08-07,6,Call,128.00,-4.01%,4.9,5.09,5.05,2317,601,3.86,67.71%,111.43%,0.420764,2026-07-31
APPS,8.06,2026-08-21,20,Put,7.00,-13.15%,0.5,0.6,0.6,504,131,3.85,133.51%,142.62%,-0.276117,2026-07-31
CAG,14.51,2026-08-21,20,Put,14.50,-0.07%,0.4,0.43,0.5,1028,267,3.85,35.04%,32.06%,-0.495117,2026-07-31
AVGO,389.28,2026-08-03,2,Call,400.00,-2.75%,1.52,1.68,1.86,1786,464,3.85,52.14%,46.65%,0.222166,2026-07-31
MSFT,464.72,2026-08-07,6,Put,455.00,-2.09%,4.1,4.3,4.55,2515,653,3.85,30.64%,35.57%,-0.310181,2026-07-31
RDDT,140.67,2026-09-18,48,Call,140.00,+0.48%,13.85,14.28,14.9,519,135,3.84,69.71%,67.76%,0.564406,2026-07-31
CRCL,62.61,2026-08-14,13,Put,55.00,-12.15%,1.79,1.89,2.04,560,146,3.84,96.05%,109.03%,-0.230177,2026-07-31
GOOGL,356.13,2026-08-07,6,Put,355.00,-0.32%,5.65,5.82,6,660,172,3.84,32.89%,35.51%,-0.4592,2026-07-31
NVDA,200.75,2026-08-07,6,Put,202.50,+0.87%,5.05,5.2,5.2,3271,851,3.84,41.38%,41.17%,-0.551968,2026-07-31
NVDA,200.75,2026-08-07,6,Put,187.50,-6.60%,0.68,0.63,0.71,16318,4255,3.84,41.38%,46.14%,-0.116656,2026-07-31
MSTR,93.28,2026-08-07,6,Put,81.00,-13.16%,0.39,0.44,0.51,2625,685,3.83,77.78%,86.01%,-0.090093,2026-07-31
CSIQ,15.08,2026-08-14,13,Call,17.00,-12.73%,0.4,0.44,0.5,506,132,3.83,97.44%,96.40%,0.287473,2026-07-31
BABA,122.25,2026-08-07,6,Put,120.00,-1.84%,1.55,1.78,1.85,678,177,3.83,47.14%,43.25%,-0.357921,2026-07-31
BE,205.81,2026-08-07,6,Call,290.00,-40.91%,0.75,0.78,0.94,508,133,3.82,126.85%,155.27%,0.052613,2026-07-31
GOOGL,356.13,2026-08-07,6,Call,370.00,-3.89%,1.93,2.03,2.1,3469,911,3.81,32.89%,36.43%,0.216835,2026-07-31
MSFT,464.72,2026-10-16,76,Call,505.00,-8.67%,10.95,11.2,12.05,743,195,3.81,30.64%,29.58%,0.306932,2026-07-31
SPCX,108.37,2027-06-17,320,Call,130.00,-19.96%,22.5,24.2,24.9,2109,554,3.81,109.71%,73.77%,0.552708,2026-07-31
MSFT,464.72,2026-10-16,76,Put,460.00,-1.02%,21.4,21.2,22.2,1250,329,3.8,30.64%,30.08%,-0.42965,2026-07-31
AMAT,507.67,2026-08-07,6,Put,460.00,-9.39%,6.85,7.95,8.55,572,151,3.79,86.85%,99.46%,-0.200212,2026-07-31
NOW,111.23,2026-08-07,6,Put,109.00,-2.00%,2.44,2.42,2.7,595,157,3.79,59.95%,63.94%,-0.384295,2026-07-31
CRCL,62.61,2026-08-07,6,Call,69.00,-10.21%,1.78,1.93,2.07,663,175,3.79,96.05%,130.67%,0.311063,2026-07-31
MSFT,464.72,2026-08-05,4,Call,465.00,-0.06%,6.25,6.8,7.2,1556,411,3.79,30.64%,35.00%,0.504106,2026-07-31
MU,823.03,2026-08-07,6,Call,970.00,-17.86%,7.5,7.98,8.1,628,166,3.78,91.94%,110.68%,0.139422,2026-07-31
HOOD,86.56,2026-08-07,6,Call,102.00,-17.84%,0.19,0.2,0.2,782,207,3.78,68.51%,77.54%,0.055327,2026-07-31
META,556.71,2026-08-05,4,Call,595.00,-6.88%,0.95,0.99,1.19,505,134,3.77,38.93%,45.94%,0.088211,2026-07-31
RIVN,15.22,2026-08-07,6,Call,15.00,+1.45%,0.58,0.68,0.64,694,184,3.77,62.92%,63.05%,0.590156,2026-07-31
BABA,122.25,2026-08-07,6,Call,123.00,-0.61%,2.42,2.56,2.66,1596,423,3.77,47.14%,46.21%,0.470756,2026-07-31
JOBY,7.15,2026-09-18,48,Call,8.00,-11.89%,0.51,0.56,0.58,1865,495,3.77,87.40%,82.04%,0.415855,2026-07-31
C,132.45,2026-09-18,48,Call,72.50,+45.26%,59.5,60.35,62.1,2250,597,3.77,30.39%,103.00%,0.962857,2026-07-31
BA,216.14,2026-08-07,6,Put,207.50,-4.00%,0.98,1.1,1.23,913,243,3.76,34.45%,37.27%,-0.190008,2026-07-31
MU,823.03,2026-08-03,2,Call,910.00,-10.57%,1.81,2.1,2.1,1109,295,3.76,91.94%,93.32%,0.078251,2026-07-31
NOW,111.23,2026-08-07,6,Call,111.00,+0.21%,3.7,3.9,4.1,1510,402,3.76,59.95%,66.02%,0.529427,2026-07-31
LMT,582.74,2026-08-21,20,Call,610.00,-4.68%,5.5,6.1,6.4,559,149,3.75,28.60%,28.57%,0.260852,2026-07-31
VRT,241.57,2026-08-07,6,Call,260.00,-7.63%,3.6,3.98,4.4,615,164,3.75,69.52%,83.98%,0.266396,2026-07-31
TSLA,311.21,2026-08-05,4,Put,290.00,-6.82%,0.65,0.67,0.69,1272,340,3.74,45.64%,50.69%,-0.086319,2026-07-31
TSLA,311.21,2026-08-05,4,Put,270.00,-13.24%,0.14,0.15,0.16,2791,747,3.74,45.64%,66.40%,-0.018602,2026-07-31
NBIS,190.41,2026-08-07,6,Put,120.00,-36.98%,0.36,0.45,0.5,4093,1097,3.73,137.11%,191.74%,-0.022578,2026-07-31
MCD,270.64,2026-08-28,27,Call,290.00,-7.15%,1.88,2.08,2.62,519,139,3.73,26.71%,28.52%,0.199167,2026-07-31
MU,823.03,2026-08-03,2,Put,675.00,-17.99%,0.45,0.42,0.6,637,171,3.73,91.94%,130.39%,-0.017678,2026-07-31
SPCX,108.37,2026-08-07,6,Put,94.00,-13.26%,3,3,3.1,1481,397,3.73,109.71%,162.03%,-0.214389,2026-07-31
INTC,90.2,2026-08-03,2,Call,97.00,-7.54%,0.33,0.39,0.43,1695,454,3.73,83.34%,86.15%,0.134499,2026-07-31
CIFR,22.32,2026-08-07,6,Put,22.00,-1.43%,1.63,1.72,1.87,900,242,3.72,124.32%,169.00%,-0.429661,2026-07-31
MU,823.03,2026-08-03,2,Put,770.00,-6.44%,5.8,6,6.35,1202,323,3.72,91.94%,101.17%,-0.176375,2026-07-31
C,132.45,2026-12-18,139,Call,45.00,+66.02%,87,87.95,89.2,1725,464,3.72,30.39%,100.22%,0.978086,2026-07-31
COIN,146.26,2026-08-07,6,Put,130.00,-11.12%,0.83,0.96,1.07,2371,638,3.72,71.54%,82.18%,-0.119709,2026-07-31
UNH,414.4,2026-08-14,13,Call,440.00,-6.18%,1.21,1.53,1.65,708,191,3.71,28.35%,27.75%,0.13365,2026-07-31
ORCL,129.87,2026-08-07,6,Put,128.00,-1.44%,3.3,3.5,3.7,731,197,3.71,69.81%,66.59%,-0.414421,2026-07-31
JD,33.01,2026-08-07,6,Put,32.50,-1.54%,0.34,0.35,0.43,1317,355,3.71,38.94%,35.26%,-0.366445,2026-07-31
CRWV,71.77,2027-03-19,230,Call,110.00,-53.27%,11.8,11.9,12.05,2114,570,3.71,111.10%,94.76%,0.437126,2026-07-31
KHC,25.85,2026-08-21,20,Call,27.00,-4.45%,0.4,0.47,0.5,799,216,3.7,34.35%,37.46%,0.319932,2026-07-31
INTC,90.2,2026-08-03,2,Put,89.00,-1.33%,1.65,1.68,1.78,1616,437,3.7,83.34%,85.83%,-0.403275,2026-07-31
RIOT,20.17,2026-08-14,13,Put,17.00,-15.72%,0.49,0.5,0.63,609,165,3.69,108.29%,122.10%,-0.194267,2026-07-31
TSLA,311.21,2026-08-07,6,Put,310.00,-0.39%,7.1,7.15,7.25,5500,1489,3.69,45.64%,49.39%,-0.459846,2026-07-31
COIN,146.26,2026-11-20,111,Call,160.00,-9.39%,18.15,20.13,20.1,803,218,3.68,71.54%,74.05%,0.505152,2026-07-31
SKHY,143.73,2026-08-07,6,Put,140.00,-2.60%,7.7,8.1,8.6,1862,506,3.68,114.69%,137.16%,-0.405056,2026-07-31
MU,823.03,2026-08-07,6,Put,675.00,-17.99%,5.6,5.59,6.05,578,158,3.66,91.94%,123.14%,-0.090398,2026-07-31
MCHP,74.29,2026-09-18,48,Call,72.50,+2.41%,7.9,8.9,8.4,974,266,3.66,73.36%,67.84%,0.588753,2026-07-31
BRK.B,511.54,2026-08-07,6,Call,520.00,-1.65%,1.03,2,2.29,2461,673,3.66,16.09%,17.60%,0.245267,2026-07-31
MU,823.03,2026-08-07,6,Call,"1,000.00",-21.50%,5.1,5.1,5.2,10137,2771,3.66,91.94%,111.23%,0.098455,2026-07-31
CRDO,206.99,2026-08-21,20,Put,160.00,-22.70%,4.3,4.8,5.1,2011,552,3.64,115.96%,118.30%,-0.141224,2026-07-31
MU,823.03,2026-08-03,2,Put,880.00,+6.92%,59,58,64.9,966,266,3.63,91.94%,92.70%,-0.826444,2026-07-31
SCHW,105.24,2026-10-16,76,Put,110.00,+4.52%,7.2,7.45,7.7,604,167,3.62,24.12%,25.71%,-0.615315,2026-07-31
AMZN,271.58,2026-08-03,2,Put,275.00,+1.26%,5.3,5.75,5.7,2199,607,3.62,32.32%,44.15%,-0.641433,2026-07-31
PLTR,123.06,2026-08-21,20,Put,70.00,-43.12%,0.09,0.13,0.14,3390,937,3.62,67.71%,109.78%,-0.009879,2026-07-31
IREN,36.8,2026-08-07,6,Call,37.00,-0.54%,2.39,2.5,2.6,2817,781,3.61,122.62%,137.08%,0.52409,2026-07-31
SKHY,143.73,2026-08-07,6,Call,160.00,-11.32%,4,4.15,4.3,5002,1387,3.61,114.69%,132.61%,0.293805,2026-07-31
AMZN,271.58,2026-08-07,6,Call,285.00,-4.94%,1.38,1.4,1.49,15310,4239,3.61,32.32%,40.83%,0.188346,2026-07-31
ASTS,58.98,2026-08-07,6,Call,66.00,-11.90%,1.02,1.12,1.2,2194,607,3.61,112.13%,111.77%,0.239151,2026-07-31
HXL,102.95,2026-08-21,20,Call,95.00,+7.72%,8.2,9.02,11.1,2270,629,3.61,38.30%,48.62%,0.781192,2026-07-31
MSFT,464.72,2026-08-28,27,Put,450.00,-3.17%,8.7,9,9.6,535,149,3.59,30.64%,31.73%,-0.331076,2026-07-31
C,132.45,2026-12-18,139,Call,42.50,+67.91%,89.25,90.3,91.55,680,190,3.58,30.39%,99.59%,0.982716,2026-07-31
INTC,90.2,2026-08-07,6,Call,93.00,-3.10%,3.15,3.6,3.45,1560,436,3.58,83.34%,97.10%,0.428816,2026-07-31
AMD,476.15,2026-08-03,2,Call,490.00,-2.91%,4.7,5,5.25,2138,597,3.58,78.82%,73.22%,0.309131,2026-07-31
MRVL,187.56,2026-08-07,6,Call,240.00,-27.96%,0.35,0.4,0.46,2487,695,3.58,93.95%,106.19%,0.041059,2026-07-31
TSLA,311.21,2026-08-05,4,Call,307.50,+1.19%,8.1,8.43,8.55,2487,694,3.58,45.64%,48.18%,0.606782,2026-07-31
AMZN,271.58,2026-08-07,6,Call,305.00,-12.31%,0.09,0.1,0.12,1100,308,3.57,32.32%,43.04%,0.019481,2026-07-31
AMZN,271.58,2026-08-21,20,Put,252.50,-7.03%,1.88,1.91,2.13,1419,398,3.57,32.32%,34.36%,-0.166506,2026-07-31
FRMI,5.69,2026-08-07,6,Call,7.50,-31.81%,0.1,0.11,0.15,9886,2769,3.57,145.97%,202.60%,0.175877,2026-07-31
MSFT,464.72,2026-10-16,76,Call,500.00,-7.59%,12.5,13.15,13,19486,5454,3.57,30.64%,29.44%,0.332281,2026-07-31
AMD,476.15,2026-08-03,2,Put,410.00,-13.89%,0.27,0.34,0.46,576,162,3.56,78.82%,105.53%,-0.025226,2026-07-31
SPCX,108.37,2026-08-07,6,Put,76.00,-29.87%,0.3,0.33,0.4,691,194,3.56,109.71%,163.44%,-0.035881,2026-07-31
SLB,49.59,2026-08-07,6,Call,52.00,-4.86%,0.16,0.18,0.22,800,225,3.56,32.04%,36.22%,0.160014,2026-07-31
SNOW,293.28,2026-08-07,6,Call,320.00,-9.11%,1.8,1.89,2.13,1191,335,3.56,65.91%,64.93%,0.158951,2026-07-31
MSFT,464.72,2027-01-15,167,Put,395.00,-15.00%,11.75,12,12.55,1585,445,3.56,30.64%,33.59%,-0.188422,2026-07-31
AMZN,271.58,2026-08-28,27,Call,300.00,-10.46%,1.6,1.76,1.86,2217,623,3.56,32.32%,32.42%,0.145891,2026-07-31
SNDK,1214.83,2026-08-07,6,Put,700.00,-42.38%,1.85,2.14,2.5,816,230,3.55,133.72%,215.66%,-0.016424,2026-07-31
AVGO,389.28,2026-08-07,6,Call,390.00,-0.18%,10.45,10.85,11.35,958,270,3.55,52.14%,56.05%,0.506722,2026-07-31
META,556.71,2026-08-03,2,Put,530.00,-4.80%,0.28,0.3,0.38,1007,284,3.55,38.93%,40.26%,-0.047443,2026-07-31
DHR,194.98,2026-08-07,6,Call,210.00,-7.70%,0.1,0.17,0.5,556,157,3.54,32.92%,38.60%,0.071375,2026-07-31
AAPL,308.91,2026-09-04,34,Put,280.00,-9.36%,1.58,1.76,2,796,225,3.54,27.30%,29.81%,-0.12368,2026-07-31
CHWY,22.6,2026-08-21,20,Put,20.50,-9.29%,0.29,0.32,0.45,1001,283,3.54,55.63%,56.38%,-0.20657,2026-07-31
AMD,476.15,2026-08-03,2,Call,520.00,-9.21%,0.6,0.8,0.73,2105,595,3.54,78.82%,74.93%,0.059733,2026-07-31
SWKS,62.28,2026-08-21,20,Put,52.50,-15.70%,0.45,0.5,0.6,3333,947,3.52,58.06%,63.32%,-0.110284,2026-07-31
AAPL,308.91,2026-08-14,13,Call,320.00,-3.59%,2.6,2.91,3.05,3827,1088,3.52,27.30%,29.17%,0.276864,2026-07-31
MRNA,54.82,2026-10-16,76,Put,35.00,-36.15%,1.02,1.02,1.3,1112,316,3.52,84.18%,89.29%,-0.093059,2026-07-31
MU,823.03,2026-08-05,4,Put,700.00,-14.95%,4.2,4.55,4.7,624,178,3.51,91.94%,120.28%,-0.088221,2026-07-31
MSTR,93.28,2026-08-07,6,Put,92.00,-1.37%,3,3.13,3.35,950,271,3.51,77.78%,80.31%,-0.42446,2026-07-31
MU,823.03,2026-08-03,2,Call,950.00,-15.43%,0.55,0.62,0.62,5228,1488,3.51,91.94%,98.07%,0.026357,2026-07-31
AMZN,271.58,2026-08-28,27,Call,305.00,-12.31%,0.98,1.2,1.32,501,143,3.5,32.32%,32.13%,0.105,2026-07-31
BABA,122.25,2026-08-14,13,Put,114.00,-6.75%,0.99,1.18,1.14,843,241,3.5,47.14%,43.59%,-0.18605,2026-07-31
BA,216.14,2026-08-07,6,Put,210.00,-2.84%,1.45,1.65,1.97,1857,531,3.5,34.45%,37.29%,-0.265372,2026-07-31
XYZ,81.24,2026-08-07,6,Call,89.00,-9.55%,1.34,1.45,1.5,709,203,3.49,57.84%,96.50%,0.251179,2026-07-31
AAPL,308.91,2026-08-03,2,Put,310.00,+0.35%,3.05,3.85,4.15,6918,1985,3.49,27.30%,33.39%,-0.549534,2026-07-31
GOOGL,356.13,2026-08-07,6,Call,360.00,-1.09%,4.55,4.8,5.1,8088,2324,3.48,32.89%,35.48%,0.419688,2026-07-31
MU,823.03,2026-08-05,4,Call,940.00,-14.21%,5.15,5.7,5.75,599,172,3.48,91.94%,105.51%,0.126228,2026-07-31
ASST,11.11,2026-09-18,48,Call,11.00,+0.99%,1.55,1.63,1.88,988,284,3.48,97.08%,102.89%,0.589514,2026-07-31
NFLX,71.71,2026-09-18,48,Put,100.00,+39.45%,26.6,28.43,28.95,1935,556,3.48,35.34%,56.06%,-0.951019,2026-07-31
STLA,5.76,2026-08-14,13,Call,6.50,-12.85%,0,0.1,0.05,600,173,3.47,51.41%,48.44%,0.103388,2026-07-31
NVDA,200.75,2026-08-03,2,Call,182.50,+9.09%,17.25,19.25,20.7,715,206,3.47,41.38%,101.42%,0.904782,2026-07-31
ORCL,129.87,2026-09-04,34,Call,150.00,-15.50%,3.45,3.75,3.95,805,232,3.47,69.81%,64.01%,0.264084,2026-07-31
INTC,90.2,2026-08-28,27,Put,60.00,-33.48%,0.42,0.45,0.58,1754,506,3.47,83.34%,97.02%,-0.045991,2026-07-31
META,556.71,2026-08-07,6,Call,580.00,-4.18%,4.35,4.5,4.65,1206,349,3.46,38.93%,44.24%,0.246677,2026-07-31
TSLA,311.21,2026-08-21,20,Put,292.50,-6.01%,5.65,5.7,5.75,556,161,3.45,45.64%,46.69%,-0.261794,2026-07-31
SPCX,108.37,2026-08-14,13,Call,165.00,-52.26%,1.75,1.9,1.85,1734,502,3.45,109.71%,167.38%,0.121231,2026-07-31
OXY,57.07,2026-08-07,6,Call,60.00,-5.13%,0.58,0.6,0.6,8765,2539,3.45,39.03%,55.28%,0.252383,2026-07-31
AMZN,271.58,2026-08-07,6,Call,270.00,+0.58%,6.35,6.42,6.65,19924,5795,3.44,32.32%,40.35%,0.559698,2026-07-31
MU,823.03,2026-08-07,6,Call,820.00,+0.37%,47.95,49,50.55,885,257,3.44,91.94%,113.12%,0.540608,2026-07-31
HPE,47.9,2026-08-07,6,Call,54.00,-12.73%,0.18,0.28,0.4,906,264,3.43,79.76%,78.14%,0.126609,2026-07-31
RDDT,140.67,2026-08-07,6,Call,180.00,-27.96%,0.08,0.21,0.34,1012,295,3.43,69.71%,99.62%,0.03133,2026-07-31
IREN,36.8,2026-08-07,6,Call,37.50,-1.90%,2.15,2.24,2.39,1597,466,3.43,122.62%,136.78%,0.493463,2026-07-31
ZVRA,9.51,2027-12-17,503,Put,12.00,+26.18%,3.5,4.2,5.2,1070,313,3.42,107.76%,68.03%,-0.450891,2026-07-31
RIVN,15.22,2026-08-07,6,Call,16.00,-5.12%,0.22,0.23,0.25,6029,1764,3.42,62.92%,66.96%,0.297225,2026-07-31
MRVL,187.56,2026-08-07,6,Put,180.00,-4.03%,6.3,6.39,6.65,3835,1125,3.41,93.95%,104.71%,-0.35298,2026-07-31
MU,823.03,2026-08-03,2,Call,"1,010.00",-22.72%,0.07,0.23,0.26,545,160,3.41,91.94%,111.75%,0.007541,2026-07-31
GOOG,356.65,2026-08-07,6,Put,340.00,-4.67%,1.16,1.24,1.34,1354,397,3.41,32.53%,36.26%,-0.143983,2026-07-31
DPZ,347.44,2026-08-21,20,Put,310.00,-10.78%,1,1.13,1.25,1106,326,3.39,34.70%,36.19%,-0.081206,2026-07-31
AMZN,271.58,2026-08-07,6,Call,290.00,-6.78%,0.68,0.73,0.78,10881,3224,3.38,32.32%,40.45%,0.109711,2026-07-31
TSM,404.25,2026-08-07,6,Put,405.00,+0.19%,10.55,10.6,11.35,574,170,3.38,48.41%,51.52%,-0.4957,2026-07-31
AMD,476.15,2026-08-03,2,Call,540.00,-13.41%,0.15,0.25,0.25,1112,330,3.37,78.82%,81.04%,0.019498,2026-07-31
FOUR,53,2026-08-21,20,Put,50.00,-5.66%,2.35,2.61,3,868,258,3.36,74.19%,84.08%,-0.343485,2026-07-31
NIO,4.88,2026-08-28,27,Put,5.50,+12.70%,0.6,0.75,0.81,1661,494,3.36,59.47%,55.27%,-0.763031,2026-07-31
AAPL,308.91,2026-08-07,6,Call,327.50,-6.02%,0.66,0.89,1.01,1749,520,3.36,27.30%,37.31%,0.117671,2026-07-31
IOVA,4.07,2026-12-18,139,Put,4.00,-1.72%,0.85,0.95,1.65,1771,527,3.36,119.09%,136.49%,-0.325272,2026-07-31
TSLA,311.21,2026-08-03,2,Call,322.50,-3.63%,0.58,0.59,0.61,4300,1280,3.36,45.64%,41.39%,0.126881,2026-07-31
AMD,476.15,2026-08-03,2,Call,500.00,-5.01%,2.63,2.67,3,3344,998,3.35,78.82%,74.77%,0.197139,2026-07-31
RIOT,20.17,2026-12-18,139,Call,19.00,+5.80%,5.05,5.71,5.8,502,150,3.35,108.29%,99.03%,0.665436,2026-07-31
IREN,36.8,2026-08-07,6,Call,36.50,+0.82%,2.59,2.67,3.1,647,193,3.35,122.62%,143.27%,0.555535,2026-07-31
MU,823.03,2026-08-03,2,Call,945.00,-14.82%,0.57,0.71,0.8,759,227,3.34,91.94%,97.57%,0.030429,2026-07-31
MSFT,464.72,2026-08-05,4,Put,445.00,-4.24%,1.36,1.5,1.7,801,240,3.34,30.64%,40.61%,-0.147321,2026-07-31
AAPL,308.91,2026-08-28,27,Put,275.00,-10.98%,0.87,0.94,1.12,1033,309,3.34,27.30%,31.89%,-0.079272,2026-07-31
BP,45.22,2026-08-21,20,Put,43.50,-3.80%,0.9,1.26,0.99,1068,320,3.34,34.00%,40.14%,-0.323453,2026-07-31
COIN,146.26,2026-08-07,6,Put,145.00,-0.86%,4.8,5.05,5.45,1296,388,3.34,71.54%,77.50%,-0.443669,2026-07-31
RKT,12.9,2027-03-19,230,Call,13.00,-0.78%,2.48,2.64,2.93,1688,505,3.34,69.14%,64.71%,0.614379,2026-07-31
PAA,24.57,2027-02-19,202,Call,26.00,-5.82%,0.75,0.8,0.85,996,299,3.33,22.17%,20.48%,0.346783,2026-07-31
AMZN,271.58,2026-11-20,111,Call,310.00,-14.15%,8.7,9.1,9.3,5389,1617,3.33,32.32%,35.01%,0.298676,2026-07-31
KLAR,18.94,2026-08-07,6,Call,19.00,-0.32%,0.55,0.58,0.65,996,300,3.32,81.68%,64.35%,0.504047,2026-07-31
V,366.13,2026-09-18,48,Call,390.00,-6.52%,4.15,4.4,4.55,1975,594,3.32,23.16%,22.86%,0.250128,2026-07-31
LRCX,293.02,2026-08-07,6,Call,330.00,-12.62%,3.2,3.99,4.3,623,188,3.31,84.48%,99.19%,0.193005,2026-07-31
CIFR,22.32,2026-08-07,6,Put,19.00,-14.87%,0.59,0.63,0.71,808,244,3.31,124.32%,176.80%,-0.204341,2026-07-31
AMZN,271.58,2026-08-03,2,Call,200.00,+26.36%,70.85,72.2,73.3,924,279,3.31,32.32%,221.18%,0.97451,2026-07-31
VRT,241.57,2026-08-07,6,Call,250.00,-3.49%,6.55,7,7.95,1087,328,3.31,69.52%,86.75%,0.402196,2026-07-31
CIFR,22.32,2026-10-16,76,Call,40.00,-79.21%,0.94,1.2,1.53,1131,342,3.31,124.32%,121.13%,0.222048,2026-07-31
NFLX,71.71,2026-08-14,13,Call,74.00,-3.19%,1.08,1.1,1.13,4896,1481,3.31,35.34%,36.77%,0.344674,2026-07-31
TWST,91.55,2026-08-21,20,Put,75.00,-18.08%,2,3.08,4.6,1008,305,3.3,98.64%,121.45%,-0.197731,2026-07-31
MSFT,464.72,2026-08-03,2,Call,447.50,+3.71%,17,18.27,19.45,556,169,3.29,30.64%,44.57%,0.878109,2026-07-31
UAMY,5.07,2026-09-18,48,Call,7.50,-47.93%,0.15,0.25,0.3,534,163,3.28,111.80%,112.01%,0.226924,2026-07-31
BE,205.81,2026-08-07,6,Call,270.00,-31.19%,1.39,1.69,2.04,1297,395,3.28,126.85%,151.97%,0.098029,2026-07-31
AMAT,507.67,2027-06-17,320,Put,360.00,-29.09%,48,51.93,56,500,153,3.27,86.85%,73.36%,-0.188911,2026-07-31
REPL,11.2,2026-08-07,6,Put,11.00,-1.79%,2,2.15,2.2,529,162,3.27,228.95%,391.94%,-0.386652,2026-07-31
META,556.71,2026-08-14,13,Call,600.00,-7.78%,4,4.15,4.35,1432,438,3.27,38.93%,41.39%,0.182708,2026-07-31
XOM,155.44,2026-08-21,20,Call,172.50,-10.98%,0.31,0.42,0.5,573,176,3.26,30.19%,30.92%,0.081406,2026-07-31
MDB,337.48,2026-09-18,48,Call,350.00,-3.71%,33.95,34.15,36.05,1008,309,3.26,76.30%,81.30%,0.516099,2026-07-31
IBM,223.65,2026-08-07,6,Put,207.50,-7.22%,0.42,0.54,0.62,1096,336,3.26,41.65%,44.04%,-0.087275,2026-07-31
TSLA,311.21,2026-08-05,4,Put,302.50,-2.80%,2.75,2.76,2.81,1875,575,3.26,45.64%,48.56%,-0.277328,2026-07-31
TSLA,311.21,2026-08-03,2,Call,327.50,-5.23%,0.24,0.25,0.26,3358,1029,3.26,45.64%,43.44%,0.058879,2026-07-31
JD,33.01,2026-08-21,20,Call,35.00,-6.03%,0.58,0.58,0.64,3432,1053,3.26,38.94%,45.00%,0.294177,2026-07-31
PLTR,123.06,2027-02-19,202,Put,110.00,-10.61%,13,13.2,13.25,1005,309,3.25,67.71%,58.24%,-0.303669,2026-07-31
KDP,31.12,2026-08-21,20,Call,34.00,-9.25%,0.1,0.15,0.3,746,230,3.24,34.87%,35.50%,0.15386,2026-07-31
MP,41.37,2026-12-18,139,Call,45.00,-8.77%,5.55,5.95,6.45,997,308,3.24,74.05%,70.65%,0.523394,2026-07-31
OHI,50.63,2026-08-21,20,Call,46.00,+9.14%,3.7,4.3,5.8,1880,581,3.24,23.67%,30.96%,0.914112,2026-07-31
NBIS,190.41,2026-08-28,27,Put,110.00,-42.23%,2.14,2.52,2.81,571,177,3.23,137.11%,151.65%,-0.06147,2026-07-31
TWO,12.09,2026-08-21,20,Put,13.00,+7.53%,0.95,0.95,1.05,1132,351,3.23,7.87%,27.35%,-0.872242,2026-07-31
SNAP,4.69,2026-08-07,6,Call,4.00,+14.71%,0.76,0.78,0.79,2199,681,3.23,80.44%,142.21%,0.833319,2026-07-31
DKL,60.31,2026-08-21,20,Call,55.00,+8.80%,4.7,5.3,5.9,4605,1429,3.22,25.85%,23.40%,0.972488,2026-07-31
GOOG,356.65,2026-08-07,6,Call,375.00,-5.15%,1.18,1.23,1.41,2835,882,3.21,32.53%,36.74%,0.151544,2026-07-31
SCHW,105.24,2026-08-21,20,Put,105.00,-0.23%,2.13,2.07,2.32,826,257,3.21,24.12%,24.49%,-0.46538,2026-07-31
NVDA,200.75,2026-08-12,11,Put,192.50,-4.11%,2.26,2.34,2.38,968,302,3.21,41.38%,40.72%,-0.260824,2026-07-31
VRT,241.57,2026-08-07,6,Put,220.00,-8.93%,2.3,2.65,3,1418,442,3.21,69.52%,84.44%,-0.178013,2026-07-31
AVGO,389.28,2026-08-03,2,Put,370.00,-4.95%,0.46,0.64,0.89,1226,383,3.2,52.14%,52.90%,-0.093298,2026-07-31
FIG,24.32,2026-08-07,6,Call,28.50,-17.19%,0.5,0.86,0.94,527,165,3.19,106.76%,163.83%,0.258709,2026-07-31
RIVN,15.22,2026-08-14,13,Call,18.50,-21.55%,0.08,0.11,0.16,594,186,3.19,62.92%,80.18%,0.113975,2026-07-31
NVDA,200.75,2026-08-07,6,Put,197.50,-1.62%,2.81,2.85,2.9,6859,2153,3.19,41.38%,42.45%,-0.36873,2026-07-31
PLTR,123.06,2026-08-14,13,Call,155.00,-25.95%,0.73,0.78,0.81,3084,971,3.18,67.71%,85.33%,0.089418,2026-07-31
PLTR,123.06,2026-08-07,6,Put,121.00,-1.67%,5.8,5.9,6,931,293,3.18,67.71%,110.84%,-0.423347,2026-07-31
ZM,96.07,2026-08-14,13,Call,97.00,-0.97%,2.46,2.68,3.2,507,160,3.17,48.25%,44.30%,0.476876,2026-07-31
RDDT,140.67,2026-08-21,20,Put,105.00,-25.36%,0.15,0.41,0.55,1035,326,3.17,69.71%,72.67%,-0.034745,2026-07-31
MU,823.03,2026-08-03,2,Call,940.00,-14.21%,0.75,0.78,0.86,1147,362,3.17,91.94%,97.14%,0.035197,2026-07-31
AMZN,271.58,2026-09-18,48,Put,265.00,-2.42%,8.65,8.65,9,2167,684,3.17,32.32%,31.77%,-0.380542,2026-07-31
INTC,90.2,2027-01-15,167,Call,110.00,-21.95%,12.65,13.8,13.5,18700,5900,3.17,83.34%,79.35%,0.469572,2026-07-31
RIVN,15.22,2026-08-28,27,Call,16.00,-5.12%,0.69,0.76,0.79,588,186,3.16,62.92%,63.25%,0.425074,2026-07-31
GOOG,356.65,2026-08-07,6,Put,345.00,-3.27%,1.94,2.12,2.2,1165,369,3.16,32.53%,35.08%,-0.220083,2026-07-31
NOW,111.23,2026-08-07,6,Put,110.00,-1.11%,2.86,2.84,3.2,1280,405,3.16,59.95%,64.34%,-0.427777,2026-07-31
CRWD,190.86,2026-08-07,6,Call,195.00,-2.17%,4.3,4.4,4.55,1584,501,3.16,62.76%,63.19%,0.414078,2026-07-31
MSTR,93.28,2026-08-07,6,Put,87.00,-6.73%,1.28,1.28,1.54,752,239,3.15,77.78%,81.56%,-0.234546,2026-07-31
NFLX,71.71,2028-06-16,685,Call,40.00,+44.22%,36.05,37.65,39.7,565,180,3.14,35.34%,51.14%,0.9019,2026-07-31
AMZN,271.58,2026-08-28,27,Call,295.00,-8.62%,2.27,2.4,2.6,1342,428,3.14,32.32%,32.26%,0.192612,2026-07-31
MDB,337.48,2026-08-21,20,Call,320.00,+5.18%,27.35,30.59,34.9,1500,478,3.14,76.30%,67.99%,0.665052,2026-07-31
TSLA,311.21,2026-08-03,2,Put,295.00,-5.21%,0.18,0.18,0.19,5462,1738,3.14,45.64%,43.12%,-0.044792,2026-07-31
MSTR,93.28,2026-08-07,6,Call,92.00,+1.37%,4.35,4.8,4.75,964,308,3.13,77.78%,81.23%,0.575541,2026-07-31
SPCX,108.37,2026-08-21,20,Call,355.00,-227.58%,0.35,0.4,0.45,627,201,3.12,109.71%,223.06%,0.022361,2026-07-31
GLW,138.25,2026-08-07,6,Call,155.00,-12.12%,1.28,1.5,1.55,636,204,3.12,80.36%,89.45%,0.174628,2026-07-31
AMZN,271.58,2026-08-03,2,Put,282.50,+4.02%,11.25,10.85,12.05,1601,513,3.12,32.32%,50.31%,-0.850621,2026-07-31
NVDA,200.75,2026-08-07,6,Call,185.00,+7.85%,15.95,16.75,16.55,7800,2499,3.12,41.38%,45.57%,0.924516,2026-07-31
SPCX,108.37,2026-08-07,6,Put,108.00,-0.34%,8.8,8.9,9,2576,828,3.11,109.71%,165.02%,-0.450566,2026-07-31
MRVL,187.56,2026-08-07,6,Call,250.00,-33.29%,0.2,0.22,0.3,3149,1011,3.11,93.95%,110.93%,0.025882,2026-07-31
APH,160.7,2026-08-21,20,Put,165.00,+2.68%,9.7,9.6,11.3,523,168,3.11,52.94%,54.73%,-0.552684,2026-07-31
C,132.45,2026-08-21,20,Call,115.00,+13.17%,16.8,18.31,18.05,2253,725,3.11,30.39%,49.61%,0.899412,2026-07-31
SNOW,293.28,2026-08-07,6,Put,280.00,-4.53%,4.5,4.7,5,592,191,3.1,65.91%,68.76%,-0.282417,2026-07-31
CRH,95.01,2026-09-18,48,Put,97.50,+2.62%,5.9,5.9,6.6,1006,324,3.1,36.93%,36.32%,-0.54555,2026-07-31
GOOG,356.65,2026-08-14,13,Put,330.00,-7.47%,1.24,1.3,1.41,1010,326,3.1,32.53%,35.28%,-0.111923,2026-07-31
SNOW,293.28,2026-08-07,6,Call,310.00,-5.70%,3.15,3.85,4.5,1335,431,3.1,65.91%,64.81%,0.268082,2026-07-31
UUUU,11.44,2026-09-18,48,Call,12.00,-4.90%,1.13,1.26,1.25,2180,703,3.1,87.36%,84.71%,0.505531,2026-07-31
SPCX,108.37,2026-08-14,13,Put,60.00,-44.63%,0.1,0.15,0.15,2669,861,3.1,109.71%,146.13%,-0.011134,2026-07-31
SKHY,143.73,2026-08-07,6,Put,139.00,-3.29%,7.3,7.71,8,526,170,3.09,114.69%,136.68%,-0.389186,2026-07-31
WU,6.36,2027-01-15,167,Put,6.00,-5.66%,0.65,0.75,0.8,624,202,3.09,50.91%,47.83%,-0.394521,2026-07-31
RIVN,15.22,2026-08-07,6,Put,14.50,-4.73%,0.18,0.18,0.2,1593,515,3.09,62.92%,61.40%,-0.254077,2026-07-31
AMZN,271.58,2026-08-14,13,Put,255.00,-6.11%,1.52,1.65,1.77,708,230,3.08,32.32%,35.95%,-0.163619,2026-07-31
META,556.71,2026-08-21,20,Call,545.00,+2.10%,26.7,28.55,28.35,1261,409,3.08,38.93%,40.04%,0.615006,2026-07-31
RDDT,140.67,2026-08-07,6,Put,140.00,-0.48%,4.55,5.17,5.4,1268,412,3.08,69.71%,74.43%,-0.45905,2026-07-31
TSLA,311.21,2026-08-07,6,Call,307.50,+1.19%,9.8,10.2,10,2816,917,3.07,45.64%,49.31%,0.59125,2026-07-31
AAPL,308.91,2026-08-10,9,Put,300.00,-2.88%,2.31,2.32,2.9,501,163,3.07,27.30%,32.09%,-0.267568,2026-07-31
LLY,1148.84,2026-08-07,6,Put,"1,140.00",-0.77%,33,38.7,42,724,236,3.07,43.94%,71.81%,-0.446511,2026-07-31
NOW,111.23,2026-08-14,13,Call,118.00,-6.09%,2.58,2.73,2.88,521,170,3.06,59.95%,62.75%,0.334018,2026-07-31
META,556.71,2026-08-14,13,Call,550.00,+1.21%,20.15,20.68,21,566,185,3.06,38.93%,39.99%,0.584564,2026-07-31
EPD,38.05,2026-08-07,6,Put,38.00,-0.13%,0.21,0.55,0.49,674,220,3.06,20.04%,18.96%,-0.478507,2026-07-31
GOOGL,356.13,2026-08-07,6,Put,345.00,-3.13%,2.22,2.28,2.42,1161,380,3.06,32.89%,36.04%,-0.235431,2026-07-31
MSFT,464.72,2026-08-21,20,Put,465.00,+0.06%,12.8,13.15,13.95,1180,385,3.06,30.64%,31.25%,-0.482087,2026-07-31
TSLA,311.21,2026-08-10,9,Call,350.00,-12.46%,0.76,0.78,0.81,1378,451,3.06,45.64%,49.99%,0.074109,2026-07-31
AAPL,308.91,2026-08-14,13,Put,270.00,-12.60%,0.18,0.28,0.34,702,230,3.05,27.30%,38.71%,-0.029099,2026-07-31
MSTR,93.28,2026-08-07,6,Put,93.00,-0.30%,3.45,3.6,3.8,1006,330,3.05,77.78%,79.55%,-0.46605,2026-07-31
MRVL,187.56,2026-11-20,111,Call,290.00,-54.62%,11.35,12.67,12.45,1366,448,3.05,93.95%,88.82%,0.266924,2026-07-31
SKHY,143.73,2026-09-18,48,Call,150.00,-4.36%,20.2,21.15,21.6,3738,1231,3.04,114.69%,111.97%,0.543743,2026-07-31
TSLA,311.21,2026-08-07,6,Put,290.00,-6.82%,1.31,1.33,1.35,6319,2081,3.04,45.64%,50.41%,-0.128626,2026-07-31
AVGO,389.28,2026-08-03,2,Call,402.50,-3.40%,1.11,1.25,1.36,542,178,3.04,52.14%,46.82%,0.173167,2026-07-31
WBD,26.3,2028-09-15,776,Call,32.00,-21.67%,0.1,0.1,0.15,688,226,3.04,34.54%,5.92%,0.116658,2026-07-31
CRWV,71.77,2026-08-07,6,Put,72.00,+0.32%,3.95,3.97,4.25,645,213,3.03,111.10%,109.00%,-0.479901,2026-07-31
AAPL,308.91,2026-08-14,13,Put,290.00,-6.12%,1.25,1.38,1.46,1233,407,3.03,27.30%,32.19%,-0.138362,2026-07-31
META,556.71,2026-08-03,2,Call,565.00,-1.49%,2.68,3.04,3.2,1747,576,3.03,38.93%,37.39%,0.303687,2026-07-31
BA,216.14,2026-08-07,6,Call,215.00,+0.53%,4.45,5,4.8,1850,611,3.03,34.45%,36.59%,0.553793,2026-07-31
MSFT,464.72,2026-09-18,48,Put,455.00,-2.09%,14.9,14.7,15.85,505,167,3.02,30.64%,30.92%,-0.392635,2026-07-31
HPE,47.9,2026-08-14,13,Call,48.00,-0.21%,2.64,2.9,2.9,614,203,3.02,79.76%,77.67%,0.525698,2026-07-31
CRWV,71.77,2026-08-07,6,Put,68.00,-5.25%,2.21,2.37,2.45,984,326,3.02,111.10%,110.50%,-0.324419,2026-07-31
JBLU,6.03,2026-08-14,13,Call,6.50,-7.79%,0.11,0.13,0.13,998,330,3.02,62.67%,62.68%,0.286204,2026-07-31
SPCX,108.37,2026-08-14,13,Call,110.00,-1.50%,10,10.15,10.2,1857,614,3.02,109.71%,132.15%,0.527907,2026-07-31
NFLX,71.71,2026-08-21,20,Put,95.00,+32.48%,21.35,23.6,25.25,530,176,3.01,35.34%,57.59%,-0.987652,2026-07-31
MU,823.03,2026-08-03,2,Call,905.00,-9.96%,2.12,2.31,2.44,553,184,3.01,91.94%,92.86%,0.089449,2026-07-31
SGI,65.33,2026-08-21,20,Put,65.00,-0.51%,3.1,3.7,3.9,837,278,3.01,56.25%,60.95%,-0.454106,2026-07-31
AVGO,389.28,2026-08-07,6,Put,365.00,-6.24%,2.6,2.85,3.05,1284,427,3.01,52.14%,56.97%,-0.177634,2026-07-31
GOOG,356.65,2026-08-07,6,Call,390.00,-9.35%,0.26,0.35,0.34,1338,444,3.01,32.53%,39.44%,0.041683,2026-07-31
RIVN,15.22,2026-08-14,13,Call,16.00,-5.12%,0.4,0.44,0.45,1874,622,3.01,62.92%,63.38%,0.364197,2026-07-31
HL,14.12,2026-08-07,6,Put,13.00,-7.93%,0.23,0.28,0.35,2456,815,3.01,72.18%,103.53%,-0.244183,2026-07-31
NFLX,71.71,2026-09-18,48,Put,101.00,+40.85%,27.35,29.15,31.4,558,186,3,35.34%,54.97%,-0.964773,2026-07-31
NFLX,71.71,2027-01-15,167,Put,140.00,+95.23%,66.35,68.21,70.4,600,200,3,35.34%,61.43%,-0.966517,2026-07-31
ALAB,311.23,2026-08-07,6,Call,400.00,-28.52%,5,5.2,6,608,203,3,123.48%,177.65%,0.162238,2026-07-31
MSTR,93.28,2026-08-07,6,Call,112.00,-20.07%,0.23,0.25,0.29,669,223,3,77.78%,88.14%,0.059775,2026-07-31
NFLX,71.71,2026-09-18,48,Put,102.00,+42.24%,29.05,30.5,31.55,692,231,3,35.34%,50.71%,-0.987794,2026-07-31
NFLX,71.71,2026-09-18,48,Put,111.00,+54.79%,37.95,39.7,40.95,704,235,3,35.34%,70.56%,-0.955208,2026-07-31
PDD,88.56,2026-09-18,48,Put,130.00,+46.79%,40.15,41.75,42.7,732,244,3,38.77%,66.89%,-0.937755,2026-07-31
NFLX,71.71,2026-09-18,48,Put,105.00,+46.42%,31.5,33.45,35.4,743,248,3,35.34%,63.32%,-0.951879,2026-07-31
NFLX,71.71,2027-01-15,167,Put,122.00,+70.13%,48.35,50.15,52.4,750,250,3,35.34%,51.00%,-0.963914,2026-07-31
NFLX,71.71,2026-09-18,48,Put,99.00,+38.06%,26.25,27.55,28.55,759,253,3,35.34%,53.49%,-0.955564,2026-07-31
NFLX,71.71,2027-01-15,167,Put,118.00,+64.55%,44.35,46.3,48.4,786,262,3,35.34%,48.44%,-0.963001,2026-07-31
AVGO,389.28,2026-08-03,2,Call,405.00,-4.04%,0.8,0.95,1.06,794,265,3,52.14%,47.69%,0.135806,2026-07-31
CAR,137.44,2026-09-18,48,Put,330.00,+140.10%,187.2,193.2,200.2,856,285,3,55.07%,141.91%,-0.934375,2026-07-31
PDD,88.56,2026-09-18,48,Put,135.00,+52.44%,45.15,46.8,47.7,920,307,3,38.77%,73.29%,-0.936139,2026-07-31
T,23.25,2026-09-18,48,Put,29.00,+24.73%,5.35,6.03,6.1,1028,343,3,27.78%,51.49%,-0.859702,2026-07-31
NFLX,71.71,2027-01-15,167,Put,120.00,+67.34%,46.35,48.23,50.4,1216,405,3,35.34%,49.73%,-0.96346,2026-07-31
U,31.71,2026-08-07,6,Call,33.00,-4.07%,1.39,1.62,1.78,1219,406,3,84.80%,130.80%,0.440215,2026-07-31
NFLX,71.71,2026-12-18,139,Put,116.00,+61.76%,42.35,43.9,46.4,1230,410,3,35.34%,50.02%,-0.965262,2026-07-31
C,132.45,2026-09-18,48,Call,82.50,+37.71%,49.5,50.65,52.1,1240,414,3,30.39%,83.05%,0.9562,2026-07-31
CAR,137.44,2026-10-16,76,Put,380.00,+176.48%,233,243.1,246.6,1504,501,3,55.07%,123.00%,-0.952889,2026-07-31
NFLX,71.71,2026-08-21,20,Put,96.00,+33.87%,22.7,23.85,25.95,1622,540,3,35.34%,63.37%,-0.978294,2026-07-31
T,23.25,2026-09-18,48,Put,30.00,+29.03%,6.4,7.1,7.05,1832,611,3,27.78%,60.73%,-0.850221,2026-07-31
NFLX,71.71,2026-09-18,48,Put,116.00,+61.76%,42.35,44.7,46.3,2190,730,3,35.34%,68.95%,-0.978612,2026-07-31
NFLX,71.71,2026-09-18,48,Put,110.00,+53.40%,36.35,38.15,40.3,2978,993,3,35.34%,62.50%,-0.977178,2026-07-31
COIN,146.26,2026-08-07,6,Put,135.00,-7.70%,1.71,1.86,2.02,3836,1280,3,71.54%,81.74%,-0.205547,2026-07-31
BULL,7.06,2027-01-15,167,Put,25.00,+254.11%,16.75,18.3,18.9,5164,1721,3,70.09%,147.00%,-0.802412,2026-07-31
GOOG,356.65,2026-08-07,6,Call,360.00,-0.94%,4.8,4.9,5.1,4741,1586,2.99,32.53%,34.95%,0.430961,2026-07-31
CORZ,20.72,2026-08-21,20,Put,17.00,-17.95%,0.42,0.49,0.51,8640,2890,2.99,91.03%,98.92%,-0.164003,2026-07-31
BMNR,17.28,2026-08-07,6,Call,17.00,+1.62%,0.87,0.91,0.93,15773,5278,2.99,83.49%,85.21%,0.582871,2026-07-31
TE,4.17,2026-08-21,20,Call,5.00,-19.90%,0.35,0.36,0.4,16384,5488,2.99,154.15%,167.78%,0.397103,2026-07-31
NVDA,200.75,2026-08-03,2,Call,195.00,+2.86%,5.8,6.2,6.35,17341,5790,2.99,41.38%,33.65%,0.882218,2026-07-31
AMD,476.15,2026-08-03,2,Put,435.00,-8.64%,1.02,1.1,1.2,1332,445,2.99,78.82%,88.00%,-0.077364,2026-07-31
TSLA,311.21,2026-08-03,2,Call,295.00,+5.21%,16.05,17.46,16.7,822,276,2.98,45.64%,38.94%,0.969756,2026-07-31
TECK,60.24,2026-11-20,111,Put,55.00,-8.70%,3.7,4,5,1120,376,2.98,51.85%,54.41%,-0.3154,2026-07-31
AAPL,308.91,2026-08-14,13,Call,315.00,-1.97%,3.85,4.49,4.55,2419,813,2.98,27.30%,28.44%,0.376275,2026-07-31
TSLA,311.21,2026-08-07,6,Put,300.00,-3.60%,3.25,3.31,3.35,10050,3368,2.98,45.64%,49.19%,-0.267098,2026-07-31
AVGO,389.28,2026-08-07,6,Call,400.00,-2.75%,6.25,6.52,7,4483,1508,2.97,52.14%,55.04%,0.365819,2026-07-31
NVDA,200.75,2026-08-05,4,Call,207.50,-3.36%,1.1,1.11,1.16,6323,2131,2.97,41.38%,41.10%,0.229836,2026-07-31
FSLR,211.03,2026-10-16,76,Call,230.00,-8.99%,18.75,19.51,19.85,580,195,2.97,74.63%,67.92%,0.461014,2026-07-31
GOOG,356.65,2026-08-07,6,Call,347.50,+2.57%,11.45,12.73,12.7,1219,411,2.97,32.53%,35.21%,0.729258,2026-07-31
JD,33.01,2026-08-21,20,Put,33.00,-0.03%,1.2,1.25,1.26,1257,423,2.97,38.94%,37.98%,-0.496511,2026-07-31
SPCX,108.37,2026-08-14,13,Put,95.00,-12.34%,4.8,4.87,5,6421,2167,2.96,109.71%,134.69%,-0.257974,2026-07-31
HUT,107.63,2026-08-07,6,Call,125.00,-16.14%,1.77,3.06,3,555,188,2.95,120.64%,140.46%,0.230392,2026-07-31
AVGO,389.28,2026-08-03,2,Call,385.00,+1.10%,7.65,8.39,8.75,721,244,2.95,52.14%,50.49%,0.625077,2026-07-31
BMNR,17.28,2026-08-14,13,Put,16.00,-7.41%,0.51,0.57,0.58,1049,356,2.95,83.49%,85.68%,-0.286577,2026-07-31
TLRY,4.54,2026-08-07,6,Call,4.50,+0.88%,0.21,0.25,0.25,2438,829,2.94,75.07%,90.03%,0.555497,2026-07-31
ORCL,129.87,2026-08-07,6,Put,120.00,-7.60%,1,1.04,1.14,4971,1688,2.94,69.81%,67.96%,-0.169909,2026-07-31
TU,9.56,2027-03-19,230,Call,12.50,-30.75%,0.1,0.3,0.3,1023,349,2.93,36.06%,35.66%,0.158969,2026-07-31
C,132.45,2026-09-18,48,Call,85.00,+35.82%,47,48.21,49.4,1135,388,2.93,30.39%,76.07%,0.958228,2026-07-31
NOW,111.23,2026-08-07,6,Put,107.00,-3.80%,1.7,1.76,1.96,1311,447,2.93,59.95%,64.04%,-0.301671,2026-07-31
AMZN,271.58,2026-11-20,111,Put,270.00,-0.58%,18.3,18.1,19,2364,806,2.93,32.32%,34.97%,-0.432802,2026-07-31
NVO,47.08,2026-08-14,13,Call,52.00,-10.45%,0.43,0.42,0.5,1067,366,2.92,44.04%,55.52%,0.181767,2026-07-31
CMG,37.22,2026-08-07,6,Call,38.50,-3.44%,0.25,0.27,0.3,506,174,2.91,35.46%,38.22%,0.256744,2026-07-31
CHWY,22.6,2026-08-07,6,Call,24.50,-8.41%,0.08,0.11,0.11,515,177,2.91,55.63%,53.24%,0.127181,2026-07-31
MU,823.03,2026-08-03,2,Put,805.00,-2.19%,14.8,14.69,15.45,573,197,2.91,91.94%,96.05%,-0.363364,2026-07-31
MSFT,464.72,2026-08-03,2,Put,435.00,-6.40%,0.15,0.13,0.25,680,234,2.91,30.64%,48.26%,-0.030611,2026-07-31
AMZN,271.58,2026-08-07,6,Put,242.50,-10.71%,0.22,0.25,0.29,735,253,2.91,32.32%,50.19%,-0.03587,2026-07-31
TER,367.69,2026-08-21,20,Call,420.00,-14.23%,15.9,18.6,19,956,329,2.91,98.95%,103.13%,0.336328,2026-07-31
RIVN,15.22,2026-10-16,76,Call,16.00,-5.12%,1.5,1.53,1.57,979,337,2.91,62.92%,65.43%,0.50309,2026-07-31
NBIS,190.41,2026-08-07,6,Call,230.00,-20.79%,2.8,2.95,2.97,1539,528,2.91,137.11%,140.73%,0.170168,2026-07-31
RUM,5.84,2026-08-14,13,Put,6.00,+2.74%,0.45,0.54,0.65,504,174,2.9,93.64%,105.56%,-0.51243,2026-07-31
FTNT,161.95,2026-08-07,6,Call,170.00,-4.97%,1.62,1.79,1.79,878,303,2.9,50.60%,54.64%,0.258145,2026-07-31
LRCX,293.02,2026-08-21,20,Put,150.00,-48.81%,0.05,0.18,0.62,915,315,2.9,84.48%,131.77%,-0.009894,2026-07-31
DXCM,83.45,2026-08-21,20,Call,95.00,-13.84%,0.35,0.48,0.55,1080,372,2.9,39.17%,43.38%,0.113854,2026-07-31
CRWV,71.77,2026-08-07,6,Put,60.00,-16.40%,0.54,0.57,0.61,7976,2752,2.9,111.10%,118.30%,-0.10374,2026-07-31
NVDA,200.75,2026-08-03,2,Put,190.00,-5.35%,0.11,0.11,0.12,17873,6195,2.89,41.38%,43.79%,-0.0428,2026-07-31
GOOGL,356.13,2026-08-14,13,Call,385.00,-8.11%,1.32,1.6,1.57,618,214,2.89,32.89%,34.74%,0.127579,2026-07-31
MU,823.03,2026-08-07,6,Call,885.00,-7.53%,23.35,24.65,24.2,731,253,2.89,91.94%,111.04%,0.331877,2026-07-31
CSCO,115.99,2026-08-07,6,Call,124.00,-6.91%,0.25,0.31,0.39,1301,450,2.89,50.96%,41.36%,0.110084,2026-07-31
MSFT,464.72,2026-08-07,6,Put,410.00,-11.77%,0.2,0.3,0.49,1977,683,2.89,30.64%,52.29%,-0.028153,2026-07-31
CIFR,22.32,2026-08-07,6,Call,23.00,-3.05%,1.52,1.65,1.7,1433,498,2.88,124.32%,166.46%,0.487576,2026-07-31
IREN,36.8,2026-08-07,6,Put,37.00,+0.54%,2.53,2.6,2.68,1728,601,2.88,122.62%,133.39%,-0.477434,2026-07-31
AMZN,271.58,2026-08-14,13,Put,220.00,-18.99%,0.14,0.18,0.21,1756,609,2.88,32.32%,54.20%,-0.016915,2026-07-31
TSLA,311.21,2026-08-05,4,Call,330.00,-6.04%,1.22,1.25,1.26,3003,1042,2.88,45.64%,51.60%,0.146612,2026-07-31
CSX,50.4,2026-11-20,111,Put,50.00,-0.79%,2.35,2.65,2.6,1010,352,2.87,24.21%,25.85%,-0.431918,2026-07-31
TSLA,311.21,2026-09-04,34,Call,310.00,+0.39%,18.45,18.94,18.75,1419,495,2.87,45.64%,46.23%,0.54881,2026-07-31
NEE,86.92,2026-08-21,20,Call,94.00,-8.15%,0.13,0.21,0.48,1462,509,2.87,22.90%,27.14%,0.116065,2026-07-31
SPCX,108.37,2028-01-21,538,Put,90.00,-16.95%,22.1,22.45,23.1,1514,528,2.87,109.71%,72.18%,-0.24406,2026-07-31
GOOGL,356.13,2026-08-03,2,Call,360.00,-1.09%,1.78,1.88,2,6118,2150,2.85,32.89%,32.77%,0.335105,2026-07-31
AVGO,389.28,2026-08-07,6,Call,370.00,+4.95%,22.85,24.91,24.45,1066,376,2.84,52.14%,58.60%,0.764237,2026-07-31
HIMS,27.77,2026-10-16,76,Put,12.00,-56.79%,0.08,0.13,0.32,650,230,2.83,103.81%,113.83%,-0.029464,2026-07-31
META,556.71,2026-08-07,6,Call,555.00,+0.31%,12.9,13.24,13.6,872,308,2.83,38.93%,43.00%,0.537044,2026-07-31
MU,823.03,2026-08-07,6,Call,850.00,-3.28%,35.15,37.3,36.25,2874,1015,2.83,91.94%,111.80%,0.440678,2026-07-31
TSLA,311.21,2026-08-05,4,Put,305.00,-2.00%,3.55,3.6,3.65,4050,1434,2.82,45.64%,48.66%,-0.334339,2026-07-31
AMAT,507.67,2026-09-18,48,Call,650.00,-28.04%,19.25,20,22.85,559,198,2.82,86.85%,84.18%,0.260022,2026-07-31
GOOGL,356.13,2026-08-21,20,Put,352.50,-1.02%,8.45,8.35,9.6,714,253,2.82,32.89%,33.28%,-0.424772,2026-07-31
CMG,37.22,2026-08-07,6,Call,36.00,+3.28%,1.44,1.65,1.7,1098,389,2.82,35.46%,42.79%,0.740828,2026-07-31
COHR,262.89,2026-08-07,6,Call,300.00,-14.12%,3.2,4,5.8,574,204,2.81,108.14%,117.93%,0.21363,2026-07-31
INTC,90.2,2026-09-04,34,Put,75.00,-16.85%,2.67,3,3.25,1369,488,2.81,83.34%,85.53%,-0.198298,2026-07-31
SPCX,108.37,2026-08-07,6,Put,83.00,-23.41%,0.8,0.9,0.9,579,207,2.8,109.71%,158.67%,-0.078461,2026-07-31
FRMI,5.69,2026-08-14,13,Call,6.00,-5.45%,0.55,0.64,0.7,837,299,2.8,145.97%,175.17%,0.503471,2026-07-31
LSCC,124.27,2026-08-21,20,Put,120.00,-3.44%,9,9.5,11,1001,357,2.8,96.34%,106.55%,-0.393055,2026-07-31
NVDA,200.75,2026-08-14,13,Put,187.50,-6.60%,1.63,1.53,1.72,1061,379,2.8,41.38%,42.58%,-0.183416,2026-07-31
JNJ,256.35,2026-08-07,6,Call,260.00,-1.42%,1.66,2.05,2.35,1491,534,2.79,24.80%,26.59%,0.348062,2026-07-31
SPCX,108.37,2026-08-07,6,Call,110.00,-1.50%,8.2,8.33,8.4,3135,1123,2.79,109.71%,162.59%,0.514145,2026-07-31
MARA,11.32,2026-09-18,48,Put,11.00,-2.83%,1.4,1.43,1.46,10190,3671,2.78,103.29%,100.28%,-0.393206,2026-07-31
AMZN,271.58,2026-08-10,9,Put,265.00,-2.42%,2.8,3,3.35,597,215,2.78,32.32%,34.86%,-0.312234,2026-07-31
MA,573.1,2026-12-18,139,Put,430.00,-24.97%,1.65,2.35,3.4,603,217,2.78,24.91%,31.38%,-0.050518,2026-07-31
COF,209.01,2026-08-07,6,Call,220.00,-5.26%,0.35,0.5,0.6,656,236,2.78,31.25%,32.42%,0.114267,2026-07-31
MSFT,464.72,2026-08-05,4,Call,460.00,+1.02%,9.35,10.01,10.9,1052,379,2.78,30.64%,38.55%,0.610554,2026-07-31
VG,13.38,2026-08-07,6,Put,13.50,+0.90%,0.55,0.58,0.9,1032,372,2.77,81.19%,97.04%,-0.502482,2026-07-31
AMZN,271.58,2026-08-03,2,Call,247.50,+8.87%,23.5,24.8,24.5,1271,459,2.77,32.32%,91.13%,0.921201,2026-07-31
SKHY,143.73,2026-08-07,6,Call,180.00,-25.23%,1.1,1.2,1.3,1334,481,2.77,114.69%,132.90%,0.108978,2026-07-31
WULF,17.66,2026-08-07,6,Call,20.50,-16.08%,0.31,0.33,0.43,1589,574,2.77,110.78%,138.89%,0.222278,2026-07-31
SNDK,1214.83,2026-08-07,6,Call,"1,300.00",-7.01%,78.6,80.6,82.3,1969,712,2.77,133.72%,183.83%,0.433616,2026-07-31
GOOGL,356.13,2026-08-07,6,Call,375.00,-5.30%,1.19,1.25,1.27,2304,832,2.77,32.89%,36.86%,0.145175,2026-07-31
MSFT,464.72,2026-08-07,6,Put,440.00,-5.32%,1.5,1.53,1.71,3235,1167,2.77,30.64%,39.47%,-0.13264,2026-07-31
MU,823.03,2026-08-21,20,Call,980.00,-19.07%,24.2,24.99,25.05,4380,1587,2.76,91.94%,94.53%,0.251566,2026-07-31
IREN,36.8,2026-08-07,6,Put,35.50,-3.53%,1.79,1.86,1.96,558,202,2.76,122.62%,134.28%,-0.382885,2026-07-31
AVGO,389.28,2026-08-14,13,Put,360.00,-7.52%,4.05,4.6,4.85,985,357,2.76,52.14%,52.45%,-0.197885,2026-07-31
OXY,57.07,2026-08-07,6,Call,63.00,-10.39%,0.14,0.18,0.21,724,263,2.75,39.03%,56.62%,0.093158,2026-07-31
QS,5.22,2026-08-07,6,Call,5.00,+4.21%,0.31,0.36,0.4,958,348,2.75,85.35%,86.65%,0.673135,2026-07-31
NVDA,200.75,2026-08-03,2,Put,207.50,+3.36%,6.6,6.2,7.35,1587,578,2.75,41.38%,34.83%,-0.898326,2026-07-31
COST,951.89,2026-09-04,34,Put,780.00,-18.06%,0.18,0.39,0.65,1705,620,2.75,23.55%,30.37%,-0.01307,2026-07-31
GOOGL,356.13,2026-11-20,111,Call,410.00,-15.13%,10.75,11.25,11.7,5573,2028,2.75,32.89%,35.44%,0.28515,2026-07-31
AMZN,271.58,2026-08-14,13,Call,300.00,-10.46%,0.53,0.6,0.65,3007,1098,2.74,32.32%,35.30%,0.074749,2026-07-31
DG,127.05,2026-08-14,13,Call,165.00,-29.87%,0.01,0.13,0.13,647,236,2.74,41.41%,61.28%,0.01403,2026-07-31
QCOM,147.61,2026-11-20,111,Put,140.00,-5.16%,13,13.65,14.1,1575,574,2.74,55.85%,55.31%,-0.366017,2026-07-31
GOOGL,356.13,2026-08-07,6,Put,350.00,-1.72%,3.55,3.77,4,1742,637,2.73,32.89%,35.69%,-0.339878,2026-07-31
NVDA,200.75,2026-08-03,2,Put,205.00,+2.12%,4.4,5.03,5,2460,900,2.73,41.38%,31.41%,-0.812427,2026-07-31
IBRX,7.17,2026-08-07,6,Call,8.50,-18.55%,0,0.1,0.2,561,206,2.72,102.41%,128.04%,0.17081,2026-07-31
TSLA,311.21,2026-08-14,13,Put,270.00,-13.24%,0.82,0.79,0.86,1473,542,2.72,45.64%,51.02%,-0.062283,2026-07-31
MRVL,187.56,2026-08-28,27,Call,215.00,-14.63%,10.4,11,12.2,577,213,2.71,93.95%,102.28%,0.365955,2026-07-31
INTC,90.2,2026-08-03,2,Put,91.00,+0.89%,2.57,2.49,2.85,1332,491,2.71,83.34%,85.82%,-0.54186,2026-07-31
SPCE,2.55,2027-01-15,167,Call,2.50,+1.96%,0.71,0.71,0.79,21533,7954,2.71,109.62%,106.21%,0.659568,2026-07-31
SNDK,1214.83,2026-08-07,6,Put,"1,250.00",+2.90%,131.4,135.1,137.4,651,241,2.7,133.72%,185.04%,-0.499893,2026-07-31
NVTS,10.86,2026-08-21,20,Call,12.50,-15.10%,0.55,0.7,0.72,656,243,2.7,114.54%,118.44%,0.35883,2026-07-31
META,556.71,2026-08-03,2,Call,545.00,+2.10%,13.1,12.6,14.35,657,243,2.7,38.93%,37.41%,0.784667,2026-07-31
MU,823.03,2026-08-03,2,Call,820.00,+0.37%,24,24.62,25.65,751,278,2.7,91.94%,95.64%,0.535956,2026-07-31
NOK,9.14,2026-09-04,34,Put,9.00,-1.53%,0.65,0.7,0.76,885,328,2.7,69.80%,71.00%,-0.42523,2026-07-31
MU,823.03,2026-08-03,2,Put,710.00,-13.73%,1.19,1.24,1.35,1568,580,2.7,91.94%,118.54%,-0.041859,2026-07-31
CAR,137.44,2026-09-18,48,Put,650.00,+372.93%,507.2,513,519.2,648,241,2.69,55.07%,213.89%,-0.960064,2026-07-31
GOOG,356.65,2026-08-07,6,Call,385.00,-7.95%,0.41,0.42,0.46,1413,525,2.69,32.53%,37.51%,0.059964,2026-07-31
BE,205.81,2026-08-07,6,Put,144.00,-30.03%,0.74,0.91,1.17,1520,565,2.69,126.85%,176.97%,-0.045516,2026-07-31
TSLA,311.21,2026-08-03,2,Put,325.00,+4.43%,13.45,13.83,14.9,509,190,2.68,45.64%,43.64%,-0.908049,2026-07-31
BA,216.14,2026-08-07,6,Put,195.00,-9.78%,0.09,0.1,0.11,626,234,2.68,34.45%,40.83%,-0.023181,2026-07-31
WFC,86.45,2026-08-07,6,Call,85.00,+1.68%,1.79,2.15,2.1,768,287,2.68,24.69%,23.94%,0.717065,2026-07-31
MRLN,3.77,2026-08-21,20,Call,5.00,-32.63%,0.1,0.1,0.2,1199,447,2.68,150.28%,138.73%,0.24161,2026-07-31
SKHY,143.73,2026-08-07,6,Call,165.00,-14.80%,3,3.1,3.1,1405,524,2.68,114.69%,131.82%,0.233111,2026-07-31
NBIS,190.41,2026-08-21,20,Put,167.50,-12.03%,12.5,15.14,16.55,505,189,2.67,137.11%,147.01%,-0.291322,2026-07-31
CRCL,62.61,2026-08-07,6,Put,56.00,-10.56%,1.36,1.4,1.56,619,232,2.67,96.05%,129.45%,-0.224073,2026-07-31
VZ,46.81,2026-08-07,6,Call,47.00,-0.41%,0.49,0.65,0.65,1994,747,2.67,25.61%,27.85%,0.458199,2026-07-31
AMZN,271.58,2026-09-04,34,Call,270.00,+0.58%,11.45,12.39,12.1,631,237,2.66,32.32%,31.83%,0.557339,2026-07-31
RIVN,15.22,2026-08-14,13,Call,17.00,-11.70%,0.19,0.21,0.24,823,309,2.66,62.92%,66.70%,0.210246,2026-07-31
MSTR,93.28,2026-08-07,6,Put,90.00,-3.52%,2.18,2.35,2.39,6824,2566,2.66,77.78%,79.31%,-0.341654,2026-07-31
NVTS,10.86,2026-12-18,139,Call,43.00,-295.95%,0.2,0.25,0.29,500,189,2.65,114.54%,125.10%,0.084195,2026-07-31
LOW,207.81,2026-10-16,76,Call,220.00,-5.87%,8.2,8.9,9.4,594,224,2.65,37.61%,35.68%,0.399185,2026-07-31
INTC,90.2,2026-08-14,13,Call,98.00,-8.65%,3,3.29,3.3,1008,380,2.65,83.34%,88.56%,0.34222,2026-07-31
FRMI,5.69,2026-09-18,48,Call,13.00,-128.47%,0.1,0.2,0.3,1200,453,2.65,145.97%,166.35%,0.14457,2026-07-31
AMZN,271.58,2026-08-05,4,Call,300.00,-10.46%,0.06,0.1,0.15,513,194,2.64,32.32%,46.36%,0.021796,2026-07-31
META,556.71,2026-08-07,6,Put,545.00,-2.10%,6.85,7.03,7.35,722,273,2.64,38.93%,43.18%,-0.337223,2026-07-31
AAPL,308.91,2026-09-04,34,Put,300.00,-2.88%,5.6,5.67,6.35,1309,496,2.64,27.30%,27.32%,-0.335797,2026-07-31
UBER,70.36,2026-08-14,13,Call,70.00,+0.51%,3.05,3.11,3.25,678,258,2.63,44.79%,55.31%,0.545273,2026-07-31
SKHY,143.73,2026-08-07,6,Put,160.00,+11.32%,19.6,20.3,20.8,697,265,2.63,114.69%,130.45%,-0.710742,2026-07-31
MRVL,187.56,2026-08-07,6,Call,215.00,-14.63%,2.07,2.12,2.16,2245,852,2.63,93.95%,103.51%,0.168956,2026-07-31
NBIS,190.41,2026-08-07,6,Put,115.00,-39.60%,0.27,0.34,0.42,2566,976,2.63,137.11%,199.69%,-0.017882,2026-07-31
BE,205.81,2026-08-07,6,Put,160.00,-22.26%,1.89,2.17,2.22,3511,1334,2.63,126.85%,162.27%,-0.093929,2026-07-31
APLD,27.39,2026-08-07,6,Call,32.50,-18.66%,0.23,0.28,0.36,542,207,2.62,105.93%,118.24%,0.147133,2026-07-31
MU,823.03,2026-08-07,6,Call,865.00,-5.10%,29.65,31.1,30.5,781,299,2.61,91.94%,111.30%,0.392369,2026-07-31
KEEL,3.97,2026-08-07,6,Call,4.50,-13.35%,0.08,0.1,0.12,6211,2391,2.6,124.63%,134.58%,0.262194,2026-07-31
INTC,90.2,2026-08-21,20,Put,91.00,+0.89%,7.3,7.3,7.65,532,205,2.6,83.34%,84.58%,-0.47556,2026-07-31
NFLX,71.71,2027-01-15,167,Call,46.00,+35.85%,26.65,27.15,27.65,583,224,2.6,35.34%,47.94%,0.943602,2026-07-31
AMAT,507.67,2026-08-07,6,Put,330.00,-35.00%,0.03,0.31,0.86,779,300,2.6,86.85%,155.67%,-0.011902,2026-07-31
DINO,91.47,2026-09-18,48,Call,100.00,-9.33%,2.6,2.85,3.1,1106,426,2.6,46.37%,44.49%,0.322052,2026-07-31
MSFT,464.72,2026-08-03,2,Call,455.00,+2.09%,10.5,11.65,12.2,1775,682,2.6,30.64%,36.85%,0.786492,2026-07-31
MU,823.03,2026-08-07,6,Put,370.00,-55.04%,0.05,0.11,0.17,503,194,2.59,91.94%,221.10%,-0.001523,2026-07-31
MSFT,464.72,2026-08-14,13,Put,420.00,-9.62%,1.12,1.29,1.46,546,211,2.59,30.64%,39.51%,-0.079729,2026-07-31
FLY,20.33,2026-08-07,6,Call,19.00,+6.54%,1.8,1.88,2.65,755,292,2.59,119.78%,145.18%,0.677175,2026-07-31
XRX,2.95,2026-08-21,20,Put,3.00,+1.69%,0.25,0.3,0.35,1051,406,2.59,107.28%,99.20%,-0.48168,2026-07-31
ECHO,84.09,2026-08-07,6,Put,80.00,-4.86%,1.8,2.2,2.3,1071,414,2.59,64.08%,89.71%,-0.310106,2026-07-31
AMD,476.15,2026-08-03,2,Call,515.00,-8.16%,0.89,1.01,1.16,1678,648,2.59,78.82%,75.68%,0.085567,2026-07-31
AAPL,308.91,2026-12-18,139,Call,430.00,-39.20%,0.43,0.55,0.7,3011,1165,2.58,27.30%,26.34%,0.030608,2026-07-31
ORCL,129.87,2026-08-07,6,Put,125.00,-3.75%,2.2,2.32,2.38,3023,1170,2.58,69.81%,66.12%,-0.309588,2026-07-31
MRVL,187.56,2026-08-07,6,Call,192.50,-2.63%,7.2,8.24,8.1,712,276,2.58,93.95%,101.73%,0.448385,2026-07-31
NEM,93.71,2026-10-16,76,Call,95.00,-1.38%,6.65,6.8,8.05,796,309,2.58,41.36%,45.32%,0.524115,2026-07-31
NCLH,18.53,2026-08-07,6,Put,17.50,-5.56%,0.07,0.17,0.18,1243,482,2.58,46.87%,51.49%,-0.182081,2026-07-31
META,556.71,2026-10-16,76,Call,575.00,-3.29%,32.5,30.7,34.15,551,214,2.57,38.93%,39.12%,0.478507,2026-07-31
MU,823.03,2026-08-03,2,Call,970.00,-17.86%,0.29,0.38,0.39,604,235,2.57,91.94%,101.36%,0.015796,2026-07-31
RDDT,140.67,2026-08-07,6,Put,125.00,-11.14%,0.55,0.68,0.73,994,387,2.57,69.71%,74.16%,-0.097576,2026-07-31
CLSK,13.76,2026-08-07,6,Put,14.00,+1.74%,0.99,0.97,1.41,1156,449,2.57,107.02%,152.37%,-0.495392,2026-07-31
BA,216.14,2026-08-07,6,Call,220.00,-1.79%,2.29,2.53,2.45,2115,822,2.57,34.45%,35.96%,0.358768,2026-07-31
CIFR,22.32,2026-09-18,48,Call,32.00,-43.37%,1.23,1.42,1.79,2624,1027,2.56,124.32%,126.38%,0.292394,2026-07-31
INTC,90.2,2026-08-03,2,Put,81.00,-10.20%,0.18,0.22,0.23,515,201,2.56,83.34%,99.99%,-0.067773,2026-07-31
INTC,90.2,2026-08-03,2,Call,102.00,-13.08%,0.06,0.11,0.12,695,271,2.56,83.34%,91.53%,0.037683,2026-07-31
SPCX,108.37,2026-11-20,111,Call,120.00,-10.73%,16.7,16.93,17.1,1051,411,2.56,109.71%,87.55%,0.521717,2026-07-31
OPEN,3.77,2026-08-07,6,Call,3.50,+7.16%,0.39,0.48,0.44,1186,464,2.56,99.49%,138.14%,0.69552,2026-07-31
CRWV,71.77,2026-08-07,6,Call,72.00,-0.32%,3.85,4.1,4.2,613,240,2.55,111.10%,112.13%,0.521441,2026-07-31
REPL,11.2,2026-08-07,6,Put,9.00,-19.64%,1.1,1.25,2.05,794,311,2.55,228.95%,499.40%,-0.253821,2026-07-31
CIFR,22.32,2026-08-07,6,Put,22.50,+0.81%,1.87,1.93,2.15,866,339,2.55,124.32%,168.29%,-0.470958,2026-07-31
TSLA,311.21,2026-08-05,4,Call,312.50,-0.41%,5.7,5.8,5.85,3178,1250,2.54,45.64%,48.70%,0.480917,2026-07-31
AMZN,271.58,2026-08-21,20,Put,270.00,-0.58%,7.2,7.31,7.6,4432,1745,2.54,32.32%,33.19%,-0.44677,2026-07-31
BAC,61.95,2026-08-07,6,Call,63.00,-1.69%,0.24,0.28,0.3,9412,3703,2.54,21.54%,20.71%,0.271395,2026-07-31
AMD,476.15,2026-08-07,6,Put,325.00,-31.74%,0.21,0.38,0.86,513,202,2.54,78.82%,145.18%,-0.015871,2026-07-31
CORZ,20.72,2026-08-14,13,Put,19.00,-8.30%,0.64,0.74,0.83,528,208,2.54,91.03%,96.67%,-0.283522,2026-07-31
TSLA,311.21,2026-08-21,20,Put,450.00,+44.60%,138.25,139.6,140.45,549,216,2.54,45.64%,86.28%,-0.962879,2026-07-31
NOW,111.23,2026-08-07,6,Call,117.00,-5.19%,1.56,1.64,1.73,637,251,2.54,59.95%,65.86%,0.291249,2026-07-31
AMD,476.15,2027-01-15,167,Call,680.00,-42.81%,36,40.5,38.55,1006,396,2.54,78.82%,70.60%,0.318953,2026-07-31
IBRX,7.17,2026-08-07,6,Put,7.00,-2.37%,0.25,0.29,0.45,1072,422,2.54,102.41%,119.17%,-0.40644,2026-07-31
AAPL,308.91,2026-08-21,20,Call,322.50,-4.40%,2.91,3.25,3.4,1730,682,2.54,27.30%,27.31%,0.269734,2026-07-31
VRT,241.57,2026-08-21,20,Put,180.00,-25.49%,0.75,0.85,1,2184,861,2.54,69.52%,78.69%,-0.044656,2026-07-31
HIMS,27.77,2026-08-07,6,Call,28.00,-0.83%,1.09,1.35,1.22,599,237,2.53,103.81%,88.33%,0.495632,2026-07-31
BE,205.81,2026-08-07,6,Call,235.00,-14.18%,6,6.87,7.7,851,336,2.53,126.85%,157.67%,0.290421,2026-07-31
AMZN,271.58,2026-08-07,6,Put,235.00,-13.47%,0.13,0.13,0.2,1976,780,2.53,32.32%,57.15%,-0.021773,2026-07-31
MU,823.03,2026-08-03,2,Call,"1,000.00",-21.50%,0.14,0.16,0.19,4362,1725,2.53,91.94%,107.00%,0.007838,2026-07-31
BAC,61.95,2026-08-07,6,Put,61.00,-1.53%,0.29,0.3,0.31,4709,1859,2.53,21.54%,21.51%,-0.279647,2026-07-31
MSTR,93.28,2026-08-07,6,Put,85.00,-8.88%,0.92,0.91,1,4812,1903,2.53,77.78%,82.08%,-0.173322,2026-07-31
F,14.68,2026-08-07,6,Call,14.50,+1.23%,0.36,0.39,0.4,5896,2332,2.53,34.94%,37.73%,0.609283,2026-07-31
TEVA,35.01,2026-08-21,20,Put,33.00,-5.74%,0.24,0.4,0.5,741,294,2.52,35.83%,34.93%,-0.217379,2026-07-31
COHR,262.89,2026-08-07,6,Call,280.00,-6.51%,7.9,9.2,9.9,542,216,2.51,108.14%,115.14%,0.363418,2026-07-31
TSLA,311.21,2026-08-07,6,Call,367.50,-18.09%,0.22,0.26,0.24,1101,438,2.51,45.64%,64.26%,0.024461,2026-07-31
HOOD,86.56,2026-08-07,6,Put,87.00,+0.51%,3.4,3.42,3.5,1236,493,2.51,68.51%,73.25%,-0.500817,2026-07-31
RIVN,15.22,2026-08-07,6,Call,16.50,-8.41%,0.13,0.14,0.15,21337,8489,2.51,62.92%,69.16%,0.194986,2026-07-31
GOOG,356.65,2026-09-04,34,Call,360.00,-0.94%,12.85,13.61,14.2,635,254,2.5,32.53%,33.53%,0.496422,2026-07-31
MU,823.03,2026-08-05,4,Put,750.00,-8.87%,10.95,11.11,11.7,655,262,2.5,91.94%,112.75%,-0.197847,2026-07-31
BHC,6.89,2026-09-18,48,Call,7.00,-1.60%,0.4,0.55,0.6,1702,681,2.5,85.28%,69.76%,0.454404,2026-07-31
QCOM,147.61,2028-12-15,867,Put,150.00,+1.62%,44.75,46.55,47.9,521,209,2.49,55.85%,56.72%,-0.320347,2026-07-31
COIN,146.26,2026-08-07,6,Put,115.00,-21.37%,0.02,0.12,0.22,546,219,2.49,71.54%,92.54%,-0.018283,2026-07-31
ARM,239.69,2026-08-07,6,Put,235.00,-1.96%,9.7,10.3,11,562,226,2.49,86.88%,103.99%,-0.413474,2026-07-31
BABA,122.25,2026-08-07,6,Put,115.00,-5.93%,0.44,0.51,0.54,576,231,2.49,47.14%,44.51%,-0.135417,2026-07-31
NBIS,190.41,2026-08-07,6,Put,182.50,-4.15%,9.8,10.22,10.5,599,241,2.49,137.11%,144.82%,-0.372933,2026-07-31
RKLB,64.95,2026-08-07,6,Put,63.00,-3.00%,2.23,2.38,2.54,719,289,2.49,102.86%,100.40%,-0.380141,2026-07-31
MSFT,464.72,2026-08-03,2,Call,477.50,-2.75%,0.54,0.64,0.69,977,393,2.49,30.64%,30.67%,0.119651,2026-07-31
MSFT,464.72,2026-08-07,6,Put,425.00,-8.55%,0.44,0.54,0.61,1434,576,2.49,30.64%,42.88%,-0.0484,2026-07-31
AAPL,308.91,2026-10-16,76,Put,300.00,-2.88%,9.65,9.75,10.55,18196,7310,2.49,27.30%,26.91%,-0.36521,2026-07-31
REPL,11.2,2026-08-07,6,Call,11.00,+1.79%,1.7,2.2,4,682,275,2.48,228.95%,491.77%,0.634866,2026-07-31
RKLB,64.95,2026-08-07,6,Call,73.00,-12.39%,0.85,0.9,0.99,713,287,2.48,102.86%,101.94%,0.204916,2026-07-31
AAPL,308.91,2026-09-04,34,Call,340.00,-10.06%,1.48,1.7,1.7,896,361,2.48,27.30%,26.28%,0.132077,2026-07-31
MNKD,3.91,2026-09-04,34,Call,1.00,+74.42%,2.5,3.04,3.1,1216,491,2.48,93.24%,386.44%,0.959843,2026-07-31
IREN,36.8,2026-08-07,6,Put,24.50,-33.42%,0.03,0.1,0.25,530,215,2.47,122.62%,189.38%,-0.035995,2026-07-31
HIMS,27.77,2026-08-14,13,Put,20.00,-27.98%,0.18,0.21,0.26,759,307,2.47,103.81%,127.31%,-0.067947,2026-07-31
SPCX,108.37,2026-08-07,6,Call,170.00,-56.87%,0.9,0.95,0.95,9162,3728,2.46,109.71%,221.50%,0.074742,2026-07-31
ORCL,129.87,2026-08-21,20,Put,124.00,-4.52%,4.75,5.28,5.1,541,220,2.46,69.81%,63.81%,-0.347713,2026-07-31
SOFI,16.31,2026-09-11,41,Call,16.00,+1.90%,1.25,1.31,1.51,544,221,2.46,51.28%,54.93%,0.586652,2026-07-31
MU,823.03,2026-08-03,2,Put,760.00,-7.66%,4.4,4.5,4.9,683,278,2.46,91.94%,103.48%,-0.139885,2026-07-31
IONQ,36.44,2026-08-07,6,Call,42.00,-15.26%,0.74,0.84,0.95,847,345,2.46,102.36%,138.96%,0.2405,2026-07-31
CSCO,115.99,2026-08-07,6,Call,122.00,-5.18%,0.44,0.52,0.56,955,389,2.46,50.96%,39.21%,0.165293,2026-07-31
MSFT,464.72,2026-08-28,27,Put,400.00,-13.93%,1.2,1.45,1.74,818,334,2.45,30.64%,38.47%,-0.066221,2026-07-31
NBIS,190.41,2026-10-16,76,Call,200.00,-5.04%,38.65,39.1,39.85,2002,816,2.45,137.11%,123.57%,0.582561,2026-07-31
INTC,90.2,2026-08-07,6,Call,96.00,-6.43%,2.19,2.3,2.4,3659,1491,2.45,83.34%,96.96%,0.331703,2026-07-31
NFLX,71.71,2026-08-07,6,Call,72.00,-0.40%,1.24,1.27,1.28,7277,2968,2.45,35.34%,37.56%,0.481121,2026-07-31
GOOG,356.65,2026-08-07,6,Put,330.00,-7.47%,0.37,0.39,0.43,2585,1059,2.44,32.53%,38.32%,-0.053082,2026-07-31
SE,106.74,2028-01-21,538,Call,250.00,-134.21%,5.05,6.5,6.4,760,312,2.44,70.65%,54.51%,0.193557,2026-07-31
RTX,215.22,2026-09-18,48,Put,195.00,-9.40%,1.36,1.52,1.65,881,361,2.44,24.94%,26.73%,-0.136501,2026-07-31
AMZN,271.58,2026-08-05,4,Call,240.00,+11.63%,30.95,32.04,32.9,1016,416,2.44,32.32%,65.74%,0.966855,2026-07-31
AMD,476.15,2026-08-03,2,Put,460.00,-3.39%,4.2,4.6,4.8,1227,502,2.44,78.82%,77.56%,-0.263411,2026-07-31
MU,823.03,2026-08-05,4,Call,"1,000.00",-21.50%,1.68,1.75,1.93,1634,670,2.44,91.94%,108.19%,0.048506,2026-07-31
ORCL,129.87,2026-08-21,20,Put,240.00,+84.80%,108,111.1,111.9,522,215,2.43,69.81%,155.18%,-0.936301,2026-07-31
MU,823.03,2026-08-05,4,Put,800.00,-2.80%,25.7,26.21,26.6,1315,542,2.43,91.94%,108.17%,-0.378199,2026-07-31
NVDA,200.75,2026-08-10,9,Put,195.00,-2.86%,2.35,2.2,2.47,1355,557,2.43,41.38%,38.66%,-0.301441,2026-07-31
MSFT,464.72,2026-08-07,6,Call,490.00,-5.44%,1.04,1.3,1.25,1996,821,2.43,30.64%,33.91%,0.117775,2026-07-31
NVDA,200.75,2026-08-10,9,Put,200.00,-0.37%,4.2,4.2,4.45,700,289,2.42,41.38%,37.90%,-0.458914,2026-07-31
ADBE,250.41,2027-06-17,320,Call,330.00,-31.78%,23,24.1,24.4,847,350,2.42,52.57%,48.34%,0.379511,2026-07-31
AMZN,271.58,2026-08-07,6,Call,295.00,-8.62%,0.38,0.41,0.45,2747,1141,2.41,32.32%,41.85%,0.066328,2026-07-31
MSTR,93.28,2026-08-07,6,Call,108.00,-15.78%,0.43,0.45,0.55,576,239,2.41,77.78%,86.53%,0.10383,2026-07-31
RDDT,140.67,2026-08-07,6,Call,185.00,-31.51%,0.09,0.11,0.35,1994,829,2.41,69.71%,109.41%,0.030165,2026-07-31
MA,573.1,2027-01-15,167,Call,580.00,-1.20%,38.6,39.11,41.8,1022,425,2.4,24.91%,25.60%,0.5396,2026-07-31
GOOGL,356.13,2028-12-15,867,Call,490.00,-37.59%,52,53.79,56.5,1110,463,2.4,32.89%,38.28%,0.462832,2026-07-31
NVDA,200.75,2026-08-05,4,Call,217.50,-8.34%,0.16,0.2,0.19,1377,574,2.4,41.38%,44.62%,0.046006,2026-07-31
QCOM,147.61,2026-08-07,6,Call,150.00,-1.62%,3.55,3.75,3.95,501,210,2.39,55.85%,63.63%,0.438715,2026-07-31
IONQ,36.44,2026-08-07,6,Put,28.00,-23.16%,0.15,0.2,0.2,547,229,2.39,102.36%,139.27%,-0.058453,2026-07-31
MSFT,464.72,2026-08-14,13,Put,455.00,-2.09%,6.45,6.7,7.2,747,312,2.39,30.64%,32.28%,-0.347646,2026-07-31
AMZN,271.58,2026-08-14,13,Call,315.00,-15.99%,0.12,0.14,0.15,1172,490,2.39,32.32%,37.20%,0.019751,2026-07-31
INTC,90.2,2026-08-03,2,Call,96.00,-6.43%,0.5,0.51,0.55,3210,1342,2.39,83.34%,86.52%,0.174,2026-07-31
MU,823.03,2026-08-07,6,Call,950.00,-15.43%,10.1,10.2,10.6,3974,1660,2.39,91.94%,110.87%,0.175095,2026-07-31
CHYM,22.99,2026-09-18,48,Call,30.00,-30.49%,0.35,0.55,0.75,2968,1246,2.38,74.68%,71.29%,0.189025,2026-07-31
MU,823.03,2026-08-03,2,Put,865.00,+5.10%,47.35,47.4,51.65,506,213,2.38,91.94%,91.19%,-0.758504,2026-07-31
NBIS,190.41,2026-08-07,6,Call,340.00,-78.56%,0,0.12,0.16,1886,793,2.38,137.11%,173.10%,0.006245,2026-07-31
MRNA,54.82,2026-08-07,6,Put,50.00,-8.79%,0.68,0.78,1,758,320,2.37,84.18%,95.95%,-0.207822,2026-07-31
RKLB,64.95,2026-08-28,27,Put,45.00,-30.72%,0.56,0.72,0.85,942,397,2.37,102.86%,104.93%,-0.075337,2026-07-31
RDDT,140.67,2026-11-20,111,Put,115.00,-18.25%,8.85,10.05,10.65,1237,523,2.37,69.71%,73.77%,-0.234947,2026-07-31
CLSK,13.76,2026-08-14,13,Call,14.50,-5.38%,0.8,0.96,1,865,367,2.36,107.02%,115.68%,0.450296,2026-07-31
RDDT,140.67,2026-08-21,20,Call,150.00,-6.63%,5.5,5.7,5.7,1982,840,2.36,69.71%,69.70%,0.382128,2026-07-31
AAPL,308.91,2026-08-07,6,Call,332.50,-7.64%,0.38,0.46,0.48,2199,930,2.36,27.30%,37.46%,0.0672,2026-07-31
MRVL,187.56,2026-08-07,6,Call,200.00,-6.63%,5,5.25,5.35,4186,1773,2.36,93.95%,102.77%,0.338251,2026-07-31
INTC,90.2,2027-01-15,167,Put,110.00,+21.95%,30.6,30.09,31.25,17512,7415,2.36,83.34%,77.17%,-0.541699,2026-07-31
TSLA,311.21,2026-08-07,6,Call,370.00,-18.89%,0.2,0.22,0.22,2645,1124,2.35,45.64%,65.52%,0.022188,2026-07-31
IREN,36.8,2026-08-07,6,Call,43.50,-18.21%,0.35,0.59,0.85,527,224,2.35,122.62%,133.65%,0.187513,2026-07-31
CCL,27.81,2026-08-21,20,Put,27.50,-1.11%,0.96,1.05,1.15,556,237,2.35,45.65%,47.04%,-0.434907,2026-07-31
MSTR,93.28,2026-08-28,27,Call,100.00,-7.20%,4.9,5.5,5.65,633,269,2.35,77.78%,77.48%,0.416036,2026-07-31
AAPL,308.91,2027-01-15,167,Call,165.00,+46.59%,145.3,142.32,149.35,763,325,2.35,27.30%,51.94%,0.976021,2026-07-31
COIN,146.26,2026-08-07,6,Put,150.00,+2.56%,7.45,7.5,8.3,961,409,2.35,71.54%,77.43%,-0.579356,2026-07-31
LULU,118.87,2026-12-18,139,Put,350.00,+194.44%,229.5,230.65,232.1,1500,637,2.35,52.55%,93.86%,-0.980022,2026-07-31
AMAT,507.67,2027-06-17,320,Put,260.00,-48.79%,18.5,20.89,24.2,501,214,2.34,86.85%,76.28%,-0.091178,2026-07-31
TLN,334.1,2026-09-18,48,Put,370.00,+10.75%,50,52,55.2,550,235,2.34,71.87%,64.20%,-0.621991,2026-07-31
TSLA,311.21,2026-08-03,2,Put,292.50,-6.01%,0.13,0.14,0.14,1389,594,2.34,45.64%,45.86%,-0.03225,2026-07-31
COHR,262.89,2026-08-21,20,Put,240.00,-8.71%,16.4,17.29,18.3,1892,809,2.34,108.14%,117.44%,-0.317407,2026-07-31
MSFT,464.72,2026-08-03,2,Put,440.00,-5.32%,0.22,0.25,0.3,2783,1190,2.34,30.64%,43.34%,-0.042314,2026-07-31
NVDA,200.75,2026-08-05,4,Put,190.00,-5.35%,0.54,0.6,0.59,6938,2961,2.34,41.38%,45.53%,-0.117985,2026-07-31
BSX,46.73,2026-08-21,20,Call,49.00,-4.86%,0.95,1.05,1.15,5467,2342,2.33,42.88%,43.62%,0.34675,2026-07-31
GXO,50.16,2026-08-21,20,Call,40.00,+20.26%,10,10.7,11.3,7003,3001,2.33,46.69%,77.94%,0.910346,2026-07-31
BROS,65.83,2026-08-07,6,Put,53.00,-19.49%,0,0.25,0.35,588,252,2.33,67.00%,104.59%,-0.04572,2026-07-31
RIVN,15.22,2026-10-16,76,Call,18.00,-18.27%,0.85,1.11,1.35,720,309,2.33,62.92%,72.54%,0.375234,2026-07-31
AMD,476.15,2026-08-03,2,Put,475.00,-0.24%,9.4,9.74,10.4,858,370,2.32,78.82%,74.82%,-0.47038,2026-07-31
ACAD,25.87,2026-10-16,76,Call,27.00,-4.37%,3.2,3.1,4.9,1655,712,2.32,61.28%,94.54%,0.553487,2026-07-31
TSLA,311.21,2026-08-07,6,Call,305.00,+2.00%,11.25,12,11.5,3977,1712,2.32,45.64%,49.29%,0.640586,2026-07-31
TSLA,311.21,2026-08-10,9,Call,310.00,+0.39%,9.2,10.3,9.5,638,276,2.31,45.64%,44.16%,0.541325,2026-07-31
HIMS,27.77,2026-08-07,6,Put,26.50,-4.57%,0.61,0.67,0.74,653,283,2.31,103.81%,87.29%,-0.316005,2026-07-31
AMD,476.15,2026-08-05,4,Call,500.00,-5.01%,13.15,14.38,14.85,1990,862,2.31,78.82%,117.84%,0.370184,2026-07-31
AAPL,308.91,2026-09-04,34,Put,310.00,+0.35%,9.65,9.4,10.5,533,232,2.3,27.30%,26.44%,-0.490048,2026-07-31
AXTI,60.43,2026-08-07,6,Call,65.00,-7.56%,3.3,3.6,4.1,659,287,2.3,144.82%,177.60%,0.419278,2026-07-31
TSLA,311.21,2026-08-21,20,Call,312.50,-0.41%,13.05,13.6,13.25,977,425,2.3,45.64%,46.36%,0.51375,2026-07-31
MSTR,93.28,2026-08-07,6,Put,94.00,+0.77%,4,3.94,4.4,2810,1222,2.3,77.78%,80.55%,-0.507282,2026-07-31
SPCX,108.37,2026-08-07,6,Call,330.00,-204.51%,0.25,0.3,0.3,381592,166105,2.3,109.71%,369.03%,0.017206,2026-07-31
FUBO,8.85,2026-08-07,6,Call,9.00,-1.69%,0.55,0.67,0.7,524,229,2.29,98.32%,152.53%,0.50593,2026-07-31
RBLX,35.6,2026-09-18,48,Put,22.50,-36.80%,0.05,0.15,0.25,622,272,2.29,71.40%,76.21%,-0.034777,2026-07-31
ASTS,58.98,2026-08-07,6,Call,59.00,-0.03%,3.2,3.34,3.55,860,375,2.29,112.13%,111.74%,0.529266,2026-07-31
PYPL,57.21,2026-08-07,6,Call,59.00,-3.13%,0.35,0.4,0.47,1029,450,2.29,31.74%,35.96%,0.262428,2026-07-31
TSLA,311.21,2026-08-05,4,Put,300.00,-3.60%,2.09,2.11,2.15,2200,962,2.29,45.64%,48.64%,-0.225732,2026-07-31
AMZN,271.58,2026-08-14,13,Call,295.00,-8.62%,0.87,0.98,1.05,577,253,2.28,32.32%,34.80%,0.11372,2026-07-31
MU,823.03,2026-08-07,6,Call,920.00,-11.78%,15,15.6,15.85,761,334,2.28,91.94%,110.99%,0.239597,2026-07-31
META,556.71,2026-08-03,2,Call,585.00,-5.08%,0.4,0.43,0.46,1046,458,2.28,38.93%,42.13%,0.05843,2026-07-31
VSTM,5.8,2027-01-15,167,Call,8.00,-37.93%,1.7,1.7,2.65,1153,505,2.28,191.32%,179.80%,0.639859,2026-07-31
BMY,65.31,2026-12-18,139,Put,65.00,-0.47%,4.35,4.74,5.15,3529,1558,2.27,29.86%,31.01%,-0.446925,2026-07-31
NFLX,71.71,2027-01-15,167,Call,45.00,+37.25%,27.7,28.17,28.65,579,255,2.27,35.34%,50.59%,0.943451,2026-07-31
AMZN,271.58,2026-12-18,139,Put,275.00,+1.26%,22.65,23.12,23.55,581,256,2.27,32.32%,34.53%,-0.463216,2026-07-31
RIVN,15.22,2026-08-28,27,Put,15.00,-1.45%,0.84,0.89,0.92,621,274,2.27,62.92%,61.29%,-0.427246,2026-07-31
COIN,146.26,2026-08-07,6,Put,125.00,-14.54%,0.4,0.5,0.58,649,286,2.27,71.54%,85.12%,-0.066958,2026-07-31
IONQ,36.44,2026-08-07,6,Call,38.00,-4.28%,1.77,1.86,1.93,716,316,2.27,102.36%,133.92%,0.438465,2026-07-31
NVDA,200.75,2026-08-10,9,Call,212.50,-5.85%,1.01,1.1,1.09,825,363,2.27,41.38%,36.80%,0.173043,2026-07-31
MU,823.03,2026-08-07,6,Put,550.00,-33.17%,0.47,0.55,0.55,1535,677,2.27,91.94%,139.90%,-0.009653,2026-07-31
NBIS,190.41,2026-08-07,6,Put,165.00,-13.34%,4.5,4.72,5,1724,759,2.27,137.11%,153.98%,-0.204116,2026-07-31
MRVL,187.56,2026-08-07,6,Call,220.00,-17.30%,1.45,1.56,1.67,2346,1034,2.27,93.95%,104.36%,0.131093,2026-07-31
CRWV,71.77,2026-08-07,6,Put,66.00,-8.04%,1.63,1.72,1.84,764,340,2.25,111.10%,113.24%,-0.256695,2026-07-31
NFLX,71.71,2026-08-07,6,Put,74.00,+3.19%,2.61,2.9,3.05,1169,519,2.25,35.34%,38.37%,-0.728505,2026-07-31
META,556.71,2026-08-03,2,Put,520.00,-6.59%,0.08,0.12,0.14,1184,526,2.25,38.93%,43.79%,-0.016769,2026-07-31
LUNR,12.34,2026-08-07,6,Call,13.50,-9.40%,0.25,0.28,0.3,1736,773,2.25,119.03%,107.11%,0.280515,2026-07-31
RILY,7.16,2026-08-07,6,Call,7.00,+2.23%,0.48,0.5,0.55,2139,950,2.25,86.75%,122.45%,0.580008,2026-07-31
NVO,47.08,2026-08-07,6,Put,47.00,-0.17%,1.4,1.45,1.67,2185,970,2.25,44.04%,64.96%,-0.47747,2026-07-31
NBIS,190.41,2026-08-14,13,Put,187.50,-1.53%,19.35,20.45,21.55,525,234,2.24,137.11%,155.13%,-0.419749,2026-07-31
MU,823.03,2026-08-07,6,Put,690.00,-16.16%,7.25,7.2,7.8,599,268,2.24,91.94%,121.65%,-0.112792,2026-07-31
AMZN,271.58,2026-08-14,13,Put,215.00,-20.83%,0.12,0.14,0.16,1128,504,2.24,32.32%,57.39%,-0.013144,2026-07-31
AIRJ,4.23,2027-02-19,202,Call,5.00,-18.20%,0.65,1.17,2.25,2002,893,2.24,113.53%,135.89%,0.641267,2026-07-31
USAR,14.95,2026-08-07,6,Call,15.00,-0.33%,0.73,0.8,0.83,2278,1016,2.24,105.12%,104.61%,0.518586,2026-07-31
XOM,155.44,2026-08-07,6,Call,152.50,+1.89%,4.2,4.5,4.9,2666,1191,2.24,30.19%,35.88%,0.670384,2026-07-31
NVTS,10.86,2026-08-21,20,Call,11.00,-1.29%,1.03,1.19,1.29,3064,1365,2.24,114.54%,119.86%,0.540508,2026-07-31
STX,856.13,2026-08-21,20,Put,700.00,-18.24%,17,20.2,23.9,555,249,2.23,92.40%,102.47%,-0.166969,2026-07-31
MU,823.03,2026-08-07,6,Call,870.00,-5.71%,27.95,28.95,28.8,741,333,2.23,91.94%,111.20%,0.376763,2026-07-31
SPCX,108.37,2026-08-07,6,Put,77.00,-28.95%,0.35,0.38,0.4,504,227,2.22,109.71%,160.56%,-0.038724,2026-07-31
META,556.71,2026-09-18,48,Call,545.00,+2.10%,37.35,36.25,39.45,809,365,2.22,38.93%,38.85%,0.599374,2026-07-31
DGNX,1.53,2026-08-21,20,Put,1.0000,-34.64%,0.05,0.12,0.15,1019,459,2.22,298.93%,254.88%,-0.155271,2026-07-31
SNOW,293.28,2026-09-18,48,Call,310.00,-5.70%,22.9,23.5,24,1634,735,2.22,65.91%,70.17%,0.471484,2026-07-31
MSFT,464.72,2026-08-07,6,Put,400.00,-13.93%,0.1,0.15,0.2,2070,934,2.22,30.64%,53.62%,-0.013137,2026-07-31
SMCI,28.4,2026-08-07,6,Call,33.00,-16.20%,0.22,0.24,0.25,2782,1258,2.21,100.83%,99.93%,0.135003,2026-07-31
AMZN,271.58,2026-10-16,76,Call,280.00,-3.10%,12.6,13.25,13.15,9467,4292,2.21,32.32%,31.65%,0.465822,2026-07-31
NOW,111.23,2026-08-07,6,Call,118.00,-6.09%,1.33,1.41,1.49,517,234,2.21,59.95%,66.11%,0.258586,2026-07-31
COST,951.89,2026-09-04,34,Put,785.00,-17.53%,0.2,0.54,1.07,574,260,2.21,23.55%,31.43%,-0.018508,2026-07-31
CSIQ,15.08,2026-10-16,76,Put,11.00,-27.06%,0.7,0.85,0.9,704,319,2.21,97.44%,99.14%,-0.17401,2026-07-31
COST,951.89,2026-09-04,34,Put,760.00,-20.16%,0.07,0.53,0.76,713,322,2.21,23.55%,33.77%,-0.011847,2026-07-31
CRCL,62.61,2026-08-28,27,Call,61.00,+2.57%,6.85,6.53,8.05,1001,452,2.21,96.05%,97.73%,0.595232,2026-07-31
WMT,111.2,2026-08-07,6,Call,111.00,+0.18%,1.63,1.7,1.72,1235,558,2.21,32.07%,27.23%,0.532573,2026-07-31
INTC,90.2,2026-08-07,6,Call,98.00,-8.65%,1.75,1.82,1.9,1731,785,2.21,83.34%,98.27%,0.277126,2026-07-31
SOFI,16.31,2026-09-04,34,Call,15.00,+8.03%,1.66,1.87,1.97,515,234,2.2,51.28%,52.03%,0.735155,2026-07-31
CSCO,115.99,2026-08-07,6,Call,119.00,-2.60%,1.17,1.4,1.31,543,247,2.2,50.96%,40.66%,0.323195,2026-07-31
GTLB,34.51,2026-08-07,6,Call,37.00,-7.22%,0.4,0.55,0.55,573,260,2.2,79.21%,74.97%,0.251224,2026-07-31
AMD,476.15,2026-08-07,6,Call,510.00,-7.11%,13.2,14.53,15.1,1443,655,2.2,78.82%,110.23%,0.340491,2026-07-31
GOOG,356.65,2026-08-07,6,Put,325.00,-8.87%,0.23,0.24,0.25,1775,805,2.2,32.53%,40.13%,-0.032738,2026-07-31
SPCX,108.37,2026-08-14,13,Call,135.00,-24.57%,3.8,3.88,4,2488,1129,2.2,109.71%,143.98%,0.252031,2026-07-31
AMZN,271.58,2026-08-07,6,Call,300.00,-10.46%,0.19,0.19,0.22,8895,4048,2.2,32.32%,42.19%,0.035796,2026-07-31
PLTR,123.06,2026-08-07,6,Call,130.00,-5.64%,4.2,4.2,4.3,20088,9129,2.2,67.71%,110.86%,0.37798,2026-07-31
ASPI,4,2026-09-04,34,Call,0.50,+87.50%,3.1,3.56,3.9,619,283,2.19,120.57%,476.75%,0.98458,2026-07-31
RDDT,140.67,2026-10-16,76,Call,190.00,-35.07%,4.45,5.2,5.45,542,249,2.18,69.71%,69.61%,0.222631,2026-07-31
MU,823.03,2026-08-07,6,Call,925.00,-12.39%,14,14.65,14.75,574,263,2.18,91.94%,110.71%,0.227256,2026-07-31
AMD,476.15,2026-08-07,6,Call,497.50,-4.48%,17.3,18.15,18.75,588,270,2.18,78.82%,109.65%,0.406131,2026-07-31
MRVL,187.56,2026-08-07,6,Call,225.00,-19.96%,1.01,1.09,1.17,758,348,2.18,93.95%,103.93%,0.097655,2026-07-31
SKHY,143.73,2026-08-07,6,Call,190.00,-32.19%,0.6,0.7,0.9,812,373,2.18,114.69%,139.20%,0.070617,2026-07-31
META,556.71,2026-08-28,27,Call,600.00,-7.78%,8.75,9,9.5,973,447,2.18,38.93%,39.27%,0.265844,2026-07-31
MU,823.03,2026-08-05,4,Call,900.00,-9.35%,11.1,11.8,11.65,1931,885,2.18,91.94%,105.81%,0.227138,2026-07-31
NVDA,200.75,2026-08-28,27,Put,160.00,-20.30%,0.71,0.7,0.79,2680,1232,2.18,41.38%,55.34%,-0.055132,2026-07-31
AAPL,308.91,2026-08-14,13,Call,322.50,-4.40%,1.85,2.45,2.47,573,264,2.17,27.30%,28.75%,0.228116,2026-07-31
AVGO,389.28,2026-08-03,2,Call,395.00,-1.47%,2.9,3.27,3.5,955,441,2.17,52.14%,48.18%,0.349468,2026-07-31
AAPL,308.91,2026-08-03,2,Put,335.00,+8.45%,24.55,25.3,27,1127,520,2.17,27.30%,46.21%,-0.993807,2026-07-31
GOOGL,356.13,2026-08-28,27,Call,375.00,-5.30%,5.25,5.8,6.35,1197,552,2.17,32.89%,32.38%,0.303634,2026-07-31
AMZN,271.58,2026-08-28,27,Put,240.00,-11.63%,0.96,1.17,1.29,716,332,2.16,32.32%,35.66%,-0.088776,2026-07-31
C,132.45,2027-01-15,167,Call,50.00,+62.25%,81.75,83.5,84.6,850,394,2.16,30.39%,84.25%,0.974197,2026-07-31
MAR,372.83,2026-09-18,48,Put,360.00,-3.44%,9.8,10.5,11.2,1005,465,2.16,31.91%,31.39%,-0.34715,2026-07-31
AMZN,271.58,2026-08-03,2,Put,280.00,+3.10%,8.3,9.25,9.85,1068,494,2.16,32.32%,41.05%,-0.83851,2026-07-31
BABA,122.25,2026-08-07,6,Call,135.00,-10.43%,0.21,0.22,0.26,2315,1071,2.16,47.14%,50.90%,0.068513,2026-07-31
BABA,122.25,2026-10-16,76,Put,100.00,-18.20%,1.76,1.95,2.14,5382,2491,2.16,47.14%,45.10%,-0.138614,2026-07-31
AMZN,271.58,2026-08-28,27,Call,285.00,-4.94%,4.25,4.95,4.75,578,269,2.15,32.32%,31.59%,0.313013,2026-07-31
HIMS,27.77,2026-08-07,6,Put,24.50,-11.78%,0.18,0.23,0.24,743,346,2.15,103.81%,89.98%,-0.125383,2026-07-31
KO,87.59,2026-08-07,6,Call,87.00,+0.67%,1.36,1.44,1.44,1006,467,2.15,21.57%,23.95%,0.595413,2026-07-31
TSLA,311.21,2026-08-05,4,Put,297.50,-4.41%,1.57,1.52,1.62,1669,777,2.15,45.64%,48.83%,-0.180371,2026-07-31
GOOG,356.65,2026-08-07,6,Call,362.50,-1.64%,3.9,4.25,4.25,2491,1156,2.15,32.53%,35.43%,0.373233,2026-07-31
KMI,32.18,2026-09-18,48,Call,25.00,+22.31%,6.9,7.2,7.45,600,280,2.14,22.77%,35.42%,0.979707,2026-07-31
INTC,90.2,2026-08-07,6,Put,76.00,-15.74%,0.5,0.45,0.6,675,316,2.14,83.34%,105.89%,-0.091251,2026-07-31
COIN,146.26,2026-08-14,13,Put,120.00,-17.95%,0.63,0.76,0.87,851,397,2.14,71.54%,76.95%,-0.074423,2026-07-31
SNDK,1214.83,2026-08-07,6,Put,850.00,-30.03%,9.7,9.98,10.5,910,425,2.14,133.72%,202.50%,-0.065838,2026-07-31
NOW,111.23,2026-08-14,13,Put,95.00,-14.59%,0.4,0.52,0.58,996,466,2.14,59.95%,62.24%,-0.079037,2026-07-31
META,556.71,2026-08-21,20,Call,540.00,+3.00%,30.15,31.29,31.75,1037,485,2.14,38.93%,40.96%,0.649542,2026-07-31
EOSE,3.38,2026-08-07,6,Call,3.50,-3.55%,0.27,0.28,0.34,1717,801,2.14,151.55%,205.80%,0.500774,2026-07-31
MSFT,464.72,2026-08-07,6,Call,460.00,+1.02%,10.65,11.61,11.7,6811,3177,2.14,30.64%,35.88%,0.600624,2026-07-31
DDOG,267.97,2026-08-21,20,Call,400.00,-49.27%,0.75,0.8,1,4286,2013,2.13,83.88%,91.90%,0.040466,2026-07-31
MU,823.03,2026-08-03,2,Call,895.00,-8.74%,3,3.16,3.35,574,270,2.13,91.94%,92.68%,0.118031,2026-07-31
META,556.71,2026-08-03,2,Call,540.00,+3.00%,17,18,19.3,680,320,2.13,38.93%,40.84%,0.848311,2026-07-31
VIAV,36.95,2026-09-18,48,Call,40.00,-8.25%,4.1,4.55,4.7,969,456,2.13,110.86%,103.58%,0.495855,2026-07-31
MU,823.03,2026-08-21,20,Call,"1,020.00",-23.93%,17.75,19.8,18.55,1558,732,2.13,91.94%,94.62%,0.19785,2026-07-31
V,366.13,2026-08-21,20,Call,385.00,-5.15%,1.83,2.07,2.05,1659,778,2.13,23.16%,22.69%,0.18666,2026-07-31
META,556.71,2026-09-18,48,Call,535.00,+3.90%,42.9,44.03,45.4,742,350,2.12,38.93%,38.95%,0.64895,2026-07-31
AAPL,308.91,2026-09-04,34,Call,350.00,-13.30%,0.68,0.85,0.96,1108,522,2.12,27.30%,26.90%,0.074592,2026-07-31
INTC,90.2,2026-08-03,2,Put,83.00,-7.98%,0.32,0.31,0.38,1153,543,2.12,83.34%,94.86%,-0.110837,2026-07-31
DELL,405.37,2026-08-07,6,Call,380.00,+6.26%,32,37.8,35.1,1205,569,2.12,87.21%,89.50%,0.733944,2026-07-31
BIDU,111.11,2026-09-18,48,Put,80.00,-28.00%,0.25,0.38,0.62,1373,647,2.12,54.00%,56.90%,-0.042995,2026-07-31
SNDK,1214.83,2026-08-07,6,Call,"1,500.00",-23.47%,30,31.5,33,2283,1075,2.12,133.72%,182.15%,0.216612,2026-07-31
CRWV,71.77,2026-09-18,48,Put,72.50,+1.02%,10.7,11.05,11.3,3709,1748,2.12,111.10%,104.19%,-0.431837,2026-07-31
KDP,31.12,2026-08-21,20,Call,33.00,-6.04%,0.25,0.3,0.45,10926,5163,2.12,34.87%,34.25%,0.245742,2026-07-31
NBIS,190.41,2026-08-07,6,Call,200.00,-5.04%,9.75,9.75,10.05,3865,1829,2.11,137.11%,141.82%,0.430115,2026-07-31
QBTS,18.08,2026-10-16,76,Call,15.00,+17.04%,4.45,4.73,5.35,1013,480,2.11,99.17%,102.53%,0.742051,2026-07-31
AMZN,271.58,2028-12-15,867,Put,410.00,+50.97%,143.5,146.23,148.5,1125,533,2.11,32.32%,36.69%,-0.72466,2026-07-31
MU,823.03,2026-08-05,4,Call,950.00,-15.43%,4.3,4.65,4.8,1194,565,2.11,91.94%,105.91%,0.108393,2026-07-31
IBKR,87.99,2026-08-07,6,Put,82.00,-6.81%,0.25,0.38,0.5,506,241,2.1,41.01%,50.30%,-0.128575,2026-07-31
TSLA,311.21,2026-08-05,4,Put,285.00,-8.42%,0.39,0.4,0.41,740,353,2.1,45.64%,53.26%,-0.053417,2026-07-31
NKE,41.71,2026-08-07,6,Call,42.50,-1.89%,0.46,0.56,0.53,1903,906,2.1,37.20%,38.63%,0.361176,2026-07-31
GOOGL,356.13,2026-08-07,6,Put,330.00,-7.34%,0.43,0.48,0.51,2129,1016,2.1,32.89%,39.11%,-0.059946,2026-07-31
CRWD,190.86,2026-08-07,6,Call,205.00,-7.41%,1.5,1.65,1.9,799,382,2.09,62.76%,63.42%,0.202983,2026-07-31
RKT,12.9,2026-08-07,6,Put,12.00,-6.98%,0.23,0.25,0.3,4851,2319,2.09,69.14%,96.69%,-0.257944,2026-07-31
ET,20.36,2026-10-16,76,Put,19.00,-6.68%,0.22,0.28,0.39,15062,7209,2.09,21.37%,21.75%,-0.242033,2026-07-31
CRWV,71.77,2026-08-07,6,Call,80.00,-11.47%,1.31,1.43,1.44,8385,4024,2.08,111.10%,110.45%,0.244555,2026-07-31
OKLO,38.83,2027-06-17,320,Put,30.00,-22.74%,6.3,6.67,7.85,501,241,2.08,99.42%,92.21%,-0.22376,2026-07-31
NKE,41.71,2026-08-07,6,Put,40.50,-2.90%,0.25,0.29,0.29,579,278,2.08,37.20%,34.18%,-0.244008,2026-07-31
APLD,27.39,2026-08-07,6,Call,29.00,-5.88%,0.93,1.1,1.1,677,325,2.08,105.93%,117.61%,0.382284,2026-07-31
CMG,37.22,2026-08-14,13,Call,40.00,-7.47%,0.01,0.2,0.4,1324,636,2.08,35.46%,36.20%,0.158318,2026-07-31
NBIS,190.41,2026-08-07,6,Call,240.00,-26.04%,1.78,1.92,1.97,1647,793,2.08,137.11%,141.69%,0.118981,2026-07-31
AAPL,308.91,2026-08-07,6,Put,345.00,+11.68%,34.5,41.38,37.85,516,249,2.07,27.30%,43.99%,-0.977165,2026-07-31
PWR,667.36,2026-08-21,20,Call,700.00,-4.89%,16.6,20.58,22,535,258,2.07,49.37%,51.12%,0.373343,2026-07-31
FIG,24.32,2026-08-07,6,Call,24.50,-0.74%,1.87,2,2.2,668,323,2.07,106.76%,169.92%,0.531012,2026-07-31
RLAY,18.83,2026-09-18,48,Call,17.00,+9.72%,2.15,3.3,4.7,744,359,2.07,86.63%,91.21%,0.687674,2026-07-31
CRWD,190.86,2026-08-07,6,Call,190.00,+0.45%,6.5,6.66,6.9,1217,589,2.07,62.76%,63.70%,0.541195,2026-07-31
CAPR,3.85,2026-09-18,48,Put,4.00,+3.90%,1.3,1.45,1.5,1910,924,2.07,257.43%,242.76%,-0.344367,2026-07-31
CVNA,62.36,2026-08-21,20,Put,53.00,-15.01%,0.78,0.9,0.97,2126,1028,2.07,66.15%,72.97%,-0.147305,2026-07-31
BTDR,10.52,2026-08-07,6,Call,12.00,-14.07%,0.2,0.3,0.3,3689,1781,2.07,130.05%,134.68%,0.250603,2026-07-31
SOFI,16.31,2026-08-07,6,Call,16.50,-1.16%,0.35,0.35,0.36,12680,6124,2.07,51.28%,52.37%,0.44826,2026-07-31
F,14.68,2026-08-07,6,Put,14.50,-1.23%,0.19,0.19,0.2,3613,1755,2.06,34.94%,36.92%,-0.38831,2026-07-31
JNJ,256.35,2026-09-18,48,Call,270.00,-5.32%,3.75,4.3,4.2,7213,3504,2.06,24.80%,23.84%,0.296517,2026-07-31
TSLA,311.21,2026-08-07,6,Put,312.50,+0.41%,8.4,8.1,8.5,894,434,2.06,45.64%,49.38%,-0.510469,2026-07-31
AAPL,308.91,2026-08-07,6,Put,350.00,+13.30%,39.55,41.5,42.5,906,440,2.06,27.30%,59.27%,-0.947738,2026-07-31
UNH,414.4,2026-09-18,48,Put,420.00,+1.35%,19.2,19.35,20.35,1148,556,2.06,28.35%,28.64%,-0.524382,2026-07-31
META,556.71,2026-08-21,20,Call,520.00,+6.59%,43.7,43.44,46.1,578,282,2.05,38.93%,41.69%,0.778057,2026-07-31
SPCX,108.37,2026-08-07,6,Put,102.00,-5.88%,5.8,6.1,6,634,310,2.05,109.71%,162.83%,-0.345673,2026-07-31
COIN,146.26,2026-08-07,6,Call,165.00,-12.81%,1,1.06,1.2,1891,921,2.05,71.54%,83.63%,0.14338,2026-07-31
F,14.68,2026-08-14,13,Call,15.50,-5.59%,0.1,0.12,0.12,2102,1023,2.05,34.94%,34.44%,0.209976,2026-07-31
AAPL,308.91,2026-08-03,2,Put,330.00,+6.83%,19.6,22.2,22.2,2683,1306,2.05,27.30%,77.83%,-0.868042,2026-07-31
TSLA,311.21,2026-08-05,4,Call,355.00,-14.07%,0.18,0.21,0.2,509,249,2.04,45.64%,62.94%,0.025053,2026-07-31
TSLA,311.21,2026-08-21,20,Call,307.50,+1.19%,15.55,15.92,15.85,525,257,2.04,45.64%,46.56%,0.572525,2026-07-31
COST,951.89,2026-08-28,27,Put,780.00,-18.06%,0.07,0.34,0.51,580,284,2.04,23.55%,32.38%,-0.009928,2026-07-31
META,556.71,2026-09-18,48,Call,530.00,+4.80%,46,47.82,48.2,718,352,2.04,38.93%,38.84%,0.673562,2026-07-31
OKLO,38.83,2026-08-07,6,Call,40.00,-3.01%,1.84,2.11,2.17,743,364,2.04,99.42%,126.03%,0.460462,2026-07-31
CRWV,71.77,2026-08-07,6,Call,83.00,-15.65%,0.81,0.92,0.92,837,410,2.04,111.10%,110.20%,0.17,2026-07-31
SNDK,1214.83,2026-08-07,6,Call,"1,250.00",-2.90%,96.2,100.1,102.3,1266,620,2.04,133.72%,183.96%,0.499774,2026-07-31
RDDT,140.67,2027-01-15,167,Call,180.00,-27.96%,15,15.54,16.05,1761,865,2.04,69.71%,71.58%,0.408726,2026-07-31
OHI,50.63,2027-01-15,167,Call,38.00,+24.95%,12,12.5,13.2,547,269,2.03,23.67%,26.25%,0.981255,2026-07-31
UNH,414.4,2026-10-16,76,Put,380.00,-8.30%,8.3,9.45,11.3,714,351,2.03,28.35%,32.49%,-0.248336,2026-07-31
GLW,138.25,2026-08-07,6,Put,115.00,-16.82%,0.51,0.57,0.64,902,444,2.03,80.36%,101.41%,-0.068831,2026-07-31
FTAI,206,2026-08-21,20,Call,230.00,-11.65%,4.1,5.6,8.2,1660,816,2.03,69.68%,74.52%,0.295971,2026-07-31
MSFT,464.72,2026-08-03,2,Call,480.00,-3.29%,0.34,0.4,0.4,2300,1133,2.03,30.64%,30.52%,0.078674,2026-07-31
META,556.71,2026-08-07,6,Call,565.00,-1.49%,8.6,8.83,9,560,277,2.02,38.93%,43.20%,0.409186,2026-07-31
MU,823.03,2026-08-03,2,Put,890.00,+8.14%,67.35,60.8,74.75,638,316,2.02,91.94%,96.25%,-0.855868,2026-07-31
META,556.71,2026-08-21,20,Call,"1,060.00",-90.40%,0.01,0.11,0.21,927,460,2.02,38.93%,96.17%,0.00308,2026-07-31
WULF,17.66,2026-10-16,76,Put,14.00,-20.72%,1.47,1.5,1.54,1025,508,2.02,110.78%,99.58%,-0.243473,2026-07-31
GOOGL,356.13,2026-08-07,6,Call,345.00,+3.13%,13.3,14.07,14.35,1737,862,2.02,32.89%,37.36%,0.757521,2026-07-31
XOM,155.44,2026-08-07,6,Call,160.00,-2.93%,1.05,1.12,1.26,2237,1105,2.02,30.19%,35.59%,0.271731,2026-07-31
GOOGL,356.13,2026-08-07,6,Call,380.00,-6.70%,0.7,0.75,0.8,3758,1857,2.02,32.89%,37.60%,0.095045,2026-07-31
GOOG,356.65,2026-12-18,139,Call,380.00,-6.55%,22.05,22.66,23.55,2593,1287,2.01,32.53%,34.58%,0.44934,2026-07-31
NFLX,71.71,2026-08-07,6,Call,71.00,+0.99%,1.74,1.77,1.8,3008,1493,2.01,35.34%,37.30%,0.596568,2026-07-31
AVGO,389.28,2026-08-03,2,Put,380.00,-2.38%,1.65,2.07,2.23,531,264,2.01,52.14%,47.24%,-0.23832,2026-07-31
CRWV,71.77,2026-08-07,6,Call,76.00,-5.89%,2.32,2.36,2.52,565,281,2.01,111.10%,110.86%,0.371572,2026-07-31
DELL,405.37,2026-08-07,6,Call,470.00,-15.94%,1.87,1.98,2.24,622,309,2.01,87.21%,86.37%,0.100937,2026-07-31
OKE,90.81,2027-01-15,167,Call,60.00,+33.93%,29.4,30.3,32,640,318,2.01,31.29%,34.20%,0.987817,2026-07-31
UEC,9.6,2026-08-07,6,Call,9.00,+6.25%,0.69,0.75,0.8,723,360,2.01,77.65%,76.87%,0.761236,2026-07-31
NFLX,71.71,2026-08-28,27,Put,70.00,-2.38%,1.81,1.83,1.87,1245,618,2.01,35.34%,34.84%,-0.372449,2026-07-31
TSLA,311.21,2026-08-07,6,Put,277.50,-10.83%,0.41,0.42,0.43,592,296,2,45.64%,54.37%,-0.045758,2026-07-31
TSLA,311.21,2026-08-05,4,Put,320.00,+2.82%,11.5,11.6,12,681,341,2,45.64%,49.39%,-0.694327,2026-07-31
MSFT,464.72,2026-09-04,34,Call,500.00,-7.59%,5,5.45,5.6,810,405,2,30.64%,29.35%,0.228928,2026-07-31
FCX,62.63,2026-08-07,6,Call,63.00,-0.59%,1.52,1.58,1.8,940,469,2,51.74%,56.87%,0.484645,2026-07-31
SNDK,1214.83,2026-08-07,6,Call,"1,400.00",-15.24%,48,50.54,52,2442,1218,2,133.72%,180.78%,0.31075,2026-07-31
MSFT,464.72,2026-08-03,2,Call,470.00,-1.14%,1.96,2.24,2.24,8599,4319,1.99,30.64%,30.44%,0.314412,2026-07-31
NVO,47.08,2026-08-21,20,Call,48.50,-3.02%,1.21,1.35,1.53,604,303,1.99,44.04%,45.67%,0.404073,2026-07-31
AMZN,271.58,2026-08-03,2,Call,262.50,+3.34%,9.2,9.5,10.25,634,318,1.99,32.32%,42.54%,0.864782,2026-07-31
AMCX,11.2,2026-09-18,48,Put,7.50,-33.04%,0.05,0.1,0.2,1001,504,1.99,79.19%,85.34%,-0.07146,2026-07-31
GLW,138.25,2026-08-07,6,Put,120.00,-13.20%,0.95,1.05,1.08,1019,512,1.99,80.36%,97.15%,-0.1146,2026-07-31
BIDU,111.11,2026-08-07,6,Call,115.00,-3.50%,1.29,1.35,1.5,515,260,1.98,54.00%,50.46%,0.311913,2026-07-31
AAL,15.27,2026-08-14,13,Call,14.50,+5.04%,0.97,1.16,1.21,571,288,1.98,49.90%,56.15%,0.706416,2026-07-31
GOOG,356.65,2026-08-07,6,Put,327.50,-8.17%,0.25,0.31,0.45,718,362,1.98,32.53%,40.17%,-0.045399,2026-07-31
MU,823.03,2026-08-07,6,Put,600.00,-27.10%,1.3,1.51,1.6,3236,1635,1.98,91.94%,132.56%,-0.025721,2026-07-31
HOOD,86.56,2026-08-07,6,Call,90.00,-3.97%,1.85,1.95,1.95,7174,3626,1.98,68.51%,73.64%,0.359672,2026-07-31
TSLA,311.21,2026-08-07,6,Call,320.00,-2.82%,4.4,4.48,4.5,7361,3745,1.97,45.64%,49.76%,0.346261,2026-07-31
NTRA,267.76,2026-08-21,20,Call,330.00,-23.24%,0,1.88,4.1,604,307,1.97,61.51%,67.19%,0.107915,2026-07-31
AMD,476.15,2026-08-07,6,Put,390.00,-18.09%,2.34,2.6,2.8,623,316,1.97,78.82%,115.20%,-0.076516,2026-07-31
RIVN,15.22,2026-08-21,20,Call,15.50,-1.84%,0.75,0.78,0.85,698,354,1.97,62.92%,64.21%,0.486873,2026-07-31
GLW,138.25,2026-08-07,6,Call,170.00,-22.97%,0.2,0.43,0.32,803,407,1.97,80.36%,89.98%,0.041787,2026-07-31
COIN,146.26,2026-08-07,6,Call,170.00,-16.23%,0.6,0.7,0.7,1465,742,1.97,71.54%,84.51%,0.091986,2026-07-31
TTE,87.86,2026-08-21,20,Call,90.00,-2.44%,0.5,1.55,1.65,2517,1277,1.97,25.92%,23.59%,0.342133,2026-07-31
PYPL,57.21,2026-08-07,6,Put,55.00,-3.86%,0.19,0.23,0.24,863,440,1.96,31.74%,32.67%,-0.165769,2026-07-31
GOOG,356.65,2026-08-28,27,Call,370.00,-3.74%,7.35,7.91,8.05,1061,540,1.96,32.53%,32.98%,0.367993,2026-07-31
AMZN,271.58,2026-08-07,6,Put,275.00,+1.26%,7.35,7.6,7.8,1175,600,1.96,32.32%,41.43%,-0.579612,2026-07-31
AAPL,308.91,2026-08-07,6,Put,295.00,-4.50%,0.95,1.15,1.29,9672,4941,1.96,27.30%,35.78%,-0.149599,2026-07-31
BAC,61.95,2027-01-15,167,Put,62.50,+0.89%,4.05,4.11,4.3,3186,1630,1.95,21.54%,24.96%,-0.470208,2026-07-31
PAA,24.57,2026-11-20,111,Call,22.00,+10.46%,2.9,2.96,3,9484,4859,1.95,22.17%,28.38%,0.773894,2026-07-31
MU,823.03,2027-06-17,320,Call,"1,720.00",-108.98%,80.4,85.29,89.9,500,257,1.95,91.94%,82.52%,0.300212,2026-07-31
BA,216.14,2026-08-07,6,Call,212.50,+1.68%,5.2,6.5,6.95,646,332,1.95,34.45%,36.49%,0.650039,2026-07-31
SPCX,108.37,2026-08-07,6,Call,113.00,-4.27%,7.1,7.2,7.2,1758,902,1.95,109.71%,163.82%,0.463599,2026-07-31
CRWV,71.77,2026-08-07,6,Call,77.00,-7.29%,2.01,2.18,2.17,629,324,1.94,111.10%,110.05%,0.335858,2026-07-31
CMG,37.22,2026-08-07,6,Call,39.00,-4.78%,0.16,0.17,0.21,649,334,1.94,35.46%,39.11%,0.185486,2026-07-31
SOFI,16.31,2026-08-07,6,Call,14.00,+14.16%,2.02,2.33,2.45,948,489,1.94,51.28%,61.43%,0.976477,2026-07-31
SPCX,108.37,2026-08-07,6,Call,117.00,-7.96%,5.7,5.85,5.9,1050,542,1.94,109.71%,164.76%,0.399618,2026-07-31
AMD,476.15,2026-08-03,2,Call,510.00,-7.11%,1.26,1.35,1.49,1438,741,1.94,78.82%,74.15%,0.11119,2026-07-31
AMZN,271.58,2026-08-03,2,Call,265.00,+2.42%,7.35,7.55,7.95,8333,4285,1.94,32.32%,42.11%,0.790697,2026-07-31
ZS,151.2,2026-08-07,6,Call,160.00,-5.82%,1.6,1.72,1.93,611,316,1.93,67.52%,62.20%,0.253937,2026-07-31
MSFT,464.72,2026-10-16,76,Put,445.00,-4.24%,15,16.65,16.25,628,325,1.93,30.64%,30.51%,-0.338148,2026-07-31
FORM,106.2,2026-08-21,20,Put,75.00,-29.38%,0.6,1.1,1.35,1024,531,1.93,106.99%,111.72%,-0.071072,2026-07-31
INTC,90.2,2026-08-07,6,Put,87.00,-3.55%,2.86,2.92,3.1,1152,597,1.93,83.34%,97.46%,-0.361254,2026-07-31
SPCX,108.37,2026-08-07,6,Call,114.00,-5.20%,6.7,6.77,6.9,1299,673,1.93,109.71%,164.24%,0.447319,2026-07-31
TSLA,311.21,2026-08-05,4,Call,322.50,-3.63%,2.44,2.48,2.5,1534,796,1.93,45.64%,49.93%,0.258447,2026-07-31
PLTR,123.06,2026-08-07,6,Call,120.00,+2.49%,8.5,8.62,8.65,2143,1113,1.93,67.71%,111.08%,0.599569,2026-07-31
S,19.06,2026-08-14,13,Call,20.00,-4.93%,0.55,0.57,0.6,2239,1159,1.93,67.24%,65.65%,0.375921,2026-07-31
RDW,8.62,2026-08-14,13,Call,10.00,-16.01%,0.3,0.35,0.4,684,357,1.92,109.73%,124.36%,0.305044,2026-07-31
FISV,53.94,2026-08-07,6,Call,59.00,-9.38%,0.75,0.82,0.85,792,413,1.92,54.84%,89.02%,0.2347,2026-07-31
AMZN,271.58,2028-12-15,867,Call,310.00,-14.15%,59.95,61.67,62,994,520,1.91,32.32%,39.08%,0.597747,2026-07-31
UBER,70.36,2026-08-21,20,Call,72.00,-2.33%,2.43,2.58,2.66,1098,574,1.91,44.79%,48.80%,0.449388,2026-07-31
BIDU,111.11,2026-08-21,20,Call,125.00,-12.50%,1.65,1.7,1.87,1613,843,1.91,54.00%,58.18%,0.217021,2026-07-31
AMD,476.15,2026-08-05,4,Call,550.00,-15.51%,3.75,4.1,4.2,1953,1020,1.91,78.82%,119.50%,0.138527,2026-07-31
BE,205.81,2026-08-21,20,Put,80.00,-61.13%,0.06,0.32,0.32,2116,1110,1.91,126.85%,175.82%,-0.006106,2026-07-31
RSI,26.91,2026-08-21,20,Call,30.00,-11.48%,0.3,0.42,0.6,2530,1325,1.91,56.35%,56.75%,0.230557,2026-07-31
INTC,90.2,2026-08-03,2,Call,100.00,-10.86%,0.15,0.19,0.19,5157,2696,1.91,83.34%,90.36%,0.066013,2026-07-31
BULL,7.06,2027-01-15,167,Put,30.00,+324.93%,22.7,23.3,24,5164,2707,1.91,70.09%,165.41%,-0.791845,2026-07-31
NVDA,200.75,2026-08-05,4,Call,210.00,-4.61%,0.67,0.71,0.72,7160,3748,1.91,41.38%,41.34%,0.155922,2026-07-31
PAGP,26.33,2026-08-21,20,Call,26.00,+1.25%,0.65,0.7,0.75,3975,2091,1.9,20.06%,22.04%,0.598233,2026-07-31
MU,823.03,2026-08-07,6,Call,960.00,-16.64%,8.65,9.19,9.3,501,263,1.9,91.94%,110.68%,0.15629,2026-07-31
IONQ,36.44,2026-11-20,111,Call,75.00,-105.82%,1.26,1.56,1.57,514,270,1.9,102.36%,102.25%,0.164156,2026-07-31
MSTR,93.28,2026-08-21,20,Put,84.00,-9.95%,2.69,2.8,3.15,525,277,1.9,77.78%,79.87%,-0.25357,2026-07-31
INTC,90.2,2026-08-05,4,Put,83.00,-7.98%,0.98,1.06,1.22,548,289,1.9,83.34%,100.29%,-0.198264,2026-07-31
LCID,7.38,2026-08-14,13,Call,7.00,+5.15%,0.79,0.94,1.03,632,332,1.9,120.42%,129.44%,0.634529,2026-07-31
AMD,476.15,2026-08-07,6,Put,300.00,-36.99%,0.12,0.29,0.39,678,356,1.9,78.82%,155.14%,-0.007667,2026-07-31
MSFT,464.72,2026-08-03,2,Put,442.50,-4.78%,0.23,0.31,0.39,756,397,1.9,30.64%,41.12%,-0.051571,2026-07-31
AMZN,271.58,2026-08-03,2,Call,257.50,+5.18%,13.7,14.2,15.45,1066,561,1.9,32.32%,53.97%,0.912714,2026-07-31
AA,45.26,2026-08-14,13,Call,50.00,-10.47%,0.34,0.41,0.46,515,272,1.89,52.49%,52.70%,0.173068,2026-07-31
HD,331.96,2026-08-21,20,Call,440.00,-32.55%,0.01,0.19,0.25,613,325,1.89,34.39%,50.47%,0.010118,2026-07-31
PLTR,123.06,2026-08-07,6,Call,121.00,+1.67%,8,8.15,8.15,708,374,1.89,67.71%,111.60%,0.576801,2026-07-31
MU,823.03,2026-08-07,6,Call,830.00,-0.85%,42.95,44.1,45.35,726,385,1.89,91.94%,112.07%,0.506861,2026-07-31
TTD,18.04,2027-01-15,167,Put,60.00,+232.59%,40.7,41.75,43.35,772,408,1.89,82.21%,105.83%,-0.945378,2026-07-31
NVDA,200.75,2026-08-07,6,Call,210.00,-4.61%,1.18,1.18,1.22,65052,34432,1.89,41.38%,41.10%,0.206443,2026-07-31
ORCL,129.87,2026-08-07,6,Call,139.00,-7.03%,1.46,1.53,1.7,552,293,1.88,69.81%,70.17%,0.239879,2026-07-31
AMZN,271.58,2027-02-19,202,Call,300.00,-10.46%,19.85,20.55,20.65,563,299,1.88,32.32%,35.81%,0.437406,2026-07-31
SNDK,1214.83,2026-08-07,6,Call,"1,350.00",-11.13%,61,64.37,66.3,565,301,1.88,133.72%,181.99%,0.369569,2026-07-31
MRVL,187.56,2026-08-07,6,Put,190.00,+1.30%,10.75,11.4,11.4,791,420,1.88,93.95%,102.21%,-0.511836,2026-07-31
IREN,36.8,2027-01-15,167,Call,37.00,-0.54%,10.3,11,12.35,2063,1100,1.88,122.62%,115.33%,0.657507,2026-07-31
VST,148.19,2026-08-07,6,Call,160.00,-7.97%,1.76,1.95,2.07,627,336,1.87,58.23%,76.94%,0.234811,2026-07-31
TSLA,311.21,2026-08-05,4,Call,325.00,-4.43%,1.94,1.95,1.99,2671,1427,1.87,45.64%,50.39%,0.215305,2026-07-31
KEEL,3.97,2028-12-15,867,Call,10.00,-151.89%,1.5,1.5,1.77,5010,2691,1.86,124.63%,106.28%,0.623994,2026-07-31
SPCX,108.37,2026-08-21,20,Put,105.00,-3.11%,10.3,10.3,10.4,10876,5855,1.86,109.71%,121.41%,-0.397848,2026-07-31
IREN,36.8,2026-08-07,6,Call,38.50,-4.62%,1.66,1.84,1.93,548,294,1.86,122.62%,132.44%,0.429523,2026-07-31
HOOD,86.56,2026-08-07,6,Call,87.00,-0.51%,3.05,3.09,3.2,1311,703,1.86,68.51%,74.75%,0.50049,2026-07-31
RIVN,15.22,2026-08-07,6,Put,16.00,+5.12%,0.93,0.99,1.03,1833,988,1.86,62.92%,62.97%,-0.717176,2026-07-31
NVDA,200.75,2026-08-12,11,Call,200.00,+0.37%,5.7,6.3,6.15,1047,565,1.85,41.38%,39.26%,0.540884,2026-07-31
MU,823.03,2026-08-28,27,Call,"1,000.00",-21.50%,28.8,29.83,30.3,1308,706,1.85,91.94%,93.17%,0.263809,2026-07-31
AMZN,271.58,2026-08-21,20,Call,267.50,+1.50%,10.5,11.38,11.95,1769,957,1.85,32.32%,34.71%,0.599259,2026-07-31
RDDT,140.67,2026-08-07,6,Put,130.00,-7.59%,1.05,1.52,1.68,2872,1557,1.84,69.71%,72.40%,-0.183503,2026-07-31
GOOGL,356.13,2026-11-20,111,Call,470.00,-31.97%,2.88,3.08,3.3,5428,2949,1.84,32.89%,35.28%,0.10152,2026-07-31
AMZN,271.58,2026-08-21,20,Put,300.00,+10.46%,28.8,29,30,523,284,1.84,32.32%,35.49%,-0.879153,2026-07-31
NBIS,190.41,2026-08-14,13,Call,190.00,+0.22%,22.1,22.7,23.35,567,308,1.84,137.11%,157.07%,0.563498,2026-07-31
BSX,46.73,2026-08-21,20,Put,42.50,-9.05%,0.35,0.45,0.5,609,331,1.84,42.88%,43.88%,-0.160462,2026-07-31
MRVL,187.56,2026-08-07,6,Put,185.00,-1.36%,8.1,8.1,9.05,787,427,1.84,93.95%,103.44%,-0.431112,2026-07-31
ACHR,4.64,2026-08-07,6,Call,4.50,+3.02%,0.25,0.28,0.28,1049,570,1.84,92.28%,79.20%,0.639985,2026-07-31
NKE,41.71,2026-08-07,6,Call,44.00,-5.49%,0.16,0.17,0.18,1631,888,1.84,37.20%,40.12%,0.155179,2026-07-31
WMT,111.2,2026-08-07,6,Call,114.00,-2.52%,0.57,0.62,0.63,1638,892,1.84,32.07%,28.07%,0.254396,2026-07-31
AAPL,308.91,2026-08-28,27,Call,355.00,-14.92%,0.32,0.39,0.47,2222,1210,1.84,27.30%,28.41%,0.04184,2026-07-31
MUR,39.74,2026-08-21,20,Call,42.50,-6.95%,0.65,0.78,1.25,584,320,1.83,52.63%,53.19%,0.316387,2026-07-31
NVDA,200.75,2026-08-14,13,Call,217.50,-8.34%,0.99,1.19,1.08,1012,554,1.83,41.38%,38.14%,0.144071,2026-07-31
NFLX,71.71,2026-08-07,6,Put,69.00,-3.78%,0.38,0.39,0.41,2468,1347,1.83,35.34%,37.41%,-0.200898,2026-07-31
PLTR,123.06,2026-08-07,6,Call,123.00,+0.05%,7,7.1,7.15,3201,1751,1.83,67.71%,111.50%,0.531508,2026-07-31
SOFI,16.31,2026-08-07,6,Put,16.00,-1.90%,0.29,0.3,0.3,7653,4176,1.83,51.28%,52.78%,-0.372625,2026-07-31
ADBE,250.41,2026-08-07,6,Call,280.00,-11.82%,0.6,0.71,0.76,548,301,1.82,52.57%,60.07%,0.080139,2026-07-31
AMD,476.15,2026-08-05,4,Put,430.00,-9.69%,6.2,6.64,7.25,646,354,1.82,78.82%,120.54%,-0.191084,2026-07-31
AAPL,308.91,2026-08-28,27,Put,290.00,-6.12%,2.41,2.7,2.9,671,369,1.82,27.30%,28.84%,-0.191606,2026-07-31
MSFT,464.72,2026-08-07,6,Call,495.00,-6.52%,0.74,0.82,0.87,965,530,1.82,30.64%,35.10%,0.085371,2026-07-31
RDDT,140.67,2026-09-18,48,Call,160.00,-13.74%,7.3,7.31,7.9,1205,663,1.82,69.71%,69.87%,0.35857,2026-07-31
GOOG,356.65,2026-08-07,6,Call,345.00,+3.27%,13.8,14.55,14.65,1530,840,1.82,32.53%,37.39%,0.766797,2026-07-31
MU,823.03,2026-08-07,6,Put,850.00,+3.28%,60.8,62.19,63.5,2041,1124,1.82,91.94%,111.65%,-0.559861,2026-07-31
GOOGL,356.13,2026-08-05,4,Call,340.00,+4.53%,16.1,17.43,17.7,618,341,1.81,32.89%,35.50%,0.898966,2026-07-31
TSLA,311.21,2026-08-07,6,Put,282.50,-9.23%,0.64,0.59,0.67,662,366,1.81,45.64%,52.40%,-0.069105,2026-07-31
AAOI,94.32,2026-08-07,6,Call,110.00,-16.62%,4.1,5.3,5.2,917,507,1.81,144.02%,205.69%,0.32667,2026-07-31
BE,205.81,2026-08-07,6,Call,240.00,-16.61%,5.2,5.8,5.8,1524,842,1.81,126.85%,154.11%,0.249491,2026-07-31
AMZN,271.58,2026-08-03,2,Call,235.00,+13.47%,35.9,36.95,36.95,1746,964,1.81,32.32%,110.89%,0.964531,2026-07-31
MSTR,93.28,2026-08-07,6,Put,80.00,-14.24%,0.35,0.38,0.41,3444,1902,1.81,77.78%,87.74%,-0.076875,2026-07-31
MSTR,93.28,2026-09-18,48,Call,130.00,-39.37%,1.85,2.13,2.1,5019,2780,1.81,77.78%,79.01%,0.159053,2026-07-31
AAPL,308.91,2026-08-07,6,Call,325.00,-5.21%,0.87,1,1.23,8712,4813,1.81,27.30%,36.26%,0.145165,2026-07-31
SPCX,108.37,2026-08-21,20,Call,120.00,-10.73%,8,8.01,8.2,11499,6366,1.81,109.71%,122.66%,0.418942,2026-07-31
NCLH,18.53,2026-09-18,48,Call,19.00,-2.54%,1.05,1.11,1.15,5265,2931,1.8,46.87%,47.32%,0.48734,2026-07-31
SKHY,143.73,2026-08-07,6,Call,175.00,-21.76%,1.55,1.65,1.75,629,350,1.8,114.69%,132.47%,0.14215,2026-07-31
FISV,53.94,2028-01-21,538,Call,180.00,-233.70%,0,0.5,0.8,681,378,1.8,54.84%,46.29%,0.039494,2026-07-31
NBIS,190.41,2026-12-18,139,Put,180.00,-5.47%,45.9,47.3,47.9,952,528,1.8,137.11%,119.61%,-0.323185,2026-07-31
NBIS,190.41,2026-08-14,13,Put,180.00,-5.47%,16.15,17,17.65,1318,733,1.8,137.11%,157.03%,-0.366355,2026-07-31
AFRM,71.51,2026-08-07,6,Call,76.00,-6.28%,0.7,0.75,0.89,764,426,1.79,65.42%,63.35%,0.241357,2026-07-31
UNH,414.4,2026-09-18,48,Put,140.00,-66.22%,0.01,0.14,0.34,852,475,1.79,28.35%,117.73%,-0.00289,2026-07-31
CRWD,190.86,2026-08-07,6,Put,180.00,-5.69%,2,2.17,2.17,883,494,1.79,62.76%,63.84%,-0.222664,2026-07-31
RCAT,7.53,2026-10-16,76,Call,20.00,-165.60%,0.13,0.13,0.2,948,530,1.79,116.84%,132.49%,0.09668,2026-07-31
ARM,239.69,2026-09-18,48,Call,290.00,-20.99%,12.05,12.38,12.9,952,533,1.79,86.88%,81.59%,0.315758,2026-07-31
ANET,180.35,2026-08-21,20,Put,155.00,-14.06%,3.3,3.7,3.95,956,534,1.79,72.29%,79.96%,-0.180784,2026-07-31
CLSK,13.76,2026-08-07,6,Put,12.00,-12.79%,0.23,0.24,0.27,1235,691,1.79,107.02%,130.86%,-0.183291,2026-07-31
SKHY,143.73,2026-08-07,6,Put,130.00,-9.55%,4.5,4.67,4.7,1587,887,1.79,114.69%,143.57%,-0.260962,2026-07-31
NKE,41.71,2026-08-07,6,Call,42.00,-0.70%,0.65,0.7,0.73,1646,918,1.79,37.20%,38.68%,0.453758,2026-07-31
AMD,476.15,2026-08-03,2,Call,550.00,-15.51%,0.13,0.2,0.2,3417,1905,1.79,78.82%,88.50%,0.015197,2026-07-31
NOW,111.23,2026-08-07,6,Call,115.00,-3.39%,2.12,2.16,2.24,6414,3603,1.78,59.95%,64.74%,0.362072,2026-07-31
KO,87.59,2026-08-14,13,Call,90.00,-2.75%,0.55,0.55,0.69,579,325,1.78,21.57%,22.76%,0.273908,2026-07-31
AAPL,308.91,2027-09-17,412,Call,300.00,+2.88%,48.2,49,50.35,680,382,1.78,27.30%,30.13%,0.646353,2026-07-31
COHR,262.89,2026-08-07,6,Put,250.00,-4.90%,9.5,10,11.5,1316,739,1.78,108.14%,123.58%,-0.344659,2026-07-31
APLD,27.39,2026-08-07,6,Call,30.00,-9.53%,0.65,0.75,0.75,2071,1164,1.78,105.93%,115.30%,0.295338,2026-07-31
GFS,49.99,2026-10-16,76,Call,60.00,-20.02%,3.4,4.2,4.8,505,285,1.77,87.97%,81.17%,0.384294,2026-07-31
FRO,39.37,2026-09-18,48,Call,42.00,-6.68%,1.05,1.72,1.85,516,292,1.77,56.08%,46.86%,0.352868,2026-07-31
MRVL,187.56,2026-08-07,6,Put,195.00,+3.97%,13.5,13.95,14.75,541,306,1.77,93.95%,102.62%,-0.589676,2026-07-31
ABBV,250.94,2026-08-14,13,Put,135.00,-46.20%,0.01,0.1,1.69,649,366,1.77,27.77%,180.89%,-0.023413,2026-07-31
APP,395.9,2026-09-18,48,Call,520.00,-31.35%,11.4,10.4,15.6,1066,603,1.77,87.47%,82.20%,0.22681,2026-07-31
INTC,90.2,2026-08-14,13,Put,60.00,-33.48%,0.16,0.17,0.25,1672,942,1.77,83.34%,117.22%,-0.025105,2026-07-31
COHR,262.89,2026-09-18,48,Call,300.00,-14.12%,24.8,25.43,26.9,646,367,1.76,108.14%,102.29%,0.437456,2026-07-31
WHD,65.01,2026-08-21,20,Call,70.00,-7.68%,0.5,0.56,0.6,1830,1038,1.76,36.16%,34.52%,0.195853,2026-07-31
AMZN,271.58,2026-08-14,13,Call,280.00,-3.10%,3.65,3.79,3.95,3259,1849,1.76,32.32%,34.30%,0.337445,2026-07-31
HL,14.12,2026-09-18,48,Put,14.00,-0.85%,1.24,1.25,1.43,4314,2449,1.76,72.18%,70.25%,-0.43046,2026-07-31
TSLA,311.21,2026-08-03,2,Put,290.00,-6.82%,0.1,0.1,0.12,3022,1729,1.75,45.64%,49.34%,-0.025241,2026-07-31
AAPL,308.91,2026-09-18,48,Put,285.00,-7.74%,3.4,3.43,3.8,6748,3865,1.75,27.30%,28.64%,-0.19345,2026-07-31
AAPL,308.91,2026-08-07,6,Call,330.00,-6.83%,0.43,0.6,0.7,7057,4024,1.75,27.30%,36.77%,0.085997,2026-07-31
GOOG,356.65,2026-08-14,13,Put,350.00,-1.86%,5.55,5.74,6.4,502,287,1.75,32.53%,34.08%,-0.366709,2026-07-31
NFLX,71.71,2026-08-28,27,Put,62.00,-13.54%,0.2,0.23,0.25,667,381,1.75,35.34%,37.61%,-0.067107,2026-07-31
TSLA,311.21,2026-08-10,9,Call,330.00,-6.04%,2.7,2.74,2.79,872,497,1.75,45.64%,45.73%,0.221211,2026-07-31
AAPL,308.91,2026-08-28,27,Call,330.00,-6.83%,2.22,2.6,2.62,1574,897,1.75,27.30%,26.67%,0.200121,2026-07-31
INTC,90.2,2026-08-21,20,Put,52.50,-41.80%,0.09,0.12,0.2,1614,922,1.75,83.34%,114.46%,-0.015393,2026-07-31
CLF,11.52,2026-08-07,6,Call,11.50,+0.17%,0.37,0.39,0.42,1724,983,1.75,63.10%,65.18%,0.525999,2026-07-31
META,556.71,2026-08-03,2,Call,590.00,-5.98%,0.24,0.3,0.3,1790,1024,1.75,38.93%,43.65%,0.037895,2026-07-31
AAPL,308.91,2026-08-10,9,Call,330.00,-6.83%,0.45,0.63,0.8,1936,1104,1.75,27.30%,30.70%,0.091901,2026-07-31
BA,216.14,2026-08-07,6,Put,215.00,-0.53%,3.1,3.38,3.6,556,319,1.74,34.45%,35.32%,-0.444453,2026-07-31
INTC,90.2,2026-08-07,6,Call,102.00,-13.08%,1.06,1.14,1.16,1094,627,1.74,83.34%,99.88%,0.186125,2026-07-31
TGT,144.49,2026-08-07,6,Put,140.00,-3.11%,0.69,0.76,0.85,1386,797,1.74,44.43%,32.61%,-0.218201,2026-07-31
GOOGL,356.13,2026-08-07,6,Call,352.50,+1.02%,8.15,10,8.95,3074,1777,1.73,32.89%,35.65%,0.602242,2026-07-31
AMZN,271.58,2026-12-18,139,Call,330.00,-21.51%,6.85,7.19,7.3,13381,7756,1.73,32.32%,34.68%,0.231214,2026-07-31
OKLO,38.83,2026-08-07,6,Call,47.00,-21.04%,0.31,0.48,0.66,680,393,1.73,99.42%,133.20%,0.151648,2026-07-31
BABA,122.25,2026-08-14,13,Call,140.00,-14.52%,0.43,0.46,0.5,732,424,1.73,47.14%,51.32%,0.088338,2026-07-31
AVGO,389.28,2026-08-03,2,Call,410.00,-5.32%,0.38,0.45,0.48,891,516,1.73,52.14%,47.24%,0.072003,2026-07-31
MSFT,464.72,2026-08-28,27,Call,460.00,+1.02%,17.8,18.68,19.5,1014,586,1.73,30.64%,31.24%,0.574016,2026-07-31
AMZN,271.58,2026-08-07,6,Call,262.50,+3.34%,10.85,11.6,12.45,1058,612,1.73,32.32%,43.37%,0.74221,2026-07-31
TSLA,311.21,2026-08-07,6,Put,307.50,-1.19%,5.95,5.95,6.05,1059,612,1.73,45.64%,49.22%,-0.409232,2026-07-31
TLRY,4.54,2026-12-18,139,Call,6.00,-32.16%,0.39,0.45,0.45,1062,615,1.73,75.07%,75.19%,0.367881,2026-07-31
NEE,86.92,2026-08-28,27,Call,95.00,-9.30%,0,0.16,0.53,1400,810,1.73,22.90%,24.61%,0.09902,2026-07-31
LBTYA,10.61,2026-10-16,76,Call,10.00,+5.75%,1.05,1.1,1.15,524,305,1.72,50.21%,112.04%,0.513628,2026-07-31
NVDA,200.75,2026-08-05,4,Put,202.50,+0.87%,4.3,3.98,4.45,615,358,1.72,41.38%,41.16%,-0.568985,2026-07-31
INTC,90.2,2026-08-03,2,Put,84.00,-6.87%,0.43,0.47,0.49,1617,942,1.72,83.34%,92.66%,-0.141208,2026-07-31
TSLA,311.21,2026-08-07,6,Put,280.00,-10.03%,0.51,0.52,0.54,3506,2041,1.72,45.64%,53.38%,-0.056328,2026-07-31
SMR,8.42,2026-08-07,6,Call,9.00,-6.89%,0.31,0.36,0.36,3937,2286,1.72,103.65%,129.85%,0.376993,2026-07-31
AAPL,308.91,2026-08-07,6,Put,305.00,-1.27%,3.25,3.5,3.95,4364,2541,1.72,27.30%,34.33%,-0.373782,2026-07-31
AAPL,308.91,2026-08-14,13,Put,310.00,+0.35%,6.9,6.45,7.7,2598,1523,1.71,27.30%,29.66%,-0.507654,2026-07-31
MU,823.03,2026-08-03,2,Put,780.00,-5.23%,7.65,8.02,8.2,904,530,1.71,91.94%,99.16%,-0.220424,2026-07-31
STM,52.39,2027-01-15,167,Call,65.00,-24.07%,5.7,6.1,6,1069,624,1.71,73.33%,68.93%,0.420635,2026-07-31
TSLA,311.21,2026-08-03,2,Call,332.50,-6.84%,0.11,0.12,0.12,1413,826,1.71,45.64%,46.35%,0.028343,2026-07-31
META,556.71,2026-08-07,6,Call,590.00,-5.98%,2.59,2.75,2.89,1508,882,1.71,38.93%,44.85%,0.165483,2026-07-31
CCL,27.81,2026-08-28,27,Call,26.00,+6.51%,2.25,2.46,2.56,533,314,1.7,45.65%,44.11%,0.734583,2026-07-31
CDE,14.91,2026-08-28,27,Call,15.50,-3.96%,0.9,1,1.1,680,399,1.7,76.34%,76.51%,0.471316,2026-07-31
PINS,24.01,2026-09-18,48,Call,27.00,-12.45%,1.07,1.15,1.25,697,409,1.7,70.93%,63.08%,0.352902,2026-07-31
NVDA,200.75,2026-08-14,13,Put,197.50,-1.62%,4.35,4.1,4.5,698,411,1.7,41.38%,40.00%,-0.394989,2026-07-31
MU,823.03,2026-08-07,6,Call,860.00,-4.49%,31.3,32.35,32.35,717,422,1.7,91.94%,111.35%,0.40813,2026-07-31
MSFT,464.72,2026-08-14,13,Call,480.00,-3.29%,5.15,5.42,5.7,1219,719,1.7,30.64%,31.85%,0.311503,2026-07-31
GOOGL,356.13,2026-08-07,6,Call,365.00,-2.49%,3.05,3.23,3.3,3403,2011,1.69,32.89%,35.95%,0.308959,2026-07-31
INTC,90.2,2026-08-07,6,Call,95.00,-5.32%,2.5,2.6,2.71,7555,4473,1.69,83.34%,97.14%,0.363127,2026-07-31
ORCL,129.87,2026-08-07,6,Call,140.00,-7.80%,1.3,1.36,1.36,8089,4786,1.69,69.81%,69.16%,0.212132,2026-07-31
TSLA,311.21,2026-08-07,6,Call,340.00,-9.25%,1.02,1.03,1.04,9191,5439,1.69,45.64%,53.13%,0.104551,2026-07-31
SBUX,105.25,2026-08-21,20,Call,111.00,-5.46%,0.84,0.86,0.97,572,339,1.69,29.05%,28.76%,0.227564,2026-07-31
RBLX,35.6,2026-08-21,20,Call,40.00,-12.36%,0.92,0.91,1.08,595,353,1.69,71.40%,74.23%,0.283497,2026-07-31
RIVN,15.22,2026-10-16,76,Call,15.00,+1.45%,1.89,1.97,1.98,722,426,1.69,62.92%,64.55%,0.588208,2026-07-31
CAG,14.51,2026-08-07,6,Call,15.00,-3.38%,0.1,0.1,0.15,863,510,1.69,35.04%,41.68%,0.270612,2026-07-31
DELL,405.37,2026-09-18,48,Call,430.00,-6.08%,42.65,43.28,44.65,936,553,1.69,87.21%,90.59%,0.498408,2026-07-31
NVDA,200.75,2026-08-05,4,Call,192.50,+4.11%,8.8,10.2,9.75,1624,960,1.69,41.38%,45.48%,0.819211,2026-07-31
UNH,414.4,2026-08-07,6,Call,425.00,-2.56%,2.14,2.45,2.45,827,493,1.68,28.35%,28.79%,0.254632,2026-07-31
AAPL,308.91,2026-08-03,2,Put,340.00,+10.06%,29.45,31.57,32.85,1454,865,1.68,27.30%,61.28%,-0.983192,2026-07-31
TSM,404.25,2026-08-07,6,Call,430.00,-6.37%,2.39,2.6,2.75,1611,959,1.68,48.41%,51.11%,0.183384,2026-07-31
META,556.71,2026-08-03,2,Call,580.00,-4.18%,0.64,0.7,0.72,3156,1873,1.68,38.93%,40.50%,0.089104,2026-07-31
JPM,351.79,2027-06-17,320,Call,360.00,-2.33%,31.4,34.2,35.2,3700,2206,1.68,21.45%,26.14%,0.535965,2026-07-31
TSLA,311.21,2026-08-07,6,Call,325.00,-4.43%,3.05,3.11,3.15,6445,3863,1.67,45.64%,50.18%,0.263488,2026-07-31
IREN,36.8,2026-08-07,6,Put,30.00,-18.48%,0.39,0.42,0.42,7457,4472,1.67,122.62%,143.25%,-0.11367,2026-07-31
MARA,11.32,2026-08-14,13,Call,11.00,+2.83%,1.01,1.11,1.23,522,313,1.67,103.29%,112.59%,0.597663,2026-07-31
FTNT,161.95,2026-08-07,6,Call,165.00,-1.88%,3.05,2.91,3.65,905,542,1.67,50.60%,55.98%,0.414579,2026-07-31
NOW,111.23,2026-08-07,6,Call,112.00,-0.69%,3.3,3.35,3.55,1108,662,1.67,59.95%,66.01%,0.487172,2026-07-31
NBIS,190.41,2026-08-07,6,Call,190.00,+0.22%,14,14.05,14.75,1130,678,1.67,137.11%,145.31%,0.542972,2026-07-31
RGTI,14.95,2026-08-07,6,Call,17.50,-17.06%,0.23,0.25,0.26,1504,901,1.67,98.97%,129.00%,0.193249,2026-07-31
BB,8.5,2026-08-07,6,Call,9.00,-5.88%,0.17,0.19,0.19,1951,1165,1.67,78.96%,84.28%,0.31936,2026-07-31
AMD,476.15,2026-08-03,2,Put,455.00,-4.44%,3.25,3.25,3.75,546,329,1.66,78.82%,80.11%,-0.212159,2026-07-31
PLTR,123.06,2026-08-14,13,Call,120.00,+2.49%,9.35,9.45,9.5,567,342,1.66,67.71%,84.43%,0.597098,2026-07-31
AAPL,308.91,2026-08-07,6,Put,312.50,+1.16%,6.25,6.74,7.75,590,355,1.66,27.30%,32.06%,-0.59916,2026-07-31
AFRM,71.51,2026-08-07,6,Call,75.00,-4.88%,0.95,1.09,1.13,654,395,1.66,65.42%,63.46%,0.295369,2026-07-31
MU,823.03,2026-08-07,6,Call,880.00,-6.92%,25,26.28,25.7,1000,601,1.66,91.94%,111.38%,0.347051,2026-07-31
AXTI,60.43,2026-08-07,6,Call,60.00,+0.71%,5.3,5.7,5.7,1037,625,1.66,144.82%,171.31%,0.557664,2026-07-31
DUK,125.43,2026-12-18,139,Call,140.00,-11.62%,1.1,1,1.6,1203,724,1.66,19.81%,18.37%,0.182916,2026-07-31
GRAB,3.5,2026-08-07,6,Call,3.50,0.00%,0.14,0.15,0.18,3114,1878,1.66,53.70%,88.87%,0.5248,2026-07-31
AAPL,308.91,2026-08-07,6,Put,310.00,+0.35%,5.4,5.43,6.25,4070,2459,1.66,27.30%,33.75%,-0.520011,2026-07-31
HPQ,27.27,2026-09-18,48,Call,31.00,-13.68%,0.57,0.85,0.95,512,311,1.65,51.06%,50.79%,0.270377,2026-07-31
AMD,476.15,2026-08-07,6,Call,555.00,-16.56%,5.05,5.5,5.75,557,338,1.65,78.82%,111.75%,0.160159,2026-07-31
INO,0.677,2026-08-14,13,Call,0.5000,+26.14%,0,0.18,0.65,685,416,1.65,291.49%,534.03%,0.789861,2026-07-31
RIVN,15.22,2026-08-07,6,Put,17.00,+11.70%,1.74,1.84,1.91,692,420,1.65,62.92%,63.18%,-0.908363,2026-07-31
RDDT,140.67,2026-08-21,20,Put,120.00,-14.69%,1.65,1.95,2.06,986,599,1.65,69.71%,70.29%,-0.144778,2026-07-31
CRM,184.02,2026-08-21,20,Call,205.00,-11.40%,1.83,2.01,2.2,1044,632,1.65,49.04%,48.12%,0.186807,2026-07-31
ORCL,129.87,2026-08-14,13,Put,110.00,-15.30%,0.69,0.75,0.79,1097,665,1.65,69.81%,69.08%,-0.089388,2026-07-31
NBIS,190.41,2026-08-07,6,Call,170.00,+10.72%,25.45,25.89,28.35,2269,1377,1.65,137.11%,156.45%,0.748124,2026-07-31
MU,823.03,2026-08-07,6,Call,940.00,-14.21%,11.45,11.9,12.1,653,399,1.64,91.94%,110.64%,0.19437,2026-07-31
ABBV,250.94,2026-08-21,20,Call,275.00,-9.59%,0.61,0.79,1.08,820,500,1.64,27.77%,30.01%,0.103445,2026-07-31
AMD,476.15,2026-08-03,2,Put,445.00,-6.54%,1.79,1.97,2.05,1427,868,1.64,78.82%,82.95%,-0.128045,2026-07-31
NOK,9.14,2026-09-04,34,Call,10.00,-9.41%,0.45,0.46,0.48,560,344,1.63,69.80%,70.40%,0.381183,2026-07-31
BABA,122.25,2026-08-14,13,Call,130.00,-6.34%,1.52,1.63,1.77,1414,867,1.63,47.14%,47.37%,0.26024,2026-07-31
COIN,146.26,2026-09-18,48,Call,180.00,-23.07%,5.05,5.26,5.4,1664,1024,1.63,71.54%,71.74%,0.258129,2026-07-31
BA,216.14,2027-06-17,320,Call,350.00,-61.93%,2.45,3.25,5.45,1720,1052,1.63,34.45%,38.24%,0.11934,2026-07-31
INTC,90.2,2026-08-03,2,Call,95.00,-5.32%,0.67,0.68,0.78,4738,2901,1.63,83.34%,87.60%,0.222219,2026-07-31
TSLA,311.21,2026-08-21,20,Call,310.00,+0.39%,14.3,14.7,14.45,2972,1834,1.62,45.64%,46.41%,0.543198,2026-07-31
SMCI,28.4,2026-08-07,6,Call,31.00,-9.15%,0.52,0.54,0.55,6387,3946,1.62,100.83%,97.68%,0.263646,2026-07-31
META,556.71,2026-08-07,6,Call,585.00,-5.08%,3.4,3.75,3.6,612,378,1.62,38.93%,44.41%,0.202461,2026-07-31
WDAY,160.34,2026-08-07,6,Call,175.00,-9.14%,1,1.35,1.7,617,381,1.62,71.43%,70.39%,0.179359,2026-07-31
INTC,90.2,2026-09-04,34,Call,110.00,-21.95%,3.05,2.85,3.8,752,464,1.62,83.34%,85.88%,0.269156,2026-07-31
GOOG,356.65,2026-08-14,13,Call,360.00,-0.94%,7.25,7.66,8,1148,708,1.62,32.53%,33.42%,0.461081,2026-07-31
BE,205.81,2026-08-07,6,Call,215.00,-4.47%,11.55,12.5,13.15,1339,826,1.62,126.85%,153.51%,0.452023,2026-07-31
NBIS,190.41,2026-08-21,20,Put,50.00,-73.74%,0.07,0.16,0.16,1946,1198,1.62,137.11%,232.07%,-0.003108,2026-07-31
PYPL,57.21,2026-08-07,6,Call,57.00,+0.37%,1.07,1.11,1.2,514,319,1.61,31.74%,34.71%,0.545577,2026-07-31
DDOG,267.97,2026-09-18,48,Put,260.00,-2.97%,23.5,23.6,25.15,548,340,1.61,83.88%,75.38%,-0.397008,2026-07-31
MU,823.03,2026-08-07,6,Put,840.00,+2.06%,54.8,54.6,57.85,665,414,1.61,91.94%,112.05%,-0.52675,2026-07-31
ABBV,250.94,2026-10-16,76,Put,200.00,-20.30%,0.74,0.94,1.34,1008,627,1.61,27.77%,33.78%,-0.058907,2026-07-31
GOOG,356.65,2026-08-07,6,Call,370.00,-3.74%,1.98,2.15,2.15,3165,1969,1.61,32.53%,35.95%,0.222957,2026-07-31
PYPL,57.21,2026-08-07,6,Call,61.00,-6.62%,0.07,0.15,0.17,3988,2490,1.6,31.74%,37.30%,0.095348,2026-07-31
SOFI,16.31,2026-08-14,13,Call,17.00,-4.23%,0.34,0.35,0.36,4975,3103,1.6,51.28%,50.17%,0.353195,2026-07-31
MU,823.03,2026-08-07,6,Call,900.00,-9.35%,19.5,20.05,20.2,6501,4055,1.6,91.94%,111.06%,0.29025,2026-07-31
GOOGL,356.13,2026-08-14,13,Call,375.00,-5.30%,2.68,3.3,3.15,663,415,1.6,32.89%,34.14%,0.226448,2026-07-31
NVDA,200.75,2026-08-10,9,Call,202.50,-0.87%,3.95,4,4.15,710,445,1.6,41.38%,38.07%,0.459158,2026-07-31
MDT,85.39,2026-08-07,6,Call,86.00,-0.71%,0.87,1,1.09,784,490,1.6,28.82%,28.76%,0.43098,2026-07-31
COP,120.48,2026-08-21,20,Put,97.50,-19.07%,0.02,0.24,0.46,880,550,1.6,33.76%,53.01%,-0.038221,2026-07-31
MSTR,93.28,2026-08-07,6,Put,78.00,-16.38%,0.26,0.28,0.36,661,417,1.59,77.78%,94.10%,-0.060844,2026-07-31
CVX,196.83,2026-08-07,6,Call,205.00,-4.15%,0.55,0.8,0.88,783,492,1.59,28.68%,32.27%,0.167896,2026-07-31
MSTR,93.28,2026-08-14,13,Put,80.00,-14.24%,1.08,1.13,1.24,800,502,1.59,77.78%,83.24%,-0.143737,2026-07-31
C,132.45,2027-03-19,230,Put,115.00,-13.17%,5.4,5.85,6.1,1007,634,1.59,30.39%,33.88%,-0.239179,2026-07-31
NBIS,190.41,2026-08-07,6,Put,180.00,-5.47%,8.7,9.26,9.5,1238,779,1.59,137.11%,145.10%,-0.345311,2026-07-31
CVNA,62.36,2026-08-07,6,Call,60.00,+3.78%,3.6,3.6,3.75,3791,2380,1.59,66.15%,72.91%,0.67936,2026-07-31
AAPL,308.91,2026-08-21,20,Call,340.00,-10.06%,0.65,0.73,0.83,34132,21520,1.59,27.30%,28.19%,0.081822,2026-07-31
AMZN,271.58,2026-08-07,6,Put,225.00,-17.15%,0.01,0.1,0.11,3928,2483,1.58,32.32%,62.28%,-0.008132,2026-07-31
FSLR,211.03,2026-08-21,20,Call,300.00,-42.16%,0.02,0.8,1.61,5152,3251,1.58,74.63%,85.49%,0.049682,2026-07-31
JD,33.01,2026-08-21,20,Call,34.00,-3.00%,0.9,0.9,0.94,7244,4589,1.58,38.94%,45.10%,0.395823,2026-07-31
MU,823.03,2027-06-17,320,Call,940.00,-14.21%,218,227.5,226.1,507,321,1.58,91.94%,83.35%,0.603691,2026-07-31
SMCI,28.4,2026-08-07,6,Put,22.50,-20.77%,0.05,0.1,0.09,511,323,1.58,100.83%,109.21%,-0.041186,2026-07-31
COHR,262.89,2026-08-21,20,Call,270.00,-2.70%,24.3,27.3,28.5,518,327,1.58,108.14%,119.36%,0.520452,2026-07-31
PAA,24.57,2026-11-20,111,Call,26.00,-5.82%,0.5,0.5,0.55,838,531,1.58,22.17%,20.97%,0.307201,2026-07-31
GOOG,356.65,2026-08-07,6,Call,367.50,-3.04%,2.47,2.55,2.78,1084,685,1.58,32.53%,35.83%,0.268491,2026-07-31
INTC,90.2,2027-06-17,320,Call,200.00,-121.73%,5.85,7.75,8.25,1149,725,1.58,83.34%,78.24%,0.247187,2026-07-31
TSLA,311.21,2026-08-05,4,Put,307.50,-1.19%,4.5,4.59,4.65,1321,838,1.58,45.64%,48.79%,-0.394767,2026-07-31
QBTS,18.08,2026-09-18,48,Call,24.00,-32.74%,0.88,0.97,0.97,1548,981,1.58,99.17%,98.88%,0.275217,2026-07-31
INTC,90.2,2026-08-05,4,Call,93.00,-3.10%,2.33,2.48,2.63,626,399,1.57,83.34%,96.81%,0.402163,2026-07-31
PBR,19.4,2026-08-07,6,Put,18.50,-4.64%,0.08,0.1,0.14,650,413,1.57,39.05%,42.75%,-0.184594,2026-07-31
LPTH,10.37,2026-08-21,20,Put,7.50,-27.68%,0.05,0.25,0.25,1009,643,1.57,117.74%,120.08%,-0.096841,2026-07-31
AMZN,271.58,2028-12-15,867,Put,310.00,+14.15%,69,71.55,73.25,1105,704,1.57,32.32%,36.53%,-0.463817,2026-07-31
CMG,37.22,2026-08-07,6,Call,39.50,-6.13%,0.09,0.11,0.14,1396,887,1.57,35.46%,39.24%,0.126115,2026-07-31
NVDA,200.75,2026-08-05,4,Put,192.50,-4.11%,0.85,0.87,0.91,2180,1389,1.57,41.38%,44.01%,-0.173409,2026-07-31
GOOG,356.65,2026-08-07,6,Call,380.00,-6.55%,0.71,0.74,0.81,2358,1504,1.57,32.53%,37.08%,0.097073,2026-07-31
TSLA,311.21,2026-08-03,2,Call,330.00,-6.04%,0.15,0.16,0.17,5750,3690,1.56,45.64%,44.45%,0.039258,2026-07-31
SPCX,108.37,2026-08-07,6,Call,123.00,-13.50%,4.2,4.21,4.4,544,348,1.56,109.71%,168.36%,0.317023,2026-07-31
SPCX,108.37,2026-08-14,13,Call,315.00,-190.67%,0.35,0.4,0.45,628,403,1.56,109.71%,254.33%,0.02385,2026-07-31
ADBE,250.41,2026-08-07,6,Put,237.50,-5.16%,1.94,2.12,2.39,806,518,1.56,52.57%,54.39%,-0.21139,2026-07-31
NBIS,190.41,2026-08-14,13,Put,170.00,-10.72%,12.3,12.76,13,818,524,1.56,137.11%,158.53%,-0.297266,2026-07-31
META,556.71,2026-08-05,4,Call,600.00,-7.78%,0.56,0.78,0.88,849,543,1.56,38.93%,45.85%,0.06315,2026-07-31
JNJ,256.35,2028-01-21,538,Call,290.00,-13.13%,18.5,21.25,22.85,511,329,1.55,24.80%,24.98%,0.423968,2026-07-31
MU,823.03,2026-08-07,6,Put,640.00,-22.24%,2.93,3.07,3.4,545,352,1.55,91.94%,127.63%,-0.052375,2026-07-31
MU,823.03,2026-08-03,2,Call,"1,050.00",-27.58%,0.09,0.1,0.18,564,365,1.55,91.94%,127.21%,0.005597,2026-07-31
NXPI,229.16,2026-08-21,20,Put,200.00,-12.72%,2.25,2.52,3.2,574,371,1.55,58.44%,60.88%,-0.150703,2026-07-31
PDD,88.56,2026-08-07,6,Call,95.00,-7.27%,0.09,0.16,0.15,1292,836,1.55,38.77%,35.88%,0.068095,2026-07-31
META,556.71,2026-08-21,20,Call,560.00,-0.59%,19.4,19.6,20.35,1317,851,1.55,38.93%,40.34%,0.501364,2026-07-31
NVDA,200.75,2026-08-05,4,Call,195.00,+2.86%,6.9,7.68,7.75,2262,1457,1.55,41.38%,44.97%,0.741551,2026-07-31
CRCL,62.61,2026-08-07,6,Call,65.00,-3.82%,3.05,3.13,3.25,3653,2363,1.55,96.05%,129.57%,0.444768,2026-07-31
MSFT,464.72,2026-09-04,34,Call,490.00,-5.44%,6.95,6.85,8.5,505,329,1.53,30.64%,29.48%,0.303602,2026-07-31
OUST,39.01,2026-09-18,48,Call,50.00,-28.17%,3.7,4.23,4.6,546,356,1.53,141.65%,133.70%,0.397615,2026-07-31
MU,823.03,2026-08-14,13,Call,950.00,-15.43%,20.85,21,21.6,602,394,1.53,91.94%,99.07%,0.252328,2026-07-31
AMZN,271.58,2026-08-14,13,Put,240.00,-11.63%,0.4,0.47,0.52,615,401,1.53,32.32%,41.29%,-0.050426,2026-07-31
JPM,351.79,2026-08-07,6,Call,365.00,-3.76%,0.27,0.37,0.5,839,547,1.53,21.45%,20.95%,0.088987,2026-07-31
AVGO,389.28,2026-08-07,6,Put,345.00,-11.37%,0.73,0.77,0.87,1012,662,1.53,52.14%,61.89%,-0.05854,2026-07-31
AAPL,308.91,2026-08-05,4,Call,330.00,-6.83%,0.22,0.33,0.48,1260,821,1.53,27.30%,40.39%,0.062729,2026-07-31
UBER,70.36,2026-10-16,76,Call,75.00,-6.59%,3.5,3.45,3.65,1681,1100,1.53,44.79%,40.77%,0.417304,2026-07-31
AVGO,389.28,2026-08-07,6,Call,410.00,-5.32%,3.3,3.7,3.95,1685,1101,1.53,52.14%,53.67%,0.238137,2026-07-31
NVDA,200.75,2026-08-07,6,Call,222.50,-10.83%,0.14,0.15,0.17,2714,1771,1.53,41.38%,43.55%,0.035531,2026-07-31
TLRY,4.54,2026-12-18,139,Call,7.00,-54.19%,0.23,0.29,0.35,3029,1988,1.52,75.07%,78.95%,0.269243,2026-07-31
BE,205.81,2026-08-07,6,Put,120.00,-41.69%,0.18,0.24,0.24,3129,2053,1.52,126.85%,194.48%,-0.011006,2026-07-31
CRWV,71.77,2026-08-07,6,Call,84.00,-17.04%,0.7,0.78,0.81,587,385,1.52,111.10%,111.02%,0.15145,2026-07-31
META,556.71,2027-12-17,503,Call,660.00,-18.55%,81.4,83.24,88.6,739,486,1.52,38.93%,42.84%,0.502927,2026-07-31
TTD,18.04,2026-08-07,6,Put,14.50,-19.62%,0.12,0.13,0.17,780,512,1.52,82.21%,137.19%,-0.091256,2026-07-31
SNDK,1214.83,2026-08-07,6,Put,"1,200.00",-1.22%,104.3,107.5,109.4,1440,947,1.52,133.72%,185.76%,-0.431447,2026-07-31
NKE,41.71,2026-08-14,13,Call,44.50,-6.69%,0.3,0.33,0.36,592,391,1.51,37.20%,39.03%,0.199293,2026-07-31
AAPL,308.91,2028-01-21,538,Call,100.00,+67.63%,213,214.53,218,810,537,1.51,27.30%,58.85%,0.972946,2026-07-31
AVGO,389.28,2026-08-07,6,Put,342.50,-12.02%,0.41,0.62,0.9,903,600,1.51,52.14%,62.12%,-0.049166,2026-07-31
AMZN,271.58,2026-09-04,34,Call,280.00,-3.10%,7,7.55,7.8,956,635,1.51,32.32%,31.99%,0.409594,2026-07-31
TSLA,311.21,2026-08-05,4,Call,335.00,-7.64%,0.78,0.8,0.8,1002,663,1.51,45.64%,53.17%,0.098771,2026-07-31
BE,205.81,2026-08-07,6,Call,230.00,-11.75%,7.35,7.5,8,1883,1247,1.51,126.85%,153.64%,0.321795,2026-07-31
RBLX,35.6,2026-08-21,20,Put,30.00,-15.73%,0.43,0.48,0.59,1885,1251,1.51,71.40%,76.06%,-0.144489,2026-07-31
AAPL,308.91,2026-08-07,6,Call,340.00,-10.06%,0.17,0.18,0.23,4722,3127,1.51,27.30%,39.86%,0.03286,2026-07-31
NVDA,200.75,2026-08-07,6,Put,192.50,-4.11%,1.42,1.45,1.49,6906,4597,1.5,41.38%,44.09%,-0.218028,2026-07-31
CRWV,71.77,2026-09-18,48,Call,80.00,-11.47%,7.8,7.99,8.2,7919,5289,1.5,111.10%,105.74%,0.468629,2026-07-31
NFLX,71.71,2026-08-21,20,Put,93.00,+29.69%,20.3,20.95,23.05,565,376,1.5,35.34%,77.23%,-0.913956,2026-07-31
MSFT,464.72,2026-10-16,76,Put,450.00,-3.17%,17.15,18.3,18,738,492,1.5,30.64%,30.42%,-0.368025,2026-07-31
GOOGL,356.13,2026-08-21,20,Call,357.50,-0.38%,10.45,10.85,11.25,933,621,1.5,32.89%,33.66%,0.505591,2026-07-31
CRWD,190.86,2026-08-07,6,Put,160.00,-16.17%,0.1,0.15,0.39,569,382,1.49,62.76%,76.66%,-0.032214,2026-07-31
PANW,331.83,2026-10-16,76,Call,370.00,-11.50%,22,22.6,22.95,721,484,1.49,63.83%,59.21%,0.405397,2026-07-31
POET,6.99,2026-08-07,6,Put,6.50,-7.01%,0.18,0.19,0.21,731,490,1.49,116.49%,114.24%,-0.28331,2026-07-31
RIOT,20.17,2028-01-21,538,Call,45.00,-123.10%,3.5,4.75,5.3,910,611,1.49,108.29%,90.53%,0.449791,2026-07-31
GOOGL,356.13,2026-08-28,27,Call,370.00,-3.89%,7,8.2,8.2,974,654,1.49,32.89%,33.23%,0.363115,2026-07-31
FSLR,211.03,2028-01-21,538,Call,450.00,-113.24%,17.85,19.87,21.5,1000,671,1.49,74.63%,60.93%,0.283297,2026-07-31
QCOM,147.61,2026-08-07,6,Call,170.00,-15.17%,0.25,0.32,0.32,1262,849,1.49,55.85%,66.94%,0.054743,2026-07-31
MSTR,93.28,2026-08-07,6,Call,120.00,-28.64%,0.1,0.13,0.12,1880,1260,1.49,77.78%,97.61%,0.025877,2026-07-31
FTAI,206,2026-08-21,20,Call,220.00,-6.80%,7.6,8.17,8.7,2075,1388,1.49,69.68%,70.19%,0.378664,2026-07-31
NFLX,71.71,2026-08-21,20,Call,81.00,-12.95%,0.29,0.3,0.32,4306,2883,1.49,35.34%,38.90%,0.101964,2026-07-31
NFLX,71.71,2026-08-07,6,Call,74.00,-3.19%,0.58,0.6,0.6,5254,3534,1.49,35.34%,38.76%,0.275628,2026-07-31
HOOD,86.56,2026-08-07,6,Put,80.00,-7.58%,0.86,0.92,0.95,3056,2066,1.48,68.51%,74.54%,-0.18994,2026-07-31
INTC,90.2,2026-08-21,20,Call,90.00,+0.22%,7.2,7.4,7.6,9029,6081,1.48,83.34%,86.09%,0.547649,2026-07-31
GOOG,356.65,2026-08-14,13,Call,365.00,-2.34%,5.4,5.82,5.7,530,357,1.48,32.53%,32.99%,0.373979,2026-07-31
AMAT,507.67,2026-08-07,6,Call,600.00,-18.19%,2.6,2.88,3.3,587,397,1.48,86.85%,97.71%,0.10255,2026-07-31
SCHW,105.24,2026-08-21,20,Call,106.00,-0.72%,1.84,1.85,1.93,608,410,1.48,24.12%,22.14%,0.464889,2026-07-31
CRM,184.02,2026-08-07,6,Put,175.00,-4.90%,1.3,1.35,1.45,655,442,1.48,49.04%,49.54%,-0.203435,2026-07-31
AMZN,271.58,2026-08-07,6,Call,247.50,+8.87%,24,24.95,24.9,675,455,1.48,32.32%,41.59%,0.962377,2026-07-31
BIDU,111.11,2026-08-07,6,Call,110.00,+1.00%,3.3,3.5,3.5,789,532,1.48,54.00%,49.06%,0.579493,2026-07-31
AMD,476.15,2026-08-21,20,Call,575.00,-20.76%,9.05,10.6,10.45,895,603,1.48,78.82%,85.14%,0.201292,2026-07-31
RIVN,15.22,2026-08-14,13,Put,15.00,-1.45%,0.54,0.59,0.6,1021,689,1.48,62.92%,60.02%,-0.422888,2026-07-31
ORCL,129.87,2026-08-07,6,Call,134.00,-3.18%,2.68,2.93,2.94,1712,1158,1.48,69.81%,67.69%,0.376881,2026-07-31
NOW,111.23,2026-08-07,6,Call,124.00,-11.48%,0.5,0.54,0.57,613,418,1.47,59.95%,68.22%,0.116626,2026-07-31
MO,68.33,2026-08-07,6,Call,69.00,-0.98%,0.6,0.74,0.75,619,422,1.47,26.20%,28.01%,0.395968,2026-07-31
AMZN,271.58,2026-08-14,13,Call,235.00,+13.47%,36.6,37.04,37.7,636,432,1.47,32.32%,42.26%,0.96926,2026-07-31
LUNR,12.34,2026-08-07,6,Call,14.00,-13.45%,0.15,0.19,0.21,666,452,1.47,119.03%,107.98%,0.200958,2026-07-31
PANW,331.83,2026-10-16,76,Put,270.00,-18.63%,10.7,11.15,11.75,752,512,1.47,63.83%,62.71%,-0.18749,2026-07-31
BMNR,17.28,2026-08-14,13,Call,17.00,+1.62%,1.21,1.23,1.28,874,596,1.47,83.49%,84.47%,0.575217,2026-07-31
MSTR,93.28,2026-08-14,13,Call,100.00,-7.20%,2.8,3.05,3.2,908,617,1.47,77.78%,78.49%,0.349411,2026-07-31
FRVO,22.54,2026-08-21,20,Put,20.00,-11.27%,0.75,1.2,1.65,1010,688,1.47,107.14%,114.26%,-0.278542,2026-07-31
MSFT,464.72,2026-08-07,6,Put,420.00,-9.62%,0.29,0.37,0.47,1388,942,1.47,30.64%,44.56%,-0.035354,2026-07-31
MSFT,464.72,2026-08-07,6,Call,500.00,-7.59%,0.45,0.48,0.5,2926,1984,1.47,30.64%,34.93%,0.054701,2026-07-31
INTC,90.2,2026-08-07,6,Call,100.00,-10.86%,1.36,1.41,1.48,19768,13488,1.47,83.34%,98.86%,0.227657,2026-07-31
MSFT,464.72,2026-08-07,6,Call,465.00,-0.06%,7.95,8.73,8.65,2899,1981,1.46,30.64%,35.06%,0.507711,2026-07-31
T,23.25,2026-09-18,48,Put,28.00,+20.43%,3.8,5.07,5.75,2904,1992,1.46,27.78%,25.36%,-0.971586,2026-07-31
NFLX,71.71,2026-08-07,6,Put,70.00,-2.38%,0.63,0.63,0.65,3047,2092,1.46,35.34%,36.88%,-0.292843,2026-07-31
AMZN,271.58,2026-08-07,6,Call,260.00,+4.26%,12.75,12.97,13.45,7665,5252,1.46,32.32%,38.89%,0.818825,2026-07-31
SOFI,16.31,2026-08-07,6,Call,17.00,-4.23%,0.18,0.19,0.19,16474,11271,1.46,51.28%,52.23%,0.282173,2026-07-31
MU,823.03,2026-08-28,27,Call,900.00,-9.35%,53.45,55,55.2,585,402,1.46,91.94%,93.04%,0.414301,2026-07-31
STX,856.13,2026-08-07,6,Put,615.00,-28.17%,0.05,1,1.5,598,410,1.46,92.40%,123.91%,-0.015204,2026-07-31
LUMN,6.38,2026-08-07,6,Put,6.00,-5.96%,0.23,0.27,0.32,622,425,1.46,86.93%,137.68%,-0.33425,2026-07-31
AMD,476.15,2026-08-03,2,Put,440.00,-7.59%,1.36,1.46,1.56,691,473,1.46,78.82%,85.44%,-0.099744,2026-07-31
TSM,404.25,2026-08-28,27,Put,370.00,-8.47%,7.2,7.6,8.35,771,529,1.46,48.41%,49.49%,-0.229863,2026-07-31
SPCX,108.37,2026-08-07,6,Put,84.00,-22.49%,0.95,0.99,1,1091,749,1.46,109.71%,158.97%,-0.08779,2026-07-31
IREN,36.8,2026-08-07,6,Call,36.00,+2.17%,2.85,2.88,3.4,1148,785,1.46,122.62%,144.98%,0.584886,2026-07-31
WFC,86.45,2026-08-07,6,Put,83.00,-3.99%,0.2,0.27,0.32,1263,866,1.46,24.69%,30.83%,-0.145401,2026-07-31
TSLA,311.21,2026-08-14,13,Call,325.00,-4.43%,5.85,6.2,5.95,1273,872,1.46,45.64%,47.47%,0.335469,2026-07-31
CVNA,62.36,2027-01-15,167,Put,23.00,-63.12%,0.05,0.5,0.5,500,346,1.45,66.15%,82.31%,-0.017903,2026-07-31
RKLB,64.95,2026-08-07,6,Call,74.00,-13.93%,0.65,0.75,0.83,516,357,1.45,102.86%,100.87%,0.173728,2026-07-31
CRWV,71.77,2026-08-07,6,Call,87.00,-21.22%,0.45,0.48,0.53,596,411,1.45,111.10%,112.76%,0.104773,2026-07-31
COIN,146.26,2026-08-07,6,Call,175.00,-19.65%,0.35,0.42,0.5,968,666,1.45,71.54%,87.59%,0.062269,2026-07-31
VG,13.38,2026-08-07,6,Call,13.50,-0.90%,0.4,0.49,0.55,1719,1184,1.45,81.19%,77.11%,0.485694,2026-07-31
AAPL,308.91,2026-08-28,27,Call,350.00,-13.30%,0.5,0.58,0.67,1790,1237,1.45,27.30%,28.15%,0.059225,2026-07-31
CLSK,13.76,2026-08-07,6,Call,15.00,-9.01%,0.4,0.44,0.47,2268,1565,1.45,107.02%,125.72%,0.325967,2026-07-31
TSLA,311.21,2026-08-14,13,Call,320.00,-2.82%,7.45,7.53,7.6,2998,2061,1.45,45.64%,47.27%,0.400057,2026-07-31
NVDA,200.75,2027-12-17,503,Call,225.00,-12.08%,34.45,34.75,35.75,3164,2178,1.45,41.38%,43.43%,0.546968,2026-07-31
MSFT,464.72,2026-08-07,6,Call,480.00,-3.29%,2.58,2.9,2.95,5718,3945,1.45,30.64%,33.88%,0.238098,2026-07-31
RIOT,20.17,2026-08-21,20,Put,15.00,-25.63%,0.2,0.36,0.43,7377,5103,1.45,108.29%,115.02%,-0.107249,2026-07-31
MU,823.03,2026-08-07,6,Put,500.00,-39.25%,0.21,0.24,0.29,13424,9237,1.45,91.94%,155.22%,-0.00458,2026-07-31
AMZN,271.58,2026-08-03,2,Call,260.00,+4.26%,11.4,12.28,13.1,3593,2494,1.44,32.32%,51.18%,0.879903,2026-07-31
TSLA,311.21,2026-08-07,6,Call,330.00,-6.04%,2.13,2.16,2.18,16558,11493,1.44,45.64%,51.03%,0.196449,2026-07-31
AMZN,271.58,2026-11-20,111,Put,265.00,-2.42%,16,15.85,16.65,634,439,1.44,32.32%,35.15%,-0.394319,2026-07-31
TSLA,311.21,2026-08-07,6,Call,342.50,-10.05%,0.85,0.87,0.89,711,495,1.44,45.64%,53.92%,0.089706,2026-07-31
MSFT,464.72,2026-08-07,6,Put,445.00,-4.24%,1.97,2.14,2.3,896,621,1.44,30.64%,37.39%,-0.174274,2026-07-31
IREN,36.8,2026-08-07,6,Call,39.00,-5.98%,1.57,1.66,1.8,931,646,1.44,122.62%,136.00%,0.404211,2026-07-31
NFLX,71.71,2026-08-07,6,Put,72.00,+0.40%,1.46,1.5,1.52,1579,1100,1.44,35.34%,37.02%,-0.520616,2026-07-31
AAPL,308.91,2026-08-21,20,Put,340.00,+10.06%,30.15,31.04,32.25,2250,1563,1.44,27.30%,24.74%,-0.961377,2026-07-31
PGY,19.27,2027-06-17,320,Call,25.00,-29.74%,2.5,4.24,5.6,568,398,1.43,75.94%,78.30%,0.523565,2026-07-31
INTC,90.2,2026-08-21,20,Call,97.00,-7.54%,4.45,5.5,4.8,590,413,1.43,83.34%,85.85%,0.400055,2026-07-31
NBIS,190.41,2026-08-07,6,Put,200.00,+5.04%,18.6,18.85,20.2,743,521,1.43,137.11%,142.02%,-0.570021,2026-07-31
QCOM,147.61,2026-08-07,6,Put,140.00,-5.16%,1.51,1.65,1.7,992,694,1.43,55.85%,60.01%,-0.232992,2026-07-31
FTAI,206,2026-08-21,20,Call,240.00,-16.50%,3,3.47,4.1,1854,1298,1.43,69.68%,70.39%,0.201662,2026-07-31
SPCX,108.37,2026-08-07,6,Call,130.00,-19.96%,3,3.04,3.2,6454,4524,1.43,109.71%,174.05%,0.241534,2026-07-31
MSTR,93.28,2026-08-07,6,Call,100.00,-7.20%,1.5,1.56,1.61,17311,12077,1.43,77.78%,81.87%,0.272697,2026-07-31
BMNR,17.28,2026-08-07,6,Call,17.50,-1.27%,0.63,0.66,0.7,3024,2133,1.42,83.49%,86.14%,0.478333,2026-07-31
GOOG,356.65,2026-08-07,6,Put,317.50,-10.98%,0.1,0.14,0.14,539,380,1.42,32.53%,43.32%,-0.016564,2026-07-31
LRCX,293.02,2026-08-07,6,Put,235.00,-19.80%,0.97,1.07,1.6,554,390,1.42,84.48%,118.41%,-0.062674,2026-07-31
NOW,111.23,2026-08-07,6,Call,113.00,-1.59%,2.85,2.9,2.95,566,399,1.42,59.95%,64.37%,0.44321,2026-07-31
CRWV,71.77,2026-08-07,6,Put,62.00,-13.61%,0.8,0.83,0.93,594,418,1.42,111.10%,116.97%,-0.145849,2026-07-31
FCEL,21.61,2026-08-07,6,Call,25.00,-15.69%,0.55,0.76,0.75,733,515,1.42,145.82%,157.77%,0.268808,2026-07-31
AMD,476.15,2026-08-05,4,Put,460.00,-3.39%,14.95,15,16.2,855,601,1.42,78.82%,116.79%,-0.364605,2026-07-31
SNOW,293.28,2026-08-07,6,Call,305.00,-4.00%,5.1,5.45,5.95,1091,770,1.42,65.91%,67.24%,0.342901,2026-07-31
WBD,26.3,2026-08-14,13,Put,25.00,-4.94%,0.11,0.14,0.34,1091,766,1.42,34.54%,36.14%,-0.213526,2026-07-31
SKHY,143.73,2026-08-07,6,Call,170.00,-18.28%,2.1,2.25,2.25,1265,889,1.42,114.69%,130.50%,0.1798,2026-07-31
NBIS,190.41,2026-08-07,6,Call,195.00,-2.41%,11.3,12.04,12.4,1799,1271,1.42,137.11%,142.01%,0.485429,2026-07-31
LCID,7.38,2026-08-07,6,Call,8.50,-15.18%,0.23,0.25,0.26,604,428,1.41,120.42%,162.51%,0.283941,2026-07-31
UNH,414.4,2026-10-16,76,Call,460.00,-11.00%,7.6,8.5,8.5,716,507,1.41,28.35%,30.22%,0.251662,2026-07-31
MSTR,93.28,2026-08-07,6,Call,104.00,-11.49%,0.76,0.95,0.97,1008,715,1.41,77.78%,83.67%,0.16978,2026-07-31
ORCL,129.87,2026-08-07,6,Call,128.00,+1.44%,5.05,5.61,5.8,1032,730,1.41,69.81%,66.80%,0.585447,2026-07-31
SNDK,1214.83,2026-08-07,6,Call,"1,600.00",-31.71%,18,18.5,20,1240,877,1.41,133.72%,181.96%,0.144263,2026-07-31
AAL,15.27,2026-08-07,6,Put,15.00,-1.77%,0.25,0.28,0.28,2271,1608,1.41,49.90%,49.89%,-0.376919,2026-07-31
IREN,36.8,2026-08-07,6,Call,40.00,-8.70%,1.35,1.35,1.4,8421,5980,1.41,122.62%,136.12%,0.349311,2026-07-31
AMZN,271.58,2026-08-21,20,Put,260.00,-4.26%,3.5,3.7,3.95,9025,6385,1.41,32.32%,33.93%,-0.270951,2026-07-31
AMZN,271.58,2026-10-16,76,Call,320.00,-17.83%,2.82,3.1,3.1,3160,2253,1.4,32.32%,31.49%,0.154748,2026-07-31
AAPL,308.91,2026-08-14,13,Call,330.00,-6.83%,0.92,1.3,1.25,3193,2278,1.4,27.30%,29.63%,0.128714,2026-07-31
RIVN,15.22,2026-08-07,6,Put,15.00,-1.45%,0.35,0.35,0.39,5639,4016,1.4,62.92%,61.54%,-0.408924,2026-07-31
TSLA,311.21,2026-08-07,6,Call,312.50,-0.41%,7.25,7.35,7.45,6326,4520,1.4,45.64%,49.49%,0.490395,2026-07-31
OKLO,38.83,2027-06-17,320,Put,40.00,+3.01%,12.3,12.53,13.7,503,360,1.4,99.42%,92.18%,-0.337396,2026-07-31
KEEL,3.97,2026-08-21,20,Call,5.50,-38.54%,0.12,0.12,0.16,655,469,1.4,124.63%,144.06%,0.2141,2026-07-31
SNDK,1214.83,2026-08-07,6,Call,"1,100.00",+9.45%,175.3,182.5,182.5,782,558,1.4,133.72%,189.52%,0.70286,2026-07-31
META,556.71,2026-08-21,20,Call,530.00,+4.80%,36,38.09,38.35,975,698,1.4,38.93%,40.36%,0.721111,2026-07-31
SPCX,108.37,2026-12-18,139,Call,130.00,-19.96%,15.4,15.45,15.8,1079,773,1.4,109.71%,84.27%,0.475359,2026-07-31
CORZ,20.72,2026-08-07,6,Put,20.00,-3.47%,0.68,0.79,0.76,1402,1005,1.4,91.03%,100.45%,-0.365811,2026-07-31
BE,205.81,2026-09-18,48,Call,320.00,-55.48%,8.6,10.25,10.1,1731,1239,1.4,126.85%,121.18%,0.219564,2026-07-31
INTC,90.2,2026-08-03,2,Call,98.00,-8.65%,0.26,0.3,0.38,1960,1397,1.4,83.34%,89.86%,0.112907,2026-07-31
COST,951.89,2026-08-07,6,Put,640.00,-32.77%,0,0.12,0.04,694,500,1.39,23.55%,97.65%,-0.000607,2026-07-31
WMT,111.2,2026-08-14,13,Put,109.00,-1.98%,1.13,1.2,1.28,857,618,1.39,32.07%,26.10%,-0.327268,2026-07-31
AMD,476.15,2026-09-11,41,Put,365.00,-23.34%,5.25,7.7,11.05,1153,828,1.39,78.82%,76.96%,-0.120149,2026-07-31
SPCX,108.37,2026-08-07,6,Call,136.00,-25.50%,2.3,2.43,2.45,1209,870,1.39,109.71%,179.16%,0.191782,2026-07-31
NBIS,190.41,2026-08-07,6,Put,125.00,-34.35%,0.51,0.58,0.6,2172,1561,1.39,137.11%,185.24%,-0.02917,2026-07-31
NVDA,200.75,2026-08-07,6,Call,217.50,-8.34%,0.32,0.32,0.35,4171,3006,1.39,41.38%,41.69%,0.071723,2026-07-31
SOFI,16.31,2026-08-07,6,Call,17.50,-7.30%,0.09,0.1,0.1,7252,5208,1.39,51.28%,53.84%,0.164263,2026-07-31
NOK,9.14,2026-08-07,6,Put,8.50,-7.00%,0.1,0.12,0.12,4412,3193,1.38,69.80%,75.16%,-0.210376,2026-07-31
AMZN,271.58,2026-08-07,6,Put,230.00,-15.31%,0.11,0.1,0.13,9573,6920,1.38,32.32%,61.32%,-0.015386,2026-07-31
IREN,36.8,2026-09-18,48,Put,26.00,-29.35%,1.59,1.65,2.03,606,440,1.38,122.62%,127.55%,-0.16068,2026-07-31
GOOG,356.65,2026-08-21,20,Put,327.50,-8.17%,1.92,2,2.13,750,543,1.38,32.53%,34.76%,-0.133629,2026-07-31
BMNR,17.28,2026-08-07,6,Call,18.50,-7.06%,0.31,0.32,0.35,2060,1495,1.38,83.49%,86.68%,0.290007,2026-07-31
AAPL,308.91,2026-08-21,20,Call,332.50,-7.64%,1.24,1.56,1.56,2270,1646,1.38,27.30%,27.68%,0.140964,2026-07-31
ORCL,129.87,2026-08-07,6,Call,141.00,-8.57%,1.11,1.16,1.3,500,366,1.37,69.81%,70.30%,0.193899,2026-07-31
KKR,101.43,2026-10-16,76,Put,85.00,-16.20%,1.35,1.7,2.05,662,484,1.37,38.79%,42.80%,-0.151224,2026-07-31
TSLA,311.21,2026-08-03,2,Call,290.00,+6.82%,20.7,23.02,21.9,784,573,1.37,45.64%,41.32%,0.990077,2026-07-31
GME,21.72,2026-08-07,6,Call,21.00,+3.31%,0.74,0.82,0.87,826,603,1.37,33.97%,30.83%,0.806965,2026-07-31
AMZN,271.58,2026-08-03,2,Call,245.00,+9.79%,26.05,26.47,26.95,873,638,1.37,32.32%,42.91%,0.99945,2026-07-31
MSFT,464.72,2026-08-14,13,Call,470.00,-1.14%,8.9,9.34,9.6,906,659,1.37,30.64%,32.69%,0.445847,2026-07-31
META,556.71,2026-08-07,6,Put,520.00,-6.59%,1.56,1.65,1.7,924,674,1.37,38.93%,43.92%,-0.105956,2026-07-31
TSLA,311.21,2026-08-05,4,Call,340.00,-9.25%,0.51,0.57,0.53,1243,905,1.37,45.64%,55.17%,0.067311,2026-07-31
VRT,241.57,2026-08-21,20,Call,250.00,-3.49%,12.6,13.03,13.75,562,414,1.36,69.52%,73.59%,0.459431,2026-07-31
AMZN,271.58,2027-07-16,349,Call,310.00,-14.15%,27.95,28.81,28.7,577,424,1.36,32.32%,36.49%,0.465914,2026-07-31
INTC,90.2,2026-08-07,6,Call,94.00,-4.21%,2.84,3.05,3.05,673,496,1.36,83.34%,97.31%,0.395705,2026-07-31
AAPL,308.91,2028-01-21,538,Put,330.00,+6.83%,44.3,46,46.55,793,582,1.36,27.30%,27.51%,-0.487253,2026-07-31
BABA,122.25,2026-08-07,6,Call,121.00,+1.02%,3.4,3.31,3.75,863,636,1.36,47.14%,46.72%,0.579904,2026-07-31
COIN,146.26,2026-08-07,6,Call,190.00,-29.91%,0.1,0.15,0.27,995,730,1.36,71.54%,101.83%,0.026563,2026-07-31
AFRM,71.51,2026-08-07,6,Put,70.00,-2.11%,1.51,1.7,1.91,1204,887,1.36,65.42%,66.49%,-0.382504,2026-07-31
AMZN,271.58,2026-08-05,4,Call,260.00,+4.26%,11.95,13.25,13.05,1474,1086,1.36,32.32%,39.61%,0.860245,2026-07-31
AAPL,308.91,2026-12-18,139,Call,265.00,+14.21%,52.2,52.3,54.95,1505,1107,1.36,27.30%,32.01%,0.82594,2026-07-31
GOOGL,356.13,2026-08-07,6,Call,400.00,-12.32%,0.09,0.14,0.14,2065,1520,1.36,32.89%,41.97%,0.016956,2026-07-31
JBLU,6.03,2026-08-21,20,Put,5.50,-8.79%,0.14,0.15,0.16,2195,1615,1.36,62.67%,66.46%,-0.248139,2026-07-31
TSLA,311.21,2026-08-05,4,Call,300.00,+3.60%,13.2,14,13.6,3633,2685,1.35,45.64%,48.16%,0.776629,2026-07-31
VNOM,44.61,2026-12-18,139,Call,50.00,-12.08%,0.95,1.25,1.8,504,374,1.35,35.68%,30.54%,0.287142,2026-07-31
NBIS,190.41,2026-08-14,13,Call,210.00,-10.29%,14.3,14.38,15.4,631,469,1.35,137.11%,154.98%,0.426925,2026-07-31
AMZN,271.58,2026-08-28,27,Put,225.00,-17.15%,0.45,0.46,0.59,747,552,1.35,32.32%,41.46%,-0.040301,2026-07-31
AGNC,10.66,2027-03-19,230,Call,11.00,-3.19%,0.35,0.41,0.43,825,609,1.35,22.53%,16.40%,0.415164,2026-07-31
MSFT,464.72,2026-08-05,4,Put,430.00,-7.47%,0.35,0.4,0.61,515,384,1.34,30.64%,46.02%,-0.050309,2026-07-31
ENVX,4.09,2026-08-07,6,Put,4.50,+10.02%,0.48,0.53,0.55,523,389,1.34,121.10%,119.60%,-0.706812,2026-07-31
RDDT,140.67,2026-09-18,48,Call,150.00,-6.63%,10,10.55,11,528,393,1.34,69.71%,68.83%,0.455018,2026-07-31
LRCX,293.02,2027-01-15,167,Put,300.00,+2.38%,61.05,59.05,63.8,668,497,1.34,84.48%,77.64%,-0.405637,2026-07-31
BAC,61.95,2026-08-21,20,Call,61.00,+1.53%,1.81,1.9,1.97,855,636,1.34,21.54%,23.10%,0.629254,2026-07-31
NKE,41.71,2026-08-07,6,Put,42.00,+0.70%,0.86,0.89,1.02,924,692,1.34,37.20%,36.73%,-0.549174,2026-07-31
AMZN,271.58,2026-10-16,76,Put,265.00,-2.42%,11.45,11.45,12,969,723,1.34,32.32%,31.96%,-0.389183,2026-07-31
BRK.B,511.54,2026-08-07,6,Call,515.00,-0.68%,3.3,3.55,3.8,1146,856,1.34,16.09%,18.93%,0.404753,2026-07-31
NFLX,71.71,2026-11-20,111,Call,77.50,-8.07%,4.3,4.3,4.65,1451,1086,1.34,35.34%,40.77%,0.428211,2026-07-31
WMT,111.2,2026-08-07,6,Call,112.00,-0.72%,1.18,1.23,1.26,1563,1170,1.34,32.07%,27.45%,0.431144,2026-07-31
SNDK,1214.83,2026-08-07,6,Put,"1,000.00",-17.68%,32.3,33,34.5,1877,1396,1.34,133.72%,193.28%,-0.181026,2026-07-31
CRH,95.01,2026-09-18,48,Call,105.00,-10.51%,1.65,1.95,2,2070,1543,1.34,36.93%,36.98%,0.254679,2026-07-31
NU,14.33,2028-01-21,538,Put,17.00,+18.63%,4,4.23,4.55,2800,2108,1.33,45.87%,43.87%,-0.510145,2026-07-31
MU,823.03,2026-08-03,2,Put,700.00,-14.95%,0.99,1.02,1.05,3807,2872,1.33,91.94%,122.64%,-0.03356,2026-07-31
INTC,90.2,2026-08-07,6,Put,86.00,-4.66%,2.48,2.56,2.68,504,378,1.33,83.34%,97.24%,-0.326929,2026-07-31
AMZN,271.58,2026-08-07,6,Put,237.50,-12.55%,0.15,0.14,0.23,554,416,1.33,32.32%,54.85%,-0.025598,2026-07-31
CRWD,190.86,2026-08-07,6,Call,202.50,-6.10%,1.76,2.14,2.19,598,449,1.33,62.76%,60.44%,0.236486,2026-07-31
SPCX,108.37,2026-08-07,6,Put,106.00,-2.19%,7.7,7.8,7.9,625,469,1.33,109.71%,163.80%,-0.415803,2026-07-31
LRCX,293.02,2026-09-18,48,Call,310.00,-5.79%,26.95,31.55,29.95,962,724,1.33,84.48%,82.42%,0.490084,2026-07-31
AMD,476.15,2026-08-07,6,Put,425.00,-10.74%,7.75,7.95,8.5,1145,858,1.33,78.82%,113.83%,-0.196172,2026-07-31
TSLA,311.21,2026-08-14,13,Call,310.00,+0.39%,11.75,11.86,11.95,1161,872,1.33,45.64%,47.20%,0.540937,2026-07-31
AMZN,271.58,2026-08-28,27,Call,270.00,+0.58%,10.25,10.66,11,1196,901,1.33,32.32%,32.14%,0.556137,2026-07-31
NBIS,190.41,2026-08-07,6,Put,110.00,-42.23%,0.2,0.25,0.3,1529,1148,1.33,137.11%,204.80%,-0.013111,2026-07-31
META,556.71,2026-08-03,2,Call,600.00,-7.78%,0.12,0.16,0.16,1663,1254,1.33,38.93%,48.42%,0.019396,2026-07-31
AMZN,271.58,2028-01-21,538,Put,270.00,-0.58%,38.4,39.3,39.95,2130,1598,1.33,32.32%,36.10%,-0.378921,2026-07-31
RKLB,64.95,2026-08-07,6,Call,70.00,-7.78%,1.45,1.5,1.56,2397,1799,1.33,102.86%,99.98%,0.303113,2026-07-31
MU,823.03,2026-08-07,6,Call,930.00,-13.00%,13.1,13.71,13.8,523,396,1.32,91.94%,110.65%,0.21583,2026-07-31
F,14.68,2026-11-20,111,Call,12.00,+18.26%,2.63,2.87,3.1,538,409,1.32,34.94%,35.92%,0.86372,2026-07-31
GOOGL,356.13,2026-08-14,13,Put,330.00,-7.34%,1.24,1.43,1.65,541,411,1.32,32.89%,35.74%,-0.119005,2026-07-31
CSCO,115.99,2026-08-07,6,Call,120.00,-3.46%,0.87,0.96,1.01,611,463,1.32,50.96%,40.19%,0.265305,2026-07-31
FCX,62.63,2026-08-21,20,Put,56.00,-10.59%,0.6,0.77,0.83,751,569,1.32,51.74%,52.88%,-0.164344,2026-07-31
QBTS,18.08,2026-08-07,6,Put,15.00,-17.04%,0.17,0.19,0.2,917,693,1.32,99.17%,131.29%,-0.115658,2026-07-31
HUT,107.63,2026-09-18,48,Call,145.00,-34.72%,5.75,7.1,8.15,1020,774,1.32,120.64%,112.46%,0.303272,2026-07-31
MS,210.42,2026-10-16,76,Put,185.00,-12.08%,3.65,3.95,4,1133,858,1.32,32.09%,35.96%,-0.18688,2026-07-31
MSTR,93.28,2026-08-07,6,Put,89.00,-4.59%,1.84,1.96,2.11,1567,1184,1.32,77.78%,80.48%,-0.30437,2026-07-31
CRGY,11.47,2026-10-16,76,Call,17.50,-52.57%,0.1,0.13,0.15,3029,2288,1.32,60.35%,62.96%,0.09116,2026-07-31
CLF,11.52,2026-08-21,20,Call,12.50,-8.51%,0.3,0.32,0.33,4577,3464,1.32,63.10%,62.10%,0.31413,2026-07-31
BKNG,192.9,2026-09-18,48,Call,200.00,-3.68%,8.6,9.35,10,2899,2221,1.31,45.30%,43.15%,0.448202,2026-07-31
ONDS,7.49,2026-08-14,13,Call,9.00,-20.16%,0.22,0.25,0.25,4677,3557,1.31,111.43%,123.25%,0.252118,2026-07-31
LUMN,6.38,2026-08-07,6,Call,6.50,-1.88%,0.33,0.4,0.49,524,399,1.31,86.93%,143.74%,0.49227,2026-07-31
MU,823.03,2026-08-03,2,Put,775.00,-5.84%,6.65,6.65,7.25,554,423,1.31,91.94%,100.17%,-0.197544,2026-07-31
MU,823.03,2026-08-07,6,Put,560.00,-31.96%,0.54,0.54,0.7,562,428,1.31,91.94%,137.96%,-0.011658,2026-07-31
PLTR,123.06,2026-08-07,6,Call,119.00,+3.30%,9.05,9.25,9.2,668,510,1.31,67.71%,111.00%,0.622148,2026-07-31
WFC,86.45,2026-08-07,6,Put,85.00,-1.68%,0.62,0.72,0.84,820,628,1.31,24.69%,30.54%,-0.323616,2026-07-31
MSFT,464.72,2026-08-21,20,Put,425.00,-8.55%,2.55,2.55,2.74,1132,862,1.31,30.64%,35.84%,-0.130466,2026-07-31
GOOGL,356.13,2026-08-14,13,Call,350.00,+1.72%,12.2,13.6,13.35,1178,902,1.31,32.89%,34.37%,0.624979,2026-07-31
AMZN,271.58,2026-08-14,13,Call,265.00,+2.42%,10.65,10.94,12.2,1269,967,1.31,32.32%,36.96%,0.657306,2026-07-31
ASTS,58.98,2026-08-07,6,Call,75.00,-27.16%,0.06,0.26,0.28,1358,1035,1.31,112.13%,109.82%,0.051341,2026-07-31
TSLA,311.21,2026-08-14,13,Call,315.00,-1.22%,9.45,9.76,9.55,1375,1053,1.31,45.64%,47.18%,0.469334,2026-07-31
HIMS,27.77,2026-08-07,6,Call,27.50,+0.97%,1.32,1.4,1.47,1420,1087,1.31,103.81%,88.27%,0.558909,2026-07-31
CVX,196.83,2026-08-21,20,Call,215.00,-9.23%,0.51,0.6,0.72,588,452,1.3,28.68%,28.76%,0.100581,2026-07-31
QCOM,147.61,2026-08-07,6,Put,145.00,-1.77%,3.15,3.26,3.4,604,463,1.3,55.85%,59.76%,-0.392183,2026-07-31
TSLA,311.21,2026-08-07,6,Put,287.50,-7.62%,1.03,1.02,1.07,806,619,1.3,45.64%,50.98%,-0.104995,2026-07-31
GOOGL,356.13,2026-08-14,13,Call,360.00,-1.09%,7.2,7.63,7.95,838,647,1.3,32.89%,34.12%,0.453413,2026-07-31
SMCI,28.4,2026-08-07,6,Call,27.50,+3.17%,1.81,1.87,1.97,881,680,1.3,100.83%,96.90%,0.627854,2026-07-31
IBRX,7.17,2026-08-07,6,Call,7.50,-4.60%,0.1,0.25,0.3,939,724,1.3,102.41%,90.22%,0.372183,2026-07-31
META,556.71,2026-08-21,20,Call,535.00,+3.90%,33.25,34.32,35.1,984,757,1.3,38.93%,41.11%,0.684256,2026-07-31
SPCX,108.37,2026-08-07,6,Call,118.00,-8.89%,5.5,5.55,5.6,1032,796,1.3,109.71%,165.96%,0.385532,2026-07-31
SNDK,1214.83,2026-08-07,6,Put,800.00,-34.15%,6,6.3,6.7,1181,911,1.3,133.72%,206.71%,-0.043553,2026-07-31
CRML,5.49,2028-01-21,538,Call,7.50,-36.61%,1.75,2.05,2.4,1531,1175,1.3,104.27%,97.76%,0.64838,2026-07-31
SPCX,108.37,2026-08-07,6,Call,325.00,-199.90%,0.25,0.28,0.3,2197,1687,1.3,109.71%,364.92%,0.017357,2026-07-31
PFE,25.01,2026-08-07,6,Call,25.50,-1.96%,0.25,0.25,0.28,6947,5327,1.3,24.74%,36.72%,0.345114,2026-07-31
RBLX,35.6,2026-08-21,20,Call,50.00,-40.45%,0.1,0.14,0.14,2846,2206,1.29,71.40%,81.08%,0.046067,2026-07-31
RBLX,35.6,2027-01-15,167,Put,30.00,-15.73%,3.7,3.74,3.9,3133,2432,1.29,71.40%,73.51%,-0.267442,2026-07-31
NVDA,200.75,2026-08-03,2,Call,190.00,+5.35%,9.95,10.05,12.7,3764,2914,1.29,41.38%,63.51%,0.884512,2026-07-31
NVDA,200.75,2026-08-07,6,Call,212.50,-5.85%,0.76,0.77,0.81,10483,8103,1.29,41.38%,40.98%,0.1476,2026-07-31
DDOG,267.97,2026-09-18,48,Call,300.00,-11.95%,17.45,19.05,19,827,639,1.29,83.88%,76.34%,0.400573,2026-07-31
NOW,111.23,2026-08-07,6,Put,104.00,-6.50%,0.96,0.96,1.04,948,735,1.29,59.95%,63.67%,-0.191945,2026-07-31
TROW,111.75,2026-08-21,20,Put,115.00,+2.91%,3.7,4.44,5.8,1415,1097,1.29,28.38%,26.47%,-0.668299,2026-07-31
BE,205.81,2026-08-07,6,Put,210.00,+2.04%,17.5,18.33,19.45,571,445,1.28,126.85%,154.09%,-0.500354,2026-07-31
FLUT,104.47,2026-08-21,20,Put,100.00,-4.28%,3.9,4.2,4.4,586,459,1.28,59.57%,65.06%,-0.354112,2026-07-31
AMZN,271.58,2026-08-07,6,Put,280.00,+3.10%,10.35,11,11.35,600,469,1.28,32.32%,41.07%,-0.707906,2026-07-31
MVST,0.8071,2028-01-21,538,Call,1.5000,-85.85%,0.25,0.35,0.45,628,490,1.28,160.29%,127.03%,0.658343,2026-07-31
IOT,37.27,2026-08-21,20,Call,42.00,-12.69%,0.6,0.65,0.85,689,539,1.28,70.33%,63.80%,0.238166,2026-07-31
MSFT,464.72,2026-08-28,27,Call,470.00,-1.14%,12.55,13.4,14.35,1130,881,1.28,30.64%,30.63%,0.472342,2026-07-31
GOOGL,356.13,2026-10-16,76,Call,365.00,-2.49%,18.6,20,19.4,1489,1159,1.28,32.89%,33.66%,0.485221,2026-07-31
BAC,61.95,2026-08-07,6,Put,62.00,+0.08%,0.61,0.66,0.68,1745,1368,1.28,21.54%,19.82%,-0.503766,2026-07-31
MSFT,464.72,2026-08-07,6,Put,430.00,-7.47%,0.73,0.76,0.93,1860,1456,1.28,30.64%,42.50%,-0.072107,2026-07-31
MSFT,464.72,2026-08-07,6,Put,450.00,-3.17%,3,3,3.2,2909,2271,1.28,30.64%,36.65%,-0.236554,2026-07-31
LAR,6.01,2026-08-21,20,Put,5.00,-16.81%,0.05,0.11,0.2,3100,2444,1.27,90.25%,91.63%,-0.165171,2026-07-31
SPCX,108.37,2026-08-07,6,Call,116.00,-7.04%,6,6.2,6.2,3615,2844,1.27,109.71%,164.25%,0.414874,2026-07-31
VST,148.19,2026-08-07,6,Call,170.00,-14.72%,0.41,0.64,0.74,572,449,1.27,58.23%,76.44%,0.088982,2026-07-31
RDDT,140.67,2026-08-21,20,Call,160.00,-13.74%,3.1,3.25,3.6,603,474,1.27,69.71%,72.53%,0.25403,2026-07-31
BAX,26.16,2026-09-18,48,Call,27.50,-5.12%,0.8,0.95,0.95,640,502,1.27,38.56%,36.14%,0.389675,2026-07-31
BMNR,17.28,2026-08-07,6,Put,17.50,+1.27%,0.85,0.93,0.93,678,533,1.27,83.49%,87.74%,-0.520863,2026-07-31
AMZN,271.58,2026-10-16,76,Call,400.00,-47.29%,0.16,0.17,0.19,908,715,1.27,32.32%,35.59%,0.012055,2026-07-31
AMD,476.15,2026-08-07,6,Put,420.00,-11.79%,6.75,6.84,7.6,924,727,1.27,78.82%,114.99%,-0.176571,2026-07-31
NVDA,200.75,2026-08-14,13,Call,207.50,-3.36%,3.2,3.55,3.35,1724,1362,1.27,41.38%,38.93%,0.345166,2026-07-31
MSFT,464.72,2026-08-07,6,Call,475.00,-2.21%,4.1,4.31,4.5,2405,1893,1.27,30.64%,34.91%,0.324149,2026-07-31
SPCX,108.37,2026-08-21,20,Put,99.00,-8.65%,7.4,7.53,7.6,515,409,1.26,109.71%,120.98%,-0.320294,2026-07-31
NVO,47.08,2026-08-07,6,Call,49.00,-4.08%,0.82,0.83,0.94,781,621,1.26,44.04%,68.27%,0.337384,2026-07-31
VZ,46.81,2026-08-07,6,Call,46.50,+0.66%,0.82,0.88,0.95,832,661,1.26,25.61%,30.53%,0.571916,2026-07-31
ORCL,129.87,2026-08-07,6,Call,138.00,-6.26%,1.67,1.74,1.85,1032,816,1.26,69.81%,69.35%,0.262747,2026-07-31
PLTR,123.06,2026-08-14,13,Put,100.00,-18.74%,0.81,0.83,0.88,1057,841,1.26,67.71%,86.07%,-0.085968,2026-07-31
BE,205.81,2026-08-21,20,Put,135.00,-34.41%,2.2,2.55,3.1,1162,921,1.26,126.85%,142.18%,-0.075089,2026-07-31
BABA,122.25,2026-08-07,6,Call,118.00,+3.48%,5.25,5.55,5.85,1454,1158,1.26,47.14%,48.01%,0.727542,2026-07-31
IONQ,36.44,2026-08-07,6,Call,40.00,-9.77%,1.17,1.25,1.3,1461,1162,1.26,102.36%,135.05%,0.326937,2026-07-31
AAPL,308.91,2026-08-03,2,Put,315.00,+1.97%,6.75,6.4,7.9,1665,1324,1.26,27.30%,38.06%,-0.750279,2026-07-31
NBIS,190.41,2026-08-07,6,Call,210.00,-10.29%,6.4,6.7,6.85,1717,1364,1.26,137.11%,139.98%,0.325395,2026-07-31
BABA,122.25,2026-08-07,6,Call,130.00,-6.34%,0.53,0.65,0.69,4021,3191,1.26,47.14%,47.01%,0.161257,2026-07-31
RKLB,64.95,2026-08-21,20,Call,100.00,-53.96%,0.43,0.43,0.44,6271,4968,1.26,102.86%,111.47%,0.064793,2026-07-31
ORCL,129.87,2026-08-07,6,Call,130.00,-0.10%,4.35,4.61,4.65,6810,5404,1.26,69.81%,68.40%,0.51438,2026-07-31
META,556.71,2026-08-07,6,Put,540.00,-3.00%,5.25,5.45,5.75,704,562,1.25,38.93%,43.33%,-0.279298,2026-07-31
APLD,27.39,2026-08-07,6,Call,28.00,-2.23%,1.28,1.36,1.46,736,589,1.25,105.93%,116.61%,0.47265,2026-07-31
AMZN,271.58,2026-08-14,13,Put,225.00,-17.15%,0.21,0.18,0.24,898,718,1.25,32.32%,51.18%,-0.02228,2026-07-31
NKE,41.71,2026-08-07,6,Call,43.00,-3.09%,0.3,0.37,0.38,945,757,1.25,37.20%,38.37%,0.275681,2026-07-31
AAPL,308.91,2026-08-14,13,Put,295.00,-4.50%,1.83,2.09,2.48,1024,819,1.25,27.30%,31.34%,-0.204309,2026-07-31
NVDA,200.75,2026-08-05,4,Put,175.00,-12.83%,0.09,0.1,0.11,1065,853,1.25,41.38%,64.79%,-0.019585,2026-07-31
TSLA,311.21,2026-09-18,48,Call,315.00,-1.22%,19.3,19.53,19.55,1281,1021,1.25,45.64%,45.50%,0.515429,2026-07-31
TSLA,311.21,2026-08-14,13,Call,340.00,-9.25%,2.74,2.77,2.79,1343,1071,1.25,45.64%,48.86%,0.184164,2026-07-31
TSLA,311.21,2026-08-14,13,Put,275.00,-11.64%,1.16,1.13,1.2,1410,1125,1.25,45.64%,49.85%,-0.08464,2026-07-31
UBER,70.36,2027-03-19,230,Call,75.00,-6.59%,7.75,7.85,8.3,1442,1150,1.25,44.79%,41.33%,0.518353,2026-07-31
TSLA,311.21,2026-08-28,27,Put,290.00,-6.82%,6.6,6.45,6.75,1682,1345,1.25,45.64%,46.65%,-0.261702,2026-07-31
SOFI,16.31,2026-08-14,13,Call,16.50,-1.16%,0.53,0.55,0.56,2446,1962,1.25,51.28%,50.72%,0.476212,2026-07-31
RIVN,15.22,2026-08-28,27,Call,17.00,-11.70%,0.43,0.5,0.5,508,411,1.24,62.92%,64.66%,0.299505,2026-07-31
GOOGL,356.13,2026-08-07,6,Call,385.00,-8.11%,0.42,0.46,0.47,703,568,1.24,32.89%,38.26%,0.0602,2026-07-31
AMD,476.15,2026-08-07,6,Put,430.00,-9.69%,8.95,9.1,9.6,741,600,1.24,78.82%,113.23%,-0.218125,2026-07-31
NBIS,190.41,2026-08-07,6,Put,185.00,-2.84%,10.95,11.34,11.7,875,708,1.24,137.11%,145.10%,-0.401048,2026-07-31
PAA,24.57,2027-02-19,202,Call,25.00,-1.75%,1.15,1.2,1.2,993,799,1.24,22.17%,20.92%,0.450161,2026-07-31
AAPL,308.91,2026-11-20,111,Put,315.00,+1.97%,19.75,19.85,20.7,1087,879,1.24,27.30%,27.13%,-0.504449,2026-07-31
AMZN,271.58,2026-08-28,27,Call,290.00,-6.78%,3.2,3.43,3.6,2123,1715,1.24,32.32%,32.22%,0.249991,2026-07-31
MSFT,464.72,2026-08-21,20,Put,460.00,-1.02%,10.8,11.18,11.6,2663,2155,1.24,30.64%,31.79%,-0.424022,2026-07-31
NVDA,200.75,2026-08-21,20,Call,197.50,+1.62%,9.35,9.35,9.5,3334,2691,1.24,41.38%,40.37%,0.593965,2026-07-31
"Downloaded from Barchart.com as of 08-02-2026 11:01pm CDT"
