Symbol,Price~,"Exp Date",DTE,Type,Strike,Moneyness,Bid,Latest,Ask,Volume,"Open Int",Vol/OI,"Imp Vol",IV,Delta,Time
NFLX,81.46,2028-01-21,513,Put,42.00,-48.44%,0.93,1.2,1.26,24000,117,205.13,33.10%,43.58%,-0.05065,2026-08-26
HONA,164.01,2026-12-18,114,Call,210.00,-28.04%,4.2,4.6,5.5,20035,197,101.7,42.86%,46.88%,0.221634,2026-08-26
MSFT,496.37,2026-11-20,86,Call,625.00,-25.91%,2.03,2.12,2.22,14972,190,78.8,24.87%,29.82%,0.070529,2026-08-26
META,576.14,2026-08-28,2,Put,585.00,+1.54%,12.5,11.93,13.4,9357,140,66.84,35.84%,45.46%,-0.667511,2026-08-26
QXO,14.02,2026-10-16,51,Put,11.00,-21.54%,0.15,0.2,0.3,8133,122,66.66,59.53%,63.50%,-0.122953,2026-08-26
HONA,164.01,2026-12-18,114,Call,175.00,-6.70%,12.2,12.85,14.2,10037,151,66.47,42.86%,46.16%,0.469777,2026-08-26
AMZN,260.28,2026-08-28,2,Call,237.50,+8.75%,22.4,22.86,23.3,8400,131,64.12,28.99%,50.86%,0.992979,2026-08-26
AEO,17.59,2026-09-18,23,Call,17.50,+0.51%,1.5,1.57,1.62,8378,156,53.71,75.28%,86.28%,0.552536,2026-08-26
KHC,24.79,2026-09-04,9,Call,25.50,-2.86%,0.08,0.15,0.33,20468,383,53.44,27.06%,30.71%,0.282862,2026-08-26
MPT,4.08,2027-06-17,295,Put,2.50,-38.73%,0.08,0.11,0.14,20503,417,49.17,36.08%,50.01%,-0.101419,2026-08-26
BABA,119.83,2026-10-02,37,Call,130.00,-8.49%,3.15,3.3,3.4,6100,145,42.07,41.33%,45.78%,0.313282,2026-08-26
META,576.14,2026-08-28,2,Put,572.50,-0.63%,5.8,5.95,6.25,4200,100,42,35.84%,45.69%,-0.417302,2026-08-26
NVAX,9.21,2028-01-21,513,Put,10.00,+8.58%,3.3,3.45,3.8,14411,369,39.05,70.87%,78.68%,-0.343048,2026-08-26
ECHO,85.61,2026-12-18,114,Call,90.00,-5.13%,7.6,8.1,8.4,9804,252,38.9,44.45%,49.33%,0.500014,2026-08-26
SRPT,19.46,2027-01-15,142,Call,12.50,+35.77%,7.5,7.78,8,10017,263,38.09,60.66%,74.40%,0.888437,2026-08-26
CCCC,4.24,2027-12-17,478,Call,4.00,+5.66%,1.75,2.1,2.4,3563,100,35.63,91.67%,106.92%,0.75892,2026-08-26
NVDA,209.66,2026-09-04,9,Call,197.50,+5.80%,14.45,15.04,16.25,4668,133,35.1,41.74%,60.24%,0.753946,2026-08-26
AMZN,260.28,2026-08-28,2,Call,245.00,+5.87%,14.95,15.56,15.8,15782,451,34.99,28.99%,38.92%,0.983031,2026-08-26
AVGO,355.59,2026-09-18,23,Call,387.50,-8.97%,8.45,8.7,9.75,3839,114,33.68,51.40%,56.96%,0.302503,2026-08-26
FSLR,205.93,2027-06-17,295,Put,160.00,-22.30%,13.35,15.6,15.75,5049,157,32.16,49.50%,53.25%,-0.205908,2026-08-26
AI,9.7,2026-09-04,9,Call,10.00,-3.09%,0.53,0.55,0.76,20446,644,31.75,81.27%,127.00%,0.480634,2026-08-26
GLXY,24.64,2026-09-04,9,Put,23.50,-4.63%,0.77,0.85,0.92,6177,199,31.04,84.02%,89.38%,-0.339738,2026-08-26
AMZN,260.28,2026-08-28,2,Call,247.50,+4.91%,12.5,13.36,13.3,9842,319,30.85,28.99%,35.62%,0.973219,2026-08-26
HPQ,30.52,2027-06-17,295,Put,22.00,-27.92%,1.46,1.64,1.82,3149,103,30.57,56.12%,51.82%,-0.169889,2026-08-26
AI,9.7,2026-09-04,9,Call,11.50,-18.56%,0.15,0.18,0.2,20327,683,29.76,81.27%,114.26%,0.196501,2026-08-26
TSLA,345.82,2026-08-28,2,Call,342.50,+0.96%,6.55,6.5,6.75,27419,985,27.84,40.40%,46.90%,0.618297,2026-08-26
QBTS,17.51,2026-08-28,2,Call,18.50,-5.65%,0.13,0.13,0.15,4158,157,26.48,75.77%,90.41%,0.216098,2026-08-26
MSFT,496.37,2028-01-21,513,Put,250.00,-49.63%,3.15,3.25,3.45,67244,2642,25.45,24.87%,37.85%,-0.032074,2026-08-26
KEEL,3.36,2026-10-02,37,Call,4.50,-33.93%,0.13,0.16,0.18,8526,340,25.08,100.27%,109.90%,0.258078,2026-08-26
AAPL,313.45,2026-08-31,5,Put,315.00,+0.49%,3.7,4.1,4.2,3975,162,24.54,24.83%,21.71%,-0.566937,2026-08-26
DLTR,132.18,2026-09-18,23,Call,155.00,-17.26%,0.5,1.01,1.81,3114,128,24.33,49.82%,53.62%,0.13588,2026-08-26
META,576.14,2026-08-31,5,Call,572.50,+0.63%,11.5,11.5,12.5,2826,119,23.75,35.84%,37.05%,0.570687,2026-08-26
NKE,38.59,2026-08-28,2,Call,38.50,+0.23%,0.42,0.45,0.46,4460,189,23.6,36.94%,34.61%,0.540932,2026-08-26
CCCC,4.24,2027-12-17,478,Call,7.00,-65.09%,1.35,1.35,1.45,2273,100,22.73,91.67%,104.67%,0.58888,2026-08-26
MSTR,123.19,2026-09-04,9,Put,113.00,-8.27%,1.43,1.55,1.79,2237,100,22.37,69.81%,70.62%,-0.200089,2026-08-26
AMZN,260.28,2026-08-28,2,Call,252.50,+2.99%,7.9,8.21,8.45,9611,458,20.98,28.99%,33.80%,0.891287,2026-08-26
UPS,105.65,2026-09-18,23,Call,109.00,-3.17%,1.23,1.35,1.66,2445,117,20.9,24.21%,26.65%,0.324423,2026-08-26
TTMI,121.7,2026-10-16,51,Put,80.00,-34.26%,0.9,1.3,1.9,2019,101,19.99,80.75%,86.52%,-0.070288,2026-08-26
MWH,28.34,2027-01-15,142,Call,30.00,-5.86%,4.4,4.1,5,2000,104,19.23,69.08%,74.04%,0.555685,2026-08-26
HRL,23.71,2026-08-28,2,Put,22.00,-7.21%,0.1,0.13,0.15,2056,109,18.86,32.26%,96.73%,-0.139932,2026-08-26
NVDA,209.66,2026-09-11,16,Call,202.50,+3.42%,12.15,12.39,13.6,2450,130,18.85,41.74%,50.34%,0.653648,2026-08-26
QBTS,17.51,2026-08-28,2,Call,18.00,-2.80%,0.24,0.26,0.27,2332,125,18.66,75.77%,87.32%,0.347655,2026-08-26
TSLA,345.82,2026-08-28,2,Call,345.00,+0.24%,5.15,5.15,5.3,54108,2905,18.63,40.40%,46.75%,0.536518,2026-08-26
AMZN,260.28,2028-01-21,513,Put,130.00,-50.05%,2.06,2.27,2.48,12662,700,18.09,28.99%,40.88%,-0.037478,2026-08-26
UPS,105.65,2027-06-17,295,Put,85.00,-19.55%,3.4,3.76,3.8,4500,251,17.93,24.21%,31.50%,-0.187904,2026-08-26
VZ,50.19,2026-09-04,9,Put,50.00,-0.38%,0.41,0.53,0.63,2848,160,17.8,21.33%,19.14%,-0.449229,2026-08-26
AAPL,313.45,2026-08-28,2,Put,312.50,-0.30%,2,2,2.11,25521,1436,17.77,24.83%,27.31%,-0.433406,2026-08-26
HPQ,30.52,2026-08-28,2,Put,28.00,-8.26%,0.39,0.45,0.5,10300,581,17.73,56.12%,155.97%,-0.210617,2026-08-26
AMZN,260.28,2026-08-28,2,Put,275.00,+5.66%,14.4,14.67,15.3,9224,523,17.64,28.99%,43.96%,-0.954671,2026-08-26
OKTA,134.42,2026-08-28,2,Call,155.00,-15.31%,1.23,1.4,1.5,2165,124,17.46,68.61%,178.36%,0.15587,2026-08-26
BCS,27.13,2026-09-18,23,Call,25.00,+7.85%,2.3,2.4,2.55,5042,293,17.21,28.52%,39.94%,0.805021,2026-08-26
VYX,8.88,2026-12-18,114,Call,15.00,-68.92%,0.25,0.4,0.45,5035,295,17.07,87.34%,156.96%,0.138529,2026-08-26
RARE,26.44,2026-11-20,86,Put,25.00,-5.45%,5.7,6.45,6.7,6024,356,16.92,144.15%,143.63%,-0.330675,2026-08-26
AMZN,260.28,2026-08-28,2,Call,242.50,+6.83%,17.45,17.87,18.3,9850,596,16.53,28.99%,44.59%,0.984845,2026-08-26
GOOG,339.1,2028-01-21,513,Put,180.00,-46.92%,2.6,3.4,3.6,6780,413,16.42,27.83%,38.25%,-0.041737,2026-08-26
RXT,3.4,2026-08-28,2,Call,3.50,-2.94%,0.15,0.19,0.2,19247,1189,16.19,109.70%,217.31%,0.460739,2026-08-26
NKE,38.59,2026-09-18,23,Call,39.00,-1.06%,0.89,0.95,0.91,1726,107,16.13,36.94%,28.32%,0.452457,2026-08-26
META,576.14,2026-08-31,5,Call,577.50,-0.24%,9.1,9.25,10.3,1600,100,16,35.84%,38.04%,0.491736,2026-08-26
PBR,17.76,2027-03-19,205,Put,16.00,-9.91%,0.99,1.08,1.13,5001,315,15.88,33.88%,37.18%,-0.292264,2026-08-26
CRM,205.62,2026-08-28,2,Call,227.50,-10.64%,1.18,1.25,1.48,2213,140,15.81,48.61%,123.10%,0.143974,2026-08-26
TTWO,233.45,2026-10-16,51,Call,270.00,-15.66%,4.2,4.6,5,2422,158,15.33,43.28%,44.40%,0.222926,2026-08-26
WMB,74.41,2026-08-28,2,Call,74.00,+0.55%,0.8,0.95,1.25,2394,157,15.25,28.69%,36.58%,0.586716,2026-08-26
A,155.08,2026-09-18,23,Call,175.00,-12.84%,1.05,1.25,1.6,1715,114,15.04,42.58%,44.24%,0.154764,2026-08-26
BZ,18.84,2027-01-15,142,Call,20.00,-6.16%,0.8,1.4,1.95,3161,211,14.98,50.07%,39.29%,0.451487,2026-08-26
AMZN,260.28,2026-08-28,2,Put,277.50,+6.62%,16.85,17.37,17.75,2824,189,14.94,28.99%,46.34%,-0.969712,2026-08-26
TSLA,345.82,2026-08-31,5,Put,337.50,-2.41%,2.55,2.58,2.6,3297,223,14.78,40.40%,36.77%,-0.275036,2026-08-26
AAOI,113.76,2026-10-16,51,Call,120.00,-5.49%,13.4,14.07,14.6,1687,115,14.67,94.65%,96.38%,0.518445,2026-08-26
CRM,205.62,2026-08-28,2,Put,172.50,-16.11%,0.24,0.24,0.31,1601,111,14.42,48.61%,133.04%,-0.033324,2026-08-26
ZLAB,26.03,2027-01-15,142,Put,22.50,-13.56%,0,1.8,4.9,1500,105,14.29,61.71%,68.65%,-0.280273,2026-08-26
TTAN,92.23,2026-09-18,23,Call,105.00,-13.85%,1.85,2.48,2.75,5006,362,13.83,68.41%,69.20%,0.25896,2026-08-26
ANF,147.75,2026-08-28,2,Call,150.00,-1.52%,3,3.5,4.2,8153,597,13.66,56.95%,105.30%,0.43927,2026-08-26
INTC,88.24,2026-09-04,9,Call,88.00,+0.27%,3.5,3.6,3.7,12296,906,13.57,60.18%,62.46%,0.533603,2026-08-26
DAL,83.08,2027-06-17,295,Put,75.00,-9.73%,6.15,6.8,7.85,1502,112,13.41,38.99%,40.16%,-0.302227,2026-08-26
KO,90.08,2026-09-04,9,Call,89.00,+1.20%,1.7,1.73,1.87,2295,172,13.34,18.39%,20.46%,0.6556,2026-08-26
PCG,18.22,2026-09-04,9,Put,17.50,-3.95%,0.41,0.48,0.66,10061,764,13.17,51.21%,76.11%,-0.343905,2026-08-26
NVDA,209.66,2026-09-02,7,Put,202.50,-3.42%,3.4,3.79,4,2761,210,13.15,41.74%,59.05%,-0.318361,2026-08-26
META,576.14,2026-08-31,5,Call,620.00,-7.61%,0.75,0.82,0.89,1688,129,13.09,35.84%,41.19%,0.068279,2026-08-26
NVDA,209.66,2026-09-11,16,Call,232.50,-10.89%,1.76,1.77,2.05,3331,255,13.06,41.74%,49.01%,0.172789,2026-08-26
STX,846.37,2026-09-18,23,Call,"1,150.00",-35.87%,3.6,3.95,4.3,1399,108,12.95,69.35%,74.33%,0.061921,2026-08-26
SPCX,139.63,2028-06-16,660,Put,130.00,-6.90%,32.3,33.3,34.1,2301,180,12.78,54.51%,60.22%,-0.293867,2026-08-26
AVGO,355.59,2026-08-28,2,Call,355.00,+0.17%,5.65,6,6.2,2748,215,12.78,51.40%,53.35%,0.526222,2026-08-26
CRWD,189.18,2026-09-04,9,Call,187.50,+0.89%,11.1,11.3,12.2,1801,141,12.77,62.43%,90.82%,0.555725,2026-08-26
B,47,2027-03-19,205,Put,42.00,-10.64%,3.6,3.7,4.1,1500,118,12.71,45.59%,47.56%,-0.298056,2026-08-26
NFLX,81.46,2028-01-21,513,Call,124.00,-52.22%,5.5,6.2,6.35,7500,592,12.67,33.10%,40.32%,0.301303,2026-08-26
ANF,147.75,2026-08-28,2,Call,145.00,+1.86%,5.3,6.45,6.9,3069,243,12.63,56.95%,105.99%,0.610583,2026-08-26
GLXY,24.64,2026-09-04,9,Put,25.00,+1.46%,1.45,1.56,1.66,6174,489,12.63,84.02%,88.74%,-0.511753,2026-08-26
SPCX,139.63,2028-06-16,660,Put,70.00,-49.87%,7.3,7.63,7.8,2270,181,12.54,54.51%,62.11%,-0.093991,2026-08-26
CVS,94.32,2026-10-16,51,Put,95.00,+0.72%,2.03,3.95,4.8,1633,133,12.28,27.24%,22.20%,-0.511913,2026-08-26
PURR,11.56,2026-09-04,9,Call,14.00,-21.11%,0.25,0.3,0.45,1513,125,12.1,110.83%,149.52%,0.243661,2026-08-26
MSFT,496.37,2026-11-20,86,Call,545.00,-9.80%,12.55,12.9,13.05,15073,1252,12.04,24.87%,29.97%,0.300496,2026-08-26
BURL,313.99,2026-10-16,51,Put,340.00,+8.28%,33.5,35.9,37.7,1920,163,11.78,51.01%,43.33%,-0.653562,2026-08-26
CMPS,14.61,2026-11-20,86,Put,13.00,-11.02%,1.15,1.35,1.95,2004,171,11.72,73.18%,87.28%,-0.307154,2026-08-26
KO,90.08,2026-10-16,51,Put,92.50,+2.69%,3.7,4,4.1,3231,284,11.38,18.39%,19.25%,-0.623179,2026-08-26
DG,122.78,2026-08-28,2,Put,115.00,-6.34%,1.82,1.79,1.85,1648,146,11.29,46.27%,135.34%,-0.240561,2026-08-26
GOOG,339.1,2026-08-28,2,Call,337.50,+0.47%,3.75,3.85,4.1,1415,126,11.23,27.83%,30.25%,0.591221,2026-08-26
MSFT,496.37,2026-08-28,2,Put,492.50,-0.78%,2.38,2.6,2.74,1780,159,11.19,24.87%,29.06%,-0.351572,2026-08-26
CRWD,189.18,2026-09-04,9,Call,235.00,-24.22%,0.63,0.68,0.88,2600,236,11.02,62.43%,88.46%,0.068697,2026-08-26
RCAT,8.93,2026-09-11,16,Call,12.00,-34.38%,0.02,0.1,0.28,3408,316,10.78,92.64%,119.01%,0.145699,2026-08-26
INTC,88.24,2028-12-15,842,Put,140.00,+58.66%,64.7,66.11,66.3,5008,466,10.75,60.18%,62.90%,-0.509392,2026-08-26
DG,122.78,2027-01-15,142,Put,120.00,-2.26%,10,10.7,10.7,1858,173,10.74,46.27%,40.32%,-0.403351,2026-08-26
BSX,48.17,2026-09-04,9,Put,47.00,-2.43%,0.55,0.51,0.65,2067,193,10.71,38.08%,36.93%,-0.320485,2026-08-26
GOOGL,342,2026-10-02,37,Put,310.00,-9.36%,2.02,2.02,2.47,1658,155,10.7,27.96%,29.80%,-0.132128,2026-08-26
NVDA,209.66,2026-09-04,9,Call,202.50,+3.42%,11.5,11.45,12,2587,242,10.69,41.74%,58.41%,0.667502,2026-08-26
META,576.14,2026-08-28,2,Call,587.50,-1.97%,3.65,3.73,3.9,3721,349,10.66,35.84%,47.76%,0.298155,2026-08-26
APH,161.34,2026-11-20,86,Call,165.00,-2.27%,12.9,14,15.1,1435,135,10.63,42.07%,48.46%,0.520458,2026-08-26
SMCI,37.39,2026-10-16,51,Put,25.00,-33.14%,0.25,0.3,0.35,2512,237,10.6,71.73%,76.45%,-0.05842,2026-08-26
TEL,205.03,2026-11-20,86,Put,200.00,-2.45%,10.8,12.2,13.8,1201,114,10.54,34.44%,38.69%,-0.401292,2026-08-26
TSLA,345.82,2026-08-28,2,Put,342.50,-0.96%,3.1,3.21,3.2,15403,1461,10.54,40.40%,45.72%,-0.379421,2026-08-26
EOG,144.84,2026-10-16,51,Put,135.00,-6.79%,1.7,2.6,2.9,1636,156,10.49,31.16%,28.97%,-0.236696,2026-08-26
NVDA,209.66,2026-09-18,23,Put,217.50,+3.74%,12.45,13.35,13.7,2160,206,10.49,41.74%,41.39%,-0.613704,2026-08-26
TSLA,345.82,2026-08-28,2,Put,347.50,+0.49%,5.55,5.64,5.65,20479,1977,10.36,40.40%,46.37%,-0.54758,2026-08-26
IREN,39.58,2026-10-02,37,Call,55.00,-38.96%,1.12,1.15,1.43,1167,113,10.33,95.80%,102.82%,0.203274,2026-08-26
META,576.14,2026-08-28,2,Put,562.50,-2.37%,2.67,2.69,2.9,1596,155,10.3,35.84%,46.42%,-0.236022,2026-08-26
RXRX,3.49,2026-10-16,51,Call,1.00,+71.35%,1.35,2.53,3.25,2107,205,10.28,92.94%,213.56%,0.975662,2026-08-26
SRPT,19.46,2027-01-15,142,Call,35.00,-79.86%,0.3,0.55,0.65,10013,974,10.28,60.66%,69.21%,0.133667,2026-08-26
TSLA,345.82,2026-08-28,2,Put,345.00,-0.24%,4.2,4.3,4.3,36884,3637,10.14,40.40%,45.86%,-0.463449,2026-08-26
META,576.14,2026-08-28,2,Put,567.50,-1.50%,3.95,4.1,4.35,1769,175,10.11,35.84%,45.88%,-0.320399,2026-08-26
SKHY,158.02,2026-09-04,9,Put,155.00,-1.91%,5.2,5.91,6.1,2960,293,10.1,72.21%,72.60%,-0.407966,2026-08-26
AAOI,113.76,2026-10-16,51,Put,100.00,-12.10%,8.3,9,9.6,1597,159,10.04,94.65%,94.95%,-0.29017,2026-08-26
AEO,17.59,2026-08-28,2,Call,17.50,+0.51%,0.34,0.38,0.45,1522,152,10.01,75.28%,67.14%,0.551236,2026-08-26
CRWD,189.18,2026-09-04,9,Call,225.00,-18.93%,1.32,1.4,1.42,2736,282,9.7,62.43%,86.73%,0.115326,2026-08-26
ZLAB,26.03,2027-01-15,142,Call,30.00,-15.25%,1.95,3,5,1501,155,9.68,61.71%,73.66%,0.481367,2026-08-26
NVDA,209.66,2026-09-02,7,Put,195.00,-6.99%,1.6,1.71,1.94,6816,705,9.67,41.74%,60.24%,-0.179511,2026-08-26
RKT,13.9,2026-09-18,23,Call,15.50,-11.51%,0.24,0.28,0.38,2767,287,9.64,56.22%,59.94%,0.26313,2026-08-26
TSLA,345.82,2026-08-31,5,Call,345.00,+0.24%,6.25,6.45,6.55,4514,474,9.52,40.40%,36.54%,0.535273,2026-08-26
META,576.14,2026-08-28,2,Call,600.00,-4.14%,1.5,1.5,1.52,54483,5728,9.51,35.84%,49.92%,0.141175,2026-08-26
NKE,38.59,2026-09-04,9,Call,39.00,-1.06%,0.47,0.48,0.52,4264,449,9.5,36.94%,28.10%,0.412576,2026-08-26
GOOGL,342,2026-08-28,2,Call,342.50,-0.15%,2.86,2.95,3.05,5637,603,9.35,27.96%,31.36%,0.482691,2026-08-26
OKTA,134.42,2026-08-28,2,Call,152.50,-13.45%,0.8,1.63,2.99,1196,128,9.34,68.61%,185.01%,0.197197,2026-08-26
A,155.08,2026-09-18,23,Call,160.00,-3.17%,4.4,5.05,5.7,1332,143,9.31,42.58%,45.24%,0.419856,2026-08-26
LWLG,5.83,2027-01-15,142,Call,6.00,-2.92%,1.3,1.55,1.6,2639,284,9.29,100.27%,103.80%,0.618837,2026-08-26
TSLA,345.82,2026-08-31,5,Put,345.00,-0.24%,5.25,5.51,5.5,5404,587,9.21,40.40%,36.27%,-0.465508,2026-08-26
MRVL,245.11,2026-09-11,16,Call,270.00,-10.15%,8.4,8.7,9.35,1778,194,9.16,80.40%,86.75%,0.332415,2026-08-26
SCHW,109.39,2026-08-28,2,Call,110.00,-0.56%,0.65,1,0.88,3252,357,9.11,24.12%,31.97%,0.413894,2026-08-26
SN,188.55,2026-09-18,23,Call,195.00,-3.42%,4.4,5.25,5.4,1336,147,9.09,39.94%,39.24%,0.393955,2026-08-26
BURL,313.99,2026-08-28,2,Put,310.00,-1.27%,11,12.46,14.1,1958,216,9.06,51.01%,157.30%,-0.432705,2026-08-26
BLSH,33.11,2026-10-16,51,Call,40.00,-20.81%,1.32,1.58,1.7,1021,113,9.04,73.14%,73.90%,0.298908,2026-08-26
CE,44.7,2027-01-15,142,Call,65.00,-45.41%,0.9,0.91,1.5,1000,112,8.93,46.76%,52.65%,0.175077,2026-08-26
STNG,74.85,2026-09-18,23,Put,65.00,-13.16%,0.2,0.3,0.4,1175,132,8.9,35.79%,41.89%,-0.080443,2026-08-26
NKE,38.59,2026-08-28,2,Call,39.00,-1.06%,0.23,0.24,0.25,8602,967,8.9,36.94%,36.09%,0.350707,2026-08-26
LCID,4.95,2027-02-19,177,Put,2.00,-59.60%,0.13,0.16,0.19,3004,338,8.89,85.44%,118.27%,-0.062735,2026-08-26
DG,122.78,2026-08-28,2,Put,120.00,-2.26%,3,3.5,3.9,960,111,8.65,46.27%,131.59%,-0.387907,2026-08-26
HPQ,30.52,2026-08-28,2,Put,27.00,-11.53%,0.23,0.25,0.27,22317,2585,8.63,56.12%,156.99%,-0.132907,2026-08-26
UEC,13.13,2026-09-18,23,Call,13.50,-2.82%,0.68,0.73,0.81,1036,121,8.56,68.09%,68.00%,0.47445,2026-08-26
LESL,0.571,2026-11-20,86,Put,0.5000,-12.28%,0.15,0.24,0.25,3532,416,8.49,390.17%,241.36%,-0.24067,2026-08-26
AEO,17.59,2026-10-16,51,Put,16.00,-9.04%,0.86,0.95,1.04,949,112,8.47,75.28%,65.44%,-0.302665,2026-08-26
MRVL,245.11,2026-10-16,51,Call,370.00,-50.95%,3.75,4.05,4.2,1325,157,8.44,80.40%,82.27%,0.121196,2026-08-26
SE,119.12,2027-03-19,205,Call,120.00,-0.74%,17.9,17.85,18.8,1302,155,8.4,42.00%,49.64%,0.589581,2026-08-26
META,576.14,2026-08-31,5,Call,580.00,-0.67%,8,8.2,8.7,3001,360,8.34,35.84%,37.24%,0.451757,2026-08-26
AMZN,260.28,2026-08-28,2,Put,280.00,+7.58%,19.35,19.96,20.25,1106,133,8.32,28.99%,51.63%,-0.972448,2026-08-26
CVNA,73.95,2026-10-16,51,Put,50.00,-32.39%,0.2,0.43,0.48,5377,646,8.32,55.87%,65.95%,-0.041794,2026-08-26
TSLA,345.82,2026-08-28,2,Put,337.50,-2.41%,1.6,1.64,1.64,11175,1348,8.29,40.40%,46.20%,-0.231314,2026-08-26
NVDA,209.66,2026-08-28,2,Call,187.50,+10.57%,21.25,22.55,23.35,962,117,8.22,41.74%,77.25%,0.976399,2026-08-26
JPM,356.5,2026-12-18,114,Put,355.00,-0.42%,15.9,16.65,17.25,1001,123,8.14,22.23%,23.23%,-0.44495,2026-08-26
AAPL,313.45,2026-08-28,2,Call,312.50,+0.30%,3.05,3.17,3.25,37183,4599,8.09,24.83%,28.31%,0.565099,2026-08-26
MRK,153.1,2026-09-04,9,Call,155.00,-1.24%,1.65,1.93,2.1,1557,194,8.03,27.61%,27.97%,0.400764,2026-08-26
TSLA,345.82,2026-08-31,5,Call,342.50,+0.96%,7.6,7.8,8.05,1643,205,8.01,40.40%,36.83%,0.601371,2026-08-26
META,576.14,2026-09-25,30,Call,635.00,-10.22%,6.5,6.94,7.1,840,105,8,35.84%,37.57%,0.204973,2026-08-26
META,576.14,2026-08-28,2,Call,590.00,-2.41%,3.05,3.13,3.2,21839,2730,8,35.84%,47.86%,0.2584,2026-08-26
OKTA,134.42,2026-08-28,2,Call,145.00,-7.87%,2.6,3.15,3.75,1128,143,7.89,68.61%,176.30%,0.303665,2026-08-26
META,576.14,2026-08-28,2,Put,580.00,+0.67%,9.5,9.8,10.1,4009,508,7.89,35.84%,45.53%,-0.570344,2026-08-26
SNDK,1499.37,2026-08-28,2,Call,"1,505.00",-0.38%,37.7,38,38.6,1829,232,7.88,75.90%,91.91%,0.492758,2026-08-26
STX,846.37,2026-09-04,9,Call,"1,190.00",-40.60%,0,0.3,2.9,992,126,7.87,69.35%,108.30%,0.027821,2026-08-26
MU,938.4,2026-08-31,5,Call,960.00,-2.30%,16.75,18.25,18.35,941,120,7.84,64.29%,60.50%,0.390074,2026-08-26
NVDA,209.66,2026-09-02,7,Call,200.00,+4.61%,12.65,12.67,13.65,1370,175,7.83,41.74%,63.97%,0.72021,2026-08-26
ABT,114.1,2026-09-18,23,Call,125.00,-9.55%,0.15,0.25,0.45,9242,1180,7.83,25.32%,26.10%,0.089017,2026-08-26
INTC,88.24,2026-09-04,9,Call,87.00,+1.41%,3.95,4.05,4.25,1649,211,7.82,60.18%,62.14%,0.579802,2026-08-26
CRCL,89.91,2026-09-04,9,Put,80.00,-11.02%,0.94,1,1.07,6458,831,7.77,80.60%,80.17%,-0.159351,2026-08-26
SBUX,108.49,2026-09-04,9,Put,106.00,-2.30%,0.5,0.98,1.7,783,101,7.75,27.23%,31.69%,-0.309282,2026-08-26
RXRX,3.49,2026-10-16,51,Call,4.00,-14.61%,0.35,0.38,0.37,1480,191,7.75,92.94%,103.44%,0.441921,2026-08-26
ANF,147.75,2026-08-28,2,Call,155.00,-4.91%,1.7,1.9,1.9,11723,1517,7.73,56.95%,101.25%,0.274413,2026-08-26
COIN,181.78,2026-09-04,9,Call,192.50,-5.90%,3.65,3.95,4.05,2075,269,7.71,63.72%,68.74%,0.319646,2026-08-26
META,576.14,2026-08-28,2,Call,607.50,-5.44%,0.84,0.94,0.94,2045,266,7.69,35.84%,52.04%,0.088174,2026-08-26
MU,938.4,2026-09-25,30,Call,960.00,-2.30%,59.4,61.47,63.25,1011,132,7.66,64.29%,64.95%,0.494769,2026-08-26
AAPL,313.45,2028-12-15,842,Put,260.00,-17.05%,20.6,20.82,22.2,15008,1973,7.61,24.83%,29.82%,-0.216882,2026-08-26
SMR,9.27,2026-09-11,16,Put,9.00,-2.91%,0.37,0.46,0.5,2225,294,7.57,82.65%,74.20%,-0.391126,2026-08-26
AVGO,355.59,2026-08-31,5,Call,360.00,-1.24%,4.65,4.8,6,2507,331,7.57,51.40%,43.47%,0.417173,2026-08-26
PDD,86.74,2026-09-04,9,Call,88.00,-1.45%,1.2,1.34,1.49,914,121,7.55,32.31%,34.31%,0.411315,2026-08-26
MU,938.4,2026-08-28,2,Call,940.00,-0.17%,20.95,21,22,8678,1157,7.5,64.29%,79.98%,0.501642,2026-08-26
BAC,62.23,2026-09-04,9,Call,64.00,-2.84%,0.16,0.18,0.19,8793,1176,7.48,21.94%,18.78%,0.178508,2026-08-26
QBTS,17.51,2026-08-28,2,Call,17.50,+0.06%,0.44,0.45,0.47,822,110,7.47,75.77%,86.74%,0.517587,2026-08-26
META,576.14,2026-08-31,5,Call,575.00,+0.20%,10,10.5,11,1605,217,7.4,35.84%,36.43%,0.53117,2026-08-26
DLTR,132.18,2026-08-28,2,Call,150.00,-13.48%,0.6,0.7,0.8,850,115,7.39,49.82%,135.46%,0.113289,2026-08-26
NKE,38.59,2026-09-04,9,Call,38.00,+1.53%,0.91,0.98,1.03,744,101,7.37,36.94%,26.49%,0.650861,2026-08-26
CRWD,189.18,2026-09-04,9,Call,192.50,-1.75%,8.75,9.1,9.5,986,134,7.36,62.43%,88.99%,0.48076,2026-08-26
AAPL,313.45,2026-09-02,7,Put,305.00,-2.70%,1.15,1.15,1.3,740,101,7.33,24.83%,24.61%,-0.201742,2026-08-26
CDE,21.44,2026-10-16,51,Put,17.50,-18.38%,0.45,0.5,0.55,4513,621,7.27,65.41%,64.45%,-0.16333,2026-08-26
LCID,4.95,2026-09-04,9,Put,4.50,-9.09%,0.09,0.12,0.12,1081,149,7.26,85.44%,92.82%,-0.231991,2026-08-26
CVX,200.21,2026-09-04,9,Call,210.00,-4.89%,0.39,0.36,0.61,2794,386,7.24,25.08%,25.99%,0.125284,2026-08-26
KMI,32.02,2026-08-28,2,Call,32.00,+0.06%,0.21,0.28,0.35,3440,475,7.24,23.85%,28.56%,0.515902,2026-08-26
CIEN,404.03,2026-08-28,2,Call,400.00,+1.00%,10.2,12.84,15.5,1010,140,7.21,85.00%,89.90%,0.57414,2026-08-26
SNDK,1499.37,2026-08-28,2,Call,"1,470.00",+1.96%,56,58.2,57.6,1189,165,7.21,75.90%,91.82%,0.628554,2026-08-26
BMNR,24.91,2026-09-04,9,Put,22.00,-11.68%,0.21,0.22,0.25,3236,451,7.18,78.78%,78.08%,-0.139874,2026-08-26
TCPC,4.13,2027-02-19,177,Put,2.50,-39.47%,0,0.12,0.4,1800,254,7.09,93.47%,79.98%,-0.129947,2026-08-26
UPS,105.65,2027-06-17,295,Call,115.00,-8.85%,7,7.5,7.5,4501,635,7.09,24.21%,30.88%,0.401254,2026-08-26
IREN,39.58,2026-09-18,23,Call,52.00,-31.38%,0.7,0.98,0.98,1060,150,7.07,95.80%,101.15%,0.173867,2026-08-26
ABBV,262.9,2026-08-28,2,Put,257.50,-2.05%,0.45,0.55,0.65,1371,194,7.07,25.33%,30.16%,-0.17279,2026-08-26
CVX,200.21,2026-09-04,9,Call,205.00,-2.39%,1.25,1.39,1.67,2665,380,7.01,25.08%,26.15%,0.289396,2026-08-26
CLS,307.32,2026-11-20,86,Call,360.00,-17.14%,20.8,24,28.6,1001,143,7,64.84%,70.80%,0.396199,2026-08-26
META,576.14,2026-08-28,2,Call,580.00,-0.67%,6.15,6.36,6.5,24324,3475,7,35.84%,47.25%,0.433148,2026-08-26
META,576.14,2026-09-02,7,Put,550.00,-4.54%,2.67,2.86,3.05,832,119,6.99,35.84%,37.27%,-0.174541,2026-08-26
SNDK,1499.37,2026-08-28,2,Put,"1,485.00",-0.96%,33,33.2,34.1,1076,154,6.99,75.90%,91.82%,-0.429301,2026-08-26
ORCL,148.87,2026-08-28,2,Put,149.00,+0.09%,2.82,2.89,2.94,2482,355,6.99,69.81%,64.20%,-0.496961,2026-08-26
META,576.14,2026-08-31,5,Call,585.00,-1.54%,6.1,6.4,6.65,1110,159,6.98,35.84%,37.26%,0.375252,2026-08-26
AAPL,313.45,2027-02-19,177,Call,260.00,+17.05%,62.6,63.61,65.7,700,101,6.93,24.83%,32.56%,0.843088,2026-08-26
GAP,21.15,2026-09-04,9,Call,22.00,-4.02%,0.99,1.08,1.12,905,131,6.91,66.07%,106.71%,0.439724,2026-08-26
RIVN,16.33,2026-09-04,9,Put,17.00,+4.10%,0.85,1.11,1.12,2660,385,6.91,56.56%,57.52%,-0.653046,2026-08-26
PAGP,28.13,2026-11-20,86,Call,29.00,-3.09%,0.65,0.65,0.75,1034,150,6.89,21.25%,20.51%,0.379841,2026-08-26
APO,133.67,2026-11-20,86,Put,115.00,-13.97%,2.7,2.75,3,1793,261,6.87,34.23%,39.81%,-0.184251,2026-08-26
BSX,48.17,2026-09-11,16,Put,48.00,-0.35%,1.25,1.34,1.5,785,115,6.83,38.08%,37.14%,-0.459978,2026-08-26
CCL,25.59,2026-10-02,37,Call,26.00,-1.60%,1.18,1.34,1.49,1172,172,6.81,39.86%,46.39%,0.489189,2026-08-26
META,576.14,2026-08-28,2,Call,592.50,-2.84%,2.48,2.6,2.8,2497,367,6.8,35.84%,48.55%,0.224718,2026-08-26
SNDK,1499.37,2026-08-28,2,Call,"1,495.00",+0.29%,42.5,43.4,43.3,948,140,6.77,75.90%,91.69%,0.531833,2026-08-26
ERO,39.24,2026-12-18,114,Call,40.00,-1.94%,5,5.4,5.7,1528,226,6.76,60.63%,62.85%,0.56168,2026-08-26
TSLA,345.82,2026-08-31,5,Put,335.00,-3.13%,1.92,1.96,1.97,4429,656,6.75,40.40%,36.95%,-0.221556,2026-08-26
TSLA,345.82,2026-08-28,2,Call,340.00,+1.68%,8.2,8.2,8.7,19246,2871,6.7,40.40%,48.99%,0.688533,2026-08-26
META,576.14,2026-08-28,2,Call,597.50,-3.71%,1.78,1.8,1.91,3734,559,6.68,35.84%,49.64%,0.166633,2026-08-26
LITE,939.03,2026-08-28,2,Put,900.00,-4.16%,10.5,10.67,10.9,1545,232,6.66,79.06%,94.61%,-0.259851,2026-08-26
META,576.14,2026-08-31,5,Call,590.00,-2.41%,4.6,4.7,4.95,2272,341,6.66,35.84%,37.33%,0.304271,2026-08-26
META,576.14,2026-08-31,5,Call,597.50,-3.71%,2.81,3.25,3.35,676,102,6.63,35.84%,37.95%,0.215538,2026-08-26
META,576.14,2026-08-28,2,Put,552.50,-4.10%,1.05,1.15,1.26,876,134,6.54,35.84%,47.91%,-0.114331,2026-08-26
CRM,205.62,2026-08-28,2,Put,182.50,-11.24%,0.77,0.81,0.83,2345,359,6.53,48.61%,123.70%,-0.088504,2026-08-26
CRM,205.62,2026-08-28,2,Put,180.00,-12.46%,0.55,0.59,0.62,10128,1556,6.51,48.61%,124.38%,-0.067722,2026-08-26
BAC,62.23,2026-09-04,9,Call,63.00,-1.24%,0.42,0.45,0.46,13998,2149,6.51,21.94%,19.22%,0.352778,2026-08-26
META,576.14,2026-08-28,2,Call,602.50,-4.58%,1.21,1.27,1.32,3468,537,6.46,35.84%,50.61%,0.120825,2026-08-26
SNPS,410,2026-08-28,2,Call,500.00,-21.95%,0.5,1.3,1.4,686,107,6.41,59.30%,157.07%,0.049778,2026-08-26
WMT,104.34,2028-12-15,842,Put,85.00,-18.54%,5.05,6.3,6.5,2345,369,6.36,22.17%,27.40%,-0.198823,2026-08-26
COIN,181.78,2026-09-04,9,Call,185.00,-1.77%,6.05,6.38,6.4,3315,522,6.35,63.72%,66.70%,0.457492,2026-08-26
NKE,38.59,2026-09-04,9,Call,38.50,+0.23%,0.66,0.69,0.71,1184,187,6.33,36.94%,26.59%,0.529182,2026-08-26
TSLA,345.82,2026-09-02,7,Put,342.50,-0.96%,5.8,5.86,5.9,1650,261,6.32,40.40%,39.38%,-0.414981,2026-08-26
ETSY,81.74,2026-09-04,9,Call,85.00,-3.99%,0.97,1.35,1.42,1006,160,6.29,44.31%,47.28%,0.316429,2026-08-26
SNDK,1499.37,2026-08-28,2,Call,"1,480.00",+1.29%,50.6,50.6,51.7,1715,273,6.28,75.90%,92.24%,0.589995,2026-08-26
META,576.14,2026-08-28,2,Put,530.00,-8.01%,0.14,0.19,0.2,12233,1951,6.27,35.84%,55.25%,-0.019436,2026-08-26
META,576.14,2026-08-31,5,Call,595.00,-3.27%,3.25,3.5,3.85,883,141,6.26,35.84%,37.62%,0.242109,2026-08-26
AM,22.59,2026-10-16,51,Call,24.00,-6.24%,0.25,0.26,0.3,4990,799,6.25,23.89%,22.77%,0.249745,2026-08-26
MU,938.4,2026-08-31,5,Call,940.00,-0.17%,24.9,25.84,26.85,884,142,6.23,64.29%,60.33%,0.507212,2026-08-26
AEO,17.59,2026-11-20,86,Call,19.00,-8.02%,1.39,1.54,1.53,1010,163,6.2,75.28%,59.09%,0.450239,2026-08-26
FTNT,157.54,2026-08-28,2,Call,160.00,-1.56%,1.02,1.5,1.7,2226,359,6.2,42.77%,50.76%,0.348887,2026-08-26
TXN,261.77,2028-01-21,513,Put,195.00,-25.51%,18.15,20.3,21.7,823,133,6.19,37.53%,45.68%,-0.192293,2026-08-26
TSLA,345.82,2026-08-31,5,Put,342.50,-0.96%,4.25,4.25,4.35,2496,403,6.19,40.40%,36.56%,-0.398764,2026-08-26
SE,119.12,2027-03-19,205,Call,125.00,-4.94%,14.85,15.8,17.3,839,136,6.17,42.00%,49.02%,0.545192,2026-08-26
TSLA,345.82,2026-09-02,7,Call,350.00,-1.21%,5.8,5.82,6.4,3460,563,6.15,40.40%,41.19%,0.432529,2026-08-26
META,576.14,2026-08-28,2,Call,582.50,-1.10%,5,5.4,5.5,2610,425,6.14,35.84%,46.72%,0.383979,2026-08-26
VSH,30.66,2026-11-20,86,Call,35.00,-14.16%,3.1,3.1,3.5,6180,1006,6.14,69.00%,81.36%,0.449508,2026-08-26
DG,122.78,2026-08-28,2,Put,110.00,-10.41%,0.69,0.8,0.9,886,145,6.11,46.27%,135.00%,-0.124889,2026-08-26
GAP,21.15,2026-08-28,2,Call,24.00,-13.48%,0.34,0.41,0.47,2128,348,6.11,66.07%,208.83%,0.229475,2026-08-26
CIFR,16.02,2026-10-16,51,Put,11.00,-31.34%,0.25,0.43,0.45,634,104,6.1,102.15%,96.14%,-0.107696,2026-08-26
SNDK,1499.37,2026-08-28,2,Call,"1,490.00",+0.62%,45.1,45.97,45.9,1957,321,6.1,75.90%,91.75%,0.551403,2026-08-26
TMUS,179.61,2027-03-19,205,Call,190.00,-5.78%,12.8,13.4,14.8,810,133,6.09,30.71%,32.69%,0.467315,2026-08-26
ABT,114.1,2026-09-04,9,Call,115.00,-0.79%,0.25,1.5,1.75,608,100,6.08,25.32%,19.35%,0.40815,2026-08-26
TTAN,92.23,2026-09-18,23,Call,110.00,-19.27%,1.15,1.55,2.35,4143,681,6.08,68.41%,73.99%,0.199434,2026-08-26
VST,140.03,2026-09-04,9,Call,160.00,-14.26%,0.1,0.19,0.24,716,118,6.07,42.27%,47.57%,0.041153,2026-08-26
BA,212.09,2026-09-04,9,Call,212.50,-0.19%,3.6,3.8,4.1,816,135,6.04,29.12%,30.52%,0.492822,2026-08-26
USAR,18.92,2026-09-04,9,Call,19.50,-3.07%,0.75,0.89,0.94,5375,890,6.04,89.08%,91.83%,0.447839,2026-08-26
META,576.14,2026-08-28,2,Call,575.00,+0.20%,8.3,8.7,9.2,9415,1559,6.04,35.84%,47.74%,0.531388,2026-08-26
META,576.14,2026-09-04,9,Call,600.00,-4.14%,5.8,5.88,6,11180,1854,6.03,35.84%,40.02%,0.273692,2026-08-26
OKLO,41.6,2026-08-28,2,Put,41.50,-0.24%,1.02,1.1,1.15,725,121,5.99,78.85%,92.76%,-0.471394,2026-08-26
SMMT,14.23,2026-08-28,2,Call,15.00,-5.41%,0.15,0.2,0.2,1002,168,5.96,100.55%,106.74%,0.265978,2026-08-26
UBER,78.49,2026-09-11,16,Call,85.00,-8.29%,0.41,0.47,0.46,3931,660,5.96,34.55%,34.90%,0.150967,2026-08-26
BSX,48.17,2026-09-11,16,Call,50.00,-3.80%,0.85,0.9,1.1,714,120,5.95,38.08%,41.75%,0.357664,2026-08-26
CRM,205.62,2026-09-04,9,Call,245.00,-19.15%,0.26,0.53,0.8,767,129,5.95,48.61%,68.47%,0.058229,2026-08-26
META,576.14,2026-08-28,2,Call,617.50,-7.18%,0.44,0.45,0.47,1241,209,5.94,35.84%,55.22%,0.047324,2026-08-26
BILI,16.15,2026-08-28,2,Put,15.50,-4.02%,0.16,0.28,0.29,1143,193,5.92,51.26%,103.37%,-0.281798,2026-08-26
AVGO,355.59,2026-08-28,2,Call,377.50,-6.16%,0.5,0.58,0.69,2677,453,5.91,51.40%,58.10%,0.086093,2026-08-26
AAPL,313.45,2026-09-04,9,Put,325.00,+3.68%,11.7,11.15,13.4,866,147,5.89,24.83%,24.65%,-0.819578,2026-08-26
AVGO,355.59,2026-08-28,2,Call,350.00,+1.57%,8.45,8.75,9.5,2213,376,5.89,51.40%,54.86%,0.66071,2026-08-26
MU,938.4,2026-08-28,2,Call,937.50,+0.10%,22,21.95,23.1,1049,180,5.83,64.29%,79.46%,0.519557,2026-08-26
AVGO,355.59,2026-08-31,5,Call,355.00,+0.17%,6.7,7.4,7.5,608,105,5.79,51.40%,40.57%,0.526692,2026-08-26
TEVA,37.92,2027-01-15,142,Put,26.00,-31.43%,0,0.26,0.51,648,112,5.79,31.85%,42.31%,-0.054257,2026-08-26
P,108.9,2026-09-18,23,Call,135.00,-23.97%,2.25,2.25,2.65,654,113,5.79,84.42%,88.85%,0.200015,2026-08-26
META,576.14,2026-08-28,2,Put,557.50,-3.24%,1.68,1.74,1.83,1483,257,5.77,35.84%,46.53%,-0.164315,2026-08-26
WYFI,20,2026-09-18,23,Call,25.00,-25.00%,0.7,0.8,0.9,9045,1569,5.76,109.54%,113.85%,0.264348,2026-08-26
MU,938.4,2026-08-28,2,Put,932.50,-0.63%,18.6,19,23.15,1033,180,5.74,64.29%,86.12%,-0.446948,2026-08-26
INTU,345.88,2026-08-28,2,Call,365.00,-5.53%,1,1.06,1.25,1395,244,5.72,45.97%,64.79%,0.136645,2026-08-26
BHVN,16.95,2026-09-18,23,Call,17.00,-0.29%,0.95,1.34,1.75,628,110,5.71,80.08%,79.97%,0.538673,2026-08-26
HIMS,29.83,2026-10-16,51,Call,55.00,-84.38%,0.1,0.2,0.3,2668,468,5.7,68.94%,90.80%,0.052872,2026-08-26
HPQ,30.52,2026-08-28,2,Put,30.50,-0.07%,1.25,1.37,1.55,654,115,5.69,56.12%,156.60%,-0.474595,2026-08-26
HPE,55.23,2026-10-16,51,Call,70.00,-26.74%,1.52,1.72,1.79,1134,200,5.67,74.87%,70.15%,0.223759,2026-08-26
META,576.14,2026-08-28,2,Call,610.00,-5.88%,0.71,0.76,0.77,9938,1752,5.67,35.84%,52.65%,0.074738,2026-08-26
BZ,18.84,2026-10-16,51,Call,20.00,-6.16%,0.4,0.62,0.8,657,116,5.66,50.07%,37.32%,0.360721,2026-08-26
DELL,463.82,2026-08-28,2,Call,462.50,+0.28%,11.2,11.84,11.5,683,121,5.64,77.42%,77.79%,0.532356,2026-08-26
UNH,401.01,2026-09-04,9,Put,392.50,-2.12%,3.05,3.35,3.5,630,112,5.63,29.41%,27.08%,-0.297038,2026-08-26
TSLA,345.82,2026-09-04,9,Call,342.50,+0.96%,10.95,11,11.1,2295,409,5.61,40.40%,42.22%,0.576197,2026-08-26
TSLA,345.82,2026-08-31,5,Call,352.50,-1.93%,3.35,3.33,3.45,3985,711,5.6,40.40%,37.49%,0.343533,2026-08-26
MANU,23.5,2026-09-18,23,Call,29.00,-23.40%,0,0.19,0.7,597,107,5.58,47.62%,76.46%,0.160244,2026-08-26
PANW,339.31,2026-08-28,2,Call,345.00,-1.68%,4.1,4.36,5,933,168,5.55,62.47%,69.34%,0.384189,2026-08-26
NVDA,209.66,2026-09-04,9,Call,207.50,+1.03%,8,8.5,9.25,3794,683,5.55,41.74%,56.74%,0.567245,2026-08-26
MSTR,123.19,2026-08-28,2,Call,126.00,-2.28%,1.87,1.98,2.08,10187,1835,5.55,69.81%,86.32%,0.375257,2026-08-26
MRNA,149.66,2028-01-21,513,Put,130.00,-13.14%,35,37.12,38.3,891,162,5.5,79.80%,77.61%,-0.257694,2026-08-26
META,576.14,2026-09-02,7,Call,600.00,-4.14%,4,4.3,4.5,1210,220,5.5,35.84%,39.05%,0.23828,2026-08-26
TSLA,345.82,2026-08-28,2,Call,350.00,-1.21%,3.05,3.1,3.15,37930,6894,5.5,40.40%,47.53%,0.37513,2026-08-26
BSX,48.17,2026-10-16,51,Call,60.00,-24.56%,0.25,0.3,0.3,944,172,5.49,38.08%,40.10%,0.087608,2026-08-26
TSLA,345.82,2026-08-28,2,Put,340.00,-1.68%,2.28,2.28,2.32,26361,4799,5.49,40.40%,46.05%,-0.301488,2026-08-26
HIMS,29.83,2026-09-04,9,Call,31.50,-5.60%,0.69,0.7,0.79,1747,319,5.48,68.94%,73.58%,0.34236,2026-08-26
KSS,17.94,2026-08-28,2,Call,18.00,-0.33%,0.36,0.36,0.52,7451,1360,5.48,56.85%,88.41%,0.492916,2026-08-26
META,576.14,2026-08-28,2,Call,577.50,-0.24%,7.25,7.35,7.8,5950,1087,5.47,35.84%,47.78%,0.482473,2026-08-26
MU,938.4,2026-08-28,2,Call,942.50,-0.44%,19.55,19.45,21,677,124,5.46,64.29%,79.88%,0.483696,2026-08-26
ORCL,148.87,2028-01-21,513,Put,75.00,-49.62%,6.4,6.77,7.15,9005,1654,5.44,69.81%,63.89%,-0.090976,2026-08-26
OKTA,134.42,2026-08-28,2,Call,160.00,-19.03%,0.8,0.93,0.95,1476,272,5.43,68.61%,179.88%,0.107429,2026-08-26
LCID,4.95,2026-08-28,2,Call,5.00,-1.01%,0.09,0.1,0.12,2583,479,5.39,85.44%,87.16%,0.452061,2026-08-26
ARM,251.06,2026-12-18,114,Call,610.00,-142.97%,2.1,2.69,2.96,1454,272,5.35,67.63%,86.37%,0.057864,2026-08-26
PFE,28.3,2026-08-28,2,Put,28.50,+0.71%,0.23,0.3,0.33,11854,2214,5.35,22.83%,18.83%,-0.693841,2026-08-26
RXT,3.4,2026-09-04,9,Call,3.50,-2.94%,0.25,0.29,0.3,2592,485,5.34,109.70%,149.00%,0.49876,2026-08-26
AMAT,479.76,2026-10-16,51,Put,360.00,-24.96%,3.95,4.4,5.55,2773,525,5.28,54.11%,61.95%,-0.084682,2026-08-26
MSTR,123.19,2026-08-28,2,Put,123.00,-0.15%,2.82,2.7,3.1,2789,528,5.28,69.81%,84.33%,-0.476653,2026-08-26
AVD,2.21,2026-09-18,23,Call,2.50,-13.12%,0.05,0.13,0.15,1001,190,5.27,85.61%,91.73%,0.334706,2026-08-26
PM,194.1,2026-12-18,114,Put,185.00,-4.69%,8,8.15,8.5,557,106,5.25,26.33%,29.68%,-0.347339,2026-08-26
IREN,39.58,2027-02-19,177,Call,60.00,-51.59%,5.1,5.29,5.7,4503,859,5.24,95.80%,96.64%,0.39973,2026-08-26
HPQ,30.52,2026-10-16,51,Put,30.00,-1.70%,1.9,2.36,2.31,10470,2000,5.24,56.12%,52.44%,-0.424898,2026-08-26
CRSP,59.23,2026-09-18,23,Put,57.50,-2.92%,1,3.04,4,1004,192,5.23,65.10%,57.30%,-0.385503,2026-08-26
UPST,30.47,2026-09-04,9,Put,28.00,-8.11%,0.14,0.33,0.5,543,104,5.22,59.96%,63.78%,-0.183454,2026-08-26
PAGP,28.13,2026-11-20,86,Put,27.00,-4.02%,0.65,0.75,0.75,803,154,5.21,21.25%,21.32%,-0.339476,2026-08-26
TH,16.78,2027-12-17,478,Put,15.00,-10.61%,3,3.12,3.4,1041,200,5.21,64.34%,61.95%,-0.28732,2026-08-26
PANW,339.31,2027-12-17,478,Call,410.00,-20.83%,67.95,68.4,71.4,1732,333,5.2,62.47%,56.60%,0.545273,2026-08-26
BE,218.21,2026-09-04,9,Put,177.50,-18.66%,0.99,1.1,1.26,542,105,5.16,87.75%,95.56%,-0.072603,2026-08-26
AAPL,313.45,2026-08-28,2,Put,315.00,+0.49%,3.2,3.3,3.55,7973,1547,5.15,24.83%,27.53%,-0.589131,2026-08-26
SNDK,1499.37,2026-08-28,2,Put,"1,495.00",-0.29%,37.6,36.6,38.6,1116,217,5.14,75.90%,91.35%,-0.468357,2026-08-26
PURR,11.56,2026-11-20,86,Call,15.00,-29.76%,1.3,1.3,1.6,677,132,5.13,110.83%,111.30%,0.422314,2026-08-26
O,62.26,2026-10-16,51,Call,62.50,-0.39%,1.2,1.28,1.45,1367,267,5.12,15.53%,14.66%,0.501886,2026-08-26
ORCL,148.87,2027-06-17,295,Put,60.00,-59.70%,1.27,1.4,3.1,1010,198,5.1,69.81%,73.90%,-0.041507,2026-08-26
MRVL,245.11,2026-09-18,23,Put,215.00,-12.28%,7.3,7.82,7.9,2680,525,5.1,80.40%,83.32%,-0.229453,2026-08-26
TSLA,345.82,2026-09-18,23,Put,342.50,-0.96%,11.7,11.74,11.85,646,127,5.09,40.40%,39.76%,-0.434583,2026-08-26
MSFT,496.37,2026-08-28,2,Put,497.50,+0.23%,4.65,4.85,5,566,112,5.05,24.87%,29.13%,-0.535411,2026-08-26
NVDA,209.66,2026-09-09,14,Call,220.00,-4.93%,3.9,4.07,4.5,1171,232,5.05,41.74%,49.40%,0.331065,2026-08-26
NVDA,209.66,2026-08-28,2,Put,232.50,+10.89%,21.6,23.71,24.95,3108,617,5.04,41.74%,93.90%,-0.92716,2026-08-26
B,47,2026-12-18,114,Put,35.00,-25.53%,0.57,0.61,0.87,8074,1602,5.04,45.59%,48.38%,-0.105194,2026-08-26
OKTA,134.42,2026-08-28,2,Put,118.00,-12.22%,0.6,1.36,1.51,807,161,5.01,68.61%,161.76%,-0.125163,2026-08-26
MSFT,496.37,2026-09-25,30,Put,480.00,-3.30%,6.55,6.85,7.3,857,171,5.01,24.87%,25.00%,-0.296994,2026-08-26
KOS,2.78,2027-04-16,233,Call,3.50,-25.90%,0.4,0.49,0.6,500,100,5,65.52%,85.86%,0.481044,2026-08-26
TSLA,345.82,2026-08-31,5,Call,347.50,-0.49%,5.2,5.2,5.45,1814,364,4.98,40.40%,37.38%,0.469098,2026-08-26
AAPL,313.45,2026-08-31,5,Put,312.50,-0.30%,2.63,2.71,2.81,999,201,4.97,24.83%,22.10%,-0.442618,2026-08-26
CLSK,12.18,2026-09-04,9,Call,12.00,+1.48%,0.77,0.8,0.82,1730,348,4.97,88.43%,91.95%,0.572021,2026-08-26
INTC,88.24,2026-08-31,5,Put,86.00,-2.54%,1.3,1.45,1.44,2203,443,4.97,60.18%,57.36%,-0.336492,2026-08-26
NVDA,209.66,2026-09-09,14,Call,230.00,-9.70%,1.87,1.92,2.07,565,114,4.96,41.74%,49.47%,0.185404,2026-08-26
AG,20.99,2026-09-11,16,Call,22.00,-4.81%,0.7,0.76,0.87,635,129,4.92,65.55%,67.62%,0.400859,2026-08-26
NKE,38.59,2026-09-25,30,Call,39.00,-1.06%,1.15,1.17,1.3,1039,211,4.92,36.94%,32.24%,0.470242,2026-08-26
NVO,47.19,2028-12-15,842,Put,40.00,-15.24%,6.25,6.29,7.3,1003,205,4.89,33.41%,37.12%,-0.278602,2026-08-26
NVDA,209.66,2026-08-31,5,Put,210.00,+0.16%,6.45,6.62,6.6,12461,2546,4.89,41.74%,65.30%,-0.491382,2026-08-26
BBY,87.44,2026-08-28,2,Put,79.00,-9.65%,0.2,0.67,0.95,579,119,4.87,51.25%,128.24%,-0.132077,2026-08-26
RVMD,215.44,2026-10-16,51,Call,220.00,-2.12%,12,13.6,14.8,628,129,4.87,46.72%,46.54%,0.498542,2026-08-26
TSLA,345.82,2026-08-28,2,Put,350.00,+1.21%,7.05,7.17,7.2,26817,5511,4.87,40.40%,46.59%,-0.628179,2026-08-26
MU,938.4,2026-08-28,2,Put,937.50,-0.10%,21.1,21.32,23.8,1125,232,4.85,64.29%,82.98%,-0.480482,2026-08-26
NVDA,209.66,2026-09-02,7,Put,207.50,-1.03%,5.1,5.7,5.85,829,172,4.82,41.74%,56.86%,-0.429629,2026-08-26
INTC,88.24,2026-08-28,2,Call,86.00,+2.54%,3.1,3.15,3.3,5416,1125,4.81,60.18%,72.30%,0.695103,2026-08-26
TSLA,345.82,2026-08-28,2,Put,332.50,-3.85%,0.76,0.77,0.79,4530,943,4.8,40.40%,47.36%,-0.126466,2026-08-26
TECK,71.12,2026-11-20,86,Call,70.00,+1.57%,7.3,7.8,8,580,121,4.79,49.29%,50.12%,0.585535,2026-08-26
NVDA,209.66,2026-09-18,23,Put,192.50,-8.18%,2.61,2.76,2.75,1226,256,4.79,41.74%,43.79%,-0.198192,2026-08-26
AAPL,313.45,2026-09-09,14,Call,320.00,-2.09%,3.25,3.65,4.05,3419,714,4.79,24.83%,25.27%,0.356503,2026-08-26
META,576.14,2026-08-31,5,Call,600.00,-4.14%,2.5,2.62,2.75,6297,1314,4.79,35.84%,38.06%,0.189765,2026-08-26
LUMN,6.09,2027-04-16,233,Call,6.00,+1.48%,1.41,1.47,1.58,1515,317,4.78,63.27%,89.27%,0.587186,2026-08-26
BBWI,18.9,2026-08-28,2,Put,19.00,+0.53%,0.3,0.45,0.7,1578,330,4.78,52.94%,80.08%,-0.523755,2026-08-26
META,576.14,2026-08-28,2,Put,575.00,-0.20%,7,7.19,7.4,4298,900,4.78,35.84%,45.90%,-0.468259,2026-08-26
TOST,36.97,2026-10-16,51,Call,40.00,-8.20%,1.22,1.23,1.26,16186,3384,4.78,39.20%,41.84%,0.347378,2026-08-26
INTU,345.88,2026-08-28,2,Call,355.00,-2.64%,2.45,3.16,4,796,167,4.77,45.97%,65.96%,0.306351,2026-08-26
CL,92.06,2026-10-16,51,Put,90.00,-2.24%,1.2,1.9,1.95,571,120,4.76,20.41%,18.70%,-0.350192,2026-08-26
TSLA,345.82,2026-09-04,9,Put,347.50,+0.49%,9.65,9.79,9.9,1500,316,4.75,40.40%,41.71%,-0.512278,2026-08-26
V,383.9,2026-09-18,23,Put,370.00,-3.62%,2.4,2.75,2.96,2361,497,4.75,20.10%,20.98%,-0.224289,2026-08-26
BMNR,24.91,2026-08-28,2,Put,24.50,-1.65%,0.44,0.44,0.47,3481,734,4.74,78.78%,87.88%,-0.385833,2026-08-26
INTC,88.24,2026-09-04,9,Call,89.00,-0.86%,3,3.12,3.25,1421,303,4.69,60.18%,62.39%,0.487625,2026-08-26
INTC,88.24,2026-08-28,2,Put,86.00,-2.54%,0.92,0.95,0.97,10043,2141,4.69,60.18%,72.25%,-0.304904,2026-08-26
CRM,205.62,2026-09-11,16,Call,250.00,-21.58%,0.51,0.72,0.71,609,130,4.68,48.61%,57.43%,0.059928,2026-08-26
CRWD,189.18,2026-08-28,2,Call,187.50,+0.89%,8.55,9,9.3,781,167,4.68,62.43%,144.60%,0.555167,2026-08-26
HIMS,29.83,2026-09-04,9,Call,33.50,-12.30%,0.31,0.33,0.39,1553,332,4.68,68.94%,77.16%,0.186803,2026-08-26
PYPL,61.81,2026-09-04,9,Call,67.00,-8.40%,0.1,0.3,0.38,923,198,4.66,30.72%,42.41%,0.121513,2026-08-26
TSLA,345.82,2026-08-31,5,Call,350.00,-1.21%,4.2,4.2,4.3,6669,1431,4.66,40.40%,37.21%,0.404117,2026-08-26
MSTR,123.19,2026-08-28,2,Call,125.00,-1.47%,2.25,2.31,2.33,15239,3280,4.65,69.81%,84.65%,0.421402,2026-08-26
ETOR,30.51,2026-12-18,114,Call,35.00,-14.72%,1.1,1.9,2.45,505,110,4.59,43.76%,47.52%,0.36732,2026-08-26
NFLX,81.46,2026-09-04,9,Put,77.00,-5.48%,0.27,0.28,0.29,2499,544,4.59,33.10%,33.00%,-0.129593,2026-08-26
AMZN,260.28,2026-08-28,2,Call,250.00,+3.95%,10.2,10.62,10.8,4316,940,4.59,28.99%,35.12%,0.941866,2026-08-26
NVDA,209.66,2026-09-04,9,Put,202.50,-3.42%,3.95,4.1,4.05,3078,672,4.58,41.74%,54.72%,-0.324453,2026-08-26
AAPL,313.45,2028-12-15,842,Call,340.00,-8.47%,56.7,57.72,58.8,11224,2448,4.58,24.83%,30.38%,0.593131,2026-08-26
SNDK,1499.37,2026-08-28,2,Put,"1,465.00",-2.29%,24.8,24.1,25.8,884,194,4.56,75.90%,92.03%,-0.353079,2026-08-26
ORCL,148.87,2026-08-28,2,Call,148.00,+0.58%,3.15,3.25,3.35,5433,1192,4.56,69.81%,63.51%,0.559922,2026-08-26
CCL,25.59,2026-08-28,2,Call,25.50,+0.35%,0.31,0.38,0.54,1087,239,4.55,39.86%,50.03%,0.545949,2026-08-26
META,576.14,2026-08-28,2,Call,567.50,+1.50%,12.85,13.38,13.8,2229,490,4.55,35.84%,48.72%,0.670742,2026-08-26
BRK.B,504.91,2026-11-20,86,Put,500.00,-0.97%,10.95,11.15,11.15,1529,337,4.54,13.47%,15.42%,-0.401222,2026-08-26
FCX,79,2026-09-18,23,Put,80.00,+1.27%,4,4.32,4.8,2138,471,4.54,49.71%,49.67%,-0.510833,2026-08-26
MSFT,496.37,2026-08-28,2,Put,490.00,-1.28%,1.72,1.91,1.95,6275,1388,4.52,24.87%,29.61%,-0.272006,2026-08-26
VZ,50.19,2026-09-18,23,Call,52.00,-3.61%,0.32,0.4,0.44,2046,454,4.51,21.33%,20.78%,0.249791,2026-08-26
UBER,78.49,2026-09-04,9,Call,81.00,-3.20%,0.74,0.83,0.85,3299,732,4.51,34.55%,35.06%,0.298741,2026-08-26
SPCX,139.63,2026-08-28,2,Put,139.00,-0.45%,2.36,2.37,2.42,4917,1090,4.51,54.51%,65.76%,-0.451985,2026-08-26
RIOT,20.61,2026-11-20,86,Call,25.00,-21.30%,2.09,2.27,2.46,594,132,4.5,86.09%,92.54%,0.42625,2026-08-26
ORCL,148.87,2026-09-11,16,Put,100.00,-32.83%,0.1,0.24,0.39,847,189,4.48,69.81%,97.95%,-0.020305,2026-08-26
PBR,17.76,2026-09-25,30,Put,17.00,-4.28%,0.26,0.26,0.5,1196,268,4.46,33.88%,35.31%,-0.311167,2026-08-26
AMZN,260.28,2026-08-28,2,Put,270.00,+3.73%,9.55,9.48,10.2,9676,2175,4.45,28.99%,32.97%,-0.93333,2026-08-26
SNDK,1499.37,2026-08-28,2,Call,"1,465.00",+2.29%,59.1,61.19,60.6,695,157,4.43,75.90%,91.79%,0.647378,2026-08-26
NKE,38.59,2026-08-28,2,Call,38.00,+1.53%,0.74,0.79,0.81,1081,244,4.43,36.94%,36.78%,0.718526,2026-08-26
JOBY,7.14,2027-03-19,205,Call,7.00,+1.96%,1.72,1.76,1.81,1151,260,4.43,64.78%,78.29%,0.642554,2026-08-26
META,576.14,2026-08-28,2,Call,605.00,-5.01%,1.01,1.1,1.09,5876,1333,4.41,35.84%,51.18%,0.102636,2026-08-26
MRNA,149.66,2028-01-21,513,Put,95.00,-36.52%,16.5,19.38,20,601,137,4.39,79.80%,76.79%,-0.158364,2026-08-26
GAP,21.15,2026-08-28,2,Call,25.00,-18.20%,0.16,0.22,0.25,716,163,4.39,66.07%,195.78%,0.139723,2026-08-26
NVDA,209.66,2026-09-02,7,Call,227.50,-8.51%,1.73,1.74,1.84,1331,304,4.38,41.74%,62.65%,0.186463,2026-08-26
BE,218.21,2026-08-28,2,Call,255.00,-16.86%,0.11,0.27,0.3,1472,336,4.38,87.75%,109.88%,0.030575,2026-08-26
GOOG,339.1,2026-09-11,16,Put,310.00,-8.58%,0.55,0.63,0.68,1349,309,4.37,27.83%,29.44%,-0.06568,2026-08-26
MRVL,245.11,2026-09-11,16,Call,255.00,-4.03%,13.5,13.75,14.15,554,127,4.36,80.40%,87.25%,0.4535,2026-08-26
MSFT,496.37,2026-08-28,2,Put,487.50,-1.79%,1.26,1.35,1.54,1868,428,4.36,24.87%,31.23%,-0.212484,2026-08-26
MDB,406.11,2027-01-15,142,Put,120.00,-70.45%,0.14,0.45,1.05,548,126,4.35,84.60%,90.13%,-0.006673,2026-08-26
HIMS,29.83,2026-09-11,16,Put,30.00,+0.57%,1.59,1.85,1.82,963,222,4.34,68.94%,65.73%,-0.485469,2026-08-26
SHOO,45.11,2026-10-16,51,Call,45.00,+0.24%,2.25,2.75,2.75,2230,514,4.34,38.46%,35.66%,0.540227,2026-08-26
XEL,77.68,2026-11-20,86,Put,75.00,-3.45%,1.75,2.5,3.1,1018,235,4.33,21.22%,24.84%,-0.356425,2026-08-26
DKNG,24.78,2027-06-17,295,Call,25.00,-0.89%,4.3,5.3,5.4,2068,479,4.32,49.38%,52.37%,0.61222,2026-08-26
ORLY,89.55,2026-12-18,114,Call,105.00,-17.25%,1.1,1.35,1.5,548,127,4.31,25.59%,27.24%,0.186584,2026-08-26
BB,7.79,2026-09-04,9,Call,8.00,-2.70%,0.17,0.21,0.22,1385,321,4.31,62.11%,57.68%,0.405714,2026-08-26
META,576.14,2026-09-04,9,Call,620.00,-7.61%,2.56,2.55,2.9,3484,808,4.31,35.84%,42.14%,0.143738,2026-08-26
JPM,356.5,2026-11-20,86,Put,320.00,-10.24%,3.85,4.31,4.85,5175,1202,4.31,22.23%,26.05%,-0.170257,2026-08-26
AAL,13.84,2026-10-02,37,Call,16.00,-15.61%,0.17,0.2,0.23,580,135,4.3,45.82%,47.18%,0.187641,2026-08-26
BBWI,18.9,2028-01-21,513,Call,25.00,-32.28%,2.6,3,3.2,1003,233,4.3,52.94%,55.00%,0.438487,2026-08-26
NVDA,209.66,2026-08-31,5,Put,180.00,-14.15%,0.28,0.29,0.3,2244,522,4.3,41.74%,75.44%,-0.037859,2026-08-26
PURR,11.56,2026-08-28,2,Call,14.00,-21.11%,0.05,0.15,0.15,4414,1027,4.3,110.83%,207.74%,0.12155,2026-08-26
IONQ,40.03,2026-09-25,30,Put,44.00,+9.92%,5.35,5.78,6.25,525,123,4.27,76.92%,73.97%,-0.629948,2026-08-26
SPCX,139.63,2026-09-11,16,Call,139.00,+0.45%,6.45,5.8,6.7,3542,829,4.27,54.51%,52.84%,0.544026,2026-08-26
META,576.14,2026-08-28,2,Put,560.00,-2.80%,2.15,2.28,2.34,3518,826,4.26,35.84%,46.65%,-0.1991,2026-08-26
FLEX,111.82,2026-11-20,86,Call,140.00,-25.20%,4.7,6.4,7.2,523,123,4.25,59.11%,66.20%,0.304443,2026-08-26
AAPL,313.45,2026-09-02,7,Call,325.00,-3.68%,0.7,0.82,0.87,629,148,4.25,24.83%,24.13%,0.147431,2026-08-26
NEM,131.6,2026-10-16,51,Call,155.00,-17.78%,2.14,2.55,2.66,2151,506,4.25,44.08%,46.51%,0.202751,2026-08-26
V,383.9,2026-08-28,2,Put,377.50,-1.67%,0.44,0.57,0.78,505,119,4.24,20.10%,23.95%,-0.167129,2026-08-26
AVGO,355.59,2026-08-28,2,Call,357.50,-0.54%,4.5,4.85,5,1440,340,4.24,51.40%,53.46%,0.455562,2026-08-26
UPST,30.47,2026-08-28,2,Put,29.50,-3.18%,0.14,0.27,0.43,614,145,4.23,59.96%,74.72%,-0.268997,2026-08-26
ASTS,59.88,2026-08-28,2,Call,61.00,-1.87%,0.94,0.95,1.06,879,208,4.23,76.42%,83.44%,0.39513,2026-08-26
MU,938.4,2026-09-25,30,Call,950.00,-1.24%,63.65,64.5,67.75,1113,263,4.23,64.29%,65.01%,0.517257,2026-08-26
TSLA,345.82,2026-09-02,7,Call,345.00,+0.24%,7.9,8,8.4,1926,455,4.23,40.40%,39.89%,0.533156,2026-08-26
FLY,22.26,2026-09-18,23,Put,19.00,-14.65%,0.5,0.5,0.7,3601,853,4.22,88.44%,86.86%,-0.199158,2026-08-26
AAOI,113.76,2026-10-16,51,Put,80.00,-29.68%,2,3,3.4,674,160,4.21,94.65%,94.26%,-0.117285,2026-08-26
JNJ,270,2026-08-28,2,Put,270.00,0.00%,1.24,1.89,2.35,1302,309,4.21,22.89%,22.65%,-0.494857,2026-08-26
TSLA,345.82,2026-09-02,7,Put,345.00,-0.24%,6.95,7.05,7.05,1616,384,4.21,40.40%,39.34%,-0.467709,2026-08-26
GAP,21.15,2026-08-28,2,Call,23.50,-11.11%,0.33,0.64,0.64,1676,399,4.2,66.07%,204.56%,0.267567,2026-08-26
MSFT,496.37,2026-08-28,2,Call,495.00,+0.28%,4.95,5.08,5.3,9187,2196,4.18,24.87%,29.81%,0.557036,2026-08-26
OKLO,41.6,2026-08-28,2,Put,43.50,+4.57%,2.23,2.63,2.5,1014,243,4.17,78.85%,94.44%,-0.72649,2026-08-26
FCX,79,2026-09-18,23,Call,95.00,-20.25%,0.41,0.49,0.67,8424,2018,4.17,49.71%,55.62%,0.107777,2026-08-26
AVGO,355.59,2026-09-04,9,Call,375.00,-5.46%,8.65,8.63,9.3,2988,718,4.16,51.40%,73.70%,0.346263,2026-08-26
MU,938.4,2026-08-28,2,Put,942.50,+0.44%,23.55,23.88,25,510,123,4.15,64.29%,80.14%,-0.51643,2026-08-26
AMZN,260.28,2026-08-28,2,Put,267.50,+2.77%,7.25,7.76,7.85,2509,606,4.14,28.99%,31.51%,-0.877504,2026-08-26
OKTA,134.42,2026-08-28,2,Call,140.00,-4.15%,2.65,4.33,4.7,961,233,4.12,68.61%,149.43%,0.378028,2026-08-26
AEO,17.59,2026-08-28,2,Call,18.00,-2.33%,0.16,0.2,0.2,1385,336,4.12,75.28%,66.03%,0.327699,2026-08-26
AVGO,355.59,2026-08-28,2,Put,332.50,-6.49%,0.15,0.49,0.64,1079,264,4.09,51.40%,58.81%,-0.058498,2026-08-26
NIO,4.37,2027-02-19,177,Put,5.00,+14.42%,0.89,1,1.1,2419,591,4.09,55.78%,53.04%,-0.563037,2026-08-26
META,576.14,2026-09-02,7,Call,580.00,-0.67%,10.2,10.4,10.7,1570,386,4.07,35.84%,37.96%,0.464578,2026-08-26
ALNY,239,2026-09-18,23,Call,260.00,-8.79%,4.4,4.4,6.7,1347,333,4.05,47.94%,53.54%,0.29374,2026-08-26
CRWV,88.01,2026-08-28,2,Call,88.00,+0.01%,2.6,2.65,2.66,2319,572,4.05,77.38%,100.71%,0.516537,2026-08-26
ARM,251.06,2026-08-28,2,Call,270.00,-7.54%,1.45,1.49,1.49,6134,1515,4.05,67.63%,95.76%,0.161594,2026-08-26
TSLA,345.82,2026-08-28,2,Call,352.50,-1.93%,2.31,2.32,2.36,16599,4101,4.05,40.40%,48.06%,0.303447,2026-08-26
SPCX,139.63,2026-09-04,9,Put,139.00,-0.45%,4.4,4.49,4.55,1038,257,4.04,54.51%,55.45%,-0.458676,2026-08-26
SNDK,1499.37,2026-08-28,2,Call,"1,475.00",+1.63%,53.5,54.23,54.3,1090,270,4.04,75.90%,91.97%,0.609384,2026-08-26
GAP,21.15,2026-08-28,2,Call,23.00,-8.75%,0.55,0.58,0.63,1723,426,4.04,66.07%,201.70%,0.313096,2026-08-26
AAPL,313.45,2026-08-28,2,Put,307.50,-1.90%,0.6,0.62,0.65,9602,2375,4.04,24.83%,28.28%,-0.175183,2026-08-26
UNP,310.62,2027-01-15,142,Call,330.00,-6.24%,9.9,12.44,13.2,504,125,4.03,22.34%,23.73%,0.387078,2026-08-26
NVDA,209.66,2026-08-28,2,Put,237.50,+13.28%,26.65,28.01,29.65,516,128,4.03,41.74%,101.45%,-0.948029,2026-08-26
MRNA,149.66,2027-12-17,478,Put,95.00,-36.52%,15.5,18.6,18.75,601,149,4.03,79.80%,76.50%,-0.157912,2026-08-26
META,576.14,2026-08-28,2,Put,570.00,-1.07%,4.8,5.05,5.25,3698,917,4.03,35.84%,45.78%,-0.367784,2026-08-26
META,576.14,2026-08-28,2,Call,612.50,-6.31%,0.59,0.63,0.65,1472,366,4.02,35.84%,53.35%,0.06358,2026-08-26
CRWD,189.18,2026-08-28,2,Call,205.00,-8.36%,2.6,2.7,2.78,4892,1216,4.02,62.43%,142.78%,0.240325,2026-08-26
CRWD,189.18,2026-08-28,2,Put,150.00,-20.71%,0.17,0.18,0.2,3516,876,4.01,62.43%,159.60%,-0.021442,2026-08-26
TRMD,30.08,2027-01-15,142,Put,30.00,-0.27%,2.7,4.49,6.7,1001,251,3.99,46.97%,62.94%,-0.419663,2026-08-26
NKE,38.59,2026-09-18,23,Call,44.00,-14.02%,0.09,0.1,0.13,1358,340,3.99,36.94%,35.25%,0.074488,2026-08-26
TSLA,345.82,2026-09-02,7,Put,347.50,+0.49%,8.25,8.4,8.55,592,149,3.97,40.40%,39.92%,-0.5201,2026-08-26
NEM,131.6,2026-08-28,2,Call,138.00,-4.86%,0.18,0.3,0.41,910,230,3.96,44.08%,53.12%,0.118172,2026-08-26
HRL,23.71,2026-08-28,2,Put,23.50,-0.89%,0.5,0.65,0.65,1673,423,3.96,32.26%,96.75%,-0.436661,2026-08-26
HIMS,29.83,2026-09-18,23,Call,34.50,-15.66%,0.35,0.69,1.05,514,130,3.95,68.94%,71.82%,0.240702,2026-08-26
RKLB,66.18,2026-08-28,2,Call,67.00,-1.24%,1.05,1.09,1.12,1525,386,3.95,71.32%,73.90%,0.423026,2026-08-26
CPRI,13.6,2027-01-15,142,Call,15.00,-10.29%,1.4,1.45,1.5,2628,667,3.94,48.96%,56.50%,0.47632,2026-08-26
META,576.14,2026-08-28,2,Call,620.00,-7.61%,0.3,0.39,0.42,9653,2461,3.92,35.84%,55.29%,0.038562,2026-08-26
INTU,345.88,2026-09-04,9,Put,320.00,-7.48%,1.7,2.28,2.65,651,167,3.9,45.97%,49.91%,-0.149591,2026-08-26
MRNA,149.66,2026-08-28,2,Put,146.00,-2.45%,2.7,3.15,3.4,892,229,3.9,79.80%,106.86%,-0.361385,2026-08-26
BE,218.21,2026-08-28,2,Call,235.00,-7.69%,1.48,1.49,1.55,5209,1334,3.9,87.75%,102.81%,0.175293,2026-08-26
OKTA,134.42,2026-08-28,2,Put,99.00,-26.35%,0.03,0.2,0.41,592,152,3.89,68.61%,220.21%,-0.025064,2026-08-26
A,155.08,2026-09-18,23,Put,135.00,-12.95%,0.05,1.12,1.25,627,161,3.89,42.58%,42.04%,-0.083284,2026-08-26
NKE,38.59,2026-09-18,23,Put,37.00,-4.12%,0.62,0.62,0.65,1133,291,3.89,36.94%,33.64%,-0.295021,2026-08-26
META,576.14,2026-08-28,2,Put,537.50,-6.71%,0.17,0.31,0.31,675,174,3.88,35.84%,50.01%,-0.028823,2026-08-26
META,576.14,2026-08-28,2,Call,562.50,+2.37%,16.15,17.4,17.45,1036,267,3.88,35.84%,48.51%,0.754982,2026-08-26
SE,119.12,2027-03-19,205,Call,115.00,+3.46%,20.1,20.2,21.2,1043,269,3.88,42.00%,49.73%,0.633424,2026-08-26
AMD,480.93,2026-08-28,2,Call,522.50,-8.64%,0.68,0.72,0.73,842,218,3.86,54.07%,72.22%,0.064213,2026-08-26
EPD,39.14,2027-03-19,205,Put,33.00,-15.69%,0.42,0.52,0.63,1000,259,3.86,17.06%,22.48%,-0.142872,2026-08-26
SPCE,2.89,2026-09-11,16,Put,3.00,+3.81%,0.18,0.22,0.24,593,154,3.85,75.69%,61.54%,-0.58585,2026-08-26
BIRK,36.18,2026-10-16,51,Call,40.00,-10.56%,0.8,1.03,1.4,5001,1301,3.84,46.18%,44.26%,0.31112,2026-08-26
SANM,198.64,2026-09-18,23,Call,210.00,-5.72%,6.5,8.45,10,510,133,3.83,62.33%,63.55%,0.399525,2026-08-26
TSLA,345.82,2026-08-28,2,Call,347.50,-0.49%,4.05,4.08,4.1,17077,4458,3.83,40.40%,47.27%,0.454082,2026-08-26
HUT,85,2026-09-04,9,Call,100.00,-17.65%,0.69,1.42,1.63,1113,291,3.82,96.51%,100.66%,0.172673,2026-08-26
KO,90.08,2026-09-04,9,Put,90.00,-0.09%,0.86,0.95,1,1651,432,3.82,18.39%,17.42%,-0.477642,2026-08-26
HIMS,29.83,2026-08-28,2,Call,31.50,-5.60%,0.19,0.2,0.21,4005,1048,3.82,68.94%,83.83%,0.199412,2026-08-26
MRVL,245.11,2026-09-04,9,Put,225.00,-8.20%,7.05,7.25,7.75,549,144,3.81,80.40%,105.32%,-0.272584,2026-08-26
LITE,939.03,2026-08-28,2,Call,980.00,-4.36%,11,11.38,11.7,1572,413,3.81,79.06%,95.25%,0.285119,2026-08-26
NVDA,209.66,2026-09-09,14,Put,200.00,-4.61%,3.2,3.66,3.7,505,133,3.8,41.74%,46.03%,-0.280923,2026-08-26
AMZN,260.28,2026-08-28,2,Call,235.00,+9.71%,24.9,25.46,25.8,1215,320,3.8,28.99%,56.18%,0.993466,2026-08-26
HPQ,30.52,2027-06-17,295,Call,35.00,-14.68%,3.35,3.57,3.8,3134,828,3.79,56.12%,48.25%,0.450501,2026-08-26
MU,938.4,2026-08-28,2,Put,940.00,+0.17%,22.3,23,23.5,3838,1014,3.79,64.29%,79.97%,-0.498604,2026-08-26
JSPR,0.718,2027-04-16,233,Put,0.5000,-30.36%,0.05,0.1,0.3,881,233,3.78,187.41%,153.38%,-0.178211,2026-08-26
KMI,32.02,2026-10-16,51,Call,35.00,-9.31%,0.2,0.26,0.37,2148,569,3.78,23.85%,25.03%,0.182248,2026-08-26
BTDR,10.67,2026-10-16,51,Call,13.00,-21.84%,0.75,0.89,0.95,2536,674,3.76,99.20%,100.57%,0.373074,2026-08-26
CRWD,189.18,2026-08-28,2,Call,190.00,-0.43%,7.5,7.85,7.85,6192,1647,3.76,62.43%,144.05%,0.505828,2026-08-26
NKE,38.59,2026-09-18,23,Put,36.00,-6.71%,0.35,0.36,0.38,563,150,3.75,36.94%,33.64%,-0.194111,2026-08-26
F,13.9,2026-09-11,16,Put,15.00,+7.91%,1.11,1.22,1.23,816,218,3.74,31.32%,33.09%,-0.855836,2026-08-26
OKTA,134.42,2026-08-28,2,Put,120.00,-10.73%,1,1.25,1.8,1257,336,3.74,68.61%,162.07%,-0.156847,2026-08-26
HL,20.7,2026-12-18,114,Call,23.00,-11.11%,2.32,2.49,2.5,2405,643,3.74,64.56%,69.22%,0.480523,2026-08-26
TSLA,345.82,2026-08-31,5,Call,360.00,-4.10%,1.65,1.65,1.76,5651,1510,3.74,40.40%,38.96%,0.19832,2026-08-26
SNAP,5.42,2026-08-28,2,Put,6.00,+10.70%,0.48,0.47,0.62,8041,2150,3.74,56.59%,90.58%,-0.931311,2026-08-26
PVH,78.51,2026-09-18,23,Put,75.00,-4.47%,3.2,3.54,3.8,753,202,3.73,58.88%,66.78%,-0.356614,2026-08-26
UBER,78.49,2026-08-28,2,Put,81.00,+3.20%,2.07,2.76,2.77,1384,371,3.73,34.55%,46.00%,-0.817398,2026-08-26
PLTR,177.5,2026-08-28,2,Put,175.00,-1.41%,2.01,2.03,2.07,15115,4052,3.73,47.80%,60.44%,-0.365689,2026-08-26
CRWD,189.18,2026-09-11,16,Call,190.00,-0.43%,10.9,11.2,11.75,682,184,3.71,62.43%,73.27%,0.523475,2026-08-26
UMAC,23.89,2026-08-28,2,Put,22.00,-7.91%,0.15,0.15,0.2,1062,286,3.71,107.17%,115.74%,-0.156952,2026-08-26
HLT,332.56,2026-09-18,23,Put,300.00,-9.79%,0.5,0.62,0.7,1256,339,3.71,22.70%,27.43%,-0.059372,2026-08-26
PATH,16.76,2026-09-25,30,Call,6.00,+64.20%,10.05,10.79,12.15,1949,526,3.71,81.88%,271.86%,0.956526,2026-08-26
SOFI,18.84,2026-09-18,23,Put,16.50,-12.42%,0.17,0.17,0.2,2465,667,3.7,50.58%,52.49%,-0.138281,2026-08-26
GOOGL,342,2026-08-31,5,Call,345.00,-0.88%,2.44,2.75,2.86,993,269,3.69,27.96%,24.37%,0.391335,2026-08-26
JPM,356.5,2026-11-20,86,Call,390.00,-9.40%,4.75,5,5.4,5460,1480,3.69,22.23%,22.55%,0.234236,2026-08-26
NVO,47.19,2026-09-04,9,Call,48.50,-2.78%,0.48,0.48,0.56,792,215,3.68,33.41%,35.41%,0.315769,2026-08-26
ASTS,59.88,2026-08-28,2,Call,62.00,-3.54%,0.66,0.69,0.74,1813,492,3.68,76.42%,84.95%,0.301963,2026-08-26
LOW,210.36,2026-08-28,2,Put,210.00,-0.17%,1.55,1.8,2,804,219,3.67,28.18%,31.53%,-0.464992,2026-08-26
BHVN,16.95,2026-09-18,23,Call,14.00,+17.40%,2.85,3.47,3.6,1224,334,3.66,80.08%,76.62%,0.864847,2026-08-26
QCOM,163.72,2028-12-15,842,Put,125.00,-23.65%,22.1,22.8,23.7,605,166,3.64,41.81%,50.43%,-0.211537,2026-08-26
MU,938.4,2026-12-18,114,Call,"1,110.00",-18.29%,84.4,86.47,87,1050,289,3.63,64.29%,67.54%,0.410922,2026-08-26
INTC,88.24,2026-09-11,16,Call,98.00,-11.06%,1.33,1.45,1.56,1100,305,3.61,60.18%,61.85%,0.231077,2026-08-26
LLY,1189.41,2026-08-28,2,Put,"1,150.00",-3.31%,1.2,1.9,3,1122,311,3.61,32.19%,39.55%,-0.120827,2026-08-26
AMD,480.93,2026-08-31,5,Call,485.00,-0.85%,9.8,10.17,10.6,525,146,3.6,54.07%,53.32%,0.461799,2026-08-26
TSM,417.69,2026-08-28,2,Call,425.00,-1.75%,2.51,2.59,2.84,6484,1802,3.6,34.63%,44.71%,0.307495,2026-08-26
SNDK,1499.37,2026-08-28,2,Call,"1,530.00",-2.04%,27.3,28.2,28.1,798,222,3.59,75.90%,91.91%,0.397292,2026-08-26
NTNX,65.39,2026-09-18,23,Put,60.00,-8.24%,2,2.12,2.2,823,230,3.58,64.53%,68.80%,-0.27561,2026-08-26
CLSK,12.18,2026-10-16,51,Call,13.00,-6.73%,1.23,1.32,1.35,1420,397,3.58,88.43%,87.95%,0.492795,2026-08-26
AAPL,313.45,2026-08-31,5,Call,322.50,-2.89%,0.6,0.64,0.67,1493,418,3.57,24.83%,22.72%,0.14905,2026-08-26
NVDA,209.66,2026-09-09,14,Call,210.00,-0.16%,7.8,7.9,8.1,819,230,3.56,41.74%,48.81%,0.517255,2026-08-26
SNPS,410,2026-08-28,2,Call,420.00,-2.44%,14.2,14.2,18.8,930,261,3.56,59.30%,172.22%,0.450755,2026-08-26
CRWD,189.18,2026-08-28,2,Call,197.50,-4.40%,4.5,4.75,4.95,2010,565,3.56,62.43%,143.90%,0.363542,2026-08-26
IONS,63.36,2026-09-18,23,Call,75.00,-18.37%,0.05,0.65,1,1002,282,3.55,57.18%,54.94%,0.127655,2026-08-26
NVDA,209.66,2026-09-02,7,Call,230.00,-9.70%,1.39,1.43,1.48,3890,1097,3.55,41.74%,62.98%,0.155951,2026-08-26
AAPL,313.45,2026-08-28,2,Call,317.50,-1.29%,1.09,1.15,1.21,20398,5766,3.54,24.83%,28.85%,0.280266,2026-08-26
ABNB,188.07,2026-09-18,23,Call,195.00,-3.68%,2.55,3.02,3.2,2237,633,3.53,28.82%,28.83%,0.332786,2026-08-26
CRWD,189.18,2026-08-28,2,Put,170.00,-10.14%,1.37,1.44,1.5,7162,2030,3.53,62.43%,139.47%,-0.138094,2026-08-26
PNC,244.67,2026-11-20,86,Call,270.00,-10.35%,2.15,2.8,3.8,571,162,3.52,21.19%,22.74%,0.205744,2026-08-26
ORCL,148.87,2026-08-28,2,Put,147.00,-1.26%,1.9,1.89,2.01,697,198,3.52,69.81%,64.06%,-0.384886,2026-08-26
INTC,88.24,2026-08-28,2,Put,89.00,+0.86%,2.28,2.38,2.38,7871,2233,3.52,60.18%,73.91%,-0.550523,2026-08-26
NVDA,209.66,2026-08-28,2,Put,192.50,-8.18%,0.84,0.85,0.87,17779,5048,3.52,41.74%,98.08%,-0.112238,2026-08-26
B,47,2026-09-04,9,Put,44.00,-6.38%,0.29,0.31,0.42,516,147,3.51,45.59%,47.96%,-0.178779,2026-08-26
CRM,205.62,2026-09-04,9,Call,205.00,+0.30%,8.75,9.4,10.15,854,243,3.51,48.61%,70.56%,0.535282,2026-08-26
SPCX,139.63,2026-08-28,2,Call,143.00,-2.41%,1.45,1.47,1.5,25433,7252,3.51,54.51%,68.03%,0.328341,2026-08-26
ASTS,59.88,2026-08-28,2,Call,60.00,-0.20%,1.34,1.4,1.48,1022,292,3.5,76.42%,82.70%,0.500458,2026-08-26
SN,188.55,2026-09-18,23,Put,180.00,-4.53%,3.2,3.6,4.9,1340,383,3.5,39.94%,41.81%,-0.303885,2026-08-26
AVGO,355.59,2026-08-28,2,Call,362.50,-1.94%,2.72,2.8,3.1,1513,432,3.5,51.40%,53.70%,0.322599,2026-08-26
AMD,480.93,2026-08-28,2,Put,482.50,+0.33%,10.15,10.55,11.5,2177,622,3.5,54.07%,70.77%,-0.513155,2026-08-26
SBUX,108.49,2026-09-04,9,Put,105.00,-3.22%,0.53,0.61,0.91,618,177,3.49,27.23%,30.06%,-0.234787,2026-08-26
TSLA,345.82,2026-08-31,5,Call,355.00,-2.65%,2.67,2.63,2.72,2990,857,3.49,40.40%,37.80%,0.288093,2026-08-26
NKE,38.59,2026-09-18,23,Call,41.00,-6.25%,0.35,0.38,0.41,1064,306,3.48,36.94%,30.91%,0.227321,2026-08-26
LQDA,71.36,2026-09-04,9,Call,80.00,-12.11%,2,2.4,2.7,1307,376,3.48,101.67%,119.04%,0.303888,2026-08-26
AAPL,313.45,2026-08-28,2,Put,317.50,+1.29%,4.95,5.15,5.3,1543,443,3.48,24.83%,28.54%,-0.72319,2026-08-26
ORCL,148.87,2026-08-28,2,Call,165.00,-10.83%,0.11,0.12,0.13,14170,4067,3.48,69.81%,76.25%,0.036556,2026-08-26
INTU,345.88,2026-08-28,2,Put,340.00,-1.70%,3.6,4,4.5,2154,621,3.47,45.97%,65.09%,-0.351132,2026-08-26
TSLA,345.82,2026-08-28,2,Call,355.00,-2.65%,1.71,1.71,1.75,22130,6393,3.46,40.40%,48.57%,0.240317,2026-08-26
CRM,205.62,2026-08-28,2,Put,165.00,-19.75%,0.09,0.1,0.11,2801,812,3.45,48.61%,137.20%,-0.013241,2026-08-26
AMD,480.93,2026-08-28,2,Call,487.50,-1.37%,7,7,7.35,1870,544,3.44,54.07%,70.53%,0.409038,2026-08-26
SHOP,150.29,2026-10-16,51,Call,165.00,-9.79%,4.6,4.79,4.9,3056,892,3.43,42.97%,43.66%,0.323171,2026-08-26
PTON,5.36,2027-06-17,295,Put,3.00,-44.03%,0.13,0.13,0.2,1060,310,3.42,46.01%,64.06%,-0.089409,2026-08-26
MSFT,496.37,2026-08-28,2,Call,505.00,-1.74%,1.35,1.45,1.55,6612,1934,3.42,24.87%,30.36%,0.226954,2026-08-26
CRM,205.62,2026-08-28,2,Put,177.50,-13.68%,0.26,0.45,0.47,981,288,3.41,48.61%,121.44%,-0.046233,2026-08-26
CRWD,189.18,2026-08-28,2,Call,202.50,-7.04%,3.1,3.35,3.45,1546,454,3.41,62.43%,143.21%,0.278589,2026-08-26
MSFT,496.37,2026-08-28,2,Put,482.50,-2.79%,0.57,0.63,0.67,2321,682,3.4,24.87%,31.61%,-0.109525,2026-08-26
NVDA,209.66,2026-09-02,7,Put,210.00,+0.16%,6.85,7.1,7.15,2879,848,3.4,41.74%,59.43%,-0.489077,2026-08-26
NVDA,209.66,2027-09-17,387,Put,160.00,-23.69%,5.3,10.17,10.5,7880,2320,3.4,41.74%,36.51%,-0.160356,2026-08-26
NVDA,209.66,2026-08-31,5,Put,205.00,-2.22%,4.1,4.25,4.25,7963,2339,3.4,41.74%,64.71%,-0.367084,2026-08-26
GDS,32.56,2026-10-16,51,Call,35.00,-7.49%,1.55,1.6,2,500,148,3.38,55.52%,55.03%,0.411644,2026-08-26
NVDA,209.66,2026-08-31,5,Put,170.00,-18.92%,0.12,0.15,0.14,663,196,3.38,41.74%,86.27%,-0.016539,2026-08-26
AMZN,260.28,2026-09-04,9,Put,257.50,-1.07%,3.25,3.34,3.5,1914,567,3.38,28.99%,29.11%,-0.39208,2026-08-26
NVDA,209.66,2026-08-28,2,Call,212.50,-1.35%,5.05,5.09,5.2,41006,12134,3.38,41.74%,103.19%,0.446009,2026-08-26
EQT,54.79,2027-06-17,295,Put,55.00,+0.38%,4.9,5.75,6.6,750,223,3.36,29.44%,31.80%,-0.426624,2026-08-26
AAPL,313.45,2026-08-31,5,Call,315.00,-0.49%,2.55,2.7,2.89,5362,1600,3.35,24.83%,23.03%,0.439229,2026-08-26
MSTR,123.19,2026-09-04,9,Put,124.00,+0.66%,5.8,5.66,6,515,154,3.34,69.81%,71.57%,-0.498354,2026-08-26
SNDK,1499.37,2026-08-28,2,Put,"1,460.00",-2.63%,23.1,23,23.9,962,288,3.34,75.90%,92.15%,-0.334769,2026-08-26
LITE,939.03,2026-09-04,9,Call,"1,100.00",-17.14%,7.7,8.3,8.5,500,150,3.33,79.06%,85.52%,0.13469,2026-08-26
TSLA,345.82,2026-09-18,23,Call,382.50,-10.61%,3.55,3.65,3.65,500,150,3.33,40.40%,41.97%,0.188746,2026-08-26
RZLV,2.91,2026-10-16,51,Call,3.50,-20.27%,0.2,0.25,0.25,1533,462,3.32,95.83%,96.22%,0.374832,2026-08-26
KSS,17.94,2026-08-28,2,Call,17.50,+2.45%,0.52,0.8,0.79,1283,389,3.3,56.85%,75.75%,0.681377,2026-08-26
ZVRA,11.74,2027-01-15,142,Put,14.00,+19.25%,2.25,3.1,4.1,585,178,3.29,59.10%,61.77%,-0.598455,2026-08-26
INTU,345.88,2026-08-28,2,Call,375.00,-8.42%,0.3,0.42,0.5,767,233,3.29,45.97%,67.38%,0.055547,2026-08-26
EQT,54.79,2026-10-16,51,Call,55.00,-0.38%,2.5,2.63,2.8,542,165,3.28,29.44%,32.61%,0.522395,2026-08-26
TSLA,345.82,2026-09-04,9,Call,345.00,+0.24%,9.55,9.65,9.8,4090,1248,3.28,40.40%,42.08%,0.532883,2026-08-26
BIRK,36.18,2026-10-16,51,Put,40.00,+10.56%,4.2,5.13,6.5,5002,1529,3.27,46.18%,56.56%,-0.639451,2026-08-26
CRWD,189.18,2026-08-28,2,Call,210.00,-11.01%,1.75,1.85,1.85,6826,2089,3.27,62.43%,142.76%,0.175305,2026-08-26
NVDA,209.66,2026-08-31,5,Call,210.00,-0.16%,6.45,6.46,6.6,9324,2849,3.27,41.74%,67.90%,0.509852,2026-08-26
CAPR,9.36,2026-12-18,114,Call,10.00,-6.84%,4.3,4.4,5,3022,926,3.26,122.70%,247.09%,0.742552,2026-08-26
CBRS,182.15,2026-08-28,2,Call,195.00,-7.05%,1.55,1.72,2,731,225,3.25,84.57%,111.06%,0.215993,2026-08-26
AG,20.99,2026-08-28,2,Put,21.00,+0.05%,0.37,0.41,0.51,986,304,3.24,65.55%,70.45%,-0.492105,2026-08-26
INTC,88.24,2026-08-31,5,Call,87.00,+1.41%,2.95,3,3.1,991,306,3.24,60.18%,57.02%,0.599344,2026-08-26
AAPL,313.45,2026-09-02,7,Call,315.00,-0.49%,3.35,3.4,3.6,1052,325,3.24,24.83%,23.72%,0.454353,2026-08-26
JPM,356.5,2026-08-28,2,Put,357.50,+0.28%,2.65,3.1,3.25,734,227,3.23,22.23%,23.11%,-0.55971,2026-08-26
MSFT,496.37,2026-08-28,2,Put,495.00,-0.28%,3.5,3.6,3.75,1530,474,3.23,24.87%,29.43%,-0.442802,2026-08-26
PLTR,177.5,2026-08-28,2,Put,177.50,0.00%,3.1,3.15,3.2,5463,1693,3.23,47.80%,60.40%,-0.489638,2026-08-26
LRCX,312.88,2026-08-28,2,Put,272.50,-12.91%,0.05,0.16,0.42,963,299,3.22,60.24%,98.36%,-0.026404,2026-08-26
CRWD,189.18,2026-08-28,2,Call,212.50,-12.33%,1.37,1.48,1.51,1136,354,3.21,62.43%,142.20%,0.146883,2026-08-26
AKAM,108.06,2026-11-20,86,Put,90.00,-16.71%,4.2,4.7,4.9,1501,467,3.21,49.32%,61.10%,-0.214708,2026-08-26
KEEL,3.36,2026-08-28,2,Put,6.50,+93.45%,2.36,2.78,3.4,553,173,3.2,100.27%,433.25%,-0.971319,2026-08-26
MU,938.4,2026-08-31,5,Put,940.00,+0.17%,26.35,29.32,28.55,713,223,3.2,64.29%,61.25%,-0.493021,2026-08-26
DG,122.78,2026-08-28,2,Put,118.00,-3.89%,2.09,2.92,3.75,507,159,3.19,46.27%,139.35%,-0.330885,2026-08-26
MRNA,149.66,2026-12-18,114,Put,150.00,+0.23%,26.75,27.75,28.2,977,306,3.19,79.80%,85.24%,-0.400961,2026-08-26
SMR,9.27,2026-09-11,16,Call,9.50,-2.48%,0.44,0.54,0.55,1066,334,3.19,82.65%,76.22%,0.474543,2026-08-26
CRWD,189.18,2026-08-28,2,Call,192.50,-1.75%,6.3,6.65,6.75,1111,348,3.19,62.43%,143.10%,0.456435,2026-08-26
SPCX,139.63,2026-09-04,9,Put,138.00,-1.17%,3.95,4,4.05,1867,585,3.19,54.51%,55.47%,-0.42591,2026-08-26
NVDA,209.66,2026-08-31,5,Call,222.50,-6.12%,2.34,2.36,2.4,4421,1388,3.19,41.74%,69.09%,0.245256,2026-08-26
KEEL,3.36,2026-08-28,2,Put,7.00,+108.33%,3.4,3.52,3.95,556,175,3.18,100.27%,578.03%,-0.933509,2026-08-26
IREN,39.58,2026-09-04,9,Put,37.00,-6.52%,1.56,1.6,1.66,1729,543,3.18,95.80%,113.55%,-0.318628,2026-08-26
MRNA,149.66,2026-09-04,9,Call,155.00,-3.57%,5.8,6.35,6.3,588,186,3.16,79.80%,88.10%,0.429431,2026-08-26
SRAD,12.95,2026-11-20,86,Call,12.50,+3.47%,1.45,1.7,1.75,800,253,3.16,45.06%,53.20%,0.61789,2026-08-26
SNDK,1499.37,2026-08-28,2,Call,"1,460.00",+2.63%,62.6,64.5,63.7,1158,367,3.16,75.90%,92.15%,0.665376,2026-08-26
M,22.82,2026-08-28,2,Call,23.00,-0.79%,0.17,0.21,0.25,1883,596,3.16,55.46%,43.02%,0.40888,2026-08-26
SKHY,158.02,2026-09-04,9,Put,157.50,-0.33%,6.7,7.09,7.4,1691,537,3.15,72.21%,74.62%,-0.46302,2026-08-26
WMT,104.34,2026-09-18,23,Put,101.00,-3.20%,0.73,0.84,0.9,793,253,3.13,22.17%,20.64%,-0.247429,2026-08-26
SNDK,1499.37,2026-08-28,2,Call,"1,510.00",-0.71%,35.5,36.3,36.2,1447,463,3.13,75.90%,91.87%,0.473299,2026-08-26
TSLA,345.82,2026-09-02,7,Put,335.00,-3.13%,3.15,3.25,3.25,640,205,3.12,40.40%,39.65%,-0.268448,2026-08-26
PLTR,177.5,2026-09-11,16,Put,167.50,-5.63%,2.97,3.05,3.1,885,284,3.12,47.80%,48.62%,-0.262971,2026-08-26
CRWD,189.18,2026-09-18,23,Call,237.50,-25.54%,1.02,1.27,1.37,2546,816,3.12,62.43%,63.42%,0.09096,2026-08-26
GOOG,339.1,2026-09-11,16,Put,315.00,-7.11%,0.92,0.96,1.05,1388,447,3.11,27.83%,28.63%,-0.099866,2026-08-26
MRNA,149.66,2026-08-28,2,Put,148.00,-1.11%,3.7,3.1,4.6,1440,463,3.11,79.80%,112.62%,-0.429557,2026-08-26
GOOG,339.1,2026-08-28,2,Put,337.50,-0.47%,2.08,2.25,2.38,2881,925,3.11,27.83%,29.88%,-0.408305,2026-08-26
NCLH,17.09,2026-12-18,114,Put,16.00,-6.38%,1.22,1.23,1.31,5066,1627,3.11,42.46%,49.91%,-0.34118,2026-08-26
MRNA,149.66,2026-11-20,86,Put,135.00,-9.80%,15.5,16,16.95,518,167,3.1,79.80%,85.29%,-0.318173,2026-08-26
META,576.14,2026-09-04,9,Call,617.50,-7.18%,2.8,3.75,3.25,644,208,3.1,35.84%,41.94%,0.156773,2026-08-26
ABT,114.1,2028-01-21,513,Put,97.50,-14.55%,6.3,6.7,8.1,1021,329,3.1,25.32%,30.40%,-0.245151,2026-08-26
RKLB,66.18,2026-08-28,2,Call,68.00,-2.75%,0.7,0.74,0.79,1820,587,3.1,71.32%,74.51%,0.322472,2026-08-26
BHVN,16.95,2026-10-16,51,Call,20.00,-17.99%,1,1.15,1.15,3281,1059,3.1,80.08%,82.32%,0.356754,2026-08-26
SPCX,139.63,2026-08-28,2,Call,139.00,+0.45%,2.99,3.03,3.1,11248,3632,3.1,54.51%,65.73%,0.548303,2026-08-26
MRNA,149.66,2026-08-28,2,Put,142.00,-5.12%,1.5,1.7,1.85,794,257,3.09,79.80%,104.90%,-0.236445,2026-08-26
NVDA,209.66,2026-08-31,5,Put,197.50,-5.80%,1.82,1.9,1.95,1562,506,3.09,41.74%,64.92%,-0.20339,2026-08-26
PLTR,177.5,2026-08-28,2,Call,172.50,+2.82%,6.2,6.28,6.45,6459,2090,3.09,47.80%,61.88%,0.742525,2026-08-26
HOOD,108.54,2026-10-16,51,Call,175.00,-61.23%,0.48,0.55,0.63,705,229,3.08,61.58%,71.26%,0.050452,2026-08-26
MSTR,123.19,2026-09-11,16,Call,150.00,-21.76%,1.1,1.3,1.34,1556,505,3.08,69.81%,77.42%,0.130495,2026-08-26
AAPL,313.45,2026-09-04,9,Call,332.50,-6.08%,0.42,0.55,0.52,547,178,3.07,24.83%,26.18%,0.081488,2026-08-26
META,576.14,2026-08-28,2,Put,547.50,-4.97%,0.6,0.6,0.74,651,213,3.06,35.84%,48.00%,-0.07248,2026-08-26
META,576.14,2026-08-28,2,Put,565.00,-1.93%,3.2,3.43,3.55,5269,1720,3.06,35.84%,45.87%,-0.275328,2026-08-26
MRNA,149.66,2026-08-28,2,Call,147.00,+1.78%,5.9,5.9,6.6,747,245,3.05,79.80%,109.30%,0.604342,2026-08-26
MCD,266.93,2026-10-16,51,Call,295.00,-10.52%,0.84,1.1,1.2,605,199,3.04,19.67%,20.61%,0.106644,2026-08-26
AAPL,313.45,2026-09-18,23,Call,312.50,+0.30%,8.55,8.55,9,768,253,3.04,24.83%,25.41%,0.544455,2026-08-26
TSLA,345.82,2026-09-04,9,Put,345.00,-0.24%,8.35,8.59,8.5,3888,1281,3.04,40.40%,41.43%,-0.468162,2026-08-26
BHVN,16.95,2026-09-18,23,Put,13.00,-23.30%,0.05,0.1,0.2,1120,370,3.03,80.08%,79.79%,-0.075601,2026-08-26
AAPL,313.45,2026-08-31,5,Call,312.50,+0.30%,3.65,4.05,4.6,2404,794,3.03,24.83%,24.32%,0.554338,2026-08-26
ZM,93.83,2026-10-16,51,Call,110.00,-17.23%,1.15,1.32,1.45,567,188,3.02,38.86%,41.19%,0.178237,2026-08-26
AAPL,313.45,2026-09-02,7,Call,312.50,+0.30%,4.5,5.3,4.85,923,306,3.02,24.83%,23.58%,0.55112,2026-08-26
GAP,21.15,2026-08-28,2,Put,18.50,-12.53%,0.23,0.24,0.26,1683,557,3.02,66.07%,187.73%,-0.150766,2026-08-26
RKT,13.9,2026-09-25,30,Call,15.50,-11.51%,0.34,0.34,0.37,1695,562,3.02,56.22%,55.69%,0.279769,2026-08-26
CRWD,189.18,2026-08-28,2,Put,160.00,-15.42%,0.47,0.48,0.5,3194,1058,3.02,62.43%,145.75%,-0.053872,2026-08-26
MU,938.4,2026-08-28,2,Call,930.00,+0.90%,25.6,26.36,27.5,3521,1165,3.02,64.29%,79.74%,0.573452,2026-08-26
MEI,17.06,2027-01-15,142,Call,35.00,-105.16%,0.9,1.15,1.35,3200,1064,3.01,103.57%,106.10%,0.228835,2026-08-26
META,576.14,2026-08-28,2,Put,590.00,+2.41%,16.1,15.8,17.15,1142,381,3,35.84%,45.90%,-0.751696,2026-08-26
UBER,78.49,2026-08-28,2,Put,80.00,+1.92%,1.83,1.9,1.98,1188,396,3,34.55%,41.89%,-0.724174,2026-08-26
ARM,251.06,2026-08-28,2,Call,250.00,+0.42%,6.5,7,7.2,1680,560,3,67.63%,84.90%,0.54059,2026-08-26
CRM,205.62,2026-09-04,9,Put,180.00,-12.46%,1,1.07,1.1,1907,636,3,48.61%,68.31%,-0.096747,2026-08-26
OKTA,134.42,2026-08-28,2,Put,125.00,-7.01%,2,2.75,3.5,505,169,2.99,68.61%,167.08%,-0.25759,2026-08-26
CDE,21.44,2027-03-19,205,Call,25.00,-16.60%,3.1,3.3,3.4,1129,377,2.99,65.41%,68.20%,0.496829,2026-08-26
TPG,52.8,2026-09-18,23,Call,55.00,-4.17%,0.25,1.2,3.2,755,253,2.98,44.25%,49.98%,0.394273,2026-08-26
RXT,3.4,2026-09-04,9,Put,3.50,+2.94%,0.3,0.37,0.55,762,256,2.98,109.70%,173.84%,-0.486909,2026-08-26
RIOT,20.61,2027-01-15,142,Put,22.00,+6.74%,4.9,5.12,5.3,921,309,2.98,86.09%,86.87%,-0.433415,2026-08-26
SNDK,1499.37,2026-08-28,2,Put,"1,480.00",-1.29%,30.8,30.35,31.8,1400,470,2.98,75.90%,91.77%,-0.40987,2026-08-26
TSLA,345.82,2026-08-28,2,Put,335.00,-3.13%,1.11,1.15,1.14,11211,3768,2.98,40.40%,46.64%,-0.172786,2026-08-26
NVDA,209.66,2026-08-28,2,Put,197.50,-5.80%,1.6,1.64,1.68,21188,7101,2.98,41.74%,96.72%,-0.191443,2026-08-26
OKLO,41.6,2026-09-04,9,Call,42.00,-0.96%,1.9,1.93,2.12,603,203,2.97,78.85%,83.60%,0.499818,2026-08-26
IONQ,40.03,2026-09-04,9,Call,41.00,-2.42%,1.51,1.53,1.58,757,255,2.97,76.92%,77.97%,0.449449,2026-08-26
PLTR,177.5,2026-08-28,2,Put,170.00,-4.23%,0.72,0.74,0.74,27235,9175,2.97,47.80%,61.79%,-0.165812,2026-08-26
CRWD,189.18,2026-08-28,2,Put,172.50,-8.82%,1.85,1.9,1.9,1848,624,2.96,62.43%,139.17%,-0.171224,2026-08-26
HIMS,29.83,2028-12-15,842,Put,15.00,-49.72%,3.25,3.4,3.4,2069,700,2.96,68.94%,77.16%,-0.108899,2026-08-26
KHC,24.79,2026-08-28,2,Call,25.00,-0.85%,0.13,0.15,0.2,3630,1226,2.96,27.06%,35.06%,0.375569,2026-08-26
AAPL,313.45,2026-08-28,2,Call,315.00,-0.49%,1.9,1.97,1.99,41531,14075,2.95,24.83%,28.29%,0.414269,2026-08-26
TSLA,345.82,2026-08-31,5,Call,362.50,-4.82%,1.29,1.29,1.33,1063,362,2.94,40.40%,39.17%,0.16018,2026-08-26
SNDK,1499.37,2026-08-28,2,Call,"1,500.00",-0.04%,40.1,39.9,40.9,6079,2068,2.94,75.90%,91.85%,0.512262,2026-08-26
SNDK,1499.37,2026-08-28,2,Call,"1,525.00",-1.71%,29.3,30.85,30,568,194,2.93,75.90%,92.02%,0.416092,2026-08-26
ALAB,290.3,2026-08-28,2,Call,310.00,-6.79%,1.9,2.1,2.3,575,196,2.93,77.38%,96.72%,0.189804,2026-08-26
NEE,84.22,2026-09-04,9,Put,83.00,-1.45%,0.64,0.6,0.84,1009,344,2.93,20.19%,24.11%,-0.341262,2026-08-26
SNAP,5.42,2027-04-16,233,Call,6.00,-10.70%,0.93,0.98,1.02,1179,403,2.93,56.59%,66.35%,0.54826,2026-08-26
IONQ,40.03,2026-09-18,23,Call,44.50,-11.17%,1.51,1.67,1.71,1513,517,2.93,76.92%,79.47%,0.337415,2026-08-26
BA,212.09,2026-08-28,2,Call,212.50,-0.19%,1.76,1.89,1.95,2132,728,2.93,29.12%,32.78%,0.472888,2026-08-26
AAPL,313.45,2026-08-28,2,Put,295.00,-5.89%,0.09,0.1,0.11,11395,3893,2.93,24.83%,42.72%,-0.026224,2026-08-26
NVDA,209.66,2026-09-02,7,Put,180.00,-14.15%,0.36,0.38,0.4,572,196,2.92,41.74%,67.30%,-0.045582,2026-08-26
META,576.14,2027-09-17,387,Put,650.00,+12.82%,129.4,130.22,132.4,575,197,2.92,35.84%,41.26%,-0.514504,2026-08-26
INTU,345.88,2026-08-28,2,Put,337.50,-2.42%,2.8,3.2,3.5,741,255,2.91,45.97%,64.55%,-0.294742,2026-08-26
F,13.9,2026-09-25,30,Put,15.00,+7.91%,1.13,1.26,1.41,806,277,2.91,31.32%,33.54%,-0.770599,2026-08-26
LWLG,5.83,2027-01-15,142,Call,9.00,-54.37%,0.45,0.8,0.85,887,305,2.91,100.27%,99.74%,0.358321,2026-08-26
SOFI,18.84,2026-09-25,30,Put,19.00,+0.85%,1.08,1.13,1.15,1032,355,2.91,50.58%,49.05%,-0.489612,2026-08-26
ARM,251.06,2026-12-18,114,Call,290.00,-15.51%,26.05,28.2,29.2,527,182,2.9,67.63%,72.45%,0.450632,2026-08-26
PAA,25.63,2027-02-19,177,Call,27.00,-5.35%,0.7,0.75,0.8,893,308,2.9,19.33%,19.71%,0.344221,2026-08-26
OKTA,134.42,2026-08-28,2,Call,135.00,-0.43%,5.3,6.56,7,1021,352,2.9,68.61%,161.57%,0.510154,2026-08-26
O,62.26,2026-10-16,51,Put,60.00,-3.63%,0.65,0.7,0.75,1242,428,2.9,15.53%,17.92%,-0.266823,2026-08-26
META,576.14,2026-09-04,9,Put,500.00,-13.22%,0.26,0.32,0.34,2327,802,2.9,35.84%,44.82%,-0.019702,2026-08-26
MO,69.12,2026-09-04,9,Call,69.00,+0.17%,0.87,1.16,1.25,942,326,2.89,23.49%,23.53%,0.520736,2026-08-26
MSTR,123.19,2026-09-11,16,Put,110.00,-10.71%,1.73,1.85,1.95,2756,955,2.89,69.81%,66.16%,-0.184809,2026-08-26
KEEL,3.36,2026-08-28,2,Put,8.00,+138.10%,3.95,4.42,4.9,781,271,2.88,100.27%,540.57%,-0.97577,2026-08-26
BE,218.21,2026-08-28,2,Put,225.00,+3.11%,10.15,9.75,10.45,790,274,2.88,87.75%,97.26%,-0.650883,2026-08-26
IMPP,4.85,2027-01-15,142,Call,6.00,-23.71%,0.15,0.35,0.4,1247,433,2.88,58.89%,50.97%,0.321574,2026-08-26
NVDA,209.66,2026-09-02,7,Put,190.00,-9.38%,0.95,1,1.02,1417,492,2.88,41.74%,60.72%,-0.111302,2026-08-26
CRCL,89.91,2026-08-28,2,Put,83.00,-7.69%,0.29,0.33,0.38,730,255,2.86,80.60%,91.15%,-0.110893,2026-08-26
AMTX,1.88,2028-01-21,513,Call,2.5000,-32.98%,0.75,0.75,1.05,5017,1757,2.86,112.90%,122.56%,0.715507,2026-08-26
ENPH,38.42,2026-09-04,9,Call,45.00,-17.13%,0.08,0.25,0.35,599,210,2.85,67.53%,75.82%,0.103486,2026-08-26
AMZN,260.28,2026-09-18,23,Call,267.50,-2.77%,4.5,4.6,4.75,911,320,2.85,28.99%,28.30%,0.37545,2026-08-26
PGY,22.41,2026-09-18,23,Call,24.00,-7.10%,0.45,0.77,1.05,1602,563,2.85,60.35%,59.72%,0.356765,2026-08-26
GOOG,339.1,2028-01-21,513,Call,520.00,-53.35%,16.8,17.36,18.6,1860,652,2.85,27.83%,35.79%,0.250584,2026-08-26
NVDA,209.66,2026-08-31,5,Put,212.50,+1.35%,7,8.1,8.1,1916,672,2.85,41.74%,61.62%,-0.557991,2026-08-26
NRGV,3.7,2028-01-21,513,Call,4.00,-8.11%,1.15,1.75,1.75,2756,967,2.85,111.52%,88.03%,0.692077,2026-08-26
FCX,79,2026-08-28,2,Put,78.00,-1.27%,0.67,0.96,1.2,597,210,2.84,49.71%,59.63%,-0.376838,2026-08-26
CIFR,16.02,2026-09-18,23,Call,16.50,-3.00%,1,1.55,1.84,711,251,2.83,102.15%,100.59%,0.507332,2026-08-26
MSTR,123.19,2026-09-04,9,Call,124.00,-0.66%,5.05,5.3,5.4,719,254,2.83,69.81%,71.98%,0.50257,2026-08-26
OKTA,134.42,2026-08-28,2,Put,110.00,-18.17%,0.01,0.4,0.51,724,256,2.83,68.61%,159.19%,-0.039049,2026-08-26
CCJ,107.36,2026-10-16,51,Call,125.00,-16.43%,2.49,2.62,2.74,1377,486,2.83,46.58%,49.89%,0.241847,2026-08-26
AMD,480.93,2026-08-28,2,Call,485.00,-0.85%,7.9,8.1,8.4,5149,1821,2.83,54.07%,70.21%,0.447352,2026-08-26
AMZN,260.28,2026-08-28,2,Put,272.50,+4.69%,11.95,12.22,12.6,8120,2865,2.83,28.99%,33.59%,-0.969185,2026-08-26
NBIS,213.93,2026-08-28,2,Put,212.50,-0.67%,5.25,5.55,5.8,788,279,2.82,89.47%,99.00%,-0.448111,2026-08-26
NVDA,209.66,2027-02-19,177,Call,320.00,-52.63%,2.17,2.34,2.84,871,309,2.82,41.74%,40.91%,0.099243,2026-08-26
STOK,33.09,2026-09-18,23,Put,30.00,-9.34%,0.2,0.5,0.9,1118,397,2.82,56.85%,53.16%,-0.207099,2026-08-26
INTC,88.24,2026-08-28,2,Call,87.00,+1.41%,2.56,2.57,2.65,12766,4529,2.82,60.18%,73.94%,0.61371,2026-08-26
RXRX,3.49,2026-09-25,30,Call,4.00,-14.61%,0.19,0.23,0.25,1179,420,2.81,92.94%,99.44%,0.372479,2026-08-26
NVDA,209.66,2026-08-31,5,Call,212.50,-1.35%,5.35,5.35,5.5,7076,2517,2.81,41.74%,68.12%,0.450823,2026-08-26
ARM,251.06,2026-08-28,2,Call,260.00,-3.56%,3.2,3.35,3.45,1334,477,2.8,67.63%,91.14%,0.314884,2026-08-26
GOOGL,342,2026-09-04,9,Call,345.00,-0.88%,4.7,4.69,4.8,1922,686,2.8,27.96%,27.94%,0.43713,2026-08-26
META,576.14,2026-08-28,2,Call,570.00,+1.07%,11.3,11.53,11.7,5125,1829,2.8,35.84%,47.25%,0.628909,2026-08-26
RDDT,155.36,2026-08-28,2,Put,148.00,-4.74%,0.44,0.39,0.6,597,214,2.79,56.31%,62.20%,-0.139812,2026-08-26
MRNA,149.66,2026-08-28,2,Put,147.00,-1.78%,2.98,3.39,3.75,721,258,2.79,79.80%,104.68%,-0.392657,2026-08-26
NOW,125.8,2026-08-28,2,Call,124.00,+1.43%,3.5,3.67,3.8,809,290,2.79,53.01%,71.54%,0.618839,2026-08-26
JKS,13.66,2026-12-18,114,Put,12.50,-8.49%,1.15,1.35,1.45,556,200,2.78,59.59%,44.94%,-0.418671,2026-08-26
NU,15.17,2026-09-04,9,Put,15.00,-1.12%,0.23,0.25,0.28,600,216,2.78,37.04%,35.81%,-0.404514,2026-08-26
LITE,939.03,2026-08-28,2,Call,"1,050.00",-11.82%,2.15,2.25,2.45,952,342,2.78,79.06%,101.84%,0.074731,2026-08-26
OKTA,134.42,2026-08-28,2,Put,115.00,-14.45%,0.7,0.85,1.01,1141,410,2.78,68.61%,172.93%,-0.099484,2026-08-26
SNDK,1499.37,2026-08-28,2,Put,"1,450.00",-3.29%,19.8,20.4,20.6,2995,1085,2.76,75.90%,92.44%,-0.299399,2026-08-26
SNDK,1499.37,2026-08-28,2,Call,"1,650.00",-10.05%,5,5.2,5.3,4003,1449,2.76,75.90%,98.72%,0.101886,2026-08-26
SMCI,37.39,2026-08-28,2,Put,37.50,+0.29%,0.98,1.04,1.05,2249,819,2.75,71.73%,87.06%,-0.504337,2026-08-26
GOOGL,342,2026-08-31,5,Put,335.00,-2.05%,1.23,1.4,1.49,909,333,2.73,27.96%,24.96%,-0.230707,2026-08-26
META,576.14,2026-08-28,2,Call,572.50,+0.63%,9.8,10.43,10.25,2054,752,2.73,35.84%,47.27%,0.580725,2026-08-26
KSS,17.94,2026-12-18,114,Put,12.00,-33.11%,0.1,0.4,0.57,501,184,2.72,56.85%,64.26%,-0.094738,2026-08-26
TSLA,345.82,2026-08-31,5,Put,332.50,-3.85%,1.43,1.46,1.47,519,191,2.72,40.40%,37.22%,-0.175189,2026-08-26
BBY,87.44,2026-08-28,2,Put,80.00,-8.51%,0.95,0.95,1.05,659,243,2.71,51.25%,143.54%,-0.186737,2026-08-26
SNDK,1499.37,2026-08-28,2,Call,"1,550.00",-3.38%,20.9,21.38,21.5,2720,1002,2.71,75.90%,92.45%,0.326998,2026-08-26
MSFT,496.37,2026-08-28,2,Call,497.50,-0.23%,3.75,3.85,4.2,3581,1323,2.71,24.87%,30.54%,0.467196,2026-08-26
FLO,7.17,2027-04-16,233,Call,7.50,-4.60%,0.65,0.8,0.95,551,204,2.7,49.02%,44.13%,0.489466,2026-08-26
MRNA,149.66,2026-08-28,2,Put,149.00,-0.44%,4.35,4.3,4.6,737,273,2.7,79.80%,109.13%,-0.461304,2026-08-26
TSLA,345.82,2026-08-28,2,Put,330.00,-4.57%,0.52,0.55,0.54,11988,4463,2.69,40.40%,48.23%,-0.091017,2026-08-26
INTU,345.88,2026-08-28,2,Call,360.00,-4.08%,1.3,2,2.25,1675,624,2.68,45.97%,62.77%,0.201731,2026-08-26
BJ,93.33,2026-09-18,23,Put,90.00,-3.57%,1.05,1.2,1.4,989,371,2.67,27.93%,28.53%,-0.2842,2026-08-26
LINC,25.61,2026-09-18,23,Call,30.00,-17.14%,0.15,0.15,0.35,1679,630,2.67,55.84%,55.25%,0.145358,2026-08-26
CRCL,89.91,2026-08-28,2,Put,88.00,-2.12%,1.48,1.55,1.63,3172,1190,2.67,80.60%,91.23%,-0.361557,2026-08-26
CRM,205.62,2026-08-28,2,Call,205.00,+0.30%,7.6,7.8,8.5,3499,1310,2.67,48.61%,127.40%,0.532171,2026-08-26
SPCX,139.63,2026-08-28,2,Call,137.00,+1.88%,4.1,4.24,4.25,11186,4191,2.67,54.51%,64.55%,0.664966,2026-08-26
PLTR,177.5,2026-08-28,2,Call,175.00,+1.41%,4.55,4.65,4.65,27938,10467,2.67,47.80%,60.97%,0.633562,2026-08-26
MRNA,149.66,2026-09-04,9,Call,170.00,-13.59%,2.3,2.64,2.84,519,195,2.66,79.80%,94.29%,0.217479,2026-08-26
SNOW,315.37,2026-11-20,86,Put,290.00,-8.04%,21,21.7,22.6,901,339,2.66,69.69%,58.15%,-0.321617,2026-08-26
META,576.14,2026-09-04,9,Put,590.00,+2.41%,20.85,19.85,22.45,1325,498,2.66,35.84%,38.07%,-0.640278,2026-08-26
META,576.14,2026-09-25,30,Call,650.00,-12.82%,4.5,4.65,4.85,1925,725,2.66,35.84%,37.86%,0.151059,2026-08-26
NVDA,209.66,2026-08-31,5,Call,230.00,-9.70%,1.16,1.17,1.2,16235,6098,2.66,41.74%,70.11%,0.139565,2026-08-26
NVDA,209.66,2026-11-20,86,Put,85.00,-59.46%,0,0.11,0.26,545,206,2.65,41.74%,77.73%,-0.004656,2026-08-26
CRWD,189.18,2026-09-04,9,Call,210.00,-11.01%,3.4,3.57,3.7,890,336,2.65,62.43%,87.34%,0.246276,2026-08-26
KMB,110.34,2026-10-16,51,Put,100.00,-9.37%,0.7,0.8,0.85,996,376,2.65,22.73%,25.26%,-0.139769,2026-08-26
TSLA,345.82,2026-08-28,2,Call,335.00,+3.13%,11.8,11.92,12.6,4396,1656,2.65,40.40%,49.47%,0.813788,2026-08-26
META,576.14,2026-08-31,5,Call,570.00,+1.07%,12.6,14.3,14,1242,471,2.64,35.84%,36.53%,0.611176,2026-08-26
MU,938.4,2026-08-31,5,Call,930.00,+0.90%,29.85,31.5,31.95,584,222,2.63,64.29%,60.18%,0.567427,2026-08-26
MCD,266.93,2027-03-19,205,Call,460.00,-72.33%,0.07,0.12,0.16,1268,483,2.63,19.67%,27.88%,0.006721,2026-08-26
KO,90.08,2026-08-28,2,Put,90.00,-0.09%,0.45,0.51,0.51,6172,2351,2.63,18.39%,19.63%,-0.471059,2026-08-26
TSLA,345.82,2026-09-02,7,Put,340.00,-1.68%,4.3,4.83,4.9,799,305,2.62,40.40%,38.12%,-0.359766,2026-08-26
DELL,463.82,2026-08-28,2,Put,450.00,-2.98%,4.55,4.76,4.8,1330,507,2.62,77.42%,75.19%,-0.282965,2026-08-26
SMCI,37.39,2028-01-21,513,Call,95.00,-154.08%,5.2,5.6,5.65,1940,741,2.62,71.73%,83.03%,0.345589,2026-08-26
MSTR,123.19,2027-01-15,142,Call,440.00,-257.17%,0.51,0.78,1.01,2014,770,2.62,69.81%,94.24%,0.032437,2026-08-26
ORCL,148.87,2026-08-28,2,Put,148.00,-0.58%,2.34,2.39,2.43,3191,1216,2.62,69.81%,64.03%,-0.440513,2026-08-26
SPCX,139.63,2026-08-28,2,Call,138.00,+1.17%,3.5,3.51,3.65,14566,5591,2.61,54.51%,65.02%,0.607272,2026-08-26
ENPH,38.42,2026-08-28,2,Call,39.00,-1.51%,0.61,0.7,0.79,922,355,2.6,67.53%,84.11%,0.417438,2026-08-26
CORZ,17.42,2026-10-16,51,Call,22.00,-26.29%,0.59,0.6,0.62,3133,1203,2.6,70.43%,73.39%,0.243556,2026-08-26
AMZN,260.28,2026-08-28,2,Call,260.00,+0.11%,2.55,2.55,2.7,17873,6866,2.6,28.99%,31.97%,0.526203,2026-08-26
VZ,50.19,2027-04-16,233,Call,52.50,-4.60%,2.39,2.75,3.4,503,194,2.59,21.33%,25.65%,0.42822,2026-08-26
UBER,78.49,2026-09-18,23,Call,82.00,-4.47%,1.32,1.5,1.76,541,209,2.59,34.55%,36.20%,0.340561,2026-08-26
OKTA,134.42,2026-08-28,2,Put,100.00,-25.61%,0.07,0.16,0.34,714,276,2.59,68.61%,211.44%,-0.024462,2026-08-26
NOW,125.8,2026-08-28,2,Call,126.00,-0.16%,2.51,2.54,2.66,754,291,2.59,53.01%,71.87%,0.50019,2026-08-26
MSTR,123.19,2026-08-28,2,Call,127.00,-3.09%,1.53,1.7,1.75,7703,2977,2.59,69.81%,86.13%,0.328945,2026-08-26
AMZN,260.28,2026-09-18,23,Call,282.50,-8.54%,1.29,1.3,1.44,582,226,2.58,28.99%,28.97%,0.144884,2026-08-26
GS,1040.46,2026-08-28,2,Put,"1,000.00",-3.89%,0.86,1.07,1.15,955,370,2.58,31.49%,37.85%,-0.075915,2026-08-26
BA,212.09,2026-09-04,9,Call,215.00,-1.37%,2.45,2.75,2.87,1393,540,2.58,29.12%,29.54%,0.392722,2026-08-26
ANET,202.25,2026-08-28,2,Call,205.00,-1.36%,2.18,2.38,2.75,1576,612,2.58,50.13%,60.90%,0.392549,2026-08-26
META,576.14,2026-08-28,2,Put,555.00,-3.67%,1.35,1.41,1.48,2052,794,2.58,35.84%,47.09%,-0.136861,2026-08-26
NVDA,209.66,2026-08-31,5,Put,207.50,-1.03%,5.2,5.33,5.35,2149,832,2.58,41.74%,65.05%,-0.429017,2026-08-26
AVGO,355.59,2026-09-04,9,Put,335.00,-5.79%,6.85,7.2,7.4,2777,1078,2.58,51.40%,70.98%,-0.275367,2026-08-26
ASST,21.5,2026-08-28,2,Put,20.00,-6.98%,0.21,0.25,0.27,3088,1198,2.58,101.35%,125.62%,-0.204325,2026-08-26
SPCX,139.63,2026-08-28,2,Put,135.00,-3.32%,0.92,0.92,0.94,25926,10044,2.58,54.51%,64.80%,-0.232468,2026-08-26
BE,218.21,2026-09-04,9,Put,145.00,-33.55%,0.02,0.12,0.33,851,331,2.57,87.75%,119.89%,-0.011621,2026-08-26
IREN,39.58,2026-08-28,2,Call,40.00,-1.06%,1.98,2.01,2,6960,2708,2.57,95.80%,186.54%,0.497616,2026-08-26
NVDA,209.66,2026-08-28,2,Call,210.00,-0.16%,6.15,6.25,6.3,61619,23962,2.57,41.74%,102.93%,0.507604,2026-08-26
NVDA,209.66,2026-09-02,7,Call,245.00,-16.86%,0.4,0.42,0.55,1207,472,2.56,41.74%,68.99%,0.057466,2026-08-26
DKS,129.66,2026-09-18,23,Call,175.00,-34.97%,0.1,0.15,0.25,1416,554,2.56,44.43%,58.93%,0.025312,2026-08-26
SNDK,1499.37,2026-08-28,2,Call,"1,600.00",-6.71%,10.3,10.33,10.5,5858,2286,2.56,75.90%,94.59%,0.186745,2026-08-26
MU,938.4,2027-02-19,177,Call,830.00,+11.55%,226.15,224.41,233.3,584,229,2.55,64.29%,66.63%,0.70386,2026-08-26
SNDK,1499.37,2026-08-28,2,Call,"1,485.00",+0.96%,47.8,48.4,48.6,802,315,2.55,75.90%,91.82%,0.570885,2026-08-26
CRCL,89.91,2026-08-28,2,Put,85.00,-5.46%,0.61,0.66,0.72,3790,1488,2.55,80.60%,91.09%,-0.192344,2026-08-26
CRM,205.62,2026-08-28,2,Put,205.00,-0.30%,6.6,7.1,7.1,1947,768,2.54,48.61%,118.30%,-0.468217,2026-08-26
NKE,38.59,2026-12-18,114,Put,27.50,-28.74%,0.25,0.31,0.34,2165,853,2.54,36.94%,43.60%,-0.064959,2026-08-26
META,576.14,2026-08-28,2,Put,542.50,-5.84%,0.37,0.41,0.47,961,380,2.53,35.84%,49.35%,-0.047477,2026-08-26
KSS,17.94,2026-08-28,2,Call,17.00,+5.24%,0.86,1.01,1.21,502,199,2.52,56.85%,77.72%,0.832653,2026-08-26
UBER,78.49,2027-12-17,478,Call,120.00,-52.89%,4.5,5.43,6.05,540,214,2.52,34.55%,40.84%,0.287405,2026-08-26
GRRR,15.45,2026-08-28,2,Call,17.00,-10.03%,0.1,0.15,0.15,765,304,2.52,95.78%,127.60%,0.167775,2026-08-26
AVGO,355.59,2026-08-28,2,Call,360.00,-1.24%,3.05,3.6,4,6184,2457,2.52,51.40%,51.36%,0.381675,2026-08-26
AMZN,260.28,2026-09-11,16,Call,275.00,-5.66%,1.46,1.6,1.6,5906,2356,2.51,28.99%,27.92%,0.188173,2026-08-26
MU,938.4,2027-06-17,295,Call,"1,780.00",-89.68%,66.1,69.66,72.2,563,225,2.5,64.29%,70.13%,0.257701,2026-08-26
USAR,18.92,2026-09-04,9,Call,21.50,-13.64%,0.29,0.31,0.38,681,272,2.5,89.08%,95.61%,0.220496,2026-08-26
GOOGL,342,2026-09-04,9,Call,342.50,-0.15%,5.65,6,6,827,331,2.5,27.96%,27.68%,0.502864,2026-08-26
CVNA,73.95,2026-08-28,2,Call,72.00,+2.64%,2.41,2.36,2.73,1857,744,2.5,55.87%,63.57%,0.724324,2026-08-26
CRWD,189.18,2026-08-28,2,Put,175.00,-7.50%,2.35,2.39,2.5,4053,1623,2.5,62.43%,139.23%,-0.209169,2026-08-26
AAPL,313.45,2026-10-02,37,Call,340.00,-8.47%,2.04,2.4,2.24,1075,432,2.49,24.83%,24.57%,0.169307,2026-08-26
AMZN,260.28,2026-08-28,2,Call,257.50,+1.07%,3.95,4.04,4.3,4011,1614,2.49,28.99%,32.10%,0.681608,2026-08-26
INTC,88.24,2026-10-02,37,Call,95.00,-7.66%,4.15,4.15,4.5,587,237,2.48,60.18%,61.18%,0.395179,2026-08-26
SNDK,1499.37,2026-08-28,2,Put,"1,470.00",-1.96%,26.8,26.5,27.7,909,367,2.48,75.90%,92.06%,-0.371861,2026-08-26
CIFR,16.02,2026-11-20,86,Call,35.00,-118.48%,0.29,0.4,0.65,1228,495,2.48,102.15%,114.04%,0.131507,2026-08-26
AMD,480.93,2026-08-28,2,Call,490.00,-1.89%,6.1,6.05,6.45,3659,1476,2.48,54.07%,70.72%,0.371837,2026-08-26
NVDA,209.66,2026-09-02,7,Call,222.50,-6.12%,2.62,2.7,2.83,1331,539,2.47,41.74%,62.12%,0.260728,2026-08-26
CRWD,189.18,2026-08-28,2,Call,200.00,-5.72%,3.9,3.95,4.05,7222,2922,2.47,62.43%,144.07%,0.320453,2026-08-26
AMZN,260.28,2026-08-31,5,Put,252.50,-2.99%,0.61,0.63,0.7,525,213,2.46,28.99%,26.28%,-0.154664,2026-08-26
SKHY,158.02,2026-08-28,2,Call,135.00,+14.57%,22.1,23.37,27.4,838,340,2.46,72.21%,204.70%,0.867846,2026-08-26
BMNR,24.91,2026-09-11,16,Call,25.00,-0.36%,1.54,1.62,1.66,1629,662,2.46,78.78%,78.16%,0.527495,2026-08-26
BKD,12.2,2026-10-16,51,Put,12.00,-1.64%,0.55,0.55,0.6,500,204,2.45,46.97%,35.63%,-0.436738,2026-08-26
CLF,11.54,2026-09-18,23,Put,11.50,-0.35%,0.6,0.61,0.83,810,330,2.45,63.85%,64.29%,-0.456916,2026-08-26
AVGO,355.59,2026-08-28,2,Put,352.50,-0.87%,3.25,4.07,4.25,969,396,2.45,51.40%,49.45%,-0.397242,2026-08-26
SPCX,139.63,2026-08-28,2,Call,140.00,-0.26%,2.52,2.55,2.57,38893,15868,2.45,54.51%,65.72%,0.489629,2026-08-26
CRWD,189.18,2026-09-04,9,Call,230.00,-21.58%,0.85,0.94,1.05,501,205,2.44,62.43%,86.15%,0.08532,2026-08-26
XOM,158.19,2026-09-04,9,Call,160.00,-1.14%,1.82,2,2.23,603,247,2.44,27.79%,28.33%,0.409688,2026-08-26
AAPL,313.45,2026-09-18,23,Call,317.50,-1.29%,6.2,6.4,6.55,762,312,2.44,24.83%,25.22%,0.444849,2026-08-26
XOM,158.19,2026-08-28,2,Call,162.50,-2.72%,0.22,0.22,0.27,1794,735,2.44,27.79%,32.03%,0.13141,2026-08-26
TSLA,345.82,2026-08-28,2,Put,355.00,+2.65%,10.65,10.84,11.05,7269,2980,2.44,40.40%,48.58%,-0.760424,2026-08-26
PLTR,177.5,2026-08-28,2,Call,177.50,0.00%,3.15,3.15,3.25,21210,8691,2.44,47.80%,60.73%,0.51073,2026-08-26
EOSE,3.34,2027-10-15,415,Call,4.00,-19.76%,1.18,1.41,1.51,501,206,2.43,93.39%,109.36%,0.680084,2026-08-26
VEEV,244.91,2026-09-18,23,Put,230.00,-6.09%,7.3,7.9,8.8,919,378,2.43,55.12%,60.94%,-0.308598,2026-08-26
NVDA,209.66,2026-09-04,9,Put,222.50,+6.12%,12.5,15.45,17.4,1025,421,2.43,41.74%,50.24%,-0.761054,2026-08-26
VSH,30.66,2026-10-16,51,Call,40.00,-30.46%,0.75,0.8,0.95,2151,885,2.43,69.00%,73.08%,0.204435,2026-08-26
META,576.14,2026-08-31,5,Put,570.00,-1.07%,6.35,6.25,7,523,216,2.42,35.84%,35.60%,-0.387011,2026-08-26
NBIS,213.93,2026-08-28,2,Call,217.50,-1.67%,5,5.25,5.4,624,258,2.42,89.47%,107.09%,0.433812,2026-08-26
MRVL,245.11,2026-09-04,9,Call,252.50,-3.01%,12.7,12.8,12.8,698,288,2.42,80.40%,103.35%,0.461526,2026-08-26
SPCX,139.63,2026-09-04,9,Call,136.00,+2.60%,6.75,6.87,7,779,322,2.42,54.51%,55.25%,0.639586,2026-08-26
NOW,125.8,2026-09-04,9,Put,115.00,-8.59%,0.68,0.92,0.95,1376,569,2.42,53.01%,55.64%,-0.13997,2026-08-26
LITE,939.03,2026-08-28,2,Call,"1,100.00",-17.14%,0.6,0.73,0.85,1716,708,2.42,79.06%,107.77%,0.026143,2026-08-26
BMNR,24.91,2026-09-04,9,Call,26.00,-4.38%,0.83,0.88,0.93,2169,897,2.42,78.78%,84.59%,0.401431,2026-08-26
META,576.14,2026-08-28,2,Call,615.00,-6.74%,0.5,0.58,0.57,2225,923,2.41,35.84%,54.38%,0.055135,2026-08-26
TSLA,345.82,2027-09-17,387,Put,410.00,+18.56%,98.6,99,100.7,2483,1031,2.41,40.40%,47.12%,-0.532503,2026-08-26
ARM,251.06,2026-08-28,2,Call,255.00,-1.57%,4.6,4.97,5.15,741,309,2.4,67.63%,88.88%,0.420429,2026-08-26
NTNX,65.39,2026-09-18,23,Put,57.50,-12.07%,1.2,1.45,1.6,853,355,2.4,64.53%,69.48%,-0.201533,2026-08-26
MU,938.4,2026-08-28,2,Put,935.00,-0.36%,19.95,20.5,22.25,1830,761,2.4,64.29%,82.58%,-0.463114,2026-08-26
PLTR,177.5,2026-08-28,2,Put,172.50,-2.82%,1.22,1.23,1.26,11402,4755,2.4,47.80%,60.66%,-0.253725,2026-08-26
TSM,417.69,2026-09-25,30,Put,385.00,-7.83%,4.2,4.45,4.5,529,221,2.39,34.63%,34.41%,-0.184613,2026-08-26
WFC,85.23,2026-09-04,9,Call,87.00,-2.08%,0.46,0.55,0.64,587,246,2.39,24.64%,22.78%,0.292281,2026-08-26
HPQ,30.52,2026-08-28,2,Call,32.00,-4.85%,0.75,0.78,0.9,1397,585,2.39,56.12%,156.81%,0.363072,2026-08-26
MSFT,496.37,2027-06-17,295,Call,610.00,-22.89%,22.55,23,24.6,1507,631,2.39,24.87%,31.09%,0.305432,2026-08-26
CRM,205.62,2026-09-04,9,Put,190.00,-7.60%,2.5,2.68,2.82,3867,1617,2.39,48.61%,66.66%,-0.208056,2026-08-26
MU,938.4,2026-08-28,2,Call,932.50,+0.63%,23.9,25.05,26.15,577,242,2.38,64.29%,79.12%,0.555799,2026-08-26
ECHO,85.61,2026-09-18,23,Call,85.00,+0.71%,2.15,4,6.1,941,396,2.38,44.45%,43.49%,0.556085,2026-08-26
QBTS,17.51,2026-09-11,16,Call,20.00,-14.22%,0.07,0.35,0.56,721,304,2.37,75.77%,73.61%,0.219042,2026-08-26
SNDK,1499.37,2026-08-28,2,Call,"1,620.00",-8.05%,7.7,8.1,8,965,407,2.37,75.90%,96.17%,0.147148,2026-08-26
SEDG,33.08,2026-08-28,2,Call,35.00,-5.80%,0.07,0.25,0.28,1383,584,2.37,82.97%,78.48%,0.173914,2026-08-26
NKE,38.59,2026-11-20,86,Call,37.50,+2.82%,3.55,3.65,3.8,1388,585,2.37,36.94%,42.79%,0.589856,2026-08-26
CCJ,107.36,2026-08-28,2,Call,110.00,-2.46%,0.61,0.6,0.92,2395,1010,2.37,46.58%,55.37%,0.284912,2026-08-26
UBER,78.49,2026-08-28,2,Put,78.00,-0.62%,0.64,0.64,0.69,2956,1249,2.37,34.55%,38.72%,-0.405657,2026-08-26
NKE,38.59,2026-08-28,2,Put,38.50,-0.23%,0.32,0.33,0.33,6407,2703,2.37,36.94%,32.31%,-0.456747,2026-08-26
MSTR,123.19,2026-09-04,9,Call,130.00,-5.53%,3,3.12,3.25,6525,2749,2.37,69.81%,74.18%,0.346023,2026-08-26
SPCX,139.63,2026-09-04,9,Put,137.00,-1.88%,3.5,3.55,3.6,834,353,2.36,54.51%,55.39%,-0.39331,2026-08-26
AMD,480.93,2026-08-28,2,Put,472.50,-1.75%,5.95,6.15,6.35,872,370,2.36,54.07%,69.82%,-0.355173,2026-08-26
CSCO,112.36,2026-10-02,37,Call,117.00,-4.13%,2.28,2.65,2.99,570,243,2.35,29.54%,30.89%,0.36661,2026-08-26
SNDK,1499.37,2026-08-28,2,Call,"1,520.00",-1.38%,31.2,32.03,32.1,648,276,2.35,75.90%,92.03%,0.435003,2026-08-26
RIVN,16.33,2026-09-04,9,Put,15.00,-8.14%,0.09,0.14,0.12,2906,1235,2.35,56.56%,53.48%,-0.143807,2026-08-26
MU,938.4,2026-08-28,2,Put,930.00,-0.90%,17.45,18.2,20.6,3873,1648,2.35,64.29%,83.59%,-0.428994,2026-08-26
NCLH,17.09,2026-09-04,9,Put,17.00,-0.53%,0.31,0.4,0.47,876,375,2.34,42.46%,41.21%,-0.450226,2026-08-26
OKLO,41.6,2026-08-28,2,Put,42.00,+0.96%,1.29,1.35,1.45,1226,525,2.34,78.85%,94.26%,-0.539839,2026-08-26
FCX,79,2026-10-16,51,Call,100.00,-26.58%,0.99,1.03,1.16,2033,870,2.34,49.71%,53.44%,0.144498,2026-08-26
AMZN,260.28,2026-08-28,2,Call,255.00,+2.03%,5.75,6.29,6.2,3640,1556,2.34,28.99%,32.02%,0.811892,2026-08-26
NVDA,209.66,2026-09-18,23,Call,212.50,-1.35%,7.9,7.93,8.25,2459,1057,2.33,41.74%,43.76%,0.480124,2026-08-26
CRM,205.62,2026-08-28,2,Put,185.00,-10.03%,1.05,1.07,1.09,2866,1230,2.33,48.61%,122.82%,-0.113243,2026-08-26
TEM,68.48,2026-09-18,23,Put,60.00,-12.38%,1.46,1.58,1.66,2930,1259,2.33,75.26%,72.56%,-0.203821,2026-08-26
SPCX,139.63,2028-12-15,842,Call,240.00,-71.88%,28.7,29.74,30.75,587,253,2.32,54.51%,59.20%,0.482063,2026-08-26
AMD,480.93,2026-09-04,9,Call,485.00,-0.85%,15.55,15.83,17.85,604,260,2.32,54.07%,61.07%,0.487791,2026-08-26
NVDA,209.66,2026-08-31,5,Call,247.50,-18.05%,0.23,0.24,0.26,630,272,2.32,41.74%,75.84%,0.034379,2026-08-26
WMT,104.34,2026-08-28,2,Call,105.00,-0.63%,0.48,0.48,0.5,13695,5892,2.32,22.17%,24.91%,0.372618,2026-08-26
TSLA,345.82,2026-08-28,2,Call,360.00,-4.10%,0.92,0.93,0.95,23561,10154,2.32,40.40%,50.06%,0.144439,2026-08-26
DELL,463.82,2026-08-28,2,Put,465.00,+0.25%,10.8,10.4,11,759,328,2.31,77.42%,75.38%,-0.506047,2026-08-26
SNDK,1499.37,2026-08-28,2,Call,"1,630.00",-8.71%,6.6,6.82,7,823,357,2.31,75.90%,96.91%,0.130103,2026-08-26
MU,938.4,2026-08-28,2,Call,985.00,-4.97%,6.2,7,7.3,1314,570,2.31,64.29%,80.44%,0.217394,2026-08-26
AMD,480.93,2026-08-28,2,Put,485.00,+0.85%,11.7,11.99,12.3,1402,608,2.31,54.07%,69.29%,-0.553947,2026-08-26
JNJ,270,2026-08-28,2,Put,262.50,-2.78%,0.07,0.15,0.41,569,247,2.3,22.89%,28.65%,-0.089659,2026-08-26
BSX,48.17,2026-09-11,16,Put,47.00,-2.43%,0.85,0.87,1.05,655,285,2.3,38.08%,37.46%,-0.355777,2026-08-26
CRCL,89.91,2026-08-28,2,Put,80.00,-11.02%,0.11,0.13,0.14,4263,1855,2.3,80.60%,95.91%,-0.046186,2026-08-26
MU,938.4,2026-09-25,30,Put,950.00,+1.24%,72.05,73.8,76.1,767,335,2.29,64.29%,64.45%,-0.4848,2026-08-26
NVDA,209.66,2026-09-02,7,Call,212.50,-1.35%,5.55,5.8,6.5,1788,780,2.29,41.74%,62.65%,0.458246,2026-08-26
AMZN,260.28,2026-08-28,2,Call,240.00,+7.79%,19.95,20.7,20.8,3420,1494,2.29,28.99%,50.24%,0.986268,2026-08-26
ASST,21.5,2026-09-18,23,Call,23.00,-6.98%,1.42,1.61,1.81,563,247,2.28,101.35%,102.11%,0.449842,2026-08-26
NKE,38.59,2026-09-11,16,Call,40.00,-3.65%,0.39,0.41,0.42,4561,1997,2.28,36.94%,28.99%,0.285823,2026-08-26
META,576.14,2026-08-28,2,Call,622.50,-8.05%,0.3,0.41,0.42,528,233,2.27,35.84%,57.75%,0.037148,2026-08-26
META,576.14,2026-09-04,9,Call,565.00,+1.93%,19.8,21.05,21.55,624,275,2.27,35.84%,39.55%,0.639933,2026-08-26
SNDK,1499.37,2026-08-28,2,Put,"1,490.00",-0.62%,35.3,34.4,36.4,1368,603,2.27,75.90%,91.75%,-0.448791,2026-08-26
TXN,261.77,2026-09-18,23,Call,270.00,-3.14%,5.95,6.75,6.65,1875,826,2.27,37.53%,36.78%,0.389578,2026-08-26
ORCL,148.87,2026-08-28,2,Call,146.00,+1.93%,4.35,4.69,4.55,3744,1652,2.27,69.81%,63.63%,0.669828,2026-08-26
HIMS,29.83,2027-01-15,142,Call,36.00,-20.68%,3.4,4.05,4.75,503,223,2.26,68.94%,81.17%,0.464673,2026-08-26
UNH,401.01,2026-09-11,16,Call,415.00,-3.49%,3.55,3.9,4.4,599,265,2.26,29.41%,27.24%,0.286559,2026-08-26
ASX,37.26,2027-01-15,142,Put,32.50,-12.78%,2.6,3.1,3.9,625,277,2.26,52.90%,62.24%,-0.287982,2026-08-26
HPE,55.23,2026-08-28,2,Call,58.00,-5.02%,0.23,0.33,0.4,1008,447,2.26,74.87%,73.86%,0.19345,2026-08-26
CRM,205.62,2026-08-28,2,Call,240.00,-16.72%,0.36,0.38,0.38,3120,1378,2.26,48.61%,122.80%,0.049096,2026-08-26
S,20.51,2026-08-28,2,Put,19.00,-7.36%,0.45,0.5,0.5,3811,1689,2.26,66.42%,182.81%,-0.262986,2026-08-26
CRWD,189.18,2026-08-28,2,Put,177.50,-6.17%,2.92,3.03,3.15,721,321,2.25,62.43%,138.22%,-0.249572,2026-08-26
BABA,119.83,2026-09-04,9,Call,126.00,-5.15%,1.15,1.22,1.29,1888,839,2.25,41.33%,45.02%,0.249914,2026-08-26
TSLA,345.82,2026-09-04,9,Call,355.00,-2.65%,5.5,5.45,5.6,4271,1899,2.25,40.40%,42.48%,0.364655,2026-08-26
SPCX,139.63,2026-08-28,2,Put,134.00,-4.03%,0.7,0.7,0.72,5271,2338,2.25,54.51%,64.94%,-0.188336,2026-08-26
RGTI,15.94,2026-11-20,86,Put,13.00,-18.44%,1.02,1.06,1.28,539,241,2.24,78.42%,85.67%,-0.237029,2026-08-26
IBM,229.87,2026-11-20,86,Call,280.00,-21.81%,3.95,4.2,5.1,894,400,2.24,32.49%,41.72%,0.192584,2026-08-26
MU,938.4,2026-12-18,114,Put,840.00,-10.49%,81.75,83.4,84.55,1042,466,2.24,64.29%,66.21%,-0.305163,2026-08-26
ANET,202.25,2026-11-20,86,Put,160.00,-20.89%,5,5.25,5.35,1356,606,2.24,50.13%,57.00%,-0.155513,2026-08-26
HIMS,29.83,2026-08-28,2,Call,30.00,-0.57%,0.59,0.61,0.66,2596,1160,2.24,68.94%,79.71%,0.474702,2026-08-26
AMZN,260.28,2026-08-28,2,Call,230.00,+11.63%,29.9,29.11,30.75,699,314,2.23,28.99%,56.23%,0.998631,2026-08-26
MRNA,149.66,2026-10-16,51,Call,160.00,-6.91%,13.55,14.25,14.5,1563,702,2.23,79.80%,80.20%,0.477779,2026-08-26
MSFT,496.37,2026-08-28,2,Call,507.50,-2.24%,0.88,0.98,0.98,2101,942,2.23,24.87%,29.85%,0.162174,2026-08-26
PLTR,177.5,2026-08-28,2,Call,162.50,+8.45%,14.7,15.18,15.7,1502,678,2.22,47.80%,70.82%,0.956757,2026-08-26
CRWD,189.18,2026-09-04,9,Call,200.00,-5.72%,6.05,6.21,6.4,2148,967,2.22,62.43%,88.04%,0.371914,2026-08-26
SPCX,139.63,2026-08-28,2,Put,138.00,-1.17%,1.91,1.95,1.96,5074,2282,2.22,54.51%,65.43%,-0.393508,2026-08-26
SMR,9.27,2026-09-04,9,Call,10.00,-7.87%,0.24,0.25,0.26,7687,3458,2.22,82.65%,88.80%,0.320038,2026-08-26
META,576.14,2026-08-28,2,Call,585.00,-1.54%,4.35,4.52,4.65,13624,6140,2.22,35.84%,47.49%,0.340318,2026-08-26
RDDT,155.36,2026-08-28,2,Put,152.50,-1.84%,1.42,1.5,1.68,643,291,2.21,56.31%,60.65%,-0.329897,2026-08-26
DELL,463.82,2026-08-28,2,Call,495.00,-6.72%,1.87,1.88,2.03,828,375,2.21,77.42%,79.84%,0.14262,2026-08-26
CRCL,89.91,2026-08-28,2,Put,87.00,-3.24%,1.09,1.2,1.24,1094,494,2.21,80.60%,89.73%,-0.297625,2026-08-26
OKLO,41.6,2026-08-28,2,Call,47.00,-12.98%,0.08,0.11,0.14,1481,669,2.21,78.85%,110.85%,0.074373,2026-08-26
MSTR,123.19,2026-08-28,2,Call,131.00,-6.34%,0.77,0.9,0.89,2036,920,2.21,69.81%,90.43%,0.188905,2026-08-26
PLTR,177.5,2026-08-28,2,Call,182.50,-2.82%,1.31,1.32,1.34,15280,6924,2.21,47.80%,60.51%,0.276447,2026-08-26
ANET,202.25,2026-08-28,2,Put,190.00,-6.06%,0.37,0.45,0.39,715,325,2.2,50.13%,63.04%,-0.085944,2026-08-26
DELL,463.82,2026-08-28,2,Put,415.00,-10.53%,0.27,0.31,0.35,850,386,2.2,77.42%,80.36%,-0.028582,2026-08-26
EQT,54.79,2026-08-28,2,Call,56.00,-2.21%,0.06,0.2,0.31,872,396,2.2,29.44%,37.03%,0.218113,2026-08-26
ANET,202.25,2026-08-28,2,Call,210.00,-3.83%,0.91,1.01,1.2,1204,547,2.2,50.13%,60.80%,0.209358,2026-08-26
SPCX,139.63,2026-08-28,2,Call,136.00,+2.60%,4.75,4.9,4.95,7977,3631,2.2,54.51%,64.55%,0.718844,2026-08-26
ASST,21.5,2026-12-18,114,Call,22.00,-2.33%,4.5,4.68,5,625,286,2.19,101.35%,102.37%,0.60522,2026-08-26
AMZN,260.28,2026-09-04,9,Put,247.50,-4.91%,0.84,0.93,0.94,700,319,2.19,28.99%,30.53%,-0.137627,2026-08-26
GKOS,180.57,2026-09-18,23,Put,180.00,-0.32%,5.7,7.4,8.1,890,406,2.19,44.36%,40.80%,-0.460444,2026-08-26
DLTR,132.18,2026-09-18,23,Put,140.00,+5.92%,9.95,12,13.4,1044,476,2.19,49.82%,53.54%,-0.636933,2026-08-26
MU,938.4,2026-08-28,2,Call,935.00,+0.36%,23,23.5,24.7,2833,1296,2.19,64.29%,79.60%,0.537598,2026-08-26
TSLA,345.82,2026-08-28,2,Call,357.50,-3.38%,1.25,1.25,1.3,6150,2809,2.19,40.40%,49.27%,0.187477,2026-08-26
NU,15.17,2026-09-18,23,Call,16.50,-8.77%,0.13,0.13,0.14,802,368,2.18,37.04%,35.32%,0.189988,2026-08-26
DKS,129.66,2026-09-18,23,Call,120.00,+7.45%,10.2,11.5,12,886,406,2.18,44.43%,38.74%,0.799606,2026-08-26
QS,5.74,2026-08-28,2,Call,5.50,+4.18%,0.26,0.28,0.29,897,412,2.18,65.29%,70.53%,0.801824,2026-08-26
META,576.14,2026-10-16,51,Call,640.00,-11.08%,11.2,11.8,11.8,3793,1738,2.18,35.84%,37.11%,0.256131,2026-08-26
SNDK,1499.37,2026-08-28,2,Put,"1,500.00",+0.04%,40.4,40.8,41.3,5065,2319,2.18,75.90%,91.85%,-0.487953,2026-08-26
META,576.14,2026-08-28,2,Put,550.00,-4.54%,0.84,0.9,0.93,5207,2384,2.18,35.84%,47.95%,-0.091649,2026-08-26
SPCX,139.63,2026-09-04,9,Call,140.00,-0.26%,4.65,4.73,4.8,6835,3138,2.18,54.51%,55.38%,0.509308,2026-08-26
NEE,84.22,2026-09-18,23,Call,86.00,-2.11%,0.61,0.87,0.91,572,263,2.17,20.19%,17.27%,0.325539,2026-08-26
ABEO,6.01,2027-03-19,205,Put,8.00,+33.11%,2.35,2.35,2.6,715,330,2.17,76.26%,65.94%,-0.628698,2026-08-26
AKAM,108.06,2026-09-18,23,Call,115.00,-6.42%,2.6,2.9,2.9,2028,933,2.17,49.32%,48.90%,0.334643,2026-08-26
MSTR,123.19,2026-09-11,16,Call,165.00,-33.94%,0.45,0.55,0.67,640,296,2.16,69.81%,85.52%,0.06257,2026-08-26
ABT,114.1,2026-08-28,2,Put,114.00,-0.09%,0.6,0.8,1,915,423,2.16,25.32%,25.33%,-0.476183,2026-08-26
LULU,116.35,2027-03-19,205,Call,185.00,-59.00%,2.69,3.2,3.7,500,233,2.15,57.27%,50.19%,0.162218,2026-08-26
META,576.14,2026-08-31,5,Put,550.00,-4.54%,1.55,1.65,1.76,664,309,2.15,35.84%,36.46%,-0.13155,2026-08-26
AEO,17.59,2026-09-11,16,Call,17.50,+0.51%,1.37,1.46,1.77,672,312,2.15,75.28%,104.17%,0.552754,2026-08-26
TSLA,345.82,2026-08-28,2,Call,337.50,+2.41%,9.85,10.1,10.25,1364,634,2.15,40.40%,46.76%,0.766292,2026-08-26
LITE,939.03,2026-08-28,2,Put,870.00,-7.35%,4.5,5.1,4.8,577,269,2.14,79.06%,96.27%,-0.133566,2026-08-26
SNDK,1499.37,2026-08-28,2,Put,"1,475.00",-1.63%,28.9,28.6,29.7,701,327,2.14,75.90%,92.09%,-0.390887,2026-08-26
TSM,417.69,2026-08-28,2,Put,407.50,-2.44%,1.66,1.8,1.9,1855,866,2.14,34.63%,44.62%,-0.221017,2026-08-26
NVDA,209.66,2026-09-11,16,Call,220.00,-4.93%,4.3,4.4,4.5,10031,4693,2.14,41.74%,47.39%,0.336543,2026-08-26
ARM,251.06,2026-08-28,2,Call,275.00,-9.54%,0.79,0.92,1.03,610,287,2.13,67.63%,96.62%,0.108412,2026-08-26
INTC,88.24,2026-08-31,5,Put,84.00,-4.81%,0.71,0.8,0.81,864,405,2.13,60.18%,56.97%,-0.218401,2026-08-26
OKLO,41.6,2026-09-04,9,Call,45.00,-8.17%,0.89,1,1.12,1088,512,2.13,78.85%,85.16%,0.303613,2026-08-26
AMZN,260.28,2026-08-28,2,Call,220.00,+15.48%,39.8,39.45,41.7,1426,668,2.13,28.99%,133.35%,0.960343,2026-08-26
MRNA,149.66,2026-08-28,2,Call,185.00,-23.61%,0.15,0.15,0.46,1520,713,2.13,79.80%,161.53%,0.043498,2026-08-26
CRCL,89.91,2026-09-04,9,Call,90.00,-0.10%,4.35,4.71,4.8,1838,862,2.13,80.60%,81.37%,0.525139,2026-08-26
INTC,88.24,2026-08-28,2,Call,89.00,-0.86%,1.59,1.6,1.65,5569,2615,2.13,60.18%,75.30%,0.451042,2026-08-26
AFRM,76.46,2026-08-28,2,Put,65.00,-14.99%,0.4,0.44,0.52,688,324,2.12,68.69%,175.36%,-0.093859,2026-08-26
NVDA,209.66,2026-09-04,9,Put,217.50,+3.74%,11,12.2,13.55,1124,529,2.12,41.74%,58.60%,-0.635776,2026-08-26
TSLA,345.82,2027-09-17,387,Call,410.00,-18.56%,51.45,51.88,52.05,2513,1185,2.12,40.40%,48.57%,0.498267,2026-08-26
OKTA,134.42,2026-08-28,2,Put,101.00,-24.86%,0,0.14,0.3,556,263,2.11,68.61%,195.03%,-0.020019,2026-08-26
DELL,463.82,2026-08-28,2,Put,445.00,-4.06%,3.2,3.4,3.4,680,322,2.11,77.42%,74.87%,-0.218288,2026-08-26
AMD,480.93,2026-08-28,2,Put,490.00,+1.89%,14.65,15.04,15.7,1108,524,2.11,54.07%,70.12%,-0.6298,2026-08-26
AMZN,260.28,2026-08-28,2,Put,257.50,-1.07%,1.18,1.24,1.29,6325,2992,2.11,28.99%,31.22%,-0.314289,2026-08-26
SNDK,1499.37,2026-08-28,2,Call,"1,625.00",-8.38%,7.1,7.41,7.5,528,251,2.1,75.90%,96.51%,0.138322,2026-08-26
COIN,181.78,2026-09-11,16,Call,185.00,-1.77%,8.1,8.63,8.65,545,260,2.1,63.72%,63.87%,0.479042,2026-08-26
MRNA,149.66,2026-08-28,2,Call,149.00,+0.44%,4.7,5.1,5.5,666,317,2.1,79.80%,107.69%,0.538956,2026-08-26
T,25.87,2027-03-19,205,Call,32.00,-23.70%,0.14,0.4,0.42,840,400,2.1,23.19%,23.74%,0.130317,2026-08-26
META,576.14,2026-09-04,9,Call,575.00,+0.20%,14.45,14.95,15.25,1155,551,2.1,35.84%,38.95%,0.530298,2026-08-26
MO,69.12,2026-09-04,9,Call,70.00,-1.27%,0.52,0.63,0.69,1768,843,2.1,23.49%,22.89%,0.363626,2026-08-26
CRM,205.62,2026-08-28,2,Call,225.00,-9.43%,1.51,1.5,1.86,2451,1169,2.1,48.61%,123.40%,0.173906,2026-08-26
JBL,310.91,2026-08-28,2,Call,322.50,-3.73%,0.15,1.5,3.3,523,250,2.09,49.68%,61.38%,0.218082,2026-08-26
CRDO,226.49,2026-08-28,2,Call,230.00,-1.55%,4.6,4.9,5.5,889,425,2.09,92.13%,98.53%,0.431841,2026-08-26
AVGO,355.59,2026-09-25,30,Put,320.00,-10.01%,5.95,6.48,6.9,907,434,2.09,51.40%,50.40%,-0.206828,2026-08-26
PENN,17.85,2026-09-18,23,Call,17.00,+4.76%,0.95,1.05,1.85,1383,661,2.09,43.02%,50.85%,0.67869,2026-08-26
META,576.14,2026-08-28,2,Put,540.00,-6.27%,0.33,0.35,0.38,3944,1889,2.09,35.84%,50.69%,-0.04009,2026-08-26
CRWV,88.01,2026-08-28,2,Call,97.00,-10.21%,0.39,0.39,0.4,3990,1912,2.09,77.38%,107.43%,0.118833,2026-08-26
BKNG,208.89,2027-03-19,205,Put,190.00,-9.04%,11.1,12.4,14.6,501,241,2.08,32.52%,37.53%,-0.298253,2026-08-26
MDB,406.11,2026-12-18,114,Put,120.00,-70.45%,0.01,0.21,0.67,548,264,2.08,84.60%,93.22%,-0.004372,2026-08-26
AAPL,313.45,2026-08-31,5,Put,310.00,-1.10%,1.68,1.79,1.88,1283,616,2.08,24.83%,22.41%,-0.326394,2026-08-26
AMZN,260.28,2026-08-28,2,Put,262.50,+0.85%,3,3.6,3.75,2132,1026,2.08,28.99%,27.35%,-0.656443,2026-08-26
MSFT,496.37,2026-08-28,2,Call,500.00,-0.73%,2.72,2.83,2.99,13768,6612,2.08,24.87%,29.94%,0.378059,2026-08-26
PATH,16.76,2026-10-02,37,Call,6.00,+64.20%,9.9,10.85,12.95,620,299,2.07,81.88%,301.25%,0.939981,2026-08-26
BE,218.21,2026-08-28,2,Call,247.50,-13.42%,0.44,0.53,0.48,762,369,2.07,87.75%,108.00%,0.062634,2026-08-26
DELL,463.82,2026-08-28,2,Call,490.00,-5.64%,2.56,2.59,2.75,993,479,2.07,77.42%,79.40%,0.183503,2026-08-26
WMT,104.34,2026-09-11,16,Call,106.00,-1.59%,1.2,1.25,1.3,1287,623,2.07,22.17%,21.89%,0.383497,2026-08-26
TSLA,345.82,2026-09-02,7,Call,355.00,-2.65%,4.1,4.15,4.2,1681,811,2.07,40.40%,40.41%,0.334378,2026-08-26
TSLA,345.82,2027-03-19,205,Put,375.00,+8.44%,58.65,59.52,60.05,1774,856,2.07,40.40%,44.44%,-0.517424,2026-08-26
MP,59.31,2026-08-28,2,Call,63.00,-6.22%,0.26,0.32,0.37,2139,1034,2.07,66.81%,82.06%,0.168512,2026-08-26
KOD,39.33,2026-10-16,51,Call,70.00,-77.98%,1.5,2.35,2.75,2452,1182,2.07,115.50%,146.04%,0.219539,2026-08-26
JPM,356.5,2026-09-18,23,Put,355.00,-0.42%,5.6,6.2,6.6,2655,1284,2.07,22.23%,19.68%,-0.448106,2026-08-26
UBER,78.49,2026-09-25,30,Put,75.00,-4.45%,1.35,1.46,1.56,3523,1703,2.07,34.55%,33.56%,-0.291957,2026-08-26
AAPL,313.45,2026-08-28,2,Call,320.00,-2.09%,0.6,0.62,0.64,36715,17721,2.07,24.83%,29.06%,0.172973,2026-08-26
NVDA,209.66,2026-08-28,2,Put,210.00,+0.16%,6.15,6.2,6.3,50145,24261,2.07,41.74%,97.99%,-0.493658,2026-08-26
PLUG,2.17,2026-09-11,16,Call,2.00,+7.83%,0.2,0.23,0.23,622,302,2.06,73.13%,61.46%,0.761392,2026-08-26
DG,122.78,2026-08-28,2,Call,146.00,-18.91%,0.08,0.23,0.37,944,459,2.06,46.27%,134.89%,0.046106,2026-08-26
ECHO,85.61,2026-12-18,114,Call,95.00,-10.97%,4.3,6.25,8.2,532,260,2.05,44.45%,49.33%,0.422256,2026-08-26
AVGO,355.59,2026-08-28,2,Put,342.50,-3.68%,1.21,1.35,1.79,793,387,2.05,51.40%,57.01%,-0.180525,2026-08-26
LITE,939.03,2026-09-04,9,Call,"1,000.00",-6.49%,24.2,26,28.1,1142,557,2.05,79.06%,83.47%,0.341757,2026-08-26
NVDA,209.66,2026-09-04,9,Call,242.50,-15.66%,0.59,0.61,0.64,1464,714,2.05,41.74%,60.96%,0.071572,2026-08-26
META,576.14,2026-08-28,2,Put,535.00,-7.14%,0.22,0.26,0.26,1823,891,2.05,35.84%,52.79%,-0.027463,2026-08-26
NVDA,209.66,2026-09-04,9,Call,205.00,+2.22%,9.15,9.95,11.1,2926,1424,2.05,41.74%,57.56%,0.618794,2026-08-26
ORCL,148.87,2026-08-28,2,Call,155.00,-4.12%,0.87,0.9,0.91,11821,5761,2.05,69.81%,67.07%,0.216057,2026-08-26
CEG,279.52,2027-03-19,205,Put,300.00,+7.33%,45.2,45.5,47.3,564,277,2.04,41.51%,44.27%,-0.505598,2026-08-26
BMNR,24.91,2026-09-18,23,Put,23.00,-7.67%,0.85,1,1.06,1076,527,2.04,78.78%,73.70%,-0.2967,2026-08-26
MSTR,123.19,2026-09-04,9,Call,135.00,-9.59%,2,2.2,2.17,1548,760,2.04,69.81%,77.69%,0.247554,2026-08-26
KO,90.08,2026-09-04,9,Call,91.00,-1.02%,0.62,0.67,0.71,2232,1092,2.04,18.39%,18.54%,0.372943,2026-08-26
TSLA,345.82,2026-09-04,9,Put,340.00,-1.68%,6,6.25,6.25,2336,1145,2.04,40.40%,41.17%,-0.379619,2026-08-26
NKE,38.59,2026-08-28,2,Call,39.50,-2.36%,0.11,0.12,0.12,4661,2290,2.04,36.94%,36.73%,0.199101,2026-08-26
TSLA,345.82,2026-09-04,9,Put,337.50,-2.41%,5,5.3,5.3,530,262,2.02,40.40%,41.07%,-0.336622,2026-08-26
"Downloaded from Barchart.com as of 08-26-2026 07:49pm CDT"
