Symbol,Price~,"Exp Date",DTE,Type,Strike,Moneyness,Bid,Latest,Ask,Volume,"Open Int",Vol/OI,"Imp Vol",IV,Delta,Time
NVDA,230.36,2026-09-09,4,Put,232.50,+0.93%,3.85,4,4.05,24060,226,106.46,34.41%,28.91%,-0.611102,2026-09-04
SMCI,39.59,2026-09-11,6,Call,42.50,-7.35%,0.52,0.57,0.57,28997,284,102.1,73.04%,75.71%,0.249469,2026-09-04
PATH,15.19,2026-12-18,104,Put,15.00,-1.25%,1.81,2.17,2.17,29570,322,91.83,58.78%,67.60%,-0.406256,2026-09-04
IREN,44.68,2027-03-19,195,Put,40.00,-10.47%,8.35,8.57,8.85,14213,175,81.22,87.42%,92.47%,-0.300091,2026-09-04
SIRI,28.99,2026-09-11,6,Call,30.00,-3.48%,0.1,0.15,0.21,17688,241,73.39,26.05%,33.70%,0.220152,2026-09-04
DOW,29.44,2026-09-11,6,Put,29.00,-1.49%,0.32,0.23,0.39,26489,412,64.29,40.21%,36.50%,-0.366017,2026-09-04
INTC,95.8,2026-09-11,6,Call,107.00,-11.69%,0.46,0.46,0.51,19711,308,64,61.80%,70.10%,0.119063,2026-09-04
USAR,17.61,2026-10-16,41,Call,24.00,-36.29%,0.4,0.43,0.48,7220,113,63.89,80.81%,86.24%,0.180808,2026-09-04
NVDA,230.36,2026-10-02,27,Put,235.00,+2.01%,10.55,10.65,10.9,6603,105,62.89,34.41%,33.63%,-0.561286,2026-09-04
AMZN,258.51,2026-09-09,4,Call,247.50,+4.26%,10.6,11.63,11.7,7577,127,59.66,30.40%,20.57%,0.979845,2026-09-04
NVDA,230.36,2026-09-11,6,Call,252.50,-9.61%,0.15,0.16,0.17,43936,898,48.93,34.41%,38.92%,0.035668,2026-09-04
SMCI,39.59,2026-09-11,6,Call,40.50,-2.30%,1.01,1.09,1.15,20244,425,47.63,73.04%,72.36%,0.423796,2026-09-04
SKHY,177,2026-09-11,6,Call,195.00,-10.17%,1.26,1.32,1.35,10002,214,46.74,64.02%,71.81%,0.158787,2026-09-04
MSFT,499.7,2026-09-09,4,Call,505.00,-1.06%,2.1,2.22,2.25,5457,126,43.31,24.61%,20.31%,0.318934,2026-09-04
TSLA,354.08,2026-09-09,4,Call,352.50,+0.45%,5.95,6.05,6.1,22023,526,41.87,40.37%,34.70%,0.5605,2026-09-04
LULU,100.61,2026-09-11,6,Put,104.00,+3.37%,4.25,4.3,4.55,3876,101,38.38,41.44%,45.22%,-0.70427,2026-09-04
POET,7.92,2026-09-25,20,Call,8.50,-7.32%,0.39,0.41,0.42,22737,600,37.9,83.67%,84.78%,0.402481,2026-09-04
TSLA,354.08,2026-09-09,4,Call,347.50,+1.86%,9,9,9.15,4665,128,36.45,40.37%,34.25%,0.709608,2026-09-04
DAL,80.17,2026-09-11,6,Call,82.00,-2.28%,0.49,0.54,0.66,5938,163,36.43,38.25%,30.80%,0.294142,2026-09-04
AMZN,258.51,2026-09-09,4,Call,250.00,+3.29%,8.65,8.99,9.25,6883,191,36.04,30.40%,25.72%,0.898219,2026-09-04
HPQ,32.64,2026-09-11,6,Call,33.00,-1.10%,0.45,0.45,0.62,3980,111,35.86,46.01%,41.74%,0.429076,2026-09-04
MOS,25.85,2026-09-11,6,Put,24.00,-7.16%,0.1,0.13,0.15,10178,285,35.71,46.75%,54.05%,-0.134099,2026-09-04
CRWV,89.36,2026-09-18,13,Put,87.00,-2.64%,3.7,3.8,3.85,4315,127,33.98,76.04%,74.02%,-0.393925,2026-09-04
MSFT,499.7,2026-10-02,27,Call,565.00,-13.07%,0.54,0.61,0.71,5016,148,33.89,24.61%,25.62%,0.044806,2026-09-04
AI,10.46,2026-09-11,6,Call,11.00,-5.16%,0.1,0.13,0.13,45808,1423,32.19,60.75%,56.85%,0.259124,2026-09-04
PL,18.12,2026-11-20,76,Call,26.00,-43.49%,0.5,0.56,0.6,5889,184,32.01,69.89%,73.94%,0.189788,2026-09-04
ENPH,36.37,2026-09-11,6,Call,37.00,-1.73%,0.65,0.75,0.8,3099,104,29.8,62.10%,53.31%,0.417452,2026-09-04
TSLA,354.08,2026-09-09,4,Put,342.50,-3.27%,1.33,1.35,1.36,7999,275,29.09,40.37%,36.08%,-0.181736,2026-09-04
APLD,26.37,2026-09-11,6,Put,26.50,+0.49%,0.92,1.02,1.09,3520,124,28.39,83.75%,69.99%,-0.501877,2026-09-04
CIFR,17.74,2026-09-11,6,Put,18.00,+1.47%,0.99,1.05,1.27,12237,434,28.2,96.25%,109.50%,-0.512023,2026-09-04
AMD,477.57,2026-09-09,4,Call,475.00,+0.54%,9.95,10.17,10.45,7201,257,28.02,49.79%,44.01%,0.559147,2026-09-04
AMZN,258.51,2026-09-09,4,Put,270.00,+4.44%,11.35,11.6,12.35,2800,100,28,30.40%,32.49%,-0.89747,2026-09-04
TSLA,354.08,2026-09-09,4,Put,357.50,+0.97%,7.25,7.3,7.35,12469,452,27.59,40.37%,36.99%,-0.587635,2026-09-04
PL,18.12,2026-10-16,41,Call,20.00,-10.38%,1,1.05,1.1,8680,319,27.21,69.89%,71.33%,0.391266,2026-09-04
TSLA,354.08,2026-09-09,4,Call,397.50,-12.26%,0.25,0.26,0.26,7527,282,26.69,40.37%,58.08%,0.031065,2026-09-04
ARM,252.09,2026-09-11,6,Call,270.00,-7.10%,2.76,2.82,2.9,6204,239,25.96,64.23%,68.03%,0.230683,2026-09-04
AAPL,319.97,2026-09-11,6,Call,295.00,+7.80%,24.8,26.71,25.75,2591,100,25.91,25.16%,33.59%,0.972544,2026-09-04
TSLA,354.08,2026-09-09,4,Call,362.50,-2.38%,2.3,2.34,2.34,15686,608,25.8,40.37%,36.73%,0.280397,2026-09-04
META,616.77,2026-09-09,4,Call,612.50,+0.69%,10.1,10.2,10.25,4186,163,25.68,35.99%,30.10%,0.597812,2026-09-04
IREN,44.68,2027-03-19,195,Call,65.00,-45.48%,6.9,7.05,7.15,14126,558,25.32,87.42%,95.19%,0.43632,2026-09-04
TSLA,354.08,2026-09-09,4,Call,357.50,-0.97%,3.8,3.83,3.85,16261,649,25.06,40.37%,35.70%,0.409864,2026-09-04
NVDA,230.36,2026-09-09,4,Put,230.00,-0.16%,2.48,2.59,2.65,35698,1454,24.55,34.41%,28.88%,-0.469621,2026-09-04
MU,1016.59,2026-09-09,4,Call,995.00,+2.12%,33.25,34.3,36.4,3496,144,24.28,64.65%,52.68%,0.664204,2026-09-04
INTC,95.8,2026-09-09,4,Call,101.00,-5.43%,0.63,0.64,0.67,8028,331,24.25,61.80%,58.39%,0.203612,2026-09-04
NN,15.18,2026-09-11,6,Call,18.00,-18.58%,0.6,0.65,0.7,42755,1779,24.03,115.72%,201.15%,0.298224,2026-09-04
CIFR,17.74,2026-11-20,76,Call,28.00,-57.84%,0.73,0.95,1.2,4087,171,23.9,96.25%,104.36%,0.240653,2026-09-04
INTC,95.8,2026-09-09,4,Call,99.00,-3.34%,1.03,1.05,1.07,4757,204,23.32,61.80%,56.42%,0.301129,2026-09-04
TSLA,354.08,2026-09-09,4,Call,360.00,-1.67%,2.96,2.99,3,44099,1917,23,40.37%,36.11%,0.341158,2026-09-04
LULU,100.61,2026-09-11,6,Put,99.00,-1.60%,1.49,1.49,1.6,2576,112,23,41.44%,44.70%,-0.374864,2026-09-04
AMD,477.57,2026-09-09,4,Call,480.00,-0.51%,7.65,7.9,7.9,9267,411,22.55,49.79%,44.27%,0.469005,2026-09-04
SHEL,92.95,2026-09-11,6,Call,95.00,-2.21%,0.3,0.3,0.45,2296,103,22.29,22.66%,23.11%,0.23575,2026-09-04
TSLA,354.08,2026-09-09,4,Call,355.00,-0.26%,4.8,4.8,4.85,33017,1483,22.26,40.37%,35.16%,0.483532,2026-09-04
MU,1016.59,2026-09-09,4,Call,"1,030.00",-1.32%,15.45,16.58,17,5720,258,22.17,64.65%,51.79%,0.417826,2026-09-04
PURR,12.18,2026-09-11,6,Call,12.50,-2.63%,0.45,0.62,0.65,6633,307,21.61,99.96%,110.27%,0.456774,2026-09-04
EQT,55.17,2026-10-16,41,Put,50.00,-9.37%,0.21,0.45,0.46,14095,666,21.16,30.64%,27.53%,-0.12693,2026-09-04
TSLA,354.08,2026-09-09,4,Put,355.00,+0.26%,5.8,5.8,5.9,24512,1160,21.13,40.37%,36.77%,-0.516001,2026-09-04
TSLA,354.08,2026-09-09,4,Put,352.50,-0.45%,4.5,4.54,4.6,20937,992,21.11,40.37%,36.33%,-0.442279,2026-09-04
MU,1016.59,2026-09-09,4,Call,"1,100.00",-8.20%,2.66,2.75,2.87,8998,432,20.83,64.65%,56.91%,0.098984,2026-09-04
KR,58.59,2026-09-11,6,Call,60.00,-2.41%,0.94,1.12,1.19,9036,439,20.58,35.40%,55.15%,0.382685,2026-09-04
VST,149.3,2026-11-20,76,Call,195.00,-30.61%,2.15,2.39,2.54,2997,148,20.25,43.63%,49.43%,0.148393,2026-09-04
MARA,11.31,2026-09-11,6,Call,11.50,-1.68%,0.39,0.41,0.41,43655,2184,19.99,83.23%,83.40%,0.461445,2026-09-04
NVDA,230.36,2026-09-09,4,Put,235.00,+2.01%,5.55,5.75,5.8,5206,263,19.79,34.41%,29.01%,-0.737521,2026-09-04
KR,58.59,2026-09-11,6,Call,61.00,-4.11%,0.75,0.78,0.83,8896,452,19.68,35.40%,56.64%,0.302795,2026-09-04
NVDA,230.36,2026-09-11,6,Call,257.50,-11.78%,0.1,0.11,0.11,11795,600,19.66,34.41%,42.64%,0.022737,2026-09-04
MU,1016.59,2026-09-09,4,Call,"1,010.00",+0.65%,24.5,25.67,27.05,5499,282,19.5,64.65%,52.26%,0.560957,2026-09-04
CELH,30.66,2026-09-11,6,Put,30.50,-0.52%,0.87,0.9,1,4732,245,19.31,54.71%,65.29%,-0.456135,2026-09-04
WULF,16.51,2026-09-11,6,Call,17.50,-6.00%,0.32,0.33,0.38,11618,602,19.3,81.57%,87.29%,0.312065,2026-09-04
TSLA,354.08,2026-09-09,4,Call,367.50,-3.79%,1.37,1.39,1.4,6270,326,19.23,40.37%,38.10%,0.18327,2026-09-04
TSLA,354.08,2026-09-09,4,Call,345.00,+2.56%,10.8,10.87,11.1,3495,182,19.2,40.37%,34.68%,0.771773,2026-09-04
INTC,95.8,2026-09-11,6,Call,101.00,-5.43%,1.25,1.33,1.41,8719,462,18.87,61.80%,65.26%,0.279614,2026-09-04
NVDA,230.36,2026-09-11,6,Put,232.50,+0.93%,4.95,5.16,5.45,8519,453,18.81,34.41%,34.67%,-0.570255,2026-09-04
DAL,80.17,2026-09-11,6,Call,81.00,-1.04%,0.79,0.85,0.98,5828,310,18.8,38.25%,30.16%,0.406579,2026-09-04
SMCI,39.59,2026-09-11,6,Put,40.00,+1.04%,1.65,1.68,1.76,2557,136,18.8,73.04%,73.86%,-0.522557,2026-09-04
SKHY,177,2028-01-21,503,Call,175.00,+1.13%,55.15,57.53,58.8,2362,127,18.6,64.02%,65.19%,0.681029,2026-09-04
NVDA,230.36,2026-10-09,34,Put,230.00,-0.16%,8.95,9.12,9.3,2466,133,18.54,34.41%,34.33%,-0.464303,2026-09-04
IREN,44.68,2026-09-11,6,Call,46.50,-4.07%,1.16,1.2,1.26,8560,464,18.45,87.42%,84.92%,0.379477,2026-09-04
LULU,100.61,2026-09-18,13,Call,105.00,-4.36%,1.6,1.65,1.7,2710,147,18.44,41.44%,43.42%,0.321136,2026-09-04
DHT,20.87,2026-10-16,41,Call,23.00,-10.21%,0.4,0.48,0.5,10163,561,18.12,42.19%,44.10%,0.259993,2026-09-04
AAPL,319.97,2026-09-11,6,Call,322.50,-0.79%,3.55,3.65,3.75,11806,654,18.05,25.16%,28.83%,0.428556,2026-09-04
BBY,90.27,2026-09-18,13,Put,85.00,-5.84%,0.6,0.8,0.8,4355,251,17.35,34.99%,37.85%,-0.190431,2026-09-04
AMZN,258.51,2026-09-09,4,Put,262.50,+1.54%,4.9,5.24,5.35,5108,298,17.14,30.40%,25.21%,-0.711973,2026-09-04
TSLA,354.08,2026-09-09,4,Put,337.50,-4.68%,0.66,0.67,0.68,3529,206,17.13,40.37%,36.84%,-0.101629,2026-09-04
ON,74.38,2026-09-11,6,Call,75.00,-0.83%,1.43,1.56,1.82,2598,152,17.09,55.46%,49.73%,0.464548,2026-09-04
AMD,477.57,2026-09-09,4,Call,482.50,-1.03%,6.6,6.85,6.85,2099,123,17.07,49.79%,44.38%,0.424925,2026-09-04
GE,337.12,2027-01-15,132,Put,300.00,-11.01%,10.3,10.55,10.8,14718,862,17.07,29.14%,34.13%,-0.23552,2026-09-04
OXY,60.04,2026-09-11,6,Call,61.00,-1.60%,0.45,0.48,0.5,9235,547,16.88,30.95%,27.96%,0.338677,2026-09-04
VZ,50.14,2026-09-11,6,Put,49.00,-2.27%,0.14,0.16,0.17,7634,453,16.85,22.74%,21.36%,-0.199607,2026-09-04
XP,19.86,2026-11-20,76,Call,20.00,-0.70%,1.85,1.95,2.05,3263,197,16.56,47.09%,56.28%,0.536245,2026-09-04
APLD,26.37,2026-09-11,6,Put,25.50,-3.30%,0.53,0.56,0.59,3383,205,16.5,83.75%,70.63%,-0.336707,2026-09-04
AMZN,258.51,2026-09-09,4,Put,265.00,+2.51%,6,7.32,7.4,7579,464,16.33,30.40%,19.17%,-0.892296,2026-09-04
MSTR,142.8,2026-09-11,6,Call,146.00,-2.24%,4.25,4.4,4.4,5584,345,16.19,75.03%,77.88%,0.43405,2026-09-04
NVDA,230.36,2026-09-18,13,Put,232.50,+0.93%,6.8,6.97,7.05,4834,302,16.01,34.41%,34.00%,-0.539342,2026-09-04
BMNR,24.97,2026-10-16,41,Put,19.00,-23.91%,0.32,0.41,0.48,4043,253,15.98,76.42%,76.76%,-0.11414,2026-09-04
NFLX,78.25,2026-09-11,6,Call,79.00,-0.96%,0.96,0.99,0.99,11173,701,15.94,35.57%,32.25%,0.422436,2026-09-04
META,616.77,2026-09-09,4,Call,615.00,+0.29%,8.65,8.8,8.85,5416,344,15.74,35.99%,30.00%,0.54723,2026-09-04
CAMT,145.72,2027-01-15,132,Call,140.00,+3.93%,25.9,27.86,29.7,1642,105,15.64,71.50%,76.55%,0.606814,2026-09-04
TSLA,354.08,2026-09-09,4,Put,332.50,-6.09%,0.33,0.35,0.35,3660,236,15.51,40.37%,38.37%,-0.055387,2026-09-04
AXP,326.16,2026-09-11,6,Call,330.00,-1.18%,1.69,2.19,2.17,2332,152,15.34,22.98%,20.70%,0.339949,2026-09-04
AVNT,43.4,2026-09-18,13,Call,45.00,-3.69%,0.45,0.49,0.5,2388,156,15.31,38.71%,32.72%,0.291257,2026-09-04
NVDA,230.36,2026-10-09,34,Put,235.00,+2.01%,11.65,11.49,11.95,2674,177,15.11,34.41%,34.13%,-0.547469,2026-09-04
SMCI,39.59,2026-09-11,6,Call,42.00,-6.09%,0.63,0.63,0.67,15176,1008,15.06,73.04%,74.89%,0.287306,2026-09-04
MU,1016.59,2026-09-09,4,Call,"1,020.00",-0.34%,19.6,20.55,21.45,5990,401,14.94,64.65%,51.75%,0.489019,2026-09-04
MU,1016.59,2026-09-09,4,Put,940.00,-7.53%,2.21,2.25,2.42,4419,296,14.93,64.65%,55.59%,-0.083592,2026-09-04
TSLA,354.08,2026-09-09,4,Put,335.00,-5.39%,0.46,0.48,0.48,4679,315,14.85,40.37%,37.43%,-0.074539,2026-09-04
TSLA,354.08,2026-09-11,6,Call,357.50,-0.97%,5.6,5.65,5.7,11758,793,14.83,40.37%,39.25%,0.438788,2026-09-04
META,616.77,2026-09-09,4,Call,627.50,-1.74%,3.75,3.87,3.85,1490,101,14.75,35.99%,30.71%,0.305241,2026-09-04
T,25.68,2026-09-11,6,Call,25.00,+2.65%,0.72,0.78,0.87,5410,370,14.62,24.18%,27.72%,0.779491,2026-09-04
MSFT,499.7,2026-09-25,20,Call,555.00,-11.07%,0.42,0.44,0.48,5098,350,14.57,24.61%,24.72%,0.039419,2026-09-04
NKE,38.4,2026-09-11,6,Call,38.00,+1.04%,0.76,0.81,0.82,12235,855,14.31,41.86%,29.18%,0.616366,2026-09-04
POET,7.92,2026-10-02,27,Call,8.50,-7.32%,0.44,0.5,0.5,2403,170,14.14,83.67%,80.49%,0.420281,2026-09-04
CIFR,17.74,2026-09-11,6,Call,19.00,-7.10%,0.44,0.48,0.5,15455,1100,14.05,96.25%,103.28%,0.327242,2026-09-04
GOOGL,338.46,2026-09-11,6,Call,342.50,-1.19%,2.9,2.94,3.05,8187,596,13.74,28.49%,26.70%,0.377001,2026-09-04
AMZN,258.51,2026-09-09,4,Call,252.50,+2.32%,6.5,6.45,7.9,6891,511,13.49,30.40%,30.73%,0.776317,2026-09-04
DKNG,24.01,2026-09-11,6,Call,24.50,-2.04%,0.38,0.42,0.54,2957,221,13.38,50.59%,54.12%,0.402108,2026-09-04
CORZ,17.89,2026-09-11,6,Put,17.50,-2.18%,0.37,0.43,0.54,1952,146,13.37,69.85%,70.18%,-0.383781,2026-09-04
ADM,84.61,2026-10-16,41,Put,80.00,-5.45%,1.45,1.58,1.65,3298,247,13.35,32.00%,30.97%,-0.272432,2026-09-04
ORCL,158.78,2026-09-11,6,Call,177.50,-11.79%,3.45,3.5,3.6,9544,717,13.31,70.09%,119.65%,0.25864,2026-09-04
TSLA,354.08,2026-09-09,4,Call,350.00,+1.15%,7.4,7.45,7.5,16533,1250,13.23,40.37%,34.45%,0.637018,2026-09-04
TRIP,9.32,2028-01-21,503,Put,3.00,-67.81%,0.1,0.16,0.3,4900,371,13.21,46.93%,77.73%,-0.039791,2026-09-04
HIMS,27.71,2026-09-11,6,Call,28.50,-2.85%,0.55,0.57,0.6,5631,428,13.16,67.59%,63.33%,0.382723,2026-09-04
MU,1016.59,2026-09-09,4,Call,"1,060.00",-4.27%,7.05,8.1,8.1,1350,103,13.11,64.65%,52.94%,0.235798,2026-09-04
BE,252.87,2026-09-11,6,Call,350.00,-38.41%,0.41,0.46,0.46,1634,125,13.07,90.84%,127.77%,0.028809,2026-09-04
MU,1016.59,2026-09-09,4,Call,"1,080.00",-6.24%,4.3,4.5,4.65,1640,126,13.02,64.65%,54.44%,0.152334,2026-09-04
OXY,60.04,2026-09-11,6,Call,62.00,-3.26%,0.2,0.36,0.26,9532,736,12.95,30.95%,28.21%,0.194444,2026-09-04
VFC,13.45,2026-09-11,6,Put,13.00,-3.35%,0.08,0.12,0.13,1612,125,12.9,39.33%,40.47%,-0.246691,2026-09-04
AMD,477.57,2026-09-09,4,Call,492.50,-3.13%,3.65,3.6,3.75,1872,146,12.82,49.79%,45.74%,0.270693,2026-09-04
TSLA,354.08,2026-09-09,4,Put,347.50,-1.86%,2.56,2.59,2.6,9634,752,12.81,40.37%,35.97%,-0.299341,2026-09-04
SLS,13.86,2027-04-16,223,Call,30.00,-116.45%,4,4.4,4.8,2003,158,12.68,204.67%,172.94%,0.548777,2026-09-04
SMCI,39.59,2026-09-11,6,Call,43.00,-8.61%,0.44,0.49,0.48,9639,761,12.67,73.04%,76.79%,0.216524,2026-09-04
SMCI,39.59,2026-09-11,6,Put,39.00,-1.49%,1.14,1.15,1.17,1645,130,12.65,73.04%,71.68%,-0.414977,2026-09-04
META,616.77,2026-09-09,4,Put,605.00,-1.91%,3.2,3.29,3.3,2224,176,12.64,35.99%,30.66%,-0.265554,2026-09-04
AMAT,454.71,2026-09-11,6,Call,460.00,-1.16%,9.3,10,10.2,1781,142,12.54,53.35%,51.79%,0.446985,2026-09-04
MU,1016.59,2026-09-09,4,Call,"1,050.00",-3.29%,9.6,10.17,10.5,12115,971,12.48,64.65%,53.00%,0.291798,2026-09-04
MSFT,499.7,2026-09-09,4,Call,500.00,-0.06%,4,4.14,4.45,3076,248,12.4,24.61%,20.58%,0.499037,2026-09-04
LULU,100.61,2026-09-11,6,Put,95.00,-5.58%,0.47,0.48,0.5,3319,268,12.38,41.44%,45.62%,-0.153982,2026-09-04
AMAT,454.71,2027-03-19,195,Call,840.00,-84.73%,9.85,10.6,11.95,1793,145,12.37,53.35%,60.40%,0.129568,2026-09-04
AAPL,319.97,2026-09-09,4,Put,295.00,-7.80%,0.08,0.1,0.1,2041,165,12.37,25.16%,37.97%,-0.019112,2026-09-04
FIG,24.12,2026-09-11,6,Put,23.00,-4.64%,0.32,0.36,0.42,2351,191,12.31,70.48%,67.60%,-0.27491,2026-09-04
AAOI,105.53,2026-09-11,6,Call,110.00,-4.24%,2.7,2.85,3,7604,633,12.01,89.92%,85.89%,0.37588,2026-09-04
META,616.77,2026-09-09,4,Put,610.00,-1.10%,4.8,4.85,4.85,2737,228,12,35.99%,30.53%,-0.35533,2026-09-04
EYPT,4.58,2026-11-20,76,Put,2.50,-45.41%,0.45,0.75,1.1,5422,454,11.94,158.72%,275.42%,-0.132425,2026-09-04
SNOW,337.18,2026-09-11,6,Call,345.00,-2.32%,4.55,5,5,1730,145,11.93,43.58%,45.95%,0.363314,2026-09-04
SKHY,177,2026-09-18,13,Put,170.00,-3.95%,5.1,5.2,5.35,2533,213,11.89,64.02%,63.88%,-0.343068,2026-09-04
RARE,15.3,2028-01-21,503,Call,35.00,-128.76%,1.1,1.25,1.4,1983,167,11.87,59.42%,63.50%,0.253851,2026-09-04
TSLA,354.08,2026-09-18,13,Call,362.50,-2.38%,7.25,7.35,7.35,5787,489,11.83,40.37%,40.13%,0.399186,2026-09-04
AMD,477.57,2026-09-09,4,Call,485.00,-1.56%,5.75,5.7,5.9,3035,261,11.63,49.79%,44.71%,0.382853,2026-09-04
FIGR,35.96,2026-09-11,6,Put,35.00,-2.67%,0.65,0.83,1.1,2715,234,11.6,80.35%,72.04%,-0.365172,2026-09-04
MTUS,19.93,2026-09-18,13,Call,20.00,-0.35%,0.5,0.55,0.6,1182,102,11.59,33.54%,38.73%,0.496619,2026-09-04
INTC,95.8,2026-10-02,27,Put,95.00,-0.84%,5.7,5.89,5.95,5232,455,11.5,61.80%,61.09%,-0.442486,2026-09-04
COHR,281.86,2026-09-11,6,Call,300.00,-6.44%,3.5,3.5,5,1191,104,11.45,71.52%,73.80%,0.272355,2026-09-04
VST,149.3,2026-10-02,27,Call,160.00,-7.17%,3.2,3.3,3.5,1362,120,11.35,43.63%,44.21%,0.309421,2026-09-04
BURL,265.33,2026-09-18,13,Call,320.00,-20.60%,0.1,0.1,0.7,1299,115,11.3,38.03%,54.07%,0.038187,2026-09-04
META,616.77,2026-09-11,6,Put,610.00,-1.10%,7.6,7.7,7.75,1752,155,11.3,35.99%,34.57%,-0.389187,2026-09-04
TSLA,354.08,2026-09-11,6,Call,367.50,-3.79%,2.62,2.64,2.66,7062,628,11.25,40.37%,40.41%,0.248046,2026-09-04
KMB,104.96,2026-09-11,6,Call,109.00,-3.85%,0.2,0.22,0.25,1973,176,11.21,24.06%,25.94%,0.130406,2026-09-04
AMZN,258.51,2026-09-09,4,Call,255.00,+1.36%,4.75,4.8,4.95,6103,545,11.2,30.40%,24.85%,0.710175,2026-09-04
NFLX,78.25,2026-09-11,6,Put,77.00,-1.60%,0.69,0.71,0.71,3242,290,11.18,35.57%,31.25%,-0.33186,2026-09-04
LULU,100.61,2026-09-11,6,Put,97.00,-3.59%,0.87,0.89,0.9,1139,102,11.17,41.44%,44.74%,-0.24984,2026-09-04
APLD,26.37,2026-09-11,6,Call,28.50,-8.08%,0.25,0.28,0.36,6171,553,11.16,83.75%,73.94%,0.221912,2026-09-04
AMZN,258.51,2026-09-09,4,Put,257.50,-0.39%,2.03,2.22,2.26,5785,520,11.13,30.40%,24.68%,-0.429736,2026-09-04
AAPL,319.97,2026-10-09,34,Call,320.00,-0.01%,10.25,10.25,10.4,1844,166,11.11,25.16%,25.29%,0.530955,2026-09-04
AAPL,319.97,2026-10-09,34,Call,345.00,-7.82%,2.15,2.2,2.25,3244,292,11.11,25.16%,24.48%,0.176429,2026-09-04
INTC,95.8,2026-09-09,4,Put,92.00,-3.97%,0.68,0.71,0.74,2075,187,11.1,61.80%,53.31%,-0.224019,2026-09-04
LRCX,307.65,2026-09-11,6,Call,320.00,-4.01%,4.25,4.44,4.6,1662,150,11.08,60.00%,57.78%,0.313112,2026-09-04
HIMS,27.71,2026-10-09,34,Put,25.00,-9.78%,0.91,0.97,1.05,1213,110,11.03,67.59%,65.21%,-0.263825,2026-09-04
MU,1016.59,2026-09-09,4,Call,990.00,+2.62%,36.55,38.15,39.95,3148,286,11.01,64.65%,53.01%,0.695835,2026-09-04
MU,1016.59,2026-09-09,4,Call,"1,005.00",+1.14%,27.25,28.38,29.15,4403,400,11.01,64.65%,51.39%,0.597684,2026-09-04
AG,20.97,2026-09-11,6,Put,21.50,+2.53%,0.84,0.95,1.01,3107,284,10.94,62.31%,58.15%,-0.614987,2026-09-04
GOOGL,338.46,2026-09-09,4,Call,340.00,-0.46%,2.52,2.6,2.66,4311,395,10.91,28.49%,22.93%,0.43575,2026-09-04
AFRM,72.35,2026-09-11,6,Call,74.00,-2.28%,1.16,1.2,1.33,1504,138,10.9,51.73%,51.95%,0.383481,2026-09-04
AAPL,319.97,2026-09-09,4,Call,322.50,-0.79%,2.68,2.69,2.82,18976,1748,10.86,25.16%,28.61%,0.406694,2026-09-04
META,616.77,2026-09-09,4,Put,600.00,-2.72%,2.08,2.14,2.17,2347,217,10.82,35.99%,30.95%,-0.190245,2026-09-04
CMCSA,26.49,2026-09-11,6,Put,26.00,-1.85%,0.18,0.2,0.28,3749,349,10.74,30.20%,32.02%,-0.318738,2026-09-04
RIOT,21.8,2026-11-20,76,Call,29.00,-33.03%,1.28,1.44,1.69,1159,108,10.73,84.35%,89.24%,0.316182,2026-09-04
TSLA,354.08,2026-09-16,11,Call,360.00,-1.67%,7,6.95,7.2,1527,143,10.68,40.37%,38.90%,0.42246,2026-09-04
MU,1016.59,2026-09-11,6,Put,"1,000.00",-1.63%,21.95,22.2,23.15,3181,298,10.67,64.65%,58.87%,-0.39655,2026-09-04
NVDA,230.36,2026-09-16,11,Call,235.00,-2.01%,3.05,3.15,3.3,6985,658,10.62,34.41%,31.55%,0.374729,2026-09-04
CIFR,17.74,2027-03-19,195,Call,26.00,-46.56%,2.56,2.91,3.45,1324,125,10.59,96.25%,100.13%,0.449322,2026-09-04
TSLA,354.08,2026-09-09,4,Call,370.00,-4.50%,1.08,1.09,1.1,14702,1424,10.32,40.37%,39.11%,0.148211,2026-09-04
META,616.77,2026-09-11,6,Call,642.50,-4.17%,3,3.02,3.05,1060,103,10.29,35.99%,35.84%,0.196337,2026-09-04
NVDA,230.36,2026-09-09,4,Put,240.00,+4.18%,9.8,9.79,10.2,1369,134,10.22,34.41%,31.86%,-0.888103,2026-09-04
AG,20.97,2026-09-11,6,Put,20.50,-2.24%,0.38,0.42,0.44,1069,105,10.18,62.31%,58.56%,-0.364781,2026-09-04
SAP,215.11,2026-09-18,13,Put,202.50,-5.86%,1.55,1.85,2.3,2015,200,10.08,37.84%,40.27%,-0.202515,2026-09-04
MU,1016.59,2026-09-09,4,Call,"1,075.00",-5.75%,4.85,5.2,5.55,1077,107,10.07,64.65%,54.37%,0.172011,2026-09-04
SOLS,63.73,2026-10-16,41,Put,60.00,-5.85%,2,2.15,2.85,1004,100,10.04,50.48%,49.63%,-0.321206,2026-09-04
GOOGL,338.46,2026-09-09,4,Call,342.50,-1.19%,1.65,1.7,1.71,4120,412,10,28.49%,23.01%,0.320853,2026-09-04
UAL,111.38,2026-09-11,6,Put,107.00,-3.93%,0.56,0.64,0.83,1115,112,9.96,46.53%,39.68%,-0.211043,2026-09-04
FIGR,35.96,2026-09-11,6,Call,38.00,-5.67%,0.45,0.62,1.05,1151,116,9.92,80.35%,82.29%,0.321089,2026-09-04
MU,1016.59,2026-09-09,4,Call,"1,025.00",-0.83%,17.45,18.57,19.6,2269,229,9.91,64.65%,52.33%,0.45387,2026-09-04
NVDA,230.36,2026-09-11,6,Put,230.00,-0.16%,3.7,3.81,3.8,22076,2231,9.9,34.41%,33.81%,-0.473081,2026-09-04
MU,1016.59,2026-09-11,6,Call,995.00,+2.12%,41.25,41.35,44,1661,168,9.89,64.65%,58.84%,0.629324,2026-09-04
META,616.77,2026-09-09,4,Call,617.50,-0.12%,7.4,7.48,7.5,2571,260,9.89,35.99%,29.89%,0.495736,2026-09-04
NVDA,230.36,2026-09-09,4,Put,227.50,-1.24%,1.58,1.62,1.66,17531,1774,9.88,34.41%,29.81%,-0.335167,2026-09-04
GLW,154.3,2026-09-11,6,Call,180.00,-16.66%,0.15,0.16,0.3,3171,323,9.82,59.37%,67.82%,0.042458,2026-09-04
CIFR,17.74,2026-09-11,6,Call,18.50,-4.28%,0.62,0.64,0.66,9178,938,9.78,96.25%,104.66%,0.404721,2026-09-04
INTC,95.8,2026-09-09,4,Call,98.00,-2.30%,1.29,1.32,1.34,4073,417,9.77,61.80%,55.20%,0.360094,2026-09-04
TSLA,354.08,2026-09-09,4,Call,407.50,-15.09%,0.19,0.2,0.2,2793,286,9.77,40.37%,65.41%,0.022112,2026-09-04
PLTR,174.33,2026-10-02,27,Call,177.50,-1.82%,7.4,7.55,7.65,1884,193,9.76,46.80%,46.23%,0.476434,2026-09-04
PFE,28.45,2026-09-11,6,Call,28.50,-0.18%,0.27,0.29,0.29,14012,1445,9.7,22.66%,21.21%,0.47496,2026-09-04
AAPL,319.97,2026-09-09,4,Put,317.50,-0.77%,2.62,2.79,2.79,5436,561,9.69,25.16%,28.97%,-0.389462,2026-09-04
NBIS,226.39,2026-10-16,41,Call,195.00,+13.87%,41.95,43,43.9,1396,144,9.69,85.02%,83.60%,0.754204,2026-09-04
TSLA,354.08,2026-09-14,9,Call,360.00,-1.67%,5.55,5.62,5.7,2781,288,9.66,40.37%,36.32%,0.402627,2026-09-04
NVDA,230.36,2026-09-09,4,Call,235.00,-2.01%,1.03,1.08,1.08,88502,9213,9.61,34.41%,28.36%,0.259363,2026-09-04
META,616.77,2026-09-09,4,Put,615.00,-0.29%,6.85,6.9,6.95,1192,124,9.61,35.99%,30.50%,-0.454131,2026-09-04
MU,1016.59,2026-09-09,4,Call,"1,035.00",-1.81%,13.65,14.4,15.75,1317,137,9.61,64.65%,52.70%,0.385646,2026-09-04
ASTS,62.31,2026-09-11,6,Put,62.00,-0.50%,1.81,2.06,2.31,2091,218,9.59,74.93%,70.10%,-0.457855,2026-09-04
CIFR,17.74,2026-09-11,6,Put,17.00,-4.17%,0.51,0.51,0.57,12823,1338,9.58,96.25%,97.28%,-0.341593,2026-09-04
LEN,83.58,2026-09-11,6,Call,87.00,-4.09%,0.4,0.51,0.9,1024,107,9.57,42.86%,43.16%,0.243917,2026-09-04
AXTI,61.64,2026-09-11,6,Call,65.00,-5.45%,1.9,2.2,2.5,1203,126,9.55,107.24%,111.96%,0.38442,2026-09-04
CCL,23.51,2026-10-09,34,Call,30.00,-27.61%,0.03,0.1,0.15,1010,106,9.53,44.11%,49.33%,0.062071,2026-09-04
POET,7.92,2026-09-11,6,Call,8.00,-1.01%,0.27,0.3,0.3,5252,552,9.51,83.67%,78.96%,0.482934,2026-09-04
DELL,524.14,2026-09-11,6,Call,580.00,-10.66%,2.34,2.41,2.43,1160,122,9.51,62.50%,63.93%,0.117332,2026-09-04
AVGO,357.89,2026-09-16,11,Call,400.00,-11.77%,0.6,0.78,0.95,1522,160,9.51,37.03%,41.90%,0.069314,2026-09-04
TSLA,354.08,2026-09-11,6,Call,352.50,+0.45%,7.95,7.95,8.05,6744,712,9.47,40.37%,39.14%,0.550184,2026-09-04
COIN,184.64,2026-10-02,27,Call,187.50,-1.55%,11.05,12.65,13.05,1192,126,9.46,65.82%,65.54%,0.507155,2026-09-04
PATH,15.19,2026-09-11,6,Call,16.00,-5.33%,0.18,0.22,0.26,1887,200,9.44,58.78%,66.02%,0.286226,2026-09-04
META,616.77,2026-09-09,4,Call,630.00,-2.15%,3.1,3.16,3.2,2679,284,9.43,35.99%,30.86%,0.264433,2026-09-04
NU,15.37,2026-09-11,6,Put,15.50,+0.85%,0.35,0.37,0.4,1096,117,9.37,40.92%,39.31%,-0.552954,2026-09-04
AVGO,357.89,2026-09-09,4,Call,362.50,-1.29%,2.82,3.1,3.25,1424,152,9.37,37.03%,32.98%,0.365447,2026-09-04
CCJ,100.74,2026-09-11,6,Put,98.00,-2.72%,0.92,1.04,1.19,952,102,9.33,45.88%,42.68%,-0.294893,2026-09-04
HIMS,27.71,2026-10-09,34,Put,24.00,-13.39%,0.63,0.69,0.73,1204,130,9.26,67.59%,65.03%,-0.200786,2026-09-04
LRCX,307.65,2026-09-11,6,Call,330.00,-7.26%,2.16,2.36,2.49,1564,169,9.25,60.00%,58.94%,0.18854,2026-09-04
AVGO,357.89,2026-09-09,4,Call,357.50,+0.11%,5.05,5.17,5.3,2294,248,9.25,37.03%,32.92%,0.523292,2026-09-04
NBIS,226.39,2026-09-11,6,Call,202.50,+10.55%,24.4,22.79,26,974,106,9.19,85.02%,74.13%,0.890132,2026-09-04
MU,1016.59,2026-09-11,6,Call,"1,005.00",+1.14%,35.7,36.4,37.8,2351,256,9.18,64.65%,58.58%,0.578492,2026-09-04
TSLA,354.08,2026-09-09,4,Call,365.00,-3.08%,1.79,1.8,1.81,18900,2060,9.17,40.37%,37.43%,0.227997,2026-09-04
C,137.72,2026-09-11,6,Put,136.00,-1.25%,0.84,0.98,0.96,994,109,9.12,29.59%,23.30%,-0.328204,2026-09-04
AMD,477.57,2026-09-09,4,Put,470.00,-1.59%,5.45,5.55,5.7,1202,132,9.11,49.79%,45.07%,-0.355874,2026-09-04
META,616.77,2026-09-09,4,Put,612.50,-0.69%,5.7,5.82,5.85,1294,142,9.11,35.99%,30.42%,-0.403774,2026-09-04
AAPL,319.97,2026-09-09,4,Call,325.00,-1.57%,1.82,1.88,1.97,42417,4689,9.05,25.16%,28.70%,0.311305,2026-09-04
WDC,467.46,2027-01-15,132,Call,710.00,-51.88%,21.3,22.65,28,1042,116,8.98,69.93%,73.87%,0.245429,2026-09-04
BRK.B,506.03,2026-09-11,6,Put,500.00,-1.19%,0.92,1.4,1.35,2486,278,8.94,13.99%,13.20%,-0.227295,2026-09-04
DELL,524.14,2026-09-11,6,Put,525.00,+0.16%,16.7,16.56,17,962,108,8.91,62.50%,61.67%,-0.490381,2026-09-04
OCGN,1.36,2026-10-16,41,Put,1.0000,-26.47%,0,0.15,0.3,5333,600,8.89,185.17%,193.47%,-0.210738,2026-09-04
GSK,49.89,2028-01-21,503,Put,45.00,-9.80%,3.5,3.6,3.7,1000,113,8.85,25.71%,27.13%,-0.297692,2026-09-04
BIDU,99.47,2026-09-11,6,Call,98.00,+1.48%,2.55,3.05,3.8,1257,142,8.85,43.15%,46.19%,0.614528,2026-09-04
ORCL,158.78,2026-09-11,6,Put,152.50,-3.96%,5.95,6,6.2,2930,331,8.85,70.09%,111.76%,-0.360991,2026-09-04
PYPL,54.96,2026-09-11,6,Call,59.00,-7.35%,0.21,0.25,0.4,3456,391,8.84,35.17%,53.31%,0.159231,2026-09-04
BE,252.87,2026-09-11,6,Call,290.00,-14.68%,4.4,4.5,4.55,1797,205,8.77,90.84%,122.09%,0.213807,2026-09-04
NCLH,15.57,2026-09-18,13,Call,16.50,-5.97%,0.1,0.2,0.2,1530,175,8.74,44.98%,39.10%,0.232096,2026-09-04
PEP,137.63,2026-09-11,6,Call,139.00,-1.00%,0.73,0.75,0.83,1186,136,8.72,22.64%,19.24%,0.347121,2026-09-04
SBUX,104.47,2026-09-25,20,Call,116.00,-11.04%,0,0.1,0.32,1332,153,8.71,26.39%,27.55%,0.05696,2026-09-04
TSLA,354.08,2026-09-11,6,Call,460.00,-29.91%,0.09,0.1,0.1,4179,481,8.69,40.37%,82.56%,0.007905,2026-09-04
VFC,13.45,2026-10-16,41,Call,14.00,-4.09%,0.43,0.47,0.49,1666,193,8.63,39.33%,37.97%,0.403202,2026-09-04
AMD,477.57,2026-09-09,4,Call,500.00,-4.70%,2.23,2.23,2.25,5753,667,8.63,49.79%,46.50%,0.181288,2026-09-04
BRK.B,506.03,2026-09-11,6,Call,510.00,-0.78%,1.46,1.6,1.83,3532,410,8.61,13.99%,12.10%,0.323664,2026-09-04
U,41.66,2026-10-16,41,Call,49.00,-17.62%,0.51,0.82,0.93,1237,144,8.59,52.41%,50.55%,0.198048,2026-09-04
META,616.77,2026-09-09,4,Call,635.00,-2.96%,2.13,2.16,2.22,1460,170,8.59,35.99%,31.48%,0.195816,2026-09-04
CIFR,17.74,2026-09-11,6,Call,19.50,-9.92%,0.33,0.35,0.41,2697,314,8.59,96.25%,106.57%,0.267733,2026-09-04
TSLA,354.08,2026-09-09,4,Put,340.00,-3.98%,0.94,0.96,0.96,9662,1128,8.57,40.37%,36.35%,-0.136799,2026-09-04
TSLA,354.08,2026-09-14,9,Call,355.00,-0.26%,7.6,7.75,7.75,3086,368,8.39,40.37%,35.92%,0.499225,2026-09-04
META,616.77,2026-09-09,4,Put,580.00,-5.96%,0.31,0.33,0.35,2228,266,8.38,35.99%,33.52%,-0.037623,2026-09-04
TSLA,354.08,2026-09-09,4,Call,392.50,-10.85%,0.28,0.28,0.29,4334,517,8.38,40.37%,53.85%,0.036551,2026-09-04
CHPT,9.89,2026-09-18,13,Put,10.00,+1.11%,0.9,0.99,1,1618,194,8.34,104.74%,120.50%,-0.472288,2026-09-04
TSLA,354.08,2026-09-09,4,Put,350.00,-1.15%,3.45,3.5,3.5,22170,2665,8.32,40.37%,36.16%,-0.369169,2026-09-04
KHC,24.85,2026-09-11,6,Call,25.50,-2.62%,0.11,0.13,0.16,20611,2483,8.3,26.86%,29.25%,0.24803,2026-09-04
MSFT,499.7,2026-09-09,4,Put,497.50,-0.44%,3.05,3.13,3.3,1025,124,8.27,24.61%,20.38%,-0.409086,2026-09-04
GOOGL,338.46,2026-09-09,4,Put,335.00,-1.02%,1.55,1.82,1.87,2656,321,8.27,28.49%,22.63%,-0.323111,2026-09-04
AAPL,319.97,2026-09-09,4,Put,307.50,-3.90%,0.5,0.53,0.53,2803,339,8.27,25.16%,30.74%,-0.1035,2026-09-04
BE,252.87,2026-09-11,6,Put,197.50,-21.90%,0.2,0.56,0.9,1570,190,8.26,90.84%,111.95%,-0.036134,2026-09-04
MRVL,223.55,2028-06-16,650,Put,120.00,-46.32%,15.9,16.77,16.85,845,103,8.2,63.48%,65.70%,-0.112729,2026-09-04
RDDT,154.46,2026-10-02,27,Call,155.00,-0.35%,9.3,10.22,10.55,866,106,8.17,58.91%,59.63%,0.530342,2026-09-04
MU,1016.59,2026-09-11,6,Call,"1,020.00",-0.34%,28.4,29.01,30,5012,618,8.11,64.65%,58.76%,0.500393,2026-09-04
AAPL,319.97,2026-09-14,9,Call,320.00,-0.01%,5.3,5.4,5.4,1298,160,8.11,25.16%,26.13%,0.515122,2026-09-04
MU,1016.59,2026-09-09,4,Call,"1,070.00",-5.25%,5.55,5.85,6,1237,153,8.08,64.65%,53.46%,0.189414,2026-09-04
GLW,154.3,2026-09-11,6,Call,167.50,-8.55%,0.85,0.93,1.16,1152,143,8.06,59.37%,61.88%,0.161283,2026-09-04
TSLA,354.08,2026-09-14,9,Call,365.00,-3.08%,4,4.1,4.1,2167,269,8.06,40.37%,36.84%,0.315364,2026-09-04
TSLA,354.08,2026-09-16,11,Call,355.00,-0.26%,9.1,9.18,9.25,1367,170,8.04,40.37%,38.47%,0.504353,2026-09-04
FRO,46.12,2026-09-18,13,Call,49.00,-6.24%,0.25,0.51,0.65,3416,425,8.04,49.38%,41.97%,0.222533,2026-09-04
MU,1016.59,2026-09-09,4,Put,915.00,-9.99%,0.95,1,1.05,1613,202,7.99,64.65%,58.33%,-0.039136,2026-09-04
COIN,184.64,2026-09-11,6,Call,192.50,-4.26%,3.15,3.35,3.45,3920,492,7.97,65.82%,66.88%,0.331275,2026-09-04
MSTR,142.8,2026-09-11,6,Put,143.00,+0.14%,5.6,5.72,5.8,1041,131,7.95,75.03%,77.18%,-0.48398,2026-09-04
PRQR,2.07,2026-10-16,41,Call,5.00,-141.55%,0.05,0.1,0.15,1000,126,7.94,203.69%,204.35%,0.17381,2026-09-04
CSCO,109.2,2026-09-11,6,Call,109.00,+0.18%,1.51,1.62,1.72,943,119,7.92,28.70%,26.77%,0.532007,2026-09-04
MSTR,142.8,2026-10-02,27,Call,145.00,-1.54%,10.6,10.8,11.1,2502,316,7.92,75.03%,75.39%,0.516364,2026-09-04
DELL,524.14,2026-09-11,6,Put,520.00,-0.79%,14.2,13.9,14.5,978,124,7.89,62.50%,61.63%,-0.442225,2026-09-04
ANET,193.78,2026-09-11,6,Call,202.50,-4.50%,1.37,1.58,1.81,898,114,7.88,48.13%,46.28%,0.24128,2026-09-04
PL,18.12,2026-09-11,6,Call,20.50,-13.13%,0.1,0.14,0.15,1715,218,7.87,69.89%,82.76%,0.134708,2026-09-04
NEM,128.09,2026-09-11,6,Call,134.00,-4.61%,0.55,0.67,0.88,1060,135,7.85,42.02%,40.07%,0.199496,2026-09-04
GOOGL,338.46,2026-09-11,6,Put,332.50,-1.76%,2.05,2.15,2.25,1786,228,7.83,28.49%,26.67%,-0.290906,2026-09-04
CRWV,89.36,2026-09-18,13,Put,86.00,-3.76%,3.25,3.19,3.4,852,109,7.82,76.04%,73.73%,-0.362106,2026-09-04
GPRO,1.7,2026-09-18,13,Put,1.5000,-11.76%,0.15,0.17,0.2,139280,17875,7.79,167.66%,220.89%,-0.304565,2026-09-04
TSLA,354.08,2026-09-09,4,Put,345.00,-2.56%,1.86,1.88,1.9,11703,1509,7.76,40.37%,35.96%,-0.236259,2026-09-04
AAPL,319.97,2026-09-14,9,Call,330.00,-3.13%,1.7,1.77,1.8,4166,541,7.7,25.16%,25.80%,0.235221,2026-09-04
TEAM,189.58,2026-11-20,76,Put,160.00,-15.60%,8.9,10.3,10.9,1647,214,7.7,58.85%,69.54%,-0.237624,2026-09-04
GOOGL,338.46,2026-09-11,6,Call,352.50,-4.15%,0.76,0.79,0.87,3291,428,7.69,28.49%,27.92%,0.135168,2026-09-04
EIX,56.77,2027-01-15,132,Call,62.50,-10.09%,2.5,3.71,4.3,4120,536,7.69,51.35%,42.29%,0.384662,2026-09-04
MSFT,499.7,2026-09-09,4,Call,507.50,-1.56%,1.5,1.55,1.72,1590,207,7.68,24.61%,21.01%,0.248617,2026-09-04
NVDA,230.36,2026-09-09,4,Call,242.50,-5.27%,0.19,0.21,0.22,13512,1767,7.65,34.41%,31.50%,0.06293,2026-09-04
AAPL,319.97,2026-09-09,4,Put,310.00,-3.12%,0.78,0.81,0.81,9407,1233,7.63,25.16%,30.00%,-0.150509,2026-09-04
NVDA,230.36,2026-09-16,11,Put,230.00,-0.16%,4.1,5.1,5.2,883,117,7.55,34.41%,30.90%,-0.472004,2026-09-04
SLS,13.86,2026-09-11,6,Put,12.50,-9.81%,0.2,0.25,0.25,1284,170,7.55,204.67%,105.27%,-0.201372,2026-09-04
NVDA,230.36,2026-09-09,4,Call,237.50,-3.10%,0.58,0.58,0.62,29688,3977,7.46,34.41%,29.03%,0.164058,2026-09-04
SKHY,177,2026-11-20,76,Put,175.00,-1.13%,19,19.45,20.3,1705,229,7.45,64.02%,66.62%,-0.417594,2026-09-04
AMD,477.57,2026-09-09,4,Put,460.00,-3.68%,2.6,2.6,2.75,1407,189,7.44,49.79%,45.27%,-0.20545,2026-09-04
QXO,13.35,2026-09-11,6,Call,14.00,-4.87%,0.1,0.16,0.2,3283,442,7.43,55.38%,55.75%,0.267241,2026-09-04
CBRS,210.05,2026-09-11,6,Call,225.00,-7.12%,3,3.39,3.6,824,111,7.42,76.26%,79.12%,0.267205,2026-09-04
IREN,44.68,2026-09-11,6,Call,48.50,-8.55%,0.68,0.7,0.75,955,129,7.4,87.42%,87.61%,0.251747,2026-09-04
LULU,100.61,2026-10-16,41,Call,110.00,-9.33%,2.4,2.41,2.58,1180,160,7.38,41.44%,42.16%,0.297536,2026-09-04
BE,252.87,2026-09-11,6,Call,280.00,-10.73%,6.25,6.29,6.35,7329,995,7.37,90.84%,120.38%,0.281161,2026-09-04
AAPL,319.97,2026-09-09,4,Call,327.50,-2.35%,1.22,1.21,1.3,8862,1203,7.37,25.16%,28.81%,0.228354,2026-09-04
LULU,100.61,2026-09-18,13,Call,100.00,+0.61%,3.6,3.6,3.75,2410,328,7.35,41.44%,43.64%,0.552008,2026-09-04
CELH,30.66,2027-03-19,195,Call,45.00,-46.77%,1.4,1.83,2.12,2013,275,7.32,54.71%,59.15%,0.266935,2026-09-04
GPRO,1.7,2027-01-15,132,Call,4.0000,-135.29%,0.15,0.22,0.3,7851,1078,7.28,167.66%,154.84%,0.330504,2026-09-04
TSLA,354.08,2026-09-11,6,Call,355.00,-0.26%,6.7,6.8,6.8,15891,2186,7.27,40.37%,39.16%,0.494136,2026-09-04
VYX,9.14,2026-09-18,13,Call,10.00,-9.41%,0.2,0.25,0.25,1728,238,7.26,84.94%,107.37%,0.243281,2026-09-04
LULU,100.61,2026-09-18,13,Call,110.00,-9.33%,0.65,0.69,0.72,3236,446,7.26,41.44%,44.79%,0.15911,2026-09-04
FSLY,20.59,2026-09-25,20,Put,20.00,-2.87%,1.1,1.27,1.4,1509,208,7.25,77.87%,81.59%,-0.398892,2026-09-04
TSLA,354.08,2026-09-11,6,Call,362.50,-2.38%,3.85,3.92,3.95,4880,678,7.2,40.37%,39.73%,0.335705,2026-09-04
MU,1016.59,2026-09-11,6,Call,"1,065.00",-4.76%,13.3,13.8,14.8,1076,151,7.13,64.65%,61.11%,0.292126,2026-09-04
NVDA,230.36,2026-09-11,6,Put,235.00,+2.01%,6.6,6.75,6.85,4826,677,7.13,34.41%,34.13%,-0.664991,2026-09-04
MU,1016.59,2026-09-11,6,Call,"1,100.00",-8.20%,7.1,7.4,7.5,11354,1593,7.13,64.65%,62.28%,0.173524,2026-09-04
M,23.05,2026-09-11,6,Put,21.50,-6.72%,0.17,0.33,0.39,1030,145,7.1,51.26%,73.50%,-0.2157,2026-09-04
META,616.77,2026-09-09,4,Call,640.00,-3.77%,1.44,1.48,1.48,2657,374,7.1,35.99%,31.97%,0.140671,2026-09-04
BE,252.87,2026-10-16,41,Put,115.00,-54.52%,0.19,0.31,0.73,3112,439,7.09,90.84%,114.46%,-0.012045,2026-09-04
C,137.72,2026-09-11,6,Call,139.00,-0.93%,1.13,1.19,1.26,1496,212,7.06,29.59%,24.65%,0.394611,2026-09-04
IREN,44.68,2027-02-19,167,Call,75.00,-67.86%,4.55,4.9,4.95,2013,285,7.06,87.42%,97.61%,0.334385,2026-09-04
TSLA,354.08,2026-09-11,6,Put,307.50,-13.16%,0.14,0.16,0.16,814,117,6.96,40.37%,52.91%,-0.016956,2026-09-04
TSLA,354.08,2026-09-09,4,Call,372.50,-5.20%,0.86,0.86,0.88,5062,728,6.95,40.37%,40.27%,0.120469,2026-09-04
GOOGL,338.46,2026-09-09,4,Call,360.00,-6.36%,0.1,0.1,0.12,2062,301,6.85,28.49%,30.20%,0.027179,2026-09-04
MU,1016.59,2026-09-11,6,Call,"1,075.00",-5.75%,11.15,11.6,12.55,1331,195,6.83,64.65%,61.75%,0.255013,2026-09-04
MRVL,223.55,2026-09-11,6,Put,187.50,-16.13%,0.16,0.2,0.21,2650,388,6.83,63.48%,70.90%,-0.023521,2026-09-04
AMD,477.57,2026-09-09,4,Call,515.00,-7.84%,0.73,0.77,0.82,696,102,6.82,49.79%,48.50%,0.073105,2026-09-04
UNH,397.14,2026-09-18,13,Call,395.00,+0.54%,7.85,7.7,9.05,764,112,6.82,32.03%,24.27%,0.559611,2026-09-04
GOOGL,338.46,2026-09-11,6,Put,317.50,-6.19%,0.1,0.19,0.22,1936,284,6.82,28.49%,27.69%,-0.033421,2026-09-04
PCG,14.3,2026-09-18,13,Put,13.50,-5.59%,0.25,0.32,0.36,5224,768,6.8,61.36%,60.16%,-0.28421,2026-09-04
MU,1016.59,2026-09-11,6,Call,"1,055.00",-3.78%,15.85,16.2,17.65,1280,189,6.77,64.65%,60.78%,0.333766,2026-09-04
WOLF,28.35,2026-09-18,13,Call,27.00,+4.76%,2.35,2.7,3.25,818,121,6.76,98.63%,97.79%,0.641956,2026-09-04
GOOGL,338.46,2026-09-09,4,Put,337.50,-0.28%,2.52,2.75,2.91,2002,296,6.76,28.49%,22.83%,-0.442985,2026-09-04
INTC,95.8,2026-09-14,9,Call,100.00,-4.38%,1.74,1.93,1.9,1051,156,6.74,61.80%,57.16%,0.335495,2026-09-04
SMCI,39.59,2026-09-11,6,Call,40.00,-1.04%,1.26,1.33,1.33,28296,4216,6.71,73.04%,72.77%,0.477108,2026-09-04
MU,1016.59,2026-09-11,6,Call,"1,090.00",-7.22%,8.6,8.87,9,871,130,6.7,64.65%,61.80%,0.202412,2026-09-04
CRWV,89.36,2026-09-18,13,Call,97.00,-8.55%,2.39,2.41,2.48,1231,184,6.69,76.04%,76.82%,0.31399,2026-09-04
HOOD,122.11,2026-09-11,6,Call,123.00,-0.73%,3.55,3.62,3.75,3594,537,6.69,63.01%,64.57%,0.484393,2026-09-04
PLTR,174.33,2026-10-09,34,Put,155.00,-11.09%,2.65,2.95,2.98,1101,165,6.67,46.80%,48.34%,-0.186414,2026-09-04
AMZN,258.51,2026-09-09,4,Put,255.00,-1.36%,1.14,1.24,1.31,4792,721,6.65,30.40%,24.67%,-0.289214,2026-09-04
MSFT,499.7,2026-09-11,6,Call,507.50,-1.56%,2.87,3,3.15,1912,288,6.64,24.61%,23.51%,0.314493,2026-09-04
NVDA,230.36,2026-09-14,9,Put,230.00,-0.16%,4.2,4.3,4.5,1973,297,6.64,34.41%,31.95%,-0.472601,2026-09-04
CLSK,12.69,2026-09-18,13,Call,14.50,-14.26%,0.2,0.26,0.29,1041,157,6.63,82.33%,84.25%,0.226303,2026-09-04
MU,1016.59,2026-09-09,4,Call,"1,045.00",-2.79%,10.55,11.17,12.15,1000,151,6.62,64.65%,52.64%,0.320738,2026-09-04
DELL,524.14,2026-09-11,6,Put,510.00,-2.70%,9.95,10.14,10.15,893,135,6.61,62.50%,61.43%,-0.347393,2026-09-04
MU,1016.59,2026-10-02,27,Put,830.00,-18.35%,10.35,11.15,11.8,1075,163,6.6,64.65%,67.40%,-0.112958,2026-09-04
NVDA,230.36,2026-09-09,4,Put,225.00,-2.33%,0.95,1,1.01,20988,3191,6.58,34.41%,30.81%,-0.224891,2026-09-04
MU,1016.59,2026-09-09,4,Put,920.00,-9.50%,1.12,1.15,1.3,1483,226,6.56,64.65%,57.99%,-0.046393,2026-09-04
GOOGL,338.46,2026-09-09,4,Call,337.50,+0.28%,3.65,3.81,3.95,2049,313,6.55,28.49%,22.88%,0.558024,2026-09-04
MU,1016.59,2026-09-11,6,Put,755.00,-25.73%,0,0.2,0.44,942,144,6.54,64.65%,93.51%,-0.005456,2026-09-04
IREN,44.68,2028-03-17,559,Call,75.00,-67.86%,13.3,13.35,14.3,751,115,6.53,87.42%,92.79%,0.570311,2026-09-04
RDDT,154.46,2026-09-11,6,Call,157.50,-1.97%,2.75,3.13,3.3,1019,156,6.53,58.91%,54.43%,0.406753,2026-09-04
XOM,159.47,2026-09-11,6,Call,162.50,-1.90%,0.9,0.98,1.02,4972,761,6.53,27.56%,25.92%,0.292894,2026-09-04
MU,1016.59,2026-09-11,6,Call,990.00,+2.62%,44.3,46,47.05,1662,255,6.52,64.65%,58.81%,0.654321,2026-09-04
META,616.77,2026-09-09,4,Call,632.50,-2.55%,2.59,2.61,2.64,938,144,6.51,35.99%,31.13%,0.227955,2026-09-04
CIFR,17.74,2026-09-11,6,Call,21.00,-18.38%,0.13,0.13,0.14,4992,767,6.51,96.25%,105.75%,0.120576,2026-09-04
SMCI,39.59,2026-09-11,6,Call,41.50,-4.82%,0.73,0.77,0.82,1570,242,6.49,73.04%,74.19%,0.329396,2026-09-04
HIMS,27.71,2026-09-11,6,Call,30.50,-10.07%,0.16,0.17,0.18,3395,523,6.49,67.59%,67.26%,0.143991,2026-09-04
BE,252.87,2026-09-11,6,Put,225.00,-11.02%,3.35,3.45,3.55,1219,188,6.48,90.84%,105.70%,-0.175288,2026-09-04
SMCI,39.59,2026-09-11,6,Call,44.00,-11.14%,0.3,0.32,0.33,2853,440,6.48,73.04%,77.96%,0.158468,2026-09-04
TSLA,354.08,2026-09-16,11,Put,355.00,+0.26%,9.8,10.1,10.05,1074,166,6.47,40.37%,39.25%,-0.496652,2026-09-04
MSTR,142.8,2026-09-11,6,Put,135.00,-5.46%,2.22,2.26,2.29,5560,859,6.47,75.03%,74.45%,-0.260525,2026-09-04
FUTU,121.75,2026-09-18,13,Put,110.00,-9.65%,0.39,0.65,0.78,795,123,6.46,49.00%,45.18%,-0.111961,2026-09-04
BMNR,24.97,2026-10-09,34,Put,25.00,+0.12%,2.11,2.36,2.5,1053,163,6.46,76.42%,76.75%,-0.451105,2026-09-04
AMD,477.57,2026-09-09,4,Call,470.00,+1.59%,12.8,13.04,13.35,2411,374,6.45,49.79%,43.73%,0.648289,2026-09-04
AMD,477.57,2026-10-02,27,Call,540.00,-13.07%,6.75,7.1,7.75,676,105,6.44,49.79%,50.33%,0.209114,2026-09-04
LYV,173.5,2027-01-15,132,Put,135.00,-22.19%,1.45,1.95,2.2,3902,608,6.42,27.77%,36.30%,-0.094121,2026-09-04
CPNG,15.29,2026-10-16,41,Call,16.00,-4.64%,0.62,0.63,0.65,3905,608,6.42,43.13%,44.18%,0.419015,2026-09-04
GOOGL,338.46,2026-09-09,4,Call,347.50,-2.67%,0.61,0.65,0.7,1913,298,6.42,28.49%,23.80%,0.151295,2026-09-04
BLK,1122.29,2026-09-18,13,Call,950.00,+15.35%,168.2,172.8,176.1,1201,188,6.39,27.23%,33.81%,0.995285,2026-09-04
MU,1016.59,2026-09-09,4,Call,985.00,+3.11%,40,41.25,43.4,937,147,6.37,64.65%,52.98%,0.727079,2026-09-04
TSLA,354.08,2026-09-16,11,Put,340.00,-3.98%,3.8,3.9,3.95,839,132,6.36,40.37%,39.03%,-0.258822,2026-09-04
MU,1016.59,2026-09-09,4,Call,"1,090.00",-7.22%,3.4,3.5,3.7,1012,159,6.36,64.65%,55.84%,0.123633,2026-09-04
LULU,100.61,2026-09-11,6,Put,100.00,-0.61%,1.92,1.97,2.01,9072,1427,6.36,41.44%,44.48%,-0.442863,2026-09-04
RIG,5.85,2026-10-16,41,Put,6.00,+2.56%,0.42,0.43,0.45,1060,167,6.35,46.03%,42.27%,-0.555814,2026-09-04
NIO,3.8,2027-04-16,223,Call,4.00,-5.26%,0.64,0.64,0.66,15910,2511,6.34,51.10%,58.85%,0.568073,2026-09-04
AMD,477.57,2026-09-09,4,Call,477.50,+0.01%,8.85,8.9,9.15,785,124,6.33,49.79%,44.49%,0.513951,2026-09-04
ORBS,0.9036,2026-09-18,13,Put,1.0000,+10.67%,0.1,0.16,0.2,1000,158,6.33,146.43%,132.86%,-0.60854,2026-09-04
TJX,132.08,2026-09-11,6,Call,134.00,-1.45%,0.55,0.7,0.65,769,122,6.3,21.69%,19.58%,0.291741,2026-09-04
DOW,29.44,2026-09-11,6,Put,30.00,+1.90%,0.69,1.01,1.24,1781,283,6.29,40.21%,42.38%,-0.626074,2026-09-04
TSLA,354.08,2026-09-09,4,Call,340.00,+3.98%,14.75,14.98,15,1892,301,6.29,40.37%,32.55%,0.888701,2026-09-04
NVDA,230.36,2026-09-11,6,Call,247.50,-7.44%,0.24,0.25,0.27,9171,1459,6.29,34.41%,34.96%,0.058547,2026-09-04
BE,252.87,2026-09-18,13,Put,235.00,-7.07%,9.8,9.85,10.1,999,159,6.28,90.84%,95.79%,-0.307833,2026-09-04
AMD,477.57,2026-09-11,6,Call,477.50,+0.01%,11.9,12.11,12.45,932,149,6.26,49.79%,49.14%,0.517269,2026-09-04
AAPL,319.97,2026-09-14,9,Call,335.00,-4.70%,0.9,0.93,1.01,1702,272,6.26,25.16%,26.41%,0.143065,2026-09-04
CRCL,102.05,2026-09-11,6,Put,102.00,-0.05%,3.95,4.16,4.45,624,100,6.24,79.93%,81.53%,-0.475462,2026-09-04
TSLA,354.08,2026-09-14,9,Put,345.00,-2.56%,4.05,4.1,4.2,1536,246,6.24,40.37%,36.29%,-0.309284,2026-09-04
GPRO,1.7,2027-01-15,132,Put,2.0000,+17.65%,0.65,0.66,0.75,809,130,6.22,167.66%,128.07%,-0.427071,2026-09-04
MGM,41.22,2026-10-16,41,Put,41.00,-0.53%,1.75,1.81,2.05,657,106,6.2,38.07%,37.90%,-0.448122,2026-09-04
PCG,14.3,2026-10-02,27,Call,14.50,-1.40%,0.79,0.81,0.97,818,132,6.2,61.36%,61.98%,0.50415,2026-09-04
CBRS,210.05,2026-10-16,41,Put,210.00,-0.02%,19.9,21.11,22.4,1122,181,6.2,76.26%,77.10%,-0.443378,2026-09-04
TSLA,354.08,2026-09-11,6,Call,370.00,-4.50%,2.15,2.15,2.18,29933,4831,6.2,40.37%,40.84%,0.211155,2026-09-04
MU,1016.59,2026-09-09,4,Call,"1,000.00",+1.63%,30.15,31.75,33.35,16914,2734,6.19,64.65%,52.82%,0.630172,2026-09-04
MU,1016.59,2026-09-09,4,Call,"1,015.00",+0.16%,21.95,22.75,23.55,1714,277,6.19,64.65%,51.27%,0.525231,2026-09-04
TSLA,354.08,2026-09-11,6,Call,377.50,-6.61%,1.21,1.22,1.23,5217,847,6.16,40.37%,42.70%,0.128866,2026-09-04
CAT,813.94,2026-09-11,6,Put,710.00,-12.77%,0,0.2,0.78,1069,174,6.14,35.55%,52.41%,-0.019081,2026-09-04
ZS,169.8,2026-09-11,6,Call,190.00,-11.90%,0.38,0.49,0.53,1979,324,6.11,50.54%,60.16%,0.079135,2026-09-04
NVDA,230.36,2026-09-09,4,Call,232.50,-0.93%,1.78,1.85,1.89,46260,7568,6.11,34.41%,28.38%,0.38794,2026-09-04
RIOT,21.8,2026-09-11,6,Put,21.50,-1.38%,0.73,0.76,0.79,634,104,6.1,84.35%,81.99%,-0.425006,2026-09-04
SKHY,177,2027-06-17,285,Call,220.00,-24.29%,28.35,29.22,30.4,950,156,6.09,64.02%,66.87%,0.492058,2026-09-04
ASTS,62.31,2026-09-11,6,Put,64.00,+2.71%,2.75,3.15,3.45,1291,212,6.09,74.93%,67.27%,-0.603431,2026-09-04
META,616.77,2026-09-09,4,Call,637.50,-3.36%,1.75,1.79,1.84,722,119,6.07,35.99%,31.78%,0.166933,2026-09-04
SKHY,177,2026-09-11,6,Call,182.50,-3.11%,3.7,3.75,3.9,1000,165,6.06,64.02%,66.63%,0.378827,2026-09-04
BMY,66.82,2026-09-11,6,Put,66.00,-1.23%,0.41,0.43,0.68,1629,269,6.06,25.42%,26.38%,-0.351146,2026-09-04
BE,252.87,2026-09-25,20,Call,270.00,-6.77%,14.8,15.46,16.25,738,122,6.05,90.84%,94.00%,0.429011,2026-09-04
HOOD,122.11,2026-09-11,6,Put,122.00,-0.09%,3.85,3.9,4,2114,350,6.04,63.01%,64.29%,-0.4769,2026-09-04
TSLA,354.08,2026-09-09,4,Call,375.00,-5.91%,0.71,0.72,0.72,7407,1237,5.99,40.37%,41.70%,0.09954,2026-09-04
BTDR,12.38,2027-01-15,132,Put,11.00,-11.15%,1.95,2.05,2.3,1600,267,5.99,97.99%,102.75%,-0.302577,2026-09-04
MU,1016.59,2026-09-11,6,Put,950.00,-6.55%,7.35,7.25,7.6,2905,486,5.98,64.65%,59.15%,-0.174059,2026-09-04
AMZN,258.51,2026-09-11,6,Call,262.50,-1.54%,2.19,2.17,2.36,10574,1775,5.96,30.40%,29.25%,0.354246,2026-09-04
SOFI,18.22,2026-10-09,34,Call,18.00,+1.21%,1.17,1.22,1.24,1618,272,5.95,49.48%,48.11%,0.571307,2026-09-04
TSLA,354.08,2026-09-09,4,Put,362.50,+2.38%,10.7,10.77,11,4703,794,5.92,40.37%,38.61%,-0.710724,2026-09-04
TSLA,354.08,2026-09-11,6,Call,360.00,-1.67%,4.65,4.67,4.75,19475,3288,5.92,40.37%,39.42%,0.385507,2026-09-04
CRDO,170.57,2026-09-11,6,Call,210.00,-23.12%,0.3,0.33,0.35,669,113,5.92,74.29%,90.57%,0.042034,2026-09-04
IOT,40.2,2026-09-11,6,Call,42.00,-4.48%,0.45,0.5,0.9,664,113,5.88,51.23%,65.95%,0.319617,2026-09-04
NBIS,226.39,2026-09-11,6,Call,222.50,+1.72%,11.55,12.18,12.25,888,151,5.88,85.02%,85.06%,0.586655,2026-09-04
CRWV,89.36,2026-09-11,6,Call,93.00,-4.07%,1.96,1.96,2.02,2938,500,5.88,76.04%,74.97%,0.358991,2026-09-04
GLW,154.3,2026-09-11,6,Call,172.50,-11.80%,0.39,0.49,0.64,3071,522,5.88,59.37%,63.13%,0.091553,2026-09-04
ABTC,7.99,2026-09-18,13,Put,7.50,-6.13%,0.35,0.45,0.6,813,139,5.85,117.95%,119.74%,-0.345354,2026-09-04
FIG,24.12,2026-09-11,6,Call,25.50,-5.72%,0.35,0.43,0.46,689,118,5.84,70.48%,73.58%,0.29586,2026-09-04
SKHY,177,2027-03-19,195,Call,185.00,-4.52%,31.3,30.78,32.85,1541,264,5.84,64.02%,65.92%,0.576676,2026-09-04
JPM,358.64,2026-09-11,6,Call,362.50,-1.08%,1.73,2.05,2.1,3387,580,5.84,24.03%,18.82%,0.337811,2026-09-04
CMG,36.96,2026-09-11,6,Put,37.50,+1.46%,0.79,0.92,0.96,968,166,5.83,34.05%,30.33%,-0.634426,2026-09-04
RDDT,154.46,2026-09-11,6,Call,162.50,-5.21%,1.55,1.67,1.79,877,151,5.81,58.91%,56.65%,0.256506,2026-09-04
PATH,15.19,2027-06-17,285,Put,12.00,-21.00%,1.51,1.74,1.91,1209,208,5.81,58.78%,68.11%,-0.231852,2026-09-04
FPS,31.35,2026-09-18,13,Call,32.50,-3.67%,2.25,2.35,2.4,4616,794,5.81,94.08%,118.70%,0.482817,2026-09-04
MU,1016.59,2026-09-09,4,Put,950.00,-6.55%,3.05,3.1,3.3,6490,1118,5.81,64.65%,54.45%,-0.110596,2026-09-04
ARM,252.09,2026-09-11,6,Call,265.00,-5.12%,3.6,3.65,4.05,1930,334,5.78,64.23%,66.33%,0.295355,2026-09-04
MSTR,142.8,2026-09-11,6,Put,133.00,-6.86%,1.67,1.67,1.72,2013,348,5.78,75.03%,73.94%,-0.210961,2026-09-04
PM,182.53,2026-09-11,6,Put,185.00,+1.35%,3.5,3.58,4.1,617,107,5.77,27.37%,25.25%,-0.65424,2026-09-04
PSIX,40.49,2026-09-18,13,Call,45.00,-11.14%,0.65,0.7,0.7,2868,497,5.77,67.04%,69.40%,0.232376,2026-09-04
SMCI,39.59,2026-09-11,6,Call,39.50,+0.23%,1.48,1.51,1.57,2877,499,5.77,73.04%,72.60%,0.53085,2026-09-04
META,616.77,2026-09-11,6,Call,627.50,-1.74%,6.6,6.89,6.75,1506,262,5.75,35.99%,34.92%,0.362818,2026-09-04
ASST,27.14,2026-09-25,20,Put,21.00,-22.62%,0.22,0.27,0.52,608,106,5.74,85.95%,99.27%,-0.109756,2026-09-04
MSFT,499.7,2026-09-09,4,Put,490.00,-1.94%,0.95,1.01,1,1318,231,5.71,24.61%,20.21%,-0.1708,2026-09-04
AVGO,357.89,2026-09-09,4,Put,357.50,-0.11%,4.65,4.83,4.95,1138,200,5.69,37.03%,33.77%,-0.477568,2026-09-04
HOOD,122.11,2026-09-11,6,Call,128.00,-4.82%,1.88,1.94,1.95,3849,676,5.69,63.01%,65.66%,0.304867,2026-09-04
AVGO,357.89,2026-09-11,6,Put,327.50,-8.49%,0.24,0.29,0.32,1111,196,5.67,37.03%,39.69%,-0.037697,2026-09-04
NVDA,230.36,2026-09-14,9,Call,245.00,-6.36%,0.52,0.52,0.55,1735,306,5.67,34.41%,30.25%,0.104373,2026-09-04
WFC,89.97,2026-10-02,27,Call,95.00,-5.59%,0.54,0.6,0.71,650,115,5.65,27.54%,22.87%,0.204631,2026-09-04
TSLA,354.08,2026-09-11,6,Call,365.00,-3.08%,3.2,3.22,3.25,10566,1872,5.64,40.37%,40.11%,0.290013,2026-09-04
POET,7.92,2026-09-18,13,Call,7.50,+5.30%,0.62,0.69,0.77,1279,227,5.63,83.67%,77.27%,0.67562,2026-09-04
CRWV,89.36,2026-09-18,13,Put,89.00,-0.40%,4.7,4.75,4.85,4297,769,5.59,76.04%,74.61%,-0.457631,2026-09-04
IREN,44.68,2026-11-20,76,Call,47.00,-5.19%,6.75,6.88,7,1786,320,5.58,87.42%,94.78%,0.546578,2026-09-04
SMCI,39.59,2026-10-16,41,Call,42.00,-6.09%,2.91,3,3.1,5210,936,5.57,73.04%,74.15%,0.46144,2026-09-04
PATH,15.19,2026-10-16,41,Call,15.00,+1.25%,1.3,1.36,1.42,712,128,5.56,58.78%,61.16%,0.573087,2026-09-04
AAPL,319.97,2026-09-11,6,Put,307.50,-3.90%,0.93,0.93,0.99,5000,903,5.54,25.16%,30.44%,-0.146678,2026-09-04
MARA,11.31,2026-09-11,6,Put,11.00,-2.74%,0.31,0.32,0.34,5829,1055,5.53,83.23%,81.74%,-0.373555,2026-09-04
SNOW,337.18,2026-09-11,6,Call,340.00,-0.84%,6.45,6.5,7.15,1284,232,5.53,43.58%,46.45%,0.460145,2026-09-04
CRWV,89.36,2026-09-18,13,Put,88.00,-1.52%,4.2,4.19,4.25,1726,312,5.53,76.04%,73.81%,-0.425716,2026-09-04
AMD,477.57,2026-09-09,4,Call,487.50,-2.08%,4.9,4.95,5.1,711,129,5.51,49.79%,44.91%,0.342428,2026-09-04
LRCX,307.65,2026-09-11,6,Call,310.00,-0.76%,7.5,8.25,8.5,1520,276,5.51,60.00%,57.32%,0.476272,2026-09-04
MU,1016.59,2026-09-11,6,Put,960.00,-5.57%,9.3,9.41,9.85,1062,193,5.5,64.65%,59.05%,-0.211456,2026-09-04
SKHY,177,2026-09-11,6,Call,220.00,-24.29%,0.11,0.15,0.19,791,144,5.49,64.02%,82.12%,0.022368,2026-09-04
AAPL,319.97,2026-09-09,4,Call,317.50,+0.77%,5,5.07,5.3,1976,360,5.49,25.16%,27.92%,0.614883,2026-09-04
PCG,14.3,2027-01-15,132,Call,16.00,-11.89%,1.33,1.45,1.53,37081,6755,5.49,61.36%,59.13%,0.4527,2026-09-04
WIX,76.21,2026-09-18,13,Call,100.00,-31.22%,0.05,0.3,0.35,1008,184,5.48,73.09%,80.59%,0.044408,2026-09-04
BRK.B,506.03,2026-09-11,6,Call,515.00,-1.77%,0.52,0.61,0.76,2523,461,5.47,13.99%,12.71%,0.150703,2026-09-04
SOFI,18.22,2026-10-02,27,Call,18.50,-1.54%,0.84,0.86,0.86,11580,2119,5.46,49.48%,48.33%,0.488081,2026-09-04
PLTR,174.33,2026-09-11,6,Call,180.00,-3.25%,1.86,1.85,1.89,9416,1728,5.45,46.80%,44.89%,0.302539,2026-09-04
MRNA,145.55,2026-09-11,6,Call,190.00,-30.54%,0.08,0.12,0.41,861,158,5.45,73.72%,108.29%,0.032465,2026-09-04
SLS,13.86,2026-09-11,6,Call,14.50,-4.62%,0.5,0.55,0.65,1129,208,5.43,204.67%,117.89%,0.413251,2026-09-04
BIDU,99.47,2026-09-11,6,Call,105.00,-5.56%,0.6,0.67,0.76,2987,551,5.42,43.15%,48.35%,0.202632,2026-09-04
TSLA,354.08,2026-09-11,6,Call,435.00,-22.85%,0.16,0.16,0.17,2007,371,5.41,40.37%,71.95%,0.014693,2026-09-04
CRWD,213.1,2026-09-11,6,Put,212.50,-0.28%,4.8,4.95,5.05,664,123,5.4,50.77%,48.47%,-0.466448,2026-09-04
AMD,477.57,2026-09-11,6,Call,487.50,-2.08%,7.9,8.1,8.3,881,163,5.4,49.79%,49.96%,0.389747,2026-09-04
INTC,95.8,2026-09-09,4,Call,95.00,+0.84%,2.52,2.57,2.59,8564,1591,5.38,61.80%,53.05%,0.573324,2026-09-04
BRK.B,506.03,2026-09-11,6,Put,495.00,-2.18%,0.41,0.53,0.59,2277,424,5.37,13.99%,14.45%,-0.109716,2026-09-04
MSFT,499.7,2026-09-11,6,Put,477.50,-4.44%,0.5,0.52,0.6,744,139,5.35,24.61%,25.16%,-0.075161,2026-09-04
PATH,15.19,2026-11-20,76,Put,14.00,-7.83%,0.94,1.05,1.07,1343,251,5.35,58.78%,59.29%,-0.322788,2026-09-04
NUAI,5.41,2026-10-09,34,Call,5.50,-1.66%,0.8,0.85,1,2281,427,5.34,139.10%,142.14%,0.574106,2026-09-04
MU,1016.59,2026-10-09,34,Call,960.00,+5.57%,107.45,108.6,115.05,560,105,5.33,64.65%,64.80%,0.657498,2026-09-04
SNOW,337.18,2026-09-11,6,Call,365.00,-8.25%,0.93,1.11,1.14,1657,311,5.33,43.58%,48.09%,0.106469,2026-09-04
BE,252.87,2026-09-11,6,Call,265.00,-4.80%,10.2,10.39,10.4,1054,198,5.32,90.84%,117.65%,0.408538,2026-09-04
ORCL,158.78,2026-09-11,6,Put,157.50,-0.81%,8.4,8.8,8.75,850,160,5.31,70.09%,114.22%,-0.447941,2026-09-04
PG,146.44,2026-09-11,6,Put,145.00,-0.98%,0.57,0.72,0.87,688,130,5.29,18.40%,17.74%,-0.326162,2026-09-04
META,616.77,2026-09-09,4,Call,647.50,-4.98%,0.79,0.82,0.82,888,168,5.29,35.99%,32.99%,0.083768,2026-09-04
SLS,13.86,2026-09-11,6,Call,16.00,-15.44%,0.2,0.24,0.35,912,173,5.27,204.67%,131.24%,0.221913,2026-09-04
IREN,44.68,2026-09-11,6,Call,45.50,-1.84%,1.51,1.56,1.59,1324,251,5.27,87.42%,83.34%,0.455719,2026-09-04
AVGO,357.89,2026-09-09,4,Call,355.00,+0.81%,6.4,6.35,6.55,3802,724,5.25,37.03%,32.41%,0.604754,2026-09-04
SNOW,337.18,2026-09-11,6,Call,350.00,-3.80%,3.15,3.25,3.4,4575,872,5.25,43.58%,45.89%,0.275976,2026-09-04
BLK,1122.29,2026-09-18,13,Call,"1,030.00",+8.22%,88.2,92.6,95.9,2400,459,5.23,27.23%,14.60%,0.998457,2026-09-04
HOOD,122.11,2026-09-11,6,Call,141.00,-15.47%,0.25,0.34,0.35,611,117,5.22,63.01%,71.24%,0.063941,2026-09-04
IREN,44.68,2026-09-11,6,Call,47.00,-5.19%,1.02,1.09,1.09,6437,1235,5.21,87.42%,85.18%,0.343274,2026-09-04
IONQ,39.52,2026-09-11,6,Put,37.50,-5.11%,0.72,0.81,0.88,690,133,5.19,74.37%,82.32%,-0.289484,2026-09-04
META,616.77,2026-09-11,6,Call,612.50,+0.69%,13.25,13.35,13.45,1243,240,5.18,35.99%,34.67%,0.575588,2026-09-04
NBIS,226.39,2026-09-11,6,Call,242.50,-7.12%,4.3,4.4,5.15,646,125,5.17,85.02%,90.99%,0.299488,2026-09-04
BE,252.87,2026-09-11,6,Put,230.00,-9.04%,4.7,4.83,4.9,1755,341,5.15,90.84%,107.42%,-0.223296,2026-09-04
AAPL,319.97,2026-09-11,6,Put,312.50,-2.33%,1.86,1.96,1.96,4302,835,5.15,25.16%,29.61%,-0.256577,2026-09-04
SPCX,147.95,2026-09-25,20,Put,149.00,+0.71%,7.25,7.35,7.4,1094,213,5.14,50.41%,49.99%,-0.495622,2026-09-04
META,616.77,2026-09-09,4,Put,587.50,-4.75%,0.64,0.66,0.66,575,112,5.13,35.99%,32.06%,-0.070038,2026-09-04
UNH,397.14,2026-09-11,6,Call,395.00,+0.54%,5.55,6.3,7.75,816,159,5.13,32.03%,27.00%,0.571093,2026-09-04
NOW,141.26,2027-09-17,377,Call,190.00,-34.50%,18.95,19.58,20,707,138,5.12,51.97%,56.48%,0.437828,2026-09-04
CRCL,102.05,2026-10-02,27,Call,105.00,-2.89%,7.4,7.57,8,1641,321,5.11,79.93%,80.14%,0.496223,2026-09-04
TSLA,354.08,2026-09-14,9,Call,370.00,-4.50%,2.84,2.93,2.91,2300,450,5.11,40.37%,37.45%,0.240937,2026-09-04
USAR,17.61,2026-09-11,6,Call,17.50,+0.62%,0.74,0.78,0.8,607,119,5.1,80.81%,78.93%,0.547134,2026-09-04
AMD,477.57,2026-09-09,4,Call,465.00,+2.63%,16.1,16.4,16.7,1025,201,5.1,49.79%,43.47%,0.731644,2026-09-04
RIOT,21.8,2026-09-11,6,Put,19.50,-10.55%,0.14,0.16,0.19,738,145,5.09,84.35%,83.01%,-0.134367,2026-09-04
AMZN,258.51,2026-09-11,6,Put,262.50,+1.54%,5.9,5.9,6.15,2550,501,5.09,30.40%,28.43%,-0.652428,2026-09-04
MSFT,499.7,2026-09-11,6,Call,505.00,-1.06%,3.7,3.82,4,3208,631,5.08,24.61%,23.54%,0.374916,2026-09-04
MARA,11.31,2026-09-11,6,Call,12.00,-6.10%,0.23,0.24,0.25,46927,9284,5.05,83.23%,85.71%,0.316119,2026-09-04
RDDT,154.46,2026-09-11,6,Put,152.50,-1.27%,3.15,3.3,3.5,1224,243,5.04,58.91%,54.40%,-0.410939,2026-09-04
LITE,881.26,2027-01-15,132,Put,730.00,-17.16%,73.2,77.54,83.2,506,101,5.01,71.99%,76.02%,-0.252961,2026-09-04
MU,1016.59,2026-09-09,4,Call,"1,125.00",-10.66%,1.41,1.54,1.6,616,123,5.01,64.65%,59.75%,0.05677,2026-09-04
CMG,36.96,2026-09-18,13,Call,38.50,-4.17%,0.31,0.4,0.4,10478,2095,5,34.05%,32.18%,0.2674,2026-09-04
BTU,28.85,2026-10-16,41,Call,32.00,-10.92%,0.83,1,1.2,513,103,4.98,52.23%,54.70%,0.323344,2026-09-04
ASML,1714.88,2026-09-11,6,Call,"1,750.00",-2.05%,20.7,22.4,24,511,103,4.96,44.07%,41.75%,0.365854,2026-09-04
PATH,15.19,2026-09-11,6,Call,15.50,-2.04%,0.3,0.4,0.5,684,138,4.96,58.78%,68.47%,0.428778,2026-09-04
KYIV,14.11,2026-12-18,104,Call,15.00,-6.31%,0.6,1,1.05,1755,354,4.96,39.34%,37.45%,0.439897,2026-09-04
ALKS,46.1,2026-10-16,41,Call,50.00,-8.46%,1.4,1.87,2.05,500,101,4.95,56.77%,50.66%,0.356089,2026-09-04
CYPH,2.42,2026-10-16,41,Call,5.00,-106.61%,0.1,0.1,0.15,3141,635,4.95,163.43%,184.58%,0.195692,2026-09-04
AAPL,319.97,2026-09-11,6,Call,327.50,-2.35%,1.93,1.95,2.01,8770,1776,4.94,25.16%,28.83%,0.275503,2026-09-04
CRM,259.23,2026-12-18,104,Put,110.00,-57.57%,0.08,0.13,0.19,715,145,4.93,39.34%,66.07%,-0.004255,2026-09-04
AMD,477.57,2026-09-09,4,Call,505.00,-5.74%,1.55,1.59,1.64,1000,203,4.93,49.79%,47.22%,0.136295,2026-09-04
SKHY,177,2026-09-11,6,Put,149.00,-15.82%,0.1,0.23,0.4,1529,310,4.93,64.02%,76.48%,-0.035087,2026-09-04
VRNS,46.09,2026-10-16,41,Call,50.00,-8.48%,0.95,1.15,1.3,2450,497,4.93,53.74%,40.01%,0.305334,2026-09-04
HUT,93.54,2026-09-11,6,Call,91.00,+2.72%,4.45,5.65,7.4,521,106,4.92,96.57%,95.58%,0.614573,2026-09-04
ONDS,7.62,2026-10-02,27,Call,12.00,-57.48%,0.03,0.1,0.09,893,182,4.91,71.77%,102.96%,0.0705,2026-09-04
NVDA,230.36,2026-10-23,48,Call,240.00,-4.18%,7.75,7.95,8.15,1526,311,4.91,34.41%,34.67%,0.409209,2026-09-04
MU,1016.59,2026-09-18,13,Call,995.00,+2.12%,55.65,55.95,58.65,794,162,4.9,64.65%,59.23%,0.602299,2026-09-04
HAFN,9.22,2027-01-15,132,Call,7.50,+18.66%,1.45,1.65,2.1,3228,659,4.9,51.17%,37.63%,0.861916,2026-09-04
AMD,477.57,2026-09-11,6,Put,467.50,-2.11%,7.4,7.7,7.7,518,106,4.89,49.79%,49.72%,-0.354135,2026-09-04
VKTX,34.87,2026-10-16,41,Put,32.50,-6.80%,3.1,3.6,3.9,651,133,4.89,106.19%,103.75%,-0.349774,2026-09-04
INTC,95.8,2026-09-09,4,Call,96.00,-0.21%,2.04,2.05,2.11,4400,900,4.89,61.80%,53.89%,0.498885,2026-09-04
CRCL,102.05,2027-06-17,285,Put,110.00,+7.79%,31.35,31.7,32.6,503,103,4.88,79.93%,81.12%,-0.390743,2026-09-04
MU,1016.59,2026-09-09,4,Put,955.00,-6.06%,3.65,3.61,3.95,756,155,4.88,64.65%,54.31%,-0.128384,2026-09-04
TSLA,354.08,2027-02-19,167,Call,375.00,-5.91%,37,37.7,37.55,1234,253,4.88,40.37%,45.41%,0.509582,2026-09-04
MSFT,499.7,2026-09-09,4,Call,510.00,-2.06%,1.01,1.07,1.15,3323,681,4.88,24.61%,20.95%,0.182752,2026-09-04
MSTR,142.8,2026-09-11,6,Put,142.00,-0.56%,5,5.16,5.2,1304,268,4.87,75.03%,75.93%,-0.45566,2026-09-04
CMG,36.96,2026-09-11,6,Call,37.00,-0.11%,0.55,0.62,0.65,1646,338,4.87,34.05%,32.21%,0.50355,2026-09-04
DNUT,3.38,2026-11-20,76,Put,3.50,+3.55%,0.25,0.42,0.55,1002,206,4.86,60.12%,54.12%,-0.504877,2026-09-04
PYPL,54.96,2026-09-11,6,Call,58.00,-5.53%,0.18,0.31,0.38,4767,990,4.82,35.17%,43.28%,0.174891,2026-09-04
AMZN,258.51,2026-09-09,4,Call,257.50,+0.39%,3.1,3.25,3.3,5028,1046,4.81,30.40%,24.19%,0.572588,2026-09-04
GTLB,49.83,2027-01-15,132,Put,47.50,-4.68%,4.3,5.58,6.5,804,167,4.81,55.18%,58.46%,-0.366316,2026-09-04
MU,1016.59,2026-09-11,6,Call,"1,080.00",-6.24%,10.15,10.6,11,1602,333,4.81,64.65%,61.33%,0.234883,2026-09-04
NOW,141.26,2026-09-11,6,Put,133.00,-5.85%,0.83,0.93,0.9,724,151,4.79,51.97%,51.30%,-0.169216,2026-09-04
SKHY,177,2026-10-16,41,Call,210.00,-18.64%,5.45,5.75,5.95,1193,249,4.79,64.02%,66.91%,0.263788,2026-09-04
NVDA,230.36,2026-09-11,6,Put,240.00,+4.18%,10.45,10.35,10.8,1428,298,4.79,34.41%,35.41%,-0.809812,2026-09-04
PRMB,22,2026-09-18,13,Call,23.00,-4.55%,0.15,0.2,0.4,4305,900,4.78,36.21%,38.62%,0.285387,2026-09-04
BE,252.87,2026-09-11,6,Call,260.00,-2.82%,11.85,12.05,12.1,4874,1026,4.75,90.84%,116.11%,0.456844,2026-09-04
CRM,259.23,2026-09-11,6,Call,262.50,-1.26%,3.6,3.68,3.85,1294,273,4.74,39.34%,38.57%,0.413291,2026-09-04
PATH,15.19,2026-10-16,41,Call,16.00,-5.33%,0.85,0.9,0.99,1462,309,4.73,58.78%,60.52%,0.44663,2026-09-04
VKTX,34.87,2026-09-25,20,Put,30.00,-13.97%,0.98,1.39,1.86,859,182,4.72,106.19%,110.11%,-0.235977,2026-09-04
TSM,428.91,2026-09-11,6,Put,417.50,-2.66%,2.6,2.75,2.93,546,116,4.71,34.15%,32.85%,-0.250953,2026-09-04
AMD,477.57,2026-09-09,4,Put,450.00,-5.77%,1.07,1.14,1.19,1596,339,4.71,49.79%,45.81%,-0.101761,2026-09-04
MSTR,142.8,2026-09-25,20,Put,145.00,+1.54%,10.7,10.7,11.35,926,197,4.7,75.03%,74.73%,-0.49658,2026-09-04
GTM,4.13,2026-10-16,41,Call,4.00,+3.15%,0.3,0.36,0.5,2004,426,4.7,61.91%,59.36%,0.610727,2026-09-04
INOD,55.66,2026-11-20,76,Call,90.00,-61.70%,1.35,1.65,1.95,1145,244,4.69,72.43%,88.14%,0.164887,2026-09-04
MU,1016.59,2026-09-11,6,Call,"1,050.00",-3.29%,17.3,18,18,8890,1897,4.69,64.65%,59.37%,0.352296,2026-09-04
MSTR,142.8,2026-09-11,6,Put,137.00,-4.06%,2.85,2.9,2.97,683,146,4.68,75.03%,74.70%,-0.313388,2026-09-04
AMZN,258.51,2026-09-11,6,Call,250.00,+3.29%,9.35,9.5,9.85,1903,407,4.68,30.40%,29.23%,0.823259,2026-09-04
TSLA,354.08,2026-09-11,6,Put,355.00,+0.26%,7.55,7.65,7.65,4859,1040,4.67,40.37%,39.87%,-0.506438,2026-09-04
RBLX,43.31,2026-09-11,6,Call,46.00,-6.21%,0.38,0.41,0.46,583,125,4.66,60.51%,59.38%,0.22791,2026-09-04
AAPL,319.97,2026-09-09,4,Put,300.00,-6.24%,0.15,0.17,0.17,2063,443,4.66,25.16%,34.41%,-0.034655,2026-09-04
TSLA,354.08,2026-09-14,9,Put,335.00,-5.39%,1.71,1.75,1.78,642,138,4.65,40.37%,36.80%,-0.158306,2026-09-04
CRWV,89.36,2026-09-11,6,Call,92.00,-2.95%,2.28,2.3,2.34,2196,472,4.65,76.04%,74.43%,0.400836,2026-09-04
DELL,524.14,2026-09-11,6,Call,540.00,-3.03%,10.05,10.1,10.25,2239,482,4.65,62.50%,61.79%,0.370585,2026-09-04
FCX,72.73,2026-09-11,6,Call,76.00,-4.50%,0.43,0.5,0.55,1988,428,4.64,45.98%,42.58%,0.220622,2026-09-04
NOK,10.03,2026-09-11,6,Put,10.00,-0.30%,0.24,0.25,0.26,3329,717,4.64,53.95%,52.03%,-0.466852,2026-09-04
NBIS,226.39,2026-09-11,6,Call,227.50,-0.49%,9.15,9.41,10.15,597,129,4.63,85.02%,87.34%,0.507034,2026-09-04
ASST,27.14,2026-09-11,6,Call,27.50,-1.33%,0.9,1,1.07,670,145,4.62,85.95%,82.27%,0.473465,2026-09-04
APLD,26.37,2026-09-11,6,Call,26.00,+1.40%,1.03,1.16,1.2,3413,740,4.61,83.75%,67.94%,0.584204,2026-09-04
TSLA,354.08,2026-09-14,9,Put,340.00,-3.98%,2.69,2.72,2.77,1261,274,4.6,40.37%,36.47%,-0.226335,2026-09-04
CNH,14.4,2026-12-18,104,Call,15.00,-4.17%,0.95,1.05,1.1,3904,851,4.59,37.39%,41.38%,0.472429,2026-09-04
AAOI,105.53,2026-09-11,6,Call,120.00,-13.71%,0.75,0.85,0.9,1237,270,4.58,89.92%,88.37%,0.141781,2026-09-04
MRVL,223.55,2026-09-11,6,Put,217.50,-2.71%,4,4.15,4.3,717,157,4.57,63.48%,60.25%,-0.344467,2026-09-04
AFRM,72.35,2026-09-11,6,Put,66.00,-8.78%,0.12,0.15,0.19,1862,407,4.57,51.73%,50.55%,-0.072375,2026-09-04
SPCX,147.95,2026-09-11,6,Put,146.00,-1.32%,2.82,2.81,2.86,1605,353,4.55,50.41%,50.14%,-0.402715,2026-09-04
MCD,255.69,2026-09-11,6,Call,265.00,-3.64%,0.2,0.25,0.31,1669,367,4.55,20.58%,20.09%,0.085224,2026-09-04
HONA,161.01,2026-10-16,41,Put,150.00,-6.84%,3,4.4,4.7,2019,444,4.55,42.82%,40.51%,-0.269043,2026-09-04
UEC,11.54,2026-09-11,6,Call,11.00,+4.68%,0.65,0.69,0.85,966,213,4.54,65.48%,73.19%,0.713638,2026-09-04
FIG,24.12,2026-09-11,6,Call,25.00,-3.65%,0.48,0.54,0.54,834,184,4.53,70.48%,69.74%,0.36337,2026-09-04
EOSE,3.88,2028-09-15,741,Put,3.00,-22.68%,1.22,1.5,1.6,1113,247,4.51,104.29%,111.48%,-0.163632,2026-09-04
MSFT,499.7,2026-09-09,4,Put,495.00,-0.94%,2.15,2.24,2.32,1394,309,4.51,24.61%,20.33%,-0.320009,2026-09-04
NFLX,78.25,2026-09-11,6,Put,79.00,+0.96%,1.62,1.64,1.68,6264,1389,4.51,35.57%,31.43%,-0.581532,2026-09-04
AAPL,319.97,2026-09-09,4,Put,302.50,-5.46%,0.22,0.23,0.24,859,191,4.5,25.16%,33.00%,-0.049252,2026-09-04
SPCX,147.95,2026-09-11,6,Put,147.00,-0.64%,3.25,3.3,3.35,3049,677,4.5,50.41%,50.29%,-0.444447,2026-09-04
MU,1016.59,2026-09-11,6,Call,"1,060.00",-4.27%,14.55,15.2,16,1155,257,4.49,64.65%,60.78%,0.311996,2026-09-04
AFRM,72.35,2026-09-18,13,Call,82.00,-13.34%,0.33,0.44,0.45,502,112,4.48,51.73%,52.69%,0.115737,2026-09-04
DELL,524.14,2026-09-11,6,Call,535.00,-2.07%,11.7,12.1,12.1,631,141,4.48,62.50%,61.54%,0.415267,2026-09-04
BMNR,24.97,2026-09-11,6,Put,25.00,+0.12%,0.92,0.94,0.97,3220,718,4.48,76.42%,73.31%,-0.4844,2026-09-04
AMZN,258.51,2026-09-09,4,Call,265.00,-2.51%,0.66,0.69,0.7,10189,2278,4.47,30.40%,25.45%,0.183362,2026-09-04
MU,1016.59,2026-09-11,6,Put,935.00,-8.03%,5,5.15,5.4,670,150,4.47,64.65%,60.01%,-0.128622,2026-09-04
TSLA,354.08,2026-09-09,4,Put,330.00,-6.80%,0.25,0.25,0.26,3037,679,4.47,40.37%,39.62%,-0.042028,2026-09-04
SNOW,337.18,2026-09-11,6,Put,330.00,-2.13%,4,4,4.4,2207,495,4.46,43.58%,42.78%,-0.33388,2026-09-04
VST,149.3,2026-11-20,76,Call,165.00,-10.52%,7.55,7.72,7.85,2137,480,4.45,43.63%,48.58%,0.377362,2026-09-04
NUAI,5.41,2026-09-11,6,Put,5.00,-7.58%,0.1,0.15,0.25,834,188,4.44,139.10%,128.91%,-0.286823,2026-09-04
MCD,255.69,2026-09-11,6,Call,260.00,-1.69%,0.8,0.92,0.96,1150,259,4.44,20.58%,18.56%,0.2464,2026-09-04
ASTS,62.31,2026-09-11,6,Put,54.00,-13.34%,0,0.14,0.27,1364,307,4.44,74.93%,71.69%,-0.05379,2026-09-04
DVN,48.06,2026-11-20,76,Call,50.00,-4.04%,2.3,2.31,2.38,10231,2303,4.44,33.28%,35.75%,0.439076,2026-09-04
SKHY,177,2026-09-11,6,Call,190.00,-7.34%,1.64,2.03,2.07,1750,395,4.43,64.02%,67.34%,0.220367,2026-09-04
TSLA,354.08,2026-09-18,13,Call,352.50,+0.45%,11.5,11.6,11.65,2351,532,4.42,40.37%,39.61%,0.545584,2026-09-04
PCG,14.3,2027-01-15,132,Call,19.00,-32.87%,0.85,0.86,0.88,21367,4833,4.42,61.36%,63.98%,0.298891,2026-09-04
RIOT,21.8,2026-09-11,6,Call,23.50,-7.80%,0.27,0.33,0.4,878,199,4.41,84.35%,82.03%,0.255974,2026-09-04
NBIS,226.39,2026-09-11,6,Put,182.50,-19.39%,0.27,0.37,0.45,1155,262,4.41,85.02%,94.20%,-0.032208,2026-09-04
MSTR,142.8,2026-09-11,6,Put,138.00,-3.36%,3.25,3.32,3.35,1400,318,4.4,75.03%,75.12%,-0.341439,2026-09-04
IREN,44.68,2026-11-20,76,Put,36.00,-19.43%,3.15,3.25,3.4,3668,834,4.4,87.42%,94.42%,-0.232121,2026-09-04
TSLA,354.08,2026-09-11,6,Put,357.50,+0.97%,8.95,9.1,9.05,3760,855,4.4,40.37%,39.95%,-0.560975,2026-09-04
LITE,881.26,2026-09-18,13,Call,860.00,+2.41%,56.7,56.6,58.8,592,135,4.39,71.99%,69.82%,0.60296,2026-09-04
CRDO,170.57,2027-03-19,195,Call,250.00,-46.57%,19.5,20.25,21,593,135,4.39,74.29%,82.35%,0.382495,2026-09-04
CSCO,109.2,2026-09-11,6,Put,108.00,-1.10%,0.86,0.86,0.99,821,187,4.39,28.70%,26.29%,-0.361787,2026-09-04
AEO,17.39,2026-09-11,6,Call,19.00,-9.26%,0.54,0.69,0.69,692,158,4.38,76.58%,135.57%,0.336422,2026-09-04
MSTR,142.8,2026-09-11,6,Call,190.00,-33.05%,0.15,0.15,0.18,797,182,4.38,75.03%,107.96%,0.023328,2026-09-04
BAH,72.8,2026-10-16,41,Call,80.00,-9.89%,1.05,1.15,1.2,537,123,4.37,37.19%,35.70%,0.233855,2026-09-04
SMCI,39.59,2026-09-11,6,Put,36.00,-9.07%,0.27,0.26,0.29,3625,829,4.37,73.04%,72.80%,-0.142094,2026-09-04
AAPL,319.97,2026-09-14,9,Call,325.00,-1.57%,3.05,3.1,3.25,1693,388,4.36,25.16%,25.70%,0.364531,2026-09-04
MU,1016.59,2026-09-09,4,Put,905.00,-10.98%,0.71,0.79,0.88,518,119,4.35,64.65%,60.70%,-0.030921,2026-09-04
ABBV,256.46,2026-10-02,27,Call,280.00,-9.18%,0.23,0.8,1.23,578,133,4.35,26.10%,23.93%,0.095637,2026-09-04
CRDO,170.57,2026-09-11,6,Call,200.00,-17.25%,0.55,0.65,0.75,1909,439,4.35,74.29%,84.93%,0.08047,2026-09-04
AVBP,30.95,2026-10-16,41,Call,20.00,+35.38%,10.9,13.32,15,2525,580,4.35,138.41%,177.44%,0.850524,2026-09-04
SKHY,177,2026-09-11,6,Call,175.00,+1.13%,6.85,7,7.1,3823,883,4.33,64.02%,65.17%,0.573365,2026-09-04
VST,149.3,2026-09-25,20,Call,155.00,-3.82%,3.7,3.9,4,762,176,4.33,43.63%,43.67%,0.382241,2026-09-04
MU,1016.59,2026-09-09,4,Put,900.00,-11.47%,0.65,0.7,0.75,2069,478,4.33,64.65%,61.73%,-0.027239,2026-09-04
BIDU,99.47,2026-09-11,6,Call,104.00,-4.55%,0.74,0.9,0.9,544,126,4.32,43.15%,46.68%,0.240607,2026-09-04
AAPL,319.97,2026-09-09,4,Call,335.00,-4.70%,0.35,0.36,0.38,6264,1449,4.32,25.16%,30.57%,0.079677,2026-09-04
CVNA,74.59,2026-09-11,6,Put,69.00,-7.49%,0.32,0.36,0.41,936,217,4.31,56.18%,56.33%,-0.130846,2026-09-04
MU,1016.59,2026-09-11,6,Put,975.00,-4.09%,13.2,13.6,13.85,1029,239,4.31,64.65%,58.93%,-0.275076,2026-09-04
AMZN,258.51,2026-09-09,4,Put,250.00,-3.29%,0.33,0.36,0.37,2747,638,4.31,30.40%,25.90%,-0.103545,2026-09-04
SNOW,337.18,2026-09-11,6,Call,385.00,-14.18%,0.17,0.21,0.23,1024,238,4.3,43.58%,51.41%,0.024413,2026-09-04
DELL,524.14,2026-09-11,6,Call,527.50,-0.64%,14.7,14.95,15.1,511,119,4.29,62.50%,61.01%,0.48561,2026-09-04
PURR,12.18,2026-10-16,41,Put,9.00,-26.11%,0.25,0.25,0.4,1727,403,4.29,99.96%,98.36%,-0.136974,2026-09-04
NVDA,230.36,2026-09-14,9,Call,250.00,-8.53%,0.26,0.26,0.31,4179,974,4.29,34.41%,32.31%,0.058017,2026-09-04
NVDA,230.36,2026-09-11,6,Put,222.50,-3.41%,1.21,1.29,1.29,10800,2515,4.29,34.41%,34.94%,-0.209591,2026-09-04
MSFT,499.7,2026-09-11,6,Call,502.50,-0.56%,4.7,4.78,4.95,996,233,4.27,24.61%,23.49%,0.438501,2026-09-04
HAFN,9.22,2026-09-18,13,Call,7.50,+18.66%,1.65,1.7,1.8,1994,467,4.27,51.17%,63.63%,0.973971,2026-09-04
SKHY,177,2026-09-11,6,Put,160.00,-9.60%,0.81,0.8,0.95,2574,604,4.26,64.02%,67.90%,-0.1132,2026-09-04
AAOI,105.53,2028-01-21,503,Put,40.00,-62.10%,4,6.2,6.6,604,142,4.25,89.92%,89.01%,-0.067336,2026-09-04
LQDA,68.66,2026-09-11,6,Put,45.00,-34.46%,0.15,0.2,0.3,1674,394,4.25,101.41%,189.97%,-0.031536,2026-09-04
MU,1016.59,2026-09-11,6,Call,"1,025.00",-0.83%,26.2,27.2,28.45,1571,371,4.23,64.65%,59.55%,0.47525,2026-09-04
SNOW,337.18,2026-09-11,6,Call,380.00,-12.70%,0.24,0.33,0.33,2274,537,4.23,43.58%,50.02%,0.034158,2026-09-04
NFLX,78.25,2026-09-11,6,Call,83.00,-6.07%,0.16,0.16,0.18,12963,3068,4.23,35.57%,35.30%,0.102702,2026-09-04
DELL,524.14,2026-09-18,13,Put,520.00,-0.79%,21.6,21.5,22,871,207,4.21,62.50%,61.27%,-0.446551,2026-09-04
ENPH,36.37,2027-06-17,285,Call,85.00,-133.71%,1.44,1.84,2.25,500,119,4.2,62.10%,75.19%,0.184422,2026-09-04
IONQ,39.52,2026-09-11,6,Call,42.00,-6.28%,0.75,0.75,0.91,4428,1054,4.2,74.37%,86.29%,0.31225,2026-09-04
AMZN,258.51,2026-09-09,4,Call,260.00,-0.58%,1.96,2.03,2.15,11487,2735,4.2,30.40%,24.87%,0.423669,2026-09-04
INTC,95.8,2026-09-09,4,Call,100.00,-4.38%,0.81,0.83,0.83,12695,3025,4.2,61.80%,57.15%,0.247697,2026-09-04
AMD,477.57,2026-09-09,4,Call,490.00,-2.60%,4.25,4.3,4.35,1896,452,4.19,49.79%,45.28%,0.305004,2026-09-04
CF,133.35,2026-09-11,6,Call,140.00,-4.99%,0.1,1,1.65,1016,243,4.18,45.41%,44.77%,0.208046,2026-09-04
CBRS,210.05,2026-10-16,41,Call,250.00,-19.02%,9.2,9.6,9.8,2388,573,4.17,76.26%,79.05%,0.305329,2026-09-04
OC,138.72,2026-09-18,13,Call,150.00,-8.13%,0.8,1.06,1.5,3319,796,4.17,39.95%,44.36%,0.187591,2026-09-04
INTC,95.8,2026-10-02,27,Put,91.00,-5.01%,3.8,4,4,612,147,4.16,61.80%,60.05%,-0.341454,2026-09-04
MCD,255.69,2026-09-11,6,Call,257.50,-0.71%,1.5,1.61,1.7,759,183,4.15,20.58%,18.17%,0.387351,2026-09-04
SMCI,39.59,2026-09-11,6,Call,43.50,-9.88%,0.36,0.38,0.39,1746,421,4.15,73.04%,76.92%,0.184111,2026-09-04
STZ,128.18,2026-09-11,6,Put,128.00,-0.14%,1.7,1.95,2.85,541,131,4.13,32.10%,36.17%,-0.477929,2026-09-04
SLS,13.86,2027-04-16,223,Call,15.00,-8.23%,6.7,6.85,7.7,2012,487,4.13,204.67%,185.83%,0.754456,2026-09-04
SPCX,147.95,2026-09-11,6,Put,134.00,-9.43%,0.36,0.41,0.38,2236,541,4.13,50.41%,55.59%,-0.07594,2026-09-04
ULTA,564.12,2026-09-18,13,Call,670.00,-18.77%,0.1,0.1,1.7,535,130,4.12,31.70%,51.05%,0.042117,2026-09-04
GOOGL,338.46,2026-10-02,27,Call,340.00,-0.46%,10,10.06,10.25,1340,325,4.12,28.49%,28.49%,0.504819,2026-09-04
NFLX,78.25,2026-09-11,6,Call,81.00,-3.51%,0.41,0.42,0.42,7951,1929,4.12,35.57%,33.40%,0.22026,2026-09-04
MU,1016.59,2028-06-16,650,Call,"2,390.00",-135.10%,139.45,131.5,156,518,126,4.11,64.65%,70.03%,0.354836,2026-09-04
TSLA,354.08,2026-09-14,9,Call,375.00,-5.91%,2,2.07,2.06,1926,469,4.11,40.37%,38.20%,0.180856,2026-09-04
VLO,370.72,2026-09-18,13,Put,345.00,-6.94%,2.9,3.4,3.7,639,156,4.1,44.88%,44.99%,-0.184475,2026-09-04
NVDA,230.36,2026-09-14,9,Call,240.00,-4.18%,1.14,1.15,1.34,2943,717,4.1,34.41%,30.30%,0.205661,2026-09-04
SMCI,39.59,2026-09-11,6,Put,37.50,-5.28%,0.53,0.58,0.62,813,199,4.09,73.04%,70.12%,-0.256509,2026-09-04
CBRS,210.05,2026-09-11,6,Call,230.00,-9.50%,2.2,2.5,2.65,872,213,4.09,76.26%,80.97%,0.207104,2026-09-04
CARR,59.71,2026-10-16,41,Call,65.00,-8.86%,0.7,0.75,0.85,995,243,4.09,31.94%,30.87%,0.227424,2026-09-04
NVDA,230.36,2026-09-25,20,Put,235.00,+2.01%,9.45,9.62,9.75,1323,326,4.06,34.41%,33.42%,-0.579438,2026-09-04
DELL,524.14,2026-09-11,6,Put,500.00,-4.61%,6.65,6.61,6.85,1461,360,4.06,62.50%,61.45%,-0.259875,2026-09-04
AMZN,258.51,2026-09-09,4,Put,260.00,+0.58%,3.35,3.35,3.55,3813,941,4.05,30.40%,24.86%,-0.577932,2026-09-04
AMD,477.57,2026-09-11,6,Put,457.50,-4.20%,4.05,4.3,4.55,654,162,4.04,49.79%,49.27%,-0.235843,2026-09-04
GPN,92.54,2026-11-20,76,Call,90.00,+2.74%,8.2,8.9,9.4,817,202,4.04,36.06%,43.54%,0.603935,2026-09-04
KO,88.07,2026-09-18,13,Call,89.00,-1.06%,0.57,0.6,0.63,1352,335,4.04,18.28%,14.74%,0.363695,2026-09-04
META,616.77,2026-09-09,4,Call,625.00,-1.33%,4.5,4.6,4.6,1887,467,4.04,35.99%,30.54%,0.349215,2026-09-04
TSLA,354.08,2026-09-16,11,Call,375.00,-5.91%,3,3.05,3.15,600,149,4.03,40.37%,40.52%,0.221987,2026-09-04
LULU,100.61,2027-03-19,195,Call,115.00,-14.30%,9,9.5,9.9,1132,281,4.03,41.44%,47.46%,0.440179,2026-09-04
AMZN,258.51,2026-09-09,4,Put,252.50,-2.32%,0.63,0.68,0.72,1928,479,4.03,30.40%,25.27%,-0.179841,2026-09-04
IREN,44.68,2026-09-11,6,Put,41.00,-8.24%,0.5,0.53,0.53,2211,549,4.03,87.42%,81.75%,-0.190051,2026-09-04
TSLA,354.08,2026-09-11,6,Put,352.50,-0.45%,6.3,6.3,6.35,4694,1166,4.03,40.37%,39.71%,-0.45111,2026-09-04
NKE,38.4,2026-09-11,6,Call,38.50,-0.26%,0.54,0.54,0.55,4855,1205,4.03,41.86%,30.28%,0.479985,2026-09-04
SLB,57.51,2026-09-11,6,Put,56.00,-2.63%,0.32,0.38,0.43,591,147,4.02,35.68%,32.68%,-0.254056,2026-09-04
MU,1016.59,2026-09-11,6,Call,"1,010.00",+0.65%,33.15,33.95,35.45,2457,611,4.02,64.65%,59.03%,0.552323,2026-09-04
SMCI,39.59,2026-09-18,13,Put,40.50,+2.30%,2.55,2.73,2.67,558,139,4.01,73.04%,71.41%,-0.537534,2026-09-04
BE,252.87,2026-09-11,6,Call,255.00,-0.84%,13.85,14,14.05,1318,329,4.01,90.84%,115.00%,0.508324,2026-09-04
CSCO,109.2,2026-09-18,13,Call,111.00,-1.65%,1.51,1.57,1.57,1417,353,4.01,28.70%,27.74%,0.392638,2026-09-04
MSFT,499.7,2026-09-09,4,Call,515.00,-3.06%,0.45,0.48,0.51,1874,467,4.01,24.61%,21.36%,0.092882,2026-09-04
PL,18.12,2026-09-11,6,Call,19.00,-4.86%,0.3,0.35,0.4,1128,282,4,69.89%,73.83%,0.327291,2026-09-04
DELL,524.14,2026-09-11,6,Call,530.00,-1.12%,13.8,14,14,1958,490,4,62.50%,61.40%,0.461997,2026-09-04
MCD,255.69,2026-11-20,76,Call,260.00,-1.69%,9.35,9.65,9.7,527,132,3.99,20.58%,24.34%,0.465632,2026-09-04
AEHR,86.26,2026-10-16,41,Put,100.00,+15.93%,19.1,21.5,22.4,594,149,3.99,108.23%,105.04%,-0.593771,2026-09-04
AMD,477.57,2026-09-09,4,Call,510.00,-6.79%,1.08,1.11,1.15,1034,259,3.99,49.79%,47.83%,0.100416,2026-09-04
AAPL,319.97,2026-09-09,4,Put,315.00,-1.55%,1.73,1.9,1.87,7146,1801,3.97,25.16%,28.75%,-0.292656,2026-09-04
AFRM,72.35,2026-09-11,6,Call,80.00,-10.57%,0.15,0.16,0.2,1144,288,3.97,51.73%,53.97%,0.079349,2026-09-04
LULU,100.61,2026-10-16,41,Call,120.00,-19.27%,0.87,1.04,0.99,891,225,3.96,41.44%,43.47%,0.133856,2026-09-04
AMD,477.57,2026-09-09,4,Call,495.00,-3.65%,3.05,3.11,3.2,1464,370,3.96,49.79%,45.88%,0.23755,2026-09-04
DELL,524.14,2026-09-11,6,Call,520.00,+0.79%,18.45,19.14,18.7,1553,392,3.96,62.50%,60.99%,0.558449,2026-09-04
HAFN,9.22,2026-10-16,41,Call,7.50,+18.66%,1.6,1.7,1.75,4121,1041,3.96,51.17%,44.71%,0.949868,2026-09-04
GOOGL,338.46,2026-09-09,4,Call,345.00,-1.93%,1.05,1.06,1.08,5826,1471,3.96,28.49%,23.38%,0.22519,2026-09-04
SLS,13.86,2026-09-11,6,Call,15.50,-11.83%,0.2,0.32,0.4,766,194,3.95,204.67%,118.39%,0.255585,2026-09-04
AMBA,62.89,2026-09-18,13,Call,70.00,-11.31%,3.2,3.25,3.6,714,181,3.94,103.14%,126.38%,0.372796,2026-09-04
GOOG,335.31,2026-09-11,6,Call,335.00,+0.09%,4.7,4.8,4.9,3092,784,3.94,28.80%,26.54%,0.524087,2026-09-04
GOOGL,338.46,2026-09-14,9,Call,345.00,-1.93%,2.66,2.77,3.25,521,133,3.92,28.49%,25.84%,0.333212,2026-09-04
HL,20.68,2026-09-11,6,Call,21.50,-3.97%,0.31,0.34,0.46,608,155,3.92,64.37%,66.57%,0.342322,2026-09-04
BE,252.87,2026-09-11,6,Put,220.00,-13.00%,2.4,2.43,2.5,1198,306,3.92,90.84%,104.95%,-0.134315,2026-09-04
NFLX,78.25,2026-09-11,6,Put,78.00,-0.32%,1.11,1.08,1.13,5937,1518,3.91,35.57%,31.55%,-0.455731,2026-09-04
HOOD,122.11,2026-10-16,41,Call,145.00,-18.75%,3.7,3.78,3.85,4281,1099,3.9,63.01%,65.91%,0.258306,2026-09-04
PL,18.12,2026-09-11,6,Put,17.50,-3.42%,0.35,0.4,0.4,695,178,3.9,69.89%,70.43%,-0.331264,2026-09-04
SNOW,337.18,2026-09-11,6,Call,375.00,-11.22%,0.42,0.43,0.51,2079,535,3.89,43.58%,49.86%,0.052436,2026-09-04
LVS,44.37,2026-11-20,76,Call,45.00,-1.42%,2.08,2.68,2.78,504,130,3.88,30.78%,33.28%,0.496189,2026-09-04
SKHY,177,2026-09-11,6,Call,177.50,-0.28%,5.65,5.8,5.8,633,163,3.88,64.02%,65.34%,0.506115,2026-09-04
MSFT,499.7,2026-09-11,6,Call,512.50,-2.56%,1.61,1.89,1.86,3428,884,3.88,24.61%,23.38%,0.208098,2026-09-04
GOOGL,338.46,2026-09-25,20,Call,345.00,-1.93%,6.2,6.25,6.35,2114,546,3.87,28.49%,27.98%,0.408477,2026-09-04
AVGO,357.89,2026-09-09,4,Call,360.00,-0.59%,3.95,4,4.1,4366,1127,3.87,37.03%,33.08%,0.443156,2026-09-04
NVDA,230.36,2026-10-16,41,Put,235.00,+2.01%,12.65,12.75,12.85,4979,1286,3.87,34.41%,34.42%,-0.537077,2026-09-04
MSFT,499.7,2026-09-09,4,Put,485.00,-2.94%,0.33,0.39,0.45,560,145,3.86,24.61%,20.59%,-0.079317,2026-09-04
SMCI,39.59,2026-09-11,6,Put,41.00,+3.56%,2.21,2.2,2.34,613,159,3.86,73.04%,71.75%,-0.629301,2026-09-04
NVTS,11.8,2026-09-11,6,Call,12.00,-1.69%,0.37,0.38,0.4,2649,686,3.86,83.26%,78.13%,0.455507,2026-09-04
NOW,141.26,2026-09-11,6,Call,141.00,+0.18%,3.65,3.7,3.9,566,147,3.85,51.97%,49.90%,0.527949,2026-09-04
CIFR,17.74,2026-09-11,6,Call,18.00,-1.47%,0.8,0.82,0.9,11835,3076,3.85,96.25%,106.19%,0.486268,2026-09-04
GOOGL,338.46,2026-09-11,6,Call,340.00,-0.46%,3.85,4,4.05,6594,1718,3.84,28.49%,26.49%,0.459994,2026-09-04
COHR,281.86,2026-09-11,6,Put,255.00,-9.53%,1.25,1.65,2.1,503,131,3.84,71.52%,71.30%,-0.125633,2026-09-04
UBER,75.76,2027-03-19,195,Put,35.00,-53.80%,0.08,0.1,0.1,629,164,3.84,34.99%,49.37%,-0.008764,2026-09-04
NFLX,78.25,2026-09-25,20,Call,81.00,-3.51%,1.35,1.37,1.4,1493,389,3.84,35.57%,33.07%,0.351269,2026-09-04
AVGO,357.89,2026-09-09,4,Put,352.50,-1.51%,2.58,2.58,2.75,782,204,3.83,37.03%,33.27%,-0.322196,2026-09-04
GPRO,1.7,2026-09-18,13,Put,2.0000,+17.65%,0.45,0.49,0.5,3942,1031,3.82,167.66%,219.79%,-0.572386,2026-09-04
GOOGL,338.46,2026-09-11,6,Call,347.50,-2.67%,1.54,1.56,1.74,4740,1243,3.81,28.49%,27.53%,0.237773,2026-09-04
NBIS,226.39,2026-09-11,6,Call,225.00,+0.61%,10.3,10.44,11,5180,1359,3.81,85.02%,85.56%,0.546348,2026-09-04
BBY,90.27,2026-11-20,76,Put,75.00,-16.92%,0.75,1.05,1.15,586,154,3.81,34.99%,36.89%,-0.118133,2026-09-04
PATH,15.19,2026-09-18,13,Put,15.50,+2.04%,0.74,0.79,0.96,750,197,3.81,58.78%,60.13%,-0.544967,2026-09-04
NEE,83.43,2026-09-11,6,Put,84.00,+0.68%,0.84,1.16,1.27,544,143,3.8,20.82%,17.30%,-0.614676,2026-09-04
BLK,1122.29,2026-09-18,13,Call,"1,020.00",+9.11%,98.2,102.8,106.9,1201,316,3.8,27.23%,16.58%,0.99827,2026-09-04
PPTA,25.09,2027-01-15,132,Call,35.00,-39.50%,1.6,1.64,1.7,8011,2112,3.79,62.15%,71.29%,0.298141,2026-09-04
VFC,13.45,2026-09-11,6,Call,13.50,-0.37%,0.17,0.24,0.29,779,206,3.78,39.33%,36.76%,0.479161,2026-09-04
PATH,15.19,2026-10-16,41,Call,21.00,-38.25%,0.1,0.15,0.15,869,230,3.78,58.78%,65.37%,0.088544,2026-09-04
MSTR,142.8,2026-09-18,13,Call,80.00,+43.98%,62.65,63.24,63.3,614,163,3.77,75.03%,128.56%,0.994039,2026-09-04
WOLF,28.35,2026-10-16,41,Call,30.00,-5.82%,2.87,3,3.2,698,185,3.77,98.63%,96.74%,0.500186,2026-09-04
SBET,8.68,2026-12-18,104,Call,10.00,-15.21%,1.06,1.07,1.18,825,219,3.77,80.02%,84.56%,0.474596,2026-09-04
SMCI,39.59,2026-09-11,6,Put,36.50,-7.81%,0.35,0.37,0.38,857,228,3.76,73.04%,72.30%,-0.176472,2026-09-04
AMD,477.57,2026-09-09,4,Call,472.50,+1.06%,11.3,11.53,11.65,1276,339,3.76,49.79%,43.32%,0.605204,2026-09-04
BE,252.87,2026-09-11,6,Call,245.00,+3.11%,18.3,18.58,18.8,1498,399,3.75,90.84%,111.53%,0.616695,2026-09-04
SPCX,147.95,2026-09-11,6,Put,149.00,+0.71%,4.25,4.3,4.35,3003,801,3.75,50.41%,49.98%,-0.52837,2026-09-04
CYPH,2.42,2026-09-18,13,Put,2.00,-17.36%,0.05,0.13,0.15,4349,1161,3.75,163.43%,156.20%,-0.212449,2026-09-04
AMD,477.57,2026-09-11,6,Call,500.00,-4.70%,4.45,4.56,4.6,10258,2733,3.75,49.79%,50.52%,0.252374,2026-09-04
EMR,152.82,2026-09-18,13,Call,157.50,-3.06%,0.85,1.48,2.7,1524,407,3.74,27.70%,30.89%,0.3172,2026-09-04
TSLA,354.08,2026-09-11,6,Put,337.50,-4.68%,1.57,1.6,1.6,3048,816,3.74,40.37%,39.55%,-0.163121,2026-09-04
BA,212.25,2026-09-11,6,Put,212.50,+0.12%,2.83,3,3.15,544,146,3.73,30.12%,26.35%,-0.50719,2026-09-04
DELL,524.14,2026-09-11,6,Call,560.00,-6.84%,5,5.05,5.2,884,237,3.73,62.50%,62.81%,0.219098,2026-09-04
SMCI,39.59,2026-09-11,6,Put,38.00,-4.02%,0.73,0.75,0.78,925,248,3.73,73.04%,71.47%,-0.308937,2026-09-04
BMNR,24.97,2026-09-11,6,Call,28.50,-14.14%,0.13,0.14,0.17,1457,391,3.73,76.42%,83.42%,0.119478,2026-09-04
NFLX,78.25,2026-09-11,6,Call,78.00,+0.32%,1.43,1.43,1.47,2101,563,3.73,35.57%,32.45%,0.544614,2026-09-04
MU,1016.59,2026-09-09,4,Call,"1,040.00",-2.30%,12,13,13.9,2742,735,3.73,64.65%,52.68%,0.352632,2026-09-04
ADBE,266.51,2026-09-11,6,Call,270.00,-1.31%,9.25,9.28,9.4,524,141,3.72,51.99%,79.57%,0.471807,2026-09-04
OKLO,41.27,2026-09-18,13,Put,39.00,-5.50%,1.18,1.28,1.31,584,157,3.72,74.35%,73.35%,-0.3135,2026-09-04
IREN,44.68,2026-09-18,13,Call,54.00,-20.86%,0.57,0.64,0.62,606,163,3.72,87.42%,91.64%,0.158246,2026-09-04
SOC,4.74,2026-09-25,20,Put,4.00,-15.61%,0.12,0.14,0.21,1000,269,3.72,109.22%,108.88%,-0.211745,2026-09-04
NVDA,230.36,2026-09-09,4,Put,222.50,-3.41%,0.55,0.59,0.59,8883,2396,3.71,34.41%,31.85%,-0.142847,2026-09-04
CIFR,17.74,2026-09-11,6,Put,17.50,-1.35%,0.75,0.75,0.8,994,268,3.71,96.25%,99.31%,-0.430728,2026-09-04
SKHY,177,2027-01-15,132,Call,210.00,-18.64%,17.3,17.5,18.25,1514,408,3.71,64.02%,66.76%,0.424458,2026-09-04
AME,237.72,2026-09-18,13,Call,250.00,-5.17%,0.7,0.74,1.2,1725,465,3.71,23.91%,25.66%,0.160184,2026-09-04
ZS,169.8,2026-09-11,6,Call,177.50,-4.53%,1.6,2,2.29,691,187,3.7,50.54%,54.31%,0.276364,2026-09-04
AAPL,319.97,2026-09-11,6,Call,330.00,-3.13%,1.38,1.41,1.43,27991,7561,3.7,25.16%,28.94%,0.212177,2026-09-04
MU,1016.59,2026-09-11,6,Put,945.00,-7.04%,6.5,6.6,6.9,627,170,3.69,64.65%,59.63%,-0.158547,2026-09-04
PATH,15.19,2026-09-25,20,Call,18.50,-21.79%,0.09,0.15,0.39,700,190,3.68,58.78%,79.96%,0.171286,2026-09-04
WVE,4.86,2026-09-18,13,Call,5.00,-2.88%,0.1,0.25,0.3,722,196,3.68,93.35%,70.52%,0.445447,2026-09-04
MU,1016.59,2026-09-11,6,Call,"1,120.00",-10.17%,4.9,5.15,5.25,1598,434,3.68,64.65%,63.61%,0.127141,2026-09-04
PATH,15.19,2026-10-16,41,Put,14.00,-7.83%,0.61,0.62,0.73,687,187,3.67,58.78%,61.20%,-0.302433,2026-09-04
COLB,30.8,2027-02-19,167,Call,35.00,-13.64%,0.6,0.75,0.95,692,189,3.66,27.98%,26.42%,0.254956,2026-09-04
TSLA,354.08,2026-10-09,34,Call,360.00,-1.67%,15.25,15.4,15.5,786,215,3.66,40.37%,40.62%,0.482489,2026-09-04
TSLA,354.08,2026-09-11,6,Put,347.50,-1.86%,4.15,4.29,4.25,2071,566,3.66,40.37%,39.44%,-0.342248,2026-09-04
RNG,73.39,2028-01-21,503,Call,80.00,-9.01%,19.1,19.6,21.5,570,156,3.65,53.75%,63.54%,0.62381,2026-09-04
GM,87.76,2026-09-11,6,Put,87.00,-0.87%,0.91,1.01,1.08,546,150,3.64,31.09%,30.35%,-0.400125,2026-09-04
NOW,141.26,2026-09-11,6,Put,138.00,-2.31%,2.14,2.26,2.26,880,242,3.64,51.97%,50.79%,-0.344965,2026-09-04
MSFT,499.7,2026-09-11,6,Put,500.00,+0.06%,5.85,6.08,6.2,4832,1327,3.64,24.61%,23.39%,-0.497007,2026-09-04
TSLA,354.08,2026-09-09,4,Call,395.00,-11.56%,0.26,0.27,0.27,6810,1873,3.64,40.37%,55.83%,0.033245,2026-09-04
TSLA,354.08,2026-09-11,6,Call,375.00,-5.91%,1.45,1.47,1.48,9374,2580,3.63,40.37%,41.95%,0.151656,2026-09-04
SNOW,337.18,2026-09-11,6,Put,305.00,-9.54%,0.3,0.3,0.46,519,143,3.63,43.58%,47.08%,-0.044479,2026-09-04
AVGO,357.89,2026-10-02,27,Put,360.00,+0.59%,14.4,15.35,15.45,1351,372,3.63,37.03%,36.51%,-0.497198,2026-09-04
AAPL,319.97,2026-09-09,4,Put,312.50,-2.33%,1.19,1.26,1.27,4149,1146,3.62,25.16%,29.55%,-0.214903,2026-09-04
AMD,477.57,2026-09-11,6,Call,490.00,-2.60%,7.05,7.25,7.35,3713,1028,3.61,49.79%,49.86%,0.359147,2026-09-04
IREN,44.68,2026-09-11,6,Call,50.00,-11.91%,0.45,0.46,0.49,9156,2539,3.61,87.42%,89.30%,0.178722,2026-09-04
LUNR,14.81,2026-09-11,6,Call,15.00,-1.28%,0.44,0.46,0.52,516,143,3.61,77.15%,74.29%,0.468127,2026-09-04
MSTR,142.8,2026-09-11,6,Put,139.00,-2.66%,3.6,3.69,3.8,795,220,3.61,75.03%,75.24%,-0.369524,2026-09-04
TSLA,354.08,2026-09-09,4,Call,380.00,-7.32%,0.51,0.52,0.52,9477,2633,3.6,40.37%,44.97%,0.070941,2026-09-04
META,616.77,2026-09-09,4,Put,595.00,-3.53%,1.32,1.35,1.35,872,243,3.59,35.99%,31.24%,-0.130223,2026-09-04
LULU,100.61,2026-10-16,41,Put,90.00,-10.55%,1.44,1.44,1.55,2293,638,3.59,41.44%,41.36%,-0.18412,2026-09-04
MU,1016.59,2026-09-09,4,Call,940.00,+7.53%,76.25,77.8,80.8,2519,702,3.59,64.65%,50.61%,0.934767,2026-09-04
LULU,100.61,2027-12-17,468,Call,140.00,-39.15%,10.35,11.66,13.15,515,144,3.58,41.44%,47.50%,0.401839,2026-09-04
GOOGL,338.46,2026-10-02,27,Call,360.00,-6.36%,3.45,3.52,3.65,2335,653,3.58,28.49%,28.82%,0.236903,2026-09-04
TSLA,354.08,2026-09-16,11,Call,370.00,-4.50%,4.05,4.05,4.15,1075,302,3.56,40.37%,39.92%,0.279542,2026-09-04
DELL,524.14,2026-09-11,6,Put,530.00,+1.12%,19.4,18.75,19.8,649,183,3.55,62.50%,61.76%,-0.538129,2026-09-04
AVGO,357.89,2026-09-11,6,Call,367.50,-2.69%,3.35,3.46,3.55,2056,579,3.55,37.03%,38.85%,0.309476,2026-09-04
AVGO,357.89,2026-09-09,4,Call,365.00,-1.99%,2.33,2.4,2.5,2427,684,3.55,37.03%,34.30%,0.30126,2026-09-04
HPE,52,2026-10-02,27,Call,60.00,-15.38%,0.82,0.85,0.98,718,203,3.54,56.55%,58.26%,0.208199,2026-09-04
INTC,95.8,2026-09-11,6,Call,105.00,-9.60%,0.65,0.68,0.68,8735,2472,3.53,61.80%,67.95%,0.157869,2026-09-04
AAPL,319.97,2026-09-11,6,Call,320.00,-0.01%,4.75,4.83,4.9,14512,4112,3.53,25.16%,29.05%,0.512194,2026-09-04
MCK,907.99,2026-09-18,13,Call,920.00,-1.32%,8.2,14.7,15.7,526,149,3.53,25.66%,24.52%,0.406769,2026-09-04
ADBE,266.51,2026-09-11,6,Call,275.00,-3.19%,7.2,7.32,7.5,604,171,3.53,51.99%,79.61%,0.401132,2026-09-04
DIS,105.31,2026-09-11,6,Call,108.00,-2.55%,0.22,0.27,0.3,741,210,3.53,23.27%,20.66%,0.175115,2026-09-04
CRCL,102.05,2026-10-16,41,Put,105.00,+2.89%,11.9,12.47,12.75,1067,302,3.53,79.93%,79.78%,-0.484646,2026-09-04
GOOGL,338.46,2026-09-09,4,Put,340.00,+0.46%,3.95,4.1,4.2,1312,372,3.53,28.49%,23.37%,-0.564404,2026-09-04
CDE,21.24,2026-09-11,6,Put,20.00,-5.84%,0.15,0.19,0.25,546,155,3.52,64.80%,60.72%,-0.206725,2026-09-04
AMD,477.57,2026-09-09,4,Put,457.50,-4.20%,2.09,2.2,2.25,652,186,3.51,49.79%,45.28%,-0.174348,2026-09-04
COIN,184.64,2026-09-11,6,Put,185.00,+0.19%,6.05,6.4,6.45,2281,650,3.51,65.82%,64.75%,-0.490528,2026-09-04
OSS,9.97,2026-11-20,76,Call,12.50,-25.38%,0.7,0.76,1,6402,1823,3.51,79.94%,90.01%,0.372007,2026-09-04
POET,7.92,2026-09-25,20,Call,8.00,-1.01%,0.53,0.56,0.73,1358,388,3.5,83.67%,89.25%,0.526258,2026-09-04
TSLA,354.08,2026-09-25,20,Call,355.00,-0.26%,12.95,13,13.1,3160,904,3.5,40.37%,39.72%,0.515941,2026-09-04
CDE,21.24,2026-09-11,6,Call,23.00,-8.29%,0.1,0.17,0.2,991,284,3.49,64.80%,62.33%,0.171132,2026-09-04
OKLO,41.27,2026-09-18,13,Call,42.00,-1.77%,1.87,1.97,2.01,1029,295,3.49,74.35%,72.26%,0.479693,2026-09-04
MU,1016.59,2026-09-11,6,Call,"1,150.00",-13.12%,2.86,3.09,3.1,1635,468,3.49,64.65%,65.90%,0.079239,2026-09-04
SPCX,147.95,2026-09-11,6,Put,152.50,+3.08%,6.45,6.5,6.65,1195,343,3.48,50.41%,50.96%,-0.664618,2026-09-04
CI,282.52,2026-10-16,41,Put,260.00,-7.97%,2.5,2.75,3.3,2830,813,3.48,26.83%,29.48%,-0.182201,2026-09-04
PURR,12.18,2026-09-11,6,Put,11.00,-9.69%,0.1,0.17,0.25,1102,318,3.47,99.96%,99.20%,-0.192402,2026-09-04
META,616.77,2026-09-11,6,Call,632.50,-2.55%,5.15,5.24,5.25,502,145,3.46,35.99%,35.26%,0.300626,2026-09-04
RIOT,21.8,2026-10-02,27,Call,22.00,-0.92%,1.68,1.89,1.98,556,161,3.45,84.35%,80.22%,0.531691,2026-09-04
LRCX,307.65,2026-09-11,6,Call,300.00,+2.49%,12.85,13.6,14,969,281,3.45,60.00%,57.85%,0.649454,2026-09-04
MSFT,499.7,2026-09-11,6,Call,517.50,-3.56%,1.02,1.04,1.12,1914,555,3.45,24.61%,24.30%,0.137298,2026-09-04
PLTR,174.33,2026-09-11,6,Put,165.00,-5.35%,0.99,1.01,1.03,6115,1770,3.45,46.80%,47.43%,-0.172639,2026-09-04
COIN,184.64,2026-09-11,6,Call,195.00,-5.61%,2.65,2.73,3,5333,1552,3.44,65.82%,69.54%,0.287353,2026-09-04
AMZN,258.51,2026-09-09,4,Call,262.50,-1.54%,1.16,1.21,1.32,6611,1928,3.43,30.40%,25.36%,0.291586,2026-09-04
C,137.72,2026-09-11,6,Put,135.00,-1.98%,0.57,0.68,0.69,525,153,3.43,29.59%,23.76%,-0.248442,2026-09-04
AMAT,454.71,2026-09-11,6,Call,500.00,-9.96%,1.4,1.49,1.5,1492,435,3.43,53.35%,55.43%,0.097946,2026-09-04
UPST,28.05,2026-09-11,6,Put,27.00,-3.74%,0.33,0.37,0.39,868,254,3.42,59.93%,55.39%,-0.280912,2026-09-04
GOOGL,338.46,2026-09-11,6,Call,350.00,-3.41%,1.1,1.14,1.25,7158,2094,3.42,28.49%,27.79%,0.182021,2026-09-04
AMZN,258.51,2026-09-11,6,Call,257.50,+0.39%,4.35,4.43,4.55,4136,1214,3.41,30.40%,29.11%,0.555493,2026-09-04
MSFT,499.7,2026-09-09,4,Put,505.00,+1.06%,7,7.23,7.8,743,218,3.41,24.61%,20.67%,-0.68007,2026-09-04
MU,1016.59,2026-09-11,6,Call,980.00,+3.60%,50.7,51.3,53.6,1406,412,3.41,64.65%,58.74%,0.702718,2026-09-04
MU,1016.59,2026-09-11,6,Call,"1,200.00",-18.04%,1.2,1.24,1.28,3185,933,3.41,64.65%,69.68%,0.035503,2026-09-04
QURE,44.5,2026-11-20,76,Call,65.00,-46.07%,2.8,2.79,4,602,177,3.4,108.34%,108.22%,0.306841,2026-09-04
INTC,95.8,2026-09-11,6,Call,96.00,-0.21%,2.92,2.95,3.15,4620,1359,3.4,61.80%,63.44%,0.508457,2026-09-04
NVDA,230.36,2026-10-23,48,Call,235.00,-2.01%,9.8,10.25,10.25,671,198,3.39,34.41%,35.03%,0.47597,2026-09-04
MU,1016.59,2026-09-09,4,Put,930.00,-8.52%,1.58,1.57,1.71,1274,377,3.38,64.65%,56.52%,-0.06174,2026-09-04
AMAT,454.71,2026-09-11,6,Call,470.00,-3.36%,5.7,6.47,7.25,1443,427,3.38,53.35%,53.29%,0.329078,2026-09-04
SNOW,337.18,2026-09-18,13,Call,370.00,-9.73%,2.1,2.25,2.53,3400,1009,3.37,43.58%,46.13%,0.156568,2026-09-04
CSIQ,13.22,2026-09-11,6,Put,13.00,-1.66%,0.25,0.3,0.5,641,191,3.36,77.80%,71.62%,-0.407445,2026-09-04
MU,1016.59,2026-09-11,6,Call,"1,015.00",+0.16%,30.65,32,32.15,979,291,3.36,64.65%,58.34%,0.526376,2026-09-04
NFLX,78.25,2026-09-11,6,Call,80.00,-2.24%,0.63,0.64,0.65,18075,5375,3.36,35.57%,32.64%,0.310832,2026-09-04
AAPL,319.97,2026-09-16,11,Call,330.00,-3.13%,2.2,2.3,2.4,706,211,3.35,25.16%,26.37%,0.264415,2026-09-04
ZS,169.8,2026-09-11,6,Put,170.00,+0.12%,4.3,4.78,5.15,837,250,3.35,50.54%,53.76%,-0.490316,2026-09-04
JPM,358.64,2026-09-11,6,Put,360.00,+0.38%,3.65,4.68,4.8,788,236,3.34,24.03%,19.38%,-0.551654,2026-09-04
USAR,17.61,2026-09-11,6,Call,18.50,-5.05%,0.34,0.35,0.37,1039,311,3.34,80.81%,76.91%,0.32825,2026-09-04
RUN,8.89,2026-09-18,13,Call,9.00,-1.24%,0.28,0.36,0.43,3422,1024,3.34,67.49%,59.81%,0.483613,2026-09-04
TSLA,354.08,2026-09-11,6,Call,372.50,-5.20%,1.76,1.76,1.79,4293,1290,3.33,40.37%,41.33%,0.178943,2026-09-04
C,137.72,2026-09-11,6,Put,134.00,-2.70%,0.43,0.46,0.49,586,176,3.33,29.59%,24.85%,-0.18819,2026-09-04
MU,1016.59,2026-09-11,6,Call,"1,095.00",-7.71%,7.75,7.98,8.2,665,200,3.33,64.65%,61.92%,0.187015,2026-09-04
GLW,154.3,2026-09-11,6,Call,170.00,-10.17%,0.57,0.66,0.72,823,247,3.33,59.37%,60.52%,0.114281,2026-09-04
CRWV,89.36,2026-09-18,13,Call,96.00,-7.43%,2.64,2.67,2.73,967,290,3.33,76.04%,76.40%,0.338649,2026-09-04
SPCX,147.95,2026-09-18,13,Put,122.00,-17.54%,0.27,0.28,0.31,1462,440,3.32,50.41%,60.90%,-0.040412,2026-09-04
AMD,477.57,2026-09-11,6,Put,445.00,-6.82%,1.92,2.05,2.12,1958,590,3.32,49.79%,50.27%,-0.127846,2026-09-04
NFLX,78.25,2026-09-11,6,Put,80.00,+2.24%,2.3,2.33,2.36,5853,1765,3.32,35.57%,32.12%,-0.694376,2026-09-04
AAPL,319.97,2026-09-11,6,Call,325.00,-1.57%,2.67,2.65,2.76,23549,7097,3.32,25.16%,28.83%,0.34863,2026-09-04
MU,1016.59,2026-09-25,20,Call,"1,200.00",-18.04%,10.5,11.05,11.75,4356,1316,3.31,64.65%,63.41%,0.151465,2026-09-04
AAPL,319.97,2026-09-09,4,Put,325.00,+1.57%,6.75,6.95,7.15,4531,1367,3.31,25.16%,29.79%,-0.683464,2026-09-04
ORCL,158.78,2028-09-15,741,Put,80.00,-49.62%,8.4,9.41,10.45,1223,369,3.31,70.09%,60.25%,-0.097616,2026-09-04
AMD,477.57,2026-09-11,6,Call,485.00,-1.56%,8.8,9.2,9.1,1670,505,3.31,49.79%,49.54%,0.419979,2026-09-04
NBIS,226.39,2026-09-11,6,Call,235.00,-3.80%,5.85,6.37,6.5,2216,669,3.31,85.02%,83.43%,0.385923,2026-09-04
BE,252.87,2026-09-11,6,Put,235.00,-7.07%,6.35,6.45,6.55,577,175,3.3,90.84%,109.13%,-0.275071,2026-09-04
NVDA,230.36,2026-09-11,6,Put,220.00,-4.50%,0.85,0.85,0.87,29516,8938,3.3,34.41%,36.10%,-0.15203,2026-09-04
TSLA,354.08,2026-10-02,27,Call,365.00,-3.08%,11.35,11.35,11.5,1463,445,3.29,40.37%,40.85%,0.423193,2026-09-04
IONQ,39.52,2027-06-17,285,Call,50.00,-26.52%,7.75,8.45,8.9,2018,614,3.29,74.37%,81.19%,0.529576,2026-09-04
JPM,358.64,2026-09-11,6,Call,367.50,-2.47%,0.59,0.76,0.96,1772,540,3.28,24.03%,19.19%,0.166903,2026-09-04
OWL,11.75,2026-09-11,6,Call,12.00,-2.13%,0.1,0.16,0.2,2448,747,3.28,43.17%,42.57%,0.355835,2026-09-04
NVDA,230.36,2026-09-11,6,Put,207.50,-9.92%,0.18,0.2,0.21,17045,5201,3.28,34.41%,46.07%,-0.03537,2026-09-04
INTC,95.8,2026-09-09,4,Call,97.00,-1.25%,1.62,1.64,1.68,3585,1098,3.27,61.80%,54.27%,0.426692,2026-09-04
VST,149.3,2026-11-20,76,Put,135.00,-9.58%,5.95,6.12,6.2,1300,397,3.27,43.63%,47.26%,-0.274029,2026-09-04
IREN,44.68,2026-09-11,6,Call,44.50,+0.40%,1.96,1.97,2.04,1575,481,3.27,87.42%,83.15%,0.538546,2026-09-04
MU,1016.59,2026-09-11,6,Put,925.00,-9.01%,3.9,4.12,4.15,727,224,3.25,64.65%,60.55%,-0.10349,2026-09-04
INTC,95.8,2026-09-14,9,Call,105.00,-9.60%,0.89,0.93,0.95,1070,329,3.25,61.80%,62.00%,0.187949,2026-09-04
IREN,44.68,2026-09-11,6,Put,43.00,-3.76%,1.05,1.1,1.3,1765,543,3.25,87.42%,85.11%,-0.340715,2026-09-04
NBIS,226.39,2026-09-11,6,Put,197.50,-12.76%,1.13,1.21,1.21,508,157,3.24,85.02%,85.50%,-0.095891,2026-09-04
KR,58.59,2026-09-11,6,Put,53.00,-9.54%,0.04,0.15,0.22,862,266,3.24,35.40%,54.38%,-0.06996,2026-09-04
LUV,39.62,2027-03-19,195,Put,42.50,+7.27%,5.85,6,6.1,1508,467,3.23,35.65%,39.37%,-0.528091,2026-09-04
MU,1016.59,2026-09-11,6,Call,"1,030.00",-1.32%,24.15,25,26.4,1608,498,3.23,64.65%,59.76%,0.450223,2026-09-04
TSLA,354.08,2026-09-18,13,Put,357.50,+0.97%,12.25,12.3,12.5,2300,712,3.23,40.37%,40.34%,-0.530084,2026-09-04
ET,21.5,2026-09-18,13,Call,21.50,0.00%,0.26,0.3,0.46,3165,981,3.23,18.14%,22.78%,0.501356,2026-09-04
INTC,95.8,2026-09-11,6,Put,94.00,-1.88%,2.06,2.17,2.27,921,286,3.22,61.80%,61.77%,-0.387963,2026-09-04
POET,7.92,2026-09-11,6,Call,8.50,-7.32%,0.12,0.13,0.14,1302,404,3.22,83.67%,81.93%,0.269373,2026-09-04
NFLX,78.25,2026-09-11,6,Call,84.00,-7.35%,0.11,0.12,0.12,12965,4022,3.22,35.57%,36.83%,0.071389,2026-09-04
MSFT,499.7,2026-10-02,27,Call,510.00,-2.06%,9.1,9.59,9.6,1556,484,3.21,24.61%,24.60%,0.405191,2026-09-04
MRVL,223.55,2026-09-11,6,Call,227.50,-1.77%,5.15,5.24,5.45,1728,539,3.21,63.48%,61.11%,0.429742,2026-09-04
TSLA,354.08,2026-09-11,6,Call,387.50,-9.44%,0.65,0.65,0.66,2330,725,3.21,40.37%,46.70%,0.071242,2026-09-04
AAPL,319.97,2026-09-09,4,Put,322.50,+0.79%,5.1,5.36,5.45,3190,994,3.21,25.16%,29.39%,-0.591769,2026-09-04
OLLI,76.57,2026-10-16,41,Put,70.00,-8.58%,1.7,2.05,2.3,1502,470,3.2,46.67%,47.48%,-0.252878,2026-09-04
BABA,113.24,2026-09-11,6,Put,108.00,-4.63%,0.3,0.43,0.52,1689,528,3.2,41.64%,36.18%,-0.147994,2026-09-04
SMCI,39.59,2026-10-02,27,Call,43.00,-8.61%,1.8,1.9,2,2096,654,3.2,73.04%,73.65%,0.38248,2026-09-04
DJT,9.02,2026-09-11,6,Put,9.00,-0.22%,0.26,0.27,0.28,663,208,3.19,67.05%,61.27%,-0.470651,2026-09-04
ASST,27.14,2026-09-11,6,Put,25.00,-7.89%,0.33,0.4,0.44,885,277,3.19,85.95%,86.85%,-0.212408,2026-09-04
IONQ,39.52,2026-09-11,6,Call,41.00,-3.74%,1.04,1.06,1.1,1497,470,3.19,74.37%,82.61%,0.386444,2026-09-04
MRVL,223.55,2026-09-11,6,Call,235.00,-5.12%,2.81,2.91,3,2253,707,3.19,63.48%,61.36%,0.278147,2026-09-04
CBRS,210.05,2026-09-11,6,Put,210.00,-0.02%,7.2,7.8,8.2,500,157,3.18,76.26%,72.47%,-0.478392,2026-09-04
MSFT,499.7,2026-09-09,4,Call,522.50,-4.56%,0.1,0.15,0.22,655,206,3.18,24.61%,23.03%,0.033966,2026-09-04
NFLX,78.25,2026-09-11,6,Call,82.00,-4.79%,0.26,0.26,0.27,9435,2970,3.18,35.57%,34.26%,0.151417,2026-09-04
AAPL,319.97,2026-09-09,4,Put,320.00,+0.01%,3.75,3.85,3.85,8621,2721,3.17,25.16%,28.71%,-0.491437,2026-09-04
PL,18.12,2026-09-18,13,Call,18.00,+0.66%,0.95,1.05,1.1,726,229,3.17,69.89%,70.09%,0.550194,2026-09-04
META,616.77,2026-09-09,4,Call,622.50,-0.93%,5.3,5.4,5.5,1470,464,3.17,35.99%,30.33%,0.395864,2026-09-04
IREN,44.68,2026-09-11,6,Call,49.00,-9.67%,0.59,0.6,0.82,1918,606,3.17,87.42%,92.88%,0.238678,2026-09-04
CRM,259.23,2026-09-11,6,Call,287.50,-10.91%,0.07,0.14,0.22,839,266,3.15,39.34%,41.45%,0.027933,2026-09-04
TSLA,354.08,2026-10-23,48,Call,400.00,-12.97%,8.55,8.88,9,691,220,3.14,40.37%,45.70%,0.266421,2026-09-04
SPCX,147.95,2026-09-11,6,Call,152.50,-3.08%,2.02,2.02,2.06,6138,1962,3.13,50.41%,50.36%,0.33445,2026-09-04
IREN,44.68,2026-09-11,6,Put,46.00,+2.95%,2.62,2.62,2.69,525,168,3.13,87.42%,83.65%,-0.584641,2026-09-04
PL,18.12,2026-09-11,6,Call,18.00,+0.66%,0.65,0.7,0.75,544,174,3.13,69.89%,68.51%,0.550279,2026-09-04
FRMI,5.12,2026-09-11,6,Call,5.00,+2.34%,0.25,0.25,0.35,1149,367,3.13,102.65%,90.25%,0.605651,2026-09-04
POET,7.92,2026-09-25,20,Call,7.50,+5.30%,0.75,0.82,0.88,2175,695,3.13,83.67%,79.58%,0.654085,2026-09-04
TSLA,354.08,2026-09-11,6,Put,322.50,-8.92%,0.33,0.34,0.35,715,229,3.12,40.37%,43.08%,-0.041893,2026-09-04
INTC,95.8,2026-09-09,4,Put,89.00,-7.10%,0.23,0.24,0.26,1239,397,3.12,61.80%,54.69%,-0.093389,2026-09-04
AMD,477.57,2026-09-14,9,Call,500.00,-4.70%,5.5,5.7,5.9,1344,431,3.12,49.79%,45.88%,0.278047,2026-09-04
MU,1016.59,2026-09-25,20,Call,990.00,+2.62%,68.2,65.65,72.5,607,195,3.11,64.65%,58.72%,0.608636,2026-09-04
SKHY,177,2026-09-11,6,Call,172.50,+2.54%,8.2,8.69,8.85,1594,512,3.11,64.02%,66.52%,0.63744,2026-09-04
DKNG,24.01,2026-09-11,6,Call,25.00,-4.12%,0.26,0.26,0.3,5953,1916,3.11,50.59%,52.32%,0.287744,2026-09-04
COHR,281.86,2026-09-18,13,Call,270.00,+4.21%,20.1,21.2,22.8,1211,391,3.1,71.52%,70.09%,0.655781,2026-09-04
SMCI,39.59,2026-09-11,6,Call,38.00,+4.02%,2.33,2.38,2.46,3191,1028,3.1,73.04%,73.04%,0.688289,2026-09-04
WDC,467.46,2026-09-11,6,Call,490.00,-4.82%,8.15,8.4,8.65,522,169,3.09,69.93%,70.71%,0.319932,2026-09-04
INTC,95.8,2026-09-16,11,Call,110.00,-14.82%,0.55,0.69,0.75,544,176,3.09,61.80%,65.67%,0.125622,2026-09-04
USAR,17.61,2026-09-11,6,Call,18.00,-2.21%,0.44,0.55,0.59,1161,376,3.09,80.81%,75.61%,0.431966,2026-09-04
AMD,477.57,2026-09-11,6,Put,470.00,-1.59%,8.2,8.5,8.7,1339,434,3.09,49.79%,49.36%,-0.385108,2026-09-04
TSLA,354.08,2026-09-25,20,Put,350.00,-1.15%,10.8,10.84,10.9,2355,761,3.09,40.37%,39.78%,-0.425387,2026-09-04
GOOGL,338.46,2026-09-09,4,Put,330.00,-2.50%,0.67,0.7,0.7,2642,854,3.09,28.49%,24.16%,-0.152245,2026-09-04
MCD,255.69,2026-09-18,13,Put,285.00,+11.46%,27.85,28.35,29.75,2930,947,3.09,20.58%,24.96%,-0.992977,2026-09-04
TSLA,354.08,2026-09-09,4,Put,365.00,+3.08%,12.7,12.84,13,3464,1122,3.09,40.37%,39.66%,-0.760068,2026-09-04
BIDU,99.47,2026-09-11,6,Call,100.00,-0.53%,2,2.22,2.32,4144,1342,3.09,43.15%,46.83%,0.480634,2026-09-04
MCD,255.69,2026-09-18,13,Put,305.00,+19.29%,47.85,48.25,50.05,576,187,3.08,20.58%,38.55%,-0.994702,2026-09-04
COIN,184.64,2026-09-25,20,Call,185.00,-0.19%,11.1,11.3,11.85,1215,396,3.07,65.82%,66.60%,0.531169,2026-09-04
GOOG,335.31,2026-09-11,6,Call,345.00,-2.89%,1.39,1.42,1.45,3142,1023,3.07,28.80%,27.18%,0.216415,2026-09-04
GPRO,1.7,2026-10-16,41,Put,1.5000,-11.76%,0.2,0.22,0.25,22483,7358,3.06,167.66%,150.32%,-0.306064,2026-09-04
ORBS,0.9036,2026-09-11,6,Call,0.5000,+44.67%,0.3,0.45,0.5,514,168,3.06,146.43%,527.64%,0.887627,2026-09-04
SBUX,104.47,2026-09-11,6,Put,105.00,+0.51%,1.37,1.4,1.9,542,177,3.06,26.39%,25.48%,-0.552967,2026-09-04
AAOI,105.53,2026-10-02,27,Put,85.00,-19.45%,1.95,2.05,2.7,543,178,3.05,89.92%,89.77%,-0.154313,2026-09-04
ZETA,31.35,2026-09-11,6,Put,30.00,-4.31%,0.32,0.36,0.49,549,180,3.05,59.49%,59.53%,-0.267032,2026-09-04
SNOW,337.18,2026-09-11,6,Put,345.00,+2.32%,11.15,11.55,13.15,577,189,3.05,43.58%,44.35%,-0.64349,2026-09-04
NVDA,230.36,2026-09-11,6,Put,237.50,+3.10%,8.4,8.25,8.75,736,241,3.05,34.41%,34.60%,-0.745493,2026-09-04
STZ,128.18,2026-09-11,6,Put,129.00,+0.64%,1.95,2.28,2.9,1490,489,3.05,32.10%,30.32%,-0.556659,2026-09-04
TSLA,354.08,2026-09-09,4,Put,325.00,-8.21%,0.14,0.16,0.16,1917,629,3.05,40.37%,42.38%,-0.024885,2026-09-04
GOOGL,338.46,2026-09-11,6,Call,345.00,-1.93%,2.18,2.17,2.23,5544,1818,3.05,28.49%,26.99%,0.30155,2026-09-04
CORZ,17.89,2026-09-18,13,Call,17.00,+4.97%,1.25,1.36,1.54,18051,5913,3.05,69.85%,65.84%,0.685541,2026-09-04
ARM,252.09,2026-09-11,6,Call,257.50,-2.15%,5.75,5.68,6.45,1703,560,3.04,64.23%,65.03%,0.418453,2026-09-04
PL,18.12,2026-09-11,6,Put,17.00,-6.18%,0.2,0.21,0.25,618,204,3.03,69.89%,70.94%,-0.225758,2026-09-04
MCD,255.69,2027-01-15,132,Put,330.00,+29.06%,72.3,73.35,75,668,221,3.02,20.58%,23.33%,-0.984956,2026-09-04
TSLA,354.08,2026-09-11,6,Put,367.50,+3.79%,15.8,15.35,16.25,1692,560,3.02,40.37%,41.47%,-0.74789,2026-09-04
MARA,11.31,2026-09-25,20,Call,13.50,-19.36%,0.24,0.25,0.28,1772,586,3.02,83.23%,85.61%,0.219677,2026-09-04
MCD,255.69,2026-09-18,13,Put,300.00,+17.33%,42.85,43.2,44.75,632,210,3.01,20.58%,35.28%,-0.994407,2026-09-04
DELL,524.14,2026-10-16,41,Call,560.00,-6.84%,29.5,30.92,31.75,1388,461,3.01,62.50%,63.14%,0.424486,2026-09-04
INTC,95.8,2027-09-17,377,Put,75.00,-21.71%,11.3,11.7,12.2,3539,1177,3.01,61.80%,64.19%,-0.227933,2026-09-04
NVDA,230.36,2026-09-09,4,Call,245.00,-6.36%,0.13,0.14,0.14,15544,5162,3.01,34.41%,33.46%,0.041688,2026-09-04
ZS,169.8,2026-09-11,6,Call,185.00,-8.95%,0.75,0.87,0.92,534,178,3,50.54%,58.18%,0.13477,2026-09-04
IBM,234.89,2026-09-11,6,Put,235.00,+0.05%,3.35,3.1,3.85,579,193,3,31.03%,29.63%,-0.496051,2026-09-04
NKE,38.4,2026-09-18,13,Put,65.00,+69.27%,26.1,26.5,27.25,582,194,3,41.86%,134.67%,-0.974108,2026-09-04
MCD,255.69,2026-12-18,104,Put,325.00,+27.11%,67.3,68.1,70.6,600,200,3,20.58%,23.85%,-0.987029,2026-09-04
NKE,38.4,2026-12-18,104,Put,92.50,+140.89%,53.5,54.05,54.75,750,250,3,41.86%,80.02%,-0.984981,2026-09-04
NKE,38.4,2026-09-18,13,Put,72.50,+88.80%,33.75,34,34.7,820,273,3,41.86%,168.97%,-0.966749,2026-09-04
NKE,38.4,2026-11-20,76,Put,62.50,+62.76%,23.5,24,25,872,291,3,41.86%,61.06%,-0.947653,2026-09-04
DELL,524.14,2026-10-16,41,Call,540.00,-3.03%,37.35,38.46,39.45,1088,363,3,62.50%,63.54%,0.493158,2026-09-04
MCD,255.69,2026-09-18,13,Put,295.00,+15.37%,38.2,38.15,40,1102,367,3,20.58%,31.92%,-0.994049,2026-09-04
ECHO,89.8,2026-10-16,41,Put,125.00,+39.20%,33.3,35.1,37.1,1144,381,3,43.90%,0.00%,-1.,2026-09-04
ONON,27.99,2026-12-18,104,Put,45.00,+60.77%,16.45,16.95,17.45,1200,400,3,40.55%,51.74%,-0.979145,2026-09-04
DELL,524.14,2026-10-16,41,Call,520.00,+0.79%,46.15,47.5,48.2,1311,437,3,62.50%,63.45%,0.563525,2026-09-04
MCD,255.69,2026-09-18,13,Put,310.00,+21.24%,52.4,53.4,55.05,1632,544,3,20.58%,41.76%,-0.994944,2026-09-04
MCD,255.69,2026-09-18,13,Put,290.00,+13.42%,33.2,33.05,34.75,1706,568,3,20.58%,28.49%,-0.993596,2026-09-04
NKE,38.4,2026-09-18,13,Put,55.00,+43.23%,16,16.5,17.35,2052,684,3,41.86%,97.74%,-0.968015,2026-09-04
ECHO,89.8,2026-12-18,104,Put,150.00,+67.04%,59.7,59.8,62.1,3092,1031,3,43.90%,68.38%,-0.906415,2026-09-04
CVNA,74.59,2026-09-11,6,Call,79.00,-5.91%,0.56,0.6,0.67,778,260,2.99,56.18%,54.00%,0.215761,2026-09-04
EIX,56.77,2028-01-21,503,Call,55.00,+3.12%,8.8,9.9,10,1806,605,2.99,51.35%,36.92%,0.570696,2026-09-04
PANW,333.26,2026-09-11,6,Put,295.00,-11.48%,0.12,0.22,0.29,513,172,2.98,47.28%,49.57%,-0.025038,2026-09-04
NBIS,226.39,2026-09-11,6,Put,207.50,-8.34%,2.6,2.7,2.8,530,178,2.98,85.02%,83.57%,-0.191663,2026-09-04
AMAT,454.71,2026-09-11,6,Call,520.00,-14.36%,0.24,0.66,0.86,629,211,2.98,53.35%,58.60%,0.040822,2026-09-04
PCG,14.3,2027-03-19,195,Call,20.00,-39.86%,0.65,0.84,0.95,2155,722,2.98,61.36%,55.11%,0.273219,2026-09-04
DELL,524.14,2026-09-11,6,Call,550.00,-4.93%,7.1,7.2,7.3,2547,855,2.98,62.50%,62.00%,0.287813,2026-09-04
MSTR,142.8,2026-09-11,6,Put,131.00,-8.26%,1.23,1.26,1.31,818,275,2.97,75.03%,74.06%,-0.168155,2026-09-04
LION,11.17,2026-10-16,41,Call,12.00,-7.43%,0,0.4,0.5,1072,361,2.97,49.61%,35.94%,0.308456,2026-09-04
SPCX,147.95,2026-09-11,6,Put,145.00,-1.99%,2.42,2.43,2.45,12509,4205,2.97,50.41%,50.16%,-0.361958,2026-09-04
TSLA,354.08,2026-09-18,13,Call,360.00,-1.67%,8.25,8.25,8.3,16466,5546,2.97,40.37%,40.15%,0.434908,2026-09-04
IOT,40.2,2026-09-11,6,Call,45.00,-11.94%,0,0.13,0.2,515,174,2.96,51.23%,59.29%,0.075204,2026-09-04
CDE,21.24,2026-09-11,6,Call,21.50,-1.22%,0.5,0.55,0.65,738,249,2.96,64.80%,63.37%,0.459119,2026-09-04
AVGO,357.89,2026-10-02,27,Call,360.00,-0.59%,13.1,13.51,13.8,1100,371,2.96,37.03%,36.29%,0.504402,2026-09-04
CRDO,170.57,2026-09-18,13,Call,165.00,+3.27%,11.6,13.26,13.1,514,174,2.95,74.29%,72.70%,0.625531,2026-09-04
RDW,10.53,2026-09-11,6,Call,11.50,-9.21%,0.1,0.1,0.15,725,246,2.95,77.15%,80.45%,0.212694,2026-09-04
BMNR,24.97,2026-09-11,6,Call,20.00,+19.90%,4.75,4.88,5.1,1851,628,2.95,76.42%,76.41%,0.9898,2026-09-04
BABA,113.24,2026-09-11,6,Call,117.00,-3.32%,0.84,0.9,0.96,840,286,2.94,41.64%,39.23%,0.266117,2026-09-04
HPE,52,2026-09-11,6,Call,56.00,-7.69%,0.36,0.43,0.48,951,324,2.94,56.55%,62.58%,0.189829,2026-09-04
NVTS,11.8,2026-09-11,6,Call,12.50,-5.93%,0.21,0.21,0.24,3044,1035,2.94,83.26%,79.94%,0.306683,2026-09-04
AMD,477.57,2026-09-09,4,Put,445.00,-6.82%,0.69,0.68,0.78,641,219,2.93,49.79%,46.69%,-0.069829,2026-09-04
SNOW,337.18,2026-09-11,6,Put,335.00,-0.65%,5.7,6,6.7,540,185,2.92,43.58%,42.59%,-0.438388,2026-09-04
PBF,74.34,2026-09-18,13,Call,85.00,-14.34%,0.85,0.8,1.15,1531,524,2.92,70.32%,73.83%,0.18754,2026-09-04
CRCL,102.05,2026-09-11,6,Call,108.00,-5.83%,1.72,1.99,2.19,2526,865,2.92,79.93%,79.53%,0.308878,2026-09-04
AMZN,258.51,2026-09-11,6,Put,257.50,-0.39%,3.15,3.29,3.3,2836,971,2.92,30.40%,28.58%,-0.445031,2026-09-04
CLSK,12.69,2026-09-11,6,Call,13.50,-6.38%,0.22,0.22,0.25,9751,3339,2.92,82.33%,81.40%,0.296301,2026-09-04
SPCX,147.95,2026-09-11,6,Call,157.50,-6.45%,0.95,0.97,0.98,6835,2348,2.91,50.41%,51.94%,0.184839,2026-09-04
NVTS,11.8,2026-09-11,6,Put,11.50,-2.54%,0.3,0.38,0.39,901,310,2.91,83.26%,81.07%,-0.380328,2026-09-04
DELL,524.14,2026-09-11,6,Call,525.00,-0.16%,16,16.25,17.25,2078,714,2.91,62.50%,63.09%,0.510561,2026-09-04
MU,1016.59,2026-09-09,4,Call,980.00,+3.60%,43.6,44.73,47.25,3084,1061,2.91,64.65%,53.30%,0.7555,2026-09-04
BMNR,24.97,2026-10-02,27,Put,25.00,+0.12%,1.95,2,2.13,1028,354,2.9,76.42%,75.96%,-0.457365,2026-09-04
TSLA,354.08,2026-09-11,6,Put,345.00,-2.56%,3.3,3.4,3.4,5220,1803,2.9,40.37%,39.36%,-0.29103,2026-09-04
MU,1016.59,2027-12-17,468,Call,"1,900.00",-86.90%,128,130.8,140.35,534,185,2.89,64.65%,68.50%,0.362006,2026-09-04
AMD,477.57,2026-09-09,4,Call,502.50,-5.22%,1.86,1.85,1.96,680,235,2.89,49.79%,47.00%,0.158281,2026-09-04
ZS,169.8,2026-09-11,6,Call,180.00,-6.01%,1.2,1.38,1.65,1253,434,2.89,50.54%,54.88%,0.216089,2026-09-04
TSLA,354.08,2026-09-11,6,Put,362.50,+2.38%,12.1,12.29,12.35,2660,924,2.88,40.37%,40.32%,-0.663275,2026-09-04
NOW,141.26,2026-09-11,6,Put,139.00,-1.60%,2.5,2.78,2.68,586,204,2.87,51.97%,50.79%,-0.386685,2026-09-04
TSLA,354.08,2026-10-02,27,Call,360.00,-1.67%,13.3,13.36,13.45,3194,1114,2.87,40.37%,40.68%,0.471974,2026-09-04
MRVL,223.55,2026-09-11,6,Call,225.00,-0.65%,6.15,6.15,6.4,3804,1325,2.87,63.48%,60.32%,0.485048,2026-09-04
MRVL,223.55,2026-09-11,6,Put,207.50,-7.18%,1.45,1.53,1.59,563,197,2.86,63.48%,61.08%,-0.159326,2026-09-04
ASTS,62.31,2026-09-11,6,Call,63.00,-1.11%,1.93,1.97,2,1308,457,2.86,74.93%,71.08%,0.472594,2026-09-04
HL,20.68,2026-09-11,6,Call,22.00,-6.38%,0.2,0.23,0.29,2444,856,2.86,64.37%,65.73%,0.246605,2026-09-04
AMZN,258.51,2026-09-11,6,Put,252.50,-2.32%,1.45,1.49,1.57,3274,1143,2.86,30.40%,29.26%,-0.254703,2026-09-04
GOOGL,338.46,2026-09-14,9,Call,350.00,-3.41%,1.56,1.6,1.65,656,230,2.85,28.49%,25.48%,0.212639,2026-09-04
PLTR,174.33,2026-09-11,6,Put,170.00,-2.48%,2.16,2.23,2.26,10183,3576,2.85,46.80%,45.92%,-0.320821,2026-09-04
META,616.77,2026-09-09,4,Call,610.00,+1.10%,11.6,11.61,11.8,5563,1961,2.84,35.99%,30.09%,0.647123,2026-09-04
CMG,36.96,2026-09-11,6,Put,37.00,+0.11%,0.56,0.59,0.65,926,326,2.84,34.05%,31.45%,-0.498068,2026-09-04
AI,10.46,2026-09-18,13,Call,11.50,-9.94%,0.09,0.14,0.2,934,329,2.84,60.75%,60.44%,0.222806,2026-09-04
AMZN,258.51,2026-09-09,4,Call,270.00,-4.44%,0.23,0.23,0.3,3359,1182,2.84,30.40%,28.58%,0.07701,2026-09-04
DELL,524.14,2026-09-11,6,Put,470.00,-10.33%,1.48,1.4,1.56,890,314,2.83,62.50%,62.01%,-0.078227,2026-09-04
MRVL,223.55,2026-09-11,6,Call,222.50,+0.47%,7.35,7.52,7.7,1318,466,2.83,63.48%,60.70%,0.54254,2026-09-04
MRVL,223.55,2026-10-16,41,Put,195.00,-12.77%,6.6,6.67,6.8,3358,1185,2.83,63.48%,63.21%,-0.221354,2026-09-04
CPNG,15.29,2027-01-15,132,Put,16.00,+4.64%,1.91,2.09,2.15,614,218,2.82,43.13%,47.15%,-0.495301,2026-09-04
AFRM,72.35,2026-09-11,6,Put,64.00,-11.54%,0,0.1,0.1,751,266,2.82,51.73%,50.78%,-0.027143,2026-09-04
AMD,477.57,2027-03-19,195,Call,570.00,-19.35%,48.6,47.85,50.8,1113,395,2.82,49.79%,56.03%,0.430453,2026-09-04
DELL,524.14,2026-09-11,6,Call,600.00,-14.47%,1.05,1.03,1.1,2057,730,2.82,62.50%,65.37%,0.05882,2026-09-04
GOOG,335.31,2026-09-11,6,Call,340.00,-1.40%,2.46,2.68,2.72,3714,1322,2.81,28.80%,25.99%,0.350586,2026-09-04
"Downloaded from Barchart.com as of 09-05-2026 06:40am CDT"
