Symbol,Price~,"Exp Date",DTE,Type,Strike,Moneyness,Bid,Latest,Ask,Volume,"Open Int",Vol/OI,"Imp Vol",IV,Delta,Time
INTC,100.86,2026-08-07,3,Call,71.00,+29.61%,29.45,30,30.55,40305,102,395.15,87.22%,193.01%,0.981877,2026-08-04
CG,50.64,2026-09-18,45,Call,52.50,-3.67%,2.2,2.37,2.8,140535,647,217.21,48.49%,46.18%,0.445232,2026-08-04
PLTR,162.66,2026-08-07,3,Put,150.00,-7.78%,0.62,0.62,0.67,47131,324,145.47,53.97%,76.57%,-0.11393,2026-08-04
INTC,100.86,2026-08-05,1,Put,98.00,-2.84%,1.39,1.45,1.45,14059,104,135.18,87.22%,125.59%,-0.318579,2026-08-04
PLTR,162.66,2026-08-07,3,Put,145.00,-10.86%,0.24,0.25,0.26,14092,114,123.61,53.97%,78.97%,-0.049982,2026-08-04
PLTR,162.66,2026-08-07,3,Put,157.50,-3.17%,2.22,2.26,2.34,17993,166,108.39,53.97%,76.04%,-0.306458,2026-08-04
TSLA,327.35,2026-08-05,1,Put,335.00,+2.34%,9.2,9.1,9.45,11673,109,107.09,45.35%,65.52%,-0.7437,2026-08-04
FHN,26.09,2026-11-20,108,Call,28.00,-7.32%,0.8,0.86,0.9,125868,1247,100.94,24.48%,27.34%,0.351013,2026-08-04
AMZN,277.42,2026-09-18,45,Call,335.00,-20.76%,0.94,0.97,1.02,22320,226,98.76,33.62%,34.10%,0.069836,2026-08-04
NVO,44.28,2026-09-18,45,Put,37.50,-15.31%,0.29,0.31,0.32,13224,140,94.46,41.80%,38.31%,-0.101574,2026-08-04
NVDA,211.94,2026-08-14,10,Put,212.50,+0.26%,5.6,5.55,5.7,14521,156,93.08,41.33%,38.90%,-0.499317,2026-08-04
TSLA,327.35,2026-08-05,1,Put,327.50,+0.05%,4.2,4.3,4.35,23315,277,84.17,45.35%,61.64%,-0.498225,2026-08-04
PLTR,162.66,2026-08-07,3,Put,155.00,-4.71%,1.51,1.5,1.54,35307,453,77.94,53.97%,75.40%,-0.228502,2026-08-04
TSLA,327.35,2026-08-05,1,Put,325.00,-0.72%,3.05,3.14,3.2,41891,567,73.88,45.35%,61.79%,-0.404548,2026-08-04
MRVL,218.59,2026-08-14,10,Call,270.00,-23.52%,2.3,2.38,2.5,10886,148,73.55,98.84%,106.10%,0.133595,2026-08-04
GOOGL,377.65,2026-08-05,1,Put,375.00,-0.70%,1.8,1.91,1.94,14373,198,72.59,33.90%,38.48%,-0.358023,2026-08-04
BHP,87.46,2026-11-20,108,Call,95.00,-8.62%,3.7,4.3,4.4,7180,104,69.04,41.75%,37.87%,0.365704,2026-08-04
AUR,7.23,2027-02-19,199,Call,9.00,-24.48%,0.9,1,1.05,14661,214,68.51,69.33%,70.64%,0.453268,2026-08-04
META,587.94,2026-08-05,1,Call,587.50,+0.07%,5.85,6,6.6,7137,105,67.97,38.34%,48.70%,0.518196,2026-08-04
NVO,44.28,2026-08-07,3,Call,45.00,-1.63%,0.56,0.53,0.59,10211,159,64.22,41.80%,55.40%,0.381277,2026-08-04
PCG,17.45,2026-12-18,136,Call,24.00,-37.54%,0.38,0.44,0.48,30519,482,63.32,53.76%,47.51%,0.178222,2026-08-04
FLY,23.33,2026-08-07,3,Call,25.00,-7.16%,0.6,0.61,0.65,11354,181,62.73,126.99%,147.72%,0.327387,2026-08-04
NVDA,211.94,2026-08-05,1,Put,212.50,+0.26%,2.29,2.3,2.35,41075,668,61.49,41.33%,45.96%,-0.537759,2026-08-04
NVDA,211.94,2026-08-05,1,Put,210.00,-0.92%,1.2,1.22,1.23,89501,1494,59.91,41.33%,46.45%,-0.346969,2026-08-04
PLTR,162.66,2026-08-07,3,Put,140.00,-13.93%,0.1,0.12,0.12,16131,322,50.1,53.97%,84.67%,-0.022948,2026-08-04
PLTR,162.66,2026-08-07,3,Call,167.50,-2.98%,2.41,2.44,2.46,39241,801,48.99,53.97%,74.12%,0.34518,2026-08-04
NVDA,211.94,2026-08-05,1,Put,207.50,-2.09%,0.56,0.58,0.59,115051,2456,46.84,41.33%,47.72%,-0.193953,2026-08-04
SYM,47.46,2026-08-21,17,Put,47.50,+0.08%,4,4.23,4.4,5002,111,45.06,91.65%,103.41%,-0.454718,2026-08-04
MU,892.67,2026-08-05,1,Call,885.00,+0.86%,27.7,29.25,29.3,5621,125,44.97,91.09%,131.64%,0.564001,2026-08-04
AMZN,277.42,2026-08-05,1,Call,277.50,-0.03%,2.47,2.51,2.56,25643,577,44.44,33.62%,43.86%,0.501297,2026-08-04
PCG,17.45,2026-12-18,136,Call,25.00,-43.27%,0.31,0.35,0.42,6297,143,44.03,53.76%,48.89%,0.152798,2026-08-04
TSLA,327.35,2026-08-05,1,Call,327.50,-0.05%,4.1,4.25,4.3,55567,1302,42.68,45.35%,62.29%,0.502114,2026-08-04
FLUT,104.96,2026-08-21,17,Call,115.00,-9.57%,3,3.1,3.5,5983,141,42.43,66.17%,75.35%,0.319113,2026-08-04
ZETA,24.26,2026-08-07,3,Call,27.00,-11.29%,1.05,1.07,1.15,15392,366,42.05,96.62%,238.23%,0.349687,2026-08-04
RIOT,21.56,2026-08-21,17,Put,15.50,-28.11%,0.18,0.24,0.33,6200,148,41.89,111.61%,124.48%,-0.08557,2026-08-04
MSFT,492.81,2026-08-05,1,Call,505.00,-2.47%,0.66,0.7,0.9,21864,530,41.25,30.75%,42.69%,0.140294,2026-08-04
PCG,17.45,2026-09-18,45,Call,25.00,-43.27%,0.23,0.23,0.29,177289,4361,40.65,53.76%,78.21%,0.122758,2026-08-04
INTC,100.86,2026-08-05,1,Call,115.00,-14.02%,0.12,0.13,0.15,4495,111,40.5,87.22%,144.05%,0.044452,2026-08-04
MSFT,492.81,2026-08-05,1,Call,497.50,-0.95%,2.24,2.28,2.54,17625,442,39.88,30.75%,41.82%,0.337876,2026-08-04
INTC,100.86,2026-08-07,3,Put,97.00,-3.83%,2.22,2.26,2.36,11224,282,39.8,87.22%,109.91%,-0.328608,2026-08-04
NVDA,211.94,2026-08-05,1,Put,220.00,+3.80%,8.1,8,8.4,9906,252,39.31,41.33%,50.44%,-0.919592,2026-08-04
TSLA,327.35,2026-08-05,1,Put,330.00,+0.81%,5.65,5.7,5.9,29610,763,38.81,45.35%,63.23%,-0.58893,2026-08-04
TSLA,327.35,2026-08-05,1,Put,322.50,-1.48%,2.14,2.19,2.2,35914,929,38.66,45.35%,61.36%,-0.314334,2026-08-04
INTC,100.86,2026-08-05,1,Put,97.00,-3.83%,1.1,1.17,1.16,6995,183,38.22,87.22%,127.00%,-0.267134,2026-08-04
AMD,518.58,2026-08-05,1,Call,562.50,-8.47%,7.5,7.9,10,3843,105,36.6,81.75%,219.43%,0.257962,2026-08-04
INFY,12.6,2026-10-16,73,Call,15.00,-19.05%,0.3,0.4,0.55,4848,134,36.18,49.66%,53.58%,0.260836,2026-08-04
MU,892.67,2026-08-05,1,Put,870.00,-2.54%,15.15,15.41,15.6,4280,119,35.97,91.09%,136.58%,-0.345755,2026-08-04
INTC,100.86,2026-08-05,1,Call,110.00,-9.06%,0.35,0.35,0.37,35846,1006,35.63,87.22%,131.52%,0.110379,2026-08-04
INTC,100.86,2026-08-05,1,Put,95.00,-5.81%,0.67,0.7,0.72,4394,124,35.44,87.22%,130.18%,-0.180421,2026-08-04
INTC,100.86,2026-08-05,1,Put,100.00,-0.85%,2.14,2.2,2.22,8620,245,35.18,87.22%,123.57%,-0.434123,2026-08-04
MSFT,492.81,2026-08-05,1,Call,510.00,-3.49%,0.29,0.3,0.31,53005,1534,34.55,30.75%,42.51%,0.063446,2026-08-04
INTC,100.86,2026-08-07,3,Call,70.00,+30.60%,30.45,30.99,31.5,49160,1431,34.35,87.22%,193.09%,0.985152,2026-08-04
AMZN,277.42,2026-08-05,1,Put,297.50,+7.24%,18.9,19.62,20.65,3955,120,32.96,33.62%,55.46%,-0.993288,2026-08-04
MU,892.67,2026-08-05,1,Put,890.00,-0.30%,22.85,23.9,24,4700,143,32.87,91.09%,133.15%,-0.468518,2026-08-04
PLTR,162.66,2026-08-14,10,Call,152.50,+6.25%,12.6,12.92,13,6234,195,31.97,53.97%,61.18%,0.757243,2026-08-04
META,587.94,2026-08-05,1,Call,585.00,+0.50%,7.15,7.51,7.95,10960,352,31.14,38.34%,48.46%,0.584674,2026-08-04
INTC,100.86,2026-08-07,3,Call,108.00,-7.08%,1.56,1.61,1.68,20111,659,30.52,87.22%,113.05%,0.269704,2026-08-04
MU,892.67,2026-08-05,1,Call,895.00,-0.26%,22.95,23.55,23.55,7526,247,30.47,91.09%,130.53%,0.498972,2026-08-04
SPCX,125.33,2026-08-28,24,Call,124.00,+1.06%,15.65,15.8,16.15,4438,146,30.4,111.65%,118.80%,0.577371,2026-08-04
MU,892.67,2026-08-05,1,Put,875.00,-1.98%,17,17,17.4,3370,111,30.36,91.09%,135.94%,-0.375325,2026-08-04
ZS,163.22,2026-08-14,10,Call,170.00,-4.15%,3.65,3.9,3.9,3835,131,29.27,69.92%,59.67%,0.362145,2026-08-04
PLTR,162.66,2026-08-07,3,Call,162.50,+0.10%,4.45,4.5,4.6,40852,1402,29.14,53.97%,75.20%,0.521094,2026-08-04
GOOGL,377.65,2026-08-05,1,Call,380.00,-0.62%,2.05,2.21,2.25,29352,1026,28.61,33.90%,40.13%,0.389559,2026-08-04
PLTR,162.66,2026-08-07,3,Call,157.50,+3.17%,7.3,7.54,7.6,39208,1377,28.47,53.97%,75.36%,0.695138,2026-08-04
STM,54.22,2028-01-21,535,Call,90.00,-65.99%,8.6,9.25,9.7,3751,132,28.42,71.99%,65.96%,0.428544,2026-08-04
FIS,44.26,2026-08-21,17,Call,45.00,-1.67%,0.7,1.4,2.5,5274,187,28.2,45.55%,50.84%,0.460591,2026-08-04
AAPL,309.38,2026-08-05,1,Call,312.50,-1.01%,0.98,0.98,1.05,100323,3596,27.9,26.85%,34.32%,0.292971,2026-08-04
UEC,10.5,2026-08-14,10,Call,11.00,-4.76%,0.34,0.39,0.44,13276,476,27.89,78.29%,85.11%,0.400226,2026-08-04
HPE,52.39,2026-09-18,45,Call,80.00,-52.70%,0.83,0.86,0.89,7144,260,27.48,83.16%,89.86%,0.120119,2026-08-04
AMZN,277.42,2026-08-05,1,Put,287.50,+3.63%,9.2,10.49,10.75,4225,154,27.44,33.62%,55.34%,-0.888364,2026-08-04
INTC,100.86,2026-08-05,1,Put,93.00,-7.79%,0.41,0.42,0.45,8030,296,27.13,87.22%,135.44%,-0.118768,2026-08-04
HPE,52.39,2026-08-07,3,Call,56.00,-6.89%,0.51,0.62,0.64,3432,128,26.81,83.16%,94.01%,0.230589,2026-08-04
XYZ,84.64,2026-08-07,3,Put,78.00,-7.84%,1.23,1.45,1.59,10013,375,26.7,57.61%,131.42%,-0.22736,2026-08-04
ORCL,145.74,2026-09-04,31,Call,145.00,+0.51%,10.9,12.01,12.15,3557,134,26.54,73.19%,65.35%,0.552034,2026-08-04
GOOGL,377.65,2026-08-05,1,Put,372.50,-1.36%,1.08,1.11,1.2,6262,237,26.42,33.90%,39.04%,-0.246268,2026-08-04
AMZN,277.42,2026-08-05,1,Put,302.50,+9.04%,24.8,25.17,26.35,3343,128,26.12,33.62%,111.53%,-0.927057,2026-08-04
VERA,29.95,2026-08-21,17,Put,25.00,-16.53%,1.05,1.2,1.35,5213,201,25.94,100.21%,130.71%,-0.215701,2026-08-04
CCL,29.59,2026-08-07,3,Put,29.00,-1.99%,0.3,0.34,0.4,3441,134,25.68,44.12%,56.71%,-0.337289,2026-08-04
AMD,518.58,2026-08-05,1,Put,520.00,+0.27%,18.65,20.89,21.4,3147,123,25.59,81.75%,178.34%,-0.49272,2026-08-04
PLTR,162.66,2026-08-14,10,Call,162.50,+0.10%,6.4,6.68,6.7,3449,137,25.18,53.97%,59.56%,0.52765,2026-08-04
S,20.98,2026-08-07,3,Call,21.50,-2.48%,0.3,0.35,0.35,4387,175,25.07,68.09%,70.80%,0.365128,2026-08-04
JCI,153.62,2026-08-21,17,Call,160.00,-4.15%,3,3.3,3.7,10413,416,25.03,40.04%,44.04%,0.356291,2026-08-04
ENPH,41.77,2026-12-18,136,Call,80.00,-91.53%,1.87,2.08,2.29,8039,324,24.81,85.96%,92.79%,0.200769,2026-08-04
MU,892.67,2026-08-05,1,Put,845.00,-5.34%,8.2,8.37,8.5,3018,122,24.74,91.09%,140.06%,-0.215771,2026-08-04
ZETA,24.26,2026-08-07,3,Call,30.00,-23.66%,0.48,0.5,0.5,8928,361,24.73,96.62%,236.47%,0.188852,2026-08-04
PLTR,162.66,2026-08-07,3,Call,175.00,-7.59%,0.79,0.8,0.81,49593,2027,24.47,53.97%,74.03%,0.146499,2026-08-04
META,587.94,2026-08-05,1,Call,617.50,-5.03%,0.29,0.31,0.34,2861,117,24.45,38.34%,54.94%,0.045679,2026-08-04
LITE,849.47,2026-08-07,3,Put,800.00,-5.82%,19.8,21.5,22.6,2486,103,24.14,112.22%,138.90%,-0.294051,2026-08-04
AMD,518.58,2026-08-05,1,Call,650.00,-25.34%,1.1,1.33,1.33,4229,178,23.76,81.75%,246.66%,0.046074,2026-08-04
INTC,100.86,2026-08-05,1,Call,99.00,+1.84%,3.55,3.66,3.8,24031,1014,23.7,87.22%,126.37%,0.623926,2026-08-04
NVDA,211.94,2026-08-05,1,Call,212.50,-0.26%,1.69,1.72,1.73,257759,10940,23.56,41.33%,44.44%,0.460913,2026-08-04
INTC,100.86,2026-08-05,1,Call,107.00,-6.09%,0.69,0.73,0.73,7498,320,23.43,87.22%,127.07%,0.196523,2026-08-04
UEC,10.5,2026-08-07,3,Put,10.50,0.00%,0.31,0.33,0.35,2880,123,23.41,78.29%,87.30%,-0.482997,2026-08-04
TSLA,327.35,2026-08-05,1,Call,330.00,-0.81%,3.1,3.15,3.2,130732,5618,23.27,45.35%,63.15%,0.411209,2026-08-04
MU,892.67,2026-08-05,1,Call,890.00,+0.30%,25.15,25.76,26.25,8165,352,23.2,91.09%,130.58%,0.531656,2026-08-04
CGON,71.4,2027-01-15,164,Call,70.00,+1.96%,13.8,14.8,16.6,4001,173,23.13,101.91%,74.73%,0.627229,2026-08-04
KBR,37.83,2026-08-21,17,Call,40.00,-5.74%,0.4,0.45,0.45,2305,100,23.05,32.71%,35.95%,0.251596,2026-08-04
MU,892.67,2026-08-05,1,Put,850.00,-4.78%,9.3,9.58,9.65,7860,344,22.85,91.09%,139.18%,-0.238831,2026-08-04
AVGO,418.16,2026-08-05,1,Call,430.00,-2.83%,2.25,2.43,2.52,3861,171,22.58,56.06%,75.63%,0.247137,2026-08-04
TSLA,327.35,2026-08-05,1,Call,335.00,-2.34%,1.67,1.67,1.71,49530,2201,22.5,45.35%,65.26%,0.255784,2026-08-04
GOOGL,377.65,2026-10-16,73,Call,410.00,-8.57%,12,12.25,12.5,54331,2426,22.4,33.90%,34.62%,0.341267,2026-08-04
MU,892.67,2026-08-05,1,Put,880.00,-1.42%,18.75,18.71,19.6,6218,280,22.21,91.09%,135.30%,-0.40576,2026-08-04
META,587.94,2026-08-05,1,Put,587.50,-0.07%,5.45,5.6,5.85,2899,131,22.13,38.34%,48.00%,-0.481929,2026-08-04
ASPI,4.29,2026-08-21,17,Call,4.50,-4.90%,0.35,0.37,0.45,2360,107,22.06,120.67%,131.30%,0.491602,2026-08-04
AMZN,277.42,2026-08-05,1,Call,280.00,-0.93%,1.47,1.48,1.53,62784,2855,21.99,33.62%,44.29%,0.35069,2026-08-04
TSLA,327.35,2026-08-05,1,Call,332.50,-1.57%,2.31,2.28,2.34,35977,1639,21.95,45.35%,64.17%,0.32814,2026-08-04
AVGO,418.16,2026-08-05,1,Call,420.00,-0.44%,5.4,5.8,6,7344,336,21.86,56.06%,75.01%,0.464091,2026-08-04
GRPN,27.49,2026-10-16,73,Call,35.00,-27.32%,2.5,3,3.1,3025,139,21.76,115.93%,104.23%,0.393857,2026-08-04
FLYW,17.26,2026-08-21,17,Call,17.50,-1.39%,1.1,1.25,1.25,2760,128,21.56,76.19%,85.57%,0.51065,2026-08-04
TDC,34.39,2026-08-21,17,Put,32.50,-5.50%,2.2,3,3.7,5459,255,21.41,109.66%,134.02%,-0.365086,2026-08-04
MU,892.67,2026-08-05,1,Call,880.00,+1.42%,30.45,33,31.9,7123,339,21.01,91.09%,131.15%,0.596392,2026-08-04
RKT,14.11,2026-10-16,73,Call,17.00,-20.48%,0.6,0.68,0.69,6122,292,20.97,67.41%,61.03%,0.301827,2026-08-04
AMD,518.58,2026-08-05,1,Put,480.00,-7.44%,5,5.2,5.45,4601,220,20.91,81.75%,177.15%,-0.189112,2026-08-04
AMZN,277.42,2026-08-07,3,Call,202.50,+27.01%,73.25,76.53,76.95,2590,124,20.89,33.62%,151.22%,0.991021,2026-08-04
TSLA,327.35,2026-08-10,6,Put,322.50,-1.48%,5.05,5.15,5.25,2252,108,20.85,45.35%,44.49%,-0.382454,2026-08-04
RGTI,17.45,2026-09-18,45,Call,27.00,-54.73%,0.49,0.52,0.52,10273,496,20.71,104.42%,107.34%,0.169105,2026-08-04
INTC,100.86,2026-08-05,1,Call,108.00,-7.08%,0.56,0.56,0.58,3184,155,20.54,87.22%,128.70%,0.163413,2026-08-04
TSLA,327.35,2026-08-05,1,Put,317.50,-3.01%,0.96,0.98,1,19568,955,20.49,45.35%,62.28%,-0.169427,2026-08-04
TSLA,327.35,2026-08-05,1,Call,325.00,+0.72%,5.5,5.6,5.65,85764,4232,20.27,45.35%,62.83%,0.594286,2026-08-04
LRCX,317.74,2026-08-28,24,Call,400.00,-25.89%,5.1,6.3,7.25,2081,103,20.2,86.99%,86.34%,0.178866,2026-08-04
SPCX,125.33,2026-08-07,3,Put,89.00,-28.99%,0.3,0.31,0.35,13517,671,20.14,111.65%,214.91%,-0.031743,2026-08-04
PLTR,162.66,2026-08-07,3,Put,142.00,-12.70%,0.13,0.16,0.16,2411,120,20.09,53.97%,81.59%,-0.030256,2026-08-04
SHAK,66.22,2026-08-07,3,Call,70.00,-5.71%,2.6,3.3,3.4,7909,398,19.87,79.40%,188.64%,0.406175,2026-08-04
NVDA,211.94,2026-08-10,6,Put,210.00,-0.92%,2.97,3,3.05,2812,144,19.53,41.33%,36.57%,-0.409503,2026-08-04
ORCL,145.74,2027-03-19,227,Call,105.00,+27.95%,52.05,54.2,54.9,2007,103,19.49,73.19%,72.31%,0.806429,2026-08-04
AMD,518.58,2026-08-05,1,Call,625.00,-20.52%,1.62,2.02,2.22,2109,109,19.35,81.75%,233.56%,0.071473,2026-08-04
INTC,100.86,2026-08-05,1,Call,106.00,-5.10%,0.9,0.88,0.91,6303,326,19.33,87.22%,126.89%,0.237621,2026-08-04
SPCX,125.33,2026-08-07,3,Put,124.00,-1.06%,9.6,9.85,9.95,5864,304,19.29,111.65%,232.06%,-0.437595,2026-08-04
TSLA,327.35,2026-08-05,1,Put,332.50,+1.57%,7.35,7.25,7.6,7167,373,19.21,45.35%,64.65%,-0.670886,2026-08-04
HRMY,38.78,2026-12-18,136,Put,27.50,-29.09%,0.9,1,2.25,6001,316,18.99,71.48%,70.54%,-0.148574,2026-08-04
HUT,101.16,2026-08-21,17,Call,150.00,-48.28%,0.35,0.77,1.25,18131,960,18.89,112.27%,116.96%,0.076686,2026-08-04
AVGO,418.16,2026-08-05,1,Call,412.50,+1.35%,9.35,10.86,10.35,2250,120,18.75,56.06%,76.31%,0.641793,2026-08-04
PLTR,162.66,2026-08-14,10,Call,146.00,+10.24%,17.65,17.78,18.25,4007,214,18.72,53.97%,61.63%,0.868679,2026-08-04
MSFT,492.81,2026-08-05,1,Call,500.00,-1.46%,1.55,1.48,1.6,50504,2698,18.72,30.75%,40.73%,0.252976,2026-08-04
MSFT,492.81,2026-08-17,13,Call,495.00,-0.44%,10.05,13,11.15,3647,197,18.51,30.75%,30.74%,0.488039,2026-08-04
MU,892.67,2026-08-05,1,Call,875.00,+1.98%,33.3,36.46,35.4,4587,248,18.5,91.09%,132.54%,0.627155,2026-08-04
TSLA,327.35,2026-08-05,1,Put,320.00,-2.25%,1.45,1.48,1.5,58595,3174,18.46,45.35%,61.64%,-0.234895,2026-08-04
META,587.94,2026-08-05,1,Call,582.50,+0.93%,8.55,8.9,9.25,4035,220,18.34,38.34%,46.98%,0.653203,2026-08-04
INTC,100.86,2026-08-05,1,Call,101.00,-0.14%,2.51,2.47,2.62,9592,524,18.31,87.22%,124.83%,0.505079,2026-08-04
META,587.94,2026-08-05,1,Call,592.50,-0.78%,3.8,3.95,4,5645,310,18.21,38.34%,47.72%,0.38465,2026-08-04
COHR,323.73,2026-10-16,73,Put,240.00,-25.86%,17.3,18.45,20.1,2242,124,18.08,113.04%,101.88%,-0.184396,2026-08-04
META,587.94,2026-08-05,1,Call,590.00,-0.35%,4.8,4.95,5,14274,794,17.98,38.34%,47.56%,0.450469,2026-08-04
PLTR,162.66,2026-08-07,3,Call,195.00,-19.88%,0.09,0.1,0.1,8822,491,17.97,53.97%,94.47%,0.019186,2026-08-04
TSLA,327.35,2026-08-05,1,Put,315.00,-3.77%,0.64,0.66,0.65,35604,1994,17.86,45.35%,63.36%,-0.11919,2026-08-04
FLG,14.26,2026-09-18,45,Call,14.00,+1.82%,0.6,0.75,1,3510,198,17.73,28.11%,31.81%,0.60178,2026-08-04
AAPL,309.38,2026-08-05,1,Put,310.00,+0.20%,2.41,2.46,2.55,10638,600,17.73,26.85%,33.55%,-0.540299,2026-08-04
MSFT,492.81,2026-08-07,3,Put,500.00,+1.46%,10.1,10.95,11.25,2175,123,17.68,30.75%,36.37%,-0.662034,2026-08-04
MSFT,492.81,2026-08-05,1,Call,495.00,-0.44%,3.15,3.3,3.75,21146,1198,17.65,30.75%,43.08%,0.427834,2026-08-04
TRMB,59.81,2026-08-21,17,Call,65.00,-8.68%,0.85,1,1.15,8040,458,17.55,54.47%,53.11%,0.256544,2026-08-04
PLTR,162.66,2026-08-07,3,Call,170.00,-4.51%,1.7,1.72,1.73,69039,3950,17.48,53.97%,73.84%,0.267152,2026-08-04
NVDA,211.94,2026-08-05,1,Call,217.50,-2.62%,0.37,0.38,0.39,92412,5313,17.39,41.33%,46.20%,0.145661,2026-08-04
CMG,33.82,2026-08-07,3,Put,34.50,+2.01%,1.05,1.1,1.15,18262,1054,17.33,43.36%,57.88%,-0.636509,2026-08-04
PLTR,162.66,2026-08-14,10,Call,165.00,-1.44%,5.35,5.48,5.55,14202,820,17.32,53.97%,59.96%,0.466405,2026-08-04
SPCX,125.33,2026-08-07,3,Put,123.00,-1.86%,9.2,9.36,9.4,6315,365,17.3,111.65%,232.93%,-0.422451,2026-08-04
HPE,52.39,2026-09-11,38,Call,60.00,-14.53%,2.9,3.6,3.65,2127,123,17.29,83.16%,87.86%,0.371387,2026-08-04
RKT,14.11,2027-06-17,317,Call,20.00,-41.74%,1.61,1.71,1.95,10804,625,17.29,67.41%,63.12%,0.405103,2026-08-04
AMZN,277.42,2026-08-05,1,Call,282.50,-1.83%,0.81,0.84,0.86,32130,1862,17.26,33.62%,44.86%,0.224571,2026-08-04
INTC,100.86,2026-08-05,1,Put,96.00,-4.82%,0.85,0.9,0.92,5104,296,17.24,87.22%,128.19%,-0.220408,2026-08-04
TSLA,327.35,2026-08-12,8,Call,360.00,-9.97%,1.38,1.4,1.43,4721,274,17.23,45.35%,51.97%,0.117601,2026-08-04
TSLA,327.35,2026-08-10,6,Put,325.00,-0.72%,6.15,6.37,6.35,3673,214,17.16,45.35%,44.63%,-0.435228,2026-08-04
RKT,14.11,2026-11-20,108,Call,17.00,-20.48%,0.93,0.96,1.05,10805,635,17.02,67.41%,61.99%,0.363064,2026-08-04
MDLN,42.04,2026-08-21,17,Put,37.50,-10.80%,0.6,0.84,1.1,2628,155,16.95,65.97%,73.40%,-0.208927,2026-08-04
AMD,518.58,2026-08-05,1,Put,472.50,-8.89%,3.95,4.19,4.3,3722,222,16.77,81.75%,182.47%,-0.153126,2026-08-04
AMD,518.58,2026-08-05,1,Call,555.00,-7.02%,9.25,9.5,11.1,2198,132,16.65,81.75%,215.41%,0.292942,2026-08-04
CRDO,237.92,2026-08-07,3,Call,265.00,-11.38%,3.3,3.35,3.7,2440,147,16.6,120.36%,139.70%,0.216058,2026-08-04
PLTR,162.66,2026-08-07,3,Put,141.00,-13.32%,0.13,0.13,0.14,2485,150,16.57,53.97%,84.08%,-0.027658,2026-08-04
MSFT,492.81,2026-08-05,1,Put,497.50,+0.95%,6.85,6.75,7.25,3138,190,16.52,30.75%,41.88%,-0.662262,2026-08-04
NVDA,211.94,2026-08-05,1,Call,215.00,-1.44%,0.82,0.84,0.84,248881,15069,16.52,41.33%,44.70%,0.275118,2026-08-04
BULL,7.58,2026-08-21,17,Call,7.00,+7.65%,0.76,0.81,0.82,1829,111,16.48,71.45%,68.83%,0.732915,2026-08-04
AMD,518.58,2026-08-05,1,Call,620.00,-19.56%,2.23,2.21,2.51,3213,195,16.48,81.75%,237.18%,0.08441,2026-08-04
CTAS,203.65,2026-12-18,136,Call,210.00,-3.12%,12.8,13.65,13.8,2259,138,16.37,26.02%,30.55%,0.493559,2026-08-04
PLTR,162.66,2026-08-14,10,Put,150.00,-7.78%,1.76,1.83,1.92,4121,252,16.35,53.97%,60.79%,-0.193668,2026-08-04
MSFT,492.81,2026-08-05,1,Put,492.50,-0.06%,4.1,4.2,4.4,4852,299,16.23,30.75%,42.97%,-0.48319,2026-08-04
MSFT,492.81,2026-08-14,10,Put,447.50,-9.19%,0.72,0.69,1.06,2571,159,16.17,30.75%,39.13%,-0.062654,2026-08-04
AMZN,277.42,2026-08-05,1,Put,275.00,-0.87%,1.48,1.52,1.54,45646,2842,16.06,33.62%,44.18%,-0.346711,2026-08-04
NB,5.19,2026-08-07,3,Call,5.00,+3.66%,0.35,0.4,0.5,3662,230,15.92,110.75%,173.99%,0.62447,2026-08-04
NVDA,211.94,2026-08-07,3,Put,217.50,+2.62%,6.7,6.5,6.9,4467,281,15.9,41.33%,43.09%,-0.738783,2026-08-04
PLTR,162.66,2026-08-07,3,Put,138.00,-15.16%,0.09,0.1,0.1,2603,164,15.87,53.97%,89.45%,-0.019171,2026-08-04
GOOGL,377.65,2026-09-04,31,Call,375.00,+0.70%,16.45,18.05,18.35,2981,189,15.77,33.90%,35.39%,0.558914,2026-08-04
TSLA,327.35,2026-08-05,1,Call,337.50,-3.10%,1.21,1.23,1.25,29171,1872,15.58,45.35%,66.77%,0.196682,2026-08-04
U,35.22,2026-08-07,3,Call,35.50,-0.80%,2.18,2.31,2.51,2078,134,15.51,86.48%,194.00%,0.517788,2026-08-04
AMD,518.58,2026-08-05,1,Call,630.00,-21.49%,1.84,1.92,2.31,1566,101,15.5,81.75%,245.28%,0.073387,2026-08-04
ALM,13.28,2026-09-18,45,Call,15.00,-12.95%,0.45,1.4,1.5,2525,163,15.49,95.65%,85.07%,0.403942,2026-08-04
SRPT,16.39,2026-08-07,3,Call,17.00,-3.72%,0.6,0.65,0.75,3265,211,15.47,80.12%,156.99%,0.427192,2026-08-04
MU,892.67,2026-08-05,1,Put,860.00,-3.66%,11.95,12.2,12.3,2731,177,15.43,91.09%,137.68%,-0.289555,2026-08-04
MSFT,492.81,2026-08-07,3,Put,495.00,+0.44%,7.3,8,8,2172,141,15.4,30.75%,36.70%,-0.544207,2026-08-04
INTC,100.86,2026-08-07,3,Put,99.00,-1.84%,2.97,3.04,3.2,2624,171,15.35,87.22%,109.50%,-0.405404,2026-08-04
AAPL,309.38,2026-08-05,1,Call,310.00,-0.20%,1.83,1.81,1.9,145850,9533,15.3,26.85%,33.22%,0.459657,2026-08-04
AMZN,277.42,2026-08-05,1,Call,225.00,+18.90%,50.7,53.64,54.4,1612,106,15.21,33.62%,180.02%,0.988412,2026-08-04
MSFT,492.81,2026-08-05,1,Put,490.00,-0.57%,3,3.3,3.35,9644,638,15.12,30.75%,43.41%,-0.395089,2026-08-04
HVT,28.28,2026-08-21,17,Call,30.00,-6.08%,0.3,0.2,0.4,2923,194,15.07,65.71%,39.21%,0.254157,2026-08-04
AMZN,277.42,2026-08-05,1,Put,272.50,-1.77%,0.78,0.82,0.83,12081,806,14.99,33.62%,44.42%,-0.216195,2026-08-04
TTD,19.34,2026-09-04,31,Put,15.50,-19.86%,0.01,0.4,0.69,1825,122,14.96,86.78%,79.24%,-0.13869,2026-08-04
GOOGL,377.65,2026-08-05,1,Call,372.50,+1.36%,6.2,7.35,6.95,9616,646,14.89,33.90%,42.99%,0.73424,2026-08-04
MU,892.67,2026-08-05,1,Call,970.00,-8.66%,3.35,3.5,3.6,3448,234,14.74,91.09%,130.69%,0.119197,2026-08-04
NEM,97.73,2026-08-21,17,Put,87.00,-10.98%,0.36,0.4,0.51,1798,122,14.74,42.36%,43.46%,-0.096974,2026-08-04
CSCO,121.74,2026-08-21,17,Put,117.00,-3.89%,3.55,4.4,4.65,3893,265,14.69,52.02%,60.69%,-0.353463,2026-08-04
DVA,227.99,2026-10-16,73,Put,210.00,-7.89%,8.5,9.73,11.4,3356,229,14.66,58.93%,46.33%,-0.298118,2026-08-04
AMD,518.58,2026-08-05,1,Call,515.00,+0.69%,22.55,23.45,26,4159,286,14.54,81.75%,207.81%,0.547361,2026-08-04
MSFT,492.81,2026-08-05,1,Put,500.00,+1.46%,8.45,8.9,9.1,1494,103,14.5,30.75%,41.27%,-0.744578,2026-08-04
AG,16.49,2026-09-18,45,Call,17.00,-3.09%,1.35,1.4,1.4,5492,379,14.49,66.76%,67.94%,0.503185,2026-08-04
TENX,13.82,2026-10-16,73,Put,2.50,-81.91%,0.5,0.55,0.65,1593,111,14.35,519.68%,362.99%,-0.030813,2026-08-04
SNAP,5.79,2026-08-07,3,Put,6.00,+3.63%,0.28,0.28,0.3,2734,191,14.31,58.11%,77.55%,-0.680404,2026-08-04
META,587.94,2026-08-28,24,Call,770.00,-30.97%,0.42,0.5,0.57,1456,102,14.27,38.34%,48.89%,0.019143,2026-08-04
INTC,100.86,2026-08-14,10,Call,125.00,-23.93%,0.79,0.88,0.91,7488,525,14.26,87.22%,99.70%,0.112602,2026-08-04
PLTR,162.66,2027-03-19,227,Call,165.00,-1.44%,29.4,29.45,29.8,13398,942,14.22,53.97%,56.93%,0.597911,2026-08-04
AMD,518.58,2026-08-05,1,Call,530.00,-2.20%,16.4,17,18.8,8747,621,14.09,81.75%,208.71%,0.442788,2026-08-04
DELL,467.27,2026-09-18,45,Put,460.00,-1.56%,55.15,54.85,57.65,3148,226,13.93,93.38%,94.12%,-0.412068,2026-08-04
IREN,40.85,2026-08-14,10,Put,41.00,+0.37%,3.15,3.43,3.55,4371,315,13.88,124.25%,122.10%,-0.465411,2026-08-04
AVGO,418.16,2026-08-07,3,Put,410.00,-1.95%,5.95,6.3,6.5,2815,204,13.8,56.06%,65.48%,-0.357436,2026-08-04
MAS,77.08,2026-10-16,73,Call,80.00,-3.79%,2.9,3.1,3.9,2014,146,13.79,33.09%,32.86%,0.438355,2026-08-04
AMZN,277.42,2026-08-05,1,Call,262.50,+5.38%,13.75,14.96,16.1,3051,223,13.68,33.62%,43.04%,0.993225,2026-08-04
HUM,362.16,2026-09-18,45,Call,450.00,-24.25%,1.35,3.3,4.1,1631,120,13.59,46.22%,45.64%,0.104791,2026-08-04
META,587.94,2026-08-05,1,Put,570.00,-3.05%,0.72,0.72,0.8,5735,424,13.53,38.34%,48.06%,-0.106066,2026-08-04
AAPL,309.38,2026-08-05,1,Call,307.50,+0.61%,3.05,3.2,3.35,75901,5608,13.53,26.85%,32.77%,0.644011,2026-08-04
PLTR,162.66,2026-08-07,3,Put,139.00,-14.55%,0.1,0.11,0.14,2515,186,13.52,53.97%,89.34%,-0.023601,2026-08-04
INTC,100.86,2026-08-05,1,Call,98.00,+2.84%,4.15,4.38,4.5,9558,707,13.52,87.22%,127.55%,0.679246,2026-08-04
KLAC,195.45,2026-08-21,17,Put,108.00,-44.74%,0.05,0.15,0.25,1667,124,13.44,80.94%,121.24%,-0.008132,2026-08-04
MCD,268.34,2026-10-16,73,Put,245.00,-8.70%,2.79,3.44,3.25,1720,129,13.33,24.15%,24.29%,-0.181076,2026-08-04
AMD,518.58,2026-08-05,1,Call,525.00,-1.24%,18.35,20.5,20.9,5196,391,13.29,81.75%,208.16%,0.47705,2026-08-04
PLTR,162.66,2026-08-07,3,Call,165.00,-1.44%,3.3,3.3,3.4,75894,5744,13.21,53.97%,74.30%,0.430944,2026-08-04
WFC,88.39,2026-08-07,3,Put,89.00,+0.69%,1.37,1.58,1.66,2163,164,13.19,24.10%,37.15%,-0.573071,2026-08-04
CRWV,91.9,2026-08-07,3,Put,95.00,+3.37%,6.2,6.27,6.55,1683,128,13.15,114.03%,138.51%,-0.579121,2026-08-04
MSFT,492.81,2026-08-07,3,Put,467.50,-5.14%,0.62,0.7,0.77,2435,186,13.09,30.75%,42.16%,-0.080112,2026-08-04
NVDA,211.94,2026-08-05,1,Put,205.00,-3.27%,0.26,0.27,0.27,58208,4452,13.07,41.33%,50.17%,-0.099546,2026-08-04
TSLA,327.35,2026-08-12,8,Call,330.00,-0.81%,7.9,8.16,8.25,4123,316,13.05,45.35%,47.53%,0.472843,2026-08-04
AMZN,277.42,2027-02-19,199,Call,325.00,-17.15%,15.5,15.95,15.95,1300,100,13,33.62%,36.67%,0.356058,2026-08-04
CMG,33.82,2026-08-21,17,Put,36.00,+6.45%,2.37,2.35,2.71,2028,156,13,43.36%,39.30%,-0.75416,2026-08-04
COF,221.91,2026-08-07,3,Call,222.50,-0.27%,2.25,2.6,2.9,1299,100,12.99,29.80%,35.37%,0.47556,2026-08-04
UPST,30.32,2026-08-14,10,Call,40.00,-31.93%,0.18,0.21,0.23,1737,134,12.96,89.29%,113.53%,0.084525,2026-08-04
NVDA,211.94,2026-08-07,3,Put,222.50,+4.98%,10.45,10.38,11.2,2157,167,12.92,41.33%,39.17%,-0.912608,2026-08-04
AMD,518.58,2026-08-05,1,Put,500.00,-3.58%,10,11.66,11.85,7160,556,12.88,81.75%,176.75%,-0.32938,2026-08-04
GOOGL,377.65,2026-08-05,1,Call,385.00,-1.95%,0.76,0.81,0.91,14787,1149,12.87,33.90%,41.07%,0.188994,2026-08-04
TSLA,327.35,2026-08-10,6,Call,332.50,-1.57%,5.35,5.46,5.65,1770,138,12.83,45.35%,45.80%,0.410457,2026-08-04
VRT,269.93,2026-08-14,10,Put,225.00,-16.65%,1.58,1.69,1.87,1371,107,12.81,73.41%,87.12%,-0.089984,2026-08-04
ARM,280.56,2026-08-07,3,Call,350.00,-24.75%,0.81,0.88,0.92,2619,205,12.78,93.79%,147.65%,0.056724,2026-08-04
NB,5.19,2027-02-19,199,Call,7.50,-44.51%,0.8,1,1.1,1708,134,12.75,110.75%,102.37%,0.467957,2026-08-04
LUNR,13.96,2026-08-07,3,Put,13.50,-3.30%,0.35,0.4,0.5,1613,128,12.6,125.47%,126.94%,-0.362813,2026-08-04
ZETA,24.26,2026-08-07,3,Put,22.00,-9.32%,0.9,0.95,1,1722,137,12.57,96.62%,223.95%,-0.279442,2026-08-04
PTON,6.61,2026-08-07,3,Put,7.00,+5.90%,0.66,0.66,0.69,10018,809,12.38,82.99%,185.08%,-0.601222,2026-08-04
AMZN,277.42,2026-08-07,3,Call,185.00,+33.31%,91,92.71,94.45,1893,153,12.37,33.62%,209.22%,0.987202,2026-08-04
CLX,104.67,2026-09-18,45,Put,95.00,-9.24%,1.55,1.7,1.8,7002,567,12.35,35.71%,36.52%,-0.20741,2026-08-04
FLEX,126.71,2026-08-21,17,Put,120.00,-5.30%,5.3,5.9,6.4,4560,370,12.32,87.12%,83.75%,-0.344833,2026-08-04
MU,892.67,2026-08-05,1,Call,900.00,-0.82%,20.75,21.12,21.25,29009,2363,12.28,91.09%,130.67%,0.466543,2026-08-04
TSLA,327.35,2026-08-05,1,Call,347.50,-6.16%,0.39,0.39,0.41,4995,410,12.18,45.35%,76.26%,0.070222,2026-08-04
MU,892.67,2026-08-05,1,Call,990.00,-10.90%,1.87,1.92,1.99,2287,188,12.16,91.09%,132.17%,0.072155,2026-08-04
AMD,518.58,2026-08-05,1,Call,517.50,+0.21%,21.55,22,25.85,1851,153,12.1,81.75%,213.95%,0.530091,2026-08-04
META,587.94,2026-08-07,3,Call,632.50,-7.58%,0.67,0.74,0.79,2188,181,12.09,38.34%,51.52%,0.062393,2026-08-04
MSTR,97.65,2026-10-16,73,Call,130.00,-33.13%,4.6,4.7,4.8,13638,1129,12.08,74.56%,78.19%,0.266851,2026-08-04
ALAB,361.67,2026-08-07,3,Call,380.00,-5.07%,17.5,20.01,22.2,1906,158,12.06,123.02%,209.32%,0.434819,2026-08-04
CAH,233.55,2026-08-07,3,Put,235.00,+0.62%,4.1,4.6,5.3,1306,109,11.98,38.67%,46.73%,-0.548028,2026-08-04
AMD,518.58,2026-08-05,1,Put,510.00,-1.65%,13.2,15.77,16.2,2417,202,11.97,81.75%,174.18%,-0.409228,2026-08-04
UWMC,1.95,2026-08-14,10,Call,2.0000,-2.56%,0.1,0.12,0.15,2055,172,11.95,85.41%,116.88%,0.477598,2026-08-04
MARA,11.75,2026-08-28,24,Put,9.00,-23.40%,0.15,0.2,0.22,5497,461,11.92,99.26%,97.65%,-0.115324,2026-08-04
AMD,518.58,2026-08-05,1,Call,585.00,-12.81%,4.8,4.78,5.1,1204,101,11.92,81.75%,221.72%,0.163625,2026-08-04
ORCL,145.74,2026-08-14,10,Call,170.00,-16.65%,0.84,0.87,0.92,6425,543,11.83,73.19%,72.07%,0.110063,2026-08-04
ADI,380.29,2026-08-07,3,Put,365.00,-4.02%,2.55,2.85,3.6,1620,137,11.82,58.53%,64.40%,-0.231078,2026-08-04
CMG,33.82,2026-08-07,3,Call,35.00,-3.49%,0.31,0.32,0.35,3905,331,11.8,43.36%,62.63%,0.284173,2026-08-04
AVGO,418.16,2026-08-07,3,Put,377.50,-9.72%,0.61,0.64,0.74,3441,292,11.78,56.06%,72.69%,-0.056068,2026-08-04
ASTS,70.31,2026-08-07,3,Call,82.00,-16.63%,0.49,0.53,0.58,4167,354,11.77,114.11%,140.41%,0.126654,2026-08-04
CIFR,20.38,2026-08-07,3,Call,22.50,-10.40%,0.37,0.44,0.48,3988,339,11.76,120.44%,154.55%,0.262971,2026-08-04
AVGO,418.16,2026-08-05,1,Call,425.00,-1.64%,3.5,3.6,4,3714,316,11.75,56.06%,75.01%,0.347673,2026-08-04
SMR,9.49,2026-08-07,3,Put,9.00,-5.16%,0.37,0.37,0.39,9218,793,11.62,108.07%,177.92%,-0.340552,2026-08-04
MSFT,492.81,2026-08-05,1,Put,475.00,-3.61%,0.4,0.41,0.45,8917,771,11.57,30.75%,49.19%,-0.074155,2026-08-04
META,587.94,2026-08-05,1,Call,595.00,-1.20%,3,3.1,3.35,6670,577,11.56,38.34%,48.94%,0.32643,2026-08-04
NVDA,211.94,2026-08-21,17,Put,217.50,+2.62%,9.55,9.6,10.5,1537,133,11.56,41.33%,38.28%,-0.602648,2026-08-04
AMD,518.58,2026-08-07,3,Put,525.00,+1.24%,26,28.5,29.4,1732,150,11.55,81.75%,129.55%,-0.51756,2026-08-04
NEE,87.2,2026-08-14,10,Call,86.00,+1.38%,2.04,2.13,2.37,1635,142,11.51,23.57%,26.59%,0.633335,2026-08-04
RKLB,74.48,2026-08-07,3,Put,52.00,-30.18%,0.02,0.14,0.13,2498,218,11.46,104.28%,191.29%,-0.015392,2026-08-04
PATH,14.1,2026-09-11,38,Call,15.00,-6.38%,0.94,1.2,1.39,1839,161,11.42,79.91%,83.19%,0.467338,2026-08-04
BMY,65.89,2026-08-14,10,Put,63.00,-4.39%,0.41,0.51,0.8,3012,264,11.41,30.84%,39.17%,-0.234389,2026-08-04
META,587.94,2026-08-05,1,Put,565.00,-3.90%,0.34,0.38,0.38,3021,265,11.4,38.34%,48.38%,-0.056197,2026-08-04
RZLT,4.97,2026-10-16,73,Call,5.00,-0.60%,1.25,1.25,1.6,1806,159,11.36,186.69%,164.04%,0.643823,2026-08-04
LYFT,16.73,2026-08-07,3,Put,16.00,-4.36%,0.56,0.6,0.65,1281,113,11.34,67.01%,156.67%,-0.349386,2026-08-04
TSLA,327.35,2026-08-05,1,Call,340.00,-3.86%,0.9,0.89,0.92,47663,4205,11.33,45.35%,68.83%,0.151082,2026-08-04
KDP,31.1,2026-08-21,17,Put,29.00,-6.75%,0.2,0.3,0.35,1606,142,11.31,36.99%,38.43%,-0.187005,2026-08-04
INTC,100.86,2026-08-10,6,Call,110.00,-9.06%,1.56,1.77,1.77,2329,206,11.31,87.22%,91.60%,0.249622,2026-08-04
WOLF,27.06,2026-08-14,10,Call,30.00,-10.86%,1.15,1.38,1.59,1638,145,11.3,133.11%,136.74%,0.367598,2026-08-04
INTC,100.86,2026-08-05,1,Put,88.00,-12.75%,0.13,0.13,0.14,6795,606,11.21,87.22%,152.65%,-0.040235,2026-08-04
HNGE,79.42,2026-08-21,17,Put,70.00,-11.86%,1.5,1.55,1.6,1311,117,11.21,72.60%,76.62%,-0.196177,2026-08-04
AAPL,309.38,2026-08-05,1,Call,315.00,-1.82%,0.51,0.54,0.54,54578,4872,11.2,26.85%,35.69%,0.171129,2026-08-04
AMD,518.58,2026-08-05,1,Call,580.00,-11.84%,5.3,5.8,6.35,4019,359,11.19,81.75%,223.81%,0.185079,2026-08-04
NKE,41.53,2026-08-14,10,Call,41.50,+0.07%,0.99,1.04,1.16,1307,117,11.17,37.80%,38.75%,0.516511,2026-08-04
IREN,40.85,2026-08-14,10,Put,29.00,-29.01%,0.22,0.24,0.27,30221,2742,11.02,124.25%,140.39%,-0.055406,2026-08-04
WBD,25.79,2027-01-15,164,Put,21.00,-18.57%,0.26,0.26,0.44,4603,419,10.99,22.78%,30.95%,-0.121499,2026-08-04
RIOT,21.56,2026-08-21,17,Call,22.50,-4.36%,1.77,1.85,1.85,1230,112,10.98,111.61%,118.12%,0.4867,2026-08-04
MU,892.67,2026-08-05,1,Call,905.00,-1.38%,18.35,19,19.35,2309,211,10.94,91.09%,130.50%,0.434357,2026-08-04
TSLA,327.35,2026-08-05,1,Call,342.50,-4.63%,0.66,0.67,0.68,9468,866,10.93,45.35%,70.78%,0.115061,2026-08-04
BTDR,11.38,2026-08-21,17,Put,9.00,-20.91%,0.3,0.33,0.5,9440,865,10.91,134.87%,143.64%,-0.179619,2026-08-04
MAS,77.08,2026-10-16,73,Put,70.00,-9.19%,1.3,1.75,2.1,2000,185,10.81,33.09%,33.99%,-0.231028,2026-08-04
ANET,190.51,2026-08-07,3,Call,245.00,-28.60%,0.15,0.34,0.34,1896,176,10.77,73.20%,139.93%,0.027621,2026-08-04
MU,892.67,2026-08-05,1,Call,960.00,-7.54%,4.5,4.65,4.75,2882,268,10.75,91.09%,130.15%,0.151032,2026-08-04
PINS,25.58,2026-08-07,3,Put,23.50,-8.13%,0.65,0.73,0.8,2460,229,10.74,71.84%,174.94%,-0.269025,2026-08-04
GOOGL,377.65,2026-08-05,1,Call,377.50,+0.04%,2.95,3.41,3.45,18191,1701,10.69,33.90%,39.41%,0.513594,2026-08-04
AMZN,277.42,2026-08-05,1,Call,285.00,-2.73%,0.45,0.45,0.47,33215,3107,10.69,33.62%,46.30%,0.136487,2026-08-04
MU,892.67,2026-08-05,1,Call,950.00,-6.42%,5.95,6.07,6.25,13920,1305,10.67,91.09%,129.70%,0.188985,2026-08-04
ASTS,70.31,2026-08-07,3,Put,66.00,-6.13%,1.38,1.42,1.5,1234,116,10.64,114.11%,127.56%,-0.271862,2026-08-04
SPCX,125.33,2026-08-07,3,Put,122.00,-2.66%,8.6,8.92,8.9,2298,217,10.59,111.65%,231.76%,-0.407328,2026-08-04
PLTR,162.66,2026-08-07,3,Call,180.00,-10.66%,0.37,0.38,0.38,40358,3815,10.58,53.97%,76.08%,0.076386,2026-08-04
BWA,63.04,2026-08-21,17,Call,70.00,-11.04%,0,0.89,0.8,3991,378,10.56,46.74%,42.69%,0.140505,2026-08-04
TOST,33.81,2026-08-07,3,Call,40.00,-18.31%,0.21,0.25,0.44,3482,330,10.55,59.53%,159.84%,0.138791,2026-08-04
MU,892.67,2026-08-05,1,Call,985.00,-10.34%,2.16,2.27,2.32,1168,111,10.52,91.09%,131.76%,0.082071,2026-08-04
TE,5.43,2026-09-04,31,Call,7.00,-28.91%,0.55,0.6,0.65,1627,155,10.5,160.43%,171.96%,0.401292,2026-08-04
INTC,100.86,2026-08-07,3,Call,110.00,-9.06%,1.22,1.23,1.25,51241,4880,10.5,87.22%,114.39%,0.217026,2026-08-04
RDDT,159.97,2026-08-14,10,Put,160.00,+0.02%,6.95,7.32,7.75,1784,170,10.49,67.21%,70.16%,-0.474779,2026-08-04
EOSE,4.35,2026-08-28,24,Call,1.50,+65.52%,2.16,2.95,4.95,2709,259,10.46,139.60%,748.87%,0.935228,2026-08-04
TSLA,327.35,2026-08-05,1,Put,310.00,-5.30%,0.28,0.28,0.29,20965,2017,10.39,45.35%,66.84%,-0.05742,2026-08-04
TSLA,327.35,2026-08-10,6,Call,327.50,-0.05%,7.45,7.5,7.8,2986,288,10.37,45.35%,45.42%,0.512562,2026-08-04
ORIC,13.47,2026-08-21,17,Put,10.00,-25.76%,0,0.12,1,2365,229,10.33,138.92%,171.11%,-0.159764,2026-08-04
MSFT,492.81,2027-01-15,164,Call,615.00,-24.79%,9.35,11.05,11.4,5299,513,10.33,30.75%,32.06%,0.194734,2026-08-04
INTC,100.86,2026-08-07,3,Call,117.00,-16.00%,0.45,0.46,0.48,3104,301,10.31,87.22%,119.65%,0.094776,2026-08-04
TSLA,327.35,2026-08-07,3,Put,330.00,+0.81%,7.7,7.67,7.95,14227,1383,10.29,45.35%,54.38%,-0.553406,2026-08-04
INTC,100.86,2026-08-07,3,Put,98.00,-2.84%,2.54,2.65,2.76,3080,300,10.27,87.22%,109.19%,-0.366028,2026-08-04
PLTR,162.66,2026-08-14,10,Call,170.00,-4.51%,3.65,3.71,3.75,11978,1171,10.23,53.97%,60.91%,0.35287,2026-08-04
WULF,18.88,2028-01-21,535,Put,20.00,+5.93%,7.6,7.98,8.2,7460,730,10.22,108.23%,68.38%,-0.355593,2026-08-04
CIFR,20.38,2026-08-28,24,Call,28.00,-37.39%,0.4,0.84,0.64,2047,202,10.13,120.44%,115.77%,0.180446,2026-08-04
BLZE,19.79,2026-08-21,17,Put,20.00,+1.06%,1.75,2.1,2,1439,142,10.13,109.48%,104.41%,-0.471443,2026-08-04
AMZN,277.42,2026-08-05,1,Call,275.00,+0.87%,3.8,4.05,4.05,12849,1272,10.1,33.62%,43.59%,0.655348,2026-08-04
AMZN,277.42,2026-08-07,3,Call,200.00,+27.91%,76.9,78.35,79.25,3884,385,10.09,33.62%,199.80%,0.971194,2026-08-04
DKNG,23.61,2026-08-21,17,Call,24.50,-3.77%,1.16,1.13,1.3,1178,117,10.07,69.10%,78.35%,0.450521,2026-08-04
NVDA,211.94,2026-08-12,8,Put,210.00,-0.92%,3.7,3.75,3.85,1066,106,10.06,41.33%,38.04%,-0.420083,2026-08-04
ALAB,361.67,2026-08-07,3,Call,450.00,-24.42%,3.55,5,5.7,2008,200,10.04,123.02%,207.77%,0.143566,2026-08-04
KO,86.56,2026-09-18,45,Call,95.00,-9.75%,0.36,0.42,0.52,19032,1912,9.95,21.66%,22.56%,0.131995,2026-08-04
APTV,47.72,2026-08-21,17,Call,50.00,-4.78%,1.2,1.35,1.35,1817,183,9.93,49.95%,52.78%,0.364561,2026-08-04
MRNA,56.99,2027-01-15,164,Put,37.00,-35.08%,3,3.4,3.6,5031,508,9.9,77.10%,87.01%,-0.145105,2026-08-04
NVDA,211.94,2026-08-07,3,Put,220.00,+3.80%,8.7,8.59,8.95,4704,476,9.88,41.33%,43.86%,-0.820423,2026-08-04
AAPL,309.38,2026-08-05,1,Put,302.50,-2.22%,0.28,0.3,0.31,18324,1864,9.83,26.85%,35.02%,-0.107399,2026-08-04
PLTR,162.66,2026-09-04,31,Call,200.00,-22.96%,1.48,1.57,1.58,2161,220,9.82,53.97%,56.38%,0.123755,2026-08-04
V,369.59,2026-08-21,17,Call,382.50,-3.49%,2.26,2.91,2.97,2118,216,9.81,22.28%,22.17%,0.252827,2026-08-04
AMD,518.58,2026-08-05,1,Put,475.00,-8.40%,4.2,4.5,4.6,2398,245,9.79,81.75%,179.72%,-0.163242,2026-08-04
FLNC,15.67,2026-11-20,108,Put,13.00,-17.04%,2.45,2.55,2.75,1203,123,9.78,148.82%,126.80%,-0.264839,2026-08-04
CMG,33.82,2026-08-07,3,Call,32.00,+5.38%,1.91,1.95,2.3,986,101,9.76,43.36%,76.76%,0.79788,2026-08-04
TSLA,327.35,2026-08-10,6,Call,360.00,-9.97%,0.79,0.83,0.84,2317,238,9.74,45.35%,52.11%,0.083682,2026-08-04
TSLA,327.35,2026-08-05,1,Put,312.50,-4.54%,0.42,0.4,0.44,14609,1503,9.72,45.35%,65.05%,-0.083285,2026-08-04
AVGO,418.16,2026-08-05,1,Put,390.00,-6.73%,0.3,0.35,0.42,1157,119,9.72,56.06%,81.15%,-0.048019,2026-08-04
BBAI,3.15,2026-09-04,31,Call,3.00,+4.76%,0.36,0.37,0.4,4119,424,9.71,82.48%,82.42%,0.631707,2026-08-04
C,136.87,2026-08-14,10,Call,138.00,-0.83%,2.15,2.3,2.44,1683,174,9.67,29.79%,30.79%,0.449777,2026-08-04
META,587.94,2026-08-05,1,Put,572.50,-2.63%,1,1.06,1.14,1399,145,9.65,38.34%,47.90%,-0.14069,2026-08-04
KTOS,51.87,2026-08-07,3,Put,44.50,-14.21%,0.35,0.47,0.55,1111,116,9.58,85.44%,152.96%,-0.119686,2026-08-04
MSFT,492.81,2026-08-05,1,Call,492.50,+0.06%,4.25,4.43,4.8,9369,978,9.58,30.75%,42.27%,0.517175,2026-08-04
DKNG,23.61,2026-08-28,24,Call,28.00,-18.59%,0.39,0.43,0.48,1042,109,9.56,69.10%,70.21%,0.199306,2026-08-04
AMZN,277.42,2026-08-05,1,Put,290.00,+4.53%,12.55,12.35,13.85,4049,425,9.53,33.62%,72.37%,-0.87526,2026-08-04
TOST,33.81,2026-08-21,17,Put,28.00,-17.18%,0.2,0.3,0.39,2038,214,9.52,59.53%,75.12%,-0.10497,2026-08-04
AMD,518.58,2026-08-10,6,Call,585.00,-12.81%,8.4,8.67,9.3,3093,325,9.52,81.75%,111.66%,0.221792,2026-08-04
TWLO,194.05,2026-08-07,3,Call,215.00,-10.80%,5.1,6.5,7.4,1167,123,9.49,84.61%,194.28%,0.311218,2026-08-04
MU,892.67,2026-08-14,10,Call,895.00,-0.26%,56.75,59.63,60.15,1033,109,9.48,91.09%,100.43%,0.529207,2026-08-04
MU,892.67,2026-08-05,1,Call,"1,020.00",-14.26%,0.74,0.8,0.86,1345,142,9.47,91.09%,135.76%,0.032928,2026-08-04
TSM,417.17,2026-08-14,10,Call,422.50,-1.28%,11.1,11.65,12.1,3797,401,9.47,47.24%,50.38%,0.45968,2026-08-04
CVNA,68.03,2026-08-07,3,Call,73.00,-7.31%,0.28,0.38,0.42,3178,336,9.46,62.56%,73.32%,0.153104,2026-08-04
TSLA,327.35,2026-08-05,1,Call,322.50,+1.48%,7,7.1,7.25,36393,3857,9.44,45.35%,62.57%,0.682694,2026-08-04
META,587.94,2026-08-05,1,Call,597.50,-1.63%,2.35,2.45,2.59,2537,269,9.43,38.34%,49.10%,0.270494,2026-08-04
SHOP,123.3,2026-08-07,3,Put,90.00,-27.01%,0.12,0.19,0.25,1910,203,9.41,74.98%,181.66%,-0.022998,2026-08-04
BE,228.11,2026-08-07,3,Put,220.00,-3.56%,8.45,9.3,10.1,5025,534,9.41,126.18%,160.01%,-0.373021,2026-08-04
AMD,518.58,2026-08-05,1,Call,520.00,-0.27%,20.55,20.87,24.5,6417,682,9.41,81.75%,214.11%,0.51297,2026-08-04
META,587.94,2026-08-05,1,Put,567.50,-3.48%,0.5,0.51,0.58,1258,134,9.39,38.34%,48.47%,-0.079179,2026-08-04
HOOD,93.51,2026-08-21,17,Put,93.00,-0.55%,5.05,5.36,5.6,1059,113,9.37,68.74%,70.41%,-0.451936,2026-08-04
NMAX,8.36,2026-08-07,3,Call,3.00,+64.11%,5.2,5.3,5.5,1156,124,9.32,100.94%,499.87%,0.993585,2026-08-04
LQDA,88.38,2026-08-21,17,Put,85.00,-3.82%,5.9,7.3,8.9,1006,108,9.31,109.68%,121.65%,-0.387799,2026-08-04
SOC,4.48,2026-09-11,38,Call,1.00,+77.68%,3.1,3.52,3.85,1219,131,9.31,144.51%,281.36%,0.982576,2026-08-04
NYT,75.61,2026-08-21,17,Put,70.00,-7.42%,0.7,1.3,3.3,1473,159,9.26,49.15%,67.95%,-0.272209,2026-08-04
ZETA,24.26,2026-08-21,17,Call,24.00,+1.07%,2.3,2.7,2.7,1522,165,9.22,96.62%,113.34%,0.568779,2026-08-04
AAPL,309.38,2026-08-05,1,Call,317.50,-2.62%,0.26,0.28,0.28,21324,2320,9.19,26.85%,37.46%,0.095602,2026-08-04
RIG,5.22,2026-12-18,136,Put,5.50,+5.36%,0.72,0.75,0.82,20017,2180,9.18,54.00%,42.73%,-0.545095,2026-08-04
RKT,14.11,2026-08-21,17,Call,15.50,-9.85%,0.34,0.36,0.42,5283,576,9.17,67.41%,71.01%,0.299592,2026-08-04
SOFI,18.7,2026-08-28,24,Put,19.00,+1.60%,1.1,1.21,1.17,1872,205,9.13,51.74%,51.91%,-0.515891,2026-08-04
SPCX,125.33,2027-03-19,227,Call,175.00,-39.63%,15.8,15.25,18.05,2763,303,9.12,111.65%,77.01%,0.418678,2026-08-04
MU,892.67,2026-08-05,1,Put,840.00,-5.90%,7.3,7.45,7.5,1796,197,9.12,91.09%,141.44%,-0.194964,2026-08-04
ZETA,24.26,2026-08-14,10,Call,30.00,-23.66%,0.6,0.6,0.85,929,102,9.11,96.62%,149.51%,0.232534,2026-08-04
TXN,283.63,2027-03-19,227,Call,350.00,-23.40%,25,25.16,26.6,1080,119,9.08,53.22%,52.34%,0.387698,2026-08-04
PINS,25.58,2026-08-07,3,Put,24.00,-6.18%,0.89,0.94,0.95,6611,728,9.08,71.84%,177.48%,-0.3162,2026-08-04
GS,1052.98,2026-08-28,24,Put,945.00,-10.25%,5.55,6.05,6.25,1066,118,9.03,35.82%,37.13%,-0.11569,2026-08-04
CMG,33.82,2026-08-07,3,Put,35.00,+3.49%,1.35,1.23,1.5,3702,411,9.01,43.36%,55.14%,-0.744673,2026-08-04
META,587.94,2026-08-05,1,Call,600.00,-2.05%,1.84,1.92,2.01,22916,2547,9,38.34%,49.61%,0.221951,2026-08-04
CMG,33.82,2026-08-21,17,Call,37.00,-9.40%,0.26,0.3,0.33,46537,5174,8.99,43.36%,42.74%,0.18143,2026-08-04
GILD,135.25,2026-08-07,3,Put,127.00,-6.10%,0.73,0.87,1.16,1145,128,8.95,38.46%,78.00%,-0.176983,2026-08-04
AMZN,277.42,2026-08-05,1,Put,292.50,+5.44%,14.9,15.52,16.75,1537,172,8.94,33.62%,86.32%,-0.874686,2026-08-04
INTC,100.86,2026-08-05,1,Call,103.00,-2.12%,1.67,1.74,1.76,5076,571,8.89,87.22%,124.31%,0.386333,2026-08-04
TSLA,327.35,2026-08-10,6,Call,325.00,+0.72%,8.55,8.95,9.1,4478,506,8.85,45.35%,44.88%,0.565279,2026-08-04
AMD,518.58,2026-08-05,1,Call,610.00,-17.63%,2.67,3.05,3.3,2308,261,8.84,81.75%,234.29%,0.103479,2026-08-04
WPM,115.41,2026-08-21,17,Put,95.00,-17.68%,0.15,0.18,0.6,1351,153,8.83,47.39%,59.65%,-0.056337,2026-08-04
AVGO,418.16,2026-08-05,1,Call,422.50,-1.04%,4.3,4.55,4.85,3221,365,8.82,56.06%,74.09%,0.40331,2026-08-04
NVO,44.28,2026-08-07,3,Put,44.50,+0.50%,0.89,0.95,1.07,2776,315,8.81,41.80%,53.46%,-0.53345,2026-08-04
MU,892.67,2026-08-05,1,Put,900.00,+0.82%,28.25,28.5,29.55,2885,328,8.8,91.09%,134.18%,-0.531968,2026-08-04
SNDK,1427.62,2026-08-07,3,Put,"1,280.00",-10.34%,44.7,46.63,47.1,1204,137,8.79,129.69%,211.93%,-0.252832,2026-08-04
AMD,518.58,2026-08-05,1,Put,450.00,-13.22%,1.28,1.5,1.53,6374,728,8.76,81.75%,182.77%,-0.062818,2026-08-04
BA,237.16,2026-08-14,10,Put,227.50,-4.07%,1.68,2.05,2.1,1205,138,8.73,33.91%,35.25%,-0.228592,2026-08-04
QCOM,162.67,2026-08-07,3,Call,182.50,-12.19%,0.28,0.33,0.33,1230,141,8.72,58.90%,80.21%,0.061297,2026-08-04
AMZN,277.42,2026-08-07,3,Call,195.00,+29.71%,81.25,83.23,84.3,1395,160,8.72,33.62%,189.88%,0.983641,2026-08-04
AMD,518.58,2026-08-05,1,Put,530.00,+2.20%,25,26.3,26.3,1272,146,8.71,81.75%,177.61%,-0.574179,2026-08-04
GEMI,4.21,2026-08-07,3,Call,1.50,+64.37%,2.6,2.66,3,1075,124,8.67,126.53%,885.52%,0.954234,2026-08-04
AVGO,418.16,2026-08-05,1,Put,400.00,-4.34%,1.02,1.01,1.14,1725,199,8.67,56.06%,76.06%,-0.127752,2026-08-04
KLAC,195.45,2027-01-15,164,Put,186.00,-4.83%,31.2,33.1,33.9,1013,117,8.66,80.94%,76.29%,-0.35373,2026-08-04
MRK,128,2026-09-18,45,Call,145.00,-13.28%,0.7,0.74,0.8,12347,1426,8.66,30.80%,28.93%,0.121851,2026-08-04
AAPL,309.38,2026-08-05,1,Put,305.00,-1.42%,0.6,0.62,0.65,30207,3487,8.66,26.85%,33.45%,-0.203882,2026-08-04
MSFT,492.81,2026-08-05,1,Call,490.00,+0.57%,5.9,5.95,6.5,14171,1639,8.65,30.75%,45.20%,0.601377,2026-08-04
MU,892.67,2026-08-05,1,Call,965.00,-8.10%,3.9,4.07,4.15,1272,147,8.65,91.09%,130.53%,0.1346,2026-08-04
AVGO,418.16,2026-08-17,13,Put,400.00,-4.34%,7.85,8.35,9.5,1867,216,8.64,56.06%,52.98%,-0.307303,2026-08-04
TSLA,327.35,2026-08-05,1,Call,320.00,+2.25%,8.75,9.33,9.05,33283,3879,8.58,45.35%,62.47%,0.76238,2026-08-04
PLTR,162.66,2026-08-07,3,Call,185.00,-13.73%,0.19,0.2,0.21,15327,1789,8.57,53.97%,80.49%,0.042448,2026-08-04
BAX,28.35,2026-11-20,108,Call,32.50,-14.64%,1.25,1.3,1.9,1019,119,8.56,41.31%,47.61%,0.360864,2026-08-04
AMD,518.58,2026-08-05,1,Put,490.00,-5.51%,7.75,8.21,8.5,3100,364,8.52,81.75%,181.76%,-0.25964,2026-08-04
KO,86.56,2026-08-07,3,Call,86.00,+0.65%,1.13,1.08,1.27,4125,485,8.51,21.66%,28.43%,0.605758,2026-08-04
NVDA,211.94,2026-08-05,1,Call,220.00,-3.80%,0.17,0.17,0.18,95866,11260,8.51,41.33%,48.62%,0.073428,2026-08-04
TSLA,327.35,2026-08-07,3,Put,335.00,+2.34%,10.9,11.15,11.2,5397,635,8.5,45.35%,55.02%,-0.66795,2026-08-04
META,587.94,2026-08-05,1,Put,575.00,-2.20%,1.4,1.5,1.52,4685,552,8.49,38.34%,47.55%,-0.181422,2026-08-04
CRM,190.99,2026-08-28,24,Call,190.00,+0.52%,11.1,11.9,12.75,2842,335,8.48,50.56%,57.87%,0.547919,2026-08-04
AMD,518.58,2026-08-05,1,Call,575.00,-10.88%,6.45,6,7.15,3984,470,8.48,81.75%,225.78%,0.207803,2026-08-04
AMD,518.58,2026-08-05,1,Call,510.00,+1.65%,25.15,26.1,27.3,3206,379,8.46,81.75%,201.59%,0.583884,2026-08-04
MRVL,218.59,2026-08-07,3,Call,275.00,-25.81%,0.23,0.43,0.43,1702,202,8.43,98.84%,133.32%,0.033147,2026-08-04
POET,8.57,2026-08-21,17,Call,7.50,+12.49%,1.29,1.5,1.75,4493,534,8.41,120.10%,127.04%,0.735572,2026-08-04
AMD,518.58,2026-08-05,1,Put,527.50,+1.72%,20.45,25.45,26.2,989,118,8.38,81.75%,169.93%,-0.558205,2026-08-04
ADTN,8.76,2027-01-15,164,Call,16.00,-82.65%,0.4,0.53,0.55,1103,132,8.36,80.70%,84.61%,0.214377,2026-08-04
IONQ,41.72,2026-08-21,17,Put,29.50,-29.29%,0.03,0.31,0.31,867,104,8.34,103.12%,100.03%,-0.042653,2026-08-04
AMD,518.58,2026-08-05,1,Call,560.00,-7.99%,8.3,9.45,10.55,3446,414,8.32,81.75%,220.59%,0.271918,2026-08-04
NVDA,211.94,2026-08-10,6,Put,207.50,-2.09%,2.03,2.1,2.12,2557,308,8.3,41.33%,36.69%,-0.314483,2026-08-04
VLO,308.73,2026-09-18,45,Call,380.00,-23.08%,2.3,2.35,3.2,2722,328,8.3,45.40%,46.36%,0.119121,2026-08-04
AVGO,418.16,2026-08-05,1,Call,415.00,+0.76%,7.85,8,8.7,4018,484,8.3,56.06%,75.36%,0.584775,2026-08-04
VZ,46.88,2026-08-07,3,Put,48.00,+2.39%,1.11,1.46,1.67,1037,125,8.3,26.60%,39.81%,-0.739001,2026-08-04
WULF,18.88,2026-08-07,3,Put,17.50,-7.31%,0.42,0.44,0.47,2723,329,8.28,108.23%,148.79%,-0.266974,2026-08-04
CPNG,16.78,2026-08-07,3,Put,16.50,-1.67%,0.4,0.59,1.08,2579,313,8.24,68.57%,145.50%,-0.422528,2026-08-04
NBIS,225.74,2026-08-14,10,Call,222.50,+1.44%,26.5,27.53,27.85,1342,163,8.23,140.17%,172.35%,0.57801,2026-08-04
NVO,44.28,2026-08-07,3,Put,42.00,-5.15%,0.14,0.16,0.17,1386,169,8.2,41.80%,54.27%,-0.13721,2026-08-04
RKLB,74.48,2026-08-07,3,Call,85.00,-14.12%,0.46,0.53,0.54,12243,1503,8.15,104.28%,121.89%,0.127615,2026-08-04
U,35.22,2026-08-07,3,Call,36.00,-2.21%,1.98,2.16,2.25,4478,551,8.13,86.48%,192.90%,0.485588,2026-08-04
IOT,38.6,2026-08-07,3,Call,41.50,-7.51%,0,0.15,0.65,1468,181,8.11,70.90%,88.73%,0.195793,2026-08-04
LVS,46.02,2026-08-07,3,Call,47.00,-2.13%,0.28,0.39,0.44,2982,368,8.1,34.49%,44.54%,0.308614,2026-08-04
INTC,100.86,2026-08-12,8,Call,100.00,+0.85%,5.6,5.8,6,1635,202,8.09,87.22%,89.85%,0.554053,2026-08-04
TSLA,327.35,2026-08-07,3,Put,327.50,+0.05%,6.3,6.4,6.5,2490,308,8.08,45.35%,53.79%,-0.492054,2026-08-04
ANET,190.51,2026-08-07,3,Put,175.00,-8.14%,3.4,3.65,4.2,2904,360,8.07,73.20%,146.19%,-0.23914,2026-08-04
MSFT,492.81,2026-08-05,1,Put,480.00,-2.60%,0.82,0.87,0.9,7806,970,8.05,30.75%,46.92%,-0.13833,2026-08-04
AMD,518.58,2026-08-05,1,Call,545.00,-5.09%,11.4,12.1,13.6,1554,193,8.05,81.75%,210.47%,0.346366,2026-08-04
NVT,162.24,2026-11-20,108,Call,170.00,-4.78%,20,21,21.8,851,106,8.03,67.27%,66.88%,0.531295,2026-08-04
INTC,100.86,2026-08-05,1,Put,92.00,-8.78%,0.31,0.32,0.35,1654,206,8.03,87.22%,137.48%,-0.094279,2026-08-04
BABA,128.99,2026-08-07,3,Put,126.00,-2.32%,1.02,1.1,1.12,1637,204,8.02,48.39%,48.99%,-0.290719,2026-08-04
Q,141.67,2026-09-18,45,Call,155.00,-9.41%,9.5,9,10.6,801,100,8.01,79.22%,75.38%,0.42406,2026-08-04
INTC,100.86,2026-08-07,3,Call,72.00,+28.61%,28.4,28.97,29.55,903,113,7.99,87.22%,179.80%,0.984209,2026-08-04
Q,141.67,2026-09-18,45,Call,190.00,-34.11%,2.3,2.5,4.6,1135,142,7.99,79.22%,78.90%,0.182512,2026-08-04
TSLA,327.35,2026-08-10,6,Put,315.00,-3.77%,2.64,2.71,2.75,1269,159,7.98,45.35%,44.54%,-0.238443,2026-08-04
AMD,518.58,2026-08-05,1,Put,505.00,-2.62%,13,13.6,13.9,1211,152,7.97,81.75%,182.66%,-0.372102,2026-08-04
SN,168.19,2026-08-21,17,Call,175.00,-4.05%,6.9,7.3,8.5,2806,352,7.97,61.61%,72.18%,0.434029,2026-08-04
WFC,88.39,2026-08-14,10,Put,88.00,-0.44%,1.4,1.4,1.59,1557,197,7.9,24.10%,29.19%,-0.450803,2026-08-04
AMD,518.58,2026-08-05,1,Call,522.50,-0.76%,19.5,19.5,24,2079,263,7.9,81.75%,217.57%,0.496677,2026-08-04
AAPL,309.38,2026-08-05,1,Put,307.50,-0.61%,1.27,1.3,1.36,27253,3459,7.88,26.85%,33.13%,-0.357671,2026-08-04
TSLA,327.35,2026-08-05,1,Call,345.00,-5.39%,0.5,0.53,0.52,18188,2311,7.87,45.35%,73.33%,0.089072,2026-08-04
AMD,518.58,2026-08-05,1,Call,590.00,-13.77%,4.3,4.6,5.1,2241,285,7.86,81.75%,227.95%,0.15362,2026-08-04
INTC,100.86,2026-08-14,10,Call,112.00,-11.05%,2.49,2.6,2.72,2516,321,7.84,87.22%,96.07%,0.282945,2026-08-04
WULF,18.88,2028-06-16,682,Put,20.00,+5.93%,8,8.4,10,1981,253,7.83,108.23%,71.85%,-0.312144,2026-08-04
AMZN,277.42,2026-08-05,1,Call,287.50,-3.63%,0.24,0.25,0.25,12338,1575,7.83,33.62%,47.73%,0.078936,2026-08-04
ANET,190.51,2026-08-07,3,Call,185.00,+2.89%,12.3,13.74,14.05,3355,429,7.82,73.20%,149.63%,0.612718,2026-08-04
SNDK,1427.62,2026-08-07,3,Put,800.00,-43.96%,0.65,0.81,0.85,9448,1208,7.82,129.69%,268.59%,-0.006194,2026-08-04
CG,50.64,2026-08-21,17,Put,42.50,-16.07%,0.2,0.3,0.35,2084,267,7.81,48.49%,62.03%,-0.083882,2026-08-04
CMG,33.82,2026-08-14,10,Call,35.00,-3.49%,0.58,0.6,0.7,3431,440,7.8,43.36%,49.37%,0.356911,2026-08-04
AMD,518.58,2026-08-05,1,Call,512.50,+1.17%,23.4,24.18,28.85,3522,452,7.79,81.75%,213.13%,0.564506,2026-08-04
ARM,280.56,2026-08-14,10,Call,310.00,-10.49%,9.15,9.81,9.75,3080,396,7.78,93.79%,107.27%,0.319994,2026-08-04
FIS,44.26,2028-01-21,535,Put,35.00,-20.92%,2.5,4.45,4.9,2323,299,7.77,45.55%,40.63%,-0.223872,2026-08-04
BX,137.2,2026-08-21,17,Put,127.00,-7.43%,0.88,1.1,1.11,1258,162,7.77,37.27%,37.92%,-0.161686,2026-08-04
WSM,248.88,2026-09-18,45,Put,240.00,-3.57%,11.6,13.1,12.9,1877,242,7.76,47.80%,48.65%,-0.376539,2026-08-04
MSFT,492.81,2026-08-05,1,Call,515.00,-4.50%,0.13,0.14,0.16,3648,472,7.73,30.75%,45.10%,0.032121,2026-08-04
ARM,280.56,2026-08-14,10,Call,275.00,+1.98%,21.7,23.5,23.55,1228,159,7.72,93.79%,106.89%,0.582087,2026-08-04
ASTS,70.31,2026-10-16,73,Put,65.00,-7.55%,9.75,9.85,10.3,7119,925,7.7,114.11%,106.48%,-0.339047,2026-08-04
AMZN,277.42,2026-08-05,1,Put,267.50,-3.58%,0.19,0.23,0.22,5245,684,7.67,33.62%,47.06%,-0.067561,2026-08-04
RDW,10.63,2027-02-19,199,Put,12.00,+12.89%,4,4.1,4.2,1024,134,7.64,117.66%,108.62%,-0.395771,2026-08-04
RIVN,15.76,2026-10-16,73,Call,18.00,-14.21%,0.89,1,1.1,5150,674,7.64,59.77%,62.35%,0.378044,2026-08-04
EOSE,4.35,2026-09-18,45,Call,4.50,-3.45%,0.75,0.77,0.8,3534,463,7.63,139.60%,136.85%,0.571113,2026-08-04
TOST,33.81,2026-08-07,3,Put,30.00,-11.27%,0.45,0.5,0.52,992,130,7.63,59.53%,154.51%,-0.177331,2026-08-04
UEC,10.5,2026-09-04,31,Call,11.00,-4.76%,0.69,0.77,0.79,3066,404,7.59,78.29%,76.68%,0.46718,2026-08-04
NVDA,211.94,2026-08-12,8,Call,212.50,-0.26%,4.45,4.6,4.7,3855,508,7.59,41.33%,38.15%,0.497463,2026-08-04
VCYT,46.41,2026-12-18,136,Call,50.00,-7.74%,5.5,6,6.6,909,120,7.58,57.41%,63.93%,0.516325,2026-08-04
HBM,24.77,2026-09-18,45,Call,30.00,-21.11%,0.6,0.75,0.8,1345,178,7.56,65.03%,64.35%,0.237174,2026-08-04
AMD,518.58,2026-08-05,1,Call,540.00,-4.13%,12.85,13.75,14.4,3182,421,7.56,81.75%,205.79%,0.374087,2026-08-04
MU,892.67,2026-08-05,1,Call,910.00,-1.94%,16.65,16.9,17.35,4493,594,7.56,91.09%,131.11%,0.40342,2026-08-04
PLTR,162.66,2027-02-19,199,Put,115.00,-29.30%,6.05,6.1,6.3,1790,237,7.55,53.97%,57.79%,-0.142363,2026-08-04
KMI,31.38,2026-08-21,17,Call,33.50,-6.76%,0.03,0.11,0.13,1056,140,7.54,22.93%,23.80%,0.105813,2026-08-04
DELL,467.27,2026-08-07,3,Call,510.00,-9.14%,4.4,4.76,5.25,2102,280,7.51,93.38%,107.58%,0.198788,2026-08-04
YETI,51.75,2026-08-21,17,Call,55.00,-6.28%,1,1.25,2.1,2531,337,7.51,49.42%,62.25%,0.354321,2026-08-04
HD,348.24,2026-08-07,3,Call,365.00,-4.81%,0.4,0.65,0.68,960,128,7.5,34.62%,38.97%,0.09499,2026-08-04
GOOGL,377.65,2026-08-05,1,Put,370.00,-2.03%,0.61,0.62,0.71,7053,942,7.49,33.90%,39.68%,-0.158698,2026-08-04
NVDA,211.94,2026-08-05,1,Call,210.00,+0.92%,3.05,3.12,3.2,103149,13768,7.49,41.33%,45.29%,0.656696,2026-08-04
SOUN,6.51,2026-08-07,3,Put,8.00,+22.89%,1.55,1.61,1.67,3428,460,7.45,102.34%,226.16%,-0.816552,2026-08-04
PLTR,162.66,2026-08-14,10,Call,160.00,+1.64%,7.75,7.95,8,13144,1765,7.45,53.97%,59.82%,0.58944,2026-08-04
MS,217.04,2026-08-14,10,Call,220.00,-1.36%,3.45,3.84,4.15,916,123,7.45,33.13%,35.37%,0.422989,2026-08-04
PLTR,162.66,2026-08-28,24,Put,145.00,-10.86%,2.48,2.5,2.6,847,114,7.43,53.97%,55.71%,-0.186511,2026-08-04
ORCL,145.74,2026-08-07,3,Put,146.00,+0.18%,3.95,4.05,4.2,809,109,7.42,73.19%,75.01%,-0.495962,2026-08-04
AAPL,309.38,2026-08-05,1,Call,295.00,+4.65%,13.7,14.22,15,1039,140,7.42,26.85%,32.28%,0.997664,2026-08-04
ARM,280.56,2026-08-07,3,Call,330.00,-17.62%,1.82,2.05,1.92,916,124,7.39,93.79%,140.50%,0.113463,2026-08-04
RTX,217.93,2026-08-07,3,Call,230.00,-5.54%,0.05,0.12,0.14,1454,197,7.38,25.33%,32.89%,0.037004,2026-08-04
AAPL,309.38,2026-08-10,6,Call,317.50,-2.62%,1.33,1.46,1.5,4095,556,7.37,26.85%,26.59%,0.233535,2026-08-04
DELL,467.27,2026-08-07,3,Call,500.00,-7.00%,6,6.65,7.25,3848,523,7.36,93.38%,106.11%,0.256822,2026-08-04
FCX,67.3,2026-08-07,3,Put,65.00,-3.42%,0.49,0.57,0.78,742,101,7.35,54.16%,63.55%,-0.262397,2026-08-04
ZETA,24.26,2026-08-07,3,Call,35.00,-44.27%,0.14,0.14,0.18,1949,265,7.35,96.62%,254.40%,0.070435,2026-08-04
INTC,100.86,2026-08-05,1,Call,97.00,+3.83%,4.9,4.9,5.2,4427,603,7.34,87.22%,129.98%,0.728707,2026-08-04
MU,892.67,2026-08-05,1,Put,855.00,-4.22%,10.55,10.5,10.9,943,129,7.31,91.09%,138.35%,-0.263407,2026-08-04
AG,16.49,2026-12-18,136,Call,19.00,-15.22%,1.91,2,2.13,2015,276,7.3,66.76%,71.08%,0.467358,2026-08-04
VZ,46.88,2026-09-04,31,Call,51.00,-8.79%,0.17,0.25,0.39,974,134,7.27,26.60%,27.41%,0.149592,2026-08-04
POET,8.57,2026-08-21,17,Call,8.50,+0.82%,0.94,0.99,1.05,1956,269,7.27,120.10%,130.13%,0.569711,2026-08-04
EIX,70.69,2026-09-18,45,Call,80.00,-13.17%,1.1,1.56,1.5,3018,415,7.27,41.06%,43.12%,0.225559,2026-08-04
NTRA,275.19,2026-08-21,17,Call,310.00,-12.65%,3,4.12,6.6,1142,158,7.23,62.26%,66.12%,0.226142,2026-08-04
NVO,44.28,2026-08-07,3,Call,44.00,+0.63%,0.93,0.93,1.07,1201,166,7.23,41.80%,53.88%,0.558984,2026-08-04
MSFT,492.81,2026-08-05,1,Put,482.50,-2.09%,1.18,1.23,1.41,3151,437,7.21,30.75%,47.07%,-0.191209,2026-08-04
RKT,14.11,2026-10-16,73,Put,11.00,-22.04%,0.38,0.45,0.45,2470,343,7.2,67.41%,67.73%,-0.159846,2026-08-04
MSFT,492.81,2026-09-18,45,Put,495.00,+0.44%,20.95,21.65,22.15,811,113,7.18,30.75%,30.77%,-0.484578,2026-08-04
AMD,518.58,2026-08-07,3,Call,517.50,+0.21%,26.4,26.65,27.9,826,115,7.18,81.75%,141.71%,0.53299,2026-08-04
DDOG,288.15,2026-09-18,45,Put,240.00,-16.71%,9.6,10.73,11.25,1113,155,7.18,84.95%,77.68%,-0.205702,2026-08-04
PRCT,18.28,2026-08-21,17,Put,15.00,-17.94%,0.4,0.75,2.8,886,124,7.15,93.20%,209.43%,-0.25246,2026-08-04
MOS,22.71,2026-08-07,3,Put,22.00,-3.13%,0.45,0.46,0.55,1516,212,7.15,52.72%,99.70%,-0.345773,2026-08-04
SNDK,1427.62,2026-08-07,3,Call,"1,425.00",+0.18%,106.3,108.9,111.6,792,111,7.14,129.69%,208.58%,0.542145,2026-08-04
NMR,9.74,2026-10-16,73,Call,10.00,-2.67%,0.35,0.45,0.5,1000,140,7.14,35.99%,31.63%,0.445663,2026-08-04
MU,892.67,2026-08-05,1,Call,945.00,-5.86%,6.85,7.14,7.15,1649,231,7.14,91.09%,129.65%,0.210634,2026-08-04
AMD,518.58,2026-08-05,1,Put,420.00,-19.01%,0.28,0.34,0.4,2384,335,7.12,81.75%,195.19%,-0.017192,2026-08-04
ECO,59.23,2026-08-21,17,Put,55.00,-7.14%,0,0.72,1,1500,211,7.11,50.11%,37.69%,-0.182985,2026-08-04
MSFT,492.81,2026-08-05,1,Put,487.50,-1.08%,2.26,2.46,2.5,5784,815,7.1,30.75%,44.59%,-0.316002,2026-08-04
WHR,44.62,2026-11-20,108,Put,40.00,-10.35%,3.4,3.7,4,709,100,7.09,58.93%,61.21%,-0.315428,2026-08-04
INTC,100.86,2026-08-28,24,Put,88.00,-12.75%,3.4,3.65,3.8,807,114,7.08,87.22%,89.31%,-0.236312,2026-08-04
HPE,52.39,2026-11-20,108,Put,47.00,-10.29%,4.9,5.67,6.3,1244,176,7.07,83.16%,76.56%,-0.313218,2026-08-04
ON,80.78,2026-09-18,45,Put,70.00,-13.34%,3.65,3.7,3.85,8189,1160,7.06,76.18%,77.33%,-0.248961,2026-08-04
INTC,100.86,2026-08-14,10,Put,95.00,-5.81%,3.4,3.57,3.65,2603,370,7.04,87.22%,93.46%,-0.319471,2026-08-04
NTRA,275.19,2026-08-21,17,Put,230.00,-16.42%,0.65,2.96,4.4,1133,161,7.04,62.26%,73.56%,-0.111409,2026-08-04
ADBE,257.49,2026-08-07,3,Call,257.50,0.00%,6.15,6.5,6.9,1178,168,7.01,54.58%,69.73%,0.514234,2026-08-04
META,587.94,2026-08-05,1,Call,580.00,+1.35%,9.9,10.5,11.4,2416,345,7,38.34%,47.56%,0.71304,2026-08-04
UBER,71.99,2026-08-21,17,Put,61.00,-15.27%,0.11,0.19,0.56,1761,252,6.99,45.26%,57.39%,-0.078987,2026-08-04
QCOM,162.67,2026-08-07,3,Put,144.00,-11.48%,0,0.12,0.44,3358,483,6.95,58.90%,80.60%,-0.04396,2026-08-04
IE,10.51,2026-08-21,17,Call,12.50,-18.93%,0.25,0.25,0.3,2178,314,6.94,86.33%,96.70%,0.236192,2026-08-04
GPRO,0.768,2026-09-18,45,Call,1.0000,-30.21%,0.05,0.1,0.1,4997,720,6.94,163.35%,135.01%,0.37819,2026-08-04
ASTS,70.31,2026-08-07,3,Put,67.00,-4.71%,1.61,1.73,1.94,763,110,6.94,114.11%,127.56%,-0.316644,2026-08-04
AAOI,131.63,2026-08-07,3,Call,170.00,-29.15%,2.5,2.77,3.1,2483,359,6.92,148.08%,270.29%,0.178718,2026-08-04
BTDR,11.38,2026-08-14,10,Call,15.50,-36.20%,0.15,0.25,0.35,5006,724,6.91,134.87%,168.43%,0.167159,2026-08-04
META,587.94,2026-08-05,1,Call,602.50,-2.48%,1.4,1.64,1.55,1691,245,6.9,38.34%,49.98%,0.179132,2026-08-04
TSLA,327.35,2026-08-05,1,Call,350.00,-6.92%,0.31,0.31,0.32,20842,3029,6.88,45.35%,79.07%,0.055529,2026-08-04
RKLB,74.48,2026-08-07,3,Put,72.00,-3.33%,1.85,1.95,1.98,871,127,6.86,104.28%,113.35%,-0.35069,2026-08-04
IBRX,6.95,2026-08-07,3,Put,6.50,-6.47%,0,0.1,0.15,1702,248,6.86,101.04%,96.68%,-0.20878,2026-08-04
AMZN,277.42,2026-08-05,1,Put,277.50,+0.03%,2.55,2.6,2.64,15722,2296,6.85,33.62%,44.31%,-0.498942,2026-08-04
ORCL,145.74,2026-08-07,3,Put,139.00,-4.62%,1.29,1.39,1.47,2174,318,6.84,73.19%,74.89%,-0.231475,2026-08-04
META,587.94,2026-08-05,1,Call,615.00,-4.60%,0.38,0.41,0.43,3358,491,6.84,38.34%,53.98%,0.057593,2026-08-04
ANET,190.51,2026-08-07,3,Put,180.00,-5.52%,5.05,5,5.7,881,129,6.83,73.20%,145.82%,-0.309461,2026-08-04
MRVL,218.59,2026-08-07,3,Call,245.00,-12.08%,2.16,2.23,2.4,1207,177,6.82,98.84%,127.24%,0.176511,2026-08-04
META,587.94,2026-08-07,3,Put,575.00,-2.20%,4.1,4.28,4.45,3299,484,6.82,38.34%,44.72%,-0.282631,2026-08-04
AMZN,277.42,2026-08-07,3,Call,205.00,+26.10%,71.05,72.25,74.3,980,144,6.81,33.62%,155.93%,0.986538,2026-08-04
PLTR,162.66,2026-08-14,10,Put,140.00,-13.93%,0.52,0.54,0.56,3510,516,6.8,53.97%,63.61%,-0.068594,2026-08-04
BAC,62.9,2026-08-07,3,Put,63.00,+0.16%,0.5,0.54,0.55,4062,598,6.79,21.56%,20.99%,-0.526894,2026-08-04
PL,22.83,2026-08-07,3,Call,24.50,-7.31%,0.2,0.32,0.4,800,118,6.78,104.42%,104.85%,0.244433,2026-08-04
CRWV,91.9,2026-08-07,3,Put,87.00,-5.33%,2.35,2.6,2.47,915,135,6.78,114.03%,137.53%,-0.307151,2026-08-04
PLTR,162.66,2026-08-14,10,Call,185.00,-13.73%,0.92,0.93,1,2054,303,6.78,53.97%,62.94%,0.120225,2026-08-04
AVGO,418.16,2026-08-05,1,Put,385.00,-7.93%,0.19,0.23,0.24,1036,153,6.77,56.06%,84.69%,-0.02953,2026-08-04
AMD,518.58,2026-08-05,1,Call,605.00,-16.66%,3.05,3.28,3.65,1368,202,6.77,81.75%,232.83%,0.114469,2026-08-04
ROST,251.06,2026-08-14,10,Put,252.50,+0.57%,5.6,5.6,7.4,782,116,6.74,39.96%,35.19%,-0.523303,2026-08-04
SKHY,154.38,2027-06-17,317,Call,180.00,-16.60%,46.1,47.8,51.1,1061,158,6.72,114.80%,98.20%,0.628399,2026-08-04
ENPH,41.77,2026-11-20,108,Call,60.00,-43.64%,3.3,3.45,3.6,4385,654,6.7,85.96%,91.50%,0.324177,2026-08-04
MU,892.67,2026-08-05,1,Put,795.00,-10.94%,2.03,2.15,2.2,2040,305,6.69,91.09%,151.23%,-0.066208,2026-08-04
TSLA,327.35,2026-08-07,3,Put,332.50,+1.57%,9.2,9.36,9.45,2297,344,6.68,45.35%,54.32%,-0.613306,2026-08-04
TSLA,327.35,2026-08-10,6,Call,330.00,-0.81%,6.35,6.5,6.6,5644,845,6.68,45.35%,45.46%,0.460581,2026-08-04
LPG,43.52,2026-08-21,17,Call,49.00,-12.59%,0.3,0.45,2.7,2013,302,6.67,41.75%,92.81%,0.300038,2026-08-04
AMD,518.58,2026-08-05,1,Call,532.50,-2.68%,15.55,15.8,18.95,1045,157,6.66,81.75%,214.62%,0.429052,2026-08-04
MRK,128,2026-08-07,3,Put,127.00,-0.78%,1.01,1.32,1.63,1663,250,6.65,30.80%,38.60%,-0.403664,2026-08-04
META,587.94,2026-08-05,1,Put,580.00,-1.35%,2.65,2.65,2.75,6201,933,6.65,38.34%,47.95%,-0.288576,2026-08-04
PLTR,162.66,2026-08-14,10,Call,143.00,+12.09%,20.25,20.65,21.25,2179,328,6.64,53.97%,65.83%,0.893596,2026-08-04
AMZN,277.42,2026-08-14,10,Call,200.00,+27.91%,76.1,78.02,78.35,1011,153,6.61,33.62%,102.43%,0.978333,2026-08-04
SPCX,125.33,2026-08-07,3,Call,124.00,+1.06%,11.4,11.6,11.7,7200,1091,6.6,111.65%,241.23%,0.563362,2026-08-04
CG,50.64,2026-08-21,17,Call,55.00,-8.61%,0.55,0.7,0.85,896,136,6.59,48.49%,49.10%,0.234644,2026-08-04
AMZN,277.42,2026-08-05,1,Put,295.00,+6.34%,17.35,17.2,18.05,1484,226,6.57,33.62%,65.11%,-0.963555,2026-08-04
EIX,70.69,2026-09-18,45,Put,70.00,-0.98%,3.1,3.4,3.9,1777,272,6.53,41.06%,38.67%,-0.445691,2026-08-04
NVO,44.28,2026-08-21,17,Call,43.00,+2.89%,1.99,2.25,2.47,1191,183,6.51,41.80%,41.37%,0.638798,2026-08-04
QUBT,9.23,2026-11-20,108,Call,12.00,-30.01%,0.91,1.24,1.52,1360,209,6.51,104.05%,102.13%,0.430836,2026-08-04
ELF,87.84,2026-10-16,73,Put,80.00,-8.93%,7.1,7.63,7.7,2001,309,6.48,86.49%,74.66%,-0.320997,2026-08-04
NVDA,211.94,2026-08-07,3,Put,225.00,+6.16%,12.55,13.35,13.5,975,151,6.46,41.33%,46.64%,-0.919075,2026-08-04
MU,892.67,2026-08-05,1,Call,995.00,-11.46%,1.64,1.69,1.73,1530,237,6.46,91.09%,133.01%,0.063929,2026-08-04
CRWV,91.9,2026-08-07,3,Call,106.00,-15.34%,0.71,0.74,0.84,1145,178,6.43,114.03%,137.53%,0.140035,2026-08-04
RBLX,37,2026-08-07,3,Call,42.00,-13.51%,0.07,0.12,0.14,1420,221,6.43,71.40%,94.61%,0.076149,2026-08-04
NXT,98.44,2026-08-21,17,Put,80.00,-18.73%,0.8,0.95,1.2,2083,324,6.43,77.56%,84.25%,-0.107449,2026-08-04
NBIS,225.74,2026-08-07,3,Put,215.00,-4.76%,8.4,8.75,9,3662,570,6.42,140.17%,168.51%,-0.345616,2026-08-04
MU,892.67,2026-08-05,1,Call,930.00,-4.18%,10.25,10.35,10.6,5049,786,6.42,91.09%,129.89%,0.285276,2026-08-04
PLTR,162.66,2026-08-07,3,Call,160.00,+1.64%,5.75,5.85,5.95,109284,17042,6.41,53.97%,74.81%,0.610827,2026-08-04
INTC,100.86,2026-08-21,17,Put,98.00,-2.84%,6.2,6.39,6.5,1995,313,6.37,87.22%,90.78%,-0.40087,2026-08-04
AMD,518.58,2026-08-05,1,Call,700.00,-34.98%,0.34,0.4,0.5,3295,517,6.37,81.75%,262.07%,0.017117,2026-08-04
VST,143.23,2026-08-07,3,Call,155.00,-8.22%,1.8,1.87,1.95,4097,643,6.37,59.77%,111.44%,0.233045,2026-08-04
AZN,155.62,2026-08-21,17,Call,155.00,+0.40%,3.3,4.5,4.9,1464,230,6.37,32.18%,28.78%,0.532819,2026-08-04
AAPL,309.38,2026-08-05,1,Call,320.00,-3.43%,0.13,0.15,0.16,18958,2987,6.35,26.85%,39.70%,0.053741,2026-08-04
ORCL,145.74,2026-08-07,3,Put,141.00,-3.25%,1.83,1.92,2.03,831,131,6.34,73.19%,74.33%,-0.299115,2026-08-04
LLY,1115.68,2026-08-07,3,Put,"1,080.00",-3.20%,21.25,23.7,27,1338,211,6.34,45.24%,99.58%,-0.341772,2026-08-04
PLTR,162.66,2026-08-28,24,Call,200.00,-22.96%,1.02,1.05,1.1,1637,258,6.34,53.97%,58.28%,0.09816,2026-08-04
HPE,52.39,2026-08-07,3,Call,60.00,-14.53%,0.11,0.15,0.15,1706,269,6.34,83.16%,96.71%,0.066708,2026-08-04
FWONK,96.43,2026-08-21,17,Call,100.00,-3.70%,0.85,2.1,2.6,7309,1152,6.34,35.95%,37.14%,0.347363,2026-08-04
ENPH,41.77,2026-12-18,136,Call,60.00,-43.64%,4.15,4.15,4.5,8039,1267,6.34,85.96%,90.54%,0.362,2026-08-04
AME,254.05,2026-09-18,45,Put,230.00,-9.47%,1.55,3.18,2.45,1000,158,6.33,27.33%,29.01%,-0.144105,2026-08-04
AMD,518.58,2026-08-05,1,Put,410.00,-20.94%,0.15,0.22,0.24,1514,239,6.33,81.75%,198.36%,-0.010297,2026-08-04
VZ,46.88,2026-08-07,3,Put,46.00,-1.88%,0.3,0.33,0.4,11439,1810,6.32,26.60%,41.77%,-0.303262,2026-08-04
NVDA,211.94,2026-08-05,1,Put,215.00,+1.44%,3.85,3.8,4,2570,407,6.31,41.33%,46.08%,-0.719036,2026-08-04
CIFR,20.38,2026-08-07,3,Call,23.50,-15.31%,0.22,0.28,0.31,6148,975,6.31,120.44%,158.10%,0.178733,2026-08-04
CAT,876.54,2026-08-07,3,Put,790.00,-9.87%,0.38,0.65,1,661,105,6.3,46.08%,63.88%,-0.033786,2026-08-04
PLTR,162.66,2026-08-07,3,Call,190.00,-16.81%,0.13,0.13,0.14,8209,1306,6.29,53.97%,87.65%,0.027963,2026-08-04
SEDG,48.76,2026-08-07,3,Call,49.00,-0.49%,3.3,3.49,3.7,791,126,6.28,115.03%,204.62%,0.527062,2026-08-04
MU,892.67,2026-08-05,1,Put,800.00,-10.38%,2.36,2.5,2.51,7359,1174,6.27,91.09%,149.81%,-0.075192,2026-08-04
AMD,518.58,2026-08-05,1,Call,535.00,-3.17%,14.6,15.03,17.3,2147,343,6.26,81.75%,211.24%,0.410683,2026-08-04
BTDR,11.38,2026-08-07,3,Call,1.00,+91.21%,10.1,10.45,10.8,623,100,6.23,134.87%,0.00%,0,2026-08-04
IMAX,51.26,2026-09-18,45,Call,55.00,-7.30%,0.55,1.85,2.35,648,104,6.23,45.50%,38.60%,0.337914,2026-08-04
MSFT,492.81,2026-08-14,10,Put,480.00,-2.60%,5,5.21,5.5,1278,205,6.23,30.75%,32.86%,-0.300061,2026-08-04
MSFT,492.81,2026-08-14,10,Put,487.50,-1.08%,7.5,7.94,8.2,1064,171,6.22,30.75%,32.26%,-0.404378,2026-08-04
MU,892.67,2026-08-05,1,Put,810.00,-9.26%,3.15,3.31,3.4,1524,245,6.22,91.09%,147.79%,-0.097453,2026-08-04
AAPL,309.38,2026-08-07,3,Call,297.50,+3.84%,11.8,12.98,13.05,2320,373,6.22,26.85%,34.41%,0.899611,2026-08-04
AMD,518.58,2026-08-05,1,Put,440.00,-15.15%,0.84,0.94,1.05,2534,410,6.18,81.75%,188.91%,-0.04343,2026-08-04
MSTR,97.65,2026-08-21,17,Put,96.00,-1.69%,5,5.32,5.4,820,133,6.17,74.56%,72.76%,-0.422393,2026-08-04
CAVA,63.44,2026-10-16,73,Call,75.00,-18.22%,3.35,4.35,3.85,775,126,6.15,75.34%,64.72%,0.34159,2026-08-04
LSCC,138,2026-08-21,17,Put,95.00,-31.16%,0.9,1.07,2.25,843,137,6.15,95.47%,135.60%,-0.076713,2026-08-04
NBIS,225.74,2026-08-07,3,Put,207.50,-8.08%,5.75,6.28,6.5,929,151,6.15,140.17%,170.34%,-0.266127,2026-08-04
AMD,518.58,2026-08-05,1,Call,675.00,-30.16%,0.63,0.61,0.87,649,106,6.12,81.75%,256.82%,0.029179,2026-08-04
CMCSA,24.93,2026-08-28,24,Call,25.00,-0.28%,0.86,0.86,0.97,3060,500,6.12,34.56%,37.70%,0.503101,2026-08-04
TSLA,327.35,2026-08-05,1,Call,315.00,+3.77%,12.8,13.58,13.3,10243,1683,6.09,45.35%,64.06%,0.878361,2026-08-04
MSTR,97.65,2027-03-19,227,Put,80.00,-18.07%,13.2,14.8,15.1,2204,363,6.07,74.56%,83.13%,-0.254422,2026-08-04
CRCL,63.25,2026-10-16,73,Put,45.00,-28.85%,2.1,2.24,2.38,3837,632,6.07,96.17%,89.49%,-0.14295,2026-08-04
QCOM,162.67,2026-08-28,24,Call,160.00,+1.64%,10.9,11.55,12.25,794,131,6.06,58.90%,61.42%,0.574366,2026-08-04
ASTS,70.31,2026-08-21,17,Put,51.00,-27.46%,0.76,0.86,0.98,823,136,6.05,114.11%,123.48%,-0.089479,2026-08-04
MU,892.67,2026-08-05,1,Call,975.00,-9.22%,2.9,2.96,3.05,1689,279,6.05,91.09%,130.65%,0.10483,2026-08-04
AAL,16.56,2026-08-14,10,Call,16.00,+3.38%,0.66,0.9,0.96,4425,732,6.05,50.70%,44.23%,0.694945,2026-08-04
BKNG,194.27,2026-08-07,3,Call,195.00,-0.38%,6.5,6.53,7,4192,695,6.03,48.22%,100.74%,0.50279,2026-08-04
AAPL,309.38,2026-08-07,3,Put,307.50,-0.61%,2.55,2.74,2.73,3729,619,6.02,26.85%,31.66%,-0.407249,2026-08-04
CRCL,63.25,2027-03-19,227,Call,70.00,-10.67%,15.45,16,16.6,608,101,6.02,96.17%,91.05%,0.599608,2026-08-04
ZETA,24.26,2026-08-07,3,Call,28.00,-15.42%,0.82,0.86,0.9,2129,354,6.01,96.62%,239.06%,0.290515,2026-08-04
NVDA,211.94,2026-08-05,1,Put,202.50,-4.45%,0.12,0.12,0.13,26908,4478,6.01,41.33%,53.44%,-0.049916,2026-08-04
ANET,190.51,2026-08-07,3,Put,170.00,-10.77%,2.4,2.55,2.61,1467,245,5.99,73.20%,144.84%,-0.174825,2026-08-04
ARM,280.56,2026-08-07,3,Call,340.00,-21.19%,1.22,1.26,1.35,6226,1039,5.99,93.79%,144.55%,0.080964,2026-08-04
ALAB,361.67,2026-08-07,3,Put,300.00,-17.05%,4.65,5,5.55,2973,498,5.97,123.02%,206.19%,-0.136731,2026-08-04
PINS,25.58,2026-08-07,3,Call,26.50,-3.60%,1.21,1.34,1.4,1098,184,5.97,71.84%,183.19%,0.449088,2026-08-04
CRDO,237.92,2026-08-14,10,Put,200.00,-15.94%,4.6,4.94,5.1,1390,233,5.97,120.36%,123.47%,-0.169493,2026-08-04
MSTR,97.65,2026-08-21,17,Put,92.00,-5.79%,3.35,3.63,3.7,674,113,5.96,74.56%,73.39%,-0.321106,2026-08-04
BAC,62.9,2026-08-14,10,Put,63.00,+0.16%,0.85,0.85,0.94,870,146,5.96,21.56%,20.67%,-0.506912,2026-08-04
ETSY,86.43,2026-08-07,3,Put,73.00,-15.54%,0.94,1.14,1.45,1002,168,5.96,75.48%,191.03%,-0.143811,2026-08-04
GPN,88.25,2026-08-21,17,Put,72.50,-17.85%,0.5,0.63,0.9,1389,234,5.94,59.58%,75.21%,-0.096933,2026-08-04
COGT,42.84,2028-01-21,535,Call,60.00,-40.06%,7.6,8.7,10,2073,349,5.94,69.71%,62.88%,0.506465,2026-08-04
AAPL,309.38,2026-08-05,1,Call,302.50,+2.22%,6.6,7.4,7.55,8985,1523,5.9,26.85%,30.26%,0.92416,2026-08-04
AAPL,309.38,2026-08-10,6,Call,305.00,+1.42%,6.5,6.55,7,8209,1394,5.89,26.85%,25.99%,0.677502,2026-08-04
AMD,518.58,2026-08-07,3,Call,527.50,-1.72%,22,22.37,24.65,1365,232,5.88,81.75%,145.42%,0.4756,2026-08-04
ASTS,70.31,2026-08-07,3,Put,68.00,-3.29%,2.04,2.15,2.3,875,149,5.87,114.11%,128.06%,-0.363906,2026-08-04
GLXY,22.14,2026-08-14,10,Call,25.00,-12.92%,0.61,0.79,0.97,1074,183,5.87,103.28%,120.99%,0.307965,2026-08-04
OKLO,43.33,2026-08-14,10,Put,43.00,-0.76%,2.87,3.1,3.15,627,107,5.86,98.72%,112.15%,-0.444999,2026-08-04
CAT,876.54,2026-08-07,3,Call,990.00,-12.94%,0.26,0.27,0.55,709,121,5.86,46.08%,65.25%,0.021486,2026-08-04
ECHO,91.6,2026-12-18,136,Call,120.00,-31.00%,4,5.28,6.7,20505,3503,5.85,66.84%,59.68%,0.301575,2026-08-04
BAC,62.9,2026-08-28,24,Call,60.00,+4.61%,3.35,3.55,3.6,1852,317,5.84,21.56%,24.88%,0.784658,2026-08-04
ALAB,361.67,2026-08-07,3,Call,400.00,-10.60%,13.15,14.1,14.1,4347,744,5.84,123.02%,209.52%,0.332194,2026-08-04
INTC,100.86,2026-08-05,1,Call,100.00,+0.85%,2.99,3.05,3.15,47702,8173,5.84,87.22%,124.62%,0.565611,2026-08-04
LITE,849.47,2026-08-07,3,Call,"1,000.00",-17.72%,5,5.8,6.7,757,130,5.82,112.22%,142.27%,0.115434,2026-08-04
UBER,71.99,2026-08-07,3,Put,71.00,-1.38%,1.87,2.13,2.16,3209,551,5.82,45.26%,96.23%,-0.418695,2026-08-04
PLTR,162.66,2026-08-07,3,Call,155.00,+4.71%,9.15,9.23,9.3,48901,8413,5.81,53.97%,75.29%,0.771965,2026-08-04
GOOGL,377.65,2026-08-05,1,Call,382.50,-1.28%,1.27,1.38,1.45,6092,1053,5.79,33.90%,40.44%,0.278262,2026-08-04
TSLA,327.35,2026-08-05,1,Call,362.50,-10.74%,0.1,0.12,0.12,1581,273,5.79,45.35%,92.92%,0.019202,2026-08-04
MSFT,492.81,2026-08-05,1,Call,487.50,+1.08%,7.3,10.3,8.45,5848,1012,5.78,30.75%,46.19%,0.678489,2026-08-04
META,587.94,2026-08-05,1,Put,585.00,-0.50%,4.3,4.5,4.65,2900,503,5.77,38.34%,47.75%,-0.41444,2026-08-04
ECHO,91.6,2026-12-18,136,Call,100.00,-9.17%,9.6,10.58,11.8,10209,1774,5.75,66.84%,60.44%,0.494221,2026-08-04
BA,237.16,2026-08-07,3,Put,235.00,-0.91%,2.32,2.5,2.6,792,138,5.74,33.91%,40.23%,-0.393655,2026-08-04
SKHY,154.38,2026-11-20,108,Put,100.00,-35.22%,9.1,9.7,10.1,1157,202,5.73,114.80%,110.14%,-0.148993,2026-08-04
MU,892.67,2026-08-14,10,Put,880.00,-1.42%,52.35,52.54,53.25,709,124,5.72,91.09%,101.44%,-0.430998,2026-08-04
ONDS,8.86,2026-09-04,31,Call,9.00,-1.58%,1.01,1.11,1.15,754,132,5.71,111.92%,109.97%,0.548208,2026-08-04
MRVL,218.59,2026-08-28,24,Put,135.00,-38.24%,1.05,1.11,1.83,1152,202,5.7,98.84%,122.78%,-0.045038,2026-08-04
AMD,518.58,2026-08-05,1,Call,505.00,+2.62%,27.35,28.45,32,1497,263,5.69,81.75%,207.84%,0.617634,2026-08-04
AVGO,418.16,2026-08-07,3,Call,420.00,-0.44%,9,9.25,9.4,11759,2065,5.69,56.06%,66.29%,0.484459,2026-08-04
ARM,280.56,2026-08-14,10,Call,320.00,-14.06%,7.3,8.05,8.15,630,111,5.68,93.79%,111.14%,0.268369,2026-08-04
HL,15.39,2026-08-21,17,Put,15.50,+0.71%,0.84,1.01,1.21,942,166,5.67,73.73%,73.87%,-0.482836,2026-08-04
CPNG,16.78,2026-08-14,10,Call,20.00,-19.19%,0,0.14,0.15,1009,178,5.67,68.57%,73.37%,0.084317,2026-08-04
SRPT,16.39,2026-08-07,3,Call,16.50,-0.67%,0.7,0.9,1,2181,385,5.66,80.12%,151.73%,0.508899,2026-08-04
TEM,47.05,2026-08-07,3,Put,43.00,-8.61%,0.09,0.21,0.3,1014,179,5.66,72.67%,83.65%,-0.109622,2026-08-04
UPST,30.32,2026-08-07,3,Put,23.50,-22.49%,0.1,0.13,0.14,1017,180,5.65,89.29%,183.40%,-0.052902,2026-08-04
MU,892.67,2026-08-10,6,Call,950.00,-6.42%,22.65,23.1,23.35,1050,186,5.65,91.09%,97.55%,0.333397,2026-08-04
MRVL,218.59,2026-08-28,24,Put,165.00,-24.52%,4.2,4.35,4.45,1146,203,5.65,98.84%,109.43%,-0.125036,2026-08-04
JBLU,6.41,2026-08-28,24,Call,7.00,-9.20%,0.11,0.23,0.19,592,105,5.64,59.46%,53.76%,0.290259,2026-08-04
AMD,518.58,2026-08-05,1,Put,507.50,-2.14%,11.2,15,15.25,654,116,5.64,81.75%,170.44%,-0.386791,2026-08-04
KTOS,51.87,2026-08-07,3,Call,52.00,-0.25%,2.8,2.85,3.1,1867,331,5.64,85.44%,160.25%,0.522911,2026-08-04
AMD,518.58,2026-08-05,1,Call,542.50,-4.61%,12.45,12.65,14.4,574,102,5.63,81.75%,211.85%,0.36302,2026-08-04
GME,19.21,2026-09-04,31,Call,20.00,-4.11%,0.65,0.76,0.8,1312,233,5.63,45.52%,48.31%,0.404854,2026-08-04
AG,16.49,2026-08-07,3,Put,17.00,+3.09%,0.68,0.8,0.97,736,131,5.62,66.76%,88.26%,-0.632435,2026-08-04
AVGO,418.16,2026-08-05,1,Put,387.50,-7.33%,0.24,0.3,0.4,838,149,5.62,56.06%,85.14%,-0.041579,2026-08-04
ARM,280.56,2026-08-07,3,Call,290.00,-3.36%,9.15,9.45,9.85,1365,243,5.62,93.79%,132.61%,0.415773,2026-08-04
PCG,17.45,2026-08-21,17,Call,17.50,-0.29%,0.64,0.8,0.84,1495,266,5.62,53.76%,50.25%,0.515093,2026-08-04
CRWD,211.22,2026-08-07,3,Put,200.00,-5.31%,1.26,1.39,1.43,2154,383,5.62,63.84%,68.98%,-0.181805,2026-08-04
AMD,518.58,2026-08-07,3,Put,480.00,-7.44%,6.9,8.3,8.9,3823,682,5.61,81.75%,122.30%,-0.225078,2026-08-04
SPCX,125.33,2026-08-07,3,Put,114.00,-9.04%,5.15,5.35,5.35,4380,781,5.61,111.65%,229.64%,-0.287559,2026-08-04
TSLA,327.35,2026-08-12,8,Call,337.50,-3.10%,5.15,5.5,5.4,612,109,5.61,45.35%,47.92%,0.350554,2026-08-04
MSFT,492.81,2026-08-05,1,Call,485.00,+1.58%,9.05,9.4,10.25,3606,644,5.6,30.75%,46.29%,0.750102,2026-08-04
TSLA,327.35,2026-08-12,8,Call,350.00,-6.92%,2.45,2.5,2.57,2525,452,5.59,45.35%,49.73%,0.194547,2026-08-04
SPCX,125.33,2026-08-07,3,Put,126.00,+0.53%,10.8,10.85,11,1603,287,5.59,111.65%,233.22%,-0.467468,2026-08-04
WDC,548.56,2026-08-07,3,Call,655.00,-19.40%,3.1,7.35,10.65,558,100,5.58,105.52%,179.80%,0.157506,2026-08-04
RDW,10.63,2026-08-07,3,Call,12.50,-17.59%,0.2,0.25,0.3,1234,221,5.58,117.66%,213.16%,0.229498,2026-08-04
INOD,70.21,2026-08-07,3,Call,70.00,+0.30%,6.2,7.08,8.9,1702,305,5.58,126.07%,294.12%,0.55791,2026-08-04
SKHY,154.38,2026-11-20,108,Call,180.00,-16.60%,27,27.64,28,5628,1008,5.58,114.80%,107.45%,0.519532,2026-08-04
AMZN,277.42,2026-08-28,24,Call,285.00,-2.73%,6.5,6.6,6.9,3848,691,5.57,33.62%,34.00%,0.405832,2026-08-04
SPCX,125.33,2026-08-07,3,Call,126.00,-0.53%,10.6,10.8,10.8,4626,830,5.57,111.65%,242.85%,0.534749,2026-08-04
CAT,876.54,2026-09-18,45,Put,420.00,-52.08%,0,0.12,0.25,1370,246,5.57,46.08%,75.41%,-0.00173,2026-08-04
ASTS,70.31,2026-08-07,3,Put,69.00,-1.86%,2.5,2.56,2.7,584,105,5.56,114.11%,127.94%,-0.412029,2026-08-04
SHOP,123.3,2026-11-20,108,Put,120.00,-2.68%,13.9,15.6,15.7,678,122,5.56,74.98%,64.82%,-0.390936,2026-08-04
GOOGL,377.65,2026-08-10,6,Call,380.00,-0.62%,4.85,5.35,6.4,1206,217,5.56,33.90%,34.28%,0.45758,2026-08-04
GOOGL,377.65,2026-08-05,1,Call,390.00,-3.27%,0.29,0.33,0.34,9009,1620,5.56,33.90%,43.53%,0.081233,2026-08-04
RXO,22.13,2026-08-21,17,Call,25.00,-12.97%,0.25,0.76,0.85,2227,401,5.55,80.86%,77.97%,0.264145,2026-08-04
PLTR,162.66,2027-03-19,227,Call,200.00,-22.96%,17.95,18.06,18.25,14255,2570,5.55,53.97%,56.99%,0.428582,2026-08-04
AMZN,277.42,2026-08-07,3,Call,187.50,+32.41%,88.45,90.05,91.75,860,155,5.55,33.62%,184.77%,0.992322,2026-08-04
W,116.08,2026-09-18,45,Put,110.00,-5.24%,7.7,8.2,8.65,997,180,5.54,70.07%,70.65%,-0.361022,2026-08-04
LLY,1115.68,2026-08-07,3,Call,"1,160.00",-3.97%,22.85,24.5,25,1307,236,5.54,45.24%,102.98%,0.356415,2026-08-04
BA,237.16,2026-08-07,3,Call,242.50,-2.25%,1.28,1.44,1.53,1452,262,5.54,33.91%,39.59%,0.273513,2026-08-04
BABA,128.99,2026-08-07,3,Put,129.00,+0.01%,2.09,2.28,2.47,708,128,5.53,48.39%,48.83%,-0.491473,2026-08-04
CLMT,41.56,2026-08-21,17,Call,50.00,-20.31%,0.45,0.6,0.7,2188,396,5.53,70.17%,80.60%,0.162461,2026-08-04
MU,892.67,2026-08-05,1,Call,"1,000.00",-12.02%,1.4,1.4,1.47,18921,3425,5.52,91.09%,133.18%,0.05564,2026-08-04
ONDS,8.86,2026-08-14,10,Call,11.50,-29.80%,0.12,0.14,0.14,2177,395,5.51,111.92%,133.23%,0.142761,2026-08-04
AMD,518.58,2026-08-07,3,Put,500.00,-3.58%,14.45,15.4,16.5,3793,689,5.51,81.75%,128.58%,-0.354379,2026-08-04
CIFR,20.38,2026-08-14,10,Call,22.00,-7.95%,1.05,1.15,1.2,1522,276,5.51,120.44%,129.96%,0.403827,2026-08-04
NFLX,73.57,2026-08-28,24,Put,70.00,-4.85%,1.22,1.25,1.27,4006,729,5.5,37.21%,36.94%,-0.276203,2026-08-04
SOFI,18.7,2026-08-07,3,Put,18.50,-1.07%,0.3,0.31,0.32,5516,1005,5.49,51.74%,60.11%,-0.409355,2026-08-04
RIOT,21.56,2026-08-07,3,Call,23.50,-9.00%,0.53,0.54,0.66,4177,762,5.48,111.61%,165.53%,0.309523,2026-08-04
POET,8.57,2026-08-14,10,Call,8.00,+6.65%,1,1.08,1.13,4330,792,5.47,120.10%,135.75%,0.663901,2026-08-04
VSAT,86.16,2026-08-21,17,Call,100.00,-16.06%,4.4,4.68,5.2,1702,311,5.47,109.91%,128.20%,0.346766,2026-08-04
MU,892.67,2026-08-05,1,Call,860.00,+3.66%,42.95,46,45,1806,331,5.46,91.09%,132.00%,0.717577,2026-08-04
SNDK,1427.62,2026-08-07,3,Put,"1,300.00",-8.94%,51.4,52,53.7,2489,456,5.46,129.69%,211.93%,-0.279313,2026-08-04
INTC,100.86,2026-08-07,3,Call,104.00,-3.11%,2.68,2.75,2.81,7147,1313,5.44,87.22%,111.17%,0.40078,2026-08-04
AMZN,277.42,2026-08-12,8,Call,280.00,-0.93%,4.5,4.9,5,582,107,5.44,33.62%,35.58%,0.446569,2026-08-04
BAC,62.9,2026-08-07,3,Call,30.00,+52.31%,31.85,33.06,34.2,658,121,5.44,21.56%,403.38%,0.986263,2026-08-04
TTD,19.34,2027-06-17,317,Put,22.50,+16.34%,6.6,7,6.85,559,103,5.43,86.78%,71.16%,-0.450153,2026-08-04
VCTR,102.62,2026-10-16,73,Call,100.00,+2.55%,8,8.8,9.1,573,106,5.41,41.56%,38.82%,0.598825,2026-08-04
MU,892.67,2026-08-05,1,Call,"1,010.00",-13.14%,1,1.07,1.14,995,184,5.41,91.09%,134.40%,0.042827,2026-08-04
ARM,280.56,2026-08-07,3,Call,267.50,+4.65%,19.95,22,21.4,816,151,5.4,93.79%,131.98%,0.677522,2026-08-04
AMD,518.58,2026-08-14,10,Put,330.00,-36.36%,0.2,0.32,0.35,1653,306,5.4,81.75%,117.77%,-0.007748,2026-08-04
UEC,10.5,2026-08-14,10,Put,10.00,-4.76%,0.27,0.28,0.33,609,113,5.39,78.29%,76.18%,-0.323915,2026-08-04
DC,5.02,2027-01-15,164,Call,7.50,-49.40%,0.1,0.25,0.3,1695,315,5.38,57.88%,58.09%,0.214154,2026-08-04
NRG,117.04,2026-09-18,45,Call,135.00,-15.35%,2.65,2.5,3.4,580,108,5.37,54.29%,52.93%,0.2537,2026-08-04
SPCX,125.33,2026-08-07,3,Put,97.00,-22.60%,0.96,0.98,1.04,5956,1112,5.36,111.65%,218.39%,-0.081563,2026-08-04
OWL,11.57,2026-08-28,24,Call,12.00,-3.72%,0.2,0.3,0.35,783,146,5.36,46.56%,38.98%,0.366432,2026-08-04
VZ,46.88,2026-08-07,3,Call,46.50,+0.81%,0.75,0.84,0.95,6418,1201,5.34,26.60%,38.32%,0.597596,2026-08-04
CVS,104.42,2026-08-21,17,Call,108.00,-3.43%,2,2.53,2.75,891,167,5.34,39.16%,42.55%,0.375729,2026-08-04
CMG,33.82,2026-08-14,10,Put,34.00,+0.53%,0.97,1.1,1.2,907,170,5.34,43.36%,45.04%,-0.50946,2026-08-04
ARM,280.56,2026-08-07,3,Put,232.50,-17.13%,0.68,0.81,0.89,709,133,5.33,93.79%,133.03%,-0.052555,2026-08-04
GLW,159.89,2026-08-07,3,Call,175.00,-9.45%,1.25,1.4,1.54,1167,219,5.33,82.02%,103.11%,0.179622,2026-08-04
INTC,100.86,2026-08-07,3,Call,111.00,-10.05%,1.05,1.05,1.09,1947,365,5.33,87.22%,114.84%,0.193322,2026-08-04
WFC,88.39,2026-08-07,3,Put,87.00,-1.57%,0.47,0.48,0.55,2566,481,5.33,24.10%,33.66%,-0.295032,2026-08-04
CIFR,20.38,2026-08-07,3,Call,23.00,-12.86%,0.26,0.36,0.42,6769,1271,5.33,120.44%,157.04%,0.218784,2026-08-04
RIVN,15.76,2026-09-04,31,Put,14.50,-7.99%,0.25,0.51,0.81,590,111,5.32,59.77%,60.19%,-0.281592,2026-08-04
WYNN,97.6,2026-08-07,3,Put,98.00,+0.41%,2.05,3.09,3.6,601,113,5.32,40.96%,74.38%,-0.509693,2026-08-04
ARES,142.91,2026-12-18,136,Put,130.00,-9.03%,8,8.43,8.7,845,159,5.31,40.25%,42.25%,-0.305956,2026-08-04
MSFT,492.81,2026-08-21,17,Put,495.00,+0.44%,13.7,13.85,14.5,699,132,5.3,30.75%,31.26%,-0.506689,2026-08-04
GOOGL,377.65,2026-08-07,3,Put,362.50,-4.01%,0.8,0.8,0.94,1409,266,5.3,33.90%,40.19%,-0.125276,2026-08-04
SPCX,125.33,2026-08-07,3,Put,120.00,-4.25%,7.7,7.79,7.95,32660,6164,5.3,111.65%,232.32%,-0.377189,2026-08-04
MRVL,218.59,2026-08-07,3,Call,270.00,-23.52%,0.45,0.45,0.55,2579,489,5.27,98.84%,134.34%,0.047362,2026-08-04
KLAR,20.61,2026-08-07,3,Call,14.00,+32.07%,5.9,6.2,6.7,573,109,5.26,88.27%,172.73%,0.994602,2026-08-04
BA,237.16,2026-08-14,10,Put,222.50,-6.18%,0.9,1.14,1.36,609,116,5.25,33.91%,37.58%,-0.14494,2026-08-04
CMG,33.82,2026-08-07,3,Call,34.50,-2.01%,0.44,0.56,0.56,809,154,5.25,43.36%,63.97%,0.378605,2026-08-04
CMG,33.82,2026-08-07,3,Call,35.50,-4.97%,0.19,0.21,0.26,908,173,5.25,43.36%,63.56%,0.209704,2026-08-04
HOOD,93.51,2026-08-07,3,Put,90.00,-3.75%,1.21,1.25,1.34,6140,1170,5.25,68.74%,80.78%,-0.286837,2026-08-04
SPCX,125.33,2026-08-07,3,Call,139.00,-10.91%,5.9,6.1,6.15,2526,482,5.24,111.65%,243.14%,0.360115,2026-08-04
PINS,25.58,2026-08-07,3,Call,31.50,-23.14%,0.13,0.17,0.22,629,120,5.24,71.84%,169.02%,0.100253,2026-08-04
AMD,518.58,2026-08-05,1,Put,485.00,-6.48%,5.65,6.68,7.05,1431,273,5.24,81.75%,176.71%,-0.220331,2026-08-04
CPNG,16.78,2026-08-07,3,Put,16.00,-4.65%,0.36,0.36,0.63,2237,428,5.23,68.57%,139.95%,-0.329725,2026-08-04
BAC,62.9,2027-06-17,317,Put,62.50,-0.64%,5.1,5.25,5.4,4063,778,5.22,21.56%,25.92%,-0.417459,2026-08-04
NBIS,225.74,2026-08-07,3,Put,225.00,-0.33%,12.6,12.95,13.3,678,130,5.22,140.17%,163.91%,-0.46095,2026-08-04
PLTR,162.66,2026-08-14,10,Call,157.50,+3.17%,9.25,9.4,9.55,3175,611,5.2,53.97%,60.54%,0.648684,2026-08-04
GLW,159.89,2026-11-20,108,Call,220.00,-37.59%,12,12.32,13.75,2103,405,5.19,82.02%,85.39%,0.331156,2026-08-04
TSLA,327.35,2026-08-07,3,Put,322.50,-1.48%,4.05,4.18,4.2,4957,956,5.19,45.35%,53.52%,-0.367976,2026-08-04
MSFT,492.81,2026-08-14,10,Put,470.00,-4.63%,2.7,2.9,3.1,670,129,5.19,30.75%,33.77%,-0.187118,2026-08-04
QBTS,21.83,2026-08-28,24,Put,19.00,-12.96%,0.94,1.02,1.09,1821,352,5.17,102.04%,103.66%,-0.253643,2026-08-04
TSLA,327.35,2026-08-10,6,Call,337.50,-3.10%,3.8,4.09,3.95,1099,213,5.16,45.35%,46.31%,0.31751,2026-08-04
HOOD,93.51,2026-08-07,3,Put,92.00,-1.61%,1.94,1.95,2.21,1830,355,5.15,68.74%,82.75%,-0.398245,2026-08-04
SPCX,125.33,2026-08-07,3,Put,119.00,-5.05%,7.2,7.27,7.45,4057,788,5.15,111.65%,231.17%,-0.361923,2026-08-04
GOOGL,377.65,2026-08-14,10,Call,395.00,-4.59%,2.69,3.1,3.15,2922,568,5.14,33.90%,35.18%,0.233778,2026-08-04
GOOGL,377.65,2026-08-05,1,Call,375.00,+0.70%,4.35,4.8,5.05,15788,3071,5.14,33.90%,40.46%,0.635918,2026-08-04
QUBT,9.23,2026-10-16,73,Put,9.00,-2.49%,1.35,1.51,1.58,10285,2003,5.13,104.05%,99.82%,-0.385074,2026-08-04
SLB,50.81,2026-08-21,17,Call,51.00,-0.37%,1.26,1.46,1.51,554,108,5.13,32.89%,33.43%,0.496652,2026-08-04
LXU,9.81,2026-08-21,17,Put,10.00,+1.94%,0.35,0.7,0.7,564,110,5.13,75.66%,50.67%,-0.543559,2026-08-04
SNOW,316.77,2026-08-28,24,Call,310.00,+2.14%,22.4,24.45,24.5,585,114,5.13,70.38%,60.86%,0.591647,2026-08-04
GLNG,49.43,2026-08-21,17,Put,50.00,+1.15%,1.3,2,2.4,1024,200,5.12,35.76%,36.66%,-0.538764,2026-08-04
CRWD,211.22,2026-08-07,3,Put,205.00,-2.94%,2.43,2.66,2.59,2338,457,5.12,63.84%,66.96%,-0.299067,2026-08-04
MU,892.67,2026-08-05,1,Call,935.00,-4.74%,8.95,9.3,9.3,2111,413,5.11,91.09%,129.56%,0.258511,2026-08-04
CAT,876.54,2026-08-14,10,Call,875.00,+0.18%,28.05,32,34.55,629,123,5.11,46.08%,52.21%,0.528954,2026-08-04
MU,892.67,2026-08-05,1,Call,"1,070.00",-19.87%,0.16,0.23,0.26,632,124,5.1,91.09%,144.93%,0.009416,2026-08-04
MRVL,218.59,2026-08-07,3,Put,205.00,-6.22%,3.95,4.37,4.6,705,139,5.07,98.84%,125.36%,-0.266336,2026-08-04
SKHY,154.38,2027-06-17,317,Put,150.00,-2.84%,45.9,48.02,50.1,1060,209,5.07,114.80%,96.71%,-0.306855,2026-08-04
PLTR,162.66,2026-08-07,3,Call,148.00,+9.01%,14.45,15.18,15.4,6378,1263,5.05,53.97%,65.78%,0.947231,2026-08-04
SKHY,154.38,2026-08-14,10,Call,175.00,-13.36%,5.8,6,6.3,565,112,5.04,114.80%,128.80%,0.316719,2026-08-04
AAPL,309.38,2026-08-10,6,Call,315.00,-1.82%,1.9,2.05,2.13,4154,825,5.04,26.85%,26.24%,0.307685,2026-08-04
APLD,31.27,2026-08-07,3,Call,35.00,-11.93%,0.26,0.27,0.27,16227,3218,5.04,102.02%,117.67%,0.158582,2026-08-04
RIOT,21.56,2026-08-07,3,Put,20.00,-7.24%,0.53,0.7,0.64,2385,474,5.03,111.61%,161.25%,-0.278019,2026-08-04
EPD,38.12,2026-09-04,31,Call,40.00,-4.93%,0.19,0.34,0.3,2994,595,5.03,19.05%,19.88%,0.203359,2026-08-04
AMD,518.58,2026-08-05,1,Call,565.00,-8.95%,7.3,7.85,8.8,5434,1081,5.03,81.75%,217.57%,0.243491,2026-08-04
INTC,100.86,2026-08-07,3,Call,106.00,-5.10%,2,2.17,2.22,6767,1344,5.03,87.22%,111.78%,0.330916,2026-08-04
QCOM,162.67,2026-08-21,17,Put,162.50,-0.10%,7.65,8.05,8.6,518,103,5.03,58.90%,59.09%,-0.469321,2026-08-04
GM,88.31,2026-08-21,17,Call,87.00,+1.48%,3.1,3.6,3.75,614,122,5.03,35.24%,35.20%,0.599272,2026-08-04
QLYS,161.06,2026-08-21,17,Call,180.00,-11.76%,1.8,3.65,4.3,649,129,5.03,64.69%,65.79%,0.241898,2026-08-04
MS,217.04,2026-08-07,3,Call,212.50,+2.09%,5.35,6.61,6.75,905,180,5.03,33.13%,42.10%,0.717912,2026-08-04
TSLA,327.35,2026-08-05,1,Put,340.00,+3.86%,13.25,13.35,13.7,1785,355,5.03,45.35%,67.38%,-0.854697,2026-08-04
MU,892.67,2026-08-05,1,Put,785.00,-12.06%,1.51,1.61,1.66,888,177,5.02,91.09%,154.02%,-0.050938,2026-08-04
MU,892.67,2026-08-05,1,Call,925.00,-3.62%,11.6,11.7,12,3318,661,5.02,91.09%,129.87%,0.312762,2026-08-04
TSLA,327.35,2026-08-05,1,Call,355.00,-8.45%,0.2,0.2,0.21,4079,813,5.02,45.35%,84.94%,0.035984,2026-08-04
HPE,52.39,2026-08-28,24,Call,60.00,-14.53%,1.7,1.83,1.96,1919,383,5.01,83.16%,81.30%,0.294927,2026-08-04
UPST,30.32,2026-08-07,3,Call,30.50,-0.59%,1.87,1.9,1.98,1452,290,5.01,89.29%,182.93%,0.519549,2026-08-04
GOOG,375.35,2026-08-07,3,Put,375.00,-0.09%,4.7,4.9,5,1440,288,5,33.34%,37.36%,-0.479605,2026-08-04
DDOG,288.15,2026-09-18,45,Call,320.00,-11.05%,19.35,19.99,21.5,718,144,4.99,84.95%,79.03%,0.411915,2026-08-04
SOFI,18.7,2026-08-28,24,Put,18.50,-1.07%,0.85,0.88,0.91,854,171,4.99,51.74%,52.38%,-0.435944,2026-08-04
MU,892.67,2026-08-05,1,Call,940.00,-5.30%,7.85,8.19,8.2,3559,714,4.98,91.09%,129.74%,0.234073,2026-08-04
AAPL,309.38,2026-08-05,1,Call,305.00,+1.42%,4.8,5.05,5.4,53671,10805,4.97,26.85%,34.92%,0.786501,2026-08-04
NFLX,73.57,2026-09-04,31,Put,68.00,-7.57%,0.96,1.03,1.04,571,115,4.97,37.21%,37.22%,-0.210234,2026-08-04
MU,892.67,2026-08-10,6,Put,700.00,-21.58%,2.2,2.34,2.47,825,166,4.97,91.09%,114.51%,-0.041526,2026-08-04
NKE,41.53,2026-08-28,24,Call,43.00,-3.54%,0.99,1.05,1.08,1107,223,4.96,37.80%,38.71%,0.380433,2026-08-04
AVGO,418.16,2026-08-07,3,Put,375.00,-10.32%,0.44,0.61,0.68,3821,770,4.96,56.06%,73.50%,-0.047299,2026-08-04
AMZN,277.42,2026-08-05,1,Call,260.00,+6.28%,17.15,17.3,18.6,4394,888,4.95,33.62%,87.29%,0.925686,2026-08-04
SNDK,1427.62,2026-08-07,3,Call,"1,440.00",-0.87%,101.1,103.65,105.7,549,111,4.95,129.69%,211.08%,0.520778,2026-08-04
PLTR,162.66,2026-09-04,31,Call,175.00,-7.59%,5.65,5.9,6,1243,251,4.95,53.97%,54.70%,0.359668,2026-08-04
BE,228.11,2026-10-16,73,Call,310.00,-35.90%,24,24.45,25.9,890,180,4.94,126.18%,119.39%,0.38447,2026-08-04
YSS,15.31,2026-08-21,17,Call,17.50,-14.30%,1.2,1.22,1.35,1187,241,4.93,138.92%,155.99%,0.411428,2026-08-04
GFS,52.02,2026-08-21,17,Call,55.00,-5.73%,2.75,3.5,3.5,2075,421,4.93,91.63%,96.43%,0.437197,2026-08-04
PLTR,162.66,2026-08-07,3,Call,149.00,+8.40%,14.1,14.27,14.4,9713,1973,4.92,53.97%,77.32%,0.901588,2026-08-04
TER,403.56,2026-08-07,3,Put,360.00,-10.79%,3,3.43,4,633,129,4.91,95.22%,124.70%,-0.142464,2026-08-04
MSFT,492.81,2026-08-14,10,Call,495.00,-0.44%,9.1,10.03,10,4398,898,4.9,30.75%,31.99%,0.483026,2026-08-04
MCHP,80.67,2026-12-18,136,Call,65.00,+19.42%,22,22,22.6,55084,11235,4.9,73.09%,73.74%,0.758262,2026-08-04
TSLA,327.35,2026-08-05,1,Call,357.50,-9.21%,0.16,0.16,0.17,2053,420,4.89,45.35%,87.60%,0.028959,2026-08-04
SNDK,1427.62,2026-08-07,3,Call,"1,410.00",+1.23%,116,117.33,119,584,120,4.87,129.69%,211.30%,0.564416,2026-08-04
TSLA,327.35,2026-08-14,10,Call,337.50,-3.10%,6.4,6.45,6.55,696,143,4.87,45.35%,48.66%,0.371998,2026-08-04
CRWV,91.9,2026-08-07,3,Put,90.00,-2.07%,3.55,3.55,3.7,3525,726,4.86,114.03%,137.59%,-0.408313,2026-08-04
QS,5.69,2026-08-14,10,Call,5.00,+12.13%,0.71,0.77,0.96,596,123,4.85,85.38%,111.93%,0.786944,2026-08-04
SPOT,478.17,2026-08-07,3,Put,460.00,-3.80%,2.66,2.5,4.05,645,133,4.85,43.97%,58.59%,-0.223334,2026-08-04
SPCX,125.33,2026-08-14,10,Call,105.00,+16.22%,23.9,24.35,25.5,926,191,4.85,111.65%,155.64%,0.793835,2026-08-04
WDC,548.56,2026-09-04,31,Put,530.00,-3.38%,52,54.76,59,508,105,4.84,105.52%,104.23%,-0.392302,2026-08-04
AAPL,309.38,2026-08-10,6,Put,307.50,-0.61%,3.05,3.4,3.45,668,138,4.84,26.85%,26.54%,-0.417127,2026-08-04
MU,892.67,2026-08-05,1,Call,"1,005.00",-12.58%,1.17,1.23,1.31,833,172,4.84,91.09%,133.80%,0.048859,2026-08-04
MOS,22.71,2026-08-21,17,Call,24.50,-7.88%,0.4,0.48,0.6,1056,218,4.84,52.72%,58.51%,0.294747,2026-08-04
CRWV,91.9,2026-12-18,136,Put,82.50,-10.23%,15.1,15.5,16,1224,253,4.84,114.03%,97.88%,-0.30959,2026-08-04
AMZN,277.42,2026-08-10,6,Call,277.50,-0.03%,4.75,5.1,5.3,1048,217,4.83,33.62%,35.12%,0.511712,2026-08-04
INTC,100.86,2026-08-10,6,Call,104.00,-3.11%,3.2,3.4,3.45,665,138,4.82,87.22%,89.95%,0.419245,2026-08-04
AMD,518.58,2026-08-05,1,Put,495.00,-4.55%,8.7,10.05,10.15,1180,245,4.82,81.75%,179.08%,-0.293103,2026-08-04
CRWV,91.9,2026-08-07,3,Put,86.00,-6.42%,2.03,2.05,2.14,683,142,4.81,114.03%,137.90%,-0.275775,2026-08-04
SPCX,125.33,2026-08-14,10,Call,167.50,-33.65%,2.95,2.88,3.25,1276,266,4.8,111.65%,168.15%,0.184212,2026-08-04
AMZN,277.42,2026-08-07,3,Call,190.00,+31.51%,86,87.85,89.25,1316,274,4.8,33.62%,183.32%,0.990912,2026-08-04
FUBO,9.55,2026-08-28,24,Call,1.00,+89.53%,8.15,8.73,8.8,1088,227,4.79,101.95%,665.61%,0.985261,2026-08-04
AMD,518.58,2026-08-07,3,Call,512.50,+1.17%,28.65,30,32.3,1178,246,4.79,81.75%,146.26%,0.562577,2026-08-04
WDC,548.56,2026-08-28,24,Put,530.00,-3.38%,46,49.44,54.9,506,106,4.77,105.52%,108.80%,-0.393737,2026-08-04
ARM,280.56,2026-10-16,73,Put,270.00,-3.76%,35.2,37.25,38.4,1301,273,4.77,93.79%,87.72%,-0.378885,2026-08-04
ARM,280.56,2026-08-07,3,Call,320.00,-14.06%,2.81,2.93,2.95,1473,309,4.77,93.79%,138.66%,0.163236,2026-08-04
WMT,111.55,2027-03-19,227,Put,105.00,-5.87%,5.7,6.3,6.95,4761,1001,4.76,33.36%,29.51%,-0.329097,2026-08-04
USAR,17.27,2026-08-07,3,Call,19.00,-10.02%,0.24,0.28,0.31,3924,826,4.75,109.45%,134.37%,0.23637,2026-08-04
RBLX,37,2026-08-07,3,Put,37.00,0.00%,1,0.9,1.24,693,146,4.75,71.40%,84.09%,-0.483529,2026-08-04
AMD,518.58,2026-08-21,17,Call,512.50,+1.17%,42.15,44.9,48.45,722,152,4.75,81.75%,94.27%,0.566713,2026-08-04
BABA,128.99,2026-10-16,73,Call,190.00,-47.30%,0.64,0.85,1,750,158,4.75,48.39%,53.33%,0.066418,2026-08-04
ORCL,145.74,2026-08-07,3,Put,142.00,-2.57%,2.18,2.25,2.38,954,201,4.75,73.19%,74.49%,-0.33679,2026-08-04
ZM,102.12,2026-08-07,3,Call,110.00,-7.72%,0.11,0.13,0.15,1198,252,4.75,51.39%,52.49%,0.062753,2026-08-04
AMD,518.58,2026-08-05,1,Call,537.50,-3.65%,13.8,14.25,17.4,607,128,4.74,81.75%,216.51%,0.397926,2026-08-04
LLY,1115.68,2026-08-07,3,Put,950.00,-14.85%,1.05,1.05,1.25,801,169,4.74,45.24%,96.33%,-0.029582,2026-08-04
INTC,100.86,2026-08-05,1,Put,94.00,-6.80%,0.52,0.51,0.55,1408,297,4.74,87.22%,131.70%,-0.145136,2026-08-04
ETN,444.77,2026-09-18,45,Call,540.00,-21.41%,1.5,3.4,4.5,2343,494,4.74,43.83%,40.87%,0.104294,2026-08-04
CSX,51.03,2026-08-21,17,Call,55.00,-7.78%,0.1,0.15,0.15,6809,1440,4.73,25.80%,25.68%,0.096216,2026-08-04
IONQ,41.72,2026-09-04,31,Call,43.00,-3.07%,4.3,4.5,4.7,548,116,4.72,103.12%,103.14%,0.524004,2026-08-04
BABA,128.99,2028-06-16,682,Put,150.00,+16.29%,38.85,39.2,39.35,770,163,4.72,48.39%,40.59%,-0.48135,2026-08-04
PINS,25.58,2026-08-07,3,Call,28.00,-9.46%,0.75,0.77,0.78,2116,448,4.72,71.84%,176.47%,0.314462,2026-08-04
NVO,44.28,2026-08-07,3,Put,44.00,-0.63%,0.64,0.73,0.79,3282,697,4.71,41.80%,52.72%,-0.440178,2026-08-04
MU,892.67,2026-08-05,1,Call,920.00,-3.06%,13.15,13.53,13.5,4589,975,4.71,91.09%,129.93%,0.341614,2026-08-04
AMZN,277.42,2026-08-05,1,Put,270.00,-2.67%,0.39,0.4,0.42,12128,2575,4.71,33.62%,45.29%,-0.123154,2026-08-04
BHC,6.44,2026-09-04,31,Call,1.00,+84.47%,4.9,5.55,6.2,542,115,4.71,52.33%,572.92%,0.96624,2026-08-04
ETSY,86.43,2026-08-07,3,Call,100.00,-15.70%,1.22,1.45,1.66,1450,308,4.71,75.48%,175.37%,0.201572,2026-08-04
FRMI,6.31,2026-08-07,3,Call,1.50,+76.23%,4.4,4.7,5,601,128,4.7,143.43%,721.83%,0.994179,2026-08-04
BMNR,18.1,2026-08-14,10,Call,18.00,+0.55%,1,1.04,1.04,5579,1187,4.7,80.87%,80.69%,0.545847,2026-08-04
IR,89.46,2026-12-18,136,Call,110.00,-22.96%,0.5,1.5,2.4,502,107,4.69,32.60%,30.68%,0.17476,2026-08-04
SNDK,1427.62,2026-08-07,3,Call,"2,630.00",-84.22%,0.05,0.15,0.15,595,127,4.69,129.69%,216.89%,0.001324,2026-08-04
HOOD,93.51,2026-08-07,3,Call,104.00,-11.22%,0.27,0.28,0.3,1197,255,4.69,68.74%,84.37%,0.088828,2026-08-04
IONQ,41.72,2026-08-07,3,Call,41.50,+0.53%,2.51,2.75,2.77,599,128,4.68,103.12%,167.78%,0.544897,2026-08-04
MU,892.67,2026-08-05,1,Call,865.00,+3.10%,39.5,40.8,42.15,945,202,4.68,91.09%,133.48%,0.6869,2026-08-04
BWA,63.04,2026-08-21,17,Call,67.50,-7.07%,0,1.25,1.3,1310,280,4.68,46.74%,38.72%,0.222913,2026-08-04
NBIS,225.74,2026-08-07,3,Call,295.00,-30.68%,0.46,0.6,0.9,2601,556,4.68,140.17%,170.60%,0.049382,2026-08-04
GS,1052.98,2026-08-21,17,Put,"1,100.00",+4.47%,57.7,58,62.85,756,162,4.67,35.82%,34.60%,-0.705512,2026-08-04
YSS,15.31,2026-08-21,17,Call,15.00,+2.02%,2,2.15,2.3,761,163,4.67,138.92%,152.40%,0.59165,2026-08-04
DOW,30.33,2026-08-07,3,Put,29.00,-4.39%,0.12,0.15,0.22,535,115,4.65,44.75%,57.87%,-0.189451,2026-08-04
AMD,518.58,2026-08-05,1,Put,452.50,-12.74%,1.17,1.58,1.9,684,147,4.65,81.75%,180.86%,-0.068342,2026-08-04
MMM,181.45,2026-09-18,45,Call,190.00,-4.71%,3.25,3.35,3.5,7767,1672,4.65,26.17%,25.63%,0.329572,2026-08-04
MSFT,492.81,2026-08-07,3,Put,490.00,-0.57%,5.25,5.3,5.6,4662,1008,4.63,30.75%,38.17%,-0.425306,2026-08-04
ALOY,10.91,2026-08-21,17,Call,11.00,-0.82%,1.05,1.1,1.35,1680,363,4.63,138.09%,131.54%,0.547339,2026-08-04
TSLA,327.35,2026-08-12,8,Call,327.50,-0.05%,8.75,9.5,9.45,578,125,4.62,45.35%,46.80%,0.51576,2026-08-04
NVDA,211.94,2026-08-10,6,Put,202.50,-4.45%,0.89,0.92,0.94,1082,234,4.62,41.33%,37.74%,-0.16464,2026-08-04
GLW,159.89,2026-08-07,3,Put,145.00,-9.31%,0.9,1,1.1,1408,305,4.62,82.02%,100.55%,-0.13125,2026-08-04
MU,892.67,2026-08-05,1,Call,980.00,-9.78%,2.52,2.57,2.69,2648,573,4.62,91.09%,131.48%,0.093345,2026-08-04
BBAI,3.15,2027-03-19,227,Call,6.00,-90.48%,0.37,0.4,0.41,2374,515,4.61,82.48%,99.03%,0.343481,2026-08-04
VSAT,86.16,2026-08-21,17,Put,70.00,-18.76%,1.5,2.87,3.1,645,140,4.61,109.91%,118.53%,-0.172106,2026-08-04
SOUN,6.51,2026-08-28,24,Put,5.00,-23.20%,0.1,0.13,0.16,860,187,4.6,102.34%,105.01%,-0.130764,2026-08-04
DDOG,288.15,2026-09-18,45,Call,380.00,-31.88%,6.85,7.77,8.85,1081,235,4.6,84.95%,78.96%,0.199603,2026-08-04
INTC,100.86,2026-08-14,10,Put,98.00,-2.84%,4.55,4.6,4.9,1264,275,4.6,87.22%,92.75%,-0.393991,2026-08-04
GOOGL,377.65,2026-08-07,3,Put,365.00,-3.35%,1.1,1.2,1.3,2015,438,4.6,33.90%,39.53%,-0.164584,2026-08-04
CVNA,68.03,2026-08-07,3,Call,71.00,-4.37%,0.62,0.72,0.79,2284,497,4.6,62.56%,72.03%,0.268532,2026-08-04
PLTR,162.66,2026-08-14,10,Call,175.00,-7.59%,2.33,2.43,2.44,5228,1137,4.6,53.97%,61.15%,0.253939,2026-08-04
T,23.38,2026-08-14,10,Put,23.00,-1.63%,0.31,0.36,0.37,2066,451,4.58,29.84%,33.01%,-0.373172,2026-08-04
ASTS,70.31,2026-08-21,17,Put,52.00,-26.04%,0.59,0.96,1.13,852,186,4.58,114.11%,117.40%,-0.092841,2026-08-04
MSTR,97.65,2026-12-18,136,Call,740.00,-657.81%,0,0.11,0.3,640,140,4.57,74.56%,118.56%,0.007851,2026-08-04
BABA,128.99,2026-08-14,10,Call,145.00,-12.41%,0.41,0.48,0.5,950,208,4.57,48.39%,51.50%,0.091945,2026-08-04
CAT,876.54,2027-12-17,500,Call,"1,360.00",-55.16%,73.75,77.88,81,1125,246,4.57,46.08%,46.47%,0.323004,2026-08-04
VST,143.23,2026-09-18,45,Put,115.00,-19.71%,1.59,1.75,1.84,10064,2200,4.57,59.77%,57.12%,-0.112676,2026-08-04
ANET,190.51,2026-08-07,3,Call,210.00,-10.23%,3.25,3.5,3.75,3719,815,4.56,73.20%,144.79%,0.250076,2026-08-04
NVO,44.28,2028-12-15,864,Put,45.00,+1.63%,8.95,10.33,11.6,606,133,4.56,41.80%,34.82%,-0.394555,2026-08-04
COHR,323.73,2026-09-18,45,Call,350.00,-8.11%,37.1,40.3,40,1130,248,4.56,113.04%,106.71%,0.496523,2026-08-04
QXO,15.34,2026-08-07,3,Put,15.00,-2.22%,0.25,0.25,0.35,1170,257,4.55,75.06%,82.29%,-0.366475,2026-08-04
SKHY,154.38,2026-08-14,10,Put,123.00,-20.33%,2.55,2.86,3,5921,1304,4.54,114.80%,140.86%,-0.136731,2026-08-04
TSLA,327.35,2026-08-12,8,Call,340.00,-3.86%,4.45,4.5,4.6,949,209,4.54,45.35%,48.00%,0.313179,2026-08-04
INTC,100.86,2026-08-07,3,Call,121.00,-19.97%,0.25,0.25,0.28,1329,293,4.54,87.22%,122.88%,0.057486,2026-08-04
MDLN,42.04,2026-08-21,17,Call,42.50,-1.09%,2,2.36,2.8,892,197,4.53,65.97%,71.29%,0.506847,2026-08-04
MSFT,492.81,2026-08-14,10,Call,525.00,-6.53%,1.62,1.75,1.95,1444,319,4.53,30.75%,33.23%,0.133745,2026-08-04
JPM,357.52,2026-08-14,10,Put,335.00,-6.30%,0.25,0.34,0.37,1856,411,4.52,21.58%,24.44%,-0.050424,2026-08-04
QBTS,21.83,2026-09-18,45,Call,27.00,-23.68%,1.46,1.5,1.54,6450,1426,4.52,102.04%,102.11%,0.344255,2026-08-04
WING,121.5,2026-08-21,17,Put,120.00,-1.23%,5.4,7,7.1,595,132,4.51,66.07%,67.79%,-0.434373,2026-08-04
CRWV,91.9,2026-08-07,3,Put,88.00,-4.24%,2.7,2.71,2.85,500,111,4.5,114.03%,137.39%,-0.33997,2026-08-04
UAL,132.62,2026-10-16,73,Call,165.00,-24.42%,2.4,2.8,2.79,571,127,4.5,50.92%,49.13%,0.180624,2026-08-04
AMD,518.58,2026-08-05,1,Call,582.50,-12.33%,4.9,5.8,5.8,661,147,4.5,81.75%,222.42%,0.173747,2026-08-04
AMD,518.58,2026-08-05,1,Call,550.00,-6.06%,10.6,11.1,11.4,11635,2585,4.5,81.75%,210.07%,0.315906,2026-08-04
COHR,323.73,2026-08-07,3,Put,300.00,-7.33%,5.5,5.9,8.5,1198,267,4.49,113.04%,143.79%,-0.257443,2026-08-04
AAOI,131.63,2026-08-14,10,Call,135.00,-2.56%,14,14.5,15.3,576,129,4.47,148.08%,185.04%,0.529428,2026-08-04
UPST,30.32,2026-08-07,3,Call,31.00,-2.24%,1.7,1.72,1.77,3587,804,4.46,89.29%,185.40%,0.481587,2026-08-04
U,35.22,2026-08-21,17,Put,34.00,-3.46%,2.18,2.45,2.51,503,113,4.45,86.48%,98.83%,-0.390331,2026-08-04
HL,15.39,2026-08-14,10,Call,17.50,-13.71%,0.23,0.29,0.44,717,161,4.45,73.73%,98.99%,0.243082,2026-08-04
META,587.94,2026-08-05,1,Call,625.00,-6.30%,0.15,0.15,0.18,3808,856,4.45,38.34%,58.75%,0.024458,2026-08-04
FIG,27.12,2026-08-07,3,Put,22.00,-18.88%,0.25,0.33,0.41,6105,1371,4.45,104.51%,212.51%,-0.118236,2026-08-04
ELF,87.84,2026-10-16,73,Put,55.00,-37.39%,0.68,1.15,1.23,2003,451,4.44,86.49%,78.04%,-0.062337,2026-08-04
MU,892.67,2026-08-07,3,Call,880.00,+1.42%,44.95,45.75,46.9,4124,928,4.44,91.09%,122.13%,0.574219,2026-08-04
HIMS,32.16,2026-08-14,10,Call,35.50,-10.39%,1.49,1.54,1.61,520,117,4.44,102.11%,130.63%,0.365293,2026-08-04
CIFR,20.38,2026-11-20,108,Call,23.00,-12.86%,3.85,4.28,4.45,555,125,4.44,120.44%,114.04%,0.553102,2026-08-04
PANW,366.34,2026-08-07,3,Call,365.00,+0.37%,8.5,9.04,10.4,564,127,4.44,62.69%,65.85%,0.538334,2026-08-04
BB,8.87,2026-08-07,3,Put,9.00,+1.47%,0.31,0.35,0.38,755,170,4.44,78.90%,85.60%,-0.557929,2026-08-04
NVO,44.28,2026-08-07,3,Put,42.50,-4.02%,0.2,0.25,0.27,791,178,4.44,41.80%,53.43%,-0.193506,2026-08-04
ALM,13.28,2026-09-18,45,Call,17.50,-31.78%,0.6,0.81,0.9,2029,458,4.43,95.65%,105.25%,0.291272,2026-08-04
NVDA,211.94,2026-08-10,6,Call,212.50,-0.26%,3.5,3.95,3.8,6554,1478,4.43,41.33%,35.68%,0.490597,2026-08-04
OKLO,43.33,2026-08-07,3,Put,44.00,+1.55%,2.64,2.77,2.94,1294,293,4.42,98.72%,155.08%,-0.514828,2026-08-04
FRMI,6.31,2026-08-07,3,Call,2.00,+68.30%,4.1,4.2,4.4,599,136,4.4,143.43%,581.23%,0.992743,2026-08-04
LDI,1.05,2026-08-07,3,Call,1.0000,+4.76%,0.1,0.13,1.05,1114,253,4.4,162.76%,299.08%,0.60522,2026-08-04
MU,892.67,2026-08-05,1,Put,760.00,-14.86%,0.73,0.82,0.85,1858,422,4.4,91.09%,162.52%,-0.026499,2026-08-04
POET,8.57,2026-08-07,3,Call,9.00,-5.02%,0.25,0.28,0.27,7057,1604,4.4,120.10%,138.98%,0.373252,2026-08-04
APPS,9.51,2026-08-21,17,Put,9.00,-5.36%,1.05,1.1,1.15,2199,501,4.39,142.29%,169.99%,-0.367893,2026-08-04
SPCX,125.33,2026-08-14,10,Call,210.00,-67.56%,1.11,1.2,1.31,689,157,4.39,111.65%,194.78%,0.075398,2026-08-04
EMBJ,70.52,2026-11-20,108,Call,70.00,+0.74%,7.4,7.8,7.8,807,184,4.39,43.37%,46.48%,0.57416,2026-08-04
BE,228.11,2026-08-07,3,Put,177.50,-22.19%,0.78,0.87,1.25,1275,291,4.38,126.18%,185.93%,-0.057727,2026-08-04
AAPL,309.38,2026-08-10,6,Call,320.00,-3.43%,0.93,1.03,1.09,4560,1041,4.38,26.85%,27.30%,0.175792,2026-08-04
CSCO,121.74,2026-08-07,3,Call,122.00,-0.21%,1.84,1.94,2.07,4099,937,4.37,52.02%,47.01%,0.490213,2026-08-04
AMD,518.58,2026-08-05,1,Call,602.50,-16.18%,3.15,3.45,4,751,172,4.37,81.75%,232.58%,0.120899,2026-08-04
BKNG,194.27,2026-08-07,3,Call,210.00,-8.10%,1.7,1.9,2.5,918,210,4.37,48.22%,102.17%,0.214192,2026-08-04
AMD,518.58,2026-08-05,1,Put,465.00,-10.33%,2.61,2.65,3.1,2039,468,4.36,81.75%,180.62%,-0.114703,2026-08-04
CLW,22.85,2026-08-21,17,Call,25.00,-9.41%,0.45,0.5,0.5,3641,835,4.36,57.64%,61.20%,0.273564,2026-08-04
MSFT,492.81,2026-08-05,1,Put,485.00,-1.58%,1.62,1.76,1.8,9480,2172,4.36,30.75%,45.15%,-0.244825,2026-08-04
CIFR,20.38,2026-08-07,3,Put,21.00,+3.04%,1.13,1.48,1.67,3395,780,4.35,120.44%,142.40%,-0.565863,2026-08-04
BA,237.16,2026-08-07,3,Put,232.50,-1.96%,1.48,1.54,1.69,884,203,4.35,33.91%,40.32%,-0.287085,2026-08-04
AMD,518.58,2026-08-05,1,Put,435.00,-16.12%,0.7,0.8,0.99,962,221,4.35,81.75%,195.30%,-0.038262,2026-08-04
KHC,26.64,2026-08-07,3,Put,26.00,-2.40%,0.19,0.36,0.5,616,142,4.34,32.71%,64.19%,-0.328399,2026-08-04
CAKE,105.83,2026-08-21,17,Put,100.00,-5.51%,1.45,1.75,1.75,2075,478,4.34,38.28%,43.67%,-0.254771,2026-08-04
TSLA,327.35,2026-08-12,8,Call,335.00,-2.34%,6,6.25,6.15,719,166,4.33,45.35%,47.60%,0.389231,2026-08-04
HOOD,93.51,2026-08-21,17,Put,82.00,-12.31%,1.33,1.45,1.63,600,139,4.32,68.74%,72.03%,-0.175548,2026-08-04
SPCX,125.33,2026-08-14,10,Put,88.00,-29.79%,0.86,0.94,1.03,613,142,4.32,111.65%,152.04%,-0.062433,2026-08-04
PATH,14.1,2026-08-14,10,Call,15.50,-9.93%,0.21,0.23,0.25,1671,387,4.32,79.91%,73.84%,0.240289,2026-08-04
PANW,366.34,2026-08-07,3,Call,375.00,-2.36%,4.3,4.95,5.45,1034,240,4.31,62.69%,63.22%,0.354248,2026-08-04
CSIQ,16.39,2026-08-07,3,Put,15.50,-5.43%,0.25,0.55,0.55,1155,268,4.31,105.31%,132.86%,-0.299458,2026-08-04
SKHY,154.38,2026-08-07,3,Call,152.50,+1.22%,9.1,9.5,9.8,1105,257,4.3,114.80%,152.46%,0.56353,2026-08-04
WMT,111.55,2027-03-19,227,Call,130.00,-16.54%,4.45,4.6,4.85,4980,1159,4.3,33.36%,28.93%,0.316595,2026-08-04
TSLA,327.35,2026-08-07,3,Call,325.00,+0.72%,7.65,7.8,7.9,25684,5972,4.3,45.35%,54.93%,0.569693,2026-08-04
ZVRA,10.52,2027-12-17,500,Put,17.00,+61.60%,5,7.67,10,540,126,4.29,90.96%,64.11%,-0.614283,2026-08-04
CPNG,16.78,2026-08-07,3,Call,17.50,-4.29%,0.4,0.46,0.55,1587,370,4.29,68.57%,126.08%,0.379093,2026-08-04
TSLA,327.35,2026-08-05,1,Put,307.50,-6.06%,0.19,0.19,0.2,5269,1230,4.28,45.35%,69.16%,-0.040178,2026-08-04
UBER,71.99,2026-08-07,3,Put,66.00,-8.32%,0.31,0.44,0.55,6381,1491,4.28,45.26%,91.36%,-0.13706,2026-08-04
META,587.94,2026-08-05,1,Call,607.50,-3.33%,0.83,0.84,0.9,1841,432,4.26,38.34%,51.18%,0.114096,2026-08-04
NKE,41.53,2026-09-04,31,Put,40.00,-3.68%,1.08,1.16,1.28,639,150,4.26,37.80%,38.98%,-0.348739,2026-08-04
MSFT,492.81,2026-08-05,1,Put,477.50,-3.11%,0.57,0.61,0.65,1636,384,4.26,30.75%,48.11%,-0.102245,2026-08-04
DELL,467.27,2026-08-07,3,Put,355.00,-24.03%,0.05,0.18,0.15,1049,247,4.25,93.38%,122.84%,-0.005789,2026-08-04
TSLA,327.35,2026-08-07,3,Put,325.00,-0.72%,5.1,5.2,5.25,7377,1734,4.25,45.35%,53.58%,-0.429453,2026-08-04
AZN,155.62,2027-01-15,164,Call,190.00,-22.09%,3,3.38,3.6,674,159,4.24,32.18%,32.21%,0.19484,2026-08-04
B,38.21,2026-10-16,73,Call,48.00,-25.62%,0.53,0.61,0.67,815,192,4.24,45.71%,45.74%,0.159452,2026-08-04
SPCX,125.33,2026-08-14,10,Put,92.00,-26.59%,1.29,1.42,1.47,1025,242,4.24,111.65%,151.10%,-0.086143,2026-08-04
GOOGL,377.65,2026-08-07,3,Put,380.00,+0.62%,5.9,6.4,6.55,546,129,4.23,33.90%,36.61%,-0.565109,2026-08-04
NVDA,211.94,2026-08-10,6,Call,220.00,-3.80%,1.18,1.21,1.3,10039,2371,4.23,41.33%,36.46%,0.222393,2026-08-04
COST,947.85,2026-08-14,10,Call,"1,040.00",-9.72%,0.38,0.63,0.95,857,203,4.22,23.96%,30.40%,0.035733,2026-08-04
LVS,46.02,2026-08-07,3,Put,45.00,-2.22%,0.29,0.35,0.35,606,144,4.21,34.49%,43.68%,-0.278289,2026-08-04
OPEN,4.12,2027-02-19,199,Call,10.00,-142.72%,0.01,0.33,0.49,863,205,4.21,102.85%,98.11%,0.202729,2026-08-04
PLTR,162.66,2026-08-14,10,Call,167.50,-2.98%,4.3,4.6,4.7,1493,355,4.21,53.97%,60.37%,0.407663,2026-08-04
FIG,27.12,2026-08-07,3,Call,29.00,-6.93%,1.29,1.4,1.46,1826,434,4.21,104.51%,215.70%,0.403805,2026-08-04
MU,892.67,2026-08-07,3,Put,565.00,-36.71%,0.04,0.12,0.17,517,123,4.2,91.09%,183.33%,-0.002285,2026-08-04
UAMY,6.12,2026-08-28,24,Call,6.50,-6.21%,0.5,0.6,0.65,630,150,4.2,117.24%,115.72%,0.481396,2026-08-04
PLTR,162.66,2026-08-07,3,Call,147.00,+9.63%,16,16.25,16.3,7079,1686,4.2,53.97%,81.63%,0.920575,2026-08-04
AAPL,309.38,2026-08-07,3,Call,317.50,-2.62%,0.99,0.99,1.07,9455,2250,4.2,26.85%,33.15%,0.200977,2026-08-04
PCG,17.45,2027-01-15,164,Call,25.00,-43.27%,0.35,0.37,0.43,25293,6028,4.2,53.76%,45.25%,0.159408,2026-08-04
BA,237.16,2027-01-15,164,Put,235.00,-0.91%,18.5,19.65,21.2,2019,482,4.19,33.91%,33.93%,-0.431578,2026-08-04
SO,93.25,2026-11-20,108,Call,97.50,-4.56%,2.05,2.25,2.4,2372,566,4.19,21.01%,19.12%,0.35665,2026-08-04
ASTS,70.31,2026-08-07,3,Put,59.00,-16.09%,0.23,0.24,0.25,1130,270,4.19,114.11%,131.65%,-0.062838,2026-08-04
MU,892.67,2026-08-05,1,Put,825.00,-7.58%,4.8,4.9,5.05,1250,298,4.19,91.09%,144.04%,-0.139053,2026-08-04
WMT,111.55,2026-08-28,24,Call,110.00,+1.39%,4.65,4.75,5,568,136,4.18,33.36%,34.38%,0.588002,2026-08-04
SMR,9.49,2026-08-21,17,Call,12.50,-31.72%,0.2,0.25,0.28,1171,280,4.18,108.07%,125.66%,0.191018,2026-08-04
SPCX,125.33,2026-08-07,3,Call,122.00,+2.66%,12.35,12.35,12.85,4440,1062,4.18,111.65%,242.77%,0.592419,2026-08-04
MU,892.67,2026-08-05,1,Call,"1,025.00",-14.82%,0.64,0.79,0.75,946,227,4.17,91.09%,136.57%,0.028946,2026-08-04
MU,892.67,2026-08-05,1,Put,835.00,-6.46%,6.3,6.25,6.6,1039,249,4.17,91.09%,142.05%,-0.17445,2026-08-04
QCOM,162.67,2026-08-07,3,Call,167.50,-2.97%,2.22,2.37,2.57,1100,264,4.17,58.90%,73.51%,0.343018,2026-08-04
ECO,59.23,2026-08-21,17,Put,65.00,+9.74%,4.1,6,8.5,1502,360,4.17,50.11%,37.93%,-0.869015,2026-08-04
AMD,518.58,2026-08-05,1,Put,425.00,-18.05%,0.35,0.4,0.47,1755,421,4.17,81.75%,191.17%,-0.020692,2026-08-04
INTC,100.86,2026-08-21,17,Put,97.00,-3.83%,5.75,5.78,6.05,1664,400,4.16,87.22%,90.99%,-0.380846,2026-08-04
JPM,357.52,2026-11-20,108,Call,395.00,-10.48%,5.8,6.85,6.45,727,175,4.15,21.58%,22.94%,0.24553,2026-08-04
NVO,44.28,2026-08-07,3,Put,43.50,-1.76%,0.47,0.49,0.56,1578,380,4.15,41.80%,53.14%,-0.349421,2026-08-04
BA,237.16,2027-02-19,199,Put,180.00,-24.10%,2.95,4.02,5,832,201,4.14,33.91%,35.71%,-0.115476,2026-08-04
KOPN,4.15,2026-10-16,73,Call,8.00,-92.77%,0.05,0.18,0.3,1502,363,4.14,144.37%,121.96%,0.179545,2026-08-04
GOOGL,377.65,2026-08-05,1,Put,367.50,-2.69%,0.32,0.35,0.41,1606,388,4.14,33.90%,40.42%,-0.096357,2026-08-04
VZ,46.88,2026-08-07,3,Call,47.00,-0.26%,0.57,0.62,0.67,7866,1899,4.14,26.60%,40.18%,0.477435,2026-08-04
JPM,357.52,2026-08-07,3,Put,355.00,-0.70%,1.75,1.86,2.17,805,195,4.13,21.58%,23.88%,-0.365385,2026-08-04
VFC,15.23,2026-11-20,108,Call,20.00,-31.32%,0.15,0.49,0.55,2380,578,4.12,46.91%,47.74%,0.182187,2026-08-04
AAPL,309.38,2026-08-05,1,Call,300.00,+3.03%,9.05,9.82,9.85,4028,979,4.11,26.85%,29.85%,0.976354,2026-08-04
PG,148.01,2026-10-16,73,Call,160.00,-8.10%,2,2.06,2.22,10712,2606,4.11,22.90%,23.09%,0.244587,2026-08-04
CVNA,68.03,2026-08-14,10,Call,75.00,-10.25%,0.74,0.83,0.87,756,184,4.11,62.56%,65.96%,0.203336,2026-08-04
C,136.87,2026-08-07,3,Call,138.00,-0.83%,1.1,1.18,1.24,1659,404,4.11,29.79%,33.52%,0.401133,2026-08-04
JBLU,6.41,2026-08-14,10,Put,6.00,-6.40%,0.11,0.12,0.14,1008,246,4.1,59.46%,69.89%,-0.262131,2026-08-04
ORCL,145.74,2026-08-14,10,Call,155.00,-6.35%,3.05,3.15,3.3,6686,1631,4.1,73.19%,68.55%,0.315204,2026-08-04
MSFT,492.81,2026-08-07,3,Call,515.00,-4.50%,0.86,0.95,0.98,3974,971,4.09,30.75%,38.98%,0.110827,2026-08-04
ANET,190.51,2026-08-14,10,Call,220.00,-15.48%,3,3.18,3.45,793,194,4.09,73.20%,95.58%,0.204857,2026-08-04
MU,892.67,2026-08-07,3,Call,895.00,-0.26%,37.05,39.4,39.4,1516,371,4.09,91.09%,121.50%,0.513583,2026-08-04
META,587.94,2026-08-05,1,Call,612.50,-4.18%,0.49,0.51,0.55,1727,422,4.09,38.34%,53.00%,0.072395,2026-08-04
RIVN,15.76,2026-10-16,73,Put,15.00,-4.82%,1.21,1.27,1.31,2405,590,4.08,59.77%,60.64%,-0.367242,2026-08-04
ARM,280.56,2026-08-07,3,Call,300.00,-6.93%,6.3,6.3,6.5,4065,997,4.08,93.79%,133.50%,0.311831,2026-08-04
AMD,518.58,2026-08-05,1,Put,470.00,-9.37%,3.15,3.55,3.9,3882,953,4.07,81.75%,179.54%,-0.136822,2026-08-04
HOOD,93.51,2026-08-21,17,Put,83.00,-11.24%,1.49,1.74,1.96,611,150,4.07,68.74%,72.30%,-0.197152,2026-08-04
NKE,41.53,2026-08-28,24,Call,42.00,-1.13%,1.41,1.47,1.47,828,205,4.04,37.80%,39.11%,0.473766,2026-08-04
TEM,47.05,2026-08-07,3,Call,52.00,-10.52%,0.05,0.17,0.19,548,136,4.03,72.67%,77.19%,0.082218,2026-08-04
NVDA,211.94,2026-09-11,38,Call,250.00,-17.96%,1.5,1.88,1.88,714,177,4.03,41.33%,41.47%,0.126606,2026-08-04
MCHP,80.67,2026-08-21,17,Call,80.00,+0.83%,5.7,5.87,6.4,527,131,4.02,73.09%,82.38%,0.554885,2026-08-04
INTC,100.86,2026-08-07,3,Call,116.00,-15.01%,0.51,0.54,0.55,551,137,4.02,87.22%,118.55%,0.106516,2026-08-04
TTMI,132.79,2026-08-21,17,Put,130.00,-2.10%,12,12.9,15.5,1024,255,4.02,120.19%,134.90%,-0.411706,2026-08-04
TSLA,327.35,2026-08-10,6,Call,340.00,-3.86%,3.15,3.39,3.3,2094,521,4.02,45.35%,46.58%,0.275889,2026-08-04
TSLA,327.35,2026-08-10,6,Call,335.00,-2.34%,4.55,4.6,4.7,2192,545,4.02,45.35%,46.01%,0.362403,2026-08-04
EYPT,11.67,2026-08-21,17,Put,7.50,-35.73%,1.3,1.3,1.5,2390,595,4.02,324.05%,386.09%,-0.171311,2026-08-04
PFE,25.41,2026-08-14,10,Put,25.00,-1.61%,0.2,0.25,0.24,3986,995,4.01,22.73%,23.08%,-0.335196,2026-08-04
AMD,518.58,2026-08-14,10,Call,605.00,-16.66%,8.7,9.8,10.45,538,134,4.01,81.75%,102.92%,0.20785,2026-08-04
BKNG,194.27,2026-08-07,3,Put,192.50,-0.91%,5.1,6.5,7,546,136,4.01,48.22%,98.95%,-0.440747,2026-08-04
TSM,417.17,2026-08-07,3,Call,417.50,-0.08%,8.2,8.81,9.15,831,207,4.01,47.24%,58.25%,0.506335,2026-08-04
AMZN,277.42,2026-08-07,3,Call,210.00,+24.30%,66.9,67.37,69.5,676,169,4,33.62%,180.61%,0.962798,2026-08-04
NVDA,211.94,2026-08-10,6,Call,215.00,-1.44%,2.59,2.58,2.73,7270,1816,4,41.33%,36.29%,0.392129,2026-08-04
LITE,849.47,2026-08-07,3,Put,820.00,-3.47%,26.3,28,30.8,555,139,3.99,112.22%,138.33%,-0.364553,2026-08-04
SPCX,125.33,2026-08-14,10,Put,118.00,-5.85%,8.7,9,9,627,157,3.99,111.65%,152.49%,-0.356326,2026-08-04
GME,19.21,2026-09-04,31,Put,18.00,-6.30%,0.46,0.49,0.48,699,175,3.99,45.52%,43.34%,-0.288592,2026-08-04
F,14.24,2026-08-14,10,Put,15.50,+8.85%,1.36,1.54,1.52,565,142,3.98,34.70%,62.72%,-0.777488,2026-08-04
MSFT,492.81,2026-08-10,6,Put,465.00,-5.64%,0.82,1.02,1.04,1170,294,3.98,30.75%,34.62%,-0.090022,2026-08-04
TMUS,177.21,2026-08-07,3,Put,175.00,-1.25%,1.7,2.75,3.2,1968,496,3.97,34.65%,54.18%,-0.388907,2026-08-04
KLIC,93.85,2026-08-21,17,Put,90.00,-4.10%,4.9,4.6,6.3,504,127,3.97,90.22%,93.87%,-0.376895,2026-08-04
PDD,91.03,2026-08-07,3,Put,90.00,-1.13%,0.59,0.77,0.99,1036,261,3.97,40.07%,38.09%,-0.361595,2026-08-04
AMD,518.58,2026-08-14,10,Put,340.00,-34.44%,0.09,0.3,0.52,629,159,3.96,81.75%,112.26%,-0.008906,2026-08-04
QCOM,162.67,2026-08-07,3,Call,165.00,-1.43%,3.15,3.4,3.4,3692,933,3.96,58.90%,73.15%,0.428657,2026-08-04
SPCX,125.33,2026-10-16,73,Call,210.00,-67.56%,3.9,4,4.3,7102,1798,3.95,111.65%,97.04%,0.169696,2026-08-04
NOW,118.14,2026-08-07,3,Put,114.00,-3.50%,1.34,1.39,1.45,992,251,3.95,62.53%,72.34%,-0.280693,2026-08-04
CPNG,16.78,2026-08-07,3,Put,15.00,-10.61%,0.06,0.15,0.22,1708,432,3.95,68.57%,121.54%,-0.141118,2026-08-04
IBM,235.15,2026-08-07,3,Put,230.00,-2.19%,1.81,1.9,2.08,926,235,3.94,41.57%,47.67%,-0.296135,2026-08-04
SNAP,5.79,2026-09-04,31,Call,6.50,-12.26%,0.15,0.16,0.18,1185,301,3.94,58.11%,59.50%,0.286978,2026-08-04
AAPL,309.38,2026-08-05,1,Put,300.00,-3.03%,0.14,0.14,0.15,38553,9821,3.93,26.85%,37.33%,-0.055927,2026-08-04
AAOI,131.63,2026-08-07,3,Call,160.00,-21.55%,4,4.19,4.4,978,249,3.93,148.08%,267.90%,0.247914,2026-08-04
PANW,366.34,2026-10-16,73,Put,300.00,-18.11%,11.2,13,12.95,1026,261,3.93,62.69%,62.04%,-0.188861,2026-08-04
DVN,44.05,2026-08-07,3,Put,42.50,-3.52%,0.38,0.44,0.54,1529,389,3.93,41.58%,67.77%,-0.269319,2026-08-04
HIMS,32.16,2026-08-07,3,Put,31.00,-3.61%,0.57,0.58,0.7,1780,454,3.92,102.11%,98.46%,-0.323065,2026-08-04
NVDA,211.94,2026-08-14,10,Call,232.50,-9.70%,0.54,0.6,0.59,1848,471,3.92,41.33%,40.16%,0.089015,2026-08-04
MSTR,97.65,2027-03-19,227,Call,180.00,-84.33%,7.15,7,8.2,2209,565,3.91,74.56%,80.25%,0.270645,2026-08-04
UBER,71.99,2026-08-14,10,Call,74.00,-2.79%,1.97,2.13,2.63,2654,678,3.91,45.26%,65.94%,0.425171,2026-08-04
VZ,46.88,2026-08-07,3,Put,46.50,-0.81%,0.44,0.5,0.53,3265,835,3.91,26.60%,38.74%,-0.403384,2026-08-04
ZETA,24.26,2026-08-07,3,Call,24.50,-0.99%,1.73,1.88,2,1727,442,3.91,96.62%,224.89%,0.521974,2026-08-04
LLY,1115.68,2026-08-07,3,Put,"1,115.00",-0.06%,35,42,44.8,749,192,3.9,45.24%,100.11%,-0.478321,2026-08-04
ALAB,361.67,2026-08-07,3,Call,365.00,-0.92%,25.1,27.06,27.1,855,219,3.9,123.02%,211.01%,0.519654,2026-08-04
BBAI,3.15,2026-09-11,38,Call,3.50,-11.11%,0.18,0.2,0.23,1170,300,3.9,82.48%,81.70%,0.400024,2026-08-04
RGTI,17.45,2026-09-18,45,Call,23.00,-31.81%,0.94,0.99,1,2004,514,3.9,104.42%,104.55%,0.288976,2026-08-04
SGHC,13.92,2026-08-21,17,Call,15.00,-7.76%,0.2,0.3,0.4,3108,799,3.89,51.30%,57.04%,0.295361,2026-08-04
PLTR,162.66,2026-08-14,10,Call,180.00,-10.66%,1.46,1.54,1.57,4788,1231,3.89,53.97%,61.85%,0.176551,2026-08-04
NVO,44.28,2026-08-07,3,Call,46.00,-3.88%,0.25,0.31,0.31,1280,329,3.89,41.80%,54.60%,0.226184,2026-08-04
SOFI,18.7,2026-08-21,17,Put,18.50,-1.07%,0.71,0.72,0.75,1219,314,3.88,51.74%,52.45%,-0.435084,2026-08-04
JNJ,254.93,2026-08-21,17,Call,265.00,-3.95%,2.46,2.7,2.87,2836,731,3.88,26.05%,28.78%,0.280282,2026-08-04
PLTR,162.66,2026-08-14,10,Call,190.00,-16.81%,0.52,0.6,0.63,2253,582,3.87,53.97%,63.35%,0.077851,2026-08-04
MU,892.67,2026-08-05,1,Put,830.00,-7.02%,5.55,5.71,5.8,2383,616,3.87,91.09%,143.32%,-0.156453,2026-08-04
ORCL,145.74,2026-08-07,3,Call,152.50,-4.64%,1.6,1.65,1.68,5934,1532,3.87,73.19%,77.35%,0.271262,2026-08-04
SOFI,18.7,2026-08-07,3,Put,18.00,-3.74%,0.14,0.15,0.15,12371,3196,3.87,51.74%,60.77%,-0.23425,2026-08-04
MRVL,218.59,2026-08-07,3,Put,172.50,-21.09%,0.3,0.39,0.58,705,182,3.87,98.84%,150.41%,-0.035402,2026-08-04
AAPL,309.38,2026-08-17,13,Call,320.00,-3.43%,2.1,2.43,2.55,1152,298,3.87,26.85%,25.91%,0.260448,2026-08-04
NKE,41.53,2026-08-21,17,Call,41.50,+0.07%,1.36,1.4,1.47,703,182,3.86,37.80%,39.30%,0.519146,2026-08-04
BABA,128.99,2026-09-18,45,Call,185.00,-43.42%,0.21,0.41,0.72,2953,766,3.86,48.39%,57.58%,0.046381,2026-08-04
GOOG,375.35,2026-08-07,3,Call,380.00,-1.24%,3.15,3.4,3.3,10991,2845,3.86,33.34%,37.95%,0.369726,2026-08-04
COGT,42.84,2026-08-21,17,Call,50.00,-16.71%,1.15,0.9,1.4,2742,713,3.85,69.71%,95.86%,0.262522,2026-08-04
MRVL,218.59,2026-11-20,108,Put,300.00,+37.24%,98.1,99.5,100.45,785,204,3.85,98.84%,91.51%,-0.649221,2026-08-04
NVO,44.28,2026-08-21,17,Call,44.00,+0.63%,1.48,1.68,2,854,222,3.85,41.80%,43.09%,0.538368,2026-08-04
AMD,518.58,2026-08-05,1,Put,455.00,-12.26%,1.55,1.83,1.97,1008,262,3.85,81.75%,181.10%,-0.076605,2026-08-04
AG,16.49,2026-08-21,17,Call,16.50,-0.06%,0.94,0.95,1,1354,352,3.85,66.76%,67.91%,0.531528,2026-08-04
TSLA,327.35,2026-08-10,6,Call,322.50,+1.48%,10.05,10.5,10.55,980,255,3.84,45.35%,45.22%,0.616692,2026-08-04
TSLA,327.35,2026-08-05,1,Call,360.00,-9.97%,0.13,0.13,0.14,4664,1214,3.84,45.35%,90.36%,0.023608,2026-08-04
TSLA,327.35,2026-08-05,1,Call,317.50,+3.01%,10.65,10.89,11.15,7238,1885,3.84,45.35%,63.17%,0.827331,2026-08-04
AMD,518.58,2026-08-07,3,Call,505.00,+2.62%,32.35,31.95,36.3,2328,608,3.83,81.75%,145.49%,0.6062,2026-08-04
TSLA,327.35,2026-08-07,3,Put,320.00,-2.25%,3.2,3.21,3.3,10330,2699,3.83,45.35%,53.66%,-0.309772,2026-08-04
PG,148.01,2026-08-14,10,Put,140.00,-5.41%,0.2,0.24,0.5,731,191,3.83,22.90%,27.55%,-0.106107,2026-08-04
BE,228.11,2026-08-14,10,Call,350.00,-53.43%,0.39,0.95,0.95,877,229,3.83,126.18%,134.84%,0.035781,2026-08-04
AVGO,418.16,2026-08-07,3,Put,385.00,-7.93%,1.06,1.11,1.2,1549,404,3.83,56.06%,69.75%,-0.089817,2026-08-04
SNAP,5.79,2026-08-14,10,Put,5.50,-5.01%,0.12,0.12,0.13,1720,449,3.83,58.11%,65.73%,-0.296434,2026-08-04
DVA,227.99,2026-08-21,17,Call,240.00,-5.27%,8.6,9.3,10.7,550,144,3.82,58.93%,73.28%,0.407134,2026-08-04
CHTR,153.07,2026-08-07,3,Call,155.00,-1.26%,2.7,3.01,3.5,615,161,3.82,61.33%,71.31%,0.437654,2026-08-04
NOK,9.92,2026-08-14,10,Put,10.00,+0.81%,0.49,0.5,0.55,1328,348,3.82,72.06%,73.36%,-0.500368,2026-08-04
OKLO,43.33,2026-08-14,10,Call,50.00,-15.39%,1.25,1.32,1.35,2200,581,3.79,98.72%,120.78%,0.270474,2026-08-04
GME,19.21,2027-06-17,317,Call,40.00,-108.22%,0.51,0.75,1.01,939,248,3.79,45.52%,64.66%,0.158605,2026-08-04
WHR,44.62,2026-09-18,45,Call,52.50,-17.66%,1,1.33,1.35,1035,273,3.79,58.93%,58.91%,0.238702,2026-08-04
AFRM,78.12,2026-12-18,136,Put,42.50,-45.60%,0.91,0.95,0.99,1385,366,3.78,64.79%,73.43%,-0.053558,2026-08-04
GOOGL,377.65,2026-08-14,10,Call,390.00,-3.27%,4,4.3,4.6,2031,539,3.77,33.90%,35.77%,0.309152,2026-08-04
GLW,159.89,2026-08-14,10,Call,200.00,-25.09%,0.75,0.83,0.95,769,204,3.77,82.02%,91.68%,0.081668,2026-08-04
POET,8.57,2026-08-07,3,Put,8.00,-6.65%,0.15,0.19,0.19,1050,279,3.76,120.10%,130.75%,-0.260369,2026-08-04
TSLA,327.35,2026-08-14,10,Call,327.50,-0.05%,10.3,10.5,10.65,1824,485,3.76,45.35%,48.08%,0.518556,2026-08-04
SPCX,125.33,2026-08-07,3,Put,117.00,-6.65%,6.3,6.51,6.55,3692,981,3.76,111.65%,230.05%,-0.331666,2026-08-04
LAC,3.08,2026-09-18,45,Call,3.50,-13.64%,0.22,0.23,0.24,11954,3181,3.76,85.59%,87.46%,0.402094,2026-08-04
META,587.94,2026-08-05,1,Call,605.00,-2.90%,1.09,1.14,1.15,4171,1113,3.75,38.34%,50.38%,0.142733,2026-08-04
AMD,518.58,2026-08-10,6,Call,530.00,-2.20%,22.45,23.47,25.1,577,154,3.75,81.75%,108.23%,0.466795,2026-08-04
PLTR,162.66,2026-08-28,24,Put,130.00,-20.08%,0.69,0.7,0.73,701,187,3.75,53.97%,60.24%,-0.06148,2026-08-04
APLD,31.27,2026-08-14,10,Call,31.00,+0.86%,2.28,2.38,2.42,737,197,3.74,102.02%,107.03%,0.556913,2026-08-04
CMG,33.82,2026-08-07,3,Put,34.00,+0.53%,0.75,0.82,0.88,2275,609,3.74,43.36%,59.23%,-0.526957,2026-08-04
SPCX,125.33,2026-08-07,3,Call,147.00,-17.29%,4.05,4,4.3,1464,392,3.73,111.65%,245.08%,0.272445,2026-08-04
CRWV,91.9,2026-08-21,17,Call,95.00,-3.37%,8.55,8.75,8.95,8973,2412,3.72,114.03%,126.70%,0.508593,2026-08-04
MSBI,34.53,2026-08-21,17,Call,35.00,-1.36%,0.05,0.6,0.65,2029,547,3.71,36.90%,18.52%,0.374531,2026-08-04
DLTR,130.71,2026-08-28,24,Call,160.00,-22.41%,0.42,0.64,1.11,601,162,3.71,48.24%,55.84%,0.092777,2026-08-04
PLTR,162.66,2026-08-21,17,Call,143.00,+12.09%,21.1,21.17,21.75,723,195,3.71,53.97%,58.80%,0.862603,2026-08-04
AMD,518.58,2026-08-05,1,Put,445.00,-14.19%,1,1.15,1.34,964,260,3.71,81.75%,186.40%,-0.052814,2026-08-04
MU,892.67,2026-08-05,1,Call,915.00,-2.50%,14.85,14.98,15.2,1445,389,3.71,91.09%,130.17%,0.371765,2026-08-04
IONQ,41.72,2026-08-28,24,Call,42.00,-0.67%,4.25,4.47,5.05,581,157,3.7,103.12%,111.19%,0.550712,2026-08-04
UWMC,1.95,2026-08-07,3,Put,2.0000,+2.56%,0.05,0.1,0.15,3375,913,3.7,85.41%,99.16%,-0.597966,2026-08-04
SPCX,125.33,2026-08-07,3,Put,94.00,-25.00%,0.64,0.73,0.72,3640,985,3.7,111.65%,217.19%,-0.059287,2026-08-04
DIS,98.18,2026-08-07,3,Put,93.00,-5.28%,0.96,1.02,1.09,4498,1215,3.7,34.13%,84.28%,-0.227103,2026-08-04
PINS,25.58,2026-08-07,3,Call,30.00,-17.28%,0.33,0.39,0.36,2349,637,3.69,71.84%,171.91%,0.172853,2026-08-04
SPCX,125.33,2026-08-07,3,Call,123.00,+1.86%,11.9,11.93,12.3,3069,831,3.69,111.65%,242.72%,0.577957,2026-08-04
TEM,47.05,2026-08-21,17,Call,47.00,+0.11%,2.92,3.35,3,1800,488,3.69,72.67%,71.64%,0.537887,2026-08-04
DVA,227.99,2027-01-15,164,Call,260.00,-14.04%,13.1,14.7,16.1,500,136,3.68,58.93%,40.53%,0.388153,2026-08-04
RYAM,8.76,2026-08-21,17,Put,8.00,-8.68%,0.3,0.32,0.45,500,136,3.68,78.96%,95.95%,-0.29328,2026-08-04
IONQ,41.72,2026-08-14,10,Call,43.00,-3.07%,2.69,2.87,2.88,563,153,3.68,103.12%,120.67%,0.481459,2026-08-04
ANET,190.51,2026-08-07,3,Call,215.00,-12.85%,2.2,2.5,2.65,776,211,3.68,73.20%,141.68%,0.190763,2026-08-04
PLTR,162.66,2026-08-14,10,Put,132.00,-18.85%,0.22,0.2,0.28,798,217,3.68,53.97%,70.75%,-0.03216,2026-08-04
SNDK,1427.62,2026-08-07,3,Call,"1,450.00",-1.57%,97.6,99.7,99.8,2170,590,3.68,129.69%,210.45%,0.506148,2026-08-04
HIMS,32.16,2026-08-07,3,Call,32.50,-1.06%,0.87,0.93,1.17,3281,891,3.68,102.11%,100.78%,0.473619,2026-08-04
GLXY,22.14,2028-01-21,535,Put,2.50,-88.71%,0.06,0.25,0.7,6000,1631,3.68,103.28%,136.04%,-0.014666,2026-08-04
HOOD,93.51,2026-08-14,10,Put,79.00,-15.52%,0.34,0.41,0.61,506,138,3.67,68.74%,77.35%,-0.082538,2026-08-04
DVN,44.05,2026-08-21,17,Call,45.50,-3.29%,0.94,1.13,1.17,518,141,3.67,41.58%,43.52%,0.383826,2026-08-04
ARM,280.56,2026-08-07,3,Call,310.00,-10.49%,4.2,4.36,4.55,653,178,3.67,93.79%,136.81%,0.22959,2026-08-04
MRVL,218.59,2026-08-07,3,Put,182.50,-16.51%,0.73,0.77,0.8,968,264,3.67,98.84%,135.42%,-0.062591,2026-08-04
WMB,71.51,2026-08-07,3,Call,71.00,+0.71%,1.05,1.46,1.75,1485,405,3.67,30.01%,43.64%,0.58,2026-08-04
UNH,407.55,2026-10-16,73,Put,350.00,-14.12%,4.3,4.55,4.7,645,176,3.66,28.93%,33.79%,-0.13507,2026-08-04
AVGO,418.16,2026-08-07,3,Call,460.00,-10.01%,0.68,0.76,0.84,827,226,3.66,56.06%,68.86%,0.067782,2026-08-04
ORCL,145.74,2026-08-07,3,Put,138.00,-5.31%,1.12,1.17,1.21,1233,337,3.66,73.19%,75.45%,-0.201982,2026-08-04
GLW,159.89,2026-08-07,3,Call,165.00,-3.20%,3.5,3.84,4.2,2791,762,3.66,82.02%,103.04%,0.386831,2026-08-04
ADI,380.29,2026-08-07,3,Put,360.00,-5.34%,1.6,1.83,2.7,3258,889,3.66,58.53%,66.07%,-0.171407,2026-08-04
AAPL,309.38,2026-08-07,3,Call,312.50,-1.01%,2.26,2.48,2.48,15587,4253,3.66,26.85%,32.83%,0.377029,2026-08-04
RKLB,74.48,2026-08-07,3,Call,90.00,-20.84%,0.13,0.22,0.24,7720,2115,3.65,104.28%,125.22%,0.053921,2026-08-04
ZETA,24.26,2026-08-21,17,Call,26.00,-7.17%,1.7,1.75,1.79,533,146,3.65,96.62%,116.10%,0.442559,2026-08-04
AMD,518.58,2026-08-05,1,Call,482.50,+6.96%,41.75,47.6,48.15,1107,303,3.65,81.75%,214.56%,0.757798,2026-08-04
VZ,46.88,2026-08-21,17,Put,47.00,+0.26%,0.92,1.16,1.4,1246,341,3.65,26.60%,26.63%,-0.512084,2026-08-04
ORCL,145.74,2026-08-07,3,Call,149.00,-2.24%,2.57,2.67,2.7,1520,417,3.65,73.19%,75.97%,0.38812,2026-08-04
SOUN,6.51,2026-08-28,24,Call,9.50,-45.93%,0.06,0.12,0.14,524,144,3.64,102.34%,111.90%,0.121913,2026-08-04
RIOT,21.56,2026-08-07,3,Put,21.50,-0.28%,1.12,1.29,1.28,1057,290,3.64,111.61%,158.45%,-0.462981,2026-08-04
MSTR,97.65,2026-12-18,136,Call,750.00,-668.05%,0.03,0.11,0.29,1137,312,3.64,74.56%,119.97%,0.008259,2026-08-04
PINS,25.58,2026-08-07,3,Call,25.50,+0.31%,1.65,1.69,1.78,1772,487,3.64,71.84%,181.12%,0.541016,2026-08-04
SPCX,125.33,2026-08-07,3,Put,106.00,-15.42%,2.59,2.71,2.77,2269,625,3.63,111.65%,224.09%,-0.176825,2026-08-04
CRCL,63.25,2026-09-18,45,Put,45.00,-28.85%,1.19,1.25,1.36,5427,1497,3.63,96.17%,92.62%,-0.110831,2026-08-04
NVDA,211.94,2026-08-07,3,Put,212.50,+0.26%,3.5,3.56,3.65,6827,1887,3.62,41.33%,43.17%,-0.516984,2026-08-04
QCOM,162.67,2026-08-28,24,Put,150.00,-7.79%,4.1,4.27,4.85,500,138,3.62,58.90%,59.80%,-0.270352,2026-08-04
CSCO,121.74,2026-08-07,3,Call,126.00,-3.50%,0.49,0.61,0.68,828,229,3.62,52.02%,45.57%,0.209662,2026-08-04
ORCL,145.74,2026-08-07,3,Put,143.00,-1.88%,2.59,2.71,2.75,984,272,3.62,73.19%,74.66%,-0.375727,2026-08-04
NB,5.19,2026-09-18,45,Call,7.50,-44.51%,0.15,0.23,0.35,1058,292,3.62,110.75%,115.16%,0.242855,2026-08-04
PANW,366.34,2026-08-14,10,Put,310.00,-15.38%,0.17,1,1.1,1259,348,3.62,62.69%,60.18%,-0.041326,2026-08-04
AMZN,277.42,2026-08-14,10,Put,270.00,-2.67%,3.15,3.3,3.45,1373,379,3.62,33.62%,35.52%,-0.306763,2026-08-04
TSLA,327.35,2026-08-12,8,Put,320.00,-2.25%,5.5,5.6,5.7,693,192,3.61,45.35%,46.48%,-0.354088,2026-08-04
ORCL,145.74,2026-08-07,3,Put,145.00,-0.51%,3.5,3.55,3.7,1866,517,3.61,73.19%,75.54%,-0.455831,2026-08-04
RKLB,74.48,2026-12-18,136,Put,40.00,-46.29%,2.3,2.42,2.51,5062,1402,3.61,104.28%,98.98%,-0.088166,2026-08-04
BTDR,11.38,2026-09-18,45,Call,14.00,-23.02%,1.1,1.23,1.3,4824,1339,3.6,134.87%,128.47%,0.411479,2026-08-04
HPE,52.39,2026-09-18,45,Call,90.00,-71.79%,0.31,0.39,0.47,569,158,3.6,83.16%,89.99%,0.06118,2026-08-04
ZETA,24.26,2026-08-07,3,Call,23.50,+3.13%,2.31,2.4,2.63,782,217,3.6,96.62%,239.49%,0.601236,2026-08-04
TSLA,327.35,2026-08-10,6,Call,342.50,-4.63%,2.68,2.71,2.75,906,252,3.6,45.35%,47.22%,0.239679,2026-08-04
BA,237.16,2026-08-14,10,Put,225.00,-5.13%,1.15,1.45,1.74,503,140,3.59,33.91%,36.23%,-0.181611,2026-08-04
MU,892.67,2026-08-07,3,Call,890.00,+0.30%,39.8,40.55,41.5,2493,695,3.59,91.09%,121.58%,0.533846,2026-08-04
INTC,100.86,2026-08-07,3,Call,105.00,-4.10%,2.36,2.39,2.44,26516,7388,3.59,87.22%,111.16%,0.364549,2026-08-04
SMCI,31.69,2026-08-21,17,Call,28.50,+10.07%,4.8,4.95,5.1,1963,549,3.58,104.94%,118.73%,0.708444,2026-08-04
NKE,41.53,2026-08-07,3,Call,42.00,-1.13%,0.43,0.45,0.47,4780,1335,3.58,37.80%,43.63%,0.395308,2026-08-04
UNH,407.55,2026-08-07,3,Put,385.00,-5.53%,0.05,0.26,0.39,540,151,3.58,28.93%,36.30%,-0.040111,2026-08-04
AMZN,277.42,2026-08-14,10,Put,262.50,-5.38%,1.44,1.46,1.6,560,157,3.57,33.62%,36.26%,-0.166998,2026-08-04
ARM,280.56,2026-08-21,17,Put,225.00,-19.80%,4,4.25,4.65,561,157,3.57,93.79%,100.61%,-0.128795,2026-08-04
MSTR,97.65,2026-08-07,3,Put,96.00,-1.69%,2.01,2,2.26,986,276,3.57,74.56%,82.73%,-0.394311,2026-08-04
MU,892.67,2026-08-07,3,Put,895.00,+0.26%,39.45,39.6,41.35,1057,297,3.56,91.09%,121.78%,-0.486543,2026-08-04
ARM,280.56,2026-08-07,3,Call,270.00,+3.76%,17.85,19,19.7,2270,637,3.56,93.79%,128.22%,0.652023,2026-08-04
PLOW,44.6,2026-08-21,17,Call,50.00,-12.11%,0.3,0.35,0.4,2080,586,3.55,42.67%,48.64%,0.150864,2026-08-04
VELO,13.69,2026-08-21,17,Call,17.50,-27.83%,0.55,0.8,0.9,2243,631,3.55,149.76%,157.68%,0.292345,2026-08-04
MU,892.67,2026-08-05,1,Call,870.00,+2.54%,36.6,38,38.55,4240,1193,3.55,91.09%,133.37%,0.657201,2026-08-04
NOW,118.14,2026-08-07,3,Put,113.00,-4.35%,1.07,1.13,1.17,824,232,3.55,62.53%,72.50%,-0.237687,2026-08-04
HPE,52.39,2026-08-14,10,Call,55.00,-4.98%,1.68,2.02,1.98,1822,514,3.54,83.16%,83.01%,0.389572,2026-08-04
MTCH,41.24,2026-08-21,17,Call,45.00,-9.12%,0.9,0.97,0.95,2092,591,3.54,48.64%,62.86%,0.284243,2026-08-04
TSLA,327.35,2026-08-07,3,Call,362.50,-10.74%,0.4,0.42,0.43,3038,861,3.53,45.35%,67.25%,0.050751,2026-08-04
ET,20.33,2026-08-21,17,Call,20.50,-0.84%,0.13,0.2,0.22,2212,628,3.52,20.04%,14.84%,0.389957,2026-08-04
LITE,849.47,2026-08-21,17,Call,860.00,-1.24%,83.4,86.1,88.7,511,145,3.52,112.22%,123.48%,0.537183,2026-08-04
PCG,17.45,2026-08-28,24,Put,17.00,-2.58%,0.49,0.63,0.97,546,155,3.52,53.76%,53.94%,-0.394192,2026-08-04
AMZN,277.42,2026-08-14,10,Put,247.50,-10.79%,0.28,0.35,0.39,630,179,3.52,33.62%,41.15%,-0.042434,2026-08-04
MU,892.67,2026-08-10,6,Call,"1,000.00",-12.02%,11.5,11.8,12,1459,414,3.52,91.09%,97.45%,0.199977,2026-08-04
AMD,518.58,2026-08-05,1,Call,485.00,+6.48%,39.65,41.7,45.6,1499,427,3.51,81.75%,208.34%,0.748384,2026-08-04
CPB,22.76,2026-08-07,3,Call,23.00,-1.05%,0.1,0.22,0.3,3658,1044,3.5,34.52%,37.12%,0.381477,2026-08-04
WFC,88.39,2026-08-07,3,Put,88.00,-0.44%,0.9,0.95,1,973,278,3.5,24.10%,35.72%,-0.43788,2026-08-04
LRCX,317.74,2026-11-20,108,Call,500.00,-57.36%,14.45,15.2,17.7,636,182,3.49,86.99%,84.68%,0.232016,2026-08-04
AMZN,277.42,2026-08-14,10,Call,277.50,-0.03%,6.5,6.67,6.85,1326,380,3.49,33.62%,35.92%,0.516594,2026-08-04
TSSI,11.17,2027-01-15,164,Call,25.00,-123.81%,0.9,1,1.45,2505,718,3.49,145.81%,123.10%,0.293582,2026-08-04
SPCX,125.33,2026-08-07,3,Call,180.00,-43.62%,1.15,1.19,1.2,11326,3245,3.49,111.65%,272.59%,0.090102,2026-08-04
NVDA,211.94,2026-08-07,3,Call,222.50,-4.98%,0.45,0.46,0.48,21074,6057,3.48,41.33%,43.77%,0.115245,2026-08-04
GILD,135.25,2026-08-07,3,Put,120.00,-11.28%,0.21,0.23,0.26,873,251,3.48,38.46%,83.58%,-0.052815,2026-08-04
LRCX,317.74,2026-10-16,73,Call,330.00,-3.86%,42.25,41.63,45.45,1015,292,3.48,86.99%,85.15%,0.542935,2026-08-04
CVS,104.42,2026-11-20,108,Put,95.00,-9.02%,3.4,3.75,3.9,901,260,3.47,39.16%,35.13%,-0.270103,2026-08-04
AMD,518.58,2026-08-14,10,Call,530.00,-2.20%,29.25,30,30.65,1345,388,3.47,81.75%,101.65%,0.484261,2026-08-04
LUNR,13.96,2026-09-18,45,Call,15.00,-7.45%,1.9,2,2,2647,762,3.47,125.47%,119.76%,0.520024,2026-08-04
NVDA,211.94,2026-08-14,10,Put,205.00,-3.27%,2.59,2.65,2.68,9673,2787,3.47,41.33%,39.75%,-0.290984,2026-08-04
BA,237.16,2026-12-18,136,Put,230.00,-3.02%,14.35,15.18,16.4,3007,869,3.46,33.91%,33.57%,-0.394285,2026-08-04
GLW,159.89,2026-08-07,3,Call,167.50,-4.76%,2.68,2.95,3.35,781,226,3.46,82.02%,102.48%,0.325796,2026-08-04
CRWD,211.22,2026-08-07,3,Put,195.00,-7.68%,0.62,0.66,0.7,1299,375,3.46,63.84%,70.80%,-0.100055,2026-08-04
AVGO,418.16,2026-09-04,31,Call,440.00,-5.22%,20.25,22.31,21.9,566,164,3.45,56.06%,60.94%,0.427121,2026-08-04
TKO,184.51,2026-10-16,73,Call,195.00,-5.69%,8,8.4,10.2,601,174,3.45,39.11%,39.81%,0.419711,2026-08-04
ARM,280.56,2026-08-14,10,Call,290.00,-3.36%,15.35,16.15,16.7,1241,360,3.45,93.79%,107.83%,0.463889,2026-08-04
AAPL,309.38,2026-08-10,6,Call,312.50,-1.01%,2.6,2.95,3.1,1637,475,3.45,26.85%,26.17%,0.394994,2026-08-04
AMD,518.58,2026-08-05,1,Put,460.00,-11.30%,1.7,2.27,2.38,3104,901,3.45,81.75%,176.05%,-0.088834,2026-08-04
UBER,71.99,2026-08-07,3,Put,67.00,-6.93%,0.6,0.76,0.77,5090,1476,3.45,45.26%,95.70%,-0.190922,2026-08-04
AMZN,277.42,2026-08-07,3,Put,275.00,-0.87%,2.87,2.9,3.1,8105,2351,3.45,33.62%,41.17%,-0.397375,2026-08-04
MU,892.67,2026-08-07,3,Call,900.00,-0.82%,35.5,35.95,37.3,21688,6282,3.45,91.09%,122.96%,0.49401,2026-08-04
CIFR,20.38,2026-08-07,3,Call,22.00,-7.95%,0.49,0.54,0.6,2721,792,3.44,120.44%,154.25%,0.317402,2026-08-04
SKM,34.8,2026-12-18,136,Put,40.00,+14.94%,8.6,9.4,9.8,1001,291,3.44,77.16%,71.36%,-0.535149,2026-08-04
UMAC,26.67,2026-09-18,45,Call,30.00,-12.49%,3.9,4.15,4.3,1219,354,3.44,147.79%,141.80%,0.508686,2026-08-04
AEM,150.61,2026-08-07,3,Call,160.00,-6.23%,0.3,0.4,0.45,642,187,3.43,45.85%,53.05%,0.109458,2026-08-04
AMZN,277.42,2026-08-07,3,Put,277.50,+0.03%,3.95,4.05,4.3,2489,728,3.42,33.62%,41.08%,-0.493103,2026-08-04
AMD,518.58,2026-08-05,1,Call,600.00,-15.70%,3.45,4,4,19047,5565,3.42,81.75%,230.76%,0.12584,2026-08-04
SNDK,1427.62,2026-08-07,3,Put,"1,400.00",-1.93%,91.4,93.7,94.4,1298,379,3.42,129.69%,208.25%,-0.421053,2026-08-04
CRCL,63.25,2026-08-07,3,Put,61.00,-3.56%,2.6,2.54,2.79,1364,399,3.42,96.17%,165.71%,-0.375266,2026-08-04
BAC,62.9,2026-08-28,24,Put,61.00,-3.02%,0.54,0.57,0.62,1676,490,3.42,21.56%,21.18%,-0.27015,2026-08-04
RIOT,21.56,2026-08-07,3,Put,21.00,-2.60%,0.89,0.95,1.1,1787,523,3.42,111.61%,163.59%,-0.40001,2026-08-04
MU,892.67,2026-08-05,1,Call,955.00,-6.98%,5.2,5.2,5.45,1642,482,3.41,91.09%,129.97%,0.169343,2026-08-04
CRWV,91.9,2026-08-14,10,Call,120.00,-30.58%,1.39,1.65,1.73,2748,806,3.41,114.03%,141.31%,0.153972,2026-08-04
ALAB,361.67,2026-08-07,3,Call,420.00,-16.13%,8.9,9.38,10.85,558,164,3.4,123.02%,216.95%,0.254477,2026-08-04
SPCX,125.33,2026-08-14,10,Call,126.00,-0.53%,12.35,12.55,12.9,676,199,3.4,111.65%,155.92%,0.544678,2026-08-04
BMY,65.89,2026-10-16,73,Call,75.00,-13.83%,0.78,0.98,1.01,1398,411,3.4,30.84%,30.80%,0.190412,2026-08-04
AMD,518.58,2026-08-14,10,Call,700.00,-34.98%,2.15,2.3,2.56,1476,434,3.4,81.75%,110.53%,0.061443,2026-08-04
PLTR,162.66,2026-09-04,31,Call,160.00,+1.64%,11.7,11.8,12.1,1518,446,3.4,53.97%,54.74%,0.580388,2026-08-04
PAR,17.43,2026-08-21,17,Call,18.00,-3.27%,1.05,1.5,1.5,623,184,3.39,87.97%,102.27%,0.482367,2026-08-04
JPM,357.52,2026-08-21,17,Put,360.00,+0.69%,7,7.05,7.65,763,225,3.39,21.58%,19.98%,-0.548875,2026-08-04
DIS,98.18,2026-08-07,3,Call,108.00,-10.00%,0.42,0.54,0.54,918,271,3.39,34.13%,88.76%,0.126306,2026-08-04
TOST,33.81,2026-08-21,17,Put,30.00,-11.27%,0.58,0.64,0.74,974,287,3.39,59.53%,74.20%,-0.201542,2026-08-04
TSLA,327.35,2026-08-07,3,Put,317.50,-3.01%,2.47,2.4,2.55,1887,556,3.39,45.35%,53.73%,-0.255588,2026-08-04
TSLA,327.35,2026-08-07,3,Put,312.50,-4.54%,1.42,1.43,1.49,2901,855,3.39,45.35%,54.44%,-0.165799,2026-08-04
MSFT,492.81,2026-08-07,3,Put,485.00,-1.58%,3.3,3.26,3.7,5296,1565,3.38,30.75%,38.07%,-0.313402,2026-08-04
RKT,14.11,2026-10-16,73,Call,16.00,-13.39%,0.85,0.9,0.95,13599,4024,3.38,67.41%,61.39%,0.38453,2026-08-04
WYNN,97.6,2026-08-21,17,Put,87.50,-10.35%,0.18,0.78,1.6,521,154,3.38,40.96%,52.00%,-0.14925,2026-08-04
MU,892.67,2026-08-05,1,Put,805.00,-9.82%,2.76,2.83,2.87,619,183,3.38,91.09%,148.63%,-0.085506,2026-08-04
IBM,235.15,2026-08-28,24,Call,260.00,-10.57%,2.39,2.52,2.59,713,211,3.38,41.57%,41.74%,0.188989,2026-08-04
SOFI,18.7,2026-09-04,31,Call,23.00,-22.99%,0.08,0.13,0.14,773,229,3.38,51.74%,49.92%,0.092013,2026-08-04
INTC,100.86,2026-08-10,6,Call,105.00,-4.10%,2.9,3.03,3.05,840,249,3.37,87.22%,90.13%,0.387441,2026-08-04
S,20.98,2026-08-07,3,Call,20.00,+4.67%,1.1,1.2,1.3,1133,336,3.37,68.09%,78.06%,0.762907,2026-08-04
SKHY,154.38,2026-08-07,3,Put,150.00,-2.84%,6,6.3,6.6,3925,1166,3.37,114.80%,151.38%,-0.38966,2026-08-04
PSKY,8.38,2026-08-07,3,Call,8.50,-1.43%,0.23,0.26,0.28,7657,2271,3.37,59.77%,101.92%,0.457477,2026-08-04
ALAB,361.67,2026-08-07,3,Put,320.00,-11.52%,8.9,9.65,10.5,2102,626,3.36,123.02%,205.66%,-0.226245,2026-08-04
PINS,25.58,2026-08-07,3,Call,27.50,-7.51%,0.9,0.92,1.03,786,234,3.36,71.84%,183.47%,0.363081,2026-08-04
BBY,86.35,2026-08-21,17,Call,85.00,+1.56%,3.3,3.55,3.7,1481,441,3.36,45.13%,37.88%,0.590262,2026-08-04
LLY,1115.68,2026-08-07,3,Call,"1,250.00",-12.04%,5,5.25,5.95,674,201,3.35,45.24%,100.39%,0.114886,2026-08-04
TSLA,327.35,2026-08-10,6,Put,310.00,-5.30%,1.64,1.63,1.72,1244,371,3.35,45.35%,45.08%,-0.163441,2026-08-04
ET,20.33,2026-09-04,31,Call,21.50,-5.76%,0.07,0.13,0.15,4798,1432,3.35,20.04%,20.55%,0.173043,2026-08-04
AMD,518.58,2026-08-07,3,Call,600.00,-15.70%,5.25,5.75,5.8,12893,3865,3.34,81.75%,150.13%,0.158328,2026-08-04
PLTR,162.66,2026-08-07,3,Call,152.50,+6.25%,11.15,11.31,11.45,31155,9327,3.34,53.97%,78.26%,0.828664,2026-08-04
INTC,100.86,2026-08-07,3,Call,124.00,-22.94%,0.11,0.16,0.48,842,252,3.34,87.22%,138.55%,0.057111,2026-08-04
MU,892.67,2026-08-05,1,Call,"1,100.00",-23.23%,0.05,0.1,0.12,1154,346,3.34,91.09%,148.35%,0.004039,2026-08-04
BSP,37.45,2026-09-18,45,Put,35.00,-6.54%,1.9,2.58,2.6,600,180,3.33,71.77%,67.11%,-0.336954,2026-08-04
CPNG,16.78,2026-08-07,3,Call,18.50,-10.25%,0.15,0.23,0.29,812,244,3.33,68.57%,125.90%,0.213208,2026-08-04
UNH,407.55,2026-08-07,3,Call,415.00,-1.83%,1.88,2.15,2.25,832,250,3.33,28.93%,32.97%,0.27841,2026-08-04
NVO,44.28,2026-08-07,3,Call,47.00,-6.14%,0.14,0.15,0.15,3140,942,3.33,41.80%,57.17%,0.129145,2026-08-04
LCID,7.78,2026-08-07,3,Put,7.50,-3.60%,0.53,0.56,0.57,2366,712,3.32,126.53%,247.31%,-0.390998,2026-08-04
UPST,30.32,2026-08-07,3,Put,30.00,-1.06%,1.73,1.85,1.88,698,210,3.32,89.29%,180.34%,-0.44111,2026-08-04
NBIS,225.74,2026-08-14,10,Put,215.00,-4.76%,19.45,19.98,20.3,977,294,3.32,140.17%,172.22%,-0.375837,2026-08-04
NVDA,211.94,2026-08-12,8,Call,225.00,-6.16%,0.9,0.99,0.97,1017,306,3.32,41.33%,38.09%,0.153863,2026-08-04
U,35.22,2027-02-19,199,Call,45.00,-27.77%,4.4,4.58,4.75,1555,469,3.32,86.48%,71.74%,0.43771,2026-08-04
XOM,153.96,2026-08-14,10,Call,167.50,-8.79%,0.2,0.28,0.36,631,191,3.3,30.20%,34.32%,0.073351,2026-08-04
SPCX,125.33,2026-08-14,10,Put,122.00,-2.66%,10.7,10.76,11.05,637,193,3.3,111.65%,153.80%,-0.406609,2026-08-04
OKLO,43.33,2027-12-17,500,Call,160.00,-269.26%,5.55,6.35,6.7,702,213,3.3,98.72%,99.61%,0.312076,2026-08-04
MU,892.67,2026-08-07,3,Call,995.00,-11.46%,8.35,8.15,8.7,746,226,3.3,91.09%,119.56%,0.17246,2026-08-04
META,587.94,2026-08-05,1,Call,622.50,-5.88%,0.2,0.2,0.22,874,265,3.3,38.34%,57.78%,0.0307,2026-08-04
MSFT,492.81,2026-09-18,45,Call,505.00,-2.47%,16,16.26,16.7,1977,601,3.29,30.75%,30.31%,0.443165,2026-08-04
DGNX,1.38,2026-08-21,17,Put,1.0000,-27.54%,0.05,0.1,0.15,3907,1187,3.29,330.07%,244.10%,-0.190066,2026-08-04
W,116.08,2026-11-20,108,Put,105.00,-9.55%,11.5,12,12.3,655,199,3.29,70.07%,72.96%,-0.317881,2026-08-04
DELL,467.27,2026-08-07,3,Call,550.00,-17.70%,0.88,1,1.2,502,153,3.28,93.38%,108.98%,0.055035,2026-08-04
HOOD,93.51,2026-08-14,10,Call,91.00,+2.68%,5.55,5.81,6,574,175,3.28,68.74%,71.52%,0.616948,2026-08-04
SNOW,316.77,2026-08-07,3,Put,300.00,-5.29%,2.63,3.3,3.45,849,259,3.28,70.38%,81.52%,-0.218677,2026-08-04
SHOP,123.3,2026-08-07,3,Put,115.00,-6.73%,4.45,4.59,5,2636,804,3.28,74.98%,191.29%,-0.312029,2026-08-04
MSFT,492.81,2026-08-14,10,Call,500.00,-1.46%,7.1,7.65,7.9,4975,1519,3.28,30.75%,32.21%,0.408889,2026-08-04
SPCX,125.33,2026-08-21,17,Put,65.00,-48.14%,0.16,0.16,0.18,3466,1060,3.27,111.65%,143.85%,-0.011454,2026-08-04
SPCX,125.33,2026-08-07,3,Call,125.00,+0.26%,11,11.05,11.25,19378,5919,3.27,111.65%,242.21%,0.549007,2026-08-04
NFLX,73.57,2026-08-14,10,Call,81.00,-10.10%,0.2,0.21,0.22,1102,337,3.27,37.21%,41.99%,0.090896,2026-08-04
SPOT,478.17,2026-08-07,3,Call,500.00,-4.57%,2.75,3.5,4.65,1540,473,3.26,43.97%,64.54%,0.233079,2026-08-04
ORCL,145.74,2026-08-07,3,Call,157.50,-8.07%,0.74,0.79,0.83,3121,956,3.26,73.19%,79.40%,0.149257,2026-08-04
AMD,518.58,2026-08-05,1,Call,570.00,-9.92%,6.65,6.7,7.9,4583,1405,3.26,81.75%,220.25%,0.223127,2026-08-04
HPE,52.39,2026-08-14,10,Call,60.00,-14.53%,0.57,0.66,0.7,9321,2862,3.26,83.16%,81.79%,0.176355,2026-08-04
MU,892.67,2026-08-14,10,Call,"1,100.00",-23.23%,8.6,8.8,9,2793,860,3.25,91.09%,102.08%,0.125916,2026-08-04
AMD,518.58,2026-08-07,3,Call,650.00,-25.34%,1.89,2.1,2.13,4081,1256,3.25,81.75%,157.38%,0.065558,2026-08-04
AMD,518.58,2026-08-10,6,Call,550.00,-6.06%,16.15,17.28,20.05,559,172,3.25,81.75%,114.39%,0.373061,2026-08-04
SNDK,1427.62,2026-08-07,3,Call,"1,430.00",-0.17%,105.6,107.62,108.5,904,278,3.25,129.69%,209.39%,0.534946,2026-08-04
SHAZ,55.52,2026-09-18,45,Put,45.00,-18.95%,4.2,5.19,5.7,1233,379,3.25,144.24%,134.70%,-0.245462,2026-08-04
SNDK,1427.62,2026-08-07,3,Call,"1,420.00",+0.53%,110.6,112.8,113.9,576,178,3.24,129.69%,210.44%,0.549741,2026-08-04
INTC,100.86,2026-08-07,3,Put,92.50,-8.29%,1.01,1.04,1.13,583,180,3.24,87.22%,112.04%,-0.182734,2026-08-04
ALAB,361.67,2026-08-07,3,Call,370.00,-2.30%,22.35,24.35,25.6,590,182,3.24,123.02%,211.18%,0.491352,2026-08-04
HOOD,93.51,2026-08-07,3,Put,93.00,-0.55%,2.39,2.43,2.51,657,203,3.24,68.74%,80.35%,-0.454264,2026-08-04
ARM,280.56,2026-09-18,45,Call,330.00,-17.62%,18.7,19.97,20.2,1502,463,3.24,93.79%,91.53%,0.370645,2026-08-04
PLTR,162.66,2026-08-28,24,Call,170.00,-4.51%,6.25,6.3,6.5,1975,609,3.24,53.97%,55.60%,0.412323,2026-08-04
SOFI,18.7,2026-08-28,24,Put,17.50,-6.42%,0.47,0.48,0.52,2669,824,3.24,51.74%,53.78%,-0.286117,2026-08-04
MSFT,492.81,2026-08-07,3,Put,475.00,-3.61%,1.18,1.45,1.49,2591,801,3.23,30.75%,39.33%,-0.145421,2026-08-04
NVDA,211.94,2026-08-07,3,Put,215.00,+1.44%,4.75,5,5.1,3669,1136,3.23,41.33%,41.40%,-0.639956,2026-08-04
UEC,10.5,2026-08-21,17,Call,12.00,-14.29%,0.22,0.26,0.27,8804,2726,3.23,78.29%,79.65%,0.247889,2026-08-04
MU,892.67,2026-08-07,3,Call,"1,090.00",-22.11%,1.63,1.71,1.83,643,199,3.23,91.09%,124.55%,0.043672,2026-08-04
AMZN,277.42,2026-08-07,3,Call,197.50,+28.81%,78.4,80.76,81.75,710,220,3.23,33.62%,157.50%,0.992911,2026-08-04
AMD,518.58,2026-11-20,108,Call,530.00,-2.20%,80.7,82.8,85.1,1047,324,3.23,81.75%,76.20%,0.572272,2026-08-04
QXO,15.34,2026-10-16,73,Call,17.00,-10.82%,1.25,1.4,1.4,1612,499,3.23,75.06%,69.91%,0.440909,2026-08-04
MSFT,492.81,2026-08-21,17,Put,500.00,+1.46%,16.25,17,17.75,1814,561,3.23,30.75%,31.47%,-0.565586,2026-08-04
AMD,518.58,2026-09-18,45,Put,560.00,+7.99%,75.85,74.58,82.1,905,281,3.22,81.75%,76.14%,-0.556805,2026-08-04
INSM,98.75,2026-08-21,17,Put,90.00,-8.86%,2,3.4,3.8,2508,780,3.22,69.71%,78.78%,-0.261261,2026-08-04
CMG,33.82,2026-08-07,3,Call,36.00,-6.45%,0.11,0.16,0.16,4637,1441,3.22,43.36%,62.30%,0.141731,2026-08-04
MU,892.67,2026-08-14,10,Put,705.00,-21.02%,6.25,6.1,6.65,587,183,3.21,91.09%,109.60%,-0.081254,2026-08-04
ARM,280.56,2026-08-07,3,Call,305.00,-8.71%,5.15,5.46,5.6,1020,318,3.21,93.79%,136.08%,0.269932,2026-08-04
MRVL,218.59,2026-08-21,17,Call,255.00,-16.66%,6.6,6.95,7,1787,556,3.21,98.84%,97.62%,0.268178,2026-08-04
QUBT,9.23,2026-11-20,108,Call,16.00,-73.35%,0.71,0.72,0.75,1380,431,3.2,104.05%,111.43%,0.278974,2026-08-04
QCOM,162.67,2026-11-20,108,Put,160.00,-1.64%,18.45,19,19.1,1647,514,3.2,58.90%,58.92%,-0.409785,2026-08-04
HOOD,93.51,2026-08-07,3,Put,91.00,-2.68%,1.54,1.57,1.78,1990,621,3.2,68.74%,82.24%,-0.342481,2026-08-04
NVDA,211.94,2026-08-14,10,Call,222.50,-4.98%,1.82,1.93,1.9,2732,853,3.2,41.33%,38.91%,0.239007,2026-08-04
DIS,98.18,2026-08-07,3,Call,100.00,-1.85%,2.15,2.29,2.45,6564,2058,3.19,34.13%,87.21%,0.423701,2026-08-04
ZETA,24.26,2026-08-07,3,Call,25.00,-3.05%,1.65,1.67,1.73,12880,4040,3.19,96.62%,228.95%,0.484219,2026-08-04
NVDA,211.94,2026-08-07,3,Put,207.50,-2.09%,1.53,1.57,1.57,22611,7099,3.19,41.33%,43.82%,-0.288231,2026-08-04
ASTS,70.31,2026-08-07,3,Put,75.00,+6.67%,6,6.2,6.55,603,189,3.19,114.11%,131.35%,-0.684807,2026-08-04
VST,143.23,2026-08-07,3,Call,150.00,-4.73%,3,3.11,3.25,776,243,3.19,59.77%,111.15%,0.342514,2026-08-04
NEE,87.2,2026-08-21,17,Call,88.00,-0.92%,1.38,1.41,1.63,1500,470,3.19,23.57%,24.74%,0.444819,2026-08-04
QCOM,162.67,2026-08-07,3,Call,162.50,+0.10%,4.15,4.38,4.6,1638,514,3.19,58.90%,72.82%,0.520075,2026-08-04
AAOI,131.63,2026-08-07,3,Call,180.00,-36.75%,1.35,1.88,2.2,759,239,3.18,148.08%,269.36%,0.123361,2026-08-04
MU,892.67,2026-08-05,1,Put,740.00,-17.10%,0.39,0.41,0.49,1645,518,3.18,91.09%,169.08%,-0.015215,2026-08-04
SPCX,125.33,2026-08-07,3,Call,143.00,-14.10%,4.9,4.85,5.15,2030,639,3.18,111.65%,244.14%,0.314205,2026-08-04
UPST,30.32,2026-08-07,3,Put,28.50,-6.00%,1.1,1.1,1.21,706,223,3.17,89.29%,182.01%,-0.323021,2026-08-04
AMAT,546.62,2027-03-19,227,Put,380.00,-30.48%,39.6,43.03,46.55,525,166,3.16,89.82%,77.32%,-0.175455,2026-08-04
RXT,5.15,2026-08-07,3,Call,5.50,-6.80%,0.15,0.2,0.2,814,258,3.16,161.99%,166.10%,0.359629,2026-08-04
AMD,518.58,2026-08-07,3,Call,487.50,+5.99%,42.3,46.1,47.85,1000,316,3.16,81.75%,146.37%,0.703476,2026-08-04
GME,19.21,2026-10-16,73,Put,19.00,-1.09%,1.25,1.43,1.45,1550,490,3.16,45.52%,41.00%,-0.449686,2026-08-04
TSLA,327.35,2026-08-14,10,Call,322.50,+1.48%,12.65,13.12,13.3,1962,621,3.16,45.35%,47.49%,0.595562,2026-08-04
RKT,14.11,2026-12-18,136,Call,18.00,-27.57%,0.76,0.98,1.05,9015,2856,3.16,67.41%,59.24%,0.325262,2026-08-04
SPCX,125.33,2026-08-07,3,Put,116.00,-7.44%,6,6.1,6.15,4059,1288,3.15,111.65%,231.34%,-0.317395,2026-08-04
AMD,518.58,2026-08-07,3,Call,690.00,-33.06%,0.85,0.9,1.03,574,182,3.15,81.75%,164.15%,0.032695,2026-08-04
CIFR,20.38,2026-08-21,17,Call,22.50,-10.40%,1.25,1.08,1.45,1008,320,3.15,120.44%,121.83%,0.40573,2026-08-04
NVDA,211.94,2026-08-12,8,Put,205.00,-3.27%,2,1.99,2.1,640,204,3.14,41.33%,38.81%,-0.267976,2026-08-04
MU,892.67,2026-08-05,1,Put,815.00,-8.70%,3.6,3.8,3.85,764,243,3.14,91.09%,146.14%,-0.109428,2026-08-04
ALAB,361.67,2026-08-07,3,Call,350.00,+3.23%,31.05,34.4,34.4,2003,638,3.14,123.02%,205.65%,0.606715,2026-08-04
SHOP,123.3,2026-08-07,3,Call,125.00,-1.38%,6.9,7.4,7.5,2695,857,3.14,74.98%,178.48%,0.499245,2026-08-04
META,587.94,2026-08-07,3,Call,620.00,-5.45%,1.5,1.53,1.6,3644,1159,3.14,38.34%,49.11%,0.12214,2026-08-04
SPCX,125.33,2026-08-07,3,Call,119.00,+5.05%,13.85,13.52,14.3,3667,1173,3.13,111.65%,240.23%,0.63618,2026-08-04
QCOM,162.67,2026-08-28,24,Call,165.00,-1.43%,8.35,9,9.85,661,211,3.13,58.90%,60.75%,0.496257,2026-08-04
META,587.94,2026-08-14,10,Call,580.00,+1.35%,19.35,21.57,21.05,698,223,3.13,38.34%,40.51%,0.598546,2026-08-04
JPM,357.52,2027-01-15,164,Put,360.00,+0.69%,21.7,22.7,23.6,723,231,3.13,21.58%,24.10%,-0.46659,2026-08-04
HOOD,93.51,2026-08-21,17,Call,96.00,-2.66%,4.3,4.45,5.05,845,270,3.13,68.74%,70.79%,0.466296,2026-08-04
IBRX,6.95,2026-08-07,3,Call,7.00,-0.72%,0.2,0.25,0.8,881,282,3.12,101.04%,207.91%,0.52304,2026-08-04
TSLA,327.35,2026-08-07,3,Put,340.00,+3.86%,14.4,14.78,15,2045,656,3.12,45.35%,54.69%,-0.769463,2026-08-04
NVDA,211.94,2026-08-17,13,Call,215.00,-1.44%,4.5,4.75,4.8,2125,682,3.12,41.33%,37.08%,0.438798,2026-08-04
AMZN,277.42,2026-08-05,1,Call,290.00,-4.53%,0.12,0.13,0.16,17725,5673,3.12,33.62%,50.08%,0.046961,2026-08-04
JPM,357.52,2026-08-07,3,Put,345.00,-3.50%,0.26,0.27,0.31,2294,737,3.11,21.58%,27.24%,-0.071893,2026-08-04
AMZN,277.42,2026-08-05,1,Put,282.50,+1.83%,5.75,5.73,6.1,4164,1338,3.11,33.62%,45.65%,-0.771992,2026-08-04
INTC,100.86,2026-08-05,1,Call,105.00,-4.10%,1.11,1.13,1.15,26438,8494,3.11,87.22%,126.09%,0.282546,2026-08-04
META,587.94,2026-08-05,1,Call,577.50,+1.78%,11.65,15.76,13.4,830,267,3.11,38.34%,48.00%,0.767081,2026-08-04
AAPL,309.38,2026-08-10,6,Call,295.00,+4.65%,13.6,15.65,15.9,1657,533,3.11,26.85%,23.48%,0.946715,2026-08-04
IONQ,41.72,2026-08-14,10,Put,35.00,-16.11%,0.62,0.69,0.76,1435,463,3.1,103.12%,114.87%,-0.153005,2026-08-04
CRWV,91.9,2026-08-07,3,Put,84.00,-8.60%,1.48,1.48,1.59,1839,594,3.1,114.03%,138.84%,-0.217916,2026-08-04
NVDA,211.94,2026-08-10,6,Call,210.00,+0.92%,4.9,5.1,5.25,9977,3215,3.1,41.33%,36.78%,0.590771,2026-08-04
NOK,9.92,2026-11-20,108,Call,17.00,-71.37%,0.32,0.34,0.35,2516,813,3.09,72.06%,82.86%,0.169654,2026-08-04
META,587.94,2026-08-05,1,Call,620.00,-5.45%,0.22,0.25,0.28,5288,1713,3.09,38.34%,56.10%,0.036694,2026-08-04
V,369.59,2026-09-18,45,Put,365.00,-1.24%,8.4,8.86,9.25,1129,367,3.08,22.28%,22.36%,-0.40682,2026-08-04
MU,892.67,2026-08-07,3,Call,885.00,+0.86%,42.05,41.4,44.3,2877,933,3.08,91.09%,121.66%,0.554107,2026-08-04
RKT,14.11,2026-11-20,108,Call,18.00,-27.57%,0.72,0.73,0.82,7222,2346,3.08,67.41%,61.90%,0.301154,2026-08-04
DDOG,288.15,2026-08-21,17,Call,360.00,-24.93%,4.85,5.1,5.45,509,166,3.07,84.95%,97.77%,0.173181,2026-08-04
AA,46.83,2026-08-07,3,Call,49.00,-4.63%,0.28,0.3,0.37,601,196,3.07,53.26%,62.20%,0.220296,2026-08-04
MSFT,492.81,2026-08-14,10,Call,505.00,-2.47%,5.55,5.65,6.1,869,283,3.07,30.75%,32.51%,0.339916,2026-08-04
CRWD,211.22,2026-10-16,73,Call,260.00,-23.09%,8.8,10,10.25,646,211,3.06,63.84%,64.10%,0.289215,2026-08-04
JD,32.97,2026-08-14,10,Put,31.00,-5.98%,0.28,0.34,0.34,667,218,3.06,38.52%,46.56%,-0.208008,2026-08-04
HOOD,93.51,2026-08-07,3,Put,89.00,-4.82%,0.89,0.98,1.08,952,311,3.06,68.74%,80.63%,-0.236839,2026-08-04
AAL,16.56,2026-08-07,3,Put,16.50,-0.36%,0.29,0.32,0.35,1195,390,3.06,50.70%,58.55%,-0.461475,2026-08-04
FLEX,126.71,2026-08-21,17,Call,150.00,-18.38%,2.2,2.5,2.7,4604,1504,3.06,87.12%,84.58%,0.204991,2026-08-04
FLEX,126.71,2026-08-21,17,Put,115.00,-9.24%,3.6,3.97,4.4,5215,1712,3.05,87.12%,83.65%,-0.26252,2026-08-04
MNKD,3.96,2026-09-11,38,Call,1.00,+74.75%,2.7,3.09,3.7,1016,333,3.05,92.73%,459.53%,0.952764,2026-08-04
RKLB,74.48,2026-08-07,3,Call,84.00,-12.78%,0.6,0.65,0.67,678,223,3.04,104.28%,123.07%,0.15394,2026-08-04
SKHY,154.38,2026-08-07,3,Call,162.50,-5.26%,5,5.3,5.3,700,230,3.04,114.80%,150.06%,0.379559,2026-08-04
TSLA,327.35,2026-08-21,17,Call,327.50,-0.05%,13.2,13.3,13.55,1026,338,3.04,45.35%,46.79%,0.524995,2026-08-04
HL,15.39,2026-08-07,3,Put,15.00,-2.53%,0.41,0.45,0.46,1378,453,3.04,73.73%,111.41%,-0.379378,2026-08-04
RDDT,159.97,2026-08-21,17,Put,150.00,-6.23%,4.5,4.85,5,2686,884,3.04,67.21%,67.12%,-0.299194,2026-08-04
AMD,518.58,2026-08-05,1,Put,400.00,-22.87%,0.11,0.13,0.15,3305,1086,3.04,81.75%,205.94%,-0.006892,2026-08-04
AAPL,309.38,2026-08-07,3,Call,315.00,-1.82%,1.51,1.61,1.64,20151,6638,3.04,26.85%,32.80%,0.280445,2026-08-04
AMZN,277.42,2026-08-10,6,Call,285.00,-2.73%,1.92,2.15,2.41,2003,660,3.03,33.62%,34.95%,0.285713,2026-08-04
SPCX,125.33,2026-08-07,3,Call,127.00,-1.33%,10.1,10.1,10.45,2596,857,3.03,111.65%,243.18%,0.520549,2026-08-04
SHOP,123.3,2026-08-07,3,Call,150.00,-21.65%,1.08,1.21,1.31,4718,1558,3.03,74.98%,177.93%,0.128667,2026-08-04
LLY,1115.68,2026-08-07,3,Put,"1,125.00",+0.84%,41,50.36,49.95,643,212,3.03,45.24%,100.69%,-0.517263,2026-08-04
WULF,18.88,2026-08-07,3,Put,18.50,-2.01%,0.8,0.89,0.92,676,223,3.03,108.23%,152.36%,-0.417342,2026-08-04
PLTR,162.66,2026-08-28,24,Call,190.00,-16.81%,1.87,1.92,2.01,1012,335,3.02,53.97%,56.89%,0.164558,2026-08-04
PLTR,162.66,2026-08-07,3,Put,134.00,-17.62%,0.06,0.1,0.09,1023,339,3.02,53.97%,99.57%,-0.014076,2026-08-04
AMD,518.58,2026-08-07,3,Put,470.00,-9.37%,5.95,6.3,7,2612,866,3.02,81.75%,129.46%,-0.184288,2026-08-04
SPCX,125.33,2026-08-07,3,Put,107.00,-14.63%,2.85,2.97,3.05,3980,1317,3.02,111.65%,225.01%,-0.18983,2026-08-04
AAPL,309.38,2026-08-07,3,Put,305.00,-1.42%,1.69,1.78,1.8,10922,3633,3.01,26.85%,31.82%,-0.302611,2026-08-04
NFLX,73.57,2026-08-07,3,Call,74.00,-0.58%,1.01,1.02,1.03,21469,7144,3.01,37.21%,45.47%,0.454796,2026-08-04
XPEV,12.05,2026-08-21,17,Put,11.50,-4.56%,0.26,0.35,0.38,598,199,3.01,62.79%,55.17%,-0.321317,2026-08-04
GE,377.28,2026-11-20,108,Call,400.00,-6.02%,20.45,20.47,22.2,672,223,3.01,33.16%,35.59%,0.43812,2026-08-04
INTC,100.86,2026-08-10,6,Call,100.00,+0.85%,4.85,5.1,5.3,1530,508,3.01,87.22%,89.73%,0.554221,2026-08-04
BA,237.16,2028-01-21,535,Put,240.00,+1.20%,31,36.55,39,720,240,3,33.91%,31.42%,-0.418359,2026-08-04
AMZN,277.42,2026-08-14,10,Put,277.50,+0.03%,6.3,6.44,6.75,512,171,2.99,33.62%,36.07%,-0.484837,2026-08-04
AMZN,277.42,2027-02-19,199,Call,280.00,-0.93%,31.2,31.84,32.3,631,211,2.99,33.62%,37.05%,0.572394,2026-08-04
LRCX,317.74,2026-08-14,10,Put,310.00,-2.44%,14.95,15.6,17.3,649,217,2.99,86.99%,96.00%,-0.405374,2026-08-04
UMAC,26.67,2026-08-07,3,Put,20.00,-25.01%,0.15,0.22,0.3,733,245,2.99,147.79%,242.44%,-0.077711,2026-08-04
SPCX,125.33,2026-08-07,3,Call,144.00,-14.90%,4.65,4.77,5,1754,586,2.99,111.65%,245.04%,0.304055,2026-08-04
CBRE,151.05,2026-09-18,45,Call,155.00,-2.62%,5.2,6.3,6.6,710,238,2.98,36.52%,34.67%,0.454752,2026-08-04
SPCX,125.33,2026-08-14,10,Call,124.00,+1.06%,13.2,13.7,15,1001,336,2.98,111.65%,162.88%,0.570664,2026-08-04
ON,80.78,2026-08-07,3,Put,72.00,-10.87%,0.28,0.3,0.4,1069,359,2.98,76.18%,100.52%,-0.094881,2026-08-04
GLXY,22.14,2026-08-07,3,Put,18.00,-18.70%,0.12,0.14,0.14,1393,467,2.98,103.28%,171.04%,-0.078622,2026-08-04
TNDM,20.2,2026-08-21,17,Call,25.00,-23.76%,0.25,0.63,0.9,2001,671,2.98,98.12%,112.54%,0.226776,2026-08-04
V,369.59,2026-09-18,45,Call,365.00,+1.24%,14.05,14.63,14.95,2863,960,2.98,22.28%,22.01%,0.597414,2026-08-04
NVDA,211.94,2026-10-16,73,Call,290.00,-36.83%,1.01,1.1,1.15,5483,1840,2.98,41.33%,42.77%,0.065463,2026-08-04
NOW,118.14,2026-08-07,3,Call,118.00,+0.12%,3.2,3.4,3.4,2245,757,2.97,62.53%,75.24%,0.522275,2026-08-04
NVDA,211.94,2026-08-14,10,Put,210.00,-0.92%,4.4,4.31,4.55,4530,1523,2.97,41.33%,39.23%,-0.426585,2026-08-04
NFLX,73.57,2026-11-20,108,Call,80.00,-8.74%,4.5,4.55,4.55,14347,4823,2.97,37.21%,42.01%,0.419708,2026-08-04
SMCI,31.69,2026-08-14,10,Call,31.50,+0.60%,2.81,2.85,2.98,671,227,2.96,104.94%,133.74%,0.556594,2026-08-04
SPCX,125.33,2026-08-07,3,Put,104.00,-17.02%,2.12,2.25,2.3,1404,474,2.96,111.65%,223.00%,-0.152608,2026-08-04
DJT,10.34,2026-11-20,108,Call,15.00,-45.07%,0.76,0.98,1.33,1930,652,2.96,89.70%,102.00%,0.354681,2026-08-04
MU,892.67,2026-08-05,1,Call,"1,050.00",-17.62%,0.3,0.38,0.36,3456,1166,2.96,91.09%,139.79%,0.014616,2026-08-04
MSFT,492.81,2026-08-07,3,Call,510.00,-3.49%,1.48,1.55,1.61,4412,1490,2.96,30.75%,38.66%,0.170026,2026-08-04
AMZN,277.42,2026-08-07,3,Call,277.50,-0.03%,3.95,4.25,4.35,8110,2756,2.94,33.62%,41.35%,0.507584,2026-08-04
PLTR,162.66,2026-08-28,24,Call,180.00,-10.66%,3.5,3.55,3.65,2241,765,2.93,53.97%,56.05%,0.268808,2026-08-04
NVDA,211.94,2026-08-07,3,Call,212.50,-0.26%,3,3.04,3.1,37807,12915,2.93,41.33%,42.96%,0.483379,2026-08-04
B,38.21,2026-08-07,3,Put,38.00,-0.55%,0.23,0.52,0.8,511,175,2.92,45.71%,44.75%,-0.436697,2026-08-04
CMG,33.82,2026-08-28,24,Call,35.00,-3.49%,0.93,1,1.25,630,216,2.92,43.36%,44.91%,0.413122,2026-08-04
JPM,357.52,2026-10-16,73,Put,355.00,-0.70%,12.85,13.15,13.85,826,283,2.92,21.58%,23.96%,-0.439922,2026-08-04
AMD,518.58,2026-10-16,73,Put,540.00,+4.13%,76.95,75.01,80.05,1025,351,2.92,81.75%,73.76%,-0.477105,2026-08-04
AMZN,277.42,2026-08-05,1,Call,267.50,+3.58%,8.95,10.25,11.25,1911,654,2.92,33.62%,44.15%,0.944265,2026-08-04
ORCL,145.74,2027-03-19,227,Call,100.00,+31.38%,55.35,57.55,58.2,2099,720,2.92,73.19%,72.92%,0.82763,2026-08-04
SPCX,125.33,2026-08-14,10,Call,125.00,+0.26%,12.7,13.07,13.3,3706,1272,2.91,111.65%,155.03%,0.556639,2026-08-04
SPCX,125.33,2026-08-07,3,Put,128.00,+2.13%,11.85,12.05,12.15,521,179,2.91,111.65%,232.51%,-0.497408,2026-08-04
HPQ,28.82,2026-12-18,136,Put,21.00,-27.13%,0.53,0.73,0.81,1454,500,2.91,56.75%,52.74%,-0.125105,2026-08-04
SNOW,316.77,2026-08-07,3,Call,345.00,-8.91%,1.18,1.2,1.38,579,200,2.9,70.38%,77.60%,0.120183,2026-08-04
INTC,100.86,2026-08-14,10,Call,102.00,-1.13%,5.65,5.95,5.95,751,259,2.9,87.22%,94.40%,0.504589,2026-08-04
CRML,6.78,2026-08-07,3,Call,7.00,-3.24%,0.2,0.2,0.3,849,293,2.9,115.81%,139.84%,0.426155,2026-08-04
UUUU,12.86,2026-08-07,3,Put,12.00,-6.69%,0.2,0.22,0.25,1022,352,2.9,89.88%,123.07%,-0.248695,2026-08-04
NVO,44.28,2026-11-20,108,Put,40.00,-9.67%,1.83,1.88,2,1321,456,2.9,41.80%,38.73%,-0.289639,2026-08-04
FCX,67.3,2026-09-18,45,Put,70.00,+4.01%,6.3,6.49,6.7,4510,1553,2.9,54.16%,53.86%,-0.539797,2026-08-04
CVNA,68.03,2026-08-07,3,Put,61.00,-10.33%,0.11,0.14,0.16,1928,666,2.89,62.56%,80.07%,-0.061441,2026-08-04
UEC,10.5,2028-01-21,535,Put,15.00,+42.86%,6.55,6.62,7.5,2097,726,2.89,78.29%,84.95%,-0.432973,2026-08-04
SBUX,104.97,2026-08-14,10,Put,105.00,+0.03%,2.35,2.43,2.57,500,173,2.89,29.42%,35.54%,-0.48803,2026-08-04
NVDA,211.94,2026-08-14,10,Put,202.50,-4.45%,1.94,1.99,2.03,1506,522,2.89,41.33%,40.25%,-0.233064,2026-08-04
NU,14.33,2026-08-28,24,Put,14.00,-2.30%,0.48,0.45,0.6,604,210,2.88,47.67%,48.75%,-0.395769,2026-08-04
ARM,280.56,2026-08-07,3,Call,295.00,-5.15%,7.65,8.7,8.5,614,213,2.88,93.79%,135.65%,0.36533,2026-08-04
GOOGL,377.65,2026-08-14,10,Put,375.00,-0.70%,6.65,7.1,7.4,636,221,2.88,33.90%,33.91%,-0.433722,2026-08-04
UBER,71.99,2026-08-14,10,Call,72.00,-0.01%,2.77,2.96,3,816,283,2.88,45.26%,60.09%,0.523259,2026-08-04
IREN,40.85,2026-08-28,24,Call,65.00,-59.12%,0.36,0.63,0.85,1152,400,2.88,124.25%,128.09%,0.106997,2026-08-04
INTC,100.86,2026-08-14,10,Call,101.00,-0.14%,6.1,6.25,6.4,1832,636,2.88,87.22%,94.33%,0.529694,2026-08-04
GOOGL,377.65,2026-08-07,3,Call,385.00,-1.95%,2.5,2.63,2.81,7914,2747,2.88,33.90%,40.18%,0.307327,2026-08-04
TSLA,327.35,2026-08-07,3,Call,335.00,-2.34%,3.5,3.6,3.65,11267,3916,2.88,45.35%,55.81%,0.335255,2026-08-04
SMCI,31.69,2026-08-07,3,Put,30.00,-5.33%,0.5,0.55,0.55,2487,867,2.87,104.94%,106.36%,-0.267838,2026-08-04
BAC,62.9,2026-08-07,3,Put,62.00,-1.43%,0.17,0.19,0.19,7226,2516,2.87,21.56%,22.62%,-0.235822,2026-08-04
SPCX,125.33,2026-09-04,31,Call,120.00,+4.25%,17.9,18.53,19.2,519,181,2.87,111.65%,109.55%,0.620061,2026-08-04
DELL,467.27,2026-08-14,10,Call,500.00,-7.00%,15.65,17,17.25,576,201,2.87,93.38%,93.70%,0.361763,2026-08-04
MU,892.67,2026-08-05,1,Put,780.00,-12.62%,1.3,1.43,1.46,1030,359,2.87,91.09%,155.68%,-0.044786,2026-08-04
SPCX,125.33,2026-08-21,17,Call,126.00,-0.53%,13.75,14.04,14.4,1390,485,2.87,111.65%,132.76%,0.551932,2026-08-04
AAPL,309.38,2026-08-12,8,Call,310.00,-0.20%,4.4,4.8,4.95,1475,514,2.87,26.85%,26.65%,0.494855,2026-08-04
MU,892.67,2026-08-14,10,Call,885.00,+0.86%,62.65,64.5,64.65,556,195,2.85,91.09%,101.19%,0.556094,2026-08-04
HIMS,32.16,2026-08-14,10,Call,33.50,-4.17%,2.14,2.18,2.27,598,210,2.85,102.11%,129.97%,0.469066,2026-08-04
RDDT,159.97,2026-08-07,3,Call,187.50,-17.21%,0,0.12,0.14,780,274,2.85,67.21%,81.00%,0.016947,2026-08-04
EOSE,4.35,2026-09-11,38,Call,1.00,+77.01%,2.99,3.47,6,813,285,2.85,139.60%,371.02%,0.966375,2026-08-04
SMCI,31.69,2026-08-07,3,Put,31.50,-0.60%,1.05,1.1,1.16,980,344,2.85,104.94%,105.21%,-0.454888,2026-08-04
GME,19.21,2026-08-21,17,Put,17.00,-11.50%,0.11,0.12,0.2,1324,464,2.85,45.52%,52.98%,-0.133035,2026-08-04
WMT,111.55,2026-08-14,10,Call,112.00,-0.40%,1.86,1.88,1.9,1802,632,2.85,33.36%,27.90%,0.480813,2026-08-04
SPCX,125.33,2026-08-14,10,Put,70.00,-44.15%,0.1,0.13,0.13,3295,1158,2.85,111.65%,159.15%,-0.009486,2026-08-04
PLTR,162.66,2026-08-21,17,Put,160.00,-1.64%,6.45,6.45,6.6,6611,2316,2.85,53.97%,56.88%,-0.418058,2026-08-04
TSLA,327.35,2026-08-05,1,Call,352.50,-7.68%,0.24,0.26,0.26,3616,1272,2.84,45.35%,81.84%,0.044166,2026-08-04
AMD,518.58,2026-08-07,3,Call,522.50,-0.76%,23.95,25.2,27,551,194,2.84,81.75%,145.22%,0.504342,2026-08-04
STX,845.35,2026-08-07,3,Put,760.00,-10.10%,8.9,12.65,16.9,959,338,2.84,100.16%,147.42%,-0.193498,2026-08-04
AMD,518.58,2026-08-07,3,Call,502.50,+3.10%,32.7,39.72,36.5,666,235,2.83,81.75%,139.16%,0.623675,2026-08-04
DDOG,288.15,2026-08-14,10,Put,220.00,-23.65%,1.78,1.84,2.67,1117,395,2.83,84.95%,123.65%,-0.077025,2026-08-04
GME,19.21,2026-09-18,45,Put,19.00,-1.09%,1,1.14,1.2,3053,1079,2.83,45.52%,43.61%,-0.44923,2026-08-04
NLY,22.75,2026-08-21,17,Put,22.00,-3.30%,0.08,0.13,0.17,10059,3558,2.83,17.58%,18.89%,-0.227516,2026-08-04
MSTR,97.65,2026-08-14,10,Call,100.00,-2.41%,3.7,3.8,3.9,3292,1169,2.82,74.56%,74.29%,0.45072,2026-08-04
CRDO,237.92,2026-11-20,108,Put,240.00,+0.87%,54.9,56.46,57.2,518,184,2.82,120.36%,110.48%,-0.382541,2026-08-04
UCTT,84.54,2026-08-21,17,Call,95.00,-12.37%,3.4,5.12,5.2,567,201,2.82,107.29%,110.10%,0.357522,2026-08-04
CCJ,93.09,2026-08-14,10,Call,95.00,-2.05%,2.4,2.85,2.7,597,212,2.82,50.93%,54.62%,0.432135,2026-08-04
RTX,217.93,2026-08-07,3,Call,217.50,+0.20%,2.12,2.3,2.83,617,219,2.82,25.33%,28.35%,0.538604,2026-08-04
LMND,54.11,2026-08-07,3,Call,57.00,-5.34%,0.5,0.72,0.9,658,233,2.82,70.65%,88.63%,0.273,2026-08-04
BLZE,19.79,2026-08-21,17,Call,22.50,-13.69%,0.8,1,1.05,816,289,2.82,109.48%,109.31%,0.33761,2026-08-04
SBUX,104.97,2026-10-16,73,Put,85.00,-19.02%,0.33,0.45,0.68,1016,360,2.82,29.42%,33.80%,-0.068035,2026-08-04
AMZN,277.42,2026-08-10,6,Call,275.00,+0.87%,6.05,6.25,6.7,1030,365,2.82,33.62%,35.24%,0.590855,2026-08-04
MU,892.67,2026-08-05,1,Put,820.00,-8.14%,4.2,4.2,4.45,1513,536,2.82,91.09%,145.46%,-0.124133,2026-08-04
ORCL,145.74,2026-08-14,10,Put,138.00,-5.31%,3.05,3.2,3.2,587,209,2.81,73.19%,67.06%,-0.290359,2026-08-04
ASTS,70.31,2026-08-07,3,Call,77.00,-9.52%,1.1,1.24,1.28,685,244,2.81,114.11%,134.51%,0.247617,2026-08-04
TE,5.43,2026-08-07,3,Call,6.50,-19.71%,0.05,0.13,0.15,745,265,2.81,160.43%,206.64%,0.193532,2026-08-04
CRWD,211.22,2026-08-07,3,Put,202.50,-4.13%,1.76,1.84,1.91,771,274,2.81,63.84%,67.62%,-0.234913,2026-08-04
MRVL,218.59,2026-08-07,3,Call,217.50,+0.50%,10,10.55,10.75,1431,509,2.81,98.84%,124.20%,0.541121,2026-08-04
EXR,149.86,2026-09-18,45,Call,160.00,-6.77%,1,1.05,1.65,1458,518,2.81,24.98%,22.19%,0.208333,2026-08-04
HOOD,93.51,2026-08-07,3,Call,96.00,-2.66%,1.69,1.76,1.77,4556,1623,2.81,68.74%,81.44%,0.376363,2026-08-04
LUMN,6.71,2026-08-07,3,Put,6.00,-10.58%,0.16,0.17,0.17,3067,1096,2.8,92.79%,186.80%,-0.229328,2026-08-04
TSLA,327.35,2026-08-14,10,Call,332.50,-1.57%,8.2,8.3,8.5,657,235,2.8,45.35%,48.63%,0.443792,2026-08-04
AMAT,546.62,2026-09-18,45,Call,630.00,-15.25%,36.8,38.41,41.25,885,316,2.8,89.82%,88.53%,0.386408,2026-08-04
COIN,150.73,2026-08-07,3,Put,152.50,+1.17%,5.45,5.5,5.9,1000,357,2.8,71.98%,86.84%,-0.542193,2026-08-04
AMZN,277.42,2026-08-05,1,Call,230.00,+17.09%,45.9,48.34,49,1136,406,2.8,33.62%,121.13%,0.998599,2026-08-04
META,587.94,2026-08-07,3,Call,622.50,-5.88%,1.26,1.33,1.48,647,232,2.79,38.34%,49.95%,0.108809,2026-08-04
ZETA,24.26,2026-08-14,10,Call,25.00,-3.05%,1.75,1.9,1.91,813,291,2.79,96.62%,133.71%,0.491765,2026-08-04
LUNR,13.96,2026-08-07,3,Call,16.00,-14.61%,0.1,0.16,0.17,1744,626,2.79,125.47%,139.25%,0.155046,2026-08-04
NVDA,211.94,2026-08-05,1,Call,197.50,+6.81%,14.2,15.24,14.7,3112,1116,2.79,41.33%,117.50%,0.880921,2026-08-04
NVDA,211.94,2026-08-14,10,Call,215.00,-1.44%,4.1,4.1,4.25,20015,7181,2.79,41.33%,39.00%,0.42992,2026-08-04
TXG,47.86,2026-08-21,17,Call,55.00,-14.92%,1.4,1.8,2,672,242,2.78,95.23%,98.54%,0.294712,2026-08-04
AMD,518.58,2026-08-05,1,Put,427.50,-17.56%,0.39,0.45,0.59,714,257,2.78,81.75%,191.81%,-0.024146,2026-08-04
CRCL,63.25,2026-08-07,3,Put,53.00,-16.21%,0.48,0.52,0.55,822,296,2.78,96.17%,166.31%,-0.105666,2026-08-04
WMT,111.55,2026-08-07,3,Call,109.00,+2.29%,2.87,2.99,3.05,886,319,2.78,33.36%,32.15%,0.792606,2026-08-04
NN,13.89,2026-08-07,3,Call,14.50,-4.39%,0.6,1,1.4,1166,420,2.78,127.34%,249.96%,0.470076,2026-08-04
EOSE,4.35,2026-08-14,10,Call,4.50,-3.45%,0.42,0.45,0.46,1570,565,2.78,139.60%,175.08%,0.51249,2026-08-04
HUT,101.16,2026-08-07,3,Call,110.00,-8.74%,1.75,2.2,2.4,557,201,2.77,112.27%,140.78%,0.277478,2026-08-04
DIS,98.18,2026-08-07,3,Put,98.00,-0.18%,2.67,2.98,3.2,986,356,2.77,34.13%,85.35%,-0.474809,2026-08-04
AVGO,418.16,2026-08-28,24,Put,360.00,-13.91%,3.5,4.07,4.4,1361,492,2.77,56.06%,55.07%,-0.126288,2026-08-04
SPCX,125.33,2026-08-07,3,Put,121.00,-3.45%,8.1,8.35,8.4,2694,971,2.77,111.65%,231.35%,-0.39215,2026-08-04
T,23.38,2026-08-07,3,Put,23.50,+0.51%,0.44,0.47,0.49,3784,1367,2.77,29.84%,47.33%,-0.539547,2026-08-04
AMZN,277.42,2026-08-14,10,Put,275.00,-0.87%,5.05,5.18,5.3,4209,1522,2.77,33.62%,35.21%,-0.423379,2026-08-04
TSLA,327.35,2026-08-07,3,Put,315.00,-3.77%,1.89,1.95,1.95,6758,2450,2.76,45.35%,54.01%,-0.20743,2026-08-04
NB,5.19,2026-09-18,45,Call,5.00,+3.66%,0.8,0.88,0.95,722,262,2.76,110.75%,107.93%,0.617904,2026-08-04
EOSE,4.35,2026-08-28,24,Call,5.00,-14.94%,0.32,0.48,0.51,1014,368,2.76,139.60%,144.99%,0.427658,2026-08-04
TOST,33.81,2026-08-07,3,Call,36.00,-6.48%,0.93,1.01,1.18,1150,416,2.76,59.53%,155.02%,0.354102,2026-08-04
SNAP,5.79,2026-08-28,24,Call,6.00,-3.63%,0.24,0.25,0.28,2959,1078,2.74,58.11%,58.03%,0.440767,2026-08-04
SPCE,2.95,2026-08-07,3,Call,3.00,-1.69%,0.12,0.15,0.14,14447,5265,2.74,117.04%,142.61%,0.474854,2026-08-04
TSLA,327.35,2026-08-17,13,Call,350.00,-6.92%,3.7,4.05,4.05,836,305,2.74,45.35%,46.33%,0.239865,2026-08-04
ACN,170.43,2028-01-21,535,Call,190.00,-11.48%,31.5,32.25,36.3,507,186,2.73,52.33%,51.75%,0.536094,2026-08-04
ORCL,145.74,2026-08-07,3,Put,148.00,+1.55%,5.05,5.25,5.4,611,224,2.73,73.19%,75.49%,-0.574732,2026-08-04
MRK,128,2026-08-07,3,Call,130.00,-1.56%,0.9,1,1.2,614,225,2.73,30.80%,40.30%,0.343056,2026-08-04
ANET,190.51,2026-08-07,3,Put,160.00,-16.01%,0.95,1.02,1.09,1396,511,2.73,73.20%,146.56%,-0.083464,2026-08-04
AAL,16.56,2026-08-21,17,Call,18.00,-8.70%,0.22,0.24,0.24,14635,5364,2.73,50.70%,49.40%,0.234442,2026-08-04
ASTS,70.31,2026-08-07,3,Call,71.00,-0.98%,2.89,3.02,3.2,1912,702,2.72,114.11%,131.94%,0.492276,2026-08-04
CCL,29.59,2026-08-14,10,Call,30.00,-1.39%,0.66,0.74,0.84,1920,706,2.72,44.12%,47.57%,0.44812,2026-08-04
NVO,44.28,2026-11-20,108,Put,45.00,+1.63%,4.15,4,4.3,2018,742,2.72,41.80%,37.82%,-0.500375,2026-08-04
XE,18.57,2026-09-18,45,Call,20.00,-7.70%,2.2,2.3,2.5,2547,938,2.72,113.10%,111.01%,0.506484,2026-08-04
AVGO,418.16,2026-08-07,3,Call,450.00,-7.61%,1.45,1.52,1.63,2575,948,2.72,56.06%,67.97%,0.123805,2026-08-04
CCL,29.59,2027-03-19,227,Call,35.00,-18.28%,2.08,2.5,2.87,3117,1147,2.72,44.12%,45.63%,0.395383,2026-08-04
PINS,25.58,2026-08-07,3,Call,26.00,-1.64%,1.47,1.47,1.48,4121,1515,2.72,71.84%,179.60%,0.4933,2026-08-04
FCX,67.3,2026-09-18,45,Call,75.00,-11.44%,2.44,2.49,2.5,19752,7272,2.72,54.16%,54.38%,0.324641,2026-08-04
PINS,25.58,2026-08-21,17,Put,25.00,-2.27%,1.5,1.68,1.67,511,188,2.72,71.84%,86.42%,-0.411544,2026-08-04
APP,419.7,2026-08-07,3,Call,410.00,+2.31%,29.3,30.95,32.7,762,280,2.72,87.38%,172.11%,0.59088,2026-08-04
ADBE,257.49,2026-08-07,3,Put,255.00,-0.97%,4.4,5,5.4,600,221,2.71,54.58%,65.77%,-0.421922,2026-08-04
UPS,109.11,2026-08-14,10,Call,106.00,+2.85%,3.35,3.88,4.4,646,238,2.71,27.76%,27.99%,0.738378,2026-08-04
PLTR,162.66,2026-10-16,73,Call,240.00,-47.55%,1.43,1.53,1.52,1002,370,2.71,53.97%,57.02%,0.085507,2026-08-04
NVO,44.28,2026-08-07,3,Call,47.50,-7.27%,0.09,0.1,0.11,814,302,2.7,41.80%,57.91%,0.093954,2026-08-04
APTV,47.72,2026-08-21,17,Put,42.50,-10.94%,0.4,0.4,0.5,1083,401,2.7,49.95%,54.60%,-0.147098,2026-08-04
CIFR,20.38,2026-08-07,3,Put,18.50,-9.22%,0.3,0.34,0.38,1143,423,2.7,120.44%,144.79%,-0.210387,2026-08-04
AMZN,277.42,2026-08-05,1,Put,280.00,+0.93%,4,4.15,4.2,8087,2990,2.7,33.62%,45.13%,-0.64694,2026-08-04
SOFI,18.7,2026-12-18,136,Call,42.00,-124.60%,0.1,0.12,0.13,5069,1882,2.69,51.74%,67.43%,0.042265,2026-08-04
PLTR,162.66,2026-08-14,10,Put,124.00,-23.77%,0.11,0.14,0.16,564,210,2.69,53.97%,79.83%,-0.016717,2026-08-04
ON,80.78,2026-08-07,3,Call,83.00,-2.75%,1.71,1.78,2,617,229,2.69,76.18%,95.19%,0.394496,2026-08-04
UBER,71.99,2026-10-16,73,Call,77.50,-7.65%,3.1,2.99,3.6,863,321,2.69,45.26%,41.23%,0.394514,2026-08-04
MRVL,218.59,2026-08-07,3,Call,222.50,-1.79%,7.75,8.08,8.3,1317,490,2.69,98.84%,123.31%,0.460111,2026-08-04
GLW,159.89,2026-08-07,3,Put,150.00,-6.19%,1.95,2,2.2,853,318,2.68,82.02%,102.13%,-0.23015,2026-08-04
MU,892.67,2026-08-05,1,Put,770.00,-13.74%,0.98,1.08,1.1,1520,568,2.68,91.09%,158.92%,-0.0344,2026-08-04
STM,54.22,2028-01-21,535,Call,110.00,-102.88%,6.1,6.6,7.2,5260,1966,2.68,71.99%,66.26%,0.335598,2026-08-04
TSLA,327.35,2026-08-07,3,Call,322.50,+1.48%,9.05,9.15,9.35,7325,2738,2.68,45.35%,54.70%,0.630002,2026-08-04
MU,892.67,2026-08-14,10,Call,900.00,-0.82%,55.95,56,57.5,2127,796,2.67,91.09%,101.37%,0.516328,2026-08-04
MU,892.67,2026-12-18,136,Put,47.50,-94.68%,0.01,0.2,0.87,2291,857,2.67,91.09%,194.19%,-0.001041,2026-08-04
SPCX,125.33,2026-08-07,3,Call,118.00,+5.85%,14.3,14.5,15.2,3914,1464,2.67,111.65%,242.98%,0.649925,2026-08-04
AAPL,309.38,2026-08-07,3,Put,297.50,-3.84%,0.38,0.42,0.46,7660,2864,2.67,26.85%,33.46%,-0.094411,2026-08-04
RKT,14.11,2026-08-14,10,Call,14.50,-2.76%,0.55,0.6,0.6,590,221,2.67,67.41%,79.27%,0.446448,2026-08-04
MU,892.67,2026-08-05,1,Put,775.00,-13.18%,1.15,1.15,1.26,789,296,2.67,91.09%,157.46%,-0.039425,2026-08-04
UBER,71.99,2026-08-21,17,Put,71.00,-1.38%,2.5,2.6,2.77,817,306,2.67,45.26%,51.28%,-0.423577,2026-08-04
LITE,849.47,2026-08-07,3,Call,900.00,-5.95%,21.7,23.37,25.3,1225,458,2.67,112.22%,139.72%,0.348069,2026-08-04
ARM,280.56,2026-08-07,3,Put,250.00,-10.89%,2.6,2.76,2.84,588,221,2.66,93.79%,130.45%,-0.14994,2026-08-04
NKE,41.53,2026-08-07,3,Call,41.50,+0.07%,0.64,0.69,0.71,1534,576,2.66,37.80%,43.99%,0.514886,2026-08-04
NVDA,211.94,2026-08-10,6,Call,225.00,-6.16%,0.52,0.54,0.56,2317,872,2.66,41.33%,37.30%,0.11207,2026-08-04
TSLA,327.35,2026-08-05,1,Put,302.50,-7.59%,0.09,0.1,0.1,2262,854,2.65,45.35%,74.26%,-0.020047,2026-08-04
GOOGL,377.65,2026-08-10,6,Call,375.00,+0.70%,7.2,9.17,8.75,877,331,2.65,33.90%,33.50%,0.578641,2026-08-04
MSFT,492.81,2027-01-15,164,Put,465.00,-5.64%,25.5,25.85,27.75,573,217,2.64,30.75%,32.49%,-0.334754,2026-08-04
SOUN,6.51,2026-08-28,24,Put,6.00,-7.83%,0.45,0.45,0.49,576,218,2.64,102.34%,110.03%,-0.330947,2026-08-04
AVGO,418.16,2026-08-05,1,Call,407.50,+2.55%,12.8,13.2,13.7,1027,389,2.64,56.06%,76.16%,0.74853,2026-08-04
GOOGL,377.65,2026-08-07,3,Call,380.00,-0.62%,4.05,4.45,4.45,14763,5601,2.64,33.90%,38.67%,0.439783,2026-08-04
MSFT,492.81,2026-08-07,3,Call,530.00,-7.55%,0.14,0.17,0.28,4079,1552,2.63,30.75%,41.91%,0.029405,2026-08-04
UMAC,26.67,2026-09-18,45,Put,20.00,-25.01%,1.7,1.75,1.85,542,206,2.63,147.79%,135.25%,-0.197145,2026-08-04
AVGO,418.16,2026-08-07,3,Call,465.00,-11.20%,0.46,0.55,0.57,782,297,2.63,56.06%,69.06%,0.048397,2026-08-04
AMZN,277.42,2026-08-28,24,Call,335.00,-20.76%,0.01,0.2,0.25,516,197,2.62,33.62%,33.15%,0.015859,2026-08-04
VSAT,86.16,2026-09-18,45,Put,70.00,-18.76%,4.1,5.09,5.4,524,200,2.62,109.91%,102.49%,-0.221205,2026-08-04
SPCX,125.33,2026-08-14,10,Call,121.00,+3.45%,14.55,15,15.3,558,213,2.62,111.65%,155.14%,0.606115,2026-08-04
PLTR,162.66,2026-10-16,73,Put,160.00,-1.64%,12.95,13,13.25,742,283,2.62,53.97%,51.94%,-0.416371,2026-08-04
MU,892.67,2026-08-14,10,Call,950.00,-6.42%,36.4,37.5,37.15,1597,609,2.62,91.09%,100.24%,0.387293,2026-08-04
NVDA,211.94,2026-08-05,1,Call,195.00,+7.99%,15,17.2,18.6,4338,1657,2.62,41.33%,99.32%,0.948446,2026-08-04
IBM,235.15,2026-08-07,3,Call,235.00,+0.06%,4,4.2,4.2,5819,2218,2.62,41.57%,47.26%,0.514974,2026-08-04
SPCX,125.33,2026-08-07,3,Call,131.00,-4.52%,8.45,8.53,8.7,1923,736,2.61,111.65%,241.43%,0.463593,2026-08-04
RGTI,17.45,2026-08-07,3,Call,22.00,-26.07%,0.11,0.13,0.13,3663,1405,2.61,104.42%,182.89%,0.094626,2026-08-04
IBM,235.15,2026-08-07,3,Call,240.00,-2.06%,2.11,2.2,2.26,6602,2527,2.61,41.57%,48.47%,0.329446,2026-08-04
SPCX,125.33,2026-08-07,3,Put,85.00,-32.18%,0.16,0.17,0.18,13294,5088,2.61,111.65%,214.34%,-0.01801,2026-08-04
TSLA,327.35,2026-08-07,3,Call,320.00,+2.25%,10.65,10.84,10.95,15831,6074,2.61,45.35%,54.69%,0.687544,2026-08-04
TSLA,327.35,2027-02-19,199,Call,400.00,-22.19%,26.1,26.32,26.4,520,199,2.61,45.35%,49.66%,0.38053,2026-08-04
AEO,18.08,2026-08-21,17,Call,17.50,+3.21%,1.05,1.1,1.28,1011,387,2.61,63.42%,54.92%,0.631505,2026-08-04
TSLA,327.35,2026-08-14,10,Put,322.50,-1.48%,7.7,7.15,7.8,525,202,2.6,45.35%,47.16%,-0.404844,2026-08-04
SMR,9.49,2026-08-21,17,Call,11.50,-21.18%,0.33,0.37,0.44,864,332,2.6,108.07%,123.37%,0.280226,2026-08-04
AMZN,277.42,2027-02-19,199,Call,370.00,-33.37%,7.2,7.36,7.6,969,372,2.6,33.62%,36.78%,0.19915,2026-08-04
TOST,33.81,2026-08-21,17,Call,40.00,-18.31%,0.19,0.41,0.5,1007,388,2.6,59.53%,67.99%,0.144344,2026-08-04
BABA,128.99,2026-08-07,3,Call,140.00,-8.54%,0.15,0.15,0.17,9686,3723,2.6,48.39%,56.45%,0.057725,2026-08-04
NVDA,211.94,2026-08-07,3,Put,210.00,-0.92%,2.38,2.41,2.45,20598,7909,2.6,41.33%,43.45%,-0.397913,2026-08-04
HTZ,1.51,2026-08-21,17,Put,1.5000,-0.66%,0.17,0.18,0.22,4007,1546,2.59,150.03%,156.02%,-0.423857,2026-08-04
PLTR,162.66,2026-08-14,10,Call,200.00,-22.96%,0.25,0.28,0.29,5756,2225,2.59,53.97%,67.99%,0.038259,2026-08-04
VST,143.23,2026-08-07,3,Call,145.00,-1.24%,4.6,4.8,5.1,541,209,2.59,59.77%,108.95%,0.471078,2026-08-04
COHR,323.73,2026-08-07,3,Put,255.00,-21.23%,0.35,0.7,0.95,586,226,2.59,113.04%,151.32%,-0.035131,2026-08-04
RDDT,159.97,2026-08-07,3,Put,150.00,-6.23%,1,1.05,1.13,1460,564,2.59,67.21%,77.81%,-0.170707,2026-08-04
CLMT,41.56,2026-09-18,45,Call,50.00,-20.31%,1.1,1.43,1.65,550,213,2.58,70.17%,69.05%,0.255031,2026-08-04
HNGE,79.42,2026-09-18,45,Call,90.00,-13.32%,3.7,3.9,4.7,673,261,2.58,72.60%,70.50%,0.358298,2026-08-04
AMD,518.58,2026-08-07,3,Put,515.00,-0.69%,21.8,23.21,23.95,781,303,2.58,81.75%,132.19%,-0.452326,2026-08-04
AAPL,309.38,2026-08-10,6,Call,325.00,-5.05%,0.25,0.5,0.5,817,317,2.58,26.85%,26.65%,0.079419,2026-08-04
SPCX,125.33,2026-08-14,10,Call,128.00,-2.13%,11.55,11.55,11.9,843,327,2.58,111.65%,155.43%,0.520153,2026-08-04
NFLX,73.57,2026-08-07,3,Put,72.00,-2.13%,0.53,0.55,0.55,5813,2256,2.58,37.21%,44.32%,-0.286557,2026-08-04
TTD,19.34,2028-12-15,864,Call,20.00,-3.41%,8.3,8,8.75,810,315,2.57,86.78%,72.25%,0.730811,2026-08-04
MSFT,492.81,2026-08-28,24,Call,495.00,-0.44%,13.75,14.5,15.15,914,356,2.57,30.75%,29.87%,0.501849,2026-08-04
CMG,33.82,2026-08-07,3,Put,36.00,+6.45%,2,2.13,2.4,1441,560,2.57,43.36%,41.47%,-0.951704,2026-08-04
BABA,128.99,2026-08-07,3,Call,131.00,-1.56%,1.41,1.52,1.6,1741,677,2.57,48.39%,50.51%,0.376676,2026-08-04
RKLB,74.48,2026-08-07,3,Put,71.00,-4.67%,1.49,1.55,1.63,518,202,2.56,104.28%,113.72%,-0.302138,2026-08-04
UNH,407.55,2026-08-14,10,Call,460.00,-12.87%,0.01,0.16,0.16,630,246,2.56,28.93%,31.79%,0.011681,2026-08-04
AMD,518.58,2026-08-21,17,Call,525.00,-1.24%,35.8,38,40.6,759,297,2.56,81.75%,91.29%,0.517795,2026-08-04
SKHY,154.38,2026-08-14,10,Call,180.00,-16.60%,4.8,5,5.3,882,344,2.56,114.80%,130.25%,0.274294,2026-08-04
GME,19.21,2026-08-14,10,Put,18.00,-6.30%,0.14,0.15,0.21,1540,601,2.56,45.52%,47.93%,-0.198332,2026-08-04
SMCI,31.69,2026-08-07,3,Call,37.00,-16.76%,0.13,0.13,0.15,1596,624,2.56,104.94%,122.13%,0.089942,2026-08-04
AMD,518.58,2026-08-05,1,Put,430.00,-17.08%,0.47,0.5,0.57,2834,1110,2.55,81.75%,188.75%,-0.025819,2026-08-04
DASH,202.37,2026-08-07,3,Call,215.00,-6.24%,4.5,5,6.75,564,221,2.55,62.74%,142.74%,0.344251,2026-08-04
CRWD,211.22,2026-08-14,10,Put,180.00,-14.78%,0.54,0.6,0.61,673,264,2.55,63.84%,63.89%,-0.057734,2026-08-04
SPCX,125.33,2026-08-14,10,Call,100.00,+20.21%,26,27.71,30.4,932,366,2.55,111.65%,151.26%,0.848745,2026-08-04
MRVL,218.59,2026-08-14,10,Call,230.00,-5.22%,10,10.1,10.75,1139,447,2.55,98.84%,103.67%,0.41871,2026-08-04
TTD,19.34,2026-08-28,24,Put,16.00,-17.27%,0.26,0.5,0.5,540,213,2.54,86.78%,83.54%,-0.158125,2026-08-04
META,587.94,2026-08-07,3,Call,585.00,+0.50%,11,11.3,11.6,880,346,2.54,38.34%,45.61%,0.558982,2026-08-04
MSTR,97.65,2026-08-07,3,Call,91.00,+6.81%,7.2,7.3,7.65,1103,435,2.54,74.56%,86.95%,0.825889,2026-08-04
GME,19.21,2026-09-18,45,Put,17.00,-11.50%,0.38,0.44,0.54,1107,435,2.54,45.52%,49.33%,-0.220193,2026-08-04
TSLA,327.35,2026-08-10,6,Put,320.00,-2.25%,4.15,4.2,4.3,1550,610,2.54,45.35%,44.63%,-0.331962,2026-08-04
IBM,235.15,2026-10-16,73,Call,280.00,-19.07%,4.7,4.7,4.95,2039,804,2.54,41.57%,42.68%,0.207774,2026-08-04
RDW,10.63,2026-08-07,3,Call,12.00,-12.89%,0.3,0.33,0.35,2456,967,2.54,117.66%,205.02%,0.288501,2026-08-04
TSLA,327.35,2026-08-05,1,Call,310.00,+5.30%,17.45,18.18,17.9,4826,1907,2.53,45.35%,67.30%,0.941363,2026-08-04
MSFT,492.81,2026-08-07,3,Call,500.00,-1.46%,3.7,3.75,3.95,15144,5980,2.53,30.75%,37.79%,0.344991,2026-08-04
AAPL,309.38,2026-08-07,3,Call,310.00,-0.20%,3.3,3.4,3.45,45868,18111,2.53,26.85%,32.48%,0.48239,2026-08-04
RKLB,74.48,2026-08-14,10,Call,77.00,-3.38%,4.8,5.75,5.35,552,218,2.53,104.28%,124.68%,0.478758,2026-08-04
MRVL,218.59,2026-08-07,3,Call,255.00,-16.66%,1.2,1.27,1.27,580,229,2.53,98.84%,129.51%,0.105459,2026-08-04
CVX,190.4,2026-08-07,3,Call,192.50,-1.10%,1.25,1.31,1.45,639,253,2.53,27.77%,32.44%,0.359925,2026-08-04
SPCX,125.33,2026-08-07,3,Call,149.00,-18.89%,3.7,3.75,3.9,1154,456,2.53,111.65%,245.52%,0.253126,2026-08-04
UEC,10.5,2026-08-07,3,Call,11.00,-4.76%,0.15,0.18,0.21,1627,644,2.53,78.29%,97.16%,0.31534,2026-08-04
MU,892.67,2026-08-14,10,Put,530.00,-40.63%,0.32,0.4,0.49,526,209,2.52,91.09%,131.43%,-0.006052,2026-08-04
CSCO,121.74,2026-08-07,3,Put,119.00,-2.25%,0.77,1,0.98,534,212,2.52,52.02%,44.86%,-0.279537,2026-08-04
FLUT,104.96,2026-08-21,17,Call,125.00,-19.09%,1.2,1.4,2.05,705,280,2.52,66.17%,79.83%,0.179197,2026-08-04
SNAP,5.79,2026-08-21,17,Put,6.00,+3.63%,0.4,0.42,0.44,740,294,2.52,58.11%,60.96%,-0.577687,2026-08-04
GFS,52.02,2026-08-21,17,Put,40.00,-23.11%,0.5,0.52,0.6,1178,467,2.52,91.63%,101.37%,-0.094099,2026-08-04
AMD,518.58,2026-08-21,17,Call,690.00,-33.06%,4.4,4.55,5.15,1340,532,2.52,81.75%,95.73%,0.101875,2026-08-04
BA,237.16,2026-08-07,3,Put,225.00,-5.13%,0.36,0.37,0.43,1871,741,2.52,33.91%,43.80%,-0.089144,2026-08-04
SMCI,31.69,2026-08-07,3,Call,34.00,-7.29%,0.49,0.53,0.52,2828,1121,2.52,104.94%,114.25%,0.266076,2026-08-04
TOST,33.81,2026-08-07,3,Call,35.00,-3.52%,1.3,1.39,1.43,11211,4441,2.52,59.53%,152.59%,0.429059,2026-08-04
LKQ,24.49,2026-11-20,108,Call,27.50,-12.29%,0.95,1.05,2.25,4000,1592,2.51,37.91%,51.61%,0.384985,2026-08-04
IBM,235.15,2026-08-14,10,Call,240.00,-2.06%,3.45,4.1,4.2,4363,1739,2.51,41.57%,37.75%,0.384824,2026-08-04
RDW,10.63,2026-08-07,3,Call,13.00,-22.30%,0.15,0.2,0.2,880,350,2.51,117.66%,213.26%,0.17286,2026-08-04
AAOI,131.63,2026-08-21,17,Call,200.00,-51.94%,3.2,3.72,4,1211,483,2.51,148.08%,167.75%,0.16605,2026-08-04
WMT,111.55,2026-08-21,17,Call,122.00,-9.37%,0.57,0.59,0.81,1216,485,2.51,33.36%,38.06%,0.150567,2026-08-04
AMD,518.58,2027-02-19,199,Call,970.00,-87.05%,23,25.5,28.05,566,226,2.5,81.75%,74.16%,0.203204,2026-08-04
ANET,190.51,2026-08-07,3,Call,240.00,-25.98%,0.34,0.44,0.49,611,244,2.5,73.20%,142.89%,0.043122,2026-08-04
LITE,849.47,2026-08-07,3,Call,840.00,+1.11%,45.9,49.85,50.9,627,251,2.5,112.22%,142.07%,0.561104,2026-08-04
CSCO,121.74,2026-08-14,10,Call,120.00,+1.43%,6.55,6.55,7,681,272,2.5,52.02%,73.06%,0.573031,2026-08-04
MU,892.67,2026-08-07,3,Put,755.00,-15.42%,3.75,3.67,4.05,1060,424,2.5,91.09%,134.80%,-0.075788,2026-08-04
TSLA,327.35,2026-09-04,31,Put,285.00,-12.94%,3.2,3.25,3.3,1144,458,2.5,45.35%,46.93%,-0.135188,2026-08-04
OPEN,4.12,2026-08-28,24,Call,4.50,-9.22%,0.29,0.3,0.35,1219,487,2.5,102.85%,109.96%,0.435065,2026-08-04
MSFT,492.81,2026-08-07,3,Call,495.00,-0.44%,5.55,5.9,5.9,3689,1477,2.5,30.75%,37.57%,0.457695,2026-08-04
NOW,118.14,2026-08-07,3,Call,117.00,+0.96%,3.7,3.85,3.9,1853,745,2.49,62.53%,74.77%,0.57196,2026-08-04
NVO,44.28,2026-11-20,108,Call,55.00,-24.21%,1.02,1.1,1.21,1914,770,2.49,41.80%,44.74%,0.20519,2026-08-04
INTC,100.86,2026-08-07,3,Call,99.00,+1.84%,4.9,5,5.1,2846,1145,2.49,87.22%,110.37%,0.594289,2026-08-04
AVGO,418.16,2026-08-05,1,Call,410.00,+1.95%,11,11.3,11.95,3977,1595,2.49,56.06%,76.15%,0.697242,2026-08-04
CIFR,20.38,2026-08-14,10,Call,23.00,-12.86%,0.77,0.87,0.91,739,297,2.49,120.44%,130.12%,0.326596,2026-08-04
JOBY,7.97,2026-08-14,10,Put,7.50,-5.90%,0.31,0.33,0.35,754,303,2.49,91.04%,104.94%,-0.329348,2026-08-04
BABA,128.99,2026-08-07,3,Put,120.00,-6.97%,0.15,0.17,0.17,1411,567,2.49,48.39%,52.05%,-0.05992,2026-08-04
ONDS,8.86,2026-08-21,17,Call,12.50,-41.08%,0.12,0.15,0.17,700,282,2.48,111.92%,127.00%,0.132928,2026-08-04
TRLV,8.89,2026-08-21,17,Call,5.00,+43.76%,3.7,3.9,4.2,788,318,2.48,117.35%,164.78%,0.964142,2026-08-04
MSFT,492.81,2026-08-10,6,Put,460.00,-6.66%,0.56,0.7,0.9,1585,639,2.48,30.75%,37.10%,-0.069219,2026-08-04
PLTR,162.66,2026-08-14,10,Put,125.00,-23.15%,0.14,0.14,0.16,1749,706,2.48,53.97%,79.04%,-0.018526,2026-08-04
SHEL,89.84,2026-09-18,45,Put,87.50,-2.60%,1.95,2,2.1,2294,924,2.48,24.41%,24.75%,-0.361695,2026-08-04
CRCL,63.25,2026-08-07,3,Call,75.00,-18.58%,0.82,0.85,0.88,2855,1149,2.48,96.17%,179.21%,0.167067,2026-08-04
AMD,518.58,2026-08-07,3,Call,525.00,-1.24%,22.65,24.5,26,2344,948,2.47,81.75%,145.02%,0.489789,2026-08-04
APLD,31.27,2026-08-07,3,Call,31.00,+0.86%,1.43,1.47,1.52,3948,1600,2.47,102.02%,118.25%,0.554599,2026-08-04
FSLY,24.95,2026-08-07,3,Call,30.00,-20.24%,0.6,0.72,0.85,851,344,2.47,111.79%,249.73%,0.242046,2026-08-04
ADBE,257.49,2026-08-07,3,Put,240.00,-6.79%,0.86,0.97,1.02,1312,531,2.47,54.58%,67.57%,-0.118309,2026-08-04
ZM,102.12,2028-01-21,535,Call,150.00,-46.89%,11.2,12.45,13.95,501,204,2.46,51.39%,48.58%,0.397975,2026-08-04
PCT,7.23,2026-08-14,10,Put,6.50,-10.10%,0.3,0.35,0.45,507,206,2.46,114.13%,150.73%,-0.289499,2026-08-04
DIS,98.18,2026-08-14,10,Put,98.00,-0.18%,2.86,3.15,3.6,602,245,2.46,34.13%,51.41%,-0.473486,2026-08-04
LRCX,317.74,2026-11-20,108,Put,290.00,-8.73%,39.7,41.55,41.8,789,321,2.46,86.99%,83.99%,-0.327575,2026-08-04
BABA,128.99,2026-08-07,3,Put,125.00,-3.09%,0.74,0.81,0.89,1886,767,2.46,48.39%,49.57%,-0.23493,2026-08-04
SPCX,125.33,2026-10-16,73,Call,145.00,-15.69%,13.75,14,14.25,2506,1017,2.46,111.65%,92.66%,0.449571,2026-08-04
HOOD,93.51,2026-11-20,108,Put,70.00,-25.14%,3.75,4.09,4.15,6794,2767,2.46,68.74%,71.77%,-0.167955,2026-08-04
TGB,7.83,2026-08-21,17,Call,8.00,-2.17%,0.5,0.5,0.55,8172,3340,2.45,81.12%,88.26%,0.496542,2026-08-04
GOOGL,377.65,2026-08-07,3,Put,370.00,-2.03%,2.06,2.25,2.36,1272,519,2.45,33.90%,38.38%,-0.270059,2026-08-04
AAPL,309.38,2026-08-10,6,Call,322.50,-4.24%,0.62,0.7,0.72,653,268,2.44,26.85%,27.45%,0.125637,2026-08-04
AMD,518.58,2026-08-14,10,Call,575.00,-10.88%,14.25,15.5,17.1,721,295,2.44,81.75%,103.03%,0.303428,2026-08-04
GLW,159.89,2027-01-15,164,Call,240.00,-50.10%,13.5,14.2,14.85,829,340,2.44,82.02%,80.96%,0.324959,2026-08-04
AVGO,418.16,2026-08-07,3,Put,400.00,-4.34%,3.15,3.35,3.5,926,379,2.44,56.06%,66.83%,-0.22158,2026-08-04
SMCI,31.69,2026-08-07,3,Call,34.50,-8.87%,0.38,0.41,0.42,1677,686,2.44,104.94%,114.38%,0.222237,2026-08-04
CSCO,121.74,2026-08-07,3,Call,130.00,-6.78%,0.15,0.15,0.17,3398,1393,2.44,52.02%,48.08%,0.069407,2026-08-04
META,587.94,2026-08-05,1,Call,610.00,-3.75%,0.65,0.7,0.7,5829,2391,2.44,38.34%,52.16%,0.091401,2026-08-04
SPCX,125.33,2026-08-07,3,Call,138.00,-10.11%,6.15,6.1,6.55,1986,817,2.43,111.65%,244.03%,0.373193,2026-08-04
QCOM,162.67,2026-08-21,17,Call,152.50,+6.25%,13.85,14.75,15.05,2727,1124,2.43,58.90%,61.59%,0.710528,2026-08-04
MU,892.67,2026-08-05,1,Put,700.00,-21.58%,0.12,0.13,0.15,3078,1266,2.43,91.09%,183.07%,-0.004859,2026-08-04
DIS,98.18,2026-08-07,3,Call,105.00,-6.95%,0.87,0.88,0.96,3116,1283,2.43,34.13%,88.41%,0.212597,2026-08-04
TSLA,327.35,2026-08-07,3,Put,310.00,-5.30%,1.09,1.1,1.12,7011,2891,2.43,45.35%,55.16%,-0.131475,2026-08-04
ORCL,145.74,2026-08-07,3,Call,155.00,-6.35%,1.11,1.13,1.18,9875,4069,2.43,73.19%,78.41%,0.203657,2026-08-04
UPST,30.32,2026-12-18,136,Call,30.00,+1.06%,6.15,6.3,6.95,517,213,2.43,89.29%,85.57%,0.621313,2026-08-04
ABBV,243.8,2026-08-07,3,Call,250.00,-2.54%,0.9,0.91,1.09,629,259,2.43,28.53%,35.54%,0.223223,2026-08-04
MSFT,492.81,2026-08-07,3,Put,477.50,-3.11%,1.65,1.77,1.94,783,322,2.43,30.75%,39.59%,-0.183151,2026-08-04
ACHR,5.31,2026-09-04,31,Call,6.50,-22.41%,0.14,0.2,0.21,562,232,2.42,90.80%,85.45%,0.249866,2026-08-04
MU,892.67,2026-08-05,1,Put,720.00,-19.34%,0.21,0.25,0.27,821,339,2.42,91.09%,175.57%,-0.008523,2026-08-04
BLZE,19.79,2026-08-21,17,Call,25.00,-26.33%,0.4,0.72,0.65,840,347,2.42,109.48%,115.65%,0.210443,2026-08-04
ALM,13.28,2026-08-21,17,Call,12.50,+5.87%,1.4,1.77,1.95,862,356,2.42,95.65%,111.53%,0.647618,2026-08-04
SNDK,1427.62,2026-08-07,3,Call,"1,550.00",-8.57%,60,61.95,62.1,904,373,2.42,129.69%,207.66%,0.36647,2026-08-04
GPN,88.25,2026-08-21,17,Put,65.00,-26.35%,0.15,0.3,0.35,1002,414,2.42,59.58%,83.70%,-0.036777,2026-08-04
SHOP,123.3,2026-08-07,3,Call,120.00,+2.68%,9.1,9.5,10,1068,442,2.42,74.98%,176.80%,0.599203,2026-08-04
GEHC,70.26,2026-08-21,17,Call,75.00,-6.75%,0.6,0.8,1.7,1207,499,2.42,36.99%,46.32%,0.278511,2026-08-04
BMY,65.89,2026-08-21,17,Put,63.00,-4.39%,0.65,0.7,0.75,1274,527,2.42,30.84%,32.19%,-0.247968,2026-08-04
BKNG,194.27,2026-08-07,3,Put,190.00,-2.20%,1.25,5,6.4,2287,946,2.42,48.22%,82.40%,-0.367839,2026-08-04
SPCX,125.33,2026-12-18,136,Call,100.00,+20.21%,36.45,38.47,40,2314,955,2.42,111.65%,83.25%,0.76629,2026-08-04
NVDA,211.94,2026-08-14,10,Call,207.50,+2.09%,8.05,8.28,8.25,11142,4625,2.41,41.33%,40.01%,0.6427,2026-08-04
TSLA,327.35,2026-08-07,3,Call,327.50,-0.05%,6.35,6.45,6.6,12589,5217,2.41,45.35%,54.91%,0.508649,2026-08-04
CIFR,20.38,2026-08-28,24,Call,21.50,-5.50%,1.73,2.03,2.32,615,255,2.41,120.44%,118.43%,0.493416,2026-08-04
RCAT,8.86,2026-08-14,10,Call,9.50,-7.22%,0.59,0.65,0.64,1122,466,2.41,121.13%,148.18%,0.43734,2026-08-04
ARM,280.56,2026-08-14,10,Call,300.00,-6.93%,12,12.52,12.9,1160,481,2.41,93.79%,107.83%,0.389506,2026-08-04
SBUX,104.97,2026-08-14,10,Put,101.00,-3.78%,0.8,0.9,1.18,545,227,2.4,29.42%,36.75%,-0.251481,2026-08-04
AMD,518.58,2026-08-05,1,Put,415.00,-19.97%,0.23,0.36,0.36,553,230,2.4,81.75%,200.52%,-0.014776,2026-08-04
BE,228.11,2026-08-07,3,Put,230.00,+0.83%,13.05,14.06,15.05,608,253,2.4,126.18%,158.47%,-0.493591,2026-08-04
AMD,518.58,2026-08-05,1,Call,547.50,-5.58%,10.9,11.2,13.8,714,298,2.4,81.75%,216.53%,0.336749,2026-08-04
PLTR,162.66,2026-08-28,24,Call,175.00,-7.59%,4.6,4.75,4.9,1665,693,2.4,53.97%,55.44%,0.334842,2026-08-04
MNST,94.18,2027-01-15,164,Call,110.00,-16.80%,3,3.1,3.4,2041,851,2.4,36.76%,31.12%,0.288723,2026-08-04
QBTS,21.83,2026-08-21,17,Call,21.00,+3.80%,2.35,2.43,2.52,2043,853,2.4,102.04%,107.31%,0.614282,2026-08-04
HOOD,93.51,2026-08-07,3,Call,95.00,-1.59%,2.06,2.08,2.14,12440,5175,2.4,68.74%,81.28%,0.431061,2026-08-04
QCOM,162.67,2026-08-07,3,Call,170.00,-4.51%,1.71,1.71,1.76,4270,1789,2.39,58.90%,74.37%,0.268096,2026-08-04
MU,892.67,2026-08-07,3,Put,665.00,-25.50%,0.52,0.55,0.67,636,266,2.39,91.09%,151.22%,-0.013281,2026-08-04
AVGO,418.16,2026-08-14,10,Call,430.00,-2.83%,10.3,10.7,11,705,295,2.39,56.06%,56.23%,0.403293,2026-08-04
SPCX,125.33,2026-08-14,10,Call,122.00,+2.66%,14.1,14.29,14.85,803,336,2.39,111.65%,155.74%,0.593759,2026-08-04
GOOGL,377.65,2026-08-05,1,Call,370.00,+2.03%,7.45,10.24,8.95,1158,484,2.39,33.90%,36.54%,0.860908,2026-08-04
QBTS,21.83,2026-08-14,10,Call,22.00,-0.78%,1.53,1.59,1.64,1265,529,2.39,102.04%,114.81%,0.523691,2026-08-04
ALTO,5.29,2026-09-18,45,Call,6.00,-13.42%,0.4,0.4,0.45,513,216,2.38,99.06%,91.15%,0.413231,2026-08-04
HPQ,28.82,2026-10-16,73,Put,26.00,-9.78%,1.31,1.51,1.75,536,225,2.38,56.75%,55.69%,-0.294206,2026-08-04
CRM,190.99,2026-08-28,24,Call,195.00,-2.10%,8.7,8.95,9.55,579,243,2.38,50.56%,55.12%,0.474307,2026-08-04
META,587.94,2026-09-04,31,Call,625.00,-6.30%,13.1,14.75,14.2,631,265,2.38,38.34%,39.53%,0.326842,2026-08-04
MSTR,97.65,2026-08-07,3,Call,96.50,+1.18%,3.4,3.55,3.7,886,373,2.38,74.56%,83.29%,0.578723,2026-08-04
MRVL,218.59,2026-08-14,10,Call,200.00,+8.50%,25.1,25.75,26,1261,529,2.38,98.84%,103.22%,0.729508,2026-08-04
CIFR,20.38,2026-08-07,3,Call,24.00,-17.76%,0.15,0.21,0.25,2219,932,2.38,120.44%,157.84%,0.14253,2026-08-04
HIMS,32.16,2026-10-16,73,Call,50.00,-55.47%,1,1.4,1.5,2611,1097,2.38,102.11%,92.84%,0.201135,2026-08-04
TSLA,327.35,2026-08-05,1,Put,305.00,-6.83%,0.13,0.14,0.15,5831,2451,2.38,45.35%,72.08%,-0.029,2026-08-04
RKLB,74.48,2026-08-07,3,Call,76.00,-2.04%,2.37,2.46,2.63,2637,1112,2.37,104.28%,117.42%,0.446782,2026-08-04
NB,5.19,2026-11-20,108,Call,7.50,-44.51%,0.45,0.6,0.7,3134,1325,2.37,110.75%,106.28%,0.371374,2026-08-04
TSLA,327.35,2026-08-14,10,Call,340.00,-3.86%,5.65,5.8,5.75,6310,2667,2.37,45.35%,48.85%,0.338605,2026-08-04
UPS,109.11,2026-08-21,17,Call,106.00,+2.85%,3.5,4.03,4.55,645,272,2.37,27.76%,23.75%,0.717813,2026-08-04
TSM,417.17,2026-08-07,3,Call,412.50,+1.12%,10.85,11,11.7,806,340,2.37,47.24%,57.89%,0.59686,2026-08-04
IMAX,51.26,2026-09-18,45,Call,50.00,+2.46%,2.2,3.5,4.6,906,383,2.37,45.50%,36.60%,0.615439,2026-08-04
POET,8.57,2026-08-14,10,Put,8.50,-0.82%,0.67,0.74,0.76,989,418,2.37,120.10%,133.96%,-0.439801,2026-08-04
TOST,33.81,2026-08-21,17,Put,25.00,-26.06%,0,0.12,0.17,1008,425,2.37,59.53%,81.03%,-0.034173,2026-08-04
AMZN,277.42,2026-08-10,6,Call,282.50,-1.83%,2.52,2.96,3.5,616,261,2.36,33.62%,35.59%,0.358716,2026-08-04
MP,47.47,2026-08-07,3,Call,46.50,+2.04%,2.37,2.5,2.64,650,276,2.36,77.53%,116.25%,0.599267,2026-08-04
DUOL,137.75,2026-08-21,17,Call,200.00,-45.19%,0.15,0.35,0.95,669,284,2.36,86.23%,97.73%,0.049017,2026-08-04
SHOP,123.3,2026-10-16,73,Put,100.00,-18.90%,4.15,4.35,4.7,1115,472,2.36,74.98%,66.24%,-0.190262,2026-08-04
CIFR,20.38,2026-08-14,10,Call,28.00,-37.39%,0.01,0.18,0.26,1170,495,2.36,120.44%,125.09%,0.076958,2026-08-04
PLTR,162.66,2026-10-16,73,Call,195.00,-19.88%,5.7,5.7,5.85,1586,671,2.36,53.97%,53.52%,0.271903,2026-08-04
BAC,62.9,2026-08-14,10,Call,65.00,-3.34%,0.19,0.22,0.22,1754,743,2.36,21.56%,20.78%,0.177953,2026-08-04
CVX,190.4,2026-08-21,17,Call,197.50,-3.73%,1.7,1.84,1.99,1841,781,2.36,27.77%,27.21%,0.275737,2026-08-04
UPST,30.32,2026-08-07,3,Call,32.00,-5.54%,1.3,1.34,1.42,2345,994,2.36,89.29%,185.74%,0.407356,2026-08-04
BULL,7.58,2026-08-21,17,Call,8.00,-5.54%,0.3,0.32,0.35,5274,2237,2.36,71.45%,75.06%,0.404565,2026-08-04
AMZN,277.42,2026-08-07,3,Put,270.00,-2.67%,1.34,1.4,1.45,10219,4330,2.36,33.62%,41.40%,-0.227142,2026-08-04
CRWV,91.9,2026-08-14,10,Call,110.00,-19.70%,3.05,3.15,3.15,3134,1331,2.35,114.03%,143.43%,0.262884,2026-08-04
UBER,71.99,2026-08-07,3,Call,80.00,-11.13%,0.4,0.41,0.42,10045,4280,2.35,45.26%,99.42%,0.130882,2026-08-04
AMD,518.58,2027-01-15,164,Call,"1,110.00",-114.05%,11,11.9,11.95,520,221,2.35,81.75%,75.18%,0.110498,2026-08-04
BA,237.16,2028-01-21,535,Call,335.00,-41.25%,16.25,18.87,20.85,578,246,2.35,33.91%,40.09%,0.312851,2026-08-04
AMD,518.58,2026-08-07,3,Call,680.00,-31.13%,0.85,1.06,1.3,595,253,2.35,81.75%,160.98%,0.037391,2026-08-04
AMD,518.58,2026-08-07,3,Put,530.00,+2.20%,30.25,31.84,33.15,640,272,2.35,81.75%,135.46%,-0.545418,2026-08-04
TSM,417.17,2026-08-28,24,Call,440.00,-5.47%,11.2,11.4,12.2,784,334,2.35,47.24%,47.72%,0.359756,2026-08-04
META,587.94,2026-08-05,1,Call,575.00,+2.20%,13.45,15.59,15.85,831,353,2.35,38.34%,49.96%,0.807196,2026-08-04
DELL,467.27,2026-08-07,3,Put,400.00,-14.40%,1.07,1.08,1.25,859,365,2.35,93.38%,111.34%,-0.055607,2026-08-04
AAOI,131.63,2026-08-07,3,Call,145.00,-10.16%,7.5,7.74,8.6,985,419,2.35,148.08%,274.72%,0.396366,2026-08-04
GLW,159.89,2026-08-14,10,Call,170.00,-6.32%,4.9,5.4,5.75,999,425,2.35,82.02%,87.28%,0.364341,2026-08-04
ANET,190.51,2026-08-07,3,Call,220.00,-15.48%,1.5,1.77,1.95,1169,498,2.35,73.20%,141.35%,0.145296,2026-08-04
SPOT,478.17,2026-08-07,3,Call,510.00,-6.66%,1.45,2.5,3.45,1187,506,2.35,43.97%,69.00%,0.16003,2026-08-04
NEXT,6.52,2026-09-18,45,Put,6.00,-7.98%,0.2,0.26,0.4,512,219,2.34,64.97%,60.50%,-0.303091,2026-08-04
RUN,11.03,2026-08-07,3,Call,14.00,-26.93%,0.07,0.12,0.13,593,253,2.34,95.82%,200.30%,0.111107,2026-08-04
MCHP,80.67,2026-12-18,136,Call,95.00,-17.76%,7.7,8.5,8.6,1002,429,2.34,73.09%,66.43%,0.422915,2026-08-04
PLTR,162.66,2026-08-28,24,Call,140.00,+13.93%,24.5,24.75,25.1,2360,1009,2.34,53.97%,58.31%,0.863071,2026-08-04
HPE,52.39,2026-08-21,17,Call,48.00,+8.38%,5.9,6.24,6.5,3480,1485,2.34,83.16%,82.23%,0.721584,2026-08-04
GPN,88.25,2026-08-21,17,Put,85.00,-3.68%,3.3,3.3,4.1,1834,787,2.33,59.58%,69.85%,-0.370254,2026-08-04
CMG,33.82,2026-08-14,10,Call,36.00,-6.45%,0.29,0.35,0.36,2401,1032,2.33,43.36%,46.60%,0.224091,2026-08-04
CRWD,211.22,2026-08-07,3,Call,220.00,-4.16%,1.87,1.95,2.05,2663,1143,2.33,63.84%,66.66%,0.261445,2026-08-04
SPCX,125.33,2026-08-07,3,Put,91.00,-27.39%,0.39,0.44,0.46,1283,551,2.33,111.65%,214.00%,-0.040208,2026-08-04
BBY,86.35,2026-08-21,17,Call,95.00,-10.02%,0.25,0.27,0.5,1463,628,2.33,45.13%,36.19%,0.117316,2026-08-04
ZETA,24.26,2026-08-14,10,Call,26.00,-7.17%,1.3,1.53,1.88,523,225,2.32,96.62%,141.97%,0.431285,2026-08-04
CRDO,237.92,2026-08-21,17,Put,165.00,-30.65%,1.9,2.15,2.45,1133,488,2.32,120.36%,125.92%,-0.068325,2026-08-04
PLTR,162.66,2026-08-28,24,Call,185.00,-13.73%,2.39,2.66,2.71,760,329,2.31,53.97%,55.67%,0.207954,2026-08-04
SIRI,30.75,2026-11-20,108,Put,30.00,-2.44%,1.61,2.17,2.23,807,349,2.31,34.56%,35.05%,-0.406055,2026-08-04
ORCL,145.74,2026-08-14,10,Put,135.00,-7.37%,1.99,2.22,2.32,867,375,2.31,73.19%,65.87%,-0.223032,2026-08-04
AMZN,277.42,2027-12-17,500,Call,360.00,-29.77%,27.1,28.7,28.8,2262,980,2.31,33.62%,37.66%,0.403367,2026-08-04
BA,237.16,2026-12-18,136,Put,190.00,-19.89%,3.05,3.75,4.2,3124,1355,2.31,33.91%,35.71%,-0.127233,2026-08-04
PLTR,162.66,2026-08-07,3,Call,146.00,+10.24%,16.2,17.11,17.3,3188,1382,2.31,53.97%,56.06%,0.984495,2026-08-04
TSLA,327.35,2026-08-07,3,Call,350.00,-6.92%,1.01,1.01,1.04,25843,11175,2.31,45.35%,60.74%,0.118572,2026-08-04
CIFR,20.38,2026-08-21,17,Call,30.00,-47.20%,0.2,0.25,0.27,42439,18393,2.31,120.44%,125.81%,0.0999,2026-08-04
AAPL,309.38,2026-08-28,24,Call,335.00,-8.28%,1.38,1.48,1.51,2704,1178,2.3,26.85%,26.84%,0.137726,2026-08-04
SPCX,125.33,2026-08-14,10,Call,135.00,-7.72%,9.15,9.3,9.45,7478,3258,2.3,111.65%,158.10%,0.44061,2026-08-04
STX,845.35,2026-09-18,45,Call,"1,200.00",-41.95%,25.6,29.6,33,572,249,2.3,100.16%,99.30%,0.2064,2026-08-04
CVNA,68.03,2026-08-28,24,Put,50.00,-26.50%,0.23,0.24,0.37,706,307,2.3,62.56%,77.83%,-0.049094,2026-08-04
SPCX,125.33,2026-08-07,3,Call,146.00,-16.49%,4.25,4.28,4.55,947,411,2.3,111.65%,245.52%,0.283222,2026-08-04
SYF,79.08,2026-08-21,17,Call,82.50,-4.32%,0.7,0.9,1,1027,446,2.3,31.28%,30.41%,0.274961,2026-08-04
EOSE,4.35,2026-08-21,17,Call,3.50,+19.54%,0.89,1.08,1.23,1139,495,2.3,139.60%,156.75%,0.79301,2026-08-04
MU,892.67,2026-08-05,1,Call,"1,030.00",-15.38%,0.54,0.64,0.62,1321,574,2.3,91.09%,136.51%,0.024679,2026-08-04
AMZN,277.42,2026-08-05,1,Call,265.00,+4.48%,12,12.54,13.65,1436,625,2.3,33.62%,65.03%,0.913979,2026-08-04
CRWD,211.22,2026-08-07,3,Call,217.50,-2.97%,2.57,2.69,2.71,1638,712,2.3,63.84%,66.63%,0.32636,2026-08-04
QCOM,162.67,2026-08-14,10,Call,175.00,-7.58%,2.45,2.61,2.77,640,279,2.29,58.90%,64.00%,0.263124,2026-08-04
SOFI,18.7,2026-08-14,10,Put,18.50,-1.07%,0.53,0.57,0.57,871,380,2.29,51.74%,53.16%,-0.430365,2026-08-04
SOFI,18.7,2026-08-07,3,Put,19.00,+1.60%,0.55,0.55,0.58,1379,603,2.29,51.74%,58.73%,-0.605731,2026-08-04
DIS,98.18,2026-08-07,3,Call,98.00,+0.18%,2.97,3.08,3.25,1738,758,2.29,34.13%,85.08%,0.524995,2026-08-04
KTOS,51.87,2026-08-07,3,Call,60.00,-15.67%,0.6,0.64,0.7,1749,765,2.29,85.44%,158.28%,0.173365,2026-08-04
HOOD,93.51,2026-08-07,3,Call,99.00,-5.87%,0.89,0.92,0.94,2279,995,2.29,68.74%,81.96%,0.233682,2026-08-04
PLTR,162.66,2026-08-07,3,Call,150.00,+7.78%,13.2,13.38,13.45,55817,24344,2.29,53.97%,75.71%,0.888621,2026-08-04
EOSE,4.35,2026-08-07,3,Call,4.50,-3.45%,0.32,0.35,0.35,9346,4095,2.28,139.60%,253.69%,0.487578,2026-08-04
SPCX,125.33,2026-08-07,3,Call,145.00,-15.69%,4.45,4.5,4.7,12629,5546,2.28,111.65%,244.43%,0.292595,2026-08-04
CAT,876.54,2026-08-07,3,Call,880.00,-0.39%,16.5,19,20.05,565,248,2.28,46.08%,62.53%,0.485258,2026-08-04
SMCI,31.69,2026-08-07,3,Put,31.00,-2.18%,0.84,0.9,0.92,730,320,2.28,104.94%,105.64%,-0.389576,2026-08-04
PDD,91.03,2026-08-14,10,Call,100.00,-9.85%,0,0.15,0.15,776,341,2.28,40.07%,31.57%,0.039799,2026-08-04
COIN,150.73,2026-08-07,3,Put,148.00,-1.81%,3.15,3.35,3.5,1067,468,2.28,71.98%,84.76%,-0.389895,2026-08-04
AMZN,277.42,2026-08-10,6,Put,277.50,+0.03%,4.55,4.88,5.6,568,250,2.27,33.62%,36.00%,-0.489228,2026-08-04
POET,8.57,2026-11-20,108,Call,33.00,-285.06%,0.05,0.15,0.21,700,309,2.27,120.10%,130.39%,0.062994,2026-08-04
MSFT,492.81,2026-08-21,17,Call,545.00,-10.59%,1.02,0.96,1.14,1050,462,2.27,30.75%,31.19%,0.074657,2026-08-04
CCL,29.59,2026-08-07,3,Call,29.50,+0.30%,0.52,0.6,0.78,1656,728,2.27,44.12%,56.35%,0.534891,2026-08-04
V,369.59,2026-08-14,10,Call,380.00,-2.82%,1.72,1.91,2.01,2010,884,2.27,22.28%,22.26%,0.237531,2026-08-04
SPCX,125.33,2026-08-07,3,Put,99.00,-21.01%,1.23,1.28,1.33,2751,1212,2.27,111.65%,219.79%,-0.099462,2026-08-04
AMD,518.58,2026-08-07,3,Put,450.00,-13.22%,3.2,3.37,3.55,3798,1670,2.27,81.75%,132.61%,-0.107053,2026-08-04
AMZN,277.42,2026-08-05,1,Put,265.00,-4.48%,0.1,0.11,0.12,4976,2189,2.27,33.62%,49.68%,-0.037722,2026-08-04
UBER,71.99,2026-08-07,3,Put,72.00,+0.01%,2.4,2.63,2.64,1873,830,2.26,45.26%,97.00%,-0.481993,2026-08-04
SHOP,123.3,2026-08-07,3,Put,120.00,-2.68%,6.7,6.68,7.25,2067,913,2.26,74.98%,194.34%,-0.403807,2026-08-04
MSFT,492.81,2026-08-07,3,Put,480.00,-2.60%,2.04,2.3,2.4,2575,1137,2.26,30.75%,38.77%,-0.219726,2026-08-04
EOSE,4.35,2026-08-14,10,Put,4.00,-8.05%,0.31,0.32,0.33,803,356,2.26,139.60%,173.45%,-0.330444,2026-08-04
LLY,1115.68,2026-08-07,3,Put,"1,050.00",-5.89%,13,15.1,16.5,886,392,2.26,45.24%,100.19%,-0.237007,2026-08-04
CRCL,63.25,2026-08-07,3,Put,63.00,-0.40%,3.6,3.65,3.75,942,416,2.26,96.17%,166.93%,-0.458801,2026-08-04
ONDS,8.86,2026-08-28,24,Put,6.50,-26.64%,0.15,0.16,0.17,1322,584,2.26,111.92%,113.75%,-0.112129,2026-08-04
UUUU,12.86,2026-08-07,3,Call,14.50,-12.75%,0.1,0.11,0.15,597,265,2.25,89.88%,128.31%,0.165734,2026-08-04
SO,93.25,2026-08-07,3,Put,90.00,-3.49%,0.05,0.19,0.3,1013,450,2.25,21.01%,34.02%,-0.121631,2026-08-04
AMZN,277.42,2026-08-14,10,Put,250.00,-9.88%,0.33,0.42,0.46,1770,788,2.25,33.62%,39.51%,-0.050701,2026-08-04
WMT,111.55,2026-08-07,3,Call,112.00,-0.40%,1.01,1.06,1.07,4782,2128,2.25,33.36%,30.70%,0.45116,2026-08-04
CRWV,91.9,2026-11-20,108,Call,200.00,-117.63%,2.64,2.7,2.97,3287,1466,2.24,114.03%,102.20%,0.135567,2026-08-04
WMT,111.55,2026-08-07,3,Call,116.00,-3.99%,0.14,0.14,0.16,3481,1551,2.24,33.36%,32.72%,0.097409,2026-08-04
QBTS,21.83,2026-08-07,3,Call,24.00,-9.94%,0.49,0.52,0.54,3632,1620,2.24,102.04%,160.16%,0.281591,2026-08-04
TSLA,327.35,2026-08-14,10,Call,350.00,-6.92%,3.35,3.4,3.5,6217,2772,2.24,45.35%,50.24%,0.22631,2026-08-04
UPST,30.32,2026-08-07,3,Call,40.00,-31.93%,0.08,0.1,0.12,870,389,2.24,89.29%,178.39%,0.051504,2026-08-04
PLTR,162.66,2026-09-04,31,Call,165.00,-1.44%,9.3,9.43,9.85,690,310,2.23,53.97%,55.07%,0.50433,2026-08-04
MSFT,492.81,2026-08-10,6,Put,485.00,-1.58%,4.15,4.59,4.9,788,354,2.23,30.75%,31.58%,-0.335425,2026-08-04
SPCX,125.33,2026-08-07,3,Put,129.00,+2.93%,12.45,12.8,12.75,908,408,2.23,111.65%,232.77%,-0.512032,2026-08-04
DVA,227.99,2027-11-19,472,Put,220.00,-3.50%,30,31.3,33.7,1479,663,2.23,58.93%,40.40%,-0.353038,2026-08-04
BP,42.44,2026-08-21,17,Call,47.00,-10.74%,0.08,0.1,0.18,2215,995,2.23,31.48%,34.62%,0.090918,2026-08-04
AMD,518.58,2026-08-07,3,Call,550.00,-6.06%,14.45,15.43,16.35,9304,4176,2.23,81.75%,146.77%,0.354427,2026-08-04
MU,892.67,2026-08-07,3,Call,"1,000.00",-12.02%,7.7,7.8,7.95,16755,7505,2.23,91.09%,119.58%,0.160961,2026-08-04
AMD,518.58,2026-08-07,3,Call,555.00,-7.02%,13.05,12.99,13.95,1892,852,2.22,81.75%,144.24%,0.325835,2026-08-04
MRVL,218.59,2026-08-07,3,Call,230.00,-5.22%,5.3,5.45,5.5,4341,1955,2.22,98.84%,124.27%,0.347232,2026-08-04
UMC,20.63,2026-08-21,17,Call,22.00,-6.64%,1.05,1.08,1.15,536,241,2.22,88.42%,93.27%,0.410668,2026-08-04
SPCX,125.33,2026-08-14,10,Put,124.00,-1.06%,11.7,11.9,12,588,265,2.22,111.65%,153.01%,-0.431751,2026-08-04
SMCI,31.69,2026-08-14,10,Call,30.50,+3.76%,3.2,3.5,3.5,731,330,2.22,104.94%,131.65%,0.613782,2026-08-04
JNJ,254.93,2026-10-16,73,Call,230.00,+9.78%,27.85,27.99,30.1,911,411,2.22,26.05%,28.26%,0.813408,2026-08-04
MU,892.67,2026-08-07,3,Call,875.00,+1.98%,47.55,48.3,49.45,1067,481,2.22,91.09%,121.72%,0.594457,2026-08-04
PLTR,162.66,2026-08-28,24,Call,165.00,-1.44%,8.2,8.35,8.5,1118,503,2.22,53.97%,55.55%,0.495091,2026-08-04
ARE,48.87,2026-08-21,17,Put,50.00,+2.31%,1.95,2.2,2.6,1131,510,2.22,39.19%,38.15%,-0.596482,2026-08-04
BHP,87.46,2026-09-18,45,Put,85.00,-2.81%,4.1,4.27,4.3,1190,537,2.22,41.75%,43.44%,-0.401368,2026-08-04
BA,237.16,2026-08-07,3,Put,230.00,-3.02%,0.9,0.92,1.09,1285,578,2.22,33.91%,40.96%,-0.199082,2026-08-04
JPM,357.52,2026-08-07,3,Put,352.50,-1.40%,1.12,1.15,1.35,585,265,2.21,21.58%,24.47%,-0.256163,2026-08-04
AAPL,309.38,2026-08-12,8,Call,307.50,+0.61%,5.6,5.97,6.2,894,404,2.21,26.85%,26.23%,0.577225,2026-08-04
MSFT,492.81,2027-01-15,164,Call,780.00,-58.28%,1.05,1.25,1.2,1414,641,2.21,30.75%,33.07%,0.02879,2026-08-04
MSFT,492.81,2026-08-17,13,Call,490.00,+0.57%,12.05,15,14.65,1522,689,2.21,30.75%,31.43%,0.556888,2026-08-04
NU,14.33,2026-08-21,17,Call,16.50,-15.14%,0.04,0.11,0.14,2351,1064,2.21,47.67%,52.21%,0.118963,2026-08-04
SBUX,104.97,2026-08-21,17,Call,111.00,-5.74%,0.64,0.82,0.79,2013,916,2.2,29.42%,29.26%,0.19921,2026-08-04
RUM,6.43,2026-08-07,3,Call,2.50,+61.12%,3.8,3.9,4.1,558,254,2.2,86.68%,538.38%,0.985373,2026-08-04
INTC,100.86,2026-08-07,3,Put,94.00,-6.80%,1.34,1.3,1.45,569,259,2.2,87.22%,111.06%,-0.225932,2026-08-04
CAT,876.54,2026-08-07,3,Call,920.00,-4.96%,3.5,4.71,6.45,686,312,2.2,46.08%,59.71%,0.19419,2026-08-04
RDDT,159.97,2026-08-07,3,Put,145.00,-9.36%,0.4,0.45,0.47,1023,466,2.2,67.21%,79.62%,-0.080581,2026-08-04
AAPL,309.38,2026-08-12,8,Call,315.00,-1.82%,2.54,2.69,3.1,1059,482,2.2,26.85%,27.49%,0.342957,2026-08-04
NVDA,211.94,2026-08-10,6,Call,227.50,-7.34%,0.35,0.39,0.38,1118,509,2.2,41.33%,38.22%,0.07917,2026-08-04
HOOD,93.51,2026-08-14,10,Put,80.00,-14.45%,0.48,0.51,0.52,1763,801,2.2,68.74%,73.97%,-0.089592,2026-08-04
CRCL,63.25,2026-08-07,3,Call,73.00,-15.42%,1.03,1.2,1.2,589,269,2.19,96.17%,177.32%,0.209057,2026-08-04
AVGO,418.16,2026-08-07,3,Put,390.00,-6.73%,1.54,1.55,1.71,594,271,2.19,56.06%,68.40%,-0.123225,2026-08-04
PLTR,162.66,2026-09-04,31,Call,170.00,-4.51%,7.4,7.36,7.6,881,402,2.19,53.97%,54.74%,0.429674,2026-08-04
INTC,100.86,2026-08-07,3,Put,91.00,-9.78%,0.78,0.8,0.85,1027,470,2.19,87.22%,113.39%,-0.145819,2026-08-04
CVNA,68.03,2026-11-20,108,Put,58.00,-14.74%,5,5.12,5.35,3505,1601,2.19,62.56%,70.83%,-0.26402,2026-08-04
IBM,235.15,2026-08-14,10,Call,235.00,+0.06%,5.8,6.15,6.2,1892,869,2.18,41.57%,38.04%,0.517577,2026-08-04
BBWI,21.06,2026-08-21,17,Call,20.00,+5.03%,1.5,1.65,1.95,530,243,2.18,64.36%,63.37%,0.671277,2026-08-04
EXPE,312.06,2026-08-07,3,Put,280.00,-10.27%,2.95,4.6,5.8,1106,507,2.18,62.22%,143.99%,-0.184717,2026-08-04
GOOG,375.35,2026-08-14,10,Call,395.00,-5.24%,2.25,2.5,2.59,558,257,2.17,33.34%,35.19%,0.20295,2026-08-04
CRWD,211.22,2026-08-21,17,Put,205.00,-2.94%,7.05,7.85,7.95,720,332,2.17,63.84%,58.36%,-0.37772,2026-08-04
DELL,467.27,2026-08-07,3,Call,520.00,-11.28%,3,4.12,3.65,756,348,2.17,93.38%,107.45%,0.147687,2026-08-04
CVS,104.42,2026-08-07,3,Call,111.00,-6.30%,0.8,1.12,1.12,840,387,2.17,39.16%,83.19%,0.220187,2026-08-04
SMCI,31.69,2026-12-18,136,Call,49.00,-54.62%,2.85,2.98,3.15,1019,469,2.17,104.94%,94.67%,0.329765,2026-08-04
TSLA,327.35,2026-08-12,8,Call,325.00,+0.72%,9.9,10.6,10.7,1023,471,2.17,45.35%,46.41%,0.559937,2026-08-04
SNDK,1427.62,2026-08-07,3,Put,"1,250.00",-12.44%,36.9,37.68,38.3,1397,644,2.17,129.69%,213.49%,-0.216312,2026-08-04
ZVRA,10.52,2027-12-17,500,Put,12.00,+14.07%,3.1,4.2,6,1424,656,2.17,90.96%,81.74%,-0.358709,2026-08-04
ORCL,145.74,2026-08-07,3,Call,162.50,-11.50%,0.35,0.38,0.39,2282,1050,2.17,73.19%,82.23%,0.077744,2026-08-04
XPEV,12.05,2027-01-15,164,Call,11.00,+8.71%,2.55,2.61,3.05,4002,1842,2.17,62.79%,70.18%,0.679326,2026-08-04
MSFT,492.81,2027-01-15,164,Call,530.00,-7.55%,29.45,31.65,31.65,5386,2477,2.17,30.75%,32.46%,0.434458,2026-08-04
SPCX,125.33,2027-01-15,164,Call,150.00,-19.68%,19.2,19.5,19.9,7209,3326,2.17,111.65%,81.47%,0.490283,2026-08-04
RKLB,74.48,2026-08-07,3,Call,80.00,-7.41%,1.25,1.29,1.29,7568,3480,2.17,104.28%,118.94%,0.2721,2026-08-04
NFLX,73.57,2026-08-07,3,Call,75.00,-1.94%,0.66,0.66,0.67,32702,15070,2.17,37.21%,46.32%,0.333462,2026-08-04
BAC,62.9,2026-10-16,73,Call,75.00,-19.24%,0.11,0.15,0.16,1942,897,2.16,21.56%,22.93%,0.051697,2026-08-04
WFC,88.39,2026-11-20,108,Put,85.00,-3.84%,3.55,3.6,3.7,2207,1023,2.16,24.10%,28.41%,-0.35851,2026-08-04
AXTI,65.27,2026-08-07,3,Call,70.00,-7.25%,2.5,2.76,3.1,2803,1295,2.16,148.51%,196.22%,0.38105,2026-08-04
WMT,111.55,2026-08-07,3,Call,110.00,+1.39%,2.15,2.19,2.24,3843,1779,2.16,33.36%,31.29%,0.69682,2026-08-04
CAT,876.54,2026-08-14,10,Put,750.00,-14.44%,0.6,1,1.49,605,280,2.16,46.08%,52.94%,-0.033499,2026-08-04
BE,228.11,2026-08-14,10,Put,200.00,-12.32%,7.95,8.67,9.45,805,372,2.16,126.18%,139.93%,-0.245906,2026-08-04
BKNG,194.27,2026-08-07,3,Put,177.50,-8.63%,1.15,1.4,1.45,1237,573,2.16,48.22%,97.35%,-0.142418,2026-08-04
ORCL,145.74,2026-08-07,3,Call,139.00,+4.62%,7.8,8.05,8.45,1387,641,2.16,73.19%,74.40%,0.769836,2026-08-04
INSM,98.75,2026-08-21,17,Put,85.00,-13.92%,0.8,2.1,2.5,508,236,2.15,69.71%,79.99%,-0.1676,2026-08-04
OPEN,4.12,2026-09-04,31,Call,4.50,-9.22%,0.35,0.36,0.41,550,256,2.15,102.85%,109.16%,0.456831,2026-08-04
MU,892.67,2026-08-07,3,Put,875.00,-1.98%,30.05,31.2,31.85,558,259,2.15,91.09%,122.88%,-0.406167,2026-08-04
MSFT,492.81,2026-09-04,31,Put,470.00,-4.63%,7.15,8.12,9.25,575,267,2.15,30.75%,31.55%,-0.279175,2026-08-04
HOOD,93.51,2026-08-14,10,Call,92.00,+1.61%,5.15,5.28,5.4,583,271,2.15,68.74%,72.38%,0.580866,2026-08-04
NKE,41.53,2026-08-07,3,Call,41.00,+1.28%,0.91,0.95,1.02,596,277,2.15,37.80%,44.73%,0.63167,2026-08-04
UEC,10.5,2026-08-14,10,Call,10.50,0.00%,0.54,0.62,0.68,1040,483,2.15,78.29%,87.35%,0.53155,2026-08-04
JPM,357.52,2026-08-07,3,Put,347.50,-2.80%,0.4,0.46,0.52,1140,531,2.15,21.58%,26.09%,-0.111235,2026-08-04
OKTA,147.82,2026-08-07,3,Call,150.00,-1.47%,2.48,2.5,3,1149,535,2.15,72.98%,68.92%,0.421388,2026-08-04
MDT,86.2,2026-08-21,17,Call,88.00,-2.09%,1.38,1.31,1.68,1302,606,2.15,30.57%,30.90%,0.391379,2026-08-04
HPE,52.39,2026-08-07,3,Call,52.00,+0.74%,1.85,2.01,2.01,2542,1183,2.15,83.16%,91.27%,0.553337,2026-08-04
NFLX,73.57,2026-08-14,10,Call,72.00,+2.13%,2.77,2.8,2.88,3542,1649,2.15,37.21%,39.40%,0.647553,2026-08-04
RDDT,159.97,2026-08-07,3,Call,165.00,-3.14%,2.36,2.5,2.63,2186,1022,2.14,67.21%,77.62%,0.344348,2026-08-04
SPCX,125.33,2026-08-07,3,Call,134.00,-6.92%,7.45,7.6,7.7,2557,1194,2.14,111.65%,243.13%,0.423892,2026-08-04
MSFT,492.81,2026-08-07,3,Call,505.00,-2.47%,2.39,2.49,2.55,3741,1750,2.14,30.75%,38.18%,0.247636,2026-08-04
AAPL,309.38,2026-08-07,3,Call,300.00,+3.03%,9.75,10.5,10.6,5612,2619,2.14,26.85%,33.13%,0.852893,2026-08-04
SPCX,125.33,2026-08-07,3,Call,140.00,-11.71%,5.65,5.75,5.85,18175,8479,2.14,111.65%,243.16%,0.348038,2026-08-04
SPCX,125.33,2026-08-07,3,Put,127.00,+1.33%,11.3,11.73,11.55,563,263,2.14,111.65%,232.48%,-0.482573,2026-08-04
CRWD,211.22,2026-08-14,10,Call,225.00,-6.52%,3.35,3.65,3.65,585,273,2.14,63.84%,60.06%,0.282246,2026-08-04
SPCX,125.33,2026-09-04,31,Put,60.00,-52.13%,0.2,0.24,0.25,632,295,2.14,111.65%,123.45%,-0.012698,2026-08-04
BE,228.11,2026-08-14,10,Put,170.00,-25.47%,2.31,2.46,2.91,636,297,2.14,126.18%,147.04%,-0.091164,2026-08-04
CIFR,20.38,2026-08-07,3,Put,20.50,+0.59%,1.07,1.15,1.23,878,411,2.14,120.44%,147.81%,-0.490032,2026-08-04
NEE,87.2,2026-08-07,3,Call,86.00,+1.38%,0.96,1.26,1.76,921,430,2.14,23.57%,18.00%,0.805286,2026-08-04
NBIS,225.74,2026-08-07,3,Put,210.00,-6.97%,6.5,6.85,7.25,1256,588,2.14,140.17%,169.16%,-0.291251,2026-08-04
MU,892.67,2026-08-07,3,Put,880.00,-1.42%,32.5,32.9,34.05,1288,603,2.14,91.09%,122.96%,-0.426148,2026-08-04
TSM,417.17,2026-08-07,3,Put,410.00,-1.72%,5.3,5.35,5.85,1303,610,2.14,47.24%,58.37%,-0.360153,2026-08-04
INTC,100.86,2026-08-07,3,Call,118.00,-16.99%,0.38,0.4,0.4,619,291,2.13,87.22%,119.45%,0.081831,2026-08-04
FISV,55.78,2026-08-07,3,Put,52.00,-6.78%,0.75,1.15,1.65,878,413,2.13,55.89%,137.71%,-0.265434,2026-08-04
BIDU,112.58,2027-03-19,227,Put,95.00,-15.62%,8,8.4,9.85,1101,516,2.13,53.60%,52.99%,-0.253986,2026-08-04
NKLR,6.21,2026-09-18,45,Call,7.50,-20.77%,0.45,0.55,0.7,1105,520,2.13,134.26%,114.87%,0.399345,2026-08-04
SPCX,125.33,2026-08-07,3,Call,148.00,-18.09%,3.9,4,4.1,1107,519,2.13,111.65%,245.75%,0.263161,2026-08-04
SLDP,2.3,2026-08-21,17,Call,2.50,-8.70%,0.1,0.15,0.15,1196,562,2.13,106.86%,101.22%,0.395572,2026-08-04
TMC,3.95,2026-08-14,10,Call,4.50,-13.92%,0.1,0.1,0.13,1670,785,2.13,106.58%,113.49%,0.275975,2026-08-04
AXTI,65.27,2026-08-07,3,Put,60.00,-8.07%,1.8,2.1,2.5,1930,904,2.13,148.51%,189.50%,-0.281791,2026-08-04
SNDK,1427.62,2026-08-07,3,Put,"1,100.00",-22.95%,12,11.98,12.5,2171,1018,2.13,129.69%,225.68%,-0.084114,2026-08-04
WMT,111.55,2026-08-07,3,Put,108.00,-3.18%,0.18,0.21,0.23,2223,1046,2.13,33.36%,31.80%,-0.126443,2026-08-04
TSLA,327.35,2026-08-07,3,Call,340.00,-3.86%,2.31,2.34,2.4,17580,8243,2.13,45.35%,57.08%,0.241592,2026-08-04
AAL,16.56,2026-08-07,3,Put,16.00,-3.38%,0.13,0.13,0.16,3649,1719,2.12,50.70%,60.80%,-0.256693,2026-08-04
TSLA,327.35,2026-09-04,31,Call,335.00,-2.34%,14.5,14.8,14.7,514,242,2.12,45.35%,46.09%,0.467563,2026-08-04
CNQ,46.18,2026-08-21,17,Call,46.50,-0.69%,1.25,1.4,1.45,522,246,2.12,33.98%,37.82%,0.481435,2026-08-04
GOOGL,377.65,2026-08-07,3,Put,367.50,-2.69%,1.53,1.65,1.79,548,258,2.12,33.90%,39.14%,-0.213994,2026-08-04
OXY,55.09,2026-08-14,10,Call,58.00,-5.28%,0.58,0.7,0.72,565,267,2.12,38.40%,46.12%,0.26426,2026-08-04
TSLA,327.35,2026-08-14,10,Put,312.50,-4.54%,4.15,4.2,4.25,650,307,2.12,45.35%,47.36%,-0.260258,2026-08-04
CPNG,16.78,2026-08-07,3,Call,17.00,-1.31%,0.59,0.65,1.14,924,436,2.12,68.57%,158.74%,0.493418,2026-08-04
SOFI,18.7,2026-09-04,31,Put,18.00,-3.74%,0.7,0.84,0.88,533,253,2.11,51.74%,52.89%,-0.366449,2026-08-04
DOCU,57.54,2026-08-07,3,Call,60.00,-4.28%,0.3,0.43,0.5,587,278,2.11,65.30%,59.44%,0.228271,2026-08-04
TGT,148.11,2026-10-16,73,Put,120.00,-18.98%,1.19,1.24,1.41,799,379,2.11,44.29%,39.38%,-0.097961,2026-08-04
HPE,52.39,2026-08-07,3,Call,53.00,-1.16%,1.38,1.55,1.6,1315,622,2.11,83.16%,93.10%,0.463112,2026-08-04
SPCX,125.33,2026-08-14,10,Call,300.00,-139.37%,0.4,0.42,0.54,1443,683,2.11,111.65%,247.67%,0.027335,2026-08-04
PINS,25.58,2026-09-18,45,Put,24.00,-6.18%,1.24,1.5,1.78,2303,1092,2.11,71.84%,65.08%,-0.341056,2026-08-04
SPCX,125.33,2026-08-07,3,Call,130.00,-3.73%,8.9,8.91,9.1,27929,13220,2.11,111.65%,242.32%,0.477926,2026-08-04
SPCX,125.33,2026-08-07,3,Call,210.00,-67.56%,0.6,0.73,0.73,2973,1418,2.1,111.65%,316.63%,0.049121,2026-08-04
AAPL,309.38,2026-08-10,6,Call,310.00,-0.20%,3.8,3.85,4.05,6046,2884,2.1,26.85%,26.19%,0.489295,2026-08-04
HL,15.39,2026-08-07,3,Call,15.50,-0.71%,0.54,0.68,0.84,8657,4122,2.1,73.73%,132.86%,0.501387,2026-08-04
SPCX,125.33,2026-08-14,10,Call,123.00,+1.86%,13.4,13.68,14.5,822,392,2.1,111.65%,155.24%,0.581365,2026-08-04
MU,892.67,2026-08-10,6,Call,"1,100.00",-23.23%,2.65,2.81,2.93,913,434,2.1,91.09%,100.05%,0.059439,2026-08-04
MSFT,492.81,2026-09-18,45,Put,455.00,-7.67%,6.9,7.15,7.35,1156,550,2.1,30.75%,32.10%,-0.213692,2026-08-04
BMNR,18.1,2026-08-14,10,Put,17.50,-3.31%,0.64,0.69,0.7,559,267,2.09,80.87%,80.56%,-0.372419,2026-08-04
INTC,100.86,2026-08-28,24,Call,95.00,+5.81%,11.9,12.2,12.6,636,304,2.09,87.22%,89.16%,0.649739,2026-08-04
ASTS,70.31,2026-08-07,3,Put,63.00,-10.40%,0.63,0.7,0.75,813,389,2.09,114.11%,126.79%,-0.155065,2026-08-04
MOD,201.71,2026-08-21,17,Call,220.00,-9.07%,7.8,9.2,10.8,903,433,2.09,85.53%,92.64%,0.372089,2026-08-04
ZS,163.22,2026-08-07,3,Call,167.50,-2.62%,1.95,2.3,2.41,926,444,2.09,69.92%,65.89%,0.345113,2026-08-04
GOOGL,377.65,2026-08-05,1,Put,362.50,-4.01%,0.1,0.11,0.13,1090,522,2.09,33.90%,43.19%,-0.033896,2026-08-04
APLD,31.27,2026-08-14,10,Call,40.00,-27.92%,0.17,0.23,0.28,1398,668,2.09,102.02%,105.65%,0.094272,2026-08-04
NVDA,211.94,2026-08-12,8,Call,220.00,-3.80%,1.78,1.78,1.89,1481,710,2.09,41.33%,37.54%,0.263839,2026-08-04
ORCL,145.74,2026-08-14,10,Put,125.00,-14.23%,0.59,0.67,0.71,1529,733,2.09,73.19%,69.54%,-0.081285,2026-08-04
MRVL,218.59,2026-08-07,3,Put,200.00,-8.50%,2.92,3.05,3.15,1656,791,2.09,98.84%,127.19%,-0.203051,2026-08-04
UBER,71.99,2026-08-07,3,Put,68.00,-5.54%,0.86,0.91,1.05,2746,1317,2.09,45.26%,97.10%,-0.243581,2026-08-04
SPCX,125.33,2026-08-07,3,Call,121.00,+3.45%,12.8,12.9,13.45,3846,1840,2.09,111.65%,243.05%,0.606849,2026-08-04
MSFT,492.81,2026-09-18,45,Call,510.00,-3.49%,14.1,14.35,15.2,13867,6637,2.09,30.75%,30.63%,0.408292,2026-08-04
CRCL,63.25,2026-08-07,3,Put,55.00,-13.04%,0.83,0.85,0.9,2530,1216,2.08,96.17%,167.72%,-0.159371,2026-08-04
HPE,52.39,2026-08-07,3,Call,54.00,-3.07%,1.01,1.07,1.32,2759,1324,2.08,83.16%,96.52%,0.382119,2026-08-04
SPCX,125.33,2026-08-07,3,Put,118.00,-5.85%,6.75,7,7,3233,1557,2.08,111.65%,230.81%,-0.346831,2026-08-04
SYY,82.79,2026-08-21,17,Call,85.00,-2.67%,0.65,0.75,0.9,3753,1805,2.08,21.93%,22.68%,0.306647,2026-08-04
NVO,44.28,2026-08-07,3,Put,46.00,+3.88%,1.9,1.7,2.16,5355,2578,2.08,41.80%,55.95%,-0.767583,2026-08-04
RKLB,74.48,2026-08-14,10,Call,82.00,-10.10%,3.3,3.45,3.75,547,263,2.08,104.28%,127.90%,0.365463,2026-08-04
AMZN,277.42,2026-08-14,10,Put,267.50,-3.58%,2.48,2.59,2.65,793,381,2.08,33.62%,35.62%,-0.254005,2026-08-04
ALAB,361.67,2026-08-21,17,Put,200.00,-44.70%,0.8,1.03,1.28,798,384,2.08,123.02%,147.91%,-0.021675,2026-08-04
INTC,100.86,2026-08-07,3,Call,113.00,-12.04%,0.74,0.73,0.87,979,470,2.08,87.22%,116.08%,0.152671,2026-08-04
MU,892.67,2026-08-07,3,Put,840.00,-5.90%,18.1,18.5,18.6,998,479,2.08,91.09%,125.42%,-0.27624,2026-08-04
MU,892.67,2026-08-07,3,Call,870.00,+2.54%,50.1,52.5,52.9,1130,542,2.08,91.09%,122.35%,0.614109,2026-08-04
CVNA,68.03,2026-09-04,31,Call,90.00,-32.29%,0.33,0.43,0.5,1256,603,2.08,62.56%,63.09%,0.078801,2026-08-04
VZ,46.88,2026-08-14,10,Call,48.50,-3.46%,0.25,0.44,0.42,507,245,2.07,26.60%,29.78%,0.249274,2026-08-04
RDDT,159.97,2026-08-07,3,Call,162.50,-1.58%,3.2,3.49,3.5,522,252,2.07,67.21%,76.89%,0.426215,2026-08-04
COHR,323.73,2026-08-07,3,Call,340.00,-5.03%,8.1,10.2,10.7,532,257,2.07,113.04%,135.26%,0.368355,2026-08-04
MU,892.67,2026-08-07,3,Call,"1,005.00",-12.58%,7,7.35,7.45,587,284,2.07,91.09%,119.87%,0.150625,2026-08-04
DOCN,128.89,2026-08-07,3,Put,120.00,-6.90%,1.55,2.14,3,706,341,2.07,100.56%,125.69%,-0.246178,2026-08-04
ADBE,257.49,2026-09-18,45,Put,205.00,-20.39%,2.67,3.05,3.9,878,425,2.07,54.58%,59.97%,-0.113625,2026-08-04
NVDA,211.94,2026-08-10,6,Put,200.00,-5.63%,0.58,0.58,0.62,1611,780,2.07,41.33%,38.72%,-0.114593,2026-08-04
INTC,100.86,2026-08-07,3,Call,115.00,-14.02%,0.6,0.6,0.63,4995,2417,2.07,87.22%,118.02%,0.120922,2026-08-04
SPCX,125.33,2026-08-07,3,Put,102.00,-18.61%,1.67,1.8,1.86,2157,1047,2.06,111.65%,220.45%,-0.128818,2026-08-04
SPCX,125.33,2026-08-07,3,Put,115.00,-8.24%,5.5,5.69,5.75,35087,17001,2.06,111.65%,229.76%,-0.302089,2026-08-04
BTDR,11.38,2026-08-07,3,Call,5.00,+56.06%,6,6.75,7.1,502,244,2.06,134.87%,659.07%,0.953107,2026-08-04
CRWD,211.22,2026-08-14,10,Put,185.00,-12.41%,0.95,1,1.02,669,324,2.06,63.84%,63.12%,-0.091811,2026-08-04
INMB,1.91,2026-08-21,17,Call,2.0000,-4.71%,0.1,0.1,0.15,706,342,2.06,150.05%,98.14%,0.458758,2026-08-04
CLF,12.31,2026-08-07,3,Call,11.00,+10.64%,1.29,1.28,1.42,1806,875,2.06,69.57%,94.35%,0.912924,2026-08-04
ORCL,145.74,2026-08-14,10,Call,148.00,-1.55%,5.4,5.9,5.75,569,277,2.05,73.19%,68.16%,0.470131,2026-08-04
MOS,22.71,2026-08-21,17,Put,23.00,+1.28%,1.2,1.35,1.35,602,293,2.05,52.72%,57.21%,-0.515875,2026-08-04
AMD,518.58,2026-08-05,1,Put,457.50,-11.78%,1.99,2.04,2.35,606,295,2.05,81.75%,185.04%,-0.089578,2026-08-04
SPCX,125.33,2026-08-14,10,Call,117.00,+6.65%,16.05,16.8,17.7,636,311,2.05,111.65%,152.89%,0.656258,2026-08-04
PINS,25.58,2026-08-07,3,Put,22.50,-12.04%,0.28,0.48,0.53,1356,662,2.05,71.84%,167.95%,-0.17863,2026-08-04
MRK,128,2026-08-07,3,Call,132.00,-3.13%,0.4,0.52,0.71,1444,706,2.05,30.80%,41.01%,0.20978,2026-08-04
IBM,235.15,2026-08-14,10,Call,250.00,-6.32%,1.7,1.8,2,2073,1011,2.05,41.57%,42.81%,0.204322,2026-08-04
AMZN,277.42,2026-08-05,1,Call,270.00,+2.67%,7.4,8,8.9,2236,1092,2.05,33.62%,54.32%,0.834303,2026-08-04
BYND,0.6337,2026-09-18,45,Call,0.5000,+21.10%,0.18,0.21,0.24,3363,1638,2.05,163.47%,168.45%,0.759334,2026-08-04
MU,892.67,2026-08-07,3,Call,"1,100.00",-23.23%,1.41,1.61,1.56,3899,1901,2.05,91.09%,125.58%,0.037959,2026-08-04
INTC,100.86,2026-08-05,1,Call,102.00,-1.13%,2.05,2.1,2.15,6681,3266,2.05,87.22%,124.06%,0.444594,2026-08-04
GOOG,375.35,2026-08-07,3,Call,375.00,+0.09%,5.2,5.65,5.6,8975,4368,2.05,33.34%,38.11%,0.52087,2026-08-04
HOOD,93.51,2026-08-14,10,Call,95.00,-1.59%,3.8,3.85,3.95,2259,1108,2.04,68.74%,73.01%,0.475206,2026-08-04
PLTR,162.66,2026-08-07,3,Call,144.00,+11.47%,18.75,19.03,19.35,2707,1329,2.04,53.97%,88.80%,0.940327,2026-08-04
SPCX,125.33,2026-08-07,3,Put,113.00,-9.84%,4.7,4.9,4.95,3297,1619,2.04,111.65%,227.77%,-0.27222,2026-08-04
POET,8.57,2026-08-14,10,Call,8.50,+0.82%,0.78,0.82,0.85,3509,1718,2.04,120.10%,137.91%,0.561362,2026-08-04
FISV,55.78,2026-08-07,3,Put,50.00,-10.36%,0.2,0.7,0.9,3785,1858,2.04,55.89%,126.71%,-0.155732,2026-08-04
TSLA,327.35,2026-09-04,31,Call,325.00,+0.72%,18.95,19.2,19.5,1029,505,2.04,45.35%,46.22%,0.557344,2026-08-04
GTLB,36.48,2026-09-18,45,Call,37.50,-2.80%,3.3,3.68,3.8,604,297,2.03,73.61%,76.84%,0.519791,2026-08-04
NBIS,225.74,2026-08-07,3,Call,285.00,-26.25%,0.82,0.95,1.01,712,351,2.03,140.17%,162.76%,0.06629,2026-08-04
ANET,190.51,2026-08-07,3,Call,230.00,-20.73%,0.74,0.86,0.99,1125,555,2.03,73.20%,142.13%,0.081469,2026-08-04
AMD,518.58,2026-08-07,3,Call,620.00,-19.56%,3.45,3.79,3.8,1247,613,2.03,81.75%,152.32%,0.110775,2026-08-04
INTC,100.86,2026-08-14,10,Call,119.00,-17.99%,1.34,1.42,1.56,4052,1995,2.03,87.22%,98.30%,0.176178,2026-08-04
WMT,111.55,2026-08-07,3,Call,111.00,+0.49%,1.51,1.56,1.57,4157,2048,2.03,33.36%,30.60%,0.579296,2026-08-04
INTC,100.86,2026-08-07,3,Call,100.00,+0.85%,4.35,4.45,4.5,26755,13179,2.03,87.22%,109.27%,0.55509,2026-08-04
RKLB,74.48,2026-08-07,3,Put,70.00,-6.02%,1.2,1.31,1.3,2086,1034,2.02,104.28%,113.92%,-0.256256,2026-08-04
AAPL,309.38,2026-08-21,17,Call,307.50,+0.61%,7.95,8.4,8.7,2607,1289,2.02,26.85%,26.72%,0.56388,2026-08-04
AAPL,309.38,2026-08-14,10,Call,307.50,+0.61%,6.6,6.85,7.15,2693,1334,2.02,26.85%,28.17%,0.568763,2026-08-04
FLY,23.33,2026-09-18,45,Call,40.00,-71.45%,0.55,0.7,0.75,5062,2507,2.02,126.99%,121.83%,0.150148,2026-08-04
MSFT,492.81,2026-08-10,6,Call,500.00,-1.46%,4.65,5.4,5.4,780,387,2.02,30.75%,31.63%,0.372448,2026-08-04
Z,36.28,2026-08-21,17,Call,42.50,-17.14%,0.65,0.7,0.75,1016,502,2.02,73.65%,81.32%,0.210583,2026-08-04
AMD,518.58,2026-08-14,10,Put,440.00,-15.15%,5.45,6.06,7.05,500,249,2.01,81.75%,98.19%,-0.136121,2026-08-04
BMO,179.79,2026-09-18,45,Put,190.00,+5.68%,10.6,11,12.6,502,250,2.01,23.70%,19.85%,-0.773491,2026-08-04
SGHC,13.92,2026-08-21,17,Call,16.00,-14.94%,0.05,0.1,0.25,630,314,2.01,51.30%,61.23%,0.1634,2026-08-04
AVGO,418.16,2026-08-14,10,Call,450.00,-7.61%,4.85,5.06,5.55,658,328,2.01,56.06%,57.06%,0.235376,2026-08-04
KLAC,195.45,2026-09-18,45,Call,310.00,-58.61%,1,1.45,1.9,712,354,2.01,80.94%,79.55%,0.067105,2026-08-04
GOOGL,377.65,2026-08-05,1,Call,395.00,-4.59%,0.13,0.17,0.2,835,415,2.01,33.90%,49.21%,0.042065,2026-08-04
NVO,44.28,2026-08-14,10,Call,47.00,-6.14%,0.41,0.44,0.48,1395,695,2.01,41.80%,47.14%,0.230023,2026-08-04
ARM,280.56,2026-08-07,3,Call,275.00,+1.98%,15.7,16.26,16.8,1801,897,2.01,93.79%,131.87%,0.590847,2026-08-04
OPEN,4.12,2026-08-14,10,Call,4.50,-9.22%,0.23,0.23,0.24,4062,2023,2.01,102.85%,139.14%,0.396023,2026-08-04
SPCX,125.33,2026-08-07,3,Call,230.00,-83.52%,0.48,0.59,0.59,3949,1976,2,111.65%,346.18%,0.037827,2026-08-04
EOSE,4.35,2026-08-07,3,Call,5.00,-14.94%,0.16,0.2,0.2,5480,2741,2,139.60%,254.40%,0.313022,2026-08-04
BB,8.87,2026-08-07,3,Call,9.00,-1.47%,0.15,0.15,0.22,13827,6919,2,78.90%,75.34%,0.430725,2026-08-04
META,587.94,2026-08-14,10,Put,575.00,-2.20%,8.55,8.25,9.85,610,305,2,38.34%,38.98%,-0.348602,2026-08-04
AVGO,418.16,2026-08-05,1,Put,380.00,-9.13%,0.12,0.14,0.16,806,403,2,56.06%,89.42%,-0.019253,2026-08-04
AMD,518.58,2026-08-07,3,Put,475.00,-8.40%,6.95,8,8.25,1167,584,2,81.75%,129.25%,-0.208944,2026-08-04
CPNG,16.78,2026-08-07,3,Call,18.00,-7.27%,0.22,0.39,0.39,964,485,1.99,68.57%,121.52%,0.281183,2026-08-04
TDOC,6.71,2026-10-16,73,Call,7.00,-4.32%,0.35,0.58,0.7,1023,513,1.99,61.37%,52.41%,0.487361,2026-08-04
TSLA,327.35,2026-08-07,3,Call,347.50,-6.16%,1.23,1.25,1.29,1855,931,1.99,45.35%,59.75%,0.142242,2026-08-04
MSFT,492.81,2026-08-05,1,Put,472.50,-4.12%,0.21,0.17,0.49,3682,1848,1.99,30.75%,52.20%,-0.059752,2026-08-04
CSCO,121.74,2026-09-18,45,Put,95.00,-21.96%,0.6,0.63,0.71,4647,2331,1.99,52.02%,50.14%,-0.065193,2026-08-04
SPCX,125.33,2026-08-07,3,Put,112.00,-10.64%,4.4,4.5,4.6,4842,2429,1.99,111.65%,228.09%,-0.258315,2026-08-04
META,587.94,2026-08-07,3,Call,600.00,-2.05%,5,5.4,5.4,7970,4010,1.99,38.34%,46.79%,0.325913,2026-08-04
ORCL,145.74,2026-08-14,10,Call,152.50,-4.64%,3.85,3.9,4.05,2527,1275,1.98,73.19%,68.81%,0.36839,2026-08-04
PLTR,162.66,2026-11-20,108,Call,175.00,-7.59%,16.05,16,16.35,2602,1311,1.98,53.97%,57.84%,0.484475,2026-08-04
BKNG,194.27,2026-08-07,3,Call,200.00,-2.95%,4.1,4.7,5.1,3925,1984,1.98,48.22%,99.39%,0.391603,2026-08-04
CRWV,91.9,2026-08-14,10,Call,100.00,-8.81%,5.4,5.58,5.75,4872,2461,1.98,114.03%,142.80%,0.407084,2026-08-04
MRVL,218.59,2026-08-07,3,Call,220.00,-0.65%,9,9.2,9.75,5534,2792,1.98,98.84%,126.60%,0.501543,2026-08-04
CRWV,91.9,2026-08-07,3,Call,104.00,-13.17%,0.96,1.19,1.09,521,263,1.98,114.03%,137.10%,0.175994,2026-08-04
TRIN,18.16,2026-10-16,73,Put,17.50,-3.63%,0.5,0.54,0.95,645,326,1.98,37.34%,32.30%,-0.368952,2026-08-04
CRWD,211.22,2026-08-14,10,Put,190.00,-10.05%,1.34,1.44,1.69,715,362,1.98,63.84%,61.12%,-0.13432,2026-08-04
IREN,40.85,2026-08-07,3,Put,39.50,-3.30%,1.41,1.52,1.51,1020,514,1.98,124.25%,142.56%,-0.37197,2026-08-04
GOOG,375.35,2026-08-14,10,Put,375.00,-0.09%,7.45,8.1,8.35,1169,589,1.98,33.34%,33.21%,-0.476958,2026-08-04
DIS,98.18,2026-08-07,3,Call,103.00,-4.91%,1.23,1.44,1.4,1330,673,1.98,34.13%,86.78%,0.284505,2026-08-04
WMT,111.55,2026-08-21,17,Call,118.00,-5.78%,1.29,1.32,1.4,1383,697,1.98,33.36%,37.14%,0.259257,2026-08-04
SYM,47.46,2026-08-07,3,Call,55.00,-15.89%,0.7,1.05,1.25,529,268,1.97,91.65%,191.32%,0.2231,2026-08-04
BABA,128.99,2026-08-14,10,Call,129.00,-0.01%,3.75,3.94,4.05,562,285,1.97,48.39%,45.80%,0.51497,2026-08-04
QCOM,162.67,2026-08-07,3,Call,172.50,-6.04%,1.18,1.34,1.34,598,304,1.97,58.90%,75.79%,0.206647,2026-08-04
CRCL,63.25,2026-08-07,3,Put,64.00,+1.19%,4,4,4.5,814,413,1.97,96.17%,168.47%,-0.499704,2026-08-04
DKNG,23.61,2026-08-07,3,Put,24.00,+1.65%,1.2,1.41,1.52,1056,536,1.97,69.10%,134.61%,-0.528429,2026-08-04
AMD,518.58,2026-08-07,3,Call,580.00,-11.84%,7.75,8.2,9.2,2047,1040,1.97,81.75%,148.93%,0.223799,2026-08-04
MSFT,492.81,2026-08-21,17,Put,480.00,-2.60%,7.3,7.7,7.9,3040,1546,1.97,30.75%,31.63%,-0.331057,2026-08-04
AAPL,309.38,2026-08-07,3,Put,315.00,+1.82%,6.6,7.06,7.5,4245,2154,1.97,26.85%,32.05%,-0.725656,2026-08-04
SOFI,18.7,2026-08-14,10,Put,17.00,-9.09%,0.13,0.14,0.14,4965,2514,1.97,51.74%,57.03%,-0.143113,2026-08-04
ASTS,70.31,2026-08-07,3,Call,75.00,-6.67%,1.65,1.66,1.71,6645,3376,1.97,114.11%,134.65%,0.320761,2026-08-04
EIX,70.69,2026-09-18,45,Put,67.50,-4.51%,2.25,2.45,3.6,2285,1167,1.96,41.06%,44.60%,-0.355717,2026-08-04
META,587.94,2026-08-07,3,Call,610.00,-3.75%,2.8,2.85,3,2675,1366,1.96,38.34%,47.90%,0.205975,2026-08-04
VLN,1.75,2026-08-21,17,Call,2.0000,-14.29%,0.15,0.17,0.2,2992,1528,1.96,176.76%,175.70%,0.437164,2026-08-04
AAPL,309.38,2026-08-07,3,Put,302.50,-2.22%,1.03,1.02,1.12,4716,2411,1.96,26.85%,31.72%,-0.210455,2026-08-04
UBER,71.99,2026-08-07,3,Call,72.00,-0.01%,2.5,2.69,2.69,4966,2537,1.96,45.26%,99.49%,0.51869,2026-08-04
BMO,179.79,2026-09-18,45,Call,190.00,-5.68%,2.1,2.35,2.9,502,256,1.96,23.70%,24.24%,0.276334,2026-08-04
AMD,518.58,2026-11-20,108,Call,510.00,+1.65%,88.5,96.35,92.15,514,262,1.96,81.75%,75.27%,0.607688,2026-08-04
RKLB,74.48,2026-08-07,3,Put,69.00,-7.36%,0.88,0.96,1.04,554,282,1.96,104.28%,112.76%,-0.211455,2026-08-04
TSLA,327.35,2026-09-18,45,Put,500.00,+52.74%,168.65,172.15,175.95,675,344,1.96,45.35%,59.26%,-0.990718,2026-08-04
META,587.94,2027-09-17,409,Call,"1,070.00",-81.99%,19.7,20.4,20.5,756,386,1.96,38.34%,44.06%,0.167452,2026-08-04
MOS,22.71,2026-08-07,3,Call,22.00,+3.13%,0.95,1.2,1.5,984,503,1.96,52.72%,101.73%,0.651736,2026-08-04
AMD,518.58,2027-03-19,227,Put,290.00,-44.08%,14.4,15.5,16.45,1079,550,1.96,81.75%,71.67%,-0.088558,2026-08-04
NVO,44.28,2026-08-14,10,Put,43.50,-1.76%,0.92,1,1.19,1220,623,1.96,41.80%,48.05%,-0.400624,2026-08-04
SNDK,1427.62,2026-08-07,3,Put,"1,350.00",-5.44%,69.9,70.43,73.2,682,350,1.95,129.69%,211.46%,-0.348699,2026-08-04
AAOI,131.63,2026-08-07,3,Call,200.00,-51.94%,0.7,0.7,0.75,720,370,1.95,148.08%,271.17%,0.057345,2026-08-04
ZBH,95.81,2026-08-21,17,Call,105.00,-9.59%,0.35,0.71,1.1,764,391,1.95,40.47%,41.32%,0.166197,2026-08-04
SPCX,125.33,2026-08-21,17,Put,109.00,-13.03%,6.1,6.35,6.45,838,429,1.95,111.65%,128.37%,-0.258569,2026-08-04
ABT,105.46,2026-09-18,45,Put,97.50,-7.55%,1.25,1.33,1.45,1017,522,1.95,30.12%,29.78%,-0.206513,2026-08-04
ARM,280.56,2026-08-07,3,Call,400.00,-42.57%,0.1,0.12,0.14,1128,577,1.95,93.79%,160.64%,0.009135,2026-08-04
NVDA,211.94,2026-08-12,8,Call,215.00,-1.44%,3.35,3.55,3.5,1303,668,1.95,41.33%,37.61%,0.413979,2026-08-04
NVO,44.28,2026-10-16,73,Call,42.50,+4.02%,3,4.25,4.1,1567,802,1.95,41.80%,35.73%,0.614535,2026-08-04
TSLA,327.35,2026-08-14,10,Call,325.00,+0.72%,11.55,11.7,11.85,2606,1338,1.95,45.35%,47.90%,0.556885,2026-08-04
AAPL,309.38,2026-08-07,3,Call,305.00,+1.42%,6.05,6.25,6.5,18246,9359,1.95,26.85%,32.54%,0.694018,2026-08-04
SPCX,125.33,2026-08-07,3,Call,150.00,-19.68%,3.55,3.6,3.75,36081,18470,1.95,111.65%,246.46%,0.244705,2026-08-04
AVGO,418.16,2026-08-07,3,Call,425.00,-1.64%,6.9,6.95,7.4,1910,986,1.94,56.06%,66.69%,0.407436,2026-08-04
C,136.87,2026-11-20,108,Put,105.00,-23.28%,0.88,0.98,1.09,2083,1075,1.94,29.79%,37.00%,-0.073752,2026-08-04
SPCX,125.33,2026-08-07,3,Call,128.00,-2.13%,9.65,9.82,10,2115,1090,1.94,111.65%,242.65%,0.506184,2026-08-04
JOBY,7.97,2026-11-20,108,Call,9.00,-12.92%,1.06,1.2,1.2,2200,1132,1.94,91.04%,85.54%,0.498363,2026-08-04
SHOP,123.3,2026-08-07,3,Put,100.00,-18.90%,0.87,0.95,0.99,2218,1144,1.94,74.98%,184.51%,-0.090529,2026-08-04
SPCX,125.33,2026-08-07,3,Put,125.00,-0.26%,10.25,10.5,10.5,11171,5771,1.94,111.65%,233.65%,-0.452438,2026-08-04
TGB,7.83,2026-10-16,73,Call,9.00,-14.94%,0.5,0.65,0.75,525,271,1.94,81.12%,73.25%,0.405662,2026-08-04
MSTR,97.65,2026-08-07,3,Call,97.50,+0.15%,2.86,3.15,3.15,1361,700,1.94,74.56%,82.62%,0.524703,2026-08-04
DIS,98.18,2026-08-07,3,Put,87.00,-11.39%,0.15,0.17,0.17,611,317,1.93,34.13%,83.12%,-0.050227,2026-08-04
AVGO,418.16,2026-09-04,31,Call,500.00,-19.57%,6.6,7.05,7.5,639,331,1.93,56.06%,61.57%,0.186135,2026-08-04
CLF,12.31,2026-08-07,3,Put,12.00,-2.52%,0.18,0.28,0.28,793,411,1.93,69.57%,83.02%,-0.352609,2026-08-04
AAPL,309.38,2026-08-10,6,Call,307.50,+0.61%,4.35,5.18,5.45,6230,3238,1.92,26.85%,24.03%,0.591223,2026-08-04
HOOD,93.51,2026-08-07,3,Call,100.00,-6.94%,0.72,0.73,0.75,11517,5984,1.92,68.74%,82.50%,0.196019,2026-08-04
NVDA,211.94,2026-08-07,3,Call,215.00,-1.44%,2,2.04,2.03,56146,29221,1.92,41.33%,42.78%,0.365564,2026-08-04
TE,5.43,2026-08-07,3,Put,5.00,-7.92%,0.15,0.15,0.2,1461,761,1.92,160.43%,185.44%,-0.282168,2026-08-04
SPCX,125.33,2026-08-14,10,Call,119.00,+5.05%,15.05,15.7,16.45,519,272,1.91,111.65%,152.46%,0.631384,2026-08-04
TSLA,327.35,2026-08-14,10,Put,325.00,-0.72%,8.8,8.9,9,561,294,1.91,45.35%,47.22%,-0.443724,2026-08-04
GOOG,375.35,2026-08-07,3,Put,362.50,-3.42%,1.03,1.04,1.15,903,472,1.91,33.34%,38.85%,-0.155327,2026-08-04
NFLX,73.57,2026-08-14,10,Put,73.00,-0.77%,1.56,1.6,1.6,1145,598,1.91,37.21%,38.88%,-0.434237,2026-08-04
UPST,30.32,2026-08-07,3,Call,36.00,-18.73%,0.4,0.44,0.45,1211,635,1.91,89.29%,182.63%,0.170402,2026-08-04
RBLX,37,2026-10-16,73,Call,40.00,-8.11%,3.4,3.55,3.65,2218,1160,1.91,71.40%,69.81%,0.47214,2026-08-04
ASTS,70.31,2026-08-07,3,Call,85.00,-20.89%,0.28,0.34,0.34,3032,1587,1.91,114.11%,141.92%,0.079558,2026-08-04
BKNG,194.27,2026-08-07,3,Put,185.00,-4.77%,2.55,3.2,3.5,4788,2502,1.91,48.22%,97.34%,-0.274061,2026-08-04
UBER,71.99,2026-08-07,3,Put,70.00,-2.76%,1.65,1.69,1.73,5021,2628,1.91,45.26%,100.16%,-0.360561,2026-08-04
SPCX,125.33,2026-08-28,24,Put,110.00,-12.23%,7.5,7.6,7.8,2674,1405,1.9,111.65%,117.76%,-0.277644,2026-08-04
CLSK,14.17,2026-08-21,17,Call,17.00,-19.97%,0.5,0.5,0.53,7249,3812,1.9,110.77%,114.21%,0.271351,2026-08-04
AEHR,109.89,2026-08-07,3,Call,115.00,-4.65%,3.4,4.5,5.8,523,275,1.9,133.11%,168.42%,0.413156,2026-08-04
EOSE,4.35,2026-08-07,3,Put,4.50,+3.45%,0.41,0.5,0.64,575,303,1.9,139.60%,279.90%,-0.502321,2026-08-04
NVO,44.28,2026-08-21,17,Call,48.00,-8.40%,0.41,0.49,0.52,745,393,1.9,41.80%,43.99%,0.205574,2026-08-04
DIS,98.18,2026-08-07,3,Put,86.00,-12.41%,0.07,0.12,0.12,751,396,1.9,34.13%,80.96%,-0.032732,2026-08-04
CHWY,24.1,2026-08-07,3,Call,25.00,-3.73%,0.17,0.2,0.2,976,515,1.9,55.82%,57.72%,0.25177,2026-08-04
KMB,111.57,2026-08-07,3,Call,109.00,+2.30%,2.45,3.28,3.4,988,520,1.9,25.14%,31.25%,0.798098,2026-08-04
DGXX,3.95,2027-01-15,164,Put,2.00,-49.37%,0.2,0.2,0.3,1251,657,1.9,122.10%,124.49%,-0.105537,2026-08-04
SOFI,18.7,2026-08-14,10,Put,18.00,-3.74%,0.34,0.35,0.36,1777,934,1.9,51.74%,53.35%,-0.313518,2026-08-04
CRWV,91.9,2026-08-07,3,Call,102.00,-10.99%,1.28,1.37,1.41,699,369,1.89,114.03%,136.73%,0.218616,2026-08-04
LLY,1115.68,2026-08-07,3,Call,"1,200.00",-7.56%,12.5,12.9,13.95,737,389,1.89,45.24%,102.11%,0.230203,2026-08-04
SPCX,125.33,2026-08-21,17,Call,122.00,+2.66%,15.2,15.75,16.35,850,449,1.89,111.65%,131.45%,0.595896,2026-08-04
ASTS,70.31,2026-08-07,3,Call,78.00,-10.94%,0.98,1,1.1,872,461,1.89,114.11%,136.95%,0.220176,2026-08-04
STX,845.35,2026-08-07,3,Put,780.00,-7.73%,14.9,16.3,20.5,995,526,1.89,100.16%,145.51%,-0.248955,2026-08-04
POET,8.57,2026-08-28,24,Call,9.00,-5.02%,0.87,0.82,0.96,1112,587,1.89,120.10%,123.91%,0.504894,2026-08-04
U,35.22,2026-08-07,3,Call,40.00,-13.57%,0.81,0.95,0.95,2766,1464,1.89,86.48%,191.44%,0.259507,2026-08-04
IREN,40.85,2026-08-21,17,Put,37.00,-9.42%,2.42,2.49,2.57,5902,3118,1.89,124.25%,124.69%,-0.305798,2026-08-04
SPCX,125.33,2026-08-07,3,Put,100.00,-20.21%,1.43,1.45,1.5,60167,31917,1.89,111.65%,221.69%,-0.110228,2026-08-04
MRVL,218.59,2026-08-07,3,Put,215.00,-1.64%,7.6,8.03,8.2,689,366,1.88,98.84%,122.69%,-0.41812,2026-08-04
VRT,269.93,2026-08-07,3,Call,275.00,-1.88%,7.15,7.85,8.5,1084,577,1.88,73.41%,102.81%,0.44039,2026-08-04
DIS,98.18,2026-08-07,3,Call,99.00,-0.84%,2.34,2.8,2.99,1532,815,1.88,34.13%,85.73%,0.472967,2026-08-04
WHR,44.62,2026-08-21,17,Put,42.50,-4.75%,1.25,1.35,1.45,1561,832,1.88,58.93%,59.38%,-0.332771,2026-08-04
RYAM,8.76,2026-08-21,17,Call,10.00,-14.16%,0,0.3,0.3,503,269,1.87,78.96%,70.33%,0.213022,2026-08-04
BE,228.11,2026-08-07,3,Put,202.50,-11.23%,3.4,3.7,4.2,556,297,1.87,126.18%,163.72%,-0.189855,2026-08-04
PLTR,162.66,2026-10-16,73,Put,155.00,-4.71%,10.6,10.82,10.85,760,406,1.87,53.97%,52.00%,-0.363676,2026-08-04
BABA,128.99,2026-08-07,3,Put,127.00,-1.54%,1.29,1.45,1.53,853,456,1.87,48.39%,49.03%,-0.354567,2026-08-04
APP,419.7,2026-08-07,3,Call,500.00,-19.13%,4,4.2,4.4,978,524,1.87,87.38%,166.27%,0.139157,2026-08-04
NFLX,73.57,2026-08-14,10,Call,69.00,+6.21%,3.75,4.95,5.35,1038,556,1.87,37.21%,36.62%,0.865386,2026-08-04
LUNR,13.96,2027-01-15,164,Call,27.00,-93.41%,1.59,1.73,1.85,1528,817,1.87,125.47%,118.28%,0.339483,2026-08-04
NVTS,12.69,2027-01-15,164,Call,44.00,-246.73%,0.44,0.53,0.57,1605,860,1.87,117.36%,120.67%,0.133196,2026-08-04
SPCX,125.33,2026-08-07,3,Call,280.00,-123.41%,0.26,0.35,0.38,1661,887,1.87,111.65%,401.09%,0.021299,2026-08-04
AAPL,309.38,2026-08-07,3,Call,307.50,+0.61%,4.5,4.66,5.05,11950,6406,1.87,26.85%,33.28%,0.589422,2026-08-04
NVDA,211.94,2026-08-07,3,Put,200.00,-5.63%,0.36,0.37,0.38,19408,10403,1.87,41.33%,47.80%,-0.086086,2026-08-04
SN,168.19,2026-08-21,17,Put,155.00,-7.84%,4.4,4.75,5.2,2915,1569,1.86,61.61%,72.98%,-0.272045,2026-08-04
MU,892.67,2026-08-05,1,Put,750.00,-15.98%,0.55,0.6,0.62,3013,1620,1.86,91.09%,165.54%,-0.019987,2026-08-04
F,14.24,2026-08-07,3,Call,14.00,+1.69%,0.32,0.34,0.35,3882,2089,1.86,34.70%,37.61%,0.696481,2026-08-04
VSH,38.85,2026-08-21,17,Call,40.00,-2.96%,3.6,3.85,4.1,9279,4978,1.86,115.41%,129.57%,0.51563,2026-08-04
PATH,14.1,2026-08-21,17,Call,13.50,+4.26%,1.13,1.15,1.22,527,284,1.86,79.91%,69.70%,0.646384,2026-08-04
MCD,268.34,2026-08-07,3,Call,272.50,-1.55%,1.4,1.6,1.94,618,332,1.86,24.15%,34.16%,0.315888,2026-08-04
ORCL,145.74,2026-09-11,38,Call,150.00,-2.92%,12.1,12.62,13.45,655,352,1.86,73.19%,77.31%,0.50686,2026-08-04
IBM,235.15,2026-08-07,3,Call,242.50,-3.13%,1.41,1.6,1.64,691,372,1.86,41.57%,48.82%,0.250766,2026-08-04
TE,5.43,2026-12-18,136,Call,22.00,-305.16%,0.25,0.27,0.55,697,375,1.86,160.43%,166.37%,0.196041,2026-08-04
AMD,518.58,2026-08-05,1,Call,490.00,+5.51%,37,39,42.4,793,426,1.86,81.75%,214.37%,0.713041,2026-08-04
NOW,118.14,2026-08-07,3,Put,112.00,-5.20%,0.85,0.89,0.93,811,435,1.86,62.53%,72.74%,-0.198653,2026-08-04
PYPL,58.54,2026-08-07,3,Call,57.00,+2.63%,1.6,1.73,1.89,1108,595,1.86,30.23%,34.31%,0.81045,2026-08-04
UBER,71.99,2026-08-14,10,Call,75.00,-4.18%,1.7,1.75,2.25,1492,801,1.86,45.26%,66.69%,0.379459,2026-08-04
AVGO,418.16,2026-08-14,10,Call,425.00,-1.64%,12.2,12.15,13,725,392,1.85,56.06%,56.20%,0.452538,2026-08-04
SMCI,31.69,2026-08-07,3,Call,33.50,-5.71%,0.59,0.66,0.65,1627,879,1.85,104.94%,112.99%,0.312703,2026-08-04
GME,19.21,2027-06-17,317,Call,32.00,-66.58%,1.11,1.15,1.63,1782,961,1.85,45.52%,63.87%,0.257931,2026-08-04
PLTR,162.66,2026-10-16,73,Call,180.00,-10.66%,9.25,9.29,9.45,2569,1391,1.85,53.97%,53.06%,0.390862,2026-08-04
ORCL,145.74,2026-08-07,3,Call,144.00,+1.19%,4.8,4.83,5.1,2994,1615,1.85,73.19%,76.47%,0.583347,2026-08-04
SNDK,1427.62,2026-08-07,3,Call,"1,400.00",+1.93%,119.1,123.18,124.2,3308,1790,1.85,129.69%,209.71%,0.579026,2026-08-04
INTC,100.86,2026-08-05,1,Put,91.00,-9.78%,0.25,0.27,0.28,3532,1907,1.85,87.22%,141.39%,-0.07661,2026-08-04
SKHY,154.38,2026-08-21,17,Put,135.00,-12.55%,7.2,7.63,7.8,4422,2388,1.85,114.80%,123.83%,-0.260731,2026-08-04
NOK,9.92,2026-08-07,3,Call,10.50,-5.85%,0.11,0.12,0.12,20533,11110,1.85,72.06%,88.23%,0.252021,2026-08-04
ORCL,145.74,2026-08-07,3,Put,140.00,-3.94%,1.64,1.65,1.72,3804,2066,1.84,73.19%,75.58%,-0.266564,2026-08-04
ASTS,70.31,2026-08-28,24,Call,110.00,-56.45%,1,1.14,1.2,570,309,1.84,114.11%,126.50%,0.113084,2026-08-04
IBM,235.15,2026-08-14,10,Put,215.00,-8.57%,0.95,1.2,1.2,584,318,1.84,41.57%,46.99%,-0.116273,2026-08-04
DELL,467.27,2027-01-15,164,Put,210.00,-55.06%,6.4,7.29,8.15,606,330,1.84,93.38%,89.46%,-0.048755,2026-08-04
MU,892.67,2026-08-07,3,Put,870.00,-2.54%,28.65,28.9,29.2,699,380,1.84,91.09%,123.44%,-0.386644,2026-08-04
GLW,159.89,2026-09-18,45,Call,380.00,-137.66%,0.19,0.2,0.36,747,406,1.84,82.02%,104.15%,0.01485,2026-08-04
DT,45.71,2026-08-21,17,Put,45.00,-1.55%,2,2.5,2.85,1005,546,1.84,60.71%,71.74%,-0.425684,2026-08-04
SPCX,125.33,2026-08-07,3,Call,129.00,-2.93%,9.3,9.3,9.6,1826,991,1.84,111.65%,243.46%,0.49239,2026-08-04
CMG,33.82,2026-08-07,3,Put,33.00,-2.42%,0.37,0.41,0.46,1060,578,1.83,43.36%,62.79%,-0.321236,2026-08-04
CBRS,227.15,2026-08-07,3,Call,230.00,-1.25%,8.5,9.54,10.9,1114,608,1.83,121.71%,133.59%,0.484066,2026-08-04
AMZN,277.42,2026-08-14,10,Put,257.50,-7.18%,0.83,0.83,0.95,1309,716,1.83,33.62%,37.36%,-0.105563,2026-08-04
CIFR,20.38,2026-08-07,3,Put,22.00,+7.95%,1.99,2.41,2.25,1914,1047,1.83,120.44%,148.27%,-0.691625,2026-08-04
GOOGL,377.65,2026-09-18,45,Call,425.00,-12.54%,3.95,4.35,4.55,3270,1788,1.83,33.90%,33.76%,0.183703,2026-08-04
SNDK,1427.62,2026-08-07,3,Call,"2,000.00",-40.09%,4,4.6,4.6,4251,2317,1.83,129.69%,204.71%,0.042527,2026-08-04
MU,892.67,2026-08-07,3,Call,950.00,-6.42%,17.45,17.65,17.9,8467,4624,1.83,91.09%,119.79%,0.302831,2026-08-04
AAPL,309.38,2026-08-14,10,Call,315.00,-1.82%,3.3,3.4,3.65,4176,2294,1.82,26.85%,27.93%,0.364298,2026-08-04
GPN,88.25,2026-09-18,45,Call,90.00,-1.98%,5.7,5.91,6.4,4290,2361,1.82,59.58%,54.36%,0.502984,2026-08-04
ORCL,145.74,2027-03-19,227,Put,65.00,-55.40%,1.67,1.99,2.52,625,344,1.82,73.19%,75.33%,-0.046028,2026-08-04
SPCX,125.33,2026-09-04,31,Call,140.00,-11.71%,10.6,10.97,11.3,679,373,1.82,111.65%,111.87%,0.433718,2026-08-04
HPE,52.39,2026-08-21,17,Call,52.00,+0.74%,3.6,3.8,4,824,453,1.82,83.16%,79.62%,0.553939,2026-08-04
TE,5.43,2026-10-16,73,Put,7.00,+28.91%,2.25,2.52,2.6,951,522,1.82,160.43%,142.65%,-0.529358,2026-08-04
SPCE,2.95,2026-08-14,10,Call,3.50,-18.64%,0.1,0.12,0.13,1040,572,1.82,117.04%,149.14%,0.285974,2026-08-04
APPS,9.51,2026-08-21,17,Put,8.00,-15.88%,0.5,0.65,0.75,1075,592,1.82,142.29%,165.97%,-0.252729,2026-08-04
TSLA,327.35,2026-09-04,31,Call,330.00,-0.81%,16.6,17,17.05,1090,598,1.82,45.35%,46.22%,0.512314,2026-08-04
MU,892.67,2026-08-07,3,Call,970.00,-8.66%,12.65,12.95,13.1,1727,949,1.82,91.09%,119.44%,0.2387,2026-08-04
LION,13.02,2026-09-18,45,Call,19.00,-45.93%,0,0.1,1,501,277,1.81,60.64%,107.64%,0.212141,2026-08-04
INTC,100.86,2026-08-28,24,Call,97.00,+3.83%,10.95,11.1,11.5,558,308,1.81,87.22%,89.77%,0.615268,2026-08-04
MCD,268.34,2026-08-07,3,Put,257.50,-4.04%,0.22,0.25,0.32,710,393,1.81,24.15%,32.13%,-0.076004,2026-08-04
NVDA,211.94,2026-08-17,13,Call,210.00,+0.92%,6.9,7.23,7.35,752,415,1.81,41.33%,37.65%,0.571645,2026-08-04
KTOS,51.87,2026-11-20,108,Call,50.00,+3.61%,9.7,9.82,10.7,1016,562,1.81,85.44%,81.93%,0.629596,2026-08-04
NVDA,211.94,2026-08-12,8,Call,230.00,-8.52%,0.44,0.45,0.5,1066,588,1.81,41.33%,39.15%,0.085316,2026-08-04
TSLA,327.35,2026-08-14,10,Call,330.00,-0.81%,9.2,9.35,9.5,3399,1878,1.81,45.35%,48.28%,0.480656,2026-08-04
ORCL,145.74,2026-08-07,3,Call,148.00,-1.55%,2.87,3.02,3.15,5240,2901,1.81,73.19%,75.87%,0.425911,2026-08-04
BULL,7.58,2026-08-07,3,Call,7.50,+1.06%,0.24,0.24,0.26,6276,3466,1.81,71.45%,75.67%,0.576652,2026-08-04
INTC,100.86,2026-08-07,3,Put,83.00,-17.71%,0.18,0.19,0.21,2279,1269,1.8,87.22%,127.00%,-0.039861,2026-08-04
AAOI,131.63,2026-08-07,3,Call,120.00,+8.84%,18,18.6,19.2,5305,2952,1.8,148.08%,261.61%,0.694949,2026-08-04
AMD,518.58,2026-08-07,3,Call,625.00,-20.52%,2.97,3.5,3.6,619,344,1.8,81.75%,153.18%,0.101583,2026-08-04
MP,47.47,2026-08-07,3,Call,48.00,-1.12%,1.7,1.77,1.85,762,424,1.8,77.53%,117.22%,0.480636,2026-08-04
FRSH,12.04,2026-08-21,17,Call,15.00,-24.58%,0.2,0.25,0.3,1251,694,1.8,85.40%,102.06%,0.189337,2026-08-04
TSLA,327.35,2026-09-18,45,Call,335.00,-2.34%,18,18.3,18.35,1353,752,1.8,45.35%,45.63%,0.485819,2026-08-04
NVDA,211.94,2026-08-10,6,Put,205.00,-3.27%,1.3,1.41,1.44,1489,825,1.8,41.33%,36.83%,-0.230086,2026-08-04
LUMN,6.71,2026-08-07,3,Call,7.50,-11.77%,0.17,0.18,0.25,1680,935,1.8,92.79%,199.98%,0.298642,2026-08-04
KODK,8.93,2026-08-21,17,Call,7.50,+16.01%,1.35,1.7,2.15,500,280,1.79,79.52%,119.29%,0.791966,2026-08-04
QCOM,162.67,2026-08-28,24,Call,200.00,-22.95%,1.31,1.31,1.57,613,342,1.79,58.90%,63.50%,0.118484,2026-08-04
AMD,518.58,2026-08-07,3,Put,455.00,-12.26%,3.45,3.9,4.15,616,345,1.79,81.75%,129.68%,-0.120246,2026-08-04
MSTR,97.65,2026-08-14,10,Call,101.00,-3.43%,3.3,3.42,3.6,720,403,1.79,74.56%,74.87%,0.419867,2026-08-04
SKHY,154.38,2026-08-14,10,Call,200.00,-29.55%,2.1,2.3,2.5,723,404,1.79,114.80%,133.18%,0.1446,2026-08-04
SHOP,123.3,2026-08-07,3,Put,110.00,-10.79%,2.85,2.99,3.1,803,448,1.79,74.98%,188.15%,-0.224799,2026-08-04
GOOG,375.35,2026-08-07,3,Put,357.50,-4.76%,0.49,0.57,0.61,825,462,1.79,33.34%,40.14%,-0.086261,2026-08-04
RKLB,74.48,2026-08-07,3,Call,79.00,-6.07%,1.43,1.57,1.67,1122,626,1.79,104.28%,119.94%,0.313913,2026-08-04
MU,892.67,2026-08-07,3,Put,890.00,-0.30%,37.15,38,38.5,1208,673,1.79,91.09%,121.86%,-0.466319,2026-08-04
INTC,100.86,2026-08-07,3,Call,103.00,-2.12%,3,3.09,3.2,1792,1001,1.79,87.22%,110.46%,0.437589,2026-08-04
SNDK,1427.62,2026-08-07,3,Call,"1,600.00",-12.07%,44.8,46.65,48,2004,1120,1.79,129.69%,205.09%,0.302009,2026-08-04
CIFR,20.38,2026-08-21,17,Call,22.00,-7.95%,1.45,1.41,1.6,2154,1203,1.79,120.44%,122.62%,0.440232,2026-08-04
CLOV,4.27,2026-08-07,3,Call,4.50,-5.39%,0.11,0.12,0.12,3215,1796,1.79,88.20%,132.42%,0.353994,2026-08-04
CPNG,16.78,2026-08-21,17,Put,14.00,-16.57%,0.11,0.14,0.14,5217,2919,1.79,68.57%,69.67%,-0.098482,2026-08-04
INTC,100.86,2026-08-05,1,Call,104.00,-3.11%,1.35,1.4,1.42,20338,11344,1.79,87.22%,124.54%,0.331241,2026-08-04
TSLA,327.35,2026-08-07,3,Call,352.50,-7.68%,0.82,0.83,0.86,1829,1030,1.78,45.35%,61.85%,0.099068,2026-08-04
MSTR,97.65,2026-08-07,3,Put,93.00,-4.76%,1,1.06,1.12,2015,1129,1.78,74.56%,81.20%,-0.240953,2026-08-04
ORCL,145.74,2026-08-07,3,Call,165.00,-13.22%,0.24,0.26,0.27,2172,1218,1.78,73.19%,83.85%,0.055659,2026-08-04
NVDA,211.94,2026-08-07,3,Put,202.50,-4.45%,0.58,0.58,0.6,5246,2947,1.78,41.33%,45.89%,-0.130955,2026-08-04
PLTR,162.66,2026-08-21,17,Put,113.00,-30.53%,0.12,0.16,0.18,561,315,1.78,53.97%,80.54%,-0.014203,2026-08-04
NVO,44.28,2026-08-21,17,Call,47.00,-6.14%,0.6,0.74,0.7,579,325,1.78,41.80%,43.17%,0.269889,2026-08-04
PLTR,162.66,2026-08-28,24,Put,125.00,-23.15%,0.43,0.47,0.5,630,353,1.78,53.97%,62.57%,-0.041347,2026-08-04
RBLX,37,2026-08-07,3,Call,41.00,-10.81%,0.15,0.16,0.21,728,409,1.78,71.40%,93.16%,0.121053,2026-08-04
SKHY,154.38,2026-12-18,136,Call,250.00,-61.94%,15.5,16.42,17,736,414,1.78,114.80%,104.31%,0.33859,2026-08-04
XOM,153.96,2026-08-07,3,Put,152.50,-0.95%,1.18,1.25,1.33,1362,767,1.78,30.20%,34.30%,-0.372822,2026-08-04
META,587.94,2028-01-21,535,Call,990.00,-68.38%,37.9,37.2,43.8,1446,811,1.78,38.34%,44.20%,0.271195,2026-08-04
CSCO,121.74,2026-08-07,3,Put,114.00,-6.36%,0.09,0.22,0.24,501,283,1.77,52.02%,49.38%,-0.067635,2026-08-04
BA,237.16,2026-08-07,3,Put,227.50,-4.07%,0.54,0.66,0.73,556,314,1.77,33.91%,42.42%,-0.135372,2026-08-04
BAC,62.9,2026-08-28,24,Call,64.00,-1.75%,0.88,1.01,0.99,573,323,1.77,21.56%,21.39%,0.394542,2026-08-04
ZS,163.22,2026-08-07,3,Call,165.00,-1.09%,2.9,3.2,3.45,1651,933,1.77,69.92%,67.09%,0.443128,2026-08-04
SPOT,478.17,2026-08-07,3,Put,490.00,+2.47%,12.4,15.2,18.35,2082,1178,1.77,43.97%,47.02%,-0.708091,2026-08-04
TE,5.43,2026-08-07,3,Call,6.00,-10.50%,0.15,0.22,0.25,3295,1862,1.77,160.43%,206.15%,0.330274,2026-08-04
GOOG,375.35,2026-08-07,3,Put,360.00,-4.09%,0.67,0.73,0.83,3335,1879,1.77,33.34%,39.05%,-0.114202,2026-08-04
MRVL,218.59,2026-08-07,3,Call,240.00,-9.79%,2.99,3.07,3.15,4333,2448,1.77,98.84%,126.22%,0.224547,2026-08-04
SPCX,125.33,2026-08-07,3,Call,220.00,-75.54%,0.55,0.58,0.66,4785,2699,1.77,111.65%,332.98%,0.043461,2026-08-04
ANET,190.51,2026-08-07,3,Call,200.00,-4.98%,6,6.4,6.5,5183,2926,1.77,73.20%,145.80%,0.38228,2026-08-04
INTC,100.86,2026-08-05,1,Put,90.00,-10.77%,0.19,0.21,0.21,9483,5346,1.77,87.22%,143.29%,-0.059664,2026-08-04
F,14.24,2026-08-14,10,Call,14.50,-1.83%,0.18,0.18,0.2,2653,1508,1.76,34.70%,31.96%,0.374965,2026-08-04
MU,892.67,2026-08-05,1,Put,790.00,-11.50%,1.75,1.86,1.91,2731,1556,1.76,91.09%,152.58%,-0.058086,2026-08-04
CRWV,91.9,2026-08-07,3,Call,110.00,-19.70%,0.4,0.42,0.46,3709,2110,1.76,114.03%,138.25%,0.085445,2026-08-04
AMZN,277.42,2026-11-20,108,Put,275.00,-0.87%,18.3,19.24,19.5,640,364,1.76,33.62%,35.82%,-0.427138,2026-08-04
AMD,518.58,2026-11-20,108,Call,590.00,-13.77%,59.2,65,63.65,726,412,1.76,81.75%,76.00%,0.468958,2026-08-04
UBER,71.99,2026-08-21,17,Put,63.00,-12.49%,0.3,0.39,0.44,733,416,1.76,45.26%,50.13%,-0.096567,2026-08-04
ORCL,145.74,2026-08-14,10,Put,140.00,-3.94%,3.65,4,3.9,744,422,1.76,73.19%,66.42%,-0.33518,2026-08-04
JOBY,7.97,2026-08-14,10,Call,7.50,+5.90%,0.72,0.86,0.87,805,458,1.76,91.04%,102.39%,0.673398,2026-08-04
UPS,109.11,2026-08-07,3,Call,110.00,-0.82%,0.79,0.91,0.96,929,528,1.76,27.76%,32.26%,0.394019,2026-08-04
SPCX,125.33,2026-08-14,10,Call,131.00,-4.52%,10.4,10.45,10.75,505,288,1.75,111.65%,156.04%,0.484699,2026-08-04
BKNG,194.27,2026-08-07,3,Put,180.00,-7.35%,1.2,1.88,1.95,607,347,1.75,48.22%,93.31%,-0.171887,2026-08-04
SNAP,5.79,2026-08-28,24,Call,6.50,-12.26%,0.12,0.13,0.14,616,353,1.75,58.11%,60.76%,0.258054,2026-08-04
AMD,518.58,2026-08-07,3,Put,415.00,-19.97%,0.77,0.85,0.98,659,377,1.75,81.75%,138.33%,-0.032771,2026-08-04
CRWD,211.22,2026-08-07,3,Call,222.50,-5.34%,1.36,1.57,1.5,676,386,1.75,63.84%,66.76%,0.204806,2026-08-04
ECHO,91.6,2026-08-14,10,Call,100.00,-9.17%,0.55,1.75,2.55,748,427,1.75,66.84%,71.96%,0.251818,2026-08-04
SPCX,125.33,2026-08-07,3,Put,139.00,+10.91%,18.9,19.9,19.85,910,520,1.75,111.65%,236.47%,-0.646108,2026-08-04
MRVL,218.59,2026-08-14,10,Call,250.00,-14.37%,4.8,5,5.3,1046,599,1.75,98.84%,104.03%,0.245685,2026-08-04
HPE,52.39,2026-08-07,3,Call,57.00,-8.80%,0.36,0.47,0.48,1159,663,1.75,83.16%,95.86%,0.177542,2026-08-04
CRWV,91.9,2026-08-07,3,Put,93.00,+1.20%,4.9,5.03,5.2,1521,868,1.75,114.03%,134.44%,-0.51386,2026-08-04
PFE,25.41,2026-09-04,31,Call,26.00,-2.32%,0.33,0.41,0.47,1557,889,1.75,22.73%,22.61%,0.363279,2026-08-04
TE,5.43,2027-01-15,164,Call,8.00,-47.33%,1.35,1.4,1.5,3189,1823,1.75,160.43%,145.03%,0.541887,2026-08-04
MARA,11.75,2026-08-21,17,Put,10.00,-14.89%,0.3,0.34,0.35,8579,4915,1.75,99.26%,103.09%,-0.199645,2026-08-04
META,587.94,2026-08-07,3,Call,595.00,-1.20%,6.6,6.93,7.25,1962,1128,1.74,38.34%,46.75%,0.399687,2026-08-04
ANET,190.51,2026-08-07,3,Call,205.00,-7.61%,4.45,4.7,5,2456,1408,1.74,73.20%,145.37%,0.312725,2026-08-04
SPCX,125.33,2026-08-07,3,Call,175.00,-39.63%,1.33,1.36,1.42,7242,4172,1.74,111.65%,267.10%,0.104492,2026-08-04
BULL,7.58,2026-08-07,3,Put,7.50,-1.06%,0.16,0.17,0.19,501,288,1.74,71.45%,78.32%,-0.425255,2026-08-04
META,587.94,2026-08-05,1,Put,557.50,-5.18%,0.1,0.14,0.18,695,399,1.74,38.34%,51.49%,-0.023357,2026-08-04
ASTS,70.31,2026-08-07,3,Put,62.00,-11.82%,0.5,0.54,0.58,702,403,1.74,114.11%,128.03%,-0.126294,2026-08-04
ON,80.78,2026-08-07,3,Call,82.00,-1.51%,2,2.25,2.34,844,485,1.74,76.18%,92.66%,0.447126,2026-08-04
MU,892.67,2026-08-07,3,Call,980.00,-9.78%,10.75,10.94,11.2,1202,690,1.74,91.09%,119.58%,0.210653,2026-08-04
UPST,30.32,2026-08-07,3,Put,26.00,-14.25%,0.35,0.41,0.45,503,291,1.73,89.29%,176.33%,-0.148411,2026-08-04
AMD,518.58,2027-01-15,164,Call,730.00,-40.77%,43.5,47.95,46.9,515,298,1.73,81.75%,73.47%,0.339784,2026-08-04
DDOG,288.15,2026-08-07,3,Put,220.00,-23.65%,0.95,1.04,1.51,735,425,1.73,84.95%,195.34%,-0.053273,2026-08-04
MSFT,492.81,2026-08-07,3,Put,482.50,-2.09%,2.66,2.6,3.05,758,437,1.73,30.75%,38.78%,-0.265951,2026-08-04
MU,892.67,2026-12-18,136,Put,40.00,-95.52%,0.01,0.17,0.61,981,567,1.73,91.09%,198.41%,-0.000736,2026-08-04
ANET,190.51,2026-08-07,3,Call,195.00,-2.36%,8,8.28,8.65,1027,592,1.73,73.20%,149.20%,0.459212,2026-08-04
MU,892.67,2026-08-07,3,Call,930.00,-4.18%,23.55,23.6,24.05,1319,762,1.73,91.09%,120.24%,0.374983,2026-08-04
MSFT,492.81,2026-08-07,3,Put,465.00,-5.64%,0.5,0.58,0.6,1329,769,1.73,30.75%,42.96%,-0.064679,2026-08-04
SNDK,1427.62,2026-08-07,3,Put,"1,200.00",-15.94%,25.8,26.32,27.9,1387,803,1.73,129.69%,217.99%,-0.163759,2026-08-04
PLTR,162.66,2026-08-14,10,Call,195.00,-19.88%,0.37,0.4,0.43,1498,868,1.73,53.97%,65.99%,0.055191,2026-08-04
SNDK,1427.62,2026-08-07,3,Call,"1,500.00",-5.07%,76,78,79,3213,1861,1.73,129.69%,207.66%,0.433673,2026-08-04
NFLX,73.57,2026-08-07,3,Put,73.00,-0.77%,0.9,0.9,0.93,3417,1977,1.73,37.21%,44.77%,-0.413687,2026-08-04
SNDK,1427.62,2026-08-07,3,Call,"1,700.00",-19.08%,26.5,27.5,27.3,1865,1086,1.72,129.69%,204.63%,0.198494,2026-08-04
AMZN,277.42,2026-08-07,3,Put,262.50,-5.38%,0.34,0.41,0.41,3754,2179,1.72,33.62%,43.29%,-0.075585,2026-08-04
ORCL,145.74,2026-08-07,3,Call,150.00,-2.92%,2.3,2.31,2.36,29230,16996,1.72,73.19%,76.76%,0.353202,2026-08-04
SEI,57.92,2026-11-20,108,Call,75.00,-29.49%,7.1,7.7,7.9,518,301,1.72,113.90%,101.05%,0.427874,2026-08-04
UBER,71.99,2026-08-14,10,Put,70.00,-2.76%,1.44,2,2.06,528,307,1.72,45.26%,56.59%,-0.361258,2026-08-04
MRVL,218.59,2026-08-14,10,Call,260.00,-18.94%,3.4,3.4,3.65,751,437,1.72,98.84%,105.36%,0.183475,2026-08-04
OXY,55.09,2026-08-07,3,Put,54.00,-1.98%,0.75,0.83,0.88,1036,604,1.72,38.40%,65.41%,-0.356099,2026-08-04
WFC,88.39,2026-08-07,3,Call,89.00,-0.69%,0.46,0.52,0.58,1110,646,1.72,24.10%,24.41%,0.384427,2026-08-04
INTC,100.86,2026-08-07,3,Call,112.00,-11.05%,0.9,0.93,0.97,1312,762,1.72,87.22%,115.72%,0.172638,2026-08-04
CRWV,91.9,2026-08-07,3,Call,91.00,+0.98%,4.85,5.07,5.2,1604,935,1.72,114.03%,137.57%,0.55712,2026-08-04
AMZN,277.42,2026-08-05,1,Put,285.00,+2.73%,7.7,7.75,9,1676,976,1.72,33.62%,55.76%,-0.81802,2026-08-04
SMCI,31.69,2026-08-07,3,Put,29.50,-6.91%,0.36,0.38,0.41,683,399,1.71,104.94%,105.83%,-0.212666,2026-08-04
ORCL,145.74,2026-08-07,3,Put,137.00,-6.00%,0.93,0.98,1.03,691,403,1.71,73.19%,76.08%,-0.175235,2026-08-04
AMZN,277.42,2026-08-10,6,Put,275.00,-0.87%,3.5,3.73,3.85,810,475,1.71,33.62%,34.34%,-0.408164,2026-08-04
VALE,14.83,2026-12-18,136,Call,13.00,+12.34%,2.16,2.2,2.25,1109,649,1.71,33.35%,37.42%,0.739076,2026-08-04
AAOI,131.63,2026-08-07,3,Call,140.00,-6.36%,9.2,9.4,9.8,1301,762,1.71,148.08%,270.55%,0.449261,2026-08-04
NFLX,73.57,2026-08-07,3,Put,74.00,+0.58%,1.38,1.45,1.45,1947,1138,1.71,37.21%,44.92%,-0.546602,2026-08-04
INTC,100.86,2026-08-07,3,Call,98.00,+2.84%,5.5,5.55,5.7,3307,1935,1.71,87.22%,111.10%,0.632501,2026-08-04
AMZN,277.42,2026-08-21,17,Put,275.00,-0.87%,6.65,6.9,7,3930,2301,1.71,33.62%,34.35%,-0.431115,2026-08-04
CIFR,20.38,2026-08-07,3,Put,20.00,-1.86%,0.81,0.92,0.97,3171,1861,1.7,120.44%,146.89%,-0.416906,2026-08-04
PLTR,162.66,2026-08-21,17,Put,150.00,-7.78%,2.9,2.9,2.96,8641,5091,1.7,53.97%,57.50%,-0.233599,2026-08-04
META,587.94,2026-08-07,3,Call,597.50,-1.63%,5.75,5.95,6.3,508,298,1.7,38.34%,46.81%,0.362192,2026-08-04
RDW,10.63,2026-08-07,3,Put,10.00,-5.93%,0.4,0.42,0.45,557,328,1.7,117.66%,186.89%,-0.327485,2026-08-04
UEC,10.5,2026-09-18,45,Call,14.00,-33.33%,0.25,0.26,0.29,668,394,1.7,78.29%,79.29%,0.19002,2026-08-04
LOW,218.08,2026-09-18,45,Call,210.00,+3.71%,15.8,16.1,17.2,729,429,1.7,36.65%,39.52%,0.637043,2026-08-04
AGNC,10.64,2027-03-19,227,Call,11.00,-3.38%,0.37,0.38,0.45,1260,743,1.7,24.59%,17.39%,0.416281,2026-08-04
BAC,62.9,2026-08-14,10,Put,61.00,-3.02%,0.22,0.25,0.25,1285,756,1.7,21.56%,21.62%,-0.187276,2026-08-04
UBER,71.99,2026-08-07,3,Call,84.00,-16.68%,0.15,0.16,0.16,556,329,1.69,45.26%,103.67%,0.055754,2026-08-04
CRM,190.99,2026-08-14,10,Call,200.00,-4.72%,2.77,2.8,2.92,740,437,1.69,50.56%,48.93%,0.301615,2026-08-04
SHAK,66.22,2026-09-18,45,Call,70.00,-5.71%,4,4.7,4.9,1627,961,1.69,79.40%,63.42%,0.453256,2026-08-04
PLTR,162.66,2026-08-21,17,Put,155.00,-4.71%,4.35,4.5,4.5,1973,1168,1.69,53.97%,56.69%,-0.32017,2026-08-04
POET,8.57,2026-08-07,3,Call,8.50,+0.82%,0.41,0.48,0.51,4773,2831,1.69,120.10%,137.06%,0.551932,2026-08-04
CMG,33.82,2026-08-07,3,Put,36.50,+7.92%,2.13,2.29,2.91,2310,1375,1.68,43.36%,44.35%,-0.972183,2026-08-04
XYZ,84.64,2026-08-21,17,Put,77.50,-8.44%,1.62,1.96,2.09,803,478,1.68,57.61%,66.09%,-0.242059,2026-08-04
MU,892.67,2026-10-16,73,Call,780.00,+12.62%,197.6,204.61,203.65,811,484,1.68,91.09%,90.34%,0.71013,2026-08-04
BABA,128.99,2026-08-21,17,Put,121.00,-6.19%,1.92,2.12,2.18,862,514,1.68,48.39%,47.31%,-0.248153,2026-08-04
TSLA,327.35,2026-08-10,6,Put,300.00,-8.35%,0.65,0.65,0.69,956,568,1.68,45.35%,48.06%,-0.072747,2026-08-04
META,587.94,2026-08-28,24,Call,700.00,-19.06%,1.65,1.8,1.9,1116,666,1.68,38.34%,42.92%,0.065422,2026-08-04
QS,5.69,2026-09-18,45,Call,8.00,-40.60%,0.13,0.14,0.16,1122,668,1.68,85.38%,87.99%,0.175241,2026-08-04
UBER,71.99,2026-08-14,10,Call,77.00,-6.96%,1.11,1.24,1.24,1229,730,1.68,45.26%,61.53%,0.274249,2026-08-04
GOOGL,377.65,2026-08-14,10,Put,360.00,-4.67%,2.17,2.37,2.51,1379,821,1.68,33.90%,34.73%,-0.19053,2026-08-04
ADBE,257.49,2026-08-07,3,Put,250.00,-2.91%,2.88,3.25,3.5,1412,839,1.68,54.58%,68.19%,-0.304094,2026-08-04
ORCL,145.74,2026-08-07,3,Put,134.00,-8.06%,0.37,0.45,0.62,1423,849,1.68,73.19%,75.09%,-0.101968,2026-08-04
NOW,118.14,2027-01-15,164,Call,128.00,-8.35%,15.95,16.27,16.5,1534,912,1.68,62.53%,61.22%,0.520723,2026-08-04
AMD,518.58,2026-08-07,3,Call,630.00,-21.49%,2.78,3.2,3.5,1608,956,1.68,81.75%,156.09%,0.096364,2026-08-04
NBIS,225.74,2026-08-07,3,Call,282.50,-25.14%,0.95,1.22,1.2,507,303,1.67,140.17%,163.75%,0.075698,2026-08-04
AAPL,309.38,2026-08-14,10,Put,297.50,-3.84%,1.54,1.68,1.71,572,342,1.67,26.85%,28.82%,-0.194462,2026-08-04
WYNN,97.6,2026-08-21,17,Call,115.00,-17.83%,0.15,0.32,0.55,1049,629,1.67,40.96%,50.76%,0.076053,2026-08-04
AMZN,277.42,2027-12-17,500,Call,410.00,-47.79%,18.5,18.85,19.2,2366,1414,1.67,33.62%,38.08%,0.298449,2026-08-04
LUMN,6.71,2026-08-07,3,Call,7.00,-4.32%,0.33,0.36,0.38,2694,1611,1.67,92.79%,197.40%,0.439577,2026-08-04
GLW,159.89,2026-08-07,3,Call,160.00,-0.07%,5.75,5.75,7,3116,1870,1.67,82.02%,110.89%,0.518243,2026-08-04
SPCX,125.33,2026-08-07,3,Put,86.00,-31.38%,0.18,0.2,0.21,1996,1206,1.66,111.65%,213.35%,-0.020423,2026-08-04
UPST,30.32,2026-08-07,3,Call,38.00,-25.33%,0.2,0.24,0.23,2489,1496,1.66,89.29%,180.85%,0.097956,2026-08-04
APLD,31.27,2026-08-07,3,Call,32.00,-2.33%,0.91,1.01,1.03,3047,1834,1.66,102.02%,113.57%,0.432587,2026-08-04
AAPL,309.38,2026-08-14,10,Call,305.00,+1.42%,7.8,8.05,8.65,3108,1869,1.66,26.85%,27.59%,0.638567,2026-08-04
SMCI,31.69,2027-06-17,317,Call,50.00,-57.78%,6.05,6.28,6.5,3431,2073,1.66,104.94%,90.78%,0.470038,2026-08-04
NBIS,225.74,2026-08-07,3,Call,260.00,-15.18%,3,3.3,3.35,3862,2332,1.66,140.17%,161.71%,0.18711,2026-08-04
PLTR,162.66,2026-08-14,10,Call,155.00,+4.71%,10.85,10.9,11.1,7154,4317,1.66,53.97%,60.27%,0.706602,2026-08-04
MRVL,218.59,2026-08-07,3,Call,290.00,-32.67%,0.08,0.15,0.37,559,337,1.66,98.84%,148.93%,0.021497,2026-08-04
W,116.08,2026-08-21,17,Put,90.00,-22.47%,0.41,0.59,0.75,591,356,1.66,70.07%,81.48%,-0.061305,2026-08-04
AMD,518.58,2026-08-07,3,Call,640.00,-23.41%,2.21,2.7,3,619,373,1.66,81.75%,158.01%,0.081516,2026-08-04
EQT,52.77,2026-08-07,3,Call,54.00,-2.33%,0.17,0.2,0.29,819,492,1.66,29.83%,34.74%,0.238919,2026-08-04
META,587.94,2026-08-05,1,Put,590.00,+0.35%,6.6,6.77,7.2,879,528,1.66,38.34%,47.47%,-0.549928,2026-08-04
CORZ,22.81,2026-08-21,17,Put,23.00,+0.83%,1.82,2.03,2.06,1000,601,1.66,91.22%,94.60%,-0.472931,2026-08-04
AMD,518.58,2026-11-20,108,Call,600.00,-15.70%,56.4,58.65,60.3,1124,677,1.66,81.75%,75.94%,0.452655,2026-08-04
MARA,11.75,2026-08-21,17,Put,10.50,-10.64%,0.45,0.46,0.53,1215,733,1.66,99.26%,104.59%,-0.268383,2026-08-04
NVDA,211.94,2026-08-10,6,Call,217.50,-2.62%,1.78,1.82,1.87,1272,764,1.66,41.33%,36.15%,0.299948,2026-08-04
TOST,33.81,2026-12-18,136,Call,37.00,-9.44%,3.05,3.3,3.45,643,389,1.65,59.53%,52.31%,0.468988,2026-08-04
OKLO,43.33,2026-08-07,3,Call,42.50,+1.92%,2.72,3.13,3.1,762,462,1.65,98.72%,159.04%,0.582512,2026-08-04
AMD,518.58,2026-08-07,3,Put,345.00,-33.47%,0.04,0.16,0.14,842,509,1.65,81.75%,171.60%,-0.003481,2026-08-04
LRCX,317.74,2026-08-07,3,Call,350.00,-10.15%,2.71,3.3,3.8,1045,632,1.65,86.99%,114.02%,0.189069,2026-08-04
UBS,53.46,2026-08-21,17,Call,55.00,-2.88%,0.65,0.72,0.75,2305,1395,1.65,27.78%,28.34%,0.334535,2026-08-04
SPCX,125.33,2026-08-07,3,Put,95.00,-24.20%,0.75,0.79,0.8,36419,22025,1.65,111.65%,217.49%,-0.066131,2026-08-04
NBIS,225.74,2026-08-14,10,Call,225.00,+0.33%,25.4,26,26.6,2696,1643,1.64,140.17%,172.13%,0.56256,2026-08-04
META,587.94,2026-08-07,3,Call,592.50,-0.78%,7.45,7.7,8.5,554,338,1.64,38.34%,46.96%,0.438834,2026-08-04
SKHY,154.38,2028-06-16,682,Call,200.00,-29.55%,62.1,63.9,67.9,601,366,1.64,114.80%,91.78%,0.684871,2026-08-04
LITE,849.47,2026-08-07,3,Call,850.00,-0.06%,41,43,44.8,728,444,1.64,112.22%,140.16%,0.524308,2026-08-04
ASTS,70.31,2026-08-14,10,Call,85.00,-20.89%,2.02,2.13,2.22,801,489,1.64,114.11%,140.84%,0.244088,2026-08-04
AMLX,21.87,2026-09-18,45,Call,25.00,-14.31%,3.8,5.6,6.3,1089,665,1.64,209.93%,201.23%,0.567652,2026-08-04
AMD,518.58,2026-08-07,3,Put,520.00,+0.27%,23.5,25.05,25.05,1132,690,1.64,81.75%,125.89%,-0.485953,2026-08-04
PLTR,162.66,2026-09-04,31,Call,150.00,+7.78%,17.55,17.85,18.2,1316,801,1.64,53.97%,54.99%,0.727573,2026-08-04
MU,892.67,2026-08-07,3,Call,920.00,-3.06%,26.95,27.25,30.3,1516,922,1.64,91.09%,124.36%,0.417395,2026-08-04
PBR,18.72,2026-08-07,3,Put,18.00,-3.85%,0,0.1,0.13,517,318,1.63,37.00%,44.56%,-0.16024,2026-08-04
HL,15.39,2027-03-19,227,Call,14.00,+9.03%,3.9,4.24,4.35,533,327,1.63,73.73%,70.82%,0.68821,2026-08-04
PLTR,162.66,2026-08-14,10,Put,135.00,-17.00%,0.31,0.32,0.36,554,340,1.63,53.97%,68.11%,-0.042914,2026-08-04
SHOP,123.3,2026-12-18,136,Call,130.00,-5.43%,15.25,15.6,18,564,346,1.63,74.98%,62.28%,0.535303,2026-08-04
DELL,467.27,2026-09-18,45,Call,700.00,-49.81%,10.15,10.75,11.2,571,351,1.63,93.38%,95.25%,0.151491,2026-08-04
QCOM,162.67,2027-03-19,227,Call,190.00,-16.80%,20.1,20.55,22.25,601,368,1.63,58.90%,59.67%,0.465219,2026-08-04
WDC,548.56,2026-08-07,3,Call,550.00,-0.26%,35.05,35.5,36.15,637,392,1.63,105.52%,182.65%,0.527382,2026-08-04
SPCX,125.33,2026-08-14,10,Call,118.00,+5.85%,15.95,15.7,17.15,667,408,1.63,111.65%,155.83%,0.643006,2026-08-04
OXY,55.09,2026-10-16,73,Put,50.00,-9.24%,1.27,1.45,1.43,729,446,1.63,38.40%,35.82%,-0.23961,2026-08-04
PLTR,162.66,2028-01-21,535,Put,160.00,-1.64%,37.15,37.64,38.1,739,452,1.63,53.97%,56.94%,-0.338523,2026-08-04
BROS,64.11,2026-08-07,3,Call,70.00,-9.19%,1,1.6,1.75,807,495,1.63,66.82%,147.33%,0.277895,2026-08-04
CRCL,63.25,2026-08-07,3,Call,67.00,-5.93%,2.41,2.63,2.63,837,514,1.63,96.17%,175.14%,0.38915,2026-08-04
PRCT,18.28,2026-08-21,17,Call,22.50,-23.09%,0.45,0.45,0.75,850,520,1.63,93.20%,117.39%,0.246157,2026-08-04
EIX,70.69,2026-09-18,45,Put,72.50,+2.56%,4.4,4.6,5.1,870,535,1.63,41.06%,37.35%,-0.55157,2026-08-04
IREN,40.85,2026-08-07,3,Put,41.00,+0.37%,2.1,2.15,2.22,893,549,1.63,124.25%,141.30%,-0.485113,2026-08-04
INTC,100.86,2026-08-05,1,Call,111.00,-10.05%,0.26,0.29,0.3,1640,1008,1.63,87.22%,132.37%,0.089024,2026-08-04
AVGO,418.16,2026-08-07,3,Call,440.00,-5.22%,2.82,2.9,3.05,1703,1048,1.63,56.06%,66.89%,0.210338,2026-08-04
MU,892.67,2026-08-07,3,Put,850.00,-4.78%,21.2,21.5,21.7,2413,1481,1.63,91.09%,124.57%,-0.311185,2026-08-04
SMCI,31.69,2026-08-21,17,Put,28.50,-10.07%,1.54,1.68,1.7,1875,1159,1.62,104.94%,114.72%,-0.288346,2026-08-04
UBER,71.99,2026-08-07,3,Put,69.00,-4.15%,1.1,1.33,1.38,1888,1166,1.62,45.26%,96.42%,-0.297349,2026-08-04
ACHR,5.31,2026-08-28,24,Call,6.00,-12.99%,0.15,0.26,0.28,1892,1165,1.62,90.80%,83.15%,0.324466,2026-08-04
SPCX,125.33,2026-08-07,3,Put,109.00,-13.03%,3.45,3.51,3.65,2327,1436,1.62,111.65%,227.13%,-0.217024,2026-08-04
NVDA,211.94,2026-08-14,10,Call,217.50,-2.62%,3.2,3.3,3.3,2516,1551,1.62,41.33%,39.00%,0.361052,2026-08-04
NOK,9.92,2026-11-20,108,Call,12.00,-20.97%,0.95,1,1,3104,1911,1.62,72.06%,76.82%,0.408074,2026-08-04
SPCX,125.33,2026-08-07,3,Put,93.00,-25.80%,0.56,0.6,0.61,3182,1960,1.62,111.65%,216.14%,-0.052402,2026-08-04
AMZN,277.42,2026-08-14,10,Call,285.00,-2.73%,3.6,3.8,3.85,6289,3878,1.62,33.62%,36.41%,0.344303,2026-08-04
SPCX,125.33,2026-08-07,3,Call,200.00,-59.58%,0.75,0.77,0.79,13190,8159,1.62,111.65%,301.52%,0.057986,2026-08-04
CRWV,91.9,2026-08-07,3,Call,103.00,-12.08%,1.11,1.23,1.24,627,386,1.62,114.03%,136.89%,0.19642,2026-08-04
META,587.94,2026-08-05,1,Put,555.00,-5.60%,0.06,0.14,0.12,817,505,1.62,38.34%,51.60%,-0.015738,2026-08-04
BULL,7.58,2026-08-14,10,Put,7.00,-7.65%,0.11,0.12,0.19,839,518,1.62,71.45%,77.39%,-0.244362,2026-08-04
DELL,467.27,2026-08-07,3,Call,480.00,-2.72%,11.2,13.13,13.4,921,567,1.62,93.38%,104.57%,0.407673,2026-08-04
AMD,518.58,2026-08-07,3,Put,510.00,-1.65%,19.65,20.07,21.35,958,592,1.62,81.75%,132.43%,-0.420313,2026-08-04
RIOT,21.56,2026-08-07,3,Call,25.50,-18.27%,0.2,0.23,0.25,557,346,1.61,111.61%,163.69%,0.145746,2026-08-04
VSAT,86.16,2026-09-18,45,Put,85.00,-1.35%,10.4,11.75,12,559,348,1.61,109.91%,100.27%,-0.411225,2026-08-04
COST,947.85,2026-08-14,10,Call,"1,000.00",-5.50%,2.5,3.6,3.5,659,409,1.61,23.96%,28.38%,0.135852,2026-08-04
CRWV,91.9,2026-08-14,10,Call,130.00,-41.46%,0.8,0.85,0.9,684,426,1.61,114.03%,144.06%,0.091559,2026-08-04
PLTR,162.66,2026-09-11,38,Call,200.00,-22.96%,1.85,2,2.25,862,535,1.61,53.97%,55.35%,0.147692,2026-08-04
WOLF,27.06,2026-08-21,17,Call,30.00,-10.86%,1.97,2.14,2.29,1369,848,1.61,133.11%,138.36%,0.424453,2026-08-04
KTOS,51.87,2026-08-07,3,Call,55.00,-6.03%,1.5,1.68,1.8,1522,943,1.61,85.44%,152.78%,0.362542,2026-08-04
OKLO,43.33,2026-08-07,3,Call,44.00,-1.55%,2.04,2.2,2.28,1558,965,1.61,98.72%,156.86%,0.48615,2026-08-04
VKTX,32.94,2026-11-20,108,Call,50.00,-51.79%,2.5,2.6,3,2151,1336,1.61,78.73%,98.64%,0.312636,2026-08-04
SKHY,154.38,2026-08-07,3,Call,155.00,-0.40%,7.8,8.1,8.4,2325,1442,1.61,114.80%,149.99%,0.516234,2026-08-04
ASTS,70.31,2026-08-07,3,Put,65.00,-7.55%,1.09,1.14,1.21,2870,1780,1.61,114.11%,127.49%,-0.229776,2026-08-04
ORCL,145.74,2026-08-14,10,Call,165.00,-13.22%,1.31,1.39,1.39,5534,3445,1.61,73.19%,70.58%,0.15889,2026-08-04
RKLB,74.48,2026-08-14,10,Call,85.00,-14.12%,2.6,2.79,2.79,1920,1202,1.6,104.28%,126.79%,0.301539,2026-08-04
XPEV,12.05,2026-08-07,3,Call,12.50,-3.73%,0.12,0.13,0.15,2060,1287,1.6,62.79%,69.42%,0.292395,2026-08-04
PLTR,162.66,2026-08-14,10,Call,145.00,+10.86%,18.6,19,19.05,2163,1356,1.6,53.97%,62.05%,0.881042,2026-08-04
BABA,128.99,2026-08-14,10,Call,130.00,-0.78%,3.3,3.55,3.65,2235,1396,1.6,48.39%,46.26%,0.474936,2026-08-04
WFC,88.39,2026-08-07,3,Call,90.00,-1.82%,0.2,0.26,0.33,2600,1627,1.6,24.10%,25.76%,0.224852,2026-08-04
TSLA,327.35,2026-08-14,10,Call,335.00,-2.34%,7.25,7.35,7.55,3919,2453,1.6,45.35%,48.79%,0.407734,2026-08-04
SPCX,125.33,2026-08-07,3,Put,110.00,-12.23%,3.8,3.95,3.95,25810,16090,1.6,111.65%,228.16%,-0.231005,2026-08-04
SPCX,125.33,2026-08-07,3,Put,90.00,-28.19%,0.37,0.38,0.39,37137,23276,1.6,111.65%,215.31%,-0.036294,2026-08-04
PLTR,162.66,2027-02-19,199,Call,200.00,-22.96%,15.95,16.45,16.4,603,377,1.6,53.97%,57.10%,0.409871,2026-08-04
CRWV,91.9,2026-08-07,3,Call,101.00,-9.90%,1.47,1.5,1.61,1230,770,1.6,114.03%,136.75%,0.242808,2026-08-04
ORCL,145.74,2026-11-20,108,Call,175.00,-20.08%,12.05,13.22,13.15,1356,849,1.6,73.19%,70.13%,0.392133,2026-08-04
INTC,100.86,2026-08-05,1,Call,96.00,+4.82%,5.6,5.84,5.9,1538,962,1.6,87.22%,128.00%,0.779934,2026-08-04
AMD,518.58,2026-08-07,3,Put,430.00,-17.08%,1.33,1.64,1.65,1646,1029,1.6,81.75%,133.46%,-0.053606,2026-08-04
TSEM,239.53,2026-08-07,3,Call,230.00,+3.98%,14.5,20.7,19.5,504,317,1.59,102.37%,136.69%,0.651989,2026-08-04
HPE,52.39,2026-09-04,31,Call,55.00,-4.98%,4.3,4.54,5.2,568,358,1.59,83.16%,95.18%,0.488164,2026-08-04
QS,5.69,2026-08-14,10,Call,6.50,-14.24%,0.06,0.1,0.12,576,363,1.59,85.38%,88.88%,0.204831,2026-08-04
AMD,518.58,2026-08-07,3,Put,445.00,-14.19%,2.4,2.7,2.97,585,367,1.59,81.75%,131.52%,-0.089254,2026-08-04
RKLB,74.48,2026-08-07,3,Call,86.00,-15.47%,0.34,0.47,0.52,667,420,1.59,104.28%,124.01%,0.111142,2026-08-04
AMD,518.58,2026-08-14,10,Put,430.00,-17.08%,3.85,4.3,5,704,443,1.59,81.75%,96.59%,-0.104322,2026-08-04
HPE,52.39,2026-08-28,24,Put,46.00,-12.20%,1.23,1.44,1.51,811,511,1.59,83.16%,74.75%,-0.216921,2026-08-04
FCX,67.3,2026-08-21,17,Put,58.00,-13.82%,0.36,0.4,0.44,843,529,1.59,54.16%,56.44%,-0.098235,2026-08-04
NOK,9.92,2026-09-04,31,Call,12.00,-20.97%,0.24,0.28,0.28,903,569,1.59,72.06%,75.53%,0.227729,2026-08-04
APLD,31.27,2026-08-07,3,Call,34.50,-10.33%,0.32,0.32,0.35,931,585,1.59,102.02%,117.07%,0.19203,2026-08-04
UPST,30.32,2026-08-21,17,Put,25.00,-17.55%,0.53,0.56,0.67,1070,673,1.59,89.29%,100.45%,-0.157346,2026-08-04
POET,8.57,2026-09-18,45,Call,9.00,-5.02%,1.19,1.25,1.27,1430,899,1.59,120.10%,116.16%,0.537876,2026-08-04
NVDA,211.94,2026-08-05,1,Call,192.50,+9.17%,17.55,19.68,21.15,1441,908,1.59,41.33%,109.63%,0.956059,2026-08-04
SOFI,18.7,2026-08-14,10,Call,20.50,-9.63%,0.12,0.13,0.13,2377,1494,1.59,51.74%,51.88%,0.154864,2026-08-04
CSCO,121.74,2026-12-18,136,Put,80.00,-34.29%,0.75,0.81,0.89,2502,1578,1.59,52.02%,46.88%,-0.050295,2026-08-04
CRWV,91.9,2026-08-07,3,Call,105.00,-14.25%,0.83,0.85,0.95,3424,2149,1.59,114.03%,137.20%,0.156999,2026-08-04
GOOGL,377.65,2026-08-07,3,Call,390.00,-3.27%,1.4,1.49,1.59,5064,3190,1.59,33.90%,40.47%,0.197343,2026-08-04
ASTS,70.31,2026-08-07,3,Call,72.00,-2.40%,2.47,2.62,2.75,3194,2019,1.58,114.11%,131.40%,0.445379,2026-08-04
NVDA,211.94,2026-08-07,3,Call,217.50,-2.62%,1.25,1.28,1.29,28561,18028,1.58,41.33%,42.78%,0.26053,2026-08-04
SHOP,123.3,2028-01-21,535,Call,160.00,-29.76%,25.5,26.3,28.75,500,316,1.58,74.98%,61.00%,0.538616,2026-08-04
MRVL,218.59,2026-08-14,10,Call,280.00,-28.09%,1.57,1.7,1.68,565,358,1.58,98.84%,106.95%,0.095977,2026-08-04
GLXY,22.14,2026-08-14,10,Call,24.00,-8.40%,0.42,1.1,1.56,632,399,1.58,103.28%,115.68%,0.374311,2026-08-04
QBTS,21.83,2026-08-07,3,Put,20.00,-8.38%,0.46,0.51,0.5,666,421,1.58,102.04%,155.85%,-0.244391,2026-08-04
NFLX,73.57,2026-08-28,24,Call,73.00,+0.77%,3.15,3.1,3.25,1274,807,1.58,37.21%,37.57%,0.561073,2026-08-04
ORCL,145.74,2026-08-07,3,Call,146.00,-0.18%,3.8,3.95,4,1487,943,1.58,73.19%,76.14%,0.504487,2026-08-04
SHAK,66.22,2026-09-18,45,Put,60.00,-9.39%,2.95,3.15,3.7,1534,970,1.58,79.40%,68.37%,-0.292205,2026-08-04
MSTR,97.65,2026-08-14,10,Call,110.00,-12.65%,1.2,1.3,1.31,1653,1044,1.58,74.56%,76.87%,0.193596,2026-08-04
SMCI,31.69,2026-08-14,10,Call,33.00,-4.13%,2.18,2.29,2.32,1721,1090,1.58,104.94%,133.47%,0.472726,2026-08-04
ORCL,145.74,2026-08-07,3,Call,147.00,-0.86%,3.4,3.51,3.6,1772,1120,1.58,73.19%,77.23%,0.46596,2026-08-04
ANET,190.51,2026-08-07,3,Put,155.00,-18.64%,0.5,0.7,0.7,524,334,1.57,73.20%,147.13%,-0.053124,2026-08-04
SPCX,125.33,2026-08-14,10,Put,121.00,-3.45%,10.1,10.3,10.45,527,335,1.57,111.65%,152.55%,-0.394059,2026-08-04
META,587.94,2026-08-28,24,Call,605.00,-2.90%,16.4,17,17.75,542,346,1.57,38.34%,39.63%,0.416933,2026-08-04
ZETA,24.26,2026-08-07,3,Put,21.00,-13.44%,0.51,0.62,0.63,647,412,1.57,96.62%,212.78%,-0.198777,2026-08-04
SKHY,154.38,2026-08-07,3,Call,175.00,-13.36%,2.15,2.27,2.45,1113,710,1.57,114.80%,153.53%,0.20353,2026-08-04
NOW,118.14,2026-08-07,3,Call,116.00,+1.81%,4.25,4.4,4.5,1761,1121,1.57,62.53%,74.89%,0.620816,2026-08-04
NBIS,225.74,2026-08-07,3,Put,200.00,-11.40%,3.95,4.15,4.4,2723,1731,1.57,140.17%,172.78%,-0.196832,2026-08-04
CRWV,91.9,2027-01-15,164,Call,240.00,-161.15%,2.79,2.91,3.1,4342,2771,1.57,114.03%,96.36%,0.127896,2026-08-04
HOOD,93.51,2026-08-14,10,Call,100.00,-6.94%,2.11,2.16,2.2,2609,1670,1.56,68.74%,73.23%,0.313873,2026-08-04
TOST,33.81,2026-08-07,3,Put,29.00,-14.23%,0.25,0.29,0.34,3251,2080,1.56,59.53%,153.38%,-0.119957,2026-08-04
AG,16.49,2026-08-07,3,Call,16.50,-0.06%,0.39,0.46,0.49,3642,2339,1.56,66.76%,74.25%,0.511383,2026-08-04
ARVN,9,2026-08-21,17,Call,10.00,-11.11%,0.15,0.15,0.2,654,419,1.56,61.33%,64.60%,0.25015,2026-08-04
MCD,268.34,2026-08-14,10,Call,280.00,-4.35%,1.12,1.25,1.5,861,551,1.56,24.15%,28.54%,0.191502,2026-08-04
SNDK,1427.62,2026-08-07,3,Call,"1,650.00",-15.58%,34,36.25,36.8,1143,732,1.56,129.69%,204.55%,0.246223,2026-08-04
RKLB,74.48,2026-08-07,3,Call,83.00,-11.44%,0.72,0.77,0.82,554,357,1.55,104.28%,122.76%,0.180093,2026-08-04
SPCX,125.33,2026-11-20,108,Call,220.00,-75.54%,5.15,5.35,5.6,561,362,1.55,111.65%,91.14%,0.193717,2026-08-04
MU,892.67,2026-08-07,3,Call,925.00,-3.62%,25.3,25.31,25.8,813,524,1.55,91.09%,120.35%,0.394006,2026-08-04
TSLA,327.35,2026-08-14,10,Call,355.00,-8.45%,2.61,2.67,2.67,836,541,1.55,45.35%,51.01%,0.182358,2026-08-04
INTC,100.86,2026-08-21,17,Put,88.00,-12.75%,2.5,2.51,2.7,1255,811,1.55,87.22%,90.55%,-0.211136,2026-08-04
NOK,9.92,2026-08-07,3,Put,9.50,-4.23%,0.11,0.12,0.14,1512,975,1.55,72.06%,82.07%,-0.267275,2026-08-04
INTC,100.86,2027-12-17,500,Call,140.00,-38.81%,26,27.95,30.5,1565,1012,1.55,87.22%,81.66%,0.569853,2026-08-04
ONDS,8.86,2026-08-07,3,Put,8.50,-4.06%,0.21,0.22,0.23,3615,2339,1.55,111.92%,119.08%,-0.329728,2026-08-04
MRVL,218.59,2026-08-07,3,Call,205.00,+6.22%,17.5,17.98,18.35,3722,2406,1.55,98.84%,125.40%,0.733706,2026-08-04
FCX,67.3,2026-11-20,108,Call,85.00,-26.30%,2.6,2.78,3.55,5579,3608,1.55,54.16%,56.25%,0.27968,2026-08-04
SNAP,5.79,2026-08-14,10,Call,6.00,-3.63%,0.16,0.18,0.18,11166,7213,1.55,58.11%,66.70%,0.397996,2026-08-04
SPCX,125.33,2026-08-21,17,Call,135.00,-7.72%,10.45,10.57,10.85,14041,9077,1.55,111.65%,133.57%,0.457044,2026-08-04
GLW,159.89,2026-08-21,17,Call,170.00,-6.32%,7.55,7.9,8.05,1995,1296,1.54,82.02%,85.45%,0.407786,2026-08-04
TSLA,327.35,2026-08-07,3,Call,355.00,-8.45%,0.68,0.68,0.7,2573,1666,1.54,45.35%,62.97%,0.082767,2026-08-04
SPCX,125.33,2026-08-14,10,Call,120.00,+4.25%,15.1,15.43,16,2878,1872,1.54,111.65%,156.58%,0.618342,2026-08-04
EXC,45.84,2026-08-21,17,Call,47.00,-2.53%,0.25,0.3,0.6,3193,2067,1.54,22.15%,22.21%,0.309071,2026-08-04
DKNG,23.61,2027-12-17,500,Call,47.00,-99.07%,1.4,1.77,2.45,500,325,1.54,69.10%,57.09%,0.269914,2026-08-04
PLTR,162.66,2027-12-17,500,Put,200.00,+22.96%,61.65,61.85,62.75,511,331,1.54,53.97%,56.82%,-0.482823,2026-08-04
RCAT,8.86,2026-09-18,45,Call,9.00,-1.58%,1.24,1.39,1.48,621,403,1.54,121.13%,113.65%,0.568156,2026-08-04
BTDR,11.38,2026-09-18,45,Call,19.00,-66.96%,0.35,0.6,0.6,1031,669,1.54,134.87%,133.17%,0.196903,2026-08-04
INTC,100.86,2026-08-07,3,Put,84.00,-16.72%,0.22,0.24,0.27,1039,674,1.54,87.22%,126.30%,-0.048775,2026-08-04
AMD,518.58,2026-10-16,73,Call,590.00,-13.77%,43.3,46.25,47.4,1632,1059,1.54,81.75%,75.68%,0.424605,2026-08-04
HOOD,93.51,2026-08-14,10,Call,105.00,-12.29%,1.1,1.15,1.27,1678,1089,1.54,68.74%,75.20%,0.194617,2026-08-04
MRAM,17.42,2026-08-21,17,Call,20.00,-14.81%,1.25,1.4,1.65,919,600,1.53,141.51%,157.66%,0.408697,2026-08-04
CRWD,211.22,2026-08-07,3,Call,215.00,-1.79%,3.4,3.52,3.65,1644,1076,1.53,63.84%,67.13%,0.398901,2026-08-04
ANET,190.51,2026-08-07,3,Put,165.00,-13.39%,1.45,1.6,1.9,1903,1247,1.53,73.20%,146.82%,-0.125335,2026-08-04
QXO,15.34,2026-08-21,17,Put,14.00,-8.74%,0.4,0.45,0.5,2034,1332,1.53,75.06%,78.16%,-0.262711,2026-08-04
NVO,44.28,2026-08-07,3,Put,43.00,-2.89%,0.32,0.35,0.37,2750,1799,1.53,41.80%,52.52%,-0.263169,2026-08-04
TSLA,327.35,2026-08-21,17,Put,325.00,-0.72%,11.4,11.45,11.6,2799,1834,1.53,45.35%,45.87%,-0.44599,2026-08-04
SHOP,123.3,2026-08-07,3,Call,140.00,-13.54%,2.52,2.49,2.7,2990,1960,1.53,74.98%,178.00%,0.240499,2026-08-04
SPCX,125.33,2026-09-18,45,Put,80.00,-36.17%,1.7,1.82,1.82,3851,2525,1.53,111.65%,102.41%,-0.074951,2026-08-04
ASTS,70.31,2026-08-07,3,Call,80.00,-13.78%,0.71,0.74,0.78,4930,3219,1.53,114.11%,138.46%,0.167639,2026-08-04
HPE,52.39,2026-08-07,3,Call,55.00,-4.98%,0.74,0.79,0.79,5761,3777,1.53,83.16%,91.14%,0.292986,2026-08-04
SPCX,125.33,2026-08-07,3,Call,300.00,-139.37%,0.28,0.29,0.29,7812,5113,1.53,111.65%,422.24%,0.018421,2026-08-04
PATH,14.1,2026-08-07,3,Call,15.00,-6.38%,0.12,0.15,0.15,2118,1395,1.52,79.91%,85.04%,0.223546,2026-08-04
PLTR,162.66,2026-08-28,24,Call,160.00,+1.64%,10.55,10.7,10.9,2329,1532,1.52,53.97%,55.40%,0.580792,2026-08-04
PLTR,162.66,2026-10-16,73,Put,150.00,-7.78%,8.6,8.66,8.75,2759,1815,1.52,53.97%,52.25%,-0.31225,2026-08-04
JOBY,7.97,2026-08-07,3,Call,9.00,-12.92%,0.11,0.13,0.14,3199,2101,1.52,91.04%,153.72%,0.211736,2026-08-04
AMD,518.58,2026-08-07,3,Call,530.00,-2.20%,21.05,22.4,23.9,5449,3594,1.52,81.75%,146.45%,0.461972,2026-08-04
SOFI,18.7,2026-08-07,3,Call,19.50,-4.28%,0.11,0.12,0.12,18375,12105,1.52,51.74%,56.49%,0.215727,2026-08-04
AMD,518.58,2027-03-19,227,Put,270.00,-47.93%,10.95,11.57,13.25,561,368,1.52,81.75%,72.68%,-0.071619,2026-08-04
DVN,44.05,2027-06-17,317,Put,40.00,-9.19%,3.8,3.95,4.15,646,426,1.52,41.58%,38.77%,-0.314077,2026-08-04
UPS,109.11,2026-08-07,3,Put,105.00,-3.77%,0.1,0.14,0.24,671,442,1.52,27.76%,33.97%,-0.104477,2026-08-04
PLTR,162.66,2026-08-21,17,Call,152.50,+6.25%,13.9,13.9,14.3,690,454,1.52,53.97%,57.68%,0.723758,2026-08-04
DDOG,288.15,2026-09-18,45,Call,280.00,+2.83%,35.25,36.9,37.55,783,515,1.52,84.95%,79.51%,0.602089,2026-08-04
CRWD,211.22,2026-08-07,3,Call,225.00,-6.52%,0.97,1.03,1.12,806,531,1.52,63.84%,67.32%,0.158605,2026-08-04
MU,892.67,2026-08-05,1,Put,725.00,-18.78%,0.24,0.29,0.31,890,587,1.52,91.09%,173.56%,-0.009741,2026-08-04
NVTS,12.69,2026-09-18,45,Put,8.00,-36.96%,0.23,0.25,0.3,1758,1156,1.52,117.36%,117.46%,-0.090947,2026-08-04
QCOM,162.67,2026-08-14,10,Call,180.00,-10.65%,1.58,1.77,1.87,595,395,1.51,58.90%,65.03%,0.188441,2026-08-04
RUN,11.03,2027-01-15,164,Call,14.00,-26.93%,1.68,1.8,1.85,799,529,1.51,95.82%,90.11%,0.474401,2026-08-04
RDDT,159.97,2026-08-07,3,Call,175.00,-9.40%,0.6,0.66,0.71,812,536,1.51,67.21%,80.73%,0.117725,2026-08-04
DIS,98.18,2026-08-14,10,Call,105.00,-6.95%,0.92,1.15,1.21,851,563,1.51,34.13%,51.50%,0.228449,2026-08-04
OPEN,4.12,2027-02-19,199,Call,7.00,-69.90%,0.31,0.58,0.63,867,573,1.51,102.85%,92.96%,0.345528,2026-08-04
CRWV,91.9,2026-08-07,3,Call,98.00,-6.64%,2.2,2.26,2.35,967,640,1.51,114.03%,137.02%,0.325295,2026-08-04
RIVN,15.76,2026-08-21,17,Put,14.50,-7.99%,0.27,0.29,0.32,1019,677,1.51,59.77%,59.44%,-0.234127,2026-08-04
AMD,518.58,2026-08-07,3,Put,490.00,-5.51%,10.85,12.52,12.85,1065,706,1.51,81.75%,128.78%,-0.292452,2026-08-04
CSCO,121.74,2026-08-07,3,Call,123.00,-1.03%,1.4,1.47,1.56,1075,713,1.51,52.02%,46.09%,0.412444,2026-08-04
TSLA,327.35,2026-08-07,3,Put,307.50,-6.06%,0.81,0.84,0.85,1236,821,1.51,45.35%,55.89%,-0.102856,2026-08-04
GOOG,375.35,2027-01-15,164,Call,405.00,-7.90%,25.35,27.01,27.65,1304,866,1.51,33.34%,35.80%,0.448152,2026-08-04
AMZN,277.42,2028-06-16,682,Put,140.00,-49.54%,3.9,4.7,7,1802,1191,1.51,33.62%,43.65%,-0.059967,2026-08-04
NVDA,211.94,2026-08-10,6,Put,195.00,-7.99%,0.26,0.28,0.29,1918,1273,1.51,41.33%,41.77%,-0.055779,2026-08-04
GOOGL,377.65,2026-08-05,1,Put,365.00,-3.35%,0.18,0.2,0.2,2431,1605,1.51,33.90%,41.05%,-0.054744,2026-08-04
TSLA,327.35,2026-08-07,3,Call,337.50,-3.10%,2.87,3.03,2.95,4787,3166,1.51,45.35%,56.44%,0.285882,2026-08-04
SNAP,5.79,2026-08-14,10,Call,5.50,+5.01%,0.4,0.41,0.44,7355,4876,1.51,58.11%,65.64%,0.704191,2026-08-04
PLTR,162.66,2026-09-18,45,Call,175.00,-7.59%,7.5,7.64,7.75,6937,4621,1.5,53.97%,53.34%,0.392648,2026-08-04
MRVL,218.59,2026-08-14,10,Call,225.00,-2.93%,11.55,12.22,12.3,511,340,1.5,98.84%,101.34%,0.467027,2026-08-04
USAR,17.27,2026-08-14,10,Call,21.00,-21.60%,0.15,0.39,0.41,511,341,1.5,109.45%,113.72%,0.174113,2026-08-04
PG,148.01,2026-08-28,24,Call,155.00,-4.72%,1.15,1.3,1.47,683,455,1.5,22.90%,24.62%,0.244057,2026-08-04
PANW,366.34,2026-08-21,17,Put,220.00,-39.95%,0.01,0.11,0.12,710,472,1.5,62.69%,88.99%,-0.002899,2026-08-04
AMD,518.58,2026-08-07,3,Call,730.00,-40.77%,0.33,0.42,0.5,807,539,1.5,81.75%,168.58%,0.015436,2026-08-04
PRME,2.98,2027-01-15,164,Put,5.00,+67.79%,1.85,2.3,2.45,930,619,1.5,117.35%,80.01%,-0.766552,2026-08-04
FLNC,15.67,2028-01-21,535,Call,17.00,-8.49%,7.1,7.91,10.5,1101,736,1.5,148.82%,129.35%,0.779035,2026-08-04
TSLA,327.35,2026-08-28,24,Call,385.00,-17.61%,2.31,2.39,2.38,1403,935,1.5,45.35%,50.19%,0.119474,2026-08-04
MU,892.67,2026-08-14,10,Put,900.00,+0.82%,62.7,63,63.55,566,381,1.49,91.09%,101.18%,-0.48424,2026-08-04
CMCSA,24.93,2026-08-21,17,Call,26.50,-6.30%,0.21,0.24,0.28,687,461,1.49,34.56%,36.20%,0.225859,2026-08-04
QCOM,162.67,2026-10-16,73,Call,190.00,-16.80%,7.75,8.17,8.9,731,489,1.49,58.90%,60.13%,0.331298,2026-08-04
WIX,66.78,2026-08-21,17,Call,62.50,+6.41%,5.6,7.62,8.3,858,576,1.49,75.58%,79.53%,0.684975,2026-08-04
TE,5.43,2026-08-21,17,Call,5.50,-1.29%,0.75,0.8,0.85,910,612,1.49,160.43%,177.64%,0.564612,2026-08-04
NOW,118.14,2026-10-16,73,Put,120.00,+1.57%,13,13.2,13.95,1375,920,1.49,62.53%,61.18%,-0.460623,2026-08-04
CRWD,211.22,2026-08-07,3,Call,210.00,+0.58%,5.7,5.8,6,2215,1491,1.49,63.84%,68.07%,0.551547,2026-08-04
QUBT,9.23,2026-08-07,3,Call,10.00,-8.34%,0.11,0.12,0.14,2473,1665,1.49,104.05%,113.94%,0.235375,2026-08-04
RKLB,74.48,2026-09-18,45,Put,50.00,-32.87%,1.31,1.36,1.4,2714,1823,1.49,104.28%,100.74%,-0.094215,2026-08-04
TSEM,239.53,2026-09-18,45,Call,300.00,-25.25%,12.6,12.8,13.8,2764,1853,1.49,102.37%,94.49%,0.306129,2026-08-04
AMD,518.58,2026-08-07,3,Call,520.00,-0.27%,25.25,26.5,28.25,3042,2044,1.49,81.75%,145.90%,0.519028,2026-08-04
KOPN,4.15,2026-10-16,73,Call,5.00,-20.48%,0.55,0.6,0.75,5632,3783,1.49,144.37%,125.54%,0.484839,2026-08-04
MSFT,492.81,2026-08-05,1,Put,470.00,-4.63%,0.19,0.19,0.23,6090,4096,1.49,30.75%,51.76%,-0.038743,2026-08-04
SOFI,18.7,2026-08-07,3,Call,19.00,-1.60%,0.26,0.26,0.27,24279,16269,1.49,51.74%,57.93%,0.393142,2026-08-04
B,38.21,2026-08-14,10,Call,40.00,-4.68%,0.56,0.71,0.8,2113,1426,1.48,45.71%,53.86%,0.32136,2026-08-04
TSM,417.17,2026-09-18,45,Call,480.00,-15.06%,8.05,8.4,8.8,3305,2233,1.48,47.24%,47.03%,0.228014,2026-08-04
NVDA,211.94,2026-08-05,1,Call,207.50,+2.09%,4.75,5,5.1,13290,8977,1.48,41.33%,44.08%,0.824595,2026-08-04
AAPL,309.38,2026-08-12,8,Call,320.00,-3.43%,1.15,1.48,1.7,638,432,1.48,26.85%,26.87%,0.208794,2026-08-04
MU,892.67,2026-08-05,1,Call,"1,035.00",-15.94%,0.47,0.55,0.58,801,540,1.48,91.09%,138.20%,0.022351,2026-08-04
AMD,518.58,2026-08-14,10,Call,550.00,-6.06%,20.2,23,23.05,889,599,1.48,81.75%,99.15%,0.393427,2026-08-04
SHEL,89.84,2026-10-16,73,Put,87.50,-2.60%,2.65,2.64,2.85,997,675,1.48,24.41%,24.30%,-0.379424,2026-08-04
MSTR,97.65,2026-08-14,10,Call,95.00,+2.71%,6.05,6.35,6.45,1001,678,1.48,74.56%,74.81%,0.614925,2026-08-04
AMPX,10.81,2026-08-07,3,Call,11.00,-1.76%,0.65,0.75,0.75,1268,857,1.48,122.32%,200.58%,0.498694,2026-08-04
TSLA,327.35,2026-08-10,6,Call,345.00,-5.39%,2.23,2.28,2.33,516,352,1.47,45.35%,47.84%,0.207284,2026-08-04
NVO,44.28,2026-08-21,17,Put,46.00,+3.88%,2.2,2.96,3.5,561,381,1.47,41.80%,46.73%,-0.633035,2026-08-04
DIS,98.18,2028-01-21,535,Call,160.00,-62.97%,2.51,2.55,2.6,629,429,1.47,34.13%,32.39%,0.149717,2026-08-04
IBM,235.15,2026-08-14,10,Call,245.00,-4.19%,2.45,2.93,2.79,700,477,1.47,41.57%,40.11%,0.280147,2026-08-04
SMCI,31.69,2026-08-28,24,Call,30.00,+5.33%,4.35,4.4,4.45,963,653,1.47,104.94%,109.79%,0.634552,2026-08-04
MRVL,218.59,2026-08-28,24,Call,250.00,-14.37%,13.05,13.4,13.65,975,665,1.47,98.84%,108.71%,0.369136,2026-08-04
MSFT,492.81,2026-09-18,45,Call,515.00,-4.50%,12.35,12.55,12.95,1201,817,1.47,30.75%,30.24%,0.371405,2026-08-04
QUBT,9.23,2026-08-14,10,Call,9.00,+2.49%,0.74,0.78,0.91,3809,2600,1.47,104.05%,116.39%,0.591922,2026-08-04
ADBE,257.49,2026-08-07,3,Call,260.00,-0.97%,5.05,5.45,5.65,1880,1291,1.46,54.58%,69.42%,0.45304,2026-08-04
NYT,75.61,2026-08-21,17,Put,75.00,-0.81%,2.1,2.65,4.8,2924,2001,1.46,49.15%,58.43%,-0.446315,2026-08-04
MSFT,492.81,2026-08-07,3,Call,490.00,+0.57%,8.05,8.45,9.25,3551,2437,1.46,30.75%,39.91%,0.572465,2026-08-04
ARM,280.56,2026-08-21,17,Call,400.00,-42.57%,2.4,2.41,2.56,7287,4981,1.46,93.79%,110.96%,0.087819,2026-08-04
XOM,153.96,2026-09-18,45,Call,175.00,-13.67%,0.7,0.82,0.91,10481,7178,1.46,30.20%,28.56%,0.112016,2026-08-04
AMZN,277.42,2026-08-07,3,Call,280.00,-0.93%,3,3.05,3.2,15018,10272,1.46,33.62%,41.99%,0.41436,2026-08-04
SPCX,125.33,2026-08-07,3,Call,135.00,-7.72%,7.1,7.2,7.35,15818,10812,1.46,111.65%,242.77%,0.410462,2026-08-04
EQNR,39.17,2026-08-21,17,Put,35.00,-10.65%,0.15,0.25,0.35,549,376,1.46,43.04%,46.92%,-0.122038,2026-08-04
COHR,323.73,2026-08-21,17,Call,350.00,-8.11%,23.1,26.4,25.6,561,383,1.46,113.04%,123.74%,0.439443,2026-08-04
AAPL,309.38,2026-08-12,8,Call,322.50,-4.24%,0.85,1.1,1.35,587,402,1.46,26.85%,27.80%,0.165725,2026-08-04
AAPL,309.38,2026-08-12,8,Call,305.00,+1.42%,6.8,7.64,8.05,896,612,1.46,26.85%,26.35%,0.65668,2026-08-04
TMDX,80.75,2026-08-21,17,Call,90.00,-11.46%,3.4,3.94,4.3,914,625,1.46,91.76%,103.01%,0.356004,2026-08-04
SPCX,125.33,2028-06-16,682,Call,150.00,-19.68%,37.45,41.25,44.4,941,646,1.46,111.65%,68.31%,0.638954,2026-08-04
MSFT,492.81,2026-12-18,136,Call,585.00,-18.71%,12,13.35,13.4,1023,702,1.46,30.75%,32.69%,0.240772,2026-08-04
AMD,518.58,2026-08-07,3,Call,585.00,-12.81%,6.85,7.75,8.3,1114,765,1.46,81.75%,148.82%,0.205058,2026-08-04
SPCX,125.33,2026-08-07,3,Call,136.00,-8.51%,6.8,6.8,7,1414,966,1.46,111.65%,242.69%,0.397412,2026-08-04
SPCX,125.33,2026-08-07,3,Call,132.00,-5.32%,8.15,8.26,8.4,1453,992,1.46,111.65%,243.02%,0.450708,2026-08-04
VST,143.23,2026-08-07,3,Put,140.00,-2.26%,3.5,3.6,3.95,536,369,1.45,59.77%,101.45%,-0.383488,2026-08-04
PDD,91.03,2026-08-07,3,Put,88.00,-3.33%,0.19,0.28,0.4,555,384,1.45,40.07%,39.66%,-0.166742,2026-08-04
ON,80.78,2026-08-07,3,Call,80.00,+0.97%,2.68,3.2,3.35,557,383,1.45,76.18%,89.23%,0.565171,2026-08-04
AMD,518.58,2027-01-15,164,Call,760.00,-46.55%,38.75,42.6,41.9,603,415,1.45,81.75%,73.63%,0.311113,2026-08-04
NBIS,225.74,2026-08-07,3,Call,222.50,+1.44%,14.85,15.4,15.9,746,514,1.45,140.17%,168.70%,0.568659,2026-08-04
AMD,518.58,2026-08-07,3,Put,435.00,-16.12%,1.55,1.8,2.05,829,571,1.45,81.75%,132.39%,-0.063422,2026-08-04
ZVRA,10.52,2027-12-17,500,Put,15.00,+42.59%,5.2,6.25,8.5,833,574,1.45,90.96%,83.79%,-0.448238,2026-08-04
PLTR,162.66,2026-08-21,17,Call,146.00,+10.24%,18.7,18.85,19.15,966,665,1.45,53.97%,58.01%,0.8262,2026-08-04
UPST,30.32,2026-08-07,3,Put,27.00,-10.95%,0.61,0.67,0.68,988,681,1.45,89.29%,179.13%,-0.212714,2026-08-04
U,35.22,2026-08-07,3,Call,34.00,+3.46%,2.88,3.09,3.3,4776,3291,1.45,86.48%,194.07%,0.614118,2026-08-04
IREN,40.85,2026-08-07,3,Call,50.00,-22.40%,0.14,0.15,0.16,9411,6485,1.45,124.25%,142.89%,0.067702,2026-08-04
AMZN,277.42,2026-09-18,45,Call,320.00,-15.35%,2.06,2.07,2.19,13235,9145,1.45,33.62%,33.80%,0.134498,2026-08-04
SMCI,31.69,2026-08-07,3,Call,32.50,-2.56%,0.89,0.94,0.98,2329,1620,1.44,104.94%,111.72%,0.422448,2026-08-04
IREN,40.85,2026-08-07,3,Call,41.50,-1.59%,1.78,1.84,1.88,2617,1816,1.44,124.25%,143.41%,0.478409,2026-08-04
SPCX,125.33,2026-08-07,3,Call,120.00,+4.25%,13.35,13.4,13.9,16150,11196,1.44,111.65%,242.41%,0.621346,2026-08-04
MSFT,492.81,2026-08-28,24,Call,550.00,-11.60%,1.51,1,1.94,533,370,1.44,30.75%,31.29%,0.095957,2026-08-04
AAPL,309.38,2026-08-10,6,Put,297.50,-3.84%,0.63,0.64,0.76,534,371,1.44,26.85%,27.46%,-0.126313,2026-08-04
WMT,111.55,2026-08-14,10,Put,111.00,-0.49%,1.67,1.7,1.78,655,456,1.44,33.36%,27.53%,-0.442475,2026-08-04
SPOT,478.17,2026-08-07,3,Call,520.00,-8.75%,0.57,0.99,1.4,709,491,1.44,43.97%,64.23%,0.07986,2026-08-04
BABA,128.99,2028-06-16,682,Call,200.00,-55.05%,14,16.05,18.95,775,540,1.44,48.39%,50.07%,0.373094,2026-08-04
MU,892.67,2026-08-05,1,Put,765.00,-14.30%,0.85,0.9,0.97,818,567,1.44,91.09%,160.82%,-0.030286,2026-08-04
CIFR,20.38,2026-08-07,3,Put,19.00,-6.77%,0.45,0.5,0.55,869,602,1.44,120.44%,147.71%,-0.27673,2026-08-04
AVGO,418.16,2026-08-14,10,Call,440.00,-5.22%,7.1,7.45,7.7,973,674,1.44,56.06%,56.12%,0.310996,2026-08-04
CRWV,91.9,2026-08-07,3,Call,93.00,-1.20%,3.95,4.15,4.25,1311,910,1.44,114.03%,138.18%,0.488041,2026-08-04
UBER,71.99,2026-08-07,3,Put,63.00,-12.49%,0.1,0.17,0.17,1406,977,1.44,45.26%,92.78%,-0.051417,2026-08-04
HPQ,28.82,2026-08-07,3,Call,28.00,+2.85%,1.07,1.05,1.25,1703,1180,1.44,56.75%,65.51%,0.696674,2026-08-04
MSFT,492.81,2026-08-05,1,Put,467.50,-5.14%,0.13,0.14,0.2,507,354,1.43,30.75%,54.11%,-0.030175,2026-08-04
PLTR,162.66,2026-08-14,10,Put,139.00,-14.55%,0.46,0.52,0.51,509,356,1.43,53.97%,64.33%,-0.062005,2026-08-04
ANET,190.51,2026-08-07,3,Call,202.50,-6.29%,5.25,5.37,5.8,545,382,1.43,73.20%,146.82%,0.348327,2026-08-04
AMD,518.58,2026-08-14,10,Put,460.00,-11.30%,9.45,10.25,11.15,573,400,1.43,81.75%,97.32%,-0.203203,2026-08-04
INTC,100.86,2026-08-07,3,Call,122.00,-20.96%,0.19,0.18,0.28,607,425,1.43,87.22%,124.18%,0.051373,2026-08-04
AMD,518.58,2026-08-07,3,Put,535.00,+3.17%,31.7,33.2,36.25,627,440,1.43,81.75%,131.30%,-0.579455,2026-08-04
ON,80.78,2026-08-07,3,Put,75.00,-7.16%,0.6,0.77,0.85,771,539,1.43,76.18%,95.42%,-0.182827,2026-08-04
TSM,417.17,2026-08-07,3,Put,382.50,-8.31%,0.63,0.72,0.79,911,636,1.43,47.24%,64.62%,-0.065002,2026-08-04
SPCX,125.33,2026-08-07,3,Call,157.50,-25.67%,2.56,2.6,2.73,1480,1033,1.43,111.65%,251.21%,0.187231,2026-08-04
WBD,25.79,2026-08-07,3,Put,26.00,+0.81%,0.22,0.38,0.8,2347,1643,1.43,22.78%,42.74%,-0.573036,2026-08-04
MSFT,492.81,2026-08-21,17,Call,495.00,-0.44%,11.85,12.08,12.6,2947,2062,1.43,30.75%,30.54%,0.494298,2026-08-04
B,38.21,2026-08-07,3,Call,39.50,-3.38%,0.1,0.22,0.3,1977,1389,1.42,45.71%,46.27%,0.221471,2026-08-04
SPCX,125.33,2026-10-16,73,Call,135.00,-7.72%,16.95,17,17.55,2836,1999,1.42,111.65%,92.80%,0.518444,2026-08-04
SMCI,31.69,2026-08-07,3,Call,32.00,-0.98%,1.1,1.13,1.15,6717,4742,1.42,104.94%,110.30%,0.482297,2026-08-04
AAPL,309.38,2026-08-14,10,Call,320.00,-3.43%,2,2.1,2.15,6771,4772,1.42,26.85%,28.15%,0.247625,2026-08-04
NVDA,211.94,2026-08-07,3,Put,205.00,-3.27%,0.94,0.96,0.99,13804,9705,1.42,41.33%,44.66%,-0.198126,2026-08-04
CVS,104.42,2026-08-07,3,Call,108.00,-3.43%,1.19,1.62,2.3,523,368,1.42,39.16%,83.87%,0.342969,2026-08-04
ORCL,145.74,2026-08-07,3,Put,136.00,-6.68%,0.78,0.8,0.85,822,578,1.42,73.19%,76.55%,-0.150581,2026-08-04
PBR,18.72,2026-08-07,3,Call,19.50,-4.17%,0.08,0.13,0.16,890,627,1.42,37.00%,56.77%,0.221931,2026-08-04
GLW,159.89,2026-08-07,3,Call,162.50,-1.63%,4.3,4.3,5.2,612,434,1.41,82.02%,102.07%,0.449785,2026-08-04
BA,237.16,2026-08-07,3,Call,255.00,-7.52%,0.05,0.12,0.17,640,454,1.41,33.91%,42.51%,0.031289,2026-08-04
SKHY,154.38,2026-08-14,10,Put,110.00,-28.75%,1,1.27,1.4,740,525,1.41,114.80%,148.09%,-0.065639,2026-08-04
QCOM,162.67,2026-08-07,3,Call,185.00,-13.73%,0.2,0.2,0.25,828,587,1.41,58.90%,82.37%,0.046112,2026-08-04
AAPL,309.38,2026-09-04,31,Call,310.00,-0.20%,9.3,9.55,9.9,888,628,1.41,26.85%,26.35%,0.519586,2026-08-04
APLD,31.27,2026-08-07,3,Call,33.50,-7.13%,0.51,0.55,0.56,890,630,1.41,102.02%,116.91%,0.276176,2026-08-04
MU,892.67,2026-08-07,3,Call,990.00,-10.90%,9.1,9.39,9.45,904,643,1.41,91.09%,119.52%,0.184509,2026-08-04
BN,44.62,2026-10-16,73,Call,45.00,-0.85%,1.7,2,2.45,1027,726,1.41,31.92%,26.73%,0.515476,2026-08-04
IBM,235.15,2026-08-07,3,Call,237.50,-1.00%,2.91,3.05,3.25,1029,729,1.41,41.57%,48.49%,0.419554,2026-08-04
HTZ,1.51,2026-12-18,136,Call,2.5000,-65.56%,0.22,0.22,0.26,1034,732,1.41,150.03%,129.85%,0.41223,2026-08-04
GPN,88.25,2026-08-21,17,Call,95.00,-7.65%,2.65,2.65,3.1,1504,1066,1.41,59.58%,70.87%,0.345172,2026-08-04
SPCX,125.33,2026-11-20,108,Put,70.00,-44.15%,2.4,2.68,2.6,1538,1089,1.41,111.65%,90.51%,-0.073522,2026-08-04
DVN,44.05,2026-08-07,3,Call,44.00,+0.11%,0.99,1.09,1.11,1561,1108,1.41,41.58%,64.30%,0.519701,2026-08-04
TSM,417.17,2026-08-07,3,Put,380.00,-8.91%,0.51,0.59,0.65,2179,1550,1.41,47.24%,65.44%,-0.0541,2026-08-04
GOOG,375.35,2026-08-07,3,Call,385.00,-2.57%,1.77,1.8,1.91,2717,1929,1.41,33.34%,38.55%,0.241687,2026-08-04
NBIS,225.74,2026-08-07,3,Call,230.00,-1.89%,11.55,11.72,12.2,3182,2260,1.41,140.17%,168.50%,0.48242,2026-08-04
ORCL,145.74,2026-11-20,108,Call,145.00,+0.51%,22.35,22.95,23.15,3962,2802,1.41,73.19%,70.20%,0.586067,2026-08-04
UBER,71.99,2026-08-07,3,Put,65.00,-9.71%,0.34,0.38,0.38,4783,3393,1.41,45.26%,96.80%,-0.11296,2026-08-04
NFLX,73.57,2026-08-14,10,Call,75.00,-1.94%,1.33,1.34,1.37,5235,3701,1.41,37.21%,39.85%,0.40368,2026-08-04
AAPL,309.38,2026-08-14,10,Call,310.00,-0.20%,5.3,5.5,5.7,9280,6599,1.41,26.85%,27.74%,0.499526,2026-08-04
AMD,518.58,2026-08-07,3,Put,420.00,-19.01%,0.98,1.05,1.15,1962,1405,1.4,81.75%,137.13%,-0.039182,2026-08-04
NVO,44.28,2027-03-19,227,Call,55.00,-24.21%,2.2,2.55,3.5,2177,1554,1.4,41.80%,47.54%,0.317686,2026-08-04
INTC,100.86,2026-08-07,3,Put,95.00,-5.81%,1.61,1.68,1.68,2381,1701,1.4,87.22%,110.23%,-0.257419,2026-08-04
CVNA,68.03,2026-09-18,45,Call,70.00,-2.90%,5.05,5.13,5.5,2697,1926,1.4,62.56%,63.01%,0.500897,2026-08-04
AMZN,277.42,2026-08-07,3,Put,272.50,-1.77%,1.94,2.11,2.31,3101,2215,1.4,33.62%,41.77%,-0.309109,2026-08-04
AAPL,309.38,2026-08-07,3,Put,295.00,-4.65%,0.24,0.25,0.29,5727,4101,1.4,26.85%,34.68%,-0.062106,2026-08-04
CLOV,4.27,2026-08-14,10,Put,4.00,-6.32%,0.08,0.15,0.2,6539,4673,1.4,88.20%,93.07%,-0.3062,2026-08-04
AXTI,65.27,2027-01-15,164,Call,100.00,-53.21%,15,16.1,16.7,535,382,1.4,148.51%,141.75%,0.517624,2026-08-04
TSLA,327.35,2026-08-21,17,Call,322.50,+1.48%,15.75,16.25,16.1,615,438,1.4,45.35%,46.71%,0.585221,2026-08-04
MSFT,492.81,2026-11-20,108,Put,500.00,+1.46%,36.05,35.65,38.35,717,513,1.4,30.75%,33.18%,-0.481724,2026-08-04
ANET,190.51,2026-08-07,3,Put,150.00,-21.26%,0.29,0.32,0.32,977,700,1.4,73.20%,145.36%,-0.029916,2026-08-04
F,14.24,2026-08-14,10,Put,13.50,-5.20%,0.09,0.1,0.12,998,711,1.4,34.70%,39.33%,-0.197337,2026-08-04
INTC,100.86,2028-01-21,535,Call,155.00,-53.68%,24,26.25,29,1382,988,1.4,87.22%,81.18%,0.538823,2026-08-04
CRWV,91.9,2026-08-07,3,Call,92.00,-0.11%,4.4,4.53,4.7,1557,1115,1.4,114.03%,138.02%,0.52243,2026-08-04
PURR,6.81,2026-08-07,3,Call,7.50,-10.13%,0.05,0.1,0.1,522,376,1.39,101.20%,116.95%,0.196413,2026-08-04
AMD,518.58,2026-08-14,10,Call,580.00,-11.84%,13.35,13.87,15.25,535,384,1.39,81.75%,102.41%,0.284393,2026-08-04
SPCX,125.33,2026-08-21,17,Put,122.00,-2.66%,11.75,12.5,12.45,661,475,1.39,111.65%,130.00%,-0.404729,2026-08-04
PCG,17.45,2027-06-17,317,Call,20.00,-14.61%,1.34,1.46,1.73,784,564,1.39,53.76%,35.77%,0.428916,2026-08-04
EXPE,312.06,2026-08-07,3,Put,290.00,-7.07%,5.6,6.9,8.3,798,573,1.39,62.22%,143.25%,-0.263943,2026-08-04
HD,348.24,2026-08-21,17,Put,295.00,-15.29%,0.27,0.34,0.69,799,576,1.39,34.62%,43.84%,-0.035468,2026-08-04
TSM,417.17,2026-08-14,10,Put,420.00,+0.68%,14.65,15,15.8,893,644,1.39,47.24%,50.40%,-0.512672,2026-08-04
NVDA,211.94,2026-08-10,6,Put,192.50,-9.17%,0.19,0.19,0.22,905,652,1.39,41.33%,44.15%,-0.041247,2026-08-04
CRDO,237.92,2026-08-07,3,Call,260.00,-9.28%,3.9,4.4,4.8,1394,1004,1.39,120.36%,137.46%,0.258634,2026-08-04
LCID,7.78,2026-11-20,108,Put,9.00,+15.68%,2.75,3.01,3.25,1651,1189,1.39,126.53%,135.08%,-0.42942,2026-08-04
NVO,44.28,2026-08-21,17,Put,47.00,+6.14%,2.89,3.59,4.25,1802,1294,1.39,41.80%,47.08%,-0.707779,2026-08-04
INTC,100.86,2026-08-07,3,Call,102.00,-1.13%,3.4,3.51,3.6,1829,1318,1.39,87.22%,109.99%,0.475942,2026-08-04
NEXT,6.52,2026-08-21,17,Call,7.00,-7.36%,0.15,0.23,0.3,2047,1472,1.39,64.97%,71.99%,0.356173,2026-08-04
TSM,417.17,2026-09-18,45,Call,530.00,-27.05%,2.62,2.75,3.05,2090,1508,1.39,47.24%,47.73%,0.092888,2026-08-04
AAPL,309.38,2026-08-21,17,Call,327.50,-5.86%,1.68,1.76,1.8,2159,1552,1.39,26.85%,27.26%,0.180811,2026-08-04
SPCX,125.33,2026-08-28,24,Call,300.00,-139.37%,0.49,0.61,0.7,2256,1627,1.39,111.65%,165.37%,0.032853,2026-08-04
OPEN,4.12,2026-08-14,10,Call,4.00,+2.91%,0.41,0.42,0.42,2622,1881,1.39,102.85%,130.71%,0.598481,2026-08-04
STM,54.22,2028-01-21,535,Put,60.00,+10.66%,18.3,18.7,19,3816,2742,1.39,71.99%,64.49%,-0.384782,2026-08-04
PLTR,162.66,2026-08-14,10,Call,150.00,+7.78%,14.5,14.71,14.95,5690,4105,1.39,53.97%,61.85%,0.80302,2026-08-04
NVDA,211.94,2026-08-10,6,Call,207.50,+2.09%,6.5,6.9,6.85,2430,1756,1.38,41.33%,37.28%,0.683566,2026-08-04
SPCX,125.33,2026-08-07,3,Call,133.00,-6.12%,7.75,7.9,8.15,2518,1828,1.38,111.65%,243.78%,0.437638,2026-08-04
MSFT,492.81,2026-08-14,10,Call,490.00,+0.57%,11.95,12,12.85,3003,2176,1.38,30.75%,33.08%,0.558052,2026-08-04
DIS,98.18,2026-08-14,10,Call,104.00,-5.93%,1.02,1.18,1.34,612,445,1.38,34.13%,49.51%,0.254472,2026-08-04
DIS,98.18,2026-08-07,3,Put,97.00,-1.20%,2.25,2.4,2.55,640,465,1.38,34.13%,83.75%,-0.421512,2026-08-04
CAR,141.13,2028-01-21,535,Put,100.00,-29.14%,17.6,18.5,20.1,702,510,1.38,59.34%,68.44%,-0.188842,2026-08-04
WMT,111.55,2026-08-14,10,Call,114.00,-2.20%,1.03,1.12,1.18,737,534,1.38,33.36%,27.90%,0.333123,2026-08-04
NKE,41.53,2026-08-14,10,Call,43.00,-3.54%,0.49,0.53,0.55,784,570,1.38,37.80%,39.57%,0.308509,2026-08-04
GOOGL,377.65,2027-01-15,164,Call,525.00,-39.02%,4.5,4.9,5.75,880,640,1.38,33.90%,36.55%,0.123701,2026-08-04
GOOGL,377.65,2026-08-14,10,Put,340.00,-9.97%,0.37,0.45,0.54,1004,725,1.38,33.90%,38.45%,-0.044976,2026-08-04
CVNA,68.03,2026-08-07,3,Call,72.00,-5.84%,0.44,0.52,0.57,1195,865,1.38,62.56%,72.89%,0.205884,2026-08-04
FCX,67.3,2026-08-07,3,Call,68.00,-1.04%,1.1,1.2,1.3,1208,873,1.38,54.16%,62.06%,0.439633,2026-08-04
CMG,33.82,2026-08-14,10,Call,34.00,-0.53%,0.95,1,1.05,1469,1065,1.38,43.36%,47.89%,0.494099,2026-08-04
NB,5.19,2027-01-15,164,Call,20.00,-285.36%,0.05,0.1,0.15,1600,1162,1.38,110.75%,110.10%,0.075604,2026-08-04
TDC,34.39,2026-10-16,73,Call,40.00,-16.31%,1.25,2.81,3,502,366,1.37,109.66%,64.88%,0.363079,2026-08-04
CLMT,41.56,2026-08-21,17,Call,42.00,-1.06%,2.2,2.42,2.7,569,416,1.37,70.17%,74.90%,0.502489,2026-08-04
BORR,4.02,2027-01-15,164,Put,5.00,+24.38%,1.1,1.35,1.75,600,439,1.37,64.63%,67.59%,-0.596602,2026-08-04
AAOI,131.63,2026-08-07,3,Call,135.00,-2.56%,10.9,11.3,11.9,619,453,1.37,148.08%,270.29%,0.508199,2026-08-04
META,587.94,2026-08-07,3,Put,585.00,-0.50%,7.75,8.09,8.35,735,535,1.37,38.34%,44.85%,-0.440725,2026-08-04
EOSE,4.35,2026-08-14,10,Call,5.50,-26.44%,0.19,0.22,0.2,882,644,1.37,139.60%,186.78%,0.273898,2026-08-04
SNDK,1427.62,2026-08-07,3,Put,950.00,-33.46%,3.1,3.5,4,953,694,1.37,129.69%,247.33%,-0.026816,2026-08-04
VVX,78.76,2026-08-21,17,Call,90.00,-14.27%,0.6,0.7,0.85,1015,743,1.37,49.83%,56.35%,0.153304,2026-08-04
TSLA,327.35,2026-08-14,10,Call,370.00,-13.03%,1.26,1.34,1.3,1414,1029,1.37,45.35%,54.37%,0.095953,2026-08-04
INTC,100.86,2026-08-28,24,Call,110.00,-9.06%,5.7,6,6.05,1666,1212,1.37,87.22%,90.18%,0.400914,2026-08-04
AAOI,131.63,2026-09-18,45,Call,200.00,-51.94%,8.8,9.1,9.7,1699,1242,1.37,148.08%,143.39%,0.284273,2026-08-04
PLD,139.05,2027-01-15,164,Call,165.00,-18.66%,0.6,1.75,2.1,2000,1465,1.37,26.02%,21.74%,0.138992,2026-08-04
SPCX,125.33,2026-08-07,3,Call,310.00,-147.35%,0.25,0.28,0.3,2003,1460,1.37,111.65%,433.12%,0.017479,2026-08-04
PLTR,162.66,2026-08-07,3,Call,139.00,+14.55%,23.6,23.45,24.1,2170,1580,1.37,53.97%,92.60%,0.972434,2026-08-04
GPN,88.25,2026-08-21,17,Call,90.00,-1.98%,4.1,4.4,5.4,2501,1826,1.37,59.58%,72.27%,0.483608,2026-08-04
CRSP,53.07,2027-01-15,164,Call,80.00,-50.74%,2.5,2.65,2.8,2724,1991,1.37,55.59%,63.89%,0.240717,2026-08-04
NFLX,73.57,2026-09-18,45,Call,74.00,-0.58%,3.7,3.77,3.85,2737,2001,1.37,37.21%,37.08%,0.522117,2026-08-04
HPE,52.39,2026-09-18,45,Call,65.00,-24.07%,2.51,2.56,2.66,8159,5944,1.37,83.16%,87.67%,0.295497,2026-08-04
INTC,100.86,2026-08-07,3,Put,100.00,-0.85%,3.45,3.58,3.7,1832,1346,1.36,87.22%,110.22%,-0.445179,2026-08-04
AMD,518.58,2026-08-07,3,Call,510.00,+1.65%,30,30.38,33.6,1837,1348,1.36,81.75%,146.43%,0.577036,2026-08-04
SPCX,125.33,2026-08-07,3,Put,101.00,-19.41%,1.6,1.58,1.68,3467,2555,1.36,111.65%,222.41%,-0.120463,2026-08-04
ORCL,145.74,2026-08-21,17,Call,155.00,-6.35%,4.7,4.8,5,7025,5166,1.36,73.19%,66.94%,0.364089,2026-08-04
BLDR,75.37,2026-09-18,45,Put,90.00,+19.41%,16.1,16.2,16.8,584,430,1.36,58.84%,61.78%,-0.760322,2026-08-04
GDYN,7.25,2026-12-18,136,Put,5.00,-31.03%,0.2,0.4,0.7,675,495,1.36,74.77%,89.10%,-0.164121,2026-08-04
UBER,71.99,2026-08-07,3,Call,81.00,-12.52%,0.24,0.35,0.33,687,506,1.36,45.26%,97.27%,0.098553,2026-08-04
SPCX,125.33,2026-08-14,10,Call,127.00,-1.33%,12.1,12.2,12.45,692,508,1.36,111.65%,156.96%,0.53298,2026-08-04
EOSE,4.35,2026-08-14,10,Call,5.00,-14.94%,0.27,0.3,0.3,777,573,1.36,139.60%,178.61%,0.374505,2026-08-04
DIS,98.18,2026-08-07,3,Call,104.00,-5.93%,1.01,1.1,1.16,787,579,1.36,34.13%,87.10%,0.245271,2026-08-04
ASTS,70.31,2026-08-07,3,Call,73.00,-3.83%,2.15,2.23,2.36,998,734,1.36,114.11%,132.28%,0.401029,2026-08-04
MOS,22.71,2026-08-21,17,Call,27.00,-18.89%,0.05,0.14,0.2,1025,753,1.36,52.72%,58.88%,0.09687,2026-08-04
DIS,98.18,2026-08-07,3,Put,91.00,-7.31%,0.53,0.63,0.63,1375,1014,1.36,34.13%,82.94%,-0.14723,2026-08-04
MSFT,492.81,2026-09-18,45,Put,490.00,-0.57%,18.45,19.08,19.5,1611,1185,1.36,30.75%,30.71%,-0.44695,2026-08-04
AMZN,277.42,2026-08-12,8,Put,270.00,-2.67%,2.21,2.51,3.1,509,376,1.35,33.62%,35.07%,-0.287252,2026-08-04
CAT,876.54,2026-08-07,3,Put,830.00,-5.31%,2.95,3.1,3.8,537,397,1.35,46.08%,57.59%,-0.141117,2026-08-04
APLD,31.27,2026-08-07,3,Put,29.00,-7.26%,0.43,0.48,0.51,553,410,1.35,102.02%,119.84%,-0.226466,2026-08-04
GME,19.21,2026-08-21,17,Call,19.50,-1.51%,0.43,0.56,0.58,653,482,1.35,45.52%,39.28%,0.438281,2026-08-04
RKLB,74.48,2026-08-07,3,Put,75.00,+0.70%,3.25,3.5,3.5,751,556,1.35,104.28%,115.44%,-0.504738,2026-08-04
COIN,150.73,2026-08-14,10,Call,160.00,-6.15%,4.05,4.45,4.35,799,594,1.35,71.98%,77.49%,0.346961,2026-08-04
CAT,876.54,2026-08-07,3,Put,800.00,-8.73%,0.4,0.96,1.5,892,659,1.35,46.08%,61.11%,-0.046381,2026-08-04
UNH,407.55,2026-08-07,3,Call,420.00,-3.05%,1.02,1.07,1.12,942,697,1.35,28.93%,33.47%,0.165286,2026-08-04
DIS,98.18,2026-08-14,10,Call,110.00,-12.04%,0.33,0.38,0.4,992,733,1.35,34.13%,51.09%,0.09671,2026-08-04
AVGO,418.16,2026-08-07,3,Call,412.50,+1.35%,12.85,14.41,13.75,1095,810,1.35,56.06%,67.66%,0.601341,2026-08-04
MNKD,3.96,2026-09-04,31,Call,1.00,+74.75%,2.6,3.08,5,1198,888,1.35,92.73%,"1,181.30%",0.983085,2026-08-04
WMT,111.55,2026-08-14,10,Call,113.00,-1.30%,1.42,1.42,1.5,1586,1174,1.35,33.36%,27.96%,0.405169,2026-08-04
NVO,44.28,2026-08-14,10,Call,50.00,-12.92%,0.1,0.13,0.18,1634,1209,1.35,41.80%,51.93%,0.083301,2026-08-04
MCD,268.34,2026-08-07,3,Call,270.00,-0.62%,2.3,2.44,2.65,1711,1264,1.35,24.15%,33.18%,0.425507,2026-08-04
SMCI,31.69,2026-08-14,10,Call,31.00,+2.18%,3,3.1,3.2,1760,1303,1.35,104.94%,131.97%,0.584946,2026-08-04
SPCX,125.33,2026-08-07,3,Call,225.00,-79.53%,0.51,0.55,0.63,2007,1486,1.35,111.65%,339.86%,0.040584,2026-08-04
NOW,118.14,2026-08-07,3,Call,130.00,-10.04%,0.37,0.37,0.39,2536,1879,1.35,62.53%,79.13%,0.097906,2026-08-04
DKNG,23.61,2026-08-07,3,Call,24.00,-1.65%,0.94,1.02,1.09,3208,2379,1.35,69.10%,139.11%,0.474285,2026-08-04
DIS,98.18,2026-08-07,3,Call,102.00,-3.89%,1.52,1.51,1.68,2377,1773,1.34,34.13%,86.97%,0.328387,2026-08-04
BIDU,112.58,2026-08-21,17,Put,101.00,-10.29%,0.95,1.44,1.67,2694,2012,1.34,53.60%,56.72%,-0.168438,2026-08-04
CDE,16.21,2026-11-20,108,Call,22.50,-38.80%,0.9,0.97,1.05,6021,4509,1.34,76.22%,75.73%,0.285286,2026-08-04
AMZN,277.42,2026-08-07,3,Call,285.00,-2.73%,1.43,1.55,1.72,8145,6096,1.34,33.62%,42.58%,0.250969,2026-08-04
GME,19.21,2026-08-07,3,Call,20.00,-4.11%,0.1,0.1,0.11,9046,6748,1.34,45.52%,53.11%,0.206249,2026-08-04
NVDA,211.94,2026-08-07,3,Call,225.00,-6.16%,0.27,0.28,0.29,14470,10831,1.34,41.33%,44.77%,0.073992,2026-08-04
NBIS,225.74,2026-08-07,3,Call,227.50,-0.78%,12.45,12.38,13.35,518,387,1.34,140.17%,167.70%,0.510725,2026-08-04
QCOM,162.67,2026-08-28,24,Call,175.00,-7.58%,5.3,5.75,5.8,633,473,1.34,58.90%,61.17%,0.350869,2026-08-04
MED,13.08,2026-08-21,17,Call,12.50,+4.43%,0.7,1.05,0.9,806,603,1.34,41.56%,51.88%,0.653988,2026-08-04
HOOD,93.51,2026-08-07,3,Call,103.00,-10.15%,0.33,0.34,0.36,940,699,1.34,68.74%,82.67%,0.105949,2026-08-04
AVGO,418.16,2026-09-18,45,Call,530.00,-26.75%,5.65,6.2,6.35,1044,778,1.34,56.06%,58.07%,0.148609,2026-08-04
AMD,518.58,2027-03-19,227,Put,330.00,-36.36%,23.45,24.75,26,1045,780,1.34,81.75%,70.99%,-0.13026,2026-08-04
GE,377.28,2026-09-18,45,Call,380.00,-0.72%,15.8,16.77,17.5,1058,789,1.34,33.16%,32.63%,0.511315,2026-08-04
TSSI,11.17,2026-08-21,17,Call,15.00,-34.29%,0.55,0.65,0.65,1322,987,1.34,145.81%,174.27%,0.27711,2026-08-04
PEP,139.1,2026-08-07,3,Call,140.00,-0.65%,1,1.19,1.27,1486,1109,1.34,26.00%,30.63%,0.412927,2026-08-04
NVDA,211.94,2026-08-17,13,Call,235.00,-10.88%,0.52,0.59,0.57,565,424,1.33,41.33%,37.83%,0.081441,2026-08-04
AVGO,418.16,2026-08-07,3,Call,475.00,-13.59%,0.2,0.24,0.31,573,431,1.33,56.06%,70.79%,0.025602,2026-08-04
RKLB,74.48,2026-08-07,3,Call,82.00,-10.10%,0.87,0.99,0.98,605,454,1.33,104.28%,122.21%,0.208916,2026-08-04
MRVL,218.59,2026-08-14,10,Call,190.00,+13.08%,32.3,33.9,34.3,651,491,1.33,98.84%,108.81%,0.80886,2026-08-04
MSFT,492.81,2026-08-10,6,Put,490.00,-0.57%,6.25,6.31,6.8,761,572,1.33,30.75%,31.61%,-0.432058,2026-08-04
AMD,518.58,2026-08-07,3,Put,465.00,-10.33%,5,5.76,6.1,764,573,1.33,81.75%,130.29%,-0.162375,2026-08-04
RDDT,159.97,2026-08-07,3,Put,155.00,-3.11%,2.26,2.3,2.44,895,673,1.33,67.21%,77.46%,-0.312675,2026-08-04
AMD,518.58,2026-08-21,17,Call,575.00,-10.88%,19.6,20.9,21.65,1072,806,1.33,81.75%,91.12%,0.337845,2026-08-04
BA,237.16,2026-10-16,73,Call,250.00,-5.41%,9.3,9.85,10.15,1129,847,1.33,33.91%,35.26%,0.398243,2026-08-04
HOOD,93.51,2026-08-07,3,Call,101.00,-8.01%,0.56,0.6,0.65,1310,985,1.33,68.74%,83.90%,0.165741,2026-08-04
AMZN,277.42,2026-08-05,1,Put,300.00,+8.14%,22.25,23,22.85,1401,1052,1.33,33.62%,99.63%,-0.929973,2026-08-04
ENPH,41.77,2026-08-07,3,Call,45.00,-7.73%,0.56,0.56,0.62,1582,1190,1.33,85.96%,111.46%,0.247072,2026-08-04
GLW,159.89,2026-08-07,3,Call,170.00,-6.32%,2.2,2.36,2.51,1711,1282,1.33,82.02%,102.60%,0.270869,2026-08-04
BB,8.87,2026-09-18,45,Put,10.00,+12.74%,1.64,1.7,1.73,1812,1360,1.33,78.90%,79.92%,-0.609398,2026-08-04
INTC,100.86,2026-08-07,3,Put,85.00,-15.72%,0.26,0.27,0.3,3314,2496,1.33,87.22%,123.18%,-0.055918,2026-08-04
SPCX,125.33,2026-08-07,3,Call,160.00,-27.66%,2.31,2.34,2.4,11039,8302,1.33,111.65%,251.99%,0.170138,2026-08-04
ENPH,41.77,2028-01-21,535,Put,35.00,-16.21%,9.6,10.49,11.3,2000,1514,1.32,85.96%,82.31%,-0.238474,2026-08-04
SPCX,125.33,2026-08-28,24,Put,90.00,-28.19%,2,2.15,2.3,2399,1813,1.32,111.65%,117.50%,-0.104381,2026-08-04
CAT,876.54,2026-08-07,3,Call,960.00,-9.52%,0.62,1,1.37,682,516,1.32,46.08%,60.09%,0.050733,2026-08-04
SHLS,9.22,2026-08-21,17,Put,9.00,-2.39%,0.65,0.72,0.85,753,569,1.32,100.75%,110.21%,-0.410512,2026-08-04
AMD,518.58,2026-08-07,3,Call,545.00,-5.09%,15.75,16.4,18.15,764,579,1.32,81.75%,146.53%,0.380013,2026-08-04
TSLA,327.35,2026-08-28,24,Put,325.00,-0.72%,13.55,13.75,13.7,512,390,1.31,45.35%,45.30%,-0.445788,2026-08-04
U,35.22,2026-08-07,3,Call,42.00,-19.25%,0.5,0.52,0.53,513,391,1.31,86.48%,188.22%,0.172381,2026-08-04
MU,892.67,2026-08-05,1,Put,735.00,-17.66%,0.34,0.32,0.43,648,494,1.31,91.09%,171.09%,-0.013356,2026-08-04
AMD,518.58,2026-08-10,6,Call,522.50,-0.76%,25.75,26.5,28.35,662,505,1.31,81.75%,108.36%,0.507797,2026-08-04
UPST,30.32,2026-08-07,3,Call,33.00,-8.84%,1,1.1,1.09,755,578,1.31,89.29%,185.30%,0.33779,2026-08-04
PCG,17.45,2026-12-18,136,Put,15.00,-14.04%,0.6,0.73,0.75,761,580,1.31,53.76%,42.38%,-0.22672,2026-08-04
QXO,15.34,2026-11-20,108,Call,18.00,-17.34%,1.35,1.45,1.55,769,589,1.31,75.06%,69.73%,0.419976,2026-08-04
MSFT,492.81,2026-08-21,17,Put,485.00,-1.58%,9.1,9.67,9.75,835,636,1.31,30.75%,31.39%,-0.387325,2026-08-04
TSCO,33.12,2026-12-18,136,Put,30.00,-9.42%,1.7,1.81,1.95,978,745,1.31,39.87%,41.80%,-0.296525,2026-08-04
MSFT,492.81,2026-08-14,10,Put,490.00,-0.57%,8.55,9.1,9.35,1034,789,1.31,30.75%,32.23%,-0.441925,2026-08-04
SMCI,31.69,2026-08-14,10,Call,36.00,-13.60%,1.27,1.32,1.37,1068,814,1.31,104.94%,133.98%,0.322851,2026-08-04
SKHY,154.38,2026-08-07,3,Call,165.00,-6.88%,4.1,4.3,4.8,1173,897,1.31,114.80%,151.47%,0.339547,2026-08-04
ASTS,70.31,2026-08-14,10,Call,70.00,+0.44%,6.3,6.67,6.65,1351,1028,1.31,114.11%,136.00%,0.554326,2026-08-04
WMT,111.55,2026-08-21,17,Call,113.00,-1.30%,2.9,2.94,3.05,1374,1046,1.31,33.36%,37.19%,0.458043,2026-08-04
CAT,876.54,2026-08-07,3,Call,900.00,-2.68%,7.45,10,11,1439,1099,1.31,46.08%,57.85%,0.318147,2026-08-04
SPCX,125.33,2026-08-07,3,Call,117.00,+6.65%,14.9,15.2,15.6,1695,1289,1.31,111.65%,241.22%,0.664673,2026-08-04
MRVL,218.59,2026-09-18,45,Put,175.00,-19.94%,10.2,10.35,10.55,1773,1355,1.31,98.84%,98.75%,-0.204386,2026-08-04
LUMN,6.71,2026-08-07,3,Call,8.00,-19.23%,0.11,0.11,0.12,2041,1557,1.31,92.79%,199.46%,0.187532,2026-08-04
MSTR,97.65,2026-08-07,3,Call,104.00,-6.50%,0.86,0.91,0.93,2240,1704,1.31,74.56%,84.40%,0.217309,2026-08-04
MU,892.67,2026-08-07,3,Call,"1,050.00",-17.62%,3.25,3.34,3.45,2667,2041,1.31,91.09%,121.63%,0.078623,2026-08-04
IBM,235.15,2026-08-07,3,Call,230.00,+2.19%,6.9,7.2,7.4,2719,2082,1.31,41.57%,48.24%,0.701715,2026-08-04
HOOD,93.51,2026-08-07,3,Call,105.00,-12.29%,0.21,0.22,0.23,2814,2155,1.31,68.74%,84.68%,0.071139,2026-08-04
TENX,13.82,2026-09-18,45,Put,2.50,-81.91%,0.5,0.55,0.6,2045,1576,1.3,519.68%,454.16%,-0.030594,2026-08-04
AMZN,277.42,2026-08-07,3,Call,267.50,+3.58%,10,10.83,11.3,2307,1770,1.3,33.62%,37.30%,0.864907,2026-08-04
NFLX,73.57,2026-08-28,24,Call,75.00,-1.94%,2.27,2.29,2.32,3161,2434,1.3,37.21%,37.93%,0.45034,2026-08-04
NVDA,211.94,2026-08-07,3,Call,220.00,-3.80%,0.76,0.77,0.79,40624,31202,1.3,41.33%,43.11%,0.176476,2026-08-04
AMZN,277.42,2026-08-28,24,Put,255.00,-8.08%,2.04,2.13,2.2,508,391,1.3,33.62%,34.95%,-0.1565,2026-08-04
QUBT,9.23,2026-08-21,17,Call,9.50,-2.93%,0.69,0.76,0.82,512,393,1.3,104.05%,109.02%,0.500896,2026-08-04
CSCO,121.74,2026-08-07,3,Call,121.00,+0.61%,2.38,2.44,2.6,548,422,1.3,52.02%,47.55%,0.566376,2026-08-04
MRVL,218.59,2026-08-07,3,Put,195.00,-10.79%,2,2.12,2.23,574,443,1.3,98.84%,129.50%,-0.150626,2026-08-04
HOOD,93.51,2026-08-21,17,Call,92.00,+1.61%,6.4,6.4,6.6,695,535,1.3,68.74%,70.61%,0.576966,2026-08-04
CRCL,63.25,2026-08-07,3,Call,68.00,-7.51%,2.12,2.2,2.3,884,681,1.3,96.17%,175.29%,0.354048,2026-08-04
TSLA,327.35,2026-08-14,10,Call,345.00,-5.39%,4.35,4.46,4.5,1079,830,1.3,45.35%,49.49%,0.278261,2026-08-04
SPCX,125.33,2026-08-07,3,Put,83.00,-33.77%,0.1,0.11,0.13,1140,879,1.3,111.65%,212.96%,-0.012798,2026-08-04
CVX,190.4,2026-08-07,3,Put,187.50,-1.52%,0.97,1.02,1.08,1214,931,1.3,27.77%,31.82%,-0.292306,2026-08-04
FLUT,104.96,2026-08-21,17,Put,105.00,+0.04%,6.2,7.7,7.7,1301,1003,1.3,66.17%,77.68%,-0.464366,2026-08-04
AAPL,309.38,2026-08-28,24,Call,315.00,-1.82%,5.4,6.28,6.35,1363,1048,1.3,26.85%,25.42%,0.416544,2026-08-04
HOOD,93.51,2026-08-07,3,Call,102.00,-9.08%,0.45,0.47,0.48,1417,1087,1.3,68.74%,83.53%,0.134392,2026-08-04
UBER,71.99,2026-08-07,3,Put,64.00,-11.10%,0.2,0.28,0.26,1486,1147,1.3,45.26%,95.08%,-0.079101,2026-08-04
PFE,25.41,2026-08-07,3,Call,23.00,+9.48%,2.16,2.4,2.6,534,414,1.29,22.73%,57.66%,0.974663,2026-08-04
MU,892.67,2026-08-07,3,Call,960.00,-7.54%,14.9,15.8,15.3,702,544,1.29,91.09%,119.52%,0.269508,2026-08-04
ON,80.78,2026-08-07,3,Call,81.00,-0.27%,2.5,2.69,2.9,705,545,1.29,76.18%,95.65%,0.506153,2026-08-04
AVGO,418.16,2026-08-07,3,Call,422.50,-1.04%,7.7,7.95,8.8,821,634,1.29,56.06%,67.31%,0.446411,2026-08-04
SKHY,154.38,2026-08-14,10,Put,120.00,-22.27%,2.25,2.45,2.5,862,668,1.29,114.80%,143.66%,-0.118557,2026-08-04
MCD,268.34,2026-08-07,3,Put,265.00,-1.24%,1.39,1.56,1.7,1069,827,1.29,24.15%,30.30%,-0.318387,2026-08-04
NVTS,12.69,2026-08-14,10,Call,15.00,-18.20%,0.31,0.38,0.44,1072,831,1.29,117.36%,130.30%,0.253644,2026-08-04
CLS,371.15,2026-08-07,3,Call,367.50,+0.98%,13.3,16.08,18.8,1074,834,1.29,82.27%,105.55%,0.561298,2026-08-04
AMD,518.58,2026-08-07,3,Call,605.00,-16.66%,4.75,4.8,5.15,1119,865,1.29,81.75%,150.43%,0.144588,2026-08-04
NVDA,211.94,2026-08-10,6,Call,222.50,-4.98%,0.78,0.81,0.86,1245,965,1.29,41.33%,36.77%,0.159393,2026-08-04
AG,16.49,2026-08-07,3,Call,17.00,-3.09%,0.23,0.25,0.29,1696,1314,1.29,66.76%,77.67%,0.346893,2026-08-04
UBER,71.99,2026-08-07,3,Call,78.00,-8.35%,0.48,0.69,0.71,1737,1344,1.29,45.26%,93.82%,0.184919,2026-08-04
META,587.94,2026-08-07,3,Put,560.00,-4.75%,1.28,1.44,1.46,1765,1364,1.29,38.34%,45.55%,-0.113942,2026-08-04
CAT,876.54,2026-08-07,3,Call,950.00,-8.38%,0.9,1.38,1.84,1854,1433,1.29,46.08%,58.43%,0.068343,2026-08-04
JNJ,254.93,2026-08-07,3,Call,260.00,-1.99%,0.95,1.15,1.35,2569,1989,1.29,26.05%,32.49%,0.257906,2026-08-04
AMD,518.58,2026-08-07,3,Call,570.00,-9.92%,9.45,11.1,11.2,2609,2029,1.29,81.75%,147.73%,0.262132,2026-08-04
TCOM,46.84,2026-08-21,17,Put,45.00,-3.93%,0.05,0.75,0.85,2650,2057,1.29,41.49%,29.11%,-0.248742,2026-08-04
MSFT,492.81,2026-08-07,3,Put,470.00,-4.63%,0.85,0.85,0.93,2804,2179,1.29,30.75%,41.54%,-0.099737,2026-08-04
ASTS,70.31,2026-08-07,3,Call,70.00,+0.44%,3.35,3.55,3.6,4862,3769,1.29,114.11%,130.43%,0.539439,2026-08-04
AZN,155.62,2026-08-21,17,Call,160.00,-2.81%,2.5,2.65,2.7,5065,3937,1.29,32.18%,33.14%,0.35777,2026-08-04
RIVN,15.76,2026-08-14,10,Call,16.00,-1.52%,0.52,0.54,0.55,1864,1454,1.28,59.77%,61.17%,0.464603,2026-08-04
SPCX,125.33,2026-09-18,45,Put,70.00,-44.15%,0.85,0.85,0.95,4101,3205,1.28,111.65%,107.47%,-0.040638,2026-08-04
ORCL,145.74,2026-08-07,3,Call,160.00,-9.78%,0.51,0.55,0.55,15261,11935,1.28,73.19%,80.38%,0.107082,2026-08-04
AAPL,309.38,2026-08-07,3,Call,320.00,-3.43%,0.66,0.66,0.69,22671,17703,1.28,26.85%,33.86%,0.141088,2026-08-04
BBAI,3.15,2026-08-14,10,Put,3.50,+11.11%,0.34,0.4,0.43,506,394,1.28,82.48%,69.53%,-0.804054,2026-08-04
ASTS,70.31,2026-08-07,3,Put,64.00,-8.97%,0.84,0.88,0.93,577,451,1.28,114.11%,126.33%,-0.189231,2026-08-04
PLTR,162.66,2027-12-17,500,Put,195.00,+19.88%,58.2,58.5,59.25,611,476,1.28,53.97%,56.84%,-0.467021,2026-08-04
INTC,100.86,2026-09-04,31,Call,120.00,-18.98%,4.25,4.44,4.55,614,478,1.28,87.22%,89.62%,0.299901,2026-08-04
NET,301.33,2026-08-21,17,Call,370.00,-22.79%,3.7,4.15,5.45,635,495,1.28,76.16%,87.97%,0.164124,2026-08-04
APLD,31.27,2026-08-07,3,Call,31.50,-0.74%,1.18,1.26,1.27,1272,991,1.28,102.02%,117.46%,0.494898,2026-08-04
OPEN,4.12,2026-08-14,10,Put,4.00,-2.91%,0.25,0.27,0.28,1380,1079,1.28,102.85%,120.75%,-0.400541,2026-08-04
CELH,29.54,2026-08-07,3,Call,30.00,-1.56%,1.32,1.46,1.64,1663,1300,1.28,74.00%,157.68%,0.48622,2026-08-04
MSFT,492.81,2026-08-14,10,Put,465.00,-5.64%,1.99,2.21,2.31,513,405,1.27,30.75%,34.51%,-0.144958,2026-08-04
CRCL,63.25,2026-08-07,3,Call,71.00,-12.25%,1.45,1.52,1.56,592,467,1.27,96.17%,178.02%,0.263122,2026-08-04
AMZN,277.42,2028-06-16,682,Put,280.00,+0.93%,45,47.7,49.85,600,473,1.27,33.62%,36.89%,-0.379723,2026-08-04
BB,8.87,2026-08-14,10,Call,8.50,+4.17%,0.62,0.67,0.73,667,525,1.27,78.90%,80.55%,0.653121,2026-08-04
SPCX,125.33,2026-08-07,3,Put,82.00,-34.57%,0.1,0.11,0.15,696,549,1.27,111.65%,221.15%,-0.0133,2026-08-04
FCX,67.3,2027-03-19,227,Put,60.00,-10.85%,5.75,6.59,7.05,765,602,1.27,54.16%,50.92%,-0.299121,2026-08-04
HIMS,32.16,2026-08-14,10,Call,33.00,-2.61%,2.34,2.48,2.48,841,661,1.27,102.11%,130.25%,0.497123,2026-08-04
ASTS,70.31,2026-08-14,10,Call,80.00,-13.78%,3,3.11,3.2,1288,1018,1.27,114.11%,138.82%,0.328966,2026-08-04
OWL,11.57,2026-08-14,10,Call,11.50,+0.61%,0.3,0.36,0.4,1364,1072,1.27,46.56%,42.03%,0.542891,2026-08-04
MCD,268.34,2026-08-07,3,Put,262.50,-2.18%,0.8,1.03,1.02,2223,1749,1.27,24.15%,30.86%,-0.210979,2026-08-04
DELL,467.27,2026-08-07,3,Call,485.00,-3.79%,9.8,10.45,11.65,2582,2039,1.27,93.38%,105.69%,0.367605,2026-08-04
INTC,100.86,2026-08-07,3,Call,101.00,-0.14%,3.9,4.1,4.05,2640,2083,1.27,87.22%,110.52%,0.515462,2026-08-04
AMZN,277.42,2026-08-07,3,Put,260.00,-6.28%,0.27,0.26,0.29,15167,11959,1.27,33.62%,45.83%,-0.056123,2026-08-04
CVX,190.4,2026-08-07,3,Put,190.00,-0.21%,1.84,1.87,2,2304,1833,1.26,27.77%,30.74%,-0.464304,2026-08-04
SKHY,154.38,2026-08-07,3,Call,150.00,+2.84%,10.4,10.6,11,2717,2157,1.26,114.80%,150.96%,0.610624,2026-08-04
DELL,467.27,2026-08-21,17,Call,500.00,-7.00%,23.25,23.45,24.65,2961,2349,1.26,93.38%,91.09%,0.405522,2026-08-04
PLTR,162.66,2026-08-14,10,Put,120.00,-26.23%,0.1,0.11,0.12,3426,2720,1.26,53.97%,85.57%,-0.013051,2026-08-04
CVX,190.4,2026-08-21,17,Put,180.00,-5.46%,1.29,1.37,1.47,7563,5991,1.26,27.77%,30.95%,-0.190714,2026-08-04
ORCL,145.74,2026-08-07,3,Call,145.00,+0.51%,4.3,4.3,4.45,8363,6633,1.26,73.19%,75.73%,0.54421,2026-08-04
T,23.38,2026-08-07,3,Call,23.50,-0.51%,0.31,0.33,0.38,9732,7739,1.26,29.84%,47.55%,0.460482,2026-08-04
QCOM,162.67,2026-08-14,10,Call,170.00,-4.51%,3.7,4.05,4.1,530,421,1.26,58.90%,63.22%,0.357232,2026-08-04
DEO,87.83,2026-08-21,17,Call,90.00,-2.47%,2.4,2.7,2.8,618,489,1.26,39.97%,46.80%,0.424003,2026-08-04
MU,892.67,2026-08-05,1,Put,715.00,-19.90%,0.16,0.21,0.22,738,584,1.26,91.09%,175.50%,-0.0069,2026-08-04
ECHO,91.6,2026-08-21,17,Call,95.00,-3.71%,3.3,3.5,4.3,807,640,1.26,66.84%,65.62%,0.430685,2026-08-04
INTC,100.86,2026-08-07,3,Put,96.00,-4.82%,1.87,1.98,2.02,829,658,1.26,87.22%,109.94%,-0.291961,2026-08-04
CRWV,91.9,2026-08-07,3,Call,115.00,-25.14%,0.17,0.15,0.29,984,779,1.26,114.03%,143.27%,0.048549,2026-08-04
AAPL,309.38,2026-08-10,6,Put,300.00,-3.03%,0.95,1.02,1.29,1095,868,1.26,26.85%,27.65%,-0.184101,2026-08-04
AMD,518.58,2026-11-20,108,Call,700.00,-34.98%,33.5,34.3,36.9,1266,1008,1.26,81.75%,76.13%,0.312071,2026-08-04
INTC,100.86,2026-08-10,6,Call,109.00,-8.07%,1.82,1.9,1.91,513,409,1.25,87.22%,91.02%,0.273413,2026-08-04
NVDA,211.94,2026-09-11,38,Call,210.00,+0.92%,12.7,13.25,13.4,513,411,1.25,41.33%,43.14%,0.563245,2026-08-04
BLZE,19.79,2026-09-18,45,Call,12.50,+36.84%,7.2,9.2,9.2,544,436,1.25,109.48%,150.80%,0.873107,2026-08-04
FLEX,126.71,2026-09-18,45,Put,100.00,-21.08%,2.75,3.55,4,716,574,1.25,87.12%,79.74%,-0.158657,2026-08-04
AVGO,418.16,2026-08-07,3,Call,435.00,-4.03%,3.85,4.2,4.2,816,655,1.25,56.06%,66.80%,0.268369,2026-08-04
UNH,407.55,2026-08-14,10,Call,440.00,-7.96%,0.5,0.56,0.62,961,766,1.25,28.93%,29.91%,0.0648,2026-08-04
SMCI,31.69,2026-08-14,10,Call,45.00,-42.00%,0.27,0.28,0.29,1358,1085,1.25,104.94%,143.67%,0.088261,2026-08-04
EOSE,4.35,2026-08-07,3,Put,4.00,-8.05%,0.22,0.23,0.27,1462,1174,1.25,139.60%,263.09%,-0.31844,2026-08-04
DIS,98.18,2027-01-15,164,Put,75.00,-23.61%,0.79,0.92,1.39,1510,1212,1.25,34.13%,34.05%,-0.094154,2026-08-04
SPCX,125.33,2026-08-07,3,Put,103.00,-17.82%,1.92,2.03,2.06,1663,1326,1.25,111.65%,222.15%,-0.140868,2026-08-04
TSLA,327.35,2026-08-07,3,Call,342.50,-4.63%,1.87,1.9,1.95,2533,2024,1.25,45.35%,57.89%,0.203213,2026-08-04
AMZN,277.42,2026-09-18,45,Call,305.00,-9.94%,4.25,4.3,4.45,9083,7254,1.25,33.62%,33.52%,0.239569,2026-08-04
KO,86.56,2026-11-20,108,Call,82.50,+4.69%,6.45,6.75,7,1981,1602,1.24,21.66%,23.00%,0.679647,2026-08-04
MSFT,492.81,2026-11-20,108,Call,550.00,-11.60%,16.35,16.8,17.2,2914,2358,1.24,30.75%,33.13%,0.31913,2026-08-04
AMZN,277.42,2026-08-14,10,Call,280.00,-0.93%,5.3,5.65,5.7,3216,2598,1.24,33.62%,35.82%,0.4563,2026-08-04
SKHY,154.38,2026-08-07,3,Call,160.00,-3.64%,5.8,6.17,6.2,4148,3333,1.24,114.80%,149.62%,0.42323,2026-08-04
INTC,100.86,2026-08-07,3,Call,120.00,-18.98%,0.29,0.29,0.3,4559,3667,1.24,87.22%,121.21%,0.06375,2026-08-04
ORCL,145.74,2026-09-18,45,Put,105.00,-27.95%,1.85,1.99,1.98,5355,4317,1.24,73.19%,78.69%,-0.090917,2026-08-04
RIVN,15.76,2026-08-07,3,Call,16.00,-1.52%,0.27,0.27,0.3,8232,6640,1.24,59.77%,68.18%,0.417287,2026-08-04
SPCX,125.33,2026-08-07,3,Put,105.00,-16.22%,2.4,2.47,2.5,18408,14828,1.24,111.65%,223.99%,-0.164898,2026-08-04
FLUT,104.96,2026-08-21,17,Call,110.00,-4.80%,3.9,4.8,4.8,525,424,1.24,66.17%,70.28%,0.412044,2026-08-04
IONQ,41.72,2026-09-04,31,Call,45.00,-7.86%,3.45,3.72,4,534,431,1.24,103.12%,102.61%,0.462917,2026-08-04
MSFT,492.81,2026-08-05,1,Call,482.50,+2.09%,10.65,13.69,12.45,620,501,1.24,30.75%,45.74%,0.815514,2026-08-04
KODK,8.93,2026-08-21,17,Call,9.00,-0.78%,0.4,0.75,0.8,622,502,1.24,79.52%,81.41%,0.521142,2026-08-04
AVGO,418.16,2026-08-21,17,Call,425.00,-1.64%,16,16.75,16.85,629,509,1.24,56.06%,53.50%,0.471688,2026-08-04
LLY,1115.68,2026-08-07,3,Call,"1,300.00",-16.52%,1.7,1.8,2,757,610,1.24,45.24%,97.78%,0.046709,2026-08-04
HAS,91.51,2026-08-21,17,Call,90.00,+1.65%,2.05,2.96,4.7,792,639,1.24,31.71%,32.50%,0.608041,2026-08-04
IQ,1.33,2026-12-18,136,Call,1.5000,-12.78%,0.03,0.11,0.35,802,647,1.24,111.45%,76.05%,0.501545,2026-08-04
DELL,467.27,2026-08-07,3,Call,495.00,-5.93%,7.35,8.45,8.6,957,771,1.24,93.38%,107.04%,0.293539,2026-08-04
NVDA,211.94,2026-08-21,17,Call,232.50,-9.70%,1.27,1.28,1.31,966,782,1.24,41.33%,38.67%,0.14678,2026-08-04
IBM,235.15,2026-08-07,3,Call,245.00,-4.19%,1,1.11,1.15,1006,809,1.24,41.57%,49.83%,0.188205,2026-08-04
FCX,67.3,2026-08-07,3,Call,70.00,-4.01%,0.45,0.5,0.57,1371,1103,1.24,54.16%,59.67%,0.243199,2026-08-04
NBIS,225.74,2026-08-07,3,Call,225.00,+0.33%,13.2,14.43,14.55,1708,1382,1.24,140.17%,165.41%,0.539378,2026-08-04
"Downloaded from Barchart.com as of 08-04-2026 11:25pm CDT"
