Symbol,Price~,"Exp Date",DTE,Type,Strike,Moneyness,Bid,Latest,Ask,Volume,"Open Int",Vol/OI,"Imp Vol",IV,Delta,Time
LQD,106.06,2026-11-20,92,Call,108.00,-1.83%,0,0.43,1,25003,110,227.3,6.61%,4.77%,0.310226,2026-08-20
SILJ,31.63,2026-08-28,8,Put,29.00,-8.31%,0,0.19,0.28,17834,100,178.34,56.29%,51.09%,-0.115983,2026-08-20
SPY,762.6,2026-08-24,4,Call,766.00,-0.45%,1.52,1.54,1.56,11215,131,85.61,13.30%,8.93%,0.330146,2026-08-20
ETHA,17.55,2026-08-28,8,Call,17.50,+0.28%,0.61,0.62,0.64,130538,1526,85.54,55.07%,57.29%,0.534041,2026-08-20
SPY,762.6,2026-08-24,4,Call,762.00,+0.08%,3.56,3.55,3.58,11619,138,84.2,13.30%,9.86%,0.543842,2026-08-20
LQD,106.06,2026-12-18,120,Call,107.00,-0.89%,0.01,0.99,2.71,8000,104,76.92,6.61%,5.83%,0.493501,2026-08-20
ETHA,17.55,2026-08-28,8,Call,20.00,-13.96%,0.11,0.11,0.12,9920,141,70.35,55.07%,73.36%,0.126808,2026-08-20
GDX,99.85,2026-08-28,8,Call,104.00,-4.16%,1.3,1.45,1.53,16825,246,68.39,47.89%,50.26%,0.30874,2026-08-20
IWM,297.67,2026-09-11,22,Put,285.00,-4.26%,1.52,1.51,1.58,57128,932,61.3,17.97%,20.82%,-0.182855,2026-08-20
IWM,297.67,2026-08-24,4,Call,300.00,-0.78%,0.69,0.72,0.72,7346,127,57.84,17.97%,12.66%,0.287715,2026-08-20
SILJ,31.63,2026-08-28,8,Put,30.00,-5.15%,0.19,0.4,0.51,8945,173,51.71,56.29%,52.67%,-0.23372,2026-08-20
IWM,297.67,2026-09-18,29,Put,283.00,-4.93%,2.02,2.02,2.06,55161,1093,50.47,17.97%,22.21%,-0.192597,2026-08-20
GDX,99.85,2026-08-28,8,Call,101.00,-1.15%,1.75,2.25,2.64,6941,146,47.54,47.89%,45.49%,0.45042,2026-08-20
SPY,762.6,2026-08-24,4,Call,764.00,-0.18%,2.41,2.41,2.45,5949,137,43.42,13.30%,9.35%,0.439514,2026-08-20
GLD,415.26,2026-09-25,36,Call,435.00,-4.75%,6.45,6.24,6.8,4233,105,40.31,25.33%,26.06%,0.314957,2026-08-20
SPY,762.6,2026-08-24,4,Call,767.00,-0.58%,1.17,1.18,1.21,8531,217,39.31,13.30%,8.75%,0.277229,2026-08-20
SPY,762.6,2026-08-24,4,Call,765.00,-0.31%,1.94,1.94,1.97,9274,238,38.97,13.30%,9.13%,0.38484,2026-08-20
QQQ,710.93,2026-08-21,1,Call,713.00,-0.29%,1.92,1.95,1.99,29057,765,37.98,20.28%,19.15%,0.391178,2026-08-20
IBIT,41.2,2026-08-26,6,Call,42.00,-1.94%,0.49,0.51,0.53,7875,214,36.8,39.16%,39.56%,0.366128,2026-08-20
IWM,297.67,2026-09-11,22,Put,295.00,-0.90%,3.74,3.79,3.81,56501,1546,36.55,17.97%,17.83%,-0.398594,2026-08-20
QQQ,710.93,2026-08-21,1,Call,711.00,-0.01%,2.92,2.95,2.95,29073,810,35.89,20.28%,19.79%,0.501698,2026-08-20
IBIT,41.2,2027-03-19,211,Call,77.00,-86.89%,0.54,0.57,0.6,10001,285,35.09,39.16%,51.35%,0.088924,2026-08-20
IBIT,41.2,2026-11-20,92,Put,41.00,-0.49%,3.1,3.15,3.2,4925,143,34.44,39.16%,41.70%,-0.436148,2026-08-20
QQQ,710.93,2026-09-01,12,Put,718.00,+0.99%,13.08,13.51,13.28,3768,110,34.25,20.28%,18.64%,-0.600917,2026-08-20
QQQ,710.93,2026-10-16,57,Put,515.00,-27.56%,0.92,0.91,0.97,12060,353,34.16,20.28%,42.22%,-0.020429,2026-08-20
SPY,762.6,2026-08-31,11,Put,742.00,-2.70%,1.48,1.48,1.5,22784,700,32.55,13.30%,15.32%,-0.142106,2026-08-20
QQQ,710.93,2026-08-21,1,Call,712.00,-0.15%,2.38,2.39,2.41,40885,1268,32.24,20.28%,19.32%,0.446354,2026-08-20
QQQ,710.93,2026-08-21,1,Call,712.50,-0.22%,2.14,2.16,2.22,13938,442,31.53,20.28%,19.32%,0.419039,2026-08-20
GLD,415.26,2026-08-21,1,Call,429.00,-3.31%,0.14,0.18,0.2,4302,142,30.3,25.33%,37.51%,0.0502,2026-08-20
SPY,762.6,2026-08-24,4,Call,768.00,-0.71%,0.88,0.88,0.91,20409,696,29.32,13.30%,8.57%,0.226916,2026-08-20
QQQ,710.93,2026-09-01,12,Call,709.00,+0.27%,11.07,11.29,11.25,2874,101,28.46,20.28%,19.01%,0.550498,2026-08-20
TLT,82.34,2026-08-31,11,Call,82.50,-0.19%,0.52,0.6,0.54,4090,150,27.27,11.04%,10.20%,0.47407,2026-08-20
IWM,297.67,2026-10-16,57,Put,284.00,-4.59%,4.15,4.26,4.23,3522,131,26.89,17.97%,21.56%,-0.262011,2026-08-20
QQQ,710.93,2026-09-30,41,Put,676.00,-4.91%,8.33,8.41,8.49,6898,258,26.74,20.28%,24.04%,-0.240135,2026-08-20
IBIT,41.2,2026-09-04,15,Call,44.00,-6.80%,0.41,0.42,0.44,17519,674,25.99,39.16%,40.20%,0.227251,2026-08-20
IBIT,41.2,2026-12-18,120,Call,63.00,-52.91%,0.49,0.5,0.53,3605,139,25.94,39.16%,50.57%,0.100939,2026-08-20
SPY,762.6,2026-09-11,22,Put,717.00,-5.98%,1.47,1.46,1.5,9800,383,25.59,13.30%,19.30%,-0.087464,2026-08-20
ETHA,17.55,2026-12-18,120,Call,24.00,-36.75%,0.71,0.75,0.85,9580,378,25.34,55.07%,61.47%,0.249497,2026-08-20
QQQ,710.93,2026-08-21,1,Call,714.00,-0.43%,1.5,1.5,1.58,33665,1413,23.83,20.28%,18.75%,0.335364,2026-08-20
QQQ,710.93,2026-08-26,6,Put,675.00,-5.05%,0.52,0.5,0.55,2432,103,23.61,20.28%,25.61%,-0.053565,2026-08-20
SPY,762.6,2026-08-25,5,Call,765.00,-0.31%,2.54,2.57,2.61,4027,179,22.5,13.30%,9.91%,0.407792,2026-08-20
IWM,297.67,2026-08-24,4,Put,295.00,-0.90%,0.8,0.82,0.83,12890,583,22.11,17.97%,15.17%,-0.277219,2026-08-20
EWZ,34.14,2027-07-16,330,Call,37.00,-8.38%,2.47,2.69,2.87,3001,136,22.07,26.50%,35.09%,0.39787,2026-08-20
IBIT,41.2,2026-09-04,15,Call,43.00,-4.37%,0.62,0.64,0.66,10712,487,22,39.16%,39.16%,0.315542,2026-08-20
SOXX,522.35,2026-09-18,29,Call,575.00,-10.08%,6.5,6.45,8.1,7393,337,21.94,41.67%,40.53%,0.223959,2026-08-20
QQQ,710.93,2026-08-24,4,Call,712.00,-0.15%,3.8,3.85,3.86,6581,317,20.76,20.28%,14.23%,0.47222,2026-08-20
IWM,297.67,2027-01-15,148,Call,355.00,-19.26%,0.93,0.99,1.02,7615,369,20.64,17.97%,17.00%,0.071037,2026-08-20
QQQ,710.93,2026-08-21,1,Put,709.00,-0.27%,2.51,2.51,2.55,51334,2561,20.04,20.28%,23.15%,-0.406474,2026-08-20
IBIT,41.2,2026-08-26,6,Put,40.00,-2.91%,0.29,0.33,0.33,2004,100,20.04,39.16%,37.19%,-0.256269,2026-08-20
XRT,86.73,2026-10-16,57,Put,80.00,-7.76%,0,0.96,2.34,3063,154,19.89,25.81%,28.05%,-0.205462,2026-08-20
IWM,297.67,2026-08-24,4,Put,289.00,-2.91%,0.14,0.15,0.16,3654,186,19.65,17.97%,18.45%,-0.060109,2026-08-20
KRE,74.71,2026-08-21,1,Call,74.50,+0.28%,0,0.48,2.65,1944,101,19.25,20.21%,77.92%,0.536454,2026-08-20
SPY,762.6,2026-09-11,22,Put,748.00,-1.91%,4.63,4.45,4.67,9916,540,18.36,13.30%,14.51%,-0.274196,2026-08-20
SPY,762.6,2026-08-21,1,Call,767.00,-0.58%,0.48,0.48,0.49,83744,4561,18.36,13.30%,12.06%,0.184949,2026-08-20
QQQ,710.93,2026-09-01,12,Call,708.00,+0.41%,11.67,11.76,11.84,3781,213,17.75,20.28%,19.11%,0.566378,2026-08-20
KRE,74.71,2026-08-28,8,Call,76.00,-1.73%,0,0.46,2.39,1901,109,17.44,20.21%,39.22%,0.399697,2026-08-20
QQQ,710.93,2026-08-31,11,Call,703.00,+1.12%,14.26,14.61,14.47,1799,105,17.13,20.28%,19.29%,0.648343,2026-08-20
IBIT,41.2,2028-01-21,519,Call,96.00,-133.01%,1.59,1.53,1.77,10913,656,16.64,39.16%,51.23%,0.162317,2026-08-20
SPY,762.6,2026-08-27,7,Put,780.00,+2.28%,16.96,16.43,17.87,2273,137,16.59,13.30%,9.32%,-0.983232,2026-08-20
GDXJ,129.14,2026-09-18,29,Put,120.00,-7.08%,3.5,3.69,3.75,2049,125,16.39,52.00%,53.05%,-0.280202,2026-08-20
QQQ,710.93,2026-08-26,6,Put,683.00,-3.93%,0.86,0.87,0.91,1836,113,16.25,20.28%,23.64%,-0.087909,2026-08-20
SPY,762.6,2026-08-21,1,Call,766.00,-0.45%,0.72,0.73,0.73,58813,3665,16.05,13.30%,12.28%,0.24904,2026-08-20
DIA,527.51,2026-08-21,1,Call,532.00,-0.85%,0.08,0.11,0.16,2851,178,16.02,12.74%,11.53%,0.082824,2026-08-20
SPY,762.6,2026-08-21,1,Call,764.00,-0.18%,1.46,1.46,1.49,54398,3516,15.47,13.30%,13.04%,0.399553,2026-08-20
SMH,562.65,2026-08-28,8,Call,602.50,-7.08%,1.43,1.6,2.04,1777,115,15.45,37.63%,37.43%,0.116478,2026-08-20
GDX,99.85,2026-08-28,8,Put,95.00,-4.86%,1.08,1.08,1.16,4682,313,14.96,47.89%,51.30%,-0.241075,2026-08-20
QQQ,710.93,2026-08-24,4,Call,713.00,-0.29%,3.3,3.32,3.41,6052,415,14.58,20.28%,14.13%,0.434418,2026-08-20
EEM,66.62,2026-10-16,57,Put,58.50,-12.19%,0.25,0.47,0.66,6913,474,14.58,24.67%,29.41%,-0.1147,2026-08-20
IBIT,41.2,2026-08-31,11,Put,41.00,-0.49%,0.95,0.96,0.98,3447,237,14.54,39.16%,37.99%,-0.452262,2026-08-20
SPY,762.6,2026-08-21,1,Put,762.00,-0.08%,1.9,1.93,1.93,59033,4137,14.27,13.30%,13.98%,-0.452396,2026-08-20
EWY,178.16,2026-08-28,8,Put,130.00,-27.03%,0,0.1,0.1,4150,291,14.26,51.45%,87.80%,-0.006402,2026-08-20
QQQ,710.93,2026-09-01,12,Put,717.00,+0.85%,12.52,12.94,12.72,2372,167,14.2,20.28%,18.73%,-0.584035,2026-08-20
XOP,187.45,2027-01-15,148,Call,240.00,-28.03%,0.7,3.18,3.7,2000,142,14.08,33.25%,30.07%,0.13214,2026-08-20
ETHA,17.55,2026-08-28,8,Call,18.50,-5.41%,0.28,0.29,0.31,5769,412,14,55.07%,62.05%,0.301744,2026-08-20
QQQ,710.93,2026-08-24,4,Call,710.00,+0.13%,4.91,4.94,5.03,4721,338,13.97,20.28%,14.68%,0.546186,2026-08-20
ARKK,83.27,2026-08-28,8,Call,84.50,-1.48%,0.71,1.05,1.45,1850,134,13.81,34.55%,32.20%,0.394686,2026-08-20
QQQ,710.93,2026-09-11,22,Call,719.00,-1.14%,10.11,10.55,10.28,1558,113,13.79,20.28%,18.96%,0.429599,2026-08-20
SPY,762.6,2026-08-27,7,Put,764.00,+0.18%,5.44,5.44,5.57,2411,175,13.78,13.30%,11.76%,-0.53229,2026-08-20
IWM,297.67,2026-09-11,22,Put,299.00,+0.45%,5.3,5.53,5.4,2271,165,13.76,17.97%,16.69%,-0.524045,2026-08-20
SPY,762.6,2026-08-27,7,Call,766.00,-0.45%,3.4,3.47,3.48,1375,101,13.61,13.30%,11.35%,0.40433,2026-08-20
QQQ,710.93,2026-08-31,11,Call,702.00,+1.26%,14.96,15.24,15.17,1321,100,13.21,20.28%,19.41%,0.663059,2026-08-20
SPY,762.6,2026-08-26,6,Put,778.00,+2.02%,14.99,15.71,16.02,1528,116,13.17,13.30%,10.18%,-0.949753,2026-08-20
QQQ,710.93,2026-08-24,4,Call,715.00,-0.57%,2.42,2.5,2.5,5467,419,13.05,20.28%,13.73%,0.357457,2026-08-20
IBIT,41.2,2026-09-11,22,Put,38.50,-6.55%,0.48,0.5,0.52,2289,176,13.01,39.16%,38.39%,-0.21573,2026-08-20
SPY,762.6,2026-08-24,4,Put,764.00,+0.18%,3.65,3.66,3.77,8467,652,12.99,13.30%,9.63%,-0.561922,2026-08-20
QQQ,710.93,2026-08-21,1,Put,712.00,+0.15%,3.76,3.77,3.85,36135,2802,12.9,20.28%,22.03%,-0.547216,2026-08-20
SPY,762.6,2026-08-25,5,Call,760.00,+0.34%,5.45,5.5,5.57,2383,186,12.81,13.30%,10.98%,0.618327,2026-08-20
QQQ,710.93,2026-09-01,12,Call,707.00,+0.55%,12.29,12.52,12.5,1960,154,12.73,20.28%,19.27%,0.581806,2026-08-20
IBIT,41.2,2026-09-25,36,Put,36.00,-12.62%,0.39,0.4,0.41,3333,263,12.67,39.16%,42.55%,-0.135439,2026-08-20
ETHA,17.55,2026-10-16,57,Call,23.00,-31.05%,0.31,0.33,0.38,1436,114,12.6,55.07%,61.80%,0.168098,2026-08-20
QQQ,710.93,2026-08-27,7,Call,710.00,+0.13%,7.9,8.13,8.05,2902,232,12.51,20.28%,18.53%,0.535084,2026-08-20
SPY,762.6,2026-09-11,22,Put,784.00,+2.81%,20.64,21.61,23.5,1537,124,12.4,13.30%,10.27%,-0.875266,2026-08-20
QQQ,710.93,2026-08-21,1,Put,707.00,-0.55%,1.86,1.93,1.93,27905,2265,12.32,20.28%,23.89%,-0.324278,2026-08-20
SPY,762.6,2026-08-21,1,Put,763.00,+0.05%,2.33,2.34,2.35,78115,6367,12.27,13.30%,13.56%,-0.524754,2026-08-20
IBIT,41.2,2026-08-28,8,Call,43.00,-4.37%,0.38,0.39,0.4,22973,1874,12.26,39.16%,42.01%,0.259865,2026-08-20
QQQ,710.93,2026-08-31,11,Call,724.00,-1.84%,3.53,3.55,3.59,2654,218,12.17,20.28%,16.76%,0.281549,2026-08-20
SPY,762.6,2026-08-21,1,Put,764.00,+0.18%,2.8,2.84,2.85,82003,6749,12.15,13.30%,13.05%,-0.601472,2026-08-20
SMH,562.65,2026-08-21,1,Put,655.00,+16.41%,91,95.45,94.9,2750,227,12.11,37.63%,157.61%,-0.964379,2026-08-20
TQQQ,70.48,2026-08-21,1,Call,71.50,-1.45%,0.4,0.42,0.47,3454,286,12.08,58.43%,57.13%,0.321945,2026-08-20
QQQ,710.93,2026-09-11,22,Put,665.00,-6.46%,3.02,3.01,3.09,7757,643,12.06,20.28%,25.71%,-0.131854,2026-08-20
QQQ,710.93,2026-08-31,11,Call,714.00,-0.43%,7.62,7.7,7.75,1573,131,12.01,20.28%,17.89%,0.463407,2026-08-20
TQQQ,70.48,2026-08-21,1,Call,70.50,-0.03%,0.85,0.9,0.95,3621,302,11.99,58.43%,61.59%,0.50415,2026-08-20
SQQQ,39.37,2026-08-28,8,Call,38.50,+2.21%,1.71,1.78,1.88,6410,543,11.8,61.76%,56.37%,0.62517,2026-08-20
XLE,63.75,2026-08-24,4,Put,62.00,-2.75%,0.05,0.1,0.5,2826,241,11.73,25.72%,34.02%,-0.21031,2026-08-20
IBIT,41.2,2026-08-21,1,Call,41.50,-0.73%,0.29,0.3,0.32,43453,3703,11.73,39.16%,50.63%,0.398658,2026-08-20
DRAM,57.58,2026-10-02,43,Put,49.00,-14.90%,1.74,2.15,2.25,2490,213,11.69,69.58%,72.44%,-0.21558,2026-08-20
USO,134.54,2026-12-18,120,Call,145.00,-7.77%,9.65,10.58,10.75,6669,577,11.56,45.01%,44.53%,0.453791,2026-08-20
SPY,762.6,2026-09-11,22,Put,767.00,+0.58%,10.57,10.67,10.63,2596,229,11.34,13.30%,11.79%,-0.558782,2026-08-20
QQQ,710.93,2026-08-24,4,Put,713.00,+0.29%,5.59,5.51,5.7,4379,387,11.32,20.28%,15.68%,-0.560956,2026-08-20
QQQ,710.93,2026-08-21,1,Put,712.50,+0.22%,4.01,4.03,4.1,13539,1196,11.32,20.28%,21.81%,-0.57202,2026-08-20
QQQ,710.93,2026-08-21,1,Put,711.00,+0.01%,3.3,3.36,3.36,41991,3750,11.2,20.28%,22.38%,-0.498581,2026-08-20
DIA,527.51,2026-08-28,8,Put,519.00,-1.61%,1.28,1.29,1.43,2591,232,11.17,12.74%,14.41%,-0.210689,2026-08-20
IBIT,41.2,2027-03-19,211,Put,24.00,-41.75%,0.52,0.54,0.58,10030,898,11.17,39.16%,55.47%,-0.061608,2026-08-20
ETHA,17.55,2027-06-17,301,Put,17.00,-3.13%,2.39,3.11,3.15,3025,274,11.04,55.07%,53.14%,-0.362553,2026-08-20
QQQ,710.93,2026-09-18,29,Put,686.00,-3.51%,7.77,7.82,7.91,14722,1334,11.04,20.28%,23.07%,-0.269048,2026-08-20
SPY,762.6,2026-08-27,7,Put,765.00,+0.31%,5.84,5.75,6.07,3938,358,11,13.30%,11.51%,-0.566137,2026-08-20
QQQ,710.93,2026-08-24,4,Put,709.00,-0.27%,3.83,3.83,3.91,2797,257,10.88,20.28%,16.43%,-0.427204,2026-08-20
QQQ,710.93,2026-08-27,7,Call,718.00,-0.99%,4,4.2,4.14,1204,113,10.65,20.28%,17.44%,0.354937,2026-08-20
GDX,99.85,2026-08-21,1,Put,98.00,-1.85%,0.3,0.43,0.44,7590,716,10.6,47.89%,50.71%,-0.235357,2026-08-20
QQQ,710.93,2026-08-24,4,Call,711.00,-0.01%,4.35,4.35,4.46,4867,460,10.58,20.28%,14.53%,0.509772,2026-08-20
XLF,56.95,2026-08-28,8,Call,57.50,-0.97%,0.27,0.28,0.3,2194,209,10.5,14.48%,14.87%,0.344138,2026-08-20
ETHA,17.55,2026-10-16,57,Call,25.00,-42.45%,0.19,0.21,0.21,2028,196,10.35,55.07%,63.76%,0.104675,2026-08-20
QQQ,710.93,2026-08-31,11,Call,707.00,+0.55%,11.62,11.7,11.82,3611,352,10.26,20.28%,18.80%,0.585511,2026-08-20
SLV,61.66,2026-08-26,6,Call,61.50,+0.26%,1.33,1.42,1.41,1735,170,10.21,45.26%,40.31%,0.534929,2026-08-20
ETHA,17.55,2026-09-04,15,Put,16.00,-8.83%,0.21,0.21,0.22,5497,546,10.07,55.07%,55.71%,-0.187505,2026-08-20
USO,134.54,2026-08-21,1,Call,103.00,+23.44%,31.3,31.95,32.25,1309,131,9.99,45.01%,278.45%,0.971696,2026-08-20
QQQ,710.93,2026-08-25,5,Put,712.00,+0.15%,5.96,5.82,6.13,1828,183,9.99,20.28%,16.98%,-0.519567,2026-08-20
BITX,15.36,2026-08-21,1,Call,15.50,-0.91%,0.23,0.26,0.3,1250,126,9.92,76.46%,102.32%,0.444012,2026-08-20
SPY,762.6,2026-08-21,1,Call,768.00,-0.71%,0.31,0.32,0.32,55709,5625,9.9,13.30%,11.91%,0.132095,2026-08-20
IWM,297.67,2026-09-11,22,Call,303.00,-1.79%,2.63,2.7,2.69,3348,344,9.73,17.97%,15.97%,0.347047,2026-08-20
QQQ,710.93,2026-08-27,7,Put,718.00,+0.99%,11.05,10.99,11.25,1572,162,9.7,20.28%,18.55%,-0.639567,2026-08-20
QQQ,710.93,2026-08-24,4,Put,710.00,-0.13%,4.2,4.15,4.3,8724,911,9.58,20.28%,16.19%,-0.459173,2026-08-20
GDX,99.85,2026-08-28,8,Put,92.00,-7.86%,0.49,0.5,0.58,6260,656,9.54,47.89%,52.05%,-0.133382,2026-08-20
QQQ,710.93,2026-08-24,4,Put,712.00,+0.15%,5.08,5.02,5.2,5595,587,9.53,20.28%,15.83%,-0.526453,2026-08-20
QQQ,710.93,2026-09-01,12,Put,723.00,+1.70%,14.17,16.2,16.54,1073,113,9.5,20.28%,16.23%,-0.705926,2026-08-20
TQQQ,70.48,2026-08-26,6,Call,72.00,-2.16%,1.01,1.12,1.2,1172,124,9.45,58.43%,47.91%,0.379435,2026-08-20
KORU,20.33,2026-09-04,15,Call,26.00,-27.89%,0.5,0.78,1.05,1005,107,9.39,149.66%,145.98%,0.248758,2026-08-20
GDX,99.85,2026-10-16,57,Call,99.00,+0.85%,7.95,7.81,8.3,997,107,9.32,47.89%,47.37%,0.567584,2026-08-20
SPY,762.6,2026-08-27,7,Put,763.00,+0.05%,4.92,4.97,5.2,937,101,9.28,13.30%,11.94%,-0.499881,2026-08-20
QQQ,710.93,2026-08-24,4,Put,711.00,+0.01%,4.66,4.66,4.7,6058,669,9.06,20.28%,16.02%,-0.492364,2026-08-20
IWM,297.67,2026-08-24,4,Call,302.00,-1.45%,0.25,0.26,0.26,1769,196,9.03,17.97%,12.15%,0.134208,2026-08-20
XBI,163.38,2026-10-16,57,Call,172.00,-5.28%,4.8,4.95,5.1,2280,253,9.01,33.43%,31.17%,0.378524,2026-08-20
QQQ,710.93,2026-08-31,11,Call,706.00,+0.69%,12.26,12.26,12.46,1684,189,8.91,20.28%,18.93%,0.601751,2026-08-20
AGQ,87.65,2026-08-21,1,Call,95.00,-8.39%,0.15,0.25,0.4,2017,227,8.89,90.10%,120.36%,0.106537,2026-08-20
SOXL,122.21,2026-08-26,6,Call,130.00,-6.37%,3.5,3.99,4.45,1045,118,8.86,123.16%,111.52%,0.360693,2026-08-20
IBIT,41.2,2026-08-24,4,Call,42.00,-1.94%,0.35,0.39,0.39,16906,1914,8.83,39.16%,39.86%,0.333401,2026-08-20
BNO,53.49,2026-09-18,29,Put,55.00,+2.82%,3.7,3.85,4.1,1214,138,8.8,50.32%,52.00%,-0.541018,2026-08-20
QQQ,710.93,2026-08-31,11,Call,708.00,+0.41%,11,11.55,11.18,2307,263,8.77,20.28%,18.67%,0.568964,2026-08-20
DRAM,57.58,2026-08-21,1,Call,57.50,+0.14%,0.86,0.88,1,12223,1393,8.77,69.58%,73.82%,0.522955,2026-08-20
SPY,762.6,2026-08-26,6,Call,765.00,-0.31%,3.26,3.35,3.33,2121,242,8.76,13.30%,10.87%,0.425977,2026-08-20
SOXX,522.35,2026-08-21,1,Call,540.00,-3.38%,0,0.25,0.45,5601,641,8.74,41.67%,38.53%,0.051262,2026-08-20
VOO,701.01,2026-08-28,8,Put,700.00,-0.14%,3.9,4.7,5,2131,244,8.73,13.35%,12.48%,-0.452067,2026-08-20
SPY,762.6,2026-08-25,5,Put,778.00,+2.02%,14.99,14.5,15.89,1099,126,8.72,13.30%,10.02%,-0.970212,2026-08-20
GLD,415.26,2026-08-24,4,Call,425.00,-2.35%,0.86,0.99,0.97,2129,245,8.69,25.33%,22.85%,0.17338,2026-08-20
SILJ,31.63,2026-08-28,8,Call,33.00,-4.33%,0.3,0.55,0.75,9061,1052,8.61,56.29%,55.83%,0.322006,2026-08-20
BITX,15.36,2027-01-15,148,Call,36.00,-134.38%,0.41,0.5,0.57,1445,169,8.55,76.46%,93.54%,0.134378,2026-08-20
IBIT,41.2,2026-08-24,4,Call,41.00,+0.49%,0.73,0.75,0.77,10716,1256,8.53,39.16%,37.06%,0.561625,2026-08-20
SPY,762.6,2026-08-24,4,Put,740.00,-2.96%,0.16,0.15,0.17,1267,150,8.45,13.30%,15.85%,-0.033017,2026-08-20
BITX,15.36,2026-08-21,1,Call,16.00,-4.17%,0.1,0.13,0.13,1563,185,8.45,76.46%,105.10%,0.237968,2026-08-20
GDX,99.85,2026-09-18,29,Call,108.00,-8.16%,2.37,2.55,2.79,1926,228,8.45,47.89%,48.54%,0.314151,2026-08-20
SPY,762.6,2026-08-27,7,Call,782.00,-2.54%,0.14,0.17,0.15,1761,209,8.43,13.30%,9.80%,0.035475,2026-08-20
SPY,762.6,2026-09-18,29,Put,728.00,-4.54%,3.36,3.31,3.38,12233,1480,8.27,13.30%,17.89%,-0.162399,2026-08-20
QQQ,710.93,2026-08-25,5,Put,713.00,+0.29%,6.45,6.01,6.63,1057,129,8.19,20.28%,16.84%,-0.548279,2026-08-20
GLD,415.26,2026-08-21,1,Call,416.00,-0.18%,1.9,2.05,2.05,5406,661,8.18,25.33%,26.59%,0.454682,2026-08-20
QQQ,710.93,2026-08-21,1,Call,715.00,-0.57%,1.17,1.18,1.2,65327,8004,8.16,20.28%,18.36%,0.280991,2026-08-20
SPY,762.6,2026-08-21,1,Put,785.00,+2.94%,22.51,23.56,22.8,841,104,8.09,13.30%,33.81%,-0.948886,2026-08-20
IBIT,41.2,2026-08-28,8,Call,41.00,+0.49%,1.07,1.07,1.1,109905,13614,8.07,39.16%,39.75%,0.549998,2026-08-20
SKHX,13.89,2026-08-21,1,Call,15.00,-7.99%,0.05,0.11,0.2,3060,380,8.05,145.71%,163.69%,0.196706,2026-08-20
SMH,562.65,2026-08-24,4,Call,595.00,-5.75%,0.01,0.22,0.71,1228,153,8.03,37.63%,31.44%,0.047457,2026-08-20
SPY,762.6,2026-08-21,1,Call,769.00,-0.84%,0.2,0.21,0.21,42243,5284,7.99,13.30%,11.92%,0.092638,2026-08-20
USO,134.54,2026-10-16,57,Call,145.00,-7.77%,6.45,6.55,6.75,8737,1097,7.96,45.01%,48.95%,0.397249,2026-08-20
RSP,220.28,2026-09-04,15,Put,217.50,-1.26%,0.05,1.15,1.9,2038,257,7.93,12.84%,12.10%,-0.286205,2026-08-20
ETHA,17.55,2026-10-16,57,Put,18.00,+2.56%,1.56,1.75,1.77,3074,388,7.92,55.07%,52.94%,-0.498828,2026-08-20
QQQ,710.93,2026-08-21,1,Call,709.00,+0.27%,4.1,4.13,4.19,8975,1134,7.91,20.28%,20.54%,0.605071,2026-08-20
XLE,63.75,2026-08-28,8,Put,65.00,+1.96%,0.9,1.64,2.84,870,110,7.91,25.72%,30.42%,-0.656036,2026-08-20
SPCH,8.2,2026-08-21,1,Call,8.00,+2.44%,0.3,0.4,0.4,2980,379,7.86,123.95%,139.67%,0.646446,2026-08-20
SPY,762.6,2026-08-25,5,Put,763.00,+0.05%,3.77,3.76,3.84,2186,279,7.84,13.30%,10.47%,-0.505471,2026-08-20
ETHA,17.55,2026-09-04,15,Call,18.00,-2.56%,0.6,0.62,0.79,2568,331,7.76,55.07%,62.05%,0.449645,2026-08-20
SPY,762.6,2026-08-21,1,Call,763.00,-0.05%,1.96,1.96,1.98,31842,4124,7.72,13.30%,13.42%,0.475846,2026-08-20
SPY,762.6,2026-08-24,4,Put,778.00,+2.02%,15.19,15.17,15.86,1777,232,7.66,13.30%,12.18%,-0.948262,2026-08-20
TQQQ,70.48,2026-08-21,1,Call,71.00,-0.74%,0.6,0.67,0.69,7643,1008,7.58,58.43%,59.43%,0.413867,2026-08-20
IWM,297.67,2026-09-11,22,Put,287.00,-3.58%,1.83,1.81,1.89,2020,267,7.57,17.97%,20.25%,-0.215485,2026-08-20
SPY,762.6,2026-08-21,1,Put,780.00,+2.28%,17.49,17.19,17.8,4959,657,7.55,13.30%,27.58%,-0.940939,2026-08-20
SPY,762.6,2026-08-21,1,Put,766.00,+0.45%,4.04,4.1,4.12,80150,10618,7.55,13.30%,12.31%,-0.752216,2026-08-20
DIA,527.51,2026-08-28,8,Put,528.00,+0.09%,3.95,3.9,4.2,916,122,7.51,12.74%,12.84%,-0.50411,2026-08-20
XLV,172.39,2026-09-18,29,Put,170.00,-1.39%,1.25,1.87,2,1322,178,7.43,18.85%,14.55%,-0.340012,2026-08-20
QQQ,710.93,2026-08-28,8,Put,693.00,-2.52%,2.97,2.82,3.06,852,116,7.34,20.28%,22.95%,-0.215493,2026-08-20
USO,134.54,2026-08-21,1,Call,104.00,+22.70%,30.2,30.58,30.95,1114,152,7.33,45.01%,197.01%,0.994596,2026-08-20
IBIT,41.2,2027-06-17,301,Call,45.00,-9.22%,5.75,5.88,6,31012,4228,7.33,39.16%,45.84%,0.52998,2026-08-20
SOXL,122.21,2026-08-21,1,Call,122.00,+0.17%,2.95,3.1,3.4,1814,248,7.31,123.16%,120.15%,0.524072,2026-08-20
SPY,762.6,2026-08-21,1,Put,767.00,+0.58%,4.79,4.87,4.89,48940,6698,7.31,13.30%,12.08%,-0.816966,2026-08-20
SOXL,122.21,2026-08-28,8,Call,154.00,-26.01%,1.02,1.19,1.53,743,102,7.28,123.16%,124.50%,0.123432,2026-08-20
QQQ,710.93,2026-08-25,5,Put,711.00,+0.01%,5.53,5.61,5.66,764,105,7.28,20.28%,17.17%,-0.4911,2026-08-20
VOO,701.01,2026-08-28,8,Put,697.50,-0.50%,2.85,3.45,4.3,884,122,7.25,13.35%,12.93%,-0.380022,2026-08-20
IWM,297.67,2026-08-21,1,Put,297.50,-0.06%,1.11,1.12,1.14,9676,1337,7.24,17.97%,19.59%,-0.473442,2026-08-20
SPY,762.6,2026-08-21,1,Put,778.00,+2.02%,15.51,15.13,15.77,1147,159,7.21,13.30%,25.00%,-0.936759,2026-08-20
QQQ,710.93,2026-08-24,4,Call,714.00,-0.43%,2.85,2.88,2.96,3720,516,7.21,20.28%,13.99%,0.396419,2026-08-20
IWM,297.67,2026-08-28,8,Put,287.00,-3.58%,0.55,0.54,0.58,7133,997,7.15,17.97%,21.53%,-0.119492,2026-08-20
GLD,415.26,2027-01-15,148,Put,332.00,-20.05%,2.23,2.25,2.37,1726,242,7.13,25.33%,26.73%,-0.069096,2026-08-20
IWM,297.67,2026-09-18,29,Call,306.00,-2.80%,2.27,2.4,2.34,6349,894,7.1,17.97%,15.59%,0.288003,2026-08-20
SPY,762.6,2026-09-18,29,Put,724.00,-5.06%,2.98,2.93,3,8082,1149,7.03,13.30%,18.44%,-0.143914,2026-08-20
IWM,297.67,2026-08-25,5,Put,290.00,-2.58%,0.31,0.31,0.35,1348,192,7.02,17.97%,18.32%,-0.106794,2026-08-20
AXTU,4.88,2026-12-18,120,Call,12.00,-145.90%,1,1.6,2,743,106,7.01,377.57%,245.16%,0.528578,2026-08-20
GDX,99.85,2026-11-20,92,Put,80.00,-19.88%,1.85,1.95,2,18777,2730,6.88,47.89%,47.95%,-0.140775,2026-08-20
IBIT,41.2,2026-08-28,8,Put,40.00,-2.91%,0.43,0.44,0.46,6262,911,6.87,39.16%,38.95%,-0.289995,2026-08-20
SPY,762.6,2026-09-04,15,Put,763.00,+0.05%,7.47,7.45,7.52,2517,367,6.86,13.30%,12.42%,-0.490415,2026-08-20
DRAM,57.58,2026-09-11,22,Call,59.00,-2.47%,2.7,3.35,3.45,1053,154,6.84,69.58%,64.81%,0.475392,2026-08-20
IBIT,41.2,2026-09-11,22,Put,38.00,-7.77%,0.38,0.41,0.42,943,139,6.78,39.16%,38.83%,-0.179738,2026-08-20
QQQ,710.93,2026-09-18,29,Put,684.00,-3.79%,7.35,7.34,7.5,4249,631,6.73,20.28%,23.30%,-0.256307,2026-08-20
QQQ,710.93,2026-08-31,11,Call,701.00,+1.40%,15.67,15.24,15.9,1394,207,6.73,20.28%,19.55%,0.677254,2026-08-20
QQQ,710.93,2026-08-28,8,Put,669.00,-5.90%,0.79,0.82,0.84,1683,250,6.73,20.28%,27.58%,-0.063549,2026-08-20
QQQ,710.93,2026-08-21,1,Put,734.00,+3.25%,23.45,23.37,24.31,14660,2196,6.68,20.28%,47.64%,-0.897747,2026-08-20
XBI,163.38,2026-08-21,1,Put,162.00,-0.84%,0.59,0.78,0.98,895,134,6.68,33.43%,40.36%,-0.338622,2026-08-20
ETHA,17.55,2026-10-16,57,Call,21.00,-19.66%,0.54,0.56,0.59,1076,161,6.68,55.07%,57.97%,0.259891,2026-08-20
DRAM,57.58,2026-12-18,120,Call,64.00,-11.15%,6.95,7,7.45,1456,218,6.68,69.58%,71.43%,0.489042,2026-08-20
PPLT,16.68,2026-12-18,120,Call,16.50,+1.08%,1.4,1.55,1.65,901,136,6.63,38.35%,35.12%,0.586066,2026-08-20
SMH,562.65,2026-09-18,29,Call,565.00,-0.42%,22.45,23.3,24.05,2564,388,6.61,37.63%,37.31%,0.516102,2026-08-20
QQQ,710.93,2026-08-25,5,Put,698.00,-1.82%,1.83,1.85,1.92,930,141,6.6,20.28%,19.57%,-0.203239,2026-08-20
QQQ,710.93,2026-09-11,22,Call,721.00,-1.42%,9.2,9.2,9.33,1601,245,6.53,20.28%,18.77%,0.405164,2026-08-20
SPY,762.6,2026-08-21,1,Put,758.00,-0.60%,0.83,0.85,0.85,43539,6666,6.53,13.30%,15.81%,-0.228579,2026-08-20
QQQ,710.93,2026-08-21,1,Put,706.00,-0.69%,1.61,1.65,1.65,14393,2242,6.42,20.28%,24.24%,-0.287362,2026-08-20
SOXX,522.35,2026-09-04,15,Call,570.00,-9.12%,2.4,3.45,4.5,1281,200,6.41,41.67%,40.63%,0.158413,2026-08-20
SPY,762.6,2026-09-11,22,Call,763.00,-0.05%,10.09,10.24,10.14,757,119,6.36,13.30%,12.98%,0.52001,2026-08-20
SLV,61.66,2026-09-25,36,Call,63.00,-2.17%,2.97,3.1,3.1,770,121,6.36,45.26%,45.75%,0.479117,2026-08-20
SPY,762.6,2026-11-20,92,Put,750.00,-1.65%,16,16.04,16.08,21307,3364,6.33,13.30%,15.73%,-0.373811,2026-08-20
QQQ,710.93,2026-08-25,5,Call,726.00,-2.12%,0.47,0.49,0.51,1271,201,6.32,20.28%,13.31%,0.095011,2026-08-20
TLT,82.34,2026-08-31,11,Put,82.50,+0.19%,0.63,0.62,0.65,782,125,6.26,11.04%,10.18%,-0.529788,2026-08-20
ETHA,17.55,2026-09-25,36,Call,17.50,+0.28%,1.14,1.28,1.39,678,109,6.22,55.07%,55.15%,0.549423,2026-08-20
QQQ,710.93,2026-08-21,1,Put,704.00,-0.97%,1.16,1.2,1.2,10682,1737,6.15,20.28%,24.78%,-0.221284,2026-08-20
SPY,762.6,2026-08-25,5,Put,758.00,-0.60%,2.11,2.12,2.19,2692,439,6.13,13.30%,11.64%,-0.317651,2026-08-20
ETHU,23.61,2026-08-28,8,Call,23.00,+2.58%,1.7,2,2,624,102,6.12,105.82%,110.26%,0.597498,2026-08-20
SPY,762.6,2026-08-24,4,Call,770.00,-0.97%,0.48,0.48,0.5,10208,1680,6.08,13.30%,8.37%,0.14362,2026-08-20
QQQ,710.93,2026-08-27,7,Put,712.00,+0.15%,7.87,7.45,8.02,644,106,6.08,20.28%,19.34%,-0.510104,2026-08-20
DIA,527.51,2026-09-04,15,Call,530.00,-0.47%,4.1,4.2,4.35,680,112,6.07,12.74%,11.82%,0.449905,2026-08-20
TBT,38.13,2026-09-18,29,Call,39.00,-2.28%,0.35,0.55,0.7,1025,170,6.03,20.77%,20.12%,0.365431,2026-08-20
SPY,762.6,2026-09-11,22,Put,675.00,-11.49%,0.53,0.54,0.54,1164,194,6,13.30%,26.66%,-0.027384,2026-08-20
SPY,762.6,2026-08-24,4,Put,758.00,-0.60%,1.61,1.66,1.66,5654,946,5.98,13.30%,11.12%,-0.29187,2026-08-20
SPY,762.6,2026-08-27,7,Put,745.00,-2.31%,1.08,1.1,1.13,1131,189,5.98,13.30%,15.58%,-0.132375,2026-08-20
IWM,297.67,2026-08-31,11,Call,307.00,-3.13%,0.32,0.37,0.35,846,142,5.96,17.97%,13.51%,0.101911,2026-08-20
IBIT,41.2,2026-12-18,120,Call,54.00,-31.07%,1.03,1.02,1.08,778,131,5.94,39.16%,45.79%,0.197395,2026-08-20
XLF,56.95,2027-01-15,148,Call,67.00,-17.65%,0.17,0.22,1.02,1450,244,5.94,14.48%,21.85%,0.153123,2026-08-20
SPY,762.6,2026-08-21,1,Put,759.00,-0.47%,1.03,1.03,1.05,30518,5164,5.91,13.30%,15.38%,-0.274305,2026-08-20
GDXJ,129.14,2026-09-18,29,Put,125.00,-3.21%,5.25,5.85,6.2,844,144,5.86,52.00%,54.37%,-0.380378,2026-08-20
FXI,35.67,2026-10-16,57,Put,33.00,-7.49%,0.25,0.3,0.52,3608,616,5.86,19.65%,24.95%,-0.190108,2026-08-20
QQQ,710.93,2026-08-21,1,Put,714.00,+0.43%,4.84,4.8,4.98,16248,2775,5.86,20.28%,21.36%,-0.645956,2026-08-20
QQQ,710.93,2026-09-18,29,Put,682.00,-4.07%,6.97,6.78,7.11,17146,2927,5.86,20.28%,23.55%,-0.244202,2026-08-20
QQQ,710.93,2026-08-21,1,Put,735.00,+3.39%,24.44,24.8,25.72,13857,2388,5.8,20.28%,52.04%,-0.886646,2026-08-20
SPY,762.6,2026-08-27,7,Put,773.00,+1.36%,11.02,11.26,11.38,1182,205,5.77,13.30%,10.43%,-0.824774,2026-08-20
VXX,19.19,2026-08-28,8,Call,19.50,-1.62%,0.37,0.42,0.43,4708,817,5.76,52.98%,46.80%,0.426539,2026-08-20
SMH,562.65,2026-11-20,92,Call,840.00,-49.29%,0.89,0.94,1.49,2031,355,5.72,37.63%,39.25%,0.02966,2026-08-20
SPY,762.6,2026-08-24,4,Put,777.00,+1.89%,14.09,14.42,14.82,2656,466,5.7,13.30%,10.60%,-0.964788,2026-08-20
SPY,762.6,2026-08-27,7,Put,766.00,+0.45%,6.36,6.44,6.59,1150,202,5.69,13.30%,11.34%,-0.600203,2026-08-20
USO,134.54,2026-08-21,1,Put,131.00,-2.63%,0.2,0.22,0.25,994,175,5.68,45.01%,46.70%,-0.134156,2026-08-20
QQQ,710.93,2026-08-21,1,Put,732.00,+2.96%,21.18,21.12,22.61,1555,274,5.68,20.28%,44.88%,-0.891029,2026-08-20
IBIT,41.2,2026-08-21,1,Call,41.00,+0.49%,0.5,0.5,0.53,34972,6185,5.65,39.16%,47.17%,0.584527,2026-08-20
SLV,61.66,2026-08-26,6,Call,63.00,-2.17%,0.76,0.85,0.84,2156,384,5.61,45.26%,42.45%,0.360574,2026-08-20
USO,134.54,2026-08-28,8,Call,142.00,-5.54%,1.16,1.36,1.57,1320,236,5.59,45.01%,49.19%,0.243891,2026-08-20
SOXL,122.21,2026-09-25,36,Call,135.00,-10.47%,12.5,13.75,14.9,919,165,5.57,123.16%,120.36%,0.474208,2026-08-20
QQQ,710.93,2026-08-24,4,Call,723.00,-1.70%,0.45,0.48,0.48,1258,226,5.57,20.28%,12.50%,0.10507,2026-08-20
SPY,762.6,2026-08-24,4,Put,762.00,-0.08%,2.8,2.85,2.84,6103,1095,5.57,13.30%,10.06%,-0.459375,2026-08-20
SPY,762.6,2026-08-21,1,Call,765.00,-0.31%,1.05,1.06,1.07,61783,11100,5.57,13.30%,12.66%,0.322855,2026-08-20
SPY,762.6,2026-08-27,7,Put,767.00,+0.58%,6.88,7.07,7.2,1283,232,5.53,13.30%,11.20%,-0.634361,2026-08-20
UVXY,19.88,2026-08-28,8,Call,23.00,-15.69%,0.15,0.2,0.26,2246,407,5.52,77.97%,90.74%,0.155737,2026-08-20
TQQQ,70.48,2026-10-02,43,Put,40.00,-43.25%,0.27,0.34,0.42,1410,257,5.49,58.43%,99.11%,-0.03237,2026-08-20
QQQ,710.93,2026-08-21,1,Put,713.00,+0.29%,4.3,4.19,4.37,24214,4408,5.49,20.28%,21.71%,-0.596515,2026-08-20
SLV,61.66,2026-08-31,11,Put,58.50,-5.12%,0.55,0.56,0.61,1113,203,5.48,45.26%,41.73%,-0.2189,2026-08-20
SPY,762.6,2026-08-24,4,Put,748.00,-1.91%,0.42,0.42,0.44,1680,307,5.47,13.30%,13.73%,-0.08509,2026-08-20
SPY,762.6,2026-08-25,5,Put,776.00,+1.76%,12.68,12.77,13.85,1300,239,5.44,13.30%,8.35%,-0.984532,2026-08-20
QQQ,710.93,2026-08-28,8,Put,704.00,-0.97%,5.6,5.45,5.7,1729,318,5.44,20.28%,21.20%,-0.364376,2026-08-20
QQQ,710.93,2026-08-28,8,Call,712.00,-0.15%,7.78,8.03,7.91,2892,535,5.41,20.28%,19.34%,0.494639,2026-08-20
SPY,762.6,2026-08-24,4,Put,759.00,-0.47%,1.85,1.89,1.9,4332,801,5.41,13.30%,10.85%,-0.328361,2026-08-20
SPCH,8.2,2026-08-28,8,Put,7.50,-8.54%,0.15,0.3,0.35,853,158,5.4,123.95%,114.49%,-0.269164,2026-08-20
SPY,762.6,2026-08-24,4,Put,763.00,+0.05%,3.21,3.27,3.26,9079,1703,5.33,13.30%,9.83%,-0.509577,2026-08-20
IWM,297.67,2026-09-11,22,Put,277.00,-6.94%,0.77,0.82,0.81,2003,377,5.31,17.97%,23.44%,-0.095949,2026-08-20
SLV,61.66,2026-08-21,1,Call,62.50,-1.36%,0.32,0.37,0.37,7472,1409,5.3,45.26%,52.65%,0.31785,2026-08-20
QQQ,710.93,2026-08-31,11,Put,716.00,+0.71%,11.42,11.38,11.61,1658,314,5.28,20.28%,18.43%,-0.573504,2026-08-20
SPY,762.6,2026-08-26,6,Put,776.00,+1.76%,13.12,13.5,14.04,1625,309,5.26,13.30%,9.78%,-0.926478,2026-08-20
QQQ,710.93,2026-08-24,4,Put,740.00,+4.09%,27.78,30.74,29.99,540,103,5.24,20.28%,34.98%,-0.859122,2026-08-20
IBIT,41.2,2026-09-11,22,Put,39.00,-5.34%,0.6,0.61,0.64,1171,225,5.2,39.16%,37.99%,-0.256143,2026-08-20
QQQ,710.93,2026-08-27,7,Put,715.00,+0.57%,9.36,8.89,9.53,2610,504,5.18,20.28%,18.93%,-0.574586,2026-08-20
SPY,762.6,2026-08-27,7,Call,783.00,-2.68%,0.11,0.12,0.12,950,184,5.16,13.30%,9.81%,0.028909,2026-08-20
SPY,762.6,2026-08-28,8,Call,767.00,-0.58%,3.68,3.71,3.72,6464,1252,5.16,13.30%,12.06%,0.389693,2026-08-20
QQQ,710.93,2026-08-26,6,Call,710.00,+0.13%,6.98,7.2,7.13,773,150,5.15,20.28%,17.56%,0.537069,2026-08-20
QQQ,710.93,2026-08-25,5,Call,710.00,+0.13%,5.88,5.98,6.02,2152,419,5.14,20.28%,15.99%,0.541025,2026-08-20
SQQQ,39.37,2026-08-21,1,Call,39.50,-0.33%,0.43,0.48,0.5,4577,891,5.14,61.76%,63.84%,0.468522,2026-08-20
SPY,762.6,2026-08-27,7,Call,765.00,-0.31%,3.87,3.97,3.96,770,150,5.13,13.30%,11.50%,0.437685,2026-08-20
XLF,56.95,2026-09-30,41,Put,57.00,+0.09%,0.9,1.05,1.3,1005,196,5.13,14.48%,15.05%,-0.480382,2026-08-20
SPY,762.6,2026-08-27,7,Call,774.00,-1.49%,0.87,0.93,0.93,589,115,5.12,13.30%,10.28%,0.158854,2026-08-20
SPY,762.6,2026-08-25,5,Put,766.00,+0.45%,5.23,5.3,5.39,2970,580,5.12,13.30%,9.82%,-0.641527,2026-08-20
QQQ,710.93,2026-08-24,4,Put,700.00,-1.54%,1.51,1.56,1.56,8241,1613,5.11,20.28%,18.22%,-0.200855,2026-08-20
QQQ,710.93,2026-08-25,5,Call,716.00,-0.71%,2.93,3.1,3.02,2663,524,5.08,20.28%,15.00%,0.355409,2026-08-20
IWM,297.67,2026-11-20,92,Put,235.00,-21.05%,1.06,1.08,1.1,3345,660,5.07,17.97%,31.26%,-0.0518,2026-08-20
QQQ,710.93,2026-08-26,6,Call,713.00,-0.29%,5.34,5.47,5.48,994,196,5.07,20.28%,17.08%,0.461163,2026-08-20
IWM,297.67,2026-08-26,6,Put,293.00,-1.57%,0.86,0.84,0.9,574,114,5.04,17.97%,17.23%,-0.228362,2026-08-20
QQQ,710.93,2026-08-27,7,Call,720.00,-1.28%,3.27,3.35,3.39,1174,234,5.02,20.28%,17.18%,0.310323,2026-08-20
QQQ,710.93,2026-08-31,11,Put,719.00,+1.14%,13.08,12.8,13.3,1781,355,5.02,20.28%,18.09%,-0.627493,2026-08-20
SOXL,122.21,2026-08-28,8,Put,123.00,+0.65%,8.95,10.01,10.3,536,107,5.01,123.16%,128.24%,-0.474356,2026-08-20
QQQ,710.93,2026-09-01,12,Put,720.00,+1.28%,14.24,14.25,14.44,1415,286,4.95,20.28%,18.43%,-0.634589,2026-08-20
XLP,85.32,2026-08-28,8,Put,83.50,-2.13%,0.1,0.18,0.28,1296,264,4.91,16.13%,16.04%,-0.172937,2026-08-20
ARKK,83.27,2026-08-28,8,Put,78.00,-6.33%,0.03,0.19,0.65,547,112,4.88,34.55%,40.90%,-0.130907,2026-08-20
QQQ,710.93,2026-09-02,13,Call,720.00,-1.28%,6.1,6.5,6.25,690,142,4.86,20.28%,18.10%,0.374382,2026-08-20
ETHA,17.55,2026-09-18,29,Put,20.00,+13.96%,2.62,2.74,2.99,2057,424,4.85,55.07%,59.50%,-0.755181,2026-08-20
SPY,762.6,2026-08-25,5,Put,777.00,+1.89%,13.99,14.47,14.95,1271,263,4.83,13.30%,9.95%,-0.958166,2026-08-20
SPY,762.6,2026-09-18,29,Put,726.00,-4.80%,3.17,3.14,3.19,17246,3576,4.82,13.30%,18.18%,-0.153018,2026-08-20
SPY,762.6,2027-12-17,484,Put,410.00,-46.24%,4.49,4.49,4.53,2001,416,4.81,13.30%,34.85%,-0.032439,2026-08-20
JETS,29.26,2026-08-28,8,Call,30.50,-4.24%,0.01,0.18,0.2,508,106,4.79,31.56%,27.84%,0.166757,2026-08-20
SPY,762.6,2026-08-25,5,Put,779.00,+2.15%,15.65,15.38,16.92,548,115,4.77,13.30%,9.82%,-0.986696,2026-08-20
SPY,762.6,2026-08-27,7,Call,768.00,-0.71%,2.54,2.68,2.63,789,166,4.75,13.30%,11.04%,0.337206,2026-08-20
VXX,19.19,2026-09-11,22,Call,20.00,-4.22%,0.44,0.66,0.76,4125,868,4.75,52.98%,48.73%,0.394543,2026-08-20
TQQQ,70.48,2026-10-02,43,Put,50.00,-29.06%,0.65,0.96,1.03,1437,304,4.73,58.43%,81.30%,-0.083159,2026-08-20
QQQ,710.93,2026-08-31,11,Put,721.00,+1.42%,14.31,14.24,14.52,1994,423,4.71,20.28%,17.90%,-0.662672,2026-08-20
QQQ,710.93,2026-08-21,1,Put,740.00,+4.09%,27.75,28.9,30.72,7000,1486,4.71,20.28%,41.63%,-0.967444,2026-08-20
SLV,61.66,2026-08-21,1,Call,63.50,-2.98%,0.17,0.19,0.19,7618,1622,4.7,45.26%,59.33%,0.176637,2026-08-20
TSLL,8.88,2026-09-25,36,Call,11.00,-23.87%,0.06,0.26,0.38,2345,500,4.69,81.75%,73.14%,0.211434,2026-08-20
QQQ,710.93,2026-08-21,1,Put,717.50,+0.92%,7.29,7.3,7.59,5401,1158,4.66,20.28%,21.26%,-0.793364,2026-08-20
SPY,762.6,2026-08-25,5,Put,765.00,+0.31%,4.68,4.65,4.81,4622,995,4.65,13.30%,9.99%,-0.595444,2026-08-20
SPY,762.6,2026-08-24,4,Put,760.00,-0.34%,2.13,2.19,2.17,14164,3043,4.65,13.30%,10.59%,-0.368425,2026-08-20
EWZ,34.14,2026-09-04,15,Call,35.00,-2.52%,0.33,0.37,0.4,1002,217,4.62,26.50%,26.62%,0.3161,2026-08-20
IWM,297.67,2026-09-04,15,Put,291.00,-2.24%,1.93,2.07,1.98,1117,242,4.62,17.97%,19.44%,-0.26802,2026-08-20
DIA,527.51,2026-08-28,8,Call,543.00,-2.94%,0.1,0.2,0.2,1196,259,4.62,12.74%,11.03%,0.042906,2026-08-20
DRAM,57.58,2026-08-24,4,Call,58.00,-0.73%,0.86,1.13,1.2,595,129,4.61,69.58%,50.54%,0.458457,2026-08-20
QQQ,710.93,2026-08-27,7,Put,720.00,+1.28%,12.18,11.79,12.72,1084,240,4.52,20.28%,18.44%,-0.680926,2026-08-20
TLT,82.34,2026-09-25,36,Call,83.50,-1.41%,0.6,0.61,0.62,2558,567,4.51,11.04%,9.89%,0.357187,2026-08-20
KWEB,26.69,2026-09-18,29,Put,36.00,+34.88%,8.8,9.25,10.05,26860,6000,4.48,27.56%,70.11%,-0.927149,2026-08-20
SMH,562.65,2026-09-11,22,Call,635.00,-12.86%,1.68,2.03,2.44,1450,325,4.46,37.63%,35.46%,0.093271,2026-08-20
QQQ,710.93,2026-08-31,11,Put,718.00,+0.99%,12.52,12.24,12.72,2048,460,4.45,20.28%,18.22%,-0.609297,2026-08-20
XLF,56.95,2027-01-15,148,Put,56.00,-1.67%,1.55,1.68,1.86,25302,5706,4.43,14.48%,16.62%,-0.386277,2026-08-20
SPY,762.6,2026-09-01,12,Put,750.00,-1.65%,2.78,2.8,2.85,522,118,4.42,13.30%,14.04%,-0.242654,2026-08-20
USO,134.54,2026-08-21,1,Call,109.00,+18.98%,25.35,25.82,26.25,539,123,4.38,45.01%,232.38%,0.963462,2026-08-20
LABD,6.56,2026-08-21,1,Call,6.50,+0.91%,0.1,0.21,0.25,767,175,4.38,96.75%,104.62%,0.578091,2026-08-20
TQQQ,70.48,2026-08-21,1,Call,69.50,+1.39%,1.39,1.37,1.67,599,137,4.37,58.43%,65.47%,0.665939,2026-08-20
QQQ,710.93,2026-08-24,4,Call,716.00,-0.71%,2.05,2.08,2.14,2262,519,4.36,20.28%,13.62%,0.320409,2026-08-20
ETHA,17.55,2026-08-28,8,Put,16.00,-8.83%,0.1,0.1,0.11,2459,564,4.36,55.07%,58.63%,-0.131976,2026-08-20
QQQ,710.93,2026-08-24,4,Call,720.00,-1.28%,0.9,0.92,0.96,6873,1577,4.36,20.28%,12.81%,0.180768,2026-08-20
SPY,762.6,2026-08-24,4,Put,767.00,+0.58%,5.36,5.36,5.54,6437,1480,4.35,13.30%,8.95%,-0.724443,2026-08-20
QQQ,710.93,2026-08-26,6,Put,712.00,+0.15%,7,7.05,7.16,935,215,4.35,20.28%,18.43%,-0.513938,2026-08-20
SPY,762.6,2026-08-27,7,Put,777.00,+1.89%,13.81,14.21,14.9,1411,324,4.35,13.30%,7.90%,-0.982907,2026-08-20
QQQ,710.93,2026-09-01,12,Put,715.00,+0.57%,11.5,11.42,11.67,1925,444,4.34,20.28%,18.97%,-0.550484,2026-08-20
SPY,762.6,2026-08-27,7,Call,781.00,-2.41%,0.18,0.19,0.19,822,190,4.33,13.30%,9.82%,0.043786,2026-08-20
QQQ,710.93,2026-08-28,8,Put,712.00,+0.15%,8.66,8.68,8.78,1719,398,4.32,20.28%,20.00%,-0.507148,2026-08-20
SMH,562.65,2026-08-21,1,Put,552.50,-1.80%,0.9,1.35,1.73,1656,384,4.31,37.63%,41.06%,-0.19436,2026-08-20
SMH,562.65,2026-08-21,1,Put,615.00,+9.30%,50.5,55.45,54.6,1089,254,4.29,37.63%,85.82%,-0.975456,2026-08-20
QQQ,710.93,2026-08-25,5,Put,714.00,+0.43%,6.97,6.69,7.15,916,214,4.28,20.28%,16.68%,-0.577313,2026-08-20
SOXL,122.21,2026-08-21,1,Call,128.00,-4.74%,0.9,1.01,1.15,1756,410,4.28,123.16%,118.42%,0.237523,2026-08-20
QQQ,710.93,2026-08-21,1,Call,708.00,+0.41%,4.74,4.88,4.86,2761,646,4.27,20.28%,20.76%,0.653143,2026-08-20
QQQ,710.93,2026-08-26,6,Put,680.00,-4.35%,0.71,0.68,0.75,1271,298,4.27,20.28%,24.37%,-0.072847,2026-08-20
SNXX,15.14,2026-08-28,8,Put,11.00,-27.34%,0.05,0.17,0.2,634,149,4.26,166.37%,160.35%,-0.071121,2026-08-20
KWEB,26.69,2026-09-18,29,Put,33.00,+23.64%,5.55,6.3,8.15,29861,7004,4.26,27.56%,79.08%,-0.799735,2026-08-20
ETHA,17.55,2026-08-21,1,Call,18.00,-2.56%,0.12,0.13,0.14,15191,3576,4.25,55.07%,81.59%,0.284605,2026-08-20
TQQQ,70.48,2026-08-26,6,Call,73.00,-3.58%,0.69,0.79,0.84,901,212,4.25,58.43%,47.13%,0.294111,2026-08-20
SPY,762.6,2026-08-25,5,Put,730.00,-4.27%,0.13,0.14,0.15,538,127,4.24,13.30%,18.82%,-0.022218,2026-08-20
ETHA,17.55,2026-10-16,57,Put,17.00,-3.13%,1.13,1.2,1.32,983,232,4.24,55.07%,56.14%,-0.391765,2026-08-20
IWM,297.67,2026-08-25,5,Put,298.00,+0.11%,2.09,2.12,2.16,1445,342,4.23,17.97%,14.42%,-0.516375,2026-08-20
TLT,82.34,2026-08-26,6,Call,82.50,-0.19%,0.34,0.36,0.36,2187,518,4.22,11.04%,9.78%,0.451894,2026-08-20
QQQ,710.93,2026-08-24,4,Put,699.00,-1.68%,1.34,1.31,1.4,902,215,4.2,20.28%,18.38%,-0.182468,2026-08-20
SPY,762.6,2026-08-27,7,Call,778.00,-2.02%,0.36,0.41,0.4,1047,250,4.19,13.30%,9.96%,0.080073,2026-08-20
KWEB,26.69,2027-02-19,183,Put,26.00,-2.59%,1.5,1.83,2.4,1296,310,4.18,27.56%,33.57%,-0.386634,2026-08-20
QQQ,710.93,2026-08-31,11,Put,723.00,+1.70%,15.25,15.1,15.91,909,218,4.17,20.28%,17.40%,-0.701126,2026-08-20
GLD,415.26,2026-08-21,1,Put,411.00,-1.03%,0.9,0.9,1.01,1179,283,4.17,25.33%,29.53%,-0.248076,2026-08-20
QQQ,710.93,2026-08-25,5,Put,704.00,-0.97%,3.1,2.83,3.21,1431,344,4.16,20.28%,18.45%,-0.314883,2026-08-20
QQQ,710.93,2026-08-24,4,Put,708.00,-0.41%,3.44,3.54,3.57,2258,543,4.16,20.28%,16.62%,-0.396264,2026-08-20
QQQ,710.93,2026-08-27,7,Put,710.00,-0.13%,6.99,7.01,7.14,1538,374,4.11,20.28%,19.64%,-0.468156,2026-08-20
GLD,415.26,2026-08-21,1,Put,408.00,-1.75%,0.36,0.38,0.4,1664,405,4.11,25.33%,29.13%,-0.120944,2026-08-20
QQQ,710.93,2026-08-31,11,Put,717.00,+0.85%,11.96,11.74,12.15,1774,433,4.1,20.28%,18.32%,-0.591307,2026-08-20
SLV,61.66,2026-08-21,1,Call,61.50,+0.26%,0.68,0.69,0.73,15401,3761,4.09,45.26%,48.10%,0.547664,2026-08-20
SPY,762.6,2026-08-27,7,Put,775.00,+1.63%,12.33,12.89,13.08,1215,297,4.09,13.30%,9.45%,-0.897377,2026-08-20
QQQ,710.93,2026-08-21,1,Put,710.00,-0.13%,2.87,2.9,2.94,99474,24500,4.06,20.28%,22.75%,-0.451421,2026-08-20
SPY,762.6,2026-08-27,7,Put,772.00,+1.23%,10.25,10.05,10.61,573,141,4.06,13.30%,10.58%,-0.7954,2026-08-20
IBIT,41.2,2026-10-02,43,Call,41.00,+0.49%,2.39,2.41,2.46,562,139,4.04,39.16%,39.75%,0.554061,2026-08-20
SPY,762.6,2026-08-24,4,Put,773.00,+1.36%,9.85,9.84,11.05,4107,1019,4.03,13.30%,8.14%,-0.956791,2026-08-20
SPY,762.6,2026-12-18,120,Put,820.00,+7.53%,56.95,57.92,60.44,518,129,4.02,13.30%,12.76%,-0.873205,2026-08-20
IWM,297.67,2026-08-25,5,Put,297.00,-0.23%,1.67,1.76,1.72,582,145,4.01,17.97%,14.80%,-0.438166,2026-08-20
SLV,61.66,2026-11-20,92,Put,54.00,-12.42%,2.07,2.09,2.16,1507,376,4.01,45.26%,45.24%,-0.231527,2026-08-20
SIL,97.46,2027-01-15,148,Put,93.00,-4.58%,9.4,10.3,10.9,500,125,4,54.20%,53.52%,-0.366355,2026-08-20
SPY,762.6,2026-08-26,6,Put,766.00,+0.45%,5.84,5.84,6.04,2427,608,3.99,13.30%,10.75%,-0.616245,2026-08-20
GLD,415.26,2026-11-20,92,Call,435.00,-4.75%,14.25,14.65,14.7,2848,718,3.97,25.33%,25.22%,0.410256,2026-08-20
ETHU,23.61,2026-08-21,1,Put,22.00,-6.82%,0.1,0.2,0.3,578,146,3.96,105.82%,156.40%,-0.182763,2026-08-20
IBIT,41.2,2026-08-28,8,Put,39.00,-5.34%,0.2,0.22,0.23,2470,623,3.96,39.16%,39.56%,-0.163884,2026-08-20
SLV,61.66,2026-08-21,1,Put,62.00,+0.55%,0.86,0.83,0.96,4179,1056,3.96,45.26%,56.59%,-0.566801,2026-08-20
SPY,762.6,2026-08-24,4,Call,769.00,-0.84%,0.66,0.66,0.68,5385,1365,3.95,13.30%,8.47%,0.182732,2026-08-20
QQQ,710.93,2026-09-18,29,Call,711.00,-0.01%,16.95,17.19,17.13,1144,290,3.94,20.28%,20.23%,0.528569,2026-08-20
MSOS,4.74,2026-08-28,8,Call,4.50,+5.06%,0.19,0.3,0.38,1771,450,3.94,71.29%,46.95%,0.786365,2026-08-20
IBIT,41.2,2026-08-21,1,Call,42.00,-1.94%,0.17,0.18,0.19,49702,12633,3.93,39.16%,54.77%,0.256851,2026-08-20
IBIT,41.2,2026-09-25,36,Call,37.50,+8.98%,4.45,4.3,4.55,2144,547,3.92,39.16%,41.32%,0.793427,2026-08-20
QQQ,710.93,2026-09-11,22,Put,666.00,-6.32%,3.11,3.39,3.2,505,129,3.91,20.28%,25.59%,-0.135898,2026-08-20
METU,18.07,2026-08-28,8,Call,20.00,-10.68%,0.1,0.22,0.3,1113,285,3.91,69.58%,73.77%,0.192852,2026-08-20
QQQ,710.93,2026-08-24,4,Put,692.00,-2.66%,0.63,0.67,0.66,710,182,3.9,20.28%,19.87%,-0.092761,2026-08-20
EWY,178.16,2026-09-04,15,Call,186.00,-4.40%,3.9,4.5,4.8,1403,360,3.9,51.45%,51.95%,0.360336,2026-08-20
SPY,762.6,2026-08-24,4,Call,771.00,-1.10%,0.35,0.35,0.36,4192,1077,3.89,13.30%,8.31%,0.11101,2026-08-20
SPY,762.6,2026-08-25,5,Call,770.00,-0.97%,0.82,0.85,0.86,3117,804,3.88,13.30%,9.01%,0.190603,2026-08-20
SPY,762.6,2026-08-24,4,Put,776.00,+1.76%,13.1,13.19,13.82,2439,631,3.87,13.30%,10.09%,-0.961236,2026-08-20
TLT,82.34,2027-03-19,211,Put,77.00,-6.49%,1.14,1.15,1.16,25290,6539,3.87,11.04%,14.29%,-0.216112,2026-08-20
IBIT,41.2,2026-08-26,6,Call,40.00,+2.91%,1.5,1.54,1.57,546,141,3.87,39.16%,37.29%,0.743687,2026-08-20
SOXL,122.21,2026-09-18,29,Put,79.00,-35.36%,2.31,2.59,2.71,540,140,3.86,123.16%,139.13%,-0.094202,2026-08-20
QQQ,710.93,2026-08-26,6,Put,708.00,-0.41%,5.34,5,5.48,637,165,3.86,20.28%,19.08%,-0.421161,2026-08-20
SMH,562.65,2026-08-21,1,Put,610.00,+8.42%,45.5,50.5,49.55,1030,267,3.86,37.63%,77.76%,-0.975945,2026-08-20
QQQ,710.93,2026-08-24,4,Put,693.00,-2.52%,0.7,0.71,0.74,801,208,3.85,20.28%,19.66%,-0.10253,2026-08-20
SPY,762.6,2026-08-26,6,Call,768.00,-0.71%,1.97,2.02,2.04,511,133,3.84,13.30%,10.32%,0.311046,2026-08-20
TLT,82.34,2026-09-11,22,Put,83.00,+0.80%,1.35,1.33,1.38,1648,430,3.83,11.04%,13.05%,-0.582016,2026-08-20
IBIT,41.2,2026-08-28,8,Call,40.50,+1.70%,1.33,1.33,1.38,6621,1738,3.81,39.16%,39.15%,0.632467,2026-08-20
ETHA,17.55,2026-09-11,22,Call,19.00,-8.26%,0.45,0.46,0.5,965,253,3.81,55.07%,57.67%,0.317547,2026-08-20
IWM,297.67,2027-12-17,484,Put,360.00,+20.94%,61.5,64.07,66.5,620,163,3.8,17.97%,19.37%,-0.835046,2026-08-20
SPY,762.6,2026-08-25,5,Put,740.00,-2.96%,0.3,0.31,0.33,892,235,3.8,13.30%,16.07%,-0.051865,2026-08-20
XLU,43.77,2026-09-25,36,Call,46.00,-5.09%,0.09,0.19,0.28,659,174,3.79,15.91%,16.03%,0.162525,2026-08-20
SPY,762.6,2026-08-27,7,Call,779.00,-2.15%,0.28,0.35,0.32,764,202,3.78,13.30%,9.90%,0.065885,2026-08-20
DRAM,57.58,2026-08-21,1,Put,56.00,-2.74%,0.26,0.32,0.35,4702,1245,3.78,69.58%,74.17%,-0.230178,2026-08-20
SNXX,15.14,2026-08-21,1,Call,15.50,-2.38%,0.35,0.4,0.5,5999,1593,3.77,166.37%,183.55%,0.422476,2026-08-20
SPY,762.6,2026-08-21,1,Put,761.00,-0.21%,1.55,1.57,1.58,43331,11521,3.76,13.30%,14.44%,-0.385875,2026-08-20
QQQ,710.93,2026-09-11,22,Put,662.00,-6.88%,2.76,3.07,2.86,503,134,3.75,20.28%,26.20%,-0.121276,2026-08-20
IWM,297.67,2026-08-26,6,Put,297.00,-0.23%,1.93,1.92,1.99,810,216,3.75,17.97%,15.33%,-0.443422,2026-08-20
DRAM,57.58,2026-09-04,15,Call,57.50,+0.14%,3.1,3.2,3.5,527,141,3.74,69.58%,69.34%,0.535596,2026-08-20
QQQ,710.93,2026-08-27,7,Put,717.00,+0.85%,10.45,10.31,10.66,564,151,3.74,20.28%,18.66%,-0.618042,2026-08-20
DRAM,57.58,2026-09-04,15,Call,59.00,-2.47%,2.22,2.2,2.85,1017,273,3.73,69.58%,67.16%,0.459621,2026-08-20
SOXL,122.21,2026-09-04,15,Call,120.00,+1.81%,12.5,13.4,13.85,959,258,3.72,123.16%,122.35%,0.580672,2026-08-20
QQQ,710.93,2026-08-31,11,Put,722.00,+1.56%,14.76,14.55,15.3,1519,411,3.7,20.28%,17.75%,-0.680747,2026-08-20
SPY,762.6,2026-08-21,1,Put,783.00,+2.68%,20.32,20.24,20.99,11847,3207,3.69,13.30%,31.43%,-0.945575,2026-08-20
QQQ,710.93,2026-09-11,22,Put,695.00,-2.24%,7.89,7.87,8.04,7445,2025,3.68,20.28%,21.82%,-0.315364,2026-08-20
SPY,762.6,2026-08-21,1,Put,760.00,-0.34%,1.27,1.28,1.29,84296,22906,3.68,13.30%,14.93%,-0.326658,2026-08-20
SPXL,283.43,2026-08-21,1,Call,290.00,-2.32%,0.05,0.4,0.3,554,151,3.67,38.32%,31.30%,0.083076,2026-08-20
QQQ,710.93,2026-09-25,36,Put,450.00,-36.70%,0.18,0.2,0.21,516,141,3.66,20.28%,58.21%,-0.004531,2026-08-20
SPY,762.6,2026-08-26,6,Put,763.00,+0.05%,4.43,4.4,4.52,1868,510,3.66,13.30%,11.34%,-0.502203,2026-08-20
IBIT,41.2,2027-06-17,301,Put,45.00,+9.22%,8,8.16,8.35,30005,8214,3.65,39.16%,44.21%,-0.492407,2026-08-20
SCO,23.74,2026-10-16,57,Put,20.00,-15.75%,1.05,1.1,1.2,1014,281,3.61,72.39%,75.72%,-0.232287,2026-08-20
DRAM,57.58,2026-08-21,1,Put,56.50,-1.88%,0.3,0.47,0.66,1773,492,3.6,69.58%,77.47%,-0.312359,2026-08-20
QQQ,710.93,2026-08-24,4,Call,719.00,-1.14%,1.13,1.21,1.22,1451,404,3.59,20.28%,13.06%,0.213883,2026-08-20
QQQ,710.93,2026-08-21,1,Put,702.00,-1.26%,0.82,0.86,0.86,7791,2181,3.57,20.28%,25.31%,-0.166743,2026-08-20
SQQQ,39.37,2026-08-21,1,Put,39.00,-0.94%,0.3,0.32,0.36,1435,402,3.57,61.76%,60.44%,-0.375604,2026-08-20
QQQ,710.93,2026-08-31,11,Put,713.00,+0.29%,9.92,9.65,10.05,1692,476,3.55,20.28%,18.73%,-0.520367,2026-08-20
SLV,61.66,2026-08-24,4,Call,62.00,-0.55%,0.75,0.79,0.83,5076,1437,3.53,45.26%,36.39%,0.454261,2026-08-20
IWM,297.67,2026-08-24,4,Put,302.00,+1.45%,4.24,4.42,4.67,1761,500,3.52,17.97%,11.06%,-0.896282,2026-08-20
SPY,762.6,2026-08-27,7,Call,772.00,-1.23%,1.3,1.42,1.36,1079,307,3.51,13.30%,10.52%,0.212343,2026-08-20
SPY,762.6,2026-09-11,22,Put,781.00,+2.41%,18.14,19.3,21.03,512,147,3.48,13.30%,10.46%,-0.824414,2026-08-20
QQQ,710.93,2026-08-25,5,Call,712.00,-0.15%,4.77,5.03,4.9,1889,543,3.48,20.28%,15.67%,0.480601,2026-08-20
SPY,762.6,2026-09-04,15,Put,766.00,+0.45%,8.79,8.7,8.84,969,279,3.47,13.30%,11.97%,-0.555861,2026-08-20
QQQ,710.93,2026-08-28,8,Put,707.00,-0.55%,6.61,6.28,6.72,1387,400,3.47,20.28%,20.73%,-0.414908,2026-08-20
DRAM,57.58,2026-09-04,15,Call,61.00,-5.94%,1.75,1.87,2,1054,305,3.46,69.58%,68.48%,0.368095,2026-08-20
SOXL,122.21,2026-08-21,1,Call,125.00,-2.28%,1.7,1.8,2.05,4231,1223,3.46,123.16%,118.81%,0.37057,2026-08-20
GLD,415.26,2026-11-20,92,Call,445.00,-7.16%,11.35,11.46,11.7,3650,1058,3.45,25.33%,25.62%,0.345289,2026-08-20
IBIT,41.2,2026-08-26,6,Call,45.00,-9.22%,0.09,0.12,0.11,1354,393,3.45,39.16%,48.96%,0.086205,2026-08-20
QQQ,710.93,2026-08-24,4,Put,702.00,-1.26%,1.84,1.92,1.95,1364,395,3.45,20.28%,17.80%,-0.240577,2026-08-20
SPY,762.6,2026-08-26,6,Put,730.00,-4.27%,0.24,0.25,0.26,640,186,3.44,13.30%,18.96%,-0.033912,2026-08-20
QQQ,710.93,2026-08-25,5,Call,728.00,-2.40%,0.29,0.32,0.33,1087,316,3.44,20.28%,13.10%,0.065421,2026-08-20
IWM,297.67,2026-08-24,4,Put,292.00,-1.90%,0.33,0.33,0.35,1743,506,3.44,17.97%,16.65%,-0.129875,2026-08-20
EEM,66.62,2026-12-18,120,Put,58.00,-12.94%,0.98,1.34,1.34,5106,1489,3.43,24.67%,29.80%,-0.1748,2026-08-20
IBIT,41.2,2026-09-25,36,Call,44.00,-6.80%,1.03,1.04,1.07,26472,7719,3.43,39.16%,39.70%,0.331483,2026-08-20
XRP,13.79,2026-08-21,1,Call,14.00,-1.52%,0.05,0.15,0.25,1309,382,3.43,60.36%,82.74%,0.372554,2026-08-20
QLD,88.95,2026-09-18,29,Put,80.00,-10.06%,1.1,1.45,1.5,533,156,3.42,39.01%,47.11%,-0.188265,2026-08-20
SLV,61.66,2026-08-21,1,Put,72.00,+16.77%,10.3,10.4,10.5,534,156,3.42,45.26%,157.82%,-0.96701,2026-08-20
QQQ,710.93,2026-08-24,4,Call,722.00,-1.56%,0.56,0.58,0.6,2452,716,3.42,20.28%,12.51%,0.125912,2026-08-20
TQQQ,70.48,2026-09-04,15,Put,61.00,-13.45%,0.73,0.8,0.91,1958,574,3.41,58.43%,72.72%,-0.143923,2026-08-20
IWM,297.67,2026-09-04,15,Put,286.00,-3.92%,1.13,1.19,1.18,1046,308,3.4,17.97%,21.30%,-0.165953,2026-08-20
SPY,762.6,2026-08-25,5,Put,745.00,-2.31%,0.5,0.51,0.53,1440,424,3.4,13.30%,14.81%,-0.084489,2026-08-20
QQQ,710.93,2026-08-21,1,Put,708.00,-0.41%,2.18,2.2,2.22,42702,12550,3.4,20.28%,23.57%,-0.364252,2026-08-20
TLT,82.34,2026-08-31,11,Put,81.50,-1.02%,0.25,0.27,0.26,1078,318,3.39,11.04%,10.52%,-0.273872,2026-08-20
QQQ,710.93,2026-08-25,5,Call,709.00,+0.27%,6.48,6.69,6.59,663,196,3.38,20.28%,16.11%,0.570326,2026-08-20
SPY,762.6,2026-08-24,4,Put,753.00,-1.26%,0.82,0.83,0.85,2514,743,3.38,13.30%,12.46%,-0.158977,2026-08-20
GLD,415.26,2026-08-21,1,Call,418.00,-0.66%,1.27,1.34,1.38,3724,1104,3.37,25.33%,28.06%,0.332217,2026-08-20
DIA,527.51,2026-08-21,1,Put,529.00,+0.28%,2.38,2.51,2.65,1077,320,3.37,12.74%,15.35%,-0.632619,2026-08-20
IBIT,41.2,2026-09-11,22,Call,46.00,-11.65%,0.3,0.3,0.33,894,266,3.36,39.16%,40.94%,0.15279,2026-08-20
XLF,56.95,2026-08-28,8,Put,58.00,+1.84%,0.85,1.15,1.35,3326,991,3.36,14.48%,11.39%,-0.860699,2026-08-20
QQQ,710.93,2026-08-28,8,Call,708.00,+0.41%,10.09,10.25,10.27,898,268,3.35,20.28%,19.94%,0.570911,2026-08-20
SPY,762.6,2026-08-27,7,Call,780.00,-2.28%,0.22,0.26,0.25,959,286,3.35,13.30%,9.84%,0.053715,2026-08-20
QQQ,710.93,2026-08-25,5,Call,713.00,-0.29%,4.27,4.4,4.38,1096,327,3.35,20.28%,15.51%,0.449606,2026-08-20
XRP,13.79,2026-08-21,1,Call,20.00,-45.03%,0,0.3,0.1,1000,299,3.34,60.36%,396.26%,0.045679,2026-08-20
IWM,297.67,2026-10-16,57,Call,318.00,-6.83%,1.67,1.68,1.73,1224,369,3.32,17.97%,16.06%,0.172574,2026-08-20
QQQ,710.93,2026-08-25,5,Call,715.00,-0.57%,3.34,3.45,3.45,1428,430,3.32,20.28%,15.18%,0.386852,2026-08-20
XLV,172.39,2026-12-18,120,Call,185.00,-7.31%,1.11,2.95,5.5,804,243,3.31,18.85%,18.23%,0.303599,2026-08-20
SPY,762.6,2026-08-25,5,Call,769.00,-0.84%,1.06,1.12,1.11,2313,701,3.3,13.30%,9.16%,0.229652,2026-08-20
QQQ,710.93,2026-08-21,1,Call,716.00,-0.71%,0.86,0.87,0.88,19226,5826,3.3,20.28%,17.83%,0.227384,2026-08-20
GLD,415.26,2026-09-04,15,Call,415.00,+0.06%,8.85,8.95,9.1,2744,835,3.29,25.33%,25.43%,0.526658,2026-08-20
ETH,22.18,2026-10-16,57,Call,24.00,-8.21%,1,1.3,1.6,524,160,3.28,56.19%,56.10%,0.413403,2026-08-20
QQQ,710.93,2026-09-04,15,Call,707.00,+0.55%,14.31,14.63,14.52,911,278,3.28,20.28%,20.63%,0.573452,2026-08-20
QQQ,710.93,2026-08-25,5,Call,711.00,-0.01%,5.31,5.42,5.45,1117,341,3.28,20.28%,15.84%,0.511133,2026-08-20
QQQ,710.93,2026-09-01,12,Call,711.00,-0.01%,9.9,10.27,10.07,552,169,3.27,20.28%,18.75%,0.518094,2026-08-20
SPY,762.6,2026-08-28,8,Call,766.00,-0.45%,4.15,4.18,4.18,2038,623,3.27,13.30%,12.22%,0.419095,2026-08-20
QQQ,710.93,2026-08-25,5,Put,705.00,-0.83%,3.39,3.4,3.45,2641,812,3.25,20.28%,18.23%,-0.336824,2026-08-20
GDX,99.85,2026-08-21,1,Put,97.00,-2.85%,0.2,0.25,0.25,3429,1056,3.25,47.89%,54.43%,-0.150589,2026-08-20
QQQ,710.93,2026-08-26,6,Call,720.00,-1.28%,2.46,2.5,2.57,1977,608,3.25,20.28%,16.03%,0.280668,2026-08-20
MTUM,305.11,2026-09-18,29,Put,295.00,-3.31%,5.2,5.86,6.3,646,200,3.23,28.16%,30.53%,-0.321768,2026-08-20
IWM,297.67,2026-12-31,133,Put,290.00,-2.58%,10.14,10.21,10.31,826,256,3.23,17.97%,21.04%,-0.369555,2026-08-20
GLD,415.26,2026-08-24,4,Call,415.00,+0.06%,3.55,3.63,3.7,1116,345,3.23,25.33%,19.66%,0.523942,2026-08-20
URA,43.84,2028-01-21,519,Put,39.00,-11.04%,5.7,5.92,6.2,3306,1028,3.22,42.97%,46.82%,-0.288862,2026-08-20
IWM,297.67,2026-09-04,15,Call,303.00,-1.79%,1.8,1.88,1.86,1460,455,3.21,17.97%,15.75%,0.306226,2026-08-20
QQQ,710.93,2026-08-31,11,Call,709.00,+0.27%,10.39,10.88,10.59,1235,387,3.19,20.28%,18.56%,0.552014,2026-08-20
QQQ,710.93,2026-08-28,8,Call,713.00,-0.29%,7.25,7.34,7.38,989,311,3.18,20.28%,19.21%,0.474845,2026-08-20
XLE,63.75,2026-08-26,6,Call,65.00,-1.96%,0.29,0.31,0.5,615,194,3.17,25.72%,26.60%,0.293644,2026-08-20
TQQQ,70.48,2026-08-24,4,Put,73.00,+3.58%,2.68,2.72,3.1,808,255,3.17,58.43%,42.40%,-0.77806,2026-08-20
IBIT,41.2,2026-09-11,22,Call,42.00,-1.94%,1.2,1.21,1.24,2259,713,3.17,39.16%,38.06%,0.446027,2026-08-20
SPY,762.6,2026-08-28,8,Call,765.00,-0.31%,4.65,4.68,4.69,4869,1542,3.16,13.30%,12.39%,0.448345,2026-08-20
XLK,183.1,2027-06-17,301,Put,180.00,-1.69%,14.3,15.5,17.65,919,291,3.16,27.67%,30.27%,-0.39227,2026-08-20
SPY,762.6,2026-09-11,22,Put,754.00,-1.13%,5.97,5.95,6.01,1509,477,3.16,13.30%,13.62%,-0.345932,2026-08-20
QQQ,710.93,2026-08-28,8,Put,692.00,-2.66%,2.8,2.82,2.88,911,289,3.15,20.28%,23.10%,-0.204697,2026-08-20
XHB,105.62,2028-01-21,519,Put,80.00,-24.26%,2.98,3.55,4.5,1000,319,3.13,31.32%,32.24%,-0.150284,2026-08-20
IBIT,41.2,2026-08-28,8,Call,45.00,-9.22%,0.14,0.15,0.16,5404,1724,3.13,39.16%,47.05%,0.111153,2026-08-20
SPY,762.6,2026-08-26,6,Put,779.00,+2.15%,15.98,15.35,16.85,1107,355,3.12,13.30%,9.37%,-0.983671,2026-08-20
SOXL,122.21,2026-08-21,1,Put,168.00,+37.47%,44,46.5,48.5,1080,347,3.11,123.16%,355.09%,-0.947391,2026-08-20
VXX,19.19,2026-08-28,8,Call,21.00,-9.43%,0.11,0.13,0.14,3471,1116,3.11,52.98%,56.86%,0.15403,2026-08-20
QQQ,710.93,2026-08-25,5,Put,710.00,-0.13%,5.12,5.16,5.23,4313,1385,3.11,20.28%,17.36%,-0.463317,2026-08-20
SPY,762.6,2026-08-24,4,Put,775.00,+1.63%,11.89,12.5,13.05,3679,1187,3.1,13.30%,9.64%,-0.95615,2026-08-20
SLV,61.66,2026-08-28,8,Put,62.00,+0.55%,1.81,1.79,1.9,506,163,3.1,45.26%,46.64%,-0.514488,2026-08-20
GDX,99.85,2026-08-28,8,Put,97.00,-2.85%,1.6,1.69,1.96,582,188,3.1,47.89%,51.95%,-0.33583,2026-08-20
QQQ,710.93,2026-08-24,4,Put,706.00,-0.69%,2.81,2.73,2.93,1153,374,3.08,20.28%,17.02%,-0.338475,2026-08-20
SPY,762.6,2026-08-26,6,Put,761.00,-0.21%,3.65,3.67,3.74,1389,451,3.08,13.30%,11.76%,-0.432323,2026-08-20
SPY,762.6,2026-08-25,5,Call,768.00,-0.71%,1.36,1.4,1.41,1488,483,3.08,13.30%,9.34%,0.272246,2026-08-20
SPY,762.6,2026-08-21,1,Call,770.00,-0.97%,0.13,0.14,0.14,93879,30568,3.07,13.30%,12.04%,0.064561,2026-08-20
QQQ,710.93,2026-09-18,29,Put,685.00,-3.65%,7.56,7.61,7.69,50557,16516,3.06,20.28%,23.18%,-0.262553,2026-08-20
IWM,297.67,2026-08-28,8,Call,299.00,-0.45%,2.3,2.35,2.36,1051,343,3.06,17.97%,16.31%,0.440766,2026-08-20
QQQ,710.93,2026-08-25,5,Call,723.00,-1.70%,0.9,0.94,0.97,610,200,3.05,20.28%,13.79%,0.156768,2026-08-20
IWM,297.67,2026-08-31,11,Put,275.00,-7.62%,0.18,0.19,0.2,1010,331,3.05,17.97%,25.80%,-0.035359,2026-08-20
TQQQ,70.48,2026-09-11,22,Call,85.00,-20.60%,0.17,0.26,0.35,2435,799,3.05,58.43%,49.47%,0.071636,2026-08-20
XLE,63.75,2026-10-16,57,Call,75.00,-17.65%,0.05,0.25,0.45,3513,1150,3.05,25.72%,27.84%,0.08174,2026-08-20
QQQ,710.93,2026-08-21,1,Put,701.00,-1.40%,0.69,0.72,0.72,5890,1929,3.05,20.28%,25.57%,-0.143684,2026-08-20
QQQ,710.93,2026-09-01,12,Call,710.00,+0.13%,10.48,10.76,10.64,2668,877,3.04,20.28%,18.87%,0.534435,2026-08-20
IWM,297.67,2026-08-24,4,Put,298.00,+0.11%,1.82,1.83,1.87,2719,895,3.04,17.97%,13.78%,-0.52162,2026-08-20
SPY,762.6,2026-09-18,29,Put,756.00,-0.87%,8.49,8.5,8.53,6171,2027,3.04,13.30%,14.19%,-0.389626,2026-08-20
QQQ,710.93,2026-08-21,1,Call,721.00,-1.42%,0.16,0.16,0.17,6574,2166,3.04,20.28%,17.14%,0.060208,2026-08-20
ETHA,17.55,2026-09-04,15,Call,15.00,+14.53%,2.38,2.69,2.92,1190,391,3.04,55.07%,57.89%,0.920634,2026-08-20
QQQ,710.93,2026-08-25,5,Call,718.00,-0.99%,2.19,2.28,2.28,1041,345,3.02,20.28%,14.65%,0.293686,2026-08-20
IWM,297.67,2026-09-04,15,Put,282.50,-5.10%,0.79,0.86,0.83,1261,418,3.02,17.97%,22.66%,-0.1184,2026-08-20
SPY,762.6,2026-08-21,1,Put,765.00,+0.31%,3.38,3.42,3.45,123491,41048,3.01,13.30%,12.70%,-0.678031,2026-08-20
SLV,61.66,2026-09-25,36,Call,64.00,-3.80%,2.62,2.73,2.7,612,203,3.01,45.26%,46.07%,0.436491,2026-08-20
SLV,61.66,2026-08-21,1,Put,94.00,+52.45%,32.3,32.25,32.5,1002,334,3,45.26%,362.11%,-0.983586,2026-08-20
SLV,61.66,2026-08-21,1,Put,71.00,+15.15%,9.3,9.4,9.5,1010,340,2.97,45.26%,146.11%,-0.96478,2026-08-20
BITX,15.36,2026-12-18,120,Call,18.00,-17.19%,1.73,2,2.1,601,203,2.96,76.46%,79.11%,0.462141,2026-08-20
QQQ,710.93,2026-08-24,4,Put,714.00,+0.43%,6.12,5.94,6.25,2000,676,2.96,20.28%,15.52%,-0.595641,2026-08-20
SLV,61.66,2026-09-30,41,Call,68.00,-10.28%,1.77,1.85,1.84,2034,688,2.96,45.26%,48.06%,0.308076,2026-08-20
SPY,762.6,2026-08-28,8,Put,766.00,+0.45%,6.88,6.97,7.11,3994,1348,2.96,13.30%,11.86%,-0.587923,2026-08-20
TQQQ,70.48,2026-08-28,8,Call,68.50,+2.81%,2.96,3.65,4.5,570,193,2.95,58.43%,63.07%,0.640732,2026-08-20
EWZ,34.14,2026-12-31,133,Call,50.00,-46.46%,0.01,0.14,0.27,1524,517,2.95,26.50%,37.68%,0.047135,2026-08-20
TQQQ,70.48,2026-08-21,1,Call,72.50,-2.87%,0.13,0.16,0.17,2177,741,2.94,58.43%,51.80%,0.152681,2026-08-20
IWM,297.67,2026-08-21,1,Put,298.00,+0.11%,1.34,1.36,1.37,19837,6754,2.94,17.97%,19.18%,-0.539707,2026-08-20
SOXL,122.21,2026-08-24,4,Put,110.00,-9.99%,1.1,1.14,1.27,1144,391,2.93,123.16%,106.41%,-0.157693,2026-08-20
SLV,61.66,2026-08-24,4,Call,63.00,-2.17%,0.44,0.5,0.5,1960,670,2.93,45.26%,38.12%,0.305393,2026-08-20
DRAM,57.58,2027-06-17,301,Call,57.00,+1.01%,15.1,15,16.95,503,172,2.92,69.58%,74.42%,0.651892,2026-08-20
SPY,762.6,2026-08-25,5,Put,760.00,-0.34%,2.66,2.74,2.73,3254,1116,2.92,13.30%,11.14%,-0.385054,2026-08-20
QQQ,710.93,2026-08-24,4,Put,707.00,-0.55%,3.15,3.11,3.24,1605,554,2.9,20.28%,16.89%,-0.367181,2026-08-20
NEBX,25.02,2026-08-21,1,Call,27.00,-7.91%,0.25,0.35,0.6,572,198,2.89,180.73%,212.72%,0.265142,2026-08-20
QQQ,710.93,2026-12-18,120,Put,585.00,-17.71%,6.63,6.65,6.79,6009,2089,2.88,20.28%,30.64%,-0.104505,2026-08-20
SPY,762.6,2026-09-11,22,Call,751.00,+1.52%,17.3,19.38,19.9,500,175,2.86,13.30%,14.89%,0.68486,2026-08-20
QQQ,710.93,2026-08-21,1,Call,703.00,+1.12%,8.53,8.83,8.7,1551,542,2.86,20.28%,21.11%,0.84822,2026-08-20
DIA,527.51,2026-08-21,1,Call,530.00,-0.47%,0.3,0.43,0.43,4205,1471,2.86,12.74%,11.00%,0.212235,2026-08-20
KORU,20.33,2026-08-28,8,Call,24.00,-18.05%,0.4,0.69,0.8,1216,427,2.85,149.66%,145.09%,0.25411,2026-08-20
USO,134.54,2026-08-21,1,Call,136.00,-1.09%,0.7,0.77,0.81,1335,470,2.84,45.01%,48.06%,0.339954,2026-08-20
BITX,15.36,2026-08-28,8,Call,15.00,+2.34%,0.87,0.91,0.93,816,288,2.83,76.46%,77.97%,0.606458,2026-08-20
QQQ,710.93,2026-08-24,4,Put,690.00,-2.94%,0.51,0.51,0.54,1746,616,2.83,20.28%,20.35%,-0.076483,2026-08-20
SOXL,122.21,2026-08-24,4,Call,140.00,-14.56%,0.37,0.5,0.52,659,234,2.82,123.16%,91.53%,0.085905,2026-08-20
SPY,762.6,2026-09-04,15,Put,753.00,-1.26%,4.36,4.36,4.4,690,245,2.82,13.30%,14.01%,-0.310783,2026-08-20
IWM,297.67,2026-08-28,8,Put,293.00,-1.57%,1.38,1.39,1.42,2237,793,2.82,17.97%,18.69%,-0.273088,2026-08-20
SPY,762.6,2026-08-24,4,Call,774.00,-1.49%,0.12,0.13,0.14,3437,1219,2.82,13.30%,8.30%,0.047485,2026-08-20
SPY,762.6,2026-08-21,1,Put,753.00,-1.26%,0.28,0.28,0.29,9974,3545,2.81,13.30%,17.91%,-0.086352,2026-08-20
QQQ,710.93,2026-09-04,15,Call,705.00,+0.83%,15.59,15.85,15.81,724,258,2.81,20.28%,20.89%,0.598803,2026-08-20
QQQ,710.93,2026-08-21,1,Call,706.00,+0.69%,6.17,6.22,6.32,1601,569,2.81,20.28%,21.20%,0.739118,2026-08-20
XOP,187.45,2026-10-16,57,Put,180.00,-3.97%,3.85,6.19,8.5,507,181,2.8,33.25%,33.89%,-0.343228,2026-08-20
SOXL,122.21,2026-08-21,1,Put,180.00,+47.29%,56,58,60.45,873,312,2.8,123.16%,409.90%,-0.955287,2026-08-20
QQQ,710.93,2026-08-21,1,Put,687.00,-3.37%,0.09,0.11,0.1,4031,1442,2.8,20.28%,32.43%,-0.021154,2026-08-20
EWZ,34.14,2027-07-16,330,Put,33.00,-3.34%,2.84,3.27,4.35,3000,1075,2.79,26.50%,27.19%,-0.439927,2026-08-20
IWM,297.67,2026-08-21,1,Put,297.00,-0.23%,0.92,0.93,0.95,9725,3491,2.79,17.97%,20.13%,-0.410993,2026-08-20
QQQ,710.93,2026-08-31,11,Put,690.00,-2.94%,3.1,3.07,3.18,14087,5055,2.79,20.28%,21.88%,-0.20368,2026-08-20
SPY,762.6,2026-09-02,13,Put,760.00,-0.34%,5.6,5.51,5.7,674,243,2.77,13.30%,12.49%,-0.424925,2026-08-20
ETHA,17.55,2026-08-21,1,Call,17.50,+0.28%,0.28,0.3,0.3,12159,4391,2.77,55.07%,71.97%,0.538727,2026-08-20
QQQ,710.93,2027-03-19,211,Put,645.00,-9.27%,22.33,23.12,22.95,1328,482,2.76,20.28%,25.88%,-0.248541,2026-08-20
SOXL,122.21,2026-08-21,1,Put,165.00,+35.01%,41.8,42.82,44.05,1082,393,2.75,123.16%,277.28%,-0.977196,2026-08-20
QQQ,710.93,2026-08-28,8,Call,715.00,-0.57%,6.24,6.33,6.37,3200,1162,2.75,20.28%,18.91%,0.434635,2026-08-20
QQQ,710.93,2026-10-16,57,Call,718.00,-0.99%,21.18,21.7,21.4,504,184,2.74,20.28%,20.42%,0.492591,2026-08-20
QQQ,710.93,2026-08-24,4,Put,704.00,-0.97%,2.28,2.3,2.4,1268,462,2.74,20.28%,17.42%,-0.286617,2026-08-20
KORU,20.33,2026-08-28,8,Put,25.00,+22.97%,5,5.21,5.7,1002,367,2.73,149.66%,174.20%,-0.749096,2026-08-20
QQQ,710.93,2026-08-21,1,Call,719.00,-1.14%,0.31,0.31,0.33,10728,3930,2.73,20.28%,17.06%,0.105657,2026-08-20
QQQ,710.93,2026-08-21,1,Call,717.00,-0.85%,0.64,0.65,0.65,18650,6840,2.73,20.28%,17.60%,0.181797,2026-08-20
QQQ,710.93,2026-08-28,8,Call,710.00,+0.13%,8.91,8.98,9.04,3376,1242,2.72,20.28%,19.64%,0.533452,2026-08-20
ETHE,18.73,2026-12-18,120,Call,25.00,-33.48%,0.45,0.82,1.1,539,198,2.72,55.88%,57.03%,0.247971,2026-08-20
USO,134.54,2026-08-28,8,Call,137.00,-1.83%,2.49,2.61,2.77,2048,757,2.71,45.01%,46.01%,0.412809,2026-08-20
GLD,415.26,2026-11-20,92,Put,365.00,-12.10%,3.5,3.55,3.7,2097,773,2.71,25.33%,25.59%,-0.128147,2026-08-20
SPY,762.6,2026-08-28,8,Put,763.00,+0.05%,5.61,5.63,5.65,9925,3682,2.7,13.30%,12.49%,-0.49796,2026-08-20
SPY,762.6,2026-08-31,11,Put,677.00,-11.22%,0.09,0.1,0.1,1112,413,2.69,13.30%,28.66%,-0.007491,2026-08-20
SPY,762.6,2026-08-21,1,Put,754.00,-1.13%,0.35,0.35,0.36,15618,5803,2.69,13.30%,17.51%,-0.10568,2026-08-20
GLD,415.26,2026-08-28,8,Put,415.00,-0.06%,6.2,6.27,6.4,516,193,2.67,25.33%,26.81%,-0.47952,2026-08-20
SPY,762.6,2026-08-26,6,Call,779.00,-2.15%,0.15,0.16,0.17,653,245,2.67,13.30%,9.42%,0.042778,2026-08-20
IWM,297.67,2026-08-21,1,Call,299.00,-0.45%,0.62,0.62,0.64,10176,3811,2.67,17.97%,18.78%,0.329445,2026-08-20
QLD,88.95,2026-09-18,29,Put,85.00,-4.44%,2.3,2.45,2.7,548,206,2.66,39.01%,43.69%,-0.326363,2026-08-20
SPY,762.6,2026-08-31,11,Put,778.00,+2.02%,15.58,15.04,16.09,1476,554,2.66,13.30%,9.83%,-0.886681,2026-08-20
QQQ,710.93,2026-08-24,4,Call,717.00,-0.85%,1.71,1.79,1.78,1884,710,2.65,20.28%,13.41%,0.283204,2026-08-20
QQQ,710.93,2026-08-21,1,Call,717.50,-0.92%,0.53,0.55,0.56,5040,1907,2.64,20.28%,17.44%,0.16019,2026-08-20
XLE,63.75,2026-08-21,1,Put,63.00,-1.18%,0.06,0.14,0.2,6844,2600,2.63,25.72%,30.11%,-0.222961,2026-08-20
SOXL,122.21,2026-08-28,8,Call,135.00,-10.47%,4,4.25,4.6,1117,427,2.62,123.16%,122.73%,0.325396,2026-08-20
QQQ,710.93,2026-08-27,7,Put,690.00,-2.94%,1.91,1.85,2.01,1301,496,2.62,20.28%,22.76%,-0.163122,2026-08-20
SOXL,122.21,2026-08-21,1,Call,123.00,-0.65%,2.46,2.6,3.05,1497,572,2.62,123.16%,122.23%,0.473216,2026-08-20
SLV,61.66,2026-08-24,4,Call,61.00,+1.07%,1.22,1.25,1.31,3157,1205,2.62,45.26%,34.40%,0.628511,2026-08-20
SPY,762.6,2026-08-24,4,Call,775.00,-1.63%,0.09,0.1,0.1,5049,1925,2.62,13.30%,8.38%,0.035857,2026-08-20
QQQ,710.93,2026-08-21,1,Call,722.50,-1.63%,0.1,0.1,0.11,3134,1201,2.61,20.28%,17.48%,0.040081,2026-08-20
VXX,19.19,2026-08-21,1,Call,19.50,-1.62%,0.08,0.11,0.13,20664,7924,2.61,52.98%,56.07%,0.298743,2026-08-20
SPY,762.6,2026-08-25,5,Call,772.00,-1.23%,0.47,0.49,0.5,1528,585,2.61,13.30%,8.79%,0.125062,2026-08-20
TQQQ,70.48,2026-08-21,1,Call,72.00,-2.16%,0.26,0.26,0.28,8613,3315,2.6,58.43%,54.58%,0.232951,2026-08-20
SPY,762.6,2026-08-21,1,Call,762.00,+0.08%,2.54,2.53,2.58,9637,3728,2.59,13.30%,13.92%,0.548487,2026-08-20
QQQ,710.93,2026-08-21,1,Put,716.00,+0.71%,6.17,6.05,6.35,13343,5160,2.59,20.28%,21.03%,-0.737478,2026-08-20
IBIT,41.2,2027-06-17,301,Call,69.00,-67.48%,1.41,1.43,1.57,1002,389,2.58,39.16%,47.68%,0.184459,2026-08-20
TLT,82.34,2026-09-02,13,Put,82.00,-0.41%,0.6,0.59,0.62,1002,388,2.58,11.04%,12.81%,-0.417385,2026-08-20
SPY,762.6,2026-08-28,8,Call,770.00,-0.97%,2.48,2.48,2.51,15164,5872,2.58,13.30%,11.61%,0.301938,2026-08-20
SOXL,122.21,2026-08-21,1,Call,135.00,-10.47%,0.18,0.2,0.25,4148,1613,2.57,123.16%,122.53%,0.064458,2026-08-20
QQQ,710.93,2026-08-24,4,Put,691.00,-2.80%,0.55,0.59,0.59,686,268,2.56,20.28%,20.00%,-0.083159,2026-08-20
SLV,61.66,2026-08-28,8,Call,69.00,-11.90%,0.21,0.24,0.24,1588,623,2.55,45.26%,56.17%,0.096534,2026-08-20
IBIT,41.2,2026-09-11,22,Put,36.00,-12.62%,0.18,0.18,0.19,958,377,2.54,39.16%,42.95%,-0.088291,2026-08-20
QQQ,710.93,2026-08-25,5,Call,717.00,-0.85%,2.55,2.6,2.64,1956,771,2.54,20.28%,14.85%,0.324525,2026-08-20
SMH,562.65,2026-09-04,15,Put,450.00,-20.02%,0.23,0.49,0.55,505,200,2.53,37.63%,53.71%,-0.01704,2026-08-20
SPY,762.6,2026-09-01,12,Put,755.00,-1.00%,3.8,3.81,3.9,691,273,2.53,13.30%,13.17%,-0.32162,2026-08-20
SPY,762.6,2026-08-24,4,Put,752.00,-1.39%,0.71,0.74,0.74,744,294,2.53,13.30%,12.68%,-0.139805,2026-08-20
QQQ,710.93,2026-08-25,5,Call,714.00,-0.43%,3.79,4,3.9,1013,400,2.53,20.28%,15.35%,0.418304,2026-08-20
ETHA,17.55,2026-12-18,120,Call,25.00,-42.45%,0.58,0.63,0.68,3663,1450,2.53,55.07%,61.02%,0.21178,2026-08-20
QQQ,710.93,2026-08-21,1,Call,718.00,-0.99%,0.45,0.45,0.47,16704,6599,2.53,20.28%,17.31%,0.14055,2026-08-20
IBIT,41.2,2027-01-15,148,Put,41.00,-0.49%,4,4.09,4.15,2466,979,2.52,39.16%,42.87%,-0.42329,2026-08-20
XLE,63.75,2026-10-16,57,Put,62.00,-2.75%,1.45,1.78,2.22,712,284,2.51,25.72%,27.25%,-0.367244,2026-08-20
EWY,178.16,2026-08-28,8,Call,182.50,-2.44%,3.3,3.2,4.3,1690,676,2.5,51.45%,53.65%,0.395875,2026-08-20
ETHA,17.55,2026-10-16,57,Call,19.00,-8.26%,0.88,1.04,1.17,1027,412,2.49,55.07%,56.09%,0.412442,2026-08-20
SPY,762.6,2026-08-21,1,Put,777.00,+1.89%,14.33,14.5,14.94,5356,2151,2.49,13.30%,23.65%,-0.934724,2026-08-20
QQQ,710.93,2026-08-21,1,Call,722.00,-1.56%,0.11,0.12,0.13,8896,3589,2.48,20.28%,17.31%,0.0454,2026-08-20
SPY,762.6,2026-09-25,36,Put,761.00,-0.21%,11.45,11.3,11.51,596,240,2.48,13.30%,13.76%,-0.453304,2026-08-20
IWM,297.67,2026-08-27,7,Put,298.00,+0.11%,2.59,2.53,2.67,612,247,2.48,17.97%,15.37%,-0.509385,2026-08-20
MSTU,2.43,2026-12-18,120,Call,3.00,-23.46%,0.55,0.65,0.68,650,262,2.48,156.81%,142.98%,0.56681,2026-08-20
XLK,183.1,2027-06-17,301,Put,185.00,+1.04%,15.9,17.7,19.4,828,334,2.48,27.67%,28.93%,-0.43513,2026-08-20
IWM,297.67,2027-03-19,211,Call,340.00,-14.22%,4.61,5.02,5.01,2000,805,2.48,17.97%,18.09%,0.218584,2026-08-20
SPY,762.6,2026-08-24,4,Put,751.00,-1.52%,0.63,0.64,0.65,693,281,2.47,13.30%,12.98%,-0.123987,2026-08-20
SPY,762.6,2026-08-27,7,Call,784.00,-2.81%,0.09,0.1,0.1,1199,486,2.47,13.30%,9.90%,0.024235,2026-08-20
DIA,527.51,2026-08-21,1,Put,527.50,0.00%,1.54,1.67,1.71,573,233,2.46,12.74%,15.00%,-0.493666,2026-08-20
QQQ,710.93,2026-11-20,92,Put,705.00,-0.83%,26.16,25.94,26.48,1437,586,2.45,20.28%,22.37%,-0.426027,2026-08-20
SPY,762.6,2026-08-25,5,Call,771.00,-1.10%,0.62,0.69,0.66,3995,1640,2.44,13.30%,8.87%,0.155346,2026-08-20
IBIT,41.2,2026-11-20,92,Call,49.00,-18.93%,1.25,1.3,1.3,8019,3289,2.44,39.16%,43.46%,0.260716,2026-08-20
QQQ,710.93,2026-08-28,8,Call,720.00,-1.28%,4.11,4.24,4.22,8572,3510,2.44,20.28%,18.23%,0.333589,2026-08-20
IWM,297.67,2026-08-24,4,Put,299.00,+0.45%,2.34,2.29,2.41,1038,425,2.44,17.97%,13.42%,-0.616621,2026-08-20
SPY,762.6,2026-09-11,22,Put,729.00,-4.41%,2.21,2.22,2.24,1643,672,2.44,13.30%,17.40%,-0.133236,2026-08-20
GLD,415.26,2026-11-20,92,Call,495.00,-19.20%,3.55,3.4,3.8,1533,630,2.43,25.33%,27.95%,0.132953,2026-08-20
EWY,178.16,2026-08-28,8,Put,165.00,-7.39%,0.85,1.39,1.7,957,395,2.42,51.45%,54.69%,-0.161395,2026-08-20
MSTU,2.43,2026-12-18,120,Call,14.00,-476.13%,0.1,0.1,0.17,1041,431,2.42,156.81%,190.63%,0.148246,2026-08-20
IWM,297.67,2026-09-11,22,Put,288.00,-3.25%,2,2.02,2.06,1564,650,2.41,17.97%,19.93%,-0.233309,2026-08-20
IBIT,41.2,2027-06-17,301,Call,59.00,-43.20%,2.38,2.46,2.58,507,211,2.4,39.16%,45.95%,0.283247,2026-08-20
SPY,762.6,2026-08-24,4,Put,757.00,-0.73%,1.4,1.39,1.45,2789,1161,2.4,13.30%,11.38%,-0.25888,2026-08-20
BOIL,18.95,2026-08-21,1,Call,18.00,+5.01%,0.8,0.93,1,666,279,2.39,58.88%,55.53%,0.963055,2026-08-20
SOXL,122.21,2026-08-21,1,Put,175.00,+43.20%,51.5,53.46,55.5,740,310,2.39,123.16%,424.24%,-0.934002,2026-08-20
QQQ,710.93,2026-08-24,4,Put,703.00,-1.12%,2.05,2.16,2.16,997,417,2.39,20.28%,17.60%,-0.262757,2026-08-20
SPY,762.6,2026-08-31,11,Put,764.00,+0.18%,6.54,6.49,6.58,1274,535,2.38,13.30%,11.58%,-0.520747,2026-08-20
QQQ,710.93,2026-08-26,6,Call,712.00,-0.15%,5.86,6.29,6.01,540,228,2.37,20.28%,17.25%,0.486884,2026-08-20
SPY,762.6,2026-09-01,12,Call,780.00,-2.28%,0.72,0.83,0.78,626,264,2.37,13.30%,9.84%,0.114049,2026-08-20
DIA,527.51,2026-08-21,1,Call,528.00,-0.09%,0.95,1.03,1.05,573,243,2.36,12.74%,10.96%,0.443279,2026-08-20
USO,134.54,2026-08-26,6,Call,140.00,-4.06%,1.1,1.12,1.53,869,368,2.36,45.01%,47.55%,0.270158,2026-08-20
SPY,762.6,2026-08-27,7,Call,777.00,-1.89%,0.46,0.56,0.5,1257,533,2.36,13.30%,10.05%,0.096726,2026-08-20
ETHA,17.55,2026-09-18,29,Call,21.00,-19.66%,0.27,0.28,0.29,3652,1557,2.35,55.07%,62.54%,0.180458,2026-08-20
QQQ,710.93,2026-11-20,92,Put,540.00,-24.04%,2.71,2.8,2.8,512,218,2.35,20.28%,35.89%,-0.04833,2026-08-20
XLE,63.75,2026-09-18,29,Put,65.00,+1.96%,2.2,2.31,2.68,517,220,2.35,25.72%,24.93%,-0.588757,2026-08-20
QQQ,710.93,2026-08-25,5,Call,729.00,-2.54%,0.23,0.26,0.26,664,282,2.35,20.28%,13.03%,0.053745,2026-08-20
QQQ,710.93,2026-08-24,4,Call,724.00,-1.84%,0.33,0.36,0.36,810,345,2.35,20.28%,12.27%,0.083145,2026-08-20
SPY,762.6,2026-09-25,36,Put,757.00,-0.73%,10.06,10.05,10.12,816,347,2.35,13.30%,14.18%,-0.406854,2026-08-20
SLV,61.66,2026-08-21,1,Call,60.50,+1.88%,1.26,1.33,1.36,4816,2062,2.34,45.26%,42.13%,0.809709,2026-08-20
QQQ,710.93,2026-08-24,4,Put,695.00,-2.24%,0.87,0.85,0.91,1444,620,2.33,20.28%,19.21%,-0.124444,2026-08-20
SPY,762.6,2026-08-27,7,Call,770.00,-0.97%,1.85,1.9,1.92,1979,851,2.33,13.30%,10.76%,0.272336,2026-08-20
TQQQ,70.48,2026-08-21,1,Put,70.50,+0.03%,0.89,0.96,0.99,2557,1108,2.31,58.43%,63.40%,-0.495815,2026-08-20
IBIT,41.2,2026-11-20,92,Call,48.00,-16.50%,1.43,1.49,1.48,3282,1422,2.31,39.16%,43.09%,0.290053,2026-08-20
TLT,82.34,2026-08-24,4,Put,82.00,-0.41%,0.18,0.16,0.19,4119,1784,2.31,11.04%,9.72%,-0.333137,2026-08-20
GDX,99.85,2026-08-28,8,Call,100.00,-0.15%,2.78,3,3.05,8469,3670,2.31,47.89%,50.02%,0.510968,2026-08-20
SLV,61.66,2027-09-17,393,Call,71.00,-15.15%,8.85,8.88,9.15,564,244,2.31,45.26%,44.74%,0.508943,2026-08-20
SPY,762.6,2026-09-11,22,Put,747.00,-2.05%,4.44,4.39,4.48,787,341,2.31,13.30%,14.65%,-0.263734,2026-08-20
XLV,172.39,2026-09-18,29,Put,169.00,-1.97%,1.14,1.55,1.89,728,317,2.3,18.85%,15.85%,-0.303116,2026-08-20
QQQ,710.93,2026-08-24,4,Put,696.00,-2.10%,0.97,0.99,1.01,939,408,2.3,20.28%,18.99%,-0.137007,2026-08-20
USO,134.54,2026-08-26,6,Put,124.00,-7.83%,0.19,0.27,0.43,1236,538,2.3,45.01%,47.02%,-0.0819,2026-08-20
IWM,297.67,2026-08-31,11,Put,285.00,-4.26%,0.53,0.59,0.57,510,223,2.29,17.97%,20.69%,-0.105806,2026-08-20
USO,134.54,2026-08-28,8,Call,141.00,-4.80%,1.42,1.76,1.76,563,246,2.29,45.01%,49.02%,0.274557,2026-08-20
SLV,61.66,2026-08-24,4,Put,59.00,-4.31%,0.14,0.14,0.16,617,271,2.28,45.26%,37.33%,-0.123583,2026-08-20
XLI,179.77,2026-08-21,1,Call,182.00,-1.24%,0,0.14,0.57,782,343,2.28,16.64%,27.45%,0.199184,2026-08-20
SPY,762.6,2026-08-24,4,Put,745.00,-2.31%,0.28,0.3,0.3,1059,464,2.28,13.30%,14.45%,-0.05831,2026-08-20
SQQQ,39.37,2026-08-21,1,Call,39.00,+0.94%,0.66,0.7,0.73,8912,3918,2.27,61.76%,59.32%,0.626609,2026-08-20
QQQ,710.93,2026-08-27,7,Call,715.00,-0.57%,5.29,5.4,5.44,1269,560,2.27,20.28%,17.85%,0.423308,2026-08-20
QQQ,710.93,2026-08-31,11,Call,711.00,-0.01%,9.24,9.33,9.38,1384,610,2.27,20.28%,18.28%,0.517342,2026-08-20
XLK,183.1,2026-09-18,29,Put,157.50,-13.98%,0.3,0.56,0.75,1097,485,2.26,27.67%,36.51%,-0.061838,2026-08-20
SPY,762.6,2026-09-01,12,Put,760.00,-0.34%,5.26,5.26,5.36,518,230,2.25,13.30%,12.33%,-0.422425,2026-08-20
QQQ,710.93,2026-08-24,4,Call,721.00,-1.42%,0.71,0.73,0.77,1164,518,2.25,20.28%,12.66%,0.152002,2026-08-20
ARKK,83.27,2026-10-16,57,Put,80.00,-3.93%,3,3.15,3.4,2133,946,2.25,34.55%,37.56%,-0.353697,2026-08-20
XLE,63.75,2026-08-28,8,Put,64.00,+0.39%,0.8,1.03,1.25,613,274,2.24,25.72%,24.09%,-0.53267,2026-08-20
IBIT,41.2,2026-09-18,29,Put,39.00,-5.34%,0.83,0.82,0.86,5510,2462,2.24,39.16%,39.15%,-0.282674,2026-08-20
SPY,762.6,2026-08-24,4,Put,746.00,-2.18%,0.32,0.34,0.34,516,231,2.23,13.30%,14.21%,-0.066069,2026-08-20
SPY,762.6,2026-08-31,11,Put,779.00,+2.15%,15.91,16.36,17.04,1222,548,2.23,13.30%,8.33%,-0.954046,2026-08-20
DRAM,57.58,2026-08-24,4,Put,55.00,-4.48%,0.4,0.44,0.48,505,227,2.22,69.58%,58.00%,-0.214564,2026-08-20
QQQ,710.93,2026-08-24,4,Put,701.00,-1.40%,1.65,1.67,1.74,1088,489,2.22,20.28%,17.96%,-0.219361,2026-08-20
QQQ,710.93,2026-08-25,5,Put,700.00,-1.54%,2.18,2.18,2.24,2577,1168,2.21,20.28%,19.10%,-0.235165,2026-08-20
SPY,762.6,2026-08-25,5,Put,764.00,+0.18%,4.19,4.17,4.3,5086,2301,2.21,13.30%,10.21%,-0.549772,2026-08-20
DRAM,57.58,2026-09-18,29,Call,59.00,-2.47%,3.7,3.77,4.05,2085,943,2.21,69.58%,68.59%,0.493387,2026-08-20
SOXL,122.21,2026-08-24,4,Put,120.00,-1.81%,3.6,3.84,4.25,681,310,2.2,123.16%,98.34%,-0.408267,2026-08-20
SQQQ,39.37,2026-08-21,1,Call,40.50,-2.87%,0.18,0.2,0.2,1056,481,2.2,61.76%,70.73%,0.228665,2026-08-20
QQQ,710.93,2026-08-28,8,Put,705.00,-0.83%,5.92,6,6.03,8426,3834,2.2,20.28%,21.05%,-0.380815,2026-08-20
SLV,61.66,2026-08-24,4,Call,62.50,-1.36%,0.58,0.63,0.65,2436,1112,2.19,45.26%,37.37%,0.37591,2026-08-20
SOXL,122.21,2026-08-21,1,Call,127.00,-3.92%,1.03,1.34,1.5,672,307,2.19,123.16%,118.51%,0.27852,2026-08-20
ETHA,17.55,2026-10-16,57,Put,16.00,-8.83%,0.68,0.8,0.9,931,426,2.19,55.07%,55.64%,-0.290304,2026-08-20
IWM,297.67,2026-08-24,4,Call,301.00,-1.12%,0.42,0.45,0.45,2297,1050,2.19,17.97%,12.36%,0.202821,2026-08-20
BOIL,18.95,2026-08-28,8,Call,19.00,-0.26%,0.49,0.61,0.69,658,302,2.18,58.88%,54.23%,0.50687,2026-08-20
SPY,762.6,2026-09-11,22,Put,716.00,-6.11%,1.43,1.41,1.45,716,328,2.18,13.30%,19.47%,-0.084621,2026-08-20
QQQ,710.93,2026-09-01,12,Call,705.00,+0.83%,13.58,14.21,13.78,1593,730,2.18,20.28%,19.51%,0.611977,2026-08-20
TLT,82.34,2026-08-26,6,Put,82.00,-0.41%,0.27,0.26,0.28,3022,1390,2.17,11.04%,10.32%,-0.366288,2026-08-20
IBIT,41.2,2026-09-25,36,Call,40.00,+2.91%,2.73,2.79,2.8,14082,6475,2.17,39.16%,39.83%,0.628591,2026-08-20
SPY,762.6,2026-09-04,15,Call,768.00,-0.71%,5.47,5.62,5.51,931,430,2.17,13.30%,12.20%,0.409753,2026-08-20
SPY,762.6,2026-08-24,4,Put,768.00,+0.71%,6.07,5.94,6.28,3868,1798,2.15,13.30%,8.85%,-0.772963,2026-08-20
TQQQ,70.48,2026-08-21,1,Put,80.00,+13.51%,8.9,9.5,10.1,659,306,2.15,58.43%,104.18%,-0.989861,2026-08-20
USO,134.54,2026-08-21,1,Put,133.00,-1.14%,0.59,0.64,0.68,731,340,2.15,45.01%,45.19%,-0.307724,2026-08-20
SPY,762.6,2026-09-11,22,Call,764.00,-0.18%,9.48,9.61,9.53,594,277,2.14,13.30%,12.83%,0.503529,2026-08-20
GLD,415.26,2026-08-28,8,Call,460.00,-10.77%,0.19,0.21,0.27,1066,499,2.14,25.33%,35.40%,0.028023,2026-08-20
QQQ,710.93,2026-08-21,1,Put,731.00,+2.82%,20.18,19.58,21.4,2338,1090,2.14,20.28%,41.84%,-0.896366,2026-08-20
SOXL,122.21,2026-08-21,1,Put,155.00,+26.83%,31.75,32.97,34.05,3386,1583,2.14,123.16%,221.87%,-0.976833,2026-08-20
IBIT,41.2,2026-09-18,29,Call,53.00,-28.64%,0.11,0.12,0.12,4865,2277,2.14,39.16%,51.14%,0.048971,2026-08-20
IWM,297.67,2026-08-31,11,Put,295.00,-0.90%,2.13,2.18,2.19,5002,2336,2.14,17.97%,16.61%,-0.363186,2026-08-20
QQQ,710.93,2026-08-21,1,Put,703.00,-1.12%,0.98,1,1.01,10384,4865,2.13,20.28%,25.02%,-0.192354,2026-08-20
SPY,762.6,2026-08-21,1,Put,757.00,-0.73%,0.67,0.69,0.69,26899,12601,2.13,13.30%,16.25%,-0.189796,2026-08-20
SPY,762.6,2026-09-18,29,Put,763.00,+0.05%,10.94,10.84,10.99,1668,783,2.13,13.30%,13.38%,-0.481564,2026-08-20
SPY,762.6,2026-09-25,36,Call,773.00,-1.36%,7.56,7.76,7.62,544,257,2.12,13.30%,11.71%,0.391368,2026-08-20
XLF,56.95,2026-08-28,8,Put,56.50,-0.79%,0.18,0.23,0.36,1464,690,2.12,14.48%,14.06%,-0.339507,2026-08-20
SILJ,31.63,2026-08-21,1,Call,31.50,+0.41%,0.26,0.35,0.55,2069,976,2.12,56.29%,50.71%,0.56836,2026-08-20
GLD,415.26,2026-08-21,1,Call,419.00,-0.90%,1.02,1.19,1.13,2099,989,2.12,25.33%,28.72%,0.280137,2026-08-20
SPY,762.6,2026-08-21,1,Put,756.00,-0.87%,0.55,0.56,0.56,19228,9111,2.11,13.30%,16.75%,-0.157728,2026-08-20
DRAM,57.58,2026-08-26,6,Call,60.00,-4.20%,0.79,0.97,1,514,244,2.11,69.58%,61.53%,0.317092,2026-08-20
SPY,762.6,2026-08-27,7,Put,757.00,-0.73%,2.97,3.02,3.07,543,257,2.11,13.30%,13.09%,-0.329884,2026-08-20
BITX,15.36,2026-08-21,1,Call,15.00,+2.34%,0.49,0.53,0.54,1723,818,2.11,76.46%,94.75%,0.69325,2026-08-20
SNXX,15.14,2026-08-28,8,Call,17.00,-12.29%,0.8,0.87,0.9,2318,1100,2.11,166.37%,170.06%,0.370221,2026-08-20
IBIT,41.2,2026-10-02,43,Call,43.00,-4.37%,1.54,1.55,1.6,602,286,2.1,39.16%,39.79%,0.415703,2026-08-20
IWM,297.67,2027-01-15,148,Call,340.00,-14.22%,2.25,2.27,2.37,2521,1202,2.1,17.97%,17.16%,0.144805,2026-08-20
IWM,297.67,2026-08-28,8,Put,296.00,-0.56%,2.19,2.22,2.25,2187,1044,2.09,17.97%,17.37%,-0.401232,2026-08-20
QQQ,710.93,2026-09-18,29,Put,694.00,-2.38%,9.65,10.05,9.82,625,301,2.08,20.28%,22.13%,-0.325687,2026-08-20
QQQ,710.93,2026-08-21,1,Put,697.00,-1.96%,0.34,0.36,0.36,3472,1667,2.08,20.28%,26.82%,-0.077403,2026-08-20
SOXL,122.21,2026-08-21,1,Put,160.00,+30.92%,37,38.3,39.8,3857,1854,2.08,123.16%,330.69%,-0.929288,2026-08-20
SLV,61.66,2026-12-31,133,Call,61.50,+0.26%,7,7.15,7.15,508,246,2.07,45.26%,44.64%,0.57787,2026-08-20
TLT,82.34,2026-08-26,6,Put,82.50,+0.19%,0.49,0.48,0.51,1015,491,2.07,11.04%,10.18%,-0.548859,2026-08-20
SPY,762.6,2026-08-26,6,Put,777.00,+1.89%,13.65,13.35,15.03,1058,514,2.06,13.30%,8.32%,-0.98359,2026-08-20
SPY,762.6,2026-09-04,15,Call,759.00,+0.47%,10.66,11.02,11.4,1417,688,2.06,13.30%,14.03%,0.586792,2026-08-20
USO,134.54,2026-08-28,8,Put,125.00,-7.09%,0.46,0.54,0.88,1440,699,2.06,45.01%,47.24%,-0.136328,2026-08-20
SPY,762.6,2026-08-24,4,Call,773.00,-1.36%,0.18,0.19,0.19,4447,2173,2.05,13.30%,8.30%,0.064253,2026-08-20
SMH,562.65,2026-08-21,1,Call,562.50,+0.03%,4,4.5,5,4488,2184,2.05,37.63%,37.43%,0.511362,2026-08-20
HYG,79.56,2026-11-20,92,Put,74.00,-6.99%,0.1,0.18,0.26,20000,9760,2.05,4.49%,11.38%,-0.084673,2026-08-20
SILJ,31.63,2028-01-21,519,Call,48.00,-51.75%,4.5,5.16,5.5,641,312,2.05,56.29%,58.88%,0.436078,2026-08-20
ETHA,17.55,2026-09-11,22,Call,17.50,+0.28%,0.95,0.99,0.98,1459,710,2.05,55.07%,53.71%,0.541481,2026-08-20
ETHA,17.55,2027-12-17,484,Call,34.00,-93.73%,1.6,1.83,2.5,660,323,2.04,55.07%,65.53%,0.33438,2026-08-20
IWM,297.67,2026-08-28,8,Put,297.00,-0.23%,2.54,2.61,2.61,1857,912,2.04,17.97%,16.90%,-0.451813,2026-08-20
SPY,762.6,2026-10-16,57,Put,738.00,-3.23%,8.52,8.53,8.68,4271,2090,2.04,13.30%,16.36%,-0.275303,2026-08-20
QQQ,710.93,2026-08-21,1,Put,696.00,-2.10%,0.29,0.3,0.3,4651,2283,2.04,20.28%,27.18%,-0.0662,2026-08-20
SPY,762.6,2026-08-27,7,Put,750.00,-1.65%,1.63,1.65,1.7,1241,610,2.03,13.30%,14.52%,-0.194383,2026-08-20
SPY,762.6,2026-08-27,7,Call,776.00,-1.76%,0.56,0.68,0.62,615,305,2.02,13.30%,10.08%,0.114418,2026-08-20
QQQ,710.93,2026-08-21,1,Put,699.00,-1.68%,0.49,0.5,0.51,3593,1776,2.02,20.28%,26.21%,-0.106298,2026-08-20
SLV,61.66,2028-01-21,519,Call,30.00,+51.35%,33.1,33.3,33.55,8786,4357,2.02,45.26%,22.85%,0.998611,2026-08-20
QQQ,710.93,2026-08-21,1,Put,698.00,-1.82%,0.4,0.43,0.42,5140,2558,2.01,20.28%,26.37%,-0.089671,2026-08-20
QQQ,710.93,2026-08-27,7,Put,665.00,-6.46%,0.44,0.45,0.47,692,344,2.01,20.28%,28.12%,-0.04011,2026-08-20
QQQ,710.93,2026-08-24,4,Put,698.00,-1.82%,1.2,1.25,1.25,1148,571,2.01,20.28%,18.55%,-0.165695,2026-08-20
GLD,415.26,2026-08-21,1,Put,412.00,-0.79%,1.18,1.15,1.3,1260,626,2.01,25.33%,29.61%,-0.300874,2026-08-20
KRE,74.71,2026-09-04,15,Put,71.00,-4.97%,0,0.3,2.06,1752,874,2,20.21%,42.11%,-0.256984,2026-08-20
NOWL,6.96,2026-08-21,1,Call,7.00,-0.57%,0.1,0.1,0.15,4786,2397,2,108.42%,98.68%,0.466839,2026-08-20
GLD,415.26,2026-09-18,29,Put,475.00,+14.39%,59.7,60.51,60.7,600,301,1.99,25.33%,31.56%,-0.942555,2026-08-20
BITX,15.36,2026-09-18,29,Call,17.00,-10.68%,0.75,0.76,0.77,1544,775,1.99,76.46%,78.14%,0.367898,2026-08-20
MSTU,2.43,2026-08-28,8,Call,3.00,-23.46%,0.07,0.1,0.1,1482,747,1.98,156.81%,177.51%,0.252216,2026-08-20
SLV,61.66,2026-08-28,8,Put,60.00,-2.69%,0.87,0.93,0.93,1510,764,1.98,45.26%,44.85%,-0.324712,2026-08-20
IWM,297.67,2026-10-16,57,Call,310.00,-4.14%,3.58,3.65,3.66,5509,2800,1.97,17.97%,16.64%,0.301001,2026-08-20
ETHA,17.55,2027-12-17,484,Call,40.00,-127.92%,1.3,1.4,1.53,1002,510,1.96,55.07%,64.37%,0.251982,2026-08-20
SLV,61.66,2026-08-21,1,Put,61.00,-1.07%,0.35,0.38,0.39,8161,4163,1.96,45.26%,50.70%,-0.33647,2026-08-20
TQQQ,70.48,2026-08-28,8,Call,71.00,-0.74%,1.97,2.16,2.21,910,467,1.95,58.43%,55.43%,0.484502,2026-08-20
SPY,762.6,2026-09-11,22,Put,785.00,+2.94%,21.52,22.02,23.76,626,323,1.94,13.30%,9.23%,-0.91977,2026-08-20
SOXL,122.21,2026-08-26,6,Put,100.00,-18.17%,0.8,1.02,1.31,688,354,1.94,123.16%,131.38%,-0.100579,2026-08-20
SLV,61.66,2027-06-30,314,Call,66.00,-7.04%,9,8.92,9.2,754,388,1.94,45.26%,43.92%,0.548138,2026-08-20
QQQ,710.93,2026-09-01,12,Put,710.00,-0.13%,9.19,9.15,9.35,791,407,1.94,20.28%,19.56%,-0.468994,2026-08-20
QQQ,710.93,2026-08-24,4,Call,718.00,-0.99%,1.4,1.42,1.46,2790,1442,1.93,20.28%,13.19%,0.246884,2026-08-20
SPY,762.6,2026-08-28,8,Put,767.00,+0.58%,7.5,7.43,7.64,3681,1910,1.93,13.30%,11.78%,-0.618068,2026-08-20
GLD,415.26,2026-08-28,8,Call,415.00,+0.06%,6.35,6.48,6.6,4002,2073,1.93,25.33%,25.20%,0.522637,2026-08-20
TQQQ,70.48,2026-08-28,8,Put,63.00,-10.61%,0.5,0.54,0.55,4512,2334,1.93,58.43%,71.90%,-0.13263,2026-08-20
SOXS,46.25,2026-08-21,1,Call,47.00,-1.62%,0.82,0.88,0.93,863,448,1.93,131.26%,124.46%,0.41571,2026-08-20
IBIT,41.2,2026-09-04,15,Call,45.00,-9.22%,0.28,0.29,0.31,1234,641,1.93,39.16%,42.03%,0.164674,2026-08-20
QQQ,710.93,2026-09-04,15,Call,710.00,+0.13%,12.5,12.7,12.65,739,384,1.92,20.28%,20.23%,0.533787,2026-08-20
QQQ,710.93,2026-09-18,29,Put,697.00,-1.96%,10.47,10.29,10.63,665,349,1.91,20.28%,21.77%,-0.349139,2026-08-20
IWM,297.67,2026-08-24,4,Call,303.00,-1.79%,0.14,0.16,0.16,656,346,1.9,17.97%,12.18%,0.086368,2026-08-20
XLE,63.75,2026-08-21,1,Put,64.00,+0.39%,0.35,0.47,1.1,815,429,1.9,25.72%,44.50%,-0.561374,2026-08-20
USO,134.54,2026-08-21,1,Put,132.00,-1.89%,0.31,0.38,0.43,1115,586,1.9,45.01%,45.07%,-0.205063,2026-08-20
IBIT,41.2,2026-08-28,8,Call,41.50,-0.73%,0.84,0.86,0.87,14448,7636,1.89,39.16%,40.26%,0.468683,2026-08-20
SPY,762.6,2026-09-04,15,Call,765.00,-0.31%,7.04,7.11,7.09,1379,730,1.89,13.30%,12.66%,0.473481,2026-08-20
IBIT,41.2,2026-10-02,43,Call,45.00,-9.22%,0.97,0.99,1.02,1289,687,1.88,39.16%,40.38%,0.296058,2026-08-20
QQQ,710.93,2026-08-28,8,Call,725.00,-1.98%,2.51,2.58,2.59,3932,2107,1.87,20.28%,17.57%,0.237816,2026-08-20
SPY,762.6,2027-12-17,484,Put,815.00,+6.87%,73.22,72.6,73.53,710,379,1.87,13.30%,16.24%,-0.590855,2026-08-20
QQQ,710.93,2026-08-28,8,Put,711.00,+0.01%,8.21,8.12,8.33,780,418,1.87,20.28%,20.14%,-0.488045,2026-08-20
SMH,562.65,2026-09-11,22,Call,665.00,-18.19%,0.41,0.67,1.16,1002,536,1.87,37.63%,37.20%,0.03919,2026-08-20
SPCH,8.2,2026-08-21,1,Put,8.00,-2.44%,0.1,0.15,0.2,1377,740,1.86,123.95%,140.14%,-0.354009,2026-08-20
ETHA,17.55,2026-08-21,1,Call,16.50,+5.98%,1.01,1.04,1.16,13013,7006,1.86,55.07%,88.49%,0.912666,2026-08-20
QQQ,710.93,2026-08-21,1,Put,730.00,+2.68%,19.44,19.52,20.45,16441,8816,1.86,20.28%,42.52%,-0.880655,2026-08-20
QQQ,710.93,2026-08-21,1,Call,710.00,+0.13%,3.5,3.53,3.58,33163,17785,1.86,20.28%,20.34%,0.554341,2026-08-20
DRAM,57.58,2026-08-21,1,Put,54.50,-5.35%,0.05,0.1,0.11,2790,1507,1.85,69.58%,74.95%,-0.077363,2026-08-20
SPY,762.6,2026-08-24,4,Put,770.00,+0.97%,7.48,7.48,7.95,7219,3902,1.85,13.30%,8.31%,-0.869607,2026-08-20
SNXX,15.14,2026-08-21,1,Call,14.50,+4.23%,0.85,0.95,1,513,278,1.85,166.37%,176.32%,0.696829,2026-08-20
SPY,762.6,2026-10-30,71,Call,781.00,-2.41%,11.33,11.45,11.39,598,324,1.85,13.30%,12.97%,0.384036,2026-08-20
BITX,15.36,2026-08-28,8,Call,16.00,-4.17%,0.4,0.48,0.5,609,329,1.85,76.46%,77.90%,0.386117,2026-08-20
IWM,297.67,2026-08-26,6,Call,305.00,-2.46%,0.16,0.2,0.19,849,458,1.85,17.97%,13.07%,0.078194,2026-08-20
SPY,762.6,2026-08-28,8,Put,727.00,-4.67%,0.43,0.44,0.45,870,471,1.85,13.30%,19.71%,-0.047234,2026-08-20
SOXL,122.21,2026-09-11,22,Put,120.00,-1.81%,12.15,13.87,14.3,885,479,1.85,123.16%,122.09%,-0.414293,2026-08-20
SPY,762.6,2026-08-26,6,Put,767.00,+0.58%,6.43,6.28,6.61,950,513,1.85,13.30%,10.58%,-0.654895,2026-08-20
QQQ,710.93,2026-08-27,7,Call,740.00,-4.09%,0.15,0.13,0.18,833,453,1.84,20.28%,14.97%,0.029204,2026-08-20
QQQ,710.93,2026-11-20,92,Put,820.00,+15.34%,107.76,111.52,111,1210,659,1.84,20.28%,20.68%,-0.959115,2026-08-20
SPY,762.6,2026-08-24,4,Put,750.00,-1.65%,0.55,0.56,0.57,3828,2079,1.84,13.30%,13.23%,-0.10936,2026-08-20
SOXX,522.35,2026-09-18,29,Put,540.00,+3.38%,32,32.9,35.2,1425,780,1.83,41.67%,41.18%,-0.583982,2026-08-20
DRAM,57.58,2027-06-17,301,Put,57.00,-1.01%,11.75,13.66,13.9,556,305,1.82,69.58%,68.45%,-0.359838,2026-08-20
QQQ,710.93,2026-09-18,29,Put,712.00,+0.15%,15.72,15.75,15.9,1171,643,1.82,20.28%,20.10%,-0.486204,2026-08-20
IWM,297.67,2026-08-24,4,Put,294.00,-1.23%,0.61,0.61,0.63,2106,1157,1.82,17.97%,15.75%,-0.218858,2026-08-20
IWM,297.67,2026-09-18,29,Put,285.00,-4.26%,2.34,2.36,2.39,92737,51097,1.81,17.97%,21.70%,-0.220042,2026-08-20
QQQ,710.93,2026-09-18,29,Put,673.00,-5.34%,5.46,5.4,5.57,560,310,1.81,20.28%,24.61%,-0.195406,2026-08-20
IWM,297.67,2026-08-27,7,Call,301.00,-1.12%,1.05,1.16,1.11,799,441,1.81,17.97%,14.11%,0.296688,2026-08-20
EWY,178.16,2026-08-28,8,Put,155.00,-13.00%,0,0.4,0.5,958,528,1.81,51.45%,55.38%,-0.040956,2026-08-20
IBIT,41.2,2026-09-04,15,Put,38.00,-7.77%,0.25,0.26,0.27,527,293,1.8,39.16%,40.00%,-0.145883,2026-08-20
GLD,415.26,2026-08-21,1,Put,440.00,+5.96%,24.15,24.7,25.9,1316,732,1.8,25.33%,67.19%,-0.948651,2026-08-20
ETHA,17.55,2026-08-28,8,Call,18.00,-2.56%,0.42,0.44,0.44,7651,4246,1.8,55.07%,59.47%,0.407271,2026-08-20
SPY,762.6,2026-08-28,8,Put,760.00,-0.34%,4.46,4.52,4.5,14807,8226,1.8,13.30%,13.03%,-0.41624,2026-08-20
SPY,762.6,2026-11-20,92,Put,755.00,-1.00%,17.5,17.6,17.59,5088,2843,1.79,13.30%,15.33%,-0.405245,2026-08-20
IWM,297.67,2026-08-21,1,Put,299.00,+0.45%,1.9,1.89,1.97,16533,9226,1.79,17.97%,18.68%,-0.672297,2026-08-20
IBIT,41.2,2026-12-18,120,Call,53.00,-28.64%,1.14,1.15,1.2,619,346,1.79,39.16%,45.45%,0.215454,2026-08-20
SPY,762.6,2026-08-28,8,Put,777.00,+1.89%,14.2,14.43,15.03,824,461,1.79,13.30%,9.46%,-0.919253,2026-08-20
QQQ,710.93,2026-08-26,6,Call,730.00,-2.68%,0.49,0.53,0.53,1330,747,1.78,20.28%,14.60%,0.084325,2026-08-20
UDOW,70.86,2026-09-18,29,Call,80.00,-12.90%,0.1,0.35,0.85,660,372,1.77,38.29%,36.55%,0.134644,2026-08-20
SOXL,122.21,2026-08-26,6,Call,150.00,-22.74%,0.6,0.72,0.87,669,378,1.77,123.16%,114.27%,0.093215,2026-08-20
SPY,762.6,2026-08-26,6,Call,777.00,-1.89%,0.26,0.28,0.28,918,519,1.77,13.30%,9.46%,0.066833,2026-08-20
IBIT,41.2,2026-08-28,8,Put,39.50,-4.13%,0.3,0.31,0.32,938,529,1.77,39.16%,39.03%,-0.220551,2026-08-20
XLF,56.95,2026-09-04,15,Put,56.00,-1.67%,0.08,0.25,0.37,1528,862,1.77,14.48%,13.08%,-0.247782,2026-08-20
SPY,762.6,2026-08-25,5,Call,777.00,-1.89%,0.1,0.12,0.12,1389,791,1.76,13.30%,8.67%,0.035874,2026-08-20
SOXL,122.21,2026-08-21,1,Call,130.00,-6.37%,0.59,0.67,0.8,5448,3116,1.75,123.16%,120.80%,0.172524,2026-08-20
GDX,99.85,2026-08-21,1,Call,100.00,-0.15%,1.02,1.08,1.14,19992,11432,1.75,47.89%,55.06%,0.486344,2026-08-20
IWM,297.67,2026-08-28,8,Call,301.00,-1.12%,1.43,1.48,1.48,1229,703,1.75,17.97%,15.56%,0.327569,2026-08-20
XLE,63.75,2026-11-20,92,Call,80.00,-25.49%,0.09,0.3,0.5,1650,944,1.75,25.72%,29.14%,0.074702,2026-08-20
SQQQ,39.37,2026-08-28,8,Put,38.50,-2.21%,0.85,0.85,0.95,505,291,1.74,61.76%,56.56%,-0.37571,2026-08-20
SPY,762.6,2026-08-28,8,Call,763.00,-0.05%,5.74,5.78,5.78,1282,735,1.74,13.30%,12.73%,0.50517,2026-08-20
TLT,82.34,2028-01-21,519,Call,81.00,+1.63%,4.9,5.05,5.05,3755,2160,1.74,11.04%,6.27%,0.755342,2026-08-20
SPY,762.6,2026-08-31,11,Put,780.00,+2.28%,16.65,17.23,17.92,2392,1382,1.73,13.30%,7.94%,-0.981122,2026-08-20
USO,134.54,2026-09-18,29,Put,130.00,-3.37%,4.3,4.4,5.05,3073,1778,1.73,45.01%,46.06%,-0.364091,2026-08-20
SPY,762.6,2026-08-28,8,Call,775.00,-1.63%,1.12,1.16,1.14,4286,2479,1.73,13.30%,10.97%,0.17151,2026-08-20
IBIT,41.2,2026-08-24,4,Call,40.00,+2.91%,1.37,1.44,1.43,6972,4020,1.73,39.16%,35.89%,0.792841,2026-08-20
SLV,61.66,2028-01-21,519,Put,30.00,-51.35%,0.73,0.81,0.89,8923,5159,1.73,45.26%,46.09%,-0.046552,2026-08-20
SPY,762.6,2026-08-24,4,Put,754.00,-1.13%,0.94,0.96,0.97,1135,656,1.73,13.30%,12.20%,-0.179919,2026-08-20
SPY,762.6,2026-09-04,15,Put,757.00,-0.73%,5.4,5.36,5.44,1467,853,1.72,13.30%,13.36%,-0.374758,2026-08-20
ETHA,17.55,2026-09-18,29,Call,20.00,-13.96%,0.39,0.41,0.41,15315,8890,1.72,55.07%,59.36%,0.248162,2026-08-20
IBIT,41.2,2026-09-18,29,Put,43.00,+4.37%,2.8,2.84,2.84,3516,2051,1.71,39.16%,39.12%,-0.624425,2026-08-20
SPY,762.6,2026-08-21,1,Put,768.00,+0.71%,5.57,5.72,5.8,16910,9905,1.71,13.30%,12.08%,-0.867459,2026-08-20
IBIT,41.2,2026-08-28,8,Call,42.00,-1.94%,0.65,0.66,0.68,19735,11511,1.71,39.16%,40.81%,0.391655,2026-08-20
IBIT,41.2,2026-12-18,120,Put,41.00,-0.49%,3.6,3.65,3.7,713,417,1.71,39.16%,42.45%,-0.42952,2026-08-20
SOXL,122.21,2026-08-28,8,Call,130.00,-6.37%,5.5,5.95,6.4,2021,1183,1.71,123.16%,125.03%,0.40631,2026-08-20
SPY,762.6,2026-08-26,6,Call,776.00,-1.76%,0.33,0.36,0.36,1101,647,1.7,13.30%,9.48%,0.082115,2026-08-20
SPY,762.6,2026-08-25,5,Call,775.00,-1.63%,0.2,0.2,0.21,1985,1166,1.7,13.30%,8.69%,0.061336,2026-08-20
GDX,99.85,2026-08-28,8,Put,90.00,-9.86%,0.25,0.29,0.35,2212,1301,1.7,47.89%,52.33%,-0.082429,2026-08-20
DIA,527.51,2026-08-21,1,Put,530.00,+0.47%,3.1,3.3,3.4,3416,2023,1.69,12.74%,15.96%,-0.709988,2026-08-20
REMX,75.69,2027-02-19,183,Put,60.00,-20.73%,2.95,3.99,5.1,795,471,1.69,44.15%,54.82%,-0.201774,2026-08-20
QQQ,710.93,2026-08-24,4,Put,697.00,-1.96%,1.07,1.09,1.13,883,524,1.69,20.28%,18.76%,-0.150639,2026-08-20
QQQ,710.93,2026-08-21,1,Call,704.00,+0.97%,7.72,8.53,7.88,940,555,1.69,20.28%,21.26%,0.814351,2026-08-20
SPY,762.6,2026-08-28,8,Call,773.00,-1.36%,1.57,1.61,1.6,1123,665,1.69,13.30%,11.21%,0.220002,2026-08-20
QQQ,710.93,2026-08-28,8,Put,694.00,-2.38%,3.15,3.02,3.24,1274,756,1.69,20.28%,22.79%,-0.226595,2026-08-20
IBIT,41.2,2026-11-30,102,Call,65.00,-57.77%,0.32,0.32,0.36,780,465,1.68,39.16%,52.94%,0.07343,2026-08-20
BITO,9.81,2026-08-28,8,Call,10.00,-1.94%,0.16,0.16,0.17,1148,683,1.68,40.41%,41.97%,0.39553,2026-08-20
SPY,762.6,2026-08-28,8,Call,769.00,-0.84%,2.84,2.94,2.88,2160,1284,1.68,13.30%,11.75%,0.330744,2026-08-20
QQQ,710.93,2026-08-24,4,Call,728.00,-2.40%,0.11,0.12,0.13,4177,2492,1.68,20.28%,12.17%,0.033775,2026-08-20
IBIT,41.2,2026-09-18,29,Put,41.00,-0.49%,1.63,1.66,1.67,5005,2994,1.67,39.16%,38.96%,-0.45256,2026-08-20
QQQ,710.93,2026-09-04,15,Call,708.00,+0.41%,13.69,14.34,13.9,651,390,1.67,20.28%,20.51%,0.560424,2026-08-20
GLD,415.26,2026-12-18,120,Call,555.00,-33.65%,1.89,2,2.2,1053,631,1.67,25.33%,30.65%,0.068035,2026-08-20
SCO,23.74,2026-08-21,1,Put,26.00,+9.52%,1.95,1.95,2.5,515,310,1.66,72.39%,88.40%,-0.974088,2026-08-20
SLV,61.66,2026-09-11,22,Call,63.00,-2.17%,2.1,2.18,2.2,867,523,1.66,45.26%,44.45%,0.451272,2026-08-20
GLD,415.26,2026-09-04,15,Call,435.00,-4.75%,2.79,3.05,2.97,899,542,1.66,25.33%,27.77%,0.220489,2026-08-20
SPY,762.6,2026-09-11,22,Put,741.00,-2.83%,3.48,3.46,3.52,1075,646,1.66,13.30%,15.56%,-0.209138,2026-08-20
SPY,762.6,2026-08-26,6,Call,770.00,-0.97%,1.34,1.42,1.39,1191,716,1.66,13.30%,10.02%,0.238553,2026-08-20
USO,134.54,2026-09-18,29,Put,125.00,-7.09%,2.5,2.6,2.77,2775,1685,1.65,45.01%,43.91%,-0.249443,2026-08-20
GLD,415.26,2027-06-17,301,Put,200.00,-51.84%,0.4,0.63,0.76,4592,2787,1.65,25.33%,39.20%,-0.010278,2026-08-20
ETHA,17.55,2028-06-16,666,Call,40.00,-127.92%,2.03,2.37,2.73,1034,628,1.65,55.07%,65.80%,0.344854,2026-08-20
QQQ,710.93,2026-08-21,1,Call,707.00,+0.55%,5.43,5.48,5.55,1415,861,1.64,20.28%,20.89%,0.698701,2026-08-20
QQQ,710.93,2026-08-25,5,Call,720.00,-1.28%,1.59,1.59,1.65,1542,940,1.64,20.28%,14.29%,0.234787,2026-08-20
QQQ,710.93,2026-08-25,5,Call,730.00,-2.68%,0.18,0.18,0.2,1876,1143,1.64,20.28%,12.93%,0.043424,2026-08-20
XLV,172.39,2026-09-18,29,Put,168.00,-2.55%,0,1.28,2.55,617,379,1.63,18.85%,16.20%,-0.262333,2026-08-20
SPY,762.6,2026-08-28,8,Call,764.00,-0.18%,5.18,5.22,5.22,1559,954,1.63,13.30%,12.56%,0.477057,2026-08-20
SOXX,522.35,2026-08-28,8,Call,565.00,-8.17%,1,1.48,1.85,1725,1059,1.63,41.67%,39.99%,0.09974,2026-08-20
QQQ,710.93,2026-09-04,15,Call,716.00,-0.71%,9.23,9.5,9.37,504,312,1.62,20.28%,19.49%,0.449679,2026-08-20
XLK,183.1,2026-08-28,8,Put,180.00,-1.69%,1.49,1.87,1.95,1647,1015,1.62,27.67%,28.60%,-0.330052,2026-08-20
GLD,415.26,2026-08-21,1,Call,414.00,+0.30%,2.82,2.96,2.99,1729,1065,1.62,25.33%,25.33%,0.596125,2026-08-20
SPY,762.6,2026-08-31,11,Put,767.00,+0.58%,7.97,7.96,8.09,1944,1197,1.62,13.30%,11.12%,-0.603295,2026-08-20
SMH,562.65,2026-09-04,15,Put,490.00,-12.91%,1.23,1.58,1.86,506,314,1.61,37.63%,46.73%,-0.064107,2026-08-20
SPY,762.6,2027-12-17,484,Put,850.00,+11.46%,92.07,94.08,97,690,429,1.61,13.30%,15.03%,-0.731706,2026-08-20
QQQ,710.93,2026-08-25,5,Put,715.00,+0.57%,7.53,7.35,7.7,733,454,1.61,20.28%,16.55%,-0.606269,2026-08-20
SPY,762.6,2026-08-28,8,Call,745.00,+2.31%,19.5,19.97,19.78,1950,1209,1.61,13.30%,16.53%,0.838953,2026-08-20
SQQQ,39.37,2026-08-21,1,Put,39.50,+0.33%,0.55,0.57,0.62,678,425,1.6,61.76%,63.07%,-0.532259,2026-08-20
SOXL,122.21,2026-09-11,22,Put,110.00,-9.99%,8.8,9.18,9.6,1319,822,1.6,123.16%,128.98%,-0.309736,2026-08-20
SPY,762.6,2026-08-24,4,Put,774.00,+1.49%,11.11,11.39,12,1857,1160,1.6,13.30%,9.97%,-0.92938,2026-08-20
IWM,297.67,2026-09-18,29,Put,282.00,-5.26%,1.87,1.89,1.91,33316,20793,1.6,17.97%,22.45%,-0.179851,2026-08-20
GLD,415.26,2026-09-18,29,Call,455.00,-9.57%,2.14,2.25,2.3,2437,1532,1.59,25.33%,27.88%,0.138476,2026-08-20
EWY,178.16,2026-09-18,29,Put,175.00,-1.77%,8.2,9.1,9.1,2590,1624,1.59,51.45%,51.28%,-0.421324,2026-08-20
IWM,297.67,2026-08-28,8,Put,298.00,+0.11%,2.95,2.98,3.02,4039,2535,1.59,17.97%,16.46%,-0.506145,2026-08-20
SLV,61.66,2026-08-21,1,Call,60.00,+2.69%,1.65,1.74,1.77,52667,33117,1.59,45.26%,37.46%,0.920261,2026-08-20
SPY,762.6,2026-08-27,7,Call,773.00,-1.36%,1.06,1.19,1.13,607,385,1.58,13.30%,10.38%,0.184247,2026-08-20
QQQ,710.93,2026-08-26,6,Call,728.00,-2.40%,0.72,0.73,0.77,637,403,1.58,20.28%,14.88%,0.11382,2026-08-20
QQQ,710.93,2026-08-21,1,Put,688.00,-3.23%,0.09,0.11,0.11,2868,1818,1.58,20.28%,31.51%,-0.02271,2026-08-20
GLD,415.26,2027-06-17,301,Call,200.00,+51.84%,220.3,222.34,221.85,4389,2798,1.57,25.33%,39.55%,0.989421,2026-08-20
ETHA,17.55,2026-08-21,1,Call,17.00,+3.13%,0.6,0.61,0.64,11628,7404,1.57,55.07%,70.57%,0.811469,2026-08-20
QQQ,710.93,2026-08-28,8,Call,714.00,-0.43%,6.73,6.97,6.86,711,454,1.57,20.28%,19.05%,0.454789,2026-08-20
TQQQ,70.48,2027-03-19,211,Put,35.00,-50.34%,2.2,2.2,2.4,994,635,1.57,58.43%,88.32%,-0.07951,2026-08-20
SLV,61.66,2028-06-16,666,Put,45.00,-27.02%,4.3,4.4,4.8,1000,637,1.57,45.26%,43.31%,-0.176884,2026-08-20
KORU,20.33,2026-08-28,8,Put,13.50,-33.60%,0,0.1,0.5,1040,668,1.56,149.66%,216.46%,-0.074915,2026-08-20
SPY,762.6,2026-09-18,29,Put,757.00,-0.73%,8.8,8.8,8.84,5505,3530,1.56,13.30%,14.07%,-0.401909,2026-08-20
TMF,30.87,2026-08-21,1,Put,34.00,+10.14%,3.1,2.95,3.2,930,599,1.55,31.86%,99.23%,-0.966678,2026-08-20
SPY,762.6,2026-08-24,4,Put,747.00,-2.05%,0.36,0.37,0.39,756,490,1.54,13.30%,13.95%,-0.074775,2026-08-20
QQQ,710.93,2026-08-26,6,Call,725.00,-1.98%,1.19,1.3,1.27,905,589,1.54,20.28%,15.27%,0.167473,2026-08-20
IBIT,41.2,2026-09-25,36,Put,40.00,-2.91%,1.38,1.39,1.42,2187,1416,1.54,39.16%,39.30%,-0.372534,2026-08-20
SQQQ,39.37,2026-08-28,8,Call,44.00,-11.76%,0.13,0.35,0.39,511,335,1.53,61.76%,65.79%,0.139003,2026-08-20
QQQ,710.93,2026-08-25,5,Put,709.00,-0.27%,4.7,4.66,4.83,532,349,1.52,20.28%,17.51%,-0.436242,2026-08-20
SPY,762.6,2026-08-27,7,Put,761.00,-0.21%,4.2,4.2,4.31,626,411,1.52,13.30%,12.29%,-0.437975,2026-08-20
MUU,32.1,2026-08-21,1,Call,34.00,-5.92%,0.25,0.25,0.35,648,425,1.52,131.13%,140.10%,0.227757,2026-08-20
SLV,61.66,2026-08-24,4,Call,61.50,+0.26%,0.97,1.03,1.05,2796,1834,1.52,45.26%,35.58%,0.539459,2026-08-20
SPY,762.6,2026-08-21,1,Call,761.00,+0.21%,3.17,3.23,3.24,3527,2315,1.52,13.30%,14.34%,0.615392,2026-08-20
SLV,61.66,2026-08-21,1,Call,62.00,-0.55%,0.46,0.51,0.53,29218,19191,1.52,45.26%,50.22%,0.423749,2026-08-20
XLK,183.1,2026-08-21,1,Put,190.00,+3.77%,5.75,6.22,7.25,2633,1745,1.51,27.67%,32.99%,-0.985775,2026-08-20
ETHA,17.55,2026-10-16,57,Put,14.00,-20.23%,0.3,0.32,0.32,6712,4434,1.51,55.07%,59.20%,-0.134539,2026-08-20
XLE,63.75,2026-08-28,8,Put,62.00,-2.75%,0.08,0.29,1.05,715,472,1.51,25.72%,33.91%,-0.278343,2026-08-20
IBIT,41.2,2026-09-25,36,Call,40.50,+1.70%,2.44,2.45,2.52,893,590,1.51,39.16%,39.72%,0.590603,2026-08-20
QQQ,710.93,2026-08-24,4,Put,716.00,+0.71%,7.07,7.19,7.56,2346,1550,1.51,20.28%,15.01%,-0.666716,2026-08-20
EEM,66.62,2026-08-21,1,Put,69.00,+3.57%,2.24,2.22,2.83,549,366,1.5,24.67%,62.13%,-0.856013,2026-08-20
VIXY,18.44,2026-08-21,1,Put,21.00,+13.88%,1.6,2.75,2.9,562,375,1.5,51.79%,239.60%,-0.834883,2026-08-20
SOXL,122.21,2026-09-04,15,Put,120.00,-1.81%,10.75,11.5,12.05,658,440,1.5,123.16%,128.57%,-0.418811,2026-08-20
QQQ,710.93,2026-09-01,12,Call,715.00,-0.57%,7.79,8.06,7.94,724,483,1.5,20.28%,18.29%,0.450857,2026-08-20
XLK,183.1,2026-08-21,1,Put,192.00,+4.86%,8.1,8.98,9.7,1752,1166,1.5,27.67%,52.87%,-0.956225,2026-08-20
EWZ,34.14,2026-08-21,1,Put,36.50,+6.91%,2.14,2.38,2.5,4048,2694,1.5,26.50%,67.67%,-0.96929,2026-08-20
FXI,35.67,2026-11-20,92,Put,33.00,-7.49%,0.46,0.59,0.65,5243,3485,1.5,19.65%,23.40%,-0.219058,2026-08-20
FXI,35.67,2026-09-18,29,Put,40.00,+12.14%,3.8,4.26,5.05,5330,3553,1.5,19.65%,30.92%,-0.904294,2026-08-20
EWZ,34.14,2026-08-21,1,Put,35.50,+3.98%,1.29,1.46,1.75,6247,4161,1.5,26.50%,83.64%,-0.808889,2026-08-20
FXI,35.67,2026-08-21,1,Put,42.00,+17.75%,6.15,6.26,7.2,7500,5000,1.5,19.65%,272.92%,-0.858141,2026-08-20
SPY,762.6,2026-08-24,4,Put,761.00,-0.21%,2.44,2.48,2.49,3713,2497,1.49,13.30%,10.33%,-0.412097,2026-08-20
IWM,297.67,2026-09-18,29,Call,299.00,-0.45%,5.25,5.4,5.35,615,414,1.49,17.97%,16.86%,0.489174,2026-08-20
QQQ,710.93,2026-09-18,29,Put,692.00,-2.66%,9.14,9,9.29,695,467,1.49,20.28%,22.35%,-0.310532,2026-08-20
SLV,61.66,2026-09-11,22,Call,62.00,-0.55%,2.52,2.65,2.6,765,513,1.49,45.26%,44.01%,0.509325,2026-08-20
SNDQ,14.77,2026-08-21,1,Call,16.00,-8.33%,0.1,0.15,0.25,819,559,1.47,161.93%,186.73%,0.221052,2026-08-20
SPY,762.6,2026-08-25,5,Call,773.00,-1.36%,0.35,0.37,0.38,868,592,1.47,13.30%,8.73%,0.099463,2026-08-20
SLV,61.66,2026-08-26,6,Call,60.50,+1.88%,1.86,2,1.96,1000,682,1.47,45.26%,39.06%,0.661382,2026-08-20
XBI,163.38,2026-08-21,1,Call,166.00,-1.60%,0.3,0.52,0.7,1268,861,1.47,33.43%,41.98%,0.239254,2026-08-20
SPY,762.6,2026-09-04,15,Call,750.00,+1.65%,17.38,17.87,18.75,1768,1204,1.47,13.30%,16.26%,0.710539,2026-08-20
SOXS,46.25,2026-08-21,1,Call,48.00,-3.78%,0.51,0.61,0.58,771,528,1.46,131.26%,124.52%,0.296051,2026-08-20
XLF,56.95,2026-08-28,8,Put,57.00,+0.09%,0.37,0.49,0.51,3339,2281,1.46,14.48%,12.73%,-0.506107,2026-08-20
TQQQ,70.48,2026-09-04,15,Put,62.00,-12.03%,0.82,0.95,1.01,5111,3494,1.46,58.43%,69.92%,-0.162361,2026-08-20
SPY,762.6,2026-09-18,29,Call,773.00,-1.36%,6.44,6.5,6.5,2846,1966,1.45,13.30%,11.89%,0.373085,2026-08-20
SOXL,122.21,2026-08-21,1,Call,126.00,-3.10%,1.15,1.57,1.72,972,672,1.45,123.16%,113.74%,0.315021,2026-08-20
GLD,415.26,2026-12-18,120,Call,565.00,-36.06%,1.64,1.78,1.88,1004,692,1.45,25.33%,31.16%,0.059008,2026-08-20
IBIT,41.2,2026-09-25,36,Call,42.50,-3.16%,1.52,1.57,1.56,1055,727,1.45,39.16%,39.43%,0.436655,2026-08-20
SPY,762.6,2026-09-18,29,Put,766.00,+0.45%,12.22,12.1,12.27,1562,1079,1.45,13.30%,13.06%,-0.525136,2026-08-20
SPCH,8.2,2026-08-21,1,Call,8.50,-3.66%,0.1,0.15,0.25,605,420,1.44,123.95%,172.86%,0.362848,2026-08-20
TQQQ,70.48,2026-08-24,4,Call,73.00,-3.58%,0.29,0.32,0.35,753,523,1.44,58.43%,38.93%,0.202689,2026-08-20
NVDL,34.04,2026-08-28,8,Put,34.00,-0.12%,1.87,2.15,2.22,1004,695,1.44,78.08%,103.50%,-0.464763,2026-08-20
SPY,762.6,2026-08-24,4,Put,749.00,-1.78%,0.48,0.49,0.5,1089,754,1.44,13.30%,13.47%,-0.096402,2026-08-20
XLK,183.1,2026-09-18,29,Put,155.00,-15.35%,0.35,0.46,0.7,2020,1405,1.44,27.67%,39.50%,-0.05766,2026-08-20
SPY,762.6,2026-08-28,8,Put,740.00,-2.96%,1.01,1.02,1.03,5200,3615,1.44,13.30%,16.98%,-0.1092,2026-08-20
QQQ,710.93,2026-08-21,1,Put,689.00,-3.08%,0.11,0.12,0.12,5295,3673,1.44,20.28%,31.03%,-0.026051,2026-08-20
MSTX,11.12,2026-08-21,1,Call,11.00,+1.08%,0.35,0.35,0.74,531,374,1.42,154.61%,208.84%,0.561525,2026-08-20
SPY,762.6,2026-09-04,15,Call,769.00,-0.84%,4.99,5,5.03,552,389,1.42,13.30%,12.05%,0.387959,2026-08-20
DRAM,57.58,2026-08-24,4,Call,60.00,-4.20%,0.4,0.5,0.5,965,678,1.42,69.58%,53.63%,0.242232,2026-08-20
SOXL,122.21,2026-08-21,1,Put,119.00,-2.63%,1.75,1.9,2.12,1306,922,1.42,123.16%,131.01%,-0.335866,2026-08-20
SPY,762.6,2026-09-18,29,Call,766.00,-0.45%,10,10.2,10.06,1767,1248,1.42,13.30%,12.68%,0.481247,2026-08-20
GLD,415.26,2026-08-21,1,Call,411.00,+1.03%,4.7,4.7,5.15,1861,1308,1.42,25.33%,24.51%,0.793344,2026-08-20
SMH,562.65,2026-10-16,57,Put,425.00,-24.46%,2.82,3.17,3.55,2801,1985,1.41,37.63%,50.05%,-0.06125,2026-08-20
SLV,61.66,2026-08-26,6,Put,60.00,-2.69%,0.59,0.63,0.67,591,419,1.41,45.26%,41.97%,-0.293321,2026-08-20
IBIT,41.2,2026-10-02,43,Call,40.00,+2.91%,2.92,3,3.05,1048,745,1.41,39.16%,40.25%,0.62351,2026-08-20
SPY,762.6,2026-08-27,7,Call,775.00,-1.63%,0.71,0.78,0.77,713,510,1.4,13.30%,10.21%,0.136327,2026-08-20
IWM,297.67,2026-08-24,4,Put,296.00,-0.56%,1.06,1.05,1.1,1088,779,1.4,17.97%,14.70%,-0.348522,2026-08-20
SPY,762.6,2026-09-04,15,Put,758.00,-0.60%,5.7,5.6,5.74,1407,1008,1.4,13.30%,13.20%,-0.392386,2026-08-20
QQQ,710.93,2026-08-28,8,Put,675.00,-5.05%,1.08,1.09,1.12,3849,2767,1.39,20.28%,26.27%,-0.085353,2026-08-20
SLV,61.66,2026-08-21,1,Call,63.00,-2.17%,0.22,0.26,0.26,10428,7501,1.39,45.26%,55.20%,0.23382,2026-08-20
TLT,82.34,2026-08-28,8,Call,82.50,-0.19%,0.47,0.48,0.49,10438,7512,1.39,11.04%,11.07%,0.467257,2026-08-20
SLV,61.66,2026-08-21,1,Call,61.00,+1.07%,0.94,0.98,1.01,13561,9769,1.39,45.26%,45.48%,0.680186,2026-08-20
ETHA,17.55,2026-10-16,57,Call,20.00,-13.96%,0.74,0.77,0.78,17562,12664,1.39,55.07%,56.95%,0.329077,2026-08-20
QQQ,710.93,2026-08-21,1,Put,705.00,-0.83%,1.37,1.4,1.42,39557,28556,1.39,20.28%,24.56%,-0.253238,2026-08-20
SPY,762.6,2026-09-04,15,Call,766.00,-0.45%,6.5,6.64,6.54,526,378,1.39,13.30%,12.51%,0.452589,2026-08-20
SOXL,122.21,2026-09-18,29,Put,64.00,-47.63%,0.75,1.05,1.35,620,446,1.39,123.16%,151.94%,-0.041747,2026-08-20
ETHA,17.55,2026-10-16,57,Call,26.00,-48.15%,0.17,0.17,0.18,711,512,1.39,55.07%,66.66%,0.090398,2026-08-20
GDX,99.85,2026-09-04,15,Call,100.00,-0.15%,3.75,3.86,4.2,719,516,1.39,47.89%,49.25%,0.51987,2026-08-20
USO,134.54,2026-08-28,8,Call,140.00,-4.06%,1.67,1.75,1.9,2262,1630,1.39,45.01%,47.99%,0.303893,2026-08-20
SPY,762.6,2026-09-04,15,Call,770.00,-0.97%,4.54,4.55,4.58,2277,1641,1.39,13.30%,11.91%,0.366132,2026-08-20
SPY,762.6,2026-09-25,36,Put,750.00,-1.65%,8.07,8,8.12,725,524,1.38,13.30%,14.96%,-0.334856,2026-08-20
SQQQ,39.37,2026-08-28,8,Call,39.50,-0.33%,1.08,1.31,1.36,828,599,1.38,61.76%,54.51%,0.503731,2026-08-20
TQQQ,70.48,2026-10-02,43,Put,45.00,-36.15%,0.44,0.57,0.66,1471,1063,1.38,58.43%,90.17%,-0.052889,2026-08-20
SPY,762.6,2026-09-04,15,Call,780.00,-2.28%,1.42,1.43,1.44,2329,1691,1.38,13.30%,10.72%,0.164436,2026-08-20
GLD,415.26,2026-08-21,1,Call,415.00,+0.06%,2.32,2.49,2.48,11160,8080,1.38,25.33%,25.91%,0.52404,2026-08-20
SMH,562.65,2026-08-21,1,Put,635.00,+12.86%,71,75.5,74.45,5538,4032,1.37,37.63%,121.35%,-0.969908,2026-08-20
IWM,297.67,2026-09-18,29,Put,286.00,-3.92%,2.52,2.56,2.57,73776,54006,1.37,17.97%,21.44%,-0.234999,2026-08-20
SPY,762.6,2026-08-26,6,Call,771.00,-1.10%,1.08,1.2,1.14,701,513,1.37,13.30%,9.89%,0.205348,2026-08-20
QQQ,710.93,2026-09-18,29,Call,731.00,-2.82%,7.49,7.65,7.64,844,617,1.37,20.28%,18.44%,0.3227,2026-08-20
SPY,762.6,2026-08-26,6,Call,774.00,-1.49%,0.53,0.6,0.59,911,663,1.37,13.30%,9.58%,0.121769,2026-08-20
SPY,762.6,2026-08-25,5,Put,761.00,-0.21%,2.99,2.93,3.07,1058,772,1.37,13.30%,10.92%,-0.423019,2026-08-20
SLV,61.66,2026-08-28,8,Call,57.00,+7.56%,4.8,4.95,4.95,1465,1071,1.37,45.26%,41.57%,0.906691,2026-08-20
SIL,97.46,2028-01-21,519,Put,80.00,-17.92%,11.8,12.52,13.5,505,372,1.36,54.20%,53.54%,-0.244473,2026-08-20
SMH,562.65,2026-08-28,8,Put,555.00,-1.36%,8.35,9.47,10.6,528,388,1.36,37.63%,39.73%,-0.392248,2026-08-20
GDX,99.85,2026-08-21,1,Call,103.00,-3.15%,0.17,0.23,0.28,2376,1745,1.36,47.89%,56.23%,0.149782,2026-08-20
SPY,762.6,2026-08-25,5,Put,767.00,+0.58%,5.79,5.94,6.01,2981,2186,1.36,13.30%,9.57%,-0.68818,2026-08-20
SPY,762.6,2026-10-16,57,Put,755.00,-1.00%,12.7,12.76,12.76,5977,4381,1.36,13.30%,14.63%,-0.397407,2026-08-20
EEM,66.62,2026-11-20,92,Put,56.50,-15.19%,0.56,0.65,0.81,6751,4964,1.36,24.67%,31.33%,-0.123241,2026-08-20
QQQ,710.93,2026-08-21,1,Put,691.00,-2.80%,0.14,0.14,0.15,2720,2022,1.35,20.28%,29.78%,-0.033113,2026-08-20
SPY,762.6,2026-08-31,11,Call,775.00,-1.63%,1.45,1.49,1.48,5180,3838,1.35,13.30%,10.22%,0.196494,2026-08-20
SPY,762.6,2026-08-24,4,Put,766.00,+0.45%,4.74,4.73,4.89,7751,5739,1.35,13.30%,9.19%,-0.67029,2026-08-20
TLT,82.34,2026-08-28,8,Put,82.00,-0.41%,0.36,0.36,0.38,11973,8875,1.35,11.04%,11.06%,-0.387903,2026-08-20
QQQ,710.93,2027-12-17,484,Call,765.00,-7.61%,70.23,74.11,73.5,500,371,1.35,20.28%,24.50%,0.518988,2026-08-20
TQQQ,70.48,2026-09-25,36,Call,90.00,-27.70%,0.33,0.44,0.44,859,638,1.35,58.43%,51.48%,0.079456,2026-08-20
SLV,61.66,2026-09-18,29,Put,51.50,-16.48%,0.29,0.29,0.33,1012,752,1.35,45.26%,47.98%,-0.078003,2026-08-20
KRE,74.71,2028-01-21,519,Put,45.00,-39.77%,0,1.07,5,1075,795,1.35,20.21%,46.12%,-0.100546,2026-08-20
SQQQ,39.37,2026-08-28,8,Call,39.00,+0.94%,1.48,1.55,1.57,1586,1174,1.35,61.76%,56.85%,0.565033,2026-08-20
SPY,762.6,2026-08-31,11,Call,786.00,-3.07%,0.19,0.19,0.2,1867,1385,1.35,13.30%,9.54%,0.03864,2026-08-20
RAM,13.08,2026-08-21,1,Call,14.00,-7.03%,0.1,0.15,0.2,2776,2069,1.34,139.72%,167.92%,0.233182,2026-08-20
SMH,562.65,2026-09-18,29,Call,590.00,-4.86%,12.3,12.9,13.7,6069,4525,1.34,37.63%,36.56%,0.351557,2026-08-20
XLP,85.32,2026-09-18,29,Put,85.00,-0.38%,1.15,1.15,1.4,4122,3098,1.33,16.13%,15.71%,-0.442645,2026-08-20
QQQ,710.93,2026-08-28,8,Put,706.00,-0.69%,6.26,6.22,6.37,537,404,1.33,20.28%,20.90%,-0.397678,2026-08-20
QQQ,710.93,2026-08-28,8,Put,714.00,+0.43%,9.6,9.16,9.74,587,440,1.33,20.28%,19.70%,-0.545941,2026-08-20
UVXY,19.88,2026-08-21,1,Call,19.50,+1.91%,0.4,0.47,0.59,888,671,1.32,77.97%,63.42%,0.726094,2026-08-20
TLT,82.34,2026-09-18,29,Call,84.00,-2.02%,0.35,0.37,0.37,40609,30860,1.32,11.04%,9.94%,0.261382,2026-08-20
QQQ,710.93,2026-08-24,4,Call,725.00,-1.98%,0.25,0.27,0.28,2900,2215,1.31,20.28%,12.20%,0.066816,2026-08-20
EWZ,34.14,2026-08-21,1,Put,36.00,+5.45%,1.66,1.93,2.1,3084,2355,1.31,26.50%,55.98%,-0.963959,2026-08-20
EWZ,34.14,2027-03-19,211,Put,30.00,-12.13%,1.18,1.4,1.65,5508,4203,1.31,26.50%,27.99%,-0.275822,2026-08-20
VXX,19.19,2026-08-28,8,Call,19.00,+0.99%,0.55,0.6,0.63,511,390,1.31,52.98%,42.63%,0.579982,2026-08-20
SOXL,122.21,2027-01-15,148,Put,75.00,-38.63%,12.4,13.49,14,637,486,1.31,123.16%,133.55%,-0.155175,2026-08-20
GLD,415.26,2027-09-17,393,Call,600.00,-44.49%,7.25,7.85,8.65,956,731,1.31,25.33%,26.64%,0.150319,2026-08-20
QQQ,710.93,2026-09-02,13,Call,735.00,-3.39%,1.77,1.92,1.87,977,747,1.31,20.28%,16.68%,0.157347,2026-08-20
IWM,297.67,2026-09-04,15,Put,284.00,-4.59%,0.92,0.96,0.97,1278,973,1.31,17.97%,22.10%,-0.137072,2026-08-20
ETHA,17.55,2026-09-04,15,Call,20.00,-13.96%,0.2,0.21,0.22,1530,1164,1.31,55.07%,64.68%,0.178817,2026-08-20
SPY,762.6,2026-09-04,15,Put,749.00,-1.78%,3.55,3.51,3.57,580,445,1.3,13.30%,14.68%,-0.257172,2026-08-20
USO,134.54,2027-09-17,393,Put,55.00,-59.12%,0.69,0.67,0.72,752,577,1.3,45.01%,51.43%,-0.021802,2026-08-20
SPY,762.6,2026-08-26,6,Put,764.00,+0.18%,4.82,4.93,5.02,1106,852,1.3,13.30%,11.13%,-0.539275,2026-08-20
EWZ,34.14,2028-01-21,519,Put,25.00,-26.77%,0.69,1.2,2.32,2000,1540,1.3,26.50%,29.97%,-0.181451,2026-08-20
EEM,66.62,2027-01-15,148,Call,76.00,-14.08%,0.25,1.15,1.92,3970,3063,1.3,24.67%,22.47%,0.213577,2026-08-20
QQQ,710.93,2026-08-21,1,Put,692.00,-2.66%,0.15,0.17,0.17,4032,3093,1.3,20.28%,29.05%,-0.036889,2026-08-20
QQQ,710.93,2026-08-24,4,Put,705.00,-0.83%,2.53,2.53,2.65,4238,3274,1.29,20.28%,17.21%,-0.311672,2026-08-20
SPY,762.6,2026-08-28,8,Put,755.00,-1.00%,3.03,3.05,3.06,5347,4139,1.29,13.30%,13.95%,-0.301467,2026-08-20
IBIT,41.2,2026-09-18,29,Call,44.00,-6.80%,0.85,0.86,0.87,24618,19015,1.29,39.16%,39.88%,0.30742,2026-08-20
IBIT,41.2,2026-08-21,1,Call,40.50,+1.70%,0.82,0.87,0.86,26549,20524,1.29,39.16%,45.88%,0.76726,2026-08-20
QQQ,710.93,2026-09-01,12,Call,716.00,-0.71%,7.3,7.6,7.46,698,542,1.29,20.28%,18.18%,0.433745,2026-08-20
QQQ,710.93,2026-08-24,4,Put,722.00,+1.56%,11.52,10.87,12.15,699,541,1.29,20.28%,14.76%,-0.839511,2026-08-20
TLT,82.34,2026-08-26,6,Call,82.00,+0.41%,0.62,0.62,0.64,1742,1349,1.29,11.04%,10.00%,0.639075,2026-08-20
QQQ,710.93,2026-08-28,8,Put,664.00,-6.60%,0.63,0.65,0.67,1890,1470,1.29,20.28%,28.77%,-0.05047,2026-08-20
ETHA,17.55,2027-06-17,301,Call,32.00,-82.34%,0.89,1.03,1.23,696,542,1.28,55.07%,62.22%,0.234991,2026-08-20
QQQ,710.93,2026-09-25,36,Put,675.00,-5.05%,7.26,7.6,7.4,713,555,1.28,20.28%,24.34%,-0.225351,2026-08-20
SPY,762.6,2026-08-25,5,Call,774.00,-1.49%,0.26,0.3,0.28,774,603,1.28,13.30%,8.67%,0.077688,2026-08-20
SPY,762.6,2026-08-26,6,Call,769.00,-0.84%,1.63,1.67,1.69,1156,901,1.28,13.30%,10.15%,0.273804,2026-08-20
IWM,297.67,2026-08-28,8,Call,300.00,-0.78%,1.83,1.84,1.88,1166,914,1.28,17.97%,15.89%,0.383785,2026-08-20
SPY,762.6,2026-08-26,6,Put,775.00,+1.63%,12.07,12.57,12.86,1323,1037,1.28,13.30%,8.23%,-0.951641,2026-08-20
QQQ,710.93,2026-09-01,12,Put,722.00,+1.56%,15.46,15.06,15.69,1728,1345,1.28,20.28%,18.24%,-0.667698,2026-08-20
GLD,415.26,2026-12-18,120,Call,520.00,-25.22%,3.3,3.45,3.55,3127,2454,1.27,25.33%,28.48%,0.111518,2026-08-20
ETHA,17.55,2026-09-18,29,Call,19.00,-8.26%,0.59,0.61,0.62,10200,8051,1.27,55.07%,57.26%,0.347013,2026-08-20
IBIT,41.2,2026-09-02,13,Call,40.00,+2.91%,1.85,1.88,1.95,634,499,1.27,39.16%,38.28%,0.67839,2026-08-20
IBIT,41.2,2026-11-20,92,Put,38.00,-7.77%,1.85,1.87,1.92,900,707,1.27,39.16%,42.61%,-0.300913,2026-08-20
SLV,61.66,2026-08-24,4,Put,60.00,-2.69%,0.31,0.33,0.36,1230,971,1.27,45.26%,37.32%,-0.233574,2026-08-20
SPY,762.6,2026-08-31,11,Put,763.00,+0.05%,6.11,6.15,6.15,1357,1071,1.27,13.30%,11.74%,-0.49425,2026-08-20
SMH,562.65,2026-08-21,1,Call,577.50,-2.64%,0.23,0.36,0.63,578,458,1.26,37.63%,36.34%,0.087733,2026-08-20
SPY,762.6,2026-09-11,22,Put,757.00,-0.73%,6.79,6.85,6.84,602,477,1.26,13.30%,13.18%,-0.387917,2026-08-20
SNXX,15.14,2026-08-28,8,Call,18.00,-18.89%,0.5,0.55,0.65,921,731,1.26,166.37%,165.85%,0.281362,2026-08-20
IBIT,41.2,2026-09-25,36,Call,41.50,-0.73%,1.94,1.94,1.98,1040,823,1.26,39.16%,39.35%,0.513034,2026-08-20
QQQ,710.93,2026-09-04,15,Put,650.00,-8.57%,1.13,1.13,1.17,1271,1010,1.26,20.28%,29.56%,-0.061064,2026-08-20
IWM,297.67,2026-08-31,11,Put,297.00,-0.23%,2.8,2.75,2.87,1294,1028,1.26,17.97%,15.81%,-0.452858,2026-08-20
CONL,5.38,2026-09-18,29,Call,7.00,-30.11%,0.35,0.4,0.4,1394,1104,1.26,133.62%,141.70%,0.325571,2026-08-20
IBIT,41.2,2026-09-25,36,Call,50.00,-21.36%,0.25,0.26,0.27,1418,1129,1.26,39.16%,44.78%,0.10025,2026-08-20
EWZ,34.14,2026-08-28,8,Call,35.50,-3.98%,0.08,0.1,0.12,3073,2441,1.26,26.50%,25.88%,0.150215,2026-08-20
SQQQ,39.37,2026-08-28,8,Call,40.00,-1.60%,1.08,1.15,1.16,2455,1959,1.25,61.76%,59.73%,0.449722,2026-08-20
QQQ,710.93,2026-08-21,1,Call,720.00,-1.28%,0.22,0.24,0.24,27475,21971,1.25,20.28%,17.07%,0.080112,2026-08-20
IBIT,41.2,2026-09-04,15,Put,39.00,-5.34%,0.42,0.44,0.44,532,427,1.25,39.16%,38.45%,-0.223656,2026-08-20
QQQ,710.93,2026-09-25,36,Put,670.00,-5.76%,6.44,6.45,6.59,726,579,1.25,20.28%,24.90%,-0.202027,2026-08-20
DRAM,57.58,2026-08-21,1,Call,56.50,+1.88%,1.24,1.54,1.69,978,781,1.25,69.58%,67.97%,0.709702,2026-08-20
TLT,82.34,2026-09-25,36,Call,84.00,-2.02%,0.45,0.48,0.46,1255,1007,1.25,11.04%,9.90%,0.288494,2026-08-20
SPY,762.6,2026-08-25,5,Put,768.00,+0.71%,6.44,6.6,6.75,869,699,1.24,13.30%,9.51%,-0.73081,2026-08-20
IBIT,41.2,2026-09-04,15,Call,41.50,-0.73%,1.15,1.16,1.19,1022,824,1.24,39.16%,38.48%,0.486085,2026-08-20
GLD,415.26,2026-11-20,92,Call,475.00,-14.39%,5.6,5.9,5.9,1558,1259,1.24,25.33%,26.93%,0.196288,2026-08-20
"Downloaded from Barchart.com as of 08-20-2026 09:39pm CDT"
