Symbol,Price~,"Exp Date",DTE,Type,Strike,Moneyness,Bid,Latest,Ask,Volume,"Open Int",Vol/OI,"Imp Vol",IV,Delta,Time
PCG,17.43,2026-09-18,46,Call,24.00,-37.69%,0.16,0.21,0.29,129801,177,733.34,55.78%,68.61%,0.119168,2026-08-03
ZM,98.25,2026-08-07,4,Call,105.00,-6.87%,0.37,0.42,0.42,26406,114,231.63,51.31%,56.34%,0.137748,2026-08-03
OWL,11.16,2026-08-28,25,Put,10.50,-5.91%,0.3,0.33,0.35,68052,310,219.52,46.19%,52.04%,-0.308903,2026-08-03
MSFT,487.65,2026-10-16,74,Call,510.00,-4.58%,18.05,18.5,18.9,54520,253,215.49,30.51%,30.32%,0.413888,2026-08-03
VSAT,81.29,2026-08-21,18,Call,95.00,-16.87%,4.9,5.1,5.1,16795,133,126.28,110.95%,134.04%,0.356122,2026-08-03
PGEN,6.61,2026-08-21,18,Call,9.00,-36.16%,0.1,0.13,0.15,21595,176,122.7,107.31%,120.86%,0.151974,2026-08-03
TGT,149.35,2026-08-07,4,Call,160.00,-7.13%,0.07,0.1,0.1,16175,159,101.73,44.67%,36.57%,0.037651,2026-08-03
SPCX,114.53,2026-09-04,32,Call,110.00,+3.96%,17,16.93,17.9,10330,102,101.27,114.99%,112.92%,0.617003,2026-08-03
IREN,39.75,2026-08-14,11,Put,26.00,-34.59%,0.14,0.19,0.37,18237,184,99.11,123.05%,161.96%,-0.049055,2026-08-03
HIG,142.9,2026-12-18,137,Call,160.00,-11.97%,3,3.1,3.3,24197,310,78.05,23.38%,24.28%,0.262547,2026-08-03
INTC,91,2026-08-07,4,Call,63.00,+30.77%,27.5,27.97,28.55,15200,200,76,81.59%,121.62%,0.998369,2026-08-03
TSLA,322.08,2026-08-05,2,Put,320.00,-0.65%,4.2,4.3,4.3,21480,289,74.33,45.15%,55.38%,-0.427541,2026-08-03
META,590.24,2026-08-05,2,Put,560.00,-5.12%,0.66,0.78,0.78,10029,161,62.29,38.89%,49.71%,-0.073231,2026-08-03
OWL,11.16,2026-08-28,25,Put,10.00,-10.39%,0.15,0.2,0.2,10774,176,61.22,46.19%,51.81%,-0.195036,2026-08-03
AZN,157.97,2026-10-16,74,Call,170.00,-7.62%,4.6,4.93,5.3,16071,270,59.52,33.33%,34.10%,0.334397,2026-08-03
XE,17.39,2026-09-18,46,Call,22.50,-29.38%,0.75,1.12,1.3,6653,121,54.98,111.90%,102.51%,0.303892,2026-08-03
MSFT,487.65,2026-08-05,2,Call,500.00,-2.53%,1.55,1.63,1.66,9371,181,51.77,30.51%,39.67%,0.202777,2026-08-03
TSLA,322.08,2026-08-05,2,Put,322.50,+0.13%,5.4,5.55,5.6,15753,313,50.33,45.15%,55.87%,-0.50277,2026-08-03
KHC,26.42,2026-08-07,4,Call,27.50,-4.09%,0.22,0.26,0.28,17856,357,50.02,33.93%,58.17%,0.26384,2026-08-03
TJX,157.5,2026-08-28,25,Put,145.00,-7.94%,0.85,1.17,1.3,7000,141,49.65,29.72%,32.35%,-0.149851,2026-08-03
AMZN,284.02,2026-08-05,2,Call,287.50,-1.23%,1.92,2.15,2.16,8516,183,46.54,32.92%,41.33%,0.353353,2026-08-03
DJT,10.01,2026-11-20,109,Call,16.00,-59.84%,0.72,0.74,0.8,14988,326,45.98,87.39%,100.18%,0.287029,2026-08-03
AMZN,284.02,2026-08-05,2,Put,275.00,-3.18%,0.6,0.63,0.67,7197,157,45.84,32.92%,41.36%,-0.141106,2026-08-03
BSX,48.43,2026-08-14,11,Put,45.00,-7.08%,0.2,0.35,0.45,5195,116,44.78,42.45%,44.68%,-0.158977,2026-08-03
FISV,54.35,2026-09-18,46,Put,50.00,-8.00%,1.95,1.99,2.1,150756,3403,44.3,55.28%,52.81%,-0.287847,2026-08-03
INTC,91,2026-08-07,4,Call,62.00,+31.87%,28.5,28.97,29.55,8800,200,44,81.59%,127.34%,0.998335,2026-08-03
NVDA,206.64,2026-08-05,2,Put,207.50,+0.42%,3,3.05,3.1,14890,343,43.41,41.35%,42.77%,-0.544218,2026-08-03
NVDA,206.64,2026-08-05,2,Put,205.00,-0.79%,1.85,1.91,1.91,22675,533,42.54,41.35%,43.31%,-0.393883,2026-08-03
SIRI,30.37,2026-09-18,46,Call,33.00,-8.66%,0.59,0.59,0.62,62781,1477,42.51,34.39%,35.37%,0.274315,2026-08-03
INTC,91,2026-08-05,2,Call,104.00,-14.29%,0.1,0.12,0.12,11640,278,41.87,81.59%,101.31%,0.040864,2026-08-03
GME,19.06,2026-08-07,4,Put,18.00,-5.56%,0.18,0.19,0.19,4876,120,40.63,54.65%,72.53%,-0.215807,2026-08-03
NBIS,212.58,2026-08-07,4,Call,275.00,-29.36%,1.1,1.12,1.19,11774,292,40.32,140.81%,161.64%,0.075707,2026-08-03
HNRG,14.94,2027-01-15,165,Call,27.00,-80.72%,0.55,0.58,0.65,5002,126,39.7,81.76%,74.59%,0.182064,2026-08-03
MU,829.5,2026-08-05,2,Call,820.00,+1.15%,31.3,32.03,32.4,4815,125,38.52,88.82%,109.85%,0.573279,2026-08-03
NUAI,5.1,2026-08-07,4,Call,5.00,+1.96%,0.4,0.4,0.85,5122,139,36.85,185.84%,272.48%,0.58451,2026-08-03
HPE,50.24,2026-08-07,4,Call,51.50,-2.51%,1.33,1.4,1.46,5062,142,35.65,82.87%,92.09%,0.418371,2026-08-03
FRO,39.91,2026-11-20,109,Call,55.00,-37.81%,0.75,0.8,0.8,9982,282,35.4,59.38%,53.97%,0.144874,2026-08-03
GOOGL,373.51,2026-08-05,2,Call,380.00,-1.74%,1.75,1.98,2.1,4140,118,35.08,33.76%,39.66%,0.285734,2026-08-03
META,590.24,2026-08-07,4,Put,565.00,-4.28%,2.5,2.6,2.92,7539,215,35.07,38.89%,45.94%,-0.173724,2026-08-03
BP,44.26,2026-08-21,18,Call,44.50,-0.54%,1.07,1.22,1.26,4016,117,34.32,34.35%,32.82%,0.482485,2026-08-03
AAPL,303.42,2026-08-05,2,Put,305.00,+0.52%,3.65,3.65,4.1,17455,511,34.16,27.49%,33.93%,-0.574867,2026-08-03
AMZN,284.02,2026-08-14,11,Call,310.00,-9.15%,0.73,0.74,0.78,10131,298,34,32.92%,36.62%,0.092099,2026-08-03
BSX,48.43,2026-08-07,4,Call,51.00,-5.31%,0.15,0.25,0.3,5163,156,33.1,42.45%,50.01%,0.170026,2026-08-03
NVDA,206.64,2026-09-04,32,Put,170.00,-17.73%,1.05,1.1,1.14,71947,2175,33.08,41.35%,49.21%,-0.076292,2026-08-03
HIMS,30.82,2026-08-14,11,Call,31.50,-2.21%,2.4,2.52,2.51,4242,129,32.88,101.28%,128.51%,0.507423,2026-08-03
GXO,50.62,2026-08-21,18,Put,47.50,-6.16%,0.8,1.17,1.2,3501,107,32.72,46.46%,51.76%,-0.26613,2026-08-03
AMZN,284.02,2026-08-05,2,Call,295.00,-3.87%,0.59,0.63,0.75,4593,143,32.12,32.92%,46.10%,0.138119,2026-08-03
TSLA,322.08,2026-08-05,2,Put,312.50,-2.97%,1.71,1.78,1.76,6620,215,30.79,45.15%,55.42%,-0.223338,2026-08-03
NVO,47.09,2026-08-14,11,Call,51.00,-8.30%,0.52,0.58,0.59,6093,208,29.29,45.15%,56.57%,0.219367,2026-08-03
NFLX,73.33,2027-12-17,501,Call,112.00,-52.73%,4.9,5.35,5.85,12617,439,28.74,36.36%,41.20%,0.301306,2026-08-03
AMZN,284.02,2026-08-05,2,Call,300.00,-5.63%,0.26,0.27,0.28,13508,474,28.5,32.92%,47.60%,0.062959,2026-08-03
GOOGL,373.51,2026-08-05,2,Call,390.00,-4.41%,0.46,0.5,0.53,3660,129,28.37,33.76%,42.99%,0.090802,2026-08-03
IREN,39.75,2026-10-16,74,Put,41.00,+3.14%,8.7,8.9,9.05,5833,213,27.38,123.05%,117.16%,-0.414814,2026-08-03
GME,19.06,2026-08-07,4,Put,18.50,-2.94%,0.3,0.3,0.32,6261,232,26.99,54.65%,69.12%,-0.328878,2026-08-03
TSLA,322.08,2026-08-05,2,Call,322.50,-0.13%,5.1,5.2,5.2,22695,846,26.83,45.15%,55.97%,0.49763,2026-08-03
MU,829.5,2026-08-05,2,Call,850.00,-2.47%,17.9,17.95,18.4,8138,305,26.68,88.82%,109.38%,0.39794,2026-08-03
NOK,9.36,2027-03-19,228,Call,27.00,-188.46%,0.16,0.24,0.47,4628,177,26.15,69.88%,88.63%,0.12633,2026-08-03
NVDA,206.64,2026-08-05,2,Put,215.00,+4.05%,8.15,8.77,8.8,5618,216,26.01,41.35%,34.43%,-0.939701,2026-08-03
NVDA,206.64,2026-09-04,32,Call,180.00,+12.89%,29.15,29.14,29.85,5130,204,25.15,41.35%,48.34%,0.85408,2026-08-03
MSFT,487.65,2026-08-05,2,Call,487.50,+0.03%,5.6,5.85,6.15,4886,197,24.8,30.51%,40.02%,0.51216,2026-08-03
FISV,54.35,2026-09-18,46,Call,55.00,-1.20%,3.7,3.8,3.9,99351,4062,24.46,55.28%,51.77%,0.52099,2026-08-03
AAL,16.04,2027-03-19,228,Put,14.00,-12.72%,1.26,1.46,1.57,2700,111,24.32,49.86%,50.35%,-0.284593,2026-08-03
GOOG,372.47,2026-08-07,4,Put,365.00,-2.01%,2.83,2.95,3.05,2799,116,24.13,33.27%,38.88%,-0.299404,2026-08-03
TSLA,322.08,2026-08-05,2,Call,317.50,+1.42%,7.75,7.9,8,19136,798,23.98,45.15%,55.38%,0.646088,2026-08-03
CLF,11.22,2027-06-17,318,Put,8.00,-28.70%,0.93,1.06,1.08,15268,639,23.89,65.35%,66.84%,-0.18805,2026-08-03
AXTI,68.67,2026-08-07,4,Put,45.00,-34.47%,0.05,0.1,0.25,5998,255,23.52,148.48%,216.19%,-0.023727,2026-08-03
IBM,226.31,2026-11-20,109,Call,320.00,-41.40%,3.05,3,3.25,3133,134,23.38,41.90%,48.23%,0.119463,2026-08-03
QCOM,151.57,2026-08-07,4,Put,148.00,-2.36%,2.41,2.55,2.71,4479,194,23.09,57.06%,65.69%,-0.350877,2026-08-03
ZM,98.25,2026-11-20,109,Call,130.00,-32.32%,2.3,2.61,3.4,6887,306,22.51,51.31%,51.46%,0.207744,2026-08-03
MU,829.5,2026-08-05,2,Call,825.00,+0.54%,28.55,29,29.9,3414,156,21.88,88.82%,109.87%,0.543776,2026-08-03
FIG,24.92,2026-08-07,4,Call,33.00,-32.42%,0.2,0.29,0.32,7273,333,21.84,108.33%,201.99%,0.111114,2026-08-03
DOCN,127.17,2026-08-07,4,Put,110.00,-13.50%,3.4,3.64,4.2,3725,171,21.78,115.22%,206.19%,-0.217221,2026-08-03
BWIN,29.48,2026-08-21,18,Call,35.00,-18.72%,0.25,0.28,0.3,4984,231,21.58,55.69%,65.20%,0.135505,2026-08-03
NVDA,206.64,2026-08-05,2,Call,215.00,-4.05%,0.41,0.42,0.44,43317,2010,21.55,41.35%,45.62%,0.124533,2026-08-03
MU,829.5,2026-08-05,2,Call,830.00,-0.06%,26.1,26.92,27.2,4581,213,21.51,88.82%,109.50%,0.514155,2026-08-03
HNGE,77.65,2026-08-21,18,Call,75.00,+3.41%,6.3,6.3,6.8,3297,154,21.41,68.85%,74.64%,0.619132,2026-08-03
W,89.31,2026-08-21,18,Call,110.00,-23.17%,0.67,1.67,2.03,3014,142,21.23,79.92%,86.17%,0.162575,2026-08-03
GOOG,372.47,2026-09-04,32,Call,395.00,-6.05%,6.25,6.84,7.65,2419,114,21.22,33.27%,33.85%,0.306547,2026-08-03
NVDA,206.64,2026-08-10,7,Put,205.00,-0.79%,3.3,3.3,3.45,3191,151,21.13,41.35%,36.88%,-0.424112,2026-08-03
HPE,50.24,2026-08-14,11,Call,60.00,-19.43%,0.46,0.48,0.51,3547,170,20.86,82.87%,86.59%,0.135403,2026-08-03
META,590.24,2026-08-05,2,Call,590.00,+0.04%,8.25,8.6,9.45,3178,155,20.5,38.89%,49.80%,0.513684,2026-08-03
AMZN,284.02,2026-08-07,4,Put,282.50,-0.54%,3.9,4.05,4.1,2643,129,20.49,32.92%,40.30%,-0.438,2026-08-03
SBUX,103.37,2026-08-07,4,Call,109.00,-5.45%,0.15,0.17,0.19,2362,116,20.36,29.14%,37.42%,0.091635,2026-08-03
MSFT,487.65,2026-08-07,4,Call,530.00,-8.68%,0.2,0.22,0.24,2614,129,20.26,30.51%,40.95%,0.027839,2026-08-03
MU,829.5,2026-08-05,2,Call,810.00,+2.35%,35.8,38.4,38.75,2872,142,20.23,88.82%,108.63%,0.632512,2026-08-03
NVDA,206.64,2026-08-05,2,Put,202.50,-2.00%,1.05,1.11,1.11,13391,662,20.23,41.35%,44.07%,-0.260615,2026-08-03
GOOG,372.47,2026-08-07,4,Put,367.50,-1.33%,3.65,3.83,4,2698,134,20.13,33.27%,39.05%,-0.360609,2026-08-03
SG,5.92,2026-08-14,11,Call,6.00,-1.35%,0.55,0.6,0.7,2996,149,20.11,116.66%,160.77%,0.537987,2026-08-03
GOOG,372.47,2026-08-28,25,Call,390.00,-4.71%,6.35,6.87,7.4,5896,301,19.59,33.27%,34.23%,0.328952,2026-08-03
GOOG,372.47,2026-08-07,4,Put,352.50,-5.36%,0.67,0.71,0.75,3477,180,19.32,33.27%,40.84%,-0.093714,2026-08-03
AXTI,68.67,2026-08-07,4,Call,100.00,-45.62%,0.05,0.2,0.3,2383,124,19.22,148.48%,187.79%,0.035033,2026-08-03
NVDA,206.64,2026-08-05,2,Put,210.00,+1.63%,4.25,4.6,4.7,6198,323,19.19,41.35%,40.00%,-0.700678,2026-08-03
WULF,18.83,2026-08-21,18,Call,23.50,-24.80%,0.46,0.5,0.62,2616,137,19.09,108.28%,115.08%,0.22002,2026-08-03
W,89.31,2026-08-07,4,Put,80.00,-10.42%,1.45,2,3,3925,206,19.05,79.92%,162.26%,-0.231112,2026-08-03
ORCL,141.85,2026-08-21,18,Put,116.00,-18.22%,0.83,0.95,0.95,3039,160,18.99,74.50%,69.72%,-0.083217,2026-08-03
MU,829.5,2026-08-10,7,Call,900.00,-8.50%,17.85,19.4,19.1,3757,199,18.88,88.82%,94.47%,0.290126,2026-08-03
USAR,15.86,2027-03-19,228,Put,15.00,-5.42%,3.75,4.1,4.45,2001,106,18.88,105.51%,99.33%,-0.314135,2026-08-03
AVGO,392.23,2026-08-05,2,Call,410.00,-4.53%,1.3,1.39,1.6,2230,119,18.74,53.38%,59.29%,0.162561,2026-08-03
WMT,110.71,2026-08-14,11,Put,112.00,+1.17%,2.59,2.83,2.75,3519,189,18.62,32.50%,26.04%,-0.587415,2026-08-03
MU,829.5,2026-08-21,18,Call,"1,190.00",-43.46%,3.6,3.9,3.9,6326,342,18.5,88.82%,94.78%,0.054689,2026-08-03
META,590.24,2026-08-05,2,Call,650.00,-10.12%,0.17,0.17,0.21,2439,133,18.34,38.89%,62.23%,0.019384,2026-08-03
SKHY,142.72,2026-10-16,74,Call,185.00,-29.62%,13.8,14.2,15.5,2084,114,18.28,113.95%,106.96%,0.388809,2026-08-03
TSLA,322.08,2026-08-07,4,Put,322.50,+0.13%,7.15,7.25,7.25,3855,211,18.27,45.15%,52.36%,-0.496249,2026-08-03
IREN,39.75,2026-08-14,11,Call,38.00,+4.40%,4.2,4.38,4.55,10242,563,18.19,123.05%,126.80%,0.625364,2026-08-03
INTC,91,2026-08-05,2,Call,91.00,0.00%,2.68,2.73,2.81,2549,141,18.08,81.59%,101.90%,0.515919,2026-08-03
WBD,26.09,2027-01-15,165,Put,23.00,-11.84%,1.23,1.68,2.13,17003,951,17.88,29.66%,47.72%,-0.275326,2026-08-03
GOOG,372.47,2026-08-07,4,Call,395.00,-6.05%,0.64,0.63,0.69,10083,565,17.85,33.27%,41.09%,0.090895,2026-08-03
KR,58.22,2026-08-07,4,Call,59.00,-1.34%,0.46,0.58,0.6,6593,371,17.77,33.67%,35.21%,0.367214,2026-08-03
NBIS,212.58,2026-08-07,4,Put,220.00,+3.49%,18.35,18.65,19.75,4779,270,17.7,140.81%,167.37%,-0.5424,2026-08-03
MU,829.5,2026-08-07,4,Call,935.00,-12.72%,8.05,9,8.35,3007,170,17.69,88.82%,111.52%,0.167542,2026-08-03
PTC,139.85,2026-08-21,18,Call,150.00,-7.26%,1,2.85,3.9,2263,129,17.54,44.08%,48.15%,0.279355,2026-08-03
PLTR,125.65,2026-08-07,4,Call,152.50,-21.37%,1.01,1.03,1.04,10143,579,17.52,69.95%,145.57%,0.116601,2026-08-03
NVDA,206.64,2026-08-05,2,Call,187.50,+9.26%,16.45,20.4,21.6,2942,169,17.41,41.35%,120.63%,0.871834,2026-08-03
AMZN,284.02,2026-08-14,11,Put,272.50,-4.06%,2.36,2.45,2.55,1790,104,17.21,32.92%,35.22%,-0.234643,2026-08-03
KLAC,182.75,2026-08-21,18,Call,196.00,-7.25%,6.5,6.96,9.1,2117,123,17.21,79.77%,79.38%,0.381896,2026-08-03
ORCL,141.85,2026-08-07,4,Put,136.00,-4.12%,2.04,2.05,2.16,1724,102,16.9,74.50%,76.46%,-0.284668,2026-08-03
MSFT,487.65,2026-10-16,74,Put,480.00,-1.57%,21.45,21.9,22.2,2297,136,16.89,30.51%,30.73%,-0.413902,2026-08-03
INTC,91,2026-08-07,4,Call,65.00,+28.57%,25.55,25.72,26.55,2004,119,16.84,81.59%,134.19%,0.993136,2026-08-03
AMZN,284.02,2026-08-05,2,Call,282.50,+0.54%,4.2,4.3,4.35,4518,272,16.61,32.92%,41.01%,0.578692,2026-08-03
TSLA,322.08,2026-08-05,2,Call,325.00,-0.91%,4.05,4.11,4.15,35511,2138,16.61,45.15%,56.62%,0.424777,2026-08-03
TSLA,322.08,2026-08-10,7,Put,320.00,-0.65%,6.8,6.97,6.95,1940,117,16.58,45.15%,44.91%,-0.442584,2026-08-03
RIVN,15.35,2026-10-16,74,Put,13.00,-15.31%,0.6,0.6,0.66,5476,335,16.35,59.23%,61.63%,-0.223019,2026-08-03
AMZN,284.02,2026-08-05,2,Call,290.00,-2.11%,1.35,1.37,1.43,19359,1187,16.31,32.92%,42.52%,0.261073,2026-08-03
AAPL,303.42,2026-08-05,2,Call,312.50,-2.99%,0.58,0.63,0.64,12259,755,16.24,27.49%,36.93%,0.144885,2026-08-03
SPCX,114.53,2026-12-18,137,Call,80.00,+30.15%,40.3,41.58,43.7,1766,109,16.2,114.99%,82.57%,0.839127,2026-08-03
AMZN,284.02,2026-08-05,2,Put,285.00,+0.35%,3.75,3.95,4.05,5184,322,16.1,32.92%,40.65%,-0.537557,2026-08-03
MO,68.26,2026-08-28,25,Put,66.00,-3.31%,0.85,0.9,1,2198,138,15.93,27.39%,25.73%,-0.303982,2026-08-03
SRPT,15.88,2026-08-07,4,Call,16.00,-0.76%,0.3,0.85,0.95,2291,145,15.8,99.14%,102.27%,0.494779,2026-08-03
CAT,830.03,2026-08-07,4,Call,950.00,-14.45%,2,2.44,2.58,1906,121,15.75,52.00%,85.39%,0.071864,2026-08-03
AAPL,303.42,2026-08-05,2,Call,307.50,-1.34%,1.5,1.5,1.55,19936,1270,15.7,27.49%,34.76%,0.308757,2026-08-03
AMZN,284.02,2026-08-10,7,Call,290.00,-2.11%,2.74,3.02,3.2,2588,166,15.59,32.92%,33.90%,0.342498,2026-08-03
APH,163.34,2026-09-18,46,Put,125.00,-23.47%,1,1.12,1.1,3503,226,15.5,53.99%,55.09%,-0.068862,2026-08-03
AMZN,284.02,2026-08-07,4,Call,305.00,-7.39%,0.34,0.36,0.37,12446,804,15.48,32.92%,43.77%,0.063772,2026-08-03
CRWV,85.76,2026-08-14,11,Call,92.00,-7.28%,5.5,5.6,5.8,2159,140,15.42,112.95%,136.33%,0.430981,2026-08-03
KHC,26.42,2026-08-07,4,Call,27.00,-2.20%,0.36,0.41,0.44,19814,1291,15.35,33.93%,58.43%,0.371274,2026-08-03
AMZN,284.02,2026-08-07,4,Put,280.00,-1.42%,2.91,2.91,3.05,8720,572,15.24,32.92%,40.42%,-0.357143,2026-08-03
MU,829.5,2026-08-05,2,Put,825.00,-0.54%,24.6,25.32,25.2,1566,103,15.2,88.82%,111.22%,-0.456516,2026-08-03
ECHO,85.63,2026-10-16,74,Call,100.00,-16.78%,4.6,4.77,5.3,2471,163,15.16,63.44%,62.76%,0.351556,2026-08-03
INTC,91,2026-08-05,2,Put,81.00,-10.99%,0.26,0.28,0.3,2786,185,15.06,81.59%,114.34%,-0.077864,2026-08-03
HD,340.02,2026-09-18,46,Put,295.00,-13.24%,2.12,3.25,3.1,2391,159,15.04,35.17%,35.81%,-0.116722,2026-08-03
AAPL,303.42,2026-08-05,2,Call,310.00,-2.17%,0.95,0.98,1.01,41445,2759,15.02,27.49%,35.92%,0.215669,2026-08-03
AMZN,284.02,2026-08-14,11,Put,280.00,-1.42%,4.75,4.9,4.95,1496,100,14.96,32.92%,34.74%,-0.389147,2026-08-03
CCL,28.74,2026-11-20,109,Call,34.00,-18.30%,1.08,1.23,1.29,2098,141,14.88,44.74%,45.54%,0.296345,2026-08-03
GOOGL,373.51,2026-08-07,4,Call,375.00,-0.40%,5.25,5.57,5.75,26829,1804,14.87,33.76%,39.37%,0.473287,2026-08-03
T,23.59,2028-04-21,627,Put,22.00,-6.74%,2.45,2.65,2.91,1500,101,14.85,28.05%,29.57%,-0.341613,2026-08-03
BHC,7,2026-09-18,46,Call,8.00,-14.29%,0.2,0.23,0.25,1616,109,14.83,55.20%,66.79%,0.256148,2026-08-03
ORCL,141.85,2026-08-07,4,Put,133.00,-6.24%,1.27,1.22,1.37,1706,115,14.83,74.50%,76.87%,-0.199427,2026-08-03
AMD,484.64,2026-08-05,2,Call,507.50,-4.72%,12.1,12.5,12.8,1869,126,14.83,78.90%,150.17%,0.36042,2026-08-03
GOOGL,373.51,2026-08-05,2,Call,367.50,+1.61%,7.5,8,8.4,1536,104,14.77,33.76%,38.71%,0.721375,2026-08-03
AMZN,284.02,2026-08-14,11,Call,320.00,-12.67%,0.22,0.28,0.32,2015,137,14.71,32.92%,37.51%,0.037363,2026-08-03
F,14.43,2026-09-04,32,Put,13.00,-9.91%,0.12,0.13,0.15,2618,178,14.71,34.35%,36.82%,-0.155942,2026-08-03
TSLA,322.08,2026-08-05,2,Call,320.00,+0.65%,6.35,6.43,6.5,35710,2433,14.68,45.15%,55.75%,0.572398,2026-08-03
CMG,37.46,2026-08-07,4,Put,36.50,-2.56%,0.25,0.28,0.35,1627,111,14.66,36.82%,43.94%,-0.27592,2026-08-03
KR,58.22,2026-08-07,4,Call,60.00,-3.06%,0.2,0.27,0.3,6747,467,14.45,33.67%,34.89%,0.211037,2026-08-03
PLTR,125.65,2026-08-28,25,Call,136.00,-8.24%,5.7,5.9,6,1626,113,14.39,69.95%,74.01%,0.382443,2026-08-03
NRG,138.47,2026-08-07,4,Call,150.00,-8.33%,1,1.47,1.75,1695,118,14.36,56.01%,86.94%,0.203059,2026-08-03
PDD,90.15,2027-06-17,318,Call,125.00,-38.66%,3.95,5.05,6.15,13503,943,14.32,39.55%,40.95%,0.283281,2026-08-03
NVDA,206.64,2026-08-05,2,Call,185.00,+10.47%,18.95,23.31,24.1,1613,113,14.27,41.35%,144.90%,0.861394,2026-08-03
BMNR,17.42,2026-08-28,25,Put,14.00,-19.63%,0.15,0.3,0.33,3065,215,14.26,81.93%,79.53%,-0.122135,2026-08-03
TSLA,322.08,2026-08-05,2,Put,317.50,-1.42%,3.2,3.25,3.3,7633,537,14.21,45.15%,55.56%,-0.354566,2026-08-03
RGTI,16.02,2026-08-21,18,Put,12.50,-21.97%,0.22,0.22,0.65,2793,200,13.97,101.65%,130.11%,-0.156532,2026-08-03
BB,8.52,2026-08-07,4,Put,8.00,-6.10%,0.1,0.11,0.15,3676,264,13.92,78.59%,93.12%,-0.242455,2026-08-03
MSFT,487.65,2026-08-10,7,Call,500.00,-2.53%,3.6,4.25,4,1667,120,13.89,30.51%,31.20%,0.293022,2026-08-03
MU,829.5,2026-08-10,7,Call,880.00,-6.09%,22.3,25.55,24.65,2706,195,13.88,88.82%,93.30%,0.349147,2026-08-03
RBLX,36.67,2026-08-14,11,Put,30.00,-18.19%,0.09,0.12,0.22,3178,229,13.88,70.12%,80.64%,-0.065342,2026-08-03
NVDA,206.64,2026-08-12,9,Call,205.00,+0.79%,5.85,5.96,6.1,8690,631,13.77,41.35%,39.00%,0.568779,2026-08-03
META,590.24,2026-08-05,2,Put,595.00,+0.81%,10.15,10.7,11.25,2642,194,13.62,38.89%,46.61%,-0.583812,2026-08-03
GOOGL,373.51,2026-08-07,4,Put,370.00,-0.94%,4.35,4.55,4.5,1797,132,13.61,33.76%,39.10%,-0.397893,2026-08-03
MSFT,487.65,2026-08-05,2,Call,492.50,-0.99%,3.4,3.7,3.8,2229,164,13.59,30.51%,39.18%,0.373968,2026-08-03
QCOM,151.57,2026-08-07,4,Put,136.00,-10.27%,0.34,0.41,0.38,2736,202,13.54,57.06%,71.85%,-0.069369,2026-08-03
UEC,9.97,2026-08-21,18,Call,10.50,-5.32%,0.45,0.47,0.49,5470,407,13.44,76.95%,76.93%,0.417882,2026-08-03
QCOM,151.57,2026-08-21,18,Call,177.50,-17.11%,1.05,1.2,1.34,3880,291,13.33,57.06%,58.92%,0.12762,2026-08-03
META,590.24,2026-08-05,2,Put,550.00,-6.82%,0.26,0.33,0.38,1725,130,13.27,38.89%,53.12%,-0.034409,2026-08-03
BHC,7,2028-01-21,536,Put,7.00,0.00%,1.3,1.65,1.9,2000,151,13.25,55.20%,0.00%,0,2026-08-03
MSFT,487.65,2026-08-21,18,Put,475.00,-2.59%,7.65,7.89,8.2,2024,153,13.23,30.51%,31.77%,-0.335358,2026-08-03
CORZ,22.83,2026-08-14,11,Call,23.00,-0.74%,1.4,1.55,1.5,1613,122,13.22,91.10%,96.03%,0.518107,2026-08-03
CRWV,85.76,2026-08-07,4,Put,85.00,-0.89%,4.15,4.2,4.2,9856,748,13.18,112.95%,127.98%,-0.44596,2026-08-03
HPE,50.24,2026-08-07,4,Call,55.00,-9.47%,0.44,0.43,0.53,4251,324,13.12,82.87%,92.75%,0.189123,2026-08-03
META,590.24,2026-08-07,4,Call,630.00,-6.74%,1.54,1.6,1.7,6431,493,13.04,38.89%,49.72%,0.111294,2026-08-03
JD,33.02,2026-08-21,18,Put,31.00,-6.12%,0.4,0.45,0.45,2254,173,13.03,38.85%,39.94%,-0.236316,2026-08-03
GOOG,372.47,2026-08-07,4,Put,360.00,-3.35%,1.59,1.68,1.76,2968,228,13.02,33.27%,39.08%,-0.194617,2026-08-03
AMZN,284.02,2026-08-07,4,Call,310.00,-9.15%,0.15,0.16,0.17,4510,347,13,32.92%,44.26%,0.031646,2026-08-03
CORZ,22.83,2026-08-21,18,Call,24.50,-7.31%,1.12,1.26,1.26,3890,300,12.97,91.10%,90.57%,0.404537,2026-08-03
AAPL,303.42,2026-08-05,2,Call,305.00,-0.52%,2.3,2.4,2.4,24509,1900,12.9,27.49%,33.98%,0.425899,2026-08-03
TSLA,322.08,2026-08-05,2,Put,310.00,-3.75%,1.22,1.22,1.25,10396,807,12.88,45.15%,55.71%,-0.17055,2026-08-03
AMD,484.64,2026-08-05,2,Call,597.50,-23.29%,0.92,1.2,1.2,1410,110,12.82,78.90%,162.05%,0.046134,2026-08-03
NVDA,206.64,2026-08-05,2,Call,210.00,-1.63%,1.35,1.39,1.4,64339,5025,12.8,41.35%,44.22%,0.318749,2026-08-03
AAPL,303.42,2026-08-05,2,Put,302.50,-0.30%,2.4,2.4,2.74,8634,677,12.75,27.49%,33.87%,-0.444481,2026-08-03
PLTR,125.65,2026-08-14,11,Call,126.00,-0.28%,8.1,8.29,8.45,2110,166,12.71,69.95%,96.34%,0.529307,2026-08-03
MSFT,487.65,2026-08-14,11,Call,495.00,-1.51%,7.5,7.88,8.15,2123,167,12.71,30.51%,32.17%,0.411129,2026-08-03
META,590.24,2026-08-05,2,Put,590.00,-0.04%,7.7,8.15,8.7,1435,113,12.7,38.89%,48.01%,-0.486695,2026-08-03
BA,233.49,2026-08-07,4,Put,225.00,-3.64%,1.02,1.04,1.15,1350,107,12.62,34.37%,41.44%,-0.190481,2026-08-03
MSFT,487.65,2026-08-14,11,Call,520.00,-6.63%,1.81,1.94,2.09,2559,203,12.61,30.51%,32.98%,0.140421,2026-08-03
AAOI,110.21,2026-08-07,4,Call,150.00,-36.10%,1.8,1.85,1.85,6763,537,12.59,149.13%,244.47%,0.141184,2026-08-03
DOCN,127.17,2026-08-07,4,Call,145.00,-14.02%,4,4.72,6.2,3169,253,12.53,115.22%,210.88%,0.314811,2026-08-03
AAPL,303.42,2026-08-05,2,Call,315.00,-3.82%,0.39,0.4,0.42,13487,1087,12.41,27.49%,38.77%,0.099475,2026-08-03
AAPL,303.42,2026-08-05,2,Put,292.50,-3.60%,0.22,0.32,0.34,2538,205,12.38,27.49%,35.31%,-0.077523,2026-08-03
AMZN,284.02,2026-08-05,2,Call,285.00,-0.35%,2.8,3.08,3.1,14875,1207,12.32,32.92%,40.38%,0.462685,2026-08-03
MSFT,487.65,2026-08-07,4,Call,505.00,-3.56%,1.92,2.04,2.16,3824,311,12.3,30.51%,37.65%,0.195028,2026-08-03
SHOP,117.01,2027-03-19,228,Call,110.00,+5.99%,26.5,27.5,28.5,1424,116,12.28,73.52%,63.79%,0.664243,2026-08-03
MU,829.5,2026-08-05,2,Call,870.00,-4.88%,11.55,11.95,12,2366,193,12.26,88.82%,109.00%,0.291804,2026-08-03
CORZ,22.83,2026-08-14,11,Put,24.00,+5.12%,2.05,2.35,2.26,1494,122,12.25,91.10%,93.44%,-0.587973,2026-08-03
RIVN,15.35,2026-08-28,25,Call,15.50,-0.98%,0.87,1.07,0.96,1875,154,12.18,59.23%,60.19%,0.513911,2026-08-03
MU,829.5,2026-08-05,2,Call,840.00,-1.27%,21.85,22,22.4,2514,207,12.14,88.82%,109.49%,0.455291,2026-08-03
INTC,91,2026-08-28,25,Put,60.00,-34.07%,0.31,0.4,0.42,21832,1800,12.13,81.59%,95.92%,-0.036513,2026-08-03
MSFT,487.65,2026-08-07,4,Put,470.00,-3.62%,1.8,1.95,1.99,5072,419,12.11,30.51%,38.76%,-0.174648,2026-08-03
NVDA,206.64,2026-08-05,2,Call,190.00,+8.05%,16.4,16.98,18.4,7292,602,12.11,41.35%,92.88%,0.895802,2026-08-03
MSFT,487.65,2026-08-28,25,Call,520.00,-6.63%,4.5,4.6,5.05,4453,368,12.1,30.51%,29.93%,0.224777,2026-08-03
BE,218.32,2026-08-14,11,Put,105.00,-51.91%,0.06,0.15,0.23,3220,267,12.06,125.17%,179.22%,-0.006015,2026-08-03
NVDA,206.64,2026-08-05,2,Call,207.50,-0.42%,2.27,2.3,2.33,45034,3741,12.04,41.35%,44.03%,0.457837,2026-08-03
MCD,265.23,2026-08-07,4,Call,300.00,-13.11%,0.11,0.14,0.16,3345,279,11.99,28.21%,57.99%,0.022892,2026-08-03
TSLA,322.08,2026-08-05,2,Call,315.00,+2.20%,9.35,9.6,9.7,14693,1228,11.96,45.15%,55.19%,0.715469,2026-08-03
U,33.38,2026-08-07,4,Call,38.00,-13.84%,0.73,0.81,0.85,2676,224,11.95,85.01%,163.43%,0.251453,2026-08-03
SBUX,103.37,2026-08-07,4,Put,103.00,-0.36%,1.18,1.3,1.35,1903,160,11.89,29.14%,33.62%,-0.451056,2026-08-03
PLTR,125.65,2026-08-07,4,Call,147.00,-16.99%,1.61,1.66,1.68,2212,187,11.83,69.95%,145.88%,0.171365,2026-08-03
LUV,47.07,2027-06-17,318,Put,45.00,-4.40%,5.9,6.2,6.3,2316,197,11.76,44.47%,44.55%,-0.359424,2026-08-03
AME,243.77,2026-09-18,46,Call,260.00,-6.66%,4.4,4.65,4.9,2988,255,11.72,32.53%,29.68%,0.300823,2026-08-03
IONQ,38.85,2026-11-20,109,Call,80.00,-105.92%,1.66,1.69,1.8,1821,156,11.67,103.30%,107.35%,0.179171,2026-08-03
GOOGL,373.51,2026-08-05,2,Call,400.00,-7.09%,0.17,0.2,0.21,3789,327,11.59,33.76%,50.39%,0.034902,2026-08-03
LTH,44.17,2026-08-21,18,Put,40.00,-9.44%,0.3,0.46,0.65,1502,130,11.55,50.04%,50.56%,-0.170109,2026-08-03
MU,829.5,2026-08-05,2,Call,800.00,+3.56%,43.3,44.88,44.9,3672,318,11.55,88.82%,111.00%,0.685892,2026-08-03
BP,44.26,2026-08-07,4,Put,42.00,-5.11%,0.14,0.2,0.22,1380,120,11.5,34.35%,49.26%,-0.148951,2026-08-03
SOUN,6.1,2026-08-21,18,Put,5.00,-18.03%,0.16,0.17,0.19,9239,807,11.45,102.04%,115.54%,-0.181519,2026-08-03
FIG,24.92,2026-08-07,4,Call,32.00,-28.41%,0.11,0.38,0.45,7081,619,11.44,108.33%,189.98%,0.123842,2026-08-03
AMD,484.64,2026-08-07,4,Call,495.00,-2.14%,20,20.37,20.8,6603,580,11.38,78.90%,123.09%,0.461498,2026-08-03
CIFR,24.16,2026-12-18,137,Call,45.00,-86.26%,2.25,2.34,2.49,5038,443,11.37,123.91%,114.62%,0.303573,2026-08-03
GAIN,16.62,2026-08-21,18,Call,17.50,-5.29%,0.3,0.3,0.35,4341,388,11.19,33.35%,44.45%,0.320715,2026-08-03
IREN,39.75,2026-08-07,4,Call,46.00,-15.72%,0.45,0.46,0.49,23569,2108,11.18,123.05%,134.61%,0.167737,2026-08-03
HOOD,90.34,2026-08-14,11,Call,94.00,-4.05%,2.79,3.3,3.35,1146,103,11.13,68.36%,72.68%,0.403978,2026-08-03
TSLA,322.08,2026-08-07,4,Put,317.50,-1.42%,4.85,4.9,4.95,2446,220,11.12,45.15%,52.41%,-0.384136,2026-08-03
TSLA,322.08,2026-08-05,2,Call,340.00,-5.56%,0.82,0.84,0.85,14972,1346,11.12,45.15%,60.74%,0.119515,2026-08-03
AMD,484.64,2026-08-10,7,Call,497.50,-2.65%,19.2,21.9,22.7,1680,152,11.05,78.90%,98.69%,0.452944,2026-08-03
NOK,9.36,2027-03-19,228,Call,18.00,-92.31%,0.54,0.57,0.58,1680,152,11.05,69.88%,76.39%,0.2235,2026-08-03
TSLA,322.08,2026-08-05,2,Call,330.00,-2.46%,2.44,2.46,2.49,21949,1991,11.02,45.15%,57.42%,0.292633,2026-08-03
NVDA,206.64,2026-08-05,2,Call,220.00,-6.47%,0.12,0.13,0.14,19761,1796,11,41.35%,48.72%,0.043242,2026-08-03
NBIS,212.58,2026-11-20,109,Call,380.00,-78.76%,20.25,21,21.7,3156,290,10.88,140.81%,124.65%,0.31018,2026-08-03
BE,218.32,2026-10-16,74,Call,270.00,-23.67%,29,30.05,31.05,5473,503,10.88,125.17%,118.71%,0.453735,2026-08-03
MTZ,261.22,2026-08-21,18,Call,320.00,-22.50%,1.15,1.65,1.6,1970,181,10.88,66.83%,63.16%,0.086251,2026-08-03
MU,829.5,2026-08-05,2,Put,780.00,-5.97%,9.25,9.7,9.6,1126,104,10.83,88.82%,115.29%,-0.221907,2026-08-03
TSLA,322.08,2026-08-05,2,Put,335.00,+4.01%,13.75,14.44,14.45,1159,107,10.83,45.15%,55.59%,-0.824752,2026-08-03
AMZN,284.02,2026-08-14,11,Call,295.00,-3.87%,2.87,3.06,3.15,5372,496,10.83,32.92%,35.46%,0.285088,2026-08-03
AFRM,75.63,2026-08-07,4,Put,73.00,-3.48%,0.89,1.14,1.18,1083,101,10.72,65.81%,67.75%,-0.294772,2026-08-03
SNDK,1288.03,2027-02-19,200,Call,"3,530.00",-174.06%,73.2,78.1,79.1,1230,116,10.6,130.45%,105.18%,0.190068,2026-08-03
GSM,3.25,2026-12-18,137,Call,4.00,-23.08%,0.15,0.2,0.5,1100,104,10.58,115.77%,71.30%,0.402539,2026-08-03
APO,129.42,2026-08-07,4,Call,128.00,+1.10%,4.1,4.43,4.6,1656,157,10.55,41.61%,66.64%,0.577601,2026-08-03
MU,829.5,2026-08-05,2,Put,820.00,-1.15%,22.25,22.89,22.9,2265,217,10.44,88.82%,111.41%,-0.427433,2026-08-03
NVDA,206.64,2026-08-07,4,Put,207.50,+0.42%,4,4.08,4.1,13064,1255,10.41,41.35%,42.07%,-0.526345,2026-08-03
INTC,91,2026-08-05,2,Call,95.00,-4.40%,1.21,1.23,1.26,9836,950,10.35,81.59%,101.48%,0.297018,2026-08-03
GOOG,372.47,2026-08-07,4,Call,390.00,-4.71%,1.05,1.13,1.13,14356,1387,10.35,33.27%,39.68%,0.14062,2026-08-03
GOOG,372.47,2026-08-07,4,Put,370.00,-0.66%,4.65,4.8,4.95,3093,299,10.34,33.27%,38.76%,-0.423895,2026-08-03
CCL,28.74,2026-08-14,11,Call,28.50,+0.84%,0.95,1,1.04,1932,187,10.33,44.74%,43.56%,0.56122,2026-08-03
CRWD,202.54,2026-08-14,11,Call,210.00,-3.68%,5.3,5.51,5.55,3908,381,10.26,64.22%,59.98%,0.387877,2026-08-03
IBM,226.31,2026-08-07,4,Call,232.50,-2.74%,2,2.07,2.15,5600,548,10.22,41.90%,47.03%,0.300746,2026-08-03
PDD,90.15,2027-06-17,318,Put,55.00,-38.99%,1.04,1.58,1.75,13504,1322,10.21,39.55%,44.57%,-0.07076,2026-08-03
MSFT,487.65,2026-08-05,2,Call,495.00,-1.51%,2.6,2.79,2.99,4472,440,10.16,30.51%,39.36%,0.310787,2026-08-03
MSFT,487.65,2026-08-05,2,Call,485.00,+0.54%,6.75,7.4,7.65,2584,255,10.13,30.51%,39.93%,0.580996,2026-08-03
NBIS,212.58,2026-08-14,11,Put,85.00,-60.02%,0.11,0.15,0.17,1165,115,10.13,140.81%,220.65%,-0.004841,2026-08-03
MSFT,487.65,2026-08-05,2,Call,525.00,-7.66%,0.09,0.1,0.15,2640,261,10.11,30.51%,47.68%,0.019284,2026-08-03
CIFR,24.16,2028-06-16,683,Call,22.00,+8.94%,12.75,13.55,14.75,1808,179,10.1,123.91%,105.54%,0.799367,2026-08-03
BA,233.49,2026-08-07,4,Put,217.50,-6.85%,0.25,0.26,0.28,1685,168,10.03,34.37%,43.57%,-0.057205,2026-08-03
CNC,63.76,2026-08-07,4,Call,64.00,-0.38%,1.08,1.23,1.33,1241,124,10.01,42.61%,49.10%,0.48418,2026-08-03
ORCL,141.85,2026-08-14,11,Call,139.00,+2.01%,8.3,8.75,8.85,1679,168,9.99,74.50%,72.14%,0.590731,2026-08-03
STX,831.06,2026-08-07,4,Call,"1,000.00",-20.33%,2.4,3.06,4.2,2325,233,9.98,96.08%,117.74%,0.075363,2026-08-03
ORCL,141.85,2026-08-07,4,Call,148.00,-4.34%,2.34,2.42,2.44,12599,1266,9.95,74.50%,80.12%,0.322248,2026-08-03
TSLA,322.08,2026-08-05,2,Put,315.00,-2.20%,2.36,2.39,2.42,12206,1232,9.91,45.15%,55.27%,-0.284972,2026-08-03
INTC,91,2026-08-05,2,Call,100.00,-9.89%,0.35,0.37,0.37,12676,1280,9.9,81.59%,101.49%,0.112051,2026-08-03
TOST,32.79,2026-08-07,4,Call,35.00,-6.74%,0.85,0.95,1.03,4422,449,9.85,60.98%,129.63%,0.340926,2026-08-03
ON,80.4,2026-08-07,4,Put,69.00,-14.18%,0.74,0.78,0.8,1988,202,9.84,87.17%,136.54%,-0.126338,2026-08-03
ENTG,125.2,2026-08-21,18,Put,100.00,-20.13%,2.5,2.76,3,1426,145,9.83,95.71%,112.30%,-0.15105,2026-08-03
TEVA,34.46,2027-01-15,165,Call,38.00,-10.27%,2.4,2.4,2.62,2861,292,9.8,35.97%,39.99%,0.427503,2026-08-03
GOOGL,373.51,2026-08-05,2,Call,370.00,+0.94%,5.8,6.5,6.75,2426,249,9.74,33.76%,38.70%,0.636992,2026-08-03
AMAT,518.21,2027-06-17,318,Put,110.00,-78.77%,0.01,2.6,6.1,1166,120,9.72,87.46%,95.96%,-0.01351,2026-08-03
LRN,80.1,2026-08-21,18,Put,70.00,-12.61%,2,2.18,2.65,1514,156,9.71,71.80%,92.48%,-0.221639,2026-08-03
AMD,484.64,2026-08-07,4,Put,397.50,-17.98%,1.79,1.81,1.98,1249,129,9.68,78.90%,129.49%,-0.062667,2026-08-03
INTC,91,2026-08-07,4,Call,90.00,+1.10%,4.2,4.3,4.35,14376,1487,9.67,81.59%,98.95%,0.564212,2026-08-03
AMD,484.64,2026-08-10,7,Call,500.00,-3.17%,19.45,20.13,20.5,1787,185,9.66,78.90%,98.71%,0.438469,2026-08-03
C,133.57,2026-08-14,11,Put,124.00,-7.16%,0.23,0.4,0.48,1002,104,9.63,29.23%,33.63%,-0.094832,2026-08-03
MSFT,487.65,2026-08-05,2,Call,497.50,-2.02%,1.95,2.1,2.18,1212,126,9.62,30.51%,38.91%,0.249973,2026-08-03
SPCX,114.53,2026-08-21,18,Call,105.00,+8.32%,17.6,18.1,18.3,2150,224,9.6,114.99%,129.13%,0.674594,2026-08-03
AMZN,284.02,2026-08-07,4,Put,275.00,-3.18%,1.46,1.55,1.55,6313,659,9.58,32.92%,40.54%,-0.214748,2026-08-03
GOOGL,373.51,2026-08-07,4,Call,390.00,-4.41%,1.23,1.3,1.36,5074,530,9.57,33.76%,40.22%,0.159544,2026-08-03
SG,5.92,2026-08-07,4,Call,6.00,-1.35%,0.45,0.5,0.7,1089,114,9.55,116.66%,247.04%,0.531453,2026-08-03
MU,829.5,2026-08-05,2,Put,770.00,-7.17%,7.15,7.42,7.6,1429,150,9.53,88.82%,116.53%,-0.181901,2026-08-03
TSLA,322.08,2026-08-05,2,Call,337.50,-4.79%,1.08,1.1,1.11,4888,514,9.51,45.15%,59.71%,0.151134,2026-08-03
AMZN,284.02,2026-08-07,4,Put,290.00,+2.11%,8.1,8.36,8.55,3223,340,9.48,32.92%,40.25%,-0.679886,2026-08-03
CNMD,51.86,2026-08-21,18,Call,55.00,-6.05%,0.7,0.85,1,1108,117,9.47,40.12%,42.95%,0.288255,2026-08-03
MU,829.5,2026-08-05,2,Put,830.00,+0.06%,27.05,27.8,27.7,2639,281,9.39,88.82%,111.04%,-0.485757,2026-08-03
TRV,373.82,2026-08-21,18,Call,380.00,-1.65%,4.7,4.87,5.7,1487,159,9.35,22.61%,23.20%,0.393113,2026-08-03
WULF,18.83,2026-09-18,46,Call,21.00,-11.52%,1.93,2,2.06,15350,1649,9.31,108.28%,111.22%,0.444493,2026-08-03
AMZN,284.02,2026-08-12,9,Call,185.00,+34.86%,98.3,98.36,100.9,1050,113,9.29,32.92%,136.68%,0.982515,2026-08-03
BE,218.32,2026-08-14,11,Put,180.00,-17.55%,5.45,5.81,6.35,2154,232,9.28,125.17%,141.20%,-0.18035,2026-08-03
MSFT,487.65,2026-08-05,2,Put,465.00,-4.64%,0.44,0.45,0.52,2197,237,9.27,30.51%,43.74%,-0.068156,2026-08-03
SPCX,114.53,2026-08-07,4,Call,105.00,+8.32%,14.4,14.73,15.4,2762,298,9.27,114.99%,204.41%,0.69669,2026-08-03
DELL,429.02,2026-12-18,137,Put,230.00,-46.39%,9.2,10.5,11.3,1008,109,9.25,89.72%,89.63%,-0.076228,2026-08-03
PURR,6.58,2026-09-18,46,Put,7.00,+6.38%,1.05,1.15,1.25,7002,759,9.23,99.66%,98.58%,-0.497008,2026-08-03
GRAB,3.67,2026-09-18,46,Call,3.00,+18.26%,0.62,0.74,0.81,914,100,9.14,65.74%,48.04%,0.902283,2026-08-03
MSFT,487.65,2026-09-04,32,Put,460.00,-5.67%,6.55,7.01,7.5,1185,130,9.12,30.51%,31.92%,-0.245344,2026-08-03
SPCX,114.53,2026-08-07,4,Call,106.00,+7.45%,13.8,14.3,14.9,911,100,9.11,114.99%,205.80%,0.68042,2026-08-03
PLTR,125.65,2026-08-07,4,Put,119.00,-5.29%,4.3,4.36,4.45,4292,471,9.11,69.95%,141.80%,-0.328921,2026-08-03
T,23.59,2026-08-28,25,Put,22.50,-4.62%,0.24,0.3,0.32,2695,297,9.07,28.05%,28.64%,-0.253898,2026-08-03
MRVL,193.77,2026-11-20,109,Call,310.00,-59.98%,10.9,11.12,11.5,4471,493,9.07,96.40%,90.24%,0.246966,2026-08-03
MSFT,487.65,2026-08-07,4,Call,500.00,-2.53%,2.88,3.06,3.15,24003,2653,9.05,30.51%,36.90%,0.267572,2026-08-03
MSFT,487.65,2026-08-14,11,Put,445.00,-8.75%,1,1.05,1.08,2015,223,9.04,30.51%,37.27%,-0.072211,2026-08-03
MU,829.5,2026-08-05,2,Call,930.00,-12.12%,2.7,2.8,2.86,1263,140,9.02,88.82%,111.73%,0.090275,2026-08-03
NFLX,73.33,2028-12-15,865,Put,30.00,-59.09%,1,1.16,1.5,5581,619,9.02,36.36%,47.09%,-0.043147,2026-08-03
ORCL,141.85,2026-08-07,4,Call,150.00,-5.75%,1.88,1.93,1.93,37594,4170,9.02,74.50%,81.08%,0.269896,2026-08-03
SNAP,5.04,2026-08-07,4,Put,4.50,-10.71%,0.18,0.19,0.19,22229,2469,9,93.05%,200.74%,-0.259106,2026-08-03
IONQ,38.85,2026-08-21,18,Call,41.00,-5.53%,2.75,3.2,3.15,1589,177,8.98,103.30%,110.69%,0.464546,2026-08-03
INTC,91,2026-08-05,2,Call,96.00,-5.49%,0.96,0.99,1.02,1746,195,8.95,81.59%,101.66%,0.251102,2026-08-03
PRMB,22.33,2026-08-21,18,Put,22.00,-1.48%,0.9,1.15,1.25,903,101,8.94,55.16%,63.25%,-0.428012,2026-08-03
BP,44.26,2026-08-07,4,Call,47.50,-7.32%,0.08,0.2,0.35,1040,117,8.89,34.35%,62.63%,0.147727,2026-08-03
INTC,91,2026-08-05,2,Call,90.00,+1.10%,3.15,3.3,3.35,2239,252,8.88,81.59%,101.53%,0.574105,2026-08-03
ARE,53.03,2026-08-21,18,Call,60.00,-13.14%,0.3,0.53,0.6,4727,533,8.87,49.79%,51.38%,0.150712,2026-08-03
GOOGL,373.51,2026-08-07,4,Call,385.00,-3.08%,2.15,2.15,2.2,5463,618,8.84,33.76%,39.70%,0.242125,2026-08-03
RIVN,15.35,2026-08-14,11,Call,15.50,-0.98%,0.56,0.58,0.64,3823,433,8.83,59.23%,62.03%,0.490708,2026-08-03
PLTR,125.65,2026-08-07,4,Put,126.00,+0.28%,7.6,7.7,7.75,3503,397,8.82,69.95%,143.29%,-0.476638,2026-08-03
GOOG,372.47,2026-08-07,4,Put,357.50,-4.02%,1.23,1.28,1.34,891,101,8.82,33.27%,39.81%,-0.155466,2026-08-03
AAPL,303.42,2026-08-10,7,Call,317.50,-4.64%,0.8,0.86,1.12,1019,116,8.78,27.49%,30.35%,0.148397,2026-08-03
CIFR,24.16,2026-11-20,109,Call,45.00,-86.26%,1.41,2.07,2.25,2043,234,8.73,123.91%,116.71%,0.261623,2026-08-03
MSFT,487.65,2026-08-07,4,Call,540.00,-10.74%,0.09,0.1,0.13,2499,288,8.68,30.51%,43.82%,0.014154,2026-08-03
SMR,9.01,2026-08-07,4,Call,11.00,-22.09%,0.1,0.12,0.12,14135,1630,8.67,107.29%,166.92%,0.146291,2026-08-03
TSLA,322.08,2026-08-05,2,Call,335.00,-4.01%,1.42,1.42,1.46,8629,996,8.66,45.15%,58.83%,0.190265,2026-08-03
QCOM,151.57,2026-08-07,4,Call,157.50,-3.91%,1.9,1.99,1.99,1460,169,8.64,57.06%,66.10%,0.302107,2026-08-03
BMNR,17.42,2026-08-07,4,Call,19.50,-11.94%,0.1,0.1,0.11,8152,945,8.63,81.93%,91.65%,0.130526,2026-08-03
NVO,47.09,2026-08-21,18,Put,43.00,-8.69%,0.56,0.6,0.66,1124,131,8.58,45.15%,50.50%,-0.196713,2026-08-03
WFC,87.89,2026-08-14,11,Call,88.00,-0.13%,1.25,1.25,1.43,1534,180,8.52,24.39%,22.57%,0.499692,2026-08-03
MCD,265.23,2026-08-07,4,Call,280.00,-5.57%,1.19,1.22,1.3,4992,587,8.5,28.21%,51.93%,0.166451,2026-08-03
EXLS,34.24,2026-08-21,18,Call,40.00,-16.82%,0.2,0.23,0.25,7218,849,8.5,46.12%,55.05%,0.115816,2026-08-03
BROS,64.98,2026-10-16,74,Call,72.50,-11.57%,3.6,3.98,4.5,1102,130,8.48,65.56%,57.05%,0.394115,2026-08-03
SNAP,5.04,2026-08-07,4,Put,5.00,-0.79%,0.4,0.41,0.42,7375,872,8.46,93.05%,205.81%,-0.441873,2026-08-03
GOOGL,373.51,2026-08-07,4,Put,365.00,-2.28%,2.68,2.8,2.96,1250,148,8.45,33.76%,40.25%,-0.282334,2026-08-03
CHYM,24.26,2028-01-21,536,Call,27.50,-13.36%,6.7,7.22,7.7,5031,596,8.44,74.77%,67.84%,0.629685,2026-08-03
RIOT,21.42,2026-08-07,4,Call,22.50,-5.04%,0.85,1,0.98,3260,388,8.4,107.08%,151.26%,0.409423,2026-08-03
NVDA,206.64,2026-08-05,2,Put,212.50,+2.84%,6.05,6.92,6.65,2395,286,8.37,41.35%,38.47%,-0.83305,2026-08-03
TSLA,322.08,2026-08-07,4,Put,327.50,+1.68%,9.75,10.2,10.2,1536,184,8.35,45.15%,51.65%,-0.608877,2026-08-03
MSFT,487.65,2026-08-07,4,Call,525.00,-7.66%,0.35,0.37,0.38,2716,327,8.31,30.51%,40.57%,0.04372,2026-08-03
VRTX,470.72,2026-08-07,4,Put,465.00,-1.22%,10,12.24,13.5,1512,182,8.31,42.10%,74.26%,-0.420571,2026-08-03
SNAP,5.04,2026-09-04,32,Call,5.50,-9.13%,0.3,0.38,0.42,1901,229,8.3,93.05%,89.33%,0.426329,2026-08-03
GOOGL,373.51,2026-08-07,4,Call,395.00,-5.75%,0.73,0.77,0.81,3673,443,8.29,33.76%,41.16%,0.102353,2026-08-03
CRWV,85.76,2026-08-07,4,Call,89.00,-3.78%,3.1,3.17,3.2,1732,210,8.25,112.95%,125.50%,0.415429,2026-08-03
NCLH,19.76,2026-08-07,4,Call,20.50,-3.74%,0.14,0.2,0.2,1455,177,8.22,48.38%,52.73%,0.263898,2026-08-03
GOOGL,373.51,2028-12-15,865,Call,495.00,-32.53%,61.3,59.6,63.65,1289,157,8.21,33.76%,38.81%,0.491248,2026-08-03
AAPL,303.42,2026-08-10,7,Put,305.00,+0.52%,5.4,5.75,6,1048,128,8.19,27.49%,29.53%,-0.537811,2026-08-03
MCD,265.23,2027-12-17,501,Call,350.00,-31.96%,7.55,8.35,9.15,1093,134,8.16,28.21%,24.60%,0.216302,2026-08-03
QCOM,151.57,2026-10-16,74,Call,165.00,-8.86%,10,10.35,10.45,3139,385,8.15,57.06%,56.31%,0.419626,2026-08-03
MSFT,487.65,2026-08-21,18,Call,530.00,-8.68%,1.8,1.86,1.92,11935,1464,8.15,30.51%,30.33%,0.118649,2026-08-03
VST,155.94,2026-08-07,4,Call,165.00,-5.81%,2.24,2.1,2.71,2221,273,8.14,58.69%,88.41%,0.287573,2026-08-03
PLTR,125.65,2026-08-07,4,Call,148.00,-17.79%,1.48,1.48,1.54,1994,245,8.14,69.95%,145.74%,0.160045,2026-08-03
TSLA,322.08,2026-08-05,2,Call,345.00,-7.12%,0.5,0.5,0.51,4228,520,8.13,45.15%,63.51%,0.075696,2026-08-03
IREN,39.75,2026-08-07,4,Call,48.00,-20.75%,0.25,0.27,0.28,20028,2464,8.13,123.05%,135.37%,0.104336,2026-08-03
AMZN,284.02,2026-08-05,2,Put,280.00,-1.42%,1.65,1.78,1.78,6633,818,8.11,32.92%,40.42%,-0.309522,2026-08-03
CAT,830.03,2026-08-07,4,Put,750.00,-9.64%,4.7,5,5.45,1081,134,8.07,52.00%,88.72%,-0.12685,2026-08-03
ORCL,141.85,2026-08-14,11,Call,152.50,-7.51%,3.15,3.4,3.45,1386,172,8.06,74.50%,72.82%,0.306927,2026-08-03
META,590.24,2026-08-05,2,Call,600.00,-1.65%,4.5,4.3,4.65,6877,855,8.04,38.89%,48.65%,0.332686,2026-08-03
TMC,3.67,2026-08-14,11,Call,4.00,-8.99%,0.13,0.15,0.16,1309,164,7.98,107.70%,104.94%,0.353603,2026-08-03
TSLA,322.08,2026-08-05,2,Call,327.50,-1.68%,3.15,3.21,3.25,7311,920,7.95,45.15%,56.99%,0.355759,2026-08-03
MSFT,487.65,2026-08-07,4,Call,520.00,-6.63%,0.51,0.53,0.57,3291,415,7.93,30.51%,39.35%,0.06288,2026-08-03
JBLU,6.23,2026-08-07,4,Call,6.50,-4.33%,0.08,0.1,0.1,3977,502,7.92,61.58%,73.50%,0.305796,2026-08-03
CRWV,85.76,2026-09-18,46,Call,110.00,-28.26%,5.45,5.55,5.7,63362,8011,7.91,112.95%,105.60%,0.32125,2026-08-03
BLMN,9.04,2026-10-16,74,Put,7.50,-17.04%,0.15,0.41,0.9,3333,424,7.86,84.59%,76.19%,-0.238878,2026-08-03
AMZN,284.02,2026-08-07,4,Put,285.00,+0.35%,5,5.2,5.35,5443,697,7.81,32.92%,39.75%,-0.521717,2026-08-03
BABA,127.3,2026-08-07,4,Call,132.00,-3.69%,1.06,1.08,1.12,1304,167,7.81,48.08%,52.50%,0.263778,2026-08-03
INTU,318.39,2026-08-21,18,Put,300.00,-5.78%,7.8,7.45,9.3,2031,260,7.81,62.64%,59.27%,-0.29968,2026-08-03
VSAT,81.29,2026-08-21,18,Put,60.00,-26.19%,1.05,1.5,1.8,1349,173,7.8,110.95%,128.06%,-0.112028,2026-08-03
WULF,18.83,2026-08-21,18,Call,19.50,-3.56%,1.52,1.52,1.72,793,102,7.77,108.28%,118.24%,0.486428,2026-08-03
NBIS,212.58,2026-08-07,4,Put,195.00,-8.27%,7.2,7.49,7.7,3858,497,7.76,140.81%,172.04%,-0.28389,2026-08-03
AAPL,303.42,2026-08-05,2,Call,300.00,+1.13%,4.8,4.97,5.5,4439,573,7.75,27.49%,34.90%,0.676749,2026-08-03
ORCL,141.85,2026-08-07,4,Call,142.00,-0.11%,4.5,4.66,4.65,5065,656,7.72,74.50%,78.20%,0.512288,2026-08-03
ABT,107.12,2026-08-21,18,Call,113.00,-5.49%,0.75,0.82,0.95,886,115,7.7,28.71%,29.42%,0.218731,2026-08-03
SOFI,18.03,2026-09-04,32,Call,22.00,-22.02%,0.15,0.15,0.17,1017,132,7.7,51.85%,53.15%,0.121943,2026-08-03
VZ,47.36,2026-08-07,4,Call,48.50,-2.41%,0.19,0.23,0.26,891,116,7.68,25.41%,32.13%,0.242885,2026-08-03
HL,14.43,2026-08-07,4,Call,14.50,-0.49%,0.6,0.64,0.67,2171,284,7.64,73.02%,110.45%,0.507688,2026-08-03
GOOGL,373.51,2026-08-14,11,Put,360.00,-3.62%,3.3,3.7,3.9,1152,151,7.63,33.76%,34.88%,-0.256694,2026-08-03
SKHY,142.72,2026-08-07,4,Call,140.00,+1.91%,9.8,10,10.2,3097,406,7.63,113.95%,144.84%,0.581355,2026-08-03
BHP,83.5,2026-09-18,46,Put,62.50,-25.15%,0.2,0.25,0.45,975,129,7.56,41.12%,51.30%,-0.047931,2026-08-03
MU,829.5,2026-08-05,2,Call,860.00,-3.68%,14.5,14.57,15,1111,147,7.56,88.82%,109.39%,0.343433,2026-08-03
LAES,2.51,2026-08-28,25,Call,3.00,-19.52%,0.05,0.1,0.2,997,132,7.55,101.38%,107.86%,0.314933,2026-08-03
AAOI,110.21,2026-08-14,11,Call,150.00,-36.10%,3.5,3.9,3.9,1048,139,7.54,149.13%,184.93%,0.21292,2026-08-03
SEDG,45.12,2026-08-07,4,Call,50.00,-10.82%,1.69,1.76,1.94,1312,174,7.54,113.40%,189.59%,0.338599,2026-08-03
VPG,91.6,2026-08-21,18,Call,110.00,-20.09%,4,4.8,5,1017,136,7.48,113.15%,128.07%,0.310211,2026-08-03
MCD,265.23,2026-08-07,4,Put,262.50,-1.03%,3.5,3.58,4.15,2213,296,7.48,28.21%,46.14%,-0.405053,2026-08-03
RXT,4.77,2026-08-07,4,Call,5.00,-4.82%,0.2,0.2,0.3,6474,868,7.46,160.33%,173.01%,0.433565,2026-08-03
ORCL,141.85,2026-08-07,4,Call,160.00,-12.80%,0.58,0.58,0.61,26242,3532,7.43,74.50%,86.85%,0.100917,2026-08-03
META,590.24,2026-08-05,2,Call,595.00,-0.81%,6,6.52,6.55,2121,286,7.42,38.89%,47.99%,0.419434,2026-08-03
WMT,110.71,2026-08-14,11,Call,111.00,-0.26%,1.94,2,2.02,2429,328,7.41,32.50%,27.08%,0.494048,2026-08-03
BABA,127.3,2026-08-07,4,Call,140.00,-9.98%,0.18,0.19,0.2,8798,1190,7.39,48.08%,57.11%,0.059373,2026-08-03
AMZN,284.02,2026-11-20,109,Call,380.00,-33.79%,2.36,2.44,2.56,3364,456,7.38,32.92%,36.83%,0.098747,2026-08-03
BHF,61.84,2026-09-18,46,Call,65.00,-5.11%,0,1,2.75,808,110,7.35,32.58%,28.51%,0.346184,2026-08-03
IONQ,38.85,2027-06-17,318,Put,35.00,-9.91%,9.4,10.05,10.6,8752,1191,7.35,103.30%,93.49%,-0.280518,2026-08-03
ASX,36.68,2027-01-15,165,Call,47.50,-29.50%,4.4,4.7,5.2,866,118,7.34,89.26%,83.56%,0.425136,2026-08-03
EOSE,3.75,2026-09-04,32,Call,1.00,+73.33%,2.64,2.78,4.8,910,124,7.34,145.15%,264.63%,0.981367,2026-08-03
MU,829.5,2026-08-05,2,Call,875.00,-5.49%,10.35,10.5,10.85,1188,162,7.33,88.82%,109.46%,0.268858,2026-08-03
MU,829.5,2026-08-05,2,Call,925.00,-11.51%,3,3.25,3.25,922,126,7.32,88.82%,111.11%,0.100018,2026-08-03
GME,19.06,2026-09-18,46,Call,19.00,+0.31%,1.41,1.47,1.61,884,121,7.31,54.65%,56.85%,0.535213,2026-08-03
GME,19.06,2026-10-16,74,Call,15.00,+21.30%,4.15,4.15,5.25,3118,427,7.3,54.65%,73.21%,0.805221,2026-08-03
MSFT,487.65,2026-08-05,2,Call,490.00,-0.48%,4.5,4.6,4.8,8635,1183,7.3,30.51%,39.59%,0.442731,2026-08-03
DKNG,23.5,2026-08-14,11,Call,24.00,-2.13%,1,1.1,1.18,2220,305,7.28,65.22%,79.96%,0.47034,2026-08-03
WIX,56.84,2026-08-21,18,Put,40.00,-29.63%,0.5,0.63,0.7,2096,288,7.28,97.68%,123.09%,-0.076626,2026-08-03
BMNR,17.42,2026-09-04,32,Call,22.00,-26.29%,0.36,0.37,0.51,726,100,7.26,81.93%,82.11%,0.204332,2026-08-03
NOW,114.19,2026-08-07,4,Put,115.00,+0.71%,3.65,3.71,3.85,1696,234,7.25,60.69%,70.05%,-0.522114,2026-08-03
NVDA,206.64,2026-08-07,4,Call,187.50,+9.26%,17.35,20.4,20.25,2602,359,7.25,41.35%,84.70%,0.873761,2026-08-03
MU,829.5,2026-08-05,2,Call,900.00,-8.50%,5.75,5.95,6,9073,1254,7.24,88.82%,110.07%,0.168986,2026-08-03
AMZN,284.02,2026-08-07,4,Call,300.00,-5.63%,0.71,0.72,0.74,25595,3542,7.23,32.92%,42.98%,0.117938,2026-08-03
NVO,47.09,2026-08-21,18,Put,44.00,-6.56%,0.81,0.95,0.94,1273,176,7.23,45.15%,50.58%,-0.258535,2026-08-03
PINS,24.16,2026-08-28,25,Call,28.00,-15.89%,0.55,0.63,0.84,722,100,7.22,73.05%,75.73%,0.263472,2026-08-03
COHR,288.14,2026-08-21,18,Call,380.00,-31.88%,5.4,6.62,6.8,1471,204,7.21,109.58%,115.40%,0.172369,2026-08-03
NVDA,206.64,2026-09-04,32,Put,210.00,+1.63%,12,12.5,12.4,1030,143,7.2,41.35%,43.64%,-0.517626,2026-08-03
ARM,239.06,2026-08-07,4,Call,280.00,-17.13%,1.07,1.13,1.19,1195,166,7.2,86.14%,109.11%,0.092854,2026-08-03
EOSE,3.75,2026-09-04,32,Call,0.50,+86.67%,3.05,3.3,5.3,1205,168,7.17,145.15%,460.42%,0.984696,2026-08-03
INTC,91,2026-08-07,4,Put,79.00,-13.19%,0.46,0.47,0.48,2858,399,7.16,81.59%,107.33%,-0.093805,2026-08-03
AI,9.73,2026-08-07,4,Call,9.00,+7.50%,0.74,0.78,0.89,5123,720,7.12,78.60%,83.06%,0.827704,2026-08-03
KVYO,18.1,2026-09-18,46,Call,22.50,-24.31%,0.75,0.95,1.05,2043,289,7.07,96.41%,87.07%,0.296533,2026-08-03
QCOM,151.57,2026-08-21,18,Call,152.50,-0.61%,7.05,7.5,7.9,1038,147,7.06,57.06%,58.68%,0.508519,2026-08-03
GLXY,21.88,2026-08-21,18,Call,22.00,-0.55%,2.05,2.09,2.28,1091,155,7.04,109.66%,113.86%,0.544533,2026-08-03
SPCX,114.53,2026-08-07,4,Call,100.00,+12.69%,17.6,17.94,18.6,3716,528,7.04,114.99%,201.65%,0.773432,2026-08-03
GME,19.06,2026-08-07,4,Call,20.00,-4.93%,0.21,0.22,0.23,13885,1980,7.01,54.65%,70.38%,0.266777,2026-08-03
PLTR,125.65,2026-08-14,11,Call,115.00,+8.48%,14.05,14.3,14.75,869,124,7.01,69.95%,94.61%,0.735033,2026-08-03
FCX,63.64,2026-08-14,11,Call,65.00,-2.14%,1.73,1.86,1.95,1467,210,6.99,52.97%,54.79%,0.433855,2026-08-03
RBLX,36.67,2026-08-07,4,Call,38.00,-3.63%,0.63,0.76,0.79,2070,296,6.99,70.12%,80.85%,0.354201,2026-08-03
SOFI,18.03,2026-08-07,4,Call,18.50,-2.61%,0.25,0.26,0.26,28707,4116,6.97,51.85%,58.88%,0.351853,2026-08-03
TSLA,322.08,2026-08-07,4,Put,310.00,-3.75%,2.44,2.48,2.49,14186,2037,6.96,45.15%,52.44%,-0.232597,2026-08-03
MU,829.5,2026-08-05,2,Call,845.00,-1.87%,19.75,20.49,20.4,1092,157,6.96,88.82%,109.47%,0.426382,2026-08-03
ENTG,125.2,2026-08-21,18,Call,135.00,-7.83%,6.2,7.2,8.1,1498,216,6.94,95.71%,98.37%,0.40963,2026-08-03
NVDA,206.64,2026-08-05,2,Put,200.00,-3.21%,0.57,0.6,0.6,19217,2773,6.93,41.35%,45.13%,-0.158869,2026-08-03
SNAP,5.04,2026-08-07,4,Call,6.00,-19.05%,0.15,0.15,0.16,46119,6669,6.92,93.05%,214.76%,0.254158,2026-08-03
MO,68.26,2027-01-15,165,Put,62.50,-8.44%,2.29,2.54,2.59,7610,1102,6.91,27.39%,26.33%,-0.289732,2026-08-03
CRWD,202.54,2026-08-07,4,Call,207.50,-2.45%,3.6,3.7,3.9,1341,194,6.91,64.22%,68.58%,0.383763,2026-08-03
GOOG,372.47,2026-08-07,4,Call,415.00,-11.42%,0.15,0.16,0.16,925,134,6.9,33.27%,50.29%,0.021673,2026-08-03
MU,829.5,2026-08-05,2,Put,750.00,-9.58%,4.45,4.57,4.55,3327,482,6.9,88.82%,120.24%,-0.119295,2026-08-03
MU,829.5,2026-08-05,2,Call,880.00,-6.09%,9.2,9.42,9.7,792,115,6.89,88.82%,109.51%,0.246277,2026-08-03
KO,86.86,2026-08-14,11,Put,88.00,+1.31%,1.84,1.95,1.98,768,112,6.86,21.36%,21.12%,-0.629147,2026-08-03
TSLA,322.08,2026-08-05,2,Call,310.00,+3.75%,13.2,13.29,13.6,12255,1792,6.84,45.15%,56.11%,0.827921,2026-08-03
PLTR,125.65,2026-08-07,4,Put,92.00,-26.78%,0.12,0.13,0.15,1054,154,6.84,69.95%,147.84%,-0.018143,2026-08-03
PLTR,125.65,2026-08-07,4,Call,142.00,-13.01%,2.46,2.46,2.5,4190,615,6.81,69.95%,146.52%,0.236269,2026-08-03
MSFT,487.65,2026-09-18,46,Put,475.00,-2.59%,14.3,14.68,14.9,729,107,6.81,30.51%,30.81%,-0.373363,2026-08-03
IONQ,38.85,2026-08-14,11,Call,44.00,-13.26%,1.34,1.48,1.63,843,124,6.8,103.30%,120.80%,0.314328,2026-08-03
PDD,90.15,2026-08-28,25,Call,100.00,-10.93%,0.96,1.08,1.15,1936,285,6.79,39.55%,42.74%,0.197949,2026-08-03
CIFR,24.16,2028-01-21,536,Put,15.00,-37.91%,3.3,5,7,2500,368,6.79,123.91%,109.57%,-0.146469,2026-08-03
FLUT,105.96,2026-08-21,18,Put,95.00,-10.34%,2.7,2.75,2.85,1769,261,6.78,61.72%,78.50%,-0.234982,2026-08-03
TMDX,81.55,2026-08-21,18,Put,75.00,-8.03%,4.1,4.55,5.7,2572,380,6.77,89.58%,112.71%,-0.320696,2026-08-03
SBUX,103.37,2026-08-21,18,Call,107.00,-3.51%,1.16,1.3,1.3,3066,453,6.77,29.14%,28.34%,0.305666,2026-08-03
BROS,64.98,2026-08-07,4,Call,75.00,-15.42%,0.7,0.89,1.05,723,107,6.76,65.56%,139.12%,0.181612,2026-08-03
JD,33.02,2026-08-21,18,Put,30.00,-9.15%,0.24,0.24,0.28,4174,618,6.75,38.85%,42.64%,-0.152809,2026-08-03
MU,829.5,2026-08-05,2,Put,775.00,-6.57%,8.15,8.4,8.55,915,136,6.73,88.82%,115.91%,-0.20127,2026-08-03
SRPT,15.88,2026-08-07,4,Call,15.00,+5.54%,1.05,1.03,1.6,1029,153,6.73,99.14%,125.10%,0.692835,2026-08-03
CRWD,202.54,2026-09-04,32,Put,185.00,-8.66%,4.7,8.51,12.35,1378,205,6.72,64.22%,70.01%,-0.289797,2026-08-03
FSLR,232.73,2026-08-21,18,Call,270.00,-16.01%,6.8,7.5,8,4644,691,6.72,83.67%,93.95%,0.274529,2026-08-03
META,590.24,2026-08-05,2,Put,580.00,-1.73%,3.8,3.8,4.25,2913,434,6.71,38.89%,47.31%,-0.300913,2026-08-03
QCOM,151.57,2026-08-07,4,Call,148.00,+2.36%,6,6.05,6.4,859,128,6.71,57.06%,66.57%,0.647438,2026-08-03
TSLA,322.08,2026-08-21,18,Call,322.50,-0.13%,13.15,13.21,13.35,2183,326,6.7,45.15%,46.19%,0.522344,2026-08-03
MRVL,193.77,2026-08-14,11,Call,220.00,-13.54%,4.3,4.51,4.6,4763,712,6.69,96.40%,95.90%,0.250484,2026-08-03
AMD,484.64,2026-08-07,4,Put,320.00,-33.97%,0.05,0.15,0.2,1852,277,6.69,78.90%,157.88%,-0.004718,2026-08-03
MSFT,487.65,2026-08-07,4,Call,510.00,-4.58%,1.27,1.33,1.41,3920,588,6.67,30.51%,38.25%,0.13757,2026-08-03
AXTI,68.67,2026-12-18,137,Call,120.00,-74.75%,11.7,12.15,13.2,1032,155,6.66,148.48%,144.36%,0.431465,2026-08-03
AMD,484.64,2026-08-07,4,Put,407.50,-15.92%,2.65,2.67,2.87,1049,158,6.64,78.90%,128.41%,-0.086971,2026-08-03
NBIS,212.58,2026-10-16,74,Put,190.00,-10.62%,33.55,32.85,35.65,3011,454,6.63,140.81%,128.20%,-0.310943,2026-08-03
AMAT,518.21,2027-03-19,228,Call,"1,000.00",-92.97%,24.2,26.35,30.35,822,125,6.58,87.46%,72.96%,0.207563,2026-08-03
GAP,20.49,2026-08-07,4,Call,21.00,-2.49%,0.19,0.22,0.23,1962,300,6.54,53.97%,48.04%,0.321483,2026-08-03
IONQ,38.85,2026-09-04,32,Call,45.00,-15.83%,2.5,3.03,3.2,712,109,6.53,103.30%,108.30%,0.386721,2026-08-03
IREN,39.75,2026-08-07,4,Call,42.50,-6.92%,1.16,1.21,1.29,2354,361,6.52,123.05%,136.57%,0.346904,2026-08-03
AMZN,284.02,2026-08-10,7,Call,300.00,-5.63%,0.85,1.02,1.05,1792,275,6.52,32.92%,35.09%,0.138329,2026-08-03
DOW,29.89,2026-08-07,4,Put,28.00,-6.32%,0.07,0.12,0.12,859,132,6.51,43.42%,53.06%,-0.114636,2026-08-03
ON,80.4,2026-08-07,4,Put,70.00,-12.94%,0.9,0.94,0.94,1282,197,6.51,87.17%,135.46%,-0.146771,2026-08-03
AXTI,68.67,2026-08-07,4,Call,75.00,-9.22%,2.6,3,3.5,1677,258,6.5,148.48%,188.81%,0.364914,2026-08-03
NVDA,206.64,2026-09-04,32,Call,270.00,-30.66%,0.26,0.35,0.4,889,137,6.49,41.35%,46.30%,0.031323,2026-08-03
CELH,28.23,2026-08-07,4,Put,28.50,+0.96%,1.73,1.89,1.92,787,122,6.45,76.75%,142.98%,-0.494671,2026-08-03
GEMI,3.99,2026-08-07,4,Call,4.00,-0.25%,0.15,0.18,0.2,1502,233,6.45,118.86%,107.47%,0.514971,2026-08-03
BA,233.49,2028-12-15,865,Put,230.00,-1.49%,37,39.8,42.65,1000,156,6.41,34.37%,32.60%,-0.364506,2026-08-03
MSFT,487.65,2026-08-12,9,Put,455.00,-6.70%,0.97,1.16,1.48,736,115,6.4,30.51%,34.83%,-0.095681,2026-08-03
RDDT,154.71,2027-01-15,165,Put,220.00,+42.20%,71.5,73.53,74.2,2503,391,6.4,67.01%,65.95%,-0.718774,2026-08-03
DKNG,23.5,2026-08-07,4,Call,24.50,-4.26%,0.65,0.65,0.78,958,150,6.39,65.22%,114.10%,0.387477,2026-08-03
SIRI,30.37,2026-08-07,4,Put,30.00,-1.22%,0.27,0.31,0.34,638,100,6.38,34.39%,37.06%,-0.368418,2026-08-03
LRCX,294.61,2027-06-17,318,Put,160.00,-45.69%,14.65,16.25,18.3,702,110,6.38,83.06%,79.67%,-0.109296,2026-08-03
AAOI,110.21,2026-08-14,11,Call,110.00,+0.19%,13.6,14.05,15,738,116,6.36,149.13%,186.27%,0.567873,2026-08-03
W,89.31,2026-09-18,46,Put,82.50,-7.63%,5.25,5.51,6.4,1062,167,6.36,79.92%,73.96%,-0.327062,2026-08-03
SOFI,18.03,2026-09-11,39,Call,20.00,-10.93%,0.5,0.55,0.57,1046,165,6.34,51.85%,51.08%,0.303644,2026-08-03
NN,13.24,2026-08-07,4,Call,15.00,-13.29%,0.05,0.45,0.65,4734,748,6.33,120.42%,168.25%,0.268162,2026-08-03
HIMS,30.82,2026-09-18,46,Call,44.00,-42.76%,1.01,1.1,1.13,695,110,6.32,101.28%,99.13%,0.205386,2026-08-03
META,590.24,2026-08-05,2,Call,585.00,+0.89%,10.3,11.39,12.45,831,132,6.3,38.89%,48.62%,0.606722,2026-08-03
TSLA,322.08,2026-08-07,4,Put,320.00,-0.65%,5.9,6,6,12822,2039,6.29,45.15%,52.17%,-0.439605,2026-08-03
AMZN,284.02,2026-09-18,46,Put,285.00,+0.35%,12.65,12.85,13.05,1097,175,6.27,32.92%,32.16%,-0.477482,2026-08-03
MRVL,193.77,2026-10-16,74,Call,210.00,-8.38%,25.7,26.2,27.25,883,141,6.26,96.40%,92.94%,0.513604,2026-08-03
APLD,29.49,2026-08-07,4,Call,31.50,-6.82%,0.7,0.72,0.78,1001,160,6.26,105.64%,120.81%,0.324526,2026-08-03
KTOS,49.21,2026-08-07,4,Call,57.00,-15.83%,0.45,0.53,0.6,731,117,6.25,82.52%,130.67%,0.1579,2026-08-03
GOOGL,373.51,2026-08-07,4,Put,352.50,-5.63%,0.66,0.69,0.72,1249,200,6.25,33.76%,42.01%,-0.089131,2026-08-03
RBLX,36.67,2026-09-18,46,Call,40.00,-9.08%,2.25,2.39,2.39,6266,1003,6.25,70.12%,68.16%,0.413323,2026-08-03
CELH,28.23,2027-03-19,228,Call,37.50,-32.84%,2.66,3.25,3.55,817,131,6.24,76.75%,64.02%,0.397805,2026-08-03
MSFT,487.65,2026-08-07,4,Put,465.00,-4.64%,1.18,1.24,1.32,1621,260,6.23,30.51%,39.94%,-0.121925,2026-08-03
AAPL,303.42,2026-08-12,9,Call,305.00,-0.52%,4.35,4.7,4.9,1057,170,6.22,27.49%,27.64%,0.468332,2026-08-03
PLTR,125.65,2026-08-07,4,Put,107.00,-14.84%,1.13,1.14,1.15,4202,677,6.21,69.95%,138.98%,-0.119071,2026-08-03
AXTI,68.67,2027-01-15,165,Call,200.00,-191.25%,6.1,6.75,7.2,3058,494,6.19,148.48%,139.36%,0.25659,2026-08-03
SPCX,114.53,2026-08-07,4,Put,96.00,-16.18%,2.4,2.44,2.5,2186,354,6.18,114.99%,200.69%,-0.171845,2026-08-03
AAPL,303.42,2026-08-21,18,Call,307.50,-1.34%,5.7,5.68,5.95,2857,462,6.18,27.49%,27.68%,0.436221,2026-08-03
QCOM,151.57,2026-08-07,4,Call,152.50,-0.61%,3.65,3.7,3.9,1663,269,6.18,57.06%,66.41%,0.479413,2026-08-03
CVX,193.18,2026-08-14,11,Put,190.00,-1.65%,2.33,2.43,2.66,987,160,6.17,28.10%,29.26%,-0.362002,2026-08-03
IOT,37.13,2026-08-07,4,Call,39.50,-6.38%,0.25,0.5,0.5,1030,167,6.17,74.07%,75.24%,0.229284,2026-08-03
MSFT,487.65,2026-09-18,46,Put,465.00,-4.64%,10.9,10.93,11.4,1114,181,6.15,30.51%,31.33%,-0.304264,2026-08-03
TE,4.94,2026-08-14,11,Put,4.50,-8.91%,0.3,0.4,0.45,1715,279,6.15,158.34%,175.21%,-0.322089,2026-08-03
DELL,429.02,2026-08-07,4,Call,485.00,-13.05%,2.45,2.5,2.6,2699,439,6.15,89.72%,96.49%,0.122908,2026-08-03
AAOI,110.21,2026-08-07,4,Call,120.00,-8.88%,7.4,7.5,7.6,8705,1416,6.15,149.13%,244.96%,0.419891,2026-08-03
ON,80.4,2026-08-07,4,Call,90.00,-11.94%,1.44,1.45,1.45,1301,212,6.14,87.17%,134.63%,0.233565,2026-08-03
AMD,484.64,2026-08-05,2,Call,570.00,-17.61%,2.24,2.29,2.35,1513,247,6.13,78.90%,157.49%,0.091486,2026-08-03
UBER,71.61,2026-08-14,11,Call,74.00,-3.34%,1.8,1.84,1.87,888,145,6.12,44.44%,56.42%,0.391606,2026-08-03
NOW,114.19,2026-08-07,4,Put,117.00,+2.46%,4.8,4.25,5.05,1150,188,6.12,60.69%,69.63%,-0.615289,2026-08-03
GOOGL,373.51,2026-08-28,25,Call,440.00,-17.80%,0.57,0.68,0.75,801,131,6.11,33.76%,35.86%,0.047055,2026-08-03
MU,829.5,2026-08-05,2,Put,815.00,-1.75%,20.15,20.45,20.7,808,133,6.08,88.82%,111.74%,-0.398743,2026-08-03
PLTR,125.65,2026-08-07,4,Put,112.00,-10.86%,2.09,2.12,2.17,3025,498,6.07,69.95%,139.89%,-0.194613,2026-08-03
META,590.24,2026-08-05,2,Call,610.00,-3.35%,2.2,2.3,2.39,3527,581,6.07,38.89%,50.02%,0.193218,2026-08-03
AMZN,284.02,2026-08-12,9,Call,180.00,+36.62%,102.75,105.6,106.05,880,145,6.07,32.92%,131.48%,0.989731,2026-08-03
AMZN,284.02,2026-08-05,2,Put,272.50,-4.06%,0.38,0.39,0.4,1488,245,6.07,32.92%,42.78%,-0.091912,2026-08-03
BA,233.49,2026-08-07,4,Put,230.00,-1.49%,2.29,2.35,2.46,1900,313,6.07,34.37%,40.04%,-0.351606,2026-08-03
AMD,484.64,2026-08-05,2,Put,390.00,-19.53%,0.66,0.72,0.79,703,116,6.06,78.90%,162.23%,-0.030693,2026-08-03
RDDT,154.71,2026-10-16,74,Put,100.00,-35.36%,1.28,1.48,1.79,1255,207,6.06,67.01%,71.62%,-0.062289,2026-08-03
RXT,4.77,2026-08-14,11,Call,5.00,-4.82%,0.45,0.47,0.5,1498,247,6.06,160.33%,172.32%,0.498316,2026-08-03
CRWV,85.76,2026-08-07,4,Put,77.00,-10.21%,1.32,1.35,1.42,1962,324,6.06,112.95%,131.19%,-0.196032,2026-08-03
AI,9.73,2026-08-14,11,Call,10.00,-2.77%,0.37,0.37,0.4,3314,548,6.05,78.60%,73.86%,0.443994,2026-08-03
META,590.24,2026-08-21,18,Put,465.00,-21.22%,0.23,0.31,0.34,3737,618,6.05,38.89%,49.27%,-0.012281,2026-08-03
SOFI,18.03,2026-08-07,4,Put,17.00,-5.71%,0.11,0.11,0.12,30121,4991,6.04,51.85%,62.70%,-0.175021,2026-08-03
RXT,4.77,2026-08-21,18,Call,5.50,-15.30%,0.4,0.45,0.8,621,103,6.03,160.33%,203.46%,0.465989,2026-08-03
HOOD,90.34,2026-08-14,11,Call,98.00,-8.48%,1.62,2.01,1.97,965,160,6.03,68.36%,71.01%,0.277648,2026-08-03
IREN,39.75,2026-08-14,11,Put,36.50,-8.18%,1.8,1.94,2.06,1030,171,6.02,123.05%,126.03%,-0.307274,2026-08-03
MRK,127.77,2026-08-07,4,Call,128.00,-0.18%,2.8,3.2,3.25,757,126,6.01,34.70%,58.67%,0.501137,2026-08-03
PLTR,125.65,2026-08-14,11,Call,200.00,-59.17%,0.09,0.13,0.14,2573,429,6,69.95%,115.92%,0.013781,2026-08-03
AMSC,30.99,2026-08-21,18,Call,35.00,-12.94%,1.7,1.85,1.95,809,135,5.99,103.45%,118.45%,0.372831,2026-08-03
PLTR,125.65,2026-08-07,4,Call,141.00,-12.22%,2.67,2.71,2.71,4360,729,5.98,69.95%,146.81%,0.251218,2026-08-03
TSLA,322.08,2026-08-05,2,Call,332.50,-3.24%,1.86,1.89,1.91,5409,904,5.98,45.15%,58.01%,0.237158,2026-08-03
TTE,87.2,2026-08-21,18,Put,82.50,-5.39%,0.25,0.42,0.45,2502,419,5.97,23.99%,24.08%,-0.143062,2026-08-03
DKNG,23.5,2026-08-07,4,Put,22.00,-6.38%,0.49,0.62,0.59,2687,450,5.97,65.22%,119.99%,-0.277346,2026-08-03
SPGI,416.25,2026-10-16,74,Call,420.00,-0.90%,20.9,23.17,24.2,699,117,5.97,31.92%,31.11%,0.517479,2026-08-03
HPE,50.24,2026-08-07,4,Call,49.50,+1.47%,2.17,2.33,2.44,830,139,5.97,82.87%,91.51%,0.581411,2026-08-03
SAP,189.65,2026-08-07,4,Call,200.00,-5.46%,0.75,1.2,1.35,637,107,5.95,45.16%,54.50%,0.182853,2026-08-03
RBLX,36.67,2026-08-07,4,Call,37.00,-0.90%,1,1.08,1.11,1898,319,5.95,70.12%,78.44%,0.474798,2026-08-03
SPCX,114.53,2026-08-07,4,Call,112.00,+2.21%,10.8,11.01,11.4,5840,982,5.95,114.99%,206.76%,0.584445,2026-08-03
MU,829.5,2026-08-05,2,Put,800.00,-3.56%,14.7,14.9,15.15,3028,511,5.93,88.82%,113.18%,-0.316959,2026-08-03
SKHY,142.72,2026-10-16,74,Call,180.00,-26.12%,14.7,15.8,15.7,900,152,5.92,113.95%,104.57%,0.404557,2026-08-03
MCD,265.23,2026-08-14,11,Put,250.00,-5.74%,1.03,0.78,1.78,591,100,5.91,28.21%,35.41%,-0.159341,2026-08-03
TSM,406.11,2026-08-07,4,Call,435.00,-7.11%,1.45,1.58,1.64,3326,564,5.9,47.72%,56.74%,0.130927,2026-08-03
MU,829.5,2026-08-05,2,Call,835.00,-0.66%,24.05,24.2,24.7,1513,257,5.89,88.82%,109.74%,0.484701,2026-08-03
MU,829.5,2026-08-05,2,Put,735.00,-11.39%,2.9,3.03,3.15,616,105,5.87,88.82%,122.94%,-0.084304,2026-08-03
GLXY,21.88,2026-08-14,11,Put,20.00,-8.59%,0.72,1.15,1.15,662,113,5.86,109.66%,118.99%,-0.293632,2026-08-03
HOOD,90.34,2026-08-14,11,Call,96.00,-6.27%,2.31,2.37,2.51,1390,237,5.86,68.36%,72.51%,0.340461,2026-08-03
META,590.24,2026-08-14,11,Call,585.00,+0.89%,19.55,20.81,20.55,720,123,5.85,38.89%,41.77%,0.568562,2026-08-03
INTC,91,2026-08-05,2,Put,86.00,-5.49%,0.93,0.96,0.99,1444,247,5.85,81.59%,106.27%,-0.223708,2026-08-03
NIO,4.81,2026-09-18,46,Call,6.00,-24.74%,0.12,0.13,0.13,24284,4148,5.85,59.82%,66.96%,0.2143,2026-08-03
ORCL,141.85,2026-08-07,4,Call,152.50,-7.51%,1.39,1.49,1.49,2811,483,5.82,74.50%,82.67%,0.214572,2026-08-03
USAR,15.86,2026-08-14,11,Call,18.50,-16.65%,0.36,0.41,0.45,867,149,5.82,105.51%,111.57%,0.244281,2026-08-03
MSTR,94.86,2026-09-04,32,Put,50.00,-47.29%,0.29,0.35,0.49,604,104,5.81,74.13%,123.35%,-0.025938,2026-08-03
CRWD,202.54,2026-08-14,11,Put,175.00,-13.60%,0.88,1.28,1.03,703,121,5.81,64.22%,64.96%,-0.086699,2026-08-03
W,89.31,2026-09-18,46,Call,85.00,+4.83%,10.15,11.25,12.9,1062,183,5.8,79.92%,73.11%,0.632465,2026-08-03
NVDA,206.64,2026-08-05,2,Call,217.50,-5.26%,0.22,0.22,0.24,9181,1583,5.8,41.35%,46.87%,0.072949,2026-08-03
TSLA,322.08,2026-08-05,2,Call,357.50,-11.00%,0.17,0.18,0.19,943,163,5.79,45.15%,72.42%,0.027701,2026-08-03
GILD,131.15,2026-08-07,4,Call,139.00,-5.99%,0.78,1.04,1.2,1118,193,5.79,37.35%,64.61%,0.20495,2026-08-03
NBIS,212.58,2026-12-18,137,Call,420.00,-97.57%,19.25,22.85,22.45,600,104,5.77,140.81%,120.19%,0.295618,2026-08-03
ANF,108.82,2026-08-07,4,Call,90.00,+17.29%,17,15.62,19.7,633,110,5.75,61.14%,61.62%,0.998476,2026-08-03
AAL,16.04,2026-08-21,18,Call,16.50,-2.87%,0.45,0.49,0.5,8648,1504,5.75,49.86%,47.02%,0.415104,2026-08-03
NVDA,206.64,2026-08-14,11,Put,207.50,+0.42%,5.85,5.94,6,2474,432,5.73,41.35%,38.90%,-0.506718,2026-08-03
ET,20.28,2026-08-21,18,Put,20.00,-1.38%,0.34,0.43,0.47,5055,882,5.73,22.30%,29.28%,-0.40971,2026-08-03
CVX,193.18,2026-08-14,11,Put,187.50,-2.94%,1.51,1.67,1.8,691,121,5.71,28.10%,29.20%,-0.269278,2026-08-03
MU,829.5,2026-08-05,2,Call,935.00,-12.72%,2.28,2.57,2.5,771,135,5.71,88.82%,111.46%,0.079631,2026-08-03
AVGO,392.23,2026-08-05,2,Call,397.50,-1.34%,4.2,4.6,4.85,593,104,5.7,53.38%,58.45%,0.388517,2026-08-03
ORCL,141.85,2026-08-14,11,Put,137.00,-3.42%,4.25,4.45,4.6,878,154,5.7,74.50%,68.44%,-0.360403,2026-08-03
AMD,484.64,2026-08-05,2,Call,480.00,+0.96%,23.75,23.92,24.3,916,161,5.69,78.90%,151.57%,0.557103,2026-08-03
NVO,47.09,2026-08-07,4,Put,46.50,-1.25%,1.17,1.25,1.26,949,167,5.68,45.15%,75.97%,-0.422966,2026-08-03
SCHW,105.87,2026-08-21,18,Call,107.00,-1.07%,1.65,1.65,1.73,1749,308,5.68,24.39%,22.87%,0.436146,2026-08-03
BMNR,17.42,2026-09-18,46,Call,23.00,-32.03%,0.58,0.61,0.65,7255,1282,5.66,81.93%,86.13%,0.229075,2026-08-03
ORCL,141.85,2026-08-07,4,Put,131.00,-7.65%,0.85,0.88,0.99,1364,241,5.66,74.50%,76.64%,-0.150371,2026-08-03
BE,218.32,2026-08-14,11,Put,175.00,-19.84%,4.5,5,5.2,1691,299,5.66,125.17%,142.52%,-0.153463,2026-08-03
MS,211.23,2026-08-07,4,Call,222.50,-5.34%,0.19,0.28,0.34,740,131,5.65,32.16%,34.46%,0.078137,2026-08-03
RDDT,154.71,2026-08-07,4,Call,175.00,-13.11%,0.51,0.59,0.73,882,156,5.65,67.01%,87.21%,0.096818,2026-08-03
RCAT,8.26,2026-09-18,46,Call,10.00,-21.07%,0.75,0.77,0.83,2838,502,5.65,116.78%,116.35%,0.403215,2026-08-03
NVDA,206.64,2026-08-05,2,Call,205.00,+0.79%,3.55,3.58,3.65,36943,6537,5.65,41.35%,44.09%,0.604778,2026-08-03
PLTR,125.65,2026-08-07,4,Call,135.00,-7.44%,4.2,4.25,4.3,20539,3640,5.64,69.95%,148.33%,0.351187,2026-08-03
META,590.24,2026-08-07,4,Put,555.00,-5.97%,1.18,1.28,1.49,2154,382,5.64,38.89%,46.39%,-0.096992,2026-08-03
BP,44.26,2026-08-07,4,Put,42.50,-3.98%,0.21,0.31,0.33,659,117,5.63,34.35%,48.83%,-0.206613,2026-08-03
SNAP,5.04,2026-08-14,11,Call,6.50,-28.97%,0.11,0.13,0.13,5358,952,5.63,93.05%,145.86%,0.191103,2026-08-03
UPS,106.87,2026-08-14,11,Put,100.00,-6.43%,0.01,0.28,0.34,662,118,5.61,28.55%,26.95%,-0.076388,2026-08-03
RDDT,154.71,2026-08-07,4,Call,155.00,-0.19%,4.65,5.26,5.7,2727,486,5.61,67.01%,81.82%,0.510212,2026-08-03
AMZN,284.02,2026-08-05,2,Call,267.50,+5.82%,16.15,17.59,16.95,2848,509,5.6,32.92%,73.46%,0.871384,2026-08-03
SPCX,114.53,2026-08-21,18,Call,114.00,+0.46%,13.2,13.65,14.2,944,169,5.59,114.99%,132.28%,0.567005,2026-08-03
MU,829.5,2026-08-05,2,Call,855.00,-3.07%,16.1,16.35,16.7,941,169,5.57,88.82%,109.46%,0.370379,2026-08-03
ADBE,251.34,2027-01-15,165,Call,275.00,-9.41%,25.6,27,28.55,2218,398,5.57,56.00%,51.38%,0.484965,2026-08-03
TSLA,322.08,2026-08-07,4,Put,312.50,-2.97%,3.1,3.2,3.2,3141,566,5.55,45.15%,52.45%,-0.27967,2026-08-03
ZM,98.25,2026-08-07,4,Call,101.00,-2.80%,1,1.14,1.2,888,160,5.55,51.31%,52.75%,0.320906,2026-08-03
TSEM,234.32,2026-09-18,46,Call,300.00,-28.03%,12.8,12.8,13.3,1666,300,5.55,104.53%,98.32%,0.29873,2026-08-03
AZN,157.97,2026-08-21,18,Put,150.00,-5.05%,1.65,1.82,2.2,1416,256,5.53,33.33%,35.79%,-0.24742,2026-08-03
META,590.24,2026-08-07,4,Put,590.00,-0.04%,10.65,10.97,11.5,2947,533,5.53,38.89%,45.81%,-0.484646,2026-08-03
DOCS,21.66,2026-08-21,18,Call,22.50,-3.88%,2,2.07,2.1,12154,2196,5.53,101.01%,124.70%,0.502993,2026-08-03
GME,19.06,2026-08-07,4,Call,21.00,-10.18%,0.09,0.1,0.1,4542,826,5.5,54.65%,78.47%,0.126244,2026-08-03
ASTS,63.52,2026-08-07,4,Put,51.00,-19.71%,0.05,0.14,0.18,1071,195,5.49,112.70%,119.92%,-0.034812,2026-08-03
TSLA,322.08,2026-08-07,4,Put,325.00,+0.91%,8.5,8.6,8.65,5864,1070,5.48,45.15%,52.44%,-0.552274,2026-08-03
RSI,28.16,2026-10-16,74,Call,35.00,-24.29%,0.35,0.45,0.5,679,124,5.48,45.32%,42.92%,0.161176,2026-08-03
AMZN,284.02,2026-08-05,2,Call,230.00,+19.02%,53.6,55.5,54.6,1172,214,5.48,32.92%,111.13%,0.99544,2026-08-03
AAPL,303.42,2026-08-10,7,Call,320.00,-5.46%,0.6,0.7,0.8,1437,262,5.48,27.49%,30.84%,0.113171,2026-08-03
INTC,91,2026-08-05,2,Call,89.00,+2.20%,3.75,3.9,3.95,1050,192,5.47,81.59%,102.57%,0.630392,2026-08-03
AMD,484.64,2026-08-05,2,Put,400.00,-17.46%,1.07,1.13,1.16,1430,262,5.46,78.90%,159.01%,-0.045409,2026-08-03
AA,44.84,2026-08-07,4,Put,43.00,-4.10%,0.32,0.32,0.44,1486,272,5.46,52.85%,57.71%,-0.233191,2026-08-03
META,590.24,2026-08-07,4,Put,560.00,-5.12%,1.87,1.95,2.2,2631,483,5.45,38.89%,46.99%,-0.135585,2026-08-03
SMR,9.01,2026-08-07,4,Put,8.50,-5.66%,0.34,0.35,0.35,4813,885,5.44,107.29%,154.73%,-0.328923,2026-08-03
PLTR,125.65,2026-08-07,4,Call,157.50,-25.35%,0.65,0.68,0.68,1834,337,5.44,69.95%,146.01%,0.080894,2026-08-03
AAPL,303.42,2026-08-10,7,Call,310.00,-2.17%,2.14,2.2,2.35,4196,773,5.43,27.49%,28.19%,0.30356,2026-08-03
TSLA,322.08,2026-08-07,4,Call,342.50,-6.34%,1.45,1.46,1.48,2906,536,5.42,45.15%,55.61%,0.153826,2026-08-03
MU,829.5,2026-08-05,2,Put,810.00,-2.35%,18.2,18,18.7,1111,205,5.42,88.82%,112.20%,-0.370694,2026-08-03
NVDA,206.64,2026-08-14,11,Call,212.50,-2.84%,3.3,3.3,3.35,9087,1679,5.41,41.35%,39.40%,0.359072,2026-08-03
ZIM,26.07,2026-08-07,4,Call,27.00,-3.57%,0,0.19,0.25,653,121,5.4,57.18%,39.80%,0.207954,2026-08-03
GOOG,372.47,2026-08-07,4,Put,362.50,-2.68%,2.14,2.36,2.36,808,150,5.39,33.27%,39.06%,-0.244417,2026-08-03
CBRS,219.97,2026-08-14,11,Call,230.00,-4.56%,16.5,17.2,19.6,611,114,5.36,122.77%,145.56%,0.481731,2026-08-03
NBIS,212.58,2026-08-07,4,Call,217.50,-2.31%,12.4,12.85,13,1140,213,5.35,140.81%,167.21%,0.483668,2026-08-03
MU,829.5,2026-08-07,4,Call,810.00,+2.35%,48.25,50,49.8,1592,298,5.34,88.82%,111.98%,0.604452,2026-08-03
NBIS,212.58,2026-08-14,11,Put,90.00,-57.66%,0.15,0.18,0.27,7249,1357,5.34,140.81%,218.81%,-0.007043,2026-08-03
SOFI,18.03,2026-08-07,4,Call,17.50,+2.94%,0.75,0.76,0.78,32090,6021,5.33,51.85%,60.15%,0.695576,2026-08-03
LCID,7.7,2026-11-20,109,Call,18.00,-133.77%,0.01,0.15,0.21,2524,476,5.3,121.95%,91.32%,0.076493,2026-08-03
AMZN,284.02,2026-08-14,11,Call,305.00,-7.39%,1.1,1.21,1.27,2682,508,5.28,32.92%,35.81%,0.136157,2026-08-03
IRDM,48.32,2026-08-21,18,Call,55.00,-13.82%,0.15,0.35,0.35,4941,935,5.28,44.24%,45.39%,0.110656,2026-08-03
AAPL,303.42,2026-08-07,4,Call,315.00,-3.82%,0.91,0.97,0.98,17081,3236,5.28,27.49%,35.31%,0.162224,2026-08-03
SOFI,18.03,2026-08-07,4,Call,18.00,+0.17%,0.46,0.45,0.48,37128,7051,5.27,51.85%,59.99%,0.525617,2026-08-03
TSLA,322.08,2026-08-05,2,Call,365.00,-13.33%,0.1,0.1,0.11,948,181,5.24,45.15%,77.74%,0.016123,2026-08-03
MU,829.5,2026-08-05,2,Put,715.00,-13.80%,1.63,1.77,1.88,580,111,5.23,88.82%,127.00%,-0.05166,2026-08-03
AMAT,518.21,2027-06-17,318,Put,80.00,-84.56%,0.01,1.24,2.86,1166,224,5.21,87.46%,101.17%,-0.006529,2026-08-03
SNOW,307.53,2026-08-07,4,Put,297.50,-3.26%,5.05,5.59,5.85,588,113,5.2,69.66%,76.71%,-0.323691,2026-08-03
ORCL,141.85,2026-08-28,25,Put,117.00,-17.52%,1.43,1.64,1.74,581,112,5.19,74.50%,67.83%,-0.118583,2026-08-03
RDW,9.64,2026-08-28,25,Call,12.50,-29.67%,0.35,0.4,0.45,586,113,5.19,113.35%,120.37%,0.254799,2026-08-03
INTC,91,2026-08-05,2,Call,94.00,-3.30%,1.49,1.54,1.57,1100,212,5.19,81.59%,101.46%,0.34746,2026-08-03
FCX,63.64,2026-08-21,18,Call,66.00,-3.71%,1.94,2.08,2.11,1511,291,5.19,52.97%,52.79%,0.404705,2026-08-03
AMZN,284.02,2026-08-14,11,Call,290.00,-2.11%,4.45,4.65,4.6,10511,2024,5.19,32.92%,35.22%,0.384989,2026-08-03
MU,829.5,2026-08-05,2,Put,720.00,-13.20%,1.89,1.99,2.13,575,111,5.18,88.82%,125.89%,-0.058467,2026-08-03
PGY,22.24,2026-08-21,18,Put,21.00,-5.58%,0.8,1.04,1.15,1684,325,5.18,74.52%,79.88%,-0.337466,2026-08-03
SOUN,6.1,2026-09-18,46,Put,5.00,-18.03%,0.33,0.33,0.36,3909,756,5.17,102.04%,100.40%,-0.227397,2026-08-03
NOW,114.19,2026-08-07,4,Put,110.00,-3.67%,1.5,1.56,1.58,2286,443,5.16,60.69%,68.88%,-0.28795,2026-08-03
DELL,429.02,2026-08-07,4,Call,475.00,-10.72%,3.55,3.9,4.15,601,117,5.14,89.72%,97.26%,0.1721,2026-08-03
META,590.24,2026-08-07,4,Call,592.50,-0.38%,10.3,10.7,11.05,919,179,5.13,38.89%,47.27%,0.481936,2026-08-03
BX,134.68,2026-11-20,109,Call,155.00,-15.09%,4.2,4.03,4.85,960,187,5.13,38.16%,38.31%,0.28504,2026-08-03
NVDA,206.64,2026-08-10,7,Call,217.50,-5.26%,0.92,0.95,1,1271,248,5.13,41.35%,37.48%,0.171171,2026-08-03
DOW,29.89,2026-11-20,109,Call,32.50,-8.73%,1.82,1.91,2.01,2141,417,5.13,43.42%,45.56%,0.408875,2026-08-03
CRCL,60.35,2026-08-07,4,Call,72.00,-19.30%,0.74,0.81,0.96,2782,542,5.13,97.01%,161.18%,0.168664,2026-08-03
NBIS,212.58,2026-08-07,4,Call,255.00,-19.95%,2.7,2.92,3.2,1024,200,5.12,140.81%,163.56%,0.164837,2026-08-03
BABA,127.3,2026-08-07,4,Put,122.00,-4.16%,0.67,0.7,0.74,1342,262,5.12,48.08%,48.36%,-0.193124,2026-08-03
XE,17.39,2026-10-16,74,Call,22.50,-29.38%,1.5,1.69,2.05,2219,434,5.11,111.90%,106.32%,0.388526,2026-08-03
OKLO,41.22,2026-08-21,18,Call,42.00,-1.89%,3.45,3.57,3.7,545,107,5.09,99.44%,106.62%,0.518644,2026-08-03
BHC,7,2026-09-18,46,Put,6.00,-14.29%,0.05,0.23,0.3,604,119,5.08,55.20%,47.20%,-0.231,2026-08-03
INTC,91,2026-08-05,2,Call,99.00,-8.79%,0.45,0.47,0.5,965,190,5.08,81.59%,101.78%,0.140382,2026-08-03
COMP,11.75,2026-08-21,18,Put,11.00,-6.38%,0.05,0.67,0.7,5209,1026,5.08,90.39%,68.83%,-0.30223,2026-08-03
INTC,91,2026-08-05,2,Call,92.00,-1.10%,2.27,2.28,2.32,2253,444,5.07,81.59%,102.16%,0.458371,2026-08-03
PLTR,125.65,2026-08-07,4,Put,125.00,-0.52%,7.1,7.13,7.2,6776,1336,5.07,69.95%,143.31%,-0.455512,2026-08-03
AMZN,284.02,2026-08-07,4,Call,295.00,-3.87%,1.37,1.42,1.5,13320,2627,5.07,32.92%,42.53%,0.205889,2026-08-03
CMG,37.46,2026-08-07,4,Put,37.00,-1.23%,0.41,0.49,0.5,1253,247,5.07,36.82%,42.78%,-0.37987,2026-08-03
CRWV,85.76,2026-08-07,4,Call,97.00,-13.11%,1.12,1.16,1.22,581,115,5.05,112.95%,127.21%,0.196179,2026-08-03
AFRM,75.63,2026-08-07,4,Call,80.00,-5.78%,0.68,0.76,0.85,858,170,5.05,65.81%,71.31%,0.238885,2026-08-03
CRWD,202.54,2026-08-28,25,Put,190.00,-6.19%,7.5,8.86,10,1379,273,5.05,64.22%,70.01%,-0.325682,2026-08-03
CAT,830.03,2026-08-07,4,Call,"1,000.00",-20.48%,0.6,0.75,0.75,1002,199,5.04,52.00%,87.95%,0.024198,2026-08-03
TEAM,103.71,2026-09-18,46,Call,85.00,+18.04%,23.4,23.8,23.8,2113,419,5.04,92.41%,87.92%,0.790618,2026-08-03
GOOG,372.47,2026-08-14,11,Put,360.00,-3.35%,3.5,3.99,4.1,594,118,5.03,33.27%,34.53%,-0.269938,2026-08-03
CORZ,22.83,2026-08-07,4,Call,24.50,-7.31%,0.37,0.42,0.44,3953,786,5.03,91.10%,104.24%,0.277977,2026-08-03
AMD,484.64,2026-08-05,2,Put,480.00,-0.96%,18.95,19.15,19.95,562,112,5.02,78.90%,152.67%,-0.443103,2026-08-03
PLAY,11.57,2026-08-21,18,Put,12.00,+3.72%,0.95,1.05,1.3,602,120,5.02,91.02%,85.40%,-0.539279,2026-08-03
GOOGL,373.51,2026-08-21,18,Put,347.50,-6.96%,2.55,2.54,2.75,4730,944,5.01,33.76%,35.40%,-0.164373,2026-08-03
IREN,39.75,2026-08-14,11,Put,35.00,-11.95%,1.39,1.36,1.48,4354,870,5,123.05%,127.54%,-0.24513,2026-08-03
FRMI,6.03,2028-12-15,865,Call,7.00,-16.09%,2.15,3.46,4.7,705,141,5,144.43%,104.42%,0.780236,2026-08-03
CRCL,60.35,2026-08-07,4,Call,79.00,-30.90%,0.27,0.35,0.3,895,179,5,97.01%,162.50%,0.067372,2026-08-03
APP,406.16,2026-08-07,4,Call,400.00,+1.52%,26,32.66,30.2,1007,202,4.99,86.84%,147.58%,0.570935,2026-08-03
CRWD,202.54,2026-08-07,4,Call,230.00,-13.56%,0.21,0.29,0.35,1017,204,4.99,64.22%,70.54%,0.04653,2026-08-03
HPQ,27.12,2026-08-14,11,Call,28.00,-3.24%,0.46,0.57,0.59,622,125,4.98,52.64%,47.16%,0.362239,2026-08-03
MU,829.5,2026-08-05,2,Put,730.00,-12.00%,2.52,2.7,2.77,992,199,4.98,88.82%,123.92%,-0.074807,2026-08-03
CRWV,85.76,2026-08-07,4,Call,96.00,-11.94%,1.27,1.32,1.38,1101,221,4.98,112.95%,126.60%,0.21713,2026-08-03
META,590.24,2026-08-05,2,Call,602.50,-2.08%,3.6,3.8,4.2,1120,225,4.98,38.89%,49.14%,0.293851,2026-08-03
MSFT,487.65,2026-08-07,4,Put,452.50,-7.21%,0.41,0.43,0.52,1833,369,4.97,30.51%,43.95%,-0.048904,2026-08-03
CORZ,22.83,2026-09-18,46,Call,19.00,+16.78%,4.85,5.1,5.5,2895,583,4.97,91.10%,95.07%,0.766319,2026-08-03
META,590.24,2026-08-07,4,Call,590.00,+0.04%,11.5,11.85,12.2,7501,1508,4.97,38.89%,47.18%,0.516012,2026-08-03
BE,218.32,2026-10-16,74,Put,180.00,-17.55%,24.25,24.78,26,3843,775,4.96,125.17%,119.44%,-0.261352,2026-08-03
PLTR,125.65,2026-08-07,4,Put,106.00,-15.64%,1,1.03,1.02,1826,368,4.96,69.95%,139.53%,-0.107502,2026-08-03
PLTR,125.65,2026-08-07,4,Put,99.00,-21.21%,0.36,0.36,0.4,1868,377,4.95,69.95%,142.06%,-0.046503,2026-08-03
GOOG,372.47,2026-08-07,4,Call,375.00,-0.68%,4.75,4.95,5,11305,2286,4.95,33.27%,38.42%,0.444718,2026-08-03
MSFT,487.65,2026-08-07,4,Call,515.00,-5.61%,0.8,0.84,0.88,1626,329,4.94,30.51%,38.58%,0.092898,2026-08-03
GOOG,372.47,2026-08-07,4,Call,410.00,-10.08%,0.18,0.21,0.21,2028,411,4.93,33.27%,47.21%,0.028058,2026-08-03
ORCL,141.85,2026-08-07,4,Call,143.00,-0.81%,4,4.11,4.25,2553,518,4.93,74.50%,78.41%,0.478249,2026-08-03
BFLY,8.22,2026-09-18,46,Call,10.00,-21.65%,0.7,0.72,0.75,3792,769,4.93,110.22%,111.99%,0.388752,2026-08-03
ORCL,141.85,2026-08-07,4,Call,155.00,-9.27%,1.04,1.08,1.1,6563,1334,4.92,74.50%,83.88%,0.16775,2026-08-03
RZLV,2.57,2026-09-04,32,Call,3.00,-16.73%,0.1,0.16,0.2,714,145,4.92,111.29%,96.98%,0.350501,2026-08-03
CLF,11.22,2026-09-04,32,Call,13.00,-15.86%,0.24,0.29,0.29,766,156,4.91,65.35%,61.73%,0.239449,2026-08-03
GAP,20.49,2027-03-19,228,Call,25.00,-22.01%,1.44,1.52,1.78,500,102,4.9,53.97%,47.97%,0.365873,2026-08-03
HOOD,90.34,2026-08-21,18,Put,83.00,-8.12%,2.08,2.25,2.64,596,122,4.89,68.36%,68.88%,-0.260866,2026-08-03
UAMY,5.66,2026-08-14,11,Call,6.50,-14.84%,0.15,0.17,0.2,919,188,4.89,113.88%,114.68%,0.277544,2026-08-03
SRAD,12.34,2026-09-18,46,Call,15.00,-21.56%,0.2,0.25,0.3,1119,229,4.89,57.48%,56.62%,0.198361,2026-08-03
BA,233.49,2026-08-14,11,Call,245.00,-4.93%,1.89,2,2,1178,241,4.89,34.37%,36.41%,0.232796,2026-08-03
PLTR,125.65,2026-08-07,4,Put,98.00,-22.01%,0.31,0.33,0.35,2230,456,4.89,69.95%,142.83%,-0.04098,2026-08-03
SOFI,18.03,2026-08-14,11,Put,16.50,-8.49%,0.16,0.17,0.18,7808,1597,4.89,51.85%,57.10%,-0.169997,2026-08-03
GOOGL,373.51,2026-08-05,2,Put,357.50,-4.29%,0.38,0.41,0.51,503,103,4.88,33.76%,43.03%,-0.081221,2026-08-03
MU,829.5,2026-08-05,2,Call,865.00,-4.28%,12.95,13.27,13.5,630,129,4.88,88.82%,109.31%,0.317353,2026-08-03
NBIS,212.58,2026-08-07,4,Put,230.00,+8.19%,24.4,20.95,26.5,927,190,4.88,140.81%,165.17%,-0.643381,2026-08-03
MARA,11.75,2026-08-28,25,Call,18.00,-53.19%,0.07,0.1,0.13,1162,238,4.88,100.14%,103.83%,0.077131,2026-08-03
TENX,14.33,2026-09-18,46,Put,2.50,-82.55%,0.45,0.67,0.7,1316,270,4.87,485.95%,461.06%,-0.029532,2026-08-03
GOOGL,373.51,2026-08-07,4,Put,347.50,-6.96%,0.35,0.42,0.48,1840,378,4.87,33.76%,44.13%,-0.055568,2026-08-03
HPE,50.24,2026-09-04,32,Call,50.00,+0.48%,3.55,5.24,5.9,2092,430,4.87,82.87%,77.13%,0.557126,2026-08-03
SPCX,114.53,2026-08-07,4,Call,111.00,+3.08%,11.3,11.71,11.9,2988,615,4.86,114.99%,206.62%,0.600541,2026-08-03
NVDA,206.64,2026-08-07,4,Call,217.50,-5.26%,0.63,0.64,0.65,21883,4506,4.86,41.35%,43.50%,0.136846,2026-08-03
PANW,347.13,2026-08-07,4,Call,370.00,-6.59%,1.96,1.89,2.39,660,136,4.85,61.65%,63.61%,0.179052,2026-08-03
HPE,50.24,2026-08-14,11,Call,50.00,+0.48%,2.92,3,3.1,723,149,4.85,82.87%,82.79%,0.543784,2026-08-03
NBIS,212.58,2026-08-14,11,Put,205.00,-3.57%,20.4,20.15,21.55,562,116,4.84,140.81%,171.34%,-0.392115,2026-08-03
PANW,347.13,2026-08-07,4,Put,300.00,-13.58%,0.19,0.24,0.3,1160,240,4.83,61.65%,72.16%,-0.024179,2026-08-03
FISV,54.35,2026-08-07,4,Call,58.00,-6.72%,1,1.15,1.1,1348,279,4.83,55.28%,104.45%,0.295906,2026-08-03
DELL,429.02,2026-08-07,4,Put,370.00,-13.76%,1.43,1.54,1.7,1735,359,4.83,89.72%,101.50%,-0.073661,2026-08-03
AMZN,284.02,2026-08-07,4,Put,277.50,-2.30%,1.99,2.15,2.2,2190,454,4.82,32.92%,39.92%,-0.279246,2026-08-03
DQ,13.75,2026-10-16,74,Put,12.00,-12.73%,0.7,0.8,1.05,902,187,4.82,82.40%,71.08%,-0.272637,2026-08-03
MU,829.5,2026-08-05,2,Call,780.00,+5.97%,57.05,56.5,59.75,1154,240,4.81,88.82%,111.57%,0.78487,2026-08-03
BMNR,17.42,2026-09-18,46,Put,14.00,-19.63%,0.55,0.58,0.64,2607,542,4.81,81.93%,83.12%,-0.183666,2026-08-03
VG,13.08,2026-08-14,11,Put,12.50,-4.43%,0.55,0.6,0.65,10106,2107,4.8,80.93%,97.64%,-0.360507,2026-08-03
NVDA,206.64,2026-08-05,2,Put,197.50,-4.42%,0.32,0.34,0.35,11269,2346,4.8,41.35%,47.71%,-0.09626,2026-08-03
HPE,50.24,2026-08-07,4,Call,52.00,-3.50%,1.18,1.18,1.29,1278,266,4.8,82.87%,93.14%,0.381425,2026-08-03
JD,33.02,2026-10-16,74,Put,27.00,-18.23%,0.25,0.36,0.56,1890,394,4.8,38.85%,39.73%,-0.12643,2026-08-03
CMCSA,24.56,2026-08-14,11,Call,25.50,-3.83%,0.24,0.27,0.32,532,111,4.79,34.71%,37.38%,0.289758,2026-08-03
ORCL,141.85,2026-08-28,25,Put,85.00,-40.08%,0.06,0.18,0.21,532,111,4.79,74.50%,90.19%,-0.010904,2026-08-03
SATL,3.95,2027-01-15,165,Call,6.00,-51.90%,0.55,0.65,0.85,1532,320,4.79,119.39%,115.70%,0.450447,2026-08-03
AAPL,303.42,2026-08-07,4,Call,327.50,-7.94%,0.15,0.16,0.18,5832,1218,4.79,27.49%,39.33%,0.033976,2026-08-03
PFE,25.03,2026-08-07,4,Put,24.50,-2.12%,0.16,0.16,0.17,23146,4842,4.78,24.37%,35.66%,-0.279663,2026-08-03
MSFT,487.65,2026-09-18,46,Put,405.00,-16.95%,1.78,1.77,1.93,3474,728,4.77,30.51%,36.57%,-0.063953,2026-08-03
HL,14.43,2026-08-07,4,Call,15.50,-7.42%,0.22,0.28,0.3,3747,785,4.77,73.02%,105.73%,0.278418,2026-08-03
CRCL,60.35,2026-08-07,4,Put,52.00,-13.84%,0.74,0.77,0.84,1014,213,4.76,97.01%,149.14%,-0.150505,2026-08-03
TSLA,322.08,2026-08-05,2,Call,360.00,-11.77%,0.15,0.15,0.16,2305,484,4.76,45.15%,74.62%,0.023646,2026-08-03
AMZN,284.02,2026-10-16,74,Call,315.00,-10.91%,6.65,7,6.95,3840,808,4.75,32.92%,32.74%,0.281743,2026-08-03
AAPL,303.42,2026-08-05,2,Call,317.50,-4.64%,0.25,0.27,0.27,4619,972,4.75,27.49%,40.21%,0.066419,2026-08-03
CRWD,202.54,2026-08-07,4,Call,210.00,-3.68%,2.83,2.9,2.99,2137,450,4.75,64.22%,68.25%,0.320962,2026-08-03
CRWV,85.76,2026-08-28,25,Call,125.00,-45.76%,1.51,1.56,1.9,953,201,4.74,112.95%,117.42%,0.143589,2026-08-03
CRWV,85.76,2026-08-07,4,Put,67.00,-21.88%,0.2,0.31,0.27,1271,268,4.74,112.95%,143.26%,-0.042394,2026-08-03
FVRR,9.46,2026-08-21,18,Call,11.00,-16.28%,0.1,0.11,0.15,1272,269,4.73,66.54%,66.87%,0.17631,2026-08-03
MSFT,487.65,2026-09-18,46,Put,435.00,-10.80%,4.45,4.65,4.8,4999,1060,4.72,30.51%,33.47%,-0.146902,2026-08-03
KO,86.86,2026-08-07,4,Call,89.00,-2.46%,0.2,0.23,0.29,6316,1339,4.72,21.36%,26.00%,0.190519,2026-08-03
ASTS,63.52,2026-08-14,11,Call,81.00,-27.52%,1.35,1.51,1.85,579,123,4.71,112.70%,144.70%,0.20104,2026-08-03
TEM,46.05,2026-08-07,4,Call,46.00,+0.11%,1.47,1.67,1.7,1045,222,4.71,73.35%,80.71%,0.523848,2026-08-03
MU,829.5,2026-08-05,2,Put,717.50,-13.50%,1.76,1.9,1.99,752,160,4.7,88.82%,126.40%,-0.054903,2026-08-03
CVX,193.18,2026-08-21,18,Call,202.50,-4.82%,1.41,1.45,1.65,1151,245,4.7,28.10%,27.55%,0.229427,2026-08-03
TE,4.94,2026-12-18,137,Call,6.00,-21.46%,1.3,1.36,1.45,2184,465,4.7,158.34%,141.99%,0.590192,2026-08-03
RKLB,70.43,2026-08-07,4,Call,70.00,+0.61%,3.35,3.45,3.55,13650,2907,4.7,102.67%,109.76%,0.545468,2026-08-03
RDDT,154.71,2026-08-07,4,Call,160.00,-3.42%,3,3.13,3.25,3300,704,4.69,67.01%,81.25%,0.363861,2026-08-03
SNDK,1288.03,2026-08-07,4,Call,"1,370.00",-6.36%,69.7,73.5,75.2,3409,727,4.69,130.45%,195.62%,0.421918,2026-08-03
AAPL,303.42,2026-08-07,4,Call,317.50,-4.64%,0.65,0.65,0.7,4168,888,4.69,27.49%,36.17%,0.121074,2026-08-03
IREN,39.75,2026-08-14,11,Call,40.00,-0.63%,3.2,3.37,3.45,5355,1141,4.69,123.05%,124.42%,0.53348,2026-08-03
CRM,185.95,2026-08-07,4,Put,185.00,-0.51%,3.4,3.6,3.7,1473,314,4.69,49.85%,52.04%,-0.449931,2026-08-03
CIFR,24.16,2026-08-14,11,Call,31.00,-28.31%,0.28,0.79,1.54,520,111,4.68,123.91%,171.04%,0.245874,2026-08-03
SPCX,114.53,2026-08-07,4,Put,72.00,-37.13%,0.05,0.1,0.15,748,160,4.68,114.99%,203.62%,-0.011136,2026-08-03
SAP,189.65,2027-01-15,165,Put,165.00,-13.00%,9.3,9.6,9.7,1507,322,4.68,45.16%,41.01%,-0.258504,2026-08-03
DJT,10.01,2026-08-07,4,Call,11.50,-14.89%,0.1,0.14,0.15,771,165,4.67,87.39%,132.73%,0.177116,2026-08-03
FCEL,21.34,2026-08-14,11,Call,25.00,-17.15%,0.95,1.03,1.15,1158,248,4.67,146.23%,153.53%,0.32396,2026-08-03
EIX,71.46,2026-09-18,46,Call,77.50,-8.45%,0.95,1.2,1.3,1857,398,4.67,32.16%,31.68%,0.248238,2026-08-03
NKE,42.64,2026-09-18,46,Call,45.00,-5.53%,1.22,1.26,1.32,75596,16226,4.66,37.87%,36.50%,0.361192,2026-08-03
RDDT,154.71,2026-08-28,25,Call,170.00,-9.88%,5.4,5.96,6,611,131,4.66,67.01%,69.00%,0.337998,2026-08-03
BBY,85.25,2026-08-07,4,Call,84.00,+1.47%,1.7,2.14,2.2,629,135,4.66,42.62%,34.81%,0.66324,2026-08-03
MRVL,193.77,2026-09-04,32,Put,150.00,-22.59%,5.5,6.25,6.7,885,190,4.66,96.40%,106.00%,-0.163105,2026-08-03
NOW,114.19,2026-08-07,4,Put,113.00,-1.04%,2.62,2.69,2.77,567,122,4.65,60.69%,69.03%,-0.426338,2026-08-03
XOM,155.06,2026-08-14,11,Call,175.00,-12.86%,0.09,0.13,0.18,590,127,4.65,30.72%,37.57%,0.034547,2026-08-03
MSFT,487.65,2026-10-16,74,Call,530.00,-8.68%,11.8,12.14,12.55,1222,263,4.65,30.51%,30.16%,0.307687,2026-08-03
PLTR,125.65,2026-08-07,4,Call,149.00,-18.58%,1.35,1.39,1.42,2361,509,4.64,69.95%,145.61%,0.149303,2026-08-03
MU,829.5,2026-08-05,2,Put,760.00,-8.38%,5.6,5.8,5.95,528,114,4.63,88.82%,118.30%,-0.147977,2026-08-03
AMZN,284.02,2026-08-21,18,Put,285.00,+0.35%,8.5,8.58,8.9,1393,301,4.63,32.92%,33.47%,-0.496546,2026-08-03
MU,829.5,2026-08-05,2,Call,"1,000.00",-20.55%,0.48,0.49,0.49,6089,1315,4.63,88.82%,118.77%,0.018773,2026-08-03
SPCE,2.82,2027-01-15,165,Call,4.50,-59.57%,0.43,0.45,0.45,10255,2215,4.63,114.77%,112.87%,0.415445,2026-08-03
HIMS,30.82,2026-08-07,4,Call,33.00,-7.07%,0.46,0.53,0.53,2879,623,4.62,101.28%,97.76%,0.269987,2026-08-03
ABT,107.12,2026-12-18,137,Call,105.00,+1.98%,9,9.32,9.6,3906,846,4.62,28.71%,30.80%,0.586069,2026-08-03
SCHW,105.87,2026-08-21,18,Call,108.00,-2.01%,1.23,1.14,1.41,540,117,4.62,24.39%,22.99%,0.366251,2026-08-03
AG,15.7,2026-08-07,4,Call,16.50,-5.10%,0.17,0.18,0.2,2190,475,4.61,64.07%,71.65%,0.267448,2026-08-03
BE,218.32,2026-08-07,4,Put,200.00,-8.39%,5.95,6.51,6.6,9114,1978,4.61,125.17%,155.18%,-0.266651,2026-08-03
ABT,107.12,2026-08-14,11,Call,110.00,-2.69%,1,1,1.35,644,140,4.6,28.71%,30.92%,0.322485,2026-08-03
CRML,6.38,2026-08-14,11,Call,6.50,-1.88%,0.35,0.45,0.5,736,160,4.6,110.39%,107.70%,0.499856,2026-08-03
AVGO,392.23,2026-08-05,2,Put,380.00,-3.12%,2.09,2.34,2.49,638,139,4.59,53.38%,58.96%,-0.226307,2026-08-03
NVDA,206.64,2027-02-19,200,Call,390.00,-88.73%,0.85,1.06,1.21,877,191,4.59,41.35%,44.05%,0.042063,2026-08-03
MSFT,487.65,2026-08-05,2,Call,482.50,+1.06%,8.1,8.51,9.35,1024,223,4.59,30.51%,40.06%,0.647354,2026-08-03
MU,829.5,2026-08-05,2,Put,700.00,-15.61%,1.1,1.18,1.27,2513,548,4.59,88.82%,130.94%,-0.035806,2026-08-03
KO,86.86,2026-08-07,4,Call,87.00,-0.16%,0.78,0.82,0.89,4204,916,4.59,21.36%,24.74%,0.482287,2026-08-03
INTC,91,2026-08-05,2,Call,87.00,+4.40%,5.05,5.2,5.35,504,110,4.58,81.59%,104.20%,0.733546,2026-08-03
SNDK,1288.03,2026-09-18,46,Call,"1,900.00",-47.51%,64,69.3,67.5,608,133,4.57,130.45%,120.06%,0.245691,2026-08-03
MSFT,487.65,2026-08-14,11,Call,530.00,-8.68%,0.96,1.11,1.05,520,114,4.56,30.51%,33.20%,0.080571,2026-08-03
AAPL,303.42,2026-08-10,7,Call,312.50,-2.99%,1.6,1.65,1.84,643,141,4.56,27.49%,29.07%,0.242925,2026-08-03
NVDA,206.64,2026-08-12,9,Call,207.50,-0.42%,4.55,4.65,5.2,2831,622,4.55,41.35%,40.25%,0.491226,2026-08-03
AMD,484.64,2026-08-07,4,Call,470.00,+3.02%,32.15,33.23,33.4,908,200,4.54,78.90%,123.81%,0.619655,2026-08-03
PLTR,125.65,2026-08-28,25,Call,125.00,+0.52%,10.1,10.1,10.35,913,201,4.54,69.95%,74.63%,0.554463,2026-08-03
MCD,265.23,2026-10-16,74,Put,230.00,-13.28%,1.21,1.6,1.82,1516,334,4.54,28.21%,26.04%,-0.098214,2026-08-03
RBLX,36.67,2026-08-21,18,Call,36.00,+1.83%,2.63,2.87,2.82,718,159,4.52,70.12%,72.83%,0.581593,2026-08-03
VRT,263.05,2026-08-07,4,Call,270.00,-2.64%,6.85,7.35,8,1350,299,4.52,71.44%,94.35%,0.416528,2026-08-03
TSLA,322.08,2026-08-05,2,Call,342.50,-6.34%,0.63,0.65,0.66,1538,341,4.51,45.15%,62.03%,0.094836,2026-08-03
ENPH,39.35,2026-08-07,4,Call,43.00,-9.28%,0.45,0.45,0.55,1039,231,4.5,86.16%,101.77%,0.218963,2026-08-03
SNOW,307.53,2026-08-07,4,Call,315.00,-2.43%,6.1,6.54,7.15,1314,292,4.5,69.66%,75.93%,0.398502,2026-08-03
TRV,373.82,2026-08-21,18,Call,390.00,-4.33%,1.9,2.27,2.55,1473,327,4.5,22.61%,22.65%,0.213189,2026-08-03
RGTI,16.02,2026-08-14,11,Call,16.00,+0.12%,1.22,1.31,1.29,1788,398,4.49,101.65%,111.73%,0.543422,2026-08-03
CVX,193.18,2026-08-07,4,Put,185.00,-4.23%,0.32,0.34,0.37,4661,1038,4.49,28.10%,33.45%,-0.105034,2026-08-03
AMZN,284.02,2026-10-16,74,Call,330.00,-16.19%,3.9,4.2,4.2,6547,1463,4.48,32.92%,32.94%,0.187547,2026-08-03
BA,233.49,2026-08-07,4,Call,230.00,+1.49%,5.7,6.03,6.15,6597,1471,4.48,34.37%,40.67%,0.646135,2026-08-03
SOFI,18.03,2026-08-07,4,Put,17.50,-2.94%,0.23,0.23,0.24,11496,2568,4.48,51.85%,61.17%,-0.307331,2026-08-03
PLTR,125.65,2026-08-07,4,Put,109.00,-13.25%,1.44,1.48,1.5,2099,469,4.48,69.95%,138.91%,-0.146216,2026-08-03
TSLA,322.08,2026-09-04,32,Put,285.00,-11.51%,4.05,4.15,4.2,501,112,4.47,45.15%,46.60%,-0.164402,2026-08-03
GOOG,372.47,2026-08-14,11,Call,405.00,-8.73%,1.03,1.13,1.13,710,159,4.47,33.27%,36.26%,0.099833,2026-08-03
SPCX,114.53,2026-08-07,4,Call,107.00,+6.57%,13.3,12.25,14.2,760,170,4.47,114.99%,205.60%,0.664759,2026-08-03
AMZN,284.02,2026-08-14,11,Call,300.00,-5.63%,1.92,1.97,2,7029,1573,4.47,32.92%,35.90%,0.203326,2026-08-03
NU,14.44,2027-06-17,318,Call,22.00,-52.35%,0.6,0.71,0.78,2556,573,4.46,47.79%,44.69%,0.236485,2026-08-03
AAPL,303.42,2026-08-12,9,Call,310.00,-2.17%,2.67,3.45,3.05,826,185,4.46,27.49%,28.38%,0.329562,2026-08-03
XOM,155.06,2026-08-07,4,Put,152.50,-1.65%,1.11,1.15,1.21,1807,405,4.46,30.72%,34.47%,-0.314803,2026-08-03
AAPL,303.42,2026-08-05,2,Put,297.50,-1.95%,0.85,0.9,0.94,6339,1424,4.45,27.49%,33.52%,-0.208103,2026-08-03
GOOGL,373.51,2026-08-14,11,Call,400.00,-7.09%,1.48,1.7,1.85,4030,908,4.44,33.76%,35.61%,0.14433,2026-08-03
SNOW,307.53,2026-08-21,18,Put,245.00,-20.33%,0.65,1.02,1.21,520,117,4.44,69.66%,64.73%,-0.047971,2026-08-03
UPST,29.43,2026-10-16,74,Put,17.50,-40.54%,0.19,0.28,0.7,1810,408,4.44,88.64%,91.92%,-0.069514,2026-08-03
TSM,406.11,2026-08-14,11,Call,405.00,+0.27%,14.65,15.9,15.6,1241,280,4.43,47.72%,51.26%,0.533766,2026-08-03
USAR,15.86,2026-08-07,4,Call,18.00,-13.49%,0.14,0.16,0.21,3133,707,4.43,105.51%,119.97%,0.173112,2026-08-03
HTZ,1.53,2026-08-07,4,Call,1.5000,+1.96%,0.16,0.16,0.19,3613,818,4.42,143.78%,252.47%,0.582615,2026-08-03
T,23.59,2026-08-07,4,Call,23.50,+0.38%,0.38,0.39,0.43,10788,2439,4.42,28.05%,36.57%,0.546263,2026-08-03
MSFT,487.65,2026-08-07,4,Put,462.50,-5.16%,0.97,1,1.07,1059,240,4.41,30.51%,40.66%,-0.10162,2026-08-03
CVX,193.18,2026-08-14,11,Put,185.00,-4.23%,1.01,1.11,1.3,1744,396,4.4,28.10%,30.38%,-0.198372,2026-08-03
TSLA,322.08,2026-08-07,4,Put,295.00,-8.41%,0.51,0.52,0.53,5048,1147,4.4,45.15%,55.90%,-0.062219,2026-08-03
IREN,39.75,2026-08-28,25,Put,20.00,-49.69%,0.15,0.18,0.19,2690,613,4.39,123.05%,149.36%,-0.025085,2026-08-03
USAS,4.09,2026-08-21,18,Call,4.00,+2.20%,0.4,0.41,0.5,7751,1764,4.39,104.86%,111.89%,0.587454,2026-08-03
CRWV,85.76,2026-08-07,4,Call,88.00,-2.61%,3.45,3.55,3.65,2049,467,4.39,112.95%,126.03%,0.449672,2026-08-03
INTC,91,2026-08-21,18,Call,87.00,+4.40%,8.7,8.98,9.2,806,184,4.38,81.59%,84.98%,0.633144,2026-08-03
SLS,11.22,2026-08-21,18,Put,12.00,+6.95%,2.45,2.6,3.3,1767,403,4.38,239.07%,243.93%,-0.440712,2026-08-03
VZ,47.36,2026-10-16,74,Put,46.00,-2.87%,1.51,1.63,1.63,7008,1600,4.38,25.41%,25.25%,-0.386738,2026-08-03
PCT,7.01,2026-08-07,4,Call,8.00,-14.12%,0.15,0.22,0.25,686,157,4.37,109.44%,179.42%,0.271786,2026-08-03
CIFR,24.16,2026-08-07,4,Put,24.00,-0.66%,1.74,1.89,2.03,876,201,4.36,123.91%,196.09%,-0.445678,2026-08-03
AME,243.77,2026-08-21,18,Put,230.00,-5.65%,2.3,3,3.3,2344,537,4.36,32.53%,37.85%,-0.226638,2026-08-03
TSLA,322.08,2026-08-07,4,Call,305.00,+5.30%,18.5,18.8,18.9,8563,1968,4.35,45.15%,53.26%,0.844346,2026-08-03
ORCL,141.85,2026-08-28,25,Call,138.00,+2.71%,11.95,11.34,12.65,565,130,4.35,74.50%,69.65%,0.598325,2026-08-03
AVAV,159.18,2026-08-07,4,Call,165.00,-3.66%,2.7,3.05,3.4,696,160,4.35,80.65%,80.57%,0.352375,2026-08-03
ADBE,251.34,2026-08-07,4,Put,232.50,-7.50%,0.66,0.8,1,504,116,4.34,56.00%,61.19%,-0.104913,2026-08-03
AMD,484.64,2026-08-05,2,Call,490.00,-1.11%,18.8,19,19.65,855,197,4.34,78.90%,151.27%,0.483855,2026-08-03
MSFT,487.65,2026-10-16,74,Put,490.00,+0.48%,26.45,26.9,27.15,675,156,4.33,30.51%,30.74%,-0.473626,2026-08-03
MU,829.5,2026-08-05,2,Put,740.00,-10.79%,3.3,3.4,3.6,841,195,4.31,88.82%,121.93%,-0.094729,2026-08-03
MSFT,487.65,2026-09-18,46,Call,545.00,-11.76%,4.2,4.31,4.45,1401,325,4.31,30.51%,29.64%,0.166213,2026-08-03
GOOGL,373.51,2026-08-07,4,Call,405.00,-8.43%,0.29,0.32,0.35,3188,739,4.31,33.76%,44.82%,0.04515,2026-08-03
STX,831.06,2026-08-07,4,Put,760.00,-8.55%,15.5,17.7,20.4,542,126,4.3,96.08%,135.31%,-0.240651,2026-08-03
FLUT,105.96,2026-08-21,18,Put,105.00,-0.91%,5.3,6.46,6.5,929,216,4.3,61.72%,69.11%,-0.442229,2026-08-03
PLTR,125.65,2026-08-07,4,Call,162.50,-29.33%,0.43,0.45,0.45,1822,424,4.3,69.95%,147.46%,0.056346,2026-08-03
MU,829.5,2026-08-05,2,Call,910.00,-9.70%,4.4,4.6,4.75,999,233,4.29,88.82%,110.38%,0.137746,2026-08-03
TRLV,8.6,2026-08-21,18,Call,5.00,+41.86%,3.2,3.6,3.9,1013,236,4.29,132.50%,88.25%,0.997972,2026-08-03
BYND,0.6124,2026-09-04,32,Call,0.5000,+18.35%,0.14,0.16,0.17,2234,522,4.28,169.45%,132.81%,0.764429,2026-08-03
RIVN,15.35,2027-09-17,410,Call,15.00,+2.28%,4.45,4.94,5.05,3007,703,4.28,59.23%,68.73%,0.676866,2026-08-03
AMD,484.64,2026-08-05,2,Put,420.00,-13.34%,2.44,2.67,2.75,543,127,4.28,78.90%,154.59%,-0.095121,2026-08-03
AMD,484.64,2026-08-14,11,Call,565.00,-16.58%,7.75,8.6,9.05,616,144,4.28,78.90%,95.52%,0.201644,2026-08-03
RGTI,16.02,2026-08-14,11,Call,16.50,-3.00%,1.01,1.09,1.13,874,204,4.28,101.65%,114.63%,0.482692,2026-08-03
NUAI,5.1,2026-08-07,4,Call,5.50,-7.84%,0.05,0.2,0.25,1106,259,4.27,185.84%,139.84%,0.329977,2026-08-03
AAPL,303.42,2026-08-14,11,Put,305.00,+0.52%,6.75,7.05,7.1,2576,603,4.27,27.49%,29.65%,-0.524228,2026-08-03
IREN,39.75,2026-09-18,46,Put,36.00,-9.43%,4.35,4.8,5.2,5828,1365,4.27,123.05%,123.25%,-0.324954,2026-08-03
TSLA,322.08,2026-08-05,2,Call,312.50,+2.97%,11.25,11.37,11.55,6102,1430,4.27,45.15%,55.76%,0.775516,2026-08-03
TSLA,322.08,2026-08-07,4,Call,345.00,-7.12%,1.18,1.18,1.21,8148,1909,4.27,45.15%,56.28%,0.129107,2026-08-03
MU,829.5,2026-08-07,4,Call,820.00,+1.15%,42.2,43.77,44.25,3932,924,4.26,88.82%,110.75%,0.563831,2026-08-03
FIS,44.78,2026-08-07,4,Put,42.00,-6.21%,0.6,0.56,0.7,532,125,4.26,47.74%,93.24%,-0.240218,2026-08-03
ORCL,141.85,2026-08-07,4,Put,134.00,-5.53%,1.44,1.46,1.58,1196,281,4.26,74.50%,75.82%,-0.223666,2026-08-03
MBI,5.23,2026-12-18,137,Put,5.00,-4.40%,0.5,0.6,0.7,621,146,4.25,63.38%,44.82%,-0.444644,2026-08-03
CSCO,115.86,2026-08-14,11,Call,115.00,+0.74%,5.7,6.15,6.35,1710,402,4.25,51.79%,69.46%,0.550513,2026-08-03
PBR,19.06,2026-08-07,4,Call,20.00,-4.93%,0.1,0.11,0.13,1248,294,4.24,37.49%,52.85%,0.200379,2026-08-03
NOW,114.19,2026-08-07,4,Call,118.00,-3.34%,1.92,1.93,2,1766,417,4.24,60.69%,72.78%,0.349182,2026-08-03
QBTS,19.98,2026-08-07,4,Put,19.50,-2.40%,0.91,0.86,0.98,579,137,4.23,102.39%,142.38%,-0.405192,2026-08-03
MU,829.5,2026-08-14,11,Put,620.00,-25.26%,3.2,3.37,3.6,837,198,4.23,88.82%,107.75%,-0.048948,2026-08-03
KHC,26.42,2026-08-14,11,Call,27.50,-4.09%,0.29,0.31,0.42,1262,298,4.23,33.93%,42.05%,0.3009,2026-08-03
NFLX,73.33,2026-08-07,4,Put,73.00,-0.45%,1.1,1.15,1.13,4154,984,4.22,36.36%,42.07%,-0.447559,2026-08-03
RKT,13.68,2026-08-28,25,Call,14.50,-5.99%,0.63,0.64,0.72,586,139,4.22,68.70%,69.50%,0.414691,2026-08-03
WULF,18.83,2026-08-21,18,Call,21.50,-14.18%,0.84,1,1.07,1413,335,4.22,108.28%,116.23%,0.338119,2026-08-03
AVGO,392.23,2026-08-05,2,Put,360.00,-8.22%,0.33,0.3,0.38,539,128,4.21,53.38%,68.55%,-0.042886,2026-08-03
LLY,1121.36,2026-09-18,46,Call,"1,280.00",-14.15%,14.05,18.1,19.95,1125,267,4.21,44.26%,40.11%,0.202882,2026-08-03
SAP,189.65,2026-09-18,46,Call,230.00,-21.28%,2,2.2,2.5,1150,273,4.21,45.16%,47.97%,0.145625,2026-08-03
TSLA,322.08,2026-08-14,11,Call,327.50,-1.68%,8.35,8.4,8.5,1508,358,4.21,45.15%,47.91%,0.441985,2026-08-03
COIN,146.5,2026-08-14,11,Call,155.00,-5.80%,4.3,4.5,4.7,508,121,4.2,71.69%,76.59%,0.363334,2026-08-03
AMZN,284.02,2026-09-04,32,Put,260.00,-8.46%,2.63,2.71,2.87,1017,242,4.2,32.92%,34.21%,-0.170673,2026-08-03
RGTI,16.02,2026-10-16,74,Call,13.00,+18.85%,4.3,4.4,4.55,2493,594,4.2,101.65%,100.22%,0.759682,2026-08-03
META,590.24,2026-08-07,4,Put,570.00,-3.43%,3.5,3.7,3.9,2552,608,4.2,38.89%,45.56%,-0.222952,2026-08-03
IREN,39.75,2026-08-07,4,Call,47.00,-18.24%,0.32,0.37,0.4,4586,1093,4.2,123.05%,135.62%,0.13428,2026-08-03
AMZN,284.02,2026-08-07,4,Call,290.00,-2.11%,2.53,2.54,2.65,37727,9002,4.19,32.92%,41.59%,0.327152,2026-08-03
FCX,63.64,2026-08-07,4,Put,62.00,-2.58%,0.79,0.94,0.99,1099,262,4.19,52.97%,60.33%,-0.326674,2026-08-03
DIS,98.14,2026-08-14,11,Put,89.00,-9.31%,0.43,0.52,0.66,593,142,4.18,35.94%,50.57%,-0.123012,2026-08-03
RUM,6.19,2026-08-07,4,Call,6.00,+3.07%,0.3,0.38,0.4,706,169,4.18,95.15%,95.03%,0.643252,2026-08-03
HNGE,77.65,2026-12-18,137,Call,90.00,-15.90%,7.4,8.23,9.1,966,231,4.18,68.85%,64.66%,0.445077,2026-08-03
QBTS,19.98,2026-08-07,4,Put,20.00,+0.10%,1.19,1.22,1.23,625,150,4.17,102.39%,144.33%,-0.47168,2026-08-03
MU,829.5,2026-08-07,4,Call,830.00,-0.06%,37.7,38.2,39,2140,513,4.17,88.82%,111.01%,0.522434,2026-08-03
MCD,265.23,2026-08-07,4,Put,267.50,+0.86%,4.45,6.14,6.85,894,215,4.16,28.21%,39.89%,-0.571863,2026-08-03
APLD,29.49,2026-08-07,4,Call,29.50,-0.03%,1.43,1.53,1.58,1073,258,4.16,105.64%,122.22%,0.525686,2026-08-03
AMD,484.64,2026-08-05,2,Call,460.00,+5.08%,34.55,37.45,36.75,508,123,4.13,78.90%,150.76%,0.700291,2026-08-03
AVGO,392.23,2026-08-05,2,Put,365.00,-6.94%,0.53,0.55,0.6,719,174,4.13,53.38%,65.80%,-0.066211,2026-08-03
CRWV,85.76,2026-08-07,4,Put,68.50,-20.13%,0.28,0.3,0.33,1256,304,4.13,112.95%,140.23%,-0.054059,2026-08-03
AVGO,392.23,2026-08-07,4,Call,400.00,-1.98%,6.2,6.3,6.35,8032,1951,4.12,53.38%,58.15%,0.38722,2026-08-03
TSLA,322.08,2026-08-12,9,Call,325.00,-0.91%,8.25,8.28,8.4,786,191,4.12,45.15%,47.31%,0.471179,2026-08-03
BABA,127.3,2026-08-07,4,Call,131.00,-2.91%,1.3,1.35,1.37,1092,266,4.11,48.08%,51.99%,0.309011,2026-08-03
CRWD,202.54,2026-08-07,4,Call,215.00,-6.15%,1.65,1.71,1.72,1278,311,4.11,64.22%,68.03%,0.212681,2026-08-03
CDE,15.56,2026-08-07,4,Call,17.00,-9.25%,0.2,0.21,0.25,2396,583,4.11,75.16%,107.25%,0.232915,2026-08-03
NKE,42.64,2026-08-21,18,Put,43.00,+0.84%,1.52,1.59,1.62,4169,1018,4.1,37.87%,36.48%,-0.524759,2026-08-03
RBLX,36.67,2026-08-14,11,Call,37.00,-0.90%,1.63,2.31,1.87,771,188,4.1,70.12%,74.23%,0.501351,2026-08-03
QXO,14.09,2026-08-07,4,Call,14.00,+0.64%,0.45,0.55,0.6,942,230,4.1,72.19%,81.14%,0.54879,2026-08-03
CAT,830.03,2026-08-07,4,Put,840.00,+1.20%,33.75,33.27,37.15,510,125,4.08,52.00%,87.04%,-0.532944,2026-08-03
AMZN,284.02,2026-08-05,2,Put,295.00,+3.87%,10.95,11.49,11.85,644,158,4.08,32.92%,41.36%,-0.889737,2026-08-03
CRWV,85.76,2026-08-07,4,Call,76.00,+11.38%,9.65,11.07,12.2,2039,500,4.08,112.95%,130.63%,0.830189,2026-08-03
P,80.14,2026-11-20,109,Call,105.00,-31.02%,5.3,5.85,6.4,702,173,4.06,75.84%,74.54%,0.333062,2026-08-03
SOFI,18.03,2026-08-14,11,Call,18.50,-2.61%,0.45,0.46,0.48,9763,2404,4.06,51.85%,52.69%,0.411501,2026-08-03
AMZN,284.02,2027-01-15,165,Call,335.00,-17.95%,11.6,11.7,11.9,12789,3148,4.06,32.92%,35.29%,0.30715,2026-08-03
REPL,11.91,2026-08-07,4,Put,11.00,-7.64%,1.45,1.6,1.65,1552,384,4.04,218.66%,416.07%,-0.344195,2026-08-03
SNOW,307.53,2026-08-14,11,Put,255.00,-17.08%,0.52,0.71,1.36,576,143,4.03,69.66%,70.88%,-0.055681,2026-08-03
LUNR,13.1,2026-08-07,4,Call,14.50,-10.69%,0.19,0.26,0.25,625,155,4.03,119.11%,123.35%,0.236135,2026-08-03
IREN,39.75,2026-08-07,4,Call,39.50,+0.63%,2.43,2.45,2.53,1696,422,4.02,123.05%,141.85%,0.547528,2026-08-03
MSFT,487.65,2026-10-16,74,Call,580.00,-18.94%,3.6,3.85,4.05,2393,597,4.01,30.51%,30.30%,0.123012,2026-08-03
STRL,611.47,2026-08-21,18,Put,500.00,-18.23%,12.4,16,19.4,590,147,4.01,103.55%,111.74%,-0.173187,2026-08-03
TSM,406.11,2026-08-14,11,Put,340.00,-16.28%,0.6,0.75,0.82,1055,263,4.01,47.72%,60.43%,-0.039734,2026-08-03
AMD,484.64,2026-08-07,4,Call,485.00,-0.07%,24.45,24.74,25.5,1810,451,4.01,78.90%,123.88%,0.52479,2026-08-03
ASPI,4.14,2026-09-18,46,Call,6.00,-44.93%,0.15,0.25,0.35,636,159,4,112.52%,125.05%,0.273095,2026-08-03
AMD,484.64,2026-08-07,4,Call,467.50,+3.54%,33.6,33.15,34.75,2308,577,4,78.90%,123.58%,0.635376,2026-08-03
GME,19.06,2026-08-21,18,Put,19.00,-0.31%,0.72,0.97,0.98,3591,901,3.99,54.65%,51.24%,-0.471471,2026-08-03
NOW,114.19,2026-08-07,4,Call,122.00,-6.84%,1,1.06,1.06,1497,375,3.99,60.69%,74.67%,0.211197,2026-08-03
CPB,22.37,2026-09-04,32,Call,25.00,-11.76%,0,0.2,0.4,697,175,3.98,38.61%,36.99%,0.162224,2026-08-03
FIS,44.78,2026-08-07,4,Call,48.00,-7.19%,0.45,0.64,0.6,1102,277,3.98,47.74%,85.87%,0.233261,2026-08-03
MO,68.26,2026-08-21,18,Put,69.00,+1.08%,1.88,1.96,1.99,1640,412,3.98,27.39%,24.56%,-0.574455,2026-08-03
USAR,15.86,2026-08-07,4,Call,17.00,-7.19%,0.32,0.35,0.38,3670,921,3.98,105.51%,115.39%,0.304666,2026-08-03
MSFT,487.65,2026-08-07,4,Call,490.00,-0.48%,6.25,6.51,6.8,7323,1839,3.98,30.51%,37.10%,0.461632,2026-08-03
NVDA,206.64,2026-08-05,2,Call,212.50,-2.84%,0.75,0.76,0.78,25714,6475,3.97,41.35%,44.44%,0.203693,2026-08-03
NVO,47.09,2026-08-07,4,Call,48.50,-2.99%,0.9,0.99,1,580,146,3.97,45.15%,78.24%,0.372966,2026-08-03
TOST,32.79,2026-08-07,4,Call,34.00,-3.69%,1.25,1.29,1.35,1489,375,3.97,60.98%,131.83%,0.42437,2026-08-03
RDDT,154.71,2026-08-07,4,Call,162.50,-5.04%,2.27,2.83,2.72,515,130,3.96,67.01%,83.38%,0.303381,2026-08-03
HOOD,90.34,2026-08-07,4,Call,98.00,-8.48%,0.68,0.7,0.73,1962,495,3.96,68.36%,80.27%,0.178303,2026-08-03
TSLA,322.08,2026-08-07,4,Put,265.00,-17.72%,0.08,0.1,0.1,4512,1142,3.95,45.15%,81.06%,-0.009504,2026-08-03
SERV,5.65,2026-09-11,39,Put,8.50,+50.44%,3,3.1,3.2,592,150,3.95,110.70%,132.08%,-0.767482,2026-08-03
INDV,37.37,2026-08-21,18,Call,45.00,-20.42%,0.05,0.2,0.2,857,217,3.95,62.44%,53.28%,0.067311,2026-08-03
AVGO,392.23,2026-08-07,4,Call,390.00,+0.57%,10.55,11,11.05,1614,409,3.95,53.38%,58.65%,0.551234,2026-08-03
IREN,39.75,2026-08-07,4,Call,46.50,-16.98%,0.35,0.4,0.46,544,138,3.94,123.05%,134.43%,0.148847,2026-08-03
CELH,28.23,2026-08-07,4,Call,29.50,-4.50%,1.15,1.1,1.32,575,146,3.94,76.75%,149.06%,0.420161,2026-08-03
META,590.24,2026-08-07,4,Call,620.00,-5.04%,2.56,2.77,2.96,2070,526,3.94,38.89%,48.57%,0.174843,2026-08-03
HNGE,77.65,2026-08-21,18,Put,65.00,-16.29%,0.7,1,1.35,2832,718,3.94,68.85%,79.92%,-0.135701,2026-08-03
NVDA,206.64,2026-08-05,2,Call,195.00,+5.63%,11.7,11.7,12.5,5458,1384,3.94,41.35%,61.13%,0.904522,2026-08-03
PLTR,125.65,2026-08-07,4,Put,105.00,-16.43%,0.86,0.88,0.89,7958,2018,3.94,69.95%,139.30%,-0.095662,2026-08-03
PL,21.53,2026-08-07,4,Call,24.00,-11.47%,0.15,0.22,0.25,1737,442,3.93,104.31%,102.54%,0.169925,2026-08-03
PRIM,87.84,2026-08-21,18,Call,110.00,-25.23%,1.65,1.85,2.65,1049,268,3.91,86.33%,106.69%,0.204833,2026-08-03
DOCU,55.13,2026-09-18,46,Put,50.00,-9.31%,2.48,2.42,2.6,1327,339,3.91,61.11%,63.97%,-0.287392,2026-08-03
CRWV,85.76,2026-08-07,4,Call,82.00,+4.38%,6.5,6.6,6.7,2992,766,3.91,112.95%,127.14%,0.657788,2026-08-03
NRG,138.47,2027-01-15,165,Call,175.00,-26.38%,5.4,7.96,9.5,1350,346,3.9,56.01%,48.92%,0.301994,2026-08-03
INTC,91,2026-08-05,2,Call,88.00,+3.30%,4.35,4.5,4.6,1123,289,3.89,81.59%,102.38%,0.685271,2026-08-03
SOFI,18.03,2026-09-04,32,Call,21.00,-16.47%,0.25,0.24,0.28,1347,346,3.89,51.85%,52.09%,0.1866,2026-08-03
NKE,42.64,2026-08-28,25,Put,39.00,-8.54%,0.36,0.39,0.43,1826,469,3.89,37.87%,37.51%,-0.168848,2026-08-03
TSLA,322.08,2026-08-14,11,Put,312.50,-2.97%,6.1,6.19,6.25,590,152,3.88,45.15%,47.27%,-0.337101,2026-08-03
MU,829.5,2026-08-05,2,Call,915.00,-10.31%,3.85,4.1,4.15,619,160,3.87,88.82%,110.33%,0.123428,2026-08-03
SPOT,486.33,2026-08-07,4,Call,562.50,-15.66%,2,2.41,2.72,774,200,3.87,52.88%,103.39%,0.09911,2026-08-03
HIMS,30.82,2026-08-14,11,Put,26.00,-15.64%,0.77,0.83,0.89,1571,406,3.87,101.28%,130.48%,-0.192579,2026-08-03
MSTR,94.86,2026-08-07,4,Call,106.00,-11.74%,0.42,0.44,0.45,1641,424,3.87,74.13%,83.83%,0.111815,2026-08-03
BIDU,113.06,2026-08-07,4,Call,121.00,-7.02%,0.37,0.53,0.58,1018,264,3.86,54.94%,57.95%,0.139618,2026-08-03
AMZN,284.02,2026-10-16,74,Call,325.00,-14.43%,4.7,5,4.95,2680,695,3.86,32.92%,32.85%,0.215795,2026-08-03
CRWV,85.76,2026-09-18,46,Call,115.00,-34.10%,4.4,4.7,4.7,31413,8143,3.86,112.95%,104.56%,0.276813,2026-08-03
HOOD,90.34,2026-08-07,4,Call,97.00,-7.37%,0.84,0.88,0.9,2744,712,3.85,68.36%,80.00%,0.211047,2026-08-03
NKE,42.64,2026-09-18,46,Put,40.00,-6.19%,1.12,1.16,1.21,88191,22898,3.85,37.87%,38.43%,-0.294737,2026-08-03
ABT,107.12,2026-08-28,25,Call,110.00,-2.69%,2,2.1,2.5,543,141,3.85,28.71%,30.63%,0.38918,2026-08-03
INTC,91,2026-08-05,2,Put,88.00,-3.30%,1.45,1.47,1.56,1379,358,3.85,81.59%,104.22%,-0.317363,2026-08-03
ORCL,141.85,2026-08-07,4,Call,139.00,+2.01%,6.05,6.55,6.4,1944,505,3.85,74.50%,79.19%,0.613713,2026-08-03
NBIS,212.58,2026-08-07,4,Call,295.00,-38.77%,0.16,0.48,0.51,514,134,3.84,140.81%,155.42%,0.02681,2026-08-03
NOW,114.19,2026-08-21,18,Call,118.00,-3.34%,4.65,4.94,4.85,726,189,3.84,60.69%,62.23%,0.438219,2026-08-03
MU,829.5,2026-09-04,32,Call,"1,200.00",-44.67%,9.55,10.9,13.35,942,245,3.84,88.82%,92.58%,0.11536,2026-08-03
KKR,106.56,2026-09-18,46,Call,125.00,-17.30%,0.75,0.96,1.05,2805,730,3.84,39.40%,37.36%,0.133635,2026-08-03
OKLO,41.22,2026-08-07,4,Call,42.00,-1.89%,2.05,2.2,2.26,897,234,3.83,99.44%,145.09%,0.482102,2026-08-03
TMDX,81.55,2026-08-21,18,Call,95.00,-16.49%,1.9,3.05,4.3,1332,348,3.83,89.58%,103.57%,0.294229,2026-08-03
AAOI,110.21,2026-08-07,4,Call,140.00,-27.03%,2.15,2.97,3.1,799,209,3.82,149.13%,233.38%,0.196105,2026-08-03
MU,829.5,2026-08-05,2,Call,785.00,+5.36%,52.35,54.82,56.25,967,253,3.82,88.82%,109.66%,0.764959,2026-08-03
ON,80.4,2026-10-16,74,Call,100.00,-24.38%,5.05,5.25,5.45,2433,637,3.82,87.17%,78.00%,0.335697,2026-08-03
AAPL,303.42,2026-08-07,4,Call,322.50,-6.29%,0.29,0.31,0.34,7239,1894,3.82,27.49%,37.24%,0.062327,2026-08-03
SOFI,18.03,2026-08-07,4,Call,19.00,-5.38%,0.12,0.13,0.13,18630,4871,3.82,51.85%,58.54%,0.206669,2026-08-03
TSLA,322.08,2026-08-07,4,Put,307.50,-4.53%,1.9,1.93,1.94,2213,581,3.81,45.15%,52.69%,-0.191046,2026-08-03
WFC,87.89,2026-08-14,11,Put,86.00,-2.15%,0.8,0.98,1.04,2550,670,3.81,24.39%,28.49%,-0.318025,2026-08-03
GOOG,372.47,2026-08-07,4,Call,385.00,-3.36%,1.77,1.82,1.93,4471,1172,3.81,33.27%,38.97%,0.217205,2026-08-03
MU,829.5,2026-08-05,2,Put,725.00,-12.60%,2.19,2.43,2.43,704,185,3.81,88.82%,124.93%,-0.066251,2026-08-03
AVGO,392.23,2026-08-05,2,Put,375.00,-4.39%,1.24,1.48,1.63,837,220,3.8,53.38%,60.82%,-0.152978,2026-08-03
SHAZ,52.38,2026-08-21,18,Call,55.00,-5.00%,5.9,6.65,6.9,2095,551,3.8,148.20%,160.69%,0.518597,2026-08-03
MU,829.5,2026-08-14,11,Call,825.00,+0.54%,56.9,60.02,58.9,739,195,3.79,88.82%,96.46%,0.548783,2026-08-03
CRWV,85.76,2026-08-07,4,Put,79.00,-7.88%,1.84,1.85,1.9,758,200,3.79,112.95%,130.06%,-0.250225,2026-08-03
INTC,91,2026-08-05,2,Put,89.00,-2.20%,1.79,1.83,1.91,1170,309,3.79,81.59%,103.13%,-0.370232,2026-08-03
SHOP,117.01,2026-08-07,4,Call,160.00,-36.74%,0.13,0.15,0.2,1333,352,3.79,73.52%,147.09%,0.025445,2026-08-03
TTD,18.3,2026-08-07,4,Call,19.00,-3.83%,0.9,0.94,1.03,2733,721,3.79,83.45%,164.80%,0.448657,2026-08-03
ORCL,141.85,2026-08-14,11,Call,145.00,-2.22%,5.45,5.64,5.85,3366,888,3.79,74.50%,71.29%,0.45594,2026-08-03
TSLA,322.08,2026-08-05,2,Put,300.00,-6.86%,0.31,0.33,0.33,4707,1245,3.78,45.15%,60.06%,-0.052201,2026-08-03
TROX,5.7,2026-08-21,18,Put,5.00,-12.28%,0.15,0.2,0.25,1014,268,3.78,92.18%,99.46%,-0.240343,2026-08-03
GME,19.06,2026-09-18,46,Call,18.00,+5.56%,1.94,2.01,2.17,1101,291,3.78,54.65%,58.22%,0.637964,2026-08-03
ORCL,141.85,2026-08-14,11,Call,200.00,-40.99%,0.1,0.13,0.15,1649,436,3.78,74.50%,89.47%,0.0166,2026-08-03
SATL,3.95,2026-09-18,46,Call,5.00,-26.58%,0.3,0.35,0.4,1971,522,3.78,119.39%,120.52%,0.373265,2026-08-03
INTC,91,2026-08-07,4,Put,73.00,-19.78%,0.1,0.13,0.16,581,154,3.77,81.59%,115.21%,-0.029364,2026-08-03
U,33.38,2026-08-07,4,Put,29.50,-11.62%,0.64,0.75,0.99,919,244,3.77,85.01%,171.38%,-0.217545,2026-08-03
AAPL,303.42,2026-08-10,7,Call,305.00,-0.52%,3.7,3.86,4.1,2500,663,3.77,27.49%,27.15%,0.459084,2026-08-03
RGTI,16.02,2026-08-07,4,Call,16.50,-3.00%,0.73,0.75,0.76,3377,895,3.77,101.65%,142.03%,0.451614,2026-08-03
ORCL,141.85,2026-08-07,4,Call,141.00,+0.60%,4.95,4.95,5.25,2310,615,3.76,74.50%,78.68%,0.546538,2026-08-03
CRM,185.95,2026-08-07,4,Call,195.00,-4.87%,1.17,1.24,1.23,3708,985,3.76,49.85%,53.74%,0.208535,2026-08-03
ORCL,141.85,2026-08-07,4,Put,160.00,+12.80%,18.05,18.85,19.2,571,152,3.76,74.50%,83.35%,-0.909508,2026-08-03
AAPL,303.42,2027-09-17,410,Put,240.00,-20.90%,9.65,9.6,10.05,579,154,3.76,27.49%,30.95%,-0.162135,2026-08-03
ON,80.4,2026-08-07,4,Put,80.00,-0.50%,4.2,4.45,4.45,1642,437,3.76,87.17%,135.57%,-0.456842,2026-08-03
MA,570.97,2026-08-21,18,Put,440.00,-22.94%,0,0.11,0.5,592,158,3.75,24.74%,52.51%,-0.010599,2026-08-03
SNAP,5.04,2026-08-14,11,Put,4.50,-10.71%,0.2,0.23,0.23,2456,656,3.74,93.05%,131.86%,-0.269693,2026-08-03
HOOD,90.34,2026-08-07,4,Call,96.00,-6.27%,1.02,1.06,1.17,2471,661,3.74,68.36%,80.68%,0.25057,2026-08-03
TXN,269.04,2026-08-21,18,Call,295.00,-9.65%,3.5,3.89,4.3,2954,790,3.74,50.99%,51.66%,0.229671,2026-08-03
AAPL,303.42,2026-08-05,2,Call,320.00,-5.46%,0.17,0.18,0.18,5098,1364,3.74,27.49%,42.01%,0.04554,2026-08-03
TSLA,322.08,2026-08-05,2,Put,305.00,-5.30%,0.6,0.63,0.63,5761,1541,3.74,45.15%,57.19%,-0.094639,2026-08-03
CRWV,85.76,2026-08-07,4,Put,84.00,-2.05%,3.6,3.75,3.75,712,191,3.73,112.95%,127.45%,-0.411128,2026-08-03
AMD,484.64,2026-08-05,2,Call,530.00,-9.36%,6.7,7.05,7.25,880,236,3.73,78.90%,152.44%,0.231221,2026-08-03
WULF,18.83,2026-08-21,18,Put,13.50,-28.31%,0.16,0.25,0.26,513,138,3.72,108.28%,117.51%,-0.083576,2026-08-03
PRU,122.98,2028-01-21,536,Call,150.00,-21.97%,5.5,6.3,6.9,603,162,3.72,29.98%,25.79%,0.294837,2026-08-03
CRWD,202.54,2026-08-07,4,Call,220.00,-8.62%,0.9,0.98,0.98,1333,358,3.72,64.22%,68.41%,0.132766,2026-08-03
WMT,110.71,2026-08-07,4,Call,111.00,-0.26%,1.21,1.24,1.25,4132,1111,3.72,32.50%,29.27%,0.475916,2026-08-03
PLTR,125.65,2026-08-07,4,Put,108.00,-14.05%,1.28,1.31,1.33,4368,1174,3.72,69.95%,139.23%,-0.13264,2026-08-03
GOOGL,373.51,2026-08-07,4,Call,380.00,-1.74%,3.5,3.58,3.85,10200,2745,3.72,33.76%,40.38%,0.352824,2026-08-03
BA,233.49,2026-08-07,4,Call,235.00,-0.65%,3.1,3.3,3.3,4513,1215,3.71,34.37%,39.95%,0.447015,2026-08-03
HPE,50.24,2026-08-07,4,Put,44.00,-12.42%,0.15,0.2,0.26,638,172,3.71,82.87%,96.00%,-0.084949,2026-08-03
ORCL,141.85,2026-08-07,4,Put,150.00,+5.75%,9.65,10.17,10.05,1659,447,3.71,74.50%,77.53%,-0.740782,2026-08-03
GAP,20.49,2027-03-19,228,Put,15.00,-26.79%,0.89,0.98,1.03,500,135,3.7,53.97%,53.81%,-0.167152,2026-08-03
CRWV,85.76,2026-08-07,4,Put,78.00,-9.05%,1.55,1.61,1.67,655,177,3.7,112.95%,130.79%,-0.222475,2026-08-03
AMZN,284.02,2026-10-16,74,Put,285.00,+0.35%,15.85,16,16.25,692,187,3.7,32.92%,32.34%,-0.466173,2026-08-03
MU,829.5,2026-12-18,137,Put,40.00,-95.18%,0.01,0.16,0.66,1006,272,3.7,88.82%,195.94%,-0.000854,2026-08-03
PLTR,125.65,2026-08-07,4,Call,137.00,-9.03%,3.6,3.64,3.8,2901,783,3.7,69.95%,148.51%,0.317015,2026-08-03
STUB,8.98,2026-08-07,4,Call,5.00,+44.32%,3.8,3.9,4.1,517,140,3.69,85.94%,251.67%,0.990753,2026-08-03
PL,21.53,2026-08-07,4,Call,22.00,-2.18%,0.65,0.73,0.8,1165,316,3.69,104.31%,103.23%,0.44348,2026-08-03
PCT,7.01,2026-08-07,4,Put,6.50,-7.28%,0.25,0.35,0.35,537,146,3.68,109.44%,183.39%,-0.311613,2026-08-03
MU,829.5,2026-08-05,2,Call,"1,030.00",-24.17%,0.2,0.28,0.3,655,178,3.68,88.82%,123.20%,0.010017,2026-08-03
MDB,357.97,2026-11-20,109,Put,200.00,-44.13%,4.2,4.45,5.3,816,222,3.68,77.35%,80.56%,-0.058653,2026-08-03
VG,13.08,2026-09-18,46,Call,15.00,-14.68%,0.7,0.78,0.8,10440,2843,3.67,80.93%,75.98%,0.359846,2026-08-03
BULL,7.26,2026-08-28,25,Put,7.50,+3.31%,0.64,0.69,0.73,532,145,3.67,74.02%,73.65%,-0.525134,2026-08-03
LITE,779.89,2026-08-07,4,Call,850.00,-8.99%,15.4,17.25,18,752,205,3.67,110.80%,126.10%,0.279881,2026-08-03
MU,829.5,2028-01-21,536,Put,50.00,-93.97%,0.67,0.69,1.3,1315,358,3.67,88.82%,106.23%,-0.002067,2026-08-03
MRVL,193.77,2026-08-07,4,Put,149.00,-23.10%,0.21,0.22,0.25,662,181,3.66,96.40%,129.62%,-0.02239,2026-08-03
CAT,830.03,2026-08-07,4,Put,780.00,-6.03%,9.4,10,11.25,794,217,3.66,52.00%,85.52%,-0.228901,2026-08-03
META,590.24,2026-08-05,2,Call,580.00,+1.73%,13.45,14.79,15.25,893,244,3.66,38.89%,47.21%,0.699666,2026-08-03
SPCX,114.53,2026-09-18,46,Call,105.00,+8.32%,20.9,21.63,21.8,2737,747,3.66,114.99%,102.75%,0.667639,2026-08-03
BULL,7.26,2026-08-07,4,Put,7.00,-3.58%,0.1,0.11,0.13,3415,934,3.66,74.02%,74.60%,-0.304832,2026-08-03
PATH,13.05,2026-08-28,25,Call,15.00,-14.94%,0.38,0.43,0.43,2748,752,3.65,79.92%,76.06%,0.278362,2026-08-03
AXTI,68.67,2026-08-07,4,Call,85.00,-23.78%,0.75,1.05,1.25,570,156,3.65,148.48%,184.25%,0.156803,2026-08-03
GME,19.06,2026-08-21,18,Put,19.50,+2.31%,0.97,1.45,1.69,1263,346,3.65,54.65%,63.15%,-0.54051,2026-08-03
AMD,484.64,2026-08-05,2,Call,482.50,+0.44%,22.2,22.86,22.9,718,197,3.64,78.90%,150.05%,0.538706,2026-08-03
VZ,47.36,2026-08-07,4,Put,47.00,-0.76%,0.39,0.5,0.48,1374,377,3.64,25.41%,30.12%,-0.400932,2026-08-03
GOOG,372.47,2026-08-07,4,Call,400.00,-7.39%,0.4,0.42,0.44,6805,1867,3.64,33.27%,42.84%,0.059455,2026-08-03
TSLA,322.08,2026-08-05,2,Call,350.00,-8.67%,0.31,0.33,0.33,6091,1677,3.63,45.15%,66.76%,0.049113,2026-08-03
QCOM,151.57,2026-08-14,11,Put,136.00,-10.27%,1.03,1.24,1.32,532,147,3.62,57.06%,60.55%,-0.138414,2026-08-03
ZVRA,10.06,2027-12-17,501,Call,4.00,+60.24%,4.7,6.65,9,709,196,3.62,89.92%,90.47%,0.926791,2026-08-03
MSFT,487.65,2026-08-21,18,Put,490.00,+0.48%,13.95,14.3,14.85,1128,312,3.62,30.51%,31.23%,-0.507579,2026-08-03
AAPL,303.42,2026-08-07,4,Call,310.00,-2.17%,1.85,1.91,1.92,35368,9774,3.62,27.49%,34.21%,0.283902,2026-08-03
GOOGL,373.51,2026-08-07,4,Call,400.00,-7.09%,0.45,0.47,0.49,8445,2341,3.61,33.76%,42.53%,0.065706,2026-08-03
PL,21.53,2026-08-07,4,Put,19.00,-11.75%,0.1,0.15,0.2,891,247,3.61,104.31%,107.12%,-0.120168,2026-08-03
NBIS,212.58,2026-10-16,74,Call,240.00,-12.90%,37.75,40.08,39.75,935,259,3.61,140.81%,126.64%,0.534067,2026-08-03
NOW,114.19,2026-08-07,4,Call,117.00,-2.46%,2.21,2.29,2.31,1847,512,3.61,60.69%,71.87%,0.389645,2026-08-03
IOT,37.13,2026-08-28,25,Call,42.00,-13.12%,0.7,1,1.05,601,167,3.6,74.07%,62.92%,0.257495,2026-08-03
APO,129.42,2026-08-07,4,Put,121.00,-6.51%,0.05,0.75,0.8,879,244,3.6,41.61%,54.88%,-0.11447,2026-08-03
UWMC,1.92,2026-08-07,4,Put,2.0000,+4.17%,0.1,0.15,0.2,1061,295,3.6,85.65%,126.24%,-0.599609,2026-08-03
AAPL,303.42,2026-08-05,2,Call,322.50,-6.29%,0.11,0.12,0.17,1674,465,3.6,27.49%,45.02%,0.035323,2026-08-03
SOFI,18.03,2026-08-07,4,Put,18.00,-0.17%,0.42,0.44,0.45,5213,1453,3.59,51.85%,60.22%,-0.474861,2026-08-03
VRT,263.05,2026-08-07,4,Call,280.00,-6.44%,3.8,4,4.3,804,224,3.59,71.44%,91.50%,0.274232,2026-08-03
CELH,28.23,2026-08-07,4,Call,29.00,-2.73%,1.17,1.2,1.51,984,274,3.59,76.75%,141.78%,0.458403,2026-08-03
ELVN,58.04,2026-08-21,18,Call,60.00,-3.38%,2.1,3.7,5.5,1118,311,3.59,69.65%,89.51%,0.476591,2026-08-03
GFI,33.96,2026-10-16,74,Put,55.00,+61.96%,21.3,21.5,22.6,4277,1199,3.57,56.50%,77.34%,-0.874378,2026-08-03
BABA,127.3,2026-08-07,4,Call,129.00,-1.34%,1.91,1.95,1.96,1602,449,3.57,48.08%,50.43%,0.411229,2026-08-03
HIMS,30.82,2026-08-07,4,Put,30.50,-1.04%,0.99,1.06,1.14,868,244,3.56,101.28%,95.60%,-0.43737,2026-08-03
HOOD,90.34,2026-08-21,18,Put,87.00,-3.70%,3.6,3.92,4.05,890,250,3.56,68.36%,68.70%,-0.369576,2026-08-03
NVDA,206.64,2026-08-05,2,Call,202.50,+2.00%,5.2,5.3,5.4,14273,4010,3.56,41.35%,45.00%,0.735487,2026-08-03
TSLA,322.08,2026-08-07,4,Put,315.00,-2.20%,3.9,3.95,4,8979,2528,3.55,45.15%,52.36%,-0.330253,2026-08-03
META,590.24,2026-08-10,7,Call,600.00,-1.65%,8.4,9.01,9.5,500,141,3.55,38.89%,39.90%,0.398223,2026-08-03
SPCX,114.53,2026-08-21,18,Call,121.00,-5.65%,10.8,10.3,11,899,253,3.55,114.99%,132.93%,0.487022,2026-08-03
CRML,6.38,2026-08-07,4,Call,6.50,-1.88%,0.2,0.3,0.35,645,182,3.54,110.39%,122.96%,0.469177,2026-08-03
DELL,429.02,2026-11-20,109,Call,700.00,-63.16%,18.4,19.18,19.75,683,193,3.54,89.72%,84.46%,0.208914,2026-08-03
MU,829.5,2026-08-07,4,Call,950.00,-14.53%,6.2,6.2,6.5,7683,2170,3.54,88.82%,111.68%,0.136004,2026-08-03
PLTR,125.65,2026-08-07,4,Call,138.00,-9.83%,3.35,3.4,3.45,4106,1163,3.53,69.95%,147.55%,0.299009,2026-08-03
SOFI,18.03,2026-08-14,11,Call,19.00,-5.38%,0.29,0.29,0.3,9181,2604,3.53,51.85%,51.88%,0.2999,2026-08-03
ASTS,63.52,2026-08-14,11,Call,72.00,-13.35%,2.71,2.93,3.05,979,277,3.53,112.70%,132.56%,0.335496,2026-08-03
CRCL,60.35,2026-08-07,4,Call,62.00,-2.73%,3.05,3.2,3.35,1084,307,3.53,97.01%,155.21%,0.46718,2026-08-03
CAT,830.03,2026-08-07,4,Call,900.00,-8.43%,7.5,8,8.25,1150,326,3.53,52.00%,86.01%,0.197516,2026-08-03
MSFT,487.65,2026-08-05,2,Put,460.00,-5.67%,0.2,0.33,0.33,1643,465,3.53,30.51%,45.46%,-0.039561,2026-08-03
WULF,18.83,2026-08-07,4,Call,17.00,+9.72%,2.2,2.24,2.39,767,218,3.52,108.28%,158.30%,0.755192,2026-08-03
SNAP,5.04,2026-08-28,25,Call,7.00,-38.89%,0.1,0.11,0.12,505,144,3.51,93.05%,110.27%,0.162193,2026-08-03
NNE,17.58,2026-08-07,4,Call,17.00,+3.30%,1.1,1,1.2,653,186,3.51,103.36%,114.16%,0.63452,2026-08-03
MU,829.5,2026-08-07,4,Call,805.00,+2.95%,50.9,55.9,52.55,504,144,3.5,88.82%,111.54%,0.624949,2026-08-03
RDW,9.64,2026-08-14,11,Call,11.00,-14.11%,0.35,0.45,0.45,791,226,3.5,113.35%,129.45%,0.319122,2026-08-03
UPS,106.87,2026-08-07,4,Call,108.00,-1.06%,0.83,0.89,0.97,808,231,3.5,28.55%,31.27%,0.377434,2026-08-03
ACI,11.5,2026-09-18,46,Put,11.00,-4.35%,0.3,0.35,0.55,988,282,3.5,37.18%,39.93%,-0.35445,2026-08-03
LRCX,294.61,2026-08-07,4,Put,265.00,-10.05%,3,3.35,3.6,1118,319,3.5,83.06%,112.66%,-0.168542,2026-08-03
ABT,107.12,2026-08-07,4,Call,110.00,-2.69%,0.4,0.45,0.6,1224,350,3.5,28.71%,33.59%,0.231721,2026-08-03
PLTR,125.65,2026-08-07,4,Call,155.00,-23.36%,0.8,0.84,0.84,12054,3454,3.49,69.95%,145.47%,0.096833,2026-08-03
XE,17.39,2026-09-18,46,Call,20.00,-15.01%,1.6,1.7,1.85,758,217,3.49,111.90%,107.04%,0.434163,2026-08-03
APLD,29.49,2026-08-07,4,Put,29.00,-1.66%,1.21,1.2,1.29,786,225,3.49,105.64%,121.84%,-0.421622,2026-08-03
BLZE,15.59,2026-08-21,18,Call,20.00,-28.29%,0.9,0.95,1.15,1106,317,3.49,145.55%,170.73%,0.321739,2026-08-03
VST,155.94,2026-09-18,46,Call,195.00,-25.05%,1.78,2.2,2.7,1517,435,3.49,58.69%,55.22%,0.153189,2026-08-03
DELL,429.02,2026-08-07,4,Call,425.00,+0.94%,18.25,20.07,21.25,634,182,3.48,89.72%,98.71%,0.558009,2026-08-03
NVDA,206.64,2026-08-14,11,Put,202.50,-2.00%,3.65,3.6,3.75,713,205,3.48,41.35%,39.51%,-0.3665,2026-08-03
BKR,60.81,2026-10-16,74,Call,70.00,-15.11%,0.95,1.07,1.2,507,146,3.47,35.42%,34.77%,0.213467,2026-08-03
MRVL,193.77,2026-08-07,4,Call,202.50,-4.51%,5.2,5.2,5.4,805,232,3.47,96.40%,108.48%,0.371555,2026-08-03
BE,218.32,2026-08-07,4,Call,275.00,-25.96%,1.06,1.28,1.35,842,243,3.47,125.17%,149.80%,0.082129,2026-08-03
CPB,22.37,2026-08-14,11,Call,23.00,-2.82%,0.25,0.3,0.4,854,246,3.47,38.61%,37.85%,0.343215,2026-08-03
MSFT,487.65,2026-08-07,4,Call,495.00,-1.51%,4.35,4.56,4.7,2995,863,3.47,30.51%,36.98%,0.359774,2026-08-03
TSLA,322.08,2026-08-07,4,Call,350.00,-8.67%,0.8,0.8,0.81,17390,5013,3.47,45.15%,57.89%,0.090945,2026-08-03
RZLV,2.57,2026-09-18,46,Call,2.50,+2.72%,0.35,0.4,0.45,678,196,3.46,111.29%,100.40%,0.605964,2026-08-03
OKLO,41.22,2026-08-07,4,Call,56.00,-35.86%,0.02,0.1,0.12,717,207,3.46,99.44%,148.89%,0.029693,2026-08-03
NBIS,212.58,2026-08-07,4,Call,270.00,-27.01%,1.39,1.41,1.58,1583,457,3.46,140.81%,162.63%,0.093911,2026-08-03
AVGO,392.23,2026-08-07,4,Call,422.50,-7.72%,1.22,1.3,1.34,559,162,3.45,53.38%,57.34%,0.114452,2026-08-03
META,590.24,2026-08-05,2,Call,597.50,-1.23%,5,5.7,5.7,1216,352,3.45,38.89%,48.19%,0.374507,2026-08-03
KEEL,4.2,2026-08-14,11,Call,4.00,+4.76%,0.48,0.55,0.56,1511,438,3.45,127.78%,144.79%,0.627094,2026-08-03
AAPL,303.42,2026-08-14,11,Call,307.50,-1.34%,4.3,4.35,4.5,2345,679,3.45,27.49%,28.87%,0.412195,2026-08-03
TSLA,322.08,2026-08-07,4,Call,320.00,+0.65%,8.15,8.3,8.35,18006,5215,3.45,45.15%,52.91%,0.560353,2026-08-03
ACI,11.5,2026-08-14,11,Call,12.00,-4.35%,0.1,0.15,0.2,608,177,3.44,37.18%,42.56%,0.291826,2026-08-03
ORCL,141.85,2026-09-04,32,Call,140.00,+1.30%,12,12.61,14.05,821,239,3.44,74.50%,71.96%,0.569805,2026-08-03
BAC,62.48,2027-07-16,347,Put,30.00,-51.98%,0.11,0.25,0.38,1000,291,3.44,21.44%,42.82%,-0.021755,2026-08-03
SPOT,486.33,2026-08-07,4,Call,510.00,-4.87%,10.05,11.75,13.15,597,174,3.43,52.88%,102.52%,0.349925,2026-08-03
NOW,114.19,2026-08-21,18,Put,103.00,-9.80%,1.73,1.76,1.85,781,228,3.43,60.69%,60.21%,-0.1976,2026-08-03
INTC,91,2026-08-07,4,Put,74.00,-18.68%,0.14,0.17,0.18,1477,430,3.43,81.59%,113.46%,-0.03569,2026-08-03
PSKY,8.22,2026-10-16,74,Call,10.00,-21.65%,0.28,0.3,0.37,2482,723,3.43,61.86%,59.04%,0.274734,2026-08-03
HIMS,30.82,2026-08-07,4,Put,30.00,-2.66%,0.82,0.81,0.84,3578,1045,3.42,101.28%,94.54%,-0.372437,2026-08-03
NVDA,206.64,2026-08-12,9,Call,217.50,-5.26%,1.39,1.36,1.49,558,163,3.42,41.35%,38.41%,0.210018,2026-08-03
NBIS,212.58,2026-08-07,4,Put,215.00,+1.14%,15.45,16.51,16.5,892,261,3.42,140.81%,165.70%,-0.490708,2026-08-03
MSFT,487.65,2026-08-14,11,Call,515.00,-5.61%,2.41,2.64,2.67,998,292,3.42,30.51%,32.33%,0.176434,2026-08-03
AAPL,303.42,2026-08-10,7,Call,315.00,-3.82%,1.07,1.18,1.29,1376,402,3.42,27.49%,28.75%,0.182672,2026-08-03
GOOGL,373.51,2026-08-07,4,Put,360.00,-3.62%,1.56,1.6,1.69,3269,958,3.41,33.76%,40.47%,-0.184407,2026-08-03
EOSE,3.75,2026-08-07,4,Call,4.50,-20.00%,0.13,0.14,0.14,4640,1366,3.4,145.15%,235.49%,0.269346,2026-08-03
REAL,12.53,2026-08-21,18,Put,12.50,-0.24%,0.85,0.95,1.05,7528,2211,3.4,82.37%,88.11%,-0.453302,2026-08-03
PLTR,125.65,2026-08-07,4,Put,110.00,-12.46%,1.65,1.68,1.72,17546,5163,3.4,69.95%,139.68%,-0.162215,2026-08-03
AFRM,75.63,2026-08-07,4,Call,77.00,-1.81%,1.47,1.61,1.77,1640,483,3.4,65.81%,69.87%,0.419387,2026-08-03
CRWD,202.54,2026-08-14,11,Call,205.00,-1.21%,7.3,7.5,7.55,2145,631,3.4,64.22%,60.27%,0.479009,2026-08-03
BMY,65.47,2026-08-07,4,Put,65.00,-0.72%,0.72,0.84,1.07,604,178,3.39,31.49%,40.90%,-0.424753,2026-08-03
TSLA,322.08,2026-08-10,7,Call,322.50,-0.13%,7.8,7.88,8.1,760,224,3.39,45.15%,45.22%,0.508623,2026-08-03
OKLO,41.22,2026-08-07,4,Put,32.00,-22.37%,0.09,0.14,0.19,1038,306,3.39,99.44%,152.91%,-0.048047,2026-08-03
ACN,165.76,2026-08-21,18,Put,120.00,-27.61%,0.05,0.1,0.15,5029,1482,3.39,53.45%,66.01%,-0.011404,2026-08-03
AAPL,303.42,2026-08-05,2,Put,300.00,-1.13%,1.51,1.57,1.6,18493,5461,3.39,27.49%,33.37%,-0.316466,2026-08-03
PLTR,125.65,2026-08-07,4,Put,118.00,-6.09%,3.95,4,4.05,2655,786,3.38,69.95%,141.76%,-0.308588,2026-08-03
KKR,106.56,2026-12-18,137,Put,95.00,-10.85%,4.6,5.7,5.2,15003,4436,3.38,39.40%,40.75%,-0.265984,2026-08-03
SOFI,18.03,2026-09-04,32,Call,20.50,-13.70%,0.32,0.34,0.36,776,230,3.37,51.85%,51.58%,0.228737,2026-08-03
PCG,17.43,2027-03-19,228,Put,13.00,-25.42%,0.39,0.42,0.59,2769,822,3.37,55.78%,42.91%,-0.139296,2026-08-03
POET,7.36,2026-08-07,4,Call,7.50,-1.90%,0.3,0.31,0.32,4941,1465,3.37,117.64%,120.81%,0.46707,2026-08-03
BABA,127.3,2026-08-07,4,Call,130.00,-2.12%,1.58,1.62,1.66,10133,3011,3.37,48.08%,51.40%,0.358427,2026-08-03
CTSH,55.17,2026-08-21,18,Call,57.50,-4.22%,1.45,1.79,1.8,2422,720,3.36,52.26%,52.46%,0.384874,2026-08-03
MU,829.5,2026-08-07,4,Call,850.00,-2.47%,29.05,29.45,29.95,5342,1589,3.36,88.82%,110.59%,0.440514,2026-08-03
DXCM,87.31,2026-08-07,4,Call,87.00,+0.36%,1.7,1.75,2.05,534,159,3.36,40.12%,46.64%,0.541979,2026-08-03
GME,19.06,2026-08-14,11,Put,18.00,-5.56%,0.26,0.35,0.39,748,223,3.35,54.65%,56.92%,-0.268258,2026-08-03
SNDK,1288.03,2026-08-07,4,Call,"1,300.00",-0.93%,100.1,101,102.2,3335,995,3.35,130.45%,197.99%,0.524284,2026-08-03
MSFT,487.65,2027-03-19,228,Call,620.00,-27.14%,14.95,15.7,15.45,2201,658,3.34,30.51%,32.61%,0.233395,2026-08-03
SNAP,5.04,2026-08-07,4,Call,5.50,-9.13%,0.28,0.28,0.29,37317,11175,3.34,93.05%,218.55%,0.395236,2026-08-03
NVDA,206.64,2026-08-07,4,Call,215.00,-4.05%,1.02,1.02,1.05,43545,13029,3.34,41.35%,43.58%,0.200714,2026-08-03
NVDA,206.64,2026-08-12,9,Call,230.00,-11.30%,0.24,0.26,0.28,514,154,3.34,41.35%,40.16%,0.049002,2026-08-03
MU,829.5,2026-08-05,2,Call,890.00,-7.29%,7.25,7.45,7.65,615,184,3.34,88.82%,109.59%,0.204688,2026-08-03
PLTR,125.65,2026-08-21,18,Put,117.00,-6.88%,4.6,4.78,5.05,785,235,3.34,69.95%,79.52%,-0.308219,2026-08-03
CRCL,60.35,2026-08-14,11,Call,65.00,-7.71%,2.8,2.86,3.15,865,259,3.34,97.01%,113.88%,0.393139,2026-08-03
DOCU,55.13,2026-08-14,11,Put,46.00,-16.56%,0.01,0.1,0.22,510,153,3.33,61.11%,63.61%,-0.044204,2026-08-03
AAPL,303.42,2026-08-12,9,Call,315.00,-3.82%,1.55,1.92,1.94,669,201,3.33,27.49%,29.48%,0.221065,2026-08-03
MU,829.5,2026-08-05,2,Call,940.00,-13.32%,1.97,2.2,2.21,1058,318,3.33,88.82%,111.70%,0.070935,2026-08-03
CRWD,202.54,2026-08-14,11,Call,200.00,+1.25%,9.75,9.75,10.1,2780,836,3.33,64.22%,60.86%,0.572463,2026-08-03
PLTR,125.65,2026-08-07,4,Put,104.00,-17.23%,0.75,0.78,0.79,2738,824,3.32,69.95%,139.85%,-0.08574,2026-08-03
MU,829.5,2026-08-07,4,Put,647.50,-21.94%,1.01,1.12,1.27,851,256,3.32,88.82%,126.34%,-0.026085,2026-08-03
CRM,185.95,2026-08-07,4,Put,182.50,-1.86%,2.47,2.54,2.64,1088,329,3.31,49.85%,52.88%,-0.355443,2026-08-03
AAPL,303.42,2026-08-14,11,Call,320.00,-5.46%,1.25,1.34,1.34,6581,1986,3.31,27.49%,29.62%,0.161097,2026-08-03
GOOG,372.47,2026-08-07,4,Call,380.00,-2.02%,2.96,3.05,3.2,7093,2143,3.31,33.27%,38.66%,0.320892,2026-08-03
AAPL,303.42,2026-08-05,2,Put,295.00,-2.78%,0.51,0.54,0.56,5853,1775,3.3,27.49%,34.90%,-0.133812,2026-08-03
MSFT,487.65,2026-08-28,25,Call,525.00,-7.66%,3.6,3.9,4.05,812,246,3.3,30.51%,29.86%,0.18926,2026-08-03
RKT,13.68,2026-11-20,109,Call,17.00,-24.27%,0.83,0.8,0.9,514,156,3.29,68.70%,62.57%,0.333248,2026-08-03
RIVN,15.35,2026-08-07,4,Call,15.50,-0.98%,0.35,0.37,0.37,4435,1350,3.29,59.23%,66.12%,0.461977,2026-08-03
PLTR,125.65,2026-08-07,4,Put,90.00,-28.37%,0.08,0.1,0.12,4987,1517,3.29,69.95%,150.00%,-0.013702,2026-08-03
GME,19.06,2027-03-19,228,Call,22.00,-15.42%,2.01,2.1,2.25,2563,782,3.28,54.65%,56.53%,0.429284,2026-08-03
W,89.31,2026-09-18,46,Call,100.00,-11.97%,3.95,6.1,6.2,3010,919,3.28,79.92%,69.85%,0.377072,2026-08-03
HOOD,90.34,2026-11-20,109,Call,120.00,-32.83%,5.35,5.44,5.6,3094,943,3.28,68.36%,69.94%,0.300924,2026-08-03
RGTI,16.02,2026-08-07,4,Call,19.00,-18.60%,0.19,0.19,0.2,3721,1133,3.28,101.65%,150.34%,0.157958,2026-08-03
CVX,193.18,2026-08-21,18,Put,180.00,-6.82%,0.98,1.12,1.18,5202,1585,3.28,28.10%,31.66%,-0.148876,2026-08-03
SOLS,62.23,2026-09-18,46,Call,75.00,-20.52%,1.1,1.27,1.55,692,211,3.28,57.66%,56.22%,0.207371,2026-08-03
ASTS,63.52,2026-08-07,4,Put,54.00,-14.99%,0.28,0.32,0.32,1169,356,3.28,112.70%,116.33%,-0.081156,2026-08-03
INTC,91,2026-08-05,2,Put,80.00,-12.09%,0.2,0.21,0.23,1627,496,3.28,81.59%,116.18%,-0.061419,2026-08-03
TSLA,322.08,2026-08-05,2,Put,290.00,-9.96%,0.12,0.12,0.13,1731,527,3.28,45.15%,70.03%,-0.020019,2026-08-03
RDDT,154.71,2026-10-16,74,Put,140.00,-9.51%,9.7,9.91,11.2,628,192,3.27,67.01%,65.28%,-0.305776,2026-08-03
HOOD,90.34,2026-08-21,18,Put,82.00,-9.23%,1.99,1.97,2.3,697,213,3.27,68.36%,70.23%,-0.239106,2026-08-03
PLTR,125.65,2026-08-07,4,Call,121.00,+3.70%,10.15,10.1,10.3,1422,435,3.27,69.95%,148.68%,0.626536,2026-08-03
NFLX,73.33,2026-08-07,4,Put,72.00,-1.81%,0.7,0.73,0.72,4496,1373,3.27,36.36%,42.02%,-0.327822,2026-08-03
META,590.24,2026-08-07,4,Call,597.50,-1.23%,8.2,8.74,8.95,752,231,3.26,38.89%,47.45%,0.415217,2026-08-03
RIOT,21.42,2026-08-21,18,Call,20.50,+4.30%,2.59,2.29,2.75,1052,323,3.26,107.08%,116.67%,0.620167,2026-08-03
CCL,28.74,2026-08-07,4,Put,28.00,-2.57%,0.34,0.36,0.39,1404,431,3.26,44.74%,56.80%,-0.318757,2026-08-03
CRML,6.38,2026-08-07,4,Call,6.00,+5.96%,0.5,0.55,0.55,1713,526,3.26,110.39%,114.34%,0.717788,2026-08-03
JD,33.02,2026-08-21,18,Put,32.00,-3.09%,0.68,0.74,0.77,511,157,3.25,38.85%,38.90%,-0.356277,2026-08-03
AMZN,284.02,2026-08-07,4,Call,200.00,+29.58%,83.4,82.9,84.8,1060,326,3.25,32.92%,89.20%,0.999929,2026-08-03
CRWV,85.76,2026-08-07,4,Call,92.00,-7.28%,2.18,2.22,2.25,1187,365,3.25,112.95%,126.17%,0.321749,2026-08-03
PLTR,125.65,2026-08-07,4,Call,120.00,+4.50%,10.7,10.7,10.8,4806,1483,3.24,69.95%,147.63%,0.647135,2026-08-03
NOW,114.19,2026-08-07,4,Call,127.00,-11.22%,0.42,0.45,0.48,616,191,3.23,60.69%,78.00%,0.104458,2026-08-03
RDDT,154.71,2026-08-07,4,Call,157.50,-1.80%,3.65,4.28,4.5,694,215,3.23,67.01%,81.77%,0.435897,2026-08-03
INTC,91,2026-08-07,4,Put,78.00,-14.29%,0.37,0.37,0.4,1490,461,3.23,81.59%,108.67%,-0.078572,2026-08-03
SIMO,251.52,2026-12-18,137,Call,250.00,+0.60%,57,63.1,62.5,521,162,3.22,100.73%,96.08%,0.625227,2026-08-03
UBER,71.61,2026-08-14,11,Call,73.00,-1.94%,2.13,2.25,2.29,779,242,3.22,44.44%,56.31%,0.445657,2026-08-03
DOCU,55.13,2026-08-21,18,Call,58.00,-5.21%,1.03,1.78,1.72,1330,413,3.22,61.11%,50.38%,0.351317,2026-08-03
MSTR,94.86,2026-08-07,4,Call,107.00,-12.80%,0.34,0.37,0.4,1694,526,3.22,74.13%,85.16%,0.096482,2026-08-03
APLD,29.49,2026-09-18,46,Call,32.00,-8.51%,3.25,3.37,3.45,3190,992,3.22,105.64%,102.62%,0.488323,2026-08-03
TSLA,322.08,2026-08-07,4,Call,325.00,-0.91%,5.85,5.85,5.95,16941,5268,3.22,45.15%,53.38%,0.449673,2026-08-03
MU,829.5,2026-08-05,2,Call,950.00,-14.53%,1.61,1.66,1.68,3039,946,3.21,88.82%,112.95%,0.057259,2026-08-03
WRBY,28.28,2026-08-07,4,Call,27.00,+4.53%,2.4,2.85,2.75,3264,1016,3.21,90.92%,161.28%,0.641007,2026-08-03
GOOG,372.47,2026-08-07,4,Put,350.00,-6.03%,0.49,0.52,0.53,3515,1096,3.21,33.27%,41.20%,-0.070461,2026-08-03
TSLA,322.08,2026-08-07,4,Call,322.50,-0.13%,6.9,6.93,7.05,7515,2338,3.21,45.15%,52.92%,0.504528,2026-08-03
TSLA,322.08,2026-08-05,2,Call,347.50,-7.89%,0.39,0.39,0.41,636,198,3.21,45.15%,65.10%,0.060791,2026-08-03
NBIS,212.58,2026-08-07,4,Call,265.00,-24.66%,1.74,1.9,2.01,929,289,3.21,140.81%,162.86%,0.114032,2026-08-03
MCD,265.23,2026-08-07,4,Call,277.50,-4.63%,1.39,1.7,1.83,1234,384,3.21,28.21%,51.06%,0.206695,2026-08-03
APLD,29.49,2026-08-07,4,Call,31.00,-5.12%,0.85,0.86,0.92,2033,633,3.21,105.64%,120.29%,0.370511,2026-08-03
INTC,91,2026-08-07,4,Call,101.00,-10.99%,0.81,0.84,0.87,2112,658,3.21,81.59%,99.72%,0.172711,2026-08-03
CRWV,85.76,2026-08-07,4,Put,83.00,-3.22%,3.15,3.24,3.3,815,255,3.2,112.95%,127.33%,-0.376522,2026-08-03
ANET,184.89,2026-08-07,4,Call,190.00,-2.76%,7.25,7.75,8.25,3184,995,3.2,72.45%,128.74%,0.447497,2026-08-03
PLTR,125.65,2026-08-07,4,Call,136.00,-8.24%,3.9,3.95,4,4032,1264,3.19,69.95%,148.06%,0.33334,2026-08-03
AMZN,284.02,2026-08-05,2,Put,270.00,-4.94%,0.24,0.24,0.26,4041,1266,3.19,32.92%,44.80%,-0.060714,2026-08-03
APLD,29.49,2026-08-07,4,Call,33.50,-13.60%,0.29,0.31,0.33,612,192,3.19,105.64%,118.56%,0.168008,2026-08-03
GOOG,372.47,2026-08-14,11,Call,390.00,-4.71%,2.86,3.35,3.25,1075,337,3.19,33.27%,34.84%,0.237795,2026-08-03
SPCX,114.53,2026-08-07,4,Put,97.00,-15.31%,2.65,2.7,2.75,1970,618,3.19,114.99%,201.06%,-0.185047,2026-08-03
DNUT,3.06,2026-08-07,4,Put,3.00,-1.96%,0.1,0.14,0.15,1461,459,3.18,83.10%,121.05%,-0.413155,2026-08-03
VKTX,32.61,2026-08-07,4,Call,34.00,-4.26%,0.32,0.53,0.55,596,188,3.17,77.31%,69.93%,0.298676,2026-08-03
META,590.24,2026-08-28,25,Call,660.00,-11.82%,4.85,5.2,5.4,698,220,3.17,38.89%,40.40%,0.162838,2026-08-03
BAX,28.1,2026-08-21,18,Call,30.00,-6.76%,0.35,0.5,0.55,723,228,3.17,44.90%,44.55%,0.276029,2026-08-03
CRWV,85.76,2026-08-07,4,Call,90.00,-4.94%,2.77,2.82,2.87,7127,2249,3.17,112.95%,126.05%,0.383324,2026-08-03
INTC,91,2026-08-05,2,Put,90.00,-1.10%,2.21,2.23,2.32,6810,2152,3.16,81.59%,102.64%,-0.426481,2026-08-03
GEHC,69.73,2026-10-16,74,Call,77.50,-11.14%,1.4,1.75,1.95,655,207,3.16,34.06%,33.22%,0.279518,2026-08-03
RDDT,154.71,2026-08-07,4,Call,170.00,-9.88%,0.96,1.04,1.1,2114,670,3.16,67.01%,83.66%,0.15201,2026-08-03
AMZN,284.02,2026-08-10,7,Call,285.00,-0.35%,4.7,4.9,5.25,1127,358,3.15,32.92%,34.10%,0.486196,2026-08-03
MU,829.5,2026-08-07,4,Call,825.00,+0.54%,39.4,41.5,42.6,1308,415,3.15,88.82%,111.65%,0.543126,2026-08-03
NOW,114.19,2026-08-14,11,Call,145.00,-26.98%,0.07,0.22,0.4,1412,448,3.15,60.69%,75.67%,0.040559,2026-08-03
MOS,21.81,2026-08-07,4,Put,21.50,-1.42%,0.6,0.64,0.7,1499,476,3.15,52.79%,87.98%,-0.420131,2026-08-03
POET,7.36,2026-08-14,11,Call,7.50,-1.90%,0.54,0.6,0.62,1529,485,3.15,117.64%,125.43%,0.510906,2026-08-03
ORCL,141.85,2026-08-07,4,Call,136.00,+4.12%,7.9,8,8.3,3710,1178,3.15,74.50%,78.81%,0.710366,2026-08-03
ORCL,141.85,2026-08-07,4,Put,130.00,-8.35%,0.72,0.75,0.84,4572,1453,3.15,74.50%,77.22%,-0.130825,2026-08-03
SNDK,1288.03,2026-08-07,4,Call,"1,250.00",+2.95%,125.3,126.43,127.8,2286,729,3.14,130.45%,200.77%,0.59855,2026-08-03
TSLA,322.08,2026-08-05,2,Put,307.50,-4.53%,0.86,0.86,0.89,3268,1042,3.14,45.15%,56.36%,-0.128062,2026-08-03
NVDA,206.64,2026-08-14,11,Call,222.50,-7.68%,1.04,1.03,1.12,944,301,3.14,41.35%,39.49%,0.15134,2026-08-03
RDDT,154.71,2026-08-07,4,Put,155.00,+0.19%,4.9,5.1,5.75,680,217,3.13,67.01%,80.54%,-0.490524,2026-08-03
AAPL,303.42,2026-08-14,11,Call,317.50,-4.64%,1.58,1.6,1.74,957,306,3.13,27.49%,29.26%,0.198107,2026-08-03
C,133.57,2026-08-07,4,Call,136.00,-1.82%,0.74,0.8,0.88,1314,420,3.13,29.23%,31.20%,0.298181,2026-08-03
PFE,25.03,2026-08-07,4,Call,25.50,-1.88%,0.21,0.22,0.22,27574,8798,3.13,24.37%,38.90%,0.328484,2026-08-03
WULF,18.83,2026-08-07,4,Call,21.50,-14.18%,0.3,0.39,0.4,6268,2008,3.12,108.28%,151.09%,0.220515,2026-08-03
PLTR,125.65,2026-08-07,4,Call,126.00,-0.28%,7.6,7.6,7.7,10450,3352,3.12,69.95%,148.60%,0.524898,2026-08-03
MRK,127.77,2026-08-07,4,Put,124.00,-2.95%,1.35,1.42,1.65,1525,489,3.12,34.70%,57.51%,-0.298241,2026-08-03
TSLA,322.08,2026-08-10,7,Put,250.00,-22.38%,0.09,0.11,0.14,1807,579,3.12,45.15%,79.76%,-0.009277,2026-08-03
RGTI,16.02,2026-08-07,4,Put,18.00,+12.36%,2.29,2.2,2.35,822,264,3.11,101.65%,148.28%,-0.749146,2026-08-03
INTC,91,2026-08-05,2,Call,98.00,-7.69%,0.58,0.59,0.64,912,293,3.11,81.59%,101.56%,0.172063,2026-08-03
AMD,484.64,2026-08-07,4,Call,480.00,+0.96%,26.9,27.3,27.85,1387,446,3.11,78.90%,123.66%,0.556509,2026-08-03
NVDA,206.64,2026-08-05,2,Call,200.00,+3.21%,7.15,7.2,7.5,15697,5046,3.11,41.35%,46.89%,0.832324,2026-08-03
GOOGL,373.51,2027-01-15,165,Call,390.00,-4.41%,30.8,31.72,31.8,8400,2706,3.1,33.76%,35.73%,0.50276,2026-08-03
NBIS,212.58,2026-08-07,4,Put,149.00,-29.91%,0.53,0.53,0.78,626,202,3.1,140.81%,198.53%,-0.034714,2026-08-03
SNAP,5.04,2026-09-04,32,Call,4.50,+10.71%,0.7,0.81,1.1,711,229,3.1,93.05%,103.81%,0.702989,2026-08-03
PLTR,125.65,2026-08-07,4,Put,116.00,-7.68%,3.25,3.3,3.35,1577,509,3.1,69.95%,141.36%,-0.268808,2026-08-03
WHR,39.21,2027-03-19,228,Call,40.00,-2.01%,7.7,8.49,9,506,164,3.09,73.01%,76.97%,0.571802,2026-08-03
AMZN,284.02,2026-08-07,4,Call,210.00,+26.06%,73.85,75.51,74.65,553,179,3.09,32.92%,129.27%,0.989319,2026-08-03
SNOW,307.53,2026-11-20,109,Call,420.00,-36.57%,12.95,14.2,13.9,762,247,3.09,69.66%,64.02%,0.247225,2026-08-03
INTC,91,2026-08-05,2,Put,82.00,-9.89%,0.34,0.33,0.39,850,275,3.09,81.59%,112.77%,-0.098305,2026-08-03
CMCSA,24.56,2026-08-14,11,Put,23.50,-4.32%,0.17,0.21,0.25,1012,328,3.09,34.71%,35.63%,-0.230348,2026-08-03
PLTR,125.65,2026-08-07,4,Call,144.00,-14.60%,2.09,2.1,2.14,2252,729,3.09,69.95%,146.36%,0.208798,2026-08-03
AAPL,303.42,2026-08-05,2,Call,302.50,+0.30%,3.4,3.5,3.6,3135,1015,3.09,27.49%,33.40%,0.556634,2026-08-03
MSFT,487.65,2026-08-28,25,Call,540.00,-10.74%,1.7,2.03,2.02,515,167,3.08,30.51%,29.68%,0.105828,2026-08-03
HOOD,90.34,2026-08-14,11,Call,110.00,-21.76%,0.35,0.37,0.4,1212,394,3.08,68.36%,74.94%,0.074914,2026-08-03
BRK.B,513.14,2026-08-07,4,Put,510.00,-0.61%,1.81,2.2,2.36,558,182,3.07,16.08%,16.37%,-0.349678,2026-08-03
QBTS,19.98,2026-09-18,46,Call,16.00,+19.92%,4.65,5.1,5.8,1109,361,3.07,102.39%,108.60%,0.782653,2026-08-03
AMZN,284.02,2026-08-05,2,Call,275.00,+3.18%,9.55,9.6,10,4217,1377,3.06,32.92%,42.74%,0.851366,2026-08-03
IREN,39.75,2026-11-20,109,Call,40.00,-0.63%,9.85,10.1,10.2,4471,1463,3.06,123.05%,116.74%,0.628223,2026-08-03
IREN,39.75,2026-08-07,4,Call,43.00,-8.18%,1.07,1.11,1.12,5464,1784,3.06,123.05%,137.31%,0.318387,2026-08-03
HOOD,90.34,2026-08-21,18,Call,98.00,-8.48%,2.76,2.87,3.15,619,202,3.06,68.36%,71.68%,0.337059,2026-08-03
RIOT,21.42,2026-08-07,4,Call,21.00,+1.96%,1.43,1.6,1.67,799,261,3.06,107.08%,149.76%,0.582095,2026-08-03
AAPL,303.42,2026-08-10,7,Put,300.00,-1.13%,3.05,3.17,3.3,1212,396,3.06,27.49%,28.54%,-0.374508,2026-08-03
ON,80.4,2026-08-07,4,Call,94.00,-16.92%,0.7,0.82,0.92,887,291,3.05,87.17%,133.64%,0.148157,2026-08-03
TSLA,322.08,2026-08-10,7,Call,325.00,-0.91%,6.75,6.83,6.9,1173,384,3.05,45.15%,45.35%,0.459671,2026-08-03
PCG,17.43,2026-08-21,18,Call,20.00,-14.74%,0.1,0.1,0.2,4713,1544,3.05,55.78%,54.86%,0.14493,2026-08-03
PLTR,125.65,2026-08-07,4,Put,114.00,-9.27%,2.6,2.66,2.69,2286,751,3.04,69.95%,139.94%,-0.229667,2026-08-03
KMI,31.4,2026-08-21,18,Call,32.00,-1.91%,0.41,0.4,0.48,2329,767,3.04,23.55%,25.14%,0.377008,2026-08-03
ORCL,141.85,2026-08-28,25,Call,140.00,+1.30%,10.9,11.3,11.4,3035,997,3.04,74.50%,68.76%,0.567511,2026-08-03
QCOM,151.57,2026-08-07,4,Call,155.00,-2.26%,2.7,2.73,2.81,8459,2780,3.04,57.06%,66.32%,0.38745,2026-08-03
FVRR,9.46,2026-08-21,18,Put,9.00,-4.86%,0.25,0.36,0.4,1291,425,3.04,66.54%,64.78%,-0.333961,2026-08-03
AMZN,284.02,2026-08-05,2,Put,267.50,-5.82%,0.15,0.16,0.17,1456,479,3.04,32.92%,46.78%,-0.0398,2026-08-03
QUBT,8.74,2026-08-14,11,Call,11.00,-25.86%,0.02,0.14,0.15,1488,490,3.04,100.60%,103.67%,0.118611,2026-08-03
BAX,28.1,2026-09-18,46,Call,30.00,-6.76%,0.75,0.93,1.1,1957,643,3.04,44.90%,40.51%,0.3624,2026-08-03
CHYM,24.26,2028-01-21,536,Call,30.00,-23.66%,6,6.37,6.8,2513,829,3.03,74.77%,66.88%,0.585771,2026-08-03
CAPR,4.2,2027-01-15,165,Call,20.00,-376.19%,0.5,0.75,1.1,3252,1075,3.03,285.89%,213.84%,0.36146,2026-08-03
SNAP,5.04,2026-08-14,11,Call,5.50,-9.13%,0.31,0.32,0.33,4431,1468,3.02,93.05%,141.77%,0.410039,2026-08-03
DDOG,273.6,2026-09-18,46,Call,360.00,-31.58%,7.25,7.55,7.7,511,169,3.02,84.84%,77.76%,0.200659,2026-08-03
TSLA,322.08,2026-08-14,11,Call,322.50,-0.13%,10.55,10.57,10.75,1445,478,3.02,45.15%,47.91%,0.515581,2026-08-03
SNDK,1288.03,2026-08-07,4,Call,"1,260.00",+2.18%,119.5,130.46,124.9,755,251,3.01,130.45%,202.16%,0.583819,2026-08-03
GOOG,372.47,2027-03-19,228,Call,490.00,-31.55%,12,12.67,13.2,1089,362,3.01,33.27%,36.24%,0.231577,2026-08-03
TSLA,322.08,2026-08-07,4,Call,347.50,-7.89%,0.96,0.97,0.99,1265,420,3.01,45.15%,56.99%,0.108078,2026-08-03
NVDA,206.64,2026-08-05,2,Call,197.50,+4.42%,9.25,9.25,9.9,4103,1361,3.01,41.35%,50.16%,0.89282,2026-08-03
PLTR,125.65,2026-08-07,4,Put,100.00,-20.41%,0.43,0.44,0.45,14519,4841,3,69.95%,141.56%,-0.052896,2026-08-03
UPS,106.87,2026-08-07,4,Call,109.00,-1.99%,0.54,0.59,0.64,528,176,3,28.55%,31.38%,0.277002,2026-08-03
PG,144.97,2026-08-07,4,Call,149.00,-2.78%,0.34,0.43,0.5,610,203,3,22.78%,28.33%,0.182018,2026-08-03
IONQ,38.85,2026-09-04,32,Call,40.00,-2.96%,3.95,4.72,4.85,634,211,3,103.30%,105.68%,0.52934,2026-08-03
DIS,98.14,2026-08-14,11,Call,104.00,-5.97%,1.11,1.25,1.43,847,282,3,35.94%,49.02%,0.261867,2026-08-03
AXTI,68.67,2026-08-07,4,Put,50.00,-27.19%,0.25,0.3,0.4,915,305,3,148.48%,197.45%,-0.050479,2026-08-03
MCD,265.23,2026-08-07,4,Call,275.00,-3.68%,2.05,2.12,2.31,1109,370,3,28.21%,51.39%,0.25977,2026-08-03
IONQ,38.85,2026-08-14,11,Call,45.00,-15.83%,1.19,1.41,1.37,1229,409,3,103.30%,121.79%,0.279511,2026-08-03
TSLA,322.08,2026-08-10,7,Call,327.50,-1.68%,5.75,5.84,5.9,696,233,2.99,45.15%,45.50%,0.412024,2026-08-03
SPCX,114.53,2026-12-18,137,Call,110.00,+3.96%,25.5,25.3,26.5,831,278,2.99,114.99%,84.71%,0.642479,2026-08-03
CRWV,85.76,2026-08-07,4,Put,80.00,-6.72%,2.11,2.15,2.16,2834,949,2.99,112.95%,128.52%,-0.278698,2026-08-03
MSFT,487.65,2026-08-07,4,Put,460.00,-5.67%,0.79,0.85,0.86,3121,1045,2.99,30.51%,41.30%,-0.084021,2026-08-03
NVDA,206.64,2026-08-07,4,Put,202.50,-2.00%,1.92,1.94,1.97,6761,2264,2.99,41.35%,42.97%,-0.315918,2026-08-03
META,590.24,2026-08-07,4,Put,580.00,-1.73%,6.35,6.68,6.95,3189,1071,2.98,38.89%,45.41%,-0.345133,2026-08-03
DELL,429.02,2026-08-07,4,Call,440.00,-2.56%,11.5,13.27,13,620,208,2.98,89.72%,94.43%,0.41959,2026-08-03
TSLA,322.08,2026-08-10,7,Call,340.00,-5.56%,2.43,2.47,2.5,780,263,2.97,45.15%,46.79%,0.214019,2026-08-03
MSTR,94.86,2026-08-07,4,Call,97.50,-2.78%,2.03,2.2,2.24,1304,439,2.97,74.13%,81.52%,0.391892,2026-08-03
PLTR,125.65,2026-08-07,4,Call,140.00,-11.42%,2.9,2.91,2.95,26912,9097,2.96,69.95%,147.35%,0.267147,2026-08-03
QBTS,19.98,2026-08-14,11,Put,17.00,-14.91%,0.4,0.38,0.51,541,183,2.96,102.39%,117.73%,-0.184769,2026-08-03
META,590.24,2026-08-05,2,Call,570.00,+3.43%,21.1,22.56,23.65,649,219,2.96,38.89%,50.54%,0.830527,2026-08-03
ZM,98.25,2026-11-20,109,Call,92.50,+5.85%,12.9,13.45,14.75,716,242,2.96,51.31%,48.80%,0.656387,2026-08-03
AMZN,284.02,2026-08-10,7,Put,285.00,+0.35%,5.4,5.7,5.95,734,248,2.96,32.92%,33.49%,-0.515785,2026-08-03
TSLA,322.08,2026-08-21,18,Call,317.50,+1.42%,15.65,15.7,15.95,925,312,2.96,45.15%,46.18%,0.582547,2026-08-03
BA,233.49,2027-01-15,165,Call,285.00,-22.06%,5.8,7.34,7.7,1581,534,2.96,34.37%,35.17%,0.233222,2026-08-03
GOOG,372.47,2026-08-07,4,Put,355.00,-4.69%,0.9,0.96,0.97,1981,670,2.96,33.27%,40.00%,-0.119718,2026-08-03
CRWD,202.54,2026-09-18,46,Call,245.00,-20.96%,5.4,6.42,7.25,876,297,2.95,64.22%,66.03%,0.249867,2026-08-03
MS,211.23,2027-06-17,318,Put,160.00,-24.25%,6.6,6.9,7.25,1069,362,2.95,32.16%,37.40%,-0.152997,2026-08-03
AVGO,392.23,2026-08-07,4,Put,340.00,-13.32%,0.21,0.25,0.33,1432,485,2.95,53.38%,70.58%,-0.02413,2026-08-03
AAPL,303.42,2026-08-07,4,Put,297.50,-1.95%,1.72,1.79,1.89,4117,1396,2.95,27.49%,32.97%,-0.275124,2026-08-03
SBUX,103.37,2026-08-07,4,Put,105.00,+1.58%,2.3,2.46,2.54,549,187,2.94,29.14%,33.85%,-0.663062,2026-08-03
IOVA,4.32,2026-09-04,32,Call,1.50,+65.28%,2.35,4,3.7,534,182,2.93,129.17%,357.86%,0.937014,2026-08-03
HTZ,1.53,2028-06-16,683,Call,3.0000,-96.08%,0.45,0.65,5,560,191,2.93,143.78%,112.66%,0.649076,2026-08-03
CIFR,24.16,2026-08-07,4,Call,32.00,-32.45%,0.13,0.17,0.26,565,193,2.93,123.91%,189.47%,0.094116,2026-08-03
AAOI,110.21,2026-12-18,137,Call,105.00,+4.73%,35.8,36.9,37.7,738,252,2.93,149.13%,130.92%,0.684185,2026-08-03
BIDU,113.06,2026-08-14,11,Call,130.00,-14.98%,0.13,0.5,0.9,1252,427,2.93,54.94%,59.31%,0.097837,2026-08-03
NUAI,5.1,2026-08-14,11,Call,6.00,-17.65%,0.25,0.35,0.5,3418,1165,2.93,185.84%,193.23%,0.376919,2026-08-03
PURR,6.58,2026-09-18,46,Call,7.00,-6.38%,0.7,0.79,0.85,7151,2437,2.93,99.66%,100.23%,0.506834,2026-08-03
SPCX,114.53,2026-08-14,11,Call,265.00,-131.38%,0.6,0.5,0.7,516,177,2.92,114.99%,243.79%,0.038545,2026-08-03
RIVN,15.35,2026-08-28,25,Call,16.00,-4.23%,0.66,0.8,0.87,1376,472,2.92,59.23%,63.68%,0.440906,2026-08-03
APLD,29.49,2026-08-07,4,Call,34.00,-15.29%,0.2,0.2,0.28,1717,589,2.92,105.64%,117.53%,0.137427,2026-08-03
NBIS,212.58,2026-09-18,46,Call,390.00,-83.46%,5.35,6.7,7.5,1072,369,2.91,140.81%,133.23%,0.149941,2026-08-03
HUT,112.08,2026-09-18,46,Put,75.00,-33.08%,3.2,3.59,3.95,1701,584,2.91,120.06%,120.95%,-0.12301,2026-08-03
MU,829.5,2026-08-07,4,Call,790.00,+4.76%,59.9,61.35,62.25,527,182,2.9,88.82%,112.16%,0.68354,2026-08-03
MOS,21.81,2026-08-07,4,Call,22.50,-3.16%,0.4,0.46,0.55,784,270,2.9,52.79%,83.46%,0.376915,2026-08-03
BA,233.49,2026-08-07,4,Call,227.50,+2.57%,7.35,7.9,8.1,1559,538,2.9,34.37%,42.01%,0.729964,2026-08-03
ENPH,39.35,2026-08-07,4,Call,45.00,-14.36%,0.21,0.25,0.26,1569,541,2.9,86.16%,103.14%,0.118012,2026-08-03
ENTG,125.2,2026-08-21,18,Call,160.00,-27.80%,1.1,1.9,2.5,2097,723,2.9,95.71%,94.56%,0.14562,2026-08-03
VZ,47.36,2026-08-07,4,Call,47.50,-0.30%,0.49,0.57,0.58,2495,860,2.9,25.41%,30.66%,0.467071,2026-08-03
RUN,10.43,2026-08-21,18,Call,12.00,-15.05%,0.45,0.5,0.51,3255,1124,2.9,97.82%,109.52%,0.327188,2026-08-03
SOFI,18.03,2026-08-21,18,Call,19.50,-8.15%,0.31,0.32,0.33,5598,1931,2.9,51.85%,51.36%,0.269423,2026-08-03
NVDA,206.64,2026-08-07,4,Put,205.00,-0.79%,2.83,2.85,2.89,19721,6810,2.9,41.35%,42.46%,-0.417602,2026-08-03
INTC,91,2026-08-05,2,Call,93.00,-2.20%,1.84,1.87,1.91,2335,808,2.89,81.59%,101.42%,0.401338,2026-08-03
PLTR,125.65,2026-08-07,4,Put,120.00,-4.50%,4.75,4.75,4.85,7874,2722,2.89,69.95%,142.42%,-0.349946,2026-08-03
F,14.43,2026-08-07,4,Put,14.50,+0.49%,0.26,0.26,0.27,9224,3193,2.89,34.35%,37.75%,-0.541155,2026-08-03
TSM,406.11,2026-08-14,11,Put,305.00,-24.90%,0.05,0.2,0.19,583,202,2.89,47.72%,69.31%,-0.007216,2026-08-03
BA,233.49,2026-08-07,4,Put,220.00,-5.78%,0.41,0.44,0.46,1210,418,2.89,34.37%,42.81%,-0.08833,2026-08-03
RIO,95.9,2026-09-18,46,Put,82.50,-13.97%,0.5,0.85,0.9,1526,528,2.89,32.98%,35.26%,-0.113297,2026-08-03
BE,218.32,2028-06-16,683,Call,250.00,-14.51%,115.75,117,118.5,513,178,2.88,125.17%,110.43%,0.762966,2026-08-03
OKLO,41.22,2026-08-07,4,Call,40.50,+1.75%,2.75,2.95,3.05,584,203,2.88,99.44%,147.56%,0.576875,2026-08-03
SNAP,5.04,2026-09-04,32,Call,5.00,+0.79%,0.55,0.57,0.66,961,334,2.88,93.05%,97.71%,0.572775,2026-08-03
GME,19.06,2026-10-16,74,Call,18.00,+5.56%,2.1,2.3,3,4969,1723,2.88,54.65%,62.45%,0.621074,2026-08-03
ORCL,141.85,2026-08-07,4,Call,138.00,+2.71%,6.6,7.15,7,3598,1253,2.87,74.50%,78.77%,0.647164,2026-08-03
GME,19.06,2026-09-18,46,Put,14.00,-26.55%,0,0.16,0.43,1024,357,2.87,54.65%,69.98%,-0.088266,2026-08-03
AAPL,303.42,2028-03-17,592,Call,310.00,-2.17%,50,51.3,52.6,1620,564,2.87,27.49%,30.36%,0.611793,2026-08-03
RCAT,8.26,2026-08-14,11,Call,10.50,-27.12%,0.14,0.22,0.26,546,191,2.86,116.78%,141.55%,0.197873,2026-08-03
UNH,415.36,2026-08-07,4,Call,435.00,-4.73%,0.41,0.49,0.51,1055,369,2.86,28.86%,30.61%,0.077627,2026-08-03
APLD,29.49,2027-01-15,165,Call,4.00,+86.44%,24.4,25.5,27.6,2090,731,2.86,105.64%,210.10%,0.983536,2026-08-03
AAPL,303.42,2026-08-14,11,Call,305.00,-0.52%,5.3,5.45,5.6,2892,1012,2.86,27.49%,28.82%,0.476396,2026-08-03
MCD,265.23,2026-08-07,4,Put,257.50,-2.91%,2.07,1.95,2.41,505,177,2.85,28.21%,47.90%,-0.268671,2026-08-03
SFM,88.81,2026-08-21,18,Put,85.00,-4.29%,1.6,1.55,2,568,199,2.85,45.06%,44.44%,-0.305302,2026-08-03
AZN,157.97,2026-08-21,18,Call,165.00,-4.45%,1.95,2.25,2.5,705,247,2.85,33.33%,35.07%,0.297518,2026-08-03
FISV,54.35,2026-08-07,4,Put,50.00,-8.00%,0.8,0.81,0.85,1638,577,2.84,55.28%,110.46%,-0.216986,2026-08-03
GOOGL,373.51,2026-08-07,4,Call,370.00,+0.94%,7.9,8.25,8.45,6014,2118,2.84,33.76%,39.82%,0.601121,2026-08-03
PATH,13.05,2026-08-07,4,Call,14.00,-7.28%,0.13,0.15,0.15,10147,3570,2.84,79.92%,82.99%,0.223356,2026-08-03
CRWV,85.76,2026-08-07,4,Call,83.00,+3.22%,5.9,6.02,6.15,2852,1008,2.83,112.95%,127.58%,0.623517,2026-08-03
NVDA,206.64,2026-08-12,9,Call,222.50,-7.68%,0.69,0.7,0.75,557,197,2.83,41.35%,38.63%,0.119785,2026-08-03
BX,134.68,2026-08-07,4,Call,140.00,-3.95%,0.54,0.65,0.72,722,255,2.83,38.16%,42.05%,0.195507,2026-08-03
CCL,28.74,2026-10-16,74,Put,21.00,-26.93%,0.15,0.27,0.3,713,253,2.82,44.74%,51.64%,-0.069325,2026-08-03
CORZ,22.83,2026-08-14,11,Call,25.00,-9.51%,0.65,0.71,0.88,898,319,2.82,91.10%,97.77%,0.328606,2026-08-03
SPCX,114.53,2026-08-14,11,Put,93.00,-18.80%,3.1,3.3,3.3,1091,387,2.82,114.99%,150.14%,-0.175385,2026-08-03
AG,15.7,2026-08-07,4,Call,16.00,-1.91%,0.32,0.34,0.37,1696,601,2.82,64.07%,72.22%,0.417615,2026-08-03
PLTR,125.65,2026-08-07,4,Call,133.00,-5.85%,4.8,4.9,4.9,3267,1157,2.82,69.95%,147.84%,0.386892,2026-08-03
SNAP,5.04,2026-08-07,4,Call,6.50,-28.97%,0.09,0.1,0.1,12376,4386,2.82,93.05%,224.18%,0.16725,2026-08-03
MSFT,487.65,2026-08-07,4,Call,485.00,+0.54%,8.65,8.95,9.4,3685,1310,2.81,30.51%,37.14%,0.566564,2026-08-03
HPE,50.24,2026-08-07,4,Call,53.00,-5.49%,0.72,0.9,1.03,615,219,2.81,82.87%,90.42%,0.303286,2026-08-03
NBIS,212.58,2026-08-07,4,Call,207.50,+2.39%,16.95,18.7,18.25,796,283,2.81,140.81%,169.86%,0.589861,2026-08-03
NOW,114.19,2026-08-07,4,Call,119.00,-4.21%,1.6,1.68,1.74,1544,550,2.81,60.69%,73.06%,0.30991,2026-08-03
BABA,127.3,2026-08-14,11,Call,150.00,-17.83%,0.21,0.25,0.27,676,241,2.8,48.08%,55.40%,0.048756,2026-08-03
ON,80.4,2026-08-07,4,Call,100.00,-24.38%,0.33,0.33,0.34,1025,366,2.8,87.17%,134.77%,0.070381,2026-08-03
IREN,39.75,2026-08-14,11,Call,43.00,-8.18%,2.1,2.14,2.29,1320,472,2.8,123.05%,124.98%,0.401768,2026-08-03
META,590.24,2026-08-07,4,Call,615.00,-4.19%,3.4,3.95,3.85,1337,477,2.8,38.89%,48.30%,0.217576,2026-08-03
ZETA,22.56,2026-08-07,4,Call,23.00,-1.95%,1.25,1.35,1.38,3301,1181,2.8,87.52%,160.08%,0.488382,2026-08-03
META,590.24,2026-08-05,2,Call,605.00,-2.50%,3.05,3.3,3.5,2202,788,2.79,38.89%,49.36%,0.256919,2026-08-03
TGB,6.97,2026-08-21,18,Call,7.00,-0.43%,0.45,0.55,0.6,5671,2034,2.79,79.21%,86.46%,0.533053,2026-08-03
AMZN,284.02,2026-08-07,4,Put,270.00,-4.94%,0.62,0.71,0.73,7062,2530,2.79,32.92%,40.86%,-0.112455,2026-08-03
CRWV,85.76,2026-08-07,4,Call,85.00,+0.89%,4.85,4.94,5.05,7781,2790,2.79,112.95%,127.51%,0.554254,2026-08-03
CRWV,85.76,2026-08-07,4,Put,76.00,-11.38%,1.1,1.17,1.18,974,349,2.79,112.95%,130.84%,-0.170215,2026-08-03
SNDK,1288.03,2026-08-07,4,Call,"1,350.00",-4.81%,79,80.03,83.9,1120,402,2.79,130.45%,199.10%,0.452492,2026-08-03
SERV,5.65,2026-08-07,4,Call,6.50,-15.04%,0.12,0.13,0.16,1233,442,2.79,110.70%,173.91%,0.249308,2026-08-03
HPE,50.24,2026-08-21,18,Call,49.50,+1.47%,3.8,3.89,4.3,1713,615,2.79,82.87%,82.51%,0.570854,2026-08-03
BULL,7.26,2026-08-07,4,Put,7.50,+3.31%,0.35,0.39,0.39,664,239,2.78,74.02%,75.38%,-0.644007,2026-08-03
ARM,239.06,2026-08-07,4,Call,275.00,-15.03%,1.49,1.51,1.65,880,316,2.78,86.14%,109.19%,0.122049,2026-08-03
TSLA,322.08,2026-08-10,7,Call,335.00,-4.01%,3.45,3.47,3.6,1172,422,2.78,45.15%,46.23%,0.283822,2026-08-03
TE,4.94,2026-08-07,4,Call,5.50,-11.34%,0.15,0.18,0.2,3462,1251,2.77,158.34%,180.50%,0.318538,2026-08-03
HPE,50.24,2026-08-07,4,Call,57.00,-13.46%,0.1,0.24,0.46,693,250,2.77,82.87%,96.99%,0.117015,2026-08-03
GOOG,372.47,2026-08-14,11,Call,385.00,-3.36%,4.15,4.5,4.45,708,256,2.77,33.27%,34.76%,0.308095,2026-08-03
SPCX,114.53,2026-08-07,4,Put,93.00,-18.80%,1.75,1.8,1.8,1722,621,2.77,114.99%,198.80%,-0.134254,2026-08-03
CRWV,85.76,2026-08-07,4,Call,98.00,-14.27%,0.97,1.05,1.07,588,213,2.76,112.95%,127.31%,0.175777,2026-08-03
RKLB,70.43,2026-08-07,4,Call,77.00,-9.33%,1.01,1.05,1.08,1009,365,2.76,102.67%,108.85%,0.235047,2026-08-03
ASTS,63.52,2026-08-07,4,Call,80.00,-25.94%,0.19,0.21,0.22,3007,1091,2.76,112.70%,133.31%,0.057025,2026-08-03
NTAP,182.92,2026-08-21,18,Call,230.00,-25.74%,0.15,0.24,0.65,740,269,2.75,58.26%,57.81%,0.04359,2026-08-03
KTOS,49.21,2026-09-18,46,Put,40.00,-18.72%,1.55,1.67,1.95,1435,522,2.75,82.52%,82.00%,-0.191747,2026-08-03
AMZN,284.02,2026-08-05,2,Call,235.00,+17.26%,48.75,48.5,49.4,521,190,2.74,32.92%,87.50%,0.998459,2026-08-03
MSFT,487.65,2026-08-14,11,Call,487.50,+0.03%,10.85,11.26,11.6,521,190,2.74,30.51%,32.41%,0.519449,2026-08-03
OSCR,30.74,2026-08-07,4,Call,37.00,-20.36%,0.29,0.37,0.45,595,217,2.74,85.98%,158.22%,0.150586,2026-08-03
BP,44.26,2027-03-19,228,Put,33.00,-25.44%,0.73,0.74,0.8,624,228,2.74,34.35%,34.89%,-0.113411,2026-08-03
ORCL,141.85,2026-08-07,4,Put,132.00,-6.94%,1.07,1.15,1.15,943,344,2.74,74.50%,76.85%,-0.174183,2026-08-03
GOOGL,373.51,2026-08-14,11,Put,310.00,-17.00%,0.13,0.15,0.16,974,355,2.74,33.76%,49.21%,-0.012696,2026-08-03
PLTR,125.65,2026-08-07,4,Put,102.00,-18.82%,0.56,0.58,0.59,1472,538,2.74,69.95%,140.05%,-0.067039,2026-08-03
CRWV,85.76,2026-08-07,4,Call,84.00,+2.05%,5.35,5.45,5.55,2085,760,2.74,112.95%,126.97%,0.589196,2026-08-03
AMPL,9.52,2026-10-16,74,Call,9.00,+5.46%,1.75,1.95,1.95,3672,1347,2.73,102.09%,93.55%,0.641263,2026-08-03
INTC,91,2026-08-14,11,Call,115.00,-26.37%,0.43,0.45,0.54,3739,1371,2.73,81.59%,90.40%,0.079678,2026-08-03
CBRS,219.97,2026-08-21,18,Put,155.00,-29.54%,2.9,3,3.7,633,232,2.73,122.77%,135.57%,-0.093619,2026-08-03
AVGO,392.23,2026-08-05,2,Call,400.00,-1.98%,3.45,3.6,3.75,1784,654,2.73,53.38%,57.86%,0.33253,2026-08-03
PCT,7.01,2026-08-07,4,Call,8.50,-21.26%,0.1,0.12,0.15,568,209,2.72,109.44%,184.59%,0.18438,2026-08-03
LRCX,294.61,2026-08-07,4,Call,300.00,-1.83%,9.8,10.5,11.15,686,252,2.72,83.06%,104.34%,0.456935,2026-08-03
VFC,14.92,2026-08-07,4,Call,14.50,+2.82%,0.55,0.49,0.66,734,270,2.72,45.38%,57.80%,0.692856,2026-08-03
PLTR,125.65,2026-08-14,11,Call,125.00,+0.52%,8.65,8.75,8.9,2282,840,2.72,69.95%,96.67%,0.548288,2026-08-03
IREN,39.75,2026-11-20,109,Put,30.00,-24.53%,4.5,4.55,4.8,5391,1983,2.72,123.05%,118.80%,-0.219897,2026-08-03
NVDA,206.64,2026-08-10,7,Call,215.00,-4.05%,1.37,1.37,1.46,3596,1329,2.71,41.35%,37.33%,0.23276,2026-08-03
PLTR,125.65,2026-08-14,11,Call,140.00,-11.42%,3.45,3.6,3.6,3961,1461,2.71,69.95%,96.74%,0.289956,2026-08-03
AMD,484.64,2026-08-07,4,Put,305.00,-37.07%,0.01,0.1,0.21,612,226,2.71,78.90%,172.00%,-0.003867,2026-08-03
GLW,146.64,2026-11-20,109,Call,210.00,-43.21%,8.5,8.75,9.3,732,270,2.71,80.87%,79.54%,0.277695,2026-08-03
SPCX,114.53,2026-11-20,109,Put,65.00,-43.25%,2.6,2.9,2.75,832,307,2.71,114.99%,92.40%,-0.081555,2026-08-03
NBIS,212.58,2026-08-07,4,Put,210.00,-1.21%,12.95,13.4,13.85,879,324,2.71,140.81%,166.71%,-0.43679,2026-08-03
MSFT,487.65,2026-08-05,2,Call,475.00,+2.59%,13.45,14.29,15.1,1035,382,2.71,30.51%,41.05%,0.812021,2026-08-03
BHP,83.5,2026-09-18,46,Call,92.50,-10.78%,1.1,1.1,1.35,1213,448,2.71,41.12%,35.41%,0.216737,2026-08-03
HOOD,90.34,2026-08-07,4,Call,101.00,-11.80%,0.35,0.37,0.43,1220,451,2.71,68.36%,82.73%,0.107478,2026-08-03
GME,19.06,2026-08-14,11,Call,21.00,-10.18%,0.19,0.22,0.26,1369,506,2.71,54.65%,63.47%,0.201559,2026-08-03
PDD,90.15,2026-08-21,18,Call,98.00,-8.71%,0.26,0.64,0.75,632,234,2.7,39.55%,34.03%,0.148332,2026-08-03
AZN,157.97,2026-08-21,18,Put,155.00,-1.88%,3.4,3.4,4,657,243,2.7,33.33%,36.07%,-0.39391,2026-08-03
AMZN,284.02,2026-08-21,18,Put,217.50,-23.42%,0.1,0.24,0.26,697,258,2.7,32.92%,56.49%,-0.013796,2026-08-03
ORCL,141.85,2026-08-28,25,Call,160.00,-12.80%,4.05,4.3,4.5,1190,441,2.7,74.50%,69.97%,0.288253,2026-08-03
SPCX,114.53,2026-08-07,4,Put,103.00,-10.07%,4.5,4.6,4.7,1321,489,2.7,114.99%,204.40%,-0.272737,2026-08-03
RDDT,154.71,2026-08-07,4,Call,165.00,-6.65%,1.8,1.9,1.98,1617,599,2.7,67.01%,83.55%,0.245698,2026-08-03
QS,5.34,2026-08-14,11,Call,6.00,-12.36%,0.09,0.11,0.11,3269,1210,2.7,83.97%,83.83%,0.23559,2026-08-03
TSLA,322.08,2026-08-10,7,Call,320.00,+0.65%,9.05,9.3,9.4,2681,998,2.69,45.15%,45.25%,0.557981,2026-08-03
OKTA,141.57,2026-08-21,18,Put,42.50,-69.98%,0.01,0.11,0.22,787,294,2.68,70.89%,229.07%,-0.004362,2026-08-03
DIS,98.14,2026-08-14,11,Call,105.00,-6.99%,1,1.09,1.15,938,350,2.68,35.94%,49.47%,0.22891,2026-08-03
SPCX,114.53,2026-08-07,4,Put,87.00,-24.04%,0.8,0.85,0.9,1873,699,2.68,114.99%,196.02%,-0.074333,2026-08-03
ADBE,251.34,2026-09-18,46,Call,600.00,-138.72%,0.01,0.13,0.4,563,211,2.67,56.00%,94.70%,0.008071,2026-08-03
SNDK,1288.03,2026-08-07,4,Call,"1,650.00",-28.10%,14.3,14.6,14.9,832,312,2.67,130.45%,189.18%,0.125151,2026-08-03
CVX,193.18,2026-08-07,4,Put,190.00,-1.65%,1.2,1.28,1.34,2198,822,2.67,28.10%,31.89%,-0.303531,2026-08-03
PLTR,125.65,2026-08-07,4,Call,145.00,-15.40%,1.92,1.95,1.97,13017,4881,2.67,69.95%,146.14%,0.195639,2026-08-03
TSLA,322.08,2026-08-07,4,Call,340.00,-5.56%,1.78,1.81,1.81,15428,5770,2.67,45.15%,54.97%,0.18262,2026-08-03
PCG,17.43,2026-08-21,18,Call,18.50,-6.14%,0.33,0.4,0.45,26902,10076,2.67,55.78%,50.86%,0.322476,2026-08-03
BA,233.49,2026-08-07,4,Call,240.00,-2.79%,1.47,1.51,1.6,5414,2035,2.66,34.37%,40.15%,0.263281,2026-08-03
ORCL,141.85,2026-08-07,4,Call,145.00,-2.22%,3.25,3.35,3.4,9880,3719,2.66,74.50%,78.84%,0.412121,2026-08-03
CORZ,22.83,2026-08-07,4,Put,22.00,-3.64%,0.62,0.66,0.71,598,225,2.66,91.10%,110.14%,-0.351293,2026-08-03
QCOM,151.57,2026-08-07,4,Call,149.00,+1.70%,5.5,5.1,5.75,544,205,2.65,57.06%,67.02%,0.610402,2026-08-03
MU,829.5,2026-08-07,4,Put,815.00,-1.75%,31.25,31.05,31.85,795,300,2.65,88.82%,112.18%,-0.416178,2026-08-03
MSTR,94.86,2026-08-21,18,Put,83.00,-12.50%,1.77,1.84,2.06,868,328,2.65,74.13%,78.15%,-0.193364,2026-08-03
AMD,484.64,2026-08-07,4,Put,405.00,-16.43%,2.41,2.4,2.6,1207,456,2.65,78.90%,128.55%,-0.080142,2026-08-03
PLTR,125.65,2026-08-07,4,Call,132.00,-5.05%,5.15,5.22,5.25,2294,865,2.65,69.95%,148.08%,0.405931,2026-08-03
NBIS,212.58,2026-08-07,4,Put,200.00,-5.92%,9.05,9.2,9.65,2870,1085,2.65,140.81%,172.40%,-0.333534,2026-08-03
SKHY,142.72,2026-08-07,4,Put,105.00,-26.43%,0.45,0.42,0.5,5414,2040,2.65,113.95%,178.35%,-0.040997,2026-08-03
NFLX,73.33,2026-08-07,4,Call,74.00,-0.91%,1.02,1.03,1.04,14049,5322,2.64,36.36%,43.11%,0.432424,2026-08-03
RIVN,15.35,2026-08-14,11,Call,17.00,-10.75%,0.16,0.16,0.19,1471,557,2.64,59.23%,63.60%,0.195768,2026-08-03
ASTS,63.52,2026-08-07,4,Put,63.00,-0.82%,2.61,2.78,3.05,704,268,2.63,112.70%,117.19%,-0.447881,2026-08-03
PLTR,125.65,2026-08-07,4,Call,167.50,-33.31%,0.29,0.29,0.3,978,372,2.63,69.95%,149.35%,0.039382,2026-08-03
NVDA,206.64,2026-08-10,7,Put,197.50,-4.42%,1.11,1.17,1.2,1421,541,2.63,41.35%,38.37%,-0.187198,2026-08-03
CELH,28.23,2026-08-07,4,Call,32.00,-13.35%,0.4,0.47,0.6,2365,899,2.63,76.75%,142.14%,0.221996,2026-08-03
SNAP,5.04,2026-08-07,4,Call,5.00,+0.79%,0.47,0.47,0.49,48023,18346,2.62,93.05%,219.33%,0.560106,2026-08-03
TGB,6.97,2026-11-20,109,Call,9.00,-29.12%,0.45,0.52,0.65,500,191,2.62,79.21%,75.56%,0.350177,2026-08-03
C,133.57,2026-08-07,4,Put,126.00,-5.67%,0.14,0.19,0.21,844,322,2.62,29.23%,38.73%,-0.071581,2026-08-03
META,590.24,2026-08-07,4,Call,625.00,-5.89%,2.02,2.18,2.36,1352,517,2.62,38.89%,49.64%,0.142679,2026-08-03
AVGO,392.23,2026-08-05,2,Call,420.00,-7.08%,0.41,0.41,0.48,556,213,2.61,53.38%,58.86%,0.061236,2026-08-03
BAC,62.48,2027-06-17,318,Put,62.50,+0.03%,5.4,5.45,5.55,563,216,2.61,21.44%,26.09%,-0.428289,2026-08-03
CVX,193.18,2026-08-07,4,Put,192.50,-0.35%,2.05,2.18,2.35,877,336,2.61,28.10%,31.37%,-0.450577,2026-08-03
TSLA,322.08,2026-08-07,4,Call,357.50,-11.00%,0.47,0.48,0.49,893,342,2.61,45.15%,61.22%,0.055942,2026-08-03
CRWV,85.76,2026-08-28,25,Call,80.00,+6.72%,13.05,13.33,13.65,1432,548,2.61,112.95%,117.28%,0.651036,2026-08-03
ORCL,141.85,2026-08-21,18,Call,145.00,-2.22%,6.95,7.41,7.65,14187,5427,2.61,74.50%,68.73%,0.475583,2026-08-03
META,590.24,2026-08-07,4,Call,610.00,-3.35%,4.45,4.65,4.95,2722,1047,2.6,38.89%,48.02%,0.266654,2026-08-03
ABBV,245.1,2026-08-07,4,Call,250.00,-2.00%,1.45,2,2.31,554,213,2.6,28.07%,37.11%,0.312747,2026-08-03
AVGO,392.23,2026-08-05,2,Call,415.00,-5.81%,0.74,0.83,0.87,649,250,2.6,53.38%,58.67%,0.10132,2026-08-03
MS,211.23,2026-08-07,4,Call,220.00,-4.15%,0.48,0.54,0.6,662,255,2.6,32.16%,35.07%,0.139046,2026-08-03
AMD,484.64,2026-08-05,2,Call,485.00,-0.07%,20.85,21.22,21.5,668,257,2.6,78.90%,148.92%,0.520011,2026-08-03
AUR,6.79,2026-08-07,4,Call,7.00,-3.09%,0.1,0.16,0.2,1273,490,2.6,72.54%,83.22%,0.381489,2026-08-03
RGTI,16.02,2026-08-14,11,Call,17.00,-6.12%,0.82,0.85,0.86,1381,531,2.6,101.65%,110.72%,0.417937,2026-08-03
T,23.59,2026-08-07,4,Put,23.50,-0.38%,0.28,0.3,0.33,1401,539,2.6,28.05%,35.31%,-0.452399,2026-08-03
AAPL,303.42,2026-08-28,25,Put,290.00,-4.42%,3.4,3.62,3.65,1820,701,2.6,27.49%,28.50%,-0.251376,2026-08-03
TMC,3.67,2026-08-07,4,Call,3.50,+4.63%,0.26,0.25,0.29,604,233,2.59,107.70%,117.81%,0.673471,2026-08-03
AGNC,10.64,2026-09-04,32,Put,10.00,-6.02%,0.08,0.1,0.11,640,247,2.59,23.93%,25.95%,-0.200274,2026-08-03
NVDA,206.64,2026-08-10,7,Call,220.00,-6.47%,0.61,0.67,0.67,3877,1502,2.58,41.35%,37.71%,0.122614,2026-08-03
DELL,429.02,2026-08-07,4,Call,480.00,-11.88%,2.9,3.21,3.4,660,256,2.58,89.72%,97.06%,0.146608,2026-08-03
CHTR,144.1,2026-09-18,46,Call,180.00,-24.91%,2.5,2.65,2.95,1352,524,2.58,59.17%,60.02%,0.179938,2026-08-03
SNDK,1288.03,2027-02-19,200,Put,320.00,-75.16%,11.8,13.6,13.6,743,289,2.57,130.45%,120.44%,-0.021174,2026-08-03
GLXY,21.88,2026-08-21,18,Call,21.00,+4.02%,2.57,2.62,2.77,1001,389,2.57,109.66%,115.24%,0.616149,2026-08-03
SLS,11.22,2026-08-07,4,Call,13.00,-15.86%,0.3,0.35,0.4,1264,492,2.57,239.07%,197.64%,0.272113,2026-08-03
AAL,16.04,2026-08-07,4,Put,16.00,-0.25%,0.32,0.35,0.37,1815,707,2.57,49.86%,54.66%,-0.470365,2026-08-03
NVTS,11.52,2026-08-07,4,Put,10.00,-13.19%,0.12,0.14,0.16,1852,720,2.57,117.31%,140.36%,-0.149397,2026-08-03
QCOM,151.57,2026-08-07,4,Call,150.00,+1.04%,4.95,5,5.15,1194,467,2.56,57.06%,66.85%,0.573519,2026-08-03
ASTS,63.52,2026-08-07,4,Call,65.00,-2.33%,2.46,2.5,2.66,8767,3424,2.56,112.70%,120.67%,0.453801,2026-08-03
ORCL,141.85,2026-08-07,4,Call,140.00,+1.30%,5.45,5.55,5.7,22262,8696,2.56,74.50%,77.72%,0.581149,2026-08-03
FRMI,6.03,2026-08-07,4,Call,6.00,+0.50%,0.35,0.42,0.45,2440,955,2.55,144.43%,152.90%,0.545254,2026-08-03
APLD,29.49,2026-08-07,4,Call,30.00,-1.73%,1.21,1.27,1.31,5110,2001,2.55,105.64%,120.53%,0.472225,2026-08-03
QCOM,151.57,2026-08-07,4,Call,162.50,-7.21%,0.9,0.93,0.96,737,289,2.55,57.06%,66.94%,0.169274,2026-08-03
COST,954.08,2026-09-18,46,Put,470.00,-50.74%,0.03,0.14,0.14,751,294,2.55,24.10%,68.87%,-0.001212,2026-08-03
CRWV,85.76,2026-08-07,4,Call,93.00,-8.44%,1.9,2.03,2.01,1054,414,2.55,112.95%,126.24%,0.29313,2026-08-03
DKNG,23.5,2026-08-07,4,Put,21.00,-10.64%,0.28,0.32,0.33,1781,698,2.55,65.22%,123.87%,-0.17487,2026-08-03
POWL,219.72,2027-02-19,200,Call,220.00,-0.13%,53.4,55.3,59,2114,829,2.55,104.51%,85.59%,0.63545,2026-08-03
ORCL,141.85,2026-08-07,4,Call,149.00,-5.04%,2.1,2.27,2.2,516,203,2.54,74.50%,80.88%,0.296044,2026-08-03
AMD,484.64,2026-08-05,2,Call,540.00,-11.42%,5.1,5.31,5.5,558,220,2.54,78.90%,153.35%,0.185538,2026-08-03
CAG,14.91,2026-08-28,25,Put,14.00,-6.10%,0.15,0.19,0.2,1164,459,2.54,35.47%,32.46%,-0.227984,2026-08-03
BMY,65.47,2026-08-07,4,Call,68.00,-3.86%,0.27,0.33,0.35,4726,1863,2.54,31.49%,41.73%,0.19856,2026-08-03
MU,829.5,2026-08-14,11,Call,"1,000.00",-20.55%,10.1,10.5,10.65,3669,1453,2.53,88.82%,96.88%,0.153585,2026-08-03
HTZ,1.53,2027-01-15,165,Call,3.0000,-96.08%,0.2,0.21,0.22,5121,2021,2.53,143.78%,124.76%,0.358435,2026-08-03
NVDA,206.64,2026-08-07,4,Call,190.00,+8.05%,16.95,16.65,17.6,6229,2458,2.53,41.35%,61.54%,0.909977,2026-08-03
ASTS,63.52,2026-08-07,4,Call,71.00,-11.78%,0.86,0.97,1.03,646,255,2.53,112.70%,123.77%,0.214338,2026-08-03
INTC,91,2026-08-05,2,Put,87.00,-4.40%,1.15,1.21,1.22,1234,488,2.53,81.59%,104.16%,-0.266448,2026-08-03
TSLA,322.08,2026-08-10,7,Put,260.00,-19.27%,0.12,0.14,0.15,1488,587,2.53,45.15%,70.27%,-0.012057,2026-08-03
PTON,6.45,2026-08-07,4,Call,8.00,-24.03%,0.06,0.1,0.1,1077,428,2.52,83.46%,176.51%,0.142065,2026-08-03
FRMI,6.03,2026-08-21,18,Put,4.50,-25.37%,0.15,0.16,0.25,1085,431,2.52,144.43%,157.05%,-0.154287,2026-08-03
MU,829.5,2026-08-07,4,Call,930.00,-12.12%,8.65,8.95,9.05,1234,489,2.52,88.82%,111.19%,0.178504,2026-08-03
CMCSA,24.56,2026-09-04,32,Call,27.00,-9.93%,0.23,0.32,0.36,1322,525,2.52,34.71%,37.01%,0.205112,2026-08-03
PLTR,125.65,2026-08-07,4,Put,124.00,-1.31%,6.6,6.7,6.7,1857,737,2.52,69.95%,143.39%,-0.434346,2026-08-03
NVDA,206.64,2026-08-05,2,Call,192.50,+6.84%,12.55,14.3,16,2514,999,2.52,41.35%,52.42%,0.967851,2026-08-03
BTDR,11.37,2026-08-21,18,Call,14.00,-23.13%,0.55,0.55,0.7,2639,1049,2.52,132.50%,143.78%,0.313296,2026-08-03
SOFI,18.03,2026-09-04,32,Call,20.00,-10.93%,0.42,0.44,0.44,3428,1360,2.52,51.85%,50.83%,0.276854,2026-08-03
PLTR,125.65,2026-08-07,4,Put,115.00,-8.48%,2.91,2.97,2.98,7375,2921,2.52,69.95%,140.26%,-0.248547,2026-08-03
TSLA,322.08,2026-08-07,4,Call,335.00,-4.01%,2.7,2.71,2.74,7840,3116,2.52,45.15%,54.16%,0.255122,2026-08-03
CLOV,4.33,2026-08-14,11,Put,4.00,-7.62%,0.15,0.14,0.21,4648,1851,2.51,85.04%,111.08%,-0.304178,2026-08-03
SPCX,114.53,2026-08-07,4,Call,110.00,+3.96%,11.8,12.1,12.3,5390,2148,2.51,114.99%,205.01%,0.616854,2026-08-03
PLTR,125.65,2026-08-07,4,Put,97.00,-22.80%,0.25,0.27,0.3,810,323,2.51,69.95%,142.55%,-0.035055,2026-08-03
BHC,7,2026-08-07,4,Call,7.00,0.00%,0.15,0.18,0.25,962,383,2.51,55.20%,73.11%,0.496349,2026-08-03
HIMS,30.82,2026-08-07,4,Call,30.50,+1.04%,1.35,1.41,1.47,587,235,2.5,101.28%,96.66%,0.562649,2026-08-03
INSM,98.45,2027-01-15,165,Call,100.00,-1.57%,15.2,17,17.7,1021,409,2.5,71.93%,62.48%,0.584829,2026-08-03
CAT,830.03,2026-08-07,4,Call,860.00,-3.61%,17.1,19.41,21.25,1223,489,2.5,52.00%,90.30%,0.372691,2026-08-03
MCD,265.23,2026-08-07,4,Call,270.00,-1.80%,3.2,3.69,3.75,1247,498,2.5,28.21%,49.47%,0.375679,2026-08-03
IREN,39.75,2026-08-07,4,Call,41.50,-4.40%,1.55,1.57,1.63,1517,608,2.5,123.05%,139.04%,0.412725,2026-08-03
CRWV,85.76,2026-08-07,4,Call,95.00,-10.77%,1.48,1.5,1.54,3353,1341,2.5,112.95%,126.40%,0.240632,2026-08-03
INFY,12.25,2026-08-21,18,Put,15.00,+22.45%,2.55,3.1,3.1,15001,6017,2.49,48.62%,62.58%,-0.916068,2026-08-03
NBIS,212.58,2026-08-07,4,Put,138.00,-35.08%,0.2,0.34,0.47,740,297,2.49,140.81%,208.75%,-0.018398,2026-08-03
MU,829.5,2026-08-07,4,Call,835.00,-0.66%,35.5,35.9,36.75,1505,605,2.49,88.82%,111.31%,0.501944,2026-08-03
RKLB,70.43,2026-08-07,4,Call,81.00,-15.01%,0.43,0.5,0.5,777,313,2.48,102.67%,109.23%,0.122548,2026-08-03
AVGO,392.23,2026-08-05,2,Call,405.00,-3.26%,2.17,2.21,2.51,993,401,2.48,53.38%,58.74%,0.238409,2026-08-03
CVX,193.18,2026-08-07,4,Put,187.50,-2.94%,0.63,0.68,0.71,1073,432,2.48,28.10%,32.36%,-0.18451,2026-08-03
MSTR,94.86,2026-08-07,4,Call,108.00,-13.85%,0.28,0.28,0.37,1196,482,2.48,74.13%,87.12%,0.084941,2026-08-03
MSFT,487.65,2026-08-07,4,Call,535.00,-9.71%,0.08,0.16,0.2,881,356,2.47,30.51%,41.77%,0.01832,2026-08-03
MRVL,193.77,2026-08-21,18,Call,235.00,-21.28%,3.85,4.03,4.25,882,357,2.47,96.40%,91.73%,0.201376,2026-08-03
PSKY,8.22,2026-09-18,46,Call,8.00,+2.68%,0.71,0.7,0.85,1150,465,2.47,61.86%,57.55%,0.594214,2026-08-03
ADBE,251.34,2026-08-07,4,Call,270.00,-7.42%,1.51,1.63,1.75,1163,471,2.47,56.00%,69.31%,0.172234,2026-08-03
RZLV,2.57,2026-08-28,25,Call,3.00,-16.73%,0.05,0.13,0.15,1228,497,2.47,111.29%,89.26%,0.296349,2026-08-03
HOOD,90.34,2026-08-07,4,Put,85.00,-5.91%,0.92,0.94,0.96,2753,1116,2.47,68.36%,78.11%,-0.214644,2026-08-03
RKLB,70.43,2026-08-07,4,Put,60.00,-14.81%,0.31,0.33,0.34,3159,1282,2.46,102.67%,114.49%,-0.080714,2026-08-03
PLTR,125.65,2026-08-07,4,Call,134.00,-6.65%,4.5,4.6,4.6,4796,1953,2.46,69.95%,148.25%,0.36901,2026-08-03
PLTR,125.65,2026-08-14,11,Call,175.00,-39.28%,0.28,0.31,0.35,929,378,2.46,69.95%,101.88%,0.037672,2026-08-03
BMNR,17.42,2026-08-14,11,Call,20.50,-17.68%,0.17,0.2,0.21,1020,415,2.46,81.93%,84.68%,0.152172,2026-08-03
HPE,50.24,2026-08-07,4,Call,51.00,-1.51%,1.49,1.58,1.58,1507,612,2.46,82.87%,89.20%,0.455681,2026-08-03
RKT,13.68,2026-08-07,4,Call,13.50,+1.32%,0.67,0.72,0.74,1815,738,2.46,68.70%,107.18%,0.570527,2026-08-03
CEG,273.71,2028-01-21,536,Put,140.00,-48.85%,5.5,8.7,8.4,500,204,2.45,53.30%,51.03%,-0.071043,2026-08-03
ZETA,22.56,2026-08-21,18,Put,18.00,-20.21%,0.31,0.32,0.36,590,241,2.45,87.52%,98.15%,-0.124552,2026-08-03
RIVN,15.35,2026-09-04,32,Put,14.00,-8.79%,0.46,0.5,0.5,601,245,2.45,59.23%,59.68%,-0.265322,2026-08-03
CRWV,85.76,2026-08-07,4,Call,105.00,-22.43%,0.35,0.37,0.4,2444,998,2.45,112.95%,128.72%,0.076107,2026-08-03
SKHY,142.72,2026-08-07,4,Call,150.00,-5.10%,5.5,5.5,5.7,3122,1275,2.45,113.95%,143.18%,0.399601,2026-08-03
NBIS,212.58,2026-08-07,4,Call,220.00,-3.49%,11.35,11.65,12,14985,6123,2.45,140.81%,166.97%,0.457533,2026-08-03
MU,829.5,2026-08-05,2,Put,650.00,-21.64%,0.26,0.26,0.31,754,309,2.44,88.82%,143.30%,-0.009305,2026-08-03
CRWD,202.54,2026-08-07,4,Call,197.50,+2.49%,8.5,8.7,8.85,1022,419,2.44,64.22%,68.96%,0.652004,2026-08-03
NBIS,212.58,2026-08-21,18,Put,85.00,-60.02%,0.25,0.27,0.3,1127,461,2.44,140.81%,188.48%,-0.008128,2026-08-03
SPCX,114.53,2026-08-07,4,Put,86.00,-24.91%,0.75,0.75,0.8,1178,482,2.44,114.99%,197.78%,-0.068234,2026-08-03
IREN,39.75,2026-08-07,4,Call,44.50,-11.95%,0.66,0.77,0.79,507,209,2.43,123.05%,135.51%,0.235126,2026-08-03
PDD,90.15,2026-08-07,4,Put,87.00,-3.49%,0.33,0.36,0.39,672,277,2.43,39.55%,38.34%,-0.180038,2026-08-03
QCOM,151.57,2026-08-07,4,Put,152.50,+0.61%,4.5,4.95,4.9,774,319,2.43,57.06%,66.63%,-0.520345,2026-08-03
IBM,226.31,2026-10-16,74,Call,270.00,-19.31%,4.6,4.85,5.05,1012,417,2.43,41.90%,43.33%,0.210794,2026-08-03
ORCL,141.85,2026-08-07,4,Call,146.00,-2.93%,2.81,3.1,3.2,1042,429,2.43,74.50%,79.63%,0.381504,2026-08-03
UUUU,12.15,2026-08-07,4,Call,13.00,-7.00%,0.23,0.25,0.28,3214,1322,2.43,87.85%,111.06%,0.30147,2026-08-03
VZ,47.36,2026-08-07,4,Call,48.00,-1.35%,0.32,0.37,0.4,4194,1734,2.42,25.41%,31.78%,0.346965,2026-08-03
GOOG,372.47,2026-08-07,4,Call,420.00,-12.76%,0.1,0.11,0.16,977,403,2.42,33.27%,53.55%,0.017537,2026-08-03
IREN,39.75,2026-08-14,11,Put,32.00,-19.50%,0.71,0.73,0.79,1651,681,2.42,123.05%,132.40%,-0.143923,2026-08-03
SPCX,114.53,2026-08-28,25,Call,200.00,-74.63%,1.85,1.85,2.05,2108,870,2.42,114.99%,147.63%,0.106881,2026-08-03
APP,406.16,2026-08-07,4,Call,410.00,-0.95%,22.9,25,25.2,625,259,2.41,86.84%,151.86%,0.509088,2026-08-03
BLSH,22.93,2026-09-18,46,Call,30.00,-30.83%,0.76,0.87,0.91,848,352,2.41,85.73%,85.44%,0.236034,2026-08-03
PGY,22.24,2026-08-21,18,Call,22.00,+1.08%,1.5,1.55,1.65,2395,992,2.41,74.52%,73.32%,0.562642,2026-08-03
LYFT,16.38,2026-08-21,18,Call,21.00,-28.21%,0.08,0.12,0.15,2723,1132,2.41,67.92%,78.61%,0.092465,2026-08-03
SLB,49.31,2026-12-18,137,Put,45.00,-8.74%,1.95,2.12,2.06,4001,1660,2.41,32.47%,33.76%,-0.28297,2026-08-03
IBM,226.31,2026-09-18,46,Call,270.00,-19.31%,2.19,2.37,2.47,5490,2288,2.4,41.90%,43.00%,0.140961,2026-08-03
NVDA,206.64,2026-08-05,2,Put,195.00,-5.63%,0.18,0.21,0.21,10061,4192,2.4,41.35%,50.57%,-0.058006,2026-08-03
NOW,114.19,2026-09-18,46,Put,85.00,-25.56%,0.82,0.87,0.99,11342,4723,2.4,60.69%,62.80%,-0.07285,2026-08-03
AAPL,303.42,2026-08-07,4,Call,305.00,-0.52%,3.5,3.65,3.65,17592,7331,2.4,27.49%,33.62%,0.452303,2026-08-03
AVGO,392.23,2026-08-05,2,Call,402.50,-2.62%,2.75,2.9,3.15,587,245,2.4,53.38%,58.66%,0.284383,2026-08-03
AVGO,392.23,2026-08-05,2,Call,390.00,+0.57%,7.55,7.91,8.3,1137,474,2.4,53.38%,58.16%,0.562657,2026-08-03
IOVA,4.32,2026-08-07,4,Call,4.50,-4.17%,0.25,0.3,0.35,1596,665,2.4,129.17%,209.49%,0.468119,2026-08-03
TE,4.94,2026-08-07,4,Put,4.50,-8.91%,0.15,0.2,0.2,899,376,2.39,158.34%,179.35%,-0.276707,2026-08-03
AFRM,75.63,2026-08-07,4,Put,74.00,-2.16%,1.24,1.41,1.57,1158,485,2.39,65.81%,68.25%,-0.364876,2026-08-03
MU,829.5,2026-08-07,4,Call,840.00,-1.27%,33.35,34,34.2,1331,558,2.39,88.82%,110.95%,0.481298,2026-08-03
PLTR,125.65,2026-08-07,4,Call,143.00,-13.81%,2.27,2.27,2.33,1693,709,2.39,69.95%,146.66%,0.222659,2026-08-03
RKLB,70.43,2026-08-07,4,Call,80.00,-13.59%,0.58,0.6,0.61,4005,1679,2.39,102.67%,110.35%,0.14876,2026-08-03
NVDA,206.64,2026-08-14,11,Call,207.50,-0.42%,5.35,5.4,5.45,4697,1963,2.39,41.35%,39.96%,0.495331,2026-08-03
AAL,16.04,2026-08-14,11,Call,17.50,-9.10%,0.1,0.13,0.15,4944,2065,2.39,49.86%,50.55%,0.172242,2026-08-03
CRCL,60.35,2026-08-07,4,Put,50.00,-17.15%,0.47,0.5,0.54,5145,2156,2.39,97.01%,152.01%,-0.103073,2026-08-03
AAPL,303.42,2026-08-07,4,Call,320.00,-5.46%,0.46,0.46,0.49,31499,13183,2.39,27.49%,36.93%,0.088896,2026-08-03
TSLA,322.08,2026-08-07,4,Call,365.00,-13.33%,0.3,0.29,0.31,2361,994,2.38,45.15%,64.93%,0.035898,2026-08-03
AAPL,303.42,2026-08-28,25,Call,330.00,-8.76%,1.4,1.48,1.64,2883,1212,2.38,27.49%,27.88%,0.139219,2026-08-03
SPOT,486.33,2026-08-07,4,Put,475.00,-2.33%,14.7,17,17,568,239,2.38,52.88%,105.21%,-0.392745,2026-08-03
POWL,219.72,2026-08-21,18,Call,300.00,-36.54%,1.15,3.9,3.9,961,403,2.38,104.51%,104.71%,0.112033,2026-08-03
ALM,12.56,2026-08-21,18,Call,15.00,-19.43%,0.25,0.6,0.65,1111,467,2.38,75.62%,108.81%,0.272047,2026-08-03
COIN,146.5,2027-12-17,501,Call,220.00,-50.17%,31.8,34.4,35.7,1860,780,2.38,71.69%,74.93%,0.515612,2026-08-03
BA,233.49,2026-08-07,4,Call,232.50,+0.42%,4.2,4.49,4.6,2539,1073,2.37,34.37%,39.92%,0.548763,2026-08-03
GOOGL,373.51,2026-08-07,4,Put,350.00,-6.29%,0.49,0.54,0.6,2468,1046,2.36,33.76%,43.25%,-0.071305,2026-08-03
SPCX,114.53,2026-08-14,11,Call,130.00,-13.51%,6.7,6.8,6.9,3987,1691,2.36,114.99%,154.97%,0.369779,2026-08-03
KO,86.86,2026-08-07,4,Call,90.00,-3.62%,0.08,0.13,0.13,6701,2837,2.36,21.36%,25.71%,0.096569,2026-08-03
SHLS,9.37,2026-08-21,18,Put,9.00,-3.95%,0.8,0.9,1,581,246,2.36,119.70%,133.49%,-0.386278,2026-08-03
AMZN,284.02,2026-08-05,2,Call,262.50,+7.58%,21.4,21.14,22.1,605,256,2.36,32.92%,59.70%,0.964825,2026-08-03
CVNA,66.13,2026-08-07,4,Put,58.00,-12.29%,0.14,0.2,0.2,624,264,2.36,62.61%,85.05%,-0.064005,2026-08-03
MU,829.5,2027-02-19,200,Put,500.00,-39.72%,42.2,43.65,44.25,681,289,2.36,88.82%,84.40%,-0.124584,2026-08-03
IREN,39.75,2026-08-07,4,Call,40.50,-1.89%,1.94,2.03,2.05,699,296,2.36,123.05%,140.02%,0.479448,2026-08-03
QS,5.34,2026-08-28,25,Put,5.00,-6.37%,0.26,0.28,0.36,797,338,2.36,83.97%,86.38%,-0.339717,2026-08-03
HIMS,30.82,2026-11-20,109,Put,25.00,-18.88%,2.42,3.1,3.25,1167,494,2.36,101.28%,89.23%,-0.244365,2026-08-03
XPEV,12.37,2026-08-07,4,Call,12.50,-1.05%,0.26,0.27,0.32,1711,725,2.36,63.21%,67.23%,0.4571,2026-08-03
SPCX,114.53,2026-08-07,4,Put,107.00,-6.57%,6.1,6.15,6.3,2006,851,2.36,114.99%,206.08%,-0.335517,2026-08-03
TSLA,322.08,2026-08-07,4,Call,375.00,-16.43%,0.18,0.19,0.19,2045,866,2.36,45.15%,70.36%,0.021545,2026-08-03
BIDU,113.06,2026-08-07,4,Call,111.00,+1.82%,3.6,3.75,3.9,515,219,2.35,54.94%,54.77%,0.639215,2026-08-03
TEM,46.05,2026-08-07,4,Call,47.00,-2.06%,1.09,1.45,1.26,616,262,2.35,73.35%,82.27%,0.42487,2026-08-03
RKLB,70.43,2026-08-07,4,Put,59.00,-16.23%,0.21,0.27,0.31,636,271,2.35,102.67%,117.06%,-0.065598,2026-08-03
CAVA,64.47,2026-10-16,74,Put,70.00,+8.58%,10.2,10.3,10.95,690,293,2.35,74.51%,64.74%,-0.548078,2026-08-03
MCD,265.23,2026-08-07,4,Put,255.00,-3.86%,1.4,1.5,1.6,955,406,2.35,28.21%,46.57%,-0.202339,2026-08-03
PG,144.97,2026-08-07,4,Call,148.00,-2.09%,0.49,0.62,0.67,1027,437,2.35,22.78%,27.37%,0.240287,2026-08-03
RIVN,15.35,2026-08-21,18,Call,17.50,-14.01%,0.2,0.21,0.22,1097,467,2.35,59.23%,61.86%,0.192072,2026-08-03
META,590.24,2026-08-07,4,Call,595.00,-0.81%,9.25,9.95,10,1869,795,2.35,38.89%,47.53%,0.448513,2026-08-03
NEE,86.55,2026-08-21,18,Call,92.50,-6.87%,0.16,0.21,0.26,3678,1572,2.34,22.67%,22.99%,0.102037,2026-08-03
SPCX,114.53,2026-08-14,11,Call,111.00,+3.08%,12.8,13,14.2,567,242,2.34,114.99%,148.83%,0.600486,2026-08-03
ASTS,63.52,2026-08-14,11,Call,85.00,-33.82%,0.9,1.06,1.1,585,250,2.34,112.70%,139.65%,0.140972,2026-08-03
HOOD,90.34,2026-08-07,4,Put,89.00,-1.48%,2.22,2.25,2.32,675,289,2.34,68.36%,77.60%,-0.409542,2026-08-03
MRVL,193.77,2026-08-14,11,Put,150.00,-22.59%,1.24,1.29,1.41,836,358,2.34,96.40%,109.72%,-0.074263,2026-08-03
ADBE,251.34,2026-08-07,4,Call,280.00,-11.40%,0.63,0.65,0.72,1511,647,2.34,56.00%,71.63%,0.081149,2026-08-03
LUMN,6.45,2026-08-07,4,Put,5.50,-14.73%,0.09,0.11,0.12,1184,509,2.33,92.38%,168.00%,-0.161499,2026-08-03
MCD,265.23,2026-08-07,4,Put,260.00,-1.97%,2.55,2.78,3.25,1216,521,2.33,28.21%,46.53%,-0.331721,2026-08-03
MTCH,40.54,2026-08-21,18,Put,35.00,-13.67%,0.35,0.4,0.5,1506,647,2.33,49.39%,64.64%,-0.135394,2026-08-03
CAT,830.03,2026-09-18,46,Call,"1,020.00",-22.89%,7.7,8.8,9.25,1622,696,2.33,52.00%,47.20%,0.130426,2026-08-03
RILY,7.49,2026-08-07,4,Call,8.00,-6.81%,0.16,0.16,0.22,2011,862,2.33,78.59%,123.53%,0.322218,2026-08-03
RKT,13.68,2026-08-07,4,Put,13.00,-4.97%,0.3,0.32,0.36,2205,946,2.33,68.70%,110.03%,-0.307381,2026-08-03
U,33.38,2026-08-07,4,Put,32.50,-2.64%,1.72,1.83,1.89,2355,1012,2.33,85.01%,161.78%,-0.403454,2026-08-03
TSLA,322.08,2026-08-07,4,Call,307.50,+4.53%,16.2,16.65,16.95,2813,1208,2.33,45.15%,52.19%,0.811266,2026-08-03
GSAT,84.18,2028-06-16,683,Call,90.00,-6.91%,7,8,10,3497,1502,2.33,17.56%,17.78%,0.563214,2026-08-03
NVDA,206.64,2026-08-10,7,Call,210.00,-1.63%,2.82,2.85,2.9,5420,2338,2.32,41.35%,37.24%,0.391506,2026-08-03
ONDS,8.37,2026-08-07,4,Call,9.00,-7.53%,0.17,0.17,0.19,12348,5317,2.32,111.77%,116.27%,0.297288,2026-08-03
RIOT,21.42,2026-08-14,11,Call,30.00,-40.06%,0.07,0.14,0.25,514,222,2.32,107.08%,127.96%,0.08068,2026-08-03
AAL,16.04,2026-08-14,11,Put,16.00,-0.25%,0.48,0.56,0.59,523,225,2.32,49.86%,50.28%,-0.469625,2026-08-03
AAPL,303.42,2026-08-05,2,Put,310.00,+2.17%,7.35,7.6,7.85,1190,512,2.32,27.49%,37.24%,-0.776797,2026-08-03
GME,19.06,2026-08-14,11,Call,20.00,-4.93%,0.4,0.4,0.46,1563,675,2.32,54.65%,60.93%,0.339436,2026-08-03
XOM,155.06,2026-08-07,4,Put,150.00,-3.26%,0.54,0.56,0.61,2076,893,2.32,30.72%,35.53%,-0.180482,2026-08-03
SPCX,114.53,2026-08-14,11,Call,157.50,-37.52%,2.9,3,3,588,254,2.31,114.99%,172.29%,0.180866,2026-08-03
SNAP,5.04,2026-08-28,25,Call,6.00,-19.05%,0.22,0.2,0.26,842,365,2.31,93.05%,104.37%,0.311101,2026-08-03
CELH,28.23,2026-08-07,4,Put,29.00,+2.73%,2.01,2.16,2.19,874,379,2.31,76.75%,141.83%,-0.541798,2026-08-03
SPCX,114.53,2026-08-07,4,Put,102.00,-10.94%,4.1,4.2,4.3,1166,505,2.31,114.99%,202.84%,-0.256707,2026-08-03
CSGP,30.03,2026-12-18,137,Put,25.00,-16.75%,1.35,1.6,1.6,2171,941,2.31,56.63%,53.09%,-0.22258,2026-08-03
ORCL,141.85,2026-08-14,11,Call,165.00,-16.32%,1.12,1.28,1.34,2571,1114,2.31,74.50%,75.19%,0.138263,2026-08-03
HIMS,30.82,2026-08-07,4,Call,33.50,-8.70%,0.35,0.4,0.44,534,232,2.3,101.28%,98.55%,0.22575,2026-08-03
RDDT,154.71,2026-08-28,25,Put,115.00,-25.67%,0.37,0.42,0.56,1219,530,2.3,67.01%,68.31%,-0.039087,2026-08-03
CCL,28.74,2026-08-21,18,Put,27.50,-4.31%,0.65,0.73,0.72,1437,627,2.29,44.74%,48.72%,-0.319664,2026-08-03
RDDT,154.71,2026-08-07,4,Call,150.00,+3.04%,7.3,8,8.65,2848,1245,2.29,67.01%,82.55%,0.657499,2026-08-03
U,33.38,2027-02-19,200,Put,23.00,-31.10%,1.82,1.94,2.11,2282,1002,2.28,85.01%,72.64%,-0.159657,2026-08-03
PLTR,125.65,2026-08-14,11,Call,130.00,-3.46%,6.5,6.7,6.7,2694,1180,2.28,69.95%,96.64%,0.455216,2026-08-03
SNAP,5.04,2026-08-14,11,Call,5.00,+0.79%,0.5,0.52,0.52,6403,2808,2.28,93.05%,140.49%,0.563205,2026-08-03
M,25.95,2026-08-07,4,Call,26.00,-0.19%,0.5,0.62,0.56,515,226,2.28,53.42%,51.06%,0.496731,2026-08-03
NOW,114.19,2026-08-07,4,Put,112.00,-1.92%,2.19,2.2,2.33,610,267,2.28,60.69%,68.93%,-0.378596,2026-08-03
PLTR,125.65,2026-08-14,11,Put,125.00,-0.52%,7.65,7.8,7.9,765,335,2.28,69.95%,94.10%,-0.452711,2026-08-03
LUNR,13.1,2026-08-07,4,Call,15.00,-14.50%,0.11,0.16,0.19,774,339,2.28,119.11%,126.87%,0.170943,2026-08-03
CRWD,202.54,2026-08-07,4,Call,225.00,-11.09%,0.47,0.44,0.59,836,366,2.28,64.22%,69.78%,0.081107,2026-08-03
SPCX,114.53,2026-08-07,4,Put,106.00,-7.45%,5.7,5.8,5.8,1180,518,2.28,114.99%,205.11%,-0.31937,2026-08-03
GLOB,37.14,2026-08-21,18,Put,35.00,-5.76%,1.95,2.05,2.5,562,248,2.27,89.50%,100.58%,-0.350456,2026-08-03
INTC,91,2026-08-05,2,Call,97.00,-6.59%,0.75,0.79,0.82,671,295,2.27,81.59%,101.80%,0.209671,2026-08-03
AMZN,284.02,2026-08-10,7,Put,270.00,-4.94%,0.97,1.01,1.09,973,429,2.27,32.92%,35.34%,-0.141889,2026-08-03
GOOGL,373.51,2026-08-07,4,Call,410.00,-9.77%,0.2,0.23,0.26,1155,509,2.27,33.76%,47.35%,0.032285,2026-08-03
WBD,26.09,2026-08-07,4,Put,26.00,-0.34%,0.24,0.3,0.38,1183,522,2.27,29.66%,32.87%,-0.449426,2026-08-03
SBUX,103.37,2026-08-07,4,Put,104.00,+0.61%,1.72,1.72,1.89,710,314,2.26,29.14%,34.10%,-0.559275,2026-08-03
META,590.24,2026-08-14,11,Put,590.00,-0.04%,15.65,16,16.6,754,334,2.26,38.89%,40.40%,-0.479285,2026-08-03
PDD,90.15,2026-08-07,4,Call,93.00,-3.16%,0.39,0.49,0.48,813,360,2.26,39.55%,37.13%,0.220327,2026-08-03
CRML,6.38,2026-08-21,18,Call,7.00,-9.72%,0.3,0.4,0.45,1058,468,2.26,110.39%,107.22%,0.396266,2026-08-03
COHR,288.14,2026-11-20,109,Call,650.00,-125.58%,5.5,6.6,7,1229,543,2.26,109.58%,96.73%,0.105102,2026-08-03
PLTR,125.65,2026-08-07,4,Put,121.00,-3.70%,5.15,5.25,5.3,1537,679,2.26,69.95%,142.57%,-0.370858,2026-08-03
CRWV,85.76,2026-08-07,4,Call,110.00,-28.26%,0.16,0.17,0.18,2337,1036,2.26,112.95%,129.15%,0.03832,2026-08-03
KO,86.86,2026-11-20,109,Call,85.00,+2.14%,5.3,5.4,5.45,2700,1197,2.26,21.36%,22.53%,0.60295,2026-08-03
SPCX,114.53,2026-08-07,4,Put,92.00,-19.67%,1.55,1.65,1.65,3548,1569,2.26,114.99%,198.90%,-0.123443,2026-08-03
TSM,406.11,2026-08-07,4,Call,420.00,-3.42%,4.2,4.35,4.35,5895,2605,2.26,47.72%,55.85%,0.294367,2026-08-03
ONDS,8.37,2026-08-14,11,Call,10.50,-25.45%,0.16,0.19,0.2,2316,1030,2.25,111.77%,131.13%,0.190132,2026-08-03
GOOGL,373.51,2026-08-05,2,Call,377.50,-1.07%,2.44,2.67,2.8,3956,1762,2.25,33.76%,38.77%,0.363363,2026-08-03
AMD,484.64,2026-08-05,2,Call,500.00,-3.17%,14.85,15.1,15.35,4470,1990,2.25,78.90%,150.67%,0.412055,2026-08-03
STRL,611.47,2026-08-21,18,Call,500.00,+18.23%,124.2,133.66,139.6,565,251,2.25,103.55%,121.97%,0.811965,2026-08-03
COST,954.08,2026-09-18,46,Call,"1,180.00",-23.68%,0.5,0.82,1.11,581,258,2.25,24.10%,28.70%,0.022917,2026-08-03
RIOT,21.42,2026-08-07,4,Put,23.50,+9.71%,2.53,2.53,2.78,665,296,2.25,107.08%,147.21%,-0.69945,2026-08-03
PLTR,125.65,2026-08-14,11,Call,120.00,+4.50%,11.25,11.31,11.6,1213,540,2.25,69.95%,96.73%,0.642257,2026-08-03
KO,86.86,2026-08-07,4,Put,87.00,+0.16%,0.84,0.9,0.96,2007,891,2.25,21.36%,22.97%,-0.520049,2026-08-03
OPEN,3.94,2026-08-14,11,Call,4.00,-1.52%,0.3,0.35,0.32,2059,914,2.25,100.46%,122.91%,0.516336,2026-08-03
DELL,429.02,2026-08-07,4,Put,360.00,-16.09%,0.81,0.87,1.03,517,231,2.24,89.72%,103.06%,-0.046221,2026-08-03
AMD,484.64,2026-08-14,11,Call,575.00,-18.64%,6.3,7,7.35,624,278,2.24,78.90%,94.98%,0.171582,2026-08-03
ENPH,39.35,2026-10-16,74,Call,45.00,-14.36%,3.9,4.15,4.2,646,289,2.24,86.16%,84.87%,0.444165,2026-08-03
MCD,265.23,2026-08-07,4,Put,270.00,+1.80%,7.25,7.21,8.3,865,387,2.24,28.21%,45.21%,-0.637262,2026-08-03
GLXY,21.88,2026-08-07,4,Call,25.00,-14.26%,0.38,0.48,0.55,888,396,2.24,109.66%,158.55%,0.236428,2026-08-03
GCT,44.94,2026-08-21,18,Put,35.00,-22.12%,0.45,0.59,0.75,1072,478,2.24,90.28%,101.98%,-0.110424,2026-08-03
ORCL,141.85,2026-08-07,4,Call,165.00,-16.32%,0.32,0.36,0.36,2096,934,2.24,74.50%,90.38%,0.060805,2026-08-03
META,590.24,2026-08-07,4,Call,600.00,-1.65%,7,7.6,7.8,6828,3042,2.24,38.89%,46.49%,0.38004,2026-08-03
NVDA,206.64,2026-08-07,4,Put,197.50,-4.42%,0.8,0.81,0.84,10295,4591,2.24,41.35%,44.55%,-0.158625,2026-08-03
SHOP,117.01,2026-08-14,11,Call,135.00,-15.37%,2.13,2.45,2.65,546,245,2.23,73.52%,97.63%,0.225817,2026-08-03
TGT,149.35,2026-08-14,11,Call,145.00,+2.91%,5.45,5.95,6.05,841,377,2.23,44.67%,30.28%,0.722518,2026-08-03
ORCL,141.85,2026-08-28,25,Call,200.00,-40.99%,0.6,0.61,0.7,984,442,2.23,74.50%,77.67%,0.056894,2026-08-03
SPCX,114.53,2026-08-07,4,Call,133.00,-16.13%,4.1,4.2,4.3,1594,716,2.23,114.99%,214.73%,0.290795,2026-08-03
ARM,239.06,2026-11-20,109,Put,210.00,-12.16%,27.05,27.43,28,608,274,2.22,86.14%,85.57%,-0.297894,2026-08-03
SKHY,142.72,2026-10-16,74,Put,125.00,-12.42%,16.5,17.3,17.7,816,368,2.22,113.95%,106.73%,-0.298548,2026-08-03
MSFT,487.65,2027-03-19,228,Call,630.00,-29.19%,13.4,13.99,14.1,1019,458,2.22,30.51%,32.67%,0.21542,2026-08-03
META,590.24,2026-08-07,4,Call,585.00,+0.89%,13.6,15.5,15.25,1101,496,2.22,38.89%,46.86%,0.584572,2026-08-03
RCAT,8.26,2026-08-07,4,Call,9.50,-15.01%,0.2,0.22,0.24,1208,543,2.22,116.78%,179.26%,0.25801,2026-08-03
NVDA,206.64,2026-09-04,32,Call,235.00,-13.72%,2.32,2.42,2.65,1940,872,2.22,41.35%,43.63%,0.181538,2026-08-03
AMD,484.64,2026-08-07,4,Call,490.00,-1.11%,22.25,22.55,23.15,3530,1589,2.22,78.90%,123.93%,0.493273,2026-08-03
MSFT,487.65,2026-08-14,11,Call,490.00,-0.48%,9.65,10,10.35,3998,1804,2.22,30.51%,32.33%,0.483094,2026-08-03
ONDS,8.37,2026-08-21,18,Call,7.50,+10.39%,1.25,1.3,1.34,3299,1492,2.21,111.77%,110.66%,0.717978,2026-08-03
ACHR,4.84,2026-08-14,11,Call,5.50,-13.64%,0.13,0.14,0.15,3873,1749,2.21,89.84%,106.77%,0.277183,2026-08-03
INTC,91,2027-03-19,228,Call,105.00,-15.38%,17.35,18.2,18.55,4019,1816,2.21,81.59%,78.00%,0.542314,2026-08-03
ORCL,141.85,2026-08-07,4,Call,170.00,-19.84%,0.18,0.19,0.19,4191,1895,2.21,74.50%,92.85%,0.035047,2026-08-03
GOOG,372.47,2026-08-21,18,Call,415.00,-11.42%,1.14,1.27,1.34,4646,2101,2.21,33.27%,35.32%,0.093727,2026-08-03
RIOT,21.42,2026-08-07,4,Call,21.50,-0.37%,1.25,1.37,1.43,508,230,2.21,107.08%,153.67%,0.523813,2026-08-03
AMD,484.64,2026-08-14,11,Call,560.00,-15.55%,8.4,8.82,9.25,591,267,2.21,78.90%,93.90%,0.212288,2026-08-03
LUNR,13.1,2026-08-07,4,Put,12.00,-8.40%,0.23,0.24,0.24,598,271,2.21,119.11%,122.60%,-0.226507,2026-08-03
MCD,265.23,2026-08-14,11,Call,270.00,-1.80%,4.4,4.8,5.1,609,275,2.21,28.21%,36.97%,0.404184,2026-08-03
SPCX,114.53,2026-08-14,11,Call,112.00,+2.21%,12.6,12.6,13.5,753,341,2.21,114.99%,149.36%,0.587073,2026-08-03
LUNR,13.1,2026-08-07,4,Call,13.00,+0.76%,0.68,0.81,0.8,1165,526,2.21,119.11%,126.02%,0.550558,2026-08-03
MSFT,487.65,2026-08-21,18,Put,455.00,-6.70%,3.1,3.22,3.4,1967,889,2.21,30.51%,33.65%,-0.163044,2026-08-03
NKE,42.64,2027-03-19,228,Call,42.50,+0.33%,5.75,5.8,5.85,2060,933,2.21,37.87%,43.56%,0.563653,2026-08-03
GNRC,201.21,2026-09-18,46,Call,220.00,-9.34%,9.8,10.8,10.8,506,230,2.2,61.64%,63.03%,0.373054,2026-08-03
META,590.24,2026-08-05,2,Call,607.50,-2.92%,2.43,2.86,3.2,972,442,2.2,38.89%,50.20%,0.225937,2026-08-03
UMC,18.69,2026-08-21,18,Put,16.00,-14.39%,0.4,0.45,0.55,1296,588,2.2,86.86%,93.48%,-0.198258,2026-08-03
IREN,39.75,2026-08-07,4,Put,39.00,-1.89%,1.84,1.9,2.02,1774,807,2.2,123.05%,139.52%,-0.4185,2026-08-03
ATOM,5.29,2027-01-15,165,Call,10.00,-89.04%,0.9,0.95,1.1,1820,826,2.2,147.70%,141.51%,0.430388,2026-08-03
HIMS,30.82,2026-08-07,4,Call,32.00,-3.83%,0.73,0.75,0.8,2942,1339,2.2,101.28%,96.42%,0.375282,2026-08-03
INTC,91,2026-08-14,11,Call,100.00,-9.89%,2.25,2.38,2.46,4585,2087,2.2,81.59%,87.03%,0.29364,2026-08-03
HNRG,14.94,2027-01-15,165,Call,20.00,-33.87%,1.45,1.5,1.55,5076,2312,2.2,81.76%,73.92%,0.375262,2026-08-03
IBM,226.31,2026-08-07,4,Call,235.00,-3.84%,1.46,1.5,1.58,3325,1519,2.19,41.90%,47.95%,0.234427,2026-08-03
DIS,98.14,2026-08-28,25,Call,103.00,-4.95%,1.79,1.86,2.44,593,271,2.19,35.94%,38.92%,0.336755,2026-08-03
MSFT,487.65,2026-08-14,11,Put,460.00,-5.67%,2.25,2.42,2.55,809,370,2.19,30.51%,34.42%,-0.153847,2026-08-03
META,590.24,2026-08-07,4,Put,575.00,-2.58%,4.8,5.2,5.5,851,389,2.19,38.89%,46.11%,-0.283443,2026-08-03
SNDK,1288.03,2026-08-07,4,Call,"1,700.00",-31.98%,10.2,10.8,10.8,1613,737,2.19,130.45%,188.19%,0.095408,2026-08-03
AMAT,518.21,2026-12-18,137,Put,120.00,-76.84%,0.35,1,1.95,1671,763,2.19,87.46%,115.85%,-0.007483,2026-08-03
WFC,87.89,2026-08-07,4,Call,90.00,-2.40%,0.19,0.17,0.22,1760,803,2.19,24.39%,23.81%,0.175575,2026-08-03
NVO,47.09,2026-08-14,11,Call,56.00,-18.92%,0.1,0.1,0.14,622,285,2.18,45.15%,61.74%,0.057807,2026-08-03
WFC,87.89,2026-08-07,4,Call,88.00,-0.13%,0.82,0.9,0.9,4582,2105,2.18,24.39%,24.69%,0.488451,2026-08-03
WULF,18.83,2026-09-18,46,Call,27.00,-43.39%,0.65,0.68,0.77,20120,9232,2.18,108.28%,107.41%,0.207419,2026-08-03
WMT,110.71,2026-08-07,4,Put,109.00,-1.54%,0.6,0.6,0.64,2237,1032,2.17,32.50%,28.56%,-0.293083,2026-08-03
CRWV,85.76,2026-08-07,4,Call,86.00,-0.28%,4.35,4.4,4.5,2352,1086,2.17,112.95%,126.35%,0.519144,2026-08-03
BB,8.52,2026-08-07,4,Call,9.00,-5.63%,0.12,0.13,0.14,5862,2700,2.17,78.59%,85.37%,0.286286,2026-08-03
AAPL,303.42,2026-08-14,11,Call,327.50,-7.94%,0.52,0.6,0.62,516,238,2.17,27.49%,30.37%,0.080206,2026-08-03
TSM,406.11,2026-08-07,4,Call,427.50,-5.27%,2.53,2.6,2.65,566,261,2.17,47.72%,56.01%,0.200206,2026-08-03
HOOD,90.34,2026-08-21,18,Call,94.00,-4.05%,3.85,4.38,4.45,587,271,2.17,68.36%,70.29%,0.434483,2026-08-03
INTC,91,2026-08-05,2,Call,103.00,-13.19%,0.14,0.16,0.17,587,271,2.17,81.59%,101.99%,0.054705,2026-08-03
MU,829.5,2026-08-07,4,Put,652.50,-21.34%,1.17,1.29,1.43,598,275,2.17,88.82%,125.86%,-0.029368,2026-08-03
UNM,90.11,2026-08-21,18,Call,95.00,-5.43%,0.8,1.05,1.2,752,347,2.17,30.44%,33.78%,0.255486,2026-08-03
AMZN,284.02,2026-08-05,2,Put,290.00,+2.11%,7.1,7.29,7.65,784,362,2.17,32.92%,43.33%,-0.735704,2026-08-03
DELL,429.02,2026-08-07,4,Call,450.00,-4.89%,8.85,9.5,9.5,1151,531,2.17,89.72%,96.36%,0.337346,2026-08-03
HOOD,90.34,2026-08-07,4,Call,99.00,-9.59%,0.54,0.56,0.59,1263,582,2.17,68.36%,80.42%,0.149029,2026-08-03
ORCL,141.85,2026-08-07,4,Call,147.00,-3.63%,2.62,2.61,2.74,1782,823,2.17,74.50%,79.81%,0.351099,2026-08-03
SCHW,105.87,2026-10-16,74,Call,115.00,-8.62%,1.7,1.83,1.86,1943,894,2.17,24.39%,24.90%,0.261607,2026-08-03
CAG,14.91,2026-08-28,25,Call,15.50,-3.96%,0.25,0.31,0.4,586,271,2.16,35.47%,37.30%,0.350175,2026-08-03
PONY,8.05,2026-08-07,4,Call,8.50,-5.59%,0.1,0.13,0.15,694,322,2.16,90.21%,85.81%,0.289001,2026-08-03
CCJ,89.72,2027-01-15,165,Call,95.00,-5.88%,10.75,10.61,11.2,1007,466,2.16,50.78%,52.72%,0.520231,2026-08-03
GRMN,304.76,2026-08-21,18,Call,320.00,-5.00%,2.3,2.7,2.85,1510,698,2.16,28.87%,28.51%,0.235105,2026-08-03
ASTS,63.52,2026-08-07,4,Call,75.00,-18.07%,0.45,0.48,0.52,4247,1966,2.16,112.70%,128.37%,0.121758,2026-08-03
AMD,484.64,2026-08-05,2,Put,470.00,-3.02%,14.6,15,15.35,748,348,2.15,78.90%,152.93%,-0.37104,2026-08-03
CRWV,85.76,2026-08-07,4,Call,91.00,-6.11%,2.41,2.51,2.56,1015,471,2.15,112.95%,125.57%,0.35105,2026-08-03
NVDA,206.64,2026-08-12,9,Call,210.00,-1.63%,3.5,3.54,3.65,1550,721,2.15,41.35%,38.43%,0.411224,2026-08-03
LRCX,294.61,2026-09-18,46,Put,330.00,+12.01%,52.15,54.03,55.85,1616,752,2.15,83.06%,77.81%,-0.603888,2026-08-03
APLD,29.49,2026-08-07,4,Put,26.00,-11.83%,0.3,0.32,0.37,563,263,2.14,105.64%,126.80%,-0.154329,2026-08-03
GOOGL,373.51,2026-08-14,11,Call,385.00,-3.08%,4.55,4.8,5,1258,589,2.14,33.76%,35.39%,0.32782,2026-08-03
SPCE,2.82,2026-10-16,74,Call,4.50,-59.57%,0.15,0.18,0.26,4896,2293,2.14,114.77%,119.78%,0.27995,2026-08-03
SNDK,1288.03,2026-08-07,4,Call,"1,550.00",-20.34%,26.6,26.65,28.1,528,248,2.13,130.45%,191.76%,0.20609,2026-08-03
POET,7.36,2026-09-18,46,Call,9.00,-22.28%,0.57,0.61,0.7,694,326,2.13,117.64%,111.71%,0.383125,2026-08-03
COIN,146.5,2026-08-07,4,Put,142.00,-3.07%,2.93,3.05,3.2,703,330,2.13,71.69%,83.30%,-0.342614,2026-08-03
MRVL,193.77,2026-08-21,18,Put,162.50,-16.14%,4.35,4.6,5.05,806,378,2.13,96.40%,99.84%,-0.180936,2026-08-03
RDW,9.64,2026-08-07,4,Call,11.00,-14.11%,0.25,0.27,0.3,1243,586,2.12,113.35%,179.32%,0.271866,2026-08-03
AMZN,284.02,2026-11-20,109,Put,280.00,-1.42%,18.55,18.73,18.9,2848,1344,2.12,32.92%,35.91%,-0.415867,2026-08-03
ONDS,8.37,2026-08-07,4,Call,8.50,-1.55%,0.32,0.34,0.35,15683,7397,2.12,111.77%,112.25%,0.472476,2026-08-03
PLTR,125.65,2026-08-07,4,Call,150.00,-19.38%,1.26,1.26,1.29,30522,14416,2.12,69.95%,145.70%,0.13949,2026-08-03
APLD,29.49,2026-08-07,4,Call,33.00,-11.90%,0.36,0.38,0.42,2475,1172,2.11,105.64%,118.99%,0.201173,2026-08-03
NKE,42.64,2026-08-07,4,Call,43.00,-0.84%,0.55,0.57,0.57,2539,1202,2.11,37.87%,40.62%,0.429685,2026-08-03
EOSE,3.75,2026-08-07,4,Call,3.50,+6.67%,0.43,0.46,0.5,3721,1763,2.11,145.15%,214.54%,0.663237,2026-08-03
AAPL,303.42,2026-08-07,4,Put,302.50,-0.30%,3.55,3.55,3.85,4601,2179,2.11,27.49%,33.11%,-0.454845,2026-08-03
RIVN,15.35,2026-08-07,4,Call,16.00,-4.23%,0.19,0.2,0.2,9014,4262,2.11,59.23%,67.70%,0.294728,2026-08-03
IBM,226.31,2026-08-07,4,Call,227.50,-0.53%,3.65,3.8,4.1,520,247,2.11,41.90%,46.84%,0.467603,2026-08-03
CRDO,218.35,2026-08-07,4,Call,230.00,-5.34%,5.8,6.28,7.3,741,352,2.11,115.93%,122.01%,0.366909,2026-08-03
MSTR,94.86,2026-08-07,4,Put,92.00,-3.01%,1.81,1.9,2,1383,657,2.11,74.13%,80.57%,-0.341181,2026-08-03
PLTR,125.65,2026-08-14,11,Call,145.00,-15.40%,2.44,2.59,2.59,1676,795,2.11,69.95%,96.93%,0.223429,2026-08-03
W,89.31,2026-08-07,4,Put,70.00,-21.62%,0.25,0.3,0.37,505,240,2.1,79.92%,148.89%,-0.050152,2026-08-03
SERV,5.65,2026-08-14,11,Call,6.50,-15.04%,0.23,0.21,0.25,563,268,2.1,110.70%,134.68%,0.316342,2026-08-03
CROX,134.89,2026-08-21,18,Put,120.00,-11.04%,0.9,1,1.2,1182,562,2.1,45.47%,50.31%,-0.131939,2026-08-03
NBIS,212.58,2026-08-07,4,Call,230.00,-8.19%,7.8,8.15,8.45,2999,1430,2.1,140.81%,165.33%,0.357063,2026-08-03
GXO,50.62,2026-08-21,18,Put,42.50,-16.04%,0.1,0.2,0.2,3500,1663,2.1,46.46%,52.25%,-0.057153,2026-08-03
SNDK,1288.03,2026-08-07,4,Call,"1,500.00",-16.46%,35.5,35.78,36,3203,1534,2.09,130.45%,191.07%,0.254699,2026-08-03
NBIS,212.58,2026-08-07,4,Call,240.00,-12.90%,5.4,5.5,6.05,3556,1702,2.09,140.81%,167.23%,0.273148,2026-08-03
NVTS,11.52,2026-09-18,46,Call,15.00,-30.21%,0.85,0.89,0.97,4238,2023,2.09,117.31%,119.48%,0.344834,2026-08-03
CRM,185.95,2026-10-16,74,Put,190.00,+2.18%,16.9,17.26,17.9,511,244,2.09,49.85%,47.00%,-0.490332,2026-08-03
CCL,28.74,2026-08-07,4,Call,29.50,-2.64%,0.26,0.28,0.29,543,260,2.09,44.74%,47.33%,0.308962,2026-08-03
APLD,29.49,2026-08-07,4,Call,30.50,-3.42%,1.01,1.15,1.12,1115,534,2.09,105.64%,120.81%,0.420761,2026-08-03
GLW,146.64,2026-08-07,4,Call,150.00,-2.29%,4.3,4.45,4.65,1572,751,2.09,80.87%,96.71%,0.432436,2026-08-03
MU,829.5,2026-08-07,4,Call,920.00,-10.91%,10.15,10.3,10.6,1083,520,2.08,88.82%,110.85%,0.20296,2026-08-03
QBTS,19.98,2026-08-07,4,Call,23.00,-15.12%,0.31,0.33,0.35,1285,619,2.08,102.39%,148.13%,0.203898,2026-08-03
ORCL,141.85,2026-08-14,11,Call,155.00,-9.27%,2.56,2.78,2.71,1611,773,2.08,74.50%,72.12%,0.26089,2026-08-03
AMZN,284.02,2026-08-05,2,Put,265.00,-6.70%,0.1,0.11,0.12,2967,1424,2.08,32.92%,49.34%,-0.02736,2026-08-03
TSLA,322.08,2026-08-14,11,Call,320.00,+0.65%,11.75,11.82,12,3859,1868,2.07,45.15%,47.79%,0.552816,2026-08-03
TE,4.94,2026-08-14,11,Call,5.50,-11.34%,0.35,0.4,0.45,791,382,2.07,158.34%,177.78%,0.424595,2026-08-03
C,133.57,2026-08-07,4,Call,134.00,-0.32%,1.56,1.48,1.72,817,394,2.07,29.23%,32.84%,0.471841,2026-08-03
CRWV,85.76,2026-08-07,4,Call,87.00,-1.45%,3.9,3.97,4.05,1616,780,2.07,112.95%,126.32%,0.484263,2026-08-03
AAPL,303.42,2026-08-14,11,Put,295.00,-2.78%,2.64,2.85,2.91,2106,1017,2.07,27.49%,29.79%,-0.278685,2026-08-03
DXCM,87.31,2026-09-18,46,Call,95.00,-8.81%,1.9,2.23,2.65,545,264,2.06,40.12%,39.66%,0.309927,2026-08-03
PLTR,125.65,2026-09-04,32,Call,150.00,-19.38%,3.15,3.18,3.25,691,336,2.06,69.95%,70.21%,0.231894,2026-08-03
MSFT,487.65,2026-08-05,2,Put,462.50,-5.16%,0.29,0.37,0.45,693,336,2.06,30.51%,44.92%,-0.053332,2026-08-03
COIN,146.5,2026-08-07,4,Put,135.00,-7.85%,1.09,1.16,1.25,4891,2372,2.06,71.69%,84.11%,-0.164361,2026-08-03
AAPL,303.42,2026-08-14,11,Call,315.00,-3.82%,2.06,2.19,2.24,3425,1674,2.05,27.49%,29.11%,0.243051,2026-08-03
BABA,127.3,2026-08-07,4,Call,135.00,-6.05%,0.56,0.56,0.6,3717,1815,2.05,48.08%,54.20%,0.157159,2026-08-03
ORCL,141.85,2026-12-18,137,Put,135.00,-4.83%,19.2,19.5,20.15,6602,3222,2.05,74.50%,70.30%,-0.363333,2026-08-03
MSTR,94.86,2026-08-14,11,Call,95.00,-0.15%,4.7,5,5,712,348,2.05,74.13%,74.14%,0.524476,2026-08-03
KO,86.86,2026-08-07,4,Put,84.00,-3.29%,0.07,0.11,0.13,1033,505,2.05,21.36%,24.66%,-0.094284,2026-08-03
NVDA,206.64,2026-08-14,11,Put,172.50,-16.52%,0.15,0.17,0.19,585,287,2.04,41.35%,53.59%,-0.022911,2026-08-03
CPNG,16.42,2026-12-18,137,Put,14.00,-14.74%,1.04,1.02,1.24,930,457,2.04,63.78%,59.98%,-0.258037,2026-08-03
SPCX,114.53,2026-10-16,74,Call,215.00,-87.72%,3,3.2,3.2,1010,496,2.04,114.99%,104.22%,0.137527,2026-08-03
UNH,415.36,2026-08-07,4,Call,430.00,-3.52%,0.98,0.98,1.03,1182,579,2.04,28.86%,30.93%,0.147034,2026-08-03
INTC,91,2026-08-05,2,Put,85.00,-6.59%,0.72,0.76,0.78,1434,703,2.04,81.59%,107.13%,-0.183574,2026-08-03
CZR,29.73,2028-01-21,536,Call,30.00,-0.91%,1.1,2.1,2.12,1652,809,2.04,23.94%,4.42%,0.834267,2026-08-03
SLS,11.22,2026-09-18,46,Put,15.00,+33.69%,6,6.29,6.6,2247,1103,2.04,239.07%,233.56%,-0.47319,2026-08-03
BA,233.49,2027-01-15,165,Put,225.00,-3.64%,14.4,15.8,16.55,2280,1116,2.04,34.37%,32.26%,-0.383094,2026-08-03
MSFT,487.65,2026-08-14,11,Call,500.00,-2.53%,5.8,5.95,6.3,2705,1328,2.04,30.51%,32.18%,0.342916,2026-08-03
NOW,114.19,2026-08-21,18,Call,140.00,-22.60%,0.73,0.75,0.79,17561,8607,2.04,60.69%,67.11%,0.10013,2026-08-03
TSLA,322.08,2026-08-14,11,Call,340.00,-5.56%,4.45,4.45,4.55,3202,1575,2.03,45.15%,48.67%,0.279002,2026-08-03
OPEN,3.94,2026-08-07,4,Call,4.50,-14.21%,0.1,0.1,0.11,29832,14675,2.03,100.46%,174.51%,0.263023,2026-08-03
CAPR,4.2,2026-09-18,46,Put,2.00,-52.38%,0.15,0.2,0.25,538,265,2.03,285.89%,221.98%,-0.089985,2026-08-03
GOOGL,373.51,2026-08-28,25,Call,410.00,-9.77%,2.6,2.91,3.15,540,266,2.03,33.76%,34.39%,0.167281,2026-08-03
CDE,15.56,2026-08-07,4,Call,17.50,-12.47%,0.1,0.14,0.2,754,372,2.03,75.16%,109.28%,0.166755,2026-08-03
AMZN,284.02,2026-08-10,7,Put,280.00,-1.42%,3.35,3.2,3.7,992,488,2.03,32.92%,34.44%,-0.368782,2026-08-03
SOFI,18.03,2026-09-04,32,Call,19.50,-8.15%,0.54,0.58,0.6,1122,552,2.03,51.85%,51.49%,0.338473,2026-08-03
NVDA,206.64,2026-09-04,32,Call,250.00,-20.98%,0.85,0.95,1.04,1177,579,2.03,41.35%,43.52%,0.081954,2026-08-03
GOOGL,373.51,2026-08-07,4,Put,345.00,-7.63%,0.28,0.32,0.32,1631,803,2.03,33.76%,44.58%,-0.041636,2026-08-03
NVDA,206.64,2026-08-14,11,Put,192.50,-6.84%,1.19,1.24,1.27,1682,828,2.03,41.35%,41.79%,-0.15264,2026-08-03
GME,19.06,2026-12-18,137,Call,20.00,-4.93%,2.07,2.16,2.29,2039,1002,2.03,54.65%,58.30%,0.494846,2026-08-03
OKLO,41.22,2026-08-07,4,Call,43.50,-5.53%,1.49,1.66,1.69,571,282,2.02,99.44%,145.15%,0.391356,2026-08-03
HPE,50.24,2026-08-07,4,Call,48.00,+4.46%,3.1,3.2,3.4,844,417,2.02,82.87%,93.51%,0.697602,2026-08-03
NBIS,212.58,2026-08-14,11,Call,230.00,-8.19%,17.85,19.15,18.8,879,436,2.02,140.81%,170.54%,0.454479,2026-08-03
NVTS,11.52,2026-08-07,4,Call,11.50,+0.17%,0.64,0.73,0.71,1180,583,2.02,117.31%,138.01%,0.53467,2026-08-03
INTC,91,2026-08-28,25,Call,91.00,0.00%,7.8,8.05,8.25,1255,620,2.02,81.59%,83.74%,0.54724,2026-08-03
TE,4.94,2026-08-07,4,Call,5.00,-1.21%,0.35,0.35,0.4,7579,3757,2.02,158.34%,194.71%,0.517797,2026-08-03
GME,19.06,2026-08-07,4,Put,19.50,+2.31%,0.74,0.85,0.81,4356,2162,2.01,54.65%,64.69%,-0.621095,2026-08-03
CRM,185.95,2026-08-14,11,Call,200.00,-7.56%,1.76,1.97,2.01,613,305,2.01,49.85%,49.78%,0.214568,2026-08-03
UPST,29.43,2026-08-07,4,Put,23.00,-21.85%,0.11,0.12,0.14,664,330,2.01,88.64%,157.17%,-0.056723,2026-08-03
ARM,239.06,2026-08-07,4,Call,270.00,-12.94%,2.04,2.12,2.22,895,445,2.01,86.14%,108.90%,0.156913,2026-08-03
XYZ,82.09,2026-09-18,46,Put,47.50,-42.14%,0.01,0.1,0.51,1009,503,2.01,58.01%,85.70%,-0.024729,2026-08-03
NKE,42.64,2026-08-21,18,Put,42.00,-1.50%,1.04,1.07,1.08,1140,567,2.01,37.87%,36.19%,-0.409356,2026-08-03
PATH,13.05,2026-08-14,11,Call,15.00,-14.94%,0.1,0.15,0.18,1278,636,2.01,79.92%,75.97%,0.163083,2026-08-03
BAC,62.48,2026-08-14,11,Call,62.00,+0.77%,1.18,1.19,1.27,1396,693,2.01,21.44%,21.96%,0.592989,2026-08-03
HIMS,30.82,2026-08-07,4,Call,34.00,-10.32%,0.27,0.36,0.36,1729,860,2.01,101.28%,99.52%,0.187606,2026-08-03
NCLH,19.76,2026-08-07,4,Call,19.50,+1.32%,0.55,0.57,0.64,524,262,2,48.38%,54.72%,0.6052,2026-08-03
DNUT,3.06,2026-08-07,4,Call,3.00,+1.96%,0.15,0.2,0.25,559,280,2,83.10%,133.29%,0.5834,2026-08-03
PLTR,125.65,2026-08-21,18,Call,126.00,-0.28%,8.85,9,9.15,585,292,2,69.95%,81.48%,0.533865,2026-08-03
C,133.57,2026-08-07,4,Put,133.00,-0.43%,1.5,1.63,1.59,719,359,2,29.23%,32.83%,-0.441673,2026-08-03
ZETA,22.56,2026-08-07,4,Call,26.00,-15.25%,0.43,0.46,0.48,902,451,2,87.52%,160.83%,0.224674,2026-08-03
NVTS,11.52,2026-08-07,4,Call,12.00,-4.17%,0.46,0.48,0.51,1792,895,2,117.31%,142.10%,0.421749,2026-08-03
OPLN,41.17,2026-08-21,18,Put,35.00,-14.99%,0,0.58,0.75,2000,1000,2,46.38%,66.24%,-0.118324,2026-08-03
NVDA,206.64,2026-08-07,4,Call,222.50,-7.68%,0.22,0.22,0.25,6384,3187,2,41.35%,44.17%,0.058363,2026-08-03
NVTS,11.52,2026-08-21,18,Call,11.00,+4.51%,1.45,1.51,1.65,8717,4368,2,117.31%,127.05%,0.622156,2026-08-03
SOFI,18.03,2026-08-14,11,Call,18.00,+0.17%,0.65,0.67,0.69,9634,4809,2,51.85%,51.73%,0.530144,2026-08-03
INTC,91,2026-08-14,11,Call,95.00,-4.40%,3.7,3.8,3.95,2954,1486,1.99,81.59%,86.53%,0.418661,2026-08-03
SLS,11.22,2026-08-07,4,Call,12.50,-11.41%,0.4,0.47,0.65,614,308,1.99,239.07%,210.77%,0.352878,2026-08-03
AEM,147.42,2026-08-21,18,Put,135.00,-8.42%,1.1,1.5,1.45,636,320,1.99,43.70%,43.06%,-0.163567,2026-08-03
CVX,193.18,2026-08-14,11,Call,200.00,-3.53%,1.38,1.4,1.71,1039,522,1.99,28.10%,29.99%,0.260679,2026-08-03
QBTS,19.98,2026-08-07,4,Call,20.50,-2.60%,0.94,0.98,1,1280,643,1.99,102.39%,143.17%,0.462608,2026-08-03
NVDA,206.64,2026-08-10,7,Call,202.50,+2.00%,6.6,6.75,6.9,1370,690,1.99,41.35%,37.95%,0.66377,2026-08-03
MSTR,94.86,2026-08-07,4,Put,93.00,-1.96%,2.24,2.3,2.39,1765,885,1.99,74.13%,80.91%,-0.389678,2026-08-03
GLW,146.64,2026-09-18,46,Call,175.00,-19.34%,6.9,7.41,7.4,1785,899,1.99,80.87%,78.14%,0.31342,2026-08-03
PLTR,125.65,2026-08-07,4,Call,139.00,-10.62%,3.1,3.14,3.2,1820,915,1.99,69.95%,147.33%,0.282619,2026-08-03
AEO,17.87,2026-08-07,4,Call,17.50,+2.07%,0.58,0.6,0.65,514,259,1.98,60.48%,54.49%,0.654137,2026-08-03
VRT,263.05,2026-10-16,74,Call,320.00,-21.65%,14.4,14.85,15.8,528,267,1.98,71.44%,69.54%,0.327711,2026-08-03
ICE,151.8,2026-09-18,46,Call,155.00,-2.11%,5.2,5.3,5.6,587,296,1.98,31.38%,30.86%,0.455962,2026-08-03
NKE,42.64,2026-08-14,11,Call,43.00,-0.84%,0.94,0.95,1,712,360,1.98,37.87%,38.54%,0.462619,2026-08-03
IREN,39.75,2026-08-14,11,Put,33.00,-16.98%,0.72,0.94,1.01,838,424,1.98,123.05%,126.33%,-0.167825,2026-08-03
CCL,28.74,2026-08-28,25,Call,29.00,-0.90%,1.14,1.2,1.24,1221,616,1.98,44.74%,43.28%,0.493936,2026-08-03
TSLA,322.08,2026-08-10,7,Call,330.00,-2.46%,4.9,4.94,5,1759,888,1.98,45.15%,45.72%,0.366507,2026-08-03
TSLA,322.08,2026-08-07,4,Call,367.50,-14.10%,0.26,0.27,0.28,2852,1439,1.98,45.15%,66.40%,0.031643,2026-08-03
CAG,14.91,2026-09-18,46,Put,15.00,+0.60%,0.65,0.85,0.8,3002,1513,1.98,35.47%,29.84%,-0.520587,2026-08-03
NVDA,206.64,2026-08-28,25,Put,210.00,+1.63%,11.1,11.4,11.4,4179,2110,1.98,41.35%,44.64%,-0.526305,2026-08-03
SPCX,114.53,2026-08-07,4,Call,130.00,-13.51%,4.7,4.87,4.9,14729,7494,1.97,114.99%,212.36%,0.323806,2026-08-03
ASST,11.8,2026-08-07,4,Call,13.00,-10.17%,0.12,0.14,0.15,644,327,1.97,95.00%,102.91%,0.200008,2026-08-03
IREN,39.75,2026-08-07,4,Put,35.50,-10.69%,0.72,0.79,0.81,1087,553,1.97,123.05%,146.27%,-0.206834,2026-08-03
ZVRA,10.06,2027-12-17,501,Put,12.00,+19.28%,3.3,4.1,6.3,1139,577,1.97,89.92%,83.46%,-0.371804,2026-08-03
OWL,11.16,2026-08-14,11,Call,11.00,+1.43%,0.35,0.45,0.5,1178,598,1.97,46.19%,45.20%,0.582653,2026-08-03
PLTR,125.65,2026-08-07,4,Call,146.00,-16.20%,1.74,1.74,1.82,1451,736,1.97,69.95%,145.73%,0.182687,2026-08-03
APLD,29.49,2026-08-07,4,Call,32.00,-8.51%,0.57,0.62,0.65,1653,841,1.97,105.64%,120.80%,0.28107,2026-08-03
AMD,484.64,2026-09-18,46,Call,590.00,-21.74%,19.7,20,20.3,1893,961,1.97,78.90%,75.91%,0.281628,2026-08-03
AAPL,303.42,2026-09-11,39,Call,350.00,-15.35%,0.69,0.83,0.98,587,299,1.96,27.49%,28.03%,0.070261,2026-08-03
NEE,86.55,2026-08-07,4,Put,85.00,-1.79%,0.19,0.55,0.42,927,473,1.96,22.67%,24.32%,-0.233926,2026-08-03
HPE,50.24,2026-09-04,32,Call,60.00,-19.43%,1.95,2.21,2.43,3125,1597,1.96,82.87%,89.25%,0.29736,2026-08-03
ACHR,4.84,2026-08-21,18,Call,5.50,-13.64%,0.18,0.19,0.19,3365,1729,1.95,89.84%,95.36%,0.312275,2026-08-03
PLTR,125.65,2026-08-14,11,Call,150.00,-19.38%,1.73,1.72,1.75,6404,3280,1.95,69.95%,96.63%,0.167105,2026-08-03
AMZN,284.02,2026-12-18,137,Put,240.00,-15.50%,6.95,6.95,7.25,8263,4240,1.95,32.92%,37.14%,-0.181876,2026-08-03
NVDA,206.64,2026-08-07,4,Call,220.00,-6.47%,0.38,0.38,0.4,38475,19744,1.95,41.35%,43.74%,0.090453,2026-08-03
CDE,15.56,2026-08-14,11,Call,16.50,-6.04%,0.5,0.55,0.75,508,261,1.95,75.16%,92.18%,0.389403,2026-08-03
META,590.24,2026-08-14,11,Call,675.00,-14.36%,0.89,1.17,1.07,516,264,1.95,38.89%,45.86%,0.051185,2026-08-03
TSLA,322.08,2026-08-10,7,Put,310.00,-3.75%,3.1,3.2,3.25,551,283,1.95,45.15%,44.87%,-0.255838,2026-08-03
HOOD,90.34,2026-08-07,4,Call,103.00,-14.01%,0.22,0.23,0.28,679,348,1.95,68.36%,83.55%,0.073354,2026-08-03
DLO,15.31,2026-08-21,18,Put,15.00,-2.02%,0.85,0.85,1,705,361,1.95,68.41%,79.81%,-0.419637,2026-08-03
TSLA,322.08,2026-09-04,32,Call,325.00,-0.91%,16.4,16.9,16.6,785,403,1.95,45.15%,45.68%,0.509951,2026-08-03
ZS,154.46,2026-08-07,4,Call,160.00,-3.59%,2,2.14,2.28,1020,524,1.95,69.78%,66.12%,0.319605,2026-08-03
WMT,110.71,2026-08-14,11,Call,113.00,-2.07%,1.17,1.24,1.23,1131,580,1.95,32.50%,27.38%,0.348317,2026-08-03
DELL,429.02,2026-08-07,4,Call,420.00,+2.10%,21.15,22.85,23.3,1247,639,1.95,89.72%,97.43%,0.603547,2026-08-03
PLTR,125.65,2026-08-07,4,Put,127.00,+1.07%,8.15,8.3,8.3,1269,651,1.95,69.95%,143.36%,-0.497635,2026-08-03
SOFI,18.03,2026-09-04,32,Call,18.00,+0.17%,1.11,1.16,1.2,1616,830,1.95,51.85%,52.31%,0.543477,2026-08-03
NFLX,73.33,2026-09-18,46,Call,84.00,-14.55%,0.9,0.9,0.93,1993,1020,1.95,36.36%,37.84%,0.181561,2026-08-03
NN,13.24,2026-08-14,11,Call,16.00,-20.85%,0.35,0.7,0.9,521,269,1.94,120.42%,163.62%,0.301248,2026-08-03
AMZN,284.02,2026-10-16,74,Put,280.00,-1.42%,13.55,13.65,13.8,523,269,1.94,32.92%,32.55%,-0.417535,2026-08-03
COF,217.68,2026-08-14,11,Put,215.00,-1.23%,2.85,3.32,3.4,696,359,1.94,29.49%,29.29%,-0.389672,2026-08-03
GOOG,372.47,2026-08-14,11,Call,370.00,+0.66%,9.95,10.32,10.6,936,483,1.94,33.27%,34.17%,0.563164,2026-08-03
ASST,11.8,2026-08-07,4,Call,12.00,-1.69%,0.32,0.46,0.48,1095,564,1.94,95.00%,98.96%,0.457541,2026-08-03
CLF,11.22,2026-08-07,4,Put,11.00,-1.96%,0.2,0.25,0.24,1333,687,1.94,65.35%,68.71%,-0.376956,2026-08-03
NBIS,212.58,2026-08-07,4,Put,185.00,-12.97%,4.6,4.8,5,1728,889,1.94,140.81%,177.15%,-0.199314,2026-08-03
SLS,11.22,2026-08-07,4,Call,15.00,-33.69%,0.05,0.2,0.2,2162,1113,1.94,239.07%,210.36%,0.113784,2026-08-03
AAPL,303.42,2026-11-20,109,Put,310.00,+2.17%,20.2,20.4,20.75,3141,1622,1.94,27.49%,27.75%,-0.508524,2026-08-03
JOBY,7.38,2026-08-07,4,Call,7.50,-1.63%,0.32,0.35,0.37,3773,1941,1.94,87.56%,129.12%,0.480531,2026-08-03
CRWV,85.76,2026-08-07,4,Put,70.00,-18.38%,0.38,0.4,0.42,5559,2861,1.94,112.95%,137.80%,-0.069118,2026-08-03
IREN,39.75,2026-08-07,4,Call,42.00,-5.66%,1.38,1.4,1.46,6084,3131,1.94,123.05%,139.10%,0.381078,2026-08-03
ABT,107.12,2026-12-18,137,Call,95.00,+11.31%,15.5,15.91,17.3,15609,8056,1.94,28.71%,35.85%,0.746139,2026-08-03
TSLA,322.08,2026-08-14,11,Call,350.00,-8.67%,2.64,2.64,2.69,3890,2016,1.93,45.15%,49.84%,0.182697,2026-08-03
ASTS,63.52,2026-08-07,4,Call,70.00,-10.20%,1.09,1.14,1.2,4247,2197,1.93,112.70%,124.09%,0.248299,2026-08-03
AMZN,284.02,2026-12-18,137,Put,235.00,-17.26%,5.95,6.25,6.25,5139,2665,1.93,32.92%,37.50%,-0.160035,2026-08-03
KRYS,312.57,2026-08-21,18,Put,300.00,-4.02%,5.6,6.8,7.7,509,264,1.93,45.85%,44.54%,-0.315682,2026-08-03
CSIQ,15.52,2026-08-07,4,Call,17.50,-12.76%,0.15,0.15,0.25,511,265,1.93,98.51%,122.65%,0.192694,2026-08-03
SPCX,114.53,2026-08-07,4,Put,104.00,-9.19%,4.9,4.9,5,526,272,1.93,114.99%,204.25%,-0.287858,2026-08-03
AMZN,284.02,2026-08-28,25,Call,315.00,-10.91%,1.6,1.62,1.86,536,278,1.93,32.92%,34.19%,0.139063,2026-08-03
META,590.24,2026-08-05,2,Call,612.50,-3.77%,1.65,1.8,2.09,572,296,1.93,38.89%,50.00%,0.16428,2026-08-03
RDW,9.64,2026-09-18,46,Call,11.00,-14.11%,0.95,1.05,1.1,711,369,1.93,113.35%,110.23%,0.448393,2026-08-03
RZLV,2.57,2026-08-14,11,Call,2.50,+2.72%,0.15,0.2,0.25,905,470,1.93,111.29%,91.88%,0.602481,2026-08-03
NBIS,212.58,2026-08-07,4,Call,205.00,+3.57%,18.6,18.7,19.85,1326,687,1.93,140.81%,173.30%,0.615264,2026-08-03
UWMC,1.92,2026-08-07,4,Call,2.0000,-4.17%,0.05,0.1,0.2,2038,1056,1.93,85.65%,199.84%,0.460462,2026-08-03
NBIS,212.58,2026-08-07,4,Put,180.00,-15.33%,3.75,3.86,4,2064,1069,1.93,140.81%,181.45%,-0.165331,2026-08-03
AGIO,30.54,2026-11-20,109,Put,25.00,-18.14%,1.3,2,2.35,500,261,1.92,69.40%,68.44%,-0.227222,2026-08-03
PEP,139.63,2026-08-07,4,Call,139.00,+0.45%,1.8,1.95,2.2,625,326,1.92,25.84%,28.72%,0.564919,2026-08-03
SNOW,307.53,2026-08-07,4,Call,335.00,-8.93%,1.7,1.75,1.89,637,331,1.92,69.66%,75.18%,0.148533,2026-08-03
NOW,114.19,2026-08-07,4,Call,123.00,-7.72%,0.81,0.87,0.95,715,372,1.92,60.69%,75.47%,0.185067,2026-08-03
COST,954.08,2026-08-14,11,Put,580.00,-39.21%,0.01,0.12,0.26,780,406,1.92,24.10%,105.56%,-0.002464,2026-08-03
IREN,39.75,2026-08-07,4,Put,33.50,-15.72%,0.37,0.38,0.43,1182,617,1.92,123.05%,150.14%,-0.121128,2026-08-03
UPST,29.43,2026-08-07,4,Call,38.00,-29.12%,0.12,0.15,0.18,1430,745,1.92,88.64%,158.79%,0.073257,2026-08-03
PLTR,125.65,2026-08-14,11,Call,135.00,-7.44%,4.8,4.9,4.95,1835,956,1.92,69.95%,96.76%,0.368107,2026-08-03
META,590.24,2026-09-18,46,Call,665.00,-12.67%,9.45,10,10,2058,1071,1.92,38.89%,38.83%,0.221825,2026-08-03
CRWV,85.76,2026-08-07,4,Call,100.00,-16.60%,0.74,0.76,0.8,6786,3526,1.92,112.95%,127.52%,0.139821,2026-08-03
MSFT,487.65,2026-08-14,11,Call,485.00,+0.54%,12.05,12.45,13,2510,1315,1.91,30.51%,32.45%,0.555684,2026-08-03
RXT,4.77,2026-08-07,4,Call,4.50,+5.66%,0.4,0.49,0.5,2700,1412,1.91,160.33%,152.31%,0.672826,2026-08-03
AMZN,284.02,2026-08-05,2,Call,280.00,+1.42%,5.7,5.96,5.95,7848,4105,1.91,32.92%,40.91%,0.688825,2026-08-03
MRK,127.77,2026-08-07,4,Call,134.00,-4.88%,0.89,1.07,1.1,601,315,1.91,34.70%,58.26%,0.22704,2026-08-03
RDDT,154.71,2026-08-21,18,Call,160.00,-3.42%,6.9,7.55,8,1297,678,1.91,67.01%,70.07%,0.44955,2026-08-03
ASST,11.8,2026-08-07,4,Call,11.50,+2.54%,0.63,0.68,0.73,1853,970,1.91,95.00%,105.61%,0.614801,2026-08-03
TSLA,322.08,2026-08-10,7,Call,315.00,+2.20%,11.95,12.8,12.3,761,401,1.9,45.15%,45.19%,0.654559,2026-08-03
SNDK,1288.03,2026-08-07,4,Put,"1,250.00",-2.95%,85.7,87.79,87.4,860,453,1.9,130.45%,197.90%,-0.401344,2026-08-03
PLTR,125.65,2026-08-28,25,Call,155.00,-23.36%,1.94,2.07,2.07,941,495,1.9,69.95%,74.61%,0.167326,2026-08-03
TSLA,322.08,2026-08-14,11,Put,315.00,-2.20%,7.05,7.4,7.2,944,498,1.9,45.15%,47.20%,-0.373178,2026-08-03
NBIS,212.58,2026-08-14,11,Call,300.00,-41.12%,4.05,4.35,4.6,1114,587,1.9,140.81%,168.34%,0.151759,2026-08-03
PLTR,125.65,2026-08-07,4,Put,117.00,-6.88%,3.55,3.65,3.7,1455,764,1.9,69.95%,141.25%,-0.288174,2026-08-03
NOW,114.19,2026-08-07,4,Call,116.00,-1.59%,2.57,2.71,2.71,1714,901,1.9,60.69%,71.82%,0.43395,2026-08-03
ORCL,141.85,2026-08-07,4,Put,140.00,-1.30%,3.45,3.5,3.7,2165,1139,1.9,74.50%,75.69%,-0.417594,2026-08-03
HIVE,2.89,2026-08-07,4,Call,3.00,-3.81%,0.1,0.11,0.15,5101,2684,1.9,110.13%,141.67%,0.430501,2026-08-03
QCOM,151.57,2026-08-21,18,Call,145.00,+4.33%,10.95,10.72,11.8,715,379,1.89,57.06%,57.92%,0.659639,2026-08-03
SOFI,18.03,2026-08-28,25,Call,20.50,-13.70%,0.23,0.24,0.26,1569,832,1.89,51.85%,51.60%,0.193542,2026-08-03
NBIS,212.58,2026-08-07,4,Call,260.00,-22.31%,2.08,2.3,2.5,2041,1078,1.89,140.81%,161.78%,0.135219,2026-08-03
STM,52.19,2026-08-21,18,Put,50.00,-4.20%,2.3,2.5,2.55,2107,1115,1.89,71.86%,76.08%,-0.364711,2026-08-03
UAMY,5.66,2026-08-14,11,Call,6.00,-6.01%,0.25,0.31,0.35,561,298,1.88,113.88%,111.00%,0.420436,2026-08-03
LITE,779.89,2026-08-07,4,Call,900.00,-15.40%,7.5,8,8.6,627,333,1.88,110.80%,127.13%,0.156987,2026-08-03
CRWV,85.76,2026-08-07,4,Call,94.00,-9.61%,1.67,1.72,1.81,705,376,1.88,112.95%,126.98%,0.26736,2026-08-03
RDW,9.64,2026-08-07,4,Call,11.50,-19.29%,0.15,0.2,0.25,825,439,1.88,113.35%,184.71%,0.207882,2026-08-03
ARM,239.06,2028-01-21,536,Call,670.00,-180.26%,29.1,32.15,33.2,916,487,1.88,86.14%,82.06%,0.315869,2026-08-03
PLTR,125.65,2026-08-07,4,Put,113.00,-10.07%,2.35,2.37,2.46,1704,906,1.88,69.95%,140.63%,-0.212759,2026-08-03
RGTI,16.02,2026-08-07,4,Call,17.00,-6.12%,0.56,0.58,0.59,3823,2035,1.88,101.65%,143.23%,0.37508,2026-08-03
MU,829.5,2026-08-07,4,Call,900.00,-8.50%,14,14.18,14.5,11016,5859,1.88,88.82%,110.61%,0.260001,2026-08-03
USAR,15.86,2026-08-07,4,Call,17.50,-10.34%,0.2,0.24,0.3,2458,1314,1.87,105.51%,118.01%,0.232194,2026-08-03
AMZN,284.02,2026-08-21,18,Put,280.00,-1.42%,6.2,6.34,6.45,4021,2151,1.87,32.92%,33.53%,-0.401971,2026-08-03
HOOD,90.34,2026-08-07,4,Call,100.00,-10.69%,0.45,0.45,0.47,8197,4393,1.87,68.36%,81.10%,0.125167,2026-08-03
AMD,484.64,2026-08-05,2,Call,520.00,-7.30%,8.8,9.2,9.2,783,419,1.87,78.90%,150.77%,0.283148,2026-08-03
GOOGL,373.51,2026-08-05,2,Call,365.00,+2.28%,9.3,9.94,10.7,962,515,1.87,33.76%,40.90%,0.783084,2026-08-03
VKTX,32.61,2026-11-20,109,Call,50.00,-53.33%,2.2,2.1,2.53,963,514,1.87,77.31%,93.59%,0.288558,2026-08-03
PRIM,87.84,2026-08-21,18,Call,90.00,-2.46%,6,6.44,7.1,1012,540,1.87,86.33%,95.67%,0.49969,2026-08-03
GLW,146.64,2026-08-28,25,Put,115.00,-21.58%,1.94,2.05,2.15,1081,578,1.87,80.87%,86.03%,-0.115003,2026-08-03
ORCL,141.85,2026-08-07,4,Call,144.00,-1.52%,3.65,3.85,3.85,1613,864,1.87,74.50%,79.33%,0.445563,2026-08-03
NVDA,206.64,2026-08-21,18,Put,207.50,+0.42%,7.25,7.44,7.35,2110,1129,1.87,41.35%,38.24%,-0.49691,2026-08-03
SERV,5.65,2026-08-14,11,Call,7.00,-23.89%,0.14,0.14,0.18,524,281,1.86,110.70%,140.25%,0.225466,2026-08-03
DIS,98.14,2026-08-14,11,Put,90.00,-8.29%,0.56,0.66,0.84,643,345,1.86,35.94%,50.52%,-0.15066,2026-08-03
GOOGL,373.51,2026-08-28,25,Put,345.00,-7.63%,3,3.15,3.9,671,361,1.86,33.76%,35.37%,-0.177061,2026-08-03
TGT,149.35,2026-08-07,4,Call,150.00,-0.44%,1.7,1.83,2,749,402,1.86,44.67%,34.49%,0.459873,2026-08-03
JPM,352.64,2026-08-07,4,Call,367.50,-4.21%,0.04,0.12,0.3,789,424,1.86,21.87%,23.38%,0.047873,2026-08-03
NVDA,206.64,2026-08-12,9,Call,215.00,-4.05%,1.94,1.96,2.04,898,483,1.86,41.35%,38.40%,0.269309,2026-08-03
QCOM,151.57,2026-08-07,4,Call,165.00,-8.86%,0.61,0.62,0.65,1092,586,1.86,57.06%,67.59%,0.122446,2026-08-03
AMZN,284.02,2026-08-07,4,Put,272.50,-4.06%,1,1.07,1.09,2560,1373,1.86,32.92%,40.98%,-0.159858,2026-08-03
SOFI,18.03,2026-08-14,11,Call,19.50,-8.15%,0.18,0.18,0.19,4666,2515,1.86,51.85%,52.12%,0.20927,2026-08-03
AMZN,284.02,2026-08-07,4,Call,285.00,-0.35%,4.35,4.45,4.95,12279,6595,1.86,32.92%,42.70%,0.481723,2026-08-03
AXTI,68.67,2026-08-07,4,Call,80.00,-16.50%,1.5,1.65,1.8,2367,1280,1.85,148.48%,180.02%,0.237568,2026-08-03
TMDX,81.55,2026-08-21,18,Put,70.00,-14.16%,2.75,2.98,3.1,5084,2748,1.85,89.58%,109.72%,-0.225081,2026-08-03
PFE,25.03,2026-08-28,25,Put,24.00,-4.12%,0.19,0.26,0.27,594,321,1.85,24.37%,23.33%,-0.24557,2026-08-03
MDLZ,61.73,2027-01-15,165,Call,75.00,-21.50%,0.65,0.7,0.8,766,413,1.85,26.45%,25.15%,0.144937,2026-08-03
TGT,149.35,2026-08-07,4,Call,155.00,-3.78%,0.45,0.44,0.52,860,466,1.85,44.67%,35.80%,0.165896,2026-08-03
KOS,2.53,2026-09-18,46,Put,2.50,-1.19%,0.25,0.25,0.3,1068,578,1.85,86.95%,80.78%,-0.428369,2026-08-03
GE,368.93,2026-09-18,46,Put,330.00,-10.55%,3.7,3.97,4.15,1384,747,1.85,32.91%,34.37%,-0.157477,2026-08-03
CSCO,115.86,2026-08-07,4,Call,120.00,-3.57%,0.62,0.66,0.7,1457,789,1.85,51.79%,42.81%,0.224886,2026-08-03
PZZA,31.07,2026-08-21,18,Call,32.50,-4.60%,1.7,2.1,2.6,544,296,1.84,92.00%,100.52%,0.461528,2026-08-03
CRWV,85.76,2026-08-28,25,Call,130.00,-51.59%,1.2,1.29,1.5,568,309,1.84,112.95%,117.93%,0.117909,2026-08-03
CVNA,66.13,2026-08-07,4,Call,68.00,-2.83%,1.2,1.25,1.33,681,371,1.84,62.61%,73.46%,0.37485,2026-08-03
NET,282.74,2026-11-20,109,Put,240.00,-15.12%,19.5,20.2,21.35,1003,546,1.84,73.87%,69.19%,-0.25861,2026-08-03
INTC,91,2026-08-07,4,Put,86.00,-5.49%,1.65,1.71,1.78,1136,616,1.84,81.59%,100.13%,-0.276093,2026-08-03
WMT,110.71,2026-08-07,4,Put,110.00,-0.64%,0.94,0.97,0.99,2392,1302,1.84,32.50%,28.25%,-0.404779,2026-08-03
CRWV,85.76,2026-08-14,11,Call,100.00,-16.60%,3.35,3.4,3.45,2520,1373,1.84,112.95%,135.91%,0.298557,2026-08-03
BAC,62.48,2026-11-20,109,Call,75.00,-20.04%,0.25,0.27,0.33,2721,1475,1.84,21.44%,22.63%,0.085706,2026-08-03
TSLA,322.08,2026-08-07,4,Put,300.00,-6.86%,0.85,0.87,0.88,7571,4112,1.84,45.15%,54.00%,-0.098328,2026-08-03
JBLU,6.23,2026-08-14,11,Call,6.50,-4.33%,0.13,0.17,0.19,2218,1211,1.83,61.58%,61.65%,0.369663,2026-08-03
NVDA,206.64,2026-08-05,2,Put,192.50,-6.84%,0.12,0.13,0.13,3441,1879,1.83,41.35%,54.36%,-0.037091,2026-08-03
TSLA,322.08,2026-08-07,4,Call,360.00,-11.77%,0.4,0.41,0.41,3935,2154,1.83,45.15%,62.28%,0.047615,2026-08-03
PLTR,125.65,2026-08-07,4,Call,165.00,-31.32%,0.34,0.35,0.37,5280,2893,1.83,69.95%,148.00%,0.046639,2026-08-03
MU,829.5,2026-08-07,4,Put,650.00,-21.64%,1.16,1.16,1.35,6792,3702,1.83,88.82%,126.77%,-0.02829,2026-08-03
PLTR,125.65,2026-08-07,4,Put,101.00,-19.62%,0.48,0.5,0.51,779,425,1.83,69.95%,140.24%,-0.058975,2026-08-03
NVDA,206.64,2026-08-12,9,Call,220.00,-6.47%,0.99,1.02,1.06,874,478,1.83,41.35%,38.49%,0.160165,2026-08-03
WMT,110.71,2026-08-07,4,Put,106.00,-4.25%,0.12,0.13,0.14,987,539,1.83,32.50%,30.20%,-0.080758,2026-08-03
VZ,47.36,2026-08-07,4,Put,45.50,-3.93%,0.09,0.1,0.12,1729,947,1.83,25.41%,33.60%,-0.124982,2026-08-03
PLTR,125.65,2026-08-07,4,Put,93.00,-25.98%,0.14,0.18,0.19,2133,1164,1.83,69.95%,148.07%,-0.021637,2026-08-03
VKTX,32.61,2026-08-07,4,Call,35.00,-7.33%,0.1,0.3,0.4,518,285,1.82,77.31%,73.04%,0.188976,2026-08-03
KO,86.86,2026-08-07,4,Put,86.00,-0.99%,0.4,0.44,0.52,860,472,1.82,21.36%,22.81%,-0.332215,2026-08-03
ORCL,141.85,2026-12-18,137,Call,120.00,+15.40%,35.8,37.19,37,899,495,1.82,74.50%,74.08%,0.727205,2026-08-03
ESTA,92.8,2026-08-21,18,Put,90.00,-3.02%,2.85,5.04,5.6,1115,611,1.82,69.75%,68.96%,-0.387329,2026-08-03
SOFI,18.03,2026-08-28,25,Put,17.00,-5.71%,0.5,0.51,0.54,1320,726,1.82,51.85%,52.67%,-0.304677,2026-08-03
IOVA,4.32,2026-08-21,18,Put,4.00,-7.41%,0.2,0.35,0.4,1369,751,1.82,129.17%,120.58%,-0.336291,2026-08-03
SLS,11.22,2026-08-07,4,Call,11.50,-2.50%,0.65,0.7,0.95,1520,837,1.82,239.07%,196.69%,0.494075,2026-08-03
C,133.57,2026-08-07,4,Call,140.00,-4.81%,0.11,0.15,0.15,1805,993,1.82,29.23%,30.08%,0.070606,2026-08-03
NOK,9.36,2026-08-14,11,Put,8.50,-9.19%,0.14,0.15,0.17,1836,1009,1.82,69.88%,75.35%,-0.209787,2026-08-03
NBIS,212.58,2026-08-07,4,Call,280.00,-31.72%,0.81,0.88,0.95,1886,1036,1.82,140.81%,160.86%,0.060656,2026-08-03
SMR,9.01,2026-08-07,4,Call,9.50,-5.44%,0.4,0.4,0.42,4809,2649,1.82,107.29%,161.49%,0.410439,2026-08-03
MU,829.5,2026-08-07,4,Call,"1,000.00",-20.55%,2.7,2.77,2.79,8810,4841,1.82,88.82%,113.94%,0.066253,2026-08-03
AA,44.84,2026-08-07,4,Call,47.00,-4.82%,0.27,0.33,0.35,557,308,1.81,52.85%,54.93%,0.216415,2026-08-03
AAPL,303.42,2026-09-04,32,Call,310.00,-2.17%,6.95,7.07,7.4,593,328,1.81,27.49%,26.96%,0.423734,2026-08-03
SMCI,28.64,2026-08-14,11,Call,28.50,+0.49%,2.32,2.53,2.65,799,442,1.81,101.79%,121.51%,0.553255,2026-08-03
DASH,200.5,2026-09-18,46,Call,250.00,-24.69%,3.45,4.2,4.25,804,444,1.81,63.74%,60.02%,0.182163,2026-08-03
EOSE,3.75,2027-01-15,165,Call,7.00,-86.67%,0.58,0.69,0.73,1144,631,1.81,145.15%,134.89%,0.414634,2026-08-03
UAMY,5.66,2026-08-07,4,Call,6.00,-6.01%,0.1,0.17,0.2,1696,939,1.81,113.88%,118.36%,0.34248,2026-08-03
CRWV,85.76,2026-11-20,109,Put,45.00,-47.53%,2.02,2.26,2.51,1971,1088,1.81,112.95%,106.30%,-0.078045,2026-08-03
RDDT,154.71,2026-08-07,4,Put,145.00,-6.28%,1.35,1.35,1.62,586,325,1.8,67.01%,78.25%,-0.20139,2026-08-03
PEP,139.63,2026-08-07,4,Put,138.00,-1.17%,0.83,1,1.05,711,394,1.8,25.84%,28.02%,-0.339606,2026-08-03
CRWV,85.76,2026-08-07,4,Put,81.00,-5.55%,2.43,2.5,2.54,836,464,1.8,112.95%,128.76%,-0.310772,2026-08-03
ORCL,141.85,2026-08-07,4,Call,175.00,-23.37%,0.11,0.11,0.13,893,495,1.8,74.50%,97.80%,0.022876,2026-08-03
WMT,110.71,2026-08-14,11,Put,108.00,-2.45%,0.85,0.9,0.94,922,512,1.8,32.50%,26.24%,-0.280034,2026-08-03
NVDA,206.64,2026-08-10,7,Put,200.00,-3.21%,1.63,1.71,1.73,941,523,1.8,41.35%,37.63%,-0.25362,2026-08-03
AAPL,303.42,2026-09-04,32,Call,340.00,-12.06%,0.95,1,1.12,1101,610,1.8,27.49%,27.46%,0.092888,2026-08-03
MU,829.5,2026-08-07,4,Put,820.00,-1.15%,33.3,34,34.15,1295,718,1.8,88.82%,111.63%,-0.436528,2026-08-03
SOFI,18.03,2026-09-04,32,Call,19.00,-5.38%,0.7,0.71,0.75,2166,1202,1.8,51.85%,51.41%,0.402514,2026-08-03
AMD,484.64,2027-03-19,228,Call,"1,120.00",-131.10%,12.6,13.48,14.9,2860,1596,1.79,78.90%,71.86%,0.125663,2026-08-03
BULL,7.26,2026-08-07,4,Call,7.50,-3.31%,0.12,0.13,0.14,3315,1856,1.79,74.02%,74.43%,0.35443,2026-08-03
RIG,5.15,2026-08-28,25,Call,6.00,-16.50%,0.05,0.1,0.09,515,287,1.79,53.64%,59.44%,0.17414,2026-08-03
VRT,263.05,2026-08-07,4,Call,262.50,+0.21%,10.5,10.9,11.4,692,386,1.79,71.44%,96.85%,0.52995,2026-08-03
CPNG,16.42,2026-08-14,11,Call,17.00,-3.53%,0.61,0.77,0.77,766,429,1.79,63.78%,81.72%,0.434042,2026-08-03
JD,33.02,2026-08-14,11,Put,30.00,-9.15%,0.16,0.17,0.2,1030,576,1.79,38.85%,48.75%,-0.124902,2026-08-03
GME,19.06,2026-08-21,18,Put,18.00,-5.56%,0.46,0.47,0.48,1254,702,1.79,54.65%,54.32%,-0.301023,2026-08-03
PLTR,125.65,2026-08-14,11,Put,115.00,-8.48%,3.45,3.55,3.6,1259,702,1.79,69.95%,93.17%,-0.262895,2026-08-03
TSLA,322.08,2026-08-05,2,Put,295.00,-8.41%,0.18,0.19,0.19,1321,739,1.79,45.15%,64.30%,-0.030545,2026-08-03
CRWV,85.76,2026-08-07,4,Call,77.00,+10.21%,9.95,10.11,10.25,1396,779,1.79,112.95%,128.76%,0.807793,2026-08-03
QBTS,19.98,2026-08-07,4,Call,22.00,-10.11%,0.49,0.52,0.53,1513,846,1.79,102.39%,145.20%,0.289413,2026-08-03
SPCX,114.53,2026-08-07,4,Call,114.00,+0.46%,9.9,10.1,10.4,1689,941,1.79,114.99%,207.07%,0.552356,2026-08-03
RIOT,21.42,2026-08-07,4,Call,23.50,-9.71%,0.54,0.61,0.66,564,317,1.78,107.08%,149.35%,0.304279,2026-08-03
RKLB,70.43,2027-06-17,318,Put,55.00,-21.91%,11.55,13.58,14.2,604,340,1.78,102.67%,91.13%,-0.228043,2026-08-03
TSLA,322.08,2026-08-28,25,Call,365.00,-13.33%,3.6,3.65,3.7,1122,630,1.78,45.15%,47.56%,0.178044,2026-08-03
AMD,484.64,2026-08-07,4,Call,500.00,-3.17%,18.2,18.35,18.65,3980,2240,1.78,78.90%,123.10%,0.430683,2026-08-03
SNAP,5.04,2026-08-21,18,Put,4.50,-10.71%,0.22,0.23,0.24,6431,3608,1.78,93.05%,107.39%,-0.273925,2026-08-03
RDW,9.64,2026-08-07,4,Call,10.00,-3.73%,0.5,0.56,0.6,2288,1294,1.77,113.35%,174.39%,0.457228,2026-08-03
TSM,406.11,2026-09-18,46,Call,470.00,-15.73%,7.7,7.9,8.4,4056,2290,1.77,47.72%,47.28%,0.222104,2026-08-03
VOYG,28.01,2026-08-21,18,Call,30.00,-7.10%,1.1,1.9,1.85,523,296,1.77,99.93%,90.38%,0.407978,2026-08-03
ABNB,150.64,2026-08-07,4,Put,125.00,-17.02%,0.1,0.14,0.16,615,348,1.77,45.01%,91.86%,-0.023185,2026-08-03
CHDN,83.47,2026-08-21,18,Call,95.00,-13.81%,0.25,0.25,0.45,706,399,1.77,37.25%,43.02%,0.096931,2026-08-03
PINS,24.16,2026-08-07,4,Call,24.50,-1.41%,1.32,1.44,1.51,712,403,1.77,73.05%,155.18%,0.499054,2026-08-03
ASTS,63.52,2026-08-07,4,Put,53.00,-16.56%,0.2,0.23,0.27,744,421,1.77,112.70%,119.18%,-0.064678,2026-08-03
SPCX,114.53,2026-08-07,4,Call,109.00,+4.83%,12.3,12.25,12.9,1324,747,1.77,114.99%,205.21%,0.632947,2026-08-03
UEC,9.97,2026-08-07,4,Call,10.00,-0.30%,0.32,0.31,0.39,1630,920,1.77,76.95%,88.27%,0.507175,2026-08-03
BX,134.68,2026-09-18,46,Put,130.00,-3.47%,4.5,5.9,5.1,1970,1116,1.77,38.16%,36.99%,-0.366586,2026-08-03
CMCSA,24.56,2026-09-18,46,Put,21.00,-14.50%,0.12,0.19,0.28,2064,1165,1.77,34.71%,38.58%,-0.114738,2026-08-03
COST,954.08,2026-08-07,4,Put,920.00,-3.57%,1.24,1.44,1.74,517,293,1.76,24.10%,28.58%,-0.107301,2026-08-03
CRM,185.95,2026-08-14,11,Put,180.00,-3.20%,3.3,3.4,3.6,536,305,1.76,49.85%,47.45%,-0.328279,2026-08-03
CLS,341.91,2026-08-07,4,Put,300.00,-12.26%,1.6,1.8,1.95,593,337,1.76,83.66%,101.46%,-0.098909,2026-08-03
META,590.24,2026-11-20,109,Put,420.00,-28.84%,3.95,4.08,4.35,606,344,1.76,38.89%,44.82%,-0.060426,2026-08-03
TSLA,322.08,2026-08-14,11,Call,300.00,+6.86%,25,26.15,25.6,688,392,1.76,45.15%,48.84%,0.81409,2026-08-03
AAPL,303.42,2026-08-12,9,Call,317.50,-4.64%,1.2,1.17,1.37,889,504,1.76,27.49%,29.49%,0.173792,2026-08-03
CCL,28.74,2026-08-07,4,Put,27.50,-4.31%,0.19,0.2,0.24,923,523,1.76,44.74%,56.09%,-0.216723,2026-08-03
CRWV,85.76,2026-08-14,11,Call,95.00,-10.77%,4.4,4.7,4.75,947,538,1.76,112.95%,134.07%,0.375003,2026-08-03
HOOD,90.34,2026-08-07,4,Call,87.00,+3.70%,4.85,4.9,5,1889,1075,1.76,68.36%,79.28%,0.691551,2026-08-03
HIMS,30.82,2026-08-07,4,Call,31.00,-0.58%,1.13,1.12,1.22,2064,1171,1.76,101.28%,97.45%,0.499125,2026-08-03
ORCL,141.85,2026-08-07,4,Put,120.00,-15.40%,0.12,0.13,0.15,7126,4043,1.76,74.50%,85.08%,-0.027097,2026-08-03
AMZN,284.02,2026-08-21,18,Call,315.00,-10.91%,0.95,0.99,1.03,8822,5007,1.76,32.92%,34.58%,0.099095,2026-08-03
UBER,71.61,2026-08-07,4,Call,74.00,-3.34%,1.39,1.43,1.45,4247,2420,1.75,44.44%,79.62%,0.364098,2026-08-03
PG,144.97,2026-09-18,46,Call,155.00,-6.92%,1.32,1.41,1.67,13273,7598,1.75,22.78%,23.33%,0.224281,2026-08-03
NVDA,206.64,2026-08-07,4,Call,212.50,-2.84%,1.55,1.56,1.59,16400,9397,1.75,41.35%,43.20%,0.278177,2026-08-03
YUM,148.8,2026-08-21,18,Put,150.00,+0.81%,3.4,3.4,4.5,579,330,1.75,27.92%,25.53%,-0.540539,2026-08-03
META,590.24,2026-08-07,4,Put,585.00,-0.89%,8.4,8.7,9,850,487,1.75,38.89%,45.67%,-0.41421,2026-08-03
APLD,29.49,2026-08-07,4,Put,30.00,+1.73%,1.69,1.75,1.88,960,549,1.75,105.64%,122.65%,-0.526684,2026-08-03
CCJ,89.72,2026-09-18,46,Call,95.00,-5.88%,4.2,4.5,4.75,1119,641,1.75,50.78%,51.06%,0.41861,2026-08-03
CRCL,60.35,2026-08-07,4,Put,54.00,-10.52%,1.18,1.13,1.3,512,294,1.74,97.01%,149.13%,-0.214015,2026-08-03
QS,5.34,2026-08-07,4,Put,5.50,+3.00%,0.26,0.3,0.34,653,375,1.74,83.97%,93.55%,-0.598539,2026-08-03
BABA,127.3,2026-08-07,4,Put,121.00,-4.95%,0.44,0.48,0.53,665,383,1.74,48.08%,47.24%,-0.146317,2026-08-03
AVGO,392.23,2026-08-14,11,Call,440.00,-12.18%,1.6,1.74,1.83,743,428,1.74,53.38%,50.99%,0.106733,2026-08-03
INTC,91,2026-08-05,2,Put,83.00,-8.79%,0.45,0.46,0.48,848,487,1.74,81.59%,110.71%,-0.121841,2026-08-03
PLTR,125.65,2026-08-07,4,Put,103.00,-18.03%,0.65,0.67,0.69,938,540,1.74,69.95%,140.12%,-0.076208,2026-08-03
BA,233.49,2026-08-07,4,Put,215.00,-7.92%,0.15,0.17,0.2,1080,619,1.74,34.37%,45.24%,-0.038695,2026-08-03
OWL,11.16,2026-09-18,46,Call,13.00,-16.49%,0.15,0.2,0.2,1568,901,1.74,46.19%,46.11%,0.187949,2026-08-03
SMCI,28.64,2026-08-07,4,Put,28.50,-0.49%,1.11,1.13,1.16,1622,930,1.74,101.79%,101.36%,-0.459253,2026-08-03
QUBT,8.74,2026-08-07,4,Call,9.50,-8.70%,0.11,0.12,0.13,2133,1228,1.74,100.60%,101.43%,0.233129,2026-08-03
NCLH,19.76,2026-08-07,4,Call,20.00,-1.21%,0.32,0.33,0.35,2927,1684,1.74,48.38%,53.18%,0.427825,2026-08-03
JOBY,7.38,2026-10-16,74,Call,10.00,-35.50%,0.38,0.42,0.43,3046,1752,1.74,87.56%,84.77%,0.279086,2026-08-03
RILY,7.49,2026-08-07,4,Call,7.50,-0.13%,0.35,0.38,0.4,3115,1792,1.74,78.59%,123.90%,0.515377,2026-08-03
NOW,114.19,2026-08-07,4,Call,125.00,-9.47%,0.61,0.63,0.64,4475,2570,1.74,60.69%,76.50%,0.139064,2026-08-03
SOFI,18.03,2026-08-21,18,Call,18.50,-2.61%,0.62,0.63,0.67,4648,2674,1.74,51.85%,52.34%,0.441194,2026-08-03
INTC,91,2027-03-19,228,Call,100.00,-9.89%,19.3,19.93,20.5,15073,8684,1.74,81.59%,79.38%,0.576346,2026-08-03
SPCX,114.53,2026-08-07,4,Put,95.00,-17.05%,2.15,2.2,2.25,18445,10587,1.74,114.99%,199.76%,-0.158558,2026-08-03
GOOG,372.47,2026-08-07,4,Call,370.00,+0.66%,7.15,7.51,7.7,5302,3072,1.73,33.27%,38.92%,0.576444,2026-08-03
AAPL,303.42,2026-09-04,32,Call,315.00,-3.82%,5.15,5.16,5.6,558,323,1.73,27.49%,26.87%,0.346655,2026-08-03
GOOGL,373.51,2026-08-14,11,Call,395.00,-5.75%,2.34,2.52,2.57,639,369,1.73,33.76%,35.73%,0.19639,2026-08-03
BE,218.32,2026-08-28,25,Put,180.00,-17.55%,11.15,11.38,11.85,674,390,1.73,125.17%,128.48%,-0.227049,2026-08-03
NBIS,212.58,2026-08-07,4,Call,245.00,-15.25%,4.25,4.3,4.8,701,405,1.73,140.81%,164.38%,0.230679,2026-08-03
HIMS,30.82,2026-08-07,4,Call,31.50,-2.21%,0.91,0.95,1,840,486,1.73,101.28%,96.95%,0.43628,2026-08-03
ASST,11.8,2026-08-07,4,Call,12.50,-5.93%,0.1,0.26,0.3,842,487,1.73,95.00%,92.24%,0.293051,2026-08-03
MSTR,94.86,2026-08-14,11,Call,105.00,-10.69%,1.55,1.75,1.78,890,513,1.73,74.13%,75.51%,0.241672,2026-08-03
SPOT,486.33,2026-08-07,4,Call,530.00,-8.98%,6.25,6.88,7.75,995,575,1.73,52.88%,105.28%,0.235266,2026-08-03
MU,829.5,2026-08-07,4,Call,940.00,-13.32%,7.3,7.85,7.7,1081,624,1.73,88.82%,111.40%,0.156043,2026-08-03
SPCX,114.53,2026-08-07,4,Put,76.00,-33.64%,0.15,0.2,0.2,1134,657,1.73,114.99%,198.46%,-0.018784,2026-08-03
SPCX,114.53,2026-08-07,4,Call,108.00,+5.70%,12.9,13.1,13.5,1464,848,1.73,114.99%,206.16%,0.6487,2026-08-03
DOCS,21.66,2026-09-18,46,Call,22.50,-3.88%,2.3,2.3,2.55,1519,878,1.73,101.01%,89.40%,0.521341,2026-08-03
HOOD,90.34,2026-08-14,11,Call,95.00,-5.16%,2.65,2.74,2.86,1560,904,1.73,68.36%,73.10%,0.372847,2026-08-03
NRG,138.47,2026-08-21,18,Call,145.00,-4.72%,4.4,5.7,7.2,538,312,1.72,56.01%,68.74%,0.413326,2026-08-03
NBIS,212.58,2026-08-21,18,Call,380.00,-78.76%,1.22,2.3,3.05,644,374,1.72,140.81%,159.60%,0.07261,2026-08-03
NFLX,73.33,2028-12-15,865,Put,72.50,-1.13%,13.2,14.3,15.75,1501,874,1.72,36.36%,41.02%,-0.341309,2026-08-03
DNUT,3.06,2028-01-21,536,Put,3.00,-1.96%,1,1.04,1.05,2605,1517,1.72,83.10%,77.69%,-0.301159,2026-08-03
SPCX,114.53,2026-08-07,4,Put,108.00,-5.70%,6.5,6.6,6.7,3061,1780,1.72,114.99%,205.50%,-0.351208,2026-08-03
MSFT,487.65,2026-12-18,137,Call,560.00,-14.84%,15.4,15.7,16.05,3841,2252,1.71,30.51%,31.89%,0.290059,2026-08-03
AAPL,303.42,2026-08-07,4,Put,285.00,-6.07%,0.2,0.25,0.26,5033,2941,1.71,27.49%,36.40%,-0.047325,2026-08-03
MSFT,487.65,2026-09-18,46,Put,445.00,-8.75%,5.85,6.25,6.4,583,341,1.71,30.51%,32.37%,-0.188603,2026-08-03
CRWD,202.54,2026-08-07,4,Put,185.00,-8.66%,0.7,0.75,0.8,607,356,1.71,64.22%,70.52%,-0.102222,2026-08-03
RDDT,154.71,2026-09-18,46,Call,175.00,-13.11%,7.55,7.9,8.05,795,465,1.71,67.01%,67.42%,0.353563,2026-08-03
ASTS,63.52,2026-08-07,4,Call,64.00,-0.76%,2.9,2.95,3.05,839,490,1.71,112.70%,120.18%,0.502478,2026-08-03
RRGB,8.09,2026-08-21,18,Call,10.00,-23.61%,0,0.28,0.5,978,571,1.71,108.94%,112.57%,0.237037,2026-08-03
ASTS,63.52,2026-08-07,4,Call,62.00,+2.39%,3.8,4.1,4.1,1054,618,1.71,112.70%,119.03%,0.60253,2026-08-03
NVDA,206.64,2026-08-10,7,Call,212.50,-2.84%,1.99,2.02,2.09,1565,917,1.71,41.35%,37.28%,0.307008,2026-08-03
IREN,39.75,2026-08-07,4,Call,39.00,+1.89%,2.65,2.74,2.81,1589,930,1.71,123.05%,141.69%,0.581325,2026-08-03
USAR,15.86,2026-08-21,18,Call,19.00,-19.80%,0.47,0.54,0.65,766,450,1.7,105.51%,109.09%,0.268541,2026-08-03
GLXY,21.88,2027-01-15,165,Call,42.50,-94.24%,1.61,1.56,1.81,863,508,1.7,109.66%,99.01%,0.261567,2026-08-03
GOOG,372.47,2026-08-14,11,Put,350.00,-6.03%,1.75,1.79,1.94,1019,598,1.7,33.27%,36.03%,-0.148944,2026-08-03
MU,829.5,2026-08-05,2,Call,920.00,-10.91%,3.4,3.57,3.7,1028,606,1.7,88.82%,110.83%,0.111442,2026-08-03
MOS,21.81,2026-08-07,4,Put,21.00,-3.71%,0.4,0.44,0.55,1076,632,1.7,52.79%,91.42%,-0.328754,2026-08-03
MSFT,487.65,2027-03-19,228,Call,560.00,-14.84%,27.65,27.92,28.55,1162,683,1.7,30.51%,32.75%,0.370228,2026-08-03
META,590.24,2026-09-18,46,Call,595.00,-0.81%,30.9,31.4,31.85,1245,732,1.7,38.89%,38.84%,0.516257,2026-08-03
NBIS,212.58,2026-08-07,4,Call,225.00,-5.84%,9.3,9.7,10.3,1684,988,1.7,140.81%,166.37%,0.406438,2026-08-03
UAMY,5.66,2026-08-07,4,Call,5.50,+2.83%,0.3,0.39,0.4,1848,1089,1.7,113.88%,112.07%,0.620396,2026-08-03
PLTR,125.65,2026-08-07,4,Put,95.00,-24.39%,0.22,0.23,0.23,4441,2610,1.7,69.95%,146.64%,-0.028673,2026-08-03
WMT,110.71,2026-08-07,4,Call,112.00,-1.17%,0.82,0.85,0.86,2521,1491,1.69,32.50%,29.64%,0.363801,2026-08-03
RKLB,70.43,2026-10-16,74,Put,60.00,-14.81%,6.35,6.59,7,3571,2114,1.69,102.67%,97.52%,-0.274697,2026-08-03
BABA,127.3,2026-08-07,4,Call,128.00,-0.55%,2.29,2.33,2.4,5963,3523,1.69,48.08%,50.25%,0.469135,2026-08-03
TPG,46.32,2026-08-21,18,Call,47.50,-2.55%,0.15,1.4,1.95,588,347,1.69,47.02%,38.10%,0.396012,2026-08-03
BA,233.49,2026-08-14,11,Call,235.00,-0.65%,5,5.2,5.4,589,348,1.69,34.37%,36.52%,0.471983,2026-08-03
CRWD,202.54,2026-08-28,25,Call,200.00,+1.25%,14.85,15.85,16,609,360,1.69,64.22%,66.09%,0.569001,2026-08-03
RDW,9.64,2026-08-07,4,Call,12.00,-24.48%,0.1,0.13,0.15,660,391,1.69,113.35%,180.89%,0.144627,2026-08-03
CSCO,115.86,2026-08-07,4,Call,118.00,-1.85%,1.13,1.2,1.25,750,443,1.69,51.79%,42.55%,0.350714,2026-08-03
MGM,44.5,2026-08-07,4,Call,45.00,-1.12%,0.25,0.6,0.7,783,464,1.69,32.98%,36.90%,0.397537,2026-08-03
IREN,39.75,2026-08-07,4,Call,45.50,-14.47%,0.5,0.56,0.59,1019,604,1.69,123.05%,134.90%,0.188527,2026-08-03
HOOD,90.34,2026-08-14,11,Call,100.00,-10.69%,1.4,1.38,1.5,1945,1152,1.69,68.36%,72.72%,0.231775,2026-08-03
GME,19.06,2026-10-16,74,Call,19.00,+0.31%,1.75,1.9,2,723,431,1.68,54.65%,56.53%,0.540212,2026-08-03
AMD,484.64,2026-08-05,2,Put,450.00,-7.15%,8,8.16,8.4,829,492,1.68,78.90%,153.70%,-0.238744,2026-08-03
CRWV,85.76,2026-08-07,4,Call,81.00,+5.55%,7.1,7.35,7.45,1037,618,1.68,112.95%,128.72%,0.689403,2026-08-03
CMCSA,24.56,2026-08-07,4,Call,25.50,-3.83%,0.09,0.13,0.15,1079,644,1.68,34.71%,42.11%,0.20212,2026-08-03
TSLA,322.08,2026-08-05,2,Put,302.50,-6.08%,0.43,0.46,0.45,1227,732,1.68,45.15%,58.47%,-0.070103,2026-08-03
FWRG,12.5,2026-08-21,18,Call,12.50,0.00%,0.7,1,1.05,1322,788,1.68,65.90%,78.17%,0.538679,2026-08-03
MSFT,487.65,2026-12-18,137,Call,535.00,-9.71%,21.95,23.26,23.05,1487,883,1.68,30.51%,32.11%,0.375899,2026-08-03
SNDK,1288.03,2026-08-07,4,Put,850.00,-34.01%,3.3,3.84,4,1723,1025,1.68,130.45%,223.21%,-0.028905,2026-08-03
INTC,91,2026-08-14,11,Call,105.00,-15.38%,1.32,1.42,1.49,2026,1204,1.68,81.59%,87.80%,0.195769,2026-08-03
META,590.24,2026-08-07,4,Call,650.00,-10.12%,0.57,0.58,0.65,2289,1361,1.68,38.89%,53.49%,0.045703,2026-08-03
AMZN,284.02,2026-09-18,46,Call,340.00,-19.71%,1.07,1.2,1.2,3722,2217,1.68,32.92%,33.42%,0.078149,2026-08-03
ASTS,63.52,2026-08-07,4,Put,50.00,-21.28%,0.1,0.1,0.12,2436,1461,1.67,112.70%,127.84%,-0.03159,2026-08-03
HTZ,1.53,2026-08-21,18,Call,1.5000,+1.96%,0.19,0.23,0.26,2858,1710,1.67,143.78%,156.09%,0.593132,2026-08-03
T,23.59,2026-08-07,4,Call,23.00,+2.50%,0.7,0.67,0.77,3563,2130,1.67,28.05%,37.96%,0.743729,2026-08-03
MSFT,487.65,2026-08-05,2,Put,450.00,-7.72%,0.14,0.15,0.16,3631,2170,1.67,30.51%,53.82%,-0.020649,2026-08-03
RGTI,16.02,2026-08-14,11,Put,13.00,-18.85%,0.19,0.19,0.42,516,309,1.67,101.65%,129.52%,-0.147796,2026-08-03
CRCL,60.35,2028-06-16,683,Put,30.00,-50.29%,6.5,6.81,8,668,400,1.67,97.01%,88.56%,-0.109715,2026-08-03
AAPL,303.42,2026-08-14,11,Call,302.50,+0.30%,6.5,6.7,6.8,743,445,1.67,27.49%,28.72%,0.54201,2026-08-03
RIOT,21.42,2026-08-07,4,Put,19.00,-11.30%,0.31,0.42,0.52,795,475,1.67,107.08%,151.83%,-0.201559,2026-08-03
CIFR,24.16,2026-08-07,4,Put,20.00,-17.22%,0.37,0.41,0.45,1996,1197,1.67,123.91%,192.13%,-0.148708,2026-08-03
IONQ,38.85,2026-08-07,4,Call,44.00,-13.26%,0.81,0.92,1.01,517,311,1.66,103.30%,159.18%,0.254163,2026-08-03
QBTS,19.98,2026-08-07,4,Call,22.50,-12.61%,0.39,0.4,0.43,565,340,1.66,102.39%,146.53%,0.243474,2026-08-03
BA,233.49,2026-10-16,74,Call,235.00,-0.65%,14.35,14.75,15,1025,619,1.66,34.37%,36.78%,0.515703,2026-08-03
RKT,13.68,2026-08-07,4,Put,13.50,-1.32%,0.51,0.55,0.55,1117,672,1.66,68.70%,108.97%,-0.430126,2026-08-03
CRWD,202.54,2026-08-07,4,Call,205.00,-1.21%,4.55,4.7,4.8,1149,694,1.66,64.22%,68.03%,0.448933,2026-08-03
APP,406.16,2026-08-21,18,Put,350.00,-13.83%,10.4,11.23,12,1232,742,1.66,86.84%,95.50%,-0.207468,2026-08-03
SKHY,142.72,2026-08-07,4,Call,147.00,-3.00%,6.4,6.3,7,1380,833,1.66,113.95%,143.11%,0.452362,2026-08-03
META,590.24,2026-08-07,4,Put,550.00,-6.82%,0.91,1,1.05,1849,1117,1.66,38.89%,47.51%,-0.073349,2026-08-03
NOK,9.36,2026-08-21,18,Put,8.50,-9.19%,0.21,0.24,0.25,18300,11043,1.66,69.88%,71.03%,-0.243022,2026-08-03
AMZN,284.02,2026-09-18,46,Call,310.00,-9.15%,4.75,4.79,4.9,8456,5115,1.65,32.92%,32.80%,0.256749,2026-08-03
VG,13.08,2026-08-21,18,Call,14.00,-7.03%,0.6,0.7,0.75,32137,19430,1.65,80.93%,89.01%,0.406061,2026-08-03
KGC,23.43,2026-08-07,4,Call,24.00,-2.43%,0.25,0.29,0.3,514,311,1.65,47.76%,51.25%,0.338941,2026-08-03
AUR,6.79,2026-08-14,11,Call,7.00,-3.09%,0.25,0.3,0.35,748,452,1.65,72.54%,82.41%,0.446789,2026-08-03
CAT,830.03,2026-09-18,46,Call,920.00,-10.84%,24.7,26.19,29.85,1040,629,1.65,52.00%,49.47%,0.316443,2026-08-03
UCTT,89.17,2026-08-21,18,Call,85.00,+4.68%,12.2,13.02,13.4,1129,684,1.65,126.68%,136.74%,0.623796,2026-08-03
AAPL,303.42,2026-08-28,25,Call,315.00,-3.82%,4.15,4.35,4.45,1236,750,1.65,27.49%,26.91%,0.320963,2026-08-03
SPCX,114.53,2026-11-20,109,Put,60.00,-47.61%,1.8,2,2,1296,786,1.65,114.99%,93.07%,-0.061061,2026-08-03
SPCX,114.53,2026-08-07,4,Call,195.00,-70.26%,0.7,0.77,0.8,1700,1033,1.65,114.99%,291.87%,0.056189,2026-08-03
VVV,38.79,2026-10-16,74,Call,45.00,-16.01%,0.15,0.8,1.05,503,307,1.64,46.78%,34.11%,0.194867,2026-08-03
BKR,60.81,2026-10-16,74,Put,55.00,-9.55%,1.35,1.5,1.65,531,323,1.64,35.42%,36.47%,-0.236028,2026-08-03
MU,829.5,2027-12-17,501,Put,50.00,-93.97%,0.02,0.63,2.08,562,343,1.64,88.82%,110.73%,-0.002166,2026-08-03
NVDA,206.64,2026-08-12,9,Call,212.50,-2.84%,2.64,2.7,2.81,639,390,1.64,41.35%,38.66%,0.338096,2026-08-03
SKHY,142.72,2026-10-16,74,Put,120.00,-15.92%,14.3,14.8,15.4,693,423,1.64,113.95%,106.98%,-0.269738,2026-08-03
NVDA,206.64,2026-08-10,7,Put,192.50,-6.84%,0.51,0.54,0.55,773,471,1.64,41.35%,40.33%,-0.095615,2026-08-03
AAOI,110.21,2026-08-21,18,Call,140.00,-27.03%,6.5,6.8,7.2,955,584,1.64,149.13%,163.03%,0.317395,2026-08-03
NFLX,73.33,2026-08-14,11,Call,78.00,-6.37%,0.52,0.55,0.55,1133,692,1.64,36.36%,39.49%,0.197525,2026-08-03
UMAC,23.08,2026-08-07,4,Call,25.00,-8.32%,1.2,1.35,1.5,1189,723,1.64,137.58%,217.05%,0.406563,2026-08-03
IREN,39.75,2026-08-14,11,Call,45.00,-13.21%,1.55,1.62,1.68,1609,979,1.64,123.05%,124.49%,0.322401,2026-08-03
TSLA,322.08,2026-08-07,4,Call,355.00,-10.22%,0.56,0.56,0.58,1873,1144,1.64,45.15%,60.14%,0.065789,2026-08-03
MU,829.5,2026-08-07,4,Call,800.00,+3.56%,53.9,55.38,55.65,4337,2638,1.64,88.82%,111.85%,0.644744,2026-08-03
AAPL,303.42,2026-08-07,4,Call,312.50,-2.99%,1.31,1.35,1.42,5684,3462,1.64,27.49%,34.97%,0.218436,2026-08-03
NOW,114.19,2026-08-07,4,Call,120.00,-5.09%,1.37,1.41,1.43,9204,5611,1.64,60.69%,72.94%,0.272038,2026-08-03
U,33.38,2026-08-07,4,Call,34.00,-1.86%,1.92,2,2.11,2352,1445,1.63,85.01%,164.11%,0.492448,2026-08-03
BIDU,113.06,2026-08-21,18,Call,130.00,-14.98%,1.32,1.49,1.55,2592,1589,1.63,54.94%,62.77%,0.179008,2026-08-03
BMNR,17.42,2026-08-07,4,Call,17.50,-0.46%,0.59,0.64,0.62,4312,2652,1.63,81.93%,87.97%,0.500118,2026-08-03
SNAP,5.04,2026-08-14,11,Call,6.00,-19.05%,0.2,0.2,0.21,6461,3964,1.63,93.05%,146.44%,0.289602,2026-08-03
MARA,11.75,2026-09-18,46,Call,14.00,-19.15%,0.85,0.85,0.93,8349,5136,1.63,100.14%,98.17%,0.376337,2026-08-03
SPCX,114.53,2026-08-07,4,Call,120.00,-4.78%,7.6,7.7,7.8,11098,6824,1.63,114.99%,208.41%,0.458994,2026-08-03
WBD,26.09,2027-06-17,318,Put,23.00,-11.84%,1.71,2.48,4.5,15000,9214,1.63,29.66%,53.34%,-0.290293,2026-08-03
AMD,484.64,2026-08-05,2,Call,560.00,-15.55%,2.84,3.01,3.25,511,314,1.63,78.90%,156.06%,0.116684,2026-08-03
NVTS,11.52,2026-08-07,4,Put,10.50,-8.85%,0.22,0.21,0.25,514,315,1.63,117.31%,134.27%,-0.231944,2026-08-03
UPS,106.87,2026-08-07,4,Call,110.00,-2.93%,0.31,0.38,0.4,530,326,1.63,28.55%,30.99%,0.189116,2026-08-03
CMG,37.46,2026-08-21,18,Call,38.00,-1.44%,0.94,0.98,1.23,582,358,1.63,36.82%,39.17%,0.459967,2026-08-03
RGTI,16.02,2026-08-14,11,Call,20.00,-24.84%,0.25,0.26,0.28,595,365,1.63,101.65%,118.46%,0.165791,2026-08-03
BULL,7.26,2026-08-14,11,Call,7.00,+3.58%,0.43,0.51,0.52,598,366,1.63,74.02%,65.64%,0.650504,2026-08-03
META,590.24,2026-08-07,4,Call,655.00,-10.97%,0.46,0.49,0.53,606,372,1.63,38.89%,54.73%,0.037363,2026-08-03
GE,368.93,2026-08-07,4,Call,375.00,-1.65%,2.75,3.05,3.4,849,520,1.63,32.91%,35.72%,0.341378,2026-08-03
RGTI,16.02,2026-08-07,4,Put,14.50,-9.49%,0.32,0.3,0.33,1064,652,1.63,101.65%,139.39%,-0.224035,2026-08-03
AMZN,284.02,2026-08-05,2,Call,265.00,+6.70%,18.95,19.02,19.65,1092,668,1.63,32.92%,56.36%,0.9542,2026-08-03
NOW,114.19,2026-08-07,4,Call,124.00,-8.59%,0.7,0.74,0.81,1463,897,1.63,60.69%,76.41%,0.162198,2026-08-03
AMD,484.64,2026-08-07,4,Call,585.00,-20.71%,2.41,2.54,2.65,553,341,1.62,78.90%,127.11%,0.089329,2026-08-03
SPOT,486.33,2026-08-07,4,Call,560.00,-15.15%,2.29,2.61,2.96,603,373,1.62,52.88%,103.96%,0.107841,2026-08-03
MSFT,487.65,2027-03-19,228,Put,500.00,+2.53%,50.9,51.23,53,730,451,1.62,30.51%,32.47%,-0.467985,2026-08-03
ZS,154.46,2026-08-07,4,Call,165.00,-6.82%,0.93,1.02,1.09,844,520,1.62,69.78%,66.00%,0.180043,2026-08-03
GME,19.06,2026-09-18,46,Put,19.00,-0.31%,1.34,1.35,1.49,1038,640,1.62,54.65%,52.31%,-0.462464,2026-08-03
BE,218.32,2026-08-07,4,Call,260.00,-19.09%,2.35,2.7,2.99,1090,673,1.62,125.17%,152.94%,0.15652,2026-08-03
AAOI,110.21,2026-08-07,4,Call,110.00,+0.19%,11.1,11.56,11.7,1537,948,1.62,149.13%,245.89%,0.554742,2026-08-03
TSLA,322.08,2026-08-14,11,Put,270.00,-16.17%,0.36,0.36,0.39,2708,1668,1.62,45.15%,55.76%,-0.029992,2026-08-03
PLTR,125.65,2026-08-14,11,Put,110.00,-12.46%,2.13,2.14,2.2,4405,2715,1.62,69.95%,93.13%,-0.181474,2026-08-03
NBIS,212.58,2026-08-07,4,Call,200.00,+5.92%,21.65,21.7,23.35,4838,2979,1.62,140.81%,178.49%,0.663515,2026-08-03
GOOGL,373.51,2027-01-15,165,Call,440.00,-17.80%,15.25,15.73,15.75,5357,3317,1.62,33.76%,35.34%,0.307484,2026-08-03
SKHY,142.72,2026-08-07,4,Call,170.00,-19.11%,1.4,1.48,1.55,2257,1404,1.61,113.95%,145.26%,0.141923,2026-08-03
NVTS,11.52,2026-08-07,4,Call,13.00,-12.85%,0.17,0.19,0.22,2502,1551,1.61,117.31%,136.67%,0.220486,2026-08-03
SOFI,18.03,2026-08-21,18,Put,17.50,-2.94%,0.56,0.56,0.61,2769,1720,1.61,51.85%,53.10%,-0.372747,2026-08-03
GME,19.06,2026-08-21,18,Call,19.00,+0.31%,0.96,0.97,1,4573,2843,1.61,54.65%,57.50%,0.528915,2026-08-03
NVDA,206.64,2026-08-07,4,Put,200.00,-3.21%,1.25,1.29,1.3,13608,8438,1.61,41.35%,43.59%,-0.228023,2026-08-03
CRWV,85.76,2028-06-16,683,Call,150.00,-74.91%,25,27,29.5,513,319,1.61,112.95%,86.92%,0.574606,2026-08-03
U,33.38,2026-11-20,109,Call,45.00,-34.81%,2.06,2.09,2.3,558,347,1.61,85.01%,74.27%,0.306832,2026-08-03
RBLX,36.67,2026-08-07,4,Put,37.50,+2.26%,1.58,1.61,1.77,585,364,1.61,70.12%,79.03%,-0.589268,2026-08-03
AAPL,303.42,2026-08-14,11,Call,322.50,-6.29%,0.93,0.95,1.05,697,432,1.61,27.49%,29.85%,0.128782,2026-08-03
MU,829.5,2026-08-07,4,Put,810.00,-2.35%,29,28.07,29.65,771,478,1.61,88.82%,112.28%,-0.395894,2026-08-03
AVTR,13.67,2026-10-16,74,Put,13.00,-4.90%,0.6,0.65,0.7,854,530,1.61,41.97%,41.19%,-0.346072,2026-08-03
HIMS,30.82,2026-08-07,4,Call,36.00,-16.81%,0.1,0.12,0.13,960,598,1.61,101.28%,101.73%,0.080484,2026-08-03
MU,829.5,2026-08-07,4,Call,910.00,-9.70%,11.75,12.38,12.35,1071,666,1.61,88.82%,110.22%,0.229116,2026-08-03
GOOG,372.47,2026-11-20,109,Call,410.00,-10.08%,16,16.6,16.65,1121,698,1.61,33.27%,35.50%,0.365786,2026-08-03
HOOD,90.34,2026-08-14,11,Put,80.00,-11.45%,0.87,0.9,0.95,1176,729,1.61,68.36%,71.81%,-0.147905,2026-08-03
AMD,484.64,2026-08-07,4,Put,420.00,-13.34%,4.15,4.3,4.45,1350,837,1.61,78.90%,127.20%,-0.126222,2026-08-03
BABA,127.3,2026-08-14,11,Call,140.00,-9.98%,0.75,0.85,0.92,1537,956,1.61,48.08%,50.62%,0.149772,2026-08-03
AAPL,303.42,2026-08-28,25,Call,305.00,-0.52%,8.1,8.16,8.3,1613,999,1.61,27.49%,27.25%,0.497593,2026-08-03
NBIS,212.58,2026-09-18,46,Put,170.00,-20.03%,16.85,18.47,19.05,1753,1089,1.61,140.81%,132.97%,-0.236395,2026-08-03
RDDT,154.71,2026-08-07,4,Put,150.00,-3.04%,2.71,2.7,3.05,684,427,1.6,67.01%,77.02%,-0.334296,2026-08-03
AMD,484.64,2026-08-07,4,Call,630.00,-29.99%,0.64,1,1.01,694,435,1.6,78.90%,131.25%,0.033075,2026-08-03
COIN,146.5,2026-11-20,109,Call,220.00,-50.17%,6.25,6.47,7.45,783,488,1.6,71.69%,76.70%,0.231715,2026-08-03
IQ,1.31,2026-12-18,137,Call,1.5000,-14.50%,0.02,0.15,0.19,1180,738,1.6,134.06%,52.11%,0.413164,2026-08-03
NBIS,212.58,2026-08-07,4,Call,215.00,-1.14%,13.5,13.5,14.95,1544,967,1.6,140.81%,172.36%,0.511834,2026-08-03
TSLA,322.08,2026-08-14,11,Call,325.00,-0.91%,9.45,9.49,9.55,1866,1164,1.6,45.15%,47.95%,0.47859,2026-08-03
SOUN,6.1,2026-08-07,4,Call,6.50,-6.56%,0.3,0.31,0.32,5202,3263,1.59,102.04%,183.93%,0.408434,2026-08-03
MRVL,193.77,2026-08-14,11,Call,200.00,-3.22%,10.2,10.49,10.65,508,319,1.59,96.40%,97.09%,0.461314,2026-08-03
SPCX,114.53,2026-11-20,109,Put,70.00,-38.88%,3.4,3.7,3.7,712,447,1.59,114.99%,91.07%,-0.104066,2026-08-03
CRWV,85.76,2026-08-14,11,Call,115.00,-34.10%,1.13,1.22,1.31,810,509,1.59,112.95%,136.32%,0.132022,2026-08-03
MCD,265.23,2026-08-07,4,Call,282.50,-6.51%,0.76,0.77,1.2,875,552,1.59,28.21%,53.15%,0.134679,2026-08-03
SG,5.92,2026-08-07,4,Put,6.00,+1.35%,0.55,0.6,0.7,1630,1027,1.59,116.66%,235.77%,-0.471979,2026-08-03
RIVN,15.35,2026-08-21,18,Put,15.50,+0.98%,0.84,0.86,0.87,1716,1077,1.59,59.23%,58.11%,-0.499119,2026-08-03
MESO,14.47,2028-01-21,536,Call,35.00,-141.88%,2.6,2.65,4.9,1921,1209,1.59,130.33%,103.07%,0.486048,2026-08-03
WMT,110.71,2026-08-07,4,Call,110.00,+0.64%,1.71,1.74,1.79,2136,1343,1.59,32.50%,29.22%,0.593032,2026-08-03
QBTS,19.98,2026-08-21,18,Put,16.00,-19.92%,0.36,0.39,0.47,531,337,1.58,102.39%,109.17%,-0.148188,2026-08-03
NBIS,212.58,2026-08-07,4,Put,205.00,-3.57%,10.55,11.15,11.5,644,408,1.58,140.81%,166.92%,-0.383195,2026-08-03
MSFT,487.65,2026-08-05,2,Put,440.00,-9.77%,0.01,0.1,0.25,676,429,1.58,30.51%,65.06%,-0.015313,2026-08-03
CCLD,2.65,2026-08-21,18,Call,2.50,+5.66%,0.25,0.32,0.4,908,575,1.58,89.45%,105.53%,0.645611,2026-08-03
GRAB,3.67,2026-08-28,25,Call,4.00,-8.99%,0.11,0.15,0.15,955,604,1.58,65.74%,64.94%,0.341962,2026-08-03
INTC,91,2026-08-07,4,Call,107.00,-17.58%,0.26,0.26,0.32,1220,773,1.58,81.59%,101.31%,0.070628,2026-08-03
AAPL,303.42,2026-08-14,11,Put,290.00,-4.42%,1.59,1.65,1.74,1506,956,1.58,27.49%,30.53%,-0.184936,2026-08-03
HOOD,90.34,2026-08-07,4,Put,90.00,-0.38%,2.69,2.75,2.85,1506,951,1.58,68.36%,78.43%,-0.463767,2026-08-03
AMZN,284.02,2026-12-18,137,Put,270.00,-4.94%,16.05,15.68,16.45,1566,991,1.58,32.92%,35.65%,-0.347854,2026-08-03
REPL,11.91,2026-08-07,4,Put,3.50,-70.61%,0.05,0.1,0.15,1602,1014,1.58,218.66%,718.31%,-0.022477,2026-08-03
QBTS,19.98,2026-08-07,4,Put,17.50,-12.41%,0.26,0.27,0.29,2054,1296,1.58,102.39%,140.71%,-0.164553,2026-08-03
SOFI,18.03,2026-08-14,11,Put,17.00,-5.71%,0.26,0.28,0.28,2861,1806,1.58,51.85%,55.03%,-0.250273,2026-08-03
MSFT,487.65,2026-09-18,46,Put,470.00,-3.62%,12.5,12.71,13.1,4370,2768,1.58,30.51%,31.09%,-0.338063,2026-08-03
PFE,25.03,2026-08-07,4,Put,25.00,-0.12%,0.33,0.35,0.37,11426,7224,1.58,24.37%,34.55%,-0.482855,2026-08-03
DIS,98.14,2026-08-07,4,Call,109.00,-11.07%,0.23,0.35,0.37,525,334,1.57,35.94%,72.54%,0.089567,2026-08-03
ABNB,150.64,2026-08-07,4,Call,150.00,+0.42%,5.65,6.05,6.45,698,445,1.57,45.01%,90.75%,0.538442,2026-08-03
CRWV,85.76,2026-08-14,11,Put,90.00,+4.94%,10.15,11.43,10.7,929,590,1.57,112.95%,134.81%,-0.534177,2026-08-03
SKHY,142.72,2026-08-07,4,Call,145.00,-1.60%,7.4,7.5,7.7,1050,667,1.57,113.95%,143.57%,0.488961,2026-08-03
SPCX,114.53,2026-08-07,4,Put,118.00,+3.03%,11.9,11.9,12,1087,692,1.57,114.99%,209.38%,-0.510042,2026-08-03
CPNG,16.42,2026-08-07,4,Call,16.00,+2.56%,0.98,1.05,1.1,1233,785,1.57,63.78%,119.62%,0.607476,2026-08-03
META,590.24,2026-10-16,74,Call,740.00,-25.37%,6.3,6.54,6.7,1259,802,1.57,38.89%,40.19%,0.130894,2026-08-03
META,590.24,2026-09-18,46,Put,300.00,-49.17%,0.05,0.15,0.2,1340,856,1.57,38.89%,71.84%,-0.002585,2026-08-03
STUB,8.98,2026-08-21,18,Call,9.50,-5.79%,0.45,0.46,0.6,2006,1274,1.57,85.94%,91.87%,0.434393,2026-08-03
GOOG,372.47,2026-08-07,4,Put,332.50,-10.73%,0.06,0.1,0.1,749,480,1.56,33.27%,48.72%,-0.011977,2026-08-03
TE,4.94,2026-08-14,11,Call,5.00,-1.21%,0.5,0.5,0.65,1029,661,1.56,158.34%,175.64%,0.546348,2026-08-03
GME,19.06,2026-09-18,46,Call,21.00,-10.18%,0.85,0.85,0.99,1458,935,1.56,54.65%,62.11%,0.360847,2026-08-03
META,590.24,2026-08-14,11,Put,550.00,-6.82%,2.79,3.5,3.7,2627,1689,1.56,38.89%,40.58%,-0.146771,2026-08-03
HIMS,30.82,2026-08-07,4,Call,35.00,-13.56%,0.17,0.19,0.23,3101,1985,1.56,101.28%,101.75%,0.127739,2026-08-03
PLTR,125.65,2026-08-07,4,Call,128.00,-1.87%,6.7,6.75,6.85,3158,2021,1.56,69.95%,148.80%,0.484627,2026-08-03
SPCX,114.53,2026-08-14,11,Put,110.00,-3.96%,9.4,9.6,9.6,3853,2462,1.56,114.99%,150.65%,-0.386465,2026-08-03
NBIS,212.58,2026-08-07,4,Call,250.00,-17.60%,3.3,3.55,3.8,5461,3498,1.56,140.81%,162.07%,0.192526,2026-08-03
AAPL,303.42,2026-08-07,4,Put,292.50,-3.60%,0.74,0.8,0.87,2457,1583,1.55,27.49%,33.80%,-0.143921,2026-08-03
SPCX,114.53,2026-08-07,4,Call,125.00,-9.14%,6,6.16,6.2,6014,3881,1.55,114.99%,210.49%,0.38779,2026-08-03
STX,831.06,2026-08-07,4,Put,700.00,-15.77%,5.2,5.95,7.1,772,499,1.55,96.08%,137.07%,-0.102011,2026-08-03
SOFI,18.03,2026-12-18,137,Put,9.00,-50.08%,0.08,0.1,0.11,785,508,1.55,51.85%,68.02%,-0.028216,2026-08-03
NVDA,206.64,2028-06-16,683,Call,260.00,-25.82%,34.6,36.24,35.95,802,519,1.55,41.35%,42.93%,0.501972,2026-08-03
WFC,87.89,2026-08-07,4,Put,84.00,-4.43%,0.09,0.16,0.19,1091,706,1.55,24.39%,33.60%,-0.095191,2026-08-03
SNDK,1288.03,2026-08-07,4,Put,"1,200.00",-6.83%,64.6,65.8,66.4,1166,750,1.55,130.45%,200.26%,-0.328456,2026-08-03
SPCX,114.53,2026-08-07,4,Call,220.00,-92.09%,0.55,0.6,0.65,1812,1172,1.55,114.99%,328.35%,0.042179,2026-08-03
AAL,16.04,2026-08-14,11,Call,16.50,-2.87%,0.33,0.37,0.38,791,515,1.54,49.86%,49.10%,0.387524,2026-08-03
SPCX,114.53,2026-08-07,4,Put,71.00,-38.01%,0.05,0.1,0.1,815,530,1.54,114.99%,201.10%,-0.008703,2026-08-03
BZAI,0.8352,2027-01-15,165,Call,1.0000,-19.73%,0.2,0.2,0.3,1030,668,1.54,189.79%,135.40%,0.608885,2026-08-03
FSLY,23.03,2026-08-21,18,Call,22.50,+2.30%,2.75,2.89,3.2,1065,692,1.54,113.90%,133.51%,0.592048,2026-08-03
BA,233.49,2026-08-07,4,Put,212.50,-8.99%,0.04,0.11,0.15,1384,899,1.54,34.37%,45.45%,-0.022547,2026-08-03
ASTS,63.52,2026-08-07,4,Put,60.00,-5.54%,1.39,1.5,1.61,1891,1226,1.54,112.70%,114.01%,-0.294485,2026-08-03
NBIS,212.58,2026-08-07,4,Put,190.00,-10.62%,6,6.1,6.1,2301,1497,1.54,140.81%,175.06%,-0.239979,2026-08-03
SPCX,114.53,2026-08-14,11,Call,146.00,-27.48%,3.9,3.21,4.1,3464,2245,1.54,114.99%,163.51%,0.238985,2026-08-03
TSLA,322.08,2026-08-07,4,Call,370.00,-14.88%,0.23,0.24,0.24,4765,3085,1.54,45.15%,67.63%,0.027562,2026-08-03
NVDA,206.64,2026-08-14,11,Call,215.00,-4.05%,2.52,2.55,2.59,7135,4631,1.54,41.35%,39.31%,0.296877,2026-08-03
PLTR,125.65,2026-08-07,4,Call,125.00,+0.52%,8.05,8.15,8.2,19937,12966,1.54,69.95%,148.64%,0.545259,2026-08-03
NVDA,206.64,2026-08-10,7,Call,207.50,-0.42%,3.8,3.95,3.95,2168,1416,1.53,41.35%,37.02%,0.482555,2026-08-03
IONQ,38.85,2026-08-07,4,Call,40.00,-2.96%,1.94,1.98,2.05,2455,1604,1.53,103.30%,153.36%,0.460573,2026-08-03
LYB,60.62,2026-08-21,18,Put,57.50,-5.15%,1.1,1.2,1.25,2724,1784,1.53,46.17%,46.21%,-0.286326,2026-08-03
BIDU,113.06,2026-08-21,18,Call,125.00,-10.56%,2.14,2.29,2.29,3177,2079,1.53,54.94%,61.32%,0.255871,2026-08-03
TSLA,322.08,2026-08-07,4,Call,337.50,-4.79%,2.19,2.22,2.24,3359,2196,1.53,45.15%,54.55%,0.216667,2026-08-03
AAPL,303.42,2026-08-07,4,Put,300.00,-1.13%,2.46,2.6,2.69,16655,10896,1.53,27.49%,32.51%,-0.359746,2026-08-03
GME,19.06,2026-08-14,11,Put,19.00,-0.31%,0.68,0.81,0.79,732,479,1.53,54.65%,57.28%,-0.471335,2026-08-03
PLTR,125.65,2026-08-28,25,Call,135.00,-7.44%,6,6.15,6.3,888,580,1.53,69.95%,73.87%,0.396742,2026-08-03
NVDA,206.64,2026-08-14,11,Call,227.50,-10.09%,0.55,0.57,0.6,634,417,1.52,41.35%,39.79%,0.089428,2026-08-03
C,133.57,2026-08-07,4,Call,132.00,+1.18%,2.72,2.6,2.88,666,439,1.52,29.23%,34.20%,0.638157,2026-08-03
GAP,20.49,2026-09-18,46,Call,24.00,-17.13%,0.52,0.55,0.58,818,539,1.52,53.97%,56.76%,0.246724,2026-08-03
UPS,106.87,2026-08-14,11,Call,108.00,-1.06%,1.46,1.51,1.86,875,574,1.52,28.55%,29.69%,0.424223,2026-08-03
APLD,29.49,2026-08-07,4,Call,32.50,-10.21%,0.45,0.47,0.6,927,610,1.52,105.64%,123.45%,0.246852,2026-08-03
CRWV,85.76,2026-08-07,4,Put,72.00,-16.04%,0.5,0.6,0.6,951,625,1.52,112.95%,133.50%,-0.092762,2026-08-03
MSFT,487.65,2026-08-07,4,Put,457.50,-6.18%,0.64,0.73,0.72,992,651,1.52,30.51%,42.16%,-0.070142,2026-08-03
IREN,39.75,2026-08-07,4,Call,38.50,+3.14%,2.91,3,3.1,999,656,1.52,123.05%,142.01%,0.614843,2026-08-03
BULL,7.26,2026-08-07,4,Call,7.00,+3.58%,0.38,0.38,0.4,1143,750,1.52,74.02%,79.19%,0.686596,2026-08-03
SMCI,28.64,2026-12-18,137,Call,28.00,+2.23%,6.5,7,7,1299,852,1.52,101.79%,91.64%,0.635593,2026-08-03
IBM,226.31,2026-08-14,11,Call,240.00,-6.05%,1.98,2.1,2.1,1413,929,1.52,41.90%,42.09%,0.222042,2026-08-03
MSFT,487.65,2026-08-21,18,Put,480.00,-1.57%,9.45,9.85,10.15,1490,979,1.52,30.51%,31.60%,-0.390767,2026-08-03
MSTR,94.86,2026-08-28,25,Put,65.00,-31.48%,0.45,0.55,0.69,1620,1064,1.52,74.13%,96.51%,-0.051343,2026-08-03
CRCL,60.35,2026-08-21,18,Put,45.00,-25.43%,0.53,0.57,0.63,2603,1715,1.52,97.01%,104.44%,-0.082479,2026-08-03
SPCX,114.53,2026-08-14,11,Call,160.00,-39.70%,2.7,2.74,2.85,4321,2835,1.52,114.99%,174.18%,0.1708,2026-08-03
RKLB,70.43,2026-08-07,4,Call,75.00,-6.49%,1.5,1.52,1.55,4702,3102,1.52,102.67%,109.17%,0.312227,2026-08-03
SPCX,114.53,2026-08-07,4,Put,90.00,-21.42%,1.2,1.29,1.3,22513,14855,1.52,114.99%,197.33%,-0.1017,2026-08-03
BA,233.49,2026-08-07,4,Call,250.00,-7.07%,0.25,0.28,0.28,2264,1503,1.51,34.37%,41.66%,0.06121,2026-08-03
RIOT,21.42,2026-08-14,11,Put,16.00,-25.30%,0.19,0.21,0.37,4559,3019,1.51,107.08%,144.95%,-0.098657,2026-08-03
NFLX,73.33,2026-09-04,32,Put,70.00,-4.54%,1.59,1.64,1.68,578,384,1.51,36.36%,36.52%,-0.305304,2026-08-03
ARM,239.06,2026-08-07,4,Call,250.00,-4.58%,6.3,6.42,6.6,622,411,1.51,86.14%,108.14%,0.368734,2026-08-03
MSTR,94.86,2026-08-14,11,Call,115.00,-21.23%,0.5,0.56,0.57,711,472,1.51,74.13%,79.22%,0.092865,2026-08-03
SNAP,5.04,2026-08-07,4,Put,5.50,+9.13%,0.7,0.7,0.74,873,579,1.51,93.05%,207.17%,-0.615257,2026-08-03
HIMS,30.82,2026-09-18,46,Put,26.00,-15.64%,1.68,1.8,1.95,897,596,1.51,101.28%,94.79%,-0.246506,2026-08-03
UNP,291.23,2026-09-18,46,Call,345.00,-18.46%,0.05,0.29,1.25,902,597,1.51,24.22%,28.44%,0.054163,2026-08-03
MU,829.5,2026-08-07,4,Call,880.00,-6.09%,18.95,19.3,19.65,960,637,1.51,88.82%,110.51%,0.326445,2026-08-03
NVTS,11.52,2026-08-07,4,Call,13.50,-17.19%,0.11,0.12,0.13,1060,701,1.51,117.31%,136.38%,0.149897,2026-08-03
ONON,37.95,2026-09-18,46,Put,37.50,-1.19%,2.54,2.61,2.73,1448,958,1.51,59.54%,54.97%,-0.429769,2026-08-03
AMD,484.64,2026-08-14,11,Call,480.00,+0.96%,33.45,34.28,34.85,552,369,1.5,78.90%,94.46%,0.558567,2026-08-03
META,590.24,2026-08-05,2,Put,540.00,-8.51%,0.1,0.15,0.3,808,539,1.5,38.89%,59.58%,-0.020532,2026-08-03
CIFR,24.16,2026-08-07,4,Call,23.50,+2.73%,2.02,2.31,2.36,884,590,1.5,123.91%,184.82%,0.5956,2026-08-03
WMT,110.71,2026-08-07,4,Put,108.00,-2.45%,0.35,0.37,0.39,1020,678,1.5,32.50%,28.65%,-0.197536,2026-08-03
M,25.95,2027-01-15,165,Put,20.00,-22.93%,1.03,1.04,1.1,1390,924,1.5,53.42%,53.19%,-0.177522,2026-08-03
ON,80.4,2026-09-18,46,Call,80.00,+0.50%,9.55,9.69,10,2715,1815,1.5,87.17%,83.11%,0.57153,2026-08-03
AAL,16.04,2026-08-07,4,Call,16.50,-2.87%,0.18,0.2,0.2,4696,3122,1.5,49.86%,55.27%,0.323511,2026-08-03
TSLA,322.08,2026-08-21,18,Call,320.00,+0.65%,14.4,14.44,14.65,5094,3404,1.5,45.15%,46.32%,0.552441,2026-08-03
SOFI,18.03,2026-08-14,11,Call,20.00,-10.93%,0.11,0.11,0.12,6833,4559,1.5,51.85%,52.83%,0.14163,2026-08-03
AAPL,303.42,2026-08-07,4,Call,307.50,-1.34%,2.54,2.59,2.72,8301,5548,1.5,27.49%,33.94%,0.363853,2026-08-03
FWONK,97.74,2026-11-20,109,Call,105.00,-7.43%,4.5,5.2,5.3,2196,1475,1.49,34.40%,34.41%,0.410632,2026-08-03
GLXY,21.88,2027-01-15,165,Call,20.00,+8.59%,6.35,6.5,6.8,2457,1648,1.49,109.66%,98.63%,0.6891,2026-08-03
SOUN,6.1,2026-08-07,4,Call,7.00,-14.75%,0.17,0.18,0.19,10953,7331,1.49,102.04%,186.09%,0.27189,2026-08-03
CCJ,89.72,2026-08-07,4,Call,95.00,-5.88%,0.54,0.59,0.68,537,361,1.49,50.78%,61.31%,0.196496,2026-08-03
HTZ,1.53,2026-08-07,4,Call,1.0000,+34.64%,0.5,0.52,0.6,537,361,1.49,143.78%,318.78%,0.925422,2026-08-03
NOW,114.19,2026-08-07,4,Call,121.00,-5.96%,1.17,1.23,1.29,568,382,1.49,60.69%,74.57%,0.242569,2026-08-03
MU,829.5,2026-08-07,4,Call,925.00,-11.51%,9.3,9.75,9.85,591,396,1.49,88.82%,110.97%,0.190327,2026-08-03
IBM,226.31,2028-01-21,536,Put,230.00,+1.63%,45.45,47.56,48.4,701,472,1.49,41.90%,44.47%,-0.388686,2026-08-03
RIVN,15.35,2026-08-21,18,Call,16.50,-7.49%,0.39,0.43,0.47,871,585,1.49,59.23%,62.30%,0.330772,2026-08-03
SPCX,114.53,2026-08-07,4,Call,230.00,-100.82%,0.55,0.57,0.6,1554,1044,1.49,114.99%,343.25%,0.039247,2026-08-03
BABA,127.3,2026-08-14,11,Call,135.00,-6.05%,1.61,1.7,1.8,1599,1072,1.49,48.08%,50.17%,0.264308,2026-08-03
MU,829.5,2027-01-15,165,Call,"2,500.00",-201.39%,9.8,10.35,10.9,1997,1337,1.49,88.82%,87.54%,0.060437,2026-08-03
MSFT,487.65,2026-08-21,18,Call,495.00,-1.51%,9.7,10.01,10.35,2003,1341,1.49,30.51%,30.09%,0.432652,2026-08-03
ISRG,375.41,2026-08-07,4,Call,400.00,-6.55%,0.3,0.6,0.7,641,434,1.48,37.67%,40.58%,0.071725,2026-08-03
META,590.24,2026-08-28,25,Put,550.00,-6.82%,7.95,7.93,8.6,691,468,1.48,38.89%,39.32%,-0.22452,2026-08-03
TOST,32.79,2026-08-07,4,Call,33.00,-0.64%,1.64,1.7,1.9,971,654,1.48,60.98%,136.03%,0.51163,2026-08-03
LUNR,13.1,2026-08-07,4,Call,14.00,-6.87%,0.3,0.38,0.39,1112,751,1.48,119.11%,124.50%,0.329367,2026-08-03
TSLA,322.08,2026-08-05,2,Call,307.50,+4.53%,15.35,15.5,15.6,1551,1045,1.48,45.15%,55.55%,0.875377,2026-08-03
SOFI,18.03,2026-08-28,25,Call,21.00,-16.47%,0.17,0.18,0.19,1773,1197,1.48,51.85%,51.96%,0.150297,2026-08-03
AMZN,284.02,2026-08-28,25,Call,300.00,-5.63%,4.1,4.32,4.4,2974,2013,1.48,32.92%,33.16%,0.288135,2026-08-03
NOK,9.36,2026-08-07,4,Call,9.50,-1.50%,0.24,0.26,0.26,9836,6646,1.48,69.88%,79.79%,0.447014,2026-08-03
GOOG,372.47,2026-08-21,18,Call,385.00,-3.36%,6.2,6.46,6.65,2934,1991,1.47,33.27%,34.01%,0.352568,2026-08-03
INTC,91,2026-08-07,4,Call,96.00,-5.49%,1.84,1.86,1.89,4019,2738,1.47,81.59%,98.68%,0.321676,2026-08-03
HOOD,90.34,2026-08-21,18,Call,92.00,-1.84%,4.6,5.05,5.25,504,342,1.47,68.36%,69.98%,0.488845,2026-08-03
KO,86.86,2026-08-21,18,Put,84.00,-3.29%,0.5,0.55,0.6,554,377,1.47,21.36%,21.17%,-0.227257,2026-08-03
CRCL,60.35,2028-06-16,683,Put,65.00,+7.71%,26.7,27.38,28.9,669,456,1.47,97.01%,87.12%,-0.289364,2026-08-03
CRCL,60.35,2028-06-16,683,Put,55.00,-8.86%,20.35,20.7,21.9,671,458,1.47,97.01%,87.34%,-0.240648,2026-08-03
FUTU,107.04,2026-08-07,4,Call,110.00,-2.77%,1.03,1.35,1.45,687,468,1.47,57.28%,54.32%,0.322316,2026-08-03
AMD,484.64,2026-08-07,4,Put,485.00,+0.07%,24.55,25.7,25.6,745,507,1.47,78.90%,123.49%,-0.475527,2026-08-03
BBIO,79.96,2026-08-21,18,Call,90.00,-12.56%,0.25,1.3,1.85,1012,687,1.47,53.35%,57.27%,0.196975,2026-08-03
UEC,9.97,2026-08-07,4,Call,10.50,-5.32%,0.13,0.15,0.17,1133,772,1.47,76.95%,82.47%,0.290376,2026-08-03
RKLB,70.43,2026-08-07,4,Call,72.00,-2.23%,2.41,2.5,2.64,1171,798,1.47,102.67%,108.94%,0.447161,2026-08-03
LAC,2.98,2026-08-21,18,Call,3.00,-0.67%,0.18,0.2,0.22,1255,856,1.47,77.37%,78.41%,0.52349,2026-08-03
SNDK,1288.03,2026-08-07,4,Call,"1,600.00",-24.22%,19.7,19.7,20.1,1685,1146,1.47,130.45%,189.76%,0.160944,2026-08-03
SMCI,28.64,2026-08-07,4,Put,26.00,-9.22%,0.3,0.29,0.32,1751,1190,1.47,101.79%,104.96%,-0.174004,2026-08-03
BE,218.32,2026-08-07,4,Call,240.00,-9.93%,5.9,6.5,7,1974,1347,1.47,125.17%,155.03%,0.308589,2026-08-03
AAOI,110.21,2026-08-21,18,Call,135.00,-22.49%,7.5,7.9,8.4,534,367,1.46,149.13%,163.29%,0.354435,2026-08-03
BABA,127.3,2026-08-07,4,Put,120.00,-5.73%,0.31,0.37,0.4,819,560,1.46,48.08%,47.58%,-0.112835,2026-08-03
TSLA,322.08,2026-08-05,2,Call,355.00,-10.22%,0.2,0.22,0.22,846,580,1.46,45.15%,70.17%,0.032605,2026-08-03
BA,233.49,2026-08-14,11,Call,240.00,-2.79%,3.05,3.39,3.45,856,585,1.46,34.37%,36.27%,0.342602,2026-08-03
SHOP,117.01,2027-12-17,501,Put,100.00,-14.54%,20,20.1,20.55,1035,708,1.46,73.52%,61.56%,-0.26447,2026-08-03
NVDA,206.64,2026-08-14,11,Call,217.50,-5.26%,1.9,1.94,1.97,1327,911,1.46,41.35%,39.27%,0.240837,2026-08-03
ASTS,63.52,2026-08-07,4,Put,55.00,-13.41%,0.37,0.4,0.46,1571,1078,1.46,112.70%,116.30%,-0.106226,2026-08-03
SPCX,114.53,2026-08-07,4,Put,109.00,-4.83%,6.9,7.1,7.2,1641,1124,1.46,114.99%,205.68%,-0.367271,2026-08-03
CORZ,22.83,2027-01-15,165,Call,29.00,-27.03%,3.2,3.54,3.7,6663,4563,1.46,91.10%,86.58%,0.464129,2026-08-03
AAPL,303.42,2026-08-07,4,Call,300.00,+1.13%,5.95,6.2,6.3,3416,2354,1.45,27.49%,32.74%,0.639971,2026-08-03
RKT,13.68,2026-08-07,4,Call,14.00,-2.34%,0.44,0.48,0.5,4290,2954,1.45,68.70%,106.39%,0.44102,2026-08-03
XOM,155.06,2026-08-21,18,Put,145.00,-6.49%,1.1,1.33,1.3,5360,3705,1.45,30.72%,34.60%,-0.179269,2026-08-03
HOOD,90.34,2026-08-07,4,Call,95.00,-5.16%,1.28,1.29,1.31,6815,4704,1.45,68.36%,79.33%,0.287941,2026-08-03
SOFI,18.03,2026-08-07,4,Call,17.00,+5.71%,1.11,1.18,1.18,21034,14497,1.45,51.85%,61.32%,0.830141,2026-08-03
AVGO,392.23,2026-08-05,2,Put,370.00,-5.67%,0.84,0.96,1,541,373,1.45,53.38%,63.57%,-0.10264,2026-08-03
CRCL,60.35,2026-08-28,25,Put,35.00,-42.00%,0.05,0.14,0.2,781,540,1.45,97.01%,107.34%,-0.018399,2026-08-03
GOOGL,373.51,2026-08-07,4,Put,355.00,-4.96%,0.87,0.95,0.97,856,589,1.45,33.76%,41.39%,-0.114554,2026-08-03
NVAX,7.41,2026-08-07,4,Call,8.00,-7.96%,0.19,0.22,0.25,1124,776,1.45,83.38%,141.44%,0.329694,2026-08-03
SLS,11.22,2026-08-07,4,Call,14.00,-24.78%,0.05,0.25,0.3,1177,814,1.45,239.07%,192.88%,0.160237,2026-08-03
JPM,352.64,2026-08-07,4,Call,357.50,-1.38%,1.48,1.56,1.7,1187,817,1.45,21.87%,23.41%,0.295318,2026-08-03
WMT,110.71,2026-08-07,4,Put,111.00,+0.26%,1.41,1.4,1.49,1250,865,1.45,32.50%,28.42%,-0.525963,2026-08-03
META,590.24,2026-08-14,11,Call,590.00,+0.04%,16.55,18.4,18,1492,1030,1.45,38.89%,41.29%,0.521988,2026-08-03
NVDA,206.64,2026-08-07,4,Put,215.00,+4.05%,8.7,9.2,9.3,1527,1053,1.45,41.35%,37.74%,-0.837161,2026-08-03
RKLB,70.43,2026-09-18,46,Call,140.00,-98.78%,0.43,0.46,0.54,2014,1390,1.45,102.67%,105.12%,0.050315,2026-08-03
HUT,112.08,2026-08-07,4,Call,115.00,-2.61%,5.6,6.2,6.45,715,496,1.44,120.06%,155.71%,0.470558,2026-08-03
B,37.36,2026-08-14,11,Call,40.00,-7.07%,0.37,0.45,0.5,868,604,1.44,45.69%,50.92%,0.234916,2026-08-03
ORCL,141.85,2026-08-14,11,Put,130.00,-8.35%,2.17,2.15,2.37,943,656,1.44,74.50%,70.09%,-0.216796,2026-08-03
CRML,6.38,2028-01-21,536,Call,12.50,-95.92%,1.5,1.75,1.9,1014,705,1.44,110.39%,94.26%,0.513754,2026-08-03
SRAD,12.34,2026-08-21,18,Call,12.50,-1.30%,0.5,0.65,0.65,1289,893,1.44,57.48%,58.40%,0.491736,2026-08-03
CRWV,85.76,2026-08-14,11,Call,90.00,-4.94%,6.2,6.35,6.5,1584,1100,1.44,112.95%,136.07%,0.467489,2026-08-03
BE,218.32,2026-12-18,137,Call,250.00,-14.51%,50.65,51.71,53.35,1719,1196,1.44,125.17%,117.21%,0.575519,2026-08-03
IREN,39.75,2026-08-28,25,Call,50.00,-25.79%,1.93,2.01,2.1,2045,1417,1.44,123.05%,122.98%,0.293126,2026-08-03
TE,4.94,2026-08-21,18,Call,6.00,-21.46%,0.35,0.4,0.45,2175,1508,1.44,158.34%,170.94%,0.375368,2026-08-03
OPLN,41.17,2026-08-21,18,Call,45.00,-9.30%,0.2,0.55,0.75,2309,1601,1.44,46.38%,46.11%,0.209087,2026-08-03
AMD,484.64,2027-06-17,318,Call,"1,100.00",-126.97%,24.3,25.85,27.65,2621,1815,1.44,78.90%,70.54%,0.194053,2026-08-03
IREN,39.75,2026-08-07,4,Put,32.00,-19.50%,0.21,0.23,0.27,3500,2423,1.44,123.05%,154.68%,-0.077426,2026-08-03
NVDA,206.64,2026-08-07,4,Call,205.00,+0.79%,4.65,4.65,4.75,42893,29686,1.44,41.35%,44.03%,0.58057,2026-08-03
NFLX,73.33,2026-08-07,4,Call,78.00,-6.37%,0.15,0.15,0.16,7112,4969,1.43,36.36%,44.52%,0.09801,2026-08-03
NVTS,11.52,2026-08-14,11,Call,15.00,-30.21%,0.13,0.17,0.2,513,360,1.43,117.31%,127.13%,0.139877,2026-08-03
MS,211.23,2026-08-14,11,Put,190.00,-10.05%,0.3,0.35,0.42,628,440,1.43,32.16%,39.57%,-0.056634,2026-08-03
MRK,127.77,2026-08-07,4,Put,125.00,-2.17%,1.55,1.82,1.95,630,440,1.43,34.70%,55.60%,-0.341798,2026-08-03
RBLX,36.67,2026-08-07,4,Put,35.00,-4.55%,0.48,0.51,0.62,655,458,1.43,70.12%,80.89%,-0.275254,2026-08-03
META,590.24,2026-08-07,4,Put,545.00,-7.66%,0.58,0.72,0.83,706,494,1.43,38.89%,48.48%,-0.054456,2026-08-03
ENPH,39.35,2026-08-07,4,Call,40.00,-1.65%,1.25,1.35,1.43,758,531,1.43,86.16%,98.90%,0.459114,2026-08-03
VRTX,470.72,2026-08-21,18,Put,465.00,-1.22%,15.6,16.65,17.7,1084,756,1.43,42.10%,47.61%,-0.427783,2026-08-03
ON,80.4,2026-08-07,4,Put,65.00,-19.15%,0.33,0.33,0.35,1130,791,1.43,87.17%,139.57%,-0.062901,2026-08-03
TSLA,322.08,2026-08-07,4,Call,300.00,+6.86%,22.95,23.11,23.35,1232,859,1.43,45.15%,55.45%,0.89606,2026-08-03
WMT,110.71,2026-08-07,4,Call,116.00,-4.78%,0.15,0.15,0.16,1272,892,1.43,32.50%,32.59%,0.089755,2026-08-03
SG,5.92,2026-08-07,4,Put,6.50,+9.80%,0.85,0.75,0.95,511,360,1.42,116.66%,218.42%,-0.615347,2026-08-03
HOOD,90.34,2026-08-21,18,Call,89.00,+1.48%,6.1,6.57,6.7,525,369,1.42,68.36%,70.87%,0.573399,2026-08-03
ARM,239.06,2026-08-07,4,Put,220.00,-7.97%,3.7,3.8,4,541,382,1.42,86.14%,113.19%,-0.222576,2026-08-03
AVGO,392.23,2026-08-07,4,Call,395.00,-0.71%,8.1,8.35,8.55,687,485,1.42,53.38%,58.35%,0.46834,2026-08-03
SNDK,1288.03,2026-08-07,4,Put,950.00,-26.24%,9.9,10.18,10.4,832,585,1.42,130.45%,215.56%,-0.071662,2026-08-03
GOOG,372.47,2026-08-14,11,Call,375.00,-0.68%,7.55,7.85,8.1,898,633,1.42,33.27%,34.25%,0.473274,2026-08-03
BA,233.49,2026-08-07,4,Call,245.00,-4.93%,0.62,0.69,0.69,1160,819,1.42,34.37%,40.61%,0.133371,2026-08-03
ORCL,141.85,2026-08-28,25,Put,110.00,-22.45%,0.82,0.89,1.31,1270,894,1.42,74.50%,74.28%,-0.078828,2026-08-03
MRK,127.77,2026-08-21,18,Put,128.00,+0.18%,3.75,4.2,4.45,1595,1124,1.42,34.70%,35.47%,-0.490931,2026-08-03
AMZN,284.02,2026-08-07,4,Put,262.50,-7.58%,0.22,0.23,0.25,1654,1167,1.42,32.92%,44.57%,-0.042729,2026-08-03
SMCI,28.64,2026-08-07,4,Put,27.00,-5.73%,0.53,0.54,0.56,1680,1185,1.42,101.79%,102.76%,-0.272503,2026-08-03
ASX,36.68,2028-01-21,536,Call,60.00,-63.58%,7.7,7.7,8.9,1752,1238,1.42,89.26%,80.97%,0.480716,2026-08-03
F,14.43,2026-08-07,4,Put,15.00,+3.95%,0.56,0.61,0.63,1775,1248,1.42,34.35%,30.15%,-0.887113,2026-08-03
IREN,39.75,2026-08-21,18,Put,30.00,-24.53%,0.82,0.87,0.89,42071,29685,1.42,123.05%,129.97%,-0.130291,2026-08-03
ORCL,141.85,2026-08-07,4,Call,137.00,+3.42%,7.25,7.65,7.65,2496,1768,1.41,74.50%,79.10%,0.678775,2026-08-03
BMNR,17.42,2026-08-07,4,Call,18.50,-6.20%,0.25,0.28,0.26,3848,2721,1.41,81.93%,87.64%,0.27231,2026-08-03
ORCL,141.85,2026-08-14,11,Call,150.00,-5.75%,3.8,4,4,9956,7059,1.41,74.50%,71.57%,0.351024,2026-08-03
FRO,39.91,2026-11-20,109,Put,45.00,+12.75%,7,8.95,9.7,507,359,1.41,59.38%,50.74%,-0.630705,2026-08-03
SMCI,28.64,2026-08-07,4,Put,26.50,-7.47%,0.39,0.42,0.43,539,383,1.41,101.79%,103.31%,-0.219011,2026-08-03
UBER,71.61,2026-08-14,11,Call,77.00,-7.53%,0.93,0.99,1.05,626,444,1.41,44.44%,56.51%,0.248354,2026-08-03
MTCH,40.54,2026-08-21,18,Put,37.50,-7.50%,0.85,0.92,1,721,511,1.41,49.39%,61.29%,-0.258893,2026-08-03
SPCX,114.53,2026-08-07,4,Put,83.00,-27.53%,0.45,0.5,0.55,807,571,1.41,114.99%,196.36%,-0.047354,2026-08-03
RKLB,70.43,2026-08-28,25,Put,50.00,-29.01%,0.85,0.93,1.1,823,585,1.41,102.67%,110.68%,-0.090859,2026-08-03
MRVL,193.77,2026-08-07,4,Call,225.00,-16.12%,0.98,1.06,1.1,896,637,1.41,96.40%,108.19%,0.103978,2026-08-03
AMD,484.64,2026-08-07,4,Put,430.00,-11.27%,5.8,6.05,6.2,945,668,1.41,78.90%,126.54%,-0.165509,2026-08-03
CZR,29.73,2028-01-21,536,Call,32.00,-7.64%,0.05,1.4,1.4,963,683,1.41,23.94%,6.35%,0.44317,2026-08-03
CVNA,66.13,2026-11-20,109,Put,58.00,-12.29%,5.4,5.85,5.85,1004,713,1.41,62.61%,69.91%,-0.288226,2026-08-03
MSFT,487.65,2026-08-05,2,Put,445.00,-8.75%,0.08,0.13,0.18,1009,716,1.41,30.51%,58.86%,-0.016769,2026-08-03
BB,8.52,2026-08-14,11,Call,10.00,-17.37%,0.08,0.1,0.1,1079,766,1.41,78.59%,82.90%,0.150687,2026-08-03
TSM,406.11,2026-08-14,11,Put,400.00,-1.50%,10.45,10.93,11.15,1133,801,1.41,47.72%,49.38%,-0.409715,2026-08-03
RKLB,70.43,2026-08-07,4,Call,85.00,-20.69%,0.19,0.22,0.22,1234,876,1.41,102.67%,111.38%,0.060463,2026-08-03
AMZN,284.02,2026-08-05,2,Call,270.00,+4.94%,13.7,14.65,14.5,1808,1283,1.41,32.92%,30.48%,0.988201,2026-08-03
GME,19.06,2026-09-04,32,Call,22.00,-15.42%,0.35,0.4,0.44,1832,1299,1.41,54.65%,58.80%,0.223909,2026-08-03
PLTR,125.65,2026-08-21,18,Put,111.00,-11.66%,2.72,2.8,2.9,546,389,1.4,69.95%,78.22%,-0.209056,2026-08-03
CPB,22.37,2026-08-07,4,Call,23.00,-2.82%,0.1,0.15,0.15,611,435,1.4,38.61%,37.66%,0.244119,2026-08-03
RDDT,154.71,2026-08-07,4,Call,145.00,+6.28%,10.95,11.8,12.5,700,500,1.4,67.01%,88.29%,0.773961,2026-08-03
HOOD,90.34,2026-08-07,4,Put,83.00,-8.12%,0.46,0.53,0.62,730,521,1.4,68.36%,77.87%,-0.138992,2026-08-03
ACI,11.5,2027-01-15,165,Call,13.00,-13.04%,0.7,0.73,0.8,821,585,1.4,37.18%,43.43%,0.375072,2026-08-03
RKLB,70.43,2026-08-07,4,Call,78.00,-10.75%,0.84,0.84,0.9,846,604,1.4,102.67%,109.38%,0.202992,2026-08-03
AAOI,110.21,2026-08-07,4,Call,105.00,+4.73%,13.4,13.8,14.3,980,699,1.4,149.13%,246.13%,0.62489,2026-08-03
BP,44.26,2026-10-16,74,Call,46.00,-3.93%,1.62,1.67,1.71,1192,852,1.4,34.35%,30.50%,0.409969,2026-08-03
TSLA,322.08,2026-08-07,4,Put,302.50,-6.08%,1.12,1.16,1.15,1258,896,1.4,45.15%,53.46%,-0.123991,2026-08-03
NOW,114.19,2026-08-07,4,Call,130.00,-13.85%,0.25,0.27,0.29,2127,1524,1.4,60.69%,79.97%,0.066506,2026-08-03
AAOI,110.21,2026-08-07,4,Call,100.00,+9.26%,16.1,16.15,17.9,2168,1544,1.4,149.13%,254.63%,0.691302,2026-08-03
LRCX,294.61,2027-06-17,318,Put,200.00,-32.11%,27.55,29.76,29.85,2217,1585,1.4,83.06%,76.56%,-0.174551,2026-08-03
MSFT,487.65,2026-08-05,2,Call,470.00,+3.62%,17.5,18.15,19.55,3244,2316,1.4,30.51%,41.28%,0.890045,2026-08-03
PTON,6.45,2026-08-14,11,Put,6.50,+0.78%,0.51,0.53,0.56,3901,2789,1.4,83.46%,114.61%,-0.474091,2026-08-03
QUBT,8.74,2026-08-07,4,Call,9.00,-2.97%,0.23,0.26,0.27,2231,1608,1.39,100.60%,98.32%,0.409223,2026-08-03
NOK,9.36,2026-11-20,109,Call,13.00,-38.89%,0.5,0.58,0.58,2335,1682,1.39,69.88%,74.51%,0.278121,2026-08-03
TSLA,322.08,2026-08-14,11,Call,330.00,-2.46%,7.4,7.5,7.5,2647,1903,1.39,45.15%,47.93%,0.406218,2026-08-03
ORCL,141.85,2026-10-16,74,Call,185.00,-30.42%,6.6,6.5,7.4,3003,2161,1.39,74.50%,75.91%,0.275954,2026-08-03
NFLX,73.33,2026-08-07,4,Put,71.00,-3.18%,0.41,0.44,0.44,3647,2631,1.39,36.36%,42.16%,-0.223109,2026-08-03
INTC,91,2026-08-07,4,Put,80.00,-12.09%,0.55,0.57,0.58,5108,3666,1.39,81.59%,105.66%,-0.110667,2026-08-03
AAPL,303.42,2026-08-07,4,Call,330.00,-8.76%,0.12,0.13,0.13,5896,4227,1.39,27.49%,40.62%,0.025879,2026-08-03
META,590.24,2026-08-28,25,Put,470.00,-20.37%,0.6,0.68,0.82,506,365,1.39,38.89%,46.31%,-0.025147,2026-08-03
RIOT,21.42,2026-12-18,137,Put,16.00,-25.30%,1.97,2.2,2.3,526,378,1.39,107.08%,98.64%,-0.210556,2026-08-03
RKLB,70.43,2026-08-07,4,Call,87.00,-23.53%,0.12,0.12,0.16,538,387,1.39,102.67%,113.31%,0.042848,2026-08-03
V,365.67,2026-09-18,46,Put,360.00,-1.55%,8.4,8.32,8.75,582,418,1.39,22.45%,22.79%,-0.393283,2026-08-03
MSFT,487.65,2026-08-14,11,Put,400.00,-17.97%,0.1,0.18,0.22,648,467,1.39,30.51%,50.71%,-0.010616,2026-08-03
NBIS,212.58,2026-08-07,4,Call,235.00,-10.55%,6.25,6.63,6.95,771,554,1.39,140.81%,163.33%,0.309002,2026-08-03
CRWD,202.54,2026-08-07,4,Put,190.00,-6.19%,1.4,1.47,1.51,786,565,1.39,64.22%,69.11%,-0.177583,2026-08-03
RKLB,70.43,2026-08-07,4,Call,76.00,-7.91%,1.18,1.26,1.3,841,603,1.39,102.67%,107.91%,0.269641,2026-08-03
TOST,32.79,2026-09-18,46,Call,34.00,-3.69%,2,2.2,2.45,846,607,1.39,60.98%,57.72%,0.479425,2026-08-03
W,89.31,2026-08-21,18,Call,62.50,+30.02%,25.05,28,28.85,1466,1057,1.39,79.92%,66.72%,0.993702,2026-08-03
SPCX,114.53,2026-08-07,4,Call,113.00,+1.34%,10.3,10.53,10.8,2008,1447,1.39,114.99%,205.50%,0.568256,2026-08-03
AVGO,392.23,2026-08-07,4,Put,335.00,-14.59%,0.16,0.17,0.28,504,366,1.38,53.38%,74.30%,-0.019211,2026-08-03
NBIS,212.58,2026-08-07,4,Call,202.50,+4.74%,19.6,21,21.25,513,372,1.38,140.81%,170.97%,0.641762,2026-08-03
LQDA,83.85,2026-08-14,11,Put,45.00,-46.33%,0,0.1,0.1,534,387,1.38,113.84%,152.35%,-0.006407,2026-08-03
PAAS,43.73,2026-08-07,4,Call,47.00,-7.48%,0.15,0.16,0.2,601,435,1.38,56.46%,59.62%,0.131178,2026-08-03
SOUN,6.1,2026-09-18,46,Call,10.00,-63.93%,0.12,0.15,0.15,616,448,1.38,102.04%,106.73%,0.135045,2026-08-03
LLY,1121.36,2026-09-18,46,Call,"1,260.00",-12.36%,20.9,21.39,23,693,502,1.38,44.26%,41.22%,0.242777,2026-08-03
QUBT,8.74,2026-08-14,11,Call,8.50,+2.75%,0.74,0.76,0.81,746,539,1.38,100.60%,107.88%,0.598002,2026-08-03
XOM,155.06,2026-08-07,4,Put,145.00,-6.49%,0.07,0.13,0.36,780,565,1.38,30.72%,43.66%,-0.067728,2026-08-03
REPL,11.91,2026-08-07,4,Call,11.00,+7.64%,1.8,2.62,3,1016,735,1.38,218.66%,402.10%,0.655518,2026-08-03
HOOD,90.34,2026-08-14,11,Call,90.00,+0.38%,4.6,4.68,4.75,1172,852,1.38,68.36%,71.38%,0.540312,2026-08-03
SPCX,114.53,2026-08-07,4,Put,88.00,-23.16%,0.95,1,1,1230,894,1.38,114.99%,196.68%,-0.083089,2026-08-03
SPCX,114.53,2026-08-14,11,Call,120.00,-4.78%,9.6,9.9,9.9,1699,1234,1.38,114.99%,151.20%,0.483098,2026-08-03
AMZN,284.02,2026-08-05,2,Call,260.00,+8.46%,23.8,24.07,24.45,1723,1253,1.38,32.92%,54.35%,0.986834,2026-08-03
MCD,265.23,2026-08-21,18,Put,260.00,-1.97%,4.2,4.5,4.75,1735,1256,1.38,28.21%,29.31%,-0.364968,2026-08-03
QCOM,151.57,2026-08-21,18,Call,160.00,-5.56%,4.4,4.5,4.65,2971,2153,1.38,57.06%,58.16%,0.362804,2026-08-03
PLTR,125.65,2026-08-07,4,Call,180.00,-43.26%,0.12,0.14,0.14,3132,2276,1.38,69.95%,157.68%,0.018202,2026-08-03
AAPL,303.42,2026-08-14,11,Call,310.00,-2.17%,3.4,3.43,3.6,8535,6182,1.38,27.49%,28.90%,0.35082,2026-08-03
NFLX,73.33,2026-08-07,4,Call,75.00,-2.28%,0.68,0.69,0.7,15939,11557,1.38,36.36%,43.77%,0.322767,2026-08-03
UBER,71.61,2026-10-16,74,Call,85.00,-18.70%,1.35,1.39,1.42,3493,2547,1.37,44.44%,40.09%,0.206718,2026-08-03
NVDA,206.64,2026-08-10,7,Call,205.00,+0.79%,5.1,5.22,5.35,4120,3016,1.37,41.35%,37.71%,0.575401,2026-08-03
MU,829.5,2026-08-07,4,Put,700.00,-15.61%,3.65,3.93,4,4421,3224,1.37,88.82%,119.60%,-0.077623,2026-08-03
PBR,19.06,2026-10-16,74,Call,22.00,-15.42%,0.38,0.41,0.44,6962,5090,1.37,37.49%,38.32%,0.231867,2026-08-03
MARA,11.75,2026-08-28,25,Call,15.00,-27.66%,0.3,0.34,0.37,501,366,1.37,100.14%,100.34%,0.214981,2026-08-03
CRWV,85.76,2026-08-14,11,Put,80.00,-6.72%,5.15,5.2,5.45,569,416,1.37,112.95%,137.69%,-0.339334,2026-08-03
AMZN,284.02,2026-08-28,25,Call,305.00,-7.39%,3,3.21,3.35,582,426,1.37,32.92%,33.47%,0.229193,2026-08-03
CRWV,85.76,2026-08-07,4,Call,99.00,-15.44%,0.85,0.87,0.91,743,542,1.37,112.95%,127.07%,0.156288,2026-08-03
MSFT,487.65,2026-09-18,46,Call,515.00,-5.61%,10.4,11.05,11,781,571,1.37,30.51%,29.69%,0.333401,2026-08-03
DJT,10.01,2026-08-07,4,Call,10.50,-4.90%,0.29,0.32,0.32,934,684,1.37,87.39%,119.59%,0.375993,2026-08-03
APLD,29.49,2026-08-07,4,Call,29.00,+1.66%,1.66,1.72,1.86,1073,781,1.37,105.64%,122.59%,0.578418,2026-08-03
TE,4.94,2026-08-14,11,Call,6.00,-21.46%,0.25,0.25,0.3,1092,796,1.37,158.34%,179.56%,0.32119,2026-08-03
SPCX,114.53,2026-08-07,4,Call,118.00,-3.03%,8.3,8.51,8.7,1178,860,1.37,114.99%,208.89%,0.489883,2026-08-03
CRWV,85.76,2026-08-14,11,Call,110.00,-28.26%,1.7,1.75,1.82,1197,873,1.37,112.95%,136.84%,0.177575,2026-08-03
WIX,56.84,2026-08-21,18,Call,60.00,-5.56%,4.2,4.6,5,1219,892,1.37,97.68%,116.45%,0.470892,2026-08-03
LOW,212.06,2026-09-18,46,Call,220.00,-3.74%,7.3,7.6,8.1,1688,1230,1.37,36.56%,36.29%,0.416996,2026-08-03
BE,218.32,2026-08-07,4,Call,220.00,-0.77%,12.75,13.05,14.15,1721,1254,1.37,125.17%,155.71%,0.514718,2026-08-03
AAPL,303.42,2026-08-21,18,Call,322.50,-6.29%,1.67,1.75,1.83,1844,1349,1.37,27.49%,27.93%,0.177093,2026-08-03
ADBE,251.34,2026-08-07,4,Put,260.00,+3.45%,11.55,11.93,12.35,537,395,1.36,56.00%,63.94%,-0.680447,2026-08-03
NBIS,212.58,2026-08-07,4,Put,172.50,-18.85%,2.49,2.24,2.8,564,416,1.36,140.81%,185.22%,-0.119715,2026-08-03
GOOG,372.47,2026-08-28,25,Put,325.00,-12.74%,1.07,1.21,1.24,623,457,1.36,33.27%,37.01%,-0.069699,2026-08-03
USAR,15.86,2026-08-07,4,Call,15.50,+2.27%,0.87,0.93,1.04,657,482,1.36,105.51%,115.84%,0.599975,2026-08-03
RGTI,16.02,2026-08-07,4,Call,18.50,-15.48%,0.25,0.28,0.27,666,488,1.36,101.65%,149.15%,0.200079,2026-08-03
QUBT,8.74,2026-08-14,11,Call,10.00,-14.42%,0.26,0.27,0.3,748,549,1.36,100.60%,115.01%,0.284566,2026-08-03
RKLB,70.43,2026-08-07,4,Call,71.00,-0.81%,2.89,2.98,3.05,779,571,1.36,102.67%,109.58%,0.496228,2026-08-03
DELL,429.02,2026-10-16,74,Call,700.00,-63.16%,10.85,11.3,11.6,787,579,1.36,89.72%,87.40%,0.151023,2026-08-03
MSFT,487.65,2026-08-28,25,Put,450.00,-7.72%,3.6,3.7,4,819,601,1.36,30.51%,33.36%,-0.162411,2026-08-03
MSFT,487.65,2026-08-14,11,Put,450.00,-7.72%,1.27,1.33,1.45,881,650,1.36,30.51%,36.17%,-0.092781,2026-08-03
SRAD,12.34,2027-07-16,347,Call,25.00,-102.59%,0.55,0.6,0.7,1000,737,1.36,57.48%,60.19%,0.199045,2026-08-03
WULF,18.83,2026-08-07,4,Put,16.00,-15.03%,0.21,0.24,0.24,1464,1076,1.36,108.28%,152.26%,-0.13739,2026-08-03
COIN,146.5,2026-08-07,4,Call,165.00,-12.63%,0.69,0.74,0.82,1834,1350,1.36,71.69%,90.91%,0.115466,2026-08-03
PDD,90.15,2026-10-16,74,Put,90.00,-0.17%,5.75,5.8,6,2037,1500,1.36,39.55%,38.68%,-0.449093,2026-08-03
AAPL,303.42,2026-12-18,137,Put,300.00,-1.13%,16.95,17.3,17.4,10587,7791,1.36,27.49%,27.82%,-0.418283,2026-08-03
LCID,7.7,2026-08-07,4,Call,8.00,-3.90%,0.47,0.48,0.52,2308,1709,1.35,121.95%,193.29%,0.465814,2026-08-03
IREN,39.75,2026-11-20,109,Put,40.00,+0.63%,9.25,9.71,10.3,4291,3183,1.35,123.05%,115.69%,-0.375084,2026-08-03
TSLA,322.08,2026-08-21,18,Call,340.00,-5.56%,6.7,6.7,6.8,4691,3466,1.35,45.15%,46.79%,0.32565,2026-08-03
INO,0.6968,2027-02-19,200,Call,1.5000,-115.27%,0.05,0.15,0.1,5611,4146,1.35,346.91%,109.18%,0.30233,2026-08-03
AXTI,68.67,2026-12-18,137,Put,45.00,-34.47%,9.1,9.5,9.5,6729,4971,1.35,148.48%,144.27%,-0.175333,2026-08-03
CORZ,22.83,2026-09-18,46,Call,25.00,-9.51%,2.03,2.07,2.17,9294,6888,1.35,91.10%,89.71%,0.455701,2026-08-03
SPCX,114.53,2026-08-14,11,Put,112.00,-2.21%,10.4,10.6,10.6,512,380,1.35,114.99%,150.58%,-0.413107,2026-08-03
DGXX,3.85,2026-09-18,46,Call,4.00,-3.90%,0.55,0.75,0.75,776,573,1.35,120.34%,129.86%,0.562663,2026-08-03
NKE,42.64,2026-08-07,4,Call,44.50,-4.36%,0.15,0.17,0.18,897,663,1.35,37.87%,41.70%,0.169318,2026-08-03
VST,155.94,2026-08-21,18,Call,155.00,+0.60%,8.7,8.9,9.6,929,688,1.35,58.69%,62.20%,0.54907,2026-08-03
MU,829.5,2026-08-07,4,Put,740.00,-10.79%,8.65,8.83,9.1,957,707,1.35,88.82%,116.31%,-0.158266,2026-08-03
AMZN,284.02,2026-09-18,46,Put,275.00,-3.18%,8.2,8.42,8.55,961,711,1.35,32.92%,32.46%,-0.355572,2026-08-03
CIFR,24.16,2026-08-07,4,Put,21.00,-13.08%,0.57,0.61,0.74,1087,806,1.35,123.91%,193.26%,-0.213059,2026-08-03
ASTS,63.52,2026-08-07,4,Call,67.00,-5.48%,1.78,2.06,1.96,1186,877,1.35,112.70%,121.75%,0.362526,2026-08-03
FTNT,163.21,2026-09-18,46,Put,150.00,-8.09%,5.35,5.56,6.3,1238,915,1.35,50.90%,51.77%,-0.283458,2026-08-03
MCD,265.23,2026-08-07,4,Put,250.00,-5.74%,0.55,0.75,0.8,1648,1219,1.35,28.21%,46.42%,-0.106865,2026-08-03
DIS,98.14,2026-08-07,4,Call,103.00,-4.95%,1.15,1.2,1.35,591,441,1.34,35.94%,73.59%,0.278142,2026-08-03
JXN,126.17,2026-09-18,46,Put,110.00,-12.82%,1.2,2.85,3.3,801,598,1.34,49.18%,47.13%,-0.180997,2026-08-03
ASTS,63.52,2028-03-17,592,Call,75.00,-18.07%,29.5,29.8,30.35,804,601,1.34,112.70%,105.04%,0.723703,2026-08-03
CLSK,14.65,2026-08-07,4,Call,17.50,-19.45%,0.1,0.1,0.12,1097,819,1.34,103.83%,133.98%,0.116132,2026-08-03
MU,829.5,2026-08-07,4,Put,780.00,-5.97%,18,18.45,18.6,1143,850,1.34,88.82%,113.58%,-0.281,2026-08-03
SPCX,114.53,2026-08-14,11,Call,125.00,-9.14%,8,8.12,8.3,1163,870,1.34,114.99%,153.16%,0.423869,2026-08-03
SNDK,1288.03,2026-08-07,4,Put,600.00,-53.42%,0.05,0.12,0.15,1256,935,1.34,130.45%,246.73%,-0.00101,2026-08-03
RUN,10.43,2026-09-18,46,Call,12.00,-15.05%,0.8,0.83,0.9,1510,1131,1.34,97.82%,94.37%,0.406274,2026-08-03
NWL,6.36,2026-08-21,18,Call,7.00,-10.06%,0.05,0.15,0.15,1933,1446,1.34,61.25%,55.03%,0.233504,2026-08-03
SPCE,2.82,2026-08-14,11,Call,3.00,-6.38%,0.16,0.19,0.19,2571,1914,1.34,114.77%,126.21%,0.433328,2026-08-03
NBIS,212.58,2026-08-07,4,Call,210.00,+1.21%,15.95,16.51,16.9,2619,1954,1.34,140.81%,170.89%,0.563534,2026-08-03
AMD,484.64,2026-08-05,2,Call,550.00,-13.49%,3.9,3.97,4.05,2701,2022,1.34,78.90%,154.06%,0.146689,2026-08-03
SNDK,1288.03,2026-08-07,4,Call,"1,400.00",-8.69%,61.3,62.01,63.1,3631,2726,1.33,130.45%,194.62%,0.380036,2026-08-03
BAC,62.48,2027-01-15,165,Call,67.50,-8.03%,2.23,2.26,2.42,4241,3180,1.33,21.44%,24.11%,0.364798,2026-08-03
GME,19.06,2026-09-18,46,Call,35.00,-83.63%,0.09,0.1,0.16,5502,4145,1.33,54.65%,96.07%,0.051627,2026-08-03
ORCL,141.85,2026-08-21,18,Call,170.00,-19.84%,1.58,1.64,1.74,18567,13969,1.33,74.50%,72.62%,0.150174,2026-08-03
SOFI,18.03,2026-10-16,74,Call,13.00,+27.90%,5,5.25,5.45,507,380,1.33,51.85%,49.35%,0.947071,2026-08-03
MU,829.5,2026-08-07,4,Call,860.00,-3.68%,25.35,25.5,26.1,756,568,1.33,88.82%,110.54%,0.400959,2026-08-03
GOOGL,373.51,2026-08-28,25,Call,375.00,-0.40%,12.3,13.08,13.6,844,634,1.33,33.76%,33.99%,0.510228,2026-08-03
MU,829.5,2026-08-07,4,Put,770.00,-7.17%,15.05,15.35,15.7,881,660,1.33,88.82%,113.97%,-0.246204,2026-08-03
META,590.24,2026-08-14,11,Call,700.00,-18.60%,0.4,0.49,0.57,1380,1038,1.33,38.89%,49.20%,0.026048,2026-08-03
GME,19.06,2026-08-07,4,Put,20.00,+4.93%,1.13,1.31,1.23,1526,1151,1.33,54.65%,72.22%,-0.726763,2026-08-03
SPCX,114.53,2026-08-21,18,Call,112.00,+2.21%,14.2,14.38,15,533,404,1.32,114.99%,132.05%,0.590529,2026-08-03
KTOS,49.21,2026-08-07,4,Call,55.00,-11.77%,0.7,0.85,1,594,451,1.32,82.52%,131.39%,0.230512,2026-08-03
AAOI,110.21,2026-08-07,4,Call,115.00,-4.35%,9,9.34,9.6,595,451,1.32,149.13%,245.67%,0.485911,2026-08-03
SPCE,2.82,2026-08-07,4,Put,3.00,+6.38%,0.25,0.27,0.28,634,481,1.32,114.77%,131.68%,-0.647293,2026-08-03
FRMI,6.03,2026-08-14,11,Call,6.50,-7.79%,0.5,0.6,0.6,652,495,1.32,144.43%,175.82%,0.464239,2026-08-03
BIDU,113.06,2026-09-18,46,Put,85.00,-24.82%,0.28,0.55,1.01,830,629,1.32,54.94%,56.39%,-0.060971,2026-08-03
CHTR,144.1,2026-08-21,18,Call,170.00,-17.97%,0.85,1.2,2.9,832,631,1.32,59.17%,70.57%,0.167246,2026-08-03
NVTS,11.52,2026-08-07,4,Call,12.50,-8.51%,0.27,0.31,0.32,1746,1319,1.32,117.31%,134.42%,0.306048,2026-08-03
REPL,11.91,2026-08-07,4,Call,12.00,-0.76%,1.5,1.95,2.5,1921,1456,1.32,218.66%,412.34%,0.578984,2026-08-03
GOOGL,373.51,2026-09-18,46,Call,430.00,-15.12%,2.8,3,3.15,2180,1649,1.32,33.76%,33.54%,0.138519,2026-08-03
USAR,15.86,2026-08-07,4,Call,16.00,-0.88%,0.65,0.67,0.75,2630,1996,1.32,105.51%,115.08%,0.496239,2026-08-03
SNDK,1288.03,2026-08-07,4,Put,"1,000.00",-22.36%,15.5,15.85,16,2744,2072,1.32,130.45%,211.69%,-0.104795,2026-08-03
WBD,26.09,2027-07-16,347,Call,30.00,-14.99%,0,0.98,5,2761,2089,1.32,29.66%,35.10%,0.449825,2026-08-03
SOFI,18.03,2026-08-28,25,Call,19.00,-5.38%,0.58,0.62,0.6,3979,3024,1.32,51.85%,50.98%,0.379242,2026-08-03
ASTS,63.52,2026-08-21,18,Call,70.00,-10.20%,4.4,4.49,4.6,4536,3449,1.32,112.70%,122.97%,0.415783,2026-08-03
PLTR,125.65,2026-08-07,4,Call,130.00,-3.46%,5.9,5.94,6,30506,23073,1.32,69.95%,148.45%,0.44481,2026-08-03
NFLX,73.33,2026-08-14,11,Call,75.00,-2.28%,1.27,1.3,1.3,4199,3204,1.31,36.36%,38.55%,0.387158,2026-08-03
SOFI,18.03,2026-08-14,11,Call,17.50,+2.94%,0.95,0.95,0.99,5578,4269,1.31,51.85%,53.65%,0.647556,2026-08-03
MSFT,487.65,2026-11-20,109,Put,500.00,+2.53%,38.5,39.09,40.05,521,399,1.31,30.51%,32.60%,-0.506623,2026-08-03
AMD,484.64,2026-08-07,4,Put,475.00,-1.99%,20.15,20.5,20.8,527,401,1.31,78.90%,125.25%,-0.412409,2026-08-03
ON,80.4,2026-09-18,46,Put,60.00,-25.37%,1.7,1.85,1.92,559,428,1.31,87.17%,85.45%,-0.129165,2026-08-03
RBLX,36.67,2026-09-18,46,Call,35.00,+4.55%,4.45,4.84,4.6,695,529,1.31,70.12%,69.97%,0.629564,2026-08-03
SNOW,307.53,2026-08-07,4,Put,287.50,-6.51%,2.53,2.52,3,738,563,1.31,69.66%,77.95%,-0.191993,2026-08-03
SO,92.94,2026-08-07,4,Call,95.00,-2.22%,0.15,0.4,0.55,802,613,1.31,20.72%,27.55%,0.228263,2026-08-03
SPCX,114.53,2026-08-07,4,Call,122.00,-6.52%,6.9,7.05,7.2,944,719,1.31,114.99%,209.89%,0.430165,2026-08-03
WU,6.55,2026-11-20,109,Call,7.00,-6.87%,0.4,0.47,0.55,1470,1124,1.31,52.59%,51.11%,0.418481,2026-08-03
XRX,3.13,2028-01-21,536,Put,3.00,-4.15%,1.2,1.4,1.55,2002,1532,1.31,121.11%,109.51%,-0.236478,2026-08-03
SNDK,1288.03,2026-08-07,4,Call,"1,450.00",-12.58%,46.9,44.99,48.8,557,430,1.3,130.45%,193.46%,0.314992,2026-08-03
UPST,29.43,2026-08-21,18,Call,30.00,-1.94%,2.22,2.34,2.38,582,449,1.3,88.64%,97.14%,0.510857,2026-08-03
SNOW,307.53,2026-08-07,4,Call,327.50,-6.49%,2.75,3.39,3.25,702,538,1.3,69.66%,74.87%,0.224042,2026-08-03
EGO,32.1,2026-08-21,18,Call,36.00,-12.15%,0.4,0.5,0.55,711,549,1.3,57.46%,58.97%,0.211746,2026-08-03
SPCX,114.53,2026-08-07,4,Put,78.00,-31.90%,0.2,0.3,0.25,728,561,1.3,114.99%,195.47%,-0.023781,2026-08-03
NFLX,73.33,2026-08-07,4,Put,74.00,+0.91%,1.61,1.68,1.71,1112,858,1.3,36.36%,42.68%,-0.569313,2026-08-03
TSLA,322.08,2026-08-05,2,Call,352.50,-9.44%,0.25,0.27,0.27,1156,887,1.3,45.15%,68.54%,0.040102,2026-08-03
FLUT,105.96,2026-08-21,18,Put,100.00,-5.62%,4,4.4,4.4,1351,1036,1.3,61.72%,75.01%,-0.329983,2026-08-03
AAPL,303.42,2026-08-05,2,Put,290.00,-4.42%,0.19,0.21,0.3,1899,1458,1.3,27.49%,40.24%,-0.061879,2026-08-03
SPCX,114.53,2026-08-14,11,Call,145.00,-26.60%,4.1,4.16,4.3,2235,1714,1.3,114.99%,164.10%,0.247657,2026-08-03
PLTR,125.65,2026-08-07,4,Call,170.00,-35.30%,0.23,0.25,0.25,3080,2364,1.3,69.95%,150.12%,0.032714,2026-08-03
QBTS,19.98,2026-08-07,4,Call,19.00,+4.90%,1.66,1.73,1.73,3657,2820,1.3,102.39%,139.43%,0.662872,2026-08-03
AAPL,303.42,2026-08-07,4,Put,295.00,-2.78%,1.15,1.15,1.25,4792,3698,1.3,27.49%,33.11%,-0.200853,2026-08-03
MSFT,487.65,2026-08-14,11,Call,510.00,-4.58%,3.3,3.45,3.55,5544,4264,1.3,30.51%,32.18%,0.223926,2026-08-03
CRWV,85.76,2026-08-07,4,Call,80.00,+6.72%,7.85,7.92,8,9398,7252,1.3,112.95%,128.49%,0.721461,2026-08-03
SPCX,114.53,2026-08-07,4,Put,98.00,-14.43%,2.9,3,3,2198,1705,1.29,114.99%,200.94%,-0.198233,2026-08-03
PZZA,31.07,2026-09-18,46,Call,42.50,-36.79%,0.6,0.95,1.05,2515,1947,1.29,92.00%,84.97%,0.184094,2026-08-03
NOW,114.19,2026-08-07,4,Call,110.00,+3.67%,5.7,5.95,6,2676,2077,1.29,60.69%,70.78%,0.707825,2026-08-03
AMZN,284.02,2026-08-14,11,Call,280.00,+1.42%,9.1,9.35,9.55,3327,2575,1.29,32.92%,35.61%,0.609981,2026-08-03
IREN,39.75,2026-08-07,4,Call,45.00,-13.21%,0.62,0.65,0.66,4885,3787,1.29,123.05%,136.06%,0.212709,2026-08-03
HPE,50.24,2026-09-18,46,Call,65.00,-29.38%,1.98,2.08,2.14,6683,5191,1.29,82.87%,87.79%,0.254182,2026-08-03
MSFT,487.65,2026-09-18,46,Call,480.00,+1.57%,25.35,26,26.3,12827,9951,1.29,30.51%,30.41%,0.592376,2026-08-03
PCG,17.43,2026-08-07,4,Call,17.50,-0.40%,0.22,0.34,0.35,522,405,1.29,55.78%,43.42%,0.476227,2026-08-03
CLSK,14.65,2026-08-14,11,Call,16.50,-12.63%,0.44,0.53,0.55,535,416,1.29,103.83%,111.06%,0.303344,2026-08-03
BAC,62.48,2026-08-07,4,Put,63.00,+0.83%,0.81,0.85,0.88,593,459,1.29,21.44%,21.14%,-0.639442,2026-08-03
PG,144.97,2026-11-20,109,Call,150.00,-3.47%,5.2,5.45,5.65,643,499,1.29,22.78%,23.58%,0.424924,2026-08-03
BMY,65.47,2026-08-07,4,Put,64.00,-2.25%,0.37,0.35,0.52,668,518,1.29,31.49%,37.55%,-0.275131,2026-08-03
UUUU,12.15,2026-09-18,46,Call,15.00,-23.46%,0.56,0.6,0.65,958,743,1.29,87.85%,85.74%,0.299844,2026-08-03
DGXX,3.85,2026-08-21,18,Call,5.00,-29.87%,0.05,0.1,0.2,1093,847,1.29,120.34%,129.42%,0.223752,2026-08-03
TSM,406.11,2026-08-07,4,Call,425.00,-4.65%,3,3.25,3.25,1130,875,1.29,47.72%,56.32%,0.230741,2026-08-03
INTC,91,2026-08-05,2,Put,77.00,-15.38%,0.05,0.1,0.15,500,392,1.28,81.59%,123.18%,-0.030093,2026-08-03
ARM,239.06,2026-08-14,11,Call,300.00,-25.49%,1.53,1.61,1.8,553,431,1.28,86.14%,94.17%,0.096709,2026-08-03
MS,211.23,2026-08-07,4,Put,195.00,-7.68%,0.12,0.17,0.24,615,482,1.28,32.16%,45.27%,-0.04323,2026-08-03
HIMS,30.82,2026-08-07,4,Call,32.50,-5.45%,0.59,0.69,0.67,670,523,1.28,101.28%,98.15%,0.322259,2026-08-03
NVDA,206.64,2026-08-10,7,Call,225.00,-8.89%,0.26,0.27,0.3,672,525,1.28,41.35%,38.60%,0.060036,2026-08-03
VRT,263.05,2026-09-18,46,Put,135.00,-48.68%,0.03,0.27,0.33,841,656,1.28,71.44%,81.14%,-0.006672,2026-08-03
SBUX,103.37,2026-10-16,74,Put,105.00,+1.58%,5.7,5.47,6.1,857,669,1.28,29.14%,27.83%,-0.517037,2026-08-03
PLTR,125.65,2026-08-14,11,Call,180.00,-43.26%,0.2,0.24,0.26,931,727,1.28,69.95%,103.34%,0.028214,2026-08-03
KNX,68.42,2026-08-21,18,Put,65.00,-5.00%,0.85,0.8,1.15,1103,859,1.28,37.44%,39.71%,-0.261714,2026-08-03
NKE,42.64,2026-08-07,4,Put,42.00,-1.50%,0.41,0.42,0.44,1447,1133,1.28,37.87%,39.54%,-0.349719,2026-08-03
BMY,65.47,2026-08-14,11,Call,65.00,+0.72%,1.5,1.88,2.02,1555,1212,1.28,31.49%,33.57%,0.559985,2026-08-03
IONQ,38.85,2026-08-21,18,Put,25.00,-35.65%,0.1,0.14,0.2,1873,1468,1.28,103.30%,117.62%,-0.034022,2026-08-03
NBIS,212.58,2026-08-21,18,Put,90.00,-57.66%,0.33,0.37,0.45,1919,1495,1.28,140.81%,186.80%,-0.011208,2026-08-03
SRAD,12.34,2027-01-15,165,Call,15.00,-21.56%,0.95,1.1,1.35,2103,1639,1.28,57.48%,59.46%,0.403265,2026-08-03
AMZN,284.02,2026-09-18,46,Put,280.00,-1.42%,9.95,10.55,10.6,2452,1910,1.28,32.92%,31.84%,-0.415093,2026-08-03
SPCX,114.53,2026-08-14,11,Put,105.00,-8.32%,7.1,7.1,7.3,3270,2556,1.28,114.99%,150.21%,-0.320198,2026-08-03
ONDS,8.37,2026-08-07,4,Put,8.00,-4.42%,0.24,0.25,0.25,3308,2580,1.28,111.77%,118.42%,-0.333775,2026-08-03
AAPL,303.42,2026-11-20,109,Call,310.00,-2.17%,17,17.2,17.4,3382,2648,1.28,27.49%,28.37%,0.502036,2026-08-03
AMZN,284.02,2026-08-14,11,Call,285.00,-0.35%,6.5,6.52,6.8,3882,3034,1.28,32.92%,35.45%,0.497032,2026-08-03
WBD,26.09,2026-09-18,46,Call,27.00,-3.49%,0.38,0.55,0.55,10150,7907,1.28,29.66%,21.24%,0.361287,2026-08-03
MRVL,193.77,2026-08-07,4,Call,200.00,-3.22%,6.1,6.2,6.3,4360,3429,1.27,96.40%,108.82%,0.413983,2026-08-03
NFLX,73.33,2026-08-07,4,Call,73.00,+0.45%,1.47,1.46,1.5,10498,8277,1.27,36.36%,42.48%,0.552754,2026-08-03
NVDA,206.64,2026-08-07,4,Call,210.00,-1.63%,2.33,2.35,2.38,60556,47590,1.27,41.35%,43.38%,0.372609,2026-08-03
ORCL,141.85,2028-09-15,774,Call,320.00,-125.59%,22,23,26.5,501,395,1.27,74.50%,68.53%,0.38756,2026-08-03
SNDK,1288.03,2026-08-07,4,Put,"1,300.00",+0.93%,108.6,109.1,112.6,545,429,1.27,130.45%,194.19%,-0.476992,2026-08-03
NBIS,212.58,2026-08-28,25,Put,200.00,-5.92%,24.4,25.15,25.75,599,470,1.27,140.81%,145.72%,-0.360951,2026-08-03
SBUX,103.37,2026-11-20,109,Call,105.00,-1.58%,6,6.58,6.55,645,508,1.27,29.14%,30.43%,0.502651,2026-08-03
SNAP,5.04,2026-08-14,11,Put,5.50,+9.13%,0.73,0.75,0.8,673,528,1.27,93.05%,138.95%,-0.59421,2026-08-03
JOBY,7.38,2026-08-14,11,Put,7.00,-5.15%,0.32,0.34,0.35,684,538,1.27,87.56%,101.63%,-0.347112,2026-08-03
NVDA,206.64,2026-09-04,32,Put,160.00,-22.57%,0.54,0.59,0.61,690,542,1.27,41.35%,52.70%,-0.041439,2026-08-03
AMZN,284.02,2026-08-28,25,Call,285.00,-0.35%,9.55,9.68,10,730,575,1.27,32.92%,33.42%,0.51307,2026-08-03
IONQ,38.85,2026-08-07,4,Call,38.00,+2.19%,2.76,2.96,3.1,731,576,1.27,103.30%,154.34%,0.587136,2026-08-03
AXTI,68.67,2028-01-21,536,Call,200.00,-191.25%,22.2,23.95,26,803,634,1.27,148.48%,130.56%,0.560814,2026-08-03
VRT,263.05,2026-08-07,4,Call,260.00,+1.16%,11.55,11.61,13.45,858,673,1.27,71.44%,99.43%,0.566635,2026-08-03
CLF,11.22,2027-01-15,165,Put,7.00,-37.61%,0.3,0.31,0.31,1051,825,1.27,65.35%,68.42%,-0.101085,2026-08-03
BAC,62.48,2026-08-14,11,Call,64.00,-2.43%,0.3,0.31,0.35,1128,889,1.27,21.44%,19.96%,0.254437,2026-08-03
GOOG,372.47,2026-11-20,109,Call,390.00,-4.71%,22.95,23.78,24.3,1257,990,1.27,33.27%,36.17%,0.46806,2026-08-03
RBLX,36.67,2026-08-07,4,Call,39.50,-7.72%,0.26,0.36,0.45,1422,1118,1.27,70.12%,82.30%,0.207453,2026-08-03
SLB,49.31,2026-08-07,4,Call,50.00,-1.40%,0.45,0.49,0.55,609,484,1.26,32.47%,38.36%,0.373431,2026-08-03
MSFT,487.65,2026-08-21,18,Call,535.00,-9.71%,1.38,1.47,1.51,644,511,1.26,30.51%,30.63%,0.095458,2026-08-03
USAR,15.86,2026-08-14,11,Call,20.00,-26.10%,0.2,0.2,0.24,680,539,1.26,105.51%,115.44%,0.146454,2026-08-03
TSLA,322.08,2026-10-16,74,Call,385.00,-19.54%,8.7,8.72,8.85,706,559,1.26,45.15%,47.00%,0.24135,2026-08-03
TSLA,322.08,2026-08-05,2,Put,292.50,-9.18%,0.14,0.16,0.16,727,578,1.26,45.15%,67.06%,-0.024462,2026-08-03
OKLO,41.22,2026-08-07,4,Call,46.00,-11.60%,0.89,0.92,0.95,745,593,1.26,99.44%,145.66%,0.260823,2026-08-03
GOOGL,373.51,2026-08-14,11,Put,330.00,-11.65%,0.35,0.39,0.44,750,595,1.26,33.76%,40.89%,-0.036449,2026-08-03
HOOD,90.34,2026-08-07,4,Call,85.00,+5.91%,6.1,6.63,6.65,879,700,1.26,68.36%,80.34%,0.779747,2026-08-03
AMD,484.64,2026-08-07,4,Call,525.00,-8.33%,10.2,10.8,10.95,922,729,1.26,78.90%,122.74%,0.289333,2026-08-03
SEDG,45.12,2026-08-21,18,Put,30.00,-33.51%,0.13,0.33,0.51,1041,828,1.26,113.40%,125.59%,-0.053835,2026-08-03
SNDK,1288.03,2026-08-07,4,Put,"1,100.00",-14.60%,33.4,34.5,34.8,1143,908,1.26,130.45%,204.88%,-0.199131,2026-08-03
REPL,11.91,2026-08-14,11,Put,3.00,-74.81%,0.1,0.15,0.2,1148,908,1.26,218.66%,530.45%,-0.025065,2026-08-03
META,590.24,2026-08-07,4,Call,580.00,+1.73%,17,17.4,18.25,1205,956,1.26,38.89%,47.75%,0.648868,2026-08-03
ON,80.4,2026-08-07,4,Call,95.00,-18.16%,0.7,0.7,0.78,1640,1297,1.26,87.17%,135.89%,0.135858,2026-08-03
AAPL,303.42,2026-08-28,25,Call,320.00,-5.46%,2.93,2.97,3.15,1676,1333,1.26,27.49%,27.04%,0.246688,2026-08-03
IREN,39.75,2026-09-18,46,Put,40.00,+0.63%,6.75,6.9,6.9,7834,6217,1.26,123.05%,121.24%,-0.417364,2026-08-03
CRM,185.95,2026-08-07,4,Call,200.00,-7.56%,0.52,0.6,0.61,2287,1824,1.25,49.85%,55.41%,0.110903,2026-08-03
AAPL,303.42,2026-08-07,4,Call,302.50,+0.30%,4.55,4.7,4.85,3007,2405,1.25,27.49%,32.93%,0.546052,2026-08-03
AMZN,284.02,2026-08-07,4,Put,265.00,-6.70%,0.32,0.35,0.35,4939,3959,1.25,32.92%,43.31%,-0.059437,2026-08-03
PLTR,125.65,2026-08-07,4,Call,160.00,-27.34%,0.51,0.55,0.55,12532,10018,1.25,69.95%,146.08%,0.066637,2026-08-03
SERV,5.65,2026-08-07,4,Call,5.00,+11.50%,0.72,0.73,0.77,580,463,1.25,110.70%,143.45%,0.813722,2026-08-03
SHAK,64.78,2026-09-18,46,Call,80.00,-23.49%,1.35,1.57,1.9,615,492,1.25,68.91%,64.26%,0.214567,2026-08-03
AAOI,110.21,2026-08-21,18,Call,130.00,-17.96%,8.5,8.77,9.8,763,609,1.25,149.13%,162.94%,0.393337,2026-08-03
JPM,352.64,2027-03-19,228,Put,290.00,-17.76%,6.1,6.7,6.9,825,660,1.25,21.87%,28.09%,-0.145987,2026-08-03
AAPL,303.42,2026-08-07,4,Put,307.50,+1.34%,6.15,6.87,6.8,1006,807,1.25,27.49%,32.80%,-0.642338,2026-08-03
IREN,39.75,2026-08-07,4,Call,35.00,+11.95%,5.25,5.48,5.6,1446,1155,1.25,123.05%,147.69%,0.816762,2026-08-03
PCG,17.43,2027-03-19,228,Put,15.00,-13.94%,0.76,0.9,0.99,1780,1420,1.25,55.78%,38.18%,-0.241702,2026-08-03
WULF,18.83,2026-08-07,4,Call,20.50,-8.87%,0.48,0.55,0.64,2082,1659,1.25,108.28%,149.78%,0.317492,2026-08-03
PLTR,125.65,2026-08-14,11,Call,170.00,-35.30%,0.38,0.43,0.43,825,666,1.24,69.95%,99.11%,0.047998,2026-08-03
PRU,122.98,2026-08-21,18,Put,120.00,-2.42%,1.95,2.7,3,908,730,1.24,29.98%,34.99%,-0.362621,2026-08-03
CRWD,202.54,2026-08-07,4,Call,195.00,+3.72%,10.1,10.2,10.55,1141,919,1.24,64.22%,69.05%,0.714503,2026-08-03
AXTI,68.67,2026-08-07,4,Call,70.00,-1.94%,4.5,4.67,5,1490,1205,1.24,148.48%,186.00%,0.500344,2026-08-03
LYFT,16.38,2026-08-07,4,Call,16.00,+2.32%,1.05,1.1,1.2,1691,1361,1.24,67.92%,136.06%,0.594381,2026-08-03
INTC,91,2026-08-07,4,Call,100.00,-9.89%,0.97,0.97,0.99,13651,10981,1.24,81.59%,99.01%,0.196288,2026-08-03
"Downloaded from Barchart.com as of 08-03-2026 06:46pm CDT"
