Symbol,Price~,"Exp Date",DTE,Type,Strike,Moneyness,Bid,Latest,Ask,Volume,"Open Int",Vol/OI,"Imp Vol",IV,Delta,Time
CORZ,16.51,2026-12-18,111,Call,27.00,-63.54%,0.34,0.5,0.7,40000,143,279.72,68.38%,75.00%,0.169986,2026-08-28
AMZN,266.43,2026-08-31,2,Put,265.00,-0.54%,1.24,1.28,1.29,26749,138,193.83,29.48%,24.39%,-0.375811,2026-08-28
SIRI,28.54,2026-09-04,6,Call,29.00,-1.61%,0.25,0.27,0.35,17430,116,150.26,33.18%,33.76%,0.363712,2026-08-28
SIRI,28.54,2026-09-04,6,Call,29.50,-3.36%,0.11,0.14,0.16,17326,144,120.32,33.18%,31.41%,0.211189,2026-08-28
META,578.02,2026-08-31,2,Put,577.50,-0.09%,4.35,4.8,5,11377,115,98.93,34.65%,29.16%,-0.476387,2026-08-28
PYPL,53.66,2026-09-04,6,Call,55.00,-2.50%,0.5,0.55,0.6,10827,116,93.34,32.48%,39.01%,0.322789,2026-08-28
PCG,16.6,2026-09-18,20,Call,17.50,-5.42%,0.52,0.6,0.7,44660,543,82.25,49.01%,62.13%,0.389018,2026-08-28
PCG,16.6,2027-06-17,292,Put,10.00,-39.76%,0,0.2,0.61,7820,103,75.92,49.01%,49.04%,-0.077158,2026-08-28
AMD,465.58,2026-10-02,34,Put,410.00,-11.94%,6.35,6.55,7.15,16694,224,74.53,48.44%,48.60%,-0.170556,2026-08-28
MSFT,513.53,2026-10-16,48,Call,595.00,-15.86%,1.38,1.56,1.7,17307,234,73.96,24.83%,26.33%,0.073065,2026-08-28
MSTR,127.31,2026-09-11,13,Call,131.00,-2.90%,4.8,4.99,5.2,10171,139,73.17,69.27%,68.09%,0.441145,2026-08-28
NVDA,217.55,2026-08-31,2,Put,235.00,+8.02%,15.95,17.08,17.7,10134,143,70.87,33.61%,45.06%,-0.991708,2026-08-28
NVDA,217.55,2026-08-31,2,Put,240.00,+10.32%,22.35,22.1,22.8,9500,160,59.38,33.61%,71.54%,-0.967079,2026-08-28
GOOGL,346.59,2026-08-31,2,Put,345.00,-0.46%,1.18,1.38,1.65,8482,151,56.17,27.59%,20.94%,-0.376574,2026-08-28
MSTR,127.31,2026-09-11,13,Call,137.00,-7.61%,3,3.09,3.35,10136,185,54.79,69.27%,69.63%,0.314634,2026-08-28
AMZN,266.43,2026-09-04,6,Put,267.50,+0.40%,4.4,4.5,4.55,8726,164,53.21,29.48%,29.24%,-0.530301,2026-08-28
TSLA,348.75,2026-08-31,2,Call,347.50,+0.36%,3.7,3.85,3.85,26058,513,50.8,38.82%,29.87%,0.572391,2026-08-28
AMZN,266.43,2026-08-31,2,Put,262.50,-1.48%,0.54,0.54,0.58,8343,167,49.96,29.48%,24.73%,-0.203077,2026-08-28
STM,49.38,2026-09-04,6,Call,54.00,-9.36%,0,0.21,2.3,6957,140,49.69,50.13%,109.25%,0.285985,2026-08-28
ASST,21.74,2026-09-18,20,Call,29.00,-33.39%,0.27,0.35,0.46,5143,108,47.62,100.01%,104.56%,0.147575,2026-08-28
ACN,189.61,2026-11-20,83,Call,240.00,-26.58%,3.7,3.9,4,5034,107,47.05,48.21%,48.11%,0.180322,2026-08-28
NVDA,217.55,2026-10-02,34,Put,200.00,-8.07%,2.52,2.54,2.62,66511,1453,45.77,33.61%,34.78%,-0.191911,2026-08-28
CORZ,16.51,2026-12-18,111,Call,18.00,-9.02%,2.14,2.09,2.35,15016,331,45.37,68.38%,75.84%,0.512158,2026-08-28
INTC,89.47,2026-10-02,34,Call,110.00,-22.95%,1.31,1.32,1.36,24238,540,44.89,56.28%,61.87%,0.162459,2026-08-28
CORZ,16.51,2027-01-15,139,Call,26.00,-57.48%,0.78,0.9,1.05,10005,235,42.57,68.38%,76.80%,0.244971,2026-08-28
MSTR,127.31,2026-09-11,13,Call,133.00,-4.47%,4.1,4.75,4.5,5184,123,42.15,69.27%,68.49%,0.395994,2026-08-28
IREN,35.45,2027-06-17,292,Put,15.00,-57.69%,1.08,1.31,1.38,12598,299,42.13,79.92%,91.21%,-0.06727,2026-08-28
AMD,465.58,2026-09-18,20,Put,435.00,-6.57%,7.8,8,8.35,4218,101,41.76,48.44%,47.55%,-0.247709,2026-08-28
NVDA,217.55,2026-08-31,2,Put,232.50,+6.87%,13.8,14.45,15.45,4219,103,40.96,33.61%,39.60%,-0.990676,2026-08-28
DAL,80.07,2026-09-04,6,Call,83.00,-3.66%,0.37,0.36,0.46,6021,149,40.41,37.08%,33.97%,0.213598,2026-08-28
MSTR,127.31,2026-09-04,6,Call,143.00,-12.32%,0.86,0.89,1.04,8344,207,40.31,69.27%,81.39%,0.145506,2026-08-28
PCG,16.6,2026-09-25,27,Call,19.00,-14.46%,0.05,0.23,0.47,4243,107,39.65,49.01%,54.19%,0.202948,2026-08-28
MSFT,513.53,2026-09-11,13,Call,555.00,-8.08%,0.45,0.55,0.53,5785,146,39.62,24.83%,24.39%,0.050365,2026-08-28
MSTR,127.31,2026-09-04,6,Call,136.00,-6.83%,1.87,1.9,2,15409,406,37.95,69.27%,76.28%,0.267544,2026-08-28
AMZN,266.43,2026-08-31,2,Call,267.50,-0.40%,1.35,1.4,1.43,32175,860,37.41,29.48%,23.52%,0.4168,2026-08-28
MCHP,72.93,2026-09-04,6,Call,76.00,-4.21%,0.5,0.7,0.7,3758,101,37.21,45.69%,44.95%,0.247056,2026-08-28
MCHP,72.93,2026-09-04,6,Call,78.00,-6.95%,0.25,0.38,0.3,3736,103,36.27,45.69%,45.56%,0.131712,2026-08-28
MSFT,513.53,2026-08-31,2,Call,517.50,-0.77%,1.3,1.49,1.5,10324,296,34.88,24.83%,19.34%,0.301672,2026-08-28
AGNC,10.9,2026-09-18,20,Put,10.50,-3.67%,0.05,0.11,0.15,20605,591,34.86,20.10%,25.01%,-0.253542,2026-08-28
RUM,8.98,2026-09-25,27,Call,11.00,-22.49%,0.2,0.3,0.4,3542,102,34.73,84.21%,92.37%,0.25099,2026-08-28
RSI,26.41,2026-10-16,48,Call,25.00,+5.34%,2.65,2.7,2.75,10673,309,34.54,47.72%,49.50%,0.663726,2026-08-28
GH,161.5,2026-09-18,20,Put,150.00,-7.12%,3.2,3.5,3.5,4336,129,33.61,53.47%,54.25%,-0.254996,2026-08-28
DAR,64.32,2026-09-18,20,Call,65.00,-1.06%,2.3,2.32,2.55,6041,183,33.01,44.43%,44.64%,0.488282,2026-08-28
CMG,38.03,2026-09-04,6,Put,37.50,-1.39%,0.37,0.42,0.42,6824,213,32.04,34.13%,32.75%,-0.356687,2026-08-28
JBLU,4.8,2026-09-11,13,Call,5.00,-4.17%,0.06,0.14,0.16,8735,284,30.76,59.75%,51.95%,0.36157,2026-08-28
XOM,156.71,2026-09-11,13,Call,175.00,-11.67%,0.09,0.1,0.1,11761,404,29.11,27.46%,30.13%,0.028278,2026-08-28
MSTR,127.31,2026-09-04,6,Call,137.00,-7.61%,1.68,1.75,1.78,19515,673,29,69.27%,76.67%,0.244733,2026-08-28
SPCX,141.5,2026-09-11,13,Put,132.00,-6.71%,1.62,1.63,1.7,5802,202,28.72,50.11%,49.58%,-0.211326,2026-08-28
SMCI,37.08,2026-09-04,6,Call,38.50,-3.83%,0.81,0.85,0.89,30247,1064,28.43,70.35%,74.67%,0.367494,2026-08-28
AMZN,266.43,2026-08-31,2,Put,257.50,-3.35%,0.1,0.11,0.11,8208,293,28.01,29.48%,27.69%,-0.046222,2026-08-28
SMCI,37.08,2026-09-04,6,Call,41.50,-11.92%,0.26,0.29,0.31,11188,401,27.9,70.35%,80.44%,0.150409,2026-08-28
CHWY,23.26,2027-01-15,139,Call,47.50,-104.21%,0.01,0.11,0.36,5353,195,27.45,64.54%,63.24%,0.055153,2026-08-28
MU,932.86,2026-08-31,2,Put,885.00,-5.13%,0.81,0.95,0.97,2926,107,27.35,57.53%,47.03%,-0.062348,2026-08-28
DAL,80.07,2026-09-04,6,Call,82.00,-2.41%,0.57,0.62,0.69,5928,217,27.32,37.08%,33.19%,0.298452,2026-08-28
HOOD,104.26,2026-09-04,6,Call,109.00,-4.55%,1.42,1.47,1.52,9084,341,26.64,58.25%,60.42%,0.298903,2026-08-28
MSTR,127.31,2026-09-04,6,Put,103.00,-19.10%,0.15,0.19,0.17,5057,192,26.34,69.27%,89.07%,-0.027591,2026-08-28
META,578.02,2026-08-31,2,Put,575.00,-0.52%,3.4,3.5,3.7,3989,157,25.41,34.65%,29.09%,-0.397,2026-08-28
MSTR,127.31,2026-09-04,6,Call,131.00,-2.90%,3.2,3.3,3.4,10028,407,24.64,69.27%,74.16%,0.402559,2026-08-28
CRM,256,2026-09-04,6,Put,255.00,-0.39%,4.5,5.35,5.3,2485,102,24.36,38.87%,41.62%,-0.457195,2026-08-28
AXP,333.2,2026-09-04,6,Call,337.50,-1.29%,1.97,2.43,2.58,2561,106,24.16,23.83%,23.43%,0.345174,2026-08-28
TSLA,348.75,2026-08-31,2,Call,342.50,+1.79%,7.1,7.3,7.4,10723,450,23.83,38.82%,30.64%,0.793205,2026-08-28
TSLA,348.75,2026-08-31,2,Call,352.50,-1.08%,1.62,1.61,1.68,25335,1086,23.33,38.82%,30.47%,0.32485,2026-08-28
APLD,25.34,2026-09-04,6,Put,24.50,-3.31%,0.52,0.62,0.67,3645,161,22.64,82.69%,75.53%,-0.343893,2026-08-28
RUN,8.78,2027-02-19,174,Put,8.00,-8.88%,1.2,1.2,1.28,5353,244,21.94,62.46%,72.91%,-0.321495,2026-08-28
MSFT,513.53,2026-08-31,2,Put,505.00,-1.66%,0.5,0.55,0.69,3015,138,21.85,24.83%,21.45%,-0.141807,2026-08-28
AI,10.53,2026-09-04,6,Call,10.50,+0.28%,0.71,0.75,0.76,40859,1899,21.52,82.49%,133.47%,0.542098,2026-08-28
AAPL,319.7,2026-09-09,11,Call,330.00,-3.22%,1.73,1.81,1.95,7865,366,21.49,24.43%,24.16%,0.23833,2026-08-28
TSLA,348.75,2026-08-31,2,Put,347.50,-0.36%,2.49,2.57,2.57,24984,1189,21.01,38.82%,30.57%,-0.429626,2026-08-28
FCX,76.45,2026-09-04,6,Put,77.00,+0.72%,1.91,2.31,2.67,3545,170,20.85,48.81%,51.51%,-0.527862,2026-08-28
AI,10.53,2026-09-04,6,Call,11.00,-4.46%,0.51,0.5,0.56,41146,1981,20.77,82.49%,135.33%,0.435844,2026-08-28
ENPH,37.25,2026-09-04,6,Put,40.00,+7.38%,2.82,2.95,3.45,3040,147,20.68,63.99%,68.57%,-0.777371,2026-08-28
FCX,76.45,2026-09-04,6,Put,76.00,-0.59%,1.37,1.68,1.97,3154,153,20.61,48.81%,48.78%,-0.447519,2026-08-28
TSLA,348.75,2026-08-31,2,Put,352.50,+1.08%,4.75,5.37,5.55,13626,668,20.4,38.82%,28.43%,-0.688509,2026-08-28
CRM,256,2026-09-18,20,Put,255.00,-0.39%,7.95,8.6,8.85,2273,112,20.29,38.87%,38.04%,-0.458958,2026-08-28
IREN,35.45,2026-09-04,6,Call,36.00,-1.55%,1.21,1.28,1.28,2494,123,20.28,79.92%,81.85%,0.464709,2026-08-28
MSFT,513.53,2026-08-31,2,Call,515.00,-0.29%,2.05,2.38,2.59,13036,649,20.09,24.83%,19.51%,0.428693,2026-08-28
AMZN,266.43,2026-09-02,4,Put,260.00,-2.41%,0.92,0.95,0.99,3217,162,19.86,29.48%,29.29%,-0.205025,2026-08-28
AMZN,266.43,2026-08-31,2,Put,270.00,+1.34%,4,4.1,4.35,2734,138,19.81,29.48%,24.21%,-0.766972,2026-08-28
RIVN,16.07,2028-06-16,657,Put,13.00,-19.10%,2.84,3.2,4.45,4001,203,19.71,55.14%,73.82%,-0.225434,2026-08-28
RUN,8.78,2027-02-19,174,Put,9.00,+2.51%,1.75,1.78,1.85,6500,332,19.58,62.46%,73.13%,-0.410329,2026-08-28
ANGI,5.04,2026-11-20,83,Call,7.50,-48.81%,0.2,0.2,0.25,4009,205,19.56,94.86%,85.66%,0.227146,2026-08-28
TSLA,348.75,2026-09-02,4,Put,355.00,+1.79%,8.6,8.9,9.3,10880,559,19.46,38.82%,36.30%,-0.670667,2026-08-28
MSFT,513.53,2026-09-02,4,Call,515.00,-0.29%,4.25,4.52,4.75,4354,226,19.27,24.83%,23.87%,0.464477,2026-08-28
LQDA,67.69,2026-09-04,6,Put,58.00,-14.32%,1,1.3,1.4,1984,103,19.26,111.25%,139.85%,-0.169948,2026-08-28
TSLA,348.75,2026-08-31,2,Put,357.50,+2.51%,8.95,9.15,9.7,7714,401,19.24,38.82%,31.73%,-0.85142,2026-08-28
AMZN,266.43,2026-10-02,34,Call,285.00,-6.97%,3.35,3.5,3.6,7890,419,18.83,29.48%,29.49%,0.25294,2026-08-28
SHOP,152.9,2026-09-04,6,Put,145.00,-5.17%,0.58,0.79,0.98,4172,223,18.71,43.16%,44.24%,-0.165203,2026-08-28
GPRE,14.66,2026-09-18,20,Call,15.00,-2.32%,0.65,0.7,0.7,7292,391,18.65,58.33%,60.26%,0.463212,2026-08-28
KLAC,175.54,2026-09-04,6,Call,185.00,-5.39%,1.1,1.7,1.8,2387,128,18.65,53.15%,51.32%,0.224474,2026-08-28
IREN,35.45,2026-09-25,27,Call,47.00,-32.58%,0.4,0.4,0.66,2524,136,18.56,79.92%,85.59%,0.139246,2026-08-28
TSLA,348.75,2026-08-31,2,Call,345.00,+1.08%,5.25,5.25,5.55,16409,891,18.42,38.82%,30.53%,0.690957,2026-08-28
TSLA,348.75,2026-08-31,2,Put,360.00,+3.23%,10.95,11.1,12.1,7789,435,17.91,38.82%,31.29%,-0.913907,2026-08-28
LOW,208.05,2026-09-04,6,Call,215.00,-3.34%,0.7,0.74,0.8,1976,111,17.8,27.03%,28.01%,0.186387,2026-08-28
MRVL,216.62,2026-09-04,6,Call,237.50,-9.64%,1.5,1.65,1.71,3396,192,17.69,61.00%,69.57%,0.163374,2026-08-28
AMZN,266.43,2026-08-31,2,Put,260.00,-2.41%,0.22,0.23,0.24,17906,1012,17.69,29.48%,25.67%,-0.095986,2026-08-28
TSLA,348.75,2026-08-31,2,Put,350.00,+0.36%,3.65,3.85,3.85,25539,1451,17.6,38.82%,30.24%,-0.556419,2026-08-28
MU,932.86,2026-08-31,2,Put,920.00,-1.38%,5.8,6.39,6.5,3834,220,17.43,57.53%,42.07%,-0.320315,2026-08-28
KDP,32.18,2028-01-21,510,Call,40.00,-24.30%,1.5,1.85,2,2000,115,17.39,22.98%,27.00%,0.308051,2026-08-28
CVX,201.86,2026-09-18,20,Call,205.00,-1.56%,3.5,3.6,3.6,3901,225,17.34,25.33%,26.12%,0.412062,2026-08-28
SMR,9.29,2026-10-02,34,Call,12.00,-29.17%,0.19,0.27,0.27,5197,302,17.21,79.12%,83.94%,0.195537,2026-08-28
RIOT,18.99,2026-09-04,6,Put,18.50,-2.58%,0.48,0.5,0.54,12050,704,17.12,78.57%,76.51%,-0.374205,2026-08-28
MU,932.86,2026-08-31,2,Call,925.00,+0.84%,14.65,15.75,18.25,3392,199,17.05,57.53%,43.77%,0.611583,2026-08-28
PCG,16.6,2026-10-16,48,Put,15.00,-9.64%,0.3,0.36,0.4,11096,651,17.04,49.01%,41.97%,-0.223027,2026-08-28
CBRS,179.08,2026-09-04,6,Call,180.00,-0.51%,5.9,6.1,6.5,4851,286,16.96,72.92%,71.90%,0.498791,2026-08-28
GOOGL,346.59,2026-09-02,4,Put,342.50,-1.18%,1.69,1.9,2.1,1709,101,16.92,27.59%,25.13%,-0.316808,2026-08-28
PCG,16.6,2026-09-04,6,Call,17.50,-5.42%,0.38,0.37,0.4,10051,595,16.89,49.01%,86.54%,0.33832,2026-08-28
AAPL,319.7,2026-09-04,6,Put,317.50,-0.69%,2.68,2.8,2.89,4502,271,16.61,24.43%,23.62%,-0.398177,2026-08-28
NVDA,217.55,2026-09-04,6,Put,207.50,-4.62%,0.81,0.83,0.85,26257,1597,16.44,33.61%,37.03%,-0.151502,2026-08-28
TSLA,348.75,2026-08-31,2,Put,355.00,+1.79%,7.1,7.1,7.45,14189,864,16.42,38.82%,31.70%,-0.770887,2026-08-28
AAPL,319.7,2026-08-31,2,Call,327.50,-2.44%,0.11,0.13,0.14,5805,358,16.22,24.43%,20.66%,0.05974,2026-08-28
CHWY,23.26,2026-09-18,20,Call,26.00,-11.78%,0.55,0.62,0.68,1926,122,15.79,64.54%,70.47%,0.280745,2026-08-28
NVDA,217.55,2026-08-31,2,Call,217.50,+0.02%,2,2.02,2.04,27700,1759,15.75,33.61%,30.76%,0.5116,2026-08-28
MSFT,513.53,2026-09-25,27,Call,570.00,-11.00%,0.96,1.16,1.16,5116,325,15.74,24.83%,24.95%,0.070488,2026-08-28
NVDA,217.55,2026-08-31,2,Put,217.50,-0.02%,1.89,1.89,1.99,37912,2423,15.65,33.61%,30.85%,-0.48898,2026-08-28
NEM,127.98,2026-10-16,48,Put,105.00,-17.96%,0.69,0.8,1.06,10025,641,15.64,42.19%,43.57%,-0.087826,2026-08-28
AMZN,266.43,2026-08-31,2,Call,272.50,-2.28%,0.28,0.3,0.31,5172,336,15.39,29.48%,25.49%,0.120169,2026-08-28
RDW,10.87,2026-10-02,34,Call,15.00,-37.99%,0.15,0.2,0.25,5035,331,15.21,83.06%,88.47%,0.148016,2026-08-28
TSLA,348.75,2026-08-31,2,Call,357.50,-2.51%,0.6,0.62,0.64,16451,1096,15.01,38.82%,31.53%,0.148819,2026-08-28
GAP,23.48,2027-01-15,139,Call,27.00,-14.99%,0.85,1.23,1.51,8305,556,14.94,34.16%,41.26%,0.338075,2026-08-28
AMZN,266.43,2026-11-20,83,Call,295.00,-10.72%,8.6,8.63,8.8,47980,3235,14.83,29.48%,35.73%,0.32158,2026-08-28
MSTR,127.31,2026-09-04,6,Call,134.00,-5.25%,2.34,2.4,2.53,4802,324,14.82,69.27%,75.93%,0.318678,2026-08-28
PATH,18.15,2026-09-04,6,Put,17.00,-6.34%,0.65,0.84,0.75,1671,113,14.79,83.29%,132.72%,-0.318171,2026-08-28
AMZN,266.43,2026-08-31,2,Call,252.50,+5.23%,13.7,12.88,14.4,3941,267,14.76,29.48%,37.36%,0.975168,2026-08-28
MSFT,513.53,2026-08-31,2,Put,510.00,-0.69%,1.25,1.49,1.65,5950,406,14.66,24.83%,19.21%,-0.307832,2026-08-28
RIOT,18.99,2026-09-04,6,Call,19.00,-0.05%,0.73,0.75,0.77,3391,234,14.49,78.57%,77.18%,0.520013,2026-08-28
META,578.02,2026-09-02,4,Call,577.50,+0.09%,8.3,8.72,8.75,2756,191,14.43,34.65%,33.81%,0.521211,2026-08-28
MRVL,216.62,2026-09-04,6,Call,230.00,-6.18%,2.68,2.7,3,9625,668,14.41,61.00%,67.67%,0.26082,2026-08-28
AAPL,319.7,2026-09-02,4,Call,317.50,+0.69%,4.1,4.4,4.55,6738,472,14.28,24.43%,22.76%,0.624306,2026-08-28
CRM,256,2026-09-18,20,Put,260.00,+1.56%,10.65,11.3,11.75,2403,170,14.14,38.87%,38.51%,-0.545257,2026-08-28
CRM,256,2026-09-04,6,Put,260.00,+1.56%,7.1,7.64,8,2212,159,13.91,38.87%,40.80%,-0.603944,2026-08-28
PYPL,53.66,2026-09-04,6,Call,54.00,-0.63%,0.83,0.86,0.91,3103,223,13.91,32.48%,37.09%,0.460049,2026-08-28
S,21.54,2026-09-04,6,Call,24.00,-11.42%,0.1,0.15,0.15,4846,350,13.85,53.61%,71.77%,0.130758,2026-08-28
TSLA,348.75,2026-08-31,2,Call,350.00,-0.36%,2.53,2.55,2.6,36836,2677,13.76,38.82%,30.24%,0.444422,2026-08-28
BP,42.15,2026-11-20,83,Call,45.00,-6.76%,1.33,1.38,1.41,7288,531,13.73,28.78%,31.23%,0.35038,2026-08-28
PLTR,186.29,2026-09-04,6,Put,190.00,+1.99%,6.35,6.5,6.6,1781,130,13.7,45.55%,46.12%,-0.616726,2026-08-28
MSFT,513.53,2026-09-04,6,Put,502.50,-2.15%,2.3,2.44,2.58,1691,124,13.64,24.83%,25.39%,-0.243043,2026-08-28
DLO,15.03,2026-10-16,48,Call,16.00,-6.45%,0.45,0.5,0.6,2041,151,13.52,40.42%,42.07%,0.363401,2026-08-28
NOW,144.71,2026-09-04,6,Call,146.00,-0.89%,3.45,3.65,3.65,1418,105,13.5,52.85%,55.49%,0.467803,2026-08-28
MSFT,513.53,2026-09-18,20,Put,520.00,+1.26%,14,14.55,14.75,3909,291,13.43,24.83%,23.35%,-0.572091,2026-08-28
META,578.02,2026-08-31,2,Put,580.00,+0.34%,5.6,5.7,6.3,1936,145,13.35,34.65%,28.94%,-0.55663,2026-08-28
TSLA,348.75,2026-08-31,2,Call,362.50,-3.94%,0.2,0.21,0.21,10984,829,13.25,38.82%,32.69%,0.057333,2026-08-28
DOCU,64,2026-09-04,6,Call,70.00,-9.38%,1.17,1.51,1.56,1787,135,13.24,66.16%,104.75%,0.275666,2026-08-28
BABA,118.9,2026-09-04,6,Put,118.00,-0.76%,1.8,2.06,2.1,3463,263,13.17,41.27%,39.22%,-0.4296,2026-08-28
RIOT,18.99,2026-09-04,6,Put,19.50,+2.69%,0.97,1.05,1.11,9266,706,13.12,78.57%,77.69%,-0.583893,2026-08-28
CCI,76.14,2026-09-18,20,Call,75.00,+1.50%,2.25,2.6,2.85,2007,153,13.12,30.09%,27.93%,0.598582,2026-08-28
NVDA,217.55,2026-08-31,2,Call,220.00,-1.13%,0.98,1.01,1.02,92918,7133,13.03,33.61%,30.59%,0.317173,2026-08-28
SMCI,37.08,2026-10-02,34,Call,46.00,-24.06%,0.68,0.88,1.01,1342,104,12.9,70.35%,73.33%,0.201582,2026-08-28
MU,932.86,2026-08-31,2,Call,935.00,-0.23%,9.8,10.35,10.5,3859,300,12.86,57.53%,40.26%,0.47789,2026-08-28
PCG,16.6,2026-09-04,6,Put,16.00,-3.61%,0.26,0.35,0.37,14211,1116,12.73,49.01%,68.08%,-0.319325,2026-08-28
NVDA,217.55,2026-10-09,41,Put,190.00,-12.66%,1.61,1.66,1.73,1556,123,12.65,33.61%,37.07%,-0.11921,2026-08-28
CRCL,87.14,2026-09-04,6,Call,94.00,-7.87%,1.18,1.18,1.34,1555,123,12.64,75.99%,80.21%,0.24834,2026-08-28
APH,157.74,2026-10-16,48,Put,135.00,-14.42%,1.65,1.9,2.15,3692,293,12.6,42.00%,43.72%,-0.139075,2026-08-28
IREN,35.45,2026-09-04,6,Put,32.00,-9.73%,0.29,0.3,0.32,7474,597,12.52,79.92%,81.85%,-0.150712,2026-08-28
DKNG,25.26,2026-09-18,20,Call,26.00,-2.93%,0.9,1.02,1.11,1964,157,12.51,52.12%,55.28%,0.443104,2026-08-28
BB,8.16,2026-09-25,27,Put,8.00,-1.96%,0.51,0.66,0.6,1577,127,12.42,64.52%,73.26%,-0.416928,2026-08-28
GOOGL,346.59,2026-08-31,2,Put,342.50,-1.18%,0.68,0.81,0.82,2115,171,12.37,27.59%,22.01%,-0.227511,2026-08-28
MSFT,513.53,2026-08-31,2,Call,520.00,-1.26%,0.79,0.85,0.95,11765,951,12.37,24.83%,20.05%,0.204575,2026-08-28
QCOM,164.19,2026-09-11,13,Call,170.00,-3.54%,2.15,2.27,2.38,5602,455,12.31,40.24%,36.35%,0.320573,2026-08-28
AMZN,266.43,2026-09-02,4,Call,265.00,+0.54%,3.85,4.02,4.05,9471,770,12.3,29.48%,28.15%,0.583526,2026-08-28
INTC,89.47,2026-09-11,13,Put,83.00,-7.23%,1.02,1.08,1.18,5210,424,12.29,56.28%,52.82%,-0.208161,2026-08-28
KLAC,175.54,2026-09-04,6,Call,190.00,-8.24%,0.7,0.93,1.2,2547,210,12.13,53.15%,56.82%,0.148424,2026-08-28
META,578.02,2026-08-31,2,Call,575.00,+0.52%,6.35,6.45,6.9,6438,531,12.12,34.65%,28.82%,0.604339,2026-08-28
CRCL,87.14,2026-09-04,6,Call,89.00,-2.13%,2.57,2.62,2.78,1569,130,12.07,75.99%,77.86%,0.438128,2026-08-28
AAPL,319.7,2026-09-04,6,Call,290.00,+9.29%,29.35,29.94,31.35,1520,126,12.06,24.43%,49.16%,0.943711,2026-08-28
M,22.01,2026-09-04,6,Call,22.00,+0.05%,0.41,0.48,0.52,1336,112,11.93,51.67%,40.86%,0.513909,2026-08-28
WHR,41.15,2028-12-15,839,Put,20.00,-51.40%,2.65,2.9,3,1500,127,11.81,47.85%,57.18%,-0.103248,2026-08-28
ASST,21.74,2026-09-04,6,Call,26.00,-19.60%,0.08,0.23,0.25,2578,219,11.77,100.01%,110.14%,0.116548,2026-08-28
MRVL,216.62,2026-09-04,6,Call,200.00,+7.67%,17.5,18,19.9,2025,174,11.64,61.00%,71.06%,0.823324,2026-08-28
SNDK,1484.98,2026-09-04,6,Put,"1,270.00",-14.48%,2.55,2.76,2.9,1405,122,11.52,69.02%,74.36%,-0.045148,2026-08-28
MU,932.86,2026-08-31,2,Put,925.00,-0.84%,7.5,7.98,8.6,1956,170,11.51,57.53%,42.38%,-0.385616,2026-08-28
NVDA,217.55,2026-08-31,2,Put,222.50,+2.28%,4.25,5.15,5.55,22525,1980,11.38,33.61%,25.13%,-0.885645,2026-08-28
APLD,25.34,2026-09-04,6,Call,26.00,-2.60%,0.69,0.7,0.84,1603,141,11.37,82.69%,80.50%,0.42396,2026-08-28
SOFI,18.06,2026-10-02,34,Put,18.50,+2.44%,1.21,1.28,1.5,2161,190,11.37,49.75%,51.89%,-0.522905,2026-08-28
CIFR,15.17,2026-09-04,6,Put,16.00,+5.47%,1.19,1.25,1.3,14208,1252,11.35,97.04%,96.06%,-0.643444,2026-08-28
IREN,35.45,2026-11-20,83,Call,35.00,+1.27%,6,6.2,6.45,4310,383,11.25,79.92%,88.25%,0.602883,2026-08-28
MU,932.86,2026-08-31,2,Put,930.00,-0.31%,9.5,10.13,10.05,4158,370,11.24,57.53%,40.80%,-0.451405,2026-08-28
NVDA,217.55,2026-09-02,4,Call,222.50,-2.28%,1.38,1.4,1.43,13637,1217,11.21,33.61%,35.73%,0.283092,2026-08-28
IREN,35.45,2026-09-04,6,Call,35.00,+1.27%,1.7,1.86,1.75,3775,343,11.01,79.92%,82.08%,0.571307,2026-08-28
MU,932.86,2026-08-31,2,Call,950.00,-1.84%,4.75,4.85,5,12534,1142,10.98,57.53%,41.02%,0.281621,2026-08-28
IREN,35.45,2026-09-04,6,Put,35.50,+0.14%,1.42,1.62,1.62,1965,179,10.98,79.92%,82.97%,-0.482282,2026-08-28
PAAS,52.87,2028-01-21,510,Call,90.00,-70.23%,4.9,5.82,5.8,2042,186,10.98,50.70%,54.78%,0.324025,2026-08-28
AGI,36.75,2026-09-18,20,Put,32.00,-12.93%,0.15,0.25,0.4,3507,320,10.96,50.26%,52.99%,-0.116854,2026-08-28
MDT,91.23,2026-09-04,6,Call,93.00,-1.94%,1.47,1.64,1.87,2191,200,10.96,29.33%,52.05%,0.399805,2026-08-28
NBIS,209.18,2026-09-25,27,Call,215.00,-2.78%,15.25,16.1,16.6,1328,122,10.89,81.39%,80.36%,0.498391,2026-08-28
AMZN,266.43,2026-08-31,2,Call,265.00,+0.54%,2.63,2.7,2.8,27307,2513,10.87,29.48%,23.98%,0.626768,2026-08-28
NVDA,217.55,2026-08-31,2,Put,220.00,+1.13%,3.35,3.4,3.55,57764,5363,10.77,33.61%,31.19%,-0.680341,2026-08-28
TSLA,348.75,2026-08-31,2,Call,355.00,-1.79%,1.01,1.06,1.06,26975,2521,10.7,38.82%,31.05%,0.225804,2026-08-28
AMZN,266.43,2026-08-31,2,Put,267.50,+0.40%,2.25,2.4,2.54,6412,606,10.58,29.48%,23.31%,-0.585192,2026-08-28
KEEL,3.22,2026-10-02,34,Call,4.00,-24.22%,0.16,0.18,0.21,5131,486,10.56,94.82%,108.62%,0.31624,2026-08-28
PURR,11.61,2027-03-19,202,Call,17.00,-46.43%,1.85,2.2,2.3,2651,251,10.56,101.96%,101.38%,0.460435,2026-08-28
BILI,16.6,2027-01-15,139,Put,16.00,-3.61%,1.28,1.53,1.63,4033,383,10.53,39.48%,45.97%,-0.378608,2026-08-28
RBLX,38.53,2026-09-04,6,Call,41.00,-6.41%,0.3,0.35,0.51,1163,111,10.48,56.42%,62.52%,0.233405,2026-08-28
GOOGL,346.59,2026-08-31,2,Call,352.50,-1.71%,0.43,0.47,0.49,3709,355,10.45,27.59%,22.16%,0.155879,2026-08-28
OKLO,40.14,2026-10-02,34,Call,55.00,-37.02%,0.54,0.58,0.86,1267,122,10.39,75.45%,85.80%,0.144858,2026-08-28
MU,932.86,2026-08-31,2,Call,940.00,-0.77%,7.9,8.2,9,5324,515,10.34,57.53%,41.95%,0.411462,2026-08-28
MSFT,513.53,2026-08-31,2,Call,512.50,+0.20%,3.35,3.7,3.7,4905,475,10.33,24.83%,19.38%,0.562875,2026-08-28
TSLA,348.75,2026-08-31,2,Call,360.00,-3.23%,0.34,0.35,0.37,27543,2678,10.28,38.82%,31.95%,0.093075,2026-08-28
MU,932.86,2026-08-31,2,Call,975.00,-4.52%,1.18,1.24,1.34,2441,239,10.21,57.53%,43.92%,0.090644,2026-08-28
AAPL,319.7,2026-08-31,2,Call,322.50,-0.88%,0.55,0.69,0.69,25281,2478,10.2,24.43%,17.29%,0.254268,2026-08-28
MSTR,127.31,2026-09-04,6,Put,123.00,-3.39%,2.73,2.68,2.85,1609,158,10.18,69.27%,72.76%,-0.336744,2026-08-28
AKAM,107.47,2026-09-11,13,Call,119.00,-10.73%,0.05,0.67,1.05,1017,100,10.17,50.85%,44.88%,0.125935,2026-08-28
SPCX,141.5,2026-09-04,6,Put,142.00,+0.35%,3.8,3.95,3.95,2346,231,10.16,50.11%,50.48%,-0.505928,2026-08-28
NVDA,217.55,2026-08-31,2,Call,222.50,-2.28%,0.42,0.43,0.45,55968,5528,10.12,33.61%,30.81%,0.166606,2026-08-28
MU,932.86,2026-08-31,2,Call,930.00,+0.31%,12.15,12.8,13,7121,705,10.1,57.53%,39.95%,0.54983,2026-08-28
KLAC,175.54,2026-11-20,83,Call,222.00,-26.47%,6.5,6.5,7.6,1262,125,10.1,53.15%,61.03%,0.261898,2026-08-28
CRWD,218.4,2026-09-04,6,Call,217.50,+0.41%,7.15,7.28,7.35,1948,193,10.09,50.97%,60.34%,0.539741,2026-08-28
IREN,35.45,2026-09-04,6,Call,37.00,-4.37%,0.87,0.88,1.03,4270,424,10.07,79.92%,86.39%,0.372349,2026-08-28
MARA,10.67,2026-09-04,6,Call,11.50,-7.78%,0.19,0.2,0.2,17457,1783,9.79,83.89%,88.84%,0.275725,2026-08-28
MTCH,41.58,2026-12-18,111,Call,50.00,-20.25%,0.65,0.77,1.1,1006,103,9.77,31.57%,35.62%,0.207601,2026-08-28
AAPL,319.7,2026-09-02,4,Call,322.50,-0.88%,1.74,1.87,1.9,3465,355,9.76,24.43%,22.16%,0.363611,2026-08-28
AMD,465.58,2026-09-04,6,Call,505.00,-8.47%,1.54,2.01,1.83,2423,249,9.73,48.44%,51.23%,0.115949,2026-08-28
MSFT,513.53,2026-08-31,2,Call,530.00,-3.21%,0.07,0.1,0.3,1292,134,9.64,24.83%,25.19%,0.046982,2026-08-28
LRCX,301.9,2026-09-04,6,Call,325.00,-7.65%,1.88,2.2,2.38,1296,135,9.6,56.79%,59.32%,0.177637,2026-08-28
TSLA,348.75,2026-08-31,2,Call,365.00,-4.66%,0.12,0.12,0.13,17994,1887,9.54,38.82%,33.87%,0.036238,2026-08-28
META,578.02,2026-08-31,2,Call,592.50,-2.51%,0.89,0.92,0.99,1526,160,9.54,34.65%,30.62%,0.141763,2026-08-28
BTDR,10.32,2026-09-04,6,Call,10.50,-1.74%,0.4,0.45,0.55,1669,175,9.54,97.11%,104.83%,0.47726,2026-08-28
INTC,89.47,2026-08-31,2,Call,90.00,-0.59%,0.8,0.82,0.85,12528,1317,9.51,56.28%,40.11%,0.429169,2026-08-28
TSLA,348.75,2026-09-02,4,Call,352.50,-1.08%,3.75,3.84,3.85,4061,429,9.47,38.82%,36.99%,0.402598,2026-08-28
SKHY,161.04,2026-09-18,20,Put,157.50,-2.20%,7,7.5,7.7,7739,817,9.47,62.85%,61.51%,-0.406097,2026-08-28
PLTR,186.29,2026-09-04,6,Put,187.50,+0.65%,4.9,5.04,5.15,3262,346,9.43,45.55%,46.54%,-0.528296,2026-08-28
BRZE,34.53,2026-09-18,20,Call,35.00,-1.36%,2.35,2.75,2.9,2531,269,9.41,81.47%,87.13%,0.518115,2026-08-28
CIFR,15.17,2026-09-04,6,Put,15.00,-1.12%,0.45,0.63,0.65,12851,1367,9.4,97.04%,82.36%,-0.434788,2026-08-28
CSCO,109.93,2026-09-18,20,Call,112.00,-1.88%,1.98,2.06,2.14,1027,110,9.34,28.25%,28.30%,0.408303,2026-08-28
AMZN,266.43,2026-09-02,4,Put,262.50,-1.48%,1.43,1.57,1.62,1389,149,9.32,29.48%,28.39%,-0.299254,2026-08-28
CRCL,87.14,2027-06-17,292,Call,125.00,-43.45%,14.95,15.9,16.55,2476,267,9.27,75.99%,82.45%,0.469197,2026-08-28
COIN,178.64,2026-10-02,34,Put,172.50,-3.44%,8.85,11.15,11.55,1890,204,9.26,62.80%,62.26%,-0.384498,2026-08-28
BBWI,19.22,2026-09-18,20,Call,19.00,+1.14%,0.95,1.2,1.3,2024,219,9.24,51.65%,56.94%,0.559262,2026-08-28
PURR,11.61,2026-09-04,6,Put,11.00,-5.25%,0.35,0.4,0.4,2069,224,9.24,101.96%,110.15%,-0.32403,2026-08-28
PCG,16.6,2026-09-04,6,Call,18.00,-8.43%,0.18,0.23,0.28,22208,2403,9.24,49.01%,81.78%,0.23693,2026-08-28
AMD,465.58,2026-08-31,2,Put,450.00,-3.35%,0.72,0.72,0.78,2618,286,9.15,48.44%,38.79%,-0.113895,2026-08-28
NKE,39.6,2026-09-18,20,Call,41.50,-4.80%,0.4,0.42,0.44,2673,292,9.15,38.49%,29.78%,0.260443,2026-08-28
NXT,85.44,2027-01-15,139,Put,70.00,-18.07%,5.1,6,6.5,1151,126,9.13,59.74%,65.24%,-0.233764,2026-08-28
RIOT,18.99,2026-09-04,6,Put,21.00,+10.58%,2.11,2.31,2.52,5110,562,9.09,78.57%,99.65%,-0.764684,2026-08-28
HOOD,104.26,2026-09-04,6,Call,114.00,-9.34%,0.55,0.55,0.6,7612,837,9.09,58.25%,61.98%,0.140786,2026-08-28
AVGO,368.79,2026-08-31,2,Put,367.50,-0.35%,2.47,2.71,2.81,1126,124,9.08,49.45%,30.06%,-0.430675,2026-08-28
META,578.02,2026-08-31,2,Call,582.50,-0.78%,2.77,3.05,3.25,3388,376,9.01,34.65%,28.54%,0.36448,2026-08-28
KHC,25.7,2026-09-18,20,Call,24.50,+4.67%,1.22,1.24,1.29,1404,157,8.94,27.00%,18.69%,0.868731,2026-08-28
DOW,30.51,2027-01-15,139,Call,15.00,+50.84%,15.3,15.55,16.1,1210,137,8.83,39.28%,79.38%,0.954619,2026-08-28
NVDA,217.55,2026-09-09,11,Put,207.50,-4.62%,1.3,1.35,1.4,1537,174,8.83,33.61%,32.91%,-0.191715,2026-08-28
AMD,465.58,2026-08-31,2,Call,470.00,-0.95%,3.15,3.4,3.55,2456,278,8.83,48.44%,37.87%,0.376012,2026-08-28
META,578.02,2026-08-31,2,Call,577.50,+0.09%,5.05,5.16,5.25,6464,734,8.81,34.65%,28.33%,0.524691,2026-08-28
LX,1.18,2026-10-16,48,Call,1.0000,+15.25%,0.2,0.2,0.3,3910,445,8.79,97.86%,112.05%,0.697961,2026-08-28
BRK.B,505,2026-09-04,6,Put,500.00,-0.99%,1.36,1.55,1.6,2369,270,8.77,13.82%,13.63%,-0.271725,2026-08-28
ARWR,84.91,2026-09-18,20,Put,85.00,+0.11%,2.95,3.9,4.4,2044,234,8.74,50.34%,46.75%,-0.476427,2026-08-28
INTC,89.47,2026-08-31,2,Call,92.00,-2.83%,0.27,0.26,0.3,10525,1211,8.69,56.28%,41.85%,0.189618,2026-08-28
AMZN,266.43,2026-09-11,13,Call,272.50,-2.28%,3.15,3.25,3.35,2000,231,8.66,29.48%,27.90%,0.353064,2026-08-28
MSFT,513.53,2026-08-31,2,Put,502.50,-2.15%,0.09,0.33,0.36,907,105,8.64,24.83%,19.85%,-0.067451,2026-08-28
MRNA,137.99,2028-01-21,510,Put,13.00,-90.58%,0.06,0.12,0.15,4120,477,8.64,72.29%,85.45%,-0.001892,2026-08-28
BTDR,10.32,2026-09-25,27,Call,11.00,-6.59%,0.6,0.75,0.95,1003,117,8.57,97.11%,92.82%,0.453846,2026-08-28
CRWV,84.23,2026-09-04,6,Call,86.00,-2.10%,2.2,2.28,2.31,1329,155,8.57,70.60%,69.82%,0.428205,2026-08-28
IREN,35.45,2026-09-04,6,Put,34.50,-2.68%,0.96,0.96,1.08,1601,187,8.56,79.92%,81.30%,-0.375389,2026-08-28
INTC,89.47,2026-09-02,4,Put,90.00,+0.59%,2.13,2.23,2.27,2473,289,8.56,56.28%,51.73%,-0.530728,2026-08-28
MSTR,127.31,2026-09-04,6,Call,139.00,-9.18%,1.35,1.5,1.51,5786,678,8.53,69.27%,78.57%,0.207291,2026-08-28
EIX,70.17,2026-09-18,20,Put,60.00,-14.49%,0.1,0.47,0.6,4943,581,8.51,41.11%,51.11%,-0.086223,2026-08-28
CBRS,179.08,2026-09-04,6,Call,185.00,-3.31%,3.9,4.15,4.4,1920,226,8.5,72.92%,71.53%,0.381205,2026-08-28
TSLA,348.75,2026-09-02,4,Call,347.50,+0.36%,5.9,5.95,6.15,2057,242,8.5,38.82%,36.48%,0.549166,2026-08-28
MRVL,216.62,2028-01-21,510,Put,250.00,+15.41%,81.15,81.45,83,1007,119,8.46,61.00%,66.87%,-0.404646,2026-08-28
AVGO,368.79,2026-08-31,2,Call,377.50,-2.36%,0.58,0.6,0.75,1724,205,8.41,49.45%,30.47%,0.154688,2026-08-28
CRM,256,2026-09-11,13,Put,260.00,+1.56%,8.9,9.05,9.75,955,114,8.38,38.87%,37.55%,-0.568416,2026-08-28
TSLA,348.75,2026-09-04,6,Put,357.50,+2.51%,11.5,12.35,12.85,2464,294,8.38,38.82%,39.21%,-0.677523,2026-08-28
ASST,21.74,2026-10-09,41,Call,26.50,-21.90%,1.13,1.91,1.97,2555,305,8.38,100.01%,105.87%,0.356086,2026-08-28
NVTS,11.49,2026-09-25,27,Call,15.00,-30.55%,0.16,0.14,0.22,3848,461,8.35,84.95%,84.91%,0.152136,2026-08-28
MSFT,513.53,2026-10-16,48,Call,545.00,-6.13%,7.75,8.25,8.5,17459,2091,8.35,24.83%,25.36%,0.28816,2026-08-28
SKHY,161.04,2026-09-18,20,Call,185.00,-14.88%,2.3,2.6,2.85,7901,949,8.33,62.85%,64.42%,0.202876,2026-08-28
MDB,446.62,2026-09-04,6,Call,490.00,-9.71%,18.9,20.05,22.8,1608,193,8.33,86.20%,161.74%,0.366723,2026-08-28
AMD,465.58,2026-09-04,6,Call,477.50,-2.56%,6.75,7.05,7.25,1632,196,8.33,48.44%,49.47%,0.360359,2026-08-28
PYPL,53.66,2026-09-04,6,Put,50.00,-6.82%,0.08,0.1,0.12,2367,284,8.33,32.48%,39.94%,-0.078841,2026-08-28
RKLB,64.39,2026-09-04,6,Call,72.00,-11.82%,0.28,0.32,0.33,4871,589,8.27,67.54%,69.27%,0.113767,2026-08-28
MU,932.86,2026-08-31,2,Put,905.00,-2.99%,2.62,2.85,2.81,1017,123,8.27,57.53%,43.46%,-0.167463,2026-08-28
IREN,35.45,2026-11-20,83,Put,31.00,-12.55%,3.2,3.32,3.5,3759,455,8.26,79.92%,85.97%,-0.291562,2026-08-28
AMZN,266.43,2026-09-04,6,Call,272.50,-2.28%,1.77,1.8,1.83,6781,821,8.26,29.48%,29.71%,0.288858,2026-08-28
MARA,10.67,2026-09-04,6,Call,11.00,-3.09%,0.33,0.33,0.34,30031,3636,8.26,83.89%,86.59%,0.415466,2026-08-28
AMZN,266.43,2026-08-31,2,Call,270.00,-1.34%,0.63,0.64,0.72,17851,2170,8.23,29.48%,24.61%,0.238633,2026-08-28
RIOT,18.99,2026-09-04,6,Put,17.50,-7.85%,0.19,0.22,0.22,1142,139,8.22,78.57%,77.19%,-0.189261,2026-08-28
NVDA,217.55,2026-08-31,2,Call,225.00,-3.42%,0.18,0.18,0.2,121364,14814,8.19,33.61%,32.15%,0.081423,2026-08-28
AMZN,266.43,2026-09-02,4,Call,260.00,+2.41%,7.25,7.6,7.5,5172,633,8.17,29.48%,27.85%,0.806789,2026-08-28
NVDA,217.55,2026-09-02,4,Call,217.50,+0.02%,3.25,3.3,3.35,7241,889,8.15,33.61%,35.64%,0.513589,2026-08-28
NOW,144.71,2026-09-04,6,Call,144.00,+0.49%,4.4,4.53,4.8,977,120,8.14,52.85%,56.78%,0.544656,2026-08-28
CRM,256,2026-09-04,6,Call,257.50,-0.59%,4.65,5,5.35,1090,134,8.13,38.87%,43.13%,0.472336,2026-08-28
MU,932.86,2026-08-31,2,Call,945.00,-1.30%,6,6.25,7.5,2081,256,8.13,57.53%,42.47%,0.348498,2026-08-28
AMZN,266.43,2026-08-31,2,Call,262.50,+1.48%,4.35,4.67,4.7,10621,1306,8.13,29.48%,24.44%,0.800003,2026-08-28
NKE,39.6,2026-09-18,20,Put,39.50,-0.25%,1.2,1.3,1.31,1759,217,8.11,38.49%,35.28%,-0.471458,2026-08-28
META,578.02,2026-08-31,2,Call,595.00,-2.94%,0.65,0.7,0.75,4353,539,8.08,34.65%,31.31%,0.109357,2026-08-28
LQDA,67.69,2026-09-04,6,Call,75.00,-10.80%,1.4,1.87,2.05,1275,158,8.07,111.25%,122.07%,0.283231,2026-08-28
UNP,307.41,2026-09-18,20,Call,240.00,+21.93%,65.7,67.3,69.1,1200,149,8.05,22.29%,32.28%,0.998584,2026-08-28
MU,932.86,2026-08-31,2,Put,900.00,-3.52%,1.96,2.05,2.16,4639,577,8.04,57.53%,44.26%,-0.132131,2026-08-28
PDD,85.69,2026-12-18,111,Put,65.00,-24.15%,0.53,0.8,0.85,15581,1941,8.03,31.40%,39.27%,-0.075897,2026-08-28
SHOP,152.9,2026-09-04,6,Call,157.50,-3.01%,1.57,1.66,1.86,2458,306,8.03,43.16%,44.35%,0.314734,2026-08-28
AAPL,319.7,2026-09-02,4,Put,307.50,-3.82%,0.27,0.28,0.32,2872,359,8,24.43%,26.21%,-0.074377,2026-08-28
INTC,89.47,2026-09-02,4,Call,96.00,-7.30%,0.26,0.29,0.32,1765,221,7.99,56.28%,55.08%,0.117563,2026-08-28
NVDA,217.55,2026-09-02,4,Call,227.50,-4.57%,0.53,0.56,0.57,16530,2080,7.95,33.61%,37.21%,0.131409,2026-08-28
PURR,11.61,2026-09-04,6,Put,12.00,+3.36%,0.85,0.93,0.95,1334,168,7.94,101.96%,114.62%,-0.558951,2026-08-28
TSLA,348.75,2026-09-02,4,Call,357.50,-2.51%,2.22,2.25,2.29,2239,283,7.91,38.82%,37.47%,0.273589,2026-08-28
TSLA,348.75,2026-09-02,4,Call,355.00,-1.79%,2.9,2.9,2.97,6274,793,7.91,38.82%,37.12%,0.334525,2026-08-28
CDE,21.13,2026-09-18,20,Put,21.00,-0.62%,1.1,1.12,1.4,1058,134,7.9,65.38%,67.74%,-0.449372,2026-08-28
SNDK,1484.98,2026-09-18,20,Call,900.00,+39.39%,578.5,600.9,595.5,2050,260,7.88,69.02%,79.67%,0.99735,2026-08-28
CAT,800.25,2026-09-04,6,Put,750.00,-6.28%,1.45,1.52,1.6,2451,311,7.88,36.39%,37.68%,-0.084452,2026-08-28
META,578.02,2026-08-31,2,Put,572.50,-0.95%,2.43,2.62,2.79,1045,133,7.86,34.65%,28.94%,-0.320594,2026-08-28
COHR,279.2,2026-09-04,6,Put,255.00,-8.67%,1.8,2.15,2.5,1092,139,7.86,70.32%,72.63%,-0.152423,2026-08-28
MRVL,216.62,2026-09-04,6,Call,225.00,-3.87%,3.8,4,4.1,4034,516,7.82,61.00%,65.13%,0.342384,2026-08-28
MSFT,513.53,2026-09-04,6,Call,532.50,-3.69%,1.12,1.19,1.44,984,126,7.81,24.83%,26.14%,0.146519,2026-08-28
WULF,15.35,2026-09-04,6,Call,15.00,+2.28%,0.76,0.85,1,880,113,7.79,82.06%,92.39%,0.59115,2026-08-28
AMZN,266.43,2026-09-02,4,Put,257.50,-3.35%,0.52,0.57,0.68,948,122,7.77,29.48%,30.54%,-0.137022,2026-08-28
AMD,465.58,2026-08-31,2,Put,475.00,+2.02%,10.55,10.9,11.65,1103,142,7.77,48.44%,36.95%,-0.762674,2026-08-28
TSLA,348.75,2026-08-31,2,Put,342.50,-1.79%,0.95,0.99,1,8139,1048,7.77,38.82%,31.20%,-0.211192,2026-08-28
FCX,76.45,2026-09-04,6,Call,77.00,-0.72%,1.51,1.7,1.8,790,102,7.75,48.81%,48.47%,0.46934,2026-08-28
MRVL,216.62,2026-09-04,6,Call,232.50,-7.33%,2.19,2.45,2.45,824,107,7.7,61.00%,67.88%,0.222776,2026-08-28
MU,932.86,2026-08-31,2,Put,935.00,+0.23%,11.75,12.59,12.75,2749,357,7.7,57.53%,40.73%,-0.522256,2026-08-28
BA,209.82,2026-09-04,6,Put,207.50,-1.11%,1.76,1.84,2.04,2724,355,7.67,28.72%,27.29%,-0.368849,2026-08-28
CPNG,16.52,2027-01-15,139,Put,12.00,-27.36%,0.09,0.33,0.51,1493,195,7.66,43.00%,49.68%,-0.107758,2026-08-28
AMZN,266.43,2026-08-31,2,Call,257.50,+3.35%,8.8,9.27,9.45,7314,956,7.65,29.48%,29.55%,0.942766,2026-08-28
SBUX,107.85,2027-06-17,292,Put,75.00,-30.46%,0.66,1.6,2.34,1252,164,7.63,26.26%,34.80%,-0.08522,2026-08-28
IREN,35.45,2026-09-04,6,Call,39.00,-10.01%,0.4,0.46,0.48,1126,148,7.61,79.92%,85.84%,0.209867,2026-08-28
PL,19.98,2026-09-18,20,Call,24.00,-20.12%,1,1.09,1.25,5683,747,7.61,111.71%,130.10%,0.328788,2026-08-28
TSLA,348.75,2026-09-09,11,Call,380.00,-8.96%,1.02,1.08,1.12,1046,138,7.58,38.82%,37.45%,0.101937,2026-08-28
AMD,465.58,2026-08-31,2,Call,490.00,-5.25%,0.26,0.29,0.3,1790,236,7.58,48.44%,41.00%,0.048204,2026-08-28
AFRM,77.76,2026-09-04,6,Call,85.00,-9.31%,0.36,0.41,0.49,2262,299,7.57,52.60%,61.67%,0.140305,2026-08-28
MRVL,216.62,2026-09-04,6,Put,202.50,-6.52%,1.71,1.8,2,1388,186,7.46,61.00%,62.55%,-0.18748,2026-08-28
NOW,144.71,2026-09-04,6,Call,160.00,-10.57%,0.43,0.49,0.51,976,131,7.45,52.85%,58.00%,0.095861,2026-08-28
GOOGL,346.59,2026-08-31,2,Call,350.00,-0.98%,0.85,0.85,0.97,10346,1404,7.37,27.59%,21.27%,0.273515,2026-08-28
AAPL,319.7,2026-08-31,2,Call,320.00,-0.09%,1.4,1.4,1.58,32251,4387,7.35,24.43%,17.03%,0.478538,2026-08-28
AAPL,319.7,2026-09-04,6,Put,320.00,+0.09%,3.8,3.75,4,4500,615,7.32,24.43%,23.39%,-0.500871,2026-08-28
SLB,57.33,2026-09-18,20,Call,58.00,-1.17%,1.47,1.41,1.65,979,134,7.31,35.45%,34.47%,0.462497,2026-08-28
TSLA,348.75,2026-09-02,4,Call,377.50,-8.24%,0.21,0.24,0.24,1947,267,7.29,38.82%,41.76%,0.037469,2026-08-28
CIFR,15.17,2026-11-20,83,Call,15.00,+1.12%,3,3.08,3.25,5415,746,7.26,97.04%,105.19%,0.614125,2026-08-28
SMCI,37.08,2026-09-04,6,Call,41.00,-10.57%,0.31,0.33,0.34,31643,4356,7.26,70.35%,77.98%,0.171247,2026-08-28
LRCX,301.9,2026-09-04,6,Put,285.00,-5.60%,2.66,3.02,3.25,1264,174,7.26,56.79%,60.21%,-0.214433,2026-08-28
MRK,148.35,2026-11-20,83,Put,130.00,-12.37%,2.28,2.46,2.47,1663,229,7.26,28.24%,33.14%,-0.174641,2026-08-28
AMD,465.58,2026-08-31,2,Call,485.00,-4.17%,0.5,0.54,0.59,1707,235,7.26,48.44%,39.96%,0.086928,2026-08-28
HIMS,28.84,2026-09-04,6,Put,29.50,+2.29%,1.3,1.36,1.43,1273,176,7.23,66.15%,67.74%,-0.583964,2026-08-28
CRWV,84.23,2026-09-04,6,Put,83.00,-1.46%,2.31,2.37,2.4,2669,370,7.21,70.60%,68.98%,-0.41443,2026-08-28
ZS,184.23,2026-09-04,6,Call,205.00,-11.27%,4.7,5.45,5.65,886,123,7.2,73.33%,130.58%,0.290861,2026-08-28
NVDA,217.55,2026-08-31,2,Call,207.50,+4.62%,9.95,10.25,10.5,6786,943,7.2,33.61%,39.65%,0.948632,2026-08-28
TSLA,348.75,2026-08-31,2,Put,345.00,-1.08%,1.58,1.61,1.64,19294,2684,7.19,38.82%,30.82%,-0.311031,2026-08-28
META,578.02,2026-08-31,2,Call,587.50,-1.64%,1.5,1.8,1.8,2721,379,7.18,34.65%,29.06%,0.230484,2026-08-28
V,381.6,2026-09-04,6,Call,382.50,-0.24%,3,3.3,3.6,1298,181,7.17,19.45%,18.67%,0.473499,2026-08-28
MSFT,513.53,2026-09-02,4,Call,520.00,-1.26%,2.38,2.7,2.99,3623,507,7.15,24.83%,24.31%,0.320322,2026-08-28
MU,932.86,2026-09-04,6,Put,930.00,-0.31%,23.25,23.55,24.95,1811,254,7.13,57.53%,54.05%,-0.465816,2026-08-28
INTC,89.47,2026-08-31,2,Call,94.00,-5.06%,0.09,0.11,0.11,3576,502,7.12,56.28%,45.63%,0.074863,2026-08-28
MSTR,127.31,2026-09-04,6,Call,130.00,-2.11%,3.6,3.69,3.7,16493,2321,7.11,69.27%,73.67%,0.43335,2026-08-28
AMZN,266.43,2026-09-04,6,Put,262.50,-1.48%,2.2,2.26,2.37,5090,722,7.05,29.48%,29.54%,-0.335504,2026-08-28
CRM,256,2026-10-16,48,Put,260.00,+1.56%,15.6,15.63,16.7,845,120,7.04,38.87%,39.08%,-0.507113,2026-08-28
AMD,465.58,2026-09-02,4,Call,485.00,-4.17%,2.59,2.7,2.91,1233,176,7.01,48.44%,47.35%,0.214284,2026-08-28
MU,932.86,2026-09-02,4,Call,935.00,-0.23%,17.65,18.35,19.45,1359,194,7.01,57.53%,49.82%,0.495858,2026-08-28
MSFT,513.53,2026-09-18,20,Put,515.00,+0.29%,11.35,11.61,11.95,969,139,6.97,24.83%,23.49%,-0.500981,2026-08-28
FNKO,7.1,2026-09-18,20,Call,7.50,-5.63%,0.3,0.35,0.4,1053,152,6.93,92.99%,76.48%,0.418565,2026-08-28
ABCL,11.35,2026-09-18,20,Put,11.00,-3.08%,0.65,0.65,0.7,1993,288,6.92,85.24%,81.36%,-0.394259,2026-08-28
NVDA,217.55,2026-08-31,2,Put,215.00,-1.17%,0.94,0.94,0.98,38827,5615,6.91,33.61%,31.18%,-0.298363,2026-08-28
AMZN,266.43,2026-09-11,13,Call,267.50,-0.40%,5.15,5.3,5.4,3157,458,6.89,29.48%,28.03%,0.490075,2026-08-28
NVDA,217.55,2026-08-31,2,Put,230.00,+5.72%,12.3,12.25,12.8,9405,1365,6.89,33.61%,43.59%,-0.957805,2026-08-28
RKLB,64.39,2026-09-04,6,Call,66.00,-2.50%,1.45,1.5,1.53,806,117,6.89,67.54%,65.60%,0.403415,2026-08-28
BRK.B,505,2026-09-04,6,Call,510.00,-0.99%,1.57,1.73,1.9,3474,505,6.88,13.82%,13.90%,0.304852,2026-08-28
TSLA,348.75,2026-08-31,2,Put,337.50,-3.23%,0.33,0.35,0.36,3214,468,6.87,38.82%,33.05%,-0.086921,2026-08-28
TSLA,348.75,2026-09-02,4,Call,360.00,-3.23%,1.69,1.7,1.72,7683,1120,6.86,38.82%,37.77%,0.219708,2026-08-28
TSLA,348.75,2026-09-02,4,Call,362.50,-3.94%,1.26,1.33,1.32,3278,479,6.84,38.82%,38.26%,0.174733,2026-08-28
TSLA,348.75,2026-09-04,6,Call,350.00,-0.36%,6.55,6.56,6.65,21821,3203,6.81,38.82%,39.80%,0.486867,2026-08-28
MU,932.86,2026-08-31,2,Call,955.00,-2.37%,3.45,3.75,3.9,1626,239,6.8,57.53%,41.11%,0.226873,2026-08-28
TSLA,348.75,2026-09-02,4,Put,320.00,-8.24%,0.19,0.21,0.21,1483,220,6.74,38.82%,44.76%,-0.030931,2026-08-28
BAC,62.32,2026-09-18,20,Put,62.00,-0.51%,1.07,1.09,1.15,1132,169,6.7,22.17%,22.23%,-0.443806,2026-08-28
GOOG,342.88,2026-09-04,6,Call,352.50,-2.81%,1.49,1.55,1.62,3072,459,6.69,27.72%,27.50%,0.226167,2026-08-28
GAP,23.48,2026-12-18,111,Call,24.00,-2.21%,1.83,2,2.28,3651,546,6.69,34.16%,44.06%,0.512762,2026-08-28
GAP,23.48,2026-10-16,48,Call,24.00,-2.21%,0.83,0.9,1.01,674,101,6.67,34.16%,33.66%,0.454392,2026-08-28
MU,932.86,2026-08-31,2,Put,910.00,-2.45%,3.4,3.55,3.8,1962,294,6.67,57.53%,42.91%,-0.211102,2026-08-28
SOLS,63.53,2026-09-18,20,Put,60.00,-5.56%,1.3,1.25,1.5,1986,298,6.66,51.88%,49.55%,-0.286393,2026-08-28
CRM,256,2026-09-04,6,Put,230.00,-10.16%,0.24,0.27,0.28,4835,726,6.66,38.87%,48.62%,-0.039504,2026-08-28
AMD,465.58,2026-08-31,2,Put,457.50,-1.74%,1.87,2.01,2.1,1237,186,6.65,48.44%,37.07%,-0.255199,2026-08-28
AMD,465.58,2026-08-31,2,Call,472.50,-1.49%,2.4,2.56,2.67,1053,159,6.62,48.44%,37.97%,0.30717,2026-08-28
IREN,35.45,2026-09-04,6,Call,39.50,-11.42%,0.33,0.37,0.4,1220,185,6.59,79.92%,86.46%,0.180047,2026-08-28
META,578.02,2026-08-31,2,Put,570.00,-1.39%,1.84,1.94,2.02,2380,361,6.59,34.65%,29.31%,-0.253927,2026-08-28
AAPL,319.7,2026-08-31,2,Call,325.00,-1.66%,0.25,0.27,0.28,21610,3280,6.59,24.43%,18.73%,0.121797,2026-08-28
AAPL,319.7,2026-09-09,11,Call,322.50,-0.88%,4,4.29,4.3,749,114,6.57,24.43%,23.84%,0.434011,2026-08-28
MRVL,216.62,2026-09-04,6,Put,207.50,-4.21%,2.88,3.35,3.35,694,106,6.55,61.00%,62.27%,-0.279241,2026-08-28
HOOD,104.26,2026-09-04,6,Call,116.00,-11.26%,0.36,0.4,0.41,2641,403,6.55,58.25%,62.68%,0.100225,2026-08-28
PCG,16.6,2026-09-04,6,Put,17.00,+2.41%,0.7,0.93,1,8458,1293,6.54,49.01%,73.79%,-0.579675,2026-08-28
HUT,79.42,2026-09-25,27,Call,120.00,-51.10%,0.34,1.05,1.42,3174,486,6.53,88.46%,103.47%,0.094006,2026-08-28
META,578.02,2026-09-04,6,Put,507.50,-12.20%,0.13,0.13,0.2,1019,156,6.53,34.65%,46.61%,-0.013375,2026-08-28
QCOM,164.19,2026-09-04,6,Call,160.00,+2.55%,4.85,5.32,6.05,3836,589,6.51,40.24%,34.43%,0.729778,2026-08-28
CHWY,23.26,2026-09-11,13,Put,23.00,-1.12%,1.15,1.08,1.3,650,100,6.5,64.54%,78.41%,-0.437624,2026-08-28
PURR,11.61,2026-09-04,6,Call,13.50,-16.28%,0.15,0.2,0.35,1624,251,6.47,101.96%,139.49%,0.226418,2026-08-28
NVDA,217.55,2026-08-31,2,Put,227.50,+4.57%,9.9,9.87,10.9,12813,1979,6.47,33.61%,50.71%,-0.879622,2026-08-28
NVDA,217.55,2026-08-31,2,Call,202.50,+6.92%,13.35,15.25,15.5,2400,372,6.45,33.61%,57.30%,0.95684,2026-08-28
CLX,102.53,2027-03-19,202,Call,120.00,-17.04%,3.7,4,4.4,753,117,6.44,28.70%,32.85%,0.289755,2026-08-28
HL,20.38,2026-09-04,6,Put,21.00,+3.04%,0.9,1.06,1.15,675,105,6.43,63.72%,64.02%,-0.625233,2026-08-28
NVDA,217.55,2026-08-31,2,Call,205.00,+5.77%,12.25,12.22,13.3,4224,657,6.43,33.61%,50.71%,0.945892,2026-08-28
DKNG,25.26,2026-11-20,83,Call,17.50,+30.72%,8,8,8.5,2495,390,6.4,52.12%,64.47%,0.915441,2026-08-28
AMD,465.58,2026-08-31,2,Put,462.50,-0.66%,3.45,3.68,3.85,1220,191,6.39,48.44%,37.04%,-0.396678,2026-08-28
VST,137.09,2026-09-04,6,Call,145.00,-5.77%,0.43,0.51,0.57,1456,228,6.39,40.86%,39.71%,0.143008,2026-08-28
MSFT,513.53,2026-09-02,4,Put,500.00,-2.63%,0.91,1.08,1.2,802,126,6.37,24.83%,25.12%,-0.149256,2026-08-28
MRVL,216.62,2026-09-04,6,Put,217.50,+0.41%,7.3,7.25,7.75,1283,202,6.35,61.00%,64.29%,-0.500967,2026-08-28
MCD,265,2026-09-04,6,Call,270.00,-1.89%,0.55,0.6,0.68,2290,361,6.34,19.92%,16.74%,0.196562,2026-08-28
META,578.02,2026-08-31,2,Call,605.00,-4.67%,0.18,0.22,0.23,1891,299,6.32,34.65%,33.86%,0.035909,2026-08-28
HIMS,28.84,2026-09-04,6,Call,32.50,-12.69%,0.12,0.14,0.15,1384,220,6.29,66.15%,72.45%,0.108694,2026-08-28
IREN,35.45,2026-09-04,6,Call,38.00,-7.19%,0.59,0.63,0.67,1690,269,6.28,79.92%,84.37%,0.280078,2026-08-28
AAPL,319.7,2026-09-02,4,Put,310.00,-3.03%,0.43,0.43,0.5,2621,419,6.26,24.43%,24.90%,-0.113534,2026-08-28
APP,317.76,2026-09-04,6,Call,360.00,-13.29%,0.4,0.6,0.65,631,101,6.25,54.47%,58.71%,0.053419,2026-08-28
META,578.02,2026-09-02,4,Call,575.00,+0.52%,9.55,10,10.2,988,158,6.25,34.65%,33.91%,0.569613,2026-08-28
AMZN,266.43,2026-09-11,13,Call,282.50,-6.03%,1,1.08,1.13,741,119,6.23,29.48%,28.34%,0.14816,2026-08-28
INTC,89.47,2026-08-31,2,Call,93.00,-3.95%,0.15,0.15,0.18,11460,1842,6.22,56.28%,43.43%,0.118492,2026-08-28
B,45.65,2026-09-18,20,Call,22.00,+51.81%,23.1,23.6,24.1,4086,659,6.2,46.04%,106.59%,0.998154,2026-08-28
AAPL,319.7,2026-09-04,6,Put,325.00,+1.66%,6.75,7,7.5,5910,954,6.19,24.43%,24.48%,-0.690901,2026-08-28
RDDT,153,2026-09-04,6,Call,157.50,-2.94%,2.42,2.66,2.77,971,157,6.18,55.73%,56.15%,0.359998,2026-08-28
GOOG,342.88,2026-10-02,34,Call,360.00,-4.99%,5.05,5.6,5.8,1464,237,6.18,27.72%,27.45%,0.307948,2026-08-28
TEM,64.04,2026-09-11,13,Put,60.00,-6.31%,1.56,1.68,1.8,1128,183,6.16,72.79%,71.66%,-0.288497,2026-08-28
AFRM,77.76,2026-09-04,6,Call,80.00,-2.88%,1.45,1.49,1.63,2530,411,6.16,52.60%,61.60%,0.377295,2026-08-28
AMD,465.58,2026-08-31,2,Put,452.50,-2.81%,0.99,0.99,1.13,918,150,6.12,48.44%,38.30%,-0.152478,2026-08-28
SCHW,110.16,2026-09-18,20,Call,111.00,-0.76%,1.99,2.45,2.45,986,161,6.12,24.70%,24.73%,0.468267,2026-08-28
UAMY,4.85,2026-09-04,6,Call,5.00,-3.09%,0.15,0.17,0.2,1390,227,6.12,96.23%,95.94%,0.428057,2026-08-28
MSTR,127.31,2026-09-11,13,Put,80.00,-37.16%,0.08,0.13,0.14,14210,2323,6.12,69.27%,113.06%,-0.011023,2026-08-28
NOK,10.21,2026-09-11,13,Call,11.50,-12.63%,0.09,0.1,0.1,7138,1173,6.09,55.70%,60.23%,0.162848,2026-08-28
COIN,178.64,2026-09-04,6,Put,172.50,-3.44%,2.84,2.96,3.1,1211,199,6.09,62.80%,61.70%,-0.312683,2026-08-28
RIOT,18.99,2026-09-04,6,Call,19.50,-2.69%,0.54,0.54,0.55,1644,270,6.09,78.57%,78.15%,0.417418,2026-08-28
TOST,35.15,2027-03-19,202,Call,36.00,-2.42%,5.05,5.1,5.3,1697,279,6.08,40.37%,50.16%,0.572093,2026-08-28
ALK,42.32,2026-10-16,48,Call,45.00,-6.33%,2.05,2.15,2.5,3741,615,6.08,50.49%,54.82%,0.41598,2026-08-28
AAPL,319.7,2026-08-31,2,Call,317.50,+0.69%,2.77,3.05,3.1,14250,2342,6.08,24.43%,16.50%,0.721147,2026-08-28
NOW,144.71,2026-09-04,6,Call,155.00,-7.11%,0.92,0.98,1.04,1585,262,6.05,52.85%,55.86%,0.180076,2026-08-28
COIN,178.64,2026-09-04,6,Call,182.50,-2.16%,4.15,4.15,4.35,1310,217,6.04,62.80%,64.33%,0.416546,2026-08-28
MSFT,513.53,2026-08-31,2,Put,500.00,-2.63%,0.14,0.19,0.23,3204,531,6.03,24.83%,22.36%,-0.051501,2026-08-28
AMZN,266.43,2026-09-04,6,Put,265.00,-0.54%,3.2,3.2,3.35,5695,946,6.02,29.48%,29.52%,-0.43094,2026-08-28
NVDA,217.55,2026-09-02,4,Put,217.50,-0.02%,3.1,3.19,3.25,6028,1001,6.02,33.61%,35.60%,-0.487101,2026-08-28
B,45.65,2026-09-18,20,Call,27.00,+40.85%,18.15,18.6,19.05,7703,1279,6.02,46.04%,79.29%,0.997462,2026-08-28
DKNG,25.26,2026-09-18,20,Call,27.00,-6.89%,0.43,0.6,0.7,650,108,6.02,52.12%,50.44%,0.312643,2026-08-28
GAP,23.48,2026-10-16,48,Call,28.00,-19.25%,0,0.13,0.17,1340,223,6.01,34.16%,31.99%,0.073129,2026-08-28
COIN,178.64,2026-09-11,13,Put,115.00,-35.62%,0.03,0.11,0.11,1762,293,6.01,62.80%,97.24%,-0.006243,2026-08-28
HPQ,30.52,2026-10-16,48,Call,35.00,-14.68%,0.54,0.55,0.7,2900,484,5.99,45.20%,45.82%,0.227925,2026-08-28
AMD,465.58,2026-08-31,2,Call,480.00,-3.10%,1,1.09,1.1,2252,378,5.96,48.44%,39.21%,0.151561,2026-08-28
DPRO,4.47,2026-10-16,48,Call,6.00,-34.23%,0.1,0.1,0.15,2456,412,5.96,79.56%,80.32%,0.197047,2026-08-28
SPCX,141.5,2026-09-04,6,Call,142.00,-0.35%,3.35,3.45,3.45,14670,2470,5.94,50.11%,49.73%,0.494379,2026-08-28
HPE,52.31,2027-06-17,292,Put,47.00,-10.15%,7.7,9.05,9.2,676,114,5.93,70.76%,65.69%,-0.305519,2026-08-28
MU,932.86,2026-09-02,4,Call,950.00,-1.84%,11.95,12.3,13,1292,218,5.93,57.53%,50.22%,0.377261,2026-08-28
INTC,89.47,2026-09-18,20,Call,94.00,-5.06%,2.84,3,2.98,1356,229,5.92,56.28%,55.92%,0.382338,2026-08-28
MSFT,513.53,2026-09-04,6,Call,537.50,-4.67%,0.67,0.72,0.78,929,158,5.88,24.83%,26.14%,0.091728,2026-08-28
AAPL,319.7,2026-09-02,4,Put,315.00,-1.47%,1.18,1.24,1.31,2057,350,5.88,24.43%,23.14%,-0.262211,2026-08-28
MARA,10.67,2026-09-04,6,Put,11.50,+7.78%,0.93,0.87,1.05,30987,5277,5.87,83.89%,82.37%,-0.743337,2026-08-28
NOW,144.71,2026-10-16,48,Call,190.00,-31.30%,1.34,1.53,1.59,2121,362,5.86,52.85%,55.94%,0.111848,2026-08-28
PBR,18.53,2026-09-18,20,Call,19.50,-5.23%,0.2,0.23,0.23,1181,202,5.85,36.02%,32.16%,0.263558,2026-08-28
FCX,76.45,2026-09-18,20,Put,72.00,-5.82%,1.18,1.54,1.72,589,101,5.83,48.81%,46.65%,-0.268773,2026-08-28
IREN,35.45,2026-09-04,6,Put,33.50,-5.50%,0.61,0.6,0.7,770,132,5.83,79.92%,81.10%,-0.273839,2026-08-28
TECK,69.34,2026-11-20,83,Call,80.00,-15.37%,2,2.6,4.2,1005,173,5.81,42.89%,49.83%,0.325031,2026-08-28
RKLB,64.39,2026-09-04,6,Call,65.00,-0.95%,1.83,1.87,1.9,1684,290,5.81,67.54%,64.67%,0.474049,2026-08-28
NVDA,217.55,2026-08-31,2,Put,212.50,-2.32%,0.43,0.45,0.45,13456,2322,5.8,33.61%,32.37%,-0.158931,2026-08-28
PATH,18.15,2026-09-04,6,Call,20.50,-12.95%,0.4,0.48,0.54,626,108,5.8,83.29%,134.24%,0.26828,2026-08-28
WDC,459.45,2026-09-04,6,Put,340.00,-26.00%,0.05,0.16,0.36,782,135,5.79,66.21%,103.32%,-0.009567,2026-08-28
IREN,35.45,2026-10-16,48,Call,37.00,-4.37%,3.55,3.6,3.8,1477,255,5.79,79.92%,83.07%,0.509862,2026-08-28
GOOG,342.88,2026-09-04,6,Call,347.50,-1.35%,2.8,2.93,3,2456,424,5.79,27.72%,27.15%,0.362699,2026-08-28
AVAV,147.94,2028-01-21,510,Call,600.00,-305.57%,6.2,6.9,6.9,1009,175,5.77,75.04%,74.44%,0.13855,2026-08-28
APP,317.76,2028-12-15,839,Call,200.00,+37.06%,176.1,184.1,188.1,622,108,5.76,54.47%,70.88%,0.855031,2026-08-28
CRWD,218.4,2026-09-04,6,Call,212.50,+2.70%,9.35,10.09,10.35,810,141,5.74,50.97%,58.02%,0.660359,2026-08-28
TEAM,190.41,2028-01-21,510,Call,240.00,-26.04%,43.1,47.75,52,1505,262,5.74,58.36%,67.04%,0.569731,2026-08-28
SPCX,141.5,2026-09-04,6,Call,143.00,-1.06%,2.92,2.95,3,5922,1033,5.73,50.11%,49.83%,0.450733,2026-08-28
DOCU,64,2026-09-18,20,Put,60.00,-6.25%,1.88,2.23,2.43,1504,263,5.72,66.16%,66.93%,-0.308134,2026-08-28
HIMS,28.84,2026-09-04,6,Call,29.00,-0.55%,0.88,0.93,0.96,1566,274,5.72,66.15%,66.95%,0.494179,2026-08-28
HOOD,104.26,2026-09-04,6,Put,108.00,+3.59%,5.2,5.35,5.55,2617,458,5.71,58.25%,58.99%,-0.663912,2026-08-28
GAP,23.48,2026-10-16,48,Call,21.00,+10.56%,2.66,2.75,2.96,3514,615,5.71,34.16%,36.37%,0.818299,2026-08-28
LQDA,67.69,2026-09-04,6,Put,50.00,-26.13%,0.25,0.35,0.4,3587,628,5.71,111.25%,155.82%,-0.052732,2026-08-28
BA,209.82,2026-09-04,6,Call,212.50,-1.28%,1.8,1.9,2,3874,680,5.7,28.72%,28.32%,0.369645,2026-08-28
NVDA,217.55,2026-09-04,6,Call,222.50,-2.28%,2.07,2.1,2.13,27141,4764,5.7,33.61%,36.17%,0.326027,2026-08-28
TSLA,348.75,2026-09-09,11,Call,350.00,-0.36%,7.95,8.2,8.25,638,112,5.7,38.82%,35.27%,0.496023,2026-08-28
BX,142.39,2026-09-04,6,Call,148.00,-3.94%,0.67,0.86,0.94,695,122,5.7,35.10%,36.94%,0.214393,2026-08-28
AAPL,319.7,2026-09-02,4,Call,332.50,-4.00%,0.18,0.21,0.23,939,165,5.69,24.43%,23.75%,0.06036,2026-08-28
NOW,144.71,2026-09-04,6,Call,148.00,-2.27%,2.66,2.74,2.95,698,123,5.67,52.85%,56.32%,0.394737,2026-08-28
TXN,258.64,2027-03-19,202,Call,320.00,-23.72%,12.8,14.05,15.2,759,134,5.66,36.50%,42.51%,0.310681,2026-08-28
NVDA,217.55,2026-09-02,4,Put,215.00,-1.17%,2.01,2.1,2.1,7398,1308,5.66,33.61%,35.38%,-0.365066,2026-08-28
COIN,178.64,2026-09-04,6,Call,200.00,-11.96%,0.93,0.96,0.98,15436,2744,5.63,62.80%,72.23%,0.121615,2026-08-28
LRCX,301.9,2026-09-04,6,Call,352.50,-16.76%,0,0.52,1.03,595,106,5.61,56.79%,70.16%,0.047291,2026-08-28
MU,932.86,2026-08-31,2,Put,875.00,-6.20%,0.45,0.5,0.53,1015,181,5.61,57.53%,48.74%,-0.036117,2026-08-28
LTH,43.51,2026-09-18,20,Put,45.00,+3.42%,2.35,2.44,2.5,1946,349,5.58,42.43%,39.25%,-0.620615,2026-08-28
NVDA,217.55,2026-09-09,11,Call,225.00,-3.42%,2.05,2.19,2.15,3223,580,5.56,33.61%,31.93%,0.286827,2026-08-28
OSCR,30.47,2026-09-04,6,Call,33.00,-8.30%,0.24,0.34,0.4,690,124,5.56,63.27%,72.25%,0.209408,2026-08-28
INTC,89.47,2026-08-31,2,Call,89.00,+0.53%,1.26,1.32,1.35,990,178,5.56,56.28%,39.65%,0.579201,2026-08-28
TSLA,348.75,2026-09-02,4,Put,310.00,-11.11%,0.1,0.11,0.12,3131,564,5.55,38.82%,53.08%,-0.015627,2026-08-28
NVDA,217.55,2026-09-09,11,Call,240.00,-10.32%,0.37,0.39,0.4,72304,13035,5.55,33.61%,36.37%,0.06564,2026-08-28
MRVL,216.62,2026-09-04,6,Call,220.00,-1.56%,5.5,5.7,5.95,4385,791,5.54,61.00%,64.84%,0.445208,2026-08-28
AS,31.05,2026-09-18,20,Put,31.00,-0.16%,1.25,1.3,1.45,798,144,5.54,47.16%,48.43%,-0.466301,2026-08-28
GLNG,50.29,2026-10-16,48,Put,50.00,-0.58%,1.85,2,2.05,1186,215,5.52,31.65%,29.59%,-0.449841,2026-08-28
TSM,417.52,2027-02-19,174,Call,500.00,-19.75%,19.1,20,20.25,903,164,5.51,33.42%,38.72%,0.312771,2026-08-28
TSLA,348.75,2026-09-04,6,Put,350.00,+0.36%,7.45,7.62,7.7,10223,1854,5.51,38.82%,39.35%,-0.514615,2026-08-28
ANET,195.38,2026-09-04,6,Put,177.50,-9.15%,0.23,0.27,0.3,945,172,5.49,46.80%,47.20%,-0.052056,2026-08-28
PINS,23.19,2026-10-16,48,Call,25.00,-7.81%,0.66,0.78,0.82,778,142,5.48,39.97%,41.13%,0.345816,2026-08-28
AKAM,107.47,2026-11-20,83,Put,70.00,-34.87%,0.7,1.08,1.3,1020,186,5.48,50.85%,65.72%,-0.060654,2026-08-28
CVNA,74.04,2026-09-25,27,Put,70.00,-5.46%,1.12,2.64,2.85,602,110,5.47,54.40%,47.66%,-0.303174,2026-08-28
MU,932.86,2026-09-11,13,Call,"1,020.00",-9.34%,9.6,10.05,10.6,662,121,5.47,57.53%,52.91%,0.202737,2026-08-28
RBLX,38.53,2026-09-04,6,Call,39.00,-1.22%,0.87,0.95,1.03,1201,220,5.46,56.42%,58.52%,0.453768,2026-08-28
MSFT,513.53,2026-09-04,6,Put,482.50,-6.04%,0.3,0.41,0.38,1137,209,5.44,24.83%,28.86%,-0.043196,2026-08-28
AGNC,10.9,2026-09-18,20,Call,10.00,+8.26%,0.85,0.94,1.05,2537,466,5.44,20.10%,33.06%,0.874417,2026-08-28
PURR,11.61,2026-09-04,6,Call,12.00,-3.36%,0.5,0.55,0.6,1108,204,5.43,101.96%,120.31%,0.447,2026-08-28
IREN,35.45,2026-11-20,83,Put,25.00,-29.48%,1.25,1.3,1.37,5920,1093,5.42,79.92%,86.97%,-0.142891,2026-08-28
MSTR,127.31,2026-09-04,6,Call,157.50,-23.71%,0.22,0.25,0.34,1106,204,5.42,69.27%,94.74%,0.045876,2026-08-28
CIFR,15.17,2026-11-20,83,Call,19.00,-25.25%,1.68,1.77,1.82,16800,3107,5.41,97.04%,102.23%,0.420426,2026-08-28
MSFT,513.53,2026-09-04,6,Put,505.00,-1.66%,2.8,3.15,3.3,1440,267,5.39,24.83%,25.00%,-0.290582,2026-08-28
NVDA,217.55,2026-09-02,4,Call,220.00,-1.13%,2.18,2.2,2.24,20653,3836,5.38,33.61%,35.69%,0.39288,2026-08-28
NVDA,217.55,2026-10-02,34,Put,190.00,-12.66%,1.21,1.24,1.26,6817,1271,5.36,33.61%,37.10%,-0.100815,2026-08-28
AMD,465.58,2026-08-31,2,Put,460.00,-1.20%,2.58,2.69,2.84,2167,405,5.35,48.44%,36.91%,-0.32228,2026-08-28
TSLA,348.75,2026-09-04,6,Put,347.50,-0.36%,6.25,6.3,6.4,3618,678,5.34,38.82%,39.43%,-0.457864,2026-08-28
AMZN,266.43,2026-09-02,4,Call,270.00,-1.34%,1.7,1.74,1.82,6105,1144,5.34,29.48%,28.55%,0.338297,2026-08-28
BE,210.77,2026-09-04,6,Put,187.50,-11.04%,1.53,1.65,1.63,597,112,5.33,81.62%,85.54%,-0.129971,2026-08-28
CRWD,218.4,2026-09-04,6,Put,202.50,-7.28%,1.34,1.39,1.5,756,142,5.32,50.97%,60.70%,-0.154541,2026-08-28
MU,932.86,2026-09-02,4,Call,930.00,+0.31%,19.85,21.3,22.55,1276,240,5.32,57.53%,50.27%,0.536686,2026-08-28
LYFT,17.7,2027-06-17,292,Call,22.00,-24.29%,1.74,2.05,2.14,3001,564,5.32,43.73%,50.10%,0.424634,2026-08-28
INTC,89.47,2026-08-31,2,Put,91.00,+1.71%,1.97,1.96,2.1,3173,598,5.31,56.28%,41.90%,-0.701192,2026-08-28
NVDA,217.55,2026-12-18,111,Call,345.00,-58.58%,0.44,0.52,0.59,2040,384,5.31,33.61%,40.82%,0.02936,2026-08-28
ZLAB,26.08,2026-12-18,111,Put,30.00,+15.03%,5.3,6.1,7.5,827,156,5.3,61.83%,71.27%,-0.557561,2026-08-28
PANW,371.59,2026-09-04,6,Call,370.00,+0.43%,17.8,18.38,18.95,540,102,5.29,60.70%,92.12%,0.539993,2026-08-28
AMD,465.58,2026-09-04,6,Call,485.00,-4.17%,4.65,4.95,5,6782,1282,5.29,48.44%,49.60%,0.273764,2026-08-28
AFRM,77.76,2026-09-04,6,Call,90.00,-15.74%,0.09,0.1,0.11,2218,420,5.28,52.60%,63.48%,0.040239,2026-08-28
QCOM,164.19,2026-09-04,6,Call,165.00,-0.49%,2.53,2.74,2.73,2718,515,5.28,40.24%,35.66%,0.468055,2026-08-28
B,45.65,2026-09-18,20,Call,25.00,+45.24%,20,20.65,22,5676,1080,5.26,46.04%,166.19%,0.958835,2026-08-28
TSLA,348.75,2026-09-04,6,Call,352.50,-1.08%,5.45,5.6,5.55,6154,1171,5.26,38.82%,39.78%,0.431503,2026-08-28
WDAY,204.72,2026-09-18,20,Call,225.00,-9.91%,1.75,2.35,3,639,122,5.24,45.09%,45.11%,0.205259,2026-08-28
TSLA,348.75,2026-09-02,4,Put,347.50,-0.36%,4.65,4.65,4.8,1360,260,5.23,38.82%,37.04%,-0.452091,2026-08-28
WULF,15.35,2026-11-20,83,Call,15.00,+2.28%,2.65,2.74,2.89,850,163,5.21,82.06%,102.44%,0.57186,2026-08-28
COIN,178.64,2026-10-02,34,Put,187.50,+4.96%,17,19.54,20.1,1907,366,5.21,62.80%,63.02%,-0.557061,2026-08-28
FRO,44.19,2026-11-20,83,Call,50.00,-13.15%,1.1,1.15,1.25,11410,2190,5.21,52.93%,40.22%,0.254465,2026-08-28
ALL,260.58,2026-09-18,20,Call,220.00,+15.57%,39.3,40.3,42.1,660,127,5.2,24.16%,25.06%,0.997422,2026-08-28
AVGO,368.79,2026-08-31,2,Put,365.00,-1.03%,1.65,1.72,1.79,1941,373,5.2,49.45%,30.38%,-0.316699,2026-08-28
MRNA,137.99,2026-09-04,6,Call,140.00,-1.46%,4.2,4.79,5,2041,393,5.19,72.29%,77.56%,0.464249,2026-08-28
B,45.65,2026-09-18,20,Call,18.00,+60.57%,27.15,27.6,27.9,900,174,5.17,46.04%,145.45%,0.997755,2026-08-28
TSLA,348.75,2026-08-31,2,Put,332.50,-4.66%,0.12,0.15,0.14,1624,314,5.17,38.82%,35.98%,-0.035005,2026-08-28
SNDK,1484.98,2026-09-04,6,Put,"1,450.00",-2.36%,36.3,37,37.9,2152,416,5.17,69.02%,70.75%,-0.376861,2026-08-28
CIFR,15.17,2026-09-04,6,Call,17.50,-15.36%,0.12,0.14,0.15,5658,1094,5.17,97.04%,98.79%,0.14455,2026-08-28
DOW,30.51,2026-09-04,6,Call,23.00,+24.61%,7.25,7.45,7.6,1800,349,5.16,39.28%,98.05%,0.990026,2026-08-28
INTC,89.47,2026-09-02,4,Call,94.00,-5.06%,0.51,0.59,0.58,2815,546,5.16,56.28%,53.74%,0.199328,2026-08-28
ORCL,150.85,2026-09-04,6,Put,143.00,-5.20%,1.14,1.22,1.44,1190,231,5.15,67.92%,54.32%,-0.209777,2026-08-28
PYPL,53.66,2026-10-16,48,Call,67.50,-25.79%,0.12,0.15,0.3,4830,938,5.15,32.48%,39.49%,0.065897,2026-08-28
U,43.31,2026-09-18,20,Call,44.00,-1.59%,1.6,1.72,1.84,1063,207,5.14,51.34%,49.31%,0.475273,2026-08-28
CIFR,15.17,2026-11-20,83,Call,25.00,-64.80%,0.74,0.8,0.86,30373,5920,5.13,97.04%,103.98%,0.228827,2026-08-28
XOM,156.71,2026-09-04,6,Call,157.50,-0.50%,1.8,2.01,2.05,1558,305,5.11,27.46%,28.47%,0.454075,2026-08-28
NVDA,217.55,2026-10-09,41,Put,220.00,+1.13%,10.45,10.95,10.8,523,103,5.08,33.61%,33.30%,-0.508356,2026-08-28
GLW,148.98,2026-09-11,13,Call,172.50,-15.79%,0.65,0.76,0.96,554,109,5.08,57.36%,59.12%,0.105817,2026-08-28
MU,932.86,2026-08-31,2,Call,980.00,-5.05%,0.92,0.97,1,3441,678,5.08,57.53%,44.68%,0.071037,2026-08-28
TSLA,348.75,2026-09-02,4,Put,335.00,-3.94%,1.12,1.14,1.17,3263,645,5.06,38.82%,38.65%,-0.153072,2026-08-28
NOW,144.71,2026-09-04,6,Put,135.00,-6.71%,0.85,0.89,1.02,1180,233,5.06,52.85%,57.31%,-0.161239,2026-08-28
DOW,30.51,2026-09-18,20,Call,20.00,+34.45%,10.3,10.55,11.35,1800,356,5.06,39.28%,136.34%,0.930004,2026-08-28
CRWV,84.23,2026-09-11,13,Call,87.00,-3.29%,3,3.11,3.25,742,147,5.05,70.60%,67.19%,0.427933,2026-08-28
AGNC,10.9,2026-09-04,6,Call,10.50,+3.67%,0.3,0.38,0.45,2107,417,5.05,20.10%,21.06%,0.919007,2026-08-28
TSLA,348.75,2026-09-04,6,Put,355.00,+1.79%,10.35,10.45,10.75,5497,1089,5.05,38.82%,39.50%,-0.624491,2026-08-28
SMCI,37.08,2026-09-04,6,Call,39.00,-5.18%,0.68,0.68,0.75,14751,2920,5.05,70.35%,75.79%,0.320996,2026-08-28
SNDK,1484.98,2026-09-04,6,Call,"1,450.00",+2.36%,70.7,69.3,73.9,549,109,5.04,69.02%,69.91%,0.624551,2026-08-28
TSLA,348.75,2026-09-02,4,Call,367.50,-5.38%,0.69,0.71,0.73,1607,319,5.04,38.82%,39.08%,0.105667,2026-08-28
TSLA,348.75,2026-08-31,2,Put,335.00,-3.94%,0.19,0.21,0.22,3922,779,5.03,38.82%,34.27%,-0.054186,2026-08-28
WULF,15.35,2026-09-18,20,Call,17.50,-14.01%,0.42,0.43,0.54,893,178,5.02,82.06%,87.01%,0.275732,2026-08-28
MRVL,216.62,2026-09-18,20,Call,225.00,-3.87%,8.4,9.09,9.3,1306,260,5.02,61.00%,60.36%,0.426824,2026-08-28
ASTS,58.05,2026-09-04,6,Call,60.00,-3.36%,1.25,1.46,1.37,1491,297,5.02,71.56%,70.66%,0.377197,2026-08-28
ECHO,86.84,2026-12-18,111,Call,85.00,+2.12%,9.6,9.97,12.2,601,120,5.01,41.89%,50.28%,0.601841,2026-08-28
SLS,13.21,2026-09-04,6,Put,12.50,-5.37%,0.5,0.6,0.75,717,143,5.01,189.24%,143.27%,-0.346272,2026-08-28
RR,1.83,2026-09-25,27,Call,1.5000,+18.03%,0.34,0.44,0.44,931,186,5.01,116.18%,97.28%,0.814373,2026-08-28
GME,17.87,2026-10-16,48,Put,17.00,-4.87%,0.68,0.72,0.8,1782,356,5.01,51.23%,43.14%,-0.355646,2026-08-28
NU,14.3,2026-09-04,6,Put,14.00,-2.10%,0.09,0.13,0.14,2945,589,5,38.54%,32.87%,-0.295805,2026-08-28
CDE,21.13,2026-09-18,20,Call,23.00,-8.85%,0.6,0.57,0.7,1102,221,4.99,65.38%,66.93%,0.325686,2026-08-28
DKNG,25.26,2026-09-04,6,Call,26.50,-4.91%,0.11,0.29,0.43,1130,227,4.98,52.12%,54.67%,0.261013,2026-08-28
SPCX,141.5,2026-09-04,6,Put,139.00,-1.77%,2.48,2.49,2.55,5279,1059,4.98,50.11%,51.03%,-0.377181,2026-08-28
RIOT,18.99,2026-09-04,6,Call,20.00,-5.32%,0.35,0.37,0.39,2975,598,4.97,78.57%,77.10%,0.319596,2026-08-28
CRWV,84.23,2026-09-04,6,Call,84.00,+0.27%,3,3.09,3.2,708,143,4.95,70.60%,68.79%,0.532626,2026-08-28
META,578.02,2026-09-04,6,Put,577.50,-0.09%,9.65,9.9,10.55,732,148,4.95,34.65%,35.52%,-0.479265,2026-08-28
UNP,307.41,2026-09-18,20,Call,250.00,+18.68%,56.1,57.5,59.3,3600,727,4.95,22.29%,38.65%,0.989419,2026-08-28
BYD,79.47,2026-09-18,20,Put,80.00,+0.67%,1.35,2.06,2.25,751,152,4.94,24.71%,21.17%,-0.53506,2026-08-28
CRCL,87.14,2026-09-04,6,Call,92.00,-5.58%,1.62,1.72,1.7,1190,241,4.94,75.99%,77.75%,0.312516,2026-08-28
VRDN,23.08,2026-09-18,20,Put,22.00,-4.68%,0.35,0.45,0.5,1446,293,4.94,74.00%,41.53%,-0.288036,2026-08-28
LYFT,17.7,2027-06-17,292,Put,15.00,-15.25%,1.57,1.68,1.7,7700,1562,4.93,43.73%,51.47%,-0.260322,2026-08-28
AAPL,319.7,2026-09-02,4,Call,325.00,-1.66%,1.05,1.1,1.17,12857,2609,4.93,24.43%,22.44%,0.250479,2026-08-28
META,578.02,2026-09-04,6,Call,592.50,-2.51%,5.1,5.32,5.5,580,118,4.92,34.65%,36.61%,0.311262,2026-08-28
GOOG,342.88,2026-09-25,27,Call,360.00,-4.99%,4.15,4.35,4.6,2694,549,4.91,27.72%,27.75%,0.28266,2026-08-28
NVDA,217.55,2026-09-04,6,Call,217.50,+0.02%,4.05,4.15,4.15,10686,2177,4.91,33.61%,36.13%,0.515667,2026-08-28
IREN,35.45,2026-09-04,6,Put,35.00,-1.27%,1.21,1.22,1.27,10006,2041,4.9,79.92%,81.23%,-0.428772,2026-08-28
FCX,76.45,2027-02-19,174,Call,105.00,-37.34%,2.43,3.4,4.1,1000,204,4.9,48.81%,50.54%,0.243227,2026-08-28
FRMI,5,2026-09-11,13,Put,6.50,+30.00%,1.45,1.5,1.6,1682,343,4.9,105.44%,93.45%,-0.920825,2026-08-28
MRVL,216.62,2026-09-04,6,Put,192.50,-11.13%,0.49,0.57,0.63,651,133,4.89,61.00%,64.12%,-0.068968,2026-08-28
MU,932.86,2026-09-02,4,Call,980.00,-5.05%,4.75,5.15,5.2,1928,394,4.89,57.53%,51.00%,0.186864,2026-08-28
NFLX,81.72,2026-09-04,6,Call,86.00,-5.24%,0.18,0.18,0.19,6533,1337,4.89,32.56%,32.18%,0.114594,2026-08-28
SHOP,152.9,2026-09-11,13,Call,175.00,-14.45%,0.11,0.32,0.65,527,108,4.88,43.16%,46.02%,0.067319,2026-08-28
BAM,52.12,2026-09-18,20,Call,45.00,+13.66%,6.8,7.27,7.5,980,201,4.88,29.87%,32.78%,0.975156,2026-08-28
META,578.02,2026-08-31,2,Put,585.00,+1.21%,8.75,9,9.8,1854,380,4.88,34.65%,29.74%,-0.701678,2026-08-28
SNDK,1484.98,2026-09-04,6,Call,"1,470.00",+1.01%,60.1,61.95,62.2,516,106,4.87,69.02%,69.97%,0.565347,2026-08-28
RIVN,16.07,2026-09-25,27,Call,15.50,+3.55%,1.12,1.2,1.35,541,111,4.87,55.14%,52.45%,0.634336,2026-08-28
AMD,465.58,2026-08-31,2,Call,487.50,-4.71%,0.36,0.5,0.4,798,165,4.84,48.44%,40.21%,0.063724,2026-08-28
AMD,465.58,2026-09-04,6,Call,475.00,-2.02%,7.45,7.9,8.1,1969,407,4.84,48.44%,49.01%,0.390551,2026-08-28
ORCL,150.85,2026-09-04,6,Put,152.50,+1.09%,4.85,5,5.35,783,162,4.83,67.92%,54.85%,-0.545849,2026-08-28
CRM,256,2026-09-04,6,Put,250.00,-2.34%,2.85,2.87,3.15,3022,627,4.82,38.87%,42.72%,-0.319831,2026-08-28
NVDA,217.55,2026-09-04,6,Put,195.00,-10.37%,0.18,0.2,0.2,24549,5101,4.81,33.61%,48.12%,-0.034964,2026-08-28
PCG,16.6,2026-09-04,6,Call,17.00,-2.41%,0.43,0.49,0.54,7209,1501,4.8,49.01%,77.24%,0.425771,2026-08-28
META,578.02,2026-09-04,6,Call,607.50,-5.10%,2.09,2.42,2.47,584,122,4.79,34.65%,37.56%,0.159193,2026-08-28
MRNA,137.99,2026-09-04,6,Put,142.00,+2.91%,7.35,8.05,9.35,726,152,4.78,72.29%,86.43%,-0.578931,2026-08-28
IREN,35.45,2028-01-21,510,Put,10.00,-71.79%,1.15,1.2,1.21,10885,2278,4.78,79.92%,97.08%,-0.042822,2026-08-28
CRDO,232.75,2026-09-04,6,Call,240.00,-3.11%,10.6,11.8,12.9,660,139,4.75,88.85%,124.56%,0.456788,2026-08-28
ESTC,99.91,2026-09-18,20,Call,120.00,-20.11%,0.4,0.5,0.5,715,151,4.74,48.12%,53.45%,0.082859,2026-08-28
B,45.65,2026-09-18,20,Call,30.00,+34.28%,15.2,15.65,16.1,2766,584,4.74,46.04%,68.88%,0.995604,2026-08-28
SEDG,31.41,2026-09-04,6,Put,30.00,-4.49%,0.49,0.55,0.59,752,159,4.73,75.29%,70.76%,-0.288628,2026-08-28
COHR,279.2,2026-09-04,6,Call,300.00,-7.45%,3,3.55,4.2,1377,291,4.73,70.32%,74.08%,0.241057,2026-08-28
CCL,24.76,2026-10-16,48,Call,24.00,+3.07%,1.99,2.13,2.17,566,120,4.72,40.98%,47.03%,0.607678,2026-08-28
UNH,392.95,2026-09-04,6,Call,402.50,-2.43%,1.72,1.9,1.88,1275,270,4.72,28.87%,25.69%,0.239939,2026-08-28
CAT,800.25,2026-09-04,6,Put,780.00,-2.53%,4.55,6.3,6.5,975,207,4.71,36.39%,33.10%,-0.262687,2026-08-28
NVDA,217.55,2026-08-31,2,Put,225.00,+3.42%,7.45,7.65,7.8,29922,6349,4.71,33.61%,32.70%,-0.916924,2026-08-28
BTBT,1.43,2026-10-16,48,Call,1.5000,-4.90%,0.18,0.2,0.25,602,128,4.7,121.02%,116.81%,0.543982,2026-08-28
MU,932.86,2026-08-31,2,Put,890.00,-4.59%,1.08,1.16,1.26,856,182,4.7,57.53%,45.98%,-0.080136,2026-08-28
OKTA,166.23,2026-09-04,6,Call,180.00,-8.28%,0.8,0.94,1.1,1331,284,4.69,49.70%,58.00%,0.152651,2026-08-28
DAL,80.07,2026-11-20,83,Call,90.00,-12.40%,2.4,2.44,2.44,10847,2315,4.69,37.08%,37.21%,0.295108,2026-08-28
TSLA,348.75,2026-09-04,6,Call,347.50,+0.36%,7.7,7.84,7.9,3569,762,4.68,38.82%,39.60%,0.542954,2026-08-28
AVGO,368.79,2026-08-31,2,Call,382.50,-3.72%,0.2,0.22,0.25,1700,363,4.68,49.45%,31.52%,0.061056,2026-08-28
IONQ,39.2,2026-10-16,48,Call,75.00,-91.33%,0.12,0.22,0.29,2453,524,4.68,72.69%,93.80%,0.042459,2026-08-28
NOW,144.71,2026-09-04,6,Call,142.00,+1.87%,5.5,5.16,5.95,878,188,4.67,52.85%,57.04%,0.619161,2026-08-28
BMRN,64.67,2026-09-18,20,Call,65.00,-0.51%,1.65,2.27,2.65,1542,330,4.67,36.05%,37.24%,0.502838,2026-08-28
HOOD,104.26,2026-09-04,6,Call,108.00,-3.59%,1.69,1.75,1.85,2487,532,4.67,58.25%,60.57%,0.341871,2026-08-28
NBIS,209.18,2026-09-04,6,Put,202.50,-3.19%,5.3,5.56,5.85,946,203,4.66,81.39%,81.21%,-0.356183,2026-08-28
TSLA,348.75,2026-09-04,6,Put,360.00,+3.23%,13.9,13.9,14.75,2959,636,4.65,38.82%,41.55%,-0.713412,2026-08-28
SNOW,328,2026-09-04,6,Call,355.00,-8.23%,9.8,10.59,11.05,1064,229,4.65,68.96%,121.47%,0.334945,2026-08-28
AMZN,266.43,2026-09-02,4,Call,267.50,-0.40%,2.62,2.66,2.81,2006,432,4.64,29.48%,28.47%,0.457695,2026-08-28
MDT,91.23,2026-10-16,48,Put,92.50,+1.39%,4.35,4.6,4.6,584,126,4.63,29.33%,29.04%,-0.527574,2026-08-28
AI,10.53,2026-09-04,6,Call,12.00,-13.96%,0.24,0.26,0.3,4716,1018,4.63,82.49%,138.70%,0.260221,2026-08-28
AMZN,266.43,2026-08-31,2,Call,260.00,+2.41%,6.45,6.89,7,18156,3931,4.62,29.48%,26.07%,0.900749,2026-08-28
INVZ,0.35,2026-10-16,48,Put,0.5000,+42.86%,0.15,0.13,0.25,1000,217,4.61,246.77%,185.56%,-0.575563,2026-08-28
SLS,13.21,2026-09-04,6,Put,13.50,+2.20%,0.9,1,1.2,1569,340,4.61,189.24%,132.17%,-0.516227,2026-08-28
AAPL,319.7,2026-09-11,13,Call,322.50,-0.88%,4.6,4.87,4.9,938,204,4.6,24.43%,24.35%,0.443767,2026-08-28
NVDA,217.55,2026-09-02,4,Put,227.50,+4.57%,10.1,10.2,10.7,2581,561,4.6,33.61%,36.40%,-0.876291,2026-08-28
TSLA,348.75,2026-09-02,4,Put,337.50,-3.23%,1.53,1.55,1.59,1116,243,4.59,38.82%,38.14%,-0.197617,2026-08-28
NVS,153.81,2026-09-18,20,Call,155.00,-0.77%,4.3,4.45,4.8,1772,386,4.59,34.57%,36.59%,0.471569,2026-08-28
MRVL,216.62,2026-09-11,13,Call,230.00,-6.18%,4.65,5.05,5.4,1279,279,4.58,61.00%,61.18%,0.326142,2026-08-28
CRM,256,2026-09-11,13,Put,245.00,-4.30%,2.74,2.93,3.45,1244,272,4.57,38.87%,39.24%,-0.260215,2026-08-28
DELL,456.24,2026-09-04,6,Put,395.00,-13.42%,4.5,4.58,4.75,522,115,4.54,72.93%,109.07%,-0.134782,2026-08-28
IREN,35.45,2026-09-04,6,Call,40.00,-12.83%,0.3,0.31,0.31,11949,2632,4.54,79.92%,87.36%,0.154615,2026-08-28
AMD,465.58,2026-09-04,6,Call,490.00,-5.25%,3.5,3.7,4,4123,911,4.53,48.44%,49.97%,0.224605,2026-08-28
SPCX,141.5,2026-09-04,6,Call,141.00,+0.35%,3.85,3.93,3.95,6642,1466,4.53,50.11%,49.86%,0.53851,2026-08-28
MSFT,513.53,2026-08-31,2,Call,525.00,-2.23%,0.24,0.27,0.48,7111,1570,4.53,24.83%,22.19%,0.09222,2026-08-28
CRM,256,2026-10-16,48,Put,250.00,-2.34%,10.4,11.1,11.2,1446,319,4.53,38.87%,38.28%,-0.396064,2026-08-28
AMZN,266.43,2026-09-02,4,Call,272.50,-2.28%,1.04,1.11,1.11,2080,459,4.53,29.48%,28.57%,0.234184,2026-08-28
SPCX,141.5,2026-09-04,6,Call,144.00,-1.77%,2.52,2.57,2.6,4437,981,4.52,50.11%,49.88%,0.408049,2026-08-28
DOW,30.51,2026-09-18,20,Call,25.00,+18.06%,5.25,5.5,5.65,6005,1332,4.51,39.28%,41.84%,0.984135,2026-08-28
CELH,32.98,2026-09-11,13,Call,34.00,-3.09%,0.67,0.92,1.36,1277,283,4.51,52.81%,57.62%,0.415322,2026-08-28
AAPL,319.7,2026-09-04,6,Call,295.00,+7.73%,23.8,25,26.95,1080,240,4.5,24.43%,42.69%,0.933953,2026-08-28
MRVL,216.62,2026-09-04,6,Put,197.50,-8.83%,0.99,1.05,1.15,1099,244,4.5,61.00%,63.63%,-0.118988,2026-08-28
PAAS,52.87,2028-01-21,510,Call,80.00,-51.31%,6.4,6.88,7.9,2051,456,4.5,50.70%,56.01%,0.398617,2026-08-28
MSFT,513.53,2026-09-04,6,Call,525.00,-2.23%,2.37,2.53,2.75,4047,899,4.5,24.83%,25.37%,0.258365,2026-08-28
GOOGL,346.59,2026-09-04,6,Put,327.50,-5.51%,0.3,0.33,0.36,2137,477,4.48,27.59%,28.87%,-0.059037,2026-08-28
AAPL,319.7,2026-09-04,6,Call,332.50,-4.00%,0.45,0.48,0.47,3027,676,4.48,24.43%,23.48%,0.101818,2026-08-28
INTC,89.47,2026-09-11,13,Call,102.00,-14.00%,0.52,0.65,0.66,1547,346,4.47,56.28%,57.69%,0.127227,2026-08-28
MRVL,216.62,2026-09-04,6,Call,235.00,-8.48%,1.85,1.92,2.1,1688,378,4.47,61.00%,69.31%,0.193325,2026-08-28
HPE,52.31,2026-09-04,6,Put,49.00,-6.33%,1.31,1.57,1.62,857,192,4.46,70.76%,109.10%,-0.294581,2026-08-28
MU,932.86,2026-08-31,2,Call,965.00,-3.45%,2.04,2.05,2.24,2022,453,4.46,57.53%,42.31%,0.144614,2026-08-28
MU,932.86,2026-08-31,2,Call,900.00,+3.52%,34,35,36,588,132,4.45,57.53%,43.62%,0.87136,2026-08-28
NVDA,217.55,2026-09-09,11,Call,222.50,-2.28%,2.77,2.92,2.93,1689,380,4.44,33.61%,31.89%,0.358801,2026-08-28
STM,49.38,2026-09-04,6,Call,52.00,-5.31%,0.35,0.43,0.7,7164,1612,4.44,50.13%,56.84%,0.252614,2026-08-28
NET,299.84,2026-09-04,6,Put,270.00,-9.95%,0.54,0.73,0.96,625,141,4.43,53.48%,58.06%,-0.073137,2026-08-28
ASST,21.74,2026-09-04,6,Call,22.00,-1.20%,0.96,1.09,1.22,1718,388,4.43,100.01%,108.24%,0.495216,2026-08-28
MU,932.86,2026-08-31,2,Call,990.00,-6.13%,0.55,0.62,0.63,1822,412,4.42,57.53%,46.74%,0.045015,2026-08-28
BA,209.82,2026-09-04,6,Put,210.00,+0.09%,2.73,2.99,3.15,3934,890,4.42,28.72%,26.52%,-0.503379,2026-08-28
BOX,34.98,2026-09-18,20,Call,38.00,-8.63%,0.15,0.29,0.4,873,198,4.41,33.25%,35.95%,0.179173,2026-08-28
PATH,18.15,2026-09-04,6,Put,16.00,-11.85%,0.35,0.38,0.41,1370,311,4.41,83.29%,132.22%,-0.202777,2026-08-28
META,578.02,2026-08-31,2,Put,557.50,-3.55%,0.23,0.31,0.39,554,126,4.4,34.65%,30.88%,-0.054812,2026-08-28
USAR,17.99,2026-09-04,6,Put,18.00,+0.06%,0.71,0.78,0.82,1765,401,4.4,85.11%,83.15%,-0.479034,2026-08-28
AMD,465.58,2026-08-31,2,Call,475.00,-2.02%,1.84,1.92,2.02,2061,468,4.4,48.44%,38.52%,0.247817,2026-08-28
UNP,307.41,2026-09-18,20,Call,260.00,+15.42%,46.5,47.6,49.2,3605,820,4.4,22.29%,36.56%,0.976913,2026-08-28
AVGO,368.79,2026-09-11,13,Call,365.00,+1.03%,18.3,18.76,18.9,900,205,4.39,49.45%,59.56%,0.562391,2026-08-28
SMCI,37.08,2026-09-04,6,Call,37.50,-1.13%,1.11,1.22,1.25,1295,295,4.39,70.35%,71.86%,0.472205,2026-08-28
META,578.02,2026-08-31,2,Put,562.50,-2.69%,0.63,0.67,0.73,530,121,4.38,34.65%,30.21%,-0.108272,2026-08-28
AMD,465.58,2026-09-02,4,Put,420.00,-9.79%,0.11,0.4,0.4,542,124,4.37,48.44%,51.61%,-0.026153,2026-08-28
AVGO,368.79,2026-08-31,2,Call,367.50,+0.35%,3.55,3.84,3.9,866,198,4.37,49.45%,27.62%,0.575116,2026-08-28
HOOD,104.26,2026-09-04,6,Put,105.00,+0.71%,3.45,3.54,3.6,2665,610,4.37,58.25%,59.28%,-0.519513,2026-08-28
DIOD,88,2026-09-18,20,Call,100.00,-13.64%,0.4,1,1.6,837,192,4.36,62.12%,54.11%,0.176107,2026-08-28
GOOGL,346.59,2026-08-31,2,Put,337.50,-2.62%,0.15,0.15,0.22,2066,474,4.36,27.59%,24.28%,-0.067153,2026-08-28
ALL,260.58,2026-09-18,20,Call,230.00,+11.74%,29,29.8,31.6,2292,526,4.36,24.16%,19.04%,0.996894,2026-08-28
AVGO,368.79,2027-02-19,174,Call,450.00,-22.02%,22.35,22.79,23.5,791,182,4.35,49.45%,46.81%,0.340561,2026-08-28
CRCL,87.14,2026-09-04,6,Call,98.00,-12.46%,0.6,0.66,0.72,1010,232,4.35,75.99%,82.36%,0.14594,2026-08-28
DOCN,111.21,2026-09-18,20,Call,130.00,-16.90%,1.4,1.9,2,508,117,4.34,72.38%,68.17%,0.187749,2026-08-28
IREN,35.45,2026-09-11,13,Call,42.00,-18.48%,0.34,0.32,0.46,1889,435,4.34,79.92%,80.80%,0.152137,2026-08-28
NOW,144.71,2026-09-04,6,Put,130.00,-10.17%,0.35,0.38,0.37,1957,451,4.34,52.85%,58.99%,-0.071804,2026-08-28
NBIS,209.18,2026-09-25,27,Call,220.00,-5.17%,13.15,14.14,15.45,836,193,4.33,81.39%,81.81%,0.458826,2026-08-28
HL,20.38,2026-09-04,6,Put,20.00,-1.86%,0.45,0.5,0.64,1393,322,4.33,63.72%,70.11%,-0.397497,2026-08-28
CRCL,87.14,2026-09-04,6,Put,91.00,+4.43%,5.4,5.66,5.9,588,136,4.32,75.99%,74.89%,-0.655217,2026-08-28
META,578.02,2026-09-11,13,Call,615.00,-6.40%,3.5,3.84,4,885,205,4.32,34.65%,34.83%,0.185913,2026-08-28
HOOD,104.26,2026-09-04,6,Put,107.00,+2.63%,4.5,4.85,4.9,1753,406,4.32,58.25%,58.86%,-0.618132,2026-08-28
CRM,256,2026-09-04,6,Call,270.00,-5.47%,1.28,1.47,1.66,2776,643,4.32,38.87%,44.86%,0.187058,2026-08-28
NBIS,209.18,2026-09-04,6,Call,210.00,-0.39%,8.1,8.35,8.4,1169,271,4.31,81.39%,80.22%,0.507651,2026-08-28
INTC,89.47,2027-09-17,384,Call,100.00,-11.77%,19.65,21.1,22.25,658,153,4.3,56.28%,65.33%,0.585172,2026-08-28
ARM,239.05,2027-03-19,202,Call,370.00,-54.78%,18.1,20.55,21.55,890,207,4.3,61.41%,72.68%,0.309643,2026-08-28
SBET,8.2,2026-09-04,6,Call,9.00,-9.76%,0.09,0.1,0.15,1552,361,4.3,80.03%,90.42%,0.229641,2026-08-28
OKLO,40.14,2026-09-04,6,Put,41.00,+2.14%,1.98,2.05,2.15,760,177,4.29,75.45%,77.69%,-0.56298,2026-08-28
AAPL,319.7,2026-09-11,13,Call,332.50,-4.00%,1.69,1.8,1.77,789,184,4.29,24.43%,24.46%,0.211283,2026-08-28
WPC,70.51,2026-10-16,48,Put,70.00,-0.72%,1.4,1.6,1.6,876,204,4.29,16.14%,16.62%,-0.449872,2026-08-28
COP,130.35,2027-03-19,202,Put,115.00,-11.78%,4.85,5.25,5.4,809,189,4.28,28.71%,31.83%,-0.246934,2026-08-28
AVAV,147.94,2026-09-04,6,Call,150.00,-1.39%,3,3.45,4.7,504,118,4.27,75.04%,62.65%,0.45042,2026-08-28
RKLB,64.39,2026-09-04,6,Call,67.00,-4.05%,1.11,1.16,1.2,1004,235,4.27,67.54%,65.70%,0.336296,2026-08-28
EOSE,3.26,2026-09-11,13,Call,3.50,-7.36%,0.14,0.15,0.16,822,193,4.26,99.92%,98.62%,0.389068,2026-08-28
AMZN,266.43,2026-09-18,20,Call,277.50,-4.15%,3.05,3.2,3.25,1940,458,4.24,29.48%,28.48%,0.292001,2026-08-28
TSLA,348.75,2026-09-02,4,Call,365.00,-4.66%,0.94,0.95,0.99,3163,746,4.24,38.82%,38.71%,0.137033,2026-08-28
APLD,25.34,2026-09-04,6,Put,26.00,+2.60%,1.16,1.33,1.57,3913,923,4.24,82.69%,76.90%,-0.58201,2026-08-28
TSLA,348.75,2026-09-09,11,Call,370.00,-6.09%,2.1,2.26,2.25,533,126,4.23,38.82%,36.24%,0.186365,2026-08-28
SOFI,18.06,2026-09-18,20,Call,18.50,-2.44%,0.64,0.65,0.66,1406,332,4.23,49.75%,49.06%,0.446354,2026-08-28
NVDA,217.55,2026-09-09,11,Call,227.50,-4.57%,1.52,1.6,1.61,3318,788,4.21,33.61%,32.43%,0.226786,2026-08-28
TSLA,348.75,2026-08-31,2,Put,340.00,-2.51%,0.56,0.6,0.6,9902,2353,4.21,38.82%,31.97%,-0.137145,2026-08-28
NVDA,217.55,2026-09-04,6,Call,237.50,-9.17%,0.26,0.26,0.28,32448,7703,4.21,33.61%,41.95%,0.055386,2026-08-28
ASST,21.74,2026-09-04,6,Call,23.00,-5.80%,0.59,0.88,0.81,821,195,4.21,100.01%,107.08%,0.367882,2026-08-28
SMCI,37.08,2026-09-04,6,Put,35.50,-4.26%,0.6,0.7,0.73,1120,267,4.19,70.35%,70.77%,-0.297681,2026-08-28
AFRM,77.76,2026-09-04,6,Call,83.00,-6.74%,0.62,0.7,0.82,590,141,4.18,52.60%,60.98%,0.215515,2026-08-28
NFLX,81.72,2026-09-11,13,Put,82.00,+0.34%,1.83,1.86,1.89,974,233,4.18,32.56%,28.64%,-0.507407,2026-08-28
SKHY,161.04,2026-09-18,20,Put,135.00,-16.17%,1.2,1.25,1.3,7839,1874,4.18,62.85%,63.81%,-0.102461,2026-08-28
B,45.65,2026-09-18,20,Call,20.00,+56.19%,25.1,25.6,25.9,1515,363,4.17,46.04%,126.14%,0.997822,2026-08-28
META,578.02,2026-08-31,2,Put,560.00,-3.12%,0.4,0.4,0.48,2490,597,4.17,34.65%,30.17%,-0.075357,2026-08-28
EOSE,3.26,2026-09-25,27,Call,4.00,-22.70%,0.1,0.13,0.14,1441,346,4.16,99.92%,96.68%,0.26226,2026-08-28
MGNX,4.13,2026-10-16,48,Put,4.00,-3.15%,0.25,0.3,0.35,626,151,4.15,68.30%,63.00%,-0.393136,2026-08-28
PCT,6.5,2026-10-16,48,Call,10.00,-53.85%,0.05,0.1,0.35,739,178,4.15,85.21%,104.97%,0.176549,2026-08-28
B,45.65,2026-09-18,20,Call,3.00,+93.43%,41.9,42.55,43.1,580,140,4.14,46.04%,458.90%,0.998924,2026-08-28
CRCL,87.14,2026-09-04,6,Call,93.00,-6.72%,1.4,1.48,1.55,1694,409,4.14,75.99%,79.75%,0.281074,2026-08-28
META,578.02,2026-08-31,2,Call,580.00,-0.34%,3.65,3.95,4.2,9325,2255,4.14,34.65%,28.11%,0.442194,2026-08-28
NVDA,217.55,2026-09-09,11,Call,220.00,-1.13%,3.7,3.8,3.85,3201,775,4.13,33.61%,31.79%,0.437137,2026-08-28
MSTR,127.31,2026-09-25,27,Call,127.00,+0.24%,9.5,9.75,10.15,578,140,4.13,69.27%,69.03%,0.548217,2026-08-28
MSFT,513.53,2026-09-04,6,Call,527.50,-2.72%,1.91,1.99,2.24,693,168,4.13,24.83%,25.77%,0.217299,2026-08-28
PANW,371.59,2026-09-04,6,Call,435.00,-17.06%,2.06,2.2,2.53,593,144,4.12,60.70%,95.16%,0.11018,2026-08-28
NEM,127.98,2026-10-16,48,Put,115.00,-10.14%,2.5,2.67,2.71,10358,2512,4.12,42.19%,42.63%,-0.214407,2026-08-28
META,578.02,2026-09-04,6,Call,645.00,-11.59%,0.23,0.27,0.39,1396,340,4.11,34.65%,43.17%,0.025981,2026-08-28
MSTR,127.31,2026-09-04,6,Put,128.00,+0.54%,4.9,4.9,5.2,893,218,4.1,69.27%,72.52%,-0.502637,2026-08-28
CRM,256,2026-09-04,6,Call,265.00,-3.52%,2.27,2.3,2.7,1997,487,4.1,38.87%,44.21%,0.283386,2026-08-28
MSTR,127.31,2026-09-04,6,Call,165.00,-29.60%,0.12,0.13,0.14,2999,731,4.1,69.27%,97.81%,0.022733,2026-08-28
NOW,144.71,2026-09-04,6,Call,162.50,-12.29%,0.3,0.31,0.34,551,135,4.08,52.85%,58.96%,0.06835,2026-08-28
NOW,144.71,2026-10-16,48,Put,145.00,+0.20%,10.65,11.15,11,624,153,4.08,52.85%,52.60%,-0.458693,2026-08-28
HD,330.19,2026-09-04,6,Call,330.00,+0.06%,3.4,3.4,3.9,554,136,4.07,24.60%,20.92%,0.515741,2026-08-28
UNP,307.41,2026-09-18,20,Call,270.00,+12.17%,36.1,37.6,39.4,6129,1505,4.07,22.29%,26.15%,0.983909,2026-08-28
AAPL,319.7,2026-08-31,2,Put,312.50,-2.25%,0.13,0.14,0.16,4648,1146,4.06,24.43%,20.77%,-0.066819,2026-08-28
NVDA,217.55,2026-09-04,6,Put,217.50,-0.02%,3.8,3.9,3.95,7633,1882,4.06,33.61%,35.51%,-0.485248,2026-08-28
SPCX,141.5,2026-09-04,6,Put,143.00,+1.06%,4.25,4.39,4.55,1113,274,4.06,50.11%,50.09%,-0.549765,2026-08-28
MU,932.86,2026-08-31,2,Call,960.00,-2.91%,2.67,2.65,2.97,2775,683,4.06,57.53%,41.74%,0.182321,2026-08-28
BA,209.82,2026-09-04,6,Put,202.50,-3.49%,0.52,0.67,0.81,656,162,4.05,28.72%,28.54%,-0.161461,2026-08-28
GOOGL,346.59,2026-09-02,4,Call,355.00,-2.43%,0.89,1.07,1.2,1187,293,4.05,27.59%,26.27%,0.199158,2026-08-28
AUTL,2.34,2027-03-19,202,Call,5.00,-113.68%,0,0.15,0.25,1215,300,4.05,134.38%,85.11%,0.198261,2026-08-28
PCG,16.6,2026-09-18,20,Call,19.50,-17.47%,0.02,0.14,0.24,1243,307,4.05,49.01%,56.36%,0.126118,2026-08-28
RIVN,16.07,2026-09-11,13,Call,19.00,-18.23%,0.05,0.15,0.12,3195,789,4.05,55.14%,64.69%,0.096751,2026-08-28
CVS,93.06,2026-11-20,83,Put,85.00,-8.66%,2.17,2.31,2.82,5008,1237,4.05,27.46%,33.74%,-0.25508,2026-08-28
NOW,144.71,2026-09-04,6,Call,143.00,+1.18%,4.9,5.04,5.35,920,228,4.04,52.85%,56.65%,0.582472,2026-08-28
TSLA,348.75,2026-09-02,4,Put,360.00,+3.23%,12.5,14.15,13.15,1189,294,4.04,38.82%,37.68%,-0.782665,2026-08-28
IREN,35.45,2028-09-15,748,Call,70.00,-97.46%,11.45,11.6,11.7,2767,687,4.03,79.92%,89.56%,0.570494,2026-08-28
MU,932.86,2026-08-31,2,Put,895.00,-4.06%,1.45,1.56,1.66,1327,330,4.02,57.53%,45.10%,-0.103281,2026-08-28
META,578.02,2026-08-31,2,Put,550.00,-4.85%,0.11,0.12,0.15,1956,486,4.02,34.65%,34.13%,-0.023526,2026-08-28
GOOGL,346.59,2026-09-04,6,Call,347.50,-0.26%,4.2,4.35,4.5,3562,887,4.02,27.59%,26.49%,0.482472,2026-08-28
BAM,52.12,2026-09-18,20,Call,47.50,+8.86%,4.3,4.7,5,545,136,4.01,29.87%,22.12%,0.965955,2026-08-28
BTDR,10.32,2026-09-04,6,Put,10.00,-3.10%,0.3,0.38,0.45,674,168,4.01,97.11%,100.48%,-0.377193,2026-08-28
NBIS,209.18,2026-09-25,27,Put,200.00,-4.39%,12.8,13.1,14.15,1635,408,4.01,81.39%,80.86%,-0.372948,2026-08-28
DKNG,25.26,2026-09-18,20,Call,26.50,-4.91%,0.58,0.76,0.94,528,132,4,52.12%,52.48%,0.377324,2026-08-28
CRWV,84.23,2026-09-04,6,Put,82.00,-2.65%,1.9,1.96,1.99,1468,367,4,70.60%,69.28%,-0.362328,2026-08-28
AGNC,10.9,2026-12-18,111,Call,9.00,+17.43%,1.78,1.9,2.16,3580,894,4,20.10%,29.31%,0.895108,2026-08-28
SNDK,1484.98,2027-02-19,174,Put,960.00,-35.35%,60.7,63.7,64,723,181,3.99,69.02%,74.59%,-0.128074,2026-08-28
APP,317.76,2026-10-16,48,Call,390.00,-22.73%,4.3,4.92,7.3,811,204,3.98,54.47%,55.04%,0.183463,2026-08-28
TSLA,348.75,2026-09-09,11,Call,355.00,-1.79%,5.85,6.13,6.2,1129,284,3.98,38.82%,35.49%,0.405239,2026-08-28
DOW,30.51,2026-09-18,20,Call,22.50,+26.25%,7.75,7.95,8.85,1200,302,3.97,39.28%,103.10%,0.915679,2026-08-28
WMT,103.09,2026-09-18,20,Put,103.00,-0.09%,1.79,1.82,1.89,1104,279,3.96,21.79%,20.27%,-0.473669,2026-08-28
CRWV,84.23,2026-09-04,6,Put,85.00,+0.91%,3.3,3.41,3.55,4769,1203,3.96,70.60%,70.48%,-0.520097,2026-08-28
TTD,13.57,2026-09-04,6,Put,13.50,-0.52%,0.29,0.3,0.32,1684,429,3.93,53.24%,49.45%,-0.451872,2026-08-28
CBRE,150.82,2026-09-18,20,Call,165.00,-9.40%,0.45,0.6,0.6,878,224,3.92,31.45%,29.50%,0.107845,2026-08-28
AMZN,266.43,2026-09-04,6,Call,282.50,-6.03%,0.37,0.39,0.39,2128,543,3.92,29.48%,31.59%,0.079091,2026-08-28
PDD,85.69,2026-11-20,83,Call,115.00,-34.20%,0.25,0.4,0.67,2526,644,3.92,31.40%,38.40%,0.070889,2026-08-28
MSFT,513.53,2026-09-18,20,Put,510.00,-0.69%,8.2,9.4,9.6,2596,663,3.92,24.83%,22.81%,-0.428711,2026-08-28
ASTS,58.05,2026-09-04,6,Put,54.00,-6.98%,0.52,0.55,0.6,2875,733,3.92,71.56%,68.48%,-0.191135,2026-08-28
PLTR,186.29,2026-09-04,6,Put,172.50,-7.40%,0.66,0.67,0.7,5377,1376,3.91,45.55%,51.04%,-0.111911,2026-08-28
AMZN,266.43,2026-09-04,6,Call,275.00,-3.22%,1.21,1.23,1.26,15380,3937,3.91,29.48%,30.01%,0.215266,2026-08-28
SOLS,63.53,2026-11-20,83,Call,85.00,-33.80%,0.7,1.3,2,3051,783,3.9,51.88%,54.92%,0.170173,2026-08-28
MU,932.86,2026-08-31,2,Call,915.00,+1.91%,21.2,22,25,924,237,3.9,57.53%,43.93%,0.731343,2026-08-28
MRVL,216.62,2026-09-04,6,Put,215.00,-0.75%,5.6,6.15,6.45,2389,613,3.9,61.00%,62.14%,-0.444315,2026-08-28
HOOD,104.26,2026-09-25,27,Call,106.00,-1.67%,5.4,6.37,6.3,510,131,3.89,58.25%,57.58%,0.495908,2026-08-28
WYNN,95.26,2027-06-17,292,Put,75.00,-21.27%,2.9,3.66,5,540,139,3.88,30.62%,39.69%,-0.181094,2026-08-28
IONQ,39.2,2026-09-11,13,Call,42.00,-7.14%,1.05,1.03,1.16,598,154,3.88,72.69%,72.50%,0.334889,2026-08-28
MRVL,216.62,2026-09-25,27,Call,220.00,-1.56%,12.65,13.13,13.6,707,182,3.88,61.00%,61.31%,0.502403,2026-08-28
CRWD,218.4,2026-09-04,6,Call,227.50,-4.17%,3.15,3.1,3.4,2090,539,3.88,50.97%,60.05%,0.314186,2026-08-28
TSLA,348.75,2026-09-02,4,Call,350.00,-0.36%,4.75,4.82,4.9,6353,1636,3.88,38.82%,36.76%,0.474721,2026-08-28
GOOGL,346.59,2026-09-04,6,Call,350.00,-0.98%,3.2,3.2,3.45,10095,2599,3.88,27.59%,26.74%,0.400376,2026-08-28
NBIS,209.18,2026-09-25,27,Put,205.00,-2.00%,14.9,15.8,17,847,219,3.87,81.39%,81.20%,-0.416258,2026-08-28
AMD,465.58,2026-10-02,34,Put,415.00,-10.86%,7.2,7.72,8.4,675,175,3.86,48.44%,48.44%,-0.191485,2026-08-28
HLF,12.43,2026-09-11,13,Call,6.00,+51.73%,6.2,6.43,6.7,624,162,3.85,51.04%,202.57%,0.983112,2026-08-28
T,26.01,2026-09-04,6,Put,26.00,-0.04%,0.25,0.3,0.29,2482,645,3.85,22.56%,20.60%,-0.489968,2026-08-28
NBIS,209.18,2026-09-25,27,Call,210.00,-0.39%,16.6,17.96,19.65,580,151,3.84,81.39%,80.54%,0.541381,2026-08-28
BE,210.77,2027-02-19,174,Call,250.00,-18.61%,38,41,39.9,1032,269,3.84,81.62%,88.33%,0.521973,2026-08-28
AMZN,266.43,2026-09-18,20,Put,237.50,-10.86%,0.49,0.55,0.57,1337,348,3.84,29.48%,32.68%,-0.058826,2026-08-28
TSLA,348.75,2026-09-02,4,Put,350.00,+0.36%,5.85,6,6.15,2762,720,3.84,38.82%,37.14%,-0.525781,2026-08-28
C,132.9,2026-09-04,6,Call,136.00,-2.33%,0.53,0.57,0.62,3107,811,3.83,27.22%,24.43%,0.238527,2026-08-28
AMZN,266.43,2026-09-04,6,Call,277.50,-4.15%,0.82,0.85,0.85,9679,2529,3.83,29.48%,30.40%,0.156329,2026-08-28
ASTS,58.05,2026-11-20,83,Put,80.00,+37.81%,22.75,24.9,26.5,2007,525,3.82,71.56%,82.40%,-0.732445,2026-08-28
RILY,7.05,2026-09-04,6,Put,7.00,-0.71%,0.11,0.19,0.24,730,192,3.8,66.03%,52.28%,-0.463286,2026-08-28
RIVN,16.07,2026-10-16,48,Put,14.00,-12.88%,0.4,0.42,0.45,4366,1150,3.8,55.14%,55.56%,-0.21005,2026-08-28
SPCX,141.5,2027-06-17,292,Call,210.00,-48.41%,11.5,11.67,12.25,5015,1322,3.79,50.11%,56.96%,0.323621,2026-08-28
WULF,15.35,2026-10-16,48,Call,18.00,-17.26%,0.93,1,1.02,21603,5700,3.79,82.06%,90.75%,0.342471,2026-08-28
HLF,12.43,2026-09-11,13,Call,4.00,+67.82%,8.1,8.39,8.7,728,192,3.79,51.04%,286.16%,0.992208,2026-08-28
IONQ,39.2,2026-09-04,6,Put,37.00,-5.61%,0.51,0.6,0.61,792,209,3.79,72.69%,71.83%,-0.248576,2026-08-28
SPCX,141.5,2026-09-25,27,Call,142.00,-0.35%,7.2,7.6,7.6,526,139,3.78,50.11%,48.60%,0.52381,2026-08-28
META,578.02,2026-08-31,2,Call,590.00,-2.07%,1.09,1.27,1.33,4870,1292,3.77,34.65%,29.51%,0.178756,2026-08-28
MRVL,216.62,2026-09-04,6,Put,212.50,-1.90%,4.65,5.1,5.25,645,171,3.77,61.00%,62.53%,-0.38754,2026-08-28
MSTR,127.31,2026-09-18,20,Call,128.00,-0.54%,7.7,8,8.2,701,186,3.77,69.27%,68.65%,0.523554,2026-08-28
META,578.02,2026-08-31,2,Call,610.00,-5.53%,0.1,0.11,0.14,1617,429,3.77,34.65%,35.58%,0.021452,2026-08-28
HOOD,104.26,2026-09-04,6,Put,102.00,-2.17%,2.03,2.06,2.15,1737,461,3.77,58.25%,59.01%,-0.369113,2026-08-28
ON,72.61,2026-09-18,20,Call,82.00,-12.93%,0.44,0.99,1.56,2708,718,3.77,53.67%,56.20%,0.199444,2026-08-28
BAC,62.32,2026-10-02,34,Call,64.00,-2.70%,0.73,0.88,0.85,1439,383,3.76,22.17%,18.75%,0.342249,2026-08-28
AAPL,319.7,2026-09-04,6,Put,315.00,-1.47%,1.81,1.93,2,3488,928,3.76,24.43%,23.76%,-0.302642,2026-08-28
NVDA,217.55,2026-09-11,13,Call,217.50,+0.02%,5.4,5.5,5.55,1422,379,3.75,33.61%,32.55%,0.520988,2026-08-28
AMD,465.58,2026-09-04,6,Call,495.00,-6.32%,2.73,3.02,3.15,2163,578,3.74,48.44%,50.67%,0.183629,2026-08-28
BRK.B,505,2026-09-04,6,Put,495.00,-1.98%,0.58,0.63,0.9,2287,611,3.74,13.82%,15.26%,-0.144696,2026-08-28
SPCX,141.5,2026-09-04,6,Put,140.00,-1.06%,2.88,2.86,2.96,8384,2247,3.73,50.11%,50.77%,-0.419214,2026-08-28
MSFT,513.53,2026-08-31,2,Put,497.50,-3.12%,0.1,0.14,0.15,522,140,3.73,24.83%,23.82%,-0.034689,2026-08-28
NBIS,209.18,2026-09-25,27,Call,280.00,-33.86%,2.11,3.25,3.15,638,171,3.73,81.39%,83.42%,0.123017,2026-08-28
MRVL,216.62,2026-09-04,6,Put,210.00,-3.06%,3.7,3.93,4.35,2886,774,3.73,61.00%,63.02%,-0.333332,2026-08-28
PATH,18.15,2026-09-04,6,Put,18.00,-0.83%,1.09,1.14,1.24,851,229,3.72,83.29%,134.67%,-0.445429,2026-08-28
AMZN,266.43,2026-11-20,83,Call,350.00,-31.37%,1.37,1.42,1.49,29847,8018,3.72,29.48%,36.21%,0.074267,2026-08-28
IONQ,39.2,2026-09-11,13,Put,38.00,-3.06%,1.4,1.51,1.7,808,218,3.71,72.69%,72.85%,-0.381036,2026-08-28
NVDA,217.55,2026-10-09,41,Put,205.00,-5.77%,4.4,4.41,4.6,500,135,3.7,33.61%,34.48%,-0.274494,2026-08-28
TSLA,348.75,2026-08-31,2,Put,365.00,+4.66%,15.85,18.35,16.85,1052,284,3.7,38.82%,34.75%,-0.962812,2026-08-28
NBIS,209.18,2026-09-04,6,Put,220.00,+5.17%,14.8,15.39,15.7,3571,966,3.7,81.39%,81.05%,-0.666321,2026-08-28
TSLA,348.75,2026-09-09,11,Call,360.00,-3.23%,4.25,4.37,4.5,1082,294,3.68,38.82%,35.69%,0.321392,2026-08-28
ESTC,99.91,2026-09-18,20,Call,115.00,-15.10%,0.7,0.85,0.85,705,192,3.67,48.12%,51.01%,0.135257,2026-08-28
COIN,178.64,2026-09-04,6,Call,177.50,+0.64%,6.2,6.7,6.7,737,201,3.67,62.80%,63.78%,0.550326,2026-08-28
HPQ,30.52,2026-09-04,6,Call,31.00,-1.57%,0.5,0.57,0.65,1552,423,3.67,45.20%,50.39%,0.416717,2026-08-28
RBRK,93.05,2026-09-04,6,Call,100.00,-7.47%,0.95,1.1,1.35,589,161,3.66,58.82%,72.83%,0.236242,2026-08-28
DKNG,25.26,2026-09-04,6,Call,26.00,-2.93%,0.3,0.38,0.44,4296,1174,3.66,52.12%,51.21%,0.345339,2026-08-28
SPCX,141.5,2026-09-18,20,Call,157.50,-11.31%,1.66,1.6,1.76,923,253,3.65,50.11%,49.50%,0.197764,2026-08-28
HIMS,28.84,2026-09-04,6,Put,28.50,-1.18%,0.75,0.86,0.88,1233,338,3.65,66.15%,67.03%,-0.425943,2026-08-28
SKHY,161.04,2026-10-16,48,Call,220.00,-36.61%,2.15,2.8,2.7,532,146,3.64,62.85%,68.57%,0.133353,2026-08-28
LYFT,17.7,2026-09-04,6,Call,18.00,-1.69%,0.26,0.29,0.29,1186,326,3.64,43.73%,44.19%,0.398258,2026-08-28
GLAS,9.88,2026-09-18,20,Call,12.50,-26.52%,0.1,0.13,0.15,1230,338,3.64,74.53%,83.88%,0.137917,2026-08-28
LOW,208.05,2026-09-04,6,Put,207.50,-0.26%,2.2,2.35,2.7,501,138,3.63,27.03%,25.75%,-0.45916,2026-08-28
LULU,120.81,2026-09-04,6,Call,133.00,-10.09%,1.72,1.83,1.93,574,158,3.63,57.24%,93.31%,0.229999,2026-08-28
FCEL,17.76,2026-09-04,6,Put,18.00,+1.35%,1.05,1.24,1.4,781,215,3.63,110.45%,121.08%,-0.502322,2026-08-28
NVDA,217.55,2026-09-02,4,Put,212.50,-2.32%,1.26,1.3,1.32,2924,806,3.63,33.61%,35.90%,-0.257194,2026-08-28
S,21.54,2027-01-15,139,Put,17.00,-21.08%,0.85,1.02,1.05,554,153,3.62,53.61%,57.54%,-0.189631,2026-08-28
AVGO,368.79,2026-08-31,2,Put,362.50,-1.71%,1,1.02,1.16,561,155,3.62,49.45%,30.89%,-0.220612,2026-08-28
CORZ,16.51,2026-10-16,48,Put,15.00,-9.15%,0.78,0.95,1.07,2244,620,3.62,68.38%,70.15%,-0.301432,2026-08-28
PLTR,186.29,2026-09-04,6,Call,202.50,-8.70%,0.46,0.48,0.48,2444,675,3.62,45.55%,47.42%,0.091418,2026-08-28
TSLA,348.75,2026-09-02,4,Call,345.00,+1.08%,7.4,7.43,7.55,2457,678,3.62,38.82%,36.64%,0.622268,2026-08-28
INTC,89.47,2026-09-02,4,Call,91.00,-1.71%,1.24,1.27,1.35,2814,778,3.62,56.28%,51.87%,0.390103,2026-08-28
JOBY,6.98,2026-09-25,27,Put,6.50,-6.88%,0.2,0.23,0.24,1032,286,3.61,61.04%,57.91%,-0.292633,2026-08-28
NVDA,217.55,2026-08-31,2,Put,242.50,+11.47%,22.75,25.53,27.1,562,156,3.6,33.61%,103.02%,-0.917242,2026-08-28
SNDK,1484.98,2026-09-04,6,Call,"1,650.00",-11.11%,9.1,9.2,9.6,885,246,3.6,69.02%,72.26%,0.139031,2026-08-28
NTR,73.51,2026-12-18,111,Call,80.00,-8.83%,2.7,3.02,3.2,1000,278,3.6,30.24%,33.03%,0.356832,2026-08-28
IREN,35.45,2027-06-17,292,Call,20.00,+43.58%,18.15,19.6,19.65,826,230,3.59,79.92%,92.81%,0.873507,2026-08-28
NAMS,25.9,2026-09-18,20,Call,30.00,-15.83%,0.75,1,1.6,1027,286,3.59,95.55%,105.28%,0.320927,2026-08-28
UEC,12.4,2026-09-04,6,Call,12.00,+3.23%,0.63,0.72,0.76,1945,542,3.59,67.80%,74.29%,0.654754,2026-08-28
INTC,89.47,2026-08-31,2,Put,89.00,-0.53%,0.82,0.86,0.87,4942,1378,3.59,56.28%,40.59%,-0.422661,2026-08-28
LRCX,301.9,2026-10-16,48,Put,280.00,-7.25%,13.6,13.76,14.8,2410,673,3.58,56.79%,57.19%,-0.313907,2026-08-28
COIN,178.64,2026-09-04,6,Put,170.00,-4.84%,2.17,2.2,2.25,2105,590,3.57,62.80%,61.85%,-0.250934,2026-08-28
GOOGL,346.59,2026-09-11,13,Call,525.00,-51.48%,0.01,0.12,0.46,569,160,3.56,27.59%,93.26%,0.01178,2026-08-28
HPQ,30.52,2026-09-04,6,Put,29.50,-3.34%,0.29,0.38,0.42,612,172,3.56,45.20%,49.41%,-0.284936,2026-08-28
RKLB,64.39,2026-09-25,27,Call,70.00,-8.71%,2.48,2.72,2.79,987,277,3.56,67.54%,67.07%,0.362394,2026-08-28
MU,932.86,2026-08-31,2,Call,970.00,-3.98%,1.56,1.58,1.71,4010,1127,3.56,57.53%,43.05%,0.114441,2026-08-28
ABT,112.47,2026-11-20,83,Call,125.00,-11.14%,1.25,1.65,2.3,5113,1437,3.56,24.36%,26.60%,0.22771,2026-08-28
HOOD,104.26,2026-09-04,6,Put,99.00,-5.05%,1.08,1.12,1.16,3212,905,3.55,58.25%,59.17%,-0.2335,2026-08-28
IREN,35.45,2026-11-20,83,Call,55.00,-55.15%,1.46,1.69,1.85,6299,1772,3.55,79.92%,92.33%,0.224117,2026-08-28
MU,932.86,2026-08-31,2,Call,"1,000.00",-7.20%,0.38,0.39,0.4,8581,2420,3.55,57.53%,49.28%,0.029954,2026-08-28
IREN,35.45,2026-09-04,6,Put,32.50,-8.32%,0.37,0.39,0.42,560,158,3.54,79.92%,81.17%,-0.186166,2026-08-28
META,578.02,2026-08-31,2,Call,585.00,-1.21%,2.24,2.33,2.5,5165,1467,3.52,34.65%,29.62%,0.298589,2026-08-28
NVDA,217.55,2026-08-31,2,Call,210.00,+3.47%,7.55,7.75,8,8031,2280,3.52,33.61%,33.82%,0.923666,2026-08-28
MRVL,216.62,2026-09-18,20,Call,247.50,-14.26%,3.3,3.6,3.7,563,160,3.52,61.00%,63.14%,0.207577,2026-08-28
ASTS,58.05,2026-09-04,6,Call,62.00,-6.80%,0.75,0.81,0.85,595,169,3.52,71.56%,72.77%,0.256986,2026-08-28
IP,39.31,2026-10-16,48,Put,40.00,+1.76%,2.2,2.3,2.35,634,180,3.52,36.48%,33.08%,-0.534617,2026-08-28
GOOGL,346.59,2026-09-02,4,Call,352.50,-1.71%,1.46,1.75,1.66,721,205,3.52,27.59%,25.80%,0.274597,2026-08-28
NXE,10.4,2026-10-16,48,Put,10.00,-3.85%,0.6,0.64,0.65,1639,466,3.52,55.33%,56.31%,-0.376998,2026-08-28
ONDS,7.9,2026-09-18,20,Put,9.50,+20.25%,1.63,1.7,1.78,1151,328,3.51,73.07%,75.53%,-0.830432,2026-08-28
NVDA,217.55,2026-09-02,4,Call,230.00,-5.72%,0.34,0.35,0.36,16975,4834,3.51,33.61%,38.46%,0.087956,2026-08-28
MRVL,216.62,2026-09-04,6,Call,240.00,-10.79%,1.24,1.34,1.46,5111,1459,3.5,61.00%,70.70%,0.140258,2026-08-28
PURR,11.61,2026-09-11,13,Call,13.50,-16.28%,0.3,0.45,0.45,1045,299,3.49,101.96%,112.42%,0.274654,2026-08-28
CRWV,84.23,2026-09-04,6,Call,88.00,-4.48%,1.52,1.57,1.63,1195,342,3.49,70.60%,70.07%,0.331457,2026-08-28
MSFT,513.53,2026-08-31,2,Call,510.00,+0.69%,4.8,5.24,5.5,3774,1081,3.49,24.83%,19.89%,0.686785,2026-08-28
FWDI,5.89,2027-02-19,174,Call,10.00,-69.78%,0.5,0.95,1,953,274,3.48,123.81%,104.82%,0.365302,2026-08-28
MPC,368.83,2026-09-18,20,Put,300.00,-18.66%,0.35,0.39,0.4,1082,311,3.48,43.40%,46.20%,-0.024069,2026-08-28
QUBT,8.15,2026-09-25,27,Call,8.00,+1.84%,0.51,0.63,0.83,528,152,3.47,71.58%,66.41%,0.582401,2026-08-28
DKNG,25.26,2026-10-16,48,Put,25.00,-1.03%,1.55,1.47,1.97,1047,302,3.47,52.12%,53.49%,-0.432792,2026-08-28
AMD,465.58,2026-08-31,2,Call,482.50,-3.63%,0.7,0.77,0.79,1204,347,3.47,48.44%,39.35%,0.114226,2026-08-28
MSTR,127.31,2026-09-04,6,Call,142.00,-11.54%,0.98,1.02,1.05,21296,6140,3.47,69.27%,79.75%,0.155971,2026-08-28
NOW,144.71,2026-09-04,6,Call,141.00,+2.56%,6.1,6.33,6.6,620,179,3.46,52.85%,57.27%,0.654912,2026-08-28
AGNC,10.9,2027-01-15,139,Call,8.00,+26.61%,2.8,2.91,3.15,809,234,3.46,20.10%,39.43%,0.917606,2026-08-28
GS,1033.99,2026-09-04,6,Put,790.00,-23.60%,0.05,0.19,0.78,833,241,3.46,30.24%,92.18%,-0.009677,2026-08-28
MRVL,216.62,2026-09-18,20,Call,235.00,-8.48%,5.6,6.04,6.3,534,155,3.45,61.00%,61.77%,0.316413,2026-08-28
GOOGL,346.59,2026-09-04,6,Put,342.50,-1.18%,2.77,2.66,3.25,1071,310,3.45,27.59%,27.50%,-0.35655,2026-08-28
AMPX,9.89,2026-09-25,27,Call,13.00,-31.45%,0.1,0.15,0.25,2037,590,3.45,77.46%,88.16%,0.156396,2026-08-28
NFLX,81.72,2026-09-04,6,Call,83.00,-1.57%,0.77,0.77,0.8,12620,3662,3.45,32.56%,31.09%,0.361286,2026-08-28
MRVL,216.62,2026-10-16,48,Put,165.00,-23.83%,2.17,2.28,2.35,24806,7197,3.45,61.00%,62.26%,-0.090501,2026-08-28
MRK,148.35,2027-01-15,139,Call,175.00,-17.96%,3.2,3.55,3.75,4631,1345,3.44,28.24%,31.09%,0.229526,2026-08-28
MU,932.86,2026-08-31,2,Put,945.00,+1.30%,17,19.8,20,543,158,3.44,57.53%,41.60%,-0.655501,2026-08-28
GOOG,342.88,2026-10-02,34,Call,345.00,-0.62%,10.9,11.45,11.4,581,169,3.44,27.72%,27.88%,0.503032,2026-08-28
MU,932.86,2026-09-02,4,Call,"1,050.00",-12.56%,0.62,0.69,0.76,583,170,3.43,57.53%,59.43%,0.031179,2026-08-28
INTC,89.47,2027-09-17,384,Call,115.00,-28.53%,15.55,16.9,18,679,198,3.43,56.28%,65.34%,0.503186,2026-08-28
WULF,15.35,2026-10-16,48,Put,14.00,-8.79%,1.08,1.15,1.24,6647,1940,3.43,82.06%,76.70%,-0.342089,2026-08-28
C,132.9,2026-10-16,48,Put,120.00,-9.71%,1.24,1.35,1.46,9176,2676,3.43,27.22%,31.03%,-0.162296,2026-08-28
AMZN,266.43,2026-08-31,2,Call,255.00,+4.29%,11.25,11.58,12,3422,1002,3.42,29.48%,36.09%,0.951735,2026-08-28
CRM,256,2026-09-11,13,Call,260.00,-1.56%,5.3,6,6.35,1200,351,3.42,38.87%,38.87%,0.436169,2026-08-28
SPCX,141.5,2026-09-11,13,Put,140.00,-1.06%,4.25,4.3,4.4,2350,687,3.42,50.11%,48.29%,-0.430936,2026-08-28
WFC,86.69,2026-09-04,6,Call,86.00,+0.80%,1.33,1.41,1.49,1181,346,3.41,25.05%,22.98%,0.615702,2026-08-28
MSTR,127.31,2026-09-04,6,Put,118.00,-7.31%,1.25,1.35,1.41,1580,464,3.41,69.27%,72.86%,-0.19339,2026-08-28
TTD,13.57,2026-09-18,20,Call,14.50,-6.85%,0.24,0.32,0.41,1742,511,3.41,53.24%,52.23%,0.320996,2026-08-28
CELH,32.98,2026-09-04,6,Call,32.00,+2.97%,1.42,1.28,1.87,1928,566,3.41,52.81%,64.57%,0.66022,2026-08-28
DELL,456.24,2026-09-04,6,Put,415.00,-9.04%,8.75,9,9.2,551,162,3.4,72.93%,109.13%,-0.226492,2026-08-28
SMCI,37.08,2026-09-04,6,Put,38.50,+3.83%,2.14,2.03,2.35,714,210,3.4,70.35%,74.43%,-0.633774,2026-08-28
CRWV,84.23,2026-09-04,6,Call,85.00,-0.91%,2.58,2.7,2.73,2681,789,3.4,70.60%,69.39%,0.479613,2026-08-28
RIVN,16.07,2026-09-18,20,Put,15.50,-3.55%,0.49,0.52,0.59,614,181,3.39,55.14%,54.61%,-0.359655,2026-08-28
TSLA,348.75,2026-08-31,2,Call,335.00,+3.94%,13.85,13.97,14.15,779,230,3.39,38.82%,33.50%,0.949784,2026-08-28
GLW,148.98,2026-09-04,6,Call,175.00,-17.47%,0.1,0.1,0.36,949,280,3.39,57.36%,71.00%,0.042929,2026-08-28
CIFR,15.17,2026-09-04,6,Call,15.00,+1.12%,0.77,0.84,0.84,1468,433,3.39,97.04%,92.36%,0.563336,2026-08-28
PBR,18.53,2026-09-04,6,Call,19.00,-2.54%,0.13,0.14,0.14,4235,1251,3.39,36.02%,32.80%,0.284258,2026-08-28
MU,932.86,2026-09-04,6,Call,"1,000.00",-7.20%,5.85,5.87,6.2,7077,2090,3.39,57.53%,55.34%,0.174663,2026-08-28
NVDA,217.55,2026-09-04,6,Put,215.00,-1.17%,2.7,2.73,2.77,20479,6038,3.39,33.61%,35.43%,-0.385156,2026-08-28
CCL,24.76,2026-09-11,13,Put,24.00,-3.07%,0.2,0.3,0.36,538,159,3.38,40.98%,31.96%,-0.289777,2026-08-28
CRWD,218.4,2026-09-04,6,Put,212.50,-2.70%,3.9,4,4.6,733,217,3.38,50.97%,62.11%,-0.348205,2026-08-28
ZETA,30.54,2026-09-25,27,Call,35.00,-14.60%,0.55,0.6,0.7,1127,333,3.38,58.47%,60.27%,0.231668,2026-08-28
CART,50.54,2026-10-16,48,Put,42.00,-16.90%,0.3,0.35,0.4,820,243,3.37,34.21%,41.76%,-0.092199,2026-08-28
ASST,21.74,2026-09-04,6,Call,24.50,-12.70%,0.25,0.35,0.47,1108,329,3.37,100.01%,109.80%,0.219316,2026-08-28
CRM,256,2026-09-11,13,Put,250.00,-2.34%,4.2,4.5,4.75,1356,404,3.36,38.87%,37.65%,-0.351221,2026-08-28
TSLA,348.75,2026-09-02,4,Put,345.00,-1.08%,3.6,3.6,3.7,2640,785,3.36,38.82%,37.05%,-0.379479,2026-08-28
MSFT,513.53,2026-09-04,6,Call,515.00,-0.29%,5.8,6.2,7,3893,1160,3.36,24.83%,26.60%,0.478939,2026-08-28
NLY,23.04,2026-10-16,48,Put,21.00,-8.85%,0.13,0.15,0.17,7505,2236,3.36,16.42%,22.59%,-0.147754,2026-08-28
META,578.02,2026-08-31,2,Call,600.00,-3.80%,0.35,0.38,0.4,11905,3559,3.35,34.65%,32.49%,0.062717,2026-08-28
APLD,25.34,2026-09-11,13,Call,29.00,-14.44%,0.26,0.33,0.55,670,200,3.35,82.69%,78.80%,0.204887,2026-08-28
CRWV,84.23,2026-09-04,6,Call,87.00,-3.29%,1.84,1.88,1.9,993,296,3.35,70.60%,69.42%,0.377361,2026-08-28
TGT,163.18,2026-09-04,6,Call,170.00,-4.18%,0.29,0.34,0.42,1154,345,3.34,28.75%,27.40%,0.126281,2026-08-28
INTC,89.47,2026-09-02,4,Call,90.00,-0.59%,1.62,1.67,1.75,1401,420,3.34,56.28%,51.37%,0.469406,2026-08-28
GOOGL,346.59,2026-08-31,2,Put,340.00,-1.90%,0.3,0.35,0.36,1435,430,3.34,27.59%,22.19%,-0.117534,2026-08-28
AMD,465.58,2026-08-31,2,Put,470.00,+0.95%,7.35,7.72,7.95,1740,521,3.34,48.44%,37.61%,-0.625695,2026-08-28
TSLA,348.75,2026-09-02,4,Put,340.00,-2.51%,2.06,2.11,2.13,1945,583,3.34,38.82%,37.65%,-0.250374,2026-08-28
NVAX,9.26,2026-09-04,6,Call,10.00,-7.99%,0.14,0.15,0.15,2721,815,3.34,71.19%,83.78%,0.255735,2026-08-28
AAPL,319.7,2026-09-11,13,Put,320.00,+0.09%,5.7,5.85,6,596,179,3.33,24.43%,24.36%,-0.491293,2026-08-28
B,45.65,2026-09-04,6,Call,40.00,+12.38%,5.45,5.45,5.95,709,213,3.33,46.04%,55.61%,0.970605,2026-08-28
PLD,140.7,2026-11-20,83,Put,130.00,-7.60%,1.85,2.45,2.9,1457,438,3.33,22.02%,24.97%,-0.229634,2026-08-28
NVDA,217.55,2026-09-04,6,Call,227.50,-4.57%,0.98,1,1.01,31041,9329,3.33,33.61%,36.94%,0.181505,2026-08-28
INTC,89.47,2026-09-02,4,Put,92.00,+2.83%,3.35,3.23,3.65,528,159,3.32,56.28%,52.91%,-0.681475,2026-08-28
BX,142.39,2026-09-04,6,Call,155.00,-8.86%,0.05,0.14,0.2,701,211,3.32,35.10%,38.30%,0.044353,2026-08-28
GOOGL,346.59,2026-09-02,4,Call,360.00,-3.87%,0.42,0.44,0.56,813,245,3.32,27.59%,28.01%,0.102517,2026-08-28
NVDA,217.55,2026-09-09,11,Put,220.00,+1.13%,5.85,6,6.3,1406,423,3.32,33.61%,32.07%,-0.563918,2026-08-28
NVAX,9.26,2026-09-11,13,Put,8.50,-8.21%,0,0.27,0.3,507,153,3.31,71.19%,64.38%,-0.219141,2026-08-28
MSFT,513.53,2026-09-04,6,Call,545.00,-6.13%,0.28,0.28,0.41,744,225,3.31,24.83%,27.21%,0.047097,2026-08-28
C,132.9,2026-09-04,6,Put,130.00,-2.18%,0.63,0.7,0.73,881,266,3.31,27.22%,26.41%,-0.249295,2026-08-28
MSTR,127.31,2026-09-04,6,Put,122.00,-4.17%,2.37,2.42,2.49,834,253,3.3,69.27%,72.67%,-0.30522,2026-08-28
GE,342.58,2026-10-16,48,Call,350.00,-2.17%,11.2,12.4,12.65,1528,463,3.3,29.55%,29.47%,0.456598,2026-08-28
BE,210.77,2026-09-04,6,Call,215.00,-2.01%,7.75,7.8,7.95,921,280,3.29,81.62%,89.75%,0.456211,2026-08-28
AVGO,368.79,2026-09-18,20,Call,375.00,-1.68%,15.8,16.41,16.25,1297,394,3.29,49.45%,53.93%,0.477303,2026-08-28
C,132.9,2026-09-04,6,Call,135.00,-1.58%,0.81,0.8,0.91,1030,314,3.28,27.22%,24.74%,0.319451,2026-08-28
SKHY,161.04,2027-03-19,202,Call,235.00,-45.93%,13.5,14.2,14.8,1396,425,3.28,62.85%,69.32%,0.332764,2026-08-28
GOOGL,346.59,2026-08-31,2,Call,347.50,-0.26%,1.55,1.7,1.85,8004,2439,3.28,27.59%,20.45%,0.439022,2026-08-28
INTC,89.47,2026-08-31,2,Put,90.00,+0.59%,1.26,1.37,1.41,8806,2681,3.28,56.28%,39.88%,-0.571803,2026-08-28
WULF,15.35,2026-10-16,48,Call,22.00,-43.32%,0.36,0.39,0.44,31156,9514,3.27,82.06%,94.04%,0.166167,2026-08-28
BULL,9.37,2026-09-18,20,Put,9.00,-3.95%,0.33,0.33,0.56,746,228,3.27,59.84%,72.32%,-0.369796,2026-08-28
CSCO,109.93,2026-09-04,6,Put,109.00,-0.85%,1.02,1.05,1.12,1289,396,3.26,28.25%,26.85%,-0.392541,2026-08-28
META,578.02,2026-08-31,2,Put,567.50,-1.82%,1.3,1.38,1.58,825,254,3.25,34.65%,30.02%,-0.199038,2026-08-28
IREN,35.45,2026-09-04,6,Put,30.00,-15.37%,0.09,0.1,0.12,8654,2660,3.25,79.92%,86.79%,-0.059287,2026-08-28
NUAI,4.66,2026-09-04,6,Put,5.00,+7.30%,0.5,0.52,0.6,984,304,3.24,158.65%,144.46%,-0.612342,2026-08-28
AMZN,266.43,2026-09-11,13,Call,280.00,-5.09%,1.37,1.43,1.49,2700,833,3.24,29.48%,28.17%,0.188427,2026-08-28
AFRM,77.76,2026-10-16,48,Put,72.50,-6.76%,2.89,2.83,3.85,758,235,3.23,52.60%,52.94%,-0.314937,2026-08-28
LUV,39.64,2027-01-15,139,Call,47.50,-19.83%,1.25,1.54,1.65,2000,620,3.23,38.32%,39.33%,0.275098,2026-08-28
MSFT,513.53,2026-09-04,6,Put,500.00,-2.63%,1.8,2,2.2,4169,1291,3.23,24.83%,26.11%,-0.204034,2026-08-28
AMZN,266.43,2026-09-04,6,Call,270.00,-1.34%,2.53,2.57,2.69,22191,6880,3.23,29.48%,29.83%,0.376998,2026-08-28
PYPL,53.66,2026-10-09,41,Put,60.00,+11.82%,6.4,7.37,8,512,159,3.22,32.48%,42.11%,-0.763104,2026-08-28
XOM,156.71,2026-09-04,6,Call,155.00,+1.09%,3.15,3.35,3.45,545,169,3.22,27.46%,29.25%,0.623708,2026-08-28
META,578.02,2026-09-02,4,Call,600.00,-3.80%,1.84,1.93,1.98,2138,664,3.22,34.65%,35.95%,0.167674,2026-08-28
SBET,8.2,2027-04-16,230,Call,15.00,-82.93%,0.59,0.79,0.93,632,197,3.21,80.03%,84.36%,0.29823,2026-08-28
CRWD,218.4,2026-09-04,6,Put,217.50,-0.41%,6.05,6.2,6.45,639,199,3.21,50.97%,60.54%,-0.460873,2026-08-28
MRVL,216.62,2026-09-25,27,Put,195.00,-9.98%,4.45,4.8,5,677,211,3.21,61.00%,57.77%,-0.222928,2026-08-28
AAP,42.9,2028-01-21,510,Put,35.00,-18.41%,6.1,6.1,6.4,801,250,3.2,43.67%,57.05%,-0.247525,2026-08-28
SPCX,141.5,2027-02-19,174,Call,310.00,-119.08%,1.16,1.46,1.65,3205,1003,3.2,50.11%,63.07%,0.061636,2026-08-28
NOW,144.71,2026-09-04,6,Call,145.00,-0.20%,3.9,3.98,4.15,3362,1051,3.2,52.85%,55.72%,0.506399,2026-08-28
ONDS,7.9,2026-09-04,6,Call,8.00,-1.27%,0.24,0.24,0.26,4662,1457,3.2,73.07%,72.64%,0.46728,2026-08-28
AAPL,319.7,2026-09-02,4,Call,320.00,-0.09%,2.8,2.97,2.95,6431,2010,3.2,24.43%,22.21%,0.494718,2026-08-28
NVDA,217.55,2026-09-02,4,Call,237.50,-9.17%,0.12,0.14,0.14,3486,1092,3.19,33.61%,44.82%,0.032967,2026-08-28
TSLA,348.75,2026-09-09,11,Call,375.00,-7.53%,1.46,1.51,1.55,1465,459,3.19,38.82%,36.64%,0.137431,2026-08-28
CIFR,15.17,2026-09-04,6,Put,15.50,+2.18%,0.84,0.93,0.99,1964,615,3.19,97.04%,94.81%,-0.544813,2026-08-28
ONDS,7.9,2026-09-25,27,Call,8.50,-7.59%,0.4,0.42,0.45,1127,354,3.18,73.07%,76.11%,0.406233,2026-08-28
CRWD,218.4,2026-09-04,6,Call,215.00,+1.56%,8,8.57,8.8,1828,575,3.18,50.97%,58.53%,0.60048,2026-08-28
GLW,148.98,2026-10-02,34,Put,125.00,-16.10%,1.9,2.05,2.39,524,166,3.16,57.36%,59.61%,-0.142388,2026-08-28
SOFI,18.06,2026-09-18,20,Call,19.50,-7.97%,0.32,0.32,0.39,4455,1408,3.16,49.75%,50.55%,0.283507,2026-08-28
AAPL,319.7,2026-09-04,6,Call,322.50,-0.88%,2.58,2.69,2.77,9703,3070,3.16,24.43%,23.43%,0.398438,2026-08-28
NOK,10.21,2026-09-04,6,Call,10.00,+2.06%,0.37,0.4,0.41,4662,1479,3.15,55.70%,52.21%,0.636641,2026-08-28
PCG,16.6,2026-12-18,111,Call,18.00,-8.43%,0.66,0.85,1.1,10072,3198,3.15,49.01%,37.65%,0.400844,2026-08-28
CRWV,84.23,2026-09-04,6,Put,76.00,-9.77%,0.46,0.48,0.5,724,230,3.15,70.60%,71.68%,-0.120866,2026-08-28
GE,342.58,2026-10-16,48,Put,340.00,-0.75%,11.75,12.55,13.7,1529,485,3.15,29.55%,29.54%,-0.438736,2026-08-28
AAPL,319.7,2026-09-04,6,Put,312.50,-2.25%,1.2,1.29,1.38,2241,714,3.14,24.43%,24.23%,-0.222389,2026-08-28
NOW,144.71,2026-09-04,6,Call,150.00,-3.66%,2.04,2.05,2.09,5134,1638,3.13,52.85%,55.21%,0.321496,2026-08-28
TSLA,348.75,2026-09-04,6,Call,365.00,-4.66%,1.92,1.94,1.98,8358,2670,3.13,38.82%,40.26%,0.19905,2026-08-28
B,45.65,2026-09-04,6,Call,49.00,-7.34%,0.12,0.18,0.23,531,170,3.12,46.04%,47.40%,0.129364,2026-08-28
CCL,24.76,2026-09-04,6,Put,24.50,-1.05%,0.32,0.32,0.35,860,276,3.12,40.98%,36.14%,-0.399335,2026-08-28
ASTS,58.05,2026-09-04,6,Put,57.00,-1.81%,1.41,1.5,1.6,1013,325,3.12,71.56%,67.98%,-0.3979,2026-08-28
XYZ,83.57,2027-06-17,292,Call,120.00,-43.59%,4.8,5.18,5.35,550,177,3.11,37.91%,47.10%,0.283475,2026-08-28
NOW,144.71,2027-03-19,202,Call,190.00,-31.30%,10.95,11.83,12.55,603,194,3.11,52.85%,56.93%,0.352309,2026-08-28
MPC,368.83,2026-12-18,111,Put,300.00,-18.66%,8.6,9.9,10,709,228,3.11,43.40%,46.07%,-0.165767,2026-08-28
MU,932.86,2026-08-31,2,Call,985.00,-5.59%,0.71,0.72,0.81,1123,361,3.11,57.53%,45.82%,0.056965,2026-08-28
ASAN,10.19,2026-09-18,20,Call,15.00,-47.20%,0.05,0.11,0.15,1136,365,3.11,91.68%,111.58%,0.08977,2026-08-28
TSLA,348.75,2026-09-18,20,Call,357.50,-2.51%,8.85,9.05,9,1650,530,3.11,38.82%,38.07%,0.416356,2026-08-28
ALB,137.36,2026-10-16,48,Call,150.00,-9.20%,4.65,4.87,5.2,896,289,3.1,47.31%,47.48%,0.341883,2026-08-28
T,26.01,2026-09-18,20,Call,26.50,-1.88%,0.31,0.32,0.35,949,306,3.1,22.56%,22.17%,0.366679,2026-08-28
DKNG,25.26,2026-09-11,13,Call,26.50,-4.91%,0.48,0.61,0.56,1598,516,3.1,52.12%,51.93%,0.334726,2026-08-28
META,578.02,2026-08-31,2,Put,565.00,-2.25%,0.89,0.95,0.98,1210,392,3.09,34.65%,29.42%,-0.143529,2026-08-28
AVGO,368.79,2026-08-31,2,Call,372.50,-1.01%,1.51,1.46,1.71,2067,668,3.09,49.45%,28.32%,0.322947,2026-08-28
MRVL,216.62,2026-09-04,6,Call,210.00,+3.06%,10.4,11,11.55,613,199,3.08,61.00%,65.13%,0.662899,2026-08-28
LITE,895,2026-09-04,6,Call,980.00,-9.50%,6.6,7.4,7.7,1268,412,3.08,72.47%,70.72%,0.171369,2026-08-28
NOW,144.71,2026-09-04,6,Put,138.00,-4.64%,1.41,1.49,1.77,1884,611,3.08,52.85%,57.09%,-0.244311,2026-08-28
SBUX,107.85,2026-09-04,6,Put,109.00,+1.07%,1.9,2,2.12,549,179,3.07,26.26%,24.76%,-0.622818,2026-08-28
HD,330.19,2026-09-11,13,Call,350.00,-6.00%,0.38,0.6,0.7,927,302,3.07,24.60%,22.19%,0.086317,2026-08-28
ANET,195.38,2026-09-04,6,Call,210.00,-7.48%,0.65,0.7,0.8,1072,349,3.07,46.80%,47.45%,0.12587,2026-08-28
ASTS,58.05,2026-11-20,83,Put,85.00,+46.43%,27.05,29.3,31.1,2031,661,3.07,71.56%,84.39%,-0.774077,2026-08-28
AVGO,368.79,2026-08-31,2,Put,357.50,-3.06%,0.34,0.4,0.43,686,224,3.06,49.45%,32.20%,-0.092953,2026-08-28
TGT,163.18,2026-09-04,6,Call,165.00,-1.12%,1.39,1.57,1.6,863,282,3.06,28.75%,27.20%,0.383217,2026-08-28
PLTR,186.29,2026-09-11,13,Put,185.00,-0.69%,5.3,5.3,5.45,1204,394,3.06,45.55%,43.65%,-0.445116,2026-08-28
MSTR,127.31,2026-09-04,6,Call,128.00,-0.54%,4.4,4.47,4.6,2155,704,3.06,69.27%,73.58%,0.498476,2026-08-28
SLS,13.21,2026-09-04,6,Put,11.50,-12.94%,0.2,0.27,0.35,811,266,3.05,189.24%,139.58%,-0.192919,2026-08-28
SPCX,141.5,2026-09-11,13,Put,141.00,-0.35%,4.75,4.75,4.9,884,290,3.05,50.11%,48.46%,-0.461946,2026-08-28
TSLA,348.75,2026-09-04,6,Call,355.00,-1.79%,4.45,4.5,4.6,8754,2872,3.05,38.82%,39.70%,0.377573,2026-08-28
SBET,8.2,2026-11-20,83,Call,10.00,-21.95%,0.7,0.71,0.87,1266,417,3.04,80.03%,87.25%,0.401791,2026-08-28
AU,113.19,2028-01-21,510,Put,95.00,-16.07%,14,16.15,18.6,751,248,3.03,55.52%,52.13%,-0.265824,2026-08-28
DOCS,26.73,2028-12-15,839,Call,32.50,-21.59%,7.5,9.89,12.5,785,259,3.03,46.54%,69.82%,0.66859,2026-08-28
CRWV,84.23,2027-02-19,174,Put,70.00,-16.89%,9.1,9.6,9.95,878,290,3.03,70.60%,77.24%,-0.26092,2026-08-28
NOW,144.71,2026-09-04,6,Put,137.00,-5.33%,1.2,1.27,1.53,541,179,3.02,52.85%,57.58%,-0.215996,2026-08-28
TGT,163.18,2026-09-04,6,Put,165.00,+1.12%,3.1,3.25,3.45,664,220,3.02,28.75%,26.97%,-0.617876,2026-08-28
COIN,178.64,2026-09-04,6,Put,175.00,-2.04%,3.7,3.89,4,1415,469,3.02,62.80%,61.04%,-0.378779,2026-08-28
CRM,256,2026-09-04,6,Put,235.00,-8.20%,0.31,0.46,0.5,1769,585,3.02,38.87%,44.56%,-0.062441,2026-08-28
"Downloaded from Barchart.com as of 08-28-2026 09:18pm CDT"
