Symbol,Price~,"Exp Date",DTE,Type,Strike,Moneyness,Bid,Latest,Ask,Volume,"Open Int",Vol/OI,"Imp Vol",IV,Delta,Time
AAPL,325.13,2026-09-02,1,Put,322.50,-0.81%,0.69,0.72,0.72,82654,145,570.03,25.07%,25.38%,-0.266276,2026-09-01
AAPL,325.13,2026-09-02,1,Put,325.00,-0.04%,1.55,1.63,1.64,69584,125,556.67,25.07%,24.63%,-0.482774,2026-09-01
AAPL,325.13,2026-09-02,1,Put,320.00,-1.58%,0.27,0.27,0.29,99547,327,304.43,25.07%,26.60%,-0.124024,2026-09-01
NN,15.22,2026-12-18,108,Call,21.00,-37.98%,1.8,2,2.1,23007,142,162.02,114.13%,108.58%,0.408839,2026-09-01
PBR,20.33,2027-06-17,289,Call,22.00,-8.21%,2.02,2.01,2.08,21816,252,86.57,40.89%,36.53%,0.477063,2026-09-01
TSLA,356.09,2026-09-02,1,Call,357.50,-0.40%,2.61,2.63,2.65,61128,784,77.97,40.52%,43.91%,0.437962,2026-09-01
META,578.54,2026-09-02,1,Put,577.50,-0.18%,4,4.2,4.4,8543,111,76.96,35.41%,39.14%,-0.459484,2026-09-01
AAPL,325.13,2026-09-02,1,Call,327.50,-0.73%,0.77,0.78,0.81,167353,2485,67.35,25.07%,25.12%,0.294954,2026-09-01
AMD,459.61,2026-09-02,1,Call,460.00,-0.08%,4.9,4.9,5.2,6847,106,64.59,47.81%,54.38%,0.495181,2026-09-01
AAPL,325.13,2026-09-04,3,Put,322.50,-0.81%,1.89,1.99,2.03,18225,288,63.28,25.07%,26.73%,-0.360578,2026-09-01
AAPL,325.13,2026-09-09,8,Call,340.00,-4.57%,0.75,0.78,0.87,13154,235,55.97,25.07%,26.04%,0.130924,2026-09-01
TSLA,356.09,2026-09-02,1,Call,362.50,-1.80%,1.09,1.09,1.11,47673,877,54.36,40.52%,44.93%,0.228842,2026-09-01
LUMN,6.38,2026-10-02,31,Call,7.00,-9.72%,0,0.22,0.37,7895,152,51.94,63.56%,57.26%,0.298832,2026-09-01
MU,933.44,2026-09-02,1,Call,935.00,-0.17%,9.75,9.75,10.5,19204,374,51.35,58.73%,55.59%,0.484249,2026-09-01
META,578.54,2027-02-19,171,Call,900.00,-55.56%,6.9,7.05,7.3,6030,119,50.67,35.41%,43.27%,0.098586,2026-09-01
AMZN,254.92,2026-09-02,1,Call,247.50,+2.91%,6.95,6.8,8.6,8489,170,49.94,29.15%,46.49%,0.890715,2026-09-01
TSLA,356.09,2026-09-02,1,Call,360.00,-1.10%,1.71,1.73,1.74,129674,2691,48.19,40.52%,44.24%,0.324275,2026-09-01
AAPL,325.13,2026-09-02,1,Call,332.50,-2.27%,0.12,0.12,0.14,56743,1207,47.01,25.07%,27.81%,0.063488,2026-09-01
INTC,88.97,2026-09-02,1,Call,87.00,+2.21%,2.33,2.4,2.55,11665,255,45.75,56.07%,65.40%,0.749773,2026-09-01
AMZN,254.92,2026-09-04,3,Call,247.50,+2.91%,7.8,7.8,8.6,6600,154,42.86,29.15%,34.37%,0.834811,2026-09-01
BSX,48.08,2026-12-18,108,Call,75.00,-55.99%,0.15,0.25,0.25,50390,1196,42.13,37.70%,44.08%,0.045821,2026-09-01
META,578.54,2026-09-02,1,Put,580.00,+0.25%,5.3,5.6,5.75,9972,248,40.21,35.41%,39.56%,-0.542975,2026-09-01
AAPL,325.13,2026-09-02,1,Call,330.00,-1.50%,0.31,0.33,0.33,144081,3595,40.08,25.07%,26.14%,0.141601,2026-09-01
VIPS,13.1,2026-10-16,45,Put,13.00,-0.76%,0.4,0.4,0.6,5270,134,39.33,31.53%,24.55%,-0.511428,2026-09-01
PCG,14.06,2026-09-11,10,Call,14.50,-3.13%,0.44,0.6,0.58,5766,155,37.2,58.31%,74.84%,0.427635,2026-09-01
ECHO,86.04,2026-10-16,45,Call,105.00,-22.04%,0.55,0.78,1.45,3750,101,37.13,44.03%,48.27%,0.143816,2026-09-01
MSFT,501.02,2026-09-02,1,Call,502.50,-0.30%,1.92,2,2.08,11191,302,37.06,24.80%,25.37%,0.417022,2026-09-01
AAPL,325.13,2026-09-02,1,Put,317.50,-2.35%,0.1,0.1,0.11,47161,1309,36.03,25.07%,28.11%,-0.051894,2026-09-01
S,20.63,2026-09-04,3,Put,19.50,-5.48%,0.1,0.13,0.2,5163,146,35.36,49.98%,74.08%,-0.190409,2026-09-01
MU,933.44,2026-09-02,1,Call,930.00,+0.37%,12.3,12.3,12.75,11147,318,35.05,58.73%,54.83%,0.558203,2026-09-01
MU,933.44,2026-09-02,1,Call,965.00,-3.38%,1.71,1.8,1.81,14896,431,34.56,58.73%,55.67%,0.130645,2026-09-01
META,578.54,2026-09-02,1,Put,575.00,-0.61%,3.05,3.25,3.3,14784,432,34.22,35.41%,39.48%,-0.37786,2026-09-01
INTC,88.97,2026-09-02,1,Call,88.00,+1.09%,1.64,1.71,1.75,9795,292,33.54,56.07%,61.72%,0.639867,2026-09-01
SOBO,37.81,2026-10-16,45,Call,40.00,-5.79%,0.35,0.35,0.5,3378,101,33.45,32.21%,22.80%,0.245999,2026-09-01
GTLB,45.09,2026-09-04,3,Call,58.00,-28.63%,0.45,0.47,0.5,7216,218,33.1,86.78%,216.63%,0.118527,2026-09-01
SNDK,1536.87,2026-09-04,3,Put,"1,240.00",-19.32%,0.5,0.55,0.85,5705,174,32.79,70.03%,108.10%,-0.012491,2026-09-01
PCVX,60.81,2026-12-18,108,Put,30.00,-50.67%,0.9,1.45,1.75,21886,676,32.38,52.06%,108.50%,-0.065557,2026-09-01
AMD,459.61,2026-09-02,1,Call,455.00,+1.00%,7.7,7.7,8.95,5564,179,31.08,47.81%,59.67%,0.63368,2026-09-01
PCG,14.06,2026-09-11,10,Call,15.00,-6.69%,0.25,0.35,0.55,5885,191,30.81,58.31%,81.28%,0.341006,2026-09-01
MU,933.44,2026-09-02,1,Put,935.00,+0.17%,11.5,11.79,12,17126,557,30.75,58.73%,56.37%,-0.515622,2026-09-01
MU,933.44,2026-09-02,1,Call,955.00,-2.31%,3.25,3.31,3.45,12925,428,30.2,58.73%,55.17%,0.219734,2026-09-01
MU,933.44,2026-09-02,1,Call,970.00,-3.92%,1.25,1.35,1.35,23890,795,30.05,58.73%,56.58%,0.100421,2026-09-01
MU,933.44,2026-09-02,1,Call,950.00,-1.77%,4.4,4.52,4.6,39938,1338,29.85,58.73%,54.90%,0.276151,2026-09-01
MU,933.44,2026-09-02,1,Call,945.00,-1.24%,5.75,6.03,6.25,15023,514,29.23,58.73%,54.96%,0.340844,2026-09-01
MU,933.44,2026-09-02,1,Call,975.00,-4.45%,0.91,0.91,1,11403,391,29.16,58.73%,57.50%,0.076493,2026-09-01
AMZN,254.92,2026-09-04,3,Call,242.50,+4.87%,12.2,12.68,13.85,4300,148,29.05,29.15%,44.99%,0.894784,2026-09-01
MU,933.44,2026-09-02,1,Put,930.00,-0.37%,8.95,9.15,9.55,22527,796,28.3,58.73%,56.14%,-0.443088,2026-09-01
NVDA,217.44,2026-09-02,1,Call,217.50,-0.03%,1.56,1.56,1.59,120674,4438,27.19,32.61%,35.14%,0.499561,2026-09-01
META,578.54,2026-09-02,1,Call,567.50,+1.91%,11.35,14,12.95,4107,152,27.02,35.41%,38.80%,0.8323,2026-09-01
AMD,459.61,2026-09-02,1,Call,465.00,-1.17%,2.83,2.88,2.95,6111,230,26.57,47.81%,53.09%,0.343792,2026-09-01
TSLA,356.09,2026-09-02,1,Put,352.50,-1.01%,1.66,1.69,1.69,59575,2279,26.14,40.52%,42.74%,-0.319848,2026-09-01
AAPL,325.13,2026-09-02,1,Call,325.00,+0.04%,1.76,1.75,1.83,228462,8751,26.11,25.07%,25.26%,0.517425,2026-09-01
TSLA,356.09,2026-09-02,1,Put,357.50,+0.40%,3.9,3.96,4.05,66938,2576,25.99,40.52%,43.48%,-0.563123,2026-09-01
T,26,2026-09-11,10,Put,26.00,0.00%,0.31,0.31,0.4,2716,107,25.38,24.60%,20.59%,-0.494426,2026-09-01
MU,933.44,2026-09-02,1,Put,910.00,-2.51%,3,3.1,3.25,6333,250,25.33,58.73%,57.97%,-0.195926,2026-09-01
MSFT,501.02,2026-09-02,1,Call,505.00,-0.79%,1.06,1.15,1.16,15118,599,25.24,24.80%,24.97%,0.276634,2026-09-01
META,578.54,2026-09-02,1,Call,587.50,-1.55%,1.64,1.67,1.84,9884,395,25.02,35.41%,40.88%,0.240875,2026-09-01
MU,933.44,2026-09-02,1,Call,940.00,-0.70%,7.6,7.8,7.8,28761,1164,24.71,58.73%,54.31%,0.409536,2026-09-01
AMZN,254.92,2026-09-04,3,Call,237.50,+6.83%,17.2,17.64,17.8,3268,135,24.21,29.15%,29.91%,0.995785,2026-09-01
CRWV,81.85,2026-09-11,10,Put,89.00,+8.74%,8,8.34,8.95,4187,174,24.06,69.86%,70.53%,-0.743903,2026-09-01
TSLA,356.09,2026-09-02,1,Put,347.50,-2.41%,0.59,0.6,0.6,45965,1941,23.68,40.52%,43.97%,-0.140835,2026-09-01
AAPL,325.13,2026-09-02,1,Call,322.50,+0.81%,3.25,3.4,3.5,113326,4792,23.65,25.07%,25.59%,0.73235,2026-09-01
AMZN,254.92,2026-09-04,3,Put,272.50,+6.90%,16.45,17.9,18.2,4923,213,23.11,29.15%,49.94%,-0.927465,2026-09-01
MSFT,501.02,2026-09-02,1,Call,507.50,-1.29%,0.52,0.54,0.58,6939,315,22.03,24.80%,24.61%,0.16228,2026-09-01
GOOGL,335.02,2026-09-02,1,Call,335.00,+0.01%,1.8,1.85,1.93,8303,383,21.68,27.65%,26.30%,0.507147,2026-09-01
META,578.54,2026-09-02,1,Call,565.00,+2.34%,13.55,14.43,15,4809,224,21.47,35.41%,38.68%,0.881863,2026-09-01
TSLA,356.09,2026-09-02,1,Call,355.00,+0.31%,3.8,3.85,3.9,59671,2796,21.34,40.52%,43.87%,0.559362,2026-09-01
MU,933.44,2026-09-02,1,Put,925.00,-0.90%,7.05,7.05,7.6,9930,485,20.47,58.73%,57.05%,-0.373734,2026-09-01
AMD,459.61,2026-09-02,1,Call,470.00,-2.26%,1.48,1.53,1.6,11335,567,19.99,47.81%,52.95%,0.214981,2026-09-01
HPE,50.87,2026-09-04,3,Call,59.00,-15.98%,0.61,0.74,0.67,8030,403,19.93,71.68%,160.40%,0.172182,2026-09-01
PCG,14.06,2026-09-04,3,Call,15.00,-6.69%,0.22,0.22,0.27,6725,338,19.9,58.31%,114.46%,0.284263,2026-09-01
XYZ,77.88,2026-09-04,3,Call,80.00,-2.72%,0.39,0.56,0.53,2228,112,19.89,38.41%,43.28%,0.255483,2026-09-01
MU,933.44,2026-09-02,1,Put,960.00,+2.85%,27.75,28.6,29.75,6576,331,19.87,58.73%,53.94%,-0.836111,2026-09-01
INTC,88.97,2026-09-09,8,Call,91.00,-2.28%,1.78,1.85,1.93,2251,114,19.75,56.07%,51.35%,0.401265,2026-09-01
AMZN,254.92,2026-09-02,1,Call,257.50,-1.01%,0.55,0.56,0.57,38291,1939,19.75,29.15%,28.13%,0.251446,2026-09-01
AFRM,69.94,2027-03-19,199,Put,55.00,-21.36%,4.3,4.7,4.7,2501,128,19.54,52.06%,59.09%,-0.209011,2026-09-01
MU,933.44,2026-09-02,1,Put,950.00,+1.77%,20.4,21,22,12486,639,19.54,58.73%,56.25%,-0.719199,2026-09-01
AMZN,254.92,2026-09-04,3,Call,245.00,+3.89%,10.05,10.27,10.6,9386,481,19.51,29.15%,33.46%,0.908827,2026-09-01
MU,933.44,2026-09-02,1,Put,900.00,-3.58%,1.61,1.67,1.7,16402,841,19.5,58.73%,59.16%,-0.115724,2026-09-01
META,578.54,2026-09-02,1,Call,595.00,-2.85%,0.61,0.64,0.7,11410,589,19.37,35.41%,42.58%,0.106806,2026-09-01
LVS,43.84,2027-06-17,289,Call,60.00,-36.86%,1.2,1.25,1.49,6335,328,19.31,30.59%,34.96%,0.201675,2026-09-01
MU,933.44,2026-09-02,1,Put,920.00,-1.44%,5.4,5.45,5.7,14736,768,19.19,58.73%,56.93%,-0.306947,2026-09-01
HYMC,21.63,2026-10-16,45,Call,28.00,-29.45%,0.8,0.9,1.15,2009,105,19.13,86.71%,92.14%,0.266941,2026-09-01
Z,33.45,2026-11-20,80,Put,35.00,+4.63%,4.1,4.4,4.4,3233,169,19.13,51.41%,55.98%,-0.508538,2026-09-01
MRNA,154.27,2026-09-04,3,Call,162.50,-5.33%,2.45,2.75,2.8,3088,165,18.72,79.67%,101.75%,0.303577,2026-09-01
AMZN,254.92,2026-09-02,1,Call,252.50,+0.95%,2.97,3,3.15,7658,411,18.63,29.15%,29.04%,0.73952,2026-09-01
META,578.54,2026-09-02,1,Put,570.00,-1.48%,1.6,1.75,1.79,12988,697,18.63,35.41%,40.20%,-0.235384,2026-09-01
MU,933.44,2026-09-02,1,Call,925.00,+0.90%,15.05,16,15.95,2494,134,18.61,58.73%,55.14%,0.630267,2026-09-01
NKE,38.12,2026-09-04,3,Call,38.00,+0.31%,0.5,0.57,0.58,2595,142,18.27,39.19%,34.77%,0.545456,2026-09-01
PCG,14.06,2026-10-16,45,Call,14.00,+0.43%,1.04,1.07,1.15,7326,404,18.13,58.31%,53.40%,0.551414,2026-09-01
AMD,459.61,2026-09-02,1,Put,470.00,+2.26%,11.3,12.96,12.1,5275,296,17.82,47.81%,50.19%,-0.798454,2026-09-01
META,578.54,2026-09-02,1,Put,562.50,-2.77%,0.53,0.61,0.6,5445,310,17.56,35.41%,41.47%,-0.095107,2026-09-01
NXPI,222.4,2027-01-15,136,Call,330.00,-48.38%,2.15,2.75,3.6,6760,390,17.33,40.31%,46.00%,0.10713,2026-09-01
CRWV,81.85,2026-09-11,10,Put,87.00,+6.29%,6.7,7.2,7.15,3880,224,17.32,69.86%,69.46%,-0.680161,2026-09-01
ORCL,141.32,2026-09-18,17,Put,142.00,+0.48%,9.25,9.9,10,4650,272,17.1,67.76%,76.80%,-0.476316,2026-09-01
ORCL,141.32,2026-09-04,3,Call,142.00,-0.48%,2.59,2.64,2.67,1941,114,17.03,67.76%,57.51%,0.475024,2026-09-01
DAL,76.38,2026-10-16,45,Call,85.00,-11.29%,1.43,1.47,1.47,10214,614,16.64,40.56%,39.33%,0.247189,2026-09-01
BX,136.66,2026-09-11,10,Put,135.00,-1.21%,2.34,2.59,2.87,2723,164,16.6,37.15%,37.65%,-0.409378,2026-09-01
SCHW,108.28,2026-09-18,17,Put,108.00,-0.26%,1.71,1.97,2.27,2803,169,16.59,24.88%,23.42%,-0.462232,2026-09-01
ZETA,31.56,2026-12-18,108,Put,30.00,-4.94%,3.4,3.53,3.65,2161,131,16.5,60.53%,66.42%,-0.36515,2026-09-01
PCG,14.06,2026-09-04,3,Call,14.50,-3.13%,0.33,0.35,0.4,10430,633,16.48,58.31%,107.83%,0.395646,2026-09-01
DAL,76.38,2026-09-04,3,Call,80.00,-4.74%,0.08,0.12,0.19,6043,367,16.47,40.56%,39.83%,0.104059,2026-09-01
MU,933.44,2026-09-02,1,Put,965.00,+3.38%,32.1,35,34.4,2071,126,16.44,58.73%,55.73%,-0.86971,2026-09-01
HPE,50.87,2026-09-04,3,Put,45.00,-11.54%,0.68,0.73,0.75,10534,644,16.36,71.68%,155.68%,-0.173411,2026-09-01
SYF,76.62,2026-12-18,108,Put,75.00,-2.11%,3.8,3.95,4.4,2125,130,16.35,30.66%,31.00%,-0.403122,2026-09-01
META,578.54,2026-09-02,1,Call,592.50,-2.41%,0.85,0.94,0.92,10383,639,16.25,35.41%,41.52%,0.13955,2026-09-01
CORZ,16.07,2026-09-18,17,Call,17.00,-5.79%,0.51,0.53,0.7,6537,404,16.18,68.20%,69.77%,0.386979,2026-09-01
AMZN,254.92,2026-09-02,1,Put,252.50,-0.95%,0.63,0.65,0.68,39468,2475,15.95,29.15%,29.94%,-0.266917,2026-09-01
DELL,425,2026-09-04,3,Call,440.00,-3.53%,17.3,17.51,17.85,2951,188,15.7,74.56%,155.51%,0.430985,2026-09-01
INTC,88.97,2026-09-11,10,Call,89.00,-0.03%,3.15,3.27,3.3,3029,194,15.61,56.07%,54.55%,0.520149,2026-09-01
MSFT,501.02,2026-09-02,1,Put,492.50,-1.70%,0.39,0.42,0.44,3240,209,15.5,24.80%,27.72%,-0.116128,2026-09-01
SPCX,142.23,2026-09-11,10,Put,144.00,+1.24%,5.15,5.32,5.4,1849,120,15.41,49.18%,46.62%,-0.544627,2026-09-01
TSLA,356.09,2026-09-09,8,Call,402.50,-13.03%,0.41,0.41,0.43,1782,116,15.36,40.52%,46.86%,0.042734,2026-09-01
META,578.54,2026-09-02,1,Put,565.00,-2.34%,0.74,0.8,0.86,11759,767,15.33,35.41%,40.54%,-0.129095,2026-09-01
META,578.54,2026-09-02,1,Call,597.50,-3.28%,0.43,0.48,0.49,4410,288,15.31,35.41%,43.10%,0.078665,2026-09-01
SOLS,61.73,2026-10-16,45,Call,65.00,-5.30%,2.55,2.65,3.3,1715,113,15.18,47.72%,48.21%,0.421728,2026-09-01
MU,933.44,2026-09-02,1,Call,960.00,-2.85%,2.34,2.46,2.5,22381,1489,15.03,58.73%,55.18%,0.170126,2026-09-01
KKR,106.41,2026-12-18,108,Call,125.00,-17.47%,3.1,3.3,3.5,3982,266,14.97,37.07%,38.63%,0.267898,2026-09-01
MSFT,501.02,2026-09-02,1,Put,490.00,-2.20%,0.21,0.23,0.24,5078,343,14.8,24.80%,28.68%,-0.067617,2026-09-01
TSLA,356.09,2026-09-02,1,Call,350.00,+1.71%,7.1,7.17,7.25,22925,1582,14.49,40.52%,43.82%,0.778759,2026-09-01
AMD,459.61,2026-09-02,1,Put,440.00,-4.27%,0.43,0.47,0.5,6364,442,14.4,47.81%,58.18%,-0.07352,2026-09-01
OKTA,166.43,2026-09-04,3,Call,182.50,-9.66%,0.23,0.31,0.45,1994,139,14.35,53.57%,68.86%,0.074863,2026-09-01
AMZN,254.92,2026-09-02,1,Call,255.00,-0.03%,1.48,1.5,1.52,23707,1655,14.32,29.15%,28.69%,0.4973,2026-09-01
TSLA,356.09,2026-09-02,1,Put,355.00,-0.31%,2.64,2.65,2.68,107476,7578,14.18,40.52%,42.96%,-0.439872,2026-09-01
AMZN,254.92,2026-09-02,1,Call,250.00,+1.93%,4.95,5.05,5.5,9669,683,14.16,29.15%,33.02%,0.873305,2026-09-01
GOOGL,335.02,2026-09-02,1,Call,337.50,-0.74%,0.88,0.88,0.93,9127,646,14.13,27.65%,26.80%,0.304207,2026-09-01
AMZN,254.92,2026-09-02,1,Call,245.00,+3.89%,9.5,9.75,10.75,5691,404,14.09,29.15%,49.86%,0.937963,2026-09-01
DELL,425,2026-09-04,3,Put,362.50,-14.71%,2.72,2.74,2.88,1530,109,14.04,74.56%,144.68%,-0.100255,2026-09-01
TSLA,356.09,2026-09-09,8,Put,357.50,+0.40%,8.35,8.5,8.65,1847,132,13.99,40.52%,37.53%,-0.512911,2026-09-01
OKLO,38.53,2026-09-11,10,Call,43.00,-11.60%,0.43,0.5,0.52,2079,151,13.77,72.55%,71.99%,0.19673,2026-09-01
NVDA,217.44,2026-09-02,1,Put,215.00,-1.12%,0.64,0.65,0.65,124684,9068,13.75,32.61%,34.97%,-0.26434,2026-09-01
META,578.54,2026-09-02,1,Call,582.50,-0.68%,3,3,3.35,16456,1205,13.66,35.41%,40.28%,0.378725,2026-09-01
SNDK,1536.87,2026-09-04,3,Call,"1,555.00",-1.18%,33.3,34,34.1,1696,125,13.57,70.03%,75.04%,0.446698,2026-09-01
FCEL,17.08,2026-09-18,17,Call,21.00,-22.95%,0.4,0.5,0.5,11050,821,13.46,105.58%,107.25%,0.220737,2026-09-01
META,578.54,2026-09-02,1,Call,580.00,-0.25%,4,4.01,4.45,32423,2447,13.25,35.41%,40.49%,0.458529,2026-09-01
LRCX,290.2,2026-09-04,3,Call,305.00,-5.10%,1.73,2.03,2.18,2385,180,13.25,55.50%,64.89%,0.208471,2026-09-01
TSLA,356.09,2026-09-02,1,Call,352.50,+1.01%,5.3,5.35,5.4,23218,1757,13.21,40.52%,43.50%,0.677548,2026-09-01
AAPL,325.13,2026-09-02,1,Call,320.00,+1.58%,5.3,5.5,5.7,80760,6177,13.07,25.07%,28.30%,0.861548,2026-09-01
ORCL,141.32,2026-09-04,3,Call,143.00,-1.19%,2.17,2.18,2.24,3081,236,13.06,67.76%,57.56%,0.421906,2026-09-01
MU,933.44,2026-09-02,1,Put,890.00,-4.65%,0.84,0.85,0.93,4517,346,13.05,58.73%,61.37%,-0.066475,2026-09-01
AMD,459.61,2026-09-02,1,Put,452.50,-1.55%,2.3,2.32,2.42,5052,388,13.02,47.81%,54.27%,-0.28562,2026-09-01
AMZN,254.92,2026-09-02,1,Put,250.00,-1.93%,0.21,0.22,0.23,23431,1799,13.02,29.15%,30.74%,-0.11026,2026-09-01
META,578.54,2026-09-02,1,Call,585.00,-1.12%,2.26,2.35,2.5,20474,1574,13.01,35.41%,40.64%,0.305982,2026-09-01
EXPE,304.23,2026-09-04,3,Put,305.00,+0.25%,4.7,4.4,6.9,1311,101,12.98,40.39%,49.40%,-0.511811,2026-09-01
PANW,362.09,2026-09-04,3,Call,360.00,+0.58%,18.05,18.7,18.85,1595,124,12.86,61.76%,132.81%,0.544098,2026-09-01
NVDA,217.44,2026-09-02,1,Call,220.00,-1.18%,0.57,0.57,0.59,192884,15105,12.77,32.61%,33.41%,0.255976,2026-09-01
TSLA,356.09,2026-09-02,1,Put,350.00,-1.71%,1,1,1.01,103272,8214,12.57,40.52%,42.99%,-0.217115,2026-09-01
WMT,105.92,2026-09-25,24,Put,115.00,+8.57%,7.5,9.14,11.1,3012,240,12.55,22.66%,25.10%,-0.899804,2026-09-01
CRWV,81.85,2026-09-04,3,Call,82.00,-0.18%,2.09,2.16,2.25,2374,190,12.49,69.86%,75.36%,0.504678,2026-09-01
META,578.54,2026-09-02,1,Call,590.00,-1.98%,1.19,1.19,1.3,22273,1784,12.48,35.41%,41.10%,0.184891,2026-09-01
MSFT,501.02,2026-09-02,1,Call,500.00,+0.20%,3.15,3.19,3.4,7603,610,12.46,24.80%,25.95%,0.564609,2026-09-01
META,578.54,2026-09-02,1,Call,560.00,+3.20%,17.85,19.06,19.75,1911,156,12.25,35.41%,37.05%,0.954821,2026-09-01
CPB,23.71,2026-09-04,3,Put,22.50,-5.10%,0.15,0.21,0.25,5370,439,12.23,39.08%,75.03%,-0.211482,2026-09-01
INTC,88.97,2026-09-09,8,Put,84.00,-5.59%,0.8,0.86,0.94,2270,186,12.2,56.07%,52.13%,-0.214362,2026-09-01
MU,933.44,2026-09-02,1,Put,915.00,-1.98%,4.05,4.25,4.35,6118,504,12.14,58.73%,57.45%,-0.247759,2026-09-01
NVDA,217.44,2026-09-02,1,Put,217.50,+0.03%,1.5,1.55,1.53,102724,8518,12.06,32.61%,32.89%,-0.501318,2026-09-01
KLXE,1.55,2027-02-19,171,Call,1.0000,+35.48%,0.4,0.64,0.85,1976,164,12.05,193.14%,71.99%,0.879498,2026-09-01
EDU,59.06,2026-09-18,17,Call,65.00,-10.06%,0.05,0.25,0.3,2275,189,12.04,33.89%,32.70%,0.092608,2026-09-01
AMD,459.61,2026-09-02,1,Put,455.00,-1.00%,3,3,3.2,5731,479,11.96,47.81%,53.32%,-0.352605,2026-09-01
GPRO,1.23,2027-04-16,227,Put,1.0000,-18.70%,0.1,0.1,0.15,1194,100,11.94,127.08%,67.00%,-0.244147,2026-09-01
AAPL,325.13,2026-09-09,8,Put,320.00,-1.58%,2.57,2.62,2.82,1534,129,11.89,25.07%,25.78%,-0.325633,2026-09-01
GFL,41.5,2026-12-18,108,Call,50.00,-20.48%,0.4,0.75,0.9,1770,149,11.88,45.38%,32.08%,0.179156,2026-09-01
HPE,50.87,2026-09-04,3,Call,57.00,-12.05%,0.96,1,1.01,10217,874,11.69,71.68%,161.34%,0.240879,2026-09-01
MU,933.44,2026-09-02,1,Call,995.00,-6.59%,0.33,0.33,0.34,3551,304,11.68,58.73%,63.42%,0.028429,2026-09-01
AMD,459.61,2026-09-02,1,Call,475.00,-3.35%,0.74,0.77,0.79,4296,369,11.64,47.81%,53.27%,0.122244,2026-09-01
AVGO,369.68,2026-09-11,10,Call,365.00,+1.27%,19.5,19.6,20,5093,439,11.6,51.09%,70.79%,0.569032,2026-09-01
MU,933.44,2026-09-02,1,Call,980.00,-4.99%,0.67,0.67,0.7,27867,2404,11.59,58.73%,58.18%,0.057059,2026-09-01
META,578.54,2026-09-02,1,Call,572.50,+1.04%,8.15,8.2,8.9,5534,483,11.46,35.41%,40.67%,0.694229,2026-09-01
RDDT,144.64,2026-09-04,3,Put,136.00,-5.97%,0.36,0.41,0.6,1800,158,11.39,55.41%,59.78%,-0.121264,2026-09-01
PBR,20.33,2026-11-20,80,Call,25.00,-22.97%,0.41,0.47,0.52,30305,2671,11.35,40.89%,46.77%,0.205155,2026-09-01
SMCI,36.71,2026-09-04,3,Call,36.50,+0.57%,1.3,1.31,1.5,3976,351,11.33,70.64%,97.23%,0.544807,2026-09-01
AEVA,14.78,2026-10-16,45,Call,22.50,-52.23%,0.25,0.35,0.55,3144,278,11.31,97.39%,102.63%,0.165167,2026-09-01
GOOGL,335.02,2026-09-02,1,Call,340.00,-1.49%,0.38,0.41,0.43,12623,1118,11.29,27.65%,27.84%,0.158903,2026-09-01
META,578.54,2026-09-02,1,Call,562.50,+2.77%,16.05,17.89,17.45,1918,170,11.28,35.41%,43.27%,0.895593,2026-09-01
WULF,14.65,2027-03-19,199,Call,15.00,-2.39%,3.55,3.77,3.8,1251,111,11.27,80.92%,109.11%,0.567037,2026-09-01
TRIP,9.46,2026-12-18,108,Put,7.00,-26.00%,0.15,0.21,0.3,5002,446,11.22,49.95%,58.82%,-0.128655,2026-09-01
TSLA,356.09,2026-09-02,1,Put,345.00,-3.11%,0.36,0.36,0.37,34653,3092,11.21,40.52%,45.84%,-0.091019,2026-09-01
META,578.54,2026-09-02,1,Call,575.00,+0.61%,6.55,6.95,7.25,14476,1293,11.2,35.41%,40.66%,0.619165,2026-09-01
SNDK,1536.87,2026-09-04,3,Call,"1,425.00",+7.28%,118.5,122.8,120.6,1251,112,11.17,70.03%,76.95%,0.869209,2026-09-01
MU,933.44,2026-09-02,1,Put,940.00,+0.70%,14.1,14.3,15.05,21276,1923,11.06,58.73%,56.42%,-0.587013,2026-09-01
BABA,112.85,2026-09-04,3,Call,113.00,-0.13%,1.47,1.55,1.62,1199,109,11,40.20%,39.65%,0.492342,2026-09-01
TEM,62.27,2026-09-11,10,Put,50.00,-19.70%,0,0.1,0.11,1232,112,11,73.78%,67.13%,-0.020734,2026-09-01
SNDK,1536.87,2026-09-04,3,Call,"1,575.00",-2.48%,25.8,27.11,26.5,1608,147,10.94,70.03%,75.27%,0.374225,2026-09-01
AMD,459.61,2026-09-02,1,Put,457.50,-0.46%,3.9,4.13,4.2,2783,255,10.91,47.81%,52.77%,-0.427226,2026-09-01
TSLA,356.09,2026-09-02,1,Put,342.50,-3.82%,0.23,0.24,0.24,13426,1233,10.89,40.52%,48.32%,-0.059986,2026-09-01
NBIS,199.54,2026-10-16,45,Put,125.00,-37.36%,1.25,1.42,1.41,9916,914,10.85,78.60%,88.01%,-0.046321,2026-09-01
HYMC,21.63,2026-09-18,17,Call,27.00,-24.83%,0.1,0.31,0.5,3874,359,10.79,86.71%,89.96%,0.149968,2026-09-01
WYNN,90.6,2027-06-17,289,Put,65.00,-28.26%,0.71,2.3,4.35,1282,119,10.77,31.21%,41.70%,-0.127455,2026-09-01
LULU,118,2026-10-16,45,Put,105.00,-11.02%,2.94,2.91,3.3,1152,108,10.67,58.11%,52.30%,-0.226929,2026-09-01
NVDA,217.44,2026-09-02,1,Put,212.50,-2.27%,0.24,0.25,0.26,48410,4540,10.66,32.61%,37.54%,-0.118284,2026-09-01
AMZN,254.92,2026-09-02,1,Put,255.00,+0.03%,1.54,1.57,1.59,23823,2247,10.6,29.15%,28.85%,-0.503156,2026-09-01
HBAN,16.42,2026-10-16,45,Put,17.00,+3.53%,0.85,0.92,1.25,3001,283,10.6,26.78%,31.09%,-0.60192,2026-09-01
HPE,50.87,2026-09-04,3,Put,49.00,-3.68%,2,2.1,2.18,8020,757,10.59,71.68%,162.67%,-0.371075,2026-09-01
SAP,212.04,2026-10-16,45,Put,210.00,-0.96%,8.8,8.87,9.5,1204,114,10.56,36.70%,34.35%,-0.443255,2026-09-01
AAPL,325.13,2026-09-04,3,Put,320.00,-1.58%,1.2,1.23,1.3,21149,2019,10.47,25.07%,27.46%,-0.254311,2026-09-01
SNDK,1536.87,2026-09-04,3,Put,"1,550.00",+0.85%,47.8,48.2,48.6,3504,335,10.46,70.03%,74.42%,-0.535422,2026-09-01
SNOW,319.8,2026-09-04,3,Call,322.50,-0.84%,19.15,19.5,19.95,1707,164,10.41,69.87%,179.53%,0.512584,2026-09-01
SNDK,1536.87,2026-09-04,3,Call,"1,570.00",-2.16%,27.5,28.98,28.3,1790,172,10.41,70.03%,75.21%,0.391892,2026-09-01
AMZN,254.92,2026-10-02,31,Call,255.00,-0.03%,8.7,8.6,9.1,2087,203,10.28,29.15%,28.85%,0.530205,2026-09-01
PFE,28.55,2026-10-09,38,Call,30.00,-5.08%,0.11,0.36,0.37,1273,124,10.27,22.17%,20.50%,0.226757,2026-09-01
OSCR,29.83,2026-09-18,17,Call,34.00,-13.98%,0.56,0.58,0.58,16868,1660,10.16,67.87%,72.45%,0.22723,2026-09-01
ALKS,47.2,2026-10-16,45,Put,44.00,-6.78%,1.25,1.57,1.8,2230,221,10.09,47.39%,45.68%,-0.293951,2026-09-01
VIST,74.71,2026-09-18,17,Put,65.00,-13.00%,0.15,0.24,0.6,4066,403,10.09,44.38%,51.40%,-0.092659,2026-09-01
MRVL,210.39,2026-09-04,3,Call,207.50,+1.37%,6.65,7,7.25,2246,223,10.07,59.43%,70.77%,0.599553,2026-09-01
GOOGL,335.02,2026-09-02,1,Put,335.00,-0.01%,1.66,1.81,1.95,11101,1107,10.03,27.65%,26.14%,-0.493344,2026-09-01
PCG,14.06,2026-09-11,10,Call,17.00,-20.91%,0.05,0.1,0.33,4569,457,10,58.31%,105.39%,0.159092,2026-09-01
MU,933.44,2026-09-04,3,Call,960.00,-2.85%,9.15,9.16,9.5,7620,765,9.96,58.73%,57.69%,0.306842,2026-09-01
GME,18.81,2028-12-15,836,Call,32.00,-70.12%,2.52,3.1,3.5,1614,162,9.96,53.23%,61.35%,0.376738,2026-09-01
AAPL,325.13,2026-09-11,10,Put,330.00,+1.50%,7.95,8.75,8.5,2082,209,9.96,25.07%,25.98%,-0.621932,2026-09-01
VLO,361.99,2026-09-04,3,Put,340.00,-6.07%,0.55,0.6,0.75,1093,110,9.94,44.61%,51.00%,-0.083404,2026-09-01
TSLA,356.09,2026-09-02,1,Call,365.00,-2.50%,0.69,0.69,0.7,58696,5972,9.83,40.52%,46.05%,0.156403,2026-09-01
TOST,33.59,2026-10-16,45,Put,33.00,-1.76%,1.45,1.62,1.81,1198,122,9.82,42.52%,42.36%,-0.413992,2026-09-01
SNDK,1536.87,2026-09-04,3,Call,"1,590.00",-3.46%,21.3,22,21.8,1048,108,9.7,70.03%,75.77%,0.324152,2026-09-01
GOOGL,335.02,2026-09-02,1,Put,330.00,-1.50%,0.32,0.35,0.36,12599,1303,9.67,27.65%,27.02%,-0.139952,2026-09-01
RKT,13.03,2026-09-11,10,Call,13.50,-3.61%,0.18,0.24,0.29,2065,214,9.65,51.12%,48.54%,0.348814,2026-09-01
TSLA,356.09,2026-09-02,1,Put,362.50,+1.80%,7.25,7.55,7.5,16344,1713,9.54,40.52%,43.07%,-0.781737,2026-09-01
AAPL,325.13,2026-09-18,17,Put,317.50,-2.35%,3.8,3.96,4,1785,189,9.44,25.07%,26.15%,-0.318448,2026-09-01
MSFT,501.02,2026-09-02,1,Call,510.00,-1.79%,0.25,0.26,0.28,13898,1481,9.38,24.80%,24.89%,0.088331,2026-09-01
LMND,51.34,2026-09-04,3,Call,54.00,-5.18%,0.2,0.24,0.35,2015,215,9.37,52.79%,59.96%,0.184924,2026-09-01
SNDK,1536.87,2026-09-04,3,Call,"1,540.00",-0.20%,39.7,39.9,40.5,2009,215,9.34,70.03%,74.47%,0.503206,2026-09-01
MSFT,501.02,2026-09-02,1,Put,500.00,-0.20%,2.12,2.13,2.19,11877,1275,9.32,24.80%,25.35%,-0.434365,2026-09-01
CCL,23.23,2026-09-04,3,Call,24.00,-3.31%,0.11,0.13,0.22,2626,282,9.31,43.86%,52.49%,0.254651,2026-09-01
U,40.92,2026-11-20,80,Call,55.00,-34.41%,1.02,1.35,1.26,6012,647,9.29,52.38%,61.72%,0.197391,2026-09-01
AXP,324.19,2026-09-04,3,Call,332.50,-2.56%,0.42,0.76,0.74,2551,275,9.28,23.82%,26.17%,0.147648,2026-09-01
SNDK,1536.87,2026-09-04,3,Put,"1,525.00",-0.77%,34.8,34.7,35.5,1055,114,9.25,70.03%,74.07%,-0.439294,2026-09-01
CCL,23.23,2026-09-04,3,Put,23.00,-0.99%,0.2,0.27,0.31,2384,259,9.2,43.86%,42.96%,-0.390851,2026-09-01
RIOT,17.79,2026-10-16,45,Call,21.00,-18.04%,0.94,0.95,1.02,3883,426,9.12,78.69%,81.43%,0.336761,2026-09-01
CRBP,11.28,2026-09-18,17,Call,22.50,-99.47%,0.2,0.25,0.65,1256,138,9.1,165.84%,254.09%,0.163054,2026-09-01
BABA,112.85,2026-09-04,3,Call,114.00,-1.02%,1.12,1.14,1.21,3123,343,9.1,40.20%,40.90%,0.399329,2026-09-01
NOK,9.93,2026-09-25,24,Call,11.00,-10.78%,0.2,0.22,0.22,18148,2011,9.02,54.68%,55.63%,0.262379,2026-09-01
META,578.54,2026-09-02,1,Call,600.00,-3.71%,0.32,0.34,0.35,21378,2377,8.99,35.41%,44.07%,0.058955,2026-09-01
META,578.54,2026-09-02,1,Call,570.00,+1.48%,9.95,10.05,10.75,11441,1274,8.98,35.41%,40.89%,0.761068,2026-09-01
SLB,57.15,2026-09-18,17,Call,25.00,+56.26%,31.75,33.15,34.2,1400,157,8.92,36.66%,277.05%,0.953263,2026-09-01
SNDK,1536.87,2026-09-04,3,Put,"1,540.00",+0.20%,42.3,43.2,43.1,1419,159,8.92,70.03%,74.29%,-0.49719,2026-09-01
MU,933.44,2026-09-02,1,Call,985.00,-5.52%,0.5,0.58,0.59,7252,813,8.92,58.73%,60.12%,0.045553,2026-09-01
VFC,13.09,2027-02-19,171,Put,12.00,-8.33%,0.94,1.05,1.04,1025,115,8.91,38.97%,44.22%,-0.322242,2026-09-01
PCG,14.06,2026-10-16,45,Call,16.00,-13.80%,0.45,0.45,0.54,3505,395,8.87,58.31%,58.00%,0.301331,2026-09-01
MSFT,501.02,2026-09-02,1,Put,495.00,-1.20%,0.7,0.73,0.78,6737,760,8.86,24.80%,26.73%,-0.190448,2026-09-01
COIN,176.82,2026-09-11,10,Call,190.00,-7.45%,2.9,2.9,3.1,6271,713,8.8,63.95%,64.85%,0.271953,2026-09-01
KMB,107.08,2026-09-04,3,Call,110.00,-2.73%,0.05,0.1,0.15,2059,234,8.8,22.95%,22.74%,0.09704,2026-09-01
CVX,211.05,2026-09-04,3,Put,207.50,-1.68%,0.9,0.98,1.01,1072,122,8.79,27.35%,30.53%,-0.265059,2026-09-01
INTC,88.97,2026-09-02,1,Put,87.00,-2.21%,0.42,0.44,0.44,13171,1499,8.79,56.07%,63.16%,-0.243147,2026-09-01
AAPL,325.13,2026-09-04,3,Call,337.50,-3.80%,0.28,0.31,0.31,7247,829,8.74,25.07%,28.60%,0.078282,2026-09-01
FRVO,19.75,2026-09-18,17,Call,30.00,-51.90%,0.1,0.13,0.4,1353,155,8.73,99.08%,136.08%,0.101874,2026-09-01
LCID,4.55,2026-09-11,10,Put,5.00,+9.89%,0.57,0.59,0.62,4597,531,8.66,88.05%,103.17%,-0.678504,2026-09-01
DAL,76.38,2026-09-04,3,Call,79.00,-3.43%,0.16,0.26,0.35,5779,667,8.66,40.56%,39.15%,0.177003,2026-09-01
DIS,106.22,2026-09-04,3,Put,103.00,-3.03%,0.1,0.12,0.18,883,102,8.66,23.80%,27.76%,-0.10775,2026-09-01
AMD,459.61,2026-09-04,3,Call,455.00,+1.00%,11.3,11.8,12.2,1681,194,8.66,47.81%,55.54%,0.591481,2026-09-01
MSFT,501.02,2026-09-02,1,Put,497.50,-0.70%,1.21,1.29,1.32,5819,675,8.62,24.80%,25.67%,-0.295691,2026-09-01
TSLA,356.09,2026-09-02,1,Put,360.00,+1.10%,5.5,5.56,5.6,56562,6641,8.52,40.52%,43.45%,-0.679335,2026-09-01
MU,933.44,2026-09-02,1,Call,990.00,-6.06%,0.38,0.41,0.45,7261,854,8.5,58.73%,61.48%,0.035244,2026-09-01
AAPL,325.13,2026-09-09,8,Put,312.50,-3.88%,0.96,1.08,1.08,1299,153,8.49,25.07%,26.78%,-0.150121,2026-09-01
DELL,425,2026-09-04,3,Put,320.00,-24.71%,0.28,0.29,0.29,5293,625,8.47,74.56%,146.52%,-0.013753,2026-09-01
META,578.54,2026-09-02,1,Put,567.50,-1.91%,1.12,1.21,1.29,4457,530,8.41,35.41%,40.67%,-0.178887,2026-09-01
SNDK,1536.87,2026-09-04,3,Call,"1,560.00",-1.51%,30.9,32.42,32.1,2420,288,8.4,70.03%,74.77%,0.427753,2026-09-01
SNDK,1536.87,2026-09-04,3,Call,"1,545.00",-0.53%,37.6,37.3,38.4,1319,158,8.35,70.03%,74.89%,0.484294,2026-09-01
WULF,14.65,2026-11-20,80,Call,17.00,-16.04%,1.52,1.56,1.58,3589,430,8.35,80.92%,96.47%,0.411762,2026-09-01
META,578.54,2026-09-02,1,Call,605.00,-4.57%,0.16,0.19,0.2,2932,353,8.31,35.41%,46.11%,0.033091,2026-09-01
OR,35.59,2026-10-16,45,Put,35.00,-1.66%,1.7,1.75,1.8,1012,122,8.3,44.74%,42.26%,-0.418013,2026-09-01
MU,933.44,2026-09-02,1,Put,905.00,-3.05%,2.25,2.42,2.4,3794,457,8.3,58.73%,58.85%,-0.153167,2026-09-01
GOOGL,335.02,2026-09-02,1,Call,342.50,-2.23%,0.17,0.17,0.2,8042,976,8.24,27.65%,29.62%,0.079184,2026-09-01
META,578.54,2026-09-02,1,Put,560.00,-3.20%,0.36,0.36,0.4,8680,1057,8.21,35.41%,42.02%,-0.067367,2026-09-01
BA,205.66,2027-01-15,136,Put,270.00,+31.28%,60.05,63.23,65.35,1101,135,8.16,29.06%,21.59%,-0.990564,2026-09-01
CRDO,206.63,2026-09-04,3,Call,220.00,-6.47%,7.8,8.28,8.7,1559,191,8.16,86.64%,180.47%,0.382227,2026-09-01
APPS,10,2026-12-18,108,Call,12.00,-20.00%,1.15,1.25,1.5,1765,217,8.13,77.15%,90.86%,0.460643,2026-09-01
AMD,459.61,2026-09-04,3,Call,465.00,-1.17%,6.45,6.73,6.8,2212,273,8.1,47.81%,53.89%,0.417559,2026-09-01
CIFR,14.61,2026-09-04,3,Call,14.50,+0.75%,0.5,0.56,0.61,1073,133,8.07,90.28%,94.22%,0.553573,2026-09-01
ECHO,86.04,2026-10-16,45,Put,95.00,+10.41%,8.9,10.54,12.3,1875,233,8.05,44.03%,41.02%,-0.728214,2026-09-01
GOOGL,335.02,2026-10-02,31,Put,305.00,-8.96%,1.55,1.77,2.25,1641,204,8.04,27.65%,30.02%,-0.125636,2026-09-01
WULF,14.65,2027-09-17,381,Call,32.00,-118.43%,1.66,1.87,2.1,2500,311,8.04,80.92%,104.09%,0.296699,2026-09-01
T,26,2026-09-25,24,Put,26.00,0.00%,0.48,0.52,0.66,938,117,8.02,24.60%,21.31%,-0.490429,2026-09-01
LRCX,290.2,2026-09-04,3,Call,300.00,-3.38%,3,3.09,3.25,2566,320,8.02,55.50%,64.93%,0.297938,2026-09-01
PFE,28.55,2026-09-04,3,Put,28.50,-0.18%,0.19,0.25,0.33,6895,861,8.01,22.17%,27.33%,-0.469571,2026-09-01
WULF,14.65,2027-09-17,381,Put,15.00,+2.39%,4.55,4.6,5,2501,313,7.99,80.92%,59.22%,-0.414353,2026-09-01
INTC,88.97,2026-09-09,8,Call,90.00,-1.16%,2.16,2.2,2.3,4897,614,7.98,56.07%,50.88%,0.457635,2026-09-01
ONDS,7.04,2026-09-11,10,Call,7.50,-6.53%,0.13,0.16,0.15,2516,316,7.96,71.54%,65.93%,0.302776,2026-09-01
CRWV,81.85,2026-09-11,10,Call,84.00,-2.63%,2.56,2.58,2.75,999,126,7.93,69.86%,65.71%,0.430572,2026-09-01
INTC,88.97,2026-09-04,3,Call,89.00,-0.03%,1.99,2.04,2.05,8091,1020,7.93,56.07%,62.90%,0.510756,2026-09-01
IREN,36.82,2027-04-16,227,Call,40.00,-8.64%,8.6,9.32,9.7,800,101,7.92,79.54%,87.32%,0.602581,2026-09-01
DAL,76.38,2026-09-04,3,Put,74.00,-3.12%,0.23,0.28,0.35,1299,164,7.92,40.56%,40.28%,-0.18662,2026-09-01
DELL,425,2026-09-04,3,Call,450.00,-5.88%,14,14.33,14.4,4301,544,7.91,74.56%,156.13%,0.370171,2026-09-01
NGVC,27.55,2026-09-18,17,Call,30.00,-8.89%,0.15,0.3,0.4,1674,212,7.9,66.27%,43.78%,0.198202,2026-09-01
OKTA,166.43,2026-09-11,10,Call,180.00,-8.15%,1.21,1.46,1.83,971,123,7.89,53.57%,52.30%,0.197451,2026-09-01
MU,933.44,2026-09-02,1,Call,"1,015.00",-8.74%,0.12,0.15,0.18,1694,215,7.88,58.73%,70.82%,0.012605,2026-09-01
TSLA,356.09,2026-09-09,8,Call,360.00,-1.10%,6.25,6.35,6.35,3386,431,7.86,40.52%,37.76%,0.43913,2026-09-01
NBIS,199.54,2026-10-02,31,Call,205.00,-2.74%,15.1,16.6,17.3,838,108,7.76,78.60%,79.01%,0.504607,2026-09-01
MU,933.44,2026-09-02,1,Call,"1,000.00",-7.13%,0.24,0.27,0.27,31073,4022,7.73,58.73%,64.67%,0.021954,2026-09-01
PANW,362.09,2026-09-04,3,Call,372.50,-2.87%,12.6,13,13.3,887,115,7.71,61.76%,132.77%,0.431384,2026-09-01
GH,164.41,2026-10-16,45,Put,150.00,-8.76%,4.2,5.7,6.6,1513,198,7.64,51.24%,51.83%,-0.268792,2026-09-01
NVDA,217.44,2026-09-14,13,Call,230.00,-5.78%,0.92,0.96,0.97,3335,437,7.63,32.61%,28.37%,0.158356,2026-09-01
INTC,88.97,2026-09-09,8,Call,92.00,-3.41%,1.45,1.35,1.58,1753,230,7.62,56.07%,51.46%,0.347206,2026-09-01
BULL,9.13,2026-09-25,24,Put,8.50,-6.90%,0.19,0.28,0.33,1477,194,7.61,56.61%,57.94%,-0.284563,2026-09-01
NVDA,217.44,2026-09-02,1,Call,215.00,+1.12%,3.15,3.2,3.25,21470,2831,7.58,32.61%,37.53%,0.721975,2026-09-01
ETSY,81.75,2026-10-16,45,Call,90.00,-10.09%,2.04,2.26,2.48,6667,885,7.53,42.93%,44.07%,0.303457,2026-09-01
NVDA,217.44,2026-09-02,1,Call,222.50,-2.33%,0.16,0.17,0.17,87398,11639,7.51,32.61%,33.08%,0.094289,2026-09-01
GTLB,45.09,2026-09-04,3,Put,40.00,-11.29%,1.35,1.32,1.45,1658,222,7.47,86.78%,218.41%,-0.2403,2026-09-01
AAPL,325.13,2026-09-09,8,Call,345.00,-6.11%,0.34,0.35,0.4,2397,321,7.47,25.07%,26.18%,0.067752,2026-09-01
CRDO,206.63,2026-11-20,80,Put,110.00,-46.76%,0.9,1.29,2.9,873,117,7.46,86.64%,91.49%,-0.044238,2026-09-01
COIN,176.82,2026-09-04,3,Put,175.00,-1.03%,3.6,3.7,3.8,6958,933,7.46,63.95%,71.90%,-0.422628,2026-09-01
BAC,61.99,2026-09-18,17,Put,61.00,-1.60%,0.77,0.82,0.82,2046,276,7.41,23.41%,23.54%,-0.360522,2026-09-01
AAPL,325.13,2026-09-09,8,Call,327.50,-0.73%,3.7,3.97,4.05,1532,208,7.37,25.07%,25.27%,0.437927,2026-09-01
UPS,102.66,2026-11-20,80,Call,115.00,-12.02%,1.67,1.71,1.82,12015,1635,7.35,23.51%,30.46%,0.221617,2026-09-01
NBIS,199.54,2026-09-04,3,Call,200.00,-0.23%,5.65,5.9,6.15,4674,637,7.34,78.60%,84.44%,0.504821,2026-09-01
DELL,425,2026-09-04,3,Put,430.00,+1.18%,26.2,26.99,26.85,4538,619,7.33,74.56%,155.33%,-0.504462,2026-09-01
DBX,34.26,2026-10-16,45,Put,30.00,-12.43%,0,0.35,0.9,861,118,7.3,38.47%,42.05%,-0.158449,2026-09-01
PSNL,17.06,2026-10-16,45,Call,20.00,-17.23%,0.25,0.25,0.35,1459,201,7.26,64.57%,47.87%,0.201945,2026-09-01
TSLA,356.09,2026-09-02,1,Call,367.50,-3.20%,0.43,0.45,0.45,25218,3500,7.21,40.52%,47.46%,0.105049,2026-09-01
ONDS,7.04,2026-09-18,17,Call,7.50,-6.53%,0.22,0.25,0.25,1044,145,7.2,71.54%,67.47%,0.363045,2026-09-01
PCG,14.06,2026-10-16,45,Call,15.00,-6.69%,0.7,0.75,0.75,7313,1019,7.18,58.31%,55.13%,0.411054,2026-09-01
MU,933.44,2026-09-02,1,Put,895.00,-4.12%,1.16,1.18,1.31,2877,402,7.16,58.73%,60.51%,-0.089088,2026-09-01
NOW,142.9,2028-01-21,507,Call,192.00,-34.36%,24.9,27,27.2,1000,140,7.14,52.57%,57.18%,0.492918,2026-09-01
CVS,97.6,2026-09-04,3,Call,99.00,-1.43%,0.44,0.52,0.55,712,100,7.12,27.50%,29.46%,0.302494,2026-09-01
MU,933.44,2026-09-02,1,Put,865.00,-7.33%,0.19,0.21,0.22,1503,211,7.12,58.73%,69.05%,-0.016703,2026-09-01
INTC,88.97,2026-09-02,1,Put,86.00,-3.34%,0.23,0.25,0.25,9210,1297,7.1,56.07%,64.29%,-0.151937,2026-09-01
MSFT,501.02,2026-09-02,1,Put,502.50,+0.30%,3.2,3.5,3.6,2859,404,7.08,24.80%,24.95%,-0.584994,2026-09-01
ASO,42.81,2026-09-18,17,Put,41.00,-4.23%,1.3,1.45,1.7,1001,143,7,53.37%,64.07%,-0.348839,2026-09-01
DDOG,223.84,2026-09-04,3,Put,212.50,-5.07%,1.89,2.41,2.5,803,115,6.98,58.30%,80.23%,-0.225154,2026-09-01
SOFI,17.05,2026-09-18,17,Call,17.50,-2.64%,0.51,0.52,0.54,1828,262,6.98,47.97%,48.18%,0.427671,2026-09-01
LULU,118,2026-09-04,3,Put,112.00,-5.08%,2.81,3,3.15,1224,176,6.95,58.11%,131.76%,-0.308948,2026-09-01
META,578.54,2026-09-02,1,Put,557.50,-3.64%,0.24,0.26,0.29,3220,463,6.95,35.41%,43.03%,-0.048477,2026-09-01
NVDA,217.44,2026-09-14,13,Call,235.00,-8.08%,0.4,0.41,0.47,4156,598,6.95,32.61%,28.68%,0.082745,2026-09-01
CRDO,206.63,2026-09-04,3,Put,160.00,-22.57%,0.4,0.45,0.8,909,131,6.94,86.64%,172.27%,-0.042945,2026-09-01
SNDK,1536.87,2026-09-04,3,Call,"1,550.00",-0.85%,35.4,36.42,36.2,4530,655,6.92,70.03%,74.96%,0.465403,2026-09-01
CEG,280.31,2026-11-20,80,Call,340.00,-21.29%,5.9,6.6,8.1,974,141,6.91,39.57%,45.85%,0.223178,2026-09-01
HPE,50.87,2026-09-04,3,Call,53.00,-4.19%,2.09,2.09,2.17,10362,1499,6.91,71.68%,163.86%,0.420508,2026-09-01
MDB,434.21,2026-09-04,3,Call,650.00,-49.70%,0.23,0.24,0.28,744,108,6.89,84.83%,186.41%,0.010709,2026-09-01
OPEN,3.04,2026-09-11,10,Call,3.00,+1.32%,0.15,0.15,0.16,1444,210,6.88,70.48%,66.46%,0.573176,2026-09-01
HLF,11.52,2026-10-02,31,Call,4.00,+65.28%,7,7.63,9.6,762,111,6.86,66.88%,429.14%,0.924786,2026-09-01
SCHW,108.28,2028-01-21,507,Put,110.00,+1.59%,12.9,13.15,13.5,3511,514,6.83,24.88%,28.22%,-0.423852,2026-09-01
HAWK,18.36,2026-11-20,80,Put,17.50,-4.68%,1.75,1.95,2.55,1504,221,6.81,72.64%,78.74%,-0.370195,2026-09-01
TSLA,356.09,2026-10-02,31,Call,360.00,-1.10%,15.5,15.64,15.8,3861,574,6.73,40.52%,40.94%,0.497809,2026-09-01
BABA,112.85,2027-03-19,199,Put,85.00,-24.68%,2.49,2.52,2.6,2492,371,6.72,40.20%,40.22%,-0.131453,2026-09-01
AMZN,254.92,2026-09-02,1,Call,260.00,-1.99%,0.2,0.2,0.21,21941,3272,6.71,29.15%,30.02%,0.107211,2026-09-01
MRNA,154.27,2026-09-04,3,Call,167.50,-8.58%,1.65,1.69,1.79,1139,170,6.7,79.67%,106.79%,0.2123,2026-09-01
MU,933.44,2026-09-02,1,Put,945.00,+1.24%,17.25,17.4,18.15,8462,1265,6.69,58.73%,56.20%,-0.655923,2026-09-01
NKE,38.12,2027-09-17,381,Put,37.50,-1.63%,5.35,5.75,5.75,1015,152,6.68,39.19%,39.34%,-0.393695,2026-09-01
LCID,4.55,2026-09-04,3,Call,4.50,+1.10%,0.16,0.15,0.19,1655,248,6.67,88.05%,90.42%,0.571205,2026-09-01
QNT,47.66,2026-10-16,45,Call,70.00,-46.87%,0.75,0.75,1.25,1264,190,6.65,79.34%,89.76%,0.147399,2026-09-01
AAPL,325.13,2026-09-09,8,Call,335.00,-3.04%,1.51,1.59,1.68,2536,383,6.62,25.07%,25.68%,0.22698,2026-09-01
AMD,459.61,2026-09-02,1,Put,447.50,-2.63%,1.23,1.25,1.34,3791,573,6.62,47.81%,55.75%,-0.17544,2026-09-01
KLAR,14.25,2026-09-04,3,Call,13.50,+5.26%,0.7,0.85,0.85,714,108,6.61,49.84%,43.47%,0.919117,2026-09-01
BX,136.66,2026-09-04,3,Call,142.00,-3.91%,0.44,0.58,0.67,753,114,6.61,37.15%,45.74%,0.183158,2026-09-01
GOOG,332.03,2026-09-04,3,Call,332.50,-0.14%,2.98,3.08,3.2,2867,434,6.61,27.76%,27.26%,0.486552,2026-09-01
ONDS,7.04,2026-09-11,10,Call,7.00,+0.57%,0.3,0.3,0.35,703,107,6.57,71.54%,64.99%,0.546177,2026-09-01
FCEL,17.08,2026-09-04,3,Put,15.50,-9.25%,0.3,0.35,0.4,4631,705,6.57,105.58%,159.26%,-0.227707,2026-09-01
MDB,434.21,2026-09-04,3,Call,640.00,-47.39%,0.26,0.41,0.5,708,108,6.56,84.83%,189.76%,0.015121,2026-09-01
DT,52.86,2026-09-18,17,Put,47.50,-10.14%,0.1,0.36,0.45,1937,296,6.54,40.44%,42.88%,-0.111567,2026-09-01
FRVO,19.75,2026-09-18,17,Call,20.00,-1.27%,1.35,1.6,1.6,6483,999,6.49,99.08%,92.62%,0.518126,2026-09-01
VIPS,13.1,2027-01-15,136,Put,12.00,-8.40%,0.45,0.45,0.75,1253,193,6.49,31.53%,27.79%,-0.35283,2026-09-01
PANW,362.09,2026-09-04,3,Call,440.00,-21.52%,1.08,1.15,1.24,1507,233,6.47,61.76%,134.96%,0.063109,2026-09-01
NOW,142.9,2027-01-15,136,Call,185.00,-29.46%,7.1,7.5,8.25,1252,194,6.45,52.57%,56.11%,0.294283,2026-09-01
BLDR,62.79,2026-10-16,45,Put,55.00,-12.41%,1.35,1.6,1.75,657,102,6.44,58.13%,54.31%,-0.208686,2026-09-01
SNDK,1536.87,2026-09-04,3,Call,"1,725.00",-12.24%,2.75,2.9,2.95,691,108,6.4,70.03%,80.17%,0.060751,2026-09-01
SPCX,142.23,2026-09-18,17,Put,129.00,-9.30%,1.49,1.53,1.56,1069,168,6.36,49.18%,51.43%,-0.171341,2026-09-01
ZETA,31.56,2026-09-18,17,Call,32.00,-1.39%,1.39,1.47,1.51,1279,201,6.36,60.53%,59.88%,0.488247,2026-09-01
CIEN,360.33,2026-09-04,3,Call,380.00,-5.46%,12.4,14.51,18.6,660,104,6.35,79.07%,179.71%,0.404001,2026-09-01
ORCL,141.32,2026-09-04,3,Call,141.00,+0.23%,3.05,3.15,3.15,1255,199,6.31,67.76%,57.29%,0.529093,2026-09-01
SNDK,1536.87,2026-09-04,3,Call,"1,450.00",+5.65%,98,101.3,99.3,1076,171,6.29,70.03%,76.05%,0.811342,2026-09-01
AMD,459.61,2026-09-02,1,Put,462.50,+0.63%,6.25,6.57,6.8,1135,181,6.27,47.81%,51.63%,-0.585347,2026-09-01
BILI,15.79,2026-09-18,17,Put,16.00,+1.33%,0.61,0.65,0.7,10051,1603,6.27,46.17%,40.72%,-0.536914,2026-09-01
DXCM,90.14,2026-09-11,10,Call,90.00,+0.16%,1.95,2,3.1,1320,211,6.26,31.55%,40.53%,0.528517,2026-09-01
SLB,57.15,2026-09-18,17,Call,32.50,+43.13%,24.15,26.55,26.7,2800,448,6.25,36.66%,197.07%,0.937759,2026-09-01
RUM,8.53,2026-09-18,17,Call,8.00,+6.21%,0.65,0.85,1.1,5716,914,6.25,83.66%,79.16%,0.681133,2026-09-01
DELL,425,2026-09-04,3,Put,335.00,-21.18%,0.55,0.69,0.7,1308,210,6.23,74.56%,142.61%,-0.028263,2026-09-01
SMCI,36.71,2026-09-11,10,Call,36.50,+0.57%,1.66,1.93,1.91,672,108,6.22,70.64%,68.71%,0.546198,2026-09-01
LITE,868.95,2026-09-18,17,Put,850.00,-2.18%,41.2,42.02,42.8,1828,294,6.22,70.11%,69.69%,-0.408659,2026-09-01
DELL,425,2026-09-04,3,Put,315.00,-25.88%,0.17,0.23,0.23,2738,440,6.22,74.56%,146.33%,-0.010022,2026-09-01
TMC,4.45,2026-09-04,3,Put,4.50,+1.12%,0.15,0.18,0.2,5359,863,6.21,89.28%,93.96%,-0.528954,2026-09-01
SPCX,142.23,2026-09-04,3,Put,144.00,+1.24%,3.6,3.72,3.75,5092,821,6.2,49.18%,52.59%,-0.591314,2026-09-01
MRNA,154.27,2026-09-04,3,Call,185.00,-19.92%,0.24,0.31,0.37,719,116,6.2,79.67%,115.94%,0.04718,2026-09-01
AAPL,325.13,2026-09-09,8,Call,337.50,-3.80%,1.04,1.12,1.26,866,141,6.14,25.07%,25.89%,0.174527,2026-09-01
APH,163.18,2026-10-16,45,Call,155.00,+5.01%,13.8,14.1,15.2,870,142,6.13,41.71%,42.70%,0.670791,2026-09-01
JOBY,6.69,2027-04-16,227,Call,7.00,-4.63%,1.3,1.47,1.56,1022,167,6.12,60.07%,71.39%,0.596809,2026-09-01
UMC,20.47,2026-10-16,45,Call,21.00,-2.59%,1,1.54,2.05,2137,349,6.12,57.07%,62.39%,0.490204,2026-09-01
MU,933.44,2026-09-02,1,Call,920.00,+1.44%,18.35,19.54,19.6,2579,422,6.11,58.73%,56.34%,0.694961,2026-09-01
GTLB,45.09,2026-09-04,3,Call,52.00,-15.32%,0.05,1.36,2,610,100,6.1,86.78%,195.58%,0.237636,2026-09-01
SLB,57.15,2026-09-18,17,Call,30.00,+47.51%,26.75,28.75,29.2,1401,230,6.09,36.66%,223.75%,0.942062,2026-09-01
MU,933.44,2026-09-04,3,Call,"1,000.00",-7.13%,2.53,2.57,2.6,32722,5381,6.08,58.73%,59.79%,0.1078,2026-09-01
META,578.54,2026-09-04,3,Put,572.50,-1.04%,5.45,5.85,6,1235,203,6.08,35.41%,40.64%,-0.378456,2026-09-01
AMD,459.61,2026-09-02,1,Call,467.50,-1.72%,2.07,2.13,2.18,2388,393,6.08,47.81%,52.89%,0.275096,2026-09-01
NFLX,80.81,2027-09-17,381,Put,80.00,-1.00%,10.3,10.5,10.75,832,137,6.07,33.55%,38.11%,-0.387343,2026-09-01
TRIP,9.46,2026-12-18,108,Call,10.00,-5.71%,0.8,0.9,1,1007,166,6.07,49.95%,52.60%,0.495545,2026-09-01
ALHC,13.59,2026-09-18,17,Call,15.00,-10.38%,0.1,0.2,0.3,1025,170,6.03,64.80%,55.32%,0.225707,2026-09-01
AMD,459.61,2026-09-02,1,Put,442.50,-3.72%,0.6,0.59,0.7,1631,271,6.02,47.81%,57.09%,-0.098922,2026-09-01
MSFT,501.02,2026-09-02,1,Call,512.50,-2.29%,0.13,0.13,0.14,6093,1015,6,24.80%,25.83%,0.048183,2026-09-01
GOOGL,335.02,2026-09-04,3,Call,340.00,-1.49%,1.51,1.59,1.65,24566,4100,5.99,27.65%,28.62%,0.292822,2026-09-01
VZ,50.3,2026-09-11,10,Put,49.50,-1.59%,0.27,0.32,0.5,1245,208,5.99,22.57%,21.44%,-0.323918,2026-09-01
SE,112.65,2026-12-18,108,Call,195.00,-73.10%,0.4,0.53,0.72,694,116,5.98,43.52%,53.84%,0.045676,2026-09-01
TSLA,356.09,2026-09-02,1,Call,370.00,-3.91%,0.29,0.29,0.3,36928,6174,5.98,40.52%,49.63%,0.07237,2026-09-01
AEVA,14.78,2026-09-18,17,Call,15.00,-1.49%,1,1.25,1.45,788,132,5.97,97.39%,103.28%,0.521023,2026-09-01
MRNA,154.27,2026-09-04,3,Put,150.00,-2.77%,3.55,3.65,3.95,2083,349,5.97,79.67%,102.66%,-0.362824,2026-09-01
DELL,425,2026-09-04,3,Call,490.00,-15.29%,5.25,5.35,5.5,3566,597,5.97,74.56%,156.53%,0.176113,2026-09-01
AMD,459.61,2026-09-02,1,Call,472.50,-2.80%,1.04,1.1,1.11,2007,337,5.96,47.81%,52.74%,0.162388,2026-09-01
GOOGL,335.02,2026-09-11,10,Call,337.50,-0.74%,4.65,4.6,4.85,843,142,5.94,27.65%,26.00%,0.448869,2026-09-01
SNDK,1536.87,2026-09-04,3,Put,"1,520.00",-1.10%,32.6,33,33.1,1828,308,5.94,70.03%,74.03%,-0.42005,2026-09-01
RKLB,62.54,2026-09-04,3,Call,63.00,-0.74%,1.3,1.38,1.41,1895,319,5.94,65.72%,68.99%,0.467665,2026-09-01
MSFT,501.02,2026-09-02,1,Put,487.50,-2.70%,0.12,0.14,0.17,885,150,5.9,24.80%,30.79%,-0.043624,2026-09-01
SNDK,1536.87,2026-09-04,3,Call,"1,620.00",-5.41%,14,14.5,14.5,701,119,5.89,70.03%,76.58%,0.2358,2026-09-01
HOOD,103.51,2026-09-04,3,Call,108.00,-4.34%,0.99,1.01,1.05,12890,2193,5.88,59.40%,70.09%,0.263721,2026-09-01
SEDG,32.49,2026-12-18,108,Call,40.00,-23.11%,3.4,3.4,3.55,1457,248,5.88,75.34%,82.76%,0.416194,2026-09-01
SNDK,1536.87,2026-09-04,3,Call,"1,475.00",+4.03%,78.4,87.4,80.1,744,127,5.86,70.03%,74.83%,0.740238,2026-09-01
HUM,394.88,2026-10-16,45,Call,420.00,-6.36%,18.7,20,23.5,614,105,5.85,54.16%,55.49%,0.419754,2026-09-01
MU,933.44,2026-09-04,3,Put,945.00,+1.24%,25.1,26,26.2,1939,332,5.84,58.73%,57.33%,-0.581841,2026-09-01
SATL,4.6,2026-10-16,45,Put,4.00,-13.04%,0.2,0.27,0.35,600,103,5.83,98.37%,88.13%,-0.267986,2026-09-01
FORM,95.41,2026-09-18,17,Call,120.00,-25.77%,0.15,0.5,1.15,840,144,5.83,70.64%,75.74%,0.094946,2026-09-01
SNDK,1536.87,2026-09-04,3,Call,"1,530.00",+0.45%,44.8,45.8,45.6,1601,275,5.82,70.03%,74.74%,0.541579,2026-09-01
BX,136.66,2026-09-04,3,Put,135.00,-1.21%,1.35,1.51,1.77,2294,394,5.82,37.15%,46.76%,-0.37818,2026-09-01
CCL,23.23,2026-09-04,3,Put,23.50,+1.16%,0.49,0.54,0.57,2712,466,5.82,43.86%,45.10%,-0.602691,2026-09-01
COIN,176.82,2026-09-11,10,Put,135.00,-23.65%,0.05,0.12,0.45,661,114,5.8,63.95%,86.51%,-0.024854,2026-09-01
CRDO,206.63,2026-09-04,3,Call,245.00,-18.57%,3,3.15,3.6,1160,200,5.8,86.64%,189.98%,0.183742,2026-09-01
DELL,425,2026-09-04,3,Put,325.00,-23.53%,0.36,0.39,0.4,2478,429,5.78,74.56%,145.61%,-0.017874,2026-09-01
MDT,92.04,2026-09-18,17,Call,95.00,-3.22%,1,1.07,1.35,17980,3113,5.78,26.14%,29.32%,0.320626,2026-09-01
SMCI,36.71,2026-09-11,10,Call,36.00,+1.93%,1.95,2.17,2.18,2124,368,5.77,70.64%,69.46%,0.593297,2026-09-01
TTWO,216.68,2026-11-20,80,Call,310.00,-43.07%,1.65,2.1,2.2,3662,636,5.76,38.52%,50.90%,0.088535,2026-09-01
AAPL,325.13,2026-09-09,8,Put,315.00,-3.12%,1.35,1.43,1.53,1789,312,5.73,25.07%,26.45%,-0.199216,2026-09-01
AMD,459.61,2026-09-02,1,Put,445.00,-3.18%,0.89,0.91,0.95,3674,645,5.7,47.81%,56.38%,-0.132959,2026-09-01
CRDO,206.63,2026-09-04,3,Call,235.00,-13.73%,4.4,5.1,5.1,1916,337,5.69,86.64%,185.67%,0.248729,2026-09-01
GTLB,45.09,2026-09-04,3,Call,50.00,-10.89%,0.8,1.91,2,7567,1332,5.68,86.78%,191.38%,0.30595,2026-09-01
BSX,48.08,2026-12-18,108,Call,60.00,-24.79%,1.2,1.21,1.3,51241,9072,5.65,37.70%,42.95%,0.216987,2026-09-01
SW,45.43,2026-09-18,17,Put,45.00,-0.95%,1.15,1.1,1.35,1303,231,5.64,36.23%,37.37%,-0.437014,2026-09-01
TSLA,356.09,2026-09-18,17,Put,322.50,-9.43%,2.14,2.17,2.19,1366,242,5.64,40.52%,42.65%,-0.127297,2026-09-01
AAPL,325.13,2026-09-02,1,Call,315.00,+3.12%,9.3,9.53,10.75,9833,1753,5.61,25.07%,20.62%,0.998381,2026-09-01
MSFT,501.02,2026-09-09,8,Put,500.00,-0.20%,5.35,5.75,6.35,1263,226,5.59,24.80%,21.93%,-0.462256,2026-09-01
NVDA,217.44,2026-09-02,1,Put,220.00,+1.18%,2.96,3,3.05,39965,7161,5.58,32.61%,30.09%,-0.768044,2026-09-01
FSLR,199.65,2027-06-17,289,Put,150.00,-24.87%,11.35,12.2,12.3,2021,364,5.55,47.80%,52.63%,-0.18395,2026-09-01
SNDK,1536.87,2026-09-04,3,Call,"1,525.00",+0.77%,47.3,45.2,48.3,659,119,5.54,70.03%,74.70%,0.560712,2026-09-01
XYZ,77.88,2027-03-19,199,Put,65.00,-16.54%,3.9,4.15,4.55,2500,452,5.53,38.41%,46.84%,-0.227432,2026-09-01
HLF,11.52,2026-10-02,31,Call,3.00,+73.96%,8,8.63,10.6,740,134,5.52,66.88%,539.82%,0.945375,2026-09-01
TSLA,356.09,2026-09-09,8,Put,347.50,-2.41%,4.1,4.2,4.2,1000,181,5.52,40.52%,37.49%,-0.315556,2026-09-01
GOOGL,335.02,2026-09-04,3,Call,342.50,-2.23%,0.95,1,1.2,6382,1158,5.51,27.65%,29.67%,0.21267,2026-09-01
NVDA,217.44,2026-09-04,3,Call,217.50,-0.03%,2.8,2.84,2.87,26079,4749,5.49,32.61%,36.07%,0.506318,2026-09-01
SNDK,1536.87,2026-09-04,3,Put,"1,545.00",+0.53%,45,45.65,45.9,935,171,5.47,70.03%,74.44%,-0.516315,2026-09-01
SRPT,21.33,2026-09-18,17,Call,22.00,-3.14%,0.85,1.05,1.1,1620,296,5.47,69.84%,68.02%,0.449937,2026-09-01
SPCX,142.23,2026-09-18,17,Put,143.00,+0.54%,6.15,6.2,6.3,1933,355,5.45,49.18%,48.44%,-0.494805,2026-09-01
DELL,425,2026-09-04,3,Put,367.50,-13.53%,3.4,3.77,3.65,893,165,5.41,74.56%,145.24%,-0.120658,2026-09-01
SPCX,142.23,2026-09-11,10,Put,143.00,+0.54%,4.65,4.73,4.8,2125,394,5.39,49.18%,46.70%,-0.508526,2026-09-01
AAPL,325.13,2026-09-14,13,Call,330.00,-1.50%,4,4.1,4.3,628,117,5.37,25.07%,24.89%,0.394258,2026-09-01
AMD,459.61,2026-09-02,1,Call,485.00,-5.52%,0.14,0.17,0.16,3536,661,5.35,47.81%,54.12%,0.030021,2026-09-01
AMZN,254.92,2026-09-04,3,Put,267.50,+4.93%,12.5,12.98,13.3,4250,794,5.35,29.15%,39.09%,-0.911027,2026-09-01
SLB,57.15,2026-09-04,3,Call,52.00,+9.01%,4.45,5.6,6.3,951,178,5.34,36.66%,84.61%,0.898041,2026-09-01
DELL,425,2026-09-04,3,Put,370.00,-12.94%,3.8,3.9,4.05,3145,590,5.33,74.56%,145.38%,-0.131523,2026-09-01
PCG,14.06,2026-12-18,108,Call,18.00,-28.02%,0.33,0.4,0.46,46033,8633,5.33,58.31%,47.87%,0.213576,2026-09-01
DELL,425,2026-09-04,3,Call,437.50,-2.94%,18.2,17.67,19.05,739,139,5.32,74.56%,156.10%,0.447331,2026-09-01
NOW,142.9,2026-09-04,3,Call,139.00,+2.73%,5.4,5.4,5.7,1030,194,5.31,52.57%,62.81%,0.698382,2026-09-01
PANW,362.09,2026-09-04,3,Put,315.00,-13.01%,2.07,2.3,2.3,2064,389,5.31,61.76%,128.03%,-0.103702,2026-09-01
BX,136.66,2026-10-16,45,Put,135.00,-1.21%,5.8,5.87,5.95,6276,1185,5.3,37.15%,35.34%,-0.433686,2026-09-01
MRNA,154.27,2026-09-04,3,Put,132.00,-14.44%,0.28,0.29,0.36,741,140,5.29,79.67%,107.42%,-0.049223,2026-09-01
PCG,14.06,2026-09-18,17,Call,14.50,-3.13%,0.55,0.65,0.68,1068,202,5.29,58.31%,66.00%,0.444864,2026-09-01
MRNA,154.27,2026-09-04,3,Put,144.00,-6.66%,1.57,1.8,2.19,559,106,5.27,79.67%,103.64%,-0.216787,2026-09-01
GRPN,18.46,2026-09-18,17,Call,17.00,+7.91%,1.35,1.9,2.35,1222,232,5.27,69.35%,60.42%,0.761178,2026-09-01
SNDK,1536.87,2026-09-04,3,Put,"1,530.00",-0.45%,37.3,37.1,37.9,1412,268,5.27,70.03%,74.20%,-0.458626,2026-09-01
META,578.54,2026-09-02,1,Put,552.50,-4.50%,0.04,0.14,0.17,2178,413,5.27,35.41%,43.70%,-0.021262,2026-09-01
AMD,459.61,2026-09-02,1,Put,450.00,-2.09%,1.7,1.76,1.8,8278,1574,5.26,47.81%,54.92%,-0.225855,2026-09-01
FCEL,17.08,2026-09-11,10,Call,18.00,-5.39%,0.7,1,1.1,598,114,5.25,105.58%,112.63%,0.427431,2026-09-01
TSLA,356.09,2026-09-09,8,Put,340.00,-4.52%,2.21,2.28,2.28,1282,244,5.25,40.52%,38.24%,-0.195515,2026-09-01
LPTH,9.47,2026-12-18,108,Call,12.50,-32.00%,1.3,1.35,1.35,1470,280,5.25,100.74%,108.11%,0.436931,2026-09-01
ASTS,55.8,2026-09-04,3,Call,58.00,-3.94%,0.69,0.72,0.75,3457,660,5.24,70.34%,76.66%,0.302428,2026-09-01
MRNA,154.27,2026-09-04,3,Put,155.00,+0.47%,5.9,6.05,6.55,559,107,5.22,79.67%,105.08%,-0.499761,2026-09-01
AAPL,325.13,2026-09-18,17,Put,322.50,-0.81%,5.6,5.8,5.85,871,167,5.22,25.07%,25.68%,-0.42211,2026-09-01
CRWD,215.07,2026-09-04,3,Call,215.00,+0.03%,5.65,5.9,5.9,3443,660,5.22,52.87%,73.42%,0.517011,2026-09-01
TXN,253.34,2026-09-11,10,Put,190.00,-25.00%,0.02,0.1,0.58,683,131,5.21,36.65%,88.60%,-0.020791,2026-09-01
BMNR,23.37,2026-09-18,17,Call,33.00,-41.21%,0.05,0.1,0.15,2501,480,5.21,75.82%,93.22%,0.054072,2026-09-01
INTC,88.97,2026-09-02,1,Call,90.00,-1.16%,0.7,0.72,0.75,17334,3330,5.21,56.07%,62.39%,0.369316,2026-09-01
AFRM,69.94,2026-11-20,80,Call,70.00,-0.09%,7.6,8,8.1,690,133,5.19,52.06%,58.53%,0.564959,2026-09-01
DELL,425,2026-09-04,3,Call,455.00,-7.06%,12.5,12.2,12.9,871,168,5.18,74.56%,156.28%,0.341292,2026-09-01
QXO,12.88,2026-09-04,3,Put,12.50,-2.95%,0.05,0.12,0.15,2281,441,5.17,57.58%,53.52%,-0.25881,2026-09-01
AAPL,325.13,2026-09-11,10,Put,320.00,-1.58%,3.35,3.35,3.55,2004,388,5.16,25.07%,27.00%,-0.346258,2026-09-01
SBET,8.15,2026-10-02,31,Call,11.00,-34.97%,0.11,0.15,0.23,1746,340,5.14,77.32%,91.89%,0.164976,2026-09-01
NOW,142.9,2026-09-04,3,Put,144.00,+0.77%,3.75,3.84,4,1928,375,5.14,52.57%,63.95%,-0.539537,2026-09-01
IONQ,37.78,2026-09-18,17,Call,42.00,-11.17%,0.92,1.01,1.09,3208,624,5.14,73.56%,74.84%,0.286212,2026-09-01
SNDK,1536.87,2026-09-04,3,Call,"1,375.00",+10.53%,164,175.8,166.6,590,115,5.13,70.03%,81.18%,0.939809,2026-09-01
SLB,57.15,2026-09-11,10,Call,53.00,+7.26%,3.8,4.85,5.45,1102,215,5.13,36.66%,50.45%,0.828432,2026-09-01
META,578.54,2026-09-02,1,Put,572.50,-1.04%,2.21,2.28,2.4,5288,1030,5.13,35.41%,39.44%,-0.300638,2026-09-01
TSLA,356.09,2026-09-11,10,Put,357.50,+0.40%,9.75,9.95,10,1328,261,5.09,40.52%,39.56%,-0.506363,2026-09-01
NVDA,217.44,2026-09-09,8,Call,217.50,-0.03%,3.75,3.85,3.9,3391,667,5.08,32.61%,29.44%,0.512477,2026-09-01
SNDK,1536.87,2026-09-04,3,Call,"1,605.00",-4.43%,17.2,22.2,17.8,527,104,5.07,70.03%,75.99%,0.277267,2026-09-01
APLD,24.29,2027-04-16,227,Put,25.00,+2.92%,6.05,6.5,6.7,2978,588,5.06,81.46%,83.21%,-0.379527,2026-09-01
NVDA,217.44,2026-09-11,10,Call,217.50,-0.03%,4.45,4.48,4.55,5403,1067,5.06,32.61%,30.91%,0.51476,2026-09-01
AVGO,369.68,2026-09-04,3,Put,317.50,-14.11%,1.04,1.08,1.15,1196,237,5.05,51.09%,113.91%,-0.06334,2026-09-01
TSLA,356.09,2026-09-11,10,Call,362.50,-1.80%,6.75,6.8,6.85,2193,434,5.05,40.52%,40.16%,0.412838,2026-09-01
SLS,13.22,2026-10-16,45,Call,18.00,-36.16%,2.25,2.35,2.8,5057,1004,5.04,192.53%,212.19%,0.485778,2026-09-01
AMD,459.61,2026-09-02,1,Put,460.00,+0.08%,5.05,5.22,5.35,2409,481,5.01,47.81%,52.32%,-0.505716,2026-09-01
TSLA,356.09,2026-09-02,1,Put,337.50,-5.22%,0.12,0.12,0.14,3359,671,5.01,40.52%,55.72%,-0.03172,2026-09-01
META,578.54,2026-09-02,1,Put,550.00,-4.93%,0.09,0.12,0.12,4496,898,5.01,35.41%,47.32%,-0.019799,2026-09-01
RJF,173.5,2026-11-20,80,Put,180.00,+3.75%,10.4,11.4,13.1,1149,230,5,23.62%,26.19%,-0.583484,2026-09-01
SLB,57.15,2026-09-04,3,Call,54.00,+5.51%,2.92,4.15,4.3,2819,564,5,36.66%,76.93%,0.802128,2026-09-01
DVN,49.05,2026-11-20,80,Put,45.00,-8.26%,1.42,1.44,1.49,1675,336,4.99,33.85%,35.47%,-0.268108,2026-09-01
AMZN,254.92,2026-09-04,3,Put,280.00,+9.84%,24.9,25.75,25.7,767,154,4.98,29.15%,60.93%,-0.954161,2026-09-01
KD,13.12,2027-01-15,136,Put,12.00,-8.54%,1.1,1.2,1.4,1000,201,4.98,49.48%,60.05%,-0.323816,2026-09-01
CRCL,89.48,2026-10-16,45,Call,160.00,-78.81%,0.45,0.55,0.65,2507,503,4.98,78.49%,91.50%,0.051138,2026-09-01
TSLA,356.09,2026-09-02,1,Put,340.00,-4.52%,0.16,0.17,0.17,13585,2736,4.97,40.52%,51.56%,-0.041809,2026-09-01
TSLA,356.09,2026-09-09,8,Put,332.50,-6.62%,1.14,1.17,1.18,640,129,4.96,40.52%,39.46%,-0.112172,2026-09-01
FDX,324.88,2027-06-17,289,Call,340.00,-4.65%,32.15,30.05,35.7,760,154,4.94,26.89%,33.00%,0.517479,2026-09-01
LULU,118,2028-01-21,507,Put,100.00,-15.25%,12.65,13.9,15.05,10010,2032,4.93,58.11%,47.54%,-0.259063,2026-09-01
ICLR,161.4,2026-09-18,17,Put,160.00,-0.87%,4.7,7.08,7.3,1963,399,4.92,46.02%,49.12%,-0.44124,2026-09-01
PEP,139.79,2026-09-11,10,Call,141.00,-0.87%,0.64,0.85,0.92,506,103,4.91,22.73%,14.06%,0.357629,2026-09-01
NVDA,217.44,2026-09-14,13,Put,215.00,-1.12%,3.6,3.85,3.8,741,151,4.91,32.61%,30.21%,-0.404102,2026-09-01
AAPL,325.13,2027-04-16,227,Call,395.00,-21.49%,8.1,8.51,8.6,756,154,4.91,25.07%,26.30%,0.233678,2026-09-01
RDDT,144.64,2026-09-04,3,Call,150.00,-3.71%,1.06,1.06,1.28,2169,442,4.91,55.41%,58.90%,0.258088,2026-09-01
AMZN,254.92,2026-09-04,3,Call,240.00,+5.85%,14.65,15.11,15.5,5255,1073,4.9,29.15%,34.92%,0.973215,2026-09-01
ON,72.65,2026-10-16,45,Put,55.00,-24.29%,0.2,0.54,0.94,1002,205,4.89,52.10%,60.50%,-0.075493,2026-09-01
APLD,24.29,2026-09-18,17,Call,26.00,-7.04%,0.85,0.85,0.93,1276,261,4.89,81.46%,73.42%,0.367099,2026-09-01
PANW,362.09,2026-09-04,3,Put,305.00,-15.77%,1.15,1.2,1.23,1436,294,4.88,61.76%,128.27%,-0.062271,2026-09-01
PANW,362.09,2026-09-04,3,Put,310.00,-14.39%,1.62,1.7,1.7,1993,408,4.88,61.76%,128.81%,-0.082129,2026-09-01
AMZN,254.92,2026-09-09,8,Put,250.00,-1.93%,1.69,1.76,1.92,814,167,4.87,29.15%,25.67%,-0.291196,2026-09-01
MU,933.44,2026-09-02,1,Call,"1,010.00",-8.20%,0.15,0.18,0.21,3528,724,4.87,58.73%,68.91%,0.015213,2026-09-01
ASTS,55.8,2026-09-25,24,Put,45.00,-19.35%,0.42,0.49,0.69,573,118,4.86,70.34%,72.51%,-0.103546,2026-09-01
MU,933.44,2026-09-04,3,Put,960.00,+2.85%,34.85,34.95,36.25,982,202,4.86,58.73%,57.40%,-0.694871,2026-09-01
META,578.54,2027-02-19,171,Call,650.00,-12.35%,42.2,43.8,43.4,3075,634,4.85,35.41%,41.73%,0.417001,2026-09-01
GRAL,79.79,2026-09-18,17,Put,70.00,-12.27%,0.8,1.67,2.6,605,125,4.84,90.50%,81.29%,-0.199757,2026-09-01
SHMD,3.11,2027-01-15,136,Call,2.50,+19.61%,0.8,1.2,1.5,605,125,4.84,203.32%,118.78%,0.752847,2026-09-01
PANW,362.09,2026-09-04,3,Put,325.00,-10.24%,3.65,3.9,3.95,2347,485,4.84,61.76%,128.58%,-0.161641,2026-09-01
PCG,14.06,2026-09-04,3,Call,14.00,+0.43%,0.48,0.56,0.6,37410,7724,4.84,58.31%,100.19%,0.537586,2026-09-01
CBRS,172.62,2026-09-11,10,Call,220.00,-27.45%,0.15,0.4,0.55,962,199,4.83,70.95%,80.16%,0.039705,2026-09-01
DELL,425,2026-09-04,3,Call,460.00,-8.24%,11.1,11.29,11.5,2589,536,4.83,74.56%,156.20%,0.31334,2026-09-01
TLN,293.73,2026-11-20,80,Call,330.00,-12.35%,16.7,17.6,18.8,646,134,4.82,52.30%,54.97%,0.38506,2026-09-01
LITE,868.95,2026-09-18,17,Call,850.00,+2.18%,61.6,61.6,63.7,1883,391,4.82,70.11%,70.16%,0.591932,2026-09-01
RIVN,15.53,2026-09-04,3,Call,15.50,+0.19%,0.31,0.34,0.36,3030,628,4.82,54.04%,56.11%,0.530151,2026-09-01
MU,933.44,2026-09-04,3,Call,940.00,-0.70%,16.3,16.8,16.75,6206,1287,4.82,58.73%,57.59%,0.459207,2026-09-01
MRNA,154.27,2026-09-04,3,Call,155.00,-0.47%,5.15,5.11,5.4,4093,851,4.81,79.67%,100.37%,0.498756,2026-09-01
WBD,28.32,2026-10-02,31,Call,30.00,-5.93%,0.19,0.22,1.85,538,112,4.8,29.50%,50.17%,0.382263,2026-09-01
AAPL,325.13,2026-09-04,3,Put,327.50,+0.73%,4.25,4.44,4.7,2850,594,4.8,25.07%,27.10%,-0.608496,2026-09-01
OKLO,38.53,2027-06-17,289,Put,25.00,-35.12%,3.1,3.19,3.35,608,127,4.79,72.55%,79.25%,-0.158099,2026-09-01
MARA,10.23,2026-10-02,31,Put,11.00,+7.53%,1.3,1.31,1.47,713,149,4.79,83.61%,78.90%,-0.576051,2026-09-01
BE,213.63,2027-02-19,171,Put,150.00,-29.79%,14.95,16.25,16.6,881,184,4.79,82.64%,84.23%,-0.176748,2026-09-01
AAPL,325.13,2026-09-09,8,Call,332.50,-2.27%,2.08,2.2,2.25,1232,257,4.79,25.07%,25.41%,0.288413,2026-09-01
WULF,14.65,2026-11-20,80,Call,15.00,-2.39%,2.15,2.3,2.35,5075,1060,4.79,80.92%,99.35%,0.527276,2026-09-01
PBR,20.33,2026-10-16,45,Put,20.00,-1.62%,0.97,1,1.02,10015,2097,4.78,40.89%,41.48%,-0.421714,2026-09-01
AMZN,254.92,2026-09-11,10,Put,237.50,-6.83%,0.36,0.48,0.46,794,166,4.78,29.15%,30.07%,-0.071384,2026-09-01
SPCX,142.23,2026-09-04,3,Put,146.00,+2.65%,4.95,5.02,5.15,976,204,4.78,49.18%,53.65%,-0.694883,2026-09-01
PANW,362.09,2026-09-04,3,Put,280.00,-22.67%,0.16,0.16,0.25,1136,238,4.77,61.76%,131.20%,-0.013103,2026-09-01
TSLA,356.09,2026-09-09,8,Put,355.00,-0.31%,7.15,7.2,7.25,2032,428,4.75,40.52%,37.41%,-0.462389,2026-09-01
DELL,425,2026-09-04,3,Call,530.00,-24.71%,1.71,1.76,1.87,2201,463,4.75,74.56%,157.50%,0.070346,2026-09-01
AMD,459.61,2026-09-02,1,Put,432.50,-5.90%,0.11,0.2,0.25,828,175,4.73,47.81%,62.60%,-0.030427,2026-09-01
RUN,8.37,2026-10-16,45,Put,8.00,-4.42%,0.42,0.52,0.65,3513,745,4.72,61.77%,62.91%,-0.370022,2026-09-01
HUM,394.88,2026-09-25,24,Call,420.00,-6.36%,7.4,8.3,12.2,612,130,4.71,54.16%,47.18%,0.331788,2026-09-01
SRAD,12.31,2026-11-20,80,Put,10.00,-18.77%,0.15,0.3,0.35,1602,340,4.71,46.50%,50.02%,-0.150287,2026-09-01
MDT,92.04,2026-09-11,10,Call,93.00,-1.04%,1.13,1.5,1.5,887,189,4.69,26.14%,28.63%,0.423453,2026-09-01
TSLA,356.09,2026-09-11,10,Put,337.50,-5.22%,2.7,2.78,2.75,1886,402,4.69,40.52%,40.49%,-0.198557,2026-09-01
SLB,57.15,2026-09-18,17,Call,45.00,+21.26%,11.5,12.8,13.3,37910,8080,4.69,36.66%,73.46%,0.94337,2026-09-01
UBER,75.24,2026-09-04,3,Call,76.00,-1.01%,0.79,0.8,0.89,5956,1273,4.68,35.10%,42.86%,0.408431,2026-09-01
PCG,14.06,2026-10-09,38,Call,13.50,+3.98%,1.22,1.16,1.35,548,117,4.68,58.31%,54.37%,0.629531,2026-09-01
VZ,50.3,2026-10-02,31,Call,52.00,-3.38%,0.47,0.64,0.65,1038,222,4.68,22.57%,21.07%,0.296329,2026-09-01
DELL,425,2026-09-04,3,Call,495.00,-16.47%,4.6,4.75,4.95,617,132,4.67,74.56%,157.28%,0.159532,2026-09-01
HUT,77.57,2026-09-18,17,Call,81.00,-4.42%,3.9,4.42,5.35,705,151,4.67,89.59%,90.06%,0.453513,2026-09-01
MU,933.44,2026-09-02,1,Put,880.00,-5.73%,0.43,0.46,0.49,3111,666,4.67,58.73%,63.59%,-0.036684,2026-09-01
SPCX,142.23,2028-12-15,836,Put,145.00,+1.95%,41.05,41.63,42.45,1016,218,4.66,49.18%,55.98%,-0.326741,2026-09-01
CCL,23.23,2026-09-11,10,Put,23.00,-0.99%,0.25,0.51,0.58,1046,225,4.65,43.86%,34.40%,-0.417536,2026-09-01
UNH,396.3,2026-09-11,10,Put,382.50,-3.48%,2.01,2.43,2.66,1535,330,4.65,30.89%,28.30%,-0.215559,2026-09-01
SOFI,17.05,2026-09-04,3,Call,17.00,+0.29%,0.35,0.36,0.36,5337,1148,4.65,47.97%,53.08%,0.536374,2026-09-01
AAPL,325.13,2026-09-11,10,Call,342.50,-5.34%,0.87,0.89,0.95,701,151,4.64,25.07%,26.77%,0.128774,2026-09-01
MRNA,154.27,2026-09-04,3,Call,170.00,-10.20%,1.2,1.26,1.4,8095,1749,4.63,79.67%,106.63%,0.170277,2026-09-01
RIOT,17.79,2026-10-16,45,Call,26.00,-46.15%,0.22,0.32,0.39,1207,261,4.62,78.69%,84.07%,0.130818,2026-09-01
SNDK,1536.87,2026-09-04,3,Put,"1,500.00",-2.40%,24.5,24.95,25,6209,1346,4.61,70.03%,74.14%,-0.345036,2026-09-01
HOOD,103.51,2026-09-04,3,Call,107.00,-3.37%,1.25,1.28,1.32,7114,1543,4.61,59.40%,70.03%,0.313498,2026-09-01
SOFI,17.05,2026-09-04,3,Call,17.50,-2.64%,0.16,0.16,0.17,15316,3332,4.6,47.97%,54.82%,0.310878,2026-09-01
SLB,57.15,2026-09-18,17,Call,37.50,+34.38%,19.25,20.3,19.85,9800,2140,4.58,36.66%,148.19%,0.929789,2026-09-01
ASTS,55.8,2026-09-04,3,Call,56.00,-0.36%,1.37,1.42,1.5,508,111,4.58,70.34%,75.45%,0.494515,2026-09-01
SNDK,1536.87,2026-09-04,3,Call,"1,535.00",+0.12%,42.2,43.09,43.1,1048,229,4.58,70.03%,74.69%,0.522427,2026-09-01
BB,7.83,2027-03-19,199,Put,6.00,-23.37%,0.44,0.55,0.6,558,122,4.57,67.05%,63.42%,-0.20024,2026-09-01
CIEN,360.33,2026-10-16,45,Put,370.00,+2.68%,38.9,42.92,43.2,694,152,4.57,79.07%,72.27%,-0.485884,2026-09-01
FRMI,4.63,2026-10-02,31,Put,4.50,-2.81%,0.4,0.45,0.5,1445,316,4.57,96.93%,98.10%,-0.400797,2026-09-01
INTC,88.97,2026-09-02,1,Put,88.00,-1.09%,0.71,0.74,0.75,14350,3140,4.57,56.07%,62.42%,-0.361609,2026-09-01
MDT,92.04,2026-09-04,3,Put,91.00,-1.13%,0.56,0.88,1.02,1109,243,4.56,26.14%,37.55%,-0.362346,2026-09-01
MDT,92.04,2026-09-04,3,Call,96.00,-4.30%,0.2,0.22,0.32,2069,455,4.55,26.14%,42.91%,0.143985,2026-09-01
INTC,88.97,2026-09-02,1,Call,89.00,-0.03%,1.11,1.12,1.15,15866,3490,4.55,56.07%,61.43%,0.503265,2026-09-01
TRIP,9.46,2026-12-18,108,Put,10.00,+5.71%,1.2,1.3,1.55,5007,1103,4.54,49.95%,54.36%,-0.506598,2026-09-01
INTC,88.97,2026-09-04,3,Call,86.00,+3.34%,3.75,3.87,3.95,1295,286,4.53,56.07%,63.55%,0.733183,2026-09-01
MU,933.44,2026-09-04,3,Call,930.00,+0.37%,21.05,21.5,21.85,3709,821,4.52,58.73%,58.00%,0.540657,2026-09-01
SLB,57.15,2026-09-18,17,Call,35.00,+38.76%,21.75,22.85,22.65,9800,2168,4.52,36.66%,102.12%,0.989559,2026-09-01
PCT,6.29,2027-01-15,136,Call,13.00,-106.68%,0.15,0.22,0.5,5000,1109,4.51,82.78%,100.51%,0.196757,2026-09-01
HPQ,31.32,2026-12-18,108,Put,30.00,-4.21%,2.45,2.9,2.88,679,151,4.5,45.93%,49.93%,-0.380697,2026-09-01
PANW,362.09,2026-09-04,3,Put,300.00,-17.15%,0.84,0.9,0.91,3540,787,4.5,61.76%,129.08%,-0.04762,2026-09-01
DELL,425,2026-09-04,3,Call,480.00,-12.94%,6.8,6.8,7.05,3976,884,4.5,74.56%,156.19%,0.215633,2026-09-01
UNH,396.3,2026-09-11,10,Put,387.50,-2.22%,3.5,3.1,5.4,601,134,4.49,30.89%,31.50%,-0.3216,2026-09-01
S,20.63,2026-09-04,3,Call,21.50,-4.22%,0.15,0.26,0.35,1108,248,4.47,49.98%,76.54%,0.288977,2026-09-01
CIFR,14.61,2026-09-11,10,Call,18.00,-23.20%,0.1,0.13,0.12,2159,483,4.47,90.28%,94.82%,0.106595,2026-09-01
FUN,14.24,2027-01-15,136,Call,17.50,-22.89%,1.2,1.5,1.5,1000,224,4.46,64.13%,72.65%,0.383176,2026-09-01
GOOGL,335.02,2026-10-02,31,Call,370.00,-10.44%,1.58,1.74,1.87,1718,385,4.46,27.65%,28.26%,0.129386,2026-09-01
CMG,37.51,2026-09-11,10,Call,39.00,-3.97%,0.22,0.3,0.33,2651,595,4.46,34.12%,31.68%,0.242679,2026-09-01
MMED,22.42,2026-09-18,17,Call,22.50,-0.36%,0.95,1,1.05,525,118,4.45,62.84%,52.87%,0.516209,2026-09-01
PANW,362.09,2026-09-04,3,Put,330.00,-8.86%,4.8,4.98,5.1,2481,557,4.45,61.76%,129.66%,-0.197499,2026-09-01
NVDA,217.44,2026-09-09,8,Put,212.50,-2.27%,1.75,1.82,1.81,5340,1204,4.44,32.61%,29.85%,-0.289162,2026-09-01
SNOW,319.8,2028-12-15,836,Call,440.00,-37.59%,85.5,88.9,90.95,1000,225,4.44,69.87%,59.29%,0.57943,2026-09-01
TSLA,356.09,2026-09-09,8,Call,395.00,-10.93%,0.58,0.58,0.6,1106,249,4.44,40.52%,43.92%,0.060537,2026-09-01
BMNR,23.37,2027-02-19,171,Call,32.00,-36.93%,2.7,2.74,2.91,645,146,4.42,75.82%,81.85%,0.400887,2026-09-01
IREN,36.82,2026-10-09,38,Put,30.00,-18.52%,0.88,0.96,1.1,1370,310,4.42,79.54%,79.30%,-0.173111,2026-09-01
MU,933.44,2026-09-11,10,Call,"1,000.00",-7.13%,10.15,10.15,10.75,4280,968,4.42,58.73%,52.57%,0.230583,2026-09-01
FLEX,106.86,2028-01-21,507,Call,150.00,-40.37%,20.4,23.53,27.8,520,118,4.41,57.02%,69.22%,0.524411,2026-09-01
AAPL,325.13,2026-09-18,17,Call,337.50,-3.80%,2.73,2.85,2.95,811,184,4.41,25.07%,25.56%,0.267061,2026-09-01
AVGO,369.68,2026-09-09,8,Put,320.00,-13.44%,1.5,1.7,1.83,918,208,4.41,51.09%,74.39%,-0.085184,2026-09-01
CF,135.6,2026-09-18,17,Put,125.00,-7.82%,1.1,1.5,2,2044,465,4.4,43.99%,46.97%,-0.194058,2026-09-01
RIOT,17.79,2026-11-20,80,Call,30.00,-68.63%,0.42,0.48,0.57,663,151,4.39,78.69%,89.08%,0.152649,2026-09-01
MSFT,501.02,2026-10-16,45,Put,485.00,-3.20%,9.65,10.15,10.3,7767,1771,4.39,24.80%,25.22%,-0.327851,2026-09-01
SLB,57.15,2026-09-04,3,Call,55.00,+3.76%,1.94,2.13,2.36,11878,2703,4.39,36.66%,18.28%,0.989935,2026-09-01
SLB,57.15,2026-09-18,17,Call,40.00,+30.01%,17.05,18.1,18.5,47604,10841,4.39,36.66%,128.41%,0.922679,2026-09-01
MRVL,210.39,2026-09-11,10,Call,210.00,+0.19%,8,8.5,8.65,964,220,4.38,59.43%,57.88%,0.530801,2026-09-01
MU,933.44,2026-09-04,3,Put,947.50,+1.51%,26.5,26.9,27.75,507,116,4.37,58.73%,57.16%,-0.601954,2026-09-01
SLB,57.15,2026-09-18,17,Call,42.50,+25.63%,14.55,15,15,117607,26943,4.37,36.66%,75.44%,0.970696,2026-09-01
GOOG,332.03,2026-09-04,3,Call,335.00,-0.89%,2.04,2.03,2.15,5561,1277,4.35,27.76%,27.68%,0.370184,2026-09-01
NVDA,217.44,2026-09-02,1,Put,210.00,-3.42%,0.11,0.11,0.12,32996,7601,4.34,32.61%,42.19%,-0.055795,2026-09-01
PANW,362.09,2026-09-04,3,Call,370.00,-2.18%,13.8,14,14.45,1936,448,4.32,61.76%,134.21%,0.454479,2026-09-01
WMT,105.92,2027-03-19,199,Put,115.00,+8.57%,11.95,12.6,13.4,3020,699,4.32,22.66%,25.84%,-0.618558,2026-09-01
PBR,20.33,2026-11-20,80,Call,22.00,-8.21%,1.07,1.14,1.2,30741,7108,4.32,40.89%,46.47%,0.403629,2026-09-01
DELL,425,2026-09-04,3,Put,340.00,-20.00%,0.8,0.91,0.92,4875,1133,4.3,74.56%,143.29%,-0.037171,2026-09-01
SLB,57.15,2026-09-18,17,Call,47.50,+16.89%,9.25,10.12,10.9,30812,7172,4.3,36.66%,69.26%,0.905239,2026-09-01
PCG,14.06,2026-09-18,17,Put,13.50,-3.98%,0.23,0.5,0.73,761,177,4.3,58.31%,61.71%,-0.352398,2026-09-01
DELL,425,2026-09-04,3,Put,345.00,-18.82%,0.99,1.19,1.25,1003,233,4.3,74.56%,142.88%,-0.046817,2026-09-01
NVAX,10.12,2026-09-04,3,Call,10.50,-3.75%,0.2,0.28,0.28,1918,446,4.3,78.16%,107.49%,0.372009,2026-09-01
NCLH,15.43,2026-10-16,45,Put,14.00,-9.27%,0.35,0.36,0.41,2247,523,4.3,43.71%,45.93%,-0.239391,2026-09-01
LPTH,9.47,2026-10-16,45,Call,12.50,-32.00%,0.5,0.59,0.6,2690,625,4.3,100.74%,106.90%,0.294648,2026-09-01
ARM,234.82,2027-03-19,199,Put,180.00,-23.35%,14.25,15.7,16.25,841,196,4.29,59.68%,62.66%,-0.199165,2026-09-01
AMD,459.61,2026-09-02,1,Put,437.50,-4.81%,0.3,0.33,0.34,1391,324,4.29,47.81%,58.91%,-0.0529,2026-09-01
ZS,178.37,2026-09-04,3,Put,152.50,-14.50%,1.64,2.31,2.6,557,130,4.28,74.45%,172.24%,-0.139315,2026-09-01
RIOT,17.79,2026-12-18,108,Put,17.00,-4.44%,2.43,2.49,2.66,2806,655,4.28,78.69%,80.48%,-0.366262,2026-09-01
CRWD,215.07,2026-09-04,3,Put,222.50,+3.45%,10.15,10.6,10.55,1930,452,4.27,52.87%,75.23%,-0.67759,2026-09-01
META,578.54,2026-09-02,1,Call,577.50,+0.18%,5.2,5.35,5.6,12444,2911,4.27,35.41%,40.06%,0.540052,2026-09-01
OKTA,166.43,2026-09-04,3,Put,162.50,-2.36%,2.04,2.06,2.51,583,137,4.26,53.57%,66.39%,-0.333066,2026-09-01
TSLA,356.09,2026-09-09,8,Call,367.50,-3.20%,3.75,3.85,3.85,694,163,4.26,40.52%,38.33%,0.303818,2026-09-01
DELL,425,2026-09-04,3,Put,425.00,0.00%,23.5,24.05,24.1,2012,475,4.24,74.56%,155.30%,-0.471345,2026-09-01
HPE,50.87,2026-10-16,45,Call,55.00,-8.12%,3.15,3.1,3.25,1784,423,4.22,71.68%,66.80%,0.419415,2026-09-01
SNDK,1536.87,2026-09-04,3,Call,"1,610.00",-4.76%,16.1,16.2,16.7,867,206,4.21,70.03%,76.29%,0.263254,2026-09-01
PCG,14.06,2027-01-15,136,Call,14.00,+0.43%,1.43,1.6,1.65,2140,508,4.21,58.31%,42.84%,0.569144,2026-09-01
TSLA,356.09,2026-09-02,1,Call,372.50,-4.61%,0.2,0.21,0.21,10569,2511,4.21,40.52%,52.06%,0.050902,2026-09-01
AAL,12.95,2027-01-15,136,Call,18.00,-39.00%,0.29,0.32,0.35,1403,334,4.2,45.33%,49.36%,0.173661,2026-09-01
SLB,57.15,2026-09-04,3,Call,53.00,+7.26%,4,4.8,5.35,897,214,4.19,36.66%,96.66%,0.81732,2026-09-01
UBER,75.24,2026-09-11,10,Call,75.00,+0.32%,1.8,1.96,2.15,905,216,4.19,35.10%,36.58%,0.539619,2026-09-01
PLTR,179.92,2026-09-04,3,Call,182.50,-1.43%,2.4,2.38,2.45,13160,3141,4.19,45.77%,54.11%,0.397567,2026-09-01
XYZ,77.88,2026-09-04,3,Put,78.00,+0.15%,1.15,1.36,1.41,523,125,4.18,38.41%,43.63%,-0.50525,2026-09-01
TSLA,356.09,2026-09-04,3,Put,332.50,-6.62%,0.47,0.49,0.49,3949,945,4.18,40.52%,51.03%,-0.065438,2026-09-01
AFRM,69.94,2026-11-20,80,Put,70.00,+0.09%,6.95,7.27,7.45,908,218,4.17,52.06%,57.08%,-0.439446,2026-09-01
AMZN,254.92,2026-09-09,8,Call,255.00,-0.03%,3.6,3.8,4,865,208,4.16,29.15%,24.84%,0.512561,2026-09-01
CAT,779.16,2026-09-18,17,Call,960.00,-23.21%,0,0.22,0.51,1750,421,4.16,36.31%,41.18%,0.011041,2026-09-01
SNDK,1536.87,2026-09-04,3,Call,"1,600.00",-4.11%,18.6,18.3,19.1,8643,2081,4.15,70.03%,76.07%,0.292877,2026-09-01
AMAT,441.85,2026-11-20,80,Call,450.00,-1.84%,40.15,42.6,45.35,1809,436,4.15,49.72%,54.66%,0.532992,2026-09-01
HUT,77.57,2026-09-04,3,Call,80.00,-3.13%,1.68,1.87,2.05,924,223,4.14,89.59%,102.23%,0.38847,2026-09-01
PBR,20.33,2026-09-04,3,Call,20.50,-0.84%,0.22,0.26,0.27,968,234,4.14,40.89%,43.61%,0.425388,2026-09-01
DELL,425,2026-09-04,3,Call,525.00,-23.53%,1.97,2.04,2.14,1007,243,4.14,74.56%,157.17%,0.079257,2026-09-01
PCT,6.29,2026-10-16,45,Put,6.00,-4.61%,0.35,0.6,0.65,1054,255,4.13,82.78%,75.31%,-0.372782,2026-09-01
NBIS,199.54,2026-10-02,31,Put,165.00,-17.31%,4.4,4.8,5.1,580,141,4.11,78.60%,79.55%,-0.171591,2026-09-01
NKE,38.12,2027-09-17,381,Put,35.00,-8.18%,4.1,4.2,4.5,1003,244,4.11,39.19%,39.61%,-0.330258,2026-09-01
MU,933.44,2026-09-02,1,Put,875.00,-6.26%,0.33,0.34,0.35,1616,393,4.11,58.73%,65.08%,-0.027581,2026-09-01
TSLA,356.09,2026-09-09,8,Call,385.00,-8.12%,1.05,1.06,1.09,1645,400,4.11,40.52%,40.87%,0.106211,2026-09-01
TSLA,356.09,2026-09-04,3,Put,357.50,+0.40%,6.6,6.66,6.75,6870,1672,4.11,40.52%,46.46%,-0.526798,2026-09-01
PANW,362.09,2026-09-04,3,Call,460.00,-27.04%,0.41,0.49,0.56,509,124,4.1,61.76%,135.21%,0.029477,2026-09-01
NCLH,15.43,2026-09-25,24,Put,16.00,+3.69%,0.95,0.99,1.02,1223,298,4.1,43.71%,42.52%,-0.60414,2026-09-01
NEM,122.63,2026-09-18,17,Put,123.00,+0.30%,4.35,4.2,5.25,551,135,4.08,41.76%,44.35%,-0.489155,2026-09-01
ORCL,141.32,2026-09-04,3,Call,147.00,-4.02%,1,1,1.04,1660,407,4.08,67.76%,58.49%,0.237808,2026-09-01
DELL,425,2026-09-04,3,Put,427.50,+0.59%,24.6,26,25.5,614,151,4.07,74.56%,154.72%,-0.488114,2026-09-01
SMCI,36.71,2028-12-15,836,Put,75.00,+104.30%,42.45,43.63,44.1,1006,247,4.07,70.64%,74.23%,-0.56929,2026-09-01
AAPL,325.13,2026-09-04,3,Put,325.00,-0.04%,2.9,2.99,3.05,26765,6583,4.07,25.07%,26.18%,-0.484898,2026-09-01
HPE,50.87,2026-09-04,3,Put,51.00,+0.26%,3,2.98,3.15,658,162,4.06,71.68%,163.81%,-0.476761,2026-09-01
HOOD,103.51,2026-09-11,10,Call,106.00,-2.41%,2.87,2.94,3.05,1754,432,4.06,59.40%,58.47%,0.42584,2026-09-01
HOOD,103.51,2026-09-04,3,Call,106.00,-2.41%,1.55,1.58,1.62,8498,2104,4.04,59.40%,69.54%,0.366607,2026-09-01
DELL,425,2026-09-04,3,Put,355.00,-16.47%,1.9,2,2.05,1402,347,4.04,74.56%,144.67%,-0.074987,2026-09-01
SLB,57.15,2026-09-11,10,Call,52.00,+9.01%,4.8,5.82,6.05,504,125,4.03,36.66%,48.54%,0.888462,2026-09-01
TSLA,356.09,2026-09-09,8,Call,355.00,+0.31%,8.4,8.58,8.7,2411,598,4.03,40.52%,37.38%,0.538818,2026-09-01
CBRS,172.62,2026-09-04,3,Call,192.50,-11.52%,0.5,0.65,0.65,948,236,4.02,70.95%,87.86%,0.0926,2026-09-01
RDDT,144.64,2027-06-17,289,Put,125.00,-13.58%,19.85,20.25,20.9,1029,256,4.02,55.41%,65.58%,-0.280681,2026-09-01
AVGO,369.68,2026-09-04,3,Put,372.50,+0.76%,16.7,17,17.5,1066,265,4.02,51.09%,116.99%,-0.506683,2026-09-01
HD,319.77,2026-11-20,80,Call,390.00,-21.96%,1.09,1.14,1.19,1113,277,4.02,26.13%,27.00%,0.067286,2026-09-01
TSLA,356.09,2026-09-04,3,Call,367.50,-3.20%,2.22,2.27,2.27,7902,1967,4.02,40.52%,48.63%,0.246146,2026-09-01
OUST,33.26,2026-09-04,3,Put,32.00,-3.79%,0.3,0.54,0.65,843,210,4.01,85.30%,83.22%,-0.290095,2026-09-01
MU,933.44,2026-09-04,3,Put,955.00,+2.31%,31.4,31.4,32.6,832,208,4,58.73%,57.16%,-0.659426,2026-09-01
GPRO,1.23,2027-04-16,227,Call,1.0000,+18.70%,0.3,0.45,0.5,927,232,4,127.08%,74.18%,0.754537,2026-09-01
GPRO,1.23,2027-01-15,136,Put,1.0000,-18.70%,0.05,0.1,0.1,13806,3448,4,127.08%,63.39%,-0.223824,2026-09-01
AAPL,325.13,2026-09-02,1,Call,317.50,+2.35%,7.4,7.69,8,23711,5925,4,25.07%,23.67%,0.97319,2026-09-01
CRWD,215.07,2026-09-04,3,Put,215.00,-0.03%,5.55,5.7,5.75,3098,778,3.98,52.87%,73.48%,-0.483314,2026-09-01
HOOD,103.51,2026-09-04,3,Put,106.00,+2.41%,3.85,3.8,4.2,3108,780,3.98,59.40%,68.94%,-0.635232,2026-09-01
MRNA,154.27,2026-09-04,3,Call,149.00,+3.42%,7.75,8.7,8.75,1004,253,3.97,79.67%,94.21%,0.674809,2026-09-01
JBIO,21.02,2026-09-18,17,Put,20.00,-4.85%,0.4,1,4.7,1008,254,3.97,107.80%,173.69%,-0.37305,2026-09-01
DELL,425,2026-09-18,17,Put,430.00,+1.18%,32.85,33.8,33.65,2260,569,3.97,74.56%,84.32%,-0.486838,2026-09-01
MDT,92.04,2026-09-04,3,Call,95.00,-3.22%,0.36,0.42,0.49,3251,819,3.97,26.14%,42.81%,0.213194,2026-09-01
PCG,14.06,2026-09-11,10,Call,13.00,+7.54%,1.01,1.28,1.55,503,127,3.96,58.31%,67.44%,0.777129,2026-09-01
BP,44.47,2026-12-18,108,Call,46.00,-3.44%,2.29,2.28,2.6,559,141,3.96,30.82%,32.66%,0.452382,2026-09-01
COIN,176.82,2026-09-11,10,Call,185.00,-4.63%,4.1,4.21,4.3,1759,444,3.96,63.95%,63.13%,0.355276,2026-09-01
GTLB,45.09,2026-09-04,3,Put,36.00,-20.16%,0.35,0.37,0.45,786,199,3.95,86.78%,203.86%,-0.09473,2026-09-01
MU,933.44,2026-09-04,3,Call,935.00,-0.17%,18.6,19,19.25,1686,427,3.95,58.73%,57.91%,0.500006,2026-09-01
RKLB,62.54,2026-09-18,17,Call,67.00,-7.13%,1.72,1.98,1.96,587,149,3.94,65.72%,64.77%,0.340558,2026-09-01
ASTS,55.8,2026-09-11,10,Put,55.00,-1.43%,1.96,2,2.09,2746,697,3.94,70.34%,66.37%,-0.423173,2026-09-01
TSLA,356.09,2026-09-09,8,Call,352.50,+1.01%,9.8,10.05,10.15,575,147,3.91,40.52%,37.72%,0.58848,2026-09-01
MRNA,154.27,2026-09-04,3,Call,144.00,+6.66%,11.05,11.5,12.9,747,191,3.91,79.67%,98.28%,0.794239,2026-09-01
MU,933.44,2026-09-04,3,Put,970.00,+3.92%,42.15,42.19,44.15,755,193,3.91,58.73%,57.95%,-0.758695,2026-09-01
SOFI,17.05,2026-09-11,10,Call,17.50,-2.64%,0.34,0.35,0.36,5455,1395,3.91,47.97%,47.28%,0.389324,2026-09-01
PLTR,179.92,2026-09-04,3,Call,185.00,-2.82%,1.56,1.59,1.61,17442,4463,3.91,45.77%,53.74%,0.294226,2026-09-01
MU,933.44,2026-09-04,3,Call,947.50,-1.51%,13.2,14,14,502,129,3.89,58.73%,58.02%,0.400371,2026-09-01
RZLV,2.39,2028-01-21,507,Put,3.50,+46.44%,1.5,1.84,2.25,1703,438,3.89,88.65%,106.23%,-0.373578,2026-09-01
AAPL,325.13,2026-09-04,3,Put,315.00,-3.12%,0.42,0.45,0.46,10525,2706,3.89,25.07%,28.65%,-0.107273,2026-09-01
CIEN,360.33,2026-09-04,3,Put,335.00,-7.03%,5.2,9.4,12.6,656,169,3.88,79.07%,151.00%,-0.273295,2026-09-01
AMZN,254.92,2026-09-09,8,Put,255.00,+0.03%,3.6,3.76,3.9,687,177,3.88,29.15%,25.23%,-0.489286,2026-09-01
MRNA,154.27,2026-09-04,3,Put,140.00,-9.25%,0.95,1.05,1.1,2235,577,3.87,79.67%,102.08%,-0.136081,2026-09-01
PINS,21.25,2026-09-11,10,Call,21.50,-1.18%,0.42,0.52,0.57,799,207,3.86,41.85%,42.71%,0.453809,2026-09-01
AVGO,369.68,2026-09-14,13,Call,370.00,-0.09%,17.4,17.82,18,1518,394,3.85,51.09%,63.54%,0.524364,2026-09-01
SE,112.65,2026-12-18,108,Call,200.00,-77.54%,0.34,0.43,0.63,557,145,3.84,43.52%,54.44%,0.039907,2026-09-01
META,578.54,2026-09-04,3,Call,582.50,-0.68%,6.55,7.1,7.4,1308,341,3.84,35.41%,41.66%,0.438544,2026-09-01
BE,213.63,2026-09-04,3,Call,237.50,-11.17%,1.96,2,2.01,1156,302,3.83,82.64%,116.60%,0.171965,2026-09-01
AMD,459.61,2026-09-04,3,Call,470.00,-2.26%,4.7,4.84,4.95,2848,743,3.83,47.81%,53.80%,0.334351,2026-09-01
SPCX,142.23,2026-09-04,3,Call,144.00,-1.24%,1.97,1.99,2.02,15702,4098,3.83,49.18%,53.60%,0.411323,2026-09-01
MSTR,124.88,2026-09-04,3,Call,128.00,-2.50%,2.33,2.43,2.5,4749,1242,3.82,69.20%,82.18%,0.385906,2026-09-01
DELL,425,2026-09-04,3,Put,327.50,-22.94%,0.4,0.47,0.55,715,187,3.82,74.56%,147.11%,-0.021574,2026-09-01
MU,933.44,2026-09-02,1,Put,870.00,-6.80%,0.23,0.26,0.26,1269,332,3.82,58.73%,66.31%,-0.020301,2026-09-01
CBRS,172.62,2026-09-04,3,Call,175.00,-1.38%,3.7,3.92,4.3,1778,466,3.82,70.95%,80.83%,0.441891,2026-09-01
PLTR,179.92,2026-09-11,10,Put,180.00,+0.04%,5.25,5.3,5.4,5227,1373,3.81,45.77%,45.16%,-0.483338,2026-09-01
MRNA,154.27,2026-09-04,3,Call,172.50,-11.82%,0.7,0.96,1.1,649,171,3.8,79.67%,104.15%,0.128685,2026-09-01
MU,933.44,2026-09-02,1,Call,910.00,+2.51%,25.25,26.25,28,681,179,3.8,58.73%,57.77%,0.804966,2026-09-01
FANG,203.16,2027-06-17,289,Put,170.00,-16.32%,9.5,10.15,11.2,700,184,3.8,34.60%,36.98%,-0.225911,2026-09-01
CIFR,14.61,2026-09-18,17,Call,14.50,+0.75%,1.05,1.21,1.26,1062,280,3.79,90.28%,86.90%,0.55689,2026-09-01
CAT,779.16,2026-10-16,45,Put,640.00,-17.86%,2.31,2.83,3.2,520,138,3.77,36.31%,38.01%,-0.058633,2026-09-01
TSLA,356.09,2026-09-09,8,Put,352.50,-1.01%,6,6.09,6.15,738,196,3.77,40.52%,37.51%,-0.412148,2026-09-01
SNDK,1536.87,2026-09-11,10,Call,"1,600.00",-4.11%,42.6,43.63,44.5,860,228,3.77,70.03%,67.73%,0.384293,2026-09-01
SLB,57.15,2026-09-18,17,Call,27.50,+51.88%,29.25,31.55,31.7,1400,371,3.77,36.66%,249.16%,0.947938,2026-09-01
MO,69.57,2026-09-25,24,Call,71.00,-2.06%,0.74,0.84,0.93,507,135,3.76,24.20%,20.53%,0.349294,2026-09-01
LITE,868.95,2026-09-04,3,Call,920.00,-5.87%,7.5,7.8,8.2,1489,396,3.76,70.11%,79.25%,0.225257,2026-09-01
SOFI,17.05,2027-09-17,381,Put,5.00,-70.67%,0.1,0.11,0.11,6422,1709,3.76,47.97%,71.35%,-0.017847,2026-09-01
ORCL,141.32,2026-09-04,3,Call,146.00,-3.31%,1.23,1.25,1.27,1848,493,3.75,67.76%,58.22%,0.27842,2026-09-01
MU,933.44,2026-09-04,3,Call,942.50,-0.97%,15.1,16,16,938,251,3.74,58.73%,57.88%,0.439481,2026-09-01
DELL,425,2026-09-04,3,Put,420.00,-1.18%,20.65,21,21.35,3024,808,3.74,74.56%,153.67%,-0.437959,2026-09-01
ORCL,141.32,2026-10-02,31,Put,130.00,-8.01%,5.15,5.64,5.95,2159,580,3.72,67.76%,65.61%,-0.29396,2026-09-01
DELL,425,2026-09-04,3,Call,475.00,-11.76%,7.7,7.45,8.1,2327,626,3.72,74.56%,156.55%,0.238518,2026-09-01
MRVL,210.39,2026-09-04,3,Call,210.00,+0.19%,5.4,5.65,5.65,3223,867,3.72,59.43%,69.70%,0.526121,2026-09-01
BE,213.63,2026-10-16,45,Call,230.00,-7.66%,18,18.3,19,2327,628,3.71,82.64%,82.36%,0.462171,2026-09-01
DELL,425,2026-09-04,3,Call,470.00,-10.59%,8.75,8.8,9.05,4054,1093,3.71,74.56%,156.26%,0.261747,2026-09-01
DELL,425,2026-09-04,3,Put,390.00,-8.24%,8.4,8.54,8.75,2070,560,3.7,74.56%,147.91%,-0.238942,2026-09-01
COIN,176.82,2026-09-04,3,Put,172.50,-2.44%,2.59,2.67,2.77,3920,1060,3.7,63.95%,71.78%,-0.338464,2026-09-01
AAPL,325.13,2026-09-09,8,Call,325.00,+0.04%,4.9,5.15,5.3,4523,1222,3.7,25.07%,25.62%,0.519333,2026-09-01
NVDA,217.44,2026-10-09,38,Call,220.00,-1.18%,8.1,8.21,8.3,1167,316,3.69,32.61%,32.33%,0.488758,2026-09-01
UNH,396.3,2026-09-04,3,Call,407.50,-2.83%,1.01,1.04,1.14,1605,436,3.68,30.89%,32.23%,0.174745,2026-09-01
AAPL,325.13,2026-10-16,45,Put,320.00,-1.58%,8.1,8.2,8.4,10513,2864,3.67,25.07%,24.65%,-0.395489,2026-09-01
DELL,425,2026-09-04,3,Put,397.50,-6.47%,10.8,11.52,11.35,687,187,3.67,74.56%,149.42%,-0.286624,2026-09-01
TFC,49.44,2027-06-17,289,Call,50.00,-1.13%,4.5,4.68,4.8,1782,486,3.67,24.45%,28.78%,0.520143,2026-09-01
AVGO,369.68,2027-02-19,171,Call,480.00,-29.84%,15.45,16.12,17.3,596,163,3.66,51.09%,46.28%,0.266868,2026-09-01
TSLA,356.09,2026-09-11,10,Call,382.50,-7.42%,2.07,2.1,2.11,641,175,3.66,40.52%,42.10%,0.164083,2026-09-01
NVDA,217.44,2026-09-02,1,Call,212.50,+2.27%,5.25,5.2,5.4,2960,809,3.66,32.61%,42.33%,0.853677,2026-09-01
META,578.54,2026-09-02,1,Put,555.00,-4.07%,0.17,0.17,0.21,3859,1056,3.65,35.41%,44.30%,-0.035407,2026-09-01
OKTA,166.43,2026-09-04,3,Call,167.50,-0.64%,3.05,3.25,3.5,1093,300,3.64,53.57%,62.34%,0.468165,2026-09-01
EQT,55.59,2026-09-11,10,Put,53.00,-4.66%,0.12,0.25,0.23,677,187,3.62,31.85%,27.12%,-0.135884,2026-09-01
HPE,50.87,2028-01-21,507,Put,30.00,-41.03%,3.3,3.4,3.7,857,237,3.62,71.68%,63.12%,-0.128354,2026-09-01
HD,319.77,2026-09-04,3,Call,330.00,-3.20%,0.21,0.24,0.29,866,239,3.62,26.13%,24.36%,0.078947,2026-09-01
MDT,92.04,2026-10-16,45,Put,87.50,-4.93%,1.3,1.36,1.76,941,260,3.62,26.14%,26.62%,-0.275,2026-09-01
UBER,75.24,2026-09-04,3,Call,75.00,+0.32%,1.23,1.25,1.35,2469,683,3.61,35.10%,42.49%,0.54378,2026-09-01
HDB,22.95,2027-04-16,227,Call,20.00,+12.85%,3.8,4.2,4.8,555,154,3.6,31.18%,41.85%,0.699446,2026-09-01
MDT,92.04,2026-10-16,45,Put,90.00,-2.22%,1.93,2.42,2.75,854,237,3.6,26.14%,25.84%,-0.381133,2026-09-01
IBKR,90.39,2026-12-18,108,Put,90.00,-0.43%,5.2,6.9,8.8,1082,301,3.59,41.51%,38.95%,-0.435853,2026-09-01
PFE,28.55,2026-09-18,17,Put,28.00,-1.93%,0.28,0.3,0.31,43375,12132,3.58,22.17%,21.14%,-0.33396,2026-09-01
AAPL,325.13,2026-09-04,3,Call,330.00,-1.50%,1.37,1.4,1.49,48179,13471,3.58,25.07%,27.70%,0.284756,2026-09-01
WELL,240.42,2027-11-19,444,Put,240.00,-0.17%,20.5,22.9,23.9,722,202,3.57,22.10%,24.80%,-0.410539,2026-09-01
GOOG,332.03,2026-09-04,3,Call,330.00,+0.61%,4.4,4.6,4.6,1057,296,3.57,27.76%,27.84%,0.60509,2026-09-01
TSLA,356.09,2026-09-11,10,Call,347.50,+2.41%,14.3,14.7,14.7,1332,373,3.57,40.52%,40.33%,0.660611,2026-09-01
RKLB,62.54,2026-09-18,17,Call,64.00,-2.33%,2.72,2.97,3.05,570,160,3.56,65.72%,64.73%,0.466813,2026-09-01
AAPL,325.13,2027-09-17,381,Call,350.00,-7.65%,32.15,32.01,32.65,11316,3179,3.56,25.07%,28.27%,0.507791,2026-09-01
UEC,11.59,2026-10-16,45,Put,10.00,-13.72%,0.38,0.42,0.42,2299,652,3.53,68.42%,67.45%,-0.224136,2026-09-01
MRNA,154.27,2026-09-04,3,Call,160.00,-3.71%,3.25,3.4,3.45,5205,1474,3.53,79.67%,101.24%,0.36382,2026-09-01
MSFT,501.02,2026-09-25,24,Put,445.00,-11.18%,0.81,0.93,0.98,764,217,3.52,24.80%,29.85%,-0.053629,2026-09-01
MOS,24.78,2026-09-25,24,Call,26.00,-4.92%,0.6,0.7,0.75,1045,297,3.52,47.48%,45.75%,0.362324,2026-09-01
CBRS,172.62,2026-09-11,10,Call,200.00,-15.86%,1,1.35,1.5,936,267,3.51,70.95%,73.31%,0.126219,2026-09-01
AMD,459.61,2026-09-02,1,Put,435.00,-5.35%,0.15,0.23,0.25,1195,340,3.51,47.81%,58.74%,-0.035296,2026-09-01
TE,4.28,2026-12-18,108,Call,11.00,-157.01%,0.1,0.15,0.2,1798,512,3.51,104.39%,120.47%,0.136656,2026-09-01
CRDO,206.63,2026-09-04,3,Put,180.00,-12.89%,2.85,2.92,3.1,1434,410,3.5,86.64%,169.55%,-0.16446,2026-09-01
MSFT,501.02,2026-12-18,108,Call,570.00,-13.77%,10.3,10.25,10.5,3686,1053,3.5,24.80%,28.54%,0.243411,2026-09-01
MU,933.44,2026-09-04,3,Call,950.00,-1.77%,12.35,12.6,12.9,11126,3178,3.5,58.73%,57.87%,0.380788,2026-09-01
TSLA,356.09,2026-09-04,3,Put,347.50,-2.41%,2.54,2.57,2.59,7689,2206,3.49,40.52%,46.55%,-0.272268,2026-09-01
AMD,459.61,2026-09-11,10,Call,460.00,-0.08%,13.5,14,14.75,513,147,3.49,47.81%,46.45%,0.51609,2026-09-01
UNH,396.3,2026-09-04,3,Call,397.50,-0.30%,3.9,3.9,4.45,652,187,3.49,30.89%,32.97%,0.46699,2026-09-01
GTLB,45.09,2026-09-04,3,Call,53.00,-17.54%,1.05,1.22,1.55,653,187,3.49,86.78%,231.62%,0.253533,2026-09-01
TMUS,182.16,2026-09-11,10,Call,182.50,-0.19%,2.7,3.45,3.9,501,144,3.48,28.97%,28.54%,0.496644,2026-09-01
MSFT,501.02,2026-10-16,45,Put,505.00,+0.79%,17.9,18.55,18.6,1710,492,3.48,24.80%,24.22%,-0.507993,2026-09-01
AMZN,254.92,2026-09-04,3,Call,252.50,+0.95%,4.05,4.2,4.3,3777,1085,3.48,29.15%,29.97%,0.646445,2026-09-01
CTGO,18.8,2026-10-16,45,Put,17.50,-6.91%,0.8,1.05,1.35,535,154,3.47,71.05%,66.06%,-0.32959,2026-09-01
EXPE,304.23,2026-09-18,17,Put,310.00,+1.90%,12.4,13.2,13.6,1049,303,3.46,40.39%,38.13%,-0.569542,2026-09-01
AAPL,325.13,2026-09-25,24,Put,325.00,-0.04%,7.75,7.88,8.05,555,161,3.45,25.07%,24.88%,-0.474562,2026-09-01
BBAI,2.95,2026-09-04,3,Call,2.50,+15.25%,0.4,0.46,0.53,639,185,3.45,66.97%,137.06%,0.918741,2026-09-01
TSLA,356.09,2026-09-02,1,Call,375.00,-5.31%,0.15,0.15,0.16,15371,4460,3.45,40.52%,55.16%,0.038004,2026-09-01
MA,581.1,2026-11-20,80,Call,600.00,-3.25%,18.9,22.16,20.2,1023,297,3.44,21.30%,23.96%,0.432563,2026-09-01
WMT,105.92,2026-09-04,3,Put,106.00,+0.08%,0.93,0.96,1,1898,552,3.44,22.66%,24.40%,-0.505983,2026-09-01
MRVL,210.39,2026-09-04,3,Call,202.50,+3.75%,9.85,10,10.4,2258,657,3.44,59.43%,69.88%,0.738792,2026-09-01
CRWD,215.07,2026-09-04,3,Call,217.50,-1.13%,4.6,4.65,4.8,1876,547,3.43,52.87%,74.25%,0.448741,2026-09-01
ONDS,7.04,2026-10-02,31,Put,9.00,+27.84%,2.01,2.07,2.11,1006,294,3.42,71.54%,75.90%,-0.842591,2026-09-01
DELL,425,2026-11-20,80,Put,400.00,-5.88%,36.95,36.95,39.35,1090,319,3.42,74.56%,66.30%,-0.356115,2026-09-01
MP,53.74,2026-10-16,45,Put,45.00,-16.26%,0.93,1.11,1.25,1555,456,3.41,63.59%,59.61%,-0.165497,2026-09-01
NVDA,217.44,2026-10-09,38,Put,195.00,-10.32%,2.04,2.13,2.16,2014,591,3.41,32.61%,35.85%,-0.152434,2026-09-01
GOOGL,335.02,2026-09-09,8,Call,340.00,-1.49%,2.58,2.8,3,850,250,3.4,27.65%,24.03%,0.353327,2026-09-01
CSCO,109.74,2026-09-04,3,Put,107.00,-2.50%,0.38,0.4,0.46,1496,440,3.4,29.71%,35.29%,-0.208564,2026-09-01
JBLU,4.47,2026-09-25,24,Call,4.50,-0.67%,0.16,0.26,0.4,1627,479,3.4,57.85%,63.25%,0.521758,2026-09-01
SPCX,142.23,2026-09-11,10,Put,142.00,-0.16%,4.15,4.23,4.25,1821,535,3.4,49.18%,46.65%,-0.47218,2026-09-01
AMZN,254.92,2026-09-09,8,Call,272.50,-6.90%,0.18,0.19,0.29,726,214,3.39,29.15%,27.41%,0.054415,2026-09-01
ALHC,13.59,2026-09-18,17,Put,12.50,-8.02%,0.1,0.25,0.45,1001,295,3.39,64.80%,61.82%,-0.240567,2026-09-01
GH,164.41,2026-09-18,17,Call,185.00,-12.52%,0,1.25,1.55,504,149,3.38,51.24%,42.45%,0.110534,2026-09-01
COIN,176.82,2026-09-04,3,Call,182.50,-3.21%,2.45,2.53,2.58,2098,621,3.38,63.95%,74.12%,0.33266,2026-09-01
OLLI,72.34,2026-09-18,17,Call,80.00,-10.59%,0.95,1.9,1.95,2533,749,3.38,62.95%,63.87%,0.258132,2026-09-01
MRVL,210.39,2026-09-04,3,Put,192.50,-8.50%,0.51,0.59,0.6,3290,973,3.38,59.43%,73.23%,-0.08443,2026-09-01
INTC,88.97,2026-09-02,1,Put,85.00,-4.46%,0.13,0.13,0.14,3564,1054,3.38,56.07%,66.65%,-0.092046,2026-09-01
MDB,434.21,2026-09-04,3,Put,280.00,-35.52%,0.1,0.17,0.17,623,185,3.37,84.83%,195.86%,-0.005222,2026-09-01
CLSK,11.06,2026-09-04,3,Call,11.00,+0.54%,0.41,0.42,0.45,637,189,3.37,78.89%,99.71%,0.543273,2026-09-01
ZM,94.9,2026-09-04,3,Put,96.00,+1.16%,1.73,1.85,2.44,654,194,3.37,39.09%,43.05%,-0.606532,2026-09-01
MRVL,210.39,2026-12-18,108,Call,450.00,-113.89%,1.25,1.65,2.1,788,234,3.37,59.43%,75.61%,0.053048,2026-09-01
IREN,36.82,2026-10-16,45,Put,32.00,-13.09%,1.77,1.78,1.88,5345,1588,3.37,79.54%,79.35%,-0.255605,2026-09-01
AAPL,325.13,2027-01-15,136,Call,355.00,-9.19%,10.45,10.55,10.75,10936,3256,3.36,25.07%,25.39%,0.342256,2026-09-01
AMZN,254.92,2026-09-02,1,Put,265.00,+3.95%,9,10.65,10.7,2062,614,3.36,29.15%,65.96%,-0.865523,2026-09-01
GOOGL,335.02,2026-09-04,3,Put,337.50,+0.74%,4.5,5.05,5.15,2332,695,3.36,27.65%,28.74%,-0.603488,2026-09-01
AAPL,325.13,2026-09-04,3,Call,342.50,-5.34%,0.08,0.12,0.12,2905,866,3.35,25.07%,30.03%,0.029498,2026-09-01
GOOG,332.03,2026-09-04,3,Call,337.50,-1.65%,1.31,1.35,1.4,3342,999,3.35,27.76%,27.97%,0.267323,2026-09-01
VRT,255.97,2026-10-16,45,Put,200.00,-21.87%,1.86,2.05,2.25,4607,1377,3.35,53.27%,55.53%,-0.08318,2026-09-01
MU,933.44,2026-09-04,3,Call,937.50,-0.43%,17.4,18.25,18.2,622,186,3.34,58.73%,58.05%,0.47982,2026-09-01
XYZ,77.88,2026-09-11,10,Put,72.00,-7.55%,0.18,0.14,0.35,543,163,3.33,38.41%,39.45%,-0.105839,2026-09-01
BABA,112.85,2026-09-11,10,Call,126.00,-11.65%,0.11,0.25,0.27,676,203,3.33,40.20%,41.58%,0.058515,2026-09-01
NOW,142.9,2026-09-04,3,Call,148.00,-3.57%,1.31,1.36,1.43,1356,407,3.33,52.57%,62.76%,0.28003,2026-09-01
TSLA,356.09,2026-09-04,3,Put,362.50,+1.80%,9.65,9.9,9.85,5814,1747,3.33,40.52%,46.77%,-0.653557,2026-09-01
EIX,58.8,2026-09-18,17,Call,60.00,-2.04%,2.05,2.46,2.5,5991,1805,3.32,50.76%,56.00%,0.453779,2026-09-01
OI,7.02,2027-02-19,171,Call,10.00,-42.45%,0.15,0.45,0.6,810,244,3.32,53.41%,60.44%,0.258901,2026-09-01
AVGO,369.68,2026-09-04,3,Put,322.50,-12.76%,1.43,1.57,1.61,1304,393,3.32,51.09%,113.52%,-0.083739,2026-09-01
AMD,459.61,2026-09-04,3,Put,447.50,-2.63%,3.8,3.95,4.25,957,289,3.31,47.81%,53.81%,-0.281921,2026-09-01
TJX,133.27,2026-09-18,17,Put,130.00,-2.45%,0.8,0.85,1,1415,427,3.31,21.01%,19.34%,-0.261823,2026-09-01
NCLH,15.43,2026-10-16,45,Call,17.00,-10.17%,0.42,0.39,0.48,4548,1373,3.31,43.71%,45.47%,0.309068,2026-09-01
ORCL,141.32,2026-09-04,3,Put,140.00,-0.93%,2.24,2.3,2.38,11098,3350,3.31,67.76%,57.66%,-0.417336,2026-09-01
CAVA,61.08,2026-09-04,3,Call,66.00,-8.06%,0.03,0.12,0.16,601,182,3.3,48.62%,56.65%,0.069841,2026-09-01
NVDA,217.44,2026-09-09,8,Call,215.00,+1.12%,5.2,5.24,5.35,2258,685,3.3,32.61%,30.11%,0.614455,2026-09-01
AMZN,254.92,2026-09-09,8,Call,260.00,-1.99%,1.66,1.77,1.96,828,252,3.29,29.15%,24.70%,0.308674,2026-09-01
MSTR,124.88,2026-09-11,10,Call,155.00,-24.12%,0.4,0.49,0.54,1524,464,3.28,69.20%,82.60%,0.066182,2026-09-01
TSLA,356.09,2026-09-04,3,Call,412.50,-15.84%,0.11,0.11,0.13,2157,658,3.28,40.52%,73.16%,0.014661,2026-09-01
TSLA,356.09,2026-09-02,1,Put,365.00,+2.50%,9.45,9.6,9.7,12889,3934,3.28,40.52%,46.04%,-0.84433,2026-09-01
DELL,425,2026-09-04,3,Put,380.00,-10.59%,5.8,5.87,6.05,2526,772,3.27,74.56%,146.54%,-0.181242,2026-09-01
AMZN,254.92,2026-09-11,10,Call,255.00,-0.03%,4.55,4.62,4.8,2058,634,3.25,29.15%,27.27%,0.515017,2026-09-01
TSLA,356.09,2026-09-11,10,Put,327.50,-8.03%,1.29,1.3,1.33,660,204,3.24,40.52%,42.23%,-0.106517,2026-09-01
CRWV,81.85,2026-09-11,10,Put,88.00,+7.51%,7.2,7.52,8.15,1810,559,3.24,69.86%,69.76%,-0.713968,2026-09-01
MRVL,210.39,2026-09-04,3,Call,205.00,+2.56%,8.2,8.42,8.65,2473,763,3.24,59.43%,70.01%,0.671915,2026-09-01
DELL,425,2026-09-04,3,Put,412.50,-2.94%,16.95,17.98,17.6,627,194,3.23,74.56%,152.19%,-0.387073,2026-09-01
FOXA,65.93,2026-09-18,17,Call,50.00,+24.16%,15.4,16,18,2520,781,3.23,35.21%,107.00%,0.905402,2026-09-01
DELL,425,2026-09-04,3,Put,350.00,-17.65%,1.48,1.5,1.55,3839,1188,3.23,74.56%,144.09%,-0.060154,2026-09-01
NVDA,217.44,2027-01-15,136,Put,100.00,-54.01%,0.3,0.31,0.33,150068,46501,3.23,32.61%,60.55%,-0.010211,2026-09-01
AAPL,325.13,2026-09-04,3,Call,327.50,-0.73%,2.14,2.23,2.25,24334,7550,3.22,25.07%,27.18%,0.393013,2026-09-01
T,26,2026-09-11,10,Call,26.00,0.00%,0.31,0.4,0.42,3105,965,3.22,24.60%,21.38%,0.505213,2026-09-01
GEHC,70.42,2027-01-15,136,Put,75.00,+6.50%,6.8,7.14,9.5,501,156,3.21,27.87%,34.62%,-0.563184,2026-09-01
PBR,20.33,2026-09-11,10,Put,19.50,-4.08%,0.15,0.18,0.2,677,211,3.21,40.89%,36.70%,-0.23493,2026-09-01
PANW,362.09,2026-09-04,3,Call,395.00,-9.09%,6.1,6.4,6.65,924,288,3.21,61.76%,133.70%,0.256329,2026-09-01
MCHP,71.41,2026-09-04,3,Call,73.00,-2.23%,0.55,0.58,0.8,612,191,3.2,45.44%,50.49%,0.32403,2026-09-01
OXY,60.95,2026-09-11,10,Call,62.00,-1.72%,0.74,0.73,0.87,1003,313,3.2,32.96%,30.77%,0.382094,2026-09-01
OKLO,38.53,2026-09-04,3,Call,40.00,-3.82%,0.54,0.6,0.63,1509,471,3.2,72.55%,82.62%,0.323282,2026-09-01
HAL,36.8,2026-09-18,17,Call,20.00,+45.65%,16.3,17.05,16.95,1850,579,3.2,35.63%,178.23%,0.961822,2026-09-01
WMT,105.92,2026-09-18,17,Put,106.00,+0.08%,1.92,1.94,2.04,526,165,3.19,22.66%,21.92%,-0.488819,2026-09-01
PANW,362.09,2026-09-04,3,Call,405.00,-11.85%,4.3,4.48,4.7,749,235,3.19,61.76%,133.97%,0.195172,2026-09-01
MU,933.44,2026-09-04,3,Put,935.00,+0.17%,19.6,20,20.65,1583,496,3.19,58.73%,57.61%,-0.500542,2026-09-01
IOVA,8.28,2026-09-04,3,Call,1.00,+87.92%,7,7.16,7.5,4750,1488,3.19,103.09%,"1,025.53%",0.996915,2026-09-01
AMZN,254.92,2026-09-02,1,Put,262.50,+2.97%,7.45,8.42,8.2,5324,1675,3.18,29.15%,42.93%,-0.902179,2026-09-01
TSM,414,2026-10-02,31,Put,395.00,-4.59%,6.35,7.23,7.45,518,163,3.18,33.35%,31.46%,-0.280165,2026-09-01
TSLA,356.09,2026-09-02,1,Call,347.50,+2.41%,9,9.37,9.4,1603,504,3.18,40.52%,43.51%,0.861747,2026-09-01
ORCL,141.32,2026-09-04,3,Put,138.00,-2.35%,1.48,1.65,1.62,3038,955,3.18,67.76%,57.87%,-0.314716,2026-09-01
HIVE,2.64,2026-10-16,45,Put,3.00,+13.64%,0.35,0.55,0.6,811,256,3.17,90.83%,67.39%,-0.660101,2026-09-01
MSTR,124.88,2026-11-20,80,Call,280.00,-124.22%,0.84,1.06,1.12,930,293,3.17,69.20%,92.05%,0.050578,2026-09-01
RMBS,84.4,2026-09-18,17,Call,95.00,-12.56%,0.3,1.28,1.4,1023,323,3.17,59.63%,53.64%,0.171157,2026-09-01
META,578.54,2026-09-02,1,Call,610.00,-5.44%,0.11,0.12,0.12,3050,961,3.17,35.41%,49.34%,0.020996,2026-09-01
AMZN,254.92,2026-09-04,3,Call,255.00,-0.03%,2.7,2.75,2.8,7146,2254,3.17,29.15%,29.85%,0.50517,2026-09-01
NVDA,217.44,2026-09-02,1,Put,225.00,+3.48%,7.1,7.9,9.3,6565,2075,3.16,32.61%,66.13%,-0.833792,2026-09-01
DELL,425,2026-09-04,3,Put,435.00,+2.35%,29,30.42,29.85,1370,434,3.16,74.56%,155.45%,-0.537109,2026-09-01
GME,18.81,2028-12-15,836,Put,40.00,+112.65%,20.05,21.3,24,1759,556,3.16,53.23%,44.24%,-0.761978,2026-09-01
HOOD,103.51,2026-09-04,3,Put,105.00,+1.44%,3.25,3.46,3.55,4778,1519,3.15,59.40%,69.07%,-0.576669,2026-09-01
PCG,14.06,2026-09-25,24,Call,14.50,-3.13%,0.65,0.75,0.8,606,193,3.14,58.31%,63.10%,0.459519,2026-09-01
AMD,459.61,2026-09-11,10,Call,495.00,-7.70%,3.15,3.15,3.65,687,219,3.14,47.81%,46.74%,0.182075,2026-09-01
DELL,425,2026-09-04,3,Put,365.00,-14.12%,3.05,3,3.25,1024,326,3.14,74.56%,145.00%,-0.110231,2026-09-01
AMZN,254.92,2026-09-04,3,Call,235.00,+7.81%,19.55,19.89,20.3,1104,352,3.14,29.15%,34.16%,0.995995,2026-09-01
GTLB,45.09,2026-09-04,3,Put,35.00,-22.38%,0.2,0.22,0.25,714,228,3.13,86.78%,192.43%,-0.061671,2026-09-01
IONQ,37.78,2026-09-11,10,Put,37.00,-2.06%,1.35,1.4,1.46,581,186,3.12,73.56%,72.25%,-0.40472,2026-09-01
APLD,24.29,2026-09-25,24,Call,28.00,-15.27%,0.57,0.69,0.71,592,190,3.12,81.46%,72.92%,0.256533,2026-09-01
PANW,362.09,2026-09-04,3,Put,355.00,-1.96%,13.15,13.75,14.25,605,194,3.12,61.76%,131.60%,-0.410007,2026-09-01
ORCL,141.32,2026-09-11,10,Put,139.00,-1.64%,7.05,7.25,7.7,1404,450,3.12,67.76%,92.19%,-0.425281,2026-09-01
DELL,425,2026-09-04,3,Call,600.00,-41.18%,0.22,0.25,0.25,3014,966,3.12,74.56%,161.83%,0.011456,2026-09-01
PANW,362.09,2026-09-04,3,Call,445.00,-22.90%,0.85,0.84,1,651,209,3.11,61.76%,134.65%,0.052024,2026-09-01
CRWD,215.07,2026-09-11,10,Call,250.00,-16.24%,0.55,0.55,0.59,1262,406,3.11,52.87%,57.97%,0.065508,2026-09-01
MARA,10.23,2026-09-18,17,Call,10.50,-2.64%,0.61,0.67,0.69,1441,463,3.11,83.61%,86.44%,0.485112,2026-09-01
TSLA,356.09,2026-09-04,3,Call,355.00,+0.31%,6.65,6.75,6.75,13176,4243,3.11,40.52%,47.32%,0.53978,2026-09-01
PCG,14.06,2026-09-04,3,Put,13.00,-7.54%,0.11,0.13,0.14,17366,5595,3.1,58.31%,98.28%,-0.177137,2026-09-01
NVDA,217.44,2026-09-04,3,Put,217.50,+0.03%,2.61,2.67,2.69,23131,7464,3.1,32.61%,33.64%,-0.494783,2026-09-01
RXT,3,2027-02-19,171,Call,4.00,-33.33%,0.4,0.62,0.65,505,163,3.1,109.07%,99.22%,0.477055,2026-09-01
HAL,36.8,2026-09-18,17,Call,29.00,+21.20%,7.55,7.75,8.5,701,226,3.1,35.63%,79.46%,0.929749,2026-09-01
BE,213.63,2026-10-02,31,Put,150.00,-29.79%,1.26,1.39,1.5,624,202,3.09,82.64%,83.60%,-0.056474,2026-09-01
HPE,50.87,2026-09-04,3,Put,48.00,-5.64%,1.58,1.64,1.69,974,315,3.09,71.68%,159.38%,-0.317206,2026-09-01
GOOG,332.03,2026-09-04,3,Call,345.00,-3.91%,0.32,0.34,0.35,8012,2590,3.09,27.76%,29.92%,0.082444,2026-09-01
PLTR,179.92,2026-09-04,3,Put,182.50,+1.43%,4.8,4.95,4.95,12314,3988,3.09,45.77%,52.84%,-0.605919,2026-09-01
BMNR,23.37,2026-09-04,3,Call,24.50,-4.84%,0.31,0.3,0.32,6902,2244,3.08,75.82%,86.21%,0.287217,2026-09-01
LYB,65.17,2027-03-19,199,Put,67.50,+3.58%,8.3,8.8,9.4,502,163,3.08,39.87%,39.85%,-0.482397,2026-09-01
TSLA,356.09,2026-09-09,8,Put,350.00,-1.71%,5,5.08,5.1,4246,1377,3.08,40.52%,37.49%,-0.362924,2026-09-01
ASTS,55.8,2026-09-11,10,Put,63.00,+12.90%,6.55,7.39,8.55,654,213,3.07,70.34%,63.88%,-0.863709,2026-09-01
SPCX,142.23,2026-09-18,17,Call,143.00,-0.54%,5.55,5.65,5.8,2148,700,3.07,49.18%,48.40%,0.506671,2026-09-01
XYZ,77.88,2026-09-11,10,Put,76.00,-2.41%,1.01,0.94,1.23,557,182,3.06,38.41%,38.22%,-0.333109,2026-09-01
DELL,425,2026-09-04,3,Call,472.50,-11.18%,8.15,7.94,8.7,595,195,3.05,74.56%,156.72%,0.250459,2026-09-01
SKHY,160.78,2026-10-16,45,Put,95.00,-40.91%,0.2,0.26,0.35,1011,332,3.05,61.20%,75.49%,-0.016438,2026-09-01
NVDA,217.44,2026-09-09,8,Call,222.50,-2.33%,1.73,1.7,1.78,3411,1119,3.05,32.61%,28.51%,0.305875,2026-09-01
WM,219.77,2026-09-18,17,Call,220.00,-0.10%,2.75,3.2,4.3,1203,396,3.04,19.43%,18.73%,0.506184,2026-09-01
MDB,434.21,2026-09-04,3,Put,320.00,-26.30%,1.2,1.25,1.23,1211,399,3.04,84.83%,197.99%,-0.036597,2026-09-01
UNH,396.3,2026-11-20,80,Call,460.00,-16.07%,4.7,5,5.55,1512,498,3.04,30.89%,31.13%,0.175559,2026-09-01
AMD,459.61,2026-09-04,3,Call,460.00,-0.08%,8.7,8.92,9.15,2057,676,3.04,47.81%,54.44%,0.505399,2026-09-01
TSM,414,2026-09-04,3,Call,415.00,-0.24%,4.85,5.04,5.4,1057,350,3.02,33.35%,37.12%,0.480918,2026-09-01
CRM,258.11,2026-09-04,3,Call,257.50,+0.24%,4.35,4.56,4.8,1232,408,3.02,38.86%,45.38%,0.533436,2026-09-01
DELL,425,2026-09-04,3,Call,425.00,0.00%,23.35,23.8,24.15,632,210,3.01,74.56%,154.32%,0.528568,2026-09-01
NVAX,10.12,2026-09-11,10,Call,10.00,+1.19%,0.6,0.65,0.75,702,233,3.01,78.16%,91.64%,0.563973,2026-09-01
MCD,261.11,2026-09-11,10,Call,270.00,-3.40%,0.73,0.8,0.87,2386,793,3.01,20.31%,20.69%,0.169953,2026-09-01
SNDK,1536.87,2026-09-04,3,Call,"1,700.00",-10.61%,4.1,4.2,4.3,6529,2167,3.01,70.03%,78.99%,0.085519,2026-09-01
NBIS,199.54,2026-10-02,31,Put,190.00,-4.78%,12.75,13.3,13.5,889,296,3,78.60%,78.49%,-0.367009,2026-09-01
SHOO,41.44,2026-09-18,17,Put,35.00,-15.54%,0.05,0.25,0.4,1251,417,3,40.55%,60.40%,-0.085868,2026-09-01
MDB,434.21,2026-09-04,3,Put,250.00,-42.42%,0.02,0.1,0.1,575,192,2.99,84.83%,221.73%,-0.002204,2026-09-01
CIFR,14.61,2027-03-19,199,Call,28.00,-91.65%,1.42,1.61,1.98,654,219,2.99,90.28%,103.74%,0.330718,2026-09-01
DELL,425,2026-10-16,45,Put,420.00,-1.18%,36.6,38.54,39.1,884,296,2.99,74.56%,69.56%,-0.427274,2026-09-01
IREN,36.82,2026-09-11,10,Call,35.00,+4.94%,2.6,2.94,3.05,1087,363,2.99,79.54%,73.60%,0.686257,2026-09-01
TSLA,356.09,2026-09-09,8,Call,370.00,-3.91%,3.15,3.18,3.25,1136,380,2.99,40.52%,38.68%,0.265442,2026-09-01
DELL,425,2026-09-04,3,Put,330.00,-22.35%,0.46,0.52,0.52,3578,1195,2.99,74.56%,144.15%,-0.022594,2026-09-01
RGTI,14.99,2026-09-04,3,Call,15.50,-3.40%,0.19,0.2,0.22,683,229,2.98,70.11%,74.21%,0.323005,2026-09-01
HAL,36.8,2026-09-18,17,Call,25.00,+32.07%,11.5,12,12.55,1350,453,2.98,35.63%,118.00%,0.94964,2026-09-01
OXY,60.95,2026-09-04,3,Call,62.00,-1.72%,0.4,0.45,0.53,4536,1524,2.98,32.96%,40.04%,0.327012,2026-09-01
NOW,142.9,2026-09-18,17,Put,141.00,-1.33%,5.05,4.95,5.6,505,170,2.97,52.57%,51.81%,-0.425529,2026-09-01
MDB,434.21,2026-09-04,3,Put,340.00,-21.70%,2.8,2.95,3.05,959,323,2.97,84.83%,201.54%,-0.076139,2026-09-01
META,578.54,2026-09-04,3,Call,600.00,-3.71%,2.05,2.11,2.15,25573,8597,2.97,35.41%,42.33%,0.177982,2026-09-01
GTLB,45.09,2026-09-04,3,Call,55.00,-21.98%,0.65,0.81,1,4731,1601,2.96,86.78%,219.23%,0.184378,2026-09-01
HAL,36.8,2026-09-04,3,Call,32.00,+13.04%,4.65,4.86,5.3,1103,373,2.96,35.63%,119.28%,0.911035,2026-09-01
HAL,36.8,2026-09-18,17,Call,23.00,+37.50%,13.55,14.1,14.05,1925,650,2.96,35.63%,148.73%,0.947466,2026-09-01
ET,21.42,2026-10-09,38,Call,22.50,-5.04%,0.13,0.18,0.22,511,173,2.95,18.58%,20.23%,0.224029,2026-09-01
HAL,36.8,2026-09-18,17,Call,27.00,+26.63%,9.55,10.05,10.55,3500,1185,2.95,35.63%,100.83%,0.936914,2026-09-01
GOOG,332.03,2026-09-04,3,Call,340.00,-2.40%,0.83,0.84,0.88,6458,2191,2.95,27.76%,28.44%,0.184975,2026-09-01
TSLA,356.09,2026-09-04,3,Put,352.50,-1.01%,4.25,4.25,4.35,6573,2229,2.95,40.52%,46.54%,-0.394627,2026-09-01
GOOGL,335.02,2026-09-09,8,Call,342.50,-2.23%,1.95,1.91,2.1,700,238,2.94,27.65%,23.99%,0.279837,2026-09-01
FCEL,17.08,2026-09-04,3,Call,17.00,+0.47%,1.05,1.1,1.15,775,264,2.94,105.58%,171.70%,0.54376,2026-09-01
MRNA,154.27,2026-09-04,3,Call,175.00,-13.44%,0.65,0.83,0.83,1743,592,2.94,79.67%,107.38%,0.106841,2026-09-01
META,578.54,2026-11-20,80,Call,740.00,-27.91%,7.2,8.05,7.65,2058,701,2.94,35.41%,42.80%,0.137398,2026-09-01
DELL,425,2026-09-04,3,Call,430.00,-1.18%,21.3,21.65,21.75,2295,786,2.92,74.56%,154.68%,0.495379,2026-09-01
GPRO,1.23,2027-01-15,136,Call,1.5000,-21.95%,0.2,0.25,0.25,8340,2854,2.92,127.08%,103.48%,0.509689,2026-09-01
TSLA,356.09,2026-09-04,3,Put,345.00,-3.11%,1.92,1.95,1.97,7930,2727,2.91,40.52%,46.82%,-0.219782,2026-09-01
CMCSA,26.3,2026-09-11,10,Put,26.00,-1.14%,0.32,0.34,0.35,538,185,2.91,31.66%,27.02%,-0.392604,2026-09-01
LVS,43.84,2026-09-04,3,Put,42.00,-4.20%,0,0.1,0.38,548,188,2.91,30.59%,51.11%,-0.171008,2026-09-01
NU,14.46,2026-09-04,3,Put,15.00,+3.73%,0.5,0.57,0.62,2246,773,2.91,39.93%,32.77%,-0.889402,2026-09-01
LRCX,290.2,2026-09-04,3,Put,245.00,-15.58%,0.01,0.16,0.13,528,182,2.9,55.50%,81.01%,-0.009511,2026-09-01
AMZN,254.92,2026-09-11,10,Call,252.50,+0.95%,5.8,5.9,6.15,585,202,2.9,29.15%,26.96%,0.601938,2026-09-01
AFRM,69.94,2026-09-04,3,Put,66.00,-5.63%,0.19,0.24,0.3,684,236,2.9,52.06%,58.28%,-0.129441,2026-09-01
PBYI,9.35,2026-09-18,17,Call,10.00,-6.95%,0.25,0.29,0.3,2815,972,2.9,124.97%,64.09%,0.34289,2026-09-01
HOOD,103.51,2026-09-04,3,Call,110.00,-6.27%,0.62,0.64,0.66,22621,7826,2.89,59.40%,70.99%,0.181891,2026-09-01
TAL,12.23,2026-09-18,17,Call,13.00,-6.30%,0.1,0.15,0.15,503,174,2.89,41.44%,38.26%,0.22393,2026-09-01
VRT,255.97,2026-09-04,3,Call,282.50,-10.36%,0.19,0.37,0.48,593,205,2.89,53.27%,65.90%,0.053061,2026-09-01
MSFT,501.02,2026-09-11,10,Put,490.00,-2.20%,3.35,3.7,3.9,3027,1050,2.88,24.80%,24.67%,-0.280241,2026-09-01
AXTI,56.11,2026-09-04,3,Call,64.00,-14.06%,0.35,0.45,0.5,569,198,2.87,103.03%,125.97%,0.137315,2026-09-01
TSLA,356.09,2026-09-02,1,Put,375.00,+5.31%,18.2,19.1,19.3,843,294,2.87,40.52%,58.72%,-0.95303,2026-09-01
NVDA,217.44,2026-09-02,1,Put,230.00,+5.78%,11.2,13.45,14.4,2620,913,2.87,32.61%,72.07%,-0.929435,2026-09-01
AAPL,325.13,2026-09-11,10,Call,355.00,-9.19%,0.19,0.19,0.23,3123,1087,2.87,25.07%,28.63%,0.034995,2026-09-01
PATH,18.14,2026-09-11,10,Put,15.00,-17.31%,0.24,0.27,0.48,746,261,2.86,86.44%,129.56%,-0.159184,2026-09-01
MSFT,501.02,2026-09-04,3,Call,502.50,-0.30%,3.95,3.95,4.45,1045,365,2.86,24.80%,26.73%,0.460239,2026-09-01
SPCX,142.23,2026-09-11,10,Call,144.00,-1.24%,3.6,3.6,3.75,1783,623,2.86,49.18%,47.03%,0.457315,2026-09-01
META,578.54,2026-09-02,1,Call,602.50,-4.14%,0.24,0.25,0.27,3182,1113,2.86,35.41%,45.42%,0.045411,2026-09-01
AMZN,254.92,2026-09-04,3,Call,257.50,-1.01%,1.6,1.66,1.75,6732,2354,2.86,29.15%,29.65%,0.363124,2026-09-01
TSLA,356.09,2026-09-04,3,Put,360.00,+1.10%,8.05,8.14,8.2,15174,5302,2.86,40.52%,46.54%,-0.59192,2026-09-01
PANW,362.09,2026-12-18,108,Put,300.00,-17.15%,15.15,15.55,16.45,1270,445,2.85,61.76%,56.71%,-0.213168,2026-09-01
SNDK,1536.87,2026-09-04,3,Put,"1,600.00",+4.11%,80.6,80.57,81.8,1335,469,2.85,70.03%,75.32%,-0.709768,2026-09-01
ASTS,55.8,2027-01-15,136,Call,160.00,-186.74%,0.55,0.71,0.86,1790,627,2.85,70.34%,93.52%,0.062445,2026-09-01
HTZ,2.24,2026-09-04,3,Put,2.50,+11.61%,0.22,0.34,0.37,2852,1002,2.85,91.69%,145.70%,-0.777637,2026-09-01
MU,933.44,2026-09-04,3,Put,942.50,+0.97%,23.6,24.3,24.65,557,196,2.84,58.73%,57.19%,-0.562007,2026-09-01
DELL,425,2026-09-04,3,Put,385.00,-9.41%,7.05,7.09,7.3,1165,410,2.84,74.56%,147.30%,-0.209333,2026-09-01
DELL,425,2026-09-04,3,Put,375.00,-11.76%,4.7,4.83,4.95,2110,742,2.84,74.56%,145.68%,-0.154914,2026-09-01
MU,933.44,2026-09-02,1,Call,"1,020.00",-9.27%,0.1,0.13,0.14,2916,1025,2.84,58.73%,72.29%,0.010121,2026-09-01
GPRO,1.23,2028-01-21,507,Call,5.0000,-306.50%,0.15,0.2,0.2,11685,4112,2.84,127.08%,102.99%,0.307823,2026-09-01
CVX,211.05,2026-09-04,3,Put,205.00,-2.87%,0.43,0.49,0.52,2003,708,2.83,27.35%,31.46%,-0.150301,2026-09-01
DKNG,23.44,2026-09-04,3,Call,24.00,-2.39%,0.21,0.21,0.31,2314,817,2.83,53.83%,56.83%,0.334762,2026-09-01
AMD,459.61,2028-12-15,836,Call,"1,070.00",-132.81%,61,63.85,68.9,544,193,2.82,47.81%,59.70%,0.353152,2026-09-01
FCX,72.47,2026-09-25,24,Call,78.00,-7.63%,1.35,1.68,1.67,707,251,2.82,46.16%,46.57%,0.294203,2026-09-01
DOCU,64.64,2026-09-04,3,Put,55.00,-14.91%,0.34,0.44,0.47,853,303,2.82,63.58%,144.28%,-0.096418,2026-09-01
AVGO,369.68,2026-09-04,3,Put,307.50,-16.82%,0.5,0.53,0.55,860,305,2.82,51.09%,114.30%,-0.033536,2026-09-01
GPRO,1.23,2027-01-15,136,Put,1.5000,+21.95%,0.4,0.46,0.5,1595,566,2.82,127.08%,94.56%,-0.517555,2026-09-01
HAL,36.8,2026-09-18,17,Call,30.00,+18.48%,6.45,7.05,7.2,9495,3370,2.82,35.63%,38.20%,0.993438,2026-09-01
FCX,72.47,2026-10-02,31,Put,68.00,-6.17%,1.74,1.83,2.1,633,225,2.81,46.16%,46.54%,-0.29005,2026-09-01
NBIS,199.54,2026-09-11,10,Put,195.00,-2.28%,7.15,7.3,7.8,744,265,2.81,78.60%,74.16%,-0.39912,2026-09-01
CIFR,14.61,2026-09-11,10,Call,15.00,-2.67%,0.63,0.6,0.74,1939,693,2.8,90.28%,88.05%,0.459741,2026-09-01
SPCX,142.23,2026-09-18,17,Put,138.00,-2.97%,3.85,3.7,4,2008,717,2.8,49.18%,48.80%,-0.362147,2026-09-01
DLTR,131.71,2026-09-04,3,Put,119.00,-9.65%,0,0.23,0.63,901,323,2.79,33.55%,79.06%,-0.072768,2026-09-01
TSLA,356.09,2026-09-11,10,Put,352.50,-1.01%,7.35,7.35,7.5,991,355,2.79,40.52%,39.54%,-0.420745,2026-09-01
ORCL,141.32,2026-09-04,3,Put,143.00,+1.19%,3.85,3.7,4.1,3185,1141,2.79,67.76%,59.84%,-0.574562,2026-09-01
MDB,434.21,2026-09-04,3,Put,300.00,-30.91%,0.47,0.48,0.48,1370,492,2.78,84.83%,198.63%,-0.01599,2026-09-01
SKHY,160.78,2026-11-20,80,Put,155.00,-3.59%,14.5,15,16.4,610,220,2.77,61.20%,63.83%,-0.384932,2026-09-01
PLD,139.68,2027-01-15,136,Put,150.00,+7.39%,13.5,15.27,15.3,722,261,2.77,22.80%,24.58%,-0.647818,2026-09-01
TSM,414,2026-10-02,31,Put,400.00,-3.38%,7.9,8.5,9.15,917,331,2.77,33.35%,31.33%,-0.327767,2026-09-01
MRNA,154.27,2026-09-04,3,Put,145.00,-6.01%,2,2.07,2.23,996,360,2.77,79.67%,103.13%,-0.238089,2026-09-01
TSLA,356.09,2026-09-11,10,Put,355.00,-0.31%,8.5,8.5,8.65,2362,854,2.77,40.52%,39.46%,-0.463502,2026-09-01
TENB,35.47,2026-10-16,45,Call,40.00,-12.77%,1.5,1.5,2.6,5897,2133,2.76,65.32%,73.08%,0.373583,2026-09-01
SNDK,1536.87,2026-09-11,10,Call,"1,550.00",-0.85%,59.4,63.87,65.7,543,197,2.76,70.03%,66.98%,0.495073,2026-09-01
MU,933.44,2026-09-11,10,Call,"1,030.00",-10.34%,5.75,6.2,6.1,605,219,2.76,58.73%,53.44%,0.14511,2026-09-01
HONA,154.24,2026-12-18,108,Call,170.00,-10.22%,8,9.29,11,1270,460,2.76,43.59%,44.29%,0.406655,2026-09-01
CCL,23.23,2026-09-18,17,Call,24.00,-3.31%,0.49,0.48,0.58,2790,1011,2.76,43.86%,42.43%,0.379782,2026-09-01
TSLA,356.09,2026-10-02,31,Call,470.00,-31.99%,0.7,0.72,0.76,606,220,2.75,40.52%,50.53%,0.036753,2026-09-01
SHOP,139.82,2026-09-04,3,Put,140.00,+0.13%,2.32,2.43,2.83,957,348,2.75,44.48%,49.47%,-0.500367,2026-09-01
INTC,88.97,2026-09-09,8,Put,86.00,-3.34%,1.22,1.4,1.48,505,184,2.74,56.07%,50.06%,-0.307427,2026-09-01
MRNA,154.27,2026-09-04,3,Put,136.00,-11.84%,0.44,0.56,0.67,564,206,2.74,79.67%,103.26%,-0.081325,2026-09-01
CRWD,215.07,2026-09-11,10,Put,200.00,-7.01%,2.35,2.45,2.52,1180,430,2.74,52.87%,57.00%,-0.204222,2026-09-01
ORCL,141.32,2026-09-04,3,Call,144.00,-1.90%,1.79,1.8,1.91,2887,1054,2.74,67.76%,58.00%,0.37157,2026-09-01
SPCX,142.23,2026-09-04,3,Put,139.00,-2.27%,1.36,1.4,1.4,9060,3306,2.74,49.18%,53.22%,-0.306535,2026-09-01
CORZ,16.07,2026-09-25,24,Call,19.00,-18.23%,0.1,0.31,0.44,622,228,2.73,68.20%,67.15%,0.19137,2026-09-01
PL,19.26,2026-09-04,3,Call,29.00,-50.57%,0.05,0.12,0.2,506,186,2.72,113.98%,275.56%,0.065248,2026-09-01
META,578.54,2026-09-02,1,Put,585.00,+1.12%,8.1,8.4,9.15,566,208,2.72,35.41%,39.05%,-0.702026,2026-09-01
META,578.54,2026-09-25,24,Call,615.00,-6.30%,8.2,8.32,8.9,1504,553,2.72,35.41%,35.70%,0.274697,2026-09-01
AAPL,325.13,2026-09-25,24,Put,315.00,-3.12%,4,4,4.3,1113,411,2.71,25.07%,25.87%,-0.295176,2026-09-01
PL,19.26,2027-01-15,136,Put,17.00,-11.73%,2.8,2.96,3.1,1513,559,2.71,113.98%,94.06%,-0.300361,2026-09-01
CAT,779.16,2026-09-18,17,Call,880.00,-12.94%,1.5,2.1,2.1,1591,587,2.71,36.31%,36.54%,0.068497,2026-09-01
CRM,258.11,2026-09-04,3,Put,260.00,+0.73%,5,5.2,5.5,2890,1068,2.71,38.86%,45.58%,-0.560145,2026-09-01
DDOG,223.84,2026-09-04,3,Call,235.00,-4.99%,2.27,2.35,2.99,776,287,2.7,58.30%,81.77%,0.269165,2026-09-01
CRDO,206.63,2026-09-04,3,Put,175.00,-15.31%,1.85,2.15,2.05,1161,430,2.7,86.64%,166.33%,-0.119185,2026-09-01
PANW,362.09,2026-09-04,3,Put,360.00,-0.58%,15.85,16.07,16.25,1354,502,2.7,61.76%,131.21%,-0.45612,2026-09-01
BSX,48.08,2027-01-15,136,Call,55.00,-14.39%,2.65,2.8,2.8,5053,1877,2.69,37.70%,42.16%,0.36763,2026-09-01
GOOGL,335.02,2026-09-11,10,Call,335.00,+0.01%,5.7,5.85,6,763,284,2.69,27.65%,25.71%,0.517656,2026-09-01
"Downloaded from Barchart.com as of 09-02-2026 05:22am CDT"
