Symbol,Price~,"Exp Date",DTE,Type,Strike,Moneyness,Bid,Latest,Ask,Volume,"Open Int",Vol/OI,"Imp Vol",IV,Delta,Time
SCHW,110.58,2026-08-21,4,Call,114.00,-3.09%,0.12,0.13,0.14,28505,140,203.61,21.78%,22.73%,0.104415,2026-08-17
META,568.97,2026-09-11,25,Call,665.00,-16.88%,1.3,1.37,1.5,12290,126,97.54,33.97%,36.87%,0.061181,2026-08-17
GE,369.43,2026-12-18,123,Put,340.00,-7.97%,13.05,13.7,14.7,15115,159,95.06,28.53%,33.35%,-0.282859,2026-08-17
RUN,9.83,2026-11-20,95,Call,14.00,-42.42%,0.45,0.49,0.57,20425,216,94.56,67.49%,79.08%,0.257817,2026-08-17
PBR,18.25,2026-08-28,11,Call,17.50,+4.11%,0.81,0.85,0.85,12529,133,94.2,31.28%,25.85%,0.832252,2026-08-17
HPE,57.61,2026-08-28,11,Put,54.00,-6.27%,0.71,0.85,0.98,11805,128,92.23,73.13%,57.15%,-0.239085,2026-08-17
SPCX,146.23,2026-08-21,4,Put,147.00,+0.53%,4.85,4.85,5,12019,134,89.69,65.64%,74.45%,-0.509721,2026-08-17
APO,134.54,2026-10-16,60,Put,125.00,-7.09%,3.7,3.65,4.1,9224,108,85.41,35.24%,37.73%,-0.281675,2026-08-17
EIX,71.3,2026-09-18,32,Put,55.00,-22.86%,0.05,0.15,0.3,11009,130,84.68,36.55%,51.47%,-0.037956,2026-08-17
RUM,8.24,2026-09-18,32,Call,9.00,-9.22%,0.5,0.53,0.6,13496,166,81.3,80.56%,85.56%,0.417296,2026-08-17
RUN,9.83,2026-11-20,95,Call,19.00,-93.29%,0.09,0.14,0.22,20438,274,74.59,67.49%,83.10%,0.09363,2026-08-17
HPE,57.61,2026-08-28,11,Call,59.00,-2.41%,1.78,2.03,2.07,8176,110,74.33,73.13%,62.98%,0.437841,2026-08-17
GE,369.43,2026-12-18,123,Call,400.00,-8.27%,16,17,17.5,14986,254,59,28.53%,31.56%,0.388721,2026-08-17
CRCL,74.59,2026-08-21,4,Call,82.00,-9.93%,0.68,0.75,0.73,6842,122,56.08,78.47%,94.59%,0.183231,2026-08-17
XPEV,12.2,2026-09-04,18,Call,12.50,-2.46%,0.62,0.64,0.74,6001,108,55.56,63.28%,74.31%,0.478511,2026-08-17
TFC,52.53,2026-10-16,60,Put,50.00,-4.82%,0.7,0.95,1,7893,144,54.81,22.01%,22.28%,-0.276499,2026-08-17
TSLA,339.3,2026-08-19,2,Put,350.00,+3.15%,11.3,11.58,11.95,6571,120,54.76,38.67%,43.21%,-0.829732,2026-08-17
META,568.97,2026-09-11,25,Call,595.00,-4.57%,10.3,10.92,10.95,12221,227,53.84,33.97%,34.08%,0.332788,2026-08-17
SPCX,146.23,2026-08-21,4,Put,148.00,+1.21%,5.45,5.5,5.6,9435,178,53.01,65.64%,75.15%,-0.543674,2026-08-17
SPCX,146.23,2026-08-21,4,Put,146.00,-0.16%,4.35,4.35,4.4,7567,144,52.55,65.64%,74.01%,-0.474787,2026-08-17
MU,1011.75,2026-08-19,2,Call,"1,020.00",-0.82%,16.3,16.62,17,9480,181,52.38,64.94%,68.10%,0.447469,2026-08-17
AMZN,261.31,2026-08-19,2,Put,267.50,+2.37%,6.45,7.01,7,5776,112,51.57,28.33%,32.75%,-0.829396,2026-08-17
NVDA,225.01,2026-08-19,2,Put,237.50,+5.55%,12.15,12.38,12.6,6525,141,46.28,38.42%,33.08%,-0.989154,2026-08-17
AMZN,261.31,2026-08-19,2,Call,260.00,+0.50%,3,3.07,3.15,11106,255,43.55,28.33%,30.29%,0.59649,2026-08-17
TSLA,339.3,2026-08-19,2,Put,342.50,+0.94%,5.85,5.92,6.05,10415,247,42.17,38.67%,41.66%,-0.611886,2026-08-17
WFC,87.54,2026-12-18,123,Call,100.00,-14.23%,1.35,1.39,1.52,118249,3470,34.08,22.13%,25.16%,0.211474,2026-08-17
TSLA,339.3,2026-08-19,2,Put,337.50,-0.53%,3.15,3.22,3.25,13738,406,33.84,38.67%,40.66%,-0.421774,2026-08-17
META,568.97,2026-08-19,2,Call,580.00,-1.94%,2.36,2.4,2.45,3954,118,33.51,33.97%,38.02%,0.253998,2026-08-17
TSLA,339.3,2026-08-19,2,Put,345.00,+1.68%,7.55,7.6,7.75,8690,260,33.42,38.67%,42.03%,-0.697062,2026-08-17
NVDA,225.01,2026-08-21,4,Put,242.50,+7.77%,16.95,17.52,18.25,3549,113,31.41,38.42%,40.69%,-0.9613,2026-08-17
SPCX,146.23,2026-08-21,4,Call,148.00,-1.21%,3.8,3.82,3.85,18729,613,30.55,65.64%,75.40%,0.45702,2026-08-17
HBAN,17.95,2026-10-16,60,Put,16.00,-10.86%,0.05,0.18,0.25,12771,419,30.48,22.20%,27.74%,-0.138758,2026-08-17
PAGP,25.79,2026-08-21,4,Put,26.00,+0.81%,0.25,0.3,0.35,3466,114,30.4,16.98%,15.69%,-0.692068,2026-08-17
AAPL,305.59,2026-08-19,2,Put,307.50,+0.63%,3,3.35,3.45,5364,180,29.8,23.49%,23.95%,-0.631406,2026-08-17
TSLA,339.3,2026-08-19,2,Put,335.00,-1.27%,2.21,2.21,2.26,17517,589,29.74,38.67%,40.65%,-0.328284,2026-08-17
META,568.97,2026-08-19,2,Call,570.00,-0.18%,5.65,5.65,5.8,3150,107,29.44,33.97%,36.74%,0.48151,2026-08-17
RIOT,20.04,2026-08-28,11,Put,17.00,-15.17%,0.12,0.2,0.24,8624,299,28.84,83.36%,85.21%,-0.116437,2026-08-17
SPCX,146.23,2026-08-21,4,Call,167.50,-14.55%,0.4,0.43,0.42,10013,353,28.37,65.64%,86.05%,0.0724,2026-08-17
NVDA,225.01,2026-08-19,2,Call,207.50,+7.78%,15.05,18.02,18.35,3679,130,28.3,38.42%,78.95%,0.921946,2026-08-17
CRWV,106,2026-09-25,39,Put,70.00,-33.96%,0.5,0.62,0.71,8875,316,28.09,77.82%,82.69%,-0.046104,2026-08-17
MSFT,480.35,2026-08-19,2,Call,487.50,-1.49%,1.43,1.5,1.6,3600,130,27.69,26.49%,28.85%,0.250145,2026-08-17
KLAR,19.51,2026-08-21,4,Put,16.00,-17.99%,0.15,0.25,0.25,3622,134,27.03,84.98%,167.89%,-0.111516,2026-08-17
RUM,8.24,2026-09-18,32,Call,7.00,+15.05%,1.4,1.55,1.55,12877,486,26.5,80.56%,73.78%,0.80806,2026-08-17
SPCX,146.23,2026-08-21,4,Put,144.00,-1.52%,3.35,3.38,3.45,5974,228,26.2,65.64%,73.43%,-0.404102,2026-08-17
META,568.97,2026-08-19,2,Put,550.00,-3.33%,0.75,0.89,0.9,8963,344,26.06,33.97%,37.52%,-0.107368,2026-08-17
SNDK,1786.85,2026-08-21,4,Put,"1,770.00",-0.94%,62,62.23,63.2,2916,113,25.81,86.31%,95.65%,-0.441176,2026-08-17
NBIS,268.85,2026-08-21,4,Put,212.50,-20.96%,0.57,0.59,0.61,2637,104,25.36,98.97%,131.74%,-0.037768,2026-08-17
MU,1011.75,2026-08-19,2,Call,"1,025.00",-1.31%,14.4,14.68,15,4717,187,25.22,64.94%,68.42%,0.409909,2026-08-17
FLG,14,2028-01-21,522,Put,15.00,+7.14%,2.1,2.21,2.4,4253,171,24.87,27.23%,30.39%,-0.478038,2026-08-17
NVDA,225.01,2026-08-19,2,Call,212.50,+5.56%,12.55,14.34,14.35,7737,312,24.8,38.42%,73.80%,0.859405,2026-08-17
META,568.97,2026-08-19,2,Call,577.50,-1.50%,2.95,3.03,3.1,3181,131,24.28,33.97%,37.65%,0.303711,2026-08-17
OUST,48.13,2026-09-18,32,Call,65.00,-35.05%,1.5,1.5,1.7,2628,110,23.89,106.93%,105.97%,0.214611,2026-08-17
NN,19.2,2026-09-04,18,Put,15.00,-21.88%,0.15,0.2,0.2,4404,188,23.43,100.98%,90.25%,-0.090104,2026-08-17
HPE,57.61,2026-08-28,11,Call,63.00,-9.36%,0.56,0.87,0.83,7840,342,22.92,73.13%,60.25%,0.213154,2026-08-17
MU,1011.75,2026-08-19,2,Call,"1,200.00",-18.61%,0.16,0.18,0.2,2819,123,22.92,64.94%,94.01%,0.007889,2026-08-17
ON,83.38,2026-08-28,11,Call,93.00,-11.54%,0.6,0.66,0.69,3427,150,22.85,57.68%,58.15%,0.153735,2026-08-17
GS,1051.31,2026-08-21,4,Call,"1,110.00",-5.58%,1.15,1.15,1.25,5509,243,22.67,29.93%,34.85%,0.071449,2026-08-17
CORZ,20.13,2026-08-28,11,Call,20.50,-1.84%,0.78,0.86,0.9,5586,247,22.62,74.13%,71.47%,0.469717,2026-08-17
MSFT,480.35,2026-08-19,2,Put,475.00,-1.11%,1.73,1.85,1.94,4807,213,22.57,26.49%,28.15%,-0.289539,2026-08-17
ORCL,146.65,2028-09-15,760,Call,280.00,-90.93%,24.45,26.55,27.95,4004,179,22.37,68.76%,63.61%,0.416676,2026-08-17
MSFT,480.35,2026-08-19,2,Call,480.00,+0.07%,4.25,4.35,4.5,3670,168,21.85,26.49%,29.33%,0.520589,2026-08-17
INTC,103.49,2026-08-19,2,Call,104.00,-0.49%,1.82,1.84,1.87,7621,349,21.84,65.91%,67.97%,0.472426,2026-08-17
META,568.97,2026-08-19,2,Put,560.00,-1.58%,2.6,2.71,2.74,3763,176,21.38,33.97%,37.03%,-0.274472,2026-08-17
LITE,968.9,2026-08-21,4,Put,920.00,-5.05%,16.5,16.52,17,2463,119,20.7,82.06%,91.75%,-0.277287,2026-08-17
SMCI,38.28,2028-01-21,522,Put,55.00,+43.68%,24.55,25.08,25.4,2230,108,20.65,73.95%,80.84%,-0.455728,2026-08-17
HUT,88.04,2026-11-20,95,Call,145.00,-64.70%,4.55,4.75,6.05,2354,114,20.65,94.37%,101.66%,0.247159,2026-08-17
NKE,39.09,2026-08-28,11,Call,40.00,-2.33%,0.54,0.55,0.56,15543,759,20.48,33.47%,34.26%,0.359275,2026-08-17
XIFR,11.61,2026-11-20,95,Call,13.00,-11.97%,0.45,0.48,0.55,3002,149,20.15,39.11%,51.40%,0.301453,2026-08-17
SPCX,146.23,2028-12-15,851,Put,105.00,-28.20%,25.4,25.4,26.2,12438,619,20.09,65.64%,66.21%,-0.185835,2026-08-17
TSLA,339.3,2026-08-19,2,Call,375.00,-10.52%,0.09,0.1,0.1,4897,248,19.75,38.67%,62.89%,0.016956,2026-08-17
BAC,63.89,2026-12-18,123,Put,60.00,-6.09%,1.74,1.76,1.8,106940,5482,19.51,19.97%,24.55%,-0.288791,2026-08-17
RKT,14.5,2028-01-21,522,Call,25.00,-72.41%,1.56,1.62,1.68,50073,2588,19.35,51.44%,55.72%,0.345596,2026-08-17
TSLA,339.3,2026-08-19,2,Put,340.00,+0.21%,4.35,4.45,4.5,19221,1013,18.97,38.67%,40.85%,-0.519082,2026-08-17
MSFT,480.35,2026-08-21,4,Call,487.50,-1.49%,2.66,2.73,2.85,2879,153,18.82,26.49%,27.56%,0.313141,2026-08-17
SPCX,146.23,2026-08-21,4,Call,149.00,-1.89%,3.4,3.4,3.5,14437,768,18.8,65.64%,75.97%,0.424173,2026-08-17
MARA,9.72,2026-09-11,25,Call,11.00,-13.17%,0.36,0.37,0.45,4769,254,18.78,79.98%,83.33%,0.326632,2026-08-17
LCID,6.22,2026-09-18,32,Put,9.00,+44.69%,2.88,2.99,3.2,5503,294,18.72,79.92%,134.21%,-0.767602,2026-08-17
SNDK,1786.85,2026-08-21,4,Call,"1,790.00",-0.18%,70,70.76,71.3,3368,180,18.71,86.31%,96.28%,0.514702,2026-08-17
CIFR,18.5,2026-12-18,123,Call,19.00,-2.70%,3.45,4.07,4.75,4559,244,18.68,97.84%,99.33%,0.604324,2026-08-17
KC,11.39,2026-08-21,4,Call,10.00,+12.20%,1.45,1.5,1.6,10774,578,18.64,82.26%,130.20%,0.847578,2026-08-17
AMZN,261.31,2026-08-19,2,Call,257.50,+1.46%,4.55,4.77,4.9,2790,151,18.48,28.33%,29.98%,0.752378,2026-08-17
WFC,87.54,2026-12-18,123,Put,80.00,-8.61%,2.12,2.2,2.2,118179,6433,18.37,22.13%,27.03%,-0.245129,2026-08-17
TSLA,339.3,2026-08-19,2,Call,337.50,+0.53%,5,5.2,5.2,11249,615,18.29,38.67%,41.02%,0.578056,2026-08-17
META,568.97,2026-08-19,2,Call,595.00,-4.57%,0.56,0.59,0.59,2901,159,18.25,33.97%,41.31%,0.074697,2026-08-17
BULL,8.16,2026-09-11,25,Call,9.00,-10.29%,0.26,0.28,0.35,10267,564,18.2,70.55%,70.73%,0.335999,2026-08-17
RUM,8.24,2026-08-28,11,Call,9.50,-15.29%,0.1,0.17,0.2,2255,124,18.19,80.56%,93.03%,0.21369,2026-08-17
ISSC,24.78,2026-08-21,4,Call,25.00,-0.89%,0.5,0.65,0.65,2243,127,17.66,64.47%,67.30%,0.454355,2026-08-17
TSLA,339.3,2026-08-19,2,Put,332.50,-2.00%,1.49,1.51,1.54,10012,576,17.38,38.67%,40.89%,-0.245116,2026-08-17
SPCX,146.23,2026-08-21,4,Put,142.00,-2.89%,2.56,2.54,2.6,7768,449,17.3,65.64%,73.02%,-0.334778,2026-08-17
AMZN,261.31,2026-08-19,2,Call,262.50,-0.46%,1.78,1.85,1.95,10978,638,17.21,28.33%,30.92%,0.429195,2026-08-17
CHYM,31.45,2026-09-18,32,Put,30.00,-4.61%,0.8,1.2,1.2,4634,272,17.04,50.79%,45.74%,-0.331349,2026-08-17
AMZN,261.31,2026-08-19,2,Put,260.00,-0.50%,1.58,1.7,1.73,11461,674,17,28.33%,29.48%,-0.401714,2026-08-17
MU,1011.75,2026-08-19,2,Call,"1,010.00",+0.17%,20.7,21.5,22,2905,171,16.99,64.94%,68.23%,0.525278,2026-08-17
BAC,63.89,2026-12-18,123,Call,70.00,-9.56%,1.24,1.28,1.34,107043,6513,16.44,19.97%,21.98%,0.27386,2026-08-17
WDAY,191.18,2026-12-18,123,Call,210.00,-9.84%,11.4,13.2,15.4,5109,315,16.22,56.21%,44.48%,0.426876,2026-08-17
SPCX,146.23,2026-08-21,4,Call,146.00,+0.16%,4.65,4.75,4.75,8579,530,16.19,65.64%,74.67%,0.52564,2026-08-17
META,568.97,2026-08-19,2,Put,570.00,+0.18%,6.55,6.75,6.8,3411,211,16.17,33.97%,36.83%,-0.518948,2026-08-17
MSFT,480.35,2026-08-19,2,Put,480.00,-0.07%,3.55,3.67,3.8,5224,323,16.17,26.49%,27.37%,-0.479082,2026-08-17
NVDA,225.01,2026-08-19,2,Put,227.50,+1.11%,3.4,3.45,3.55,12693,791,16.05,38.42%,30.13%,-0.683426,2026-08-17
CRCL,74.59,2026-08-28,11,Call,100.00,-34.07%,0.2,0.26,0.25,3668,229,16.02,78.47%,95.55%,0.046686,2026-08-17
VLO,347.19,2026-12-18,123,Put,320.00,-7.83%,20,20.85,21.2,10019,630,15.9,41.54%,43.51%,-0.316104,2026-08-17
MU,1011.75,2026-08-19,2,Put,950.00,-6.10%,2.51,2.62,2.68,3641,230,15.83,64.94%,68.93%,-0.103224,2026-08-17
TSLA,339.3,2026-08-19,2,Call,342.50,-0.94%,2.83,2.87,2.87,16391,1049,15.63,38.67%,42.05%,0.389878,2026-08-17
SNDK,1786.85,2026-12-18,123,Put,150.00,-91.61%,0.05,0.16,2,2133,137,15.57,86.31%,173.56%,-0.001467,2026-08-17
GME,18.4,2026-10-02,46,Call,30.00,-63.04%,0,0.12,0.39,1703,111,15.34,45.88%,89.99%,0.082157,2026-08-17
SPCX,146.23,2026-09-04,18,Call,185.00,-26.51%,0.94,1.01,1.03,7359,485,15.17,65.64%,74.75%,0.092909,2026-08-17
XOM,161.46,2026-12-18,123,Put,145.00,-10.19%,3.75,3.9,3.95,29253,1928,15.17,28.01%,28.91%,-0.225818,2026-08-17
MSFT,480.35,2026-08-19,2,Put,472.50,-1.63%,1.27,1.3,1.36,1546,102,15.16,26.49%,29.28%,-0.218373,2026-08-17
PWR,722.31,2026-09-18,32,Call,770.00,-6.60%,16.3,18.5,19.5,2103,140,15.02,42.05%,41.06%,0.330372,2026-08-17
STUB,7.12,2026-08-28,11,Call,7.00,+1.69%,0.35,0.4,0.45,5089,339,15.01,66.47%,68.04%,0.584044,2026-08-17
HOOD,96.25,2026-12-18,123,Call,260.00,-170.13%,0.24,0.27,0.49,2054,137,14.99,57.34%,77.68%,0.02564,2026-08-17
ALB,133.99,2027-02-19,186,Call,130.00,+2.98%,21.55,21.55,22.75,2001,134,14.93,46.84%,51.83%,0.616077,2026-08-17
GOOGL,344,2026-08-19,2,Call,345.00,-0.29%,2.31,2.53,2.62,4164,280,14.87,27.88%,28.60%,0.453102,2026-08-17
META,568.97,2026-08-19,2,Call,590.00,-3.70%,0.88,0.94,0.95,2952,201,14.69,33.97%,39.89%,0.113424,2026-08-17
MU,1011.75,2026-08-19,2,Call,"1,050.00",-3.78%,7.1,7.35,7.8,10797,738,14.63,64.94%,69.92%,0.245899,2026-08-17
EXE,94.18,2026-10-16,60,Put,85.00,-9.75%,0.9,1.1,1.2,19812,1355,14.62,28.20%,28.76%,-0.169532,2026-08-17
MSFT,480.35,2026-08-19,2,Call,490.00,-2.01%,0.93,0.99,1,5964,411,14.51,26.49%,28.52%,0.177697,2026-08-17
MOD,216.75,2026-09-18,32,Call,250.00,-15.34%,7,9.9,9.7,1552,107,14.5,69.92%,75.33%,0.303375,2026-08-17
GEV,1079,2026-12-18,123,Put,860.00,-20.30%,33.5,37.24,39.9,3299,228,14.47,48.16%,52.92%,-0.176915,2026-08-17
META,568.97,2026-08-19,2,Put,572.50,+0.62%,7.9,8.45,8.3,1662,115,14.45,33.97%,36.96%,-0.58216,2026-08-17
NVDA,225.01,2026-08-19,2,Put,225.00,0.00%,2,2.02,2.04,43761,3043,14.38,38.42%,30.74%,-0.492216,2026-08-17
INTC,103.49,2026-08-24,7,Call,104.00,-0.49%,3.15,3.25,3.4,1839,128,14.37,65.91%,61.01%,0.496439,2026-08-17
SHAZ,76.9,2026-09-18,32,Put,55.00,-28.48%,1.3,1.65,1.95,2048,143,14.32,109.23%,110.03%,-0.114919,2026-08-17
SONY,23.7,2026-12-18,123,Put,22.50,-5.06%,1.05,1.14,1.2,3663,259,14.14,27.06%,32.65%,-0.340191,2026-08-17
CPNG,15.72,2026-11-20,95,Call,21.00,-33.59%,0.26,0.34,0.45,9006,643,14.01,42.26%,51.84%,0.177521,2026-08-17
MU,1011.75,2026-08-19,2,Call,"1,060.00",-4.77%,5.3,5.38,5.65,1630,118,13.81,64.94%,70.20%,0.193001,2026-08-17
MSFT,480.35,2026-08-19,2,Put,482.50,+0.45%,4.85,4.85,5.15,2536,184,13.78,26.49%,27.22%,-0.58146,2026-08-17
META,568.97,2026-08-19,2,Put,565.00,-0.70%,4.25,4.38,4.5,3415,248,13.77,33.97%,37.00%,-0.39169,2026-08-17
NU,14.74,2026-11-20,95,Call,19.00,-28.90%,0.23,0.26,0.27,6796,495,13.73,34.90%,43.33%,0.160412,2026-08-17
LTH,45.34,2026-09-18,32,Call,45.00,+0.75%,2.4,2.51,2.6,5017,367,13.67,43.05%,42.24%,0.559119,2026-08-17
MU,1011.75,2026-08-19,2,Call,"1,100.00",-8.72%,1.58,1.58,1.7,9333,686,13.6,64.94%,74.34%,0.068292,2026-08-17
TSLA,339.3,2026-08-19,2,Put,330.00,-2.74%,1,1.01,1.02,12114,895,13.54,38.67%,41.47%,-0.177035,2026-08-17
CBRS,251.98,2026-08-21,4,Call,265.00,-5.17%,7.5,8.3,8.5,1616,120,13.47,98.77%,125.06%,0.375853,2026-08-17
TER,443.14,2026-08-21,4,Call,480.00,-8.32%,1.4,3.9,6.9,1355,102,13.28,72.37%,84.87%,0.197477,2026-08-17
ASTS,71.14,2026-09-04,18,Put,69.00,-3.01%,2.89,4.11,4.7,1376,105,13.1,80.22%,78.08%,-0.393073,2026-08-17
TSLA,339.3,2026-08-19,2,Call,335.00,+1.27%,6.55,6.68,6.75,8698,664,13.1,38.67%,41.21%,0.670009,2026-08-17
TSLA,339.3,2026-08-19,2,Put,325.00,-4.21%,0.44,0.45,0.46,7186,549,13.09,38.67%,43.65%,-0.087782,2026-08-17
AAPL,305.59,2026-08-19,2,Call,305.00,+0.19%,2.45,2.46,2.6,19530,1502,13,23.49%,24.27%,0.550352,2026-08-17
U,45.45,2026-08-28,11,Put,42.00,-7.59%,0.4,0.53,0.59,1421,111,12.8,51.94%,56.22%,-0.192779,2026-08-17
AAPL,305.59,2026-08-19,2,Put,305.00,-0.19%,1.7,1.78,1.83,10174,800,12.72,23.49%,22.95%,-0.4479,2026-08-17
AMZN,261.31,2026-08-19,2,Call,252.50,+3.37%,8.6,8.5,9.3,4087,322,12.69,28.33%,27.09%,0.95818,2026-08-17
ARM,271.43,2026-08-28,11,Call,330.00,-21.58%,1.71,1.75,1.79,3205,253,12.67,70.79%,82.81%,0.100316,2026-08-17
TSLA,339.3,2026-08-19,2,Call,347.50,-2.42%,1.47,1.47,1.5,10333,823,12.56,38.67%,43.48%,0.23581,2026-08-17
META,568.97,2026-08-19,2,Call,585.00,-2.82%,1.43,1.48,1.5,2163,173,12.5,33.97%,38.61%,0.17061,2026-08-17
AMD,506,2026-08-19,2,Call,515.00,-1.78%,4.65,4.75,4.85,2374,190,12.49,54.27%,56.17%,0.345113,2026-08-17
NVDA,225.01,2026-08-19,2,Call,227.50,-1.11%,1.1,1.11,1.14,65854,5367,12.27,38.42%,31.80%,0.326897,2026-08-17
AMZN,261.31,2026-08-19,2,Call,235.00,+10.07%,25.85,25.65,26.7,1447,118,12.26,28.33%,47.74%,0.998758,2026-08-17
INDI,4.71,2026-09-18,32,Call,7.50,-59.24%,0.1,0.2,0.2,6419,524,12.25,119.78%,136.77%,0.174027,2026-08-17
GS,1051.31,2026-08-21,4,Call,"1,070.00",-1.78%,6.95,6.8,7.65,2338,192,12.18,29.93%,33.26%,0.314585,2026-08-17
VIAV,46.26,2026-09-18,32,Call,50.00,-8.08%,3,3.02,3.2,27705,2305,12.02,81.49%,82.57%,0.427595,2026-08-17
AMZN,261.31,2026-08-19,2,Call,240.00,+8.16%,20.85,21.42,21.95,2924,244,11.98,28.33%,51.53%,0.987905,2026-08-17
APLD,31.18,2026-09-11,25,Put,25.00,-19.82%,0.36,0.5,0.6,2035,170,11.97,85.82%,83.17%,-0.128381,2026-08-17
TSLA,339.3,2026-08-19,2,Call,345.00,-1.68%,2.05,2.09,2.09,20237,1691,11.97,38.67%,42.70%,0.306757,2026-08-17
NBIS,268.85,2026-09-04,18,Put,265.00,-1.43%,21.3,22,23.3,1363,114,11.96,98.97%,103.38%,-0.427073,2026-08-17
CABA,2.89,2026-09-18,32,Call,3.50,-21.11%,0.15,0.19,0.35,5001,420,11.91,137.39%,131.96%,0.387236,2026-08-17
AS,32.57,2026-09-18,32,Call,30.00,+7.89%,3.7,3.8,4,3103,261,11.89,59.32%,61.69%,0.711991,2026-08-17
MSFT,480.35,2026-08-21,4,Put,477.50,-0.59%,4.5,4.68,4.75,2595,220,11.8,26.49%,30.00%,-0.415426,2026-08-17
WMB,73.45,2027-01-15,151,Put,75.00,+2.11%,5.5,5.4,5.9,3018,256,11.79,26.85%,26.78%,-0.50339,2026-08-17
MSFT,480.35,2026-08-19,2,Call,502.50,-4.61%,0.11,0.13,0.14,3565,303,11.77,26.49%,31.79%,0.028912,2026-08-17
ARM,271.43,2027-01-15,151,Call,310.00,-14.21%,38.6,41.39,41.65,2010,172,11.69,70.79%,75.64%,0.501137,2026-08-17
XPEV,12.2,2026-08-28,11,Call,14.00,-14.75%,0.16,0.19,0.22,5515,472,11.68,63.28%,85.94%,0.200264,2026-08-17
TSLA,339.3,2026-08-24,7,Call,367.50,-8.31%,0.74,0.73,0.79,1345,116,11.59,38.67%,41.27%,0.087513,2026-08-17
MU,1011.75,2026-08-19,2,Call,"1,015.00",-0.32%,18.45,18.92,19.4,4196,363,11.56,64.94%,68.23%,0.486286,2026-08-17
PLTR,172.55,2026-09-04,18,Put,165.00,-4.38%,3.55,3.6,3.75,3868,338,11.44,44.58%,45.95%,-0.306952,2026-08-17
AA,51.71,2026-08-28,11,Call,60.00,-16.03%,0.09,0.12,0.15,1268,111,11.42,49.02%,53.27%,0.06027,2026-08-17
YPF,52.7,2026-10-16,60,Put,50.00,-5.12%,1.6,1.96,2.15,3280,288,11.39,38.79%,37.59%,-0.327725,2026-08-17
INTC,103.49,2026-08-19,2,Put,95.00,-8.20%,0.12,0.13,0.13,3688,325,11.35,65.91%,72.59%,-0.052302,2026-08-17
NVDA,225.01,2026-08-19,2,Put,230.00,+2.22%,5.25,5.36,5.5,1829,162,11.29,38.42%,29.52%,-0.83928,2026-08-17
SNDK,1786.85,2026-08-21,4,Put,"1,760.00",-1.50%,57.4,57.6,58.5,1488,132,11.27,86.31%,95.71%,-0.418965,2026-08-17
SNDK,1786.85,2026-08-21,4,Put,"1,650.00",-7.66%,20.4,20.85,21.1,2960,264,11.21,86.31%,95.80%,-0.198144,2026-08-17
META,568.97,2026-08-19,2,Put,575.00,+1.06%,9.5,9.71,10,1586,142,11.17,33.97%,37.55%,-0.640933,2026-08-17
META,568.97,2026-08-19,2,Put,567.50,-0.26%,5.2,5.4,5.6,2574,232,11.09,33.97%,36.65%,-0.454467,2026-08-17
SPCX,146.23,2026-08-21,4,Call,147.00,-0.53%,4.2,4.25,4.3,14367,1300,11.05,65.64%,75.11%,0.491054,2026-08-17
WRAP,1.62,2027-01-15,151,Call,2.0000,-23.46%,0,0.5,0.7,4032,366,11.02,210.96%,112.49%,0.536841,2026-08-17
AI,9.7,2027-03-19,214,Call,12.50,-28.87%,1.39,1.35,1.59,2510,231,10.87,79.93%,77.71%,0.46435,2026-08-17
HUT,88.04,2026-11-20,95,Call,115.00,-30.62%,9.1,9.37,10.65,1179,109,10.82,94.37%,100.00%,0.401694,2026-08-17
META,568.97,2026-08-19,2,Call,600.00,-5.45%,0.36,0.36,0.41,4102,383,10.71,33.97%,43.29%,0.050959,2026-08-17
NVDA,225.01,2026-08-19,2,Put,222.50,-1.12%,1.03,1.06,1.08,16505,1544,10.69,38.42%,31.56%,-0.309088,2026-08-17
AVGO,392.43,2026-09-11,25,Call,460.00,-17.22%,3.45,3.6,3.75,2127,201,10.58,49.33%,52.16%,0.139854,2026-08-17
AS,32.57,2026-09-18,32,Call,32.50,+0.21%,2.25,2.35,2.45,9579,909,10.54,59.32%,59.01%,0.547082,2026-08-17
NVDA,225.01,2026-08-19,2,Put,242.50,+7.77%,16.05,17.27,18.05,3752,361,10.39,38.42%,43.81%,-0.99161,2026-08-17
AMD,506,2027-12-17,487,Put,320.00,-36.76%,37,37.75,40.6,2002,194,10.32,54.27%,62.31%,-0.145401,2026-08-17
MU,1011.75,2026-08-19,2,Call,"1,080.00",-6.75%,2.83,2.96,3.05,1346,131,10.27,64.94%,71.65%,0.114916,2026-08-17
LTH,45.34,2026-09-18,32,Call,50.00,-10.28%,0.8,0.95,0.95,5423,529,10.25,43.05%,44.68%,0.258219,2026-08-17
META,568.97,2026-08-21,4,Call,577.50,-1.50%,5.4,5.35,5.55,1074,105,10.23,33.97%,37.75%,0.363959,2026-08-17
MSFT,480.35,2026-08-21,4,Put,472.50,-1.63%,2.81,2.96,3.2,1071,105,10.2,26.49%,31.15%,-0.298004,2026-08-17
PAR,18.55,2026-12-18,123,Call,22.50,-21.29%,1.7,1.77,1.8,1403,138,10.17,64.92%,73.31%,0.391109,2026-08-17
HBAN,17.95,2026-10-16,60,Call,19.00,-5.85%,0.25,0.29,0.5,16690,1650,10.12,22.20%,26.49%,0.317163,2026-08-17
INTC,103.49,2026-09-04,18,Call,104.00,-0.49%,5.75,5.98,6.3,4892,486,10.07,65.91%,67.57%,0.520851,2026-08-17
GROY,3.2,2026-09-18,32,Put,3.00,-6.25%,0.05,0.1,0.15,1001,100,10.01,68.57%,50.66%,-0.302107,2026-08-17
INTC,103.49,2026-08-19,2,Put,100.00,-3.37%,0.74,0.74,0.77,4791,479,10,65.91%,68.18%,-0.239455,2026-08-17
MRVL,234.33,2026-09-04,18,Call,275.00,-17.36%,6.05,7.01,7.15,1059,107,9.9,80.94%,92.67%,0.252537,2026-08-17
RIVN,14.87,2026-08-28,11,Call,15.00,-0.87%,0.44,0.5,0.5,2618,265,9.88,53.21%,50.79%,0.48315,2026-08-17
TEVA,36.46,2026-08-21,4,Put,36.00,-1.26%,0.22,0.3,0.4,3013,307,9.81,32.99%,33.78%,-0.35035,2026-08-17
INTC,103.49,2026-08-28,11,Call,119.00,-14.99%,0.93,1.07,1.07,3958,404,9.8,65.91%,73.62%,0.153491,2026-08-17
KEEL,3.77,2026-09-04,18,Call,4.00,-6.10%,0.05,0.31,0.49,4172,426,9.79,111.29%,108.13%,0.45258,2026-08-17
META,568.97,2026-08-19,2,Call,587.50,-3.26%,1.1,1.18,1.49,1390,143,9.72,33.97%,40.67%,0.148301,2026-08-17
INTC,103.49,2026-08-19,2,Call,112.00,-8.22%,0.17,0.2,0.19,1292,133,9.71,65.91%,72.36%,0.074161,2026-08-17
PSKY,10.28,2026-08-28,11,Put,9.50,-7.59%,0.08,0.17,0.11,978,101,9.68,46.48%,52.45%,-0.179397,2026-08-17
XP,15.7,2026-08-21,4,Call,15.50,+1.27%,0.55,0.63,0.65,1093,113,9.67,45.20%,75.99%,0.578814,2026-08-17
NKE,39.09,2026-09-11,25,Put,35.00,-10.46%,0.12,0.18,0.21,1332,138,9.65,33.47%,33.72%,-0.097729,2026-08-17
INTC,103.49,2026-08-19,2,Call,107.00,-3.39%,0.81,0.85,0.85,3781,393,9.62,65.91%,68.79%,0.265561,2026-08-17
NVDA,225.01,2026-08-19,2,Call,200.00,+11.12%,24.3,25.58,26.5,1152,120,9.6,38.42%,99.18%,0.9499,2026-08-17
CECO,84.15,2026-09-18,32,Put,70.00,-16.82%,0.65,1.22,1.35,1503,157,9.57,61.89%,59.52%,-0.125479,2026-08-17
AMZN,261.31,2026-08-19,2,Call,265.00,-1.41%,1,1,1.03,21313,2230,9.56,28.33%,31.01%,0.277318,2026-08-17
NKE,39.09,2027-06-17,304,Call,37.50,+4.07%,6.5,6.7,6.8,1876,199,9.43,33.47%,43.42%,0.604244,2026-08-17
RTX,221.64,2026-09-11,25,Call,225.00,-1.52%,4,4.1,4.35,1526,162,9.42,23.02%,23.83%,0.426395,2026-08-17
AMD,506,2027-09-17,396,Call,"1,000.00",-97.63%,37.7,40,41.35,1005,107,9.39,54.27%,63.39%,0.262709,2026-08-17
SNDK,1786.85,2026-08-21,4,Call,"1,810.00",-1.30%,57.2,61.58,62.4,3104,331,9.38,86.31%,93.86%,0.468969,2026-08-17
INTC,103.49,2026-08-19,2,Call,103.00,+0.47%,2.32,2.37,2.36,5324,573,9.29,65.91%,68.12%,0.548842,2026-08-17
META,568.97,2026-08-19,2,Put,562.50,-1.14%,3.25,3.75,3.6,1927,208,9.26,33.97%,36.86%,-0.330503,2026-08-17
MU,1011.75,2026-08-19,2,Put,930.00,-8.08%,1.19,1.27,1.36,1113,121,9.2,64.94%,72.34%,-0.054403,2026-08-17
MSFT,480.35,2026-08-19,2,Put,470.00,-2.15%,0.88,0.92,0.95,3089,338,9.14,26.49%,30.17%,-0.160354,2026-08-17
MSFT,480.35,2026-08-19,2,Put,467.50,-2.68%,0.62,0.66,0.67,1357,149,9.11,26.49%,31.28%,-0.117258,2026-08-17
BAC,63.89,2028-12-15,851,Put,55.00,-13.91%,4.8,4.8,5.3,7257,800,9.07,19.97%,28.27%,-0.249383,2026-08-17
AVGO,392.43,2026-08-19,2,Call,397.50,-1.29%,2.8,2.97,3.2,1160,128,9.06,49.33%,43.89%,0.354212,2026-08-17
RLAY,20.67,2026-09-18,32,Put,18.00,-12.92%,0.25,0.5,0.55,1640,181,9.06,87.28%,59.16%,-0.185748,2026-08-17
AAPL,305.59,2026-08-19,2,Put,297.50,-2.65%,0.17,0.2,0.2,3887,429,9.06,23.49%,25.18%,-0.072435,2026-08-17
RDDT,164.5,2026-09-04,18,Call,185.00,-12.46%,2.36,2.9,3.45,1095,121,9.05,59.39%,64.03%,0.228922,2026-08-17
BIDU,104.12,2026-08-21,4,Call,103.00,+1.08%,3.95,4.15,4.35,1784,201,8.88,50.94%,81.88%,0.568947,2026-08-17
LYFT,17.22,2026-08-21,4,Put,17.50,+1.63%,0.46,0.51,0.57,3203,361,8.87,40.83%,49.89%,-0.609223,2026-08-17
UPS,102.02,2026-09-04,18,Call,107.00,-4.88%,0.52,0.66,0.71,1010,114,8.86,24.69%,25.19%,0.198624,2026-08-17
FSLR,217.85,2027-06-17,304,Put,170.00,-21.96%,16.5,18.85,20.65,2007,227,8.84,51.14%,57.61%,-0.216485,2026-08-17
W,103.08,2026-09-18,32,Put,95.00,-7.84%,2.91,3.05,3.35,3018,343,8.8,54.04%,55.46%,-0.27554,2026-08-17
RIOT,20.04,2026-10-16,60,Call,23.00,-14.77%,1.32,1.7,2.15,1053,120,8.78,83.36%,85.05%,0.417028,2026-08-17
COST,953.5,2026-09-04,18,Call,"1,180.00",-23.75%,0.01,0.13,0.13,1180,135,8.74,20.18%,34.49%,0.003219,2026-08-17
TSLA,339.3,2026-08-24,7,Put,337.50,-0.53%,5.65,5.72,5.8,1556,178,8.74,38.67%,35.75%,-0.442902,2026-08-17
SMMT,12.78,2027-01-15,151,Put,9.00,-29.58%,1.55,1.65,1.7,9153,1050,8.72,115.29%,119.57%,-0.195695,2026-08-17
RRGB,10.59,2026-09-18,32,Call,10.00,+5.57%,1.2,1.25,1.3,1628,188,8.66,77.39%,74.71%,0.649696,2026-08-17
MU,1011.75,2026-08-19,2,Put,900.00,-11.05%,0.41,0.51,0.51,2078,241,8.62,64.94%,78.78%,-0.020712,2026-08-17
XOM,161.46,2027-01-15,151,Call,180.00,-11.48%,5,5.57,5.95,29431,3426,8.59,28.01%,28.40%,0.314602,2026-08-17
XPEV,12.2,2026-08-21,4,Call,12.50,-2.46%,0.21,0.23,0.24,13647,1599,8.53,63.28%,68.49%,0.383051,2026-08-17
INTC,103.49,2026-08-19,2,Put,103.00,-0.47%,1.8,1.81,1.85,4289,506,8.48,65.91%,67.85%,-0.451251,2026-08-17
AMD,506,2026-08-19,2,Put,505.00,-0.20%,7.3,7.65,7.8,1109,131,8.47,54.27%,54.16%,-0.470714,2026-08-17
META,568.97,2027-09-17,396,Put,460.00,-19.15%,36.55,36.55,37.75,1008,120,8.4,33.97%,41.16%,-0.216091,2026-08-17
SPCX,146.23,2026-09-25,39,Put,110.00,-24.78%,1.37,1.45,1.51,6272,751,8.35,65.64%,70.16%,-0.085053,2026-08-17
SPCX,146.23,2026-08-28,11,Put,145.00,-0.84%,6.1,6.16,6.25,8697,1045,8.32,65.64%,67.88%,-0.44508,2026-08-17
SMCI,38.28,2026-08-28,11,Put,34.50,-9.87%,0.46,0.54,0.61,1187,143,8.3,73.95%,73.53%,-0.187779,2026-08-17
MRVL,234.33,2026-08-21,4,Call,242.50,-3.49%,4.45,4.72,4.75,3401,410,8.3,80.94%,80.37%,0.359151,2026-08-17
MSFT,480.35,2026-08-19,2,Put,487.50,+1.49%,8.1,8.95,8.75,987,119,8.29,26.49%,27.29%,-0.763444,2026-08-17
INTC,103.49,2026-08-19,2,Call,106.00,-2.43%,1.08,1.1,1.11,3616,437,8.27,65.91%,68.27%,0.327929,2026-08-17
UNH,395.62,2026-08-28,11,Call,410.00,-3.63%,2.28,2.4,2.49,2519,305,8.26,27.42%,26.64%,0.22939,2026-08-17
AAPL,305.59,2026-08-19,2,Put,300.00,-1.83%,0.4,0.44,0.43,9312,1127,8.26,23.49%,24.13%,-0.146466,2026-08-17
SPCX,146.23,2027-12-17,487,Put,130.00,-11.10%,29.3,29.87,30.55,1844,227,8.12,65.64%,65.73%,-0.280949,2026-08-17
META,568.97,2026-09-04,18,Put,280.00,-50.79%,0.03,0.1,0.1,1129,141,8.01,33.97%,112.47%,-0.001494,2026-08-17
SNDK,1786.85,2026-08-21,4,Call,"1,770.00",+0.94%,80,80.2,81.1,2708,340,7.96,86.31%,96.24%,0.558979,2026-08-17
SPCX,146.23,2026-09-25,39,Call,220.00,-50.45%,0.84,0.88,0.98,1018,128,7.95,65.64%,75.14%,0.063768,2026-08-17
LITE,968.9,2026-08-21,4,Put,940.00,-2.98%,21.6,23.7,26,1086,137,7.93,82.06%,91.82%,-0.356922,2026-08-17
AMZN,261.31,2026-08-21,4,Put,277.50,+6.20%,15.85,16.6,16.85,2408,304,7.92,28.33%,35.52%,-0.947821,2026-08-17
CPNG,15.72,2026-11-20,95,Call,19.00,-20.87%,0.41,0.64,0.66,4504,569,7.92,42.26%,46.81%,0.263613,2026-08-17
OCUL,10.65,2026-09-18,32,Put,11.00,+3.29%,0.95,0.96,1.2,2314,293,7.9,66.93%,71.12%,-0.514778,2026-08-17
AMD,506,2026-08-19,2,Put,510.00,+0.79%,10.05,10.4,10.6,1305,166,7.86,54.27%,54.82%,-0.567497,2026-08-17
LMND,49.95,2026-08-21,4,Call,50.00,-0.10%,0.9,1.16,1.4,907,116,7.82,57.24%,55.84%,0.507545,2026-08-17
SPCX,146.23,2026-08-21,4,Call,157.50,-7.71%,1.3,1.33,1.33,8217,1054,7.8,65.64%,79.91%,0.200173,2026-08-17
AAPL,305.59,2026-08-19,2,Put,302.50,-1.01%,0.85,0.91,0.95,13284,1703,7.8,23.49%,23.48%,-0.273418,2026-08-17
INTC,103.49,2026-08-28,11,Call,112.00,-8.22%,2.05,2.1,2.13,2498,322,7.76,65.91%,70.58%,0.282259,2026-08-17
TSLA,339.3,2026-09-25,39,Put,330.00,-2.74%,12,12.75,12.25,1305,169,7.72,38.67%,38.67%,-0.379005,2026-08-17
INTC,103.49,2026-08-19,2,Put,101.00,-2.41%,1.01,1.02,1.05,1846,239,7.72,65.91%,67.68%,-0.30354,2026-08-17
MSFT,480.35,2026-08-19,2,Call,485.00,-0.97%,2.07,2.22,2.25,4966,644,7.71,26.49%,28.36%,0.329604,2026-08-17
KINS,19.9,2026-08-21,4,Call,20.00,-0.50%,0.3,0.35,0.45,1048,137,7.65,43.65%,50.48%,0.474836,2026-08-17
NNBR,4.11,2027-03-19,214,Call,7.50,-82.48%,0.4,0.6,0.6,6356,832,7.64,140.95%,102.34%,0.336308,2026-08-17
MU,1011.75,2026-08-19,2,Put,940.00,-7.09%,1.68,1.77,1.88,999,131,7.63,64.94%,70.18%,-0.074179,2026-08-17
WMT,114.33,2026-09-04,18,Put,110.00,-3.79%,1.59,1.69,1.75,3150,414,7.61,29.96%,34.79%,-0.289821,2026-08-17
AVGO,392.43,2026-08-19,2,Put,392.50,+0.02%,4.65,4.81,5.05,939,125,7.51,49.33%,41.80%,-0.494415,2026-08-17
AMD,506,2026-08-19,2,Call,535.00,-5.73%,0.99,1.04,1.09,1407,189,7.44,54.27%,58.13%,0.102206,2026-08-17
SNDK,1786.85,2026-08-21,4,Call,"1,820.00",-1.86%,55.7,57.4,58,1948,262,7.44,86.31%,95.53%,0.448339,2026-08-17
FIGR,35.76,2027-01-15,151,Call,80.00,-123.71%,0.65,0.89,1.4,2106,283,7.44,79.40%,86.80%,0.12823,2026-08-17
SPCX,146.23,2028-01-21,522,Call,270.00,-84.64%,19.05,19.47,20.5,1928,260,7.42,65.64%,64.59%,0.369676,2026-08-17
STX,994.79,2026-08-21,4,Put,900.00,-9.53%,4.6,4.87,5.2,1124,152,7.39,72.82%,82.32%,-0.113314,2026-08-17
META,568.97,2026-08-21,4,Call,607.50,-6.77%,0.75,0.79,0.8,1416,192,7.38,33.97%,41.83%,0.071272,2026-08-17
BIDU,104.12,2026-09-11,25,Call,155.00,-48.87%,0,0.1,0.32,2007,272,7.38,50.94%,72.34%,0.023092,2026-08-17
SPCX,146.23,2026-08-28,11,Call,147.00,-0.53%,6.55,6.65,6.8,2821,382,7.38,65.64%,68.78%,0.509919,2026-08-17
SPCX,146.23,2027-02-19,186,Call,175.00,-19.67%,17.85,19.73,19.1,1216,165,7.37,65.64%,65.70%,0.458128,2026-08-17
META,568.97,2026-08-19,2,Put,557.50,-2.02%,1.99,2.01,2.14,2439,331,7.37,33.97%,37.32%,-0.22457,2026-08-17
AMD,506,2026-08-19,2,Put,495.00,-2.17%,3.6,3.73,3.95,780,106,7.36,54.27%,55.13%,-0.286617,2026-08-17
ABVX,120.73,2026-10-16,60,Call,160.00,-32.53%,2.25,3.7,4.3,1005,137,7.34,64.63%,68.79%,0.198081,2026-08-17
SPCE,3.13,2026-08-28,11,Put,3.50,+11.82%,0.44,0.46,0.48,973,133,7.32,87.02%,101.28%,-0.706868,2026-08-17
KLAR,19.51,2026-08-21,4,Call,21.50,-10.20%,0.8,0.83,0.9,2943,404,7.28,84.98%,193.85%,0.353731,2026-08-17
MU,1011.75,2026-08-19,2,Call,"1,085.00",-7.24%,2.44,2.44,2.64,849,117,7.26,64.94%,72.30%,0.101036,2026-08-17
INTC,103.49,2026-08-19,2,Put,97.00,-6.27%,0.25,0.25,0.26,1583,218,7.26,65.91%,69.56%,-0.099086,2026-08-17
MU,1011.75,2026-08-19,2,Put,920.00,-9.07%,0.88,0.88,0.93,1066,147,7.25,64.94%,74.41%,-0.039482,2026-08-17
NKE,39.09,2026-08-21,4,Call,40.00,-2.33%,0.25,0.25,0.26,13785,1918,7.19,33.47%,36.63%,0.280067,2026-08-17
PG,143.12,2026-08-21,4,Call,143.00,+0.08%,1.09,1.36,1.48,740,103,7.18,19.17%,20.41%,0.521037,2026-08-17
DKS,196.24,2026-09-18,32,Call,200.00,-1.92%,8.6,9.23,10,1127,157,7.18,49.83%,47.09%,0.475459,2026-08-17
OPEN,3.54,2026-09-04,18,Put,4.00,+12.99%,0.51,0.58,0.59,974,136,7.16,70.26%,78.93%,-0.727406,2026-08-17
NKE,39.09,2026-08-21,4,Call,38.00,+2.79%,1.22,1.28,1.33,787,110,7.15,33.47%,35.70%,0.780501,2026-08-17
ORCL,146.65,2026-10-16,60,Put,105.00,-28.40%,1.42,1.48,1.58,11210,1568,7.15,68.76%,64.60%,-0.077657,2026-08-17
CRM,190.97,2026-08-28,11,Call,245.00,-28.29%,0,0.25,0.55,866,122,7.1,48.69%,73.72%,0.030298,2026-08-17
SNDK,1786.85,2026-08-21,4,Call,"1,780.00",+0.38%,75,75.8,76.7,3584,509,7.04,86.31%,96.74%,0.536848,2026-08-17
BX,140.57,2027-12-17,487,Call,150.00,-6.71%,20.05,20.1,21.45,763,109,7,34.33%,38.27%,0.520646,2026-08-17
NVDA,225.01,2026-08-24,7,Put,225.00,0.00%,3.45,3.5,3.55,5624,803,7,38.42%,28.69%,-0.486793,2026-08-17
AMD,506,2026-08-19,2,Put,490.00,-3.16%,2.41,2.51,2.66,1259,180,6.99,54.27%,55.66%,-0.210461,2026-08-17
CRWV,106,2026-08-21,4,Call,106.00,0.00%,3.85,3.9,4.15,2501,359,6.97,77.82%,89.94%,0.520456,2026-08-17
MSTR,97.68,2026-08-28,11,Call,90.00,+7.86%,9.15,9.42,9.65,1169,168,6.96,68.39%,68.99%,0.774214,2026-08-17
IBRX,7.92,2026-08-21,4,Call,6.50,+17.93%,0.85,1.42,1.85,2331,335,6.96,58.96%,97.76%,0.976465,2026-08-17
FSLR,217.85,2028-01-21,522,Put,110.00,-49.51%,6,8.2,9.6,1001,144,6.95,51.14%,58.86%,-0.081782,2026-08-17
DNN,3.19,2026-10-02,46,Call,0.50,+84.33%,2.5,2.8,3.5,874,126,6.94,61.74%,765.28%,0.979441,2026-08-17
IREN,44.9,2026-08-21,4,Put,44.50,-0.89%,1.51,1.57,1.6,4875,703,6.93,99.77%,94.07%,-0.442963,2026-08-17
GOOG,341.45,2026-08-21,4,Call,255.00,+25.32%,84.6,86.31,87.75,847,123,6.89,27.37%,90.77%,0.999075,2026-08-17
AAPL,305.59,2026-08-26,9,Call,310.00,-1.44%,2.41,2.48,2.73,766,113,6.78,23.49%,22.50%,0.357508,2026-08-17
AMD,506,2026-08-19,2,Call,520.00,-2.77%,3.2,3.26,3.45,3843,567,6.78,54.27%,56.34%,0.264715,2026-08-17
SPCX,146.23,2026-08-21,4,Call,143.00,+2.21%,6.25,6.4,6.35,7258,1071,6.78,65.64%,73.98%,0.630181,2026-08-17
INTC,103.49,2026-08-21,4,Call,103.00,+0.47%,3.25,3.25,3.35,11240,1657,6.78,65.91%,70.31%,0.542173,2026-08-17
LQDA,77.7,2026-08-28,11,Call,90.00,-15.83%,1.5,2.2,2.75,1657,245,6.76,106.88%,112.00%,0.256857,2026-08-17
BBY,85.44,2026-09-18,32,Put,85.00,-0.51%,3.7,4.6,4.8,1013,150,6.75,45.46%,44.30%,-0.458331,2026-08-17
CORZ,20.13,2026-10-16,60,Call,23.00,-14.26%,1.4,1.52,1.67,1207,180,6.71,74.13%,77.56%,0.402348,2026-08-17
AMD,506,2026-08-19,2,Call,540.00,-6.72%,0.66,0.68,0.75,3366,502,6.71,54.27%,59.23%,0.072579,2026-08-17
GEO,31.15,2026-11-20,95,Put,25.00,-19.74%,0.8,0.93,1.2,1001,150,6.67,42.93%,56.32%,-0.178954,2026-08-17
AHR,54.68,2026-09-18,32,Call,55.00,-0.59%,1.3,1.55,1.75,2200,330,6.67,28.03%,25.33%,0.491989,2026-08-17
META,568.97,2026-08-19,2,Put,580.00,+1.94%,12.45,13.15,13.75,1382,208,6.64,33.97%,36.18%,-0.758095,2026-08-17
BRSL,11.57,2026-08-21,4,Call,10.00,+13.57%,1.4,1.53,2.05,1563,236,6.62,33.51%,149.43%,0.843175,2026-08-17
TSLA,339.3,2026-08-19,2,Put,347.50,+2.42%,9.3,9.52,10.25,727,110,6.61,38.67%,45.39%,-0.755143,2026-08-17
AAPL,305.59,2026-08-19,2,Call,295.00,+3.47%,10.1,10.46,11.4,751,114,6.59,23.49%,27.81%,0.958351,2026-08-17
PLTR,172.55,2026-08-28,11,Put,148.00,-14.23%,0.27,0.3,0.33,813,124,6.56,44.58%,53.63%,-0.044019,2026-08-17
NXE,10.75,2026-10-16,60,Call,11.00,-2.33%,0.9,0.95,1.05,1442,220,6.55,60.40%,60.84%,0.521863,2026-08-17
CTSH,56.61,2026-08-21,4,Call,40.00,+29.34%,14.9,16.9,18,850,130,6.54,40.53%,215.92%,0.950345,2026-08-17
VRSN,272.77,2026-09-18,32,Call,280.00,-2.65%,4.7,6.54,8.2,1542,236,6.53,28.86%,28.82%,0.405522,2026-08-17
AMZN,261.31,2026-08-28,11,Put,252.50,-3.37%,1.83,2.1,2.01,1681,258,6.52,28.33%,29.55%,-0.237918,2026-08-17
AMD,506,2026-08-19,2,Call,512.50,-1.28%,5.4,5.65,5.65,1126,173,6.51,54.27%,55.45%,0.387561,2026-08-17
NVDA,225.01,2026-08-24,7,Call,215.00,+4.45%,10.8,10.9,11.15,2439,375,6.5,38.42%,33.16%,0.847775,2026-08-17
GOOGL,344,2026-08-19,2,Put,337.50,-1.89%,0.73,0.73,0.79,865,134,6.46,27.88%,29.31%,-0.184618,2026-08-17
INTC,103.49,2026-08-19,2,Put,96.00,-7.24%,0.17,0.17,0.18,994,154,6.45,65.91%,70.64%,-0.071334,2026-08-17
NXE,10.75,2026-10-16,60,Call,13.00,-20.93%,0.3,0.4,0.45,2013,312,6.45,60.40%,60.32%,0.264348,2026-08-17
AMD,506,2026-08-19,2,Put,500.00,-1.19%,5.2,5.37,5.55,2478,385,6.44,54.27%,54.25%,-0.373948,2026-08-17
ECHO,92.51,2026-08-21,4,Put,86.00,-7.04%,0.05,0.15,0.25,1047,163,6.42,48.68%,48.47%,-0.07067,2026-08-17
SHOP,148.65,2026-08-21,4,Put,142.00,-4.47%,0.51,0.72,0.92,2035,318,6.4,44.95%,48.15%,-0.17352,2026-08-17
CPNG,15.72,2027-01-15,151,Call,16.00,-1.78%,1.95,2,2.08,2075,324,6.4,42.26%,50.47%,0.56237,2026-08-17
MU,1011.75,2026-08-19,2,Call,"1,110.00",-9.71%,1.14,1.23,1.29,1112,174,6.39,64.94%,75.58%,0.052076,2026-08-17
AVGO,392.43,2026-08-19,2,Put,385.00,-1.89%,1.93,2.05,2.32,1034,162,6.38,49.33%,43.59%,-0.269891,2026-08-17
MSTR,97.68,2026-08-28,11,Call,114.00,-16.71%,0.83,0.87,0.92,1034,162,6.38,68.39%,76.91%,0.139543,2026-08-17
DELL,479.81,2026-08-21,4,Call,485.00,-1.08%,11.6,11.75,11.8,1109,174,6.37,79.47%,69.87%,0.45781,2026-08-17
GS,1051.31,2026-08-28,11,Call,"1,100.00",-4.63%,6.65,6.85,7.4,773,122,6.34,29.93%,31.83%,0.217203,2026-08-17
AGNC,10.95,2026-09-11,25,Put,10.50,-4.11%,0.04,0.1,0.12,9158,1445,6.34,19.92%,21.43%,-0.220513,2026-08-17
MSFT,480.35,2026-08-19,2,Put,465.00,-3.20%,0.45,0.45,0.49,1942,308,6.31,26.49%,32.70%,-0.086912,2026-08-17
NOK,10.78,2027-03-19,214,Put,9.00,-16.51%,1.05,1.09,1.16,5004,795,6.29,61.59%,64.70%,-0.260394,2026-08-17
TFC,52.53,2026-10-16,60,Call,55.00,-4.70%,1.15,1.18,1.35,7294,1164,6.27,22.01%,26.32%,0.350285,2026-08-17
PG,143.12,2026-08-28,11,Call,149.00,-4.11%,0.07,0.33,0.37,648,104,6.23,19.17%,18.10%,0.10382,2026-08-17
TSLA,339.3,2026-08-24,7,Call,347.50,-2.42%,3.65,3.8,3.8,716,115,6.23,38.67%,36.89%,0.334222,2026-08-17
SNDK,1786.85,2026-08-21,4,Call,"1,950.00",-9.13%,21.3,22,21.8,2117,340,6.23,86.31%,98.79%,0.214921,2026-08-17
SPCE,3.13,2026-09-04,18,Put,3.50,+11.82%,0.44,0.49,0.61,1126,181,6.22,87.02%,105.64%,-0.638483,2026-08-17
MU,1011.75,2026-08-28,11,Call,"1,020.00",-0.82%,41.95,43.1,43.7,1481,238,6.22,64.94%,65.90%,0.498241,2026-08-17
TSLA,339.3,2026-08-19,2,Call,355.00,-4.63%,0.53,0.54,0.55,9337,1500,6.22,38.67%,46.63%,0.098958,2026-08-17
AAPL,305.59,2026-08-19,2,Call,307.50,-0.63%,1.35,1.37,1.45,17319,2787,6.21,23.49%,24.35%,0.371942,2026-08-17
MU,1011.75,2026-08-19,2,Call,"1,040.00",-2.79%,9.55,9.92,10.55,1908,307,6.21,64.94%,69.95%,0.307741,2026-08-17
CORZ,20.13,2026-10-16,60,Call,25.00,-24.19%,0.82,1,1.12,942,152,6.2,74.13%,74.73%,0.293347,2026-08-17
IONQ,46.84,2026-12-18,123,Call,90.00,-92.14%,1.65,1.95,2.06,2422,391,6.19,80.21%,91.46%,0.17354,2026-08-17
AMGN,419.38,2026-08-21,4,Put,405.00,-3.43%,1.31,1.54,1.84,773,125,6.18,26.10%,36.86%,-0.176987,2026-08-17
PSX,240.55,2026-08-21,4,Call,165.00,+31.41%,73.5,74.5,76.7,2040,330,6.18,36.19%,119.90%,0.99869,2026-08-17
MU,1011.75,2026-08-19,2,Call,"1,075.00",-6.25%,3.3,3.45,3.55,679,110,6.17,64.94%,71.14%,0.13102,2026-08-17
NSC,341.12,2026-08-21,4,Call,350.00,-2.60%,0.65,0.77,1.1,1041,169,6.16,21.18%,25.91%,0.177239,2026-08-17
HD,337.88,2026-08-21,4,Call,362.50,-7.29%,0.7,0.85,0.91,1008,164,6.15,29.29%,50.71%,0.097363,2026-08-17
WMT,114.33,2026-09-25,39,Call,125.00,-9.33%,0.55,1.11,1.25,1426,232,6.15,29.96%,26.83%,0.173721,2026-08-17
SPCX,146.23,2026-08-21,4,Call,162.50,-11.13%,0.72,0.76,0.75,8559,1391,6.15,65.64%,82.96%,0.121633,2026-08-17
SNDK,1786.85,2026-08-21,4,Call,"1,800.00",-0.74%,65.5,66.5,66.8,13903,2259,6.15,86.31%,96.46%,0.492739,2026-08-17
TSLA,339.3,2026-08-24,7,Call,340.00,-0.21%,6.4,6.6,6.65,2106,344,6.12,38.67%,36.01%,0.499028,2026-08-17
TSLA,339.3,2026-08-19,2,Call,340.00,-0.21%,3.8,3.9,3.9,23741,3881,6.12,38.67%,41.47%,0.481924,2026-08-17
CDE,19.31,2026-08-21,4,Put,19.00,-1.61%,0.25,0.35,0.35,780,128,6.09,61.59%,55.03%,-0.376373,2026-08-17
HD,337.88,2026-08-21,4,Call,357.50,-5.81%,1.23,1.4,1.5,1091,179,6.09,29.29%,50.71%,0.150299,2026-08-17
NBIS,268.85,2027-01-15,151,Put,280.00,+4.15%,72.15,72,76,1532,253,6.06,98.97%,102.32%,-0.388623,2026-08-17
MRK,135.97,2026-09-04,18,Call,135.00,+0.71%,3.65,3.85,4,1007,167,6.03,26.36%,27.34%,0.561984,2026-08-17
GME,18.4,2026-10-02,46,Call,29.00,-57.61%,0.11,0.13,0.29,2034,338,6.02,45.88%,85.93%,0.086934,2026-08-17
GILT,11.24,2026-09-18,32,Call,15.00,-33.45%,0.1,0.15,0.2,2404,401,6,59.12%,79.86%,0.125222,2026-08-17
PSX,240.55,2026-08-28,11,Call,210.00,+12.70%,28.5,29.5,31.5,755,126,5.99,36.19%,24.60%,0.998711,2026-08-17
AAOI,154.89,2026-08-21,4,Call,157.50,-1.69%,6.7,7,7.4,869,145,5.99,109.65%,126.77%,0.477437,2026-08-17
AMD,506,2028-01-21,522,Put,185.00,-63.44%,8.55,9.05,10.15,1066,178,5.99,54.27%,66.14%,-0.041605,2026-08-17
AMZN,261.31,2026-08-28,11,Put,247.50,-5.28%,0.98,1.07,1.07,778,130,5.98,28.33%,30.46%,-0.141835,2026-08-17
PZZA,23.23,2028-01-21,522,Call,40.00,-72.19%,1.4,1.45,2,1040,174,5.98,47.73%,53.44%,0.251629,2026-08-17
GOOG,341.45,2026-08-21,4,Call,357.50,-4.70%,0.43,0.43,0.46,5971,998,5.98,27.37%,31.59%,0.086726,2026-08-17
TSLA,339.3,2026-08-19,2,Call,350.00,-3.15%,1.05,1.07,1.07,19658,3303,5.95,38.67%,44.42%,0.178269,2026-08-17
DE,599.92,2026-08-21,4,Put,620.00,+3.35%,24.3,24.41,29.8,708,119,5.95,37.25%,59.02%,-0.69107,2026-08-17
RVMD,212,2028-01-21,522,Put,130.00,-38.68%,11,12.58,15.4,1000,168,5.95,55.55%,57.40%,-0.130553,2026-08-17
ADI,390.28,2026-08-21,4,Put,367.50,-5.84%,2.85,3.75,4.2,695,117,5.94,46.26%,72.90%,-0.203377,2026-08-17
RUN,9.83,2026-09-04,18,Put,11.00,+11.90%,1.23,1.35,1.38,978,165,5.93,67.49%,59.01%,-0.785133,2026-08-17
RDDT,164.5,2026-08-21,4,Call,172.50,-4.86%,2.03,2.17,2.32,1357,229,5.93,59.39%,74.06%,0.284773,2026-08-17
CRWV,106,2028-01-21,522,Put,35.00,-66.98%,3.5,3.9,4.2,7001,1183,5.92,77.82%,87.65%,-0.051699,2026-08-17
APO,134.54,2026-10-16,60,Put,110.00,-18.24%,0.75,0.97,1.2,9017,1524,5.92,35.24%,40.06%,-0.08991,2026-08-17
MU,1011.75,2026-08-28,11,Call,"1,085.00",-7.24%,20.3,20.6,21.45,671,114,5.89,64.94%,67.12%,0.297191,2026-08-17
GOOGL,344,2026-08-19,2,Put,330.00,-4.07%,0.16,0.17,0.19,954,162,5.89,27.88%,34.12%,-0.048029,2026-08-17
WMB,73.45,2026-08-21,4,Put,74.00,+0.75%,0.85,1.02,1.35,684,117,5.85,26.85%,25.95%,-0.601907,2026-08-17
AMD,506,2026-08-24,7,Call,550.00,-8.70%,2.17,2.3,2.5,767,131,5.85,54.27%,51.79%,0.131985,2026-08-17
INTC,103.49,2026-08-19,2,Put,104.00,+0.49%,2.31,2.33,2.36,2300,393,5.85,65.91%,67.86%,-0.527901,2026-08-17
NVDA,225.01,2026-08-19,2,Call,232.50,-3.33%,0.25,0.27,0.27,24129,4125,5.85,38.42%,33.82%,0.098735,2026-08-17
BSX,51.43,2026-08-21,4,Put,51.00,-0.84%,0.5,0.61,0.6,851,146,5.83,36.09%,35.21%,-0.39926,2026-08-17
PONY,7.98,2026-08-21,4,Put,7.00,-12.28%,0.1,0.1,0.12,2227,382,5.83,80.15%,139.75%,-0.165698,2026-08-17
NVDA,225.01,2026-08-19,2,Call,217.50,+3.34%,7.25,8.05,8.15,3581,614,5.83,38.42%,30.95%,0.93328,2026-08-17
SHEL,91.62,2027-03-19,214,Call,95.00,-3.69%,5.4,5.47,5.6,1048,180,5.82,22.39%,24.69%,0.460807,2026-08-17
GRAL,69.95,2026-10-16,60,Put,50.00,-28.52%,1.4,2.55,3.4,656,113,5.81,72.84%,96.36%,-0.142622,2026-08-17
FUBO,10.27,2026-08-21,4,Put,10.00,-2.63%,0.22,0.32,0.3,806,139,5.8,75.11%,90.14%,-0.36951,2026-08-17
CMG,33.76,2026-08-28,11,Put,31.50,-6.69%,0.16,0.2,0.21,1033,178,5.8,35.57%,40.06%,-0.147949,2026-08-17
NVDA,225.01,2026-08-21,4,Call,242.50,-7.77%,0.11,0.12,0.12,15930,2745,5.8,38.42%,38.28%,0.032942,2026-08-17
SPCX,146.23,2026-08-21,4,Put,143.00,-2.21%,2.95,2.96,2.98,4015,693,5.79,65.64%,73.10%,-0.36896,2026-08-17
NBIS,268.85,2026-08-21,4,Call,277.50,-3.22%,9.55,10.13,10.4,1784,310,5.75,98.97%,121.32%,0.427497,2026-08-17
TSM,430.97,2026-08-21,4,Call,447.50,-3.84%,1.46,1.59,1.78,833,145,5.74,35.37%,37.87%,0.178386,2026-08-17
PTEN,12.22,2026-09-18,32,Call,12.00,+1.80%,0.7,0.77,0.95,1136,198,5.74,53.68%,49.82%,0.57664,2026-08-17
WULF,17.6,2026-08-28,11,Call,18.00,-2.27%,0.92,0.92,0.95,4860,847,5.74,87.39%,94.34%,0.465966,2026-08-17
BCS,27.8,2026-10-16,60,Put,24.00,-13.67%,0.15,0.25,0.55,1242,217,5.72,27.27%,37.57%,-0.148841,2026-08-17
AVGO,392.43,2026-08-19,2,Call,400.00,-1.93%,2.1,2.2,2.28,2220,388,5.72,49.33%,43.47%,0.283429,2026-08-17
ONON,31.31,2026-08-28,11,Call,33.00,-5.40%,0.23,0.35,0.48,691,121,5.71,37.60%,43.37%,0.259065,2026-08-17
MOS,21.23,2027-06-17,304,Put,18.00,-15.21%,1.85,2.11,2.15,4117,723,5.69,40.35%,48.51%,-0.269517,2026-08-17
META,568.97,2026-08-21,4,Call,582.50,-2.38%,3.95,4.07,4.1,955,168,5.68,33.97%,38.24%,0.288319,2026-08-17
CSIQ,14.79,2026-11-20,95,Put,10.00,-32.39%,0.55,0.58,0.75,1001,177,5.66,90.51%,94.32%,-0.141816,2026-08-17
SPCE,3.13,2026-09-04,18,Put,3.00,-4.15%,0.13,0.17,0.2,1192,211,5.65,87.02%,83.44%,-0.370848,2026-08-17
MRK,135.97,2026-08-21,4,Put,135.00,-0.71%,0.81,1.09,1.79,959,170,5.64,26.36%,30.91%,-0.404782,2026-08-17
STUB,7.12,2026-08-21,4,Put,12.50,+75.56%,5.1,5.26,5.5,1068,190,5.62,66.47%,247.01%,-0.980515,2026-08-17
AMZN,261.31,2026-08-24,7,Call,265.00,-1.41%,2.25,2.33,2.47,1267,226,5.61,28.33%,26.58%,0.36553,2026-08-17
VRSN,272.77,2026-09-18,32,Call,290.00,-6.32%,2.25,3.72,5.5,1543,275,5.61,28.86%,30.36%,0.270062,2026-08-17
COHR,351.22,2026-08-21,4,Call,355.00,-1.08%,12,12.35,12.9,862,154,5.6,82.24%,96.32%,0.479337,2026-08-17
SNDK,1786.85,2027-01-15,151,Put,210.00,-88.25%,0.25,0.34,1.2,874,156,5.6,86.31%,129.65%,-0.001342,2026-08-17
BAC,63.89,2026-10-16,60,Put,67.50,+5.65%,4.35,4.41,4.6,637,114,5.59,19.97%,22.42%,-0.706702,2026-08-17
META,568.97,2026-08-21,4,Put,572.50,+0.62%,10.4,10.65,10.85,867,155,5.59,33.97%,37.13%,-0.552766,2026-08-17
SNDK,1786.85,2026-08-21,4,Put,"1,800.00",+0.74%,77.4,78,78.7,4295,768,5.59,86.31%,95.68%,-0.507966,2026-08-17
RVMD,212,2026-10-16,60,Call,210.00,+0.94%,18,19.87,20.9,2398,430,5.58,55.55%,52.31%,0.571227,2026-08-17
DOCN,135.28,2026-09-18,32,Call,140.00,-3.49%,10.2,11.88,11.4,623,112,5.56,77.99%,79.17%,0.49392,2026-08-17
RDDT,164.5,2026-08-21,4,Call,167.50,-1.82%,3.5,3.67,3.95,673,121,5.56,59.39%,72.98%,0.423404,2026-08-17
YPF,52.7,2026-10-16,60,Call,55.00,-4.36%,2.4,2.55,2.6,15228,2740,5.56,38.79%,39.59%,0.43619,2026-08-17
NVDA,225.01,2026-08-19,2,Put,220.00,-2.23%,0.49,0.52,0.52,14690,2655,5.53,38.42%,32.69%,-0.171282,2026-08-17
PSX,240.55,2026-08-21,4,Call,205.00,+14.78%,33.5,34.56,36.8,580,105,5.52,36.19%,49.91%,0.998767,2026-08-17
AEM,188.78,2026-08-21,4,Call,192.50,-1.97%,1.75,2.05,2.85,568,103,5.51,44.71%,48.48%,0.361851,2026-08-17
TSLA,339.3,2026-08-19,2,Call,365.00,-7.57%,0.17,0.18,0.19,3336,607,5.5,38.67%,53.47%,0.034401,2026-08-17
AAOI,154.89,2026-08-21,4,Put,160.00,+3.30%,10.3,11.37,12,724,132,5.48,109.65%,127.60%,-0.569061,2026-08-17
MU,1011.75,2026-08-21,4,Call,"1,130.00",-11.69%,2.78,2.97,2.97,3993,729,5.48,64.94%,73.89%,0.082972,2026-08-17
SPCX,146.23,2026-08-28,11,Put,148.00,+1.21%,7.55,7.69,7.85,1509,276,5.47,65.64%,67.35%,-0.514876,2026-08-17
CLOV,4.27,2026-08-28,11,Put,4.00,-6.32%,0.03,0.11,0.1,3090,565,5.47,59.25%,58.58%,-0.241129,2026-08-17
BE,232.16,2026-08-21,4,Call,242.50,-4.45%,5.75,5.85,5.85,966,177,5.46,93.15%,102.06%,0.362874,2026-08-17
BSX,51.43,2026-08-21,4,Put,52.00,+1.11%,0.95,1.05,1.3,2024,371,5.46,36.09%,37.95%,-0.598863,2026-08-17
MU,1011.75,2026-08-21,4,Call,"1,070.00",-5.76%,9.6,10,10.3,7080,1300,5.45,64.94%,70.31%,0.236233,2026-08-17
AMD,506,2026-08-19,2,Call,530.00,-4.74%,1.53,1.53,1.56,2045,378,5.41,54.27%,57.32%,0.143117,2026-08-17
RDDT,164.5,2026-08-21,4,Put,172.50,+4.86%,9.4,9.29,10.9,789,146,5.4,59.39%,74.66%,-0.714163,2026-08-17
SNDK,1786.85,2026-08-21,4,Call,"1,760.00",+1.50%,85.3,84,86.6,2305,428,5.39,86.31%,96.38%,0.581011,2026-08-17
MRNA,64.46,2026-08-28,11,Call,66.00,-2.39%,2.21,2.75,2.68,775,144,5.38,67.75%,69.24%,0.449373,2026-08-17
PSX,240.55,2026-08-21,4,Call,195.00,+18.94%,43.7,45.23,46.6,2049,381,5.38,36.19%,68.42%,0.998272,2026-08-17
PSX,240.55,2026-09-18,32,Call,165.00,+31.41%,73.5,74.54,77,1020,190,5.37,36.19%,40.00%,0.997605,2026-08-17
MU,1011.75,2026-08-19,2,Put,935.00,-7.59%,1.37,1.5,1.61,1327,247,5.37,64.94%,71.08%,-0.063107,2026-08-17
GOOG,341.45,2026-08-21,4,Call,230.00,+32.64%,110.2,111.6,113.05,584,109,5.36,27.37%,151.94%,0.994821,2026-08-17
NBIS,268.85,2026-08-21,4,Call,355.00,-32.04%,0.29,0.35,0.53,632,118,5.36,98.97%,135.13%,0.029292,2026-08-17
GME,18.4,2026-08-28,11,Call,17.50,+4.89%,0.77,0.99,1.61,631,118,5.35,45.88%,53.10%,0.718681,2026-08-17
AAPL,305.59,2026-08-19,2,Call,302.50,+1.01%,4,4,4.4,4048,756,5.35,23.49%,25.54%,0.711064,2026-08-17
QSR,77.16,2026-10-16,60,Call,77.50,-0.44%,2.4,2.7,2.7,603,113,5.34,23.09%,21.65%,0.497889,2026-08-17
TSLA,339.3,2026-08-21,4,Put,337.50,-0.53%,4.85,4.85,4.95,4388,822,5.34,38.67%,41.12%,-0.43932,2026-08-17
BRK.B,498.23,2026-08-28,11,Put,507.50,+1.86%,9.35,9.35,10.85,565,106,5.33,13.68%,12.27%,-0.80375,2026-08-17
NXE,10.75,2026-11-20,95,Call,11.00,-2.33%,1.25,1.35,1.35,6047,1134,5.33,60.40%,62.43%,0.547174,2026-08-17
NVDA,225.01,2026-08-19,2,Call,235.00,-4.44%,0.13,0.14,0.14,15894,2990,5.32,38.42%,36.01%,0.053739,2026-08-17
IONQ,46.84,2026-08-21,4,Call,51.00,-8.88%,0.44,0.41,0.52,2658,500,5.32,80.21%,91.24%,0.200731,2026-08-17
INTC,103.49,2026-08-19,2,Put,105.00,+1.46%,2.89,2.87,2.97,2121,400,5.3,65.91%,68.19%,-0.602244,2026-08-17
AMAT,535.31,2026-10-16,60,Call,"1,000.00",-86.81%,1,1.22,2.06,684,130,5.26,57.13%,73.87%,0.02752,2026-08-17
GRRR,14.95,2026-08-21,4,Call,16.50,-10.37%,0.3,0.36,0.4,546,104,5.25,103.26%,140.94%,0.276839,2026-08-17
PSX,240.55,2026-08-21,4,Call,200.00,+16.86%,38.5,39.5,41.3,2606,497,5.24,36.19%,59.17%,0.998478,2026-08-17
AMZN,261.31,2026-08-21,4,Call,262.50,-0.46%,2.81,2.87,2.88,7246,1382,5.24,28.33%,30.73%,0.455084,2026-08-17
NVDA,225.01,2026-08-19,2,Put,217.50,-3.34%,0.24,0.25,0.26,7868,1503,5.23,38.42%,34.93%,-0.091413,2026-08-17
MNKD,3.9,2026-10-02,46,Call,1.00,+74.36%,2.7,3.02,5,1569,300,5.23,63.38%,"1,251.40%",0.994278,2026-08-17
LLY,1183.16,2026-12-18,123,Put,320.00,-72.95%,0.01,0.13,0.38,2282,436,5.23,30.81%,80.34%,-0.001111,2026-08-17
AMZN,261.31,2026-08-19,2,Put,262.50,+0.46%,2.9,2.96,3.1,2713,521,5.21,28.33%,30.83%,-0.571872,2026-08-17
PSX,240.55,2026-09-18,32,Call,185.00,+23.09%,53.5,54.8,57.2,1315,253,5.2,36.19%,30.51%,0.996666,2026-08-17
SLI,2.29,2026-09-18,32,Put,2.50,+9.17%,0.25,0.3,0.45,4273,822,5.2,77.63%,83.28%,-0.588801,2026-08-17
CBRS,251.98,2026-08-21,4,Put,240.00,-4.75%,6,6.9,7.2,528,102,5.18,98.77%,113.54%,-0.318391,2026-08-17
GOOGL,344,2026-08-19,2,Put,335.00,-2.62%,0.43,0.45,0.47,1232,238,5.18,27.88%,30.58%,-0.116977,2026-08-17
JCI,153.92,2026-09-18,32,Put,145.00,-5.80%,2,2.01,2.35,1534,296,5.18,29.83%,31.93%,-0.241687,2026-08-17
APLD,31.18,2026-09-04,18,Call,36.00,-15.46%,0.71,0.89,1,1710,330,5.18,85.82%,86.40%,0.259782,2026-08-17
CRCL,74.59,2026-09-11,25,Put,66.00,-11.52%,1.97,2.12,2.4,1219,236,5.17,78.47%,74.98%,-0.231872,2026-08-17
GOOG,341.45,2026-08-21,4,Call,235.00,+31.18%,104.6,106.39,108.15,604,117,5.16,27.37%,111.64%,0.999409,2026-08-17
ORCL,146.65,2026-09-11,25,Call,190.00,-29.56%,1.5,1.71,1.75,3155,612,5.16,68.76%,77.34%,0.12077,2026-08-17
DKNG,25.3,2026-09-11,25,Call,28.00,-10.67%,0.02,0.43,0.64,530,103,5.15,47.41%,43.95%,0.211134,2026-08-17
AAPL,305.59,2026-08-19,2,Call,312.50,-2.26%,0.31,0.34,0.36,7375,1431,5.15,23.49%,25.29%,0.119927,2026-08-17
WDAY,191.18,2026-08-21,4,Put,180.00,-5.85%,0.4,0.55,1.7,1341,261,5.14,56.21%,60.28%,-0.160537,2026-08-17
TGT,151.01,2026-08-28,11,Put,135.00,-10.60%,0.59,0.85,0.95,605,118,5.13,41.00%,54.34%,-0.107907,2026-08-17
TGT,151.01,2026-08-28,11,Put,144.00,-4.64%,2.47,2.65,3.1,532,104,5.12,41.00%,55.03%,-0.291912,2026-08-17
USB,64.87,2026-10-16,60,Call,72.50,-11.76%,0.19,0.35,0.43,796,156,5.1,19.63%,21.88%,0.114624,2026-08-17
INTC,103.49,2026-08-19,2,Call,109.00,-5.32%,0.45,0.46,0.47,1588,312,5.09,65.91%,69.98%,0.165465,2026-08-17
MO,63.96,2026-08-21,4,Put,64.00,+0.06%,0.6,0.64,0.75,5380,1057,5.09,26.35%,24.15%,-0.509291,2026-08-17
PATH,15.99,2026-08-28,11,Put,14.50,-9.32%,0.13,0.19,0.25,1231,243,5.07,84.94%,66.37%,-0.18005,2026-08-17
NKE,39.09,2026-08-21,4,Put,38.50,-1.51%,0.31,0.33,0.33,3024,596,5.07,33.47%,34.95%,-0.332508,2026-08-17
MRAM,19.85,2026-08-21,4,Call,22.50,-13.35%,0.25,0.25,0.3,2227,440,5.06,100.32%,129.30%,0.196192,2026-08-17
AMD,506,2026-08-19,2,Call,550.00,-8.70%,0.26,0.26,0.34,2811,557,5.05,54.27%,60.80%,0.033942,2026-08-17
MU,1011.75,2026-08-21,4,Call,"1,090.00",-7.73%,6.35,6.6,6.8,3794,752,5.05,64.94%,71.15%,0.169068,2026-08-17
WDAY,191.18,2026-08-21,4,Put,185.00,-3.23%,1.05,1.85,2.15,838,167,5.02,56.21%,50.50%,-0.256318,2026-08-17
META,568.97,2026-08-21,4,Put,680.00,+19.51%,108.2,111.64,114.65,1074,214,5.02,33.97%,86.82%,-0.97372,2026-08-17
SPCX,146.23,2026-08-21,4,Call,152.50,-4.29%,2.33,2.37,2.35,10330,2061,5.01,65.64%,77.35%,0.31805,2026-08-17
AMZN,261.31,2026-08-19,2,Call,272.50,-4.28%,0.15,0.15,0.16,2076,415,5,28.33%,34.92%,0.05463,2026-08-17
CVNA,70.09,2026-08-28,11,Call,66.00,+5.84%,5.2,5.48,5.55,654,131,4.99,54.04%,59.89%,0.739214,2026-08-17
AMTX,1.8,2028-01-21,522,Call,7.5000,-316.67%,0.4,0.45,0.5,2099,421,4.99,120.69%,126.29%,0.43983,2026-08-17
MRVL,234.33,2026-08-21,4,Call,267.50,-14.16%,0.61,0.64,0.7,593,119,4.98,80.94%,84.35%,0.073407,2026-08-17
HD,337.88,2026-08-21,4,Put,322.50,-4.55%,1.49,1.73,1.75,737,148,4.98,29.29%,48.46%,-0.172145,2026-08-17
AMD,506,2026-08-19,2,Call,542.50,-7.21%,0.47,0.63,0.62,676,136,4.97,54.27%,59.02%,0.058441,2026-08-17
AAOI,154.89,2026-08-21,4,Put,122.00,-21.23%,0.05,0.28,0.6,609,123,4.95,109.65%,132.21%,-0.036208,2026-08-17
AMZN,261.31,2026-08-24,7,Put,260.00,-0.50%,3,3.27,3.25,852,172,4.95,28.33%,26.50%,-0.432264,2026-08-17
MCD,265.53,2026-08-21,4,Call,267.50,-0.74%,1.54,1.81,1.88,1034,209,4.95,20.23%,23.06%,0.3857,2026-08-17
NOW,117.7,2026-08-21,4,Call,123.00,-4.50%,0.98,1.04,1.09,1345,274,4.91,52.24%,58.63%,0.248091,2026-08-17
META,568.97,2026-08-19,2,Call,602.50,-5.89%,0.25,0.26,0.32,544,111,4.9,33.97%,43.41%,0.039167,2026-08-17
SNDK,1786.85,2026-08-21,4,Put,"1,660.00",-7.10%,22.3,23.14,23.5,578,118,4.9,86.31%,95.41%,-0.214523,2026-08-17
NKE,39.09,2026-09-11,25,Call,40.00,-2.33%,0.85,0.86,0.88,1429,292,4.89,33.47%,30.89%,0.401272,2026-08-17
SKHY,171.38,2026-10-16,60,Call,165.00,+3.72%,25.1,26.55,26.7,2553,522,4.89,79.38%,81.54%,0.617346,2026-08-17
META,568.97,2026-08-21,4,Call,595.00,-4.57%,1.72,1.76,1.79,10882,2229,4.88,33.97%,39.61%,0.146955,2026-08-17
AAPL,305.59,2026-08-19,2,Call,300.00,+1.83%,5.95,5.95,6.3,2523,518,4.87,23.49%,25.39%,0.841696,2026-08-17
CTSH,56.61,2026-08-21,4,Call,45.00,+20.51%,9.9,12.3,12.7,4098,845,4.85,40.53%,196.45%,0.888504,2026-08-17
META,568.97,2026-08-19,2,Put,590.00,+3.70%,19.2,21.85,23,614,127,4.83,33.97%,25.85%,-0.97403,2026-08-17
SONY,23.7,2026-12-18,123,Call,27.50,-16.03%,0.6,0.6,0.65,1612,334,4.83,27.06%,32.15%,0.256875,2026-08-17
SNDK,1786.85,2026-08-21,4,Put,"1,560.00",-12.70%,7.2,7.3,7.5,669,139,4.81,86.31%,97.98%,-0.084017,2026-08-17
AVGO,392.43,2026-08-19,2,Put,390.00,-0.62%,3.6,3.67,3.9,1077,224,4.81,49.33%,42.36%,-0.413635,2026-08-17
NVDA,225.01,2026-08-19,2,Call,230.00,-2.22%,0.52,0.52,0.55,52135,10863,4.8,38.42%,32.27%,0.184325,2026-08-17
BE,232.16,2026-08-21,4,Call,262.50,-13.07%,1.75,1.79,1.82,656,137,4.79,93.15%,104.55%,0.143674,2026-08-17
SPCX,146.23,2026-08-28,11,Put,160.00,+9.42%,15.85,16.2,16.9,1016,212,4.79,65.64%,72.96%,-0.740088,2026-08-17
PSX,240.55,2026-08-21,4,Call,155.00,+35.56%,83.5,84.56,86.5,1131,237,4.77,36.19%,127.27%,0.999402,2026-08-17
HIMS,28.61,2026-08-21,4,Call,28.50,+0.38%,0.88,0.92,0.99,1504,315,4.77,68.70%,73.24%,0.537356,2026-08-17
DIS,103.5,2026-10-16,60,Put,100.00,-3.38%,2.13,2.15,2.25,13579,2849,4.77,22.99%,22.72%,-0.331491,2026-08-17
CRM,190.97,2026-08-21,4,Put,187.50,-1.82%,1.79,1.95,2.02,2433,511,4.76,48.69%,42.75%,-0.330686,2026-08-17
SPCX,146.23,2026-08-21,4,Call,142.00,+2.89%,6.8,6.9,7.1,4414,927,4.76,65.64%,74.55%,0.662863,2026-08-17
LRCX,343.84,2026-08-21,4,Put,302.50,-12.02%,0.54,0.7,0.83,775,163,4.75,61.75%,78.83%,-0.05507,2026-08-17
GME,18.4,2026-08-28,11,Call,18.00,+2.17%,0.53,0.62,0.78,681,144,4.73,45.88%,34.90%,0.646826,2026-08-17
CORZ,20.13,2026-10-16,60,Call,24.00,-19.23%,0.89,1.23,1.38,761,161,4.73,74.13%,72.99%,0.335175,2026-08-17
MSTR,97.68,2026-08-21,4,Call,117.00,-19.78%,0.15,0.16,0.24,1407,299,4.71,68.39%,100.03%,0.047726,2026-08-17
GOOGL,344,2026-08-19,2,Put,340.00,-1.16%,1.2,1.3,1.37,2133,453,4.71,27.88%,28.41%,-0.282812,2026-08-17
DIS,103.5,2026-08-21,4,Put,101.00,-2.42%,0.2,0.24,0.25,841,179,4.7,22.99%,24.05%,-0.161761,2026-08-17
KLAR,19.51,2026-08-21,4,Put,19.00,-2.61%,1.15,1.24,1.3,708,151,4.69,84.98%,183.00%,-0.406793,2026-08-17
TSLA,339.3,2026-08-24,7,Call,342.50,-0.94%,5.4,5.5,5.55,843,180,4.68,38.67%,36.41%,0.441499,2026-08-17
AAPL,305.59,2026-09-25,39,Call,300.00,+1.83%,12.55,13.59,13.6,1555,332,4.68,23.49%,23.79%,0.62622,2026-08-17
NKE,39.09,2026-08-21,4,Call,40.50,-3.61%,0.15,0.16,0.16,4392,938,4.68,33.47%,37.44%,0.187772,2026-08-17
META,568.97,2026-09-25,39,Call,650.00,-14.24%,4.55,4.84,5,500,107,4.67,33.97%,35.75%,0.146658,2026-08-17
AXTI,95.97,2026-12-18,123,Put,55.00,-42.69%,7.1,7.4,8.2,625,134,4.66,131.82%,136.95%,-0.133149,2026-08-17
SPCX,146.23,2027-02-19,186,Put,135.00,-7.68%,19.3,19.61,20.2,1247,268,4.65,65.64%,66.05%,-0.331102,2026-08-17
CGNX,66.6,2026-09-18,32,Call,70.00,-5.11%,2.35,2.47,2.65,3235,700,4.62,49.54%,48.40%,0.398705,2026-08-17
META,568.97,2026-08-21,4,Put,690.00,+21.27%,117.65,123.05,125.05,673,146,4.61,33.97%,90.38%,-0.978239,2026-08-17
SCHW,110.58,2026-08-21,4,Call,113.00,-2.19%,0.22,0.29,0.28,699,152,4.6,21.78%,22.15%,0.181293,2026-08-17
TSLA,339.3,2026-08-19,2,Call,357.50,-5.36%,0.39,0.41,0.41,2040,443,4.6,38.67%,48.21%,0.074808,2026-08-17
EQNR,41.82,2026-10-16,60,Call,47.00,-12.39%,0.75,0.85,1.1,587,128,4.59,37.66%,38.68%,0.253646,2026-08-17
VUZI,3.09,2026-08-21,4,Call,3.00,+2.91%,0.2,0.27,0.3,10983,2393,4.59,133.67%,158.39%,0.603957,2026-08-17
AMZN,261.31,2026-08-19,2,Call,267.50,-2.37%,0.54,0.54,0.55,4871,1066,4.57,28.33%,32.06%,0.166955,2026-08-17
RKLB,82.08,2026-09-04,18,Put,85.00,+3.56%,6.4,7.54,7.6,880,193,4.56,78.49%,74.37%,-0.548278,2026-08-17
AAOI,154.89,2026-08-21,4,Call,180.00,-16.21%,1.6,1.74,1.8,6428,1412,4.55,109.65%,133.80%,0.158681,2026-08-17
SNDK,1786.85,2026-08-21,4,Put,"1,720.00",-3.74%,40.5,41,41.7,659,145,4.54,86.31%,95.25%,-0.33151,2026-08-17
SPCX,146.23,2026-08-28,11,Call,148.00,-1.21%,6.15,6.25,6.25,1507,332,4.54,65.64%,68.54%,0.487054,2026-08-17
PSX,240.55,2026-08-21,4,Call,190.00,+21.01%,48.5,50,51.4,1548,341,4.54,36.19%,77.80%,0.998121,2026-08-17
VALE,13.75,2026-09-25,39,Call,14.00,-1.82%,0.19,0.48,0.52,516,114,4.53,29.69%,27.98%,0.413927,2026-08-17
SMCI,38.28,2026-09-11,25,Put,30.00,-21.63%,0.27,0.31,0.35,1525,337,4.53,73.95%,73.57%,-0.084711,2026-08-17
TSLA,339.3,2026-08-21,4,Call,337.50,+0.53%,6.9,6.91,7.05,6917,1526,4.53,38.67%,42.17%,0.560246,2026-08-17
CTSH,56.61,2026-08-21,4,Call,47.50,+16.09%,9,9.5,11.2,8223,1816,4.53,40.53%,184.46%,0.84259,2026-08-17
CROX,129.97,2026-09-18,32,Put,130.00,+0.02%,5.2,6.6,6.6,601,133,4.52,42.21%,39.58%,-0.469156,2026-08-17
NBIS,268.85,2026-08-21,4,Put,277.50,+3.22%,18,19,18.95,658,146,4.51,98.97%,120.88%,-0.573238,2026-08-17
PSX,240.55,2026-09-18,32,Call,160.00,+33.49%,79.3,79.1,82.2,1530,339,4.51,36.19%,59.57%,0.99026,2026-08-17
MU,1011.75,2026-08-19,2,Put,925.00,-8.57%,0.99,1.12,1.12,675,150,4.5,64.94%,73.10%,-0.0458,2026-08-17
PSX,240.55,2026-09-18,32,Call,180.00,+25.17%,58.5,59.7,62.2,1054,235,4.49,36.19%,32.02%,0.997267,2026-08-17
MU,1011.75,2026-08-21,4,Put,"1,010.00",-0.17%,27,27.01,27.75,1487,331,4.49,64.94%,67.33%,-0.474363,2026-08-17
CCL,27.73,2026-12-18,123,Put,27.00,-2.63%,2.16,2.3,2.4,15044,3353,4.49,38.48%,42.88%,-0.399582,2026-08-17
CELH,29.94,2026-09-04,18,Call,33.00,-10.22%,0.32,0.59,0.75,725,162,4.48,55.24%,57.82%,0.2487,2026-08-17
AAPL,305.59,2026-08-19,2,Put,295.00,-3.47%,0.08,0.1,0.1,2609,582,4.48,23.49%,26.91%,-0.036803,2026-08-17
AAP,56.72,2026-09-04,18,Put,54.00,-4.80%,2.45,3,3.9,514,115,4.47,69.66%,90.39%,-0.363261,2026-08-17
CELH,29.94,2028-01-21,522,Call,65.00,-117.10%,2.09,2.85,4.1,576,129,4.47,55.24%,65.24%,0.298434,2026-08-17
SNDK,1786.85,2026-08-21,4,Call,"1,900.00",-6.33%,31.8,31.9,32.1,8560,1917,4.47,86.31%,97.71%,0.292776,2026-08-17
SNDK,1786.85,2026-08-21,4,Call,"2,050.00",-14.73%,9.6,9.8,9.9,1163,261,4.46,86.31%,102.32%,0.110203,2026-08-17
NVDA,225.01,2026-08-21,4,Put,245.00,+8.88%,19.4,19.89,20.8,814,183,4.45,38.42%,45.15%,-0.964623,2026-08-17
NVDA,225.01,2026-08-19,2,Call,205.00,+8.89%,19.65,19.92,20.5,710,160,4.44,38.42%,54.29%,0.990375,2026-08-17
PONY,7.98,2026-08-21,4,Call,8.00,-0.25%,0.4,0.47,0.53,1110,250,4.44,80.15%,142.02%,0.523991,2026-08-17
NNE,19.59,2026-09-18,32,Call,25.00,-27.62%,0.45,0.5,0.55,1212,273,4.44,82.79%,84.94%,0.202983,2026-08-17
SNDK,1786.85,2026-08-21,4,Put,"1,820.00",+1.86%,87.7,91,92.4,558,126,4.43,86.31%,96.50%,-0.5511,2026-08-17
GOOG,341.45,2026-10-16,60,Put,365.00,+6.90%,29,29.68,29.8,3004,678,4.43,27.37%,28.26%,-0.694316,2026-08-17
RUN,9.83,2026-09-11,25,Call,10.00,-1.73%,0.45,0.56,0.76,544,123,4.42,67.49%,65.38%,0.499943,2026-08-17
BKNG,204.76,2026-08-28,11,Put,210.00,+2.56%,6.9,7.95,8.7,511,116,4.41,31.19%,33.69%,-0.65307,2026-08-17
CAT,881.65,2026-08-21,4,Put,875.00,-0.75%,9.3,12.1,13.25,541,123,4.4,37.42%,39.45%,-0.416595,2026-08-17
XYZ,80.2,2026-12-18,123,Call,115.00,-43.39%,0.81,0.91,1.14,942,214,4.4,35.16%,44.06%,0.109259,2026-08-17
PINS,23.07,2026-08-28,11,Put,22.50,-2.47%,0.36,0.38,0.4,724,165,4.39,40.53%,40.11%,-0.341825,2026-08-17
AMD,506,2026-08-19,2,Call,510.00,-0.79%,6.4,6.6,6.7,2892,659,4.39,54.27%,55.71%,0.434257,2026-08-17
AXP,336.21,2027-02-19,186,Put,300.00,-10.77%,10.3,10.32,10.6,662,151,4.38,23.18%,28.65%,-0.235241,2026-08-17
RTX,221.64,2026-08-21,4,Call,235.00,-6.03%,0.1,0.12,0.15,573,131,4.37,23.02%,31.91%,0.041999,2026-08-17
PSX,240.55,2026-09-18,32,Call,150.00,+37.64%,88.5,89.55,92.2,510,117,4.36,36.19%,46.02%,0.998116,2026-08-17
HOOD,96.25,2026-08-28,11,Call,94.00,+2.34%,4.8,5.1,5.4,974,224,4.35,57.34%,57.87%,0.616618,2026-08-17
PSX,240.55,2026-08-21,4,Call,170.00,+29.33%,68.5,69.56,71.3,1022,235,4.35,36.19%,108.86%,0.998815,2026-08-17
PSX,240.55,2026-08-21,4,Call,180.00,+25.17%,58.5,60.1,61.4,3712,856,4.34,36.19%,86.57%,0.999185,2026-08-17
BIDU,104.12,2026-08-28,11,Call,140.00,-34.46%,0.06,0.15,0.35,2044,472,4.33,50.94%,89.30%,0.033982,2026-08-17
META,568.97,2026-08-24,7,Call,600.00,-5.45%,1.75,1.75,2.25,990,229,4.32,33.97%,34.95%,0.1445,2026-08-17
PLTR,172.55,2027-12-17,487,Call,185.00,-7.22%,43.75,44.2,44.3,3159,731,4.32,44.58%,57.66%,0.621605,2026-08-17
AVGO,392.43,2026-08-19,2,Call,395.00,-0.65%,3.7,3.8,3.95,1091,253,4.31,49.33%,42.82%,0.426606,2026-08-17
SNDK,1786.85,2026-08-21,4,Put,"1,580.00",-11.58%,9.2,9.3,9.5,593,138,4.3,86.31%,97.24%,-0.10327,2026-08-17
NBIS,268.85,2026-08-21,4,Call,292.50,-8.80%,5.25,5.46,5.75,684,159,4.3,98.97%,122.08%,0.276658,2026-08-17
NVDA,225.01,2026-08-24,7,Put,212.50,-5.56%,0.43,0.46,0.47,1672,389,4.3,38.42%,32.24%,-0.094041,2026-08-17
EOSE,3.93,2026-09-11,25,Call,1.50,+61.83%,2.23,2.47,2.59,4439,1032,4.3,102.32%,235.49%,0.96961,2026-08-17
CTSH,56.61,2026-08-21,4,Call,52.50,+7.26%,3.5,4.5,5.5,8165,1900,4.3,40.53%,75.03%,0.841336,2026-08-17
CRCL,74.59,2026-11-20,95,Put,60.00,-19.56%,4.55,4.89,5.15,785,183,4.29,78.47%,79.79%,-0.223944,2026-08-17
PSX,240.55,2026-08-21,4,Call,185.00,+23.09%,53.5,54.5,57.1,3063,715,4.28,36.19%,74.11%,0.999462,2026-08-17
FRSH,12.33,2026-11-20,95,Call,12.50,-1.38%,1.2,1.5,1.55,2039,478,4.27,50.24%,55.78%,0.551467,2026-08-17
OMC,85.46,2026-10-16,60,Call,87.50,-2.39%,2.7,3.21,3.6,580,136,4.26,29.18%,29.36%,0.442871,2026-08-17
T,24.68,2026-08-28,11,Put,24.50,-0.73%,0.24,0.33,0.33,911,214,4.26,25.52%,21.49%,-0.416808,2026-08-17
AAPL,305.59,2026-08-26,9,Call,305.00,+0.19%,4.55,4.64,4.95,710,167,4.25,23.49%,22.60%,0.537793,2026-08-17
META,568.97,2026-08-19,2,Call,592.50,-4.14%,0.68,0.69,0.75,1085,255,4.25,33.97%,40.45%,0.09134,2026-08-17
HST,22.81,2027-01-15,151,Put,22.28,-2.32%,1.15,1.4,1.9,3156,744,4.24,26.18%,22.79%,-0.499898,2026-08-17
AMD,506,2026-08-19,2,Call,527.50,-4.25%,1.79,1.88,1.95,512,121,4.23,54.27%,56.89%,0.167895,2026-08-17
DE,599.92,2026-08-21,4,Put,570.00,-4.99%,2.5,3.43,4.9,728,172,4.23,37.25%,56.67%,-0.185007,2026-08-17
TSLA,339.3,2026-11-20,95,Put,195.00,-42.53%,0.67,0.74,0.82,1144,271,4.22,38.67%,57.04%,-0.018726,2026-08-17
CRWV,106,2026-08-21,4,Call,109.00,-2.83%,2.59,2.75,2.75,1248,296,4.22,77.82%,88.59%,0.401165,2026-08-17
SNDK,1786.85,2026-08-21,4,Call,"1,830.00",-2.41%,53.3,53.75,54.5,1149,273,4.21,86.31%,96.94%,0.428375,2026-08-17
LITE,968.9,2026-08-21,4,Put,930.00,-4.01%,18.4,18.45,22.2,1241,295,4.21,82.06%,92.43%,-0.317213,2026-08-17
AMD,506,2027-03-19,214,Call,660.00,-30.43%,50.05,51.55,52.25,2022,480,4.21,54.27%,61.42%,0.389685,2026-08-17
SPCX,146.23,2026-08-21,4,Put,129.00,-11.78%,0.26,0.25,0.28,5913,1404,4.21,65.64%,76.25%,-0.053142,2026-08-17
SNDK,1786.85,2026-08-21,4,Call,"2,110.00",-18.08%,6,6.19,6.3,612,146,4.19,86.31%,105.09%,0.073189,2026-08-17
CBRS,251.98,2026-08-21,4,Call,235.00,+6.74%,19.9,22.8,24.9,766,183,4.19,98.77%,117.93%,0.735697,2026-08-17
GOOGL,344,2026-09-25,39,Call,360.00,-4.65%,6.7,6.8,7.45,818,195,4.19,27.88%,28.67%,0.344898,2026-08-17
GLXY,21.87,2026-09-04,18,Call,25.00,-14.31%,0.6,0.7,0.79,2496,595,4.19,81.34%,89.02%,0.284747,2026-08-17
BB,8.73,2026-10-02,46,Call,9.00,-3.09%,0.7,0.81,0.95,1200,287,4.18,61.64%,74.84%,0.514271,2026-08-17
CTSH,56.61,2026-08-21,4,Call,50.00,+11.68%,6.1,7.15,7.4,5147,1230,4.18,40.53%,79.89%,0.936542,2026-08-17
HOOD,96.25,2026-08-21,4,Put,96.00,-0.26%,2.34,2.35,2.41,1905,457,4.17,57.34%,62.66%,-0.469161,2026-08-17
RKLB,82.08,2026-08-21,4,Call,88.00,-7.21%,0.98,1.05,1.12,2469,592,4.17,78.49%,89.00%,0.24299,2026-08-17
KO,86.98,2027-02-19,186,Put,80.00,-8.02%,2.1,2.14,2.2,2925,702,4.17,18.33%,21.47%,-0.250211,2026-08-17
APLD,31.18,2026-08-21,4,Call,32.00,-2.63%,0.86,0.9,0.92,10105,2424,4.17,85.82%,95.00%,0.417872,2026-08-17
INTC,103.49,2026-08-19,2,Put,98.00,-5.30%,0.37,0.38,0.38,1392,335,4.16,65.91%,69.05%,-0.136738,2026-08-17
ABVX,120.73,2026-09-18,32,Put,105.00,-13.03%,2.05,2.9,3.6,543,131,4.15,64.63%,64.49%,-0.200004,2026-08-17
HD,337.88,2026-08-21,4,Put,317.50,-6.03%,0.83,0.83,0.97,767,185,4.15,29.29%,48.78%,-0.10641,2026-08-17
AMZN,261.31,2026-08-21,4,Call,242.50,+7.20%,18.6,18.33,19.35,1887,455,4.15,28.33%,35.00%,0.980673,2026-08-17
MP,58.51,2026-08-21,4,Call,66.00,-12.80%,0.13,0.13,0.22,571,138,4.14,66.85%,79.78%,0.081373,2026-08-17
REGN,805.93,2026-08-21,4,Call,600.00,+25.55%,201.6,208.7,210,1560,377,4.14,26.20%,171.16%,0.958875,2026-08-17
PSX,240.55,2026-08-21,4,Call,210.00,+12.70%,28.5,29.6,31.1,3152,762,4.14,36.19%,40.18%,0.999199,2026-08-17
IONQ,46.84,2026-08-21,4,Put,45.50,-2.86%,0.99,1.12,1.1,537,130,4.13,80.21%,84.81%,-0.353764,2026-08-17
SNOW,330.11,2026-08-28,11,Call,340.00,-3.00%,6.7,7.46,7.75,755,183,4.13,68.42%,48.98%,0.385206,2026-08-17
AMD,506,2026-08-28,11,Call,565.00,-11.66%,3.15,3.9,4,1231,298,4.13,54.27%,56.87%,0.145312,2026-08-17
BABA,124.71,2026-08-28,11,Call,133.00,-6.65%,2.11,2.12,2.35,593,144,4.12,47.25%,60.44%,0.287494,2026-08-17
MU,1011.75,2026-08-21,4,Put,"1,020.00",+0.82%,32.15,32.65,33.4,2718,662,4.11,64.94%,67.56%,-0.529941,2026-08-17
AMD,506,2027-01-15,151,Call,770.00,-52.17%,18.55,19.7,20.05,1029,251,4.1,54.27%,61.44%,0.204772,2026-08-17
AMD,506,2027-09-17,396,Put,330.00,-34.78%,32.2,33.4,35.15,1266,309,4.1,54.27%,61.26%,-0.147843,2026-08-17
SNDK,1786.85,2026-08-28,11,Call,"2,200.00",-23.12%,16.2,16.1,18.9,609,149,4.09,86.31%,96.92%,0.125944,2026-08-17
NVDA,225.01,2026-08-19,2,Call,210.00,+6.67%,14.8,15.13,16.2,1723,421,4.09,38.42%,69.18%,0.915757,2026-08-17
RLAY,20.67,2027-03-19,214,Call,17.00,+17.76%,6,6.9,8.2,531,130,4.08,87.28%,86.13%,0.745904,2026-08-17
COP,127.56,2027-06-17,304,Put,115.00,-9.85%,7.85,7.91,8.65,645,158,4.08,29.01%,32.50%,-0.2938,2026-08-17
PSX,240.55,2026-08-21,4,Call,175.00,+27.25%,63.5,64.54,66,2050,503,4.08,36.19%,97.83%,0.998977,2026-08-17
CVNA,70.09,2026-09-18,32,Put,68.00,-2.98%,3.15,3.25,3.5,3801,931,4.08,54.04%,53.75%,-0.387332,2026-08-17
CB,340.86,2026-09-18,32,Put,335.00,-1.72%,4.4,5.25,6.7,1458,359,4.06,19.33%,21.10%,-0.367649,2026-08-17
HPE,57.61,2026-11-20,95,Call,60.00,-4.15%,7,7.2,7.15,5512,1357,4.06,73.13%,67.67%,0.52913,2026-08-17
RIVN,14.87,2026-08-21,4,Call,15.00,-0.87%,0.27,0.29,0.3,7978,1963,4.06,53.21%,55.09%,0.454129,2026-08-17
REGN,805.93,2026-08-21,4,Call,690.00,+14.38%,112,118,120,990,245,4.04,26.20%,94.64%,0.947403,2026-08-17
TTD,13.4,2026-09-04,18,Call,13.50,-0.75%,0.6,0.63,0.68,1584,392,4.04,56.04%,56.93%,0.507399,2026-08-17
NKE,39.09,2026-09-04,18,Call,40.00,-2.33%,0.67,0.72,0.77,508,126,4.03,33.47%,32.01%,0.384841,2026-08-17
RDW,13.41,2026-08-21,4,Call,14.50,-8.13%,0.2,0.23,0.25,2611,648,4.03,90.33%,106.97%,0.261594,2026-08-17
HOOD,96.25,2026-09-04,18,Put,81.00,-15.84%,0.25,0.48,0.73,841,209,4.02,57.34%,58.88%,-0.081182,2026-08-17
DKS,196.24,2026-09-18,32,Put,180.00,-8.28%,3.9,4.4,5.1,1134,282,4.02,49.83%,48.63%,-0.248333,2026-08-17
PSX,240.55,2026-09-18,32,Call,175.00,+27.25%,63.5,64.7,67.1,1559,388,4.02,36.19%,32.19%,0.997831,2026-08-17
TSLA,339.3,2026-08-24,7,Put,340.00,+0.21%,6.9,6.93,7.05,1586,395,4.02,38.67%,35.86%,-0.502326,2026-08-17
QXO,13.98,2026-09-04,18,Put,11.50,-17.74%,0,0.1,0.2,5032,1255,4.01,59.20%,70.79%,-0.091559,2026-08-17
TSLA,339.3,2026-08-21,4,Put,450.00,+32.63%,109.35,109.29,112.35,864,216,4,38.67%,122.06%,-0.985604,2026-08-17
MSFT,480.35,2026-08-19,2,Put,485.00,+0.97%,6.35,6.47,6.95,2285,571,4,26.49%,27.65%,-0.675597,2026-08-17
SNDK,1786.85,2026-08-21,4,Call,"1,880.00",-5.21%,36.5,37.15,38.3,587,147,3.99,86.31%,97.62%,0.329121,2026-08-17
VRT,292.43,2026-08-28,11,Put,250.00,-14.51%,0.9,1.04,1.2,751,188,3.99,58.63%,63.96%,-0.069932,2026-08-17
RUM,8.24,2026-09-18,32,Call,10.00,-21.36%,0.2,0.31,0.35,1381,346,3.99,80.56%,82.52%,0.255628,2026-08-17
SHOP,148.65,2026-12-18,123,Call,175.00,-17.73%,9.5,9.75,10.05,2014,505,3.99,44.95%,52.70%,0.367637,2026-08-17
PSX,240.55,2026-09-18,32,Call,170.00,+29.33%,68.5,69.7,71.4,2061,517,3.99,36.19%,38.96%,0.997132,2026-08-17
META,568.97,2026-08-24,7,Put,560.00,-1.58%,5.15,5.95,6.2,684,172,3.98,33.97%,30.84%,-0.342357,2026-08-17
SNDK,1786.85,2026-08-21,4,Call,"1,710.00",+4.30%,110.5,114,121.2,773,194,3.98,86.31%,96.49%,0.687839,2026-08-17
AMZN,261.31,2026-08-19,2,Put,270.00,+3.33%,8.6,9.92,9,2319,584,3.97,28.33%,28.33%,-0.941431,2026-08-17
GOOGL,344,2026-08-21,4,Put,395.00,+14.83%,49.55,50.25,52.85,884,223,3.96,27.88%,68.88%,-0.9718,2026-08-17
YPF,52.7,2026-10-16,60,Put,45.00,-14.61%,0.4,0.76,0.85,3303,835,3.96,38.79%,39.34%,-0.136641,2026-08-17
AVGO,392.43,2026-08-19,2,Call,415.00,-5.75%,0.23,0.29,0.29,644,163,3.95,49.33%,44.93%,0.048473,2026-08-17
META,568.97,2026-09-18,32,Put,790.00,+38.85%,217.2,219.31,225.15,1169,296,3.95,33.97%,55.92%,-0.982833,2026-08-17
MSFT,480.35,2026-08-19,2,Call,495.00,-3.05%,0.38,0.41,0.43,3510,889,3.95,26.49%,29.26%,0.085508,2026-08-17
PSX,240.55,2026-08-21,4,Call,220.00,+8.54%,18.6,19.5,22,4173,1057,3.95,36.19%,31.44%,0.996644,2026-08-17
NKE,39.09,2028-12-15,851,Call,50.00,-27.91%,6.5,7.05,7,646,164,3.94,33.47%,45.05%,0.462417,2026-08-17
ORCL,146.65,2026-08-21,4,Call,148.00,-0.92%,3,3.05,3.15,1050,268,3.92,68.76%,60.07%,0.456007,2026-08-17
IONQ,46.84,2026-08-21,4,Put,43.50,-7.13%,0.39,0.45,0.5,505,129,3.91,80.21%,84.40%,-0.187907,2026-08-17
AMZN,261.31,2026-08-28,11,Call,260.00,+0.50%,6,6.13,6.2,4244,1086,3.91,28.33%,29.18%,0.558097,2026-08-17
TSLA,339.3,2026-08-24,7,Put,335.00,-1.27%,4.6,4.55,4.7,730,187,3.9,38.67%,35.79%,-0.384405,2026-08-17
AVGO,392.43,2026-08-19,2,Call,422.50,-7.66%,0.05,0.11,0.16,1444,370,3.9,49.33%,48.29%,0.020542,2026-08-17
CIFR,18.5,2026-08-21,4,Put,16.50,-10.81%,0.17,0.18,0.21,6620,1696,3.9,97.84%,114.76%,-0.154933,2026-08-17
INTC,103.49,2026-08-19,2,Call,110.00,-6.29%,0.33,0.34,0.35,6083,1562,3.89,65.91%,70.82%,0.128315,2026-08-17
NVDA,225.01,2026-09-04,18,Put,230.00,+2.22%,10.8,10.25,10.95,1144,294,3.89,38.42%,41.36%,-0.571813,2026-08-17
GOOGL,344,2026-08-21,4,Put,385.00,+11.92%,39.35,39.95,42.9,570,147,3.88,27.88%,54.97%,-0.975697,2026-08-17
RDDT,164.5,2026-08-21,4,Put,162.50,-1.22%,3.35,3.27,3.95,928,239,3.88,59.39%,67.48%,-0.415579,2026-08-17
NBIS,268.85,2026-08-21,4,Put,275.00,+2.29%,16.5,17,17.35,2147,553,3.88,98.97%,120.62%,-0.545213,2026-08-17
OWL,11.66,2027-01-15,151,Put,12.00,+2.92%,1.5,1.55,1.6,2816,726,3.88,42.99%,43.26%,-0.49225,2026-08-17
SNDK,1786.85,2026-08-21,4,Call,"2,100.00",-17.53%,6.5,6.75,6.7,5000,1289,3.88,86.31%,104.48%,0.078083,2026-08-17
HIVE,3.07,2026-09-04,18,Call,3.50,-14.01%,0.1,0.13,0.15,1108,288,3.85,95.72%,99.66%,0.317867,2026-08-17
RDDT,164.5,2026-12-18,123,Call,175.00,-6.38%,20.7,21.5,22.45,1726,448,3.85,59.39%,65.67%,0.524844,2026-08-17
AMZN,261.31,2026-08-19,2,Put,257.50,-1.46%,0.81,0.88,0.92,8898,2309,3.85,28.33%,29.98%,-0.247958,2026-08-17
VIRT,59.5,2026-09-18,32,Call,65.00,-9.24%,0.7,1.1,1.15,721,188,3.84,40.91%,38.74%,0.242423,2026-08-17
SNDK,1786.85,2026-08-21,4,Call,"2,220.00",-24.24%,2.15,2.58,2.8,816,213,3.83,86.31%,108.67%,0.032341,2026-08-17
GRAL,69.95,2026-10-16,60,Call,85.00,-21.52%,4.3,5.9,7.4,1104,288,3.83,72.84%,94.61%,0.381945,2026-08-17
INTC,103.49,2026-08-19,2,Put,102.00,-1.44%,1.36,1.37,1.4,1173,306,3.83,65.91%,67.43%,-0.375037,2026-08-17
AMD,506,2026-08-19,2,Call,507.50,-0.30%,7.4,7.6,7.8,623,163,3.82,54.27%,55.35%,0.481287,2026-08-17
TSLA,339.3,2026-08-21,4,Put,347.50,+2.42%,10.85,12.15,11,2277,596,3.82,38.67%,42.14%,-0.696323,2026-08-17
TRIP,10.17,2027-01-15,151,Call,11.00,-8.16%,1.05,1.22,1.35,621,163,3.81,50.79%,56.21%,0.503105,2026-08-17
SNDK,1786.85,2026-08-21,4,Put,"1,730.00",-3.18%,44.3,45.1,48.6,629,165,3.81,86.31%,97.49%,-0.355235,2026-08-17
OUST,48.13,2026-08-21,4,Call,52.00,-8.04%,0.2,1.1,1.55,667,175,3.81,106.93%,110.46%,0.271698,2026-08-17
AMZN,261.31,2026-08-19,2,Put,255.00,-2.41%,0.43,0.45,0.48,5462,1438,3.8,28.33%,31.61%,-0.14365,2026-08-17
AAPL,305.59,2026-08-21,4,Put,332.50,+8.81%,25.45,26,28.7,1490,393,3.79,23.49%,45.51%,-0.96199,2026-08-17
AAPL,305.59,2026-08-21,4,Put,302.50,-1.01%,1.69,1.8,1.8,5748,1516,3.79,23.49%,24.26%,-0.335409,2026-08-17
TSLA,339.3,2026-08-19,2,Call,360.00,-6.10%,0.29,0.29,0.31,6099,1610,3.79,38.67%,49.84%,0.056908,2026-08-17
MU,1011.75,2026-08-21,4,Call,"1,020.00",-0.82%,24.8,25.47,25.8,5901,1562,3.78,64.94%,68.52%,0.471331,2026-08-17
SPCX,146.23,2026-08-21,4,Put,139.00,-4.94%,1.61,1.59,1.64,7915,2096,3.78,65.64%,72.66%,-0.23905,2026-08-17
CB,340.86,2026-09-18,32,Call,350.00,-2.68%,3.9,4.7,5.1,1467,388,3.78,19.33%,19.64%,0.348614,2026-08-17
SNDK,1786.85,2027-01-15,151,Put,180.00,-89.93%,0.05,0.26,1.05,716,190,3.77,86.31%,135.11%,-0.000993,2026-08-17
APLD,31.18,2026-08-21,4,Put,29.00,-6.99%,0.37,0.36,0.42,1291,342,3.77,85.82%,94.07%,-0.215068,2026-08-17
UPS,102.02,2026-08-21,4,Put,101.00,-1.00%,0.46,0.55,0.65,2327,617,3.77,24.69%,22.92%,-0.33737,2026-08-17
MBLY,9.23,2026-08-28,11,Call,10.00,-8.34%,0.14,0.15,0.16,1076,286,3.76,61.85%,64.12%,0.256408,2026-08-17
PLTR,172.55,2026-08-21,4,Call,172.50,+0.03%,3.6,3.6,3.65,8101,2157,3.76,44.58%,49.50%,0.515627,2026-08-17
GS,1051.31,2026-08-21,4,Call,"1,100.00",-4.63%,1.85,1.9,1.94,14590,3883,3.76,29.93%,34.11%,0.106726,2026-08-17
VST,146.11,2026-09-18,32,Put,140.00,-4.18%,4.35,4.55,4.65,7546,2012,3.75,43.99%,43.14%,-0.338621,2026-08-17
KLAR,19.51,2026-08-21,4,Put,17.00,-12.87%,0.4,0.45,0.45,938,250,3.75,84.98%,173.47%,-0.197333,2026-08-17
MRVL,234.33,2026-08-28,11,Call,235.00,-0.29%,15.55,16.08,16.25,1338,357,3.75,80.94%,99.31%,0.530193,2026-08-17
TSLA,339.3,2026-08-21,4,Call,332.50,+2.00%,9.9,10.25,10.1,5823,1553,3.75,38.67%,42.05%,0.688289,2026-08-17
ORCL,146.65,2026-08-21,4,Put,210.00,+43.20%,61.75,63.2,64.4,552,148,3.73,68.76%,129.99%,-0.99652,2026-08-17
ASTS,71.14,2026-08-21,4,Call,79.00,-11.05%,0.55,0.6,0.68,1140,306,3.73,80.22%,97.79%,0.166333,2026-08-17
GOOG,341.45,2026-08-21,4,Call,362.50,-6.16%,0.23,0.24,0.25,5995,1606,3.73,27.37%,33.83%,0.048352,2026-08-17
PSX,240.55,2026-08-21,4,Call,207.50,+13.74%,31.1,32.06,33.9,510,137,3.72,36.19%,45.17%,0.998959,2026-08-17
LRCX,343.84,2026-10-16,60,Put,240.00,-30.20%,3,3.24,3.5,1812,487,3.72,61.75%,67.20%,-0.07012,2026-08-17
GOOGL,344,2026-08-19,2,Call,342.50,+0.44%,3.65,3.85,3.95,564,152,3.71,27.88%,29.13%,0.587843,2026-08-17
META,568.97,2028-06-16,669,Call,"1,020.00",-79.27%,41.6,43.95,45.2,723,195,3.71,33.97%,43.26%,0.276292,2026-08-17
VST,146.11,2026-08-21,4,Put,144.00,-1.44%,1.67,1.71,2.01,566,153,3.7,43.99%,45.99%,-0.369884,2026-08-17
AMZN,261.31,2026-08-24,7,Call,270.00,-3.33%,1,1.08,1.18,802,217,3.7,28.33%,27.10%,0.20204,2026-08-17
AAPL,305.59,2026-08-24,7,Call,307.50,-0.63%,2.7,2.8,2.96,946,256,3.7,23.49%,21.41%,0.430832,2026-08-17
BHF,55.74,2026-12-18,123,Call,65.00,-16.61%,2.2,2.2,2.7,5083,1375,3.7,51.09%,41.21%,0.319637,2026-08-17
ING,35.63,2026-10-16,60,Put,35.00,-1.77%,0.9,0.9,1.1,628,170,3.69,24.62%,20.90%,-0.4262,2026-08-17
CLYM,17.44,2026-09-18,32,Put,15.00,-13.99%,1.2,1.8,2.15,1511,409,3.69,131.31%,144.55%,-0.283493,2026-08-17
SPCX,146.23,2027-02-19,186,Call,300.00,-105.16%,3.6,3.6,4.1,2111,572,3.69,65.64%,70.51%,0.128065,2026-08-17
AAPL,305.59,2026-08-21,4,Put,335.00,+9.62%,28.55,28.62,30.65,5351,1452,3.69,23.49%,49.72%,-0.960955,2026-08-17
COST,953.5,2026-09-04,18,Put,650.00,-31.83%,0,0.14,8.55,700,190,3.68,20.18%,107.72%,-0.042059,2026-08-17
PSX,240.55,2026-09-18,32,Call,155.00,+35.56%,83.5,84.8,87.1,1020,277,3.68,36.19%,47.30%,0.997604,2026-08-17
NKE,39.09,2026-08-28,11,Put,37.00,-5.35%,0.19,0.19,0.22,1132,308,3.68,33.47%,33.49%,-0.165387,2026-08-17
SPCX,146.23,2026-08-21,4,Put,141.00,-3.58%,2.2,2.1,2.24,3369,915,3.68,65.64%,72.75%,-0.301218,2026-08-17
AVGO,392.43,2026-08-19,2,Call,410.00,-4.48%,0.52,0.55,0.6,1850,505,3.66,49.33%,44.28%,0.094269,2026-08-17
ONDS,9,2026-09-04,18,Call,10.50,-16.67%,0.18,0.26,0.25,2135,583,3.66,77.62%,84.67%,0.236874,2026-08-17
TSLA,339.3,2026-08-26,9,Call,400.00,-17.89%,0.27,0.3,0.3,504,138,3.65,38.67%,53.02%,0.027152,2026-08-17
META,568.97,2026-09-18,32,Put,820.00,+44.12%,247.2,249.3,255.15,515,141,3.65,33.97%,61.26%,-0.983832,2026-08-17
PANW,375.76,2026-09-18,32,Call,590.00,-57.02%,0.19,0.32,0.74,712,195,3.65,59.16%,68.73%,0.017908,2026-08-17
FSLR,217.85,2028-01-21,522,Put,135.00,-38.03%,12,12.05,16.6,1001,274,3.65,51.14%,57.91%,-0.134719,2026-08-17
MSTR,97.68,2026-08-21,4,Put,102.00,+4.42%,5.55,5.68,6,1976,543,3.64,68.39%,76.40%,-0.69077,2026-08-17
ORA,113.91,2027-06-17,304,Put,105.00,-7.82%,7.7,9.85,12,2461,677,3.64,33.43%,38.17%,-0.318702,2026-08-17
ABNB,179.29,2026-08-21,4,Put,177.50,-1.00%,1.43,1.54,1.64,2673,734,3.64,29.67%,31.50%,-0.37031,2026-08-17
AMZN,261.31,2026-08-21,4,Put,272.50,+4.28%,11.45,12.57,11.7,4771,1315,3.63,28.33%,32.06%,-0.892071,2026-08-17
RXRX,3.11,2026-08-28,11,Put,3.00,-3.54%,0.05,0.1,0.1,815,225,3.62,73.80%,58.35%,-0.338938,2026-08-17
AVGO,392.43,2026-08-19,2,Put,395.00,+0.65%,5.9,6.27,6.5,821,227,3.62,49.33%,41.63%,-0.576281,2026-08-17
HIMS,28.61,2026-09-18,32,Call,42.00,-46.80%,0.17,0.21,0.39,2422,669,3.62,68.70%,87.49%,0.090127,2026-08-17
GOOG,341.45,2026-08-21,4,Call,195.00,+42.89%,144.7,146.58,148.5,765,212,3.61,27.37%,206.16%,0.996553,2026-08-17
SNDK,1786.85,2026-08-21,4,Call,"1,720.00",+3.74%,105.2,109.7,111.9,620,172,3.6,86.31%,95.17%,0.668801,2026-08-17
BLSH,24.96,2026-08-21,4,Call,26.00,-4.17%,0.31,0.48,0.45,717,199,3.6,65.34%,74.33%,0.31536,2026-08-17
ASTS,71.14,2026-09-04,18,Put,85.00,+19.48%,13.3,14.05,16.7,503,140,3.59,80.22%,82.26%,-0.811237,2026-08-17
BE,232.16,2026-09-04,18,Put,140.00,-39.70%,0.01,0.25,0.36,703,196,3.59,93.15%,102.61%,-0.009622,2026-08-17
APLD,31.18,2026-08-21,4,Call,31.50,-1.03%,1.05,1.09,1.13,1639,457,3.59,85.82%,94.62%,0.480238,2026-08-17
META,568.97,2026-08-21,4,Call,592.50,-4.14%,2,2.1,2.13,676,189,3.58,33.97%,39.19%,0.168889,2026-08-17
PZZA,23.23,2026-08-21,4,Call,27.50,-18.38%,0,0.15,0.55,1266,354,3.58,47.73%,148.44%,0.155918,2026-08-17
MU,1011.75,2026-08-24,7,Call,"1,200.00",-18.61%,1.23,1.5,1.5,550,154,3.57,64.94%,67.16%,0.037477,2026-08-17
INTC,103.49,2026-08-21,4,Put,106.00,+2.43%,4.4,4.2,4.5,1378,386,3.57,65.91%,69.80%,-0.61331,2026-08-17
MSFT,480.35,2026-08-28,11,Put,460.00,-4.24%,2.53,2.6,2.65,3267,916,3.57,26.49%,29.48%,-0.187598,2026-08-17
MRVL,234.33,2026-08-28,11,Call,270.00,-15.22%,5.35,5.48,5.7,1541,433,3.56,80.94%,103.04%,0.242935,2026-08-17
GLW,173.21,2026-08-21,4,Put,167.50,-3.30%,2.68,2.78,3.3,1019,287,3.55,66.10%,75.76%,-0.320606,2026-08-17
APLD,31.18,2026-08-21,4,Call,33.50,-7.44%,0.44,0.45,0.5,2326,655,3.55,85.82%,97.36%,0.258045,2026-08-17
IONQ,46.84,2026-08-28,11,Put,45.00,-3.93%,1.65,1.79,1.84,556,157,3.54,80.21%,81.19%,-0.358914,2026-08-17
AAPL,305.59,2026-08-19,2,Call,310.00,-1.44%,0.66,0.69,0.72,15732,4448,3.54,23.49%,24.43%,0.219629,2026-08-17
LLY,1183.16,2026-08-21,4,Call,"1,245.00",-5.23%,1.04,1.66,2,678,192,3.53,30.81%,34.06%,0.080498,2026-08-17
CSIQ,14.79,2026-08-21,4,Call,15.00,-1.42%,0.4,0.45,0.6,716,203,3.53,90.51%,95.95%,0.465652,2026-08-17
RUM,8.24,2026-08-21,4,Call,8.50,-3.16%,0.2,0.25,0.25,1234,350,3.53,80.56%,96.74%,0.40043,2026-08-17
TSLA,339.3,2026-08-21,4,Put,430.00,+26.73%,89.6,90.25,92.55,916,260,3.52,38.67%,117.02%,-0.970687,2026-08-17
SBLK,30.09,2026-09-18,32,Call,30.00,+0.30%,0.7,0.75,0.8,706,201,3.51,31.13%,20.80%,0.518286,2026-08-17
PG,143.12,2026-08-21,4,Put,143.00,-0.08%,1,1.17,1.32,1197,342,3.5,19.17%,20.48%,-0.478938,2026-08-17
NVDA,225.01,2026-08-19,2,Call,222.50,+1.12%,3.6,3.65,3.8,4175,1192,3.5,38.42%,33.21%,0.682862,2026-08-17
WFC,87.54,2026-10-16,60,Put,92.50,+5.67%,5.85,5.5,6.4,688,197,3.49,22.13%,22.10%,-0.710923,2026-08-17
AVGO,392.43,2026-08-19,2,Call,405.00,-3.20%,1.05,1.2,1.23,1271,364,3.49,49.33%,43.73%,0.170312,2026-08-17
META,568.97,2026-08-19,2,Put,530.00,-6.85%,0.12,0.14,0.17,560,161,3.48,33.97%,47.04%,-0.01972,2026-08-17
BAC,63.89,2026-09-04,18,Put,63.00,-1.39%,0.73,0.76,0.83,923,265,3.48,19.97%,21.24%,-0.367599,2026-08-17
CVNA,70.09,2026-09-18,32,Call,74.00,-5.58%,2.77,2.95,3,2426,698,3.48,54.04%,52.83%,0.40204,2026-08-17
RKLB,82.08,2026-08-21,4,Call,86.00,-4.78%,1.44,1.52,1.53,1743,503,3.47,78.49%,86.71%,0.321234,2026-08-17
MSFT,480.35,2026-08-19,2,Call,500.00,-4.09%,0.16,0.17,0.18,4583,1319,3.47,26.49%,30.47%,0.03927,2026-08-17
SPCX,146.23,2026-08-21,4,Put,145.00,-0.84%,3.85,3.9,3.9,30006,8648,3.47,65.64%,73.81%,-0.439503,2026-08-17
GXO,47.32,2027-02-19,186,Call,50.00,-5.66%,4.7,5.3,5.3,582,168,3.46,37.24%,42.45%,0.514668,2026-08-17
ORCL,146.65,2026-08-21,4,Put,250.00,+70.47%,101.75,103.2,104.3,671,194,3.46,68.76%,185.77%,-0.997272,2026-08-17
SNDK,1786.85,2026-08-21,4,Call,"1,740.00",+2.62%,95,92.5,98.1,913,264,3.46,86.31%,95.43%,0.625486,2026-08-17
DELL,479.81,2026-09-04,18,Call,500.00,-4.21%,28.6,30,30.75,745,216,3.45,79.47%,89.21%,0.459538,2026-08-17
BMNR,18.73,2026-08-21,4,Call,20.50,-9.45%,0.12,0.11,0.14,5140,1491,3.45,73.60%,82.46%,0.158984,2026-08-17
APP,311.98,2026-09-18,32,Put,500.00,+60.27%,180.6,194.2,196,695,202,3.44,53.60%,81.97%,-0.977019,2026-08-17
MRNA,64.46,2026-12-18,123,Call,220.00,-241.30%,0.05,0.3,0.75,805,234,3.44,67.75%,98.62%,0.033246,2026-08-17
IOND,66.66,2027-01-15,151,Call,90.00,-35.01%,4,5,6,1500,436,3.44,83.08%,67.01%,0.328473,2026-08-17
GOOGL,344,2026-08-21,4,Put,390.00,+13.37%,44.7,45.41,47.9,2004,583,3.44,27.88%,67.27%,-0.961268,2026-08-17
MSTR,97.68,2026-08-21,4,Put,98.00,+0.33%,3,3.18,3.25,867,253,3.43,68.39%,72.96%,-0.500191,2026-08-17
DKS,196.24,2026-09-18,32,Call,220.00,-12.11%,2.7,3.3,5.7,1096,320,3.43,49.83%,51.55%,0.252254,2026-08-17
PG,143.12,2026-12-18,123,Call,160.00,-11.79%,1.71,1.87,2.4,5374,1569,3.43,19.17%,21.83%,0.211458,2026-08-17
NVDA,225.01,2026-08-24,7,Call,227.50,-1.11%,2.6,2.65,2.67,9077,2643,3.43,38.42%,29.55%,0.407622,2026-08-17
LITE,968.9,2026-08-21,4,Call,"1,110.00",-14.56%,3.5,5.2,5.9,527,154,3.42,82.06%,98.42%,0.103064,2026-08-17
INDI,4.71,2026-08-21,4,Put,5.00,+6.16%,0.4,0.44,0.6,613,179,3.42,119.78%,166.20%,-0.600566,2026-08-17
BE,232.16,2026-09-18,32,Call,260.00,-11.99%,15.15,15.6,16.4,5636,1646,3.42,93.15%,94.02%,0.398961,2026-08-17
MOS,21.23,2026-08-28,11,Put,20.00,-5.79%,0.15,0.25,0.2,593,174,3.41,40.35%,42.00%,-0.196472,2026-08-17
SPCX,146.23,2026-08-28,11,Put,141.00,-3.58%,4.3,4.3,4.4,750,220,3.41,65.64%,67.39%,-0.352801,2026-08-17
ABCL,11.2,2026-09-18,32,Call,13.00,-16.07%,0.45,0.45,0.65,1934,567,3.41,87.72%,86.95%,0.330834,2026-08-17
RDDT,164.5,2026-08-21,4,Put,160.00,-2.74%,2.5,2.65,2.82,3613,1059,3.41,59.39%,67.66%,-0.33291,2026-08-17
CPNG,15.72,2026-11-20,95,Call,18.00,-14.50%,0.61,0.87,0.95,4508,1321,3.41,42.26%,47.58%,0.346295,2026-08-17
AAPL,305.59,2026-08-21,4,Put,330.00,+7.99%,23.1,23.65,25.65,6718,1971,3.41,23.49%,33.19%,-0.991505,2026-08-17
MU,1011.75,2026-08-19,2,Call,"1,055.00",-4.27%,6.1,6.41,6.5,594,175,3.39,64.94%,69.60%,0.216819,2026-08-17
RTX,221.64,2026-09-18,32,Call,250.00,-12.80%,0.27,0.45,0.84,2930,864,3.39,23.02%,26.77%,0.073047,2026-08-17
GOOGL,344,2026-08-21,4,Put,400.00,+16.28%,54.8,56.13,57.9,684,203,3.37,27.88%,79.87%,-0.962461,2026-08-17
REGN,805.93,2026-08-21,4,Call,605.00,+24.93%,196.6,203.6,205,1170,347,3.37,26.20%,165.81%,0.959105,2026-08-17
SNDK,1786.85,2026-08-21,4,Put,"1,500.00",-16.05%,3.3,3.4,3.5,6764,2009,3.37,86.31%,100.43%,-0.042671,2026-08-17
ASST,13.2,2026-08-21,4,Call,14.50,-9.85%,0.06,0.15,0.19,535,159,3.36,85.81%,94.16%,0.184137,2026-08-17
AMBA,78.54,2026-08-21,4,Call,80.00,-1.86%,1.4,1.55,1.8,904,269,3.36,81.56%,67.76%,0.413467,2026-08-17
SHW,349.97,2026-08-21,4,Put,340.00,-2.85%,0.9,1.25,1.35,697,208,3.35,25.22%,30.99%,-0.179962,2026-08-17
CSX,50.58,2028-01-21,522,Call,50.00,+1.15%,7.3,8.1,8.4,1444,432,3.34,20.12%,28.07%,0.618829,2026-08-17
MSFT,480.35,2026-08-19,2,Put,477.50,-0.59%,2.58,2.75,2.9,4375,1311,3.34,26.49%,28.51%,-0.382496,2026-08-17
MU,1011.75,2026-08-28,11,Put,"1,000.00",-1.16%,38.25,39,40.1,996,299,3.33,64.94%,65.01%,-0.433407,2026-08-17
BBWI,18.81,2026-08-28,11,Call,20.00,-6.33%,0.45,0.55,0.75,548,165,3.32,64.84%,81.59%,0.357807,2026-08-17
RDW,13.41,2026-08-28,11,Call,17.00,-26.77%,0.05,0.13,0.1,583,176,3.31,90.33%,92.27%,0.081662,2026-08-17
BIDU,104.12,2026-08-21,4,Put,97.00,-6.84%,0.77,0.88,0.87,2552,772,3.31,50.94%,76.35%,-0.176002,2026-08-17
AMD,506,2026-10-16,60,Call,820.00,-62.06%,1.65,1.79,1.94,555,168,3.3,54.27%,62.01%,0.038361,2026-08-17
SCHW,110.58,2026-08-21,4,Call,112.00,-1.28%,0.38,0.5,0.58,839,254,3.3,21.78%,22.14%,0.298996,2026-08-17
CMG,33.76,2027-06-17,304,Put,22.50,-33.35%,0.75,0.77,0.84,851,258,3.3,35.57%,44.65%,-0.101914,2026-08-17
SOFI,18.31,2026-09-25,39,Call,19.50,-6.50%,0.61,0.67,0.84,705,214,3.29,46.75%,48.85%,0.38602,2026-08-17
MU,1011.75,2026-08-21,4,Put,"1,030.00",+1.80%,37.95,38.38,39.2,1426,433,3.29,64.94%,67.44%,-0.584645,2026-08-17
SNDK,1786.85,2026-08-21,4,Call,"2,400.00",-34.31%,0.55,0.65,0.9,1800,547,3.29,86.31%,117.93%,0.010056,2026-08-17
SPCX,146.23,2026-08-28,11,Put,147.00,+0.53%,7.15,7,7.3,965,294,3.28,65.64%,68.08%,-0.491245,2026-08-17
SPCX,146.23,2026-08-21,4,Call,177.50,-21.38%,0.12,0.13,0.14,1107,338,3.28,65.64%,92.12%,0.025166,2026-08-17
META,568.97,2026-08-28,11,Call,620.00,-8.97%,1.62,1.7,1.79,1891,576,3.28,33.97%,37.28%,0.100326,2026-08-17
CIFR,18.5,2026-08-28,11,Call,19.50,-5.41%,0.85,0.98,1.02,539,165,3.27,97.84%,104.27%,0.422956,2026-08-17
AMZN,261.31,2026-08-19,2,Put,265.00,+1.41%,4.5,4.7,4.75,1711,524,3.27,28.33%,30.48%,-0.727464,2026-08-17
RIVN,14.87,2026-08-21,4,Put,14.50,-2.49%,0.16,0.16,0.17,4900,1498,3.27,53.21%,51.87%,-0.309389,2026-08-17
VKTX,33.63,2026-08-21,4,Call,34.50,-2.59%,0.05,0.55,1.47,763,234,3.26,73.54%,79.98%,0.39802,2026-08-17
SNDK,1786.85,2026-08-21,4,Call,"2,150.00",-20.32%,4.3,4.56,4.5,881,270,3.26,86.31%,106.29%,0.054413,2026-08-17
ANET,201.8,2026-08-21,4,Put,185.00,-8.33%,0.3,0.31,0.31,1409,432,3.26,48.22%,54.64%,-0.06,2026-08-17
NVTS,14.58,2026-08-28,11,Call,19.00,-30.32%,0.1,0.11,0.14,515,159,3.24,91.66%,109.75%,0.098721,2026-08-17
CBRS,251.98,2026-08-28,11,Call,250.00,+0.79%,17.7,20.1,22.4,632,195,3.24,98.77%,108.97%,0.556489,2026-08-17
COIN,150.55,2026-08-28,11,Call,160.00,-6.28%,3.2,3.32,3.45,1819,564,3.23,62.10%,65.26%,0.318763,2026-08-17
FIG,24.99,2026-08-28,11,Put,25.00,+0.04%,1.14,1.13,1.32,696,216,3.22,72.50%,71.54%,-0.47374,2026-08-17
MRVL,234.33,2026-08-21,4,Call,237.50,-1.35%,6.25,6.4,6.55,1751,543,3.22,80.94%,79.65%,0.454274,2026-08-17
PBR,18.25,2026-09-18,32,Call,19.00,-4.11%,0.24,0.26,0.27,15520,4825,3.22,31.28%,24.76%,0.308659,2026-08-17
GOOGL,344,2026-08-19,2,Call,340.00,+1.16%,5.15,5.38,5.7,584,182,3.21,27.88%,29.32%,0.711688,2026-08-17
CRWV,106,2026-08-21,4,Call,113.00,-6.60%,1.43,1.6,1.56,590,184,3.21,77.82%,88.85%,0.262121,2026-08-17
TGT,151.01,2026-09-18,32,Put,155.00,+2.64%,8.95,8.93,9.4,793,247,3.21,41.00%,39.16%,-0.563688,2026-08-17
CF,117.78,2027-01-15,151,Call,200.00,-69.81%,0.4,0.6,0.8,1068,333,3.21,36.28%,44.67%,0.047329,2026-08-17
TGT,151.01,2026-08-21,4,Put,135.00,-10.60%,0.6,0.64,0.65,2736,853,3.21,41.00%,84.87%,-0.095628,2026-08-17
SNDK,1786.85,2026-08-21,4,Put,"1,750.00",-2.06%,52.5,53.22,53.8,4120,1283,3.21,86.31%,95.25%,-0.396575,2026-08-17
TSLA,339.3,2026-08-19,2,Call,352.50,-3.89%,0.75,0.75,0.77,4148,1292,3.21,38.67%,45.55%,0.13368,2026-08-17
TSLA,339.3,2026-08-21,4,Put,332.50,-2.00%,2.93,2.95,2.97,4152,1292,3.21,38.67%,41.08%,-0.308406,2026-08-17
SNDK,1786.85,2026-08-21,4,Call,"1,960.00",-9.69%,19.7,20.3,20.3,567,177,3.2,86.31%,99.25%,0.201992,2026-08-17
NOW,117.7,2026-08-28,11,Put,115.00,-2.29%,2.77,2.94,3.45,774,242,3.2,52.24%,54.32%,-0.380964,2026-08-17
CB,340.86,2026-09-18,32,Call,360.00,-5.62%,0.65,2.08,2.55,1459,456,3.2,19.33%,18.00%,0.16904,2026-08-17
AGNC,10.95,2026-09-04,18,Put,11.00,+0.46%,0.2,0.29,0.34,532,167,3.19,19.92%,24.98%,-0.522932,2026-08-17
ZVRA,11.53,2027-01-15,151,Call,4.00,+65.31%,6.9,7.69,8.6,596,187,3.19,59.90%,115.35%,0.965575,2026-08-17
AMD,506,2026-08-19,2,Call,545.00,-7.71%,0.43,0.46,0.49,632,198,3.19,54.27%,59.95%,0.049835,2026-08-17
SMCI,38.28,2027-02-19,186,Put,30.00,-21.63%,3.8,4.1,4.15,996,312,3.19,73.95%,80.09%,-0.229565,2026-08-17
CRWV,106,2026-08-21,4,Call,108.00,-1.89%,3,3.05,3.15,2478,777,3.19,77.82%,89.06%,0.44052,2026-08-17
META,568.97,2026-09-25,39,Call,700.00,-23.03%,1.57,1.68,1.77,528,166,3.18,33.97%,38.08%,0.057711,2026-08-17
GOOG,341.45,2026-08-21,4,Call,260.00,+23.85%,79.65,81.33,83.35,846,266,3.18,27.37%,83.24%,0.99922,2026-08-17
AMD,506,2026-08-19,2,Put,480.00,-5.14%,1.04,1.06,1.2,1056,332,3.18,54.27%,58.16%,-0.105454,2026-08-17
WDC,536.01,2026-08-21,4,Put,550.00,+2.61%,25.5,29.55,29,1198,377,3.18,73.42%,86.38%,-0.59352,2026-08-17
ONON,31.31,2026-08-21,4,Call,32.00,-2.20%,0.26,0.33,0.54,3880,1220,3.18,37.60%,51.92%,0.356948,2026-08-17
MSFT,480.35,2026-08-21,4,Call,485.00,-0.97%,3.45,3.59,3.6,6331,1993,3.18,26.49%,27.21%,0.377106,2026-08-17
PURR,7.15,2026-08-28,11,Call,8.50,-18.88%,0.05,0.1,0.2,1160,366,3.17,88.67%,103.11%,0.191964,2026-08-17
DELL,479.81,2026-08-21,4,Put,475.00,-1.00%,11.35,11.55,11.55,701,222,3.16,79.47%,69.17%,-0.428837,2026-08-17
DOCS,24.52,2026-09-18,32,Call,25.00,-1.96%,1.15,1.26,1.3,837,265,3.16,48.11%,48.52%,0.483851,2026-08-17
META,568.97,2026-08-21,4,Call,570.00,-0.18%,8.4,8.4,8.6,4393,1388,3.16,33.97%,37.46%,0.493038,2026-08-17
AAPL,305.59,2026-08-24,7,Call,312.50,-2.26%,1.09,1.23,1.4,542,172,3.15,23.49%,21.47%,0.23695,2026-08-17
MSFT,480.35,2026-08-19,2,Call,497.50,-3.57%,0.25,0.22,0.28,1449,462,3.14,26.49%,29.90%,0.058579,2026-08-17
SNDK,1786.85,2026-08-21,4,Call,"1,860.00",-4.09%,42.4,43.15,43.7,610,195,3.13,86.31%,96.81%,0.366411,2026-08-17
ATKR,93.71,2026-08-21,4,Call,75.00,+19.97%,17.9,18.8,19.7,840,268,3.13,7.24%,105.46%,0.980841,2026-08-17
NVO,44.88,2026-08-21,4,Put,43.50,-3.07%,0.14,0.14,0.16,652,209,3.12,31.77%,32.55%,-0.178331,2026-08-17
SPCX,146.23,2026-09-04,18,Put,140.00,-4.26%,5.5,5.45,5.65,1677,537,3.12,65.64%,66.46%,-0.352357,2026-08-17
KLAR,19.51,2026-08-21,4,Call,19.50,+0.05%,1.4,1.45,1.6,622,200,3.11,84.98%,183.38%,0.540115,2026-08-17
ORCL,146.65,2026-08-21,4,Call,147.00,-0.24%,3.4,3.5,3.55,750,241,3.11,68.76%,59.22%,0.498553,2026-08-17
NOW,117.7,2026-08-21,4,Call,118.00,-0.25%,2.62,2.7,2.75,1541,496,3.11,52.24%,57.11%,0.49759,2026-08-17
SNDK,1786.85,2026-08-21,4,Call,"2,040.00",-14.17%,10.5,10.77,10.8,573,185,3.1,86.31%,102.18%,0.118695,2026-08-17
GS,1051.31,2026-08-21,4,Call,"1,090.00",-3.68%,2.72,3.5,3.4,669,216,3.1,29.93%,33.79%,0.159063,2026-08-17
SNDK,1786.85,2026-08-21,4,Call,"1,610.00",+9.90%,188.5,183.4,194,864,279,3.1,86.31%,97.56%,0.858943,2026-08-17
MO,63.96,2026-08-21,4,Put,63.00,-1.50%,0.24,0.28,0.34,904,292,3.1,26.35%,24.74%,-0.279059,2026-08-17
FRO,42.18,2026-09-18,32,Call,44.00,-4.31%,1.35,1.5,1.8,1836,593,3.1,62.98%,49.46%,0.3928,2026-08-17
ALAB,320.17,2027-09-17,396,Call,110.00,+65.64%,224,228.23,230,500,162,3.09,87.83%,98.09%,0.945174,2026-08-17
CIFR,18.5,2026-08-21,4,Call,21.00,-13.51%,0.17,0.19,0.21,6836,2213,3.09,97.84%,117.20%,0.166355,2026-08-17
MU,1011.75,2026-08-28,11,Put,930.00,-8.08%,14,14.22,14.95,549,178,3.08,64.94%,65.54%,-0.210146,2026-08-17
SPCE,3.13,2026-09-04,18,Call,3.00,+4.15%,0.2,0.3,0.33,563,183,3.08,87.02%,70.00%,0.641389,2026-08-17
SNDK,1786.85,2026-08-21,4,Put,"1,690.00",-5.42%,30.6,31.08,31.6,583,189,3.08,86.31%,95.37%,-0.270391,2026-08-17
META,568.97,2026-08-21,4,Call,587.50,-3.26%,2.79,2.97,2.96,616,200,3.08,33.97%,38.54%,0.221988,2026-08-17
PDD,86.94,2026-08-28,11,Call,90.00,-3.52%,1.78,2.03,2.29,1224,398,3.08,41.19%,54.03%,0.378167,2026-08-17
CRWV,106,2026-08-21,4,Call,107.00,-0.94%,3.4,3.6,3.6,1945,632,3.08,77.82%,89.10%,0.480144,2026-08-17
SNDK,1786.85,2026-08-21,4,Call,"2,070.00",-15.85%,8.2,8.4,8.5,507,165,3.07,86.31%,103.21%,0.09616,2026-08-17
EBAY,100.94,2026-08-21,4,Call,100.00,+0.93%,1.64,2,2.62,608,198,3.07,32.80%,38.16%,0.602802,2026-08-17
BIDU,104.12,2026-08-21,4,Call,112.00,-7.57%,1.18,1.23,1.31,1196,389,3.07,50.94%,88.72%,0.231206,2026-08-17
DOCN,135.28,2026-09-18,32,Put,120.00,-11.30%,5.3,5.7,6.1,511,167,3.06,77.99%,79.46%,-0.261405,2026-08-17
SBUX,107.92,2026-08-21,4,Put,106.00,-1.78%,0.35,0.5,0.72,928,303,3.06,24.92%,28.56%,-0.267656,2026-08-17
NEE,86.22,2026-08-21,4,Put,85.00,-1.41%,0.2,0.36,0.48,6224,2032,3.06,21.26%,22.65%,-0.268871,2026-08-17
NVDA,225.01,2026-08-19,2,Call,225.00,0.00%,2.13,2.17,2.19,24447,8006,3.05,38.42%,32.14%,0.508406,2026-08-17
APTV,50.04,2026-11-20,95,Put,47.50,-5.08%,2.75,3.2,3.4,539,177,3.05,39.87%,43.83%,-0.356599,2026-08-17
EROC,17.4,2026-09-18,32,Call,17.50,-0.57%,1.55,1.6,1.95,577,189,3.05,86.60%,86.32%,0.547003,2026-08-17
MU,1011.75,2026-08-19,2,Put,975.00,-3.63%,6.25,6.5,6.8,1073,352,3.05,64.94%,67.28%,-0.220223,2026-08-17
SNDK,1786.85,2026-08-28,11,Call,"1,750.00",+2.06%,126,130.95,137.6,542,178,3.04,86.31%,91.07%,0.586207,2026-08-17
ASPI,4.02,2026-10-02,46,Call,0.50,+87.56%,3.3,3.52,3.7,596,196,3.04,100.51%,277.11%,0.995543,2026-08-17
C,138.51,2026-08-21,4,Put,132.00,-4.70%,0.18,0.2,0.22,902,297,3.04,27.59%,34.29%,-0.086199,2026-08-17
HOOD,96.25,2026-08-21,4,Put,88.00,-8.57%,0.23,0.25,0.25,2785,915,3.04,57.34%,62.96%,-0.08104,2026-08-17
AG,19.57,2027-06-17,304,Call,25.00,-27.75%,3.2,3.43,3.5,1117,369,3.03,60.11%,68.81%,0.487549,2026-08-17
DVN,47.57,2026-11-20,95,Call,47.50,+0.15%,3.45,3.6,3.7,523,173,3.02,35.42%,36.18%,0.542884,2026-08-17
SNDK,1786.85,2026-08-21,4,Put,"1,590.00",-11.02%,10.5,10.48,10.8,577,191,3.02,86.31%,97.26%,-0.114896,2026-08-17
APO,134.54,2026-10-16,60,Put,130.00,-3.37%,5.2,5.2,5.8,956,317,3.02,35.24%,36.21%,-0.371468,2026-08-17
SMCI,38.28,2026-08-28,11,Put,35.00,-8.57%,0.64,0.68,0.73,1563,518,3.02,73.95%,75.01%,-0.223473,2026-08-17
SPCX,146.23,2026-12-18,123,Call,185.00,-26.51%,11.2,11.01,11.45,2189,725,3.02,65.64%,67.66%,0.355897,2026-08-17
ORCL,146.65,2026-09-11,25,Call,165.00,-12.51%,4.9,5.2,5.25,932,310,3.01,68.76%,74.16%,0.307375,2026-08-17
AMZN,261.31,2028-12-15,851,Put,350.00,+33.94%,101.5,103.86,104.5,1299,432,3.01,28.33%,35.59%,-0.616835,2026-08-17
GOOGL,344,2026-08-19,2,Put,342.50,-0.44%,2.09,2.15,2.17,2900,962,3.01,27.88%,28.03%,-0.409622,2026-08-17
SNDK,1786.85,2026-08-21,4,Call,"2,020.00",-13.05%,12.4,12.5,12.6,602,201,3,86.31%,101.47%,0.136146,2026-08-17
CRWD,213.9,2027-06-17,304,Put,122.50,-42.73%,6.3,6.8,8.2,604,201,3,61.25%,63.34%,-0.096257,2026-08-17
LITE,968.9,2026-08-21,4,Put,900.00,-7.11%,10.2,10.9,13,764,255,3,82.06%,92.72%,-0.208326,2026-08-17
PAAS,48.11,2027-06-17,304,Call,60.00,-24.71%,4.5,5.7,5.8,827,276,3,48.82%,50.02%,0.411758,2026-08-17
ASTS,71.14,2026-08-21,4,Call,81.00,-13.86%,0.39,0.42,0.44,1806,602,3,80.22%,100.11%,0.118511,2026-08-17
GOOGL,344,2026-08-19,2,Call,352.50,-2.47%,0.52,0.56,0.61,1035,346,2.99,27.88%,30.43%,0.143621,2026-08-17
AMD,506,2026-09-11,25,Call,600.00,-18.58%,4.5,4.99,5.65,1191,398,2.99,54.27%,56.10%,0.142254,2026-08-17
MSTR,97.68,2026-08-21,4,Put,94.00,-3.77%,1.39,1.4,1.46,1958,654,2.99,68.39%,72.82%,-0.292363,2026-08-17
GILD,138.92,2026-08-21,4,Put,140.00,+0.78%,1.7,2.27,4,714,241,2.96,27.63%,39.15%,-0.565719,2026-08-17
FSLR,217.85,2028-01-21,522,Put,120.00,-44.92%,7.5,8.5,12.5,1024,346,2.96,51.14%,58.16%,-0.101085,2026-08-17
MRVL,234.33,2026-08-21,4,Call,252.50,-7.75%,2.08,2.25,2.25,596,202,2.95,80.94%,81.04%,0.202315,2026-08-17
ASTS,71.14,2026-09-04,18,Put,65.00,-8.63%,2.14,2.33,2.5,653,221,2.95,80.22%,80.01%,-0.272378,2026-08-17
CDE,19.31,2026-08-21,4,Call,21.00,-8.75%,0.05,0.1,0.1,675,229,2.95,61.59%,65.61%,0.11858,2026-08-17
WMT,114.33,2026-08-21,4,Put,106.00,-7.29%,0.25,0.26,0.27,2727,925,2.95,29.96%,54.10%,-0.085467,2026-08-17
SPCX,146.23,2026-08-21,4,Call,144.00,+1.52%,5.65,5.72,5.75,4494,1524,2.95,65.64%,73.69%,0.595989,2026-08-17
AMD,506,2026-08-19,2,Put,485.00,-4.15%,1.59,1.63,1.83,819,279,2.94,54.27%,56.98%,-0.15141,2026-08-17
MU,1011.75,2026-08-21,4,Put,955.00,-5.61%,8.2,8.36,8.6,524,179,2.93,64.94%,68.77%,-0.199673,2026-08-17
CPB,22.68,2026-08-21,4,Put,22.50,-0.79%,0.05,0.2,0.3,858,293,2.93,35.75%,26.72%,-0.386735,2026-08-17
SERV,4.9,2026-08-28,11,Call,5.00,-2.04%,0.2,0.25,0.38,947,323,2.93,87.81%,97.94%,0.489072,2026-08-17
RUN,9.83,2026-08-21,4,Put,9.50,-3.36%,0.1,0.1,0.13,1301,444,2.93,67.49%,61.15%,-0.284012,2026-08-17
CSCO,112.9,2026-11-20,95,Put,100.00,-11.43%,2.57,2.86,3,1576,542,2.91,30.06%,35.87%,-0.215942,2026-08-17
RBLX,37.93,2026-08-21,4,Put,35.50,-6.41%,0.13,0.25,0.3,734,253,2.9,58.05%,64.83%,-0.155072,2026-08-17
MSFT,480.35,2026-09-25,39,Put,450.00,-6.32%,5.5,5.77,6.05,1696,585,2.9,26.49%,28.34%,-0.21731,2026-08-17
PDD,86.94,2026-08-28,11,Put,86.00,-1.08%,2.68,3.05,3.5,793,274,2.89,41.19%,59.81%,-0.434394,2026-08-17
HIMS,28.61,2026-09-11,25,Call,29.00,-1.36%,1.69,1.89,2,835,289,2.89,68.70%,66.67%,0.509527,2026-08-17
RBLX,37.93,2026-08-21,4,Call,38.50,-1.50%,0.61,0.77,1.05,1243,430,2.89,58.05%,68.01%,0.433147,2026-08-17
BAC,63.89,2027-02-19,186,Put,50.00,-21.74%,0.61,0.65,0.68,2302,796,2.89,19.97%,29.59%,-0.093563,2026-08-17
SNDK,1786.85,2026-08-21,4,Call,"1,850.00",-3.53%,46,46.8,47.1,3954,1370,2.89,86.31%,96.97%,0.386854,2026-08-17
ASTS,71.14,2026-08-21,4,Call,76.00,-6.83%,1.05,1.09,1.12,789,274,2.88,80.22%,93.76%,0.267547,2026-08-17
TSM,430.97,2026-09-18,32,Call,550.00,-27.62%,0.34,0.37,0.4,2019,701,2.88,35.37%,38.94%,0.020931,2026-08-17
INTC,103.49,2028-12-15,851,Put,45.00,-56.52%,6.95,7.35,7.4,3109,1080,2.88,65.91%,70.61%,-0.083928,2026-08-17
SNDK,1786.85,2026-08-21,4,Call,"1,840.00",-2.97%,49.6,49.5,50.6,576,201,2.87,86.31%,96.92%,0.40738,2026-08-17
META,568.97,2026-09-04,18,Call,920.00,-61.70%,0.01,0.15,0.17,1201,418,2.87,33.97%,76.69%,0.003202,2026-08-17
SKHY,171.38,2026-08-28,11,Call,185.00,-7.95%,5,5.3,5.3,613,214,2.86,79.38%,85.47%,0.332168,2026-08-17
SKHY,171.38,2026-08-21,4,Call,177.50,-3.57%,3.7,4,4.2,988,345,2.86,79.38%,89.75%,0.373617,2026-08-17
NKE,39.09,2026-09-04,18,Call,42.00,-7.44%,0.23,0.25,0.28,928,326,2.85,33.47%,33.00%,0.171696,2026-08-17
MSTR,97.68,2026-08-21,4,Call,110.00,-12.61%,0.44,0.43,0.45,26508,9311,2.85,68.39%,87.82%,0.107148,2026-08-17
APLD,31.18,2026-08-21,4,Call,34.50,-10.65%,0.26,0.31,0.35,725,255,2.84,85.82%,99.81%,0.180771,2026-08-17
TSLA,339.3,2026-08-19,2,Call,362.50,-6.84%,0.22,0.23,0.24,1465,516,2.84,38.67%,51.61%,0.043918,2026-08-17
AG,19.57,2026-09-18,32,Call,22.00,-12.42%,0.63,0.69,0.72,2320,816,2.84,60.11%,64.83%,0.30896,2026-08-17
MU,1011.75,2026-08-28,11,Put,925.00,-8.57%,12.8,13.43,13.6,568,201,2.83,64.94%,65.35%,-0.196153,2026-08-17
SE,119.45,2027-01-15,151,Call,155.00,-29.76%,4.55,5,4.95,738,261,2.83,40.78%,46.82%,0.254059,2026-08-17
META,568.97,2026-08-21,4,Call,575.00,-1.06%,6.3,6.3,6.5,3407,1206,2.83,33.97%,37.75%,0.405917,2026-08-17
ATKR,93.71,2026-08-21,4,Call,80.00,+14.63%,12.9,13.7,14.7,700,248,2.82,7.24%,78.39%,0.975513,2026-08-17
NBIS,268.85,2026-08-21,4,Put,252.50,-6.08%,6.35,6.45,6.7,812,288,2.82,98.97%,120.86%,-0.287068,2026-08-17
SNDK,1786.85,2026-08-21,4,Call,"1,750.00",+2.06%,90.6,91.66,94.6,2716,963,2.82,86.31%,97.94%,0.601961,2026-08-17
SCHW,110.58,2026-09-18,32,Put,110.00,-0.52%,2.14,2.3,2.5,3241,1149,2.82,21.78%,20.75%,-0.442299,2026-08-17
INTC,103.49,2026-08-21,4,Put,104.00,+0.49%,3.2,3.25,3.3,1398,498,2.81,65.91%,69.38%,-0.510991,2026-08-17
ASTS,71.14,2026-08-28,11,Put,68.00,-4.41%,2.46,2.62,2.68,748,267,2.8,80.22%,82.50%,-0.347041,2026-08-17
NBIS,268.85,2026-08-21,4,Put,255.00,-5.15%,7.1,7.5,7.55,1158,413,2.8,98.97%,120.21%,-0.313485,2026-08-17
XPEV,12.2,2026-08-28,11,Call,13.00,-6.56%,0.35,0.37,0.4,1298,463,2.8,63.28%,80.21%,0.352447,2026-08-17
CBRS,251.98,2026-08-21,4,Call,260.00,-3.18%,9,9.6,10.3,1763,630,2.8,98.77%,123.91%,0.431062,2026-08-17
NBIS,268.85,2026-08-21,4,Put,217.50,-19.10%,0.79,0.82,0.89,634,227,2.79,98.97%,130.05%,-0.0518,2026-08-17
TGT,151.01,2026-08-21,4,Put,155.00,+2.64%,7.4,7.5,7.85,968,347,2.79,41.00%,84.63%,-0.598365,2026-08-17
LBRT,22.24,2026-09-18,32,Call,25.00,-12.41%,0.4,0.55,0.65,1627,583,2.79,54.63%,54.31%,0.262111,2026-08-17
HOOD,96.25,2026-08-21,4,Put,89.00,-7.53%,0.32,0.32,0.35,2442,874,2.79,57.34%,62.35%,-0.107837,2026-08-17
AMD,506,2026-08-21,4,Call,535.00,-5.73%,3.2,3.27,3.4,10314,3750,2.75,54.27%,59.34%,0.194957,2026-08-17
RIOT,20.04,2026-12-18,123,Call,30.00,-49.70%,1.55,1.62,1.7,15642,5687,2.75,83.36%,89.53%,0.311522,2026-08-17
SNDK,1786.85,2026-08-21,4,Put,"1,670.00",-6.54%,25.1,25.4,26.8,581,211,2.75,86.31%,96.30%,-0.234264,2026-08-17
INTC,103.49,2026-08-19,2,Call,102.00,+1.44%,2.86,2.85,2.93,1644,597,2.75,65.91%,67.71%,0.624704,2026-08-17
CBRS,251.98,2026-08-21,4,Call,255.00,-1.20%,10.7,12,12.4,1081,394,2.74,98.77%,122.51%,0.489752,2026-08-17
AMD,506,2026-08-19,2,Call,525.00,-3.75%,2.17,2.34,2.36,1254,458,2.74,54.27%,56.56%,0.196316,2026-08-17
SNDK,1786.85,2026-08-21,4,Put,"1,550.00",-13.26%,6.4,6.5,6.6,3554,1298,2.74,86.31%,98.38%,-0.075526,2026-08-17
VST,146.11,2026-08-21,4,Put,143.00,-2.13%,1.31,1.51,1.68,586,215,2.73,43.99%,46.28%,-0.317626,2026-08-17
NBIS,268.85,2026-08-28,11,Put,240.00,-10.73%,7.2,7.5,8,631,231,2.73,98.97%,106.13%,-0.237759,2026-08-17
BIDU,104.12,2026-08-21,4,Call,111.00,-6.61%,1.37,1.51,1.51,900,330,2.73,50.94%,88.08%,0.259898,2026-08-17
FSLR,217.85,2028-06-16,669,Put,150.00,-31.15%,21,22,26,1001,366,2.73,51.14%,57.45%,-0.173605,2026-08-17
CVX,202.7,2026-08-21,4,Put,200.00,-1.33%,1.79,1.91,2.06,1006,369,2.73,26.07%,36.76%,-0.356265,2026-08-17
TSLA,339.3,2026-08-24,7,Put,332.50,-2.00%,3.65,4,3.75,515,189,2.72,38.67%,35.70%,-0.3277,2026-08-17
ASTS,71.14,2026-08-21,4,Put,67.00,-5.82%,0.91,0.95,1,2076,762,2.72,80.22%,86.94%,-0.239398,2026-08-17
KR,56.07,2026-09-18,32,Call,55.00,+1.91%,2.94,3.05,3.1,1065,393,2.71,34.58%,36.93%,0.593896,2026-08-17
META,568.97,2026-08-19,2,Call,610.00,-7.21%,0.15,0.15,0.19,1485,548,2.71,33.97%,46.75%,0.023314,2026-08-17
NKE,39.09,2026-08-21,4,Put,39.00,-0.23%,0.53,0.54,0.55,5751,2126,2.71,33.47%,35.77%,-0.468349,2026-08-17
BAC,63.89,2026-08-21,4,Put,64.00,+0.17%,0.55,0.56,0.58,15459,5706,2.71,19.97%,19.26%,-0.526723,2026-08-17
PLTR,172.55,2026-08-21,4,Call,177.50,-2.87%,1.62,1.61,1.65,11876,4391,2.7,44.58%,48.65%,0.300776,2026-08-17
LIN,474.33,2026-11-20,95,Put,460.00,-3.02%,13,15.3,17.5,624,231,2.7,20.90%,24.03%,-0.360994,2026-08-17
LULU,115.74,2026-08-28,11,Call,125.00,-8.00%,0.7,0.77,0.88,1235,458,2.7,56.07%,44.30%,0.171526,2026-08-17
CRWV,106,2026-08-21,4,Call,117.00,-10.38%,0.79,0.87,0.82,1670,618,2.7,77.82%,90.07%,0.159656,2026-08-17
RDDT,164.5,2026-08-21,4,Put,157.50,-4.26%,1.7,1.92,2.02,738,274,2.69,59.39%,67.60%,-0.256275,2026-08-17
RCAT,10.44,2026-08-21,4,Put,9.50,-9.00%,0.05,0.1,0.12,1274,474,2.69,93.97%,93.02%,-0.153519,2026-08-17
LULU,115.74,2026-12-18,123,Put,350.00,+202.40%,233,235.48,236.3,1706,637,2.68,56.07%,109.40%,-0.952818,2026-08-17
KMI,32.33,2027-06-17,304,Put,30.00,-7.21%,1.54,1.65,1.77,2021,754,2.68,21.47%,24.19%,-0.315534,2026-08-17
WDAY,191.18,2027-01-15,151,Call,220.00,-15.07%,10.6,11.28,13.1,1200,449,2.67,56.21%,42.76%,0.376289,2026-08-17
MSTR,97.68,2026-08-21,4,Put,97.50,-0.18%,2.84,2.9,3.05,1763,660,2.67,68.39%,74.89%,-0.473344,2026-08-17
NVDA,225.01,2026-08-19,2,Call,215.00,+4.45%,10,10.4,10.7,2367,887,2.67,38.42%,45.65%,0.914461,2026-08-17
RDDT,164.5,2026-08-21,4,Put,165.00,+0.30%,4.75,5.1,5.35,3114,1168,2.67,59.39%,70.17%,-0.500108,2026-08-17
PLTR,172.55,2026-09-04,18,Call,180.00,-4.32%,3.9,3.9,4.1,4743,1774,2.67,44.58%,44.85%,0.360662,2026-08-17
MSTR,97.68,2026-08-28,11,Call,100.00,-2.38%,3.65,3.7,3.85,4384,1651,2.66,68.39%,69.83%,0.450645,2026-08-17
WMT,114.33,2026-08-28,11,Put,107.00,-6.41%,0.66,0.7,0.92,553,209,2.65,29.96%,42.18%,-0.170561,2026-08-17
CORZ,20.13,2026-08-28,11,Put,22.00,+9.29%,1.98,2.51,2.6,575,217,2.65,74.13%,77.77%,-0.721177,2026-08-17
CLS,340.4,2026-09-18,32,Put,340.00,-0.12%,22.6,24.01,28.3,609,230,2.65,64.55%,65.20%,-0.453989,2026-08-17
OXY,59.04,2026-08-21,4,Put,58.00,-1.76%,0.35,0.41,0.43,680,257,2.65,31.99%,33.12%,-0.296208,2026-08-17
FLR,54.74,2027-01-15,151,Call,57.50,-5.04%,6,6.3,6.7,1138,430,2.65,46.74%,51.52%,0.520841,2026-08-17
OPEN,3.54,2026-08-28,11,Call,3.50,+1.13%,0.19,0.2,0.21,5833,2204,2.65,70.26%,72.79%,0.564261,2026-08-17
ECHO,92.51,2026-08-21,4,Put,135.00,+45.93%,40.7,42.5,44.1,6610,2500,2.64,48.68%,142.10%,-0.994815,2026-08-17
MSTR,97.68,2026-08-21,4,Put,165.00,+68.92%,64.6,66,69.7,555,210,2.64,68.39%,189.48%,-0.996356,2026-08-17
TEM,51.64,2026-08-21,4,Call,52.00,-0.70%,1.23,1.35,1.45,556,211,2.64,62.54%,69.51%,0.47861,2026-08-17
MSTR,97.68,2026-08-21,4,Put,155.00,+58.68%,54.15,56.15,60.3,580,220,2.64,68.39%,169.23%,-0.995987,2026-08-17
INTC,103.49,2026-08-28,11,Call,105.00,-1.46%,4.15,4.3,4.4,5399,2047,2.64,65.91%,68.63%,0.478366,2026-08-17
NBIS,268.85,2026-08-21,4,Put,242.50,-9.80%,3.5,3.83,4.05,507,193,2.63,98.97%,121.12%,-0.189469,2026-08-17
JNJ,262.37,2026-09-04,18,Call,275.00,-4.81%,1.06,1.2,1.7,584,222,2.63,22.62%,23.11%,0.190526,2026-08-17
AAOI,154.89,2026-08-21,4,Put,155.00,+0.07%,7.3,8.12,8.4,762,290,2.63,109.65%,120.99%,-0.475971,2026-08-17
RIVN,14.87,2026-09-04,18,Call,15.00,-0.87%,0.55,0.63,0.7,805,306,2.63,53.21%,51.12%,0.498337,2026-08-17
NFLX,76.02,2026-08-21,4,Put,93.00,+22.34%,15.85,17.6,18.6,986,375,2.63,31.89%,122.69%,-0.934389,2026-08-17
MU,1011.75,2026-08-19,2,Put,915.00,-9.56%,0.69,0.76,0.78,634,242,2.62,64.94%,74.97%,-0.032718,2026-08-17
NFLX,76.02,2026-08-21,4,Put,94.00,+23.65%,16.7,18.6,19.6,682,260,2.62,31.89%,119.38%,-0.949893,2026-08-17
SGHT,8.24,2026-09-18,32,Call,10.00,-21.36%,0.2,0.2,0.3,786,300,2.62,118.02%,79.30%,0.244047,2026-08-17
NVDA,225.01,2026-08-24,7,Call,242.50,-7.77%,0.2,0.22,0.23,900,343,2.62,38.42%,32.43%,0.051493,2026-08-17
ASTS,71.14,2026-08-21,4,Put,62.00,-12.85%,0.16,0.18,0.21,1217,465,2.62,80.22%,88.49%,-0.062419,2026-08-17
SMCI,38.28,2026-08-28,11,Call,38.00,+0.73%,2.13,2.4,2.28,2764,1054,2.62,73.95%,77.34%,0.551704,2026-08-17
PDD,86.94,2026-09-18,32,Put,130.00,+49.53%,42.05,43.49,45.2,636,244,2.61,41.19%,89.98%,-0.920538,2026-08-17
KEEL,3.77,2026-08-28,11,Put,3.50,-7.16%,0.12,0.15,0.16,791,303,2.61,111.29%,100.97%,-0.302572,2026-08-17
SPCX,146.23,2026-08-28,11,Put,137.00,-6.31%,2.89,2.85,2.96,1113,426,2.61,65.64%,67.12%,-0.265631,2026-08-17
GOOGL,344,2026-08-19,2,Put,345.00,+0.29%,3.25,3.32,3.45,1373,527,2.61,27.88%,28.05%,-0.548762,2026-08-17
GOOG,341.45,2026-09-18,32,Put,430.00,+25.93%,86.95,89.47,90.55,650,250,2.6,27.37%,43.83%,-0.971188,2026-08-17
MSTR,97.68,2026-09-18,32,Put,200.00,+104.75%,101.95,103.05,102.7,993,382,2.6,68.39%,106.51%,-0.994047,2026-08-17
NFLX,76.02,2026-09-18,32,Put,105.00,+38.12%,27.8,27.91,30.7,643,248,2.59,31.89%,69.34%,-0.93602,2026-08-17
SNDK,1786.85,2026-08-21,4,Put,"1,740.00",-2.62%,48.3,48.87,49.6,659,254,2.59,86.31%,95.31%,-0.374637,2026-08-17
SOFI,18.31,2026-09-25,39,Call,22.00,-20.15%,0.15,0.2,0.24,1309,505,2.59,46.75%,47.86%,0.142315,2026-08-17
RIVN,14.87,2026-08-21,4,Call,15.50,-4.24%,0.11,0.13,0.15,6310,2437,2.59,53.21%,56.63%,0.253436,2026-08-17
SPCX,146.23,2026-08-28,11,Put,130.00,-11.10%,1.33,1.36,1.39,8596,3314,2.59,65.64%,68.33%,-0.144694,2026-08-17
CBRS,251.98,2026-09-18,32,Call,270.00,-7.15%,21.4,23.12,25.3,549,213,2.58,98.77%,101.71%,0.47289,2026-08-17
NFLX,76.02,2026-09-18,32,Put,102.00,+34.18%,24.15,24.81,28.05,596,231,2.58,31.89%,58.41%,-0.956465,2026-08-17
SRAD,13.13,2027-02-19,186,Call,15.00,-14.24%,1.05,1.54,1.8,600,233,2.58,47.10%,53.82%,0.459538,2026-08-17
RDDT,164.5,2026-08-21,4,Put,167.50,+1.82%,6.2,6.55,7,753,292,2.58,59.39%,72.03%,-0.578493,2026-08-17
TGT,151.01,2026-08-21,4,Put,145.00,-3.98%,2.47,2.62,2.93,1713,664,2.58,41.00%,83.55%,-0.305348,2026-08-17
NFLX,76.02,2026-09-18,32,Put,116.00,+52.59%,38.6,38.8,42.05,1885,730,2.58,31.89%,88.39%,-0.936782,2026-08-17
CHRW,144.78,2026-09-18,32,Call,150.00,-3.61%,3.2,4.5,4.4,744,290,2.57,34.31%,34.28%,0.388727,2026-08-17
DIS,103.5,2026-08-21,4,Put,102.00,-1.45%,0.42,0.46,0.45,877,341,2.57,22.99%,23.68%,-0.272707,2026-08-17
CRWV,106,2026-08-21,4,Put,107.00,+0.94%,4.25,4.39,4.5,965,375,2.57,77.82%,87.16%,-0.521467,2026-08-17
NVDA,225.01,2026-08-28,11,Call,240.00,-6.66%,2.34,2.36,2.38,55434,21582,2.57,38.42%,46.97%,0.230076,2026-08-17
GOOGL,344,2026-08-21,4,Call,345.00,-0.29%,3.85,3.9,4,10908,4269,2.56,27.88%,30.23%,0.474374,2026-08-17
WYNN,102.79,2028-01-21,522,Put,90.00,-12.44%,8.75,10.2,11.15,784,306,2.56,30.75%,37.79%,-0.275121,2026-08-17
NOW,117.7,2026-08-21,4,Call,124.00,-5.35%,0.8,0.84,0.86,812,317,2.56,52.24%,58.77%,0.208832,2026-08-17
BTG,5.2,2026-09-25,39,Call,5.50,-5.77%,0.15,0.22,0.3,929,363,2.56,46.28%,50.35%,0.402822,2026-08-17
AVGO,392.43,2026-09-04,18,Call,440.00,-12.12%,5.3,5.36,5.4,3123,1220,2.56,49.33%,57.02%,0.203539,2026-08-17
QXO,13.98,2026-09-11,25,Call,15.50,-10.87%,0.2,0.3,0.55,531,208,2.55,59.20%,60.95%,0.290528,2026-08-17
MO,63.96,2026-08-21,4,Put,62.50,-2.28%,0.13,0.17,0.2,792,311,2.55,26.35%,24.43%,-0.182906,2026-08-17
MU,1011.75,2026-08-28,11,Call,975.00,+3.63%,65.05,66.47,67.75,654,257,2.54,64.94%,65.49%,0.65239,2026-08-17
CRCL,74.59,2026-09-11,25,Put,68.00,-8.83%,2.58,2.74,3.25,696,274,2.54,78.47%,76.28%,-0.283028,2026-08-17
PDD,86.94,2026-09-18,32,Put,135.00,+55.28%,46.5,49.75,50.2,780,307,2.54,41.19%,87.57%,-0.948321,2026-08-17
COUR,5.54,2026-11-20,95,Call,5.00,+9.75%,0.95,1.1,1.2,3132,1235,2.54,58.26%,70.06%,0.68925,2026-08-17
SNDK,1786.85,2026-08-21,4,Put,"1,700.00",-4.86%,34,34.1,34.5,5402,2130,2.54,86.31%,95.38%,-0.290304,2026-08-17
XEL,79.21,2027-03-19,214,Put,65.00,-17.94%,1.2,1.95,1.9,7500,2947,2.54,21.14%,29.20%,-0.151587,2026-08-17
NXE,10.75,2026-09-18,32,Call,12.00,-11.63%,0.35,0.39,0.4,13139,5176,2.54,60.40%,63.24%,0.316845,2026-08-17
TRIP,10.17,2027-01-15,151,Call,13.00,-27.83%,0.1,0.6,0.8,621,245,2.53,50.79%,47.37%,0.273808,2026-08-17
POET,9.4,2026-11-20,95,Call,16.00,-70.21%,0.47,0.53,0.63,1117,442,2.53,95.54%,104.38%,0.237679,2026-08-17
NKE,39.09,2026-11-20,95,Put,30.00,-23.25%,0.36,0.46,0.49,1567,620,2.53,33.47%,43.36%,-0.09517,2026-08-17
TSM,430.97,2026-08-21,4,Call,455.00,-5.58%,0.68,0.7,0.84,3442,1359,2.53,35.37%,38.65%,0.094603,2026-08-17
MRNA,64.46,2026-09-11,25,Call,75.00,-16.35%,1.5,1.67,2,504,200,2.52,67.75%,74.90%,0.25397,2026-08-17
SPCX,146.23,2026-08-28,11,Put,146.00,-0.16%,6.6,6.65,6.75,682,271,2.52,65.64%,67.85%,-0.46825,2026-08-17
UMAC,30.15,2026-09-18,32,Put,25.00,-17.08%,1.35,1.48,1.55,1028,408,2.52,112.07%,106.85%,-0.223865,2026-08-17
MSTR,97.68,2026-09-25,39,Put,70.00,-28.34%,0.75,0.89,1.23,1146,454,2.52,68.39%,79.74%,-0.077435,2026-08-17
MSFT,480.35,2026-08-28,11,Call,485.00,-0.97%,6.85,6.98,7.1,2134,847,2.52,26.49%,26.74%,0.434092,2026-08-17
SPCX,146.23,2026-08-21,4,Call,172.50,-17.96%,0.22,0.24,0.23,2248,893,2.52,65.64%,88.77%,0.042068,2026-08-17
NEM,120.33,2026-12-18,123,Put,115.00,-4.43%,8.9,9.11,9.25,2633,1045,2.52,41.84%,44.34%,-0.368181,2026-08-17
ADBE,254.04,2026-12-18,123,Put,155.00,-38.99%,0.91,1.05,1.14,2646,1050,2.52,53.56%,50.90%,-0.031431,2026-08-17
SMCI,38.28,2026-08-21,4,Put,36.00,-5.96%,0.43,0.43,0.46,4257,1690,2.52,73.95%,82.41%,-0.223893,2026-08-17
APP,311.98,2026-08-21,4,Put,400.00,+28.21%,84.5,89.61,93,655,261,2.51,53.60%,136.26%,-0.953373,2026-08-17
OKTA,143.24,2026-08-28,11,Put,90.00,-37.17%,0.01,0.15,0.29,524,210,2.5,73.46%,126.30%,-0.012754,2026-08-17
GOOG,341.45,2026-08-21,4,Put,385.00,+12.75%,42.6,44.65,44.8,874,349,2.5,27.37%,59.23%,-0.973731,2026-08-17
QCOM,162.18,2026-08-21,4,Put,210.00,+29.49%,46.4,48.7,49.4,924,369,2.5,43.07%,111.75%,-0.984931,2026-08-17
RKLB,82.08,2026-08-21,4,Call,83.00,-1.12%,2.44,2.52,2.6,1496,598,2.5,78.49%,85.40%,0.469891,2026-08-17
BIDU,104.12,2026-09-18,32,Call,150.00,-44.06%,0.14,0.18,0.37,10842,4333,2.5,50.94%,64.03%,0.034855,2026-08-17
MNTN,12.46,2026-09-18,32,Put,10.00,-19.74%,0.1,0.2,0.25,550,221,2.49,53.93%,71.25%,-0.122608,2026-08-17
CSCO,112.9,2026-11-20,95,Call,130.00,-15.15%,3.1,3.1,3.6,1192,478,2.49,30.06%,38.01%,0.273664,2026-08-17
NFLX,76.02,2026-08-28,11,Call,81.00,-6.55%,0.33,0.35,0.35,2823,1139,2.48,31.89%,33.81%,0.150762,2026-08-17
BSX,51.43,2026-08-28,11,Put,49.00,-4.72%,0.15,0.35,0.45,534,216,2.47,36.09%,32.62%,-0.183965,2026-08-17
DELL,479.81,2026-08-21,4,Put,465.00,-3.09%,7.45,7.4,7.6,578,234,2.47,79.47%,69.60%,-0.318864,2026-08-17
NOW,117.7,2026-08-21,4,Put,119.00,+1.10%,3.3,3.4,3.55,848,344,2.47,52.24%,55.65%,-0.561279,2026-08-17
NVTS,14.58,2026-08-21,4,Call,16.50,-13.17%,0.12,0.13,0.13,1366,552,2.47,91.66%,108.72%,0.15229,2026-08-17
IREN,44.9,2026-08-21,4,Put,43.50,-3.12%,1.1,1.15,1.16,3055,1239,2.47,99.77%,94.72%,-0.354756,2026-08-17
SPCX,146.23,2026-09-04,18,Call,150.00,-2.58%,7.1,7.2,7.25,4986,2015,2.47,65.64%,67.31%,0.466684,2026-08-17
INTC,103.49,2026-08-19,2,Call,105.00,-1.46%,1.4,1.43,1.45,17365,7024,2.47,65.91%,67.80%,0.397367,2026-08-17
ADBE,254.04,2026-08-21,4,Put,340.00,+33.84%,84.15,84.16,90.1,512,208,2.46,53.56%,174.39%,-0.934269,2026-08-17
GEV,1079,2026-10-16,60,Put,950.00,-11.96%,28.3,29.4,33.8,618,251,2.46,48.16%,49.65%,-0.224154,2026-08-17
MSTR,97.68,2026-08-21,4,Put,97.00,-0.70%,2.56,2.65,2.69,904,368,2.46,68.39%,73.05%,-0.446746,2026-08-17
RCAT,10.44,2026-08-21,4,Put,10.00,-4.21%,0.2,0.25,0.28,2137,867,2.46,93.97%,99.78%,-0.319954,2026-08-17
SKHY,171.38,2026-08-21,4,Put,165.00,-3.72%,3.4,3.49,3.7,2350,957,2.46,79.38%,89.02%,-0.323681,2026-08-17
SKHY,171.38,2026-09-04,18,Put,110.00,-35.82%,0.1,0.2,0.3,1031,421,2.45,79.38%,96.36%,-0.014379,2026-08-17
NFLX,76.02,2026-09-18,32,Put,100.00,+31.54%,22.15,24.5,24.3,1356,553,2.45,31.89%,68.35%,-0.898876,2026-08-17
SPCX,146.23,2026-08-28,11,Put,138.00,-5.63%,3.2,3.2,3.3,886,363,2.44,65.64%,67.23%,-0.286751,2026-08-17
NFLX,76.02,2026-08-21,4,Put,90.00,+18.39%,12.7,14,14.35,1805,739,2.44,31.89%,75.08%,-0.984814,2026-08-17
CVNA,70.09,2026-11-20,95,Put,60.00,-14.40%,3.75,3.63,4.25,1955,801,2.44,54.04%,62.95%,-0.251214,2026-08-17
GM,84.37,2026-08-21,4,Put,84.00,-0.44%,0.88,0.94,1,2055,841,2.44,30.84%,32.02%,-0.43823,2026-08-17
RDDT,164.5,2026-08-28,11,Call,175.00,-6.38%,3.35,3.62,3.9,730,301,2.43,59.39%,65.66%,0.316904,2026-08-17
CRWV,106,2026-08-21,4,Put,97.00,-8.49%,0.78,0.8,0.87,808,333,2.43,77.82%,87.90%,-0.155238,2026-08-17
RKLB,82.08,2026-08-21,4,Call,92.00,-12.09%,0.47,0.47,0.49,1632,672,2.43,78.49%,91.55%,0.12744,2026-08-17
NBIS,268.85,2026-08-21,4,Call,285.00,-6.01%,7.3,7.65,7.65,1777,731,2.43,98.97%,121.74%,0.347908,2026-08-17
DIS,103.5,2026-08-21,4,Put,104.00,+0.48%,1.1,1.18,1.35,1926,793,2.43,22.99%,22.14%,-0.576612,2026-08-17
MU,1011.75,2026-08-21,4,Call,"1,030.00",-1.80%,20.65,21.26,21.8,6588,2715,2.43,64.94%,68.73%,0.417959,2026-08-17
TSLA,339.3,2026-08-21,4,Put,345.00,+1.68%,9.1,9.14,9.25,6573,2717,2.42,38.67%,41.81%,-0.637776,2026-08-17
GLW,173.21,2026-08-21,4,Call,182.50,-5.36%,2.06,2.2,2.46,563,233,2.42,66.10%,77.22%,0.273577,2026-08-17
PDD,86.94,2026-08-28,11,Call,87.00,-0.07%,3,3.11,3.5,776,321,2.42,41.19%,53.72%,0.520321,2026-08-17
MS,218.21,2027-03-19,214,Call,260.00,-19.15%,7.6,8.37,8.45,1000,414,2.42,28.66%,30.83%,0.281217,2026-08-17
ORCL,146.65,2026-08-21,4,Call,149.00,-1.60%,2.57,2.66,2.66,1023,422,2.42,68.76%,59.24%,0.412344,2026-08-17
WULF,17.6,2026-11-20,95,Call,28.00,-59.09%,0.72,0.9,0.92,1061,438,2.42,87.39%,96.00%,0.207915,2026-08-17
AMZN,261.31,2028-12-15,851,Put,340.00,+30.11%,93.95,95.8,97.95,1253,518,2.42,28.33%,35.87%,-0.592031,2026-08-17
DELL,479.81,2026-08-21,4,Call,480.00,-0.04%,13.7,14.3,14.1,1378,569,2.42,79.47%,69.45%,0.514165,2026-08-17
NVDA,225.01,2026-08-19,2,Call,220.00,+2.23%,5.55,5.7,5.8,3219,1328,2.42,38.42%,35.49%,0.809771,2026-08-17
TGT,151.01,2026-08-28,11,Call,157.50,-4.30%,3.3,3.55,3.75,842,350,2.41,41.00%,58.38%,0.358116,2026-08-17
SKHY,171.38,2026-09-04,18,Put,115.00,-32.90%,0.25,0.35,0.35,916,380,2.41,79.38%,93.65%,-0.021162,2026-08-17
TSLA,339.3,2026-08-19,2,Put,322.50,-4.95%,0.3,0.3,0.32,1247,518,2.41,38.67%,45.28%,-0.062097,2026-08-17
META,568.97,2026-08-19,2,Call,605.00,-6.33%,0.22,0.24,0.27,764,319,2.39,33.97%,44.73%,0.033439,2026-08-17
MSFT,480.35,2026-08-21,4,Put,467.50,-2.68%,1.67,1.78,1.83,788,330,2.39,26.49%,31.30%,-0.196952,2026-08-17
HD,337.88,2026-08-21,4,Put,320.00,-5.29%,1.25,1.25,1.34,2489,1043,2.39,29.29%,49.61%,-0.141208,2026-08-17
VIST,72.16,2026-11-20,95,Call,80.00,-10.86%,3.7,3.97,4,2757,1152,2.39,43.82%,44.27%,0.382281,2026-08-17
AAPL,305.59,2026-08-24,7,Put,295.00,-3.47%,0.46,0.58,0.71,727,306,2.38,23.49%,22.56%,-0.122394,2026-08-17
BRSL,11.57,2026-08-21,4,Call,9.00,+22.21%,2.15,2.53,2.8,1563,656,2.38,33.51%,124.00%,0.978027,2026-08-17
NFLX,76.02,2026-09-18,32,Put,110.00,+44.70%,32.7,32.8,35.75,2356,991,2.38,31.89%,75.99%,-0.9441,2026-08-17
CSCO,112.9,2026-08-21,4,Call,117.00,-3.63%,0.36,0.38,0.4,3607,1518,2.38,30.06%,35.22%,0.172905,2026-08-17
IREN,44.9,2026-08-28,11,Put,40.00,-10.91%,1.35,1.4,1.38,3865,1625,2.38,99.77%,111.10%,-0.241769,2026-08-17
SNDK,1786.85,2026-08-21,4,Call,"2,000.00",-11.93%,14.5,14.67,14.9,11032,4653,2.37,86.31%,100.87%,0.156055,2026-08-17
CTSH,56.61,2026-09-18,32,Call,42.50,+24.92%,13.1,14.4,16.2,635,268,2.37,40.53%,75.77%,0.916897,2026-08-17
ACAD,29.01,2026-09-18,32,Call,33.00,-13.75%,0.6,0.85,0.9,712,301,2.37,46.86%,59.18%,0.26458,2026-08-17
NOW,117.7,2026-08-21,4,Put,113.00,-3.99%,0.94,0.97,0.99,777,328,2.37,52.24%,56.04%,-0.232682,2026-08-17
AXTI,95.97,2026-08-21,4,Call,110.00,-14.62%,1.6,1.8,2.15,1033,435,2.37,131.82%,155.24%,0.224827,2026-08-17
NFLX,76.02,2026-08-21,4,Put,96.00,+26.28%,18.7,20.65,21.95,1278,539,2.37,31.89%,147.01%,-0.925367,2026-08-17
PANW,375.76,2028-12-15,851,Call,310.00,+17.50%,163,166.4,171,896,380,2.36,59.16%,59.02%,0.780244,2026-08-17
NBIS,268.85,2026-08-21,4,Put,225.00,-16.31%,1.31,1.35,1.42,2968,1255,2.36,98.97%,127.16%,-0.079714,2026-08-17
RIOT,20.04,2026-12-18,123,Call,25.00,-24.75%,2.55,2.6,2.61,16387,6957,2.36,83.36%,88.69%,0.441582,2026-08-17
MRVL,234.33,2026-08-21,4,Call,265.00,-13.09%,0.77,0.8,0.84,8676,3695,2.35,80.94%,83.79%,0.08787,2026-08-17
NFLX,76.02,2026-09-18,32,Put,111.00,+46.01%,33.15,33.8,37.05,552,235,2.35,31.89%,71.57%,-0.962373,2026-08-17
TSLA,339.3,2026-08-21,4,Put,440.00,+29.68%,99.85,100.25,102.55,690,294,2.35,38.67%,131.42%,-0.966543,2026-08-17
NVDA,225.01,2026-09-25,39,Call,230.00,-2.22%,9.15,9.45,9.45,1498,637,2.35,38.42%,38.10%,0.465568,2026-08-17
OKLO,43.88,2026-08-21,4,Put,65.00,+48.13%,20.55,20.55,21.45,1972,840,2.35,77.52%,153.77%,-0.992537,2026-08-17
BIDU,104.12,2026-09-18,32,Call,105.00,-0.85%,5.6,5.85,6.45,1987,847,2.35,50.94%,51.07%,0.51653,2026-08-17
SNDK,1786.85,2026-08-28,11,Put,"1,500.00",-16.05%,18.3,19.5,20.8,594,254,2.34,86.31%,94.75%,-0.124614,2026-08-17
EOSE,3.93,2027-04-16,242,Call,10.00,-154.45%,0.44,0.55,0.76,700,299,2.34,102.32%,125.54%,0.35317,2026-08-17
CAKE,109.07,2026-08-21,4,Call,110.00,-0.85%,1.7,1.75,1.9,1470,627,2.34,41.45%,48.57%,0.445801,2026-08-17
PLTR,172.55,2026-08-21,4,Put,172.50,-0.03%,3.4,3.49,3.55,10884,4646,2.34,44.58%,49.01%,-0.485038,2026-08-17
AMZN,261.31,2026-08-21,4,Call,265.00,-1.41%,1.89,1.91,1.94,24963,10730,2.33,28.33%,31.05%,0.343507,2026-08-17
AMRZ,45.73,2028-01-21,522,Put,39.56,-13.49%,2.95,2.9,4.6,504,216,2.33,29.24%,35.25%,-0.261508,2026-08-17
APP,311.98,2026-10-16,60,Put,260.00,-16.66%,7.7,7.92,8.2,527,226,2.33,53.60%,57.80%,-0.179362,2026-08-17
KLAR,19.51,2026-08-28,11,Call,20.00,-2.51%,1.3,1.46,1.55,688,295,2.33,84.98%,120.79%,0.496706,2026-08-17
CVX,202.7,2026-08-21,4,Put,197.50,-2.57%,0.98,1.05,1.23,786,337,2.33,26.07%,36.15%,-0.239955,2026-08-17
SNDK,1786.85,2026-08-21,4,Call,"1,730.00",+3.18%,101.7,102.8,107.6,903,388,2.33,86.31%,98.48%,0.643967,2026-08-17
CXW,33.58,2027-01-15,151,Call,34.00,-1.25%,3.8,4,4.2,2423,1040,2.33,43.60%,50.26%,0.535929,2026-08-17
SNDK,1786.85,2026-09-18,32,Call,"2,000.00",-11.93%,106.5,108,109.2,2595,1113,2.33,86.31%,87.18%,0.384006,2026-08-17
UAMY,5.62,2026-08-28,11,Call,6.50,-15.66%,0.05,0.1,0.1,572,247,2.32,95.06%,84.13%,0.179933,2026-08-17
IREN,44.9,2026-08-21,4,Put,40.50,-9.80%,0.29,0.33,0.39,689,297,2.32,99.77%,96.30%,-0.140707,2026-08-17
WMT,114.33,2026-08-28,11,Put,108.00,-5.54%,0.85,0.93,0.99,734,316,2.32,29.96%,40.79%,-0.197522,2026-08-17
ACHR,6.39,2026-08-28,11,Put,6.00,-6.10%,0.13,0.15,0.15,1283,553,2.32,74.03%,69.30%,-0.27707,2026-08-17
SPCX,146.23,2026-08-21,4,Call,141.00,+3.58%,7.45,7.82,7.8,7715,3333,2.31,65.64%,75.01%,0.694349,2026-08-17
CLSK,12.4,2026-09-25,39,Call,12.50,-0.81%,1.27,1.34,1.44,838,363,2.31,81.20%,85.46%,0.549777,2026-08-17
GM,84.37,2026-08-28,11,Call,90.00,-6.67%,0.25,0.33,0.44,545,237,2.3,30.84%,33.35%,0.141722,2026-08-17
AMD,506,2026-12-18,123,Call,720.00,-42.29%,18.5,20.12,20.35,1032,448,2.3,54.27%,61.59%,0.220167,2026-08-17
TSM,430.97,2026-08-21,4,Call,442.50,-2.68%,2.43,2.85,2.79,1915,833,2.3,35.37%,37.57%,0.259916,2026-08-17
CAH,235.66,2026-09-18,32,Call,260.00,-10.33%,0.55,0.76,1,506,221,2.29,26.55%,24.45%,0.098975,2026-08-17
ALM,16.36,2026-09-18,32,Put,15.00,-8.31%,1,1.07,1.15,662,289,2.29,90.74%,91.41%,-0.320604,2026-08-17
SOFI,18.31,2026-09-25,39,Call,19.00,-3.77%,0.8,0.84,0.89,1347,591,2.28,46.75%,46.42%,0.44361,2026-08-17
RKLB,82.08,2026-08-21,4,Call,84.00,-2.34%,2.01,2.13,2.21,2310,1012,2.28,78.49%,85.35%,0.416946,2026-08-17
HPE,57.61,2027-03-19,214,Put,45.00,-21.89%,4.8,4.9,5.3,2501,1097,2.28,73.13%,67.96%,-0.222032,2026-08-17
MSTR,97.68,2026-08-21,4,Put,150.00,+53.56%,52,51.9,52.55,891,393,2.27,68.39%,158.52%,-0.995799,2026-08-17
AMD,506,2027-02-19,186,Call,700.00,-38.34%,35.8,37.4,38.4,1003,442,2.27,54.27%,61.66%,0.318766,2026-08-17
NVDA,225.01,2026-08-28,11,Call,237.50,-5.55%,2.89,2.92,2.94,3984,1754,2.27,38.42%,46.92%,0.270612,2026-08-17
AMZN,261.31,2026-08-28,11,Call,270.00,-3.33%,2.12,2.2,2.28,5628,2480,2.27,28.33%,29.31%,0.275579,2026-08-17
SOFI,18.31,2026-09-25,39,Put,15.50,-15.35%,0.15,0.19,0.24,537,238,2.26,46.75%,48.73%,-0.125462,2026-08-17
TSLA,339.3,2026-11-20,95,Put,225.00,-33.69%,1.47,1.51,1.59,624,276,2.26,38.67%,50.55%,-0.039405,2026-08-17
WDAY,191.18,2026-08-21,4,Call,205.00,-7.23%,0.3,0.95,1.15,693,307,2.26,56.21%,57.25%,0.129659,2026-08-17
SMCI,38.28,2026-08-28,11,Put,37.00,-3.34%,1.29,1.33,1.44,766,339,2.26,73.95%,75.01%,-0.369435,2026-08-17
ORCL,146.65,2026-08-21,4,Put,146.00,-0.44%,3.05,3.14,3.25,884,391,2.26,68.76%,56.98%,-0.457042,2026-08-17
SMCI,38.28,2026-08-28,11,Put,36.00,-5.96%,0.9,1,1.04,1095,485,2.26,73.95%,74.31%,-0.291869,2026-08-17
GOOG,341.45,2026-08-28,11,Call,345.00,-1.04%,5,5,5.2,1628,720,2.26,27.37%,27.69%,0.432448,2026-08-17
META,568.97,2026-08-28,11,Call,625.00,-9.85%,1.3,1.4,1.51,3025,1338,2.26,33.97%,37.94%,0.084079,2026-08-17
ECHO,92.51,2026-08-21,4,Put,140.00,+51.33%,45.7,47.5,49.1,6100,2700,2.26,48.68%,154.16%,-0.995108,2026-08-17
BBD,3.09,2028-01-21,522,Put,4.00,+29.45%,0,1.25,5,20000,8864,2.26,35.97%,140.02%,-0.242116,2026-08-17
M,23.22,2027-09-17,396,Put,20.00,-13.87%,2.55,2.75,3.1,667,297,2.25,55.34%,49.69%,-0.280535,2026-08-17
SPCX,146.23,2026-08-28,11,Call,149.00,-1.89%,5.75,5.9,5.85,680,302,2.25,65.64%,68.82%,0.464851,2026-08-17
CRWV,106,2026-08-21,4,Call,104.00,+1.89%,4.8,5.45,5.25,826,367,2.25,77.82%,89.45%,0.600453,2026-08-17
WYFI,30.35,2026-09-18,32,Call,35.00,-15.32%,2.5,2.68,3.1,874,388,2.25,122.92%,123.54%,0.421531,2026-08-17
NBIS,268.85,2026-08-21,4,Call,282.50,-5.08%,7.95,8.4,8.55,513,229,2.24,98.97%,121.64%,0.373655,2026-08-17
KHC,24.75,2026-08-28,11,Put,24.50,-1.01%,0.24,0.31,0.36,625,279,2.24,27.85%,23.77%,-0.401509,2026-08-17
USAR,19.29,2026-08-21,4,Put,18.50,-4.10%,0.34,0.41,0.4,660,295,2.24,85.00%,88.40%,-0.307861,2026-08-17
AMD,506,2026-08-19,2,Put,450.00,-11.07%,0.12,0.2,0.2,696,311,2.24,54.27%,74.72%,-0.015728,2026-08-17
SMCI,38.28,2026-08-28,11,Put,33.00,-13.79%,0.27,0.33,0.32,1002,448,2.24,73.95%,75.53%,-0.114073,2026-08-17
EQNR,41.82,2026-09-18,32,Call,43.00,-2.82%,1.35,1.4,1.45,1111,496,2.24,37.66%,38.48%,0.42667,2026-08-17
CBRS,251.98,2026-08-21,4,Call,270.00,-7.15%,6.2,7,7.4,1121,500,2.24,98.77%,128.32%,0.328464,2026-08-17
NOW,117.7,2026-08-21,4,Call,126.00,-7.05%,0.5,0.64,0.6,1574,703,2.24,52.24%,60.10%,0.147899,2026-08-17
ZTS,72.97,2027-01-15,151,Put,75.00,+2.78%,7.6,8,8.2,2061,920,2.24,34.23%,37.30%,-0.489214,2026-08-17
NBIS,268.85,2026-08-21,4,Put,232.50,-13.52%,2.05,2.15,2.27,565,253,2.23,98.97%,124.55%,-0.118573,2026-08-17
SPCX,146.23,2026-08-28,11,Call,157.50,-7.71%,3.1,3,3.25,724,325,2.23,65.64%,70.90%,0.297072,2026-08-17
AMC,2.44,2026-09-04,18,Call,2.50,-2.46%,0.15,0.15,0.18,1256,564,2.23,81.63%,88.98%,0.488469,2026-08-17
TSLA,339.3,2026-08-21,4,Put,342.50,+0.94%,7.5,7.6,7.65,1763,792,2.23,38.67%,41.50%,-0.574401,2026-08-17
MU,1011.75,2026-08-21,4,Put,940.00,-7.09%,5.55,5.86,5.9,1910,856,2.23,64.94%,69.48%,-0.146241,2026-08-17
SNDK,1786.85,2026-08-21,4,Put,"1,280.00",-28.37%,0.35,0.45,0.55,500,225,2.22,86.31%,129.16%,-0.00559,2026-08-17
CVS,94.01,2026-12-18,123,Put,62.50,-33.52%,0.2,0.29,0.47,513,231,2.22,26.29%,41.72%,-0.034071,2026-08-17
SKHY,171.38,2026-08-21,4,Put,149.00,-13.06%,0.55,0.7,0.65,525,237,2.22,79.38%,96.26%,-0.074543,2026-08-17
AVGO,392.43,2026-08-19,2,Call,402.50,-2.57%,1.53,1.6,1.7,599,270,2.22,49.33%,43.81%,0.223584,2026-08-17
BABA,124.71,2026-08-21,4,Call,136.00,-9.05%,1.05,1.1,1.15,702,316,2.22,47.25%,87.50%,0.184006,2026-08-17
SNDK,1786.85,2026-08-21,4,Put,"1,570.00",-12.14%,8.2,8.2,8.5,718,324,2.22,86.31%,97.77%,-0.093607,2026-08-17
RXRX,3.11,2026-09-25,39,Call,0.50,+83.92%,0.52,2.76,4.75,736,332,2.22,73.80%,332.64%,0.987071,2026-08-17
GOOG,341.45,2026-08-21,4,Call,190.00,+44.35%,149.6,151.56,153.5,894,403,2.22,27.37%,196.79%,0.998379,2026-08-17
XP,15.7,2026-08-21,4,Put,15.00,-4.46%,0.2,0.24,0.25,1303,586,2.22,45.20%,77.75%,-0.274313,2026-08-17
CDE,19.31,2027-06-17,304,Call,25.00,-29.47%,3,3.22,3.3,1111,502,2.21,61.59%,67.82%,0.474567,2026-08-17
MSTR,97.68,2026-08-21,4,Put,160.00,+63.80%,59.75,61.15,64.8,1199,542,2.21,68.39%,179.54%,-0.996223,2026-08-17
ORCL,146.65,2026-08-21,4,Put,138.00,-5.90%,0.67,0.7,0.72,1672,758,2.21,68.76%,57.51%,-0.148288,2026-08-17
META,568.97,2026-08-21,4,Call,565.00,+0.70%,10.9,11.11,11.3,1884,854,2.21,33.97%,37.42%,0.582158,2026-08-17
PLTR,172.55,2026-08-21,4,Call,175.00,-1.42%,2.47,2.48,2.5,24072,10897,2.21,44.58%,48.92%,0.404395,2026-08-17
SMCI,38.28,2026-08-21,4,Put,38.00,-0.73%,1.15,1.18,1.2,7862,3573,2.2,73.95%,82.70%,-0.447536,2026-08-17
W,103.08,2026-08-21,4,Call,102.00,+1.05%,3,3.2,3.45,904,411,2.2,54.04%,61.37%,0.580158,2026-08-17
NBIS,268.85,2026-08-21,4,Call,272.50,-1.36%,11.6,12.25,12.25,946,430,2.2,98.97%,120.62%,0.483836,2026-08-17
AMD,506,2026-12-18,123,Call,740.00,-46.25%,16.1,18.48,18.3,1040,472,2.2,54.27%,61.80%,0.199304,2026-08-17
APLD,31.18,2026-08-21,4,Put,29.50,-5.39%,0.48,0.51,0.55,625,286,2.19,85.82%,92.52%,-0.266326,2026-08-17
WDC,536.01,2026-08-21,4,Call,570.00,-6.34%,6.7,7.5,8.5,665,304,2.19,73.42%,87.28%,0.266604,2026-08-17
BIDU,104.12,2026-08-21,4,Put,103.00,-1.08%,2.8,2.9,3.05,809,370,2.19,50.94%,80.33%,-0.430698,2026-08-17
BIDU,104.12,2026-08-21,4,Put,92.00,-11.64%,0.18,0.19,0.2,8891,4062,2.19,50.94%,75.28%,-0.05321,2026-08-17
AAPL,305.59,2026-08-19,2,Call,315.00,-3.08%,0.16,0.17,0.18,6676,3061,2.18,23.49%,26.71%,0.064915,2026-08-17
CORZ,20.13,2026-08-28,11,Put,18.00,-10.58%,0.15,0.24,0.4,572,262,2.18,74.13%,76.21%,-0.179051,2026-08-17
COIN,150.55,2026-08-28,11,Call,175.00,-16.24%,0.94,1.13,1.09,773,355,2.18,62.10%,69.53%,0.119496,2026-08-17
PSX,240.55,2026-09-18,32,Call,190.00,+21.01%,48.5,49.3,52.2,941,431,2.18,36.19%,25.29%,0.997496,2026-08-17
SPCX,146.23,2028-12-15,851,Put,75.00,-48.71%,12,12.95,13.25,1759,807,2.18,65.64%,66.50%,-0.107736,2026-08-17
BRK.B,498.23,2026-12-18,123,Call,515.00,-3.37%,13.75,14.35,14.55,533,246,2.17,13.68%,16.12%,0.433153,2026-08-17
ASTS,71.14,2026-08-21,4,Put,71.00,-0.20%,2.37,2.58,2.6,677,312,2.17,80.22%,86.52%,-0.471853,2026-08-17
NFLX,76.02,2026-08-28,11,Put,77.00,+1.29%,2.14,2.15,2.34,735,339,2.17,31.89%,33.02%,-0.572025,2026-08-17
MSFT,480.35,2026-09-18,32,Call,495.00,-3.05%,8.7,9.22,9.3,3132,1450,2.16,26.49%,25.62%,0.372733,2026-08-17
AMD,506,2026-08-21,4,Call,542.50,-7.21%,2.14,2.23,2.3,600,279,2.15,54.27%,59.78%,0.141102,2026-08-17
ASTS,71.14,2026-08-21,4,Call,74.00,-4.02%,1.55,1.59,1.67,1209,562,2.15,80.22%,92.48%,0.36141,2026-08-17
VSAT,81.41,2027-01-15,151,Put,85.00,+4.41%,17.3,17.2,20.1,2201,1022,2.15,76.66%,83.22%,-0.41836,2026-08-17
MSTR,97.68,2026-08-21,4,Put,145.00,+48.44%,47,46.9,47.55,867,406,2.14,68.39%,147.37%,-0.995571,2026-08-17
NVDA,225.01,2026-08-24,7,Call,230.00,-2.22%,1.75,1.81,1.81,11550,5386,2.14,38.42%,29.54%,0.308234,2026-08-17
AMAT,535.31,2026-08-21,4,Call,575.00,-7.41%,2.8,3.22,3.5,507,238,2.13,57.13%,67.00%,0.163586,2026-08-17
WMB,73.45,2027-01-15,151,Call,75.00,-2.11%,4.4,4.74,4.8,3076,1442,2.13,26.85%,27.64%,0.492473,2026-08-17
SNDK,1786.85,2026-08-21,4,Call,"2,200.00",-23.12%,2.25,3.06,3.1,4405,2072,2.13,86.31%,106.37%,0.035259,2026-08-17
HL,18.82,2026-08-21,4,Put,18.50,-1.70%,0.12,0.34,0.4,509,240,2.12,59.78%,51.65%,-0.363013,2026-08-17
APP,311.98,2026-08-28,11,Call,340.00,-8.98%,3.3,3.57,3.9,590,278,2.12,53.60%,57.71%,0.212578,2026-08-17
SPCX,146.23,2026-08-28,11,Call,146.00,+0.16%,7,7.05,7.2,716,338,2.12,65.64%,68.30%,0.532592,2026-08-17
FIG,24.99,2026-08-21,4,Put,23.50,-5.96%,0.2,0.25,0.25,794,375,2.12,72.50%,73.84%,-0.200824,2026-08-17
NET,307.01,2026-09-18,32,Put,200.00,-34.86%,0.01,0.24,0.28,1860,876,2.12,51.28%,62.12%,-0.007379,2026-08-17
ENVX,3.6,2026-08-21,4,Put,3.50,-2.78%,0.11,0.11,0.13,1874,884,2.12,87.60%,110.54%,-0.385055,2026-08-17
INTC,103.49,2026-08-21,4,Put,103.00,-0.47%,2.71,2.75,2.76,3040,1433,2.12,65.91%,69.34%,-0.457935,2026-08-17
IREN,44.9,2026-08-21,4,Call,47.00,-4.68%,0.98,1.01,1.02,9360,4405,2.12,99.77%,96.91%,0.346056,2026-08-17
AMD,506,2026-08-19,2,Call,505.00,+0.20%,8.55,8.8,9.05,649,307,2.11,54.27%,55.20%,0.529384,2026-08-17
T,24.68,2026-09-18,32,Put,29.00,+17.50%,3.15,4.1,4.6,730,346,2.11,25.52%,24.28%,-0.983918,2026-08-17
MU,1011.75,2026-09-04,18,Put,850.00,-15.99%,7.7,7.8,8.65,638,304,2.1,64.94%,67.39%,-0.105718,2026-08-17
MOS,21.23,2026-08-28,11,Put,21.00,-1.08%,0.5,0.65,0.6,753,359,2.1,40.35%,45.01%,-0.429309,2026-08-17
AAPL,305.59,2026-08-21,4,Put,287.50,-5.92%,0.09,0.1,0.13,872,416,2.1,23.49%,31.05%,-0.028462,2026-08-17
MU,1011.75,2026-11-20,95,Put,150.00,-85.17%,0.02,0.13,0.28,1034,492,2.1,64.94%,131.08%,-0.000683,2026-08-17
MU,1011.75,2026-08-21,4,Put,960.00,-5.11%,9.15,9.43,9.6,1364,649,2.1,64.94%,68.19%,-0.218827,2026-08-17
AAPL,305.59,2026-08-21,4,Call,302.50,+1.01%,4.85,5.15,5.2,2070,986,2.1,23.49%,24.99%,0.661022,2026-08-17
MSTR,97.68,2026-09-11,25,Put,70.00,-28.34%,0.32,0.54,0.56,660,316,2.09,68.39%,81.72%,-0.046896,2026-08-17
PCG,17.5,2026-10-16,60,Call,20.00,-14.29%,0.47,0.5,0.51,710,339,2.09,53.96%,45.53%,0.271029,2026-08-17
MU,1011.75,2026-08-21,4,Call,"1,040.00",-2.79%,17.25,17.55,18.25,2510,1202,2.09,64.94%,69.15%,0.367349,2026-08-17
MRVL,234.33,2026-08-28,11,Call,260.00,-10.95%,7.35,7.51,8,2575,1231,2.09,80.94%,102.65%,0.312638,2026-08-17
AMZN,261.31,2026-08-21,4,Call,237.50,+9.11%,23.55,23.3,24.25,2319,1115,2.08,28.33%,32.22%,0.997881,2026-08-17
AG,19.57,2026-09-18,32,Call,21.00,-7.31%,0.72,0.92,0.99,2835,1365,2.08,60.11%,60.16%,0.385662,2026-08-17
BIDU,104.12,2026-08-21,4,Call,110.00,-5.65%,1.57,1.62,1.7,4972,2389,2.08,50.94%,86.71%,0.289263,2026-08-17
ASTS,71.14,2026-08-21,4,Call,78.00,-9.64%,0.7,0.78,0.76,838,404,2.07,80.22%,95.77%,0.193735,2026-08-17
CABA,2.89,2027-01-15,151,Put,4.50,+55.71%,1.6,2.04,2.45,650,316,2.06,137.39%,118.44%,-0.578791,2026-08-17
AMZN,261.31,2026-09-04,18,Call,270.00,-3.33%,3.3,3.4,3.55,2514,1222,2.06,28.33%,28.71%,0.325208,2026-08-17
CAR,141.3,2026-08-21,4,Call,145.00,-2.62%,1.45,2.66,2.9,581,284,2.05,49.05%,62.18%,0.359981,2026-08-17
ORCL,146.65,2028-12-15,851,Put,125.00,-14.76%,34.1,34.45,36.8,706,345,2.05,68.76%,63.41%,-0.24172,2026-08-17
AAOI,154.89,2026-08-21,4,Put,140.00,-9.61%,2.25,2.35,2.4,1007,492,2.05,109.65%,122.99%,-0.197036,2026-08-17
ABCL,11.2,2026-08-21,4,Call,11.00,+1.79%,0.55,0.55,0.7,2830,1381,2.05,87.72%,111.49%,0.585574,2026-08-17
IREN,44.9,2027-01-15,151,Put,40.00,-10.91%,7.6,7.63,8,12591,6150,2.05,99.77%,96.79%,-0.30306,2026-08-17
CPNG,15.72,2026-08-21,4,Put,20.00,+27.23%,4.05,4.35,4.4,667,327,2.04,42.26%,149.94%,-0.927674,2026-08-17
BX,140.57,2026-08-21,4,Put,135.00,-3.96%,0.37,0.48,0.61,2726,1338,2.04,34.33%,39.39%,-0.158085,2026-08-17
APLD,31.18,2026-08-21,4,Put,30.50,-2.18%,0.88,0.91,0.93,594,293,2.03,85.82%,94.74%,-0.391531,2026-08-17
GME,18.4,2027-06-17,304,Call,37.00,-101.09%,0.38,0.6,1.18,596,293,2.03,45.88%,65.45%,0.168901,2026-08-17
KHC,24.75,2026-08-28,11,Call,25.50,-3.03%,0.18,0.2,0.22,925,455,2.03,27.85%,28.27%,0.27448,2026-08-17
SEI,65.97,2026-09-18,32,Put,50.00,-24.21%,0.45,0.65,0.95,1378,678,2.03,74.00%,77.26%,-0.090648,2026-08-17
RYN,21.41,2027-02-19,186,Put,30.00,+40.12%,7,8.9,10,1430,703,2.03,24.18%,38.53%,-0.857343,2026-08-17
JNJ,262.37,2028-01-21,522,Put,175.00,-33.30%,2.8,3.5,4.95,500,248,2.02,22.62%,29.55%,-0.079502,2026-08-17
AXTI,95.97,2026-09-18,32,Call,200.00,-108.40%,0.95,1.07,1.5,721,357,2.02,131.82%,149.20%,0.075807,2026-08-17
MU,1011.75,2026-08-21,4,Put,925.00,-8.57%,3.7,3.85,4,755,373,2.02,64.94%,70.52%,-0.10454,2026-08-17
NKE,39.09,2026-08-28,11,Put,40.50,+3.61%,1.44,1.66,1.97,1049,520,2.02,33.47%,29.39%,-0.748294,2026-08-17
TSLA,339.3,2026-08-24,7,Call,350.00,-3.15%,3,3,3.1,1391,689,2.02,38.67%,37.23%,0.286695,2026-08-17
HIMS,28.61,2026-10-16,60,Call,34.00,-18.84%,1.54,1.61,1.96,2443,1210,2.02,68.70%,75.59%,0.348225,2026-08-17
OPEN,3.54,2026-08-28,11,Put,3.50,-1.13%,0.13,0.15,0.17,2997,1484,2.02,70.26%,70.15%,-0.435853,2026-08-17
BMNR,18.73,2026-08-28,11,Call,21.50,-14.79%,0.19,0.24,0.26,764,380,2.01,73.60%,78.45%,0.174314,2026-08-17
TSLA,339.3,2026-08-21,4,Call,347.50,-2.42%,2.94,2.97,3,4496,2232,2.01,38.67%,43.13%,0.309371,2026-08-17
TREE,31.35,2027-01-15,151,Put,30.00,-4.31%,3.4,3.87,4.2,501,250,2,54.96%,52.12%,-0.401005,2026-08-17
AMZN,261.31,2026-08-28,11,Call,267.50,-2.37%,2.8,2.86,2.98,701,351,2,28.33%,29.12%,0.338572,2026-08-17
WDC,536.01,2026-08-21,4,Call,545.00,-1.68%,12.8,14.5,16.4,735,368,2,73.42%,82.72%,0.442605,2026-08-17
TWLO,228.61,2026-09-18,32,Call,260.00,-13.73%,3.1,4.2,3.8,760,380,2,46.84%,47.32%,0.20462,2026-08-17
ASTS,71.14,2026-08-21,4,Call,73.00,-2.61%,1.85,1.93,2,1131,565,2,80.22%,91.22%,0.413558,2026-08-17
META,568.97,2026-08-21,4,Put,565.00,-0.70%,6.7,6.85,6.95,2540,1270,2,33.97%,36.94%,-0.417541,2026-08-17
CPNG,15.72,2026-08-21,4,Put,19.00,+20.87%,2.72,3.45,3.55,3023,1514,2,42.26%,157.07%,-0.857743,2026-08-17
TSLA,339.3,2026-08-19,2,Put,327.50,-3.48%,0.65,0.67,0.68,3126,1562,2,38.67%,42.28%,-0.124533,2026-08-17
OXY,59.04,2026-09-18,32,Put,57.50,-2.61%,1.45,1.47,1.62,4211,2103,2,31.99%,32.85%,-0.368341,2026-08-17
CPNG,15.72,2026-11-20,95,Call,22.00,-39.95%,0.19,0.2,0.24,9005,4514,1.99,42.26%,49.46%,0.121785,2026-08-17
AAOI,154.89,2026-08-21,4,Put,145.00,-6.39%,3.5,3.72,3.9,663,334,1.99,109.65%,122.60%,-0.280597,2026-08-17
SKHY,171.38,2026-09-18,32,Call,210.00,-22.53%,5,5.5,5.5,776,389,1.99,79.38%,81.82%,0.240596,2026-08-17
NIO,4.6,2026-09-25,39,Call,5.00,-8.70%,0.17,0.17,0.19,844,424,1.99,53.97%,53.97%,0.358653,2026-08-17
WHR,39.59,2027-12-17,487,Call,20.00,+49.48%,22.3,22.61,23.7,1167,585,1.99,52.91%,103.06%,0.842384,2026-08-17
CRWV,106,2026-08-21,4,Put,99.00,-6.60%,1.23,1.23,1.28,1374,691,1.99,77.82%,88.27%,-0.214911,2026-08-17
UBER,74.99,2026-08-21,4,Put,76.00,+1.35%,1.66,1.87,1.91,1654,832,1.99,33.71%,39.05%,-0.61792,2026-08-17
INTC,103.49,2026-08-21,4,Put,93.00,-10.14%,0.27,0.33,0.28,2964,1489,1.99,65.91%,73.12%,-0.075114,2026-08-17
MRVL,234.33,2026-08-21,4,Call,245.00,-4.55%,3.7,3.8,3.9,4494,2263,1.99,80.94%,79.99%,0.313696,2026-08-17
DNLI,24.35,2026-12-18,123,Call,20.00,+17.86%,4.4,6.42,8.2,502,253,1.98,30.33%,69.83%,0.764321,2026-08-17
RILY,7.11,2026-08-21,4,Put,7.00,-1.55%,0,0.2,0.31,547,276,1.98,76.51%,67.41%,-0.410491,2026-08-17
BABA,124.71,2028-12-15,851,Put,120.00,-3.78%,23,25.17,26.7,712,359,1.98,47.25%,40.69%,-0.3328,2026-08-17
MRK,135.97,2026-08-21,4,Call,139.00,-2.23%,0.41,0.55,0.56,783,396,1.98,26.36%,26.94%,0.222663,2026-08-17
META,568.97,2026-08-28,11,Put,540.00,-5.09%,3.25,3.65,3.65,990,499,1.98,33.97%,34.66%,-0.180537,2026-08-17
MSFT,480.35,2026-09-18,32,Put,475.00,-1.11%,11.85,12.5,12.45,1933,977,1.98,26.49%,26.89%,-0.418209,2026-08-17
CRWV,106,2026-08-28,11,Put,100.00,-5.66%,3,3.14,3.4,2110,1066,1.98,77.82%,80.62%,-0.310968,2026-08-17
AAOI,154.89,2026-08-21,4,Call,160.00,-3.30%,5.5,6.1,6.3,3981,2007,1.98,109.65%,124.48%,0.428215,2026-08-17
NBIS,268.85,2026-08-21,4,Put,250.00,-7.01%,5.6,5.7,5.95,10225,5165,1.98,98.97%,121.34%,-0.261531,2026-08-17
VICR,253.5,2026-08-21,4,Call,260.00,-2.56%,5.3,7.6,9.9,521,265,1.97,78.56%,97.92%,0.423806,2026-08-17
SOUN,7.04,2026-09-11,25,Call,8.50,-20.74%,0.12,0.14,0.14,1011,513,1.97,67.68%,73.21%,0.190792,2026-08-17
RVMD,212,2026-09-18,32,Call,210.00,+0.94%,14.2,16,17.4,1075,546,1.97,55.55%,58.02%,0.563565,2026-08-17
AHR,54.68,2026-08-21,4,Call,55.00,-0.59%,0.1,0.4,0.7,2000,1017,1.97,28.03%,23.61%,0.414518,2026-08-17
GIS,37.98,2026-09-18,32,Put,37.50,-1.26%,1,1,1.1,4672,2375,1.97,29.64%,27.89%,-0.430694,2026-08-17
SYK,331.68,2026-12-18,123,Call,330.00,+0.51%,24.1,25,25.6,5304,2688,1.97,27.46%,29.50%,0.565587,2026-08-17
CAH,235.66,2026-09-18,32,Put,210.00,-10.89%,0.1,0.7,1.4,530,271,1.96,26.55%,29.03%,-0.079089,2026-08-17
ZIM,28.81,2026-08-21,4,Put,26.50,-8.02%,0,0.17,0.2,530,270,1.96,35.54%,65.26%,-0.103506,2026-08-17
AMD,506,2026-08-28,11,Call,575.00,-13.64%,2.55,2.86,3.05,703,359,1.96,54.27%,58.62%,0.116117,2026-08-17
CRWV,106,2026-08-21,4,Put,102.00,-3.77%,2.07,2.12,2.19,1119,571,1.96,77.82%,87.85%,-0.319878,2026-08-17
HD,337.88,2026-08-21,4,Put,315.00,-6.77%,0.66,0.68,0.69,1540,784,1.96,29.29%,49.34%,-0.08296,2026-08-17
META,568.97,2026-08-28,11,Call,600.00,-5.45%,4.05,4.15,4.25,2196,1122,1.96,33.97%,36.07%,0.211527,2026-08-17
CVNA,70.09,2026-09-18,32,Put,70.00,-0.13%,4.1,4.25,4.4,3191,1624,1.96,54.04%,53.22%,-0.459045,2026-08-17
AMD,506,2026-08-19,2,Put,470.00,-7.11%,0.49,0.54,0.57,503,258,1.95,54.27%,62.61%,-0.052669,2026-08-17
AAL,14.43,2026-09-04,18,Put,13.50,-6.44%,0.01,0.17,0.2,1371,703,1.95,45.98%,33.63%,-0.17476,2026-08-17
CRWV,106,2026-08-21,4,Call,112.00,-5.66%,1.7,1.82,1.81,1646,846,1.95,77.82%,89.18%,0.294965,2026-08-17
GOOG,341.45,2026-08-21,4,Call,342.50,-0.31%,3.65,3.71,3.85,1853,952,1.95,27.37%,29.39%,0.471116,2026-08-17
ARM,271.43,2026-08-21,4,Call,315.00,-16.05%,0.63,0.7,0.83,828,426,1.94,70.79%,91.47%,0.066452,2026-08-17
SNDK,1786.85,2026-08-21,4,Put,"1,620.00",-9.34%,14.7,14.9,15.2,869,447,1.94,86.31%,96.32%,-0.152385,2026-08-17
RKLB,82.08,2026-08-21,4,Call,87.00,-5.99%,1.19,1.25,1.3,929,478,1.94,78.49%,87.69%,0.279594,2026-08-17
BXSL,24.21,2026-11-20,95,Call,24.00,+0.87%,0.7,0.73,1.25,1028,530,1.94,13.97%,22.02%,0.501935,2026-08-17
RKLB,82.08,2026-08-21,4,Put,76.00,-7.41%,0.66,0.74,0.75,1084,558,1.94,78.49%,83.16%,-0.175722,2026-08-17
NBIS,268.85,2026-08-21,4,Put,235.00,-12.59%,2.4,2.45,2.59,1190,614,1.94,98.97%,123.65%,-0.1341,2026-08-17
TSLA,339.3,2026-08-28,11,Call,342.50,-0.94%,7.9,8.01,8.05,1254,647,1.94,38.67%,39.51%,0.465474,2026-08-17
SKHY,171.38,2026-08-21,4,Put,175.00,+2.11%,7.9,8.59,8.7,4513,2329,1.94,79.38%,88.02%,-0.570456,2026-08-17
LTH,45.34,2026-08-21,4,Call,45.00,+0.75%,0.85,1.1,1.35,5005,2579,1.94,43.05%,48.25%,0.572279,2026-08-17
GLW,173.21,2026-08-21,4,Put,162.50,-6.18%,1.36,1.47,1.65,516,267,1.93,66.10%,74.38%,-0.194185,2026-08-17
META,568.97,2026-08-28,11,Call,580.00,-1.94%,9.25,9.45,9.65,653,339,1.93,33.97%,35.38%,0.395099,2026-08-17
TWLO,228.61,2026-08-21,4,Put,220.00,-3.77%,0.85,1.37,2.1,742,385,1.93,46.84%,48.73%,-0.216192,2026-08-17
COF,221.45,2027-03-19,214,Put,165.00,-25.49%,2.9,3.26,3.3,1000,517,1.93,25.08%,34.92%,-0.098829,2026-08-17
NVDA,225.01,2026-08-24,7,Call,232.50,-3.33%,1.13,1.16,1.19,2137,1110,1.93,38.42%,29.61%,0.222668,2026-08-17
CVNA,70.09,2026-08-21,4,Call,77.00,-9.86%,0.14,0.19,0.22,3200,1657,1.93,54.04%,63.88%,0.085841,2026-08-17
TSLA,339.3,2026-08-19,2,Call,367.50,-8.31%,0.14,0.16,0.16,520,271,1.92,38.67%,55.80%,0.028244,2026-08-17
KR,56.07,2026-08-21,4,Put,55.00,-1.91%,0.21,0.3,0.38,6376,3318,1.92,34.58%,30.47%,-0.266401,2026-08-17
NFLX,76.02,2026-08-21,4,Put,76.00,-0.03%,1.03,1.02,1.05,9266,4830,1.92,31.89%,33.50%,-0.48641,2026-08-17
MU,1011.75,2026-08-21,4,Call,"1,050.00",-3.78%,14.5,14.77,15,9836,5129,1.92,64.94%,69.59%,0.320007,2026-08-17
MCD,265.53,2026-08-21,4,Put,262.50,-1.14%,0.98,1.11,1.23,687,360,1.91,20.23%,21.03%,-0.295877,2026-08-17
APLD,31.18,2026-09-04,18,Call,30.00,+3.78%,2.75,2.9,3.5,821,429,1.91,85.82%,90.99%,0.618235,2026-08-17
AAOI,154.89,2026-08-21,4,Put,135.00,-12.84%,1.1,1.45,1.5,825,431,1.91,109.65%,121.44%,-0.125561,2026-08-17
ALAB,320.17,2026-08-21,4,Call,340.00,-6.19%,5.55,6.1,7.05,852,445,1.91,87.83%,101.65%,0.305768,2026-08-17
AAOI,154.89,2026-08-21,4,Call,175.00,-12.98%,2,2.5,2.5,1987,1042,1.91,109.65%,129.54%,0.203397,2026-08-17
SPCX,146.23,2026-08-28,11,Put,150.00,+2.58%,8.7,8.97,9.1,1491,786,1.9,65.64%,67.68%,-0.560079,2026-08-17
PLTR,172.55,2026-08-28,11,Put,170.00,-1.48%,4.1,4.19,4.2,2553,1346,1.9,44.58%,45.55%,-0.405479,2026-08-17
MU,1011.75,2026-08-21,4,Call,"1,150.00",-13.66%,1.85,1.93,1.99,7508,3983,1.89,64.94%,75.59%,0.057724,2026-08-17
IBM,228.85,2026-08-21,4,Call,242.50,-5.96%,0.26,0.34,0.44,530,280,1.89,34.34%,39.29%,0.082817,2026-08-17
ALAB,320.17,2026-08-21,4,Call,350.00,-9.32%,4,4.2,4.4,1695,895,1.89,87.83%,103.35%,0.221927,2026-08-17
GOOGL,344,2026-08-19,2,Call,347.50,-1.02%,1.48,1.61,1.66,1957,1036,1.89,27.88%,29.17%,0.326521,2026-08-17
XPEV,12.2,2026-08-28,11,Call,12.00,+1.64%,0.67,0.74,0.78,2607,1380,1.89,63.28%,73.19%,0.58014,2026-08-17
GRRR,14.95,2026-08-21,4,Put,15.00,+0.33%,0.85,0.95,1,548,291,1.88,103.26%,144.47%,-0.477808,2026-08-17
NTAP,204.2,2026-08-21,4,Put,195.00,-4.51%,0.4,0.95,1.7,569,302,1.88,61.05%,49.53%,-0.178758,2026-08-17
XYZ,80.2,2028-01-21,522,Call,115.00,-43.39%,8.8,8.95,9.25,678,360,1.88,35.16%,45.52%,0.388446,2026-08-17
BAC,63.89,2028-12-15,851,Call,67.50,-5.65%,9.8,10,10.3,735,391,1.88,19.97%,26.89%,0.560828,2026-08-17
DOCN,135.28,2026-08-21,4,Call,145.00,-7.19%,1.3,1.63,2.35,744,396,1.88,77.99%,90.94%,0.24914,2026-08-17
BA,225.95,2028-12-15,851,Put,210.00,-7.06%,28.75,30.71,33.35,797,423,1.88,29.46%,31.90%,-0.322444,2026-08-17
TEN,42.16,2026-09-18,32,Call,45.00,-6.74%,1.05,1.1,1.3,1005,534,1.88,44.83%,45.50%,0.335444,2026-08-17
NKE,39.09,2027-06-17,304,Put,27.50,-29.65%,1.28,1.3,1.38,1207,643,1.88,33.47%,43.98%,-0.137293,2026-08-17
SPCX,146.23,2026-08-28,11,Call,185.00,-26.51%,0.44,0.46,0.49,1326,704,1.88,65.64%,81.18%,0.055853,2026-08-17
BABA,124.71,2026-08-28,11,Call,125.00,-0.23%,4.8,4.91,5,1348,718,1.88,47.25%,58.33%,0.511027,2026-08-17
LITE,968.9,2026-08-21,4,Call,"1,100.00",-13.53%,4.2,5,6,1576,838,1.88,82.06%,95.75%,0.112751,2026-08-17
MU,1011.75,2026-08-21,4,Call,"1,120.00",-10.70%,3.4,3.56,3.7,2064,1096,1.88,64.94%,73.22%,0.099782,2026-08-17
STNG,80.33,2026-10-16,60,Call,85.00,-5.81%,2.1,3.05,3.4,506,270,1.87,35.29%,34.89%,0.376379,2026-08-17
CEVA,32.71,2026-12-18,123,Call,50.00,-52.86%,1.9,2.4,3.2,597,320,1.87,81.36%,90.32%,0.300646,2026-08-17
QBTS,20.87,2026-10-16,60,Call,40.00,-91.66%,0.01,0.26,0.56,891,477,1.87,75.63%,100.83%,0.085024,2026-08-17
NVTS,14.58,2026-08-21,4,Put,13.50,-7.41%,0.17,0.16,0.19,1042,557,1.87,91.66%,96.31%,-0.206863,2026-08-17
AAPL,305.59,2026-08-19,2,Call,317.50,-3.90%,0.09,0.1,0.1,1807,965,1.87,23.49%,28.61%,0.037036,2026-08-17
META,568.97,2026-08-21,4,Call,605.00,-6.33%,0.86,0.92,0.94,2616,1396,1.87,33.97%,41.23%,0.081861,2026-08-17
NVDA,225.01,2026-08-24,7,Put,227.50,+1.11%,4.8,4.8,4.95,822,442,1.86,38.42%,28.53%,-0.597926,2026-08-17
AMZN,261.31,2026-08-19,2,Put,250.00,-4.33%,0.11,0.13,0.14,2240,1203,1.86,28.33%,35.46%,-0.044037,2026-08-17
HOOD,96.25,2026-09-04,18,Put,86.00,-10.65%,0.99,1.14,1.36,539,292,1.85,57.34%,57.49%,-0.168902,2026-08-17
SNDK,1786.85,2026-08-21,4,Call,"1,910.00",-6.89%,28.7,30,30.2,540,292,1.85,86.31%,97.72%,0.275394,2026-08-17
SNDK,1786.85,2026-08-21,4,Call,"2,010.00",-12.49%,13.2,13.5,13.9,760,411,1.85,86.31%,101.15%,0.145764,2026-08-17
UNH,395.62,2026-08-28,11,Call,415.00,-4.90%,1.41,1.38,1.75,1370,740,1.85,27.42%,27.21%,0.163251,2026-08-17
BHP,88.37,2026-08-21,4,Put,85.00,-3.81%,0.45,0.45,0.55,2596,1400,1.85,36.68%,45.99%,-0.20438,2026-08-17
VKTX,33.63,2026-10-16,60,Put,30.00,-10.79%,2.62,2.77,3.05,523,285,1.84,73.54%,87.80%,-0.304004,2026-08-17
AMZN,261.31,2026-08-28,11,Call,262.50,-0.46%,4.75,4.81,4.9,712,388,1.84,28.33%,29.04%,0.482761,2026-08-17
CAPR,7.45,2026-08-21,4,Call,7.00,+6.04%,1.2,1.3,1.4,936,510,1.84,253.04%,352.91%,0.638503,2026-08-17
CRCL,74.59,2026-08-28,11,Call,80.00,-7.25%,2.12,2.25,2.38,1947,1058,1.84,78.47%,82.53%,0.34107,2026-08-17
SNDK,1786.85,2026-08-21,4,Put,"1,600.00",-10.46%,11.7,11.82,12,6632,3597,1.84,86.31%,96.68%,-0.125985,2026-08-17
SPCX,146.23,2026-08-28,11,Call,160.00,-9.42%,2.6,2.65,2.67,7003,3804,1.84,65.64%,71.51%,0.256492,2026-08-17
NVDA,225.01,2026-10-02,46,Call,230.00,-2.22%,10.15,10.3,10.45,652,357,1.83,38.42%,38.04%,0.474049,2026-08-17
AMD,506,2026-08-21,4,Call,545.00,-7.71%,1.9,1.98,2.01,830,454,1.83,54.27%,60.10%,0.126648,2026-08-17
TSLA,339.3,2026-08-21,4,Put,335.00,-1.27%,3.8,3.83,3.9,5716,3130,1.83,38.67%,41.16%,-0.372432,2026-08-17
HPE,57.61,2026-11-20,95,Put,40.00,-30.57%,1.03,1.14,1.34,586,322,1.82,73.13%,67.90%,-0.106192,2026-08-17
MRVL,234.33,2026-08-21,4,Call,232.50,+0.78%,8.4,8.95,9.15,1044,575,1.82,80.94%,79.83%,0.55576,2026-08-17
SNDK,1786.85,2026-08-28,11,Call,"1,800.00",-0.74%,106.1,107.9,109.6,877,484,1.81,86.31%,91.41%,0.515963,2026-08-17
BE,232.16,2026-08-21,4,Call,232.50,-0.15%,8.7,9.8,9.85,1253,693,1.81,93.15%,96.93%,0.516044,2026-08-17
KKR,108.83,2028-01-21,522,Call,150.00,-37.83%,8.3,9.75,11.7,1317,727,1.81,37.74%,39.41%,0.361791,2026-08-17
SNDK,1786.85,2026-08-21,4,Call,"2,300.00",-28.72%,1.1,1.4,1.4,1679,929,1.81,86.31%,110.92%,0.017325,2026-08-17
MSTR,97.68,2026-08-28,11,Call,97.00,+0.70%,4.9,5.07,5.25,2170,1202,1.81,68.39%,69.38%,0.550654,2026-08-17
AAOI,154.89,2026-08-21,4,Call,170.00,-9.76%,3.1,3.3,3.4,4407,2436,1.81,109.65%,129.95%,0.269805,2026-08-17
META,568.97,2026-08-28,11,Call,575.00,-1.06%,11.1,11.3,11.55,605,337,1.8,33.97%,35.08%,0.449605,2026-08-17
FHTX,6.74,2026-09-18,32,Call,7.50,-11.28%,0.8,1.55,3.7,727,403,1.8,282.36%,321.89%,0.643496,2026-08-17
SRAD,13.13,2027-02-19,186,Put,7.50,-42.88%,0.15,0.25,0.3,730,406,1.8,47.10%,64.76%,-0.069177,2026-08-17
MRK,135.97,2026-08-21,4,Call,136.00,-0.02%,1.37,1.67,2.35,809,449,1.8,26.36%,32.88%,0.505644,2026-08-17
TSLA,339.3,2026-08-21,4,Call,342.50,-0.94%,4.6,4.7,4.7,6658,3689,1.8,38.67%,42.57%,0.428791,2026-08-17
HIVE,3.07,2026-08-21,4,Call,3.00,+2.28%,0.15,0.18,0.2,13136,7354,1.79,95.72%,107.75%,0.604282,2026-08-17
ONON,31.31,2026-08-21,4,Put,31.00,-0.99%,0.31,0.49,0.49,803,449,1.79,37.60%,41.94%,-0.398892,2026-08-17
HPE,57.61,2026-09-18,32,Put,60.00,+4.15%,5.95,6.1,6.4,818,458,1.79,73.13%,71.67%,-0.530532,2026-08-17
APP,311.98,2026-08-21,4,Put,292.50,-6.24%,1.3,1.59,1.85,856,479,1.79,53.60%,61.20%,-0.148218,2026-08-17
IBM,228.85,2026-08-21,4,Put,222.50,-2.77%,1.13,1.17,1.24,1231,689,1.79,34.34%,36.94%,-0.226885,2026-08-17
ASST,13.2,2026-08-21,4,Call,13.50,-2.27%,0.36,0.42,0.45,1845,1032,1.79,85.81%,96.85%,0.43365,2026-08-17
PONY,7.98,2026-08-21,4,Call,8.50,-6.52%,0.28,0.28,0.29,1968,1101,1.79,80.15%,145.97%,0.369122,2026-08-17
WDC,536.01,2026-08-21,4,Call,540.00,-0.74%,14.55,17.17,18,604,340,1.78,73.42%,80.61%,0.483589,2026-08-17
TSLA,339.3,2026-08-26,9,Call,350.00,-3.15%,4.1,4.25,4.3,745,418,1.78,38.67%,38.89%,0.32157,2026-08-17
ZVRA,11.53,2027-12-17,487,Put,22.00,+90.81%,10.4,10.4,11.8,817,460,1.78,59.90%,64.79%,-0.719255,2026-08-17
NVDA,225.01,2026-08-28,11,Call,227.50,-1.11%,6.2,6.3,6.3,5287,2966,1.78,38.42%,46.82%,0.466877,2026-08-17
NVDA,225.01,2026-08-21,4,Put,222.50,-1.12%,1.92,1.95,1.98,10481,5923,1.77,38.42%,32.85%,-0.362376,2026-08-17
IONQ,46.84,2026-08-21,4,Put,46.50,-0.73%,1.38,1.64,1.56,603,341,1.77,80.21%,84.29%,-0.448123,2026-08-17
SPCX,146.23,2027-12-17,487,Call,125.00,+14.52%,53.2,54.46,55.7,2043,1152,1.77,65.64%,65.69%,0.744587,2026-08-17
SPCX,146.23,2026-08-28,11,Call,170.00,-16.26%,1.25,1.31,1.3,3186,1805,1.77,65.64%,74.97%,0.13921,2026-08-17
PAGP,25.79,2026-09-18,32,Put,26.00,+0.81%,0.55,0.55,0.6,3931,2220,1.77,16.98%,14.07%,-0.586834,2026-08-17
FSLR,217.85,2027-06-17,304,Put,200.00,-8.19%,29.7,30.71,32.05,501,284,1.76,51.14%,55.97%,-0.319791,2026-08-17
AAOI,154.89,2026-08-21,4,Call,195.00,-25.90%,0.55,0.59,0.75,511,290,1.76,109.65%,140.65%,0.068409,2026-08-17
NVDA,225.01,2026-08-24,7,Call,210.00,+6.67%,15.45,15.65,15.8,531,302,1.76,38.42%,37.86%,0.912182,2026-08-17
BRK.B,498.23,2026-08-21,4,Call,507.50,-1.86%,0.6,0.65,0.76,634,360,1.76,13.68%,16.63%,0.15204,2026-08-17
TSM,430.97,2026-08-28,11,Put,440.00,+2.10%,15,16.2,16.05,904,514,1.76,35.37%,35.21%,-0.617525,2026-08-17
CVNA,70.09,2026-09-18,32,Call,82.00,-16.99%,0.93,1.1,1.17,1144,651,1.76,54.04%,53.41%,0.185976,2026-08-17
PLTR,172.55,2026-08-21,4,Call,187.50,-8.66%,0.28,0.29,0.29,11030,6270,1.76,44.58%,52.43%,0.069544,2026-08-17
PLTR,172.55,2026-08-21,4,Put,170.00,-1.48%,2.37,2.39,2.39,16788,9533,1.76,44.58%,49.41%,-0.374372,2026-08-17
NVDA,225.01,2026-08-28,11,Call,225.00,0.00%,7.35,7.39,7.5,25710,14702,1.75,38.42%,46.96%,0.5211,2026-08-17
MU,1011.75,2026-08-19,2,Call,990.00,+2.15%,31.9,32.5,33.95,500,285,1.75,64.94%,67.94%,0.677688,2026-08-17
ACB,3.6,2026-12-18,123,Put,3.00,-16.67%,0.05,0.25,0.25,572,326,1.75,63.31%,51.31%,-0.212443,2026-08-17
TSM,430.97,2026-08-28,11,Call,445.00,-3.26%,5.1,5.7,5.7,1009,575,1.75,35.37%,35.92%,0.319658,2026-08-17
BIDU,104.12,2026-08-21,4,Put,96.00,-7.80%,0.58,0.62,0.64,1033,591,1.75,50.94%,75.14%,-0.140898,2026-08-17
SPCE,3.13,2026-08-21,4,Put,3.50,+11.82%,0.34,0.36,0.44,1373,785,1.75,87.02%,94.18%,-0.860791,2026-08-17
MSFT,480.35,2026-08-28,11,Call,480.00,+0.07%,9.15,9.35,9.65,1408,805,1.75,26.49%,27.12%,0.52278,2026-08-17
INTC,103.49,2026-08-21,4,Call,116.00,-12.09%,0.28,0.31,0.3,1855,1057,1.75,65.91%,75.45%,0.080607,2026-08-17
INTC,103.49,2026-08-28,11,Call,115.00,-11.12%,1.51,1.52,1.53,5059,2887,1.75,65.91%,71.73%,0.218497,2026-08-17
ARM,271.43,2026-08-21,4,Call,275.00,-1.32%,7.2,7.56,7.95,505,290,1.74,70.79%,80.69%,0.457088,2026-08-17
SNDK,1786.85,2026-09-18,32,Call,"2,100.00",-17.53%,81.7,83.43,84.5,551,316,1.74,86.31%,87.73%,0.315845,2026-08-17
BA,225.95,2026-08-21,4,Call,227.50,-0.69%,2.14,2.3,2.47,578,332,1.74,29.46%,31.87%,0.425252,2026-08-17
TSLA,339.3,2026-11-20,95,Put,200.00,-41.06%,0.75,0.85,0.85,1339,768,1.74,38.67%,55.43%,-0.020505,2026-08-17
LITE,968.9,2026-08-21,4,Call,"1,050.00",-8.37%,11.2,12.3,14,1368,788,1.74,82.06%,97.10%,0.230818,2026-08-17
PCT,7.22,2026-08-21,4,Call,7.50,-3.88%,0.15,0.2,0.25,1946,1117,1.74,93.16%,104.73%,0.384005,2026-08-17
NVDA,225.01,2026-08-28,11,Put,227.50,+1.11%,8.25,8.3,8.65,2363,1357,1.74,38.42%,46.25%,-0.535001,2026-08-17
GOOG,341.45,2026-08-21,4,Call,345.00,-1.04%,2.66,2.66,2.75,3939,2262,1.74,27.37%,29.28%,0.378234,2026-08-17
SPCX,146.23,2026-08-21,4,Put,128.00,-12.47%,0.22,0.24,0.23,4194,2414,1.74,65.64%,77.07%,-0.045005,2026-08-17
TSLA,339.3,2026-08-21,4,Call,340.00,-0.21%,5.65,5.72,5.75,12994,7476,1.74,38.67%,42.16%,0.493767,2026-08-17
IREN,44.9,2026-08-28,11,Call,60.00,-33.63%,0.42,0.44,0.45,9178,5293,1.73,99.77%,122.03%,0.104285,2026-08-17
CRWV,106,2026-08-21,4,Put,96.00,-9.43%,0.63,0.68,0.71,1282,739,1.73,77.82%,88.29%,-0.130852,2026-08-17
FANG,206.29,2026-08-21,4,Put,200.00,-3.05%,0.45,1.05,1.8,522,303,1.72,32.71%,39.95%,-0.222079,2026-08-17
TTD,13.4,2026-08-28,11,Put,12.50,-6.72%,0.14,0.15,0.17,662,384,1.72,56.04%,53.51%,-0.210269,2026-08-17
CRWV,106,2026-08-21,4,Put,103.00,-2.83%,2.46,2.41,2.56,733,427,1.72,77.82%,88.02%,-0.358903,2026-08-17
INTC,103.49,2027-02-19,186,Put,85.00,-17.87%,9.7,10.1,10.1,1097,637,1.72,65.91%,68.97%,-0.249468,2026-08-17
DIS,103.5,2026-08-21,4,Call,106.00,-2.42%,0.26,0.28,0.34,1509,875,1.72,22.99%,25.99%,0.194688,2026-08-17
FSLR,217.85,2026-12-18,123,Put,220.00,+0.99%,26.25,27.8,30.3,3030,1765,1.72,51.14%,56.57%,-0.436065,2026-08-17
AMZN,261.31,2027-06-17,304,Put,140.00,-46.42%,1.16,1.21,1.45,3117,1807,1.72,28.33%,42.19%,-0.029213,2026-08-17
XP,15.7,2026-08-21,4,Call,16.00,-1.91%,0.3,0.39,0.4,678,396,1.71,45.20%,73.49%,0.416949,2026-08-17
NKE,39.09,2026-09-04,18,Put,39.00,-0.23%,1.23,1.22,1.35,778,456,1.71,33.47%,38.53%,-0.472377,2026-08-17
RCAT,10.44,2026-08-21,4,Put,10.50,+0.57%,0.38,0.42,0.51,778,455,1.71,93.97%,95.25%,-0.501767,2026-08-17
NEM,120.33,2026-12-18,123,Call,140.00,-16.35%,6,6.05,6.4,2555,1496,1.71,41.84%,44.96%,0.339531,2026-08-17
INTC,103.49,2026-08-21,4,Call,107.00,-3.39%,1.66,1.7,1.87,2941,1721,1.71,65.91%,73.00%,0.346847,2026-08-17
MU,1011.75,2026-08-21,4,Call,"1,010.00",+0.17%,29.45,30.35,30.65,3009,1755,1.71,64.94%,68.64%,0.526096,2026-08-17
KLAR,19.51,2026-08-21,4,Put,18.00,-7.74%,0.7,0.75,0.8,579,341,1.7,84.98%,176.24%,-0.29778,2026-08-17
OKTA,143.24,2026-09-18,32,Call,160.00,-11.70%,5.9,6.73,7.35,808,475,1.7,73.46%,73.96%,0.351605,2026-08-17
RDW,13.41,2026-09-18,32,Call,16.00,-19.31%,0.6,0.65,0.7,1256,737,1.7,90.33%,93.43%,0.312663,2026-08-17
JPM,360.96,2026-08-21,4,Put,360.00,-0.27%,2.46,2.61,2.7,1669,979,1.7,19.47%,20.38%,-0.442737,2026-08-17
RIVN,14.87,2026-08-28,11,Put,14.50,-2.49%,0.32,0.37,0.39,2250,1324,1.7,53.21%,51.65%,-0.368403,2026-08-17
SPCX,146.23,2026-08-28,11,Call,175.00,-19.67%,0.88,0.91,0.92,2324,1371,1.7,65.64%,76.98%,0.102221,2026-08-17
CRWV,106,2027-06-17,304,Put,50.00,-52.83%,4,4.25,4.55,2801,1645,1.7,77.82%,84.43%,-0.08109,2026-08-17
AAPL,305.59,2026-08-21,4,Put,297.50,-2.65%,0.63,0.7,0.69,4169,2459,1.7,23.49%,25.65%,-0.152756,2026-08-17
GOOGL,344,2026-08-19,2,Call,357.50,-3.92%,0.16,0.18,0.18,615,364,1.69,27.88%,31.44%,0.051063,2026-08-17
RDW,13.41,2026-08-21,4,Call,15.50,-15.59%,0.05,0.1,0.1,628,372,1.69,90.33%,106.96%,0.10859,2026-08-17
CRCL,74.59,2026-08-21,4,Call,79.00,-5.91%,1.2,1.3,1.27,780,462,1.69,78.47%,91.01%,0.290746,2026-08-17
COHR,351.22,2026-08-21,4,Put,325.00,-7.47%,2.2,4,4.7,850,502,1.69,82.24%,88.07%,-0.186289,2026-08-17
NKE,39.09,2026-09-18,32,Call,40.00,-2.33%,1.02,1.03,1.04,8832,5229,1.69,33.47%,31.00%,0.416388,2026-08-17
NVTS,14.58,2026-08-28,11,Call,14.50,+0.55%,1,1.02,1.08,10770,6364,1.69,91.66%,98.62%,0.549396,2026-08-17
GS,1051.31,2026-08-21,4,Put,835.00,-20.58%,0.01,0.14,0.29,588,351,1.68,29.93%,86.66%,-0.00485,2026-08-17
PATH,15.99,2026-08-21,4,Put,15.50,-3.06%,0.23,0.24,0.29,681,405,1.68,84.94%,70.98%,-0.322511,2026-08-17
OKLO,43.88,2026-08-21,4,Put,41.00,-6.56%,0.44,0.46,0.48,754,450,1.68,77.52%,83.45%,-0.20471,2026-08-17
CBRS,251.98,2026-08-21,4,Put,250.00,-0.79%,11,11.5,11.7,855,508,1.68,98.77%,117.98%,-0.448964,2026-08-17
BE,232.16,2026-08-21,4,Call,275.00,-18.45%,0.81,0.9,0.84,1076,640,1.68,93.15%,107.35%,0.073915,2026-08-17
AMD,506,2027-03-19,214,Put,340.00,-32.81%,18.1,18.56,19.45,1126,669,1.68,54.27%,60.65%,-0.128857,2026-08-17
NOW,117.7,2026-08-28,11,Call,140.00,-18.95%,0.26,0.3,0.32,1221,728,1.68,52.24%,60.77%,0.056893,2026-08-17
BMNR,18.73,2026-08-21,4,Put,18.50,-1.23%,0.47,0.53,0.51,1282,763,1.68,73.60%,77.31%,-0.421896,2026-08-17
TSLA,339.3,2026-08-21,4,Put,322.50,-4.95%,0.88,0.88,0.9,2555,1519,1.68,38.67%,42.16%,-0.118785,2026-08-17
RIOT,20.04,2026-09-04,18,Put,15.00,-25.15%,0.09,0.1,0.15,503,301,1.67,83.36%,91.62%,-0.062556,2026-08-17
PFE,26.87,2027-03-19,214,Put,26.00,-3.24%,1.43,1.52,1.75,529,316,1.67,19.62%,23.44%,-0.405424,2026-08-17
BUD,77.2,2026-12-18,123,Put,80.00,+3.63%,5.3,5.42,5.7,538,322,1.67,20.31%,22.19%,-0.577832,2026-08-17
SPCX,146.23,2027-12-17,487,Call,225.00,-53.87%,24.25,25.98,25.85,634,380,1.67,65.64%,64.74%,0.448286,2026-08-17
ACHR,6.39,2026-09-04,18,Call,7.00,-9.55%,0.17,0.27,0.27,1590,954,1.67,74.03%,77.45%,0.33223,2026-08-17
NVDA,225.01,2026-08-24,7,Put,215.00,-4.45%,0.65,0.68,0.69,2135,1279,1.67,38.42%,30.81%,-0.135464,2026-08-17
RKLB,82.08,2026-08-28,11,Call,90.00,-9.65%,1.66,1.89,1.99,2950,1763,1.67,78.49%,79.80%,0.278313,2026-08-17
AMZN,261.31,2026-08-21,4,Call,267.50,-2.37%,1.21,1.25,1.3,7244,4329,1.67,28.33%,31.56%,0.24821,2026-08-17
NFLX,76.02,2026-08-21,4,Call,77.00,-1.29%,0.69,0.71,0.71,8938,5339,1.67,31.89%,34.77%,0.373419,2026-08-17
SPCX,146.23,2026-08-21,4,Call,155.00,-6.00%,1.75,1.78,1.78,33613,20133,1.67,65.64%,78.71%,0.254322,2026-08-17
AXTI,95.97,2026-08-28,11,Call,95.00,+1.01%,9.1,10.3,10.4,593,358,1.66,131.82%,139.59%,0.566552,2026-08-17
NVDA,225.01,2026-08-28,11,Put,235.00,+4.44%,13,13.32,13.45,959,577,1.66,38.42%,45.87%,-0.691089,2026-08-17
SPCX,146.23,2026-08-21,4,Put,137.00,-6.31%,1.15,1.13,1.17,3501,2112,1.66,65.64%,72.71%,-0.184209,2026-08-17
AAP,56.72,2026-08-21,4,Put,54.00,-4.80%,1.95,2.43,2.3,531,321,1.65,69.66%,143.47%,-0.34323,2026-08-17
TSLA,339.3,2026-08-21,4,Call,397.50,-17.15%,0.13,0.12,0.14,657,399,1.65,38.67%,69.00%,0.015789,2026-08-17
IONQ,46.84,2026-08-21,4,Call,47.00,-0.34%,1.52,1.63,1.71,697,422,1.65,80.21%,86.03%,0.504616,2026-08-17
GDS,35.38,2026-08-21,4,Call,37.00,-4.58%,0.3,0.3,0.9,2545,1541,1.65,55.12%,82.16%,0.31812,2026-08-17
CBRS,251.98,2026-08-21,4,Call,275.00,-9.14%,5.2,5.6,6,767,469,1.64,98.77%,129.38%,0.282677,2026-08-17
MSFT,480.35,2026-08-21,4,Call,497.50,-3.57%,0.77,0.8,0.85,1323,805,1.64,26.49%,27.83%,0.11923,2026-08-17
ARE,46.94,2026-08-21,4,Put,47.50,+1.19%,0.85,1.35,1.3,2209,1347,1.64,37.83%,38.31%,-0.610665,2026-08-17
MU,1011.75,2026-08-19,2,Call,"1,000.00",+1.16%,26,27.21,27.95,2921,1785,1.64,64.94%,68.86%,0.602,2026-08-17
TSLA,339.3,2026-08-28,11,Call,365.00,-7.57%,2.13,2.16,2.19,3275,1992,1.64,38.67%,41.79%,0.169728,2026-08-17
PLTR,172.55,2026-08-21,4,Call,180.00,-4.32%,1.03,1.05,1.05,34539,21110,1.64,44.58%,48.71%,0.213072,2026-08-17
MU,1011.75,2026-08-21,4,Put,"1,000.00",-1.16%,22.3,22.7,23,7617,4678,1.63,64.94%,67.37%,-0.418565,2026-08-17
AAPL,305.59,2026-08-21,4,Call,305.00,+0.19%,3.5,3.6,3.65,17105,10488,1.63,23.49%,25.21%,0.539827,2026-08-17
IREN,44.9,2026-08-21,4,Call,55.00,-22.49%,0.1,0.13,0.12,29203,17963,1.63,99.77%,114.16%,0.051062,2026-08-17
MSTR,97.68,2026-08-21,4,Call,108.00,-10.57%,0.54,0.62,0.62,1153,706,1.63,68.39%,84.24%,0.137769,2026-08-17
GOOG,341.45,2026-08-21,4,Put,337.50,-1.16%,2.34,2.5,2.5,1377,844,1.63,27.37%,29.19%,-0.342204,2026-08-17
NKE,39.09,2026-08-28,11,Put,38.00,-2.79%,0.42,0.44,0.45,1849,1136,1.63,33.47%,32.70%,-0.299717,2026-08-17
ALOY,13.85,2026-08-21,4,Call,14.00,-1.08%,0.45,0.65,0.75,658,407,1.62,122.53%,114.84%,0.490746,2026-08-17
MRAM,19.85,2026-09-18,32,Call,22.50,-13.35%,1.35,1.43,1.6,722,446,1.62,100.32%,103.04%,0.402234,2026-08-17
ZM,105.56,2026-08-21,4,Put,106.00,+0.42%,1.88,1.9,2.27,787,485,1.62,53.22%,42.26%,-0.525852,2026-08-17
INTC,103.49,2026-08-21,4,Call,118.00,-14.02%,0.18,0.21,0.2,859,530,1.62,65.91%,76.53%,0.055526,2026-08-17
AAPL,305.59,2026-08-24,7,Call,310.00,-1.44%,1.83,1.83,2,1362,842,1.62,23.49%,21.42%,0.3274,2026-08-17
BMNR,18.73,2026-08-21,4,Call,19.50,-4.11%,0.31,0.29,0.33,5759,3551,1.62,73.60%,78.87%,0.329149,2026-08-17
GRAB,3.58,2027-12-17,487,Put,2.00,-44.13%,0.16,0.16,0.22,12767,7872,1.62,50.14%,62.34%,-0.109092,2026-08-17
MU,1011.75,2026-08-21,4,Call,"1,200.00",-18.61%,0.76,0.82,0.82,14335,8910,1.61,64.94%,81.21%,0.024999,2026-08-17
NBIS,268.85,2026-08-21,4,Call,300.00,-11.59%,4,4.1,4.1,15302,9512,1.61,98.97%,123.27%,0.217091,2026-08-17
NBIS,268.85,2026-08-28,11,Put,225.00,-16.31%,3.85,4.08,4.3,718,446,1.61,98.97%,107.12%,-0.145523,2026-08-17
MSFT,480.35,2026-08-28,11,Put,480.00,-0.07%,8.85,9.14,9.55,930,577,1.61,26.49%,28.74%,-0.478713,2026-08-17
MU,1011.75,2026-08-19,2,Call,"1,150.00",-13.66%,0.4,0.45,0.47,949,590,1.61,64.94%,82.54%,0.01959,2026-08-17
SNDK,1786.85,2027-01-15,151,Put,195.00,-89.09%,0.1,0.33,0.4,1502,931,1.61,86.31%,120.49%,-0.000548,2026-08-17
BIDU,104.12,2026-08-21,4,Put,95.00,-8.76%,0.44,0.46,0.47,1548,960,1.61,50.94%,74.60%,-0.111684,2026-08-17
AMD,506,2026-08-28,11,Put,450.00,-11.07%,2.61,2.79,2.76,1692,1048,1.61,54.27%,57.09%,-0.106914,2026-08-17
AMD,506,2026-08-28,11,Call,550.00,-8.70%,5.65,5.9,6,2151,1337,1.61,54.27%,56.61%,0.215263,2026-08-17
SNDK,1786.85,2026-08-21,4,Call,"1,650.00",+7.66%,157.4,158.46,162,2220,1381,1.61,86.31%,98.58%,0.796076,2026-08-17
NBIS,268.85,2026-08-21,4,Put,270.00,+0.43%,13.8,14,14.55,2301,1429,1.61,98.97%,121.34%,-0.487065,2026-08-17
MU,1011.75,2026-08-28,11,Call,"1,100.00",-8.72%,17.15,17.6,18,2955,1831,1.61,64.94%,67.63%,0.259608,2026-08-17
AXTI,95.97,2026-08-28,11,Call,90.00,+6.22%,11.3,13,13.4,575,359,1.6,131.82%,140.10%,0.651811,2026-08-17
AMD,506,2026-08-21,4,Put,495.00,-2.17%,6.9,7.1,7.4,616,385,1.6,54.27%,57.02%,-0.343165,2026-08-17
OKLO,43.88,2026-08-21,4,Call,46.50,-5.97%,0.58,0.62,0.66,624,390,1.6,77.52%,84.55%,0.272076,2026-08-17
TTD,13.4,2026-09-11,25,Call,13.50,-0.75%,0.57,0.71,0.79,683,428,1.6,56.04%,50.86%,0.511712,2026-08-17
BIDU,104.12,2026-08-21,4,Put,94.00,-9.72%,0.33,0.34,0.37,702,439,1.6,50.94%,75.10%,-0.089379,2026-08-17
CBRS,251.98,2026-09-18,32,Call,300.00,-19.06%,14,15.25,16.9,719,449,1.6,98.77%,104.87%,0.346003,2026-08-17
SNY,44.41,2028-01-21,522,Call,22.50,+49.34%,22.3,22.65,23.2,1057,660,1.6,21.11%,79.58%,0.874797,2026-08-17
MSFT,480.35,2026-08-21,4,Call,492.50,-2.53%,1.48,1.4,1.6,1090,681,1.6,26.49%,27.64%,0.200952,2026-08-17
RUN,9.83,2026-08-21,4,Call,10.00,-1.73%,0.21,0.22,0.22,1466,918,1.6,67.49%,70.19%,0.424167,2026-08-17
HD,337.88,2026-09-18,32,Call,350.00,-3.59%,6.2,6.75,7.75,1754,1093,1.6,29.29%,29.53%,0.362466,2026-08-17
KLAR,19.51,2026-09-18,32,Put,15.00,-23.12%,0.25,0.3,0.3,2659,1666,1.6,84.98%,80.99%,-0.109638,2026-08-17
MOS,21.23,2026-09-04,18,Put,21.00,-1.08%,0.55,0.7,0.9,530,333,1.59,40.35%,44.62%,-0.436656,2026-08-17
CRM,190.97,2026-08-21,4,Call,197.50,-3.42%,1.21,1.26,1.34,895,562,1.59,48.69%,44.76%,0.245729,2026-08-17
BMRN,66.64,2026-09-18,32,Call,70.00,-5.04%,0.5,1.8,2.3,1002,629,1.59,40.75%,33.29%,0.338376,2026-08-17
ONDS,9,2026-10-16,60,Put,8.00,-11.11%,0.63,0.65,0.66,1436,905,1.59,77.62%,79.78%,-0.294075,2026-08-17
PONY,7.98,2026-08-21,4,Call,9.00,-12.78%,0.16,0.16,0.17,2170,1368,1.59,80.15%,148.03%,0.243127,2026-08-17
SPCX,146.23,2026-08-21,4,Put,138.00,-5.63%,1.37,1.33,1.4,3831,2409,1.59,65.64%,72.84%,-0.21113,2026-08-17
META,568.97,2026-08-21,4,Call,590.00,-3.70%,2.39,2.45,2.51,5321,3352,1.59,33.97%,38.93%,0.194436,2026-08-17
NBIS,268.85,2026-08-21,4,Put,227.50,-15.38%,1.5,1.58,1.67,520,329,1.58,98.97%,126.03%,-0.090995,2026-08-17
NKE,39.09,2026-08-28,11,Put,38.50,-1.51%,0.58,0.61,0.65,601,381,1.58,33.47%,32.65%,-0.383851,2026-08-17
UBER,74.99,2026-12-18,123,Call,67.50,+9.99%,11,12.1,12.15,678,428,1.58,33.71%,40.18%,0.733523,2026-08-17
KLAR,19.51,2026-08-21,4,Call,19.00,+2.61%,1.7,1.75,1.95,765,485,1.58,84.98%,193.45%,0.592522,2026-08-17
SPCX,146.23,2026-09-04,18,Call,155.00,-6.00%,5.35,5.45,5.55,1519,962,1.58,65.64%,68.13%,0.383018,2026-08-17
AAOI,154.89,2026-08-21,4,Call,190.00,-22.67%,0.7,0.88,0.95,1550,979,1.58,109.65%,135.71%,0.086229,2026-08-17
SPCX,146.23,2026-08-21,4,Put,126.00,-13.83%,0.15,0.16,0.17,2135,1350,1.58,65.64%,79.16%,-0.032682,2026-08-17
ABCL,11.2,2026-08-21,4,Call,12.00,-7.14%,0.2,0.2,0.25,3742,2368,1.58,87.72%,109.63%,0.294457,2026-08-17
TSLA,339.3,2026-08-21,4,Call,350.00,-3.15%,2.33,2.35,2.38,30904,19715,1.57,38.67%,43.59%,0.258152,2026-08-17
AVGO,392.43,2026-09-04,18,Call,395.00,-0.65%,18.5,18.7,18.95,552,351,1.57,49.33%,56.59%,0.508825,2026-08-17
GME,18.4,2026-08-28,11,Put,18.50,+0.54%,0.43,0.48,0.5,726,463,1.57,45.88%,31.37%,-0.537013,2026-08-17
CRWD,213.9,2026-11-20,95,Call,250.00,-16.88%,12.65,13.75,14.4,728,465,1.57,61.25%,57.98%,0.364834,2026-08-17
BAC,63.89,2026-09-04,18,Call,67.00,-4.87%,0.17,0.21,0.21,754,479,1.57,19.97%,19.08%,0.140225,2026-08-17
AAPL,305.59,2027-12-17,487,Put,275.00,-10.01%,19.65,20,20.8,768,488,1.57,23.49%,28.80%,-0.276821,2026-08-17
PUMP,12.79,2026-12-18,123,Call,12.50,+2.27%,2.1,2.27,2.4,914,583,1.57,67.34%,69.78%,0.614549,2026-08-17
HAL,34.73,2026-10-16,60,Call,40.00,-15.17%,0.35,0.44,0.52,1091,697,1.57,33.27%,34.35%,0.177145,2026-08-17
NKE,39.09,2026-11-20,95,Call,40.00,-2.33%,2.92,2.95,3.05,1127,720,1.57,33.47%,43.04%,0.496943,2026-08-17
HD,337.88,2026-08-21,4,Put,325.00,-3.81%,2.2,2.27,2.31,2386,1524,1.57,29.29%,49.60%,-0.218748,2026-08-17
SPCX,146.23,2027-03-19,214,Call,200.00,-36.77%,14.25,14.44,15.05,2939,1870,1.57,65.64%,65.67%,0.372634,2026-08-17
CBRL,59.04,2026-08-21,4,Call,60.00,-1.63%,0.85,0.93,1.05,3766,2395,1.57,61.08%,55.21%,0.402574,2026-08-17
B,42.52,2026-10-16,60,Put,48.00,+12.89%,6.2,6.45,7.15,501,322,1.56,42.74%,46.01%,-0.707877,2026-08-17
SNDK,1786.85,2026-08-21,4,Put,"1,520.00",-14.93%,4.4,4.5,4.6,506,325,1.56,86.31%,99.91%,-0.054547,2026-08-17
MU,1011.75,2026-09-04,18,Call,"1,050.00",-3.78%,43.15,44.1,44.65,542,347,1.56,64.94%,66.22%,0.433724,2026-08-17
W,103.08,2027-12-17,487,Put,70.00,-32.09%,9.75,10.46,10.7,613,392,1.56,54.04%,64.11%,-0.171373,2026-08-17
PG,143.12,2027-06-17,304,Call,145.00,-1.31%,10.9,11.3,11.5,621,398,1.56,19.17%,22.67%,0.519434,2026-08-17
CIFR,18.5,2027-01-15,151,Call,26.00,-40.54%,2.59,2.77,2.98,814,523,1.56,97.84%,102.30%,0.434808,2026-08-17
HD,337.88,2026-08-21,4,Put,305.00,-9.73%,0.12,0.19,0.21,814,522,1.56,29.29%,50.26%,-0.024204,2026-08-17
MSFT,480.35,2026-08-28,11,Call,490.00,-2.01%,4.95,5.05,5.15,1051,674,1.56,26.49%,26.55%,0.348255,2026-08-17
CSCO,112.9,2026-08-21,4,Call,114.00,-0.97%,1.14,1.18,1.18,2906,1867,1.56,30.06%,34.65%,0.404042,2026-08-17
META,568.97,2026-08-21,4,Put,560.00,-1.58%,4.8,4.94,5,5536,3540,1.56,33.97%,37.01%,-0.330845,2026-08-17
MU,1011.75,2026-08-21,4,Put,965.00,-4.62%,10.35,10.8,11,553,357,1.55,64.94%,68.31%,-0.241269,2026-08-17
JXN,133.15,2026-10-16,60,Put,120.00,-9.88%,2.95,2.95,3.4,567,366,1.55,32.38%,40.09%,-0.231754,2026-08-17
IONQ,46.84,2026-08-21,4,Call,53.00,-13.15%,0.19,0.25,0.28,612,394,1.55,80.21%,92.72%,0.111162,2026-08-17
UNH,395.62,2026-08-21,4,Call,405.00,-2.37%,1.4,1.4,1.56,623,402,1.55,27.42%,28.46%,0.221529,2026-08-17
B,42.52,2026-08-21,4,Call,42.50,+0.05%,0.8,0.92,0.91,643,416,1.55,42.74%,47.35%,0.51534,2026-08-17
PANW,375.76,2026-08-21,4,Call,420.00,-11.77%,0.19,0.36,0.52,643,416,1.55,59.16%,59.02%,0.038867,2026-08-17
BABA,124.71,2026-08-21,4,Call,126.00,-1.03%,3.65,3.72,3.75,1162,751,1.55,47.25%,82.42%,0.469681,2026-08-17
TSLA,339.3,2026-08-21,4,Put,330.00,-2.74%,2.2,2.23,2.25,11658,7525,1.55,38.67%,41.14%,-0.249833,2026-08-17
GOOGL,344,2026-08-19,2,Call,350.00,-1.74%,0.85,0.96,1,6684,4350,1.54,27.88%,29.33%,0.218542,2026-08-17
NBIS,268.85,2026-08-21,4,Call,270.00,-0.43%,12.8,13.18,13.3,7502,4867,1.54,98.97%,120.67%,0.512967,2026-08-17
MU,1011.75,2026-08-21,4,Call,"1,100.00",-8.72%,5.2,5.3,5.55,18597,12106,1.54,64.94%,71.87%,0.142567,2026-08-17
BMNR,18.73,2026-09-04,18,Call,19.00,-1.44%,1.05,1.13,1.14,509,330,1.54,73.60%,72.57%,0.500824,2026-08-17
MU,1011.75,2026-08-21,4,Call,"1,620.00",-60.12%,0.01,0.14,0.14,603,391,1.54,64.94%,149.44%,0.00171,2026-08-17
ALK,44.04,2026-10-16,60,Put,35.00,-20.53%,0.4,0.5,0.6,609,396,1.54,45.88%,49.88%,-0.106975,2026-08-17
NOW,117.7,2026-08-21,4,Call,117.00,+0.59%,3.05,3.14,3.3,620,403,1.54,52.24%,56.87%,0.554353,2026-08-17
CBRS,251.98,2026-08-21,4,Call,350.00,-38.90%,0.4,0.4,0.5,844,548,1.54,98.77%,158.89%,0.029401,2026-08-17
APP,311.98,2026-08-21,4,Call,340.00,-8.98%,0.8,1,1.2,1004,651,1.54,53.60%,63.31%,0.104089,2026-08-17
KLAR,19.51,2026-08-21,4,Call,22.00,-12.76%,0.6,0.75,0.75,1198,778,1.54,84.98%,187.78%,0.304741,2026-08-17
TSLA,339.3,2026-08-24,7,Call,355.00,-4.63%,1.96,2.03,2.05,1267,822,1.54,38.67%,37.88%,0.205306,2026-08-17
KLAR,19.51,2026-08-21,4,Put,16.50,-15.43%,0.25,0.3,0.35,2046,1329,1.54,84.98%,171.03%,-0.152085,2026-08-17
TE,4.88,2026-08-28,11,Call,5.50,-12.70%,0.15,0.2,0.25,2172,1414,1.54,106.48%,123.03%,0.327023,2026-08-17
AMD,506,2026-08-28,11,Put,475.00,-6.13%,6.8,7.12,7.4,2216,1438,1.54,54.27%,55.38%,-0.237073,2026-08-17
SPCX,146.23,2026-08-28,11,Call,155.00,-6.00%,3.75,3.85,3.85,5729,3721,1.54,65.64%,70.18%,0.34154,2026-08-17
SNDK,1786.85,2026-12-18,123,Put,"1,200.00",-32.84%,90.2,92,93.7,817,533,1.53,86.31%,89.94%,-0.147989,2026-08-17
SYF,80.75,2027-01-15,151,Call,90.00,-11.46%,3.1,3.22,3.3,1026,672,1.53,27.17%,30.24%,0.338856,2026-08-17
GOOG,341.45,2027-06-17,304,Call,540.00,-58.15%,5.75,5.95,6.9,1238,807,1.53,27.37%,36.12%,0.128662,2026-08-17
MU,1011.75,2026-08-28,11,Put,900.00,-11.05%,8.4,8.6,8.95,1379,899,1.53,64.94%,66.23%,-0.139183,2026-08-17
RDDT,164.5,2026-08-21,4,Call,175.00,-6.38%,1.66,1.66,1.78,2175,1423,1.53,59.39%,76.36%,0.232941,2026-08-17
IBM,228.85,2026-08-28,11,Call,245.00,-7.06%,0.9,1.05,1.15,514,339,1.52,34.34%,35.84%,0.144122,2026-08-17
NBIS,268.85,2026-08-21,4,Call,215.00,+20.03%,53,59.9,55.55,877,576,1.52,98.97%,114.14%,0.973421,2026-08-17
TSLA,339.3,2026-09-04,18,Call,340.00,-0.21%,11.7,11.8,12.05,950,624,1.52,38.67%,39.67%,0.516339,2026-08-17
SMCI,38.28,2026-08-21,4,Put,34.50,-9.87%,0.18,0.18,0.19,956,630,1.52,73.95%,84.11%,-0.109533,2026-08-17
DINO,94.99,2026-09-18,32,Call,100.00,-5.27%,3.2,3.3,3.4,2433,1600,1.52,44.69%,46.92%,0.38509,2026-08-17
META,568.97,2026-08-21,4,Put,570.00,+0.18%,9,9.24,9.45,3721,2445,1.52,33.97%,36.98%,-0.507977,2026-08-17
NBIS,268.85,2026-08-21,4,Put,240.00,-10.73%,3.3,3.32,3.45,4139,2720,1.52,98.97%,123.00%,-0.171353,2026-08-17
ALAB,320.17,2026-08-21,4,Put,330.00,+3.07%,17.5,18.65,19.25,545,362,1.51,87.83%,95.38%,-0.598736,2026-08-17
CELH,29.94,2026-08-21,4,Call,29.50,+1.47%,0.72,1.01,1.2,837,556,1.51,55.24%,57.09%,0.612987,2026-08-17
NBIS,268.85,2026-08-28,11,Put,220.00,-18.17%,3.05,3.3,3.4,924,610,1.51,98.97%,107.45%,-0.120262,2026-08-17
RGTI,18.67,2026-11-20,95,Call,30.00,-60.69%,0.71,0.96,1.08,1000,663,1.51,74.99%,90.98%,0.221186,2026-08-17
PDD,86.94,2026-08-21,4,Call,88.00,-1.22%,0.79,0.83,0.9,1456,962,1.51,41.19%,35.42%,0.382989,2026-08-17
RIOT,20.04,2026-08-21,4,Put,19.50,-2.69%,0.47,0.5,0.51,2079,1374,1.51,83.36%,88.61%,-0.365218,2026-08-17
NVDA,225.01,2026-08-24,7,Call,240.00,-6.66%,0.31,0.32,0.33,5535,3671,1.51,38.42%,31.46%,0.074252,2026-08-17
UMAC,30.15,2026-11-20,95,Put,30.00,-0.50%,6.8,6.7,7.1,564,375,1.5,112.07%,119.14%,-0.373061,2026-08-17
BIDU,104.12,2026-08-21,4,Call,104.00,+0.12%,3.55,3.85,3.85,896,597,1.5,50.94%,83.32%,0.524477,2026-08-17
HPE,57.61,2026-08-21,4,Call,62.00,-7.62%,0.27,0.36,0.39,917,611,1.5,73.13%,67.59%,0.158988,2026-08-17
AXTI,95.97,2026-08-21,4,Call,95.00,+1.01%,6.3,6.66,7.3,991,659,1.5,131.82%,157.78%,0.558239,2026-08-17
INTC,103.49,2026-08-24,7,Call,105.00,-1.46%,2.8,2.9,2.89,1126,749,1.5,65.91%,61.18%,0.451606,2026-08-17
VALE,13.75,2026-08-21,4,Put,16.00,+16.36%,2.1,2.21,2.56,1212,807,1.5,29.69%,108.83%,-0.898649,2026-08-17
ABVX,120.73,2026-09-18,32,Call,130.00,-7.68%,4.9,5.75,7.3,1529,1016,1.5,64.63%,67.12%,0.398745,2026-08-17
BULL,8.16,2027-01-15,151,Put,25.00,+206.37%,15.6,16.05,18.75,2582,1721,1.5,70.55%,135.13%,-0.82052,2026-08-17
NVDA,225.01,2026-08-24,7,Put,222.50,-1.12%,2.39,2.41,2.47,597,401,1.49,38.42%,29.08%,-0.377696,2026-08-17
QCOM,162.18,2026-11-20,95,Call,170.00,-4.82%,12.4,13.17,13.6,745,499,1.49,43.07%,48.71%,0.477894,2026-08-17
MRVL,234.33,2026-08-21,4,Put,217.50,-7.18%,1.85,1.84,2.02,821,550,1.49,80.94%,80.27%,-0.175361,2026-08-17
NOW,117.7,2026-09-04,18,Call,125.00,-6.20%,2.92,2.97,3.1,867,582,1.49,52.24%,54.83%,0.337715,2026-08-17
AMC,2.44,2026-09-25,39,Call,2.50,-2.46%,0.22,0.22,0.27,1123,752,1.49,81.63%,86.00%,0.518149,2026-08-17
CSX,50.58,2027-06-17,304,Put,50.00,-1.15%,3.7,3.79,5.9,1362,916,1.49,20.12%,30.88%,-0.404233,2026-08-17
MSFT,480.35,2026-08-28,11,Call,517.50,-7.73%,0.59,0.75,0.71,1661,1112,1.49,26.49%,27.66%,0.065606,2026-08-17
B,42.52,2026-12-18,123,Put,40.00,-5.93%,2.78,2.88,3.45,3284,2199,1.49,42.74%,46.13%,-0.349148,2026-08-17
TSLA,339.3,2026-08-21,4,Put,340.00,+0.21%,6.1,6.15,6.2,12379,8303,1.49,38.67%,41.29%,-0.50749,2026-08-17
BE,232.16,2026-10-16,60,Call,510.00,-119.68%,1.24,1.71,1.75,518,351,1.48,93.15%,100.92%,0.044215,2026-08-17
UBER,74.99,2026-08-21,4,Put,73.00,-2.65%,0.4,0.46,0.5,1068,723,1.48,33.71%,38.77%,-0.244577,2026-08-17
DXCM,88.76,2026-09-18,32,Call,95.00,-7.03%,0.8,1.3,1.9,1125,760,1.48,34.79%,32.85%,0.268754,2026-08-17
RUM,8.24,2026-10-16,60,Call,12.00,-45.63%,0.2,0.3,0.6,1574,1062,1.48,80.56%,100.98%,0.242373,2026-08-17
AAOI,154.89,2026-08-21,4,Call,200.00,-29.12%,0.35,0.42,0.5,3288,2222,1.48,109.65%,139.96%,0.047608,2026-08-17
SPCX,146.23,2027-01-15,151,Call,240.00,-64.13%,5.65,5.68,5.9,4223,2855,1.48,65.64%,68.95%,0.194982,2026-08-17
CRCL,74.59,2026-09-11,25,Put,74.00,-0.79%,5.05,5.4,5.7,590,401,1.47,78.47%,74.23%,-0.441178,2026-08-17
PFE,26.87,2026-08-28,11,Put,27.00,+0.48%,0.2,0.42,0.51,611,416,1.47,19.62%,14.66%,-0.581073,2026-08-17
F,14.05,2026-11-20,95,Put,12.00,-14.59%,0.25,0.26,0.3,678,460,1.47,30.98%,36.98%,-0.175493,2026-08-17
META,568.97,2026-08-21,4,Call,597.50,-5.01%,1.4,1.48,1.6,742,506,1.47,33.97%,40.11%,0.12803,2026-08-17
BE,232.16,2026-08-21,4,Call,265.00,-14.15%,1.51,1.62,1.56,860,584,1.47,93.15%,105.14%,0.126422,2026-08-17
OXY,59.04,2026-08-21,4,Call,62.00,-5.01%,0.12,0.13,0.13,1013,691,1.47,31.99%,37.72%,0.112349,2026-08-17
NBIS,268.85,2026-08-21,4,Put,265.00,-1.43%,10.95,11.43,11.95,1285,875,1.47,98.97%,119.68%,-0.428413,2026-08-17
DKNG,25.3,2026-09-18,32,Put,27.50,+8.70%,2.74,2.75,2.9,1427,969,1.47,47.41%,49.05%,-0.688451,2026-08-17
AVGO,392.43,2026-08-21,4,Call,417.50,-6.39%,0.83,0.88,0.95,502,345,1.46,49.33%,45.50%,0.102102,2026-08-17
BA,225.95,2027-02-19,186,Put,205.00,-9.27%,9.5,9.79,10.65,785,538,1.46,29.46%,31.12%,-0.284678,2026-08-17
AAPL,305.59,2026-08-21,4,Put,292.50,-4.28%,0.22,0.26,0.26,1873,1280,1.46,23.49%,27.65%,-0.061956,2026-08-17
GME,18.4,2026-08-21,4,Call,18.50,-0.54%,0.21,0.22,0.23,5728,3920,1.46,45.88%,35.12%,0.444178,2026-08-17
B,42.52,2027-01-15,151,Call,55.00,-29.35%,1.55,1.6,1.78,5799,3975,1.46,42.74%,47.03%,0.249921,2026-08-17
NFLX,76.02,2026-08-28,11,Put,78.00,+2.60%,2.77,2.82,2.86,511,352,1.45,31.89%,31.73%,-0.665592,2026-08-17
GME,18.4,2026-08-28,11,Call,18.50,-0.54%,0.33,0.36,0.41,631,435,1.45,45.88%,33.53%,0.466506,2026-08-17
AMD,506,2026-08-28,11,Put,465.00,-8.10%,4.65,5.05,5.25,651,448,1.45,54.27%,56.17%,-0.177379,2026-08-17
CRWV,106,2026-08-21,4,Put,104.00,-1.89%,2.83,2.85,2.99,665,460,1.45,77.82%,87.69%,-0.398557,2026-08-17
MU,1011.75,2026-08-21,4,Call,"1,140.00",-12.68%,2.25,2.37,2.45,953,659,1.45,64.94%,74.74%,0.06927,2026-08-17
CTSH,56.61,2026-08-21,4,Call,42.50,+24.92%,12.5,14.3,16.2,1022,707,1.45,40.53%,176.92%,0.949415,2026-08-17
BMRN,66.64,2026-08-21,4,Put,65.00,-2.46%,0.45,0.85,1.35,1396,960,1.45,40.75%,58.07%,-0.327802,2026-08-17
NVDA,225.01,2026-08-21,4,Put,240.00,+6.66%,14.75,14.75,15.1,2139,1477,1.45,38.42%,28.94%,-0.988846,2026-08-17
SMCI,38.28,2026-08-21,4,Put,37.00,-3.34%,0.7,0.75,0.8,3138,2168,1.45,73.95%,82.45%,-0.329518,2026-08-17
TSLA,339.3,2026-08-19,2,Call,330.00,+2.74%,10,10.45,10.6,3751,2585,1.45,38.67%,40.31%,0.829748,2026-08-17
BAC,63.89,2026-08-21,4,Put,63.00,-1.39%,0.2,0.22,0.22,5962,4103,1.45,19.97%,20.63%,-0.251782,2026-08-17
PLTR,172.55,2026-08-21,4,Put,175.00,+1.42%,4.75,4.84,4.9,6310,4360,1.45,44.58%,48.26%,-0.597999,2026-08-17
ALAB,320.17,2026-08-21,4,Put,260.00,-18.79%,0.2,0.35,0.68,532,369,1.44,87.83%,109.09%,-0.029837,2026-08-17
DELL,479.81,2026-08-28,11,Call,480.00,-0.04%,21.85,22.74,23,546,380,1.44,79.47%,67.16%,0.525006,2026-08-17
NBIS,268.85,2026-08-21,4,Put,272.50,+1.36%,15.15,15.51,16,646,448,1.44,98.97%,121.52%,-0.515933,2026-08-17
ADBE,254.04,2026-08-21,4,Put,235.00,-7.49%,0.26,0.32,0.37,734,510,1.44,53.56%,48.00%,-0.056724,2026-08-17
AREC,2.95,2027-01-15,151,Put,3.00,+1.69%,0.7,0.8,1.1,800,557,1.44,106.26%,121.00%,-0.351791,2026-08-17
GLW,173.21,2026-08-21,4,Call,177.50,-2.48%,3.5,3.64,4.05,863,601,1.44,66.10%,77.06%,0.397811,2026-08-17
CVNA,70.09,2026-08-21,4,Put,72.00,+2.73%,2.76,2.83,3,4542,3149,1.44,54.04%,60.04%,-0.652513,2026-08-17
BAC,63.89,2026-08-21,4,Put,65.00,+1.74%,1.2,1.19,1.26,5165,3594,1.44,19.97%,18.55%,-0.808904,2026-08-17
AVGO,392.43,2026-08-21,4,Call,412.50,-5.11%,1.36,1.44,1.55,551,384,1.43,49.33%,45.27%,0.153383,2026-08-17
CVNA,70.09,2026-08-21,4,Put,71.00,+1.30%,2.19,2.05,2.44,649,454,1.43,54.04%,62.43%,-0.563604,2026-08-17
AMD,506,2026-08-21,4,Call,512.50,-1.28%,9,9.5,9.75,806,564,1.43,54.27%,57.70%,0.430713,2026-08-17
FCX,68.38,2026-08-21,4,Put,66.00,-3.48%,0.47,0.5,0.58,1022,713,1.43,45.65%,50.33%,-0.240741,2026-08-17
HD,337.88,2026-08-21,4,Call,340.00,-0.63%,5.8,6.6,6.6,1074,752,1.43,29.29%,50.85%,0.464393,2026-08-17
NVDA,225.01,2026-08-24,7,Put,217.50,-3.34%,1.02,1.05,1.07,1143,798,1.43,38.42%,29.99%,-0.197257,2026-08-17
CRWV,106,2026-08-28,11,Call,115.00,-8.49%,2.84,2.95,2.94,1810,1262,1.43,77.82%,83.37%,0.314471,2026-08-17
CPRT,31.7,2026-08-21,4,Call,32.50,-2.52%,0.2,0.35,0.5,2073,1454,1.43,42.52%,50.10%,0.329448,2026-08-17
NVDA,225.01,2026-09-04,18,Call,265.00,-17.77%,0.51,0.55,0.55,2197,1532,1.43,38.42%,44.85%,0.057404,2026-08-17
AMZN,261.31,2026-08-19,2,Put,252.50,-3.37%,0.22,0.22,0.24,3074,2147,1.43,28.33%,33.20%,-0.078497,2026-08-17
RDDT,164.5,2026-08-21,4,Call,180.00,-9.42%,0.88,0.99,0.99,8042,5615,1.43,59.39%,77.17%,0.142429,2026-08-17
NOW,117.7,2026-08-21,4,Put,112.00,-4.84%,0.7,0.77,0.77,550,387,1.42,52.24%,55.97%,-0.18871,2026-08-17
ONDS,9,2026-09-11,25,Put,9.00,0.00%,0.65,0.69,0.83,887,624,1.42,77.62%,80.02%,-0.45468,2026-08-17
NCLH,18.18,2026-08-21,4,Call,19.00,-4.51%,0.09,0.1,0.14,1145,804,1.42,42.54%,50.94%,0.213825,2026-08-17
AVGO,392.43,2026-08-21,4,Call,405.00,-3.20%,2.65,2.8,2.87,1400,984,1.42,49.33%,44.27%,0.257752,2026-08-17
CSCO,112.9,2026-08-21,4,Call,113.00,-0.09%,1.57,1.57,1.6,2494,1760,1.42,30.06%,34.39%,0.4999,2026-08-17
BULL,8.16,2026-08-28,11,Call,8.50,-4.17%,0.28,0.32,0.35,2692,1890,1.42,70.55%,80.14%,0.414476,2026-08-17
RGTI,18.67,2026-09-18,32,Call,24.00,-28.55%,0.41,0.44,0.45,2746,1930,1.42,74.99%,83.43%,0.189408,2026-08-17
SMR,9.19,2026-09-11,25,Put,11.50,+25.14%,2.32,2.45,2.51,531,377,1.41,78.82%,74.32%,-0.855559,2026-08-17
ONDS,9,2026-09-25,39,Call,10.50,-16.67%,0.38,0.49,0.53,621,441,1.41,77.62%,81.03%,0.331895,2026-08-17
RGTI,18.67,2026-08-21,4,Call,20.50,-9.80%,0.13,0.17,0.18,997,708,1.41,74.99%,89.62%,0.172165,2026-08-17
ARM,271.43,2027-01-15,151,Put,250.00,-7.90%,34.75,33.1,36.85,2001,1421,1.41,70.79%,71.68%,-0.331907,2026-08-17
CVNA,70.09,2026-09-18,32,Call,72.00,-2.73%,3.55,3.85,3.9,3605,2552,1.41,54.04%,53.94%,0.472826,2026-08-17
LQDA,77.7,2026-08-21,4,Call,90.00,-15.83%,0.6,0.99,2.55,3643,2579,1.41,106.88%,164.43%,0.221991,2026-08-17
SLN,14.35,2026-10-16,60,Call,15.00,-4.53%,1.75,1.8,2.3,6301,4482,1.41,83.75%,97.58%,0.540312,2026-08-17
RKLB,82.08,2026-08-21,4,Call,85.00,-3.56%,1.76,1.8,1.83,7072,5031,1.41,78.49%,86.66%,0.368563,2026-08-17
PLTR,172.55,2026-08-21,4,Call,182.50,-5.77%,0.65,0.65,0.67,8873,6280,1.41,44.58%,49.41%,0.146779,2026-08-17
SPCX,146.23,2026-08-21,4,Put,140.00,-4.26%,1.89,1.87,1.91,25737,18215,1.41,65.64%,72.59%,-0.269063,2026-08-17
CRM,190.97,2026-08-21,4,Put,180.00,-5.74%,0.41,0.47,0.58,6652,4740,1.4,48.69%,46.78%,-0.107802,2026-08-17
MSTR,97.68,2026-08-21,4,Put,95.00,-2.74%,1.75,1.76,1.79,7281,5216,1.4,68.39%,72.84%,-0.34182,2026-08-17
SNOW,330.11,2026-10-16,60,Call,350.00,-6.03%,23.7,26.95,26.2,522,374,1.4,68.42%,60.49%,0.463701,2026-08-17
AMZN,261.31,2026-08-21,4,Call,257.50,+1.46%,5.5,5.55,5.8,1081,774,1.4,28.33%,30.79%,0.685863,2026-08-17
MSFT,480.35,2026-08-21,4,Put,482.50,+0.45%,6.95,7.07,7.2,1162,828,1.4,26.49%,29.91%,-0.54746,2026-08-17
QCOM,162.18,2026-08-21,4,Put,200.00,+23.32%,36.35,38.75,38.95,1231,882,1.4,43.07%,141.97%,-0.909227,2026-08-17
NVDA,225.01,2026-08-28,11,Put,222.50,-1.12%,5.75,5.75,5.9,1462,1041,1.4,38.42%,45.81%,-0.424317,2026-08-17
MRVL,234.33,2026-08-28,11,Call,300.00,-28.02%,1.98,2.12,2.1,1812,1298,1.4,80.94%,105.91%,0.106376,2026-08-17
NVDA,225.01,2027-02-19,186,Put,200.00,-11.12%,12,12.15,12.35,1870,1335,1.4,38.42%,39.57%,-0.270755,2026-08-17
ARM,271.43,2026-08-21,4,Call,285.00,-5.00%,4.1,4.26,4.4,509,367,1.39,70.79%,81.83%,0.300792,2026-08-17
AMZN,261.31,2026-09-04,18,Call,260.00,+0.50%,7.35,7.55,7.75,534,384,1.39,28.33%,28.72%,0.555186,2026-08-17
NKE,39.09,2028-12-15,851,Call,60.00,-53.49%,4.7,4.75,5.2,549,396,1.39,33.47%,45.45%,0.366397,2026-08-17
SYF,80.75,2026-09-18,32,Call,80.00,+0.93%,2.9,3.22,3.4,633,454,1.39,27.17%,28.23%,0.56947,2026-08-17
TSLA,339.3,2026-08-28,11,Put,340.00,+0.21%,9.2,9.35,9.35,1088,783,1.39,38.67%,38.65%,-0.493833,2026-08-17
CRWV,106,2026-08-21,4,Call,118.00,-11.32%,0.67,0.73,0.7,1187,854,1.39,77.82%,90.40%,0.13967,2026-08-17
UPST,29.75,2026-08-21,4,Put,29.00,-2.52%,0.43,0.43,0.45,1770,1272,1.39,55.38%,62.02%,-0.333202,2026-08-17
AMD,506,2026-08-21,4,Call,515.00,-1.78%,8.3,8.48,8.7,1885,1354,1.39,54.27%,58.21%,0.400372,2026-08-17
MU,1011.75,2026-08-21,4,Call,"1,250.00",-23.55%,0.35,0.4,0.42,2805,2022,1.39,64.94%,87.86%,0.012275,2026-08-17
MP,58.51,2026-08-21,4,Put,58.00,-0.87%,1.38,1.49,1.63,566,409,1.38,66.85%,72.27%,-0.437263,2026-08-17
VALE,13.75,2026-08-28,11,Call,12.50,+9.09%,1.22,1.19,1.41,690,500,1.38,29.69%,50.79%,0.870325,2026-08-17
ASST,13.2,2026-08-21,4,Put,12.00,-9.09%,0.1,0.14,0.13,1059,770,1.38,85.81%,95.92%,-0.157923,2026-08-17
AAOI,154.89,2026-08-21,4,Put,150.00,-3.16%,5.5,5.59,5.8,1800,1308,1.38,109.65%,123.83%,-0.37641,2026-08-17
AXTI,95.97,2026-08-21,4,Put,65.00,-32.27%,0.1,0.12,0.15,1950,1412,1.38,131.82%,185.05%,-0.017425,2026-08-17
OKLO,43.88,2026-08-21,4,Put,75.00,+70.92%,30.3,30.51,31.5,2075,1501,1.38,77.52%,201.87%,-0.993862,2026-08-17
CBRS,251.98,2026-08-21,4,Call,395.00,-56.76%,0.1,0.12,0.15,2786,2019,1.38,98.77%,173.53%,0.008633,2026-08-17
TSLA,339.3,2026-08-28,11,Call,350.00,-3.15%,5.2,5.25,5.3,4688,3397,1.38,38.67%,39.98%,0.345683,2026-08-17
NN,19.2,2026-12-18,123,Call,27.00,-40.63%,2.4,2.71,2.9,5015,3626,1.38,100.98%,108.28%,0.417798,2026-08-17
ROST,235.28,2026-09-18,32,Put,220.00,-6.49%,3.1,3.9,3.8,5483,3982,1.38,37.58%,34.62%,-0.233076,2026-08-17
ROIV,36.24,2026-12-18,123,Put,32.00,-11.70%,1.25,1.85,2.25,6743,4904,1.38,49.15%,45.92%,-0.261086,2026-08-17
NVDA,225.01,2026-08-21,4,Put,220.00,-2.23%,1.19,1.2,1.22,18303,13240,1.38,38.42%,33.44%,-0.251531,2026-08-17
SPCX,146.23,2026-08-21,4,Call,150.00,-2.58%,3.05,3.1,3.15,62163,45049,1.38,65.64%,76.43%,0.392346,2026-08-17
TSLA,339.3,2026-08-21,4,Call,335.00,+1.27%,8.3,8.37,8.45,6422,4698,1.37,38.67%,41.88%,0.626254,2026-08-17
ROIV,36.24,2026-12-18,123,Call,40.00,-10.38%,2.1,2.2,2.6,6747,4910,1.37,49.15%,42.92%,0.413075,2026-08-17
IREN,44.9,2027-06-17,304,Call,50.00,-11.36%,14,14.35,14.8,7195,5237,1.37,99.77%,97.88%,0.641828,2026-08-17
RKLB,82.08,2026-08-21,4,Put,79.00,-3.75%,1.47,1.5,1.58,538,392,1.37,78.49%,83.59%,-0.313901,2026-08-17
SNDK,1786.85,2026-08-21,4,Put,"1,040.00",-41.80%,0.05,0.17,0.2,539,393,1.37,86.31%,176.80%,-0.001273,2026-08-17
BIDU,104.12,2026-08-21,4,Put,98.00,-5.88%,1,1.02,1.1,786,573,1.37,50.94%,76.80%,-0.212395,2026-08-17
TSLA,339.3,2026-08-24,7,Call,345.00,-1.68%,4.45,4.62,4.6,1001,732,1.37,38.67%,36.60%,0.386033,2026-08-17
IBM,228.85,2026-08-21,4,Call,237.50,-3.78%,0.84,0.85,0.96,1080,786,1.37,34.34%,38.32%,0.183211,2026-08-17
PDD,86.94,2026-08-21,4,Call,89.00,-2.37%,0.52,0.55,0.58,1170,852,1.37,41.19%,36.03%,0.277054,2026-08-17
MSTR,97.68,2026-08-21,4,Put,96.00,-1.72%,2.14,2.16,2.21,2241,1630,1.37,68.39%,73.06%,-0.39377,2026-08-17
HOOD,96.25,2026-08-21,4,Call,96.00,+0.26%,2.62,2.65,2.7,2419,1766,1.37,57.34%,62.63%,0.531294,2026-08-17
QS,6.12,2026-11-20,95,Put,6.00,-1.96%,0.68,0.93,1.06,2892,2109,1.37,74.13%,78.14%,-0.394637,2026-08-17
CRWV,106,2026-08-21,4,Put,106.00,0.00%,3.75,3.8,4,630,462,1.36,77.82%,88.00%,-0.480236,2026-08-17
GOOG,341.45,2027-06-17,304,Put,270.00,-20.93%,10.25,10.8,11.65,659,484,1.36,27.37%,34.99%,-0.164155,2026-08-17
RKLB,82.08,2026-08-21,4,Put,82.00,-0.10%,2.77,2.83,2.89,771,566,1.36,78.49%,84.22%,-0.476551,2026-08-17
CAPR,7.45,2026-08-21,4,Put,7.00,-6.04%,0.6,0.8,1,1063,779,1.36,253.04%,336.69%,-0.361685,2026-08-17
ORCL,146.65,2026-08-21,4,Put,200.00,+36.38%,51.75,53.1,54.3,1213,895,1.36,68.76%,114.06%,-0.996184,2026-08-17
BE,232.16,2026-08-21,4,Put,235.00,+1.22%,11.15,11.3,11.35,1227,900,1.36,93.15%,100.63%,-0.523838,2026-08-17
XOM,161.46,2028-01-21,522,Call,190.00,-17.68%,12.3,12.55,14.45,1472,1079,1.36,28.01%,29.31%,0.396339,2026-08-17
BMY,64.63,2026-08-21,4,Put,64.00,-0.97%,0.39,0.44,0.5,1666,1225,1.36,26.05%,26.66%,-0.357692,2026-08-17
CIFR,18.5,2026-08-28,11,Call,21.00,-13.51%,0.32,0.54,0.6,1925,1415,1.36,97.84%,99.22%,0.259938,2026-08-17
CLSK,12.4,2026-08-21,4,Put,11.50,-7.26%,0.13,0.15,0.16,1968,1449,1.36,81.20%,92.95%,-0.204174,2026-08-17
ARM,271.43,2027-01-15,151,Put,210.00,-22.63%,17.65,17.9,19.85,2004,1477,1.36,70.79%,72.07%,-0.207802,2026-08-17
BABA,124.71,2026-08-21,4,Call,125.00,-0.23%,4.05,4.15,4.2,8920,6554,1.36,47.25%,81.87%,0.506302,2026-08-17
NBIS,268.85,2026-08-28,11,Put,250.00,-7.01%,10.5,10.8,11.4,509,376,1.35,98.97%,105.95%,-0.311236,2026-08-17
NBIS,268.85,2026-08-28,11,Put,260.00,-3.29%,14.85,14.85,15.5,657,487,1.35,98.97%,106.08%,-0.390202,2026-08-17
NBIS,268.85,2026-08-21,4,Put,280.00,+4.15%,19.55,20.58,20.5,701,520,1.35,98.97%,120.53%,-0.601302,2026-08-17
LUNR,20.38,2026-08-21,4,Call,23.00,-12.86%,0.16,0.18,0.21,1062,786,1.35,98.20%,109.11%,0.159057,2026-08-17
INTC,103.49,2027-01-15,151,Call,3.00,+97.10%,100.2,100.84,101.75,1081,800,1.35,65.91%,340.93%,0.99598,2026-08-17
AAPL,305.59,2026-08-24,7,Call,305.00,+0.19%,3.95,4,4.25,1370,1014,1.35,23.49%,21.92%,0.539612,2026-08-17
NVDA,225.01,2026-08-28,11,Put,207.50,-7.78%,1.45,1.48,1.49,1497,1108,1.35,38.42%,47.14%,-0.148811,2026-08-17
MARA,9.72,2026-08-28,11,Call,10.50,-8.02%,0.25,0.27,0.28,2193,1627,1.35,79.98%,81.62%,0.319203,2026-08-17
SPCX,146.23,2026-08-21,4,Put,136.00,-7.00%,0.97,0.97,0.99,3634,2685,1.35,65.64%,73.03%,-0.160664,2026-08-17
NBIS,268.85,2026-08-21,4,Call,280.00,-4.15%,8.75,9,9.25,5355,3964,1.35,98.97%,120.74%,0.399285,2026-08-17
UNH,395.62,2027-03-19,214,Put,350.00,-11.53%,17.2,17.7,18.05,508,379,1.34,27.42%,32.93%,-0.257122,2026-08-17
MRVL,234.33,2026-10-16,60,Call,240.00,-2.42%,27.45,28.15,29.45,618,461,1.34,80.94%,80.19%,0.542614,2026-08-17
AAPL,305.59,2026-08-19,2,Put,310.00,+1.44%,4.05,5.1,5.15,746,557,1.34,23.49%,16.55%,-0.878428,2026-08-17
GOOGL,344,2026-08-19,2,Call,360.00,-4.65%,0.1,0.1,0.11,865,644,1.34,27.88%,32.88%,0.032301,2026-08-17
UBER,74.99,2026-08-28,11,Call,76.00,-1.35%,1.31,1.35,1.55,1212,906,1.34,33.71%,35.54%,0.433173,2026-08-17
NAT,6.82,2026-09-18,32,Call,6.00,+12.02%,0.8,0.9,1,1506,1127,1.34,52.89%,51.76%,0.814669,2026-08-17
TSLA,339.3,2026-08-28,11,Call,340.00,-0.21%,9.05,9.3,9.25,3151,2360,1.34,38.67%,39.62%,0.508111,2026-08-17
INTC,103.49,2026-08-19,2,Call,108.00,-4.36%,0.62,0.63,0.63,6498,4855,1.34,65.91%,69.53%,0.211895,2026-08-17
NVDA,225.01,2026-08-28,11,Call,242.50,-7.77%,1.88,1.9,1.93,20829,15674,1.33,38.42%,47.12%,0.194154,2026-08-17
HOOD,96.25,2026-09-04,18,Put,85.00,-11.69%,0.9,1,1.02,647,486,1.33,57.34%,56.98%,-0.144925,2026-08-17
SPG,221.67,2026-12-18,123,Call,240.00,-8.27%,4.2,4.2,5,664,498,1.33,22.54%,21.75%,0.281446,2026-08-17
MU,1011.75,2026-08-28,11,Call,"1,200.00",-18.61%,5.2,5.3,5.5,2081,1567,1.33,64.94%,71.36%,0.095612,2026-08-17
OUST,48.13,2026-09-18,32,Call,60.00,-24.66%,2,2.38,2.5,2117,1592,1.33,106.93%,102.49%,0.286345,2026-08-17
LULU,115.74,2026-12-18,123,Put,300.00,+159.20%,182.95,185.6,185.55,2263,1700,1.33,56.07%,107.78%,-0.909939,2026-08-17
NBIS,268.85,2026-08-21,4,Put,260.00,-3.29%,9.15,9.39,9.7,2593,1954,1.33,98.97%,121.69%,-0.371024,2026-08-17
FSLR,217.85,2026-08-28,11,Put,215.00,-1.31%,4.65,5.83,7.7,2618,1972,1.33,51.14%,50.79%,-0.419315,2026-08-17
CBRS,251.98,2026-08-28,11,Call,300.00,-19.06%,5.2,6.2,6.8,521,396,1.32,98.77%,116.38%,0.224509,2026-08-17
C,138.51,2026-08-21,4,Call,143.00,-3.24%,0.34,0.3,0.43,557,421,1.32,27.59%,30.65%,0.165551,2026-08-17
TSLA,339.3,2026-08-28,11,Call,347.50,-2.42%,6,6.1,6.1,612,465,1.32,38.67%,39.77%,0.383767,2026-08-17
PBR,18.25,2026-09-11,25,Call,18.00,+1.37%,0.46,0.56,0.59,622,470,1.32,31.28%,20.04%,0.618681,2026-08-17
PEP,138.24,2026-08-21,4,Put,137.00,-0.90%,0.44,0.62,0.8,838,634,1.32,21.56%,19.68%,-0.328097,2026-08-17
CSCO,112.9,2026-11-20,95,Put,105.00,-7.00%,4.35,4.35,4.75,933,706,1.32,30.06%,36.73%,-0.304827,2026-08-17
CRWV,106,2026-08-21,4,Put,98.00,-7.55%,1,1.02,1.06,934,707,1.32,77.82%,88.30%,-0.184308,2026-08-17
SPCX,146.23,2026-08-28,11,Call,180.00,-23.09%,0.61,0.67,0.67,1627,1233,1.32,65.64%,78.99%,0.075105,2026-08-17
RDDT,164.5,2026-08-21,4,Call,177.50,-7.90%,1.17,1.28,1.38,2091,1579,1.32,59.39%,76.73%,0.18357,2026-08-17
AVGO,392.43,2026-08-21,4,Call,400.00,-1.93%,4.05,4.2,4.25,9379,7085,1.32,49.33%,43.97%,0.350055,2026-08-17
PLTR,172.55,2026-08-21,4,Call,190.00,-10.11%,0.2,0.2,0.21,12266,9281,1.32,44.58%,54.90%,0.050438,2026-08-17
INTC,103.49,2026-08-19,2,Call,114.00,-10.16%,0.09,0.1,0.1,510,388,1.31,65.91%,74.25%,0.041887,2026-08-17
NBIS,268.85,2026-08-21,4,Put,267.50,-0.50%,12.35,12.6,13.15,552,422,1.31,98.97%,120.28%,-0.457979,2026-08-17
RBLX,37.93,2026-08-28,11,Call,45.00,-18.64%,0.1,0.14,0.21,648,495,1.31,58.05%,67.11%,0.080826,2026-08-17
ORCL,146.65,2026-08-21,4,Put,142.00,-3.17%,1.53,1.6,1.67,660,505,1.31,68.76%,57.21%,-0.283742,2026-08-17
MRVL,234.33,2026-08-21,4,Put,202.50,-13.58%,0.34,0.35,0.41,737,561,1.31,80.94%,83.70%,-0.043256,2026-08-17
NOW,117.7,2026-08-21,4,Put,116.00,-1.44%,1.86,1.9,1.97,1240,946,1.31,52.24%,55.28%,-0.387366,2026-08-17
WMT,114.33,2026-08-21,4,Call,116.00,-1.46%,2,2.04,2.07,2524,1920,1.31,29.96%,57.75%,0.41887,2026-08-17
SPCX,146.23,2026-08-28,11,Put,135.00,-7.68%,2.32,2.39,2.41,2561,1953,1.31,65.64%,67.21%,-0.226157,2026-08-17
MU,1011.75,2026-08-21,4,Put,950.00,-6.10%,7.2,7.3,7.5,4529,3460,1.31,64.94%,68.77%,-0.179888,2026-08-17
INTC,103.49,2026-08-21,4,Call,106.00,-2.43%,1.98,2.02,2.04,5068,3871,1.31,65.91%,70.69%,0.388858,2026-08-17
AMD,506,2026-08-28,11,Call,525.00,-3.75%,11.9,11.45,12.5,558,429,1.3,54.27%,56.31%,0.3756,2026-08-17
AVGO,392.43,2026-08-21,4,Call,402.50,-2.57%,3.3,3.3,3.5,606,466,1.3,49.33%,44.12%,0.302037,2026-08-17
B,42.52,2026-08-28,11,Call,44.00,-3.48%,0.66,0.72,0.81,680,524,1.3,42.74%,44.70%,0.346477,2026-08-17
CSCO,112.9,2026-08-21,4,Put,107.00,-5.23%,0.07,0.1,0.13,699,539,1.3,30.06%,33.23%,-0.058568,2026-08-17
PSX,240.55,2026-08-21,4,Call,230.00,+4.39%,8.5,9.7,11.9,759,586,1.3,36.19%,15.70%,0.996767,2026-08-17
NEXT,6.95,2026-08-21,4,Put,8.00,+15.11%,1,1,1.15,864,663,1.3,55.13%,95.71%,-0.912567,2026-08-17
RDDT,164.5,2026-08-21,4,Put,155.00,-5.78%,1.17,1.25,1.25,1152,888,1.3,59.39%,66.70%,-0.186199,2026-08-17
WFC,87.54,2026-08-28,11,Call,90.00,-2.81%,0.43,0.52,0.6,1465,1127,1.3,22.13%,22.87%,0.252473,2026-08-17
CELH,29.94,2026-08-21,4,Put,29.00,-3.14%,0.19,0.58,0.8,1518,1170,1.3,55.24%,72.55%,-0.32105,2026-08-17
NVDA,225.01,2026-08-28,11,Put,217.50,-3.34%,3.8,3.85,3.9,1813,1398,1.3,38.42%,45.98%,-0.317159,2026-08-17
RTX,221.64,2026-09-18,32,Call,240.00,-8.28%,1.1,1.12,1.24,2459,1898,1.3,23.02%,24.18%,0.147456,2026-08-17
INTC,103.49,2026-08-21,4,Call,111.00,-7.26%,0.78,0.83,0.84,2685,2064,1.3,65.91%,73.21%,0.191761,2026-08-17
GOOGL,344,2026-08-28,11,Call,360.00,-4.65%,1.75,1.8,1.83,3239,2494,1.3,27.88%,28.73%,0.193138,2026-08-17
AMD,506,2026-08-21,4,Call,550.00,-8.70%,1.42,1.44,1.5,10075,7758,1.3,54.27%,60.20%,0.099336,2026-08-17
NVDA,225.01,2026-08-21,4,Put,225.00,0.00%,2.98,3,3.05,21872,16857,1.3,38.42%,32.51%,-0.489387,2026-08-17
SPCX,146.23,2026-08-21,4,Put,135.00,-7.68%,0.81,0.82,0.83,25291,19676,1.29,65.64%,73.25%,-0.138926,2026-08-17
AKBA,0.86,2028-01-21,522,Call,5.0000,-481.40%,0.1,0.15,0.35,514,397,1.29,310.45%,141.65%,0.437266,2026-08-17
VZ,48.06,2026-09-18,32,Put,49.00,+1.96%,1.52,1.61,1.74,565,439,1.29,21.83%,18.23%,-0.639041,2026-08-17
NFLX,76.02,2026-08-28,11,Put,74.00,-2.66%,0.78,0.8,0.82,788,612,1.29,31.89%,31.56%,-0.295885,2026-08-17
LCID,6.22,2026-08-21,4,Call,6.50,-4.50%,0.07,0.1,0.1,824,640,1.29,79.92%,72.63%,0.295982,2026-08-17
BRK.B,498.23,2026-09-18,32,Call,515.00,-3.37%,2.73,2.85,3.3,1418,1103,1.29,13.68%,14.26%,0.246377,2026-08-17
SLI,2.29,2026-08-21,4,Put,2.50,+9.17%,0.15,0.19,0.3,4273,3309,1.29,77.63%,80.76%,-0.840087,2026-08-17
COHR,351.22,2026-08-21,4,Put,330.00,-6.04%,4.5,5.52,6.1,542,423,1.28,82.24%,93.88%,-0.24607,2026-08-17
ARM,271.43,2026-08-28,11,Call,300.00,-10.53%,5.1,5.28,5.45,552,432,1.28,70.79%,78.32%,0.254579,2026-08-17
MRVL,234.33,2026-08-21,4,Put,207.50,-11.45%,0.58,0.64,0.7,733,574,1.28,80.94%,81.32%,-0.070077,2026-08-17
NBIS,268.85,2026-09-04,18,Call,280.00,-4.15%,18.7,19.8,20.6,945,736,1.28,98.97%,101.55%,0.476257,2026-08-17
KLAR,19.51,2026-09-18,32,Call,22.50,-15.33%,0.9,0.92,1,1385,1078,1.28,84.98%,84.87%,0.33398,2026-08-17
AMBA,78.54,2026-08-21,4,Put,80.00,+1.86%,0.65,3.18,6,502,396,1.27,81.56%,76.91%,-0.573317,2026-08-17
UMAC,30.15,2026-08-21,4,Call,32.00,-6.14%,0.85,1.05,1.45,502,395,1.27,112.07%,149.04%,0.381632,2026-08-17
ADBE,254.04,2026-10-16,60,Put,270.00,+6.28%,27.25,29.5,29.75,503,396,1.27,53.56%,48.27%,-0.577562,2026-08-17
AXTI,95.97,2026-08-21,4,Call,115.00,-19.83%,1.15,1.35,1.35,533,420,1.27,131.82%,159.64%,0.159478,2026-08-17
MSFT,480.35,2026-08-28,11,Put,465.00,-3.20%,3.5,3.75,3.75,565,445,1.27,26.49%,28.99%,-0.246388,2026-08-17
SPCX,146.23,2026-09-11,25,Call,170.00,-16.26%,3.1,3.2,3.3,711,559,1.27,65.64%,68.23%,0.229537,2026-08-17
SKHY,171.38,2026-08-21,4,Call,182.50,-6.49%,2.5,2.51,2.85,712,560,1.27,79.38%,92.42%,0.275111,2026-08-17
AMZN,261.31,2026-08-21,4,Call,247.50,+5.28%,13.75,13.23,14.4,715,562,1.27,28.33%,31.39%,0.95362,2026-08-17
INTC,103.49,2026-08-21,4,Put,102.00,-1.44%,2.25,2.26,2.29,1244,981,1.27,65.91%,69.22%,-0.404994,2026-08-17
APP,311.98,2026-08-21,4,Call,350.00,-12.19%,0.3,0.45,0.5,1576,1238,1.27,53.60%,64.16%,0.047219,2026-08-17
MSTR,97.68,2026-08-28,11,Call,105.00,-7.49%,2.17,2.25,2.28,1770,1394,1.27,68.39%,71.75%,0.305319,2026-08-17
NVDA,225.01,2026-09-04,18,Call,260.00,-15.55%,0.73,0.74,0.77,2218,1744,1.27,38.42%,43.98%,0.078489,2026-08-17
SKHY,171.38,2026-08-21,4,Put,160.00,-6.64%,2.05,2.12,2.2,3183,2504,1.27,79.38%,90.38%,-0.218475,2026-08-17
SPCX,146.23,2026-08-21,4,Call,145.00,+0.84%,5.1,5.15,5.2,28260,22279,1.27,65.64%,73.65%,0.560913,2026-08-17
NFLX,76.02,2026-08-21,4,Call,76.00,+0.03%,1.11,1.13,1.14,6631,5264,1.26,31.89%,34.65%,0.514502,2026-08-17
AAPL,305.59,2026-08-21,4,Call,307.50,-0.63%,2.33,2.37,2.44,8443,6689,1.26,23.49%,25.04%,0.416454,2026-08-17
SPCX,146.23,2026-08-28,11,Call,150.00,-2.58%,5.35,5.5,5.45,8599,6814,1.26,65.64%,68.88%,0.44276,2026-08-17
HOOD,96.25,2026-09-11,25,Put,85.00,-11.69%,1.35,1.43,1.55,549,437,1.26,57.34%,56.48%,-0.176241,2026-08-17
NU,14.74,2026-08-28,11,Put,14.50,-1.63%,0.18,0.25,0.24,590,470,1.26,34.90%,31.74%,-0.366137,2026-08-17
DIS,103.5,2026-08-21,4,Put,103.00,-0.48%,0.75,0.74,0.84,721,572,1.26,22.99%,23.87%,-0.417055,2026-08-17
AVGO,392.43,2026-08-19,2,Call,420.00,-7.03%,0.1,0.15,0.19,751,596,1.26,49.33%,47.37%,0.027807,2026-08-17
AMD,506,2026-12-18,123,Call,680.00,-34.39%,24.1,25.55,25.6,1002,794,1.26,54.27%,61.19%,0.268282,2026-08-17
AMZN,261.31,2026-08-21,4,Put,257.50,-1.46%,1.66,1.69,1.75,4353,3448,1.26,28.33%,30.42%,-0.312798,2026-08-17
SKHY,171.38,2026-08-21,4,Call,180.00,-5.03%,3.1,3.25,3.3,5518,4365,1.26,79.38%,90.21%,0.319792,2026-08-17
AAPL,305.59,2026-08-28,11,Call,327.50,-7.17%,0.29,0.29,0.33,506,405,1.25,23.49%,24.51%,0.05675,2026-08-17
GLW,173.21,2026-08-28,11,Call,180.00,-3.92%,5.15,5.8,6,529,424,1.25,66.10%,69.43%,0.400688,2026-08-17
NBIS,268.85,2026-08-28,11,Put,230.00,-14.45%,4.75,5,5.3,554,443,1.25,98.97%,106.34%,-0.172805,2026-08-17
APLD,31.18,2026-08-21,4,Call,30.50,+2.18%,1.52,1.58,1.6,594,474,1.25,85.82%,91.82%,0.610889,2026-08-17
JD,28.5,2026-08-21,4,Call,28.50,0.00%,0.4,0.43,0.44,647,518,1.25,31.85%,36.36%,0.498976,2026-08-17
HOOD,96.25,2026-08-21,4,Call,109.00,-13.25%,0.16,0.18,0.18,669,534,1.25,57.34%,72.79%,0.056003,2026-08-17
AMAT,535.31,2026-08-21,4,Call,530.00,+0.99%,15.7,17.62,18.15,803,641,1.25,57.13%,62.99%,0.575149,2026-08-17
SPCX,146.23,2026-09-04,18,Call,175.00,-19.67%,1.67,1.73,1.76,816,654,1.25,65.64%,72.08%,0.151302,2026-08-17
LWLG,7.42,2026-12-18,123,Put,8.00,+7.82%,2.1,2.24,2.4,950,759,1.25,117.19%,114.37%,-0.408766,2026-08-17
SPCX,146.23,2027-09-17,396,Call,160.00,-9.42%,35.25,36.2,37.15,984,787,1.25,65.64%,64.80%,0.606192,2026-08-17
BE,232.16,2026-08-21,4,Call,237.50,-2.30%,7.5,7.66,7.65,1231,985,1.25,93.15%,101.83%,0.437885,2026-08-17
BE,232.16,2026-08-21,4,Put,220.00,-5.24%,4.6,4.7,4.7,1409,1129,1.25,93.15%,101.21%,-0.286348,2026-08-17
KLAR,19.51,2026-08-21,4,Call,22.50,-15.33%,0.5,0.57,0.65,2059,1645,1.25,84.98%,189.44%,0.268303,2026-08-17
EIX,71.3,2026-09-18,32,Call,72.50,-1.68%,1.8,2.85,3.2,2310,1851,1.25,36.55%,36.49%,0.455564,2026-08-17
HOOD,96.25,2026-08-21,4,Call,97.00,-0.78%,2.19,2.2,2.24,3512,2816,1.25,57.34%,63.34%,0.468944,2026-08-17
FULC,3.84,2026-12-18,123,Call,4.00,-4.17%,0.05,0.15,0.15,4620,3709,1.25,46.83%,16.41%,0.403338,2026-08-17
SOUN,7.04,2026-08-21,4,Call,7.00,+0.57%,0.23,0.25,0.24,9200,7383,1.25,67.68%,72.66%,0.547039,2026-08-17
NFLX,76.02,2026-08-21,4,Put,77.00,+1.29%,1.58,1.62,1.66,6066,4907,1.24,31.89%,33.70%,-0.63222,2026-08-17
NVDA,225.01,2026-08-21,4,Put,217.50,-3.34%,0.72,0.74,0.76,9635,7756,1.24,38.42%,34.62%,-0.167625,2026-08-17
AAPL,305.59,2026-09-25,39,Call,340.00,-11.26%,1,1.15,1.26,788,636,1.24,23.49%,24.09%,0.101987,2026-08-17
USAR,19.29,2026-08-21,4,Call,19.50,-1.09%,0.6,0.65,0.7,918,739,1.24,85.00%,92.25%,0.476185,2026-08-17
CIFR,18.5,2026-08-21,4,Put,18.50,0.00%,0.78,0.85,1.09,927,746,1.24,97.84%,121.55%,-0.473627,2026-08-17
CSCO,112.9,2026-11-20,95,Put,110.00,-2.57%,6.25,6.4,6.95,1012,816,1.24,30.06%,36.51%,-0.396943,2026-08-17
AG,19.57,2026-08-21,4,Put,19.50,-0.36%,0.42,0.42,0.51,1331,1070,1.24,60.11%,61.58%,-0.463173,2026-08-17
HOOD,96.25,2026-08-21,4,Put,92.00,-4.42%,0.83,0.84,0.88,1380,1113,1.24,57.34%,61.51%,-0.229905,2026-08-17
PYPL,60.47,2026-09-11,25,Call,60.00,+0.78%,1.85,2.13,2.49,1383,1118,1.24,29.95%,29.71%,0.564421,2026-08-17
AVGO,392.43,2026-08-21,4,Call,415.00,-5.75%,1.07,1.13,1.18,1517,1220,1.24,49.33%,45.17%,0.124637,2026-08-17
SPCE,3.13,2026-08-28,11,Put,3.00,-4.15%,0.11,0.12,0.12,3726,3009,1.24,87.02%,81.82%,-0.353373,2026-08-17
CLSK,12.4,2026-08-21,4,Call,13.50,-8.87%,0.13,0.14,0.15,4220,3398,1.24,81.20%,94.68%,0.210677,2026-08-17
"Downloaded from Barchart.com as of 08-17-2026 08:05pm CDT"
