Symbol,Price~,"Exp Date",DTE,Type,Strike,Moneyness,Bid,Latest,Ask,Volume,"Open Int",Vol/OI,"Imp Vol",IV,Delta,Time
PCG,17.96,2026-10-16,57,Call,25.00,-39.20%,0.1,0.12,0.16,20114,114,176.44,57.01%,54.71%,0.080205,2026-08-20
OWL,11.4,2026-11-20,92,Put,11.00,-3.51%,0.85,0.91,0.95,51015,315,161.95,45.35%,47.00%,-0.402041,2026-08-20
WMT,103.84,2026-08-21,1,Call,105.00,-1.12%,0.27,0.29,0.29,20606,218,94.52,22.30%,32.70%,0.262259,2026-08-20
SPCX,134,2026-10-02,43,Put,95.00,-29.10%,0.83,0.88,0.98,11683,130,89.87,62.49%,70.34%,-0.059148,2026-08-20
CLF,10.74,2026-09-04,15,Put,10.00,-6.89%,0.13,0.24,0.24,12027,139,86.53,58.60%,55.64%,-0.24366,2026-08-20
WMT,103.84,2026-08-21,1,Call,106.00,-2.08%,0.13,0.13,0.15,9893,124,79.78,22.30%,36.11%,0.140927,2026-08-20
ARM,250.72,2026-11-20,92,Call,320.00,-27.63%,17.75,18.1,18.95,12422,168,73.94,67.38%,77.72%,0.34259,2026-08-20
KHC,25.57,2026-08-28,8,Call,26.50,-3.64%,0.11,0.12,0.34,19443,271,71.75,30.28%,37.63%,0.266654,2026-08-20
PTEN,12.18,2026-11-20,92,Call,12.00,+1.48%,1.4,1.5,1.5,50311,967,52.03,54.83%,56.36%,0.575166,2026-08-20
PTEN,12.18,2026-11-20,92,Call,11.00,+9.69%,1.85,2.06,2.15,14910,324,46.02,54.83%,57.63%,0.687837,2026-08-20
MSTR,112.39,2026-08-28,8,Call,117.00,-4.10%,3.65,4,4,20682,469,44.1,78.08%,85.82%,0.40258,2026-08-20
AMD,469.45,2026-11-20,92,Call,430.00,+8.40%,77,77.88,80,11600,289,40.14,54.06%,60.41%,0.681941,2026-08-20
KHC,25.57,2026-08-28,8,Call,26.00,-1.68%,0.2,0.24,0.27,19926,513,38.84,30.28%,27.57%,0.344415,2026-08-20
TSLA,345.13,2026-08-21,1,Put,342.50,-0.76%,1.86,1.89,1.91,84140,2216,37.97,40.58%,42.23%,-0.359025,2026-08-20
INTC,92.13,2026-08-21,1,Call,91.00,+1.23%,1.83,1.87,1.91,16135,428,37.7,62.34%,63.69%,0.651528,2026-08-20
MU,974.33,2026-08-21,1,Put,"1,200.00",+23.16%,218.25,231.23,233.2,9349,256,36.52,65.40%,149.69%,-0.996159,2026-08-20
PBA,49.17,2026-09-18,29,Call,55.00,-11.86%,0.1,0.15,0.15,3946,110,35.87,20.15%,27.18%,0.076092,2026-08-20
MRNA,133.32,2026-08-21,1,Put,130.00,-2.49%,3.95,4.2,4.25,19209,558,34.42,109.77%,204.15%,-0.385809,2026-08-20
DFTX,45.4,2026-10-16,57,Call,50.00,-10.13%,4,4.2,4.4,4230,124,34.11,85.07%,81.98%,0.453005,2026-08-20
RKT,14.06,2026-11-20,92,Put,14.00,-0.43%,1.38,1.4,1.52,5001,148,33.79,52.78%,55.07%,-0.42886,2026-08-20
FLEX,110.32,2026-09-18,29,Put,95.00,-13.89%,0.95,1.92,2.5,4343,129,33.67,62.57%,59.88%,-0.162192,2026-08-20
VSAT,74.03,2027-01-15,148,Call,85.00,-14.82%,11.8,12.1,12.3,5534,171,32.36,74.66%,83.07%,0.513046,2026-08-20
BULL,8.85,2026-08-21,1,Put,9.50,+7.34%,0.51,0.51,0.73,4360,141,30.92,59.84%,86.80%,-0.938167,2026-08-20
COIN,172.35,2026-08-21,1,Put,167.50,-2.81%,1.11,1.2,1.27,5731,187,30.65,69.81%,85.11%,-0.253004,2026-08-20
MRNA,133.32,2027-03-19,211,Put,110.00,-17.49%,20.65,22.58,22.6,3270,108,30.28,109.77%,91.86%,-0.258108,2026-08-20
MRVL,251.01,2026-09-11,22,Call,240.00,+4.39%,25.6,26.2,27.3,4622,161,28.71,81.78%,84.14%,0.629556,2026-08-20
MRNA,133.32,2026-08-21,1,Call,130.00,+2.49%,7.2,7.5,7.6,6349,223,28.47,109.77%,202.93%,0.614664,2026-08-20
MRVL,251.01,2026-08-21,1,Put,245.00,-2.39%,2.1,2.23,2.33,3632,131,27.73,81.78%,89.18%,-0.293086,2026-08-20
INTC,92.13,2026-09-04,15,Put,78.00,-15.34%,0.47,0.54,0.63,6706,245,27.37,62.34%,65.39%,-0.091572,2026-08-20
MU,974.33,2026-08-21,1,Call,957.50,+1.73%,23.95,24.91,26.3,5625,214,26.29,65.40%,75.31%,0.678784,2026-08-20
CLF,10.74,2026-08-28,8,Call,10.00,+6.89%,0.63,0.87,1.1,9251,360,25.7,58.60%,62.93%,0.792452,2026-08-20
TSLA,345.13,2026-08-24,4,Call,342.50,+0.76%,6.15,6.25,6.4,11060,440,25.14,40.58%,33.19%,0.598321,2026-08-20
NVDA,216.85,2026-08-24,4,Call,207.50,+4.31%,9.25,9.66,10.7,2730,109,25.05,40.45%,37.86%,0.872967,2026-08-20
IOVA,8.99,2028-01-21,519,Put,5.50,-38.82%,1.2,1.4,3.4,20001,840,23.81,101.71%,129.35%,-0.133154,2026-08-20
WYNN,99.6,2026-11-20,92,Put,92.50,-7.13%,3.4,3.6,3.75,5505,237,23.23,30.71%,35.21%,-0.294014,2026-08-20
OHI,46.75,2026-09-18,29,Put,45.00,-3.74%,0.45,0.5,0.55,4385,189,23.2,21.91%,22.34%,-0.268751,2026-08-20
EOSE,3.46,2026-09-25,36,Call,5.00,-44.51%,0.08,0.1,0.16,2609,113,23.09,100.18%,114.52%,0.202199,2026-08-20
WMT,103.84,2026-10-16,57,Call,105.00,-1.12%,3.35,3.45,3.5,2684,117,22.94,22.30%,22.98%,0.487518,2026-08-20
MRNA,133.32,2026-08-28,8,Call,200.00,-50.02%,0.88,0.9,0.9,5780,252,22.94,109.77%,168.40%,0.066956,2026-08-20
VIK,90.53,2026-08-21,1,Call,90.00,+0.59%,0.95,1.25,2.25,2517,110,22.88,35.00%,69.67%,0.57221,2026-08-20
HIMS,31.86,2026-11-20,92,Call,47.00,-47.52%,1.6,1.95,2.1,2676,117,22.87,74.34%,88.63%,0.264482,2026-08-20
PURR,10.08,2026-09-11,22,Call,10.00,+0.79%,1,1.3,1.45,3005,132,22.77,123.68%,119.89%,0.572081,2026-08-20
SPCX,134,2026-08-21,1,Call,133.00,+0.75%,2.5,2.52,2.59,24089,1066,22.6,62.49%,71.67%,0.5875,2026-08-20
BABA,130.53,2026-08-28,8,Call,137.00,-4.96%,1.24,1.21,1.35,4669,207,22.56,40.40%,46.23%,0.250936,2026-08-20
FCX,71.22,2026-08-28,8,Put,68.00,-4.52%,0.82,0.99,1.09,2690,120,22.42,51.08%,53.87%,-0.265346,2026-08-20
MRNA,133.32,2026-08-21,1,Call,135.00,-1.26%,5,5.05,5.2,2805,126,22.26,109.77%,210.59%,0.477027,2026-08-20
CLF,10.74,2026-09-04,15,Put,11.00,+2.42%,0.61,0.66,0.7,11809,531,22.24,58.60%,59.02%,-0.553903,2026-08-20
SPCX,134,2026-09-25,36,Put,133.00,-0.75%,9.6,10.37,9.8,2312,104,22.23,62.49%,62.35%,-0.440115,2026-08-20
TTE,90.9,2026-09-18,29,Call,95.00,-4.51%,0.9,1.1,1.05,2487,113,22.01,23.12%,23.96%,0.268784,2026-08-20
MRNA,133.32,2026-08-21,1,Call,170.00,-27.51%,0.4,0.43,0.45,9711,451,21.53,109.77%,277.27%,0.054641,2026-08-20
CORZ,18.39,2026-08-28,8,Call,19.00,-3.32%,0.44,0.56,0.68,2144,100,21.44,71.96%,74.66%,0.407948,2026-08-20
COIN,172.35,2026-08-28,8,Call,182.50,-5.89%,3.8,3.85,4.25,6407,302,21.22,69.81%,77.00%,0.330663,2026-08-20
NBIS,220.11,2028-12-15,848,Put,75.00,-65.93%,20.4,21.4,21.4,6265,301,20.81,90.87%,101.01%,-0.0649,2026-08-20
BMY,65.47,2026-11-20,92,Call,70.00,-6.92%,2.1,2.22,2.32,3856,187,20.62,26.38%,30.24%,0.355264,2026-08-20
OWL,11.4,2026-08-28,8,Call,12.00,-5.26%,0.05,0.1,0.15,15044,730,20.61,45.35%,45.69%,0.230385,2026-08-20
PSNL,16.88,2026-09-18,29,Call,17.50,-3.67%,0.7,0.75,2.85,2914,143,20.38,76.67%,106.48%,0.515737,2026-08-20
BRK.B,496.86,2026-08-28,8,Call,502.50,-1.14%,1.76,1.96,2.1,2497,123,20.3,13.72%,13.62%,0.304941,2026-08-20
INTC,92.13,2026-08-21,1,Call,89.00,+3.40%,3.25,3.65,3.5,6070,305,19.9,62.34%,64.08%,0.853103,2026-08-20
TSLA,345.13,2026-08-21,1,Put,337.50,-2.21%,0.66,0.68,0.7,52100,2681,19.43,40.58%,43.84%,-0.161157,2026-08-20
BULL,8.85,2026-08-21,1,Put,9.00,+1.69%,0.24,0.25,0.28,6539,338,19.35,59.84%,94.12%,-0.623641,2026-08-20
TSLA,345.13,2026-08-24,4,Put,342.50,-0.76%,3.4,3.5,3.5,7438,385,19.32,40.58%,32.73%,-0.401249,2026-08-20
TEM,66.65,2026-08-28,8,Call,80.00,-20.03%,0.44,0.47,0.57,2625,138,19.02,77.16%,96.63%,0.115215,2026-08-20
MU,974.33,2026-08-21,1,Put,955.00,-1.98%,6.95,7,7.7,7707,418,18.44,65.40%,74.91%,-0.297035,2026-08-20
RIOT,20.98,2026-08-28,8,Call,23.00,-9.63%,0.36,0.44,0.44,15834,861,18.39,87.86%,87.15%,0.260471,2026-08-20
TGT,158.25,2026-10-16,57,Put,160.00,+1.11%,7.6,7.7,8.25,3069,167,18.38,29.03%,28.51%,-0.511246,2026-08-20
BURL,333.23,2026-09-18,29,Put,280.00,-15.97%,0.45,1.4,1.4,3548,194,18.29,45.03%,40.62%,-0.054718,2026-08-20
COIN,172.35,2026-08-28,8,Call,177.50,-2.99%,5.25,5.6,6,4781,266,17.97,69.81%,76.33%,0.421887,2026-08-20
SHOP,147.18,2026-08-28,8,Put,135.00,-8.28%,0.23,0.43,0.65,2010,112,17.95,44.18%,45.55%,-0.09249,2026-08-20
DE,620.94,2026-08-28,8,Put,600.00,-3.37%,2.55,3.8,5.7,3028,169,17.92,30.84%,32.85%,-0.229573,2026-08-20
AXP,331.15,2026-08-28,8,Call,337.50,-1.92%,2.07,2.55,2.76,2167,121,17.91,23.86%,24.79%,0.313966,2026-08-20
PCG,17.96,2026-10-16,57,Call,20.00,-11.36%,0.67,0.7,0.71,25584,1435,17.83,57.01%,49.27%,0.331396,2026-08-20
SHAZ,60.85,2026-09-18,29,Put,60.00,-1.40%,5.6,7.15,6.8,2104,119,17.68,101.65%,98.89%,-0.421549,2026-08-20
MRNA,133.32,2026-08-28,8,Put,130.00,-2.49%,8.6,8.87,9.25,1917,110,17.43,109.77%,135.87%,-0.409349,2026-08-20
PPTA,25.05,2026-09-18,29,Put,25.00,-0.20%,1.55,1.85,2,2009,118,17.03,66.04%,65.23%,-0.454264,2026-08-20
MSTR,112.39,2026-08-28,8,Put,101.00,-10.13%,1.17,1.16,1.33,4505,265,17,78.08%,80.09%,-0.166875,2026-08-20
MRNA,133.32,2026-12-18,120,Put,110.00,-17.49%,15.6,16.6,17.15,2369,145,16.34,109.77%,98.71%,-0.260902,2026-08-20
MRNA,133.32,2026-09-18,29,Put,130.00,-2.49%,13.8,14.49,15,1560,100,15.6,109.77%,109.72%,-0.403777,2026-08-20
SPCX,134,2026-08-21,1,Call,134.00,0.00%,1.99,2,2.04,15396,996,15.46,62.49%,71.79%,0.50855,2026-08-20
MRNA,133.32,2026-08-21,1,Put,125.00,-6.24%,2.3,2.45,2.65,5116,335,15.27,109.77%,211.46%,-0.261601,2026-08-20
AAPL,311.3,2026-08-24,4,Put,302.50,-2.83%,0.48,0.54,0.54,3196,211,15.15,25.01%,24.53%,-0.126687,2026-08-20
GOOG,338.2,2026-09-18,29,Put,430.00,+27.14%,90.95,91.4,93.55,3773,250,15.09,28.06%,50.41%,-0.956794,2026-08-20
MU,974.33,2026-08-21,1,Put,957.50,-1.73%,7.7,8,9.1,3862,257,15.03,65.40%,76.38%,-0.32346,2026-08-20
MRNA,133.32,2026-09-18,29,Put,125.00,-6.24%,11.25,11.88,12.4,1737,118,14.72,109.77%,109.18%,-0.355353,2026-08-20
WMT,103.84,2026-08-28,8,Put,102.00,-1.77%,0.8,0.77,0.84,2448,168,14.57,22.30%,26.18%,-0.310709,2026-08-20
WMT,103.84,2026-09-18,29,Call,105.00,-1.12%,2.06,2.09,2.19,17357,1192,14.56,22.30%,21.90%,0.454011,2026-08-20
BWA,64.8,2026-09-18,29,Put,62.50,-3.55%,1.35,1.75,1.85,2425,167,14.52,37.08%,36.86%,-0.338323,2026-08-20
MU,974.33,2026-08-24,4,Call,950.00,+2.50%,34.8,36.42,36.8,5125,356,14.4,65.40%,52.78%,0.688801,2026-08-20
INTC,92.13,2026-08-24,4,Call,92.00,+0.14%,1.86,1.91,1.99,2100,146,14.38,62.34%,47.96%,0.523881,2026-08-20
AXP,331.15,2026-08-28,8,Call,342.50,-3.43%,0.93,1.32,1.55,1925,134,14.37,23.86%,24.84%,0.188532,2026-08-20
FRMI,5.97,2026-08-21,1,Call,1.00,+83.25%,4.7,4.9,5.1,2086,149,14,102.48%,0.00%,0,2026-08-20
BRZE,30.71,2026-11-20,92,Call,25.00,+18.59%,7.5,7.53,7.8,1522,110,13.84,83.23%,72.46%,0.780569,2026-08-20
COF,212.48,2026-08-28,8,Call,220.00,-3.54%,0.7,1.03,1.2,2484,180,13.8,27.36%,27.16%,0.202295,2026-08-20
MRNA,133.32,2026-09-18,29,Call,200.00,-50.02%,3,3.5,3.5,2073,151,13.73,109.77%,121.39%,0.157238,2026-08-20
MSTR,112.39,2026-12-18,120,Call,335.00,-198.07%,1.05,1.2,1.3,1892,138,13.71,78.08%,99.09%,0.053074,2026-08-20
TSLA,345.13,2026-08-21,1,Call,347.50,-0.69%,2.18,2.15,2.23,54299,3978,13.65,40.58%,44.80%,0.391314,2026-08-20
COIN,172.35,2026-08-28,8,Call,205.00,-18.94%,1,1.05,1.15,2130,157,13.57,69.81%,88.45%,0.105044,2026-08-20
MTDR,58.42,2026-09-18,29,Call,65.00,-11.26%,0.6,0.65,0.85,1952,144,13.56,39.81%,41.72%,0.199634,2026-08-20
CLF,10.74,2026-08-28,8,Put,10.00,-6.89%,0.11,0.13,0.15,3353,249,13.47,58.60%,64.61%,-0.21258,2026-08-20
INTC,92.13,2026-08-24,4,Call,93.00,-0.94%,1.44,1.49,1.53,2356,177,13.31,62.34%,48.51%,0.439147,2026-08-20
MARA,11.15,2026-09-04,15,Put,11.00,-1.35%,0.71,0.73,0.76,3617,273,13.25,87.96%,91.14%,-0.431653,2026-08-20
MSTR,112.39,2026-08-28,8,Call,114.00,-1.43%,4.75,4.9,5.05,9234,697,13.25,78.08%,84.26%,0.481938,2026-08-20
SPCX,134,2026-08-21,1,Call,132.00,+1.49%,3.05,3.15,3.2,21237,1603,13.25,62.49%,70.43%,0.666072,2026-08-20
COIN,172.35,2027-12-17,484,Put,170.00,-1.36%,48.7,50,51.55,2502,190,13.17,69.81%,73.28%,-0.317808,2026-08-20
GOOG,338.2,2026-08-21,1,Put,390.00,+15.32%,50.35,51.1,53.6,1540,118,13.05,28.06%,133.84%,-0.977595,2026-08-20
MSFT,481.15,2026-08-21,1,Call,482.50,-0.28%,2.28,2.34,2.49,9429,727,12.97,26.37%,29.77%,0.433691,2026-08-20
OPRA,18.29,2026-09-18,29,Put,17.00,-7.05%,0.2,0.27,0.4,2697,210,12.84,32.51%,38.48%,-0.241866,2026-08-20
SMCI,36.5,2026-08-28,8,Call,41.00,-12.33%,0.46,0.5,0.51,10493,819,12.81,75.57%,85.82%,0.198967,2026-08-20
AVGO,364.03,2026-08-31,11,Put,360.00,-1.11%,7.2,7,8.15,1509,118,12.79,50.42%,38.63%,-0.416654,2026-08-20
AMD,469.45,2026-08-21,1,Call,472.50,-0.65%,4.3,4.45,4.5,3503,275,12.74,54.06%,58.73%,0.423977,2026-08-20
CAVA,72.03,2027-01-15,148,Call,110.00,-52.71%,1.26,1.57,1.87,4990,394,12.66,49.17%,52.40%,0.145619,2026-08-20
CRCL,83.66,2026-11-20,92,Put,80.00,-4.37%,10.9,11.95,12.6,1484,118,12.58,85.88%,85.25%,-0.368644,2026-08-20
AAOI,129.1,2026-08-28,8,Call,125.00,+3.18%,9.6,10.5,11.3,2320,186,12.47,104.07%,109.18%,0.612347,2026-08-20
IONQ,41.53,2026-09-04,15,Call,46.00,-10.76%,0.99,1.07,1.26,2052,166,12.36,78.16%,79.07%,0.291697,2026-08-20
LVS,45.97,2027-01-15,148,Call,55.00,-19.64%,0.89,1.1,1.28,5010,406,12.34,28.98%,31.84%,0.221919,2026-08-20
TSLA,345.13,2026-08-24,4,Call,345.00,+0.04%,4.8,4.89,5,13696,1117,12.26,40.58%,33.08%,0.515828,2026-08-20
RCAT,9.53,2026-08-28,8,Call,9.00,+5.56%,0.69,0.83,0.96,3104,254,12.22,99.07%,93.75%,0.687034,2026-08-20
SPCX,134,2026-08-28,8,Call,133.00,+0.75%,5.5,5.56,5.9,2578,214,12.05,62.49%,65.09%,0.553371,2026-08-20
ASST,16.13,2026-12-18,120,Put,12.00,-25.60%,1.15,1.41,1.68,1409,117,12.04,96.39%,98.57%,-0.204827,2026-08-20
MU,974.33,2026-08-21,1,Call,962.50,+1.21%,20.85,22.5,22.9,2896,243,11.92,65.40%,75.05%,0.630496,2026-08-20
CCL,25.37,2026-09-04,15,Put,24.00,-5.40%,0.22,0.28,0.45,1341,113,11.87,40.75%,42.82%,-0.245413,2026-08-20
GOOG,338.2,2026-08-21,1,Put,385.00,+13.84%,46,46.6,48.55,3290,279,11.79,28.06%,145.43%,-0.95219,2026-08-20
TSLA,345.13,2026-08-21,1,Put,347.50,+0.69%,4.25,4.35,4.45,26182,2235,11.71,40.58%,42.01%,-0.616745,2026-08-20
CVNA,71.52,2026-08-28,8,Call,76.00,-6.26%,0.67,0.96,1.02,2111,182,11.6,55.34%,56.19%,0.248466,2026-08-20
TSLA,345.13,2026-08-21,1,Call,342.50,+0.76%,4.7,4.7,4.8,53645,4647,11.54,40.58%,45.21%,0.632822,2026-08-20
GOOG,338.2,2026-08-21,1,Put,375.00,+10.88%,35.6,35.9,38.55,4062,353,11.51,28.06%,110.03%,-0.961474,2026-08-20
MRNA,133.32,2026-08-21,1,Call,140.00,-5.01%,3.3,3.41,3.6,9934,865,11.48,109.77%,218.26%,0.355681,2026-08-20
INTC,92.13,2026-08-24,4,Put,88.00,-4.48%,0.41,0.46,0.5,2001,175,11.43,62.34%,48.66%,-0.175678,2026-08-20
AMTM,20.61,2027-01-15,148,Put,17.50,-15.09%,0.7,1,1.1,2118,187,11.33,43.12%,45.55%,-0.225503,2026-08-20
XOM,166.15,2026-08-21,1,Put,167.50,+0.81%,1.44,1.72,1.95,1148,102,11.25,27.65%,24.69%,-0.731726,2026-08-20
AMD,469.45,2026-08-21,1,Call,467.50,+0.42%,6.6,6.81,6.95,5166,462,11.18,54.06%,58.47%,0.561566,2026-08-20
WMT,103.84,2026-11-20,92,Call,105.00,-1.12%,5.15,5.33,5.4,2659,239,11.13,22.30%,26.33%,0.513662,2026-08-20
AMZN,260.11,2026-08-21,1,Call,262.50,-0.92%,0.93,0.93,0.95,37561,3384,11.1,29.42%,34.67%,0.312235,2026-08-20
COIN,172.35,2026-08-21,1,Call,172.50,-0.09%,3.1,3.2,3.4,11827,1069,11.06,69.81%,92.12%,0.503241,2026-08-20
COIN,172.35,2026-08-21,1,Call,177.50,-2.99%,1.54,1.53,1.72,6646,602,11.04,69.81%,99.52%,0.295507,2026-08-20
MU,974.33,2026-08-21,1,Call,955.00,+1.98%,25.8,25.8,28.45,11920,1091,10.93,65.40%,77.05%,0.698306,2026-08-20
WULF,16.45,2026-12-18,120,Call,26.00,-58.05%,1.05,1.08,1.24,7503,691,10.86,89.17%,100.10%,0.259317,2026-08-20
TSLA,345.13,2026-08-21,1,Put,345.00,-0.04%,2.91,3,2.99,63146,5849,10.8,40.58%,42.05%,-0.487307,2026-08-20
CRWV,89.76,2026-08-28,8,Put,89.00,-0.85%,3.5,3.4,3.7,3138,291,10.78,76.12%,75.80%,-0.445251,2026-08-20
AMD,469.45,2026-08-21,1,Put,570.00,+21.42%,99.85,107.6,102,1617,150,10.78,54.06%,184.64%,-0.975223,2026-08-20
PURR,10.08,2027-03-19,211,Call,12.00,-19.05%,2.35,2.55,2.7,1178,110,10.71,123.68%,101.95%,0.576261,2026-08-20
INTC,92.13,2026-08-28,8,Call,92.00,+0.14%,3.45,3.62,3.8,2388,223,10.71,62.34%,64.94%,0.527761,2026-08-20
MU,974.33,2026-08-21,1,Put,945.00,-3.01%,4.55,4.62,4.8,5365,501,10.71,65.40%,74.95%,-0.211558,2026-08-20
AAOI,129.1,2026-08-28,8,Call,140.00,-8.44%,4.3,4.45,4.6,5794,542,10.69,104.07%,111.15%,0.342529,2026-08-20
BABA,130.53,2026-08-21,1,Put,126.00,-3.47%,0.25,0.26,0.3,4627,435,10.64,40.40%,60.84%,-0.130171,2026-08-20
MARA,11.15,2026-08-28,8,Call,11.00,+1.35%,0.68,0.7,0.7,37968,3577,10.61,87.96%,92.96%,0.568683,2026-08-20
TSLA,345.13,2026-08-21,1,Put,340.00,-1.49%,1.15,1.16,1.18,126170,11935,10.57,40.58%,43.09%,-0.248503,2026-08-20
CORZ,18.39,2026-11-20,92,Call,23.00,-25.07%,1.23,1.4,1.62,1080,103,10.49,71.96%,77.03%,0.359391,2026-08-20
VET,12.84,2026-12-18,120,Call,17.50,-36.29%,0.2,0.25,0.3,4316,414,10.43,43.68%,46.87%,0.155315,2026-08-20
INTC,92.13,2026-08-26,6,Call,95.00,-3.12%,1.56,1.58,1.66,1468,141,10.41,62.34%,58.49%,0.357577,2026-08-20
C,129.67,2026-08-21,1,Put,129.00,-0.52%,0.41,0.52,0.6,2245,216,10.39,27.94%,29.54%,-0.364824,2026-08-20
TEM,66.65,2026-08-28,8,Call,75.00,-12.53%,0.88,0.96,1.08,2242,216,10.38,77.16%,90.01%,0.208025,2026-08-20
SPCX,134,2026-08-21,1,Call,131.00,+2.24%,3.6,3.8,4,11374,1100,10.34,62.49%,69.80%,0.739174,2026-08-20
HPE,52.89,2026-12-18,120,Put,40.00,-24.37%,2.31,2.41,2.72,3001,293,10.24,75.32%,69.97%,-0.179178,2026-08-20
AU,115.14,2026-09-18,29,Put,100.00,-13.15%,1.3,1.6,1.7,1499,147,10.2,55.12%,53.22%,-0.155029,2026-08-20
TTWO,240.15,2026-08-28,8,Call,240.00,+0.06%,7,8.15,8.2,1499,147,10.2,42.71%,52.43%,0.522771,2026-08-20
AMGN,433.73,2026-08-21,1,Call,325.00,+25.07%,107.05,107.8,111,1200,118,10.17,30.45%,257.29%,0.986399,2026-08-20
ECL,281.48,2026-08-21,1,Put,280.00,-0.53%,0,0.33,2.15,2214,218,10.16,22.32%,29.36%,-0.361392,2026-08-20
WMT,103.84,2026-08-21,1,Put,101.00,-2.73%,0.1,0.1,0.12,12978,1278,10.15,22.30%,41.95%,-0.100785,2026-08-20
WMT,103.84,2026-09-11,22,Put,100.00,-3.70%,0.74,0.78,0.92,1609,159,10.12,22.30%,23.00%,-0.235436,2026-08-20
STM,49.92,2027-01-15,148,Put,39.00,-21.88%,2.35,2.36,2.5,1011,100,10.11,52.68%,59.61%,-0.191864,2026-08-20
TSLA,345.13,2026-08-24,4,Put,345.00,-0.04%,4.5,4.64,4.65,5816,575,10.11,40.58%,32.62%,-0.485086,2026-08-20
EOSE,3.46,2026-09-04,15,Call,3.50,-1.16%,0.25,0.25,0.27,1098,109,10.07,100.18%,98.68%,0.519942,2026-08-20
USAR,17.11,2026-09-11,22,Call,21.00,-22.74%,0.19,0.32,0.52,3525,352,10.01,84.91%,85.74%,0.195524,2026-08-20
CRWV,89.76,2027-12-17,484,Put,35.00,-61.01%,4.05,4.25,4.55,7000,699,10.01,76.12%,86.87%,-0.068489,2026-08-20
APLD,28.65,2026-08-28,8,Call,29.50,-2.97%,0.76,1.02,1.15,1140,114,10,86.88%,77.39%,0.424263,2026-08-20
AVGO,364.03,2026-08-21,1,Put,440.00,+20.87%,74.8,76.15,77.4,2877,290,9.92,50.42%,162.12%,-0.986085,2026-08-20
AMD,469.45,2026-08-21,1,Put,550.00,+17.16%,79.55,89,82,6037,609,9.91,54.06%,145.28%,-0.979909,2026-08-20
WBD,28.23,2026-08-28,8,Put,28.00,-0.81%,0.12,0.2,2.32,1011,102,9.91,22.72%,80.85%,-0.446856,2026-08-20
COIN,172.35,2026-08-21,1,Put,172.50,+0.09%,2.95,3.67,3.45,2414,245,9.85,69.81%,87.01%,-0.497824,2026-08-20
NVDA,216.85,2026-08-21,1,Put,232.50,+7.22%,14.7,15.63,15.8,10454,1061,9.85,40.45%,55.92%,-0.992302,2026-08-20
BABA,130.53,2026-08-21,1,Call,126.00,+3.47%,4.55,4.74,5.05,9004,915,9.84,40.40%,60.40%,0.87145,2026-08-20
SPCX,134,2026-09-11,22,Put,122.00,-8.96%,3.1,3.09,3.25,1090,111,9.82,62.49%,62.53%,-0.241848,2026-08-20
INTC,92.13,2026-08-24,4,Call,94.00,-2.03%,1.1,1.12,1.16,4195,428,9.8,62.34%,49.16%,0.360076,2026-08-20
ON,74.71,2027-08-20,365,Put,75.00,+0.39%,14,16.12,16.45,974,100,9.74,53.41%,56.13%,-0.376379,2026-08-20
RILY,6.93,2026-08-28,8,Call,7.00,-1.01%,0.27,0.27,0.31,1927,199,9.68,63.06%,82.17%,0.477204,2026-08-20
HOOD,95.1,2026-08-28,8,Put,98.00,+3.05%,5.15,5,5.55,1693,175,9.67,61.95%,66.08%,-0.599662,2026-08-20
SNDK,1600.62,2026-08-21,1,Call,"1,590.00",+0.66%,35,36.3,38,3985,412,9.67,83.23%,92.51%,0.565043,2026-08-20
C,129.67,2026-08-28,8,Put,127.00,-2.06%,0.97,1.01,1.15,1487,154,9.66,27.94%,28.39%,-0.299926,2026-08-20
KO,90.5,2026-08-21,1,Put,91.00,+0.55%,0.59,0.65,0.85,1348,140,9.63,18.59%,22.49%,-0.677275,2026-08-20
PL,22.17,2026-10-16,57,Call,40.00,-80.42%,0.35,0.35,0.4,9457,985,9.6,97.29%,101.22%,0.10366,2026-08-20
WMT,103.84,2026-08-21,1,Put,103.00,-0.81%,0.46,0.5,0.6,23869,2487,9.6,22.30%,41.22%,-0.348166,2026-08-20
TGT,158.25,2026-08-28,8,Put,155.00,-2.05%,1.34,1.5,1.68,1793,187,9.59,29.03%,30.86%,-0.315311,2026-08-20
HIMS,31.86,2026-11-20,92,Call,39.00,-22.41%,2.75,3.37,3.55,2004,209,9.59,74.34%,84.88%,0.40566,2026-08-20
FLEX,110.32,2026-09-18,29,Put,110.00,-0.29%,5.7,7.5,9.1,4361,456,9.56,62.57%,62.27%,-0.453423,2026-08-20
AVGO,364.03,2026-08-21,1,Put,430.00,+18.12%,65.55,66.6,66.9,4950,520,9.52,50.42%,158.88%,-0.975271,2026-08-20
RIVN,16.01,2027-09-17,393,Put,13.00,-18.80%,1.23,2.37,2.83,5000,527,9.49,53.98%,60.54%,-0.243219,2026-08-20
UPST,28.86,2026-08-21,1,Call,29.50,-2.22%,0.16,0.2,0.2,991,105,9.44,59.31%,69.71%,0.280868,2026-08-20
BULL,8.85,2026-09-04,15,Call,9.00,-1.69%,0.23,0.36,0.45,22037,2339,9.42,59.84%,56.13%,0.469028,2026-08-20
QXO,13.34,2027-03-19,211,Call,15.00,-12.44%,2,2,2.25,38120,4047,9.42,60.51%,65.09%,0.522723,2026-08-20
AAOI,129.1,2026-08-28,8,Call,120.00,+7.05%,12.4,14.09,14.8,3694,396,9.33,104.07%,111.62%,0.701887,2026-08-20
AAPL,311.3,2026-08-21,1,Put,312.50,+0.39%,2.44,2.6,2.57,34440,3694,9.32,25.01%,28.54%,-0.597007,2026-08-20
APP,308.77,2026-08-21,1,Put,400.00,+29.55%,87,90.1,95.4,2427,261,9.3,55.92%,176.15%,-0.997771,2026-08-20
TSLA,345.13,2026-09-11,22,Call,390.00,-13.00%,2.46,2.48,2.51,5501,595,9.25,40.58%,43.11%,0.139784,2026-08-20
GOOG,338.2,2026-08-21,1,Call,337.50,+0.21%,2.47,2.5,2.78,2666,290,9.19,28.06%,31.76%,0.55508,2026-08-20
VRT,264.63,2026-08-21,1,Put,320.00,+20.92%,54.3,57.5,57.2,1727,188,9.19,55.67%,198.43%,-0.962439,2026-08-20
MSTR,112.39,2026-08-21,1,Call,112.00,+0.35%,2.53,2.58,2.89,9773,1067,9.16,78.08%,106.92%,0.536604,2026-08-20
HOOD,95.1,2026-09-04,15,Call,104.00,-9.36%,1.9,1.86,2.05,1179,129,9.14,61.95%,65.03%,0.273746,2026-08-20
AMZN,260.11,2026-08-24,4,Put,262.50,+0.92%,3.8,3.87,4.05,1460,160,9.13,29.42%,23.96%,-0.633717,2026-08-20
TSLA,345.13,2026-08-21,1,Put,335.00,-2.94%,0.39,0.4,0.41,54530,5977,9.12,40.58%,45.32%,-0.101776,2026-08-20
AMZN,260.11,2026-11-20,92,Call,180.00,+30.80%,81.85,83.36,84.55,1109,123,9.02,29.42%,48.46%,0.953021,2026-08-20
AAPL,311.3,2026-08-24,4,Put,317.50,+1.99%,6.6,5.9,7.05,1017,113,9,25.01%,20.99%,-0.811478,2026-08-20
PODD,146.87,2026-08-21,1,Call,160.00,-8.94%,0,0.1,0.1,1521,170,8.95,42.28%,80.33%,0.022069,2026-08-20
MU,974.33,2026-08-21,1,Call,960.00,+1.47%,22.5,23,24.6,19614,2192,8.95,65.40%,75.60%,0.654217,2026-08-20
NVDA,216.85,2026-08-21,1,Put,240.00,+10.68%,21.35,23.09,24.65,1017,114,8.92,40.45%,77.71%,-0.994259,2026-08-20
NVDA,216.85,2026-08-21,1,Call,217.50,-0.30%,1.31,1.31,1.34,145278,16318,8.9,40.45%,35.75%,0.441964,2026-08-20
VIRT,61.19,2026-08-21,1,Call,65.00,-6.23%,0.3,0.3,0.4,3531,397,8.89,44.22%,119.36%,0.174936,2026-08-20
ARE,52.94,2026-10-16,57,Call,55.00,-3.89%,1.85,1.8,2.5,5668,638,8.88,38.07%,37.16%,0.417808,2026-08-20
T,25.15,2026-08-28,8,Put,25.00,-0.60%,0.25,0.26,0.29,3875,437,8.87,24.20%,22.85%,-0.424529,2026-08-20
AMGN,433.73,2026-09-18,29,Call,310.00,+28.53%,122.2,122.9,125.35,1213,137,8.85,30.45%,37.51%,0.997619,2026-08-20
ORCL,142.07,2026-08-21,1,Call,141.00,+0.75%,2.21,2.05,2.59,1700,192,8.85,69.89%,61.25%,0.600153,2026-08-20
P,109.98,2026-09-18,29,Put,65.00,-40.90%,0.1,0.1,0.15,1075,122,8.81,84.23%,88.13%,-0.012166,2026-08-20
GOOG,338.2,2026-08-21,1,Put,380.00,+12.36%,41,40.9,43.55,4299,492,8.74,28.06%,133.69%,-0.948666,2026-08-20
AVGO,364.03,2026-08-21,1,Call,367.50,-0.95%,1.79,1.88,1.98,3700,425,8.71,50.42%,43.55%,0.344084,2026-08-20
AMD,469.45,2026-08-21,1,Put,462.50,-1.48%,2.72,2.91,3.05,6343,738,8.59,54.06%,58.74%,-0.307227,2026-08-20
TSLA,345.13,2026-08-21,1,Put,332.50,-3.66%,0.23,0.25,0.25,22851,2663,8.58,40.58%,47.28%,-0.063913,2026-08-20
AMZN,260.11,2026-08-24,4,Call,262.50,-0.92%,1.6,1.63,1.75,3086,361,8.55,29.42%,24.41%,0.370839,2026-08-20
INTC,92.13,2028-12-15,848,Call,70.00,+24.02%,45.5,47.65,50,7064,829,8.52,62.34%,72.71%,0.8006,2026-08-20
MU,974.33,2026-08-28,8,Put,610.00,-37.39%,0.08,0.13,0.14,1507,177,8.51,65.40%,114.38%,-0.002161,2026-08-20
BABA,130.53,2026-08-28,8,Call,141.00,-8.02%,0.47,0.59,0.75,1297,153,8.48,40.40%,46.35%,0.138089,2026-08-20
MRNA,133.32,2026-08-28,8,Put,125.00,-6.24%,6.05,6.59,7,1450,171,8.48,109.77%,133.79%,-0.334385,2026-08-20
AMD,469.45,2026-08-21,1,Call,462.50,+1.48%,9.55,9.8,10.25,2485,293,8.48,54.06%,58.92%,0.692414,2026-08-20
NBIS,220.11,2028-01-21,519,Put,40.00,-81.83%,4.05,4.3,4.4,11519,1359,8.48,90.87%,109.35%,-0.022829,2026-08-20
TSLA,345.13,2026-08-31,11,Call,345.00,+0.04%,9.4,9.54,9.6,1161,138,8.41,40.58%,38.71%,0.522125,2026-08-20
MRNA,133.32,2026-08-21,1,Call,175.00,-31.26%,0.28,0.32,0.33,2183,260,8.4,109.77%,284.74%,0.040058,2026-08-20
AAOI,129.1,2026-08-21,1,Call,125.00,+3.18%,5,6.04,6.2,3771,450,8.38,104.07%,117.73%,0.710972,2026-08-20
BMNR,21.57,2026-08-28,8,Call,26.00,-20.54%,0.06,0.15,0.2,1687,202,8.35,79.25%,92.50%,0.098514,2026-08-20
INTC,92.13,2026-08-31,11,Call,100.00,-8.54%,1.2,1.35,1.5,5472,657,8.33,62.34%,62.08%,0.242476,2026-08-20
B,46.27,2026-08-28,8,Call,48.00,-3.74%,0.58,0.68,0.8,1071,129,8.3,45.69%,49.57%,0.323648,2026-08-20
MU,974.33,2026-08-24,4,Call,955.00,+1.98%,31.75,34.67,33.55,1050,127,8.27,65.40%,53.06%,0.653803,2026-08-20
SOUN,6.97,2026-09-11,22,Put,6.00,-13.92%,0.08,0.13,0.13,4344,525,8.27,65.69%,67.71%,-0.159524,2026-08-20
BSX,49.37,2026-09-11,22,Call,52.00,-5.33%,0.55,0.9,0.95,1231,149,8.26,36.91%,34.78%,0.294757,2026-08-20
NVDA,216.85,2026-08-31,11,Call,215.00,+0.85%,8.2,8.2,8.35,1495,181,8.26,40.45%,48.20%,0.561774,2026-08-20
CHYM,31.95,2027-01-15,148,Call,37.50,-17.37%,2.45,2.75,2.85,2542,308,8.25,48.50%,54.38%,0.40345,2026-08-20
BYND,14.48,2026-08-21,1,Call,14.00,+3.31%,0.58,0.66,0.78,4106,498,8.24,126.12%,132.33%,0.699463,2026-08-20
MARA,11.15,2026-09-04,15,Put,10.00,-10.31%,0.32,0.34,0.37,4269,518,8.24,87.96%,93.25%,-0.249097,2026-08-20
MSTR,112.39,2026-08-21,1,Call,113.00,-0.54%,2.09,2.16,2.2,12584,1528,8.24,78.08%,103.40%,0.471645,2026-08-20
BABA,130.53,2026-08-21,1,Call,134.00,-2.66%,0.54,0.58,0.64,4588,558,8.22,40.40%,66.01%,0.229086,2026-08-20
MU,974.33,2026-08-21,1,Put,960.00,-1.47%,8.5,8.93,9.5,7384,901,8.2,65.40%,74.92%,-0.344693,2026-08-20
AVGO,364.03,2026-08-21,1,Put,420.00,+15.38%,55.25,55.45,57.9,8160,995,8.2,50.42%,162.12%,-0.949917,2026-08-20
HOOD,95.1,2026-08-28,8,Call,97.00,-2.00%,2.8,2.85,2.89,4620,564,8.19,61.95%,65.01%,0.440707,2026-08-20
SKHY,163.08,2026-09-04,15,Put,138.00,-15.38%,1.4,1.54,1.65,1078,132,8.17,73.65%,74.79%,-0.117772,2026-08-20
MARA,11.15,2026-08-28,8,Call,12.00,-7.62%,0.31,0.31,0.32,21449,2631,8.15,87.96%,95.35%,0.328399,2026-08-20
RGTI,16.07,2026-09-04,15,Put,16.00,-0.44%,0.85,1.02,0.98,1158,142,8.15,74.85%,73.96%,-0.456228,2026-08-20
RKT,14.06,2026-08-28,8,Call,14.50,-3.13%,0.22,0.31,0.35,8749,1075,8.14,52.78%,55.58%,0.373065,2026-08-20
TEM,66.65,2026-08-28,8,Call,70.00,-5.03%,2,2.06,2.22,2693,333,8.09,77.16%,87.20%,0.378578,2026-08-20
MSTR,112.39,2026-09-25,36,Put,65.00,-42.17%,0.36,0.42,0.72,1043,129,8.09,78.08%,104.73%,-0.032918,2026-08-20
SPCX,134,2026-08-28,8,Call,131.00,+2.24%,6.55,6.9,6.85,1633,202,8.08,62.49%,63.89%,0.616058,2026-08-20
SNOW,321.29,2026-08-28,8,Call,325.00,-1.15%,6.7,7.25,8.4,1299,161,8.07,69.63%,48.09%,0.454418,2026-08-20
AMD,469.45,2026-08-21,1,Put,540.00,+15.03%,69.6,70.71,71.8,3256,404,8.06,54.06%,124.50%,-0.983277,2026-08-20
ECHO,86.92,2026-08-21,1,Put,135.00,+55.32%,46.2,48.9,50,20060,2500,8.02,45.33%,322.98%,-0.994471,2026-08-20
SBLK,30.06,2026-09-18,29,Call,25.00,+16.83%,4.5,5.3,5.9,1201,150,8.01,28.99%,51.18%,0.911613,2026-08-20
TSLA,345.13,2026-08-24,4,Put,340.00,-1.49%,2.53,2.53,2.57,6949,871,7.98,40.58%,32.99%,-0.32244,2026-08-20
MRNA,133.32,2027-03-19,211,Put,100.00,-24.99%,15.7,17.1,18.5,1872,235,7.97,109.77%,92.89%,-0.216041,2026-08-20
MARA,11.15,2027-10-15,421,Call,12.00,-7.62%,3.6,3.69,4.2,3036,382,7.95,87.96%,86.66%,0.668834,2026-08-20
AEVA,18.87,2026-09-18,29,Call,30.00,-58.98%,0.15,0.2,0.5,1770,223,7.94,101.05%,120.76%,0.118323,2026-08-20
TSLA,345.13,2026-09-18,29,Put,500.00,+44.87%,153.35,156.5,156.45,2887,364,7.93,40.58%,62.41%,-0.991488,2026-08-20
ECHO,86.92,2026-08-21,1,Put,140.00,+61.07%,51.1,54.1,55,21420,2700,7.93,45.33%,608.67%,-0.909404,2026-08-20
AMD,469.45,2026-08-21,1,Put,560.00,+19.29%,89.9,98.9,92,3309,418,7.92,54.06%,172.20%,-0.972273,2026-08-20
MSTR,112.39,2026-08-21,1,Call,111.00,+1.24%,2.99,3.2,3.2,6928,876,7.91,78.08%,99.82%,0.604976,2026-08-20
SPCX,134,2026-09-25,36,Put,116.00,-13.43%,3.2,3.2,3.35,1035,131,7.9,62.49%,63.26%,-0.199996,2026-08-20
BA,215.1,2026-09-04,15,Call,225.00,-4.60%,1.62,1.7,2.03,1456,185,7.87,30.38%,30.33%,0.241035,2026-08-20
PYPL,62.3,2026-08-28,8,Call,64.00,-2.73%,0.55,1.11,1.1,3025,386,7.84,34.43%,40.59%,0.341545,2026-08-20
MGM,43.17,2026-10-16,57,Call,48.00,-11.19%,0.45,0.65,0.95,1063,136,7.82,30.23%,32.05%,0.233081,2026-08-20
SPCX,134,2026-08-21,1,Call,136.00,-1.49%,1.2,1.23,1.25,13132,1690,7.77,62.49%,73.38%,0.357932,2026-08-20
TEM,66.65,2026-08-28,8,Call,68.00,-2.03%,2.62,2.59,2.82,1125,145,7.76,77.16%,83.79%,0.46285,2026-08-20
MU,974.33,2026-08-24,4,Call,"1,010.00",-3.66%,8.25,8.81,9.1,2303,297,7.75,65.40%,53.00%,0.269807,2026-08-20
ANET,183.75,2026-08-21,1,Call,192.50,-4.76%,0.1,0.11,0.18,2181,282,7.73,46.80%,56.60%,0.060317,2026-08-20
ARM,250.72,2026-11-20,92,Call,330.00,-31.62%,15.15,15.15,17,842,109,7.72,67.38%,77.10%,0.311614,2026-08-20
HIMS,31.86,2026-08-21,1,Put,32.50,+2.01%,0.9,0.92,1.03,1373,178,7.71,74.34%,88.22%,-0.657674,2026-08-20
TSLA,345.13,2026-08-24,4,Call,352.50,-2.14%,2.17,2.19,2.19,3484,453,7.69,40.58%,34.21%,0.2874,2026-08-20
COIN,172.35,2026-08-28,8,Call,187.50,-8.79%,2.84,2.99,3.5,960,126,7.62,69.81%,81.88%,0.265012,2026-08-20
PGEN,7.44,2026-09-18,29,Call,8.00,-7.53%,0.35,0.36,0.45,8742,1151,7.6,77.54%,75.41%,0.399181,2026-08-20
PURR,10.08,2026-08-21,1,Call,10.50,-4.17%,0.2,0.25,0.4,2404,317,7.58,123.68%,223.90%,0.386313,2026-08-20
META,545.83,2026-08-24,4,Call,545.00,+0.15%,7.2,7.5,7.95,1230,163,7.55,35.58%,30.97%,0.529526,2026-08-20
IOVA,8.99,2028-01-21,519,Put,10.00,+11.23%,3.7,4.18,4.6,10001,1325,7.55,101.71%,91.81%,-0.319383,2026-08-20
GOOGL,340.67,2026-08-21,1,Call,342.50,-0.54%,1.39,1.38,1.52,10794,1430,7.55,28.21%,31.41%,0.377495,2026-08-20
SPCX,134,2026-08-21,1,Call,137.00,-2.24%,0.94,0.94,0.96,14423,1914,7.54,62.49%,74.81%,0.293435,2026-08-20
AAPL,311.3,2026-08-26,6,Call,320.00,-2.79%,1.02,1.02,1.13,13497,1796,7.52,25.01%,24.55%,0.19959,2026-08-20
TJX,140.69,2026-08-28,8,Put,140.00,-0.49%,1.35,1.65,1.9,751,100,7.51,21.08%,23.88%,-0.433077,2026-08-20
TSLA,345.13,2026-08-21,1,Call,345.00,+0.04%,3.25,3.31,3.4,121132,16151,7.5,40.58%,45.00%,0.512763,2026-08-20
TSLA,345.13,2026-08-21,1,Put,410.00,+18.80%,63.8,66.95,65.8,3941,526,7.49,40.58%,248.38%,-0.896146,2026-08-20
AMZN,260.11,2026-08-24,4,Call,265.00,-1.88%,0.92,0.95,1,6912,923,7.49,29.42%,24.68%,0.244266,2026-08-20
CRWV,89.76,2026-08-21,1,Put,84.00,-6.42%,0.12,0.14,0.14,6039,808,7.47,76.12%,87.43%,-0.070203,2026-08-20
SPCE,3.08,2026-08-28,8,Put,3.50,+13.64%,0.4,0.4,0.5,954,128,7.45,81.33%,83.69%,-0.833811,2026-08-20
META,545.83,2026-09-18,29,Put,820.00,+50.23%,270.25,280.05,276.9,1050,141,7.45,35.58%,103.67%,-0.896819,2026-08-20
B,46.27,2026-09-04,15,Call,50.00,-8.06%,0.43,0.57,0.6,765,103,7.43,45.69%,45.90%,0.218349,2026-08-20
CSIQ,14.73,2026-08-28,8,Call,14.50,+1.56%,0.75,1.3,1.1,813,110,7.39,86.63%,92.61%,0.575015,2026-08-20
TSLA,345.13,2026-08-26,6,Put,342.50,-0.76%,5.25,5.37,5.4,1554,211,7.36,40.58%,37.75%,-0.4237,2026-08-20
TSLA,345.13,2026-08-21,1,Put,400.00,+15.90%,54.15,56.65,55.75,24745,3374,7.33,40.58%,124.99%,-0.987405,2026-08-20
PURR,10.08,2026-11-20,92,Call,13.00,-28.97%,1.1,1.24,1.5,915,125,7.32,123.68%,108.33%,0.429342,2026-08-20
DVA,175.24,2026-08-21,1,Put,210.00,+19.84%,32.7,33.53,35.4,950,130,7.31,31.75%,132.26%,-0.995679,2026-08-20
OPEN,3.47,2027-02-19,183,Put,4.00,+15.27%,0.91,1.12,1.25,2001,274,7.3,78.24%,80.14%,-0.479714,2026-08-20
NEM,127.64,2026-12-18,120,Call,165.00,-29.27%,4.05,4.2,4.4,2074,284,7.3,45.14%,49.10%,0.230309,2026-08-20
NVDA,216.85,2026-08-24,4,Call,205.00,+5.46%,11.7,12.15,12.95,1437,197,7.29,40.45%,41.20%,0.908625,2026-08-20
NVDA,216.85,2026-08-21,1,Call,192.50,+11.23%,24.2,24.28,25.5,6280,861,7.29,40.45%,152.38%,0.937517,2026-08-20
TSLA,345.13,2026-08-21,1,Put,395.00,+14.45%,49.15,51.94,50.7,16335,2243,7.28,40.58%,111.30%,-0.989607,2026-08-20
MRNA,133.32,2026-10-16,57,Put,110.00,-17.49%,8,8.81,10.05,757,104,7.28,109.77%,98.01%,-0.241094,2026-08-20
TSLA,345.13,2026-08-26,6,Put,337.50,-2.21%,3.4,3.97,3.5,1223,168,7.28,40.58%,38.04%,-0.310857,2026-08-20
CLS,302,2026-11-20,92,Call,310.00,-2.65%,39.5,40.3,41.3,1513,208,7.27,62.63%,70.64%,0.552096,2026-08-20
HMY,22.02,2026-11-20,92,Put,21.00,-4.63%,1.45,2.01,2.15,1000,138,7.25,60.32%,52.99%,-0.376408,2026-08-20
KLAR,14,2026-08-21,1,Call,14.00,0.00%,0.15,0.15,0.3,1684,233,7.23,52.45%,76.74%,0.508999,2026-08-20
NBIS,220.11,2026-08-21,1,Call,215.00,+2.32%,7.6,7.9,8,2737,382,7.16,90.87%,105.79%,0.674997,2026-08-20
CART,51.07,2026-08-28,8,Call,52.00,-1.82%,0.65,0.7,0.9,886,124,7.15,35.73%,38.33%,0.391382,2026-08-20
TSLA,345.13,2026-08-28,8,Put,342.50,-0.76%,6.75,6.8,6.85,2075,291,7.13,40.58%,40.18%,-0.432808,2026-08-20
AAPL,311.3,2026-08-21,1,Call,317.50,-1.99%,0.25,0.26,0.27,76695,10793,7.11,25.01%,30.34%,0.109672,2026-08-20
MSTR,112.39,2026-08-28,8,Call,120.00,-6.77%,2.9,2.9,3.05,23324,3296,7.08,78.08%,87.54%,0.331889,2026-08-20
INTC,92.13,2026-08-21,1,Put,125.00,+35.68%,30.9,32.95,34.55,2410,341,7.07,62.34%,271.62%,-0.981165,2026-08-20
FIGR,36.06,2026-09-18,29,Call,42.50,-17.86%,1.05,1.3,1.8,1068,151,7.07,79.76%,85.92%,0.292673,2026-08-20
MU,974.33,2026-08-21,1,Put,962.50,-1.21%,9.3,9.67,10.95,1153,163,7.07,65.40%,75.93%,-0.370927,2026-08-20
SBLK,30.06,2027-01-15,148,Call,10.00,+66.73%,19.3,19.9,20.7,1200,170,7.06,28.99%,100.60%,0.989956,2026-08-20
ECHO,86.92,2026-08-21,1,Put,110.00,+26.55%,21.2,23.6,25,8908,1261,7.06,45.33%,187.05%,-0.991212,2026-08-20
MSTR,112.39,2026-08-28,8,Call,115.00,-2.32%,4.35,4.6,4.6,28356,4015,7.06,78.08%,84.16%,0.453986,2026-08-20
ROST,228.99,2026-08-21,1,Put,200.00,-12.66%,0.65,0.7,0.7,3100,440,7.05,41.91%,179.68%,-0.068492,2026-08-20
RDDT,150.31,2026-09-11,22,Call,175.00,-16.43%,1.44,1.7,1.9,1090,155,7.03,56.73%,57.29%,0.159746,2026-08-20
MBLY,8.88,2026-11-20,92,Put,6.00,-32.43%,0,0.13,0.35,1840,262,7.02,56.23%,71.98%,-0.098586,2026-08-20
ECL,281.48,2026-09-18,29,Put,270.00,-4.08%,2.45,2.98,3.1,1124,161,6.98,22.32%,23.40%,-0.244448,2026-08-20
NBIS,220.11,2027-06-17,301,Put,75.00,-65.93%,7,7,7.05,2127,307,6.93,90.87%,106.04%,-0.051608,2026-08-20
AMGN,433.73,2026-08-21,1,Call,400.00,+7.78%,32.85,33.12,36,2543,367,6.93,30.45%,103.98%,0.93511,2026-08-20
MDB,420.37,2027-01-15,148,Call,550.00,-30.84%,34,36.7,37.6,789,114,6.92,82.05%,68.53%,0.358629,2026-08-20
WIX,82.39,2026-12-18,120,Put,72.50,-12.00%,7.5,9.2,10,1502,217,6.92,70.59%,76.90%,-0.29702,2026-08-20
AAPL,311.3,2026-08-21,1,Put,345.00,+10.83%,33.5,31.9,34.75,834,121,6.89,25.01%,120.42%,-0.945303,2026-08-20
PURR,10.08,2026-08-28,8,Put,8.00,-20.63%,0.05,0.15,0.2,923,135,6.84,123.68%,140.84%,-0.111949,2026-08-20
AMC,2.47,2026-09-04,15,Call,2.00,+19.03%,0.49,0.5,0.52,1218,178,6.84,85.46%,101.65%,0.869165,2026-08-20
SNDK,1600.62,2026-08-21,1,Put,"1,590.00",-0.66%,23.1,24.6,24.6,3401,498,6.83,83.23%,86.81%,-0.432074,2026-08-20
COIN,172.35,2026-08-28,8,Call,200.00,-16.04%,1.4,1.4,1.58,5842,855,6.83,69.81%,87.08%,0.139265,2026-08-20
AMZN,260.11,2026-08-26,6,Call,205.00,+21.19%,54.15,57.35,56.8,1084,159,6.82,29.42%,93.63%,0.979731,2026-08-20
AMD,469.45,2026-08-21,1,Call,465.00,+0.95%,8.1,8.31,8.5,6682,981,6.81,54.06%,59.17%,0.628018,2026-08-20
META,545.83,2026-12-18,120,Put,900.00,+64.89%,349.45,358.1,356.95,680,100,6.8,35.58%,62.37%,-0.90785,2026-08-20
BABA,130.53,2026-09-25,36,Call,130.00,+0.41%,6.25,6.65,7.7,1651,244,6.77,40.40%,41.02%,0.538491,2026-08-20
DE,620.94,2026-08-21,1,Call,650.00,-4.68%,0.1,0.4,1.05,1802,266,6.77,30.84%,58.35%,0.069433,2026-08-20
VIK,90.53,2026-09-18,29,Put,85.00,-6.11%,1.15,1.49,1.8,744,110,6.76,35.00%,37.09%,-0.248534,2026-08-20
ABBV,261.83,2027-02-19,183,Call,250.00,+4.52%,27.25,28.4,29.65,940,139,6.76,24.79%,29.72%,0.631588,2026-08-20
SCHW,109.79,2027-03-19,211,Call,130.00,-18.41%,2.77,3.25,3.1,1102,163,6.76,22.55%,26.02%,0.248955,2026-08-20
MRNA,133.32,2026-08-21,1,Put,140.00,+5.01%,9.65,10.18,10.75,12822,1897,6.76,109.77%,221.44%,-0.641809,2026-08-20
AAPL,311.3,2026-08-21,1,Put,332.50,+6.81%,20.95,19.4,22.2,2583,383,6.74,25.01%,83.05%,-0.932639,2026-08-20
MSTR,112.39,2026-08-21,1,Put,155.00,+37.91%,42.4,42.1,43,1519,226,6.72,78.08%,281.19%,-0.982837,2026-08-20
COMP,11.92,2026-09-18,29,Call,12.00,-0.67%,0.6,0.8,0.85,1794,267,6.72,60.30%,55.72%,0.521651,2026-08-20
SBLK,30.06,2027-01-15,148,Call,18.00,+40.12%,11.8,12,12.3,2400,359,6.69,28.99%,50.03%,0.983088,2026-08-20
MRNA,133.32,2026-08-21,1,Put,145.00,+8.76%,13.5,13.63,14.95,2486,372,6.68,109.77%,236.80%,-0.730777,2026-08-20
META,545.83,2026-08-21,1,Put,640.00,+17.25%,92.25,100.95,96.4,3440,515,6.68,35.58%,136.15%,-0.986446,2026-08-20
WMT,103.84,2026-08-28,8,Call,110.00,-5.93%,0.15,0.15,0.18,3527,529,6.67,22.30%,27.75%,0.085615,2026-08-20
AVGO,364.03,2026-08-21,1,Call,365.00,-0.27%,2.71,2.75,2.98,6302,945,6.67,50.42%,43.28%,0.459121,2026-08-20
MRNA,133.32,2026-08-28,8,Put,120.00,-9.99%,4.35,4.9,4.85,2908,437,6.65,109.77%,132.61%,-0.261761,2026-08-20
DIS,107.32,2026-08-21,1,Put,107.00,-0.30%,0.35,0.48,0.62,957,144,6.65,23.12%,28.30%,-0.416643,2026-08-20
ECHO,86.92,2026-08-21,1,Put,115.00,+32.31%,26.2,29.1,30,7341,1106,6.64,45.33%,217.40%,-0.992266,2026-08-20
PAAS,51.92,2026-09-18,29,Put,45.00,-13.33%,0.45,0.65,0.7,1851,279,6.63,49.72%,51.16%,-0.140976,2026-08-20
KDP,31.66,2026-10-16,57,Call,33.00,-4.23%,0.1,0.8,1.35,2766,418,6.62,24.33%,25.00%,0.358999,2026-08-20
SNDK,1600.62,2026-08-21,1,Put,"1,570.00",-1.91%,16.2,16.5,16.7,4432,672,6.6,83.23%,88.52%,-0.329251,2026-08-20
MSTR,112.39,2026-09-04,15,Put,80.00,-28.82%,0.25,0.31,0.39,3780,574,6.59,78.08%,97.52%,-0.033969,2026-08-20
BA,215.1,2026-08-21,1,Call,217.50,-1.12%,0.75,0.71,0.94,1852,281,6.59,30.38%,39.76%,0.300489,2026-08-20
APP,308.77,2026-09-18,29,Put,500.00,+61.93%,187.4,191.4,198.4,1330,202,6.58,55.92%,104.65%,-0.936116,2026-08-20
NCLH,16.75,2026-09-11,22,Call,18.00,-7.46%,0.24,0.26,0.31,820,125,6.56,43.08%,42.70%,0.269813,2026-08-20
AMGN,433.73,2026-08-21,1,Call,392.50,+9.51%,40.35,40.25,43,1200,183,6.56,30.45%,111.78%,0.958751,2026-08-20
BE,202.48,2026-08-28,8,Call,200.00,+1.22%,10.4,11.35,11.8,1267,193,6.56,86.81%,81.90%,0.56704,2026-08-20
AEO,16,2026-09-18,29,Put,12.00,-25.00%,0.13,0.13,0.14,745,114,6.54,70.46%,78.03%,-0.077651,2026-08-20
OSCR,31.57,2026-08-28,8,Call,37.00,-17.20%,0.09,0.1,0.19,1349,207,6.52,67.68%,76.03%,0.089042,2026-08-20
SBLK,30.06,2027-01-15,148,Call,20.00,+33.47%,9.3,10.9,10.9,3602,553,6.51,28.99%,43.98%,0.960644,2026-08-20
GOOG,338.2,2026-08-21,1,Put,367.50,+8.66%,27.85,29.15,31.05,1697,262,6.48,28.06%,83.59%,-0.970261,2026-08-20
KLAC,185.86,2026-08-21,1,Put,248.00,+33.43%,58.6,61.8,66.7,2302,355,6.48,55.83%,310.00%,-0.955181,2026-08-20
ROST,228.99,2026-08-21,1,Put,222.50,-2.83%,5.7,6.15,7,678,105,6.46,41.91%,196.15%,-0.369911,2026-08-20
RKLB,72.95,2026-08-21,1,Call,73.00,-0.07%,1.15,1.2,1.26,1065,165,6.45,72.68%,80.49%,0.502855,2026-08-20
META,545.83,2026-08-21,1,Put,690.00,+26.41%,140.25,148.7,146.4,940,146,6.44,35.58%,336.09%,-0.893343,2026-08-20
META,545.83,2026-09-18,29,Put,720.00,+31.91%,170.25,178.2,177.55,1120,174,6.44,35.58%,72.57%,-0.897625,2026-08-20
MSTR,112.39,2026-08-21,1,Put,106.00,-5.69%,0.35,0.38,0.41,3214,499,6.44,78.08%,100.28%,-0.126451,2026-08-20
NFLX,80.14,2026-08-21,1,Put,93.00,+16.05%,12.35,12.35,13.95,2412,375,6.43,32.23%,197.03%,-0.918026,2026-08-20
ACN,181.35,2027-03-19,211,Put,180.00,-0.74%,23.2,23.41,25.3,701,109,6.43,44.45%,46.86%,-0.413193,2026-08-20
SPCX,134,2028-01-21,519,Put,45.00,-66.42%,2.02,2.13,2.2,1468,229,6.41,62.49%,68.31%,-0.035159,2026-08-20
AMGN,433.73,2026-08-21,1,Call,415.00,+4.32%,17.85,17.76,21,1229,192,6.4,30.45%,65.57%,0.903921,2026-08-20
TSLA,345.13,2026-08-21,1,Put,405.00,+17.35%,58.8,62.05,60.85,1459,228,6.4,40.58%,238.53%,-0.888556,2026-08-20
MGNI,23.35,2026-09-18,29,Put,20.00,-14.35%,0.2,0.3,0.4,689,108,6.38,51.15%,57.05%,-0.144652,2026-08-20
SBLK,30.06,2026-08-21,1,Call,24.00,+20.16%,5.7,6.2,6.6,1202,189,6.36,28.99%,271.57%,0.950997,2026-08-20
GOOGL,340.67,2027-09-17,393,Put,305.00,-10.47%,24.25,26,26.35,1259,198,6.36,28.21%,34.20%,-0.282839,2026-08-20
ASST,16.13,2026-08-28,8,Call,15.50,+3.91%,0.97,1.15,1.39,1431,225,6.36,96.39%,87.80%,0.64716,2026-08-20
KLAC,185.86,2026-08-21,1,Put,234.00,+25.90%,43.9,48.6,53.1,9779,1539,6.35,55.83%,243.69%,-0.959347,2026-08-20
NFLX,80.14,2026-09-18,29,Put,116.00,+44.75%,33.7,36.05,37.2,4625,730,6.34,32.23%,76.20%,-0.953718,2026-08-20
IOVA,8.99,2026-08-21,1,Call,8.50,+5.45%,0.4,0.6,0.9,1098,176,6.24,101.71%,192.57%,0.728244,2026-08-20
MU,974.33,2026-08-21,1,Put,"1,100.00",+12.90%,122.65,128.25,129.65,5437,871,6.24,65.40%,116.29%,-0.975584,2026-08-20
META,545.83,2026-08-21,1,Call,545.00,+0.15%,5.2,5.2,5.5,9506,1526,6.23,35.58%,43.01%,0.532993,2026-08-20
KGC,31.43,2026-11-20,92,Put,27.00,-14.09%,1.17,1.33,1.38,903,145,6.23,49.87%,52.56%,-0.230977,2026-08-20
LI,12.92,2026-08-28,8,Call,13.00,-0.62%,0.1,0.5,0.83,1007,162,6.22,42.38%,65.25%,0.497059,2026-08-20
LULU,115.69,2026-12-18,120,Put,350.00,+202.53%,232.35,233.95,235.85,3956,637,6.21,56.65%,100.60%,-0.981889,2026-08-20
MARA,11.15,2026-08-28,8,Call,12.50,-12.11%,0.2,0.22,0.22,4701,758,6.2,87.96%,97.61%,0.237849,2026-08-20
AU,115.14,2026-08-21,1,Call,75.00,+34.86%,38.5,39.22,41.1,2700,436,6.19,55.12%,295.99%,0.997817,2026-08-20
AAPL,311.3,2026-08-21,1,Put,317.50,+1.99%,6.2,6.5,6.7,18953,3064,6.19,25.01%,30.74%,-0.888539,2026-08-20
SNDK,1600.62,2026-08-21,1,Put,"1,580.00",-1.29%,19.1,19.9,21.3,3467,561,6.18,83.23%,88.62%,-0.380329,2026-08-20
CRCL,83.66,2026-09-11,22,Put,79.00,-5.57%,4.1,4.83,5.1,1212,196,6.18,85.88%,84.81%,-0.348956,2026-08-20
ROST,228.99,2026-08-21,1,Call,250.00,-9.18%,1.9,2.15,2.75,3587,582,6.16,41.91%,185.73%,0.196641,2026-08-20
AVGO,364.03,2026-08-21,1,Call,375.00,-3.01%,0.41,0.42,0.45,5571,905,6.16,50.42%,44.89%,0.105927,2026-08-20
AAOI,129.1,2026-08-21,1,Put,112.00,-13.25%,0,0.16,0.6,731,119,6.14,104.07%,176.82%,-0.056759,2026-08-20
MSTR,112.39,2026-08-21,1,Put,165.00,+46.81%,52.4,52.05,53,1284,209,6.14,78.08%,326.64%,-0.984877,2026-08-20
NFLX,80.14,2026-09-11,22,Put,76.00,-5.17%,0.82,0.72,0.86,1829,298,6.14,32.23%,31.43%,-0.226355,2026-08-20
NVDA,216.85,2026-08-21,1,Put,217.50,+0.30%,1.72,1.77,1.77,86512,14116,6.13,40.45%,31.00%,-0.568383,2026-08-20
SNDK,1600.62,2026-08-21,1,Call,"1,660.00",-3.71%,10.3,10.4,10.8,2041,334,6.11,83.23%,93.30%,0.235902,2026-08-20
NEM,127.64,2026-08-21,1,Call,129.00,-1.07%,0.49,0.89,1.11,659,108,6.1,45.14%,51.16%,0.352106,2026-08-20
IONS,58.76,2026-09-18,29,Call,65.00,-10.62%,0.6,1.42,2.35,2533,416,6.09,56.02%,54.07%,0.285275,2026-08-20
MRNA,133.32,2026-08-21,1,Put,135.00,+1.26%,6.3,6.86,7.45,4658,765,6.09,109.77%,214.45%,-0.521828,2026-08-20
ADBE,272.22,2026-08-21,1,Put,340.00,+24.90%,64.85,67.45,71.45,1264,208,6.08,53.89%,223.43%,-0.9675,2026-08-20
ETN,415.29,2026-09-25,36,Put,330.00,-20.54%,0.2,0.6,0.85,1431,236,6.06,36.12%,39.27%,-0.02585,2026-08-20
RKLB,72.95,2026-08-21,1,Call,72.00,+1.30%,1.67,1.71,1.85,1495,247,6.05,72.68%,80.78%,0.630648,2026-08-20
ASST,16.13,2026-08-28,8,Call,16.50,-2.29%,0.63,0.76,0.84,1638,272,6.02,96.39%,93.75%,0.464819,2026-08-20
META,545.83,2026-08-21,1,Put,660.00,+20.92%,112.8,120,116.15,1855,309,6,35.58%,172.05%,-0.980822,2026-08-20
ORCL,142.07,2026-08-28,8,Call,143.00,-0.65%,3.9,4.08,4.25,934,156,5.99,69.89%,53.40%,0.485164,2026-08-20
BE,202.48,2026-08-21,1,Put,300.00,+48.16%,96.85,101.69,99.45,1282,214,5.99,86.81%,405.33%,-0.959773,2026-08-20
SBLK,30.06,2026-08-21,1,Call,28.00,+6.85%,1.75,2.15,2.15,3620,604,5.99,28.99%,111.48%,0.893472,2026-08-20
HUT,88.65,2026-08-28,8,Call,90.00,-1.52%,4.55,4.5,4.8,718,120,5.98,99.04%,100.40%,0.491215,2026-08-20
LQDA,71.05,2026-08-28,8,Call,80.00,-12.60%,0.75,1.45,2.4,796,133,5.98,106.27%,106.87%,0.252752,2026-08-20
AMGN,433.73,2026-09-18,29,Call,330.00,+23.92%,102,103,105.7,1801,301,5.98,30.45%,26.00%,0.998097,2026-08-20
U,46.54,2026-11-20,92,Put,55.00,+18.18%,10.95,10.99,11.2,2158,361,5.98,52.45%,62.05%,-0.644082,2026-08-20
AU,115.14,2026-09-18,29,Call,80.00,+30.52%,33.5,33.8,37,3600,604,5.96,55.12%,66.14%,0.980488,2026-08-20
KLAC,185.86,2026-08-21,1,Put,230.00,+23.75%,40,45.45,49.1,4992,837,5.96,55.83%,234.43%,-0.953157,2026-08-20
NBIS,220.11,2026-08-28,8,Call,215.00,+2.32%,14.8,14.6,15.7,995,167,5.96,90.87%,96.88%,0.595246,2026-08-20
WMT,103.84,2026-08-28,8,Put,100.00,-3.70%,0.31,0.34,0.36,5675,953,5.95,22.30%,26.11%,-0.156701,2026-08-20
CBRS,209.85,2026-08-28,8,Call,222.50,-6.03%,6,6.8,7.1,1271,214,5.94,91.25%,92.15%,0.361269,2026-08-20
SRAD,12.61,2028-01-21,519,Put,7.50,-40.52%,0.6,0.8,0.9,2105,355,5.93,44.25%,58.73%,-0.123107,2026-08-20
AMD,469.45,2026-08-21,1,Call,470.00,-0.12%,5.35,5.4,5.75,7430,1254,5.93,54.06%,59.10%,0.492486,2026-08-20
SRAD,12.61,2028-01-21,519,Put,10.00,-20.70%,1.55,1.57,1.95,900,152,5.92,44.25%,59.49%,-0.229984,2026-08-20
NVDA,216.85,2026-08-21,1,Call,182.50,+15.84%,33.65,34.8,36.05,2902,491,5.91,40.45%,204.83%,0.951832,2026-08-20
CRM,205.43,2026-08-21,1,Put,240.00,+16.83%,32.65,33.27,35.6,724,123,5.89,48.94%,113.28%,-0.995837,2026-08-20
TSLA,345.13,2026-08-26,6,Put,340.00,-1.49%,4.25,4.3,4.35,1435,245,5.86,40.58%,37.79%,-0.365526,2026-08-20
AU,115.14,2026-08-21,1,Call,100.00,+13.15%,14.8,15.3,15.8,3821,652,5.86,55.12%,158.25%,0.959328,2026-08-20
KLAC,185.86,2026-08-21,1,Put,232.00,+24.83%,41.8,48.6,51.1,5419,925,5.86,55.83%,230.38%,-0.962469,2026-08-20
MU,974.33,2026-08-24,4,Put,955.00,-1.98%,12.35,13.3,13.85,632,108,5.85,65.40%,53.43%,-0.347426,2026-08-20
RDDT,150.31,2026-08-21,1,Call,152.50,-1.46%,1.18,1.3,1.35,795,136,5.85,56.73%,69.03%,0.352135,2026-08-20
META,545.83,2026-09-18,29,Put,790.00,+44.73%,240.4,249.95,247.55,1730,296,5.84,35.58%,96.39%,-0.89276,2026-08-20
MSTR,112.39,2026-09-18,29,Put,280.00,+149.13%,167.25,167.15,168.05,606,104,5.83,78.08%,143.31%,-0.991569,2026-08-20
TII,2.46,2026-09-18,29,Call,2.50,-1.63%,0.3,0.3,0.35,630,108,5.83,103.42%,123.13%,0.553835,2026-08-20
TSLA,345.13,2026-08-26,6,Call,355.00,-2.86%,3.2,3.2,3.25,3045,522,5.83,40.58%,39.24%,0.300312,2026-08-20
GFS,47.33,2026-08-21,1,Put,85.00,+79.59%,36.4,37.65,38.3,862,148,5.82,57.83%,410.36%,-0.995821,2026-08-20
WMT,103.84,2026-08-28,8,Put,107.00,+3.04%,3.3,4.13,3.95,1886,325,5.8,22.30%,25.96%,-0.774909,2026-08-20
AU,115.14,2026-08-21,1,Call,90.00,+21.83%,24.6,25.6,25.8,10581,1827,5.79,55.12%,217.21%,0.986896,2026-08-20
BULL,8.85,2026-08-28,8,Put,9.00,+1.69%,0.4,0.44,0.45,1454,251,5.79,59.84%,66.15%,-0.546371,2026-08-20
APP,308.77,2026-08-21,1,Put,380.00,+23.07%,67,72.1,75.1,901,156,5.78,55.92%,240.77%,-0.943521,2026-08-20
META,545.83,2026-08-21,1,Put,625.00,+14.50%,78.15,84,80.05,2212,383,5.78,35.58%,234.35%,-0.851454,2026-08-20
TSLA,345.13,2026-08-26,6,Call,345.00,+0.04%,6.75,6.95,7,2286,396,5.77,40.58%,38.01%,0.517685,2026-08-20
GOOGL,340.67,2026-08-21,1,Put,380.00,+11.54%,37.85,37.6,40.25,4089,711,5.75,28.21%,80.83%,-0.995897,2026-08-20
WMT,103.84,2026-08-28,8,Put,103.00,-0.81%,1.08,1.11,1.2,2983,520,5.74,22.30%,25.32%,-0.401849,2026-08-20
YSS,9.2,2026-09-18,29,Call,10.00,-8.70%,0.8,0.81,0.85,763,133,5.74,107.70%,109.07%,0.456935,2026-08-20
AMGN,433.73,2026-08-21,1,Call,355.00,+18.15%,77.2,78.15,80.15,1234,215,5.74,30.45%,112.47%,0.999636,2026-08-20
MXL,65.28,2026-12-18,120,Put,65.00,-0.43%,13.3,14.3,15.4,929,162,5.73,92.79%,101.49%,-0.377006,2026-08-20
MU,974.33,2026-08-21,1,Call,965.00,+0.96%,19.65,19.76,21,6381,1115,5.72,65.40%,74.83%,0.605568,2026-08-20
CLBT,11.31,2026-10-16,57,Call,12.50,-10.52%,0.45,0.55,0.6,3019,529,5.71,55.27%,52.76%,0.363955,2026-08-20
OKLO,41.66,2026-08-21,1,Put,55.00,+32.02%,13.05,13.9,13.9,4698,823,5.71,77.21%,310.47%,-0.948346,2026-08-20
TSLA,345.13,2026-08-21,1,Put,440.00,+27.49%,93.7,96.25,96,1678,294,5.71,40.58%,291.66%,-0.935124,2026-08-20
PBR,19.01,2026-08-28,8,Put,18.50,-2.68%,0.29,0.31,0.33,2002,351,5.7,31.41%,47.69%,-0.335659,2026-08-20
PTEN,12.18,2026-11-20,92,Call,13.00,-6.73%,0.9,1.1,1.1,50224,8807,5.7,54.83%,54.58%,0.458812,2026-08-20
AU,115.14,2026-08-21,1,Call,85.00,+26.18%,28.7,29.15,30.8,9241,1625,5.69,55.12%,214.90%,0.997103,2026-08-20
ROST,228.99,2026-08-21,1,Put,212.50,-7.20%,2.1,2.65,3.1,630,111,5.68,41.91%,182.29%,-0.202746,2026-08-20
AAPL,311.3,2026-08-24,4,Put,310.00,-0.42%,2.12,2.22,2.3,4962,877,5.66,25.01%,22.01%,-0.418378,2026-08-20
OKLO,41.66,2026-08-21,1,Put,70.00,+68.03%,27.9,28.55,29.45,572,101,5.66,77.21%,598.21%,-0.933351,2026-08-20
MRNA,133.32,2026-09-18,29,Call,140.00,-5.01%,13,13.9,14.8,700,124,5.65,109.77%,110.29%,0.502963,2026-08-20
ROST,228.99,2026-08-21,1,Put,190.00,-17.03%,0.15,0.17,0.2,977,173,5.65,41.91%,179.97%,-0.021219,2026-08-20
WMT,103.84,2026-12-18,120,Call,105.00,-1.12%,6,6.1,6.2,2176,385,5.65,22.30%,26.11%,0.523999,2026-08-20
SNDK,1600.62,2026-08-21,1,Call,"1,610.00",-0.59%,26.4,26.18,29.8,3637,644,5.65,83.23%,96.98%,0.465021,2026-08-20
MU,974.33,2026-08-21,1,Put,965.00,-0.96%,10.5,10.6,11.7,3179,564,5.64,65.40%,75.82%,-0.395725,2026-08-20
SPCX,134,2026-08-21,1,Put,300.00,+123.88%,165.15,165.85,167.2,1140,202,5.64,62.49%,645.99%,-0.986765,2026-08-20
KLAC,185.86,2026-08-21,1,Put,240.00,+29.13%,53.1,56.2,56.2,1232,219,5.63,55.83%,281.82%,-0.951556,2026-08-20
GOOGL,340.67,2026-08-21,1,Put,390.00,+14.48%,47.85,48.6,51.15,3272,581,5.63,28.21%,127.46%,-0.977305,2026-08-20
DE,620.94,2026-08-21,1,Call,625.00,-0.65%,3.2,4.95,5.9,573,102,5.62,30.84%,48.87%,0.405451,2026-08-20
MRNA,133.32,2026-08-28,8,Call,180.00,-35.01%,1.43,1.5,2.15,1147,204,5.62,109.77%,159.91%,0.125811,2026-08-20
CRCL,83.66,2026-08-28,8,Put,82.00,-1.98%,3.4,3.7,3.9,746,133,5.61,85.88%,91.20%,-0.412605,2026-08-20
MSTR,112.39,2026-08-21,1,Put,160.00,+42.36%,47.4,47.15,48,3042,542,5.61,78.08%,304.41%,-0.983953,2026-08-20
GOOGL,340.67,2026-08-21,1,Put,385.00,+13.01%,42.85,43.6,45.2,820,147,5.58,28.21%,89.36%,-0.996279,2026-08-20
SPCX,134,2026-08-21,1,Put,132.00,-1.49%,1.12,1.14,1.14,28261,5082,5.56,62.49%,71.13%,-0.335446,2026-08-20
COP,134.89,2026-11-20,92,Put,130.00,-3.63%,5.75,6.05,6.35,839,151,5.56,30.33%,32.00%,-0.369788,2026-08-20
TSLA,345.13,2026-08-24,4,Put,350.00,+1.41%,7.4,7.6,7.8,1157,208,5.56,40.58%,33.48%,-0.646015,2026-08-20
XOM,166.15,2026-09-11,22,Call,175.00,-5.33%,1.5,1.56,1.67,810,146,5.55,27.65%,28.29%,0.240867,2026-08-20
GOOGL,340.67,2026-08-21,1,Put,395.00,+15.95%,52.85,53.6,56.15,1237,223,5.55,28.21%,137.44%,-0.978732,2026-08-20
AMGN,433.73,2026-08-21,1,Call,375.00,+13.54%,57.85,58.2,61,2403,434,5.54,30.45%,166.20%,0.9569,2026-08-20
COIN,172.35,2026-08-28,8,Call,185.00,-7.34%,3.25,3.54,3.7,5776,1042,5.54,69.81%,78.43%,0.292828,2026-08-20
AU,115.14,2026-08-21,1,Call,95.00,+17.49%,18.8,19.15,21.2,6674,1205,5.54,55.12%,141.50%,0.995825,2026-08-20
JNJ,267.37,2026-10-16,57,Put,260.00,-2.76%,6.3,7.15,7.1,2674,484,5.52,22.26%,24.62%,-0.359139,2026-08-20
AAPL,311.3,2026-08-21,1,Put,335.00,+7.61%,23,21.8,24.4,7542,1369,5.51,25.01%,50.21%,-0.999523,2026-08-20
TSLA,345.13,2026-08-21,1,Call,350.00,-1.41%,1.4,1.43,1.45,120103,21790,5.51,40.58%,45.38%,0.283015,2026-08-20
HIMS,31.86,2026-09-04,15,Call,39.00,-22.41%,0.19,0.42,0.62,584,106,5.51,74.34%,87.72%,0.149202,2026-08-20
APP,308.77,2028-12-15,848,Call,360.00,-16.59%,113.9,117.13,124.8,755,137,5.51,55.92%,69.40%,0.683037,2026-08-20
CRCL,83.66,2026-08-28,8,Put,74.00,-11.55%,0.71,0.86,1.04,671,122,5.5,85.88%,85.73%,-0.150105,2026-08-20
FIG,27.31,2026-09-04,15,Call,24.00,+12.12%,3.35,3.73,3.85,702,128,5.48,72.31%,62.52%,0.863149,2026-08-20
NVDA,216.85,2026-10-02,43,Call,215.00,+0.85%,12.7,13,13.4,1206,220,5.48,40.45%,39.59%,0.562933,2026-08-20
AMGN,433.73,2026-08-21,1,Call,365.00,+15.85%,67.85,68.05,71,4949,905,5.47,30.45%,191.20%,0.961933,2026-08-20
XOM,166.15,2026-08-28,8,Put,167.50,+0.81%,3.05,3.32,3.5,683,125,5.46,27.65%,26.06%,-0.573312,2026-08-20
TSLA,345.13,2026-08-21,1,Put,430.00,+24.59%,83.75,87.1,85.85,1190,218,5.46,40.58%,301.57%,-0.905601,2026-08-20
AMD,469.45,2026-08-21,1,Put,530.00,+12.90%,59.3,63.24,62,2823,518,5.45,54.06%,105.26%,-0.985793,2026-08-20
NBIS,220.11,2027-06-17,301,Put,90.00,-59.11%,9.2,10.3,11.8,3013,553,5.45,90.87%,103.63%,-0.073408,2026-08-20
AU,115.14,2026-08-21,1,Call,80.00,+30.52%,33.7,33.7,35.8,4811,882,5.45,55.12%,254.32%,0.997494,2026-08-20
SBLK,30.06,2026-08-21,1,Call,29.00,+3.53%,0.85,1.17,1.35,7678,1411,5.44,28.99%,54.43%,0.898659,2026-08-20
SBLK,30.06,2026-09-18,29,Call,27.00,+10.18%,2.3,3,3.9,555,102,5.44,28.99%,27.13%,0.932501,2026-08-20
GOOGL,340.67,2026-08-21,1,Put,400.00,+17.42%,57.9,59.25,61.45,1104,203,5.44,28.21%,163.32%,-0.966988,2026-08-20
MP,55.04,2026-08-28,8,Call,63.00,-14.46%,0.2,0.21,0.67,679,125,5.43,66.16%,79.35%,0.139085,2026-08-20
TEL,200.54,2026-08-21,1,Call,190.00,+5.26%,9.3,12,12.3,660,122,5.41,35.86%,71.96%,0.926956,2026-08-20
META,545.83,2026-08-21,1,Put,680.00,+24.58%,130.2,138.85,135.1,990,183,5.41,35.58%,323.84%,-0.887237,2026-08-20
ECHO,86.92,2026-08-21,1,Put,100.00,+15.05%,11.3,14.7,14,16678,3085,5.41,45.33%,310.57%,-0.782551,2026-08-20
SBLK,30.06,2026-08-21,1,Call,25.00,+16.83%,4.7,5.1,5.4,6055,1122,5.4,28.99%,197.22%,0.966961,2026-08-20
YALA,5.53,2027-01-15,148,Put,10.00,+80.83%,4.2,4.5,4.6,740,137,5.4,73.11%,64.23%,-0.919217,2026-08-20
RCAT,9.53,2026-08-28,8,Call,9.50,+0.31%,0.53,0.59,0.66,1431,265,5.4,99.07%,102.65%,0.540608,2026-08-20
AAPL,311.3,2026-08-24,4,Put,307.50,-1.22%,1.25,1.39,1.48,1604,297,5.4,25.01%,22.51%,-0.292448,2026-08-20
TEM,66.65,2026-08-28,8,Call,67.00,-0.53%,2.94,3.16,3.4,550,102,5.39,77.16%,84.12%,0.510605,2026-08-20
TSLA,345.13,2026-08-21,1,Put,450.00,+30.39%,103.75,106.65,105.95,1165,216,5.39,40.58%,329.18%,-0.927042,2026-08-20
MRNA,133.32,2026-08-21,1,Call,190.00,-42.51%,0.09,0.11,0.17,1602,297,5.39,109.77%,309.20%,0.017553,2026-08-20
META,545.83,2026-10-16,57,Put,760.00,+39.24%,210.2,218.1,217.55,920,171,5.38,35.58%,61.46%,-0.900059,2026-08-20
INTC,92.13,2026-08-26,6,Put,88.00,-4.48%,1,1,1.12,1078,201,5.36,62.34%,57.29%,-0.252254,2026-08-20
NFLX,80.14,2026-08-21,1,Put,96.00,+19.79%,15.7,17.1,17.1,2888,539,5.36,32.23%,264.47%,-0.891642,2026-08-20
AMGN,433.73,2026-08-21,1,Call,370.00,+14.69%,62.85,63.25,66,2805,524,5.35,30.45%,178.67%,0.959573,2026-08-20
PYPL,62.3,2026-08-28,8,Call,65.00,-4.33%,0.67,0.7,0.75,10039,1875,5.35,34.43%,45.88%,0.280269,2026-08-20
CRH,93.09,2027-01-15,148,Put,92.50,-0.63%,6.9,7.2,7.4,1006,188,5.35,33.70%,33.33%,-0.432259,2026-08-20
MRK,148.99,2026-10-16,57,Put,145.00,-2.68%,4.85,5,5.25,571,107,5.34,30.86%,30.25%,-0.380172,2026-08-20
MU,974.33,2026-08-28,8,Put,715.00,-26.62%,0.27,0.37,0.49,678,127,5.34,65.40%,90.16%,-0.008413,2026-08-20
WMT,103.84,2026-10-16,57,Put,95.00,-8.51%,0.79,0.82,0.83,3217,604,5.33,22.30%,23.97%,-0.152008,2026-08-20
SPCX,134,2026-08-28,8,Call,134.00,0.00%,5,5.14,5.4,2571,483,5.32,62.49%,65.08%,0.522501,2026-08-20
META,545.83,2026-09-18,29,Put,730.00,+33.74%,180.25,187.75,187.55,4220,793,5.32,35.58%,73.46%,-0.906277,2026-08-20
MRNA,133.32,2026-08-21,1,Call,150.00,-12.51%,1.55,1.61,1.72,14940,2806,5.32,109.77%,238.55%,0.189168,2026-08-20
JPM,351.55,2026-08-28,8,Put,347.50,-1.15%,1.99,2.35,2.63,1037,195,5.32,20.75%,19.69%,-0.33549,2026-08-20
COIN,172.35,2026-09-04,15,Call,190.00,-10.24%,3.55,4.52,4.8,829,156,5.31,69.81%,73.13%,0.283125,2026-08-20
COIN,172.35,2026-08-21,1,Call,175.00,-1.54%,2.22,2.3,2.4,23890,4496,5.31,69.81%,95.66%,0.390594,2026-08-20
GIS,39.61,2027-06-17,301,Put,40.00,+0.98%,4.3,4.4,4.6,641,121,5.3,31.01%,28.45%,-0.465999,2026-08-20
BA,215.1,2026-08-28,8,Put,205.00,-4.70%,0.71,0.77,0.82,1080,204,5.29,30.38%,31.45%,-0.145435,2026-08-20
TSLA,345.13,2026-08-21,1,Put,397.50,+15.17%,51.1,53.6,53.6,951,180,5.28,40.58%,188.85%,-0.916227,2026-08-20
ECHO,86.92,2026-10-16,57,Put,145.00,+66.82%,56.6,58.4,60,1664,315,5.28,45.33%,75.75%,-0.953802,2026-08-20
CRWV,89.76,2026-08-28,8,Put,91.00,+1.38%,4.5,4.45,4.85,2765,524,5.28,76.12%,76.12%,-0.523909,2026-08-20
MU,974.33,2026-08-21,1,Call,945.00,+3.01%,32.6,32.51,34.4,4987,947,5.27,65.40%,70.85%,0.801091,2026-08-20
TSLA,345.13,2026-08-21,1,Call,340.00,+1.49%,6.4,6.55,6.6,45606,8655,5.27,40.58%,46.06%,0.738096,2026-08-20
MRVL,251.01,2026-08-21,1,Call,272.50,-8.56%,0.26,0.23,0.38,1192,226,5.27,81.78%,98.51%,0.058731,2026-08-20
AMD,469.45,2026-08-28,8,Call,495.00,-5.44%,6.15,6.05,6.6,1471,279,5.27,54.06%,55.82%,0.27748,2026-08-20
ROST,228.99,2026-08-21,1,Put,210.00,-8.29%,2.1,2.14,2.15,2481,472,5.26,41.91%,184.13%,-0.171751,2026-08-20
MSTR,112.39,2026-08-21,1,Call,114.00,-1.43%,1.68,1.75,1.83,7298,1388,5.26,78.08%,104.63%,0.408827,2026-08-20
MU,974.33,2026-08-21,1,Put,920.00,-5.58%,1.29,1.3,1.38,11108,2110,5.26,65.40%,77.19%,-0.07456,2026-08-20
AMD,469.45,2026-08-21,1,Put,535.00,+13.96%,64.3,69.65,67,1181,225,5.25,54.06%,112.20%,-0.986565,2026-08-20
SPCX,134,2026-08-21,1,Put,190.00,+41.79%,54.5,55.2,57.15,1851,353,5.24,62.49%,241.69%,-0.996934,2026-08-20
WMT,103.84,2026-10-16,57,Call,110.00,-5.93%,1.56,1.63,1.69,3412,651,5.24,22.30%,22.70%,0.290853,2026-08-20
TEM,66.65,2026-09-18,29,Call,85.00,-27.53%,1.2,1.43,1.58,10769,2054,5.24,77.16%,83.11%,0.181715,2026-08-20
BIRK,34.55,2028-01-21,519,Call,30.00,+13.17%,8.7,9.72,12,1995,382,5.22,45.16%,46.08%,0.737883,2026-08-20
MO,66.94,2026-08-28,8,Call,67.00,-0.09%,0.75,0.98,0.94,1971,379,5.2,25.12%,22.53%,0.490226,2026-08-20
UPST,28.86,2026-08-21,1,Put,28.50,-1.25%,0.09,0.27,0.36,953,184,5.18,59.31%,63.30%,-0.345276,2026-08-20
GME,18.04,2026-09-04,15,Put,17.00,-5.76%,0.1,0.15,0.26,1103,213,5.18,47.58%,38.25%,-0.216664,2026-08-20
INTC,92.13,2026-08-21,1,Call,93.00,-0.94%,0.83,0.83,0.89,8004,1548,5.17,62.34%,64.36%,0.397543,2026-08-20
ADBE,272.22,2026-08-21,1,Put,350.00,+28.57%,75.3,77.65,81.45,652,126,5.17,53.89%,267.05%,-0.958128,2026-08-20
COST,933.51,2026-09-18,29,Call,"1,340.00",-43.54%,0,0.13,0.25,892,173,5.16,21.01%,46.10%,0.003488,2026-08-20
ANET,183.75,2026-11-20,92,Call,220.00,-19.73%,7.95,8.52,9.3,1740,337,5.16,46.80%,53.80%,0.310031,2026-08-20
HOOD,95.1,2026-08-21,1,Put,115.00,+20.93%,19.35,20.7,20.5,3020,585,5.16,61.95%,157.51%,-0.988635,2026-08-20
BSX,49.37,2027-06-17,301,Call,70.00,-41.79%,2.1,2.5,3.1,5118,991,5.16,36.91%,42.75%,0.267398,2026-08-20
MRVL,251.01,2026-08-21,1,Call,252.50,-0.59%,3.85,4,4.1,2799,543,5.15,81.78%,88.87%,0.459413,2026-08-20
MU,974.33,2026-08-21,1,Call,970.00,+0.44%,16.9,17.69,17.35,12902,2503,5.15,65.40%,72.95%,0.555002,2026-08-20
AMGN,433.73,2026-08-21,1,Call,395.00,+8.93%,37.85,38.22,40.85,1815,353,5.14,30.45%,113.58%,0.945553,2026-08-20
SNDK,1600.62,2026-08-21,1,Call,"1,620.00",-1.21%,22.1,21.91,23.4,3939,766,5.14,83.23%,93.49%,0.413132,2026-08-20
LUMN,6.01,2026-12-18,120,Call,9.00,-49.75%,0.23,0.33,0.35,5490,1070,5.13,56.33%,79.69%,0.223696,2026-08-20
WMT,103.84,2027-03-19,211,Call,105.00,-1.12%,8.55,8.85,9.15,1000,195,5.13,22.30%,27.32%,0.55064,2026-08-20
BILI,16.66,2026-10-16,57,Call,17.00,-2.04%,1.11,1.24,1.24,1151,225,5.12,53.47%,48.93%,0.508829,2026-08-20
ECHO,86.92,2026-08-21,1,Put,105.00,+20.80%,16.2,19.4,20,2675,522,5.12,45.33%,154.58%,-0.989583,2026-08-20
AMGN,433.73,2026-08-21,1,Call,405.00,+6.62%,27.85,28.3,31,4832,944,5.12,30.45%,91.37%,0.927489,2026-08-20
MARA,11.15,2026-08-21,1,Call,11.00,+1.35%,0.31,0.32,0.32,55021,10751,5.12,87.96%,100.19%,0.612725,2026-08-20
TSLA,345.13,2026-08-21,1,Put,420.00,+21.69%,73.75,77.05,75.95,4813,942,5.11,40.58%,276.24%,-0.900729,2026-08-20
AAPL,311.3,2026-08-24,4,Call,320.00,-2.79%,0.39,0.39,0.44,15822,3095,5.11,25.01%,21.87%,0.119579,2026-08-20
CSGP,32.26,2027-03-19,211,Put,35.00,+8.49%,6,6.3,6.3,603,118,5.11,52.18%,50.11%,-0.497127,2026-08-20
BE,202.48,2026-08-21,1,Put,280.00,+38.29%,76.35,78.7,79.45,780,153,5.1,86.81%,319.59%,-0.968306,2026-08-20
CEG,272.92,2026-08-21,1,Put,310.00,+13.59%,34.9,36.87,38.7,2905,570,5.1,42.05%,93.39%,-0.99597,2026-08-20
INTC,92.13,2026-08-26,6,Call,93.00,-0.94%,2.27,2.35,2.44,3678,721,5.1,62.34%,58.05%,0.467176,2026-08-20
IONQ,41.53,2027-06-17,301,Put,25.00,-39.80%,2.4,3.3,3.6,1002,197,5.09,78.16%,80.36%,-0.136148,2026-08-20
MU,974.33,2026-08-31,11,Call,950.00,+2.50%,52.45,55.42,56.55,559,110,5.08,65.40%,60.95%,0.6187,2026-08-20
QBTS,18.8,2027-01-15,148,Call,39.00,-107.45%,0.58,0.84,1.08,1000,197,5.08,74.03%,92.16%,0.177864,2026-08-20
AMGN,433.73,2026-08-21,1,Call,390.00,+10.08%,42.85,42.94,46,1205,237,5.08,30.45%,128.93%,0.946147,2026-08-20
KO,90.5,2026-08-28,8,Put,90.00,-0.55%,0.66,0.7,0.69,2255,444,5.08,18.59%,17.13%,-0.404774,2026-08-20
AMD,469.45,2026-08-21,1,Call,477.50,-1.71%,2.65,2.7,2.8,3288,647,5.08,54.06%,59.47%,0.299019,2026-08-20
GOOG,338.2,2026-08-21,1,Put,370.00,+9.40%,31,32.6,33.4,3187,630,5.06,28.06%,105.38%,-0.94565,2026-08-20
AVGO,364.03,2026-08-21,1,Put,410.00,+12.63%,45.25,46.1,47.9,5770,1140,5.06,50.42%,140.22%,-0.943471,2026-08-20
LULU,115.69,2026-08-21,1,Call,119.00,-2.86%,0.11,0.2,0.39,1329,263,5.05,56.65%,52.01%,0.154082,2026-08-20
LULU,115.69,2026-08-28,8,Call,122.00,-5.45%,0.64,0.98,1.06,675,134,5.04,56.65%,42.51%,0.211926,2026-08-20
SBLK,30.06,2027-01-15,148,Call,3.00,+90.02%,26.2,27.1,28,715,142,5.04,28.99%,226.15%,0.98974,2026-08-20
NFLX,80.14,2026-08-21,1,Put,94.00,+17.29%,13.7,15.15,15.15,1310,260,5.04,32.23%,245.26%,-0.880692,2026-08-20
AU,115.14,2026-09-18,29,Call,115.00,+0.12%,6.6,7.25,7.5,1349,268,5.03,55.12%,54.23%,0.531801,2026-08-20
COIN,172.35,2026-08-28,8,Call,175.00,-1.54%,6.25,6.55,6.85,9322,1854,5.03,69.81%,75.54%,0.470728,2026-08-20
INTC,92.13,2026-08-21,1,Call,92.00,+0.14%,1.28,1.29,1.35,13671,2725,5.02,62.34%,64.77%,0.524355,2026-08-20
AEO,16,2028-01-21,519,Put,8.00,-50.00%,0.59,0.65,0.9,501,100,5.01,70.46%,63.57%,-0.091908,2026-08-20
INTC,92.13,2026-09-04,15,Put,92.00,-0.14%,4.35,4.47,4.75,1489,297,5.01,62.34%,62.75%,-0.466985,2026-08-20
INTC,92.13,2026-08-31,11,Put,80.00,-13.17%,0.3,0.4,0.41,640,128,5,62.34%,60.02%,-0.078475,2026-08-20
BABA,130.53,2026-08-28,8,Put,130.00,-0.41%,2.95,3.25,3.45,1026,205,5,40.40%,45.07%,-0.461604,2026-08-20
TSLA,345.13,2026-08-24,4,Call,362.50,-5.03%,0.64,0.63,0.66,2437,487,5,40.58%,36.51%,0.104706,2026-08-20
AAPL,311.3,2026-08-24,4,Call,317.50,-1.99%,0.68,0.7,0.89,7169,1440,4.98,25.01%,21.73%,0.200528,2026-08-20
PURR,10.08,2026-08-28,8,Call,11.00,-9.13%,0.5,0.64,0.75,543,109,4.98,123.68%,163.83%,0.406868,2026-08-20
TSLA,345.13,2026-08-26,6,Put,330.00,-4.38%,1.63,1.65,1.67,1573,316,4.98,40.58%,38.82%,-0.174509,2026-08-20
MU,974.33,2026-08-24,4,Call,940.00,+3.52%,41.85,38.5,44.3,701,141,4.97,65.40%,53.56%,0.75012,2026-08-20
MU,974.33,2026-08-24,4,Call,970.00,+0.44%,23.25,24,24.45,1162,234,4.97,65.40%,52.76%,0.545913,2026-08-20
AMGN,433.73,2026-08-21,1,Call,410.00,+5.47%,22,23.25,26,3665,738,4.97,30.45%,63.32%,0.956793,2026-08-20
AMGN,433.73,2026-08-21,1,Call,380.00,+12.39%,52.85,52.92,56,1836,370,4.96,30.45%,153.76%,0.953843,2026-08-20
GM,86.15,2026-08-28,8,Call,85.00,+1.33%,1.95,2.1,2.33,2143,434,4.94,31.09%,28.93%,0.636564,2026-08-20
AMGN,433.73,2026-08-21,1,Call,310.00,+28.53%,122.15,123.05,125.9,2425,491,4.94,30.45%,294.27%,0.987954,2026-08-20
GOOG,338.2,2026-08-28,8,Call,347.50,-2.75%,2.13,2.19,2.48,1490,302,4.93,28.06%,28.29%,0.271212,2026-08-20
SNDK,1600.62,2026-08-21,1,Put,"1,610.00",+0.59%,32.2,34.87,38,1845,374,4.93,83.23%,90.28%,-0.539176,2026-08-20
AMD,469.45,2026-08-21,1,Call,475.00,-1.18%,3.35,3.25,3.6,8919,1811,4.92,54.06%,58.98%,0.358763,2026-08-20
DAC,148.7,2026-12-18,120,Call,165.00,-10.96%,1.95,1.95,2.15,653,133,4.91,23.50%,20.61%,0.215775,2026-08-20
GLXY,23.47,2026-09-04,15,Call,24.50,-4.39%,1.11,1.14,1.3,1001,204,4.91,86.05%,85.48%,0.439339,2026-08-20
CRCL,83.66,2026-09-11,22,Put,77.00,-7.96%,3.35,3.82,4.25,622,127,4.9,85.88%,84.92%,-0.304637,2026-08-20
HL,20.82,2026-08-21,1,Put,20.50,-1.54%,0.11,0.14,0.29,1308,267,4.9,65.96%,78.06%,-0.343977,2026-08-20
SPCX,134,2026-08-28,8,Call,138.00,-2.99%,3.45,3.51,3.5,2467,503,4.9,62.49%,64.67%,0.400868,2026-08-20
HPE,52.89,2026-09-04,15,Put,50.00,-5.46%,2.11,2.3,2.35,2603,531,4.9,75.32%,84.42%,-0.337425,2026-08-20
DJT,8.51,2026-10-16,57,Put,6.00,-29.49%,0.12,0.12,0.2,680,139,4.89,65.67%,82.21%,-0.104867,2026-08-20
CRCL,83.66,2026-08-28,8,Call,82.00,+1.98%,4.8,5,5.3,1173,240,4.89,85.88%,84.52%,0.590611,2026-08-20
BHP,93.63,2026-08-21,1,Put,92.50,-1.21%,0.15,0.35,0.45,1822,373,4.88,34.97%,37.47%,-0.265724,2026-08-20
SPCX,134,2026-08-28,8,Call,132.00,+1.49%,6,6.16,6.35,1977,405,4.88,62.49%,64.38%,0.584651,2026-08-20
MRNA,133.32,2026-08-21,1,Call,160.00,-20.01%,0.79,0.78,0.8,7988,1638,4.88,109.77%,257.15%,0.09899,2026-08-20
MARA,11.15,2026-08-28,8,Call,11.50,-3.14%,0.46,0.48,0.48,18278,3744,4.88,87.96%,93.67%,0.441234,2026-08-20
EOSE,3.46,2026-09-04,15,Call,4.00,-15.61%,0.1,0.13,0.13,2661,547,4.86,100.18%,103.87%,0.282153,2026-08-20
MRNA,133.32,2026-08-21,1,Put,110.00,-17.49%,0.34,0.37,0.37,9998,2062,4.85,109.77%,232.07%,-0.050049,2026-08-20
UPST,28.86,2026-08-21,1,Call,29.00,-0.49%,0.26,0.36,0.49,767,159,4.82,59.31%,72.87%,0.458104,2026-08-20
FLY,23.63,2026-08-21,1,Call,24.00,-1.57%,0.1,0.2,0.6,985,205,4.8,87.19%,103.18%,0.397861,2026-08-20
BA,215.1,2026-08-28,8,Call,220.00,-2.28%,1.93,2.02,2.4,2112,442,4.78,30.38%,32.44%,0.32776,2026-08-20
MU,974.33,2026-08-21,1,Put,915.00,-6.09%,0.98,0.93,1.07,3959,830,4.77,65.40%,77.94%,-0.059074,2026-08-20
AAPL,311.3,2026-08-28,8,Call,322.50,-3.60%,1.09,1.12,1.22,6682,1401,4.77,25.01%,25.43%,0.183799,2026-08-20
BABA,130.53,2026-08-21,1,Call,133.00,-1.89%,0.8,0.85,0.88,7554,1587,4.76,40.40%,65.91%,0.299474,2026-08-20
INTC,92.13,2026-08-21,1,Put,91.50,-0.68%,0.87,0.93,0.94,7906,1660,4.76,62.34%,62.42%,-0.409591,2026-08-20
CHDN,93.12,2026-09-18,29,Call,105.00,-12.76%,0,0.56,1.5,552,116,4.76,32.24%,38.61%,0.149829,2026-08-20
HMY,22.02,2026-11-20,92,Put,17.00,-22.80%,0.6,0.6,0.75,1000,210,4.76,60.32%,61.82%,-0.160987,2026-08-20
AAL,13.52,2026-10-16,57,Put,12.00,-11.24%,0.31,0.33,0.34,674,142,4.75,44.53%,44.42%,-0.218788,2026-08-20
INTC,92.13,2026-08-26,6,Call,94.00,-2.03%,1.9,1.92,2,644,136,4.74,62.34%,58.15%,0.41076,2026-08-20
OKLO,41.66,2027-06-17,301,Put,45.00,+8.02%,13.25,13.45,13.6,882,186,4.74,77.21%,81.35%,-0.386545,2026-08-20
HIMS,31.86,2026-09-11,22,Call,32.00,-0.44%,2.04,2.31,2.36,1305,276,4.73,74.34%,71.64%,0.530068,2026-08-20
AVGO,364.03,2026-08-21,1,Put,405.00,+11.25%,40.3,40.65,43,741,157,4.72,50.42%,131.99%,-0.934493,2026-08-20
MU,974.33,2026-08-21,1,Call,"1,005.00",-3.15%,4.5,4.5,4.7,4920,1044,4.71,65.40%,73.83%,0.217615,2026-08-20
AMZN,260.11,2026-10-16,57,Call,195.00,+25.03%,65.85,67.95,68.5,846,180,4.7,29.42%,46.30%,0.955227,2026-08-20
PYPL,62.3,2026-08-28,8,Call,63.00,-1.12%,1.24,1.3,1.35,2404,513,4.69,34.43%,43.39%,0.4472,2026-08-20
TSLA,345.13,2026-08-21,1,Put,385.00,+11.55%,39.6,41.17,40.1,4624,988,4.68,40.58%,158.56%,-0.899019,2026-08-20
BB,8.14,2026-09-11,22,Call,8.00,+1.72%,0.32,0.54,0.76,585,125,4.68,59.26%,57.93%,0.582581,2026-08-20
EOSE,3.46,2026-08-28,8,Call,3.50,-1.16%,0.13,0.2,0.21,961,206,4.67,100.18%,91.59%,0.495564,2026-08-20
AGNC,10.92,2026-09-25,36,Call,11.00,-0.73%,0.16,0.17,0.21,3835,821,4.67,18.97%,16.45%,0.448903,2026-08-20
KLAC,185.86,2026-08-21,1,Put,218.00,+17.29%,28.5,34.4,34.6,4332,928,4.67,55.83%,288.71%,-0.836403,2026-08-20
SPCX,134,2026-08-21,1,Put,200.00,+49.25%,65.2,65.15,66.3,13789,2952,4.67,62.49%,273.22%,-0.997217,2026-08-20
MARA,11.15,2026-08-21,1,Call,11.50,-3.14%,0.12,0.12,0.13,17905,3830,4.67,87.96%,111.46%,0.308896,2026-08-20
TSLA,345.13,2026-08-21,1,Call,337.50,+2.21%,8.25,8.43,9.1,14296,3066,4.66,40.58%,50.87%,0.804195,2026-08-20
TLN,316.99,2026-09-18,29,Put,300.00,-5.36%,10.9,12.39,13,667,143,4.66,54.20%,56.53%,-0.329771,2026-08-20
UAMY,5.27,2026-08-28,8,Put,5.50,+4.36%,0.35,0.41,0.45,904,194,4.66,93.45%,85.63%,-0.606072,2026-08-20
AVGO,364.03,2026-08-21,1,Put,425.00,+16.75%,60,61.65,62.9,1244,267,4.66,50.42%,165.61%,-0.959508,2026-08-20
CIFR,17.21,2026-09-04,15,Call,22.00,-27.83%,0.28,0.4,0.4,1702,365,4.66,103.91%,114.60%,0.175015,2026-08-20
ORCL,142.07,2026-08-21,1,Put,200.00,+40.78%,57.05,59.75,59.6,3230,695,4.65,69.89%,355.35%,-0.95962,2026-08-20
NVDA,216.85,2026-08-21,1,Call,222.50,-2.61%,0.17,0.17,0.18,85342,18404,4.64,40.45%,36.51%,0.091467,2026-08-20
SPCX,134,2026-09-04,15,Put,107.00,-20.15%,0.37,0.44,0.43,1226,264,4.64,62.49%,70.06%,-0.047954,2026-08-20
AAPL,311.3,2026-08-28,8,Put,312.50,+0.39%,5,5.15,5.3,1261,272,4.64,25.01%,25.14%,-0.52803,2026-08-20
DNN,3.14,2026-09-18,29,Put,3.00,-4.46%,0.15,0.15,0.25,731,158,4.63,68.52%,77.72%,-0.371275,2026-08-20
NVDA,216.85,2026-09-04,15,Put,217.50,+0.30%,8.05,8.2,8.2,922,199,4.63,40.45%,45.15%,-0.490338,2026-08-20
AVGO,364.03,2027-09-17,393,Call,460.00,-26.36%,45.55,46.6,48.15,2017,436,4.63,50.42%,49.06%,0.443167,2026-08-20
MSTR,112.39,2026-08-21,1,Call,116.00,-3.21%,1.19,1.22,1.26,4282,925,4.63,78.08%,110.90%,0.303636,2026-08-20
MU,974.33,2026-08-21,1,Put,925.00,-5.06%,1.68,1.77,1.8,4308,931,4.63,65.40%,76.60%,-0.093717,2026-08-20
TSLA,345.13,2026-08-28,8,Call,347.50,-0.69%,7.35,7.35,7.5,5137,1110,4.63,40.58%,41.24%,0.472676,2026-08-20
CDNS,313.59,2026-08-21,1,Put,380.00,+21.18%,64.3,65.1,67.8,800,173,4.62,34.78%,134.68%,-0.997226,2026-08-20
ORCL,142.07,2026-08-21,1,Put,250.00,+75.97%,107.05,110,109.6,890,193,4.61,69.89%,531.73%,-0.970755,2026-08-20
ALDX,1.5,2026-09-25,36,Call,1.5000,0.00%,0,0.25,0.5,2335,507,4.61,163.58%,132.77%,0.585991,2026-08-20
AMD,469.45,2026-08-21,1,Call,485.00,-3.31%,1.17,1.15,1.26,6161,1337,4.61,54.06%,60.78%,0.15742,2026-08-20
META,545.83,2026-08-21,1,Call,555.00,-1.68%,1.84,1.86,1.95,8569,1860,4.61,35.58%,45.60%,0.247475,2026-08-20
MU,974.33,2026-08-21,1,Call,995.00,-2.12%,6.75,6.79,7.55,4501,978,4.6,65.40%,74.35%,0.302384,2026-08-20
NFLX,80.14,2026-09-18,29,Put,105.00,+31.02%,23.45,24.25,26.85,1140,248,4.6,32.23%,63.11%,-0.929503,2026-08-20
NEE,85.03,2026-08-28,8,Call,85.00,+0.04%,0.81,1,1.39,656,143,4.59,20.73%,21.49%,0.512483,2026-08-20
COIN,172.35,2026-08-28,8,Put,167.50,-2.81%,4.5,5.15,5.6,1105,241,4.59,69.81%,72.46%,-0.372209,2026-08-20
EOSE,3.46,2026-09-25,36,Call,0.50,+85.55%,2.68,2.88,3.05,1460,318,4.59,100.18%,299.53%,0.994306,2026-08-20
LRCX,310.53,2026-09-25,36,Put,280.00,-9.83%,9.5,10.42,10.85,508,111,4.58,60.35%,60.96%,-0.257357,2026-08-20
BA,215.1,2026-08-28,8,Put,217.50,+1.12%,4.75,4.94,5.3,636,139,4.58,30.38%,28.98%,-0.593554,2026-08-20
ARCT,10.99,2026-09-18,29,Call,12.50,-13.74%,0.6,0.57,0.8,644,141,4.57,94.58%,99.56%,0.378957,2026-08-20
COIN,172.35,2026-09-18,29,Put,90.00,-47.78%,0,0.11,0.24,1761,385,4.57,69.81%,99.76%,-0.00694,2026-08-20
BABA,130.53,2026-08-28,8,Put,124.00,-5.00%,0.87,1.05,1.12,592,130,4.55,40.40%,43.66%,-0.2037,2026-08-20
SPCX,134,2026-08-28,8,Put,131.00,-2.24%,3.55,3.42,3.65,1964,432,4.55,62.49%,63.88%,-0.384458,2026-08-20
AAPL,311.3,2026-08-21,1,Put,330.00,+6.01%,18.4,18.7,19.45,8242,1817,4.54,25.01%,68.17%,-0.947428,2026-08-20
STLA,5.26,2027-03-19,211,Call,8.00,-52.09%,0.15,0.23,0.25,754,167,4.51,48.23%,51.32%,0.205989,2026-08-20
AAPL,311.3,2026-08-24,4,Put,312.50,+0.39%,3.25,3.25,3.6,1656,367,4.51,25.01%,21.80%,-0.557793,2026-08-20
CPNG,16.26,2026-09-18,29,Put,23.00,+41.45%,6.3,6.75,7.2,8578,1905,4.5,42.92%,64.14%,-0.977774,2026-08-20
AVGO,364.03,2026-08-21,1,Put,417.50,+14.69%,52.75,53.35,55.45,962,214,4.5,50.42%,157.98%,-0.947065,2026-08-20
META,545.83,2026-08-21,1,Put,630.00,+15.42%,83.15,89.5,85.55,1970,438,4.5,35.58%,126.80%,-0.983694,2026-08-20
MRVL,251.01,2026-08-21,1,Put,235.00,-6.38%,0.49,0.5,0.55,4104,915,4.49,81.78%,95.06%,-0.088293,2026-08-20
SBLK,30.06,2026-08-21,1,Call,27.00,+10.18%,2.95,2.95,3.1,15653,3484,4.49,28.99%,100.69%,0.980738,2026-08-20
MU,974.33,2026-08-21,1,Call,985.00,-1.10%,9.9,10.22,11,4578,1022,4.48,65.40%,74.09%,0.397817,2026-08-20
NBIS,220.11,2026-08-28,8,Call,227.50,-3.36%,8.95,8.9,10.1,652,146,4.47,90.87%,97.03%,0.439372,2026-08-20
SEZL,117.42,2026-08-21,1,Put,140.00,+19.23%,21.3,25.33,24.4,504,113,4.46,69.91%,203.31%,-0.945276,2026-08-20
PURR,10.08,2026-08-28,8,Call,12.00,-19.05%,0.2,0.31,0.5,624,140,4.46,123.68%,159.90%,0.269314,2026-08-20
TTD,13.32,2026-09-18,29,Put,25.00,+87.69%,10.5,11.95,12.7,8754,1963,4.46,53.74%,162.11%,-0.876681,2026-08-20
MSFT,481.15,2026-08-21,1,Put,482.50,+0.28%,3.3,3.6,3.75,4953,1114,4.45,26.37%,28.01%,-0.571293,2026-08-20
TEM,66.65,2026-08-28,8,Put,60.00,-9.98%,0.75,0.75,0.9,637,143,4.45,77.16%,82.57%,-0.17699,2026-08-20
ROST,228.99,2026-08-21,1,Call,270.00,-17.91%,0.1,0.15,0.25,828,186,4.45,41.91%,157.45%,0.025192,2026-08-20
ARM,250.72,2026-08-21,1,Call,247.50,+1.28%,5.2,5.75,6.5,980,220,4.45,67.38%,77.32%,0.633882,2026-08-20
TM,192.24,2026-09-18,29,Call,195.00,-1.44%,4.1,4.3,4.3,977,220,4.44,23.78%,25.73%,0.427646,2026-08-20
BE,202.48,2026-08-21,1,Put,255.00,+25.94%,51.25,52.72,54.35,934,211,4.43,86.81%,230.84%,-0.967909,2026-08-20
ORCL,142.07,2026-08-21,1,Call,143.00,-0.65%,1.26,1.32,1.5,1996,452,4.42,69.89%,60.60%,0.425438,2026-08-20
NFLX,80.14,2026-09-18,29,Put,102.00,+27.28%,20.7,21.3,23.85,1018,231,4.41,32.23%,61.56%,-0.908088,2026-08-20
MOD,190.74,2026-08-21,1,Put,230.00,+20.58%,37.8,40.57,41.1,1226,278,4.41,69.54%,184.74%,-0.970643,2026-08-20
OKLO,41.66,2026-08-21,1,Put,75.00,+80.03%,32.7,33.85,33.85,6620,1501,4.41,77.21%,715.38%,-0.916703,2026-08-20
TSLA,345.13,2026-08-21,1,Put,390.00,+13.00%,43.8,46.1,45.1,26356,5984,4.4,40.58%,169.65%,-0.908628,2026-08-20
PURR,10.08,2026-09-04,15,Put,9.00,-10.71%,0.4,0.55,0.9,515,117,4.4,123.68%,144.87%,-0.295596,2026-08-20
GSL,43.38,2026-09-18,29,Call,40.00,+7.79%,2.1,4.2,4.9,975,222,4.39,21.35%,24.33%,0.889457,2026-08-20
NFLX,80.14,2026-09-18,29,Put,100.00,+24.78%,19.45,19.65,20.35,2215,504,4.39,32.23%,43.72%,-0.972726,2026-08-20
MU,974.33,2026-08-21,1,Put,905.00,-7.12%,0.56,0.6,0.63,2529,576,4.39,65.40%,79.56%,-0.036283,2026-08-20
HOOD,95.1,2026-08-21,1,Put,120.00,+26.18%,24.35,25.35,25.5,2692,613,4.39,61.95%,187.53%,-0.990214,2026-08-20
AMGN,433.73,2026-08-21,1,Call,420.00,+3.17%,12.95,13.5,14.65,2478,566,4.38,30.45%,30.52%,0.978441,2026-08-20
AVGO,364.03,2026-08-21,1,Put,415.00,+14.00%,50.25,51.93,52,937,214,4.38,50.42%,121.21%,-0.97937,2026-08-20
META,545.83,2026-08-24,4,Call,560.00,-2.60%,2.3,2.31,2.46,693,159,4.36,35.58%,31.83%,0.22904,2026-08-20
AU,115.14,2026-08-21,1,Call,105.00,+8.81%,9.7,10,11.4,2447,563,4.35,55.12%,141.04%,0.900682,2026-08-20
LCID,5.63,2026-10-16,57,Call,5.00,+11.19%,0.91,0.98,1.16,792,182,4.35,81.12%,79.07%,0.709446,2026-08-20
LITE,879.28,2026-08-21,1,Call,850.00,+3.33%,33.5,32.92,38.8,1266,292,4.34,78.92%,98.24%,0.75375,2026-08-20
MRNA,133.32,2026-09-18,29,Put,90.00,-32.49%,1.4,1.67,1.81,1337,308,4.34,109.77%,109.87%,-0.07604,2026-08-20
IOVA,8.99,2026-08-21,1,Call,9.00,-0.11%,0.25,0.3,0.35,1526,352,4.34,101.71%,162.20%,0.512174,2026-08-20
NFLX,80.14,2026-09-18,29,Put,110.00,+37.26%,27.8,30,30.4,4296,991,4.34,32.23%,65.08%,-0.956306,2026-08-20
GOOGL,340.67,2026-08-21,1,Put,370.00,+8.61%,27.9,28.6,31.15,6581,1517,4.34,28.21%,86.56%,-0.964616,2026-08-20
BABA,130.53,2026-08-28,8,Call,131.00,-0.36%,2.9,3.6,3.35,3352,774,4.33,40.40%,43.38%,0.49086,2026-08-20
COIN,172.35,2026-08-28,8,Call,172.50,-0.09%,7.25,7.25,7.75,5328,1230,4.33,69.81%,73.78%,0.521505,2026-08-20
MGM,43.17,2026-08-21,1,Call,43.00,+0.39%,0.25,0.25,1.3,511,118,4.33,30.23%,76.08%,0.548351,2026-08-20
CRM,205.43,2026-08-21,1,Put,250.00,+21.70%,42.65,43.27,45.25,558,129,4.33,48.94%,139.43%,-0.996514,2026-08-20
INTC,92.13,2026-08-26,6,Call,92.00,+0.14%,2.71,3,2.9,580,134,4.33,62.34%,57.71%,0.525048,2026-08-20
MO,66.94,2027-06-17,301,Call,70.00,-4.57%,4,4.15,4.65,705,163,4.33,25.12%,25.46%,0.431157,2026-08-20
BB,8.14,2026-09-11,22,Call,8.50,-4.42%,0.1,0.32,0.52,890,206,4.32,59.26%,56.66%,0.410643,2026-08-20
TEM,66.65,2026-10-16,57,Put,55.00,-17.48%,2.64,2.92,3.15,1778,412,4.32,77.16%,77.67%,-0.213087,2026-08-20
CEG,272.92,2026-09-18,29,Put,360.00,+31.91%,84.9,85.71,88.6,2590,600,4.32,42.05%,46.81%,-0.992625,2026-08-20
HIMS,31.86,2026-09-18,29,Call,43.00,-34.97%,0.43,0.47,0.64,4778,1105,4.32,74.34%,89.00%,0.144933,2026-08-20
MU,974.33,2026-08-21,1,Call,"1,010.00",-3.66%,3.6,3.7,3.8,10088,2342,4.31,65.40%,74.15%,0.182846,2026-08-20
SNDK,1600.62,2026-08-21,1,Call,"1,600.00",+0.04%,29.6,31.37,31.5,18278,4242,4.31,83.23%,90.27%,0.513533,2026-08-20
PEP,142.08,2026-08-28,8,Put,139.00,-2.17%,0.55,0.53,0.91,905,210,4.31,22.02%,22.64%,-0.251911,2026-08-20
CMI,593.24,2026-09-18,29,Call,420.00,+29.20%,171.1,175,174.9,735,171,4.3,33.97%,66.66%,0.972865,2026-08-20
WWD,342.2,2026-08-21,1,Put,390.00,+13.97%,43.9,44.17,51.7,813,189,4.3,36.03%,94.63%,-0.996424,2026-08-20
ASTS,65.06,2026-08-21,1,Call,67.00,-2.98%,0.44,0.47,0.52,1760,409,4.3,76.09%,87.67%,0.269193,2026-08-20
TSLA,345.13,2026-08-21,1,Put,352.50,+2.14%,7.85,8,8.3,2440,568,4.3,40.58%,42.88%,-0.82348,2026-08-20
DLTR,128.45,2026-09-18,29,Put,120.00,-6.58%,2.59,3.8,5.25,3222,750,4.3,49.54%,53.83%,-0.29443,2026-08-20
CPNG,16.26,2026-09-18,29,Put,22.00,+35.30%,3.65,5.7,7.7,10788,2512,4.29,42.92%,57.27%,-0.975895,2026-08-20
NNE,18.23,2026-08-28,8,Put,16.00,-12.23%,0.15,0.15,0.25,1090,254,4.29,85.89%,90.83%,-0.148481,2026-08-20
NFLX,80.14,2026-08-21,1,Put,90.00,+12.30%,7.85,9.95,11.55,2980,697,4.28,32.23%,127.92%,-0.955645,2026-08-20
SPCX,134,2026-08-28,8,Call,136.00,-1.49%,4.15,4.21,4.3,2890,677,4.27,62.49%,64.21%,0.460181,2026-08-20
TSLA,345.13,2026-08-21,1,Put,380.00,+10.10%,34.6,34.75,35.1,25004,5857,4.27,40.58%,72.47%,-0.995447,2026-08-20
NFLX,80.14,2026-09-18,29,Put,111.00,+38.51%,28.85,30.25,32.85,1004,235,4.27,32.23%,56.47%,-0.990015,2026-08-20
IONQ,41.53,2026-09-25,36,Call,55.00,-32.43%,0.75,0.9,1,1259,295,4.27,78.16%,81.91%,0.171231,2026-08-20
ROST,228.99,2026-08-21,1,Put,185.00,-19.21%,0.05,0.1,0.15,654,154,4.25,41.91%,185.93%,-0.012508,2026-08-20
TEM,66.65,2026-11-20,92,Call,90.00,-35.03%,4.1,4.5,5,1089,256,4.25,77.16%,82.98%,0.312262,2026-08-20
POWL,197.4,2026-08-21,1,Put,260.00,+31.71%,58.7,58.3,66.4,1097,258,4.25,64.21%,190.55%,-0.997242,2026-08-20
BE,202.48,2026-08-21,1,Put,260.00,+28.41%,56.35,58.15,59.45,2076,488,4.25,86.81%,259.10%,-0.962256,2026-08-20
AMD,469.45,2026-08-21,1,Put,467.50,-0.42%,4.55,4.65,5,2335,550,4.25,54.06%,58.46%,-0.438632,2026-08-20
AMD,469.45,2026-08-21,1,Call,482.50,-2.78%,1.55,1.63,1.7,1986,468,4.24,54.06%,60.56%,0.19885,2026-08-20
FN,444.87,2026-08-21,1,Put,590.00,+32.62%,140.2,144.9,148.6,744,176,4.23,64.46%,187.10%,-0.998417,2026-08-20
ONDS,8.38,2026-11-20,92,Call,8.00,+4.53%,1.57,1.54,1.69,1020,241,4.23,79.27%,85.79%,0.635193,2026-08-20
ZS,174.95,2026-12-18,120,Call,230.00,-31.47%,8.85,10.1,9.9,642,152,4.22,73.00%,61.73%,0.287621,2026-08-20
RDDT,150.31,2026-08-21,1,Put,142.00,-5.53%,0.09,0.2,0.24,890,211,4.22,56.73%,72.79%,-0.06499,2026-08-20
CVNA,71.52,2026-09-04,15,Call,85.00,-18.85%,0.13,0.18,0.28,1004,238,4.22,55.34%,53.42%,0.063416,2026-08-20
IREN,42.6,2026-08-28,8,Put,41.50,-2.58%,2.43,2.48,2.57,1191,282,4.22,100.68%,122.27%,-0.405673,2026-08-20
AMGN,433.73,2026-08-21,1,Call,360.00,+17.00%,72.9,72.75,76,1212,287,4.22,30.45%,205.17%,0.963127,2026-08-20
AMGN,433.73,2026-09-18,29,Call,340.00,+21.61%,92.5,92.75,95.7,1814,430,4.22,30.45%,38.71%,0.987343,2026-08-20
AMZN,260.11,2026-08-21,1,Call,267.50,-2.84%,0.17,0.17,0.2,45227,10714,4.22,29.42%,37.71%,0.08008,2026-08-20
OSCR,31.57,2026-09-18,29,Call,35.00,-10.86%,1.13,1.13,1.17,25930,6153,4.21,67.68%,66.12%,0.328209,2026-08-20
GLAS,9.52,2027-02-19,183,Call,22.50,-136.34%,0.2,0.27,0.4,1108,263,4.21,81.83%,84.14%,0.132988,2026-08-20
NFLX,80.14,2026-09-18,29,Put,101.00,+26.03%,18.9,20.7,22.35,550,131,4.2,32.23%,42.35%,-0.987593,2026-08-20
DDOG,232.55,2026-08-21,1,Put,270.00,+16.10%,36,35.24,38.9,873,208,4.2,54.87%,96.30%,-0.999711,2026-08-20
FND,54.7,2026-09-18,29,Put,55.00,+0.55%,2.85,3.1,3.3,1360,324,4.2,49.46%,48.62%,-0.482329,2026-08-20
COIN,172.35,2026-08-28,8,Call,195.00,-13.14%,1.8,1.91,2.15,863,206,4.19,69.81%,84.44%,0.17906,2026-08-20
SKHY,163.08,2026-08-28,8,Put,165.00,+1.18%,8,8.32,8.6,3018,720,4.19,73.65%,76.06%,-0.516822,2026-08-20
ORCL,142.07,2026-08-21,1,Put,175.00,+23.18%,32.05,33.3,34.15,7141,1705,4.19,69.89%,207.10%,-0.969321,2026-08-20
SBLK,30.06,2026-08-21,1,Call,26.00,+13.51%,3.8,4.3,4.3,3036,726,4.18,28.99%,248.60%,0.880913,2026-08-20
BIDU,91.97,2026-08-21,1,Put,105.00,+14.17%,11.15,13.1,14.35,3103,743,4.18,41.41%,133.49%,-0.968942,2026-08-20
DKNG,25.03,2026-08-28,8,Put,25.00,-0.12%,0.59,0.62,0.75,692,166,4.17,46.78%,46.97%,-0.475635,2026-08-20
BSX,49.37,2026-08-21,1,Put,49.50,+0.26%,0.25,0.5,0.5,1598,383,4.17,36.91%,29.85%,-0.561834,2026-08-20
GSL,43.38,2026-08-21,1,Call,40.00,+7.79%,3.2,3.68,4,665,160,4.16,21.35%,143.23%,0.86843,2026-08-20
BULL,8.85,2026-09-11,22,Put,9.50,+7.34%,0.62,0.82,1.06,1310,315,4.16,59.84%,50.74%,-0.690761,2026-08-20
MRK,148.99,2026-09-18,29,Call,165.00,-10.75%,0.73,0.92,1.12,1808,436,4.15,30.86%,31.94%,0.140536,2026-08-20
SHOP,147.18,2026-08-28,8,Call,150.00,-1.92%,2.61,2.71,2.85,2118,510,4.15,44.18%,44.85%,0.404902,2026-08-20
MRVL,251.01,2026-09-04,15,Put,140.00,-44.23%,0.05,0.11,0.15,3695,892,4.14,81.78%,117.25%,-0.004934,2026-08-20
COIN,172.35,2026-08-21,1,Put,170.00,-1.36%,1.93,2.11,2.15,5025,1213,4.14,69.81%,86.16%,-0.37111,2026-08-20
MU,974.33,2026-08-21,1,Put,940.00,-3.52%,3.6,3.65,3.8,10601,2564,4.13,65.40%,75.28%,-0.175573,2026-08-20
UPS,102.58,2026-08-21,1,Put,115.00,+12.11%,12,11.72,13,1554,376,4.13,24.07%,115.45%,-0.968548,2026-08-20
AMD,469.45,2026-08-24,4,Call,470.00,-0.12%,8.2,8.57,8.75,857,208,4.12,54.06%,44.12%,0.502627,2026-08-20
HOOD,95.1,2026-08-28,8,Call,98.00,-3.05%,2.41,2.46,2.52,2231,541,4.12,61.95%,65.05%,0.399158,2026-08-20
GSL,43.38,2026-09-18,29,Call,39.00,+10.10%,3.3,4.4,6.5,612,149,4.11,21.35%,44.63%,0.8155,2026-08-20
FORM,115.71,2026-09-18,29,Call,135.00,-16.67%,3.8,3.8,4,810,197,4.11,77.82%,77.22%,0.278796,2026-08-20
MRVL,251.01,2026-08-28,8,Call,305.00,-21.51%,2.42,2.4,2.67,986,240,4.11,81.78%,109.74%,0.132804,2026-08-20
UPS,102.58,2026-08-21,1,Put,110.00,+7.23%,7,7.42,7.8,1616,394,4.1,24.07%,50.42%,-0.995625,2026-08-20
MSTR,112.39,2026-08-21,1,Call,115.00,-2.32%,1.47,1.48,1.5,31220,7615,4.1,78.08%,108.64%,0.354356,2026-08-20
NBIS,220.11,2026-08-21,1,Put,205.00,-6.86%,0.55,0.58,0.58,4001,979,4.09,90.87%,106.48%,-0.095839,2026-08-20
SPCX,134,2026-08-21,1,Put,180.00,+34.33%,45.15,45.8,47.3,11004,2688,4.09,62.49%,290.98%,-0.968834,2026-08-20
AMGN,433.73,2026-08-21,1,Call,385.00,+11.24%,47.85,47.97,50.85,1208,295,4.09,30.45%,138.02%,0.954071,2026-08-20
CVX,205.77,2026-08-21,1,Put,205.00,-0.37%,0.79,0.84,0.96,1450,355,4.08,25.36%,28.50%,-0.397711,2026-08-20
MU,974.33,2026-08-28,8,Call,950.00,+2.50%,50.4,52.37,52.85,3402,835,4.07,65.40%,66.53%,0.623224,2026-08-20
BABA,130.53,2026-08-21,1,Call,131.00,-0.36%,1.4,1.47,1.59,6820,1674,4.07,40.40%,62.96%,0.463242,2026-08-20
RXRX,3.34,2026-12-18,120,Call,4.00,-19.76%,0.22,0.45,0.69,3028,747,4.05,84.01%,87.36%,0.466391,2026-08-20
TM,192.24,2026-08-21,1,Call,195.00,-1.44%,0.15,0.85,0.85,505,125,4.04,23.78%,36.95%,0.23267,2026-08-20
NVDA,216.85,2026-09-04,15,Put,212.50,-2.01%,5.75,5.85,5.85,516,128,4.03,40.45%,45.47%,-0.390604,2026-08-20
KLAC,185.86,2026-08-21,1,Put,224.00,+20.52%,34,38.65,42.7,580,144,4.03,55.83%,187.87%,-0.96795,2026-08-20
BABA,130.53,2026-08-21,1,Call,129.00,+1.17%,2.44,2.48,2.7,14266,3538,4.03,40.40%,62.57%,0.646812,2026-08-20
COIN,172.35,2026-08-28,8,Call,180.00,-4.44%,4.65,4.8,4.95,9127,2268,4.02,69.81%,76.97%,0.375524,2026-08-20
TSLA,345.13,2026-08-21,1,Put,350.00,+1.41%,5.9,6.15,6.15,36274,9029,4.02,40.58%,41.40%,-0.736701,2026-08-20
AMD,469.45,2026-08-21,1,Put,437.50,-6.81%,0.15,0.17,0.22,1056,263,4.02,54.06%,70.90%,-0.027388,2026-08-20
BW,8.43,2026-08-21,1,Put,8.50,+0.83%,0.05,0.21,0.25,525,131,4.01,83.64%,63.36%,-0.59115,2026-08-20
LSCC,117.56,2026-08-21,1,Put,155.00,+31.85%,35.6,35.6,38.8,958,239,4.01,63.96%,198.04%,-0.996061,2026-08-20
ZETA,27.85,2026-08-28,8,Put,27.50,-1.26%,0.6,0.8,0.86,1658,413,4.01,58.46%,55.26%,-0.419374,2026-08-20
AVGO,364.03,2026-08-24,4,Call,370.00,-1.64%,2.25,2.32,2.64,552,138,4,50.42%,31.43%,0.319754,2026-08-20
SPCE,3.08,2026-09-04,15,Put,3.50,+13.64%,0.44,0.54,0.57,708,177,4,81.33%,91.45%,-0.72346,2026-08-20
VRT,264.63,2026-08-21,1,Put,310.00,+17.14%,44.8,47.5,47.3,2618,654,4,55.67%,191.48%,-0.936934,2026-08-20
TSLA,345.13,2026-08-24,4,Call,340.00,+1.49%,7.7,7.89,8.1,5674,1418,4,40.58%,33.68%,0.675002,2026-08-20
TSLA,345.13,2026-08-24,4,Put,332.50,-3.66%,0.9,0.93,0.92,2652,664,3.99,40.58%,34.14%,-0.14204,2026-08-20
MSTR,112.39,2026-08-28,8,Call,113.00,-0.54%,5.2,5.3,5.4,4020,1008,3.99,78.08%,83.57%,0.509785,2026-08-20
META,545.83,2026-08-21,1,Call,565.00,-3.51%,0.63,0.65,0.67,18225,4567,3.99,35.58%,50.20%,0.097273,2026-08-20
NXT,87.86,2026-08-21,1,Put,120.00,+36.58%,30.9,33.1,33.4,658,165,3.99,59.62%,225.03%,-0.995613,2026-08-20
GLW,151.45,2026-11-20,92,Call,170.00,-12.25%,13.8,14.3,15.7,2104,529,3.98,62.33%,70.12%,0.447454,2026-08-20
TSLA,345.13,2026-08-28,8,Put,345.00,-0.04%,7.95,7.95,8.05,2627,660,3.98,40.58%,40.18%,-0.481445,2026-08-20
GOOGL,340.67,2026-08-21,1,Put,375.00,+10.08%,32.85,34.5,36.15,5254,1320,3.98,28.21%,95.87%,-0.970982,2026-08-20
RDDT,150.31,2026-08-28,8,Call,155.00,-3.12%,3.05,3.15,3.5,2858,719,3.97,56.73%,58.22%,0.380494,2026-08-20
SPCX,134,2026-09-04,15,Put,125.00,-6.72%,3,3.1,3.15,9698,2443,3.97,62.49%,63.92%,-0.270473,2026-08-20
TSLA,345.13,2026-10-16,57,Call,510.00,-47.77%,1.16,1.13,1.2,2038,513,3.97,40.58%,53.36%,0.042818,2026-08-20
CRCL,83.66,2026-08-28,8,Put,78.00,-6.77%,1.82,2.05,2.01,542,137,3.96,85.88%,87.35%,-0.270331,2026-08-20
NFLX,80.14,2026-08-21,1,Put,99.00,+23.53%,17.25,18.85,19.8,724,183,3.96,32.23%,160.90%,-0.993696,2026-08-20
MU,974.33,2026-08-24,4,Put,950.00,-2.50%,10.7,11.45,12.1,910,230,3.96,65.40%,53.58%,-0.313836,2026-08-20
PDD,89.52,2026-09-18,29,Put,130.00,+45.22%,39.15,41.05,41.05,966,244,3.96,41.79%,88.37%,-0.918847,2026-08-20
ON,74.71,2026-08-21,1,Put,90.00,+20.47%,13.3,14.85,16.5,2959,749,3.95,53.41%,144.87%,-0.992754,2026-08-20
OKLO,41.66,2026-11-20,92,Call,95.00,-128.04%,0.55,0.63,0.65,5676,1438,3.95,77.21%,97.56%,0.078067,2026-08-20
NOK,10.15,2026-09-04,15,Call,11.50,-13.30%,0.14,0.15,0.15,19273,4874,3.95,59.63%,67.22%,0.199999,2026-08-20
NXT,87.86,2026-08-21,1,Put,105.00,+19.51%,15.8,16.88,18.4,565,143,3.95,59.62%,137.48%,-0.993219,2026-08-20
NFLX,80.14,2026-09-18,29,Put,108.00,+34.76%,26.45,28.9,29.45,580,147,3.95,32.23%,59.38%,-0.965142,2026-08-20
CDNS,313.59,2026-09-18,29,Call,350.00,-11.61%,1,2.67,4.4,696,176,3.95,34.78%,36.84%,0.163982,2026-08-20
SEI,54.24,2026-08-21,1,Put,65.00,+19.84%,9.3,11.85,12.5,1570,397,3.95,78.48%,212.41%,-0.942116,2026-08-20
ORCL,142.07,2026-08-28,8,Put,143.00,+0.65%,4.75,5.05,5.3,662,168,3.94,69.89%,54.42%,-0.514227,2026-08-20
ON,74.71,2026-09-18,29,Put,115.00,+53.93%,38.3,39.2,42.1,1198,304,3.94,53.41%,71.93%,-0.991372,2026-08-20
PLTR,173.96,2026-09-11,22,Put,100.00,-42.52%,0.1,0.12,0.12,6332,1608,3.94,46.62%,97.73%,-0.007431,2026-08-20
NBIS,220.11,2026-08-21,1,Put,215.00,-2.32%,2.46,2.51,2.6,6790,1722,3.94,90.87%,102.42%,-0.320375,2026-08-20
TSLA,345.13,2026-08-26,6,Call,342.50,+0.76%,8.1,8.24,8.45,1072,273,3.93,40.58%,38.48%,0.57607,2026-08-20
ARM,250.72,2026-11-20,92,Call,290.00,-15.67%,24.7,24.75,26.9,545,139,3.92,67.38%,77.68%,0.439037,2026-08-20
REZI,20.03,2026-09-18,29,Call,22.50,-12.33%,0.25,0.4,0.55,2502,638,3.92,54.88%,52.54%,0.244519,2026-08-20
CPNG,16.26,2026-09-18,29,Put,35.00,+115.25%,17.9,18.6,20.7,3650,930,3.92,42.92%,209.52%,-0.843839,2026-08-20
AMAT,496.21,2026-08-21,1,Put,630.00,+26.96%,130.05,145,137.65,1688,432,3.91,55.78%,178.08%,-0.994471,2026-08-20
CVNA,71.52,2026-08-28,8,Call,74.00,-3.47%,1.31,1.11,1.6,624,160,3.9,55.34%,57.75%,0.364414,2026-08-20
AMD,469.45,2026-08-21,1,Put,465.00,-0.95%,3.55,3.8,3.9,6092,1565,3.89,54.06%,58.36%,-0.370598,2026-08-20
COST,933.51,2026-09-11,22,Call,"1,280.00",-37.12%,0.01,0.11,0.05,2641,681,3.88,21.01%,41.27%,0.001161,2026-08-20
MSTR,112.39,2026-08-28,8,Put,110.00,-2.13%,4.1,4.25,4.4,2907,749,3.88,78.08%,82.22%,-0.404037,2026-08-20
BMNR,21.57,2026-08-21,1,Call,22.50,-4.31%,0.16,0.17,0.18,3102,801,3.87,79.25%,109.52%,0.240037,2026-08-20
AVGO,364.03,2026-08-21,1,Call,377.50,-3.70%,0.23,0.25,0.28,2304,596,3.87,50.42%,45.87%,0.067055,2026-08-20
ACN,181.35,2026-09-18,29,Put,180.00,-0.74%,7.5,7.55,8.1,1945,504,3.86,44.45%,41.78%,-0.450121,2026-08-20
AMGN,433.73,2026-09-18,29,Call,350.00,+19.30%,82.05,82.9,85.7,6000,1556,3.86,30.45%,23.04%,0.997774,2026-08-20
TSLA,345.13,2026-08-21,1,Call,352.50,-2.14%,0.87,0.88,0.9,29797,7739,3.85,40.58%,46.00%,0.194459,2026-08-20
MGNI,23.35,2026-08-21,1,Call,24.00,-2.78%,0,0.2,0.3,902,234,3.85,51.15%,79.21%,0.261352,2026-08-20
GOOGL,340.67,2026-08-24,4,Call,342.50,-0.54%,2.36,2.48,2.59,611,159,3.84,28.21%,22.83%,0.421989,2026-08-20
OABI,4.3,2026-10-16,57,Call,5.00,-16.28%,0,0.4,0.9,618,161,3.84,126.87%,101.78%,0.436612,2026-08-20
NVDA,216.85,2026-09-02,13,Call,215.00,+0.85%,8.45,8.58,8.85,630,164,3.84,40.45%,46.54%,0.561235,2026-08-20
SE,117.24,2026-12-18,120,Call,125.00,-6.62%,9.55,10.05,11.25,1005,262,3.84,42.06%,48.36%,0.481298,2026-08-20
AMAT,496.21,2026-08-21,1,Put,580.00,+16.89%,80.3,88,87.65,2390,623,3.84,55.78%,138.27%,-0.983352,2026-08-20
TSLA,345.13,2026-08-24,4,Put,335.00,-2.94%,1.28,1.3,1.31,4588,1198,3.83,40.58%,33.57%,-0.190666,2026-08-20
NVDA,216.85,2026-08-24,4,Call,217.50,-0.30%,2.27,2.22,2.33,22350,5839,3.83,40.45%,28.42%,0.470459,2026-08-20
CIFR,17.21,2026-09-04,15,Call,19.00,-10.40%,0.78,0.84,0.9,6266,1639,3.82,103.91%,107.31%,0.367199,2026-08-20
CE,46.98,2026-09-18,29,Call,50.00,-6.43%,1.15,1.3,1.3,5718,1500,3.81,45.21%,44.06%,0.337902,2026-08-20
NVDA,216.85,2026-08-24,4,Call,215.00,+0.85%,3.65,3.65,3.8,5869,1539,3.81,40.45%,29.42%,0.619748,2026-08-20
MRNA,133.32,2026-10-16,57,Call,180.00,-35.01%,8.05,8.45,9.5,731,192,3.81,109.77%,104.32%,0.305676,2026-08-20
POWL,197.4,2026-08-21,1,Put,300.00,+51.98%,98.7,98.3,106.4,578,152,3.8,64.21%,277.51%,-0.997955,2026-08-20
WWD,342.2,2026-08-21,1,Put,410.00,+19.81%,63.9,64.2,71.7,578,152,3.8,36.03%,126.36%,-0.997306,2026-08-20
HPE,52.89,2026-09-11,22,Call,55.00,-3.99%,3.2,3.36,3.55,806,212,3.8,75.32%,81.87%,0.465244,2026-08-20
GEMI,4.14,2026-09-18,29,Call,5.00,-20.77%,0.15,0.2,0.25,1357,357,3.8,104.70%,101.27%,0.305567,2026-08-20
MRK,148.99,2026-08-28,8,Call,155.00,-4.03%,0.92,1.03,1.05,5610,1475,3.8,30.86%,34.50%,0.228615,2026-08-20
SPCX,134,2026-08-21,1,Put,131.00,-2.24%,0.81,0.81,0.83,15505,4088,3.79,62.49%,71.23%,-0.264881,2026-08-20
CMI,593.24,2026-09-18,29,Call,400.00,+32.57%,191.4,194.5,194.9,512,135,3.79,33.97%,69.17%,0.982291,2026-08-20
RH,156.41,2026-08-21,1,Put,185.00,+18.28%,25.8,25.71,31.4,633,167,3.79,77.52%,124.72%,-0.995134,2026-08-20
SEZL,117.42,2026-08-21,1,Put,150.00,+27.75%,32.1,34.7,33.5,845,223,3.79,69.91%,254.72%,-0.961773,2026-08-20
MRNA,133.32,2026-09-18,29,Put,105.00,-21.24%,3.9,4.29,4.7,910,240,3.79,109.77%,107.50%,-0.171554,2026-08-20
DINO,92.72,2026-09-18,29,Put,85.00,-8.33%,1.25,1.5,1.7,1767,468,3.78,44.73%,43.12%,-0.215991,2026-08-20
AAPL,311.3,2026-08-24,4,Call,325.00,-4.40%,0.13,0.15,0.17,5135,1357,3.78,25.01%,24.12%,0.046589,2026-08-20
ORCL,142.07,2026-08-21,1,Put,180.00,+26.70%,37.05,40,39.7,2896,768,3.77,69.89%,271.75%,-0.944397,2026-08-20
AAPL,311.3,2026-08-21,1,Call,320.00,-2.79%,0.11,0.12,0.13,123162,32695,3.77,25.01%,32.47%,0.053927,2026-08-20
KLAC,185.86,2026-08-21,1,Put,220.00,+18.37%,33,34,38.7,1247,331,3.77,55.83%,274.81%,-0.864403,2026-08-20
STM,49.92,2026-08-21,1,Put,60.00,+20.19%,9.9,10.2,10.4,621,165,3.76,52.68%,192.32%,-0.962377,2026-08-20
DNUT,3.54,2026-08-21,1,Call,1.50,+57.63%,1.8,1.95,2.3,973,259,3.76,65.36%,848.04%,0.984429,2026-08-20
ECHO,86.92,2026-10-16,57,Put,140.00,+61.07%,51,54.4,55,2650,707,3.75,45.33%,92.45%,-0.87391,2026-08-20
SPCX,134,2026-08-21,1,Put,133.00,-0.75%,1.52,1.53,1.55,16177,4311,3.75,62.49%,71.77%,-0.412753,2026-08-20
MU,974.33,2026-08-21,1,Call,950.00,+2.50%,29.55,29.1,31.8,26260,6997,3.75,65.40%,77.15%,0.741801,2026-08-20
NFLX,80.14,2026-09-18,29,Put,104.00,+29.77%,22.7,23.3,25.85,517,138,3.75,32.23%,65.19%,-0.911944,2026-08-20
MU,974.33,2026-08-28,8,Put,980.00,+0.58%,39.1,39.53,41.6,521,139,3.75,65.40%,65.54%,-0.50197,2026-08-20
AMD,469.45,2026-08-21,1,Put,457.50,-2.55%,1.55,1.66,1.73,2123,566,3.75,54.06%,59.48%,-0.198473,2026-08-20
KLAC,185.86,2026-08-21,1,Put,222.00,+19.44%,32.9,32.7,38.2,704,188,3.74,55.83%,128.93%,-0.99591,2026-08-20
DNUT,3.54,2026-08-21,1,Call,1.00,+71.75%,2.45,2.45,2.6,1002,268,3.74,65.36%,"1,216.44%",0.989337,2026-08-20
AMZN,260.11,2026-08-24,4,Call,260.00,+0.04%,2.6,2.8,2.91,1226,328,3.74,29.42%,24.38%,0.517917,2026-08-20
AMZN,260.11,2026-08-21,1,Call,265.00,-1.88%,0.41,0.42,0.44,52330,13998,3.74,29.42%,35.98%,0.164957,2026-08-20
ECHO,86.92,2026-09-18,29,Put,130.00,+49.56%,41.4,43.51,45,7534,2019,3.73,45.33%,77.21%,-0.967978,2026-08-20
GLW,151.45,2026-08-21,1,Put,180.00,+18.85%,27.7,28,29.8,1955,524,3.73,62.33%,180.87%,-0.962386,2026-08-20
PURR,10.08,2026-08-28,8,Call,9.50,+5.75%,1,1.05,1.4,691,186,3.72,123.68%,151.76%,0.647911,2026-08-20
TSLA,345.13,2026-08-24,4,Call,355.00,-2.86%,1.61,1.63,1.66,4913,1322,3.72,40.58%,34.80%,0.228172,2026-08-20
TTD,13.32,2026-09-18,29,Put,27.50,+106.46%,13.85,14.5,14.5,10241,2753,3.72,53.74%,185.58%,-0.87141,2026-08-20
ORCL,142.07,2026-08-21,1,Put,170.00,+19.66%,27.05,28,29.2,15296,4109,3.72,69.89%,187.54%,-0.962486,2026-08-20
HOOD,95.1,2026-10-16,57,Put,45.00,-52.68%,0.05,0.1,0.13,3014,813,3.71,61.95%,84.56%,-0.007712,2026-08-20
META,545.83,2026-08-21,1,Put,535.00,-1.98%,1.04,1.08,1.17,7623,2054,3.71,35.58%,41.26%,-0.172919,2026-08-20
CAR,143.98,2026-09-18,29,Put,650.00,+351.45%,501,507,511,891,241,3.7,51.16%,266.18%,-0.955872,2026-08-20
NVDA,216.85,2026-08-24,4,Put,235.00,+8.37%,17.65,17.95,19.4,915,247,3.7,40.45%,53.48%,-0.921305,2026-08-20
SHEL,93.65,2026-12-18,120,Call,105.00,-12.12%,1.65,1.9,1.8,1103,298,3.7,22.65%,24.96%,0.234887,2026-08-20
AMZN,260.11,2026-08-24,4,Call,272.50,-4.76%,0.12,0.2,0.19,2208,597,3.7,29.42%,26.76%,0.05122,2026-08-20
PDD,89.52,2026-09-18,29,Put,120.00,+34.05%,29.85,30.9,30.9,775,210,3.69,41.79%,69.97%,-0.922486,2026-08-20
AAPL,311.3,2026-08-24,4,Put,315.00,+1.19%,4.4,5.07,5.1,2408,652,3.69,25.01%,19.51%,-0.711919,2026-08-20
LASR,47.19,2026-08-21,1,Put,60.00,+27.15%,11.8,13.5,13.7,625,170,3.68,74.84%,400.13%,-0.85128,2026-08-20
AMD,469.45,2026-08-24,4,Put,465.00,-0.95%,6.3,6.61,6.85,652,177,3.68,54.06%,44.55%,-0.40713,2026-08-20
CAR,143.98,2026-09-18,29,Put,330.00,+129.20%,181,187.5,191,1050,285,3.68,51.16%,174.94%,-0.92853,2026-08-20
AAP,42.39,2026-08-21,1,Put,42.00,-0.92%,0.2,0.48,0.55,1082,294,3.68,50.82%,62.27%,-0.381746,2026-08-20
B,46.27,2026-09-04,15,Call,46.00,+0.58%,1.7,1.78,1.94,1582,430,3.68,45.69%,44.57%,0.54728,2026-08-20
AMD,469.45,2026-08-24,4,Call,475.00,-1.18%,6.05,6.35,6.45,539,147,3.67,54.06%,43.96%,0.411545,2026-08-20
MU,974.33,2026-08-24,4,Call,"1,030.00",-5.71%,4.6,5.1,5.15,1303,355,3.67,65.40%,53.77%,0.170492,2026-08-20
C,129.67,2026-08-21,1,Call,133.00,-2.57%,0.06,0.12,0.08,2245,612,3.67,27.94%,32.79%,0.071318,2026-08-20
SPCX,134,2026-08-21,1,Put,127.00,-5.22%,0.18,0.21,0.2,6626,1811,3.66,62.49%,73.96%,-0.079603,2026-08-20
HIMS,31.86,2026-08-21,1,Call,33.00,-3.58%,0.19,0.21,0.22,10444,2857,3.66,74.34%,90.52%,0.236897,2026-08-20
NVO,46.14,2027-01-15,148,Put,75.00,+62.55%,27.95,28.7,30.1,593,162,3.66,31.53%,24.97%,-0.970991,2026-08-20
JPM,351.55,2026-09-04,15,Put,355.00,+0.98%,6.4,6.9,7.85,674,184,3.66,20.75%,18.81%,-0.58792,2026-08-20
SPCX,134,2026-09-04,15,Put,128.00,-4.48%,4.05,4.17,4.15,674,184,3.66,62.49%,63.73%,-0.333946,2026-08-20
VIK,90.53,2026-09-18,29,Put,110.00,+21.51%,18.3,21.9,21.5,808,221,3.66,35.00%,51.79%,-0.901508,2026-08-20
NXT,87.86,2026-08-21,1,Put,100.00,+13.82%,11.3,11.71,13.7,1273,349,3.65,59.62%,183.13%,-0.903625,2026-08-20
MRNA,133.32,2026-08-21,1,Call,185.00,-38.76%,0.1,0.2,0.27,1445,396,3.65,109.77%,304.99%,0.024333,2026-08-20
SPCX,134,2026-08-28,8,Put,106.00,-20.90%,0.11,0.12,0.13,1944,533,3.65,62.49%,79.53%,-0.019899,2026-08-20
TPR,129.82,2026-08-21,1,Put,160.00,+23.25%,29.8,31.65,31.9,2408,659,3.65,32.76%,275.18%,-0.916098,2026-08-20
COIN,172.35,2026-08-21,1,Call,182.50,-5.89%,0.71,0.76,0.85,3230,887,3.64,69.81%,106.25%,0.158793,2026-08-20
ESTA,71.52,2026-08-21,1,Put,87.50,+22.34%,14,14.2,17.4,612,168,3.64,52.95%,155.94%,-0.992989,2026-08-20
NFLX,80.14,2026-09-18,29,Put,114.00,+42.25%,32.9,33.3,35.7,545,150,3.63,32.23%,82.56%,-0.923551,2026-08-20
SHOP,147.18,2026-08-28,8,Put,140.00,-4.88%,0.98,1.05,1.33,567,156,3.63,44.18%,43.83%,-0.207771,2026-08-20
POWL,197.4,2026-08-21,1,Put,253.33,+28.33%,51.9,55.82,59.7,811,224,3.62,64.21%,174.38%,-0.99703,2026-08-20
TSLA,345.13,2026-08-26,6,Call,352.50,-2.14%,3.9,3.96,4,898,248,3.62,40.58%,38.98%,0.349772,2026-08-20
OPEN,3.47,2026-08-28,8,Call,3.00,+13.54%,0.46,0.49,0.52,1559,431,3.62,78.24%,77.36%,0.909072,2026-08-20
PFE,27.79,2026-08-21,1,Put,28.00,+0.76%,0.2,0.2,0.28,13057,3605,3.62,22.44%,17.27%,-0.798222,2026-08-20
COHR,290.03,2026-08-21,1,Put,345.00,+18.95%,54.1,57.5,59.4,737,204,3.61,73.65%,250.92%,-0.895422,2026-08-20
TSM,416,2026-08-21,1,Put,450.00,+8.17%,33.05,34,34.9,867,241,3.6,34.68%,0.00%,-1.,2026-08-20
USPH,78,2026-08-21,1,Call,75.00,+3.85%,2,4.4,5.2,990,275,3.6,39.41%,105.93%,0.769038,2026-08-20
MRNA,133.32,2026-08-21,1,Call,155.00,-16.26%,1.02,1.13,1.25,2878,799,3.6,109.77%,248.05%,0.136773,2026-08-20
SNDK,1600.62,2026-08-21,1,Call,"1,650.00",-3.09%,12.6,12.92,13,6563,1823,3.6,83.23%,92.76%,0.274405,2026-08-20
TSLA,345.13,2026-08-21,1,Call,355.00,-2.86%,0.53,0.52,0.55,34808,9666,3.6,40.58%,46.91%,0.128802,2026-08-20
ABBV,261.83,2026-08-28,8,Put,250.00,-4.52%,0.42,0.57,0.78,520,145,3.59,24.79%,26.74%,-0.1164,2026-08-20
MSTR,112.39,2026-08-21,1,Put,150.00,+33.46%,37.4,37.1,38,1409,393,3.59,78.08%,256.87%,-0.981468,2026-08-20
INTC,92.13,2026-08-26,6,Put,86.00,-6.65%,0.59,0.56,0.67,544,152,3.58,62.34%,58.14%,-0.166695,2026-08-20
MRK,148.99,2026-10-16,57,Put,140.00,-6.03%,3.05,3.15,3.4,552,154,3.58,30.86%,30.37%,-0.275176,2026-08-20
TSLA,345.13,2026-08-21,1,Put,357.50,+3.58%,12.3,14.22,12.8,652,182,3.58,40.58%,43.15%,-0.939931,2026-08-20
ON,74.71,2026-08-21,1,Put,95.00,+27.16%,18.3,19.05,21.6,880,246,3.58,53.41%,181.16%,-0.99402,2026-08-20
AAL,13.52,2026-08-28,8,Call,14.00,-3.55%,0.15,0.16,0.16,1114,311,3.58,44.53%,42.13%,0.299341,2026-08-20
META,545.83,2026-08-21,1,Put,650.00,+19.08%,102.65,109.45,106.3,1757,491,3.58,35.58%,160.34%,-0.97963,2026-08-20
BIDU,91.97,2026-09-18,29,Put,130.00,+41.35%,35.95,39.85,39.8,4101,1144,3.58,41.41%,107.29%,-0.840891,2026-08-20
TEM,66.65,2026-08-21,1,Call,70.00,-5.03%,0.42,0.45,0.48,29135,8132,3.58,77.16%,111.77%,0.209709,2026-08-20
TEM,66.65,2026-09-18,29,Call,100.00,-50.04%,0.45,0.6,0.6,5221,1464,3.57,77.16%,91.26%,0.075312,2026-08-20
ORCL,142.07,2026-08-21,1,Put,210.00,+47.81%,67.05,67.3,69.6,518,145,3.57,69.89%,395.27%,-0.962949,2026-08-20
META,545.83,2026-08-24,4,Call,550.00,-0.76%,5.1,5.25,5.6,875,245,3.57,35.58%,31.31%,0.418771,2026-08-20
ENPH,38.36,2026-08-21,1,Put,55.00,+43.38%,15.9,16.25,18.5,1172,328,3.57,64.92%,526.59%,-0.878904,2026-08-20
VIK,90.53,2026-08-21,1,Put,105.00,+15.98%,14.1,18.1,16.4,2079,582,3.57,35.00%,247.07%,-0.860342,2026-08-20
CRWV,89.76,2027-02-19,183,Call,95.00,-5.84%,18.4,18.45,19.55,523,147,3.56,76.12%,80.90%,0.587946,2026-08-20
DDOG,232.55,2026-08-21,1,Put,290.00,+24.70%,56.2,55.8,58.6,1067,300,3.56,54.87%,155.09%,-0.996983,2026-08-20
AMAT,496.21,2026-08-21,1,Put,600.00,+20.92%,100.75,105,107.5,1152,324,3.56,55.78%,176.51%,-0.978005,2026-08-20
PLTR,173.96,2026-09-11,22,Put,175.00,+0.60%,8.05,8.15,8.3,1345,378,3.56,46.62%,45.80%,-0.492802,2026-08-20
SPCX,134,2026-08-28,8,Call,139.00,-3.73%,3.1,3.15,3.2,1490,418,3.56,62.49%,65.00%,0.372832,2026-08-20
AMZN,260.11,2026-08-26,6,Put,255.00,-1.96%,1.49,1.66,1.82,1823,512,3.56,29.42%,28.11%,-0.279959,2026-08-20
ECHO,86.92,2026-09-18,29,Put,125.00,+43.81%,36.8,39,40,1380,389,3.55,45.33%,79.51%,-0.939827,2026-08-20
TJX,140.69,2026-08-21,1,Put,155.00,+10.17%,13.1,14.4,16,1798,507,3.55,21.08%,120.04%,-0.934595,2026-08-20
PYPL,62.3,2026-08-21,1,Call,64.00,-2.73%,0.26,0.26,0.3,8615,2424,3.55,34.43%,66.73%,0.226224,2026-08-20
GOOGL,340.67,2026-08-21,1,Put,327.50,-3.87%,0.08,0.11,0.14,6294,1780,3.54,28.21%,42.31%,-0.036323,2026-08-20
MU,974.33,2026-08-21,1,Put,950.00,-2.50%,5.7,5.89,5.95,15196,4289,3.54,65.40%,74.53%,-0.251407,2026-08-20
MU,974.33,2026-08-21,1,Call,"1,000.00",-2.63%,5.55,5.55,5.85,47935,13559,3.54,65.40%,73.66%,0.256961,2026-08-20
NBIS,220.11,2026-08-21,1,Put,207.50,-5.73%,0.77,0.82,0.93,845,239,3.54,90.87%,105.15%,-0.135409,2026-08-20
INTC,92.13,2026-08-21,1,Put,130.00,+41.10%,37.05,37.52,39.55,1055,298,3.54,62.34%,393.17%,-0.941876,2026-08-20
MU,974.33,2026-08-24,4,Put,960.00,-1.47%,14.25,15,15.3,1408,398,3.54,65.40%,52.78%,-0.381384,2026-08-20
LYB,68.1,2028-01-21,519,Put,32.50,-52.28%,0.95,1.56,2.15,564,160,3.53,39.64%,52.26%,-0.063654,2026-08-20
AMAT,496.21,2026-08-21,1,Put,610.00,+22.93%,110.05,118,117.65,737,209,3.53,55.78%,156.71%,-0.993835,2026-08-20
AMZN,260.11,2026-08-26,6,Put,257.50,-1.00%,2.39,2.45,2.58,908,257,3.53,29.42%,27.94%,-0.376991,2026-08-20
TSLA,345.13,2026-08-24,4,Call,347.50,-0.69%,3.8,3.8,3.85,4484,1271,3.53,40.58%,33.61%,0.43422,2026-08-20
LULU,115.69,2026-12-18,120,Put,300.00,+159.31%,182.3,183.9,186.05,6002,1700,3.53,56.65%,87.94%,-0.982381,2026-08-20
AAOI,129.1,2026-08-21,1,Call,133.00,-3.02%,1.3,2,2.4,703,200,3.52,104.07%,126.14%,0.33859,2026-08-20
FLEX,110.32,2026-08-21,1,Put,130.00,+17.84%,15.5,20.4,23.9,964,274,3.52,62.57%,133.57%,-0.990197,2026-08-20
LOGI,95.34,2026-09-18,29,Put,120.00,+25.87%,23.8,25.19,25.5,1220,347,3.52,34.64%,56.21%,-0.913961,2026-08-20
MRNA,133.32,2026-09-18,29,Call,160.00,-20.01%,7.55,8.24,9.3,520,148,3.51,109.77%,114.25%,0.345832,2026-08-20
AAPL,311.3,2026-08-26,6,Put,315.00,+1.19%,4.8,6.15,6.15,593,169,3.51,25.01%,21.26%,-0.658271,2026-08-20
MO,66.94,2027-06-17,301,Put,70.00,+4.57%,8.2,8.55,8.85,650,185,3.51,25.12%,26.38%,-0.529097,2026-08-20
GEO,31.72,2026-11-20,92,Call,34.00,-7.19%,2.5,2.7,2.85,584,167,3.5,43.55%,56.45%,0.458267,2026-08-20
AVGO,364.03,2026-08-24,4,Call,375.00,-3.01%,1.1,1.2,1.45,735,210,3.5,50.42%,31.79%,0.193267,2026-08-20
APP,308.77,2028-12-15,848,Call,860.00,-178.52%,44.6,48.61,49.8,748,214,3.5,55.92%,67.77%,0.351758,2026-08-20
SRE,87.38,2026-09-18,29,Call,95.00,-8.72%,0.4,0.55,1.05,902,258,3.5,28.63%,30.99%,0.18165,2026-08-20
INTC,92.13,2026-08-24,4,Put,93.00,+0.94%,2.28,2.34,2.4,2978,850,3.5,62.34%,48.88%,-0.560801,2026-08-20
ORCL,142.07,2026-08-21,1,Put,185.00,+30.22%,42.05,42.35,44.65,2468,708,3.49,69.89%,292.79%,-0.950184,2026-08-20
RKLB,72.95,2026-08-21,1,Put,100.00,+37.08%,25.55,26.95,28.95,4348,1245,3.49,72.68%,332.91%,-0.957653,2026-08-20
BABA,130.53,2026-08-21,1,Call,127.00,+2.70%,3.65,3.7,4.25,5544,1588,3.49,40.40%,59.58%,0.814616,2026-08-20
BE,202.48,2026-08-21,1,Put,250.00,+23.47%,46.25,48.25,49.45,13679,3922,3.49,86.81%,220.52%,-0.96173,2026-08-20
MSTR,112.39,2026-09-25,36,Put,55.00,-51.06%,0.16,0.36,0.55,1156,331,3.49,78.08%,122.25%,-0.019599,2026-08-20
KLAC,185.86,2026-09-18,29,Put,168.00,-9.61%,4.1,4.65,5.2,1176,337,3.49,55.83%,58.24%,-0.238538,2026-08-20
LYB,68.1,2027-12-17,484,Put,32.50,-52.28%,0.85,1.49,2.1,564,162,3.48,39.64%,53.28%,-0.062147,2026-08-20
CRWV,89.76,2026-09-04,15,Put,89.00,-0.85%,4.8,5.14,5.5,998,287,3.48,76.12%,77.29%,-0.444232,2026-08-20
HIVE,3.13,2026-08-28,8,Put,3.00,-4.15%,0.05,0.15,0.15,1097,315,3.48,100.64%,87.01%,-0.344936,2026-08-20
ENPH,38.36,2026-08-21,1,Put,50.00,+30.34%,9.85,11.66,12.85,1338,385,3.48,64.92%,226.40%,-0.98554,2026-08-20
MU,974.33,2026-08-21,1,Put,910.00,-6.60%,0.75,0.75,0.82,6705,1929,3.48,65.40%,78.78%,-0.046545,2026-08-20
CPNG,16.26,2028-01-21,519,Put,13.00,-20.05%,1.49,1.93,2.17,3146,906,3.47,42.92%,51.41%,-0.229896,2026-08-20
BA,215.1,2026-12-18,120,Call,295.00,-37.15%,0.59,1.1,1.33,900,259,3.47,30.38%,33.21%,0.058527,2026-08-20
MARA,11.15,2026-11-20,92,Call,12.00,-7.62%,1.54,1.72,1.77,938,270,3.47,87.96%,87.46%,0.529616,2026-08-20
ZS,174.95,2026-08-21,1,Call,182.50,-4.32%,0.01,0.28,0.4,985,284,3.47,73.00%,58.07%,0.085073,2026-08-20
LSCC,117.56,2026-08-21,1,Put,150.00,+27.59%,30.6,30.71,33.8,1058,305,3.47,63.96%,177.05%,-0.995672,2026-08-20
MRNA,133.32,2026-09-18,29,Call,150.00,-12.51%,10.05,10.78,11.3,1914,551,3.47,109.77%,111.36%,0.417037,2026-08-20
MARA,11.15,2026-08-28,8,Put,10.50,-5.83%,0.33,0.33,0.34,2161,622,3.47,87.96%,95.25%,-0.308052,2026-08-20
TSLA,345.13,2026-08-21,1,Put,330.00,-4.38%,0.15,0.16,0.16,37080,10706,3.46,40.58%,49.98%,-0.041814,2026-08-20
NFLX,80.14,2026-08-21,1,Put,95.00,+18.54%,14.45,16.05,16.05,603,175,3.45,32.23%,233.35%,-0.90854,2026-08-20
MU,974.33,2026-09-04,15,Call,"1,060.00",-8.79%,21.8,23,22.85,798,231,3.45,65.40%,66.20%,0.291125,2026-08-20
GLW,151.45,2026-08-21,1,Put,200.00,+32.06%,47.25,47.5,49.8,1066,309,3.45,62.33%,194.40%,-0.996762,2026-08-20
WVE,5.25,2027-01-15,148,Call,6.00,-14.29%,0.95,1,1.05,1255,364,3.45,72.78%,93.36%,0.539366,2026-08-20
SEI,54.24,2026-08-21,1,Put,67.50,+24.45%,12.3,14.8,15,585,170,3.44,78.48%,308.29%,-0.898804,2026-08-20
MDLN,32.58,2026-08-21,1,Put,45.00,+38.12%,12.3,11.9,12.6,3281,954,3.44,38.56%,287.48%,-0.981025,2026-08-20
SPCX,134,2026-09-04,15,Call,155.00,-15.67%,1.41,1.49,1.47,4499,1310,3.43,62.49%,66.89%,0.159885,2026-08-20
COIN,172.35,2026-09-04,15,Call,210.00,-21.85%,1.75,2.05,2.2,597,174,3.43,69.81%,83.69%,0.14206,2026-08-20
KTOS,56.18,2026-08-21,1,Put,72.50,+29.05%,14.2,16.02,17.8,669,195,3.43,61.54%,195.68%,-0.993089,2026-08-20
CAPR,6.84,2026-09-18,29,Call,7.00,-2.34%,1.95,2.62,3,872,254,3.43,335.59%,340.54%,0.676548,2026-08-20
CVNA,71.52,2026-09-04,15,Call,75.00,-4.87%,1.76,1.87,2.03,1008,294,3.43,55.34%,55.95%,0.363517,2026-08-20
TJX,140.69,2026-09-18,29,Put,165.00,+17.28%,22.4,24.6,26.1,1270,370,3.43,21.08%,37.58%,-0.931958,2026-08-20
PENG,51.14,2026-08-21,1,Put,70.00,+36.88%,18,19.47,20.1,1940,565,3.43,87.32%,350.49%,-0.94742,2026-08-20
AAP,42.39,2026-08-21,1,Put,50.00,+17.95%,7.3,8.11,8.9,3367,985,3.42,50.82%,290.24%,-0.843936,2026-08-20
SMCI,36.5,2026-08-28,8,Call,38.00,-4.11%,1,1.1,1.26,13711,4014,3.42,75.57%,80.48%,0.392882,2026-08-20
MRNA,133.32,2026-09-18,29,Call,180.00,-35.01%,4.6,4.85,6.15,618,181,3.41,109.77%,119.67%,0.237973,2026-08-20
WMT,103.84,2027-09-17,393,Call,145.00,-39.64%,2.45,2.5,2.76,1024,300,3.41,22.30%,27.70%,0.181761,2026-08-20
FIGR,36.06,2026-11-20,92,Put,27.50,-23.74%,1.6,2,2.3,2018,592,3.41,79.76%,83.29%,-0.19023,2026-08-20
SPCX,134,2026-08-28,8,Put,133.00,-0.75%,4.45,4.45,4.55,2321,680,3.41,62.49%,63.82%,-0.446958,2026-08-20
DGX,241.3,2026-11-20,92,Call,270.00,-11.89%,2.15,3.87,5.2,564,166,3.4,22.44%,25.44%,0.220439,2026-08-20
LASR,47.19,2026-08-21,1,Put,55.00,+16.55%,6.8,8.08,8.7,625,184,3.4,74.84%,225.27%,-0.892513,2026-08-20
SCCO,198.73,2026-09-18,29,Put,200.00,+0.64%,9.7,11.1,11.6,724,213,3.4,48.00%,45.26%,-0.490814,2026-08-20
APLD,28.65,2026-08-21,1,Put,43.00,+50.09%,13.15,15.74,16.2,754,222,3.4,86.88%,538.02%,-0.903416,2026-08-20
VALE,14.23,2026-08-28,8,Call,14.50,-1.90%,0.14,0.15,0.17,1207,355,3.4,32.79%,32.46%,0.347293,2026-08-20
ESTA,71.52,2026-08-21,1,Put,85.00,+18.85%,11.6,11.7,14.9,1325,390,3.4,52.95%,136.17%,-0.992075,2026-08-20
MFC,42.47,2026-08-21,1,Call,40.00,+5.82%,2.3,2.4,2.7,1331,392,3.4,19.45%,68.91%,0.953382,2026-08-20
SNDK,1600.62,2026-08-28,8,Call,"1,750.00",-9.33%,31,32.13,32.6,1689,497,3.4,83.23%,87.44%,0.268131,2026-08-20
MU,974.33,2026-08-21,1,Call,940.00,+3.52%,36.3,38.6,40,6428,1888,3.4,65.40%,75.51%,0.823804,2026-08-20
HAL,35.69,2026-08-28,8,Call,36.50,-2.27%,0.31,0.36,0.48,522,154,3.39,32.92%,34.01%,0.33964,2026-08-20
NBIS,220.11,2026-08-28,8,Call,245.00,-11.31%,4.1,4.5,4.45,817,241,3.39,90.87%,95.42%,0.247564,2026-08-20
WMT,103.84,2026-09-11,22,Call,115.00,-10.75%,0.17,0.18,0.21,1023,302,3.39,22.30%,26.56%,0.065733,2026-08-20
CEVA,28.13,2026-08-21,1,Put,40.00,+42.20%,10.8,11.6,12.5,1785,527,3.39,82.43%,276.87%,-0.991075,2026-08-20
ASTS,65.06,2026-08-28,8,Put,58.00,-10.85%,0.48,0.54,0.57,521,154,3.38,76.09%,75.02%,-0.136476,2026-08-20
POWL,197.4,2026-08-21,1,Put,246.67,+24.96%,45.4,50.8,53.1,756,224,3.38,64.21%,318.58%,-0.894891,2026-08-20
AMAT,496.21,2026-08-21,1,Put,650.00,+30.99%,150.05,158.45,157.65,903,267,3.38,55.78%,198.50%,-0.994953,2026-08-20
WMT,103.84,2026-08-28,8,Call,112.00,-7.86%,0.09,0.1,0.11,1554,460,3.38,22.30%,30.65%,0.051393,2026-08-20
ONDS,8.38,2026-09-04,15,Put,9.50,+13.37%,1.27,1.34,1.41,1664,492,3.38,79.27%,88.59%,-0.727464,2026-08-20
NVDA,216.85,2026-08-21,1,Put,212.50,-2.01%,0.31,0.33,0.33,49178,14541,3.38,40.45%,37.22%,-0.145925,2026-08-20
ASTS,65.06,2026-08-21,1,Call,66.00,-1.44%,0.72,0.77,0.81,2804,832,3.37,76.09%,85.75%,0.383993,2026-08-20
WMT,103.84,2026-08-28,8,Put,104.00,+0.15%,1.52,1.6,1.72,2897,860,3.37,22.30%,25.53%,-0.503835,2026-08-20
RUN,9.36,2026-08-28,8,Call,9.50,-1.50%,0.27,0.27,0.39,525,156,3.37,64.04%,70.57%,0.467212,2026-08-20
ON,74.71,2027-08-20,365,Call,75.00,-0.39%,18.2,19.15,20.35,947,281,3.37,53.41%,62.14%,0.644234,2026-08-20
NBIS,220.11,2026-08-21,1,Call,222.50,-1.09%,3.6,3.82,4,1443,428,3.37,90.87%,105.91%,0.434337,2026-08-20
TREE,30.59,2026-08-21,1,Put,35.00,+14.42%,4,4.3,5,508,151,3.36,56.35%,170.46%,-0.928571,2026-08-20
APLD,28.65,2026-08-21,1,Put,40.00,+39.62%,10,11.7,13.15,782,233,3.36,86.88%,428.54%,-0.915576,2026-08-20
KGC,31.43,2026-10-16,57,Put,29.00,-7.73%,1.2,1.42,1.47,1704,507,3.36,49.87%,50.64%,-0.3003,2026-08-20
INTC,92.13,2026-08-21,1,Put,115.00,+24.82%,22.15,22.59,24.55,3763,1119,3.36,62.34%,288.30%,-0.918359,2026-08-20
ECHO,86.92,2026-08-21,1,Put,95.00,+9.30%,6.3,10.3,9.8,5345,1596,3.35,45.33%,280.42%,-0.702578,2026-08-20
META,545.83,2026-08-24,4,Call,555.00,-1.68%,3.45,3.55,3.9,639,191,3.35,35.58%,31.77%,0.31785,2026-08-20
BULL,8.85,2026-08-28,8,Put,8.50,-3.95%,0.16,0.19,0.23,2237,668,3.35,59.84%,67.23%,-0.322,2026-08-20
TSLA,345.13,2026-08-28,8,Call,342.50,+0.76%,9.75,9.9,10.05,2950,884,3.34,40.58%,41.24%,0.567053,2026-08-20
INTC,92.13,2026-08-21,1,Call,91.50,+0.68%,1.5,1.61,1.61,3565,1072,3.33,62.34%,63.09%,0.589734,2026-08-20
ONON,29.9,2026-08-21,1,Put,35.00,+17.06%,4.75,5.03,5.45,692,208,3.33,38.11%,137.83%,-0.984534,2026-08-20
KGC,31.43,2026-10-16,57,Put,25.00,-20.46%,0.3,0.39,0.45,1701,511,3.33,49.87%,52.41%,-0.109194,2026-08-20
SNDK,1600.62,2026-08-21,1,Call,"1,630.00",-1.84%,18.4,18.8,19.1,2236,672,3.33,83.23%,92.54%,0.36343,2026-08-20
SNDK,1600.62,2026-08-21,1,Call,"1,580.00",+1.29%,39,41.91,45.5,2240,673,3.33,83.23%,92.62%,0.615542,2026-08-20
LRCX,310.53,2026-08-21,1,Call,327.50,-5.46%,0.18,0.47,0.45,515,155,3.32,60.35%,66.90%,0.066888,2026-08-20
OKLO,41.66,2026-08-21,1,Put,53.00,+27.22%,11.1,11.46,11.95,561,169,3.32,77.21%,296.19%,-0.930001,2026-08-20
MU,974.33,2026-08-24,4,Call,"1,040.00",-6.74%,3.4,3.7,3.85,859,259,3.32,65.40%,54.32%,0.133112,2026-08-20
LITE,879.28,2026-08-21,1,Call,860.00,+2.19%,25.3,27.4,28.1,1558,469,3.32,78.92%,83.06%,0.70335,2026-08-20
AAPL,311.3,2026-08-24,4,Call,322.50,-3.60%,0.21,0.24,0.3,2513,757,3.32,25.01%,23.14%,0.076014,2026-08-20
TSLA,345.13,2026-08-21,1,Call,335.00,+2.94%,10.45,10.61,11.1,13626,4109,3.32,40.58%,51.33%,0.869908,2026-08-20
ON,74.71,2026-08-21,1,Put,85.00,+13.77%,8.45,10.28,11.4,6865,2077,3.31,53.41%,105.25%,-0.99042,2026-08-20
AAPL,311.3,2026-10-02,43,Call,345.00,-10.83%,1.56,1.7,1.76,702,212,3.31,25.01%,24.67%,0.130267,2026-08-20
AMZN,260.11,2026-11-20,92,Call,190.00,+26.95%,72.35,74.4,75.05,1026,310,3.31,29.42%,45.37%,0.93765,2026-08-20
NBIS,220.11,2026-08-28,8,Call,220.00,+0.05%,11.75,12.77,13,2004,605,3.31,90.87%,94.23%,0.531499,2026-08-20
AMAT,496.21,2026-08-21,1,Put,620.00,+24.95%,120.75,128,126.15,584,177,3.3,55.78%,325.97%,-0.888788,2026-08-20
NCLH,16.75,2026-08-28,8,Put,16.50,-1.49%,0.28,0.34,0.34,775,235,3.3,43.08%,43.63%,-0.391508,2026-08-20
LRCX,310.53,2026-08-21,1,Put,400.00,+28.81%,88.2,91.4,91.35,1464,443,3.3,60.35%,236.55%,-0.976481,2026-08-20
RKLB,72.95,2026-08-21,1,Put,90.00,+23.37%,16.05,17.15,18.95,5635,1708,3.3,72.68%,288.41%,-0.905923,2026-08-20
KO,90.5,2026-08-21,1,Put,90.00,-0.55%,0.17,0.2,0.29,5733,1737,3.3,18.59%,23.14%,-0.320568,2026-08-20
MU,974.33,2026-08-21,1,Call,975.00,-0.07%,14.35,14.5,15,5591,1697,3.29,65.40%,73.52%,0.501561,2026-08-20
GOOGL,340.67,2026-12-18,120,Call,525.00,-54.11%,0.4,0.69,0.98,1955,594,3.29,28.21%,36.22%,0.027325,2026-08-20
CCL,25.37,2026-08-28,8,Call,26.00,-2.48%,0.29,0.42,0.37,2007,610,3.29,40.75%,38.90%,0.347262,2026-08-20
STLD,219,2026-09-18,29,Call,260.00,-18.72%,0.2,0.9,1.35,1004,306,3.28,40.24%,39.93%,0.073546,2026-08-20
LUV,39.89,2026-08-21,1,Put,47.50,+19.08%,6.45,7.4,7.9,702,215,3.27,37.60%,144.14%,-0.98882,2026-08-20
SMCI,36.5,2026-08-28,8,Put,33.50,-8.22%,0.46,0.51,0.64,973,298,3.27,75.57%,79.29%,-0.213176,2026-08-20
WFC,83.7,2026-08-21,1,Call,84.00,-0.36%,0.3,0.36,0.39,1013,310,3.27,22.96%,27.34%,0.405149,2026-08-20
INTC,92.13,2026-08-21,1,Put,120.00,+30.25%,26.95,28.08,29.55,1654,506,3.27,62.34%,313.02%,-0.937188,2026-08-20
APLD,28.65,2026-08-21,1,Put,39.00,+36.13%,9.05,10.65,11.35,671,206,3.26,86.88%,433.51%,-0.893598,2026-08-20
HOOD,95.1,2026-09-04,15,Call,101.00,-6.20%,2.41,2.55,2.8,773,237,3.26,61.95%,62.64%,0.345006,2026-08-20
ON,74.71,2026-08-21,1,Put,84.00,+12.43%,7.3,7.75,10.9,1037,318,3.26,53.41%,96.84%,-0.989689,2026-08-20
AAPL,311.3,2026-08-26,6,Call,325.00,-4.40%,0.4,0.44,0.48,2187,671,3.26,25.01%,25.03%,0.095182,2026-08-20
NVDA,216.85,2026-08-24,4,Put,212.50,-2.01%,0.9,0.93,0.94,9990,3060,3.26,40.45%,28.35%,-0.239428,2026-08-20
MRNA,133.32,2026-08-21,1,Put,100.00,-24.99%,0.12,0.13,0.13,20727,6353,3.26,109.77%,269.73%,-0.017515,2026-08-20
PCOR,63.28,2026-10-16,57,Call,65.00,-2.72%,4,4.1,4.5,501,154,3.25,49.99%,48.61%,0.494643,2026-08-20
MCD,269.13,2027-03-19,211,Call,440.00,-63.49%,0,0.24,1.14,602,185,3.25,20.20%,30.92%,0.02563,2026-08-20
CCL,25.37,2026-08-28,8,Put,25.00,-1.46%,0.37,0.45,0.5,660,203,3.25,40.75%,40.67%,-0.390305,2026-08-20
INTC,92.13,2026-08-24,4,Put,91.00,-1.23%,1.26,1.2,1.38,821,253,3.25,62.34%,48.16%,-0.391376,2026-08-20
AMAT,496.21,2026-08-21,1,Put,590.00,+18.90%,91.2,105,97.65,862,266,3.24,55.78%,180.39%,-0.963168,2026-08-20
NBIS,220.11,2026-08-21,1,Call,217.50,+1.19%,6.05,6.2,6.4,1372,423,3.24,90.87%,104.96%,0.597327,2026-08-20
ASPI,3.95,2026-10-02,43,Call,0.50,+87.34%,3.3,3.53,5.6,1790,553,3.24,96.54%,457.39%,0.982329,2026-08-20
NVDA,216.85,2026-08-21,1,Put,215.00,-0.85%,0.75,0.75,0.77,153097,47288,3.24,40.45%,33.58%,-0.308301,2026-08-20
APTV,47.03,2026-08-21,1,Put,55.00,+16.95%,7.1,7.11,8.5,787,244,3.23,40.65%,128.69%,-0.989228,2026-08-20
MU,974.33,2026-08-24,4,Call,960.00,+1.47%,28.35,30,30.45,1671,517,3.23,65.40%,52.61%,0.619321,2026-08-20
SPCX,134,2026-08-28,8,Put,129.00,-3.73%,2.77,2.83,2.82,1702,527,3.23,62.49%,63.51%,-0.323194,2026-08-20
GLXY,23.47,2026-08-28,8,Put,20.00,-14.78%,0,0.19,0.3,563,175,3.22,86.05%,88.42%,-0.097958,2026-08-20
AAOI,129.1,2026-08-21,1,Call,130.00,-0.70%,2.5,2.92,3.2,5843,1815,3.22,104.07%,121.07%,0.469555,2026-08-20
CRWV,89.76,2026-08-21,1,Call,91.00,-1.38%,1,1.06,1.06,2532,788,3.21,76.12%,83.17%,0.385454,2026-08-20
AMZN,260.11,2026-08-28,8,Call,267.50,-2.84%,1.81,1.86,1.91,2988,932,3.21,29.42%,29.42%,0.273204,2026-08-20
AMZN,260.11,2026-08-21,1,Call,252.50,+2.93%,7.5,7.82,8.1,3732,1161,3.21,29.42%,38.83%,0.930062,2026-08-20
KSS,17.33,2026-10-16,57,Put,12.00,-30.76%,0.05,0.19,0.46,500,156,3.21,79.45%,78.62%,-0.089409,2026-08-20
B,46.27,2026-09-04,15,Put,41.00,-11.39%,0.1,0.19,0.33,504,157,3.21,45.69%,48.09%,-0.097182,2026-08-20
DKS,179.34,2026-09-18,29,Call,210.00,-17.10%,2.15,2.5,3.3,1074,335,3.21,52.66%,57.21%,0.185309,2026-08-20
GLW,151.45,2026-08-21,1,Put,195.00,+28.76%,42.3,44.9,44.85,1095,341,3.21,62.33%,191.96%,-0.993499,2026-08-20
AMZN,260.11,2027-02-19,183,Put,225.00,-13.50%,9.65,9.7,10.2,1341,418,3.21,29.42%,36.52%,-0.225489,2026-08-20
UPST,28.86,2026-08-21,1,Put,35.00,+21.28%,5.25,6.35,6.55,1700,530,3.21,59.31%,282.82%,-0.890477,2026-08-20
MU,974.33,2026-08-24,4,Call,"1,050.00",-7.77%,2.54,2.52,2.81,2285,711,3.21,65.40%,54.89%,0.102732,2026-08-20
AMAT,496.21,2026-09-18,29,Call,490.00,+1.25%,33.85,35.04,37.3,793,248,3.2,55.78%,57.34%,0.569068,2026-08-20
MSFT,481.15,2026-08-28,8,Call,487.50,-1.32%,4.75,4.65,5.15,887,277,3.2,26.37%,26.55%,0.382839,2026-08-20
INTC,92.13,2026-08-28,8,Call,93.00,-0.94%,3.1,3.16,3.3,1832,572,3.2,62.34%,65.71%,0.483576,2026-08-20
WMT,103.84,2026-08-21,1,Put,102.00,-1.77%,0.2,0.23,0.25,15415,4812,3.2,22.30%,39.40%,-0.189266,2026-08-20
BABA,130.53,2026-08-21,1,Call,137.00,-4.96%,0.19,0.21,0.25,4572,1434,3.19,40.40%,70.53%,0.098225,2026-08-20
SBET,7.59,2026-08-21,1,Call,7.00,+7.77%,0.44,0.55,0.67,17272,5408,3.19,82.06%,98.42%,0.945045,2026-08-20
MU,974.33,2026-08-24,4,Put,940.00,-3.52%,8.2,8.8,8.9,533,167,3.19,65.40%,54.06%,-0.251965,2026-08-20
IONQ,41.53,2026-08-28,8,Call,40.00,+3.68%,2.58,2.7,2.9,1549,485,3.19,78.16%,77.15%,0.652756,2026-08-20
GLAS,9.52,2027-02-19,183,Call,20.00,-110.08%,0.25,0.35,0.55,500,157,3.18,81.83%,82.30%,0.171513,2026-08-20
GFI,45.45,2026-10-16,57,Put,45.00,-0.99%,3.4,4,5,508,160,3.18,59.54%,60.10%,-0.443977,2026-08-20
TEM,66.65,2026-08-28,8,Call,66.00,+0.98%,3.4,3.55,4.25,554,174,3.18,77.16%,88.49%,0.558195,2026-08-20
SBLK,30.06,2027-01-15,148,Call,22.00,+26.81%,7.3,8,8.9,597,188,3.18,28.99%,35.20%,0.952551,2026-08-20
JPM,351.55,2026-09-04,15,Call,360.00,-2.40%,2.22,3,3.2,652,205,3.18,20.75%,20.59%,0.298085,2026-08-20
LITE,879.28,2026-08-21,1,Call,875.00,+0.49%,17.2,17.8,18.5,929,293,3.17,78.92%,85.02%,0.55336,2026-08-20
TSLA,345.13,2026-09-04,15,Call,347.50,-0.69%,10.7,10.39,10.85,1022,322,3.17,40.58%,41.74%,0.491642,2026-08-20
AMD,469.45,2026-09-04,15,Put,415.00,-11.60%,3.1,4.32,4.25,1631,515,3.17,54.06%,57.17%,-0.128478,2026-08-20
BIDU,91.97,2026-09-18,29,Put,145.00,+57.66%,50.95,54.64,54.8,2429,766,3.17,41.41%,125.20%,-0.868938,2026-08-20
AAP,42.39,2026-08-21,1,Put,52.50,+23.85%,9.8,11.35,11.8,3788,1196,3.17,50.82%,383.29%,-0.832918,2026-08-20
GOOGL,340.67,2026-08-28,8,Call,345.00,-1.27%,3.7,3.8,4.05,5079,1603,3.17,28.21%,28.07%,0.395341,2026-08-20
BP,45.14,2026-09-18,29,Call,45.00,+0.31%,1.68,1.78,1.77,11846,3742,3.17,30.88%,32.95%,0.528682,2026-08-20
TSLA,345.13,2026-08-28,8,Call,345.00,+0.04%,8.45,8.6,8.8,5342,1688,3.16,40.58%,41.35%,0.519843,2026-08-20
TTD,13.32,2026-08-21,1,Call,13.50,-1.35%,0.08,0.11,0.09,5567,1764,3.16,53.74%,56.64%,0.331897,2026-08-20
KGC,31.43,2026-11-20,92,Call,40.00,-27.27%,1.12,1.2,1.2,6065,1917,3.16,49.87%,56.64%,0.249133,2026-08-20
APP,308.77,2028-12-15,848,Call,720.00,-133.18%,54,60.48,64,748,237,3.16,55.92%,67.83%,0.417852,2026-08-20
NOW,129.75,2026-08-21,1,Put,129.00,-0.58%,1.14,1.17,1.3,850,269,3.16,52.42%,58.18%,-0.41746,2026-08-20
CRWV,89.76,2026-09-04,15,Put,70.00,-22.01%,0.33,0.4,0.42,894,283,3.16,76.12%,81.68%,-0.055614,2026-08-20
SPCE,3.08,2026-09-04,15,Call,3.00,+2.60%,0.11,0.25,0.29,1097,347,3.16,81.33%,62.77%,0.611104,2026-08-20
AMGN,433.73,2026-09-18,29,Call,360.00,+17.00%,72.45,73.58,75.5,1511,478,3.16,30.45%,20.74%,0.997566,2026-08-20
HIMS,31.86,2026-08-28,8,Put,30.00,-5.84%,0.51,0.53,0.6,1785,565,3.16,74.34%,70.27%,-0.262046,2026-08-20
NVDA,216.85,2026-08-21,1,Call,220.00,-1.45%,0.48,0.49,0.5,208782,66282,3.15,40.45%,34.82%,0.218437,2026-08-20
GLW,151.45,2026-08-21,1,Put,185.00,+22.15%,31.6,32.85,34.85,568,181,3.14,62.33%,144.97%,-0.995863,2026-08-20
CVNA,71.52,2026-08-21,1,Call,71.00,+0.73%,1.21,1.3,1.45,1129,359,3.14,55.34%,70.27%,0.586885,2026-08-20
AAP,42.39,2026-08-21,1,Put,55.00,+29.75%,12.2,13.54,14.3,872,279,3.13,50.82%,425.96%,-0.854627,2026-08-20
WMT,103.84,2028-12-15,848,Call,100.00,+3.70%,23.05,23.45,23.4,506,162,3.12,22.30%,29.77%,0.668332,2026-08-20
YUMC,48.88,2026-09-18,29,Call,50.00,-2.29%,0.65,0.75,0.75,1031,330,3.12,24.28%,20.85%,0.366681,2026-08-20
AGI,36.69,2028-01-21,519,Call,45.00,-22.65%,6.3,7.4,7.6,1930,618,3.12,50.51%,52.39%,0.523851,2026-08-20
SO,91.43,2026-11-20,92,Put,92.50,+1.17%,3.6,3.66,4,522,168,3.11,17.49%,18.07%,-0.525603,2026-08-20
LITE,879.28,2026-08-21,1,Call,920.00,-4.63%,3.4,3.5,3.7,2295,739,3.11,78.92%,87.74%,0.168352,2026-08-20
TSLA,345.13,2026-08-26,6,Call,360.00,-4.31%,2.12,2.11,2.18,2410,776,3.11,40.58%,40.15%,0.21704,2026-08-20
MSTR,112.39,2026-08-21,1,Put,105.00,-6.58%,0.25,0.26,0.29,10571,3399,3.11,78.08%,101.20%,-0.094709,2026-08-20
BIDU,91.97,2026-09-18,29,Put,140.00,+52.22%,45.95,49.65,49.35,2174,703,3.09,41.41%,118.66%,-0.86353,2026-08-20
RKLB,72.95,2026-08-21,1,Call,76.00,-4.18%,0.25,0.27,0.31,2256,729,3.09,72.68%,80.83%,0.172407,2026-08-20
SPCX,134,2027-01-15,148,Call,205.00,-52.99%,5.8,5.99,6,3264,1057,3.09,62.49%,65.76%,0.22102,2026-08-20
SPCX,134,2026-09-18,29,Put,230.00,+71.64%,93.3,97.35,99.55,12521,4050,3.09,62.49%,106.72%,-0.9561,2026-08-20
NOW,129.75,2026-08-21,1,Call,131.00,-0.96%,1,1.05,1.05,3224,1047,3.08,52.42%,57.54%,0.382084,2026-08-20
NKE,40.21,2026-08-21,1,Put,45.00,+11.91%,4.7,4.75,5.05,6194,2009,3.08,33.63%,140.34%,-0.932549,2026-08-20
SNDK,1600.62,2026-08-21,1,Call,"1,700.00",-6.21%,4.4,4.6,4.7,13311,4320,3.08,83.23%,95.22%,0.118649,2026-08-20
SNAP,5.21,2026-09-11,22,Call,4.50,+13.63%,0.67,0.7,0.86,505,164,3.08,54.04%,55.20%,0.878001,2026-08-20
UPST,28.86,2026-08-28,8,Call,30.00,-3.95%,0.61,0.6,0.76,683,222,3.08,59.31%,66.72%,0.368869,2026-08-20
SNDK,1600.62,2026-08-21,1,Put,"1,620.00",+1.21%,38.2,41.05,44,1504,489,3.08,83.23%,90.78%,-0.590153,2026-08-20
SMCI,36.5,2026-08-21,1,Call,35.50,+2.74%,1.18,1.25,1.42,1919,624,3.08,75.57%,91.06%,0.728687,2026-08-20
SPCX,134,2027-02-19,183,Put,85.00,-36.57%,3.85,4.15,4.25,2025,657,3.08,62.49%,66.58%,-0.10774,2026-08-20
HPQ,29.47,2026-09-04,15,Call,32.00,-8.59%,0.55,0.79,0.86,595,194,3.07,59.58%,67.57%,0.296313,2026-08-20
AMD,469.45,2026-08-24,4,Call,500.00,-6.51%,0.92,0.99,1.03,1542,503,3.07,54.06%,45.00%,0.095737,2026-08-20
WMT,103.84,2026-09-11,22,Call,120.00,-15.56%,0.07,0.1,0.28,1844,600,3.07,22.30%,34.40%,0.049331,2026-08-20
CIFR,17.21,2026-09-04,15,Call,18.00,-4.59%,1.05,1.15,1.27,3864,1257,3.07,103.91%,106.44%,0.462852,2026-08-20
AMKR,50.86,2026-08-21,1,Put,70.00,+37.63%,18.6,18.92,21,4305,1404,3.07,70.53%,469.47%,-0.880409,2026-08-20
ROST,228.99,2026-08-21,1,Put,215.00,-6.11%,2.35,3.35,3.7,2596,849,3.06,41.91%,176.87%,-0.233283,2026-08-20
SPCX,134,2026-08-28,8,Call,135.00,-0.75%,4.6,4.65,4.7,7209,2356,3.06,62.49%,64.05%,0.490977,2026-08-20
SPCX,134,2026-08-21,1,Put,130.00,-2.99%,0.57,0.59,0.6,57211,18708,3.06,62.49%,71.70%,-0.203627,2026-08-20
COIN,172.35,2026-08-28,8,Put,162.50,-5.72%,2.74,3.27,3.65,581,190,3.06,69.81%,71.80%,-0.269818,2026-08-20
CL,89.7,2028-01-21,519,Call,125.00,-39.35%,1.45,1.85,3.4,665,217,3.06,22.24%,25.26%,0.18593,2026-08-20
EYPT,5.4,2026-09-18,29,Call,7.50,-38.89%,0.15,0.17,0.2,1503,491,3.06,104.67%,116.46%,0.203863,2026-08-20
PDD,89.52,2026-08-21,1,Call,91.00,-1.65%,0.14,0.19,0.2,1313,430,3.05,41.79%,35.06%,0.189695,2026-08-20
META,545.83,2026-08-21,1,Call,560.00,-2.60%,1.07,1.14,1.15,12077,3977,3.04,35.58%,47.84%,0.15682,2026-08-20
SNDK,1600.62,2026-08-21,1,Call,"1,565.00",+2.23%,50.8,54.25,54.3,547,180,3.04,83.23%,95.27%,0.683784,2026-08-20
TSLA,345.13,2026-08-26,6,Call,375.00,-8.65%,0.59,0.61,0.62,621,204,3.04,40.58%,43.28%,0.072495,2026-08-20
WMT,103.84,2026-09-11,22,Call,114.00,-9.78%,0.1,0.2,0.23,770,253,3.04,22.30%,24.01%,0.063387,2026-08-20
HOOD,95.1,2026-08-28,8,Call,96.00,-0.95%,3.15,3.25,3.3,870,286,3.04,61.95%,64.23%,0.482789,2026-08-20
SO,91.43,2026-11-20,92,Call,95.00,-3.90%,1.95,2.16,2.2,1008,332,3.04,17.49%,19.02%,0.364648,2026-08-20
MU,974.33,2026-10-02,43,Put,350.00,-64.08%,0.3,0.41,0.57,537,177,3.03,65.40%,118.64%,-0.003194,2026-08-20
AMD,469.45,2026-09-04,15,Call,540.00,-15.03%,3.05,3.2,3.4,682,225,3.03,54.06%,56.79%,0.125956,2026-08-20
ZVRA,11.89,2027-12-17,484,Call,12.00,-0.93%,1,3.73,6,702,232,3.03,58.80%,61.82%,0.662253,2026-08-20
INTC,92.13,2026-08-26,6,Call,98.00,-6.37%,0.81,0.87,0.96,802,265,3.03,62.34%,60.04%,0.224372,2026-08-20
FLY,23.63,2026-08-21,1,Put,33.00,+39.65%,8.7,10.2,10.2,850,281,3.02,87.19%,361.63%,-0.952615,2026-08-20
ROST,228.99,2026-08-21,1,Put,225.00,-1.74%,4.9,7.15,7.5,1076,356,3.02,41.91%,169.79%,-0.403996,2026-08-20
QXO,13.34,2026-08-21,1,Call,13.50,-1.20%,0.1,0.2,0.2,1165,386,3.02,60.51%,78.63%,0.394829,2026-08-20
MSFT,481.15,2026-12-18,120,Call,690.00,-43.41%,0.63,0.87,1.08,1682,557,3.02,26.37%,30.58%,0.028001,2026-08-20
APLD,28.65,2026-08-21,1,Put,35.00,+22.16%,5.05,6.8,7.7,2879,953,3.02,86.88%,191.55%,-0.974428,2026-08-20
SEI,54.24,2026-08-21,1,Put,75.00,+38.27%,19.8,22.1,22.3,3021,1003,3.01,78.48%,385.62%,-0.933826,2026-08-20
AAOI,129.1,2026-08-28,8,Call,155.00,-20.06%,1.45,1.78,1.75,541,180,3.01,104.07%,111.73%,0.154363,2026-08-20
KTOS,56.18,2026-08-21,1,Put,65.00,+15.70%,6.8,8.81,10.4,789,262,3.01,61.54%,120.34%,-0.989406,2026-08-20
PDD,89.52,2026-09-18,29,Put,135.00,+50.80%,44.15,46,46,923,307,3.01,41.79%,93.61%,-0.927461,2026-08-20
T,25.15,2026-09-18,29,Put,29.00,+15.31%,3.3,3.83,4.5,1037,345,3.01,24.20%,30.55%,-0.944458,2026-08-20
Z,35.72,2027-01-15,148,Put,80.00,+123.96%,42.7,43.75,46.1,600,200,3,48.22%,78.80%,-0.94554,2026-08-20
GSL,43.38,2026-08-21,1,Call,42.00,+3.18%,1.15,1.5,1.95,676,225,3,21.35%,71.56%,0.810814,2026-08-20
TSLA,345.13,2026-08-26,6,Call,365.00,-5.76%,1.38,1.36,1.42,836,279,3,40.58%,40.98%,0.152027,2026-08-20
TTD,13.32,2026-09-18,29,Put,32.50,+143.99%,18,19.65,20.4,942,314,3,53.74%,150.96%,-0.977068,2026-08-20
TTD,13.32,2027-01-15,148,Put,47.50,+256.61%,34,34,34.95,952,317,3,53.74%,135.74%,-0.876557,2026-08-20
AMD,469.45,2026-08-24,4,Put,450.00,-4.14%,2.11,2.19,2.33,1091,364,3,54.06%,45.55%,-0.179054,2026-08-20
TSLA,345.13,2026-08-26,6,Put,335.00,-2.94%,2.69,2.76,2.75,1424,475,3,40.58%,38.20%,-0.259925,2026-08-20
NKE,40.21,2026-08-21,1,Put,47.50,+18.13%,6.6,7.1,7.5,1436,479,3,33.63%,136.08%,-0.989322,2026-08-20
MSFT,481.15,2026-08-21,1,Put,472.50,-1.80%,0.46,0.54,0.58,3140,1045,3,26.37%,31.23%,-0.130842,2026-08-20
BULL,8.85,2027-01-15,148,Put,25.00,+182.49%,15.05,16.41,17.8,5164,1721,3,59.84%,122.94%,-0.843187,2026-08-20
AMZN,260.11,2026-08-28,8,Put,260.00,-0.04%,4.2,4.3,4.45,6052,2027,2.99,29.42%,29.11%,-0.481713,2026-08-20
TMUS,181.22,2026-08-21,1,Put,200.00,+10.36%,16.8,19.1,19.5,524,175,2.99,28.71%,122.35%,-0.934196,2026-08-20
ASTS,65.06,2026-08-21,1,Call,64.00,+1.63%,1.67,1.74,1.82,532,178,2.99,76.09%,84.09%,0.654518,2026-08-20
TSLA,345.13,2026-08-26,6,Call,347.50,-0.69%,5.75,5.75,5.85,848,284,2.99,40.58%,38.56%,0.45951,2026-08-20
GSL,43.38,2026-09-18,29,Call,41.00,+5.49%,1.85,2.85,3.1,910,304,2.99,21.35%,17.80%,0.879245,2026-08-20
TSLA,345.13,2026-08-24,4,Call,365.00,-5.76%,0.47,0.46,0.49,2166,725,2.99,40.58%,37.25%,0.079896,2026-08-20
TM,192.24,2026-08-21,1,Call,190.00,+1.17%,1.7,2.34,2.8,518,174,2.98,23.78%,12.19%,0.969851,2026-08-20
XYZ,80.08,2026-08-28,8,Call,82.00,-2.40%,0.85,1,1.04,1105,371,2.98,36.31%,35.86%,0.342788,2026-08-20
WMT,103.84,2026-11-20,92,Call,110.00,-5.93%,3.15,3.3,3.35,2800,941,2.98,22.30%,25.94%,0.373082,2026-08-20
COIN,172.35,2026-08-21,1,Put,160.00,-7.17%,0.15,0.17,0.19,12407,4175,2.97,69.81%,87.88%,-0.050351,2026-08-20
BABA,130.53,2026-08-28,8,Call,133.00,-1.89%,2.2,2.42,2.46,1275,430,2.97,40.40%,43.96%,0.399544,2026-08-20
COIN,172.35,2026-08-21,1,Put,162.50,-5.72%,0.3,0.35,0.4,1622,546,2.97,69.81%,86.92%,-0.093703,2026-08-20
DOW,32.9,2026-08-21,1,Call,33.00,-0.30%,0.23,0.3,0.4,2591,876,2.96,40.35%,52.77%,0.461503,2026-08-20
IONQ,41.53,2026-08-21,1,Put,60.00,+44.47%,18.25,18.3,18.75,10438,3532,2.96,78.16%,311.13%,-0.985541,2026-08-20
WMT,103.84,2026-08-21,1,Put,104.00,+0.15%,0.95,0.95,1,17579,5942,2.96,22.30%,41.31%,-0.522985,2026-08-20
RDDT,150.31,2026-08-21,1,Call,150.00,+0.21%,2.11,2.33,2.43,4092,1388,2.95,56.73%,67.10%,0.531557,2026-08-20
MSTR,112.39,2026-08-21,1,Call,120.00,-6.77%,0.6,0.61,0.61,28595,9682,2.95,78.08%,123.08%,0.162718,2026-08-20
RDDT,150.31,2026-08-28,8,Call,157.50,-4.78%,2.25,2.34,2.61,1041,353,2.95,56.73%,57.47%,0.309469,2026-08-20
NOW,129.75,2026-08-21,1,Call,136.00,-4.82%,0.13,0.2,0.2,514,175,2.94,52.42%,64.22%,0.083818,2026-08-20
FLY,23.63,2026-08-21,1,Put,30.00,+26.96%,5.2,6.64,7.1,1540,524,2.94,87.19%,370.92%,-0.871243,2026-08-20
IBKR,89.85,2028-01-21,519,Put,65.00,-27.66%,3.1,5.4,7.5,2565,872,2.94,35.87%,43.51%,-0.166834,2026-08-20
AVGO,364.03,2026-08-21,1,Call,370.00,-1.64%,1.12,1.11,1.24,7671,2606,2.94,50.42%,43.64%,0.242781,2026-08-20
AAPL,311.3,2026-08-21,1,Put,315.00,+1.19%,4.05,4.35,4.4,58535,19918,2.94,25.01%,27.95%,-0.787435,2026-08-20
BTDR,10.43,2026-10-16,57,Call,12.00,-15.05%,1.1,1.2,1.3,3861,1316,2.93,104.14%,106.15%,0.455897,2026-08-20
SPCX,134,2026-08-21,1,Put,126.00,-5.97%,0.12,0.13,0.14,5804,1982,2.93,62.49%,75.36%,-0.056756,2026-08-20
META,545.83,2026-08-21,1,Put,620.00,+13.59%,72.1,81.35,75.6,7008,2391,2.93,35.58%,257.34%,-0.81012,2026-08-20
FN,444.87,2026-08-21,1,Put,520.00,+16.89%,71.6,71.51,80.9,1834,627,2.93,64.46%,188.63%,-0.937231,2026-08-20
SPCX,134,2026-08-28,8,Call,141.00,-5.22%,2.53,2.54,2.59,2219,757,2.93,62.49%,65.43%,0.3195,2026-08-20
RELY,24.71,2026-10-16,57,Call,27.00,-9.27%,0.65,0.8,0.95,502,172,2.92,40.15%,40.73%,0.332055,2026-08-20
BRK.B,496.86,2026-12-18,120,Put,425.00,-14.46%,1.9,2.16,2.35,843,289,2.92,13.72%,21.21%,-0.075051,2026-08-20
UNH,384.85,2026-08-21,1,Call,392.50,-1.99%,0.35,0.38,0.46,1477,505,2.92,28.21%,32.47%,0.1255,2026-08-20
PENG,51.14,2026-08-21,1,Put,75.00,+46.66%,23,24,25.2,2223,762,2.92,87.32%,427.38%,-0.945261,2026-08-20
INTC,92.13,2026-08-21,1,Call,94.00,-2.03%,0.52,0.55,0.58,7749,2653,2.92,62.34%,65.35%,0.285017,2026-08-20
MRNA,133.32,2026-08-21,1,Call,165.00,-23.76%,0.52,0.58,0.64,2757,949,2.91,109.77%,267.70%,0.073426,2026-08-20
MU,974.33,2026-08-21,1,Put,900.00,-7.63%,0.43,0.46,0.49,17553,6031,2.91,65.40%,80.70%,-0.028601,2026-08-20
FLEX,110.32,2026-08-21,1,Put,135.00,+22.37%,20.5,21.8,28.9,614,211,2.91,62.57%,159.87%,-0.991671,2026-08-20
CG,47.99,2026-09-18,29,Put,42.50,-11.44%,0.3,0.4,0.55,1020,350,2.91,39.85%,42.22%,-0.138681,2026-08-20
COIN,172.35,2026-09-04,15,Call,195.00,-13.14%,3.45,3.58,4,591,204,2.9,69.81%,78.65%,0.24652,2026-08-20
TPR,129.82,2026-08-21,1,Put,150.00,+15.54%,20,21.8,21.8,1607,554,2.9,32.76%,214.09%,-0.891269,2026-08-20
TSLA,345.13,2026-08-21,1,Put,355.00,+2.86%,10.05,10.13,10.45,6305,2172,2.9,40.58%,43.23%,-0.891719,2026-08-20
PYPL,62.3,2026-08-21,1,Put,61.00,-2.09%,0.13,0.23,0.45,2525,874,2.89,34.43%,60.08%,-0.245579,2026-08-20
KTOS,56.18,2026-08-21,1,Put,67.50,+20.15%,9.2,10.11,12.8,920,318,2.89,61.54%,146.91%,-0.991159,2026-08-20
LUV,39.89,2026-12-18,120,Call,42.50,-6.54%,2.45,2.8,2.87,920,318,2.89,37.60%,39.74%,0.443873,2026-08-20
XRX,2.84,2028-09-15,757,Call,2.00,+29.58%,1.25,1.75,2.2,1000,346,2.89,83.26%,107.32%,0.808537,2026-08-20
WULF,16.45,2026-08-28,8,Call,16.50,-0.30%,0.79,0.84,0.89,673,234,2.88,89.17%,91.97%,0.507476,2026-08-20
CLSK,12.6,2026-09-04,15,Call,12.50,+0.79%,0.82,0.86,1.15,1500,520,2.88,89.99%,91.29%,0.557112,2026-08-20
META,545.83,2026-08-21,1,Call,540.00,+1.07%,7.8,8.2,9.05,3834,1331,2.88,35.58%,43.58%,0.686571,2026-08-20
BULL,8.85,2026-08-28,8,Call,9.50,-7.34%,0.12,0.13,0.13,4048,1408,2.88,59.84%,66.20%,0.252644,2026-08-20
SPCX,134,2026-08-21,1,Call,142.00,-5.97%,0.23,0.25,0.25,6518,2269,2.87,62.49%,81.76%,0.091525,2026-08-20
RDDT,150.31,2026-08-21,1,Put,180.00,+19.75%,28.6,34.33,31.25,1737,605,2.87,56.73%,193.05%,-0.958696,2026-08-20
TSM,416,2026-08-28,8,Put,407.50,-2.04%,4.3,4.72,5,597,209,2.86,34.68%,34.13%,-0.328226,2026-08-20
SKHY,163.08,2026-11-20,92,Put,105.00,-35.61%,3,3.2,3.7,1038,363,2.86,73.65%,79.51%,-0.092684,2026-08-20
BRK.B,496.86,2026-08-21,1,Call,502.50,-1.14%,0.25,0.32,0.35,1233,431,2.86,13.72%,18.55%,0.125603,2026-08-20
SNDK,1600.62,2026-08-21,1,Put,"1,440.00",-10.03%,0.5,0.6,0.6,1369,479,2.86,83.23%,97.80%,-0.018171,2026-08-20
AMSC,30.05,2026-08-21,1,Put,37.00,+23.13%,5.9,5.81,7.6,1708,598,2.86,67.36%,174.76%,-0.987464,2026-08-20
MSTR,112.39,2026-08-28,8,Call,125.00,-11.22%,1.96,1.98,2.13,4534,1585,2.86,78.08%,92.40%,0.240947,2026-08-20
HIVE,3.13,2026-09-18,29,Call,4.00,-27.80%,0.1,0.13,0.15,27776,9712,2.86,100.64%,106.50%,0.255451,2026-08-20
NVDA,216.85,2026-08-24,4,Put,215.00,-0.85%,1.59,1.65,1.64,20798,7305,2.85,40.45%,27.23%,-0.372534,2026-08-20
CBRS,209.85,2026-08-21,1,Call,215.00,-2.45%,2.1,2.23,2.85,553,194,2.85,91.25%,103.52%,0.337757,2026-08-20
TSLA,345.13,2026-08-31,11,Call,347.50,-0.69%,8.25,8.3,8.45,568,199,2.85,40.58%,38.85%,0.479449,2026-08-20
MRNA,133.32,2026-09-18,29,Put,140.00,+5.01%,19.3,20.11,21,621,218,2.85,109.77%,109.88%,-0.498549,2026-08-20
AMZN,260.11,2026-08-21,1,Call,247.50,+4.85%,12.4,13.87,13.05,1755,615,2.85,29.42%,51.88%,0.967642,2026-08-20
IOVA,8.99,2026-08-28,8,Call,8.00,+11.01%,1.05,1.42,1.5,516,182,2.84,101.71%,132.11%,0.757566,2026-08-20
AMD,469.45,2026-08-21,1,Put,442.50,-5.74%,0.25,0.29,0.32,539,190,2.84,54.06%,66.31%,-0.042383,2026-08-20
LRCX,310.53,2026-08-21,1,Put,370.00,+19.15%,58.45,59.55,61.4,866,305,2.84,60.35%,186.46%,-0.959838,2026-08-20
RDDT,150.31,2026-08-28,8,Call,150.00,+0.21%,5.1,5.16,5.3,1057,372,2.84,56.73%,56.22%,0.530284,2026-08-20
NVO,46.14,2026-08-21,1,Put,52.50,+13.78%,6.15,6.1,6.6,1710,603,2.84,31.53%,108.48%,-0.987494,2026-08-20
TSLA,345.13,2026-08-26,6,Call,350.00,-1.41%,4.75,4.77,4.85,4258,1497,2.84,40.58%,38.72%,0.40306,2026-08-20
NBIS,220.11,2026-08-21,1,Call,227.50,-3.36%,2.05,2.11,2.27,839,296,2.83,90.87%,107.12%,0.287994,2026-08-20
RDDT,150.31,2026-12-18,120,Call,240.00,-59.67%,3.25,3.75,4.4,646,229,2.82,56.73%,65.46%,0.152601,2026-08-20
MU,974.33,2026-08-28,8,Call,960.00,+1.47%,44.2,46.65,47.4,866,307,2.82,65.40%,66.20%,0.582452,2026-08-20
FLO,7.1,2026-09-18,29,Call,7.50,-5.63%,0.15,0.25,0.3,1954,694,2.82,57.27%,48.78%,0.363251,2026-08-20
UNH,384.85,2027-01-15,148,Put,370.00,-3.86%,22.55,23.15,24.65,3045,1081,2.82,28.21%,32.96%,-0.373964,2026-08-20
MRVL,251.01,2026-09-04,15,Call,280.00,-11.55%,9.05,9.1,9.15,5295,1876,2.82,81.78%,94.69%,0.320629,2026-08-20
AMZN,260.11,2026-08-21,1,Put,262.50,+0.92%,3.05,3.12,3.3,19792,7014,2.82,29.42%,31.91%,-0.703904,2026-08-20
STM,49.92,2026-08-21,1,Put,65.00,+30.21%,14.9,14.7,15.4,854,305,2.8,52.68%,258.02%,-0.970576,2026-08-20
PYPL,62.3,2026-08-28,8,Put,58.00,-6.90%,0.1,0.17,0.24,2874,1025,2.8,34.43%,38.62%,-0.098675,2026-08-20
SPCX,134,2026-08-21,1,Call,140.00,-4.48%,0.4,0.42,0.42,40499,14468,2.8,62.49%,78.21%,0.147497,2026-08-20
MU,974.33,2026-08-21,1,Put,935.00,-4.04%,2.83,2.71,2.95,6342,2273,2.79,65.40%,75.57%,-0.143694,2026-08-20
MSFT,481.15,2026-08-24,4,Call,485.00,-0.80%,2.48,2.65,3,684,245,2.79,26.37%,21.52%,0.371208,2026-08-20
AAP,42.39,2026-08-21,1,Put,54.00,+27.39%,11.3,13.5,13.5,1413,507,2.79,50.82%,433.53%,-0.829763,2026-08-20
GNLX,2.74,2026-08-21,1,Put,2.50,-8.76%,0.1,0.15,0.15,2105,754,2.79,479.82%,412.39%,-0.296996,2026-08-20
COIN,172.35,2026-09-11,22,Call,205.00,-18.94%,3.35,3.12,4.05,545,197,2.77,69.81%,78.51%,0.214051,2026-08-20
INTC,92.13,2026-08-24,4,Call,96.00,-4.20%,0.58,0.59,0.63,1357,490,2.77,62.34%,49.72%,0.224197,2026-08-20
SPCX,134,2026-08-21,1,Put,134.00,0.00%,2,2.03,2.03,9109,3289,2.77,62.49%,72.23%,-0.491596,2026-08-20
SPCX,134,2026-08-21,1,Call,146.00,-8.96%,0.09,0.1,0.1,5513,1996,2.76,62.49%,90.91%,0.03783,2026-08-20
DEFT,0.5149,2026-09-18,29,Call,0.5000,+2.89%,0.05,0.1,0.1,744,270,2.76,117.48%,117.27%,0.603665,2026-08-20
TSLA,345.13,2026-08-24,4,Call,337.50,+2.21%,9.45,8.62,9.9,862,312,2.76,40.58%,33.92%,0.74496,2026-08-20
INTC,92.13,2026-08-28,8,Call,92.50,-0.40%,3.25,3.36,3.45,1653,600,2.76,62.34%,64.28%,0.504954,2026-08-20
RDDT,150.31,2026-08-21,1,Put,147.00,-2.20%,0.7,0.84,0.89,873,318,2.75,56.73%,65.74%,-0.252406,2026-08-20
BULL,8.85,2027-02-19,183,Call,12.50,-41.24%,0.52,0.56,0.65,1433,521,2.75,59.84%,61.28%,0.297079,2026-08-20
BABA,130.53,2026-08-28,8,Call,127.00,+2.70%,4.7,4.8,5.95,807,295,2.74,40.40%,42.80%,0.67902,2026-08-20
GFI,45.45,2026-09-18,29,Put,40.00,-11.99%,0.75,1.04,1.35,1476,539,2.74,59.54%,62.09%,-0.212537,2026-08-20
AAL,13.52,2026-08-28,8,Put,13.00,-3.85%,0.11,0.11,0.13,1775,649,2.73,44.53%,40.17%,-0.244452,2026-08-20
GOOGL,340.67,2026-08-28,8,Call,347.50,-2.00%,2.85,2.95,3.2,3498,1281,2.73,28.21%,28.17%,0.330842,2026-08-20
MSTR,112.39,2026-08-21,1,Call,117.00,-4.10%,1,1.01,1.14,4920,1799,2.73,78.08%,116.37%,0.265017,2026-08-20
NOW,129.75,2026-08-21,1,Put,128.00,-1.35%,0.75,0.8,0.85,2456,902,2.72,52.42%,56.54%,-0.316799,2026-08-20
TSLA,345.13,2026-08-24,4,Put,337.50,-2.21%,1.82,1.83,1.85,4173,1532,2.72,40.58%,33.23%,-0.251373,2026-08-20
MRNA,133.32,2026-08-21,1,Put,120.00,-9.99%,1.21,1.3,1.3,42268,15565,2.72,109.77%,210.20%,-0.155611,2026-08-20
POWL,197.4,2026-08-21,1,Put,233.33,+18.20%,31.9,37.3,39.7,779,286,2.72,64.21%,252.40%,-0.88488,2026-08-20
MOD,190.74,2026-08-21,1,Put,240.00,+25.83%,47.8,50.27,51.1,1543,568,2.72,69.54%,218.75%,-0.974545,2026-08-20
NBIS,220.11,2026-11-20,92,Put,210.00,-4.59%,34.25,36,36.9,1935,712,2.72,90.87%,97.10%,-0.361209,2026-08-20
RYN,21.28,2026-11-20,92,Put,30.00,+40.98%,7.8,8.59,9.9,625,231,2.71,23.67%,44.33%,-0.920959,2026-08-20
MARA,11.15,2027-10-15,421,Call,15.00,-34.53%,2.64,3.15,3.65,656,242,2.71,87.96%,86.96%,0.579044,2026-08-20
HIMS,31.86,2026-09-11,22,Put,25.00,-21.53%,0.14,0.17,0.37,657,242,2.71,74.34%,77.80%,-0.084488,2026-08-20
XPEV,12,2026-08-28,8,Put,12.00,0.00%,0.49,0.56,0.72,1886,697,2.71,57.72%,86.05%,-0.472614,2026-08-20
UNH,384.85,2026-08-21,1,Call,390.00,-1.34%,0.71,0.81,0.93,3847,1417,2.71,28.21%,32.48%,0.220184,2026-08-20
SPCX,134,2026-09-04,15,Call,165.00,-23.13%,0.66,0.71,0.71,4903,1809,2.71,62.49%,70.08%,0.083282,2026-08-20
AAPL,311.3,2026-08-21,1,Put,310.00,-0.42%,1.31,1.35,1.38,30938,11455,2.7,25.01%,29.84%,-0.389488,2026-08-20
CRCL,83.66,2026-09-11,22,Put,85.00,+1.60%,6.95,8.09,8.35,602,223,2.7,85.88%,85.54%,-0.485163,2026-08-20
EOSE,3.46,2026-09-18,29,Put,3.00,-13.29%,0.13,0.16,0.17,1585,586,2.7,100.18%,92.19%,-0.245559,2026-08-20
TSLA,345.13,2026-08-28,8,Call,357.50,-3.58%,3.9,3.9,4,702,261,2.69,40.58%,41.90%,0.300173,2026-08-20
INTC,92.13,2026-08-24,4,Call,97.00,-5.29%,0.41,0.44,0.46,1341,498,2.69,62.34%,50.21%,0.171696,2026-08-20
SNDK,1600.62,2026-08-28,8,Call,"1,600.00",+0.04%,81,83.1,87.1,1454,541,2.69,83.23%,88.02%,0.529588,2026-08-20
DKNG,25.03,2026-12-18,120,Put,45.00,+79.78%,19.05,19.97,20.6,1591,592,2.69,46.78%,0.00%,-1.,2026-08-20
CRWV,89.76,2026-08-21,1,Call,93.00,-3.61%,0.45,0.53,0.5,1824,678,2.69,76.12%,83.70%,0.21612,2026-08-20
CRWV,89.76,2026-08-21,1,Call,92.00,-2.50%,0.68,0.7,0.77,3035,1131,2.68,76.12%,84.27%,0.296472,2026-08-20
AMD,469.45,2026-08-21,1,Put,520.00,+10.77%,50,50.47,52,5429,2022,2.68,54.06%,112.61%,-0.95621,2026-08-20
LRCX,310.53,2026-08-21,1,Call,325.00,-4.66%,0.31,0.53,0.64,681,254,2.68,60.35%,65.71%,0.096024,2026-08-20
MRNA,133.32,2026-12-18,120,Call,190.00,-42.51%,14.4,15.2,17.5,952,355,2.68,109.77%,103.03%,0.388609,2026-08-20
S,20.94,2026-08-21,1,Put,21.00,+0.29%,0.05,0.25,0.4,2120,792,2.68,71.70%,44.43%,-0.543009,2026-08-20
MU,974.33,2026-08-26,6,Call,"1,050.00",-7.77%,7.25,7.95,8.15,545,204,2.67,65.40%,62.34%,0.187127,2026-08-20
ALAB,290.52,2027-01-15,148,Put,190.00,-34.60%,14.15,15.58,16.1,550,206,2.67,83.27%,86.32%,-0.141879,2026-08-20
NEE,85.03,2026-08-28,8,Put,85.00,-0.04%,1.09,1.39,1.44,680,255,2.67,20.73%,25.63%,-0.48709,2026-08-20
AMD,469.45,2026-08-26,6,Call,500.00,-6.51%,2.83,2.82,3.05,733,275,2.67,54.06%,51.43%,0.180344,2026-08-20
GOOGL,340.67,2026-09-11,22,Put,300.00,-11.94%,0.43,0.58,0.78,1058,396,2.67,28.21%,32.92%,-0.050854,2026-08-20
TSLA,345.13,2026-08-24,4,Put,330.00,-4.38%,0.63,0.64,0.65,2381,891,2.67,40.58%,34.89%,-0.104622,2026-08-20
COIN,172.35,2026-08-21,1,Call,180.00,-4.44%,1.08,1.11,1.15,14901,5579,2.67,69.81%,102.30%,0.216938,2026-08-20
BABA,130.53,2026-08-21,1,Call,132.00,-1.13%,1.13,1.18,1.22,4282,1609,2.66,40.40%,66.24%,0.380038,2026-08-20
BMNR,21.57,2026-08-21,1,Call,21.50,+0.32%,0.47,0.48,0.49,8525,3200,2.66,79.25%,98.55%,0.536111,2026-08-20
MSFT,481.15,2026-08-21,1,Call,485.00,-0.80%,1.38,1.35,1.5,10294,3871,2.66,26.37%,29.39%,0.306639,2026-08-20
OMER,18.63,2028-01-21,519,Put,17.00,-8.75%,4.4,4.5,4.9,603,227,2.66,65.08%,71.93%,-0.282548,2026-08-20
GOOG,338.2,2026-08-28,8,Call,342.50,-1.27%,3.6,3.71,3.9,1641,616,2.66,28.06%,27.57%,0.39316,2026-08-20
AMD,469.45,2026-08-21,1,Call,487.50,-3.84%,0.87,0.89,0.98,1707,642,2.66,54.06%,61.58%,0.124842,2026-08-20
MU,974.33,2026-08-21,1,Put,885.00,-9.17%,0.2,0.21,0.25,2158,811,2.66,65.40%,85.04%,-0.014466,2026-08-20
AMZN,260.11,2026-08-24,4,Put,260.00,-0.04%,2.44,2.44,2.64,1365,515,2.65,29.42%,24.31%,-0.483385,2026-08-20
UBER,78.55,2026-08-21,1,Put,79.00,+0.57%,0.79,0.86,0.93,1372,517,2.65,33.97%,37.27%,-0.609988,2026-08-20
SNDK,1600.62,2026-08-21,1,Call,"1,570.00",+1.91%,47.9,50.56,49.3,1481,558,2.65,83.23%,93.05%,0.663868,2026-08-20
ECHO,86.92,2026-08-28,8,Call,90.00,-3.54%,0.75,1.07,1.2,589,223,2.64,45.33%,41.24%,0.299139,2026-08-20
DELL,434.78,2026-08-21,1,Put,415.00,-4.55%,0.79,0.86,0.84,1030,390,2.64,78.94%,71.61%,-0.10327,2026-08-20
COIN,172.35,2026-10-16,57,Call,185.00,-7.34%,14.05,14.35,14.8,1248,472,2.64,69.81%,70.31%,0.462088,2026-08-20
EOSE,3.46,2026-09-25,36,Call,1.00,+71.10%,2.12,2.37,2.55,1431,542,2.64,100.18%,186.52%,0.992198,2026-08-20
DASH,222.36,2026-08-21,1,Call,230.00,-3.44%,0.1,0.13,0.45,2011,762,2.64,38.87%,49.90%,0.10088,2026-08-20
UUUU,13.9,2026-09-11,22,Call,15.00,-7.91%,0.44,0.5,0.68,579,220,2.63,70.76%,71.20%,0.368483,2026-08-20
AVGO,364.03,2026-08-21,1,Call,372.50,-2.33%,0.66,0.75,0.75,1821,693,2.63,50.42%,43.83%,0.161636,2026-08-20
APP,308.77,2026-08-28,8,Call,330.00,-6.88%,2.7,3.25,3.5,1324,506,2.62,55.92%,55.12%,0.222299,2026-08-20
COIN,172.35,2027-12-17,484,Put,120.00,-30.37%,22.15,23.36,25,2506,957,2.62,69.81%,74.35%,-0.1849,2026-08-20
BE,202.48,2026-08-21,1,Put,240.00,+18.53%,36.95,37.52,38.2,9573,3647,2.62,86.81%,143.65%,-0.987381,2026-08-20
NVDA,216.85,2026-08-24,4,Put,225.00,+3.76%,7.4,8.25,8.45,5892,2259,2.61,40.45%,23.02%,-0.93919,2026-08-20
META,545.83,2026-08-24,4,Put,540.00,-1.07%,4,4.25,4.45,622,238,2.61,35.58%,30.04%,-0.356841,2026-08-20
GOOGL,340.67,2026-09-04,15,Call,340.00,+0.20%,8.15,8.25,9.15,722,277,2.61,28.21%,29.34%,0.534269,2026-08-20
AMD,469.45,2026-08-21,1,Put,447.50,-4.68%,0.49,0.48,0.54,864,331,2.61,54.06%,63.74%,-0.072815,2026-08-20
AAPL,311.3,2026-09-11,22,Put,310.00,-0.42%,6.5,6.2,6.95,1236,474,2.61,25.01%,25.03%,-0.450747,2026-08-20
SPCX,134,2026-08-28,8,Call,146.00,-8.96%,1.49,1.51,1.55,2176,835,2.61,62.49%,67.25%,0.210747,2026-08-20
GLXY,23.47,2026-08-28,8,Call,22.50,+4.13%,1.25,1.35,2.42,1124,432,2.6,86.05%,94.49%,0.647066,2026-08-20
MSTR,112.39,2026-08-21,1,Put,110.00,-2.13%,1.29,1.32,1.34,13909,5357,2.6,78.08%,99.95%,-0.330423,2026-08-20
AMZN,260.11,2026-08-21,1,Put,257.50,-1.00%,0.75,0.79,0.8,14605,5609,2.6,29.42%,33.17%,-0.276017,2026-08-20
EXE,96.07,2026-09-18,29,Call,100.00,-4.09%,1.8,2.04,2.1,6697,2583,2.59,30.32%,32.18%,0.349231,2026-08-20
CRWV,89.76,2026-08-21,1,Put,120.00,+33.69%,30.05,30.21,30.35,551,213,2.59,76.12%,210.96%,-0.995438,2026-08-20
APTV,47.03,2026-08-21,1,Put,52.50,+11.63%,4.6,4.51,6,826,319,2.59,40.65%,94.95%,-0.985992,2026-08-20
DVN,49.3,2028-01-21,519,Put,45.00,-8.72%,4.55,5.63,6.55,580,225,2.58,34.32%,36.30%,-0.314238,2026-08-20
ONDS,8.38,2026-09-11,22,Put,10.00,+19.33%,1.74,1.86,1.92,584,226,2.58,79.27%,87.15%,-0.763194,2026-08-20
WDAY,197.32,2026-09-04,15,Put,200.00,+1.36%,9.1,11.05,13,596,231,2.58,52.31%,61.03%,-0.515213,2026-08-20
WYFI,21.16,2026-08-21,1,Call,20.00,+5.48%,1.1,1.3,1.9,687,266,2.58,106.86%,183.07%,0.738074,2026-08-20
TSLA,345.13,2026-08-28,8,Put,340.00,-1.49%,5.7,5.75,5.8,3976,1544,2.58,40.58%,40.33%,-0.385207,2026-08-20
PURR,10.08,2026-08-21,1,Call,9.50,+5.75%,0.65,0.68,0.95,9336,3621,2.58,123.68%,220.96%,0.716055,2026-08-20
MRNA,133.32,2026-08-21,1,Call,145.00,-8.76%,2.2,2.3,2.55,4592,1789,2.57,109.77%,228.81%,0.260888,2026-08-20
CRWV,89.76,2028-06-16,666,Put,35.00,-61.01%,6,6.1,6.45,5658,2198,2.57,76.12%,86.86%,-0.074918,2026-08-20
NVDA,216.85,2026-08-24,4,Call,200.00,+7.77%,16.75,17.09,17.9,821,319,2.57,40.45%,54.28%,0.927537,2026-08-20
CRCL,83.66,2026-08-28,8,Put,75.00,-10.35%,1,1.1,1.22,865,336,2.57,85.88%,86.94%,-0.17905,2026-08-20
PLTR,173.96,2026-08-21,1,Put,200.00,+14.97%,25.25,25.35,26.4,537,210,2.56,46.62%,105.11%,-0.994719,2026-08-20
SNAP,5.21,2026-09-18,29,Put,9.00,+72.74%,3.65,3.87,4,800,313,2.56,54.04%,119.13%,-0.9322,2026-08-20
WVE,5.25,2027-06-17,301,Call,8.00,-52.38%,0.05,1.35,1.55,900,351,2.56,72.78%,77.94%,0.422758,2026-08-20
TGTX,50.56,2026-09-18,29,Call,60.00,-18.67%,0.65,0.95,1.5,707,277,2.55,46.11%,67.43%,0.21459,2026-08-20
BMNR,21.57,2026-09-11,22,Call,23.00,-6.63%,1.03,1.07,1.16,745,292,2.55,79.25%,78.00%,0.409518,2026-08-20
NVDA,216.85,2026-10-02,43,Put,220.00,+1.45%,12.55,12.75,13.15,817,320,2.55,40.45%,38.87%,-0.508165,2026-08-20
INTC,92.13,2026-08-21,1,Call,92.50,-0.40%,1.02,1.04,1.11,6245,2453,2.55,62.34%,64.21%,0.460188,2026-08-20
SPCX,134,2026-08-21,1,Call,139.00,-3.73%,0.53,0.54,0.56,5520,2175,2.54,62.49%,76.96%,0.187552,2026-08-20
ONON,29.9,2026-08-21,1,Put,34.00,+13.71%,3.75,4.45,4.45,1058,417,2.54,38.11%,248.32%,-0.822102,2026-08-20
AKAM,110.09,2026-08-21,1,Put,125.00,+13.54%,13,15.34,16.3,1360,535,2.54,49.80%,178.49%,-0.905418,2026-08-20
MRNA,133.32,2026-09-18,29,Put,85.00,-36.24%,1.04,1.1,1.28,628,248,2.53,109.77%,112.68%,-0.05656,2026-08-20
ORCL,142.07,2026-09-04,15,Put,125.00,-12.02%,0.9,0.98,1.02,2095,827,2.53,69.89%,55.89%,-0.116191,2026-08-20
NVDA,216.85,2026-08-24,4,Put,207.50,-4.31%,0.28,0.3,0.3,3781,1493,2.53,40.45%,31.55%,-0.08678,2026-08-20
LRCX,310.53,2026-08-21,1,Put,350.00,+12.71%,38.1,41.32,41.4,3999,1583,2.53,60.35%,126.10%,-0.962684,2026-08-20
MSFT,481.15,2026-08-21,1,Put,477.50,-0.76%,1.36,1.45,1.5,4247,1677,2.53,26.37%,29.06%,-0.304027,2026-08-20
INTC,92.13,2026-08-21,1,Put,110.00,+19.40%,17.2,17.59,19.05,15367,6063,2.53,62.34%,212.13%,-0.938438,2026-08-20
NVDA,216.85,2026-08-24,4,Call,220.00,-1.45%,1.26,1.24,1.3,34475,13637,2.53,40.45%,27.69%,0.318732,2026-08-20
HIVE,3.13,2026-09-25,36,Call,4.00,-27.80%,0.1,0.14,0.2,659,261,2.52,100.64%,103.14%,0.279612,2026-08-20
MRNA,133.32,2026-08-28,8,Put,150.00,+12.51%,20.75,22.01,23.5,911,361,2.52,109.77%,144.71%,-0.67034,2026-08-20
MRNA,133.32,2026-08-28,8,Call,160.00,-20.01%,3.1,3.58,3.9,1326,527,2.52,109.77%,145.69%,0.231362,2026-08-20
RIVN,16.01,2026-09-25,36,Call,16.50,-3.06%,0.59,0.94,1,712,284,2.51,53.98%,49.01%,0.462087,2026-08-20
AMD,469.45,2026-08-28,8,Call,465.00,+0.95%,16.95,18.03,18.7,724,288,2.51,54.06%,55.45%,0.566276,2026-08-20
GMAB,33.41,2026-11-20,92,Call,35.00,-4.76%,0.85,3,3.1,870,346,2.51,40.45%,37.50%,0.459656,2026-08-20
NOW,129.75,2026-08-21,1,Put,127.00,-2.12%,0.52,0.53,0.57,1338,533,2.51,52.42%,57.83%,-0.233942,2026-08-20
BA,215.1,2026-08-28,8,Call,225.00,-4.60%,0.79,0.92,0.95,1549,618,2.51,30.38%,30.98%,0.168739,2026-08-20
MRNA,133.32,2026-08-21,1,Call,180.00,-35.01%,0.22,0.28,0.28,9507,3795,2.51,109.77%,297.89%,0.032399,2026-08-20
NVDA,216.85,2026-08-21,1,Put,227.50,+4.91%,9.5,10.87,11.4,18135,7212,2.51,40.45%,62.70%,-0.925965,2026-08-20
NVDA,216.85,2026-08-24,4,Call,222.50,-2.61%,0.65,0.64,0.69,18701,7449,2.51,40.45%,27.71%,0.194806,2026-08-20
PLTR,173.96,2026-08-21,1,Call,177.50,-2.03%,0.67,0.68,0.7,22086,8850,2.5,46.62%,53.52%,0.241463,2026-08-20
NFLX,80.14,2027-01-15,148,Put,140.00,+74.69%,57.75,59.95,61.15,500,200,2.5,32.23%,55.01%,-0.967209,2026-08-20
ORCL,142.07,2026-09-18,29,Put,270.00,+90.05%,126.35,129.75,130.1,1110,444,2.5,69.89%,115.44%,-0.9695,2026-08-20
BULL,8.85,2026-09-04,15,Call,9.50,-7.34%,0.11,0.22,0.24,1479,592,2.5,59.84%,56.47%,0.291517,2026-08-20
COHR,290.03,2026-08-21,1,Call,315.00,-8.61%,0,0.2,0.6,663,266,2.49,73.65%,94.77%,0.050691,2026-08-20
QUBT,8.14,2026-11-20,92,Put,6.00,-26.29%,0.27,0.35,0.47,701,282,2.49,69.99%,82.65%,-0.167813,2026-08-20
TSLA,345.13,2026-08-26,6,Call,357.50,-3.58%,2.61,2.63,2.65,727,292,2.49,40.58%,39.63%,0.255896,2026-08-20
AMZN,260.11,2026-08-26,6,Call,262.50,-0.92%,2.48,2.73,2.81,892,358,2.49,29.42%,27.35%,0.410462,2026-08-20
GOOGL,340.67,2026-08-24,4,Put,335.00,-1.66%,1.13,1.3,1.34,1293,519,2.49,28.21%,23.86%,-0.242697,2026-08-20
MDLN,32.58,2026-09-18,29,Put,35.00,+7.43%,1.6,2.63,3.2,511,206,2.48,38.56%,28.22%,-0.80604,2026-08-20
ICHR,58.87,2026-08-21,1,Put,70.00,+18.91%,9.3,11.2,13.3,659,266,2.48,85.97%,210.31%,-0.935598,2026-08-20
RKLB,72.95,2026-08-28,8,Put,71.00,-2.67%,2.04,2.14,2.22,695,280,2.48,72.68%,71.24%,-0.376002,2026-08-20
ASST,16.13,2026-10-16,57,Call,28.00,-73.59%,0.24,0.32,0.37,931,376,2.48,96.39%,99.13%,0.115604,2026-08-20
SNDK,1600.62,2026-08-21,1,Put,"1,560.00",-2.54%,13.1,13.5,13.6,1483,598,2.48,83.23%,88.92%,-0.281785,2026-08-20
NVDA,216.85,2026-09-04,15,Call,227.50,-4.91%,4.1,4.12,4.2,1516,611,2.48,40.45%,46.38%,0.326605,2026-08-20
APP,308.77,2026-08-28,8,Call,320.00,-3.64%,5.1,5.5,5.9,548,222,2.47,55.92%,54.16%,0.346204,2026-08-20
CAR,143.98,2026-09-18,29,Put,300.00,+108.36%,151,154.31,161,730,296,2.47,51.16%,113.01%,-0.994465,2026-08-20
GLW,151.45,2026-12-18,120,Call,160.00,-5.65%,19.7,20.4,21.95,1180,477,2.47,62.33%,68.69%,0.53196,2026-08-20
CRWV,89.76,2026-08-21,1,Put,130.00,+44.83%,39.7,41.3,40.65,1299,526,2.47,76.12%,508.72%,-0.895812,2026-08-20
INFY,11.83,2026-09-18,29,Put,15.00,+26.80%,2.8,3.24,3.7,2501,1011,2.47,45.30%,55.14%,-0.923648,2026-08-20
SPCX,134,2026-08-21,1,Call,138.00,-2.99%,0.7,0.72,0.74,10639,4301,2.47,62.49%,75.74%,0.235852,2026-08-20
MSTR,112.39,2026-09-25,36,Call,115.00,-2.32%,9.85,9.6,10.5,590,240,2.46,78.08%,79.23%,0.518683,2026-08-20
IREN,42.6,2026-08-28,8,Call,43.50,-2.11%,2.64,2.64,2.78,685,279,2.46,100.68%,123.08%,0.492307,2026-08-20
CRM,205.43,2026-08-21,1,Put,202.50,-1.43%,0.6,0.65,0.76,852,347,2.46,48.94%,41.74%,-0.250898,2026-08-20
LUV,39.89,2026-08-21,1,Put,45.00,+12.81%,4.8,5.15,5.2,2058,838,2.46,37.60%,128.61%,-0.96064,2026-08-20
CORZ,18.39,2026-08-21,1,Call,18.50,-0.60%,0.25,0.3,0.34,530,216,2.45,71.96%,89.95%,0.459763,2026-08-20
RDW,11.77,2026-08-28,8,Call,11.00,+6.54%,0.9,1,1.15,540,220,2.45,88.29%,81.93%,0.734037,2026-08-20
GLW,151.45,2026-11-20,92,Call,135.00,+10.86%,27.9,29.18,30.65,652,266,2.45,62.33%,68.05%,0.700782,2026-08-20
TSLA,345.13,2026-08-26,6,Put,345.00,-0.04%,6.45,6.57,6.55,908,370,2.45,40.58%,37.72%,-0.483344,2026-08-20
CIFR,17.21,2026-08-28,8,Call,17.00,+1.22%,1.19,1.22,1.22,3091,1264,2.45,103.91%,108.02%,0.564236,2026-08-20
INTC,92.13,2026-08-21,1,Put,91.00,-1.23%,0.69,0.72,0.75,6950,2843,2.44,62.34%,62.98%,-0.347108,2026-08-20
CRWV,89.76,2026-08-28,8,Put,87.00,-3.07%,2.67,2.72,2.8,985,403,2.44,76.12%,76.48%,-0.367521,2026-08-20
U,46.54,2026-08-21,1,Call,10.00,+78.51%,35.35,36.24,38.05,518,213,2.43,52.45%,0.00%,0,2026-08-20
MRK,148.99,2026-08-28,8,Put,145.00,-2.68%,1,1.22,1.18,954,392,2.43,30.86%,30.28%,-0.26298,2026-08-20
JPM,351.55,2026-09-18,29,Call,395.00,-12.36%,0.2,0.26,0.29,1004,413,2.43,20.75%,21.41%,0.030366,2026-08-20
MSFT,481.15,2026-08-21,1,Call,492.50,-2.36%,0.24,0.28,0.31,2495,1028,2.43,26.37%,31.14%,0.078168,2026-08-20
MU,974.33,2026-08-21,1,Put,875.00,-10.19%,0.12,0.17,0.18,2978,1228,2.43,65.40%,88.76%,-0.009662,2026-08-20
MU,974.33,2026-08-21,1,Call,"1,030.00",-5.71%,1.48,1.53,1.56,6247,2574,2.43,65.40%,76.51%,0.0861,2026-08-20
INTC,92.13,2026-08-21,1,Put,88.00,-4.48%,0.13,0.14,0.15,14302,5875,2.43,62.34%,66.91%,-0.091856,2026-08-20
BMNR,21.57,2026-09-04,15,Call,22.00,-1.99%,1.15,1.18,1.28,3339,1381,2.42,79.25%,79.93%,0.487161,2026-08-20
MDLN,32.58,2026-08-21,1,Put,37.50,+15.10%,3.9,4.29,5.1,3919,1620,2.42,38.56%,123.89%,-0.984188,2026-08-20
SPCX,134,2026-08-21,1,Put,128.00,-4.48%,0.27,0.28,0.29,13331,5498,2.42,62.49%,73.00%,-0.111145,2026-08-20
MSTR,112.39,2026-09-04,15,Call,112.00,+0.35%,7.4,7.76,7.85,559,231,2.42,78.08%,81.08%,0.544751,2026-08-20
CPNG,16.26,2026-08-21,1,Put,20.00,+23.00%,3.25,3.45,3.85,790,327,2.42,42.92%,187.60%,-0.9806,2026-08-20
USPH,78,2026-08-21,1,Call,70.00,+10.26%,6.9,9.4,10.4,991,409,2.42,39.41%,204.90%,0.856066,2026-08-20
IREN,42.6,2026-08-28,8,Call,41.00,+3.76%,3.8,3.85,3.95,1052,435,2.42,100.68%,121.26%,0.620757,2026-08-20
BA,215.1,2026-08-28,8,Put,212.50,-1.21%,2.45,2.63,2.81,563,234,2.41,30.38%,30.01%,-0.383554,2026-08-20
A,156.3,2026-09-18,29,Put,160.00,+2.37%,8.2,8.22,9.3,786,326,2.41,42.00%,39.05%,-0.556622,2026-08-20
TTD,13.32,2027-01-15,148,Put,60.00,+350.45%,46.4,46.35,47.2,982,407,2.41,53.74%,141.79%,-0.925549,2026-08-20
WMT,103.84,2026-08-21,1,Call,100.00,+3.70%,3.7,3.95,4.15,1429,592,2.41,22.30%,48.46%,0.933337,2026-08-20
JBLU,4.74,2026-10-02,43,Put,5.00,+5.49%,0.49,0.5,0.54,716,298,2.4,62.40%,57.50%,-0.562569,2026-08-20
TSLA,345.13,2026-08-28,8,Put,347.50,+0.69%,9.25,9.57,9.45,738,307,2.4,40.58%,40.31%,-0.529794,2026-08-20
DKS,179.34,2026-08-21,1,Put,200.00,+11.52%,18.5,19.1,22,1234,515,2.4,52.66%,81.13%,-0.994791,2026-08-20
ARM,250.72,2027-01-15,148,Put,45.00,-82.05%,0.01,0.14,0.29,1493,622,2.4,67.38%,109.73%,-0.00234,2026-08-20
BABA,130.53,2026-08-28,8,Call,130.00,+0.41%,3.6,3.65,3.95,6923,2887,2.4,40.40%,45.48%,0.537795,2026-08-20
META,545.83,2026-08-24,4,Call,575.00,-5.34%,0.62,0.72,0.79,1389,581,2.39,35.58%,34.66%,0.079702,2026-08-20
SPCX,134,2026-08-28,8,Call,144.00,-7.46%,1.84,1.93,1.9,1997,836,2.39,62.49%,66.39%,0.249793,2026-08-20
TGT,158.25,2026-08-21,1,Put,157.50,-0.47%,0.82,0.85,1.09,575,242,2.38,29.03%,39.34%,-0.404397,2026-08-20
CRCL,83.66,2026-08-28,8,Put,80.00,-4.37%,2.52,2.76,2.68,693,291,2.38,85.88%,87.00%,-0.338321,2026-08-20
INTC,92.13,2026-08-26,6,Call,100.00,-8.54%,0.56,0.57,0.57,1661,698,2.38,62.34%,60.58%,0.156202,2026-08-20
AMD,469.45,2026-08-21,1,Put,452.50,-3.61%,0.87,0.91,0.99,2692,1133,2.38,54.06%,61.51%,-0.122701,2026-08-20
AMD,469.45,2026-08-28,8,Call,480.00,-2.25%,10.8,11.2,11.3,3387,1424,2.38,54.06%,55.71%,0.413521,2026-08-20
TSLA,345.13,2026-08-21,1,Put,375.00,+8.65%,29.55,29.97,30.1,5356,2257,2.37,40.58%,78.78%,-0.977543,2026-08-20
COIN,172.35,2026-08-21,1,Put,165.00,-4.26%,0.6,0.63,0.7,7043,2973,2.37,69.81%,85.13%,-0.158057,2026-08-20
ECHO,86.92,2027-01-15,148,Put,160.00,+84.08%,71.2,73.9,75,1520,642,2.37,45.33%,56.51%,-0.976897,2026-08-20
WEN,8.81,2026-09-11,22,Call,10.00,-13.51%,0.05,0.12,0.15,1604,676,2.37,47.77%,52.22%,0.174313,2026-08-20
WULF,16.45,2026-08-28,8,Call,17.00,-3.34%,0.6,0.62,0.72,1790,754,2.37,89.17%,94.69%,0.423953,2026-08-20
KO,90.5,2026-09-18,29,Put,87.50,-3.31%,0.65,0.72,0.91,1962,828,2.37,18.59%,19.46%,-0.254693,2026-08-20
FPS,33.36,2026-09-18,29,Call,42.50,-27.40%,0.75,0.86,0.95,608,258,2.36,89.40%,88.87%,0.203279,2026-08-20
SNDK,1600.62,2026-08-21,1,Call,"1,640.00",-2.46%,15.3,16.6,15.9,1400,594,2.36,83.23%,92.79%,0.317687,2026-08-20
MRVL,251.01,2026-08-28,8,Call,255.00,-1.59%,13.75,13.97,14.2,3619,1532,2.36,81.78%,105.89%,0.493088,2026-08-20
MU,974.33,2026-08-21,1,Call,"1,020.00",-4.69%,2.31,2.46,2.44,6381,2703,2.36,65.40%,75.14%,0.126575,2026-08-20
NVDA,216.85,2026-08-21,1,Call,197.50,+8.92%,19.1,19.05,21.05,6432,2720,2.36,40.45%,139.10%,0.906806,2026-08-20
MRVL,251.01,2026-08-21,1,Call,245.00,+2.39%,8.2,8.3,8.55,9721,4136,2.35,81.78%,91.98%,0.701775,2026-08-20
TRMB,59.68,2026-08-21,1,Put,70.00,+17.29%,9.6,10.16,12.3,569,243,2.34,33.52%,276.05%,-0.848844,2026-08-20
PURR,10.08,2026-12-18,120,Call,20.00,-98.41%,0.65,0.8,0.8,5073,2164,2.34,123.68%,115.23%,0.245849,2026-08-20
ESI,35.54,2026-08-21,1,Call,35.00,+1.52%,0.65,0.95,2.8,4673,2009,2.33,47.24%,195.28%,0.579892,2026-08-20
META,545.83,2026-08-21,1,Call,550.00,-0.76%,3.1,3.25,3.35,12709,5444,2.33,35.58%,43.87%,0.375943,2026-08-20
WDAY,197.32,2026-09-11,22,Put,200.00,+1.36%,10,12.07,14,534,229,2.33,52.31%,55.65%,-0.507355,2026-08-20
F,13.99,2026-09-25,36,Put,13.00,-7.08%,0.15,0.19,0.21,996,427,2.33,32.06%,31.65%,-0.215811,2026-08-20
CIFR,17.21,2026-10-16,57,Put,16.00,-7.03%,2,2.22,2.1,1024,440,2.33,103.91%,102.05%,-0.346913,2026-08-20
PR,23.87,2026-09-18,29,Call,25.00,-4.73%,0.5,0.51,0.6,1279,550,2.33,35.67%,36.83%,0.348933,2026-08-20
MDLN,32.58,2026-09-18,29,Put,32.50,-0.25%,1.3,1.4,1.5,516,222,2.32,38.56%,40.50%,-0.461089,2026-08-20
ORCL,142.07,2026-08-21,1,Call,142.00,+0.05%,1.69,1.74,1.94,1627,701,2.32,69.89%,59.87%,0.513282,2026-08-20
F,13.99,2026-08-28,8,Call,14.00,-0.07%,0.23,0.28,0.3,4985,2145,2.32,32.06%,32.78%,0.502597,2026-08-20
BULL,8.85,2028-01-21,519,Put,5.00,-43.50%,0.45,0.65,0.8,19831,8536,2.32,59.84%,67.35%,-0.120886,2026-08-20
TSM,416,2026-08-21,1,Put,437.50,+5.17%,20.5,21.3,22.4,1344,582,2.31,34.68%,40.08%,-0.993501,2026-08-20
INTC,92.13,2026-08-24,4,Put,92.00,-0.14%,1.71,1.78,1.83,755,328,2.3,62.34%,48.07%,-0.476578,2026-08-20
BABA,130.53,2026-08-21,1,Call,136.00,-4.19%,0.29,0.31,0.34,9544,4150,2.3,40.40%,69.53%,0.133608,2026-08-20
GOOGL,340.67,2026-08-28,8,Call,355.00,-4.21%,1.2,1.26,1.41,2886,1259,2.29,28.21%,28.38%,0.173062,2026-08-20
BULL,8.85,2026-10-16,57,Call,7.50,+15.25%,1.46,1.66,1.83,14407,6282,2.29,59.84%,58.76%,0.803448,2026-08-20
DOW,32.9,2026-09-11,22,Call,33.00,-0.30%,0.92,1.12,1.34,549,241,2.28,40.35%,36.77%,0.502439,2026-08-20
GOOGL,340.67,2027-09-17,393,Call,420.00,-23.29%,27.15,28.56,29.6,861,377,2.28,28.21%,35.39%,0.390532,2026-08-20
CORZ,18.39,2026-08-21,1,Call,19.00,-3.32%,0.1,0.13,0.18,1217,534,2.28,71.96%,93.93%,0.261992,2026-08-20
SPCX,134,2026-08-21,1,Put,129.00,-3.73%,0.39,0.41,0.42,13138,5756,2.28,62.49%,72.07%,-0.151644,2026-08-20
WMT,103.84,2026-09-18,29,Call,110.00,-5.93%,0.69,0.72,0.75,11661,5130,2.27,22.30%,22.61%,0.200577,2026-08-20
ONDS,8.38,2026-09-11,22,Call,8.00,+4.53%,0.74,0.79,0.89,517,228,2.27,79.27%,74.41%,0.639601,2026-08-20
MRNA,133.32,2027-01-15,148,Call,150.00,-12.51%,25.85,26.75,29,587,259,2.27,109.77%,97.23%,0.557375,2026-08-20
SNDK,1600.62,2026-08-21,1,Call,"1,720.00",-7.46%,2.9,2.85,3.1,1444,637,2.27,83.23%,97.08%,0.082523,2026-08-20
SHOP,147.18,2026-12-18,120,Call,155.00,-5.31%,15.15,15.7,16.8,634,280,2.26,44.18%,54.88%,0.513169,2026-08-20
SNDK,1600.62,2026-08-28,8,Put,"1,600.00",-0.04%,75.7,80,82.9,751,333,2.26,83.23%,84.91%,-0.471694,2026-08-20
MRVL,251.01,2026-08-28,8,Call,265.00,-5.57%,9.95,10.29,10.55,3227,1429,2.26,81.78%,106.62%,0.397487,2026-08-20
NVDA,216.85,2026-08-28,8,Put,217.50,+0.30%,6.85,6.95,6.95,7137,3156,2.26,40.45%,51.79%,-0.497382,2026-08-20
NBIS,220.11,2026-08-21,1,Call,225.00,-2.22%,2.81,2.88,2.9,3117,1387,2.25,90.87%,105.67%,0.356486,2026-08-20
META,545.83,2026-08-21,1,Put,540.00,-1.07%,2.11,2.32,2.36,11138,4940,2.25,35.58%,40.45%,-0.301017,2026-08-20
IONQ,41.53,2026-08-28,8,Put,35.00,-15.72%,0.09,0.15,0.2,592,263,2.25,78.16%,79.65%,-0.064755,2026-08-20
SNDK,1600.62,2026-08-21,1,Put,"1,470.00",-8.16%,1.1,1.25,1.45,900,401,2.24,83.23%,93.98%,-0.039457,2026-08-20
AXTI,73.12,2027-01-15,148,Put,30.00,-58.97%,2.1,2.5,2.55,1177,525,2.24,118.57%,126.49%,-0.063502,2026-08-20
SNDK,1600.62,2026-08-21,1,Call,"1,670.00",-4.33%,8.3,8.8,8.8,1201,536,2.24,83.23%,93.45%,0.200133,2026-08-20
HIMS,31.86,2026-08-21,1,Call,33.50,-5.15%,0.09,0.15,0.16,1982,886,2.24,74.34%,92.93%,0.157281,2026-08-20
INTC,92.13,2026-08-24,4,Call,95.00,-3.12%,0.8,0.81,0.86,2729,1219,2.24,62.34%,49.29%,0.286969,2026-08-20
ONDS,8.38,2026-08-28,8,Call,8.50,-1.43%,0.33,0.34,0.35,3059,1363,2.24,79.27%,79.13%,0.477659,2026-08-20
MRNA,133.32,2026-08-28,8,Call,150.00,-12.51%,5.2,5.3,5.5,4160,1859,2.24,109.77%,141.91%,0.325501,2026-08-20
MRNA,133.32,2026-08-28,8,Put,100.00,-24.99%,0.83,0.85,0.85,6899,3079,2.24,109.77%,137.97%,-0.065056,2026-08-20
MRNA,133.32,2026-08-21,1,Put,115.00,-13.74%,0.65,0.69,0.72,7076,3156,2.24,109.77%,221.30%,-0.090949,2026-08-20
BE,202.48,2026-09-04,15,Put,160.00,-20.98%,1.35,1.61,1.6,797,358,2.23,86.81%,89.66%,-0.081674,2026-08-20
MRNA,133.32,2026-08-21,1,Put,150.00,+12.51%,17.3,18.17,19.35,2300,1030,2.23,109.77%,239.75%,-0.809577,2026-08-20
AMTX,1.92,2028-01-21,519,Call,7.5000,-290.63%,0.4,0.41,0.45,2343,1052,2.23,81.18%,117.92%,0.41098,2026-08-20
BIDU,91.97,2026-09-18,29,Put,150.00,+63.10%,55.95,58.07,59.8,895,403,2.22,41.41%,83.95%,-0.984398,2026-08-20
AVGO,364.03,2026-08-21,1,Put,352.50,-3.17%,0.33,0.4,0.4,1746,785,2.22,50.42%,46.14%,-0.088861,2026-08-20
SKHY,163.08,2026-08-21,1,Call,165.00,-1.18%,1.7,1.7,1.85,6440,2899,2.22,73.65%,76.42%,0.393518,2026-08-20
MU,974.33,2026-08-21,1,Put,930.00,-4.55%,2.2,2.22,2.31,8119,3659,2.22,65.40%,76.10%,-0.116759,2026-08-20
GOOGL,340.67,2026-08-21,1,Put,337.50,-0.93%,0.99,1.08,1.1,10891,4896,2.22,28.21%,32.47%,-0.286573,2026-08-20
RILY,6.93,2026-08-28,8,Call,7.50,-8.23%,0.11,0.13,0.16,3171,1438,2.21,63.06%,84.24%,0.271458,2026-08-20
NFLX,80.14,2026-08-28,8,Call,82.00,-2.32%,0.81,0.82,0.84,6275,2834,2.21,32.23%,32.62%,0.331942,2026-08-20
BMNR,21.57,2026-08-21,1,Call,22.00,-1.99%,0.28,0.3,0.3,25885,11703,2.21,79.25%,104.12%,0.369459,2026-08-20
COP,134.89,2027-01-15,148,Call,155.00,-14.91%,4.25,4.33,4.75,621,281,2.21,30.33%,32.09%,0.288116,2026-08-20
RKT,14.06,2026-09-18,29,Call,12.00,+14.65%,2,2.19,2.47,711,322,2.21,52.78%,53.28%,0.874769,2026-08-20
WDC,469.05,2026-10-16,57,Call,700.00,-49.24%,5.6,7.8,10.55,731,331,2.21,72.21%,77.46%,0.127812,2026-08-20
AMZN,260.11,2026-08-26,6,Call,270.00,-3.80%,0.73,0.75,0.8,1507,683,2.21,29.42%,28.08%,0.158169,2026-08-20
ABNB,185,2026-08-28,8,Put,175.00,-5.41%,0.34,0.42,0.46,562,255,2.2,29.18%,30.22%,-0.10016,2026-08-20
NVDA,216.85,2026-08-28,8,Put,232.50,+7.22%,15.9,16.93,18.75,593,270,2.2,40.45%,52.70%,-0.802775,2026-08-20
META,545.83,2026-08-21,1,Put,615.00,+12.67%,67.8,69.19,70.6,639,291,2.2,35.58%,90.88%,-0.994323,2026-08-20
DELL,434.78,2026-08-21,1,Put,427.50,-1.67%,3.3,3.29,3.45,650,295,2.2,78.94%,70.82%,-0.317005,2026-08-20
F,13.99,2026-08-28,8,Call,13.50,+3.50%,0.54,0.55,0.68,2188,996,2.2,32.06%,37.71%,0.746552,2026-08-20
NU,14.21,2026-08-28,8,Call,14.50,-2.04%,0.18,0.2,0.22,2698,1226,2.2,36.21%,37.78%,0.374851,2026-08-20
WULF,16.45,2026-08-21,1,Call,16.50,-0.30%,0.31,0.33,0.35,5461,2480,2.2,89.17%,104.08%,0.485445,2026-08-20
NFLX,80.14,2026-08-21,1,Call,81.00,-1.07%,0.27,0.26,0.29,24517,11122,2.2,32.23%,36.52%,0.293289,2026-08-20
AAPL,311.3,2026-08-26,6,Call,317.50,-1.99%,1.45,1.67,1.6,2393,1091,2.19,25.01%,23.66%,0.26852,2026-08-20
BABA,130.53,2026-08-28,8,Put,120.00,-8.07%,0.32,0.36,0.38,5840,2668,2.19,40.40%,43.16%,-0.088437,2026-08-20
SPCX,134,2026-08-21,1,Call,135.00,-0.75%,1.55,1.57,1.6,38504,17607,2.19,62.49%,72.30%,0.430559,2026-08-20
SPCX,134,2027-03-19,211,Call,215.00,-60.45%,7.65,7.73,8.3,572,261,2.19,62.49%,64.85%,0.252795,2026-08-20
CHD,97.41,2026-09-18,29,Put,95.00,-2.47%,1.05,1.25,2.1,660,302,2.19,22.91%,24.67%,-0.337835,2026-08-20
MRVL,251.01,2026-08-21,1,Call,277.50,-10.55%,0.02,0.11,0.25,870,397,2.19,81.78%,98.60%,0.027674,2026-08-20
JPM,351.55,2026-08-21,1,Call,357.50,-1.69%,0.15,0.2,0.22,1351,617,2.19,20.75%,23.85%,0.091125,2026-08-20
NTNX,66.33,2028-12-15,848,Call,85.00,-28.15%,15.5,16.99,18,2302,1052,2.19,63.77%,51.13%,0.578065,2026-08-20
BIDU,91.97,2026-08-21,1,Put,107.00,+16.34%,12.95,15.85,16.75,801,368,2.18,41.41%,253.12%,-0.859073,2026-08-20
BBWI,19.64,2026-08-21,1,Call,17.50,+10.90%,1.9,2.15,2.35,1250,574,2.18,69.83%,112.37%,0.976735,2026-08-20
LITE,879.28,2026-08-28,8,Call,"1,000.00",-13.73%,8.4,9,9.2,1682,772,2.18,78.92%,82.79%,0.16305,2026-08-20
GOOGL,340.67,2026-08-28,8,Call,352.50,-3.47%,1.56,1.62,1.93,1945,894,2.18,28.21%,28.25%,0.218313,2026-08-20
KSS,17.33,2026-09-18,29,Put,15.00,-13.44%,0.54,0.62,0.7,2512,1153,2.18,79.45%,83.50%,-0.231179,2026-08-20
NOW,129.75,2026-08-21,1,Call,129.00,+0.58%,1.9,2,2.09,3080,1421,2.17,52.42%,58.66%,0.582165,2026-08-20
ORCL,142.07,2026-08-21,1,Put,142.00,-0.05%,1.7,1.97,1.93,3159,1458,2.17,69.89%,62.51%,-0.486835,2026-08-20
CBRL,55.13,2026-08-21,1,Call,57.50,-4.30%,0.1,0.1,0.15,3533,1625,2.17,62.80%,69.38%,0.127205,2026-08-20
AMTX,1.92,2028-01-21,519,Call,2.5000,-30.21%,0.7,0.85,1.05,3769,1736,2.17,81.18%,114.93%,0.703573,2026-08-20
GOOG,338.2,2026-08-21,1,Call,340.00,-0.53%,1.3,1.35,1.51,6310,2902,2.17,28.06%,30.73%,0.375901,2026-08-20
TSLA,345.13,2026-08-21,1,Put,327.50,-5.11%,0.1,0.12,0.11,8672,4002,2.17,40.58%,53.00%,-0.028255,2026-08-20
CLSK,12.6,2026-08-21,1,Call,12.50,+0.79%,0.3,0.32,0.33,15309,7049,2.17,89.99%,99.72%,0.571696,2026-08-20
AG,21.19,2026-10-16,57,Put,22.00,+3.82%,2.36,2.58,2.7,871,401,2.17,66.92%,63.67%,-0.50332,2026-08-20
AMD,469.45,2027-06-17,301,Put,270.00,-42.49%,13.2,13.88,14.9,1561,720,2.17,54.06%,60.67%,-0.091508,2026-08-20
SNDK,1600.62,2026-08-21,1,Put,"1,555.00",-2.85%,11.7,12,12.1,509,236,2.16,83.23%,88.84%,-0.258798,2026-08-20
NVDA,216.85,2026-08-24,4,Put,230.00,+6.06%,11.55,13.09,13.4,726,336,2.16,40.45%,26.83%,-0.987927,2026-08-20
MRNA,133.32,2026-09-18,29,Call,220.00,-65.02%,1.7,2.29,2.76,1587,735,2.16,109.77%,126.53%,0.111598,2026-08-20
MSTR,112.39,2026-08-21,1,Put,104.00,-7.47%,0.17,0.18,0.21,2162,1000,2.16,78.08%,102.34%,-0.069849,2026-08-20
HIMS,31.86,2026-08-28,8,Call,33.00,-3.58%,0.93,1,1.06,3024,1399,2.16,74.34%,77.66%,0.404621,2026-08-20
MU,974.33,2026-08-21,1,Call,980.00,-0.58%,10.75,12.3,12.5,14927,6909,2.16,65.40%,69.79%,0.44515,2026-08-20
HOOD,95.1,2026-08-28,8,Call,100.00,-5.15%,1.81,1.84,1.87,9970,4630,2.15,61.95%,65.50%,0.322233,2026-08-20
RIOT,20.98,2026-09-04,15,Call,21.00,-0.10%,1.44,1.54,1.64,1135,528,2.15,87.86%,90.59%,0.537743,2026-08-20
SPCX,134,2026-08-28,8,Put,126.00,-5.97%,1.85,1.74,1.91,1379,642,2.15,62.49%,63.87%,-0.240171,2026-08-20
AAPL,311.3,2026-08-24,4,Call,327.50,-5.20%,0.1,0.16,0.16,1474,687,2.15,25.01%,26.82%,0.037544,2026-08-20
BMNR,21.57,2026-09-04,15,Call,30.00,-39.08%,0.11,0.1,0.13,564,264,2.14,79.25%,101.12%,0.066807,2026-08-20
AMGN,433.73,2026-08-21,1,Call,425.00,+2.01%,7.6,8.91,10.65,616,288,2.14,30.45%,31.76%,0.8913,2026-08-20
TSLA,345.13,2026-08-24,4,Put,347.50,+0.69%,5.85,5.91,6.15,656,307,2.14,40.58%,33.13%,-0.568085,2026-08-20
PYPL,62.3,2026-11-20,92,Put,57.50,-7.70%,1.45,2.05,2.28,950,444,2.14,34.43%,32.89%,-0.271965,2026-08-20
MU,974.33,2026-08-24,4,Put,900.00,-7.63%,2.23,2.43,2.45,2017,941,2.14,65.40%,56.91%,-0.085663,2026-08-20
TEM,66.65,2026-10-16,57,Put,50.00,-24.98%,1.39,1.6,1.79,2319,1083,2.14,77.16%,77.58%,-0.133993,2026-08-20
INTC,92.13,2026-08-24,4,Call,100.00,-8.54%,0.16,0.17,0.17,2957,1381,2.14,62.34%,52.89%,0.073965,2026-08-20
TSLA,345.13,2026-08-28,8,Call,360.00,-4.31%,3.3,3.32,3.35,8552,3994,2.14,40.58%,42.06%,0.263142,2026-08-20
SMCI,36.5,2026-08-21,1,Call,37.00,-1.37%,0.45,0.47,0.49,19469,9115,2.14,75.57%,89.92%,0.396098,2026-08-20
AMZN,260.11,2026-08-21,1,Put,260.00,-0.04%,1.64,1.71,1.74,33140,15535,2.13,29.42%,32.33%,-0.484748,2026-08-20
RDW,11.77,2027-01-15,148,Call,29.00,-146.39%,0.4,0.42,0.6,500,235,2.13,88.29%,104.53%,0.158995,2026-08-20
PYPL,62.3,2026-09-04,15,Call,70.00,-12.36%,0.2,0.2,0.25,540,254,2.13,34.43%,41.91%,0.094046,2026-08-20
M,22.58,2026-09-04,15,Put,23.00,+1.86%,0.65,0.84,1.18,668,314,2.13,54.65%,37.30%,-0.580518,2026-08-20
CRWD,190.34,2026-10-16,57,Put,155.00,-18.57%,3.65,3.95,4.1,621,293,2.12,61.56%,58.47%,-0.152275,2026-08-20
CVNA,71.52,2026-08-28,8,Call,70.00,+2.13%,3.1,3.1,3.55,722,341,2.12,55.34%,58.84%,0.617655,2026-08-20
RKLB,72.95,2026-08-21,1,Call,77.00,-5.55%,0.16,0.19,0.2,1038,490,2.12,72.68%,84.68%,0.116086,2026-08-20
AAPL,311.3,2026-08-26,6,Call,315.00,-1.19%,2.14,2.29,2.53,1220,576,2.12,25.01%,24.01%,0.362816,2026-08-20
GOOGL,340.67,2026-08-28,8,Call,335.00,+1.66%,8.75,9.3,10.45,1542,727,2.12,28.21%,31.08%,0.656832,2026-08-20
SPCX,134,2026-08-28,8,Call,152.50,-13.81%,0.76,0.79,0.8,2333,1103,2.12,62.49%,70.41%,0.1188,2026-08-20
RIVN,16.01,2026-08-28,8,Call,16.50,-3.06%,0.26,0.3,0.31,5027,2367,2.12,53.98%,50.74%,0.361942,2026-08-20
CRWD,190.34,2026-08-21,1,Put,190.00,-0.18%,2.12,2.2,2.25,3951,1875,2.11,61.56%,59.42%,-0.469832,2026-08-20
HIMS,31.86,2026-08-28,8,Call,35.00,-9.86%,0.5,0.51,0.56,5108,2416,2.11,74.34%,83.03%,0.242946,2026-08-20
TJX,140.69,2026-08-21,1,Put,150.00,+6.62%,8.1,10.36,10.7,7921,3760,2.11,21.08%,71.48%,-0.955107,2026-08-20
SNDK,1600.62,2026-08-28,8,Call,"1,720.00",-7.46%,37,39.52,41.2,527,250,2.11,83.23%,87.28%,0.31348,2026-08-20
RIOT,20.98,2026-08-28,8,Call,20.50,+2.29%,1.27,1.35,1.43,773,367,2.11,87.86%,88.59%,0.59799,2026-08-20
META,545.83,2026-08-28,8,Call,670.00,-22.75%,0.1,0.14,0.15,824,391,2.11,35.58%,56.70%,0.008402,2026-08-20
NVDA,216.85,2026-08-31,11,Call,217.50,-0.30%,6.9,6.89,7.05,899,426,2.11,40.45%,47.88%,0.506724,2026-08-20
ASTS,65.06,2026-08-28,8,Put,63.00,-3.17%,1.77,1.81,1.96,1016,482,2.11,76.09%,73.90%,-0.3613,2026-08-20
CEVA,28.13,2026-08-21,1,Put,35.00,+24.42%,5.3,6.6,7.5,1786,846,2.11,82.43%,183.62%,-0.98733,2026-08-20
UBER,78.55,2026-08-28,8,Call,85.00,-8.21%,0.12,0.15,0.2,1137,541,2.1,33.97%,37.29%,0.08266,2026-08-20
RXRX,3.34,2026-10-02,43,Call,0.50,+85.03%,2.58,2.94,4.95,1171,558,2.1,84.01%,469.69%,0.976535,2026-08-20
META,545.83,2026-08-21,1,Put,545.00,-0.15%,3.95,4.26,4.45,7813,3713,2.1,35.58%,40.60%,-0.465842,2026-08-20
HOOD,95.1,2026-08-21,1,Call,98.00,-3.05%,0.55,0.56,0.58,8345,3973,2.1,61.95%,80.13%,0.244173,2026-08-20
PURR,10.08,2026-12-18,120,Call,13.00,-28.97%,1.5,1.65,1.75,10606,5043,2.1,123.68%,108.67%,0.469515,2026-08-20
AS,32.53,2026-08-21,1,Put,35.00,+7.59%,2.15,2.32,2.55,2787,1331,2.09,44.36%,71.49%,-0.974339,2026-08-20
SNDK,1600.62,2026-08-21,1,Put,"1,550.00",-3.16%,10.5,10.6,10.8,3400,1627,2.09,83.23%,89.09%,-0.237463,2026-08-20
CVX,205.77,2026-11-20,92,Call,210.00,-2.06%,9.45,10.15,10.25,636,305,2.09,25.36%,28.43%,0.471088,2026-08-20
BHVN,13.5,2026-09-18,29,Call,20.00,-48.15%,0.1,0.19,0.25,735,352,2.09,84.11%,100.08%,0.107114,2026-08-20
JD,29.41,2026-08-21,1,Put,33.00,+12.21%,3.05,3.4,4,737,353,2.09,30.02%,89.25%,-0.992451,2026-08-20
AEM,212.04,2026-10-16,57,Call,250.00,-17.90%,5.2,6,6.1,743,355,2.09,48.98%,51.22%,0.244665,2026-08-20
CRWV,89.76,2026-08-21,1,Call,89.00,+0.85%,1.81,2,2.18,762,364,2.09,76.12%,84.72%,0.585583,2026-08-20
NVDA,216.85,2026-09-02,13,Call,220.00,-1.45%,6.1,6.3,7.1,773,369,2.09,40.45%,48.50%,0.460299,2026-08-20
MRNA,133.32,2026-08-28,8,Put,140.00,+5.01%,13.65,14,15.85,937,448,2.09,109.77%,138.47%,-0.552959,2026-08-20
JOBY,7.58,2026-11-20,92,Put,8.00,+5.54%,1.29,1.38,1.41,1229,587,2.09,66.26%,75.37%,-0.47459,2026-08-20
BABA,130.53,2026-08-28,8,Put,125.00,-4.24%,1.1,1.25,1.3,1275,610,2.09,40.40%,43.05%,-0.23784,2026-08-20
BABA,130.53,2026-10-16,57,Call,175.00,-34.07%,0.51,0.67,0.88,1365,653,2.09,40.40%,47.09%,0.069444,2026-08-20
NTSK,14.38,2026-09-18,29,Put,10.00,-30.46%,0.1,0.18,0.25,2062,986,2.09,102.79%,103.68%,-0.081026,2026-08-20
RGTI,16.07,2026-09-18,29,Put,30.00,+86.68%,13.15,14.01,14.5,783,377,2.08,74.85%,125.59%,-0.949426,2026-08-20
C,129.67,2026-08-28,8,Call,134.00,-3.34%,0.66,0.77,0.81,903,435,2.08,27.94%,29.01%,0.231326,2026-08-20
DIS,107.32,2026-08-28,8,Call,110.00,-2.50%,0.5,0.59,0.64,1919,924,2.08,23.12%,24.16%,0.252451,2026-08-20
BABA,130.53,2026-08-21,1,Put,127.00,-2.70%,0.39,0.4,0.5,2589,1242,2.08,40.40%,61.02%,-0.1908,2026-08-20
NKE,40.21,2026-08-28,8,Call,41.00,-1.96%,0.48,0.48,0.52,3474,1672,2.08,33.63%,34.94%,0.362284,2026-08-20
MU,974.33,2026-08-21,1,Call,"1,040.00",-6.74%,0.94,0.98,1.01,4718,2267,2.08,65.40%,78.15%,0.058,2026-08-20
MSFT,481.15,2026-08-21,1,Call,487.50,-1.32%,0.79,0.8,0.91,4769,2304,2.07,26.37%,29.76%,0.203597,2026-08-20
NVDA,216.85,2026-08-21,1,Put,235.00,+8.37%,17.9,18.15,18.2,6126,2959,2.07,40.45%,63.36%,-0.993104,2026-08-20
GOOGL,340.67,2026-09-11,22,Call,340.00,+0.20%,9.65,9.95,10.6,593,287,2.07,28.21%,28.33%,0.536692,2026-08-20
BE,202.48,2026-08-21,1,Put,237.50,+17.30%,34.65,36.5,36.25,627,303,2.07,86.81%,185.46%,-0.944749,2026-08-20
UNH,384.85,2026-08-21,1,Call,395.00,-2.64%,0.2,0.19,0.23,788,380,2.07,28.21%,33.74%,0.071677,2026-08-20
AMZN,260.11,2026-08-24,4,Put,255.00,-1.96%,0.83,0.86,0.92,925,446,2.07,29.42%,25.30%,-0.218955,2026-08-20
C,129.67,2026-08-28,8,Call,135.00,-4.11%,0.47,0.5,0.61,1785,863,2.07,27.94%,28.99%,0.181884,2026-08-20
TSEM,223.78,2026-08-21,1,Put,260.00,+16.19%,33.3,33.81,40.3,642,312,2.06,77.68%,183.64%,-0.934842,2026-08-20
SPCE,3.08,2026-09-04,15,Put,3.00,-2.60%,0.12,0.15,0.21,675,327,2.06,81.33%,83.23%,-0.402228,2026-08-20
AVGO,364.03,2026-08-21,1,Call,362.50,+0.42%,4.05,4.2,4.3,1480,717,2.06,50.42%,44.01%,0.578415,2026-08-20
BETA,25.48,2026-10-16,57,Call,25.00,+1.88%,2.85,3.12,3.8,1751,852,2.06,75.05%,75.96%,0.592024,2026-08-20
AXTI,73.12,2026-08-21,1,Call,75.00,-2.57%,1.25,1.4,1.7,1850,897,2.06,118.57%,148.17%,0.386931,2026-08-20
SPCX,134,2026-08-28,8,Call,143.00,-6.72%,2.04,2.08,2.11,2286,1110,2.06,62.49%,66.01%,0.271497,2026-08-20
UBER,78.55,2026-08-21,1,Put,80.00,+1.85%,1.49,1.45,1.68,2687,1304,2.06,33.97%,36.83%,-0.825711,2026-08-20
WULF,16.45,2026-09-18,29,Put,12.00,-27.05%,0.15,0.16,0.25,30345,14745,2.06,89.17%,89.69%,-0.092273,2026-08-20
PURR,10.08,2026-08-28,8,Call,10.00,+0.79%,0.8,1,1,4141,2016,2.05,123.68%,144.58%,0.558816,2026-08-20
IONQ,41.53,2026-08-21,1,Put,55.00,+32.43%,12.75,12.78,14.95,5555,2704,2.05,78.16%,392.13%,-0.897278,2026-08-20
NVDA,216.85,2026-08-28,8,Call,222.50,-2.61%,4.5,4.45,4.6,32450,15808,2.05,40.45%,53.65%,0.391447,2026-08-20
NVO,46.14,2027-03-19,211,Call,30.00,+34.98%,16.95,17.55,17.75,969,472,2.05,31.53%,65.01%,0.856439,2026-08-20
CLSK,12.6,2026-09-04,15,Call,13.50,-7.14%,0.55,0.59,0.6,1656,809,2.05,89.99%,90.33%,0.39084,2026-08-20
NEE,85.03,2026-08-28,8,Put,83.00,-2.39%,0.42,0.46,0.56,2342,1140,2.05,20.73%,25.32%,-0.252148,2026-08-20
AMGN,433.73,2027-01-15,148,Call,330.00,+23.92%,106.8,108.7,110.5,540,265,2.04,30.45%,34.20%,0.910128,2026-08-20
COIN,172.35,2026-08-28,8,Put,150.00,-12.97%,0.54,0.68,0.76,1277,625,2.04,69.81%,69.08%,-0.078334,2026-08-20
GRPN,19.6,2027-01-15,148,Call,25.00,-27.55%,2.4,2.5,2.65,1525,747,2.04,71.61%,83.30%,0.43479,2026-08-20
BE,202.48,2026-08-21,1,Call,205.00,-1.24%,2.58,2.59,2.78,1547,757,2.04,86.81%,89.33%,0.405524,2026-08-20
TSLA,345.13,2026-08-28,8,Call,350.00,-1.41%,6.35,6.35,6.4,9636,4717,2.04,40.58%,41.30%,0.42638,2026-08-20
GOOGL,340.67,2026-08-21,1,Call,345.00,-1.27%,0.68,0.7,0.75,15161,7421,2.04,28.21%,31.26%,0.224135,2026-08-20
BMNR,21.57,2026-09-25,36,Call,23.00,-6.63%,1.34,1.53,1.67,505,249,2.03,79.25%,75.99%,0.446166,2026-08-20
NBIS,220.11,2026-09-25,36,Call,300.00,-36.30%,5,5.9,6.35,642,317,2.03,90.87%,93.10%,0.183937,2026-08-20
Z,35.72,2026-08-21,1,Put,40.00,+11.98%,2.55,3.75,4.8,647,318,2.03,48.22%,101.87%,-0.982531,2026-08-20
ONDS,8.38,2026-09-04,15,Call,8.50,-1.43%,0.43,0.47,0.48,774,382,2.03,79.27%,74.39%,0.496405,2026-08-20
MSTR,112.39,2026-08-21,1,Call,80.00,+28.82%,32,32.4,32.65,1199,590,2.03,78.08%,204.37%,0.999383,2026-08-20
CORZ,18.39,2026-08-28,8,Call,20.00,-8.75%,0.24,0.37,0.39,2220,1096,2.03,71.96%,79.09%,0.257347,2026-08-20
VET,12.84,2027-03-19,211,Call,15.00,-16.82%,0.8,1.05,1.15,520,257,2.02,43.68%,44.15%,0.384097,2026-08-20
SBLK,30.06,2027-06-17,301,Call,22.00,+26.81%,7.5,8.2,9.1,1232,611,2.02,28.99%,34.11%,0.886021,2026-08-20
GME,18.04,2026-08-28,8,Call,18.00,+0.22%,0.35,0.36,0.38,2200,1088,2.02,47.58%,33.16%,0.521043,2026-08-20
SOFI,17.92,2026-09-04,15,Put,19.00,+6.03%,1.28,1.37,1.4,548,272,2.01,48.04%,45.99%,-0.716914,2026-08-20
MSTR,112.39,2026-08-28,8,Put,102.00,-9.24%,1.4,1.43,1.54,700,349,2.01,78.08%,80.32%,-0.18907,2026-08-20
TSM,416,2026-08-21,1,Put,500.00,+20.19%,83,85.4,86,500,250,2,34.68%,187.39%,-0.96626,2026-08-20
META,545.83,2026-08-24,4,Put,525.00,-3.82%,0.88,0.99,1.09,509,254,2,35.58%,31.26%,-0.11214,2026-08-20
SPCX,134,2026-09-04,15,Put,109.00,-18.66%,0.47,0.48,0.52,514,257,2,62.49%,68.53%,-0.058691,2026-08-20
MRK,148.99,2026-08-28,8,Put,148.00,-0.66%,2,2.22,2.38,735,368,2,30.86%,30.50%,-0.430069,2026-08-20
NVDA,216.85,2026-09-04,15,Call,217.50,-0.30%,7.95,7.9,8.1,754,377,2,40.45%,46.79%,0.511709,2026-08-20
NVDA,216.85,2026-08-21,1,Call,187.50,+13.53%,29.2,29.45,29.65,799,400,2,40.45%,124.66%,0.988152,2026-08-20
CAR,143.98,2026-10-16,57,Put,380.00,+163.93%,231.4,237.4,241,1000,500,2,51.16%,122.79%,-0.976031,2026-08-20
WMT,103.84,2026-08-28,8,Put,105.00,+1.12%,2.11,2.15,2.4,2157,1077,2,22.30%,26.64%,-0.59918,2026-08-20
NFLX,80.14,2026-08-28,8,Put,78.00,-2.67%,0.63,0.66,0.65,2248,1122,2,32.23%,31.86%,-0.270221,2026-08-20
HIVE,3.13,2026-08-28,8,Call,3.00,+4.15%,0.2,0.25,0.3,2433,1215,2,100.64%,97.33%,0.645057,2026-08-20
MSFT,481.15,2026-08-26,6,Call,500.00,-3.92%,0.7,0.8,0.95,579,291,1.99,26.37%,24.30%,0.114478,2026-08-20
ARM,250.72,2026-08-21,1,Call,255.00,-1.71%,2.35,2.63,2.67,675,339,1.99,67.38%,81.59%,0.354668,2026-08-20
NBIS,220.11,2026-08-21,1,Put,272.50,+23.80%,51.2,57.75,53.85,819,412,1.99,90.87%,192.46%,-0.981061,2026-08-20
ONDS,8.38,2026-10-16,57,Put,6.00,-28.40%,0.07,0.15,0.19,875,439,1.99,79.27%,74.91%,-0.097783,2026-08-20
MRVL,251.01,2026-09-04,15,Call,215.00,+14.35%,39.65,40.6,42.6,1043,525,1.99,81.78%,91.64%,0.824904,2026-08-20
SNDK,1600.62,2026-08-21,1,Call,"1,740.00",-8.71%,1.85,1.9,2,962,486,1.98,83.23%,98.56%,0.055837,2026-08-20
BA,215.1,2026-08-21,1,Call,222.50,-3.44%,0.06,0.14,0.21,1141,576,1.98,30.38%,42.42%,0.065225,2026-08-20
NIO,4.53,2026-10-02,43,Call,5.00,-10.38%,0.17,0.18,0.22,1610,813,1.98,57.76%,58.14%,0.354528,2026-08-20
AMKR,50.86,2026-08-21,1,Put,65.00,+27.80%,13.4,13.8,15.7,2449,1239,1.98,70.53%,344.61%,-0.897939,2026-08-20
COHR,290.03,2026-08-21,1,Put,350.00,+20.68%,59,63.4,64.5,3866,1952,1.98,73.65%,265.73%,-0.900052,2026-08-20
KO,90.5,2026-08-21,1,Call,91.00,-0.55%,0.14,0.22,0.28,6318,3201,1.97,18.59%,21.72%,0.317071,2026-08-20
UEC,11.15,2026-08-28,8,Put,11.00,-1.35%,0.26,0.4,0.41,538,273,1.97,63.66%,62.58%,-0.420887,2026-08-20
ACHC,26.97,2026-09-18,29,Put,25.00,-7.30%,0.15,0.65,0.85,910,461,1.97,54.79%,43.42%,-0.241531,2026-08-20
ARM,250.72,2026-08-21,1,Put,300.00,+19.66%,48.45,49.1,50.8,1747,889,1.97,67.38%,188.17%,-0.962069,2026-08-20
BABA,130.53,2026-08-21,1,Put,150.00,+14.92%,19.15,19.36,21,503,257,1.96,40.40%,198.35%,-0.900962,2026-08-20
FPS,33.36,2026-08-21,1,Put,45.00,+34.89%,10.3,11.8,13.4,828,422,1.96,89.40%,376.30%,-0.922407,2026-08-20
MARA,11.15,2026-09-11,22,Call,15.00,-34.53%,0.13,0.15,0.15,1337,683,1.96,87.96%,93.60%,0.121707,2026-08-20
MARA,11.15,2026-08-28,8,Put,11.00,-1.35%,0.54,0.55,0.55,1717,878,1.96,87.96%,95.01%,-0.432002,2026-08-20
GOOG,338.2,2027-01-15,148,Put,480.00,+41.93%,140.95,142.05,143.05,2450,1250,1.96,28.06%,36.52%,-0.965208,2026-08-20
BABA,130.53,2026-08-28,8,Put,115.00,-11.90%,0.01,0.1,0.15,5549,2831,1.96,40.40%,44.17%,-0.02432,2026-08-20
HOOD,95.1,2026-08-21,1,Call,97.00,-2.00%,0.8,0.81,0.83,7225,3697,1.95,61.95%,78.99%,0.324388,2026-08-20
DELL,434.78,2026-08-28,8,Put,260.00,-40.20%,0.01,0.12,0.12,875,448,1.95,78.94%,128.21%,-0.002505,2026-08-20
ROST,228.99,2026-08-21,1,Call,240.00,-4.81%,4.1,4.59,5.4,1269,652,1.95,41.91%,188.47%,0.335048,2026-08-20
XOM,166.15,2026-08-28,8,Call,172.50,-3.82%,0.69,0.77,0.85,1212,626,1.94,27.65%,28.95%,0.198142,2026-08-20
RKLB,72.95,2026-08-21,1,Put,72.00,-1.30%,0.71,0.77,0.82,1773,913,1.94,72.68%,78.13%,-0.36575,2026-08-20
BABA,130.53,2026-08-21,1,Call,128.00,+1.94%,3.05,3.13,3.4,7883,4069,1.94,40.40%,61.56%,0.733655,2026-08-20
WMT,103.84,2027-01-15,148,Call,105.00,-1.12%,6.85,6.95,7.05,3461,1797,1.93,22.30%,26.36%,0.532916,2026-08-20
GME,18.04,2026-08-21,1,Call,18.00,+0.22%,0.15,0.16,0.17,6802,3524,1.93,47.58%,37.25%,0.547147,2026-08-20
COIN,172.35,2026-10-02,43,Put,90.00,-47.78%,0,0.17,0.24,520,270,1.93,69.81%,82.09%,-0.006927,2026-08-20
RDW,11.77,2026-08-28,8,Put,11.50,-2.29%,0.4,0.5,0.6,539,280,1.93,88.29%,91.69%,-0.403719,2026-08-20
CRWV,89.76,2026-08-21,1,Put,115.00,+28.12%,25.1,25.23,25.35,576,299,1.93,76.12%,183.39%,-0.994867,2026-08-20
MRNA,133.32,2026-08-28,8,Put,85.00,-36.24%,0.19,0.23,0.27,711,369,1.93,109.77%,155.34%,-0.018983,2026-08-20
CSCO,109.59,2026-08-28,8,Call,111.00,-1.29%,1.15,1.31,1.38,763,395,1.93,29.07%,28.66%,0.393762,2026-08-20
AMD,469.45,2027-06-17,301,Put,230.00,-51.01%,7.4,7.72,8.75,1087,562,1.93,54.06%,62.74%,-0.056041,2026-08-20
AMD,469.45,2026-08-24,4,Call,490.00,-4.38%,2.1,2.26,2.3,1103,572,1.93,54.06%,44.51%,0.187401,2026-08-20
ORCL,142.07,2026-08-28,8,Call,149.00,-4.88%,2.04,2.04,2.12,592,308,1.92,69.89%,55.20%,0.295876,2026-08-20
JPM,351.55,2026-08-28,8,Call,372.50,-5.96%,0.07,0.22,0.28,802,417,1.92,20.75%,21.80%,0.03881,2026-08-20
SNDK,1600.62,2026-08-21,1,Call,"1,750.00",-9.33%,1.45,1.57,1.65,4426,2307,1.92,83.23%,99.48%,0.045945,2026-08-20
SNDK,1600.62,2026-08-21,1,Put,"1,600.00",-0.04%,25.8,29.9,32.2,7712,4025,1.92,83.23%,87.93%,-0.486753,2026-08-20
COIN,172.35,2026-08-21,1,Call,195.00,-13.14%,0.11,0.14,0.17,2553,1338,1.91,69.81%,125.35%,0.032344,2026-08-20
COIN,172.35,2026-08-28,8,Call,190.00,-10.24%,2.5,2.65,2.92,2634,1380,1.91,69.81%,82.74%,0.233199,2026-08-20
GOOG,338.2,2026-08-21,1,Call,342.50,-1.27%,0.64,0.7,0.74,4263,2235,1.91,28.06%,30.89%,0.221296,2026-08-20
BULL,8.85,2027-01-15,148,Put,30.00,+238.98%,20.45,21.41,22.3,5164,2707,1.91,59.84%,134.14%,-0.862831,2026-08-20
FIGR,36.06,2027-01-15,148,Call,75.00,-107.99%,1,1.32,1.35,505,265,1.91,79.76%,84.95%,0.145825,2026-08-20
GFS,47.33,2026-09-18,29,Put,55.00,+16.21%,8,8.5,9,652,341,1.91,57.83%,60.62%,-0.785365,2026-08-20
ABNB,185,2026-08-28,8,Put,185.00,0.00%,2.65,2.99,3.3,696,364,1.91,29.18%,27.82%,-0.485748,2026-08-20
ALK,40.18,2026-08-21,1,Put,45.00,+12.00%,4.5,4.7,5.3,821,430,1.91,48.26%,139.32%,-0.935347,2026-08-20
B,46.27,2026-08-28,8,Call,50.00,-8.06%,0.2,0.27,0.3,835,437,1.91,45.69%,48.53%,0.149857,2026-08-20
NBIS,220.11,2026-08-21,1,Put,202.50,-8.00%,0.36,0.37,0.42,946,496,1.91,90.87%,109.42%,-0.068596,2026-08-20
BMNR,21.57,2026-08-28,8,Call,27.00,-25.17%,0.1,0.12,0.14,1023,535,1.91,79.25%,103.85%,0.083996,2026-08-20
TJX,140.69,2026-08-21,1,Put,152.50,+8.39%,11.2,12.5,13.2,1269,665,1.91,21.08%,117.20%,-0.9003,2026-08-20
ORCL,142.07,2026-09-04,15,Call,140.00,+1.46%,7.1,7.3,7.65,1347,704,1.91,69.89%,54.57%,0.57748,2026-08-20
ORCL,142.07,2026-08-21,1,Call,144.00,-1.36%,0.91,0.96,1.02,1803,943,1.91,69.89%,58.98%,0.337333,2026-08-20
LUV,39.89,2026-08-21,1,Put,43.00,+7.80%,2.89,3.1,3.25,540,284,1.9,37.60%,70.09%,-0.979082,2026-08-20
PCG,17.96,2026-09-18,29,Put,21.00,+16.93%,2.83,3.05,3.85,688,362,1.9,57.01%,61.01%,-0.794224,2026-08-20
SNDK,1600.62,2026-08-21,1,Call,"1,690.00",-5.58%,5.6,5.7,5.9,830,437,1.9,83.23%,95.19%,0.143711,2026-08-20
MRVL,251.01,2026-08-21,1,Put,237.50,-5.38%,0.7,0.77,0.82,1135,597,1.9,81.78%,93.17%,-0.122869,2026-08-20
ACHR,6.09,2026-09-04,15,Put,6.00,-1.48%,0.26,0.32,0.33,1239,652,1.9,70.04%,70.01%,-0.426849,2026-08-20
AAPL,311.3,2026-08-24,4,Put,305.00,-2.02%,0.79,0.86,0.9,1611,846,1.9,25.01%,23.54%,-0.196196,2026-08-20
PDD,89.52,2026-08-21,1,Put,95.00,+6.12%,4.7,6,6,2831,1489,1.9,41.79%,119.37%,-0.82098,2026-08-20
IREN,42.6,2026-08-28,8,Call,40.00,+6.10%,4.35,4.5,4.6,4867,2568,1.9,100.68%,122.25%,0.671076,2026-08-20
INTC,92.13,2026-08-21,1,Call,97.00,-5.29%,0.12,0.13,0.14,6220,3282,1.9,62.34%,70.53%,0.084637,2026-08-20
NVDA,216.85,2026-08-28,8,Call,217.50,-0.30%,6.6,6.65,6.7,6863,3603,1.9,40.45%,53.81%,0.504327,2026-08-20
NKE,40.21,2026-08-21,1,Put,43.00,+6.94%,2.49,2.73,2.84,9821,5161,1.9,33.63%,62.30%,-0.979271,2026-08-20
BILL,47.4,2026-08-21,1,Call,50.00,-5.49%,0.1,0.3,0.5,3907,2067,1.89,56.18%,114.69%,0.195456,2026-08-20
BULL,8.85,2026-08-21,1,Put,10.00,+12.99%,0.93,1.02,1.2,547,290,1.89,59.84%,133.45%,-0.956988,2026-08-20
AXTI,73.12,2026-09-18,29,Put,35.00,-52.13%,0.1,0.13,0.2,1002,531,1.89,118.57%,130.27%,-0.014004,2026-08-20
AMD,469.45,2026-08-21,1,Put,515.00,+9.70%,44.65,48.93,47,1033,548,1.89,54.06%,95.77%,-0.966301,2026-08-20
DELL,434.78,2026-08-21,1,Put,395.00,-9.15%,0.03,0.12,0.12,1117,590,1.89,78.94%,81.54%,-0.011569,2026-08-20
SNDK,1600.62,2026-08-21,1,Call,"1,710.00",-6.83%,3.6,3.8,3.8,1131,600,1.89,83.23%,96.16%,0.099169,2026-08-20
SNDK,1600.62,2026-08-21,1,Call,"1,680.00",-4.96%,6.9,7,7.5,1459,771,1.89,83.23%,95.14%,0.172281,2026-08-20
TEAM,174.91,2027-01-15,148,Call,200.00,-14.34%,20,21.33,22.3,1523,804,1.89,58.08%,66.01%,0.47144,2026-08-20
SSRM,36.83,2026-09-18,29,Put,29.00,-21.26%,0.2,0.25,0.35,503,267,1.88,60.24%,65.82%,-0.081855,2026-08-20
ABCL,11.57,2028-01-21,519,Put,12.00,+3.72%,4.2,4.53,5,566,301,1.88,97.50%,88.87%,-0.30174,2026-08-20
COIN,172.35,2026-09-11,22,Call,200.00,-16.04%,4.1,4.1,5,647,345,1.88,69.81%,78.21%,0.252179,2026-08-20
BLSH,28.44,2026-08-28,8,Call,30.00,-5.49%,0.48,0.55,0.87,708,376,1.88,71.42%,75.50%,0.339131,2026-08-20
RDDT,150.31,2026-08-21,1,Put,143.00,-4.86%,0.16,0.23,0.26,967,514,1.88,56.73%,69.71%,-0.082691,2026-08-20
INTC,92.13,2026-08-26,6,Put,89.00,-3.40%,1.3,1.24,1.41,1071,569,1.88,62.34%,57.10%,-0.303315,2026-08-20
TSLA,345.13,2026-08-28,8,Put,337.50,-2.21%,4.75,5,4.85,1142,607,1.88,40.58%,40.39%,-0.339013,2026-08-20
XE,18.29,2026-09-18,29,Put,17.50,-4.32%,1.25,1.35,1.5,1689,899,1.88,89.54%,87.86%,-0.377666,2026-08-20
VLO,341.51,2026-09-18,29,Put,330.00,-3.37%,9.9,10.27,10.6,2499,1332,1.88,42.57%,41.22%,-0.356901,2026-08-20
WMT,103.84,2027-06-17,301,Call,150.00,-44.45%,1.2,1.3,1.37,2560,1362,1.88,22.30%,28.08%,0.111011,2026-08-20
BABA,130.53,2026-08-28,8,Call,135.00,-3.42%,1.61,1.8,1.92,8260,4382,1.88,40.40%,45.40%,0.320489,2026-08-20
MU,974.33,2026-08-21,1,Call,"1,050.00",-7.77%,0.6,0.66,0.66,10332,5513,1.87,65.40%,80.00%,0.03896,2026-08-20
NBIS,220.11,2026-08-21,1,Call,212.50,+3.46%,9.1,9.3,10.45,552,295,1.87,90.87%,112.33%,0.735517,2026-08-20
MLYS,25.75,2026-09-18,29,Call,30.00,-16.50%,0.45,0.45,0.55,651,349,1.87,59.12%,60.83%,0.215224,2026-08-20
BABA,130.53,2026-09-04,15,Call,135.00,-3.42%,2.55,2.54,2.94,689,369,1.87,40.40%,43.19%,0.367047,2026-08-20
OSCR,31.57,2026-09-18,29,Put,29.00,-8.14%,1.03,1.16,1.46,713,382,1.87,67.68%,68.74%,-0.291907,2026-08-20
SNDK,1600.62,2026-08-21,1,Put,"1,565.00",-2.23%,14.6,14,15,727,388,1.87,83.23%,88.58%,-0.304841,2026-08-20
DVA,175.24,2026-08-21,1,Put,220.00,+25.54%,42.7,43.75,45.8,950,509,1.87,31.75%,162.09%,-0.996375,2026-08-20
MSTR,112.39,2026-08-21,1,Put,103.00,-8.35%,0.14,0.15,0.16,1961,1047,1.87,78.08%,106.39%,-0.055218,2026-08-20
NOW,129.75,2026-08-21,1,Call,137.00,-5.59%,0.08,0.11,0.14,661,355,1.86,52.42%,65.42%,0.058469,2026-08-20
PURR,10.08,2026-10-16,57,Call,13.00,-28.97%,0.9,0.95,1,791,425,1.86,123.68%,115.67%,0.37622,2026-08-20
CRWV,89.76,2026-08-21,1,Call,94.00,-4.72%,0.3,0.32,0.35,2207,1184,1.86,76.12%,85.60%,0.157299,2026-08-20
COIN,172.35,2026-08-21,1,Call,185.00,-7.34%,0.47,0.53,0.57,5758,3095,1.86,69.81%,108.63%,0.11206,2026-08-20
RIOT,20.98,2026-08-21,1,Call,20.50,+2.29%,0.7,0.72,0.75,8825,4783,1.85,87.86%,102.29%,0.677599,2026-08-20
AMD,469.45,2026-08-24,4,Call,480.00,-2.25%,4.3,4.56,4.75,565,305,1.85,54.06%,44.12%,0.326601,2026-08-20
APP,308.77,2028-12-15,848,Call,500.00,-61.93%,82,87.8,92,763,412,1.85,55.92%,67.63%,0.556695,2026-08-20
ONON,29.9,2026-08-21,1,Put,32.00,+7.02%,1.81,1.99,2.14,843,456,1.85,38.11%,67.96%,-0.971305,2026-08-20
IOVA,8.99,2026-08-28,8,Call,10.00,-11.23%,0.2,0.29,0.4,1887,1021,1.85,101.71%,123.03%,0.31235,2026-08-20
UAL,111.71,2026-11-20,92,Put,100.00,-10.48%,4.35,4.55,4.7,634,344,1.84,41.14%,42.39%,-0.274243,2026-08-20
CRWV,89.76,2026-08-28,8,Put,92.00,+2.50%,5.05,5.4,5.45,1061,578,1.84,76.12%,75.89%,-0.562753,2026-08-20
MRK,148.99,2026-12-18,120,Put,130.00,-12.75%,3.35,3.7,4.35,1096,595,1.84,30.86%,34.69%,-0.208351,2026-08-20
NBIS,220.11,2028-12-15,848,Call,320.00,-45.38%,102,103.38,105.5,1388,755,1.84,90.87%,96.11%,0.706676,2026-08-20
COST,933.51,2026-09-11,22,Call,"1,270.00",-36.05%,0.01,0.11,0.23,2234,1215,1.84,21.01%,45.76%,0.003824,2026-08-20
WMT,103.84,2027-01-15,148,Put,85.00,-18.14%,0.8,0.85,1.06,6898,3759,1.84,22.30%,27.73%,-0.099628,2026-08-20
SMCI,36.5,2026-08-21,1,Call,38.00,-4.11%,0.21,0.21,0.22,16132,8750,1.84,75.57%,94.20%,0.214699,2026-08-20
AMD,469.45,2026-08-21,1,Call,492.50,-4.91%,0.48,0.55,0.56,2482,1359,1.83,54.06%,63.00%,0.075803,2026-08-20
LITE,879.28,2026-08-21,1,Call,880.00,-0.08%,14.5,15.95,16.7,2521,1379,1.83,78.92%,86.66%,0.502721,2026-08-20
NBIS,220.11,2026-08-21,1,Put,260.00,+18.12%,38.65,39.77,40.65,3274,1791,1.83,90.87%,121.06%,-0.996147,2026-08-20
RIOT,20.98,2026-08-21,1,Call,22.50,-7.24%,0.08,0.1,0.09,3523,1922,1.83,87.86%,117.34%,0.134225,2026-08-20
MU,974.33,2026-08-24,4,Call,"1,000.00",-2.63%,11,11.7,11.95,4689,2557,1.83,65.40%,52.96%,0.332014,2026-08-20
SKHY,163.08,2026-08-21,1,Put,157.50,-3.42%,0.55,0.6,0.7,1566,857,1.83,73.65%,74.14%,-0.179043,2026-08-20
RIVN,16.01,2026-08-28,8,Put,16.00,-0.06%,0.45,0.47,0.49,1682,918,1.83,53.98%,50.86%,-0.478304,2026-08-20
SPCX,134,2026-08-28,8,Call,137.00,-2.24%,3.8,3.88,3.9,2377,1296,1.83,62.49%,64.62%,0.430418,2026-08-20
LUV,39.89,2026-08-21,1,Put,44.00,+10.30%,3.75,3.87,4.3,717,393,1.82,37.60%,87.88%,-0.98282,2026-08-20
ORCL,142.07,2026-08-21,1,Put,146.00,+2.77%,4.3,4.5,4.9,953,525,1.82,69.89%,69.01%,-0.769259,2026-08-20
RDDT,150.31,2026-08-21,1,Call,155.00,-3.12%,0.6,0.62,0.66,1648,906,1.82,56.73%,69.97%,0.206668,2026-08-20
PLTR,173.96,2026-08-21,1,Call,175.00,-0.60%,1.46,1.47,1.51,25200,13882,1.82,46.62%,53.63%,0.422783,2026-08-20
MSTR,112.39,2026-08-21,1,Call,110.00,+2.13%,3.6,3.75,3.75,27855,15265,1.82,78.08%,98.04%,0.672391,2026-08-20
BMNR,21.57,2026-08-28,8,Call,23.00,-6.63%,0.52,0.54,0.59,7599,4204,1.81,79.25%,85.43%,0.330529,2026-08-20
TREE,30.59,2026-08-21,1,Put,45.00,+47.11%,14.2,14.3,14.7,506,280,1.81,56.35%,338.80%,-0.981314,2026-08-20
YOU,42.9,2026-11-20,92,Call,45.00,-4.90%,3.8,4.1,4.3,1969,1087,1.81,47.61%,56.28%,0.4959,2026-08-20
LULU,115.69,2026-09-18,29,Put,165.00,+42.62%,48.2,49.3,50.4,2002,1107,1.81,56.65%,60.14%,-0.991283,2026-08-20
CCL,25.37,2028-01-21,519,Put,20.00,-21.17%,2.29,2.43,2.78,2018,1117,1.81,40.75%,47.38%,-0.225469,2026-08-20
NKE,40.21,2026-09-04,15,Call,41.50,-3.21%,0.18,0.53,0.8,642,356,1.8,33.63%,30.54%,0.314733,2026-08-20
CRWV,89.76,2026-08-21,1,Put,102.00,+13.64%,11.7,13.2,12.65,1610,896,1.8,76.12%,240.00%,-0.830108,2026-08-20
CRWV,89.76,2026-08-21,1,Put,106.00,+18.09%,15.7,16.3,16.65,1708,949,1.8,76.12%,157.99%,-0.975949,2026-08-20
WFC,83.7,2026-08-21,1,Put,86.00,+2.75%,2.02,2.13,2.45,2137,1185,1.8,22.96%,26.83%,-0.973568,2026-08-20
LRCX,310.53,2026-08-21,1,Put,360.00,+15.93%,48.3,49.44,50.85,5922,3291,1.8,60.35%,130.54%,-0.98376,2026-08-20
AMZN,260.11,2026-08-26,6,Call,260.00,+0.04%,3.7,3.82,3.95,588,329,1.79,29.42%,27.76%,0.518524,2026-08-20
AMGN,433.73,2026-10-02,43,Put,330.00,-23.92%,0,0.81,3.7,741,413,1.79,30.45%,52.35%,-0.052531,2026-08-20
BA,215.1,2026-08-28,8,Put,215.00,-0.05%,3.5,3.7,4,801,447,1.79,30.38%,29.92%,-0.486858,2026-08-20
WULF,16.45,2028-06-16,666,Call,25.00,-51.98%,5,5.2,5.85,1544,863,1.79,89.17%,118.53%,0.523473,2026-08-20
GDS,32.85,2028-01-21,519,Call,15.00,+54.34%,18.5,20,22.5,2212,1233,1.79,57.40%,77.01%,0.915555,2026-08-20
QBTS,18.8,2026-08-21,1,Put,22.00,+17.02%,2.75,3.25,3.65,716,402,1.78,74.03%,100.91%,-0.999722,2026-08-20
TSLA,345.13,2026-08-31,11,Call,340.00,+1.49%,11.95,12,12.4,807,454,1.78,40.58%,38.65%,0.607605,2026-08-20
MRVL,251.01,2026-08-21,1,Call,262.50,-4.58%,1.07,1.13,1.18,966,544,1.78,81.78%,90.41%,0.178735,2026-08-20
TSM,416,2026-08-21,1,Put,407.50,-2.04%,0.63,0.85,0.73,1638,918,1.78,34.68%,38.99%,-0.152575,2026-08-20
MARA,11.15,2026-08-28,8,Put,10.00,-10.31%,0.18,0.18,0.2,2343,1315,1.78,87.96%,96.12%,-0.200126,2026-08-20
SPCX,134,2026-08-21,1,Put,136.00,+1.49%,3.1,3.15,3.3,6467,3647,1.77,62.49%,72.89%,-0.643318,2026-08-20
MU,974.33,2026-08-21,1,Put,"1,190.00",+22.14%,209.4,222.7,220.5,19970,11307,1.77,65.40%,289.52%,-0.893223,2026-08-20
ONDS,8.38,2026-10-16,57,Call,8.00,+4.53%,1.15,1.14,1.37,536,302,1.77,79.27%,80.59%,0.626715,2026-08-20
ON,74.71,2026-09-04,15,Call,80.00,-7.08%,1.2,1.52,1.45,723,408,1.77,53.41%,52.56%,0.282683,2026-08-20
STLD,219,2026-09-18,29,Call,240.00,-9.59%,2.8,3.6,4.5,1009,570,1.77,40.24%,42.69%,0.247032,2026-08-20
NBIS,220.11,2026-08-21,1,Call,235.00,-6.76%,0.84,0.85,0.91,1845,1045,1.77,90.87%,111.49%,0.137645,2026-08-20
BRK.B,496.86,2026-08-28,8,Call,507.50,-2.14%,0.79,0.99,1.03,2269,1284,1.77,13.72%,14.09%,0.166682,2026-08-20
BIDU,91.97,2028-01-21,519,Put,80.00,-13.02%,10.25,11.05,11.3,548,311,1.76,41.41%,44.46%,-0.273677,2026-08-20
TEM,66.65,2026-10-16,57,Call,90.00,-35.03%,2,2.22,2.35,630,357,1.76,77.16%,78.45%,0.213232,2026-08-20
ASTS,65.06,2026-09-25,36,Call,90.00,-38.33%,0.82,1.09,1.23,653,370,1.76,76.09%,82.61%,0.134142,2026-08-20
GOOG,338.2,2026-09-04,15,Call,345.00,-2.01%,4.65,4.9,5.25,772,439,1.76,28.06%,27.91%,0.382359,2026-08-20
RGTI,16.07,2026-08-21,1,Call,16.50,-2.68%,0.11,0.12,0.13,900,511,1.76,74.85%,84.12%,0.280079,2026-08-20
RKLB,72.95,2026-08-21,1,Call,74.00,-1.44%,0.7,0.77,0.84,1457,827,1.76,72.68%,79.61%,0.374557,2026-08-20
SKHY,163.08,2026-08-28,8,Call,170.00,-4.24%,4.3,4.43,4.5,1830,1040,1.76,73.65%,74.26%,0.376045,2026-08-20
AMZN,260.11,2026-08-24,4,Call,270.00,-3.80%,0.26,0.29,0.31,2181,1242,1.76,29.42%,25.87%,0.088503,2026-08-20
PAAS,51.92,2027-01-15,148,Put,50.00,-3.70%,5.3,5.36,5.5,3419,1943,1.76,49.72%,50.90%,-0.380095,2026-08-20
AAPL,311.3,2026-08-28,8,Call,320.00,-2.79%,1.56,1.65,1.65,8973,5110,1.76,25.01%,25.05%,0.240263,2026-08-20
SMCI,36.5,2026-08-21,1,Put,36.00,-1.37%,0.41,0.46,0.48,9017,5127,1.76,75.57%,88.08%,-0.372918,2026-08-20
AMZN,260.11,2026-08-21,1,Put,280.00,+7.65%,19.65,19.8,20.3,2700,1545,1.75,29.42%,72.51%,-0.973401,2026-08-20
BMNR,21.57,2026-08-21,1,Put,21.00,-2.64%,0.21,0.21,0.22,3724,2126,1.75,79.25%,99.81%,-0.29445,2026-08-20
SKHY,163.08,2026-08-21,1,Call,162.50,+0.36%,2.75,3,3,3936,2252,1.75,73.65%,75.50%,0.544768,2026-08-20
PURR,10.08,2026-09-18,29,Call,8.00,+20.63%,2.45,2.53,2.6,5219,2980,1.75,123.68%,118.21%,0.807561,2026-08-20
TSLA,345.13,2026-08-24,4,Call,350.00,-1.41%,2.89,2.86,2.95,10159,5807,1.75,40.58%,33.96%,0.357481,2026-08-20
PLTR,173.96,2026-08-21,1,Put,175.00,+0.60%,2.46,2.53,2.52,12126,6946,1.75,46.62%,53.10%,-0.578395,2026-08-20
U,46.54,2026-08-21,1,Call,11.00,+76.36%,34.4,35.25,37.45,515,294,1.75,52.45%,0.00%,0,2026-08-20
AMD,469.45,2026-08-21,1,Put,507.50,+8.11%,37.45,44.7,39.5,521,297,1.75,54.06%,89.75%,-0.949299,2026-08-20
ALK,40.18,2026-09-18,29,Put,52.50,+30.66%,11.7,12.15,13.2,700,400,1.75,48.26%,57.26%,-0.942292,2026-08-20
IREN,42.6,2026-08-28,8,Put,37.50,-11.97%,0.78,0.98,1.22,756,431,1.75,100.68%,121.38%,-0.210853,2026-08-20
MRNA,133.32,2026-08-28,8,Put,90.00,-32.49%,0.32,0.37,0.45,2292,1308,1.75,109.77%,151.10%,-0.030622,2026-08-20
PATH,15.92,2026-09-18,29,Put,15.00,-5.78%,1.05,1.09,1.25,2358,1345,1.75,89.09%,91.47%,-0.356064,2026-08-20
TSLA,345.13,2026-08-26,6,Call,362.50,-5.03%,1.71,1.73,1.76,509,293,1.74,40.58%,40.53%,0.182069,2026-08-20
WULF,16.45,2026-08-28,8,Call,19.00,-15.50%,0.13,0.17,0.21,669,384,1.74,89.17%,92.08%,0.1543,2026-08-20
XOM,166.15,2026-08-28,8,Put,165.00,-0.69%,1.97,2.12,2.22,1065,612,1.74,27.65%,27.08%,-0.421078,2026-08-20
PFE,27.79,2026-08-28,8,Put,27.50,-1.04%,0.17,0.23,0.23,1153,661,1.74,22.44%,19.56%,-0.359365,2026-08-20
ENPH,38.36,2027-06-17,301,Put,35.00,-8.76%,6.5,7.4,7.5,1346,774,1.74,64.92%,69.80%,-0.309835,2026-08-20
PYPL,62.3,2026-08-28,8,Call,70.00,-12.36%,0.05,0.15,0.19,2917,1679,1.74,34.43%,49.74%,0.062073,2026-08-20
PLTR,173.96,2026-12-18,120,Call,350.00,-101.20%,0.64,0.66,0.71,3233,1853,1.74,46.62%,59.42%,0.032581,2026-08-20
CRCL,83.66,2026-08-21,1,Call,83.00,+0.79%,2.04,2,2.17,3706,2132,1.74,85.88%,100.63%,0.570883,2026-08-20
BMNR,21.57,2026-09-18,29,Call,25.00,-15.90%,0.86,0.89,0.91,14929,8569,1.74,79.25%,83.07%,0.307925,2026-08-20
GOOGL,340.67,2026-10-16,57,Call,340.00,+0.20%,17.15,17.35,17.55,3063,1766,1.73,28.21%,30.06%,0.548075,2026-08-20
AAOI,129.1,2026-08-21,1,Call,135.00,-4.57%,1.3,1.35,1.45,3338,1931,1.73,104.07%,129.64%,0.266558,2026-08-20
AMD,469.45,2026-08-21,1,Call,490.00,-4.38%,0.65,0.65,0.72,8647,4984,1.73,54.06%,62.03%,0.096797,2026-08-20
FUN,16.79,2026-09-18,29,Put,17.50,+4.23%,1.35,1.55,1.8,542,313,1.73,65.83%,60.54%,-0.565427,2026-08-20
AKAM,110.09,2026-08-21,1,Put,140.00,+27.17%,28.3,28.3,31.8,593,343,1.73,49.80%,235.65%,-0.970607,2026-08-20
NOW,129.75,2026-08-21,1,Call,134.00,-3.28%,0.3,0.33,0.37,594,343,1.73,52.42%,60.30%,0.158095,2026-08-20
AVGO,364.03,2026-08-24,4,Call,380.00,-4.39%,0.51,0.62,0.68,1023,592,1.73,50.42%,31.90%,0.103945,2026-08-20
NKE,40.21,2026-08-28,8,Call,41.50,-3.21%,0.31,0.35,0.37,1426,824,1.73,33.63%,34.48%,0.275837,2026-08-20
MSTR,112.39,2026-08-28,8,Call,112.00,+0.35%,5.55,5.72,5.9,2001,1158,1.73,78.08%,82.82%,0.538299,2026-08-20
FN,444.87,2026-08-21,1,Put,500.00,+12.39%,51.9,56.7,61,525,305,1.72,64.46%,156.99%,-0.916378,2026-08-20
MP,55.04,2026-09-04,15,Call,55.00,+0.07%,2.98,3.05,3.25,527,306,1.72,66.16%,68.74%,0.534105,2026-08-20
MU,974.33,2026-08-21,1,Put,975.00,+0.07%,14.75,14.84,16.1,584,340,1.72,65.40%,74.35%,-0.498462,2026-08-20
DAL,81.06,2026-08-21,1,Put,88.00,+8.56%,5.55,7.06,7.35,662,385,1.72,34.77%,102.64%,-0.933584,2026-08-20
SNDK,1600.62,2026-08-21,1,Call,"1,560.00",+2.54%,53.6,57.75,58.8,789,459,1.72,83.23%,96.18%,0.704648,2026-08-20
TXN,265.6,2026-08-21,1,Put,300.00,+12.95%,33.1,34.23,35.9,828,481,1.72,38.39%,111.24%,-0.980566,2026-08-20
CRSP,58.12,2026-09-18,29,Call,65.00,-11.84%,1.2,1.78,2,1137,662,1.72,59.56%,59.56%,0.285922,2026-08-20
SNOW,321.29,2026-08-28,8,Call,340.00,-5.82%,2.4,2.8,3.15,1346,781,1.72,69.63%,47.16%,0.22228,2026-08-20
MSFT,481.15,2026-08-21,1,Put,505.00,+4.96%,22.65,23.84,25,1439,836,1.72,26.37%,38.30%,-0.993726,2026-08-20
MRNA,133.32,2026-08-28,8,Call,140.00,-5.01%,7.7,8.2,8.5,4627,2696,1.72,109.77%,137.55%,0.44654,2026-08-20
AMD,469.45,2026-08-21,1,Put,500.00,+6.51%,29.05,30.5,31.4,4978,2897,1.72,54.06%,47.47%,-0.996226,2026-08-20
BIDU,91.97,2026-08-28,8,Put,92.00,+0.03%,1.95,2.05,2.63,2393,1400,1.71,41.41%,42.49%,-0.485562,2026-08-20
UAL,111.71,2026-08-21,1,Put,120.00,+7.42%,6.3,8.25,10.15,4147,2421,1.71,41.14%,56.92%,-0.99139,2026-08-20
BMNR,21.57,2026-08-28,8,Call,22.00,-1.99%,0.84,0.87,0.9,9402,5505,1.71,79.25%,82.78%,0.462674,2026-08-20
KSS,17.33,2026-08-21,1,Put,19.00,+9.64%,1.53,1.93,2.24,645,378,1.71,79.45%,206.63%,-0.787099,2026-08-20
GOOGL,340.67,2026-08-21,1,Put,357.50,+4.94%,16.45,17.65,18.2,882,517,1.71,28.21%,68.51%,-0.907812,2026-08-20
IBM,233.69,2026-10-16,57,Call,270.00,-15.54%,2.75,2.75,2.96,1186,693,1.71,32.97%,35.70%,0.171894,2026-08-20
RXRX,3.34,2026-11-20,92,Call,0.50,+85.03%,2.16,2.85,3.55,501,295,1.7,84.01%,192.08%,0.993082,2026-08-20
COIN,172.35,2026-09-04,15,Call,187.50,-8.79%,4.1,4.4,5.5,594,349,1.7,69.81%,73.15%,0.314184,2026-08-20
LITE,879.28,2026-08-28,8,Call,950.00,-8.04%,16.5,18.1,18.7,623,367,1.7,78.92%,81.61%,0.283191,2026-08-20
PL,22.17,2026-08-21,1,Put,30.00,+35.32%,7.5,7.95,8.4,648,382,1.7,97.29%,367.14%,-0.930321,2026-08-20
NCLH,16.75,2026-08-21,1,Put,21.00,+25.37%,4.2,4.35,4.5,651,382,1.7,43.08%,302.05%,-0.911727,2026-08-20
BULL,8.85,2026-09-11,22,Call,9.50,-7.34%,0.27,0.36,0.45,670,395,1.7,59.84%,69.73%,0.376114,2026-08-20
AAPL,311.3,2026-08-26,6,Call,322.50,-3.60%,0.63,0.72,0.72,836,492,1.7,25.01%,24.53%,0.13766,2026-08-20
AMAT,496.21,2026-08-28,8,Call,500.00,-0.76%,13.7,14.31,16,875,515,1.7,55.78%,56.17%,0.483408,2026-08-20
T,25.15,2026-09-18,29,Put,30.00,+19.28%,4.25,4.83,5.25,1052,620,1.7,24.20%,27.77%,-0.984579,2026-08-20
MU,974.33,2026-08-21,1,Put,970.00,-0.44%,12.4,13.2,13.2,1316,772,1.7,65.40%,73.43%,-0.445412,2026-08-20
FRMI,5.97,2026-10-16,57,Call,7.00,-17.25%,0.65,0.65,0.8,2530,1491,1.7,102.48%,114.30%,0.454717,2026-08-20
SNDK,1600.62,2026-08-21,1,Put,"1,500.00",-6.29%,2.95,3,3.1,5775,3391,1.7,83.23%,91.80%,-0.084233,2026-08-20
CIFR,17.21,2026-09-04,15,Call,20.00,-16.21%,0.57,0.62,0.65,11332,6651,1.7,103.91%,108.98%,0.286738,2026-08-20
AAPL,311.3,2026-08-21,1,Call,315.00,-1.19%,0.6,0.6,0.63,35413,20872,1.7,25.01%,29.32%,0.224659,2026-08-20
PLTR,173.96,2026-08-21,1,Put,172.50,-0.84%,1.27,1.29,1.31,16187,9575,1.69,46.62%,53.61%,-0.375445,2026-08-20
CCL,25.37,2026-09-18,29,Put,33.00,+30.07%,6.85,7.61,8.05,526,312,1.69,40.75%,45.94%,-0.981073,2026-08-20
SBET,7.59,2026-09-11,22,Call,7.50,+1.19%,0.57,0.57,0.78,615,363,1.69,82.06%,84.19%,0.568144,2026-08-20
ASTS,65.06,2026-08-28,8,Call,76.00,-16.82%,0.36,0.35,0.71,670,397,1.69,76.09%,88.39%,0.132135,2026-08-20
MXL,65.28,2026-08-21,1,Put,85.00,+30.21%,19,19.75,21.7,765,452,1.69,92.79%,380.24%,-0.89007,2026-08-20
SNDK,1600.62,2026-08-21,1,Put,"1,480.00",-7.54%,1.7,1.8,1.8,772,458,1.69,83.23%,93.62%,-0.052047,2026-08-20
JBLU,4.74,2027-03-19,211,Call,5.00,-5.49%,0.65,0.88,1.14,668,397,1.68,62.40%,66.91%,0.577188,2026-08-20
GME,18.04,2026-08-28,8,Put,17.50,-2.99%,0.1,0.13,0.14,954,569,1.68,47.58%,30.00%,-0.246406,2026-08-20
AMAT,496.21,2026-08-21,1,Put,550.00,+10.84%,50.45,56.67,57.65,1011,601,1.68,55.78%,102.21%,-0.971547,2026-08-20
META,545.83,2026-08-28,8,Call,560.00,-2.60%,6.2,6.49,6.7,1207,719,1.68,35.58%,37.11%,0.334963,2026-08-20
TEM,66.65,2026-10-16,57,Call,50.00,+24.98%,17.1,18.7,20.75,1828,1088,1.68,77.16%,84.40%,0.852222,2026-08-20
FLO,7.1,2026-08-21,1,Call,7.50,-5.63%,0.05,0.1,0.1,2666,1589,1.68,57.27%,144.12%,0.245072,2026-08-20
GOOG,338.2,2026-08-21,1,Put,337.50,-0.21%,1.69,1.74,1.93,2702,1612,1.68,28.06%,30.54%,-0.443363,2026-08-20
OKLO,41.66,2026-08-21,1,Put,50.00,+20.02%,8.1,8.7,8.75,8803,5241,1.68,77.21%,204.56%,-0.950734,2026-08-20
AMD,469.45,2026-08-21,1,Call,495.00,-5.44%,0.36,0.4,0.4,2504,1495,1.67,54.06%,63.49%,0.057642,2026-08-20
PLTR,173.96,2026-08-21,1,Call,172.50,+0.84%,2.75,2.75,2.82,6967,4161,1.67,46.62%,54.15%,0.623658,2026-08-20
NFLX,80.14,2026-08-21,1,Put,79.00,-1.42%,0.17,0.18,0.18,7893,4714,1.67,32.23%,34.65%,-0.210693,2026-08-20
IREN,42.6,2026-08-21,1,Put,55.00,+29.11%,10.95,13.06,14.35,10927,6552,1.67,100.68%,329.26%,-0.918719,2026-08-20
BA,215.1,2026-08-21,1,Put,240.00,+11.58%,22.6,25,26.5,577,345,1.67,30.38%,103.90%,-0.976483,2026-08-20
SCHW,109.79,2026-08-21,1,Put,109.00,-0.72%,0.12,0.22,0.34,642,384,1.67,22.55%,23.51%,-0.274911,2026-08-20
SGI,64.26,2026-08-21,1,Put,75.00,+16.71%,9,9.03,11.7,650,390,1.67,40.53%,123.90%,-0.991085,2026-08-20
SBUX,103.99,2026-08-21,1,Put,109.00,+4.82%,4.1,5.15,6.1,743,444,1.67,26.57%,59.22%,-0.933565,2026-08-20
SPCX,134,2026-08-28,8,Put,123.00,-8.21%,1.18,1.14,1.24,815,487,1.67,62.49%,64.31%,-0.169828,2026-08-20
NBIS,220.11,2026-08-28,8,Put,185.00,-15.95%,1.61,1.62,1.77,819,491,1.67,90.87%,99.03%,-0.103196,2026-08-20
SPCX,134,2026-08-28,8,Put,114.00,-14.93%,0.29,0.28,0.33,1858,1112,1.67,62.49%,69.46%,-0.0515,2026-08-20
ORCL,142.07,2026-08-21,1,Put,141.00,-0.75%,1.23,1.23,1.32,2183,1310,1.67,69.89%,59.62%,-0.397576,2026-08-20
UPST,28.86,2026-09-18,29,Put,37.50,+29.94%,7.5,9.11,9.7,520,313,1.66,59.31%,84.66%,-0.837112,2026-08-20
RKLB,72.95,2026-09-11,22,Call,80.00,-9.66%,2.11,2.7,2.83,575,346,1.66,72.68%,69.65%,0.329487,2026-08-20
EROC,13.01,2026-09-18,29,Call,15.00,-15.30%,0.55,0.6,0.65,784,471,1.66,83.47%,86.66%,0.326769,2026-08-20
RKLB,72.95,2026-08-21,1,Put,95.00,+30.23%,21.9,22,22.8,1503,904,1.66,72.68%,312.82%,-0.937211,2026-08-20
AVGO,364.03,2026-08-21,1,Put,362.50,-0.42%,2.26,2.48,2.55,1826,1098,1.66,50.42%,41.15%,-0.41704,2026-08-20
TSLA,345.13,2026-08-24,4,Call,357.50,-3.58%,1.19,1.18,1.22,1939,1170,1.66,40.58%,35.29%,0.177752,2026-08-20
HOOD,95.1,2026-08-28,8,Call,95.00,+0.11%,3.6,3.7,3.75,2260,1358,1.66,61.95%,63.94%,0.52665,2026-08-20
CLSK,12.6,2026-08-28,8,Call,13.00,-3.17%,0.52,0.51,0.54,2746,1650,1.66,89.99%,93.75%,0.440353,2026-08-20
CRWV,89.76,2026-08-21,1,Put,110.00,+22.55%,19.7,20.3,20.65,4465,2688,1.66,76.12%,186.88%,-0.979157,2026-08-20
CORZ,18.39,2026-08-21,1,Put,22.00,+19.63%,3.45,3.85,3.95,13347,8042,1.66,71.96%,242.82%,-0.910989,2026-08-20
AAPL,311.3,2026-08-21,1,Put,307.50,-1.22%,0.67,0.72,0.72,16846,10136,1.66,25.01%,32.03%,-0.227862,2026-08-20
MRVL,251.01,2026-08-21,1,Put,225.00,-10.36%,0.11,0.11,0.12,2400,1451,1.65,81.78%,105.24%,-0.021953,2026-08-20
INTC,92.13,2026-08-28,8,Call,97.00,-5.29%,1.55,1.69,1.86,2408,1457,1.65,62.34%,64.70%,0.314558,2026-08-20
INTC,92.13,2026-08-21,1,Call,96.00,-4.20%,0.2,0.2,0.22,6513,3946,1.65,62.34%,68.36%,0.129281,2026-08-20
SNDK,1600.62,2026-08-21,1,Put,"1,475.00",-7.85%,1.3,1.55,1.7,503,304,1.65,83.23%,93.84%,-0.045479,2026-08-20
SPCX,134,2026-08-21,1,Call,128.00,+4.48%,5.55,6.5,7.25,549,332,1.65,62.49%,80.55%,0.866513,2026-08-20
RDW,11.77,2026-09-04,15,Put,10.00,-15.04%,0.1,0.15,0.25,599,364,1.65,88.29%,85.99%,-0.151553,2026-08-20
WMT,103.84,2026-08-28,8,Put,106.00,+2.08%,2.81,2.93,3.05,753,457,1.65,22.30%,26.94%,-0.687098,2026-08-20
MU,974.33,2026-08-21,1,Put,865.00,-11.22%,0.1,0.11,0.13,985,596,1.65,65.40%,93.94%,-0.00721,2026-08-20
ABCL,11.57,2027-01-15,148,Call,8.00,+30.86%,4.3,4.4,4.6,1050,636,1.65,97.50%,87.51%,0.833697,2026-08-20
IREN,42.6,2026-08-21,1,Put,60.00,+40.85%,16.35,18.18,18.75,1096,665,1.65,100.68%,371.47%,-0.952056,2026-08-20
BABA,130.53,2026-08-21,1,Call,123.00,+5.77%,6.55,7.35,7.9,1112,675,1.65,40.40%,47.53%,0.991744,2026-08-20
BULL,8.85,2026-09-04,15,Call,10.00,-12.99%,0.1,0.16,0.17,1121,679,1.65,59.84%,67.82%,0.209238,2026-08-20
SNDK,1600.62,2026-08-28,8,Call,"1,700.00",-6.21%,43.3,45.8,46,1174,712,1.65,83.23%,87.13%,0.345904,2026-08-20
BETA,25.48,2026-09-18,29,Call,22.50,+11.70%,3.4,3.7,4.6,1363,825,1.65,75.05%,79.79%,0.751234,2026-08-20
CRWV,89.76,2026-08-28,8,Call,90.00,-0.27%,3.95,4.08,4.15,1468,891,1.65,76.12%,77.95%,0.516531,2026-08-20
RGTI,16.07,2026-08-21,1,Put,20.00,+24.46%,3.85,4.01,4.5,1649,1001,1.65,74.85%,379.14%,-0.842479,2026-08-20
EOSE,3.46,2028-01-21,519,Put,5.00,+44.51%,2.61,2.75,2.9,2037,1233,1.65,100.18%,111.36%,-0.348689,2026-08-20
ON,74.71,2026-08-21,1,Put,82.00,+9.76%,6.8,7.4,8,556,339,1.64,53.41%,113.26%,-0.938523,2026-08-20
RGTI,16.07,2026-08-28,8,Put,16.50,+2.68%,0.91,0.97,1.02,671,409,1.64,74.85%,76.38%,-0.569278,2026-08-20
CRWV,89.76,2026-09-04,15,Call,95.00,-5.84%,3.5,3.7,3.85,885,538,1.64,76.12%,78.81%,0.395133,2026-08-20
APH,153.11,2026-08-21,1,Put,165.00,+7.77%,10,11.52,13.1,978,598,1.64,41.18%,61.00%,-0.991048,2026-08-20
CCL,25.37,2027-06-17,301,Put,18.00,-29.05%,0.88,1.08,1.21,997,608,1.64,40.75%,47.90%,-0.148359,2026-08-20
SBUX,103.99,2026-08-21,1,Put,110.00,+5.78%,5.2,6.2,6.6,1286,784,1.64,26.57%,80.72%,-0.904677,2026-08-20
EIX,74.66,2026-10-16,57,Put,55.00,-26.33%,0.15,0.35,0.35,2504,1524,1.64,41.75%,46.98%,-0.041385,2026-08-20
GOOGL,340.67,2026-08-28,8,Call,365.00,-7.14%,0.4,0.42,0.45,2505,1531,1.64,28.21%,30.05%,0.065269,2026-08-20
SNDK,1600.62,2026-08-21,1,Call,"1,800.00",-12.46%,0.6,0.65,0.7,7159,4353,1.64,83.23%,107.62%,0.019989,2026-08-20
MSFT,481.15,2026-08-21,1,Put,480.00,-0.24%,2.15,2.15,2.4,13836,8442,1.64,26.37%,28.18%,-0.430879,2026-08-20
NOK,10.15,2026-08-28,8,Call,10.50,-3.45%,0.21,0.23,0.27,7747,4751,1.63,59.63%,63.72%,0.379406,2026-08-20
TSLA,345.13,2026-08-26,6,Put,332.50,-3.66%,2.09,2.16,2.15,504,309,1.63,40.58%,38.41%,-0.214046,2026-08-20
GOOGL,340.67,2026-09-04,15,Call,395.00,-15.95%,0.11,0.18,0.33,522,320,1.63,28.21%,35.95%,0.024131,2026-08-20
META,545.83,2026-08-28,8,Call,545.00,+0.15%,12.05,12.7,12.95,619,380,1.63,35.58%,36.91%,0.527142,2026-08-20
GEV,966.01,2026-08-21,1,Put,"1,100.00",+13.87%,131,140.1,138.5,885,542,1.63,46.02%,131.92%,-0.96785,2026-08-20
MRVL,251.01,2027-06-17,301,Call,400.00,-59.36%,34.95,36,37.75,1535,940,1.63,81.78%,79.24%,0.403597,2026-08-20
AAP,42.39,2026-08-21,1,Put,52.00,+22.67%,9.1,10.82,11.5,1584,972,1.63,50.82%,372.22%,-0.829264,2026-08-20
AAP,42.39,2026-08-21,1,Put,51.00,+20.31%,7.6,9.65,10.2,1589,973,1.63,50.82%,269.59%,-0.892465,2026-08-20
GLW,151.45,2026-08-21,1,Put,170.00,+12.25%,17.7,18.75,19.8,1597,979,1.63,62.33%,131.09%,-0.950629,2026-08-20
RKLB,72.95,2026-08-21,1,Put,83.00,+13.78%,8,10.59,11.25,793,489,1.62,72.68%,214.89%,-0.862389,2026-08-20
MSTR,112.39,2026-12-18,120,Call,165.00,-46.81%,8,8.15,8.65,798,493,1.62,78.08%,84.98%,0.302043,2026-08-20
NVDA,216.85,2026-08-24,4,Put,227.50,+4.91%,9.65,10.79,11.05,1051,650,1.62,40.45%,29.82%,-0.93799,2026-08-20
VRT,264.63,2026-08-21,1,Put,290.00,+9.59%,24.1,26.98,27.3,1339,828,1.62,55.67%,108.09%,-0.944336,2026-08-20
PFE,27.79,2027-03-19,211,Call,31.00,-11.55%,0.91,0.92,1.04,1507,928,1.62,22.44%,26.42%,0.302795,2026-08-20
WFC,83.7,2026-08-21,1,Put,87.50,+4.54%,3.5,3.67,3.95,2027,1255,1.62,22.96%,40.63%,-0.981673,2026-08-20
ORCL,142.07,2026-08-21,1,Call,148.00,-4.17%,0.21,0.2,0.26,2664,1647,1.62,69.89%,62.07%,0.107377,2026-08-20
DHT,19.8,2026-09-18,29,Call,20.00,-1.01%,0.7,0.89,0.95,7592,4683,1.62,41.39%,43.77%,0.472329,2026-08-20
TSLA,345.13,2026-08-28,8,Call,450.00,-30.39%,0.09,0.1,0.1,2682,1663,1.61,40.58%,72.53%,0.00799,2026-08-20
QXO,13.34,2026-08-21,1,Put,15.00,+12.44%,1.5,1.69,1.8,3923,2430,1.61,60.51%,147.93%,-0.930148,2026-08-20
APPS,10.71,2026-08-21,1,Put,13.00,+21.38%,2.05,2.15,2.4,515,319,1.61,78.54%,188.33%,-0.972551,2026-08-20
INTC,92.13,2026-08-24,4,Put,95.00,+3.12%,3.5,3.7,3.8,652,406,1.61,62.34%,48.63%,-0.716736,2026-08-20
CAR,143.98,2026-08-21,1,Call,145.00,-0.71%,1,1.31,1.6,914,568,1.61,51.16%,58.25%,0.415634,2026-08-20
MRNA,133.32,2026-08-28,8,Put,95.00,-28.74%,0.3,0.5,0.65,949,588,1.61,109.77%,138.96%,-0.039738,2026-08-20
NVDA,216.85,2026-08-24,4,Call,210.00,+3.16%,7.4,7.55,7.9,1239,770,1.61,40.45%,33.67%,0.825876,2026-08-20
OPEN,3.47,2026-12-18,120,Call,8.00,-130.55%,0.09,0.1,0.15,1427,884,1.61,78.24%,104.88%,0.142906,2026-08-20
MSTR,112.39,2026-08-28,8,Put,106.00,-5.69%,2.52,2.52,2.68,1485,925,1.61,78.08%,80.84%,-0.289519,2026-08-20
CRSR,10.91,2026-11-20,92,Call,7.50,+31.26%,3.6,3.71,4,1517,941,1.61,58.98%,79.56%,0.877461,2026-08-20
BA,215.1,2026-08-21,1,Put,235.00,+9.25%,19,19.22,21.05,1966,1220,1.61,30.38%,90.24%,-0.967777,2026-08-20
ASST,16.13,2026-08-21,1,Call,17.00,-5.39%,0.08,0.13,0.14,511,320,1.6,96.39%,116.90%,0.20427,2026-08-20
OKLO,41.66,2026-08-28,8,Call,44.00,-5.62%,1.02,1.11,1.21,541,339,1.6,77.21%,81.79%,0.350378,2026-08-20
OKLO,41.66,2026-08-21,1,Call,43.00,-3.22%,0.18,0.21,0.29,913,572,1.6,77.21%,80.61%,0.233614,2026-08-20
AMD,469.45,2026-08-21,1,Put,505.00,+7.57%,35,38.51,37,915,571,1.6,54.06%,86.15%,-0.945052,2026-08-20
NOW,129.75,2026-08-21,1,Put,130.00,+0.19%,1.6,1.74,1.73,1244,779,1.6,52.42%,56.89%,-0.518766,2026-08-20
UNH,384.85,2026-08-21,1,Put,410.00,+6.54%,24.5,25.8,26.6,1485,926,1.6,28.21%,77.50%,-0.938307,2026-08-20
AMGN,433.73,2026-10-16,57,Put,310.00,-28.53%,0.05,2.32,4.7,2400,1496,1.6,30.45%,56.87%,-0.052886,2026-08-20
SPCX,134,2026-08-28,8,Put,132.00,-1.49%,4,3.7,4.1,2577,1612,1.6,62.49%,64.05%,-0.415678,2026-08-20
IREN,42.6,2026-08-28,8,Call,39.50,+7.28%,4.6,4.7,5,2644,1651,1.6,100.68%,123.02%,0.69509,2026-08-20
GOOGL,340.67,2026-08-21,1,Put,355.00,+4.21%,13.6,14.32,15.25,3724,2321,1.6,28.21%,43.82%,-0.963815,2026-08-20
NCLH,16.75,2026-08-21,1,Put,18.00,+7.46%,1.19,1.32,1.57,5215,3252,1.6,43.08%,149.37%,-0.810838,2026-08-20
GOOGL,340.67,2026-08-21,1,Call,347.50,-2.00%,0.34,0.35,0.38,9438,5913,1.6,28.21%,32.63%,0.125409,2026-08-20
RDDT,150.31,2026-08-21,1,Put,165.00,+9.77%,13.35,15.19,16.2,2590,1633,1.59,56.73%,95.52%,-0.967639,2026-08-20
ASTS,65.06,2026-08-21,1,Put,75.00,+15.28%,9.3,10.35,10.75,3003,1883,1.59,76.09%,154.64%,-0.957169,2026-08-20
ALMS,22.86,2026-09-18,29,Call,30.00,-31.23%,3.1,3.3,3.6,4416,2776,1.59,209.02%,215.31%,0.444432,2026-08-20
BABA,130.53,2026-08-28,8,Call,145.00,-11.09%,0.33,0.33,0.35,4667,2933,1.59,40.40%,49.39%,0.080727,2026-08-20
CCL,25.37,2026-08-21,1,Put,27.50,+8.40%,1.94,2.17,2.43,5364,3383,1.59,40.75%,110.03%,-0.914823,2026-08-20
TSLA,345.13,2026-08-21,1,Call,360.00,-4.31%,0.21,0.21,0.22,33544,21065,1.59,40.58%,50.22%,0.05617,2026-08-20
TEM,66.65,2026-09-18,29,Call,95.00,-42.54%,0.63,0.83,0.93,596,374,1.59,77.16%,90.63%,0.105929,2026-08-20
UAL,111.71,2026-08-21,1,Put,124.00,+11.00%,10.25,12.43,14.1,679,428,1.59,41.14%,116.95%,-0.952948,2026-08-20
COHR,290.03,2026-08-21,1,Put,330.00,+13.78%,39.9,43.15,44.5,756,476,1.59,73.65%,217.41%,-0.859378,2026-08-20
UBER,78.55,2026-08-28,8,Call,81.00,-3.12%,0.66,0.75,0.9,882,553,1.59,33.97%,36.43%,0.2988,2026-08-20
MTDR,58.42,2027-01-15,148,Call,60.00,-2.70%,5.2,5.4,5.9,904,567,1.59,39.81%,41.57%,0.515401,2026-08-20
NN,17.33,2026-09-11,22,Call,20.00,-15.41%,1,1.1,1.25,948,597,1.59,103.67%,120.71%,0.371447,2026-08-20
AAP,42.39,2026-08-21,1,Put,53.00,+25.03%,10.2,10.8,12.4,1151,724,1.59,50.82%,394.16%,-0.836329,2026-08-20
AAP,42.39,2026-08-21,1,Put,49.00,+15.59%,6.3,7.4,7.6,1354,852,1.59,50.82%,237.73%,-0.864815,2026-08-20
RKLB,72.95,2026-08-28,8,Put,68.00,-6.79%,0.86,1.14,1.22,522,330,1.58,72.68%,69.13%,-0.22824,2026-08-20
ASTS,65.06,2026-08-21,1,Put,90.00,+38.33%,24.25,26.35,25.9,567,360,1.58,76.09%,325.04%,-0.965914,2026-08-20
CNP,40.2,2026-08-21,1,Put,43.00,+6.97%,2.55,3.26,3.4,588,372,1.58,21.65%,117.30%,-0.856725,2026-08-20
RUN,9.36,2026-08-21,1,Put,10.50,+12.18%,0.99,1.2,1.48,832,525,1.58,64.04%,220.29%,-0.826093,2026-08-20
CLSK,12.6,2026-08-28,8,Call,12.50,+0.79%,0.64,0.71,0.75,1111,702,1.58,89.99%,86.24%,0.552701,2026-08-20
HD,334.49,2026-08-21,1,Put,360.00,+7.63%,24.1,25.76,26.75,1172,743,1.58,25.15%,81.57%,-0.95548,2026-08-20
BYND,14.48,2026-08-21,1,Call,16.00,-10.50%,0.07,0.13,0.09,1621,1025,1.58,126.12%,164.49%,0.132362,2026-08-20
META,545.83,2027-06-17,301,Call,540.00,+1.07%,93,94.99,95.35,1667,1058,1.58,35.58%,43.21%,0.615712,2026-08-20
NBIS,220.11,2026-08-21,1,Put,255.00,+15.85%,33.75,34.63,35.75,1714,1084,1.58,90.87%,108.45%,-0.995756,2026-08-20
IREN,42.6,2026-08-28,8,Call,42.00,+1.41%,3.25,3.45,3.45,2170,1377,1.58,100.68%,121.21%,0.568758,2026-08-20
MRVL,251.01,2026-08-21,1,Call,242.50,+3.39%,10.05,10.34,10.55,2507,1585,1.58,81.78%,95.02%,0.764349,2026-08-20
MU,974.33,2026-08-21,1,Call,935.00,+4.04%,41.05,42.98,44.7,2876,1826,1.58,65.40%,80.30%,0.842256,2026-08-20
ASTS,65.06,2026-08-21,1,Call,68.00,-4.52%,0.24,0.27,0.31,3332,2111,1.58,76.09%,87.82%,0.174508,2026-08-20
NCLH,16.75,2026-08-21,1,Put,19.00,+13.43%,2.17,2.28,2.41,2418,1543,1.57,43.08%,158.34%,-0.930594,2026-08-20
AMD,469.45,2026-08-21,1,Put,510.00,+8.64%,38.9,40.55,41.4,2767,1767,1.57,54.06%,60.45%,-0.996987,2026-08-20
ABNB,185,2027-12-17,484,Call,220.00,-18.92%,21.75,23.93,25.3,507,323,1.57,29.18%,37.94%,0.478078,2026-08-20
AI,10.31,2026-09-04,15,Put,9.00,-12.71%,0.26,0.28,0.32,545,348,1.57,81.61%,100.16%,-0.21849,2026-08-20
SNDK,1600.62,2026-08-21,1,Put,"1,540.00",-3.79%,8,8.6,8.6,594,378,1.57,83.23%,88.90%,-0.19627,2026-08-20
APH,153.11,2026-08-21,1,Put,170.00,+11.03%,16.1,16.85,17.6,695,444,1.57,41.18%,81.79%,-0.993108,2026-08-20
CBRS,209.85,2026-08-28,8,Call,220.00,-4.84%,6.3,6.4,8,719,459,1.57,91.25%,90.35%,0.389598,2026-08-20
HOOD,95.1,2026-08-28,8,Call,101.00,-6.20%,1.45,1.52,1.67,757,481,1.57,61.95%,65.31%,0.285693,2026-08-20
LAC,2.97,2027-02-19,183,Call,3.00,-1.01%,0.37,0.6,0.63,971,618,1.57,70.19%,58.53%,0.591438,2026-08-20
TTD,13.32,2026-08-21,1,Put,15.50,+16.37%,1.54,2.04,2.81,1047,667,1.57,53.74%,148.81%,-0.972009,2026-08-20
FLNC,11.39,2026-08-21,1,Put,15.00,+31.69%,3.3,4,4,1103,703,1.57,87.41%,313.07%,-0.945087,2026-08-20
COHR,290.03,2026-08-21,1,Put,340.00,+17.23%,48.7,53.07,54.5,1196,763,1.57,73.65%,230.29%,-0.895915,2026-08-20
INTC,92.13,2026-08-21,1,Put,106.00,+15.05%,13.7,13.9,14,1300,826,1.57,62.34%,124.11%,-0.983633,2026-08-20
OSCR,31.57,2026-10-16,57,Call,35.00,-10.86%,2,2.1,2.25,1310,832,1.57,67.68%,67.25%,0.407691,2026-08-20
LITE,879.28,2026-08-21,1,Call,900.00,-2.36%,7.5,8.24,8,1364,871,1.57,78.92%,86.11%,0.311321,2026-08-20
INTC,92.13,2026-08-21,1,Put,102.00,+10.71%,9.75,10.25,10.1,1988,1267,1.57,62.34%,103.27%,-0.968627,2026-08-20
TTWO,240.15,2026-08-21,1,Put,230.00,-4.23%,0.05,0.25,0.5,2033,1297,1.57,42.71%,59.52%,-0.080046,2026-08-20
C,129.67,2026-08-21,1,Put,137.00,+5.65%,6.15,6.45,7.75,2180,1388,1.57,27.94%,46.63%,-0.988229,2026-08-20
SMCI,36.5,2026-08-21,1,Put,45.00,+23.29%,8.2,8.4,9.15,2185,1394,1.57,75.57%,271.17%,-0.919886,2026-08-20
MU,974.33,2026-08-21,1,Put,895.00,-8.14%,0.33,0.36,0.39,2217,1415,1.57,65.40%,82.05%,-0.022703,2026-08-20
UAL,111.71,2026-08-21,1,Put,119.00,+6.53%,5.3,7.6,9.15,505,324,1.56,41.14%,97.12%,-0.888648,2026-08-20
ON,74.71,2026-08-28,8,Put,75.00,+0.39%,2.17,2.45,2.65,554,355,1.56,53.41%,51.81%,-0.501625,2026-08-20
RKLB,72.95,2026-09-25,36,Call,100.00,-37.08%,0.77,0.99,1.28,567,364,1.56,72.68%,78.47%,0.12677,2026-08-20
CAT,815.39,2026-09-18,29,Put,730.00,-10.47%,5.25,6.51,6.35,613,394,1.56,36.12%,37.17%,-0.129569,2026-08-20
PYPL,62.3,2026-08-28,8,Put,59.00,-5.30%,0.14,0.31,0.57,699,448,1.56,34.43%,40.56%,-0.172165,2026-08-20
CHWY,23.88,2026-12-18,120,Put,25.00,+4.69%,3.15,3.6,3.7,767,493,1.56,62.66%,53.73%,-0.487746,2026-08-20
TSLA,345.13,2026-08-28,8,Call,332.50,+3.66%,16.15,16.4,16.45,776,498,1.56,40.58%,41.55%,0.742092,2026-08-20
HIVE,3.13,2026-10-02,43,Call,4.00,-27.80%,0.15,0.17,0.2,854,546,1.56,100.64%,101.03%,0.301033,2026-08-20
ALM,17.69,2026-09-18,29,Put,12.50,-29.34%,0.1,0.25,0.4,881,565,1.56,89.48%,104.53%,-0.090958,2026-08-20
C,129.67,2026-08-21,1,Put,139.00,+7.20%,8.1,8.25,9.8,929,596,1.56,27.94%,57.11%,-0.990168,2026-08-20
RDDT,150.31,2026-08-21,1,Put,175.00,+16.43%,24,25,26.45,968,619,1.56,56.73%,199.49%,-0.91995,2026-08-20
MRVL,251.01,2026-08-21,1,Call,257.50,-2.59%,2.08,2.29,2.29,1036,666,1.56,81.78%,89.14%,0.300902,2026-08-20
AEO,16,2026-08-21,1,Put,18.00,+12.50%,1.64,2,2.17,1059,677,1.56,70.46%,0.00%,-1.,2026-08-20
XYZ,80.08,2026-08-28,8,Call,85.00,-6.14%,0.28,0.35,0.37,1122,720,1.56,36.31%,36.96%,0.147314,2026-08-20
POET,8.27,2026-08-21,1,Put,10.00,+20.92%,1.56,1.71,1.9,1385,890,1.56,91.13%,192.89%,-0.966659,2026-08-20
DAL,81.06,2026-08-21,1,Put,87.00,+7.33%,4.6,5.96,7.75,1653,1059,1.56,34.77%,107.98%,-0.889308,2026-08-20
TTD,13.32,2026-08-21,1,Put,15.00,+12.61%,1.56,1.61,1.74,2014,1292,1.56,53.74%,121.79%,-0.966768,2026-08-20
NOW,129.75,2026-08-21,1,Call,132.00,-1.73%,0.68,0.75,0.72,2017,1290,1.56,52.42%,57.52%,0.290206,2026-08-20
SBUX,103.99,2026-08-21,1,Put,108.00,+3.86%,3.25,4,4.25,2035,1307,1.56,26.57%,34.39%,-0.982396,2026-08-20
SPCX,134,2026-08-28,8,Call,145.00,-8.21%,1.66,1.7,1.72,7195,4598,1.56,62.49%,66.88%,0.229828,2026-08-20
PURR,10.08,2026-09-18,29,Call,11.00,-9.13%,1,1.02,1.15,6623,4272,1.55,123.68%,125.52%,0.475342,2026-08-20
CRWV,89.76,2026-08-21,1,Put,105.00,+16.98%,14.7,14.82,15.65,6696,4314,1.55,76.12%,122.69%,-0.99262,2026-08-20
ASTS,65.06,2026-09-04,15,Put,55.00,-15.46%,0.4,0.64,0.99,537,346,1.55,76.09%,78.36%,-0.125999,2026-08-20
DAL,81.06,2026-08-21,1,Put,86.00,+6.09%,3.55,4.85,6.1,587,379,1.55,34.77%,52.80%,-0.984143,2026-08-20
NRG,115.36,2026-08-21,1,Put,140.00,+21.36%,23.4,25.3,25.3,895,576,1.55,45.05%,266.46%,-0.906297,2026-08-20
AAOI,129.1,2026-08-28,8,Call,150.00,-16.19%,2.2,2.35,2.55,937,605,1.55,104.07%,113.17%,0.209779,2026-08-20
MARA,11.15,2026-08-21,1,Put,13.00,+16.59%,1.67,1.99,2.04,1039,669,1.55,87.96%,139.90%,-0.980661,2026-08-20
UNH,384.85,2026-08-21,1,Put,405.00,+5.24%,19.5,19.6,22,1476,953,1.55,28.21%,72.23%,-0.908377,2026-08-20
C,129.67,2026-08-21,1,Put,140.00,+7.97%,9.45,9.9,11.1,1602,1032,1.55,27.94%,62.21%,-0.990884,2026-08-20
SOFI,17.92,2026-08-21,1,Put,21.00,+17.19%,2.8,3.1,3.6,1770,1145,1.55,48.04%,240.85%,-0.883979,2026-08-20
SOFI,17.92,2026-08-21,1,Put,22.00,+22.77%,4.05,4.01,4.15,586,380,1.54,48.04%,202.80%,-0.970102,2026-08-20
USAR,17.11,2026-08-21,1,Put,22.00,+28.58%,4.6,5.1,5.1,599,389,1.54,84.91%,392.13%,-0.869099,2026-08-20
BROS,49.37,2026-08-21,1,Put,53.00,+7.35%,3.3,3.78,4.2,602,391,1.54,39.30%,103.52%,-0.90019,2026-08-20
C,129.67,2026-08-21,1,Put,138.00,+6.42%,7.55,7.45,8.95,607,394,1.54,27.94%,51.92%,-0.989301,2026-08-20
GLW,151.45,2026-08-21,1,Put,167.50,+10.60%,15.05,16.38,17.4,634,411,1.54,62.33%,114.65%,-0.95057,2026-08-20
MSFT,481.15,2026-08-21,1,Put,510.00,+6.00%,27.3,28.64,30.05,669,434,1.54,26.37%,45.06%,-0.9946,2026-08-20
SIRI,28.39,2026-08-21,1,Put,31.00,+9.19%,2.11,2.75,3.55,683,444,1.54,29.30%,168.80%,-0.829236,2026-08-20
TTD,13.32,2026-09-11,22,Put,12.50,-6.16%,0.17,0.33,0.34,750,486,1.54,53.74%,46.15%,-0.262982,2026-08-20
CAT,815.39,2026-08-21,1,Put,900.00,+10.38%,82.35,95.3,89,795,516,1.54,36.12%,115.54%,-0.945603,2026-08-20
COIN,172.35,2026-09-04,15,Call,200.00,-16.04%,2.79,2.95,3.1,844,547,1.54,69.81%,79.74%,0.203142,2026-08-20
CSCO,109.59,2026-08-21,1,Put,116.00,+5.85%,6,6.6,6.95,886,576,1.54,29.07%,64.00%,-0.953784,2026-08-20
ARM,250.72,2026-11-20,92,Call,310.00,-23.64%,19.3,19.51,21.85,912,591,1.54,67.38%,77.71%,0.372922,2026-08-20
COIN,172.35,2026-08-28,8,Put,155.00,-10.07%,1.1,1.36,1.45,1233,801,1.54,69.81%,69.05%,-0.136495,2026-08-20
PENG,51.14,2026-08-21,1,Put,65.00,+27.10%,13,14.35,15.1,1356,883,1.54,87.32%,284.54%,-0.937781,2026-08-20
NOK,10.15,2026-08-21,1,Put,16.00,+57.64%,5.8,5.85,5.9,1596,1039,1.54,59.63%,0.00%,-1.,2026-08-20
RDDT,150.31,2026-08-21,1,Put,145.00,-3.53%,0.36,0.45,0.5,2017,1309,1.54,56.73%,68.16%,-0.151852,2026-08-20
CSCO,109.59,2026-08-21,1,Put,120.00,+9.50%,8.6,10.35,12.05,2031,1315,1.54,29.07%,73.57%,-0.990878,2026-08-20
NCLH,16.75,2026-08-21,1,Put,18.50,+10.45%,1.7,1.95,2.1,2156,1397,1.54,43.08%,192.37%,-0.825429,2026-08-20
UAL,111.71,2026-08-21,1,Put,125.00,+11.90%,11.45,14,15.1,2440,1583,1.54,41.14%,185.52%,-0.866367,2026-08-20
ASTS,65.06,2026-08-21,1,Put,80.00,+22.96%,14.2,15.05,15.65,5899,3825,1.54,76.09%,218.43%,-0.960177,2026-08-20
NOK,10.15,2026-08-21,1,Put,13.00,+28.08%,2.81,2.84,2.99,7210,4694,1.54,59.63%,308.94%,-0.926436,2026-08-20
GME,18.04,2026-08-21,1,Put,20.00,+10.86%,1.91,1.97,2.13,2472,1611,1.53,47.58%,145.25%,-0.906433,2026-08-20
CIFR,17.21,2026-08-21,1,Put,22.00,+27.83%,4.2,5.03,5.75,2723,1774,1.53,103.91%,371.94%,-0.877792,2026-08-20
MU,974.33,2026-08-21,1,Call,"1,070.00",-9.82%,0.27,0.27,0.3,2944,1928,1.53,65.40%,84.71%,0.018404,2026-08-20
VIK,90.53,2026-08-21,1,Put,100.00,+10.46%,9.1,11.75,11.5,3092,2022,1.53,35.00%,194.09%,-0.823352,2026-08-20
SMCI,36.5,2026-08-21,1,Put,35.50,-2.74%,0.24,0.35,0.33,3387,2220,1.53,75.57%,89.23%,-0.267587,2026-08-20
CIFR,17.21,2026-08-21,1,Put,19.00,+10.40%,1.65,1.85,2.44,3900,2552,1.53,103.91%,231.79%,-0.774742,2026-08-20
BMNR,21.57,2026-08-28,8,Call,25.00,-15.90%,0.23,0.24,0.28,4674,3049,1.53,79.25%,95.67%,0.167061,2026-08-20
SPCX,134,2026-08-21,1,Call,141.00,-5.22%,0.31,0.32,0.33,11335,7395,1.53,62.49%,80.44%,0.117792,2026-08-20
GRPN,19.6,2026-08-21,1,Put,25.00,+27.55%,4.8,5.2,6.2,520,340,1.53,71.61%,307.74%,-0.923719,2026-08-20
NBIS,220.11,2026-08-21,1,Put,267.50,+21.53%,45.85,49.84,48.85,553,362,1.53,90.87%,320.84%,-0.859281,2026-08-20
APP,308.77,2026-08-21,1,Put,345.00,+11.73%,32,35.1,39.3,562,368,1.53,55.92%,82.72%,-0.995581,2026-08-20
JPM,351.55,2026-12-18,120,Put,340.00,-3.29%,11.8,11.8,13.45,601,392,1.53,20.75%,23.76%,-0.360172,2026-08-20
WFC,83.7,2026-08-21,1,Put,89.00,+6.33%,4.95,5.1,5.45,670,439,1.53,22.96%,53.59%,-0.985639,2026-08-20
BIDU,91.97,2026-08-21,1,Put,98.00,+6.56%,4.65,6.01,6.35,895,586,1.53,41.41%,56.00%,-0.985495,2026-08-20
RDDT,150.31,2026-09-18,29,Call,150.00,+0.21%,9.7,9.8,10.2,930,609,1.53,56.73%,56.85%,0.544194,2026-08-20
TTD,13.32,2026-08-21,1,Put,16.00,+20.12%,2.27,2.74,3.2,981,640,1.53,53.74%,237.35%,-0.921294,2026-08-20
PYPL,62.3,2026-09-04,15,Call,63.00,-1.12%,1.15,1.7,1.72,1045,681,1.53,34.43%,34.21%,0.455938,2026-08-20
SPCE,3.08,2026-08-21,1,Put,3.50,+13.64%,0.35,0.4,0.63,1275,836,1.53,81.33%,319.76%,-0.751699,2026-08-20
WDC,469.05,2026-08-21,1,Put,550.00,+17.26%,78,83.13,85,1288,842,1.53,72.21%,166.22%,-0.963209,2026-08-20
CAT,815.39,2026-08-21,1,Put,880.00,+7.92%,61.9,68.7,69,1415,925,1.53,36.12%,90.01%,-0.944898,2026-08-20
BYND,14.48,2026-08-21,1,Call,15.00,-3.59%,0.2,0.29,0.35,1851,1212,1.53,126.12%,159.71%,0.352295,2026-08-20
NBIS,220.11,2026-08-21,1,Put,270.00,+22.67%,48.25,52,50.55,2042,1338,1.53,90.87%,317.26%,-0.874359,2026-08-20
TSLA,345.13,2026-08-28,8,Put,350.00,+1.41%,10.5,11.49,10.95,2262,1481,1.53,40.58%,39.98%,-0.578268,2026-08-20
AMPX,10.2,2026-08-21,1,Put,12.00,+17.65%,1.75,1.85,2.1,519,341,1.52,82.07%,293.05%,-0.837122,2026-08-20
TSM,416,2026-08-21,1,Put,435.00,+4.57%,18.3,19.46,19.85,564,370,1.52,34.68%,43.80%,-0.974672,2026-08-20
CSCO,109.59,2026-08-21,1,Put,125.00,+14.06%,14.6,16.35,16.35,565,371,1.52,29.07%,127.03%,-0.974304,2026-08-20
COST,933.51,2026-08-21,1,Put,"1,000.00",+7.12%,62.75,68.52,68.95,604,398,1.52,21.01%,98.28%,-0.905258,2026-08-20
UUUU,13.9,2026-08-21,1,Put,17.00,+22.30%,2.88,3.45,3.45,645,424,1.52,70.76%,261.88%,-0.919318,2026-08-20
WDC,469.05,2026-08-21,1,Put,540.00,+15.13%,68.85,72.25,75,701,462,1.52,72.21%,167.55%,-0.941015,2026-08-20
GRPN,19.6,2026-08-21,1,Put,23.00,+17.35%,2.8,3.2,4,752,495,1.52,71.61%,102.53%,-0.999726,2026-08-20
MSTR,112.39,2026-08-28,8,Put,115.00,+2.32%,6.85,7.06,7.2,756,496,1.52,78.08%,84.53%,-0.546208,2026-08-20
SYM,41.46,2026-08-21,1,Put,45.00,+8.54%,3.2,4.14,5.6,776,509,1.52,54.56%,243.27%,-0.718829,2026-08-20
HD,334.49,2026-08-21,1,Put,355.00,+6.13%,19.1,19.8,21.75,979,645,1.52,25.15%,44.89%,-0.994558,2026-08-20
BIDU,91.97,2026-08-21,1,Put,102.00,+10.91%,7.95,9.95,11.35,1102,724,1.52,41.41%,85.27%,-0.989995,2026-08-20
MSFT,481.15,2026-08-21,1,Put,497.50,+3.40%,15.15,15.15,17.3,1147,753,1.52,26.37%,27.76%,-0.991604,2026-08-20
KEEL,3.37,2026-08-21,1,Put,4.50,+33.53%,0.97,1.14,1.3,1409,929,1.52,101.02%,280.75%,-0.971078,2026-08-20
RGTI,16.07,2026-08-21,1,Put,21.00,+30.68%,4.5,5.08,5.35,1583,1042,1.52,74.85%,377.74%,-0.89547,2026-08-20
QXO,13.34,2026-08-21,1,Put,16.00,+19.94%,2.4,2.5,2.95,1961,1293,1.52,60.51%,183.97%,-0.967338,2026-08-20
RUN,9.36,2026-08-21,1,Put,11.00,+17.52%,1.56,1.83,1.92,1968,1296,1.52,64.04%,279.33%,-0.848739,2026-08-20
TJX,140.69,2026-08-21,1,Put,149.00,+5.91%,7.5,9.5,9.6,2118,1396,1.52,21.08%,80.80%,-0.909231,2026-08-20
CVS,93.65,2026-08-21,1,Put,97.50,+4.11%,2.85,3.71,4.3,2278,1494,1.52,26.53%,36.47%,-0.982471,2026-08-20
MRVL,251.01,2026-08-28,8,Put,240.00,-4.39%,10,10.18,10.35,2638,1737,1.52,81.78%,104.37%,-0.355002,2026-08-20
NU,14.21,2026-08-21,1,Put,15.50,+9.08%,1.05,1.28,1.57,3392,2238,1.52,36.21%,106.36%,-0.937554,2026-08-20
CSCO,109.59,2026-08-21,1,Put,117.00,+6.76%,7.15,7.41,7.6,3852,2537,1.52,29.07%,43.40%,-0.999637,2026-08-20
CCL,25.37,2026-08-21,1,Put,28.00,+10.37%,2.49,2.77,2.98,5008,3294,1.52,40.75%,150.55%,-0.887263,2026-08-20
AMD,469.45,2026-08-21,1,Call,480.00,-2.25%,2.04,2.15,2.2,8530,5608,1.52,54.06%,60.07%,0.245808,2026-08-20
NVDA,216.85,2026-08-24,4,Put,217.50,+0.30%,2.65,2.75,2.72,10408,6852,1.52,40.45%,26.26%,-0.534046,2026-08-20
FLNC,11.39,2026-08-21,1,Put,14.00,+22.91%,2.35,2.87,3,2882,1909,1.51,87.41%,279.37%,-0.90956,2026-08-20
TTD,13.32,2026-08-21,1,Put,17.50,+31.38%,4,4.28,4.4,2979,1979,1.51,53.74%,268.29%,-0.969664,2026-08-20
WFC,83.7,2026-08-21,1,Put,88.00,+5.14%,3.95,4.1,4.45,3236,2139,1.51,22.96%,45.03%,-0.98326,2026-08-20
CIFR,17.21,2026-08-21,1,Put,20.00,+16.21%,2.64,2.99,3.35,4537,2995,1.51,103.91%,275.97%,-0.83341,2026-08-20
SMR,9.07,2026-08-21,1,Put,12.00,+32.30%,2.88,3.05,3.15,4603,3047,1.51,77.82%,393.50%,-0.895498,2026-08-20
GME,18.04,2026-08-21,1,Put,20.50,+13.64%,2.3,2.5,2.7,502,332,1.51,47.58%,154.82%,-0.937831,2026-08-20
RIOT,20.98,2026-08-21,1,Put,24.00,+14.39%,2.85,3.17,3.25,522,346,1.51,87.86%,150.36%,-0.952719,2026-08-20
SMR,9.07,2026-08-21,1,Put,11.50,+26.79%,2.3,2.51,2.67,522,345,1.51,77.82%,314.19%,-0.913314,2026-08-20
CORZ,18.39,2026-08-21,1,Put,23.00,+25.07%,3.5,4.5,5.2,537,356,1.51,71.96%,197.09%,-0.983171,2026-08-20
AEO,16,2026-09-04,15,Put,15.50,-3.13%,0.51,0.7,0.89,543,360,1.51,70.46%,73.16%,-0.385688,2026-08-20
NBIS,220.11,2026-08-21,1,Put,277.50,+26.07%,56.3,60.15,58.85,584,386,1.51,90.87%,215.12%,-0.977545,2026-08-20
TJX,140.69,2026-09-18,29,Put,160.00,+13.73%,17.4,19.9,21.1,586,387,1.51,21.08%,36.45%,-0.887517,2026-08-20
PL,22.17,2026-08-21,1,Put,28.00,+26.30%,5.4,6.18,6.4,709,470,1.51,97.29%,269.78%,-0.943354,2026-08-20
ORCL,142.07,2026-08-21,1,Put,157.50,+10.86%,14.55,15.2,16.65,738,488,1.51,69.89%,117.34%,-0.950433,2026-08-20
MSFT,481.15,2026-08-21,1,Put,502.50,+4.44%,19.75,20.6,22.55,749,495,1.51,26.37%,34.85%,-0.993177,2026-08-20
ASTS,65.06,2026-08-21,1,Put,95.00,+46.02%,28,31.25,30.9,812,537,1.51,76.09%,594.63%,-0.855596,2026-08-20
QBTS,18.8,2026-08-21,1,Put,25.00,+32.98%,5,6.55,7.55,831,549,1.51,74.03%,329.69%,-0.94133,2026-08-20
TRIP,10.03,2026-08-21,1,Put,11.00,+9.67%,0.8,0.84,1.1,852,565,1.51,51.13%,104.31%,-0.95218,2026-08-20
CRWV,89.76,2026-08-21,1,Put,103.00,+14.75%,12.7,13.85,13.5,854,565,1.51,76.12%,218.99%,-0.87348,2026-08-20
M,22.58,2026-08-21,1,Put,25.00,+10.72%,2.11,2.11,2.5,872,579,1.51,54.65%,97.25%,-0.975837,2026-08-20
GLW,151.45,2026-08-21,1,Put,177.50,+17.20%,24.75,25.01,27.4,901,596,1.51,62.33%,127.85%,-0.990801,2026-08-20
RDDT,150.31,2026-08-21,1,Call,140.00,+6.86%,9.2,10.3,11,924,610,1.51,56.73%,52.52%,0.995359,2026-08-20
POET,8.27,2026-08-21,1,Put,9.50,+14.87%,1.12,1.23,1.4,952,630,1.51,91.13%,187.02%,-0.914319,2026-08-20
STM,49.92,2026-08-21,1,Put,54.00,+8.17%,3.9,4.2,4.4,965,639,1.51,52.68%,98.15%,-0.933795,2026-08-20
CLSK,12.6,2026-08-21,1,Put,16.00,+26.98%,3.35,3.51,4,997,659,1.51,89.99%,453.48%,-0.812653,2026-08-20
ON,74.71,2026-08-21,1,Put,83.00,+11.10%,7.3,7.77,10.15,1008,667,1.51,53.41%,174.06%,-0.866349,2026-08-20
QBTS,18.8,2026-08-21,1,Put,24.00,+27.66%,4.1,5.45,5.95,1152,762,1.51,74.03%,393.41%,-0.86058,2026-08-20
HIMS,31.86,2026-08-21,1,Put,31.50,-1.13%,0.34,0.4,0.43,1165,774,1.51,74.34%,82.76%,-0.387441,2026-08-20
SPCX,134,2026-09-25,36,Call,140.00,-4.48%,8.05,8.3,8.25,1205,798,1.51,62.49%,62.39%,0.45742,2026-08-20
RUN,9.36,2026-08-21,1,Put,12.00,+28.21%,2.48,2.47,2.7,1227,814,1.51,64.04%,235.93%,-0.974614,2026-08-20
UNH,384.85,2026-08-28,8,Put,420.00,+9.13%,34.2,35.2,36.7,1314,869,1.51,28.21%,34.74%,-0.954445,2026-08-20
CIFR,17.21,2026-08-21,1,Put,23.00,+33.64%,5.2,6.6,7.1,1324,879,1.51,103.91%,505.34%,-0.832512,2026-08-20
JOBY,7.58,2026-08-21,1,Put,10.00,+31.93%,2.33,2.62,2.62,1385,915,1.51,66.26%,367.08%,-0.91088,2026-08-20
AMD,469.45,2026-09-04,15,Put,420.00,-10.53%,3.8,4.71,5,1476,979,1.51,54.06%,56.67%,-0.1496,2026-08-20
INTC,92.13,2026-08-24,4,Call,98.00,-6.37%,0.3,0.32,0.37,1556,1029,1.51,62.34%,51.99%,0.135299,2026-08-20
NOK,10.15,2026-08-21,1,Put,11.50,+13.30%,1.1,1.31,1.38,2032,1343,1.51,59.63%,132.15%,-0.961878,2026-08-20
SMCI,36.5,2026-08-21,1,Put,44.00,+20.55%,6.7,8.1,8.1,2070,1373,1.51,75.57%,353.21%,-0.820755,2026-08-20
CIFR,17.21,2026-08-21,1,Put,19.50,+13.31%,2,2.59,2.9,2106,1398,1.51,103.91%,225.75%,-0.840854,2026-08-20
STM,49.92,2026-08-21,1,Put,55.00,+10.18%,4.9,5.25,5.3,2202,1457,1.51,52.68%,93.40%,-0.975313,2026-08-20
PL,22.17,2026-08-21,1,Put,27.00,+21.79%,3.7,5.4,5.3,503,335,1.5,97.29%,428.84%,-0.778081,2026-08-20
ARM,250.72,2026-09-18,29,Put,430.00,+71.51%,177.35,182.3,181.25,507,338,1.5,67.38%,86.24%,-0.993586,2026-08-20
NCLH,16.75,2027-01-15,148,Put,30.00,+79.10%,12.7,13.34,13.7,508,339,1.5,43.08%,63.37%,-0.918984,2026-08-20
NEE,85.03,2026-08-21,1,Put,88.00,+3.49%,1.98,2.3,3.7,511,340,1.5,20.73%,32.20%,-0.979056,2026-08-20
KEY,21.85,2026-08-21,1,Put,24.00,+9.84%,1.85,2.2,2.25,519,346,1.5,23.57%,124.55%,-0.920248,2026-08-20
HIMX,13.67,2026-08-21,1,Put,16.00,+17.04%,2.05,2.3,3.1,541,360,1.5,79.63%,326.80%,-0.798045,2026-08-20
IBM,233.69,2026-09-18,29,Put,290.00,+24.10%,54.9,56.2,57.45,543,362,1.5,32.97%,33.70%,-0.994451,2026-08-20
NVO,46.14,2026-08-21,1,Put,49.50,+7.28%,3,2.94,3.45,555,370,1.5,31.53%,58.92%,-0.988098,2026-08-20
BABA,130.53,2026-08-28,8,Call,132.00,-1.13%,2.7,2.82,2.97,562,374,1.5,40.40%,45.37%,0.447403,2026-08-20
UUUU,13.9,2026-08-21,1,Put,16.00,+15.11%,1.83,2.53,2.45,568,379,1.5,70.76%,179.34%,-0.926839,2026-08-20
NCLH,16.75,2026-09-18,29,Put,25.00,+49.25%,7.85,7.81,10.4,591,394,1.5,43.08%,159.35%,-0.747532,2026-08-20
HON,218.32,2026-08-21,1,Put,232.50,+6.50%,13.9,12.6,15.6,629,419,1.5,27.78%,95.92%,-0.890319,2026-08-20
UEC,11.15,2026-08-21,1,Put,15.00,+34.53%,3.6,3.9,4.15,635,422,1.5,63.66%,306.25%,-0.961767,2026-08-20
WFC,83.7,2026-09-18,29,Put,95.00,+13.50%,9.25,10.25,12.25,652,435,1.5,22.96%,23.17%,-0.98269,2026-08-20
CORZ,18.39,2026-08-21,1,Put,23.50,+27.79%,4.9,5.06,5.65,659,438,1.5,71.96%,354.15%,-0.890681,2026-08-20
NVO,46.14,2026-08-21,1,Put,51.00,+10.53%,4.65,5.05,5.1,676,451,1.5,31.53%,87.08%,-0.985037,2026-08-20
ONON,29.9,2027-01-15,148,Put,52.50,+75.59%,21.5,21.53,23.8,681,454,1.5,38.11%,56.56%,-0.950701,2026-08-20
TTD,13.32,2026-08-21,1,Put,18.50,+38.89%,4.15,5.45,6.25,710,473,1.5,53.74%,312.25%,-0.973249,2026-08-20
CRWV,89.76,2026-08-21,1,Put,107.00,+19.21%,16.7,17.8,17.65,743,494,1.5,76.12%,254.20%,-0.895078,2026-08-20
ON,74.71,2026-09-18,29,Put,105.00,+40.54%,28.65,28.65,32.35,748,499,1.5,53.41%,72.85%,-0.946809,2026-08-20
CVNA,71.52,2027-01-15,148,Put,140.00,+95.75%,67.65,68.53,70.2,750,500,1.5,55.34%,71.73%,-0.919163,2026-08-20
BTDR,10.43,2026-08-21,1,Put,14.50,+39.02%,3.7,3.8,4.4,754,502,1.5,104.14%,293.88%,-0.980709,2026-08-20
TXN,265.6,2026-08-21,1,Put,295.00,+11.07%,27.55,27.95,30.9,763,508,1.5,38.39%,76.87%,-0.995649,2026-08-20
AXP,331.15,2026-08-21,1,Put,350.00,+5.69%,17.6,17.41,19.4,786,525,1.5,23.86%,43.82%,-0.99334,2026-08-20
TRIP,10.03,2026-08-21,1,Put,12.00,+19.64%,1.9,1.9,2.1,791,526,1.5,51.13%,217.63%,-0.935509,2026-08-20
CIFR,17.21,2026-08-21,1,Put,23.50,+36.55%,5.7,6.95,7.75,794,529,1.5,103.91%,561.89%,-0.819147,2026-08-20
TTD,13.32,2026-08-21,1,Put,18.00,+35.14%,3.7,4.8,5.75,809,538,1.5,53.74%,333.27%,-0.949476,2026-08-20
NFLX,80.14,2026-08-21,1,Put,87.00,+8.56%,5.4,6.7,7.75,859,572,1.5,32.23%,70.78%,-0.987031,2026-08-20
CAT,815.39,2026-08-21,1,Put,875.00,+7.31%,57.35,74.73,64,862,575,1.5,36.12%,88.96%,-0.932287,2026-08-20
LEVI,21.23,2026-08-21,1,Put,23.00,+8.34%,1.45,1.7,1.9,867,578,1.5,30.66%,80.79%,-0.96956,2026-08-20
TJX,140.69,2026-09-11,22,Put,160.00,+13.73%,18.3,20.89,21.1,890,593,1.5,21.08%,37.85%,-0.912019,2026-08-20
MBLY,8.88,2026-08-21,1,Put,11.00,+23.87%,1.97,2.16,2.55,891,593,1.5,56.23%,379.92%,-0.835741,2026-08-20
CAKE,106.53,2026-09-18,29,Call,110.00,-3.26%,3,3.32,3.4,913,610,1.5,40.50%,38.24%,0.410626,2026-08-20
M,22.58,2026-08-21,1,Put,26.00,+15.15%,3.2,3.2,3.5,934,621,1.5,54.65%,127.94%,-0.980888,2026-08-20
MRNA,133.32,2028-12-15,848,Call,25.00,+81.25%,110,115.06,114.5,941,627,1.5,109.77%,76.62%,0.982183,2026-08-20
NRG,115.36,2026-08-21,1,Put,130.00,+12.69%,14.1,14.82,15.2,944,629,1.5,45.05%,93.01%,-0.992907,2026-08-20
RIVN,16.01,2026-08-21,1,Put,19.00,+18.68%,2.77,2.78,4.2,959,638,1.5,53.98%,427.32%,-0.743293,2026-08-20
STNE,9.16,2026-08-21,1,Put,11.00,+20.09%,1.6,1.86,1.9,964,641,1.5,38.72%,207.70%,-0.948512,2026-08-20
CPNG,16.26,2026-08-21,1,Put,18.00,+10.70%,1.36,2.1,2.3,965,642,1.5,42.92%,167.47%,-0.867747,2026-08-20
CVNA,71.52,2026-08-21,1,Put,78.00,+9.06%,6.15,8.15,6.75,984,656,1.5,55.34%,265.04%,-0.710699,2026-08-20
UMC,18,2026-08-21,1,Put,21.00,+16.67%,2.7,3.3,3.3,994,662,1.5,60.30%,314.18%,-0.803792,2026-08-20
BA,215.1,2026-09-18,29,Put,255.00,+18.55%,36.1,37.65,40.25,1040,693,1.5,30.38%,24.57%,-0.994293,2026-08-20
CORZ,18.39,2026-08-21,1,Put,20.50,+11.47%,1.91,2.13,2.36,1112,739,1.5,71.96%,125.76%,-0.947317,2026-08-20
NYT,65.3,2026-08-21,1,Put,72.50,+11.03%,5.7,7.8,7.8,1125,750,1.5,27.95%,200.31%,-0.827651,2026-08-20
AAL,13.52,2026-08-21,1,Call,13.50,+0.15%,0.12,0.14,0.15,1138,759,1.5,44.53%,44.18%,0.530423,2026-08-20
QXO,13.34,2026-08-21,1,Put,17.00,+27.44%,3.4,3.5,4,1155,770,1.5,60.51%,275.06%,-0.946622,2026-08-20
VALE,14.23,2026-08-21,1,Put,16.00,+12.44%,1.49,1.69,2.3,1213,808,1.5,32.79%,210.96%,-0.843079,2026-08-20
ASTS,65.06,2026-08-21,1,Put,125.00,+92.13%,58.35,62.9,61.65,1296,864,1.5,76.09%,520.36%,-0.988332,2026-08-20
ASTS,65.06,2026-08-21,1,Put,120.00,+84.45%,53.25,57.08,55.9,1300,866,1.5,76.09%,936.09%,-0.842437,2026-08-20
NOK,10.15,2026-09-04,15,Call,10.50,-3.45%,0.35,0.38,0.39,1338,890,1.5,59.63%,62.67%,0.422202,2026-08-20
JD,29.41,2026-08-21,1,Put,31.50,+7.11%,1.65,2.29,3.35,1435,956,1.5,30.02%,183.06%,-0.748707,2026-08-20
SKHY,163.08,2026-08-28,8,Call,165.00,-1.18%,6.2,6.49,6.6,1476,982,1.5,73.65%,75.00%,0.48295,2026-08-20
NVO,46.14,2027-01-15,148,Put,70.00,+51.71%,23.05,23.9,25.1,1496,996,1.5,31.53%,24.39%,-0.967707,2026-08-20
JD,29.41,2026-08-21,1,Put,32.00,+8.81%,1.51,2.83,3,1527,1016,1.5,30.02%,166.02%,-0.823723,2026-08-20
WULF,16.45,2026-08-21,1,Put,26.00,+58.05%,9.25,10.5,10.5,1915,1276,1.5,89.17%,667.66%,-0.871642,2026-08-20
WULF,16.45,2026-08-21,1,Put,22.00,+33.74%,5.45,6.14,5.65,2098,1397,1.5,89.17%,606.36%,-0.775603,2026-08-20
NCLH,16.75,2026-08-21,1,Put,20.00,+19.40%,3.2,3.32,3.6,2164,1438,1.5,43.08%,282.29%,-0.869979,2026-08-20
CORZ,18.39,2026-08-21,1,Put,21.50,+16.91%,2.89,2.87,3.7,2282,1520,1.5,71.96%,268.26%,-0.851392,2026-08-20
MERC,0.4299,2027-02-19,183,Put,1.0000,+132.56%,0.6,0.65,0.7,3000,2000,1.5,518.45%,98.17%,-0.681669,2026-08-20
CSCO,109.59,2026-08-21,1,Put,121.00,+10.41%,11.05,11.53,11.7,3078,2050,1.5,29.07%,111.72%,-0.95211,2026-08-20
ASTS,65.06,2026-08-21,1,Put,100.00,+53.70%,33.75,35.3,36.65,3161,2103,1.5,76.09%,454.14%,-0.954522,2026-08-20
BB,8.14,2026-08-21,1,Put,11.00,+35.14%,2.66,2.92,2.92,3222,2145,1.5,59.26%,391.61%,-0.914142,2026-08-20
GME,18.04,2026-08-21,1,Put,21.00,+16.41%,2.92,3.1,3.15,4236,2821,1.5,47.58%,204.60%,-0.913884,2026-08-20
SMR,9.07,2026-08-21,1,Put,11.00,+21.28%,1.88,2.3,2.24,5368,3574,1.5,77.82%,344.49%,-0.836378,2026-08-20
CORZ,18.39,2026-08-21,1,Put,21.00,+14.19%,2.2,2.63,2.97,5651,3765,1.5,71.96%,141.70%,-0.960383,2026-08-20
CIFR,17.21,2026-08-21,1,Put,21.00,+22.02%,3.2,4.12,5.2,7499,4989,1.5,103.91%,418.99%,-0.787496,2026-08-20
HOOD,95.1,2026-08-28,8,Call,105.00,-10.41%,0.84,0.88,0.9,3465,2324,1.49,61.95%,67.82%,0.176639,2026-08-20
ONDS,8.38,2026-08-21,1,Call,8.50,-1.43%,0.1,0.11,0.11,5630,3772,1.49,79.27%,89.36%,0.390305,2026-08-20
SPCX,134,2026-09-04,15,Call,139.00,-3.73%,4.85,4.8,4.95,500,335,1.49,62.49%,63.86%,0.418089,2026-08-20
JPM,351.55,2026-08-28,8,Put,352.50,+0.27%,3.85,3.97,4.45,735,492,1.49,20.75%,17.93%,-0.530251,2026-08-20
QSR,79.55,2026-10-16,57,Call,82.50,-3.71%,1.25,1.26,1.75,826,555,1.49,22.92%,21.23%,0.349138,2026-08-20
HIMS,31.86,2026-08-28,8,Call,38.00,-19.27%,0.15,0.19,0.22,874,587,1.49,74.34%,87.82%,0.099505,2026-08-20
VIK,90.53,2026-08-21,1,Call,95.00,-4.94%,0,0.15,0.35,1035,696,1.49,35.00%,72.88%,0.107165,2026-08-20
WULF,16.45,2026-08-21,1,Put,21.00,+27.66%,4.45,4.6,4.65,1115,748,1.49,89.17%,267.50%,-0.952713,2026-08-20
MBLY,8.88,2026-10-02,43,Call,1.00,+88.74%,7.2,7.86,8.05,1569,1053,1.49,56.23%,259.70%,0.998135,2026-08-20
MARA,11.15,2026-08-28,8,Call,13.00,-16.59%,0.13,0.13,0.14,2122,1427,1.49,87.96%,98.91%,0.16608,2026-08-20
KSS,17.33,2026-12-18,120,Put,11.00,-36.53%,0.16,0.42,0.67,543,367,1.48,79.45%,74.33%,-0.098314,2026-08-20
SNDK,1600.62,2026-08-21,1,Call,"1,730.00",-8.08%,2.3,2.7,2.45,773,522,1.48,83.23%,97.53%,0.067433,2026-08-20
FRMI,5.97,2026-08-28,8,Call,5.50,+7.87%,0.5,0.63,0.7,1117,756,1.48,102.48%,90.53%,0.753286,2026-08-20
GOOGL,340.67,2026-08-24,4,Call,345.00,-1.27%,1.31,1.58,1.79,1176,793,1.48,28.21%,22.53%,0.305679,2026-08-20
GLW,151.45,2026-08-21,1,Put,175.00,+15.55%,22.3,23.65,24.9,1426,962,1.48,62.33%,127.42%,-0.983924,2026-08-20
STM,49.92,2026-08-21,1,Put,64.00,+28.21%,13.9,14.02,14.4,2965,2009,1.48,52.68%,245.56%,-0.969336,2026-08-20
IOVA,8.99,2026-09-18,29,Call,10.00,-11.23%,0.65,0.67,0.75,4722,3192,1.48,101.71%,105.83%,0.421462,2026-08-20
NVDA,216.85,2026-08-28,8,Call,230.00,-6.06%,2.43,2.45,2.47,39712,26885,1.48,40.45%,54.19%,0.246583,2026-08-20
AMZN,260.11,2026-08-24,4,Call,267.50,-2.84%,0.48,0.51,0.55,2409,1638,1.47,29.42%,24.97%,0.148321,2026-08-20
NBIS,220.11,2026-08-28,8,Call,250.00,-13.58%,3.3,3.65,3.65,2425,1645,1.47,90.87%,96.79%,0.208528,2026-08-20
PLTR,173.96,2026-08-28,8,Put,162.50,-6.59%,1.13,1.15,1.18,2442,1660,1.47,46.62%,49.60%,-0.164873,2026-08-20
BSX,49.37,2026-08-21,1,Put,49.00,-0.75%,0.1,0.15,0.3,2621,1779,1.47,36.91%,34.70%,-0.3343,2026-08-20
MRVL,251.01,2026-08-21,1,Call,255.00,-1.59%,2.88,2.98,3.05,3522,2390,1.47,81.78%,88.66%,0.376527,2026-08-20
JD,29.41,2026-08-21,1,Put,31.00,+5.41%,1.17,1.95,2.21,4111,2804,1.47,30.02%,89.93%,-0.86411,2026-08-20
NVDA,216.85,2026-08-24,4,Put,220.00,+1.45%,4,4.2,4.45,7662,5200,1.47,40.45%,25.97%,-0.694745,2026-08-20
SPCX,134,2026-08-28,8,Put,125.00,-6.72%,1.6,1.62,1.65,7975,5415,1.47,62.49%,63.90%,-0.214834,2026-08-20
CSGP,32.26,2027-03-19,211,Call,45.00,-39.49%,1.8,1.85,1.9,21499,14624,1.47,52.18%,52.34%,0.281132,2026-08-20
INTC,92.13,2026-08-24,4,Put,94.00,+2.03%,2.9,2.79,3.1,570,389,1.47,62.34%,49.96%,-0.638161,2026-08-20
NBIS,220.11,2026-08-28,8,Call,225.00,-2.22%,9.8,10.2,10.5,1085,738,1.47,90.87%,94.18%,0.46724,2026-08-20
B,46.27,2026-10-16,57,Call,44.00,+4.91%,4.5,4.65,4.75,1118,760,1.47,45.69%,46.31%,0.648463,2026-08-20
BABA,130.53,2026-08-28,8,Call,128.00,+1.94%,4.55,4.7,4.9,1333,907,1.47,40.40%,43.25%,0.632467,2026-08-20
NBIS,220.11,2026-08-21,1,Put,275.00,+24.94%,53.3,57,56.35,1847,1255,1.47,90.87%,336.78%,-0.879997,2026-08-20
HOOD,95.1,2026-09-04,15,Call,110.00,-15.67%,0.97,1.02,1.08,1918,1304,1.47,61.95%,66.95%,0.160169,2026-08-20
AMD,469.45,2026-08-21,1,Call,460.00,+2.01%,11.3,11.6,12.1,2081,1411,1.47,54.06%,59.18%,0.750355,2026-08-20
WDC,469.05,2026-08-21,1,Put,555.00,+18.32%,83,85,90,666,457,1.46,72.21%,173.84%,-0.964575,2026-08-20
DAL,81.06,2026-08-28,8,Call,86.00,-6.09%,0.18,0.22,0.27,714,490,1.46,34.77%,32.83%,0.118718,2026-08-20
TSLA,345.13,2026-08-28,8,Put,275.00,-20.32%,0.09,0.1,0.11,1110,759,1.46,40.58%,65.98%,-0.008617,2026-08-20
PENG,51.14,2026-08-21,1,Put,60.00,+17.32%,8.1,8.87,9.5,1863,1280,1.46,87.32%,131.48%,-0.989493,2026-08-20
NTNX,66.33,2028-12-15,848,Put,65.00,-2.01%,14.7,16.55,17.5,2245,1541,1.46,63.77%,50.58%,-0.318597,2026-08-20
PLTR,173.96,2026-08-28,8,Put,175.00,+0.60%,5.25,5.32,5.4,2732,1872,1.46,46.62%,47.11%,-0.516718,2026-08-20
VRT,264.63,2026-08-21,1,Put,300.00,+13.37%,34.75,36.32,37.2,2907,1991,1.46,55.67%,156.28%,-0.932366,2026-08-20
LITE,879.28,2026-08-21,1,Call,870.00,+1.06%,20.2,20.9,21.5,3089,2109,1.46,78.92%,86.11%,0.602636,2026-08-20
ONON,29.9,2026-09-18,29,Call,32.50,-8.70%,0.4,0.46,0.54,4146,2842,1.46,38.11%,39.29%,0.250898,2026-08-20
GOOGL,340.67,2026-08-21,1,Put,342.50,+0.54%,2.99,3.23,3.4,4323,2960,1.46,28.21%,30.51%,-0.626765,2026-08-20
HOOD,95.1,2026-08-21,1,Call,99.00,-4.10%,0.36,0.39,0.4,6980,4776,1.46,61.95%,81.02%,0.177684,2026-08-20
TSLA,345.13,2026-08-28,8,Call,340.00,+1.49%,11.15,11.36,11.7,3417,2358,1.45,40.58%,41.80%,0.612501,2026-08-20
GOOG,338.2,2026-08-28,8,Call,340.00,-0.53%,4.6,4.8,4.95,5488,3772,1.45,28.06%,27.55%,0.463459,2026-08-20
GOOG,338.2,2026-08-21,1,Put,335.00,-0.95%,0.88,0.96,1.04,5795,4004,1.45,28.06%,31.43%,-0.277213,2026-08-20
IREN,42.6,2026-09-18,29,Put,22.00,-48.36%,0.03,0.11,0.11,6063,4175,1.45,100.68%,114.16%,-0.013117,2026-08-20
GOOGL,340.67,2026-08-21,1,Call,340.00,+0.20%,2.55,2.64,2.76,7571,5226,1.45,28.21%,32.19%,0.552021,2026-08-20
INTC,92.13,2026-08-21,1,Put,90.00,-2.31%,0.41,0.43,0.44,24578,16939,1.45,62.34%,63.30%,-0.234257,2026-08-20
BIDU,91.97,2026-08-21,1,Put,103.00,+11.99%,9.15,11.31,11.4,542,373,1.45,41.41%,154.38%,-0.913371,2026-08-20
BA,215.1,2026-09-04,15,Call,235.00,-9.25%,0.31,0.49,0.58,598,412,1.45,30.38%,30.04%,0.077224,2026-08-20
ZVRA,11.89,2027-12-17,484,Put,8.00,-32.72%,0.8,1.28,4.9,640,442,1.45,58.80%,113.16%,-0.163175,2026-08-20
CHRW,143.83,2026-08-21,1,Put,160.00,+11.24%,14.1,14.31,17.7,736,506,1.45,33.17%,82.35%,-0.993361,2026-08-20
BABA,130.53,2026-09-04,15,Call,130.00,+0.41%,3.75,4.35,5,912,628,1.45,40.40%,38.89%,0.536669,2026-08-20
NIO,4.53,2026-09-25,36,Call,4.50,+0.66%,0.33,0.33,0.35,1156,800,1.45,57.76%,56.08%,0.558265,2026-08-20
META,545.83,2026-08-28,8,Call,570.00,-4.43%,3.9,3.98,4.15,1255,867,1.45,35.58%,37.86%,0.231931,2026-08-20
AMD,469.45,2027-12-17,484,Put,300.00,-36.10%,31.85,34.03,35.85,1513,1045,1.45,54.06%,59.87%,-0.145427,2026-08-20
MSTR,112.39,2028-01-21,519,Call,230.00,-104.64%,20.9,21.5,23.75,511,355,1.44,78.08%,83.83%,0.436861,2026-08-20
SNDK,1600.62,2026-08-21,1,Put,"1,545.00",-3.47%,9.3,9,9.6,549,382,1.44,83.23%,89.11%,-0.21664,2026-08-20
MSFT,481.15,2026-08-24,4,Put,480.00,-0.24%,3.35,3.74,3.75,555,385,1.44,26.37%,20.73%,-0.447104,2026-08-20
MU,974.33,2026-08-24,4,Call,"1,020.00",-4.69%,6.3,6.75,6.85,729,507,1.44,65.40%,53.48%,0.216723,2026-08-20
BABA,130.53,2026-12-18,120,Call,220.00,-68.54%,0.35,0.57,0.79,827,576,1.44,40.40%,48.72%,0.042273,2026-08-20
AAL,13.52,2026-10-16,57,Call,16.00,-18.34%,0.25,0.27,0.27,896,622,1.44,44.53%,46.20%,0.203903,2026-08-20
SPCX,134,2026-08-28,8,Call,149.00,-11.19%,1.09,1.14,1.13,1007,697,1.44,62.49%,68.55%,0.161797,2026-08-20
CVNA,71.52,2026-08-28,8,Call,71.00,+0.73%,2.64,2.78,2.95,1022,710,1.44,55.34%,59.36%,0.554108,2026-08-20
IBM,233.69,2026-08-21,1,Put,250.00,+6.98%,14.8,16.35,18.05,1067,743,1.44,32.97%,70.58%,-0.96472,2026-08-20
AAPL,311.3,2026-08-28,8,Call,317.50,-1.99%,2.19,2.3,2.4,1822,1265,1.44,25.01%,25.26%,0.312233,2026-08-20
TSLA,345.13,2026-08-24,4,Put,325.00,-5.83%,0.32,0.33,0.33,1945,1355,1.44,40.58%,36.87%,-0.056392,2026-08-20
TRGP,302.25,2026-08-21,1,Call,290.00,+4.05%,10.5,11.4,13.5,2045,1418,1.44,30.74%,29.26%,0.99661,2026-08-20
AMD,469.45,2026-08-21,1,Put,455.00,-3.08%,1.16,1.26,1.31,2759,1915,1.44,54.06%,60.39%,-0.156687,2026-08-20
RDDT,150.31,2026-08-21,1,Put,170.00,+13.10%,19.05,20.32,21.3,2898,2015,1.44,56.73%,166.51%,-0.914538,2026-08-20
MU,974.33,2026-08-21,1,Put,890.00,-8.66%,0.26,0.28,0.32,3506,2442,1.44,65.40%,83.78%,-0.018391,2026-08-20
BX,141.35,2026-09-18,29,Put,140.00,-0.96%,4.7,4.85,4.9,3565,2480,1.44,36.24%,34.64%,-0.439597,2026-08-20
FCX,71.22,2026-12-18,120,Call,80.00,-12.33%,5.25,5.46,5.8,6704,4649,1.44,51.08%,52.42%,0.418156,2026-08-20
BAC,61.86,2026-08-21,1,Put,62.00,+0.23%,0.28,0.34,0.38,3754,2632,1.43,20.97%,19.76%,-0.583031,2026-08-20
BMNR,21.57,2026-09-11,22,Call,21.50,+0.32%,1.44,1.81,1.74,561,391,1.43,79.25%,72.82%,0.547374,2026-08-20
ELVA,6.68,2026-11-20,92,Put,7.50,+12.28%,1.5,1.55,2.4,595,417,1.43,114.19%,110.45%,-0.468536,2026-08-20
MARA,11.15,2026-09-04,15,Call,12.50,-12.11%,0.31,0.41,0.4,718,503,1.43,87.96%,90.44%,0.300247,2026-08-20
CRCL,83.66,2026-08-21,1,Put,79.00,-5.57%,0.31,0.35,0.4,786,550,1.43,85.88%,106.34%,-0.144754,2026-08-20
SPCX,134,2026-08-28,8,Put,121.00,-9.70%,0.86,0.84,0.91,843,591,1.43,62.49%,64.78%,-0.131435,2026-08-20
MSTR,112.39,2026-08-28,8,Call,135.00,-20.12%,0.87,1.02,1.02,937,657,1.43,78.08%,99.73%,0.122538,2026-08-20
PFE,27.79,2026-08-28,8,Put,28.00,+0.76%,0.41,0.44,0.5,1474,1034,1.43,22.44%,20.10%,-0.600081,2026-08-20
VRT,264.63,2026-09-18,29,Put,190.00,-28.20%,0.29,0.57,0.7,1775,1241,1.43,55.67%,63.77%,-0.025734,2026-08-20
AMPX,10.2,2026-08-21,1,Put,13.00,+27.45%,2.75,2.95,3.1,517,364,1.42,82.07%,382.52%,-0.866792,2026-08-20
SLB,53.55,2027-06-17,301,Put,47.50,-11.30%,3.25,3.4,3.6,627,443,1.42,31.19%,34.55%,-0.278435,2026-08-20
GOOG,338.2,2026-08-21,1,Put,365.00,+7.92%,26.45,26.55,28.55,756,534,1.42,28.06%,104.85%,-0.91351,2026-08-20
TSLA,345.13,2026-08-28,8,Put,325.00,-5.83%,1.71,1.75,1.76,2210,1556,1.42,40.58%,41.41%,-0.153217,2026-08-20
ORCL,142.07,2026-08-21,1,Put,143.00,+0.65%,2.05,2.57,2.54,2211,1558,1.42,69.89%,60.36%,-0.575029,2026-08-20
NKE,40.21,2026-08-21,1,Put,42.00,+4.45%,1.49,1.55,1.96,3224,2268,1.42,33.63%,43.33%,-0.971775,2026-08-20
TSLA,345.13,2026-08-28,8,Put,335.00,-2.94%,3.9,4,4,8492,6001,1.42,40.58%,40.36%,-0.294582,2026-08-20
NBIS,220.11,2026-08-21,1,Put,200.00,-9.14%,0.24,0.26,0.28,9412,6615,1.42,90.87%,111.77%,-0.047611,2026-08-20
NVDA,216.85,2026-08-24,4,Call,225.00,-3.76%,0.33,0.32,0.34,18460,13029,1.42,40.45%,28.13%,0.109973,2026-08-20
ACHR,6.09,2026-08-28,8,Call,6.50,-6.73%,0.11,0.13,0.13,2622,1859,1.41,70.04%,74.48%,0.298529,2026-08-20
ALMS,22.86,2026-09-18,29,Call,45.00,-96.85%,0.7,1.07,1.45,4045,2864,1.41,209.02%,204.72%,0.189351,2026-08-20
CIFR,17.21,2026-09-18,29,Put,16.00,-7.03%,1.32,1.26,1.65,4306,3058,1.41,103.91%,110.42%,-0.345513,2026-08-20
MU,974.33,2026-09-11,22,Put,915.00,-6.09%,32,36.72,34.5,501,355,1.41,65.40%,63.72%,-0.311509,2026-08-20
APPS,10.71,2026-08-21,1,Put,14.00,+30.72%,3,3.15,3.4,507,360,1.41,78.54%,246.36%,-0.978132,2026-08-20
MRVL,251.01,2026-09-11,22,Put,220.00,-12.35%,7.5,8.06,8.45,530,377,1.41,81.78%,86.47%,-0.230804,2026-08-20
CPNG,16.26,2026-08-21,1,Put,19.00,+16.85%,2.35,2.73,3.25,670,475,1.41,42.92%,204.75%,-0.919239,2026-08-20
TSLA,345.13,2026-08-24,4,Put,320.00,-7.28%,0.18,0.2,0.19,850,602,1.41,40.58%,39.75%,-0.032406,2026-08-20
INTC,92.13,2026-09-02,13,Call,100.00,-8.54%,1.58,1.78,1.95,991,704,1.41,62.34%,64.43%,0.272729,2026-08-20
RGTI,16.07,2026-08-21,1,Put,22.00,+36.90%,5.2,6.25,6.45,993,703,1.41,74.85%,521.98%,-0.844744,2026-08-20
UBER,78.55,2026-08-28,8,Call,82.00,-4.39%,0.46,0.51,0.52,997,709,1.41,33.97%,35.08%,0.215809,2026-08-20
NBIS,220.11,2026-08-21,1,Put,217.50,-1.19%,3.15,3.43,3.65,1101,782,1.41,90.87%,100.60%,-0.399552,2026-08-20
AMD,469.45,2028-06-16,666,Put,320.00,-31.84%,49.1,53.88,56.45,1500,1067,1.41,54.06%,59.71%,-0.171944,2026-08-20
WBD,28.23,2026-09-04,15,Put,27.50,-2.59%,0,0.15,0.15,707,506,1.4,22.72%,14.38%,-0.168901,2026-08-20
KOPN,4.89,2026-10-02,43,Call,0.50,+89.78%,4.3,4.52,5.1,953,679,1.4,94.63%,841.43%,0.987299,2026-08-20
APLD,28.65,2026-09-04,15,Call,27.50,+4.01%,2.43,2.52,2.8,1855,1329,1.4,86.88%,86.61%,0.629166,2026-08-20
HOOD,95.1,2026-08-21,1,Call,100.00,-5.15%,0.25,0.26,0.27,31178,22264,1.4,61.95%,82.92%,0.12845,2026-08-20
AAPL,311.3,2026-08-24,4,Call,315.00,-1.19%,1.25,1.34,1.4,2699,1938,1.39,25.01%,21.07%,0.305571,2026-08-20
HTZ,2.09,2026-08-28,8,Put,2.50,+19.62%,0.43,0.45,0.48,3171,2275,1.39,100.24%,135.31%,-0.786044,2026-08-20
CAPR,6.84,2026-09-18,29,Call,12.00,-75.44%,0.65,1.6,1.9,3329,2400,1.39,335.59%,322.15%,0.435365,2026-08-20
AAL,13.52,2026-09-18,29,Call,14.00,-3.55%,0.47,0.5,0.5,5053,3645,1.39,44.53%,45.09%,0.417219,2026-08-20
AGI,36.69,2026-09-18,29,Call,36.00,+1.88%,1.85,2.45,3.4,503,362,1.39,50.51%,54.28%,0.58577,2026-08-20
TTD,13.32,2026-08-21,1,Put,17.00,+27.63%,2.91,3.7,3.9,712,514,1.39,53.74%,244.84%,-0.967262,2026-08-20
SNDK,1600.62,2026-08-21,1,Put,"1,630.00",+1.84%,45.3,45.8,48.4,828,595,1.39,83.23%,88.93%,-0.64281,2026-08-20
SPCX,134,2026-09-04,15,Call,135.00,-0.75%,6.45,6.7,6.6,847,609,1.39,62.49%,63.69%,0.507382,2026-08-20
WMT,103.84,2026-09-04,15,Call,115.00,-10.75%,0.11,0.15,0.14,994,714,1.39,22.30%,29.60%,0.049179,2026-08-20
ASTS,65.06,2026-11-20,92,Call,175.00,-168.98%,0.55,0.57,0.83,1042,751,1.39,76.09%,105.52%,0.056535,2026-08-20
SPCE,3.08,2026-09-04,15,Call,3.50,-13.64%,0.07,0.1,0.13,1067,767,1.39,81.33%,96.43%,0.291629,2026-08-20
MO,66.94,2026-08-28,8,Call,66.00,+1.40%,1.38,1.59,1.91,1455,1045,1.39,25.12%,28.90%,0.633624,2026-08-20
ASST,16.13,2026-08-21,1,Call,16.00,+0.81%,0.33,0.61,0.61,669,484,1.38,96.39%,119.50%,0.564449,2026-08-20
LULU,115.69,2026-08-21,1,Put,130.00,+12.37%,12.95,13.4,15.35,962,698,1.38,56.65%,92.69%,-0.992194,2026-08-20
KO,90.5,2026-11-20,92,Call,100.00,-10.50%,0.87,0.93,1,1040,754,1.38,18.59%,20.63%,0.189799,2026-08-20
ORCL,142.07,2026-08-21,1,Call,147.00,-3.47%,0.28,0.31,0.37,1173,847,1.38,69.89%,60.22%,0.143533,2026-08-20
SNDK,1600.62,2026-08-28,8,Call,"1,800.00",-12.46%,22.5,23,23.5,2116,1530,1.38,83.23%,88.93%,0.206127,2026-08-20
MU,974.33,2026-08-21,1,Call,930.00,+4.55%,45.1,47,48,2177,1573,1.38,65.40%,74.83%,0.887054,2026-08-20
BA,215.1,2026-08-21,1,Call,215.00,+0.05%,1.69,1.98,2.02,2306,1672,1.38,30.38%,40.20%,0.512919,2026-08-20
SKHY,163.08,2026-09-18,29,Put,155.00,-4.95%,8.9,9.2,9.7,2525,1835,1.38,73.65%,73.51%,-0.359319,2026-08-20
SPCX,134,2026-09-04,15,Put,130.00,-2.99%,4.85,5,5,3270,2375,1.38,62.49%,63.87%,-0.378899,2026-08-20
NOK,10.15,2026-08-21,1,Put,14.00,+37.93%,3.8,3.86,3.9,4377,3171,1.38,59.63%,0.00%,-1.,2026-08-20
SKHY,163.08,2026-08-21,1,Call,170.00,-4.24%,0.55,0.6,0.65,4476,3235,1.38,73.65%,80.38%,0.16741,2026-08-20
MU,974.33,2026-08-21,1,Put,880.00,-9.68%,0.16,0.16,0.2,3779,2762,1.37,65.40%,86.68%,-0.011638,2026-08-20
RIG,6.01,2026-12-18,120,Put,6.00,-0.17%,0.61,0.61,0.65,5988,4385,1.37,44.59%,43.19%,-0.463233,2026-08-20
TSLA,345.13,2026-08-21,1,Call,362.50,-5.03%,0.14,0.15,0.15,6180,4498,1.37,40.58%,52.51%,0.038443,2026-08-20
TSLA,345.13,2026-08-21,1,Call,357.50,-3.58%,0.33,0.32,0.35,14625,10683,1.37,40.58%,48.52%,0.08536,2026-08-20
TSLA,345.13,2026-08-28,8,Put,352.50,+2.14%,12.25,12.31,12.55,512,373,1.37,40.58%,40.57%,-0.622805,2026-08-20
KEEL,3.37,2026-10-02,43,Call,0.50,+85.16%,2.88,2.99,2.99,695,509,1.37,101.02%,412.30%,0.980258,2026-08-20
UAL,111.71,2026-10-16,57,Call,130.00,-16.37%,1.94,2.29,2.5,710,519,1.37,41.14%,45.15%,0.212822,2026-08-20
QXO,13.34,2026-08-21,1,Put,15.50,+16.19%,1.95,2.05,2.45,714,522,1.37,60.51%,190.05%,-0.927803,2026-08-20
AMZN,260.11,2026-08-21,1,Put,277.50,+6.69%,16.9,16.29,17.85,956,696,1.37,29.42%,52.10%,-0.992616,2026-08-20
MSTR,112.39,2026-08-28,8,Put,105.00,-6.58%,2.18,2.25,2.35,1531,1116,1.37,78.08%,80.51%,-0.262346,2026-08-20
TTD,13.32,2026-09-25,36,Put,12.00,-9.91%,0.24,0.33,0.34,2285,1671,1.37,53.74%,50.03%,-0.222699,2026-08-20
SE,117.24,2026-09-18,29,Put,105.00,-10.44%,0.99,1.26,1.5,502,368,1.36,42.06%,42.67%,-0.15906,2026-08-20
ALLY,42.29,2026-09-18,29,Put,41.00,-3.05%,0.5,0.6,0.8,509,375,1.36,26.32%,25.54%,-0.31708,2026-08-20
MRVL,251.01,2026-09-25,36,Call,320.00,-27.48%,6.2,7.16,7.55,509,374,1.36,81.78%,81.90%,0.211316,2026-08-20
GME,18.04,2026-12-18,120,Put,16.00,-11.31%,0.85,0.9,0.93,535,392,1.36,47.58%,42.68%,-0.281569,2026-08-20
WMT,103.84,2026-11-20,92,Call,100.00,+3.70%,7.9,8,8.2,639,470,1.36,22.30%,26.99%,0.653773,2026-08-20
MU,974.33,2026-08-24,4,Call,980.00,-0.58%,18.25,19.17,19.45,659,483,1.36,65.40%,52.43%,0.471631,2026-08-20
SHW,346.91,2026-08-21,1,Call,330.00,+4.87%,16.1,16.45,17.4,664,488,1.36,25.03%,34.98%,0.996919,2026-08-20
CELH,32.54,2026-08-28,8,Call,35.00,-7.56%,0.35,0.4,0.43,814,599,1.36,54.65%,62.57%,0.232085,2026-08-20
SPCX,134,2026-08-28,8,Put,134.00,0.00%,4.95,5.01,5.1,1529,1125,1.36,62.49%,64.13%,-0.478408,2026-08-20
WFC,83.7,2027-06-17,301,Put,72.50,-13.38%,3.3,3.27,3.85,2005,1469,1.36,22.96%,29.81%,-0.234877,2026-08-20
BIDU,91.97,2026-08-21,1,Put,101.00,+9.82%,6.95,8.9,10.8,2491,1837,1.36,41.41%,78.20%,-0.989194,2026-08-20
IONQ,41.53,2026-08-21,1,Put,50.00,+20.39%,8.1,8.59,8.8,5389,3966,1.36,78.16%,221.89%,-0.93833,2026-08-20
MARA,11.15,2026-08-21,1,Put,11.00,-1.35%,0.18,0.19,0.2,6801,4999,1.36,87.96%,111.81%,-0.396589,2026-08-20
NKE,40.21,2026-08-21,1,Put,42.50,+5.70%,2.1,2.13,2.51,8569,6311,1.36,33.63%,56.72%,-0.967819,2026-08-20
INTC,92.13,2026-08-21,1,Put,89.00,-3.40%,0.23,0.24,0.26,8727,6409,1.36,62.34%,64.74%,-0.149342,2026-08-20
WULF,16.45,2026-08-21,1,Put,19.00,+15.50%,2.47,3.39,2.64,10530,7736,1.36,89.17%,498.03%,-0.663999,2026-08-20
PYPL,62.3,2026-08-28,8,Call,62.00,+0.48%,1.58,1.74,1.99,2935,2170,1.35,34.43%,43.92%,0.546061,2026-08-20
TSM,416,2026-08-21,1,Call,417.50,-0.36%,2.48,2.63,2.79,821,607,1.35,34.68%,38.12%,0.433891,2026-08-20
AEVA,18.87,2026-09-18,29,Call,22.50,-19.24%,0.75,1,1.45,1087,803,1.35,101.05%,107.75%,0.337965,2026-08-20
RGTI,16.07,2028-01-21,519,Put,13.00,-19.10%,2.97,3.85,4.2,1109,820,1.35,74.85%,80.48%,-0.229888,2026-08-20
ROST,228.99,2026-08-21,1,Call,260.00,-13.54%,0.65,0.69,0.75,1187,881,1.35,41.91%,167.20%,0.079775,2026-08-20
AEO,16,2026-08-21,1,Put,17.00,+6.25%,0.94,1,1.03,1421,1051,1.35,70.46%,0.00%,-1.,2026-08-20
CELH,32.54,2026-08-21,1,Call,33.00,-1.41%,0.17,0.34,0.42,1440,1066,1.35,54.65%,71.60%,0.361954,2026-08-20
SPCX,134,2026-09-04,15,Call,190.00,-41.79%,0.15,0.17,0.19,528,394,1.34,62.49%,81.63%,0.021794,2026-08-20
CMCSA,26.42,2026-09-04,15,Call,26.00,+1.59%,0.81,0.83,0.98,649,484,1.34,28.31%,31.73%,0.607669,2026-08-20
TTD,13.32,2026-08-21,1,Put,19.00,+42.64%,5.45,5.77,5.85,808,602,1.34,53.74%,434.24%,-0.926378,2026-08-20
NOK,10.15,2026-09-25,36,Put,9.50,-6.40%,0.35,0.44,0.5,906,676,1.34,59.63%,57.92%,-0.32028,2026-08-20
SPCX,134,2026-08-28,8,Call,167.50,-25.00%,0.2,0.21,0.24,936,696,1.34,62.49%,80.79%,0.035999,2026-08-20
KLAC,185.86,2026-08-21,1,Put,210.00,+12.99%,23.2,24.2,25.4,942,702,1.34,55.83%,127.16%,-0.964416,2026-08-20
CDNS,313.59,2026-08-21,1,Put,340.00,+8.42%,24.3,29.3,28,1060,793,1.34,34.78%,170.95%,-0.804676,2026-08-20
PSNL,16.88,2027-01-15,148,Call,20.00,-18.48%,1,0.95,1.2,1267,948,1.34,76.67%,48.27%,0.364152,2026-08-20
SKHY,163.08,2026-08-21,1,Call,167.50,-2.71%,0.95,1.15,1.15,2157,1609,1.34,73.65%,78.23%,0.264242,2026-08-20
ENSG,179.85,2026-12-18,120,Call,195.00,-8.42%,6.7,6.6,8.4,3063,2280,1.34,28.96%,30.46%,0.379621,2026-08-20
AMD,469.45,2026-08-21,1,Put,460.00,-2.01%,2.11,2.11,2.28,6422,4782,1.34,54.06%,59.11%,-0.249526,2026-08-20
INTC,92.13,2026-08-21,1,Put,92.00,-0.14%,1.1,1.12,1.16,10060,7532,1.34,62.34%,62.28%,-0.475366,2026-08-20
ARM,250.72,2026-08-21,1,Put,280.00,+11.68%,28.45,29.63,31.15,2636,1986,1.33,67.38%,138.85%,-0.931152,2026-08-20
CVS,93.65,2026-08-21,1,Put,100.00,+6.78%,5.9,6.1,7.45,2753,2065,1.33,26.53%,107.46%,-0.872448,2026-08-20
RKLB,72.95,2026-08-21,1,Put,85.00,+16.52%,11.25,12.13,13.25,3525,2648,1.33,72.68%,189.06%,-0.932702,2026-08-20
GOOGL,340.67,2026-08-28,8,Call,350.00,-2.74%,2.15,2.2,2.43,3666,2751,1.33,28.21%,28.05%,0.270164,2026-08-20
INFQ,12.55,2026-09-18,29,Call,16.00,-27.49%,0.35,0.38,0.4,3818,2871,1.33,91.94%,94.42%,0.221023,2026-08-20
COIN,172.35,2026-08-28,8,Call,210.00,-21.85%,0.74,0.81,0.88,508,381,1.33,69.81%,90.75%,0.081112,2026-08-20
LOW,217.34,2026-08-21,1,Put,222.50,+2.37%,3.7,6.3,6.3,526,395,1.33,28.45%,66.60%,-0.743743,2026-08-20
RKLB,72.95,2026-08-21,1,Put,71.00,-2.67%,0.39,0.44,0.53,730,548,1.33,72.68%,79.28%,-0.249556,2026-08-20
APP,308.77,2026-08-21,1,Put,350.00,+13.35%,39,39.83,43.5,1716,1295,1.33,55.92%,96.49%,-0.993855,2026-08-20
IREN,42.6,2026-08-21,1,Put,39.50,-7.28%,0.1,0.11,0.13,1995,1501,1.33,100.68%,112.87%,-0.095097,2026-08-20
WMT,103.84,2026-12-18,120,Put,87.50,-15.74%,0.9,0.95,1.01,508,384,1.32,22.30%,27.62%,-0.112045,2026-08-20
TJX,140.69,2026-09-18,29,Call,145.00,-3.06%,1.75,1.95,2,557,421,1.32,21.08%,22.06%,0.334964,2026-08-20
LCID,5.63,2026-12-18,120,Call,13.00,-130.91%,0.05,0.12,0.22,791,597,1.32,81.12%,96.20%,0.111237,2026-08-20
HIMS,31.86,2026-09-04,15,Call,40.00,-25.55%,0.27,0.26,0.34,1382,1050,1.32,74.34%,87.62%,0.118251,2026-08-20
INTC,92.13,2026-08-21,1,Put,93.00,+0.94%,1.6,1.76,1.77,4380,3322,1.32,62.34%,62.33%,-0.606359,2026-08-20
BIDU,91.97,2026-08-21,1,Put,100.00,+8.73%,6.35,7.77,9.25,2619,1993,1.31,41.41%,70.98%,-0.988226,2026-08-20
MSFT,481.15,2026-08-21,1,Put,475.00,-1.28%,0.8,0.95,0.92,7145,5441,1.31,26.37%,29.93%,-0.202247,2026-08-20
NFLX,80.14,2026-08-21,1,Put,85.00,+6.06%,3.45,4.5,5.7,7801,5964,1.31,32.23%,53.27%,-0.983293,2026-08-20
RKT,14.06,2026-08-28,8,Call,15.00,-6.69%,0.14,0.16,0.19,14459,11063,1.31,52.78%,58.00%,0.241475,2026-08-20
HOOD,95.1,2026-08-28,8,Put,93.00,-2.21%,2.45,2.56,2.71,544,416,1.31,61.95%,64.12%,-0.386003,2026-08-20
JD,29.41,2026-10-02,43,Call,31.00,-5.41%,0.21,0.72,1.21,549,418,1.31,30.02%,35.40%,0.325587,2026-08-20
SANM,190.72,2026-09-18,29,Put,180.00,-5.62%,6.8,9.6,9.5,614,470,1.31,62.91%,62.46%,-0.333492,2026-08-20
GOOGL,340.67,2026-08-26,6,Call,347.50,-2.00%,1.86,1.9,2.28,731,558,1.31,28.21%,26.46%,0.290506,2026-08-20
CRWV,89.76,2026-08-21,1,Put,104.00,+15.86%,13.7,14.44,14.65,761,583,1.31,76.12%,175.92%,-0.939926,2026-08-20
BB,8.14,2026-08-21,1,Call,8.00,+1.72%,0.16,0.22,0.24,870,666,1.31,59.26%,69.02%,0.691845,2026-08-20
AA,50.55,2027-03-19,211,Call,70.00,-38.48%,2.72,3.1,3.4,900,689,1.31,51.12%,53.44%,0.288973,2026-08-20
AMD,469.45,2028-12-15,848,Put,350.00,-25.44%,74,79.53,79.75,1002,766,1.31,54.06%,59.93%,-0.198597,2026-08-20
ONDS,8.38,2026-10-16,57,Put,7.00,-16.47%,0.38,0.39,0.4,1217,931,1.31,79.27%,77.58%,-0.22467,2026-08-20
B,46.27,2026-12-18,120,Put,45.00,-2.74%,4,4.05,4.2,1220,933,1.31,45.69%,46.86%,-0.396182,2026-08-20
SPCX,134,2026-08-28,8,Call,142.00,-5.97%,2.27,2.3,2.33,1489,1135,1.31,62.49%,65.63%,0.294539,2026-08-20
INTC,92.13,2026-08-28,8,Put,91.00,-1.23%,2.75,2.85,2.96,1648,1257,1.31,62.34%,63.19%,-0.426703,2026-08-20
MSTR,112.39,2026-11-20,92,Call,150.00,-33.46%,8.2,8.66,8.7,1753,1335,1.31,78.08%,85.20%,0.330572,2026-08-20
SMCI,36.5,2026-08-28,8,Call,44.00,-20.55%,0.14,0.23,0.25,517,399,1.3,75.57%,89.78%,0.091168,2026-08-20
NVDA,216.85,2026-08-31,11,Put,210.00,-3.16%,3.9,4.05,4.05,549,423,1.3,40.45%,46.93%,-0.328188,2026-08-20
MARA,11.15,2026-11-20,92,Call,10.00,+10.31%,2.5,2.58,2.61,616,474,1.3,87.96%,89.35%,0.687446,2026-08-20
BROS,49.37,2026-08-21,1,Put,52.00,+5.33%,2.5,2.66,2.75,680,525,1.3,39.30%,60.26%,-0.949089,2026-08-20
NBIS,220.11,2026-08-28,8,Put,215.00,-2.32%,9,9.92,9.9,734,566,1.3,90.87%,92.70%,-0.403374,2026-08-20
DIS,107.32,2026-08-21,1,Call,109.00,-1.57%,0.11,0.17,0.2,743,573,1.3,23.12%,30.72%,0.16941,2026-08-20
FJET,3.98,2026-12-18,120,Call,2.50,+37.19%,1.45,1.84,1.95,1345,1036,1.3,115.53%,97.88%,0.871144,2026-08-20
CRWV,89.76,2026-08-28,8,Put,80.00,-10.87%,0.79,0.79,0.85,1686,1299,1.3,76.12%,78.36%,-0.145344,2026-08-20
TXN,265.6,2026-08-21,1,Put,290.00,+9.19%,23.7,24.63,25.9,1918,1470,1.3,38.39%,108.23%,-0.936175,2026-08-20
GOOG,338.2,2026-08-21,1,Put,332.50,-1.69%,0.49,0.55,0.55,2122,1629,1.3,28.06%,33.63%,-0.163711,2026-08-20
OPEN,3.47,2026-09-11,22,Call,3.50,-0.86%,0.21,0.23,0.25,3547,2733,1.3,78.24%,70.78%,0.519909,2026-08-20
NFLX,80.14,2026-08-21,1,Put,81.00,+1.07%,1.07,1.08,1.15,3655,2803,1.3,32.23%,34.92%,-0.716206,2026-08-20
BULL,8.85,2026-08-28,8,Call,9.00,-1.69%,0.27,0.28,0.28,4932,3802,1.3,59.84%,64.87%,0.452749,2026-08-20
NBIS,220.11,2026-08-21,1,Put,210.00,-4.59%,1.24,1.25,1.27,6950,5337,1.3,90.87%,104.12%,-0.186254,2026-08-20
MRVL,251.01,2026-08-21,1,Call,250.00,+0.40%,5.1,5.2,5.2,21662,16703,1.3,81.78%,88.23%,0.544787,2026-08-20
SOFI,17.92,2026-08-21,1,Put,20.00,+11.61%,1.83,2.13,2.22,3031,2347,1.29,48.04%,147.78%,-0.916454,2026-08-20
BAC,61.86,2026-08-28,8,Call,63.00,-1.84%,0.34,0.35,0.37,3997,3106,1.29,20.97%,21.45%,0.292202,2026-08-20
AMD,469.45,2026-08-24,4,Call,495.00,-5.44%,1.34,1.4,1.59,500,387,1.29,54.06%,44.60%,0.134979,2026-08-20
CRWV,89.76,2026-08-28,8,Call,94.00,-4.72%,2.37,2.51,2.52,521,405,1.29,76.12%,77.55%,0.367775,2026-08-20
AVGO,364.03,2026-08-28,8,Call,365.00,-0.27%,8.4,8.4,8.85,659,510,1.29,50.42%,41.78%,0.499219,2026-08-20
AAL,13.52,2026-09-04,15,Put,13.00,-3.85%,0.15,0.23,0.24,791,615,1.29,44.53%,37.71%,-0.289248,2026-08-20
CRWD,190.34,2026-08-21,1,Call,197.50,-3.76%,0.35,0.38,0.41,867,670,1.29,61.56%,60.91%,0.127304,2026-08-20
STM,49.92,2026-08-21,1,Put,57.00,+14.18%,6.9,6.71,7.5,961,745,1.29,52.68%,164.71%,-0.932673,2026-08-20
PURR,10.08,2026-08-21,1,Put,10.00,-0.79%,0.1,0.4,0.5,980,762,1.29,123.68%,161.72%,-0.445335,2026-08-20
AMD,469.45,2026-08-21,1,Put,445.00,-5.21%,0.36,0.4,0.41,1704,1316,1.29,54.06%,65.06%,-0.055842,2026-08-20
LOGI,95.34,2026-08-21,1,Put,105.00,+10.13%,7.5,9.71,11.4,1767,1372,1.29,34.64%,95.07%,-0.972133,2026-08-20
IREN,42.6,2026-10-02,43,Call,60.00,-40.85%,1.25,1.36,1.65,519,407,1.28,100.68%,99.51%,0.206325,2026-08-20
MSTR,112.39,2027-12-17,484,Call,170.00,-51.26%,27.3,29,31.2,548,427,1.28,78.08%,83.32%,0.541591,2026-08-20
PYPL,62.3,2026-09-04,15,Call,65.00,-4.33%,0.75,0.96,1.11,561,437,1.28,34.43%,38.34%,0.311032,2026-08-20
AMAT,496.21,2026-08-21,1,Put,560.00,+12.86%,60,68.51,67.65,642,501,1.28,55.78%,93.68%,-0.993453,2026-08-20
MRNA,133.32,2026-10-16,57,Put,100.00,-24.99%,5.25,6,6,879,686,1.28,109.77%,97.25%,-0.170112,2026-08-20
SKHY,163.08,2026-08-21,1,Put,162.50,-0.36%,2.15,2.25,2.35,1058,824,1.28,73.65%,74.62%,-0.455058,2026-08-20
MARA,11.15,2026-09-04,15,Call,11.50,-3.14%,0.66,0.67,0.69,1101,861,1.28,87.96%,90.92%,0.473105,2026-08-20
FPS,33.36,2026-09-18,29,Put,30.00,-10.07%,1.55,1.7,1.85,1161,907,1.28,89.40%,88.07%,-0.287158,2026-08-20
SPCX,134,2026-08-28,8,Put,136.00,+1.49%,5.9,5.85,6.25,1163,907,1.28,62.49%,63.57%,-0.54141,2026-08-20
AAPL,311.3,2026-08-28,8,Put,315.00,+1.19%,6.4,6.6,6.8,1397,1095,1.28,25.01%,25.08%,-0.612896,2026-08-20
HOOD,95.1,2026-09-04,15,Call,105.00,-10.41%,1.67,1.72,1.83,1451,1133,1.28,61.95%,64.95%,0.249825,2026-08-20
VG,14.29,2026-09-11,22,Call,16.00,-11.97%,0.25,0.32,0.35,2327,1822,1.28,60.48%,60.98%,0.252111,2026-08-20
FPS,33.36,2026-09-18,29,Call,40.00,-19.90%,1.1,1.3,1.4,2785,2182,1.28,89.40%,88.20%,0.276148,2026-08-20
AMZN,260.11,2026-08-28,8,Call,265.00,-1.88%,2.51,2.58,2.67,5180,4034,1.28,29.42%,29.37%,0.348875,2026-08-20
NVDA,216.85,2026-08-31,11,Call,245.00,-12.98%,0.71,0.73,0.75,5678,4432,1.28,40.45%,49.82%,0.08738,2026-08-20
ORCL,142.07,2026-08-21,1,Put,160.00,+12.62%,17.3,18.14,19.5,6230,4866,1.28,69.89%,162.89%,-0.911723,2026-08-20
CIFR,17.21,2026-08-21,1,Call,17.00,+1.22%,0.5,0.52,0.52,17023,13329,1.28,103.91%,110.66%,0.59587,2026-08-20
LITE,879.28,2026-08-21,1,Call,890.00,-1.22%,9.6,11.2,11.4,2709,2125,1.27,78.92%,82.46%,0.398612,2026-08-20
SPCX,134,2026-08-28,8,Call,140.00,-4.48%,2.8,2.82,2.87,7873,6195,1.27,62.49%,65.12%,0.345315,2026-08-20
XYL,113.44,2027-01-15,148,Call,140.00,-23.41%,1.35,1.39,1.6,7931,6258,1.27,26.63%,28.19%,0.150741,2026-08-20
TEM,66.65,2026-08-21,1,Call,65.00,+2.48%,2.05,2.35,2.5,8047,6353,1.27,77.16%,93.13%,0.70565,2026-08-20
BABA,130.53,2026-08-21,1,Call,130.00,+0.41%,1.97,2.04,2.1,18010,14236,1.27,40.40%,64.58%,0.554718,2026-08-20
NKTR,74.53,2026-09-18,29,Call,75.00,-0.63%,5.2,5.3,7.1,502,395,1.27,71.34%,74.90%,0.535634,2026-08-20
PINS,23.23,2026-08-21,1,Put,25.00,+7.62%,1.52,1.73,2.06,593,467,1.27,41.78%,84.64%,-0.94936,2026-08-20
NVS,156.24,2026-09-18,29,Put,160.00,+2.41%,7.2,6.7,7.7,594,469,1.27,31.48%,28.54%,-0.612142,2026-08-20
SVM,12.64,2026-09-18,29,Put,10.00,-20.89%,0.05,0.12,0.15,651,511,1.27,65.48%,65.89%,-0.085807,2026-08-20
KKR,107.02,2026-12-18,120,Put,110.00,+2.78%,9.8,9.99,10.6,657,517,1.27,37.14%,37.13%,-0.495822,2026-08-20
FCEL,18.36,2026-09-18,29,Call,21.00,-14.38%,1.35,1.5,1.75,671,530,1.27,117.69%,120.31%,0.413648,2026-08-20
ARM,250.72,2026-08-21,1,Call,265.00,-5.70%,0.65,0.7,0.8,680,537,1.27,67.38%,90.24%,0.125652,2026-08-20
SKHY,163.08,2026-08-28,8,Put,160.00,-1.89%,5.3,5.5,5.8,786,618,1.27,73.65%,73.77%,-0.407005,2026-08-20
SKHY,163.08,2027-06-17,301,Call,350.00,-114.62%,13.4,14.3,16.8,888,697,1.27,73.65%,83.29%,0.278254,2026-08-20
TEAM,174.91,2026-08-21,1,Call,180.00,-2.91%,0.65,0.65,0.85,947,746,1.27,58.08%,67.82%,0.215454,2026-08-20
AIRJ,5.04,2027-02-19,183,Call,6.00,-19.05%,0.7,1.3,1.4,1019,803,1.27,128.29%,94.73%,0.541904,2026-08-20
WMT,103.84,2026-09-18,29,Call,100.00,+3.70%,4.95,5.15,5.25,1294,1022,1.27,22.30%,22.62%,0.743676,2026-08-20
SPCX,134,2026-08-28,8,Put,128.00,-4.48%,2.43,2.31,2.49,1627,1282,1.27,62.49%,63.61%,-0.294287,2026-08-20
MRVL,251.01,2026-08-28,8,Call,245.00,+2.39%,17.8,18.65,18.95,1867,1467,1.27,81.78%,103.05%,0.594912,2026-08-20
TEAM,174.91,2026-10-16,57,Call,170.00,+2.81%,17.9,18.89,20.2,507,403,1.26,58.08%,58.90%,0.603963,2026-08-20
CRWV,89.76,2026-08-28,8,Call,104.00,-15.86%,0.53,0.59,0.61,567,451,1.26,76.12%,79.07%,0.116495,2026-08-20
IONQ,41.53,2026-08-28,8,Put,40.00,-3.68%,1.1,1.14,1.24,673,533,1.26,78.16%,76.73%,-0.34707,2026-08-20
IREN,42.6,2026-08-28,8,Call,42.50,+0.23%,3.05,3.1,3.2,921,732,1.26,100.68%,121.89%,0.542866,2026-08-20
MARA,11.15,2026-09-25,36,Call,13.00,-16.59%,0.57,0.62,0.62,1067,844,1.26,87.96%,86.71%,0.339349,2026-08-20
NFLX,80.14,2026-08-28,8,Put,79.00,-1.42%,0.94,0.99,0.98,1072,851,1.26,32.23%,31.55%,-0.365264,2026-08-20
QBTS,18.8,2026-08-21,1,Call,19.00,-1.06%,0.21,0.25,0.26,1975,1565,1.26,74.03%,82.23%,0.412131,2026-08-20
RIVN,16.01,2026-08-28,8,Call,17.00,-6.18%,0.14,0.17,0.19,2535,2016,1.26,53.98%,52.55%,0.235065,2026-08-20
SNDK,1600.62,2026-08-21,1,Put,"1,400.00",-12.53%,0.2,0.25,0.25,3355,2666,1.26,83.23%,106.51%,-0.007525,2026-08-20
BABA,130.53,2026-08-21,1,Call,135.00,-3.42%,0.43,0.46,0.46,20718,16410,1.26,40.40%,68.50%,0.178546,2026-08-20
MRNA,133.32,2026-11-20,92,Put,100.00,-24.99%,10.35,10.85,11,2613,2083,1.25,109.77%,105.02%,-0.204813,2026-08-20
BB,8.14,2026-08-21,1,Put,9.00,+10.57%,0.64,0.82,0.88,3733,2990,1.25,59.26%,115.96%,-0.948121,2026-08-20
BULL,8.85,2028-01-21,519,Call,15.00,-69.49%,1.12,1.19,1.24,15652,12547,1.25,59.84%,59.81%,0.38118,2026-08-20
HL,20.82,2026-09-04,15,Put,17.50,-15.95%,0.01,0.1,0.19,503,402,1.25,65.96%,63.80%,-0.078067,2026-08-20
SMTC,124.88,2026-09-18,29,Put,125.00,+0.10%,13,13.2,14.2,503,401,1.25,98.00%,97.92%,-0.443314,2026-08-20
MRK,148.99,2026-10-16,57,Call,155.00,-4.03%,4.15,4.7,4.7,517,414,1.25,30.86%,28.87%,0.392272,2026-08-20
COIN,172.35,2026-11-20,92,Call,195.00,-13.14%,17.1,17.52,18.2,552,441,1.25,69.81%,73.62%,0.451023,2026-08-20
TSLA,345.13,2026-08-24,4,Put,327.50,-5.11%,0.44,0.48,0.46,554,443,1.25,40.58%,35.74%,-0.076378,2026-08-20
CRWD,190.34,2026-08-28,8,Call,200.00,-5.08%,5,5.15,5.25,729,581,1.25,61.56%,79.01%,0.360179,2026-08-20
BSX,49.37,2026-08-21,1,Put,55.00,+11.40%,5.4,5.4,5.8,1359,1084,1.25,36.91%,94.24%,-0.985522,2026-08-20
C,129.67,2026-08-21,1,Call,132.00,-1.80%,0.13,0.2,0.19,1431,1146,1.25,27.94%,31.84%,0.145124,2026-08-20
PAA,24.59,2027-02-19,183,Call,26.00,-5.73%,0.75,0.75,0.85,1615,1294,1.25,20.23%,21.24%,0.349453,2026-08-20
CSCO,109.59,2026-08-28,8,Call,115.00,-4.94%,0.33,0.39,0.45,1782,1431,1.25,29.07%,30.81%,0.15295,2026-08-20
APP,308.77,2026-08-28,8,Call,350.00,-13.35%,0.85,0.9,1.05,1809,1443,1.25,55.92%,58.37%,0.081049,2026-08-20
IVVD,0.9508,2026-09-18,29,Call,1.5000,-57.76%,0.05,0.1,0.15,507,410,1.24,153.69%,222.47%,0.341263,2026-08-20
ASST,16.13,2026-12-18,120,Call,11.00,+31.80%,5.85,6.01,6.55,519,419,1.24,96.39%,93.51%,0.842725,2026-08-20
MRVL,251.01,2026-08-28,8,Call,295.00,-17.53%,3.4,3.75,3.85,583,472,1.24,81.78%,108.45%,0.178586,2026-08-20
NBIS,220.11,2026-08-21,1,Call,247.50,-12.44%,0.18,0.24,0.27,640,518,1.24,90.87%,125.20%,0.039597,2026-08-20
LITE,879.28,2026-08-21,1,Call,930.00,-5.77%,1.85,2.29,2.4,666,539,1.24,78.92%,86.44%,0.112223,2026-08-20
HIMS,31.86,2026-08-28,8,Call,32.50,-2.01%,1.1,1.25,1.3,712,574,1.24,74.34%,78.32%,0.4575,2026-08-20
TALO,17.75,2026-10-16,57,Call,17.50,+1.41%,1.5,1.55,1.7,919,739,1.24,48.08%,51.25%,0.579229,2026-08-20
BABA,130.53,2026-08-28,8,Call,129.00,+1.17%,3.95,3.93,4.5,958,773,1.24,40.40%,44.37%,0.58437,2026-08-20
NBIS,220.11,2026-08-21,1,Put,212.50,-3.46%,1.73,1.83,1.95,3307,2662,1.24,90.87%,104.15%,-0.250022,2026-08-20
TSLA,345.13,2026-08-28,8,Put,330.00,-4.38%,2.62,2.65,2.69,3926,3168,1.24,40.58%,40.81%,-0.216553,2026-08-20
META,545.83,2026-08-21,1,Call,570.00,-4.43%,0.38,0.39,0.41,8756,7064,1.24,35.58%,52.96%,0.061056,2026-08-20
"Downloaded from Barchart.com as of 08-20-2026 09:39pm CDT"
