Symbol,Price~,"Exp Date",DTE,Type,Strike,Moneyness,Bid,Latest,Ask,Volume,"Open Int",Vol/OI,"Imp Vol",IV,Delta,Time
CELH,23.77,2027-09-17,407,Call,65.00,-173.45%,0.95,1.02,1.11,50312,243,207.05,53.50%,66.73%,0.155959,2026-08-06
EIX,67.23,2027-01-15,162,Put,52.50,-21.91%,1.05,1.4,1.65,14010,155,90.39,39.12%,38.20%,-0.137529,2026-08-06
CLOV,4.66,2026-08-14,8,Put,4.50,-3.43%,0.08,0.15,0.16,22027,291,75.69,68.07%,70.52%,-0.34702,2026-08-06
UNH,403.97,2026-08-07,1,Call,407.50,-0.87%,1.55,1.6,1.78,13315,186,71.59,28.69%,36.73%,0.329571,2026-08-06
NVDA,218.99,2026-08-19,13,Put,215.00,-1.82%,4.1,4.2,4.2,9926,144,68.93,40.12%,36.88%,-0.377281,2026-08-06
UNH,403.97,2026-08-07,1,Call,405.00,-0.25%,2.29,2.54,2.7,8684,137,63.39,28.69%,35.23%,0.449486,2026-08-06
WULF,17.61,2026-09-04,29,Put,15.00,-14.82%,0.57,0.71,0.9,8305,132,62.92,94.99%,91.80%,-0.238418,2026-08-06
SNDK,1258.58,2026-08-07,1,Put,"1,065.00",-15.38%,0.5,0.65,0.75,12846,228,56.34,101.13%,153.08%,-0.016778,2026-08-06
TSLA,319.53,2026-08-07,1,Put,317.50,-0.64%,1.96,1.98,2,73805,1316,56.08,42.15%,43.51%,-0.38399,2026-08-06
HAL,32.51,2026-08-14,8,Call,34.00,-4.58%,0.12,0.2,0.29,6034,110,54.85,34.71%,36.34%,0.211846,2026-08-06
EIX,67.23,2027-01-15,162,Call,82.50,-22.71%,0.95,1.35,1.45,14061,276,50.95,39.12%,30.83%,0.176013,2026-08-06
WBD,26.4,2027-05-21,288,Put,15.00,-43.18%,0,1.17,1.17,5900,120,49.17,18.31%,57.26%,-0.077724,2026-08-06
FUN,15.75,2026-12-18,134,Call,25.00,-58.73%,0.55,0.65,0.75,10022,209,47.95,73.75%,74.29%,0.199452,2026-08-06
UNIT,9.61,2027-01-15,162,Call,16.00,-66.49%,0.2,0.25,0.25,7927,168,47.18,58.80%,60.41%,0.135198,2026-08-06
WBD,26.4,2027-05-21,288,Call,30.00,-13.64%,0.01,1.16,3.1,5900,132,44.7,18.31%,27.37%,0.391726,2026-08-06
XYZ,79.02,2026-08-14,8,Call,86.00,-8.83%,0.23,0.33,0.45,5643,137,41.19,41.48%,47.91%,0.125735,2026-08-06
HTZ,2.02,2026-08-14,8,Put,2.00,-0.99%,0.23,0.27,0.28,10485,259,40.48,166.83%,224.82%,-0.421434,2026-08-06
UTHR,532.94,2026-08-21,15,Call,580.00,-8.83%,0,2.55,2.4,10030,255,39.33,34.07%,29.23%,0.084851,2026-08-06
DDOG,229.29,2026-09-18,43,Put,180.00,-21.50%,2.03,2.14,2.32,8172,214,38.19,57.17%,58.61%,-0.092847,2026-08-06
LLY,1191.94,2026-08-07,1,Call,"1,240.00",-4.03%,0.8,0.99,1.07,5566,148,37.61,34.91%,50.21%,0.068413,2026-08-06
MSTR,96.85,2026-08-14,8,Call,106.00,-9.45%,1.02,1.1,1.15,13157,370,35.56,69.93%,69.00%,0.204708,2026-08-06
KR,57.32,2026-08-14,8,Call,59.00,-2.93%,0.01,0.36,0.7,6692,189,35.41,33.78%,28.19%,0.252914,2026-08-06
HTZ,2.02,2026-08-14,8,Call,2.50,-23.76%,0.17,0.18,0.18,47715,1427,33.44,166.83%,276.78%,0.376933,2026-08-06
DELL,437.65,2026-08-07,1,Put,415.00,-5.18%,1.38,1.55,1.64,6693,202,33.13,86.74%,94.37%,-0.135192,2026-08-06
AAPL,312.41,2026-08-10,4,Put,325.00,+4.03%,11.7,12.62,14.05,3254,109,29.85,25.24%,27.50%,-0.915113,2026-08-06
WHR,43,2026-11-20,106,Put,30.00,-30.23%,0.8,0.95,1.05,16004,542,29.53,55.68%,62.57%,-0.112354,2026-08-06
SMCI,29.38,2026-08-14,8,Call,33.50,-14.02%,0.88,0.92,0.95,10630,372,28.58,96.39%,131.50%,0.2834,2026-08-06
NVDA,218.99,2026-08-19,13,Call,225.00,-2.74%,3.45,3.44,3.55,12423,440,28.23,40.12%,35.57%,0.361995,2026-08-06
BMNR,18.3,2026-09-18,43,Call,26.00,-42.08%,0.32,0.36,0.41,4201,150,28.01,77.34%,85.26%,0.149159,2026-08-06
BABA,126.81,2026-08-14,8,Call,137.00,-8.04%,0.53,0.56,0.59,4106,150,27.37,45.36%,45.62%,0.133534,2026-08-06
TEAM,110.17,2026-09-18,43,Call,140.00,-27.08%,4.9,5.2,5.4,9681,356,27.19,96.75%,92.08%,0.278789,2026-08-06
ALL,275.11,2026-09-18,43,Put,240.00,-12.76%,0.7,0.87,1.25,3006,114,26.37,25.38%,29.23%,-0.075628,2026-08-06
CLF,12.23,2027-12-17,498,Call,4.00,+67.29%,8.5,8.9,8.9,9010,350,25.74,63.89%,93.09%,0.933463,2026-08-06
MRNA,53.86,2026-08-14,8,Call,60.00,-11.40%,0.5,0.53,0.75,10708,423,25.31,72.48%,77.99%,0.192011,2026-08-06
TSLA,319.53,2026-08-10,4,Put,312.50,-2.20%,1.69,1.7,1.74,5377,216,24.89,42.15%,33.30%,-0.25278,2026-08-06
TSLA,319.53,2026-08-12,6,Call,320.00,-0.15%,6.15,6.3,6.45,6219,250,24.88,42.15%,39.38%,0.503172,2026-08-06
MSFT,499.86,2026-08-07,1,Call,507.50,-1.53%,1.4,1.41,1.5,14278,576,24.79,29.58%,39.95%,0.238438,2026-08-06
MSFT,499.86,2026-08-07,1,Call,497.50,+0.47%,5.2,5.45,5.7,13589,566,24.01,29.58%,39.76%,0.595464,2026-08-06
ASTS,67.36,2026-08-21,15,Put,54.00,-19.83%,1.06,1.21,1.28,2615,110,23.77,106.58%,111.66%,-0.136579,2026-08-06
MSFT,499.86,2026-08-07,1,Put,492.50,-1.47%,1.24,1.41,1.4,7437,315,23.61,29.58%,38.31%,-0.225608,2026-08-06
HUBS,202.43,2026-08-21,15,Call,230.00,-13.62%,2.15,3.3,3.8,3080,131,23.51,71.94%,68.68%,0.201317,2026-08-06
AMD,489.28,2026-08-10,4,Call,495.00,-1.17%,9.15,9.35,10.3,4137,179,23.11,65.32%,59.82%,0.441181,2026-08-06
TSLA,319.53,2026-08-10,4,Call,312.50,+2.20%,8.7,8.93,9.25,5211,226,23.06,42.15%,34.31%,0.741673,2026-08-06
JOE,67.38,2026-08-21,15,Call,70.00,-3.89%,0.45,0.6,0.6,2330,102,22.84,32.21%,26.25%,0.251457,2026-08-06
GEO,30.14,2027-01-15,162,Put,26.00,-13.74%,1.9,1.9,2.25,5081,226,22.48,48.68%,51.89%,-0.268998,2026-08-06
FCX,68.18,2026-08-14,8,Put,64.00,-6.13%,0.51,0.6,0.73,3178,143,22.22,51.69%,53.43%,-0.198658,2026-08-06
SKHY,143.53,2026-08-14,8,Put,113.00,-21.27%,0.95,1,1.05,2368,107,22.13,97.06%,122.54%,-0.078821,2026-08-06
CVX,189.23,2026-08-07,1,Call,192.50,-1.73%,0.35,0.41,0.42,9613,438,21.95,27.13%,37.12%,0.191535,2026-08-06
NBIS,189.88,2026-08-07,1,Call,197.50,-4.01%,2.67,2.72,2.91,5224,240,21.77,129.01%,143.90%,0.314372,2026-08-06
INTC,99.81,2026-08-10,4,Call,101.00,-1.19%,2.1,2.13,2.25,15830,730,21.68,77.74%,64.74%,0.445907,2026-08-06
HTZ,2.02,2026-08-14,8,Call,3.00,-48.51%,0.12,0.13,0.14,21205,982,21.59,166.83%,320.07%,0.27553,2026-08-06
POET,8.53,2026-08-14,8,Call,9.00,-5.51%,0.47,0.5,0.53,49292,2289,21.53,114.63%,136.99%,0.436761,2026-08-06
NVDA,218.99,2026-08-07,1,Put,217.50,-0.68%,1.22,1.29,1.28,130818,6188,21.14,40.12%,41.91%,-0.372336,2026-08-06
NVDA,218.99,2026-08-17,11,Call,222.50,-1.60%,3.65,3.63,4,7053,335,21.05,40.12%,34.77%,0.413877,2026-08-06
UTHR,532.94,2026-08-21,15,Call,550.00,-3.20%,5.2,7.9,8,10448,504,20.73,34.07%,30.07%,0.322056,2026-08-06
MU,881.47,2026-08-07,1,Call,895.00,-1.53%,9.9,10.1,10.4,9747,474,20.56,77.92%,86.17%,0.377116,2026-08-06
RSI,25.08,2027-01-15,162,Call,25.00,+0.32%,3.3,3.6,3.8,2422,119,20.35,45.69%,50.13%,0.590064,2026-08-06
FLR,48.75,2026-08-21,15,Put,47.50,-2.56%,2.55,2.5,2.95,7181,354,20.29,67.96%,86.50%,-0.40458,2026-08-06
AMD,489.28,2026-08-14,8,Call,492.50,-0.66%,17.65,18.3,19.55,2628,138,19.04,65.32%,68.98%,0.49785,2026-08-06
LYFT,16.3,2026-08-07,1,Call,18.50,-13.50%,0.14,0.16,0.17,16250,875,18.57,63.72%,228.66%,0.159325,2026-08-06
MU,881.47,2026-08-07,1,Put,895.00,+1.53%,22.6,23.74,24.15,8193,443,18.49,77.92%,84.89%,-0.625148,2026-08-06
AVGO,420.57,2026-09-04,29,Call,425.00,-1.05%,24.05,24.88,25.6,2502,136,18.4,51.68%,55.89%,0.510668,2026-08-06
SNDK,1258.58,2026-08-07,1,Call,"1,290.00",-2.50%,20.5,22.31,21,2510,139,18.06,101.13%,128.34%,0.36992,2026-08-06
INTC,99.81,2026-08-07,1,Call,83.00,+16.84%,16.55,17.04,17.45,7221,400,18.05,77.74%,207.93%,0.95991,2026-08-06
XPEV,11.68,2026-08-14,8,Call,12.50,-7.02%,0.1,0.11,0.11,2025,113,17.92,60.37%,53.34%,0.209035,2026-08-06
SNDK,1258.58,2026-08-07,1,Call,"1,310.00",-4.09%,14.5,15.35,15.1,1840,103,17.86,101.13%,128.91%,0.288314,2026-08-06
DDOG,229.29,2026-08-07,1,Call,250.00,-9.03%,0.03,0.12,0.21,1978,112,17.66,57.17%,86.80%,0.030172,2026-08-06
CLS,314.53,2026-09-18,43,Call,330.00,-4.92%,24,25,26.1,1881,107,17.58,70.55%,71.90%,0.478672,2026-08-06
SKHY,143.53,2026-08-14,8,Put,110.00,-23.36%,0.7,0.75,0.8,19038,1095,17.39,97.06%,124.04%,-0.061208,2026-08-06
ON,78.33,2026-08-14,8,Call,81.00,-3.41%,1.85,2.22,3.1,2285,132,17.31,68.43%,77.23%,0.409406,2026-08-06
META,589.9,2026-08-07,1,Call,615.00,-4.25%,0.28,0.28,0.3,20280,1183,17.14,37.16%,47.40%,0.048118,2026-08-06
NVDA,218.99,2026-08-07,1,Put,230.00,+5.03%,10.85,11.29,12.6,8866,518,17.12,40.12%,86.83%,-0.854528,2026-08-06
IMCR,34.5,2026-10-16,71,Put,30.00,-13.04%,0.85,1.2,1.7,5000,300,16.67,61.69%,54.45%,-0.233382,2026-08-06
AMZN,272.26,2026-08-10,4,Call,190.00,+30.21%,80.35,81.24,84,2210,133,16.62,30.81%,106.89%,0.999468,2026-08-06
MSFT,499.86,2026-08-07,1,Put,495.00,-0.97%,1.86,1.9,2.02,11745,708,16.59,29.58%,37.65%,-0.305269,2026-08-06
SNDK,1258.58,2026-08-07,1,Call,"1,350.00",-7.26%,6.8,6.84,7.3,6754,409,16.51,101.13%,130.39%,0.160611,2026-08-06
INTC,99.81,2026-08-07,1,Put,102.00,+2.19%,3,3.04,3.2,6340,385,16.47,77.74%,85.56%,-0.677577,2026-08-06
HTZ,2.02,2026-09-11,36,Call,3.00,-48.51%,0.2,0.24,0.35,1777,108,16.45,166.83%,212.85%,0.400494,2026-08-06
MSFT,499.86,2026-09-18,43,Call,525.00,-5.03%,10.75,10.9,11.15,31316,1914,16.36,29.58%,29.35%,0.34355,2026-08-06
META,589.9,2026-10-16,71,Call,695.00,-17.82%,10.35,10.9,11.5,1967,121,16.26,37.16%,39.32%,0.205624,2026-08-06
SOUN,7.08,2026-08-07,1,Put,7.50,+5.93%,0.46,0.46,0.5,2237,138,16.21,78.51%,135.28%,-0.781661,2026-08-06
CRON,3.07,2028-01-21,533,Call,5.00,-62.87%,0.25,0.35,0.4,4056,251,16.16,43.53%,50.73%,0.347327,2026-08-06
NVDA,218.99,2026-08-14,8,Call,237.50,-8.45%,0.43,0.46,0.46,13015,807,16.13,40.12%,38.10%,0.081046,2026-08-06
HALO,85.76,2026-08-21,15,Call,85.00,+0.89%,2.25,2.25,4,3008,187,16.09,38.98%,38.54%,0.568329,2026-08-06
HTZ,2.02,2026-09-04,29,Call,2.00,+0.99%,0.37,0.4,0.44,2421,151,16.03,166.83%,175.46%,0.60766,2026-08-06
AAPL,312.41,2026-08-14,8,Call,290.00,+7.17%,21.95,22.74,23.8,1786,112,15.95,25.24%,30.21%,0.955646,2026-08-06
MSFT,499.86,2026-09-18,43,Call,570.00,-14.03%,2.55,2.64,2.76,30225,1897,15.93,29.58%,29.49%,0.112694,2026-08-06
GRPN,25.15,2026-08-21,15,Call,27.00,-7.36%,1.75,2.5,2.5,4087,258,15.84,113.97%,140.14%,0.45914,2026-08-06
MSFT,499.86,2026-08-07,1,Put,497.50,-0.47%,2.69,2.89,2.89,6815,433,15.74,29.58%,37.17%,-0.398786,2026-08-06
MU,881.47,2026-08-07,1,Put,885.00,+0.40%,16.85,17.57,17.75,5983,382,15.66,77.92%,84.12%,-0.526699,2026-08-06
U,40.81,2026-08-14,8,Call,45.00,-10.27%,0.43,0.55,0.52,8121,522,15.56,65.20%,73.47%,0.20129,2026-08-06
OKLO,42.19,2026-08-14,8,Call,43.00,-1.92%,2.15,2.4,2.5,2391,154,15.53,94.70%,107.30%,0.485916,2026-08-06
TTD,17.67,2026-08-14,8,Put,17.00,-3.79%,1.06,1.08,1.1,5812,377,15.42,87.19%,136.51%,-0.383759,2026-08-06
LUV,46.94,2026-08-21,15,Call,48.00,-2.26%,1,1.12,1.09,1555,102,15.25,39.35%,39.11%,0.408341,2026-08-06
TSLA,319.53,2026-08-10,4,Call,317.50,+0.64%,5.45,5.45,5.7,3259,215,15.16,42.15%,33.19%,0.584064,2026-08-06
TSLA,319.53,2026-08-12,6,Put,312.50,-2.20%,3.3,3.35,3.4,1709,113,15.12,42.15%,39.03%,-0.31565,2026-08-06
AAPL,312.41,2026-08-10,4,Put,315.00,+0.83%,4.1,4.05,4.9,2101,139,15.12,25.24%,23.63%,-0.622293,2026-08-06
MSTR,96.85,2026-08-14,8,Call,101.00,-4.28%,2.16,2.24,2.3,12159,813,14.96,69.93%,67.41%,0.358441,2026-08-06
SNDK,1258.58,2026-08-07,1,Put,"1,285.00",+2.10%,42.6,45.87,50,2121,142,14.94,101.13%,118.30%,-0.619202,2026-08-06
CRM,186.77,2026-11-20,106,Call,195.00,-4.41%,15.75,15.25,16.8,5037,338,14.9,49.21%,47.70%,0.496118,2026-08-06
LUV,46.94,2026-08-14,8,Call,48.00,-2.26%,0.65,0.7,0.81,1517,103,14.73,39.35%,42.00%,0.374116,2026-08-06
B,41.37,2027-03-19,225,Call,60.00,-45.03%,1.46,1.54,1.65,10037,684,14.67,44.88%,46.74%,0.212281,2026-08-06
TSLA,319.53,2026-08-07,1,Put,315.00,-1.42%,1.17,1.17,1.19,64932,4440,14.62,42.15%,43.91%,-0.262163,2026-08-06
ALKT,19.69,2026-09-18,43,Call,25.00,-26.97%,0.05,0.24,0.3,2001,137,14.61,48.71%,52.04%,0.110681,2026-08-06
MRVL,210.54,2026-08-07,1,Put,212.50,+0.93%,5.2,5,6.25,2232,153,14.59,90.38%,106.21%,-0.554694,2026-08-06
TTD,17.67,2026-08-07,1,Call,17.50,+0.96%,1.2,1.37,1.37,2404,165,14.57,87.19%,326.46%,0.556697,2026-08-06
HTZ,2.02,2026-08-21,15,Call,2.50,-23.76%,0.21,0.22,0.22,24851,1720,14.45,166.83%,227.27%,0.409351,2026-08-06
HALO,85.76,2026-08-21,15,Call,90.00,-4.94%,1.15,1.5,1.7,2924,203,14.4,38.98%,42.94%,0.31074,2026-08-06
AMD,489.28,2026-08-07,1,Put,492.50,+0.66%,9.2,9.6,9.9,2797,195,14.34,65.32%,76.69%,-0.556228,2026-08-06
SNDK,1258.58,2026-08-07,1,Put,"1,275.00",+1.30%,38.5,40,41.8,1682,118,14.25,101.13%,118.44%,-0.57019,2026-08-06
NVDA,218.99,2026-08-14,8,Put,227.50,+3.89%,10,10.3,10.45,3992,281,14.21,40.12%,37.53%,-0.742955,2026-08-06
FROG,83.04,2026-08-21,15,Put,80.00,-3.66%,5.8,6.7,6.7,1594,113,14.11,94.73%,117.49%,-0.389426,2026-08-06
NVDA,218.99,2026-08-07,1,Put,220.00,+0.46%,2.22,2.43,2.49,90165,6402,14.08,40.12%,39.61%,-0.582529,2026-08-06
HTZ,2.02,2026-08-14,8,Call,2.00,+0.99%,0.28,0.28,0.29,46726,3328,14.04,166.83%,232.11%,0.580464,2026-08-06
OXY,56.04,2026-08-14,8,Call,60.00,-7.07%,0.2,0.26,0.26,8014,576,13.91,34.89%,40.85%,0.137301,2026-08-06
NVDA,218.99,2026-08-07,1,Put,215.00,-1.82%,0.58,0.6,0.61,130933,9419,13.9,40.12%,43.89%,-0.207412,2026-08-06
CORZ,21.05,2026-08-14,8,Call,22.00,-4.51%,0.56,0.68,0.86,2234,162,13.79,82.92%,87.80%,0.394142,2026-08-06
HOOD,90.71,2026-08-14,8,Call,93.00,-2.52%,2.4,2.46,2.56,4984,362,13.77,62.88%,64.13%,0.418088,2026-08-06
HTZ,2.02,2026-09-11,36,Put,1.50,-25.74%,0.12,0.15,0.15,7842,570,13.76,166.83%,154.26%,-0.194015,2026-08-06
WDC,451.52,2026-09-18,43,Put,250.00,-44.63%,1.2,1.4,1.5,7255,529,13.71,84.25%,93.79%,-0.022246,2026-08-06
OSCR,26.54,2027-06-17,315,Call,47.00,-77.09%,2.28,3.2,3.6,2012,147,13.69,68.50%,74.84%,0.335462,2026-08-06
U,40.81,2026-08-14,8,Call,42.00,-2.92%,1.16,1.26,1.35,1462,107,13.66,65.20%,72.60%,0.418268,2026-08-06
MRVL,210.54,2026-08-07,1,Put,192.50,-8.57%,0.21,0.29,0.37,5639,421,13.39,90.38%,109.38%,-0.055371,2026-08-06
RARE,25.82,2026-10-16,71,Put,20.00,-22.54%,2,3.2,4,1403,105,13.36,130.80%,138.92%,-0.231794,2026-08-06
AAPL,312.41,2026-08-12,6,Put,295.00,-5.57%,0.14,0.2,0.27,2793,210,13.3,25.24%,26.97%,-0.045497,2026-08-06
FCX,68.18,2026-08-07,1,Call,71.00,-4.14%,0.01,0.15,0.28,5494,413,13.3,51.69%,66.26%,0.125257,2026-08-06
NOK,9.43,2028-01-21,533,Put,17.00,+80.28%,6,8.5,11,7001,531,13.18,67.15%,68.32%,-0.628554,2026-08-06
LAR,6.59,2027-01-15,162,Call,7.50,-13.81%,1.1,1.15,1.15,2025,155,13.06,79.10%,81.02%,0.524664,2026-08-06
TSLA,319.53,2026-08-07,1,Put,312.50,-2.20%,0.64,0.69,0.67,23554,1806,13.04,42.15%,44.32%,-0.164882,2026-08-06
MP,47.49,2026-08-21,15,Call,53.00,-11.60%,1.11,1.41,1.56,1952,150,13.01,75.15%,83.39%,0.289082,2026-08-06
SOUN,7.08,2026-08-14,8,Put,6.50,-8.19%,0.12,0.13,0.15,3352,258,12.99,78.51%,88.16%,-0.234049,2026-08-06
NVDA,218.99,2026-08-07,1,Put,232.50,+6.17%,13.15,13.23,14.8,2351,182,12.92,40.12%,88.28%,-0.898433,2026-08-06
TSLA,319.53,2026-08-12,6,Put,315.00,-1.42%,4.2,4.5,4.35,1988,154,12.91,42.15%,39.14%,-0.374614,2026-08-06
TSLA,319.53,2026-08-10,4,Call,315.00,+1.42%,7.05,7.09,7.35,4381,340,12.89,42.15%,33.93%,0.666784,2026-08-06
PANW,359.49,2026-09-18,43,Call,420.00,-16.83%,11.05,11.5,11.7,2593,202,12.84,60.10%,61.59%,0.271051,2026-08-06
TSLA,319.53,2026-08-10,4,Put,317.50,-0.64%,3.4,3.5,3.5,4251,334,12.73,42.15%,33.38%,-0.4171,2026-08-06
ECHO,87.03,2026-10-16,71,Put,90.00,+3.41%,9,8.9,11.6,3002,236,12.72,56.67%,58.37%,-0.492948,2026-08-06
WMT,112.07,2026-08-21,15,Put,99.00,-11.66%,0.01,0.21,0.25,2020,160,12.63,32.45%,35.70%,-0.038831,2026-08-06
NEE,84.6,2026-08-21,15,Call,85.00,-0.47%,1.34,1.43,1.51,1338,106,12.62,22.42%,23.44%,0.471836,2026-08-06
NVDA,218.99,2026-08-10,4,Put,225.00,+2.74%,6.65,6.93,7.1,1954,156,12.53,40.12%,32.50%,-0.780711,2026-08-06
SNDK,1258.58,2026-08-07,1,Call,"1,270.00",-0.91%,26.1,29,29.8,1273,102,12.48,101.13%,126.14%,0.459254,2026-08-06
CLSK,12.75,2026-08-14,8,Call,15.50,-21.57%,0.09,0.14,0.15,5296,427,12.4,99.58%,107.60%,0.126819,2026-08-06
VST,141.38,2026-08-21,15,Call,155.00,-9.63%,2.15,2.26,2.38,15346,1244,12.34,53.35%,58.80%,0.241323,2026-08-06
META,589.9,2026-08-10,4,Call,650.00,-10.19%,0.1,0.1,0.19,2632,215,12.24,37.16%,42.47%,0.015715,2026-08-06
JCI,154.55,2026-10-16,71,Call,170.00,-10.00%,3.5,4,5,5131,421,12.19,33.96%,34.76%,0.304068,2026-08-06
META,589.9,2026-08-07,1,Call,607.50,-2.98%,0.69,0.72,0.81,5253,432,12.16,37.16%,45.49%,0.111372,2026-08-06
TSLA,319.53,2026-08-10,4,Put,315.00,-1.42%,2.44,2.45,2.5,6955,572,12.16,42.15%,33.28%,-0.330995,2026-08-06
AAPL,312.41,2026-08-07,1,Put,307.50,-1.57%,0.31,0.33,0.35,32976,2725,12.1,25.24%,28.27%,-0.139315,2026-08-06
SNDK,1258.58,2026-08-07,1,Put,"1,235.00",-1.87%,21.3,20.78,22.2,1241,103,12.05,101.13%,123.79%,-0.372341,2026-08-06
FUN,15.75,2026-12-18,134,Call,20.00,-26.98%,1.15,1.4,1.6,10004,835,11.98,73.75%,73.50%,0.359677,2026-08-06
META,589.9,2026-08-07,1,Put,587.50,-0.41%,3.85,4.1,4.25,3151,264,11.94,37.16%,42.16%,-0.421034,2026-08-06
MU,881.47,2026-08-07,1,Call,905.00,-2.67%,6.9,6.95,7.3,9024,757,11.92,77.92%,86.84%,0.289507,2026-08-06
AMBA,83.79,2026-09-18,43,Put,80.00,-4.52%,6.5,6.95,9.3,1200,101,11.88,85.28%,88.02%,-0.37613,2026-08-06
NOK,9.43,2026-08-07,1,Put,12.50,+32.56%,2.95,2.99,3.65,1488,126,11.81,67.15%,521.51%,-0.814855,2026-08-06
RGTI,16.53,2026-08-14,8,Put,17.00,+2.84%,1.19,1.41,1.43,1948,165,11.81,99.25%,107.74%,-0.536762,2026-08-06
MRVL,210.54,2026-08-14,8,Put,172.50,-18.07%,0.79,0.87,0.88,2040,173,11.79,90.38%,92.50%,-0.063138,2026-08-06
WDC,451.52,2026-08-07,1,Call,480.00,-6.31%,1.24,2,2,1299,111,11.7,84.25%,103.13%,0.134701,2026-08-06
SNDK,1258.58,2026-08-07,1,Call,"1,320.00",-4.88%,12.1,12.2,12.7,1828,157,11.64,101.13%,129.28%,0.251764,2026-08-06
HOOD,90.71,2026-08-14,8,Call,97.00,-6.93%,1.24,1.3,1.35,4338,374,11.6,62.88%,64.57%,0.25936,2026-08-06
AAPL,312.41,2026-08-07,1,Call,317.50,-1.63%,0.38,0.4,0.4,94131,8239,11.43,25.24%,29.90%,0.154048,2026-08-06
RIOT,21.21,2026-08-28,22,Call,24.00,-13.15%,0.9,1.38,1.52,1435,127,11.3,102.93%,105.66%,0.367547,2026-08-06
SNDK,1258.58,2026-08-14,8,Call,"1,300.00",-3.29%,62,64.42,66,1816,161,11.28,101.13%,109.54%,0.454727,2026-08-06
SG,5.87,2026-08-14,8,Put,5.50,-6.30%,0.35,0.4,0.4,2581,229,11.27,108.79%,161.79%,-0.346635,2026-08-06
ET,20.67,2027-06-17,315,Put,20.00,-3.24%,1.33,1.47,1.51,1203,107,11.24,19.21%,21.41%,-0.412011,2026-08-06
VST,141.38,2026-08-07,1,Call,147.00,-3.98%,1.35,1.5,1.78,2336,208,11.23,53.35%,123.43%,0.28437,2026-08-06
MDLN,34.51,2026-09-18,43,Call,40.00,-15.91%,0.25,0.63,0.75,1163,104,11.18,48.82%,43.59%,0.188692,2026-08-06
LRCX,305.77,2026-08-14,8,Put,195.00,-36.23%,0.01,0.12,0.45,1752,157,11.16,75.04%,137.23%,-0.010202,2026-08-06
ASPI,4.1,2026-09-04,29,Call,1.00,+75.61%,2.75,3.05,5.1,1577,142,11.11,130.13%,"1,195.53%",0.982336,2026-08-06
MU,881.47,2026-08-07,1,Call,855.00,+3.00%,30.75,33.86,33.2,2623,236,11.11,77.92%,83.50%,0.764785,2026-08-06
MU,881.47,2026-08-07,1,Call,910.00,-3.24%,5.75,5.85,6.1,14217,1281,11.1,77.92%,87.50%,0.251239,2026-08-06
AMD,489.28,2026-08-14,8,Put,422.50,-13.65%,1.7,1.85,2.1,1625,149,10.91,65.32%,72.58%,-0.076885,2026-08-06
XYZ,79.02,2026-08-14,8,Call,82.00,-3.77%,0.94,0.94,1.19,5628,516,10.91,41.48%,46.83%,0.31283,2026-08-06
HTZ,2.02,2026-09-18,43,Call,2.00,+0.99%,0.42,0.42,0.44,41447,3850,10.77,166.83%,153.04%,0.614051,2026-08-06
IREN,37.93,2026-08-21,15,Put,38.50,+1.50%,3.15,3.35,3.8,1141,107,10.66,110.29%,104.08%,-0.483948,2026-08-06
GOOGL,357.75,2026-08-07,1,Put,357.50,-0.07%,2.14,2.34,2.31,12682,1191,10.65,31.42%,31.63%,-0.478023,2026-08-06
HTZ,2.02,2026-08-14,8,Call,3.50,-73.27%,0.06,0.11,0.12,2318,218,10.63,166.83%,338.03%,0.19859,2026-08-06
NVDA,218.99,2026-08-07,1,Put,212.50,-2.96%,0.28,0.28,0.29,44766,4240,10.56,40.12%,47.14%,-0.10841,2026-08-06
CL,93,2027-01-15,162,Put,87.50,-5.91%,2.15,3.5,3.5,1600,152,10.53,23.27%,22.34%,-0.298224,2026-08-06
SPCX,114.92,2027-06-17,315,Call,220.00,-91.44%,9.3,9.62,10.15,5143,489,10.52,85.45%,71.82%,0.278221,2026-08-06
INTC,99.81,2026-08-07,1,Call,101.00,-1.19%,1.3,1.31,1.39,17300,1649,10.49,77.74%,89.53%,0.40994,2026-08-06
TTD,17.67,2026-08-07,1,Put,14.00,-20.77%,0.09,0.1,0.11,7675,734,10.46,87.19%,321.27%,-0.070893,2026-08-06
MSFT,499.86,2026-08-14,8,Call,512.50,-2.53%,4.25,4.65,4.8,1226,118,10.39,29.58%,31.56%,0.309362,2026-08-06
GEN,28.1,2026-08-21,15,Put,25.00,-11.03%,0.25,0.25,0.6,1110,107,10.37,50.09%,69.76%,-0.183355,2026-08-06
INTC,99.81,2026-09-11,36,Put,90.00,-9.83%,3.6,4.65,5.05,1046,102,10.25,77.74%,71.12%,-0.278488,2026-08-06
SNDK,1258.58,2026-08-07,1,Call,"1,300.00",-3.29%,17.2,17.5,18.2,11426,1119,10.21,101.13%,129.14%,0.328572,2026-08-06
VALE,14.72,2027-01-15,162,Put,13.00,-11.68%,0.61,0.65,0.68,4751,471,10.09,32.99%,33.52%,-0.277371,2026-08-06
MU,881.47,2026-08-07,1,Call,915.00,-3.80%,4.7,4.8,5,7582,753,10.07,77.92%,87.64%,0.215096,2026-08-06
MSTR,96.85,2026-09-11,36,Put,40.00,-58.70%,0.12,0.15,0.19,1015,101,10.05,69.93%,133.12%,-0.009845,2026-08-06
AAPL,312.41,2026-08-07,1,Put,312.50,+0.03%,1.72,1.77,1.84,36977,3680,10.05,25.24%,26.78%,-0.50333,2026-08-06
AVGO,420.57,2026-08-07,1,Call,435.00,-3.43%,0.68,0.7,0.75,12386,1246,9.94,51.68%,54.55%,0.122022,2026-08-06
RIOT,21.21,2026-08-14,8,Put,22.50,+6.08%,2.09,2.09,2.38,10487,1058,9.91,102.93%,117.44%,-0.598491,2026-08-06
MSFT,499.86,2026-08-10,4,Call,492.50,+1.47%,9.45,9.34,10.85,1041,105,9.91,29.58%,27.08%,0.708375,2026-08-06
UNH,403.97,2026-08-14,8,Call,425.00,-5.21%,0.9,0.95,1.04,1843,186,9.91,28.69%,28.34%,0.118643,2026-08-06
NVDA,218.99,2026-08-07,1,Put,227.50,+3.89%,8.2,8.85,8.9,3328,336,9.9,40.12%,38.59%,-0.971012,2026-08-06
SOUN,7.08,2026-08-07,1,Put,7.00,-1.13%,0.14,0.15,0.16,6601,670,9.85,78.51%,127.62%,-0.418864,2026-08-06
NAVN,27.86,2027-01-15,162,Call,35.00,-25.63%,3.6,3.6,3.8,3316,337,9.84,98.09%,79.17%,0.445709,2026-08-06
CSCO,120.88,2026-10-16,71,Call,185.00,-53.04%,0,0.27,0.79,1250,128,9.77,48.39%,50.97%,0.039059,2026-08-06
HAL,32.51,2026-08-21,15,Put,32.00,-1.57%,0.58,0.66,0.75,10073,1034,9.74,34.71%,34.72%,-0.394277,2026-08-06
MU,881.47,2026-08-07,1,Put,870.00,-1.30%,10.1,10.5,10.55,6752,694,9.73,77.92%,84.31%,-0.374177,2026-08-06
PBR,18.52,2026-08-07,1,Call,19.00,-2.59%,0.14,0.15,0.17,15945,1640,9.72,32.26%,87.49%,0.296234,2026-08-06
OSCR,26.54,2026-09-18,43,Put,23.00,-13.34%,0.84,0.95,1.02,1098,113,9.72,68.50%,68.35%,-0.228523,2026-08-06
ABNB,151.64,2026-08-07,1,Call,162.50,-7.16%,1.35,1.38,1.5,2486,257,9.67,43.09%,156.25%,0.210774,2026-08-06
MSFT,499.86,2026-08-07,1,Call,502.50,-0.53%,2.83,2.85,2.95,13328,1380,9.66,29.58%,38.78%,0.403038,2026-08-06
MSFT,499.86,2026-08-07,1,Call,510.00,-2.03%,0.95,1,1.02,37341,3868,9.65,29.58%,40.40%,0.174779,2026-08-06
TSLA,319.53,2026-08-10,4,Call,325.00,-1.71%,2.47,2.5,2.53,9172,953,9.62,42.15%,34.90%,0.331573,2026-08-06
TSLA,319.53,2026-08-07,1,Call,320.00,-0.15%,2.77,2.79,2.82,80851,8413,9.61,42.15%,45.07%,0.481533,2026-08-06
NVDA,218.99,2026-08-10,4,Put,217.50,-0.68%,2.06,2.23,2.17,8782,917,9.58,40.12%,31.01%,-0.406892,2026-08-06
PTON,5.51,2026-08-28,22,Put,5.50,-0.18%,0.09,0.31,0.53,1473,154,9.56,54.31%,59.06%,-0.463964,2026-08-06
AAPL,312.41,2026-08-14,8,Put,292.50,-6.37%,0.28,0.28,0.41,2892,303,9.54,25.24%,29.10%,-0.058743,2026-08-06
MU,881.47,2026-08-07,1,Call,860.00,+2.44%,27.05,29.95,29.4,6275,658,9.54,77.92%,82.83%,0.72333,2026-08-06
MU,881.47,2026-08-10,4,Call,860.00,+2.44%,35,36.1,37.25,2367,249,9.51,77.92%,65.04%,0.656156,2026-08-06
CLS,314.53,2026-08-07,1,Call,340.00,-8.10%,0.05,0.35,0.5,2308,245,9.42,70.55%,87.48%,0.046917,2026-08-06
CCL,28.79,2026-08-14,8,Put,27.50,-4.48%,0.16,0.24,0.3,1058,113,9.36,41.03%,41.81%,-0.218631,2026-08-06
ROKU,150.07,2026-08-07,1,Call,152.50,-1.62%,1.5,1.6,1.74,1503,161,9.34,22.57%,84.04%,0.366572,2026-08-06
MU,881.47,2026-08-07,1,Call,890.00,-0.97%,11.7,11.74,12.3,10204,1093,9.34,77.92%,85.80%,0.424707,2026-08-06
TEAM,110.17,2026-08-07,1,Put,95.00,-13.77%,1.75,1.91,2.2,1206,130,9.28,96.75%,334.37%,-0.174995,2026-08-06
AVGO,420.57,2026-08-14,8,Call,432.50,-2.84%,6.8,7.32,7.6,1717,187,9.18,51.68%,48.25%,0.364306,2026-08-06
BMNR,18.3,2026-08-07,1,Put,18.50,+1.09%,0.39,0.43,0.46,3719,405,9.18,77.34%,82.23%,-0.590713,2026-08-06
ABCL,6.53,2026-09-18,43,Put,5.00,-23.43%,0.2,0.25,0.45,1311,143,9.17,96.02%,114.91%,-0.188402,2026-08-06
DFTX,46.14,2026-09-18,43,Call,45.00,+2.47%,7.4,8.3,9,5434,593,9.16,127.76%,121.55%,0.609895,2026-08-06
NVDA,218.99,2026-08-07,1,Put,237.50,+8.45%,16.95,17.32,20.4,997,109,9.15,40.12%,89.31%,-0.956882,2026-08-06
SNDK,1258.58,2026-08-07,1,Put,"1,260.00",+0.11%,31.1,33,35.8,2102,232,9.06,101.13%,124.73%,-0.49337,2026-08-06
BE,228.96,2026-08-14,8,Put,182.50,-20.29%,1.6,2.02,2.38,932,103,9.05,113.80%,124.99%,-0.093049,2026-08-06
UROY,3.96,2026-08-21,15,Call,4.00,-1.01%,0.15,0.18,0.2,2015,223,9.04,66.37%,59.59%,0.495826,2026-08-06
BMNR,18.3,2026-09-18,43,Call,21.00,-14.75%,1.05,1.08,1.13,13584,1510,9,77.34%,80.42%,0.364679,2026-08-06
MU,881.47,2026-08-28,22,Put,950.00,+7.77%,105.1,101.51,111.55,917,102,8.99,77.92%,78.16%,-0.612991,2026-08-06
CTRI,22.35,2027-01-15,162,Call,25.00,-11.86%,2.2,2.65,2.7,2792,311,8.98,52.64%,55.68%,0.471857,2026-08-06
NVDA,218.99,2026-08-10,4,Put,215.00,-1.82%,1.25,1.3,1.31,7376,825,8.94,40.12%,31.60%,-0.28039,2026-08-06
GOOGL,357.75,2026-09-04,29,Call,425.00,-18.80%,0.54,0.58,0.69,1080,121,8.93,31.42%,34.43%,0.044671,2026-08-06
UWMC,1.2,2028-01-21,533,Put,1.0000,-16.67%,0.25,0.3,0.35,1635,183,8.93,99.29%,52.34%,-0.319592,2026-08-06
MU,881.47,2026-08-10,4,Call,890.00,-0.97%,19.8,21.75,21.65,1707,193,8.84,77.92%,66.53%,0.461016,2026-08-06
AMD,489.28,2026-08-10,4,Call,515.00,-5.26%,3.45,4,4.05,1242,141,8.81,65.32%,60.16%,0.218924,2026-08-06
CRM,186.77,2026-08-28,22,Put,135.00,-27.72%,0.03,0.27,0.4,1097,125,8.78,49.21%,66.21%,-0.018423,2026-08-06
MU,881.47,2026-08-07,1,Put,860.00,-2.44%,6.7,6.95,7,7711,879,8.77,77.92%,83.97%,-0.279261,2026-08-06
RUN,9.38,2026-11-20,106,Call,10.00,-6.61%,1.5,1.56,1.73,7675,880,8.72,81.62%,90.64%,0.554105,2026-08-06
MU,881.47,2026-08-07,1,Put,880.00,-0.17%,14.3,14.25,15.2,10962,1258,8.71,77.92%,84.35%,-0.475395,2026-08-06
ALKT,19.69,2026-09-18,43,Call,20.00,-1.57%,0.9,1.25,1.85,2512,289,8.69,48.71%,54.81%,0.513654,2026-08-06
DDOG,229.29,2026-08-07,1,Put,230.00,+0.31%,3.75,4.18,4.45,2441,282,8.66,57.17%,78.11%,-0.521226,2026-08-06
INSM,132.55,2026-08-21,15,Call,135.00,-1.85%,2.4,2.94,3.9,4682,542,8.64,44.24%,38.66%,0.430348,2026-08-06
CELH,23.77,2026-08-07,1,Put,23.00,-3.24%,0.11,0.13,0.15,2055,238,8.63,53.50%,82.75%,-0.216499,2026-08-06
MU,881.47,2026-08-07,1,Put,890.00,+0.97%,19.65,20.81,20.7,11651,1358,8.58,77.92%,84.28%,-0.577135,2026-08-06
NVDA,218.99,2026-08-07,1,Put,235.00,+7.31%,14.55,14.8,17.6,3394,396,8.57,40.12%,68.80%,-0.97449,2026-08-06
MSFT,499.86,2026-08-07,1,Call,495.00,+0.97%,6.75,7.15,7.45,22545,2639,8.54,29.58%,40.48%,0.682793,2026-08-06
TSLA,319.53,2026-08-07,1,Put,325.00,+1.71%,6.4,6.47,6.55,28453,3341,8.52,42.15%,44.59%,-0.762216,2026-08-06
AAPL,312.41,2026-08-14,8,Put,312.50,+0.03%,4.45,4.5,4.8,1634,192,8.51,25.24%,25.36%,-0.48958,2026-08-06
CZR,30.05,2028-12-15,862,Call,20.00,+33.44%,8.9,10.86,13,1982,233,8.51,20.82%,12.78%,0.996286,2026-08-06
COIN,145.41,2026-08-14,8,Call,155.00,-6.60%,2.18,2.49,3.25,4818,566,8.51,67.58%,71.76%,0.294385,2026-08-06
BTDR,10.52,2026-08-21,15,Put,10.50,-0.19%,0.9,1,1.2,1608,190,8.46,122.43%,125.93%,-0.444439,2026-08-06
NVDA,218.99,2026-08-10,4,Call,225.00,-2.74%,0.77,0.78,0.8,36044,4267,8.45,40.12%,30.31%,0.204226,2026-08-06
DLO,14.77,2026-11-20,106,Put,13.00,-11.98%,0.85,0.9,1,2501,297,8.42,68.49%,55.74%,-0.282888,2026-08-06
KO,86.85,2026-08-14,8,Call,88.00,-1.32%,0.47,0.51,0.62,5903,702,8.41,20.10%,19.57%,0.333265,2026-08-06
OSCR,26.54,2026-08-14,8,Call,30.00,-13.04%,0.23,0.3,0.35,1370,163,8.4,68.50%,82.65%,0.175183,2026-08-06
AAPL,312.41,2026-08-10,4,Call,325.00,-4.03%,0.18,0.2,0.21,7751,924,8.39,25.24%,23.74%,0.059019,2026-08-06
CXW,32.24,2027-01-15,162,Call,27.00,+16.25%,7.1,7.17,9.1,2627,315,8.34,46.29%,68.02%,0.718608,2026-08-06
NVDA,218.99,2026-08-14,8,Put,225.00,+2.74%,8.2,8.5,8.9,8580,1034,8.3,40.12%,38.76%,-0.668502,2026-08-06
ET,20.67,2026-08-07,1,Call,19.50,+5.66%,1.05,1.25,1.34,3035,366,8.29,19.21%,76.54%,0.929863,2026-08-06
SPCX,114.92,2026-08-07,1,Call,107.00,+6.89%,8.05,8.2,8.8,3751,453,8.28,85.45%,124.18%,0.87133,2026-08-06
AAPL,312.41,2026-08-07,1,Call,315.00,-0.83%,0.85,0.87,0.89,122912,14883,8.26,25.24%,28.70%,0.295895,2026-08-06
MU,881.47,2026-08-10,4,Call,850.00,+3.57%,41.7,45.44,44.65,1140,138,8.26,77.92%,66.41%,0.71342,2026-08-06
IREN,37.93,2026-09-04,29,Put,20.00,-47.27%,0.12,0.17,0.17,1310,159,8.24,110.29%,127.72%,-0.024696,2026-08-06
MU,881.47,2026-08-10,4,Call,895.00,-1.53%,18.1,19,19.5,1200,146,8.22,77.92%,66.98%,0.429889,2026-08-06
NFLX,73.69,2026-08-21,15,Put,99.00,+34.35%,24.15,24.9,27.25,1504,183,8.22,34.04%,96.62%,-0.923214,2026-08-06
CRCL,63.28,2028-12-15,862,Put,50.00,-20.99%,18.4,18.94,20.2,1792,218,8.22,83.21%,87.08%,-0.189322,2026-08-06
WDC,451.52,2026-08-07,1,Call,460.00,-1.88%,5.5,6.2,7.35,968,118,8.2,84.25%,106.01%,0.379836,2026-08-06
MU,881.47,2026-08-07,1,Put,875.00,-0.73%,11.9,12.8,12.8,4382,535,8.19,77.92%,84.00%,-0.42409,2026-08-06
STX,852.95,2026-08-21,15,Call,"1,100.00",-28.96%,4,7.1,10,1410,173,8.15,87.89%,91.17%,0.10084,2026-08-06
ABNB,151.64,2026-08-07,1,Put,140.00,-7.68%,1,1.06,1.25,3105,381,8.15,43.09%,160.95%,-0.16076,2026-08-06
SPCX,114.92,2028-01-21,533,Put,75.00,-34.74%,12.45,13.5,14.5,2520,310,8.13,85.45%,71.27%,-0.164169,2026-08-06
DELL,437.65,2026-08-07,1,Put,390.00,-10.89%,0.07,0.2,0.27,3130,385,8.13,86.74%,107.25%,-0.01864,2026-08-06
MU,881.47,2026-08-07,1,Put,830.00,-5.84%,1.59,1.67,1.71,5938,731,8.12,77.92%,86.49%,-0.087919,2026-08-06
NVDA,218.99,2026-08-07,1,Call,222.50,-1.60%,0.61,0.62,0.65,236306,29084,8.12,40.12%,40.84%,0.232962,2026-08-06
SPCX,114.92,2028-01-21,533,Call,185.00,-60.98%,20.65,20.4,22.9,2558,315,8.12,85.45%,67.97%,0.461427,2026-08-06
ARM,286.68,2026-08-07,1,Call,310.00,-8.13%,0.57,0.6,0.68,4604,569,8.09,82.88%,107.23%,0.08635,2026-08-06
USAR,17.41,2026-08-14,8,Call,19.00,-9.13%,0.54,0.58,0.62,3245,402,8.07,101.72%,112.56%,0.331263,2026-08-06
F,13.79,2027-03-19,225,Put,11.00,-20.23%,0.42,0.46,0.51,1758,218,8.06,32.71%,37.95%,-0.179367,2026-08-06
META,589.9,2028-01-21,533,Call,"1,020.00",-72.91%,37.1,38.6,40.35,1933,240,8.05,37.16%,44.64%,0.258064,2026-08-06
TSLA,319.53,2026-08-07,1,Call,322.50,-0.93%,1.79,1.8,1.83,53233,6615,8.05,42.15%,45.61%,0.35513,2026-08-06
ESTA,79.05,2026-12-18,134,Call,90.00,-13.85%,5.6,9.28,9,900,112,8.04,54.04%,57.06%,0.435825,2026-08-06
AMD,489.28,2026-08-07,1,Call,517.50,-5.77%,0.86,1.03,1.02,2276,283,8.04,65.32%,81.22%,0.097578,2026-08-06
NFLX,73.69,2026-08-21,15,Put,95.00,+28.92%,19.55,21.8,23.4,1414,176,8.03,34.04%,74.67%,-0.949207,2026-08-06
MU,881.47,2026-08-07,1,Put,905.00,+2.67%,29.15,30.5,31.5,3776,471,8.02,77.92%,85.40%,-0.714192,2026-08-06
MU,881.47,2026-08-07,1,Call,870.00,+1.30%,21.05,21.95,22.7,4579,571,8.02,77.92%,84.30%,0.62595,2026-08-06
NFLX,73.69,2026-08-21,15,Put,96.00,+30.28%,20.55,21.9,24.4,4312,539,8,34.04%,77.09%,-0.950452,2026-08-06
NVDA,218.99,2026-08-17,11,Put,197.50,-9.81%,0.43,0.42,0.46,1308,164,7.98,40.12%,40.47%,-0.064519,2026-08-06
ET,20.67,2026-08-21,15,Call,17.00,+17.76%,3.55,3.55,3.8,4512,566,7.97,19.21%,48.65%,0.985291,2026-08-06
MU,881.47,2026-08-07,1,Call,875.00,+0.73%,18.35,19.32,20,3996,502,7.96,77.92%,85.52%,0.575021,2026-08-06
BABA,126.81,2026-08-07,1,Put,140.00,+10.40%,12.45,13.9,14.5,812,102,7.96,45.36%,129.21%,-0.923519,2026-08-06
NFLX,73.69,2026-08-21,15,Put,94.00,+27.56%,18.85,19.95,21.9,2070,260,7.96,34.04%,64.49%,-0.969155,2026-08-06
MCHP,74.36,2026-08-21,15,Put,60.00,-19.31%,0.3,0.5,0.7,1642,207,7.93,67.29%,81.54%,-0.08316,2026-08-06
AAPL,312.41,2026-08-10,4,Call,322.50,-3.23%,0.26,0.33,0.33,8329,1052,7.92,25.24%,22.10%,0.089019,2026-08-06
OKLO,42.19,2026-08-21,15,Put,37.00,-12.30%,1.07,1.4,1.64,1014,129,7.86,94.70%,104.77%,-0.232559,2026-08-06
MU,881.47,2026-08-07,1,Put,835.00,-5.27%,2.02,2.12,2.21,2614,334,7.83,77.92%,85.67%,-0.108916,2026-08-06
UL,63.66,2026-08-21,15,Call,57.50,+9.68%,5.9,6,6.3,5240,670,7.82,20.26%,21.99%,0.988866,2026-08-06
MSFT,499.86,2026-08-07,1,Put,487.50,-2.47%,0.54,0.6,0.64,5302,680,7.8,29.58%,40.19%,-0.11422,2026-08-06
ASPN,6.89,2026-08-21,15,Put,7.50,+8.85%,0.85,1.2,1.3,1355,174,7.79,98.61%,127.02%,-0.577965,2026-08-06
INTC,99.81,2027-02-19,197,Put,105.00,+5.20%,24.25,24.65,25.85,1643,211,7.79,77.74%,79.28%,-0.410823,2026-08-06
IRM,121.96,2026-08-14,8,Call,113.00,+7.35%,8.7,10.65,10.5,1041,134,7.77,35.72%,48.66%,0.863356,2026-08-06
IRM,121.96,2026-08-14,8,Call,112.00,+8.17%,9.5,11.64,12.2,1041,134,7.77,35.72%,58.74%,0.846878,2026-08-06
ET,20.67,2026-08-21,15,Call,18.00,+12.92%,2.59,2.64,2.8,8152,1049,7.77,19.21%,42.85%,0.952138,2026-08-06
MS,213.75,2026-08-07,1,Put,207.50,-2.92%,0.07,0.13,0.24,908,117,7.76,30.84%,40.01%,-0.076385,2026-08-06
APP,335.67,2027-06-17,315,Put,110.00,-67.23%,3.6,3.73,3.9,1116,144,7.75,64.65%,81.03%,-0.028717,2026-08-06
MSFT,499.86,2026-08-07,1,Call,517.50,-3.53%,0.28,0.33,0.33,2396,309,7.75,29.58%,42.91%,0.063068,2026-08-06
BB,8.78,2026-08-28,22,Call,9.50,-8.20%,0.16,0.37,0.39,1020,132,7.73,71.75%,62.28%,0.335503,2026-08-06
MU,881.47,2026-08-07,1,Call,982.50,-11.46%,0.23,0.31,0.3,979,127,7.71,77.92%,96.36%,0.016839,2026-08-06
AAPL,312.41,2026-08-12,6,Call,312.50,-0.03%,3.65,3.75,3.85,2110,274,7.7,25.24%,23.23%,0.509286,2026-08-06
HTZ,2.02,2028-01-21,533,Call,1.00,+50.50%,1.3,1.48,1.65,2121,276,7.68,166.83%,134.85%,0.900196,2026-08-06
NVDA,218.99,2026-08-10,4,Put,222.50,+1.60%,4.8,4.8,5.15,1686,220,7.66,40.12%,31.86%,-0.674879,2026-08-06
FISV,54.11,2026-08-14,8,Call,57.00,-5.34%,0.25,0.26,0.6,865,113,7.65,40.57%,43.17%,0.220677,2026-08-06
MSFT,499.86,2026-08-07,1,Call,492.50,+1.47%,8.6,8.75,9.3,5254,687,7.65,29.58%,41.20%,0.758754,2026-08-06
META,589.9,2026-08-07,1,Call,592.50,-0.44%,4,4.05,4.2,5006,657,7.62,37.16%,42.74%,0.428017,2026-08-06
ET,20.67,2026-08-14,8,Call,19.00,+8.08%,1.59,1.65,1.81,4500,591,7.61,19.21%,39.35%,0.931443,2026-08-06
DDOG,229.29,2026-10-16,71,Call,240.00,-4.67%,18.7,19.75,20.3,929,122,7.61,57.17%,57.84%,0.490758,2026-08-06
ET,20.67,2026-08-07,1,Call,19.00,+8.08%,1.55,1.58,1.73,3437,452,7.6,19.21%,86.62%,0.970361,2026-08-06
SNDK,1258.58,2027-01-15,162,Put,"1,660.00",+31.89%,588.2,590,599.6,5013,660,7.6,101.13%,99.52%,-0.530585,2026-08-06
ABNB,151.64,2026-08-07,1,Call,160.00,-5.51%,1.93,2,2.17,4863,641,7.59,43.09%,159.59%,0.274397,2026-08-06
ET,20.67,2026-08-21,15,Call,15.00,+27.43%,5.6,5.65,5.8,3011,397,7.58,19.21%,88.47%,0.971145,2026-08-06
TSLA,319.53,2026-08-07,1,Put,320.00,+0.15%,3.05,3.1,3.15,72972,9624,7.58,42.15%,43.04%,-0.52011,2026-08-06
CRM,186.77,2026-08-07,1,Call,187.50,-0.39%,2.03,2,2.17,6050,800,7.56,49.21%,62.49%,0.459889,2026-08-06
SKHY,143.53,2026-08-14,8,Put,127.00,-11.52%,2.85,3,3.1,8700,1153,7.55,97.06%,112.11%,-0.204811,2026-08-06
TSLA,319.53,2026-08-21,15,Put,450.00,+40.83%,129.5,131.85,131.25,1631,216,7.55,42.15%,104.33%,-0.937297,2026-08-06
TSLA,319.53,2026-08-10,4,Put,322.50,+0.93%,6,6.12,6.3,6453,858,7.52,42.15%,34.16%,-0.59204,2026-08-06
HTZ,2.02,2026-08-07,1,Put,2.00,-0.99%,0.12,0.14,0.14,4956,661,7.5,166.83%,333.67%,-0.442444,2026-08-06
KO,86.85,2026-11-20,106,Put,87.50,+0.75%,3.85,4.15,4.2,1822,243,7.5,20.10%,20.72%,-0.491863,2026-08-06
BABA,126.81,2026-08-14,8,Call,127.00,-0.15%,3,2.94,3.25,784,105,7.47,45.36%,42.91%,0.503513,2026-08-06
HTZ,2.02,2026-08-07,1,Put,3.00,+48.51%,0.91,1.04,1.16,1020,137,7.45,166.83%,668.96%,-0.830092,2026-08-06
INTC,99.81,2026-08-14,8,Put,89.00,-10.83%,0.9,1.02,1.05,1046,141,7.42,77.74%,79.94%,-0.150767,2026-08-06
GOOGL,357.75,2026-08-12,6,Put,350.00,-2.17%,1.81,2.29,2.4,1195,161,7.42,31.42%,28.31%,-0.262687,2026-08-06
APP,335.67,2026-08-21,15,Put,600.00,+78.75%,261.9,267.13,271.8,1103,149,7.4,64.65%,171.80%,-0.934276,2026-08-06
AAPL,312.41,2026-08-07,1,Call,312.50,-0.03%,1.81,1.89,1.87,73699,9957,7.4,25.24%,28.68%,0.497724,2026-08-06
NVDA,218.99,2026-08-12,6,Call,235.00,-7.31%,0.3,0.32,0.34,10148,1374,7.39,40.12%,36.67%,0.071295,2026-08-06
SNDK,1258.58,2026-08-07,1,Call,"1,400.00",-11.24%,2.3,2.3,2.6,15831,2144,7.38,101.13%,131.96%,0.066068,2026-08-06
SNDK,1258.58,2026-08-07,1,Call,"1,360.00",-8.06%,5.6,6.36,5.9,974,132,7.38,101.13%,130.58%,0.136012,2026-08-06
TSM,418.2,2026-12-18,134,Call,560.00,-33.91%,10.55,11.25,11.6,32281,4383,7.37,42.55%,46.19%,0.193734,2026-08-06
NVDA,218.99,2026-08-07,1,Call,227.50,-3.89%,0.11,0.11,0.12,125979,17083,7.37,40.12%,44.76%,0.053496,2026-08-06
AMD,489.28,2026-08-07,1,Put,475.00,-2.92%,2.52,2.7,2.8,7735,1051,7.36,65.32%,77.72%,-0.226394,2026-08-06
AAPL,312.41,2026-08-07,1,Put,310.00,-0.77%,0.78,0.8,0.84,64840,8821,7.35,25.24%,27.20%,-0.288837,2026-08-06
MCHP,74.36,2026-08-07,1,Call,79.00,-6.24%,1.1,1.5,1.85,1618,220,7.35,67.29%,205.42%,0.305361,2026-08-06
MSFT,499.86,2026-08-10,4,Call,500.00,-0.03%,5.6,5.8,6.25,7134,972,7.34,29.58%,28.34%,0.506392,2026-08-06
PEPG,2.41,2026-08-21,15,Call,2.00,+17.01%,0,0.5,0.7,1006,138,7.29,134.81%,134.84%,0.795158,2026-08-06
DDOG,229.29,2026-10-16,71,Put,200.00,-12.77%,9.05,9.96,10.5,1099,151,7.28,57.17%,57.96%,-0.24624,2026-08-06
B,41.37,2026-08-14,8,Call,45.00,-8.77%,0.17,0.27,0.3,1122,155,7.24,44.88%,52.10%,0.147614,2026-08-06
CVI,31.37,2026-09-18,43,Call,32.50,-3.60%,2,2.1,2.2,1289,178,7.24,60.09%,59.39%,0.476327,2026-08-06
GOOGL,357.75,2026-08-07,1,Call,362.50,-1.33%,0.86,0.91,0.92,12847,1787,7.19,31.42%,34.50%,0.236895,2026-08-06
APP,335.67,2026-08-21,15,Put,620.00,+84.71%,279,286.9,289.2,912,127,7.18,64.65%,179.74%,-0.935342,2026-08-06
NET,284.43,2026-08-07,1,Put,200.00,-29.68%,0.15,0.2,0.3,977,136,7.18,74.81%,314.09%,-0.013052,2026-08-06
ET,20.67,2026-08-21,15,Call,19.00,+8.08%,1.61,1.66,1.8,14722,2053,7.17,19.21%,30.67%,0.920109,2026-08-06
INTC,99.81,2026-08-07,1,Call,85.00,+14.84%,14.55,15.5,15.45,5377,752,7.15,77.74%,185.64%,0.955656,2026-08-06
SNDK,1258.58,2026-08-07,1,Put,"1,310.00",+4.09%,60,62.7,67.4,1142,160,7.14,101.13%,118.05%,-0.731123,2026-08-06
INTC,99.81,2026-08-10,4,Call,103.00,-3.20%,1.36,1.42,1.48,1105,155,7.13,77.74%,64.03%,0.333289,2026-08-06
TTD,17.67,2026-08-07,1,Put,16.50,-6.62%,0.7,0.7,0.72,11712,1645,7.12,87.19%,338.74%,-0.317185,2026-08-06
SKHY,143.53,2027-06-17,315,Put,130.00,-9.43%,34.2,36.5,37,2153,303,7.11,97.06%,89.99%,-0.286851,2026-08-06
APLD,28.86,2026-08-28,22,Put,28.00,-2.98%,1.94,2.05,2.63,1207,170,7.1,94.81%,97.94%,-0.399985,2026-08-06
AAPL,312.41,2026-08-12,6,Call,325.00,-4.03%,0.54,0.57,0.69,2385,336,7.1,25.24%,25.76%,0.12231,2026-08-06
AAPL,312.41,2026-08-10,4,Put,295.00,-5.57%,0.04,0.11,0.18,3270,461,7.09,25.24%,29.38%,-0.029323,2026-08-06
WFC,87.59,2026-08-21,15,Call,75.00,+14.37%,12.1,12.8,14.4,3602,508,7.09,23.59%,65.06%,0.893148,2026-08-06
NFLX,73.69,2027-01-15,162,Put,120.00,+62.84%,44.5,46.45,48.45,2868,405,7.08,34.04%,49.82%,-0.941671,2026-08-06
NVDA,218.99,2026-08-07,1,Call,225.00,-2.74%,0.25,0.25,0.27,318621,45083,7.07,40.12%,42.06%,0.112205,2026-08-06
LLY,1191.94,2026-08-07,1,Call,"1,220.00",-2.35%,2.61,2.69,3.05,5631,803,7.01,34.91%,47.47%,0.178554,2026-08-06
TSLA,319.53,2026-08-10,4,Call,320.00,-0.15%,4.3,4.25,4.4,8372,1196,7,42.15%,33.85%,0.494998,2026-08-06
ET,20.67,2026-10-16,71,Call,17.00,+17.76%,3,3.45,4.45,11616,1660,7,19.21%,33.57%,0.927896,2026-08-06
MU,881.47,2026-08-14,8,Call,900.00,-2.10%,33.2,33.19,33.9,6580,941,6.99,77.92%,79.66%,0.455857,2026-08-06
ROKU,150.07,2026-08-07,1,Call,155.00,-3.29%,0.32,1.2,1.31,775,111,6.98,22.57%,80.23%,0.227693,2026-08-06
AMZN,272.26,2026-08-10,4,Call,210.00,+22.87%,60.35,61.82,64,914,131,6.98,30.81%,81.36%,0.999014,2026-08-06
INTC,99.81,2026-08-12,6,Put,89.00,-10.83%,0.5,0.55,0.66,814,117,6.96,77.74%,77.86%,-0.114465,2026-08-06
NVDA,218.99,2026-08-10,4,Call,232.50,-6.17%,0.11,0.12,0.12,4791,689,6.95,40.12%,32.03%,0.039344,2026-08-06
CELH,23.77,2026-08-07,1,Put,23.50,-1.14%,0.26,0.28,0.3,1325,191,6.94,53.50%,81.36%,-0.385299,2026-08-06
TSLA,319.53,2026-08-07,1,Put,310.00,-2.98%,0.33,0.34,0.35,38326,5541,6.92,42.15%,44.82%,-0.095702,2026-08-06
MSFT,499.86,2026-08-12,6,Put,480.00,-3.97%,1.55,1.6,1.89,933,135,6.91,29.58%,32.28%,-0.156039,2026-08-06
MSFT,499.86,2026-09-04,29,Put,420.00,-15.98%,0.82,0.86,0.94,1016,148,6.86,29.58%,36.88%,-0.040312,2026-08-06
MSFT,499.86,2026-08-07,1,Call,512.50,-2.53%,0.63,0.68,0.71,6448,940,6.86,29.58%,41.16%,0.126169,2026-08-06
AAPL,312.41,2026-08-10,4,Put,310.00,-0.77%,1.58,1.68,1.77,2655,388,6.84,25.24%,21.16%,-0.354005,2026-08-06
ARLP,25.32,2026-12-18,134,Call,15.00,+40.76%,8.4,10.1,12.3,745,109,6.83,22.75%,61.38%,0.971931,2026-08-06
MU,881.47,2026-08-14,8,Call,850.00,+3.57%,57.6,59.74,59.8,2209,325,6.8,77.92%,79.55%,0.645887,2026-08-06
ET,20.67,2027-01-15,162,Call,5.00,+75.81%,14.9,15.2,16.6,4860,716,6.79,19.21%,143.31%,0.977412,2026-08-06
RKLB,75.67,2026-08-07,1,Put,76.00,+0.44%,1.71,1.71,1.83,1015,150,6.77,99.58%,101.26%,-0.521571,2026-08-06
MSFT,499.86,2026-08-10,4,Call,505.00,-1.03%,3.5,3.7,3.85,4192,619,6.77,29.58%,27.79%,0.372096,2026-08-06
TSLA,319.53,2026-08-10,4,Put,320.00,+0.15%,4.55,4.68,4.85,5820,863,6.74,42.15%,33.84%,-0.505966,2026-08-06
AMD,489.28,2026-08-28,22,Put,420.00,-14.16%,6.45,6.53,7.25,2638,392,6.73,65.32%,66.72%,-0.152435,2026-08-06
WDC,451.52,2026-08-07,1,Call,535.00,-18.49%,0.01,0.15,1.1,1020,152,6.71,84.25%,174.47%,0.035081,2026-08-06
ET,20.67,2028-01-21,533,Call,10.00,+51.62%,8.3,10.1,13,1500,224,6.7,19.21%,47.71%,0.969105,2026-08-06
BABA,126.81,2026-08-14,8,Call,133.00,-4.88%,1.1,1.15,1.28,781,117,6.68,45.36%,44.73%,0.246428,2026-08-06
ASX,37.25,2027-01-15,162,Call,65.00,-74.50%,1.75,1.97,2.2,1203,180,6.68,79.05%,80.34%,0.218428,2026-08-06
DKNG,22.17,2026-08-07,1,Call,21.50,+3.02%,1.37,1.37,1.61,1242,186,6.68,67.85%,246.30%,0.61917,2026-08-06
WFC,87.59,2026-08-21,15,Call,70.00,+20.08%,17.15,17.75,18.2,1201,180,6.67,23.59%,52.76%,0.983605,2026-08-06
PATH,14,2026-09-04,29,Call,5.50,+60.71%,8.2,8.55,9.55,1844,277,6.66,83.72%,275.80%,0.944572,2026-08-06
MU,881.47,2026-08-07,1,Put,910.00,+3.24%,32.75,34.71,35.45,3717,560,6.64,77.92%,85.60%,-0.754062,2026-08-06
SNDK,1258.58,2026-08-07,1,Put,"1,195.00",-5.05%,10.1,9.75,10.7,903,136,6.64,101.13%,128.45%,-0.210112,2026-08-06
ERO,31.1,2026-09-18,43,Call,35.00,-12.54%,1.2,1.18,1.4,1273,192,6.63,61.06%,61.78%,0.333399,2026-08-06
ORCL,143.47,2026-08-21,15,Put,250.00,+74.25%,105.3,105.95,107.05,1281,194,6.6,70.20%,110.51%,-0.996293,2026-08-06
SNDK,1258.58,2026-08-14,8,Put,850.00,-32.46%,1.05,1.48,1.9,1638,248,6.6,101.13%,129.67%,-0.016003,2026-08-06
TTD,17.67,2026-08-14,8,Call,18.00,-1.87%,1.3,1.3,1.38,2561,388,6.6,87.19%,142.02%,0.508332,2026-08-06
NVDA,218.99,2026-08-10,4,Call,227.50,-3.89%,0.41,0.41,0.43,8815,1338,6.59,40.12%,30.63%,0.122606,2026-08-06
MSFT,499.86,2026-08-07,1,Call,500.00,-0.03%,3.9,3.9,4.2,52552,7980,6.59,29.58%,39.28%,0.5002,2026-08-06
WFC,87.59,2026-08-07,1,Call,83.00,+5.24%,3.6,4.65,5.2,1200,183,6.56,23.59%,62.19%,0.952607,2026-08-06
AKAM,118.55,2026-08-07,1,Put,100.00,-15.65%,1.4,2,2.25,1521,232,6.56,82.21%,345.36%,-0.150961,2026-08-06
MU,881.47,2026-08-07,1,Call,845.00,+4.14%,38.05,55.07,41.7,1206,184,6.55,77.92%,83.42%,0.839381,2026-08-06
CAVA,62.23,2026-08-14,8,Call,67.00,-7.67%,2.35,2.7,3.05,2045,312,6.55,75.75%,123.06%,0.378278,2026-08-06
ET,20.67,2026-08-07,1,Call,20.00,+3.24%,0.6,0.68,0.94,16530,2527,6.54,19.21%,78.83%,0.793329,2026-08-06
ORCL,143.47,2026-08-21,15,Put,137.00,-4.51%,3.85,4,4.15,1534,235,6.53,70.20%,59.96%,-0.327307,2026-08-06
ET,20.67,2026-08-21,15,Call,16.00,+22.59%,4.15,4.65,5.45,1500,230,6.52,19.21%,95.00%,0.922625,2026-08-06
AAPL,312.41,2026-08-12,6,Put,310.00,-0.77%,2.52,2.75,2.8,912,140,6.51,25.24%,23.90%,-0.388674,2026-08-06
VOYG,38.31,2026-08-21,15,Call,39.00,-1.80%,1,2,2.6,913,142,6.43,85.05%,67.31%,0.479388,2026-08-06
PANW,359.49,2026-08-14,8,Put,280.00,-22.11%,0,0.11,0.43,1536,239,6.43,60.10%,79.11%,-0.013961,2026-08-06
SMCI,29.38,2026-08-14,8,Call,31.50,-7.22%,1.4,1.5,1.58,3955,615,6.43,96.39%,133.43%,0.401308,2026-08-06
FIG,23.97,2026-08-07,1,Call,23.50,+1.96%,0.59,0.77,0.9,5076,789,6.43,82.98%,95.19%,0.664368,2026-08-06
SG,5.87,2026-08-14,8,Call,7.00,-19.25%,0.2,0.23,0.3,3346,522,6.41,108.79%,176.46%,0.294483,2026-08-06
ASTS,67.36,2026-08-07,1,Put,80.00,+18.76%,11.1,11.05,13.8,641,100,6.41,106.58%,136.43%,-0.991732,2026-08-06
AEVA,25.26,2026-08-21,15,Put,20.00,-20.82%,0.35,0.5,0.6,2497,390,6.4,115.13%,119.22%,-0.137293,2026-08-06
TSLA,319.53,2026-08-10,4,Call,322.50,-0.93%,3.25,3.28,3.4,4249,664,6.4,42.15%,34.37%,0.409784,2026-08-06
KO,86.85,2026-08-14,8,Call,90.00,-3.63%,0.1,0.17,0.2,5647,882,6.4,20.10%,20.06%,0.119725,2026-08-06
VSAT,81.99,2027-01-15,162,Call,90.00,-9.77%,16.1,19.6,19,1021,160,6.38,93.54%,92.57%,0.573332,2026-08-06
XYZ,79.02,2026-08-14,8,Call,84.00,-6.30%,0.5,0.58,0.73,1034,162,6.38,41.48%,47.32%,0.204395,2026-08-06
SNDK,1258.58,2026-08-07,1,Call,"1,375.00",-9.25%,4.1,4.07,4.4,1040,163,6.38,101.13%,131.38%,0.105508,2026-08-06
CCJ,93.62,2026-09-18,43,Put,80.00,-14.55%,1.22,1.28,1.5,14489,2272,6.38,48.25%,49.57%,-0.15197,2026-08-06
ET,20.67,2027-01-15,162,Call,10.00,+51.62%,9.9,10.65,11.6,16200,2540,6.38,19.21%,76.83%,0.957195,2026-08-06
AMD,489.28,2026-08-07,1,Put,490.00,+0.15%,7.95,8.21,8.5,7743,1220,6.35,65.32%,77.10%,-0.505685,2026-08-06
ET,20.67,2028-01-21,533,Call,13.00,+37.11%,7.45,7.65,7.85,162035,25512,6.35,19.21%,32.25%,0.959786,2026-08-06
ET,20.67,2027-01-15,162,Call,13.00,+37.11%,7.2,7.4,8,32402,5110,6.34,19.21%,44.93%,0.978144,2026-08-06
FSLR,244.14,2026-08-07,1,Call,300.00,-22.88%,0.53,0.88,0.87,2397,378,6.34,77.72%,238.70%,0.056388,2026-08-06
AAPL,312.41,2026-08-10,4,Put,297.50,-4.77%,0.06,0.1,0.11,5206,822,6.33,25.24%,24.64%,-0.027325,2026-08-06
MNST,94.16,2026-09-18,43,Put,92.50,-1.76%,3.1,3.4,3.4,2979,471,6.32,36.86%,32.78%,-0.403328,2026-08-06
DELL,437.65,2026-08-07,1,Put,420.00,-4.03%,1.9,2.25,2.51,3308,524,6.31,86.74%,91.37%,-0.187726,2026-08-06
NVDA,218.99,2026-08-07,1,Put,225.00,+2.74%,6.1,6.5,6.8,8007,1268,6.31,40.12%,50.01%,-0.846206,2026-08-06
UWMC,1.2,2028-01-21,533,Call,1.0000,+16.67%,0.5,0.65,0.65,4547,723,6.29,99.29%,144.03%,0.682727,2026-08-06
AMZN,272.26,2026-08-12,6,Call,295.00,-8.35%,0.11,0.14,0.22,1191,190,6.27,30.81%,34.00%,0.035565,2026-08-06
SNDK,1258.58,2026-08-07,1,Put,"1,155.00",-8.23%,4.4,4.3,4.7,695,111,6.26,101.13%,134.44%,-0.104372,2026-08-06
HTZ,2.02,2026-08-21,15,Call,2.00,+0.99%,0.33,0.34,0.35,50487,8095,6.24,166.83%,203.61%,0.592544,2026-08-06
HTZ,2.02,2026-08-28,22,Call,2.50,-23.76%,0.24,0.3,0.29,3292,528,6.23,166.83%,213.15%,0.443684,2026-08-06
MU,881.47,2026-08-07,1,Put,900.00,+2.10%,26,26.35,27.8,16872,2714,6.22,77.92%,86.09%,-0.669187,2026-08-06
CCL,28.79,2026-08-07,1,Call,25.00,+13.16%,3.55,4.1,4.4,1579,254,6.22,41.03%,227.43%,0.893514,2026-08-06
AAOI,124.22,2026-08-07,1,Put,115.00,-7.42%,5.4,5.8,5.8,2227,358,6.22,140.69%,381.66%,-0.313331,2026-08-06
LULU,124.73,2026-12-18,134,Put,350.00,+180.61%,223.85,225.5,227,3956,637,6.21,53.31%,95.28%,-0.972067,2026-08-06
CCL,28.79,2026-08-07,1,Call,26.00,+9.69%,1.91,3,3.3,1172,189,6.2,41.03%,187.99%,0.861132,2026-08-06
NFLX,73.69,2027-01-15,162,Put,140.00,+89.99%,64.55,66.6,68.5,1240,200,6.2,34.04%,62.98%,-0.941803,2026-08-06
AMD,489.28,2026-08-07,1,Call,492.50,-0.66%,6.35,6.67,6.95,4643,752,6.17,65.32%,79.40%,0.446428,2026-08-06
INTC,99.81,2026-09-04,29,Put,95.00,-4.82%,4.85,6.05,7.35,1043,169,6.17,77.74%,76.70%,-0.364538,2026-08-06
ET,20.67,2027-01-15,162,Call,15.00,+27.43%,5.55,5.7,5.85,71396,11598,6.16,19.21%,35.00%,0.950964,2026-08-06
ECHO,87.03,2026-08-21,15,Put,130.00,+49.37%,41.1,42.4,44.8,980,160,6.13,56.67%,86.81%,-0.991685,2026-08-06
BTU,23.52,2026-08-14,8,Call,24.00,-2.04%,0.46,0.73,0.78,727,119,6.11,57.50%,59.41%,0.428509,2026-08-06
AAPL,312.41,2026-08-10,4,Call,315.00,-0.83%,1.56,1.59,1.63,21181,3470,6.1,25.24%,20.24%,0.358629,2026-08-06
NFLX,73.69,2027-01-15,162,Put,124.00,+68.27%,48.5,50.2,52.45,915,150,6.1,34.04%,52.44%,-0.942953,2026-08-06
SMR,9.47,2026-08-07,1,Put,10.50,+10.88%,0.89,0.99,1.23,1457,239,6.1,93.34%,145.58%,-0.906123,2026-08-06
MSTR,96.85,2026-09-18,43,Put,200.00,+106.50%,102,104.25,104.5,2520,413,6.1,69.93%,105.64%,-0.9776,2026-08-06
MU,881.47,2026-08-07,1,Call,955.00,-8.34%,0.82,0.84,0.9,3385,556,6.09,77.92%,91.44%,0.049677,2026-08-06
TSLA,319.53,2026-08-10,4,Put,310.00,-2.98%,1.15,1.19,1.19,5007,822,6.09,42.15%,33.58%,-0.186991,2026-08-06
APA,36.53,2026-10-16,71,Call,42.50,-16.34%,0.54,1,1.49,5187,853,6.08,43.02%,45.07%,0.255732,2026-08-06
CCL,28.79,2026-08-07,1,Call,24.00,+16.64%,3.7,5.14,6.15,728,120,6.07,41.03%,252.73%,0.925318,2026-08-06
HNST,5.42,2026-08-21,15,Put,5.00,-7.75%,0.1,0.1,0.15,1262,208,6.07,59.17%,68.91%,-0.255703,2026-08-06
AMZN,272.26,2026-08-14,8,Call,185.00,+32.05%,85.5,87.05,89.15,1340,221,6.06,30.81%,78.32%,0.999658,2026-08-06
TOST,34.72,2028-01-21,533,Call,45.00,-29.61%,5.65,5.75,6.4,1538,254,6.06,41.62%,51.39%,0.495348,2026-08-06
MU,881.47,2026-08-07,1,Call,900.00,-2.10%,8.3,8.5,8.75,40218,6637,6.06,77.92%,86.54%,0.331944,2026-08-06
JOBY,8.23,2026-08-14,8,Put,8.00,-2.79%,0.21,0.3,0.33,962,159,6.05,75.52%,78.56%,-0.379175,2026-08-06
WM,229.01,2026-08-21,15,Call,220.00,+3.93%,10,10.55,11,1210,200,6.05,21.49%,24.77%,0.799258,2026-08-06
AAPL,312.41,2026-08-12,6,Call,322.50,-3.23%,0.82,0.85,1.05,1820,301,6.05,25.24%,25.45%,0.173288,2026-08-06
AAOI,124.22,2026-08-07,1,Call,165.00,-32.83%,1.05,1.09,1.2,2373,392,6.05,140.69%,392.97%,0.100812,2026-08-06
TSLA,319.53,2026-08-10,4,Put,307.50,-3.76%,0.77,0.8,0.8,2205,365,6.04,42.15%,34.03%,-0.134505,2026-08-06
MU,881.47,2026-08-07,1,Call,880.00,+0.17%,16.05,16.48,17.2,6540,1085,6.03,77.92%,86.12%,0.524613,2026-08-06
NVDA,218.99,2026-08-07,1,Put,222.50,+1.60%,4.1,4.25,4.25,31028,5147,6.03,40.12%,42.31%,-0.759548,2026-08-06
RKT,13.22,2026-08-21,15,Call,14.50,-9.68%,0.29,0.3,0.43,2334,387,6.03,63.66%,75.50%,0.302344,2026-08-06
NFLX,73.69,2027-01-15,162,Put,122.00,+65.56%,46.5,49,50.2,1505,250,6.02,34.04%,47.84%,-0.971539,2026-08-06
WFC,87.59,2026-09-18,43,Call,50.00,+42.92%,35.55,37.85,39.4,900,150,6,23.59%,88.14%,0.9762,2026-08-06
WBD,26.4,2026-08-21,15,Call,27.50,-4.17%,0.08,0.12,0.18,1309,219,5.98,18.31%,22.36%,0.199036,2026-08-06
MU,881.47,2026-08-07,1,Put,840.00,-4.70%,2.6,2.68,2.75,6713,1125,5.97,77.92%,84.70%,-0.133237,2026-08-06
AMZN,272.26,2026-08-10,4,Call,195.00,+28.38%,75.35,76.78,79,770,129,5.97,30.81%,95.31%,0.99966,2026-08-06
EBAY,110.14,2026-08-07,1,Call,108.00,+1.94%,0.86,1.1,3.55,770,129,5.97,32.43%,27.03%,0.919039,2026-08-06
ECHO,87.03,2026-08-21,15,Put,125.00,+43.63%,35.9,37.41,39.9,2364,396,5.97,56.67%,79.37%,-0.991179,2026-08-06
MSTR,96.85,2026-09-18,43,Put,280.00,+189.11%,182,184.2,184.75,618,104,5.94,69.93%,153.86%,-0.969811,2026-08-06
COHR,334.22,2026-08-21,15,Put,370.00,+10.71%,50.9,48.2,55.3,1159,195,5.94,105.06%,114.31%,-0.625148,2026-08-06
VST,141.38,2026-09-18,43,Put,100.00,-29.27%,0.04,0.32,0.75,3348,564,5.94,53.35%,58.58%,-0.032899,2026-08-06
MU,881.47,2026-08-07,1,Call,925.00,-4.94%,3.1,3.23,3.35,7446,1257,5.92,77.92%,88.40%,0.154653,2026-08-06
LUNR,14.93,2026-08-07,1,Call,15.50,-3.82%,0.13,0.17,0.2,2018,341,5.92,118.98%,120.96%,0.288205,2026-08-06
META,589.9,2026-08-07,1,Call,597.50,-1.29%,2.31,2.4,2.52,3895,659,5.91,37.16%,43.28%,0.291198,2026-08-06
ABT,107.96,2026-08-14,8,Call,110.00,-1.89%,0.75,0.9,1,4616,781,5.91,25.78%,26.32%,0.324888,2026-08-06
NBIS,189.88,2026-08-14,8,Call,310.00,-63.26%,0.56,0.6,0.98,1219,207,5.89,129.01%,177.42%,0.041658,2026-08-06
INTC,99.81,2026-08-14,8,Put,97.00,-2.82%,3.1,3.09,3.4,1832,311,5.89,77.74%,78.22%,-0.378421,2026-08-06
NFLX,73.69,2026-09-18,43,Put,114.00,+54.70%,38.5,40.3,42.4,882,150,5.88,34.04%,72.53%,-0.959596,2026-08-06
OXY,56.04,2026-08-07,1,Put,57.00,+1.71%,0.97,1.11,1.39,1000,170,5.88,34.89%,49.12%,-0.741042,2026-08-06
NFLX,73.69,2027-01-15,162,Put,118.00,+60.13%,42.5,45,46.2,1540,262,5.88,34.04%,45.26%,-0.970735,2026-08-06
MSFT,499.86,2026-08-07,1,Call,505.00,-1.03%,2,2.06,2.14,21121,3594,5.88,29.58%,39.36%,0.314702,2026-08-06
NFLX,73.69,2026-09-18,43,Put,116.00,+57.42%,40.95,42.35,43.85,4288,730,5.87,34.04%,72.26%,-0.969819,2026-08-06
BKD,14.36,2026-08-21,15,Call,15.00,-4.46%,0.3,0.53,0.65,787,134,5.87,56.03%,64.03%,0.389062,2026-08-06
TE,5.55,2026-08-07,1,Call,6.50,-17.12%,0.05,0.1,0.15,4425,755,5.86,161.32%,328.44%,0.202519,2026-08-06
TSLA,319.53,2026-08-07,1,Put,322.50,+0.93%,4.55,4.72,4.7,25445,4352,5.85,42.15%,43.58%,-0.652151,2026-08-06
WDC,451.52,2026-08-14,8,Call,600.00,-32.88%,0.5,0.6,0.8,1608,275,5.85,84.25%,96.34%,0.027644,2026-08-06
MU,881.47,2026-08-07,1,Call,920.00,-4.37%,3.85,3.8,4.1,12576,2160,5.82,77.92%,88.08%,0.183287,2026-08-06
MCHP,74.36,2026-08-07,1,Put,60.00,-19.31%,0.1,0.15,0.65,622,107,5.81,67.29%,292.91%,-0.0699,2026-08-06
ORCL,143.47,2026-08-21,15,Put,210.00,+46.37%,65.3,65.95,67.65,860,148,5.81,70.20%,78.85%,-0.995461,2026-08-06
NFLX,73.69,2027-01-15,162,Put,116.00,+57.42%,40.5,41.95,44.45,901,155,5.81,34.04%,47.10%,-0.940072,2026-08-06
NFLX,73.69,2026-09-18,43,Put,108.00,+46.56%,33.3,33.5,35.25,849,147,5.78,34.04%,56.41%,-0.988093,2026-08-06
NFLX,73.69,2026-09-18,43,Put,106.00,+43.85%,30.55,31.95,34.45,577,100,5.77,34.04%,64.69%,-0.947864,2026-08-06
RXT,4.82,2026-08-07,1,Call,1.00,+79.25%,3.6,3.85,4,600,104,5.77,152.00%,"1,427.24%",0.993409,2026-08-06
AMZN,272.26,2026-08-10,4,Put,282.50,+3.76%,10.15,11.18,11.1,1200,208,5.77,30.81%,28.98%,-0.886126,2026-08-06
NFLX,73.69,2026-09-18,43,Put,111.00,+50.63%,35.55,37.25,39.45,1356,235,5.77,34.04%,71.09%,-0.951117,2026-08-06
CRM,186.77,2026-08-21,15,Put,240.00,+28.50%,52.45,54.88,54.6,708,123,5.76,49.21%,69.54%,-0.959451,2026-08-06
MSFT,499.86,2026-08-12,6,Call,515.00,-3.03%,2.5,2.8,2.94,1282,223,5.75,29.58%,31.12%,0.236982,2026-08-06
NFLX,73.69,2026-09-18,43,Put,110.00,+49.27%,34.9,36.3,37.85,5686,991,5.74,34.04%,63.71%,-0.972123,2026-08-06
CCL,28.79,2026-08-07,1,Call,28.00,+2.74%,0.72,0.91,1.17,5211,909,5.73,41.03%,74.41%,0.768817,2026-08-06
HD,349.52,2027-03-19,225,Put,300.00,-14.17%,11.9,12.05,12.55,1489,260,5.73,32.43%,31.51%,-0.21785,2026-08-06
RKLB,75.67,2026-08-07,1,Call,79.00,-4.40%,0.55,0.58,0.67,4143,724,5.72,99.58%,111.83%,0.24045,2026-08-06
NFLX,73.69,2026-09-18,43,Put,105.00,+42.49%,29.6,32.05,33.45,1416,248,5.71,34.04%,64.26%,-0.941826,2026-08-06
SYF,78.67,2026-09-18,43,Call,82.50,-4.87%,1.65,1.8,2.15,1507,264,5.71,30.66%,30.98%,0.355169,2026-08-06
NFLX,73.69,2026-09-18,43,Put,104.00,+41.13%,28.5,30.05,32.4,787,138,5.7,34.04%,60.03%,-0.954081,2026-08-06
NFLX,73.69,2026-09-18,43,Put,102.00,+38.42%,27.35,29.1,29.5,1316,231,5.7,34.04%,56.25%,-0.95621,2026-08-06
NFLX,73.69,2026-09-18,43,Put,101.00,+37.06%,26,26.6,29.45,1059,186,5.69,34.04%,64.44%,-0.912585,2026-08-06
ANVS,1.86,2026-09-11,36,Call,2.0000,-7.53%,0.05,0.25,0.45,2661,468,5.69,319.60%,130.17%,0.514282,2026-08-06
NFLX,73.69,2026-09-18,43,Put,99.00,+34.35%,23.8,24.6,26.15,1425,251,5.68,34.04%,45.42%,-0.986194,2026-08-06
MP,47.49,2026-08-21,15,Put,39.00,-17.88%,0.31,0.37,0.47,2058,363,5.67,75.15%,81.06%,-0.09868,2026-08-06
NBIS,189.88,2026-08-21,15,Put,120.00,-36.80%,1.15,1.22,1.3,15924,2810,5.67,129.01%,148.22%,-0.046269,2026-08-06
AAPL,312.41,2026-08-07,1,Call,320.00,-2.43%,0.16,0.18,0.18,129436,22811,5.67,25.24%,31.46%,0.074349,2026-08-06
XYZ,79.02,2026-08-14,8,Call,81.00,-2.51%,1.26,1.53,1.51,847,150,5.65,41.48%,46.84%,0.377988,2026-08-06
HTZ,2.02,2026-09-04,29,Put,1.50,-25.74%,0.1,0.13,0.14,1188,211,5.63,166.83%,161.96%,-0.187868,2026-08-06
PURR,6.67,2026-09-18,43,Put,6.00,-10.04%,0.4,0.45,0.5,7000,1246,5.62,88.09%,86.56%,-0.302513,2026-08-06
AYA,25.2,2026-09-18,43,Call,30.00,-19.05%,0.95,1.26,1.45,1693,301,5.62,87.92%,79.17%,0.312152,2026-08-06
CRCL,63.28,2028-12-15,862,Put,70.00,+10.62%,31.15,32.07,34.8,1797,320,5.62,83.21%,87.80%,-0.269638,2026-08-06
NFLX,73.69,2026-09-18,43,Put,100.00,+35.70%,24.9,26.45,27.85,3105,553,5.61,34.04%,51.05%,-0.9675,2026-08-06
MNST,94.16,2026-08-21,15,Call,110.00,-16.82%,0.2,0.25,0.3,4007,716,5.6,36.86%,48.44%,0.06437,2026-08-06
TTWO,232.47,2026-09-18,43,Call,230.00,+1.06%,18.4,18.42,19.8,4386,784,5.59,55.24%,54.87%,0.569106,2026-08-06
LLY,1191.94,2026-08-07,1,Call,"1,230.00",-3.19%,1.7,1.99,2,1023,183,5.59,34.91%,50.52%,0.120506,2026-08-06
MU,881.47,2026-08-14,8,Put,660.00,-25.13%,0.77,0.8,0.92,1473,264,5.58,77.92%,96.39%,-0.017688,2026-08-06
SNDK,1258.58,2026-08-07,1,Put,"1,265.00",+0.51%,35.2,34,36.1,942,169,5.57,101.13%,122.99%,-0.518188,2026-08-06
META,589.9,2026-10-16,71,Call,705.00,-19.51%,9.4,9.95,9.85,1048,188,5.57,37.16%,39.60%,0.184983,2026-08-06
PYPL,59.78,2026-08-14,8,Call,62.00,-3.71%,0.37,0.36,0.39,1533,275,5.57,29.78%,32.25%,0.233361,2026-08-06
UUUU,12.9,2026-08-14,8,Put,11.00,-14.73%,0.07,0.1,0.13,1089,196,5.56,79.42%,93.25%,-0.109619,2026-08-06
WFC,87.59,2026-08-07,1,Call,84.00,+4.10%,3.15,3.9,4.3,2415,434,5.56,23.59%,62.30%,0.903347,2026-08-06
AVGO,420.57,2026-08-10,4,Call,430.00,-2.24%,3.25,3.57,3.75,948,171,5.54,51.68%,40.63%,0.311117,2026-08-06
NN,15,2026-09-18,43,Call,23.00,-53.33%,0.75,0.85,0.9,4052,732,5.54,128.99%,134.80%,0.247246,2026-08-06
PURR,6.67,2026-09-18,43,Call,6.00,+10.04%,1.05,1.25,1.25,7013,1268,5.53,88.09%,87.19%,0.697783,2026-08-06
SNDK,1258.58,2026-08-07,1,Put,"1,220.00",-3.07%,16.5,17,17.1,824,149,5.53,101.13%,125.83%,-0.306073,2026-08-06
NOW,117.35,2026-08-28,22,Call,115.00,+2.00%,7.9,7.8,8.25,2521,456,5.53,57.65%,58.95%,0.589895,2026-08-06
MSTR,96.85,2027-01-15,162,Put,310.00,+220.08%,210.7,213.7,216.05,584,106,5.51,69.93%,101.71%,-0.964405,2026-08-06
TEAM,110.17,2026-08-07,1,Call,140.00,-27.08%,0.7,0.77,1,1151,209,5.51,96.75%,334.20%,0.099945,2026-08-06
MSFT,499.86,2026-08-10,4,Call,495.00,+0.97%,8.3,9.2,9.15,1795,326,5.51,29.58%,28.31%,0.638769,2026-08-06
CAR,138.35,2026-09-18,43,Put,650.00,+369.82%,503.1,508.5,517.6,1326,241,5.5,57.56%,194.58%,-0.991778,2026-08-06
CRM,186.77,2026-08-21,15,Put,250.00,+33.85%,62.4,64.88,64.65,708,129,5.49,49.21%,78.58%,-0.96305,2026-08-06
NFLX,73.69,2026-09-04,29,Put,71.00,-3.65%,1.47,1.51,1.55,3263,594,5.49,34.04%,33.34%,-0.31971,2026-08-06
APP,335.67,2026-08-07,1,Put,410.00,+22.14%,71.8,74.32,78.2,3557,649,5.48,64.65%,219.10%,-0.954325,2026-08-06
WULF,17.61,2026-08-21,15,Call,18.50,-5.05%,0.9,1.16,1.07,2508,458,5.48,94.99%,98.22%,0.427803,2026-08-06
QURE,45.36,2026-10-16,71,Put,25.00,-44.89%,0.45,1.2,1.8,1072,196,5.47,102.39%,120.70%,-0.081126,2026-08-06
AMD,489.28,2026-08-07,1,Call,522.50,-6.79%,0.52,0.52,0.67,2369,433,5.47,65.32%,81.96%,0.065835,2026-08-06
SNDK,1258.58,2026-08-07,1,Put,"1,240.00",-1.48%,22.2,24.28,24.6,2394,438,5.47,101.13%,122.23%,-0.395189,2026-08-06
WFC,87.59,2026-08-21,15,Call,72.50,+17.23%,14.65,15.6,16.05,2400,439,5.47,23.59%,58.83%,0.949808,2026-08-06
SPCX,114.92,2026-08-07,1,Call,113.00,+1.67%,4.05,4.15,4.2,19799,3629,5.46,85.45%,128.76%,0.61226,2026-08-06
NVDA,218.99,2026-08-10,4,Call,222.50,-1.60%,1.39,1.35,1.41,17297,3175,5.45,40.12%,30.23%,0.317142,2026-08-06
ABNB,151.64,2026-08-07,1,Call,157.50,-3.86%,2.3,2.7,2.88,1939,356,5.45,43.09%,154.23%,0.334268,2026-08-06
FIG,23.97,2026-08-21,15,Put,22.00,-8.22%,0.67,0.77,0.8,587,108,5.44,82.98%,82.60%,-0.273029,2026-08-06
EOG,136.2,2026-08-14,8,Call,126.00,+7.49%,9.5,10.2,12.6,686,126,5.44,32.48%,52.42%,0.851204,2026-08-06
INTC,99.81,2026-08-10,4,Put,95.00,-4.82%,0.86,0.9,0.97,2377,437,5.44,77.74%,65.54%,-0.223983,2026-08-06
HTZ,2.02,2026-09-18,43,Put,2.00,-0.99%,0.35,0.45,0.45,32107,5897,5.44,166.83%,152.30%,-0.38716,2026-08-06
STUB,8.88,2026-08-07,1,Call,4.00,+54.95%,4.8,4.8,5,592,109,5.43,84.13%,760.15%,0.986219,2026-08-06
MSFT,499.86,2026-09-04,29,Put,435.00,-12.98%,1.22,1.71,1.62,662,122,5.43,29.58%,34.16%,-0.065049,2026-08-06
AMD,489.28,2026-08-07,1,Put,487.50,-0.36%,6.8,7,7.2,2056,380,5.41,65.32%,77.26%,-0.455249,2026-08-06
MU,881.47,2026-08-07,1,Call,945.00,-7.21%,1.31,1.4,1.4,2147,397,5.41,77.92%,90.34%,0.074075,2026-08-06
ABNB,151.64,2026-08-07,1,Call,170.00,-12.11%,0.35,0.44,0.45,1080,200,5.4,43.09%,149.18%,0.07731,2026-08-06
INTC,99.81,2027-02-19,197,Put,60.00,-39.89%,3.6,4.45,5.4,1626,301,5.4,77.74%,80.40%,-0.117811,2026-08-06
MU,881.47,2026-08-10,4,Put,890.00,+0.97%,27.65,29,29.9,640,119,5.38,77.92%,66.10%,-0.539919,2026-08-06
ANET,192.32,2026-08-28,22,Put,200.00,+3.99%,14.65,15.43,15.8,656,122,5.38,58.95%,58.37%,-0.575853,2026-08-06
BABA,126.81,2026-09-11,36,Call,115.00,+9.31%,13.25,14.33,15.4,898,167,5.38,45.36%,45.37%,0.774633,2026-08-06
WFC,87.59,2026-08-21,15,Call,60.00,+31.50%,27.15,27.75,29.4,1200,223,5.38,23.59%,131.37%,0.939473,2026-08-06
ONDS,8.74,2026-09-04,29,Call,12.50,-43.02%,0.2,0.3,0.41,585,109,5.37,104.95%,125.84%,0.205132,2026-08-06
HTZ,2.02,2026-08-21,15,Call,3.00,-48.51%,0.14,0.16,0.2,15505,2887,5.37,166.83%,261.79%,0.31661,2026-08-06
AAOI,124.22,2026-08-14,8,Put,75.00,-39.62%,0.3,0.35,1.6,611,114,5.36,140.69%,227.91%,-0.047826,2026-08-06
HTZ,2.02,2026-09-11,36,Call,2.00,+0.99%,0.36,0.56,0.47,751,140,5.36,166.83%,161.32%,0.610328,2026-08-06
RKLB,75.67,2026-08-07,1,Put,79.00,+4.40%,3.65,3.55,4,653,122,5.35,99.58%,102.85%,-0.779998,2026-08-06
BX,133.45,2026-08-21,15,Put,130.00,-2.59%,2.27,2.48,2.6,4111,769,5.35,35.83%,36.88%,-0.348336,2026-08-06
CCL,28.79,2026-08-07,1,Call,27.00,+6.22%,1.69,1.98,2.27,1377,258,5.34,41.03%,133.54%,0.829911,2026-08-06
TEAM,110.17,2026-08-07,1,Put,85.00,-22.85%,0.3,0.35,0.55,570,107,5.33,96.75%,320.26%,-0.051372,2026-08-06
JNJ,256.98,2026-10-16,71,Call,250.00,+2.72%,15.55,15.91,16.5,5237,982,5.33,24.48%,26.50%,0.623559,2026-08-06
CCL,28.79,2026-08-07,1,Call,26.50,+7.95%,2.21,2.54,2.89,788,148,5.32,41.03%,176.96%,0.82678,2026-08-06
FIVN,28.37,2026-08-21,15,Put,20.00,-29.50%,0.05,0.3,0.6,1776,334,5.32,94.30%,137.25%,-0.080668,2026-08-06
MSTR,96.85,2026-08-14,8,Put,88.00,-9.14%,0.78,0.85,0.98,2052,386,5.32,69.93%,69.28%,-0.160449,2026-08-06
CCL,28.79,2026-08-21,15,Call,20.00,+30.53%,8.6,9.25,9.45,690,130,5.31,41.03%,128.80%,0.936067,2026-08-06
MSFT,499.86,2026-08-14,8,Call,502.50,-0.53%,7.9,8.3,8.5,1248,235,5.31,29.58%,31.48%,0.46961,2026-08-06
TSLA,319.53,2026-08-10,4,Call,327.50,-2.49%,1.83,1.86,1.88,4254,801,5.31,42.15%,35.45%,0.262821,2026-08-06
NEE,84.6,2026-08-14,8,Call,87.00,-2.84%,0.26,0.34,0.59,647,122,5.3,22.42%,25.26%,0.234021,2026-08-06
CCL,28.79,2026-08-21,15,Call,15.00,+47.90%,12.9,14.3,15.3,698,132,5.29,41.03%,223.59%,0.951655,2026-08-06
TSLA,319.53,2026-08-12,6,Call,322.50,-0.93%,5.15,5.3,5.3,1471,278,5.29,42.15%,39.73%,0.442554,2026-08-06
ORCL,143.47,2026-08-07,1,Put,144.00,+0.37%,2.17,2.23,2.29,3699,700,5.28,70.20%,65.24%,-0.53563,2026-08-06
MU,881.47,2026-08-07,1,Call,977.50,-10.89%,0.29,0.46,0.37,554,105,5.28,77.92%,95.53%,0.020635,2026-08-06
GOOGL,357.75,2026-08-10,4,Put,355.00,-0.77%,2.15,2.49,2.7,972,184,5.28,31.42%,24.75%,-0.373374,2026-08-06
TTWO,232.47,2026-08-21,15,Call,370.00,-59.16%,0.05,0.1,0.15,596,113,5.27,55.24%,90.54%,0.007515,2026-08-06
MGNI,24.32,2026-09-18,43,Call,30.00,-23.36%,0.45,0.52,0.65,678,129,5.26,75.10%,63.80%,0.203507,2026-08-06
AMD,489.28,2026-08-07,1,Call,480.00,+1.90%,13.15,14.1,14.3,3953,754,5.24,65.32%,81.38%,0.681978,2026-08-06
BHP,87.9,2026-09-18,43,Call,95.00,-8.08%,1.75,1.8,1.95,6671,1273,5.24,40.39%,37.10%,0.2833,2026-08-06
GOOGL,357.75,2026-08-10,4,Put,340.00,-4.96%,0.07,0.27,0.29,603,115,5.24,31.42%,28.43%,-0.041229,2026-08-06
ARM,286.68,2026-08-14,8,Call,320.00,-11.62%,4.55,5.18,5.35,1986,379,5.24,82.88%,92.10%,0.23192,2026-08-06
TSLA,319.53,2026-08-07,1,Put,307.50,-3.76%,0.15,0.16,0.17,12676,2425,5.23,42.15%,45.08%,-0.050272,2026-08-06
JNJ,256.98,2026-10-16,71,Call,260.00,-1.18%,10.4,10.28,11.4,5273,1011,5.22,24.48%,26.46%,0.492291,2026-08-06
TSLA,319.53,2026-08-07,1,Call,312.50,+2.20%,7.7,7.71,7.95,15322,2936,5.22,42.15%,46.89%,0.821967,2026-08-06
WFC,87.59,2026-08-07,1,Call,85.00,+2.96%,2.28,2.45,2.74,6028,1156,5.21,23.59%,26.50%,0.985087,2026-08-06
WULF,17.61,2026-08-07,1,Call,17.50,+0.62%,0.39,0.5,0.52,1478,284,5.2,94.99%,108.81%,0.554293,2026-08-06
BA,232.19,2028-06-16,680,Put,190.00,-18.17%,14,18.03,24,913,176,5.19,31.90%,33.64%,-0.235807,2026-08-06
INTC,99.81,2026-09-11,36,Call,105.00,-5.20%,6.5,8,9.05,518,100,5.18,77.74%,78.45%,0.47196,2026-08-06
CCL,28.79,2026-08-21,15,Call,21.00,+27.06%,7.6,8.35,8.35,930,180,5.17,41.03%,107.99%,0.939114,2026-08-06
SOUN,7.08,2026-08-14,8,Put,7.00,-1.13%,0.27,0.32,0.35,1256,243,5.17,78.51%,84.46%,-0.436991,2026-08-06
MSFT,499.86,2026-08-14,8,Call,492.50,+1.47%,13.35,13.85,14.25,769,149,5.16,29.58%,32.35%,0.635615,2026-08-06
SNDK,1258.58,2026-08-07,1,Call,"1,250.00",+0.68%,36.9,40.66,40.6,5324,1032,5.16,101.13%,130.70%,0.553958,2026-08-06
INTC,99.81,2026-08-07,1,Put,101.00,+1.19%,2.42,2.52,2.55,5332,1034,5.16,77.74%,87.46%,-0.592731,2026-08-06
SNOW,318,2027-01-15,162,Put,300.00,-5.66%,40.2,41.37,42.6,752,146,5.15,67.87%,64.05%,-0.352284,2026-08-06
FSLR,244.14,2026-08-07,1,Put,220.00,-9.89%,1.05,1.78,2.3,1200,233,5.15,77.72%,187.28%,-0.133038,2026-08-06
WFC,87.59,2026-08-21,15,Call,80.00,+8.67%,7.2,7.75,7.7,9603,1877,5.12,23.59%,28.31%,0.946557,2026-08-06
CCL,28.79,2026-08-07,1,Put,29.50,+2.47%,0.72,0.72,1.04,1940,380,5.11,41.03%,71.84%,-0.735106,2026-08-06
RGTI,16.53,2026-08-07,1,Put,16.50,-0.18%,0.64,0.69,0.71,1763,346,5.1,99.25%,200.37%,-0.47188,2026-08-06
CLSK,12.75,2026-08-14,8,Call,15.00,-17.65%,0.17,0.2,0.24,2857,560,5.1,99.58%,113.05%,0.188689,2026-08-06
MP,47.49,2026-08-07,1,Put,46.50,-2.08%,1.03,1.21,1.21,509,100,5.09,75.15%,159.76%,-0.384077,2026-08-06
NET,284.43,2026-09-18,43,Call,400.00,-40.63%,2.18,2.63,3.15,1058,208,5.09,74.81%,68.33%,0.093752,2026-08-06
AMZN,272.26,2026-08-14,8,Call,205.00,+24.70%,65.55,66.44,69.1,650,128,5.08,30.81%,62.92%,0.999032,2026-08-06
META,589.9,2026-08-07,1,Put,585.00,-0.83%,2.9,3.19,3.25,2852,562,5.07,37.16%,42.21%,-0.347459,2026-08-06
SPCX,114.92,2026-08-14,8,Call,120.00,-4.42%,4.55,4.64,4.7,26409,5213,5.07,85.45%,98.60%,0.413732,2026-08-06
KLAR,20.26,2026-08-07,1,Call,14.00,+30.90%,6,6.18,6.4,531,105,5.06,84.31%,301.62%,0.992245,2026-08-06
PSKY,9.06,2026-09-04,29,Call,10.00,-10.38%,0.11,0.21,0.83,1107,219,5.05,51.94%,80.18%,0.374292,2026-08-06
FSLR,244.14,2026-08-07,1,Call,260.00,-6.50%,5,5.85,7.6,1120,222,5.05,77.72%,241.06%,0.331769,2026-08-06
GOOGL,357.75,2026-08-14,8,Call,372.50,-4.12%,1.84,1.92,2.09,2115,419,5.05,31.42%,32.13%,0.208943,2026-08-06
INTC,99.81,2026-08-07,1,Put,98.00,-1.81%,1,1.06,1.11,8024,1589,5.05,77.74%,88.21%,-0.336818,2026-08-06
AUR,6.78,2026-08-14,8,Put,6.50,-4.13%,0.05,0.19,0.25,603,120,5.03,58.79%,68.58%,-0.318115,2026-08-06
CAR,138.35,2026-10-16,71,Put,370.00,+167.44%,222,227.5,238.4,744,148,5.03,57.56%,106.93%,-0.988848,2026-08-06
TSLA,319.53,2026-08-28,22,Put,230.00,-28.02%,0.19,0.2,0.21,2004,400,5.01,42.15%,61.30%,-0.011505,2026-08-06
CCL,28.79,2026-08-21,15,Call,22.50,+21.85%,5.2,6.5,7.65,3080,615,5.01,41.03%,81.78%,0.941438,2026-08-06
MSFT,499.86,2026-08-07,1,Put,482.50,-3.47%,0.24,0.26,0.29,3484,695,5.01,29.58%,42.72%,-0.055317,2026-08-06
CCL,28.79,2026-08-07,1,Call,27.50,+4.48%,1.21,1.37,1.59,2864,573,5,41.03%,88.04%,0.84582,2026-08-06
SMCI,29.38,2026-08-14,8,Call,31.00,-5.51%,1.52,1.58,1.62,11674,2336,5,96.39%,128.11%,0.427004,2026-08-06
SNDK,1258.58,2026-09-18,43,Put,"1,350.00",+7.26%,219.3,212.6,225.3,2196,439,5,101.13%,99.09%,-0.51086,2026-08-06
LMND,51.86,2026-08-14,8,Put,55.00,+6.05%,3.4,3.55,4.2,1002,201,4.99,65.55%,58.61%,-0.73557,2026-08-06
DKNG,22.17,2027-06-17,315,Call,27.50,-24.04%,3.15,3.35,4,1202,241,4.99,67.85%,61.87%,0.488987,2026-08-06
NFLX,73.69,2026-09-11,36,Call,75.00,-1.78%,2.62,2.75,2.78,523,105,4.98,34.04%,34.34%,0.469891,2026-08-06
UNH,403.97,2026-08-14,8,Put,290.00,-28.21%,0.01,0.1,0.1,1339,269,4.98,28.69%,84.80%,-0.003419,2026-08-06
MU,881.47,2026-08-07,1,Put,865.00,-1.87%,8.3,8.35,8.65,2801,563,4.98,77.92%,84.20%,-0.325633,2026-08-06
SMCI,29.38,2026-08-14,8,Call,34.00,-15.72%,0.8,0.86,0.93,4034,810,4.98,96.39%,135.38%,0.266124,2026-08-06
TSLA,319.53,2026-08-07,1,Put,327.50,+2.49%,8.35,8.5,8.65,6112,1231,4.97,42.15%,44.25%,-0.85344,2026-08-06
GOOGL,357.75,2026-08-10,4,Put,350.00,-2.17%,0.96,0.89,1.32,786,158,4.97,31.42%,26.16%,-0.204519,2026-08-06
SMR,9.47,2026-08-07,1,Put,12.00,+26.72%,2.23,2.5,2.7,1207,243,4.97,93.34%,226.33%,-0.973967,2026-08-06
TSLA,319.53,2026-08-12,6,Call,325.00,-1.71%,4.25,4.35,4.35,2618,527,4.97,42.15%,40.09%,0.384777,2026-08-06
SNDK,1258.58,2026-08-21,15,Call,"1,300.00",-3.29%,86.2,88,92.9,3126,632,4.95,101.13%,104.82%,0.484384,2026-08-06
TSLA,319.53,2026-08-10,4,Put,325.00,+1.71%,7.65,7.7,8,6878,1389,4.95,42.15%,34.65%,-0.671085,2026-08-06
TSLA,319.53,2026-08-07,1,Call,327.50,-2.49%,0.71,0.71,0.73,20053,4062,4.94,42.15%,48.29%,0.168975,2026-08-06
MU,881.47,2026-08-12,6,Call,900.00,-2.10%,25.4,27.25,28.75,760,154,4.94,77.92%,77.65%,0.43906,2026-08-06
TTD,17.67,2028-12-15,862,Call,17.50,+0.96%,7.7,7.9,9.5,775,157,4.94,87.19%,79.19%,0.757446,2026-08-06
MP,47.49,2026-08-07,1,Call,54.00,-13.71%,0.15,0.18,0.23,884,179,4.94,75.15%,180.04%,0.09424,2026-08-06
AMZN,272.26,2026-08-12,6,Put,265.00,-2.67%,1.46,1.59,1.63,1112,225,4.94,30.81%,31.04%,-0.238104,2026-08-06
NVDA,218.99,2026-08-12,6,Call,240.00,-9.59%,0.15,0.16,0.18,1911,387,4.94,40.12%,39.44%,0.037866,2026-08-06
BAC,63,2026-08-28,22,Put,63.00,0.00%,1.11,1.28,1.27,1563,317,4.93,20.79%,19.81%,-0.482878,2026-08-06
SNDK,1258.58,2026-08-07,1,Put,"1,305.00",+3.69%,56.9,59,64.3,522,106,4.92,101.13%,120.72%,-0.705608,2026-08-06
PPTA,22.83,2026-08-21,15,Call,22.50,+1.45%,1.35,1.72,1.75,2705,551,4.91,75.03%,74.35%,0.572159,2026-08-06
BRK.B,524.61,2026-08-21,15,Call,580.00,-10.56%,0.01,0.11,0.24,500,102,4.9,16.70%,22.26%,0.015081,2026-08-06
MPLX,60.42,2026-08-21,15,Call,55.00,+8.97%,4.8,4.89,5.6,841,172,4.89,20.50%,26.03%,0.977691,2026-08-06
FOXA,61.79,2026-09-18,43,Put,55.00,-10.99%,0.6,0.8,1.4,3006,615,4.89,35.21%,42.57%,-0.18814,2026-08-06
MU,881.47,2026-08-10,4,Call,905.00,-2.67%,14.65,14.75,15.25,755,155,4.87,77.92%,66.61%,0.367912,2026-08-06
MSFT,499.86,2026-08-10,4,Call,510.00,-2.03%,1.99,2.09,2.29,1100,226,4.87,29.58%,27.60%,0.251479,2026-08-06
TWLO,193.2,2026-08-21,15,Put,190.00,-1.66%,13.9,16,15.9,2112,434,4.87,85.95%,107.21%,-0.424238,2026-08-06
FCX,68.18,2026-08-07,1,Put,69.00,+1.20%,0.83,1.12,1.69,713,147,4.85,51.69%,54.87%,-0.65541,2026-08-06
TSM,418.2,2026-09-04,29,Put,420.00,+0.43%,19,19.45,20.8,941,194,4.85,42.55%,41.28%,-0.485391,2026-08-06
MU,881.47,2026-08-07,1,Put,845.00,-4.14%,3.3,3.43,3.4,2955,609,4.85,77.92%,83.65%,-0.161316,2026-08-06
WFC,87.59,2026-08-21,15,Call,77.50,+11.52%,9.65,10.55,11.9,7200,1484,4.85,23.59%,55.50%,0.874208,2026-08-06
MSFT,499.86,2026-08-07,1,Put,490.00,-1.97%,0.83,0.83,0.94,12486,2580,4.84,29.58%,39.16%,-0.162084,2026-08-06
MU,881.47,2026-08-10,4,Put,895.00,+1.53%,30.65,30.5,32.75,644,133,4.84,77.92%,66.13%,-0.571888,2026-08-06
TSLA,319.53,2026-08-07,1,Call,310.00,+2.98%,9.9,9.87,10.2,16549,3432,4.82,42.15%,49.66%,0.881364,2026-08-06
NBIS,189.88,2026-08-21,15,Put,202.50,+6.65%,28.2,27,30.45,708,147,4.82,129.01%,143.14%,-0.529077,2026-08-06
PAAS,48.05,2027-03-19,225,Call,55.00,-14.46%,5.7,5.71,6,1268,263,4.82,55.48%,54.30%,0.468747,2026-08-06
TSLA,319.53,2026-09-18,43,Put,500.00,+56.48%,179.95,181.4,180.9,1658,344,4.82,42.15%,77.30%,-0.950496,2026-08-06
GMAB,29.83,2026-09-18,43,Put,25.00,-16.19%,0.15,0.6,1.1,2213,459,4.82,59.28%,61.53%,-0.168439,2026-08-06
XOM,154.84,2026-08-21,15,Put,157.50,+1.72%,4.7,6.2,6.3,1034,215,4.81,29.14%,32.25%,-0.587913,2026-08-06
ASTS,67.36,2026-08-07,1,Put,73.00,+8.37%,5.35,5.75,7.1,627,131,4.79,106.58%,166.67%,-0.809936,2026-08-06
AFL,126.66,2026-08-07,1,Call,128.00,-1.06%,1,1.35,1.6,622,130,4.78,23.01%,71.20%,0.396426,2026-08-06
ABNB,151.64,2026-08-07,1,Put,135.00,-10.97%,0.36,0.38,0.4,1564,327,4.78,43.09%,153.60%,-0.06849,2026-08-06
APP,335.67,2026-08-07,1,Put,330.00,-1.69%,2.8,3,3.3,2516,526,4.78,64.65%,78.15%,-0.330296,2026-08-06
ARQT,26.43,2026-08-21,15,Call,32.50,-22.97%,0.05,0.15,0.3,506,106,4.77,61.66%,74.28%,0.098895,2026-08-06
SPCX,114.92,2026-08-21,15,Call,90.00,+21.68%,24.6,25,26.5,763,160,4.77,85.45%,81.19%,0.942538,2026-08-06
ASTS,67.36,2026-08-07,1,Put,71.00,+5.40%,3.9,4,4.3,992,208,4.77,106.58%,117.69%,-0.794689,2026-08-06
HOOD,90.71,2026-08-14,8,Put,89.00,-1.89%,2.42,2.4,2.52,1064,223,4.77,62.88%,61.86%,-0.397099,2026-08-06
DOCS,20.66,2026-09-18,43,Put,17.50,-15.30%,0.9,1.2,1.65,628,132,4.76,103.83%,99.40%,-0.252031,2026-08-06
LLY,1191.94,2026-08-14,8,Call,"1,250.00",-4.87%,5.4,6.8,7.35,613,129,4.75,34.91%,35.18%,0.1909,2026-08-06
BCS,28.18,2026-09-18,43,Put,26.00,-7.74%,0.4,0.53,0.7,2017,426,4.73,32.47%,37.07%,-0.242865,2026-08-06
TEAM,110.17,2026-08-07,1,Call,120.00,-8.92%,4,4.36,4.7,2808,594,4.73,96.75%,348.50%,0.353139,2026-08-06
HUBS,202.43,2026-08-21,15,Call,210.00,-3.74%,7.4,8.1,9.2,524,111,4.72,71.94%,69.48%,0.428708,2026-08-06
DDOG,229.29,2026-08-07,1,Put,225.00,-1.87%,1.84,2.2,2.2,2291,485,4.72,57.17%,79.96%,-0.317621,2026-08-06
AMD,489.28,2026-08-14,8,Call,515.00,-5.26%,9.65,11.15,10.5,1913,406,4.71,65.32%,68.41%,0.327267,2026-08-06
SPCX,114.92,2026-08-07,1,Call,114.00,+0.80%,3.55,3.55,3.65,11305,2398,4.71,85.45%,130.25%,0.560984,2026-08-06
XYZ,79.02,2026-09-18,43,Call,90.00,-13.90%,1.19,1.24,1.36,10379,2209,4.7,41.48%,41.94%,0.211406,2026-08-06
BROS,53.33,2026-08-07,1,Put,54.00,+1.26%,0.9,1.15,1.35,849,181,4.69,47.11%,66.54%,-0.632683,2026-08-06
MU,881.47,2026-08-10,4,Put,880.00,-0.17%,22.75,23.6,24.25,873,187,4.67,77.92%,66.30%,-0.474758,2026-08-06
AVGO,420.57,2026-08-07,1,Put,420.00,-0.14%,4.05,4.37,4.85,2093,448,4.67,51.68%,54.04%,-0.474444,2026-08-06
ABNB,151.64,2026-08-14,8,Put,150.00,-1.08%,5,5.1,5.4,769,165,4.66,43.09%,67.78%,-0.434449,2026-08-06
VRT,275.17,2026-08-21,15,Put,220.00,-20.05%,0.65,0.57,1.26,5213,1118,4.66,65.99%,72.03%,-0.053203,2026-08-06
SPCX,114.92,2026-08-07,1,Call,108.00,+6.02%,7.1,7.23,7.8,6199,1329,4.66,85.45%,114.66%,0.856925,2026-08-06
BROS,53.33,2026-09-18,43,Call,62.50,-17.19%,0.25,0.87,1.25,1173,253,4.64,47.11%,45.18%,0.179422,2026-08-06
TSLA,319.53,2026-08-07,1,Put,355.00,+11.10%,35.25,35.63,35.75,1653,356,4.64,42.15%,85.38%,-0.991133,2026-08-06
NOK,9.43,2026-08-07,1,Call,7.00,+25.77%,2.27,2.52,2.72,519,112,4.63,67.15%,409.03%,0.93306,2026-08-06
CRWV,85.33,2026-08-14,8,Call,87.00,-1.96%,5.8,5.95,6.05,968,210,4.61,102.98%,131.83%,0.500929,2026-08-06
SPCX,114.92,2026-08-14,8,Call,113.00,+1.67%,7.2,7.3,7.6,3339,725,4.61,85.45%,94.38%,0.577756,2026-08-06
SPCX,114.92,2026-08-21,15,Call,110.00,+4.28%,10.55,11,11.4,8189,1779,4.6,85.45%,90.18%,0.632676,2026-08-06
BABA,126.81,2026-08-28,22,Call,155.00,-22.23%,0.16,0.45,0.52,1623,353,4.6,45.36%,49.19%,0.054718,2026-08-06
HOOD,90.71,2026-09-11,36,Call,94.00,-3.63%,5.45,6,6.7,1050,229,4.59,62.88%,64.67%,0.477724,2026-08-06
CAR,138.35,2026-10-16,71,Put,380.00,+174.67%,232,240.2,248.2,2292,500,4.58,57.56%,109.55%,-0.98884,2026-08-06
LRCX,305.77,2026-08-14,8,Put,225.00,-26.42%,0,0.2,0.84,608,133,4.57,75.04%,107.32%,-0.022,2026-08-06
DDOG,229.29,2026-08-07,1,Put,227.50,-0.78%,2.64,3.08,3.2,621,136,4.57,57.17%,78.77%,-0.415747,2026-08-06
RGTI,16.53,2026-08-28,22,Put,14.00,-15.31%,0.45,0.45,0.75,704,154,4.57,99.25%,104.68%,-0.216992,2026-08-06
APP,335.67,2026-08-07,1,Put,415.00,+23.63%,78.1,77.4,82.8,1206,264,4.57,64.65%,253.32%,-0.937542,2026-08-06
MU,881.47,2026-08-07,1,Put,850.00,-3.57%,4.2,4.15,4.5,16169,3535,4.57,77.92%,84.03%,-0.197495,2026-08-06
TSLA,319.53,2026-08-07,1,Call,325.00,-1.71%,1.13,1.13,1.16,67019,14682,4.56,42.15%,46.72%,0.248921,2026-08-06
IONQ,39.72,2026-10-16,71,Call,95.00,-139.17%,0.16,0.36,0.55,502,110,4.56,87.30%,106.11%,0.053295,2026-08-06
CMG,33.71,2026-08-21,15,Put,42.50,+26.08%,8.4,9.2,9.2,570,125,4.56,37.64%,56.73%,-0.983233,2026-08-06
APP,335.67,2026-08-07,1,Put,420.00,+25.12%,83,85.2,87.7,2611,572,4.56,64.65%,259.39%,-0.943376,2026-08-06
MU,881.47,2026-08-07,1,Call,940.00,-6.64%,1.59,1.63,1.74,6835,1502,4.55,77.92%,89.45%,0.088871,2026-08-06
ARM,286.68,2026-08-07,1,Put,260.00,-9.31%,0.11,0.25,0.41,1232,272,4.53,82.88%,107.80%,-0.039112,2026-08-06
APP,335.67,2026-08-07,1,Put,430.00,+28.10%,92.4,96.28,98.5,710,157,4.52,64.65%,285.50%,-0.943329,2026-08-06
SMR,9.47,2026-09-18,43,Call,10.00,-5.60%,0.99,1.03,1.1,4694,1038,4.52,93.34%,96.21%,0.505342,2026-08-06
AAOI,124.22,2026-08-07,1,Put,99.00,-20.30%,1.2,1.3,1.45,559,124,4.51,140.69%,374.60%,-0.10456,2026-08-06
CSX,50.7,2026-11-20,106,Put,52.50,+3.55%,3.4,3.54,4.4,780,173,4.51,24.50%,28.30%,-0.547359,2026-08-06
SNDK,1258.58,2026-08-07,1,Put,"1,255.00",-0.28%,29.6,30.25,31.2,1372,304,4.51,101.13%,122.77%,-0.469015,2026-08-06
DKNG,22.17,2026-08-07,1,Call,22.50,-1.49%,0.97,1.02,1.06,1907,424,4.5,67.85%,251.42%,0.481756,2026-08-06
MARA,10.65,2026-08-21,15,Put,11.50,+7.98%,1.33,1.35,1.39,4195,932,4.5,95.65%,98.51%,-0.610178,2026-08-06
MU,881.47,2026-08-12,6,Call,"1,000.00",-13.45%,4.7,4.88,5,1135,253,4.49,77.92%,78.74%,0.116312,2026-08-06
TMUS,179.97,2026-11-20,106,Put,130.00,-27.77%,0.7,0.98,1.55,1200,268,4.48,31.71%,42.16%,-0.058574,2026-08-06
SNDK,1258.58,2026-08-07,1,Put,"1,175.00",-6.64%,6.8,6.6,7.2,1011,226,4.47,101.13%,131.66%,-0.150801,2026-08-06
TTD,17.67,2026-08-07,1,Call,18.00,-1.87%,1.12,1.16,1.18,2921,654,4.47,87.19%,351.63%,0.496813,2026-08-06
GOOGL,357.75,2026-08-07,1,Call,365.00,-2.03%,0.46,0.47,0.48,16062,3604,4.46,31.42%,35.16%,0.14097,2026-08-06
DDOG,229.29,2026-08-07,1,Put,215.00,-6.23%,0.1,0.24,0.34,695,156,4.46,57.17%,77.87%,-0.054643,2026-08-06
META,589.9,2026-11-20,106,Call,"1,000.00",-69.52%,1.6,1.73,1.98,1651,370,4.46,37.16%,48.57%,0.032355,2026-08-06
AVGO,420.57,2026-08-10,4,Call,440.00,-4.62%,1.18,1.25,1.45,794,179,4.44,51.68%,40.07%,0.147234,2026-08-06
RUN,9.38,2026-08-14,8,Put,8.50,-9.38%,0.11,0.14,0.17,919,207,4.44,81.62%,85.62%,-0.198719,2026-08-06
NVDA,218.99,2026-08-28,22,Put,225.00,+2.74%,12.3,12.2,12.55,2284,514,4.44,40.12%,42.99%,-0.57581,2026-08-06
PLTR,155.92,2026-08-14,8,Put,133.00,-14.70%,0.12,0.2,0.2,983,222,4.43,48.71%,58.56%,-0.029666,2026-08-06
MU,881.47,2026-08-14,8,Put,550.00,-37.60%,0.1,0.14,0.2,26150,5897,4.43,77.92%,120.02%,-0.003008,2026-08-06
MU,881.47,2028-06-16,680,Call,"1,470.00",-66.77%,244.35,251.83,258.05,588,133,4.42,77.92%,78.84%,0.55173,2026-08-06
WMT,112.07,2026-08-28,22,Call,130.00,-16.00%,0.1,0.2,0.5,689,156,4.42,32.45%,38.62%,0.066718,2026-08-06
AMD,489.28,2026-08-07,1,Put,462.50,-5.47%,0.8,0.94,0.94,1213,275,4.41,65.32%,81.21%,-0.088867,2026-08-06
NVDA,218.99,2026-08-17,11,Call,217.50,+0.68%,6,6.37,6.6,959,218,4.4,40.12%,35.81%,0.562026,2026-08-06
HTZ,2.02,2027-06-17,315,Call,1.00,+50.50%,1.15,1.33,1.52,1189,270,4.4,166.83%,137.69%,0.88805,2026-08-06
AAPL,312.41,2026-08-07,1,Put,315.00,+0.83%,3.2,3.35,3.45,21646,4920,4.4,25.24%,26.73%,-0.718809,2026-08-06
WFC,87.59,2026-08-07,1,Call,80.00,+8.67%,7.2,7.57,7.7,1202,274,4.39,23.59%,70.32%,0.993404,2026-08-06
MU,881.47,2026-08-10,4,Put,900.00,+2.10%,33.95,34.3,35.8,801,183,4.38,77.92%,66.42%,-0.602686,2026-08-06
MSTR,96.85,2027-01-15,162,Put,300.00,+209.76%,201.45,201.46,204.95,2569,586,4.38,69.93%,94.61%,-0.974921,2026-08-06
AMZN,272.26,2026-08-14,8,Call,210.00,+22.87%,61.7,61.51,64.15,1227,281,4.37,30.81%,97.91%,0.969206,2026-08-06
CLMT,41.88,2027-01-15,162,Call,65.00,-55.21%,1.35,1.7,1.95,515,118,4.36,68.61%,64.49%,0.198084,2026-08-06
TEM,46.12,2026-08-07,1,Put,45.50,-1.34%,0.09,0.42,1.63,541,124,4.36,66.26%,119.74%,-0.401806,2026-08-06
ASTS,67.36,2026-08-21,15,Put,63.00,-6.47%,3.15,4.1,4.8,606,139,4.36,106.58%,112.94%,-0.340071,2026-08-06
AMD,489.28,2026-08-07,1,Put,477.50,-2.41%,3.1,3.32,3.55,1885,432,4.36,65.32%,77.91%,-0.26755,2026-08-06
PCG,17,2026-08-14,8,Put,17.00,0.00%,0.08,0.33,0.59,540,124,4.35,44.42%,33.78%,-0.486519,2026-08-06
IOVA,6.21,2026-08-07,1,Call,6.50,-4.67%,0.1,0.1,0.15,887,204,4.35,101.76%,183.03%,0.334493,2026-08-06
META,589.9,2026-08-10,4,Call,610.00,-3.41%,1.82,1.85,2.05,2270,522,4.35,37.16%,33.45%,0.176393,2026-08-06
SNDK,1258.58,2026-08-07,1,Put,"1,180.00",-6.24%,7.5,7.57,7.9,929,214,4.34,101.13%,130.58%,-0.163824,2026-08-06
APP,335.67,2026-08-21,15,Put,550.00,+63.85%,209.1,216.9,219.2,1453,335,4.34,64.65%,152.42%,-0.927134,2026-08-06
ADBE,260.24,2026-08-21,15,Put,350.00,+34.49%,88.45,92.6,93,546,126,4.33,54.86%,90.98%,-0.9375,2026-08-06
TSLA,319.53,2026-08-07,1,Put,360.00,+12.67%,39.95,41.26,40.75,2541,587,4.33,42.15%,152.96%,-0.926493,2026-08-06
WULF,17.61,2026-08-07,1,Call,17.00,+3.46%,0.69,0.97,0.85,3979,918,4.33,94.99%,108.89%,0.741039,2026-08-06
SPCX,114.92,2026-08-07,1,Call,111.00,+3.41%,5.2,5.25,5.55,18722,4326,4.33,85.45%,127.65%,0.710349,2026-08-06
MU,881.47,2026-08-07,1,Put,825.00,-6.41%,1.25,1.33,1.36,3504,811,4.32,77.92%,87.76%,-0.071285,2026-08-06
AVGO,420.57,2026-08-07,1,Put,425.00,+1.05%,6.9,7.3,7.6,625,145,4.31,51.68%,53.52%,-0.639944,2026-08-06
APP,335.67,2026-08-07,1,Put,325.00,-3.18%,1.45,1.66,1.95,1677,389,4.31,64.65%,79.20%,-0.211208,2026-08-06
GOOGL,357.75,2026-08-10,4,Call,355.00,+0.77%,5.2,5.45,5.95,529,123,4.3,31.42%,26.67%,0.61928,2026-08-06
FIVN,28.37,2026-08-21,15,Put,22.50,-20.69%,0.65,0.66,0.8,809,189,4.28,94.30%,133.01%,-0.158759,2026-08-06
AAOI,124.22,2026-08-07,1,Put,90.00,-27.55%,0.4,0.44,0.5,2770,647,4.28,140.69%,377.60%,-0.041837,2026-08-06
INTC,99.81,2026-08-07,1,Put,96.00,-3.82%,0.49,0.49,0.55,3648,853,4.28,77.74%,89.48%,-0.195961,2026-08-06
TSLA,319.53,2026-08-14,8,Put,317.50,-0.64%,6.55,6.64,6.7,1278,299,4.27,42.15%,40.95%,-0.441926,2026-08-06
APP,335.67,2026-08-21,15,Put,500.00,+48.96%,159.1,166,169.2,1655,388,4.27,64.65%,120.07%,-0.937549,2026-08-06
NBIS,189.88,2026-08-07,1,Call,205.00,-7.96%,1.17,1.23,1.29,2427,569,4.27,129.01%,145.09%,0.166105,2026-08-06
MPLX,60.42,2026-09-18,43,Call,50.00,+17.25%,9.1,9.59,11.4,861,202,4.26,20.50%,31.98%,0.983609,2026-08-06
NVDA,218.99,2026-08-12,6,Put,217.50,-0.68%,3.15,3.25,3.25,1537,361,4.26,40.12%,35.35%,-0.427449,2026-08-06
TSLA,319.53,2026-08-10,4,Call,330.00,-3.28%,1.35,1.36,1.39,6572,1544,4.26,42.15%,36.13%,0.205224,2026-08-06
AAPL,312.41,2026-08-10,4,Call,312.50,-0.03%,2.5,2.6,2.82,7035,1657,4.25,25.24%,20.30%,0.505571,2026-08-06
SNDK,1258.58,2026-08-07,1,Call,"1,500.00",-19.18%,0.3,0.32,0.35,13453,3163,4.25,101.13%,142.61%,0.010393,2026-08-06
BMNR,18.3,2026-09-18,43,Put,19.00,+3.83%,2.26,2.32,2.45,973,229,4.25,77.34%,79.62%,-0.495864,2026-08-06
CART,45.03,2026-09-18,43,Put,40.00,-11.17%,0.75,1.4,1.4,500,118,4.24,58.96%,51.37%,-0.217232,2026-08-06
PURR,6.67,2026-08-28,22,Put,6.00,-10.04%,0.2,0.22,0.35,802,189,4.24,88.09%,88.99%,-0.273442,2026-08-06
MU,881.47,2026-08-07,1,Call,960.00,-8.91%,0.66,0.66,0.74,4944,1168,4.23,77.92%,92.45%,0.041166,2026-08-06
APP,335.67,2026-08-21,15,Put,520.00,+54.91%,178.7,178.01,189.2,3432,813,4.22,64.65%,90.40%,-0.996188,2026-08-06
AKAM,118.55,2026-08-07,1,Call,130.00,-9.66%,3.7,4.7,5.4,739,175,4.22,82.21%,353.55%,0.342648,2026-08-06
DFTX,46.14,2026-09-18,43,Call,60.00,-30.04%,2.4,2.85,3.3,925,219,4.22,127.76%,109.46%,0.308631,2026-08-06
UL,63.66,2026-08-21,15,Call,60.00,+5.75%,3.3,3.6,4,8849,2101,4.21,20.26%,13.21%,0.985791,2026-08-06
HTZ,2.02,2026-08-28,22,Call,2.00,+0.99%,0.34,0.38,0.41,4204,1000,4.2,166.83%,186.05%,0.600618,2026-08-06
UPST,29.71,2026-12-18,134,Call,32.50,-9.39%,4.15,4.3,4.95,508,121,4.2,64.61%,76.28%,0.526889,2026-08-06
APP,335.67,2026-08-21,15,Put,510.00,+51.93%,169,177.2,179.2,537,128,4.2,64.65%,137.45%,-0.914675,2026-08-06
AMZN,272.26,2026-08-07,1,Put,292.50,+7.43%,19.95,21.29,20.8,768,183,4.2,30.81%,75.47%,-0.964291,2026-08-06
AMLX,24.19,2026-09-18,43,Put,15.00,-37.99%,2.3,3.6,4,777,185,4.2,201.32%,267.68%,-0.162672,2026-08-06
CMG,33.71,2026-08-21,15,Call,34.00,-0.86%,0.95,0.96,0.99,1702,405,4.2,37.64%,39.69%,0.48097,2026-08-06
NBIS,189.88,2026-08-07,1,Call,212.50,-11.91%,0.46,0.52,0.58,1279,305,4.19,129.01%,148.77%,0.079983,2026-08-06
SEDG,32.67,2026-11-20,106,Put,27.50,-15.82%,3.7,3.95,4.15,502,120,4.18,93.68%,98.84%,-0.272082,2026-08-06
SNOW,318,2026-08-07,1,Put,315.00,-0.94%,2.76,3.05,3.3,640,153,4.18,67.87%,66.26%,-0.384706,2026-08-06
MPLX,60.42,2026-09-18,43,Call,55.00,+8.97%,4.8,5.21,5.7,1308,313,4.18,20.50%,18.10%,0.972826,2026-08-06
APP,335.67,2026-08-21,15,Put,490.00,+45.98%,149.1,156.6,159.2,805,193,4.17,64.65%,121.90%,-0.921871,2026-08-06
FSLR,244.14,2026-08-07,1,Call,265.00,-8.54%,2.6,5.1,6.45,1014,243,4.17,77.72%,230.15%,0.26775,2026-08-06
APP,335.67,2026-08-07,1,Put,335.00,-0.20%,4.2,6.7,5.8,860,207,4.15,64.65%,76.31%,-0.471274,2026-08-06
TTD,17.67,2026-08-14,8,Put,17.50,-0.96%,1.28,1.32,1.35,980,236,4.15,87.19%,135.49%,-0.439709,2026-08-06
MU,881.47,2026-08-07,1,Call,957.50,-8.63%,0.73,0.81,0.82,1030,248,4.15,77.92%,91.93%,0.045193,2026-08-06
GOOGL,357.75,2026-08-14,8,Put,350.00,-2.17%,3.2,3.3,3.55,2991,721,4.15,31.42%,31.66%,-0.307004,2026-08-06
MU,881.47,2026-08-07,1,Call,980.00,-11.18%,0.26,0.3,0.33,4588,1105,4.15,77.92%,95.91%,0.018608,2026-08-06
ECHO,87.03,2026-08-21,15,Put,135.00,+55.12%,45.9,47.41,49.9,10419,2510,4.15,56.67%,93.91%,-0.992238,2026-08-06
GOOGL,357.75,2026-08-14,8,Call,365.00,-2.03%,3.7,3.86,4,4690,1132,4.14,31.42%,31.76%,0.349198,2026-08-06
FIG,23.97,2026-08-21,15,Call,29.50,-23.07%,0.07,0.4,0.6,667,161,4.14,82.98%,91.94%,0.155591,2026-08-06
SNDK,1258.58,2026-08-07,1,Put,"1,210.00",-3.86%,13.7,13.75,14.2,708,171,4.14,101.13%,126.87%,-0.265208,2026-08-06
HIMS,29.66,2026-08-14,8,Call,32.50,-9.58%,1.24,1.27,1.37,940,227,4.14,97.50%,134.40%,0.360866,2026-08-06
SBUX,105.16,2026-08-07,1,Put,106.00,+0.80%,0.88,1.17,1.72,1038,251,4.14,26.70%,36.93%,-0.65561,2026-08-06
AEHR,99.74,2026-08-21,15,Put,100.00,+0.26%,9.6,10,11,1341,324,4.14,127.41%,127.16%,-0.450916,2026-08-06
SNDK,1258.58,2026-08-07,1,Put,"1,270.00",+0.91%,37.2,38.24,39.3,1441,348,4.14,101.13%,122.31%,-0.542951,2026-08-06
SNDK,1258.58,2026-08-07,1,Put,"1,290.00",+2.50%,47,50,53.8,1186,287,4.13,101.13%,121.67%,-0.638428,2026-08-06
ARM,286.68,2026-10-16,71,Call,440.00,-53.48%,7.9,10.73,11.15,651,158,4.12,82.88%,87.82%,0.185693,2026-08-06
AAPL,312.41,2026-08-07,1,Put,317.50,+1.63%,4.9,5.31,5.5,1520,369,4.12,25.24%,21.85%,-0.921265,2026-08-06
AAPL,312.41,2026-08-12,6,Call,320.00,-2.43%,1.15,1.08,1.3,2388,580,4.12,25.24%,23.81%,0.225547,2026-08-06
MU,881.47,2026-08-14,8,Put,735.00,-16.62%,3.45,3.17,3.7,518,126,4.11,77.92%,86.51%,-0.068299,2026-08-06
RUN,9.38,2026-08-14,8,Put,10.50,+11.94%,1.15,1.25,1.35,682,166,4.11,81.62%,87.37%,-0.789745,2026-08-06
ASTS,67.36,2026-08-07,1,Call,74.00,-9.86%,0.15,0.14,0.17,2455,597,4.11,106.58%,125.64%,0.081477,2026-08-06
AMD,489.28,2026-08-07,1,Call,510.00,-4.23%,1.76,1.9,1.91,8179,1988,4.11,65.32%,80.82%,0.169271,2026-08-06
WFC,87.59,2026-08-07,1,Call,82.00,+6.38%,4.85,6.2,6.55,500,122,4.1,23.59%,83.60%,0.936936,2026-08-06
WDC,451.52,2026-08-07,1,Call,525.00,-16.27%,0.1,0.15,0.2,918,224,4.1,84.25%,129.36%,0.014214,2026-08-06
DIS,104.68,2026-08-14,8,Put,100.00,-4.47%,0.1,0.1,0.4,703,172,4.09,24.93%,26.85%,-0.12,2026-08-06
META,589.9,2026-08-07,1,Put,577.50,-2.10%,1.16,1.22,1.27,1464,358,4.09,37.16%,43.09%,-0.169297,2026-08-06
AMD,489.28,2026-08-07,1,Call,482.50,+1.39%,11.45,12.07,12.55,1782,438,4.07,65.32%,80.18%,0.639036,2026-08-06
AES,14.7,2026-09-18,43,Put,16.00,+8.84%,1.23,1.3,1.34,1245,307,4.06,12.11%,13.54%,-0.960616,2026-08-06
NVDA,218.99,2026-08-07,1,Call,220.00,-0.46%,1.35,1.37,1.43,222508,55069,4.04,40.12%,40.22%,0.419188,2026-08-06
WY,25.45,2026-09-18,43,Put,24.00,-5.70%,0.35,0.4,0.45,666,165,4.04,26.67%,28.40%,-0.255227,2026-08-06
NVDA,218.99,2026-08-17,11,Put,220.00,+0.46%,5.6,5.76,5.75,682,169,4.04,40.12%,34.57%,-0.513697,2026-08-06
LRCX,305.77,2026-08-14,8,Put,245.00,-19.87%,0.42,0.8,0.85,997,247,4.04,75.04%,87.82%,-0.037992,2026-08-06
FLEX,122.65,2026-09-18,43,Put,120.00,-2.16%,8.2,11.12,13.5,1005,249,4.04,76.03%,74.64%,-0.410349,2026-08-06
MSFT,499.86,2026-08-12,6,Call,500.00,-0.03%,7.4,8,8.5,1509,374,4.03,29.58%,30.91%,0.509831,2026-08-06
PYPL,59.78,2026-08-14,8,Call,59.00,+1.30%,1.25,1.5,1.55,1668,414,4.03,29.78%,26.72%,0.642962,2026-08-06
QCOM,160.39,2026-08-14,8,Call,165.00,-2.87%,3.1,3.25,3.7,2166,537,4.03,53.79%,55.99%,0.38309,2026-08-06
NVDA,218.99,2026-08-14,8,Put,230.00,+5.03%,11.8,12.05,13.35,2479,615,4.03,40.12%,41.55%,-0.777141,2026-08-06
INTC,99.81,2026-08-07,1,Put,94.00,-5.82%,0.23,0.25,0.28,2741,680,4.03,77.74%,93.87%,-0.106214,2026-08-06
TSLA,319.53,2026-08-07,1,Put,335.00,+4.84%,15.3,15.6,15.65,3974,985,4.03,42.15%,37.55%,-0.994526,2026-08-06
SPCX,114.92,2026-08-07,1,Call,112.00,+2.54%,4.6,4.68,4.8,24376,6043,4.03,85.45%,127.09%,0.663383,2026-08-06
MU,881.47,2026-08-14,8,Call,"1,000.00",-13.45%,8.65,8.71,9.1,9122,2269,4.02,77.92%,81.91%,0.165173,2026-08-06
SEDG,32.67,2026-11-20,106,Put,25.00,-23.48%,2.61,2.8,3,511,127,4.02,93.68%,98.04%,-0.215251,2026-08-06
LCID,6.98,2026-11-20,106,Call,13.00,-86.25%,0.16,0.24,0.28,534,133,4.02,98.76%,89.61%,0.153079,2026-08-06
XYZ,79.02,2026-08-14,8,Call,85.00,-7.57%,0.35,0.46,0.55,1082,269,4.02,41.48%,47.27%,0.159599,2026-08-06
AKAM,118.55,2026-08-14,8,Call,118.00,+0.46%,8.7,10.08,11.2,1222,304,4.02,82.21%,138.08%,0.551262,2026-08-06
GOOG,356.62,2026-08-14,8,Call,362.50,-1.65%,3.95,4,4.3,1299,323,4.02,30.84%,30.87%,0.374912,2026-08-06
CRCL,63.28,2026-08-14,8,Put,66.00,+4.30%,4.45,4.21,4.95,537,134,4.01,83.21%,83.53%,-0.607978,2026-08-06
AMZN,272.26,2026-09-04,29,Call,270.00,+0.83%,10.95,10.88,11.5,2140,534,4.01,30.81%,31.64%,0.567655,2026-08-06
META,589.9,2026-08-07,1,Put,590.00,+0.02%,4.9,5.28,5.4,4399,1097,4.01,37.16%,41.59%,-0.497421,2026-08-06
CMG,33.71,2026-08-21,15,Call,36.00,-6.79%,0.27,0.28,0.47,21286,5314,4.01,37.64%,41.26%,0.233847,2026-08-06
DKNG,22.17,2026-08-07,1,Call,25.00,-12.76%,0.28,0.29,0.3,12454,3111,4,67.85%,247.10%,0.193925,2026-08-06
AAPL,312.41,2026-08-10,4,Put,307.50,-1.57%,0.87,0.97,1,2432,608,4,25.24%,21.19%,-0.229762,2026-08-06
CMPS,13.55,2026-09-18,43,Call,15.00,-10.70%,0.5,0.85,0.95,2834,710,3.99,82.01%,66.96%,0.378844,2026-08-06
CELH,23.77,2026-12-18,134,Put,15.00,-36.90%,0.32,0.4,0.47,636,160,3.98,53.50%,64.41%,-0.079655,2026-08-06
APP,335.67,2026-08-07,1,Put,315.00,-6.16%,0.2,0.35,0.4,1078,271,3.98,64.65%,75.96%,-0.05254,2026-08-06
TSLA,319.53,2026-08-12,6,Put,320.00,+0.15%,6.5,6.6,6.6,1125,283,3.98,42.15%,39.13%,-0.497948,2026-08-06
CIFR,18.21,2026-08-07,1,Call,19.00,-4.34%,0.22,0.23,0.27,2545,645,3.95,113.99%,142.11%,0.297188,2026-08-06
FIG,23.97,2026-08-14,8,Put,21.50,-10.30%,0.05,0.29,0.57,749,190,3.94,82.98%,85.81%,-0.177413,2026-08-06
MU,881.47,2026-08-07,1,Put,"1,100.00",+24.79%,212.3,209.5,221.7,1232,313,3.94,77.92%,146.21%,-0.998594,2026-08-06
CRWV,85.33,2026-11-20,106,Put,77.50,-9.18%,12.05,12.36,12.8,1244,316,3.94,102.98%,95.01%,-0.322455,2026-08-06
MU,881.47,2026-08-07,1,Put,"1,090.00",+23.66%,204.2,190.05,212.4,1337,339,3.94,77.92%,140.74%,-0.998549,2026-08-06
BAC,63,2026-08-14,8,Put,63.00,0.00%,0.7,0.76,0.78,2591,658,3.94,20.79%,20.20%,-0.489619,2026-08-06
CVNA,68.34,2026-08-14,8,Call,74.00,-8.28%,0.56,0.66,0.66,582,148,3.93,57.99%,58.60%,0.193595,2026-08-06
VRT,275.17,2026-08-21,15,Put,250.00,-9.15%,4.7,5.8,5.7,5339,1360,3.93,65.99%,68.56%,-0.220936,2026-08-06
GME,19.23,2026-12-18,134,Put,19.00,-1.20%,1.2,1.7,2.17,1003,256,3.92,36.77%,36.96%,-0.445922,2026-08-06
HUT,90.65,2026-08-21,15,Put,80.00,-11.75%,2.5,2.65,3.45,1129,288,3.92,104.84%,103.19%,-0.239371,2026-08-06
TTD,17.67,2026-08-28,22,Put,17.00,-3.79%,1.25,1.29,1.32,655,168,3.9,87.19%,95.27%,-0.385973,2026-08-06
AMZN,272.26,2026-08-12,6,Call,285.00,-4.68%,0.7,0.74,0.8,1435,368,3.9,30.81%,31.56%,0.136703,2026-08-06
MGM,44.7,2026-09-18,43,Call,46.00,-2.91%,0.7,1.35,1.4,1424,366,3.89,30.49%,24.83%,0.404086,2026-08-06
NFLX,73.69,2026-08-21,15,Put,93.00,+26.20%,17.95,18.06,21.2,1464,376,3.89,34.04%,75.20%,-0.929103,2026-08-06
META,589.9,2026-10-16,71,Call,585.00,+0.83%,42.9,43.2,44.55,3310,850,3.89,37.16%,38.14%,0.568084,2026-08-06
U,40.81,2026-08-07,1,Call,42.00,-2.92%,0.31,0.5,0.5,3798,976,3.89,65.20%,100.97%,0.303055,2026-08-06
AAPL,312.41,2026-08-10,4,Call,320.00,-2.43%,0.51,0.55,0.56,17644,4552,3.88,25.24%,21.46%,0.148867,2026-08-06
TTD,17.67,2026-08-21,15,Put,15.50,-12.28%,0.55,0.6,0.84,755,195,3.87,87.19%,116.10%,-0.248261,2026-08-06
AEM,167.92,2026-09-18,43,Call,210.00,-25.06%,0.45,1.4,1.7,832,215,3.87,43.71%,45.84%,0.092833,2026-08-06
MSTR,96.85,2026-08-21,15,Put,160.00,+65.20%,62.85,63.87,63.55,2751,715,3.85,69.93%,113.24%,-0.98535,2026-08-06
ADBE,260.24,2026-08-21,15,Put,340.00,+30.65%,77.8,82.6,84,800,208,3.85,54.86%,86.54%,-0.927071,2026-08-06
APP,335.67,2027-01-15,162,Put,160.00,-52.33%,2.3,3.7,5.5,503,131,3.84,64.65%,78.61%,-0.043967,2026-08-06
IOVA,6.21,2026-08-14,8,Call,6.00,+3.38%,0.25,0.45,0.6,503,131,3.84,101.76%,84.88%,0.63419,2026-08-06
LLY,1191.94,2026-08-07,1,Put,"1,120.00",-6.04%,0.15,0.55,0.47,619,161,3.84,34.91%,59.66%,-0.022139,2026-08-06
SPCX,114.92,2026-08-07,1,Put,109.00,-5.15%,0.87,0.9,0.91,17853,4645,3.84,85.45%,126.49%,-0.202308,2026-08-06
SHOP,147.44,2026-08-14,8,Put,140.00,-5.05%,1.49,1.64,1.6,570,149,3.83,50.03%,50.76%,-0.230859,2026-08-06
YETI,51.88,2026-09-18,43,Call,55.00,-6.01%,2.3,2.4,2.4,2466,644,3.83,51.01%,49.50%,0.407837,2026-08-06
ALGN,169.08,2027-01-15,162,Call,380.00,-124.75%,0,0.6,2.6,500,131,3.82,40.78%,64.05%,0.05005,2026-08-06
UFI,6.9,2026-12-18,134,Call,10.00,-44.93%,0,0.47,0.55,744,195,3.82,103.80%,64.85%,0.21225,2026-08-06
WFC,87.59,2026-08-07,1,Call,86.00,+1.82%,1.34,1.55,1.83,2427,635,3.82,23.59%,17.36%,0.978548,2026-08-06
AAON,90.28,2026-08-21,15,Put,80.00,-11.39%,1.4,3.59,5.3,502,132,3.8,96.92%,108.05%,-0.25244,2026-08-06
FSK,11.88,2028-01-21,533,Call,12.50,-5.22%,0.55,0.75,0.75,653,172,3.8,49.02%,24.61%,0.351952,2026-08-06
TSLA,319.53,2026-08-12,6,Call,332.50,-4.06%,2.23,2.25,2.28,996,262,3.8,42.15%,40.93%,0.23556,2026-08-06
SNDK,1258.58,2026-08-07,1,Call,"1,490.00",-18.39%,0.3,0.4,0.4,1974,519,3.8,101.13%,139.21%,0.011352,2026-08-06
TSLA,319.53,2026-08-14,8,Call,327.50,-2.49%,4.8,4.8,4.9,3447,908,3.8,42.15%,42.58%,0.364375,2026-08-06
SPCX,114.92,2026-08-07,1,Put,108.00,-6.02%,0.66,0.69,0.7,15068,3980,3.79,85.45%,125.92%,-0.164356,2026-08-06
MARA,10.65,2026-09-04,29,Put,9.50,-10.80%,0.55,0.54,0.63,582,154,3.78,95.65%,95.57%,-0.285011,2026-08-06
FIG,23.97,2026-08-14,8,Call,24.00,-0.13%,0.72,1.16,1.42,725,192,3.78,82.98%,75.99%,0.520816,2026-08-06
TWLO,193.2,2026-08-21,15,Put,185.00,-4.24%,11.9,13.04,14.4,974,258,3.78,85.95%,111.76%,-0.378222,2026-08-06
DDOG,229.29,2026-08-07,1,Put,235.00,+2.49%,6.9,7.45,7.9,1352,358,3.78,57.17%,80.77%,-0.711997,2026-08-06
DKNG,22.17,2026-08-07,1,Call,22.00,+0.77%,1.23,1.24,1.33,6889,1824,3.78,67.85%,258.68%,0.549854,2026-08-06
MU,881.47,2026-08-07,1,Call,930.00,-5.51%,2.46,2.56,2.69,8949,2367,3.78,77.92%,88.46%,0.128744,2026-08-06
SNDK,1258.58,2026-08-14,8,Call,"1,500.00",-19.18%,15,15.5,16.7,1795,476,3.77,101.13%,109.31%,0.15899,2026-08-06
TRP,63.9,2026-08-21,15,Put,62.50,-2.19%,0.4,0.75,0.75,790,210,3.76,22.75%,22.32%,-0.304262,2026-08-06
GOOGL,357.75,2026-08-10,4,Call,360.00,-0.63%,2.71,2.89,3,808,215,3.76,31.42%,25.50%,0.417724,2026-08-06
CTSH,56.89,2026-10-16,71,Call,62.50,-9.86%,2.55,2.75,2.75,600,160,3.75,47.38%,46.92%,0.366152,2026-08-06
ANET,192.32,2026-08-07,1,Call,197.50,-2.69%,0.67,0.86,0.97,1361,363,3.75,58.95%,64.74%,0.222255,2026-08-06
SPCX,114.92,2026-08-14,8,Call,111.00,+3.41%,8.35,8.5,8.9,2364,630,3.75,85.45%,96.40%,0.625571,2026-08-06
CLSK,12.75,2026-08-14,8,Call,14.00,-9.80%,0.39,0.4,0.7,2580,689,3.74,99.58%,133.32%,0.355243,2026-08-06
CRM,186.77,2026-08-07,1,Put,180.00,-3.62%,0.35,0.39,0.42,4928,1318,3.74,49.21%,62.39%,-0.12526,2026-08-06
SPCX,114.92,2026-08-07,1,Call,115.00,-0.07%,3.05,3.14,3.15,57668,15411,3.74,85.45%,130.60%,0.510152,2026-08-06
HTZ,2.02,2026-08-07,1,Call,2.00,+0.99%,0.13,0.14,0.14,53616,14374,3.73,166.83%,297.29%,0.556616,2026-08-06
AMD,489.28,2026-08-14,8,Put,495.00,+1.17%,21.6,21.45,23.1,596,160,3.73,65.32%,67.29%,-0.524192,2026-08-06
MU,881.47,2026-08-14,8,Call,890.00,-0.97%,37.4,38.4,38.2,742,199,3.73,77.92%,79.60%,0.493537,2026-08-06
TWLO,193.2,2026-08-21,15,Call,195.00,-0.93%,14.5,14.8,17.3,980,263,3.73,85.95%,106.32%,0.528558,2026-08-06
UNH,403.97,2026-08-07,1,Call,412.50,-2.11%,0.41,0.5,0.6,536,144,3.72,28.69%,35.66%,0.133866,2026-08-06
AMD,489.28,2026-08-10,4,Call,485.00,+0.87%,13.85,16.2,15.3,721,194,3.72,65.32%,60.03%,0.570474,2026-08-06
SNDK,1258.58,2026-08-07,1,Put,"1,280.00",+1.70%,43.4,44.83,44.9,2607,701,3.72,101.13%,122.22%,-0.591202,2026-08-06
RIOT,21.21,2026-08-21,15,Put,19.00,-10.42%,0.65,0.74,0.91,5307,1428,3.72,102.93%,102.72%,-0.261475,2026-08-06
MU,881.47,2026-08-07,1,Call,972.50,-10.33%,0.37,0.49,0.44,530,143,3.71,77.92%,94.49%,0.024985,2026-08-06
SNDK,1258.58,2026-08-14,8,Put,"1,150.00",-8.63%,34.2,36.81,38,817,221,3.7,101.13%,111.38%,-0.263081,2026-08-06
NVDA,218.99,2026-08-14,8,Put,222.50,+1.60%,6.6,6.77,6.75,3099,837,3.7,40.12%,36.82%,-0.600754,2026-08-06
MU,881.47,2026-08-07,1,Call,990.00,-12.31%,0.21,0.22,0.23,3697,998,3.7,77.92%,99.50%,0.013855,2026-08-06
NVDA,218.99,2026-08-14,8,Put,220.00,+0.46%,5.15,5.3,5.3,7905,2139,3.7,40.12%,36.84%,-0.518843,2026-08-06
SPCX,114.92,2026-08-07,1,Call,118.00,-2.68%,1.95,1.98,2.02,12167,3297,3.69,85.45%,135.51%,0.368408,2026-08-06
AMD,489.28,2026-08-07,1,Put,485.00,-0.87%,5.6,6,6.2,3442,936,3.68,65.32%,77.41%,-0.405471,2026-08-06
UUUU,12.9,2026-08-28,22,Call,13.00,-0.78%,0.89,0.97,1.04,508,138,3.68,79.42%,79.09%,0.527334,2026-08-06
AAOI,124.22,2026-08-14,8,Put,130.00,+4.65%,15.6,16.8,17.5,596,162,3.68,140.69%,180.66%,-0.513592,2026-08-06
MGNI,24.32,2026-08-21,15,Call,26.00,-6.91%,0.65,0.65,1.25,901,245,3.68,75.10%,80.87%,0.375829,2026-08-06
PL,22.72,2026-09-18,43,Call,29.00,-27.64%,1.4,1.5,1.75,1215,330,3.68,106.01%,111.75%,0.332428,2026-08-06
QCOM,160.39,2026-08-14,8,Call,170.00,-5.99%,1.81,1.9,2.02,2448,665,3.68,53.79%,55.42%,0.252992,2026-08-06
SNDK,1258.58,2026-08-07,1,Call,"1,445.00",-14.81%,0.7,1.19,1.25,540,147,3.67,101.13%,136.37%,0.028855,2026-08-06
RKLB,75.67,2026-08-14,8,Call,80.00,-5.72%,3.7,3.85,3.9,7514,2048,3.67,99.58%,123.82%,0.417763,2026-08-06
INTC,99.81,2026-08-07,1,Call,103.00,-3.20%,0.7,0.7,0.73,8333,2269,3.67,77.74%,89.56%,0.259159,2026-08-06
SPCX,114.92,2026-08-21,15,Put,103.00,-10.37%,3.2,3.63,3.35,2746,750,3.66,85.45%,89.70%,-0.241837,2026-08-06
NOW,117.35,2026-08-07,1,Put,112.00,-4.56%,0.29,0.31,0.35,2851,778,3.66,57.65%,80.10%,-0.127932,2026-08-06
VZ,46.99,2026-08-28,22,Call,50.00,-6.41%,0.16,0.22,0.26,3215,878,3.66,25.51%,24.17%,0.1494,2026-08-06
NVDA,218.99,2026-08-10,4,Call,217.50,+0.68%,3.55,3.57,3.65,5467,1492,3.66,40.12%,30.14%,0.596046,2026-08-06
APP,335.67,2026-08-21,15,Put,480.00,+43.00%,139,144.02,149.2,1014,278,3.65,64.65%,75.66%,-0.995739,2026-08-06
NFLX,73.69,2026-12-18,134,Put,116.00,+57.42%,40.5,42.41,44.45,1460,400,3.65,34.04%,50.12%,-0.943502,2026-08-06
NFLX,73.69,2026-09-18,43,Put,98.00,+32.99%,22.95,25.1,25.85,561,154,3.64,34.04%,49.57%,-0.957853,2026-08-06
AVGO,420.57,2026-08-28,22,Call,500.00,-18.89%,1.42,1.88,2.28,964,265,3.64,51.68%,48.58%,0.084406,2026-08-06
SPCX,114.92,2026-08-07,1,Call,110.00,+4.28%,5.9,6.04,6.15,48388,13302,3.64,85.45%,124.44%,0.759895,2026-08-06
MSFT,499.86,2026-08-07,1,Put,480.00,-3.97%,0.17,0.18,0.2,12040,3313,3.63,29.58%,44.39%,-0.039223,2026-08-06
HIMS,29.66,2026-08-07,1,Put,29.50,-0.54%,0.34,0.39,0.47,1574,434,3.63,97.50%,78.04%,-0.438445,2026-08-06
MU,881.47,2026-08-07,1,Put,"1,120.00",+27.06%,231.75,220.1,243.5,634,175,3.62,77.92%,156.95%,-0.998674,2026-08-06
IONQ,39.72,2026-08-07,1,Call,41.00,-3.22%,0.35,0.4,0.44,3919,1087,3.61,87.30%,105.81%,0.293461,2026-08-06
AMZN,272.26,2026-08-12,6,Call,200.00,+26.54%,70.4,74.31,74.3,620,172,3.6,30.81%,173.29%,0.93347,2026-08-06
AMD,489.28,2026-08-10,4,Call,490.00,-0.15%,11.35,11.6,12,1206,335,3.6,65.32%,58.39%,0.505191,2026-08-06
ASTS,67.36,2026-08-14,8,Call,95.00,-41.03%,0.1,0.38,0.58,1680,467,3.6,106.58%,140.27%,0.060809,2026-08-06
DNUT,3.23,2026-08-07,1,Call,1.50,+53.56%,1.55,1.62,1.9,725,202,3.59,70.18%,777.54%,0.981558,2026-08-06
VRT,275.17,2026-08-07,1,Put,270.00,-1.88%,2.36,2.95,2.85,855,238,3.59,65.99%,83.60%,-0.323718,2026-08-06
MSFT,499.86,2026-08-07,1,Put,485.00,-2.97%,0.36,0.39,0.41,9523,2656,3.59,29.58%,41.15%,-0.078472,2026-08-06
SGHC,12.99,2026-12-18,134,Call,13.00,-0.08%,1.45,1.5,1.6,6890,1924,3.58,43.02%,47.58%,0.564725,2026-08-06
SHEL,89.6,2026-08-14,8,Call,95.00,-6.03%,0,0.1,0.3,569,159,3.58,23.19%,28.64%,0.087141,2026-08-06
SPCX,114.92,2026-08-28,22,Put,65.00,-43.44%,0.1,0.15,0.17,2360,659,3.58,85.45%,109.11%,-0.011644,2026-08-06
HTZ,2.02,2026-09-18,43,Call,1.00,+50.50%,1,1,1.07,708,199,3.56,166.83%,121.27%,0.971788,2026-08-06
AMD,489.28,2026-08-07,1,Call,537.50,-9.86%,0.11,0.18,0.22,733,206,3.56,65.32%,86.77%,0.020455,2026-08-06
SKHY,143.53,2026-08-14,8,Call,155.00,-7.99%,4.1,4.52,4.6,1201,338,3.55,97.06%,101.10%,0.332286,2026-08-06
BKNG,207.39,2026-08-07,1,Put,200.00,-3.56%,0,0.4,0.35,2036,573,3.55,33.67%,48.39%,-0.073817,2026-08-06
MCD,276.26,2026-08-14,8,Put,265.00,-4.08%,0.34,0.44,0.57,729,206,3.54,22.39%,22.56%,-0.10223,2026-08-06
AMZN,272.26,2026-09-04,29,Put,235.00,-13.69%,0.51,0.8,0.85,1266,358,3.54,30.81%,34.79%,-0.05739,2026-08-06
CRCL,63.28,2028-12-15,862,Put,40.00,-36.79%,12.85,13.08,14.05,1800,510,3.53,83.21%,87.58%,-0.14501,2026-08-06
GOOGL,357.75,2028-01-21,533,Put,370.00,+3.42%,58.1,59.05,60.45,1484,421,3.52,31.42%,35.90%,-0.419074,2026-08-06
NVDA,218.99,2026-08-12,6,Call,217.50,+0.68%,4.6,4.78,4.75,2797,794,3.52,40.12%,34.24%,0.575069,2026-08-06
SPCX,114.92,2026-08-07,1,Call,109.00,+5.15%,6.55,6.65,7,6960,1976,3.52,85.45%,123.77%,0.802444,2026-08-06
GOOGL,357.75,2026-08-07,1,Put,355.00,-0.77%,1.24,1.33,1.36,8578,2440,3.52,31.42%,32.82%,-0.321857,2026-08-06
HPQ,28.18,2026-08-14,8,Call,29.00,-2.91%,0.42,0.52,0.61,671,191,3.51,56.06%,51.26%,0.366126,2026-08-06
NBIS,189.88,2026-08-07,1,Call,185.00,+2.57%,8.35,8.5,8.85,1205,343,3.51,129.01%,148.91%,0.645926,2026-08-06
SPCX,114.92,2026-08-14,8,Call,142.00,-23.56%,1.04,1.05,1.1,804,230,3.5,85.45%,113.42%,0.120686,2026-08-06
SPCX,114.92,2026-08-14,8,Call,124.00,-7.90%,3.45,3.5,3.55,1770,505,3.5,85.45%,100.90%,0.333913,2026-08-06
SUN,73.58,2026-09-18,43,Call,62.50,+15.06%,10.9,10.9,12.9,1902,544,3.5,27.70%,47.86%,0.856657,2026-08-06
AMD,489.28,2026-08-07,1,Put,465.00,-4.96%,1.06,1.09,1.16,5263,1502,3.5,65.32%,80.62%,-0.109442,2026-08-06
RDDT,150.87,2026-08-14,8,Call,165.00,-9.37%,1.4,1.45,1.59,621,178,3.49,61.46%,65.53%,0.193194,2026-08-06
SKHY,143.53,2026-12-18,134,Put,60.00,-58.20%,1.65,1.7,1.8,1003,287,3.49,97.06%,99.92%,-0.038811,2026-08-06
BSX,49.3,2027-06-17,315,Call,60.00,-21.70%,4.3,5.15,5.9,2132,611,3.49,38.34%,44.49%,0.426454,2026-08-06
CELH,23.77,2026-08-07,1,Put,24.50,+3.07%,0.84,0.88,1.1,1087,312,3.48,53.50%,104.83%,-0.699406,2026-08-06
TSLA,319.53,2026-08-12,6,Put,310.00,-2.98%,2.57,2.57,2.64,879,253,3.47,42.15%,39.16%,-0.261532,2026-08-06
MRVL,210.54,2026-09-04,29,Put,165.00,-21.63%,4.4,5,5.45,569,165,3.45,90.38%,95.91%,-0.147763,2026-08-06
HOOD,90.71,2026-08-28,22,Put,87.00,-4.09%,3.2,3.62,3.9,607,176,3.45,62.88%,60.61%,-0.35668,2026-08-06
WDC,451.52,2026-09-18,43,Put,370.00,-18.05%,13.6,16.08,17.5,760,220,3.45,84.25%,81.56%,-0.193636,2026-08-06
AAPL,312.41,2026-08-10,4,Call,327.50,-4.83%,0.12,0.14,0.3,1079,313,3.45,25.24%,27.74%,0.055093,2026-08-06
MNST,94.16,2026-08-21,15,Put,92.50,-1.76%,2.55,2.65,2.65,1943,563,3.45,36.86%,45.32%,-0.400191,2026-08-06
MU,881.47,2026-08-07,1,Call,995.00,-12.88%,0.14,0.17,0.2,2369,687,3.45,77.92%,99.76%,0.010958,2026-08-06
WBD,26.4,2026-10-16,71,Call,28.00,-6.06%,0.46,0.47,0.5,36919,10702,3.45,18.31%,21.66%,0.311095,2026-08-06
BIDU,109.33,2026-08-07,1,Put,107.00,-2.13%,0.24,0.41,0.5,609,177,3.44,50.46%,52.78%,-0.21276,2026-08-06
AAOI,124.22,2026-08-07,1,Put,110.00,-11.45%,3.2,3.8,3.8,1759,512,3.44,140.69%,363.12%,-0.231102,2026-08-06
IVZ,31.69,2026-08-21,15,Call,33.00,-4.13%,0.2,0.35,0.35,636,186,3.42,34.87%,28.79%,0.254883,2026-08-06
MU,881.47,2026-08-14,8,Call,970.00,-10.04%,13.25,13.94,13.8,722,211,3.42,77.92%,81.04%,0.2323,2026-08-06
AAPL,312.41,2026-08-14,8,Call,317.50,-1.63%,2.57,2.62,2.73,3563,1045,3.41,25.24%,25.20%,0.346273,2026-08-06
BAC,63,2026-08-07,1,Put,63.00,0.00%,0.26,0.29,0.31,7444,2185,3.41,20.79%,21.77%,-0.496246,2026-08-06
PZZA,24.64,2026-08-21,15,Call,30.00,-21.75%,0.15,0.2,0.3,3120,918,3.4,51.82%,78.98%,0.123174,2026-08-06
INTC,99.81,2026-08-07,1,Put,92.50,-7.32%,0.13,0.13,0.16,3305,973,3.4,77.74%,97.29%,-0.06417,2026-08-06
INTC,99.81,2026-08-10,4,Put,91.00,-8.83%,0.29,0.33,0.38,602,177,3.4,77.74%,69.61%,-0.095274,2026-08-06
CELH,23.77,2026-08-21,15,Call,25.00,-5.17%,0.4,0.64,0.82,632,186,3.4,53.50%,56.14%,0.354451,2026-08-06
AMZN,272.26,2026-08-12,6,Call,275.00,-1.01%,2.8,3.1,3.25,741,218,3.4,30.81%,29.93%,0.410508,2026-08-06
DBX,34.54,2026-08-07,1,Put,30.00,-13.14%,0.05,0.1,0.15,728,215,3.39,46.19%,184.65%,-0.065859,2026-08-06
ONDS,8.74,2026-09-04,29,Call,13.00,-48.74%,0.03,0.24,0.25,777,229,3.39,104.95%,106.41%,0.12218,2026-08-06
NVDA,218.99,2026-09-11,36,Put,210.00,-4.11%,6.9,6.96,7.4,843,249,3.39,40.12%,42.17%,-0.343424,2026-08-06
MU,881.47,2026-08-07,1,Put,915.00,+3.80%,37.3,38.01,39.6,1357,402,3.38,77.92%,88.73%,-0.782184,2026-08-06
HTZ,2.02,2028-01-21,533,Call,2.00,+0.99%,0.99,1.15,1.3,2287,677,3.38,166.83%,125.41%,0.789126,2026-08-06
MU,881.47,2026-08-07,1,Call,970.00,-10.04%,0.41,0.4,0.49,4782,1415,3.38,77.92%,94.01%,0.027545,2026-08-06
INTC,99.81,2026-08-07,1,Call,102.00,-2.19%,0.96,0.98,1,15584,4613,3.38,77.74%,88.86%,0.329377,2026-08-06
DIS,104.68,2026-08-14,8,Call,106.00,-1.26%,1.01,1.18,1.18,519,154,3.37,24.93%,26.79%,0.384987,2026-08-06
BE,228.96,2026-08-14,8,Put,167.50,-26.84%,0.5,0.83,1.15,903,268,3.37,113.80%,130.25%,-0.04261,2026-08-06
NET,284.43,2026-08-07,1,Put,275.00,-3.32%,11.6,12.8,13.4,1674,497,3.37,74.81%,288.05%,-0.38224,2026-08-06
AMD,489.28,2026-08-07,1,Call,502.50,-2.70%,3.1,3.49,3.6,1834,545,3.37,65.32%,80.47%,0.271052,2026-08-06
CLSK,12.75,2026-08-14,8,Put,13.00,+1.96%,0.98,0.98,1.17,561,167,3.36,99.58%,125.12%,-0.503549,2026-08-06
CXW,32.24,2027-01-15,162,Call,32.00,+0.74%,4.5,5.4,5.9,3080,917,3.36,46.29%,61.97%,0.574428,2026-08-06
NVDA,218.99,2026-08-12,6,Call,225.00,-2.74%,1.6,1.62,1.66,5401,1606,3.36,40.12%,34.24%,0.279937,2026-08-06
MSFT,499.86,2026-08-14,8,Put,457.50,-8.47%,0.47,0.48,0.62,804,240,3.35,29.58%,36.66%,-0.047483,2026-08-06
KZIA,12.33,2026-08-21,15,Call,10.00,+18.90%,1.2,3.2,4.9,1000,299,3.34,184.81%,180.51%,0.776226,2026-08-06
LESL,1.52,2026-08-21,15,Call,2.0000,-31.58%,0.2,0.26,0.35,1630,488,3.34,283.58%,343.58%,0.482569,2026-08-06
BRK.B,524.61,2026-08-07,1,Call,525.00,-0.07%,1.73,2.15,2.3,3378,1012,3.34,16.70%,19.89%,0.477422,2026-08-06
BROS,53.33,2026-08-07,1,Put,65.00,+21.88%,10.5,10.3,12.5,827,248,3.33,47.11%,157.62%,-0.991294,2026-08-06
SNDK,1258.58,2026-08-14,8,Put,900.00,-28.49%,2.4,2.51,2.8,978,294,3.33,101.13%,124.23%,-0.027473,2026-08-06
SHOP,147.44,2026-08-07,1,Put,138.00,-6.40%,0,0.12,0.08,504,152,3.32,50.03%,63.25%,-0.02181,2026-08-06
MU,881.47,2026-08-07,1,Put,805.00,-8.68%,0.53,0.6,0.6,1642,494,3.32,77.92%,95.18%,-0.032282,2026-08-06
ORCL,143.47,2026-08-07,1,Put,145.00,+1.07%,2.75,2.93,2.88,4037,1217,3.32,70.20%,65.11%,-0.615187,2026-08-06
MU,881.47,2026-08-07,1,Put,820.00,-6.97%,1,1.05,1.07,4920,1482,3.32,77.92%,89.17%,-0.05773,2026-08-06
NVDA,218.99,2026-08-07,1,Put,210.00,-4.11%,0.15,0.16,0.16,50455,15226,3.31,40.12%,52.00%,-0.059771,2026-08-06
CDE,15.65,2026-08-14,8,Put,15.00,-4.15%,0.3,0.35,0.35,639,193,3.31,66.26%,66.09%,-0.312552,2026-08-06
CVS,96.22,2026-08-07,1,Put,105.00,+9.12%,7.45,8.59,9.4,782,236,3.31,28.10%,70.96%,-0.990393,2026-08-06
BABA,126.81,2026-08-14,8,Call,129.00,-1.73%,2.22,2.27,2.38,1137,344,3.31,45.36%,43.38%,0.407563,2026-08-06
AMZN,272.26,2026-08-12,6,Call,277.50,-1.92%,1.96,2.28,2.33,857,260,3.3,30.81%,29.91%,0.321898,2026-08-06
WFC,87.59,2026-08-14,8,Call,84.00,+4.10%,3.25,4.2,3.75,879,266,3.3,23.59%,36.68%,0.789075,2026-08-06
TSLA,319.53,2026-08-10,4,Call,337.50,-5.62%,0.54,0.57,0.56,1836,556,3.3,42.15%,38.61%,0.092792,2026-08-06
SPCX,114.92,2026-08-21,15,Put,106.00,-7.76%,4.25,4.5,4.4,2565,778,3.3,85.45%,90.44%,-0.294807,2026-08-06
SNDK,1258.58,2026-08-07,1,Call,"1,450.00",-15.21%,0.8,0.85,0.95,4932,1496,3.3,101.13%,136.76%,0.02616,2026-08-06
AMD,489.28,2026-08-10,4,Call,550.00,-12.41%,0.4,0.5,0.58,1683,512,3.29,65.32%,62.11%,0.039156,2026-08-06
MSTR,96.85,2026-08-21,15,Put,165.00,+70.37%,67.85,68.65,68.5,1080,329,3.28,69.93%,114.70%,-0.990486,2026-08-06
SMR,9.47,2026-08-21,15,Put,8.50,-10.24%,0.23,0.27,0.35,1457,444,3.28,93.34%,92.41%,-0.249026,2026-08-06
MU,881.47,2026-08-07,1,Put,795.00,-9.81%,0.37,0.43,0.46,2879,879,3.28,77.92%,100.64%,-0.023411,2026-08-06
SPCX,114.92,2026-08-07,1,Call,120.00,-4.42%,1.44,1.46,1.48,59770,18199,3.28,85.45%,139.17%,0.289066,2026-08-06
NVDA,218.99,2026-08-10,4,Call,220.00,-0.46%,2.3,2.35,2.34,26897,8263,3.26,40.12%,30.14%,0.452584,2026-08-06
ABNB,151.64,2026-08-07,1,Put,142.00,-6.36%,1.25,1.4,1.48,619,190,3.26,43.09%,153.25%,-0.194847,2026-08-06
HTZ,2.02,2026-08-07,1,Put,2.50,+23.76%,0.46,0.44,0.58,633,194,3.26,166.83%,408.72%,-0.813127,2026-08-06
GOOGL,357.75,2026-08-10,4,Call,365.00,-2.03%,1.25,1.35,1.39,1018,312,3.26,31.42%,25.74%,0.236572,2026-08-06
TSM,418.2,2026-09-04,29,Call,440.00,-5.21%,11.1,12.45,12.45,581,179,3.25,42.55%,42.61%,0.365289,2026-08-06
AIRJ,5.59,2027-02-19,197,Call,8.00,-43.11%,1,1.35,1.75,1000,308,3.25,152.81%,123.46%,0.532658,2026-08-06
SPCX,114.92,2026-08-07,1,Put,113.00,-1.67%,2.15,2.23,2.25,6950,2141,3.25,85.45%,129.00%,-0.387984,2026-08-06
ADBE,260.24,2026-11-20,106,Call,260.00,+0.09%,27,28.77,31,3039,937,3.24,54.86%,49.44%,0.570781,2026-08-06
AMD,489.28,2026-08-14,8,Call,500.00,-2.19%,15,15.7,15.85,3320,1025,3.24,65.32%,69.10%,0.439204,2026-08-06
TTD,17.67,2026-08-07,1,Put,17.50,-0.96%,1.11,1.2,1.22,4588,1414,3.24,87.19%,340.60%,-0.442816,2026-08-06
DKNG,22.17,2026-08-21,15,Call,27.00,-21.79%,0.17,0.24,0.36,655,203,3.23,67.85%,84.62%,0.14581,2026-08-06
HOOD,90.71,2026-09-11,36,Call,91.00,-0.32%,6.65,7.21,7.7,797,247,3.23,62.88%,63.07%,0.540378,2026-08-06
IRDM,48.31,2027-01-15,162,Put,45.00,-6.85%,1.5,3.23,4.5,800,248,3.23,47.77%,37.84%,-0.327297,2026-08-06
UPS,103.2,2026-08-07,1,Call,104.00,-0.78%,0.3,0.37,0.42,895,277,3.23,27.03%,31.88%,0.323369,2026-08-06
MU,881.47,2026-08-07,1,Put,780.00,-11.51%,0.23,0.26,0.3,3870,1197,3.23,77.92%,108.70%,-0.014653,2026-08-06
AMZN,272.26,2026-08-28,22,Put,240.00,-11.85%,0.64,0.67,0.71,1847,574,3.22,30.81%,35.23%,-0.063692,2026-08-06
ORCL,143.47,2026-08-07,1,Call,149.00,-3.85%,0.33,0.36,0.38,2589,805,3.22,70.20%,66.21%,0.141802,2026-08-06
WDC,451.52,2026-08-14,8,Put,450.00,-0.34%,21.35,22.45,24.3,609,190,3.21,84.25%,89.22%,-0.461652,2026-08-06
AMN,30.8,2026-08-21,15,Put,30.00,-2.60%,1.4,2.35,2.65,613,191,3.21,77.71%,98.74%,-0.406071,2026-08-06
AVGO,420.57,2026-08-21,15,Put,425.00,+1.05%,17.35,17.55,18.45,620,193,3.21,51.68%,46.35%,-0.521727,2026-08-06
MU,881.47,2026-08-10,4,Call,950.00,-7.77%,4.9,5,5.2,2002,624,3.21,77.92%,68.39%,0.157549,2026-08-06
AMD,489.28,2027-03-19,225,Call,760.00,-55.33%,39.45,43.07,41.7,522,163,3.2,65.32%,68.95%,0.30941,2026-08-06
CRM,186.77,2026-08-28,22,Put,170.00,-8.98%,3.25,3.57,3.9,944,295,3.2,49.21%,56.40%,-0.223789,2026-08-06
HONA,156.47,2026-09-18,43,Call,220.00,-40.60%,0.05,0.49,0.7,970,303,3.2,50.99%,51.90%,0.035997,2026-08-06
CIFR,18.21,2026-08-14,8,Put,19.50,+7.08%,1.56,1.91,2.5,1048,327,3.2,113.99%,116.30%,-0.621073,2026-08-06
BA,232.19,2028-01-21,533,Put,220.00,-5.25%,23.4,27.5,30.8,1080,338,3.2,31.90%,32.10%,-0.352101,2026-08-06
AMZN,272.26,2026-09-11,36,Put,230.00,-15.52%,0.51,0.76,0.95,1245,389,3.2,30.81%,35.41%,-0.054518,2026-08-06
INTC,99.81,2026-08-10,4,Call,102.00,-2.19%,1.69,1.82,1.82,2327,727,3.2,77.74%,64.02%,0.387695,2026-08-06
ASTS,67.36,2026-08-07,1,Put,68.00,+0.95%,1.71,1.78,2.04,2795,873,3.2,106.58%,108.79%,-0.554178,2026-08-06
GOOGL,357.75,2026-08-07,1,Put,350.00,-2.17%,0.37,0.38,0.4,16679,5214,3.2,31.42%,35.59%,-0.117089,2026-08-06
CRCL,63.28,2026-12-18,134,Put,30.00,-52.59%,0.52,0.8,1.05,3597,1127,3.19,83.21%,88.07%,-0.045553,2026-08-06
RDDT,150.87,2026-08-14,8,Call,157.50,-4.39%,2.8,3,3.45,531,167,3.18,61.46%,63.83%,0.344755,2026-08-06
GE,374.55,2026-08-07,1,Put,367.50,-1.88%,0.15,0.9,1.23,537,169,3.18,30.81%,38.53%,-0.169477,2026-08-06
ROKU,150.07,2026-08-07,1,Put,145.00,-3.38%,0.86,0.86,1.14,586,184,3.18,22.57%,92.50%,-0.230862,2026-08-06
AMD,489.28,2026-08-19,13,Call,525.00,-7.30%,9.95,11.98,12.45,773,243,3.18,65.32%,65.32%,0.308676,2026-08-06
JOBY,8.23,2026-08-14,8,Call,8.50,-3.28%,0.26,0.27,0.33,2306,726,3.18,75.52%,83.76%,0.423898,2026-08-06
MRNA,53.86,2026-11-20,106,Put,35.00,-35.02%,1.7,1.67,1.78,507,160,3.17,72.48%,85.03%,-0.116732,2026-08-06
AVGO,420.57,2026-09-04,29,Call,545.00,-29.59%,1.26,2.03,2.7,516,163,3.17,51.68%,58.25%,0.069133,2026-08-06
CIFR,18.21,2026-09-18,43,Put,17.00,-6.64%,1.73,1.85,2.44,2608,822,3.17,113.99%,111.88%,-0.351917,2026-08-06
APLD,28.86,2026-08-14,8,Call,30.00,-3.95%,1.15,1.24,1.24,3553,1125,3.16,94.81%,97.65%,0.424562,2026-08-06
UBER,70.47,2026-08-07,1,Call,71.00,-0.75%,0.37,0.4,0.45,6826,2158,3.16,34.02%,43.17%,0.376035,2026-08-06
CELH,23.77,2026-12-18,134,Call,25.00,-5.17%,3.1,3.25,3.3,598,189,3.16,53.50%,62.28%,0.536817,2026-08-06
AEO,17.72,2026-09-11,36,Call,5.00,+71.78%,11.65,12.83,14.85,850,270,3.15,60.86%,344.46%,0.955123,2026-08-06
OSCR,26.54,2026-09-18,43,Put,20.00,-24.64%,0.2,0.33,0.4,993,315,3.15,68.50%,69.21%,-0.09232,2026-08-06
MU,881.47,2026-08-14,8,Call,895.00,-1.53%,35.25,36.25,36.05,929,297,3.13,77.92%,79.67%,0.474647,2026-08-06
UBER,70.47,2026-08-14,8,Put,69.00,-2.09%,0.72,0.78,0.82,1463,468,3.13,34.02%,34.02%,-0.323739,2026-08-06
META,589.9,2026-11-20,106,Put,590.00,+0.02%,49.4,51.05,51.05,1839,588,3.13,37.16%,41.82%,-0.442659,2026-08-06
SATL,5.04,2028-01-21,533,Call,20.00,-296.83%,0.45,1,1,506,162,3.12,109.59%,99.76%,0.311564,2026-08-06
WDC,451.52,2026-08-07,1,Put,435.00,-3.66%,3.15,3.1,4,683,219,3.12,84.25%,104.66%,-0.23903,2026-08-06
NOW,117.35,2026-08-07,1,Put,116.00,-1.15%,1.18,1.33,1.25,945,303,3.12,57.65%,74.49%,-0.37506,2026-08-06
MU,881.47,2026-08-07,1,Call,"1,015.00",-15.15%,0.1,0.13,0.12,1395,447,3.12,77.92%,108.04%,0.006876,2026-08-06
SNDK,1258.58,2026-08-07,1,Put,"1,200.00",-4.65%,11.2,11.99,11.7,6248,2001,3.12,101.13%,127.71%,-0.227272,2026-08-06
NBIS,189.88,2026-08-07,1,Call,215.00,-13.23%,0.33,0.4,0.45,3979,1279,3.11,129.01%,150.39%,0.062048,2026-08-06
CRCL,63.28,2026-08-14,8,Put,62.00,-2.02%,2.33,2.2,2.72,539,174,3.1,83.21%,85.04%,-0.408836,2026-08-06
SNDK,1258.58,2026-08-07,1,Put,"1,160.00",-7.83%,4.9,4.95,5.2,619,200,3.1,101.13%,133.51%,-0.114391,2026-08-06
MSTR,96.85,2026-08-21,15,Call,99.00,-2.22%,4.3,4.42,4.55,1009,325,3.1,69.93%,67.88%,0.468137,2026-08-06
OR,32.15,2026-08-21,15,Put,30.00,-6.69%,0.2,0.34,0.55,1202,388,3.1,47.38%,45.90%,-0.211317,2026-08-06
CELH,23.77,2026-08-21,15,Put,24.00,+0.97%,1.06,1.1,1.16,1223,395,3.1,53.50%,52.21%,-0.510927,2026-08-06
NVDA,218.99,2026-08-12,6,Call,227.50,-3.89%,1.05,1.03,1.11,2886,931,3.1,40.12%,34.44%,0.203341,2026-08-06
SPCX,114.92,2026-08-07,1,Put,107.00,-6.89%,0.5,0.51,0.53,15938,5152,3.09,85.45%,125.80%,-0.131594,2026-08-06
META,589.9,2026-08-07,1,Call,617.50,-4.68%,0.13,0.23,0.24,1052,340,3.09,37.16%,47.02%,0.032757,2026-08-06
MSFT,499.86,2026-08-10,4,Put,485.00,-2.97%,0.97,1.2,1.32,1362,441,3.09,29.58%,28.26%,-0.148025,2026-08-06
SKHY,143.53,2026-08-07,1,Call,138.00,+3.85%,6.3,6.8,7.8,631,205,3.08,97.06%,123.32%,0.739765,2026-08-06
RBLX,36.04,2026-12-18,134,Put,115.00,+219.09%,78.15,79.2,79.4,974,316,3.08,66.36%,115.70%,-0.935975,2026-08-06
INTC,99.81,2026-08-17,11,Put,88.00,-11.83%,0.2,1.01,1.53,1200,389,3.08,77.74%,69.83%,-0.134217,2026-08-06
EMN,73.5,2026-08-21,15,Call,70.00,+4.76%,3.9,4.8,4.7,2053,666,3.08,34.29%,36.70%,0.754171,2026-08-06
PLTR,155.92,2026-08-07,1,Put,152.50,-2.19%,0.74,0.75,0.76,18244,5916,3.08,48.71%,62.72%,-0.243589,2026-08-06
T,23.71,2026-08-07,1,Put,24.50,+3.33%,0.64,0.98,0.93,3337,1086,3.07,26.42%,96.55%,-0.733571,2026-08-06
CAR,138.35,2026-09-18,43,Put,330.00,+138.53%,182,189.4,198.1,876,285,3.07,57.56%,114.14%,-0.992531,2026-08-06
U,40.81,2026-09-18,43,Call,50.00,-22.52%,0.97,1.05,1.1,1377,449,3.07,65.20%,65.28%,0.219186,2026-08-06
AAPL,312.41,2026-08-14,8,Call,332.50,-6.43%,0.35,0.4,0.46,2005,653,3.07,25.24%,28.02%,0.071509,2026-08-06
XYZ,79.02,2026-08-07,1,Put,82.00,+3.77%,2.88,3.35,3.4,530,173,3.06,41.48%,62.03%,-0.869403,2026-08-06
AAOI,124.22,2026-08-14,8,Call,205.00,-65.03%,0.7,0.8,0.85,636,208,3.06,140.69%,195.14%,0.056278,2026-08-06
ALKT,19.69,2026-08-21,15,Call,20.00,-1.57%,0.55,0.79,0.9,1113,364,3.06,48.71%,53.52%,0.469704,2026-08-06
PCT,6.87,2026-08-14,8,Put,6.00,-12.66%,0.1,0.2,0.45,522,171,3.05,111.15%,162.77%,-0.246561,2026-08-06
SPCX,114.92,2026-08-14,8,Call,129.00,-12.25%,2.42,2.36,2.5,613,201,3.05,85.45%,103.76%,0.251273,2026-08-06
MSFT,499.86,2026-08-10,4,Put,470.00,-5.97%,0.2,0.24,0.3,683,224,3.05,29.58%,33.14%,-0.035829,2026-08-06
BE,228.96,2026-08-14,8,Put,140.00,-38.85%,0.13,0.23,0.37,1268,416,3.05,113.80%,156.65%,-0.012543,2026-08-06
WDC,451.52,2026-08-07,1,Put,365.00,-19.16%,0,0.18,0.15,675,222,3.04,84.25%,164.09%,-0.005864,2026-08-06
CMG,33.71,2026-08-07,1,Call,34.00,-0.86%,0.2,0.21,0.22,699,230,3.04,37.64%,47.24%,0.370662,2026-08-06
PYPL,59.78,2026-08-07,1,Put,59.00,-1.30%,0.11,0.18,0.24,755,248,3.04,29.78%,37.56%,-0.247829,2026-08-06
OKLO,42.19,2026-08-07,1,Call,42.00,+0.45%,1.65,1.89,2,1497,493,3.04,94.70%,196.48%,0.538352,2026-08-06
RKLB,75.67,2026-08-07,1,Put,75.00,-0.89%,1.24,1.34,1.35,3828,1261,3.04,99.58%,102.42%,-0.42297,2026-08-06
TSLA,319.53,2026-08-07,1,Call,335.00,-4.84%,0.18,0.19,0.19,20042,6598,3.04,42.15%,54.16%,0.049453,2026-08-06
T,23.71,2026-09-18,43,Put,28.00,+18.09%,3.45,4.5,4.8,5639,1860,3.03,26.42%,40.78%,-0.866056,2026-08-06
HOOD,90.71,2026-08-14,8,Put,83.00,-8.50%,0.63,0.7,0.74,752,248,3.03,62.88%,61.71%,-0.152472,2026-08-06
T,23.71,2026-09-18,43,Put,30.00,+26.53%,5.4,6.5,7.45,1852,611,3.03,26.42%,46.88%,-0.914232,2026-08-06
DOCS,20.66,2026-08-21,15,Put,17.50,-15.30%,0.8,1.03,1,1692,561,3.02,103.83%,138.43%,-0.230696,2026-08-06
KO,86.85,2026-08-14,8,Put,85.00,-2.13%,0.24,0.32,0.39,1709,565,3.02,20.10%,19.30%,-0.218667,2026-08-06
SPCX,114.92,2026-09-04,29,Call,130.00,-13.12%,6.05,6.05,6.35,2371,785,3.02,85.45%,88.82%,0.360959,2026-08-06
RGTI,16.53,2026-08-21,15,Call,16.00,+3.21%,1.51,1.6,1.77,3649,1211,3.01,99.25%,102.52%,0.605619,2026-08-06
SPCX,114.92,2026-08-07,1,Call,123.00,-7.03%,0.88,0.91,0.94,6957,2314,3.01,85.45%,144.65%,0.195337,2026-08-06
V,370.47,2026-08-14,8,Call,375.00,-1.22%,2.45,2.42,2.56,861,286,3.01,20.60%,19.61%,0.351113,2026-08-06
PDD,90.85,2026-09-18,43,Put,130.00,+43.09%,37.9,39.55,40.45,732,244,3,38.14%,54.74%,-0.985513,2026-08-06
GEMI,3.98,2026-08-14,8,Call,4.50,-13.07%,0.05,0.1,0.15,765,255,3,121.09%,115.08%,0.264031,2026-08-06
CAR,138.35,2026-09-18,43,Put,300.00,+116.84%,152,158.8,167.2,892,297,3,57.56%,102.86%,-0.992389,2026-08-06
BROS,53.33,2026-08-07,1,Put,66.00,+23.76%,11.5,11.16,13.6,1213,405,3,47.11%,168.15%,-0.991766,2026-08-06
SNDK,1258.58,2026-08-07,1,Call,"1,260.00",-0.11%,32.3,33.9,33.6,1465,488,3,101.13%,127.79%,0.507207,2026-08-06
RIOT,21.21,2026-08-28,22,Call,27.00,-27.30%,0.47,0.7,0.9,1678,559,3,102.93%,111.47%,0.23048,2026-08-06
BULL,7.22,2027-01-15,162,Put,25.00,+246.26%,16.4,17.97,18.5,5164,1721,3,75.07%,131.82%,-0.863099,2026-08-06
BULL,7.22,2027-01-15,162,Put,30.00,+315.51%,21.9,22.84,23.75,8120,2707,3,75.07%,127.57%,-0.934957,2026-08-06
SNDK,1258.58,2026-08-07,1,Put,"1,250.00",-0.68%,27.1,27.01,28.7,3909,1308,2.99,101.13%,122.43%,-0.444288,2026-08-06
HPE,52.43,2026-08-07,1,Call,37.00,+29.43%,15.05,15.73,16.35,601,201,2.99,79.03%,433.37%,0.950541,2026-08-06
META,589.9,2026-08-07,1,Call,602.50,-2.14%,1.28,1.3,1.42,1856,621,2.99,37.16%,44.07%,0.183813,2026-08-06
RBLX,36.04,2026-09-18,43,Put,100.00,+177.47%,63.05,63.06,64.7,2605,870,2.99,66.36%,134.95%,-0.990167,2026-08-06
AMD,489.28,2026-08-07,1,Put,482.50,-1.39%,4.55,4.56,5.2,1564,524,2.98,65.32%,77.06%,-0.356326,2026-08-06
MSFT,499.86,2026-10-16,71,Call,530.00,-6.03%,15.7,16.5,16.5,4195,1406,2.98,29.58%,30.55%,0.372398,2026-08-06
GOOGL,357.75,2026-08-07,1,Put,360.00,+0.63%,3.4,3.75,3.8,12930,4359,2.97,31.42%,30.99%,-0.645917,2026-08-06
IOVA,6.21,2026-08-21,15,Call,6.00,+3.38%,0.55,0.65,0.65,565,190,2.97,101.76%,98.00%,0.610272,2026-08-06
MSFT,499.86,2026-08-10,4,Call,497.50,+0.47%,6.85,7.15,7.45,1733,583,2.97,29.58%,27.88%,0.574393,2026-08-06
ENPH,39.67,2026-08-07,1,Call,39.50,+0.43%,0.9,0.92,1.18,590,199,2.96,76.96%,115.02%,0.541058,2026-08-06
MET,99.95,2026-12-18,134,Call,110.00,-10.06%,2.2,2.1,3.3,769,260,2.96,22.96%,25.42%,0.302694,2026-08-06
POET,8.53,2026-08-21,15,Call,9.00,-5.51%,0.66,0.68,0.69,14618,4935,2.96,114.63%,125.26%,0.468743,2026-08-06
TSLA,319.53,2026-08-07,1,Call,317.50,+0.64%,4.1,4.1,4.2,29327,9895,2.96,42.15%,45.22%,0.612305,2026-08-06
FLR,48.75,2026-08-21,15,Put,40.00,-17.95%,0.25,0.55,0.65,682,231,2.95,67.96%,84.06%,-0.105189,2026-08-06
TEAM,110.17,2026-08-07,1,Call,115.00,-4.38%,5.6,5.82,6.5,1337,453,2.95,96.75%,350.90%,0.443826,2026-08-06
MCHP,74.36,2026-08-07,1,Call,77.00,-3.55%,1.75,2.09,2.5,1574,534,2.95,67.29%,207.46%,0.394809,2026-08-06
WMB,71.76,2026-10-16,71,Put,65.00,-9.42%,0.95,1,1.25,1777,602,2.95,28.74%,29.33%,-0.199374,2026-08-06
SNOW,318,2026-08-14,8,Put,295.00,-7.23%,2.53,2.72,3,736,250,2.94,67.87%,58.34%,-0.178593,2026-08-06
NOW,117.35,2026-08-07,1,Put,113.00,-3.71%,0.43,0.43,0.48,1000,340,2.94,57.65%,78.39%,-0.17275,2026-08-06
SPCX,114.92,2026-11-20,106,Call,115.00,-0.07%,19.2,19.8,20.15,1128,384,2.94,85.45%,78.17%,0.593092,2026-08-06
NEE,84.6,2026-08-07,1,Call,85.00,-0.47%,0.25,0.34,0.45,1399,476,2.94,22.42%,29.67%,0.384063,2026-08-06
AAOI,124.22,2026-08-07,1,Put,100.00,-19.50%,1.45,1.5,1.5,3408,1161,2.94,140.69%,374.56%,-0.114131,2026-08-06
NOW,117.35,2027-03-19,225,Call,140.00,-19.30%,14.75,14.8,15.8,2656,907,2.93,57.65%,60.17%,0.465994,2026-08-06
APP,335.67,2026-08-21,15,Put,270.00,-19.56%,0.7,0.7,1.05,954,326,2.93,64.65%,66.32%,-0.044858,2026-08-06
NBIS,189.88,2026-08-14,8,Call,305.00,-60.63%,0.34,0.81,1.2,505,173,2.92,129.01%,172.76%,0.042553,2026-08-06
AAPL,312.41,2026-08-17,11,Call,315.00,-0.83%,3.3,3.9,4.05,1295,444,2.92,25.24%,21.77%,0.431132,2026-08-06
USB,63.81,2026-11-20,106,Call,65.00,-1.86%,2.73,2.93,3.05,661,227,2.91,22.06%,24.78%,0.472733,2026-08-06
NVDA,218.99,2026-08-12,6,Call,220.00,-0.46%,3.35,3.57,3.5,4747,1629,2.91,40.12%,34.36%,0.471827,2026-08-06
AMZN,272.26,2026-08-07,1,Call,262.50,+3.58%,9.8,9.5,10.2,2829,977,2.9,30.81%,47.84%,0.929828,2026-08-06
VST,141.38,2026-08-07,1,Call,150.00,-6.10%,0.92,0.92,1.1,3188,1098,2.9,53.35%,127.91%,0.197816,2026-08-06
RBLX,36.04,2027-01-15,162,Put,90.00,+149.72%,53.25,53.4,54.4,4688,1618,2.9,66.36%,77.88%,-0.976624,2026-08-06
AMZN,272.26,2026-08-07,1,Put,272.50,+0.09%,2.13,2.18,2.2,13660,4717,2.9,30.81%,36.14%,-0.513128,2026-08-06
TSLA,319.53,2026-09-04,29,Call,320.00,-0.15%,15.4,15.5,15.75,1598,551,2.9,42.15%,42.77%,0.528704,2026-08-06
SKHY,143.53,2026-08-14,8,Put,112.00,-21.97%,0.6,0.95,1.05,787,272,2.89,97.06%,120.07%,-0.068322,2026-08-06
NVDA,218.99,2026-08-12,6,Put,212.50,-2.96%,1.5,1.52,1.55,1108,384,2.89,40.12%,36.11%,-0.247278,2026-08-06
RGTI,16.53,2026-08-14,8,Call,19.00,-14.94%,0.31,0.39,0.39,1320,456,2.89,99.25%,114.55%,0.232144,2026-08-06
F,13.79,2026-08-28,22,Put,13.00,-5.73%,0.16,0.17,0.2,1899,657,2.89,32.71%,36.06%,-0.239356,2026-08-06
MRVL,210.54,2026-08-14,8,Call,230.00,-9.24%,4,4.3,4.85,3319,1150,2.89,90.38%,89.38%,0.275503,2026-08-06
GFI,37.34,2027-03-19,225,Call,20.00,+46.44%,15.7,18,18.2,4566,1581,2.89,50.52%,84.47%,0.895704,2026-08-06
SPCX,114.92,2026-08-14,8,Call,125.00,-8.77%,3.2,3.23,3.3,7366,2552,2.89,85.45%,101.27%,0.315396,2026-08-06
INTC,99.81,2026-08-07,1,Call,86.00,+13.84%,13.6,14.42,14.45,4920,1710,2.88,77.74%,179.28%,0.948949,2026-08-06
SPCX,114.92,2026-08-07,1,Put,112.00,-2.54%,1.75,1.81,1.84,12269,4255,2.88,85.45%,128.26%,-0.337874,2026-08-06
KHC,24.96,2026-08-14,8,Put,25.00,+0.16%,0.11,0.51,0.6,536,186,2.88,30.81%,22.21%,-0.519033,2026-08-06
FIG,23.97,2026-08-14,8,Call,23.00,+4.05%,1.35,1.63,2.18,723,251,2.88,82.98%,87.13%,0.652085,2026-08-06
SPCX,114.92,2026-08-14,8,Call,112.00,+2.54%,7.75,7.7,8,2381,826,2.88,85.45%,93.47%,0.602937,2026-08-06
AMD,489.28,2026-08-07,1,Call,495.00,-1.17%,5.4,5.8,5.85,11104,3869,2.87,65.32%,79.30%,0.398627,2026-08-06
AMD,489.28,2026-08-10,4,Call,500.00,-2.19%,7.4,7.46,8.15,5399,1888,2.86,65.32%,59.70%,0.37858,2026-08-06
TSLA,319.53,2026-08-21,15,Call,332.50,-4.06%,6,6.15,6.1,1011,353,2.86,42.15%,42.53%,0.344146,2026-08-06
SPCX,114.92,2026-09-11,36,Call,120.00,-4.42%,10,9.93,10.25,1039,365,2.85,85.45%,84.04%,0.492783,2026-08-06
DKNG,22.17,2026-08-14,8,Call,27.00,-21.79%,0.14,0.15,0.28,1079,379,2.85,67.85%,108.47%,0.126694,2026-08-06
LULU,124.73,2026-08-07,1,Call,126.00,-1.02%,0.5,0.75,0.99,1198,420,2.85,53.31%,48.76%,0.351861,2026-08-06
GOOGL,357.75,2026-08-07,1,Put,352.50,-1.47%,0.69,0.7,0.74,2924,1025,2.85,31.42%,34.03%,-0.199453,2026-08-06
NFLX,73.69,2026-08-07,1,Put,73.00,-0.94%,0.25,0.28,0.28,8277,2900,2.85,34.04%,35.51%,-0.301457,2026-08-06
NVDA,218.99,2026-08-10,4,Put,220.00,+0.46%,3.2,3.45,3.4,9975,3503,2.85,40.12%,30.59%,-0.547556,2026-08-06
INTC,99.81,2026-08-07,1,Put,105.00,+5.20%,5.2,4.7,5.75,3875,1364,2.84,77.74%,85.21%,-0.867365,2026-08-06
MSFT,499.86,2026-08-07,1,Call,515.00,-3.03%,0.43,0.44,0.47,9973,3509,2.84,29.58%,41.94%,0.089346,2026-08-06
MU,881.47,2026-08-07,1,Call,950.00,-7.77%,1.03,1.08,1.11,19281,6787,2.84,77.92%,90.68%,0.060377,2026-08-06
CRCL,63.28,2026-08-14,8,Call,73.00,-15.36%,0.64,0.63,0.83,546,192,2.84,83.21%,93.13%,0.168092,2026-08-06
ADBE,260.24,2026-11-20,106,Call,275.00,-5.67%,20.8,22.32,24.25,677,238,2.84,54.86%,49.09%,0.486313,2026-08-06
UBER,70.47,2026-08-14,8,Put,71.00,+0.75%,1.63,1.69,1.81,904,318,2.84,34.02%,35.13%,-0.542467,2026-08-06
KTOS,57.41,2026-09-18,43,Call,60.00,-4.51%,4.2,4.6,4.7,913,321,2.84,71.47%,69.20%,0.480601,2026-08-06
AMD,489.28,2026-08-10,4,Call,505.00,-3.21%,5.7,6.15,6.55,515,182,2.83,65.32%,59.59%,0.319376,2026-08-06
SNDK,1258.58,2026-08-07,1,Put,"1,230.00",-2.27%,19.5,19.3,20.6,737,260,2.83,101.13%,124.71%,-0.349788,2026-08-06
AMD,489.28,2026-08-07,1,Call,532.50,-8.83%,0.2,0.24,0.29,916,324,2.83,65.32%,84.65%,0.029657,2026-08-06
SPCX,114.92,2026-08-07,1,Call,122.00,-6.16%,1.03,1.07,1.09,5424,1920,2.83,85.45%,142.46%,0.222654,2026-08-06
AMD,489.28,2026-08-07,1,Call,500.00,-2.19%,3.95,4.1,4.1,16732,5937,2.82,65.32%,80.28%,0.311197,2026-08-06
ECHO,87.03,2026-08-21,15,Call,98.00,-12.60%,0.25,1.7,1.5,771,273,2.82,56.67%,57.26%,0.170571,2026-08-06
RMD,223.24,2026-08-21,15,Call,250.00,-11.99%,1.8,2.85,3.5,897,318,2.82,47.13%,59.07%,0.190197,2026-08-06
INTC,99.81,2026-09-04,29,Call,105.00,-5.20%,6.75,7.4,7.75,1073,381,2.82,77.74%,82.94%,0.464223,2026-08-06
MRVL,210.54,2026-09-04,29,Put,200.00,-5.01%,15.4,16.43,18.1,1093,387,2.82,90.38%,94.98%,-0.369082,2026-08-06
SPCX,114.92,2028-01-21,533,Call,190.00,-65.33%,19.85,19.23,22,1102,391,2.82,85.45%,67.93%,0.448303,2026-08-06
OTLK,0.9725,2027-02-19,197,Call,0.5000,+48.45%,0.35,0.65,1.05,500,178,2.81,185.79%,223.73%,0.89246,2026-08-06
AMZN,272.26,2026-08-07,1,Put,287.50,+5.60%,14.65,16.17,16.4,843,300,2.81,30.81%,69.71%,-0.930108,2026-08-06
AVGO,420.57,2026-08-14,8,Call,450.00,-7.00%,2.71,2.88,3.05,1730,615,2.81,51.68%,48.08%,0.182539,2026-08-06
NBIS,189.88,2026-08-14,8,Call,280.00,-47.46%,1.35,1.65,1.7,1910,679,2.81,129.01%,169.58%,0.078034,2026-08-06
MSTR,96.85,2026-08-14,8,Call,107.00,-10.48%,0.91,0.96,0.99,541,193,2.8,69.93%,69.80%,0.182691,2026-08-06
AKAM,118.55,2026-08-07,1,Call,140.00,-18.09%,1.6,2.3,2.9,554,198,2.8,82.21%,345.31%,0.20346,2026-08-06
LRCX,305.77,2026-08-07,1,Put,237.50,-22.33%,0.02,0.12,0.12,715,255,2.8,75.04%,198.80%,-0.00656,2026-08-06
MRVL,210.54,2026-08-07,1,Put,205.00,-2.63%,2.02,1.89,2.43,1813,648,2.8,90.38%,102.93%,-0.300298,2026-08-06
CELH,23.77,2026-08-28,22,Call,30.00,-26.21%,0.09,0.1,0.25,539,193,2.79,53.50%,68.02%,0.097252,2026-08-06
AMD,489.28,2026-08-07,1,Call,512.50,-4.75%,1.38,1.55,1.54,1059,380,2.79,65.32%,80.62%,0.141086,2026-08-06
SNDK,1258.58,2026-08-14,8,Call,"1,400.00",-11.24%,30.8,32.4,34,1710,614,2.79,101.13%,108.15%,0.280907,2026-08-06
TEM,46.12,2026-08-07,1,Call,48.50,-5.16%,0,0.13,0.14,711,256,2.78,66.26%,70.57%,0.089944,2026-08-06
APP,335.67,2026-08-14,8,Put,320.00,-4.67%,5.7,6.4,6.5,721,259,2.78,64.65%,64.47%,-0.289124,2026-08-06
AMZN,272.26,2026-08-10,4,Put,272.50,+0.09%,3,3.02,3.3,764,275,2.78,30.81%,27.05%,-0.502404,2026-08-06
DUOL,122.58,2026-08-07,1,Put,110.00,-10.26%,0.1,0.16,0.2,938,337,2.78,61.15%,124.28%,-0.044698,2026-08-06
AMD,489.28,2026-08-14,8,Put,490.00,+0.15%,19,19,20.3,1044,375,2.78,65.32%,67.35%,-0.483474,2026-08-06
SPCX,114.92,2026-08-14,8,Put,107.00,-6.89%,2.92,3,3.05,2200,790,2.78,85.45%,94.42%,-0.279016,2026-08-06
NVDA,218.99,2026-08-12,6,Call,230.00,-5.03%,0.69,0.71,0.74,4318,1551,2.78,40.12%,34.98%,0.144591,2026-08-06
NVDA,218.99,2026-08-10,4,Put,212.50,-2.96%,0.76,0.77,0.79,4341,1560,2.78,40.12%,32.98%,-0.184677,2026-08-06
AAPL,312.41,2026-08-10,4,Put,300.00,-3.97%,0.13,0.16,0.22,3423,1235,2.77,25.24%,24.21%,-0.052044,2026-08-06
AEVA,25.26,2026-08-21,15,Call,30.00,-18.76%,0.65,0.9,1.4,4781,1727,2.77,115.13%,124.26%,0.290845,2026-08-06
META,589.9,2026-08-07,1,Put,572.50,-2.95%,0.54,0.64,0.63,566,204,2.77,37.16%,43.62%,-0.092331,2026-08-06
NET,284.43,2026-08-07,1,Put,285.00,+0.20%,16.2,17.9,18.4,739,267,2.77,74.81%,286.68%,-0.475193,2026-08-06
MU,881.47,2026-08-14,8,Call,940.00,-6.64%,19.9,20.8,20.55,801,289,2.77,77.92%,80.23%,0.317263,2026-08-06
TEAM,110.17,2026-08-07,1,Put,90.00,-18.31%,0.8,0.9,0.95,923,333,2.77,96.75%,315.58%,-0.095534,2026-08-06
UEC,10.76,2026-08-14,8,Call,9.00,+16.36%,1.66,1.81,1.92,973,351,2.77,76.54%,73.96%,0.954788,2026-08-06
MU,881.47,2026-08-10,4,Put,850.00,-3.57%,11.1,11,11.55,1032,372,2.77,77.92%,66.22%,-0.286344,2026-08-06
SWKS,66.84,2026-09-18,43,Call,60.00,+10.23%,8.4,9.3,9.9,1305,471,2.77,53.17%,58.47%,0.735506,2026-08-06
TEVA,34.81,2026-08-07,1,Call,35.00,-0.55%,0.1,0.15,0.35,1002,363,2.76,36.61%,42.49%,0.40896,2026-08-06
UNH,403.97,2026-08-07,1,Call,417.50,-3.35%,0.11,0.2,0.23,1115,404,2.76,28.69%,38.14%,0.05068,2026-08-06
BULL,7.22,2026-08-07,1,Put,8.50,+17.73%,1.07,1.35,1.56,2960,1073,2.76,75.07%,226.17%,-0.906528,2026-08-06
NBIS,189.88,2026-08-07,1,Put,180.00,-5.20%,2,2.05,2.15,5921,2149,2.76,129.01%,147.94%,-0.232693,2026-08-06
SPCX,114.92,2026-08-07,1,Call,117.00,-1.81%,2.28,2.32,2.36,11300,4095,2.76,85.45%,134.26%,0.413427,2026-08-06
GOOGL,357.75,2026-08-07,1,Call,370.00,-3.42%,0.12,0.15,0.13,16255,5880,2.76,31.42%,37.37%,0.043919,2026-08-06
ETSY,82.26,2027-01-15,162,Call,85.00,-3.33%,10.4,12.4,12.45,3027,1101,2.75,52.89%,55.06%,0.555922,2026-08-06
ARDX,4.87,2026-09-18,43,Call,6.00,-23.20%,0.15,0.2,0.4,639,232,2.75,84.04%,93.83%,0.317956,2026-08-06
NET,284.43,2026-08-07,1,Put,230.00,-19.14%,1.18,1.37,1.68,641,233,2.75,74.81%,290.44%,-0.070252,2026-08-06
META,589.9,2026-08-07,1,Call,612.50,-3.83%,0.37,0.4,0.43,1537,559,2.75,37.16%,46.75%,0.064183,2026-08-06
SPCX,114.92,2026-08-14,8,Call,107.00,+6.89%,10.45,10.58,11.1,510,186,2.74,85.45%,90.68%,0.727426,2026-08-06
SPCE,2.93,2026-08-28,22,Put,3.00,+2.39%,0.18,0.37,0.44,512,187,2.74,112.15%,95.58%,-0.490559,2026-08-06
FRMI,6.19,2026-10-16,71,Put,7.00,+13.09%,1.75,1.92,2,601,219,2.74,134.30%,127.97%,-0.471155,2026-08-06
SNDK,1258.58,2026-08-07,1,Call,"1,385.00",-10.04%,3,3.8,3.9,660,241,2.74,101.13%,131.86%,0.088361,2026-08-06
AKAM,118.55,2026-08-07,1,Call,125.00,-5.44%,6,6.5,7.1,814,297,2.74,82.21%,371.19%,0.43051,2026-08-06
NVDA,218.99,2026-08-14,8,Put,217.50,-0.68%,3.95,3.91,4.05,3599,1313,2.74,40.12%,37.01%,-0.435485,2026-08-06
DKNG,22.17,2026-08-07,1,Call,24.00,-8.25%,0.47,0.5,0.54,13254,4837,2.74,67.85%,250.23%,0.294805,2026-08-06
MSFT,499.86,2026-08-12,6,Call,525.00,-5.03%,1.05,1.11,1.22,592,217,2.73,29.58%,31.36%,0.117293,2026-08-06
KLAR,20.26,2026-08-07,1,Call,13.00,+35.83%,7,7.25,7.5,617,226,2.73,84.31%,356.12%,0.993313,2026-08-06
SNDK,1258.58,2026-08-14,8,Call,"1,650.00",-31.10%,5,5.3,5.6,998,366,2.73,101.13%,112.53%,0.062094,2026-08-06
TWLO,193.2,2026-08-07,1,Put,180.00,-6.83%,7,8,10,1052,386,2.73,85.95%,363.52%,-0.320043,2026-08-06
CIFR,18.21,2026-08-14,8,Put,17.00,-6.64%,0.48,0.59,0.76,1144,419,2.73,113.99%,108.61%,-0.304214,2026-08-06
AVGO,420.57,2026-08-07,1,Call,427.50,-1.65%,2.03,2.04,2.26,1756,644,2.73,51.68%,54.57%,0.289269,2026-08-06
UPS,103.2,2026-08-14,8,Call,105.00,-1.74%,0.86,0.93,0.99,1479,543,2.72,27.03%,27.54%,0.338534,2026-08-06
SNDK,1258.58,2026-08-14,8,Put,"1,000.00",-20.55%,7.6,8.5,8.5,1638,602,2.72,101.13%,116.30%,-0.076914,2026-08-06
CRM,186.77,2026-08-07,1,Put,182.50,-2.29%,0.78,0.84,0.89,2859,1051,2.72,49.21%,62.01%,-0.232409,2026-08-06
AVGO,420.57,2026-08-07,1,Call,445.00,-5.81%,0.11,0.13,0.16,3783,1398,2.71,51.68%,56.22%,0.028618,2026-08-06
META,589.9,2026-08-07,1,Put,567.50,-3.80%,0.27,0.31,0.31,666,246,2.71,37.16%,45.21%,-0.049352,2026-08-06
SPCX,114.92,2026-08-14,8,Call,134.00,-16.60%,1.72,1.71,1.79,692,255,2.71,85.45%,107.17%,0.18839,2026-08-06
CDE,15.65,2026-08-21,15,Put,14.50,-7.35%,0.3,0.34,0.4,899,332,2.71,66.26%,65.91%,-0.258932,2026-08-06
SPCX,114.92,2026-08-14,8,Put,94.00,-18.20%,0.48,0.5,0.53,969,357,2.71,85.45%,95.40%,-0.066986,2026-08-06
SPCX,114.92,2026-08-14,8,Call,109.00,+5.15%,9.4,9.5,9.9,1395,515,2.71,85.45%,93.72%,0.675927,2026-08-06
GOOGL,357.75,2026-08-10,4,Call,362.50,-1.33%,1.83,1.98,2.38,578,214,2.7,31.42%,26.58%,0.327452,2026-08-06
EOSE,3.94,2026-09-04,29,Call,0.50,+87.31%,2.95,3.31,3.8,787,292,2.7,119.61%,352.06%,0.995049,2026-08-06
AMZN,272.26,2026-08-10,4,Call,272.50,-0.09%,2.79,2.78,3.15,864,320,2.7,30.81%,26.69%,0.498671,2026-08-06
CIFR,18.21,2026-08-21,15,Call,19.50,-7.08%,0.78,1.2,1.31,894,331,2.7,113.99%,105.04%,0.417619,2026-08-06
META,589.9,2026-10-16,71,Call,710.00,-20.36%,8.55,8.5,9.45,2968,1104,2.69,37.16%,39.68%,0.175009,2026-08-06
TSLA,319.53,2026-08-14,8,Put,320.00,+0.15%,7.8,7.82,7.95,4196,1562,2.69,42.15%,41.06%,-0.493472,2026-08-06
PDD,90.85,2026-09-18,43,Put,135.00,+48.60%,42.9,44.6,45.45,826,307,2.69,38.14%,59.52%,-0.986304,2026-08-06
APP,335.67,2026-08-07,1,Put,320.00,-4.67%,0.7,0.8,0.95,1748,652,2.68,64.65%,78.93%,-0.118971,2026-08-06
META,589.9,2026-11-20,106,Call,590.00,-0.02%,55.75,56.25,57.4,1881,703,2.68,37.16%,42.61%,0.562301,2026-08-06
META,589.9,2026-08-07,1,Call,600.00,-1.71%,1.78,1.84,1.85,19706,7360,2.68,37.16%,43.63%,0.233287,2026-08-06
MU,881.47,2026-08-12,6,Put,800.00,-9.24%,7,7.35,7.5,560,210,2.67,77.92%,77.71%,-0.151839,2026-08-06
DIS,104.68,2026-08-14,8,Call,107.00,-2.22%,0.73,0.77,0.84,606,227,2.67,24.93%,27.09%,0.300582,2026-08-06
WDC,451.52,2026-08-07,1,Put,380.00,-15.84%,0.08,0.12,0.32,805,302,2.67,84.25%,154.77%,-0.015,2026-08-06
AAOI,124.22,2026-08-07,1,Call,155.00,-24.78%,1.35,1.83,2.05,1021,382,2.67,140.69%,370.73%,0.148391,2026-08-06
FIG,23.97,2026-08-14,8,Put,21.00,-12.39%,0.17,0.26,0.22,611,230,2.66,82.98%,82.93%,-0.126146,2026-08-06
DOW,30.3,2026-10-16,71,Call,37.50,-23.76%,0.22,0.52,0.7,654,246,2.66,42.88%,44.65%,0.159527,2026-08-06
BA,232.19,2026-08-14,8,Put,230.00,-0.94%,3.05,3.38,3.65,1714,644,2.66,31.90%,31.97%,-0.410925,2026-08-06
LULU,124.73,2026-12-18,134,Put,300.00,+140.52%,174.8,175.55,175.6,4497,1700,2.65,53.31%,85.44%,-0.955836,2026-08-06
ZVRA,11.88,2027-12-17,498,Put,8.00,-32.66%,0,1.79,4.5,530,200,2.65,79.40%,94.43%,-0.172561,2026-08-06
NVDA,218.99,2026-08-12,6,Put,215.00,-1.82%,2.21,2.3,2.26,1126,425,2.65,40.12%,35.58%,-0.3315,2026-08-06
SNDK,1258.58,2026-08-14,8,Call,"2,100.00",-66.85%,0.2,0.4,0.8,531,201,2.64,101.13%,133.77%,0.006544,2026-08-06
DIS,104.68,2028-01-21,533,Put,65.00,-37.91%,1.35,1.6,1.85,700,265,2.64,24.93%,32.90%,-0.072703,2026-08-06
ASTS,67.36,2026-08-07,1,Put,70.00,+3.92%,3.1,3.3,3.45,2339,887,2.64,106.58%,113.73%,-0.730725,2026-08-06
RKLB,75.67,2026-08-07,1,Call,81.00,-7.04%,0.24,0.3,0.34,3868,1465,2.64,99.58%,113.24%,0.131951,2026-08-06
AMZN,272.26,2026-08-07,1,Put,270.00,-0.83%,1.1,1.2,1.15,19836,7501,2.64,30.81%,36.56%,-0.32645,2026-08-06
COIN,145.41,2026-08-14,8,Put,150.00,+3.16%,7.85,8.3,8.75,3383,1286,2.63,67.58%,66.32%,-0.603267,2026-08-06
SAP,199.46,2026-09-18,43,Call,200.00,-0.27%,10.7,10.91,11.6,5717,2172,2.63,40.51%,42.12%,0.518138,2026-08-06
UPS,103.2,2026-08-07,1,Call,103.00,+0.19%,0.73,0.77,0.85,541,206,2.63,27.03%,32.00%,0.548039,2026-08-06
CSCO,120.88,2026-08-21,15,Call,123.00,-1.75%,4.6,5,4.95,591,225,2.63,48.39%,58.12%,0.467519,2026-08-06
ABNB,151.64,2026-08-07,1,Put,134.00,-11.63%,0.19,0.32,0.35,785,298,2.63,43.09%,149.42%,-0.052447,2026-08-06
PBR,18.52,2026-08-14,8,Call,19.00,-2.59%,0.25,0.26,0.36,1112,423,2.63,32.26%,45.84%,0.367015,2026-08-06
AMZN,272.26,2026-08-10,4,Call,275.00,-1.01%,1.8,1.87,2,1898,721,2.63,30.81%,26.57%,0.370008,2026-08-06
WMT,112.07,2026-08-14,8,Put,114.00,+1.72%,2.73,2.89,3.15,506,193,2.62,32.45%,27.81%,-0.649787,2026-08-06
MU,881.47,2026-08-10,4,Call,930.00,-5.51%,8.05,8.65,8.5,591,226,2.62,77.92%,67.26%,0.235587,2026-08-06
AAPL,312.41,2026-08-12,6,Put,300.00,-3.97%,0.34,0.53,0.58,632,241,2.62,25.24%,24.92%,-0.096731,2026-08-06
SPCX,114.92,2026-08-28,22,Put,107.00,-6.89%,5.9,6.15,6.1,726,277,2.62,85.45%,87.87%,-0.327273,2026-08-06
MSTR,96.85,2026-08-21,15,Put,82.00,-15.33%,0.78,0.93,0.88,771,294,2.62,69.93%,72.64%,-0.112513,2026-08-06
AMD,489.28,2026-08-07,1,Call,490.00,-0.15%,7.55,7.8,8.05,6601,2530,2.61,65.32%,79.54%,0.495165,2026-08-06
AAPL,312.41,2026-08-14,8,Call,315.00,-0.83%,3.5,3.55,3.6,16399,6288,2.61,25.24%,25.04%,0.426647,2026-08-06
NVDA,218.99,2026-08-17,11,Call,245.00,-11.88%,0.27,0.31,0.29,575,220,2.61,40.12%,37.78%,0.048066,2026-08-06
HOOD,90.71,2026-08-14,8,Put,87.00,-4.09%,1.6,1.6,1.76,609,233,2.61,62.88%,61.43%,-0.304224,2026-08-06
AAPL,312.41,2026-08-14,8,Call,327.50,-4.83%,0.69,0.74,0.77,1407,539,2.61,25.24%,26.53%,0.122384,2026-08-06
TSLA,319.53,2026-08-12,6,Call,340.00,-6.41%,1.16,1.17,1.2,1805,692,2.61,42.15%,42.68%,0.136419,2026-08-06
NET,284.43,2026-08-07,1,Put,235.00,-17.38%,1.73,1.83,1.85,2131,818,2.61,74.81%,283.42%,-0.086639,2026-08-06
CME,264.32,2026-10-16,71,Put,240.00,-9.20%,2.3,4.12,6.2,539,207,2.6,26.38%,29.78%,-0.204504,2026-08-06
SMCI,29.38,2026-08-07,1,Put,30.50,+3.81%,1.17,1.16,1.33,978,376,2.6,96.39%,81.10%,-0.804856,2026-08-06
INTC,99.81,2026-08-07,1,Put,100.00,+0.19%,1.87,1.98,2,10500,4045,2.6,77.74%,88.33%,-0.506581,2026-08-06
DKNG,22.17,2026-08-07,1,Call,26.00,-17.28%,0.14,0.17,0.19,2802,1081,2.59,67.85%,247.91%,0.122512,2026-08-06
ACMR,78.98,2026-08-21,15,Call,90.00,-13.95%,2.6,3.9,5.6,513,198,2.59,117.49%,124.28%,0.349517,2026-08-06
NET,284.43,2026-08-07,1,Call,350.00,-23.05%,1.05,1.05,1.27,1046,404,2.59,74.81%,258.50%,0.071485,2026-08-06
RKT,13.22,2026-08-14,8,Call,14.00,-5.90%,0.31,0.39,0.42,1757,679,2.59,63.66%,84.90%,0.349391,2026-08-06
AMD,489.28,2026-08-07,1,Call,520.00,-6.28%,0.72,0.8,0.82,7718,2987,2.58,65.32%,82.11%,0.081801,2026-08-06
WDAY,170.24,2026-08-07,1,Put,170.00,-0.14%,2,3.48,3.4,517,201,2.57,69.49%,79.56%,-0.4774,2026-08-06
PLTR,155.92,2026-08-14,8,Call,177.50,-13.84%,0.26,0.29,0.35,646,251,2.57,48.71%,54.16%,0.058597,2026-08-06
SPCX,114.92,2026-08-14,8,Put,98.00,-14.72%,0.89,0.92,0.95,1126,438,2.57,85.45%,94.13%,-0.11163,2026-08-06
MU,881.47,2026-08-07,1,Put,775.00,-12.08%,0.21,0.21,0.27,1207,469,2.57,77.92%,112.07%,-0.013039,2026-08-06
ORCL,143.47,2026-08-07,1,Put,142.00,-1.02%,1.21,1.31,1.36,1864,726,2.57,70.20%,64.92%,-0.373843,2026-08-06
MU,881.47,2026-08-07,1,Put,810.00,-8.11%,0.65,0.7,0.74,2204,857,2.57,77.92%,93.28%,-0.039367,2026-08-06
AMD,489.28,2026-08-10,4,Put,480.00,-1.90%,6.95,6.8,8,534,209,2.56,65.32%,57.30%,-0.361316,2026-08-06
OKLO,42.19,2026-08-14,8,Call,46.00,-9.03%,1.31,1.3,1.54,659,257,2.56,94.70%,112.90%,0.333953,2026-08-06
SPCX,114.92,2026-11-20,106,Call,110.00,+4.28%,21.55,22,22.5,678,265,2.56,85.45%,78.77%,0.633702,2026-08-06
HIMS,29.66,2026-08-07,1,Call,28.00,+5.60%,1.55,1.85,2.03,738,288,2.56,97.50%,107.09%,0.854838,2026-08-06
HPQ,28.18,2026-10-16,71,Call,30.00,-6.46%,1.61,1.89,1.97,923,361,2.56,56.06%,51.33%,0.431045,2026-08-06
SPCX,114.92,2026-08-14,8,Put,104.00,-9.50%,2.03,2.1,2.1,1535,599,2.56,85.45%,93.54%,-0.213184,2026-08-06
SPCX,114.92,2026-08-14,8,Call,137.00,-19.21%,1.42,1.44,1.48,2865,1120,2.56,85.45%,109.49%,0.159043,2026-08-06
ORCL,143.47,2026-08-07,1,Call,146.00,-1.76%,0.87,0.96,0.99,3344,1304,2.56,70.20%,64.03%,0.307444,2026-08-06
MSTR,96.85,2026-09-04,29,Put,55.00,-43.21%,0.19,0.29,0.31,3399,1326,2.56,69.93%,106.95%,-0.020852,2026-08-06
AAPL,312.41,2026-08-10,4,Call,317.50,-1.63%,0.9,0.92,0.96,8901,3474,2.56,25.24%,20.72%,0.236496,2026-08-06
AAPL,312.41,2026-08-07,1,Put,305.00,-2.37%,0.13,0.15,0.15,24603,9624,2.56,25.24%,30.42%,-0.064178,2026-08-06
TE,5.55,2026-08-14,8,Call,7.00,-26.13%,0.2,0.25,0.3,2874,1125,2.55,161.32%,208.21%,0.275453,2026-08-06
PLTR,155.92,2026-08-14,8,Call,157.50,-1.01%,3.9,4,4.05,4032,1579,2.55,48.71%,50.45%,0.46533,2026-08-06
SPCX,114.92,2026-08-07,1,Put,106.00,-7.76%,0.37,0.39,0.41,8593,3364,2.55,85.45%,126.32%,-0.104454,2026-08-06
LYFT,16.3,2026-08-07,1,Put,16.50,+1.23%,0.84,0.9,0.9,1009,395,2.55,63.72%,224.01%,-0.517833,2026-08-06
PDD,90.85,2026-08-14,8,Call,96.00,-5.67%,0.28,0.29,0.37,1039,408,2.55,38.14%,33.65%,0.143228,2026-08-06
TWLO,193.2,2026-08-07,1,Call,220.00,-13.87%,3.6,4.8,5.8,667,264,2.53,85.95%,331.59%,0.25424,2026-08-06
TPL,355.64,2027-01-15,162,Put,300.00,-15.65%,15,17.54,19.4,804,318,2.53,46.39%,46.65%,-0.228998,2026-08-06
MRNA,53.86,2026-08-14,8,Put,50.00,-7.17%,0.65,0.7,0.8,932,368,2.53,72.48%,69.53%,-0.217442,2026-08-06
META,589.9,2026-08-07,1,Put,562.50,-4.64%,0.11,0.18,0.25,970,384,2.53,37.16%,48.89%,-0.030431,2026-08-06
DKNG,22.17,2026-08-07,1,Put,21.50,-3.02%,0.75,0.8,0.81,2040,807,2.53,67.85%,237.71%,-0.378445,2026-08-06
BE,228.96,2026-08-14,8,Call,320.00,-39.76%,0.6,0.68,0.85,512,203,2.52,113.80%,125.65%,0.044343,2026-08-06
BTDR,10.52,2026-08-07,1,Call,5.00,+52.47%,5.2,5.72,5.9,530,210,2.52,122.43%,742.00%,0.982554,2026-08-06
ROKU,150.07,2026-08-07,1,Call,150.00,+0.05%,2.23,3,3,586,233,2.52,22.57%,82.12%,0.513825,2026-08-06
META,589.9,2026-08-14,8,Call,630.00,-6.80%,2.34,2.45,2.5,2074,822,2.52,37.16%,39.68%,0.140477,2026-08-06
AAOI,124.22,2026-08-07,1,Call,140.00,-12.70%,4.2,4.35,4.7,5066,2012,2.52,140.69%,381.89%,0.309271,2026-08-06
UAA,6.4,2028-01-21,533,Put,4.00,-37.50%,0.45,0.46,1.2,500,199,2.51,60.70%,79.43%,-0.155099,2026-08-06
SNDK,1258.58,2026-08-07,1,Put,"1,395.00",+10.84%,131.5,119.6,142,638,254,2.51,101.13%,93.24%,-0.982094,2026-08-06
UPS,103.2,2026-08-14,8,Call,103.00,+0.19%,1.57,1.78,1.95,877,349,2.51,27.03%,27.68%,0.52231,2026-08-06
GE,374.55,2026-09-18,43,Put,370.00,-1.21%,12.75,13.05,13.75,1242,495,2.51,30.81%,31.40%,-0.422733,2026-08-06
ABNB,151.64,2026-08-07,1,Call,165.00,-8.81%,0.93,1.01,1.1,2213,882,2.51,43.09%,156.26%,0.161006,2026-08-06
ASTS,67.36,2026-11-20,106,Call,185.00,-174.64%,1.5,1.74,1.76,2482,987,2.51,106.58%,117.05%,0.102289,2026-08-06
OKLO,42.19,2026-08-14,8,Put,33.00,-21.78%,0.15,0.25,0.29,660,264,2.5,94.70%,116.39%,-0.064733,2026-08-06
NET,284.43,2026-08-07,1,Put,240.00,-15.62%,2.22,2.56,2.81,669,268,2.5,74.81%,286.60%,-0.113537,2026-08-06
SNDK,1258.58,2026-08-07,1,Call,"1,390.00",-10.44%,2.5,3.7,3.7,752,301,2.5,101.13%,132.07%,0.080637,2026-08-06
PENG,56.26,2026-09-18,43,Call,65.00,-15.54%,5,5.6,6.3,884,354,2.5,107.26%,112.82%,0.433268,2026-08-06
AAPL,312.41,2028-01-21,533,Put,310.00,-0.77%,33,33.85,34.85,2069,826,2.5,25.24%,28.26%,-0.388185,2026-08-06
TIGR,4.74,2026-08-28,22,Call,5.00,-5.49%,0.13,0.18,0.22,3429,1374,2.5,58.60%,59.30%,0.390114,2026-08-06
F,13.79,2026-08-14,8,Call,14.00,-1.52%,0.13,0.14,0.14,6223,2485,2.5,32.71%,27.46%,0.361221,2026-08-06
INTC,99.81,2026-08-07,1,Call,100.00,-0.19%,1.7,1.78,1.86,23987,9612,2.5,77.74%,89.62%,0.493903,2026-08-06
HTZ,2.02,2026-12-18,134,Call,2.50,-23.76%,0.52,0.53,0.55,3688,1480,2.49,166.83%,140.38%,0.57582,2026-08-06
GRAB,3.67,2028-01-21,533,Put,2.00,-45.50%,0.18,0.18,0.2,6178,2486,2.49,50.36%,61.10%,-0.104198,2026-08-06
WGO,31.29,2027-01-15,162,Call,37.50,-19.85%,1.85,2.45,2.6,1270,510,2.49,48.79%,52.42%,0.357666,2026-08-06
HOOD,90.71,2026-09-11,36,Call,96.00,-5.83%,4.7,5.29,5.9,560,226,2.48,62.88%,64.48%,0.436193,2026-08-06
AVGO,420.57,2026-08-07,1,Put,407.50,-3.11%,0.82,0.85,0.97,723,291,2.48,51.68%,56.57%,-0.139346,2026-08-06
MCHP,74.36,2026-08-21,15,Call,80.00,-7.58%,1.85,2.6,3.3,1023,412,2.48,67.29%,78.23%,0.352134,2026-08-06
MU,881.47,2026-08-10,4,Put,800.00,-9.24%,2.61,2.8,2.81,1070,432,2.48,77.92%,70.51%,-0.087596,2026-08-06
AAOI,124.22,2026-08-07,1,Put,120.00,-3.40%,6.5,7.6,7.9,1155,465,2.48,140.69%,359.85%,-0.39045,2026-08-06
AMD,489.28,2026-08-07,1,Put,467.50,-4.45%,1.28,1.37,1.49,1379,555,2.48,65.32%,79.68%,-0.132445,2026-08-06
UNH,403.97,2026-08-07,1,Call,410.00,-1.49%,0.87,0.89,1.02,3921,1579,2.48,28.69%,35.96%,0.218898,2026-08-06
AMD,489.28,2026-08-07,1,Call,475.00,+2.92%,16.65,17,18.15,4128,1663,2.48,65.32%,82.99%,0.759892,2026-08-06
SPCX,114.92,2026-08-07,1,Call,119.00,-3.55%,1.67,1.7,1.74,7979,3220,2.48,85.45%,137.38%,0.32711,2026-08-06
REPL,12.86,2026-08-14,8,Put,12.00,-6.69%,0.95,1.45,2.2,521,211,2.47,187.85%,271.60%,-0.353892,2026-08-06
FISV,54.11,2026-08-14,8,Put,50.00,-7.60%,0.1,0.3,0.35,571,231,2.47,40.57%,46.91%,-0.118442,2026-08-06
ETSY,82.26,2026-09-18,43,Put,80.00,-2.75%,4.4,4.65,4.6,619,251,2.47,52.89%,51.40%,-0.395171,2026-08-06
TTD,17.67,2026-08-14,8,Call,17.50,+0.96%,1.49,1.55,1.75,620,251,2.47,87.19%,147.31%,0.562387,2026-08-06
AKAM,118.55,2026-09-18,43,Put,85.00,-28.30%,1,1.35,2.8,816,331,2.47,82.21%,86.59%,-0.100039,2026-08-06
AVGO,420.57,2026-08-07,1,Put,405.00,-3.70%,0.59,0.64,0.68,1266,513,2.47,51.68%,57.85%,-0.103274,2026-08-06
TDOC,6.68,2026-08-28,22,Put,6.50,-2.69%,0.24,0.26,0.34,662,269,2.46,59.65%,58.76%,-0.392082,2026-08-06
LYFT,16.3,2026-09-18,43,Put,16.00,-1.84%,1.03,1.2,1.24,669,272,2.46,63.72%,59.34%,-0.4169,2026-08-06
STM,53.28,2026-11-20,106,Call,70.00,-31.38%,2.9,3.22,3.2,729,296,2.46,63.18%,68.02%,0.295704,2026-08-06
MPLX,60.42,2028-01-21,533,Call,45.00,+25.52%,13,15.7,18,972,395,2.46,20.50%,24.15%,0.935837,2026-08-06
AAPL,312.41,2026-08-12,6,Call,315.00,-0.83%,2.6,2.65,2.8,2932,1194,2.46,25.24%,23.61%,0.405234,2026-08-06
NVDA,218.99,2026-08-28,22,Put,220.00,+0.46%,9.5,9.48,9.7,5158,2093,2.46,40.12%,43.21%,-0.490552,2026-08-06
NVDA,218.99,2026-08-14,8,Call,230.00,-5.03%,1.19,1.22,1.24,35274,14350,2.46,40.12%,36.35%,0.191619,2026-08-06
MSFT,499.86,2026-08-07,1,Call,520.00,-4.03%,0.2,0.22,0.23,6038,2468,2.45,29.58%,44.25%,0.045471,2026-08-06
TDOC,6.68,2026-08-21,15,Put,8.00,+19.76%,1.23,1.33,1.5,650,265,2.45,59.65%,70.91%,-0.882699,2026-08-06
APP,335.67,2026-08-07,1,Put,310.00,-7.65%,0.05,0.18,0.25,1009,412,2.45,64.65%,80.12%,-0.027427,2026-08-06
ARM,286.68,2026-08-07,1,Call,290.00,-1.16%,4.15,4.5,5.1,1617,661,2.45,82.88%,101.84%,0.425626,2026-08-06
RGTI,16.53,2026-08-07,1,Put,15.50,-6.23%,0.26,0.29,0.29,870,356,2.44,99.25%,199.86%,-0.251992,2026-08-06
MU,881.47,2026-08-07,1,Put,920.00,+4.37%,40.6,39.83,44.2,1166,477,2.44,77.92%,87.84%,-0.817703,2026-08-06
GME,19.23,2028-06-16,680,Call,30.00,-56.01%,2.8,2.82,3.05,1372,563,2.44,36.77%,60.79%,0.384052,2026-08-06
ORCL,143.47,2026-08-07,1,Put,143.00,-0.33%,1.7,1.74,1.77,1795,736,2.44,70.20%,65.70%,-0.454554,2026-08-06
NVDA,218.99,2026-09-04,29,Call,215.00,+1.82%,12.7,12.7,13.05,5112,2098,2.44,40.12%,42.94%,0.592021,2026-08-06
META,589.9,2026-08-07,1,Call,590.00,-0.02%,5.1,5.3,5.4,7916,3252,2.43,37.16%,42.81%,0.503044,2026-08-06
TSLA,319.53,2026-08-07,1,Put,330.00,+3.28%,10.6,10.7,10.9,8925,3674,2.43,42.15%,45.06%,-0.912643,2026-08-06
MSFT,499.86,2026-08-07,1,Call,522.50,-4.53%,0.08,0.14,0.2,845,348,2.43,29.58%,44.93%,0.030861,2026-08-06
GOOGL,357.75,2026-08-10,4,Call,370.00,-3.42%,0.51,0.58,0.7,1407,578,2.43,31.42%,27.02%,0.122406,2026-08-06
AMZN,272.26,2027-02-19,197,Call,330.00,-21.21%,11.85,12.15,12.75,745,308,2.42,30.81%,36.13%,0.304705,2026-08-06
ASTS,67.36,2026-08-07,1,Put,69.00,+2.43%,2.43,2.63,2.75,807,334,2.42,106.58%,115.61%,-0.642857,2026-08-06
C,133.82,2026-08-07,1,Put,137.00,+2.38%,2.84,2.18,3.7,897,371,2.42,28.68%,33.10%,-0.911111,2026-08-06
BE,228.96,2026-08-14,8,Put,190.00,-17.02%,2.43,3.05,3.25,918,379,2.42,113.80%,120.93%,-0.128083,2026-08-06
META,589.9,2026-08-07,1,Put,580.00,-1.68%,1.6,1.76,1.76,4430,1841,2.41,37.16%,42.67%,-0.219882,2026-08-06
AU,87.59,2027-01-15,162,Put,90.00,+2.75%,11.1,13.65,15.1,862,358,2.41,50.94%,50.35%,-0.462817,2026-08-06
OKLO,42.19,2026-08-07,1,Call,43.00,-1.92%,1.42,1.48,1.56,1138,472,2.41,94.70%,209.84%,0.453291,2026-08-06
PBR,18.52,2026-08-07,1,Put,18.50,-0.11%,0.25,0.45,0.36,1837,761,2.41,32.26%,81.56%,-0.481108,2026-08-06
SOUN,7.08,2026-09-18,43,Call,8.00,-12.99%,0.44,0.47,0.49,2230,927,2.41,78.51%,81.32%,0.388748,2026-08-06
SPCX,114.92,2026-08-14,8,Put,112.00,-2.54%,4.95,5.08,5.1,2304,958,2.41,85.45%,95.83%,-0.398572,2026-08-06
ZVRA,11.88,2027-01-15,162,Call,11.00,+7.41%,1.65,2.56,3.5,504,210,2.4,79.40%,66.81%,0.66781,2026-08-06
AMD,489.28,2026-11-20,106,Call,490.00,-0.15%,73,74.57,74.75,606,252,2.4,65.32%,68.68%,0.583672,2026-08-06
COIN,145.41,2026-08-14,8,Put,135.00,-7.16%,1.26,1.53,1.66,1270,529,2.4,67.58%,61.35%,-0.19184,2026-08-06
ON,78.33,2026-08-07,1,Put,95.00,+21.28%,14.55,16.7,18.5,531,222,2.39,68.43%,166.53%,-0.985344,2026-08-06
SPCX,114.92,2026-08-28,22,Call,118.00,-2.68%,8.7,8.69,8.8,620,259,2.39,85.45%,88.81%,0.499096,2026-08-06
XYZ,79.02,2026-08-07,1,Put,79.00,-0.03%,0.79,1.16,1.04,724,303,2.39,41.48%,56.28%,-0.489592,2026-08-06
MSCI,567.23,2026-08-21,15,Put,520.00,-8.33%,0.95,1.75,2,814,341,2.39,26.91%,32.26%,-0.08453,2026-08-06
RDDT,150.87,2026-08-14,8,Call,160.00,-6.05%,2.23,2.39,2.65,1084,454,2.39,61.46%,64.09%,0.286529,2026-08-06
JBLU,6.19,2026-09-04,29,Put,5.50,-11.15%,0,0.14,0.28,1122,469,2.39,64.03%,60.56%,-0.214012,2026-08-06
GRPN,25.15,2026-08-21,15,Put,20.00,-20.48%,0.55,0.64,0.65,1646,688,2.39,113.97%,128.52%,-0.155074,2026-08-06
AAOI,124.22,2026-08-07,1,Call,160.00,-28.80%,1.4,1.45,1.55,2253,941,2.39,140.69%,389.41%,0.127239,2026-08-06
TTD,17.67,2026-08-14,8,Call,20.00,-13.19%,0.63,0.67,0.68,4150,1740,2.39,87.19%,139.28%,0.310706,2026-08-06
TSLA,319.53,2026-08-14,8,Call,320.00,-0.15%,7.75,7.85,7.85,5536,2315,2.39,42.15%,41.89%,0.508033,2026-08-06
COIN,145.41,2026-08-14,8,Put,145.00,-0.28%,5.05,5.3,5.55,5591,2347,2.38,67.58%,64.79%,-0.466509,2026-08-06
NVDA,218.99,2026-08-14,8,Put,195.00,-10.95%,0.24,0.25,0.26,8368,3510,2.38,40.12%,46.03%,-0.040395,2026-08-06
AMZN,272.26,2026-08-07,1,Put,267.50,-1.75%,0.51,0.56,0.55,11281,4743,2.38,30.81%,37.53%,-0.180803,2026-08-06
AMD,489.28,2026-08-10,4,Call,480.00,+1.90%,16.3,18.5,18.4,523,220,2.38,65.32%,59.44%,0.63506,2026-08-06
UWMC,1.2,2027-01-15,162,Put,1.0000,-16.67%,0.15,0.17,0.2,650,273,2.38,99.29%,78.23%,-0.30385,2026-08-06
RDW,11.83,2026-09-18,43,Call,14.00,-18.34%,0.95,0.97,1.05,663,279,2.38,105.87%,106.72%,0.395595,2026-08-06
RCI,34.54,2027-01-15,162,Put,30.00,-13.14%,0.6,0.8,0.85,882,371,2.38,27.58%,27.22%,-0.191338,2026-08-06
SNAP,5.22,2026-09-11,36,Call,5.50,-5.36%,0.23,0.24,0.25,1982,834,2.38,52.92%,53.02%,0.417382,2026-08-06
LLY,1191.94,2026-08-07,1,Call,"1,210.00",-1.52%,3.75,4.91,6,535,226,2.37,34.91%,46.79%,0.274757,2026-08-06
TTMI,136.35,2026-09-18,43,Call,160.00,-17.35%,9.6,11.5,12.5,718,303,2.37,97.76%,102.07%,0.394012,2026-08-06
NET,284.43,2026-08-21,15,Call,350.00,-23.05%,3.05,3.6,3.6,747,315,2.37,74.81%,87.01%,0.140185,2026-08-06
TSM,418.2,2026-12-18,134,Call,570.00,-36.30%,8.5,10.27,10.35,1002,422,2.37,42.55%,45.48%,0.172013,2026-08-06
SNDK,1258.58,2026-08-14,8,Call,"1,600.00",-27.13%,7,7.7,8,1017,430,2.37,101.13%,110.88%,0.084515,2026-08-06
CMG,33.71,2026-08-21,15,Put,33.50,-0.62%,0.87,0.95,0.98,1058,446,2.37,37.64%,38.56%,-0.446628,2026-08-06
META,589.9,2026-08-07,1,Put,582.50,-1.25%,2.16,2.35,2.48,1087,458,2.37,37.16%,42.65%,-0.280875,2026-08-06
SPCX,114.92,2026-08-21,15,Call,112.00,+2.54%,9.55,9.73,10,1542,651,2.37,85.45%,88.89%,0.595311,2026-08-06
TSLA,319.53,2026-08-10,4,Call,332.50,-4.06%,0.99,1,1.03,1662,701,2.37,42.15%,36.90%,0.158534,2026-08-06
PLTR,155.92,2026-08-07,1,Call,160.00,-2.62%,0.64,0.64,0.66,35849,15108,2.37,48.71%,63.08%,0.222763,2026-08-06
AMD,489.28,2026-08-07,1,Put,470.00,-3.94%,1.63,1.75,1.8,5850,2482,2.36,65.32%,78.70%,-0.158932,2026-08-06
CDE,15.65,2026-08-21,15,Put,16.00,+2.24%,0.95,1.05,1.1,507,215,2.36,66.26%,66.41%,-0.53578,2026-08-06
SNOW,318,2026-08-07,1,Put,302.50,-4.87%,0.37,0.45,0.51,535,227,2.36,67.87%,69.66%,-0.08207,2026-08-06
TTD,17.67,2026-08-14,8,Put,14.50,-17.94%,0.22,0.23,0.36,894,379,2.36,87.19%,138.58%,-0.142326,2026-08-06
AMD,489.28,2026-11-20,106,Call,610.00,-24.67%,34.75,37.78,36.9,1000,423,2.36,65.32%,68.98%,0.352964,2026-08-06
UBER,70.47,2026-08-21,15,Call,67.00,+4.92%,4,4.18,4.85,1233,522,2.36,34.02%,39.50%,0.754679,2026-08-06
SPCX,114.92,2026-08-14,8,Call,118.00,-2.68%,5.25,5.25,5.4,1482,627,2.36,85.45%,97.73%,0.458187,2026-08-06
CVX,189.23,2026-08-07,1,Call,190.00,-0.41%,0.94,1.04,1.08,2106,894,2.36,27.13%,34.37%,0.41412,2026-08-06
VST,141.38,2026-08-07,1,Put,132.00,-6.63%,0.31,0.58,0.7,527,224,2.35,53.35%,114.04%,-0.118755,2026-08-06
SNDK,1258.58,2026-08-07,1,Put,"1,090.00",-13.39%,0.8,1,1.15,720,307,2.35,101.13%,144.54%,-0.026208,2026-08-06
ARM,286.68,2026-08-07,1,Call,315.00,-9.88%,0.32,0.4,0.4,881,375,2.35,82.88%,109.35%,0.053092,2026-08-06
TTMI,136.35,2026-09-18,43,Put,90.00,-33.99%,1.4,1.8,2.55,1007,428,2.35,97.76%,99.45%,-0.080826,2026-08-06
PLTR,155.92,2026-08-14,8,Put,142.00,-8.93%,0.56,0.64,0.75,506,216,2.34,48.71%,53.05%,-0.107614,2026-08-06
TEAM,110.17,2026-09-18,43,Call,145.00,-31.61%,3.9,4.2,4.5,1842,788,2.34,96.75%,91.16%,0.239572,2026-08-06
LINC,39.33,2026-08-21,15,Put,35.00,-11.01%,1,1.05,1.1,2859,1220,2.34,73.76%,89.79%,-0.230043,2026-08-06
SPCX,114.92,2026-08-14,8,Call,110.00,+4.28%,9,9,9.15,10847,4633,2.34,85.45%,94.30%,0.651349,2026-08-06
TSM,418.2,2026-12-18,134,Call,500.00,-19.56%,20.35,20.96,21.65,19980,8538,2.34,42.55%,45.76%,0.320371,2026-08-06
INTC,99.81,2026-08-07,1,Call,105.00,-5.20%,0.34,0.35,0.4,25114,10789,2.33,77.74%,91.81%,0.151694,2026-08-06
SNDK,1258.58,2026-08-14,8,Put,"1,100.00",-12.60%,22.2,23.05,24.9,594,255,2.33,101.13%,113.67%,-0.187068,2026-08-06
EOSE,3.94,2026-09-04,29,Call,1.50,+61.93%,2.04,2.35,4.55,786,338,2.33,119.61%,765.32%,0.936702,2026-08-06
NBIS,189.88,2026-08-07,1,Call,217.50,-14.55%,0.3,0.34,0.34,1037,445,2.33,129.01%,154.79%,0.051086,2026-08-06
NBIS,189.88,2026-08-07,1,Call,227.50,-19.81%,0.1,0.23,0.36,1259,541,2.33,129.01%,183.25%,0.033218,2026-08-06
GME,19.23,2026-09-04,29,Put,18.00,-6.40%,0.25,0.29,0.5,1551,665,2.33,36.77%,39.92%,-0.267422,2026-08-06
UUUU,12.9,2026-08-21,15,Call,12.00,+6.98%,1.23,1.3,1.43,1884,807,2.33,79.42%,78.38%,0.7068,2026-08-06
MU,881.47,2026-08-07,1,Call,975.00,-10.61%,0.33,0.39,0.4,1986,851,2.33,77.92%,94.99%,0.022681,2026-08-06
AMD,489.28,2026-08-07,1,Call,497.50,-1.68%,4.5,4.6,5.05,2112,908,2.33,65.32%,79.82%,0.353626,2026-08-06
IONQ,39.72,2026-08-07,1,Call,41.50,-4.48%,0.25,0.3,0.31,2167,931,2.33,87.30%,106.59%,0.224777,2026-08-06
SOUN,7.08,2026-09-04,29,Call,8.50,-20.06%,0.21,0.25,0.24,561,242,2.32,78.51%,82.36%,0.254959,2026-08-06
LUNR,14.93,2026-08-14,8,Call,16.50,-10.52%,0.31,0.3,0.72,653,281,2.32,118.98%,121.68%,0.322522,2026-08-06
MU,881.47,2026-08-14,8,Put,730.00,-17.18%,3.15,3.19,3.35,783,337,2.32,77.92%,87.06%,-0.062651,2026-08-06
STWD,15.93,2026-12-18,134,Call,16.00,-0.44%,0.55,0.69,0.7,1058,456,2.32,19.23%,21.52%,0.450284,2026-08-06
SMCI,29.38,2026-08-07,1,Put,29.50,+0.41%,0.52,0.61,0.68,1929,831,2.32,96.39%,87.74%,-0.525539,2026-08-06
POET,8.53,2026-08-28,22,Call,9.50,-11.37%,0.6,0.64,0.78,2311,995,2.32,114.63%,125.35%,0.425019,2026-08-06
SNDK,1258.58,2026-08-07,1,Put,"1,020.00",-18.96%,0.15,0.2,0.35,539,233,2.31,101.13%,165.80%,-0.006833,2026-08-06
AMD,489.28,2026-08-07,1,Put,452.50,-7.52%,0.31,0.37,0.4,678,294,2.31,65.32%,86.09%,-0.039313,2026-08-06
UPS,103.2,2026-08-21,15,Call,104.00,-0.78%,1.33,1.51,1.66,834,361,2.31,27.03%,22.82%,0.434744,2026-08-06
XYZ,79.02,2026-08-07,1,Put,77.00,-2.56%,0.18,0.31,0.36,578,251,2.3,41.48%,59.09%,-0.196084,2026-08-06
ABNB,151.64,2026-08-07,1,Call,175.00,-15.40%,0.13,0.18,0.18,580,252,2.3,43.09%,147.27%,0.034474,2026-08-06
NBIS,189.88,2026-08-07,1,Call,210.00,-10.60%,0.61,0.65,0.73,4610,2006,2.3,129.01%,145.98%,0.100505,2026-08-06
AAPL,312.41,2026-08-14,8,Call,320.00,-2.43%,1.9,1.93,1.97,17875,7756,2.3,25.24%,25.35%,0.273662,2026-08-06
PLTR,155.92,2026-08-07,1,Put,150.00,-3.80%,0.31,0.31,0.33,27644,12091,2.29,48.71%,64.43%,-0.121527,2026-08-06
CELH,23.77,2026-10-16,71,Call,25.00,-5.17%,1.87,1.96,2.2,683,298,2.29,53.50%,59.26%,0.486126,2026-08-06
APP,335.67,2026-09-18,43,Call,400.00,-19.16%,9.7,10.3,10.5,832,363,2.29,64.65%,64.29%,0.253159,2026-08-06
VST,141.38,2026-09-18,43,Call,155.00,-9.63%,5.25,5.4,5.65,1026,448,2.29,53.35%,53.17%,0.346871,2026-08-06
TEAM,110.17,2026-09-18,43,Call,95.00,+13.77%,21,21.9,22.1,1874,817,2.29,96.75%,87.59%,0.744645,2026-08-06
AMAT,527.48,2026-08-14,8,Put,400.00,-24.17%,0.4,0.75,1.05,543,238,2.28,79.98%,98.25%,-0.023896,2026-08-06
SNDK,1258.58,2026-08-14,8,Call,"1,750.00",-39.05%,2.1,2.98,3.4,651,286,2.28,101.13%,116.32%,0.034129,2026-08-06
WDC,451.52,2026-08-14,8,Put,400.00,-11.41%,4.85,5.45,5.95,738,324,2.28,84.25%,89.23%,-0.161439,2026-08-06
IOVA,6.21,2026-08-21,15,Call,6.50,-4.67%,0.35,0.39,0.4,1669,732,2.28,101.76%,98.08%,0.451182,2026-08-06
BCS,28.18,2027-01-15,162,Call,12.00,+57.42%,15.9,16.3,16.8,2600,1139,2.28,32.47%,86.22%,0.960809,2026-08-06
RIOT,21.21,2026-08-07,1,Call,22.00,-3.72%,0.27,0.28,0.35,5385,2361,2.28,102.93%,138.97%,0.320938,2026-08-06
TTD,17.67,2026-08-07,1,Put,14.50,-17.94%,0.14,0.16,0.17,3137,1379,2.27,87.19%,319.39%,-0.102586,2026-08-06
NVDA,218.99,2026-08-14,8,Call,217.50,+0.68%,5.5,5.52,5.65,5909,2607,2.27,40.12%,36.56%,0.565901,2026-08-06
TE,5.55,2026-08-07,1,Call,6.00,-8.11%,0.15,0.18,0.2,9092,4007,2.27,161.32%,295.20%,0.334782,2026-08-06
QBTS,19.41,2026-08-07,1,Put,19.00,-2.11%,0.19,0.22,0.24,1128,497,2.27,88.33%,95.94%,-0.327477,2026-08-06
NBIS,189.88,2026-08-14,8,Put,190.00,+0.06%,17.3,17.75,18.05,1704,751,2.27,129.01%,158.04%,-0.453431,2026-08-06
META,589.9,2026-08-21,15,Call,910.00,-54.26%,0.02,0.15,0.57,527,233,2.26,37.16%,86.78%,0.008941,2026-08-06
RDW,11.83,2026-09-18,43,Put,11.00,-7.02%,1.1,1.22,1.3,533,236,2.26,105.87%,103.04%,-0.347359,2026-08-06
CBRS,211.3,2026-08-07,1,Put,205.00,-2.98%,2.3,3,3.5,554,245,2.26,116.19%,126.36%,-0.311327,2026-08-06
BA,232.19,2026-08-07,1,Put,237.50,+2.29%,4.6,4.69,7.55,617,273,2.26,31.90%,53.10%,-0.787975,2026-08-06
UMC,19.2,2026-08-21,15,Put,25.00,+30.21%,5.7,5.8,6.2,674,298,2.26,85.00%,91.18%,-0.907811,2026-08-06
FIG,23.97,2026-08-21,15,Call,24.00,-0.13%,1.23,1.56,1.85,776,343,2.26,82.98%,79.39%,0.532663,2026-08-06
SNDK,1258.58,2026-08-07,1,Call,"1,380.00",-9.65%,3.4,3.9,4,995,440,2.26,101.13%,130.45%,0.094532,2026-08-06
OXY,56.04,2026-08-28,22,Call,60.00,-7.07%,0.65,0.76,0.78,2548,1128,2.26,34.89%,37.31%,0.24548,2026-08-06
TTD,17.67,2026-08-07,1,Call,20.50,-16.02%,0.22,0.47,0.47,2963,1309,2.26,87.19%,326.48%,0.216694,2026-08-06
MRVL,210.54,2026-08-07,1,Put,200.00,-5.01%,1.01,1.13,1.19,3747,1658,2.26,90.38%,106.46%,-0.170756,2026-08-06
NVDA,218.99,2026-08-14,8,Put,215.00,-1.82%,2.97,3,3.05,4870,2154,2.26,40.12%,37.41%,-0.35553,2026-08-06
META,589.9,2026-08-07,1,Call,595.00,-0.86%,3.05,3.2,3.3,4961,2196,2.26,37.16%,43.02%,0.356777,2026-08-06
SPCX,114.92,2026-08-14,8,Call,115.00,-0.07%,6.45,6.52,6.6,11681,5165,2.26,85.45%,96.14%,0.528645,2026-08-06
NBIS,189.88,2026-08-07,1,Call,225.00,-18.50%,0.13,0.14,0.25,3575,1592,2.25,129.01%,168.53%,0.030154,2026-08-06
NFLX,73.69,2026-08-07,1,Call,74.00,-0.42%,0.42,0.43,0.44,20433,9099,2.25,34.04%,36.88%,0.419673,2026-08-06
CVX,189.23,2026-08-14,8,Put,190.00,+0.41%,3.35,3.57,3.8,533,237,2.25,27.13%,28.37%,-0.529951,2026-08-06
SNDK,1258.58,2026-08-14,8,Put,750.00,-40.41%,0.3,0.55,0.65,576,256,2.25,101.13%,142.77%,-0.005265,2026-08-06
SHOP,147.44,2026-08-07,1,Call,147.00,+0.30%,2.05,1.94,2.32,797,355,2.25,50.03%,63.42%,0.543655,2026-08-06
RDW,11.83,2026-09-18,43,Call,13.00,-9.89%,1.25,1.29,1.35,1168,520,2.25,105.87%,106.93%,0.47544,2026-08-06
NBIS,189.88,2026-08-14,8,Call,210.00,-10.60%,10.25,10.55,10.8,1998,887,2.25,129.01%,160.16%,0.380978,2026-08-06
FUBO,8.99,2026-09-11,36,Call,1.00,+88.88%,7.55,8.18,8.8,527,235,2.24,80.40%,539.51%,0.984048,2026-08-06
AMD,489.28,2026-08-10,4,Call,520.00,-6.28%,2.62,3.02,3.15,588,262,2.24,65.32%,60.42%,0.177514,2026-08-06
RCAT,8.67,2026-08-07,1,Put,8.50,-1.96%,0.38,0.42,0.45,601,268,2.24,117.22%,276.79%,-0.416943,2026-08-06
SKHY,143.53,2026-08-07,1,Call,143.00,+0.37%,3.5,3.8,4.3,686,306,2.24,97.06%,121.08%,0.536507,2026-08-06
AAPL,312.41,2026-08-14,8,Put,335.00,+7.23%,21.6,23.03,24.15,916,409,2.24,25.24%,31.15%,-0.936335,2026-08-06
ABNB,151.64,2026-08-07,1,Call,152.50,-0.57%,4.2,4.65,4.9,1000,447,2.24,43.09%,156.29%,0.489219,2026-08-06
FDX,315.87,2026-09-18,43,Call,340.00,-7.64%,4.05,4.62,5.4,1221,546,2.24,29.00%,29.55%,0.257372,2026-08-06
SMCI,29.38,2026-08-14,8,Put,30.00,+2.11%,2.5,2.5,2.59,2132,951,2.24,96.39%,127.57%,-0.505147,2026-08-06
NOW,117.35,2026-08-07,1,Put,115.00,-2.00%,0.86,0.91,0.95,2388,1066,2.24,57.65%,76.30%,-0.298493,2026-08-06
AAPL,312.41,2026-08-12,6,Call,317.50,-1.63%,1.78,1.84,1.94,3011,1342,2.24,25.24%,23.77%,0.30939,2026-08-06
PZZA,24.64,2026-09-18,43,Call,35.00,-42.05%,0.15,0.2,0.3,3877,1730,2.24,51.82%,70.69%,0.089303,2026-08-06
ECHO,87.03,2026-08-21,15,Put,140.00,+60.86%,50.9,52.7,54.8,6040,2700,2.24,56.67%,100.67%,-0.994525,2026-08-06
NVDA,218.99,2026-08-10,4,Call,230.00,-5.03%,0.21,0.2,0.23,13663,6114,2.23,40.12%,31.23%,0.070285,2026-08-06
SNDK,1258.58,2026-08-21,15,Put,"1,120.00",-11.01%,44.6,47.2,47.9,684,307,2.23,101.13%,105.66%,-0.255323,2026-08-06
UNH,403.97,2026-08-14,8,Put,280.00,-30.69%,0.01,0.13,0.81,667,300,2.22,28.69%,119.37%,-0.015227,2026-08-06
NBIS,189.88,2026-08-28,22,Put,120.00,-36.80%,2.05,2.04,2.2,712,321,2.22,129.01%,139.75%,-0.064892,2026-08-06
HHH,68.05,2026-12-18,134,Call,75.00,-10.21%,2.1,3,3.2,769,347,2.22,28.95%,29.55%,0.353927,2026-08-06
QCOM,160.39,2026-08-28,22,Call,185.00,-15.34%,1.7,2.02,2.12,902,407,2.22,53.79%,56.62%,0.170405,2026-08-06
AAPL,312.41,2026-08-12,6,Call,330.00,-5.63%,0.25,0.26,0.27,1174,529,2.22,25.24%,26.59%,0.057763,2026-08-06
NBIS,189.88,2026-08-14,8,Call,260.00,-36.93%,2.5,2.57,2.91,1601,722,2.22,129.01%,167.74%,0.127498,2026-08-06
QBTS,19.41,2026-10-16,71,Call,27.00,-39.10%,0.95,1.22,1.55,1643,740,2.22,88.33%,96.94%,0.293922,2026-08-06
SBET,6.29,2027-01-15,162,Call,5.00,+20.51%,2.08,2.08,2.12,5352,2415,2.22,89.17%,88.93%,0.761933,2026-08-06
CLOV,4.66,2026-08-21,15,Call,4.50,+3.43%,0.25,0.3,0.4,7894,3561,2.22,68.07%,62.78%,0.636799,2026-08-06
RKLB,75.67,2026-08-07,1,Call,77.00,-1.76%,1.06,1.12,1.18,3298,1491,2.21,99.58%,106.67%,0.388817,2026-08-06
PLTR,155.92,2026-08-07,1,Call,157.50,-1.01%,1.37,1.37,1.4,19366,8781,2.21,48.71%,63.39%,0.388073,2026-08-06
WDC,451.52,2026-08-14,8,Put,460.00,+1.88%,26.5,27.49,29.7,622,282,2.21,84.25%,88.48%,-0.528722,2026-08-06
SNDK,1258.58,2026-08-07,1,Put,"1,120.00",-11.01%,1.65,2.03,2.25,653,295,2.21,101.13%,138.48%,-0.04978,2026-08-06
GM,86.94,2026-08-07,1,Put,86.00,-1.08%,0.35,0.36,0.4,784,354,2.21,32.69%,41.86%,-0.304913,2026-08-06
AMD,489.28,2026-08-07,1,Put,472.50,-3.43%,2.01,2.28,2.29,905,410,2.21,65.32%,78.27%,-0.190893,2026-08-06
NN,15,2026-09-18,43,Put,16.00,+6.67%,2.4,2.65,3.4,1020,462,2.21,128.99%,114.08%,-0.484564,2026-08-06
PYPL,59.78,2026-08-21,15,Call,61.00,-2.04%,0.98,1.03,1.03,1640,741,2.21,29.78%,30.99%,0.392431,2026-08-06
UPST,29.71,2026-08-21,15,Put,30.00,+0.98%,1.43,1.63,1.8,1642,744,2.21,64.61%,61.63%,-0.502489,2026-08-06
SOUN,7.08,2026-08-28,22,Put,6.00,-15.25%,0.15,0.16,0.2,1714,777,2.21,78.51%,87.79%,-0.188145,2026-08-06
QXO,15.18,2026-08-28,22,Put,15.00,-1.19%,0.8,0.85,1,771,350,2.2,69.13%,67.87%,-0.434336,2026-08-06
CORZ,21.05,2026-12-18,134,Put,15.00,-28.74%,1.11,1.34,1.71,2478,1127,2.2,82.92%,87.93%,-0.177516,2026-08-06
JOBY,8.23,2026-08-14,8,Call,9.00,-9.36%,0.13,0.16,0.16,2603,1182,2.2,75.52%,82.88%,0.254236,2026-08-06
GOOG,356.62,2026-08-07,1,Put,357.50,+0.25%,2.73,2.91,2.99,3448,1564,2.2,30.84%,32.33%,-0.552851,2026-08-06
SNDK,1258.58,2026-08-07,1,Put,"1,100.00",-12.60%,1.1,1.3,1.3,5455,2475,2.2,101.13%,141.83%,-0.031985,2026-08-06
TSLA,319.53,2026-08-14,8,Call,325.00,-1.71%,5.65,5.64,5.75,7525,3419,2.2,42.15%,42.26%,0.410073,2026-08-06
MU,881.47,2026-08-07,1,Call,850.00,+3.57%,34.6,35.41,37.1,4095,1870,2.19,77.92%,83.63%,0.803643,2026-08-06
DKNG,22.17,2026-08-07,1,Call,23.00,-3.74%,0.75,0.85,0.85,4677,2131,2.19,67.85%,247.77%,0.413778,2026-08-06
SNDK,1258.58,2026-08-07,1,Put,"1,170.00",-7.04%,6.1,6.39,6.4,673,308,2.19,101.13%,132.00%,-0.137367,2026-08-06
BA,232.19,2028-12-15,862,Call,230.00,+0.94%,64,65.7,69.95,806,368,2.19,31.90%,49.83%,0.625709,2026-08-06
CSCO,120.88,2026-08-21,15,Call,124.00,-2.58%,4,4.38,4.9,884,403,2.19,48.39%,58.97%,0.441825,2026-08-06
NVDA,218.99,2026-08-17,11,Call,227.50,-3.89%,2.08,2.24,2.15,1029,470,2.19,40.12%,34.00%,0.274128,2026-08-06
AKAM,118.55,2026-08-21,15,Put,90.00,-24.08%,0.65,1.4,1.5,1092,498,2.19,82.21%,107.22%,-0.083379,2026-08-06
OKLO,42.19,2026-08-07,1,Call,42.50,-0.73%,1.51,1.7,1.79,1803,823,2.19,94.70%,203.54%,0.494205,2026-08-06
TSM,418.2,2026-08-14,8,Call,440.00,-5.21%,3.1,3.26,3.45,1836,839,2.19,42.55%,42.60%,0.222355,2026-08-06
QCOM,160.39,2026-11-20,106,Call,175.00,-9.11%,13.85,14.6,15.05,521,239,2.18,53.79%,57.88%,0.4537,2026-08-06
WDC,451.52,2026-08-07,1,Call,520.00,-15.17%,0.1,0.22,0.48,589,270,2.18,84.25%,134.76%,0.024701,2026-08-06
PAAS,48.05,2026-11-20,106,Put,45.00,-6.35%,3.1,3.7,4.3,901,414,2.18,55.48%,52.39%,-0.346221,2026-08-06
DDOG,229.29,2026-09-18,43,Call,250.00,-9.03%,10.3,10.6,11,1306,599,2.18,57.17%,57.73%,0.376248,2026-08-06
AKAM,118.55,2026-08-21,15,Put,120.00,+1.22%,10.2,11.1,12.3,2011,922,2.18,82.21%,110.09%,-0.475166,2026-08-06
MSFT,499.86,2026-08-14,8,Call,520.00,-4.03%,2.5,2.65,2.7,3430,1574,2.18,29.58%,31.07%,0.205464,2026-08-06
TTD,17.67,2026-08-07,1,Put,17.00,-3.79%,0.92,0.92,0.96,5322,2448,2.17,87.19%,345.06%,-0.380249,2026-08-06
TTD,17.67,2026-08-07,1,Call,20.00,-13.19%,0.52,0.55,0.59,10536,4852,2.17,87.19%,363.87%,0.289549,2026-08-06
ET,20.67,2026-08-28,22,Call,19.00,+8.08%,0.94,2.34,2.56,560,258,2.17,19.21%,31.05%,0.873986,2026-08-06
NVDA,218.99,2026-08-12,6,Call,232.50,-6.17%,0.45,0.47,0.49,763,352,2.17,40.12%,35.63%,0.100905,2026-08-06
CHYM,31.25,2028-01-21,533,Put,7.50,-76.00%,0.4,0.5,0.85,943,434,2.17,60.46%,91.69%,-0.029444,2026-08-06
WMT,112.07,2026-08-07,1,Put,113.00,+0.83%,1.17,1.76,1.33,1122,518,2.17,32.45%,29.50%,-0.699985,2026-08-06
MRVL,210.54,2026-08-14,8,Put,180.00,-14.51%,1.39,1.6,1.74,1420,655,2.17,90.38%,90.98%,-0.108198,2026-08-06
ABNB,151.64,2026-08-07,1,Put,150.00,-1.08%,4.15,4.53,4.6,1988,917,2.17,43.09%,163.90%,-0.432252,2026-08-06
SBSW,9.89,2027-01-15,162,Call,11.00,-11.22%,1.15,1.2,1.2,2222,1025,2.17,65.29%,65.16%,0.456241,2026-08-06
MU,881.47,2026-08-10,4,Call,870.00,+1.30%,29.45,31.06,31.7,660,305,2.16,77.92%,66.24%,0.590649,2026-08-06
MO,67.75,2026-08-14,8,Call,70.00,-3.32%,0.12,0.26,0.3,897,415,2.16,25.30%,23.19%,0.171269,2026-08-06
TSLA,319.53,2026-08-14,8,Call,332.50,-4.06%,3.4,3.44,3.5,983,455,2.16,42.15%,43.15%,0.281427,2026-08-06
FIG,23.97,2026-09-04,29,Put,20.00,-16.56%,0.43,0.65,0.7,984,456,2.16,82.98%,79.41%,-0.175558,2026-08-06
META,589.9,2027-12-17,498,Call,"1,100.00",-86.47%,25.55,26.8,29.15,2892,1339,2.16,37.16%,44.58%,0.199711,2026-08-06
TSLA,319.53,2026-08-07,1,Call,330.00,-3.28%,0.44,0.45,0.46,47288,21871,2.16,42.15%,50.00%,0.112165,2026-08-06
T,23.71,2026-08-28,22,Put,22.00,-7.21%,0.09,0.11,0.15,572,266,2.15,26.42%,28.66%,-0.137296,2026-08-06
TSLA,319.53,2026-08-14,8,Call,342.50,-7.19%,1.67,1.7,1.71,606,282,2.15,42.15%,44.63%,0.157286,2026-08-06
COIN,145.41,2026-08-07,1,Put,177.50,+22.07%,31.9,32.2,32.35,642,298,2.15,67.58%,162.70%,-0.989688,2026-08-06
AAPL,312.41,2026-08-10,4,Put,302.50,-3.17%,0.25,0.3,0.3,1225,571,2.15,25.24%,22.48%,-0.081449,2026-08-06
AMD,489.28,2026-08-14,8,Call,560.00,-14.45%,2.5,2.69,3.05,802,374,2.14,65.32%,72.06%,0.114157,2026-08-06
SPCX,114.92,2026-08-14,8,Put,114.00,-0.80%,6,6.07,6.05,1194,557,2.14,85.45%,96.46%,-0.447412,2026-08-06
INTC,99.81,2026-08-10,4,Call,100.00,-0.19%,2.5,2.6,2.69,1617,757,2.14,77.74%,64.07%,0.504079,2026-08-06
NVO,45.97,2026-08-28,22,Call,50.00,-8.77%,0.36,0.34,0.42,1806,844,2.14,34.50%,36.69%,0.180706,2026-08-06
CLSK,12.75,2026-08-07,1,Call,13.50,-5.88%,0.2,0.24,0.25,2237,1044,2.14,99.58%,188.08%,0.297894,2026-08-06
AMD,489.28,2026-08-14,8,Call,485.00,+0.87%,21.75,22.5,22.95,555,261,2.13,65.32%,69.33%,0.55752,2026-08-06
NEE,84.6,2027-06-17,315,Call,90.00,-6.38%,4.45,5.7,8.05,604,283,2.13,22.42%,26.44%,0.452774,2026-08-06
ORCL,143.47,2026-09-11,36,Call,160.00,-11.52%,6.5,7.32,7.85,606,285,2.13,70.20%,72.83%,0.361758,2026-08-06
SYM,39.6,2026-08-07,1,Put,41.00,+3.54%,0.6,1.4,1.85,630,296,2.13,65.18%,26.13%,-0.99904,2026-08-06
BE,228.96,2026-08-07,1,Put,240.00,+4.82%,13.05,13.95,15,778,366,2.13,113.80%,147.45%,-0.715938,2026-08-06
ONDS,8.74,2026-08-07,1,Put,9.00,+2.97%,0.34,0.37,0.4,1765,829,2.13,104.95%,116.71%,-0.673014,2026-08-06
BRK.B,524.61,2026-08-07,1,Call,530.00,-1.03%,0.43,0.57,0.65,2004,941,2.13,16.70%,20.72%,0.17669,2026-08-06
TSLA,319.53,2026-08-14,8,Call,322.50,-0.93%,6.65,6.65,6.75,3321,1556,2.13,42.15%,42.13%,0.458424,2026-08-06
SNDK,1258.58,2026-08-07,1,Put,"1,150.00",-8.63%,3.7,4.08,4.2,3722,1745,2.13,101.13%,134.07%,-0.093056,2026-08-06
AAPL,312.41,2026-08-14,8,Call,312.50,-0.03%,4.3,4.68,4.8,4759,2234,2.13,25.24%,24.30%,0.511926,2026-08-06
NFLX,73.69,2026-08-07,1,Put,74.00,+0.42%,0.7,0.73,0.76,5682,2665,2.13,34.04%,36.66%,-0.581313,2026-08-06
XOM,154.84,2026-08-14,8,Call,160.00,-3.33%,1.02,1.04,1.07,3389,1597,2.12,29.14%,31.42%,0.249091,2026-08-06
FBIN,50.35,2026-08-21,15,Put,50.00,-0.70%,1.45,1.65,2.4,3905,1839,2.12,48.27%,52.05%,-0.450407,2026-08-06
SOUN,7.08,2026-08-14,8,Call,8.00,-12.99%,0.1,0.11,0.12,5250,2482,2.12,78.51%,93.85%,0.210643,2026-08-06
DELL,437.65,2026-08-21,15,Call,500.00,-14.25%,8.6,9,9.5,7588,3577,2.12,86.74%,80.63%,0.234006,2026-08-06
SPCX,114.92,2026-08-07,1,Put,111.00,-3.41%,1.42,1.51,1.48,10111,4760,2.12,85.45%,127.93%,-0.290076,2026-08-06
FN,543.95,2026-11-20,106,Call,"1,060.00",-94.87%,11.5,16,19.1,578,273,2.12,97.18%,91.13%,0.137657,2026-08-06
AVGO,420.57,2026-08-07,1,Call,442.50,-5.21%,0.18,0.23,0.2,841,397,2.12,51.68%,54.76%,0.0395,2026-08-06
BMY,64.15,2027-03-19,225,Put,65.00,+1.33%,6.65,6.95,7.25,924,435,2.12,27.57%,33.09%,-0.46015,2026-08-06
MU,881.47,2026-08-07,1,Call,985.00,-11.75%,0.21,0.2,0.27,1038,489,2.12,77.92%,96.92%,0.015331,2026-08-06
BE,228.96,2026-09-04,29,Call,235.00,-2.64%,26.35,27.2,27.85,1079,510,2.12,113.80%,114.54%,0.535736,2026-08-06
DASH,213.26,2026-08-07,1,Put,195.00,-8.56%,0,0.31,0.08,1243,586,2.12,46.03%,77.64%,-0.013042,2026-08-06
NFLX,73.69,2026-08-21,15,Put,90.00,+22.13%,15.1,16.2,16.75,1598,753,2.12,34.04%,48.03%,-0.986622,2026-08-06
MPLX,60.42,2026-09-18,43,Call,65.00,-7.58%,0.1,0.14,0.15,2161,1020,2.12,20.50%,15.93%,0.084505,2026-08-06
AAPL,312.41,2026-08-17,11,Call,325.00,-4.03%,0.47,1.3,1.57,769,364,2.11,25.24%,22.17%,0.163156,2026-08-06
UPS,103.2,2026-08-21,15,Put,103.00,-0.19%,2.57,2.7,3.2,817,388,2.11,27.03%,35.23%,-0.479523,2026-08-06
SNDK,1258.58,2026-08-07,1,Call,"1,425.00",-13.22%,1.2,1.52,1.7,980,465,2.11,101.13%,134.02%,0.041475,2026-08-06
ORCL,143.47,2026-08-21,15,Put,127.00,-11.48%,1.32,1.42,1.5,1600,759,2.11,70.20%,61.05%,-0.145882,2026-08-06
HBM,26.31,2026-08-21,15,Call,30.00,-14.03%,0.25,0.4,0.45,2031,962,2.11,65.44%,67.35%,0.188745,2026-08-06
BROS,53.33,2026-10-16,71,Put,50.00,-6.24%,2.4,2.75,2.95,608,290,2.1,47.11%,47.02%,-0.329073,2026-08-06
ARM,286.68,2026-08-07,1,Call,285.00,+0.59%,6.5,7.08,7.6,615,293,2.1,82.88%,103.20%,0.554752,2026-08-06
TSLA,319.53,2026-08-14,8,Put,312.50,-2.20%,4.5,4.65,4.6,914,435,2.1,42.15%,40.93%,-0.341394,2026-08-06
MSFT,499.86,2026-08-21,15,Put,480.00,-3.97%,4.5,4.75,4.9,6945,3310,2.1,29.58%,31.06%,-0.244403,2026-08-06
C,133.82,2026-08-07,1,Put,134.00,+0.13%,1.02,1.07,1.17,553,265,2.09,28.68%,35.97%,-0.52383,2026-08-06
CIFR,18.21,2026-08-14,8,Put,15.00,-17.63%,0.03,0.18,0.24,625,299,2.09,113.99%,106.32%,-0.09419,2026-08-06
TSLA,319.53,2026-08-10,4,Call,310.00,+2.98%,10.5,10.3,11.15,643,307,2.09,42.15%,33.63%,0.813046,2026-08-06
GLW,157.18,2026-08-07,1,Put,152.50,-2.98%,0.92,1.14,1.25,934,447,2.09,76.42%,87.68%,-0.247221,2026-08-06
SPCX,114.92,2026-08-14,8,Put,106.00,-7.76%,2.59,2.7,2.68,1455,695,2.09,85.45%,93.79%,-0.25577,2026-08-06
MSFT,499.86,2026-08-07,1,Put,477.50,-4.47%,0.1,0.14,0.14,2164,1037,2.09,29.58%,45.46%,-0.026289,2026-08-06
SPCX,114.92,2026-08-28,22,Call,130.00,-13.12%,5,4.95,5.15,2296,1100,2.09,85.45%,91.41%,0.334495,2026-08-06
AMD,489.28,2026-08-14,8,Put,425.00,-13.14%,1.91,2.09,2.3,2364,1130,2.09,65.32%,72.22%,-0.08414,2026-08-06
ARDX,4.87,2026-08-21,15,Call,5.00,-2.67%,0.35,0.4,0.4,2567,1228,2.09,84.04%,108.93%,0.499144,2026-08-06
STX,852.95,2026-08-14,8,Call,950.00,-11.38%,11.8,16.3,17.8,582,280,2.08,87.89%,91.28%,0.234314,2026-08-06
NBIS,189.88,2026-08-28,22,Put,130.00,-31.54%,2.97,3.2,3.5,731,351,2.08,129.01%,135.36%,-0.094711,2026-08-06
BAC,63,2026-08-07,1,Put,64.00,+1.59%,0.98,1.08,1.14,814,391,2.08,20.79%,27.33%,-0.862772,2026-08-06
CCL,28.79,2026-08-21,15,Call,24.00,+16.64%,3.65,5.3,6.1,975,468,2.08,41.03%,56.97%,0.948583,2026-08-06
RCAT,8.67,2026-08-07,1,Put,8.00,-7.73%,0.18,0.22,0.23,1187,570,2.08,117.22%,267.84%,-0.259629,2026-08-06
WDC,451.52,2026-08-07,1,Put,430.00,-4.77%,1.82,2.7,2.75,1283,616,2.08,84.25%,101.88%,-0.172549,2026-08-06
BMNR,18.3,2026-08-14,8,Put,18.00,-1.64%,0.65,0.66,0.71,1302,627,2.08,77.34%,77.19%,-0.417913,2026-08-06
GEO,30.14,2026-09-18,43,Call,32.00,-6.17%,1.05,2,1.5,1567,752,2.08,48.68%,48.79%,0.391903,2026-08-06
IREN,37.93,2026-08-07,1,Put,41.00,+8.09%,2.68,3.18,3.7,1588,764,2.08,110.29%,118.60%,-0.889297,2026-08-06
SMCI,29.38,2026-08-14,8,Put,28.00,-4.70%,1.34,1.45,1.5,1597,767,2.08,96.39%,120.87%,-0.358631,2026-08-06
AMZN,272.26,2026-08-07,1,Put,290.00,+6.52%,17.45,18.3,18.3,1902,913,2.08,30.81%,68.04%,-0.96095,2026-08-06
PLTR,155.92,2026-08-07,1,Call,155.00,+0.59%,2.56,2.58,2.61,17964,8636,2.08,48.71%,64.21%,0.57765,2026-08-06
META,589.9,2026-08-07,1,Call,610.00,-3.41%,0.51,0.54,0.57,10171,4909,2.07,37.16%,45.92%,0.084029,2026-08-06
ARM,286.68,2026-08-07,1,Call,297.50,-3.77%,2.16,2.47,2.43,538,260,2.07,82.88%,102.79%,0.25464,2026-08-06
RKLB,75.67,2026-08-07,1,Call,84.00,-11.01%,0.04,0.12,0.18,1384,670,2.07,99.58%,122.18%,0.054854,2026-08-06
EQNR,39.46,2026-09-18,43,Put,37.00,-6.23%,1,1.1,1.25,736,358,2.06,39.66%,41.02%,-0.296699,2026-08-06
AMD,489.28,2026-08-07,1,Call,527.50,-7.81%,0.33,0.37,0.48,1398,680,2.06,65.32%,84.19%,0.04623,2026-08-06
QCOM,160.39,2026-08-07,1,Call,162.50,-1.32%,1.03,1.11,1.21,1786,867,2.06,53.79%,59.28%,0.342883,2026-08-06
CRWD,207.39,2026-08-07,1,Put,200.00,-3.56%,0.56,0.56,0.68,2403,1165,2.06,61.32%,69.61%,-0.154649,2026-08-06
MU,881.47,2026-08-10,4,Call,"1,000.00",-13.45%,1.27,1.32,1.4,3518,1711,2.06,77.92%,71.37%,0.049864,2026-08-06
INTC,99.81,2026-08-07,1,Call,107.00,-7.20%,0.15,0.19,0.18,6484,3146,2.06,77.74%,91.87%,0.077689,2026-08-06
AMZN,272.26,2026-08-07,1,Call,275.00,-1.01%,1.01,1.04,1.05,31516,15265,2.06,30.81%,37.03%,0.307854,2026-08-06
META,589.9,2026-08-07,1,Call,605.00,-2.56%,0.95,0.99,1.06,2769,1353,2.05,37.16%,44.71%,0.1435,2026-08-06
NOW,117.35,2026-08-21,15,Call,116.00,+1.15%,6.1,6.2,6.3,690,336,2.05,57.65%,57.35%,0.567691,2026-08-06
ASB,31.16,2026-09-18,43,Call,30.00,+3.72%,1.65,1.75,1.85,782,382,2.05,31.81%,25.36%,0.685012,2026-08-06
SPCX,114.92,2026-08-21,15,Call,122.00,-6.16%,5.85,5.55,6,1017,497,2.05,85.45%,93.71%,0.416084,2026-08-06
WRBY,26.96,2026-09-18,43,Put,25.00,-7.27%,1.4,2.05,1.65,1018,496,2.05,68.37%,68.22%,-0.324585,2026-08-06
PYPL,59.78,2026-08-14,8,Call,61.00,-2.04%,0.55,0.61,0.64,1519,741,2.05,29.78%,30.46%,0.339952,2026-08-06
DKNG,22.17,2026-08-07,1,Put,20.00,-9.79%,0.28,0.28,0.29,1548,756,2.05,67.85%,233.18%,-0.182514,2026-08-06
RMD,223.24,2026-08-21,15,Call,240.00,-7.51%,4.1,4.1,6,506,248,2.04,47.13%,61.31%,0.304201,2026-08-06
HIMS,29.66,2026-08-14,8,Call,30.50,-2.83%,1.77,2.01,2.01,1116,547,2.04,97.50%,128.29%,0.480893,2026-08-06
AMD,489.28,2026-08-14,8,Call,490.00,-0.15%,19,19.9,19.95,1120,548,2.04,65.32%,67.97%,0.51739,2026-08-06
MRVL,210.54,2026-08-07,1,Call,217.50,-3.31%,1.69,2.3,2.27,1517,744,2.04,90.38%,104.05%,0.284932,2026-08-06
MU,881.47,2026-08-07,1,Put,815.00,-7.54%,0.79,0.9,0.9,1585,778,2.04,77.92%,91.16%,-0.047574,2026-08-06
CRWV,85.33,2028-01-21,533,Put,90.00,+5.47%,33.8,34.35,35.95,1706,835,2.04,102.98%,87.71%,-0.307708,2026-08-06
TTD,17.67,2026-08-07,1,Put,15.50,-12.28%,0.33,0.35,0.37,1962,963,2.04,87.19%,322.88%,-0.194774,2026-08-06
WDC,451.52,2026-08-07,1,Put,400.00,-11.41%,0.25,0.33,0.35,2379,1166,2.04,84.25%,121.92%,-0.026694,2026-08-06
MU,881.47,2026-08-07,1,Call,865.00,+1.87%,23.9,26.5,25.9,2428,1189,2.04,77.92%,83.44%,0.675812,2026-08-06
MU,881.47,2026-08-07,1,Call,885.00,-0.40%,13.75,13.75,14.6,4196,2067,2.03,77.92%,85.89%,0.474376,2026-08-06
RKLB,75.67,2026-08-07,1,Call,80.00,-5.72%,0.4,0.41,0.46,40117,19797,2.03,99.58%,113.02%,0.181538,2026-08-06
B,41.37,2027-01-15,162,Put,34.00,-17.81%,1.45,1.55,1.81,623,307,2.03,44.88%,45.07%,-0.201771,2026-08-06
ABNB,151.64,2026-08-07,1,Put,148.00,-2.40%,3.15,3.35,3.6,762,376,2.03,43.09%,159.58%,-0.369297,2026-08-06
SPCX,114.92,2026-08-21,15,Call,111.00,+3.41%,10.05,10.02,10.6,770,380,2.03,85.45%,89.08%,0.614389,2026-08-06
ARM,286.68,2026-08-07,1,Call,295.00,-2.90%,2.74,3,3.15,906,447,2.03,82.88%,102.66%,0.307201,2026-08-06
NVDA,218.99,2026-08-21,15,Put,222.50,+1.60%,8.25,8.32,8.4,1543,761,2.03,40.12%,36.81%,-0.56492,2026-08-06
ASTS,67.36,2026-08-07,1,Call,73.00,-8.37%,0.2,0.23,0.26,2291,1129,2.03,106.58%,123.06%,0.112252,2026-08-06
NEE,84.6,2026-12-18,134,Put,92.50,+9.34%,8.75,8.7,10.85,513,254,2.02,22.42%,24.23%,-0.69738,2026-08-06
BAC,63,2026-08-07,1,Call,47.00,+25.40%,15.1,16.08,17.45,609,302,2.02,20.79%,362.77%,0.949271,2026-08-06
BNTX,91.19,2026-08-21,15,Call,100.00,-9.66%,0.5,0.64,0.8,824,408,2.02,36.33%,44.80%,0.15627,2026-08-06
TSLA,319.53,2026-08-21,15,Call,322.50,-0.93%,9.65,9.68,9.75,865,428,2.02,42.15%,42.03%,0.48066,2026-08-06
CLS,314.53,2026-08-07,1,Call,325.00,-3.33%,0.65,0.35,2.4,1002,495,2.02,70.55%,77.07%,0.214999,2026-08-06
UBER,70.47,2026-08-07,1,Put,69.00,-2.09%,0.13,0.14,0.16,2320,1148,2.02,34.02%,42.87%,-0.169852,2026-08-06
IONQ,39.72,2026-08-14,8,Call,42.00,-5.74%,1.14,1.28,1.35,546,272,2.01,87.30%,90.76%,0.366048,2026-08-06
ABNB,151.64,2026-08-14,8,Call,160.00,-5.51%,2.76,3,3,593,295,2.01,43.09%,66.77%,0.313655,2026-08-06
NVDA,218.99,2026-08-12,6,Put,222.50,+1.60%,5.85,5.75,6,684,340,2.01,40.12%,35.35%,-0.625581,2026-08-06
CELH,23.77,2026-09-18,43,Call,25.00,-5.17%,1.12,1.35,1.34,694,346,2.01,53.50%,52.10%,0.433168,2026-08-06
NKE,42,2026-08-14,8,Call,42.50,-1.19%,0.61,0.64,0.7,744,371,2.01,35.83%,35.42%,0.420371,2026-08-06
MU,881.47,2026-08-10,4,Call,"1,050.00",-19.12%,0.35,0.35,0.44,760,379,2.01,77.92%,76.39%,0.01607,2026-08-06
DK,58.69,2026-08-21,15,Call,62.50,-6.49%,0.95,1,2.15,1005,501,2.01,60.98%,62.78%,0.335376,2026-08-06
MP,47.49,2026-08-07,1,Call,48.00,-1.07%,1.2,1.4,1.48,1484,738,2.01,75.15%,158.52%,0.465701,2026-08-06
ASPI,4.1,2026-09-04,29,Call,0.50,+87.80%,3.4,3.68,5.6,1487,738,2.01,130.13%,563.37%,0.983038,2026-08-06
RKLB,75.67,2026-08-07,1,Call,82.00,-8.37%,0.2,0.21,0.23,2012,1003,2.01,99.58%,117.02%,0.100367,2026-08-06
TTD,17.67,2026-08-07,1,Call,19.50,-10.36%,0.61,0.66,0.69,3289,1639,2.01,87.19%,355.14%,0.33115,2026-08-06
ASTS,67.36,2026-08-07,1,Call,72.00,-6.89%,0.28,0.31,0.38,3695,1836,2.01,106.58%,120.58%,0.153277,2026-08-06
UBER,70.47,2026-08-14,8,Call,70.00,+0.67%,1.65,1.76,1.82,4537,2255,2.01,34.02%,35.15%,0.567472,2026-08-06
SPCX,114.92,2026-08-07,1,Put,102.00,-11.24%,0.11,0.13,0.14,6310,3139,2.01,85.45%,131.42%,-0.038407,2026-08-06
PFE,26.2,2026-08-14,8,Call,26.50,-1.15%,0.18,0.19,0.19,15946,7922,2.01,20.02%,20.42%,0.352231,2026-08-06
NN,15,2026-08-21,15,Call,16.00,-6.67%,1,1.4,3.3,514,257,2,128.99%,209.95%,0.525768,2026-08-06
TSLA,319.53,2026-08-21,15,Put,440.00,+37.70%,120,121.2,120.9,658,329,2,42.15%,89.91%,-0.955399,2026-08-06
WDC,451.52,2026-08-14,8,Put,360.00,-20.27%,0.96,1.3,1.4,717,358,2,84.25%,93.61%,-0.04373,2026-08-06
BA,232.19,2026-08-07,1,Put,227.50,-2.02%,0.39,0.43,0.48,1168,584,2,31.90%,40.48%,-0.16505,2026-08-06
VALE,14.72,2026-12-18,134,Put,16.00,+8.70%,2.03,2.01,2.17,1190,594,2,32.99%,31.95%,-0.6476,2026-08-06
SG,5.87,2026-08-07,1,Call,6.00,-2.21%,0.4,0.5,0.5,2594,1299,2,108.79%,414.08%,0.503087,2026-08-06
BCS,28.18,2027-01-15,162,Call,10.00,+64.51%,18,18.19,18.4,2601,1298,2,32.47%,85.23%,0.986321,2026-08-06
IONQ,39.72,2026-08-07,1,Call,42.50,-7.00%,0.12,0.15,0.16,535,269,1.99,87.30%,109.97%,0.126125,2026-08-06
HSBC,102.56,2026-12-18,134,Call,100.00,+2.50%,7.9,8.13,10.2,1000,503,1.99,26.58%,30.23%,0.601585,2026-08-06
UBER,70.47,2026-08-14,8,Call,69.00,+2.09%,1.91,2.36,2.49,1093,549,1.99,34.02%,31.52%,0.68871,2026-08-06
BABA,126.81,2026-08-14,8,Call,145.00,-14.34%,0.1,0.12,0.16,1746,877,1.99,45.36%,49.35%,0.036174,2026-08-06
SNAP,5.22,2027-01-15,162,Put,15.00,+187.36%,9.6,9.74,9.95,2000,1006,1.99,52.92%,92.75%,-0.965809,2026-08-06
C,133.82,2026-08-07,1,Call,136.00,-1.63%,0.23,0.28,0.34,2045,1028,1.99,28.68%,36.40%,0.201574,2026-08-06
SPCX,114.92,2026-08-14,8,Put,113.00,-1.67%,5.4,5.5,5.55,2188,1100,1.99,85.45%,95.58%,-0.422904,2026-08-06
NVDA,218.99,2026-08-12,6,Put,207.50,-5.25%,0.66,0.67,0.7,821,415,1.98,40.12%,37.83%,-0.126026,2026-08-06
AMBA,83.79,2026-12-18,134,Put,95.00,+13.38%,16.3,18.91,21.3,992,500,1.98,85.28%,61.46%,-0.552563,2026-08-06
GOOGL,357.75,2026-08-14,8,Call,375.00,-4.82%,1.45,1.53,1.6,2576,1303,1.98,31.42%,32.15%,0.170987,2026-08-06
FIG,23.97,2026-08-07,1,Call,25.00,-4.30%,0.2,0.17,0.25,3489,1765,1.98,82.98%,118.37%,0.258945,2026-08-06
MSFT,499.86,2026-08-14,8,Call,500.00,-0.03%,9.05,9.65,9.65,5919,2983,1.98,29.58%,31.38%,0.512246,2026-08-06
U,40.81,2026-08-07,1,Call,41.50,-1.69%,0.48,0.66,0.81,3667,1858,1.97,65.20%,110.43%,0.397624,2026-08-06
TSLA,319.53,2026-08-07,1,Call,315.00,+1.42%,5.75,5.8,5.95,22895,11636,1.97,42.15%,45.90%,0.729255,2026-08-06
PG,146.97,2026-08-07,1,Call,147.00,-0.02%,0.37,0.75,0.8,785,399,1.97,20.95%,19.50%,0.494778,2026-08-06
MU,881.47,2026-08-07,1,Call,840.00,+4.70%,42.3,57,46,1266,642,1.97,77.92%,83.93%,0.868899,2026-08-06
GEVO,1.44,2026-08-21,15,Call,1.5000,-4.17%,0.1,0.13,0.15,1098,559,1.96,124.43%,128.45%,0.491677,2026-08-06
MP,47.49,2026-08-14,8,Call,55.00,-15.81%,0.47,0.6,0.66,1310,667,1.96,75.15%,95.54%,0.168096,2026-08-06
FBIN,50.35,2026-08-21,15,Put,45.00,-10.63%,0.2,0.45,0.45,2608,1331,1.96,48.27%,50.18%,-0.12271,2026-08-06
SPCX,114.92,2026-08-14,8,Call,145.00,-26.17%,0.86,0.87,0.92,7551,3852,1.96,85.45%,115.48%,0.102072,2026-08-06
SPCX,114.92,2026-08-07,1,Put,114.00,-0.80%,2.64,2.7,2.71,5834,2989,1.95,85.45%,130.49%,-0.439171,2026-08-06
GOOGL,357.75,2026-08-07,1,Call,360.00,-0.63%,1.58,1.62,1.68,11615,5959,1.95,31.42%,34.55%,0.369719,2026-08-06
SPCX,114.92,2026-08-07,1,Put,110.00,-4.28%,1.12,1.14,1.16,81839,41882,1.95,85.45%,126.87%,-0.243991,2026-08-06
CIFR,18.21,2026-08-14,8,Put,21.50,+18.07%,2.85,3.6,4.3,511,262,1.95,113.99%,115.43%,-0.811996,2026-08-06
DDOG,229.29,2026-08-07,1,Put,287.50,+25.39%,57.85,58.5,58.85,678,347,1.95,57.17%,201.96%,-0.981888,2026-08-06
CELH,23.77,2026-10-16,71,Call,27.50,-15.69%,1.08,1.13,1.2,690,353,1.95,53.50%,56.38%,0.332519,2026-08-06
SCHW,107.66,2026-08-14,8,Put,105.00,-2.47%,0.58,0.68,0.66,987,506,1.95,23.18%,25.95%,-0.247364,2026-08-06
AAPL,312.41,2026-08-14,8,Call,322.50,-3.23%,1.34,1.39,1.5,1440,738,1.95,25.24%,25.78%,0.213294,2026-08-06
CIFR,18.21,2026-08-07,1,Put,25.00,+37.29%,5.75,5.75,7.9,555,286,1.94,113.99%,314.98%,-0.96727,2026-08-06
UBER,70.47,2026-08-28,22,Call,75.00,-6.43%,0.69,0.94,1.01,693,358,1.94,34.02%,34.25%,0.250461,2026-08-06
ASTS,67.36,2026-09-18,43,Put,30.00,-55.46%,0.08,0.14,0.19,814,420,1.94,106.58%,116.19%,-0.012622,2026-08-06
SNDK,1258.58,2026-08-07,1,Call,"1,430.00",-13.62%,1.05,1.23,1.8,893,461,1.94,101.13%,136.62%,0.04019,2026-08-06
GLXY,19.54,2026-08-28,22,Call,25.00,-27.94%,0.25,0.45,0.52,1009,520,1.94,94.25%,94.58%,0.174696,2026-08-06
CSCO,120.88,2026-08-07,1,Put,119.00,-1.56%,0.18,0.3,0.31,1055,543,1.94,48.39%,35.41%,-0.195428,2026-08-06
SNDK,1258.58,2026-08-07,1,Call,"1,405.00",-11.63%,1.85,2.11,2.35,1459,753,1.94,101.13%,130.98%,0.058259,2026-08-06
HIMS,29.66,2026-09-18,43,Call,33.00,-11.26%,2.49,2.64,2.64,2316,1193,1.94,97.50%,92.99%,0.435995,2026-08-06
SPCX,114.92,2026-12-18,134,Call,190.00,-65.33%,5.45,5.5,5.7,5055,2601,1.94,85.45%,79.26%,0.218446,2026-08-06
PLTR,155.92,2026-08-14,8,Call,160.00,-2.62%,2.96,3,3.05,8307,4286,1.94,48.71%,50.63%,0.383406,2026-08-06
AMZN,272.26,2026-08-14,8,Call,275.00,-1.01%,3.9,3.94,4.05,12146,6264,1.94,30.81%,31.81%,0.431621,2026-08-06
PCG,17,2026-08-14,8,Call,17.00,0.00%,0.3,0.36,0.45,521,270,1.93,44.42%,36.92%,0.514703,2026-08-06
ARM,286.68,2026-12-18,134,Put,42.50,-85.18%,0.01,0.16,0.36,1223,634,1.93,82.88%,129.14%,-0.002204,2026-08-06
MU,881.47,2026-08-07,1,Put,770.00,-12.65%,0.2,0.2,0.25,1614,838,1.93,77.92%,115.94%,-0.011929,2026-08-06
JPM,356.3,2026-08-07,1,Put,355.00,-0.36%,1.13,1.25,1.42,1648,853,1.93,20.83%,25.05%,-0.386302,2026-08-06
RGTI,16.53,2026-08-07,1,Put,16.00,-3.21%,0.44,0.46,0.46,2581,1340,1.93,99.25%,201.25%,-0.35834,2026-08-06
CLS,314.53,2026-08-21,15,Call,325.00,-3.33%,12.3,13.8,15,580,302,1.92,70.55%,70.53%,0.441515,2026-08-06
VST,141.38,2026-11-20,106,Put,110.00,-22.20%,3.4,3.55,3.8,1204,628,1.92,53.35%,53.68%,-0.148812,2026-08-06
CHTR,157.44,2026-10-16,71,Put,150.00,-4.73%,8.8,12.05,15.9,1400,728,1.92,59.30%,60.26%,-0.368361,2026-08-06
SPCX,114.92,2026-08-14,8,Call,114.00,+0.80%,6.75,6.9,7.15,1579,823,1.92,85.45%,95.27%,0.552966,2026-08-06
AMD,489.28,2026-08-07,1,Put,455.00,-7.01%,0.38,0.49,0.53,2332,1216,1.92,65.32%,85.21%,-0.049171,2026-08-06
QCOM,160.39,2026-08-07,1,Call,165.00,-2.87%,0.5,0.5,0.57,3896,2033,1.92,53.79%,61.01%,0.192049,2026-08-06
MU,881.47,2026-08-07,1,Call,965.00,-9.48%,0.52,0.54,0.6,2798,1467,1.91,77.92%,93.19%,0.033644,2026-08-06
TSLA,319.53,2026-08-21,15,Put,317.50,-0.64%,9.35,9.47,9.5,697,365,1.91,42.15%,41.20%,-0.447393,2026-08-06
OXY,56.04,2026-08-14,8,Call,56.00,+0.07%,1.17,1.3,1.38,547,288,1.9,34.89%,37.62%,0.518821,2026-08-06
WDC,451.52,2026-08-07,1,Put,395.00,-12.52%,0.1,0.31,0.65,553,291,1.9,84.25%,137.61%,-0.029123,2026-08-06
INOD,65.48,2026-08-07,1,Put,55.00,-16.00%,0.6,1.55,1.65,571,301,1.9,116.72%,365.57%,-0.156791,2026-08-06
NVO,45.97,2026-09-04,29,Call,55.00,-19.64%,0.09,0.12,0.16,681,359,1.9,34.50%,39.89%,0.058744,2026-08-06
SBET,6.29,2026-09-18,43,Put,6.00,-4.61%,0.53,0.59,0.67,817,431,1.9,89.17%,89.20%,-0.375021,2026-08-06
WDC,451.52,2026-09-18,43,Put,350.00,-22.48%,9.2,11.48,12,889,468,1.9,84.25%,81.51%,-0.143711,2026-08-06
DOCN,122.23,2026-08-28,22,Put,115.00,-5.92%,5,7.25,8.5,1115,588,1.9,89.26%,86.70%,-0.344018,2026-08-06
APP,335.67,2026-08-07,1,Put,400.00,+19.16%,61,60,69,1174,619,1.9,64.65%,197.39%,-0.950179,2026-08-06
HIMS,29.66,2026-08-14,8,Put,27.00,-8.97%,0.97,1,1.06,1176,620,1.9,97.50%,125.03%,-0.272929,2026-08-06
ORCL,143.47,2026-08-21,15,Put,139.00,-3.12%,4.65,4.8,4.95,1342,708,1.9,70.20%,60.06%,-0.371574,2026-08-06
MARA,10.65,2026-08-14,8,Put,10.50,-1.41%,0.54,0.58,0.59,1681,885,1.9,95.65%,102.71%,-0.431083,2026-08-06
MSTR,96.85,2026-08-14,8,Call,105.00,-8.42%,1.23,1.25,1.32,2924,1535,1.9,69.93%,69.02%,0.232114,2026-08-06
QBTS,19.41,2026-08-07,1,Put,20.50,+5.62%,1.07,1.17,1.27,661,349,1.89,88.33%,98.84%,-0.849596,2026-08-06
DKNG,22.17,2026-08-14,8,Put,20.00,-9.79%,0.38,0.41,0.47,691,366,1.89,67.85%,98.03%,-0.215555,2026-08-06
SNDK,1258.58,2026-08-14,8,Put,"1,200.00",-4.65%,51.1,53.25,55,781,413,1.89,101.13%,109.33%,-0.352119,2026-08-06
SKHY,143.53,2026-08-14,8,Call,150.00,-4.51%,5.7,6,6.1,801,423,1.89,97.06%,100.63%,0.414423,2026-08-06
SHAZ,52.15,2026-09-18,43,Call,65.00,-24.64%,3.7,4.4,5.4,828,438,1.89,120.64%,120.63%,0.376579,2026-08-06
IONQ,39.72,2026-08-07,1,Call,40.50,-1.96%,0.52,0.56,0.61,870,460,1.89,87.30%,107.52%,0.376108,2026-08-06
RKLB,75.67,2026-08-14,8,Call,88.00,-16.29%,1.63,1.81,1.93,978,518,1.89,99.58%,125.18%,0.236472,2026-08-06
CELH,23.77,2026-08-07,1,Put,30.00,+26.21%,5.65,6.3,6.7,1289,681,1.89,53.50%,265.53%,-0.945893,2026-08-06
GTE,9.47,2026-11-20,106,Call,10.00,-5.60%,1.3,1.4,2.5,1399,741,1.89,69.64%,102.35%,0.578203,2026-08-06
DOCS,20.66,2026-08-21,15,Call,20.00,+3.19%,2.5,2.7,2.8,2356,1244,1.89,103.83%,139.78%,0.603161,2026-08-06
NBIS,189.88,2026-08-14,8,Put,185.00,-2.57%,14.9,14.91,15.25,637,338,1.88,129.01%,158.20%,-0.408629,2026-08-06
TSM,418.2,2026-08-14,8,Call,435.00,-4.02%,4.15,4.43,4.6,750,399,1.88,42.55%,42.34%,0.278603,2026-08-06
SNDK,1258.58,2026-08-14,8,Call,"1,700.00",-35.07%,3.8,3.8,4.5,784,416,1.88,101.13%,116.30%,0.048927,2026-08-06
COIN,145.41,2026-08-14,8,Put,140.00,-3.72%,2.98,3.15,3.2,1514,806,1.88,67.58%,64.17%,-0.324975,2026-08-06
FCX,68.18,2026-10-16,71,Call,75.00,-10.00%,3.7,4.04,3.95,1958,1041,1.88,51.69%,52.24%,0.391094,2026-08-06
GEO,30.14,2026-08-21,15,Put,28.00,-7.10%,0.25,0.2,0.45,579,309,1.87,48.68%,47.15%,-0.205947,2026-08-06
APH,170.61,2026-11-20,106,Call,175.00,-2.57%,17.5,18.7,19.2,698,373,1.87,49.10%,53.52%,0.534552,2026-08-06
BTDR,10.52,2026-08-07,1,Call,6.00,+42.97%,4.2,4.75,5,725,388,1.87,122.43%,702.38%,0.956506,2026-08-06
GOOGL,357.75,2026-08-14,8,Call,370.00,-3.42%,2.4,2.5,2.58,1984,1061,1.87,31.42%,32.05%,0.251298,2026-08-06
MU,881.47,2026-08-07,1,Put,855.00,-3.00%,5.35,5.6,5.65,3897,2086,1.87,77.92%,84.04%,-0.236628,2026-08-06
GOOG,356.62,2026-08-07,1,Call,360.00,-0.95%,1.26,1.29,1.35,5686,3041,1.87,30.84%,35.41%,0.310357,2026-08-06
SPCX,114.92,2026-09-04,29,Call,125.00,-8.77%,7.45,7.05,7.7,612,329,1.86,85.45%,87.91%,0.419244,2026-08-06
RRGB,8.44,2026-09-18,43,Call,12.50,-48.10%,0,0.2,0.4,665,357,1.86,101.78%,96.56%,0.157145,2026-08-06
NET,284.43,2026-08-07,1,Call,315.00,-10.75%,5,5.47,6.2,965,520,1.86,74.81%,265.47%,0.253155,2026-08-06
SPCX,114.92,2026-08-07,1,Call,106.00,+7.76%,8.95,9.03,9.7,993,533,1.86,85.45%,126.73%,0.89486,2026-08-06
SPCX,114.92,2026-08-14,8,Put,97.00,-15.59%,0.76,0.82,0.82,1146,617,1.86,85.45%,94.20%,-0.098429,2026-08-06
MP,47.49,2026-08-07,1,Call,55.00,-15.81%,0.13,0.15,0.17,1352,726,1.86,75.15%,187.89%,0.074556,2026-08-06
CTVA,76.86,2026-09-18,43,Call,80.00,-4.09%,1.5,1.6,1.75,1953,1048,1.86,28.80%,26.47%,0.359286,2026-08-06
WDC,451.52,2026-08-07,1,Put,440.00,-2.55%,3.45,4.92,6.2,799,432,1.85,84.25%,102.17%,-0.304436,2026-08-06
MS,213.75,2026-08-07,1,Call,217.50,-1.75%,0.31,0.5,0.55,1041,563,1.85,30.84%,37.24%,0.189382,2026-08-06
LYFT,16.3,2026-08-07,1,Call,19.00,-16.56%,0.1,0.1,0.12,1687,910,1.85,63.72%,234.73%,0.117933,2026-08-06
MSFT,499.86,2026-08-07,1,Put,500.00,+0.03%,3.8,4,4,2750,1488,1.85,29.58%,36.86%,-0.500597,2026-08-06
SOFI,18.1,2026-10-16,71,Call,26.00,-43.65%,0.16,0.19,0.2,3414,1850,1.85,49.06%,56.05%,0.094692,2026-08-06
AMD,489.28,2026-08-07,1,Call,515.00,-5.26%,1.11,1.15,1.27,5116,2768,1.85,65.32%,81.21%,0.118658,2026-08-06
GEO,30.14,2027-01-15,162,Call,40.00,-32.71%,1.45,1.9,1.85,7129,3854,1.85,48.68%,55.96%,0.282036,2026-08-06
NVDA,218.99,2026-08-21,15,Call,222.50,-1.60%,5,5,5.1,9390,5115,1.84,40.12%,36.64%,0.436592,2026-08-06
SHOP,147.44,2026-10-16,71,Call,175.00,-18.69%,4.35,4.65,5.7,534,291,1.84,50.03%,51.71%,0.272334,2026-08-06
SNDK,1258.58,2026-08-07,1,Call,"1,640.00",-30.31%,0,0.11,0.15,579,314,1.84,101.13%,175.13%,0.002257,2026-08-06
TTD,17.67,2027-01-15,162,Put,60.00,+239.56%,42.05,42.1,44.85,749,408,1.84,87.19%,151.95%,-0.775179,2026-08-06
NBIS,189.88,2026-08-21,15,Call,215.00,-13.23%,12.4,12.7,13.25,1073,584,1.84,129.01%,142.13%,0.388955,2026-08-06
TSLA,319.53,2026-08-10,4,Put,305.00,-4.55%,0.51,0.51,0.54,1281,696,1.84,42.15%,34.69%,-0.095101,2026-08-06
ORCL,143.47,2026-08-07,1,Put,152.50,+6.29%,8.4,8.35,9.45,561,306,1.83,70.20%,50.89%,-0.98946,2026-08-06
AVGO,420.57,2026-08-28,22,Call,460.00,-9.38%,6.25,7,7.55,647,354,1.83,51.68%,48.18%,0.24713,2026-08-06
SPCX,114.92,2026-08-14,8,Call,131.00,-13.99%,2.11,2.14,2.2,709,388,1.83,85.45%,105.28%,0.224429,2026-08-06
BRK.B,524.61,2026-08-07,1,Call,535.00,-1.98%,0.08,0.13,0.15,754,412,1.83,16.70%,22.07%,0.046161,2026-08-06
TSLA,319.53,2026-08-14,8,Put,330.00,+3.28%,14.05,14.62,14.4,2528,1381,1.83,42.15%,42.18%,-0.683567,2026-08-06
TSLA,319.53,2026-08-10,4,Call,340.00,-6.41%,0.4,0.4,0.41,3936,2157,1.82,42.15%,39.46%,0.070389,2026-08-06
AMD,489.28,2026-08-07,1,Call,505.00,-3.21%,2.6,2.86,2.86,4034,2213,1.82,65.32%,80.18%,0.232601,2026-08-06
WBS,78.78,2027-01-15,162,Put,47.50,-39.71%,0.05,0.1,0.15,514,283,1.82,17.80%,36.98%,-0.013529,2026-08-06
EVC,11.41,2026-08-21,15,Call,20.00,-75.28%,0.1,0.2,0.25,515,283,1.82,135.12%,187.28%,0.099078,2026-08-06
SHOP,147.44,2026-08-14,8,Call,165.00,-11.91%,0.44,0.5,0.71,547,301,1.82,50.03%,57.16%,0.100613,2026-08-06
TSLA,319.53,2026-08-10,4,Put,302.50,-5.33%,0.35,0.34,0.37,610,336,1.82,42.15%,35.70%,-0.067571,2026-08-06
AMZN,272.26,2026-08-14,8,Call,200.00,+26.54%,71.25,70.7,74.05,740,407,1.82,30.81%,100.05%,0.984679,2026-08-06
SNDK,1258.58,2026-08-21,15,Call,"1,200.00",+4.65%,134.7,141.42,141.3,874,480,1.82,101.13%,105.99%,0.631654,2026-08-06
MSTR,96.85,2026-08-07,1,Put,110.00,+13.58%,12.75,13.18,13.35,886,486,1.82,69.93%,113.97%,-0.98286,2026-08-06
WDC,451.52,2026-08-07,1,Put,460.00,+1.88%,13.5,14.93,15.5,1269,698,1.82,84.25%,101.95%,-0.625782,2026-08-06
TSLA,319.53,2026-08-12,6,Call,337.50,-5.62%,1.44,1.44,1.49,584,323,1.81,42.15%,42.06%,0.164374,2026-08-06
SPCX,114.92,2026-08-07,1,Call,126.00,-9.64%,0.56,0.59,0.6,3892,2154,1.81,85.45%,151.41%,0.131224,2026-08-06
UBER,70.47,2026-08-07,1,Call,70.00,+0.67%,0.82,0.93,0.95,15893,8758,1.81,34.02%,42.10%,0.625224,2026-08-06
MU,881.47,2026-08-07,1,Put,800.00,-9.24%,0.48,0.48,0.5,25923,14345,1.81,77.92%,98.14%,-0.027724,2026-08-06
GOOGL,357.75,2026-08-14,8,Call,362.50,-1.33%,4.55,4.85,5,754,418,1.8,31.42%,31.90%,0.405138,2026-08-06
SBLK,28.59,2026-11-20,106,Call,30.00,-4.93%,1.15,1.3,1.35,871,483,1.8,36.35%,31.37%,0.399083,2026-08-06
AVGO,420.57,2026-08-07,1,Call,432.50,-2.84%,0.98,1,1.14,1203,667,1.8,51.68%,54.56%,0.167824,2026-08-06
NOG,20.28,2026-08-21,15,Put,20.00,-1.38%,0.65,0.72,0.9,1544,860,1.8,54.99%,54.77%,-0.433856,2026-08-06
DKNG,22.17,2027-06-17,315,Put,20.00,-9.79%,2.76,3.43,3.55,2022,1126,1.8,67.85%,57.73%,-0.306682,2026-08-06
BAC,63,2026-08-07,1,Call,48.00,+23.81%,13.55,15.03,16.05,550,308,1.79,20.79%,231.06%,0.989481,2026-08-06
TSM,418.2,2026-09-11,36,Call,430.00,-2.82%,16.4,18.5,18.7,560,313,1.79,42.55%,42.32%,0.451635,2026-08-06
MRVL,210.54,2026-08-14,8,Put,185.00,-12.13%,2.04,2.2,2.42,567,317,1.79,90.38%,89.17%,-0.146641,2026-08-06
SNDK,1258.58,2027-01-15,162,Put,"1,050.00",-16.57%,200.6,198.15,208.1,602,336,1.79,101.13%,101.76%,-0.26589,2026-08-06
ASPI,4.1,2026-09-11,36,Call,0.50,+87.80%,3.3,3.63,5.6,625,349,1.79,130.13%,395.05%,0.989811,2026-08-06
IRDM,48.31,2027-01-15,162,Call,55.00,-13.85%,1.55,3.09,4.9,800,446,1.79,47.77%,42.50%,0.389282,2026-08-06
SPCX,114.92,2026-08-14,8,Call,122.00,-6.16%,3.95,3.95,4.1,1238,691,1.79,85.45%,99.74%,0.372316,2026-08-06
AMD,489.28,2026-08-07,1,Call,487.50,+0.36%,8.65,9.75,9.5,2301,1289,1.79,65.32%,79.71%,0.544038,2026-08-06
MU,881.47,2026-08-07,1,Put,790.00,-10.38%,0.31,0.37,0.38,2385,1330,1.79,77.92%,102.81%,-0.019498,2026-08-06
ORCL,143.47,2026-08-07,1,Put,141.00,-1.72%,0.91,0.94,0.98,2387,1331,1.79,70.20%,65.23%,-0.298957,2026-08-06
INTC,99.81,2026-08-07,1,Call,98.00,+1.81%,2.81,3.08,3.05,3547,1982,1.79,77.74%,91.18%,0.658785,2026-08-06
NVDA,218.99,2026-08-14,8,Put,207.50,-5.25%,1.09,1.14,1.14,3583,2006,1.79,40.12%,38.72%,-0.163545,2026-08-06
AMZN,272.26,2026-08-07,1,Call,277.50,-1.92%,0.48,0.49,0.5,12906,7213,1.79,30.81%,37.80%,0.171379,2026-08-06
SNDK,1258.58,2026-08-07,1,Put,"1,300.00",+3.29%,54.6,57,59.7,3466,1945,1.78,101.13%,121.29%,-0.683411,2026-08-06
AAOI,124.22,2026-08-07,1,Call,150.00,-20.75%,2.4,2.49,2.65,5956,3352,1.78,140.69%,381.98%,0.199655,2026-08-06
SPCX,114.92,2027-06-17,315,Put,90.00,-21.68%,14.65,14.92,15.1,7889,4443,1.78,85.45%,72.19%,-0.230072,2026-08-06
SPCX,114.92,2026-08-07,1,Put,105.00,-8.63%,0.27,0.3,0.3,70592,39627,1.78,85.45%,126.17%,-0.080532,2026-08-06
FPS,37.72,2026-11-20,106,Call,60.00,-59.07%,1.05,2.2,2.5,633,356,1.78,98.14%,84.36%,0.22089,2026-08-06
MSFT,499.86,2026-08-10,4,Put,480.00,-3.97%,0.62,0.7,0.75,765,429,1.78,29.58%,29.83%,-0.092863,2026-08-06
PLTR,155.92,2026-08-07,1,Put,147.00,-5.72%,0.11,0.11,0.12,1613,905,1.78,48.71%,68.71%,-0.04861,2026-08-06
AAOI,124.22,2026-08-14,8,Put,100.00,-19.50%,3,3.6,3.8,509,287,1.77,140.69%,178.98%,-0.170102,2026-08-06
OSCR,26.54,2026-10-16,71,Call,28.00,-5.50%,2.5,3,3,645,365,1.77,68.50%,70.20%,0.502038,2026-08-06
NVO,45.97,2026-08-21,15,Put,42.00,-8.64%,0.15,0.19,0.2,666,377,1.77,34.50%,36.10%,-0.105297,2026-08-06
RKT,13.22,2026-08-07,1,Call,13.00,+1.66%,0.59,0.62,0.69,919,519,1.77,63.66%,190.75%,0.586685,2026-08-06
LYFT,16.3,2026-09-18,43,Put,14.00,-14.11%,0.26,0.38,0.45,1054,594,1.77,63.72%,57.00%,-0.185387,2026-08-06
MO,67.75,2026-08-14,8,Call,69.00,-1.85%,0.43,0.46,0.6,1124,634,1.77,25.30%,25.57%,0.316601,2026-08-06
HTZ,2.02,2027-06-17,315,Put,1.00,-50.50%,0.29,0.3,0.32,1289,727,1.77,166.83%,143.67%,-0.112516,2026-08-06
AAL,16.03,2026-08-14,8,Put,15.50,-3.31%,0.2,0.22,0.23,1508,851,1.77,49.31%,46.23%,-0.298346,2026-08-06
INTC,99.81,2026-08-10,4,Call,105.00,-5.20%,0.87,0.9,0.95,1866,1056,1.77,77.74%,64.41%,0.237875,2026-08-06
CELH,23.77,2026-08-07,1,Put,28.00,+17.80%,3.75,4.05,4.6,2902,1637,1.77,53.50%,146.56%,-0.982365,2026-08-06
AAPL,312.41,2026-08-14,8,Put,305.00,-2.37%,1.73,1.81,1.85,3085,1739,1.77,25.24%,25.43%,-0.250375,2026-08-06
PLTR,155.92,2026-08-07,1,Put,148.00,-5.08%,0.15,0.15,0.16,4231,2389,1.77,48.71%,66.51%,-0.06457,2026-08-06
SPCX,114.92,2026-08-07,1,Put,104.00,-9.50%,0.2,0.22,0.23,8186,4636,1.77,85.45%,127.50%,-0.06289,2026-08-06
INTC,99.81,2026-08-07,1,Call,99.00,+0.81%,2.21,2.25,2.39,2621,1488,1.76,77.74%,89.73%,0.578795,2026-08-06
ARM,286.68,2026-08-07,1,Call,300.00,-4.65%,1.7,1.78,1.89,3134,1783,1.76,82.88%,103.63%,0.209416,2026-08-06
AMZN,272.26,2026-08-10,4,Call,285.00,-4.68%,0.21,0.25,0.26,4131,2353,1.76,30.81%,28.55%,0.066593,2026-08-06
TTD,17.67,2026-08-07,1,Put,15.00,-15.11%,0.23,0.25,0.25,4350,2474,1.76,87.19%,321.86%,-0.145195,2026-08-06
TSLA,319.53,2026-08-10,4,Call,350.00,-9.54%,0.15,0.16,0.16,5740,3260,1.76,42.15%,44.62%,0.027551,2026-08-06
UBER,70.47,2026-08-07,1,Call,72.00,-2.17%,0.14,0.17,0.18,6920,3925,1.76,34.02%,44.37%,0.181681,2026-08-06
CF,116.73,2026-10-16,71,Put,115.00,-1.48%,7,7.4,7.9,672,382,1.76,40.90%,41.77%,-0.423865,2026-08-06
NOW,117.35,2026-08-07,1,Put,114.00,-2.85%,0.62,0.64,0.69,1179,669,1.76,57.65%,77.66%,-0.231135,2026-08-06
MU,881.47,2026-08-07,1,Call,"1,010.00",-14.58%,0.13,0.13,0.14,1277,725,1.76,77.92%,107.27%,0.008336,2026-08-06
F,13.79,2026-08-07,1,Call,13.50,+2.10%,0.26,0.35,0.36,531,303,1.75,32.71%,38.23%,0.858034,2026-08-06
DDOG,229.29,2026-09-18,43,Put,200.00,-12.77%,5.5,5.91,6,655,374,1.75,57.17%,56.91%,-0.20697,2026-08-06
GSK,52.17,2026-09-18,43,Call,55.00,-5.42%,0.7,0.82,0.95,717,410,1.75,25.28%,26.10%,0.293275,2026-08-06
OXY,56.04,2026-08-21,15,Call,57.00,-1.71%,1.16,1.4,1.39,734,419,1.75,34.89%,37.12%,0.428897,2026-08-06
MP,47.49,2026-08-07,1,Call,53.00,-11.60%,0.22,0.27,0.3,885,506,1.75,75.15%,175.18%,0.125002,2026-08-06
GME,19.23,2026-08-07,1,Put,22.50,+17.00%,2.62,3.2,3.8,1120,639,1.75,36.77%,138.86%,-0.983028,2026-08-06
INTC,99.81,2026-08-07,1,Call,79.00,+20.85%,20.55,21.55,21.45,1422,813,1.75,77.74%,253.27%,0.966414,2026-08-06
SPCX,114.92,2026-08-28,22,Call,135.00,-17.47%,3.95,3.93,4.15,1510,864,1.75,85.45%,92.76%,0.279678,2026-08-06
SPCX,114.92,2026-08-28,22,Call,125.00,-8.77%,6.3,6.4,6.5,1855,1057,1.75,85.45%,90.47%,0.398309,2026-08-06
CNP,40.67,2026-08-21,15,Call,40.00,+1.65%,0.95,0.95,1.25,2026,1157,1.75,21.61%,21.49%,0.660788,2026-08-06
TSLA,319.53,2026-08-14,8,Call,310.00,+2.98%,13.55,13.5,13.8,2044,1169,1.75,42.15%,42.18%,0.701585,2026-08-06
ORCL,143.47,2026-08-07,1,Call,144.00,-0.37%,1.58,1.42,1.75,3139,1793,1.75,70.20%,63.79%,0.463364,2026-08-06
SPCX,114.92,2026-09-18,43,Put,65.00,-43.44%,0.33,0.4,0.42,3656,2085,1.75,85.45%,92.28%,-0.024403,2026-08-06
UBER,70.47,2026-08-07,1,Call,69.00,+2.09%,1.58,1.7,1.76,5970,3409,1.75,34.02%,47.81%,0.804825,2026-08-06
TTD,17.67,2026-08-07,1,Call,19.00,-7.53%,0.78,0.8,0.82,6799,3887,1.75,87.19%,356.52%,0.383954,2026-08-06
LLY,1191.94,2026-08-07,1,Call,"1,200.00",-0.68%,7,8.33,9,3183,1825,1.74,34.91%,46.24%,0.396286,2026-08-06
AMD,489.28,2026-08-07,1,Call,472.50,+3.43%,18.1,22.16,20.85,554,319,1.74,65.32%,85.21%,0.790174,2026-08-06
INOD,65.48,2026-08-07,1,Call,77.00,-17.59%,1.5,2.4,2.8,762,438,1.74,116.72%,425.55%,0.268995,2026-08-06
CSCO,120.88,2026-08-07,1,Call,118.00,+2.38%,2.19,2.95,3.15,785,452,1.74,48.39%,31.56%,0.929416,2026-08-06
BE,228.96,2026-08-07,1,Put,225.00,-1.73%,4.3,3.95,5,855,492,1.74,113.80%,136.03%,-0.389023,2026-08-06
APP,335.67,2026-08-07,1,Put,340.00,+1.29%,7.1,8,8.8,1106,635,1.74,64.65%,78.49%,-0.613965,2026-08-06
PBR,18.52,2027-06-17,315,Put,15.00,-19.01%,1.01,1.11,1.2,1301,748,1.74,32.26%,41.87%,-0.218585,2026-08-06
QBTS,19.41,2026-08-07,1,Put,20.00,+3.04%,0.75,0.76,0.83,1347,774,1.74,88.33%,104.49%,-0.699755,2026-08-06
BAC,63,2026-08-28,22,Put,62.00,-1.59%,0.74,0.85,0.85,1390,799,1.74,20.79%,20.53%,-0.358668,2026-08-06
TSLA,319.53,2026-08-14,8,Put,315.00,-1.42%,5.45,5.52,5.6,1666,960,1.74,42.15%,40.95%,-0.390954,2026-08-06
GTLB,35.68,2026-08-07,1,Call,36.00,-0.90%,0.45,0.5,0.75,599,346,1.73,84.51%,99.91%,0.443259,2026-08-06
ORCL,143.47,2026-08-07,1,Call,147.00,-2.46%,0.64,0.69,0.72,2400,1384,1.73,70.20%,64.54%,0.241662,2026-08-06
AMD,489.28,2026-08-07,1,Call,485.00,+0.87%,9.85,10.05,10.95,3794,2191,1.73,65.32%,79.16%,0.592969,2026-08-06
SPCX,114.92,2026-08-07,1,Call,124.00,-7.90%,0.77,0.77,0.8,4802,2781,1.73,85.45%,147.07%,0.171514,2026-08-06
NVDA,218.99,2026-08-14,8,Call,222.50,-1.60%,3.2,3.2,3.3,7736,4460,1.73,40.12%,36.38%,0.399145,2026-08-06
SOUN,7.08,2026-08-14,8,Call,7.50,-5.93%,0.2,0.23,0.21,4918,2853,1.72,78.51%,87.53%,0.354255,2026-08-06
AMZN,272.26,2026-08-07,1,Call,257.50,+5.42%,13.75,14.98,15.15,1160,673,1.72,30.81%,65.31%,0.950587,2026-08-06
UBER,70.47,2026-08-14,8,Call,71.00,-0.75%,1.22,1.3,1.33,1501,874,1.72,34.02%,35.92%,0.460425,2026-08-06
LYFT,16.3,2026-08-07,1,Put,16.00,-1.84%,0.59,0.65,0.71,1540,895,1.72,63.72%,234.91%,-0.41556,2026-08-06
FOUR,43.36,2026-09-18,43,Put,40.00,-7.75%,1.8,1.8,2,2334,1356,1.72,59.15%,59.30%,-0.302882,2026-08-06
VG,13.58,2026-08-07,1,Call,13.00,+4.27%,0.55,0.7,0.7,2392,1390,1.72,79.39%,80.83%,0.854259,2026-08-06
ARMK,56.31,2026-08-21,15,Put,50.00,-11.21%,0.1,0.3,0.65,500,292,1.71,34.11%,52.85%,-0.120446,2026-08-06
AVTR,13.18,2026-08-21,15,Put,13.00,-1.37%,0.2,0.3,0.4,521,305,1.71,41.52%,36.94%,-0.406226,2026-08-06
TSLA,319.53,2026-08-14,8,Put,307.50,-3.76%,2.97,3,3.05,595,348,1.71,42.15%,41.18%,-0.250948,2026-08-06
RGTI,16.53,2026-08-14,8,Put,15.50,-6.23%,0.6,0.59,0.64,699,408,1.71,99.25%,112.30%,-0.317658,2026-08-06
BRK.B,524.61,2026-09-18,43,Put,405.00,-22.80%,0.25,0.27,0.32,761,444,1.71,16.70%,35.10%,-0.012484,2026-08-06
FIG,23.97,2026-08-14,8,Call,25.00,-4.30%,0.77,0.7,0.86,868,509,1.71,82.98%,86.96%,0.398858,2026-08-06
AMZN,272.26,2026-08-28,22,Put,255.00,-6.34%,2.06,2.17,2.35,1307,765,1.71,30.81%,31.82%,-0.183457,2026-08-06
SNDK,1258.58,2026-08-07,1,Put,"1,050.00",-16.57%,0.25,0.42,0.5,1571,918,1.71,101.13%,152.99%,-0.010623,2026-08-06
COIN,145.41,2026-08-07,1,Put,145.00,-0.28%,1.96,2.1,2.25,2441,1424,1.71,67.58%,76.21%,-0.463024,2026-08-06
GOOG,356.62,2026-08-07,1,Call,362.50,-1.65%,0.67,0.7,0.75,4549,2666,1.71,30.84%,35.65%,0.194317,2026-08-06
HTZ,2.02,2026-08-07,1,Call,1.50,+25.74%,0.49,0.52,0.54,6905,4047,1.71,166.83%,377.13%,0.945975,2026-08-06
SPCX,114.92,2026-08-07,1,Call,116.00,-0.94%,2.66,2.69,2.73,12327,7222,1.71,85.45%,132.80%,0.460806,2026-08-06
TSLA,319.53,2026-08-07,1,Call,340.00,-6.41%,0.09,0.1,0.1,19144,11282,1.7,42.15%,60.07%,0.025243,2026-08-06
AAOI,124.22,2026-08-21,15,Call,250.00,-101.26%,0.2,0.55,0.95,702,414,1.7,140.69%,175.13%,0.036876,2026-08-06
INTC,99.81,2027-12-17,498,Call,200.00,-100.38%,15.8,17.78,18.55,803,471,1.7,77.74%,79.41%,0.40499,2026-08-06
SPCX,114.92,2026-08-14,8,Call,121.00,-5.29%,4.25,4.15,4.4,873,513,1.7,85.45%,99.32%,0.392903,2026-08-06
AMD,489.28,2026-08-07,1,Put,437.50,-10.58%,0.05,0.14,0.14,1194,702,1.7,65.32%,94.71%,-0.011224,2026-08-06
MSFT,499.86,2026-09-04,29,Call,490.00,+1.97%,22.3,21.8,23.85,1280,754,1.7,29.58%,30.65%,0.617764,2026-08-06
GOOG,356.62,2026-08-14,8,Call,365.00,-2.35%,3.25,3.38,3.5,1792,1055,1.7,30.84%,31.27%,0.321771,2026-08-06
SNDK,1258.58,2026-08-07,1,Put,"1,040.00",-17.37%,0.2,0.3,0.5,537,317,1.69,101.13%,158.65%,-0.009653,2026-08-06
DUK,123.9,2026-12-18,134,Put,115.00,-7.18%,2.5,2.65,2.95,542,321,1.69,18.21%,21.78%,-0.257806,2026-08-06
V,370.47,2026-08-07,1,Call,372.50,-0.55%,0.74,0.85,1.09,552,326,1.69,20.60%,22.37%,0.324838,2026-08-06
JD,32.81,2026-08-21,15,Put,32.50,-0.94%,0.75,1.02,1.2,584,345,1.69,34.97%,40.85%,-0.450914,2026-08-06
STUB,8.88,2026-08-07,1,Call,5.00,+43.69%,3.8,3.91,4,591,349,1.69,84.13%,565.74%,0.981598,2026-08-06
FOUR,43.36,2026-09-18,43,Call,45.00,-3.78%,2.6,3,3.1,637,378,1.69,59.15%,58.50%,0.474983,2026-08-06
MU,881.47,2026-08-07,1,Call,962.50,-9.19%,0.58,0.7,0.66,671,396,1.69,77.92%,92.65%,0.036962,2026-08-06
NBIS,189.88,2026-08-14,8,Put,155.00,-18.37%,4.25,4.25,4.3,713,423,1.69,129.01%,158.63%,-0.162364,2026-08-06
TE,5.55,2026-08-14,8,Put,5.50,-0.90%,0.5,0.6,0.7,1303,769,1.69,161.32%,192.74%,-0.4299,2026-08-06
EZPW,29.18,2026-09-18,43,Call,32.50,-11.38%,0.9,1.15,1.4,1367,810,1.69,59.72%,57.48%,0.334825,2026-08-06
AMD,489.28,2026-08-07,1,Call,477.50,+2.41%,14.8,16.2,16.2,1485,877,1.69,65.32%,82.01%,0.722939,2026-08-06
AAOI,124.22,2026-08-07,1,Put,80.00,-35.60%,0.05,0.1,0.1,1506,891,1.69,140.69%,369.07%,-0.008785,2026-08-06
NOW,117.35,2026-08-07,1,Put,110.00,-6.26%,0.13,0.15,0.15,3261,1931,1.69,57.65%,82.00%,-0.062934,2026-08-06
PDD,90.85,2026-09-18,43,Call,95.00,-4.57%,3.25,3.25,3.35,12002,7089,1.69,38.14%,38.99%,0.407379,2026-08-06
MSFT,499.86,2026-08-21,15,Call,510.00,-2.03%,7.5,7.6,7.75,16082,9507,1.69,29.58%,28.88%,0.384499,2026-08-06
GME,19.23,2026-08-07,1,Put,22.00,+14.40%,2.72,2.64,2.88,2768,1651,1.68,36.77%,149.73%,-0.953248,2026-08-06
NVDA,218.99,2026-08-14,8,Call,250.00,-14.16%,0.12,0.12,0.14,5144,3059,1.68,40.12%,44.44%,0.024466,2026-08-06
NOW,117.35,2026-08-14,8,Put,110.00,-6.26%,1.24,1.29,1.39,558,333,1.68,57.65%,59.23%,-0.214892,2026-08-06
SNAP,5.22,2026-08-28,22,Put,5.50,+5.36%,0.39,0.45,0.47,562,335,1.68,52.92%,52.31%,-0.630182,2026-08-06
ETSY,82.26,2026-09-18,43,Put,75.00,-8.83%,2.25,2.38,2.76,589,350,1.68,52.89%,51.03%,-0.262223,2026-08-06
APP,335.67,2026-09-18,43,Put,250.00,-25.52%,2.9,3.08,3.3,594,353,1.68,64.65%,67.47%,-0.079932,2026-08-06
NBIS,189.88,2026-08-14,8,Call,230.00,-21.13%,5.75,6.1,6.3,1398,832,1.68,129.01%,161.83%,0.24918,2026-08-06
RGTI,16.53,2026-08-07,1,Put,15.00,-9.26%,0.15,0.16,0.17,1628,967,1.68,99.25%,201.45%,-0.164831,2026-08-06
LLY,1191.94,2026-08-07,1,Call,"1,250.00",-4.87%,0.55,0.64,0.7,1880,1120,1.68,34.91%,53.38%,0.045959,2026-08-06
C,133.82,2026-08-07,1,Call,135.00,-0.88%,0.48,0.51,0.56,2188,1306,1.68,28.68%,35.59%,0.323009,2026-08-06
CF,116.73,2026-08-07,1,Call,117.00,-0.23%,0.2,1,1.65,506,303,1.67,40.90%,43.10%,0.464598,2026-08-06
CRWV,85.33,2026-08-07,1,Put,88.00,+3.13%,3.25,3.25,3.75,705,421,1.67,102.98%,103.68%,-0.70521,2026-08-06
WOLF,27.59,2026-08-07,1,Call,30.00,-8.74%,0.14,0.18,0.2,927,556,1.67,127.20%,151.22%,0.154504,2026-08-06
BA,232.19,2026-08-14,8,Call,235.00,-1.21%,3,3.25,3.7,1575,943,1.67,31.90%,33.48%,0.413714,2026-08-06
CELH,23.77,2028-01-21,533,Put,20.00,-15.86%,3.25,4.15,4.7,1957,1175,1.67,53.50%,60.16%,-0.256032,2026-08-06
F,13.79,2026-08-07,1,Put,15.00,+8.77%,1.17,1.21,1.26,2352,1409,1.67,32.71%,79.71%,-0.976876,2026-08-06
TTD,17.67,2026-08-07,1,Call,18.50,-4.70%,0.94,0.96,1,2460,1473,1.67,87.19%,356.42%,0.43948,2026-08-06
TSLA,319.53,2026-08-10,4,Call,335.00,-4.84%,0.73,0.74,0.76,2790,1667,1.67,42.15%,37.74%,0.121596,2026-08-06
SOFI,18.1,2026-08-14,8,Put,17.50,-3.31%,0.24,0.25,0.26,3637,2180,1.67,49.06%,47.35%,-0.299502,2026-08-06
SPCX,114.92,2026-09-18,43,Call,110.00,+4.28%,15.1,15.5,15.75,2767,1664,1.66,85.45%,81.90%,0.622396,2026-08-06
META,589.9,2026-11-20,106,Call,585.00,+0.83%,57.6,58.84,59.8,5169,3116,1.66,37.16%,42.42%,0.576783,2026-08-06
CDE,15.65,2026-08-21,15,Call,16.50,-5.43%,0.45,0.51,0.55,678,409,1.66,66.26%,65.57%,0.373717,2026-08-06
POET,8.53,2026-08-07,1,Put,8.50,-0.35%,0.19,0.21,0.26,715,430,1.66,114.63%,135.05%,-0.465591,2026-08-06
DELL,437.65,2028-12-15,862,Put,650.00,+48.52%,330,329.65,335,764,459,1.66,86.74%,79.07%,-0.390703,2026-08-06
INTC,99.81,2026-08-12,6,Call,110.00,-10.21%,0.79,0.87,0.88,819,493,1.66,77.74%,75.16%,0.169693,2026-08-06
CMG,33.71,2026-08-07,1,Put,33.50,-0.62%,0.18,0.18,0.28,836,505,1.66,37.64%,46.39%,-0.392407,2026-08-06
MU,881.47,2026-08-14,8,Put,900.00,+2.10%,49.8,50.35,52,879,529,1.66,77.92%,78.63%,-0.545949,2026-08-06
NVO,45.97,2026-08-07,1,Put,50.00,+8.77%,3.95,4.19,4.4,925,556,1.66,34.50%,123.53%,-0.897588,2026-08-06
PLTR,155.92,2026-08-14,8,Put,152.50,-2.19%,2.95,2.98,3.1,971,584,1.66,48.71%,50.26%,-0.365285,2026-08-06
MSTR,96.85,2026-08-07,1,Call,92.00,+5.01%,4.9,5.05,5.4,1360,819,1.66,69.93%,88.26%,0.872326,2026-08-06
DOCS,20.66,2026-08-21,15,Call,27.50,-33.11%,0.45,0.7,0.7,1450,872,1.66,103.83%,141.55%,0.198191,2026-08-06
DKNG,22.17,2026-09-18,43,Put,17.50,-21.06%,0.31,0.36,0.38,1636,983,1.66,67.85%,67.11%,-0.123179,2026-08-06
FIG,23.97,2026-08-21,15,Call,23.50,+1.96%,1.58,2.01,2.17,2246,1351,1.66,82.98%,84.04%,0.583241,2026-08-06
TTD,17.67,2026-08-21,15,Put,17.00,-3.79%,1.14,1.18,1.19,786,477,1.65,87.19%,106.26%,-0.384811,2026-08-06
ROKU,150.07,2026-08-07,1,Put,140.00,-6.71%,0.32,0.32,0.4,937,568,1.65,22.57%,102.75%,-0.093383,2026-08-06
CELH,23.77,2026-08-07,1,Put,29.00,+22.00%,4.8,5.14,5.45,2055,1242,1.65,53.50%,172.81%,-0.984707,2026-08-06
OSCR,26.54,2026-09-18,43,Call,30.00,-13.04%,1.24,1.32,1.4,2133,1289,1.65,68.50%,69.11%,0.352102,2026-08-06
CMG,33.71,2026-08-07,1,Put,37.00,+9.76%,3.05,3.7,3.7,2210,1339,1.65,37.64%,127.60%,-0.91331,2026-08-06
AAPL,312.41,2026-08-07,1,Call,310.00,+0.77%,3.35,3.35,3.5,39866,24091,1.65,25.24%,30.33%,0.691973,2026-08-06
NVDA,218.99,2026-08-12,6,Put,220.00,+0.46%,4.35,4.5,4.5,3653,2225,1.64,40.12%,35.23%,-0.528081,2026-08-06
NVDA,218.99,2026-08-10,4,Put,210.00,-4.11%,0.45,0.47,0.47,4224,2582,1.64,40.12%,34.45%,-0.117165,2026-08-06
GOOGL,357.75,2026-08-07,1,Call,357.50,+0.07%,2.66,2.67,2.89,6965,4246,1.64,31.42%,35.24%,0.520795,2026-08-06
BROS,53.33,2026-08-07,1,Put,64.00,+20.01%,9.5,10.39,11.6,519,317,1.64,47.11%,146.83%,-0.990744,2026-08-06
COST,949.15,2026-08-21,15,Put,905.00,-4.65%,3,3.6,3.7,560,341,1.64,22.73%,23.13%,-0.143842,2026-08-06
NBIS,189.88,2026-08-07,1,Call,207.50,-9.28%,0.84,0.92,0.98,596,363,1.64,129.01%,145.38%,0.129895,2026-08-06
DDOG,229.29,2026-09-18,43,Call,210.00,+8.41%,28.35,32.45,30.2,828,504,1.64,57.17%,57.88%,0.71354,2026-08-06
GOOG,356.62,2026-08-14,8,Call,360.00,-0.95%,5.1,5.1,5.5,1556,948,1.64,30.84%,31.88%,0.436181,2026-08-06
AAOI,124.22,2026-08-07,1,Call,145.00,-16.73%,3,3.3,3.5,1578,964,1.64,140.69%,376.10%,0.246073,2026-08-06
MARA,10.65,2026-08-14,8,Put,11.00,+3.29%,0.85,0.85,0.89,1787,1092,1.64,95.65%,107.34%,-0.547881,2026-08-06
CRM,186.77,2026-08-28,22,Put,175.00,-6.30%,4.4,4.75,5.35,696,427,1.63,49.21%,55.03%,-0.287689,2026-08-06
MSTR,96.85,2026-11-20,106,Call,135.00,-39.39%,5.65,5.7,6.2,718,440,1.63,69.93%,77.32%,0.287065,2026-08-06
CELH,23.77,2026-09-18,43,Put,17.50,-26.38%,0,0.1,0.15,773,473,1.63,53.50%,54.25%,-0.039265,2026-08-06
ORCL,143.47,2026-08-14,8,Put,120.00,-16.36%,0.18,0.18,0.2,787,483,1.63,70.20%,67.45%,-0.032629,2026-08-06
TE,5.55,2026-08-07,1,Put,5.50,-0.90%,0.2,0.25,0.3,832,509,1.63,161.32%,238.11%,-0.446068,2026-08-06
WDC,451.52,2026-08-07,1,Put,420.00,-6.98%,1.05,1.3,1.69,970,596,1.63,84.25%,112.95%,-0.104704,2026-08-06
AMD,489.28,2026-08-10,4,Call,530.00,-8.32%,1.53,1.71,1.82,983,603,1.63,65.32%,61.16%,0.113046,2026-08-06
AAOI,124.22,2026-09-18,43,Call,150.00,-20.75%,13.9,14.33,15.1,1981,1214,1.63,140.69%,135.54%,0.435082,2026-08-06
CHYM,31.25,2028-01-21,533,Call,35.00,-12.00%,7,9.58,10,2440,1500,1.63,60.46%,61.76%,0.618174,2026-08-06
GOOG,356.62,2026-08-07,1,Put,350.00,-1.86%,0.52,0.54,0.58,3611,2219,1.63,30.84%,35.87%,-0.155786,2026-08-06
HOOD,90.71,2026-08-14,8,Call,92.00,-1.42%,2.74,3.15,3,569,351,1.62,62.88%,63.89%,0.462706,2026-08-06
RAPP,46.35,2026-12-18,134,Put,40.00,-13.70%,5.2,6.97,8.1,704,434,1.62,78.13%,94.85%,-0.286821,2026-08-06
IREN,37.93,2026-08-07,1,Put,40.50,+6.78%,2.69,2.82,2.97,715,442,1.62,110.29%,134.73%,-0.814292,2026-08-06
RKLB,75.67,2026-08-07,1,Put,73.00,-3.53%,0.54,0.54,0.67,861,530,1.62,99.58%,103.08%,-0.243684,2026-08-06
AKAM,118.55,2026-08-21,15,Call,120.00,-1.22%,8.5,9.32,9.9,906,558,1.62,82.21%,102.09%,0.520709,2026-08-06
AVGO,420.57,2026-08-07,1,Call,422.50,-0.46%,3.5,3.82,4.2,967,597,1.62,51.68%,53.85%,0.44201,2026-08-06
MU,881.47,2026-08-07,1,Call,"1,005.00",-14.01%,0.15,0.13,0.16,1158,714,1.62,77.92%,105.62%,0.00958,2026-08-06
BA,232.19,2028-12-15,862,Call,240.00,-3.36%,59.85,61.7,63.8,1267,781,1.62,31.90%,48.37%,0.601088,2026-08-06
META,589.9,2026-08-07,1,Call,587.50,+0.41%,6.3,6.5,6.9,2500,1547,1.62,37.16%,42.98%,0.577873,2026-08-06
TTD,17.67,2026-08-14,8,Call,18.50,-4.70%,1.07,1.12,1.13,511,318,1.61,87.19%,138.12%,0.45288,2026-08-06
FROG,83.04,2026-08-21,15,Put,77.50,-6.67%,4.7,4.8,5.7,817,509,1.61,94.73%,118.95%,-0.340118,2026-08-06
NOK,9.43,2026-08-07,1,Put,10.50,+11.35%,0.96,1.06,1.16,949,591,1.61,67.15%,118.61%,-0.955591,2026-08-06
SKHY,143.53,2026-08-14,8,Put,115.00,-19.88%,1.15,1.15,1.25,974,606,1.61,97.06%,121.51%,-0.092413,2026-08-06
RDDT,150.87,2026-08-14,8,Put,140.00,-7.20%,1.21,1.25,1.42,994,618,1.61,61.46%,58.25%,-0.179163,2026-08-06
SPCX,114.92,2026-08-21,15,Put,102.00,-11.24%,3,3.05,3.05,1073,668,1.61,85.45%,90.30%,-0.226548,2026-08-06
CELH,23.77,2026-08-07,1,Put,28.50,+19.90%,3.75,4.55,5.3,1099,683,1.61,53.50%,159.88%,-0.983651,2026-08-06
GT,6.76,2026-10-16,71,Put,6.00,-11.24%,0.2,0.3,0.4,1099,684,1.61,51.93%,52.43%,-0.273894,2026-08-06
GME,19.23,2026-08-28,22,Call,20.00,-4.00%,0.31,0.39,0.45,1186,738,1.61,36.77%,37.23%,0.341081,2026-08-06
BA,232.19,2026-08-14,8,Call,240.00,-3.36%,1.4,1.68,1.9,1503,932,1.61,31.90%,32.43%,0.253019,2026-08-06
SOFI,18.1,2026-08-28,22,Put,17.00,-6.08%,0.38,0.39,0.41,4003,2491,1.61,49.06%,49.16%,-0.275741,2026-08-06
HTZ,2.02,2026-09-18,43,Call,3.00,-48.51%,0.2,0.24,0.24,13641,8494,1.61,166.83%,173.78%,0.360316,2026-08-06
SNDK,1258.58,2026-08-07,1,Call,"1,200.00",+4.65%,68.5,73.4,76.1,3093,1928,1.6,101.13%,138.34%,0.756758,2026-08-06
MRVL,210.54,2026-08-07,1,Call,220.00,-4.49%,1.2,1.31,1.41,5020,3129,1.6,90.38%,101.24%,0.211494,2026-08-06
PLTR,155.92,2026-08-07,1,Put,155.00,-0.59%,1.57,1.59,1.6,22300,13952,1.6,48.71%,62.16%,-0.420439,2026-08-06
SPCX,114.92,2026-08-07,1,Call,125.00,-8.77%,0.67,0.68,0.69,25388,15819,1.6,85.45%,149.63%,0.150763,2026-08-06
CRML,6.55,2026-08-14,8,Call,7.00,-6.87%,0.2,0.3,0.35,537,336,1.6,110.63%,116.13%,0.383629,2026-08-06
MU,881.47,2026-08-14,8,Call,925.00,-4.94%,24.25,25.4,24.9,645,403,1.6,77.92%,79.95%,0.366354,2026-08-06
SNDK,1258.58,2026-08-07,1,Put,"1,130.00",-10.22%,1.95,2.41,2.85,705,441,1.6,101.13%,135.96%,-0.060426,2026-08-06
ANET,192.32,2028-01-21,533,Put,220.00,+14.39%,63.5,65.97,68,842,527,1.6,58.95%,59.32%,-0.419855,2026-08-06
MSFT,499.86,2026-08-07,1,Call,487.50,+2.47%,12.7,14.12,13.85,847,530,1.6,29.58%,45.41%,0.857381,2026-08-06
BE,228.96,2026-08-14,8,Put,185.00,-19.20%,2.08,2.2,2.4,992,620,1.6,113.80%,123.54%,-0.103633,2026-08-06
AEVA,25.26,2026-08-21,15,Call,25.00,+1.03%,1.85,2.42,2.7,1517,946,1.6,115.13%,104.74%,0.564317,2026-08-06
BABA,126.81,2026-08-07,1,Call,129.00,-1.73%,0.39,0.42,0.47,1783,1112,1.6,45.36%,45.90%,0.241861,2026-08-06
DUOL,122.58,2026-08-07,1,Put,115.00,-6.18%,0.3,0.5,0.75,1832,1147,1.6,61.15%,114.77%,-0.136925,2026-08-06
NVO,45.97,2026-08-07,1,Put,48.00,+4.42%,1.96,2.21,2.45,544,342,1.59,34.50%,82.93%,-0.835358,2026-08-06
MSFT,499.86,2026-09-04,29,Put,440.00,-11.98%,1.62,1.85,1.92,556,349,1.59,29.58%,33.76%,-0.079165,2026-08-06
SPCX,114.92,2026-09-04,29,Call,118.00,-2.68%,9.9,9.85,10.15,623,392,1.59,85.45%,86.96%,0.510533,2026-08-06
KO,86.85,2026-08-07,1,Put,90.00,+3.63%,2.98,3.41,3.35,643,404,1.59,20.10%,35.36%,-0.972711,2026-08-06
MSTR,96.85,2026-08-07,1,Put,96.00,-0.88%,1.04,1.2,1.25,687,432,1.59,69.93%,76.31%,-0.404072,2026-08-06
CIFR,18.21,2026-08-07,1,Put,24.00,+31.80%,4.75,5.3,6.5,741,465,1.59,113.99%,235.89%,-0.985434,2026-08-06
PCT,6.87,2026-09-18,43,Call,8.00,-16.45%,0.6,0.65,0.7,769,484,1.59,111.15%,110.43%,0.420438,2026-08-06
QCOM,160.39,2026-08-07,1,Put,152.50,-4.92%,0.1,0.13,0.18,1202,756,1.59,53.79%,62.91%,-0.060638,2026-08-06
SKHY,143.53,2026-08-14,8,Put,140.00,-2.46%,6.8,6.89,7.3,1524,956,1.59,97.06%,104.59%,-0.404187,2026-08-06
MSTR,96.85,2026-08-07,1,Put,94.00,-2.94%,0.49,0.55,0.55,4006,2517,1.59,69.93%,77.65%,-0.224382,2026-08-06
AMD,489.28,2026-08-07,1,Call,525.00,-7.30%,0.43,0.48,0.5,4157,2620,1.59,65.32%,82.16%,0.053183,2026-08-06
SPCX,114.92,2026-12-18,134,Call,150.00,-30.53%,11.15,11,11.4,2982,1889,1.58,85.45%,77.57%,0.381378,2026-08-06
QGEN,41.73,2026-09-18,43,Call,45.00,-7.84%,1.8,1.95,2.3,3306,2092,1.58,54.68%,58.08%,0.389751,2026-08-06
CLSK,12.75,2026-08-07,1,Call,13.00,-1.96%,0.35,0.41,0.43,4577,2896,1.58,99.58%,187.80%,0.441401,2026-08-06
MP,47.49,2026-08-07,1,Put,45.00,-5.24%,0.47,0.6,0.64,575,365,1.58,75.15%,153.30%,-0.238078,2026-08-06
MRNA,53.86,2026-08-07,1,Call,57.00,-5.83%,0.1,0.14,0.16,582,368,1.58,72.48%,87.05%,0.111468,2026-08-06
UNH,403.97,2026-08-07,1,Put,402.50,-0.36%,1.91,2.23,2.54,584,370,1.58,28.69%,34.52%,-0.415817,2026-08-06
AMD,489.28,2026-08-14,8,Call,575.00,-17.52%,1.53,1.71,1.86,586,372,1.58,65.32%,72.65%,0.074963,2026-08-06
NBIS,189.88,2026-08-07,1,Call,202.50,-6.65%,1.55,1.62,1.69,611,386,1.58,129.01%,144.09%,0.207737,2026-08-06
LULU,124.73,2026-08-21,15,Put,122.00,-2.19%,2.7,3,3.2,668,424,1.58,53.31%,42.54%,-0.376715,2026-08-06
RAPP,46.35,2026-12-18,134,Call,45.00,+2.91%,9.5,10.49,12.8,685,434,1.58,78.13%,93.64%,0.640833,2026-08-06
IREN,37.93,2026-08-14,8,Put,39.00,+2.82%,2.89,2.95,3.15,694,439,1.58,110.29%,108.60%,-0.535433,2026-08-06
NOK,9.43,2026-08-07,1,Put,11.00,+16.65%,1.46,1.56,1.73,751,474,1.58,67.15%,188.40%,-0.934815,2026-08-06
TOST,34.72,2026-08-21,15,Put,31.00,-10.71%,0.07,0.15,0.21,771,489,1.58,41.62%,44.25%,-0.092843,2026-08-06
ACTG,4.67,2026-08-21,15,Call,5.00,-7.07%,0.1,0.15,0.15,987,623,1.58,73.92%,66.93%,0.324312,2026-08-06
SKHY,143.53,2028-06-16,680,Call,200.00,-39.34%,56,57.2,61.7,1511,959,1.58,97.06%,93.57%,0.669301,2026-08-06
YSS,10.89,2026-08-21,15,Call,15.00,-37.74%,0.3,0.35,0.35,1545,979,1.58,138.01%,155.36%,0.19639,2026-08-06
XOM,154.84,2026-08-07,1,Put,152.50,-1.51%,0.3,0.36,0.39,2090,1323,1.58,29.14%,36.12%,-0.207142,2026-08-06
VIAV,40.59,2026-09-18,43,Call,40.00,+1.45%,5.3,5.3,5.6,2264,1429,1.58,93.66%,92.27%,0.586437,2026-08-06
BMY,64.15,2026-08-21,15,Call,68.00,-6.00%,0.28,0.29,0.42,528,337,1.57,27.57%,29.69%,0.173398,2026-08-06
XOM,154.84,2026-08-14,8,Call,170.00,-9.79%,0,0.15,0.17,587,375,1.57,29.14%,32.94%,0.029596,2026-08-06
SKHY,143.53,2026-08-14,8,Call,170.00,-18.44%,1.55,1.72,1.8,793,506,1.57,97.06%,104.18%,0.155003,2026-08-06
NBIS,189.88,2026-08-07,1,Put,187.50,-1.25%,4.35,4.55,4.75,1057,675,1.57,129.01%,143.90%,-0.418291,2026-08-06
TSLA,319.53,2026-08-07,1,Put,350.00,+9.54%,30.25,31.28,30.75,1452,927,1.57,42.15%,75.31%,-0.990087,2026-08-06
NVDA,218.99,2026-08-12,6,Call,222.50,-1.60%,2.37,2.33,2.45,11074,7038,1.57,40.12%,34.31%,0.371569,2026-08-06
AMZN,272.26,2026-08-07,1,Call,267.50,+1.75%,4.4,5.4,5.9,3071,1963,1.56,30.81%,32.83%,0.851005,2026-08-06
SNDK,1258.58,2026-08-07,1,Call,"1,660.00",-31.89%,0,0.15,0.4,547,351,1.56,101.13%,200.73%,0.004932,2026-08-06
ETSY,82.26,2027-01-15,162,Call,90.00,-9.41%,9.1,10.2,10.35,600,384,1.56,52.89%,55.83%,0.496061,2026-08-06
DFTX,46.14,2026-09-18,43,Call,50.00,-8.37%,5.2,5.49,6.8,624,401,1.56,127.76%,117.87%,0.50576,2026-08-06
UBER,70.47,2026-08-14,8,Put,68.00,-3.51%,0.47,0.5,0.51,627,401,1.56,34.02%,34.37%,-0.229502,2026-08-06
RAPP,46.35,2026-12-18,134,Call,55.00,-18.66%,6,7.27,9.2,685,439,1.56,78.13%,92.68%,0.500476,2026-08-06
WDC,451.52,2026-08-14,8,Call,460.00,-1.88%,18.75,20.5,21.05,969,620,1.56,84.25%,88.31%,0.471639,2026-08-06
SPCX,114.92,2026-08-14,8,Call,116.00,-0.94%,6.05,6,6.15,1063,682,1.56,85.45%,96.65%,0.504673,2026-08-06
RGTI,16.53,2026-09-18,43,Call,24.00,-45.19%,0.48,0.52,0.9,1066,682,1.56,99.25%,112.57%,0.223414,2026-08-06
TSLA,319.53,2026-08-14,8,Call,315.00,+1.42%,10.4,10.65,10.55,2034,1305,1.56,42.15%,41.94%,0.607901,2026-08-06
TSLA,319.53,2026-08-07,1,Call,307.50,+3.76%,12.2,12.6,12.5,2173,1397,1.56,42.15%,51.40%,0.925566,2026-08-06
U,40.81,2026-08-07,1,Call,39.00,+4.44%,1.92,2,2.25,518,335,1.55,65.20%,108.36%,0.796758,2026-08-06
PACS,46.67,2028-01-21,533,Call,17.50,+62.50%,30,32.04,34,543,350,1.55,54.69%,80.50%,0.940122,2026-08-06
DKNG,22.17,2026-08-07,1,Put,19.50,-12.04%,0.17,0.19,0.2,561,363,1.55,67.85%,230.75%,-0.130562,2026-08-06
AMD,489.28,2026-08-07,1,Put,457.50,-6.50%,0.48,0.5,0.64,572,368,1.55,65.32%,83.68%,-0.059691,2026-08-06
UNH,403.97,2026-08-07,1,Put,425.00,+5.21%,19.4,21.88,23.4,574,371,1.55,28.69%,63.58%,-0.934322,2026-08-06
QBTS,19.41,2026-08-07,1,Put,19.50,+0.46%,0.41,0.41,0.48,843,544,1.55,88.33%,97.66%,-0.527277,2026-08-06
AAOI,124.22,2026-08-07,1,Put,125.00,+0.63%,9.7,10.2,10.7,849,547,1.55,140.69%,377.69%,-0.473059,2026-08-06
CVS,96.22,2026-08-07,1,Put,104.00,+8.09%,6.45,7.31,8,974,630,1.55,28.10%,64.13%,-0.98951,2026-08-06
NVDA,218.99,2026-09-04,29,Put,205.00,-6.39%,4.65,4.67,4.8,994,641,1.55,40.12%,43.70%,-0.269127,2026-08-06
META,589.9,2026-08-14,8,Call,660.00,-11.88%,0.63,0.68,0.69,1358,877,1.55,37.16%,43.27%,0.043672,2026-08-06
NFLX,73.69,2026-08-14,8,Put,69.00,-6.36%,0.14,0.15,0.16,1500,968,1.55,34.04%,33.65%,-0.086951,2026-08-06
BA,232.19,2026-08-07,1,Put,232.50,+0.13%,1.75,1.95,2.25,1823,1177,1.55,31.90%,37.96%,-0.522713,2026-08-06
JOBY,8.23,2026-10-16,71,Call,11.00,-33.66%,0.38,0.4,0.42,3548,2296,1.55,75.52%,80.24%,0.266784,2026-08-06
PLTR,155.92,2026-08-14,8,Call,155.00,+0.59%,5.15,5.2,5.3,6921,4455,1.55,48.71%,51.06%,0.550381,2026-08-06
AAPL,312.41,2026-08-07,1,Put,327.50,+4.83%,13.3,14.73,15.4,7388,4768,1.55,25.24%,38.85%,-0.991596,2026-08-06
AMZN,272.26,2026-08-07,1,Call,272.50,-0.09%,1.96,2,2.02,13551,8730,1.55,30.81%,36.83%,0.48767,2026-08-06
HOOD,90.71,2026-08-07,1,Call,92.00,-1.42%,0.83,0.86,0.88,14434,9311,1.55,62.88%,73.58%,0.365097,2026-08-06
AAPL,312.41,2026-08-21,15,Call,312.50,-0.03%,6.25,6.35,6.6,2820,1834,1.54,25.24%,24.79%,0.518375,2026-08-06
AAPL,312.41,2026-08-07,1,Put,330.00,+5.63%,16.35,17.03,18.6,2977,1931,1.54,25.24%,44.24%,-0.992543,2026-08-06
NOK,9.43,2026-08-07,1,Put,12.00,+27.25%,2.46,2.54,2.7,565,367,1.54,67.15%,229.08%,-0.974539,2026-08-06
CRM,186.77,2026-08-14,8,Put,175.00,-6.30%,1.02,1.07,1.24,588,381,1.54,49.21%,46.48%,-0.161507,2026-08-06
GOOGL,357.75,2026-08-10,4,Put,360.00,+0.63%,4.75,4.9,5.05,616,401,1.54,31.42%,24.93%,-0.585837,2026-08-06
GOOG,356.62,2026-08-07,1,Put,380.00,+6.56%,22.6,23.35,24.7,774,502,1.54,30.84%,73.57%,-0.948771,2026-08-06
GEMI,3.98,2026-08-07,1,Call,1.50,+62.31%,2.15,2.48,2.8,807,525,1.54,121.09%,931.49%,0.987625,2026-08-06
NVO,45.97,2026-08-07,1,Put,49.00,+6.59%,2.9,3.25,3.6,1089,708,1.54,34.50%,115.80%,-0.847039,2026-08-06
CVS,96.22,2026-08-07,1,Put,103.00,+7.05%,5.45,6.2,7.2,1172,761,1.54,28.10%,57.15%,-0.988364,2026-08-06
DDOG,229.29,2026-08-07,1,Put,280.00,+22.12%,50,50.48,51.35,1208,783,1.54,57.17%,141.98%,-0.996722,2026-08-06
GME,19.23,2026-08-07,1,Put,21.50,+11.80%,1.46,2.25,2.81,1688,1098,1.54,36.77%,103.90%,-0.978427,2026-08-06
LOMA,10.79,2027-03-19,225,Put,10.00,-7.32%,0.4,1,3.1,2006,1300,1.54,77.05%,59.82%,-0.362203,2026-08-06
LCTX,1.13,2027-03-19,225,Call,2.0000,-76.99%,0,0.2,0.4,558,364,1.53,256.55%,129.65%,0.392184,2026-08-06
MU,881.47,2026-08-07,1,Put,745.00,-15.48%,0.09,0.13,0.15,833,543,1.53,77.92%,129.97%,-0.00608,2026-08-06
TRIP,10.42,2026-09-18,43,Put,11.00,+5.57%,0.95,1.01,1.65,856,559,1.53,56.87%,69.00%,-0.539035,2026-08-06
BE,228.96,2026-08-14,8,Put,210.00,-8.28%,6.75,7.89,8.55,891,581,1.53,113.80%,118.69%,-0.279676,2026-08-06
VST,141.38,2026-08-07,1,Call,145.00,-2.56%,2,2,2.31,989,645,1.53,53.35%,123.15%,0.359875,2026-08-06
MRVL,210.54,2026-08-07,1,Put,210.00,-0.26%,4,4,4.45,1594,1044,1.53,90.38%,102.48%,-0.469631,2026-08-06
NOK,9.43,2026-08-07,1,Put,11.50,+21.95%,1.97,2.04,2.19,1672,1093,1.53,67.15%,195.17%,-0.970868,2026-08-06
DKNG,22.17,2026-08-07,1,Put,19.00,-14.30%,0.11,0.12,0.13,1926,1262,1.53,67.85%,231.79%,-0.091211,2026-08-06
CMG,33.71,2026-08-14,8,Call,34.00,-0.86%,0.64,0.65,0.76,2452,1598,1.53,37.64%,41.28%,0.46151,2026-08-06
SNDK,1258.58,2026-08-07,1,Call,"1,600.00",-27.13%,0.05,0.1,0.15,4052,2645,1.53,101.13%,164.88%,0.003109,2026-08-06
PYPL,59.78,2026-08-14,8,Call,60.00,-0.37%,0.95,0.99,1,4514,2949,1.53,29.78%,30.12%,0.481222,2026-08-06
NVDA,218.99,2026-08-07,1,Call,217.50,+0.68%,2.67,2.7,2.78,42134,27617,1.53,40.12%,41.14%,0.630007,2026-08-06
SPCX,114.92,2026-08-14,8,Call,130.00,-13.12%,2.26,2.3,2.34,10784,7073,1.52,85.45%,104.48%,0.237386,2026-08-06
MSTR,96.85,2026-09-18,43,Put,190.00,+96.18%,91.75,93.73,94.15,520,343,1.52,69.93%,116.22%,-0.939751,2026-08-06
HIMS,29.66,2026-08-14,8,Call,31.00,-4.52%,1.56,1.75,2.1,638,420,1.52,97.50%,136.03%,0.454301,2026-08-06
CPNG,16.35,2026-08-07,1,Put,18.00,+10.09%,1.14,2.39,2.32,690,455,1.52,49.27%,155.44%,-0.873042,2026-08-06
SMR,9.47,2026-08-07,1,Put,11.50,+21.44%,1.81,2,2.19,802,528,1.52,93.34%,192.26%,-0.970131,2026-08-06
UBER,70.47,2026-09-18,43,Put,90.00,+27.71%,18.1,18.3,21.4,980,644,1.52,34.02%,48.74%,-0.925845,2026-08-06
CRWV,85.33,2026-08-07,1,Put,86.00,+0.79%,2.13,2.14,2.3,996,657,1.52,102.98%,104.29%,-0.545602,2026-08-06
PODD,139.3,2026-08-21,15,Call,135.00,+3.09%,7.4,7.4,8,1132,747,1.52,49.28%,46.39%,0.654087,2026-08-06
FIVN,28.37,2026-08-21,15,Put,25.00,-11.88%,1.35,1.35,1.5,1326,871,1.52,94.30%,130.59%,-0.269289,2026-08-06
NOW,117.35,2026-08-07,1,Call,114.00,+2.85%,3.85,3.96,4.1,515,340,1.51,57.65%,75.44%,0.775113,2026-08-06
MO,67.75,2026-08-07,1,Put,72.00,+6.27%,3.75,3.82,4.7,518,342,1.51,25.30%,49.69%,-0.989889,2026-08-06
AMD,489.28,2026-08-14,8,Call,545.00,-11.39%,4,4.96,4.55,536,354,1.51,65.32%,70.53%,0.165232,2026-08-06
PLTR,155.92,2026-08-07,1,Put,180.00,+15.44%,23.4,23.95,24.65,647,428,1.51,48.71%,108.69%,-0.994503,2026-08-06
FIGS,11.24,2026-08-21,15,Call,12.50,-11.21%,0.35,0.43,0.6,654,433,1.51,92.75%,101.63%,0.342538,2026-08-06
BTU,23.52,2026-10-16,71,Call,25.00,-6.29%,1.72,1.84,1.94,677,448,1.51,57.50%,57.84%,0.461774,2026-08-06
XPEV,11.68,2026-08-07,1,Put,13.00,+11.30%,1.25,1.33,1.42,677,447,1.51,60.37%,123.00%,-0.9488,2026-08-06
SNDK,1258.58,2026-08-07,1,Call,"1,420.00",-12.83%,1.45,1.55,1.95,1147,762,1.51,101.13%,134.98%,0.047336,2026-08-06
MO,67.75,2026-08-14,8,Put,69.00,+1.85%,1.18,1.53,1.96,1163,768,1.51,25.30%,18.86%,-0.744359,2026-08-06
AMZN,272.26,2026-08-07,1,Put,282.50,+3.76%,10,10.42,10.4,1242,825,1.51,30.81%,46.94%,-0.932385,2026-08-06
MP,47.49,2026-08-14,8,Call,60.00,-26.34%,0.24,0.24,0.3,1599,1056,1.51,75.15%,107.56%,0.0832,2026-08-06
NOW,117.35,2026-08-07,1,Call,118.00,-0.55%,1.47,1.55,1.61,1638,1083,1.51,57.65%,74.96%,0.452772,2026-08-06
JPM,356.3,2026-08-07,1,Call,357.50,-0.34%,1.25,1.26,1.47,1837,1215,1.51,20.83%,25.39%,0.404237,2026-08-06
SOFI,18.1,2026-08-14,8,Put,18.50,+2.21%,0.72,0.72,0.74,1840,1219,1.51,49.06%,47.51%,-0.60555,2026-08-06
JPM,356.3,2026-08-07,1,Call,362.50,-1.74%,0.13,0.16,0.19,1859,1234,1.51,20.83%,23.40%,0.081051,2026-08-06
AAPL,312.41,2026-08-10,4,Call,310.00,+0.77%,3.85,3.98,4.2,5898,3899,1.51,25.24%,19.78%,0.656069,2026-08-06
AAPL,312.41,2026-08-14,8,Call,330.00,-5.63%,0.5,0.53,0.55,6094,4044,1.51,25.24%,27.04%,0.091672,2026-08-06
INTC,99.81,2026-08-07,1,Put,95.00,-4.82%,0.34,0.36,0.39,13360,8854,1.51,77.74%,91.52%,-0.145322,2026-08-06
WFC,87.59,2026-08-07,1,Put,87.00,-0.67%,0.36,0.5,0.5,3385,2253,1.5,23.59%,37.65%,-0.361367,2026-08-06
ET,20.67,2028-12-15,862,Call,22.00,-6.43%,1.2,1.65,1.82,3548,2372,1.5,19.21%,19.97%,0.400099,2026-08-06
RKLB,75.67,2026-08-07,1,Call,76.00,-0.44%,1.45,1.52,1.61,3858,2580,1.5,99.58%,106.51%,0.480696,2026-08-06
IREN,37.93,2026-08-07,1,Put,38.00,+0.18%,1,1,1.05,4800,3196,1.5,110.29%,125.08%,-0.497682,2026-08-06
PLTR,155.92,2026-08-07,1,Call,162.50,-4.22%,0.29,0.29,0.3,10152,6756,1.5,48.71%,64.91%,0.115696,2026-08-06
ECHO,87.03,2026-09-18,43,Put,140.00,+60.86%,50.9,52,54.9,513,342,1.5,56.67%,67.65%,-0.990535,2026-08-06
TEAM,110.17,2026-08-07,1,Call,110.00,+0.15%,8.2,8.3,9,524,349,1.5,96.75%,370.79%,0.542012,2026-08-06
CRWD,207.39,2026-08-07,1,Put,207.50,+0.05%,2.71,2.9,3.15,578,386,1.5,61.32%,66.58%,-0.49819,2026-08-06
APP,335.67,2026-11-20,106,Call,480.00,-43.00%,15.2,16.14,18.7,591,394,1.5,64.65%,74.40%,0.253416,2026-08-06
TGTX,49.55,2026-09-18,43,Call,50.00,-0.91%,3.4,3.7,4.3,608,404,1.5,56.68%,58.40%,0.530656,2026-08-06
SPCX,114.92,2026-08-28,22,Call,112.00,+2.54%,10.85,10.5,11.55,610,408,1.5,85.45%,86.06%,0.593994,2026-08-06
CRM,186.77,2026-08-07,1,Put,187.50,+0.39%,2.54,3.35,3.1,673,448,1.5,49.21%,62.56%,-0.540203,2026-08-06
CSCO,120.88,2026-08-14,8,Call,120.00,+0.73%,5.4,5.62,5.85,699,466,1.5,48.39%,72.36%,0.550118,2026-08-06
UNH,403.97,2026-08-07,1,Put,432.50,+7.06%,27.55,28.86,30.45,746,496,1.5,28.69%,84.17%,-0.936656,2026-08-06
ORCL,143.47,2026-08-07,1,Put,138.00,-3.81%,0.3,0.35,0.4,842,560,1.5,70.20%,68.13%,-0.133588,2026-08-06
TXT,87.89,2026-11-20,106,Put,110.00,+25.16%,20.1,23.9,23.6,960,640,1.5,26.38%,46.51%,-0.782806,2026-08-06
TXT,87.89,2026-11-20,106,Put,115.00,+30.85%,25.1,28.9,28.9,960,640,1.5,26.38%,52.00%,-0.800778,2026-08-06
DIS,104.68,2026-08-07,1,Call,107.00,-2.22%,0.07,0.12,0.14,1004,670,1.5,24.93%,34.55%,0.114681,2026-08-06
UBER,70.47,2026-08-21,15,Call,71.00,-0.75%,1.74,1.79,1.85,1033,688,1.5,34.02%,35.00%,0.480406,2026-08-06
WFC,87.59,2026-08-14,8,Put,85.00,-2.96%,0.35,0.41,0.44,1042,693,1.5,23.59%,25.67%,-0.206822,2026-08-06
ECHO,87.03,2026-08-21,15,Put,120.00,+37.88%,30.9,32.56,34.9,1710,1140,1.5,56.67%,71.56%,-0.990545,2026-08-06
CMG,33.71,2026-08-07,1,Put,36.50,+8.28%,2.66,3.04,3.2,2022,1345,1.5,37.64%,129.95%,-0.871776,2026-08-06
UEC,10.76,2026-08-14,8,Call,10.00,+7.06%,0.8,1.04,1.04,573,385,1.49,76.54%,70.50%,0.776889,2026-08-06
AEVA,25.26,2026-08-21,15,Call,35.00,-38.56%,0.1,0.4,0.55,586,394,1.49,115.13%,122.10%,0.117436,2026-08-06
MSTR,96.85,2026-08-21,15,Call,104.00,-7.38%,2.62,2.53,2.9,686,461,1.49,69.93%,68.76%,0.333345,2026-08-06
INTC,99.81,2026-08-07,1,Call,78.00,+21.85%,21.55,22.12,22.45,1224,824,1.49,77.74%,264.80%,0.96774,2026-08-06
META,589.9,2026-08-07,1,Put,575.00,-2.53%,0.81,0.82,0.9,1329,891,1.49,37.16%,43.39%,-0.126837,2026-08-06
BA,232.19,2026-08-07,1,Put,235.00,+1.21%,3.25,3.6,3.9,1598,1076,1.49,31.90%,37.71%,-0.725519,2026-08-06
MNST,94.16,2026-08-21,15,Call,105.00,-11.51%,0.45,0.68,0.8,1891,1265,1.49,36.86%,47.26%,0.141397,2026-08-06
F,13.79,2026-08-07,1,Put,15.50,+12.40%,1.66,1.59,1.76,2276,1523,1.49,32.71%,117.52%,-0.969144,2026-08-06
HTZ,2.02,2026-08-21,15,Call,5.00,-147.52%,0.08,0.1,0.12,4206,2821,1.49,166.83%,346.66%,0.174565,2026-08-06
MU,881.47,2026-08-14,8,Put,800.00,-9.24%,11.5,11.84,12,3208,2163,1.48,77.92%,80.92%,-0.190698,2026-08-06
VST,141.38,2026-08-21,15,Call,165.00,-16.71%,0.88,0.88,0.96,30685,20742,1.48,53.35%,60.03%,0.11529,2026-08-06
WDC,451.52,2026-08-07,1,Put,375.00,-16.95%,0.03,0.1,0.1,544,367,1.48,84.25%,142.90%,-0.005856,2026-08-06
UNH,403.97,2026-08-07,1,Put,435.00,+7.68%,29.85,27.45,32.85,547,370,1.48,28.69%,83.10%,-0.953579,2026-08-06
IREN,37.93,2026-09-18,43,Call,44.00,-16.00%,3.6,3.7,3.95,641,434,1.48,110.29%,113.15%,0.429804,2026-08-06
SOUN,7.08,2026-09-04,29,Call,7.50,-5.93%,0.44,0.5,0.52,722,488,1.48,78.51%,80.85%,0.449736,2026-08-06
ASPN,6.89,2026-08-21,15,Call,7.50,-8.85%,0.25,0.25,0.55,827,557,1.48,98.61%,113.21%,0.401897,2026-08-06
TTD,17.67,2026-08-14,8,Call,19.00,-7.53%,0.9,0.96,0.94,828,559,1.48,87.19%,137.56%,0.401037,2026-08-06
C,133.82,2026-08-07,1,Put,132.00,-1.36%,0.32,0.32,0.4,915,619,1.48,28.68%,36.91%,-0.2355,2026-08-06
FIG,23.97,2026-08-07,1,Call,24.00,-0.13%,0.45,0.58,0.65,1795,1211,1.48,82.98%,112.58%,0.503957,2026-08-06
MNST,94.16,2026-08-21,15,Put,85.00,-9.73%,0.55,0.6,0.65,1796,1213,1.48,36.86%,47.06%,-0.128266,2026-08-06
NBIS,189.88,2026-08-14,8,Call,300.00,-57.99%,0.72,0.89,0.9,2063,1391,1.48,129.01%,169.53%,0.04516,2026-08-06
GOOG,356.62,2026-08-07,1,Call,367.50,-3.05%,0.18,0.21,0.22,2487,1679,1.48,30.84%,37.66%,0.065534,2026-08-06
MSFT,499.86,2026-08-21,15,Put,500.00,+0.03%,11.25,12,12.3,2573,1744,1.48,29.58%,29.62%,-0.483621,2026-08-06
NVO,45.97,2026-08-07,1,Put,51.00,+10.94%,4.95,5.24,5.55,535,364,1.47,34.50%,161.48%,-0.882312,2026-08-06
NVDA,218.99,2026-08-19,13,Call,240.00,-9.59%,0.68,0.77,0.73,550,375,1.47,40.12%,36.60%,0.101034,2026-08-06
SNDK,1258.58,2026-08-07,1,Call,"1,440.00",-14.41%,0.8,1.2,1.2,615,417,1.47,101.13%,134.11%,0.029934,2026-08-06
MU,881.47,2026-08-10,4,Put,840.00,-4.70%,8.35,8.58,8.8,700,477,1.47,77.92%,66.44%,-0.231862,2026-08-06
SPCX,114.92,2026-08-14,8,Put,102.00,-11.24%,1.56,1.64,1.63,910,618,1.47,85.45%,93.48%,-0.174581,2026-08-06
UNH,403.97,2026-08-07,1,Call,415.00,-2.73%,0.26,0.34,0.34,1790,1214,1.47,28.69%,37.06%,0.084251,2026-08-06
MU,881.47,2026-08-14,8,Call,"1,100.00",-24.79%,2.03,2.1,2.26,3061,2084,1.47,77.92%,86.27%,0.048046,2026-08-06
UBER,70.47,2026-12-18,134,Call,80.00,-13.52%,3.4,3.58,3.55,6913,4699,1.47,34.02%,38.22%,0.355347,2026-08-06
ORCL,143.47,2026-08-07,1,Call,145.00,-1.07%,1.27,1.29,1.33,9082,6177,1.47,70.20%,65.34%,0.385394,2026-08-06
WMT,112.07,2026-08-07,1,Call,113.00,-0.83%,0.3,0.3,0.34,5166,3548,1.46,32.45%,29.12%,0.298171,2026-08-06
CRWV,85.33,2026-08-07,1,Call,90.00,-5.47%,0.48,0.5,0.55,7118,4871,1.46,102.98%,112.49%,0.191084,2026-08-06
OXY,56.04,2026-08-07,1,Put,56.00,-0.07%,0.45,0.43,0.75,540,371,1.46,34.89%,53.09%,-0.483606,2026-08-06
AAOI,124.22,2026-08-07,1,Put,105.00,-15.47%,2.35,2.45,2.55,764,525,1.46,140.69%,376.35%,-0.170454,2026-08-06
PCT,6.87,2026-08-07,1,Put,6.50,-5.39%,0.3,0.31,0.4,964,660,1.46,111.15%,369.04%,-0.350611,2026-08-06
BABA,126.81,2026-08-07,1,Put,124.00,-2.22%,0.28,0.31,0.33,994,681,1.46,45.36%,47.09%,-0.178261,2026-08-06
NOW,117.35,2026-08-07,1,Call,121.00,-3.11%,0.57,0.66,0.66,1164,798,1.46,57.65%,76.64%,0.229316,2026-08-06
SKHY,143.53,2026-08-14,8,Put,100.00,-30.33%,0.2,0.3,0.35,1508,1030,1.46,97.06%,130.69%,-0.024524,2026-08-06
GOOGL,357.75,2026-08-14,8,Call,360.00,-0.63%,5.75,5.85,6,1612,1104,1.46,31.42%,32.20%,0.463263,2026-08-06
MSTR,96.85,2026-08-07,1,Put,92.00,-5.01%,0.22,0.25,0.3,2037,1393,1.46,69.93%,85.27%,-0.119901,2026-08-06
CHYM,31.25,2026-08-21,15,Call,32.50,-4.00%,1,1.05,1.15,2552,1746,1.46,60.46%,62.35%,0.406965,2026-08-06
COIN,145.41,2026-08-14,8,Call,150.00,-3.16%,3.8,4.1,4.1,519,359,1.45,67.58%,67.91%,0.400911,2026-08-06
SEDG,32.67,2026-08-21,15,Put,60.00,+83.65%,27.1,27.55,27.45,541,374,1.45,93.68%,174.73%,-0.940412,2026-08-06
UNH,403.97,2026-08-28,22,Call,450.00,-11.39%,0.7,0.9,1.1,566,391,1.45,28.69%,29.15%,0.071959,2026-08-06
ROKU,150.07,2026-08-21,15,Call,150.00,+0.05%,2.9,3.5,5.2,756,520,1.45,22.57%,32.18%,0.524974,2026-08-06
VST,141.38,2026-11-20,106,Put,130.00,-8.05%,9.65,9.8,10.3,809,559,1.45,53.35%,53.28%,-0.32178,2026-08-06
MU,881.47,2026-08-07,1,Put,785.00,-10.94%,0.28,0.3,0.35,902,620,1.45,77.92%,106.42%,-0.017428,2026-08-06
META,589.9,2026-08-10,4,Call,600.00,-1.71%,3.8,3.95,4.5,1030,709,1.45,37.16%,32.84%,0.320503,2026-08-06
AAPL,312.41,2026-08-10,4,Put,305.00,-2.37%,0.5,0.52,0.65,3048,2104,1.45,25.24%,22.59%,-0.148976,2026-08-06
SPCX,114.92,2026-08-14,8,Call,150.00,-30.53%,0.64,0.65,0.68,7199,4974,1.45,85.45%,118.82%,0.077524,2026-08-06
OXY,56.04,2026-08-07,1,Call,57.00,-1.71%,0.25,0.27,0.31,2781,1930,1.44,34.89%,55.04%,0.283102,2026-08-06
ASTS,67.36,2026-08-07,1,Call,71.00,-5.40%,0.4,0.44,0.48,3160,2197,1.44,106.58%,115.07%,0.199862,2026-08-06
GOOG,356.62,2026-08-07,1,Put,355.00,-0.45%,1.65,1.73,1.8,4336,3019,1.44,30.84%,33.14%,-0.391385,2026-08-06
HD,349.52,2026-08-07,1,Call,355.00,-1.57%,0.31,1.1,1,582,405,1.44,32.43%,33.87%,0.19287,2026-08-06
SPCX,114.92,2026-08-28,22,Call,165.00,-43.58%,1.15,1.09,1.25,604,418,1.44,85.45%,102.81%,0.097113,2026-08-06
UBER,70.47,2026-08-21,15,Call,76.00,-7.85%,0.42,0.44,0.43,646,450,1.44,34.02%,35.80%,0.162482,2026-08-06
TSM,418.2,2026-08-07,1,Put,402.50,-3.75%,0.16,0.2,0.29,786,547,1.44,42.55%,45.63%,-0.052913,2026-08-06
NBIS,189.88,2026-08-14,8,Put,125.00,-34.17%,0.61,0.68,0.75,888,618,1.44,129.01%,165.92%,-0.033789,2026-08-06
CMPX,1.99,2026-11-20,106,Call,3.0000,-50.75%,0,0.34,0.75,1000,695,1.44,124.15%,149.70%,0.463475,2026-08-06
UUUU,12.9,2026-08-14,8,Call,13.50,-4.65%,0.36,0.4,0.45,1139,793,1.44,79.42%,84.52%,0.384198,2026-08-06
IBM,233.43,2026-08-14,8,Put,210.00,-10.04%,0.25,0.25,0.5,1155,804,1.44,38.09%,45.65%,-0.054616,2026-08-06
SNDK,1258.58,2026-08-07,1,Call,"1,550.00",-23.15%,0.05,0.19,0.2,1704,1184,1.44,101.13%,148.63%,0.004191,2026-08-06
LRCX,305.77,2026-08-14,8,Put,190.00,-37.86%,0.01,0.14,0.24,504,353,1.43,75.04%,133.48%,-0.006042,2026-08-06
PLTR,155.92,2026-08-14,8,Put,147.00,-5.72%,1.34,1.39,1.43,613,429,1.43,48.71%,50.81%,-0.203177,2026-08-06
CAVA,62.23,2026-08-21,15,Call,75.00,-20.52%,1.15,1.2,1.5,615,431,1.43,75.75%,99.26%,0.206186,2026-08-06
SPCX,114.92,2026-08-14,8,Call,117.00,-1.81%,5.65,5.57,5.75,723,505,1.43,85.45%,97.17%,0.481156,2026-08-06
ASM,6.38,2027-01-15,162,Call,12.50,-95.92%,0.3,0.4,0.45,1006,704,1.43,91.34%,91.32%,0.219652,2026-08-06
RKT,13.22,2026-08-07,1,Put,12.50,-5.45%,0.19,0.21,0.23,2635,1846,1.43,63.66%,181.92%,-0.262141,2026-08-06
RKLB,75.67,2026-08-07,1,Call,78.00,-3.08%,0.78,0.82,0.87,3588,2513,1.43,99.58%,108.85%,0.307786,2026-08-06
AMD,489.28,2026-08-07,1,Put,460.00,-5.98%,0.64,0.68,0.74,3688,2578,1.43,65.32%,82.18%,-0.072391,2026-08-06
RDW,11.83,2026-08-07,1,Call,12.00,-1.44%,0.2,0.3,0.35,4663,3272,1.43,105.87%,141.93%,0.438957,2026-08-06
IREN,37.93,2026-08-21,15,Call,40.00,-5.46%,2.45,2.5,2.63,9481,6650,1.43,110.29%,109.90%,0.452057,2026-08-06
MU,881.47,2026-08-07,1,Put,750.00,-14.91%,0.13,0.14,0.15,4765,3349,1.42,77.92%,127.66%,-0.007111,2026-08-06
TSLA,319.53,2026-08-07,1,Call,337.50,-5.62%,0.12,0.13,0.14,5647,3963,1.42,42.15%,57.03%,0.034803,2026-08-06
AMZN,272.26,2026-08-07,1,Call,280.00,-2.84%,0.2,0.21,0.22,22765,16043,1.42,30.81%,38.48%,0.084297,2026-08-06
LCID,6.98,2026-08-14,8,Call,6.50,+6.88%,0.4,0.54,0.65,541,380,1.42,98.76%,48.43%,0.851024,2026-08-06
VRT,275.17,2026-08-21,15,Put,265.00,-3.70%,9.9,10,10.7,571,401,1.42,65.99%,68.66%,-0.36355,2026-08-06
OKLO,42.19,2026-08-28,22,Call,65.00,-54.06%,0.21,0.34,0.7,814,572,1.42,94.70%,117.89%,0.089941,2026-08-06
PBR,18.52,2026-08-07,1,Put,19.00,+2.59%,0.28,0.61,0.89,834,588,1.42,32.26%,72.26%,-0.744432,2026-08-06
RKLB,75.67,2026-08-07,1,Call,83.00,-9.69%,0.11,0.14,0.22,955,673,1.42,99.58%,121.58%,0.077871,2026-08-06
UAA,6.4,2026-08-21,15,Put,6.00,-6.25%,0.2,0.25,0.25,1131,796,1.42,60.70%,79.15%,-0.311913,2026-08-06
TSLA,319.53,2026-08-10,4,Put,300.00,-6.11%,0.24,0.26,0.26,1154,815,1.42,42.15%,36.86%,-0.048109,2026-08-06
INTC,99.81,2026-08-14,8,Put,88.00,-11.83%,0.76,0.83,0.91,1156,814,1.42,77.74%,80.83%,-0.131882,2026-08-06
GOOG,356.62,2026-08-14,8,Call,370.00,-3.75%,2.03,2.14,2.19,1835,1292,1.42,30.84%,31.37%,0.225428,2026-08-06
WMT,112.07,2026-08-07,1,Put,111.00,-0.95%,0.24,0.3,0.29,2271,1603,1.42,32.45%,28.79%,-0.25829,2026-08-06
SKHY,143.53,2026-08-07,1,Call,140.00,+2.46%,5,5.6,6,2374,1675,1.42,97.06%,116.30%,0.670473,2026-08-06
LYFT,16.3,2026-09-18,43,Call,16.00,+1.84%,1.4,1.49,1.61,2470,1744,1.42,63.72%,59.56%,0.584913,2026-08-06
ZVRA,11.88,2027-12-17,498,Put,17.00,+43.10%,4,7,9,531,377,1.41,79.40%,60.24%,-0.569011,2026-08-06
MU,881.47,2026-08-14,8,Put,630.00,-28.53%,0.4,0.45,0.56,544,387,1.41,77.92%,101.29%,-0.010185,2026-08-06
MU,881.47,2026-12-18,134,Put,530.00,-39.87%,25.2,26.25,27.05,630,447,1.41,77.92%,83.15%,-0.099179,2026-08-06
RUN,9.38,2026-08-07,1,Put,9.50,+1.28%,0.21,0.25,0.36,658,466,1.41,81.62%,111.79%,-0.574051,2026-08-06
CRM,186.77,2026-08-28,22,Put,185.00,-0.95%,8.7,9.48,9.85,679,483,1.41,49.21%,56.46%,-0.44125,2026-08-06
PZZA,24.64,2026-09-18,43,Call,32.50,-31.90%,0.25,0.38,0.5,714,507,1.41,51.82%,68.54%,0.140081,2026-08-06
AVGO,420.57,2026-08-07,1,Put,422.50,+0.46%,5.45,5.85,6,946,672,1.41,51.68%,53.54%,-0.558629,2026-08-06
T,23.71,2026-08-14,8,Call,23.50,+0.89%,0.35,0.43,0.54,1091,775,1.41,26.42%,23.84%,0.604145,2026-08-06
TSLA,319.53,2026-09-18,43,Call,315.00,+1.42%,21.45,21.8,21.75,1709,1209,1.41,42.15%,42.71%,0.579465,2026-08-06
BAC,63,2026-08-14,8,Call,64.00,-1.59%,0.32,0.37,0.38,1837,1301,1.41,20.79%,19.66%,0.303976,2026-08-06
BE,228.96,2026-08-14,8,Put,175.00,-23.57%,1.2,1.5,1.55,2207,1566,1.41,113.80%,129.27%,-0.066302,2026-08-06
AAPL,312.41,2026-08-28,22,Call,315.00,-0.83%,6.55,6.6,6.7,2370,1681,1.41,25.24%,24.66%,0.47065,2026-08-06
NN,15,2026-08-21,15,Call,20.00,-33.33%,0.25,0.48,0.75,5170,3669,1.41,128.99%,151.53%,0.218229,2026-08-06
ASTS,67.36,2026-08-07,1,Call,70.00,-3.92%,0.61,0.61,0.68,6198,4410,1.41,106.58%,114.06%,0.270108,2026-08-06
DKNG,22.17,2026-11-20,106,Call,37.50,-69.15%,0.19,0.19,0.37,42955,30564,1.41,67.85%,63.37%,0.090839,2026-08-06
CIFR,18.21,2026-09-18,43,Call,22.00,-20.81%,1.57,1.58,1.64,3319,2374,1.4,113.99%,114.26%,0.391679,2026-08-06
SKHY,143.53,2026-08-07,1,Call,150.00,-4.51%,1,1.07,1.15,3662,2613,1.4,97.06%,109.73%,0.230468,2026-08-06
MSFT,499.86,2026-08-07,1,Call,490.00,+1.97%,10.4,11.05,11.55,4732,3390,1.4,29.58%,42.05%,0.821185,2026-08-06
META,589.9,2026-11-20,106,Put,585.00,-0.83%,46.85,46.89,48.3,5117,3654,1.4,37.16%,41.78%,-0.427661,2026-08-06
UBER,70.47,2026-12-18,134,Call,100.00,-41.90%,0.7,0.74,0.8,6684,4782,1.4,34.02%,39.86%,0.102064,2026-08-06
NVDA,218.99,2026-08-14,8,Call,220.00,-0.46%,4.25,4.15,4.35,14836,10586,1.4,40.12%,36.40%,0.481789,2026-08-06
CLS,314.53,2026-08-07,1,Call,330.00,-4.92%,0.35,0.85,1.3,627,448,1.4,70.55%,79.35%,0.128626,2026-08-06
FIG,23.97,2028-01-21,533,Call,85.00,-254.61%,1.59,2.27,3.35,644,461,1.4,82.98%,85.37%,0.256586,2026-08-06
AMZN,272.26,2026-08-10,4,Call,277.50,-1.92%,1.15,1.18,1.26,1002,717,1.4,30.81%,27.20%,0.260674,2026-08-06
INTC,99.81,2026-08-28,22,Call,130.00,-30.25%,0.96,1.16,1.2,1195,856,1.4,77.74%,83.00%,0.117819,2026-08-06
SPCX,114.92,2026-08-21,15,Put,107.00,-6.89%,4.65,4.74,4.75,1569,1117,1.4,85.45%,90.50%,-0.312799,2026-08-06
CRWD,207.39,2026-08-07,1,Call,210.00,-1.26%,1.75,1.73,1.89,1596,1142,1.4,61.32%,67.35%,0.36905,2026-08-06
RUN,9.38,2027-01-15,162,Call,10.00,-6.61%,1.85,1.94,2.11,2350,1681,1.4,81.62%,87.33%,0.58326,2026-08-06
CAT,856.96,2026-08-07,1,Call,930.00,-8.52%,0.01,0.13,0.29,543,392,1.39,42.59%,70.20%,0.01372,2026-08-06
COP,116.76,2026-08-07,1,Call,117.00,-0.21%,0.78,1.03,0.93,557,400,1.39,32.00%,39.71%,0.465155,2026-08-06
AVGO,420.57,2026-08-17,11,Call,417.50,+0.73%,13.9,16.67,15.85,635,456,1.39,51.68%,45.12%,0.55721,2026-08-06
UWMC,1.2,2026-11-20,106,Put,2.0000,+66.67%,0.8,0.95,0.95,683,492,1.39,99.29%,45.54%,-0.908692,2026-08-06
MU,881.47,2026-08-07,1,Call,835.00,+5.27%,46.9,55,52.1,699,502,1.39,77.92%,94.70%,0.868539,2026-08-06
GOOG,356.62,2027-06-17,315,Call,290.00,+18.68%,90.95,92.83,93.8,803,579,1.39,30.84%,38.32%,0.800561,2026-08-06
PBR,18.52,2026-08-07,1,Put,18.00,-2.81%,0.1,0.1,0.12,919,660,1.39,32.26%,79.07%,-0.238959,2026-08-06
MSTR,96.85,2026-08-21,15,Put,83.00,-14.30%,0.92,0.9,1.06,1200,862,1.39,69.93%,72.82%,-0.129554,2026-08-06
TER,384.89,2026-08-14,8,Put,385.00,+0.03%,20.4,20.28,21.5,1334,963,1.39,87.69%,92.58%,-0.47172,2026-08-06
DIS,104.68,2026-08-14,8,Call,105.00,-0.31%,1.41,1.54,1.61,1372,989,1.39,24.93%,26.77%,0.478664,2026-08-06
AMZN,272.26,2026-08-28,22,Call,275.00,-1.01%,7,7,7.6,1455,1044,1.39,30.81%,31.11%,0.474368,2026-08-06
ADBE,260.24,2026-08-07,1,Call,270.00,-3.75%,0.48,0.72,0.87,1570,1128,1.39,54.86%,65.97%,0.147746,2026-08-06
PLTR,155.92,2026-08-07,1,Put,157.50,+1.01%,2.86,2.89,2.9,6296,4539,1.39,48.71%,61.12%,-0.616701,2026-08-06
CVNA,68.34,2026-12-18,134,Call,80.00,-17.06%,6.35,6.62,6.9,7240,5230,1.38,57.99%,62.92%,0.426367,2026-08-06
C,133.82,2026-08-14,8,Call,137.00,-2.38%,1,1.05,1.16,518,376,1.38,28.68%,28.96%,0.302449,2026-08-06
TTWO,232.47,2026-09-18,43,Call,220.00,+5.36%,22.1,22,24.5,689,500,1.38,55.24%,50.80%,0.665855,2026-08-06
OKLO,42.19,2026-08-07,1,Put,38.50,-8.75%,0.4,0.49,0.54,820,594,1.38,94.70%,204.68%,-0.181721,2026-08-06
WDC,451.52,2026-08-07,1,Put,410.00,-9.20%,0.35,0.53,0.61,975,708,1.38,84.25%,110.03%,-0.044077,2026-08-06
NVDA,218.99,2026-08-10,4,Put,207.50,-5.25%,0.27,0.3,0.29,1597,1157,1.38,40.12%,36.30%,-0.074131,2026-08-06
CLOV,4.66,2026-09-18,43,Call,6.00,-28.76%,0.09,0.14,0.15,675,492,1.37,68.07%,74.93%,0.201219,2026-08-06
PYPL,59.78,2026-09-18,43,Put,52.50,-12.18%,0.38,0.45,0.46,1324,968,1.37,29.78%,34.15%,-0.116567,2026-08-06
SKHY,143.53,2026-08-14,8,Put,120.00,-16.39%,1.65,1.75,1.85,1672,1223,1.37,97.06%,116.86%,-0.130145,2026-08-06
NOW,117.35,2026-08-07,1,Call,116.00,+1.15%,2.51,2.59,2.66,1725,1258,1.37,57.65%,74.88%,0.624536,2026-08-06
ABNB,151.64,2026-08-21,15,Call,160.00,-5.51%,3.25,3.3,3.35,1919,1397,1.37,43.09%,52.28%,0.330206,2026-08-06
META,589.9,2026-08-07,1,Put,570.00,-3.37%,0.39,0.41,0.44,2061,1507,1.37,37.16%,44.44%,-0.06806,2026-08-06
AVGO,420.57,2026-08-07,1,Call,440.00,-4.62%,0.29,0.3,0.35,2781,2036,1.37,51.68%,55.32%,0.061426,2026-08-06
EIX,67.23,2026-09-18,43,Put,67.50,+0.40%,3.4,3.6,4.1,4574,3337,1.37,39.12%,38.80%,-0.487376,2026-08-06
NOK,9.43,2026-12-18,134,Put,7.00,-25.77%,0.34,0.42,0.44,5363,3931,1.36,67.15%,64.84%,-0.164069,2026-08-06
UAA,6.4,2026-10-16,71,Put,6.00,-6.25%,0.3,0.37,0.45,70148,51507,1.36,60.70%,52.30%,-0.337121,2026-08-06
QBTS,19.41,2026-08-14,8,Call,23.00,-18.50%,0.16,0.19,0.2,682,502,1.36,88.33%,97.37%,0.135338,2026-08-06
SNDK,1258.58,2026-08-07,1,Call,"1,505.00",-19.58%,0.1,0.3,0.35,792,582,1.36,101.13%,138.63%,0.007634,2026-08-06
GEMI,3.98,2026-08-14,8,Put,4.00,+0.50%,0.1,0.33,0.5,859,632,1.36,121.09%,123.84%,-0.472975,2026-08-06
MU,881.47,2026-08-28,22,Call,900.00,-2.10%,60.05,61.82,61.3,886,653,1.36,77.92%,78.91%,0.500199,2026-08-06
MO,67.75,2026-08-07,1,Put,73.00,+7.75%,4.6,4.56,6.1,925,679,1.36,25.30%,93.73%,-0.932809,2026-08-06
IREN,37.93,2026-09-04,29,Call,50.00,-31.82%,1.48,1.6,1.96,1048,772,1.36,110.29%,119.78%,0.260733,2026-08-06
AAPL,312.41,2026-08-12,6,Call,310.00,+0.77%,5,5.1,5.3,1288,949,1.36,25.24%,23.38%,0.614585,2026-08-06
USAR,17.41,2026-08-14,8,Call,20.00,-14.88%,0.33,0.34,0.42,1619,1188,1.36,101.72%,115.09%,0.234467,2026-08-06
GLW,157.18,2026-10-16,71,Put,145.00,-7.75%,13.75,13.5,15.15,506,375,1.35,76.42%,76.87%,-0.336457,2026-08-06
SKHY,143.53,2026-08-07,1,Put,134.00,-6.64%,0.55,0.7,0.8,537,398,1.35,97.06%,124.43%,-0.138084,2026-08-06
DELL,437.65,2026-08-07,1,Call,460.00,-5.11%,1.43,1.65,2,569,420,1.35,86.74%,92.44%,0.157782,2026-08-06
GOOGL,357.75,2026-08-14,8,Put,352.50,-1.47%,3.8,4.15,4.3,630,468,1.35,31.42%,30.64%,-0.35848,2026-08-06
B,41.37,2027-06-17,315,Call,60.00,-45.03%,2.08,2.39,2.61,742,548,1.35,44.88%,45.85%,0.265997,2026-08-06
UPS,103.2,2026-08-21,15,Call,103.00,+0.19%,1.8,1.94,2.05,899,664,1.35,27.03%,22.48%,0.518274,2026-08-06
MU,881.47,2026-08-07,1,Call,830.00,+5.84%,50.95,54.74,56.9,973,723,1.35,77.92%,95.53%,0.890696,2026-08-06
AAPL,312.41,2026-09-04,29,Call,315.00,-0.83%,7.7,7.93,8.15,1036,770,1.35,25.24%,24.94%,0.481844,2026-08-06
CRCL,63.28,2026-08-07,1,Call,67.00,-5.88%,0.3,0.4,0.34,1388,1031,1.35,83.21%,110.24%,0.168649,2026-08-06
AMD,489.28,2026-08-07,1,Put,495.00,+1.17%,10.6,11.11,11.4,1637,1212,1.35,65.32%,76.27%,-0.606168,2026-08-06
STM,53.28,2026-11-20,106,Call,80.00,-50.15%,1.6,1.73,1.8,1652,1220,1.35,63.18%,68.42%,0.185807,2026-08-06
WFC,87.59,2026-10-16,71,Call,85.00,+2.96%,5.3,5.65,5.7,1996,1476,1.35,23.59%,25.90%,0.633755,2026-08-06
OPEN,3.44,2026-08-14,8,Put,3.50,+1.74%,0.16,0.19,0.19,3611,2680,1.35,82.57%,71.84%,-0.53586,2026-08-06
NBIS,189.88,2026-08-07,1,Put,190.00,+0.06%,5.6,5.72,5.8,5013,3706,1.35,129.01%,142.45%,-0.488073,2026-08-06
MU,881.47,2026-08-14,8,Call,"1,200.00",-36.14%,0.53,0.58,0.65,1981,1481,1.34,77.92%,92.26%,0.014477,2026-08-06
AMD,489.28,2026-08-07,1,Call,507.50,-3.72%,2.14,2.27,2.32,2249,1680,1.34,65.32%,80.28%,0.198553,2026-08-06
LRCX,305.77,2026-08-21,15,Call,240.00,+21.51%,66.35,70.4,69.45,500,376,1.33,75.04%,86.93%,0.929122,2026-08-06
TSLA,319.53,2026-10-16,71,Call,560.00,-75.26%,0.81,0.87,0.94,582,439,1.33,42.15%,61.64%,0.028648,2026-08-06
META,589.9,2026-08-14,8,Call,610.00,-3.41%,5.8,5.95,6.45,739,556,1.33,37.16%,38.92%,0.294471,2026-08-06
FRMI,6.19,2026-08-07,1,Call,1.50,+75.77%,4.4,4.7,5,812,612,1.33,134.30%,"1,242.53%",0.993871,2026-08-06
AES,14.7,2026-08-21,15,Put,16.00,+8.84%,1.08,0.96,1.38,1168,881,1.33,12.11%,21.05%,-0.973948,2026-08-06
COIN,145.41,2026-08-07,1,Put,142.00,-2.35%,0.84,0.88,1.07,1211,909,1.33,67.58%,75.57%,-0.266959,2026-08-06
OKLO,42.19,2026-08-07,1,Put,36.00,-14.67%,0.13,0.15,0.18,1353,1016,1.33,94.70%,214.36%,-0.07063,2026-08-06
GME,19.23,2026-08-14,8,Call,19.00,+1.20%,0.46,0.52,0.5,1629,1224,1.33,36.77%,32.10%,0.603463,2026-08-06
META,589.9,2027-03-19,225,Call,"1,000.00",-69.52%,8.2,8.76,9.6,1766,1325,1.33,37.16%,44.79%,0.10333,2026-08-06
NOW,117.35,2027-01-15,162,Put,110.00,-6.26%,13.4,13.9,14.2,5002,3762,1.33,57.65%,60.17%,-0.347041,2026-08-06
MU,881.47,2026-08-07,1,Call,"1,000.00",-13.45%,0.16,0.16,0.17,18939,14207,1.33,77.92%,102.93%,0.010373,2026-08-06
NFLX,73.69,2026-08-07,1,Put,72.00,-2.29%,0.08,0.1,0.09,4914,3731,1.32,34.04%,37.84%,-0.117815,2026-08-06
AMD,489.28,2026-08-10,4,Call,540.00,-10.37%,0.84,0.99,1.02,558,424,1.32,65.32%,61.74%,0.068416,2026-08-06
OPEN,3.44,2026-10-16,71,Call,3.00,+12.79%,0.65,0.74,0.85,573,433,1.32,82.57%,85.81%,0.716956,2026-08-06
VST,141.38,2026-08-14,8,Call,155.00,-9.63%,1.27,1.4,1.56,646,488,1.32,53.35%,66.95%,0.191599,2026-08-06
NET,284.43,2026-09-18,43,Call,280.00,+1.56%,28,29.58,30.3,665,505,1.32,74.81%,68.18%,0.580344,2026-08-06
AMZN,272.26,2026-08-12,6,Call,280.00,-2.84%,1.44,1.55,1.74,732,553,1.32,30.81%,30.97%,0.251059,2026-08-06
AVGO,420.57,2026-08-07,1,Put,395.00,-6.08%,0.1,0.14,0.18,735,557,1.32,51.68%,62.48%,-0.02642,2026-08-06
SPCX,114.92,2026-08-14,8,Call,108.00,+6.02%,9.8,10.2,10.55,827,627,1.32,85.45%,91.83%,0.702187,2026-08-06
UUUU,12.9,2026-09-18,43,Put,11.00,-14.73%,0.54,0.57,0.58,1169,886,1.32,79.42%,80.54%,-0.233219,2026-08-06
PLTR,155.92,2027-03-19,225,Put,140.00,-10.21%,17,17,17.25,1321,999,1.32,48.71%,55.98%,-0.306447,2026-08-06
BABA,126.81,2026-08-07,1,Call,127.00,-0.15%,1.01,1.11,1.2,1661,1256,1.32,45.36%,45.17%,0.479618,2026-08-06
CVX,189.23,2026-08-07,1,Put,187.50,-0.91%,0.57,0.58,0.75,1733,1315,1.32,27.13%,34.39%,-0.301779,2026-08-06
XEL,76.97,2027-03-19,225,Put,65.00,-15.55%,1.85,2.3,2.7,1758,1331,1.32,21.92%,30.62%,-0.19621,2026-08-06
FLNC,13.21,2026-08-21,15,Call,15.00,-13.55%,0.6,0.7,0.8,2513,1906,1.32,116.75%,124.30%,0.354776,2026-08-06
INTC,99.81,2026-08-07,1,Put,117.00,+17.22%,16.6,15.91,17.65,539,412,1.31,77.74%,122.46%,-0.993332,2026-08-06
SPCX,114.92,2026-08-28,22,Put,108.00,-6.02%,6.35,6.55,6.5,665,509,1.31,85.45%,87.95%,-0.343073,2026-08-06
MU,881.47,2026-08-07,1,Put,765.00,-13.21%,0.15,0.14,0.21,694,529,1.31,77.92%,117.32%,-0.009652,2026-08-06
CVNA,68.34,2026-08-14,8,Call,70.00,-2.43%,1.53,1.65,1.75,750,571,1.31,57.99%,57.71%,0.409463,2026-08-06
MSFT,499.86,2026-08-10,4,Put,490.00,-1.97%,1.83,2.15,2.21,1007,770,1.31,29.58%,27.45%,-0.236512,2026-08-06
MU,881.47,2026-08-07,1,Put,760.00,-13.78%,0.13,0.15,0.2,1024,781,1.31,77.92%,120.75%,-0.008688,2026-08-06
RDW,11.83,2026-08-07,1,Call,12.50,-5.66%,0.1,0.12,0.15,2007,1535,1.31,105.87%,144.28%,0.244933,2026-08-06
WMT,112.07,2026-08-07,1,Put,112.00,-0.06%,0.57,0.65,0.68,2235,1702,1.31,32.45%,28.34%,-0.478573,2026-08-06
RGTI,16.53,2026-08-21,15,Put,13.00,-21.36%,0.14,0.17,0.22,3072,2342,1.31,99.25%,101.90%,-0.101528,2026-08-06
DKNG,22.17,2026-08-07,1,Call,24.50,-10.51%,0.35,0.38,0.45,2760,2118,1.3,67.85%,252.57%,0.245358,2026-08-06
RKT,13.22,2026-08-21,15,Put,12.00,-9.23%,0.25,0.32,0.34,3303,2550,1.3,63.66%,74.52%,-0.234156,2026-08-06
CLSK,12.75,2026-08-07,1,Call,14.00,-9.80%,0.11,0.14,0.16,3632,2788,1.3,99.58%,196.07%,0.195131,2026-08-06
NBIS,189.88,2026-08-07,1,Put,200.00,+5.33%,12.05,12.3,12.5,5991,4619,1.3,129.01%,144.95%,-0.740774,2026-08-06
SMCI,29.38,2026-08-14,8,Call,29.50,-0.41%,2.06,2.18,2.18,574,442,1.3,96.39%,124.91%,0.529781,2026-08-06
SAP,199.46,2026-08-07,1,Call,200.00,-0.27%,1.4,1.75,1.95,606,467,1.3,40.51%,46.38%,0.460219,2026-08-06
ON,78.33,2026-08-07,1,Call,82.00,-4.69%,0.18,0.32,0.49,638,489,1.3,68.43%,90.20%,0.172515,2026-08-06
PLTR,155.92,2026-08-14,8,Call,172.50,-10.63%,0.55,0.57,0.61,686,526,1.3,48.71%,52.20%,0.104067,2026-08-06
HASI,38.24,2026-08-21,15,Call,40.00,-4.60%,0.45,1.1,1.05,1028,789,1.3,39.55%,46.48%,0.331931,2026-08-06
SPCX,114.92,2026-08-28,22,Call,120.00,-4.42%,7.95,8,8.1,1247,961,1.3,85.45%,89.43%,0.469189,2026-08-06
DIS,104.68,2026-08-07,1,Call,104.00,+0.65%,1.03,1.13,1.18,1623,1252,1.3,24.93%,32.71%,0.651899,2026-08-06
GLW,157.18,2026-08-07,1,Call,165.00,-4.98%,0.65,0.76,0.82,1689,1302,1.3,76.42%,96.68%,0.175481,2026-08-06
SNDK,1258.58,2026-08-14,8,Call,"1,800.00",-43.02%,2.05,2.05,2.5,511,396,1.29,101.13%,120.56%,0.028019,2026-08-06
RDDT,150.87,2026-08-07,1,Call,162.50,-7.71%,0.09,0.12,0.3,540,417,1.29,61.46%,91.33%,0.063328,2026-08-06
MU,881.47,2026-09-18,43,Call,880.00,+0.17%,95.3,97.26,97.3,664,514,1.29,77.92%,78.07%,0.562025,2026-08-06
AMZN,272.26,2026-08-14,8,Call,282.50,-3.76%,1.61,1.72,1.83,693,537,1.29,30.81%,32.28%,0.232062,2026-08-06
GLW,157.18,2026-08-07,1,Call,162.50,-3.38%,0.9,1.15,1.41,777,602,1.29,76.42%,93.37%,0.25619,2026-08-06
ASTS,67.36,2026-08-07,1,Put,67.00,-0.53%,1.2,1.32,1.39,888,686,1.29,106.58%,104.86%,-0.449627,2026-08-06
DDOG,229.29,2026-08-07,1,Put,240.00,+4.67%,10.85,10.8,12.15,1260,976,1.29,57.17%,84.28%,-0.844271,2026-08-06
AVGO,420.57,2026-10-16,71,Put,410.00,-2.51%,31,30.9,32.05,1566,1213,1.29,51.68%,51.66%,-0.402603,2026-08-06
NFLX,73.69,2026-08-14,8,Put,72.00,-2.29%,0.68,0.7,0.71,1588,1227,1.29,34.04%,32.47%,-0.301202,2026-08-06
USAR,17.41,2026-08-07,1,Call,17.50,-0.52%,0.4,0.44,0.48,2280,1769,1.29,101.72%,132.51%,0.484749,2026-08-06
UBER,70.47,2026-12-18,134,Put,55.00,-21.95%,0.9,0.95,1.1,2547,1971,1.29,34.02%,39.11%,-0.111672,2026-08-06
NFLX,73.69,2026-08-14,8,Call,80.00,-8.56%,0.14,0.15,0.15,6016,4655,1.29,34.04%,38.13%,0.078819,2026-08-06
INTC,99.81,2026-08-07,1,Call,106.00,-6.20%,0.23,0.24,0.26,9955,7720,1.29,77.74%,91.31%,0.108727,2026-08-06
DDOG,229.29,2026-08-07,1,Put,220.00,-4.05%,0.62,0.77,1,2664,2088,1.28,57.17%,80.40%,-0.157171,2026-08-06
SMCI,29.38,2026-08-07,1,Put,30.00,+2.11%,0.89,0.91,0.97,3079,2408,1.28,96.39%,91.76%,-0.65886,2026-08-06
MU,881.47,2026-08-10,4,Call,900.00,-2.10%,16.45,16.4,16.9,4719,3701,1.28,77.92%,66.45%,0.397923,2026-08-06
TE,5.55,2026-08-07,1,Call,5.50,+0.90%,0.25,0.37,0.45,5944,4635,1.28,161.32%,281.20%,0.553995,2026-08-06
AMD,489.28,2026-08-07,1,Put,450.00,-8.03%,0.23,0.28,0.32,5948,4644,1.28,65.32%,86.95%,-0.031188,2026-08-06
SPCX,114.92,2026-08-07,1,Put,101.00,-12.11%,0.08,0.1,0.11,6231,4852,1.28,85.45%,133.52%,-0.029802,2026-08-06
BE,228.96,2026-08-14,8,Put,177.50,-22.48%,1.16,1.48,1.78,542,422,1.28,113.80%,125.95%,-0.071808,2026-08-06
HUT,90.65,2026-08-21,15,Put,90.00,-0.72%,6.4,6.03,7.7,647,504,1.28,104.84%,101.93%,-0.442802,2026-08-06
SKHY,143.53,2026-08-28,22,Put,100.00,-30.33%,1.15,1.25,1.35,808,633,1.28,97.06%,108.35%,-0.066929,2026-08-06
AVGO,420.57,2028-01-21,533,Put,420.00,-0.14%,89.9,90.5,93,895,701,1.28,51.68%,51.37%,-0.359214,2026-08-06
SPCX,114.92,2027-06-17,315,Call,120.00,-4.42%,28.45,29.1,30.85,921,720,1.28,85.45%,71.81%,0.625626,2026-08-06
CRWV,85.33,2026-08-07,1,Put,87.00,+1.96%,2.72,2.82,3,958,746,1.28,102.98%,106.46%,-0.625012,2026-08-06
INTC,99.81,2026-08-10,4,Put,100.00,+0.19%,2.63,2.75,2.84,1040,814,1.28,77.74%,63.64%,-0.496433,2026-08-06
TSM,418.2,2026-08-07,1,Call,437.50,-4.62%,0.11,0.18,0.26,1076,839,1.28,42.55%,49.52%,0.042297,2026-08-06
PLTR,155.92,2026-09-04,29,Call,160.00,-2.62%,6.9,7.05,7.2,1301,1015,1.28,48.71%,49.32%,0.461933,2026-08-06
OBDC,11.31,2028-01-21,533,Put,10.00,-11.58%,1.05,1.21,1.25,1649,1288,1.28,32.38%,28.11%,-0.341575,2026-08-06
AAOI,124.22,2026-08-07,1,Call,170.00,-36.85%,0.8,0.84,0.9,1908,1488,1.28,140.69%,395.63%,0.079109,2026-08-06
QCOM,160.39,2026-08-14,8,Put,150.00,-6.48%,1.02,1.15,1.36,546,431,1.27,53.79%,50.91%,-0.176146,2026-08-06
NET,284.43,2026-08-07,1,Put,280.00,-1.56%,13.6,14.8,15.95,593,468,1.27,74.81%,287.23%,-0.428517,2026-08-06
TSLA,319.53,2026-08-10,4,Put,292.50,-8.46%,0.1,0.11,0.12,638,502,1.27,42.15%,42.08%,-0.020844,2026-08-06
AAL,16.03,2026-08-14,8,Put,16.00,-0.19%,0.4,0.42,0.45,798,629,1.27,49.31%,46.72%,-0.474015,2026-08-06
MSFT,499.86,2026-08-14,8,Call,505.00,-1.03%,6.8,6.95,7.3,899,708,1.27,29.58%,31.23%,0.42676,2026-08-06
NFLX,73.69,2026-08-14,8,Put,74.00,+0.42%,1.55,1.6,1.65,906,716,1.27,34.04%,33.65%,-0.518798,2026-08-06
OKLO,42.19,2026-08-07,1,Call,43.50,-3.11%,1.15,1.25,1.44,1133,889,1.27,94.70%,209.83%,0.411906,2026-08-06
PANW,359.49,2026-08-07,1,Put,350.00,-2.64%,1.15,1.49,1.77,1204,948,1.27,60.10%,64.65%,-0.208911,2026-08-06
DELL,437.65,2026-08-07,1,Put,450.00,+2.82%,14.85,13.9,16.35,1227,963,1.27,86.74%,86.05%,-0.723802,2026-08-06
NBIS,189.88,2026-08-14,8,Call,220.00,-15.86%,7.75,7.99,8.1,1524,1196,1.27,129.01%,160.32%,0.309102,2026-08-06
PBR,18.52,2026-08-07,1,Call,18.50,+0.11%,0.28,0.35,0.41,1739,1372,1.27,32.26%,86.58%,0.518805,2026-08-06
MU,881.47,2026-08-14,8,Call,950.00,-7.77%,17.4,17.25,18.05,1773,1396,1.27,77.92%,80.49%,0.286958,2026-08-06
U,40.81,2026-08-07,1,Call,40.00,+1.98%,1.15,1.42,1.57,7194,5664,1.27,65.20%,106.07%,0.65199,2026-08-06
INTC,99.81,2026-08-07,1,Put,99.00,-0.81%,1.39,1.42,1.49,8507,6718,1.27,77.74%,87.68%,-0.419911,2026-08-06
NBIS,189.88,2026-08-07,1,Put,185.00,-2.57%,3.4,3.6,3.6,2927,2316,1.26,129.01%,143.43%,-0.349915,2026-08-06
SOFI,18.1,2026-08-07,1,Put,18.50,+2.21%,0.45,0.47,0.48,5322,4224,1.26,49.06%,54.37%,-0.773983,2026-08-06
INTC,99.81,2026-08-07,1,Call,84.00,+15.84%,15.55,16.7,16.45,7621,6048,1.26,77.74%,196.76%,0.957889,2026-08-06
MU,881.47,2026-08-14,8,Call,910.00,-3.24%,29.4,30.1,30.05,522,413,1.26,77.92%,79.82%,0.419212,2026-08-06
TMDX,80.21,2026-08-21,15,Call,85.00,-5.97%,1.45,1.8,2,566,450,1.26,57.19%,53.74%,0.321194,2026-08-06
MCHP,74.36,2026-08-07,1,Call,85.00,-14.31%,0.25,0.45,0.65,594,473,1.26,67.29%,206.98%,0.118992,2026-08-06
BBAI,3.01,2027-03-19,225,Call,3.00,+0.33%,0.85,0.87,1.09,596,472,1.26,78.54%,102.51%,0.668985,2026-08-06
SMCI,29.38,2026-08-14,8,Call,30.50,-3.81%,1.69,1.71,1.8,598,475,1.26,96.39%,127.53%,0.460341,2026-08-06
NKE,42,2026-08-14,8,Call,42.00,0.00%,0.81,0.88,0.92,631,502,1.26,35.83%,34.93%,0.509698,2026-08-06
TE,5.55,2026-08-07,1,Put,6.00,+8.11%,0.5,0.55,0.7,634,503,1.26,161.32%,271.82%,-0.683108,2026-08-06
F,13.79,2026-11-20,106,Call,15.00,-8.77%,0.55,0.61,0.67,878,699,1.26,32.71%,36.40%,0.364827,2026-08-06
METC,9.59,2026-08-21,15,Put,10.00,+4.28%,0.75,0.81,1.1,884,701,1.26,88.46%,88.97%,-0.555423,2026-08-06
ANET,192.32,2026-08-07,1,Call,180.00,+6.41%,11.35,14.2,13.8,1224,969,1.26,58.95%,84.13%,0.936707,2026-08-06
ELAN,24.2,2026-08-21,15,Put,23.00,-4.96%,0.15,0.5,0.6,1522,1208,1.26,47.70%,44.74%,-0.267483,2026-08-06
TSLA,319.53,2026-08-21,15,Call,345.00,-7.97%,3.2,3.21,3.3,1731,1375,1.26,42.15%,43.77%,0.210914,2026-08-06
HOOD,90.71,2026-08-14,8,Put,85.00,-6.29%,1.08,1.09,1.15,1876,1494,1.26,62.88%,61.90%,-0.2227,2026-08-06
ICE,149.75,2026-09-18,43,Call,160.00,-6.84%,2,1.8,2.2,2294,1815,1.26,27.66%,27.03%,0.261383,2026-08-06
CVS,96.22,2026-08-21,15,Put,110.00,+14.32%,12.25,12.65,14.05,560,448,1.25,28.10%,30.13%,-0.988973,2026-08-06
TTD,17.67,2026-10-16,71,Call,35.00,-98.08%,0.06,0.12,0.17,773,618,1.25,87.19%,83.20%,0.048512,2026-08-06
ARM,286.68,2026-08-14,8,Call,300.00,-4.65%,9.2,10.1,10.15,901,719,1.25,82.88%,88.64%,0.391859,2026-08-06
AFRM,76.58,2026-09-18,43,Call,85.00,-11.00%,3.95,4.15,4.5,1024,820,1.25,65.58%,68.89%,0.380366,2026-08-06
AAOI,124.22,2026-08-07,1,Put,121.00,-2.59%,7.1,8.2,8.5,1093,872,1.25,140.69%,364.88%,-0.4077,2026-08-06
NBIS,189.88,2026-08-07,1,Put,175.00,-7.84%,1.08,1.15,1.15,2157,1726,1.25,129.01%,150.56%,-0.140922,2026-08-06
BAC,63,2026-08-14,8,Call,63.00,0.00%,0.72,0.79,0.79,2524,2016,1.25,20.79%,19.96%,0.511223,2026-08-06
V,370.47,2026-08-14,8,Call,367.50,+0.80%,5.35,5.7,6.15,519,419,1.24,20.60%,18.10%,0.632066,2026-08-06
KHC,24.96,2026-08-14,8,Call,25.00,-0.16%,0.3,0.46,0.46,525,424,1.24,30.81%,27.52%,0.487543,2026-08-06
QCOM,160.39,2026-08-07,1,Put,157.50,-1.80%,0.59,0.74,0.93,581,468,1.24,53.79%,56.05%,-0.262493,2026-08-06
CMBT,16.41,2026-11-20,106,Call,17.50,-6.64%,0.7,1,1,596,481,1.24,43.89%,39.67%,0.388214,2026-08-06
TSLA,319.53,2026-08-14,8,Call,337.50,-5.62%,2.38,2.37,2.43,620,501,1.24,42.15%,43.70%,0.211509,2026-08-06
VST,141.38,2027-06-17,315,Put,95.00,-32.81%,6.1,6.35,6.35,739,595,1.24,53.35%,53.98%,-0.136767,2026-08-06
MSTR,96.85,2026-08-21,15,Put,93.00,-3.98%,3.3,3.71,3.6,827,667,1.24,69.93%,67.81%,-0.354571,2026-08-06
NBIS,189.88,2026-08-14,8,Put,175.00,-7.84%,10.2,10.54,10.8,937,756,1.24,129.01%,157.87%,-0.319544,2026-08-06
SPCX,114.92,2026-08-14,8,Put,103.00,-10.37%,1.78,1.85,1.86,1145,922,1.24,85.45%,93.53%,-0.193431,2026-08-06
AVGO,420.57,2026-08-07,1,Put,415.00,-1.32%,2.32,2.16,2.57,1339,1080,1.24,51.68%,54.17%,-0.313272,2026-08-06
NET,284.43,2026-08-07,1,Put,260.00,-8.59%,6.6,6.96,7.1,1460,1181,1.24,74.81%,286.00%,-0.249703,2026-08-06
CHTR,157.44,2026-08-21,15,Call,160.00,-1.63%,2.7,6,6.7,1517,1220,1.24,59.30%,45.13%,0.454515,2026-08-06
MSFT,499.86,2026-08-12,6,Call,510.00,-2.03%,3.75,3.9,4.15,1970,1594,1.24,29.58%,30.74%,0.316361,2026-08-06
NVTS,12.4,2026-08-21,15,Call,13.00,-4.84%,0.8,0.82,1,2337,1878,1.24,106.98%,114.03%,0.467152,2026-08-06
TSLA,319.53,2026-08-14,8,Call,350.00,-9.54%,1,1.02,1.02,8225,6623,1.24,42.15%,46.35%,0.100025,2026-08-06
NVDA,218.99,2026-08-14,8,Call,212.50,+2.96%,8.6,9,8.9,8502,6865,1.24,40.12%,36.95%,0.722353,2026-08-06
AAPL,312.41,2026-08-07,1,Put,325.00,+4.03%,11.4,12.57,14.1,10809,8721,1.24,25.24%,46.96%,-0.945349,2026-08-06
"Downloaded from Barchart.com as of 08-06-2026 07:49pm CDT"
