Symbol,Price~,"Exp Date",DTE,Type,Strike,Moneyness,Bid,Latest,Ask,Volume,"Open Int",Vol/OI,"Imp Vol",IV,Delta,Time
MSTR,137.4,2026-09-04,8,Call,141.00,-2.62%,4.8,4.95,5.15,17253,101,170.82,74.55%,80.03%,0.439441,2026-08-27
MSTR,137.4,2026-09-04,8,Call,146.00,-6.26%,3.3,3.45,3.65,16743,120,139.53,74.55%,82.60%,0.334003,2026-08-27
CRM,252.05,2026-08-28,1,Call,252.50,-0.18%,3.25,3.3,3.6,15234,128,119.02,41.13%,69.03%,0.488388,2026-08-27
MSTR,137.4,2026-08-28,1,Put,135.00,-1.75%,1.69,1.74,1.76,15369,130,118.22,74.55%,97.25%,-0.354436,2026-08-27
PCG,17.95,2026-12-18,113,Call,21.00,-16.99%,0.5,0.54,0.54,26841,324,82.84,46.47%,36.23%,0.26159,2026-08-27
PAGP,28.03,2026-09-18,22,Put,28.00,-0.11%,0.4,0.45,0.45,8597,117,73.48,17.65%,15.42%,-0.493103,2026-08-27
PLTR,185.93,2026-08-28,1,Put,185.00,-0.50%,1.64,1.65,1.68,27359,381,71.81,47.06%,54.21%,-0.423133,2026-08-27
HONA,160.75,2027-03-19,204,Call,210.00,-30.64%,6.8,8.2,9.6,10011,141,71,42.84%,44.86%,0.286773,2026-08-27
SBET,8.88,2027-04-16,232,Call,8.00,+9.91%,2.6,2.66,2.85,8318,122,68.18,82.49%,82.31%,0.700488,2026-08-27
NVDA,227.98,2026-09-04,8,Put,235.00,+3.08%,7.85,8.91,9.5,10086,149,67.69,33.59%,32.21%,-0.7274,2026-08-27
DGXX,4.03,2026-10-16,50,Call,6.00,-48.88%,0.05,0.13,0.2,10465,157,66.66,94.23%,98.04%,0.183667,2026-08-27
KR,56.93,2026-09-04,8,Call,58.00,-1.88%,0.41,0.5,0.72,8924,151,59.1,35.08%,29.65%,0.34573,2026-08-27
CRM,252.05,2026-08-28,1,Call,260.00,-3.15%,0.97,1.03,1.12,22397,386,58.02,41.13%,70.14%,0.204545,2026-08-27
PTON,5.3,2026-09-18,22,Call,5.50,-3.77%,0.13,0.18,0.22,6575,118,55.72,45.16%,48.90%,0.408927,2026-08-27
ETSY,82.94,2026-12-18,113,Call,95.00,-14.54%,5.25,5.25,5.75,30236,550,54.97,43.22%,51.37%,0.385744,2026-08-27
SMCI,38.46,2028-12-15,841,Put,10.00,-74.00%,1.7,1.78,1.91,27751,508,54.63,70.80%,92.40%,-0.042922,2026-08-27
MGNI,23.36,2026-12-18,113,Call,30.00,-28.42%,1.1,1.25,1.3,6132,116,52.86,54.96%,59.63%,0.290344,2026-08-27
MSFT,505.06,2026-08-28,1,Put,500.00,-1.00%,1.2,1.22,1.35,22228,432,51.45,25.46%,30.48%,-0.259879,2026-08-27
NVDA,227.98,2026-08-31,4,Put,230.00,+0.89%,4,4.1,4.8,6838,139,49.19,33.59%,34.88%,-0.585647,2026-08-27
MSTR,137.4,2026-08-28,1,Put,133.00,-3.20%,1.04,1.1,1.19,7303,152,48.05,74.55%,98.57%,-0.255131,2026-08-27
NVDA,227.98,2026-08-28,1,Put,225.00,-1.31%,0.86,1,1,265915,5619,47.32,33.59%,44.34%,-0.280305,2026-08-27
PLTR,185.93,2026-08-28,1,Put,182.50,-1.84%,0.79,0.79,0.81,21816,469,46.52,47.06%,54.23%,-0.250357,2026-08-27
MSTR,137.4,2026-09-04,8,Call,148.00,-7.71%,2.83,3.1,3.2,5305,117,45.34,74.55%,83.79%,0.2978,2026-08-27
NVDA,227.98,2026-09-02,6,Put,225.00,-1.31%,2.61,2.67,2.95,4762,114,41.77,33.59%,35.76%,-0.374624,2026-08-27
LCID,5.09,2026-09-04,8,Call,5.50,-8.06%,0.13,0.14,0.15,10672,265,40.27,89.44%,96.17%,0.3201,2026-08-27
MSTR,137.4,2026-09-04,8,Call,142.00,-3.35%,4.5,4.85,4.75,6554,164,39.96,74.55%,80.42%,0.416673,2026-08-27
S,22.71,2026-08-28,1,Put,20.00,-11.93%,0.45,0.45,0.75,5435,141,38.55,79.17%,360.83%,-0.221297,2026-08-27
PLTR,185.93,2026-08-28,1,Put,187.50,+0.84%,2.95,2.99,3.05,4025,107,37.62,47.06%,54.73%,-0.608964,2026-08-27
MSTR,137.4,2026-08-28,1,Put,134.00,-2.47%,1.37,1.4,1.53,3896,104,37.46,74.55%,100.09%,-0.306353,2026-08-27
WULF,16.49,2026-09-11,15,Put,16.50,+0.06%,0.98,1.05,1.14,4731,128,36.96,85.59%,74.87%,-0.486499,2026-08-27
NVDA,227.98,2026-08-28,1,Put,227.50,-0.21%,1.7,1.89,1.95,136246,3765,36.19,33.59%,43.41%,-0.457259,2026-08-27
ETSY,82.94,2026-12-18,113,Call,80.00,+3.54%,10.75,10.13,11.8,15112,419,36.07,43.22%,51.36%,0.622065,2026-08-27
NVDA,227.98,2026-09-02,6,Put,220.00,-3.50%,1.21,1.27,1.35,7734,217,35.64,33.59%,35.99%,-0.210248,2026-08-27
MSTR,137.4,2026-08-28,1,Put,130.00,-5.39%,0.43,0.48,0.48,15202,438,34.71,74.55%,95.84%,-0.129104,2026-08-27
MSFT,505.06,2026-08-28,1,Put,497.50,-1.50%,0.7,0.74,0.78,11773,343,34.32,25.46%,30.60%,-0.169953,2026-08-27
HONA,160.75,2027-03-19,204,Call,175.00,-8.86%,17,17.5,18,5032,152,33.11,42.84%,45.31%,0.493792,2026-08-27
GAP,20.79,2026-08-28,1,Put,21.00,+1.01%,1.34,1.36,1.41,4624,140,33.03,70.10%,290.78%,-0.495936,2026-08-27
CRM,252.05,2026-08-28,1,Call,255.00,-1.17%,2.25,2.35,2.48,15039,465,32.34,41.13%,68.84%,0.381041,2026-08-27
CRM,252.05,2026-08-28,1,Call,270.00,-7.12%,0.16,0.16,0.2,7426,231,32.15,41.13%,76.20%,0.04429,2026-08-27
NVDA,227.98,2026-09-04,8,Put,227.50,-0.21%,4.35,4.5,4.7,5811,184,31.58,33.59%,35.92%,-0.469382,2026-08-27
MSTR,137.4,2026-08-28,1,Put,132.00,-3.93%,0.77,0.82,0.85,6151,196,31.38,74.55%,95.82%,-0.2043,2026-08-27
CRM,252.05,2026-08-28,1,Call,247.50,+1.81%,6,6.3,6.6,12514,401,31.21,41.13%,68.23%,0.70203,2026-08-27
HPQ,29.63,2026-09-04,8,Call,29.50,+0.44%,0.84,0.9,0.99,3086,100,30.86,45.41%,48.70%,0.537953,2026-08-27
NVDA,227.98,2026-08-28,1,Put,222.50,-2.40%,0.4,0.45,0.49,139050,4536,30.65,33.59%,46.18%,-0.153369,2026-08-27
CPRT,32.76,2026-11-20,85,Call,32.50,+0.79%,2.35,2.75,2.9,3599,118,30.5,36.17%,37.55%,0.572313,2026-08-27
PLTR,185.93,2026-09-04,8,Put,185.00,-0.50%,4.65,4.66,4.8,4620,154,30,47.06%,47.85%,-0.454093,2026-08-27
CRWD,227.96,2026-09-04,8,Call,240.00,-5.28%,3.85,3.92,4,8273,282,29.34,53.09%,62.14%,0.306825,2026-08-27
NVDA,227.98,2026-08-28,1,Put,230.00,+0.89%,2.95,3.4,3.4,64897,2212,29.34,33.59%,42.20%,-0.650091,2026-08-27
NVDA,227.98,2026-08-31,4,Put,222.50,-2.40%,0.85,1.16,1.2,11525,395,29.18,33.59%,32.16%,-0.226945,2026-08-27
BABA,116.31,2026-09-04,8,Put,108.00,-7.14%,0.22,0.29,0.38,5207,181,28.77,40.77%,38.85%,-0.093665,2026-08-27
MSTR,137.4,2026-08-28,1,Call,138.00,-0.44%,2.53,2.58,2.65,14090,492,28.64,74.55%,99.96%,0.477976,2026-08-27
DOCN,121.68,2026-09-18,22,Call,110.00,+9.60%,14.9,14.95,16.4,3009,106,28.39,70.94%,74.06%,0.744745,2026-08-27
ALLY,42.74,2026-09-18,22,Call,43.00,-0.61%,1,1.05,1.1,4785,171,27.98,26.90%,27.80%,0.480398,2026-08-27
MU,935.39,2026-08-28,1,Call,915.00,+2.18%,21.8,26,26.5,12647,459,27.55,60.44%,57.00%,0.775465,2026-08-27
NVDA,227.98,2026-09-09,13,Call,230.00,-0.89%,4,4.72,5,12896,482,26.76,33.59%,30.96%,0.459181,2026-08-27
S,22.71,2026-08-28,1,Put,19.50,-14.13%,0.3,0.45,0.5,9825,369,26.63,79.17%,338.07%,-0.170985,2026-08-27
MSTR,137.4,2026-08-28,1,Call,144.00,-4.80%,0.84,0.9,0.91,3263,124,26.31,74.55%,106.36%,0.208043,2026-08-27
OXY,59.17,2026-09-04,8,Call,61.00,-3.09%,0.39,0.43,0.52,9432,362,26.06,32.10%,32.05%,0.270961,2026-08-27
XPEV,11.33,2026-09-18,22,Call,12.50,-10.33%,0,0.18,0.22,3039,120,25.33,50.01%,41.20%,0.184185,2026-08-27
MSFT,505.06,2026-08-28,1,Call,512.50,-1.47%,0.71,0.73,0.78,18402,743,24.77,25.46%,29.72%,0.176871,2026-08-27
FIGR,38.02,2026-09-04,8,Put,35.00,-7.94%,0.5,0.85,0.85,8133,330,24.65,77.79%,83.76%,-0.2311,2026-08-27
MU,935.39,2026-09-09,13,Call,"1,000.00",-6.91%,12.7,16,16.65,2967,122,24.32,60.44%,52.64%,0.270951,2026-08-27
TSM,427.3,2026-11-20,85,Call,380.00,+11.07%,61,61.39,63.2,10275,428,24.01,34.26%,40.19%,0.768486,2026-08-27
NVDA,227.98,2026-08-31,4,Put,217.50,-4.60%,0.23,0.43,0.62,11503,481,23.91,33.59%,36.16%,-0.101953,2026-08-27
FIG,30.62,2026-09-04,8,Call,33.00,-7.77%,0.49,0.62,0.68,3053,128,23.85,74.01%,78.47%,0.281132,2026-08-27
MSFT,505.06,2026-08-28,1,Put,495.00,-1.99%,0.41,0.42,0.46,16061,685,23.45,25.46%,31.41%,-0.108116,2026-08-27
CRM,252.05,2026-08-28,1,Call,265.00,-5.14%,0.4,0.42,0.47,10171,436,23.33,41.13%,72.74%,0.09768,2026-08-27
META,571.1,2026-09-11,15,Put,470.00,-17.70%,0.08,0.17,0.22,3754,163,23.03,34.68%,41.65%,-0.00903,2026-08-27
KR,56.93,2026-09-04,8,Call,59.00,-3.64%,0.21,0.28,0.33,8974,390,23.01,35.08%,28.36%,0.204971,2026-08-27
NVDA,227.98,2026-09-04,8,Call,232.50,-1.98%,2.72,2.98,3.5,44678,1942,23.01,33.59%,36.71%,0.373974,2026-08-27
MSTR,137.4,2026-08-28,1,Put,131.00,-4.66%,0.62,0.57,0.67,3180,139,22.88,74.55%,97.62%,-0.168307,2026-08-27
BTDR,11.33,2026-09-11,15,Put,9.50,-16.15%,0.15,0.15,0.3,5030,220,22.86,98.04%,100.89%,-0.165964,2026-08-27
AFRM,77.49,2026-08-28,1,Call,87.00,-12.27%,1.05,1.26,1.35,3122,137,22.79,69.52%,257.70%,0.214727,2026-08-27
CELU,2.1,2026-09-18,22,Call,2.5000,-19.05%,0.25,0.3,0.3,4548,200,22.74,213.23%,200.13%,0.458269,2026-08-27
SNDK,1484.95,2026-08-28,1,Call,"1,530.00",-3.03%,8.9,9.2,9.3,5538,247,22.42,71.65%,81.04%,0.247911,2026-08-27
MU,935.39,2026-08-31,4,Call,920.00,+1.65%,21.65,27.02,27.95,3501,158,22.16,60.44%,40.49%,0.663423,2026-08-27
MARA,11.87,2026-10-02,36,Call,16.00,-34.79%,0.23,0.33,0.35,4122,188,21.93,87.16%,89.38%,0.181295,2026-08-27
NOK,10.59,2026-09-18,22,Put,10.50,-0.85%,0.52,0.55,0.54,2806,130,21.58,55.62%,56.30%,-0.444364,2026-08-27
TSLA,354.81,2026-08-28,1,Put,352.50,-0.65%,2.14,2.13,2.17,74617,3508,21.27,39.65%,43.20%,-0.380576,2026-08-27
SNDK,1484.95,2026-08-28,1,Call,"1,480.00",+0.33%,26.9,27.4,28.1,4018,189,21.26,71.65%,80.35%,0.540939,2026-08-27
SOC,4.66,2026-09-25,29,Call,5.00,-7.30%,0.39,0.44,0.48,9878,469,21.06,104.51%,108.04%,0.472268,2026-08-27
HWM,267.65,2026-10-16,50,Put,240.00,-10.33%,2.15,3.1,3.4,3711,178,20.85,29.55%,32.32%,-0.156888,2026-08-27
TSLA,354.81,2026-08-28,1,Put,357.50,+0.76%,4.7,4.85,4.85,14793,711,20.81,39.65%,44.04%,-0.62286,2026-08-27
MU,935.39,2026-08-28,1,Call,917.50,+1.91%,22.65,24,24.8,4305,207,20.8,60.44%,66.03%,0.718673,2026-08-27
MRNA,142.77,2026-09-04,8,Put,125.00,-12.45%,0.8,0.99,1.18,10319,497,20.76,73.49%,79.17%,-0.115269,2026-08-27
XYL,112.65,2026-09-18,22,Call,115.00,-2.09%,1.8,1.83,2.05,2628,127,20.69,25.96%,26.00%,0.392604,2026-08-27
NVDA,227.98,2026-08-31,4,Put,220.00,-3.50%,0.63,0.71,0.75,22808,1104,20.66,33.59%,34.68%,-0.156649,2026-08-27
BABA,116.31,2026-08-28,1,Call,116.00,+0.27%,1.12,1.11,1.28,3556,176,20.2,40.77%,42.78%,0.551899,2026-08-27
META,571.1,2026-08-28,1,Call,572.50,-0.25%,4.2,4.48,4.5,14208,704,20.18,34.68%,41.84%,0.461447,2026-08-27
NVDA,227.98,2026-09-02,6,Put,217.50,-4.60%,0.6,0.91,1.08,2238,111,20.16,33.59%,36.47%,-0.149168,2026-08-27
TSLA,354.81,2026-09-04,8,Call,372.50,-4.99%,2.7,2.78,2.77,6598,328,20.12,39.65%,41.19%,0.225291,2026-08-27
CRM,252.05,2026-11-20,85,Put,240.00,-4.78%,12.35,12.95,13.8,2243,112,20.03,41.13%,40.51%,-0.352743,2026-08-27
TSLA,354.81,2026-08-28,1,Call,352.50,+0.65%,4.35,4.37,4.5,93259,4736,19.69,39.65%,42.16%,0.622326,2026-08-27
NVDA,227.98,2026-09-09,13,Call,235.00,-3.08%,2.44,3.05,3.3,3302,168,19.65,33.59%,32.23%,0.326454,2026-08-27
CRWD,227.96,2026-09-04,8,Put,205.00,-10.07%,1.17,1.25,1.4,3906,199,19.63,53.09%,63.36%,-0.117736,2026-08-27
HRL,21.28,2026-08-28,1,Put,21.50,+1.03%,0.25,0.31,0.4,2944,150,19.63,25.44%,43.65%,-0.670268,2026-08-27
OKTA,172.91,2026-08-28,1,Call,180.00,-4.10%,0.82,0.79,1.08,6008,308,19.51,52.74%,91.47%,0.207973,2026-08-27
NVDA,227.98,2026-09-09,13,Call,240.00,-5.27%,1.62,1.8,1.91,26470,1364,19.41,33.59%,33.29%,0.221051,2026-08-27
LZB,32.73,2026-09-18,22,Call,35.00,-6.94%,0.2,0.21,0.25,3233,168,19.24,29.95%,28.95%,0.183235,2026-08-27
MU,935.39,2026-08-28,1,Call,925.00,+1.11%,17.85,18.95,19.1,8900,472,18.86,60.44%,64.59%,0.636915,2026-08-27
C,132.68,2026-09-18,22,Call,138.00,-4.01%,1.33,1.39,1.52,2173,116,18.73,27.47%,25.71%,0.282701,2026-08-27
MU,935.39,2026-08-28,1,Call,922.50,+1.38%,19.25,19.8,20.9,3502,190,18.43,60.44%,64.60%,0.666479,2026-08-27
BABA,116.31,2026-10-02,36,Call,120.00,-3.17%,4.7,4.9,5.1,3175,173,18.35,40.77%,44.53%,0.438358,2026-08-27
NVDA,227.98,2026-08-31,4,Call,227.50,+0.21%,2.78,3.18,3.6,33348,1836,18.16,33.59%,30.52%,0.536987,2026-08-27
OKTA,172.91,2026-08-28,1,Call,190.00,-9.88%,0.1,0.13,0.21,3759,209,17.99,52.74%,102.45%,0.041904,2026-08-27
UNM,92.45,2027-12-17,477,Call,135.00,-46.02%,2.05,3.4,3.7,1884,105,17.94,29.32%,29.91%,0.190818,2026-08-27
CRM,252.05,2026-08-28,1,Call,242.50,+3.79%,9.75,11.15,10.9,2975,167,17.81,41.13%,72.61%,0.850239,2026-08-27
CAPR,10.06,2026-12-18,113,Put,9.00,-10.54%,4.2,4.4,4.5,2399,135,17.77,139.09%,252.46%,-0.21574,2026-08-27
MSTR,137.4,2026-09-04,8,Call,140.00,-1.89%,5.2,5.25,5.4,26931,1519,17.73,74.55%,79.04%,0.46219,2026-08-27
ANF,145.75,2026-12-18,113,Call,160.00,-9.78%,12.4,14,15.1,2011,115,17.49,51.01%,57.87%,0.46057,2026-08-27
MSFT,505.06,2026-09-02,6,Call,505.00,+0.01%,6.15,6.6,6.7,2000,115,17.39,25.46%,24.30%,0.513803,2026-08-27
MSTR,137.4,2026-08-28,1,Call,141.00,-2.62%,1.47,1.56,1.58,3527,203,17.37,74.55%,102.59%,0.325263,2026-08-27
MSTR,137.4,2026-09-04,8,Call,152.50,-10.99%,2.12,2.23,2.3,2508,145,17.3,74.55%,86.77%,0.229232,2026-08-27
MU,935.39,2026-08-28,1,Call,930.00,+0.58%,13.95,15.55,15.45,19534,1139,17.15,60.44%,60.37%,0.579961,2026-08-27
TSLA,354.81,2026-08-28,1,Put,355.00,+0.05%,3.2,3.3,3.35,47317,2764,17.12,39.65%,43.12%,-0.503536,2026-08-27
ZETA,30.22,2026-09-25,29,Put,25.50,-15.62%,0.2,0.34,0.58,3705,218,17,58.73%,60.79%,-0.137422,2026-08-27
MU,935.39,2026-08-28,1,Call,920.00,+1.65%,21.05,22.25,22.85,12547,738,17,60.44%,65.79%,0.692133,2026-08-27
NEM,132.29,2026-08-28,1,Put,131.00,-0.98%,0.46,1.05,1.01,2071,122,16.98,42.24%,46.61%,-0.33845,2026-08-27
NVDA,227.98,2026-09-04,8,Call,242.50,-6.37%,0.62,0.87,0.9,24189,1434,16.87,33.59%,35.65%,0.129152,2026-08-27
TSLA,354.81,2026-08-28,1,Call,357.50,-0.76%,2.04,2.06,2.08,61173,3644,16.79,39.65%,43.23%,0.375177,2026-08-27
TSLA,354.81,2026-08-28,1,Put,347.50,-2.06%,0.78,0.79,0.8,40924,2440,16.77,39.65%,43.78%,-0.177785,2026-08-27
BILI,16.76,2026-09-18,22,Put,16.00,-4.53%,0.31,0.4,0.45,3032,181,16.75,43.21%,44.20%,-0.307908,2026-08-27
CRM,252.05,2026-08-28,1,Call,245.00,+2.80%,7.8,8,8.5,15092,904,16.69,41.13%,68.43%,0.791686,2026-08-27
MARA,11.87,2026-09-11,15,Put,10.50,-11.54%,0.23,0.22,0.28,5357,325,16.48,87.16%,83.54%,-0.207043,2026-08-27
QBTS,17.9,2026-10-16,50,Put,16.00,-10.61%,0.95,1,1.06,10027,615,16.3,79.38%,73.35%,-0.2861,2026-08-27
WDAY,193.57,2026-08-28,1,Put,155.00,-19.93%,0.2,0.2,0.5,1968,121,16.26,59.72%,241.98%,-0.034493,2026-08-27
CRWD,227.96,2026-08-28,1,Put,210.00,-7.88%,0.11,0.12,0.14,5470,337,16.23,53.09%,85.17%,-0.031086,2026-08-27
CRWD,227.96,2026-08-28,1,Put,215.00,-5.69%,0.29,0.34,0.34,4879,301,16.21,53.09%,78.54%,-0.073987,2026-08-27
NVDA,227.98,2026-08-28,1,Put,220.00,-3.50%,0.2,0.21,0.25,206987,12781,16.19,33.59%,49.60%,-0.082486,2026-08-27
NVDA,227.98,2026-09-04,8,Put,230.00,+0.89%,5.45,6,6.25,9241,573,16.13,33.59%,35.89%,-0.551534,2026-08-27
CHWY,22.8,2027-01-15,141,Call,45.00,-97.37%,0.11,0.12,0.43,7000,436,16.06,64.04%,65.32%,0.075617,2026-08-27
IREN,40.53,2026-09-04,8,Put,41.00,+1.16%,3.05,3.2,3.25,5388,336,16.04,95.43%,121.66%,-0.488234,2026-08-27
PURR,12.83,2026-10-16,50,Call,18.00,-40.30%,0.3,0.9,0.95,2591,162,15.99,102.21%,104.60%,0.252057,2026-08-27
WDAY,193.57,2026-08-28,1,Put,160.00,-17.34%,0.2,0.35,0.4,1692,106,15.96,59.72%,206.79%,-0.034789,2026-08-27
MSFT,505.06,2026-08-28,1,Call,507.50,-0.48%,1.95,2.04,2.13,25299,1586,15.95,25.46%,29.26%,0.381361,2026-08-27
SNDK,1484.95,2026-08-28,1,Call,"1,470.00",+1.01%,32.2,33,33.5,2535,159,15.94,71.65%,79.64%,0.604879,2026-08-27
BHF,54.16,2026-09-18,22,Call,60.00,-10.78%,1.45,1.55,4,2237,141,15.87,65.92%,91.19%,0.368517,2026-08-27
MU,935.39,2026-08-28,1,Call,927.50,+0.84%,16.05,16.8,17.3,3064,194,15.79,60.44%,63.12%,0.608698,2026-08-27
TSLA,354.81,2026-08-28,1,Put,350.00,-1.36%,1.32,1.32,1.34,92049,5834,15.78,39.65%,43.24%,-0.268193,2026-08-27
CRWD,227.96,2026-08-28,1,Put,220.00,-3.49%,0.83,0.9,0.95,5171,329,15.72,53.09%,75.63%,-0.178789,2026-08-27
ALAB,304.09,2026-09-04,8,Call,330.00,-8.52%,5,6.1,6.9,1714,110,15.58,76.78%,83.00%,0.275052,2026-08-27
LUV,39.76,2026-10-16,50,Put,40.00,+0.60%,2.28,2.35,2.43,2052,132,15.55,37.67%,38.87%,-0.481757,2026-08-27
AVGO,371.54,2026-08-28,1,Put,367.50,-1.09%,2.47,2.69,2.85,2049,134,15.29,50.51%,57.00%,-0.350567,2026-08-27
CRWD,227.96,2026-08-28,1,Put,217.50,-4.59%,0.5,0.54,0.59,1807,119,15.18,53.09%,77.31%,-0.118336,2026-08-27
AMZN,256.26,2026-08-28,1,Call,257.50,-0.48%,1.06,1.1,1.1,36959,2454,15.06,28.49%,30.11%,0.385097,2026-08-27
BMNR,25.63,2026-08-28,1,Call,26.50,-3.39%,0.21,0.23,0.23,16960,1128,15.04,81.37%,100.70%,0.27251,2026-08-27
MRNA,142.77,2026-08-28,1,Call,144.00,-0.86%,2.13,2.31,2.65,1572,105,14.97,73.49%,98.82%,0.445085,2026-08-27
AFRM,77.49,2026-08-28,1,Call,77.00,+0.63%,4.5,4.7,4.7,2739,183,14.97,69.52%,269.73%,0.546265,2026-08-27
XYZ,84.85,2026-09-04,8,Call,88.00,-3.71%,0.74,1.09,0.95,2810,188,14.95,38.27%,39.66%,0.281613,2026-08-27
TSM,427.3,2026-09-04,8,Call,432.50,-1.22%,5.75,5.92,6.3,2473,166,14.9,34.26%,32.53%,0.415272,2026-08-27
T,25.43,2026-10-02,36,Call,27.00,-6.17%,0.15,0.24,0.37,7125,481,14.81,22.41%,25.01%,0.231864,2026-08-27
SPCX,140.87,2026-08-28,1,Call,144.00,-2.22%,0.5,0.5,0.51,47195,3200,14.75,51.09%,53.93%,0.223358,2026-08-27
MU,935.39,2026-08-31,4,Call,925.00,+1.11%,22.5,24.5,26.35,1606,109,14.73,60.44%,47.78%,0.601083,2026-08-27
ASST,23.12,2026-10-02,36,Call,32.00,-38.41%,0.59,0.8,1.01,8910,609,14.63,103.69%,106.14%,0.212563,2026-08-27
NVDA,227.98,2026-09-11,15,Call,222.50,+2.40%,8.5,9.29,10.6,4202,291,14.44,33.59%,34.32%,0.656553,2026-08-27
NBIS,218.48,2026-09-18,22,Put,215.00,-1.59%,15.3,16.7,16.5,1493,104,14.36,85.96%,83.98%,-0.424859,2026-08-27
MU,935.39,2026-08-28,1,Put,917.50,-1.91%,6.45,6.47,6.5,2358,168,14.04,60.44%,70.39%,-0.292894,2026-08-27
IBRX,8.4,2027-01-15,141,Put,9.00,+7.14%,2.1,2.1,2.4,11572,826,14.01,71.10%,94.48%,-0.424022,2026-08-27
MSFT,505.06,2026-08-28,1,Call,505.00,+0.01%,3.05,3.19,3.3,37633,2699,13.94,25.46%,29.63%,0.508192,2026-08-27
S,22.71,2026-08-28,1,Call,23.00,-1.28%,1.4,1.5,1.75,2341,168,13.93,79.17%,359.93%,0.510912,2026-08-27
PBR,18.25,2026-08-28,1,Call,17.00,+6.85%,1.17,1.28,1.4,1571,113,13.9,34.88%,98.15%,0.920304,2026-08-27
AMZN,256.26,2026-08-31,4,Call,257.50,-0.48%,1.8,1.92,1.95,3251,234,13.89,28.49%,22.39%,0.42963,2026-08-27
CORZ,17.62,2026-09-04,8,Call,18.50,-4.99%,0.35,0.39,0.43,2070,150,13.8,68.38%,69.82%,0.340108,2026-08-27
RBRK,107.02,2026-09-18,22,Put,100.00,-6.56%,5.5,5.79,6.4,1817,132,13.77,84.95%,90.13%,-0.335208,2026-08-27
RIOT,20.88,2026-09-04,8,Call,21.50,-2.97%,0.71,0.78,0.84,2519,183,13.77,85.71%,83.91%,0.433663,2026-08-27
BABA,116.31,2026-09-04,8,Call,122.00,-4.89%,0.72,0.86,0.94,4996,363,13.76,40.77%,39.84%,0.217577,2026-08-27
META,571.1,2026-08-28,1,Call,592.50,-3.75%,0.4,0.41,0.43,10077,733,13.75,34.68%,46.68%,0.068162,2026-08-27
SNDK,1484.95,2026-08-28,1,Call,"1,535.00",-3.37%,7.9,7.98,8.3,1849,138,13.4,71.65%,81.54%,0.225683,2026-08-27
NBIS,218.48,2026-09-18,22,Put,212.50,-2.74%,14.3,15.62,15.25,1477,112,13.19,85.96%,84.52%,-0.40282,2026-08-27
MSTR,137.4,2026-08-28,1,Put,129.00,-6.11%,0.33,0.35,0.38,1834,139,13.19,74.55%,97.70%,-0.103646,2026-08-27
MSTR,137.4,2026-08-28,1,Call,139.00,-1.16%,2.12,2.2,2.2,5100,391,13.04,74.55%,99.96%,0.423376,2026-08-27
MU,935.39,2026-08-28,1,Call,942.50,-0.76%,9.05,9.7,9.9,2466,190,12.98,60.44%,64.66%,0.41919,2026-08-27
MSFT,505.06,2026-08-31,4,Call,520.00,-2.96%,0.5,0.59,0.67,2100,162,12.96,25.46%,21.90%,0.106341,2026-08-27
MU,935.39,2026-08-31,4,Call,950.00,-1.56%,11.8,11.8,13,6531,509,12.83,60.44%,47.42%,0.389896,2026-08-27
NVDA,227.98,2026-09-04,8,Put,225.00,-1.31%,3.2,3.5,3.65,15846,1245,12.73,33.59%,36.09%,-0.388201,2026-08-27
FIG,30.62,2026-08-28,1,Call,31.00,-1.24%,0.33,0.33,0.5,6454,508,12.7,74.01%,90.82%,0.407638,2026-08-27
APLD,27.44,2026-09-25,29,Call,34.00,-23.91%,0.5,0.75,0.79,1658,131,12.66,89.46%,80.15%,0.205206,2026-08-27
VALE,15.31,2026-11-20,85,Call,17.00,-11.04%,0.47,0.49,0.53,4221,334,12.64,32.67%,39.35%,0.298847,2026-08-27
MU,935.39,2026-08-28,1,Call,960.00,-2.63%,3.5,3.55,4.25,15106,1199,12.6,60.44%,63.11%,0.221604,2026-08-27
PTEN,12.26,2027-01-15,141,Call,14.00,-14.19%,0.9,1.08,1.2,5533,441,12.55,54.53%,55.30%,0.413433,2026-08-27
AAPL,314.58,2026-08-28,1,Put,312.50,-0.66%,0.77,0.79,0.83,55122,4408,12.5,24.42%,25.09%,-0.302305,2026-08-27
WDAY,193.57,2026-08-28,1,Call,230.00,-18.82%,0.75,0.75,0.8,1544,125,12.35,59.72%,223.96%,0.079038,2026-08-27
GOOGL,340.65,2026-08-31,4,Call,347.50,-2.01%,0.76,0.76,0.92,2922,237,12.33,27.25%,21.66%,0.197543,2026-08-27
HUT,87.13,2026-09-04,8,Put,85.00,-2.44%,3,3.8,4.1,1809,148,12.22,96.23%,89.85%,-0.398362,2026-08-27
RBRK,107.02,2026-08-28,1,Put,85.00,-20.58%,0.35,0.45,0.5,1347,111,12.14,84.95%,292.95%,-0.057093,2026-08-27
TSLA,354.81,2026-08-28,1,Call,355.00,-0.05%,3,3.09,3.1,119389,9842,12.13,39.65%,42.20%,0.49653,2026-08-27
WDAY,193.57,2026-08-28,1,Put,170.00,-12.18%,0.6,1.05,1.05,1455,120,12.13,59.72%,190.96%,-0.088507,2026-08-27
CRWD,227.96,2026-08-28,1,Put,225.00,-1.30%,2.25,2.35,2.39,3473,287,12.1,53.09%,76.48%,-0.363662,2026-08-27
FSLY,24.64,2026-08-28,1,Call,25.50,-3.49%,0.05,0.32,0.45,1340,111,12.07,74.97%,110.98%,0.287769,2026-08-27
AMZN,256.26,2026-08-28,1,Call,237.50,+7.32%,18.2,19.51,19.25,3742,311,12.03,28.49%,114.91%,0.902474,2026-08-27
TOST,35.17,2026-10-16,50,Call,38.00,-8.05%,1.09,1.17,1.27,6146,511,12.03,40.33%,41.97%,0.349038,2026-08-27
MSTR,137.4,2026-08-28,1,Call,142.00,-3.35%,1.23,1.26,1.45,6368,531,11.99,74.55%,106.64%,0.287605,2026-08-27
AVGO,371.54,2026-09-04,8,Call,370.00,+0.41%,16.85,17.3,17.55,13249,1106,11.98,50.51%,74.49%,0.539204,2026-08-27
CRM,252.05,2026-08-28,1,Call,250.00,+0.81%,4.45,4.67,4.95,31236,2614,11.95,41.13%,68.12%,0.598376,2026-08-27
NVDA,227.98,2026-09-11,15,Put,222.50,-2.40%,3.7,3.75,4.05,1466,123,11.92,33.59%,34.82%,-0.346114,2026-08-27
NVDA,227.98,2026-09-11,15,Put,227.50,-0.21%,5.8,5.8,6.2,1559,131,11.9,33.59%,34.58%,-0.468124,2026-08-27
MSFT,505.06,2026-08-31,4,Call,515.00,-1.97%,0.99,1.23,1.35,2202,186,11.84,25.46%,20.90%,0.193398,2026-08-27
MU,935.39,2026-09-04,8,Call,920.00,+1.65%,39.35,41.2,42,3409,290,11.76,60.44%,58.41%,0.596439,2026-08-27
MSFT,505.06,2026-09-02,6,Call,520.00,-2.96%,1.45,1.5,1.6,1340,115,11.65,25.46%,24.19%,0.181614,2026-08-27
NVDA,227.98,2026-09-04,8,Put,240.00,+5.27%,11.45,13.25,14.6,1164,100,11.64,33.59%,36.02%,-0.825162,2026-08-27
PSKY,10.8,2026-09-04,8,Put,10.50,-2.78%,0,0.19,0.43,2681,232,11.56,53.42%,55.03%,-0.347886,2026-08-27
NVDA,227.98,2026-09-18,22,Put,212.50,-6.79%,2.15,2.24,2.54,7950,693,11.47,33.59%,36.47%,-0.197856,2026-08-27
CRM,252.05,2026-09-04,8,Call,250.00,+0.81%,7.7,8,8.2,3345,294,11.38,41.13%,45.81%,0.564977,2026-08-27
NVDA,227.98,2026-08-28,1,Put,245.00,+7.47%,14.6,16.55,20,1388,124,11.19,33.59%,89.27%,-0.935609,2026-08-27
BBW,28.44,2026-09-18,22,Call,30.00,-5.49%,0.85,0.98,1.1,1351,121,11.17,58.23%,57.27%,0.378499,2026-08-27
AAPL,314.58,2026-08-28,1,Put,315.00,+0.13%,1.8,1.82,1.89,28658,2571,11.15,24.42%,24.95%,-0.535945,2026-08-27
MU,935.39,2026-08-28,1,Call,940.00,-0.49%,10,10,11,20180,1819,11.09,60.44%,64.52%,0.449931,2026-08-27
NVDA,227.98,2026-08-31,4,Put,225.00,-1.31%,1.7,1.79,1.9,26465,2395,11.05,33.59%,32.66%,-0.340627,2026-08-27
MSTR,137.4,2026-08-28,1,Call,136.00,+1.02%,3.45,3.51,3.65,6326,574,11.02,74.55%,97.63%,0.590153,2026-08-27
CRWD,227.96,2026-08-28,1,Call,235.00,-3.09%,1.23,1.25,1.37,8005,727,11.01,53.09%,79.21%,0.238689,2026-08-27
CRM,252.05,2026-09-04,8,Call,270.00,-7.12%,1.56,1.64,1.7,1266,115,11.01,41.13%,47.61%,0.175723,2026-08-27
MSFT,505.06,2026-08-28,1,Put,492.50,-2.49%,0.24,0.26,0.28,4163,380,10.96,25.46%,32.57%,-0.068114,2026-08-27
MSFT,505.06,2026-09-04,8,Call,517.50,-2.46%,3,3.1,3.25,1473,135,10.91,25.46%,25.56%,0.271789,2026-08-27
NBIS,218.48,2026-08-28,1,Call,222.50,-1.84%,2.63,2.9,2.9,4309,396,10.88,85.96%,97.39%,0.370597,2026-08-27
MU,935.39,2026-08-31,4,Call,930.00,+0.58%,20.7,20.7,23.8,2673,247,10.82,60.44%,49.40%,0.55771,2026-08-27
NVDA,227.98,2026-09-04,8,Call,235.00,-3.08%,2.15,2.25,2.36,138847,12849,10.81,33.59%,36.19%,0.29933,2026-08-27
CRWD,227.96,2026-08-28,1,Call,227.50,+0.20%,3.75,3.85,4,4996,465,10.74,53.09%,76.32%,0.529112,2026-08-27
META,571.1,2026-08-28,1,Put,567.50,-0.63%,3.05,3.21,3.3,5810,541,10.74,34.68%,40.20%,-0.376471,2026-08-27
CRWD,227.96,2026-08-28,1,Call,232.50,-1.99%,1.83,1.87,2.06,2864,267,10.73,53.09%,78.68%,0.324238,2026-08-27
MU,935.39,2026-08-31,4,Call,"1,000.00",-6.91%,1.86,2,2.01,8214,766,10.72,60.44%,46.92%,0.092199,2026-08-27
AMZN,256.26,2026-08-31,4,Call,255.00,+0.49%,3,3.2,3.25,2698,252,10.71,28.49%,22.32%,0.594702,2026-08-27
VZ,49.43,2026-09-25,29,Call,52.00,-5.20%,0.26,0.36,0.36,4706,440,10.7,20.97%,20.96%,0.196476,2026-08-27
PLTR,185.93,2026-09-04,8,Call,197.50,-6.22%,1.47,1.47,1.56,6196,583,10.63,47.06%,47.84%,0.210152,2026-08-27
MARA,11.87,2026-09-04,8,Call,12.00,-1.10%,0.55,0.57,0.59,29501,2776,10.63,87.16%,89.25%,0.495866,2026-08-27
ASTS,61.44,2026-09-04,8,Put,68.00,+10.68%,5.9,7.66,9.3,1243,117,10.62,72.67%,88.90%,-0.758762,2026-08-27
AMZN,256.26,2026-09-02,6,Call,257.50,-0.48%,2.73,2.85,2.98,1882,178,10.57,28.49%,25.66%,0.455351,2026-08-27
BABA,116.31,2026-08-28,1,Call,117.00,-0.59%,0.75,0.76,0.83,3693,351,10.52,40.77%,45.19%,0.405853,2026-08-27
ADM,79.1,2026-09-18,22,Put,75.00,-5.18%,0.7,0.74,0.85,4080,388,10.52,30.41%,30.12%,-0.222052,2026-08-27
META,571.1,2026-12-18,113,Put,900.00,+57.59%,325.1,330.5,332.75,1050,100,10.5,34.68%,46.66%,-0.982461,2026-08-27
META,571.1,2026-08-28,1,Put,570.00,-0.19%,4.2,4.29,4.45,13741,1315,10.45,34.68%,40.93%,-0.458509,2026-08-27
WVE,5.16,2026-12-18,113,Call,6.00,-16.28%,0.8,0.85,1.4,2180,209,10.43,73.10%,120.40%,0.550756,2026-08-27
OXY,59.17,2026-09-04,8,Call,60.00,-1.40%,0.74,0.79,0.84,9337,896,10.42,32.10%,32.64%,0.39898,2026-08-27
MSFT,505.06,2026-08-28,1,Call,502.50,+0.51%,4.45,4.55,4.8,19243,1848,10.41,25.46%,30.00%,0.631758,2026-08-27
MARA,11.87,2026-09-04,8,Call,12.50,-5.31%,0.38,0.39,0.44,29681,2857,10.39,87.16%,93.96%,0.383404,2026-08-27
AMZN,256.26,2026-08-28,1,Call,247.50,+3.42%,8.3,8.9,9.1,5884,567,10.38,28.49%,40.79%,0.949965,2026-08-27
DAR,61.39,2026-09-18,22,Put,60.00,-2.26%,1.9,1.9,2.15,4280,414,10.34,44.27%,45.69%,-0.391228,2026-08-27
PURR,12.83,2026-08-28,1,Call,13.50,-5.22%,0.1,0.15,0.2,1767,171,10.33,102.21%,144.91%,0.263709,2026-08-27
APP,312.63,2027-01-15,141,Put,"1,110.00",+255.05%,792.8,799.17,805.5,1032,100,10.32,53.14%,120.73%,-0.941506,2026-08-27
NEE,83.47,2026-09-18,22,Call,70.00,+16.14%,12.5,13.2,14.8,3625,353,10.27,20.57%,43.82%,0.953479,2026-08-27
MGPI,16.28,2026-12-18,113,Put,7.50,-53.93%,0,0.15,0.4,2001,195,10.26,57.69%,97.86%,-0.044161,2026-08-27
PCG,17.95,2026-09-04,8,Call,18.50,-3.06%,0.3,0.46,0.67,9412,918,10.25,46.47%,67.24%,0.402004,2026-08-27
AVBP,31,2026-09-18,22,Put,20.00,-35.48%,0,0.65,4.9,2503,245,10.22,116.21%,271.22%,-0.160106,2026-08-27
CRWD,227.96,2026-08-28,1,Call,230.00,-0.89%,2.72,2.75,2.8,14264,1398,10.2,53.09%,77.00%,0.421335,2026-08-27
TSLA,354.81,2026-08-31,4,Call,355.00,-0.05%,4.6,4.7,4.8,11391,1118,10.19,39.65%,31.88%,0.505013,2026-08-27
MU,935.39,2026-08-28,1,Call,932.50,+0.31%,13.2,13.65,14.95,3036,298,10.19,60.44%,64.25%,0.544488,2026-08-27
CRWD,227.96,2026-08-28,1,Put,212.50,-6.78%,0.16,0.16,0.21,1429,142,10.06,53.09%,80.68%,-0.045868,2026-08-27
MSTR,137.4,2026-08-28,1,Call,143.00,-4.08%,1.06,1.09,1.1,2818,280,10.06,74.55%,106.13%,0.24521,2026-08-27
LITE,956.14,2026-08-28,1,Call,"1,020.00",-6.68%,1.9,2.08,2.15,5108,508,10.06,76.11%,92.47%,0.095173,2026-08-27
NVDA,227.98,2026-09-04,8,Put,222.50,-2.40%,2.29,2.52,2.75,5698,568,10.03,33.59%,36.23%,-0.311446,2026-08-27
PLTR,185.93,2026-09-04,8,Call,192.50,-3.53%,2.65,2.69,2.76,8345,832,10.03,47.06%,47.53%,0.327408,2026-08-27
AAPL,314.58,2026-08-28,1,Call,312.50,+0.66%,2.9,2.94,3.1,55022,5485,10.03,24.42%,26.69%,0.687341,2026-08-27
ISRG,367.07,2026-09-18,22,Put,460.00,+25.32%,89.6,92.7,95,1213,122,9.94,33.33%,44.11%,-0.992625,2026-08-27
NEE,83.47,2026-09-18,22,Call,65.00,+22.13%,17.45,18.35,20.5,1201,121,9.93,20.57%,73.80%,0.928586,2026-08-27
CDE,22.21,2026-09-18,22,Call,23.50,-5.81%,0.85,0.85,0.95,1011,102,9.91,64.48%,64.36%,0.395068,2026-08-27
NOW,138.43,2026-08-28,1,Call,139.00,-0.41%,1.53,1.59,1.67,3579,361,9.91,53.02%,64.39%,0.459324,2026-08-27
NEE,83.47,2026-09-18,22,Call,75.00,+10.15%,8.15,8.4,9.9,12005,1211,9.91,20.57%,40.01%,0.871965,2026-08-27
CRWD,227.96,2026-09-04,8,Call,250.00,-9.67%,1.88,1.98,1.98,4707,476,9.89,53.09%,63.10%,0.175458,2026-08-27
SMMT,14.33,2026-09-18,22,Call,17.00,-18.63%,0.1,0.64,0.8,1232,125,9.86,92.42%,90.88%,0.259633,2026-08-27
MU,935.39,2026-08-31,4,Call,915.00,+2.18%,28.35,30.71,32,1022,104,9.83,60.44%,46.40%,0.686546,2026-08-27
AAPL,314.58,2026-09-18,22,Put,307.50,-2.25%,4.15,4.57,4.35,1798,183,9.83,24.42%,24.48%,-0.331194,2026-08-27
APP,312.63,2026-09-18,22,Put,500.00,+59.93%,183,187.4,195,1967,201,9.79,53.14%,115.34%,-0.938799,2026-08-27
SNDK,1484.95,2026-08-28,1,Call,"1,515.00",-2.02%,12.7,13.7,13.4,3177,325,9.78,71.65%,80.57%,0.325748,2026-08-27
NEE,83.47,2026-09-18,22,Call,62.50,+25.12%,19.95,20.6,22.4,1200,123,9.76,20.57%,68.51%,0.96366,2026-08-27
ALAB,304.09,2026-09-04,8,Call,320.00,-5.23%,7.1,7.99,9.05,1744,179,9.74,76.78%,79.24%,0.355929,2026-08-27
TSLA,354.81,2026-08-31,4,Put,355.00,+0.05%,4.8,4.85,4.95,3899,401,9.72,39.65%,32.68%,-0.495754,2026-08-27
BMNR,25.63,2026-08-28,1,Put,26.00,+1.44%,0.66,0.69,0.75,3131,322,9.72,81.37%,92.71%,-0.606276,2026-08-27
AMD,476.67,2027-09-17,386,Put,195.00,-59.09%,4.25,5.28,5.45,1000,103,9.71,51.50%,59.39%,-0.033444,2026-08-27
MU,935.39,2026-08-28,1,Put,915.00,-2.18%,5.25,5.77,7.1,6388,658,9.71,60.44%,73.05%,-0.274975,2026-08-27
MSTR,137.4,2026-08-28,1,Call,134.00,+2.47%,4.65,4.8,4.95,14849,1536,9.67,74.55%,97.59%,0.697807,2026-08-27
INTC,92.09,2026-08-31,4,Call,91.00,+1.18%,2.43,2.49,2.57,5334,552,9.66,58.82%,49.37%,0.603611,2026-08-27
META,571.1,2026-09-18,22,Put,820.00,+43.58%,245.4,247.65,252.35,1352,141,9.59,34.68%,65.20%,-0.994945,2026-08-27
MU,935.39,2026-08-28,1,Call,950.00,-1.56%,6,6.35,6.7,35305,3685,9.58,60.44%,62.32%,0.324238,2026-08-27
MSFT,505.06,2026-08-31,4,Call,510.00,-0.98%,2.44,2.54,2.65,2979,312,9.55,25.46%,21.42%,0.341366,2026-08-27
LCID,5.09,2026-09-11,15,Call,6.00,-17.88%,0,0.13,0.13,1716,180,9.53,89.44%,76.67%,0.165757,2026-08-27
AMZN,256.26,2026-08-31,4,Put,245.00,-4.39%,0.14,0.14,0.16,2517,264,9.53,28.49%,26.52%,-0.049927,2026-08-27
NVDA,227.98,2026-09-09,13,Put,215.00,-5.69%,1.24,1.49,1.61,1171,123,9.52,33.59%,34.70%,-0.172654,2026-08-27
LW,54.8,2026-09-18,22,Call,50.00,+8.76%,5,5.7,5.8,1007,106,9.5,35.23%,43.00%,0.821504,2026-08-27
NVDA,227.98,2026-09-04,8,Call,237.50,-4.18%,1.59,1.73,1.8,18647,1962,9.5,33.59%,36.79%,0.238468,2026-08-27
MSTR,137.4,2026-09-11,15,Put,140.00,+1.89%,9.2,9.82,9.7,1196,126,9.49,74.55%,73.08%,-0.517951,2026-08-27
BB,8.65,2026-09-04,8,Call,9.00,-4.05%,0.21,0.22,0.22,8948,944,9.48,67.67%,69.29%,0.371579,2026-08-27
GOOGL,340.65,2026-08-28,1,Call,342.50,-0.54%,1.25,1.3,1.3,16439,1734,9.48,27.25%,28.85%,0.365029,2026-08-27
MU,935.39,2026-08-28,1,Put,922.50,-1.38%,6.5,7.44,8.1,1969,208,9.47,60.44%,65.74%,-0.336144,2026-08-27
NEE,83.47,2026-09-18,22,Call,72.50,+13.14%,10,10.85,12.4,2400,254,9.45,20.57%,38.56%,0.936741,2026-08-27
MU,935.39,2026-08-28,1,Call,955.00,-2.10%,4.15,5,4.8,6615,701,9.44,60.44%,59.50%,0.258641,2026-08-27
MU,935.39,2026-08-28,1,Call,945.00,-1.03%,7.8,8.25,9,5506,585,9.41,60.44%,64.14%,0.387893,2026-08-27
NEM,132.29,2026-10-16,50,Call,165.00,-24.73%,0.94,1.14,1.32,2107,224,9.41,42.24%,45.23%,0.112588,2026-08-27
META,571.1,2026-09-18,22,Put,790.00,+38.33%,215.4,220.7,222.7,2770,296,9.36,34.68%,63.77%,-0.985938,2026-08-27
NVDA,227.98,2026-10-02,36,Put,210.00,-7.89%,3,3,3.45,6152,657,9.36,33.59%,36.02%,-0.209506,2026-08-27
TSLA,354.81,2026-08-28,1,Put,342.50,-3.47%,0.24,0.24,0.25,22862,2449,9.34,39.65%,45.25%,-0.065964,2026-08-27
APLD,27.44,2026-10-02,36,Call,35.00,-27.55%,0.56,0.84,1,1412,153,9.23,89.46%,83.11%,0.215384,2026-08-27
META,571.1,2026-08-28,1,Call,582.50,-2.00%,1.34,1.38,1.47,6792,741,9.17,34.68%,43.47%,0.196683,2026-08-27
MSTR,137.4,2026-08-28,1,Call,146.00,-6.26%,0.59,0.65,0.75,978,107,9.14,74.55%,113.26%,0.160382,2026-08-27
ASC,17.66,2026-10-16,50,Call,2.50,+85.84%,15,15.25,15.6,931,102,9.13,43.78%,356.68%,0.981717,2026-08-27
PANW,382.85,2026-08-28,1,Put,370.00,-3.36%,0.65,1.05,1.17,974,107,9.1,62.73%,61.87%,-0.141583,2026-08-27
TTWO,233,2026-10-16,50,Call,310.00,-33.05%,0.65,1.15,1.7,2744,302,9.09,42.15%,48.12%,0.068694,2026-08-27
ADM,79.1,2026-09-18,22,Call,70.00,+11.50%,9.1,9.6,9.9,1224,135,9.07,30.41%,40.08%,0.901401,2026-08-27
AG,21.74,2026-08-28,1,Put,22.00,+1.20%,0.44,0.5,0.54,1821,201,9.06,64.11%,75.69%,-0.609704,2026-08-27
MRNA,142.77,2026-08-28,1,Call,142.00,+0.54%,2.95,2.92,3.6,904,100,9.04,73.49%,96.41%,0.553451,2026-08-27
NVDA,227.98,2026-09-11,15,Put,197.50,-13.37%,0.43,0.44,0.47,1329,147,9.04,33.59%,44.72%,-0.050287,2026-08-27
ASST,23.12,2026-09-04,8,Put,20.00,-13.49%,0.29,0.33,0.48,1363,151,9.03,103.69%,113.57%,-0.170911,2026-08-27
GOOG,337.71,2026-08-28,1,Put,360.00,+6.60%,21.65,22.9,24.3,2245,249,9.02,27.15%,91.57%,-0.904912,2026-08-27
EOSE,3.42,2026-11-20,85,Put,2.50,-26.90%,0.2,0.26,0.33,2000,222,9.01,100.26%,112.46%,-0.19427,2026-08-27
TTD,13.42,2026-08-28,1,Call,13.50,-0.60%,0.11,0.11,0.12,27042,3005,9,53.24%,53.76%,0.423225,2026-08-27
MRNA,142.77,2026-09-04,8,Put,120.00,-15.95%,0.3,0.49,0.68,9947,1107,8.99,73.49%,80.30%,-0.06336,2026-08-27
ASC,17.66,2026-09-18,22,Call,2.50,+85.84%,14.9,15.35,15.4,2185,243,8.99,43.78%,541.22%,0.981993,2026-08-27
CRWV,86.8,2026-09-04,8,Put,92.00,+5.99%,6.75,6.97,7.05,2726,304,8.97,73.57%,71.84%,-0.68772,2026-08-27
SHOP,154.33,2028-12-15,841,Put,120.00,-22.24%,24.25,25.82,27.25,977,109,8.96,43.38%,57.21%,-0.213501,2026-08-27
OKTA,172.91,2026-08-28,1,Call,170.00,+1.68%,4.3,4.5,5.5,6556,734,8.93,52.74%,90.17%,0.650023,2026-08-27
BB,8.65,2026-09-11,15,Call,8.00,+7.51%,0.79,0.83,0.85,6144,689,8.92,67.67%,60.43%,0.761525,2026-08-27
NVDA,227.98,2026-08-28,1,Put,232.50,+1.98%,3.55,4.95,6.55,7500,846,8.87,33.59%,42.88%,-0.805612,2026-08-27
UAMY,5.16,2026-09-04,8,Put,5.50,+6.59%,0.4,0.4,0.55,1700,192,8.85,96.09%,87.39%,-0.664488,2026-08-27
LITE,956.14,2026-08-28,1,Call,960.00,-0.40%,14.5,16.2,17.1,1485,168,8.84,76.11%,88.08%,0.475204,2026-08-27
AFRM,77.49,2026-08-28,1,Call,80.00,-3.24%,3.2,3.24,3.45,3561,403,8.84,69.52%,271.81%,0.439489,2026-08-27
SNDK,1484.95,2026-08-28,1,Call,"1,475.00",+0.67%,29.7,30.09,30.7,2447,278,8.8,71.65%,80.34%,0.572713,2026-08-27
FROG,104.03,2026-09-18,22,Put,87.50,-15.89%,1,1.34,2.05,905,103,8.79,68.58%,73.71%,-0.145116,2026-08-27
NVDA,227.98,2026-09-11,15,Put,230.00,+0.89%,6.1,7.2,8.6,2606,297,8.77,33.59%,34.76%,-0.530348,2026-08-27
AMZN,256.26,2026-08-28,1,Put,255.00,-0.49%,1.02,1.06,1.06,50842,5794,8.77,28.49%,29.98%,-0.371679,2026-08-27
EQT,54.77,2026-09-18,22,Call,59.00,-7.72%,0.31,0.35,0.52,1767,202,8.75,28.33%,31.72%,0.184585,2026-08-27
NFLX,79.84,2027-01-15,141,Put,140.00,+75.35%,58.05,59.35,62.15,1740,200,8.7,32.23%,53.14%,-0.977857,2026-08-27
SNDK,1484.95,2026-08-28,1,Put,"1,475.00",-0.67%,19.9,20.6,20.7,2658,307,8.66,71.65%,80.97%,-0.427856,2026-08-27
NEE,83.47,2026-08-28,1,Call,83.00,+0.56%,0.23,0.51,0.75,1055,122,8.65,20.57%,8.58%,0.896727,2026-08-27
BKNG,202.56,2027-03-19,204,Call,230.00,-13.55%,8.4,12.35,16.8,1413,164,8.62,33.97%,35.27%,0.386778,2026-08-27
ASST,23.12,2026-09-04,8,Put,21.00,-9.17%,0.5,0.56,0.74,1342,156,8.6,103.69%,111.02%,-0.250909,2026-08-27
LULU,115,2026-12-18,113,Put,350.00,+204.35%,232.95,233.8,236.2,5466,637,8.58,57.12%,103.08%,-0.982762,2026-08-27
CRM,252.05,2026-08-28,1,Call,275.00,-9.11%,0.06,0.1,0.1,11874,1388,8.55,41.13%,80.68%,0.020658,2026-08-27
NVDA,227.98,2026-09-02,6,Call,237.50,-4.18%,0.97,1.08,1.15,2609,305,8.55,33.59%,35.15%,0.191113,2026-08-27
IONQ,42.46,2026-08-28,1,Call,42.50,-0.09%,0.56,0.67,0.72,2167,254,8.53,75.46%,74.16%,0.499086,2026-08-27
CAR,139.49,2026-09-18,22,Put,300.00,+115.07%,155.5,162,165.2,2524,296,8.53,48.04%,188.04%,-0.92623,2026-08-27
MU,935.39,2026-08-28,1,Put,942.50,+0.76%,15.75,16.29,17.5,1327,156,8.51,60.44%,65.32%,-0.580126,2026-08-27
PLTR,185.93,2026-09-04,8,Put,182.50,-1.84%,3.55,3.65,3.7,1900,224,8.48,47.06%,47.94%,-0.379316,2026-08-27
NFLX,79.84,2027-01-15,141,Put,122.00,+52.81%,40.05,42.6,44.15,2121,250,8.48,32.23%,50.75%,-0.90772,2026-08-27
TSLA,354.81,2026-08-28,1,Call,360.00,-1.46%,1.34,1.36,1.36,114755,13582,8.45,39.65%,44.33%,0.270901,2026-08-27
CRM,252.05,2026-09-25,29,Call,250.00,+0.81%,12.15,13.5,13.75,1407,167,8.43,41.13%,41.14%,0.558724,2026-08-27
NFLX,79.84,2026-09-18,22,Put,111.00,+39.03%,29.05,30.45,33,1982,235,8.43,32.23%,63.27%,-0.991596,2026-08-27
ESTC,83.74,2026-09-18,22,Put,75.00,-10.44%,1.5,4.8,4.8,1625,193,8.42,88.73%,86.18%,-0.262472,2026-08-27
TSM,427.3,2026-09-11,15,Call,442.50,-3.56%,5.05,4.91,5.65,1117,133,8.4,34.26%,31.84%,0.311738,2026-08-27
CAR,139.49,2026-10-16,50,Put,370.00,+165.25%,228.1,231.9,234.7,1242,148,8.39,48.04%,147.27%,-0.944671,2026-08-27
CRM,252.05,2026-09-11,15,Call,250.00,+0.81%,9.15,10.26,10.1,5649,673,8.39,41.13%,41.41%,0.560889,2026-08-27
NFLX,79.84,2026-09-18,22,Put,114.00,+42.79%,32.05,34.35,36,1255,150,8.37,32.23%,83.24%,-0.954771,2026-08-27
FRMI,5.45,2026-09-25,29,Put,5.00,-8.26%,0.3,0.35,0.4,1220,146,8.36,102.97%,94.19%,-0.320451,2026-08-27
TRIP,9.79,2027-03-19,204,Call,14.00,-43.00%,0.35,0.42,0.6,1541,185,8.33,46.05%,51.86%,0.251015,2026-08-27
NFLX,79.84,2026-09-18,22,Put,105.00,+31.51%,23.05,25.05,27,1598,192,8.32,32.23%,54.08%,-0.990553,2026-08-27
NFLX,79.84,2027-01-15,141,Put,124.00,+55.31%,42.05,44.75,46,1245,150,8.3,32.23%,54.08%,-0.897884,2026-08-27
NEE,83.47,2026-09-18,22,Call,67.50,+19.13%,15.85,15.85,16.5,1200,145,8.28,20.57%,52.69%,0.955113,2026-08-27
NFLX,79.84,2026-09-18,22,Put,99.00,+24.00%,17.05,18.95,21.05,2076,251,8.27,32.23%,44.12%,-0.988989,2026-08-27
GAP,20.79,2026-08-28,1,Call,21.50,-3.42%,1,1.06,1.07,3290,398,8.27,70.10%,308.54%,0.449364,2026-08-27
NFLX,79.84,2026-09-18,22,Put,102.00,+27.76%,20.05,21.85,24,1906,231,8.25,32.23%,49.20%,-0.98986,2026-08-27
MU,935.39,2026-08-28,1,Call,975.00,-4.23%,1.8,1.9,1.82,8974,1092,8.22,60.44%,65.49%,0.117015,2026-08-27
CIFR,16.77,2028-12-15,841,Call,30.00,-78.89%,6.35,6.36,7.45,1010,123,8.21,98.75%,94.54%,0.64793,2026-08-27
MRVL,241.45,2026-08-28,1,Call,247.50,-2.51%,9.9,10.02,10.1,4237,517,8.2,77.35%,250.71%,0.45134,2026-08-27
NFLX,79.84,2026-09-18,22,Put,116.00,+45.29%,34.05,35.6,38,5985,730,8.2,32.23%,70.45%,-0.992208,2026-08-27
KO,89.06,2026-09-04,8,Call,90.00,-1.06%,0.54,0.61,0.63,8255,1008,8.19,18.28%,18.45%,0.359009,2026-08-27
MU,935.39,2026-08-28,1,Put,895.00,-4.32%,1.56,1.6,2.56,3590,439,8.18,60.44%,72.19%,-0.117131,2026-08-27
NFLX,79.84,2026-09-18,22,Put,108.00,+35.27%,26.05,27.05,30,1200,147,8.16,32.23%,58.76%,-0.991128,2026-08-27
NFLX,79.84,2026-09-18,22,Put,110.00,+37.78%,28.65,29.65,31.2,8085,991,8.16,32.23%,61.78%,-0.99145,2026-08-27
AMZN,256.26,2026-08-28,1,Put,277.50,+8.29%,20.8,21.35,21.5,2633,323,8.15,28.49%,80.43%,-0.969833,2026-08-27
BP,42.34,2026-08-28,1,Call,42.50,-0.38%,0,0.29,0.58,871,107,8.14,29.28%,41.19%,0.434356,2026-08-27
USAS,5.74,2026-10-16,50,Put,5.00,-12.89%,0.25,0.32,0.4,1058,130,8.14,79.07%,80.66%,-0.265642,2026-08-27
USB,62.4,2026-08-28,1,Put,62.00,-0.64%,0.13,0.18,0.24,918,113,8.12,23.04%,26.90%,-0.32114,2026-08-27
META,571.1,2026-08-28,1,Put,572.50,+0.25%,5.4,5.6,5.8,7206,887,8.12,34.68%,40.98%,-0.539867,2026-08-27
MSFT,505.06,2026-08-31,4,Call,512.50,-1.47%,1.56,1.8,2.05,819,101,8.11,25.46%,21.40%,0.265216,2026-08-27
CAR,139.49,2026-09-18,22,Put,330.00,+136.58%,185.6,192,195.1,2307,285,8.09,48.04%,205.47%,-0.930003,2026-08-27
ARE,52.28,2026-10-16,50,Put,47.50,-9.14%,1.2,1.29,1.4,2107,261,8.07,38.40%,42.14%,-0.246954,2026-08-27
ADSK,270.58,2026-08-28,1,Call,270.00,+0.21%,11.7,12.9,14.1,820,102,8.04,57.93%,223.29%,0.530944,2026-08-27
ASC,17.66,2026-09-18,22,Call,5.00,+71.69%,11.9,12.7,13,802,100,8.02,43.78%,276.58%,0.986313,2026-08-27
MU,935.39,2026-08-28,1,Put,920.00,-1.65%,6,6.47,7.2,9206,1151,8,60.44%,66.52%,-0.309814,2026-08-27
NOW,138.43,2026-08-28,1,Call,142.00,-2.58%,0.59,0.61,0.66,2028,254,7.98,53.02%,64.75%,0.232243,2026-08-27
COIN,190.72,2026-09-04,8,Call,202.50,-6.18%,3.55,3.75,3.9,9950,1247,7.98,65.14%,71.29%,0.305845,2026-08-27
TSLA,354.81,2026-08-28,1,Call,347.50,+2.06%,7.7,8.03,8.25,36297,4551,7.98,39.65%,40.38%,0.841442,2026-08-27
MSFT,505.06,2026-08-28,1,Call,510.00,-0.98%,1.23,1.26,1.31,30131,3780,7.97,25.46%,29.52%,0.26856,2026-08-27
NVDA,227.98,2026-09-02,6,Put,202.50,-11.18%,0.18,0.21,0.22,5850,735,7.96,33.59%,51.44%,-0.033071,2026-08-27
TSLA,354.81,2026-08-28,1,Call,345.00,+2.76%,9.95,10.15,10.65,24271,3055,7.94,39.65%,44.67%,0.887866,2026-08-27
PURR,12.83,2026-09-04,8,Call,13.00,-1.33%,0.55,0.9,0.85,912,115,7.93,102.21%,102.04%,0.497463,2026-08-27
OKTA,172.91,2026-08-28,1,Call,172.50,+0.24%,3.25,2.95,3.8,2164,273,7.93,52.74%,91.72%,0.530105,2026-08-27
MU,935.39,2026-08-28,1,Put,"1,100.00",+17.60%,159.65,171.85,170.05,824,104,7.92,60.44%,136.98%,-0.987438,2026-08-27
MRNA,142.77,2026-08-28,1,Put,138.00,-3.34%,0.79,1.2,1.2,1519,192,7.91,73.49%,93.82%,-0.236252,2026-08-27
VRT,269.28,2026-09-11,15,Put,235.00,-12.73%,1.16,1.5,1.6,1119,142,7.88,54.43%,54.08%,-0.09524,2026-08-27
PLTR,185.93,2026-08-28,1,Call,185.00,+0.50%,2.59,2.65,2.64,82019,10414,7.88,47.06%,54.41%,0.576847,2026-08-27
STX,847.2,2026-08-28,1,Call,965.00,-13.90%,0.05,0.2,0.95,830,106,7.83,68.37%,124.29%,0.02458,2026-08-27
TSLA,354.81,2026-08-28,1,Call,362.50,-2.17%,0.85,0.87,0.87,38157,4879,7.82,39.65%,45.42%,0.187845,2026-08-27
AMD,476.67,2026-08-28,1,Call,472.50,+0.87%,8.35,8.5,9,3390,435,7.79,51.50%,64.03%,0.611002,2026-08-27
SNDK,1484.95,2026-08-28,1,Call,"1,545.00",-4.04%,6.1,6.2,6.5,779,100,7.79,71.65%,82.11%,0.184412,2026-08-27
NFLX,79.84,2026-09-18,22,Put,100.00,+25.25%,18.65,20.3,20.4,3880,500,7.76,32.23%,55.68%,-0.949312,2026-08-27
NOW,138.43,2026-09-04,8,Put,128.00,-7.53%,0.9,0.9,1.03,1162,150,7.75,53.02%,55.24%,-0.156823,2026-08-27
SPCX,140.87,2026-08-28,1,Put,200.00,+41.97%,58.2,59.75,60.4,1488,192,7.75,51.09%,319.23%,-0.978154,2026-08-27
WDAY,193.57,2026-08-28,1,Call,240.00,-23.99%,0,0.47,0.55,983,127,7.74,59.72%,216.84%,0.033136,2026-08-27
MRNA,142.77,2026-09-04,8,Call,152.50,-6.82%,2.95,3.02,3.95,819,106,7.73,73.49%,83.45%,0.320776,2026-08-27
IONQ,42.46,2026-09-04,8,Call,44.00,-3.63%,1.21,1.37,1.39,2150,278,7.73,75.46%,76.90%,0.40165,2026-08-27
TSM,427.3,2026-09-04,8,Call,435.00,-1.80%,4.85,5.35,5.4,2361,306,7.72,34.26%,32.67%,0.369928,2026-08-27
XYZ,84.85,2026-09-04,8,Call,90.00,-6.07%,0.4,0.53,0.5,2618,340,7.7,38.27%,40.12%,0.171288,2026-08-27
NVDA,227.98,2026-09-04,8,Call,245.00,-7.47%,0.45,0.63,0.7,66454,8630,7.7,33.59%,36.80%,0.099972,2026-08-27
NVDA,227.98,2026-08-31,4,Put,215.00,-5.69%,0.25,0.29,0.3,11604,1513,7.67,33.59%,38.19%,-0.06755,2026-08-27
INTC,92.09,2026-08-31,4,Put,90.00,-2.27%,0.92,0.98,1.03,3563,465,7.66,58.82%,48.50%,-0.314402,2026-08-27
MU,935.39,2026-08-28,1,Call,937.50,-0.23%,10.95,12,12.2,2636,344,7.66,60.44%,64.23%,0.481131,2026-08-27
SPCX,140.87,2026-08-28,1,Call,141.00,-0.09%,1.37,1.45,1.5,23314,3047,7.65,51.09%,50.71%,0.492924,2026-08-27
AAPL,314.58,2026-08-28,1,Call,315.00,-0.13%,1.47,1.55,1.55,117953,15414,7.65,24.42%,25.84%,0.466037,2026-08-27
MSTR,137.4,2026-08-28,1,Call,137.00,+0.29%,2.98,3.06,3.1,7777,1018,7.64,74.55%,98.74%,0.533545,2026-08-27
ZETA,30.22,2026-09-04,8,Call,33.00,-9.20%,0.05,0.24,0.3,940,123,7.64,58.73%,53.88%,0.146048,2026-08-27
MSFT,505.06,2026-09-04,8,Call,512.50,-1.47%,4.5,4.8,4.8,1521,199,7.64,25.46%,25.60%,0.363072,2026-08-27
CART,50.48,2026-09-04,8,Call,55.00,-8.95%,0,0.1,0.15,1174,154,7.62,31.96%,36.98%,0.063677,2026-08-27
NVDA,227.98,2026-09-02,6,Call,227.50,+0.21%,3.6,4.44,4.55,6775,889,7.62,33.59%,32.36%,0.533514,2026-08-27
S,22.71,2026-08-28,1,Put,20.50,-9.73%,0.6,0.7,0.9,4607,605,7.61,79.17%,360.31%,-0.261836,2026-08-27
MU,935.39,2026-08-31,4,Put,910.00,-2.71%,8.75,8.48,10.5,1025,135,7.59,60.44%,51.65%,-0.293768,2026-08-27
TSLA,354.81,2026-09-02,6,Put,342.50,-3.47%,2.12,2.22,2.19,3183,421,7.56,39.65%,37.06%,-0.218267,2026-08-27
MARA,11.87,2026-08-28,1,Put,12.00,+1.10%,0.33,0.34,0.34,10992,1454,7.56,87.16%,106.58%,-0.565916,2026-08-27
SPCX,140.87,2026-09-18,22,Put,230.00,+63.27%,87.45,89.4,90.9,12350,1633,7.56,51.09%,92.38%,-0.98774,2026-08-27
WDAY,193.57,2026-08-28,1,Call,220.00,-13.65%,1.4,1.55,1.6,1637,217,7.54,59.72%,215.86%,0.141068,2026-08-27
TSLA,354.81,2026-08-31,4,Call,350.00,+1.36%,7.4,7.6,7.65,15918,2113,7.53,39.65%,31.51%,0.670901,2026-08-27
BBAR,14.6,2026-09-18,22,Put,13.00,-10.96%,0.1,0.4,0.4,1095,146,7.5,83.93%,60.46%,-0.193952,2026-08-27
MU,935.39,2026-08-31,4,Call,940.00,-0.49%,16,16,16.75,1763,235,7.5,60.44%,47.05%,0.473179,2026-08-27
AMD,476.67,2026-08-28,1,Call,507.50,-6.47%,0.2,0.23,0.32,5186,692,7.49,51.50%,67.17%,0.039036,2026-08-27
META,571.1,2026-09-18,22,Put,720.00,+26.07%,145.15,150.7,152.2,1301,174,7.48,34.68%,61.54%,-0.932028,2026-08-27
BABA,116.31,2026-09-04,8,Put,113.00,-2.85%,1.06,1.18,1.29,2858,382,7.48,40.77%,36.77%,-0.288186,2026-08-27
INTC,92.09,2026-08-31,4,Put,88.00,-4.44%,0.42,0.45,0.52,2584,346,7.47,58.82%,48.97%,-0.179355,2026-08-27
AMZN,256.26,2026-08-28,1,Put,267.50,+4.39%,11.05,11.19,11.9,4706,631,7.46,28.49%,56.48%,-0.925037,2026-08-27
TSLA,354.81,2026-08-31,4,Call,357.50,-0.76%,3.55,3.6,3.65,4799,646,7.43,39.65%,32.05%,0.422105,2026-08-27
AMD,476.67,2026-08-28,1,Put,462.50,-2.97%,1.42,1.44,1.6,2547,343,7.43,51.50%,63.09%,-0.175353,2026-08-27
CAR,139.49,2026-09-18,22,Put,650.00,+365.98%,505.5,512.7,514.7,1782,241,7.39,48.04%,338.36%,-0.928895,2026-08-27
ZM,100.27,2026-09-04,8,Call,100.00,+0.27%,2.2,2.66,2.97,928,126,7.37,41.26%,40.71%,0.535095,2026-08-27
TSLA,354.81,2026-08-31,4,Call,352.50,+0.65%,5.85,5.95,6.2,6457,876,7.37,39.65%,31.82%,0.588898,2026-08-27
AAOI,113.28,2026-10-16,50,Call,115.00,-1.52%,14.8,15.3,15.7,1313,179,7.34,92.46%,94.55%,0.558202,2026-08-27
MU,935.39,2026-08-31,4,Put,920.00,-1.65%,8.65,12,15.95,1011,138,7.33,60.44%,49.42%,-0.362022,2026-08-27
BABA,116.31,2026-09-04,8,Call,120.00,-3.17%,1.26,1.28,1.37,6346,866,7.33,40.77%,39.83%,0.308418,2026-08-27
IREN,40.53,2026-09-04,8,Call,41.50,-2.39%,2.51,2.56,2.65,1340,183,7.32,95.43%,125.13%,0.487726,2026-08-27
S,22.71,2026-08-28,1,Put,21.00,-7.53%,0.75,0.89,1.1,1506,206,7.31,79.17%,360.29%,-0.305053,2026-08-27
SMCI,38.46,2026-10-16,50,Call,50.00,-30.01%,1.09,1.16,1.18,5292,725,7.3,70.80%,74.56%,0.213413,2026-08-27
CAR,139.49,2026-10-16,50,Put,380.00,+172.42%,232.5,239.2,242.7,3646,500,7.29,48.04%,122.97%,-0.991619,2026-08-27
TSLA,354.81,2026-08-28,1,Call,350.00,+1.36%,6,6,6.15,75659,10383,7.29,39.65%,41.62%,0.739616,2026-08-27
MU,935.39,2026-09-02,6,Call,"1,020.00",-9.05%,3.4,4.7,4.4,758,104,7.29,60.44%,55.80%,0.12169,2026-08-27
GOOG,337.71,2026-08-28,1,Call,337.50,+0.06%,1.99,2.03,2.18,3861,530,7.28,27.15%,27.83%,0.522454,2026-08-27
PDD,84.69,2027-01-15,141,Put,130.00,+53.50%,43.55,45.9,47.4,7382,1015,7.27,31.75%,46.69%,-0.944294,2026-08-27
UEC,13.62,2026-09-18,22,Put,12.00,-11.89%,0.22,0.23,0.26,3176,437,7.27,68.65%,64.79%,-0.187269,2026-08-27
SIRI,28.5,2026-10-16,50,Call,30.00,-5.26%,0.72,0.8,0.88,1581,218,7.25,29.90%,33.14%,0.359066,2026-08-27
AAPL,314.58,2026-09-02,6,Call,310.00,+1.46%,6.1,6.45,6.6,4156,575,7.23,24.42%,21.75%,0.712015,2026-08-27
AMZN,256.26,2026-08-28,1,Call,255.00,+0.49%,2.28,2.29,2.36,17851,2489,7.17,28.49%,29.90%,0.629008,2026-08-27
SPCX,140.87,2026-09-18,22,Put,132.00,-6.30%,3.05,3.1,3.15,5423,760,7.14,51.09%,50.23%,-0.272774,2026-08-27
LYFT,17.35,2028-12-15,841,Put,10.00,-42.36%,1.2,1.26,1.53,3000,420,7.14,42.55%,56.37%,-0.123205,2026-08-27
NBIS,218.48,2026-09-18,22,Call,225.00,-2.98%,14.8,15.45,15.95,1753,247,7.1,85.96%,84.20%,0.488691,2026-08-27
MU,935.39,2026-08-28,1,Call,965.00,-3.17%,3,3.35,3.05,5563,784,7.1,60.44%,63.89%,0.180798,2026-08-27
AAPL,314.58,2026-08-28,1,Call,317.50,-0.93%,0.62,0.65,0.67,55855,7864,7.1,24.42%,26.02%,0.253027,2026-08-27
RIOT,20.88,2026-09-04,8,Call,22.50,-7.76%,0.4,0.49,0.5,2856,403,7.09,85.71%,83.24%,0.295172,2026-08-27
CARR,58.84,2028-01-21,512,Call,50.00,+15.02%,14.9,15.45,17.5,1159,164,7.07,30.18%,41.94%,0.724507,2026-08-27
NBIS,218.48,2027-06-17,294,Call,410.00,-87.66%,31.5,32.6,34.75,1021,145,7.04,85.96%,93.76%,0.386214,2026-08-27
CRWD,227.96,2026-08-28,1,Call,225.00,+1.30%,5.05,5.3,5.6,11574,1652,7.01,53.09%,77.01%,0.63568,2026-08-27
SPCX,140.87,2026-08-28,1,Put,139.00,-1.33%,0.72,0.72,0.75,7829,1119,7,51.09%,51.03%,-0.302586,2026-08-27
MSTR,137.4,2026-09-04,8,Call,138.00,-0.44%,6,6,6.1,2082,298,6.99,74.55%,77.44%,0.510472,2026-08-27
PURR,12.83,2026-10-16,50,Call,14.00,-9.12%,1.45,1.6,1.65,1129,162,6.97,102.21%,104.63%,0.492553,2026-08-27
ROK,433,2026-09-18,22,Put,450.00,+3.93%,19.4,22.1,23.5,2126,305,6.97,27.66%,26.31%,-0.709827,2026-08-27
GOOGL,340.65,2026-08-31,4,Call,345.00,-1.28%,1.3,1.42,1.47,3397,488,6.96,27.25%,21.25%,0.293621,2026-08-27
META,571.1,2027-09-17,386,Call,630.00,-10.31%,84.05,84,86.1,1509,219,6.89,34.68%,42.54%,0.531234,2026-08-27
LYFT,17.35,2027-03-19,204,Put,22.00,+26.80%,4.8,5.5,6.35,901,131,6.88,42.55%,51.03%,-0.665198,2026-08-27
NVDA,227.98,2026-09-11,15,Call,237.50,-4.18%,2.55,2.82,2.79,1196,174,6.87,33.59%,33.08%,0.288705,2026-08-27
ASST,23.12,2026-10-16,50,Call,32.00,-38.41%,0.97,1.24,1.52,1872,273,6.86,103.69%,106.51%,0.269389,2026-08-27
HPE,54.41,2027-06-17,294,Put,55.00,+1.08%,11.75,11.75,12.45,3005,438,6.86,72.53%,64.92%,-0.380873,2026-08-27
META,571.1,2026-08-28,1,Put,562.50,-1.51%,1.68,1.71,1.78,3392,495,6.85,34.68%,41.26%,-0.23664,2026-08-27
META,571.1,2026-08-28,1,Put,582.50,+2.00%,12.05,14.68,13.85,1609,235,6.85,34.68%,45.71%,-0.791698,2026-08-27
AIP,23.61,2026-09-18,22,Call,30.00,-27.06%,0.2,0.25,0.25,711,104,6.84,83.33%,74.78%,0.114852,2026-08-27
PLAY,9.18,2026-09-18,22,Put,10.00,+8.93%,1.3,1.4,1.5,2705,396,6.83,96.67%,98.86%,-0.592028,2026-08-27
NVDA,227.98,2026-09-04,8,Call,225.00,+1.31%,5.9,6.5,7,90554,13259,6.83,33.59%,35.28%,0.614595,2026-08-27
BL,33.72,2027-12-17,477,Call,47.50,-40.87%,4.7,5.5,6.5,1255,184,6.82,60.17%,58.76%,0.462013,2026-08-27
RIOT,20.88,2026-08-28,1,Call,21.50,-2.97%,0.15,0.15,0.16,12226,1796,6.81,85.71%,87.75%,0.270265,2026-08-27
INTC,92.09,2026-09-02,6,Call,95.00,-3.16%,1.47,1.5,1.55,3579,526,6.8,58.82%,56.54%,0.349709,2026-08-27
MSTR,137.4,2026-09-04,8,Call,185.00,-34.64%,0.3,0.33,0.34,4645,685,6.78,74.55%,108.26%,0.038309,2026-08-27
MSFT,505.06,2026-09-04,8,Call,510.00,-0.98%,5.05,5.5,5.7,9585,1414,6.78,25.46%,24.89%,0.409576,2026-08-27
CRWD,227.96,2026-08-28,1,Call,237.50,-4.18%,0.8,0.87,0.87,2520,373,6.76,53.09%,79.56%,0.168171,2026-08-27
SOUN,7.22,2026-08-28,1,Put,7.50,+3.88%,0.29,0.3,0.33,5871,875,6.71,67.43%,80.04%,-0.812242,2026-08-27
TSLA,354.81,2026-08-31,4,Put,352.50,-0.65%,3.6,3.7,3.75,3216,480,6.7,39.65%,32.47%,-0.413362,2026-08-27
RXT,3.38,2028-01-21,512,Put,2.00,-40.83%,0.45,0.65,1,1500,225,6.67,109.99%,118.79%,-0.13526,2026-08-27
PDD,84.69,2026-09-18,22,Put,135.00,+59.40%,48.55,50.2,52.4,2049,307,6.67,31.75%,101.08%,-0.965752,2026-08-27
MU,935.39,2026-08-28,1,Put,910.00,-2.71%,4.2,3.97,5,11433,1720,6.65,60.44%,71.33%,-0.224169,2026-08-27
AAPL,314.58,2026-08-31,4,Put,302.50,-3.84%,0.15,0.17,0.2,3030,458,6.62,24.42%,23.52%,-0.05304,2026-08-27
PLTR,185.93,2026-09-04,8,Call,202.50,-8.91%,0.79,0.8,0.85,1017,154,6.6,47.06%,48.55%,0.126965,2026-08-27
AAPL,314.58,2026-08-31,4,Call,315.00,-0.13%,2.3,2.44,2.45,12521,1904,6.58,24.42%,19.21%,0.484677,2026-08-27
WMT,102.63,2026-08-28,1,Call,102.00,+0.61%,0.84,0.88,0.9,3830,583,6.57,22.06%,22.76%,0.701574,2026-08-27
SNDK,1484.95,2026-08-28,1,Call,"1,495.00",-0.68%,19.9,20.29,21.9,860,131,6.56,71.65%,82.12%,0.44704,2026-08-27
WDAY,193.57,2026-10-16,50,Call,230.00,-18.82%,3.8,3.47,6,1354,207,6.54,59.72%,54.83%,0.234754,2026-08-27
SNDK,1484.95,2026-08-28,1,Put,"1,900.00",+27.95%,408.1,414.61,424.3,1162,178,6.53,71.65%,223.99%,-0.979769,2026-08-27
CRCL,94.24,2026-08-28,1,Put,95.00,+0.81%,2.04,2.18,2.53,729,112,6.51,79.87%,95.44%,-0.553402,2026-08-27
LQDA,69.94,2026-08-28,1,Put,61.00,-12.78%,0.1,0.1,0.35,1237,190,6.51,107.53%,184.99%,-0.071883,2026-08-27
AVGO,371.54,2026-08-28,1,Put,362.50,-2.43%,1.18,1.36,1.39,2105,324,6.5,50.51%,57.60%,-0.201985,2026-08-27
TSLA,354.81,2026-08-31,4,Call,362.50,-2.17%,2,2.05,2.06,3927,604,6.5,39.65%,32.77%,0.275485,2026-08-27
NVDA,227.98,2026-09-02,6,Put,207.50,-8.98%,0.25,0.29,0.32,4303,663,6.49,33.59%,45.67%,-0.049964,2026-08-27
TSLA,354.81,2026-08-31,4,Put,350.00,-1.36%,2.67,2.7,2.74,7117,1099,6.48,39.65%,32.43%,-0.33393,2026-08-27
PLTR,185.93,2026-08-28,1,Put,180.00,-3.19%,0.34,0.35,0.35,24252,3748,6.47,47.06%,55.19%,-0.12722,2026-08-27
PDD,84.69,2026-09-18,22,Put,110.00,+29.89%,23.95,25.7,27.4,3480,539,6.46,31.75%,71.44%,-0.923126,2026-08-27
AMD,476.67,2026-08-28,1,Put,472.50,-0.87%,4.05,4.25,4.45,3772,584,6.46,51.50%,61.84%,-0.385781,2026-08-27
MU,935.39,2026-08-28,1,Call,980.00,-4.77%,0.76,1.33,1.41,13222,2050,6.45,60.44%,62.35%,0.079503,2026-08-27
SBET,8.88,2026-09-04,8,Call,9.50,-6.98%,0.07,0.26,0.28,1065,166,6.42,82.49%,75.75%,0.295029,2026-08-27
AMZN,256.26,2026-08-31,4,Call,250.00,+2.44%,6.35,7.5,7.2,1130,176,6.42,28.49%,22.15%,0.863376,2026-08-27
MU,935.39,2026-08-28,1,Put,885.00,-5.39%,0.97,0.98,0.99,3615,564,6.41,60.44%,70.55%,-0.064175,2026-08-27
META,571.1,2026-08-28,1,Call,575.00,-0.68%,3.25,3.33,3.4,15619,2435,6.41,34.68%,41.92%,0.383938,2026-08-27
NVDA,227.98,2026-09-18,22,Call,237.50,-4.18%,3.25,3.82,4,2886,451,6.4,33.59%,31.97%,0.323556,2026-08-27
ABNB,184.4,2027-03-19,204,Put,165.00,-10.52%,9.15,9.85,11.75,696,109,6.39,28.46%,38.37%,-0.277036,2026-08-27
SCCO,216.28,2026-09-04,8,Call,225.00,-4.03%,2.6,3.82,4,972,152,6.39,49.00%,51.89%,0.318679,2026-08-27
LITE,956.14,2026-08-28,1,Call,980.00,-2.50%,8.1,8.7,10,4864,762,6.38,76.11%,91.84%,0.313236,2026-08-27
NEE,83.47,2026-09-18,22,Call,77.50,+7.15%,4.95,6.4,7.3,73209,11467,6.38,20.57%,20.89%,0.929044,2026-08-27
NVDA,227.98,2026-08-31,4,Call,232.50,-1.98%,1.24,1.28,1.5,15811,2482,6.37,33.59%,32.21%,0.289413,2026-08-27
TSLA,354.81,2026-08-28,1,Put,360.00,+1.46%,6.5,6.65,6.65,10850,1710,6.35,39.65%,45.40%,-0.724606,2026-08-27
TSLA,354.81,2026-08-28,1,Put,345.00,-2.76%,0.44,0.45,0.45,53720,8456,6.35,39.65%,44.36%,-0.110616,2026-08-27
GLW,152.8,2026-09-25,29,Put,145.00,-5.10%,6.25,6.94,7.15,1330,210,6.33,60.11%,61.35%,-0.344194,2026-08-27
AMZN,256.26,2026-09-04,8,Call,255.00,+0.49%,4.85,5,5.1,4993,789,6.33,28.49%,27.85%,0.563349,2026-08-27
TSLA,354.81,2026-08-31,4,Call,360.00,-1.46%,2.7,2.72,2.75,12107,1912,6.33,39.65%,32.40%,0.344771,2026-08-27
MU,935.39,2026-08-28,1,Put,905.00,-3.25%,3.05,3.05,3.45,3681,582,6.32,60.44%,69.13%,-0.175286,2026-08-27
MRNA,142.77,2026-09-04,8,Call,150.00,-5.06%,3.55,4.01,4.5,3426,543,6.31,73.49%,81.23%,0.365387,2026-08-27
AAPL,314.58,2026-09-02,6,Call,325.00,-3.31%,0.61,0.66,0.68,2999,477,6.29,24.42%,22.79%,0.139561,2026-08-27
MSTR,137.4,2026-09-11,15,Call,124.00,+9.75%,15.85,16.35,16.6,735,117,6.28,74.55%,71.81%,0.784654,2026-08-27
HL,21.43,2026-12-18,113,Call,22.00,-2.66%,3.15,3.18,3.2,10318,1642,6.28,64.95%,69.95%,0.562314,2026-08-27
NVDA,227.98,2026-08-31,4,Call,235.00,-3.08%,0.74,0.78,0.83,36394,5799,6.28,33.59%,31.99%,0.1898,2026-08-27
NVDA,227.98,2026-08-28,1,Put,217.50,-4.60%,0.13,0.12,0.14,50792,8101,6.27,33.59%,54.89%,-0.048939,2026-08-27
COIN,190.72,2026-09-04,8,Call,195.00,-2.24%,5.7,5.95,6.15,10466,1673,6.26,65.14%,68.67%,0.436566,2026-08-27
NEE,83.47,2026-09-04,8,Call,83.00,+0.56%,0.81,1.05,1.1,757,121,6.26,20.57%,13.99%,0.613827,2026-08-27
NVDA,227.98,2026-09-11,15,Call,227.50,+0.21%,5.4,6.59,6.8,2707,433,6.25,33.59%,30.99%,0.534111,2026-08-27
QBTS,17.9,2026-10-16,50,Call,20.00,-11.73%,1.25,1.27,1.3,10209,1637,6.24,79.38%,76.53%,0.408226,2026-08-27
MSFT,505.06,2026-08-31,4,Call,517.50,-2.46%,0.66,0.85,0.89,785,126,6.23,25.46%,20.93%,0.13896,2026-08-27
ANF,145.75,2026-08-28,1,Call,160.00,-9.78%,0.05,0.15,0.25,798,128,6.23,51.01%,104.31%,0.046521,2026-08-27
CDE,22.21,2026-08-28,1,Put,21.50,-3.20%,0.1,0.12,0.2,1240,199,6.23,64.48%,90.22%,-0.237808,2026-08-27
SO,89.05,2027-03-19,204,Put,87.50,-1.74%,3.1,4.15,4.4,744,120,6.2,16.84%,17.74%,-0.407794,2026-08-27
WMT,102.63,2026-09-18,22,Put,130.00,+26.67%,26.4,26.4,29.4,6730,1086,6.2,22.06%,67.65%,-0.912457,2026-08-27
MU,935.39,2026-08-28,1,Call,935.00,+0.04%,8.5,12.95,13.4,7710,1244,6.2,60.44%,54.84%,0.512877,2026-08-27
RGTI,16.44,2026-10-16,50,Call,18.00,-9.49%,1.31,1.35,1.39,10159,1638,6.2,78.33%,79.17%,0.44212,2026-08-27
MSFT,505.06,2026-09-02,6,Call,500.00,+1.00%,9.05,9.3,9.6,995,161,6.18,25.46%,24.62%,0.636747,2026-08-27
SMR,9.74,2026-10-16,50,Put,7.00,-28.13%,0.14,0.18,0.2,623,101,6.17,82.35%,82.15%,-0.104997,2026-08-27
ASST,23.12,2026-08-28,1,Call,25.00,-8.13%,0.1,0.1,0.14,4910,796,6.17,103.69%,136.68%,0.145548,2026-08-27
META,571.1,2026-08-28,1,Put,560.00,-1.94%,1.18,1.2,1.3,9419,1526,6.17,34.68%,41.79%,-0.180888,2026-08-27
CRWD,227.96,2026-08-28,1,Call,222.50,+2.40%,6.65,6.82,7.2,6661,1081,6.16,53.09%,75.00%,0.738849,2026-08-27
HOOD,109.76,2026-09-04,8,Call,111.00,-1.13%,3.35,3.47,3.6,2589,420,6.16,61.20%,61.78%,0.472731,2026-08-27
CBRS,186.67,2026-08-28,1,Put,182.50,-2.23%,1.55,1.85,2.2,2711,440,6.16,84.09%,93.06%,-0.312062,2026-08-27
PDD,84.69,2026-08-28,1,Call,84.00,+0.81%,0.97,0.99,1.2,775,126,6.15,31.75%,38.58%,0.662814,2026-08-27
MCD,260.06,2026-09-18,22,Call,272.50,-4.78%,0.94,0.98,1.07,1398,228,6.13,19.59%,18.72%,0.162433,2026-08-27
PDD,84.69,2026-09-18,22,Put,115.00,+35.79%,28.55,30.75,32.4,5583,913,6.12,31.75%,71.94%,-0.95579,2026-08-27
TMUS,177.75,2026-09-04,8,Call,170.00,+4.36%,6.9,7.7,8.6,623,102,6.11,26.86%,11.27%,0.996008,2026-08-27
ABNB,184.4,2026-09-04,8,Call,190.00,-3.04%,0.95,1.11,1.11,806,132,6.11,28.46%,27.14%,0.240509,2026-08-27
SLB,55.01,2026-10-16,50,Put,55.00,-0.02%,2.74,2.5,3.15,1403,230,6.1,34.99%,37.11%,-0.466268,2026-08-27
NVDA,227.98,2026-09-02,6,Call,235.00,-3.08%,1.5,1.67,1.68,10125,1660,6.1,33.59%,35.15%,0.261455,2026-08-27
PLTR,185.93,2026-09-04,8,Call,195.00,-4.88%,2,2.03,2.08,12217,2004,6.1,47.06%,47.68%,0.264889,2026-08-27
META,571.1,2026-08-28,1,Call,570.00,+0.19%,5.35,5.6,5.7,10079,1654,6.09,34.68%,41.37%,0.541412,2026-08-27
PDD,84.69,2026-12-18,113,Put,125.00,+47.60%,38.55,40.95,42.45,796,131,6.08,31.75%,47.16%,-0.942531,2026-08-27
BABA,116.31,2026-08-28,1,Call,118.00,-1.45%,0.41,0.45,0.5,2773,457,6.07,40.77%,44.94%,0.273774,2026-08-27
TTWO,233,2026-10-16,50,Call,260.00,-11.59%,4.8,6.34,7.8,1206,199,6.06,42.15%,44.06%,0.287824,2026-08-27
NIO,4.36,2026-09-18,22,Put,4.50,+3.21%,0.25,0.33,0.35,1660,274,6.06,57.66%,52.68%,-0.566822,2026-08-27
PUMP,11.18,2026-12-18,113,Call,17.50,-56.53%,0.2,0.36,0.55,3005,496,6.06,64.35%,71.35%,0.184005,2026-08-27
AMZN,256.26,2026-09-04,8,Call,257.50,-0.48%,3.55,3.75,3.75,4130,681,6.06,28.49%,27.35%,0.468378,2026-08-27
BMNR,25.63,2026-09-04,8,Call,27.00,-5.35%,0.73,0.78,0.79,5149,849,6.06,81.37%,85.49%,0.366095,2026-08-27
NOW,138.43,2026-09-04,8,Put,130.00,-6.09%,1.3,1.3,1.42,662,110,6.02,53.02%,55.04%,-0.205954,2026-08-27
PDD,84.69,2026-09-18,22,Put,130.00,+53.50%,44.2,45.7,47.4,1466,244,6.01,31.75%,109.29%,-0.931048,2026-08-27
PLTR,185.93,2026-09-04,8,Call,187.50,-0.84%,4.5,4.55,4.65,6151,1023,6.01,47.06%,47.68%,0.471075,2026-08-27
MRVL,241.45,2026-08-28,1,Put,230.00,-4.74%,6.9,6.98,7.1,10666,1775,6.01,77.35%,241.24%,-0.326854,2026-08-27
DKNG,24.22,2026-09-04,8,Call,25.00,-3.22%,0.31,0.45,0.44,1356,226,6,45.66%,47.47%,0.342856,2026-08-27
FIG,30.62,2026-09-04,8,Call,32.00,-4.51%,0.69,0.9,0.98,1692,283,5.98,74.01%,76.33%,0.371984,2026-08-27
INTC,92.09,2026-09-25,29,Call,107.00,-16.19%,1.74,1.87,1.98,780,131,5.95,58.82%,61.24%,0.220887,2026-08-27
PANW,382.85,2026-11-20,85,Put,380.00,-0.74%,38,39.64,41.85,1154,194,5.95,62.73%,58.55%,-0.42467,2026-08-27
ECHO,86.47,2026-09-18,22,Put,130.00,+50.34%,41.7,44.5,45.4,11984,2019,5.94,42.57%,77.74%,-0.987764,2026-08-27
NVDA,227.98,2026-08-31,4,Call,225.00,+1.31%,4.1,4.7,5.25,47864,8060,5.94,33.59%,30.58%,0.669256,2026-08-27
META,571.1,2026-08-28,1,Call,602.50,-5.50%,0.12,0.14,0.16,4247,718,5.92,34.68%,51.45%,0.024377,2026-08-27
PDD,84.69,2027-01-15,141,Put,135.00,+59.40%,48.55,50.9,52.45,1178,199,5.92,31.75%,50.35%,-0.942669,2026-08-27
NVDA,227.98,2026-09-02,6,Put,215.00,-5.69%,0.5,0.58,0.88,2747,464,5.92,33.59%,39.80%,-0.118279,2026-08-27
BMNR,25.63,2026-08-28,1,Put,27.00,+5.35%,1.29,1.3,1.62,637,108,5.9,81.37%,90.89%,-0.857777,2026-08-27
NFLX,79.84,2026-12-18,113,Put,116.00,+45.29%,34.05,36,38.15,2360,400,5.9,32.23%,40.55%,-0.977917,2026-08-27
ECHO,86.47,2026-09-18,22,Put,120.00,+38.78%,32.2,34.6,35.4,16747,2838,5.9,42.57%,80.80%,-0.944468,2026-08-27
PDD,84.69,2026-09-18,22,Put,120.00,+41.69%,33.6,35.95,37.4,1235,210,5.88,31.75%,81.21%,-0.956132,2026-08-27
MU,935.39,2026-09-18,22,Put,"1,350.00",+44.32%,411.35,426.61,422.25,1645,280,5.88,60.44%,84.98%,-0.956029,2026-08-27
OKTA,172.91,2026-08-28,1,Call,187.50,-8.44%,0.13,0.25,0.39,634,108,5.87,52.74%,100.98%,0.066249,2026-08-27
NVTS,12.51,2026-09-04,8,Call,13.00,-3.92%,0.4,0.44,0.48,4289,735,5.84,86.97%,86.65%,0.409351,2026-08-27
NVDA,227.98,2026-09-09,13,Call,225.00,+1.31%,6.65,7.3,8,1735,298,5.82,33.59%,32.63%,0.603623,2026-08-27
DDOG,242.93,2026-09-04,8,Call,250.00,-2.91%,4.95,5.25,6.35,593,102,5.81,58.21%,59.51%,0.392578,2026-08-27
MSTR,137.4,2026-08-28,1,Put,128.00,-6.84%,0.19,0.25,0.29,2069,356,5.81,74.55%,96.21%,-0.075735,2026-08-27
MU,935.39,2026-08-28,1,Put,880.00,-5.92%,0.75,0.7,0.78,6239,1073,5.81,60.44%,72.21%,-0.050881,2026-08-27
RBLX,38.15,2026-12-18,113,Put,115.00,+201.44%,74.9,77.65,78.5,1834,316,5.8,56.80%,134.72%,-0.880461,2026-08-27
NFLX,79.84,2027-01-15,141,Put,120.00,+50.30%,38.05,39.15,42.15,2348,405,5.8,32.23%,40.78%,-0.976257,2026-08-27
QS,5.9,2026-09-18,22,Call,6.50,-10.17%,0,0.17,0.21,630,109,5.78,64.78%,52.00%,0.248971,2026-08-27
DJT,9.77,2026-12-18,113,Call,32.00,-227.53%,0.01,0.1,0.33,1070,185,5.78,70.17%,118.96%,0.074457,2026-08-27
RBLX,38.15,2026-09-18,22,Put,100.00,+162.12%,60.7,61.7,63,5025,870,5.78,56.80%,0.00%,-1.,2026-08-27
DOW,30.33,2026-09-04,8,Call,32.00,-5.51%,0.09,0.15,0.18,4423,766,5.77,39.09%,35.92%,0.162265,2026-08-27
NVDA,227.98,2026-08-28,1,Call,227.50,+0.21%,2.04,2.18,2.5,265702,46062,5.77,33.59%,42.28%,0.543901,2026-08-27
INTC,92.09,2026-09-02,6,Call,97.00,-5.33%,0.9,0.99,1.09,646,112,5.77,58.82%,57.40%,0.253904,2026-08-27
NVDA,227.98,2026-09-02,6,Call,242.50,-6.37%,0.41,0.49,0.52,2357,409,5.76,33.59%,35.96%,0.095974,2026-08-27
SNDK,1484.95,2026-08-28,1,Put,"1,430.00",-3.70%,6.3,6.6,6.8,1466,255,5.75,71.65%,82.21%,-0.184073,2026-08-27
TSLA,354.81,2026-09-18,22,Call,347.50,+2.06%,17.65,17.78,18,746,130,5.74,39.65%,39.04%,0.613327,2026-08-27
SNDK,1484.95,2026-09-04,8,Put,"1,350.00",-9.09%,14.5,15,16.1,1769,308,5.74,71.65%,72.32%,-0.17102,2026-08-27
ORCL,151.94,2026-10-02,36,Put,95.00,-37.48%,0.17,0.29,0.45,590,103,5.73,69.45%,78.35%,-0.020631,2026-08-27
META,571.1,2026-08-28,1,Call,597.50,-4.62%,0.21,0.25,0.27,8150,1423,5.73,34.68%,49.10%,0.040749,2026-08-27
META,571.1,2026-08-28,1,Call,590.00,-3.31%,0.54,0.55,0.56,26908,4695,5.73,34.68%,45.51%,0.088332,2026-08-27
MSTR,137.4,2026-09-04,8,Put,125.00,-9.02%,1.54,1.59,1.64,5361,939,5.71,74.55%,75.29%,-0.181223,2026-08-27
GOOGL,340.65,2026-08-28,1,Call,340.00,+0.19%,2.3,2.46,2.52,10117,1774,5.7,27.25%,28.87%,0.555701,2026-08-27
MSTR,137.4,2026-08-28,1,Call,140.00,-1.89%,1.77,1.84,1.89,29443,5176,5.69,74.55%,101.68%,0.373036,2026-08-27
MRVL,241.45,2026-09-25,29,Call,245.00,-1.47%,19.2,20.02,20.45,671,118,5.69,77.35%,77.88%,0.522305,2026-08-27
SPCX,140.87,2026-09-04,8,Put,142.00,+0.80%,4.55,4.6,4.7,791,139,5.69,51.09%,48.97%,-0.526179,2026-08-27
MRNA,142.77,2026-08-28,1,Put,141.00,-1.24%,1.68,2,2.4,853,150,5.69,73.49%,95.97%,-0.391584,2026-08-27
MRVL,241.45,2026-08-28,1,Call,302.50,-25.28%,0.8,0.8,0.82,939,165,5.69,77.35%,264.25%,0.059392,2026-08-27
CRWD,227.96,2026-09-04,8,Put,225.00,-1.30%,6.6,6.8,6.95,892,157,5.68,53.09%,61.65%,-0.422286,2026-08-27
DKNG,24.22,2026-09-11,15,Call,25.00,-3.22%,0.54,0.62,0.96,1040,183,5.68,45.66%,54.39%,0.413375,2026-08-27
NVDA,227.98,2026-10-16,50,Put,270.00,+18.43%,41.8,43,43.65,612,108,5.67,33.59%,34.43%,-0.908282,2026-08-27
AI,10.33,2026-08-28,1,Put,10.50,+1.65%,0.18,0.27,0.33,1394,246,5.67,80.35%,71.78%,-0.660484,2026-08-27
INTC,92.09,2026-09-18,22,Call,92.00,+0.10%,5.2,5.3,5.55,1542,272,5.67,58.82%,58.29%,0.536235,2026-08-27
WMT,102.63,2026-09-18,22,Call,112.00,-9.13%,0.2,0.2,0.24,1335,236,5.66,22.06%,24.42%,0.080624,2026-08-27
META,571.1,2026-08-28,1,Call,587.50,-2.87%,0.73,0.78,0.8,9057,1599,5.66,34.68%,44.94%,0.117411,2026-08-27
MSTR,137.4,2026-09-04,8,Call,145.00,-5.53%,3.6,3.7,3.9,4802,851,5.64,74.55%,82.27%,0.353949,2026-08-27
APLD,27.44,2026-10-02,36,Put,23.00,-16.18%,0.77,0.89,1.25,5341,948,5.63,89.46%,85.60%,-0.211013,2026-08-27
MRVL,241.45,2026-09-04,8,Put,195.00,-19.24%,1.11,1.14,1.19,1139,203,5.61,77.35%,102.04%,-0.067506,2026-08-27
RILY,7.11,2026-09-04,8,Call,7.00,+1.55%,0.31,0.32,0.33,1649,294,5.61,57.68%,66.63%,0.567584,2026-08-27
INTC,92.09,2026-08-28,1,Put,92.00,-0.10%,1.23,1.29,1.33,5467,981,5.57,58.82%,69.10%,-0.481228,2026-08-27
MRVL,241.45,2026-08-28,1,Put,210.00,-13.03%,1.43,1.45,1.49,12243,2198,5.57,77.35%,221.95%,-0.103797,2026-08-27
AAPL,314.58,2026-08-28,1,Put,307.50,-2.25%,0.13,0.13,0.14,30262,5429,5.57,24.42%,28.91%,-0.064612,2026-08-27
DVN,47.12,2026-09-18,22,Call,47.00,+0.25%,1.48,1.57,1.62,2258,406,5.56,33.97%,32.08%,0.530637,2026-08-27
GLW,152.8,2027-03-19,204,Call,380.00,-148.69%,1.88,2.17,2.53,610,110,5.55,60.11%,70.11%,0.074458,2026-08-27
BL,33.72,2026-09-18,22,Call,35.00,-3.80%,1.1,1.45,1.95,1309,236,5.55,60.17%,61.69%,0.438062,2026-08-27
Z,35.43,2026-09-18,22,Put,47.50,+34.07%,10.1,12.1,14.1,631,114,5.54,52.62%,63.84%,-0.971622,2026-08-27
TE,4.96,2026-10-02,36,Call,6.00,-20.97%,0.3,0.4,0.4,596,108,5.52,108.27%,110.61%,0.357996,2026-08-27
EIX,73.68,2026-10-16,50,Put,65.00,-11.78%,0.85,1.03,1.15,7906,1431,5.52,38.06%,37.96%,-0.169127,2026-08-27
CSCO,112.15,2026-09-25,29,Call,125.00,-11.46%,0.34,0.47,0.54,1068,194,5.51,29.34%,29.11%,0.103644,2026-08-27
BTDR,11.33,2026-09-18,22,Call,12.00,-5.91%,0.7,0.92,0.95,572,104,5.5,98.04%,98.19%,0.456691,2026-08-27
U,43.49,2026-10-16,50,Call,48.00,-10.37%,1.63,1.9,1.98,588,107,5.5,50.56%,52.62%,0.350768,2026-08-27
SNDK,1484.95,2026-08-28,1,Put,"1,470.00",-1.01%,17.8,18.1,18.7,2246,408,5.5,71.65%,81.28%,-0.396991,2026-08-27
NVDA,227.98,2026-09-02,6,Call,240.00,-5.27%,0.5,0.75,0.95,6188,1125,5.5,33.59%,35.80%,0.138933,2026-08-27
AMZN,256.26,2026-08-28,1,Call,252.50,+1.47%,4,4.29,4.4,4926,898,5.49,28.49%,31.38%,0.819744,2026-08-27
LULU,115,2027-01-15,141,Put,220.00,+91.30%,103.75,103.75,106.3,686,125,5.49,57.12%,60.34%,-0.978132,2026-08-27
SNDK,1484.95,2026-08-28,1,Call,"1,560.00",-5.05%,4.2,4.29,4.5,1022,186,5.49,71.65%,83.58%,0.135029,2026-08-27
BAC,61.17,2026-09-04,8,Call,61.00,+0.28%,0.74,0.8,0.81,1957,358,5.47,22.16%,18.68%,0.551052,2026-08-27
LULU,115,2027-01-15,141,Put,280.00,+143.48%,163.35,163.85,165.65,578,106,5.45,57.12%,78.67%,-0.979935,2026-08-27
PLAY,9.18,2026-09-18,22,Put,8.00,-12.85%,0.4,0.4,0.45,594,109,5.45,96.67%,106.23%,-0.256536,2026-08-27
ALGT,80.31,2027-04-16,232,Call,125.00,-55.65%,4.3,4.6,5.2,779,143,5.45,58.97%,61.05%,0.252752,2026-08-27
TMUS,177.75,2026-09-18,22,Call,150.00,+15.61%,26.3,27.2,29.6,835,154,5.42,26.86%,34.60%,0.978493,2026-08-27
CIFR,16.77,2026-09-04,8,Put,19.50,+16.28%,2.6,2.72,3.25,1014,187,5.42,98.75%,98.50%,-0.83172,2026-08-27
NLY,23.06,2026-09-18,22,Call,23.50,-1.91%,0.08,0.2,0.24,1041,192,5.42,16.98%,16.29%,0.287156,2026-08-27
INTC,92.09,2026-08-31,4,Call,97.00,-5.33%,0.4,0.45,0.45,1820,336,5.42,58.82%,50.08%,0.168937,2026-08-27
NCLH,16.65,2026-10-16,50,Put,16.00,-3.90%,0.73,0.75,0.79,5258,970,5.42,41.88%,45.07%,-0.36444,2026-08-27
CRM,252.05,2027-12-17,477,Call,260.00,-3.15%,52.9,54.67,54.85,1503,278,5.41,41.13%,46.72%,0.609001,2026-08-27
META,571.1,2026-08-31,4,Call,585.00,-2.43%,2.44,2.58,2.63,2252,416,5.41,34.68%,30.94%,0.237212,2026-08-27
CRM,252.05,2026-11-20,85,Put,230.00,-8.75%,9.1,9.58,9.9,551,102,5.4,41.13%,41.15%,-0.277292,2026-08-27
AMZN,256.26,2026-08-31,4,Put,265.00,+3.41%,8.65,9.53,9.55,550,102,5.39,28.49%,27.03%,-0.879985,2026-08-27
ESTC,83.74,2026-09-18,22,Put,80.00,-4.47%,4.3,5.9,6.5,789,147,5.37,88.73%,89.83%,-0.372363,2026-08-27
TSLA,354.81,2026-09-04,8,Put,355.00,+0.05%,8.25,8.38,8.4,3250,605,5.37,39.65%,39.87%,-0.487658,2026-08-27
WMT,102.63,2026-09-11,15,Call,102.00,+0.61%,2.08,2.22,2.18,616,115,5.36,22.06%,20.98%,0.575845,2026-08-27
PL,21.16,2026-09-25,29,Put,23.00,+8.70%,3.4,3.6,3.8,612,115,5.32,106.78%,105.77%,-0.549395,2026-08-27
WDAY,193.57,2026-08-28,1,Call,225.00,-16.24%,1,1.25,1.35,660,124,5.32,59.72%,225.04%,0.111667,2026-08-27
SION,6.06,2027-01-15,141,Put,2.50,-58.75%,0,0.1,1.2,713,134,5.32,140.88%,201.27%,-0.089624,2026-08-27
GOOGL,340.65,2026-08-31,4,Call,342.50,-0.54%,2.21,2.13,2.42,1255,236,5.32,27.25%,21.74%,0.416677,2026-08-27
B,47.32,2026-09-18,22,Call,51.00,-7.78%,0.71,0.81,0.83,1345,253,5.32,45.62%,43.72%,0.263435,2026-08-27
BMNR,25.63,2026-09-11,15,Put,24.00,-6.36%,0.82,0.85,0.9,1733,326,5.32,81.37%,77.44%,-0.3068,2026-08-27
NVDA,227.98,2026-08-28,1,Call,237.50,-4.18%,0.13,0.16,0.17,60727,11411,5.32,33.59%,49.61%,0.059483,2026-08-27
INTC,92.09,2026-09-25,29,Call,95.00,-3.16%,4.85,4.95,4.95,4452,839,5.31,58.82%,58.59%,0.46356,2026-08-27
AFRM,77.49,2026-08-28,1,Call,89.00,-14.85%,0.75,0.9,0.94,605,114,5.31,69.52%,253.58%,0.164439,2026-08-27
BULL,9.57,2026-09-04,8,Put,9.00,-5.96%,0.13,0.16,0.16,1751,330,5.31,61.58%,66.21%,-0.247386,2026-08-27
BMNR,25.63,2026-10-16,50,Call,32.00,-24.85%,1.19,1.4,1.44,1996,377,5.29,81.37%,85.56%,0.298927,2026-08-27
CRWD,227.96,2026-09-04,8,Call,230.00,-0.89%,7.3,7.4,7.65,3133,592,5.29,53.09%,61.95%,0.482996,2026-08-27
ECHO,86.47,2026-12-18,113,Put,150.00,+73.47%,61.4,64.9,65.4,16419,3109,5.28,42.57%,77.70%,-0.86867,2026-08-27
AMZN,256.26,2026-09-11,15,Call,277.50,-8.29%,0.55,0.58,0.67,543,103,5.27,28.49%,28.31%,0.091284,2026-08-27
NET,308.23,2026-08-28,1,Call,325.00,-5.44%,0.12,0.3,0.39,625,119,5.25,53.47%,63.77%,0.058506,2026-08-27
COGT,37.09,2026-09-18,22,Call,40.00,-7.85%,0.6,0.75,1.2,920,176,5.23,54.18%,53.18%,0.309726,2026-08-27
PD,12.63,2026-09-18,22,Call,15.00,-18.76%,0.5,0.5,0.55,921,176,5.23,87.56%,103.57%,0.294361,2026-08-27
MRNA,142.77,2026-08-28,1,Put,135.00,-5.44%,0.5,0.48,0.6,5202,995,5.23,73.49%,101.34%,-0.139337,2026-08-27
NOW,138.43,2026-09-25,29,Call,150.00,-8.36%,4.1,4.2,4.3,1331,255,5.22,53.02%,53.51%,0.330801,2026-08-27
AVGO,371.54,2026-09-04,8,Call,475.00,-27.85%,0.37,0.41,0.42,1536,296,5.19,50.51%,81.47%,0.024357,2026-08-27
META,571.1,2026-09-18,22,Put,730.00,+27.82%,155.1,160.6,162.65,4115,793,5.19,34.68%,63.76%,-0.936315,2026-08-27
SPCX,140.87,2026-08-28,1,Put,180.00,+27.78%,37.9,39.7,40.65,12895,2488,5.18,51.09%,232.03%,-0.975043,2026-08-27
TTD,13.42,2027-01-15,141,Put,60.00,+347.09%,45.3,47.1,47.1,2110,407,5.18,53.24%,169.46%,-0.837044,2026-08-27
MSFT,505.06,2026-08-31,4,Call,507.50,-0.48%,3.25,3.45,3.7,1183,229,5.17,25.46%,21.40%,0.424723,2026-08-27
SONY,24.07,2026-12-18,113,Call,27.50,-14.25%,0.55,0.62,0.7,9840,1904,5.17,26.69%,31.39%,0.265892,2026-08-27
AMZN,256.26,2026-08-31,4,Put,247.50,-3.42%,0.22,0.25,0.29,619,120,5.16,28.49%,24.56%,-0.083779,2026-08-27
SNDK,1484.95,2026-08-28,1,Call,"1,490.00",-0.34%,22.3,22.52,23.1,1862,361,5.16,71.65%,80.74%,0.477327,2026-08-27
AFRM,77.49,2026-08-28,1,Call,100.00,-29.05%,0.04,0.1,0.1,1885,365,5.16,69.52%,232.35%,0.020922,2026-08-27
MRVL,241.45,2026-08-28,1,Call,267.50,-10.79%,4.15,4.32,4.4,1559,303,5.15,77.35%,253.99%,0.240842,2026-08-27
TSLA,354.81,2026-09-04,8,Call,357.50,-0.76%,7.2,7.54,7.4,3757,731,5.14,39.65%,40.19%,0.466588,2026-08-27
WMT,102.63,2026-09-04,8,Call,100.00,+2.56%,2.95,2.97,3.2,682,133,5.13,22.06%,22.03%,0.796697,2026-08-27
GAP,20.79,2026-09-11,15,Put,20.00,-3.80%,1,1.14,1.14,1611,314,5.13,70.10%,86.99%,-0.378434,2026-08-27
PURR,12.83,2026-08-28,1,Call,13.00,-1.33%,0.25,0.35,0.35,15941,3113,5.12,102.21%,140.35%,0.443885,2026-08-27
SLB,55.01,2026-10-16,50,Put,52.50,-4.56%,1.6,1.65,1.73,828,162,5.11,34.99%,35.12%,-0.3298,2026-08-27
META,571.1,2026-08-31,4,Put,560.00,-1.94%,2.64,2.81,3.15,910,178,5.11,34.68%,30.35%,-0.259924,2026-08-27
GOOGL,340.65,2026-08-31,4,Put,325.00,-4.59%,0.08,0.15,0.17,530,104,5.1,27.25%,25.14%,-0.034897,2026-08-27
FTNT,172.78,2026-10-16,50,Put,165.00,-4.50%,6.15,7.22,8.4,984,193,5.1,43.55%,44.32%,-0.349009,2026-08-27
NVDA,227.98,2026-08-31,4,Call,230.00,-0.89%,2,2.04,2.3,75679,14848,5.1,33.59%,31.60%,0.405308,2026-08-27
AMZN,256.26,2026-08-28,1,Call,245.00,+4.39%,11.1,11.25,11.75,7153,1405,5.09,28.49%,52.10%,0.952041,2026-08-27
IREN,40.53,2026-08-28,1,Call,42.00,-3.63%,1.74,1.75,1.75,37356,7344,5.09,95.43%,279.67%,0.432682,2026-08-27
COIN,190.72,2026-09-04,8,Put,187.50,-1.69%,5.55,5.9,6.25,941,185,5.09,65.14%,66.82%,-0.409711,2026-08-27
AFRM,77.49,2026-11-20,85,Put,77.50,+0.01%,8.05,9.45,9.9,706,139,5.08,69.52%,62.48%,-0.432152,2026-08-27
META,571.1,2026-09-02,6,Call,585.00,-2.43%,4.6,4.72,5,864,170,5.08,34.68%,34.46%,0.304957,2026-08-27
ASTS,61.44,2026-09-04,8,Put,63.00,+2.54%,3.3,3.81,4.25,894,176,5.08,72.67%,80.49%,-0.55797,2026-08-27
KSS,18.15,2026-10-16,50,Call,18.00,+0.83%,1.36,1.42,1.61,2429,478,5.08,54.06%,52.64%,0.556412,2026-08-27
AVGO,371.54,2026-08-28,1,Call,382.50,-2.95%,0.95,1.01,1.04,4032,795,5.07,50.51%,57.13%,0.169876,2026-08-27
COIN,190.72,2026-09-04,8,Call,250.00,-31.08%,0.16,0.19,0.22,668,132,5.06,65.14%,87.40%,0.021652,2026-08-27
ARM,255.21,2026-09-04,8,Call,280.00,-9.71%,2.85,3.1,3.1,1924,380,5.06,65.21%,71.20%,0.206307,2026-08-27
LULU,115,2026-12-18,113,Put,300.00,+160.87%,183.3,183.8,185.7,8610,1700,5.06,57.12%,90.15%,-0.983235,2026-08-27
ORCL,151.94,2026-08-28,1,Put,150.00,-1.28%,1.03,1.09,1.17,3987,790,5.05,69.45%,60.88%,-0.336869,2026-08-27
ADSK,270.58,2026-08-28,1,Put,250.00,-7.61%,3.7,4.54,5.4,641,127,5.05,57.93%,224.32%,-0.231692,2026-08-27
AMZN,256.26,2026-08-28,1,Call,260.00,-1.46%,0.43,0.46,0.46,44967,8922,5.04,28.49%,31.39%,0.192757,2026-08-27
TTD,13.42,2027-01-15,141,Put,47.50,+253.95%,32.95,34.15,34.85,1596,317,5.03,53.24%,119.75%,-0.942988,2026-08-27
CRWD,227.96,2026-09-11,15,Put,220.00,-3.49%,6.3,6.35,7.65,537,107,5.02,53.09%,58.57%,-0.35595,2026-08-27
AMZN,256.26,2026-08-31,4,Call,260.00,-1.46%,1.02,1.04,1.12,10239,2039,5.02,28.49%,22.96%,0.282898,2026-08-27
FSLY,24.64,2026-09-04,8,Call,26.00,-5.52%,0.5,0.66,0.75,1002,200,5.01,74.97%,78.69%,0.345982,2026-08-27
MSTR,137.4,2026-09-11,15,Call,145.00,-5.53%,5.15,5.45,5.55,1938,387,5.01,74.55%,74.92%,0.39406,2026-08-27
APO,133.44,2027-01-15,141,Call,155.00,-16.16%,4.3,5.2,5.2,4412,884,4.99,33.96%,34.84%,0.291127,2026-08-27
OKTA,172.91,2026-08-28,1,Call,167.50,+3.13%,5.95,7.05,7.25,663,133,4.98,52.74%,89.39%,0.759607,2026-08-27
AFRM,77.49,2026-08-28,1,Put,69.00,-10.96%,1,1.15,1.14,1280,257,4.98,69.52%,258.47%,-0.177183,2026-08-27
SLB,55.01,2026-09-04,8,Call,55.00,+0.02%,0.89,1.2,1.31,2654,534,4.97,34.99%,33.45%,0.513763,2026-08-27
PSKY,10.8,2026-10-16,50,Put,10.00,-7.41%,0.26,0.47,0.83,2768,557,4.97,53.42%,58.71%,-0.317551,2026-08-27
NOW,138.43,2026-08-28,1,Call,138.00,+0.31%,2.02,2.07,2.18,4913,988,4.97,53.02%,64.79%,0.544445,2026-08-27
NOW,138.43,2026-08-28,1,Call,141.00,-1.86%,0.84,0.88,0.92,1556,314,4.96,53.02%,64.77%,0.300555,2026-08-27
SNDK,1484.95,2026-08-28,1,Call,"1,580.00",-6.40%,2.5,2.65,2.7,845,171,4.94,71.65%,85.48%,0.086565,2026-08-27
MARA,11.87,2026-09-04,8,Put,12.00,+1.10%,0.67,0.7,0.71,3288,665,4.94,87.16%,89.09%,-0.504771,2026-08-27
MSTR,137.4,2026-09-04,8,Call,135.00,+1.75%,7.4,7.6,7.75,7835,1587,4.94,74.55%,77.67%,0.586165,2026-08-27
HIMS,31.66,2026-08-28,1,Call,32.00,-1.07%,0.34,0.34,0.4,11973,2425,4.94,71.79%,78.43%,0.406209,2026-08-27
NVDA,227.98,2026-08-31,4,Call,237.50,-4.18%,0.39,0.46,0.51,7469,1514,4.93,33.59%,32.47%,0.119747,2026-08-27
MSFT,505.06,2026-08-28,1,Call,515.00,-1.97%,0.39,0.4,0.44,9070,1839,4.93,25.46%,29.96%,0.109336,2026-08-27
WMT,102.63,2026-09-04,8,Call,102.00,+0.61%,1.6,1.69,1.71,2722,553,4.92,22.06%,21.21%,0.591012,2026-08-27
TSLA,354.81,2026-08-28,1,Put,340.00,-4.17%,0.13,0.13,0.14,30459,6194,4.92,39.65%,46.50%,-0.038569,2026-08-27
NVDA,227.98,2026-09-04,8,Put,217.50,-4.60%,1.12,1.32,1.4,3598,733,4.91,33.59%,36.65%,-0.182448,2026-08-27
LITE,956.14,2026-08-28,1,Put,920.00,-3.78%,5.3,5.08,5.9,1134,231,4.91,76.11%,93.34%,-0.207543,2026-08-27
CRM,252.05,2026-09-18,22,Put,230.00,-8.75%,2.37,2.45,2.49,2230,454,4.91,41.13%,41.73%,-0.168375,2026-08-27
AMZN,256.26,2026-08-31,4,Put,257.50,+0.48%,2.94,3.07,3.15,927,189,4.9,28.49%,22.61%,-0.571363,2026-08-27
MU,935.39,2026-08-28,1,Put,927.50,-0.84%,8.35,9.07,9.7,1476,301,4.9,60.44%,64.85%,-0.393959,2026-08-27
CRM,252.05,2026-08-28,1,Call,240.00,+4.78%,11.9,13.43,13.05,11152,2277,4.9,41.13%,71.35%,0.908669,2026-08-27
MU,935.39,2026-08-28,1,Call,970.00,-3.70%,2.2,2.33,2.21,11979,2444,4.9,60.44%,63.41%,0.141134,2026-08-27
ASC,17.66,2026-10-16,50,Call,15.00,+15.06%,1.4,2.85,2.95,1065,218,4.89,43.78%,47.04%,0.845694,2026-08-27
SNDK,1484.95,2026-08-28,1,Call,"1,550.00",-4.38%,5.4,5.6,5.7,6148,1266,4.86,71.65%,82.47%,0.166156,2026-08-27
META,571.1,2026-08-28,1,Put,552.50,-3.26%,0.39,0.42,0.45,1655,341,4.85,34.68%,43.69%,-0.071717,2026-08-27
GLXY,25.29,2026-08-28,1,Call,25.50,-0.83%,0.02,0.39,0.6,2114,436,4.85,83.17%,76.45%,0.426924,2026-08-27
COIN,190.72,2026-09-04,8,Call,240.00,-25.84%,0.2,0.32,0.45,862,178,4.84,65.14%,83.28%,0.036256,2026-08-27
INTC,92.09,2026-08-31,4,Call,94.00,-2.07%,1.08,1.1,1.16,1200,248,4.84,58.82%,49.28%,0.357306,2026-08-27
MU,935.39,2026-08-28,1,Put,932.50,-0.31%,10.65,11.5,11.9,1433,296,4.84,60.44%,65.16%,-0.456128,2026-08-27
META,571.1,2026-08-28,1,Put,557.50,-2.38%,0.83,0.87,0.92,2501,517,4.84,34.68%,42.37%,-0.135316,2026-08-27
XOM,156.44,2026-09-04,8,Call,160.00,-2.28%,1,1.13,1.27,2786,576,4.84,27.07%,26.92%,0.29471,2026-08-27
ECHO,86.47,2027-01-15,141,Put,150.00,+73.47%,61.4,64.9,65.3,8458,1748,4.84,42.57%,71.21%,-0.862923,2026-08-27
INTC,92.09,2026-08-28,1,Call,92.00,+0.10%,1.37,1.44,1.44,36232,7491,4.84,58.82%,70.54%,0.518831,2026-08-27
ECHO,86.47,2026-09-18,22,Put,115.00,+32.99%,26.4,29.8,30.4,3930,813,4.83,42.57%,99.07%,-0.85443,2026-08-27
GOOGL,340.65,2026-10-16,50,Call,375.00,-10.08%,4.2,4.35,4.7,60108,12435,4.83,27.25%,29.69%,0.218667,2026-08-27
FRMI,5.45,2026-09-04,8,Put,6.50,+19.27%,0.95,1,1.15,2393,495,4.83,102.97%,0.00%,-1.,2026-08-27
T,25.43,2026-09-18,22,Put,29.00,+14.04%,2.87,3.57,4.4,1662,345,4.82,22.41%,34.91%,-0.930474,2026-08-27
SBSW,12.26,2026-10-16,50,Put,11.00,-10.28%,0.6,0.63,0.65,4139,858,4.82,63.68%,65.93%,-0.290272,2026-08-27
MU,935.39,2026-08-31,4,Put,925.00,-1.11%,11.9,14.45,17.15,500,104,4.81,60.44%,49.99%,-0.40288,2026-08-27
AAPL,314.58,2026-09-04,8,Call,312.50,+0.66%,5.5,5.6,5.8,3774,787,4.8,24.42%,23.78%,0.589554,2026-08-27
MU,935.39,2026-08-28,1,Put,875.00,-6.46%,0.53,0.55,0.56,4656,971,4.8,60.44%,72.61%,-0.037756,2026-08-27
ASTS,61.44,2026-08-28,1,Call,62.00,-0.91%,0.7,0.73,0.78,6712,1401,4.79,72.67%,77.02%,0.419766,2026-08-27
AVGO,371.54,2026-08-31,4,Call,367.50,+1.09%,7.55,8,8.45,574,120,4.78,50.51%,36.82%,0.62216,2026-08-27
TTD,13.42,2027-01-15,141,Put,42.50,+216.69%,27.75,29.7,29.7,1195,250,4.78,53.24%,145.03%,-0.811054,2026-08-27
TSLA,354.81,2026-08-28,1,Put,362.50,+2.17%,8.4,8.5,8.8,3152,660,4.78,39.65%,47.01%,-0.804379,2026-08-27
AAPL,314.58,2026-08-31,4,Put,312.50,-0.66%,1.42,1.59,1.65,2731,573,4.77,24.42%,18.90%,-0.359181,2026-08-27
INTC,92.09,2026-08-28,1,Call,91.00,+1.18%,1.92,1.96,2.03,19571,4105,4.77,58.82%,70.95%,0.633634,2026-08-27
MU,935.39,2026-08-31,4,Call,990.00,-5.84%,2.68,2.73,3.1,648,136,4.76,60.44%,46.63%,0.1292,2026-08-27
BMNR,25.63,2026-09-04,8,Call,26.50,-3.39%,0.88,0.94,0.98,1855,390,4.76,81.37%,85.28%,0.422577,2026-08-27
QBTS,17.9,2026-09-04,8,Call,18.00,-0.56%,0.67,0.73,0.82,2164,455,4.76,79.38%,74.31%,0.504625,2026-08-27
AMZN,256.26,2026-09-04,8,Call,252.50,+1.47%,6.35,6.55,6.65,560,118,4.75,28.49%,28.15%,0.653437,2026-08-27
MSTR,137.4,2026-09-04,8,Call,134.00,+2.47%,7.9,8.2,8.35,632,133,4.75,74.55%,77.63%,0.611202,2026-08-27
TTD,13.42,2026-09-18,22,Put,32.50,+142.18%,18,19.7,20.4,1491,314,4.75,53.24%,204.10%,-0.93821,2026-08-27
AAPL,314.58,2026-08-31,4,Put,307.50,-2.25%,0.44,0.45,0.49,2044,431,4.74,24.42%,20.29%,-0.136196,2026-08-27
ECHO,86.47,2027-01-15,141,Put,160.00,+85.04%,71.8,74.7,75.3,520,110,4.73,42.57%,57.77%,-0.977715,2026-08-27
MNDY,99.5,2026-09-18,22,Put,85.00,-14.57%,0.9,1.45,2,539,114,4.73,60.90%,69.12%,-0.152676,2026-08-27
CRDO,240.24,2026-08-28,1,Call,245.00,-1.98%,1.95,2.21,2.8,1078,228,4.73,91.24%,85.64%,0.339753,2026-08-27
TSLA,354.81,2026-09-09,13,Call,355.00,-0.05%,9.75,10.07,11,737,156,4.72,39.65%,38.36%,0.518608,2026-08-27
WMT,102.63,2026-09-11,15,Call,103.00,-0.36%,1.6,1.63,1.66,1540,326,4.72,22.06%,21.14%,0.485055,2026-08-27
INTC,92.09,2026-09-02,6,Call,92.00,+0.10%,2.63,2.65,2.79,1252,266,4.71,58.82%,56.13%,0.522532,2026-08-27
CLYM,15.06,2026-09-18,22,Put,15.00,-0.40%,3,3.12,4,15628,3319,4.71,222.12%,244.62%,-0.378391,2026-08-27
CAT,817,2026-09-04,8,Put,790.00,-3.30%,3.55,5.8,7.3,887,189,4.69,36.13%,32.51%,-0.231411,2026-08-27
NOW,138.43,2027-01-15,141,Put,115.00,-16.93%,7,7.58,7.85,5188,1109,4.68,53.02%,55.12%,-0.226999,2026-08-27
TSLA,354.81,2026-09-02,6,Call,357.50,-0.76%,5.45,5.45,5.6,1443,309,4.67,39.65%,36.74%,0.450605,2026-08-27
CRM,252.05,2026-09-04,8,Call,275.00,-9.11%,0.98,1.05,1.12,1235,265,4.66,41.13%,48.51%,0.121234,2026-08-27
MSTR,137.4,2026-08-28,1,Call,135.00,+1.75%,4.05,4.19,4.2,14495,3120,4.65,74.55%,96.77%,0.646263,2026-08-27
BB,8.65,2026-09-04,8,Call,9.50,-9.83%,0.1,0.12,0.13,702,151,4.65,67.67%,75.49%,0.218936,2026-08-27
DOCU,63.8,2026-08-28,1,Call,66.00,-3.45%,0.05,0.18,0.22,1061,228,4.65,65.54%,58.46%,0.137976,2026-08-27
SNDK,1484.95,2026-08-28,1,Call,"1,590.00",-7.07%,1.9,2.1,2.1,987,213,4.63,71.65%,86.45%,0.068679,2026-08-27
AVGO,371.54,2026-08-28,1,Call,367.50,+1.09%,6.3,6.7,7.1,3254,705,4.62,50.51%,56.60%,0.650465,2026-08-27
META,571.1,2026-08-28,1,Put,555.00,-2.82%,0.58,0.61,0.64,4953,1072,4.62,34.68%,43.01%,-0.099373,2026-08-27
AMZN,256.26,2026-09-18,22,Call,257.50,-0.48%,6.5,6.65,6.75,780,169,4.62,28.49%,27.69%,0.498073,2026-08-27
SNDK,1484.95,2026-08-28,1,Call,"1,520.00",-2.36%,11.5,11.65,12,1445,313,4.62,71.65%,81.26%,0.299796,2026-08-27
PLTR,185.93,2026-09-18,22,Call,215.00,-15.63%,1.19,1.27,1.28,516,112,4.61,47.06%,47.50%,0.121267,2026-08-27
FHTX,6.22,2026-09-18,22,Put,2.50,-59.81%,0.05,0.1,0.3,1111,241,4.61,313.19%,318.36%,-0.059428,2026-08-27
MU,935.39,2026-08-28,1,Call,910.00,+2.71%,25.65,29.52,30,7207,1562,4.61,60.44%,54.64%,0.836455,2026-08-27
CAT,817,2026-08-28,1,Call,815.00,+0.24%,4.9,8.25,11.2,621,135,4.6,36.13%,40.91%,0.551271,2026-08-27
OKTA,172.91,2026-09-04,8,Call,170.00,+1.68%,6.85,7.25,8.15,671,146,4.6,52.74%,57.83%,0.598852,2026-08-27
JD,28.49,2026-09-04,8,Call,29.00,-1.79%,0.26,0.27,0.3,1476,321,4.6,29.87%,30.23%,0.33953,2026-08-27
GAP,20.79,2026-08-28,1,Call,22.00,-5.82%,0.85,0.95,0.95,6632,1444,4.59,70.10%,319.20%,0.399307,2026-08-27
GS,1040.87,2026-08-28,1,Call,"1,080.00",-3.76%,0.13,0.17,0.18,5268,1151,4.58,30.47%,34.83%,0.022089,2026-08-27
BAC,61.17,2026-09-25,29,Call,66.00,-7.90%,0.09,0.13,0.15,1763,385,4.58,22.16%,18.75%,0.083004,2026-08-27
MSFT,505.06,2026-09-04,8,Put,467.50,-7.44%,0.32,0.36,0.57,921,202,4.56,25.46%,31.49%,-0.045158,2026-08-27
INTC,92.09,2026-08-28,1,Put,91.00,-1.18%,0.81,0.85,0.89,7447,1634,4.56,58.82%,69.43%,-0.363958,2026-08-27
AMZN,256.26,2026-08-28,1,Put,257.50,+0.48%,2.26,2.29,2.35,16635,3659,4.55,28.49%,30.28%,-0.614878,2026-08-27
MRVL,241.45,2026-10-16,50,Call,430.00,-78.09%,1.1,1.8,1.43,541,119,4.55,77.35%,83.86%,0.045686,2026-08-27
TSLA,354.81,2026-08-31,4,Call,347.50,+2.06%,9.1,9.34,9.4,2067,454,4.55,39.65%,31.36%,0.746248,2026-08-27
WDC,462,2026-08-28,1,Call,455.00,+1.52%,11.6,11.6,14.95,568,125,4.54,69.89%,97.51%,0.62801,2026-08-27
MU,935.39,2026-09-04,8,Call,940.00,-0.49%,30.5,30.5,31.8,1131,249,4.54,60.44%,59.73%,0.498971,2026-08-27
SAIL,20.45,2026-09-18,22,Put,17.50,-14.43%,0.5,0.55,0.6,1456,321,4.54,83.24%,87.84%,-0.200679,2026-08-27
CPNG,16.23,2026-09-18,22,Put,23.00,+41.71%,5.45,6.68,8,8588,1905,4.51,43.01%,71.91%,-0.977844,2026-08-27
ARHS,8.81,2027-02-19,176,Put,7.50,-14.87%,0.55,0.7,1.15,501,111,4.51,82.44%,65.61%,-0.269867,2026-08-27
MSTR,137.4,2026-09-11,15,Call,135.00,+1.75%,9.15,9.35,9.7,3141,697,4.51,74.55%,73.28%,0.580417,2026-08-27
CRM,252.05,2027-09-17,386,Call,300.00,-19.02%,32.55,33.06,35.05,714,159,4.49,41.13%,46.04%,0.474162,2026-08-27
SNDK,1484.95,2026-08-28,1,Put,"1,480.00",-0.33%,22.2,22.68,23,2370,529,4.48,71.65%,80.96%,-0.459397,2026-08-27
MSTR,137.4,2026-08-28,1,Call,148.00,-7.71%,0.41,0.44,0.49,652,146,4.47,74.55%,115.01%,0.114524,2026-08-27
PANW,382.85,2026-09-04,8,Put,320.00,-16.42%,1.7,1.79,2,813,182,4.47,62.73%,89.41%,-0.076864,2026-08-27
MSTR,137.4,2026-08-28,1,Call,132.00,+3.93%,6.15,6.51,6.55,5972,1336,4.47,74.55%,101.94%,0.782332,2026-08-27
AA,51.19,2026-09-04,8,Call,53.00,-3.54%,0.55,0.85,0.87,1449,325,4.46,49.73%,46.37%,0.321706,2026-08-27
MSFT,505.06,2026-08-31,4,Put,495.00,-1.99%,1.15,1.19,1.28,1521,341,4.46,25.46%,22.21%,-0.186877,2026-08-27
CRM,252.05,2026-09-04,8,Call,265.00,-5.14%,2.44,2.6,2.76,1037,233,4.45,41.13%,47.67%,0.252778,2026-08-27
BULL,9.57,2027-01-15,141,Put,25.00,+161.23%,14.85,15.75,16,7678,1724,4.45,61.58%,120.19%,-0.834731,2026-08-27
NKE,38.44,2026-09-04,8,Call,38.50,-0.16%,0.51,0.52,0.56,3640,819,4.44,37.26%,24.95%,0.489103,2026-08-27
AMZN,256.26,2026-09-04,8,Call,260.00,-1.46%,2.61,2.7,2.74,9165,2066,4.44,28.49%,27.61%,0.376543,2026-08-27
MU,935.39,2026-09-04,8,Call,965.00,-3.17%,20.45,20.45,23.9,764,172,4.44,60.44%,61.91%,0.387531,2026-08-27
RIOT,20.88,2026-09-04,8,Put,20.50,-1.82%,0.79,0.85,0.95,1362,307,4.44,85.71%,86.47%,-0.415801,2026-08-27
IREN,40.53,2026-09-04,8,Call,41.00,-1.16%,2.74,2.79,2.86,3039,684,4.44,95.43%,125.41%,0.51396,2026-08-27
OKTA,172.91,2026-08-28,1,Call,162.50,+6.02%,10.05,11.18,11.6,643,145,4.43,52.74%,93.60%,0.90217,2026-08-27
XYZ,84.85,2026-09-04,8,Call,87.00,-2.53%,1.05,1.14,1.25,904,204,4.43,38.27%,39.88%,0.351623,2026-08-27
MRVL,241.45,2026-09-04,8,Call,270.00,-11.82%,6.1,6.2,6.3,2399,542,4.43,77.35%,110.71%,0.275823,2026-08-27
CAT,817,2026-08-28,1,Put,795.00,-2.69%,0.65,0.86,1.08,1056,239,4.42,36.13%,41.47%,-0.101714,2026-08-27
AAPL,314.58,2026-09-04,8,Put,312.50,-0.66%,3.1,3.25,3.3,1411,319,4.42,24.42%,22.92%,-0.409092,2026-08-27
WDAY,193.57,2026-08-28,1,Call,215.00,-11.07%,2.1,2.17,2.4,723,164,4.41,59.72%,217.86%,0.194069,2026-08-27
MU,935.39,2026-09-04,8,Call,910.00,+2.71%,45.65,48.35,48,771,175,4.41,60.44%,58.95%,0.643536,2026-08-27
ZS,187.3,2026-08-28,1,Put,185.00,-1.23%,1.24,1.5,1.7,856,194,4.41,76.41%,63.20%,-0.347277,2026-08-27
TJX,134.22,2026-08-28,1,Put,134.00,-0.16%,0.2,0.35,0.5,761,173,4.4,21.07%,16.24%,-0.419436,2026-08-27
AMD,476.67,2026-08-28,1,Call,505.00,-5.94%,0.33,0.35,0.4,6624,1504,4.4,51.50%,67.16%,0.052395,2026-08-27
CRCL,94.24,2026-09-04,8,Put,90.00,-4.50%,2.27,2.33,2.58,3306,753,4.39,79.87%,77.90%,-0.321747,2026-08-27
CPNG,16.23,2026-09-18,22,Put,22.00,+35.55%,4.75,5.87,6.85,11028,2512,4.39,43.01%,71.16%,-0.956741,2026-08-27
MRVL,241.45,2026-08-28,1,Put,242.50,+0.43%,12.9,12.9,13.3,1835,418,4.39,77.35%,249.14%,-0.487025,2026-08-27
CVX,199.77,2026-08-28,1,Call,202.50,-1.37%,0.24,0.31,0.33,2187,498,4.39,25.01%,28.10%,0.179998,2026-08-27
CMRE,15.35,2026-09-18,22,Call,15.00,+2.28%,0.55,0.65,0.95,766,175,4.38,38.72%,37.38%,0.617475,2026-08-27
KMI,31.54,2026-10-16,50,Put,31.00,-1.71%,0.79,0.78,0.82,2157,493,4.38,23.79%,22.89%,-0.40114,2026-08-27
RBLX,38.15,2027-01-15,141,Put,90.00,+135.91%,50.25,51.65,52.65,6974,1593,4.38,56.80%,76.88%,-0.979,2026-08-27
MSFT,505.06,2026-08-28,1,Put,490.00,-2.98%,0.15,0.17,0.2,15632,3581,4.37,25.46%,34.60%,-0.046047,2026-08-27
TTD,13.42,2026-09-18,22,Put,22.50,+67.66%,9,9,9.7,2622,600,4.37,53.24%,160.74%,-0.868456,2026-08-27
DOCN,121.68,2026-09-18,22,Call,140.00,-15.06%,2.1,2.1,3,3072,703,4.37,70.94%,68.67%,0.231262,2026-08-27
EL,106.21,2026-10-16,50,Put,120.00,+12.98%,14.5,14.8,15.7,2181,500,4.36,31.79%,36.93%,-0.794436,2026-08-27
NVDA,227.98,2026-10-02,36,Call,245.00,-7.47%,3.05,3.8,4.15,3738,859,4.35,33.59%,32.53%,0.266822,2026-08-27
GOOGL,340.65,2026-09-04,8,Call,345.00,-1.28%,3.4,3.45,3.6,5427,1248,4.35,27.25%,26.18%,0.386263,2026-08-27
NVDA,227.98,2026-10-02,36,Call,265.00,-16.24%,0.58,1.02,1.11,1275,293,4.35,33.59%,32.59%,0.082638,2026-08-27
MRVL,241.45,2026-09-04,8,Put,230.00,-4.74%,9.35,9.6,10,1935,445,4.35,77.35%,106.18%,-0.347566,2026-08-27
CRM,252.05,2026-09-18,22,Call,280.00,-11.09%,2.19,2.54,2.55,2437,561,4.34,41.13%,42.66%,0.174831,2026-08-27
AAPL,314.58,2026-08-31,4,Put,310.00,-1.46%,0.82,0.86,0.9,3432,790,4.34,24.42%,19.51%,-0.228498,2026-08-27
WMT,102.63,2026-09-18,22,Put,125.00,+21.80%,21.75,22.4,23,5735,1321,4.34,22.06%,38.38%,-0.991728,2026-08-27
GAP,20.79,2026-08-28,1,Put,20.00,-3.80%,0.83,0.91,0.95,8937,2060,4.34,70.10%,292.78%,-0.370861,2026-08-27
CRM,252.05,2026-09-04,8,Call,245.00,+2.80%,10.65,11.4,11.4,3340,771,4.33,41.13%,46.53%,0.675574,2026-08-27
NVDA,227.98,2026-09-11,15,Call,265.00,-16.24%,0.13,0.17,0.17,3955,913,4.33,33.59%,36.58%,0.024167,2026-08-27
CTVA,82.4,2026-12-18,113,Put,80.00,-2.91%,3.1,3.1,3.8,514,119,4.32,25.54%,26.89%,-0.374153,2026-08-27
AAPL,314.58,2026-09-02,6,Put,312.50,-0.66%,2.42,2.53,2.67,1337,310,4.31,24.42%,22.14%,-0.396005,2026-08-27
OKTA,172.91,2026-09-18,22,Call,200.00,-15.67%,1.8,2,2.2,4548,1056,4.31,52.74%,56.40%,0.166985,2026-08-27
AVGO,371.54,2026-09-18,22,Call,362.50,+2.43%,23.9,24.2,25.1,1375,320,4.3,50.51%,53.74%,0.604663,2026-08-27
ADBE,289.15,2026-09-04,8,Put,270.00,-6.62%,1.14,1.35,1.5,1568,365,4.3,54.25%,43.77%,-0.135423,2026-08-27
FRO,43.75,2026-09-18,22,Call,46.00,-5.14%,0.45,1,1.2,3954,922,4.29,48.79%,41.08%,0.308234,2026-08-27
KO,89.06,2026-09-18,22,Put,89.00,-0.07%,1.48,1.56,1.66,621,145,4.28,18.28%,18.71%,-0.479244,2026-08-27
SNDK,1484.95,2026-08-28,1,Put,"1,460.00",-1.68%,14.2,14.1,15,1005,235,4.28,71.65%,81.90%,-0.33769,2026-08-27
PLTR,185.93,2026-09-04,8,Call,215.00,-15.63%,0.16,0.22,0.22,1825,426,4.28,47.06%,52.45%,0.034252,2026-08-27
AAPL,314.58,2026-09-11,15,Call,307.50,+2.25%,10.6,10.8,11.1,674,158,4.27,24.42%,25.54%,0.68842,2026-08-27
AOS,61.95,2026-10-16,50,Put,60.00,-3.15%,1.25,1.3,1.45,2498,585,4.27,25.99%,24.82%,-0.339463,2026-08-27
SNDK,1484.95,2026-08-28,1,Call,"1,485.00",0.00%,24.7,25.3,25.4,1273,299,4.26,71.65%,80.64%,0.50904,2026-08-27
SNDK,1484.95,2026-08-28,1,Put,"1,485.00",0.00%,24.5,25.21,25.7,1055,249,4.24,71.65%,81.09%,-0.491082,2026-08-27
WBD,28.88,2026-09-18,22,Put,29.00,+0.42%,0,0.62,1,1500,354,4.24,24.55%,16.45%,-0.518121,2026-08-27
TSLA,354.81,2026-08-31,4,Call,345.00,+2.76%,11.05,11.16,11.35,3924,925,4.24,39.65%,31.62%,0.809397,2026-08-27
WMT,102.63,2026-09-18,22,Put,120.00,+16.92%,17,17,17.65,12355,2914,4.24,22.06%,32.33%,-0.98885,2026-08-27
MSTR,137.4,2026-09-04,8,Put,130.00,-5.39%,2.84,2.93,3,3558,842,4.23,74.55%,75.16%,-0.287935,2026-08-27
AAPL,314.58,2026-09-02,6,Call,315.00,-0.13%,3.35,3.6,3.55,1730,410,4.22,24.42%,22.20%,0.494523,2026-08-27
AMD,476.67,2026-08-28,1,Put,467.50,-1.92%,2.48,2.56,2.76,1749,414,4.22,51.50%,62.51%,-0.270004,2026-08-27
SPCX,140.87,2026-09-04,8,Call,141.00,-0.09%,4.05,4.11,4.15,2663,633,4.21,51.09%,49.40%,0.513892,2026-08-27
GOOGL,340.65,2026-09-04,8,Call,352.50,-3.48%,1.41,1.59,1.61,3626,862,4.21,27.25%,26.66%,0.203842,2026-08-27
PLTR,185.93,2026-08-28,1,Call,192.50,-3.53%,0.31,0.33,0.34,11930,2836,4.21,47.06%,56.09%,0.122043,2026-08-27
NVDA,227.98,2026-08-28,1,Call,225.00,+1.31%,3.5,3.8,4.15,297657,70693,4.21,33.59%,41.72%,0.731543,2026-08-27
MSFT,505.06,2026-08-31,4,Call,500.00,+1.00%,7.25,7.74,7.95,3209,764,4.2,25.46%,21.54%,0.681504,2026-08-27
LQDA,69.94,2026-09-04,8,Call,72.00,-2.95%,2.5,4.2,4.8,504,120,4.2,107.53%,109.49%,0.462885,2026-08-27
META,571.1,2026-08-28,1,Call,567.50,+0.63%,6.85,7.09,7.35,2084,496,4.2,34.68%,42.63%,0.617382,2026-08-27
CRWD,227.96,2026-11-20,85,Put,200.00,-12.27%,9.4,10.2,11,2790,664,4.2,53.09%,53.48%,-0.25324,2026-08-27
MRVL,241.45,2026-09-18,22,Call,285.00,-18.04%,6.2,6.37,6.5,766,183,4.19,77.35%,82.94%,0.241259,2026-08-27
FCX,78.42,2026-08-28,1,Put,78.00,-0.54%,0.42,0.87,0.85,2720,650,4.18,48.53%,50.86%,-0.413868,2026-08-27
MU,935.39,2026-08-28,1,Call,990.00,-5.84%,0.6,0.87,0.85,5403,1293,4.18,60.44%,66.41%,0.053453,2026-08-27
OKTA,172.91,2026-08-28,1,Call,175.00,-1.21%,1.99,1.99,2.58,5123,1229,4.17,52.74%,88.54%,0.407502,2026-08-27
MARA,11.87,2026-08-28,1,Put,12.50,+5.31%,0.66,0.67,0.73,1753,420,4.17,87.16%,107.14%,-0.814185,2026-08-27
MSFT,505.06,2026-08-31,4,Call,502.50,+0.51%,5.05,6.1,6.3,1149,277,4.15,25.46%,19.85%,0.606508,2026-08-27
MU,935.39,2026-08-28,1,Put,900.00,-3.78%,2.31,2.2,2.34,14258,3438,4.15,60.44%,68.21%,-0.135504,2026-08-27
RCAT,9.28,2026-10-02,36,Call,13.00,-40.09%,0.23,0.27,0.32,500,121,4.13,94.10%,102.84%,0.191887,2026-08-27
INTC,92.09,2026-09-02,6,Put,88.00,-4.44%,0.85,0.98,1.06,797,193,4.13,58.82%,54.21%,-0.243537,2026-08-27
BULL,9.57,2026-09-18,22,Put,10.00,+4.49%,0.62,0.77,1.08,2985,722,4.13,61.58%,65.13%,-0.573604,2026-08-27
NVDA,227.98,2026-09-18,22,Call,265.00,-16.24%,0.31,0.38,0.39,44492,10779,4.13,33.59%,34.82%,0.045041,2026-08-27
NVDA,227.98,2026-08-31,4,Call,240.00,-5.27%,0.23,0.28,0.31,19264,4676,4.12,33.59%,33.62%,0.075978,2026-08-27
MU,935.39,2026-08-28,1,Put,"1,050.00",+12.25%,106.8,131.43,119.9,543,132,4.11,60.44%,274.05%,-0.768454,2026-08-27
MRVL,241.45,2026-09-11,15,Call,245.00,-1.47%,15.2,15.15,15.8,657,160,4.11,77.35%,86.86%,0.505315,2026-08-27
MU,935.39,2026-09-02,6,Call,960.00,-2.63%,16.05,17.15,17.25,758,185,4.1,60.44%,55.71%,0.374573,2026-08-27
TEVA,37.62,2027-01-15,141,Put,26.00,-30.89%,0.19,0.24,0.32,502,123,4.08,30.50%,41.82%,-0.05541,2026-08-27
COIN,190.72,2026-09-11,15,Call,220.00,-15.35%,2.25,2.3,2.95,942,231,4.08,65.14%,71.62%,0.183826,2026-08-27
UUUU,15.74,2026-09-25,29,Call,18.00,-14.36%,0.51,0.55,0.6,1029,252,4.08,72.69%,73.55%,0.298176,2026-08-27
ELF,106.17,2026-08-28,1,Call,110.00,-3.61%,0.23,0.29,0.29,1640,402,4.08,51.28%,63.12%,0.146103,2026-08-27
NVDA,227.98,2026-09-04,8,Call,252.50,-10.76%,0.21,0.22,0.25,1760,431,4.08,33.59%,39.32%,0.043298,2026-08-27
PONY,7.52,2028-01-21,512,Call,25.00,-232.45%,0.7,0.83,1.13,1879,461,4.08,67.34%,89.29%,0.289969,2026-08-27
UBER,76.95,2026-09-04,8,Call,79.00,-2.66%,0.67,0.7,0.75,2674,656,4.08,33.22%,32.56%,0.306816,2026-08-27
MU,935.39,2026-08-31,4,Call,955.00,-2.10%,10.2,10.85,11,546,134,4.07,60.44%,47.30%,0.34957,2026-08-27
WDC,462,2026-08-28,1,Put,535.00,+15.80%,72,79.96,78,823,202,4.07,69.89%,203.42%,-0.907366,2026-08-27
NKE,38.44,2026-08-28,1,Call,38.00,+1.14%,0.49,0.49,0.55,3317,815,4.07,37.26%,29.90%,0.771182,2026-08-27
MU,935.39,2026-08-28,1,Put,925.00,-1.11%,7.6,8.35,8.6,4677,1148,4.07,60.44%,65.15%,-0.364245,2026-08-27
CRWV,86.8,2026-09-04,8,Put,90.00,+3.69%,5.35,5.37,5.65,3514,866,4.06,73.57%,71.35%,-0.612085,2026-08-27
ORBS,0.8206,2027-04-16,232,Call,0.5000,+39.02%,0.4,0.5,0.55,658,162,4.06,170.30%,143.72%,0.847901,2026-08-27
B,47.32,2026-09-04,8,Put,47.00,-0.68%,1.01,1.13,1.52,1221,301,4.06,45.62%,51.32%,-0.447217,2026-08-27
MSFT,505.06,2026-11-20,85,Put,495.00,-1.99%,22.5,24.2,23.8,2180,537,4.06,25.46%,30.49%,-0.402208,2026-08-27
HAL,35.49,2026-09-04,8,Call,35.50,-0.03%,0.45,0.68,0.77,1661,410,4.05,33.93%,29.04%,0.50927,2026-08-27
PLTR,185.93,2026-09-04,8,Call,207.50,-11.60%,0.43,0.45,0.47,953,236,4.04,47.06%,49.90%,0.075217,2026-08-27
TTAN,100.64,2026-09-18,22,Call,100.00,+0.64%,6.8,7.41,8.6,995,246,4.04,67.62%,74.10%,0.554904,2026-08-27
CCJ,106.33,2026-08-28,1,Call,107.00,-0.63%,0.6,0.96,0.96,2549,631,4.04,44.89%,48.43%,0.408285,2026-08-27
OKTA,172.91,2026-09-04,8,Put,170.00,-1.68%,4.05,4.7,4.55,588,146,4.03,52.74%,56.20%,-0.399903,2026-08-27
CPRT,32.76,2026-11-20,85,Call,30.00,+8.42%,4.1,4.2,4.3,2818,699,4.03,36.17%,39.89%,0.725208,2026-08-27
EOSE,3.42,2026-09-11,15,Put,4.00,+16.96%,0.49,0.69,0.68,760,189,4.02,100.26%,48.08%,-0.946097,2026-08-27
ONON,28.95,2028-01-21,512,Call,37.50,-29.53%,4.15,4.25,4.55,1330,332,4.01,38.92%,47.63%,0.469782,2026-08-27
CRM,252.05,2026-10-16,50,Call,280.00,-11.09%,5.9,6.5,6.4,1605,400,4.01,41.13%,41.25%,0.278818,2026-08-27
MU,935.39,2026-10-02,36,Call,"1,000.00",-6.91%,50.1,52.6,54.65,980,245,4,60.44%,65.57%,0.419146,2026-08-27
COIN,190.72,2026-09-04,8,Put,185.00,-3.00%,4.5,4.9,4.85,1614,403,4,65.14%,65.19%,-0.355401,2026-08-27
RXRX,3.44,2026-10-02,36,Call,1.00,+70.93%,0.4,2.46,3.35,1773,443,4,100.91%,216.71%,0.98465,2026-08-27
MRVL,241.45,2026-08-28,1,Call,272.50,-12.86%,3.35,3.42,3.55,1937,484,4,77.35%,256.46%,0.202283,2026-08-27
TTD,13.42,2026-09-18,22,Put,27.50,+104.92%,13.75,14.4,15.35,10959,2737,4,53.24%,229.78%,-0.8398,2026-08-27
AMZN,256.26,2026-08-28,1,Put,252.50,-1.47%,0.38,0.38,0.4,17900,4478,4,28.49%,30.65%,-0.174899,2026-08-27
FRMI,5.45,2026-09-18,22,Call,5.50,-0.92%,0.45,0.56,0.6,507,127,3.99,102.97%,101.79%,0.538695,2026-08-27
SNOW,329.11,2026-10-16,50,Put,350.00,+6.35%,40.5,40.25,42.85,534,134,3.99,69.31%,62.14%,-0.554998,2026-08-27
PLTR,185.93,2026-10-16,50,Put,185.00,-0.50%,12.1,12.2,12.3,589,148,3.98,47.06%,47.83%,-0.444991,2026-08-27
MU,935.39,2026-08-28,1,Put,890.00,-4.85%,1.16,1.2,1.29,5983,1505,3.98,60.44%,68.48%,-0.079518,2026-08-27
NOW,138.43,2026-08-28,1,Call,140.00,-1.13%,1.16,1.22,1.25,12773,3209,3.98,53.02%,64.73%,0.377134,2026-08-27
PFE,28.02,2028-12-15,841,Call,40.00,-42.76%,1.22,1.25,1.37,584,147,3.97,22.27%,28.55%,0.222062,2026-08-27
MRVL,241.45,2026-10-16,50,Call,440.00,-82.23%,1.1,1.2,1.24,758,191,3.97,77.35%,85.31%,0.04209,2026-08-27
AMD,476.67,2028-12-15,841,Call,"1,110.00",-132.87%,70.45,71.34,73.5,1144,288,3.97,51.50%,61.22%,0.366656,2026-08-27
PLTR,185.93,2026-09-18,22,Call,187.50,-0.84%,7.75,7.94,7.95,629,159,3.96,47.06%,46.11%,0.500649,2026-08-27
WMT,102.63,2026-09-11,15,Call,109.00,-6.21%,0.2,0.23,0.3,1424,360,3.96,22.06%,23.26%,0.109231,2026-08-27
MU,935.39,2026-09-04,8,Call,950.00,-1.56%,23.15,26.25,26.95,3659,926,3.95,60.44%,56.62%,0.446815,2026-08-27
NVDA,227.98,2026-09-04,8,Put,215.00,-5.69%,0.85,0.96,1,12622,3196,3.95,33.59%,37.86%,-0.138868,2026-08-27
NEE,83.47,2027-01-15,141,Call,40.00,+52.08%,43,43.5,44.15,100800,25497,3.95,20.57%,61.76%,0.983266,2026-08-27
TSM,427.3,2026-09-04,8,Put,407.50,-4.63%,1.51,2.07,1.9,517,131,3.95,34.26%,32.69%,-0.154625,2026-08-27
WDAY,193.57,2026-08-28,1,Call,210.00,-8.49%,2.4,3.2,3.7,1633,413,3.95,59.72%,213.02%,0.250111,2026-08-27
LVS,44.24,2028-01-21,512,Call,40.00,+9.58%,9.55,10.13,10.3,2004,507,3.95,30.13%,38.40%,0.66749,2026-08-27
CRWD,227.96,2026-11-20,85,Call,237.50,-4.18%,18.95,19.57,21.25,622,158,3.94,53.09%,53.19%,0.500901,2026-08-27
ONDS,8.75,2026-09-18,22,Put,8.50,-2.86%,0.42,0.46,0.53,961,244,3.94,73.94%,71.05%,-0.396049,2026-08-27
SPCX,140.87,2026-09-25,29,Call,155.00,-10.03%,3.35,3.5,3.45,1581,401,3.94,51.09%,51.60%,0.286131,2026-08-27
GLW,152.8,2026-09-11,15,Put,135.00,-11.65%,1.2,1.41,1.49,1171,299,3.92,60.11%,59.50%,-0.136485,2026-08-27
AVGO,371.54,2026-08-28,1,Put,400.00,+7.66%,27.1,31,30.55,1269,324,3.92,50.51%,86.93%,-0.94539,2026-08-27
MRVL,241.45,2026-08-28,1,Call,290.00,-20.11%,1.43,1.52,1.52,7096,1812,3.92,77.35%,259.56%,0.10027,2026-08-27
PCG,17.95,2026-10-16,50,Call,20.00,-11.42%,0.38,0.39,0.41,247197,63024,3.92,46.47%,40.02%,0.263278,2026-08-27
BP,42.34,2026-09-25,29,Call,43.00,-1.56%,1.05,1.03,1.59,540,138,3.91,29.28%,34.29%,0.451726,2026-08-27
JNJ,265.77,2026-11-20,85,Call,270.00,-1.59%,11.45,11.7,12.25,883,226,3.91,23.30%,26.10%,0.485477,2026-08-27
TSLA,354.81,2026-09-11,15,Call,352.50,+0.65%,12.3,12.38,12.55,1568,401,3.91,39.65%,38.32%,0.556516,2026-08-27
DELL,472.26,2026-09-11,15,Put,220.00,-53.42%,0.01,0.1,0.19,557,143,3.9,75.44%,140.32%,-0.002318,2026-08-27
NOW,138.43,2026-08-28,1,Call,143.00,-3.30%,0.41,0.42,0.49,517,133,3.89,53.02%,65.70%,0.177625,2026-08-27
META,571.1,2026-08-31,4,Call,605.00,-5.94%,0.45,0.48,0.54,537,138,3.89,34.68%,34.30%,0.057251,2026-08-27
WFC,84.97,2026-09-11,15,Call,88.00,-3.57%,0.37,0.44,0.57,755,194,3.89,24.52%,21.68%,0.223099,2026-08-27
MSFT,505.06,2026-09-04,8,Call,520.00,-2.96%,2.44,2.58,2.79,3671,944,3.89,25.46%,25.95%,0.234744,2026-08-27
CRWD,227.96,2026-08-28,1,Call,220.00,+3.49%,8.35,8.75,9.15,10879,2797,3.89,53.09%,71.64%,0.833806,2026-08-27
SNDK,1484.95,2026-08-28,1,Call,"1,600.00",-7.75%,1.6,1.65,1.65,11116,2857,3.89,71.65%,88.49%,0.056388,2026-08-27
WMT,102.63,2026-08-28,1,Call,103.00,-0.36%,0.32,0.33,0.34,11905,3057,3.89,22.06%,22.83%,0.38623,2026-08-27
MSFT,505.06,2026-08-28,1,Call,497.50,+1.50%,8.1,8.38,8.8,5725,1476,3.88,25.46%,32.22%,0.817928,2026-08-27
EXK,11.3,2027-02-19,176,Call,15.00,-32.74%,0.95,1.38,1.4,2641,681,3.88,73.21%,71.22%,0.386666,2026-08-27
INTC,92.09,2026-09-02,6,Put,89.00,-3.36%,1.22,1.26,1.36,1063,275,3.87,58.82%,55.23%,-0.300218,2026-08-27
INTC,92.09,2026-08-31,4,Put,89.00,-3.36%,0.61,0.67,0.75,1350,349,3.87,58.82%,48.47%,-0.240698,2026-08-27
BCRX,9.87,2026-09-18,22,Call,14.00,-41.84%,0.05,0.15,0.2,1053,273,3.86,116.58%,105.27%,0.11219,2026-08-27
CRWD,227.96,2026-08-28,1,Put,205.00,-10.07%,0.05,0.11,0.1,1905,494,3.86,53.09%,97.49%,-0.017532,2026-08-27
HYMC,25.96,2026-09-18,22,Put,21.00,-19.11%,0.35,0.5,0.65,2061,534,3.86,93.50%,93.20%,-0.146909,2026-08-27
ECHO,86.47,2026-09-18,22,Put,125.00,+44.56%,37,39.8,40.4,981,255,3.85,42.57%,83.61%,-0.960216,2026-08-27
MRVL,241.45,2026-08-28,1,Put,192.50,-20.27%,0.1,0.17,0.19,1476,383,3.85,77.35%,205.07%,-0.015191,2026-08-27
DOW,30.33,2026-09-04,8,Call,31.50,-3.86%,0.12,0.12,0.23,2075,540,3.84,39.09%,32.00%,0.217787,2026-08-27
GAP,20.79,2026-08-28,1,Call,22.50,-8.23%,0.56,0.72,0.83,2179,569,3.83,70.10%,307.01%,0.340301,2026-08-27
RKLB,67.53,2026-09-25,29,Call,74.00,-9.58%,2.35,2.64,3.4,501,131,3.82,67.40%,68.63%,0.358894,2026-08-27
AMD,476.67,2026-08-31,4,Call,482.50,-1.22%,6.35,6.34,6.7,554,145,3.82,51.50%,45.28%,0.411225,2026-08-27
CTSH,63.76,2026-09-18,22,Call,70.00,-9.79%,0.05,0.64,0.9,1580,414,3.82,40.06%,36.67%,0.162904,2026-08-27
BBY,83.56,2026-08-28,1,Put,83.00,-0.67%,0.4,0.5,0.7,1848,484,3.82,36.86%,45.90%,-0.385503,2026-08-27
ASTS,61.44,2026-08-28,1,Call,61.00,+0.72%,1.12,1.16,1.28,1844,484,3.81,72.67%,75.15%,0.581192,2026-08-27
HIMS,31.66,2026-08-28,1,Call,31.50,+0.51%,0.56,0.6,0.65,14700,3862,3.81,71.79%,78.77%,0.558012,2026-08-27
IREN,40.53,2026-08-28,1,Call,41.00,-1.16%,2.12,2.12,2.13,11963,3149,3.8,95.43%,276.41%,0.497335,2026-08-27
ALLY,42.74,2026-10-16,50,Call,45.00,-5.29%,0.8,0.98,1.05,582,153,3.8,26.90%,28.16%,0.332352,2026-08-27
ONON,28.95,2027-01-15,141,Put,52.50,+81.35%,21.95,22.8,24.95,1723,454,3.8,38.92%,56.58%,-0.976754,2026-08-27
SNDK,1484.95,2026-08-28,1,Put,"1,750.00",+17.85%,258.4,269.42,272.4,834,220,3.79,71.65%,137.31%,-0.988247,2026-08-27
CLF,11.83,2026-09-11,15,Put,11.00,-7.02%,0.19,0.24,0.4,1593,420,3.79,59.08%,67.99%,-0.273738,2026-08-27
PLTR,185.93,2026-09-04,8,Put,177.50,-4.53%,2,2.05,2.09,3020,796,3.79,47.06%,48.97%,-0.246363,2026-08-27
SNDK,1484.95,2026-08-28,1,Call,"1,500.00",-1.01%,18,18.4,18.8,7942,2095,3.79,71.65%,80.72%,0.414789,2026-08-27
META,571.1,2026-08-28,1,Call,580.00,-1.56%,1.85,1.86,1.95,24243,6423,3.77,34.68%,42.96%,0.250587,2026-08-27
ASST,23.12,2026-09-04,8,Call,23.00,+0.52%,1.37,1.5,1.73,539,143,3.77,103.69%,108.82%,0.546885,2026-08-27
NMAX,10.48,2026-08-28,1,Call,1.00,+90.46%,9.3,9.54,9.7,554,147,3.77,67.54%,0.00%,0,2026-08-27
JOBY,7.15,2026-09-04,8,Call,7.50,-4.90%,0.11,0.13,0.15,1317,350,3.76,64.38%,61.91%,0.320245,2026-08-27
META,571.1,2026-08-28,1,Put,547.50,-4.13%,0.2,0.23,0.24,1847,491,3.76,34.68%,46.22%,-0.039199,2026-08-27
AAPL,314.58,2026-08-31,4,Call,320.00,-1.72%,0.75,0.8,0.81,7717,2053,3.76,24.42%,19.79%,0.212744,2026-08-27
ENPH,39.25,2026-09-25,29,Call,39.00,+0.64%,2.38,2.96,4.05,623,166,3.75,65.40%,69.09%,0.557643,2026-08-27
CRWV,86.8,2026-09-18,22,Put,150.00,+72.81%,62.55,62.56,63.9,735,196,3.75,73.57%,101.09%,-0.988718,2026-08-27
PLTR,185.93,2026-09-18,22,Call,205.00,-10.26%,2.42,2.48,2.55,1146,306,3.75,47.06%,46.33%,0.216994,2026-08-27
SPCX,140.87,2027-06-17,294,Call,440.00,-212.34%,1.68,1.95,2.1,2001,533,3.75,51.09%,67.36%,0.063198,2026-08-27
GOOGL,340.65,2026-09-04,8,Put,332.50,-2.39%,2.01,2.1,2.19,639,171,3.74,27.25%,26.47%,-0.256531,2026-08-27
COSM,0.2162,2027-04-16,232,Call,0.5000,-131.27%,0.05,0.1,0.15,1051,282,3.73,258.55%,221.79%,0.664291,2026-08-27
NVDA,227.98,2026-09-04,8,Put,212.50,-6.79%,0.6,0.68,0.76,4883,1310,3.73,33.59%,39.14%,-0.105018,2026-08-27
NKE,38.44,2026-09-11,15,Call,39.00,-1.46%,0.52,0.56,0.56,3724,1000,3.72,37.26%,25.31%,0.396884,2026-08-27
MSFT,505.06,2026-08-28,1,Call,500.00,+1.00%,6.2,6.42,6.6,25404,6829,3.72,25.46%,30.78%,0.738271,2026-08-27
NVDA,227.98,2026-08-28,1,Put,235.00,+3.08%,5.55,7.02,8.9,5872,1581,3.71,33.59%,43.24%,-0.908294,2026-08-27
RBRK,107.02,2026-08-28,1,Put,95.00,-11.23%,1.95,2,2.3,1283,346,3.71,84.95%,305.39%,-0.204426,2026-08-27
WMT,102.63,2026-11-20,85,Put,130.00,+26.67%,25.35,26.7,28.55,1578,425,3.71,22.06%,28.78%,-0.981381,2026-08-27
CRWD,227.96,2026-09-04,8,Call,245.00,-7.47%,2.69,2.84,3.25,561,152,3.69,53.09%,64.46%,0.242135,2026-08-27
SNDK,1484.95,2026-08-28,1,Put,"1,775.00",+19.53%,282.4,290.9,296.3,676,183,3.69,71.65%,163.99%,-0.979471,2026-08-27
MRVL,241.45,2026-09-04,8,Call,360.00,-49.10%,0.25,0.27,0.28,690,187,3.69,77.35%,122.69%,0.017698,2026-08-27
NVDA,227.98,2026-09-04,8,Call,257.50,-12.95%,0.11,0.11,0.14,1309,355,3.69,33.59%,40.91%,0.024502,2026-08-27
SNDK,1484.95,2026-08-28,1,Put,"1,800.00",+21.22%,307.6,324,320.8,537,146,3.68,71.65%,269.06%,-0.90251,2026-08-27
RBRK,107.02,2026-08-28,1,Put,100.00,-6.56%,3.4,4.08,4.3,902,245,3.68,84.95%,314.82%,-0.310406,2026-08-27
NFLX,79.84,2027-01-15,141,Put,118.00,+47.80%,36.05,37.5,40.15,963,262,3.68,32.23%,39.41%,-0.97579,2026-08-27
CRWV,86.8,2026-08-28,1,Call,88.00,-1.38%,0.95,0.96,0.98,5036,1370,3.68,73.57%,81.40%,0.382588,2026-08-27
TSLA,354.81,2026-08-31,4,Put,347.50,-2.06%,1.91,1.99,1.97,3636,990,3.67,39.65%,32.49%,-0.261243,2026-08-27
NVDA,227.98,2026-09-02,6,Call,230.00,-0.89%,3,3.18,3.35,13382,3649,3.67,33.59%,34.63%,0.434557,2026-08-27
FIG,30.62,2026-09-04,8,Call,35.00,-14.30%,0.14,0.26,0.26,1369,373,3.67,74.01%,74.47%,0.124994,2026-08-27
PANW,382.85,2026-08-28,1,Call,400.00,-4.48%,0.69,0.64,0.8,1538,419,3.67,62.73%,68.21%,0.113736,2026-08-27
NVDA,227.98,2026-08-28,1,Call,235.00,-3.08%,0.24,0.25,0.29,209455,57195,3.66,33.59%,45.38%,0.103598,2026-08-27
AMZN,256.26,2026-09-04,8,Call,267.50,-4.39%,0.87,0.93,0.94,4744,1300,3.65,28.49%,28.31%,0.162489,2026-08-27
COST,934.66,2026-09-11,15,Put,915.00,-2.10%,5.7,6.21,6.65,518,142,3.65,21.52%,18.97%,-0.274343,2026-08-27
NVDA,227.98,2026-09-11,15,Put,207.50,-8.98%,0.89,0.89,0.98,1220,334,3.65,33.59%,38.80%,-0.105392,2026-08-27
BAC,61.17,2027-03-19,204,Put,45.00,-26.43%,0.45,0.52,0.57,1305,358,3.65,22.16%,31.75%,-0.071748,2026-08-27
MSFT,505.06,2026-08-31,4,Call,505.00,+0.01%,4.45,4.73,4.9,3018,827,3.65,25.46%,21.64%,0.512189,2026-08-27
DLTR,127,2026-10-16,50,Call,130.00,-2.36%,3.85,5.47,5.75,703,193,3.64,34.04%,31.18%,0.459927,2026-08-27
SNDK,1484.95,2026-08-28,1,Call,"1,615.00",-8.76%,1.1,1.61,1.65,654,180,3.63,71.65%,93.94%,0.046404,2026-08-27
MRNA,142.77,2026-09-04,8,Call,145.00,-1.56%,5.5,5.85,6.2,1461,403,3.63,73.49%,80.76%,0.474793,2026-08-27
FTNT,172.78,2026-08-28,1,Call,165.00,+4.50%,6.8,8.68,9.3,680,188,3.62,43.55%,66.55%,0.910367,2026-08-27
COIN,190.72,2026-08-28,1,Put,182.50,-4.31%,0.56,0.6,0.64,2371,655,3.62,65.14%,80.61%,-0.142885,2026-08-27
SO,89.05,2026-12-18,113,Call,100.00,-12.30%,0,0.55,0.6,2542,702,3.62,16.84%,14.95%,0.090105,2026-08-27
"Downloaded from Barchart.com as of 08-27-2026 10:02pm CDT"
