Symbol,Price~,"Exp Date",DTE,Type,Strike,Moneyness,Bid,Latest,Ask,Volume,"Open Int",Vol/OI,"Imp Vol",IV,Delta,Time
MARA,11.83,2026-09-04,10,Put,12.50,+5.66%,1.03,1.08,1.14,23494,115,204.3,88.59%,88.14%,-0.617978,2026-08-25
DKS,124.31,2026-09-18,24,Put,130.00,+4.58%,10,10.5,10.5,8346,117,71.33,48.82%,54.25%,-0.598871,2026-08-25
AMZN,261.06,2026-08-28,3,Call,242.50,+7.11%,18.4,18.83,19.2,11447,178,64.31,29.19%,46.44%,0.962455,2026-08-25
TSLA,350.25,2026-08-26,1,Call,352.50,-0.64%,2.15,2.2,2.18,110761,1821,60.82,40.78%,42.93%,0.393821,2026-08-25
LCID,5.26,2028-01-21,514,Put,0.50,-90.49%,0.11,0.11,0.13,6582,109,60.39,84.95%,165.41%,-0.013745,2026-08-25
BBWI,17.58,2026-08-28,3,Put,17.00,-3.30%,0.8,0.85,0.85,21586,403,53.56,69.71%,174.56%,-0.385495,2026-08-25
AMD,479.18,2026-08-26,1,Put,475.00,-0.87%,3.75,3.83,3.85,8491,165,51.46,53.55%,56.85%,-0.377425,2026-08-25
TSLA,350.25,2026-08-26,1,Call,355.00,-1.36%,1.4,1.42,1.41,159657,3152,50.65,40.78%,43.87%,0.284011,2026-08-25
DKS,124.31,2026-09-18,24,Put,125.00,+0.56%,6.7,7.08,7.2,5923,118,50.19,48.82%,51.81%,-0.489639,2026-08-25
MARA,11.83,2026-10-02,38,Put,9.00,-23.92%,0.26,0.27,0.28,7067,152,46.49,88.59%,89.98%,-0.135905,2026-08-25
META,570.05,2026-08-26,1,Call,567.50,+0.45%,5.55,5.89,5.9,15391,332,46.36,34.91%,36.21%,0.599003,2026-08-25
TSLA,350.25,2026-08-26,1,Put,350.00,-0.07%,3,3.05,3.05,123844,2712,45.67,40.78%,43.27%,-0.481472,2026-08-25
TSLA,350.25,2026-08-26,1,Put,352.50,+0.64%,4.4,4.44,4.5,81381,1818,44.76,40.78%,43.88%,-0.60415,2026-08-25
TSLA,350.25,2026-08-26,1,Put,345.00,-1.50%,1.17,1.17,1.2,67214,1517,44.31,40.78%,43.33%,-0.247878,2026-08-25
META,570.05,2026-08-26,1,Put,565.00,-0.89%,2.26,2.36,2.45,5889,133,44.28,34.91%,37.52%,-0.320266,2026-08-25
CRML,8.1,2027-02-19,178,Call,12.50,-54.32%,1.05,1.1,1.15,5975,137,43.61,107.08%,97.86%,0.395182,2026-08-25
DAL,83.62,2026-08-28,3,Call,87.00,-4.04%,0.21,0.25,0.26,13776,325,42.39,37.01%,40.99%,0.148693,2026-08-25
GAP,20.15,2026-09-04,10,Put,21.00,+4.22%,1.73,1.77,1.82,7152,172,41.58,61.97%,96.42%,-0.570582,2026-08-25
BIDU,93.43,2027-03-19,206,Put,80.00,-14.37%,5.05,5.64,6.65,5000,123,40.65,41.84%,46.45%,-0.25129,2026-08-25
MU,932.97,2026-08-26,1,Call,935.00,-0.22%,11.7,12,12.4,9247,229,40.38,63.48%,66.65%,0.483219,2026-08-25
MU,932.97,2026-08-26,1,Put,925.00,-0.85%,9.1,9.05,9.85,12676,320,39.61,63.48%,67.59%,-0.39643,2026-08-25
TSLA,350.25,2026-08-26,1,Call,357.50,-2.07%,0.87,0.87,0.89,79060,2050,38.57,40.78%,44.78%,0.195386,2026-08-25
TSLA,350.25,2026-08-26,1,Put,347.50,-0.79%,1.94,1.95,1.95,50687,1337,37.91,40.78%,43.13%,-0.357813,2026-08-25
MU,932.97,2026-08-26,1,Call,930.00,+0.32%,14.2,14.5,14.9,16987,460,36.93,63.48%,66.65%,0.54445,2026-08-25
INTU,357.46,2026-08-28,3,Put,310.00,-13.28%,1.75,2,2.05,5955,162,36.76,59.30%,125.51%,-0.095011,2026-08-25
MRNA,158.83,2026-10-16,52,Call,200.00,-25.92%,9.55,9.7,10,8364,261,32.05,91.39%,93.12%,0.32095,2026-08-25
WDC,450.75,2026-08-28,3,Call,565.00,-25.35%,0.01,0.22,0.97,3253,105,30.98,70.33%,124.70%,0.026251,2026-08-25
MU,932.97,2026-08-26,1,Put,930.00,-0.32%,11.25,11.49,11.85,10859,357,30.42,63.48%,66.94%,-0.455862,2026-08-25
MSFT,491.71,2026-08-26,1,Put,490.00,-0.35%,1.78,1.89,1.91,6280,211,29.76,25.26%,25.62%,-0.392972,2026-08-25
KSS,17.68,2026-08-28,3,Put,14.50,-17.99%,0.19,0.22,0.26,4210,147,28.64,86.97%,207.40%,-0.12525,2026-08-25
CLF,11.52,2026-09-11,17,Put,12.50,+8.51%,0.94,1.22,1.37,3000,105,28.57,59.96%,51.77%,-0.748797,2026-08-25
META,570.05,2026-08-26,1,Call,590.00,-3.50%,0.3,0.33,0.34,30975,1119,27.68,34.91%,41.86%,0.059973,2026-08-25
AMD,479.18,2026-08-26,1,Call,485.00,-1.21%,3.3,3.4,3.4,8937,327,27.33,53.55%,57.46%,0.350811,2026-08-25
NOK,10.35,2028-06-16,661,Call,17.00,-64.25%,2.1,2.21,2.64,4615,169,27.31,55.52%,70.77%,0.492916,2026-08-25
FCX,79.91,2026-08-28,3,Put,77.00,-3.64%,0.55,0.59,0.73,3419,126,27.13,49.97%,60.71%,-0.240264,2026-08-25
SOFI,19,2027-09-17,388,Put,5.00,-73.68%,0.07,0.1,0.12,2640,100,26.4,52.18%,73.59%,-0.014224,2026-08-25
TSLA,350.25,2026-08-26,1,Call,347.50,+0.79%,4.6,4.68,4.75,15611,601,25.98,40.78%,42.35%,0.644766,2026-08-25
AAPL,309.9,2026-08-26,1,Call,310.00,-0.03%,1.53,1.55,1.6,47234,1854,25.48,24.42%,24.74%,0.495406,2026-08-25
TGB,9.51,2026-11-20,87,Call,11.00,-15.67%,0.7,0.8,0.95,3571,141,25.33,65.09%,71.59%,0.41432,2026-08-25
TSLA,350.25,2026-08-26,1,Call,362.50,-3.50%,0.34,0.35,0.35,55235,2193,25.19,40.78%,47.66%,0.086641,2026-08-25
AMZN,261.06,2026-09-02,8,Call,275.00,-5.34%,0.59,0.62,0.72,4219,175,24.11,29.19%,29.01%,0.120727,2026-08-25
AMZN,261.06,2026-08-28,3,Put,277.50,+6.30%,16.25,16.44,16.8,6214,258,24.09,29.19%,37.41%,-0.965655,2026-08-25
STUB,6.81,2026-08-28,3,Call,6.50,+4.55%,0.3,0.35,0.4,5124,214,23.94,59.55%,59.47%,0.815063,2026-08-25
MU,932.97,2026-08-26,1,Call,925.00,+0.85%,16.95,17.15,17.7,8754,367,23.85,63.48%,66.49%,0.605175,2026-08-25
TSLA,350.25,2027-09-17,388,Put,420.00,+19.91%,104.05,104.52,105.1,2954,125,23.63,40.78%,47.31%,-0.541777,2026-08-25
NEE,84.22,2027-03-19,206,Call,85.00,-0.93%,5.55,5.69,5.9,2484,107,23.21,20.69%,23.57%,0.5197,2026-08-25
AMD,479.18,2026-08-26,1,Call,482.50,-0.69%,4.1,4.3,4.3,5209,225,23.15,53.55%,56.65%,0.414988,2026-08-25
MOS,24.27,2026-10-16,52,Call,25.00,-3.01%,1.3,1.3,1.45,5274,235,22.44,46.62%,46.41%,0.466018,2026-08-25
MU,932.97,2026-08-26,1,Call,945.00,-1.29%,7.75,8,8.2,4229,190,22.26,63.48%,66.75%,0.364494,2026-08-25
GEO,32.16,2026-09-18,24,Call,34.00,-5.72%,0.75,0.77,0.95,5022,227,22.12,45.16%,47.40%,0.34612,2026-08-25
SMR,9.81,2026-10-16,52,Call,10.00,-1.94%,1.2,1.21,1.23,5367,247,21.73,85.89%,86.61%,0.548121,2026-08-25
MU,932.97,2026-08-26,1,Call,940.00,-0.75%,9.6,9.69,10,9545,440,21.69,63.48%,66.36%,0.422313,2026-08-25
AAPL,309.9,2026-08-26,1,Put,307.50,-0.77%,0.71,0.7,0.75,42662,2032,21,24.42%,25.91%,-0.278929,2026-08-25
MRNA,158.83,2026-08-28,3,Put,155.00,-2.41%,5.75,5.95,6.1,3110,149,20.87,91.39%,135.91%,-0.396742,2026-08-25
TSLA,350.25,2026-08-26,1,Call,350.00,+0.07%,3.2,3.25,3.3,56926,2762,20.61,40.78%,42.48%,0.519025,2026-08-25
SMR,9.81,2026-09-11,17,Call,11.50,-17.23%,0.22,0.27,0.26,2651,129,20.55,85.89%,89.55%,0.236645,2026-08-25
AAPL,309.9,2026-08-26,1,Put,310.00,+0.03%,1.63,1.66,1.71,35559,1734,20.51,24.42%,25.22%,-0.504924,2026-08-25
AMD,479.18,2026-08-26,1,Call,480.00,-0.17%,5.15,5.15,5.45,15749,769,20.48,53.55%,56.70%,0.484275,2026-08-25
PCG,18.36,2026-09-11,17,Call,19.50,-6.21%,0.48,0.55,0.75,4037,199,20.29,50.81%,66.59%,0.367076,2026-08-25
AMD,479.18,2026-08-26,1,Call,492.50,-2.78%,1.51,1.56,1.57,3171,160,19.82,53.55%,58.86%,0.191769,2026-08-25
FIG,27.27,2026-08-28,3,Call,30.50,-11.84%,0.01,0.1,0.12,7046,362,19.46,71.13%,82.71%,0.073342,2026-08-25
TSLA,350.25,2026-08-26,1,Put,355.00,+1.36%,6.1,6.12,6.25,45525,2357,19.31,40.78%,44.69%,-0.71276,2026-08-25
AMD,479.18,2026-08-26,1,Put,480.00,+0.17%,6,6.2,6.4,3602,187,19.26,53.55%,57.95%,-0.515376,2026-08-25
TSLA,350.25,2026-08-26,1,Call,365.00,-4.21%,0.22,0.22,0.23,53179,2766,19.23,40.78%,49.67%,0.058218,2026-08-25
AMZN,261.06,2026-08-26,1,Call,252.50,+3.28%,8.3,8.74,9.05,7568,400,18.92,29.19%,37.38%,0.957184,2026-08-25
INTC,87.48,2026-08-26,1,Call,89.00,-1.74%,0.61,0.64,0.65,20522,1096,18.72,60.27%,67.45%,0.319887,2026-08-25
MU,932.97,2026-08-26,1,Put,920.00,-1.39%,7.25,7.5,7.5,8642,462,18.71,63.48%,66.49%,-0.336449,2026-08-25
MSFT,491.71,2026-08-26,1,Put,487.50,-0.86%,0.97,0.97,1.08,5971,328,18.2,25.26%,25.61%,-0.256723,2026-08-25
AVGO,356.74,2026-08-26,1,Call,360.00,-0.91%,1.8,1.86,1.93,6673,368,18.13,50.49%,43.12%,0.348894,2026-08-25
AMD,479.18,2026-08-26,1,Put,467.50,-2.44%,1.59,1.55,1.69,2265,125,18.12,53.55%,57.44%,-0.200784,2026-08-25
AMZN,261.06,2026-08-26,1,Call,245.00,+6.15%,15.5,15.82,16.5,2665,148,18.01,29.19%,44.47%,0.996957,2026-08-25
MRNA,158.83,2026-08-28,3,Put,152.50,-3.99%,4.7,4.95,5.05,2049,114,17.97,91.39%,135.86%,-0.346823,2026-08-25
TSLA,350.25,2026-08-26,1,Put,342.50,-2.21%,0.68,0.68,0.69,25239,1413,17.86,40.78%,43.75%,-0.160469,2026-08-25
OPEN,3.6,2026-09-18,24,Call,3.50,+2.78%,0.31,0.32,0.33,1803,102,17.68,75.80%,72.42%,0.601576,2026-08-25
ORCL,144.76,2026-10-02,38,Put,120.00,-17.10%,2.65,3.15,3.55,1979,112,17.67,69.74%,68.20%,-0.165235,2026-08-25
AMZN,261.06,2026-08-26,1,Call,250.00,+4.24%,10.75,11.15,11.55,9223,528,17.47,29.19%,43.70%,0.971833,2026-08-25
VIST,68.39,2026-09-18,24,Put,70.00,+2.35%,3.5,3.9,4.2,2088,120,17.4,44.77%,43.30%,-0.555354,2026-08-25
AAPL,309.9,2026-08-26,1,Call,312.50,-0.84%,0.63,0.66,0.67,63972,3689,17.34,24.42%,24.96%,0.265592,2026-08-25
INTU,357.46,2026-08-28,3,Put,300.00,-16.07%,1.1,1.13,1.15,3799,222,17.11,59.30%,129.09%,-0.059681,2026-08-25
GLW,147.16,2026-08-28,3,Call,157.50,-7.03%,0.69,0.81,0.88,4775,279,17.11,61.27%,72.42%,0.159152,2026-08-25
NVTS,12.44,2026-09-11,17,Call,13.00,-4.50%,0.68,0.77,0.84,1932,116,16.66,90.37%,92.13%,0.454781,2026-08-25
RUN,9.19,2026-09-04,10,Call,9.50,-3.37%,0.21,0.25,0.32,2093,126,16.61,67.20%,64.46%,0.401938,2026-08-25
NKE,39.48,2026-09-25,31,Put,34.00,-13.88%,0.11,0.14,0.19,1925,116,16.59,36.39%,37.01%,-0.075177,2026-08-25
TSLA,350.25,2026-08-26,1,Call,360.00,-2.78%,0.54,0.55,0.55,121572,7326,16.59,40.78%,45.98%,0.130327,2026-08-25
IRD,4.11,2026-09-18,24,Call,2.50,+39.17%,1.7,1.85,1.85,10222,621,16.46,247.41%,209.09%,0.884904,2026-08-25
PBR,17.85,2026-11-20,87,Call,21.00,-17.65%,0.37,0.49,0.49,80293,4892,16.41,33.68%,39.77%,0.232755,2026-08-25
TSLA,350.25,2026-08-26,1,Put,357.50,+2.07%,8,8.1,8.25,16313,1003,16.26,40.78%,45.28%,-0.802581,2026-08-25
AMD,479.18,2026-08-26,1,Call,490.00,-2.26%,2,2.05,2.14,11685,727,16.07,53.55%,59.04%,0.24072,2026-08-25
DKS,124.31,2026-09-18,24,Put,135.00,+8.60%,13,14,14.5,2002,126,15.89,48.82%,54.25%,-0.698817,2026-08-25
BBY,85.29,2026-09-18,24,Put,77.50,-9.13%,1.05,1.49,1.9,2392,152,15.74,49.21%,51.53%,-0.214956,2026-08-25
UNM,89.69,2026-10-16,52,Call,105.00,-17.07%,0.6,0.74,0.75,4328,276,15.68,29.46%,33.91%,0.12493,2026-08-25
MSFT,491.71,2026-08-26,1,Put,485.00,-1.36%,0.51,0.51,0.58,9505,623,15.26,25.26%,26.11%,-0.154474,2026-08-25
AMD,479.18,2026-08-28,3,Put,477.50,-0.35%,9.55,9.85,9.95,1571,103,15.25,53.55%,61.45%,-0.462034,2026-08-25
MU,932.97,2026-08-26,1,Call,950.00,-1.83%,6.25,6.3,6.4,19930,1313,15.18,63.48%,66.58%,0.308916,2026-08-25
AMZN,261.06,2026-08-26,1,Put,260.00,-0.41%,1.15,1.18,1.18,28475,1883,15.12,29.19%,30.34%,-0.393768,2026-08-25
META,570.05,2026-08-26,1,Call,570.00,+0.01%,4.3,4.41,4.5,23499,1566,15.01,34.91%,36.54%,0.507504,2026-08-25
HOOD,112.09,2026-08-28,3,Put,112.00,-0.08%,2.95,2.9,3.05,1833,124,14.78,64.37%,75.52%,-0.480255,2026-08-25
META,570.05,2026-08-26,1,Call,572.50,-0.43%,3.15,3.4,3.45,5154,351,14.68,34.91%,36.85%,0.417575,2026-08-25
META,570.05,2026-08-26,1,Put,552.50,-3.08%,0.32,0.33,0.37,2925,201,14.55,34.91%,39.96%,-0.065601,2026-08-25
TEAM,166.49,2026-08-28,3,Call,185.00,-11.12%,0.2,0.3,0.55,3776,261,14.47,60.75%,78.00%,0.073365,2026-08-25
PBR,17.85,2026-11-20,87,Call,24.00,-34.45%,0.11,0.16,0.22,80098,5578,14.36,33.68%,43.41%,0.100125,2026-08-25
AVGO,356.74,2026-08-26,1,Call,367.50,-3.02%,0.4,0.44,0.47,2415,169,14.29,50.49%,45.32%,0.107917,2026-08-25
CVX,199.89,2026-09-04,10,Put,195.00,-2.45%,1.24,1.41,1.5,3208,225,14.26,25.59%,24.93%,-0.266819,2026-08-25
AMD,479.18,2026-08-26,1,Call,477.50,+0.35%,6.3,6.8,6.8,8284,588,14.09,53.55%,56.52%,0.554446,2026-08-25
HLIT,12.31,2027-01-15,143,Put,10.00,-18.77%,0.7,0.95,1,1752,125,14.02,59.26%,66.33%,-0.23019,2026-08-25
ECHO,86.52,2026-12-18,115,Put,65.00,-24.87%,0.7,1.7,2.7,2002,143,14,46.76%,51.58%,-0.121037,2026-08-25
ZS,168.42,2026-08-28,3,Put,150.00,-10.94%,0,0.14,0.59,1889,135,13.99,74.92%,81.69%,-0.054268,2026-08-25
PCG,18.36,2026-09-18,24,Call,18.50,-0.76%,0.75,1,1.1,2077,149,13.94,50.81%,52.02%,0.508532,2026-08-25
TSLA,350.25,2026-08-26,1,Call,345.00,+1.50%,6.3,6.43,6.5,13530,972,13.92,40.78%,42.14%,0.758129,2026-08-25
SKHY,159.53,2027-06-17,296,Call,165.00,-3.43%,39.8,41,42.9,1951,142,13.74,70.86%,73.62%,0.629077,2026-08-25
MSFT,491.71,2026-08-26,1,Call,492.50,-0.16%,2.03,2.12,2.17,7858,579,13.57,25.26%,23.92%,0.453946,2026-08-25
NCNO,20.81,2026-09-18,24,Call,25.00,-20.13%,0.4,0.45,0.45,2183,161,13.56,71.17%,76.24%,0.20369,2026-08-25
INTC,87.48,2026-08-26,1,Call,88.00,-0.59%,0.95,0.97,0.99,17284,1276,13.55,60.27%,66.00%,0.439632,2026-08-25
AMZN,261.06,2026-08-26,1,Call,247.50,+5.19%,13.25,13.25,14,2660,197,13.5,29.19%,48.36%,0.983156,2026-08-25
GIII,33.29,2026-09-18,24,Put,25.00,-24.90%,0.1,0.19,0.7,1900,142,13.38,52.15%,94.53%,-0.095252,2026-08-25
DRTS,14.7,2026-09-18,24,Call,17.50,-19.05%,0.2,0.25,0.3,3106,233,13.33,74.31%,69.15%,0.189096,2026-08-25
AMD,479.18,2026-08-26,1,Call,497.50,-3.82%,0.83,0.87,0.91,2277,171,13.32,53.55%,59.89%,0.119386,2026-08-25
MU,932.97,2026-08-26,1,Put,895.00,-4.07%,1.93,1.98,2,3335,251,13.29,63.48%,68.26%,-0.118322,2026-08-25
AMD,479.18,2026-08-26,1,Call,502.50,-4.87%,0.43,0.46,0.45,1831,138,13.27,53.55%,59.95%,0.067387,2026-08-25
AMZN,261.06,2026-08-28,3,Call,245.00,+6.15%,16.05,16.35,16.6,6579,496,13.26,29.19%,42.21%,0.954094,2026-08-25
AMD,479.18,2026-08-26,1,Call,487.50,-1.74%,2.52,2.62,2.76,4701,355,13.24,53.55%,58.19%,0.292272,2026-08-25
MU,932.97,2026-08-26,1,Call,955.00,-2.36%,4.9,5,5.3,3885,294,13.21,63.48%,67.41%,0.260725,2026-08-25
HOOD,112.09,2026-08-28,3,Put,110.00,-1.86%,2,2.09,2.09,5002,379,13.2,64.37%,74.37%,-0.375747,2026-08-25
ICHR,57.11,2026-09-18,24,Call,75.00,-31.33%,0.55,0.65,1.05,1640,125,13.12,80.34%,87.10%,0.136123,2026-08-25
NKE,39.48,2026-08-28,3,Call,39.50,-0.05%,0.48,0.46,0.5,7050,538,13.1,36.39%,35.06%,0.499473,2026-08-25
DAL,83.62,2026-08-28,3,Call,86.00,-2.85%,0.36,0.4,0.45,9504,730,13.02,37.01%,40.62%,0.230231,2026-08-25
META,570.05,2026-08-26,1,Call,585.00,-2.62%,0.62,0.66,0.69,9629,747,12.89,34.91%,40.36%,0.112975,2026-08-25
META,570.05,2026-08-26,1,Call,580.00,-1.75%,1.23,1.27,1.28,18626,1464,12.72,34.91%,38.39%,0.198541,2026-08-25
RKLB,66.91,2026-09-04,10,Call,80.00,-19.56%,0.33,0.38,0.43,6554,520,12.6,71.09%,78.83%,0.097396,2026-08-25
AVGO,356.74,2026-08-26,1,Call,362.50,-1.61%,1.14,1.2,1.18,5721,458,12.49,50.49%,43.33%,0.244645,2026-08-25
MSFT,491.71,2026-08-26,1,Call,490.00,+0.35%,3.3,3.65,3.5,19920,1608,12.39,25.26%,23.67%,0.615535,2026-08-25
BABA,119.44,2026-09-04,10,Put,107.00,-10.42%,0,0.26,0.26,2012,165,12.19,41.20%,38.89%,-0.040758,2026-08-25
SNDK,1480.77,2026-08-28,3,Call,"1,515.00",-2.31%,33.2,33.3,33.6,1530,126,12.14,76.79%,89.43%,0.406061,2026-08-25
AVGO,356.74,2026-08-26,1,Call,365.00,-2.32%,0.7,0.72,0.75,7197,594,12.12,50.49%,44.43%,0.166188,2026-08-25
WDC,450.75,2026-09-18,24,Call,610.00,-35.33%,1.39,1.88,2.81,4189,346,12.11,70.33%,71.96%,0.062385,2026-08-25
RZLV,2.96,2026-09-04,10,Put,3.00,+1.35%,0.2,0.3,0.35,1364,114,11.96,98.87%,130.35%,-0.480359,2026-08-25
TSLA,350.25,2027-03-19,206,Call,385.00,-9.92%,38.55,38.65,38.95,2092,175,11.95,40.78%,46.88%,0.488605,2026-08-25
JBLU,5.08,2026-09-25,31,Call,5.50,-8.27%,0.13,0.18,0.18,4206,352,11.95,59.87%,51.61%,0.332831,2026-08-25
MRNA,158.83,2026-09-18,24,Call,180.00,-13.33%,7.65,8.3,8.3,9742,820,11.88,91.39%,94.45%,0.349843,2026-08-25
ASPI,4,2026-10-16,52,Call,4.00,0.00%,0.55,0.6,0.8,2010,171,11.75,95.95%,111.42%,0.588169,2026-08-25
PATH,16.66,2026-09-25,31,Call,6.00,+63.99%,9.95,10.6,12.6,2578,221,11.67,84.61%,319.86%,0.941227,2026-08-25
CIFR,16.31,2026-09-04,10,Put,14.00,-14.16%,0.18,0.29,0.41,8210,704,11.66,102.62%,108.55%,-0.172357,2026-08-25
META,570.05,2026-08-26,1,Call,575.00,-0.87%,2.38,2.42,2.5,11329,978,11.58,34.91%,37.38%,0.334473,2026-08-25
MU,932.97,2026-08-26,1,Call,980.00,-5.04%,1.42,1.43,1.5,6498,564,11.52,63.48%,69.93%,0.092973,2026-08-25
IREN,42.21,2026-08-28,3,Call,45.50,-7.79%,1.15,1.22,1.28,3574,311,11.49,96.59%,159.23%,0.32789,2026-08-25
TEVA,38.1,2026-09-18,24,Put,36.00,-5.51%,0.31,0.45,0.62,2521,220,11.46,31.37%,33.36%,-0.234115,2026-08-25
WHR,40.72,2027-01-15,143,Put,42.50,+4.37%,6.3,6.6,6.6,2003,176,11.38,48.14%,50.68%,-0.496574,2026-08-25
MU,932.97,2026-08-26,1,Call,985.00,-5.58%,1.09,1.12,1.17,2521,226,11.15,63.48%,70.72%,0.074232,2026-08-25
TSLA,350.25,2026-08-26,1,Call,367.50,-4.93%,0.14,0.15,0.15,19072,1711,11.15,40.78%,51.48%,0.038611,2026-08-25
MU,932.97,2026-08-26,1,Put,900.00,-3.53%,2.58,2.65,2.69,10222,922,11.09,63.48%,67.88%,-0.150809,2026-08-25
MRNA,158.83,2026-08-28,3,Put,160.00,+0.74%,8.25,8.55,8.6,1305,118,11.06,91.39%,136.23%,-0.498303,2026-08-25
NFLX,82.23,2026-08-28,3,Put,83.00,+0.94%,1.46,1.5,1.51,1808,164,11.02,33.26%,35.79%,-0.604297,2026-08-25
AMD,479.18,2026-08-26,1,Call,495.00,-3.30%,1.13,1.2,1.18,3733,339,11.01,53.55%,59.23%,0.151725,2026-08-25
AMD,479.18,2026-08-26,1,Call,510.00,-6.43%,0.14,0.15,0.15,3659,333,10.99,53.55%,60.44%,0.025504,2026-08-25
NAMS,27.34,2026-09-18,24,Put,25.00,-8.56%,0.9,1.1,1.1,1369,125,10.95,73.36%,73.82%,-0.281557,2026-08-25
TSLA,350.25,2026-08-26,1,Put,340.00,-2.93%,0.38,0.38,0.39,26458,2419,10.94,40.78%,44.58%,-0.098768,2026-08-25
MU,932.97,2026-08-26,1,Put,885.00,-5.14%,1.07,1.09,1.15,2536,233,10.88,63.48%,70.01%,-0.071958,2026-08-25
EMR,154.96,2026-12-18,115,Call,170.00,-9.71%,3.8,5.4,6.9,3151,291,10.83,24.91%,30.12%,0.336379,2026-08-25
PL,21.55,2026-09-04,10,Call,23.00,-6.73%,1.15,1.45,1.65,1252,116,10.79,104.14%,138.74%,0.434684,2026-08-25
NVDA,213.05,2026-09-04,10,Call,202.50,+4.95%,13.65,13.43,14.1,2288,212,10.79,40.99%,53.22%,0.735738,2026-08-25
CRCL,92.02,2026-09-11,17,Put,68.00,-26.10%,0.06,0.3,0.5,4037,374,10.79,84.35%,84.23%,-0.038899,2026-08-25
AMD,479.18,2026-08-26,1,Call,475.00,+0.87%,7.7,7.9,8.25,9313,864,10.78,53.55%,56.32%,0.623766,2026-08-25
GOOGL,346.96,2026-08-26,1,Put,347.50,+0.16%,2.2,2.25,2.43,4369,408,10.71,28.26%,28.26%,-0.536984,2026-08-25
PURR,11.87,2026-10-16,52,Put,8.00,-32.60%,0.15,0.34,0.4,1766,165,10.7,116.33%,100.58%,-0.107175,2026-08-25
PFE,28.57,2026-09-18,24,Call,29.50,-3.26%,0.27,0.32,0.33,1118,105,10.65,22.24%,22.82%,0.293769,2026-08-25
NFLX,82.23,2026-09-04,10,Put,82.00,-0.28%,1.62,1.64,1.66,1200,113,10.62,33.26%,32.97%,-0.46294,2026-08-25
DOW,30.16,2027-09-17,388,Put,25.00,-17.11%,2.49,2.53,2.73,1060,100,10.6,39.93%,42.92%,-0.252876,2026-08-25
UPS,105.14,2026-08-28,3,Call,107.00,-1.77%,0.32,0.37,0.42,4298,406,10.59,24.63%,27.47%,0.242213,2026-08-25
AEO,16.73,2026-09-04,10,Call,19.50,-16.56%,0,0.24,0.42,1120,107,10.47,71.80%,89.68%,0.169206,2026-08-25
RKT,14.3,2026-08-28,3,Put,14.00,-2.10%,0.21,0.21,0.24,15271,1458,10.47,54.75%,69.68%,-0.355205,2026-08-25
KSS,17.68,2026-08-28,3,Put,16.00,-9.50%,0.55,0.58,0.62,12285,1179,10.42,86.97%,205.70%,-0.264605,2026-08-25
TSLA,350.25,2026-09-02,8,Call,352.50,-0.64%,7.2,7.3,7.35,1300,127,10.24,40.78%,39.64%,0.473601,2026-08-25
SNDK,1480.77,2026-08-28,3,Put,"1,505.00",+1.64%,59.4,64.37,60.4,1594,156,10.22,76.79%,87.13%,-0.564789,2026-08-25
AMD,479.18,2026-08-26,1,Put,460.00,-4.00%,0.62,0.62,0.66,4068,398,10.22,53.55%,59.37%,-0.091255,2026-08-25
ROST,241.19,2026-09-18,24,Put,250.00,+3.65%,10,14.5,11.7,2242,220,10.19,23.94%,22.56%,-0.718523,2026-08-25
GOOGL,346.96,2026-08-26,1,Call,347.50,-0.16%,1.75,1.75,1.85,10828,1064,10.18,28.26%,28.19%,0.463442,2026-08-25
PATH,16.66,2028-12-15,843,Put,8.00,-51.98%,1.24,1.46,1.5,2500,246,10.16,84.61%,69.80%,-0.098122,2026-08-25
MU,932.97,2026-08-26,1,Put,890.00,-4.61%,1.44,1.55,1.54,3446,341,10.11,63.48%,69.21%,-0.093043,2026-08-25
CMG,37.43,2026-09-18,24,Call,38.00,-1.52%,1.1,1.2,1.39,1981,198,10.01,35.77%,38.22%,0.467776,2026-08-25
MSFT,491.71,2026-08-26,1,Call,497.50,-1.18%,0.61,0.65,0.7,5001,501,9.98,25.26%,24.87%,0.187638,2026-08-25
TSLA,350.25,2026-08-26,1,Put,337.50,-3.64%,0.21,0.21,0.22,8112,813,9.98,40.78%,45.80%,-0.059055,2026-08-25
RZLV,2.96,2026-08-28,3,Put,3.00,+1.35%,0.1,0.17,0.2,2468,248,9.95,98.87%,120.19%,-0.526534,2026-08-25
TSLA,350.25,2026-08-31,6,Put,352.50,+0.64%,7.75,7.86,7.95,1799,182,9.88,40.78%,37.66%,-0.539494,2026-08-25
AVGO,356.74,2026-08-26,1,Call,372.50,-4.42%,0.15,0.17,0.19,4050,410,9.88,50.49%,48.53%,0.045903,2026-08-25
GOOGL,346.96,2026-08-26,1,Put,345.00,-0.56%,1.15,1.14,1.26,10533,1068,9.86,28.26%,28.34%,-0.34653,2026-08-25
AMD,479.18,2026-08-26,1,Call,505.00,-5.39%,0.28,0.3,0.32,2472,252,9.81,53.55%,59.78%,0.048625,2026-08-25
GOOGL,346.96,2027-03-19,206,Call,480.00,-38.34%,6,6.48,7,5501,563,9.77,28.26%,35.01%,0.153081,2026-08-25
NVO,48.66,2026-08-28,3,Call,49.50,-1.73%,0.34,0.35,0.45,2384,246,9.69,35.65%,41.97%,0.330876,2026-08-25
AS,31.59,2026-10-16,52,Call,35.00,-10.79%,0.95,0.97,1,13395,1384,9.68,44.29%,44.61%,0.310891,2026-08-25
MU,932.97,2026-08-26,1,Put,905.00,-3.00%,3.4,3.5,3.6,2689,278,9.67,63.48%,67.65%,-0.189452,2026-08-25
S,20.31,2026-08-28,3,Put,19.00,-6.45%,0.4,0.5,0.6,1603,166,9.66,64.69%,144.55%,-0.282185,2026-08-25
MAIN,58.54,2026-09-18,24,Put,54.40,-7.07%,0.1,0.16,0.2,3715,385,9.65,19.42%,22.46%,-0.093085,2026-08-25
CRML,8.1,2026-08-28,3,Call,9.00,-11.11%,0.05,0.1,0.1,1413,147,9.61,107.08%,116.07%,0.172087,2026-08-25
MSTR,126.83,2027-09-17,388,Call,125.00,+1.44%,41.85,43.76,45.7,1016,106,9.58,73.92%,81.48%,0.687479,2026-08-25
ASST,21.39,2026-08-28,3,Put,20.00,-6.50%,0.38,0.42,0.51,1360,142,9.58,106.01%,132.45%,-0.26701,2026-08-25
AAPL,309.9,2026-08-26,1,Call,317.50,-2.45%,0.09,0.1,0.11,31058,3291,9.44,24.42%,28.26%,0.052122,2026-08-25
AMZN,261.06,2026-08-26,1,Call,262.50,-0.55%,0.96,0.98,1,24791,2634,9.41,29.19%,29.05%,0.364038,2026-08-25
BE,217.45,2026-09-04,10,Put,182.50,-16.07%,1.87,2.11,2.46,1438,153,9.4,90.32%,96.48%,-0.118445,2026-08-25
CAT,811.29,2026-08-28,3,Call,850.00,-4.77%,1.6,1.9,2.65,1562,167,9.35,37.56%,44.77%,0.13087,2026-08-25
EYPT,5.01,2026-12-18,115,Call,5.00,+0.20%,2.3,2.5,2.75,2061,221,9.33,113.53%,241.02%,0.753682,2026-08-25
AAPL,309.9,2026-09-02,8,Call,330.00,-6.49%,0.14,0.22,0.28,1443,155,9.31,24.42%,24.60%,0.045739,2026-08-25
PYPL,62.27,2026-09-04,10,Call,64.00,-2.78%,0.74,0.88,1.05,1662,179,9.28,32.72%,38.34%,0.34879,2026-08-25
LQDA,70.49,2026-08-28,3,Call,85.00,-20.58%,0.35,0.35,0.4,2102,227,9.26,106.35%,146.92%,0.090691,2026-08-25
AAPL,309.9,2026-08-26,1,Call,315.00,-1.65%,0.24,0.27,0.27,52867,5714,9.25,24.42%,26.40%,0.121404,2026-08-25
HOOD,112.09,2026-11-20,87,Call,200.00,-78.43%,1.21,1.24,1.45,2612,283,9.23,64.37%,74.33%,0.082314,2026-08-25
AMZN,261.06,2026-08-28,3,Call,252.50,+3.28%,9.05,9.29,9.4,3143,341,9.22,29.19%,34.72%,0.86093,2026-08-25
SMCI,38.46,2026-10-16,52,Call,38.00,+1.20%,4.55,4.6,4.7,1519,165,9.21,73.37%,74.92%,0.580289,2026-08-25
MRNA,158.83,2026-08-28,3,Call,160.00,-0.74%,6.8,7.15,7.5,15126,1643,9.21,91.39%,133.62%,0.500972,2026-08-25
RKLB,66.91,2026-08-28,3,Call,68.00,-1.63%,1.33,1.41,1.44,1505,164,9.18,71.09%,76.74%,0.423386,2026-08-25
NVDA,213.05,2026-08-28,3,Call,212.50,+0.26%,6.55,6.6,6.65,58218,6370,9.14,40.99%,81.81%,0.530049,2026-08-25
RIOT,21.3,2026-10-16,52,Call,25.00,-17.37%,1.63,1.67,1.72,6224,682,9.13,87.74%,91.02%,0.390078,2026-08-25
MSFT,491.71,2026-08-26,1,Call,487.50,+0.86%,4.9,5.35,5.4,7138,786,9.08,25.26%,24.11%,0.756144,2026-08-25
AAOI,113.15,2026-10-16,52,Call,125.00,-10.47%,12,12.8,13.1,1061,117,9.07,99.03%,98.98%,0.473804,2026-08-25
BBWI,17.58,2026-08-28,3,Put,17.50,-0.46%,0.95,1.09,1.25,1877,207,9.07,69.71%,179.80%,-0.456413,2026-08-25
AMZN,261.06,2026-08-26,1,Put,257.50,-1.36%,0.45,0.45,0.46,14212,1568,9.06,29.19%,30.84%,-0.193697,2026-08-25
HTZ,2.23,2026-09-18,24,Call,2.50,-12.11%,0.12,0.12,0.13,8691,962,9.03,97.82%,97.06%,0.372497,2026-08-25
RUN,9.19,2026-10-16,52,Call,10.00,-8.81%,0.6,0.68,0.8,2689,298,9.02,67.20%,72.09%,0.438395,2026-08-25
MRK,156.45,2026-09-04,10,Call,160.00,-2.27%,1.64,1.81,2.06,1546,172,8.99,30.03%,31.65%,0.346425,2026-08-25
MU,932.97,2026-08-26,1,Put,940.00,+0.75%,16.3,16.27,17.3,1984,221,8.98,63.48%,66.65%,-0.577539,2026-08-25
SMCI,38.46,2026-08-28,3,Call,42.50,-10.50%,0.18,0.2,0.21,1623,181,8.97,73.37%,92.50%,0.125956,2026-08-25
MU,932.97,2026-08-26,1,Call,960.00,-2.90%,3.85,4,4.05,7966,895,8.9,63.48%,67.30%,0.214605,2026-08-25
MU,932.97,2028-01-21,514,Call,"1,990.00",-113.30%,112.7,115.96,117.7,916,104,8.81,63.48%,69.79%,0.332314,2026-08-25
MSFT,491.71,2026-08-26,1,Call,495.00,-0.67%,1.2,1.24,1.27,9178,1043,8.8,25.26%,24.62%,0.306762,2026-08-25
DHT,19.17,2026-10-16,52,Call,21.00,-9.55%,0.55,0.6,0.6,17579,1998,8.8,40.60%,45.37%,0.301318,2026-08-25
PG,145.4,2026-09-18,24,Call,148.00,-1.79%,1.41,1.72,1.8,2346,267,8.79,18.79%,17.91%,0.361248,2026-08-25
MU,932.97,2026-08-26,1,Call,965.00,-3.43%,3,2.97,3.2,3403,390,8.73,63.48%,67.87%,0.176226,2026-08-25
SERV,4.88,2026-09-04,10,Call,5.00,-2.46%,0.18,0.19,0.2,1881,216,8.71,83.96%,74.65%,0.44954,2026-08-25
AVGO,356.74,2026-08-28,3,Call,362.50,-1.61%,3.8,3.85,4,1257,145,8.67,50.49%,48.73%,0.368754,2026-08-25
AXTI,67.45,2026-10-16,52,Put,65.00,-3.63%,9.5,9.8,10.7,1048,121,8.66,117.43%,115.73%,-0.377407,2026-08-25
TSLA,350.25,2026-08-28,3,Call,387.50,-10.64%,0.16,0.17,0.18,6674,771,8.66,40.78%,56.24%,0.025543,2026-08-25
AMD,479.18,2026-08-26,1,Put,470.00,-1.92%,2.15,2.15,2.31,6195,718,8.63,53.55%,57.44%,-0.254174,2026-08-25
AMD,479.18,2026-08-26,1,Put,465.00,-2.96%,1.16,1.15,1.29,2886,335,8.61,53.55%,58.23%,-0.15773,2026-08-25
SNDK,1480.77,2026-08-28,3,Call,"1,520.00",-2.65%,31.3,31.67,31.7,1248,146,8.55,76.79%,89.31%,0.390186,2026-08-25
SNDK,1480.77,2026-08-28,3,Call,"1,490.00",-0.62%,43.4,44.13,43.6,1342,158,8.49,76.79%,88.95%,0.486817,2026-08-25
TSLA,350.25,2026-08-26,1,Put,360.00,+2.78%,10.1,10.26,10.5,13151,1551,8.48,40.78%,46.84%,-0.865897,2026-08-25
CVNA,75.77,2026-10-16,52,Put,55.00,-27.41%,0.59,0.74,0.82,1117,133,8.4,56.85%,65.68%,-0.075547,2026-08-25
BMNR,24.82,2027-02-19,178,Call,28.00,-12.81%,4.7,4.86,4.95,1831,218,8.4,82.88%,84.65%,0.548133,2026-08-25
MSFT,491.71,2026-08-26,1,Call,500.00,-1.69%,0.32,0.35,0.36,12427,1481,8.39,25.26%,25.56%,0.108012,2026-08-25
OSS,11.11,2026-10-16,52,Call,15.00,-35.01%,0.35,0.4,0.45,10387,1240,8.38,82.13%,85.22%,0.224771,2026-08-25
SHAZ,60.97,2026-09-18,24,Call,100.00,-64.02%,0.1,0.4,0.4,4405,526,8.37,95.17%,103.13%,0.041838,2026-08-25
AMZN,261.06,2026-08-26,1,Call,265.00,-1.51%,0.35,0.36,0.38,26632,3187,8.36,29.19%,29.57%,0.170142,2026-08-25
SKHY,159.53,2027-06-17,296,Put,160.00,+0.29%,39.3,40.11,41.1,1086,130,8.35,70.86%,75.66%,-0.357433,2026-08-25
NKE,39.48,2026-09-04,10,Call,40.00,-1.32%,0.48,0.5,0.53,5399,652,8.28,36.39%,28.13%,0.39708,2026-08-25
TSLA,350.25,2026-08-28,3,Put,352.50,+0.64%,6.75,6.84,6.95,13993,1692,8.27,40.78%,44.91%,-0.552222,2026-08-25
DASH,233.5,2028-01-21,514,Put,115.00,-50.75%,5.3,5.65,6.95,1007,122,8.25,38.61%,55.15%,-0.068762,2026-08-25
ITGR,125.39,2027-02-19,178,Call,130.00,-3.68%,0.1,0.1,0.15,1919,233,8.24,5.78%,2.19%,0.130604,2026-08-25
AVGO,356.74,2026-08-26,1,Put,342.50,-3.99%,0.15,0.2,0.23,1053,128,8.23,50.49%,47.86%,-0.050327,2026-08-25
TSLA,350.25,2027-09-17,388,Call,420.00,-19.91%,51.6,52,52.3,3020,368,8.21,40.78%,49.13%,0.491981,2026-08-25
AAPL,309.9,2026-08-26,1,Put,305.00,-1.58%,0.29,0.29,0.3,29029,3537,8.21,24.42%,27.47%,-0.131077,2026-08-25
CRML,8.1,2026-09-04,10,Put,7.00,-13.58%,0.15,0.2,0.25,1145,140,8.18,107.08%,120.23%,-0.201171,2026-08-25
SLB,53.29,2026-10-16,52,Call,60.00,-12.59%,0.76,0.82,0.9,2465,303,8.14,35.41%,36.00%,0.214387,2026-08-25
GLXY,24.79,2026-10-16,52,Put,30.00,+21.02%,5.9,7.05,7.7,4696,577,8.14,85.41%,91.07%,-0.646705,2026-08-25
AMD,479.18,2026-08-26,1,Call,500.00,-4.34%,0.6,0.61,0.64,9567,1179,8.11,53.55%,59.82%,0.090198,2026-08-25
ZM,100.92,2026-08-28,3,Put,88.00,-12.80%,0.6,0.65,0.64,1222,151,8.09,57.50%,127.13%,-0.105889,2026-08-25
RKT,14.3,2026-09-11,17,Call,15.00,-4.90%,0.34,0.41,0.45,2038,252,8.09,54.75%,53.98%,0.367851,2026-08-25
COHR,288.14,2026-09-18,24,Call,390.00,-35.35%,1.8,1.8,2.4,2581,320,8.07,75.55%,79.34%,0.084638,2026-08-25
INTC,87.48,2026-08-26,1,Put,89.00,+1.74%,2.08,2.21,2.25,14010,1737,8.07,60.27%,68.77%,-0.67686,2026-08-25
ZETA,27.88,2026-09-04,10,Call,25.00,+10.33%,2.71,3.02,3.25,805,100,8.05,59.16%,47.35%,0.925523,2026-08-25
HL,20.92,2026-10-16,52,Call,21.00,-0.38%,2.07,2.11,2.2,3771,469,8.04,65.58%,67.56%,0.552777,2026-08-25
MSFT,491.71,2026-08-26,1,Put,482.50,-1.87%,0.27,0.29,0.3,3268,407,8.03,25.26%,26.98%,-0.088322,2026-08-25
AAPL,309.9,2026-08-26,1,Put,302.50,-2.39%,0.12,0.12,0.14,8089,1008,8.02,24.42%,30.14%,-0.061154,2026-08-25
META,570.05,2026-08-26,1,Call,565.00,+0.89%,7.05,7.5,7.75,9056,1129,8.02,34.91%,37.02%,0.68212,2026-08-25
MU,932.97,2026-08-26,1,Call,920.00,+1.39%,19.9,20.39,20.4,5461,683,8,63.48%,64.90%,0.667138,2026-08-25
MRNA,158.83,2026-08-28,3,Call,180.00,-13.33%,1.81,1.99,2.08,17372,2175,7.99,91.39%,142.70%,0.183987,2026-08-25
META,570.05,2026-08-26,1,Put,560.00,-1.76%,1.08,1.13,1.19,6763,854,7.92,34.91%,38.04%,-0.182086,2026-08-25
FSLR,206.82,2028-06-16,661,Call,450.00,-117.58%,15,18.28,20,1004,127,7.91,48.71%,53.32%,0.266841,2026-08-25
QBTS,19.35,2028-01-21,514,Call,3.00,+84.50%,15.3,16.62,17.1,14687,1857,7.91,76.36%,90.27%,0.990074,2026-08-25
FISV,52.44,2027-06-17,296,Put,40.00,-23.72%,2.45,2.52,3.4,827,105,7.88,37.04%,49.11%,-0.185834,2026-08-25
CRML,8.1,2026-10-16,52,Put,7.50,-7.41%,0.8,1.09,1.2,1193,152,7.85,107.08%,111.18%,-0.343396,2026-08-25
CRWD,185.38,2027-01-15,143,Call,247.50,-33.51%,8.5,9.05,9.9,1608,205,7.84,60.75%,56.08%,0.272582,2026-08-25
UUUU,15.97,2026-09-04,10,Call,16.00,-0.19%,0.76,0.83,0.86,2223,284,7.83,74.67%,77.50%,0.52283,2026-08-25
DOCN,112.57,2026-09-18,24,Put,105.00,-6.72%,4.7,5.16,5.4,1339,173,7.74,72.66%,75.50%,-0.320315,2026-08-25
HPQ,29.52,2026-10-16,52,Put,29.00,-1.76%,1.9,2.08,2.1,15065,1949,7.73,56.78%,51.26%,-0.423975,2026-08-25
SBET,8.35,2026-08-28,3,Put,8.00,-4.19%,0.1,0.14,0.16,3460,450,7.69,84.94%,91.50%,-0.287438,2026-08-25
AVGO,356.74,2026-08-26,1,Put,350.00,-1.89%,0.85,0.85,0.95,2656,346,7.68,50.49%,43.52%,-0.197089,2026-08-25
SHOP,153.88,2026-08-28,3,Put,155.00,+0.73%,2.85,4,3.75,1618,214,7.56,44.76%,48.82%,-0.554308,2026-08-25
SMTC,127.52,2026-10-16,52,Call,125.00,+1.98%,18,18.55,20.7,3152,417,7.56,98.94%,93.92%,0.598113,2026-08-25
KEEL,3.51,2026-08-28,3,Put,8.00,+127.92%,4.15,4.47,4.8,860,114,7.54,90.52%,423.12%,-0.975217,2026-08-25
NIO,4.45,2028-12-15,843,Put,3.00,-32.58%,0.43,0.67,0.75,5000,663,7.54,55.89%,60.61%,-0.168141,2026-08-25
DHR,215.97,2027-01-15,143,Call,280.00,-29.65%,2.25,2.25,3.8,970,129,7.52,29.98%,33.66%,0.1421,2026-08-25
TSLA,350.25,2026-09-18,24,Call,615.00,-75.59%,0.11,0.12,0.13,901,120,7.51,40.78%,82.34%,0.005407,2026-08-25
CEG,278.42,2026-08-28,3,Call,305.00,-9.55%,0.05,0.19,2.7,1506,201,7.49,41.23%,86.20%,0.130356,2026-08-25
MSTR,126.83,2026-08-28,3,Put,122.00,-3.81%,1.88,1.92,1.94,4040,540,7.48,73.92%,85.93%,-0.294331,2026-08-25
TSLA,350.25,2026-08-26,1,Put,370.00,+5.64%,19.6,19.8,20.05,1121,150,7.47,40.78%,53.55%,-0.975094,2026-08-25
MU,932.97,2026-08-26,1,Put,880.00,-5.68%,0.79,0.83,0.87,3215,433,7.42,63.48%,71.01%,-0.055497,2026-08-25
INTU,357.46,2026-08-28,3,Put,330.00,-7.68%,5.6,5.95,6.1,2219,300,7.4,59.30%,128.69%,-0.228129,2026-08-25
NBIS,221.97,2027-06-17,296,Call,380.00,-71.19%,38,39.55,43,911,124,7.35,90.72%,95.79%,0.43861,2026-08-25
BSX,49.86,2026-10-16,52,Call,55.00,-10.31%,1.15,1.2,1.25,1519,207,7.34,38.68%,38.51%,0.285664,2026-08-25
PAGS,9.03,2026-11-20,87,Call,10.00,-10.74%,0.35,0.4,0.45,1061,145,7.32,46.28%,45.93%,0.335895,2026-08-25
TSLA,350.25,2026-08-31,6,Put,347.50,-0.79%,5.25,5.3,5.4,3018,413,7.31,40.78%,37.50%,-0.421429,2026-08-25
MEI,16.05,2027-01-15,143,Put,10.00,-37.69%,0.65,0.88,1.3,1000,137,7.3,102.97%,100.36%,-0.139227,2026-08-25
CVNA,75.77,2026-08-28,3,Call,82.00,-8.22%,0.17,0.2,0.27,962,132,7.29,56.85%,67.02%,0.102871,2026-08-25
BBY,85.29,2026-10-16,52,Call,87.50,-2.59%,3.6,4.28,5.4,3577,491,7.29,49.21%,43.02%,0.465269,2026-08-25
SNOW,317.02,2026-09-04,10,Put,300.00,-5.37%,13.2,13.52,14.45,834,115,7.25,71.63%,105.08%,-0.341224,2026-08-25
HOOD,112.09,2026-08-28,3,Put,109.00,-2.76%,1.62,1.63,1.69,2464,340,7.25,64.37%,73.98%,-0.324824,2026-08-25
GOOGL,346.96,2026-08-26,1,Call,352.50,-1.60%,0.42,0.47,0.46,6536,901,7.25,28.26%,29.66%,0.157015,2026-08-25
NVDA,213.05,2026-09-18,24,Call,202.50,+4.95%,15.3,15.35,15.75,1161,162,7.17,40.99%,42.42%,0.705339,2026-08-25
JPM,356.69,2026-12-18,115,Put,360.00,+0.93%,18.3,20.1,20.2,1003,140,7.16,21.65%,23.39%,-0.486051,2026-08-25
PAAS,54.21,2026-09-18,24,Call,52.00,+4.08%,4,4.1,4.2,1587,222,7.15,51.89%,51.85%,0.651536,2026-08-25
TMC,4.96,2026-09-11,17,Call,6.50,-31.05%,0.06,0.1,0.08,1000,140,7.14,96.58%,103.34%,0.137106,2026-08-25
GEO,32.16,2026-09-18,24,Put,31.00,-3.61%,0.7,1.05,1.1,1501,211,7.11,45.16%,43.69%,-0.34887,2026-08-25
TSLA,350.25,2026-08-26,1,Call,370.00,-5.64%,0.1,0.11,0.11,32186,4524,7.11,40.78%,54.25%,0.027799,2026-08-25
INTU,357.46,2026-08-28,3,Put,290.00,-18.87%,0.5,0.52,0.75,908,128,7.09,59.30%,132.04%,-0.035266,2026-08-25
ANF,108.9,2026-09-18,24,Put,85.00,-21.95%,0.7,1.05,1.5,1148,162,7.09,71.84%,80.74%,-0.095258,2026-08-25
BBWI,17.58,2026-08-28,3,Put,16.50,-6.14%,0.5,0.65,0.9,1218,172,7.08,69.71%,188.64%,-0.324118,2026-08-25
HOOD,112.09,2026-09-04,10,Put,103.00,-8.11%,1.4,1.48,1.57,1100,156,7.05,64.37%,66.61%,-0.20318,2026-08-25
INTC,87.48,2026-08-28,3,Call,89.00,-1.74%,1.6,1.63,1.65,3927,557,7.05,60.27%,71.99%,0.409996,2026-08-25
GRRR,14.04,2026-08-28,3,Put,13.50,-3.85%,0,0.32,0.35,913,130,7.02,92.97%,77.88%,-0.276071,2026-08-25
SNDK,1480.77,2026-08-28,3,Call,"1,480.00",+0.05%,48,48.7,48.6,1402,200,7.01,76.79%,89.11%,0.520148,2026-08-25
HIMS,31.75,2028-01-21,514,Put,23.00,-27.56%,4.8,5.35,6,5454,781,6.98,74.23%,78.54%,-0.196534,2026-08-25
AXTI,67.45,2026-08-28,3,Call,69.00,-2.30%,2.35,2.8,3.1,1570,226,6.95,117.43%,139.36%,0.454489,2026-08-25
TSLA,350.25,2026-08-26,1,Put,362.50,+3.50%,12.35,12.85,12.8,4133,596,6.93,40.78%,47.91%,-0.913164,2026-08-25
FLWS,3.92,2026-09-18,24,Call,4.00,-2.04%,0.4,0.43,0.45,3606,522,6.91,111.55%,113.95%,0.533909,2026-08-25
GAP,20.15,2026-09-04,10,Call,21.00,-4.22%,0.79,0.86,1.02,752,109,6.9,61.97%,94.76%,0.426393,2026-08-25
MU,932.97,2026-08-26,1,Call,"1,005.00",-7.72%,0.38,0.42,0.45,1925,280,6.88,63.48%,74.57%,0.029831,2026-08-25
CAI,28.01,2026-10-16,52,Call,30.00,-7.10%,1.2,1.95,2.65,968,141,6.87,69.51%,63.18%,0.441767,2026-08-25
MRNA,158.83,2026-10-16,52,Put,135.00,-15.00%,8.9,9.4,9.9,1113,162,6.87,91.39%,87.61%,-0.251249,2026-08-25
RUM,10.23,2026-09-04,10,Call,11.00,-7.53%,0.3,0.4,0.45,1000,147,6.8,87.48%,98.51%,0.360347,2026-08-25
UUUU,15.97,2026-11-20,87,Call,12.00,+24.86%,4.75,4.75,4.85,873,129,6.77,74.67%,81.57%,0.826154,2026-08-25
META,570.05,2026-08-31,6,Call,565.00,+0.89%,11.65,12.8,12.8,852,126,6.76,34.91%,32.07%,0.598694,2026-08-25
WULF,16.32,2026-09-18,24,Call,19.50,-19.49%,0.48,0.52,0.61,770,114,6.75,88.69%,95.44%,0.255406,2026-08-25
SMCI,38.46,2026-08-28,3,Put,38.00,-1.20%,0.96,0.96,0.99,7187,1070,6.72,73.37%,86.49%,-0.422359,2026-08-25
APLD,28.85,2026-09-25,31,Call,36.00,-24.78%,0.5,0.7,0.9,744,111,6.7,87.26%,79.92%,0.20591,2026-08-25
MSFT,491.71,2026-09-11,17,Put,445.00,-9.50%,0.55,0.76,0.88,978,146,6.7,25.26%,29.52%,-0.052826,2026-08-25
MU,932.97,2026-08-26,1,Call,990.00,-6.11%,0.85,0.89,0.89,2604,389,6.69,63.48%,71.49%,0.058863,2026-08-25
BBY,85.29,2026-08-28,3,Call,87.00,-2.00%,2.3,2.8,3.9,681,102,6.68,49.21%,125.20%,0.452645,2026-08-25
ASTS,62.01,2026-08-28,3,Call,62.00,+0.02%,1.9,1.98,2,1115,167,6.68,77.12%,86.36%,0.517952,2026-08-25
TSLA,350.25,2026-08-28,3,Put,345.00,-1.50%,3.3,3.35,3.4,19673,2943,6.68,40.78%,44.73%,-0.344904,2026-08-25
AVGO,356.74,2026-08-26,1,Put,355.00,-0.49%,2.23,2.34,2.4,4341,652,6.66,50.49%,41.97%,-0.40645,2026-08-25
TSLA,350.25,2026-10-02,38,Put,290.00,-17.20%,1.89,1.9,1.96,1093,165,6.62,40.78%,44.60%,-0.079544,2026-08-25
CSTM,27.08,2026-11-20,87,Call,30.00,-10.78%,1.55,1.71,2.05,1025,155,6.61,47.04%,53.31%,0.409272,2026-08-25
FIGR,41.14,2026-08-28,3,Call,45.00,-9.38%,0.1,0.27,0.4,1096,166,6.6,81.05%,90.83%,0.148138,2026-08-25
MU,932.97,2026-08-26,1,Call,"1,035.00",-10.94%,0.11,0.11,0.16,1326,201,6.6,63.48%,84.12%,0.009837,2026-08-25
APLD,28.85,2026-08-28,3,Put,27.50,-4.68%,0.38,0.44,0.49,3610,548,6.59,87.26%,94.83%,-0.273079,2026-08-25
MPC,354.88,2026-10-16,52,Put,300.00,-15.46%,3.1,3.8,4.3,1228,187,6.57,41.50%,42.13%,-0.12347,2026-08-25
AMZN,261.06,2026-08-26,1,Call,267.50,-2.47%,0.13,0.14,0.14,12958,1978,6.55,29.19%,31.44%,0.071243,2026-08-25
SBLK,31.11,2026-09-18,24,Call,32.00,-2.86%,0.4,0.65,0.75,955,146,6.54,32.18%,30.20%,0.364212,2026-08-25
TSLA,350.25,2026-09-18,24,Put,352.50,+0.64%,15,15.15,15.3,673,103,6.53,40.78%,40.05%,-0.49759,2026-08-25
AMD,479.18,2026-08-28,3,Call,515.00,-7.48%,1.52,1.57,1.61,4770,734,6.5,53.55%,64.81%,0.116517,2026-08-25
AMZN,261.06,2026-08-26,1,Call,260.00,+0.41%,2.16,2.17,2.23,11522,1773,6.5,29.19%,29.29%,0.610084,2026-08-25
MRNA,158.83,2026-10-16,52,Put,130.00,-18.15%,7.3,7.55,7.85,2833,438,6.47,91.39%,87.01%,-0.215331,2026-08-25
MSTR,126.83,2026-09-04,10,Call,175.00,-37.98%,0.17,0.3,0.33,1073,166,6.46,73.92%,100.29%,0.032134,2026-08-25
SNDK,1480.77,2026-08-28,3,Call,"1,510.00",-1.97%,35.1,35.4,35.4,1614,250,6.46,76.79%,89.31%,0.421803,2026-08-25
AEO,16.73,2026-09-04,10,Call,19.00,-13.57%,0,0.21,0.89,1256,195,6.44,71.80%,107.92%,0.266748,2026-08-25
MARA,11.83,2026-09-04,10,Put,11.00,-7.02%,0.29,0.34,0.38,27247,4237,6.43,88.59%,89.48%,-0.283968,2026-08-25
SBET,8.35,2026-09-04,10,Call,8.50,-1.80%,0.21,0.39,0.6,1938,302,6.42,84.94%,85.03%,0.480426,2026-08-25
SPCX,137.95,2026-09-11,17,Call,139.00,-0.76%,5.9,6.03,6.05,889,139,6.4,55.51%,53.54%,0.502703,2026-08-25
AAPL,309.9,2026-08-26,1,Call,307.50,+0.77%,3,3.25,3.25,10843,1701,6.37,24.42%,25.32%,0.725785,2026-08-25
ASO,43.47,2026-09-18,24,Put,40.00,-7.98%,0.75,1.05,1.5,1623,255,6.36,51.24%,58.79%,-0.261996,2026-08-25
META,570.05,2026-08-26,1,Call,577.50,-1.31%,1.73,1.8,1.8,5529,871,6.35,34.91%,37.87%,0.260834,2026-08-25
MU,932.97,2026-08-26,1,Call,975.00,-4.50%,1.83,1.84,1.89,4588,724,6.34,63.48%,68.95%,0.115014,2026-08-25
AMZN,261.06,2026-08-26,1,Put,262.50,+0.55%,2.43,2.45,2.48,6665,1058,6.3,29.19%,30.19%,-0.631427,2026-08-25
IRM,120.9,2026-10-16,52,Call,135.00,-11.66%,1,1.35,2.05,660,105,6.29,32.61%,31.94%,0.198427,2026-08-25
SPCX,137.95,2026-09-04,10,Put,139.00,+0.76%,5.5,5.6,5.65,748,119,6.29,55.51%,55.79%,-0.51105,2026-08-25
NVDA,213.05,2026-09-04,10,Put,217.50,+2.09%,9.75,10.57,9.95,3210,510,6.29,40.99%,52.89%,-0.573424,2026-08-25
SNDK,1480.77,2026-08-28,3,Call,"1,540.00",-4.00%,25,25.24,25.3,1282,204,6.28,76.79%,89.81%,0.33092,2026-08-25
BE,217.45,2026-08-28,3,Call,217.50,-0.02%,7.6,7.66,7.8,2152,343,6.27,90.32%,97.85%,0.517996,2026-08-25
KSS,17.68,2026-09-18,24,Call,19.00,-7.47%,0.93,1.1,1.1,3173,506,6.27,86.97%,84.78%,0.412199,2026-08-25
ZS,168.42,2026-08-28,3,Call,177.50,-5.39%,0.99,1,1.48,1014,162,6.26,74.92%,69.29%,0.211909,2026-08-25
NVDA,213.05,2026-09-11,17,Call,212.50,+0.26%,8.55,8.68,8.85,1483,238,6.23,40.99%,45.16%,0.535885,2026-08-25
TSLA,350.25,2026-08-31,6,Call,352.50,-0.64%,5.75,5.81,5.9,2762,445,6.21,40.78%,37.83%,0.461965,2026-08-25
GE,349.54,2026-11-20,87,Call,350.00,-0.13%,23.5,24.5,24.85,1592,259,6.15,29.65%,34.08%,0.547356,2026-08-25
MNRO,13.96,2026-09-18,24,Call,15.00,-7.45%,0.05,0.72,0.75,774,126,6.14,73.18%,56.14%,0.32739,2026-08-25
NVDA,213.05,2026-09-02,8,Put,192.50,-9.65%,0.83,0.84,0.89,865,141,6.13,40.99%,55.60%,-0.100039,2026-08-25
INTU,357.46,2026-08-28,3,Call,390.00,-9.10%,5.4,5.82,5.9,1134,185,6.13,59.30%,127.66%,0.244006,2026-08-25
CRML,8.1,2026-09-04,10,Call,9.00,-11.11%,0.2,0.25,0.3,1707,279,6.12,107.08%,105.12%,0.304002,2026-08-25
TSLA,350.25,2026-08-28,3,Call,357.50,-2.07%,2.98,3.05,3.05,10209,1669,6.12,40.78%,46.21%,0.322387,2026-08-25
MARA,11.83,2026-09-18,24,Call,14.50,-22.57%,0.28,0.39,0.38,1110,182,6.1,88.59%,91.30%,0.229016,2026-08-25
NTLA,13.51,2026-10-16,52,Call,17.00,-25.83%,0.8,0.85,0.9,1675,275,6.09,90.69%,94.00%,0.324403,2026-08-25
HIMS,31.75,2028-01-21,514,Put,10.00,-68.50%,0.75,0.78,1.17,10558,1739,6.07,74.23%,86.43%,-0.045769,2026-08-25
BSP,42.47,2027-04-16,234,Put,35.00,-17.59%,4.3,5.3,5.3,963,159,6.06,82.02%,68.67%,-0.253739,2026-08-25
MU,932.97,2026-08-26,1,Put,875.00,-6.21%,0.58,0.6,0.65,2075,343,6.05,63.48%,71.98%,-0.042356,2026-08-25
GAP,20.15,2026-09-11,17,Put,19.00,-5.71%,0.76,0.85,0.94,719,119,6.04,61.97%,80.20%,-0.334405,2026-08-25
RUM,10.23,2026-08-28,3,Call,11.00,-7.53%,0.2,0.2,0.25,2519,418,6.03,87.48%,135.89%,0.299752,2026-08-25
IONQ,42.05,2026-09-25,31,Call,43.00,-2.26%,3.05,3.57,3.85,635,106,5.99,80.20%,78.04%,0.511695,2026-08-25
MP,60.17,2026-08-28,3,Call,62.00,-3.04%,1,1,1.15,2474,413,5.99,69.67%,83.36%,0.361373,2026-08-25
USAR,19.41,2026-09-04,10,Call,19.50,-0.46%,1.15,1.16,1.21,918,154,5.96,91.62%,94.72%,0.52202,2026-08-25
GOOGL,346.96,2026-08-26,1,Put,342.50,-1.29%,0.53,0.54,0.58,2229,374,5.96,28.26%,28.75%,-0.191388,2026-08-25
META,570.05,2026-08-26,1,Call,587.50,-3.06%,0.43,0.46,0.47,2777,466,5.96,34.91%,40.90%,0.0817,2026-08-25
FOUR,48,2026-12-18,115,Put,50.00,+4.17%,7.2,7.9,8.1,1067,180,5.93,58.69%,63.33%,-0.466083,2026-08-25
FIG,27.27,2026-08-28,3,Put,26.50,-2.82%,0.27,0.38,0.46,1024,173,5.92,71.13%,70.43%,-0.313961,2026-08-25
AVGO,356.74,2026-08-26,1,Put,352.50,-1.19%,1.41,1.51,1.58,1429,242,5.9,50.49%,43.00%,-0.292622,2026-08-25
META,570.05,2026-08-26,1,Put,555.00,-2.64%,0.48,0.49,0.54,4700,796,5.9,34.91%,39.07%,-0.092962,2026-08-25
MSFT,491.71,2026-08-26,1,Put,480.00,-2.38%,0.14,0.17,0.17,6049,1026,5.9,25.26%,28.30%,-0.050539,2026-08-25
TSLA,350.25,2026-08-31,6,Put,350.00,-0.07%,6.4,6.4,6.6,3339,567,5.89,40.78%,37.51%,-0.480556,2026-08-25
OLN,17.37,2026-11-20,87,Call,22.50,-29.53%,0.2,0.35,0.45,987,168,5.88,49.43%,48.89%,0.163982,2026-08-25
SE,123.18,2027-03-19,206,Put,105.00,-14.76%,7.15,8.5,10.05,1203,205,5.87,44.18%,50.05%,-0.254384,2026-08-25
AEO,16.73,2026-09-04,10,Put,15.00,-10.34%,0.2,0.26,0.39,942,161,5.85,71.80%,87.15%,-0.203112,2026-08-25
INTC,87.48,2026-08-26,1,Put,96.00,+9.74%,7.9,8.55,8.75,1011,173,5.84,60.27%,88.27%,-0.97705,2026-08-25
DOCU,60.54,2026-08-28,3,Call,62.00,-2.41%,0,0.65,0.95,1016,174,5.84,62.98%,46.98%,0.297618,2026-08-25
INTC,87.48,2026-08-26,1,Put,87.00,-0.55%,0.95,0.98,1.01,6443,1109,5.81,60.27%,66.30%,-0.429374,2026-08-25
AMD,479.18,2026-08-28,3,Put,472.50,-1.39%,7.4,7.5,7.65,991,171,5.8,53.55%,61.50%,-0.388119,2026-08-25
TTWO,232.93,2026-09-04,10,Call,250.00,-7.33%,1.55,2.5,3.1,804,139,5.78,42.12%,50.90%,0.216059,2026-08-25
MU,932.97,2028-01-21,514,Call,"2,390.00",-156.17%,83.2,83.75,89.9,633,110,5.75,63.48%,70.76%,0.26296,2026-08-25
SNDK,1480.77,2026-08-28,3,Call,"1,525.00",-2.99%,29.2,30.3,30,678,118,5.75,76.79%,89.03%,0.37424,2026-08-25
AOSL,26.62,2026-09-18,24,Call,32.50,-22.09%,0.45,0.5,1.05,2000,348,5.75,82.07%,90.64%,0.23199,2026-08-25
AMZN,261.06,2026-09-04,10,Call,257.50,+1.36%,7.2,7.4,7.5,660,115,5.74,29.19%,30.52%,0.624305,2026-08-25
NVDA,213.05,2026-09-04,10,Call,207.50,+2.61%,10.45,10.65,10.65,3548,618,5.74,40.99%,52.86%,0.63877,2026-08-25
TSLA,350.25,2026-08-28,3,Call,352.50,-0.64%,4.7,4.76,4.85,18346,3196,5.74,40.78%,45.53%,0.449351,2026-08-25
SMCI,38.46,2026-09-04,10,Call,38.50,-0.10%,1.9,1.84,2.03,596,104,5.73,73.37%,77.46%,0.525417,2026-08-25
MSTR,126.83,2026-08-28,3,Call,132.00,-4.08%,1.94,2.11,2.29,7148,1248,5.73,73.92%,89.57%,0.327143,2026-08-25
KSS,17.68,2026-08-28,3,Put,15.00,-15.16%,0.26,0.33,0.37,4126,722,5.71,86.97%,205.85%,-0.164852,2026-08-25
NKE,39.48,2026-09-04,10,Call,39.50,-0.05%,0.67,0.73,0.74,4016,705,5.7,36.39%,27.52%,0.50335,2026-08-25
SPCX,137.95,2026-08-28,3,Put,138.00,+0.04%,3.1,3.13,3.2,9072,1595,5.69,55.51%,63.01%,-0.48946,2026-08-25
MU,932.97,2026-08-26,1,Call,995.00,-6.65%,0.63,0.66,0.71,1897,334,5.68,63.48%,72.30%,0.046544,2026-08-25
SPCX,137.95,2026-08-28,3,Call,138.00,-0.04%,3.1,3.2,3.2,20965,3693,5.68,55.51%,63.23%,0.510987,2026-08-25
IREN,42.21,2026-08-28,3,Call,42.50,-0.69%,2.27,2.36,2.35,5953,1054,5.65,96.59%,159.85%,0.510875,2026-08-25
PBR,17.85,2026-08-28,3,Call,18.00,-0.84%,0.14,0.14,0.19,563,100,5.63,33.68%,35.74%,0.405379,2026-08-25
SPCX,137.95,2026-09-18,24,Put,132.00,-4.31%,4.85,4.9,4.95,646,115,5.62,55.51%,55.25%,-0.346013,2026-08-25
UBER,80.35,2026-08-28,3,Put,79.00,-1.68%,0.52,0.56,0.63,2062,367,5.62,34.54%,39.25%,-0.308078,2026-08-25
INTC,87.48,2026-08-26,1,Call,86.00,+1.69%,1.99,1.99,2.16,3791,675,5.62,60.27%,65.49%,0.697557,2026-08-25
HLF,12.92,2026-11-20,87,Put,10.00,-22.60%,0.45,0.5,0.65,802,143,5.61,56.88%,71.20%,-0.186678,2026-08-25
PATH,16.66,2026-10-02,38,Call,6.00,+63.99%,10.25,10.5,12.65,976,174,5.61,84.61%,315.12%,0.935329,2026-08-25
SOUN,7.05,2026-09-18,24,Call,7.50,-6.38%,0.27,0.28,0.31,1322,236,5.6,67.29%,64.01%,0.389585,2026-08-25
NFLX,82.23,2026-09-04,10,Put,81.00,-1.50%,1.21,1.22,1.24,2533,452,5.6,33.26%,33.45%,-0.376417,2026-08-25
MU,932.97,2026-08-26,1,Put,910.00,-2.46%,4.45,4.4,4.7,3537,633,5.59,63.48%,67.42%,-0.233728,2026-08-25
ZM,100.92,2026-08-28,3,Put,94.00,-6.86%,1.9,1.91,2.12,731,131,5.58,57.50%,133.12%,-0.25746,2026-08-25
MU,932.97,2026-09-04,10,Put,550.00,-41.05%,0.08,0.12,0.13,3139,563,5.58,63.48%,114.43%,-0.001933,2026-08-25
META,570.05,2026-08-26,1,Call,582.50,-2.18%,0.86,0.95,0.96,4268,765,5.58,34.91%,39.38%,0.150681,2026-08-25
AMD,479.18,2026-08-26,1,Put,462.50,-3.48%,0.86,0.89,0.95,1570,283,5.55,53.55%,59.05%,-0.122058,2026-08-25
MU,932.97,2026-08-28,3,Call,940.00,-0.75%,19.95,20.5,20.65,3866,696,5.55,63.48%,69.48%,0.4669,2026-08-25
CRCL,92.02,2026-08-28,3,Put,92.00,-0.02%,3.1,3.15,3.3,632,114,5.54,84.35%,96.87%,-0.480398,2026-08-25
VFC,13.85,2026-10-16,52,Put,13.00,-6.14%,0.48,0.49,0.52,573,104,5.51,37.62%,43.02%,-0.314768,2026-08-25
ZM,100.92,2026-11-20,87,Put,80.00,-20.73%,1.6,1.82,2.04,740,135,5.48,57.50%,49.58%,-0.132798,2026-08-25
IONQ,42.05,2026-09-04,10,Call,44.50,-5.83%,1.3,1.36,1.6,552,101,5.47,80.20%,86.53%,0.375664,2026-08-25
SNDK,1480.77,2026-08-28,3,Call,"1,550.00",-4.68%,22.2,22.3,22.5,3251,594,5.47,76.79%,89.99%,0.303028,2026-08-25
SAP,216.93,2027-01-15,143,Put,190.00,-12.41%,8.2,8.57,8.9,1000,183,5.46,35.46%,37.92%,-0.246148,2026-08-25
MRNA,158.83,2026-08-28,3,Put,145.00,-8.71%,2.36,2.5,2.65,2639,483,5.46,91.39%,136.38%,-0.211599,2026-08-25
SMR,9.81,2026-10-16,52,Call,12.00,-22.32%,0.6,0.61,0.66,818,150,5.45,85.89%,89.41%,0.339892,2026-08-25
RBLX,39.12,2026-12-18,115,Call,52.50,-34.20%,2.05,2.13,2.27,916,168,5.45,57.87%,66.47%,0.28451,2026-08-25
XP,17.8,2026-11-20,87,Put,17.00,-4.49%,1.2,1.55,1.45,2610,479,5.45,41.51%,50.15%,-0.377168,2026-08-25
NVDA,213.05,2026-09-04,10,Put,212.50,-0.26%,6.95,7,7.1,3307,607,5.45,40.99%,52.54%,-0.467592,2026-08-25
AMZN,261.06,2026-08-28,3,Call,250.00,+4.24%,11.2,11.49,11.8,4868,893,5.45,29.19%,36.36%,0.909716,2026-08-25
UPS,105.14,2026-08-28,3,Call,108.00,-2.72%,0.17,0.17,0.23,1310,241,5.44,24.63%,28.05%,0.146807,2026-08-25
RIOT,21.3,2027-03-19,206,Call,35.00,-64.32%,2.41,2.5,2.8,1644,304,5.41,87.74%,91.42%,0.364262,2026-08-25
AAOI,113.15,2026-08-28,3,Call,110.00,+2.78%,6.2,6.4,6.6,2165,400,5.41,99.03%,114.96%,0.627759,2026-08-25
INTC,87.48,2026-08-26,1,Call,91.00,-4.02%,0.23,0.23,0.25,14579,2702,5.4,60.27%,70.39%,0.146833,2026-08-25
SNDK,1480.77,2026-08-28,3,Call,"1,485.00",-0.29%,45.7,45.9,46.1,1302,242,5.38,76.79%,89.11%,0.503498,2026-08-25
ZM,100.92,2026-08-28,3,Put,95.00,-5.87%,2.23,2.29,2.4,2415,449,5.38,57.50%,132.85%,-0.286252,2026-08-25
NVS,159.98,2026-09-18,24,Call,175.00,-9.39%,0.85,1.03,1.25,2019,378,5.34,33.62%,33.61%,0.152184,2026-08-25
VRT,255.75,2026-08-28,3,Put,242.50,-5.18%,1.43,1.82,1.85,570,107,5.33,56.37%,68.07%,-0.184783,2026-08-25
UUUU,15.97,2026-08-28,3,Put,16.00,+0.19%,0.46,0.5,0.54,698,131,5.33,74.67%,84.27%,-0.493305,2026-08-25
TSLA,350.25,2026-08-28,3,Put,355.00,+1.36%,8.3,8.4,8.5,9846,1855,5.31,40.78%,45.28%,-0.618851,2026-08-25
BNS,93.1,2026-09-18,24,Call,90.00,+3.33%,2.4,4,4.4,1536,290,5.3,18.72%,13.85%,0.833715,2026-08-25
AMZN,261.06,2026-08-28,3,Call,220.00,+15.73%,40.6,40.1,41.4,2402,453,5.3,29.19%,62.04%,0.998946,2026-08-25
CRM,205.69,2026-09-04,10,Call,220.00,-6.96%,3.9,4.15,4.05,2252,426,5.29,49.56%,66.99%,0.293044,2026-08-25
IBKR,98.19,2026-09-18,24,Call,105.00,-6.94%,1.25,1.61,1.9,5342,1013,5.27,39.78%,38.97%,0.274345,2026-08-25
RKLB,66.91,2027-01-15,143,Put,45.00,-32.75%,2.83,2.95,3.1,7008,1331,5.27,71.09%,78.44%,-0.140039,2026-08-25
AAPL,309.9,2026-08-26,1,Call,305.00,+1.58%,4.5,5.15,5.45,3088,587,5.26,24.42%,17.64%,0.959071,2026-08-25
WBD,28.9,2026-11-20,87,Call,30.00,-3.81%,0.37,0.52,0.55,10872,2073,5.24,22.08%,14.19%,0.353136,2026-08-25
NVDA,213.05,2026-09-02,8,Call,232.50,-9.13%,1.46,1.5,1.52,1467,281,5.22,40.99%,57.07%,0.162637,2026-08-25
STNE,9.78,2026-11-20,87,Call,14.47,-47.96%,0.1,0.1,0.15,1001,192,5.21,41.96%,56.82%,0.107192,2026-08-25
INTC,87.48,2027-04-16,234,Call,110.00,-25.74%,10.45,12.05,13.15,2059,395,5.21,60.27%,66.30%,0.448675,2026-08-25
MSTR,126.83,2026-08-28,3,Put,124.00,-2.23%,2.6,2.65,2.69,1564,301,5.2,73.92%,86.26%,-0.370338,2026-08-25
TSLA,350.25,2026-09-02,8,Put,350.00,-0.07%,7.8,7.9,7.95,2519,484,5.2,40.78%,39.29%,-0.479238,2026-08-25
ASTS,62.01,2026-09-04,10,Put,56.00,-9.69%,0.85,0.9,1,1028,198,5.19,77.12%,78.23%,-0.195187,2026-08-25
NVTS,12.44,2026-08-28,3,Call,12.50,-0.48%,0.42,0.47,0.48,5202,1003,5.19,90.37%,105.96%,0.500414,2026-08-25
ZM,100.92,2026-08-28,3,Put,90.00,-10.82%,0.94,0.94,0.95,2960,572,5.17,57.50%,128.27%,-0.147924,2026-08-25
WMT,105.38,2026-09-18,24,Call,108.00,-2.49%,1.27,1.42,1.48,661,128,5.16,22.02%,21.99%,0.353222,2026-08-25
PG,145.4,2026-10-02,38,Call,155.00,-6.60%,0.13,0.66,1.32,525,102,5.15,18.79%,19.03%,0.158738,2026-08-25
WULF,16.32,2026-10-16,52,Call,19.00,-16.42%,1.25,1.29,1.52,6165,1196,5.15,88.69%,101.10%,0.387014,2026-08-25
MU,932.97,2026-08-28,3,Call,925.00,+0.85%,27.15,27.92,28.3,1690,329,5.14,63.48%,69.59%,0.568355,2026-08-25
AAL,13.95,2026-09-04,10,Call,14.50,-3.94%,0.19,0.2,0.21,4073,794,5.13,46.22%,44.51%,0.313545,2026-08-25
MRNA,158.83,2026-08-28,3,Call,172.50,-8.61%,3.05,3.4,3.6,630,123,5.12,91.39%,141.13%,0.281276,2026-08-25
META,570.05,2026-08-26,1,Call,562.50,+1.32%,8.8,9.5,9.65,3921,766,5.12,34.91%,37.42%,0.756492,2026-08-25
HOOD,112.09,2026-08-28,3,Call,118.00,-5.27%,1.04,1.07,1.1,5576,1090,5.12,64.37%,76.50%,0.241327,2026-08-25
AMZN,261.06,2026-08-26,1,Put,270.00,+3.42%,8.75,9.36,9.35,2667,522,5.11,29.19%,40.02%,-0.945684,2026-08-25
AMGN,442.24,2026-08-28,3,Put,422.50,-4.46%,0.33,0.7,0.92,648,127,5.1,31.63%,37.80%,-0.08806,2026-08-25
MU,932.97,2026-08-26,1,Put,845.00,-9.43%,0.11,0.12,0.17,1223,240,5.1,63.48%,82.31%,-0.010116,2026-08-25
MU,932.97,2026-08-28,3,Call,930.00,+0.32%,24.7,25.17,25.5,3343,657,5.09,63.48%,69.61%,0.534554,2026-08-25
AMD,479.18,2026-08-26,1,Call,472.50,+1.39%,9.25,9.62,9.85,2286,450,5.08,53.55%,55.86%,0.690831,2026-08-25
MU,932.97,2026-08-26,1,Put,915.00,-1.93%,5.65,5.8,6,3419,673,5.08,63.48%,66.82%,-0.28226,2026-08-25
NKE,39.48,2026-08-28,3,Call,39.00,+1.22%,0.72,0.73,0.8,1720,339,5.07,36.39%,34.08%,0.659153,2026-08-25
MSFT,491.71,2026-08-28,3,Put,485.00,-1.36%,2.18,2.14,2.4,6363,1254,5.07,25.26%,28.16%,-0.287971,2026-08-25
INTU,357.46,2026-08-28,3,Call,430.00,-20.29%,0.95,1.05,1.25,693,137,5.06,59.30%,128.49%,0.063471,2026-08-25
CRCL,92.02,2026-08-28,3,Call,98.00,-6.50%,1.11,1.3,1.5,1271,251,5.06,84.35%,102.12%,0.264122,2026-08-25
INTC,87.48,2026-09-04,10,Call,99.00,-13.17%,0.7,0.76,0.77,2263,447,5.06,60.27%,68.16%,0.150828,2026-08-25
RIVN,16.74,2026-09-18,24,Call,17.50,-4.54%,0.65,0.67,0.7,1469,292,5.03,57.58%,56.83%,0.414703,2026-08-25
MRNA,158.83,2026-08-28,3,Call,170.00,-7.03%,3.7,3.7,3.95,8013,1594,5.03,91.39%,138.32%,0.316689,2026-08-25
CMG,37.43,2026-09-18,24,Call,33.00,+11.84%,4.6,5,5,501,100,5.01,35.77%,46.04%,0.874174,2026-08-25
SNDK,1480.77,2026-08-28,3,Put,"1,485.00",+0.29%,48.6,48.7,49.1,511,102,5.01,76.79%,87.49%,-0.497318,2026-08-25
HIVE,3.02,2027-03-19,206,Put,3.00,-0.66%,0.7,0.8,0.85,510,102,5,98.95%,92.74%,-0.352426,2026-08-25
COHR,288.14,2026-09-25,31,Put,290.00,+0.65%,25.4,27,28.6,605,121,5,75.55%,79.02%,-0.46114,2026-08-25
VG,14.07,2026-09-04,10,Put,14.00,-0.50%,0.4,0.45,0.55,2096,422,4.97,60.76%,55.54%,-0.457059,2026-08-25
SNDK,1480.77,2026-08-28,3,Put,"1,520.00",+2.65%,69.2,68.6,69.7,816,165,4.95,76.79%,87.62%,-0.61284,2026-08-25
META,570.05,2026-08-28,3,Call,567.50,+0.45%,9.05,9.3,9.5,1327,268,4.95,34.91%,38.17%,0.561427,2026-08-25
RXT,3.4,2026-09-04,10,Call,3.50,-2.94%,0.05,0.18,0.25,548,111,4.94,108.46%,85.48%,0.449418,2026-08-25
SNDK,1480.77,2026-08-28,3,Call,"1,725.00",-16.49%,2.05,2.4,2.55,578,117,4.94,76.79%,96.43%,0.044651,2026-08-25
SKHY,159.53,2026-09-04,10,Call,167.50,-5.00%,3.8,3.9,4.6,652,132,4.94,70.86%,69.19%,0.359504,2026-08-25
AMZN,261.06,2026-08-28,3,Put,275.00,+5.34%,13.6,14.4,14.45,2913,590,4.94,29.19%,32.85%,-0.961507,2026-08-25
AMZN,261.06,2026-08-28,3,Put,280.00,+7.26%,18.55,18.97,19.6,788,160,4.93,29.19%,44.52%,-0.958842,2026-08-25
BBY,85.29,2026-08-28,3,Call,90.00,-5.52%,1.7,2.05,2.5,989,201,4.92,49.21%,127.13%,0.341052,2026-08-25
NFLX,82.23,2027-06-17,296,Call,125.00,-52.01%,2.28,2.74,2.8,10914,2225,4.91,33.26%,39.83%,0.18453,2026-08-25
BCS,27.23,2027-03-19,206,Call,31.00,-13.85%,1.3,1.35,1.55,564,115,4.9,28.37%,34.21%,0.345698,2026-08-25
ODD,14.2,2026-09-18,24,Put,10.00,-29.58%,0.35,0.39,0.55,1023,209,4.89,121.47%,151.22%,-0.134851,2026-08-25
MU,932.97,2026-08-26,1,Call,970.00,-3.97%,2.37,2.37,2.47,5798,1185,4.89,63.48%,68.49%,0.143405,2026-08-25
HOOD,112.09,2026-09-04,10,Put,108.00,-3.65%,2.93,2.96,3.1,794,163,4.87,64.37%,66.43%,-0.3443,2026-08-25
HOOD,112.09,2026-09-04,10,Call,114.00,-1.70%,4.05,4.11,4.25,798,164,4.87,64.37%,67.01%,0.464968,2026-08-25
MRNA,158.83,2026-08-28,3,Call,175.00,-10.18%,2.56,2.87,2.87,4081,841,4.85,91.39%,139.95%,0.242454,2026-08-25
CAT,811.29,2026-08-28,3,Call,820.00,-1.07%,7.5,8.95,10.5,552,114,4.84,37.56%,43.44%,0.403005,2026-08-25
AVGO,356.74,2026-08-26,1,Put,360.00,+0.91%,4.85,5.28,5.3,3562,736,4.84,50.49%,42.77%,-0.6527,2026-08-25
OUST,36.23,2026-08-28,3,Call,41.00,-13.17%,0.15,0.22,0.35,536,111,4.83,94.54%,117.43%,0.134395,2026-08-25
ZS,168.42,2026-08-28,3,Put,165.00,-2.03%,1.66,2.24,2.73,656,136,4.82,74.92%,60.89%,-0.34312,2026-08-25
AEO,16.73,2027-01-15,143,Put,11.00,-34.25%,0.14,0.35,0.59,500,104,4.81,71.80%,62.24%,-0.099416,2026-08-25
MU,932.97,2026-08-26,1,Call,"1,025.00",-9.86%,0.17,0.2,0.22,793,165,4.81,63.48%,81.08%,0.014159,2026-08-25
AVGO,356.74,2026-08-26,1,Put,357.50,+0.21%,3.35,3.56,3.7,1771,368,4.81,50.49%,42.16%,-0.532877,2026-08-25
COIN,187.16,2026-09-04,10,Call,195.00,-4.19%,5.6,5.64,5.8,1923,401,4.8,66.23%,71.51%,0.390063,2026-08-25
TSLA,350.25,2026-08-28,3,Put,342.50,-2.21%,2.5,2.53,2.57,5736,1196,4.8,40.78%,44.75%,-0.281537,2026-08-25
ZM,100.92,2026-08-28,3,Put,93.00,-7.85%,1.51,1.67,1.7,766,160,4.79,57.50%,128.68%,-0.223245,2026-08-25
NVDA,213.05,2026-09-04,10,Call,227.50,-6.78%,2.61,2.66,2.66,13498,2818,4.79,40.99%,53.47%,0.245859,2026-08-25
CAPR,8.29,2026-12-18,115,Call,8.00,+3.50%,4,4.2,5.5,630,132,4.77,120.11%,276.70%,0.790249,2026-08-25
SOFI,19,2026-09-18,24,Put,18.50,-2.63%,0.72,0.72,0.78,720,151,4.77,52.18%,52.04%,-0.389338,2026-08-25
PAAS,54.21,2026-11-20,87,Put,45.00,-16.99%,1.65,1.83,2.1,6092,1277,4.77,51.89%,55.54%,-0.199782,2026-08-25
QUBT,8.46,2026-09-18,24,Put,8.50,+0.47%,0.48,0.61,0.95,575,121,4.75,75.41%,81.36%,-0.46395,2026-08-25
GOOG,343.34,2026-09-04,10,Call,352.50,-2.67%,2.88,3.24,3.25,810,171,4.74,28.05%,28.56%,0.303659,2026-08-25
BABA,119.44,2026-09-04,10,Call,115.00,+3.72%,5.25,5.95,6.15,1165,246,4.74,41.20%,38.33%,0.735051,2026-08-25
UEC,13.27,2026-09-11,17,Call,13.00,+2.03%,0.82,0.88,0.95,1052,223,4.72,71.08%,64.64%,0.590663,2026-08-25
NKE,39.48,2026-09-25,31,Call,43.00,-8.92%,0.35,0.46,0.48,1544,327,4.72,36.39%,33.37%,0.201949,2026-08-25
TSLA,350.25,2026-08-28,3,Put,357.50,+2.07%,9.25,10.1,10.2,4118,874,4.71,40.78%,42.26%,-0.695266,2026-08-25
AMZN,261.06,2026-08-26,1,Call,242.50,+7.11%,18.4,17.69,18.9,633,135,4.69,29.19%,68.60%,0.980983,2026-08-25
NKE,39.48,2026-09-18,24,Put,39.00,-1.22%,1.17,1.21,1.24,1580,337,4.69,36.39%,35.64%,-0.428887,2026-08-25
SIMO,241.83,2026-09-18,24,Put,190.00,-21.43%,2.25,1.82,4.2,555,119,4.66,78.45%,86.07%,-0.1129,2026-08-25
MAIN,58.54,2026-09-18,24,Put,59.40,+1.47%,1.45,1.64,1.75,3730,803,4.65,19.42%,19.20%,-0.600466,2026-08-25
JMIA,6.85,2026-09-04,10,Call,7.50,-9.49%,0,0.1,0.15,686,148,4.64,67.93%,61.25%,0.202202,2026-08-25
NVAX,9.44,2026-09-04,10,Call,10.00,-5.93%,0.02,0.28,0.32,754,163,4.63,77.47%,59.90%,0.300917,2026-08-25
CRWD,185.38,2026-08-28,3,Call,197.50,-6.54%,3.1,3.13,3.2,647,140,4.62,60.75%,111.74%,0.283771,2026-08-25
AMZN,261.06,2026-08-28,3,Call,215.00,+17.64%,45.65,45.24,47.65,1017,220,4.62,29.19%,127.64%,0.958886,2026-08-25
MSTR,126.83,2026-08-28,3,Put,120.00,-5.39%,1.32,1.36,1.39,11939,2586,4.62,73.92%,86.36%,-0.22674,2026-08-25
MRNA,158.83,2026-08-28,3,Call,177.50,-11.75%,2.25,2.44,2.62,692,150,4.61,91.39%,144.56%,0.217602,2026-08-25
BE,217.45,2026-08-28,3,Call,222.50,-2.32%,5.5,5.6,5.7,1208,262,4.61,90.32%,98.61%,0.417299,2026-08-25
EXK,11.09,2027-02-19,178,Call,12.50,-12.71%,1.9,1.98,2.1,1956,424,4.61,73.03%,79.31%,0.537713,2026-08-25
ASST,21.39,2027-03-19,206,Call,35.00,-63.63%,3.4,3.45,3.65,690,150,4.6,106.01%,105.76%,0.422994,2026-08-25
VERA,35.28,2026-09-18,24,Call,45.00,-27.55%,0.5,0.56,0.7,6630,1445,4.59,80.42%,85.61%,0.161584,2026-08-25
TSM,417.41,2026-09-04,10,Call,445.00,-6.61%,1.75,1.77,2.04,1296,283,4.58,35.01%,35.96%,0.150926,2026-08-25
MRNA,158.83,2026-09-04,10,Call,200.00,-25.92%,2,2.04,2.2,1653,362,4.57,91.39%,118.88%,0.142764,2026-08-25
TSLA,350.25,2026-08-31,6,Call,355.00,-1.36%,4.75,4.8,4.85,3226,707,4.56,40.78%,37.89%,0.404864,2026-08-25
TSLA,350.25,2026-08-28,3,Call,355.00,-1.36%,3.75,3.85,3.85,24997,5492,4.55,40.78%,45.73%,0.383204,2026-08-25
HIMS,31.75,2026-09-18,24,Put,35.00,+10.24%,4.25,4.74,4.65,5280,1163,4.54,74.23%,74.94%,-0.657051,2026-08-25
RKLB,66.91,2026-09-04,10,Call,74.00,-10.60%,1,1.03,1.08,530,117,4.53,71.09%,74.93%,0.229013,2026-08-25
NVDA,213.05,2026-08-31,6,Call,247.50,-16.17%,0.26,0.29,0.29,611,135,4.53,40.99%,64.85%,0.039647,2026-08-25
BBY,85.29,2026-08-28,3,Call,86.00,-0.83%,2.85,3.45,3.7,693,153,4.53,49.21%,116.99%,0.489627,2026-08-25
RDDT,162.45,2026-09-04,10,Call,190.00,-16.96%,0.39,0.56,0.56,1345,297,4.53,58.09%,61.09%,0.068245,2026-08-25
UBER,80.35,2026-09-25,31,Put,75.00,-6.66%,1,1.26,1.26,1420,315,4.51,34.54%,35.11%,-0.226191,2026-08-25
KSS,17.68,2026-09-04,10,Put,15.50,-12.33%,0.46,0.53,0.59,3101,687,4.51,86.97%,123.11%,-0.226861,2026-08-25
XE,19.11,2026-09-18,24,Put,20.00,+4.66%,1.85,2.36,2.8,10169,2261,4.5,95.52%,93.81%,-0.524671,2026-08-25
MSFT,491.71,2026-09-18,24,Call,487.50,+0.86%,15.1,15.51,15.7,512,114,4.49,25.26%,25.33%,0.57669,2026-08-25
AVR,8.89,2026-09-18,24,Call,10.00,-12.49%,0.15,0.2,0.25,530,118,4.49,70.35%,61.37%,0.256598,2026-08-25
TSLA,350.25,2026-09-18,24,Put,235.00,-32.91%,0.15,0.15,0.18,2010,448,4.49,40.78%,67.15%,-0.00784,2026-08-25
TSLA,350.25,2026-08-31,6,Call,395.00,-12.78%,0.19,0.21,0.21,775,173,4.48,40.78%,47.08%,0.025475,2026-08-25
CLSK,12.75,2026-08-28,3,Call,13.00,-1.96%,0.35,0.36,0.38,18685,4176,4.47,85.04%,102.71%,0.436911,2026-08-25
MU,932.97,2026-08-28,3,Call,"1,010.00",-8.26%,3.35,3.57,3.6,3428,768,4.46,63.48%,72.00%,0.11933,2026-08-25
OKTA,130.61,2026-08-28,3,Put,129.00,-1.23%,7.35,7.61,7.95,1916,432,4.44,73.25%,180.15%,-0.436785,2026-08-25
MU,932.97,2028-01-21,514,Call,"2,460.00",-163.67%,79.2,80.42,86.7,925,209,4.43,63.48%,71.01%,0.253599,2026-08-25
JOBY,7.22,2026-09-04,10,Call,7.00,+3.05%,0.38,0.43,0.51,703,159,4.42,65.45%,67.97%,0.633145,2026-08-25
AAL,13.95,2027-03-19,206,Call,25.00,-79.21%,0.15,0.19,0.26,3520,797,4.42,46.22%,51.25%,0.094362,2026-08-25
SPCE,2.97,2026-09-11,17,Put,3.00,+1.01%,0.18,0.2,0.23,714,162,4.41,80.05%,74.82%,-0.489409,2026-08-25
MRK,156.45,2027-01-15,143,Put,130.00,-16.91%,3.05,3.2,3.5,3213,729,4.41,30.03%,35.10%,-0.162534,2026-08-25
MSTR,126.83,2026-09-04,10,Put,135.00,+6.44%,11.25,10.8,12.45,550,125,4.4,73.92%,82.34%,-0.649988,2026-08-25
MSFT,491.71,2026-08-26,1,Call,502.50,-2.19%,0.18,0.19,0.19,2330,529,4.4,25.26%,26.78%,0.062253,2026-08-25
CCJ,106.96,2026-10-16,52,Call,120.00,-12.19%,3.5,3.6,3.75,1678,382,4.39,47.55%,49.71%,0.309627,2026-08-25
INTU,357.46,2026-08-28,3,Call,360.00,-0.71%,15,15.6,16.4,894,204,4.38,59.30%,130.42%,0.500272,2026-08-25
RKLB,66.91,2026-08-28,3,Call,71.00,-6.11%,0.54,0.56,0.59,1290,295,4.37,71.09%,78.82%,0.214623,2026-08-25
AVGO,356.74,2026-08-28,3,Put,357.50,+0.21%,6.2,7,6.7,1410,323,4.37,50.49%,47.25%,-0.509474,2026-08-25
ZS,168.42,2026-08-28,3,Put,155.00,-7.97%,0.2,0.34,0.39,1037,238,4.36,74.92%,62.90%,-0.068186,2026-08-25
META,570.05,2026-08-26,1,Put,570.00,-0.01%,4.2,4.15,4.6,705,163,4.33,34.91%,37.37%,-0.492817,2026-08-25
BBY,85.29,2026-08-28,3,Put,85.00,-0.34%,3.3,3.25,3.9,827,191,4.33,49.21%,121.57%,-0.465791,2026-08-25
SPCX,137.95,2026-09-04,10,Put,138.00,+0.04%,5,5.1,5.1,952,220,4.33,55.51%,55.86%,-0.479743,2026-08-25
SCHW,112.27,2026-11-20,87,Put,120.00,+6.89%,8.95,9.55,10.25,816,189,4.32,23.32%,23.38%,-0.694631,2026-08-25
INTU,357.46,2026-08-28,3,Put,320.00,-10.48%,3.5,3.52,3.9,1501,348,4.31,59.30%,129.89%,-0.158522,2026-08-25
NVDA,213.05,2026-09-02,8,Put,205.00,-3.78%,3.4,3.49,3.55,941,219,4.3,40.99%,55.09%,-0.301338,2026-08-25
GLNG,52.04,2026-09-18,24,Put,47.00,-9.68%,0.05,0.4,0.4,1508,351,4.3,31.84%,32.93%,-0.103576,2026-08-25
KMI,30.94,2026-10-16,52,Call,34.00,-9.89%,0.21,0.29,0.3,4731,1100,4.3,23.26%,25.05%,0.16999,2026-08-25
MRNA,158.83,2026-08-28,3,Put,148.00,-6.82%,2.66,3.23,3.7,544,127,4.28,91.39%,133.08%,-0.258519,2026-08-25
SMCI,38.46,2026-09-25,31,Call,43.00,-11.80%,1.48,1.7,1.8,556,130,4.28,73.37%,72.08%,0.340444,2026-08-25
MRK,156.45,2026-08-28,3,Call,157.50,-0.67%,1.45,1.55,1.69,3297,771,4.28,30.03%,36.02%,0.426602,2026-08-25
AMZN,261.06,2026-08-28,3,Put,270.00,+3.42%,9.15,9.99,9.6,9106,2127,4.28,29.19%,32.39%,-0.871556,2026-08-25
RUN,9.19,2026-10-16,52,Put,10.00,+8.81%,1.3,1.45,1.58,1011,237,4.27,67.20%,70.39%,-0.568598,2026-08-25
ABCL,12.5,2027-01-15,143,Call,16.00,-28.00%,1.4,1.69,2,1053,247,4.26,86.53%,88.15%,0.442654,2026-08-25
AMZN,261.06,2026-08-26,1,Put,267.50,+2.47%,6.2,6.55,6.9,1240,292,4.25,29.19%,31.10%,-0.932602,2026-08-25
NVDA,213.05,2026-09-18,24,Call,212.50,+0.26%,9.55,9.7,9.8,1723,405,4.25,40.99%,42.21%,0.538556,2026-08-25
ZM,100.92,2026-08-28,3,Put,87.00,-13.79%,0.45,0.53,0.56,554,131,4.23,57.50%,127.37%,-0.089222,2026-08-25
PPTA,27.02,2026-10-16,52,Call,30.00,-11.03%,1.55,1.85,1.85,588,139,4.23,69.51%,67.86%,0.3975,2026-08-25
GOOGL,346.96,2026-09-04,10,Call,352.50,-1.60%,4.05,4.13,4.4,973,230,4.23,28.26%,28.17%,0.383362,2026-08-25
MRNA,158.83,2026-09-18,24,Put,150.00,-5.56%,10,10.28,11,1388,328,4.23,91.39%,92.90%,-0.356626,2026-08-25
HOOD,112.09,2026-09-04,10,Call,124.00,-10.63%,1.3,1.37,1.47,540,128,4.22,64.37%,68.49%,0.20456,2026-08-25
HOOD,112.09,2026-09-25,31,Call,107.00,+4.54%,10.3,10.6,11.95,581,138,4.21,64.37%,64.00%,0.640335,2026-08-25
NVDA,213.05,2026-09-02,8,Put,197.50,-7.30%,1.5,1.54,1.58,513,122,4.2,40.99%,54.73%,-0.162639,2026-08-25
INTU,357.46,2026-08-28,3,Put,340.00,-4.88%,8.9,9.2,9.3,719,171,4.2,59.30%,130.08%,-0.313791,2026-08-25
AMZN,261.06,2026-08-26,1,Put,265.00,+1.51%,4.1,4.1,4.45,1892,450,4.2,29.19%,29.33%,-0.83306,2026-08-25
SNDK,1480.77,2026-08-28,3,Call,"1,505.00",-1.64%,36.9,35.4,37.4,908,217,4.18,76.79%,89.14%,0.437712,2026-08-25
CRCL,92.02,2026-08-28,3,Call,87.00,+5.46%,6.05,6.39,6.35,1237,296,4.18,84.35%,93.73%,0.759978,2026-08-25
BOX,33,2026-09-18,24,Put,32.00,-3.03%,1.3,1.39,1.5,596,143,4.17,51.91%,56.84%,-0.383071,2026-08-25
COIN,187.16,2026-09-04,10,Put,175.00,-6.50%,3.25,3.6,3.65,798,192,4.16,66.23%,68.46%,-0.255508,2026-08-25
SNDK,1480.77,2026-08-28,3,Put,"1,500.00",+1.30%,56.9,57.2,57.5,5906,1419,4.16,76.79%,87.57%,-0.547721,2026-08-25
UBER,80.35,2026-10-16,52,Call,90.00,-12.01%,1.32,1.34,1.35,15864,3809,4.16,34.54%,35.36%,0.228598,2026-08-25
TSLA,350.25,2026-08-28,3,Put,350.00,-0.07%,5.45,5.5,5.55,18602,4477,4.16,40.78%,44.78%,-0.482527,2026-08-25
F,13.95,2026-09-11,17,Put,15.00,+7.53%,1.02,1.05,1.19,935,226,4.14,31.61%,28.75%,-0.871841,2026-08-25
AUR,5.77,2026-08-28,3,Call,6.00,-3.99%,0.05,0.1,0.15,1333,322,4.14,61.31%,90.74%,0.33343,2026-08-25
NFLX,82.23,2026-08-28,3,Put,82.00,-0.28%,0.94,0.94,0.96,5578,1355,4.12,33.26%,36.07%,-0.456424,2026-08-25
MRNA,158.83,2026-09-04,10,Put,150.00,-5.56%,6.75,7.05,7.2,1382,336,4.11,91.39%,106.86%,-0.338471,2026-08-25
MRNA,158.83,2026-08-28,3,Call,190.00,-19.62%,1.05,1.17,1.37,3365,818,4.11,91.39%,156.26%,0.116622,2026-08-25
ARE,52.9,2026-09-18,24,Put,52.50,-0.76%,1.35,1.95,2.05,979,239,4.1,38.94%,34.72%,-0.45168,2026-08-25
NVDA,213.05,2026-09-04,10,Call,212.50,+0.26%,7.75,7.85,7.9,5092,1242,4.1,40.99%,53.09%,0.533091,2026-08-25
F,13.95,2026-09-04,10,Call,13.00,+6.81%,0.97,1,1.08,589,144,4.09,31.61%,42.26%,0.850914,2026-08-25
TMC,4.96,2026-09-11,17,Call,6.00,-20.97%,0.03,0.13,0.15,733,179,4.09,96.58%,89.02%,0.187773,2026-08-25
EOSE,3.54,2026-10-02,38,Call,4.00,-12.99%,0.15,0.33,0.36,506,124,4.08,98.29%,91.75%,0.400646,2026-08-25
ZM,100.92,2026-08-28,3,Put,89.00,-11.81%,0.75,0.8,0.85,661,162,4.08,57.50%,129.28%,-0.12851,2026-08-25
FUTU,125.63,2027-01-15,143,Put,117.45,-6.51%,11.15,12,14.1,557,137,4.07,50.97%,52.54%,-0.362477,2026-08-25
BMNR,24.82,2026-09-25,31,Put,24.00,-3.30%,1.76,1.86,2.01,647,159,4.07,82.88%,81.35%,-0.393362,2026-08-25
FRVO,16.45,2026-09-18,24,Call,17.50,-6.38%,0.9,1,1.05,748,184,4.07,92.05%,82.21%,0.429808,2026-08-25
MSTR,126.83,2026-09-04,10,Put,93.00,-26.67%,0.07,0.18,0.19,854,210,4.07,73.92%,92.59%,-0.017562,2026-08-25
CRM,205.69,2026-08-28,3,Call,207.50,-0.88%,6.8,6.99,7.25,994,244,4.07,49.56%,105.46%,0.483429,2026-08-25
KSS,17.68,2026-08-28,3,Put,14.00,-20.81%,0.14,0.15,0.17,1017,250,4.07,86.97%,208.60%,-0.091898,2026-08-25
OLN,17.37,2028-01-21,514,Put,17.50,+0.75%,3.8,4.2,4.5,1100,270,4.07,49.43%,52.12%,-0.370556,2026-08-25
KSS,17.68,2026-09-04,10,Call,20.00,-13.12%,0.57,0.64,0.87,2176,534,4.07,86.97%,130.83%,0.32247,2026-08-25
GOOGL,346.96,2026-08-26,1,Call,355.00,-2.32%,0.19,0.21,0.22,8154,2004,4.07,28.26%,30.96%,0.080779,2026-08-25
GEV,926.73,2026-08-28,3,Call,"1,000.00",-7.91%,0.95,1.32,1.75,842,209,4.03,46.13%,55.07%,0.067633,2026-08-25
RCAT,9.1,2026-09-04,10,Put,9.00,-1.10%,0.42,0.5,0.67,1361,338,4.03,96.17%,100.13%,-0.438646,2026-08-25
QBTS,19.35,2026-08-28,3,Call,19.00,+1.81%,0.68,0.81,0.87,2423,601,4.03,76.36%,83.65%,0.611249,2026-08-25
FINV,4.37,2026-09-18,24,Put,5.00,+14.42%,0.7,0.73,0.75,522,130,4.02,97.63%,56.06%,-0.814402,2026-08-25
MSTR,126.83,2026-08-28,3,Put,127.00,+0.13%,3.95,4.05,4.1,3343,832,4.02,73.92%,86.23%,-0.490012,2026-08-25
SPCX,137.95,2026-08-28,3,Call,139.00,-0.76%,2.68,2.67,2.73,9942,2472,4.02,55.51%,63.59%,0.461148,2026-08-25
AMD,479.18,2026-08-28,3,Call,512.50,-6.95%,1.78,1.84,1.87,1134,283,4.01,53.55%,64.56%,0.132594,2026-08-25
AVGO,356.74,2026-08-26,1,Call,370.00,-3.72%,0.25,0.26,0.27,4124,1029,4.01,50.49%,46.44%,0.068636,2026-08-25
MRNA,158.83,2026-08-28,3,Call,185.00,-16.48%,1.32,1.55,1.74,1590,398,3.99,91.39%,149.79%,0.146142,2026-08-25
ENR,21.94,2026-11-20,87,Call,25.00,-13.95%,0.9,0.9,0.95,3476,871,3.99,40.38%,47.18%,0.317197,2026-08-25
ONDS,8.24,2026-10-16,52,Put,9.00,+9.22%,1.3,1.44,1.48,12005,3009,3.99,74.44%,76.63%,-0.559294,2026-08-25
AMZN,261.06,2026-08-28,3,Call,225.00,+13.81%,35.8,36.04,36.45,989,249,3.97,29.19%,52.64%,0.999166,2026-08-25
NVDA,213.05,2026-09-04,10,Put,222.50,+4.44%,12.7,13.15,13.6,1131,285,3.97,40.99%,53.06%,-0.671521,2026-08-25
HOOD,112.09,2026-08-28,3,Call,111.00,+0.97%,3.5,3.62,3.65,7288,1836,3.97,64.37%,73.89%,0.572933,2026-08-25
GS,1058.88,2028-01-21,514,Put,600.00,-43.34%,17.55,18.66,20,1272,321,3.96,31.27%,40.66%,-0.068091,2026-08-25
BBWI,17.58,2026-08-28,3,Call,20.00,-13.77%,0.25,0.39,0.4,7142,1804,3.96,69.71%,170.10%,0.223649,2026-08-25
AVGO,356.74,2026-08-28,3,Call,377.50,-5.82%,0.79,0.86,0.91,1147,291,3.94,50.49%,49.93%,0.110875,2026-08-25
AXTI,67.45,2026-08-28,3,Call,75.00,-11.19%,0.95,0.95,1.15,1830,465,3.94,117.43%,141.59%,0.223587,2026-08-25
TSLA,350.25,2026-08-26,1,Call,340.00,+2.93%,10.45,10.7,10.85,3488,886,3.94,40.78%,43.99%,0.904207,2026-08-25
CCAP,10.69,2026-09-18,24,Put,10.00,-6.45%,0,0.1,0.1,503,128,3.93,34.51%,23.61%,-0.145776,2026-08-25
UNP,309.59,2026-11-20,87,Call,325.00,-4.98%,9.1,9.7,10.8,503,128,3.93,22.33%,25.96%,0.386812,2026-08-25
NVDA,213.05,2026-08-31,6,Put,192.50,-9.65%,0.72,0.72,0.75,950,242,3.93,40.99%,61.43%,-0.091197,2026-08-25
MU,932.97,2026-08-26,1,Call,900.00,+3.53%,33.65,35.49,36.25,2069,526,3.93,63.48%,61.00%,0.874078,2026-08-25
MU,932.97,2026-08-26,1,Call,"1,015.00",-8.79%,0.24,0.27,0.27,636,163,3.9,63.48%,76.68%,0.018909,2026-08-25
ECHO,86.52,2026-12-18,115,Call,110.00,-27.14%,1.9,3.57,5.2,2011,515,3.9,46.76%,52.34%,0.264639,2026-08-25
MRNA,158.83,2026-08-28,3,Put,150.00,-5.56%,3.9,3.95,4,5518,1418,3.89,91.39%,135.75%,-0.298578,2026-08-25
HAL,33.8,2027-06-17,296,Call,35.00,-3.55%,3.85,3.95,4.55,582,150,3.88,33.86%,37.54%,0.536614,2026-08-25
MRNA,158.83,2026-08-28,3,Call,149.00,+6.19%,12.9,12.85,13.65,602,155,3.88,91.39%,131.28%,0.725379,2026-08-25
LTBR,8.33,2026-09-18,24,Call,10.00,-20.05%,0.1,0.15,0.2,753,194,3.88,76.48%,72.67%,0.19085,2026-08-25
MRNA,158.83,2026-09-04,10,Call,180.00,-13.33%,4.65,4.7,5.15,1291,333,3.88,91.39%,114.24%,0.287062,2026-08-25
UPS,105.14,2026-08-28,3,Call,105.00,+0.13%,1.01,1.09,1.21,5557,1433,3.88,24.63%,27.59%,0.523499,2026-08-25
TEM,68.73,2026-08-28,3,Call,67.00,+2.52%,3.1,3.15,3.5,709,183,3.87,79.18%,94.60%,0.634445,2026-08-25
NVDA,213.05,2026-10-02,38,Call,210.00,+1.43%,12.6,12.7,12.9,1406,363,3.87,40.99%,39.66%,0.58017,2026-08-25
AAP,43.64,2026-08-28,3,Put,43.00,-1.47%,0.35,0.55,0.7,1243,323,3.85,47.86%,51.49%,-0.366148,2026-08-25
TSLA,350.25,2026-09-02,8,Put,352.50,+0.64%,9.1,9.2,9.3,1340,349,3.84,40.78%,39.33%,-0.528111,2026-08-25
DKNG,25.79,2026-10-16,52,Call,30.00,-16.32%,0.6,0.62,0.64,1004,262,3.83,46.81%,48.76%,0.241676,2026-08-25
SHOP,153.88,2026-09-04,10,Call,155.00,-0.73%,4.1,4.4,4.4,1329,347,3.83,44.76%,46.29%,0.482703,2026-08-25
NVDA,213.05,2026-08-31,6,Put,187.50,-11.99%,0.41,0.43,0.43,573,150,3.82,40.99%,64.14%,-0.054749,2026-08-25
CRML,8.1,2026-08-28,3,Call,8.50,-4.94%,0.15,0.2,0.25,1081,283,3.82,107.08%,121.63%,0.35221,2026-08-25
INTU,357.46,2026-08-28,3,Call,400.00,-11.90%,3.9,4.02,4.3,1824,478,3.82,59.30%,130.50%,0.186781,2026-08-25
META,570.05,2026-08-26,1,Put,550.00,-3.52%,0.22,0.23,0.26,2348,614,3.82,34.91%,41.17%,-0.046842,2026-08-25
BE,217.45,2026-08-28,3,Put,207.50,-4.58%,3.35,3.55,3.5,884,232,3.81,90.32%,96.01%,-0.279369,2026-08-25
INTU,357.46,2026-08-28,3,Call,410.00,-14.70%,2.5,2.56,2.85,1080,284,3.8,59.30%,129.19%,0.133313,2026-08-25
BE,217.45,2026-08-28,3,Call,235.00,-8.07%,2.31,2.35,2.4,2822,742,3.8,90.32%,102.00%,0.214772,2026-08-25
META,570.05,2026-08-26,1,Call,597.50,-4.82%,0.11,0.12,0.15,534,141,3.79,34.91%,45.63%,0.025402,2026-08-25
TSLA,350.25,2026-09-02,8,Put,345.00,-1.50%,5.55,5.65,5.7,735,194,3.79,40.78%,39.36%,-0.382172,2026-08-25
ARCT,15.44,2026-09-18,24,Call,20.00,-29.53%,0.45,0.45,0.6,554,147,3.77,100.17%,113.27%,0.230372,2026-08-25
RR,1.97,2026-09-04,10,Call,2.0000,-1.52%,0.14,0.15,0.16,8744,2322,3.77,118.97%,125.13%,0.514106,2026-08-25
SMCI,38.46,2026-08-28,3,Call,39.50,-2.70%,0.75,0.83,0.83,1566,417,3.76,73.37%,87.77%,0.385196,2026-08-25
SMMT,13.36,2027-01-15,143,Call,16.00,-19.76%,2.5,2.75,3.2,1267,338,3.75,109.99%,110.63%,0.542823,2026-08-25
WPC,71.78,2026-10-16,52,Call,75.00,-4.49%,0.4,0.5,0.7,2005,534,3.75,17.94%,15.74%,0.228728,2026-08-25
AMZN,261.06,2026-08-26,1,Call,255.00,+2.32%,5.95,5.92,6.6,5575,1486,3.75,29.19%,33.62%,0.911364,2026-08-25
INTC,87.48,2026-08-28,3,Call,88.00,-0.59%,2.01,2.05,2.05,7621,2030,3.75,60.27%,71.57%,0.478031,2026-08-25
BSX,49.86,2026-08-28,3,Call,50.00,-0.28%,0.45,0.55,0.75,1540,412,3.74,38.68%,36.59%,0.476495,2026-08-25
AMBA,70.78,2026-08-28,3,Put,69.00,-2.51%,1.15,1.15,1.5,600,161,3.73,78.90%,83.24%,-0.352454,2026-08-25
PURR,11.87,2028-01-21,514,Call,12.00,-1.10%,4.6,5.85,5.9,543,146,3.72,116.33%,95.51%,0.728247,2026-08-25
WBD,28.9,2026-10-16,52,Put,28.00,-3.11%,0.47,0.5,0.5,31226,8419,3.71,22.08%,21.27%,-0.31272,2026-08-25
UEC,13.27,2026-08-28,3,Call,13.50,-1.73%,0.25,0.27,0.3,2285,617,3.7,71.08%,77.96%,0.419334,2026-08-25
NEM,135.14,2026-08-28,3,Put,130.00,-3.80%,0.6,0.7,0.87,881,239,3.69,46.02%,52.57%,-0.199876,2026-08-25
AI,9.79,2026-08-28,3,Call,9.50,+2.96%,0.32,0.33,0.46,937,254,3.69,82.24%,60.86%,0.718395,2026-08-25
NCLH,17.26,2026-09-04,10,Call,18.00,-4.29%,0.12,0.24,0.3,1194,324,3.69,44.92%,42.00%,0.289469,2026-08-25
ENPH,37.35,2026-08-28,3,Call,40.00,-7.10%,0.16,0.18,0.21,1374,372,3.69,66.25%,71.06%,0.15216,2026-08-25
SPCX,137.95,2026-08-28,3,Put,139.00,+0.76%,3.65,3.75,3.75,2947,799,3.69,55.51%,63.26%,-0.53962,2026-08-25
INTU,357.46,2026-08-28,3,Call,370.00,-3.51%,11.3,11.55,12,718,195,3.68,59.30%,130.63%,0.408851,2026-08-25
ADBE,273.92,2026-08-28,3,Put,275.00,+0.39%,5.2,6.25,6.45,809,220,3.68,55.31%,53.46%,-0.520785,2026-08-25
BMNR,24.82,2026-08-28,3,Put,25.00,+0.73%,0.95,0.96,0.98,2662,723,3.68,82.88%,97.21%,-0.514096,2026-08-25
DKS,124.31,2026-09-18,24,Call,175.00,-40.78%,0.15,0.18,0.2,609,166,3.67,48.82%,64.71%,0.023851,2026-08-25
INTU,357.46,2026-08-28,3,Call,395.00,-10.50%,4.5,5,5,502,137,3.66,59.30%,128.39%,0.212352,2026-08-25
SOFI,19,2026-09-18,24,Call,22.50,-18.42%,0.15,0.16,0.17,619,169,3.66,52.18%,54.10%,0.128766,2026-08-25
ALAB,282.65,2026-08-28,3,Call,315.00,-11.45%,0.65,1.1,1.45,655,179,3.66,79.97%,89.96%,0.099527,2026-08-25
ZM,100.92,2026-08-28,3,Call,115.00,-13.95%,1,1.08,1.08,1594,435,3.66,57.50%,138.20%,0.164162,2026-08-25
MU,932.97,2026-08-26,1,Call,"1,000.00",-7.18%,0.5,0.53,0.54,15443,4230,3.65,63.48%,73.26%,0.036917,2026-08-25
BMNR,24.82,2026-09-18,24,Put,25.00,+0.73%,2.11,2.2,2.24,1325,364,3.64,82.88%,83.02%,-0.467812,2026-08-25
BBY,85.29,2026-08-28,3,Put,75.00,-12.06%,0.5,0.57,0.95,679,187,3.63,49.21%,134.11%,-0.131769,2026-08-25
NFLX,82.23,2026-08-28,3,Call,82.00,+0.28%,1.22,1.25,1.26,33321,9190,3.63,33.26%,37.32%,0.543214,2026-08-25
ZM,100.92,2026-08-28,3,Put,85.00,-15.77%,0.31,0.3,0.34,1018,281,3.62,57.50%,127.73%,-0.061436,2026-08-25
GAP,20.15,2026-09-18,24,Call,24.00,-19.11%,0.27,0.31,0.36,6319,1744,3.62,61.97%,67.86%,0.179187,2026-08-25
AAPL,309.9,2026-08-26,1,Put,312.50,+0.84%,3.1,2.94,3.4,3898,1080,3.61,24.42%,25.42%,-0.731489,2026-08-25
PPTA,27.02,2027-01-15,143,Call,17.50,+35.23%,9.7,10.6,10.9,526,146,3.6,69.51%,62.47%,0.910707,2026-08-25
AMZN,261.06,2026-08-26,1,Put,272.50,+4.38%,11.05,11.92,11.8,1557,432,3.6,29.19%,66.93%,-0.88625,2026-08-25
MRNA,158.83,2026-09-04,10,Call,160.00,-0.74%,10,10.88,11.1,1647,458,3.6,91.39%,105.14%,0.520158,2026-08-25
AMD,479.18,2027-09-17,388,Call,"1,120.00",-133.73%,20.9,21.87,23.7,1034,288,3.59,53.55%,62.32%,0.175385,2026-08-25
INTC,87.48,2026-08-26,1,Put,88.00,+0.59%,1.47,1.48,1.6,8378,2333,3.59,60.27%,68.87%,-0.557466,2026-08-25
MRVL,240.38,2026-08-28,3,Put,242.50,+0.88%,13,13.3,13.75,587,164,3.58,79.68%,141.19%,-0.501112,2026-08-25
NVDA,213.05,2026-09-02,8,Call,220.00,-3.26%,4.2,4.3,4.35,4636,1295,3.58,40.99%,56.09%,0.3681,2026-08-25
UBER,80.35,2026-08-28,3,Call,82.00,-2.05%,0.51,0.54,0.55,7655,2138,3.58,34.54%,39.76%,0.295405,2026-08-25
SNAP,5.92,2026-09-04,10,Call,6.00,-1.35%,0.21,0.23,0.23,17181,4793,3.58,61.58%,64.94%,0.47532,2026-08-25
BE,217.45,2026-09-04,10,Put,175.00,-19.52%,1.1,1.22,1.37,1700,476,3.57,90.32%,96.61%,-0.074393,2026-08-25
INTC,87.48,2026-09-25,31,Put,89.00,+1.74%,6.55,6.6,7,663,186,3.56,60.27%,59.58%,-0.500221,2026-08-25
LI,12.27,2026-08-28,3,Call,12.50,-1.87%,0.28,0.34,0.35,780,219,3.56,48.03%,93.46%,0.431197,2026-08-25
NVDA,213.05,2026-09-02,8,Call,207.50,+2.61%,9.95,10.09,10.2,1217,342,3.56,40.99%,55.25%,0.64504,2026-08-25
TSLA,350.25,2026-08-31,6,Call,357.50,-2.07%,3.9,3.95,4,1412,397,3.56,40.78%,38.17%,0.351206,2026-08-25
DIS,111.25,2026-09-04,10,Put,109.00,-2.02%,0.61,0.74,0.8,657,185,3.55,22.55%,21.89%,-0.277899,2026-08-25
EH,4.83,2026-09-18,24,Call,5.00,-3.52%,0.2,0.29,0.4,502,142,3.54,78.17%,74.54%,0.470928,2026-08-25
SE,123.18,2026-10-16,52,Call,125.00,-1.48%,7.35,7.63,7.9,1611,455,3.54,44.18%,44.01%,0.510602,2026-08-25
PFE,28.57,2026-08-28,3,Put,28.50,-0.25%,0.21,0.22,0.26,1979,559,3.54,22.24%,25.80%,-0.456459,2026-08-25
DASH,233.5,2026-09-18,24,Put,230.00,-1.50%,5.7,7.3,7.85,627,178,3.52,38.61%,36.41%,-0.409437,2026-08-25
MU,932.97,2026-08-26,1,Call,"1,020.00",-9.33%,0.22,0.22,0.24,1399,398,3.52,63.48%,79.27%,0.016747,2026-08-25
AAPL,309.9,2026-08-31,6,Call,315.00,-1.65%,1.42,1.68,1.71,1964,559,3.51,24.42%,21.85%,0.291287,2026-08-25
BABA,119.44,2027-03-19,206,Call,120.00,-0.47%,16.05,16.27,16.85,2042,581,3.51,41.20%,47.16%,0.560177,2026-08-25
SNDK,1480.77,2026-08-28,3,Call,"1,560.00",-5.35%,19.6,19.83,19.9,602,172,3.5,76.79%,90.04%,0.276192,2026-08-25
ASTS,62.01,2026-09-04,10,Call,64.00,-3.21%,2.4,2.46,2.85,569,163,3.49,77.12%,84.35%,0.440637,2026-08-25
BILI,16.57,2026-08-28,3,Put,16.50,-0.42%,0.34,0.55,0.84,630,181,3.48,49.26%,104.81%,-0.462298,2026-08-25
NTLA,13.51,2026-09-18,24,Call,16.00,-18.43%,0,0.47,0.55,1445,415,3.48,90.69%,72.51%,0.210662,2026-08-25
MSTR,126.83,2026-08-28,3,Put,126.00,-0.65%,3.45,3.6,3.6,2498,717,3.48,73.92%,86.25%,-0.449773,2026-08-25
HIMS,31.75,2026-08-28,3,Put,31.50,-0.79%,0.71,0.78,0.85,1939,558,3.47,74.23%,79.00%,-0.440516,2026-08-25
PURR,11.87,2026-08-28,3,Call,13.00,-9.52%,0.35,0.4,0.45,3482,1003,3.47,116.33%,188.63%,0.328306,2026-08-25
SMCI,38.46,2027-06-17,296,Call,55.00,-43.01%,6.7,7.15,7.25,855,247,3.46,73.37%,81.78%,0.470653,2026-08-25
SYK,330.59,2026-09-18,24,Call,340.00,-2.85%,5.7,6.26,6.8,2192,633,3.46,27.77%,29.37%,0.377003,2026-08-25
WBD,28.9,2026-11-20,87,Put,24.00,-16.96%,0.01,0.24,0.22,10000,2887,3.46,22.08%,27.40%,-0.06477,2026-08-25
MSFT,491.71,2026-08-28,3,Put,487.50,-0.86%,2.91,2.94,3.2,1122,325,3.45,25.26%,27.75%,-0.3585,2026-08-25
GRAB,3.58,2027-01-15,143,Put,4.00,+11.73%,0.62,0.66,0.71,20042,5802,3.45,45.89%,48.56%,-0.575476,2026-08-25
NKE,39.48,2026-09-04,10,Call,39.00,+1.22%,0.91,0.94,1.01,677,197,3.44,36.39%,26.91%,0.615459,2026-08-25
V,384.14,2026-08-28,3,Call,382.50,+0.43%,3.5,4,4.25,873,254,3.44,20.06%,21.12%,0.59698,2026-08-25
MRK,156.45,2027-06-17,296,Call,110.00,+29.69%,49.2,48.32,52.05,1004,292,3.44,30.03%,38.76%,0.876488,2026-08-25
LXRX,2.34,2026-09-18,24,Call,2.50,-6.84%,0.05,0.1,0.1,2028,589,3.44,101.45%,56.13%,0.355304,2026-08-25
TSLA,350.25,2026-08-28,3,Call,372.50,-6.35%,0.64,0.65,0.66,5177,1506,3.44,40.78%,49.68%,0.090398,2026-08-25
SMCI,38.46,2026-09-04,10,Call,34.00,+11.60%,4.6,4.74,5.1,1037,302,3.43,73.37%,73.85%,0.859434,2026-08-25
PLTR,172.73,2026-08-28,3,Put,170.00,-1.58%,2.06,2.14,2.16,27131,7921,3.43,46.77%,53.49%,-0.360147,2026-08-25
HLF,12.92,2026-09-11,17,Call,3.00,+76.78%,9.4,9.77,10.1,520,152,3.42,56.88%,324.11%,0.993291,2026-08-25
MARA,11.83,2026-08-28,3,Put,12.00,+1.44%,0.53,0.55,0.55,2985,874,3.42,88.59%,104.87%,-0.539867,2026-08-25
AVGO,356.74,2026-08-26,1,Call,375.00,-5.12%,0.1,0.11,0.12,2993,874,3.42,50.49%,50.42%,0.030375,2026-08-25
SCHW,112.27,2026-12-18,115,Call,115.00,-2.43%,5.4,5.88,6,8078,2365,3.42,23.32%,25.91%,0.484839,2026-08-25
MARA,11.83,2026-09-11,17,Put,11.50,-2.79%,0.68,0.7,0.73,924,271,3.41,88.59%,86.58%,-0.400436,2026-08-25
IP,40.99,2026-10-16,52,Put,35.00,-14.61%,0.35,0.4,0.45,1002,295,3.4,35.08%,38.82%,-0.125397,2026-08-25
AVGO,356.74,2026-08-28,3,Call,367.50,-3.02%,2.32,2.42,2.55,1079,317,3.4,50.49%,48.93%,0.260277,2026-08-25
SNDK,1480.77,2026-08-28,3,Put,"1,465.00",-1.06%,38.7,40.25,39.1,532,157,3.39,76.79%,87.39%,-0.429395,2026-08-25
AMZN,261.06,2026-08-28,3,Put,290.00,+11.09%,28.55,29.68,29.3,1272,375,3.39,29.19%,83.90%,-0.910915,2026-08-25
CDE,21.59,2026-10-16,52,Call,25.00,-15.79%,1.05,1.04,1.15,531,157,3.38,66.75%,68.76%,0.338162,2026-08-25
TWLO,223.97,2026-08-28,3,Call,240.00,-7.16%,0.45,0.45,0.6,682,202,3.38,49.73%,57.45%,0.097563,2026-08-25
DGXX,4.05,2026-10-16,52,Put,3.00,-25.93%,0.1,0.15,0.2,542,161,3.37,96.35%,98.92%,-0.157944,2026-08-25
PAAS,54.21,2027-06-17,296,Put,45.00,-16.99%,4,5.11,5.2,1501,445,3.37,51.89%,50.20%,-0.247619,2026-08-25
TGT,163.47,2026-08-28,3,Call,165.00,-0.94%,1.15,1.4,1.49,2318,689,3.36,29.48%,33.47%,0.386001,2026-08-25
NKE,39.48,2026-09-11,17,Call,40.00,-1.32%,0.67,0.7,0.73,2378,712,3.34,36.39%,27.52%,0.422599,2026-08-25
META,570.05,2026-08-26,1,Put,545.00,-4.39%,0.05,0.1,0.15,1817,545,3.33,34.91%,42.58%,-0.021117,2026-08-25
NKE,39.48,2026-09-18,24,Put,38.00,-3.75%,0.73,0.76,0.79,535,161,3.32,36.39%,34.67%,-0.317956,2026-08-25
ADBE,273.92,2027-01-15,143,Put,265.00,-3.26%,24.7,26.15,26.65,720,217,3.32,55.31%,47.20%,-0.383447,2026-08-25
GAP,20.15,2026-09-04,10,Put,19.00,-5.71%,0.75,0.81,0.88,728,219,3.32,61.97%,101.62%,-0.331957,2026-08-25
TSLA,350.25,2026-09-18,24,Call,352.50,-0.64%,13.8,14.05,14,1089,328,3.32,40.78%,40.67%,0.505433,2026-08-25
INTC,87.48,2026-09-04,10,Call,90.00,-2.88%,2.6,2.63,2.67,7354,2216,3.32,60.27%,63.73%,0.417331,2026-08-25
BBWI,17.58,2026-08-28,3,Put,16.00,-8.99%,0.4,0.5,0.75,1471,444,3.31,69.71%,198.60%,-0.269917,2026-08-25
LCID,5.26,2028-01-21,514,Call,5.50,-4.56%,1.68,1.89,2.38,2193,662,3.31,84.95%,84.06%,0.695445,2026-08-25
TSLA,350.25,2026-08-28,3,Put,347.50,-0.79%,4.25,4.35,4.4,6041,1825,3.31,40.78%,44.65%,-0.412485,2026-08-25
TSLA,350.25,2026-09-04,10,Put,352.50,+0.64%,10.5,10.7,10.75,1719,523,3.29,40.78%,41.49%,-0.519098,2026-08-25
BMNR,24.82,2026-09-04,10,Call,24.50,+1.29%,1.48,1.68,1.67,2029,616,3.29,82.88%,85.89%,0.5671,2026-08-25
MU,932.97,2026-08-28,3,Put,930.00,-0.32%,21.5,22.1,23.15,2823,859,3.29,63.48%,70.96%,-0.465941,2026-08-25
NVDA,213.05,2026-08-31,6,Put,200.00,-6.13%,1.79,1.8,1.82,7262,2212,3.28,40.99%,59.86%,-0.192648,2026-08-25
HL,20.92,2026-12-18,115,Put,20.00,-4.40%,2.4,2.6,2.68,820,251,3.27,65.58%,67.76%,-0.369965,2026-08-25
CNQ,49.59,2027-01-15,143,Call,52.50,-5.87%,2.4,2.75,2.5,1706,522,3.27,28.33%,29.38%,0.410912,2026-08-25
AAPL,309.9,2027-03-19,206,Call,420.00,-35.53%,2.31,2.38,2.68,3040,931,3.27,24.42%,26.59%,0.093371,2026-08-25
TSLA,350.25,2026-08-31,6,Call,377.50,-7.78%,0.69,0.72,0.73,547,168,3.26,40.78%,41.44%,0.084972,2026-08-25
F,13.95,2026-09-25,31,Put,15.00,+7.53%,1.1,1.16,1.27,914,281,3.25,31.61%,29.13%,-0.790638,2026-08-25
AVGO,356.74,2026-08-26,1,Put,340.00,-4.69%,0.1,0.11,0.12,829,256,3.24,50.49%,49.40%,-0.030432,2026-08-25
VALE,15.33,2026-10-16,52,Put,13.00,-15.20%,0.11,0.12,0.15,1088,337,3.23,34.03%,37.23%,-0.115854,2026-08-25
NVDA,213.05,2026-08-28,3,Call,197.50,+7.30%,16.65,16.95,17,1558,483,3.23,40.99%,82.21%,0.854889,2026-08-25
AMGN,442.24,2026-09-18,24,Put,440.00,-0.51%,11.15,11.7,13.4,2094,648,3.23,31.63%,30.04%,-0.45417,2026-08-25
NVDA,213.05,2026-08-28,3,Put,212.50,-0.26%,5.95,6.01,6.05,20861,6449,3.23,40.99%,81.83%,-0.470166,2026-08-25
SNDK,1480.77,2026-08-28,3,Put,"1,460.00",-1.40%,36.4,35.8,36.8,596,185,3.22,76.79%,87.32%,-0.412463,2026-08-25
INTC,87.48,2026-08-26,1,Call,85.00,+2.83%,2.69,2.8,2.91,602,187,3.22,60.27%,64.12%,0.80954,2026-08-25
CPB,23.47,2026-09-18,24,Put,24.00,+2.26%,0.7,1.25,1.3,864,268,3.22,36.28%,27.94%,-0.615945,2026-08-25
KSS,17.68,2026-08-28,3,Put,16.50,-6.67%,0.71,0.78,0.85,1960,611,3.21,86.97%,208.34%,-0.322514,2026-08-25
SCCO,219.7,2026-09-18,24,Call,250.00,-13.79%,2.7,2.75,3,2007,625,3.21,51.52%,52.33%,0.187366,2026-08-25
VRT,255.75,2026-08-28,3,Put,225.00,-12.02%,0.15,0.17,0.24,528,165,3.2,56.37%,75.60%,-0.028253,2026-08-25
NKE,39.48,2027-01-15,143,Call,35.00,+11.35%,6.45,6.57,6.65,2247,703,3.2,36.39%,43.33%,0.711383,2026-08-25
CBRS,183.91,2026-09-18,24,Call,190.00,-3.31%,12.8,13.34,14.1,759,238,3.19,87.71%,84.51%,0.487685,2026-08-25
COIN,187.16,2026-08-28,3,Call,190.00,-1.52%,4.05,4.15,4.25,9802,3074,3.19,66.23%,79.62%,0.43312,2026-08-25
SNDK,1480.77,2026-08-28,3,Call,"1,620.00",-9.40%,9.1,9.3,9.4,814,256,3.18,76.79%,91.76%,0.150285,2026-08-25
XOM,160.64,2026-08-28,3,Call,162.50,-1.16%,0.91,1.06,1.12,1674,527,3.18,27.91%,30.61%,0.34532,2026-08-25
MARA,11.83,2026-10-16,52,Call,14.00,-18.34%,0.9,0.95,0.98,2854,897,3.18,88.59%,93.36%,0.387108,2026-08-25
MU,932.97,2026-08-26,1,Put,855.00,-8.36%,0.2,0.21,0.25,684,216,3.17,63.48%,78.70%,-0.016133,2026-08-25
GOOGL,346.96,2026-09-18,24,Call,545.00,-57.08%,0,0.16,0.36,804,254,3.17,28.26%,71.25%,0.008949,2026-08-25
SNDK,1480.77,2026-08-28,3,Call,"1,460.00",+1.40%,58.3,59.92,59,616,195,3.16,76.79%,88.97%,0.586747,2026-08-25
WDC,450.75,2026-08-28,3,Call,550.00,-22.02%,0.1,0.17,0.25,1274,403,3.16,70.33%,96.60%,0.013047,2026-08-25
AMD,479.18,2026-08-26,1,Put,457.50,-4.52%,0.45,0.46,0.51,1360,430,3.16,53.55%,60.78%,-0.070225,2026-08-25
BKNG,213.78,2026-10-16,52,Put,208.00,-2.70%,7,7.4,10,1912,606,3.16,31.54%,36.26%,-0.38455,2026-08-25
GOOG,343.34,2026-08-28,3,Put,342.50,-0.24%,3.15,3.15,3.35,2181,691,3.16,28.05%,29.79%,-0.455163,2026-08-25
BIDU,93.43,2027-03-19,206,Call,130.00,-39.14%,2.73,3.7,4.7,2502,792,3.16,41.84%,45.55%,0.233146,2026-08-25
AAL,13.95,2027-02-19,178,Call,15.00,-7.53%,1.42,1.54,1.6,986,313,3.15,46.22%,49.48%,0.484752,2026-08-25
TSLA,350.25,2026-09-04,10,Call,352.50,-0.64%,8.8,8.84,8.95,1849,587,3.15,40.78%,42.25%,0.483092,2026-08-25
NVDA,213.05,2026-09-04,10,Call,222.50,-4.44%,3.85,4,3.95,4818,1531,3.15,40.99%,53.28%,0.330563,2026-08-25
MRNA,158.83,2026-09-04,10,Call,150.00,+5.56%,15.45,16,16.4,1038,331,3.14,91.39%,106.63%,0.662035,2026-08-25
QS,5.82,2026-09-25,31,Call,7.00,-20.27%,0.15,0.16,0.19,1120,357,3.14,66.71%,77.25%,0.24398,2026-08-25
MU,932.97,2026-12-18,115,Call,830.00,+11.04%,192.65,190.81,197.1,850,272,3.13,63.48%,67.15%,0.70195,2026-08-25
FRSH,12.86,2026-09-18,24,Put,12.50,-2.80%,0.2,0.45,0.5,1117,357,3.13,44.35%,40.19%,-0.364638,2026-08-25
TGT,163.47,2026-08-28,3,Put,162.50,-0.59%,1.5,1.6,1.78,2254,722,3.12,29.48%,35.53%,-0.419569,2026-08-25
CRM,205.69,2026-08-28,3,Put,205.00,-0.34%,7.15,7.34,7.65,990,318,3.11,49.56%,104.55%,-0.466172,2026-08-25
TGT,163.47,2026-08-28,3,Call,167.50,-2.47%,0.61,0.65,0.7,1397,449,3.11,29.48%,34.65%,0.224375,2026-08-25
BE,217.45,2026-11-20,87,Call,270.00,-24.17%,23.1,24.12,25.7,1562,503,3.11,90.32%,96.75%,0.419393,2026-08-25
SNAP,5.92,2026-09-11,17,Call,6.50,-9.80%,0.12,0.12,0.14,5004,1610,3.11,61.58%,64.08%,0.276053,2026-08-25
ORCL,144.76,2026-08-28,3,Put,145.00,+0.17%,3.1,3.28,3.45,5055,1631,3.1,69.74%,60.44%,-0.499996,2026-08-25
ABCL,12.5,2026-09-18,24,Put,10.00,-20.00%,0.2,0.25,0.25,5232,1689,3.1,86.53%,90.19%,-0.137893,2026-08-25
MRNA,158.83,2026-10-16,52,Put,120.00,-24.45%,4.9,4.95,5.1,6527,2106,3.1,91.39%,88.61%,-0.153996,2026-08-25
SNDK,1480.77,2027-01-15,143,Put,950.00,-35.84%,55.3,56.3,57.1,853,276,3.09,76.79%,79.75%,-0.121971,2026-08-25
HOOD,112.09,2026-09-04,10,Call,111.00,+0.97%,5.4,5.25,5.65,592,192,3.08,64.37%,66.62%,0.560718,2026-08-25
UEC,13.27,2026-09-04,10,Call,13.50,-1.73%,0.48,0.47,0.53,626,203,3.08,71.08%,68.77%,0.465996,2026-08-25
ONTO,291.62,2026-09-18,24,Call,330.00,-13.16%,6.4,7.3,8.3,690,224,3.08,69.42%,66.32%,0.264994,2026-08-25
IONQ,42.05,2026-09-25,31,Call,42.00,+0.12%,3.75,3.98,4.2,848,275,3.08,80.20%,79.79%,0.553665,2026-08-25
AMZN,261.06,2026-08-28,3,Call,230.00,+11.90%,30.85,30.89,31.65,1139,370,3.08,29.19%,69.10%,0.9802,2026-08-25
RDW,11.48,2026-08-28,3,Call,11.50,-0.17%,0.35,0.35,0.4,1260,409,3.08,86.27%,92.26%,0.509803,2026-08-25
TIGR,5.47,2026-09-04,10,Call,6.00,-9.69%,0.09,0.1,0.1,641,209,3.07,58.74%,75.35%,0.248684,2026-08-25
SMCI,38.46,2026-08-28,3,Put,36.50,-5.10%,0.4,0.52,0.51,1137,371,3.06,73.37%,87.80%,-0.24185,2026-08-25
BOX,33,2026-09-18,24,Call,35.00,-6.06%,1.05,1.05,1.25,1193,390,3.06,51.91%,56.52%,0.375572,2026-08-25
ALNY,240.08,2026-09-18,24,Put,250.00,+4.13%,15.2,15.57,17.1,562,185,3.04,42.59%,43.11%,-0.61698,2026-08-25
ASTS,62.01,2026-09-25,31,Call,75.00,-20.95%,1.9,2.2,2.25,618,204,3.03,77.12%,83.16%,0.257604,2026-08-25
ZM,100.92,2026-08-28,3,Call,125.00,-23.86%,0.2,0.27,0.24,1338,442,3.03,57.50%,134.50%,0.045377,2026-08-25
AMZN,261.06,2026-08-26,1,Put,275.00,+5.34%,13.55,14.61,14.3,1563,515,3.03,29.19%,84.18%,-0.876675,2026-08-25
GLW,147.16,2026-08-28,3,Call,155.00,-5.33%,0.97,1.22,1.39,2823,932,3.03,61.27%,71.44%,0.221989,2026-08-25
BORR,4.46,2028-01-21,514,Put,5.00,+12.11%,1.5,1.56,1.65,4010,1323,3.03,54.19%,56.82%,-0.422,2026-08-25
CRON,3.51,2027-01-15,143,Call,5.50,-56.70%,0.05,0.1,0.1,4337,1429,3.03,41.02%,55.31%,0.139889,2026-08-25
SBET,8.35,2028-12-15,843,Call,10.00,-19.76%,3.45,3.55,3.65,6051,2000,3.03,84.94%,78.29%,0.700204,2026-08-25
MU,932.97,2026-08-26,1,Put,865.00,-7.29%,0.33,0.33,0.39,1180,391,3.02,63.48%,74.95%,-0.025583,2026-08-25
FIG,27.27,2026-08-28,3,Call,30.00,-10.01%,0.1,0.11,0.15,7542,2498,3.02,71.13%,87.00%,0.121709,2026-08-25
CELH,35.34,2026-09-18,24,Call,36.00,-1.87%,1.35,1.73,2.11,611,203,3.01,55.65%,55.04%,0.482586,2026-08-25
DLR,192.32,2027-06-17,296,Put,160.00,-16.81%,5.8,7.9,8.7,600,200,3,27.44%,31.87%,-0.202925,2026-08-25
AMD,479.18,2026-08-26,1,Put,452.50,-5.57%,0.22,0.25,0.25,1195,398,3,53.55%,62.06%,-0.037323,2026-08-25
MARA,11.83,2026-09-18,24,Call,12.50,-5.66%,0.75,0.86,0.92,2229,742,3,88.59%,90.84%,0.456276,2026-08-25
STNE,9.78,2026-11-20,87,Call,11.47,-17.28%,0,0.4,0.5,1000,335,2.99,41.96%,39.36%,0.245855,2026-08-25
NVDA,213.05,2026-08-28,3,Call,207.50,+2.61%,9.3,9.36,9.45,11902,3981,2.99,40.99%,81.20%,0.655006,2026-08-25
NVDA,213.05,2026-09-02,8,Put,195.00,-8.47%,1.12,1.15,1.18,767,257,2.98,40.99%,55.02%,-0.12808,2026-08-25
LULU,118.33,2026-08-28,3,Put,118.00,-0.28%,1.7,1.77,1.8,534,180,2.97,57.72%,45.06%,-0.462244,2026-08-25
LITE,885.57,2026-09-04,10,Call,"1,000.00",-12.92%,12.3,13.6,13.8,596,201,2.97,78.04%,81.91%,0.205735,2026-08-25
MSTR,126.83,2026-08-28,3,Call,138.00,-8.81%,0.89,1.02,1.08,763,257,2.97,73.92%,94.77%,0.174621,2026-08-25
LRCX,314.66,2026-08-28,3,Put,215.00,-31.67%,0.01,0.13,0.13,1036,349,2.97,60.98%,165.74%,-0.004515,2026-08-25
VZ,50.25,2026-08-28,3,Put,50.00,-0.50%,0.3,0.23,0.36,1115,376,2.97,22.28%,24.31%,-0.408689,2026-08-25
MSTR,126.83,2026-09-04,10,Put,115.00,-9.33%,1.65,1.85,2,3824,1286,2.97,73.92%,75.23%,-0.196044,2026-08-25
TSLA,350.25,2026-09-25,31,Call,355.00,-1.36%,14.75,14.85,14.95,2731,924,2.96,40.78%,40.59%,0.488785,2026-08-25
SPCX,137.95,2026-09-04,10,Call,137.00,+0.69%,5.5,5.68,5.8,3243,1096,2.96,55.51%,56.10%,0.552337,2026-08-25
PCG,18.36,2026-08-28,3,Call,19.50,-6.21%,0.12,0.2,0.33,2083,705,2.95,50.81%,93.34%,0.252309,2026-08-25
MRNA,158.83,2026-10-02,38,Call,260.00,-63.70%,1.35,2,3,533,181,2.94,91.39%,103.99%,0.098582,2026-08-25
RIOT,21.3,2026-08-28,3,Put,21.00,-1.41%,0.54,0.6,0.62,1865,635,2.94,87.74%,94.50%,-0.416311,2026-08-25
AMTX,1.91,2028-01-21,514,Call,2.5000,-30.89%,0.75,0.8,0.9,5107,1742,2.93,107.69%,110.11%,0.688284,2026-08-25
MRNA,158.83,2026-08-28,3,Call,195.00,-22.77%,0.56,0.86,1,897,307,2.92,91.39%,154.27%,0.081517,2026-08-25
EOSE,3.54,2026-08-28,3,Call,3.50,+1.13%,0.14,0.16,0.17,6147,2108,2.92,98.29%,104.90%,0.567572,2026-08-25
CVNA,75.77,2026-08-28,3,Call,77.00,-1.62%,1.15,1.18,1.3,972,334,2.91,56.85%,63.84%,0.403551,2026-08-25
NVDA,213.05,2026-08-31,6,Call,222.50,-4.44%,3.15,3.2,3.25,2323,799,2.91,40.99%,61.85%,0.308085,2026-08-25
UBER,80.35,2026-09-04,10,Call,82.00,-2.05%,1.22,1.24,1.3,3756,1291,2.91,34.54%,36.30%,0.385235,2026-08-25
SPCX,137.95,2026-08-28,3,Put,131.00,-5.04%,0.73,0.75,0.76,5000,1721,2.91,55.51%,62.63%,-0.172661,2026-08-25
MU,932.97,2026-08-28,3,Call,950.00,-1.83%,16,16,16.5,7707,2647,2.91,63.48%,69.60%,0.40108,2026-08-25
VZ,50.25,2026-08-28,3,Put,49.50,-1.49%,0.16,0.19,0.19,972,335,2.9,22.28%,25.10%,-0.252685,2026-08-25
VNET,6.89,2026-09-18,24,Call,8.00,-16.11%,0.15,0.2,0.25,3421,1178,2.9,79.10%,78.16%,0.263267,2026-08-25
PLTR,172.73,2026-08-28,3,Call,172.50,+0.13%,3.5,3.55,3.6,5412,1868,2.9,46.77%,54.60%,0.523006,2026-08-25
BMNR,24.82,2026-09-18,24,Call,28.00,-12.81%,0.98,1,1.14,8048,2771,2.9,82.88%,85.08%,0.332432,2026-08-25
BMNR,24.82,2026-08-28,3,Call,26.50,-6.77%,0.33,0.33,0.4,1065,368,2.89,82.88%,106.03%,0.264206,2026-08-25
META,570.05,2026-08-26,1,Put,557.50,-2.20%,0.71,0.75,0.81,2690,932,2.89,34.91%,38.40%,-0.131005,2026-08-25
MRNA,158.83,2026-08-28,3,Put,140.00,-11.86%,1.4,1.49,1.55,5557,1922,2.89,91.39%,136.58%,-0.139336,2026-08-25
ANF,108.9,2026-09-18,24,Put,100.00,-8.17%,4.5,4.67,5.2,694,241,2.88,71.84%,81.13%,-0.300828,2026-08-25
AMD,479.18,2026-08-28,3,Call,507.50,-5.91%,2.43,2.5,2.55,700,244,2.87,53.55%,64.33%,0.170938,2026-08-25
MU,932.97,2026-08-26,1,Call,"1,010.00",-8.26%,0.32,0.34,0.35,1345,469,2.87,63.48%,75.98%,0.024291,2026-08-25
RZLV,2.96,2026-09-25,31,Call,3.00,-1.35%,0.2,0.35,0.35,1647,574,2.87,98.87%,84.06%,0.532095,2026-08-25
RGTI,16.94,2026-08-28,3,Call,17.50,-3.31%,0.28,0.3,0.33,3185,1110,2.87,76.77%,86.34%,0.354718,2026-08-25
TSLA,350.25,2026-08-28,3,Call,360.00,-2.78%,2.34,2.38,2.38,27640,9621,2.87,40.78%,46.62%,0.267126,2026-08-25
AVGO,356.74,2027-02-19,178,Call,370.00,-3.72%,41.4,42.15,43.5,660,231,2.86,50.49%,46.33%,0.536348,2026-08-25
KYIV,13.88,2026-10-16,52,Call,15.00,-8.07%,0.45,0.52,0.55,871,305,2.86,44.68%,42.92%,0.357371,2026-08-25
AMD,479.18,2027-09-17,388,Put,200.00,-58.26%,4.8,6.01,7.15,1004,351,2.86,53.55%,60.90%,-0.03858,2026-08-25
WMT,105.38,2026-08-28,3,Put,106.00,+0.59%,1.21,1.28,1.33,1973,690,2.86,22.02%,24.59%,-0.596673,2026-08-25
CSCO,111.11,2027-03-19,206,Call,115.00,-3.50%,11.3,11.17,11.55,2013,705,2.86,29.53%,37.68%,0.523278,2026-08-25
MU,932.97,2026-08-28,3,Call,"1,025.00",-9.86%,2.27,2.45,2.44,3041,1065,2.86,63.48%,73.54%,0.084809,2026-08-25
TSLA,350.25,2026-09-11,17,Call,357.50,-2.07%,9.2,9.37,9.3,521,183,2.85,40.78%,40.38%,0.431657,2026-08-25
UPS,105.14,2026-09-11,17,Put,105.00,-0.13%,1.91,2.14,2.19,545,191,2.85,24.63%,22.83%,-0.487144,2026-08-25
CAPR,8.29,2026-12-18,115,Call,10.00,-20.63%,3.5,3.57,6,785,275,2.85,120.11%,304.92%,0.774347,2026-08-25
MU,932.97,2026-08-26,1,Put,840.00,-9.96%,0.1,0.12,0.14,1444,507,2.85,63.48%,84.95%,-0.00855,2026-08-25
CRM,205.69,2026-08-28,3,Put,202.50,-1.55%,5.95,6.17,6.4,672,237,2.84,49.56%,104.14%,-0.41493,2026-08-25
TSLA,350.25,2026-09-02,8,Call,357.50,-2.07%,5.2,5.29,5.35,688,242,2.84,40.78%,39.72%,0.379981,2026-08-25
CCL,26.14,2027-09-17,388,Put,25.00,-4.36%,2.97,3.95,5,1042,367,2.84,40.53%,46.33%,-0.354304,2026-08-25
HOOD,112.09,2026-08-28,3,Call,119.00,-6.16%,0.85,0.88,0.92,1696,598,2.84,64.37%,77.11%,0.207063,2026-08-25
NVDA,213.05,2026-09-04,10,Call,205.00,+3.78%,12,11.85,12.35,3823,1346,2.84,40.99%,53.23%,0.688228,2026-08-25
PM,193.92,2026-08-28,3,Put,192.50,-0.73%,0.8,1.35,1.55,524,185,2.83,26.15%,25.76%,-0.371262,2026-08-25
INTU,357.46,2026-08-28,3,Put,350.00,-2.09%,11.7,13.2,13.3,667,236,2.83,59.30%,124.99%,-0.4035,2026-08-25
BMNR,24.82,2026-09-04,10,Call,28.50,-14.83%,0.35,0.4,0.57,1125,398,2.83,82.88%,96.66%,0.218191,2026-08-25
META,570.05,2026-08-28,3,Put,565.00,-0.89%,5.25,5.35,5.65,1935,683,2.83,34.91%,37.86%,-0.388551,2026-08-25
NFLX,82.23,2026-09-11,17,Call,92.00,-11.88%,0.16,0.17,0.18,763,271,2.82,33.26%,33.41%,0.067116,2026-08-25
META,570.05,2026-08-28,3,Call,565.00,+0.89%,10.5,10.55,10.8,2665,946,2.82,34.91%,37.88%,0.611818,2026-08-25
SPCX,137.95,2026-08-28,3,Call,143.00,-3.66%,1.37,1.37,1.4,14658,5198,2.82,55.51%,65.02%,0.282493,2026-08-25
T,25.77,2026-09-11,17,Put,25.00,-2.99%,0.18,0.21,0.22,655,233,2.81,24.29%,22.44%,-0.258939,2026-08-25
PURR,11.87,2026-08-28,3,Put,11.00,-7.33%,0.25,0.35,0.4,1146,408,2.81,116.33%,163.07%,-0.277383,2026-08-25
PROP,0.54,2026-12-18,115,Call,0.5000,+7.41%,0.15,0.2,0.25,1500,534,2.81,182.79%,157.10%,0.706072,2026-08-25
WMT,105.38,2026-09-04,10,Call,106.00,-0.59%,1.32,1.36,1.37,1768,629,2.81,22.02%,22.96%,0.453725,2026-08-25
CVX,199.89,2026-10-16,52,Put,190.00,-4.95%,2.82,3.22,3.35,3092,1100,2.81,25.59%,23.76%,-0.268625,2026-08-25
ETN,409.2,2027-03-19,206,Call,450.00,-9.97%,32.5,34.2,36.3,532,190,2.8,37.81%,38.97%,0.448738,2026-08-25
NTLA,13.51,2026-10-16,52,Call,16.00,-18.43%,0.1,1.1,1.3,649,232,2.8,90.69%,73.88%,0.326966,2026-08-25
CSCO,111.11,2027-06-17,296,Call,115.00,-3.50%,14,14.42,14.5,1002,358,2.8,29.53%,38.01%,0.544885,2026-08-25
META,570.05,2026-08-26,1,Put,547.50,-3.96%,0.14,0.14,0.19,1110,397,2.8,34.91%,42.29%,-0.033028,2026-08-25
SNDK,1480.77,2026-08-28,3,Call,"1,690.00",-14.13%,3.6,3.4,3.8,822,295,2.79,76.79%,94.90%,0.068158,2026-08-25
MRK,156.45,2026-11-20,87,Call,170.00,-8.66%,5.1,5.55,5.65,1010,362,2.79,30.03%,33.58%,0.342063,2026-08-25
TXN,260.05,2026-09-18,24,Call,475.00,-82.66%,0.01,0.21,0.21,823,296,2.78,38.26%,89.49%,0.006105,2026-08-25
TSLA,350.25,2026-08-31,6,Call,360.00,-2.78%,3.2,3.24,3.3,3123,1125,2.78,40.78%,38.61%,0.302262,2026-08-25
CRML,8.1,2026-08-28,3,Call,8.00,+1.23%,0.4,0.4,0.45,3197,1151,2.78,107.08%,127.72%,0.566619,2026-08-25
SPCX,137.95,2026-09-18,24,Call,210.00,-52.23%,0.19,0.21,0.22,26998,9697,2.78,55.51%,76.88%,0.021664,2026-08-25
NVDA,213.05,2026-08-31,6,Put,212.50,-0.26%,6.25,6.2,6.35,1318,476,2.77,40.99%,60.85%,-0.469066,2026-08-25
TSLA,350.25,2026-09-04,10,Put,350.00,-0.07%,9.25,9.45,9.4,2342,845,2.77,40.78%,41.55%,-0.47764,2026-08-25
CRML,8.1,2026-08-28,3,Call,7.50,+7.41%,0.55,0.65,0.75,5211,1882,2.77,107.08%,83.81%,0.854255,2026-08-25
AR,37.95,2026-09-18,24,Call,44.00,-15.94%,0.05,0.14,0.15,500,181,2.76,34.36%,36.61%,0.066373,2026-08-25
CIFR,16.31,2026-12-18,115,Call,21.00,-28.76%,2.25,2.43,2.48,618,224,2.76,102.62%,103.58%,0.45096,2026-08-25
RIOT,21.3,2026-09-04,10,Put,18.50,-13.15%,0.2,0.25,0.3,618,224,2.76,87.74%,87.68%,-0.146868,2026-08-25
NVDA,213.05,2026-08-31,6,Call,242.50,-13.82%,0.43,0.46,0.46,803,291,2.76,40.99%,63.46%,0.061243,2026-08-25
SBET,8.35,2026-09-04,10,Call,11.00,-31.74%,0,0.1,0.2,652,239,2.73,84.94%,130.61%,0.122545,2026-08-25
PD,12.25,2026-09-18,24,Call,12.50,-2.04%,0.7,0.95,1.15,1039,380,2.73,82.75%,81.72%,0.507876,2026-08-25
AMD,479.18,2026-08-26,1,Call,470.00,+1.92%,11.15,11.43,11.7,1692,620,2.73,53.55%,57.06%,0.747301,2026-08-25
AAPL,309.9,2026-08-31,6,Call,310.00,-0.03%,3.35,3.59,3.7,1733,635,2.73,24.42%,22.03%,0.508668,2026-08-25
LCID,5.26,2026-08-28,3,Call,5.00,+4.94%,0.3,0.33,0.35,802,295,2.72,84.95%,87.22%,0.753163,2026-08-25
INTC,87.48,2026-08-31,6,Call,88.00,-0.59%,2.32,2.4,2.4,868,319,2.72,60.27%,57.77%,0.485512,2026-08-25
BA,211.08,2026-08-28,3,Call,212.50,-0.67%,1.6,1.76,1.84,1244,457,2.72,29.11%,30.87%,0.410443,2026-08-25
MU,932.97,2026-08-26,1,Put,850.00,-8.89%,0.14,0.18,0.18,2474,909,2.72,63.48%,79.39%,-0.011791,2026-08-25
ABBV,265.79,2026-08-28,3,Call,270.00,-1.58%,1.2,1.17,1.48,1317,486,2.71,25.89%,30.73%,0.292073,2026-08-25
BBAI,3.09,2026-09-18,24,Call,3.50,-13.27%,0.08,0.1,0.1,860,319,2.7,64.00%,71.20%,0.281567,2026-08-25
RZLV,2.96,2026-09-18,24,Put,3.00,+1.35%,0.3,0.35,0.4,1449,536,2.7,98.87%,109.66%,-0.460409,2026-08-25
MSFT,491.71,2026-08-26,1,Call,485.00,+1.36%,6.9,7.5,7.65,1539,573,2.69,25.26%,25.82%,0.84833,2026-08-25
FOXA,70.33,2027-01-15,143,Call,80.00,-13.75%,1.45,2.55,4,541,202,2.68,32.47%,33.41%,0.317579,2026-08-25
NOK,10.35,2026-09-11,17,Call,10.00,+3.38%,0.6,0.68,0.75,3089,1154,2.68,55.52%,54.06%,0.641261,2026-08-25
WING,113.85,2026-09-18,24,Put,120.00,+5.40%,8.9,9.9,13.6,1003,376,2.67,60.23%,66.28%,-0.585919,2026-08-25
APLD,28.85,2026-08-28,3,Call,30.50,-5.72%,0.39,0.38,0.4,1875,703,2.67,87.26%,94.22%,0.272597,2026-08-25
PURR,11.87,2026-08-28,3,Call,12.00,-1.10%,0.7,0.71,0.75,1885,707,2.67,116.33%,182.47%,0.507442,2026-08-25
WULF,16.32,2026-09-04,10,Call,18.50,-13.36%,0.28,0.31,0.32,2325,870,2.67,88.69%,93.52%,0.222104,2026-08-25
TSLA,350.25,2026-08-28,3,Call,362.50,-3.50%,1.81,1.84,1.85,8337,3121,2.67,40.78%,47.05%,0.218374,2026-08-25
SNAP,5.92,2026-08-28,3,Put,6.00,+1.35%,0.19,0.2,0.2,2482,934,2.66,61.58%,70.81%,-0.568856,2026-08-25
MRVL,240.38,2026-08-28,3,Call,297.50,-23.76%,0.8,0.87,1.02,973,367,2.65,79.68%,149.82%,0.066866,2026-08-25
SRPT,18.92,2026-09-18,24,Call,22.50,-18.92%,0.15,0.18,0.2,645,244,2.64,60.96%,56.56%,0.134385,2026-08-25
NFLX,82.23,2026-09-04,10,Call,87.00,-5.80%,0.39,0.4,0.42,904,342,2.64,33.26%,33.90%,0.168747,2026-08-25
ORCL,144.76,2026-08-28,3,Put,137.00,-5.36%,0.63,0.78,0.76,3035,1149,2.64,69.74%,62.46%,-0.157581,2026-08-25
NVDA,213.05,2026-08-31,6,Call,240.00,-12.65%,0.56,0.58,0.59,5905,2234,2.64,40.99%,63.00%,0.076661,2026-08-25
TSLA,350.25,2026-08-28,3,Call,350.00,+0.07%,5.85,5.95,5.95,17477,6608,2.64,40.78%,45.19%,0.518026,2026-08-25
XYZ,82.72,2026-10-16,52,Call,90.00,-8.80%,2.2,2.3,2.5,571,217,2.63,37.45%,38.91%,0.32096,2026-08-25
BNTX,114.05,2026-09-18,24,Call,135.00,-18.37%,0.15,1,1.35,662,252,2.63,48.64%,51.87%,0.108432,2026-08-25
SMR,9.81,2026-09-25,31,Call,10.00,-1.94%,0.76,0.89,0.94,1106,422,2.62,85.89%,80.83%,0.519819,2026-08-25
CMG,37.43,2026-09-18,24,Put,36.00,-3.82%,0.54,0.68,0.74,2284,873,2.62,35.77%,33.38%,-0.301004,2026-08-25
PLTR,172.73,2026-08-28,3,Put,172.50,-0.13%,3.2,3.21,3.3,11700,4467,2.62,46.77%,54.25%,-0.477427,2026-08-25
NFLX,82.23,2026-08-28,3,Call,83.00,-0.94%,0.78,0.78,0.79,21259,8106,2.62,33.26%,37.44%,0.401719,2026-08-25
AMKR,48.7,2027-01-15,143,Put,36.59,-24.87%,2.65,3,3.9,520,199,2.61,69.35%,77.13%,-0.195807,2026-08-25
NVDA,213.05,2026-09-18,24,Call,232.50,-9.13%,2.94,2.97,3.05,2249,863,2.61,40.99%,42.47%,0.233015,2026-08-25
NVDA,213.05,2026-09-04,10,Call,200.00,+6.13%,15.6,15.75,15.9,5014,1922,2.61,40.99%,53.71%,0.777841,2026-08-25
TSLA,350.25,2026-08-28,3,Put,360.00,+2.78%,11.85,12,12.05,5069,1942,2.61,40.78%,45.98%,-0.736919,2026-08-25
RKLB,66.91,2026-08-28,3,Put,64.00,-4.35%,0.64,0.7,0.73,881,339,2.6,71.09%,75.16%,-0.244916,2026-08-25
INTC,87.48,2026-08-26,1,Call,90.00,-2.88%,0.39,0.38,0.41,23027,8857,2.6,60.27%,69.28%,0.222797,2026-08-25
SNDK,1480.77,2026-08-28,3,Call,"1,675.00",-13.12%,4.4,4.6,4.6,515,199,2.59,76.79%,94.13%,0.081033,2026-08-25
AMZN,261.06,2026-08-28,3,Call,235.00,+9.98%,25.85,26.26,26.65,785,303,2.59,29.19%,58.88%,0.977369,2026-08-25
TSLA,350.25,2026-09-02,8,Call,375.00,-7.07%,1.55,1.62,1.6,792,306,2.59,40.78%,41.87%,0.145058,2026-08-25
ASST,21.39,2026-09-18,24,Call,30.00,-40.25%,0.25,0.4,0.63,1133,437,2.59,106.01%,112.70%,0.154375,2026-08-25
ADBE,273.92,2026-08-28,3,Call,280.00,-2.22%,3.05,3.2,3.3,1819,703,2.59,55.31%,56.69%,0.346141,2026-08-25
LULU,118.33,2027-01-15,143,Put,80.00,-32.39%,1.2,1.5,1.6,3568,1375,2.59,57.72%,50.20%,-0.074049,2026-08-25
SMR,9.81,2026-09-11,17,Call,10.50,-7.03%,0.41,0.44,0.49,599,232,2.58,85.89%,84.63%,0.392937,2026-08-25
SPCX,137.95,2026-09-11,17,Call,137.00,+0.69%,6.8,7.05,7.15,989,383,2.58,55.51%,53.87%,0.552556,2026-08-25
MSTR,126.83,2026-08-28,3,Put,123.00,-3.02%,2.21,2.27,2.32,1448,561,2.58,73.92%,86.27%,-0.331955,2026-08-25
OKLO,44.27,2026-08-28,3,Call,42.00,+5.13%,2.89,3.15,3.2,1503,583,2.58,80.73%,106.49%,0.724632,2026-08-25
FIG,27.27,2028-01-21,514,Call,70.00,-156.69%,3.05,3.75,3.85,4001,1548,2.58,71.13%,79.10%,0.317659,2026-08-25
KGC,33.48,2026-09-04,10,Call,35.00,-4.54%,0.34,0.61,0.8,520,202,2.57,51.87%,51.65%,0.320372,2026-08-25
RKLB,66.91,2028-12-15,843,Put,55.00,-17.80%,18.2,19.2,22,588,229,2.57,71.09%,82.04%,-0.206674,2026-08-25
SMCI,38.46,2026-08-28,3,Call,43.00,-11.80%,0.15,0.16,0.16,5195,2020,2.57,73.37%,93.88%,0.102931,2026-08-25
RIVN,16.74,2027-09-17,388,Call,10.00,+40.26%,8.15,8.3,8.6,542,212,2.56,57.58%,72.88%,0.868414,2026-08-25
DOCN,112.57,2026-09-18,24,Put,90.00,-20.05%,1,1.06,1.45,1337,522,2.56,72.66%,76.66%,-0.106076,2026-08-25
SKHY,159.53,2026-09-04,10,Put,140.00,-12.24%,1.15,1.2,1.35,1377,537,2.56,70.86%,72.71%,-0.124479,2026-08-25
MRK,156.45,2026-08-28,3,Call,160.00,-2.27%,0.65,0.79,0.82,2058,804,2.56,30.03%,35.49%,0.24897,2026-08-25
DKS,124.31,2026-09-18,24,Put,140.00,+12.62%,17.2,18.23,19,2295,895,2.56,48.82%,58.70%,-0.76156,2026-08-25
LYV,186.77,2026-09-18,24,Put,180.00,-3.62%,1.95,2.6,3.2,850,333,2.55,25.24%,28.92%,-0.286923,2026-08-25
TSLA,350.25,2026-09-02,8,Call,360.00,-2.78%,4.45,4.58,4.55,1743,684,2.55,40.78%,40.06%,0.33726,2026-08-25
GOOGL,346.96,2026-11-20,87,Put,360.00,+3.76%,27.75,28.2,28.95,3573,1402,2.55,28.26%,33.06%,-0.546463,2026-08-25
SERV,4.88,2026-11-20,87,Put,5.00,+2.46%,0.88,0.93,1.07,4399,1725,2.55,83.96%,98.30%,-0.419994,2026-08-25
MSTR,126.83,2026-08-28,3,Put,115.00,-9.33%,0.5,0.52,0.56,9814,3843,2.55,73.92%,89.11%,-0.104582,2026-08-25
NVDA,213.05,2026-08-31,6,Call,237.50,-11.48%,0.73,0.77,0.76,810,319,2.54,40.99%,62.65%,0.09579,2026-08-25
HOOD,112.09,2026-09-25,31,Put,105.00,-6.33%,4.1,5.02,5.2,624,247,2.53,64.37%,61.94%,-0.320286,2026-08-25
EOSE,3.54,2026-09-11,17,Call,4.00,-12.99%,0.14,0.15,0.16,1289,510,2.53,98.29%,101.47%,0.329701,2026-08-25
NVDA,213.05,2026-09-02,8,Call,212.50,+0.26%,7.25,7.4,7.45,1339,530,2.53,40.99%,55.71%,0.532219,2026-08-25
AMZN,261.06,2026-08-28,3,Put,272.50,+4.38%,11.35,11.63,12.05,7224,2856,2.53,29.19%,34.11%,-0.91597,2026-08-25
NVDA,213.05,2026-09-02,8,Put,190.00,-10.82%,0.62,0.64,0.67,507,201,2.52,40.99%,56.41%,-0.077722,2026-08-25
SPCX,137.95,2026-09-04,10,Put,137.00,-0.69%,4.5,4.57,4.6,633,251,2.52,55.51%,55.86%,-0.448407,2026-08-25
REPL,15.8,2026-08-28,3,Call,16.00,-1.27%,0.2,0.3,0.65,755,300,2.52,95.76%,89.90%,0.456227,2026-08-25
SMR,9.81,2026-09-11,17,Call,11.00,-12.13%,0.31,0.34,0.34,2384,946,2.52,85.89%,86.66%,0.305135,2026-08-25
AVGO,356.74,2026-08-26,1,Put,347.50,-2.59%,0.5,0.53,0.59,614,245,2.51,50.49%,44.88%,-0.128779,2026-08-25
BE,217.45,2026-09-04,10,Put,185.00,-14.92%,2.2,2.6,2.77,1775,707,2.51,90.32%,95.35%,-0.133775,2026-08-25
CBRS,183.91,2026-08-28,3,Call,190.00,-3.31%,4.1,4,4.6,571,228,2.5,87.71%,102.88%,0.382392,2026-08-25
CYPH,1.64,2027-03-19,206,Call,1.0000,+39.02%,0.95,1.1,1.05,1024,410,2.5,167.76%,170.66%,0.851874,2026-08-25
GOOGL,346.96,2026-08-26,1,Put,340.00,-2.01%,0.24,0.24,0.28,2397,960,2.5,28.26%,30.39%,-0.099019,2026-08-25
APLD,28.85,2026-08-28,3,Put,29.00,+0.52%,1.03,1.07,1.1,3352,1340,2.5,87.26%,94.89%,-0.505784,2026-08-25
NFLX,82.23,2026-08-28,3,Put,81.00,-1.50%,0.54,0.56,0.56,8291,3316,2.5,33.26%,35.93%,-0.313154,2026-08-25
SMCI,38.46,2026-08-28,3,Call,40.00,-4.00%,0.63,0.64,0.65,25908,10347,2.5,73.37%,88.81%,0.328607,2026-08-25
NVDA,213.05,2026-08-28,3,Call,240.00,-12.65%,0.44,0.44,0.45,151333,60801,2.49,40.99%,84.26%,0.064537,2026-08-25
IBRX,8.19,2026-09-04,10,Call,8.50,-3.79%,0.2,0.29,0.3,622,250,2.49,85.10%,69.40%,0.398448,2026-08-25
IONQ,42.05,2026-09-25,31,Call,44.00,-4.64%,2.74,3.17,3.4,653,262,2.49,80.20%,78.46%,0.472027,2026-08-25
VALE,15.33,2026-09-04,10,Call,15.00,+2.15%,0.5,0.5,0.55,817,328,2.49,34.03%,34.80%,0.650714,2026-08-25
BABA,119.44,2026-09-04,10,Call,121.00,-1.31%,2.53,2.7,2.75,1049,421,2.49,41.20%,42.36%,0.440343,2026-08-25
INTU,357.46,2026-09-18,24,Call,370.00,-3.51%,16.9,17.2,18.6,1327,534,2.49,59.30%,62.66%,0.449899,2026-08-25
MU,932.97,2026-08-26,1,Put,870.00,-6.75%,0.44,0.48,0.5,1862,748,2.49,63.48%,73.44%,-0.032925,2026-08-25
AAPL,309.9,2026-08-28,3,Put,307.50,-0.77%,1.8,1.86,1.92,5033,2022,2.49,24.42%,26.27%,-0.363905,2026-08-25
BABA,119.44,2026-09-04,10,Call,126.00,-5.49%,1.17,1.17,1.25,663,267,2.48,41.20%,44.09%,0.243184,2026-08-25
GOOGL,346.96,2026-08-26,1,Call,350.00,-0.88%,0.86,0.89,0.95,10848,4367,2.48,28.26%,28.46%,0.283625,2026-08-25
"Downloaded from Barchart.com as of 08-25-2026 09:29pm CDT"
