Symbol,Type,Strike,Exp Date,MidPrice
CGON,Call,70.00,2026-08-21,8.0000
PCG,Call,23.00,2026-09-18,0.1750
FHN,Call,27.00,2026-11-20,1.2750
QXO,Call,22.00,2026-09-18,0.2250
FLEX,Call,140.00,2026-08-21,2.8000
PLTR,Call,141.00,2026-08-07,17.6250
APTV,Call,70.00,2027-01-15,1.1750
QUBT,Put,6.00,2026-09-18,0.1300
RIG,Put,6.00,2026-08-21,0.8800
HPE,Call,60.00,2026-08-14,0.6250
PGEN,Call,5.00,2026-10-16,2.1500
LRCX,Put,340.00,2026-09-18,51.9500
INTC,Put,105.00,2026-08-07,5.3750
PLTR,Call,136.00,2026-08-07,22.6750
CG,Call,50.00,2026-09-18,2.6500
SO,Call,95.00,2026-08-21,0.6500
AAL,Put,15.50,2026-08-21,0.2550
AVGO,Call,560.00,2026-08-21,0.1100
TWLO,Call,200.00,2026-08-07,9.7000
ITT,Put,180.00,2026-08-21,1.7000
XYZ,Put,74.00,2026-08-21,1.1400
RXT,Call,5.00,2026-08-07,0.1500
NVDA,Call,200.00,2026-08-10,18.9500
ZM,Call,105.00,2026-08-07,0.2700
HIG,Call,160.00,2026-12-18,2.8500
TSM,Call,475.00,2026-08-21,1.2950
BE,Call,250.00,2026-12-18,60.1250
IONQ,Put,35.00,2026-09-18,2.8400
MCHP,Call,75.00,2026-09-18,8.3500
SNAP,Call,4.50,2026-08-07,0.8300
NUAI,Call,5.00,2026-08-07,0.3500
GTES,Call,26.00,2026-08-21,3.7000
FLEX,Put,105.00,2026-08-21,2.0500
SNAP,Put,5.50,2026-08-21,0.3350
QBTS,Put,17.00,2026-10-16,1.3900
U,Call,35.00,2026-08-07,2.9750
VZ,Call,49.00,2026-09-04,0.5250
GME,Call,40.00,2027-01-15,0.3250
ESTC,Call,70.00,2026-08-21,3.5500
BSX,Call,52.00,2026-08-21,0.4000
RDW,Call,9.00,2026-08-07,1.7750
BHC,Call,7.00,2026-09-18,0.1500
BSX,Put,45.00,2026-08-14,0.3250
IREN,Put,33.00,2026-08-07,0.1400
PLTR,Call,130.00,2026-08-14,28.7250
JCI,Call,150.00,2026-08-21,7.2000
ORCL,Call,90.00,2027-03-19,62.6000
TSM,Call,425.00,2026-08-21,10.7000
FLEX,Put,110.00,2026-08-21,3.3500
PLTR,Call,138.00,2026-08-07,20.6750
AHCO,Put,10.00,2026-09-18,3.0000
DKNG,Call,23.00,2026-08-07,0.5550
PLTR,Call,133.00,2026-08-07,25.4250
PLTR,Call,140.00,2026-08-07,18.5000
RILY,Call,7.00,2026-08-07,0.4950
PLTR,Call,140.00,2026-08-14,18.9250
CVX,Put,185.00,2026-08-07,1.1000
INTC,Put,89.00,2026-08-07,0.1550
NOK,Call,10.00,2026-08-14,0.2550
TSM,Call,440.00,2026-09-18,15.9500
PSKY,Put,11.00,2027-01-15,2.9600
SPCX,Call,90.00,2026-08-07,18.8500
FWRG,Call,12.50,2026-08-21,0.7250
RKLB,Call,70.00,2026-08-07,5.4000
RIOT,Call,22.50,2026-08-07,0.5200
NOW,Call,115.00,2027-01-15,20.6250
ORCL,Call,160.00,2026-08-07,0.1500
GPK,Call,17.50,2027-01-15,0.2250
U,Put,30.00,2026-08-07,0.6650
QXO,Put,12.00,2026-08-21,0.1000
TPG,Call,45.00,2026-08-21,3.2000
INTC,Call,100.00,2026-08-07,3.4750
QNT,Call,80.00,2026-08-21,0.7500
BAC,Call,58.00,2026-08-07,5.3000
FPS,Call,40.00,2026-08-21,2.3500
DOCN,Call,145.00,2026-08-07,0.4500
GPK,Call,12.50,2027-01-15,1.3000
AXTI,Call,55.00,2026-12-18,29.4500
AAPL,Call,360.00,2026-09-04,0.3900
MRVL,Call,210.00,2026-08-07,7.6000
SAIC,Put,115.00,2026-09-18,5.1000
BTDR,Put,5.00,2026-09-18,0.2000
U,Call,34.00,2026-08-07,3.3750
CRWD,Call,185.00,2026-08-21,27.6750
ASTS,Call,60.00,2026-08-07,8.8250
META,Call,"1,000.00",2027-03-19,8.7250
RKLB,Call,125.00,2026-12-18,5.9500
NVDA,Put,188.00,2026-12-18,8.6250
APLD,Call,31.00,2026-08-21,2.0000
UEC,Call,10.50,2026-08-21,0.8350
JPM,Call,355.00,2026-08-21,9.0500
RKLB,Call,65.00,2026-08-21,12.5000
BHC,Put,7.00,2026-08-14,0.5500
NUAI,Call,6.00,2026-08-28,0.7250
FPS,Put,35.00,2026-08-21,1.3250
PLTR,Call,135.00,2026-08-14,24.0000
PLTR,Call,150.00,2026-08-14,10.5000
MS,Call,220.00,2026-10-16,12.8250
ORCL,Call,140.00,2026-08-28,11.5000
PINS,Put,21.00,2026-09-18,0.5450
GOOG,Call,375.00,2026-08-07,0.5800
RUN,Call,12.00,2026-08-21,0.5500
AMD,Put,360.00,2026-09-18,5.0500
PLTR,Call,132.00,2026-08-07,26.4250
ANET,Call,190.00,2026-08-07,9.9750
BE,Call,215.00,2026-08-07,22.6500
BA,Put,195.00,2026-08-21,0.2450
PLTR,Call,126.00,2026-08-07,32.6250
CSCO,Call,175.00,2027-01-15,1.9350
ORIC,Call,10.00,2026-11-20,5.3500
CVNA,Put,58.00,2026-08-21,0.3900
SKM,Call,30.00,2026-08-21,5.6000
PLTR,Call,120.00,2026-08-07,38.4500
PLTR,Call,130.00,2026-08-07,28.4000
ORCL,Call,138.00,2026-08-07,7.4750
ORCL,Call,190.00,2026-08-28,0.7600
TSM,Call,400.00,2026-09-18,33.3500
BTDR,Call,11.00,2026-08-07,0.5750
TDC,Call,37.50,2026-10-16,0.1750
MSTR,Call,150.00,2028-12-15,41.7500
TEAM,Call,120.00,2026-08-21,7.2500
GOOGL,Call,362.50,2026-08-07,4.7000
AME,Put,230.00,2026-08-21,0.6000
SNAP,Call,5.00,2026-08-07,0.3500
WHD,Call,70.00,2026-08-21,0.6500
AVGO,Call,410.00,2026-09-18,36.5500
W,Put,87.50,2026-09-18,1.8900
NBIS,Put,160.00,2026-09-18,11.7750
AME,Call,240.00,2026-08-21,17.1000
GFI,Put,35.00,2026-08-21,0.6000
INTC,Call,175.00,2026-08-21,0.0350
VST,Call,195.00,2026-09-18,0.8950
NKE,Call,42.00,2026-08-21,1.5350
BA,Put,205.00,2026-09-18,1.0650
KEY,Put,23.00,2026-08-21,0.4500
SNAP,Call,5.00,2026-08-14,0.4200
PLTR,Call,137.00,2026-08-07,21.5250
PLTR,Call,145.00,2026-08-07,13.6500
U,Call,35.00,2026-08-21,3.4250
FCX,Call,67.00,2026-08-07,2.8500
FSLY,Call,22.00,2026-08-21,5.1000
AXTI,Put,67.00,2026-08-14,6.1000
AAPL,Call,302.50,2026-08-10,9.4750
TEAM,Call,105.00,2026-08-21,14.0500
ASTS,Call,110.00,2026-10-16,3.9750
HL,Call,14.50,2026-08-07,2.0800
CLF,Put,11.50,2026-08-14,0.1350
UCTT,Call,90.00,2026-08-21,4.3500
NVDA,Call,195.00,2026-08-07,24.3500
AMZN,Put,272.50,2026-08-07,3.0750
MSFT,Call,455.00,2026-08-21,35.7000
MRVL,Put,210.00,2026-09-18,26.0250
PLTR,Call,135.00,2026-08-07,23.5750
ORCL,Call,155.00,2026-09-18,10.8500
TOST,Put,15.00,2027-01-15,0.1700
BE,Call,235.00,2026-08-07,10.1500
UMAC,Call,25.00,2026-08-21,3.7500
AFRM,Call,90.00,2026-08-14,0.2550
NVDA,Put,207.50,2026-08-14,1.3750
AMD,Call,495.00,2026-08-07,7.3000
SPCX,Put,75.00,2026-08-21,0.4800
PLTR,Call,128.00,2026-08-07,30.4250
CLW,Call,20.00,2026-10-16,4.0000
PLTR,Call,142.00,2026-08-07,16.6000
LBRT,Call,19.00,2026-08-21,1.3250
AAPL,Call,300.00,2026-08-14,12.5000
XOM,Put,145.00,2026-08-21,1.4900
ZM,Put,80.00,2026-09-18,0.8450
ORCL,Call,144.00,2026-08-07,3.2500
ORCL,Put,90.00,2026-10-16,1.2850
S,Call,20.00,2026-08-14,1.3500
KKR,Call,105.00,2026-12-18,11.5000
RGTI,Call,14.00,2026-08-07,2.7050
HPE,Call,50.00,2026-08-21,5.0750
CCJ,Put,70.00,2026-09-18,0.2500
TSLA,Call,460.00,2026-10-16,2.3500
PLTR,Put,100.00,2028-12-15,17.6000
MSFT,Call,420.00,2027-12-17,123.4750
CRWV,Call,100.00,2027-06-17,27.2250
PCG,Call,24.00,2026-09-18,0.1500
PINS,Call,24.00,2026-08-07,0.2650
TSM,Put,420.00,2026-12-18,46.3750
BAC,Call,62.00,2026-08-14,1.6600
SOFI,Call,18.50,2026-08-14,0.4650
NET,Put,220.00,2026-08-07,0.1950
GME,Call,26.00,2026-09-18,0.1750
ON,Put,80.00,2026-08-07,3.5750
AVGO,Call,410.00,2026-08-07,11.6000
AAPL,Call,305.00,2026-08-14,8.9000
ZETA,Call,25.00,2026-12-18,5.8750
IBM,Put,230.00,2028-12-15,54.5250
PLTR,Call,150.00,2026-08-21,11.7750
RVLV,Put,25.00,2026-08-21,0.9250
QXO,Call,16.00,2026-08-21,0.9750
GAIN,Call,17.50,2026-08-21,0.2250
AAOI,Call,150.00,2026-08-07,4.2000
WULF,Call,31.00,2027-01-15,1.7250
NVDA,Call,190.00,2026-08-14,29.5750
ARM,Put,205.00,2026-08-21,1.3150
GOOGL,Call,325.00,2026-12-18,56.6000
ORCL,Call,150.00,2026-08-07,1.1250
MXL,Call,95.00,2026-08-21,0.7000
MCD,Call,280.00,2026-08-07,0.6250
ORCL,Call,140.00,2026-08-21,9.8000
PLTR,Call,134.00,2026-08-07,24.4250
INTC,Call,125.00,2026-08-21,1.2350
PDD,Put,86.00,2026-08-07,0.1200
NVDA,Call,240.00,2026-08-14,0.4950
BRK.B,Call,515.00,2026-09-18,14.6500
CCL,Call,27.00,2026-09-18,3.4250
NVTS,Call,11.00,2026-08-21,1.9750
OKLO,Put,40.00,2026-12-18,7.4250
MSFT,Call,410.00,2027-12-17,130.0000
HPE,Call,54.00,2026-08-07,1.0050
MSTR,Put,100.00,2026-08-07,3.3000
WHR,Call,40.00,2026-08-21,5.9500
BULL,Call,7.50,2026-08-14,0.2350
WULF,Call,15.00,2026-09-18,4.1750
AMD,Call,"1,120.00",2026-10-16,0.5550
NRG,Call,140.00,2026-08-21,0.6000
AEVA,Call,20.00,2026-08-21,2.0000
NOK,Call,9.50,2026-08-07,0.2650
INTC,Call,100.00,2026-08-14,5.9250
WHR,Call,42.50,2026-08-21,3.9500
USAR,Call,20.00,2026-12-18,3.3250
UAL,Call,130.00,2026-08-21,6.6000
XPEV,Call,42.00,2028-01-21,0.6650
MRVL,Call,330.00,2026-09-18,4.0250
PLTR,Put,150.00,2027-01-15,16.7500
LUMN,Call,5.00,2028-01-21,2.7000
RBLX,Put,45.00,2026-08-21,9.0500
NOW,Call,125.00,2027-01-15,16.3500
PLTR,Call,127.00,2026-08-07,31.7000
NXT,Call,135.00,2026-08-21,0.4250
ET,Call,20.00,2026-08-07,0.3200
MRVL,Call,320.00,2026-08-21,0.5800
PLTR,Call,143.00,2026-08-07,15.7500
BHC,Call,6.00,2026-08-21,0.5000
QBTS,Call,17.00,2026-08-07,4.2000
GIS,Call,37.50,2026-10-16,1.6250
PLTR,Call,127.00,2026-08-21,31.8500
APLD,Call,30.00,2026-08-21,2.5550
BA,Put,210.00,2026-09-18,1.5750
SOFI,Put,16.50,2026-08-28,0.2700
ORCL,Call,140.00,2026-08-07,5.7000
RIVN,Call,22.00,2027-09-17,2.9000
USAR,Call,16.00,2026-08-07,1.4100
NRG,Call,155.00,2026-08-21,0.2500
OKLO,Put,35.00,2026-08-21,0.7600
BRK.B,Put,510.00,2028-01-21,30.0000
FCX,Call,85.00,2026-08-21,0.1150
TSM,Put,360.00,2026-08-21,1.2850
IBM,Call,240.00,2026-08-07,1.5450
PLTR,Call,125.00,2026-08-21,33.9000
VIK,Call,100.00,2026-08-21,10.1000
BKNG,Call,200.00,2026-09-18,13.4000
DDD,Call,3.00,2026-08-21,0.7750
ORCL,Put,130.00,2026-08-21,2.1050
ACHR,Call,5.00,2026-10-16,0.9000
SPCX,Call,165.00,2026-10-16,3.5250
MCD,Put,262.50,2026-08-07,0.1200
GRPN,Call,20.00,2027-01-15,10.4500
CGON,Call,95.00,2027-01-15,6.9500
PLTR,Put,149.00,2026-08-07,0.3600
EYPT,Put,5.00,2026-09-18,1.1500
LKQ,Call,32.50,2026-11-20,0.5250
UMAC,Put,24.00,2026-08-14,1.7750
U,Put,21.00,2027-02-19,1.2000
NVO,Call,45.50,2026-08-14,0.5700
NVCT,Call,30.00,2026-09-18,0.1750
PDD,Put,91.00,2026-08-21,2.4250
TOST,Call,38.50,2026-08-14,0.1500
ITT,Put,185.00,2026-09-18,5.2000
PLTR,Put,148.00,2026-08-07,0.2800
AEHR,Put,100.00,2026-08-14,9.0500
MBGL,Call,22.50,2026-11-20,1.7500
PLTR,Put,155.00,2026-09-04,7.0500
SN,Call,195.00,2026-08-21,2.3250
NRG,Call,125.00,2026-08-07,1.0250
PLTR,Put,170.00,2026-08-07,11.8250
PLTR,Put,145.00,2026-09-11,4.0750
PLTR,Put,143.00,2026-08-14,0.7600
PLTR,Put,148.00,2026-08-14,1.4350
PLTR,Put,147.00,2026-08-07,0.2150
GNRC,Put,180.00,2026-08-28,1.5750
SKHY,Put,124.00,2026-08-14,1.8500
GLW,Call,140.00,2026-09-11,25.0250
SHAK,Call,69.00,2026-08-21,6.7500
VEEV,Call,270.00,2027-06-17,23.4500
AMD,Put,515.00,2026-08-10,38.0500
CPNG,Put,17.50,2026-08-07,1.2450
SKHY,Call,155.00,2026-11-20,32.7000
BW,Call,15.00,2026-09-18,0.3750
WMB,Call,77.00,2026-08-28,0.4750
WSC,Call,27.50,2026-09-18,2.0750
CG,Call,52.50,2026-09-18,1.7000
BSX,Put,46.00,2026-08-14,0.5500
SKHY,Call,250.00,2026-11-20,11.3000
ALAB,Call,407.50,2026-08-07,1.9000
NEE,Call,86.00,2026-08-28,1.9250
NB,Call,5.50,2026-08-07,0.1000
BIDU,Put,111.00,2026-08-21,4.8250
WFC,Call,88.00,2026-09-04,2.8850
ELAN,Put,20.00,2026-08-21,0.1000
IE,Call,10.00,2026-10-16,1.9500
DJT,Call,17.00,2026-10-16,0.3900
SPCX,Call,230.00,2027-03-19,4.9000
NVO,Call,44.00,2026-08-14,1.1650
FBIN,Put,50.00,2026-08-21,1.0000
NN,Call,15.00,2026-08-14,2.1500
PLTR,Put,160.00,2026-08-07,3.7750
SKHY,Call,315.00,2026-10-16,2.8000
IREN,Put,39.50,2026-08-14,3.1250
PDD,Put,90.00,2026-08-28,3.2000
PDD,Put,90.00,2026-09-04,3.7500
TNDM,Put,19.00,2026-08-21,1.7250
WMT,Put,98.00,2026-09-04,0.4900
ROK,Put,390.00,2026-09-18,2.7500
PLTR,Put,152.50,2026-08-07,0.8450
MARA,Call,10.00,2026-09-04,1.9850
ELAN,Put,23.00,2026-08-21,0.2750
PLTR,Put,143.00,2026-08-07,0.1000
RBLX,Put,32.00,2026-08-21,0.5500
FHN,Call,28.00,2026-11-20,0.8750
SKHY,Call,160.00,2026-11-20,30.9000
NVO,Put,37.50,2026-09-18,0.2250
MRVL,Call,257.50,2026-08-07,0.1200
FCX,Put,66.00,2026-08-07,0.2300
DELL,Call,600.00,2026-08-14,0.6200
ZETA,Call,26.50,2026-08-21,2.0150
AMZN,Call,335.00,2026-09-18,0.5750
PLTR,Put,155.00,2026-08-14,3.5500
CORZ,Call,23.50,2026-08-14,0.6550
NVDA,Put,212.50,2026-08-14,2.5300
MSFT,Put,495.00,2026-08-14,13.3250
SGI,Call,70.00,2026-09-18,5.5500
SHOP,Call,131.00,2026-08-21,15.2500
OLED,Call,90.00,2026-09-18,4.1500
EIX,Call,70.00,2026-09-18,4.1000
PACS,Call,35.00,2026-08-21,11.3500
CAKE,Put,105.00,2026-08-21,3.2250
SU,Put,63.00,2026-08-07,0.6000
HST,Put,24.00,2026-09-18,0.5500
BHP,Call,95.00,2026-11-20,4.9000
AAL,Put,17.50,2026-08-07,0.9000
TOST,Call,35.50,2026-08-07,0.3250
PCG,Call,24.00,2026-12-18,0.2950
IIIN,Call,35.00,2026-08-21,0.2500
FLY,Call,25.00,2026-08-07,0.2500
DEI,Call,12.00,2026-08-21,0.2250
MRCY,Call,140.00,2026-08-21,2.3750
AUR,Call,9.00,2027-02-19,0.8000
SHOP,Call,138.00,2026-08-21,10.3750
MRVL,Call,265.00,2026-08-21,2.8650
AMPG,Call,6.00,2026-08-07,0.1750
U,Put,32.00,2026-08-14,1.4900
CC,Call,17.50,2026-08-21,0.1500
CLF,Put,13.00,2026-08-14,0.7200
SHOP,Call,134.00,2026-08-21,13.0250
NOW,Put,95.00,2027-02-19,9.1500
PLTR,Put,150.00,2026-08-07,0.4550
MRVL,Call,212.50,2026-08-21,15.5000
SYM,Put,47.50,2026-08-21,4.3500
MU,Put,505.00,2026-08-14,0.1300
RTX,Call,232.50,2026-08-07,0.1550
PLTR,Put,145.00,2026-08-07,0.1350
BWA,Call,80.00,2026-08-21,0.1750
FLUT,Call,115.00,2026-08-21,0.1500
CRM,Put,190.00,2026-08-28,8.7500
PCG,Call,25.00,2026-12-18,0.2400
CSCO,Put,121.00,2026-08-07,1.2200
ALAB,Call,395.00,2026-08-07,1.5900
ELAN,Call,25.00,2026-08-21,1.9500
SHAK,Call,81.00,2026-08-07,0.2000
GPN,Call,105.00,2026-08-21,0.2250
NRG,Call,155.00,2027-01-15,6.8500
SKHY,Call,200.00,2026-11-20,19.1500
U,Call,36.50,2026-08-07,2.2550
PTRN,Put,22.50,2026-08-21,1.2750
MP,Call,60.00,2026-09-04,1.1800
MRVL,Put,202.50,2026-08-07,3.6750
HPE,Put,42.00,2026-08-28,0.4400
ZETA,Call,27.00,2026-08-07,0.8500
EIX,Call,75.00,2026-09-18,1.6250
INTC,Put,97.00,2026-08-07,1.2350
RIOT,Put,15.50,2026-08-21,0.1800
ON,Call,100.00,2026-08-14,0.1150
PLTR,Call,210.00,2027-02-19,12.0250
MSFT,Call,500.00,2026-08-17,6.1000
ELF,Call,105.00,2026-10-16,5.6000
PLTR,Put,145.00,2026-08-14,0.9550
APP,Call,530.00,2026-08-14,2.8750
RVLV,Call,25.00,2026-09-18,1.8750
INFY,Call,15.00,2026-10-16,0.3000
SPCX,Call,124.00,2026-08-28,5.2250
PLTR,Put,155.00,2026-08-07,1.4850
ELAN,Put,25.00,2026-08-21,0.5000
INTC,Call,108.00,2026-08-07,0.7800
DVA,Call,250.00,2026-10-16,1.1250
CMG,Call,39.00,2026-08-21,0.1400
STX,Call,900.00,2026-10-16,113.2500
KLIC,Put,85.00,2026-08-21,3.3750
NVO,Call,45.00,2026-08-07,0.3400
NVO,Call,46.00,2026-08-21,0.5600
CHWY,Put,23.00,2026-08-14,0.3900
XYZ,Put,78.00,2026-08-07,1.8350
PLTR,Put,155.00,2027-02-19,21.9000
CIFR,Call,18.00,2026-08-28,2.5550
CCL,Put,28.50,2026-08-07,0.0800
ORCL,Call,145.00,2026-09-04,10.3750
MRVL,Call,270.00,2026-08-14,0.8850
AMD,Call,567.50,2026-08-07,0.3200
CLS,Call,385.00,2026-08-14,9.5000
SHOP,Call,141.00,2026-08-21,8.2750
CCL,Put,29.00,2026-08-07,0.1800
ENPH,Call,80.00,2026-12-18,1.6350
PLTR,Put,144.00,2026-08-07,0.1150
NOW,Call,140.00,2027-02-19,13.8000
HSBC,Put,105.00,2026-12-18,7.6000
PRMB,Call,28.00,2026-08-21,0.2000
MTCH,Put,40.00,2026-08-21,2.1750
LKQ,Put,22.50,2026-09-18,0.5250
JCI,Call,160.00,2026-08-21,2.5500
S,Call,21.50,2026-08-07,0.2000
CGON,Call,70.00,2027-01-15,15.7500
CIFR,Put,21.00,2026-08-28,3.6250
GOOGL,Put,365.00,2026-08-10,6.8750
PLTR,Put,165.00,2026-08-07,7.4250
VERA,Put,25.00,2026-08-21,0.8500
PLTR,Put,157.50,2026-08-07,2.4700
CIFR,Call,21.50,2026-08-07,0.1250
PCG,Call,25.00,2026-09-18,0.1200
ASPI,Call,4.50,2026-08-21,0.3000
PLTR,Call,152.50,2026-08-14,8.7000
UEC,Put,10.50,2026-08-07,0.1550
GOOGL,Call,410.00,2026-10-16,7.3250
GRPN,Call,35.00,2026-10-16,2.7750
BKNG,Call,197.50,2026-08-07,9.9500
FLYW,Call,17.50,2026-08-21,1.6500
SKHY,Call,162.50,2026-08-21,9.0000
ARM,Call,350.00,2026-08-14,1.3700
PLTR,Put,146.00,2026-08-07,0.1750
WMT,Put,97.00,2026-08-21,0.2150
B,Call,42.00,2026-08-14,0.9650
TMUS,Call,177.50,2026-08-07,0.5250
LRCX,Call,400.00,2026-08-28,3.8500
NTRA,Put,260.00,2026-08-21,9.2000
ORCL,Call,105.00,2027-03-19,52.2750
TDC,Put,32.50,2026-08-21,6.6500
TXN,Call,287.50,2026-08-07,1.6100
SPCX,Put,89.00,2026-08-07,0.2350
SMMT,Call,15.00,2026-09-18,1.6500
FIS,Call,45.00,2026-08-21,0.7250
CRML,Put,2.50,2027-01-15,0.1250
COHR,Call,345.00,2026-08-07,5.7500
HUT,Call,150.00,2026-08-21,0.3400
NOK,Call,11.00,2026-09-11,0.3900
COHR,Put,240.00,2026-10-16,16.4500
RGTI,Call,27.00,2026-09-18,0.3650
CIFR,Call,30.00,2027-03-19,4.0250
TRMB,Call,65.00,2026-08-21,0.9250
ZETA,Call,30.00,2026-08-07,0.1300
RKT,Call,17.00,2026-11-20,0.8800
PLTR,Call,146.00,2026-08-14,13.7250
ARM,Call,400.00,2026-08-14,0.2250
RKT,Call,17.00,2026-10-16,0.5600
ZETA,Call,24.50,2026-08-21,3.3000
LPG,Call,46.50,2026-08-21,0.8000
AAOI,Call,170.00,2026-08-14,3.6250
HPE,Call,56.00,2026-08-07,0.3450
WEN,Put,10.00,2026-11-20,2.5250
AMZN,Put,235.00,2026-09-11,1.1100
MT,Put,75.00,2026-09-18,4.4500
LITE,Put,800.00,2026-08-07,17.7000
DIS,Call,102.00,2026-08-14,1.8250
ALM,Call,15.00,2026-09-18,1.4500
GOOGL,Call,375.00,2026-09-04,9.1250
U,Call,35.50,2026-08-07,2.7950
TTD,Put,15.50,2026-09-04,0.3250
DVA,Put,210.00,2026-10-16,26.1500
NAVI,Call,10.00,2027-01-15,0.7000
CSCO,Put,117.00,2026-08-21,3.7750
TENX,Put,2.50,2026-10-16,0.6000
MDLN,Put,37.50,2026-08-21,2.3750
AG,Call,17.00,2026-09-18,2.0100
IREN,Put,41.00,2026-08-14,3.9500
MAS,Call,80.00,2026-10-16,3.3000
MSFT,Put,447.50,2026-08-14,0.7800
HUM,Call,450.00,2026-09-18,3.3500
PLTR,Call,190.00,2026-09-04,1.4700
DELL,Put,460.00,2026-09-18,54.6500
TWLO,Call,240.00,2026-08-07,1.3000
MRCY,Call,110.00,2026-08-21,9.2500
INTC,Call,125.00,2026-08-14,0.4750
BG,Put,105.00,2026-10-16,5.0500
PLTR,Call,167.50,2026-08-07,0.5050
PDD,Put,90.00,2026-08-14,1.3700
NB,Call,7.50,2027-02-19,0.9000
KLAC,Put,108.00,2026-08-21,0.2500
QXO,Call,14.00,2026-08-14,2.1250
WFC,Put,89.00,2026-08-07,0.8650
HPE,Call,80.00,2026-09-18,0.8550
PLTR,Call,165.00,2027-03-19,26.4750
ALGM,Call,50.00,2026-09-18,2.1000
MCD,Put,245.00,2026-10-16,2.1950
CLX,Put,95.00,2026-09-18,1.2000
FLEX,Put,120.00,2026-08-21,7.2500
PTON,Put,7.00,2026-08-07,0.6900
ADI,Put,365.00,2026-08-07,2.6500
CPNG,Put,17.00,2026-08-07,0.9900
AMZN,Call,325.00,2027-02-19,13.6500
UEC,Call,11.00,2026-08-14,0.4200
SHAK,Call,70.00,2026-08-07,4.6500
VRT,Put,225.00,2026-08-14,0.7350
RZLT,Call,5.00,2026-10-16,1.3750
MSFT,Put,500.00,2026-08-07,13.5250
LUNR,Put,13.50,2026-08-07,0.2750
CENX,Put,40.00,2027-01-15,5.3000
CRWV,Put,95.00,2026-08-07,6.2500
MARA,Put,9.00,2026-08-28,0.2050
BMY,Put,63.00,2026-08-14,1.0250
AVGO,Put,410.00,2026-08-07,3.7000
MSTR,Call,130.00,2026-10-16,4.6750
AVGO,Put,377.50,2026-08-07,0.1250
NVDA,Put,217.50,2026-08-21,5.9500
RDW,Call,10.00,2026-09-04,1.7750
MAS,Put,70.00,2026-10-16,1.4000
WOLF,Call,30.00,2026-08-14,0.6250
IREN,Put,29.00,2026-08-14,0.2050
EZPW,Call,50.00,2027-03-19,1.1000
SPCX,Put,123.00,2026-08-07,16.0500
MSFT,Put,467.50,2026-08-07,0.5600
NB,Call,5.00,2026-08-07,0.2500
BWA,Call,70.00,2026-08-21,1.6250
KDP,Put,29.00,2026-08-21,0.3750
DKNG,Call,24.50,2026-08-21,0.3600
KO,Call,95.00,2026-09-18,0.3300
PLTR,Call,162.50,2026-08-14,3.5750
PATH,Call,15.00,2026-09-11,1.0150
MRNA,Put,37.00,2027-01-15,2.9300
CMG,Put,36.00,2026-08-21,2.0150
MSFT,Call,615.00,2027-01-15,9.4250
NVDA,Put,210.00,2026-08-10,0.7850
TE,Call,7.00,2026-09-04,0.5750
CIFR,Call,28.00,2026-08-28,0.5000
GSL,Call,46.00,2026-08-21,0.3750
RDDT,Put,160.00,2026-08-14,9.0000
SPCX,Put,124.00,2026-08-07,16.6000
HOOD,Put,93.00,2026-08-21,5.4250
DKNG,Call,28.00,2026-08-28,0.7800
TWLO,Call,215.00,2026-08-07,4.5000
META,Call,632.50,2026-08-07,0.5150
RKLB,Put,52.00,2026-08-07,0.0500
RKT,Call,15.50,2026-08-21,0.1900
SOFI,Put,19.00,2026-08-28,1.3250
PINS,Put,23.50,2026-08-07,0.5150
FLNC,Put,13.00,2026-11-20,2.8750
RIOT,Call,22.50,2026-08-21,1.7350
SPCX,Call,175.00,2027-03-19,9.8500
TSLA,Call,360.00,2026-08-10,0.2150
NEE,Call,86.00,2026-08-14,1.6700
NYT,Put,70.00,2026-08-21,4.9000
ZS,Call,170.00,2026-08-14,2.6650
HNGE,Put,70.00,2026-08-21,0.7750
BBAI,Call,3.00,2026-09-04,0.1850
WPM,Put,95.00,2026-08-21,0.1750
POET,Call,7.50,2026-08-21,1.1350
VLO,Call,380.00,2026-09-18,2.0250
CVNA,Call,73.00,2026-08-07,0.3550
ZETA,Call,24.00,2026-08-21,3.7750
AMD,Call,585.00,2026-08-10,0.4000
TSM,Call,422.50,2026-08-14,7.9000
V,Call,382.50,2026-08-21,1.8300
BTDR,Put,9.00,2026-08-21,0.4500
GS,Put,945.00,2026-08-28,3.8500
C,Call,138.00,2026-08-14,2.4700
MRK,Call,145.00,2026-09-18,0.6600
IOT,Call,41.50,2026-08-07,0.1750
PLTR,Put,150.00,2026-08-14,1.9300
BAX,Call,32.50,2026-11-20,1.3000
VZ,Put,48.00,2026-08-07,1.8950
YETI,Call,55.00,2026-08-21,1.5750
PINS,Put,24.00,2026-08-07,0.8850
WFC,Put,88.00,2026-08-14,1.0700
INTC,Call,117.00,2026-08-07,0.1100
CPNG,Put,16.50,2026-08-07,0.5750
HBM,Call,30.00,2026-09-18,1.0000
ADTN,Call,16.00,2027-01-15,0.3250
CMG,Call,37.00,2026-08-21,0.3750
BX,Put,127.00,2026-08-21,0.9100
CG,Put,42.50,2026-08-21,0.1250
AG,Call,19.00,2026-12-18,2.5650
ASTS,Put,65.00,2026-10-16,9.9750
LVS,Call,47.00,2026-08-07,0.1200
BE,Put,220.00,2026-08-07,4.1500
NTRA,Call,310.00,2026-08-21,4.4500
ECO,Put,55.00,2026-08-21,1.0750
SNAP,Put,6.00,2026-08-07,0.6900
WULF,Put,20.00,2028-01-21,8.0500
RIVN,Call,18.00,2026-10-16,0.8800
VZ,Call,51.00,2026-09-04,0.1600
RTX,Call,230.00,2026-08-07,0.2000
MSFT,Call,495.00,2026-08-17,7.7000
UBER,Put,61.00,2026-08-21,0.1400
PLTR,Put,115.00,2027-02-19,6.4500
HPE,Put,47.00,2026-11-20,5.2250
NMR,Call,10.00,2026-10-16,0.5750
LPG,Call,49.00,2026-08-21,0.4000
EOSE,Call,4.50,2026-09-18,0.4000
QCOM,Put,144.00,2026-08-07,0.1850
SOUN,Put,8.00,2026-08-07,1.7450
WSM,Put,240.00,2026-09-18,11.4000
INTC,Call,110.00,2026-08-10,0.9800
SKHY,Call,180.00,2027-06-17,45.1000
ENPH,Call,60.00,2026-12-18,3.4000
WULF,Put,17.50,2026-08-07,0.3550
ANET,Call,185.00,2026-08-07,13.1750
ON,Put,70.00,2026-09-18,4.3750
KO,Call,86.00,2026-08-07,1.1750
DDOG,Put,240.00,2026-09-18,9.9250
EIX,Call,80.00,2026-09-18,0.8500
SMR,Put,9.00,2026-08-07,0.3100
NTRA,Put,230.00,2026-08-21,2.9000
MRK,Put,127.00,2026-08-07,0.9100
CRM,Call,190.00,2026-08-28,12.3000
SNDK,Put,800.00,2026-08-07,0.2000
TSLA,Call,360.00,2026-08-12,0.5250
POET,Call,8.50,2026-08-21,0.7000
NXT,Put,80.00,2026-08-21,0.6750
U,Call,36.00,2026-08-07,2.4300
AAL,Call,16.00,2026-08-14,0.8950
CRCL,Put,45.00,2026-10-16,2.0050
MSTR,Put,80.00,2027-03-19,13.4500
IE,Call,12.50,2026-08-21,0.2250
CMG,Call,35.00,2026-08-07,0.3150
CMCSA,Call,25.00,2026-08-28,0.7650
ECHO,Call,120.00,2026-12-18,4.2500
VST,Call,155.00,2026-08-07,0.7900
ONDS,Call,11.50,2026-08-14,0.1150
AME,Put,230.00,2026-09-18,2.1500
ECHO,Call,100.00,2026-12-18,8.7000
AZN,Call,155.00,2026-08-21,7.6000
CMG,Put,34.50,2026-08-07,0.5100
HL,Put,15.50,2026-08-21,0.4950
PLTR,Call,165.00,2026-08-14,2.7700
PLTR,Call,157.50,2026-08-07,3.4250
INTC,Put,99.00,2026-08-07,1.9350
ETSY,Put,73.00,2026-08-07,1.4600
CRDO,Put,200.00,2026-08-14,4.7500
QBTS,Put,19.00,2026-08-28,1.1250
GLNG,Put,50.00,2026-08-21,1.9000
NFLX,Put,70.00,2026-08-28,0.8950
BAC,Call,60.00,2026-08-28,3.7500
BAC,Put,62.50,2027-06-17,5.1250
MRVL,Put,135.00,2026-08-28,0.9600
SN,Call,175.00,2026-08-21,11.0000
IBRX,Put,6.50,2026-08-07,0.0500
MRVL,Put,165.00,2026-08-28,4.3250
INTC,Put,98.00,2026-08-21,5.2750
POET,Call,8.00,2026-08-14,0.7450
MCHP,Call,65.00,2026-12-18,19.4000
COGT,Call,60.00,2028-01-21,8.6000
RXO,Call,25.00,2026-08-21,0.3000
W,Put,110.00,2026-09-18,10.3000
SRPT,Call,17.00,2026-08-07,0.4500
INTC,Put,95.00,2026-08-14,2.5950
MOS,Call,24.50,2026-08-21,0.5250
CLMT,Call,50.00,2026-08-21,0.4500
CRWV,Put,82.50,2026-12-18,15.2750
CMG,Call,35.00,2026-08-14,0.7650
TEM,Put,43.00,2026-08-07,0.2500
GME,Call,20.00,2026-09-04,0.4300
VZ,Call,46.50,2026-08-07,0.4250
ALAB,Put,300.00,2026-08-07,4.2000
AMZN,Call,285.00,2026-08-28,4.3250
BABA,Put,126.00,2026-08-07,0.7250
AAPL,Call,317.50,2026-08-10,1.3650
GPN,Put,72.50,2026-08-21,0.4750
CVNA,Call,71.00,2026-08-07,0.8150
PLTR,Call,200.00,2027-03-19,15.7750
DDOG,Call,380.00,2026-09-18,5.8500
CPNG,Put,16.00,2026-08-07,0.2500
ELF,Put,55.00,2026-10-16,1.0800
NBIS,Put,215.00,2026-08-07,7.6250
INOD,Call,70.00,2026-08-07,5.9500
WMT,Put,105.00,2027-03-19,6.0000
PCG,Call,17.50,2026-08-21,0.4900
AMD,Put,330.00,2026-08-14,0.1650
ORCL,Call,170.00,2026-08-14,0.4950
RIOT,Call,23.50,2026-08-07,0.2800
VST,Put,115.00,2026-09-18,1.7700
ORCL,Put,139.00,2026-08-07,1.0050
CIFR,Call,22.00,2026-08-14,0.4850
PLTR,Call,200.00,2026-09-04,0.8100
SKHY,Call,180.00,2026-11-20,24.0000
AVGO,Put,400.00,2026-08-17,6.5500
OKLO,Put,44.00,2026-08-07,2.7100
PLTR,Call,170.00,2026-08-14,1.6000
BWA,Call,67.50,2026-08-21,2.5250
SKHY,Put,123.00,2026-08-14,1.7500
ETSY,Call,100.00,2026-08-07,1.5950
ARM,Put,270.00,2026-10-16,36.7500
CAKE,Put,100.00,2026-08-21,1.6500
PLTR,Call,170.00,2026-08-07,0.3050
PCG,Call,25.00,2027-01-15,0.2700
BBAI,Call,6.00,2027-03-19,0.3600
OPEN,Call,10.00,2027-02-19,0.4150
INTC,Call,104.00,2026-08-07,1.7550
VFC,Call,20.00,2026-11-20,0.5200
INTC,Call,106.00,2026-08-07,1.1950
CSX,Call,55.00,2026-08-21,0.1250
GFS,Call,55.00,2026-08-21,1.3000
MMM,Call,190.00,2026-09-18,3.3000
INTC,Call,112.00,2026-08-14,1.8600
SMR,Call,12.50,2026-08-21,0.1600
BA,Put,235.00,2027-01-15,16.8250
APPS,Put,9.00,2026-08-21,0.1000
JPM,Put,335.00,2026-08-14,0.1550
GOOGL,Put,362.50,2026-08-07,4.6250
RIOT,Put,20.00,2026-08-07,0.2500
AVGO,Put,375.00,2026-08-07,0.1600
QBTS,Call,27.00,2026-09-18,1.2650
WMT,Call,130.00,2027-03-19,4.7750
PG,Call,160.00,2026-10-16,1.5450
PDD,Put,90.00,2026-08-07,0.5200
PANW,Put,300.00,2026-10-16,12.7750
COHR,Put,300.00,2026-08-07,2.6500
GLW,Call,220.00,2026-11-20,10.2750
UPST,Call,30.50,2026-08-07,0.6600
PLTR,Call,175.00,2026-08-07,0.1250
SPCX,Put,122.00,2026-08-07,14.7250
INTC,Put,97.00,2026-08-21,4.8000
SGHC,Call,15.00,2026-08-21,0.0500
USAR,Call,19.00,2026-08-07,0.1350
PLTR,Call,162.50,2026-08-07,1.4300
RDW,Call,12.50,2026-08-07,0.2000
QXO,Put,15.00,2026-08-07,0.1000
FIG,Put,22.00,2026-08-07,0.2200
EYPT,Put,7.50,2026-08-21,1.1750
NOK,Put,10.00,2026-08-14,0.6650
COHR,Call,350.00,2026-09-18,40.4500
WFC,Put,87.00,2026-08-07,0.2000
NKE,Call,43.00,2026-08-28,1.3150
PLTR,Call,175.00,2026-09-04,3.6250
QUBT,Put,9.00,2026-10-16,1.6100
DC,Call,7.50,2027-01-15,0.3250
FIG,Call,29.00,2026-08-07,1.6000
VZ,Put,46.50,2026-08-07,0.4750
CSIQ,Put,15.50,2026-08-07,0.6250
INTC,Put,98.00,2026-08-14,3.7500
ZETA,Call,28.00,2026-08-07,0.3500
CVS,Put,95.00,2026-11-20,4.8000
UPST,Call,31.00,2026-08-07,0.4700
BE,Put,177.50,2026-08-07,0.2050
SPCX,Put,92.00,2026-08-14,1.5100
ALM,Call,17.50,2026-09-18,0.5250
NB,Call,7.50,2026-09-18,0.2250
UBER,Put,66.00,2026-08-07,0.2200
DELL,Put,355.00,2026-08-07,1.0950
BABA,Call,185.00,2026-09-18,0.3950
SPCX,Call,210.00,2026-10-16,1.4100
FWONK,Call,100.00,2026-08-21,1.8250
SOFI,Call,23.00,2026-09-04,0.1050
RKT,Call,16.00,2026-10-16,0.7950
BMNR,Call,18.00,2026-08-14,1.1700
PLTR,Put,140.00,2026-08-14,0.4800
DVN,Put,42.50,2026-08-07,0.7400
AMD,Put,480.00,2026-08-07,11.4750
ARM,Call,310.00,2026-08-14,5.3000
KTOS,Call,52.00,2026-08-07,3.7250
BTDR,Call,14.00,2026-09-18,1.0500
CRWV,Put,90.00,2026-08-07,3.1500
RGTI,Call,23.00,2026-09-18,0.5950
TTMI,Put,130.00,2026-08-21,14.3500
EIX,Put,70.00,2026-09-18,5.0500
BBY,Call,85.00,2026-08-21,2.3250
PLTR,Call,200.00,2026-08-28,0.4750
UBER,Put,71.00,2026-08-07,2.9750
SHAZ,Put,45.00,2026-09-18,3.8500
U,Call,45.00,2027-02-19,4.7000
INSM,Put,90.00,2026-08-21,3.9500
CRWV,Call,95.00,2026-08-21,6.8000
JNJ,Call,265.00,2026-08-21,2.7350
SPCX,Put,120.00,2026-08-07,13.2250
RKT,Call,18.00,2026-12-18,0.8650
UBER,Call,74.00,2026-08-14,0.1750
VZ,Put,47.00,2026-08-21,1.5250
SO,Call,97.50,2026-11-20,2.1250
BA,Call,242.50,2026-08-07,1.7750
LUNR,Call,15.00,2026-09-18,1.9450
DELL,Call,500.00,2026-08-07,2.4250
AMD,Put,560.00,2026-09-18,96.2250
ET,Call,20.50,2026-08-21,0.1450
BMY,Call,75.00,2026-10-16,0.6200
TMUS,Put,175.00,2026-08-07,2.6250
NEE,Call,88.00,2026-08-21,0.8250
ALAB,Call,400.00,2026-08-07,0.3100
MSFT,Call,525.00,2026-08-14,0.8800
PATH,Call,15.50,2026-08-14,0.1800
MSTR,Call,180.00,2027-03-19,8.0000
SOFI,Put,17.50,2026-08-28,0.5700
RKT,Call,18.00,2026-11-20,0.6150
TOST,Put,30.00,2026-08-21,0.1500
VSAT,Call,100.00,2026-08-21,1.8000
LRCX,Call,330.00,2026-10-16,35.2500
VZ,Put,46.00,2026-08-07,0.2550
GOOGL,Put,365.00,2026-08-07,5.9000
BAC,Put,61.00,2026-08-28,0.4700
NFLX,Call,81.00,2026-08-14,0.1600
RKLB,Put,40.00,2026-12-18,2.2500
HOOD,Put,90.00,2026-08-07,0.9250
CSCO,Call,122.00,2026-08-07,1.3450
HPE,Call,60.00,2026-08-28,1.8050
DELL,Call,510.00,2026-08-07,1.4600
AMD,Put,540.00,2026-10-16,92.2250
UEC,Put,15.00,2028-01-21,6.4500
HOOD,Call,96.00,2026-08-21,3.9000
AMD,Put,500.00,2026-08-07,23.8500
GLXY,Put,18.00,2026-08-07,0.1300
NVDA,Call,290.00,2026-10-16,1.4350
PFE,Put,25.00,2026-08-14,0.0950
NVO,Put,40.00,2026-11-20,1.7750
CRWD,Put,205.00,2026-08-07,1.9650
LAC,Call,3.50,2026-09-18,0.2100
GME,Put,19.00,2026-10-16,1.2300
IONQ,Put,35.00,2026-08-14,0.9200
CRCL,Put,45.00,2026-09-18,0.9300
NLY,Put,22.00,2026-08-21,0.1450
WHR,Call,52.50,2026-09-18,1.2750
SOFI,Put,18.50,2026-08-07,0.4400
SRPT,Call,16.50,2026-08-07,0.4750
QUBT,Call,16.00,2026-11-20,0.4850
PSKY,Call,8.50,2026-08-07,0.3000
VZ,Call,47.00,2026-08-07,0.2100
SOFI,Put,18.50,2026-08-21,0.8750
ORCL,Call,100.00,2027-03-19,55.5750
NVO,Put,45.00,2026-11-20,4.0000
XE,Call,20.00,2026-09-18,2.2250
WMB,Call,71.00,2026-08-07,1.3250
PLTR,Call,165.00,2026-08-07,0.8600
MSFT,Call,515.00,2026-08-07,0.2600
OKLO,Call,50.00,2026-08-14,1.0600
BA,Put,230.00,2026-12-18,14.2750
NVDA,Call,220.00,2026-08-10,3.2750
CCL,Call,35.00,2027-03-19,2.4500
STM,Call,110.00,2028-01-21,5.9000
INTC,Put,98.00,2026-08-07,1.5550
SOFI,Call,42.00,2026-12-18,0.1250
BBAI,Call,3.50,2026-09-11,0.1650
NN,Call,14.50,2026-08-07,1.8250
PANW,Put,310.00,2026-08-14,0.7250
FLEX,Call,150.00,2026-08-21,1.1000
GME,Put,19.00,2026-09-18,1.0150
AMD,Call,487.50,2026-08-07,10.0750
CCL,Call,30.00,2026-08-14,0.6550
RIOT,Put,21.00,2026-08-07,0.6100
SBUX,Put,85.00,2026-10-16,0.4700
CPB,Call,23.00,2026-08-07,0.2250
UEC,Call,11.00,2026-09-04,0.8700
LKQ,Call,27.50,2026-11-20,1.4250
HOOD,Put,92.00,2026-08-07,1.6700
UEC,Call,12.00,2026-08-21,0.3000
NVDA,Put,207.50,2026-08-10,0.5150
RKLB,Call,85.00,2026-08-07,0.1900
ZETA,Call,24.50,2026-08-07,2.7400
T,Put,23.50,2026-08-07,0.5550
TOST,Call,40.00,2026-08-21,0.1650
INTC,Call,111.00,2026-08-07,0.4250
C,Call,138.00,2026-08-07,1.1900
GFS,Put,40.00,2026-08-21,0.3500
JPM,Put,345.00,2026-08-07,0.1100
NVDA,Call,232.50,2026-08-14,1.2550
MSFT,Call,505.00,2026-09-18,13.3500
AAL,Call,18.00,2026-08-21,0.2200
SPCX,Call,124.00,2026-08-07,1.0200
SPCX,Call,147.00,2026-08-07,0.1900
ARM,Call,330.00,2026-09-18,15.1500
MNST,Call,110.00,2027-01-15,3.0250
DJT,Call,15.00,2026-11-20,0.9000
DIS,Call,100.00,2026-08-07,2.1750
WMT,Call,122.00,2026-08-21,0.7500
AVGO,Put,360.00,2026-08-28,2.9400
SPCX,Call,126.00,2026-08-21,3.7750
NVDA,Call,222.50,2026-08-14,3.9500
IMAX,Call,50.00,2026-09-18,3.6000
GPN,Put,65.00,2026-08-21,0.1500
ANET,Put,175.00,2026-08-07,0.2250
AMAT,Call,630.00,2026-09-18,30.3500
SMR,Call,11.50,2026-08-21,0.2550
AG,Call,16.50,2026-08-21,1.5850
VELO,Call,17.50,2026-08-21,0.4000
GEHC,Call,75.00,2026-08-21,1.0250
POET,Put,8.50,2026-08-14,0.8850
DDOG,Put,220.00,2026-08-14,1.7200
AAOI,Call,170.00,2026-08-07,1.6000
SPCX,Put,114.00,2026-08-07,8.6000
NVDA,Put,205.00,2026-08-14,1.0000
AMD,Call,505.00,2026-08-07,4.6250
SPCX,Put,70.00,2026-08-14,0.1050
BKNG,Put,190.00,2026-08-07,0.1000
CIFR,Put,17.00,2026-08-07,0.1700
GLW,Call,240.00,2027-01-15,12.1250
CVNA,Put,58.00,2026-11-20,4.5500
PLTR,Call,190.00,2026-08-28,0.9250
FCX,Put,70.00,2026-09-18,5.2250
CRCL,Put,61.00,2026-08-07,0.9900
EOSE,Call,3.50,2026-08-21,0.6400
BULL,Call,8.00,2026-08-21,0.2150
AMZN,Put,270.00,2026-08-14,4.2750
CVX,Call,197.50,2026-08-21,0.8400
TSM,Call,440.00,2026-08-28,8.7000
SKHY,Put,150.00,2026-08-07,5.4500
ONDS,Put,6.50,2026-08-28,0.1450
AAPL,Call,305.00,2026-08-10,7.2250
JNJ,Call,230.00,2026-10-16,31.6750
QBTS,Call,21.00,2026-08-21,2.0450
BMY,Put,63.00,2026-08-21,1.1250
SPCX,Call,143.00,2026-08-07,0.2350
MDT,Call,88.00,2026-08-21,0.7250
PLTR,Call,195.00,2026-10-16,4.1000
SNAP,Put,5.50,2026-08-14,0.2950
PLTR,Call,240.00,2026-10-16,0.9450
COGT,Call,50.00,2026-08-21,0.6000
TGB,Call,8.00,2026-08-21,0.6250
MSFT,Call,780.00,2027-01-15,0.9700
CVNA,Call,90.00,2026-09-04,0.3800
SMCI,Call,49.00,2026-12-18,2.6300
MSFT,Put,500.00,2026-08-21,19.6000
NKLR,Call,7.50,2026-09-18,0.4250
SNDK,Put,"1,300.00",2026-08-07,59.2000
RIVN,Put,15.00,2026-10-16,1.2900
HIMS,Call,50.00,2026-10-16,1.3050
NVO,Call,55.00,2026-11-20,1.0050
NVDA,Put,202.50,2026-08-14,0.7300
SPCX,Put,65.00,2026-08-21,0.1750
SPCX,Put,119.00,2026-08-07,12.3750
ARE,Put,50.00,2026-08-21,1.4750
QBTS,Call,22.00,2026-08-14,1.2350
V,Put,365.00,2026-09-18,8.7500
BHP,Put,85.00,2026-09-18,3.2500
Z,Call,42.50,2026-08-21,0.8500
AAPL,Call,320.00,2026-08-10,0.9050
ON,Put,72.00,2026-08-07,0.3500
SNAP,Put,5.50,2026-08-07,0.2200
FLY,Call,40.00,2026-09-18,0.5000
RDW,Call,13.00,2026-08-07,0.1250
SPCX,Call,100.00,2026-12-18,24.7250
NFLX,Call,80.00,2026-11-20,4.6500
PINS,Put,24.00,2026-09-18,1.9000
SYF,Call,82.50,2026-08-21,0.8250
INTC,Call,119.00,2026-08-14,0.9100
UBER,Put,67.00,2026-08-07,0.4500
FCX,Call,75.00,2026-09-18,3.0750
CRWV,Call,120.00,2026-08-14,0.8900
SHOP,Put,100.00,2026-10-16,0.8650
BAC,Call,75.00,2026-10-16,0.1300
MU,Put,755.00,2026-08-07,1.4900
SHOP,Call,125.00,2026-08-07,19.4750
NVDA,Call,215.00,2026-08-10,6.1750
ZBH,Call,105.00,2026-08-21,0.3750
INTC,Call,101.00,2026-08-14,5.4250
IREN,Call,65.00,2026-08-28,0.3950
TGT,Put,120.00,2026-10-16,1.2100
UEC,Call,11.00,2026-08-07,0.1450
SPCX,Put,106.00,2026-08-07,3.8250
NB,Call,7.50,2026-11-20,0.5500
V,Call,365.00,2026-09-18,13.1750
ORCL,Call,155.00,2026-08-14,2.2150
WFC,Put,85.00,2026-11-20,3.2250
TMC,Call,4.50,2026-08-14,0.1050
BKNG,Call,200.00,2026-08-07,8.6000
AAPL,Call,297.50,2026-08-07,13.7750
EIX,Put,67.50,2026-09-18,3.2500
DKNG,Put,24.00,2026-08-07,2.4500
POET,Call,8.50,2026-08-14,0.5100
TOST,Call,36.00,2026-08-07,0.2450
NVTS,Call,44.00,2027-01-15,0.4850
SPCX,Put,97.00,2026-08-07,1.0150
SPCX,Call,145.00,2026-10-16,5.9250
HOOD,Put,70.00,2026-11-20,4.1500
MSFT,Call,530.00,2027-01-15,27.7250
INTC,Call,110.00,2026-08-07,0.5000
MSFT,Call,545.00,2026-08-21,0.6200
AMZN,Call,370.00,2027-02-19,6.2250
CRWD,Put,200.00,2026-08-07,0.8650
ADBE,Put,240.00,2026-08-07,0.3050
GME,Put,18.00,2026-08-14,0.1000
OPEN,Call,4.50,2026-08-28,0.1100
AAPL,Put,307.50,2026-08-07,1.4550
GOOGL,Call,395.00,2026-08-14,0.7200
SPCX,Put,94.00,2026-08-07,0.5900
SYY,Call,85.00,2026-08-21,1.1750
TE,Put,7.00,2026-10-16,2.5000
ARM,Call,290.00,2026-08-14,9.9500
GPN,Put,85.00,2026-08-21,1.9500
BA,Put,190.00,2026-12-18,3.3200
APLD,Call,31.00,2026-08-07,0.5350
SPCX,Call,100.00,2026-08-14,11.9500
AMZN,Call,360.00,2027-12-17,26.1250
BAC,Put,63.00,2026-08-07,0.2750
SKHY,Call,250.00,2026-12-18,14.0500
CIFR,Call,30.00,2026-08-21,0.1450
ABT,Put,97.50,2026-09-18,1.1500
TDOC,Call,7.00,2026-10-16,0.7400
SHOP,Put,120.00,2026-08-07,0.1150
GOOGL,Call,425.00,2026-09-18,2.0000
EOSE,Call,4.50,2026-08-14,0.1150
PFE,Call,26.00,2026-09-04,0.5200
QXO,Call,17.00,2026-10-16,1.5500
HPE,Call,55.00,2026-08-14,1.7700
NVDA,Call,222.50,2026-08-07,1.5200
CPNG,Put,14.00,2026-08-21,0.1850
MSFT,Put,460.00,2026-08-10,0.5900
RDW,Call,12.00,2026-08-07,0.3000
GPN,Call,90.00,2026-09-18,3.9500
LCID,Put,7.50,2026-08-07,0.8750
UBER,Put,63.00,2026-08-21,0.3400
AMD,Call,530.00,2026-08-14,7.4000
UEC,Call,14.00,2026-09-18,0.3100
NVDA,Call,207.50,2026-08-14,13.3500
AMD,Call,555.00,2026-08-07,0.3700
AEO,Call,17.50,2026-08-21,0.8650
QCOM,Put,160.00,2026-11-20,20.2750
AAPL,Call,315.00,2026-08-10,2.0050
LUNR,Call,27.00,2027-01-15,1.7600
JOBY,Call,9.00,2026-11-20,0.9800
SOFI,Put,18.00,2026-08-07,0.1750
TE,Call,8.00,2027-01-15,1.4250
AMD,Put,290.00,2027-03-19,16.7500
AMLX,Call,25.00,2026-09-18,4.6500
V,Call,380.00,2026-08-14,1.2500
ALAB,Put,200.00,2026-08-21,0.7350
MOS,Call,22.00,2026-08-07,1.6250
NVO,Put,46.00,2026-08-07,1.5800
CIFR,Call,22.00,2026-08-21,0.8500
ADBE,Put,205.00,2026-09-18,2.5350
PLTR,Put,160.00,2026-08-21,7.4250
XYZ,Put,77.50,2026-08-21,2.0800
SHAK,Call,70.00,2026-09-18,7.2500
GLW,Call,380.00,2026-09-18,0.2500
CSCO,Put,95.00,2026-09-18,0.5750
GLW,Call,170.00,2026-08-14,3.3750
NVO,Put,44.00,2026-08-07,0.3300
AAOI,Call,200.00,2026-08-21,2.6000
MRVL,Call,255.00,2026-08-21,4.2500
MSFT,Call,495.00,2026-08-14,6.6250
MSFT,Put,455.00,2026-09-18,7.6000
BABA,Put,121.00,2026-08-21,1.7450
HPE,Put,46.00,2026-08-28,1.1000
MARA,Put,10.50,2026-08-21,0.5500
LITE,Call,900.00,2026-08-07,7.8000
JOBY,Call,7.50,2026-08-14,0.6850
XPEV,Call,11.00,2027-01-15,2.4500
NVDA,Put,210.00,2026-08-14,1.8750
ORCL,Call,175.00,2026-11-20,11.3500
WMT,Call,116.00,2026-08-07,0.1100
HPE,Call,48.00,2026-08-21,6.5250
CCL,Call,29.50,2026-08-07,0.4700
CSCO,Put,80.00,2026-12-18,0.7150
SNAP,Call,6.00,2026-08-28,0.1100
PLTR,Call,175.00,2026-08-28,2.7100
PLTR,Call,157.50,2026-08-14,5.7500
ZETA,Call,25.00,2026-08-07,2.2900
RBLX,Call,40.00,2026-10-16,2.9600
TE,Put,5.00,2026-08-07,0.1500
MU,Call,780.00,2026-10-16,196.2250
AMD,Call,600.00,2026-11-20,37.6000
BKNG,Call,195.00,2026-08-07,12.3000
GOOG,Call,405.00,2027-01-15,19.7750
POET,Call,9.00,2026-08-28,0.6300
NVO,Put,43.50,2026-08-14,0.5550
SPCX,Call,150.00,2027-01-15,10.7250
UBER,Put,72.00,2026-08-07,3.7500
QCOM,Call,152.50,2026-08-21,10.2250
NVTS,Put,8.00,2026-09-18,0.2750
SHOP,Call,150.00,2026-08-07,1.2250
FISV,Put,52.00,2026-08-07,1.3250
PLTR,Call,190.00,2026-08-14,0.2100
KMB,Call,109.00,2026-08-07,3.4750
DDOG,Put,220.00,2026-08-07,1.1900
SPCX,Put,85.00,2026-08-07,0.1300
CRWV,Call,200.00,2026-11-20,2.2450
RUN,Call,14.00,2027-01-15,1.6150
NOK,Call,12.00,2026-11-20,0.7850
OPEN,Call,7.00,2027-02-19,0.3350
ADBE,Put,250.00,2026-08-07,1.4750
NVDA,Call,232.50,2026-08-07,0.1650
MSFT,Call,585.00,2026-12-18,11.2500
PLTR,Call,160.00,2026-08-14,4.5250
AMZN,Put,250.00,2026-08-14,0.4300
TSM,Call,480.00,2026-09-18,6.5500
NU,Call,16.50,2026-08-21,0.1050
T,Put,23.00,2026-08-14,0.3750
INTC,Call,155.00,2028-01-21,27.0250
TSM,Put,410.00,2026-08-07,4.2500
AMZN,Call,410.00,2027-12-17,17.0000
BABA,Call,200.00,2028-06-16,16.0750
FISV,Put,50.00,2026-08-07,0.8500
SPCX,Call,131.00,2026-08-07,0.5350
CLSK,Call,17.00,2026-08-21,0.3350
MSFT,Call,510.00,2026-09-18,11.6250
LOW,Call,210.00,2026-09-18,16.9500
RDDT,Put,145.00,2026-08-07,0.4050
WMT,Call,118.00,2026-08-21,1.4500
CLOV,Put,4.00,2026-08-14,0.1950
KTOS,Call,60.00,2026-08-07,0.2500
QXO,Put,14.00,2026-08-21,0.3250
PRCT,Call,22.50,2026-08-21,0.2250
NOW,Put,120.00,2026-10-16,13.2750
TOST,Call,35.00,2026-08-07,0.5200
AMZN,Put,140.00,2028-06-16,4.5500
SPCX,Put,139.00,2026-08-07,31.0750
GOOGL,Call,525.00,2027-01-15,3.7200
SPCX,Call,135.00,2026-08-14,1.3750
BTDR,Call,19.00,2026-09-18,0.3500
PANW,Put,220.00,2026-08-21,0.1550
AMZN,Put,257.50,2026-08-14,1.0000
NFLX,Call,72.00,2026-08-14,3.0300
SHAK,Put,60.00,2026-09-18,0.7750
SHEL,Put,87.50,2026-09-18,2.8750
VVX,Call,90.00,2026-08-21,0.4000
BAC,Call,65.00,2026-08-14,0.2250
CMG,Put,34.00,2026-08-07,0.3300
CRWV,Put,84.00,2026-08-07,0.9200
PLTR,Call,170.00,2026-08-28,3.8750
CRCL,Call,75.00,2026-08-07,0.1200
CVNA,Call,72.00,2026-08-07,0.5450
TSEM,Call,300.00,2026-09-18,5.8000
INTC,Call,140.00,2027-12-17,28.0500
TSSI,Call,15.00,2026-08-21,0.5500
SPCX,Call,139.00,2026-08-07,0.2950
FCX,Call,85.00,2026-11-20,3.4000
BN,Call,45.00,2026-10-16,2.1000
CIFR,Put,21.00,2026-08-07,2.3550
MSTR,Call,100.00,2026-08-14,3.8000
PYPL,Call,57.00,2026-08-07,1.2800
PLTR,Put,160.00,2028-01-21,38.6750
TSLA,Call,340.00,2026-08-10,1.0400
UPS,Put,105.00,2026-08-07,0.1600
MSFT,Put,490.00,2026-08-07,6.7250
APP,Call,500.00,2026-08-07,3.7000
SPCX,Put,104.00,2026-08-07,2.9650
IREN,Put,39.50,2026-08-07,1.8600
AAPL,Put,315.00,2026-08-07,5.2500
SMCI,Call,28.50,2026-08-21,3.8500
QBTS,Call,24.00,2026-08-07,0.3050
OXY,Put,50.00,2026-10-16,1.5900
SPCX,Put,70.00,2026-11-20,3.1750
JPM,Put,347.50,2026-08-07,0.1950
AMD,Put,470.00,2026-08-07,7.1750
CRWV,Call,110.00,2026-08-14,1.9250
MU,Call,885.00,2026-08-07,35.1750
NVDA,Call,215.00,2026-08-17,8.2750
NYT,Put,75.00,2026-08-21,10.0500
ADI,Put,360.00,2026-08-07,1.6250
FCX,Put,60.00,2027-03-19,5.9750
QXO,Call,18.00,2026-11-20,1.6250
TSLA,Call,340.00,2026-08-14,2.9350
TSM,Put,420.00,2026-08-14,14.5750
AVGO,Call,530.00,2026-09-18,4.9750
MSFT,Put,480.00,2026-08-21,8.8000
VALE,Call,13.00,2026-12-18,2.2100
DT,Put,45.00,2026-08-21,0.2750
SPCX,Call,145.00,2026-08-07,0.2150
MRK,Call,132.00,2026-08-07,0.4400
DIS,Call,105.00,2026-08-07,0.1600
CRSP,Call,80.00,2027-01-15,2.4000
FLNC,Call,17.00,2028-01-21,7.4500
GPN,Call,90.00,2026-08-21,1.9000
INTC,Put,88.00,2026-08-21,1.9100
PLOW,Call,50.00,2026-08-21,0.2750
KOPN,Call,5.00,2026-10-16,0.3500
GOOGL,Put,340.00,2026-08-14,1.3750
CLBK,Put,10.00,2026-10-16,0.2500
MU,Call,950.00,2026-08-14,30.4500
CRWD,Call,217.50,2026-08-07,1.4450
CVNA,Call,70.00,2026-09-18,5.6750
ORCL,Call,145.00,2026-11-20,21.2750
HL,Call,15.50,2026-08-07,1.0850
NVDA,Call,210.00,2026-08-10,9.8750
HAS,Call,90.00,2026-08-21,3.0500
DIS,Put,75.00,2027-01-15,0.6600
PCG,Call,20.00,2027-06-17,1.2850
APLD,Call,33.50,2026-08-07,0.0950
NVDA,Call,215.00,2026-08-14,7.8250
ORCL,Put,125.00,2026-08-14,0.5350
WBD,Call,30.00,2028-12-15,1.0300
PINS,Put,22.50,2026-08-07,0.1700
AAPL,Put,305.00,2026-08-07,0.8400
XYZ,Put,115.00,2028-12-15,41.5500
STLA,Call,6.00,2026-09-18,0.2500
XYZ,Call,115.00,2028-12-15,18.9250
MSFT,Put,500.00,2026-11-20,38.7500
CLW,Call,25.00,2026-08-21,0.3750
CRWV,Call,240.00,2027-01-15,2.5550
OXY,Put,55.00,2026-10-16,3.9000
RDDT,Put,150.00,2026-08-21,5.5750
QCOM,Call,190.00,2026-10-16,6.1000
RDDT,Call,165.00,2026-08-07,0.6400
PLTR,Call,175.00,2026-08-14,0.9300
SN,Put,155.00,2026-08-21,0.5500
XOM,Call,175.00,2026-09-18,0.5500
PLTR,Call,180.00,2026-08-14,0.5250
ASTS,Call,85.00,2026-08-14,1.3400
UPS,Call,110.00,2026-08-07,0.2350
MARA,Put,10.00,2026-08-21,0.3500
BB,Put,10.00,2026-09-18,1.5950
SPCX,Call,148.00,2026-08-07,0.1850
BIDU,Put,101.00,2026-08-21,1.4350
DIS,Call,103.00,2026-08-07,0.5650
NVO,Call,42.50,2026-10-16,3.7500
SPCX,Call,144.00,2026-08-07,0.2200
HPQ,Call,28.00,2026-08-07,0.7950
UBER,Call,75.00,2026-08-14,0.1300
ANET,Call,210.00,2026-08-07,1.1450
ORCL,Call,162.50,2026-08-07,0.0900
AVGO,Call,450.00,2026-08-07,0.3550
SMCI,Call,50.00,2027-06-17,5.8750
PLTR,Call,180.00,2026-08-28,1.8900
NVDA,Put,195.00,2026-08-10,0.1000
HD,Put,295.00,2026-08-21,0.2850
HIMS,Call,33.00,2026-08-14,2.0550
FCX,Call,70.00,2026-08-07,1.0100
WBD,Put,26.00,2026-08-07,0.2650
META,Call,620.00,2026-08-07,1.1000
CRWV,Put,93.00,2026-08-07,4.9750
ORCL,Put,145.00,2026-08-07,3.3750
CLSK,Call,18.00,2026-08-28,0.3900
NBIS,Put,210.00,2026-08-07,5.6500
CDE,Call,17.50,2026-08-28,1.3000
BETA,Call,22.50,2026-08-21,1.4750
ARM,Call,300.00,2026-08-07,1.6550
DDOG,Call,280.00,2026-09-18,31.6500
WMT,Call,112.00,2026-08-14,2.1500
IBM,Put,220.00,2026-10-16,9.4250
CRWV,Call,100.00,2026-08-14,3.8750
SPCX,Put,110.00,2026-08-28,11.3000
BX,Put,115.00,2026-11-20,3.2000
CIFR,Call,22.00,2026-08-07,0.1050
OWL,Call,11.50,2026-08-14,0.3500
BIDU,Put,101.00,2026-08-14,0.3700
TMDX,Call,90.00,2026-08-21,0.6500
SPCX,Call,138.00,2026-08-07,0.3100
CORZ,Put,23.00,2026-08-21,2.3000
RXT,Call,7.00,2026-09-18,0.4000
NVDA,Call,212.50,2026-08-12,8.7750
FLUT,Put,95.00,2026-08-21,5.5000
SNDK,Call,"1,450.00",2026-08-07,46.1500
HPE,Call,57.00,2026-08-07,0.2600
ORCL,Call,152.50,2026-08-07,0.6750
MU,Call,"1,100.00",2026-08-14,6.0250
ECHO,Call,95.00,2026-08-21,1.7750
NFLX,Call,69.00,2026-08-14,5.0500
FCX,Call,68.00,2026-08-07,2.1400
NEE,Put,85.00,2026-08-21,1.1400
BULL,Call,7.50,2026-08-07,0.1350
MU,Call,890.00,2026-08-07,32.0500
B,Call,40.00,2026-08-14,2.1050
NVTS,Call,15.00,2026-08-14,0.2250
F,Call,14.50,2026-08-14,0.1300
CRWV,Call,105.00,2026-08-07,0.1700
TE,Call,7.00,2026-10-16,1.0000
ANET,Call,200.00,2026-08-07,3.8250
AAPL,Put,340.00,2026-09-18,30.7750
OKLO,Put,35.00,2026-09-18,1.9050
LITE,Put,680.00,2026-08-07,1.3750
DOW,Put,28.50,2026-08-14,0.3450
TSLA,Put,330.00,2026-08-07,10.0750
TSCO,Put,30.00,2026-12-18,1.7500
TSM,Put,382.50,2026-08-07,0.2350
MRVL,Call,200.00,2026-08-14,18.7250
TCOM,Put,45.00,2026-08-21,0.9250
MSFT,Call,510.00,2026-08-07,0.3800
LUMN,Call,11.00,2026-10-16,0.1000
NVDA,Call,225.00,2026-08-10,1.5000
NU,Call,15.00,2026-11-20,1.3300
VRT,Call,275.00,2026-08-07,9.4500
CORZ,Call,31.00,2026-09-11,0.3450
HL,Put,27.00,2028-01-21,11.9000
SPCX,Call,126.00,2026-08-07,0.8400
AMD,Put,440.00,2028-01-21,114.1250
RKLB,Call,135.00,2028-01-21,19.9750
MDT,Call,88.00,2026-08-14,0.7300
SOFI,Call,20.50,2026-08-21,0.1450
META,Call,610.00,2026-08-07,2.1750
BABA,Put,125.00,2026-08-07,0.4650
APLD,Call,40.00,2026-08-14,0.1100
FCX,Put,45.00,2026-11-20,0.5300
PLTR,Call,140.00,2026-08-28,20.4500
PLTR,Call,147.00,2026-08-07,11.7000
UNH,Call,440.00,2026-08-14,0.7950
FCX,Call,80.00,2027-03-19,8.0750
SPCX,Put,112.00,2026-08-07,7.2000
NOK,Call,12.00,2026-09-04,0.1700
DKNG,Call,24.50,2026-08-07,0.2150
GLW,Call,170.00,2026-08-21,5.4000
RIVN,Call,18.00,2026-08-21,0.1250
NKE,Call,42.00,2026-08-07,0.7550
KO,Call,82.50,2026-11-20,6.9250
RBLX,Call,50.00,2026-11-20,2.0100
RDDT,Put,150.00,2026-08-07,1.2750
KTOS,Call,50.00,2026-11-20,12.3500
WFC,Call,89.00,2026-08-07,0.7500
TSLA,Put,270.00,2028-01-21,40.6000
SMCI,Put,30.00,2026-08-07,0.6900
UBER,Put,65.00,2026-08-07,0.1000
SPCX,Put,125.00,2026-08-07,17.8000
NVDA,Call,250.00,2027-02-19,16.6750
F,Put,13.50,2026-08-14,0.1050
ORCL,Put,105.00,2026-09-18,1.8000
U,Call,40.00,2026-08-07,1.1050
UBER,Put,68.00,2026-08-07,0.8200
SPCX,Call,135.00,2026-08-21,2.4200
WMB,Put,64.00,2026-09-11,0.4000
FLUT,Call,120.00,2026-08-21,0.1500
OPEN,Call,4.00,2026-08-14,0.1000
QCOM,Call,165.00,2026-08-07,0.7300
AAPL,Call,300.00,2026-08-07,11.3500
SOFI,Put,19.00,2026-08-07,0.8350
WYNN,Call,115.00,2026-08-21,0.3450
ICE,Put,152.50,2026-08-21,5.3000
FLUT,Put,100.00,2026-08-21,9.0500
NFLX,Call,74.00,2026-09-18,3.9250
HL,Call,18.00,2026-09-18,1.0350
TSM,Put,380.00,2026-08-07,0.1900
TSLA,Call,350.00,2026-08-14,1.5650
CAT,Call,"1,100.00",2026-09-18,4.7500
XOM,Call,155.00,2026-11-20,8.0500
BKNG,Call,215.00,2026-08-07,0.7750
MU,Put,890.00,2026-08-07,29.1250
FRO,Put,32.00,2027-01-15,3.1000
TSLA,Call,335.00,2026-08-10,1.7050
SPCX,Put,80.00,2026-09-18,2.4200
AAPL,Call,307.50,2026-08-10,5.6000
UPST,Call,42.50,2026-09-18,0.3800
ARM,Call,400.00,2026-08-21,1.0650
SOFI,Put,17.00,2026-08-14,0.1350
CRWV,Put,90.00,2026-09-18,12.4000
JBLU,Call,6.50,2026-08-21,0.2650
PEP,Call,140.00,2026-08-07,0.7650
SPCX,Call,150.00,2028-06-16,31.4000
HPE,Put,35.00,2026-09-18,0.5250
NVDA,Call,212.50,2026-08-10,7.9500
GME,Put,13.00,2028-01-21,1.7200
CMG,Call,36.00,2026-08-07,0.1100
RKLB,Put,70.00,2026-08-07,0.5850
AMZN,Call,277.50,2026-08-07,1.3950
RKLB,Call,150.00,2026-12-18,3.8000
ON,Call,100.00,2026-08-21,0.3050
PGY,Put,21.00,2026-08-21,0.9000
ONDS,Put,8.50,2026-08-07,0.1300
C,Put,115.00,2026-10-16,1.0650
AG,Call,16.50,2026-08-07,1.2150
JNJ,Call,260.00,2026-08-07,1.3150
NVDA,Call,232.50,2026-08-21,2.4550
BIDU,Put,85.00,2026-09-18,0.6450
VST,Call,170.00,2026-08-14,0.4150
NVO,Call,55.00,2027-03-19,2.5650
CMG,Put,33.00,2026-08-07,0.0950
TSLA,Call,335.00,2026-09-18,14.3250
AMZN,Put,275.00,2026-08-21,8.3250
DT,Put,42.50,2026-08-21,0.2500
ASPI,Call,4.00,2026-08-21,0.4500
B,Call,39.00,2026-08-07,2.1350
CSGP,Put,25.00,2026-12-18,1.6500
AAPL,Call,335.00,2026-08-28,1.4600
NVDA,Call,220.00,2026-08-12,4.2250
AMZN,Put,262.50,2026-08-07,0.4300
PLTR,Put,155.00,2027-01-15,19.3000
HOOD,Put,80.00,2026-08-14,0.4400
SKHY,Put,100.00,2026-08-14,0.2500
SANM,Call,220.00,2026-08-21,6.4500
CDE,Call,16.00,2026-08-14,1.8250
OKTA,Call,150.00,2026-08-07,1.6400
KHC,Put,25.00,2028-01-21,3.2250
AAPL,Call,312.50,2026-08-07,2.2400
SPCX,Call,450.00,2026-11-20,0.3900
PATH,Call,35.00,2027-01-15,0.2400
META,Call,700.00,2026-08-28,1.6900
COIN,Put,130.00,2026-11-20,12.8000
BA,Put,195.00,2027-01-15,5.2500
SPCX,Put,100.00,2027-03-19,18.9250
JPM,Call,365.00,2026-08-21,4.0000
FLUT,Put,105.00,2026-08-21,13.3500
XOM,Put,152.50,2026-08-07,2.0300
IBM,Call,235.00,2026-08-14,5.7000
SPCX,Put,90.00,2026-08-07,0.2950
GPN,Call,95.00,2026-08-21,0.7750
ALAB,Put,320.00,2026-08-07,12.0250
DASH,Call,210.00,2026-08-07,9.5000
SKHY,Put,135.00,2026-08-21,6.2500
SMCI,Call,45.00,2026-08-14,0.1800
ANET,Call,240.00,2026-09-18,4.6000
MRVL,Call,440.00,2026-11-20,5.1250
BA,Put,230.00,2026-08-07,0.2750
NVDA,Put,207.50,2026-08-07,0.2350
TXG,Call,50.00,2026-08-21,3.2500
SNDK,Put,"1,100.00",2026-08-07,8.4000
SHOP,Call,140.00,2026-08-07,5.7000
COMP,Put,11.00,2026-08-21,0.2000
UNH,Put,390.00,2026-08-21,2.2200
AG,Call,17.00,2026-08-07,0.7900
DKNG,Call,24.00,2026-08-07,0.2950
ON,Call,95.00,2026-08-07,0.0500
COST,Put,630.00,2026-09-11,0.7100
SOFI,Call,21.00,2026-09-04,0.2700
AMD,Call,700.00,2026-12-18,27.8000
CMG,Call,36.00,2026-08-14,0.4350
KD,Put,12.00,2026-09-18,0.3750
AMZN,Call,320.00,2026-09-18,1.3250
SHEL,Put,87.50,2026-10-16,3.6000
UPST,Put,25.00,2026-08-21,0.2600
DIS,Call,99.00,2026-08-07,3.0550
TE,Call,6.00,2026-08-07,0.2000
MSFT,Call,550.00,2026-11-20,14.8250
ORCL,Call,162.50,2026-08-14,1.0500
CIFR,Put,14.00,2026-11-20,2.0350
TOST,Put,30.00,2026-12-18,1.9300
ONDS,Put,7.00,2026-08-14,0.1050
NVDA,Call,270.00,2026-09-04,0.7450
CLF,Call,12.00,2026-08-14,0.9650
KTOS,Call,70.00,2026-11-20,4.2000
PURR,Call,7.00,2026-09-18,0.8000
MSTR,Call,110.00,2026-08-14,1.1650
TENX,Put,15.00,2026-08-21,7.0500
TSM,Call,660.00,2028-01-21,41.0750
HOOD,Put,91.00,2026-08-07,1.2550
C,Call,145.00,2026-12-18,7.7250
GOOGL,Call,385.00,2026-08-07,0.2050
NFLX,Call,75.00,2026-08-07,0.5600
SPCX,Put,70.00,2026-09-18,1.0650
COST,Put,890.00,2026-08-21,2.9600
TSM,Call,530.00,2026-09-18,2.0650
ASTI,Call,5.00,2026-08-21,0.1000
SMC,Call,35.00,2026-09-18,0.3000
IREN,Put,41.00,2026-08-21,4.8000
POET,Call,8.50,2026-08-07,0.1600
VSH,Call,40.00,2026-08-21,1.0000
NVDA,Put,200.00,2026-08-10,0.1750
SPCX,Call,300.00,2027-06-17,4.4000
MRVL,Put,175.00,2026-09-18,10.3500
METC,Put,8.00,2026-08-21,0.1750
AVGO,Call,425.00,2026-08-07,4.1000
MRVL,Put,200.00,2026-08-07,2.8300
RBLX,Put,42.50,2026-09-18,7.5500
NFLX,Call,73.00,2026-08-28,3.3250
AMZN,Call,305.00,2026-09-18,2.9250
EXPE,Put,300.00,2026-09-18,14.6500
HL,Put,30.00,2028-01-21,15.5250
F,Call,14.00,2026-08-07,0.2450
QUBT,Call,10.00,2026-09-18,0.7850
SPCX,Call,150.00,2026-08-07,0.1650
DIS,Call,104.00,2026-08-07,0.3000
UPST,Call,32.00,2026-08-07,0.2250
WBD,Call,28.00,2026-11-20,0.5000
INDI,Call,4.50,2028-01-21,2.1250
UBS,Call,55.00,2026-08-21,0.6500
AAPL,Put,297.50,2026-08-07,0.1550
MUR,Call,42.50,2026-08-21,0.4500
UBER,Put,66.00,2026-08-14,0.6600
MSFT,Call,515.00,2026-09-18,10.1750
PLTR,Call,185.00,2026-12-18,12.6250
ADEA,Put,25.00,2026-08-21,0.2500
IREN,Put,25.00,2026-09-18,0.9050
JOBY,Call,8.00,2026-08-21,0.5500
MSFT,Put,500.00,2026-09-18,26.1000
SIRI,Put,25.00,2026-09-18,0.1100
DIS,Call,98.00,2026-08-07,3.8000
SOFI,Put,17.00,2026-08-28,0.3900
VKTX,Call,50.00,2026-11-20,2.7400
SOFI,Put,18.00,2026-08-14,0.4300
PNC,Call,270.00,2026-08-21,0.6500
SKHY,Put,130.00,2026-08-07,0.5250
BIDU,Call,130.00,2026-08-14,0.1700
PFE,Call,27.00,2026-09-04,0.2050
EPD,Put,36.00,2026-09-18,0.2350
APLD,Put,30.00,2026-08-07,1.0800
V,Put,380.00,2027-06-17,35.3750
UPST,Call,33.00,2026-08-07,0.0850
NXDR,Call,5.00,2026-12-18,0.1000
SMCI,Call,33.00,2026-08-14,1.4650
SPCX,Call,135.00,2026-10-16,7.7750
JNJ,Call,270.00,2026-09-18,4.1500
CDE,Call,18.00,2026-08-07,0.4250
AMD,Call,700.00,2026-11-20,21.0250
GLXY,Put,17.50,2026-08-21,0.7950
PLTR,Call,180.00,2026-10-16,6.9750
MSFT,Call,500.00,2026-08-14,4.9750
WMT,Call,112.00,2026-08-07,1.2200
QXO,Call,16.00,2026-08-14,0.8000
SPCX,Call,140.00,2026-08-07,0.2750
SOFI,Call,22.00,2026-09-04,0.1350
EXC,Call,47.00,2026-08-21,0.3000
CRM,Put,145.00,2026-10-16,1.8250
MRVL,Call,300.00,2026-08-14,0.3900
UNH,Put,380.00,2027-06-17,30.9250
MSFT,Call,535.00,2026-11-20,18.9750
ECHO,Call,95.00,2026-08-07,0.4750
AVGO,Call,410.00,2026-08-14,17.5750
UUUU,Call,15.00,2026-10-16,1.0600
MSFT,Put,490.00,2026-09-18,20.7000
CIFR,Put,19.00,2026-08-07,0.9050
NEXT,Call,6.00,2026-08-21,0.6250
SPCX,Put,105.00,2027-03-19,21.6500
MU,Put,640.00,2026-08-14,1.4350
WRBY,Call,27.00,2026-08-07,2.8750
RXT,Call,12.00,2027-01-15,0.7750
QUBT,Call,13.00,2027-01-15,1.1050
MDLN,Put,40.00,2026-08-21,4.3000
MTCH,Put,35.00,2026-08-21,0.1500
TSLA,Call,385.00,2026-08-28,1.4150
AAOI,Call,200.00,2026-09-18,7.4000
OXY,Put,54.00,2026-08-07,1.2300
SKHY,Call,200.00,2027-12-17,53.5000
NOK,Put,9.50,2026-08-07,0.1800
EGO,Call,35.00,2026-08-21,2.3500
SPCX,Put,70.00,2026-12-18,3.9250
ORCL,Call,157.50,2026-08-07,0.2350
FIG,Call,27.00,2026-08-07,2.5800
IREN,Put,28.00,2026-08-28,0.7200
MSTR,Call,104.00,2026-08-07,0.6650
MOS,Call,24.00,2026-08-07,0.1750
NFLX,Put,74.00,2026-08-07,0.7850
BMNR,Call,20.00,2026-08-14,0.4000
SPCX,Call,160.00,2026-08-14,0.4850
SPCX,Call,125.00,2026-08-07,0.9250
DELL,Put,400.00,2026-09-18,27.3500
GLW,Call,165.00,2026-08-07,1.4500
MRVL,Call,250.00,2026-08-28,9.4750
NIO,Put,5.00,2026-08-14,0.3850
STM,Call,60.00,2026-09-18,2.3500
SPCX,Call,157.50,2026-08-07,0.1250
AMKR,Call,60.00,2026-08-21,2.1750
PZZA,Put,27.50,2026-08-21,1.4250
INTC,Put,100.00,2026-08-07,2.3800
QXO,Call,20.00,2026-09-18,0.4000
AMD,Put,510.00,2026-08-07,31.7000
PINS,Call,27.00,2026-09-18,0.4700
AMZN,Put,277.50,2026-08-07,6.1250
RGTI,Put,16.00,2026-10-16,2.3400
INTC,Call,110.00,2026-08-28,5.0000
HIMS,Call,46.00,2026-08-28,0.4250
AMD,Call,525.00,2026-08-07,1.7150
GLW,Call,190.00,2026-08-21,1.6300
YSS,Put,15.00,2026-08-21,2.6250
AAOI,Call,120.00,2026-08-07,15.8000
QUBT,Put,7.00,2026-09-18,0.3550
POET,Call,11.00,2026-08-21,0.1800
RIOT,Call,30.00,2026-08-14,0.1450
BWA,Call,65.00,2026-08-21,4.2500
TSLA,Call,325.00,2026-08-07,3.1250
ORCL,Call,175.00,2026-08-21,0.8450
NKE,Call,42.50,2026-11-20,4.0250
MU,Call,"1,100.00",2026-08-07,0.5650
QURE,Call,60.00,2026-08-21,0.8500
SPCX,Put,107.00,2026-08-07,4.3000
PATH,Call,37.00,2027-01-15,0.1600
GOOGL,Call,380.00,2026-08-07,0.4050
CSCO,Call,123.00,2026-08-07,0.9750
BABA,Call,135.00,2026-08-14,1.4200
CRWV,Call,130.00,2026-08-28,1.3500
CRWV,Put,92.50,2026-10-16,16.6250
LRCX,Call,357.50,2026-08-07,0.7200
BABA,Call,130.00,2026-08-14,2.9100
BWXT,Call,210.00,2026-08-21,0.2500
AEP,Call,135.00,2026-08-21,0.2250
BLZE,Call,20.00,2026-12-18,4.5500
CIFR,Put,20.00,2026-08-07,1.5400
NEXT,Call,7.00,2026-08-21,0.1750
POET,Call,9.00,2026-08-14,0.3400
SPCX,Call,160.00,2026-08-07,0.1100
HOOD,Call,99.00,2026-08-07,0.4250
CDE,Call,22.50,2026-11-20,1.3750
SPCX,Call,127.00,2026-08-07,0.7650
ZETA,Call,25.00,2026-08-21,2.8700
SBLK,Call,29.00,2026-08-21,0.4750
GOOG,Call,380.00,2026-08-07,0.2800
CAT,Call,"1,540.00",2026-08-21,0.6000
SPCX,Put,60.00,2026-08-21,0.1050
IREN,Call,60.00,2026-12-18,5.0000
RIOT,Call,24.00,2026-08-07,0.1850
VZ,Put,47.00,2026-08-07,0.9000
OXY,Put,50.00,2026-08-14,0.2450
MO,Call,67.50,2026-09-18,2.8200
AAPL,Call,317.50,2026-08-07,0.8700
CELH,Call,34.00,2026-08-07,0.2900
MCD,Call,270.00,2026-08-21,7.7750
CSCO,Call,160.00,2026-08-21,0.1300
SPCX,Call,155.00,2026-08-14,0.5700
GOOG,Call,440.00,2026-09-18,1.1900
IREN,Call,44.50,2026-08-07,0.1900
NBIS,Put,160.00,2026-08-14,2.8050
DIS,Call,102.00,2026-08-07,0.9600
SPCX,Put,90.00,2026-08-28,2.9850
GOOGL,Put,355.00,2026-08-07,1.9000
NVDA,Call,217.50,2026-08-07,3.8250
LAES,Call,2.00,2026-08-21,0.5000
CORZ,Call,23.00,2026-08-21,1.0800
GOOGL,Call,450.00,2026-09-18,0.8800
CE,Call,50.00,2026-08-21,0.7000
SPCX,Put,99.00,2026-08-07,1.4150
MU,Put,760.00,2026-09-18,44.4000
BAC,Put,62.00,2026-08-14,0.3050
AAL,Put,14.00,2026-08-28,0.1100
RKLB,Put,50.00,2026-09-18,1.0700
NBIS,Put,200.00,2026-08-07,2.9850
SPCX,Put,83.00,2026-08-07,0.0900
WULF,Call,22.00,2026-08-14,0.1550
SPCX,Put,80.00,2026-08-28,1.2350
DELL,Call,500.00,2026-08-21,19.0000
RIOT,Put,18.00,2026-09-18,1.3550
SPCX,Put,121.00,2026-08-07,14.1000
VOYG,Call,40.00,2026-08-21,0.8000
OPEN,Put,3.00,2026-11-20,0.3250
PLTR,Call,175.00,2026-11-20,13.4750
MOS,Call,27.00,2026-08-21,0.1250
LRCX,Call,350.00,2026-08-07,0.5800
VELO,Call,15.00,2026-08-21,1.1250
SPCX,Call,125.00,2026-09-18,7.6250
PLTR,Call,180.00,2026-11-20,11.9500
AAPL,Put,305.00,2026-10-16,10.7250
HOOD,Call,103.00,2026-08-07,0.1450
VG,Call,13.00,2026-08-07,0.1250
DIS,Put,95.00,2026-10-16,1.8200
WFC,Put,85.00,2026-09-18,1.3850
TSM,Put,410.00,2026-09-18,22.9000
WULF,Call,20.00,2026-08-07,0.1050
CRWD,Put,150.00,2026-09-18,1.2050
BMNR,Put,14.00,2026-09-18,0.3550
SPCX,Put,110.00,2026-08-07,5.9500
GME,Call,32.00,2027-06-17,1.5000
NRG,Call,200.00,2026-12-18,1.0250
TSLA,Call,352.50,2026-08-07,0.1300
NRG,Call,165.00,2026-12-18,3.9500
ASTS,Put,65.00,2026-08-07,0.9450
NBIS,Put,220.00,2026-08-07,10.2500
XYZ,Put,70.00,2026-08-21,0.5950
VG,Call,20.00,2027-06-17,1.5750
SPCX,Call,119.00,2026-08-07,1.6950
AMD,Call,550.00,2026-08-07,0.4950
ENLT,Call,80.00,2026-08-21,5.9500
V,Put,352.50,2026-08-21,1.6050
NVDA,Call,250.00,2026-09-04,2.2050
FIG,Put,22.50,2026-10-16,1.8200
AAPL,Call,317.50,2026-08-12,2.0850
SPCX,Call,133.00,2026-08-07,0.4550
FWONK,Call,105.00,2026-11-20,4.2000
INTC,Call,165.00,2027-01-15,7.4250
JOBY,Call,9.00,2026-09-18,0.5200
CLX,Call,105.00,2026-08-21,3.0250
CLSK,Put,12.00,2026-08-07,0.1350
MRVL,Call,240.00,2026-08-07,0.5950
PLTR,Put,150.00,2026-08-21,3.1250
VICI,Call,27.50,2028-01-21,1.8750
RIVN,Call,16.50,2026-08-14,0.2250
IONQ,Call,41.00,2026-08-21,3.3750
INTC,Call,115.00,2026-08-07,0.1500
ASTS,Put,13.00,2027-12-17,1.3300
POET,Call,8.00,2026-08-21,0.8900
AMZN,Put,270.00,2026-08-07,1.9700
SHOP,Call,135.00,2026-08-07,9.9250
NOK,Call,10.50,2026-08-14,0.1400
SNDK,Put,"1,250.00",2026-08-07,39.0000
LUNR,Put,10.00,2026-08-21,0.1950
SKHY,Put,140.00,2026-08-07,1.9250
MRVL,Put,185.00,2026-08-21,5.3250
STX,Put,650.00,2026-08-07,1.8000
BMNR,Call,21.00,2026-08-14,0.2200
SKHY,Put,130.00,2026-08-28,6.5000
TRI,Put,95.00,2026-09-18,4.6250
SMCI,Call,31.00,2026-08-14,2.1650
SNDK,Put,"1,000.00",2026-08-21,21.3000
RIOT,Call,24.00,2026-09-18,2.2150
DVN,Put,43.00,2026-08-07,1.1950
BIDU,Call,130.00,2026-08-21,0.8450
GFS,Call,60.00,2026-08-21,0.5250
SPCX,Call,136.00,2026-08-07,0.3600
FLNC,Call,17.00,2026-11-20,3.1000
ONDS,Call,12.00,2026-08-28,0.2700
ENTX,Put,1.00,2027-02-19,0.5000
RDDT,Call,180.00,2026-09-18,5.5500
CRML,Call,10.00,2026-11-20,0.7000
OKLO,Put,30.00,2026-09-18,0.8350
LUNR,Put,15.00,2026-08-21,2.1150
CSX,Call,55.00,2026-11-20,1.5750
SOFI,Call,20.50,2026-09-04,0.3150
NVDA,Call,227.50,2026-08-14,2.2800
NTLA,Call,12.00,2026-08-21,0.6000
HPE,Put,50.00,2026-09-18,4.3250
SPCX,Call,125.00,2026-08-14,2.5150
NFLX,Call,74.00,2026-08-07,1.0000
MSFT,Put,460.00,2026-08-21,3.3500
TSLA,Put,312.50,2026-08-07,1.3500
AMD,Call,575.00,2026-08-21,5.2250
ANET,Call,205.00,2026-08-07,2.1600
BTDR,Put,11.00,2026-09-18,1.7500
MARA,Put,11.00,2026-08-21,0.7700
CRML,Call,10.00,2027-01-15,1.0000
BABA,Call,131.00,2026-08-07,0.8150
IONQ,Call,44.00,2026-08-07,0.9450
CIFR,Call,21.00,2026-08-07,0.2700
GOOGL,Put,360.00,2026-08-14,6.6250
RKLB,Call,90.00,2026-08-14,1.3950
HUN,Call,15.00,2027-01-15,0.3000
MSTR,Put,75.00,2026-08-14,0.1450
SPCX,Put,86.00,2026-08-07,0.1450
MSFT,Put,475.00,2026-08-07,1.4450
POET,Call,9.00,2026-09-18,0.9400
SPCX,Put,100.00,2026-08-07,1.6600
AMD,Call,565.00,2026-08-07,0.2250
EIX,Call,77.50,2026-09-18,1.3000
AMD,Call,670.00,2026-08-21,0.9400
MSFT,Put,480.00,2026-08-07,2.5500
UBER,Put,70.00,2026-08-07,2.1300
IREN,Put,37.00,2026-08-21,2.6550
RIOT,Call,33.00,2026-09-18,0.6150
AMD,Call,585.00,2026-08-07,0.0950
SPCX,Call,122.00,2026-08-07,1.2500
SMCI,Call,32.50,2026-08-07,0.2250
HIMS,Put,25.00,2026-08-14,0.3300
ELF,Put,80.00,2026-08-07,2.4400
C,Call,137.00,2026-08-07,1.7500
IRDM,Call,55.00,2026-08-21,0.5500
NVO,Call,47.00,2026-08-14,0.2550
ACHR,Call,6.00,2026-08-28,0.2250
MSFT,Put,485.00,2026-08-07,4.2500
CIFR,Call,25.00,2026-08-14,0.2750
PCG,Put,13.00,2027-03-19,0.4650
KTOS,Call,55.00,2026-08-07,1.6500
BMY,Put,60.00,2027-06-17,5.1000
MSFT,Put,470.00,2026-08-07,0.8300
QS,Call,6.50,2026-08-21,0.1050
ASTS,Call,80.00,2026-08-07,0.1650
BTU,Call,30.00,2026-09-18,0.1750
BTDR,Put,11.00,2026-08-21,1.2250
LUV,Call,46.00,2026-08-14,3.2500
RKLB,Call,140.00,2026-09-18,0.8550
BKR,Call,65.00,2026-10-16,2.5250
ASTS,Call,80.00,2026-08-14,2.0400
NU,Call,13.00,2027-06-17,3.4500
AAPL,Call,315.00,2026-08-07,1.4050
CMCSA,Put,13.00,2027-06-17,0.1750
QURE,Call,60.00,2026-10-16,3.6750
HOOD,Call,100.00,2026-08-14,1.5650
SPCX,Put,90.00,2026-09-04,3.7000
UBER,Put,67.50,2026-11-20,4.7750
SPCX,Put,113.00,2026-08-07,7.9000
WDC,Call,500.00,2026-08-21,54.9250
SPCX,Call,118.00,2026-08-07,1.8800
RDW,Call,12.00,2026-09-18,1.2250
CRDO,Call,260.00,2026-08-07,0.6750
SBET,Call,6.50,2026-08-14,0.3350
AVGO,Call,420.00,2026-08-07,6.4750
RKLB,Put,55.00,2028-01-21,16.8500
HIMS,Call,32.50,2026-08-07,0.5200
ABT,Call,110.00,2026-08-21,0.9250
SPCX,Put,110.00,2027-03-19,24.6250
APLD,Call,31.50,2026-08-07,0.4050
IMSR,Call,10.00,2027-01-15,0.7500
STM,Call,60.00,2026-10-16,3.6500
MSFT,Call,550.00,2026-10-16,7.7000
GE,Call,380.00,2026-09-18,17.9000
GTM,Call,4.00,2026-08-07,0.2750
AMZN,Put,285.00,2026-08-21,15.0750
ENPH,Call,60.00,2026-11-20,2.8750
SOFI,Put,17.00,2026-08-21,0.2750
SMCI,Call,33.50,2026-08-07,0.1200
AESI,Call,12.50,2026-10-16,0.8250
MSFT,Call,505.00,2026-08-07,0.7100
HPQ,Put,28.00,2026-09-18,1.8350
COIN,Call,170.00,2026-08-07,0.1900
BMNR,Call,24.00,2026-11-20,1.8250
NFLX,Put,75.00,2026-08-07,1.3350
AMD,Put,530.00,2026-08-21,59.2250
SKHY,Call,165.00,2026-08-07,1.5000
GLW,Call,180.00,2026-08-07,0.1550
AMRZ,Put,49.56,2026-10-16,1.7500
QBTS,Put,18.00,2026-08-21,0.5200
GRAB,Call,4.00,2026-09-18,0.1700
NOW,Call,117.00,2026-08-07,2.5350
AMPX,Call,11.00,2026-08-07,0.8750
Q,Call,150.00,2026-08-21,3.5500
AVGO,Call,710.00,2028-01-21,44.9750
SPCX,Put,95.00,2026-08-07,0.7100
SPCX,Call,123.00,2026-08-07,1.1300
TSLA,Call,330.00,2026-08-10,2.7750
FCX,Call,75.00,2026-08-21,1.2300
WPM,Put,100.00,2026-09-18,0.7000
META,Call,595.00,2026-08-07,5.8000
SOFI,Put,10.00,2027-12-17,0.9800
HOOD,Call,101.00,2026-08-07,0.2400
MSTR,Put,93.00,2026-08-07,0.6100
RIVN,Call,16.00,2026-08-07,0.1250
DJT,Call,12.00,2026-08-21,0.2600
RUN,Call,15.00,2026-09-18,0.3450
CRWV,Call,101.00,2026-08-07,0.3850
AMD,Put,450.00,2026-08-07,2.3700
AA,Call,48.00,2026-08-07,0.6850
MSFT,Call,560.00,2026-11-20,12.7500
CRCL,Call,62.00,2026-08-07,2.8050
AMKR,Put,40.00,2026-12-18,4.7500
DLTR,Call,145.00,2026-09-18,3.2050
BAC,Put,61.00,2026-08-14,0.1450
MU,Put,300.00,2026-09-18,0.5750
FIG,Call,28.00,2026-08-07,2.1150
RKT,Call,15.00,2026-09-18,0.8000
MSFT,Put,475.00,2026-08-21,6.9750
IOVA,Call,7.50,2026-12-18,0.4750
MSFT,Call,530.00,2026-10-16,12.0750
MU,Put,680.00,2026-09-18,23.4750
MOS,Call,23.00,2026-08-07,0.6250
NVDA,Put,212.50,2026-08-07,0.6700
SPCX,Put,116.00,2026-08-07,10.0500
NFLX,Put,72.00,2026-08-07,0.1950
ASX,Call,47.50,2026-09-18,1.3000
TSLA,Call,365.00,2026-08-14,0.6850
TENX,Put,2.50,2027-01-15,0.3500
TTD,Call,22.50,2026-08-07,0.2600
GOOGL,Put,220.00,2026-11-20,0.5950
LLY,Call,"1,300.00",2026-09-18,16.4500
CMG,Call,34.00,2026-08-14,1.2400
NVO,Put,43.00,2026-08-07,0.0900
MRNA,Put,35.00,2026-09-18,0.2300
AMD,Put,420.00,2026-08-07,0.3450
INTC,Call,101.00,2026-08-21,7.0750
ORCL,Call,150.00,2026-11-20,19.4500
AMD,Put,430.00,2026-08-07,0.6350
AAOI,Call,140.00,2026-08-07,7.1500
COHR,Call,350.00,2026-08-07,4.3000
CGNX,Call,75.00,2026-08-21,3.8000
KO,Call,95.00,2026-11-20,1.2950
INTC,Call,112.00,2026-08-07,0.3050
NBIS,Put,160.00,2026-08-07,0.1750
CRWV,Call,125.00,2027-01-15,12.6750
KHC,Call,26.50,2026-08-14,0.2200
HPQ,Put,24.00,2026-10-16,0.8000
NVDA,Put,217.50,2026-08-07,1.9950
KHC,Call,26.00,2026-08-14,0.4300
AMD,Put,400.00,2026-09-04,7.5750
CC,Call,17.00,2026-09-18,0.6000
SNOW,Put,160.00,2027-12-17,16.2000
NVDA,Put,222.50,2026-08-07,4.7500
NVDA,Put,220.00,2026-08-07,3.1500
EYE,Call,25.00,2026-10-16,1.7000
GLXY,Put,18.00,2026-08-21,0.9200
BSX,Put,46.00,2026-08-07,0.1750
GOOG,Call,372.50,2026-08-07,0.8400
SPCX,Call,180.00,2026-09-04,0.8850
NVDA,Put,225.00,2026-08-07,6.6000
TEAM,Put,105.00,2026-08-07,3.9500
GOOGL,Call,372.50,2026-08-07,1.2650
NVDA,Put,230.00,2026-08-14,12.3000
META,Put,150.00,2028-01-21,0.8150
SPCX,Call,110.00,2026-08-28,9.7500
MSTR,Put,89.00,2026-08-14,1.1100
FIG,Call,32.50,2026-08-07,0.6250
BTG,Put,4.00,2026-08-07,0.1500
SGHC,Put,13.00,2026-09-18,0.7500
AMD,Put,300.00,2026-08-14,0.0950
AMZN,Call,180.00,2026-08-14,93.0000
WYNN,Call,90.00,2026-12-18,16.1750
CPNG,Call,17.00,2027-06-17,3.4000
CMG,Put,33.00,2026-08-21,0.5850
META,Call,585.00,2026-11-20,59.1000
OXY,Call,59.00,2026-08-14,0.2350
NVDA,Put,215.00,2026-08-07,1.1750
FCX,Call,71.00,2026-08-21,2.6050
WDC,Call,690.00,2026-08-21,6.9500
CVX,Call,192.50,2026-08-14,1.1900
OSCR,Call,35.00,2026-08-07,0.5300
OPEN,Put,3.50,2026-09-04,0.2100
NVDA,Call,222.50,2026-08-12,3.1750
CIFR,Call,20.50,2026-08-07,0.2800
CPNG,Call,25.00,2027-06-17,1.1200
TSLA,Put,327.50,2026-08-07,8.1750
XYZ,Put,80.00,2026-08-21,2.8950
RKT,Put,13.00,2026-10-16,1.0300
YELP,Put,29.00,2026-08-21,3.8000
GOOGL,Call,377.50,2026-08-07,0.5900
CPNG,Put,13.00,2026-11-20,0.5050
HPQ,Put,31.00,2026-08-21,2.7950
BSX,Put,44.50,2026-08-14,0.2250
META,Put,150.00,2027-12-17,0.7400
UNH,Call,410.00,2026-08-07,5.5250
EXEL,Put,50.00,2026-08-21,0.5500
VST,Call,220.00,2026-11-20,1.9650
UBER,Call,67.00,2026-08-07,1.6550
SYM,Put,40.00,2026-08-07,0.7500
TSLA,Call,327.50,2026-08-12,5.1250
AVGO,Put,340.00,2026-09-04,3.4000
NVDA,Put,190.00,2026-09-04,1.7550
DOX,Call,60.00,2026-08-21,2.7750
U,Call,38.50,2026-08-07,1.6500
UAL,Put,55.00,2027-12-17,2.3900
CRML,Call,10.00,2027-02-19,1.0750
MSTR,Put,92.00,2026-08-14,1.8150
MP,Call,62.00,2026-08-07,0.2500
EBAY,Put,95.00,2026-08-07,0.2800
DDOG,Put,230.00,2026-11-20,17.1500
NVDA,Put,215.00,2026-08-10,1.8500
HUBS,Put,240.00,2026-08-21,17.6500
DASH,Put,200.00,2026-08-07,7.4000
MSTR,Put,94.00,2026-08-14,2.4800
BAC,Put,65.00,2026-08-07,1.7800
BKNG,Call,230.00,2026-08-21,0.6250
TDC,Call,32.50,2026-08-21,0.1000
DDOG,Call,320.00,2026-08-07,6.6750
UPST,Call,33.00,2026-08-21,0.9000
DHT,Call,19.00,2026-09-18,0.7250
BA,Put,260.00,2028-12-15,55.6000
UNH,Call,420.00,2026-08-14,4.5750
U,Put,33.00,2026-08-07,1.6500
EOSE,Put,3.50,2026-09-18,0.2450
CIFR,Call,19.50,2026-08-07,0.4850
TSLA,Put,322.50,2026-08-07,5.0250
NEOV,Call,5.00,2027-02-19,0.6750
STM,Call,59.00,2026-08-21,1.0250
AEO,Call,18.00,2026-08-14,0.4250
DASH,Put,185.00,2026-08-07,2.6750
EBAY,Put,105.00,2026-08-07,2.1350
NVO,Put,44.50,2026-08-21,1.5100
NOW,Call,300.00,2026-12-18,0.5050
UAL,Put,55.00,2028-01-21,2.5300
ENPH,Call,46.00,2026-08-14,0.3900
ON,Call,110.00,2028-01-21,17.1000
CVS,Call,100.00,2026-08-07,0.9000
SHOP,Put,110.00,2026-10-16,2.2500
TSLA,Put,312.50,2026-08-10,2.3300
PTON,Put,5.00,2026-09-18,0.1150
SNDK,Call,"1,410.00",2026-08-07,59.4000
NVDA,Call,240.00,2026-08-10,0.1450
TGT,Call,210.00,2026-12-18,1.0050
CMG,Put,34.00,2026-08-14,0.8350
CP,Call,95.00,2027-01-15,4.3000
MMM,Call,185.00,2026-08-07,0.4650
TSLA,Put,320.00,2026-08-07,3.7500
MSFT,Call,535.00,2026-09-18,5.6750
TSLA,Put,332.50,2026-08-07,12.0000
GS,Call,"1,090.00",2026-08-07,3.3250
MU,Put,915.00,2026-08-07,42.2000
SNOW,Put,160.00,2028-01-21,17.0750
AKAM,Call,135.00,2026-08-07,4.6500
OXY,Call,57.00,2026-08-14,0.5600
HESM,Call,37.00,2026-08-21,3.3000
UBER,Call,69.00,2026-08-07,0.5850
NVDA,Call,227.50,2026-08-12,1.6550
HAL,Call,32.00,2026-08-07,0.2850
PLTR,Call,167.50,2026-08-14,2.0850
NVDA,Call,235.00,2026-08-12,0.5550
MD,Call,30.00,2026-08-21,0.1750
WULF,Put,18.00,2026-09-18,2.3550
TSLA,Call,322.50,2026-08-10,5.4750
NVDA,Call,225.00,2026-08-07,0.8750
CELH,Call,30.50,2026-08-07,1.0700
SPCX,Call,117.00,2026-08-07,2.0800
UNH,Call,415.00,2026-08-07,3.2000
ARM,Put,85.00,2026-10-16,0.2050
HELE,Call,35.00,2026-08-21,0.2500
NVDA,Call,230.00,2026-08-10,0.6300
SPCX,Call,115.00,2026-08-14,4.8250
DDOG,Put,265.00,2026-08-07,10.6250
ALAB,Call,400.00,2026-08-21,7.8250
CAVA,Put,65.00,2026-12-18,9.1000
ANET,Call,200.00,2026-12-18,29.6750
UBER,Call,66.00,2026-08-07,2.3500
SPCX,Call,108.00,2026-08-21,9.3750
AVBC,Call,22.50,2026-08-21,0.3250
HESM,Call,38.00,2026-08-21,2.2000
TTMI,Call,135.00,2026-09-18,19.8000
RKLB,Put,60.00,2026-09-04,2.1750
ASTS,Call,68.00,2026-08-21,6.8750
AMD,Call,515.00,2026-09-04,26.4250
PANW,Put,277.50,2026-08-14,2.2000
TSLA,Put,337.50,2026-08-07,16.3000
SEI,Put,55.00,2026-08-21,4.3000
DASH,Call,225.00,2026-08-07,4.2500
LCID,Put,13.00,2027-12-17,8.9750
CRWD,Call,265.00,2026-08-21,0.6150
CLF,Put,11.00,2026-12-18,1.1450
AMD,Put,442.50,2026-08-07,1.4650
MSTR,Call,110.00,2028-12-15,47.0500
CPNG,Put,13.00,2026-12-18,0.8650
TE,Call,5.00,2026-09-04,1.2000
LGN,Call,75.00,2026-08-21,3.0500
NFLX,Put,69.00,2026-09-04,0.9350
EXEL,Put,55.00,2026-08-21,1.5000
QBTS,Put,21.50,2026-08-07,1.1300
UBER,Call,68.00,2026-08-07,1.0350
NVDA,Call,220.00,2026-08-17,5.4750
RKLB,Put,71.00,2026-08-07,0.7950
CLX,Put,100.00,2026-08-21,1.1000
SNDK,Put,"1,410.00",2026-08-07,116.5500
GOOG,Put,357.50,2026-08-07,3.2500
SHOP,Call,152.50,2026-08-07,0.7700
TSLA,Put,325.00,2026-08-07,6.5000
SPCX,Put,87.00,2026-08-14,0.7950
HIMX,Put,10.00,2026-08-21,0.1750
RMBS,Put,100.00,2026-08-21,8.4500
GLNG,Put,45.00,2026-11-20,1.7750
TSLA,Put,322.50,2026-08-12,7.9750
DDOG,Put,280.00,2026-08-07,17.2000
MP,Call,85.00,2026-12-18,1.6250
AMZN,Put,300.00,2026-08-10,27.4500
LUV,Call,49.50,2026-08-07,0.6150
INTC,Put,101.00,2026-08-07,2.8400
SPCX,Call,110.00,2026-08-07,4.2000
MAT,Call,18.00,2026-10-16,0.1250
DIS,Put,100.00,2026-08-07,0.3950
APPS,Call,15.00,2026-08-21,0.4750
UBER,Put,67.00,2026-08-14,0.9900
AAPL,Put,320.00,2026-08-10,9.9000
QCOM,Call,172.50,2026-08-14,1.4200
SHOP,Put,95.00,2027-12-17,12.8500
TSLA,Put,317.50,2026-08-07,2.7500
HOOD,Put,88.00,2026-09-04,5.0500
BMY,Put,30.00,2027-01-15,0.2500
HPE,Call,56.00,2026-08-28,2.9950
ETSY,Call,97.00,2026-08-07,2.1000
GOOGL,Call,370.00,2026-08-07,1.8050
RBLX,Call,42.00,2026-08-21,0.4600
MSFT,Call,487.50,2026-08-07,5.5500
NVDA,Put,220.00,2026-08-14,5.5750
GXO,Call,52.50,2026-08-21,0.2750
NN,Call,30.00,2026-12-18,1.5250
SPCX,Call,330.00,2027-01-15,1.2700
DDOG,Call,340.00,2026-08-07,3.3250
DELL,Call,650.00,2026-08-21,1.1500
AXP,Put,330.00,2026-08-14,0.4600
EIX,Call,70.00,2026-08-21,1.4250
MSFT,Call,492.50,2026-08-07,3.3000
LLY,Call,"1,200.00",2026-08-07,6.0000
AAL,Put,17.00,2026-08-07,0.5400
EOSE,Put,3.00,2026-08-28,0.1300
GTM,Put,3.50,2026-08-07,0.2000
DDOG,Put,200.00,2026-08-07,0.2050
MU,Put,920.00,2026-08-07,45.1750
FIG,Put,25.00,2026-08-07,0.8050
PBF,Call,95.00,2026-09-18,0.5000
NVDA,Call,222.50,2026-08-10,2.2550
CRM,Put,195.00,2026-08-07,4.5250
MSFT,Put,452.50,2026-08-14,0.9900
SPCX,Call,114.00,2026-08-14,5.1750
WULF,Put,15.00,2026-08-28,0.5450
DASH,Put,200.00,2026-08-21,9.3000
VTRS,Put,18.00,2026-08-21,1.0000
FSLR,Put,235.00,2026-08-21,16.9500
TE,Call,6.00,2026-09-04,0.8250
SPCX,Put,109.00,2026-08-07,5.3750
SNDK,Call,"1,420.00",2026-08-07,56.4500
AMD,Put,445.00,2026-08-07,1.7300
AMPX,Call,13.00,2026-09-18,1.0500
FNGR,Call,0.5000,2028-01-21,0.1750
MS,Put,217.50,2026-08-07,1.8600
MRVL,Put,170.00,2026-09-04,6.5750
CAPR,Call,5.00,2026-09-18,1.3750
META,Put,582.50,2026-08-07,5.2000
NVDA,Put,225.00,2026-08-14,8.6000
ALAB,Call,290.00,2026-08-21,44.6250
FIG,Call,30.50,2026-08-07,1.1500
EBAY,Call,115.00,2026-08-07,2.8750
PRGO,Put,10.00,2026-11-20,0.2500
TSLA,Call,322.50,2026-08-07,4.1250
QCOM,Put,140.00,2026-08-14,0.5500
GILD,Call,134.00,2026-08-07,0.8150
MU,Put,550.00,2026-08-14,0.3500
LLY,Put,490.00,2026-10-16,1.9000
XYZ,Put,68.00,2026-08-21,0.4000
U,Call,45.00,2027-12-17,9.4750
ZETA,Call,27.50,2026-08-07,0.6000
TSLA,Put,322.50,2026-08-10,6.3250
NVDA,Put,215.00,2026-08-12,2.7100
CMG,Put,31.50,2026-08-21,0.2200
WBD,Call,27.00,2026-11-20,1.0950
NVDA,Put,197.50,2026-08-12,0.2450
GOOGL,Put,357.50,2026-08-07,2.6450
GOOG,Call,365.00,2026-08-07,2.4850
SPCX,Call,109.00,2026-08-07,4.6250
EPAM,Call,120.00,2026-10-16,9.3000
INTC,Put,102.00,2026-08-07,3.4000
GLXY,Call,17.50,2026-12-18,5.1000
BAX,Put,27.50,2026-11-20,2.8500
RKLB,Call,80.00,2026-08-07,0.7000
APH,Call,195.00,2026-09-18,4.5000
WMB,Put,65.00,2026-09-18,0.5750
TSLA,Put,335.00,2026-08-07,14.3000
AMZN,Call,215.00,2026-08-07,57.9250
SGML,Call,13.00,2026-08-21,0.2750
FLNC,Call,21.00,2027-01-15,3.1000
KTOS,Call,57.00,2026-08-07,0.8250
EXE,Call,120.00,2028-01-21,6.1000
BKNG,Put,200.00,2026-08-07,0.6750
APH,Call,220.00,2026-11-20,6.8500
SPCX,Call,115.00,2026-08-28,7.8500
AVGO,Put,402.50,2026-08-07,1.8500
MU,Call,"1,660.00",2027-06-17,115.0500
XYZ,Call,100.00,2026-08-07,0.3300
ANET,Call,270.00,2026-11-20,8.2250
SPCX,Call,116.00,2026-08-14,4.5250
NVDA,Put,222.50,2026-08-14,6.9750
MRVL,Put,177.50,2026-08-14,1.8450
INTC,Call,113.00,2026-08-07,0.2700
WDC,Put,240.00,2026-09-18,1.0500
GOOGL,Call,362.50,2026-08-14,8.3250
DDOG,Put,275.00,2026-08-07,14.6750
MU,Call,920.00,2026-08-07,19.2750
CNQ,Call,47.00,2026-08-07,0.1500
FIG,Put,26.00,2026-08-07,1.0200
DELL,Put,440.00,2026-08-07,4.6000
TSLA,Put,325.00,2026-08-12,9.3500
PANW,Put,350.00,2026-08-07,2.2100
AMD,Put,437.50,2026-08-07,1.0450
U,Put,35.00,2026-08-07,2.5750
PG,Put,140.00,2026-10-16,2.4400
SMCI,Call,36.00,2026-08-28,1.4300
RIOT,Put,22.50,2026-08-07,1.4900
GOOGL,Put,325.00,2026-08-14,0.3150
MDT,Put,84.00,2026-08-14,0.6950
HPE,Call,54.00,2026-08-28,3.8250
EL,Put,75.00,2026-12-18,4.4000
HPE,Put,44.00,2026-08-21,0.3850
TSLA,Call,322.50,2026-08-12,7.1750
FSLY,Call,35.00,2026-08-07,0.2500
APP,Call,440.00,2026-08-07,15.3000
GOOG,Put,347.50,2026-08-07,0.8950
DFTX,Call,45.00,2026-08-21,5.3000
TSLA,Call,325.00,2026-08-10,4.4000
JOBY,Put,7.00,2026-09-18,0.5050
LLY,Call,"1,400.00",2026-08-14,0.2000
AMZN,Call,210.00,2026-08-07,62.9500
ADMA,Call,9.00,2026-08-21,0.7750
SNOW,Put,312.50,2026-08-07,6.0500
ETSY,Call,115.00,2026-08-07,0.3200
PTON,Put,6.50,2026-08-07,0.3850
AAPL,Call,312.50,2026-08-12,3.8000
CORZ,Call,24.00,2026-08-28,1.1100
META,Call,585.00,2026-08-07,10.5500
AVGO,Put,415.00,2026-08-07,5.7250
GEO,Call,29.00,2026-08-21,3.2000
APP,Call,460.00,2026-08-07,9.9000
NVO,Put,44.00,2026-08-14,0.8000
WDC,Call,940.00,2026-08-07,2.1500
MU,Put,885.00,2026-08-07,26.6000
LRN,Call,85.00,2026-08-21,1.9000
DOCN,Call,140.00,2026-08-21,4.6500
SPCX,Call,115.00,2026-09-18,10.7500
GOOGL,Call,382.50,2026-08-07,0.3000
MU,Call,930.00,2026-08-07,16.0000
SPCX,Call,110.00,2026-12-18,20.4250
AMD,Call,507.50,2026-08-21,18.5750
MCHP,Put,60.00,2026-10-16,2.2000
AMZN,Call,287.50,2026-08-10,0.4300
MTDR,Call,52.50,2026-08-21,0.4000
SNDK,Put,955.00,2026-08-07,1.3500
NVDA,Call,240.00,2026-08-17,0.6550
BTBT,Put,1.5000,2026-08-14,0.2050
UUUU,Put,10.50,2026-08-14,0.0800
CLSK,Put,9.00,2026-12-18,0.9700
CSX,Put,50.00,2027-01-15,2.7250
B,Call,41.00,2026-08-28,2.0550
AAPL,Put,312.50,2026-08-07,3.6000
MDT,Put,86.00,2026-08-21,1.5600
WPM,Call,121.00,2026-08-07,3.9000
META,Call,607.50,2026-08-07,2.4650
TGB,Call,10.00,2026-11-20,0.8250
META,Put,585.00,2026-11-20,48.0250
VZ,Put,45.00,2026-09-04,0.7750
MSTR,Put,87.00,2026-08-14,0.8150
HUT,Call,110.00,2026-09-18,7.8750
DKNG,Call,22.00,2026-08-14,1.1400
NFLX,Call,15.00,2028-06-16,61.0000
HOOD,Put,92.00,2026-09-11,6.3750
STM,Call,70.00,2026-09-18,0.7750
XYZ,Call,95.00,2026-08-07,0.8500
SOUN,Put,5.50,2026-08-14,0.1650
ALAB,Call,355.00,2026-08-07,2.3500
GOOG,Call,377.50,2026-08-07,0.3900
AAPL,Put,310.00,2026-08-07,2.3550
CLSK,Put,13.50,2026-08-14,0.9900
ANET,Call,210.00,2026-08-14,3.7750
DIS,Put,99.00,2026-08-07,0.2200
UBER,Call,68.00,2026-08-21,2.2000
UPST,Put,28.50,2026-08-07,0.1650
GLXY,Put,19.00,2026-08-07,0.4200
EYPT,Call,25.00,2026-09-18,1.8000
MU,Put,850.00,2026-08-07,13.4750
APPS,Put,13.00,2026-08-21,0.9750
INTC,Call,102.00,2026-08-10,3.1500
CDW,Call,150.00,2026-08-21,1.7500
NEM,Call,120.00,2026-10-16,3.1750
SNDK,Put,"1,400.00",2026-08-07,110.9500
FISV,Put,48.00,2026-08-21,0.7750
NVDA,Call,220.00,2026-08-19,6.1250
LLY,Put,490.00,2026-09-18,1.8750
UNH,Call,420.00,2026-08-07,1.4800
BABA,Put,128.00,2026-08-14,3.0750
NVDA,Put,200.00,2026-08-12,0.3550
PG,Call,150.00,2026-10-16,4.6000
APP,Put,370.00,2026-08-07,5.9500
JOBY,Call,14.00,2027-01-15,0.4850
UNH,Call,450.00,2026-08-28,1.8950
SNDK,Call,"2,300.00",2026-08-14,1.4500
AMD,Call,490.00,2026-08-10,12.2500
CSCO,Call,140.00,2026-08-14,0.6750
NVDA,Call,245.00,2026-08-10,0.0900
SPCX,Put,96.00,2026-08-14,2.4000
NVDA,Call,265.00,2026-09-04,0.9700
DAL,Put,95.00,2026-09-18,5.5000
AMZN,Put,247.50,2026-08-14,0.3100
MU,Put,910.00,2026-08-07,39.8500
ORCL,Put,139.00,2026-08-21,4.8000
ASTS,Call,75.00,2026-08-07,0.5500
HL,Call,17.50,2026-08-21,0.6050
PG,Call,145.00,2026-10-16,7.0000
ORCL,Put,142.00,2026-08-07,1.9600
DASH,Put,195.00,2026-08-07,5.6750
SHOP,Call,170.00,2026-08-14,0.3300
BAX,Call,25.00,2027-03-19,6.0000
RIOT,Put,19.00,2026-08-14,0.6400
GOOGL,Call,392.50,2026-08-07,0.2150
NVDA,Put,222.50,2026-08-21,8.5250
FLNC,Call,17.00,2026-08-21,1.2750
NVDA,Call,225.00,2026-08-19,4.0500
RKLB,Put,67.00,2026-08-14,2.1500
SPCX,Call,109.00,2026-08-14,7.0250
NVDA,Call,340.00,2027-02-19,3.2750
APP,Call,480.00,2026-08-07,6.1500
AMD,Put,400.00,2026-08-10,0.2800
DIS,Call,107.00,2026-08-21,0.6050
SPCX,Call,350.00,2028-06-16,10.0000
AVGO,Call,445.00,2026-08-07,0.6200
MU,Call,925.00,2026-08-07,17.5500
PTON,Call,7.50,2026-08-07,0.0850
GOOGL,Call,450.00,2026-08-28,0.2750
KLAR,Call,13.00,2026-08-07,7.3500
APTV,Call,52.50,2026-08-21,0.4000
TSLA,Put,325.00,2026-08-10,7.8000
APP,Put,410.00,2026-08-07,19.9000
APP,Put,280.00,2026-11-20,12.7000
GOOG,Put,355.00,2026-08-07,2.4300
UBER,Call,71.00,2026-08-28,1.4000
BMY,Call,69.00,2026-08-21,0.3750
SPCX,Call,155.00,2026-08-28,1.4450
TGT,Call,210.00,2027-01-15,1.2400
COIN,Put,150.00,2026-08-14,6.7000
TROX,Put,5.00,2026-08-21,0.1750
SNDK,Call,"1,995.00",2026-08-07,0.4750
DK,Put,60.00,2026-08-21,3.1750
TROW,Put,105.00,2026-09-18,1.2500
B,Call,42.00,2026-08-07,0.2350
M,Put,24.00,2026-08-14,0.1950
DELL,Put,450.00,2026-08-07,7.2750
SPCX,Call,114.00,2026-08-07,2.8300
NVDA,Call,250.00,2026-08-17,0.2300
MSFT,Put,490.00,2026-08-17,11.4750
AA,Put,35.00,2027-03-19,2.3550
TSLA,Call,330.00,2026-08-12,4.3000
XYZ,Put,65.00,2026-08-07,0.2050
AAPL,Call,312.50,2026-08-10,2.8900
SEDG,Put,35.00,2026-08-07,1.8400
AVGO,Put,412.50,2026-08-07,4.6000
META,Call,610.00,2026-08-10,3.4500
INTC,Call,102.00,2026-08-07,2.4350
SPCX,Call,225.00,2026-10-16,1.1050
LLY,Put,"1,070.00",2026-08-07,0.2350
META,Put,592.50,2026-08-07,10.1000
META,Call,597.50,2026-08-07,4.8500
SPCX,Put,90.00,2026-09-11,4.3000
DOCN,Put,110.00,2026-10-16,12.5500
GOOGL,Call,365.00,2026-08-07,3.5250
FCX,Call,68.00,2026-08-14,3.1750
DASH,Call,225.00,2026-08-21,5.9750
UBER,Call,69.00,2026-08-21,1.7100
DDD,Call,3.50,2026-09-18,0.5000
BSX,Put,43.00,2026-08-21,0.2500
SOFI,Call,24.00,2026-12-18,0.9650
HPQ,Put,23.00,2026-11-20,0.8400
TSLA,Call,355.00,2026-08-12,0.7000
PENN,Put,17.00,2026-09-18,0.4250
PAA,Put,22.00,2027-01-15,0.7250
FIG,Put,24.00,2026-08-07,0.4900
GOOG,Put,335.00,2026-08-14,1.0250
VRTX,Call,500.00,2026-08-07,1.5500
MU,Call,915.00,2026-08-14,43.0750
TEAM,Call,160.00,2026-09-18,2.5250
WULF,Call,28.00,2026-10-16,0.7900
IMPP,Call,5.00,2026-09-18,0.3000
META,Call,592.50,2026-08-07,6.8000
PLTR,Put,155.00,2026-08-28,6.0750
SPCX,Put,111.00,2026-08-07,6.5500
CVS,Put,100.00,2026-12-18,7.4000
SPCX,Call,120.00,2026-08-14,3.4750
EBAY,Put,99.00,2026-08-07,0.7450
GOOG,Put,342.50,2026-08-07,0.4100
AG,Call,32.00,2027-03-19,1.2600
META,Put,557.50,2026-08-07,0.6100
AMZN,Call,287.50,2026-08-07,0.2050
OWL,Call,11.50,2026-08-07,0.2000
STX,Put,830.00,2026-08-07,27.7000
GLXY,Call,20.00,2026-08-07,0.4300
ETSY,Put,70.00,2026-08-21,1.5700
XYZ,Put,80.00,2026-08-07,2.3650
GOOGL,Call,400.00,2026-08-10,0.1300
SCHW,Put,110.00,2027-06-17,10.9750
QBTS,Put,21.50,2026-08-21,1.9350
SPCX,Call,330.00,2026-12-18,1.0450
GLXY,Call,17.50,2027-01-15,5.7250
RTX,Put,195.00,2026-11-20,3.4250
IONQ,Call,41.00,2026-08-14,2.6050
SHOP,Call,150.00,2026-08-14,3.2500
TECK,Call,65.00,2028-01-21,17.4000
FUBO,Call,1.00,2026-08-28,10.1500
IONQ,Call,40.50,2026-08-07,1.9850
FCX,Call,72.00,2026-08-07,0.5050
LUV,Call,50.00,2026-08-14,0.8600
AMZN,Call,272.50,2026-08-10,4.1250
CRWV,Put,92.00,2026-08-21,9.8500
AMD,Call,870.00,2026-09-18,0.8050
DDOG,Put,272.50,2026-08-07,13.4500
GLW,Put,110.00,2027-06-17,17.0000
FPS,Put,30.00,2026-08-21,0.3750
JPM,Call,362.50,2026-08-14,3.5250
HPE,Put,52.00,2026-08-28,3.3250
CIFR,Call,19.50,2026-08-14,1.2250
PLTR,Put,175.00,2026-10-16,23.6250
MO,Put,69.00,2026-08-14,1.3600
HOOD,Put,94.00,2026-09-11,8.0750
SNDK,Call,"1,405.00",2026-08-07,62.2500
OWL,Call,12.00,2026-12-18,1.0500
XYZ,Put,75.00,2026-08-07,1.1000
OPEN,Put,3.00,2026-10-16,0.2250
DKNG,Call,22.00,2026-08-07,0.8950
SPCX,Call,113.00,2026-08-07,3.1500
INTC,Put,95.00,2026-08-07,0.7550
OSCR,Call,35.50,2026-08-07,0.2950
MU,Call,930.00,2026-08-10,22.3750
SKHY,Put,130.00,2026-09-04,7.8000
KOPN,Call,0.50,2026-09-11,3.6000
REPL,Put,11.00,2026-08-14,1.7250
SPCX,Put,108.00,2026-08-07,4.8250
GCT,Put,40.00,2026-08-21,1.1500
ACN,Put,105.00,2026-11-20,1.1000
GOOGL,Call,385.00,2026-08-10,0.5300
KLAC,Call,400.00,2026-08-21,0.4250
IREN,Put,34.50,2026-08-07,0.2350
NVDA,Call,220.00,2026-08-07,2.4800
SPCX,Put,102.00,2026-08-07,2.2500
AMD,Put,415.00,2026-09-04,11.1000
FIS,Call,50.00,2026-10-16,0.8250
AMD,Call,535.00,2026-09-04,20.1000
VZ,Call,45.50,2026-08-07,1.3450
INTC,Call,109.00,2026-08-07,0.6200
EQX,Put,10.00,2026-08-21,0.4000
RYAM,Call,10.00,2026-09-18,0.5000
NVDA,Call,235.00,2026-08-14,0.9250
SHOP,Call,155.00,2026-08-07,0.4700
META,Put,577.50,2026-08-07,3.5500
HESM,Call,39.00,2026-08-21,1.3000
APP,Call,520.00,2026-08-07,2.1000
AMD,Put,482.50,2026-08-07,12.7000
CMPS,Call,16.00,2026-11-20,1.8750
CRM,Call,205.00,2026-08-14,1.8450
MSFT,Call,490.00,2026-08-10,5.6750
TXN,Call,292.50,2026-08-07,0.7550
CHYM,Put,22.50,2026-08-21,0.5250
META,Call,602.50,2026-08-07,3.4750
AFRM,Call,83.00,2026-08-07,0.3950
MU,Call,915.00,2026-08-07,21.1000
QUBT,Call,14.00,2026-09-18,0.2150
VAC,Call,110.00,2026-08-21,2.4500
UBER,Call,100.00,2026-10-16,0.1400
STNE,Call,11.00,2027-01-15,1.8500
ORCL,Put,141.00,2026-08-07,1.5800
SPCX,Call,113.00,2026-08-28,8.5500
SOFI,Put,18.00,2026-08-28,0.7750
SNDK,Call,"1,520.00",2026-08-07,29.2500
PG,Call,150.00,2027-06-17,11.5000
VNOM,Put,40.00,2026-08-21,0.6000
TSLA,Call,332.50,2026-08-10,2.1750
NVDA,Call,235.00,2026-08-07,0.1050
SNDK,Call,"1,435.00",2026-08-07,51.3500
ABVX,Call,130.00,2026-09-18,8.8500
MSTR,Call,95.00,2028-12-15,51.1500
CIFR,Call,20.00,2026-10-16,3.3500
RKLB,Put,74.00,2026-08-07,1.8850
AAPL,Call,315.00,2026-08-14,3.5750
NVDA,Call,225.00,2026-08-14,3.0150
IBM,Call,275.00,2026-10-16,5.5250
BE,Put,167.50,2026-08-07,0.1600
DASH,Put,170.00,2026-08-07,0.6700
OSCR,Call,33.50,2026-08-07,0.7700
MSTR,Call,155.00,2026-11-20,4.1500
GOOGL,Put,380.00,2026-08-07,17.7250
NVDA,Call,235.00,2026-08-10,0.2750
TSLA,Call,327.50,2026-08-10,3.5000
GOOG,Put,360.00,2026-08-07,4.4000
XYZ,Put,69.00,2026-08-07,0.3150
FIP,Put,4.00,2026-12-18,1.0000
AMZN,Call,200.00,2026-08-12,72.6500
ELF,Put,64.00,2026-08-07,0.0550
T,Put,22.50,2026-08-14,0.1950
ANET,Put,190.00,2026-09-18,12.5750
FIGR,Call,35.00,2026-09-18,1.6500
WYNN,Call,105.00,2026-08-07,0.6400
KLAR,Call,22.50,2026-10-16,1.9000
WTRG,Call,35.00,2026-12-18,5.2000
AMD,Put,340.00,2026-09-11,2.2800
AMD,Put,450.00,2026-09-04,22.0250
UPST,Call,35.00,2026-08-14,0.2200
AMZN,Call,195.00,2026-08-07,77.8500
NOW,Call,256.00,2027-01-15,1.0750
RZLV,Put,2.00,2026-11-20,0.2500
NVDA,Put,212.50,2026-08-10,1.2100
ERO,Call,35.00,2027-01-15,3.8000
HL,Call,17.00,2026-08-28,0.9550
C,Call,139.00,2026-08-07,0.7900
DDD,Call,5.00,2026-09-18,0.1500
NBIS,Call,222.50,2026-08-14,21.1250
CSX,Call,51.00,2026-08-14,0.9750
MU,Call,800.00,2026-08-10,102.1000
UBS,Put,45.00,2028-01-21,3.2500
SNDK,Call,"1,600.00",2026-08-07,16.3000
UUUU,Put,9.00,2026-09-18,0.2200
APH,Call,190.00,2026-10-16,9.3500
KEEL,Put,4.00,2026-08-21,0.4500
HPQ,Call,29.50,2026-08-07,0.1350
GILD,Call,138.00,2026-08-14,0.6900
GME,Call,42.00,2027-03-19,0.4150
STUB,Call,5.50,2026-08-07,3.7000
RKT,Call,14.00,2026-10-16,1.4950
LLY,Call,"1,230.00",2026-09-18,33.8500
AVGO,Put,405.00,2026-08-07,2.3400
RKT,Put,11.50,2026-08-14,0.0800
RIVN,Call,17.50,2026-09-11,0.3300
ETSY,Put,77.00,2026-08-07,2.4150
CRSP,Call,75.00,2027-01-15,2.6000
MSI,Call,450.00,2026-08-21,11.2500
BB,Call,9.00,2026-08-14,0.2800
MSFT,Put,487.50,2026-08-07,5.4000
CRWD,Call,217.50,2026-08-14,4.6750
IREN,Call,10.00,2028-09-15,32.2000
AMD,Put,487.50,2026-08-07,15.5500
GOOG,Call,392.50,2026-08-07,0.0750
GOOGL,Call,370.00,2026-08-10,2.7050
GOOG,Call,362.50,2026-08-14,7.0250
FCX,Call,95.00,2026-12-18,2.5300
VIAV,Call,45.00,2026-08-21,2.0000
VZ,Put,45.00,2026-08-14,0.3350
GOOG,Put,300.00,2026-09-04,0.6800
QNT,Call,60.00,2026-08-21,4.1000
SPCX,Put,25.00,2028-06-16,1.3250
AG,Call,18.50,2026-08-28,0.8350
UBER,Call,74.00,2026-08-21,0.3750
SPCX,Put,114.00,2026-08-14,10.8750
MDLN,Put,35.00,2026-08-21,0.8250
AMD,Call,500.00,2026-08-07,5.8500
IBM,Call,245.00,2026-08-07,0.5700
MU,Call,990.00,2026-08-10,8.5000
APP,Call,425.00,2026-08-07,21.0500
ORCL,Put,144.00,2026-08-07,2.8250
AAPL,Call,310.00,2026-08-17,6.2750
SPCX,Call,115.00,2026-08-07,2.5550
DUOL,Call,150.00,2026-08-21,5.6000
MA,Call,615.00,2026-10-16,9.1000
W,Put,110.00,2026-08-07,3.5450
AMZN,Put,287.50,2026-08-07,14.9500
META,Put,562.50,2026-08-07,0.9450
NVDA,Call,232.50,2026-08-10,0.4150
DAL,Call,95.00,2026-08-07,0.4800
RUN,Call,10.50,2026-08-21,1.0350
RUN,Call,12.50,2026-08-14,0.3300
MCHP,Call,84.00,2026-08-07,1.2000
CRWD,Call,227.50,2026-08-07,0.2850
TSLA,Put,320.00,2026-08-10,5.0500
NBIS,Call,190.00,2026-08-21,42.9750
NTAP,Call,220.00,2026-09-18,6.5000
CLF,Put,12.00,2026-08-07,0.0950
HOOD,Put,87.00,2026-08-14,1.5300
SPCX,Put,101.00,2026-08-14,4.0000
QS,Call,11.00,2027-01-15,0.3850
MSFT,Put,395.00,2026-09-04,0.5050
NOW,Call,300.00,2027-01-15,0.5450
TGT,Call,143.00,2026-08-07,5.0250
DJT,Call,10.50,2026-08-14,0.3600
UBER,Call,65.00,2026-08-07,3.1850
AMD,Put,447.50,2026-08-07,1.9900
CVX,Put,180.00,2026-08-14,0.9300
LLY,Call,"1,280.00",2026-08-21,6.3250
SPCX,Put,89.00,2026-08-14,1.0350
DUOL,Put,115.00,2026-08-07,2.0250
AAPL,Put,297.50,2026-08-12,0.6700
AMD,Call,490.00,2026-11-20,71.2250
BAM,Call,55.00,2027-01-15,3.5000
SHAK,Call,75.00,2026-08-07,1.2500
CVNA,Put,69.50,2026-08-21,3.4750
BULL,Call,7.00,2026-08-21,0.6450
AMD,Put,485.00,2026-08-07,14.0250
AG,Call,17.50,2026-08-07,0.4750
FSLY,Call,30.00,2026-08-14,1.2750
GOOG,Put,305.00,2026-09-04,0.8650
XPEV,Put,12.00,2026-10-16,1.3650
SNDK,Call,"1,950.00",2026-08-07,1.0500
DKNG,Call,23.50,2026-08-07,0.3900
APP,Call,455.00,2026-08-07,10.9500
DELL,Put,257.50,2026-08-14,0.1800
TSLA,Put,312.50,2026-08-14,4.7750
INTC,Call,103.00,2026-08-07,2.0900
TSLA,Put,315.00,2026-08-10,3.0500
INTC,Put,95.00,2026-08-10,1.2000
SNDK,Put,945.00,2026-08-07,1.0750
SNDK,Call,"1,750.00",2026-08-07,5.0000
PLNT,Put,50.00,2026-08-21,1.2250
DDOG,Put,210.00,2026-09-18,3.6750
TSLA,Call,322.50,2026-08-14,8.4750
NVDA,Call,230.00,2026-08-07,0.2750
INTC,Put,93.00,2026-08-07,0.4500
SNDK,Call,"1,400.00",2026-08-07,62.5500
MSTR,Call,103.00,2026-08-07,0.8700
BAC,Put,64.00,2026-08-14,1.1400
LCID,Call,6.50,2026-08-14,0.5150
DASH,Call,240.00,2026-08-07,1.5350
SPCX,Call,109.00,2026-08-21,8.8750
RBLX,Put,36.00,2026-08-07,0.6850
MSTR,Call,115.00,2026-09-04,3.1750
APP,Call,600.00,2026-08-07,0.2000
BABA,Call,95.00,2026-08-07,33.8500
MSFT,Put,492.50,2026-08-07,8.0750
SOUN,Call,8.50,2026-08-14,0.1050
SABR,Call,4.00,2026-12-18,0.1250
HOOD,Call,105.00,2026-09-11,3.3000
NVDA,Put,200.00,2026-08-17,0.7000
PBR,Call,18.50,2026-08-07,0.2650
AMD,Call,490.00,2026-08-14,19.0250
UBER,Call,70.00,2026-08-14,0.8800
NKE,Call,43.50,2026-08-14,0.5300
TSLA,Put,320.00,2026-08-12,6.6750
EQT,Call,65.00,2028-01-21,4.4000
KO,Put,87.00,2026-08-14,1.1100
GOOG,Call,360.00,2026-08-07,4.6500
AMZN,Call,205.00,2026-08-07,67.6250
TSEM,Put,180.00,2026-08-28,5.8500
AMD,Call,620.00,2027-03-19,65.0500
EBAY,Put,100.00,2026-08-07,0.9250
SPCX,Call,110.00,2027-01-15,21.7750
GOOG,Call,370.00,2026-08-07,1.2350
AMZN,Put,267.50,2026-08-10,1.8300
META,Call,582.50,2026-08-07,11.8250
AMZN,Put,242.50,2026-08-21,0.4750
TSLA,Put,315.00,2026-08-07,1.9500
AAPL,Call,310.00,2026-08-07,3.4250
CRWD,Call,232.50,2026-08-21,2.9250
AMD,Put,440.00,2026-09-11,21.0500
TSLA,Put,317.50,2026-08-10,3.9500
SNDK,Call,"1,395.00",2026-08-07,67.2000
MU,Call,"1,070.00",2026-08-07,0.9050
NOW,Put,116.00,2026-08-07,1.9000
SNDK,Call,"1,425.00",2026-08-07,54.5000
ZS,Call,450.00,2028-01-21,9.8500
AMZN,Put,265.00,2026-08-10,1.2200
MSTR,Put,98.00,2026-08-07,2.2550
NBIS,Put,215.00,2026-08-14,19.3500
META,Put,585.00,2026-08-07,6.1500
GOOGL,Put,365.00,2026-08-21,11.3750
IBM,Put,235.00,2026-08-07,2.4700
AMBA,Call,95.00,2026-08-07,0.2750
MSFT,Put,415.00,2026-08-28,0.7050
SPCX,Put,107.00,2026-08-21,8.4250
UUUU,Put,12.50,2026-08-07,0.5100
GOOGL,Put,350.00,2026-08-07,1.0450
COIN,Put,145.00,2026-08-14,4.1500
USFD,Put,100.00,2026-08-21,2.9500
GOOG,Call,365.00,2026-08-14,5.7750
INTC,Put,103.00,2026-08-07,4.0000
PLTR,Put,162.50,2026-08-07,5.5000
IE,Call,22.50,2027-01-15,0.3500
FLNC,Call,16.00,2027-01-15,4.3000
GOOGL,Put,330.00,2026-09-04,3.1250
TSLA,Call,327.50,2026-08-14,6.3500
ETSY,Call,90.00,2026-08-21,5.4500
HLF,Call,12.50,2026-08-21,1.1250
DOW,Put,29.00,2026-08-07,0.2450
BSX,Put,44.00,2026-08-14,0.1750
NVDA,Put,210.00,2026-08-12,1.3850
DELL,Put,370.00,2026-10-16,26.9250
NVDA,Put,215.00,2026-08-28,7.4500
COST,Call,945.00,2026-08-07,7.4000
HL,Call,17.50,2026-08-07,0.1100
SPCX,Put,103.00,2026-08-07,2.5900
HUBS,Call,260.00,2026-08-21,20.3000
NVDA,Call,370.00,2026-09-18,0.0900
INTC,Call,103.00,2026-08-14,4.5500
U,Call,41.00,2026-08-07,0.8900
WBD,Call,29.00,2027-01-15,0.6250
SPCX,Call,108.00,2026-08-14,7.6750
WDC,Call,600.00,2026-08-07,5.0750
BTU,Call,24.00,2026-08-07,0.0700
NVDA,Put,215.00,2026-08-14,3.3500
PRMB,Call,26.00,2026-08-21,0.6000
DUOL,Put,110.00,2026-09-18,4.0500
ZETA,Call,29.00,2026-08-07,0.2200
LLY,Call,"1,250.00",2026-08-07,0.9000
NVDA,Call,227.50,2026-08-07,0.4800
VIAV,Call,50.00,2026-08-21,1.0500
SCHW,Put,103.00,2026-08-21,0.5100
SPCX,Call,107.00,2026-08-07,5.5750
NVO,Put,35.00,2026-11-20,0.5650
GOOGL,Call,387.50,2026-08-07,0.1550
NVDA,Call,225.00,2026-08-12,2.3200
WBD,Call,29.00,2026-11-20,0.3600
LRCX,Call,400.00,2026-09-18,8.6500
CRWV,Put,89.00,2026-08-07,2.6350
BTG,Call,4.50,2026-08-14,0.0750
VFC,Call,16.00,2026-11-20,1.4800
SPCX,Call,120.00,2026-08-07,1.5300
KHC,Call,25.50,2026-08-14,0.7500
GME,Call,19.50,2026-08-14,0.2650
CRCL,Put,64.00,2026-09-11,6.2500
NBIS,Put,225.00,2026-08-07,12.9000
AMZN,Call,285.00,2026-08-10,0.6550
LLY,Put,"1,075.00",2026-08-07,0.3050
AVGO,Put,370.00,2026-08-14,1.1700
MSFT,Call,495.00,2026-08-07,2.4250
META,Call,600.00,2026-08-10,5.7000
CAI,Put,15.00,2026-08-21,0.9750
AMD,Put,477.50,2026-08-07,10.3750
CVS,Put,99.00,2026-08-07,1.0950
SPCX,Put,106.00,2026-08-21,7.8750
CRWV,Call,92.00,2026-08-21,7.9000
MSTR,Put,97.50,2026-08-07,1.8950
DELL,Put,345.00,2026-08-21,1.5750
SNDK,Put,"1,120.00",2026-08-07,11.2000
DASH,Put,195.00,2026-09-18,10.7250
INTC,Put,90.00,2026-09-04,4.1750
SPCX,Call,205.00,2026-10-16,1.5250
SUNB,Call,85.00,2026-09-18,3.3500
UWMC,Call,5.0000,2027-07-16,0.1250
HPE,Call,75.00,2026-09-18,1.1950
TSLA,Call,320.00,2026-08-07,5.3500
SNDK,Put,"1,405.00",2026-08-07,114.0500
AMD,Call,515.00,2026-08-21,16.2500
CELH,Call,31.50,2026-08-07,0.9050
SPCX,Put,109.00,2026-08-21,9.5250
GLNG,Put,48.00,2026-08-21,0.9500
DASH,Call,300.00,2028-01-21,30.2000
EZPW,Call,32.50,2026-08-21,0.9500
SNDK,Put,"1,380.00",2026-08-07,100.1000
HIMS,Put,31.00,2026-08-07,0.5400
SLB,Put,51.00,2026-08-14,1.5750
MSFT,Call,505.00,2026-08-10,1.5400
MSFT,Call,497.50,2026-08-07,1.8100
NVDA,Call,230.00,2026-08-17,2.0500
CIFR,Put,18.50,2026-08-14,1.2900
GOOGL,Put,150.00,2026-10-16,0.1800
TSM,Put,415.00,2026-08-21,15.1250
QXO,Put,13.00,2026-09-18,0.4000
U,Call,40.00,2026-08-14,1.3750
SNDK,Call,"1,550.00",2026-08-07,23.5500
GOOG,Put,305.00,2026-08-28,0.5400
SHOP,Put,130.00,2026-08-07,0.0950
TSLA,Call,790.00,2027-09-17,8.6500
BX,Put,135.00,2026-08-21,3.5000
AMZN,Call,275.00,2026-08-14,4.7250
SPCX,Put,93.00,2026-08-07,0.4900
MU,Call,945.00,2026-08-07,11.8750
CSIQ,Put,14.00,2026-08-21,0.6500
CRCL,Put,50.00,2026-09-04,1.1700
NRGV,Put,3.00,2026-08-21,0.3250
TSLA,Call,330.00,2026-08-19,7.2500
T,Call,22.50,2026-08-07,0.6800
NVDA,Call,250.00,2026-08-12,0.1050
IONQ,Put,34.00,2026-08-07,0.2700
GOOGL,Call,405.00,2027-01-15,20.7250
INTC,Call,80.00,2026-08-07,21.1500
LQDA,Call,110.00,2027-01-15,12.4500
MU,Put,580.00,2027-06-17,86.0250
ADBE,Call,305.00,2026-09-18,6.2750
TSLA,Call,332.50,2026-08-12,3.5750
DASH,Put,175.00,2026-08-21,2.1450
AMZN,Call,280.00,2026-08-12,2.3200
RUM,Put,12.00,2026-08-07,5.7500
AMD,Put,450.00,2026-08-10,3.8750
XPEV,Call,12.00,2026-08-07,0.1150
APP,Call,430.00,2026-08-07,18.8000
GOOG,Put,320.00,2026-08-14,0.2750
SPCX,Put,108.00,2026-08-21,8.9750
GOOGL,Put,372.50,2026-08-07,11.2250
WULF,Call,35.00,2027-12-17,4.3250
NVDA,Put,205.00,2026-08-10,0.3450
ZVRA,Put,17.00,2027-12-17,7.5000
SNDK,Call,"1,500.00",2026-08-07,32.4000
GOOGL,Put,360.00,2026-08-07,3.5250
AMZN,Call,200.00,2026-08-07,72.9000
UBER,Put,65.00,2026-08-28,0.9850
GOOGL,Call,445.00,2026-10-16,3.2650
KVYO,Put,15.00,2026-09-18,0.6500
SNDK,Put,"1,225.00",2026-08-07,31.8500
META,Call,600.00,2026-08-07,4.2250
SPCX,Call,116.00,2026-08-07,2.3100
JPM,Put,360.00,2026-08-07,2.8400
AAPL,Put,302.50,2026-08-10,0.9350
NVDA,Call,227.50,2026-08-10,0.9750
SPCX,Call,110.00,2026-08-14,6.6250
TSLA,Put,310.00,2026-08-07,0.9250
HUT,Call,110.00,2026-08-14,1.6650
SNDK,Put,"1,390.00",2026-08-07,103.1000
WEN,Put,7.50,2026-08-07,0.1750
FCX,Call,71.00,2026-08-07,0.7000
RUN,Call,9.50,2026-08-07,1.5750
MSFT,Call,507.50,2026-08-07,0.5350
AMD,Call,500.00,2026-08-28,26.8500
OKTA,Call,160.00,2026-08-21,2.5650
MU,Call,900.00,2026-08-14,49.6750
SNDK,Put,"1,200.00",2026-08-07,24.3500
CCJ,Call,110.00,2026-09-18,2.0000
NET,Put,275.00,2026-08-07,8.1750
ZETA,Call,30.00,2027-03-19,5.4250
BMY,Put,65.00,2026-08-21,2.2250
SPCX,Call,111.00,2026-08-14,6.2250
AMZN,Call,225.00,2026-08-07,47.7250
FSLR,Call,220.00,2026-08-14,25.6750
GOOGL,Put,360.00,2026-08-10,4.4250
SPCX,Put,110.00,2026-09-04,12.3000
FUTU,Put,105.00,2026-08-07,0.2650
LITE,Put,250.00,2028-01-21,33.3000
RL,Put,370.00,2026-08-21,12.6000
HOOD,Put,93.00,2026-08-07,2.1850
DDOG,Call,330.00,2026-08-07,4.7500
UBER,Call,71.00,2026-08-14,0.6350
SPCX,Call,126.00,2026-08-14,2.3550
TWLO,Put,185.00,2026-08-21,10.8000
APP,Put,330.00,2026-08-07,1.0250
BABA,Call,129.00,2026-08-21,5.0000
BNTX,Put,82.50,2026-08-21,0.5750
FSLY,Put,20.00,2026-08-07,0.2500
SNDK,Call,"1,505.00",2026-08-07,32.1000
XPEV,Call,18.00,2027-01-15,0.5900
FCX,Put,59.00,2026-08-14,0.0950
GOOG,Put,375.00,2026-08-07,15.4750
FSLR,Put,200.00,2026-08-14,2.4400
SNDK,Call,"2,050.00",2026-08-07,0.5250
EOG,Put,130.00,2026-10-16,5.9000
KVYO,Put,17.50,2026-08-21,1.2000
NVDA,Call,230.00,2026-08-12,1.1600
NEM,Call,100.00,2028-12-15,32.0250
AMZN,Call,277.50,2026-08-10,2.0800
SNDK,Put,"1,430.00",2026-08-07,130.4000
ANET,Call,197.50,2026-08-07,4.8750
SHOP,Call,160.00,2026-08-07,0.1650
SPCX,Call,111.00,2026-08-07,3.8250
CHYM,Call,27.50,2026-08-21,1.1500
NVDA,Call,230.00,2026-08-14,1.7000
WDC,Put,470.00,2026-08-07,8.1250
MSTR,Call,105.00,2028-12-15,50.0000
NXE,Call,11.00,2026-11-20,1.0500
UAL,Call,134.00,2026-08-07,1.4400
U,Call,45.00,2026-09-18,1.2450
AAPL,Call,307.50,2026-08-07,4.9500
HD,Call,362.50,2026-08-07,0.7900
MRK,Put,123.00,2026-08-07,0.1050
CMG,Call,35.50,2026-08-21,0.7750
KO,Call,95.00,2027-02-19,2.5850
EOSE,Put,4.00,2026-08-07,0.2550
ANET,Call,200.00,2026-08-14,7.2250
LRCX,Put,305.00,2026-08-07,7.8250
MU,Call,"1,000.00",2026-08-10,7.1750
PRU,Call,135.00,2026-12-18,1.9750
GOOG,Put,362.50,2026-08-07,5.6750
SPCX,Put,85.00,2026-11-20,7.2500
CVX,Put,182.50,2026-08-21,3.1850
RKLB,Put,75.00,2026-08-14,5.6000
WDC,Call,650.00,2026-08-07,1.3850
SNDK,Call,"1,850.00",2026-08-07,2.2750
LZ,Put,8.00,2026-09-18,0.7500
UBER,Call,70.00,2026-08-07,0.3250
LMND,Call,30.00,2028-01-21,28.8500
TSLA,Call,332.50,2026-08-14,4.7000
FSLY,Call,25.00,2026-08-07,2.7250
MU,Put,875.00,2026-08-07,22.3250
AAPL,Put,307.50,2026-08-10,2.1950
TE,Call,6.00,2026-09-18,1.0250
MSFT,Put,487.50,2026-08-14,9.2750
NVDA,Put,214.00,2026-12-18,18.4250
AAPL,Call,310.00,2026-08-12,5.0250
ADBE,Put,190.00,2026-11-20,3.7500
CSCO,Call,127.00,2026-08-07,0.2050
ORCL,Call,148.00,2026-08-07,1.6300
WBD,Put,25.00,2027-01-15,1.1750
AMD,Put,420.00,2026-08-14,3.0500
RKT,Call,18.00,2026-10-16,0.3900
BE,Call,460.00,2026-08-21,0.4150
OBDC,Put,10.00,2028-01-21,1.3000
AG,Call,28.00,2026-12-18,0.8700
SNDK,Call,"1,900.00",2026-08-14,9.6000
CAMT,Call,250.00,2026-08-21,0.1500
INTC,Put,94.00,2026-08-07,0.5850
MU,Call,"1,080.00",2026-08-21,15.4500
TSLA,Put,307.50,2026-08-07,0.6300
MSFT,Call,500.00,2026-08-10,2.3900
INTC,Call,105.00,2026-08-10,2.0300
UBER,Call,67.50,2026-09-18,3.7750
UNH,Put,405.00,2026-08-07,1.1350
RKLB,Call,135.00,2026-09-18,0.7550
NBIS,Put,212.50,2026-08-07,6.7000
LUV,Call,49.00,2026-08-07,0.8150
HOOD,Call,96.00,2026-08-07,0.9750
NVDA,Put,215.00,2026-11-20,16.7750
CEG,Put,260.00,2026-08-07,5.9500
AXTI,Put,40.00,2028-01-21,17.2500
NVDA,Call,217.50,2026-08-10,4.5500
FISV,Call,57.00,2026-08-28,2.2000
AMD,Call,500.00,2026-08-14,15.2250
HPE,Call,53.50,2026-08-07,1.1450
HOOD,Put,86.00,2026-08-14,1.2550
UBER,Put,64.00,2026-08-14,0.2500
MU,Call,"1,100.00",2026-08-10,1.3750
GOOG,Call,370.00,2026-08-14,4.1000
SPCX,Put,105.00,2026-08-14,5.7000
SPCX,Call,130.00,2026-08-14,1.8400
DAL,Call,96.00,2026-08-07,0.3700
FIG,Call,28.50,2026-08-07,1.8700
SOFI,Put,18.50,2026-08-28,1.0250
VST,Call,165.00,2026-10-16,6.0000
GLXY,Call,22.00,2026-08-21,0.5800
MU,Call,910.00,2026-08-07,23.0500
TSLA,Call,327.50,2026-08-07,2.3050
SPCX,Call,200.00,2026-10-16,1.6950
DVN,Call,50.00,2026-08-28,0.1150
FCX,Put,62.00,2026-08-14,0.2750
AMD,Call,490.00,2026-12-18,79.6000
VRT,Put,205.00,2026-08-14,1.0750
SPCX,Call,113.00,2026-08-14,5.5000
IREN,Put,37.50,2026-08-07,0.9000
RKLB,Call,76.00,2026-08-07,1.8100
PG,Call,157.50,2026-08-28,0.4150
U,Put,35.00,2026-08-21,3.0750
AMD,Call,550.00,2026-08-14,4.2500
JNJ,Put,252.50,2026-08-21,3.0050
SOC,Call,0.50,2026-08-28,4.3000
BA,Call,260.00,2026-08-14,0.4100
BE,Put,130.00,2026-08-14,0.2000
NVO,Call,45.50,2026-08-07,0.1650
TSLA,Call,320.00,2026-08-10,6.7000
XYZ,Call,92.00,2026-08-07,1.3700
GOOGL,Put,360.00,2026-08-28,10.6000
AZN,Call,165.00,2026-09-18,4.6500
OSCR,Call,40.00,2026-09-18,0.8800
CIFR,Call,23.00,2026-08-14,0.3650
TSLA,Call,325.00,2026-08-14,7.3750
MU,Put,860.00,2026-08-10,22.5750
WDC,Put,410.00,2026-08-07,1.0250
SO,Put,90.00,2026-11-20,2.8750
GOOG,Call,362.50,2026-08-07,3.4500
NFLX,Put,73.00,2026-08-07,0.4100
HUT,Call,145.00,2026-09-18,2.8350
MSFT,Call,490.00,2026-08-07,4.2250
GTE,Call,12.50,2026-08-21,0.0750
GME,Put,17.00,2026-09-18,0.3000
CVX,Call,197.50,2026-08-14,0.4200
SPCX,Put,91.00,2026-08-07,0.3450
FIG,Call,31.00,2026-08-14,1.4350
TTMI,Call,175.00,2026-08-21,2.9750
GME,Call,19.00,2026-10-16,1.4250
AMZN,Call,190.00,2026-08-07,82.5750
SMCI,Call,32.50,2026-08-14,1.6500
SNDK,Call,"2,100.00",2026-08-07,0.2750
AAPL,Put,302.50,2026-08-07,0.4600
APP,Put,400.00,2026-08-07,15.2500
SPCX,Call,116.00,2026-08-21,6.2750
AMD,Call,470.00,2026-08-07,19.2250
CBRS,Call,240.00,2026-08-21,15.0500
IONQ,Call,41.00,2026-08-07,1.7500
TSLA,Call,347.50,2026-08-10,0.5150
AMZN,Call,202.50,2026-08-07,70.1250
GOOGL,Put,375.00,2026-08-07,13.2750
HIVE,Call,3.00,2026-08-14,0.1250
DIS,Call,108.00,2026-08-21,0.4500
DDOG,Call,300.00,2026-08-07,12.4000
TSLA,Put,340.00,2026-08-07,18.9250
ASTS,Call,69.00,2026-08-07,2.1100
SHOP,Call,145.00,2026-08-07,2.8700
META,Call,615.00,2026-08-07,1.5700
LRCX,Put,300.00,2026-08-14,12.6000
WDC,Call,590.00,2026-08-07,6.3000
MDLN,Put,30.00,2026-11-20,1.1250
NVDA,Call,220.00,2026-09-11,11.6750
MU,Call,925.00,2026-08-14,39.1250
AAPL,Put,297.50,2026-08-10,0.3500
GOOG,Call,420.00,2026-10-16,4.9500
MU,Put,895.00,2026-08-07,31.6250
SPCX,Call,118.00,2026-08-14,3.9750
LRCX,Call,320.00,2026-08-14,11.9250
DOCN,Call,120.00,2026-08-21,12.1500
DJT,Call,10.00,2026-08-14,0.6300
GOOG,Put,350.00,2026-08-07,1.2550
AAPL,Call,310.00,2026-08-10,4.1000
DELL,Call,550.00,2026-08-07,0.1600
AMD,Call,530.00,2026-08-10,2.8000
DELL,Call,520.00,2026-08-07,0.8200
AMZN,Call,282.50,2026-08-10,0.9350
AMD,Call,492.50,2026-08-07,8.1250
TSLA,Call,325.00,2026-08-12,6.0750
GOOGL,Call,390.00,2026-08-10,0.3000
BOX,Put,30.00,2026-09-18,1.2750
INTC,Call,104.00,2026-08-10,2.4000
MCD,Put,275.00,2026-08-07,3.0400
MRVL,Call,227.50,2026-08-07,1.8400
AMZN,Put,240.00,2026-08-14,0.1600
RGTI,Call,17.00,2026-08-14,1.1250
UBER,Call,70.00,2026-08-21,1.3450
UBER,Call,71.00,2026-08-07,0.1600
SPCX,Call,117.00,2026-08-14,4.2250
EYPT,Call,12.50,2026-09-18,4.5000
BMNR,Put,15.00,2026-09-18,0.6050
AMZN,Put,262.50,2026-08-10,0.8050
NOW,Call,256.00,2026-12-18,0.9500
QCOM,Put,160.00,2026-08-07,4.4250
UBER,Put,65.00,2026-08-14,0.4250
SNDK,Put,950.00,2026-08-07,1.3500
DAVE,Put,380.00,2026-08-07,10.2500
NEM,Call,107.00,2026-08-21,2.7750
TSLA,Put,322.50,2026-08-14,9.1000
CPRT,Call,30.00,2026-11-20,2.0250
SNDK,Call,"1,440.00",2026-08-07,51.4000
MSFT,Put,490.00,2027-03-19,46.0000
APP,Call,450.00,2026-08-07,13.1000
GOOGL,Call,380.00,2026-08-14,2.4300
MU,Put,900.00,2026-08-07,33.7750
SPCX,Call,117.00,2026-08-21,5.9500
NOW,Put,117.00,2026-08-07,2.3350
SPCX,Call,80.00,2026-08-14,28.0250
ORCL,Put,143.00,2026-08-07,2.3750
AMD,Put,455.00,2026-08-07,3.2000
UNH,Call,417.50,2026-08-07,2.2100
MU,Put,880.00,2026-08-07,24.1000
XPEV,Call,20.00,2028-01-21,2.0500
CAT,Call,940.00,2026-08-07,0.6000
AMD,Call,540.00,2026-08-10,1.8950
NVO,Put,45.50,2026-08-07,1.2150
SPCX,Call,172.50,2026-08-28,0.8600
MDT,Put,85.00,2026-08-07,0.5050
NVDA,Put,220.00,2026-08-28,9.7750
AAPL,Call,320.00,2026-08-12,1.5300
SPCX,Call,115.00,2027-01-15,19.9750
AMZN,Put,272.50,2026-08-10,3.7250
AMD,Call,485.00,2026-08-07,11.1250
SPCX,Call,121.00,2026-08-07,1.3800
TGT,Call,142.00,2026-08-07,5.8750
NVDA,Call,215.00,2026-09-11,14.2250
PLTR,Put,167.50,2026-08-07,9.3750
AMZN,Call,200.00,2026-08-14,73.0000
SNDK,Call,"1,470.00",2026-08-07,40.1500
LCID,Put,6.00,2026-08-14,0.2100
GOOG,Call,390.00,2026-08-14,0.8600
MU,Call,910.00,2026-08-14,45.2250
COST,Call,950.00,2026-08-07,5.8000
MSTR,Call,95.00,2026-08-14,6.4000
SPCX,Put,65.00,2026-10-16,1.3500
PLTR,Put,160.00,2026-08-14,6.0000
SPCX,Put,117.00,2026-08-07,10.8500
GILT,Call,20.00,2028-01-21,2.1000
BTDR,Call,5.00,2026-08-07,6.2000
META,Call,627.50,2026-08-07,0.7350
SIRI,Call,29.00,2026-08-21,2.3000
EQNR,Put,36.00,2026-08-21,0.5250
NVDA,Call,145.00,2026-08-21,74.4500
MCD,Put,270.00,2027-06-17,20.2000
GOOG,Call,387.50,2026-08-07,0.1150
SHOP,Call,155.00,2026-08-14,2.1800
APO,Put,125.00,2026-08-21,2.2000
SNAP,Call,5.50,2026-09-11,0.3350
RKLB,Call,110.00,2026-08-14,0.2150
SPCX,Call,112.00,2026-08-21,7.6500
CRCL,Call,74.00,2026-08-07,0.1650
LLY,Call,"1,300.00",2026-08-07,0.2150
DKNG,Put,20.00,2026-08-07,0.3300
GFS,Call,60.00,2026-09-18,1.9250
META,Put,590.00,2026-08-07,8.6250
SMR,Call,11.00,2026-08-14,0.2450
GOOGL,Put,367.50,2026-08-07,7.3750
ORCL,Put,135.00,2028-09-15,41.9250
AAPL,Call,325.00,2026-08-10,0.3700
WMT,Call,115.00,2026-08-14,0.9200
SNDK,Call,"2,000.00",2026-08-07,0.8000
SPCX,Put,105.00,2026-08-07,3.3750
META,Call,590.00,2026-11-20,56.9500
WDC,Call,750.00,2026-08-07,0.1000
RDDT,Put,120.00,2026-10-16,4.0000
GOOGL,Put,345.00,2026-08-14,2.1350
AMZN,Put,267.50,2026-08-07,1.2150
INTC,Call,107.00,2026-08-07,0.9800
AMZN,Call,300.00,2026-08-28,1.5550
AMZN,Call,272.50,2026-08-14,5.9500
GOOG,Put,340.00,2026-08-14,1.6350
AMD,Call,482.50,2026-08-07,12.1250
AMD,Call,480.00,2026-08-07,13.5500
HPQ,Put,16.00,2027-01-15,0.1600
OSCR,Call,32.00,2026-08-07,1.0750
AMZN,Put,265.00,2026-08-28,5.1250
RKLB,Call,82.00,2026-08-07,0.4300
GOOG,Call,360.00,2026-08-14,8.0750
TGB,Call,12.00,2026-09-18,0.1250
MSTR,Call,120.00,2026-09-04,2.2850
MU,Put,925.00,2026-08-07,49.0000
HOOD,Call,92.00,2026-08-28,6.7250
SPCX,Call,112.00,2026-08-14,5.8750
AMZN,Call,280.00,2026-08-07,0.8350
RKLB,Put,55.00,2026-09-18,1.9650
WDC,Call,930.00,2026-08-07,2.1500
UPST,Call,32.50,2026-08-07,0.1350
ONON,Call,45.00,2026-12-18,2.4950
AMD,Call,582.50,2026-08-07,0.0900
SNDK,Call,"2,500.00",2026-12-18,117.6500
CRWD,Put,200.00,2026-08-14,3.4000
GOOG,Put,360.00,2026-08-14,7.6250
ARHS,Call,7.15,2026-08-21,1.5000
TSLA,Put,325.00,2026-08-14,10.5000
SMCI,Put,31.00,2026-08-07,1.2500
AAPL,Put,305.00,2026-08-10,1.4550
INTC,Call,105.00,2026-08-07,1.4050
FUBO,Call,10.50,2026-08-07,0.3850
CVNA,Call,75.00,2026-08-07,0.1400
MMM,Call,195.00,2026-09-18,1.9600
ECHO,Put,84.00,2026-08-07,0.5250
GOOGL,Call,390.00,2026-08-14,1.1350
AAPL,Put,300.00,2026-08-17,1.8200
AMD,Put,480.00,2026-08-14,20.6250
SPCX,Call,110.00,2026-09-18,12.6750
ORCL,Call,146.00,2026-08-07,2.3200
VFC,Call,19.00,2026-11-20,0.6400
AAPL,Call,307.50,2026-08-12,6.5250
NBIS,Call,275.00,2026-08-14,6.5000
SPCX,Call,170.00,2027-06-17,14.6250
WDC,Put,420.00,2026-08-07,1.3500
MU,Put,905.00,2026-08-07,36.6750
PTON,Call,9.00,2026-09-18,0.1200
AMD,Put,400.00,2026-08-14,1.4550
PLTR,Put,160.00,2026-10-16,14.1500
HOOD,Put,88.00,2026-08-14,1.8150
MRK,Call,135.00,2026-08-07,0.1500
AMD,Call,560.00,2026-08-14,3.4000
MU,Put,870.00,2026-08-07,20.0750
NVDA,Call,235.00,2026-08-17,1.1650
BMNR,Call,18.50,2026-08-14,0.8900
U,Call,38.00,2026-08-07,1.7050
LZ,Call,10.00,2026-09-18,0.3000
ACDC,Call,6.00,2026-08-21,0.0750
TTMI,Put,120.00,2026-08-21,8.5000
CVX,Call,230.00,2026-10-16,0.4550
BULL,Call,7.00,2026-08-14,0.5450
PLTR,Put,152.50,2026-08-14,2.6650
NBIS,Put,197.50,2026-08-07,2.4650
IONQ,Call,65.00,2026-12-18,3.7000
GOOGL,Put,352.50,2026-08-07,1.4100
ZETA,Call,28.00,2026-08-14,0.9300
MSTR,Call,102.00,2026-08-14,3.0250
SPCX,Call,128.00,2026-08-07,0.6950
TSLA,Call,335.00,2026-08-07,0.8750
KTOS,Call,65.00,2026-09-18,2.4500
AAL,Put,16.50,2026-08-07,0.2300
ABBV,Call,260.00,2027-06-17,22.0250
SPCX,Put,112.00,2026-08-14,9.5750
MBLY,Call,3.00,2026-09-04,6.1500
AMD,Call,532.50,2026-08-07,1.1800
AGI,Call,32.00,2026-09-18,2.0000
AAPL,Call,322.50,2026-08-10,0.5750
MRVL,Put,190.00,2026-08-07,0.9750
META,Call,600.00,2026-08-14,10.3500
SHOP,Put,110.00,2027-12-17,17.7000
OSCR,Call,34.00,2026-08-07,0.6750
FSLY,Call,30.00,2026-08-07,0.9750
SPCX,Put,83.00,2026-08-14,0.4650
PLTR,Put,165.00,2026-08-14,9.2250
SNDK,Call,"1,490.00",2026-08-07,33.9000
SMCI,Put,30.50,2026-08-07,0.9450
AMZN,Put,260.00,2026-08-10,0.4850
PENN,Call,23.00,2026-08-21,0.1750
FIG,Call,31.00,2026-08-07,0.9100
DIS,Put,98.00,2026-08-07,0.1100
ET,Call,22.00,2028-12-15,1.3600
SPCX,Call,108.00,2026-08-07,5.0750
COIN,Put,145.00,2026-08-07,1.5500
SPCX,Call,110.00,2026-08-21,8.4750
PONY,Call,9.00,2026-08-21,0.3100
KOPN,Call,0.50,2026-09-04,3.7000
QBTS,Put,18.50,2026-08-07,0.1350
M,Call,26.00,2026-08-14,0.4800
CRCL,Put,54.00,2026-08-07,0.1050
SPCX,Put,110.00,2026-08-14,8.3750
MSFT,Put,475.00,2026-08-10,2.2750
MSFT,Put,480.00,2026-08-10,3.5250
LUMN,Call,6.00,2026-08-07,0.1850
MU,Call,"1,120.00",2026-08-14,4.7500
TSLA,Call,345.00,2026-08-10,0.6400
AMD,Put,465.00,2026-08-07,5.6250
META,Put,560.00,2026-08-07,0.7550
COST,Put,670.00,2026-08-14,0.0750
FCX,Call,75.00,2026-08-07,0.0850
TSLA,Call,327.50,2026-08-21,9.2250
DASH,Call,250.00,2026-09-18,4.2750
GOOG,Put,370.00,2026-08-07,10.9500
GOOGL,Call,390.00,2026-08-07,0.1150
NVDA,Put,210.00,2026-08-07,0.3850
UBER,Call,70.00,2026-10-16,3.6750
KEEL,Call,4.50,2026-08-21,0.2250
BTDR,Call,6.00,2026-08-07,5.2000
AMD,Call,547.50,2026-08-07,0.6250
STUB,Call,5.00,2026-08-07,4.1500
APLD,Call,50.00,2026-08-28,0.1050
INTC,Call,108.00,2026-08-10,1.3100
MU,Put,470.00,2026-08-21,0.4550
META,Call,570.00,2026-11-20,67.1000
UPST,Call,34.00,2026-08-14,0.4100
BA,Put,230.00,2026-08-14,1.4650
MSFT,Call,487.50,2026-08-14,10.0250
MU,Put,845.00,2026-08-07,12.1500
SPCX,Put,80.00,2026-09-11,1.9650
KURA,Put,11.00,2027-01-15,2.8000
SNDK,Put,"1,395.00",2026-08-07,108.9000
GME,Put,18.50,2026-08-14,0.1900
U,Put,27.00,2026-08-07,0.2550
GOOGL,Call,375.00,2026-08-10,1.6100
WEN,Call,10.00,2026-09-18,0.2250
SPCX,Put,85.00,2026-08-28,1.9350
SPCX,Call,132.00,2026-08-07,0.4900
CMG,Call,35.00,2026-08-21,1.0100
TSLA,Call,317.50,2026-08-07,6.8250
PTON,Call,7.00,2026-08-28,0.3850
CRWD,Put,210.00,2026-08-07,4.0750
LLY,Call,"1,320.00",2026-09-18,13.9500
SOFI,Put,18.50,2026-08-14,0.6850
NOW,Call,118.00,2026-08-07,2.0750
AFRM,Call,82.00,2026-08-07,0.6000
GOOGL,Put,370.00,2026-08-07,9.1500
INTC,Call,114.00,2026-08-07,0.2050
RKLB,Call,78.00,2026-08-07,1.1600
MU,Call,"1,000.00",2026-08-07,3.6750
NVDA,Call,220.00,2026-08-14,5.0250
SPCX,Call,305.00,2027-01-15,1.5100
GOOGL,Call,360.00,2026-08-14,9.6000
EBAY,Call,110.00,2026-08-07,5.0250
QXO,Call,18.00,2026-10-16,1.1750
FUTU,Call,116.00,2026-08-07,0.1750
DVN,Call,43.00,2026-08-07,0.2300
BULL,Put,7.50,2026-08-14,0.3550
META,Call,590.00,2026-08-07,7.8250
LLY,Put,520.00,2026-09-18,1.3650
UBER,Put,60.00,2026-09-18,0.5300
JNJ,Put,250.00,2026-08-14,1.2400
QBTS,Put,21.00,2026-08-07,0.8750
ONON,Call,45.00,2027-03-19,4.0250
AMD,Call,600.00,2026-08-10,0.1950
ASTS,Call,71.00,2026-08-07,1.3900
SPCX,Put,91.00,2026-08-14,1.3350
NVTS,Put,11.50,2026-08-07,0.1350
DDOG,Put,260.00,2026-08-07,8.5500
TSLA,Call,335.00,2026-08-14,4.0500
MSFT,Call,500.00,2026-08-07,1.3000
FLNC,Call,20.00,2026-08-21,0.7500
MSTR,Call,98.00,2026-08-07,2.6000
ANET,Call,212.50,2026-08-07,0.9250
WDC,Put,500.00,2026-09-18,55.2500
SNDK,Call,"1,430.00",2026-08-07,51.7000
MU,Call,955.00,2026-08-07,9.6750
KRMN,Call,50.00,2026-08-21,7.8000
LKQ,Put,22.50,2026-11-20,1.6000
NVDA,Put,212.50,2026-08-12,1.9500
AMZN,Call,285.00,2026-08-12,1.2300
AVGO,Call,432.50,2026-08-07,2.1350
OSCR,Put,25.00,2026-08-07,0.1900
ARM,Call,292.50,2026-08-07,2.8150
GOOG,Put,345.00,2026-08-07,0.6250
AMD,Call,600.00,2026-08-28,6.0750
APP,Put,300.00,2027-02-19,32.2000
GLXY,Call,19.00,2026-08-14,1.5050
WULF,Call,12.00,2028-01-21,10.2750
WDC,Put,450.00,2026-08-07,4.2750
CVS,Put,98.00,2026-08-07,0.6950
SPCX,Put,75.00,2026-09-04,1.0400
SPCX,Call,131.00,2026-08-14,1.7300
PLTR,Put,165.00,2026-10-16,17.0500
QCOM,Call,172.50,2026-08-07,0.1600
SPCX,Put,80.00,2026-09-04,1.6250
ZETA,Call,30.00,2026-08-14,0.4050
HOOD,Put,85.00,2026-08-14,1.0400
AAPL,Call,312.50,2026-08-14,4.6000
PURR,Call,7.50,2026-08-21,0.3500
SPCX,Put,105.00,2026-09-04,9.5750
HOOD,Put,94.00,2026-08-07,2.7550
B,Put,38.00,2026-12-18,2.8400
HOOD,Call,90.00,2026-08-14,5.6000
GOOGL,Call,375.00,2026-08-14,3.5750
AVGO,Call,435.00,2026-08-14,6.7000
NKE,Put,38.00,2026-08-21,0.1350
META,Call,585.00,2026-08-14,17.1750
AMD,Put,420.00,2026-11-20,37.7750
DK,Call,65.00,2026-08-21,1.8000
SPCX,Put,98.00,2026-08-07,1.2050
SNDK,Call,"1,800.00",2026-08-07,3.4000
AMZN,Put,275.00,2026-08-07,4.4000
MU,Call,"1,035.00",2026-08-07,1.7650
VZ,Put,43.50,2026-08-21,0.1800
CAKE,Put,105.00,2026-10-16,7.1000
MSTR,Put,96.00,2026-08-07,1.3250
ZETA,Call,35.00,2026-08-21,0.1250
APPS,Call,14.00,2026-09-18,1.3750
AG,Call,18.50,2026-08-07,0.1350
FIG,Call,27.50,2026-08-07,2.3600
AMZN,Call,282.50,2026-08-14,2.3200
PM,Put,185.00,2026-08-07,1.4500
NVDA,Call,280.00,2026-08-28,0.3150
SOUN,Put,5.50,2026-08-21,0.2200
MU,Call,"1,020.00",2026-08-07,2.4100
BULL,Put,7.00,2026-08-14,0.1250
AMD,Put,475.00,2026-08-07,9.0500
SPCX,Call,129.00,2026-08-07,0.6350
GME,Put,18.00,2026-09-18,0.5850
SPCX,Call,112.00,2026-08-07,3.4500
NBIS,Call,225.00,2026-08-14,20.0000
BROS,Call,67.00,2026-08-07,2.8750
MSFT,Put,477.50,2026-08-07,1.8700
AMD,Put,490.00,2026-08-07,17.1500
UNH,Call,430.00,2026-08-07,0.2500
RIO,Put,90.00,2026-09-18,1.0500
TSLA,Put,307.50,2026-08-10,1.2950
DKNG,Put,21.50,2026-08-07,0.8450
META,Call,612.50,2026-08-07,1.8100
NBIS,Put,202.50,2026-08-07,3.5750
RUN,Put,9.00,2026-08-07,0.1850
MSFT,Put,490.00,2026-08-14,10.9250
IONQ,Put,35.00,2026-08-07,0.4100
NBIS,Put,210.00,2026-08-21,21.6750
AMD,Put,472.50,2026-08-07,8.1000
RIOT,Put,23.00,2026-08-07,1.9000
EOSE,Call,1.00,2026-09-04,3.8150
CIFR,Call,24.00,2026-10-16,2.2250
SNDK,Put,"1,050.00",2026-08-07,4.7500
FSLY,Call,26.00,2026-08-07,2.2250
APP,Call,500.00,2026-08-14,5.7500
TSLA,Put,310.00,2026-08-10,1.7450
GOOGL,Put,350.00,2026-08-14,3.2500
CVX,Put,187.50,2026-08-07,2.2750
SNDK,Put,"1,150.00",2026-08-07,14.4000
SHOP,Put,95.00,2028-01-21,13.3750
SPCX,Put,80.00,2026-08-14,0.3100
CRWV,Put,88.00,2026-08-07,2.1850
GEMI,Call,1.50,2026-08-07,2.5250
ENPH,Call,60.00,2026-10-16,1.5650
NEOV,Call,5.00,2026-11-20,0.4250
NVDA,Call,225.00,2026-08-17,3.4500
PSKY,Put,9.00,2026-08-07,0.3400
HOOD,Call,97.00,2026-08-14,2.4350
WDC,Put,500.00,2026-08-07,18.0000
AMAT,Call,730.00,2026-08-21,2.4550
JOBY,Put,6.50,2026-08-21,0.1300
AG,Call,18.00,2026-08-07,0.2700
PROF,Call,7.50,2026-08-21,0.9250
WDC,Call,700.00,2026-08-21,5.4500
RZLV,Put,2.00,2027-01-15,0.4000
AMD,Put,460.00,2026-08-07,4.3000
AMZN,Call,285.00,2026-08-07,0.2900
SPCX,Put,96.00,2026-08-07,0.8500
AVGO,Put,395.00,2026-08-07,0.8800
PLTR,Put,157.50,2026-08-14,4.6500
ASTS,Call,78.00,2026-08-07,0.2700
TPR,Put,125.00,2026-08-21,0.4000
META,Call,950.00,2028-01-21,44.6750
LSCC,Call,190.00,2026-08-21,0.1250
RKLB,Put,73.00,2026-08-07,1.4400
XYZ,Call,84.00,2026-08-07,4.2000
MNST,Call,97.50,2026-09-18,3.4000
VST,Call,150.00,2026-08-07,1.5150
DIS,Call,103.00,2026-08-21,1.8200
SNAP,Call,6.00,2026-09-04,0.1400
OWL,Call,13.00,2027-02-19,0.9750
MU,Call,960.00,2026-08-07,8.7250
NFLX,Call,78.00,2026-08-14,0.4950
GOOGL,Call,400.00,2026-10-16,9.3750
GOOG,Call,385.00,2026-08-07,0.1600
NVDA,Call,222.50,2026-08-21,5.6500
SPCX,Call,130.00,2026-08-07,0.5850
FSLY,Call,28.00,2026-08-07,1.5000
SPCX,Call,115.00,2026-09-04,8.8750
ZETA,Call,24.00,2026-08-14,3.4500
PRU,Put,115.00,2026-08-21,0.7500
APP,Call,480.00,2026-08-21,12.6000
HDB,Put,27.50,2026-08-21,3.7500
IBM,Call,242.50,2026-08-07,0.9500
NFLX,Call,92.00,2027-06-17,6.4250
KO,Call,100.00,2027-06-17,2.6900
CHGG,Call,1.0000,2026-08-21,0.1750
INTC,Call,116.00,2026-08-07,0.1200
AMD,Call,510.00,2026-08-14,12.1000
SPCX,Put,103.00,2026-08-21,6.4250
CCL,Call,34.00,2026-10-16,0.9600
FIG,Call,35.00,2026-08-07,0.2900
TSLA,Call,332.50,2026-08-07,1.2200
CRM,Put,187.50,2026-08-07,1.3500
TSLA,Call,322.50,2026-08-21,11.4250
SBUX,Put,105.00,2026-08-14,1.6600
MU,Call,970.00,2026-08-07,7.0750
NVDA,Put,205.00,2026-08-17,1.2400
MU,Put,815.00,2026-08-07,6.2500
CMPS,Call,13.00,2026-09-18,1.8000
UBER,Put,68.00,2026-08-21,1.8550
NVDA,Put,205.00,2026-08-12,0.6850
CVS,Put,95.00,2026-08-07,0.2050
NKE,Put,41.00,2026-08-21,0.6500
COHR,Put,270.00,2026-09-18,19.6500
SPCX,Put,95.00,2026-08-28,4.4250
META,Call,625.00,2026-08-07,0.8200
RGTI,Put,13.00,2026-09-18,0.5800
TSLA,Call,350.00,2026-08-10,0.4200
SNDK,Call,"1,450.00",2026-08-14,81.7500
WDC,Put,430.00,2026-08-07,2.0400
MBLY,Call,1.00,2026-09-04,8.2000
OPK,Call,1.0000,2027-03-19,0.5750
TSM,Call,560.00,2026-11-20,7.6500
AMD,Call,545.00,2026-08-07,0.6150
MSTR,Call,97.50,2026-08-07,2.8950
ON,Call,80.00,2026-08-07,0.7650
SPCX,Put,104.00,2026-08-14,5.2250
ZETA,Call,21.00,2026-08-07,6.2750
META,Call,605.00,2026-08-07,3.0300
SPCX,Call,115.00,2026-12-18,18.4500
AMD,Put,435.00,2026-08-07,0.9100
CSX,Call,55.00,2026-09-18,0.4500
PCG,Call,30.00,2026-09-18,0.0650
BSX,Put,45.50,2026-08-14,0.4500
SNDK,Call,"2,000.00",2026-08-14,7.4000
NFLX,Put,70.00,2026-09-04,1.1950
SNDK,Call,"1,400.00",2026-08-14,96.3500
AMD,Call,560.00,2026-10-16,32.6250
DELL,Call,480.00,2026-08-07,6.6250
SPCX,Call,123.00,2026-08-21,4.3750
ANVS,Call,2.0000,2026-09-04,0.1750
KDP,Call,33.00,2026-09-18,0.4500
MU,Put,840.00,2026-08-07,10.9250
TGT,Call,155.00,2026-12-18,10.1750
FRO,Call,40.00,2026-11-20,2.7250
EQPT,Call,20.00,2027-01-15,4.4500
MU,Call,965.00,2026-08-07,7.8500
SPCX,Put,100.00,2026-09-04,7.2000
AMZN,Put,265.00,2026-08-07,0.7250
HOOD,Put,90.00,2026-08-28,4.6750
VIAV,Call,55.00,2026-08-21,0.5000
UUUU,Put,11.00,2026-10-16,1.1000
AGNC,Call,11.00,2027-03-19,0.4000
GME,Put,18.00,2026-10-16,0.8250
NVO,Call,50.00,2026-09-04,0.3100
NVDA,Call,250.00,2026-09-11,2.6700
CVX,Put,182.50,2026-08-07,0.4450
SPCX,Call,119.00,2026-08-14,3.7250
MU,Call,"1,090.00",2026-08-07,0.6500
KHC,Call,26.00,2026-08-07,0.1250
MU,Put,820.00,2026-08-07,7.0250
INTC,Call,101.00,2026-08-07,2.9700
SPCX,Put,98.00,2026-08-14,2.9900
GTM,Put,3.00,2026-09-18,0.1750
MU,Put,775.00,2026-08-07,2.4000
APP,Call,550.00,2026-08-07,0.8250
VIK,Call,110.00,2026-08-21,3.7000
SNDK,Call,"1,650.00",2026-08-07,11.1500
FSLR,Call,270.00,2026-08-07,2.9950
ETSY,Call,100.00,2026-10-16,5.2000
NBIS,Put,187.50,2026-08-07,1.2150
INTC,Put,92.50,2026-08-07,0.3850
RGTI,Put,17.00,2026-08-07,1.0250
AMD,Call,490.00,2026-08-07,9.1000
SPCX,Put,101.00,2026-08-07,1.9450
WMT,Call,115.00,2026-08-28,2.7500
TRLV,Call,5.00,2026-08-21,3.3500
AMD,Put,467.50,2026-08-07,6.3500
BA,Put,232.50,2026-08-07,0.5000
AMD,Call,580.00,2026-10-16,27.7500
MU,Call,"1,030.00",2026-08-07,1.9600
TSLA,Call,357.50,2026-08-07,0.0950
JNJ,Call,265.00,2026-08-07,0.3450
AVGO,Call,435.00,2026-08-07,1.6300
SPCX,Put,99.00,2026-08-21,4.7750
HON,Put,230.00,2026-09-18,3.4500
OWL,Call,13.00,2026-11-20,0.6000
LRCX,Put,255.00,2026-08-14,1.4900
MU,Put,830.00,2026-08-07,8.7750
UBER,Put,67.50,2026-10-16,3.5500
AMD,Put,440.00,2026-08-07,1.2350
TSLA,Call,337.50,2026-08-07,0.6350
AMZN,Call,282.50,2026-08-07,0.5100
VZ,Put,42.00,2027-12-17,3.5200
AMD,Call,620.00,2026-10-16,20.5000
SKHY,Call,157.50,2026-08-07,3.3500
SNDK,Put,650.00,2026-09-18,7.5500
AMD,Put,415.00,2026-08-07,0.2550
MU,Put,825.00,2026-08-07,7.8250
INTC,Call,102.00,2026-08-14,4.9750
UBER,Call,140.00,2027-12-17,1.7700
MU,Call,905.00,2026-08-07,25.1750
SNDK,Call,"1,700.00",2026-08-07,7.7000
OSCR,Call,34.50,2026-08-07,0.4100
INTC,Put,210.00,2027-12-17,117.9750
XOM,Put,148.00,2026-08-07,0.3500
AMD,Call,522.50,2026-08-07,1.9600
KO,Call,86.00,2026-08-14,1.6700
AMD,Call,"1,080.00",2026-10-16,0.7500
XYZ,Call,105.00,2026-09-18,0.9900
CLF,Call,17.00,2027-06-17,1.9450
OPEN,Put,4.00,2026-10-16,0.7000
AVGO,Put,420.00,2026-08-07,7.9000
NVDA,Call,245.00,2026-09-11,3.5000
SOUN,Put,6.00,2026-09-18,0.5600
MU,Call,"1,005.00",2026-08-07,3.3250
FUTU,Call,115.00,2026-08-07,0.4550
SPCX,Put,93.00,2026-08-14,1.7050
TSLA,Put,315.00,2026-08-14,5.6750
LCID,Call,6.50,2026-08-07,0.3700
PAAS,Call,51.00,2026-08-21,1.3750
MU,Call,810.00,2026-08-21,116.7750
GILD,Call,131.00,2026-08-07,1.9750
ARM,Call,310.00,2026-08-07,0.8400
AMZN,Put,272.50,2026-08-21,6.9750
QCOM,Call,185.00,2026-08-14,0.4050
ORCL,Call,149.00,2026-08-07,1.3450
IONQ,Put,40.00,2026-08-07,2.2200
ZVRA,Put,12.00,2027-12-17,3.6500
AMD,Call,495.00,2026-08-21,23.1000
UEC,Call,14.00,2026-11-20,0.9150
ALAB,Call,300.00,2026-08-21,38.5000
NG,Put,7.00,2026-12-18,1.3000
CLMT,Put,40.00,2026-08-21,2.5500
SNDK,Call,"1,900.00",2026-08-07,1.5750
FLR,Call,52.50,2026-08-21,2.4000
HNGE,Call,95.00,2026-09-18,2.0500
TSLA,Call,342.50,2026-08-07,0.3400
UBER,Call,70.00,2026-09-18,2.6650
NVDA,Call,217.50,2026-08-14,6.3250
NVDA,Call,227.50,2026-08-21,3.8000
FLNC,Call,21.00,2026-08-21,0.5500
CCOI,Call,20.00,2026-09-18,0.5250
STTK,Put,7.50,2026-08-21,0.5250
CDE,Call,14.50,2026-08-14,3.1000
AAPL,Put,332.50,2026-08-14,21.8750
ASTS,Call,77.00,2026-08-07,0.3550
NBIS,Put,205.00,2026-08-07,4.2000
SPCX,Put,55.00,2026-09-18,0.2750
KO,Put,80.00,2028-01-21,5.0000
SPCX,Call,121.00,2026-08-14,3.2500
LLY,Call,"1,280.00",2026-08-07,0.3050
MSFT,Put,445.00,2026-08-10,0.1750
MU,Put,785.00,2026-08-07,3.0800
AMD,Call,650.00,2026-08-14,0.3850
RKLB,Put,72.00,2026-08-07,1.1300
GLNG,Call,55.00,2026-11-20,2.4500
AMD,Call,510.00,2026-08-07,3.6000
GIS,Put,35.00,2026-09-18,1.1000
MSTR,Call,99.00,2026-08-07,2.1050
AVT,Call,95.00,2026-08-21,5.4000
CVNA,Call,75.00,2026-09-18,3.7250
DIS,Put,99.00,2026-08-21,1.0700
KTOS,Call,60.00,2026-08-14,1.1500
SPCX,Put,101.00,2026-08-21,5.5750
SMCI,Put,29.50,2026-08-07,0.4750
DDOG,Call,360.00,2026-08-07,1.4400
CRCL,Put,56.00,2026-08-07,0.1400
FISV,Call,60.00,2026-08-07,0.7000
CRBP,Call,12.50,2026-12-18,1.9250
TSLA,Call,337.50,2026-08-10,1.3250
XPEV,Put,11.50,2026-08-07,0.0900
SPCX,Call,210.00,2026-08-14,0.1650
NEE,Call,86.00,2026-08-07,0.5500
KTOS,Call,50.00,2026-08-21,6.7500
TSLA,Call,370.00,2026-08-14,0.5550
GOOG,Call,367.50,2026-08-07,1.7650
INSM,Put,95.00,2026-08-21,5.0500
AMZN,Put,270.00,2026-08-10,2.6800
META,Call,650.00,2026-08-07,0.1950
SPCX,Put,115.00,2026-09-18,17.0500
TSLA,Call,310.00,2026-08-07,12.4250
MRVL,Call,280.00,2026-09-18,9.0250
MU,Put,930.00,2026-12-18,195.4500
TTWO,Call,220.00,2026-11-20,35.6500
TSLA,Call,335.00,2026-08-12,2.9650
SPCX,Put,107.00,2026-08-14,6.6750
BULL,Put,7.00,2026-08-21,0.2450
WDC,Put,400.00,2026-08-07,0.6150
FLUT,Call,115.00,2026-09-18,0.8500
CRWV,Put,82.00,2026-08-07,0.5550
MU,Call,"1,010.00",2026-08-07,2.9900
SNDK,Put,"1,350.00",2026-08-07,84.2000
GOOG,Call,382.50,2026-08-07,0.2100
AMD,Call,630.00,2026-11-20,30.9000
CRM,Put,190.00,2026-08-07,2.1400
MCD,Call,282.50,2026-08-07,0.3450
SPCX,Call,80.00,2026-08-07,28.1250
META,Call,587.50,2026-08-07,8.9250
LCID,Call,7.00,2026-08-07,0.1500
DHT,Call,18.00,2026-08-21,1.0250
ERII,Put,7.50,2026-08-21,0.1500
SPCX,Put,85.00,2026-09-04,2.4950
INSW,Call,90.00,2026-08-21,5.6500
TSLA,Put,300.00,2026-08-12,1.1950
RIOT,Put,17.00,2026-08-14,0.2050
GME,Put,15.00,2026-09-18,0.1450
NEM,Call,107.00,2026-08-07,0.5800
SCHW,Call,110.00,2026-08-14,0.9000
BG,Put,110.00,2026-10-16,8.3000
AMZN,Put,245.00,2026-08-14,0.2700
GDDY,Call,110.00,2026-08-21,0.2500
BE,Put,235.00,2026-08-21,23.7250
MSTR,Call,111.00,2026-08-14,1.0550
CRWD,Call,212.50,2026-08-07,2.9250
GOOGL,Call,380.00,2026-08-10,0.8950
DKNG,Put,22.00,2026-08-07,1.0700
GOOG,Call,400.00,2026-10-16,8.6250
NVDA,Call,212.50,2026-08-14,9.4750
SPCX,Call,50.00,2028-12-15,72.1500
CRCL,Put,58.00,2026-08-14,1.0950
SMCI,Put,32.00,2026-08-07,1.9300
SPCX,Put,106.00,2026-08-14,6.1750
ANET,Put,180.00,2026-08-07,0.3900
KD,Call,15.00,2026-08-21,0.3250
KNX,Call,75.00,2026-08-21,0.8000
GME,Put,18.00,2026-08-21,0.1650
ZTS,Call,90.00,2026-08-21,0.6250
CMPS,Call,14.00,2026-11-20,2.5500
U,Put,27.00,2026-08-14,0.2850
APP,Call,470.00,2026-08-07,7.9500
BA,Put,230.00,2028-12-15,36.8000
META,Call,"1,320.00",2026-09-18,0.1350
LLY,Put,"1,050.00",2026-08-07,0.1200
META,Put,540.00,2026-08-07,0.1550
AMD,Call,520.00,2026-08-07,2.1850
SNAP,Call,5.50,2026-08-14,0.1450
PLTR,Call,160.00,2026-08-07,2.2700
AAL,Put,14.00,2026-09-18,0.2650
MKSI,Call,350.00,2026-08-21,13.4500
FRMI,Call,2.00,2026-08-07,4.2000
CLF,Call,5.00,2028-01-21,8.3750
SNAP,Call,5.50,2026-08-28,0.2400
COST,Put,870.00,2026-08-21,1.2400
MRVL,Put,155.00,2026-12-18,16.1000
AMD,Call,490.00,2026-10-16,56.2750
TXN,Call,315.00,2026-08-21,1.7200
JPM,Put,355.00,2026-08-07,0.9800
SPCX,Call,122.00,2026-08-14,3.0500
AMD,Call,590.00,2026-09-11,12.0250
GLW,Call,175.00,2026-08-07,0.3150
AMZN,Put,290.00,2026-08-07,17.5500
JOBY,Put,7.50,2026-08-07,0.2400
NVO,Call,46.00,2026-08-07,0.1350
CLF,Put,12.50,2026-08-07,0.2450
RKLB,Call,77.00,2026-08-07,1.4550
VZ,Call,45.00,2026-08-07,1.3050
CDW,Put,130.00,2026-08-21,1.6750
NVDA,Put,215.00,2026-10-16,13.2250
DJT,Call,20.00,2026-11-20,0.4400
SPCX,Put,100.00,2026-08-14,3.6250
AMD,Call,552.50,2026-08-07,0.4500
ETSY,Call,85.00,2026-08-07,6.6000
PLTR,Put,162.50,2026-08-14,7.5000
SHOP,Call,175.00,2026-08-21,0.3900
WULF,Call,12.00,2027-12-17,10.1250
CRCL,Put,63.00,2026-08-07,1.9100
USB,Call,64.00,2026-08-07,0.6450
APH,Put,140.00,2026-08-21,0.4250
STM,Call,55.00,2027-01-15,8.7000
EXPE,Put,280.00,2026-08-07,2.0500
MSTR,Call,108.00,2026-08-07,0.2150
FRVO,Call,25.00,2026-09-18,2.4000
IBM,Put,222.50,2026-08-07,0.3100
VISN,Put,12.00,2026-08-21,0.8000
CRCL,Call,73.00,2026-08-07,0.2150
SPCX,Call,114.00,2026-08-21,6.9250
HOOD,Put,90.00,2026-08-14,2.5600
FISV,Put,54.00,2026-08-07,2.2000
GOOGL,Put,365.00,2026-12-18,29.8500
SPCX,Call,105.00,2026-08-14,9.0000
TSLA,Call,347.50,2026-08-07,0.2000
GOOGL,Call,400.00,2026-08-14,0.4900
BTG,Call,4.00,2026-08-07,0.2500
CIFR,Call,19.00,2026-08-14,1.2700
AAPL,Call,320.00,2026-08-07,0.5600
SBUX,Call,109.00,2026-08-07,0.2150
AMD,Put,440.00,2026-08-14,6.2750
MNKD,Call,1.00,2026-09-11,3.9250
FRMI,Call,1.50,2026-08-07,4.7500
DDOG,Call,360.00,2026-10-16,12.8500
NBIS,Call,290.00,2026-08-21,7.6750
APP,Put,420.00,2026-08-07,25.4000
GOOGL,Put,352.50,2026-08-21,6.0000
AMD,Call,480.00,2026-11-20,75.7000
XE,Put,15.00,2026-09-18,0.8500
RFL,Call,5.0000,2026-09-18,0.1750
TSLA,Call,320.00,2026-09-04,17.1750
OSCR,Call,31.00,2026-08-07,1.4950
ASTS,Put,66.00,2026-08-07,1.1950
INTC,Call,71.00,2026-08-07,30.2500
MU,Call,920.00,2026-08-14,41.0750
AMZN,Call,277.50,2026-08-14,3.8250
ANET,Call,220.00,2026-08-07,0.2850
NVDA,Put,225.00,2026-10-16,18.4750
AMD,Put,340.00,2026-09-18,3.1600
LRCX,Call,355.00,2026-08-21,6.5500
TSLA,Call,340.00,2026-08-07,0.4600
RIOT,Call,25.00,2026-08-21,0.9000
ALAB,Call,360.00,2026-08-07,1.7750
TSLA,Call,355.00,2026-09-04,5.6250
DDOG,Call,290.00,2026-08-07,16.3000
MU,Put,930.00,2026-08-07,51.8750
UBER,Call,77.50,2027-06-17,7.4000
KHC,Call,25.50,2026-08-07,0.6750
AMD,Put,430.00,2026-08-14,4.5500
GOOGL,Call,380.00,2026-08-28,6.1000
AMZN,Call,220.00,2026-08-07,52.5500
APTV,Call,50.00,2026-08-21,0.8250
AMD,Call,600.00,2026-08-14,1.2300
BE,Put,100.00,2026-09-18,0.8900
AMZN,Call,410.00,2026-12-18,1.0800
AMAT,Call,700.00,2026-09-18,18.0750
WFC,Call,90.00,2026-08-07,0.3000
CPRI,Call,20.00,2027-01-15,1.1750
SPCX,Put,85.00,2026-08-14,0.6050
BABA,Put,125.00,2026-08-14,1.8100
ANET,Call,215.00,2026-08-07,0.6800
HOOD,Put,89.00,2026-08-07,0.6650
PCT,Put,6.50,2026-08-14,0.4500
MU,Call,980.00,2026-08-07,5.7250
SPCX,Put,118.00,2026-08-14,13.5750
CIFR,Call,15.00,2026-10-16,6.0500
SPCX,Put,121.00,2026-08-14,15.8250
FLUT,Call,110.00,2026-09-18,1.6000
ETSY,Call,93.00,2026-08-07,3.2700
MU,Call,"1,200.00",2026-08-14,2.1000
UEC,Call,10.00,2026-08-21,1.1400
DIS,Call,101.00,2026-08-07,1.4250
SPOT,Call,500.00,2026-08-07,1.8050
DASH,Put,190.00,2026-08-07,3.9500
NVDA,Call,220.00,2026-09-04,10.7250
OXY,Call,55.00,2026-08-07,0.7200
RIOT,Call,24.00,2026-08-14,0.8200
MS,Call,215.00,2026-08-07,4.7000
ANET,Call,185.00,2026-10-16,28.5750
CVNA,Put,68.00,2026-09-18,4.8750
RELY,Put,21.00,2026-08-21,0.5500
TSLA,Put,305.00,2026-08-10,0.9650
SPCX,Call,130.00,2026-08-28,3.9750
MRNA,Call,75.00,2026-09-18,1.3700
DDOG,Put,260.00,2026-08-14,10.1750
MU,Put,865.00,2026-08-07,18.2500
DELL,Put,370.00,2026-09-18,18.1000
JD,Put,32.00,2026-10-16,1.7400
TTMI,Put,100.00,2026-08-21,2.6000
DKNG,Call,25.00,2026-09-18,0.8650
FCX,Call,80.00,2026-09-18,1.9150
SMCI,Call,40.00,2026-08-14,0.4000
IONQ,Call,41.50,2026-08-07,1.6000
SPCX,Call,127.00,2026-08-14,2.2100
APP,Put,360.00,2026-08-07,4.3500
APPS,Call,14.00,2026-08-21,0.7500
META,Put,575.00,2026-08-07,2.8500
WFC,Put,88.00,2026-08-07,0.4100
SNOW,Put,300.00,2026-08-07,2.2500
QCOM,Put,157.50,2026-08-07,2.9500
SNDK,Put,"1,000.00",2026-08-14,11.3500
SPCX,Put,95.00,2026-09-04,5.2500
UBER,Call,140.00,2028-01-21,1.9450
MRVL,Put,162.50,2026-08-21,1.5150
AMD,Call,565.00,2026-08-21,6.4250
FISV,Call,54.00,2026-08-07,2.5000
B,Call,41.00,2026-08-21,1.7400
AAPL,Call,320.00,2026-08-14,2.1050
TSLA,Call,315.00,2026-08-07,8.5000
NBIS,Call,370.00,2026-08-21,2.4850
TSM,Call,440.00,2026-08-14,3.2200
MCHP,Put,78.00,2026-08-07,3.4000
CRCL,Call,90.00,2028-01-21,21.5250
FSLR,Put,230.00,2026-08-07,7.8250
APP,Put,350.00,2026-08-07,2.7250
CSCO,Call,126.00,2026-08-07,0.2850
MU,Call,880.00,2026-08-07,37.3750
MSTR,Call,106.00,2026-08-07,0.3800
ABNB,Put,105.00,2027-06-17,3.6750
CDE,Call,14.00,2026-08-21,3.5500
NET,Put,185.00,2026-08-21,0.2500
ASTS,Put,70.00,2026-08-14,6.3500
BA,Put,235.00,2026-08-07,0.8650
GOOG,Call,375.00,2026-08-14,2.7900
MSFT,Put,365.00,2027-01-15,5.5500
AMZN,Call,275.00,2026-08-07,2.1800
PLTR,Call,210.00,2026-09-04,0.4600
WPM,Put,120.00,2026-09-18,6.1000
WDC,Call,560.00,2026-08-07,12.0000
BIDU,Call,105.00,2026-10-16,13.6250
IONQ,Call,30.00,2026-09-18,12.0750
HIMS,Put,28.00,2026-08-14,1.0150
BB,Call,8.00,2026-08-28,1.0950
PDD,Put,95.00,2026-10-16,8.0000
AMD,Call,550.00,2026-08-10,1.2800
SPCX,Call,162.50,2026-08-28,1.1350
AMZN,Put,270.00,2026-08-28,7.1250
CBRS,Call,330.00,2026-08-14,1.5250
ANET,Call,202.50,2026-08-07,3.2500
NOK,Call,27.00,2027-12-17,0.8850
RBLX,Put,22.50,2028-01-21,4.3500
MU,Put,860.00,2026-08-07,16.5500
NVO,Call,48.50,2026-08-21,0.2300
U,Call,40.00,2026-09-18,2.3000
INTC,Call,105.00,2026-08-14,3.7250
SPCX,Call,150.00,2026-08-14,0.6850
BYND,Call,0.5000,2026-08-14,0.1400
NVDA,Put,205.00,2026-08-07,0.1450
SPCX,Put,105.00,2026-08-21,7.3750
ANET,Call,192.50,2026-08-07,7.9750
GRND,Call,20.00,2026-08-21,0.3250
VRT,Call,290.00,2026-08-07,3.1700
SNDK,Call,"1,350.00",2026-08-07,81.1500
MU,Call,940.00,2026-08-07,13.1750
PLTR,Call,180.00,2027-03-19,21.2250
NFLX,Call,85.00,2026-08-28,0.2800
BRK.B,Call,555.00,2026-08-28,0.4350
FISV,Call,65.00,2026-08-14,0.2750
PANW,Put,290.00,2026-08-21,0.7900
MSFT,Put,472.50,2026-08-07,1.0950
QCOM,Put,145.00,2026-08-07,0.2000
NOW,Put,115.00,2026-08-07,1.4950
FCX,Put,65.00,2026-08-14,0.7200
MU,Call,900.00,2026-08-07,27.4000
SPCX,Put,110.00,2026-09-18,14.0250
GRAB,Put,3.50,2026-09-04,0.1200
ADBE,Call,540.00,2026-12-18,0.7250
ASX,Call,45.00,2027-01-15,5.5000
CELH,Call,33.00,2026-08-07,0.6000
MSFT,Call,495.00,2026-08-19,8.4500
WOLF,Call,30.00,2026-08-28,1.8600
AAPL,Put,295.00,2026-08-10,0.2250
REPL,Put,3.00,2026-09-04,0.2000
EQT,Call,52.00,2026-08-14,0.7050
CIFR,Put,19.00,2026-08-14,1.5800
AMZN,Put,275.00,2026-08-10,5.1500
COST,Put,930.00,2026-08-07,3.6250
CRWV,Put,83.00,2026-08-07,0.7000
RKLB,Put,75.00,2026-08-07,2.3950
WMT,Put,111.00,2026-08-07,0.4600
QBTS,Call,21.50,2026-08-07,0.9850
ERO,Call,30.00,2027-01-15,5.5000
SPCX,Put,88.00,2026-08-07,0.2000
WMT,Call,113.00,2026-08-07,0.7450
NVDA,Call,220.00,2026-08-28,9.4500
ATOM,Put,5.00,2026-08-21,0.4250
SPCX,Call,125.00,2026-08-28,5.0000
GOOG,Put,340.00,2026-08-07,0.3150
WULF,Call,20.00,2026-08-14,0.5500
QXO,Call,14.00,2026-08-07,1.8250
CRCL,Call,100.00,2026-10-16,2.1750
META,Call,730.00,2026-09-18,2.9400
GLUE,Call,17.50,2026-08-21,0.9000
CNC,Put,60.00,2026-12-18,3.7250
AMD,Call,480.00,2026-10-16,60.6250
AMC,Call,3.00,2027-03-19,0.7500
TSLA,Call,312.50,2026-08-14,14.0500
EOSE,Call,3.50,2026-08-14,0.4850
SNDK,Put,530.00,2026-08-14,0.2500
INTC,Put,100.00,2026-08-14,4.6500
MSFT,Put,465.00,2026-08-07,0.4350
ANET,Call,195.00,2026-08-07,6.5000
WMT,Put,112.00,2026-08-07,0.7900
SOUN,Put,6.50,2026-08-07,0.4950
WDC,Call,700.00,2026-08-07,0.3250
META,Put,580.00,2026-08-07,4.3500
KO,Call,90.00,2026-11-20,2.7750
WULF,Call,23.50,2026-08-21,0.2150
LCID,Put,3.00,2027-12-17,1.2800
SPCX,Call,125.00,2026-08-21,3.9500
MU,Call,"1,110.00",2026-08-07,0.4750
MP,Call,55.00,2026-08-07,0.3050
EOSE,Put,3.50,2026-08-14,0.1450
SPCX,Call,110.00,2026-10-16,15.4250
GOOGL,Call,370.00,2026-08-14,5.1250
BE,Put,150.00,2026-08-21,1.2250
HNGE,Put,90.00,2026-08-21,10.1000
MP,Put,45.00,2027-01-15,7.1000
MU,Call,"1,050.00",2026-08-07,1.3500
SMCI,Call,31.50,2026-08-14,1.9800
GEHC,Put,70.00,2026-09-18,2.9250
NVTS,Put,12.50,2026-08-07,0.5750
SPCX,Put,117.00,2026-08-21,14.6500
AAPL,Call,310.00,2026-09-04,10.2000
COMP,Call,16.00,2026-11-20,0.9750
AA,Call,60.00,2026-09-18,0.5500
SPCX,Put,118.00,2026-08-07,11.5500
NVDA,Call,250.00,2026-08-14,0.1750
AMD,Call,530.00,2026-08-07,1.3100
TSLA,Call,312.50,2026-08-07,10.4000
STM,Call,67.00,2026-08-21,0.2000
GOOGL,Call,375.00,2026-08-07,0.8800
SMR,Put,11.00,2026-08-07,1.7000
MCHP,Call,95.00,2026-10-16,3.6500
HPE,Call,53.00,2026-08-14,2.6750
UBER,Put,66.00,2026-08-21,1.0100
EXPE,Put,250.00,2026-09-18,3.6750
IONQ,Call,44.00,2026-08-14,1.5700
UPS,Call,106.00,2026-08-14,2.9150
FIG,Put,24.50,2026-08-07,0.7100
DDOG,Put,240.00,2026-08-07,3.6500
CIFR,Call,24.00,2026-08-14,0.2350
RUN,Call,12.00,2026-08-07,0.2800
PLTR,Put,155.00,2026-08-21,4.9750
RIVN,Call,15.50,2026-08-07,0.3100
MU,Call,"1,040.00",2026-08-07,1.6000
GOOGL,Put,355.00,2026-08-14,4.6500
RCAT,Call,7.00,2026-10-16,2.4550
YSS,Put,10.00,2026-08-21,0.3500
COIN,Put,140.00,2026-08-28,5.8500
UEC,Put,10.00,2026-08-14,0.1650
SHAK,Call,80.00,2026-08-07,0.2500
APTV,Call,47.50,2026-08-21,1.7000
OXY,Put,60.00,2027-03-19,9.4750
EQNR,Put,35.00,2026-08-21,0.3500
GOOG,Put,310.00,2026-08-28,0.7000
ZTS,Put,65.00,2026-08-21,1.0000
NBIS,Put,165.00,2026-08-07,0.2400
AMD,Call,700.00,2026-09-18,4.4500
VTRS,Put,17.00,2026-08-21,0.3250
CRWV,Put,85.00,2026-08-07,1.1750
TSLA,Call,350.00,2026-08-07,0.1650
SPCX,Put,20.00,2027-01-15,0.1250
APP,Call,420.00,2026-08-07,23.6000
TMC,Call,4.50,2026-08-21,0.1750
CHTR,Call,160.00,2026-08-21,4.9500
ADM,Call,87.50,2026-08-21,0.1250
CRCL,Call,68.00,2026-08-07,0.7650
RIOT,Call,21.00,2026-08-07,1.1750
PENN,Call,21.00,2026-08-21,0.8000
TSLA,Call,320.00,2026-08-14,9.6750
NVDA,Put,205.00,2026-09-04,4.8000
SPCX,Call,250.00,2026-10-16,0.8000
BKNG,Call,220.00,2026-08-21,2.1000
KHC,Put,26.00,2026-08-07,0.3900
PRME,Put,5.00,2027-01-15,2.6500
RDDT,Call,175.00,2026-08-07,0.1150
RZLV,Call,3.00,2026-09-18,0.2750
DIS,Call,120.00,2027-03-19,3.7250
XOM,Put,150.00,2026-08-07,0.8500
SPCX,Call,105.00,2026-08-07,6.6500
MU,Call,950.00,2026-08-07,10.7500
ASTS,Call,120.00,2026-09-18,1.4050
SNDK,Put,"1,000.00",2026-08-07,2.3750
VZ,Call,49.00,2026-09-18,0.7150
OKTA,Call,155.00,2026-08-07,0.5450
ANET,Put,185.00,2026-08-07,0.9450
BAX,Call,30.00,2026-11-20,2.2250
HIMS,Call,44.00,2026-08-14,0.2900
AMD,Put,460.00,2026-11-20,57.1250
MP,Call,65.00,2026-12-18,4.0750
MSFT,Put,482.50,2026-08-07,3.2750
XEL,Put,65.00,2027-03-19,2.2500
SPCX,Put,116.00,2026-08-21,13.7500
CIFR,Call,22.50,2026-08-21,0.8450
MSFT,Put,495.00,2026-08-17,13.6250
NVDA,Call,217.50,2026-08-12,5.5750
AAPL,Call,315.00,2026-08-12,2.8400
GOOG,Put,350.00,2026-08-14,3.8000
TSLA,Call,350.00,2026-08-12,0.9700
HAL,Put,32.00,2026-08-07,0.4100
HPE,Call,65.00,2026-09-04,1.9350
META,Call,622.50,2026-08-07,0.9350
BA,Call,247.50,2026-08-07,0.5000
W,Call,120.00,2026-08-21,2.0950
RKT,Put,12.00,2026-10-16,0.6900
MU,Call,895.00,2026-08-07,30.0500
QBTS,Call,23.50,2026-08-07,0.3800
HONA,Call,230.00,2026-09-18,6.0000
HPQ,Call,30.00,2026-08-07,0.1150
AVGO,Call,422.50,2026-08-07,4.9500
INTC,Put,91.00,2026-08-07,0.2750
T,Put,21.50,2026-08-21,0.0850
MSFT,Put,500.00,2028-01-21,73.4500
EOG,Put,130.00,2026-09-18,3.7500
BX,Put,123.00,2026-08-21,0.4750
ONDS,Call,4.00,2028-01-21,5.9000
